Date,Time,"Virtual Memory Committed [MB]","Virtual Memory Available [MB]","Virtual Memory Load [%]","Physical Memory Used [MB]","Physical Memory Available [MB]","Physical Memory Load [%]","Page File Usage [%]","Page File Total [MB]","Page File Used [MB]","Core VIDs (avg) [V]","Core 0 VID [V]","Core 1 VID [V]","Core 2 VID [V]","Core 3 VID [V]","Core 4 VID [V]","Core 5 VID [V]","Core 6 VID [V]","Core 7 VID [V]","Core 8 VID [V]","Core 9 VID [V]","Core 10 VID [V]","Core 11 VID [V]","Core 12 VID [V]","Core 13 VID [V]","Core 14 VID [V]","Core 15 VID [V]","Core Clocks (avg) [MHz]","Core 0 Clock (perf #1/2) [MHz]","Core 1 Clock (perf #1/1) [MHz]","Core 2 Clock (perf #7/8) [MHz]","Core 3 Clock (perf #3/4) [MHz]","Core 4 Clock (perf #6/7) [MHz]","Core 5 Clock (perf #5/6) [MHz]","Core 6 Clock (perf #4/5) [MHz]","Core 7 Clock (perf #2/3) [MHz]","Core 8 Clock (perf #11/12) [MHz]","Core 9 Clock (perf #12/13) [MHz]","Core 10 Clock (perf #14/15) [MHz]","Core 11 Clock (perf #10/11) [MHz]","Core 12 Clock (perf #15/16) [MHz]","Core 13 Clock (perf #13/14) [MHz]","Core 14 Clock (perf #8/9) [MHz]","Core 15 Clock (perf #9/10) [MHz]","Bus Clock [MHz]","Core Effective Clocks (avg) [MHz]","Core 0 T0 Effective Clock [MHz]","Core 0 T1 Effective Clock [MHz]","Core 1 T0 Effective Clock [MHz]","Core 1 T1 Effective Clock [MHz]","Core 2 T0 Effective Clock [MHz]","Core 2 T1 Effective Clock [MHz]","Core 3 T0 Effective Clock [MHz]","Core 3 T1 Effective Clock [MHz]","Core 4 T0 Effective Clock [MHz]","Core 4 T1 Effective Clock [MHz]","Core 5 T0 Effective Clock [MHz]","Core 5 T1 Effective Clock [MHz]","Core 6 T0 Effective Clock [MHz]","Core 6 T1 Effective Clock [MHz]","Core 7 T0 Effective Clock [MHz]","Core 7 T1 Effective Clock [MHz]","Core 8 T0 Effective Clock [MHz]","Core 8 T1 Effective Clock [MHz]","Core 9 T0 Effective Clock [MHz]","Core 9 T1 Effective Clock [MHz]","Core 10 T0 Effective Clock [MHz]","Core 10 T1 Effective Clock [MHz]","Core 11 T0 Effective Clock [MHz]","Core 11 T1 Effective Clock [MHz]","Core 12 T0 Effective Clock [MHz]","Core 12 T1 Effective Clock [MHz]","Core 13 T0 Effective Clock [MHz]","Core 13 T1 Effective Clock [MHz]","Core 14 T0 Effective Clock [MHz]","Core 14 T1 Effective Clock [MHz]","Core 15 T0 Effective Clock [MHz]","Core 15 T1 Effective Clock [MHz]","Average Effective Clock [MHz]","Core Usage (avg) [%]","Core 0 T0 Usage [%]","Core 0 T1 Usage [%]","Core 1 T0 Usage [%]","Core 1 T1 Usage [%]","Core 2 T0 Usage [%]","Core 2 T1 Usage [%]","Core 3 T0 Usage [%]","Core 3 T1 Usage [%]","Core 4 T0 Usage [%]","Core 4 T1 Usage [%]","Core 5 T0 Usage [%]","Core 5 T1 Usage [%]","Core 6 T0 Usage [%]","Core 6 T1 Usage [%]","Core 7 T0 Usage [%]","Core 7 T1 Usage [%]","Core 8 T0 Usage [%]","Core 8 T1 Usage [%]","Core 9 T0 Usage [%]","Core 9 T1 Usage [%]","Core 10 T0 Usage [%]","Core 10 T1 Usage [%]","Core 11 T0 Usage [%]","Core 11 T1 Usage [%]","Core 12 T0 Usage [%]","Core 12 T1 Usage [%]","Core 13 T0 Usage [%]","Core 13 T1 Usage [%]","Core 14 T0 Usage [%]","Core 14 T1 Usage [%]","Core 15 T0 Usage [%]","Core 15 T1 Usage [%]","Max CPU/Thread Usage [%]","Total CPU Usage [%]","Core Utility (avg) [%]","Core 0 T0 Utility [%]","Core 0 T1 Utility [%]","Core 1 T0 Utility [%]","Core 1 T1 Utility [%]","Core 2 T0 Utility [%]","Core 2 T1 Utility [%]","Core 3 T0 Utility [%]","Core 3 T1 Utility [%]","Core 4 T0 Utility [%]","Core 4 T1 Utility [%]","Core 5 T0 Utility [%]","Core 5 T1 Utility [%]","Core 6 T0 Utility [%]","Core 6 T1 Utility [%]","Core 7 T0 Utility [%]","Core 7 T1 Utility [%]","Core 8 T0 Utility [%]","Core 8 T1 Utility [%]","Core 9 T0 Utility [%]","Core 9 T1 Utility [%]","Core 10 T0 Utility [%]","Core 10 T1 Utility [%]","Core 11 T0 Utility [%]","Core 11 T1 Utility [%]","Core 12 T0 Utility [%]","Core 12 T1 Utility [%]","Core 13 T0 Utility [%]","Core 13 T1 Utility [%]","Core 14 T0 Utility [%]","Core 14 T1 Utility [%]","Core 15 T0 Utility [%]","Core 15 T1 Utility [%]","Total CPU Utility [%]","Core Ratios (avg) [x]","Core 0 Ratio [x]","Core 1 Ratio [x]","Core 2 Ratio [x]","Core 3 Ratio [x]","Core 4 Ratio [x]","Core 5 Ratio [x]","Core 6 Ratio [x]","Core 7 Ratio [x]","Core 8 Ratio [x]","Core 9 Ratio [x]","Core 10 Ratio [x]","Core 11 Ratio [x]","Core 12 Ratio [x]","Core 13 Ratio [x]","Core 14 Ratio [x]","Core 15 Ratio [x]","Package C6 Residency [%]","Core C0 Residency (avg) [%]","Core 0 C0 Residency [%]","Core 1 C0 Residency [%]","Core 2 C0 Residency [%]","Core 3 C0 Residency [%]","Core 4 C0 Residency [%]","Core 5 C0 Residency [%]","Core 6 C0 Residency [%]","Core 7 C0 Residency [%]","Core 8 C0 Residency [%]","Core 9 C0 Residency [%]","Core 10 C0 Residency [%]","Core 11 C0 Residency [%]","Core 12 C0 Residency [%]","Core 13 C0 Residency [%]","Core 14 C0 Residency [%]","Core 15 C0 Residency [%]","Core C1 Residency (avg) [%]","Core 0 C1 Residency [%]","Core 1 C1 Residency [%]","Core 2 C1 Residency [%]","Core 3 C1 Residency [%]","Core 4 C1 Residency [%]","Core 5 C1 Residency [%]","Core 6 C1 Residency [%]","Core 7 C1 Residency [%]","Core 8 C1 Residency [%]","Core 9 C1 Residency [%]","Core 10 C1 Residency [%]","Core 11 C1 Residency [%]","Core 12 C1 Residency [%]","Core 13 C1 Residency [%]","Core 14 C1 Residency [%]","Core 15 C1 Residency [%]","Core C6 Residency (avg) [%]","Core 0 C6 Residency [%]","Core 1 C6 Residency [%]","Core 2 C6 Residency [%]","Core 3 C6 Residency [%]","Core 4 C6 Residency [%]","Core 5 C6 Residency [%]","Core 6 C6 Residency [%]","Core 7 C6 Residency [%]","Core 8 C6 Residency [%]","Core 9 C6 Residency [%]","Core 10 C6 Residency [%]","Core 11 C6 Residency [%]","Core 12 C6 Residency [%]","Core 13 C6 Residency [%]","Core 14 C6 Residency [%]","Core 15 C6 Residency [%]","Memory Clock [MHz]","Memory Clock Ratio [x]","Tcas [T]","Trcd [T]","Trp [T]","Tras [T]","Trc [T]","Trfc [T]","Command Rate [T]","CPU (Tctl/Tdie) [°C]","CPU Die (average) [°C]","CPU CCD1 (Tdie) [°C]","CPU CCD2 (Tdie) [°C]","Core Temperatures (avg) [°C]","Core0 (CCD1) [°C]","Core1 (CCD1) [°C]","Core2 (CCD1) [°C]","Core3 (CCD1) [°C]","Core4 (CCD1) [°C]","Core5 (CCD1) [°C]","Core6 (CCD1) [°C]","Core7 (CCD1) [°C]","Core8 (CCD2) [°C]","Core9 (CCD2) [°C]","Core10 (CCD2) [°C]","Core11 (CCD2) [°C]","Core12 (CCD2) [°C]","Core13 (CCD2) [°C]","Core14 (CCD2) [°C]","Core15 (CCD2) [°C]","L3 Temperatures (avg) [°C]","L3 Cache (CCD1) [°C]","L3 Cache (CCD2) [°C]","CPU IOD Hotspot [°C]","CPU IOD Average [°C]","CPU VDDCR_VDD VRM (SVI3 TFN) [°C]","CPU VDDCR_SOC VRM (SVI3 TFN) [°C]","CPU VDD_MISC VRM (SVI3 TFN) [°C]","CPU VDDCR_VDD Voltage (SVI3 TFN) [V]","CPU VDDCR_SOC Voltage (SVI3 TFN) [V]","CPU VDD_MISC Voltage (SVI3 TFN) [V]","CPU Core Current (SVI3 TFN) [A]","SoC Current (SVI3 TFN) [A]","CPU TDC [A]","CPU EDC [A]","MISC Current (SVI3 TFN) [A]","CPU Package Power [W]","Core Powers (avg) [W]","Core 0 Power [W]","Core 1 Power [W]","Core 2 Power [W]","Core 3 Power [W]","Core 4 Power [W]","Core 5 Power [W]","Core 6 Power [W]","Core 7 Power [W]","Core 8 Power [W]","Core 9 Power [W]","Core 10 Power [W]","Core 11 Power [W]","Core 12 Power [W]","Core 13 Power [W]","Core 14 Power [W]","Core 15 Power [W]","CPU Core Power (SVI3 TFN) [W]","CPU SoC Power (SVI3 TFN) [W]","Core+SoC+MISC Power (SVI3 TFN) [W]","Infinity Fabric Clock (FCLK) [MHz]","Memory Controller Clock (UCLK) [MHz]","L3 Clocks (avg) [MHz]","L3 Cache (CCD1) [MHz]","L3 Cache (CCD2) [MHz]","Frequency Limit - Global [MHz]","CPU TDC Limit [%]","CPU EDC Limit [%]","CPU PPT FAST Limit [%]","CPU PPT SLOW Limit [%]","APU STAPM Limit [%]","Thermal Limit [%]","Thermal Throttling (HTC) [Yes/No]","Thermal Throttling (PROCHOT CPU) [Yes/No]","Thermal Throttling (PROCHOT EXT) [Yes/No]","DRAM Read Bandwidth [GB/s]","DRAM Write Bandwidth [GB/s]","Average Active Core Count []","CPU [RPM]","GPU [RPM]","SPD Hub Temperature [°C]","VDD (SWA) Voltage [V]","VDDQ (SWB) Voltage [V]","VPP (SWC) Voltage [V]","1.8V VOUT Voltage [V]","1.0V VOUT Voltage [V]","VIN Voltage [V]","PMIC High Temperature [Yes/No]","PMIC Over Voltage [Yes/No]","PMIC Under Voltage [Yes/No]","SPD Hub Temperature [°C]","VDD (SWA) Voltage [V]","VDDQ (SWB) Voltage [V]","VPP (SWC) Voltage [V]","1.8V VOUT Voltage [V]","1.0V VOUT Voltage [V]","VIN Voltage [V]","Total Power [W]","PMIC High Temperature [Yes/No]","PMIC Over Voltage [Yes/No]","PMIC Under Voltage [Yes/No]","Drive Temperature [°C]","Drive Temperature 2 [°C]","Drive Remaining Life [%]","Drive Available Spare [%]","Drive Failure [Yes/No]","Drive Warning [Yes/No]","Total Host Writes [GB]","Total Host Reads [GB]","Read Activity [%]","Write Activity [%]","Total Activity [%]","Read Rate [MB/s]","Write Rate [MB/s]","Read Total [MB]","Write Total [MB]","GPU Temperature [°C]","GPU Core Voltage (VDDCR_GFX) [V]","GPU Core Power (VDDCR_GFX) [W]","GPU Clock [MHz]","GPU Memory Clock [MHz]","GPU SoC Clock [MHz]","GPU VCN Clock [MHz]","GPU Utilization [%]","GPU D3D Usage [%]","GPU D3D Utilizations (avg) [%]","GPU Video Decode 0 Usage [%]","GPU Video Decode 1 Usage [%]","GPU Computing (Compute 0) Usage [%]","GPU Computing (Compute 1) Usage [%]","GPU Computing (High Priority Compute) Usage [%]","GPU D3D Memory Dedicated [MB]","GPU D3D Memory Dynamic [MB]","PCIe Link Speed [GT/s]","GPU Memory Usage [MB]","Throttle Reason - Power [Yes/No]","Throttle Reason - Thermal [Yes/No]","Throttle Reason - Current [Yes/No]","GPU Temperature [°C]","GPU Memory Junction Temperature [°C]","GPU Thermal Limit [°C]","GPU Core Voltage [V]","GPU Rail Voltages (avg) [V]","GPU FBVDD Input Voltage [V]","GPU 12VHPWR Voltage [V]","GPU Power [W]","GPU Rail Powers (avg) [W]","GPU FBVDD Input Power [W]","GPU Core (NVVDD) Input Power (sum) [W]","GPU Misc0 Input Power (sum) [W]","GPU 12VHPWR Power [W]","GPU PCIe +3.3V Input Power (est) [W]","GPU Core (NVVDD) Output Power [W]","GPU Core (NVVDD) Output Power [W]","GPU Power Limit (rated) [W]","GPU Power Limit (max) [W]","GPU Clock [MHz]","GPU Memory Clock [MHz]","GPU Video Clock [MHz]","GPU Effective Clock [MHz]","GPU Crossbar Clock [MHz]","GPU Core Load [%]","GPU Memory Controller Load [%]","GPU Video Engine Load [%]","GPU Bus Load [%]","GPU Memory Usage [%]","GPU D3D Usages (avg) [%]","GPU D3D Usage [%]","GPU Video Decode 0 Usage [%]","GPU Video Encode 0 Usage [%]","GPU VR Usage [%]","GPU Performance Limiters (avg) [Yes/No]","Performance Limit - Power [Yes/No]","Performance Limit - Thermal [Yes/No]","Performance Limit - Reliability Voltage [Yes/No]","Performance Limit - Max Operating Voltage [Yes/No]","Performance Limit - Utilization [Yes/No]","Performance Limit - SLI GPUBoost Sync [Yes/No]","PCI Express Error Counters (avg) []","Receiver Errors []","Replay Count []","Replay Rollover Count []","Bad DLLP Count []","Bad TLP Count []","LCRC Error Count []","NAKs Sent Count []","NAKs Received Count []","Recovery Count []","Correctable Error Count []","Non-Fatal Error Count []","Fatal Error Count []","Unsupported Request Count []","PCIe Lane 0 Errors []","PCIe Lane 1 Errors []","PCIe Lane 2 Errors []","PCIe Lane 3 Errors []","PCIe Lane 4 Errors []","PCIe Lane 5 Errors []","PCIe Lane 6 Errors []","PCIe Lane 7 Errors []","PCIe Lane 8 Errors []","PCIe Lane 9 Errors []","PCIe Lane 10 Errors []","PCIe Lane 11 Errors []","PCIe Lane 12 Errors []","PCIe Lane 13 Errors []","PCIe Lane 14 Errors []","PCIe Lane 15 Errors []","GPU Memory Available [MB]","GPU Memory Allocated [MB]","GPU D3D Memory Dedicated [MB]","GPU D3D Memory Dynamic [MB]","PCIe Link Speed [GT/s]","Battery Voltage [V]","Remaining Capacity [Wh]","Charge Level [%]","Charge Rate [W]","Wear Level [%]","Framerate Presented (avg) [FPS]","Framerate Presented (99%) [FPS]","Framerate Presented (1%) [FPS]","Framerate Presented (0.1%) [FPS]","Framerate Presented (1% low) [FPS]","Framerate Presented (0.1% low) [FPS]","Framerate Displayed (avg) [FPS]","Framerate Displayed (99%) [FPS]","Framerate Displayed (1%) [FPS]","Framerate Displayed (0.1%) [FPS]","Framerate Displayed (1% low) [FPS]","Framerate Displayed (0.1% low) [FPS]","Frame Time Presented (avg) [ms]","Frame Time Presented (99%) [ms]","Frame Time Presented (1%) [ms]","Frame Time Presented (0.1%) [ms]","Frame Time Displayed (1% high) [ms]","Frame Time Displayed (0.1% high) [ms]","GPU Busy (avg) [ms]","GPU Wait (avg) [ms]","CPU Busy (avg) [ms]","CPU Wait (avg) [ms]","Animation Error (avg) [ms]","Total DL [MB]","Total UP [MB]","Current DL rate [KB/s]","Current UP rate [KB/s]","Total DL [MB]","Total UP [MB]","Current DL rate [KB/s]","Current UP rate [KB/s]","Total Errors []",
9.6.2026,12:23:4.222,8216,32455,20.2,6731,25235,21.0,0.0,8704,2,1.192,0.585,1.225,1.225,1.225,1.225,1.225,1.225,1.225,1.225,1.240,1.240,1.240,1.240,1.240,1.240,1.240,2376.6,2379.0,2373.5,2373.5,2373.5,2373.5,2373.5,2373.5,2373.5,2379.0,2379.0,2379.0,2379.0,2379.0,2379.0,2379.0,2379.0,99.8,60.7,464.7,334.0,98.5,213.9,5.2,8.8,13.3,30.3,4.7,5.4,6.5,6.3,6.2,15.8,36.1,45.2,6.2,30.1,2.3,2.3,1.7,3.2,2.0,1.5,42.2,538.2,1.6,1.5,4.4,3.0,3.6,3.8,60.7,1.5,2.8,7.8,2.0,5.4,0.0,0.8,0.0,0.0,0.0,0.0,0.0,0.0,0.0,0.0,0.0,1.6,2.3,2.7,0.0,0.0,2.2,0.0,2.2,2.2,0.0,8.9,2.2,0.0,0.0,2.9,0.0,2.2,8.9,1.5,2.0,5.4,13.1,3.9,8.3,0.2,0.3,0.5,1.1,0.2,0.2,0.2,0.2,0.2,0.6,1.4,1.7,0.2,1.2,0.1,0.1,0.1,0.1,0.1,0.0,1.6,22.5,0.1,0.0,0.2,0.1,0.1,0.1,2.0,23.8,23.8,23.8,23.8,23.8,23.8,23.8,23.8,23.8,23.8,23.8,23.8,23.8,23.8,23.8,23.8,23.8,7.1,2.5,12.4,8.2,0.5,1.3,0.4,0.4,0.7,2.5,0.8,0.1,0.1,0.1,11.6,0.1,0.2,0.3,8.2,67.5,29.7,0.6,4.1,1.3,1.0,2.5,11.7,0.9,0.2,0.3,0.2,9.4,0.1,0.8,0.3,89.4,20.2,62.1,98.9,94.6,98.4,98.6,96.8,85.8,98.3,99.6,99.6,99.7,79.0,99.8,99.0,99.4,1597.1,16.00,26,26,26,52,77,471,1,72.9,60.7,59.5,49.5,49.0,51.0,49.5,49.2,48.8,49.3,48.6,49.5,48.9,48.0,47.9,48.5,48.0,51.1,48.3,48.9,48.5,49.3,49.6,49.0,58.5,54.3,57.9,62.0,59.0,0.907,0.938,1.096,6.041,7.812,6.068,39.000,6.013,25.460,0.194,0.909,0.539,0.036,0.084,0.041,0.037,0.055,0.179,0.055,0.029,0.031,0.028,0.982,0.028,0.036,0.031,6.560,7.601,20.755,1644.1,1949.7,2789.8,3066.2,2513.5,5346.1,5.6,24.4,24.6,33.1,38.2,71.5,No,No,No,0.375,0.169,0.4,2400,2400,40.0,1.110,1.125,1.815,1.800,1.020,5.040,No,No,No,45.8,1.110,1.125,1.800,1.800,1.020,5.040,0.125,No,No,No,34,34,100.0,100.0,No,No,2627,2056,0.0,0.1,0.1,0.000,0.020,26545,11944,56.9,0.720,8.000,600.0,2600.0,1200.0,100.0,0.0,0.0,0.0,0.0,0.0,0.0,0.0,0.0,0,0,16.0,145,No,No,No,49.4,54.0,83.0,0.715,20.257,20.253,20.262,12.522,5.314,2.410,3.695,7.025,6.099,4.600,6.373,6.993,55.000,115.000,1710.0,1500.1,1567.0,1650.5,1612.0,2.0,1.0,0.0,8.0,14.8,0.3,1.3,0.0,0.0,0.0,Yes,No,No,No,No,Yes,No,0,0,0,0,0,0,0,0,0,0,0,0,0,0,0,0,0,0,0,0,0,0,0,0,0,0,0,0,0,0,6943,1208,958,80,32.0,17.594,90.576,100.0,0.000,0.0,17.5,100.2,14.6,14.6,14.6,14.6,17.5,96.2,15.0,15.0,15.0,15.0,57.12,68.30,9.98,6.13,68.32,68.32,0.35,56.77,57.12,0.00,13.12,0,0,0.0,0.0,1355,21,0.7,0.2,0,
9.6.2026,12:23:6.215,8224,32446,20.2,6755,25211,21.1,0.0,8704,2,1.244,1.250,1.250,1.250,1.250,1.250,1.240,1.240,1.240,1.240,1.240,1.240,1.240,1.240,1.245,1.245,1.245,2562.0,2379.0,2373.5,2373.5,2373.5,2373.5,2373.5,2373.5,5340.4,2379.0,2379.0,2379.0,2379.0,2379.0,2379.0,2379.0,2379.0,99.8,88.0,709.0,524.1,181.3,442.3,16.9,21.8,56.2,102.7,22.2,38.3,20.5,40.5,64.4,54.9,68.0,137.8,5.9,4.8,7.4,2.9,7.4,3.7,2.7,1.9,102.3,156.5,1.4,1.0,5.0,5.8,2.4,5.2,88.0,2.2,4.9,10.9,4.1,9.7,5.3,0.0,1.6,1.8,0.0,4.2,1.7,5.7,0.0,2.3,2.7,2.7,0.7,0.0,1.4,1.3,0.7,0.6,0.0,0.6,2.6,3.7,0.0,0.5,0.6,0.0,0.0,0.6,10.9,2.2,2.9,10.1,20.8,7.2,17.6,0.7,0.8,2.2,4.0,0.9,1.5,0.8,1.6,2.6,2.1,2.6,5.4,0.2,0.2,0.3,0.1,0.3,0.1,0.1,0.1,4.1,6.4,0.0,0.0,0.2,0.2,0.1,0.2,2.9,25.7,23.8,23.8,23.8,23.8,23.8,23.8,23.8,53.5,23.8,23.8,23.8,23.8,23.8,23.8,23.8,23.8,12.2,3.3,17.0,14.9,0.9,3.3,1.2,1.5,2.5,5.0,0.3,0.3,0.3,0.2,4.9,0.1,0.3,0.2,10.7,58.4,43.0,4.3,9.7,4.5,6.1,7.4,20.8,0.4,0.6,0.7,0.1,12.2,0.1,1.8,0.9,86.0,24.8,42.2,94.8,87.1,94.3,92.4,90.1,74.2,99.3,99.1,99.0,99.7,82.9,99.8,97.8,98.8,1597.1,16.00,26,26,26,52,77,471,1,70.0,59.9,59.5,50.0,49.1,52.1,50.5,49.7,49.3,49.9,48.9,50.1,49.4,47.6,47.8,47.9,47.9,48.9,48.2,48.4,48.4,49.3,49.8,48.8,58.5,54.7,57.6,61.8,59.0,0.920,1.003,1.096,7.261,8.803,7.254,59.000,5.924,28.308,0.310,1.370,1.194,0.128,0.355,0.166,0.186,0.288,0.528,0.032,0.034,0.045,0.030,0.472,0.028,0.056,0.042,8.107,9.176,23.778,1677.9,2202.9,2696.4,3177.2,2215.7,5346.8,6.7,36.9,27.8,31.0,38.2,70.5,No,No,No,0.510,0.148,0.5,2400,2400,40.0,1.110,1.125,1.815,1.800,1.020,5.040,No,No,No,45.8,1.110,1.125,1.815,1.800,1.020,5.040,0.125,No,No,No,34,34,100.0,100.0,No,No,2627,2056,0.1,0.2,0.3,0.172,0.137,26545,11945,57.0,0.720,12.000,600.0,2600.0,400.0,100.0,0.0,0.0,0.0,0.0,0.0,0.0,0.0,0.0,0,0,16.0,145,No,No,No,49.6,54.0,83.0,0.730,20.251,20.246,20.256,12.686,5.994,3.887,7.047,8.494,10.938,4.600,0.000,6.990,55.000,115.000,1792.0,1500.1,1627.0,1618.4,1680.0,10.0,4.0,0.0,19.0,14.8,0.6,2.4,0.0,0.0,0.0,Yes,No,No,No,No,Yes,No,0,0,0,0,0,0,0,0,0,0,0,0,0,0,0,0,0,0,0,0,0,0,0,0,0,0,0,0,0,0,6944,1207,957,80,32.0,17.594,90.576,100.0,0.000,0.0,61.9,265.0,5.8,5.2,5.1,5.1,61.9,166.0,5.8,5.2,5.2,5.2,16.17,171.79,3.77,2.42,194.74,194.74,0.34,15.83,16.17,0.00,18.03,0,0,0.0,0.0,1355,21,0.3,0.2,0,
9.6.2026,12:23:8.222,8225,32446,20.2,6753,25213,21.1,0.0,8704,2,1.221,1.225,1.230,1.230,1.230,1.230,1.215,1.215,1.215,1.215,1.215,1.215,1.215,1.215,1.225,1.225,1.225,2500.6,5340.4,2373.5,2373.5,2373.5,2373.5,2373.5,2373.5,2373.5,2379.0,2379.0,2379.0,2379.0,2379.0,2053.4,2053.4,2053.4,99.8,68.9,726.5,532.2,232.7,371.3,5.4,4.3,28.2,40.6,5.9,6.2,7.6,8.8,15.2,11.0,56.3,66.2,6.5,7.0,2.1,1.4,1.5,1.2,2.2,1.3,24.0,22.6,1.3,0.9,3.3,4.3,2.3,3.9,68.9,2.2,4.8,12.0,4.6,8.7,0.0,1.2,2.5,2.8,2.7,1.2,0.0,0.0,5.0,1.3,1.7,2.8,0.0,1.2,3.3,1.1,0.0,0.0,3.3,0.0,0.0,0.1,3.3,0.0,0.0,3.4,2.6,0.0,12.0,2.2,2.1,8.7,20.8,8.9,14.6,0.2,0.2,1.1,1.5,0.2,0.2,0.3,0.3,0.6,0.4,2.1,2.5,0.3,0.3,0.1,0.0,0.1,0.0,0.1,0.0,0.9,0.8,0.0,0.0,0.1,0.2,0.1,0.2,2.1,25.1,53.5,23.8,23.8,23.8,23.8,23.8,23.8,23.8,23.8,23.8,23.8,23.8,23.8,20.6,20.6,20.6,11.8,2.7,17.9,14.6,0.3,2.2,0.4,0.5,0.8,4.0,0.4,0.1,0.1,0.1,1.2,0.1,0.3,0.2,11.0,58.4,55.1,0.6,12.8,0.7,0.8,2.6,39.8,0.6,0.2,0.1,0.5,3.5,0.1,0.7,0.2,86.3,23.8,30.4,99.0,85.1,98.9,98.7,96.6,56.3,99.0,99.7,99.8,99.3,95.3,99.9,99.0,99.6,2595.3,26.00,42,42,42,84,125,766,1,67.2,59.0,60.5,52.4,48.8,51.6,50.1,49.2,48.9,49.3,48.6,49.4,49.3,47.6,47.8,47.7,47.9,47.9,48.2,48.3,48.4,49.3,49.7,48.9,59.8,55.6,57.7,61.9,59.0,0.958,0.959,1.096,6.391,8.056,6.386,27.000,5.900,25.744,0.242,1.380,1.288,0.038,0.168,0.037,0.039,0.060,0.557,0.038,0.030,0.029,0.034,0.071,0.029,0.036,0.031,6.991,8.069,21.527,1655.4,2034.7,2797.1,3507.7,2086.5,5349.8,5.9,16.9,25.3,30.1,38.2,69.4,No,No,No,0.285,0.087,0.4,2400,2400,40.0,1.110,1.125,1.815,1.800,1.020,5.040,No,No,No,45.8,1.110,1.125,1.815,1.800,0.990,5.040,0.125,No,No,No,34,34,100.0,100.0,No,No,2627,2056,0.0,0.0,0.0,0.000,0.014,26545,11945,56.8,0.720,1.000,600.0,1600.0,400.0,100.0,0.0,0.0,0.0,0.0,0.0,0.0,0.0,0.0,0,0,16.0,145,No,No,No,49.2,54.0,83.0,0.695,20.278,20.275,20.282,11.003,5.231,2.291,3.692,6.909,5.983,4.600,6.213,6.929,55.000,115.000,1545.0,1500.1,1455.0,1543.3,1492.0,0.0,0.0,0.0,2.0,14.8,0.8,3.1,0.0,0.0,0.0,Yes,No,No,No,No,Yes,No,0,0,0,0,0,0,0,0,0,0,0,0,0,0,0,0,0,0,0,0,0,0,0,0,0,0,0,0,0,0,6944,1207,957,80,32.0,17.593,90.576,100.0,0.000,0.0,128.7,394.5,13.6,11.1,11.6,10.9,126.2,166.4,13.6,12.7,12.7,12.7,7.81,73.52,3.73,2.56,84.23,87.19,0.60,7.20,3.07,4.74,2.37,0,0,0.0,0.0,1355,21,1.0,0.4,0,
9.6.2026,12:23:10.230,8275,32395,20.3,6765,25202,21.1,0.0,8704,2,1.101,0.650,0.650,0.650,1.205,1.205,1.205,1.205,1.205,1.205,1.205,1.205,1.205,1.205,1.205,1.205,1.205,2560.7,2379.0,5340.4,2373.5,2373.5,2373.5,2373.5,2373.5,2373.5,2379.0,2379.0,2379.0,2379.0,2373.5,2373.5,2373.5,2373.5,99.8,65.7,603.5,319.1,318.9,285.4,4.4,9.9,23.9,30.2,6.7,8.4,12.2,8.1,32.4,23.7,113.9,61.9,9.1,3.9,3.8,1.5,2.2,1.6,2.8,3.0,93.7,92.2,1.4,1.0,5.4,3.3,8.2,6.9,65.7,1.6,6.3,6.0,6.0,6.1,0.7,0.1,0.0,0.0,0.8,0.0,1.7,0.8,0.6,0.3,2.3,1.3,0.1,1.5,0.7,2.9,0.0,0.7,0.7,0.0,4.2,3.5,0.7,0.0,0.8,0.0,0.8,0.8,6.3,1.6,2.2,12.5,12.5,12.4,11.2,0.2,0.4,0.9,1.1,0.3,0.3,0.5,0.3,1.3,0.9,4.2,2.3,0.4,0.1,0.1,0.1,0.1,0.1,0.1,0.1,3.7,3.7,0.1,0.0,0.2,0.1,0.3,0.3,2.2,25.7,23.8,53.5,23.8,23.8,23.8,23.8,23.8,23.8,23.8,23.8,23.8,23.8,23.8,23.8,23.8,23.8,6.9,2.8,15.0,14.1,0.4,1.6,0.5,0.6,1.3,5.4,0.4,0.2,0.1,0.2,3.9,0.1,0.3,0.4,13.3,61.2,65.6,0.6,7.4,0.8,1.8,4.8,58.4,0.4,0.5,0.9,0.8,6.7,0.1,1.4,1.6,83.9,23.8,20.3,99.0,91.0,98.8,97.5,93.9,36.2,99.2,99.3,99.0,99.0,89.4,99.8,98.4,98.0,2595.3,26.00,42,42,42,84,125,766,1,65.4,59.2,57.5,52.0,49.0,51.8,50.4,49.4,49.2,49.5,48.9,49.7,49.8,47.8,47.8,48.0,48.0,48.6,48.3,48.5,48.5,49.5,50.0,49.0,60.0,55.8,58.0,61.8,59.0,0.961,0.946,1.096,6.612,7.993,6.619,49.000,6.046,26.194,0.267,1.283,1.250,0.041,0.170,0.040,0.052,0.140,0.678,0.034,0.037,0.040,0.038,0.338,0.029,0.045,0.058,7.271,7.870,21.768,1648.3,1980.9,3005.9,3675.2,2336.6,5348.7,6.1,30.6,25.6,30.0,38.2,69.6,No,No,No,0.303,0.115,0.4,2400,2400,40.0,1.110,1.125,1.815,1.800,1.020,5.040,No,No,No,45.8,1.110,1.125,1.815,1.800,1.020,5.040,0.500,No,No,No,33,33,100.0,100.0,No,No,2627,2056,0.0,0.2,0.2,0.000,0.149,26545,11945,56.9,0.720,60.000,600.0,2600.0,1200.0,100.0,0.0,0.0,0.0,0.0,0.0,0.0,0.0,0.0,0,0,16.0,145,No,No,No,49.9,54.0,83.0,0.730,20.165,20.160,20.170,11.453,6.100,1.996,4.889,6.614,6.898,4.600,7.861,9.840,55.000,115.000,1725.0,1375.1,1575.0,1743.4,1620.0,2.0,2.0,0.0,14.0,15.8,0.6,2.3,0.0,0.0,0.0,Yes,No,No,No,No,Yes,No,0,0,0,0,0,0,0,0,0,0,0,0,0,0,0,0,0,0,0,0,0,0,0,0,0,0,0,0,0,0,6865,1286,1037,112,32.0,17.593,90.576,100.0,0.000,0.0,5.3,1545.5,1.0,1.0,1.0,1.0,5.3,165.4,1.0,1.0,1.0,1.0,189.83,982.24,0.65,0.30,1029.63,1029.63,0.33,189.47,189.83,0.00,273.45,0,0,0.0,0.0,1355,21,0.2,0.2,0,
9.6.2026,12:23:12.230,8947,31724,21.9,7258,24708,22.7,0.0,8704,2,1.215,1.215,1.215,1.215,1.215,1.215,1.215,1.215,1.215,1.215,1.215,1.215,1.215,1.215,1.215,1.215,1.215,2546.3,5315.4,2351.3,2351.3,2351.3,2351.3,2351.3,2351.3,2351.3,2379.0,2379.0,2379.0,2379.0,2362.4,2362.4,2362.4,2362.4,99.8,646.4,4130.7,2736.5,2225.7,1263.6,208.6,190.4,731.0,474.5,244.2,150.0,305.0,337.2,521.5,388.4,1165.9,728.3,79.5,94.9,48.6,38.5,45.5,41.2,61.4,59.4,2501.5,1619.6,27.2,22.5,87.3,77.2,38.8,41.3,646.4,11.7,32.6,48.7,42.7,24.3,4.8,5.2,14.9,13.2,5.8,5.7,6.6,7.5,10.5,8.4,22.6,14.2,2.7,1.6,1.4,1.3,2.2,1.3,1.8,2.6,49.4,30.3,1.1,1.7,2.4,3.7,1.4,1.5,49.4,11.7,23.8,74.0,108.2,95.1,53.6,8.8,7.9,30.0,19.5,10.2,6.1,12.4,13.8,21.2,15.9,48.1,30.0,3.3,4.0,2.0,1.6,1.9,1.7,2.6,2.5,107.3,68.0,1.1,0.9,3.6,3.1,1.5,1.7,23.8,25.5,53.2,23.6,23.6,23.6,23.6,23.6,23.6,23.6,23.8,23.8,23.8,23.8,23.7,23.7,23.7,23.7,0.7,20.5,78.7,68.7,7.8,24.2,8.3,13.0,18.5,36.7,3.0,1.5,1.6,2.3,56.4,1.0,3.7,1.9,25.3,18.6,27.9,25.0,50.7,33.5,45.4,49.5,58.3,7.7,5.7,4.7,8.7,34.0,5.3,18.4,11.0,54.3,2.7,3.5,67.2,25.1,58.2,41.6,32.0,5.0,89.4,92.8,93.7,89.0,9.5,93.7,77.9,87.0,2595.3,26.00,42,42,42,84,125,766,1,81.8,77.1,73.1,54.4,57.6,71.5,67.5,58.3,60.6,57.6,59.0,59.1,62.0,52.0,49.7,54.6,50.2,65.6,50.1,54.3,50.4,53.6,55.3,51.9,60.5,56.6,60.3,62.6,59.5,1.229,1.105,1.096,30.236,11.440,30.203,75.000,6.509,63.700,2.130,7.026,6.002,0.995,2.856,1.205,1.801,2.318,3.997,0.302,0.196,0.212,0.268,5.992,0.158,0.503,0.253,37.792,12.637,57.562,1730.2,2595.3,4848.5,5190.0,4507.1,5318.9,28.0,46.9,62.5,36.9,38.4,90.7,No,No,No,3.033,1.579,3.3,2400,2400,40.0,1.110,1.125,1.815,1.800,1.020,5.040,No,No,No,45.8,1.110,1.125,1.815,1.800,1.020,5.040,0.125,No,No,No,34,34,100.0,100.0,No,No,2627,2056,0.0,4.4,4.4,0.007,7.492,26545,11960,58.7,0.720,15.000,600.0,2600.0,1200.0,100.0,0.0,0.0,0.0,0.0,0.0,0.0,0.0,0.0,0,0,16.0,145,No,No,No,50.2,54.0,83.0,0.695,20.233,20.230,20.236,9.712,5.246,1.578,3.698,6.198,5.282,4.600,6.410,8.958,55.000,115.000,1537.0,1375.1,1447.0,1552.9,1485.0,1.0,0.0,0.0,98.0,17.7,0.1,0.3,0.0,0.0,0.0,Yes,No,No,No,No,Yes,No,0,0,0,0,0,0,0,0,0,0,0,0,0,0,0,0,0,0,0,0,0,0,0,0,0,0,0,0,0,0,6706,1445,1196,117,32.0,17.593,90.576,100.0,0.000,0.0,5.4,36.7,3.0,3.0,3.0,3.0,7.6,17.2,4.9,4.9,4.9,4.9,186.06,329.06,27.10,23.87,331.64,331.64,1.10,1.10,185.66,0.40,136.01,0,0,0.0,0.0,1355,21,0.1,0.2,0,
9.6.2026,12:23:14.224,9755,30915,23.9,7708,24259,24.1,0.0,8704,2,1.193,1.185,1.190,1.190,1.190,1.190,1.190,1.190,1.195,1.195,1.195,1.195,1.195,1.195,1.195,1.195,1.195,3468.5,5340.4,5340.4,2373.5,5340.4,2373.5,5340.4,5340.4,5340.4,2379.0,2379.0,2379.0,2379.0,2379.0,2379.0,2379.0,2053.4,99.8,267.7,2499.7,811.2,395.0,2895.7,56.3,42.0,242.7,133.6,74.4,30.4,91.9,59.3,151.1,80.9,231.9,211.8,52.0,20.2,23.6,7.4,10.6,7.5,19.4,11.3,159.3,118.0,23.5,11.4,18.0,20.0,23.0,33.8,267.7,4.8,31.7,20.0,8.5,52.7,1.1,0.7,5.7,2.5,2.2,0.4,2.5,1.8,3.8,2.5,5.3,5.2,0.9,0.0,0.4,0.0,0.0,0.0,0.0,0.0,3.0,1.0,0.3,0.0,0.2,0.2,0.3,0.5,52.7,4.8,9.8,66.6,41.8,16.5,115.1,2.1,1.5,9.2,4.8,2.8,1.0,3.4,2.1,5.8,3.1,8.5,8.3,2.0,0.7,0.9,0.2,0.4,0.2,0.7,0.4,6.8,5.6,0.9,0.3,0.6,0.6,0.8,1.2,9.8,34.7,53.5,53.5,23.8,53.5,23.8,53.5,53.5,53.5,23.8,23.8,23.8,23.8,23.8,23.8,23.8,20.6,0.0,9.9,49.8,60.5,2.4,8.6,2.6,3.5,5.7,10.9,1.7,1.0,0.7,1.0,6.6,1.0,1.1,1.5,17.1,45.5,39.1,3.6,35.9,5.9,14.7,23.4,69.9,3.3,2.2,2.8,2.8,14.0,3.7,3.6,3.8,73.0,4.7,0.4,94.0,55.5,91.5,81.8,70.9,19.2,95.0,96.8,96.5,96.2,79.4,95.4,95.3,94.7,2595.3,26.00,42,42,42,84,125,766,1,80.2,73.6,64.4,55.8,53.6,63.4,66.9,54.2,55.3,53.5,53.4,54.0,54.4,50.6,49.4,50.5,49.7,51.5,49.9,50.8,50.1,52.6,54.2,51.1,61.0,56.7,60.9,63.0,60.0,1.213,1.105,1.096,16.677,11.329,16.680,53.250,6.471,45.738,0.939,3.915,6.110,0.161,0.909,0.201,0.369,0.579,1.470,0.127,0.079,0.082,0.089,0.592,0.108,0.102,0.129,20.254,12.515,39.862,1730.2,2595.3,4059.6,5343.2,2776.0,5345.1,15.4,33.3,44.7,44.3,38.8,86.6,No,No,No,1.768,1.234,1.6,2400,2400,40.0,1.125,1.125,1.815,1.800,1.020,5.040,No,No,No,45.8,1.125,1.110,1.815,1.800,1.020,5.040,0.875,No,No,No,34,34,100.0,100.0,No,No,2627,2056,0.0,0.4,0.4,0.000,0.931,26545,11962,59.0,0.720,12.000,600.0,2600.0,1200.0,100.0,0.0,0.0,0.0,0.0,0.0,0.0,0.0,0.0,0,0,16.0,145,No,No,No,50.6,54.0,83.0,0.740,20.233,20.218,20.226,11.048,5.246,2.022,4.668,6.632,6.675,4.600,9.457,9.093,55.000,115.000,1770.0,1375.1,1612.0,1712.7,1657.0,13.0,2.0,0.0,100.0,45.9,0.1,5.8,0.0,0.0,0.0,Yes,No,No,No,No,Yes,No,0,0,0,0,0,0,0,0,0,0,0,0,0,0,0,0,0,0,0,0,0,0,0,0,0,0,0,0,0,0,6706,1445,1196,117,32.0,17.592,90.576,100.0,0.000,0.0,5.4,36.7,3.0,3.0,3.0,3.0,7.6,17.2,4.9,4.9,4.9,4.9,186.06,329.06,27.10,23.87,331.64,331.64,1.10,1.10,185.66,0.40,136.01,0,0,0.0,0.0,1355,21,5.5,4.2,0,
9.6.2026,12:23:16.231,12311,28359,30.2,9573,22393,29.9,0.0,8704,2,1.203,1.190,1.180,1.180,1.180,1.220,1.220,1.220,1.220,1.220,1.220,1.220,1.220,1.190,1.190,1.190,1.190,2931.2,5340.4,5340.4,2373.5,5340.4,2373.5,2373.5,2373.5,2373.5,2379.0,2379.0,2379.0,2379.0,2373.5,2373.5,2373.5,2373.5,99.8,306.9,3348.2,1819.5,739.2,1191.8,115.8,149.5,250.9,297.1,36.2,46.7,60.5,91.3,122.9,135.5,295.6,285.8,290.4,37.4,24.9,9.2,18.4,22.1,20.4,23.7,128.2,137.5,9.4,12.2,26.4,25.9,16.2,33.4,306.9,5.4,33.3,34.8,15.0,23.8,3.1,3.0,5.1,7.2,0.6,1.7,1.1,1.8,2.4,2.9,6.4,6.2,5.3,2.8,0.4,0.0,1.8,0.3,0.3,1.2,1.7,4.1,0.0,5.3,0.4,0.4,0.2,0.0,34.8,5.4,10.3,69.4,75.1,30.2,49.0,4.6,6.0,9.7,11.7,1.3,1.7,2.3,3.5,4.6,5.2,11.4,11.2,12.0,1.4,1.0,0.3,0.7,0.9,0.7,0.9,5.1,5.3,0.3,0.4,0.9,0.9,0.5,1.3,10.3,29.4,53.5,53.5,23.8,53.5,23.8,23.8,23.8,23.8,23.8,23.8,23.8,23.8,23.8,23.8,23.8,23.8,0.0,10.7,66.6,39.2,5.8,12.8,2.3,3.9,6.6,14.3,6.1,1.1,1.2,1.4,5.6,0.9,1.5,1.5,22.7,33.4,60.8,5.7,69.1,6.2,15.3,52.9,85.7,6.3,1.9,3.1,2.7,11.4,1.8,3.3,3.0,66.7,0.0,0.0,88.4,18.1,91.5,80.8,40.5,0.0,87.6,96.9,95.7,95.9,83.0,97.4,95.2,95.5,2595.3,26.00,42,42,42,84,125,766,1,76.0,64.2,64.9,54.4,53.1,62.9,57.2,54.7,55.0,53.8,53.4,54.8,55.1,50.9,49.5,50.4,49.7,51.3,49.9,50.7,50.1,52.6,54.1,51.1,60.8,57.0,61.1,63.8,60.0,1.188,1.104,1.096,15.619,11.680,15.629,47.500,6.477,44.796,0.838,4.182,2.869,0.335,1.444,0.157,0.345,0.923,1.762,0.393,0.073,0.109,0.077,0.494,0.059,0.097,0.086,18.661,12.893,38.653,1730.2,2595.3,4100.7,5314.9,2886.4,5349.6,14.5,29.7,43.8,45.8,39.1,75.6,No,No,No,4.952,5.487,1.7,2400,2400,40.0,1.125,1.125,1.815,1.800,1.020,5.040,No,No,No,46.0,1.125,1.125,1.800,1.800,1.020,5.040,0.375,No,No,No,33,33,100.0,100.0,No,No,2627,2056,0.0,0.1,0.1,0.000,0.051,26545,11962,59.3,0.720,23.000,600.0,2600.0,1200.0,100.0,0.0,0.0,0.0,0.0,0.0,0.0,0.0,0.0,0,0,16.0,145,No,No,No,57.5,54.0,83.0,0.760,20.187,20.178,20.196,22.302,23.990,2.603,11.825,7.197,14.440,4.600,29.681,97.581,55.000,115.000,2077.0,1375.1,1837.0,1821.4,1905.0,41.0,8.0,0.0,53.0,56.5,4.9,19.7,0.0,0.0,0.0,Yes,No,No,No,No,Yes,No,0,0,0,0,0,0,0,0,0,0,0,0,0,0,0,0,0,0,0,0,0,0,0,0,0,0,0,0,0,0,3547,4604,4357,168,32.0,17.593,90.576,100.0,0.000,0.0,5.4,36.7,3.0,3.0,3.0,3.0,7.6,17.2,4.9,4.9,4.9,4.9,186.06,329.06,27.10,23.87,331.64,331.64,1.10,1.10,185.66,0.40,136.01,0,0,0.0,0.0,1355,21,0.6,0.4,0,
9.6.2026,12:23:18.232,12668,28003,31.1,9724,22242,30.4,0.0,8704,2,1.188,1.205,1.195,1.195,1.195,1.195,1.195,1.195,1.195,1.180,1.180,1.180,1.180,1.180,1.180,1.180,1.180,2747.1,5340.4,5340.4,2373.5,2373.5,2373.5,2373.5,2373.5,2373.5,2379.0,2379.0,2379.0,2379.0,2379.0,2379.0,2379.0,2379.0,99.8,376.1,3175.1,1366.2,924.3,2274.3,99.4,191.8,344.2,386.3,125.8,209.3,187.3,252.4,304.2,166.1,510.0,461.5,111.5,53.0,52.8,47.1,37.5,39.1,40.1,106.7,60.9,71.1,61.5,32.9,61.4,120.0,47.5,113.4,376.1,6.7,40.4,25.6,17.4,43.4,1.7,3.7,6.8,8.1,2.2,4.2,2.8,5.2,5.8,3.2,10.2,9.5,2.6,0.1,0.8,0.6,0.5,0.5,1.1,1.9,2.5,2.0,0.9,1.1,0.8,3.0,0.7,3.5,43.4,6.7,13.7,85.9,55.7,37.9,94.2,3.6,7.4,13.4,15.3,4.6,8.1,7.1,9.8,11.8,6.1,19.9,18.2,4.3,2.0,2.0,1.6,1.3,1.4,1.2,4.1,2.2,2.6,2.2,1.1,2.0,4.5,1.6,4.2,13.7,27.5,53.5,53.5,23.8,23.8,23.8,23.8,23.8,23.8,23.8,23.8,23.8,23.8,23.8,23.8,23.8,23.8,0.0,13.4,62.7,59.7,6.1,15.6,7.3,9.5,10.0,19.7,3.2,2.2,1.9,3.3,3.3,2.2,4.1,3.7,23.7,37.3,40.2,10.7,68.8,15.1,28.2,47.1,79.8,5.7,6.3,4.5,5.6,11.8,4.7,7.6,6.3,62.9,0.0,0.1,83.3,15.6,77.6,62.2,42.9,0.5,91.1,91.5,93.6,91.2,84.9,93.1,88.3,90.0,2595.3,26.00,42,42,42,84,125,766,1,79.8,73.1,74.1,60.4,55.0,66.2,66.1,56.3,58.0,55.8,56.1,56.4,57.4,51.3,50.3,51.1,50.7,51.5,50.8,51.7,51.0,53.2,54.9,51.5,62.0,57.7,61.3,64.0,60.0,1.196,1.105,1.096,19.564,11.395,19.558,97.250,6.483,48.912,1.202,4.679,5.125,0.511,1.816,0.618,0.904,1.198,2.257,0.265,0.231,0.191,0.279,0.308,0.225,0.327,0.294,23.314,12.587,43.007,1730.2,2595.3,4023.7,5312.9,2734.4,5325.5,18.1,60.8,47.9,47.2,39.3,86.0,No,No,No,2.228,1.341,2.1,2400,2400,40.2,1.125,1.125,1.815,1.800,1.020,5.040,No,No,No,46.0,1.125,1.125,1.815,1.800,1.020,5.040,0.500,No,No,No,34,34,100.0,100.0,No,No,2627,2056,0.0,0.1,0.1,0.000,0.054,26545,11962,59.6,0.720,21.000,600.0,2600.0,1200.0,100.0,0.0,0.0,0.0,0.0,0.0,0.0,0.0,0.0,0,0,16.0,145,No,No,No,60.1,56.0,83.0,0.810,20.091,20.060,20.123,54.895,22.205,7.583,46.072,12.184,53.808,4.600,9.121,22.065,55.000,115.000,2025.0,1500.1,1807.0,2076.5,1875.0,53.0,10.0,0.0,54.0,56.5,15.2,60.8,0.0,0.0,0.0,Yes,No,No,No,No,Yes,No,0,0,0,0,0,0,0,0,0,0,0,0,0,0,0,0,0,0,0,0,0,0,0,0,0,0,0,0,0,0,3546,4605,4358,149,32.0,17.593,90.576,100.0,0.000,0.0,19.6,63.5,9.0,8.8,8.8,8.8,19.6,49.3,8.6,8.4,8.4,8.4,51.02,110.91,20.56,19.90,113.78,113.78,26.75,24.35,49.35,1.67,35.37,0,0,0.0,0.0,1355,21,0.8,0.2,0,
9.6.2026,12:23:20.231,12705,27965,31.2,9877,22089,30.8,0.0,8704,2,1.204,1.215,1.205,1.205,1.205,1.205,1.205,1.205,1.205,1.205,1.205,1.205,1.205,1.205,1.205,1.195,1.195,3077.3,2373.5,5340.4,2373.5,5340.4,2373.5,5340.4,2373.5,5340.4,2379.0,2379.0,2379.0,2379.0,2379.0,2379.0,2053.4,2053.4,99.8,295.5,3735.3,1477.1,2544.0,257.3,33.2,31.3,135.9,102.6,28.7,93.1,42.1,51.1,80.1,84.0,309.1,161.4,23.3,16.3,6.0,7.7,5.3,7.7,11.1,14.7,51.4,43.1,9.5,6.7,20.5,22.4,15.9,27.3,295.5,5.1,45.9,28.5,48.4,5.6,0.3,1.2,2.7,2.7,1.0,1.5,1.3,1.6,2.1,1.4,7.3,3.2,0.1,0.7,0.6,0.6,0.5,0.6,0.6,0.0,0.9,0.7,0.6,0.0,0.9,0.1,0.7,0.2,48.4,5.1,10.3,99.5,61.1,105.8,10.3,1.3,1.1,5.3,3.9,1.0,3.7,1.5,1.9,3.0,3.2,12.2,6.3,0.9,0.6,0.2,0.2,0.2,0.2,0.3,0.5,2.0,1.6,0.3,0.2,0.7,0.8,0.5,1.0,10.3,30.8,23.8,53.5,23.8,53.5,23.8,53.5,23.8,53.5,23.8,23.8,23.8,23.8,23.8,23.8,20.6,20.6,0.0,10.0,72.0,53.8,1.6,5.9,2.7,2.4,3.9,11.0,0.9,0.4,0.4,0.7,2.4,0.4,1.2,1.1,15.4,27.5,41.0,4.6,35.0,7.4,8.7,19.1,71.6,3.4,2.8,2.7,3.4,8.3,2.6,3.9,3.8,74.6,0.5,5.2,93.8,59.1,89.9,88.9,77.0,17.4,95.7,96.8,96.9,95.9,89.2,96.9,94.9,95.1,2595.3,26.00,42,42,42,84,125,766,1,82.0,78.4,72.8,61.4,55.0,72.0,65.1,56.6,55.7,55.2,54.4,55.1,55.9,51.6,50.4,51.4,50.7,51.8,50.9,51.8,51.1,53.9,55.6,52.1,62.5,58.3,61.8,64.5,60.9,1.202,1.105,1.096,16.926,11.383,16.906,73.250,6.481,45.856,0.902,5.830,4.491,0.157,0.693,0.249,0.233,0.432,1.422,0.117,0.087,0.086,0.101,0.201,0.089,0.121,0.124,20.339,12.575,40.015,1730.2,2595.3,3936.5,5314.1,2558.8,5313.7,15.7,45.8,44.8,49.1,39.6,92.2,No,No,No,1.807,1.100,1.6,2500,2500,40.2,1.125,1.125,1.815,1.800,1.020,5.040,No,No,No,46.0,1.125,1.125,1.815,1.800,0.990,5.040,0.125,No,No,No,34,34,100.0,100.0,No,No,2627,2056,0.0,0.1,0.1,0.000,0.008,26545,11962,60.4,0.720,33.000,600.0,2600.0,1200.0,100.0,0.0,0.0,0.0,0.0,0.0,0.0,0.0,0.0,0,0,16.0,145,No,No,No,64.1,56.0,83.0,0.865,20.091,19.979,20.066,76.467,22.205,8.631,70.229,13.242,78.860,4.600,66.745,31.095,55.000,115.000,2377.0,1500.1,2055.0,2315.0,2130.0,97.0,15.0,0.0,59.0,51.3,15.2,69.1,0.0,0.0,0.0,Yes,No,No,No,No,Yes,No,0,0,0,0,0,0,0,0,0,0,0,0,0,0,0,0,0,0,0,0,0,0,0,0,0,0,0,0,0,0,3546,4605,4358,149,32.0,17.592,90.576,100.0,0.000,0.0,24.4,71.1,15.4,15.2,15.2,15.2,24.5,44.8,16.1,16.1,16.1,16.1,40.99,64.85,19.14,18.25,66.00,66.00,25.54,15.24,38.20,2.79,14.16,0,0,0.0,0.0,1355,21,2.3,0.2,0,
9.6.2026,12:23:22.230,12498,28172,30.7,9882,22084,30.9,0.0,8704,2,1.193,1.195,1.195,1.195,1.195,1.195,1.195,1.195,1.195,1.195,1.195,1.195,1.195,1.195,1.185,1.185,1.185,3056.9,5340.4,5340.4,2373.5,5340.4,2373.5,2373.5,2373.5,5340.4,2379.0,2379.0,2379.0,2379.0,2379.0,2053.4,2053.4,2053.4,99.8,340.5,2626.5,961.0,2483.1,1907.3,34.6,134.3,369.0,160.0,33.4,158.6,103.8,167.5,157.7,205.6,457.7,279.9,41.1,31.8,9.3,14.1,8.5,6.5,12.7,90.8,31.7,90.5,11.2,9.5,45.9,137.0,15.6,99.3,340.5,6.3,34.9,19.6,46.3,36.1,0.0,4.1,8.7,3.1,0.0,4.5,2.1,3.8,2.6,5.2,10.3,5.3,0.9,0.9,0.0,0.0,0.0,0.0,0.0,1.4,0.7,1.9,0.0,0.0,0.0,4.5,0.0,3.1,46.3,6.3,12.9,75.4,39.2,103.5,79.3,1.3,5.4,15.0,6.2,1.2,6.3,4.1,6.7,6.3,8.2,18.3,11.1,1.6,1.2,0.3,0.5,0.3,0.2,0.4,3.6,1.2,3.6,0.4,0.3,1.8,5.5,0.5,4.0,12.9,30.6,53.5,53.5,23.8,53.5,23.8,23.8,23.8,53.5,23.8,23.8,23.8,23.8,23.8,20.6,20.6,20.6,0.0,13.3,52.7,82.9,5.3,12.7,5.7,6.9,9.2,17.4,1.9,0.8,0.5,2.8,2.9,0.7,5.8,3.9,19.8,47.3,17.1,10.3,50.1,11.9,17.2,23.8,82.6,7.4,4.6,4.1,7.9,8.7,4.6,9.9,8.4,67.0,0.0,0.0,84.4,37.2,82.3,75.9,67.0,0.0,90.6,94.6,95.4,89.3,88.5,94.7,84.2,87.7,2595.3,26.00,42,42,42,84,125,766,1,79.0,69.8,66.4,56.4,55.9,64.1,67.1,56.7,58.8,56.3,56.8,57.0,58.5,52.8,51.3,52.6,51.8,53.2,51.8,53.3,52.1,54.8,56.5,53.1,63.8,59.2,62.1,65.0,61.0,1.198,1.105,1.096,17.807,11.405,17.836,70.250,6.500,47.050,0.956,3.616,4.957,0.298,1.351,0.362,0.530,0.738,1.983,0.179,0.105,0.099,0.227,0.258,0.109,0.268,0.207,21.342,12.597,41.062,1730.2,2595.3,4073.1,5348.5,2797.6,5343.9,16.5,43.9,45.9,49.8,39.9,82.1,No,No,No,1.851,1.000,2.1,2500,2600,40.2,1.125,1.125,1.815,1.800,1.020,5.040,No,No,No,46.0,1.125,1.125,1.815,1.800,1.020,5.040,0.125,No,No,No,34,34,100.0,100.0,No,No,2627,2056,0.0,0.2,0.2,0.000,0.071,26545,11962,61.3,0.720,14.000,600.0,2600.0,1200.0,100.0,0.0,0.0,0.0,0.0,0.0,0.0,0.0,0.0,0,0,16.0,145,No,No,No,64.1,56.0,83.0,0.865,20.022,19.979,20.066,76.467,39.057,8.631,70.229,13.242,78.860,4.600,66.745,31.095,55.000,115.000,2377.0,1500.1,2055.0,2315.0,2130.0,97.0,15.0,0.0,59.0,51.3,17.3,69.1,0.0,0.0,0.0,Yes,No,No,No,No,Yes,No,0,0,0,0,0,0,0,0,0,0,0,0,0,0,0,0,0,0,0,0,0,0,0,0,0,0,0,0,0,0,3967,4184,3937,144,32.0,17.594,90.576,100.0,0.000,0.0,63.2,65.9,59.3,59.1,59.1,59.1,63.1,63.9,61.7,61.7,61.7,61.7,15.84,16.28,15.61,15.59,16.28,16.28,15.69,0.15,3.86,11.97,0.18,0,0,0.0,0.0,1355,21,0.1,0.1,0,
9.6.2026,12:23:24.234,12311,28360,30.2,9862,22105,30.8,0.0,8704,2,1.201,1.205,1.205,1.200,1.200,1.200,1.200,1.200,1.200,1.200,1.200,1.200,1.200,1.200,1.200,1.200,1.200,2995.0,5340.4,5340.4,2373.5,5340.4,2373.5,2373.5,2373.5,5340.4,2379.0,2379.0,2039.2,2053.4,2053.4,2053.4,2053.4,2053.4,99.8,305.2,2253.9,791.3,131.3,4647.4,35.0,109.8,149.1,135.1,14.9,99.5,41.1,126.2,75.5,111.0,324.8,315.5,22.4,19.9,6.5,3.6,3.7,2.6,16.3,30.9,32.6,24.7,3.9,4.6,11.7,122.6,19.5,80.3,305.2,6.0,30.6,16.4,2.8,87.4,1.0,3.8,3.0,3.8,1.3,3.5,1.2,4.0,2.0,3.4,7.0,7.8,0.0,0.0,0.4,0.4,0.4,0.0,0.7,0.0,0.3,0.9,0.4,1.9,1.3,4.3,0.7,2.8,87.4,6.0,11.7,66.1,32.0,5.3,194.0,1.4,4.4,5.8,5.3,0.5,4.0,1.6,5.0,3.0,4.4,12.7,12.5,0.9,0.8,0.2,0.1,0.1,0.1,0.6,1.2,1.2,0.9,0.1,0.2,0.4,5.0,0.7,3.2,11.7,30.0,53.5,53.5,23.8,53.5,23.8,23.8,23.8,53.5,23.8,23.8,20.4,20.6,20.6,20.6,20.6,20.6,0.0,11.9,46.4,89.7,4.6,7.6,4.0,5.0,5.5,14.5,1.1,0.4,0.2,1.5,1.6,0.3,4.7,3.2,15.2,53.6,10.3,5.7,35.2,6.1,9.2,18.0,85.4,1.9,1.0,0.6,2.6,5.3,1.2,2.5,4.3,72.9,0.0,0.0,89.7,57.1,89.9,85.8,76.5,0.1,96.9,98.6,99.2,96.0,93.2,98.5,92.8,92.5,2595.3,26.00,42,42,42,84,125,766,1,76.9,69.7,75.6,57.4,56.3,63.5,68.0,56.8,58.2,56.2,56.9,56.5,59.0,53.8,52.1,53.5,52.4,53.9,52.5,54.1,52.8,55.7,57.3,54.2,64.8,60.3,62.9,65.1,61.5,1.198,1.105,1.096,15.942,11.428,15.927,56.250,6.510,44.615,0.803,3.302,5.032,0.209,0.771,0.180,0.274,0.421,1.887,0.091,0.061,0.053,0.097,0.131,0.061,0.132,0.142,19.118,12.623,38.875,1730.2,2595.3,4024.3,5352.8,2695.8,5347.3,14.7,35.2,43.7,49.3,40.1,82.0,No,No,No,1.698,0.877,1.9,2500,2600,40.2,1.125,1.125,1.815,1.800,1.020,5.110,No,No,No,46.0,1.095,1.125,1.815,1.800,1.020,5.110,0.375,No,No,No,34,34,100.0,100.0,No,No,2627,2056,0.0,0.1,0.1,0.000,0.077,26545,11962,62.4,0.720,15.000,600.0,2600.0,1200.0,100.0,0.0,0.0,0.0,0.0,0.0,0.0,0.0,0.0,0,0,16.0,145,No,No,No,65.5,58.0,83.0,0.865,20.014,19.970,20.057,84.564,48.212,8.467,72.032,13.090,80.509,4.600,68.207,90.578,55.000,115.000,2370.0,1500.1,2047.0,2344.5,2130.0,98.0,15.0,0.0,56.0,51.3,24.5,97.9,0.0,0.0,0.0,Yes,No,No,No,No,Yes,No,0,0,0,0,0,0,0,0,0,0,0,0,0,0,0,0,0,0,0,0,0,0,0,0,0,0,0,0,0,0,3967,4184,3937,140,32.0,17.594,90.576,100.0,0.000,0.0,62.7,65.4,55.9,54.5,54.4,54.4,62.7,63.9,56.4,55.7,55.7,55.7,15.94,17.46,15.64,15.64,17.65,17.65,15.84,0.10,3.93,12.01,0.26,0,0,0.0,0.0,1355,21,0.1,0.2,0,
9.6.2026,12:23:26.237,12284,28386,30.2,9865,22102,30.8,0.0,8704,2,1.202,1.190,1.200,1.200,1.200,1.200,1.200,1.200,1.205,1.205,1.205,1.205,1.205,1.205,1.205,1.205,1.205,3097.6,5340.4,5340.4,2373.5,5340.4,2373.5,2373.5,2373.5,5340.4,2379.0,2379.0,2379.0,2379.0,2379.0,2379.0,2379.0,2053.4,99.8,312.4,2276.9,1475.8,1432.7,3025.8,10.7,112.2,161.3,152.2,18.3,98.4,16.2,104.8,31.7,128.4,324.8,235.8,28.3,13.5,5.4,4.7,3.8,1.9,6.2,27.6,44.0,34.5,3.6,2.2,9.9,119.7,8.6,76.9,312.4,5.8,19.4,29.3,27.6,57.2,0.0,3.6,3.9,4.0,0.0,3.2,0.0,3.3,0.0,3.7,7.4,5.7,0.0,1.1,0.0,2.4,0.1,2.3,0.0,3.2,1.8,0.8,0.0,0.8,0.0,3.2,0.0,2.6,57.2,5.8,11.2,40.3,60.6,59.6,126.3,0.4,4.5,6.4,6.0,0.7,3.9,0.6,4.2,1.2,5.1,12.7,9.5,1.1,0.5,0.2,0.2,0.1,0.1,0.2,1.1,1.7,1.3,0.1,0.1,0.3,4.8,0.3,3.1,11.2,31.0,53.5,53.5,23.8,53.5,23.8,23.8,23.8,53.5,23.8,23.8,23.8,23.8,23.8,23.8,23.8,20.6,0.0,11.4,46.4,84.3,4.2,8.5,4.1,4.2,5.1,13.3,1.1,0.4,0.2,1.2,1.8,0.2,4.6,3.1,15.3,53.6,15.7,3.2,41.7,5.7,6.7,12.2,86.7,3.0,0.8,0.9,1.5,5.2,0.5,4.2,2.7,73.3,0.0,0.0,92.5,49.8,90.2,89.1,82.7,0.0,95.9,98.9,98.9,97.3,92.9,99.3,91.2,94.2,2595.3,26.00,42,42,42,84,125,766,1,76.0,71.5,72.8,58.4,57.4,64.8,69.1,57.9,59.7,57.4,58.0,57.6,60.0,55.2,53.2,54.8,53.5,55.2,53.5,55.4,53.8,57.0,58.7,55.4,65.2,61.4,63.2,66.0,62.0,1.203,1.104,1.096,15.710,11.460,15.721,51.000,6.513,44.609,0.793,3.343,4.984,0.153,0.920,0.179,0.202,0.310,1.855,0.106,0.055,0.056,0.072,0.149,0.052,0.150,0.107,18.912,12.657,38.708,1730.2,2595.3,4015.4,5352.8,2677.9,5347.3,14.6,31.9,43.6,49.2,40.3,84.2,No,No,No,1.658,0.843,1.8,2500,2600,40.2,1.110,1.125,1.815,1.800,1.020,5.110,No,No,No,46.0,1.110,1.110,1.815,1.800,1.020,5.110,0.125,No,No,No,34,34,100.0,100.0,No,No,2627,2056,0.0,0.1,0.1,0.000,0.010,26545,11962,63.6,0.720,14.000,600.0,2600.0,1200.0,100.0,0.0,0.0,0.0,0.0,0.0,0.0,0.0,0.0,0,0,16.0,145,No,No,No,66.3,58.0,83.0,0.865,20.008,19.963,20.053,85.565,43.832,8.644,72.902,13.258,81.557,4.600,70.475,55.385,55.000,115.000,2377.0,1500.1,2047.0,2351.0,2130.0,98.0,15.0,0.0,58.0,51.3,24.5,98.1,0.0,0.0,0.0,Yes,No,No,No,No,Yes,No,0,0,0,0,0,0,0,0,0,0,0,0,0,0,0,0,0,0,0,0,0,0,0,0,0,0,0,0,0,0,3967,4184,3937,133,32.0,17.595,90.576,100.0,0.000,0.0,65.0,69.1,60.3,59.0,58.8,58.8,65.0,65.6,64.2,63.9,63.8,63.8,15.38,15.59,15.25,15.24,15.73,15.73,15.31,0.07,3.80,11.59,0.08,0,0,0.0,0.0,1355,21,0.1,0.2,0,
9.6.2026,12:23:28.234,12275,28395,30.1,9851,22115,30.8,0.0,8704,2,1.205,1.205,1.205,1.205,1.205,1.205,1.205,1.205,1.205,1.205,1.205,1.205,1.205,1.205,1.205,1.205,1.205,2891.9,5340.4,5340.4,2373.5,5340.4,2373.5,2373.5,2373.5,2373.5,2379.0,2379.0,2379.0,2379.0,2379.0,2379.0,2053.4,2053.4,99.8,308.7,2585.1,1545.6,3853.7,248.7,18.2,106.8,110.5,135.5,10.1,99.6,17.5,134.1,37.3,112.8,256.5,180.4,11.7,9.0,3.1,2.5,2.2,1.1,9.8,23.4,34.7,113.9,2.5,1.5,11.5,119.6,8.2,71.9,308.7,6.2,22.0,30.9,72.5,4.4,3.4,3.5,2.8,3.5,1.0,3.3,0.4,3.9,3.2,3.4,6.3,4.4,2.5,1.7,3.1,0.0,0.0,0.0,4.0,0.7,0.9,2.5,3.1,0.0,2.5,4.7,2.5,0.9,72.5,6.2,10.8,46.8,63.9,160.7,10.1,0.7,4.3,4.3,5.3,0.4,4.0,0.7,5.4,1.4,4.5,10.0,7.1,0.5,0.3,0.1,0.1,0.1,0.0,0.4,0.9,1.3,4.6,0.1,0.1,0.4,4.8,0.3,2.9,10.8,29.0,53.5,53.5,23.8,53.5,23.8,23.8,23.8,23.8,23.8,23.8,23.8,23.8,23.8,23.8,20.6,20.6,0.0,11.2,52.0,76.9,4.3,7.1,4.0,4.8,4.9,11.6,0.6,0.2,0.1,1.1,3.5,0.2,4.7,2.9,13.7,48.0,22.9,2.8,28.9,2.3,5.0,6.3,88.4,1.4,0.3,0.2,1.0,6.0,0.2,2.8,1.9,75.2,0.0,0.2,92.9,64.0,93.7,90.2,88.8,0.0,97.9,99.4,99.6,98.0,90.5,99.6,92.5,95.2,2595.3,26.00,42,42,42,84,125,766,1,75.4,72.7,71.8,64.9,58.4,66.7,69.3,59.1,60.1,58.3,58.9,58.3,60.9,56.1,54.3,55.9,54.5,56.7,54.6,56.5,54.9,58.1,59.7,56.5,66.8,62.3,63.8,66.4,62.5,1.208,1.104,1.096,15.680,11.502,15.681,53.000,6.526,44.579,0.778,3.593,4.797,0.164,0.666,0.134,0.238,0.220,1.822,0.075,0.051,0.049,0.068,0.271,0.049,0.142,0.102,18.953,12.703,38.810,1730.2,2595.3,4028.5,5354.3,2702.6,5348.7,14.5,33.1,43.6,48.9,40.5,85.5,No,No,No,1.564,0.803,1.8,2500,2600,40.2,1.110,1.125,1.815,1.800,1.020,5.110,No,No,No,46.0,1.110,1.125,1.800,1.800,1.020,5.110,0.125,No,No,No,34,34,100.0,100.0,No,No,2627,2056,0.0,0.0,0.0,0.000,0.010,26545,11962,64.6,0.720,15.000,600.0,2600.0,1200.0,100.0,0.0,0.0,0.0,0.0,0.0,0.0,0.0,0.0,0,0,16.0,145,No,No,No,67.4,60.0,83.0,0.865,20.019,19.975,20.064,85.885,48.106,9.068,71.678,13.685,80.757,4.600,68.798,88.154,55.000,115.000,2377.0,1500.1,2047.0,2350.6,2130.0,98.0,16.0,0.0,59.0,51.3,24.7,98.7,0.0,0.0,0.0,Yes,No,No,No,No,Yes,No,0,0,0,0,0,0,0,0,0,0,0,0,0,0,0,0,0,0,0,0,0,0,0,0,0,0,0,0,0,0,3967,4184,3937,129,32.0,17.593,90.576,100.0,0.000,0.0,65.4,68.1,62.0,61.9,61.9,61.9,65.4,66.0,64.9,64.9,64.9,64.9,15.29,15.40,15.14,15.14,15.41,15.41,15.22,0.07,3.74,11.55,0.06,0,0,0.0,0.0,1355,21,0.1,0.2,0,
9.6.2026,12:23:30.235,12305,28366,30.2,9845,22121,30.7,0.0,8704,2,1.207,1.205,1.235,1.205,1.205,1.205,1.205,1.205,1.205,1.205,1.205,1.205,1.205,1.205,1.205,1.205,1.205,2439.6,5340.4,2373.5,2373.5,2373.5,2373.5,2373.5,2373.5,2373.5,2379.0,2379.0,2053.4,2053.4,2053.4,2053.4,2053.4,2053.4,99.8,308.4,2339.7,1660.8,1667.3,2666.3,16.1,100.9,102.4,151.1,9.9,94.8,17.8,108.5,61.0,112.2,209.7,197.0,4.3,19.5,3.9,3.8,2.8,1.8,4.0,25.8,39.5,35.8,2.8,2.3,6.8,126.8,6.0,68.1,308.4,5.4,16.0,33.0,31.4,50.6,1.1,3.3,2.4,3.8,0.8,3.0,1.1,3.3,1.2,3.2,5.2,4.7,0.0,1.1,0.0,0.0,0.7,0.0,0.0,0.0,0.9,0.7,0.0,0.0,0.0,4.1,0.0,2.0,50.6,5.4,10.7,33.1,68.6,69.5,111.1,0.6,4.0,4.0,5.9,0.3,3.8,0.7,4.3,2.4,4.4,8.1,7.7,0.2,0.8,0.1,0.1,0.1,0.1,0.1,1.0,1.5,1.4,0.1,0.1,0.2,5.1,0.2,2.7,10.7,24.4,53.5,23.8,23.8,23.8,23.8,23.8,23.8,23.8,23.8,23.8,20.6,20.6,20.6,20.6,20.6,20.6,0.0,11.1,47.6,81.9,4.2,7.3,3.8,4.4,5.2,11.1,0.7,0.3,0.2,1.0,1.9,0.2,4.8,2.5,13.8,52.4,18.1,3.4,25.3,3.4,5.8,9.6,88.9,0.7,0.4,0.3,1.3,5.8,0.3,3.3,1.2,75.2,0.0,0.0,92.4,67.4,92.7,89.9,85.2,0.0,98.7,99.3,99.5,97.7,92.3,99.5,91.9,96.2,2595.3,26.00,42,42,42,84,125,766,1,75.6,73.9,75.1,60.8,59.5,67.2,71.2,60.1,61.3,59.4,60.0,59.6,62.1,57.2,55.3,56.9,55.5,57.4,55.6,57.6,55.9,59.1,60.7,57.5,68.0,63.6,64.2,67.0,63.1,1.213,1.104,1.096,15.773,11.544,15.769,47.250,6.540,44.866,0.787,3.515,5.047,0.167,0.638,0.153,0.205,0.310,1.859,0.069,0.052,0.051,0.072,0.169,0.051,0.149,0.091,19.129,12.749,39.046,1730.2,2595.3,4007.6,5354.8,2660.4,5349.0,14.6,29.5,43.9,48.8,40.7,87.0,No,No,No,1.582,0.811,1.8,2500,2600,40.5,1.110,1.125,1.815,1.800,1.020,5.110,No,No,No,46.2,1.110,1.125,1.815,1.800,1.020,5.110,0.125,No,No,No,34,34,100.0,100.0,No,No,2627,2056,0.0,0.2,0.2,0.000,0.137,26545,11963,65.5,0.720,62.000,600.0,2600.0,1200.0,100.0,0.0,0.0,0.0,0.0,0.0,0.0,0.0,0.0,0,0,16.0,145,No,No,No,68.7,60.0,83.0,0.865,20.009,19.965,20.054,85.888,48.431,8.705,72.383,13.325,81.097,4.600,69.062,89.845,55.000,115.000,2377.0,1500.1,2047.0,2350.5,2130.0,97.0,16.0,0.0,59.0,51.3,24.4,97.5,0.0,0.0,0.0,Yes,No,No,No,No,Yes,No,0,0,0,0,0,0,0,0,0,0,0,0,0,0,0,0,0,0,0,0,0,0,0,0,0,0,0,0,0,0,3967,4184,3937,129,32.0,17.593,90.576,100.0,0.000,0.0,65.8,68.3,62.3,61.7,61.6,61.6,65.8,66.9,64.3,64.1,64.1,64.1,15.21,15.60,14.95,14.93,15.60,15.60,15.04,0.17,3.79,11.42,0.17,0,0,0.0,0.0,1355,21,1.1,0.2,0,
9.6.2026,12:23:32.221,12295,28376,30.2,9836,22131,30.7,0.0,8704,2,1.230,1.225,1.230,1.230,1.230,1.230,1.230,1.230,1.230,1.230,1.230,1.230,1.230,1.230,1.230,1.230,1.230,2747.1,2373.5,5340.4,2373.5,2373.5,2373.5,2373.5,2373.5,5340.4,2379.0,2379.0,2379.0,2379.0,2379.0,2379.0,2379.0,2379.0,99.8,304.9,2356.1,1665.7,956.7,3381.1,19.0,105.9,75.1,125.6,19.5,102.4,23.5,94.9,23.6,98.1,263.8,139.5,10.7,11.6,2.8,2.1,2.1,1.8,4.1,11.0,36.7,35.5,2.5,1.6,6.4,111.8,6.0,61.2,304.9,5.8,16.3,32.9,18.1,63.7,0.6,3.5,2.0,3.6,0.6,3.5,0.7,3.2,0.7,3.2,6.4,2.8,1.2,0.0,1.0,0.0,0.2,1.7,1.0,7.1,1.1,0.3,1.0,0.2,1.1,4.0,0.3,3.7,63.7,5.8,10.6,33.8,68.7,39.7,141.0,0.7,4.3,2.9,4.9,0.7,4.1,0.9,3.8,0.9,3.9,10.2,5.5,0.4,0.5,0.1,0.1,0.1,0.1,0.1,0.4,1.4,1.4,0.1,0.1,0.2,4.5,0.2,2.5,10.6,27.5,23.8,53.5,23.8,23.8,23.8,23.8,23.8,53.5,23.8,23.8,23.8,23.8,23.8,23.8,23.8,23.8,0.0,10.8,47.5,81.7,4.2,6.1,4.2,4.0,4.2,10.8,0.6,0.2,0.1,0.6,1.9,0.2,4.4,2.4,13.4,52.5,18.3,2.3,24.2,4.4,5.2,7.6,89.2,1.0,0.3,0.3,0.6,4.4,0.3,1.9,1.3,75.8,0.0,0.0,93.5,69.6,91.4,90.8,88.3,0.0,98.3,99.5,99.6,98.8,93.6,99.6,93.7,96.3,2595.3,26.00,42,42,42,84,125,766,1,76.6,75.4,73.6,61.8,60.6,68.8,72.4,61.3,62.2,60.6,61.0,60.5,63.2,58.2,56.3,57.9,56.5,58.3,56.6,58.5,56.9,60.2,61.9,58.5,68.0,64.4,64.9,67.6,64.0,1.217,1.104,1.096,15.991,11.594,15.990,51.000,6.550,45.264,0.796,3.658,5.165,0.168,0.564,0.194,0.205,0.234,1.901,0.076,0.051,0.053,0.058,0.143,0.051,0.128,0.087,19.451,12.804,39.434,1730.2,2595.3,3984.3,5353.7,2614.8,5348.0,14.8,31.9,44.3,48.9,41.0,88.8,No,No,No,1.501,0.794,1.7,2700,2700,40.5,1.110,1.125,1.815,1.800,1.020,5.110,No,No,No,46.2,1.110,1.125,1.815,1.800,1.005,5.110,0.375,No,No,No,34,34,100.0,100.0,No,No,2627,2056,0.0,0.0,0.0,0.000,0.016,26545,11963,66.5,0.720,18.000,600.0,2600.0,1200.0,100.0,0.0,0.0,0.0,0.0,0.0,0.0,0.0,0.0,0,0,16.0,145,No,No,No,70.0,60.0,83.0,0.865,20.020,19.975,20.064,85.311,43.338,8.969,72.422,13.585,81.401,4.600,66.337,56.051,55.000,115.000,2377.0,1375.1,2047.0,2352.7,2130.0,97.0,16.0,0.0,61.0,51.7,25.0,100.0,0.0,0.0,0.0,Yes,No,No,No,No,Yes,No,0,0,0,0,0,0,0,0,0,0,0,0,0,0,0,0,0,0,0,0,0,0,0,0,0,0,0,0,0,0,3934,4217,3970,127,32.0,17.593,90.576,100.0,0.000,0.0,60.1,63.1,56.4,56.0,56.0,56.0,60.2,61.4,57.8,57.5,57.5,57.5,16.62,17.31,16.30,16.29,17.41,17.41,16.36,0.27,3.92,12.70,0.38,0,0,0.0,0.0,1355,21,0.3,0.2,0,
9.6.2026,12:23:34.232,12282,28388,30.1,9825,22141,30.7,0.0,8704,2,1.223,1.215,1.240,1.240,1.240,1.240,1.220,1.220,1.220,1.220,1.220,1.220,1.220,1.215,1.215,1.215,1.215,2747.1,5340.4,5340.4,2373.5,2373.5,2373.5,2373.5,2373.5,2373.5,2379.0,2379.0,2379.0,2379.0,2379.0,2379.0,2379.0,2379.0,99.8,315.9,2710.6,1870.6,1642.7,2329.2,18.1,100.6,103.1,135.4,15.1,88.1,15.5,93.9,34.4,97.2,305.6,200.7,13.9,8.2,3.4,3.4,2.5,1.3,9.2,14.1,55.4,47.7,2.2,1.7,9.5,114.5,6.2,55.4,315.9,5.8,18.0,36.5,31.2,44.1,0.0,3.2,2.4,3.4,0.0,2.9,0.0,2.9,0.7,2.8,7.1,5.4,0.0,0.2,0.0,5.2,0.0,4.4,0.0,0.4,1.2,1.7,0.0,6.5,0.0,3.8,0.0,1.7,44.1,5.8,10.7,38.6,77.4,68.3,97.0,0.7,4.0,4.0,5.3,0.6,3.5,0.6,3.7,1.3,3.8,12.1,8.0,0.6,0.3,0.1,0.1,0.1,0.0,0.4,0.6,2.2,1.9,0.1,0.1,0.4,4.6,0.2,2.2,10.7,27.5,53.5,53.5,23.8,23.8,23.8,23.8,23.8,23.8,23.8,23.8,23.8,23.8,23.8,23.8,23.8,23.8,0.0,10.9,53.8,74.6,4.2,6.7,3.8,3.9,4.3,12.5,0.7,0.3,0.1,0.8,1.9,0.1,4.5,2.1,13.5,46.2,25.4,3.9,28.0,3.3,5.0,7.0,87.5,0.5,0.3,0.2,0.6,4.8,0.3,2.2,1.5,75.6,0.0,0.0,91.9,65.3,93.0,91.1,88.7,0.0,98.8,99.4,99.6,98.6,93.2,99.6,93.3,96.4,2595.3,26.00,42,42,42,84,125,766,1,78.2,77.0,78.5,62.8,61.7,70.7,73.1,62.4,63.6,61.5,62.3,61.5,64.7,59.3,57.3,59.0,57.5,59.6,57.6,59.7,58.0,61.3,63.0,59.6,68.8,64.8,65.4,68.1,64.9,1.222,1.104,1.096,16.338,11.638,16.336,51.750,6.566,45.844,0.836,3.968,5.044,0.196,0.736,0.164,0.203,0.252,2.059,0.078,0.055,0.062,0.066,0.195,0.056,0.145,0.097,19.967,12.851,40.014,1730.2,2595.3,4010.8,5354.1,2667.5,5348.2,15.1,32.3,44.8,49.1,41.2,90.6,No,No,No,1.518,0.801,1.7,2700,2800,40.5,1.110,1.125,1.815,1.800,1.020,5.110,No,No,No,46.2,1.110,1.125,1.815,1.800,1.020,5.040,0.750,No,No,No,34,34,100.0,100.0,No,No,2627,2056,0.0,0.1,0.1,0.000,0.065,26545,11963,67.4,0.720,51.000,600.0,2600.0,1200.0,100.0,0.0,0.0,0.0,0.0,0.0,0.0,0.0,0.0,0,0,16.0,145,No,No,No,70.0,62.0,83.0,0.865,20.011,19.964,20.058,85.361,48.877,9.024,74.032,13.649,83.078,4.600,70.219,87.534,55.000,115.000,2377.0,1375.1,2047.0,2352.7,2130.0,98.0,16.0,0.0,61.0,51.7,24.5,98.0,0.0,0.0,0.0,Yes,No,No,No,No,Yes,No,0,0,0,0,0,0,0,0,0,0,0,0,0,0,0,0,0,0,0,0,0,0,0,0,0,0,0,0,0,0,3934,4217,3970,127,32.0,17.593,90.576,100.0,0.000,0.0,61.1,64.5,57.6,57.2,57.1,57.1,61.1,61.6,59.8,59.8,59.8,59.8,16.36,16.70,16.23,16.23,16.71,16.71,16.25,0.11,3.87,12.50,0.12,0,0,0.0,0.0,1355,21,0.8,0.2,0,
9.6.2026,12:23:36.225,12282,28388,30.1,9824,22142,30.7,0.0,8704,2,1.150,1.165,1.140,1.140,1.155,1.155,1.155,1.155,1.155,1.155,1.155,1.155,1.155,1.140,1.140,1.140,1.140,3229.2,5240.5,5190.6,2307.0,5190.6,2307.0,2307.0,5190.6,2307.0,2379.0,2379.0,2379.0,2379.0,5190.6,2307.0,2307.0,2307.0,99.8,316.7,2857.3,2074.6,3318.0,434.6,7.9,92.3,106.6,130.2,10.7,98.3,13.9,89.0,39.4,104.2,231.5,188.3,22.8,5.2,2.6,2.2,2.0,0.9,25.5,30.9,39.3,20.9,2.1,1.1,3.9,115.0,4.6,59.3,316.7,5.5,17.3,40.5,62.7,8.0,1.8,3.1,2.6,3.4,0.3,3.2,1.2,2.9,1.1,3.2,5.7,4.5,2.1,0.0,0.1,0.0,0.1,0.8,2.8,0.0,1.1,0.5,0.1,0.1,0.1,4.0,0.0,2.1,62.7,5.5,10.5,36.8,86.0,138.2,17.8,0.3,3.7,4.2,5.1,0.4,3.9,0.5,3.5,1.5,4.1,8.9,7.5,0.9,0.2,0.1,0.1,0.1,0.0,1.0,1.3,1.5,0.7,0.1,0.0,0.1,4.7,0.2,2.4,10.5,32.4,52.5,52.0,23.1,52.0,23.1,23.1,52.0,23.1,23.8,23.8,23.8,23.8,52.0,23.1,23.1,23.1,0.0,10.7,56.5,71.3,3.7,6.5,3.8,3.7,4.7,10.9,0.7,0.2,0.1,1.1,1.6,0.1,4.4,2.4,13.0,43.5,28.7,2.3,22.3,3.1,3.9,7.4,89.1,0.7,0.4,0.2,1.1,2.8,0.2,1.4,0.8,76.3,0.0,0.0,94.0,71.2,93.2,92.4,87.9,0.0,98.6,99.4,99.7,97.8,95.6,99.7,94.2,96.8,2595.3,26.00,42,42,42,84,125,766,1,79.5,77.9,77.1,63.2,62.6,72.5,73.2,63.5,64.0,62.6,62.9,62.6,65.3,60.1,58.2,59.8,58.5,60.2,58.5,60.5,58.9,62.2,63.9,60.6,70.5,65.8,66.2,69.0,65.3,1.220,1.104,1.096,16.387,11.673,16.392,56.500,6.573,45.983,0.820,4.158,4.832,0.154,0.608,0.171,0.178,0.274,2.014,0.084,0.062,0.062,0.110,0.126,0.060,0.132,0.095,20.002,12.889,40.094,1730.2,2595.3,3982.5,5345.3,2619.7,5339.6,15.2,35.3,44.9,49.4,41.4,91.7,No,No,No,1.496,0.792,1.7,2600,2800,40.5,1.110,1.125,1.815,1.800,1.020,5.040,No,No,No,46.2,1.095,1.125,1.815,1.800,1.020,5.040,0.125,No,No,No,34,34,100.0,100.0,No,No,2627,2056,0.0,0.0,0.0,0.000,0.014,26545,11963,68.0,0.720,16.000,600.0,2600.0,1200.0,100.0,0.0,0.0,0.0,0.0,0.0,0.0,0.0,0.0,0,0,16.0,145,No,No,No,71.4,62.0,83.0,0.865,20.004,19.957,20.051,85.578,40.144,9.280,73.178,13.889,82.469,4.600,66.329,31.264,55.000,115.000,2377.0,1500.1,2055.0,2352.4,2137.0,98.0,16.0,0.0,66.0,51.7,24.4,97.7,0.0,0.0,0.0,Yes,No,No,No,No,Yes,No,0,0,0,0,0,0,0,0,0,0,0,0,0,0,0,0,0,0,0,0,0,0,0,0,0,0,0,0,0,0,3934,4217,3970,127,32.0,17.592,90.576,100.0,0.000,0.0,61.6,67.4,55.8,54.3,54.1,54.1,61.6,62.1,60.2,60.1,60.1,60.1,16.24,16.60,16.09,16.08,16.63,16.63,16.14,0.09,3.91,12.33,0.10,0,0,0.0,0.0,1355,21,0.4,0.1,0,
9.6.2026,12:23:38.221,12317,28353,30.2,9828,22139,30.7,0.0,8704,2,1.213,1.240,1.215,1.215,1.215,1.215,1.220,1.220,1.220,1.220,1.220,1.220,1.220,1.220,1.185,1.185,1.185,2686.1,5340.4,5340.4,2373.5,2373.5,2373.5,2373.5,2373.5,2373.5,2379.0,2379.0,2379.0,2379.0,2379.0,2053.4,2053.4,2053.4,99.8,302.2,2270.1,1471.1,2158.7,2240.3,24.4,89.7,98.6,129.3,20.4,96.8,19.7,98.8,36.8,122.8,288.2,193.2,5.5,13.9,4.3,2.4,4.6,9.6,7.2,17.5,30.8,23.9,3.9,4.3,6.6,114.8,6.8,56.5,302.2,5.3,18.4,29.7,40.3,43.5,0.2,2.6,2.1,3.1,0.9,2.8,0.0,2.7,0.4,3.2,7.2,4.3,0.6,1.6,0.0,1.3,0.0,0.0,0.0,0.0,0.5,0.3,0.0,0.0,0.6,3.5,0.0,1.6,43.5,5.3,10.7,37.8,60.5,89.9,93.4,1.0,3.6,3.8,5.0,0.8,3.8,0.7,3.9,1.4,4.8,11.3,7.6,0.2,0.5,0.2,0.1,0.2,0.4,0.2,0.7,1.2,0.9,0.1,0.2,0.2,4.6,0.2,2.3,10.7,26.9,53.5,53.5,23.8,23.8,23.8,23.8,23.8,23.8,23.8,23.8,23.8,23.8,23.8,20.6,20.6,20.6,0.0,11.0,46.3,83.3,3.9,6.7,4.0,4.0,4.9,12.3,0.6,0.3,0.4,0.8,1.6,0.3,4.4,2.3,15.1,53.7,16.7,3.8,38.7,5.7,6.2,12.5,87.7,1.5,1.1,0.8,1.6,5.4,1.4,3.6,1.8,73.9,0.0,0.0,92.2,54.6,90.2,89.9,82.6,0.0,97.9,98.6,98.8,97.6,93.0,98.3,92.0,95.9,2595.3,26.00,42,42,42,84,125,766,1,80.4,78.1,77.1,64.2,63.5,71.4,75.6,64.1,65.6,63.5,64.0,63.7,66.3,61.0,59.1,60.8,59.3,61.2,59.4,61.4,59.7,63.0,64.7,61.4,70.8,66.5,67.1,69.9,66.0,1.211,1.104,1.096,16.708,11.715,16.704,64.000,6.586,46.216,0.860,3.667,5.273,0.196,0.918,0.222,0.238,0.368,2.062,0.087,0.072,0.073,0.085,0.152,0.076,0.167,0.107,20.258,12.935,40.410,1730.2,2595.3,3980.9,5321.0,2640.9,5315.9,15.5,40.0,45.2,49.5,41.6,91.9,No,No,No,1.666,0.905,1.8,2700,2800,40.5,1.125,1.125,1.815,1.800,1.020,5.040,No,No,No,46.2,1.125,1.110,1.815,1.800,1.020,5.040,0.125,No,No,No,34,34,100.0,100.0,No,No,2627,2056,0.0,0.0,0.0,0.000,0.004,26545,11963,68.6,0.720,33.000,600.0,2600.0,1200.0,100.0,0.0,0.0,0.0,0.0,0.0,0.0,0.0,0.0,0,0,16.0,145,No,No,No,70.7,64.0,83.0,0.860,20.016,19.972,20.060,84.196,45.840,9.966,68.607,14.581,78.594,4.600,60.772,83.757,55.000,115.000,2370.0,1500.1,2055.0,2349.6,2137.0,97.0,17.0,0.0,67.0,51.7,24.4,97.4,0.0,0.0,0.0,Yes,No,No,No,No,Yes,No,0,0,0,0,0,0,0,0,0,0,0,0,0,0,0,0,0,0,0,0,0,0,0,0,0,0,0,0,0,0,3934,4217,3971,132,32.0,17.593,90.576,100.0,0.000,0.0,57.1,59.9,53.5,53.5,53.4,53.4,57.1,58.3,54.6,54.2,54.2,54.2,17.51,18.31,17.14,17.13,18.44,18.44,17.23,0.28,4.36,13.15,0.42,0,0,0.0,0.0,1355,21,0.3,0.2,0,
9.6.2026,12:23:40.232,12320,28350,30.2,9829,22137,30.7,0.0,8704,2,1.145,1.150,1.145,1.145,1.145,1.145,1.145,1.145,1.145,1.145,1.145,1.145,1.145,1.145,1.145,1.145,1.145,2883.7,5190.6,5190.6,2307.0,2307.0,2307.0,2307.0,2307.0,5190.6,2379.0,2379.0,2379.0,2379.0,2379.0,2379.0,2379.0,2379.0,99.8,296.7,1730.1,1049.0,2826.8,2122.1,16.4,122.1,113.1,128.6,33.5,103.6,34.3,103.5,59.0,123.9,289.4,177.3,8.6,9.6,3.0,6.2,3.4,1.8,4.9,18.1,111.7,107.2,5.7,5.3,5.0,102.2,5.8,63.8,296.7,6.2,16.2,21.8,54.0,39.3,1.0,3.7,3.4,3.3,0.5,3.1,2.1,3.0,1.2,3.4,6.5,4.9,0.8,0.1,0.7,4.5,0.7,0.0,0.7,8.3,3.0,2.8,0.7,0.8,0.0,3.4,0.7,2.1,54.0,6.2,11.0,33.5,42.8,117.9,88.6,0.6,4.9,4.4,5.0,1.3,4.1,1.4,4.1,2.3,4.9,11.2,7.0,0.3,0.4,0.1,0.2,0.1,0.1,0.2,0.7,4.5,4.3,0.2,0.2,0.2,4.2,0.2,2.6,11.0,28.9,52.0,52.0,23.1,23.1,23.1,23.1,23.1,52.0,23.8,23.8,23.8,23.8,23.8,23.8,23.8,23.8,0.0,11.3,36.9,93.3,4.6,7.0,4.3,4.3,5.2,12.1,0.6,0.3,0.2,0.9,3.6,0.3,4.0,2.6,14.1,63.1,6.7,3.3,30.0,5.0,5.6,12.3,87.9,0.4,1.0,0.6,0.8,6.2,0.6,1.3,1.1,74.6,0.0,0.0,92.1,63.0,90.7,90.1,82.5,0.0,99.0,98.7,99.2,98.3,90.2,99.1,94.7,96.3,2595.3,26.00,42,42,42,84,125,766,1,81.4,80.0,74.6,65.2,64.5,71.0,78.9,64.8,66.8,64.4,65.2,64.6,67.6,62.0,59.9,61.8,60.2,62.5,60.3,62.2,60.6,64.0,65.7,62.3,71.0,67.0,67.9,70.2,66.9,1.228,1.104,1.096,17.295,11.763,17.299,61.000,6.598,47.376,0.908,3.353,6.105,0.213,0.803,0.245,0.255,0.399,2.205,0.075,0.076,0.070,0.079,0.349,0.074,0.127,0.107,21.241,12.984,41.454,1730.2,2595.3,4011.6,5338.1,2685.1,5332.1,16.0,38.1,46.3,50.1,41.9,94.1,No,No,No,1.749,0.971,1.8,2600,2800,40.5,1.125,1.125,1.815,1.800,1.020,5.040,No,No,No,46.2,1.125,1.125,1.800,1.800,1.020,5.040,1.000,No,No,No,34,34,100.0,100.0,No,No,2627,2056,0.0,0.1,0.1,0.000,0.018,26545,11963,69.4,0.720,18.000,600.0,2600.0,1200.0,100.0,0.0,0.0,0.0,0.0,0.0,0.0,0.0,0.0,0,0,16.0,145,No,No,No,71.9,64.0,83.0,0.860,20.020,19.975,20.065,85.074,38.969,9.888,70.418,14.508,80.319,4.600,63.253,29.794,55.000,115.000,2370.0,1500.1,2055.0,2344.8,2137.0,98.0,17.0,0.0,66.0,51.7,24.4,97.7,0.0,0.0,0.0,Yes,No,No,No,No,Yes,No,0,0,0,0,0,0,0,0,0,0,0,0,0,0,0,0,0,0,0,0,0,0,0,0,0,0,0,0,0,0,3934,4217,3971,132,32.0,17.593,90.576,100.0,0.000,0.0,57.3,59.9,53.2,52.2,52.1,52.1,57.3,57.9,56.7,56.6,56.5,56.5,17.46,17.67,17.26,17.26,17.75,17.75,17.37,0.09,4.34,13.12,0.08,0,0,0.0,0.0,1355,21,1.0,0.1,0,
9.6.2026,12:23:42.223,12319,28352,30.2,9830,22136,30.7,0.0,8704,2,1.254,1.255,1.260,1.260,1.260,1.260,1.260,1.260,1.250,1.250,1.250,1.250,1.250,1.250,1.250,1.250,1.250,2747.1,2373.5,5340.4,2373.5,2373.5,2373.5,2373.5,2373.5,5340.4,2379.0,2379.0,2379.0,2379.0,2379.0,2379.0,2379.0,2379.0,99.8,290.1,2110.5,1228.2,4164.8,266.8,16.1,89.9,96.5,143.1,19.3,99.6,21.7,87.8,45.0,103.2,283.0,184.1,10.0,11.3,2.3,3.1,2.6,2.0,7.9,17.7,37.4,37.5,2.4,1.8,6.2,109.2,5.6,67.1,290.1,5.5,19.8,25.4,79.5,5.9,0.0,3.8,1.8,4.5,0.4,4.0,0.0,3.6,1.9,3.8,6.7,4.6,0.0,0.0,0.0,0.0,0.0,2.3,0.0,0.0,0.2,1.0,0.0,0.0,0.0,4.5,0.0,1.5,79.5,5.5,10.5,41.0,50.5,173.8,10.9,0.6,3.6,3.8,5.7,0.7,4.0,0.8,3.5,1.8,4.1,11.1,7.3,0.4,0.4,0.1,0.1,0.1,0.1,0.3,0.7,1.5,1.4,0.1,0.1,0.2,4.4,0.2,2.7,10.5,27.5,23.8,53.5,23.8,23.8,23.8,23.8,23.8,53.5,23.8,23.8,23.8,23.8,23.8,23.8,23.8,23.8,0.0,11.0,44.0,85.0,3.9,6.9,4.1,3.8,4.8,12.2,0.6,0.2,0.2,0.9,2.0,0.1,4.2,2.7,13.1,56.0,15.0,4.5,23.2,2.7,3.3,7.6,87.0,0.5,0.3,0.2,0.6,6.1,0.3,1.5,0.9,75.9,0.0,0.0,91.6,69.9,93.2,92.9,87.6,0.8,98.9,99.5,99.6,98.5,92.0,99.6,94.3,96.5,2595.3,26.00,42,42,42,84,125,766,1,81.9,78.4,79.0,66.1,64.6,71.8,76.2,65.0,66.3,64.5,65.1,64.6,67.3,62.3,60.5,62.1,60.7,62.6,60.8,62.7,61.2,64.3,65.8,62.8,71.5,67.6,68.5,71.0,67.2,1.182,1.104,1.096,15.613,11.788,15.609,47.500,6.605,44.579,0.772,3.329,5.022,0.187,0.623,0.165,0.171,0.258,1.905,0.070,0.057,0.057,0.068,0.175,0.056,0.122,0.092,18.554,13.011,38.802,1730.2,2595.3,3944.2,5261.6,2626.7,5256.0,14.5,29.7,43.6,49.7,42.1,92.3,No,No,No,1.716,0.956,1.8,2700,2800,40.8,1.125,1.125,1.815,1.800,1.020,5.040,No,No,No,46.2,1.125,1.125,1.815,1.800,1.020,5.040,0.125,No,No,No,34,34,100.0,100.0,No,No,2627,2056,0.0,0.0,0.0,0.000,0.016,26545,11963,70.1,0.720,17.000,600.0,2600.0,1200.0,100.0,0.0,0.0,0.0,0.0,0.0,0.0,0.0,0.0,0,0,16.0,145,No,No,No,72.5,64.0,83.0,0.860,20.023,19.980,20.066,84.645,47.278,9.151,68.080,13.754,77.234,4.600,57.536,100.590,55.000,115.000,2377.0,1500.1,2055.0,2347.6,2137.0,98.0,16.0,0.0,63.0,51.7,24.7,98.9,0.0,0.0,0.0,Yes,No,No,No,No,Yes,No,0,0,0,0,0,0,0,0,0,0,0,0,0,0,0,0,0,0,0,0,0,0,0,0,0,0,0,0,0,0,3934,4217,3971,132,32.0,17.594,90.576,100.0,0.000,0.0,56.5,59.4,49.0,46.3,46.0,46.0,56.5,58.0,49.7,46.2,45.8,45.8,17.69,20.11,17.26,17.24,21.82,21.82,17.46,0.23,4.41,13.29,0.48,0,0,0.0,0.0,1355,21,0.2,0.2,0,
9.6.2026,12:23:44.232,12288,28382,30.2,9828,22138,30.7,0.0,8704,2,1.254,1.260,1.255,1.255,1.255,1.255,1.255,1.255,1.255,1.255,1.255,1.255,1.250,1.250,1.250,1.250,1.250,2645.4,5340.4,5340.4,2373.5,2373.5,2373.5,2373.5,2373.5,2373.5,2379.0,2379.0,2379.0,2053.4,2053.4,2053.4,2053.4,2053.4,99.8,275.6,1732.4,823.9,3247.5,1546.3,20.5,96.9,70.7,160.7,9.5,85.3,16.6,89.1,24.0,116.6,247.8,191.3,17.8,5.0,2.2,2.4,2.3,0.8,4.1,23.8,35.0,24.4,2.3,1.1,11.9,106.2,25.1,76.4,275.6,5.5,20.5,17.7,61.7,29.3,3.4,2.3,2.4,4.2,0.9,2.8,1.1,2.8,0.0,3.4,5.9,3.9,1.1,0.0,0.8,1.5,0.8,0.0,0.8,0.0,1.6,0.5,0.8,0.0,1.0,2.8,1.3,2.5,61.7,5.5,10.4,42.7,33.5,135.5,64.5,0.8,3.9,2.7,6.3,0.3,3.4,0.6,3.5,0.9,4.6,9.7,7.5,0.7,0.2,0.1,0.1,0.1,0.0,0.1,1.0,1.3,0.9,0.1,0.0,0.5,4.3,1.0,3.1,10.4,26.5,53.5,53.5,23.8,23.8,23.8,23.8,23.8,23.8,23.8,23.8,23.8,20.6,20.6,20.6,20.6,20.6,0.0,10.8,37.0,90.7,4.0,6.8,3.5,3.7,4.7,11.5,0.6,0.2,0.1,1.0,1.6,0.1,4.2,3.3,13.3,63.0,9.3,4.3,24.1,2.7,3.6,8.7,88.3,0.4,0.3,0.2,0.6,4.0,0.2,1.8,1.1,75.9,0.0,0.0,91.7,69.1,93.9,92.7,86.6,0.2,99.0,99.5,99.7,98.4,94.4,99.6,94.0,95.6,2595.3,26.00,42,42,42,84,125,766,1,83.4,82.1,79.5,67.1,66.0,73.0,80.8,66.2,68.2,65.6,66.5,65.8,69.3,63.3,61.3,63.2,61.6,63.6,61.7,63.8,62.2,65.5,67.2,63.8,72.5,68.5,69.4,71.7,68.0,1.234,1.104,1.096,17.474,11.815,17.477,48.000,6.630,47.879,0.914,3.573,6.278,0.228,0.739,0.172,0.198,0.331,2.291,0.088,0.065,0.067,0.080,0.158,0.064,0.152,0.144,21.690,13.039,41.995,1730.2,2595.3,3965.4,5309.3,2621.5,5304.1,16.2,30.0,72.1,83.6,84.6,96.6,No,No,No,1.631,0.911,1.7,2600,2900,40.8,1.125,1.125,1.815,1.800,1.020,5.040,No,No,No,46.2,1.125,1.125,1.815,1.800,1.005,5.040,0.500,No,No,No,33,33,100.0,100.0,No,No,2627,2056,0.0,0.2,0.2,0.000,0.163,26545,11963,70.7,0.720,23.000,600.0,2600.0,1200.0,100.0,0.0,0.0,0.0,0.0,0.0,0.0,0.0,0.0,0,0,16.0,145,No,No,No,73.1,66.0,83.0,0.865,20.011,19.967,20.055,84.211,42.649,9.584,70.367,14.203,79.979,4.600,65.456,54.351,55.000,115.000,2377.0,1500.1,2055.0,2348.4,2137.0,98.0,16.0,0.0,59.0,51.7,24.3,97.1,0.0,0.0,0.0,Yes,No,No,No,No,Yes,No,0,0,0,0,0,0,0,0,0,0,0,0,0,0,0,0,0,0,0,0,0,0,0,0,0,0,0,0,0,0,3934,4217,3970,132,32.0,17.594,90.576,100.0,0.000,0.0,57.2,60.0,54.5,54.2,54.1,54.1,57.1,57.9,55.5,55.3,55.3,55.3,17.50,18.01,17.27,17.26,18.04,18.04,17.31,0.20,4.41,13.09,0.25,0,0,0.0,0.0,1355,21,0.2,0.2,0,
9.6.2026,12:23:46.230,12291,28379,30.2,9829,22137,30.7,0.0,8704,2,1.071,1.075,1.075,1.075,1.075,1.075,1.070,1.070,1.070,1.070,1.070,1.070,1.070,1.070,1.070,1.065,1.065,2826.7,2229.3,5016.0,2229.3,5016.0,2229.3,2229.3,2229.3,5016.0,2379.0,2379.0,2379.0,2379.0,2379.0,2379.0,2379.0,2379.0,99.8,323.7,3232.2,2586.6,299.1,2924.2,11.8,87.2,64.8,114.5,11.2,85.1,16.2,96.2,47.3,97.9,239.9,153.0,8.8,7.0,3.1,1.4,3.5,2.4,3.7,17.7,29.1,23.2,2.5,1.2,6.4,105.8,4.7,70.1,323.7,5.8,15.9,50.2,6.3,57.0,0.0,3.8,1.6,3.4,0.3,2.9,0.4,2.4,1.9,2.3,6.1,4.8,0.3,5.5,0.2,0.9,0.1,0.1,0.2,4.3,0.8,0.7,0.0,2.4,1.0,4.4,1.0,3.2,57.0,5.8,10.2,32.7,107.5,12.1,121.8,0.5,3.5,2.4,4.5,0.4,3.4,0.6,3.8,1.8,3.9,9.4,6.0,0.3,0.3,0.1,0.1,0.1,0.1,0.1,0.7,1.1,0.9,0.1,0.0,0.2,4.3,0.2,2.8,10.2,28.3,22.3,50.2,22.3,50.2,22.3,22.3,22.3,50.2,23.8,23.8,23.8,23.8,23.8,23.8,23.8,23.8,0.0,10.6,64.0,63.4,3.7,5.8,3.5,3.9,4.7,10.9,0.5,0.2,0.2,0.7,1.5,0.1,4.1,2.7,13.3,36.0,36.6,1.7,22.7,3.5,5.2,10.0,89.1,0.5,0.3,0.5,0.5,2.6,0.2,1.9,1.1,76.1,0.0,0.0,94.6,71.5,93.0,90.9,85.2,0.0,99.0,99.5,99.3,98.8,95.9,99.6,94.0,96.2,2595.3,26.00,42,42,42,84,125,766,1,83.2,80.1,75.1,68.0,66.0,76.1,74.7,66.8,67.3,66.0,66.4,66.1,68.6,63.6,62.0,63.6,62.2,64.0,62.3,64.3,62.6,65.8,67.2,64.4,73.0,69.1,70.0,72.0,68.8,1.169,1.104,1.096,15.363,11.854,15.373,58.250,6.624,44.311,0.751,4.101,4.084,0.133,0.554,0.155,0.202,0.309,1.837,0.066,0.055,0.063,0.063,0.110,0.054,0.126,0.096,18.051,13.082,38.393,1730.2,2595.3,3915.6,5230.9,2600.3,5241.7,14.2,36.4,66.5,83.6,85.1,94.3,No,No,No,1.585,0.868,1.7,2800,3000,40.8,1.125,1.125,1.815,1.800,1.020,5.040,No,No,No,46.2,1.125,1.125,1.815,1.800,1.020,5.040,0.125,No,No,No,34,34,100.0,100.0,No,No,2627,2056,0.0,0.0,0.0,0.000,0.000,26545,11963,71.3,0.720,35.000,600.0,2600.0,1200.0,100.0,0.0,0.0,0.0,0.0,0.0,0.0,0.0,0.0,0,0,16.0,145,No,No,No,74.4,66.0,83.0,0.860,20.015,19.970,20.060,85.595,48.455,9.666,71.133,14.281,80.821,4.600,62.030,96.652,55.000,115.000,2377.0,1500.1,2055.0,2347.6,2137.0,98.0,17.0,0.0,61.0,51.7,24.6,98.5,0.0,0.0,0.0,Yes,No,No,No,No,Yes,No,0,0,0,0,0,0,0,0,0,0,0,0,0,0,0,0,0,0,0,0,0,0,0,0,0,0,0,0,0,0,3934,4217,3970,131,32.0,17.595,90.576,100.0,0.000,0.0,57.2,61.5,53.8,52.9,52.8,52.8,57.2,57.6,56.3,56.0,56.0,56.0,17.47,17.67,17.35,17.34,17.67,17.67,17.40,0.07,4.39,13.08,0.07,0,0,0.0,0.0,1355,21,0.3,0.1,0,
9.6.2026,12:23:48.241,12291,28379,30.2,9830,22137,30.7,0.0,8704,2,1.255,1.260,1.255,1.255,1.255,1.255,1.255,1.255,1.255,1.255,1.255,1.255,1.255,1.255,1.255,1.255,1.255,2932.6,2373.5,5340.4,2373.5,5340.4,2373.5,2373.5,2373.5,5340.4,2379.0,2379.0,2379.0,2379.0,2379.0,2379.0,2379.0,2379.0,99.8,277.8,2047.3,841.4,3132.2,1347.1,50.3,103.8,89.1,134.5,18.4,85.8,22.8,91.0,31.3,99.6,282.8,157.6,13.7,13.8,4.0,3.1,3.4,5.9,4.7,18.4,29.9,30.3,11.2,2.1,6.7,110.8,6.8,89.0,277.8,5.4,26.3,18.2,60.5,24.9,2.6,2.6,1.4,3.6,0.0,2.1,0.0,3.0,0.0,3.0,6.9,3.8,0.0,0.0,0.0,3.1,0.0,3.2,0.0,0.0,0.0,0.0,1.0,0.0,0.0,3.1,0.0,2.8,60.5,5.4,10.5,53.9,34.3,130.6,56.1,2.0,4.2,3.4,5.3,0.7,3.4,0.9,3.6,1.2,3.9,11.1,6.2,0.5,0.5,0.1,0.1,0.1,0.2,0.2,0.7,1.1,1.1,0.4,0.1,0.2,4.5,0.2,3.6,10.5,29.4,23.8,53.5,23.8,53.5,23.8,23.8,23.8,53.5,23.8,23.8,23.8,23.8,23.8,23.8,23.8,23.8,0.0,11.0,43.0,86.2,4.5,6.6,3.7,3.9,4.4,11.3,0.8,0.3,0.3,0.9,1.6,0.4,4.3,3.2,13.5,57.0,13.8,2.0,30.6,3.5,3.7,7.0,88.7,1.1,0.6,0.3,0.6,3.7,0.3,1.6,1.6,75.5,0.0,0.0,93.4,62.7,92.8,92.3,88.7,0.0,98.1,99.1,99.4,98.5,94.7,99.3,94.1,95.2,2595.3,26.00,42,42,42,84,125,766,1,84.5,81.0,82.0,68.1,66.8,73.8,79.0,67.1,68.8,66.4,67.3,66.4,69.7,64.4,62.6,64.2,62.8,64.6,63.0,64.9,63.3,66.4,67.9,64.9,73.8,69.4,70.6,72.9,69.4,1.182,1.104,1.096,16.091,11.880,16.073,47.000,6.636,45.202,0.807,3.398,5.228,0.202,0.758,0.168,0.180,0.246,1.998,0.087,0.063,0.064,0.070,0.127,0.066,0.132,0.123,19.142,13.111,39.526,1730.2,2595.3,3926.4,5242.1,2610.8,5247.6,14.9,29.4,68.2,82.2,85.4,95.3,No,No,No,1.586,0.855,1.8,2900,2900,41.0,1.125,1.125,1.815,1.800,1.020,5.040,No,No,No,46.2,1.110,1.125,1.815,1.800,1.020,5.040,0.125,No,No,No,34,34,100.0,100.0,No,No,2627,2056,0.0,0.1,0.1,0.000,0.047,26545,11963,71.9,0.720,15.000,600.0,2600.0,1200.0,100.0,0.0,0.0,0.0,0.0,0.0,0.0,0.0,0.0,0,0,16.0,145,No,No,No,74.6,68.0,83.0,0.860,20.013,19.967,20.059,87.761,42.420,9.904,71.348,14.511,81.278,4.600,60.628,54.672,55.000,115.000,2370.0,1500.1,2055.0,2345.6,2137.0,98.0,17.0,0.0,64.0,51.7,24.4,97.7,0.0,0.0,0.0,Yes,No,No,No,No,Yes,No,0,0,0,0,0,0,0,0,0,0,0,0,0,0,0,0,0,0,0,0,0,0,0,0,0,0,0,0,0,0,3934,4217,3970,117,32.0,17.593,90.576,100.0,0.000,0.0,57.3,60.4,54.0,53.9,53.8,53.8,57.3,58.3,55.7,55.6,55.6,55.6,17.44,17.94,17.18,17.18,17.99,17.99,17.21,0.23,4.38,13.06,0.30,0,0,0.0,0.0,1355,21,0.2,0.2,0,
9.6.2026,12:23:50.244,12289,28381,30.2,9829,22137,30.7,0.0,8704,2,1.143,1.140,1.140,1.140,1.145,1.145,1.145,1.145,1.145,1.145,1.145,1.145,1.145,1.140,1.140,1.140,1.140,2675.4,2295.9,5165.7,2295.9,2295.9,2295.9,2295.9,2295.9,5165.7,2379.0,2379.0,2379.0,2379.0,2295.9,2295.9,2295.9,2295.9,99.8,283.8,1986.7,1134.1,4430.0,100.4,13.8,95.3,96.7,112.3,9.4,89.2,26.3,90.5,44.2,114.5,271.3,130.3,9.8,5.7,3.7,1.8,2.1,5.7,7.6,17.8,39.4,29.5,2.2,1.7,6.7,110.5,9.9,83.2,283.8,5.7,19.8,23.2,85.2,1.8,0.1,3.8,2.9,2.9,0.8,3.5,0.4,3.5,1.5,3.9,6.7,2.1,1.5,0.0,0.6,1.3,0.6,0.7,0.0,0.4,1.6,1.3,1.4,0.0,1.4,4.4,1.5,3.3,85.2,5.7,10.4,40.5,46.6,184.8,4.1,0.5,3.8,3.8,4.4,0.3,3.6,1.0,3.6,1.7,4.5,10.6,5.0,0.4,0.2,0.1,0.1,0.1,0.2,0.3,0.7,1.5,1.1,0.1,0.1,0.2,4.5,0.4,3.4,10.4,26.8,23.0,51.8,23.0,23.0,23.0,23.0,23.0,51.8,23.8,23.8,23.8,23.8,23.0,23.0,23.0,23.0,0.0,10.9,41.9,87.4,3.9,6.4,3.7,4.0,4.9,11.0,0.5,0.2,0.2,0.9,1.9,0.1,4.4,3.3,13.4,58.1,12.6,2.7,22.9,3.5,4.8,9.5,89.0,0.5,0.3,0.4,0.6,5.9,0.3,1.7,1.8,75.7,0.0,0.0,93.4,70.8,92.8,91.2,85.7,0.0,99.1,99.5,99.4,98.5,92.2,99.5,94.0,94.9,2595.3,26.00,42,42,42,84,125,766,1,84.4,81.1,79.0,68.1,67.3,74.1,79.4,67.5,69.2,67.0,67.9,67.2,70.2,65.1,63.2,64.9,63.4,65.4,63.5,65.4,63.9,67.0,68.4,65.6,75.2,70.2,71.0,73.3,70.0,1.173,1.103,1.096,15.808,11.914,15.820,51.000,6.650,44.986,0.780,3.255,5.101,0.165,0.616,0.161,0.201,0.312,1.919,0.071,0.057,0.063,0.069,0.179,0.058,0.131,0.122,18.616,13.146,39.050,1730.2,2595.3,3927.1,5231.1,2623.0,5245.6,14.6,31.9,67.5,82.5,85.9,95.4,No,No,No,1.537,0.837,1.7,2800,3000,41.0,1.125,1.125,1.815,1.800,1.020,5.040,No,No,No,46.2,1.125,1.110,1.815,1.800,1.020,5.040,0.500,No,No,No,34,34,100.0,100.0,No,No,2627,2056,0.0,0.0,0.0,0.000,0.044,26545,11963,72.5,0.720,15.000,600.0,2600.0,1200.0,100.0,0.0,0.0,0.0,0.0,0.0,0.0,0.0,0.0,0,0,16.0,145,No,No,No,74.8,68.0,83.0,0.860,20.006,19.963,20.050,86.202,44.943,7.566,70.298,12.174,77.895,4.600,57.745,84.321,55.000,115.000,2370.0,1375.1,2055.0,2342.5,2137.0,98.0,18.0,0.0,63.0,51.7,24.4,97.7,0.0,0.0,0.0,Yes,No,No,No,No,Yes,No,0,0,0,0,0,0,0,0,0,0,0,0,0,0,0,0,0,0,0,0,0,0,0,0,0,0,0,0,0,0,3934,4217,3971,117,32.0,17.593,90.576,100.0,0.000,0.0,57.6,59.7,55.1,54.6,54.6,54.6,57.6,58.1,56.2,55.9,55.8,55.8,17.37,17.83,17.20,17.20,17.88,17.88,17.26,0.11,4.14,13.22,0.12,0,0,0.0,0.0,1355,21,0.4,0.2,0,
9.6.2026,12:23:52.245,12290,28380,30.2,9830,22136,30.7,0.0,8704,2,1.065,1.070,1.065,1.065,1.065,1.065,1.065,1.065,1.065,1.065,1.065,1.065,1.065,1.065,1.065,1.065,1.065,2370.2,2218.2,4991.0,2218.2,2218.2,2218.2,2218.2,2218.2,2218.2,2379.0,2379.0,2379.0,2053.4,2053.4,2053.4,2053.4,2053.4,99.8,287.7,2080.6,1233.1,1892.4,2549.5,13.8,89.5,78.9,135.0,12.6,91.4,30.9,93.8,35.8,110.5,222.5,213.0,14.4,15.6,3.2,2.2,2.3,1.3,4.1,25.5,27.8,26.3,2.5,2.4,6.4,103.5,9.0,76.4,287.7,5.7,19.4,25.4,36.6,49.5,1.3,3.2,2.2,3.8,0.5,3.3,1.7,3.2,1.9,3.4,5.7,5.5,0.6,1.4,1.1,0.0,1.1,0.0,2.6,0.3,0.9,0.9,0.3,0.0,0.4,3.1,0.5,1.3,49.5,5.7,10.4,38.7,50.7,78.9,106.2,0.5,3.6,3.1,5.3,0.5,3.7,1.2,3.7,1.4,4.4,8.6,8.6,0.6,0.6,0.1,0.1,0.1,0.0,0.1,1.0,1.0,1.0,0.1,0.1,0.2,4.2,0.3,3.1,10.4,23.7,22.2,50.0,22.2,22.2,22.2,22.2,22.2,22.2,23.8,23.8,23.8,20.6,20.6,20.6,20.6,20.6,0.0,10.9,43.7,84.7,3.7,6.4,3.7,4.1,4.7,11.7,0.8,0.2,0.1,1.1,1.4,0.2,4.1,3.0,13.5,56.3,15.3,2.3,28.0,2.4,5.1,8.9,88.3,1.5,0.3,0.2,0.7,3.4,0.5,1.6,1.4,75.6,0.0,0.0,94.1,65.6,93.8,90.8,86.4,0.0,97.7,99.5,99.6,98.2,95.2,99.3,94.3,95.6,2595.3,26.00,42,42,42,84,125,766,1,84.5,82.3,77.1,68.6,68.0,75.0,80.5,68.0,70.0,67.5,68.6,67.7,71.1,65.8,63.8,65.6,64.0,66.0,64.1,66.2,64.5,67.7,69.1,66.3,75.5,70.8,71.5,74.0,70.6,1.184,1.103,1.096,16.293,11.939,16.297,50.250,6.658,45.687,0.814,3.396,5.300,0.158,0.695,0.151,0.219,0.293,2.048,0.098,0.061,0.066,0.080,0.139,0.064,0.134,0.115,19.347,13.172,39.814,1730.2,2595.3,3916.0,5241.6,2590.3,5245.0,15.1,31.4,68.7,82.7,86.3,96.9,No,No,No,1.545,0.835,1.7,2900,3000,41.0,1.125,1.125,1.815,1.800,1.020,5.040,No,No,No,46.2,1.125,1.125,1.800,1.800,1.020,5.040,0.500,No,No,No,34,34,100.0,100.0,No,No,2627,2056,0.0,0.1,0.1,0.000,0.006,26545,11963,73.0,0.720,18.000,600.0,2600.0,1200.0,100.0,0.0,0.0,0.0,0.0,0.0,0.0,0.0,0.0,0,0,16.0,145,No,No,No,75.7,68.0,83.0,0.860,20.031,19.985,20.077,84.984,40.710,9.973,71.213,14.585,81.213,4.600,64.804,38.585,55.000,115.000,2370.0,1500.1,2055.0,2345.6,2137.0,97.0,17.0,0.0,66.0,51.7,24.3,97.2,0.0,0.0,0.0,Yes,No,No,No,No,Yes,No,0,0,0,0,0,0,0,0,0,0,0,0,0,0,0,0,0,0,0,0,0,0,0,0,0,0,0,0,0,0,3934,4217,3971,117,32.0,17.592,90.576,100.0,0.000,0.0,57.5,62.3,54.4,53.7,53.6,53.6,57.6,62.4,55.2,55.0,55.0,55.0,17.39,18.16,16.46,16.21,18.33,18.33,17.05,0.30,4.22,13.17,0.44,0,0,0.0,0.0,1355,21,1.0,0.2,0,
9.6.2026,12:23:54.249,12289,28381,30.2,9830,22136,30.7,0.0,8704,2,1.125,1.130,1.125,1.125,1.125,1.125,1.125,1.125,1.125,1.125,1.125,1.125,1.125,1.125,1.125,1.125,1.125,2867.4,5140.7,5140.7,2284.8,2284.8,2284.8,2284.8,2284.8,5140.7,2379.0,2379.0,2379.0,2379.0,2379.0,2379.0,2379.0,2379.0,99.8,311.7,2619.8,1985.8,1024.3,2889.5,7.2,90.9,93.4,133.9,12.7,84.5,9.8,100.8,25.5,127.1,256.0,180.1,9.6,16.0,2.4,1.6,2.5,6.3,5.2,19.3,42.8,32.4,3.9,3.4,6.8,101.5,8.1,70.5,311.7,5.4,15.7,39.9,20.1,56.0,0.0,2.9,2.1,3.4,0.0,2.6,0.0,3.0,0.4,3.5,6.2,4.8,0.0,0.0,0.0,0.0,0.0,0.0,0.0,0.4,0.9,0.6,0.0,4.3,0.0,4.1,0.0,3.7,56.0,5.4,10.5,31.8,82.3,42.6,120.4,0.3,3.7,3.6,5.2,0.5,3.4,0.3,4.0,1.0,5.1,10.0,7.1,0.4,0.6,0.1,0.1,0.1,0.3,0.2,0.8,1.7,1.2,0.1,0.1,0.2,4.1,0.3,2.9,10.5,28.7,51.5,51.5,22.9,22.9,22.9,22.9,22.9,51.5,23.8,23.8,23.8,23.8,23.8,23.8,23.8,23.8,0.0,10.9,53.9,76.3,3.6,6.6,3.5,3.9,4.8,11.4,0.7,0.2,0.3,0.9,1.9,0.2,4.0,2.8,13.7,46.1,23.7,2.3,31.3,2.7,4.1,9.0,88.6,0.5,0.8,0.3,1.1,6.0,0.3,1.8,1.4,75.3,0.0,0.0,94.1,62.1,93.7,92.0,86.2,0.0,98.8,99.0,99.5,98.0,92.1,99.4,94.2,95.8,2595.3,26.00,42,42,42,84,125,766,1,84.9,82.1,82.0,69.1,68.4,76.3,79.0,68.6,70.2,68.0,68.7,68.2,71.1,66.1,64.3,66.0,64.6,66.4,64.7,66.5,65.0,68.1,69.4,66.7,76.0,70.9,72.1,74.7,71.0,1.165,1.103,1.096,15.950,11.963,15.945,57.000,6.661,44.959,0.783,3.590,4.679,0.149,0.762,0.149,0.181,0.312,1.944,0.078,0.064,0.065,0.077,0.176,0.061,0.130,0.107,18.673,13.196,39.168,1730.2,2595.3,3908.7,5208.0,2609.4,5217.2,14.8,35.6,67.7,81.9,86.7,96.6,No,No,No,1.520,0.814,1.8,3000,3100,41.0,1.125,1.125,1.815,1.800,1.020,5.040,No,No,No,46.2,1.125,1.125,1.815,1.800,1.020,5.040,0.625,No,No,No,34,34,100.0,100.0,No,No,2627,2056,0.0,0.1,0.1,0.000,0.014,26545,11963,73.5,0.720,61.000,600.0,2600.0,1200.0,100.0,0.0,0.0,0.0,0.0,0.0,0.0,0.0,0.0,0,0,16.0,145,No,No,No,76.1,68.0,83.0,0.865,20.020,19.975,20.066,85.381,40.289,9.748,71.624,14.366,81.389,4.600,61.085,39.213,55.000,115.000,2377.0,1500.1,2062.0,2349.1,2145.0,98.0,16.0,0.0,62.0,51.7,24.6,98.6,0.0,0.0,0.0,Yes,No,No,No,No,Yes,No,0,0,0,0,0,0,0,0,0,0,0,0,0,0,0,0,0,0,0,0,0,0,0,0,0,0,0,0,0,0,3934,4217,3970,114,32.0,17.592,90.576,100.0,0.000,0.0,54.7,57.6,52.1,51.6,51.6,51.6,54.8,55.8,53.2,52.9,52.8,52.8,18.28,18.78,17.91,17.90,18.93,18.93,18.12,0.15,4.07,14.21,0.16,0,0,0.0,0.0,1355,21,0.1,0.1,0,
9.6.2026,12:23:56.252,12290,28380,30.2,9828,22138,30.7,0.0,8704,2,1.226,1.225,1.230,1.230,1.230,1.230,1.225,1.225,1.225,1.225,1.225,1.225,1.225,1.225,1.225,1.225,1.225,2875.6,5290.5,5290.5,2351.3,2351.3,2351.3,2351.3,2351.3,5290.5,2379.0,2379.0,2379.0,2379.0,2379.0,2379.0,2053.4,2053.4,99.8,326.4,3252.3,2514.1,2579.7,739.5,12.1,88.6,63.0,127.8,11.2,101.6,11.9,89.1,33.1,104.0,261.1,148.8,4.4,11.4,2.9,2.4,2.3,1.0,5.9,21.1,35.2,32.7,2.2,1.6,7.0,101.3,4.0,71.0,326.4,5.1,16.6,49.5,49.8,13.6,0.0,2.2,1.6,2.8,1.0,2.4,1.8,2.9,0.8,3.1,6.4,3.6,0.1,0.3,0.0,0.0,0.0,0.0,0.0,0.7,0.2,0.1,0.0,0.0,0.0,2.7,0.0,1.6,49.8,5.1,10.3,34.1,104.5,107.3,30.5,0.5,3.6,2.4,5.0,0.4,4.1,0.4,3.6,1.3,4.1,10.2,5.9,0.2,0.5,0.1,0.1,0.1,0.0,0.2,0.8,1.4,1.2,0.1,0.1,0.3,4.1,0.1,2.9,10.3,28.8,53.0,53.0,23.6,23.6,23.6,23.6,23.6,53.0,23.8,23.8,23.8,23.8,23.8,23.8,20.6,20.6,0.0,10.8,65.0,64.1,3.7,6.0,3.9,3.7,4.4,11.1,0.5,0.2,0.1,1.0,1.9,0.1,4.0,2.7,13.3,35.0,35.9,2.1,25.8,2.8,2.7,8.7,88.8,0.4,0.3,0.2,0.7,5.7,0.2,1.5,1.3,76.0,0.0,0.0,94.3,68.2,93.3,93.7,86.9,0.1,99.1,99.5,99.6,98.3,92.4,99.6,94.5,96.0,2595.3,26.00,42,42,42,84,125,766,1,85.4,83.4,85.4,70.1,68.9,79.2,78.0,69.7,70.2,68.8,69.1,68.9,71.7,66.5,64.9,66.4,65.1,66.9,65.2,67.0,65.6,68.7,70.1,67.3,76.0,71.4,72.2,75.0,71.8,1.179,1.103,1.096,16.168,11.997,16.166,52.750,6.669,45.399,0.794,4.225,4.291,0.159,0.642,0.182,0.162,0.293,1.998,0.073,0.061,0.064,0.075,0.177,0.060,0.133,0.111,19.077,13.234,39.621,1730.2,2595.3,3920.8,5238.9,2602.7,5252.7,15.0,33.0,68.4,82.1,87.1,98.1,No,No,No,1.470,0.796,1.7,3000,3200,41.2,1.125,1.125,1.815,1.800,1.020,5.040,No,No,No,46.5,1.125,1.125,1.815,1.800,1.005,5.040,0.125,No,No,No,34,34,100.0,100.0,No,No,2627,2056,0.0,0.1,0.1,0.000,0.006,26545,11963,74.0,0.720,15.000,600.0,2600.0,1200.0,100.0,0.0,0.0,0.0,0.0,0.0,0.0,0.0,0.0,0,0,16.0,145,No,No,No,76.6,68.0,83.0,0.865,20.025,19.980,20.070,85.823,39.551,9.750,71.372,14.360,81.143,4.600,63.012,32.623,55.000,115.000,2377.0,1500.1,2062.0,2346.4,2145.0,98.0,16.0,0.0,58.0,51.7,24.5,98.1,0.0,0.0,0.0,Yes,No,No,No,No,Yes,No,0,0,0,0,0,0,0,0,0,0,0,0,0,0,0,0,0,0,0,0,0,0,0,0,0,0,0,0,0,0,3934,4217,3970,115,32.0,17.592,90.576,100.0,0.000,0.0,55.9,60.4,47.9,44.5,44.1,44.1,55.9,57.2,49.1,45.6,45.2,45.2,17.89,20.42,17.47,17.46,22.14,22.14,17.65,0.24,4.02,13.86,0.49,0,0,0.0,0.0,1355,21,0.3,0.2,0,
9.6.2026,12:23:58.241,12285,28385,30.2,9825,22141,30.7,0.0,8704,2,1.118,1.115,1.120,1.120,1.120,1.120,1.120,1.120,1.120,1.120,1.120,1.115,1.115,1.115,1.115,1.115,1.115,2559.5,2273.7,5115.8,2273.7,2273.7,2273.7,2273.7,2273.7,5115.8,2379.0,2379.0,2053.4,2053.4,2053.4,2053.4,2053.4,2053.4,99.8,278.4,1732.7,1017.6,4259.9,478.0,13.6,81.2,87.3,136.8,17.5,87.0,11.2,84.2,26.1,104.5,285.7,149.0,6.4,11.8,3.8,2.1,2.4,2.0,7.6,36.8,37.4,27.8,2.7,2.2,10.5,103.4,7.8,71.4,278.4,6.0,17.4,21.7,82.5,10.7,1.1,3.6,2.1,3.7,1.2,3.7,1.1,2.8,0.6,3.2,7.1,3.8,0.0,1.8,1.6,0.8,0.1,4.5,1.0,2.5,1.0,1.5,1.6,0.0,1.0,4.3,1.0,3.1,82.5,6.0,10.3,34.2,41.4,178.1,19.6,0.5,3.3,3.4,5.4,0.7,3.5,0.4,3.3,1.0,4.1,11.1,5.9,0.2,0.5,0.1,0.1,0.1,0.1,0.3,1.5,1.5,1.0,0.1,0.1,0.4,4.2,0.3,2.9,10.3,25.6,22.8,51.2,22.8,22.8,22.8,22.8,22.8,51.2,23.8,23.8,20.6,20.6,20.6,20.6,20.6,20.6,0.0,10.9,37.9,92.1,3.5,6.5,3.7,3.5,4.4,11.8,0.6,0.2,0.2,1.3,1.8,0.2,4.1,2.8,12.9,62.1,7.9,2.3,22.9,2.1,2.9,8.3,88.2,0.7,0.3,0.2,1.3,4.2,0.5,1.7,1.3,76.2,0.0,0.0,94.2,70.6,94.2,93.6,87.3,0.0,98.8,99.5,99.6,97.4,94.0,99.4,94.2,95.9,2595.3,26.00,42,42,42,84,125,766,1,84.6,82.0,80.5,70.1,69.1,74.7,81.0,69.0,70.9,68.7,69.6,68.8,71.9,67.1,65.3,66.9,65.5,67.3,65.6,67.5,66.0,68.9,70.2,67.7,76.2,71.7,73.0,75.4,72.0,1.145,1.103,1.096,15.276,11.996,15.273,53.250,6.681,43.900,0.721,2.822,4.919,0.139,0.576,0.142,0.146,0.251,1.848,0.069,0.056,0.058,0.090,0.138,0.059,0.125,0.100,17.533,13.235,38.088,1730.2,2595.3,3894.4,5173.1,2615.6,5181.7,14.1,33.3,66.0,82.1,87.5,96.4,No,No,No,1.448,0.784,1.7,3000,3300,41.2,1.125,1.125,1.815,1.800,1.020,5.040,No,No,No,46.5,1.125,1.125,1.815,1.800,1.020,5.040,0.125,No,No,No,33,33,100.0,100.0,No,No,2627,2056,0.0,0.0,0.0,0.000,0.000,26545,11963,74.3,0.720,14.000,600.0,2600.0,1200.0,100.0,0.0,0.0,0.0,0.0,0.0,0.0,0.0,0.0,0,0,16.0,145,No,No,No,77.8,70.0,83.0,0.860,20.026,19.981,20.071,86.526,43.940,7.033,74.024,11.656,81.087,4.600,59.396,69.781,55.000,115.000,2377.0,1375.1,2062.0,2345.8,2145.0,98.0,18.0,0.0,61.0,51.7,24.4,97.7,0.0,0.0,0.0,Yes,No,No,No,No,Yes,No,0,0,0,0,0,0,0,0,0,0,0,0,0,0,0,0,0,0,0,0,0,0,0,0,0,0,0,0,0,0,3934,4217,3970,115,32.0,17.592,90.576,100.0,0.000,0.0,56.8,59.5,53.8,53.7,53.7,53.7,56.8,57.5,55.8,55.8,55.8,55.8,17.60,17.93,17.39,17.38,17.95,17.95,17.48,0.12,3.85,13.75,0.13,0,0,0.0,0.0,1355,21,0.4,0.3,0,
9.6.2026,12:24:0.243,12283,28388,30.2,9824,22142,30.7,0.0,8704,2,1.186,1.190,1.190,1.190,1.190,1.190,1.190,1.190,1.190,1.190,1.190,1.190,1.190,1.175,1.175,1.175,1.175,2900.0,2329.1,5240.5,2329.1,2329.1,2329.1,2329.1,5240.5,5240.5,2379.0,2379.0,2379.0,2379.0,2379.0,2379.0,2379.0,2379.0,99.8,283.3,1822.9,1152.4,63.9,4516.0,10.0,90.4,80.3,169.9,8.9,84.8,18.2,97.8,27.8,96.9,276.2,187.0,12.4,11.5,3.9,3.7,2.0,1.1,5.0,23.6,52.2,52.5,2.8,2.6,4.5,104.7,5.8,74.3,283.3,5.7,15.4,24.3,2.1,87.8,1.0,3.1,2.0,5.3,1.0,2.9,1.2,2.4,0.7,2.3,7.0,4.6,2.6,0.0,0.0,1.6,0.8,0.0,0.0,0.0,1.3,1.2,0.0,7.3,0.0,3.6,0.2,1.8,87.8,5.7,10.3,30.6,47.6,2.6,188.5,0.4,3.6,3.1,6.7,0.3,3.4,0.7,3.9,1.0,3.9,11.1,7.3,0.5,0.4,0.1,0.1,0.1,0.0,0.2,0.9,2.1,2.1,0.1,0.1,0.2,4.2,0.2,3.0,10.3,29.1,23.3,52.5,23.3,23.3,23.3,23.3,52.5,52.5,23.8,23.8,23.8,23.8,23.8,23.8,23.8,23.8,0.0,10.9,39.2,89.1,3.7,7.3,3.5,4.0,4.5,12.0,0.7,0.3,0.1,1.1,2.5,0.2,4.0,2.9,13.4,60.8,10.9,2.2,27.7,2.7,4.3,8.1,86.1,1.1,1.0,0.2,1.2,5.1,0.4,1.5,0.9,75.7,0.0,0.0,94.1,65.0,93.8,91.7,87.4,1.9,98.2,98.8,99.7,97.8,92.4,99.4,94.5,96.1,2595.3,26.00,42,42,42,84,125,766,1,84.8,82.8,83.0,76.1,69.6,75.7,81.2,69.6,71.5,69.1,70.1,69.2,72.4,67.5,65.6,67.3,65.8,67.9,65.9,67.9,66.3,69.4,70.6,68.2,76.5,72.1,73.2,76.0,72.5,1.155,1.103,1.096,15.659,12.016,15.651,49.750,6.684,44.437,0.750,3.035,4.889,0.148,0.681,0.148,0.198,0.251,1.880,0.084,0.068,0.059,0.079,0.197,0.061,0.127,0.098,18.104,13.253,38.683,1730.2,2595.3,3904.8,5186.7,2622.9,5197.9,14.5,31.1,66.9,81.2,87.8,97.4,No,No,No,1.445,0.766,1.8,3000,3300,41.2,1.125,1.125,1.815,1.800,1.020,5.040,No,No,No,46.5,1.095,1.125,1.815,1.800,1.020,5.040,0.125,No,No,No,34,34,100.0,100.0,No,No,2627,2056,0.0,0.1,0.1,0.000,0.071,26545,11963,74.7,0.720,17.000,600.0,2600.0,1200.0,100.0,0.0,0.0,0.0,0.0,0.0,0.0,0.0,0.0,0,0,16.0,145,No,No,No,77.4,70.0,83.0,0.860,20.023,19.979,20.068,87.124,44.997,7.532,72.101,12.154,79.668,4.600,58.350,80.575,55.000,115.000,2370.0,1375.1,2055.0,2345.1,2137.0,98.0,16.0,0.0,55.0,51.7,24.5,97.8,0.0,0.0,0.0,Yes,No,No,No,No,Yes,No,0,0,0,0,0,0,0,0,0,0,0,0,0,0,0,0,0,0,0,0,0,0,0,0,0,0,0,0,0,0,3934,4217,3970,115,32.0,17.592,90.576,100.0,0.000,0.0,57.4,59.5,54.6,54.4,54.4,54.4,57.4,58.1,56.4,56.4,56.4,56.4,17.41,17.73,17.22,17.22,17.75,17.75,17.28,0.13,3.82,13.59,0.14,0,0,0.0,0.0,1355,21,0.3,0.2,0,
9.6.2026,12:24:2.241,12289,28382,30.2,9827,22139,30.7,0.0,8704,2,1.190,1.135,1.180,1.180,1.180,1.190,1.190,1.190,1.190,1.190,1.190,1.190,1.190,1.210,1.210,1.210,1.210,2633.1,5140.7,5240.5,2329.1,2329.1,2340.2,2340.2,2340.2,2340.2,2379.0,2379.0,2379.0,2379.0,2053.4,2053.4,2053.4,2053.4,99.8,311.6,2576.5,1771.7,2714.0,1261.1,35.8,109.8,96.5,159.4,12.8,99.8,35.8,104.5,35.7,116.7,301.3,184.0,12.6,9.1,6.2,5.3,4.2,3.1,5.6,18.6,36.5,32.0,4.3,2.1,6.8,110.6,6.5,91.6,311.6,5.8,18.3,35.6,52.8,23.5,1.0,3.7,1.6,4.5,0.0,3.4,1.0,4.2,1.1,3.8,7.3,3.9,0.0,0.0,0.0,0.0,0.0,0.0,4.1,0.0,1.9,1.0,4.1,0.0,3.4,3.2,0.0,3.1,52.8,5.8,10.7,37.3,73.2,113.1,52.4,1.4,4.4,3.8,6.3,0.4,4.0,1.4,4.1,1.4,4.6,11.9,7.3,0.5,0.3,0.2,0.2,0.1,0.1,0.2,0.7,1.4,1.2,0.1,0.1,0.2,4.5,0.2,3.7,10.7,26.4,51.5,52.5,23.3,23.3,23.4,23.4,23.4,23.4,23.8,23.8,23.8,23.8,20.6,20.6,20.6,20.6,0.0,11.1,52.6,77.0,4.5,7.1,3.9,4.5,5.0,11.8,0.7,0.4,0.3,0.9,1.9,0.2,4.3,3.3,14.4,47.4,23.0,4.7,26.4,4.5,7.0,10.1,88.2,1.6,1.9,1.3,1.7,6.4,1.3,3.4,2.4,74.4,0.0,0.0,90.8,66.5,91.6,88.5,84.9,0.0,97.8,97.6,98.5,97.4,91.7,98.5,92.4,94.4,2595.3,26.00,42,42,42,84,125,766,1,85.8,85.0,83.5,71.6,70.5,79.0,81.8,71.0,72.4,70.1,71.1,70.2,73.8,67.9,66.1,67.8,66.4,68.4,66.5,68.5,66.9,70.1,71.5,68.7,77.5,72.6,73.7,76.1,73.0,1.189,1.103,1.096,17.021,12.045,17.029,63.000,6.699,46.740,0.874,3.920,5.040,0.257,0.772,0.205,0.280,0.349,2.200,0.096,0.092,0.082,0.093,0.198,0.081,0.178,0.147,20.225,13.283,40.849,1730.2,2595.3,3956.7,5243.6,2669.8,5250.4,15.8,39.4,70.3,81.7,88.2,100.0,No,No,No,1.635,0.865,1.8,3100,3300,41.5,1.110,1.125,1.815,1.800,1.020,5.040,No,No,No,46.5,1.110,1.110,1.815,1.800,1.020,5.040,0.250,No,No,No,34,34,100.0,100.0,No,No,2627,2056,0.0,0.1,0.1,0.000,0.018,26545,11964,75.1,0.720,15.000,600.0,2600.0,1200.0,100.0,0.0,0.0,0.0,0.0,0.0,0.0,0.0,0.0,0,0,16.0,145,No,No,No,78.3,70.0,83.0,0.860,20.019,19.974,20.063,86.056,46.145,7.850,72.557,12.468,80.433,4.600,63.449,81.659,55.000,115.000,2370.0,1375.1,2055.0,2344.7,2137.0,98.0,17.0,0.0,71.0,51.7,24.4,97.5,0.0,0.0,0.0,Yes,No,No,No,No,Yes,No,0,0,0,0,0,0,0,0,0,0,0,0,0,0,0,0,0,0,0,0,0,0,0,0,0,0,0,0,0,0,3934,4217,3970,116,32.0,17.593,90.576,100.0,0.000,0.0,56.7,59.4,53.4,53.1,53.1,53.1,56.7,57.3,55.5,55.3,55.3,55.3,17.65,18.03,17.45,17.44,18.12,18.12,17.51,0.14,4.42,13.23,0.17,0,0,0.0,0.0,1355,21,0.7,0.2,0,
9.6.2026,12:24:4.254,12289,28382,30.2,9826,22140,30.7,0.0,8704,2,1.124,1.185,1.120,1.120,1.120,1.120,1.120,1.120,1.120,1.120,1.120,1.120,1.120,1.120,1.120,1.120,1.120,2732.5,2318.0,5090.8,2262.6,5090.8,2262.6,2262.6,2262.6,5090.8,2379.0,2379.0,2053.4,2053.4,2053.4,2053.4,2053.4,2053.4,99.8,312.9,2653.7,1965.7,3736.6,162.5,12.7,91.2,86.9,156.6,14.3,91.5,17.0,102.1,37.4,106.4,289.3,138.4,5.1,13.9,4.7,4.0,2.8,2.5,5.5,16.0,43.2,31.9,3.0,2.4,6.1,126.5,5.4,78.5,312.9,5.5,16.8,39.7,72.4,3.6,0.3,3.0,2.1,4.2,0.4,2.2,0.0,3.2,0.9,3.1,7.1,3.6,0.1,0.4,0.9,2.4,0.1,0.0,0.1,1.3,1.0,0.8,0.1,0.1,0.1,3.9,0.9,2.6,72.4,5.5,10.5,33.7,81.5,155.6,6.6,0.5,3.6,3.4,6.2,0.5,3.6,0.6,4.0,1.4,4.2,11.3,5.5,0.2,0.5,0.2,0.1,0.1,0.1,0.2,0.6,1.7,1.2,0.1,0.1,0.2,5.1,0.2,3.2,10.5,27.4,23.2,51.0,22.7,51.0,22.7,22.7,22.7,51.0,23.8,23.8,20.6,20.6,20.6,20.6,20.6,20.6,0.0,11.0,54.6,76.1,3.7,7.0,3.7,4.0,4.7,11.4,0.6,0.3,0.2,0.8,1.9,0.2,4.4,3.0,13.9,45.4,23.9,3.0,31.6,3.5,4.9,10.1,88.6,0.6,0.8,0.3,0.8,5.4,0.3,2.6,1.5,75.0,0.0,0.0,93.3,61.4,92.7,91.1,85.2,0.0,98.8,98.9,99.5,98.4,92.7,99.5,93.0,95.6,2595.3,26.00,42,42,42,84,125,766,1,86.0,84.4,84.9,71.1,70.5,78.9,81.0,70.8,72.3,70.1,71.0,70.3,73.4,68.1,66.5,68.1,66.7,68.6,66.8,68.8,67.2,70.2,71.5,69.0,77.2,72.7,74.3,76.9,73.3,1.162,1.103,1.096,16.223,12.068,16.225,49.250,6.705,45.332,0.798,3.733,4.643,0.167,0.778,0.171,0.210,0.308,1.971,0.074,0.069,0.064,0.074,0.170,0.062,0.164,0.117,18.859,13.307,39.514,1730.2,2595.3,3945.5,5197.4,2693.6,5202.9,15.0,30.8,68.2,82.2,88.6,99.3,No,No,No,1.642,0.905,1.8,3300,3500,41.5,1.110,1.125,1.815,1.800,1.020,5.040,No,No,No,46.5,1.110,1.125,1.800,1.800,1.020,5.040,0.125,No,No,No,34,34,100.0,100.0,No,No,2627,2056,0.0,0.1,0.1,0.000,0.098,26545,11964,75.4,0.720,22.000,600.0,2600.0,1200.0,100.0,0.0,0.0,0.0,0.0,0.0,0.0,0.0,0.0,0,0,16.0,145,No,No,No,77.6,70.0,83.0,0.860,20.019,19.976,20.061,86.108,46.623,7.691,69.993,12.309,77.718,4.600,63.277,90.777,55.000,115.000,2370.0,1375.1,2055.0,2346.9,2137.0,97.0,17.0,0.0,68.0,51.7,24.6,98.2,0.0,0.0,0.0,Yes,No,No,No,No,Yes,No,0,0,0,0,0,0,0,0,0,0,0,0,0,0,0,0,0,0,0,0,0,0,0,0,0,0,0,0,0,0,3934,4217,3970,117,32.0,17.594,90.576,100.0,0.000,0.0,55.0,69.6,44.7,39.8,39.3,39.3,55.0,56.0,53.2,53.1,53.1,53.1,18.18,18.80,17.85,17.84,18.87,18.87,17.92,0.27,4.60,13.58,0.38,0,0,0.0,0.0,1355,21,0.1,0.2,0,
9.6.2026,12:24:6.239,12288,28383,30.2,9826,22140,30.7,0.0,8704,2,1.138,1.140,1.140,1.140,1.140,1.140,1.140,1.140,1.140,1.135,1.135,1.135,1.135,1.135,1.135,1.135,1.135,2867.4,2284.8,5140.7,2284.8,5140.7,2284.8,2284.8,2284.8,5140.7,2379.0,2379.0,2379.0,2379.0,2379.0,2379.0,2379.0,2379.0,99.8,298.2,2257.6,1322.3,2116.3,2191.1,6.0,92.2,92.1,165.1,12.9,91.1,13.3,98.2,25.6,122.9,309.1,167.6,17.6,16.3,3.9,2.6,2.5,1.9,5.3,17.3,49.7,120.9,3.2,2.0,6.7,120.2,12.4,75.2,298.2,6.1,21.6,27.5,40.3,43.6,0.2,3.2,2.2,4.4,0.4,3.8,1.9,3.2,0.6,3.8,7.7,4.0,1.2,1.2,0.9,0.0,0.0,7.3,0.1,1.3,1.2,2.6,0.9,2.4,1.7,3.9,0.3,3.2,43.6,6.1,10.7,43.5,54.5,88.5,91.1,0.2,3.7,3.6,6.6,0.5,3.7,0.5,3.9,1.0,4.9,12.2,6.6,0.7,0.6,0.1,0.1,0.1,0.1,0.2,0.7,2.0,4.9,0.1,0.1,0.2,4.9,0.5,3.0,10.7,28.7,22.9,51.5,22.9,51.5,22.9,22.9,22.9,51.5,23.8,23.8,23.8,23.8,23.8,23.8,23.8,23.8,0.0,11.3,47.6,84.0,3.7,7.0,3.8,4.0,5.0,12.6,0.9,0.2,0.2,0.8,3.4,0.2,4.5,3.0,13.2,52.4,16.0,2.4,25.9,2.7,3.6,8.2,87.4,1.2,0.4,0.3,0.9,5.4,0.3,2.2,2.6,75.5,0.0,0.0,93.9,67.1,93.5,92.4,86.8,0.0,97.9,99.4,99.6,98.3,91.2,99.5,93.3,94.4,2595.3,26.00,42,42,42,84,125,766,1,86.0,84.1,83.0,74.6,70.8,77.8,82.1,70.9,72.5,70.3,71.2,70.5,73.7,68.6,66.7,68.5,66.9,69.3,67.0,69.1,67.5,70.5,71.8,69.3,78.2,73.4,74.8,77.0,74.0,1.155,1.103,1.096,16.021,12.085,16.023,54.250,6.704,45.018,0.786,3.356,4.861,0.153,0.677,0.159,0.184,0.278,1.971,0.099,0.061,0.063,0.075,0.282,0.060,0.157,0.133,18.517,13.323,39.186,1730.2,2595.3,3942.7,5185.3,2700.0,5192.6,14.8,33.9,67.7,82.1,89.0,99.0,No,No,No,1.690,0.933,1.8,3300,3600,41.5,1.110,1.125,1.815,1.800,1.020,5.040,No,No,No,46.5,1.110,1.125,1.815,1.800,1.020,5.040,0.125,No,No,No,34,34,100.0,100.0,No,No,2627,2056,0.0,0.0,0.0,0.000,0.000,26545,11964,75.8,0.720,18.000,600.0,2600.0,1200.0,100.0,0.0,0.0,0.0,0.0,0.0,0.0,0.0,0.0,0,0,16.0,145,No,No,No,79.0,72.0,83.0,0.860,20.013,19.965,20.060,85.994,40.910,9.623,73.674,14.244,83.308,4.600,61.047,39.874,55.000,115.000,2370.0,1500.1,2055.0,2345.3,2137.0,97.0,17.0,0.0,71.0,51.7,24.4,97.4,0.0,0.0,0.0,Yes,No,No,No,No,Yes,No,0,0,0,0,0,0,0,0,0,0,0,0,0,0,0,0,0,0,0,0,0,0,0,0,0,0,0,0,0,0,3934,4217,3970,117,32.0,17.594,90.576,100.0,0.000,0.0,56.8,60.7,52.5,51.9,51.9,51.9,56.8,58.7,53.6,53.6,53.6,53.6,17.60,18.65,17.04,17.01,18.66,18.66,17.33,0.26,4.57,13.03,0.40,0,0,0.0,0.0,1355,21,0.1,0.2,0,
9.6.2026,12:24:8.253,12286,28384,30.2,9827,22140,30.7,0.0,8704,2,1.180,1.185,1.185,1.185,1.185,1.185,1.185,1.185,1.185,1.185,1.185,1.185,1.185,1.185,1.160,1.160,1.160,2649.7,2318.0,5215.6,2318.0,5215.6,2318.0,2318.0,2318.0,2318.0,2379.0,2379.0,2379.0,2379.0,2379.0,2053.4,2053.4,2053.4,99.8,287.8,2091.1,1211.5,1927.0,2414.9,9.3,105.9,94.6,164.4,10.4,104.2,18.6,97.7,35.7,126.4,272.8,184.2,11.3,5.2,3.7,2.3,3.6,1.6,5.3,17.8,33.6,32.3,2.5,1.9,6.6,125.8,5.8,82.5,287.8,5.7,21.0,26.0,38.7,48.7,0.2,3.7,3.2,3.7,0.2,3.5,0.4,2.5,0.0,4.6,7.0,5.6,0.0,0.0,0.1,0.8,1.6,0.0,0.0,0.6,0.9,0.8,0.0,0.8,0.1,4.9,0.9,2.6,48.7,5.7,10.4,41.4,49.7,80.3,100.7,0.3,4.3,3.7,6.6,0.4,4.2,0.7,3.9,1.4,5.0,10.7,7.4,0.4,0.2,0.1,0.1,0.1,0.1,0.2,0.7,1.3,1.2,0.1,0.1,0.2,5.1,0.2,3.4,10.4,26.5,23.2,52.2,23.2,52.2,23.2,23.2,23.2,23.2,23.8,23.8,23.8,23.8,23.8,20.6,20.6,20.6,0.0,11.4,45.6,86.9,4.4,7.7,4.2,4.3,5.4,12.7,0.5,0.2,0.2,0.8,1.8,0.2,4.8,3.0,13.1,54.4,13.1,2.1,27.3,3.5,3.2,10.3,87.3,0.5,0.3,0.4,0.6,3.7,0.4,1.8,1.1,75.5,0.0,0.0,93.5,64.9,92.3,92.5,84.3,0.0,99.0,99.5,99.4,98.6,94.5,99.5,93.5,95.9,2595.3,26.00,42,42,42,84,125,766,1,84.9,81.2,84.9,72.1,70.2,76.0,79.7,70.3,71.7,70.0,70.5,70.3,72.5,68.4,66.6,68.3,66.8,68.7,67.0,68.9,67.3,70.2,71.2,69.2,78.0,73.2,75.3,77.2,74.0,1.085,1.103,1.096,14.229,12.093,14.229,44.500,6.696,41.935,0.639,2.704,4.062,0.126,0.578,0.144,0.140,0.263,1.602,0.059,0.050,0.054,0.058,0.115,0.050,0.118,0.096,15.476,13.335,36.147,1730.2,2595.3,3852.0,5030.9,2673.1,5047.3,13.2,27.8,63.1,80.7,89.3,95.5,No,No,No,1.813,1.014,1.8,3400,3600,41.8,1.110,1.125,1.815,1.800,1.020,5.040,No,No,No,46.5,1.110,1.125,1.815,1.800,1.005,5.040,0.125,No,No,No,34,34,100.0,100.0,No,No,2627,2056,0.0,0.0,0.0,0.000,0.008,26545,11964,75.9,0.720,36.000,600.0,2600.0,1200.0,100.0,0.0,0.0,0.0,0.0,0.0,0.0,0.0,0.0,0,0,16.0,145,No,No,No,79.2,72.0,83.0,0.860,20.003,19.956,20.049,86.805,37.776,7.244,74.629,11.852,81.902,4.600,62.699,21.509,55.000,115.000,2370.0,1375.1,2055.0,2344.8,2137.0,98.0,18.0,0.0,80.0,51.7,24.6,98.5,0.0,0.0,0.0,Yes,No,No,No,No,Yes,No,0,0,0,0,0,0,0,0,0,0,0,0,0,0,0,0,0,0,0,0,0,0,0,0,0,0,0,0,0,0,3934,4217,3970,118,32.0,17.593,90.576,100.0,0.000,0.0,62.2,65.2,58.0,57.3,57.3,57.3,62.1,62.6,60.6,60.4,60.4,60.4,16.09,16.51,15.96,15.95,16.58,16.58,16.01,0.08,4.71,11.38,0.08,0,0,0.0,0.0,1355,21,0.3,0.2,0,
9.6.2026,12:24:10.243,12319,28351,30.2,9827,22140,30.7,0.0,8704,2,1.083,1.145,1.105,1.105,1.065,1.065,1.065,1.065,1.065,1.065,1.065,1.065,1.090,1.090,1.090,1.090,1.090,2738.4,5165.7,4966.0,2207.1,2251.5,2251.5,2251.5,2251.5,5065.9,2379.0,2379.0,2379.0,2053.4,2053.4,2053.4,2053.4,2053.4,99.8,299.3,2188.0,1519.6,1437.5,2831.1,19.2,99.4,108.5,177.6,11.9,96.5,23.9,104.4,26.7,130.1,290.4,180.0,6.6,12.1,3.5,1.9,4.5,1.5,4.6,15.9,26.9,23.9,3.7,1.6,7.4,121.5,8.1,89.8,299.3,5.9,17.0,31.1,28.6,55.1,0.0,3.3,2.5,4.7,1.0,3.1,0.0,3.9,2.1,3.8,7.2,4.2,0.9,0.2,0.0,5.8,0.0,3.0,1.6,0.0,0.0,0.5,0.8,0.0,0.0,4.0,0.1,2.7,55.1,5.9,10.6,33.9,62.5,59.8,118.1,0.7,4.0,4.3,7.1,0.4,3.9,0.9,4.2,1.0,5.2,11.4,7.1,0.2,0.5,0.1,0.1,0.2,0.1,0.2,0.6,1.0,0.9,0.1,0.1,0.3,4.9,0.3,3.7,10.6,27.4,51.8,49.8,22.1,22.6,22.6,22.6,22.6,50.8,23.8,23.8,23.8,20.6,20.6,20.6,20.6,20.6,0.0,11.2,46.3,83.4,4.2,8.1,4.0,4.3,5.0,12.1,0.6,0.2,0.2,0.8,1.4,0.2,4.6,3.2,13.6,53.7,16.6,2.3,27.2,3.2,5.8,10.3,87.9,1.1,0.5,0.3,0.6,3.8,0.3,2.3,1.7,75.2,0.0,0.0,93.5,64.7,92.8,89.9,84.7,0.0,98.3,99.3,99.5,98.6,94.8,99.5,93.2,95.0,2595.3,26.00,42,42,42,84,125,766,1,85.9,85.0,85.4,71.6,71.2,78.2,82.8,71.3,73.2,70.7,71.7,70.9,74.2,69.0,67.1,68.8,67.3,69.2,67.5,69.5,67.9,71.0,72.2,69.8,77.8,73.4,75.0,77.8,74.7,1.163,1.103,1.096,16.408,12.103,16.407,48.500,6.710,45.646,0.809,3.412,5.017,0.172,0.766,0.174,0.233,0.320,2.061,0.084,0.065,0.064,0.073,0.134,0.063,0.155,0.142,19.087,13.345,39.784,1730.2,2595.3,3931.7,5195.5,2667.8,5203.2,15.2,30.3,68.6,80.6,89.6,100.1,No,No,No,1.636,0.895,1.8,3300,3600,41.8,1.110,1.125,1.815,1.800,1.020,5.040,No,No,No,46.5,1.110,1.125,1.815,1.800,1.020,5.040,0.125,No,No,No,34,34,100.0,100.0,No,No,2627,2056,0.0,0.1,0.1,0.000,0.014,26545,11964,76.1,0.720,26.000,600.0,2600.0,1200.0,100.0,0.0,0.0,0.0,0.0,0.0,0.0,0.0,0.0,0,0,16.0,145,No,No,No,78.3,72.0,83.0,0.860,20.021,19.978,20.064,86.721,42.670,7.392,70.557,12.005,77.990,4.600,62.989,63.158,55.000,115.000,2370.0,1375.1,2055.0,2342.3,2137.0,97.0,16.0,0.0,63.0,51.7,24.2,97.0,0.0,0.0,0.0,Yes,No,No,No,No,Yes,No,0,0,0,0,0,0,0,0,0,0,0,0,0,0,0,0,0,0,0,0,0,0,0,0,0,0,0,0,0,0,3933,4218,3971,117,32.0,17.593,90.576,100.0,0.000,0.0,63.1,66.6,53.0,49.9,49.5,49.5,63.1,65.4,53.7,50.6,50.2,50.2,15.85,18.64,15.29,15.28,19.90,19.90,15.62,0.22,3.87,11.98,0.48,0,0,0.0,0.0,1355,21,0.1,0.2,0,
9.6.2026,12:24:12.255,12283,28387,30.2,9825,22142,30.7,0.0,8704,2,1.140,1.120,1.145,1.145,1.145,1.145,1.145,1.145,1.145,1.145,1.145,1.145,1.135,1.135,1.135,1.135,1.135,2766.3,5140.7,2295.9,2284.8,5140.7,2284.8,2284.8,2284.8,5140.7,2379.0,2379.0,2379.0,2053.4,2053.4,2053.4,2053.4,2053.4,99.8,299.9,2369.3,1781.0,3860.4,150.0,6.8,86.0,103.1,144.3,11.2,82.1,17.2,93.1,47.7,119.8,234.0,148.6,17.6,5.4,3.4,2.4,8.2,1.7,9.2,21.0,44.1,20.4,3.9,1.9,9.6,107.4,6.3,80.0,299.9,5.5,14.6,36.6,75.1,2.7,1.0,2.5,2.6,4.1,0.0,3.0,0.0,2.4,0.0,3.0,5.3,3.7,0.0,0.0,0.0,0.2,0.0,2.4,0.0,3.1,2.1,0.6,0.0,4.6,0.3,3.8,0.0,1.3,75.1,5.5,10.2,28.2,73.8,160.9,6.1,0.2,3.5,4.1,5.7,0.4,3.3,0.6,3.7,1.9,4.8,9.2,5.8,0.7,0.2,0.1,0.1,0.3,0.1,0.3,0.8,1.7,0.7,0.1,0.1,0.4,4.4,0.2,3.3,10.2,27.7,51.5,23.0,22.9,51.5,22.9,22.9,22.9,51.5,23.8,23.8,23.8,20.6,20.6,20.6,20.6,20.6,0.0,10.9,49.9,78.6,3.7,7.2,3.6,3.9,5.4,10.6,0.7,0.2,0.3,1.1,1.8,0.2,4.4,3.2,13.4,50.1,21.4,1.9,29.5,1.9,2.5,9.0,85.8,1.4,0.4,0.3,1.7,4.3,0.6,1.4,1.4,75.7,0.0,0.0,94.4,63.3,94.5,93.6,85.6,3.6,97.9,99.3,99.5,97.2,93.9,99.2,94.2,95.4,2595.3,26.00,42,42,42,84,125,766,1,86.1,85.0,84.9,72.1,71.2,78.8,82.0,71.4,73.0,70.8,71.5,71.1,73.9,68.9,67.3,68.8,67.5,69.3,67.6,69.5,68.0,71.0,72.3,69.8,77.8,73.5,75.2,78.0,75.0,1.158,1.103,1.096,16.085,12.088,16.085,46.750,6.711,45.110,0.774,3.494,4.731,0.146,0.732,0.144,0.169,0.316,1.877,0.089,0.064,0.068,0.093,0.152,0.067,0.134,0.117,18.638,13.329,39.323,1730.2,2595.3,3913.9,5187.2,2640.5,5194.0,14.9,29.2,67.9,81.0,90.0,100.0,No,No,No,1.395,0.738,1.7,3300,3600,41.8,1.110,1.125,1.815,1.800,1.020,5.040,No,No,No,46.8,1.095,1.125,1.815,1.800,1.020,5.040,0.125,No,No,No,33,33,100.0,100.0,No,No,2627,2056,0.0,0.0,0.0,0.000,0.004,26545,11964,76.3,0.720,16.000,600.0,2600.0,1200.0,100.0,0.0,0.0,0.0,0.0,0.0,0.0,0.0,0.0,0,0,16.0,145,No,No,No,79.6,72.0,83.0,0.860,20.010,19.965,20.054,85.928,44.744,6.988,74.066,11.603,81.098,4.600,69.741,65.111,55.000,115.000,2370.0,1375.1,2055.0,2342.1,2137.0,98.0,15.0,0.0,52.0,51.7,24.4,97.6,0.0,0.0,0.0,Yes,No,No,No,No,Yes,No,0,0,0,0,0,0,0,0,0,0,0,0,0,0,0,0,0,0,0,0,0,0,0,0,0,0,0,0,0,0,3933,4218,3971,112,32.0,17.593,90.576,100.0,0.000,0.0,66.1,68.4,63.6,63.3,63.2,63.2,66.1,67.2,64.8,64.2,64.1,64.1,15.13,15.44,14.87,14.87,15.59,15.59,15.06,0.07,3.53,11.60,0.10,0,0,0.0,0.0,1355,21,0.1,0.1,0,
9.6.2026,12:24:14.244,12290,28380,30.2,9826,22141,30.7,0.0,8704,2,1.170,1.150,1.165,1.165,1.165,1.165,1.165,1.165,1.165,1.165,1.165,1.180,1.180,1.180,1.180,1.180,1.180,2881.3,5190.6,5215.6,2318.0,5215.6,2318.0,2318.0,2318.0,2318.0,2307.0,2307.0,2379.0,2379.0,2379.0,2379.0,2379.0,2379.0,99.8,271.6,1588.2,683.3,2327.2,2478.0,17.2,99.1,171.1,143.6,7.2,98.5,19.9,102.5,27.2,110.4,248.5,221.9,17.9,5.6,3.1,3.2,2.3,1.4,5.1,20.4,32.8,21.8,2.2,2.3,6.0,135.3,6.7,80.2,271.6,5.9,21.4,15.5,45.2,47.9,0.4,4.2,3.2,4.7,1.7,3.3,2.0,3.3,2.2,4.3,6.0,5.2,1.2,1.7,0.8,0.0,1.6,0.0,0.9,1.5,0.8,0.5,0.8,0.0,0.1,4.6,1.0,3.5,47.9,5.9,10.4,41.8,27.6,97.1,103.4,0.7,4.0,6.9,5.6,0.2,4.0,0.8,4.1,1.0,4.4,9.8,8.9,0.7,0.2,0.1,0.1,0.1,0.0,0.2,0.8,1.2,0.8,0.1,0.1,0.2,5.6,0.2,3.3,10.4,28.9,52.0,52.2,23.2,52.2,23.2,23.2,23.2,23.2,23.1,23.1,23.8,23.8,23.8,23.8,23.8,23.8,0.0,11.2,35.8,93.5,4.2,8.6,3.9,4.3,4.9,11.4,0.7,0.2,0.1,1.0,1.5,0.2,5.1,3.1,13.1,64.2,6.5,3.1,29.8,2.5,3.3,9.3,81.6,0.5,0.6,0.2,0.8,4.4,0.3,1.8,1.1,75.7,0.0,0.0,92.7,61.5,93.6,92.4,85.9,7.1,98.9,99.2,99.6,98.2,94.2,99.6,93.2,95.8,2595.3,26.00,42,42,42,84,125,766,1,86.2,85.0,88.4,72.1,71.4,77.0,84.1,71.4,73.7,70.9,71.9,71.2,74.2,69.2,67.4,69.0,67.7,69.5,67.8,69.8,68.2,71.3,72.5,70.0,78.0,73.7,75.6,78.0,75.0,1.156,1.103,1.096,15.859,12.093,15.851,49.250,6.719,44.829,0.780,2.933,5.260,0.180,0.845,0.158,0.189,0.288,1.861,0.076,0.067,0.062,0.077,0.146,0.062,0.161,0.112,18.340,13.335,39.037,1730.2,2595.3,3885.9,5179.7,2592.2,5186.6,14.7,30.8,67.4,81.2,90.3,100.0,No,No,No,1.411,0.714,1.8,3400,3600,42.0,1.125,1.125,1.815,1.800,1.020,5.040,No,No,No,46.8,1.125,1.110,1.815,1.800,1.020,5.040,0.125,No,No,No,34,34,100.0,100.0,No,No,2627,2056,0.0,0.1,0.1,0.000,0.065,26545,11964,76.4,0.720,15.000,600.0,2600.0,1200.0,100.0,0.0,0.0,0.0,0.0,0.0,0.0,0.0,0.0,0,0,16.0,145,No,No,No,78.5,72.0,83.0,0.860,20.017,19.975,20.060,85.618,42.464,7.031,68.883,11.653,75.946,4.600,63.253,65.882,55.000,115.000,2370.0,1375.1,2055.0,2343.1,2137.0,98.0,15.0,0.0,53.0,51.7,24.6,98.2,0.0,0.0,0.0,Yes,No,No,No,No,Yes,No,0,0,0,0,0,0,0,0,0,0,0,0,0,0,0,0,0,0,0,0,0,0,0,0,0,0,0,0,0,0,3933,4218,3971,110,32.0,17.592,90.576,100.0,0.000,0.0,65.4,69.0,57.5,52.3,51.7,51.7,65.3,66.8,57.7,52.1,51.6,51.6,15.31,17.33,14.98,14.96,19.36,19.36,15.23,0.09,3.30,12.01,0.26,0,0,0.0,0.0,1355,21,0.7,0.2,0,
9.6.2026,12:24:16.242,12286,28385,30.2,9822,22144,30.7,0.0,8704,2,1.111,1.180,1.085,1.085,1.085,1.085,1.085,1.085,1.085,1.125,1.125,1.125,1.125,1.125,1.125,1.125,1.125,2861.3,2307.0,5115.8,2273.7,2273.7,2273.7,2273.7,5115.8,5115.8,2379.0,2379.0,2379.0,2379.0,2379.0,2379.0,2379.0,2379.0,99.8,267.4,1589.5,747.0,1485.5,3285.0,9.6,93.5,73.6,134.8,12.3,86.6,25.2,88.4,28.9,118.2,208.5,174.9,7.0,20.7,3.9,1.7,2.0,1.0,17.6,33.8,35.3,25.1,2.4,1.6,5.8,120.1,19.1,97.3,267.4,5.6,20.2,16.2,28.6,64.0,0.0,2.8,2.0,3.5,0.0,2.6,0.0,3.3,0.2,3.2,5.3,4.0,0.4,0.0,0.0,5.4,0.0,0.3,0.7,1.3,0.4,0.1,0.0,8.1,0.4,3.6,0.0,3.4,64.0,5.6,10.2,40.3,30.3,62.0,137.1,0.4,3.8,2.9,5.3,0.5,3.5,1.0,3.5,1.1,4.7,8.2,6.9,0.3,0.8,0.1,0.1,0.1,0.0,0.7,1.4,1.4,0.9,0.1,0.1,0.2,4.9,0.8,4.0,10.2,28.7,23.1,51.2,22.8,22.8,22.8,22.8,51.2,51.2,23.8,23.8,23.8,23.8,23.8,23.8,23.8,23.8,0.0,10.9,35.6,92.9,3.9,6.5,3.7,4.0,5.0,10.5,0.8,0.2,0.1,1.5,1.6,0.2,4.6,3.6,12.6,64.4,7.1,2.1,17.1,2.2,3.2,8.6,86.3,0.8,0.3,0.2,0.8,4.6,0.3,1.7,1.8,76.5,0.0,0.0,94.0,76.4,94.1,92.8,86.3,3.2,98.5,99.5,99.7,97.7,93.7,99.6,93.7,94.7,2595.3,26.00,42,42,42,84,125,766,1,86.4,85.0,84.9,72.6,71.5,77.3,84.1,71.5,73.2,71.1,71.9,71.3,74.3,69.3,67.7,69.1,68.0,69.6,68.1,69.8,68.6,71.4,72.7,70.1,78.2,73.9,75.9,78.2,75.0,1.159,1.103,1.096,15.947,12.107,15.955,47.500,6.720,45.041,0.767,2.995,5.243,0.160,0.506,0.154,0.185,0.300,1.888,0.093,0.063,0.063,0.104,0.160,0.063,0.144,0.147,18.493,13.350,39.207,1730.2,2595.3,3918.9,5184.7,2653.1,5192.8,14.8,29.7,67.7,81.3,90.7,100.0,No,No,No,1.385,0.698,1.7,3300,3600,42.0,1.125,1.125,1.815,1.800,1.020,5.040,No,No,No,46.8,1.125,1.125,1.800,1.800,1.020,5.040,0.750,No,No,No,33,33,100.0,100.0,No,No,2627,2056,0.0,0.1,0.1,0.000,0.073,26545,11964,76.5,0.720,20.000,600.0,2600.0,1200.0,100.0,0.0,0.0,0.0,0.0,0.0,0.0,0.0,0.0,0,0,16.0,145,No,No,No,79.9,72.0,83.0,0.860,20.013,19.968,20.057,85.798,46.921,7.468,73.011,12.082,80.510,4.600,60.250,90.524,55.000,115.000,2370.0,1375.1,2055.0,2345.2,2137.0,98.0,16.0,0.0,52.0,51.7,24.5,98.1,0.0,0.0,0.0,Yes,No,No,No,No,Yes,No,0,0,0,0,0,0,0,0,0,0,0,0,0,0,0,0,0,0,0,0,0,0,0,0,0,0,0,0,0,0,3933,4218,3971,110,32.0,17.592,90.576,100.0,0.000,0.0,63.4,68.4,60.0,59.2,59.1,59.1,63.4,64.6,62.4,62.2,62.2,62.2,15.78,16.02,15.48,15.47,16.03,16.03,15.68,0.10,3.48,12.29,0.12,0,0,0.0,0.0,1355,21,0.2,0.2,0,
9.6.2026,12:24:18.252,12280,28390,30.1,9817,22150,30.7,0.0,8704,2,1.120,1.180,1.175,1.115,1.115,1.115,1.115,1.110,1.110,1.110,1.110,1.110,1.110,1.110,1.110,1.110,1.110,2496.9,2318.0,5090.8,2251.5,2251.5,2251.5,2251.5,2251.5,2251.5,2379.0,2379.0,2379.0,2379.0,2379.0,2379.0,2379.0,2379.0,99.8,270.3,1895.9,900.2,3903.3,614.1,13.7,81.0,72.7,131.6,10.0,90.2,18.0,87.8,30.2,101.5,200.5,182.2,15.7,14.6,3.2,1.7,3.5,2.1,4.4,17.3,32.8,26.7,2.4,2.3,12.7,104.4,8.8,65.4,270.3,5.4,22.7,19.6,76.0,12.8,2.7,2.9,1.8,3.8,1.0,2.3,2.0,3.0,0.0,3.2,5.1,4.5,0.0,1.9,0.1,0.0,0.0,0.0,0.0,0.0,0.1,0.0,0.1,0.9,0.0,3.6,1.8,2.3,76.0,5.4,10.1,45.7,36.7,162.9,25.3,0.5,3.3,2.8,5.2,0.4,3.6,0.7,3.5,1.2,4.0,7.8,7.2,0.6,0.6,0.1,0.1,0.1,0.1,0.2,0.7,1.3,1.0,0.1,0.1,0.5,4.3,0.3,2.7,10.1,25.0,23.2,51.0,22.6,22.6,22.6,22.6,22.6,22.6,23.8,23.8,23.8,23.8,23.8,23.8,23.8,23.8,0.0,10.8,41.2,88.1,3.6,6.5,3.7,3.8,4.5,10.4,0.8,0.2,0.2,0.9,1.6,0.1,4.2,2.7,13.2,58.8,11.9,2.2,22.4,2.8,4.7,8.7,87.4,1.2,0.3,0.6,0.7,5.4,0.3,2.8,1.3,76.0,0.0,0.0,94.2,71.1,93.6,91.6,86.8,2.2,98.1,99.5,99.2,98.4,93.0,99.6,93.0,96.0,2595.3,26.00,42,42,42,84,125,766,1,86.2,85.0,85.4,72.6,71.7,78.2,83.5,71.8,73.3,71.3,72.1,71.5,74.4,69.5,67.7,69.3,68.0,69.8,68.1,70.0,68.5,71.6,72.8,70.3,78.5,73.7,76.1,78.9,75.6,1.156,1.103,1.096,15.902,12.114,15.904,44.500,6.726,44.937,0.766,3.170,5.009,0.152,0.588,0.165,0.198,0.280,1.896,0.091,0.063,0.070,0.076,0.163,0.063,0.157,0.110,18.395,13.358,39.123,1730.2,2595.3,3898.7,5182.0,2615.5,5188.6,14.7,27.8,67.6,81.4,91.0,100.0,No,No,No,1.381,0.750,1.7,3300,3600,42.0,1.125,1.125,1.815,1.800,1.020,5.040,No,No,No,46.8,1.125,1.125,1.815,1.800,1.020,5.040,0.500,No,No,No,34,34,100.0,100.0,No,No,2627,2056,0.0,0.0,0.0,0.000,0.014,26545,11964,76.6,0.720,16.000,600.0,2600.0,1200.0,100.0,0.0,0.0,0.0,0.0,0.0,0.0,0.0,0.0,0,0,16.0,145,No,No,No,79.8,72.0,83.0,0.865,20.027,19.985,20.070,82.875,45.509,6.435,71.049,11.058,77.529,4.600,65.121,82.770,55.000,115.000,2392.0,1125.1,2062.0,2358.3,2145.0,97.0,19.0,0.0,56.0,51.6,24.3,97.2,0.0,0.0,0.0,Yes,No,No,No,No,Yes,No,0,0,0,0,0,0,0,0,0,0,0,0,0,0,0,0,0,0,0,0,0,0,0,0,0,0,0,0,0,0,3942,4209,3962,111,32.0,17.593,90.576,100.0,0.000,0.0,56.6,59.6,48.4,44.7,44.3,44.3,56.7,58.6,49.9,46.9,46.6,46.6,17.65,20.04,17.08,17.05,21.51,21.51,17.39,0.25,3.79,13.86,0.44,0,0,0.0,0.0,1355,21,0.2,0.3,0,
9.6.2026,12:24:20.273,12274,28397,30.1,9816,22150,30.7,0.0,8704,2,1.169,1.165,1.165,1.165,1.165,1.165,1.165,1.165,1.165,1.165,1.175,1.175,1.175,1.175,1.175,1.175,1.175,3049.2,2307.0,5190.6,2307.0,2307.0,2318.0,2318.0,2318.0,5215.6,2379.0,2329.1,2329.1,2329.1,2329.1,2329.1,5240.5,5240.5,99.8,269.1,1654.9,816.8,4061.9,689.5,9.0,90.3,78.1,135.9,8.0,84.5,15.8,89.1,29.4,112.2,216.2,189.1,8.7,10.8,7.6,3.1,1.9,0.9,5.4,18.2,36.5,23.0,1.9,1.6,14.3,116.2,8.1,72.7,269.1,5.8,19.9,18.1,79.0,13.6,0.0,3.1,1.9,3.7,0.0,3.7,0.4,2.9,1.4,3.4,5.2,4.6,0.0,0.0,0.2,9.3,0.8,1.5,0.9,1.3,1.7,1.3,0.0,0.0,0.3,3.9,0.0,2.4,79.0,5.8,10.2,39.9,33.1,169.5,28.9,0.3,3.6,3.0,5.4,0.3,3.4,0.6,3.5,1.1,4.5,8.4,7.5,0.3,0.4,0.3,0.1,0.1,0.0,0.2,0.7,1.4,0.9,0.1,0.1,0.6,4.7,0.3,2.9,10.2,30.5,23.1,52.0,23.1,23.1,23.2,23.2,23.2,52.2,23.8,23.3,23.3,23.3,23.3,23.3,52.5,52.5,0.0,10.9,36.6,92.8,3.8,6.5,3.6,3.8,4.7,10.8,0.6,0.3,0.1,0.9,1.6,0.2,4.7,2.9,12.9,63.4,7.2,2.0,25.7,2.6,4.0,8.6,85.0,0.6,0.7,0.2,1.0,3.0,0.2,1.4,0.9,76.2,0.0,0.0,94.2,67.7,93.8,92.2,86.8,4.1,98.8,99.0,99.7,98.1,95.4,99.6,94.0,96.2,2595.3,26.00,42,42,42,84,125,766,1,86.2,85.0,84.4,78.6,71.8,77.6,84.1,71.8,73.6,71.4,72.2,71.6,74.5,69.5,68.0,69.4,68.2,69.8,68.3,70.1,68.7,71.7,72.9,70.4,78.2,74.0,76.3,79.0,76.0,1.153,1.103,1.096,15.820,12.123,15.821,46.750,6.723,44.786,0.759,2.971,5.138,0.153,0.650,0.156,0.190,0.286,1.871,0.077,0.072,0.062,0.084,0.128,0.062,0.145,0.108,18.238,13.368,38.973,1730.2,2595.3,3889.4,5171.4,2607.4,5179.7,14.6,29.2,67.4,81.3,91.4,100.0,No,No,No,1.397,0.768,1.7,3300,3500,42.2,1.125,1.125,1.815,1.800,1.020,5.040,No,No,No,46.8,1.125,1.125,1.815,1.800,1.005,5.040,0.125,No,No,No,34,34,100.0,100.0,No,No,2627,2056,0.0,0.1,0.1,0.000,0.028,26545,11964,76.8,0.720,15.000,600.0,2600.0,1200.0,100.0,0.0,0.0,0.0,0.0,0.0,0.0,0.0,0.0,0,0,16.0,145,No,No,No,79.1,72.0,83.0,0.865,20.021,19.978,20.063,82.121,37.835,6.433,71.281,11.057,77.766,4.600,66.940,26.768,55.000,115.000,2385.0,1125.1,2062.0,2356.5,2145.0,98.0,20.0,0.0,58.0,51.6,24.5,98.0,0.0,0.0,0.0,Yes,No,No,No,No,Yes,No,0,0,0,0,0,0,0,0,0,0,0,0,0,0,0,0,0,0,0,0,0,0,0,0,0,0,0,0,0,0,3942,4209,3962,111,32.0,17.593,90.576,100.0,0.000,0.0,61.2,63.8,58.7,58.3,58.3,58.3,61.2,61.8,60.5,60.5,60.5,60.5,16.34,16.51,16.19,16.18,16.52,16.52,16.22,0.11,3.70,12.64,0.07,0,0,0.0,0.0,1355,21,0.3,0.1,0,
9.6.2026,12:24:22.280,12270,28400,30.1,9814,22152,30.7,0.0,8704,2,1.103,1.090,1.090,1.090,1.100,1.100,1.100,1.100,1.100,1.100,1.100,1.100,1.115,1.115,1.115,1.115,1.115,2566.0,2229.3,5040.9,2240.4,2262.6,2262.6,2262.6,2262.6,5090.8,2379.0,2379.0,2379.0,2053.4,2053.4,2053.4,2053.4,2053.4,99.8,273.3,2136.0,925.4,484.5,3754.9,6.5,113.8,92.4,132.3,22.7,88.0,13.4,95.9,45.3,121.9,198.6,156.0,11.5,3.7,4.4,1.5,3.8,1.2,3.7,16.8,53.1,49.8,2.3,3.1,6.5,116.6,5.7,74.0,273.3,5.7,27.0,20.2,9.7,73.6,0.0,3.7,2.3,3.7,2.1,3.1,0.0,3.2,1.0,3.6,5.1,4.1,1.8,0.0,0.1,0.0,0.1,7.9,0.1,0.0,1.4,1.3,0.1,0.0,0.2,4.0,0.1,2.5,73.6,5.7,10.2,55.1,37.5,20.1,156.5,0.2,4.6,3.6,5.2,0.9,3.5,0.5,3.8,1.8,4.9,7.8,6.1,0.5,0.1,0.2,0.1,0.1,0.0,0.1,0.7,2.1,2.0,0.1,0.1,0.2,4.8,0.2,3.0,10.2,25.7,22.3,50.5,22.4,22.7,22.7,22.7,22.7,51.0,23.8,23.8,23.8,20.6,20.6,20.6,20.6,20.6,0.0,11.0,46.1,83.4,4.3,6.7,4.0,4.0,4.9,10.2,0.5,0.2,0.2,0.8,2.6,0.2,4.5,2.8,13.5,53.9,16.6,2.0,29.8,3.8,3.6,7.5,86.7,0.5,0.3,0.6,0.6,6.9,0.5,1.7,1.6,75.5,0.0,0.0,93.7,63.5,92.1,92.4,87.6,3.1,99.0,99.5,99.2,98.6,90.5,99.3,93.8,95.6,2595.3,26.00,42,42,42,84,125,766,1,86.4,85.0,85.9,77.6,71.9,78.7,82.9,72.0,73.7,71.5,72.2,71.7,74.4,69.6,68.1,69.6,68.3,70.2,68.5,70.3,68.9,71.7,72.9,70.6,78.2,73.8,76.5,79.0,76.0,1.146,1.102,1.096,15.927,12.128,15.914,43.000,6.727,44.750,0.760,3.242,4.738,0.163,0.732,0.178,0.179,0.275,1.821,0.072,0.063,0.069,0.072,0.221,0.066,0.142,0.121,18.257,13.371,38.999,1730.2,2595.3,3905.4,5159.4,2651.3,5166.5,14.7,26.9,67.4,81.2,91.7,100.0,No,No,No,1.396,0.767,1.8,3300,3600,42.2,1.125,1.125,1.815,1.800,1.020,5.040,No,No,No,46.8,1.125,1.125,1.815,1.800,1.020,5.040,0.125,No,No,No,33,33,100.0,100.0,No,No,2627,2056,0.0,0.1,0.1,0.000,0.006,26545,11964,76.8,0.720,15.000,600.0,2600.0,1200.0,100.0,0.0,0.0,0.0,0.0,0.0,0.0,0.0,0.0,0,0,16.0,145,No,No,No,79.5,72.0,83.0,0.865,20.012,19.968,20.055,83.094,45.754,6.610,72.531,11.233,79.179,4.600,68.868,77.256,55.000,115.000,2385.0,1125.1,2062.0,2354.2,2145.0,98.0,19.0,0.0,56.0,51.6,24.6,98.4,0.0,0.0,0.0,Yes,No,No,No,No,Yes,No,0,0,0,0,0,0,0,0,0,0,0,0,0,0,0,0,0,0,0,0,0,0,0,0,0,0,0,0,0,0,3942,4209,3962,111,32.0,17.592,90.576,100.0,0.000,0.0,62.6,64.4,59.7,59.7,59.7,59.7,62.6,63.4,61.2,61.1,61.1,61.1,15.97,16.33,15.76,15.75,16.34,16.34,15.89,0.09,3.68,12.29,0.10,0,0,0.0,0.0,1355,21,0.4,0.2,0,
9.6.2026,12:24:24.270,12269,28401,30.1,9810,22156,30.6,0.0,8704,2,1.113,1.160,1.150,1.110,1.110,1.110,1.110,1.110,1.110,1.110,1.105,1.105,1.105,1.105,1.105,1.105,1.105,2671.1,2295.9,5165.7,2240.4,2240.4,2240.4,2240.4,2240.4,5040.9,2379.0,2379.0,2379.0,2379.0,2379.0,2379.0,2379.0,2379.0,99.8,308.9,2653.4,2119.3,663.8,3035.8,11.9,87.3,61.8,131.6,10.2,95.4,19.0,118.7,23.2,107.3,221.8,180.4,12.7,11.4,2.7,3.1,2.4,1.7,5.9,19.7,45.8,35.2,2.2,1.4,5.0,110.1,8.4,75.4,308.9,5.4,14.1,43.5,13.3,59.7,1.8,2.3,0.7,3.7,1.0,2.5,1.3,3.8,0.6,3.4,5.5,4.6,0.3,0.3,0.1,1.6,0.1,0.1,0.1,0.0,1.1,0.9,0.1,1.6,0.0,3.8,0.0,1.6,59.7,5.4,10.2,27.8,88.0,27.4,126.5,0.5,3.5,2.4,5.1,0.4,3.8,0.7,4.8,0.8,4.3,8.6,7.1,0.5,0.4,0.1,0.1,0.1,0.1,0.2,0.8,1.8,1.4,0.1,0.1,0.2,4.5,0.3,3.1,10.2,26.8,23.0,51.8,22.4,22.4,22.4,22.4,22.4,50.5,23.8,23.8,23.8,23.8,23.8,23.8,23.8,23.8,0.0,10.8,55.4,73.2,3.8,6.0,3.9,4.7,4.4,11.0,0.7,0.2,0.1,0.9,1.9,0.1,4.3,2.8,13.0,44.6,26.8,2.3,27.5,2.8,4.1,7.3,84.3,0.5,0.4,0.2,0.7,4.0,0.2,1.2,1.6,76.1,0.0,0.0,94.0,66.5,93.3,91.2,88.3,4.7,98.8,99.4,99.7,98.4,94.1,99.6,94.5,95.6,2595.3,26.00,42,42,42,84,125,766,1,86.2,85.0,84.4,73.1,71.9,80.0,81.4,72.3,73.3,71.7,72.2,71.7,74.4,69.7,68.1,69.6,68.3,70.1,68.5,70.3,68.9,71.8,73.0,70.6,78.8,74.3,76.9,79.2,76.0,1.139,1.103,1.096,15.513,12.135,15.516,49.000,6.724,44.252,0.733,3.526,4.267,0.149,0.638,0.161,0.210,0.246,1.802,0.076,0.062,0.061,0.073,0.153,0.059,0.127,0.120,17.687,13.379,38.435,1730.2,2595.3,3884.3,5148.6,2619.9,5155.4,14.4,30.6,66.5,81.0,92.0,100.0,No,No,No,1.389,0.749,1.7,3400,3500,42.2,1.125,1.125,1.815,1.800,1.020,5.040,No,No,No,47.0,1.110,1.125,1.815,1.800,1.020,5.040,0.750,No,No,No,34,34,100.0,100.0,No,No,2627,2056,0.0,0.0,0.0,0.000,0.044,26545,11964,76.9,0.720,14.000,600.0,2600.0,1200.0,100.0,0.0,0.0,0.0,0.0,0.0,0.0,0.0,0.0,0,0,16.0,145,No,No,No,80.4,72.0,83.0,0.865,20.031,19.988,20.074,83.649,45.858,6.736,71.534,11.358,78.310,4.600,61.040,87.428,55.000,115.000,2377.0,1125.1,2062.0,2352.8,2145.0,97.0,21.0,0.0,58.0,51.6,24.3,97.3,0.0,0.0,0.0,Yes,No,No,No,No,Yes,No,0,0,0,0,0,0,0,0,0,0,0,0,0,0,0,0,0,0,0,0,0,0,0,0,0,0,0,0,0,0,3942,4209,3962,111,32.0,17.594,90.576,100.0,0.000,0.0,62.7,65.7,59.9,59.8,59.8,59.8,62.7,63.5,61.3,61.1,61.1,61.1,15.94,16.34,15.72,15.71,16.40,16.40,15.76,0.18,3.67,12.27,0.19,0,0,0.0,0.0,1355,21,0.7,0.2,0,
9.6.2026,12:24:26.285,12309,28361,30.2,9811,22155,30.6,0.0,8704,2,1.142,1.140,1.140,1.140,1.140,1.140,1.140,1.140,1.140,1.140,1.140,1.140,1.140,1.140,1.140,1.155,1.155,2655.5,2307.0,5140.7,2284.8,2284.8,2284.8,2307.0,2307.0,5190.6,2379.0,2379.0,2379.0,2379.0,2379.0,2379.0,2053.4,2053.4,99.8,298.1,2361.2,1758.3,3497.1,473.2,7.6,80.3,81.1,146.6,10.1,87.4,23.1,89.2,48.4,100.3,227.3,167.8,15.5,5.4,3.1,3.3,2.3,1.0,5.5,27.0,32.9,24.2,2.3,1.7,6.5,111.0,44.9,95.2,298.1,5.7,15.5,36.7,69.0,8.8,0.6,3.3,3.1,4.3,0.0,4.1,0.2,3.4,1.5,3.5,6.3,4.8,0.0,0.5,0.0,0.0,0.0,0.0,0.5,4.9,0.4,1.0,0.0,0.0,0.0,4.3,2.9,3.3,69.0,5.7,10.2,30.0,72.7,145.8,19.8,0.3,3.2,3.1,5.8,0.4,3.5,0.9,3.6,1.9,4.0,9.0,6.6,0.6,0.2,0.1,0.1,0.1,0.0,0.2,1.1,1.3,0.9,0.1,0.1,0.2,4.6,1.8,3.9,10.2,26.6,23.1,51.5,22.9,22.9,22.9,23.1,23.1,52.0,23.8,23.8,23.8,23.8,23.8,23.8,20.6,20.6,0.0,10.9,50.0,78.6,3.4,6.8,3.6,4.0,4.8,11.3,0.6,0.2,0.1,1.1,1.5,0.1,4.3,3.5,13.3,50.0,21.4,2.7,32.4,2.6,4.3,9.8,79.2,0.5,0.5,0.2,0.7,5.3,0.2,1.9,1.6,75.8,0.0,0.0,93.9,60.9,93.8,91.7,85.4,9.5,98.9,99.3,99.7,98.3,93.1,99.6,93.8,94.9,2595.3,26.00,42,42,42,84,125,766,1,86.2,85.0,87.4,73.1,72.1,79.3,82.3,72.3,73.8,71.8,72.3,72.0,74.3,69.9,68.3,69.8,68.6,70.3,68.7,70.5,69.2,72.0,73.2,70.9,78.8,74.3,76.9,79.7,76.0,1.141,1.103,1.096,15.542,12.140,15.549,49.250,6.729,44.302,0.741,3.311,4.487,0.150,0.763,0.155,0.195,0.305,1.691,0.073,0.064,0.062,0.079,0.159,0.060,0.140,0.161,17.735,13.386,38.494,1730.2,2595.3,3887.9,5150.5,2625.3,5158.0,14.4,30.8,66.6,80.7,92.4,100.0,No,No,No,1.361,0.717,1.7,3400,3500,42.2,1.110,1.125,1.815,1.800,1.020,5.040,No,No,No,47.0,1.110,1.110,1.815,1.800,1.020,5.040,0.125,No,No,No,33,33,100.0,100.0,No,No,2627,2056,0.0,0.1,0.1,0.000,0.026,26545,11964,77.0,0.720,11.000,600.0,2600.0,1200.0,100.0,0.0,0.0,0.0,0.0,0.0,0.0,0.0,0.0,0,0,16.0,145,No,No,No,79.7,72.0,83.0,0.865,20.023,19.979,20.066,83.114,38.144,6.753,72.325,11.372,79.102,4.600,66.837,26.016,55.000,115.000,2385.0,1125.1,2062.0,2357.5,2145.0,98.0,21.0,0.0,47.0,51.7,24.5,97.9,0.0,0.0,0.0,Yes,No,No,No,No,Yes,No,0,0,0,0,0,0,0,0,0,0,0,0,0,0,0,0,0,0,0,0,0,0,0,0,0,0,0,0,0,0,3933,4218,3971,109,32.0,17.594,90.576,100.0,0.000,0.0,57.4,61.5,53.5,52.5,52.4,52.4,57.6,59.5,55.7,55.6,55.6,55.6,17.40,18.00,16.81,16.80,18.03,18.03,17.21,0.18,3.64,13.76,0.22,0,0,0.0,0.0,1355,21,0.3,0.1,0,
9.6.2026,12:24:28.273,12308,28362,30.2,9811,22156,30.6,0.0,8704,2,0.956,0.960,0.960,0.960,0.960,0.960,0.960,0.960,0.960,0.960,0.960,0.960,0.960,0.945,0.945,0.945,0.945,2720.8,4691.5,4691.5,2345.8,4691.5,2345.8,2345.8,2345.8,2345.8,2379.0,2379.0,2379.0,2379.0,2053.4,2053.4,2053.4,2053.4,99.8,311.6,2882.3,2333.7,2146.3,1172.5,9.9,98.4,91.8,128.8,14.2,90.4,21.8,87.4,33.7,104.2,219.5,198.2,9.3,6.8,3.6,3.8,2.3,1.2,4.6,24.2,35.2,39.1,2.3,1.6,13.0,105.8,6.7,77.2,311.6,5.8,14.7,48.0,42.1,26.2,0.0,3.9,2.3,3.5,0.2,2.9,1.2,2.8,0.0,3.0,5.6,4.8,3.1,0.0,3.0,1.5,1.4,1.4,0.0,2.0,1.6,1.0,0.7,0.7,1.7,3.5,0.0,2.4,48.0,5.8,10.0,28.3,96.9,89.3,48.6,0.4,4.0,3.6,5.1,0.5,3.6,0.8,3.5,1.3,4.1,8.6,7.9,0.4,0.3,0.1,0.1,0.1,0.0,0.2,1.0,1.4,1.5,0.1,0.1,0.5,4.3,0.2,3.1,10.0,27.3,47.0,47.0,23.5,47.0,23.5,23.5,23.5,23.5,23.8,23.8,23.8,23.8,20.6,20.6,20.6,20.6,0.0,10.9,60.7,68.0,3.9,6.8,3.8,4.0,4.5,11.5,0.5,0.3,0.1,0.9,2.2,0.2,4.2,3.0,13.7,39.3,32.0,2.3,28.2,3.0,4.5,10.2,87.8,0.5,0.3,0.2,1.2,5.8,0.5,1.8,1.7,75.4,0.0,0.0,93.8,65.1,93.2,91.5,85.3,0.7,99.0,99.4,99.6,97.9,92.0,99.4,94.0,95.3,2595.3,26.00,42,42,42,84,125,766,1,85.5,83.2,77.6,72.6,71.7,79.3,78.9,72.2,72.8,71.8,71.9,71.9,74.0,69.6,68.3,69.6,68.5,70.0,68.7,70.3,69.0,71.7,72.8,70.6,79.0,74.3,77.3,80.0,76.4,1.073,1.103,1.096,13.805,12.135,13.814,44.000,6.727,41.519,0.619,3.116,3.356,0.131,0.550,0.137,0.161,0.252,1.574,0.059,0.051,0.050,0.072,0.143,0.052,0.111,0.095,14.954,13.380,35.705,1730.2,2595.3,3798.5,4991.4,2605.6,4999.6,12.8,27.5,62.4,80.1,92.6,97.9,No,No,No,1.402,0.722,1.7,3400,3500,42.5,1.110,1.125,1.815,1.800,1.020,5.040,No,No,No,47.0,1.110,1.125,1.800,1.800,1.020,5.040,0.125,No,No,No,34,34,100.0,100.0,No,No,2627,2056,0.0,0.0,0.0,0.000,0.016,26545,11964,77.1,0.720,16.000,600.0,2600.0,1200.0,100.0,0.0,0.0,0.0,0.0,0.0,0.0,0.0,0.0,0,0,16.0,145,No,No,No,79.8,72.0,83.0,0.865,20.014,19.967,20.061,85.660,41.597,9.704,75.445,14.313,85.179,4.600,62.008,39.926,55.000,115.000,2385.0,1500.1,2062.0,2350.8,2145.0,98.0,16.0,0.0,52.0,51.7,24.5,98.0,0.0,0.0,0.0,Yes,No,No,No,No,Yes,No,0,0,0,0,0,0,0,0,0,0,0,0,0,0,0,0,0,0,0,0,0,0,0,0,0,0,0,0,0,0,3934,4217,3970,109,32.0,17.592,90.576,100.0,0.000,0.0,58.3,61.8,55.5,55.4,55.4,55.4,58.4,59.6,56.9,56.8,56.8,56.8,17.14,17.58,16.79,16.79,17.60,17.60,17.01,0.13,3.97,13.16,0.18,0,0,0.0,0.0,1355,21,4.5,3.3,0,
9.6.2026,12:24:30.283,12307,28363,30.2,9813,22154,30.6,0.0,8704,2,1.145,1.140,1.145,1.145,1.145,1.145,1.145,1.145,1.145,1.145,1.145,1.145,1.145,1.145,1.145,1.145,1.145,2867.4,5140.7,5140.7,2284.8,2284.8,2284.8,2284.8,2284.8,5140.7,2379.0,2379.0,2379.0,2379.0,2379.0,2379.0,2379.0,2379.0,99.8,286.5,1923.2,1292.7,1450.0,2945.6,6.8,98.7,99.7,167.1,9.2,98.5,19.4,105.0,32.9,142.7,240.3,193.5,6.2,17.5,4.7,1.9,2.9,1.2,8.0,16.0,39.9,29.5,2.1,1.4,5.4,124.8,5.3,75.6,286.5,5.9,16.7,28.1,30.0,59.8,0.9,3.4,2.6,4.6,0.2,3.4,0.0,3.5,2.3,4.2,6.1,4.1,0.2,2.7,0.9,0.1,0.1,0.0,2.5,1.3,1.1,0.7,0.1,0.0,0.9,4.0,0.1,3.4,59.8,5.9,10.3,31.3,53.1,60.1,123.1,0.2,4.0,3.9,6.6,0.3,3.9,0.7,4.2,1.3,5.7,9.3,7.7,0.2,0.7,0.2,0.1,0.1,0.0,0.3,0.6,1.6,1.1,0.1,0.0,0.2,5.0,0.2,3.1,10.3,28.7,51.5,51.5,22.9,22.9,22.9,22.9,22.9,51.5,23.8,23.8,23.8,23.8,23.8,23.8,23.8,23.8,0.0,11.4,43.1,89.5,4.0,8.0,4.1,4.4,5.6,12.0,0.7,0.2,0.1,0.9,1.8,0.1,4.6,3.0,13.7,56.9,10.5,2.6,32.1,3.5,4.9,10.3,86.8,0.9,0.3,0.2,0.7,4.9,0.2,2.3,1.1,75.0,0.0,0.0,93.4,59.9,92.4,90.6,84.1,1.2,98.4,99.5,99.6,98.4,93.3,99.6,93.2,95.9,2595.3,26.00,42,42,42,84,125,766,1,84.9,81.5,84.9,73.1,71.5,76.5,80.3,71.5,73.0,71.3,71.8,71.6,73.7,69.7,68.3,69.6,68.5,70.0,68.7,70.3,69.0,71.5,72.3,70.6,79.0,74.5,77.8,80.0,76.8,1.051,1.102,1.096,13.631,12.163,13.618,44.000,6.724,40.791,0.597,2.437,3.756,0.122,0.618,0.137,0.158,0.263,1.474,0.065,0.047,0.046,0.056,0.118,0.045,0.120,0.083,14.408,13.406,35.181,1730.2,2595.3,3804.3,4942.9,2665.7,4957.9,12.6,27.5,61.5,77.4,92.8,95.9,No,No,No,1.636,0.861,1.8,3500,3700,42.5,1.110,1.125,1.815,1.800,1.020,5.040,No,No,No,47.0,1.110,1.125,1.815,1.800,1.020,5.040,0.125,No,No,No,33,33,100.0,100.0,No,No,2627,2056,0.0,0.1,0.1,0.000,0.020,26545,11964,77.2,0.720,16.000,600.0,2600.0,1200.0,100.0,0.0,0.0,0.0,0.0,0.0,0.0,0.0,0.0,0,0,16.0,145,No,No,No,81.0,74.0,83.0,0.865,20.015,19.970,20.061,86.207,34.735,9.985,69.676,14.601,79.701,4.600,25.632,38.949,55.000,115.000,2370.0,1500.1,2062.0,2347.9,2145.0,98.0,16.0,0.0,66.0,51.7,24.6,98.3,0.0,0.0,0.0,Yes,No,No,No,No,Yes,No,0,0,0,0,0,0,0,0,0,0,0,0,0,0,0,0,0,0,0,0,0,0,0,0,0,0,0,0,0,0,3940,4211,3964,112,32.0,17.593,90.576,100.0,0.000,0.0,58.0,60.4,54.0,53.8,53.8,53.8,58.0,58.7,56.9,56.9,56.9,56.9,17.25,17.58,17.02,17.02,17.59,17.59,17.11,0.14,4.65,12.60,0.15,0,0,0.0,0.0,1355,21,0.2,0.2,0,
9.6.2026,12:24:32.273,12275,28395,30.1,9817,22149,30.7,0.0,8704,2,1.091,1.110,1.090,1.090,1.090,1.090,1.090,1.090,1.090,1.090,1.090,1.090,1.090,1.090,1.090,1.090,1.090,2614.9,5065.9,5016.0,2229.3,2229.3,2229.3,2229.3,2229.3,2229.3,2379.0,2379.0,2379.0,2379.0,2379.0,2379.0,2053.4,2053.4,99.8,297.7,2152.2,1509.3,4123.0,160.5,11.1,109.7,124.3,169.1,14.7,107.0,18.8,111.8,34.1,113.8,269.7,176.3,10.2,6.7,3.3,1.6,4.8,1.3,4.7,18.5,34.1,19.2,6.0,1.5,5.4,123.0,6.5,74.7,297.7,5.5,16.3,31.9,81.5,3.4,0.0,3.7,2.9,4.5,1.1,3.6,0.5,3.6,0.1,3.6,6.5,4.4,1.0,0.0,0.1,0.0,0.1,0.0,0.1,0.0,0.0,0.0,0.2,0.0,0.1,4.0,0.2,2.6,81.5,5.5,10.5,31.8,62.2,172.0,6.5,0.4,4.4,4.9,6.7,0.6,4.3,0.7,4.5,1.3,4.5,10.5,7.0,0.4,0.3,0.1,0.1,0.2,0.0,0.2,0.7,1.3,0.7,0.2,0.1,0.2,5.0,0.2,3.0,10.5,26.2,50.8,50.2,22.3,22.3,22.3,22.3,22.3,22.3,23.8,23.8,23.8,23.8,23.8,23.8,20.6,20.6,0.0,11.3,46.6,85.0,4.4,8.0,4.4,4.5,5.2,12.0,0.5,0.2,0.2,0.9,1.4,0.2,4.6,2.9,13.8,53.4,15.0,3.3,36.7,2.9,4.3,9.2,87.3,0.8,0.3,0.3,0.7,2.4,0.2,2.4,1.2,74.9,0.0,0.0,92.4,55.3,92.7,91.2,85.6,0.7,98.6,99.5,99.5,98.4,96.2,99.5,93.1,95.9,2595.3,26.00,42,42,42,84,125,766,1,85.6,84.4,81.5,73.1,72.3,78.7,82.7,72.4,74.3,72.0,72.7,72.2,74.9,70.2,68.6,70.1,68.8,70.5,69.0,70.8,69.3,72.2,73.3,71.1,79.0,74.7,77.2,80.0,77.0,1.115,1.102,1.096,15.324,12.191,15.326,44.500,6.734,43.794,0.723,3.048,4.452,0.166,0.826,0.159,0.191,0.271,1.801,0.071,0.055,0.059,0.068,0.102,0.058,0.139,0.100,17.111,13.435,37.925,1730.2,2595.3,3890.9,5093.8,2687.9,5099.8,14.2,27.8,65.8,77.6,93.1,99.3,No,No,No,1.830,0.999,1.8,3600,3800,42.5,1.110,1.125,1.815,1.800,1.020,5.040,No,No,No,47.0,1.110,1.125,1.815,1.800,0.990,5.040,0.500,No,No,No,33,33,100.0,100.0,No,No,2627,2056,0.0,0.0,0.0,0.000,0.000,26545,11964,77.4,0.720,14.000,600.0,2600.0,1200.0,100.0,0.0,0.0,0.0,0.0,0.0,0.0,0.0,0.0,0,0,16.0,145,No,No,No,80.5,74.0,83.0,0.865,19.985,19.939,20.031,86.828,46.263,9.730,74.997,14.352,84.751,4.600,61.156,74.253,55.000,115.000,2370.0,1500.1,2055.0,2347.5,2145.0,96.0,17.0,0.0,77.0,51.7,24.3,97.3,0.0,0.0,0.0,Yes,No,No,No,No,Yes,No,0,0,0,0,0,0,0,0,0,0,0,0,0,0,0,0,0,0,0,0,0,0,0,0,0,0,0,0,0,0,3940,4211,3964,117,32.0,17.592,90.576,100.0,0.000,0.0,54.5,61.5,45.2,44.1,43.9,43.9,54.4,56.6,48.2,45.3,45.0,45.0,18.38,20.75,17.68,17.67,22.24,22.24,18.04,0.35,5.43,12.95,0.61,0,0,0.0,0.0,1355,21,0.6,0.2,0,
9.6.2026,12:24:34.269,12322,28349,30.2,9819,22148,30.7,0.0,8704,2,1.082,1.085,1.085,1.085,1.085,1.085,1.080,1.080,1.080,1.080,1.080,1.080,1.080,1.080,1.080,1.080,1.080,2584.2,4991.0,4991.0,2218.2,2218.2,2218.2,2218.2,2218.2,2218.2,2379.0,2379.0,2379.0,2379.0,2379.0,2053.4,2053.4,2053.4,99.8,318.0,2561.6,1792.2,2859.8,1211.5,17.1,116.0,93.0,160.2,23.0,115.8,26.2,145.2,36.8,126.7,294.8,182.8,5.4,18.5,8.7,8.0,2.4,1.4,3.3,17.9,53.1,51.7,2.4,2.4,6.1,141.2,8.7,80.8,318.0,5.8,18.8,37.0,56.9,24.8,0.0,4.0,1.7,4.7,0.0,4.0,0.7,4.5,0.9,4.1,7.3,5.3,0.0,0.0,0.0,0.0,0.0,1.6,0.0,0.0,1.2,1.1,0.0,0.0,0.0,4.7,0.2,1.8,56.9,5.8,10.9,36.7,74.1,119.3,50.2,0.7,4.7,3.6,6.4,0.9,4.7,1.0,5.9,1.4,5.0,11.6,7.3,0.2,0.7,0.3,0.3,0.1,0.0,0.1,0.7,2.1,2.0,0.1,0.1,0.2,5.7,0.3,3.3,10.9,25.9,50.0,50.0,22.2,22.2,22.2,22.2,22.2,22.2,23.8,23.8,23.8,23.8,23.8,20.6,20.6,20.6,0.0,11.8,54.2,80.3,4.9,8.0,5.0,5.7,5.6,13.0,0.6,0.5,0.1,0.8,2.0,0.2,5.3,3.1,13.6,45.8,19.2,3.1,31.6,4.7,6.6,9.7,86.0,0.9,0.4,0.3,0.5,3.8,0.3,2.3,2.1,74.6,0.0,0.5,92.0,60.4,90.3,87.7,84.8,1.0,98.5,99.1,99.6,98.7,94.1,99.6,92.4,94.8,2595.3,26.00,42,42,42,84,125,766,1,85.8,84.2,80.5,73.1,72.4,79.4,81.8,72.6,73.9,72.2,72.8,72.3,74.9,70.2,68.7,70.1,68.9,70.6,69.1,70.8,69.5,72.2,73.3,71.1,79.5,74.9,77.5,80.0,77.0,1.105,1.102,1.096,15.335,12.221,15.339,46.000,6.738,43.639,0.716,3.207,4.172,0.165,0.696,0.193,0.248,0.284,1.763,0.078,0.061,0.054,0.063,0.163,0.054,0.143,0.113,16.945,13.466,37.795,1730.2,2595.3,3914.4,5070.3,2758.5,5077.3,14.2,28.8,65.6,78.1,93.4,99.1,No,No,No,2.077,1.143,1.9,3800,3900,42.8,1.110,1.125,1.815,1.800,1.020,5.040,No,No,No,47.2,1.110,1.125,1.815,1.800,1.020,5.040,0.375,No,No,No,34,34,100.0,100.0,No,No,2627,2056,0.0,0.1,0.1,0.000,0.063,26545,11964,77.5,0.720,38.000,600.0,2600.0,1200.0,100.0,0.0,0.0,0.0,0.0,0.0,0.0,0.0,0.0,0,0,16.0,145,No,No,No,80.6,74.0,83.0,0.865,20.033,19.988,20.078,85.100,47.936,10.594,71.061,15.203,81.695,4.600,64.793,87.604,55.000,115.000,2370.0,1500.1,2062.0,2346.0,2145.0,97.0,18.0,0.0,91.0,51.7,24.2,96.8,0.0,0.0,0.0,Yes,No,No,No,No,Yes,No,0,0,0,0,0,0,0,0,0,0,0,0,0,0,0,0,0,0,0,0,0,0,0,0,0,0,0,0,0,0,3940,4211,3964,120,32.0,17.592,90.576,100.0,0.000,0.0,57.1,60.9,53.0,52.1,52.0,52.0,57.1,58.2,55.4,55.4,55.4,55.4,17.50,18.05,17.18,17.17,18.06,18.06,17.23,0.27,5.84,11.67,0.36,0,0,0.0,0.0,1355,21,0.6,0.2,0,
9.6.2026,12:24:36.271,12277,28394,30.1,9819,22147,30.7,0.0,8704,2,1.140,1.140,1.140,1.140,1.140,1.140,1.140,1.140,1.140,1.140,1.140,1.140,1.140,1.140,1.140,1.140,1.140,2786.0,2284.8,5140.7,2284.8,5140.7,2284.8,2284.8,2284.8,5140.7,2379.0,2379.0,2379.0,2379.0,2053.4,2053.4,2053.4,2053.4,99.8,310.5,2521.9,1531.3,1239.6,2899.2,14.4,123.6,84.5,160.1,8.9,122.3,21.4,133.1,24.0,135.2,260.6,219.1,12.9,13.7,2.6,11.5,2.8,1.6,9.3,24.8,40.6,32.9,1.7,2.0,4.8,165.5,5.7,105.6,310.5,6.1,23.0,32.1,25.3,57.4,2.1,3.8,3.1,4.2,2.0,3.7,0.0,3.9,0.8,3.9,6.4,5.2,0.6,2.1,0.3,0.0,0.3,0.0,1.3,0.0,1.4,1.1,0.3,0.3,0.4,4.8,0.4,3.6,57.4,6.1,11.0,45.8,63.1,51.5,120.8,0.6,5.0,3.3,6.4,0.3,4.9,0.8,5.4,0.9,5.4,10.3,8.7,0.5,0.5,0.1,0.5,0.1,0.1,0.4,1.0,1.6,1.3,0.1,0.1,0.2,6.7,0.2,4.3,11.0,27.9,22.9,51.5,22.9,51.5,22.9,22.9,22.9,51.5,23.8,23.8,23.8,23.8,20.6,20.6,20.6,20.6,0.0,11.9,53.3,82.1,5.1,7.6,4.9,5.3,5.6,12.7,0.8,0.4,0.2,1.2,2.1,0.1,5.8,3.8,12.9,46.7,17.6,3.1,26.8,2.6,4.8,7.2,86.6,0.5,0.4,0.6,1.2,4.0,0.2,2.4,2.1,75.1,0.0,0.3,91.9,65.6,92.5,89.9,87.2,0.7,98.7,99.3,99.2,97.6,94.0,99.6,91.7,94.1,2595.3,26.00,42,42,42,84,125,766,1,85.9,84.6,85.4,73.5,72.5,79.7,82.4,72.7,74.0,72.1,72.8,72.2,75.0,70.3,68.7,70.2,69.0,70.6,69.1,71.0,69.6,72.3,73.4,71.2,79.0,74.5,77.5,80.0,77.0,1.117,1.102,1.096,15.481,12.231,15.479,45.750,6.741,43.973,0.731,3.300,4.395,0.172,0.636,0.155,0.205,0.243,1.814,0.078,0.063,0.062,0.077,0.138,0.055,0.169,0.128,17.289,13.478,38.154,1730.2,2595.3,3923.4,5099.7,2747.0,5111.5,14.3,28.6,66.2,78.5,93.7,99.5,No,No,No,2.090,1.165,1.9,3700,4000,42.8,1.110,1.125,1.815,1.800,1.020,5.040,No,No,No,47.2,1.110,1.125,1.815,1.800,1.020,5.040,0.125,No,No,No,33,33,100.0,100.0,No,No,2627,2056,0.0,0.1,0.1,0.000,0.024,26545,11964,77.5,0.720,14.000,600.0,2600.0,1200.0,100.0,0.0,0.0,0.0,0.0,0.0,0.0,0.0,0.0,0,0,16.0,145,No,No,No,79.4,74.0,83.0,0.860,20.024,19.978,20.069,86.612,43.725,10.349,73.326,14.966,83.709,4.600,65.931,53.191,55.000,115.000,2370.0,1500.1,2062.0,2348.5,2145.0,97.0,18.0,0.0,95.0,51.7,24.5,98.1,0.0,0.0,0.0,Yes,No,No,No,No,Yes,No,0,0,0,0,0,0,0,0,0,0,0,0,0,0,0,0,0,0,0,0,0,0,0,0,0,0,0,0,0,0,3940,4211,3964,120,32.0,17.592,90.576,100.0,0.000,0.0,57.7,62.6,49.2,46.5,46.2,46.2,57.7,59.1,50.0,46.7,46.4,46.4,17.32,19.99,16.92,16.91,21.59,21.59,17.09,0.22,5.79,11.53,0.44,0,0,0.0,0.0,1355,21,0.9,0.2,0,
9.6.2026,12:24:38.282,12280,28390,30.1,9819,22147,30.7,0.0,8704,2,1.065,1.065,1.065,1.065,1.065,1.065,1.065,1.065,1.065,1.065,1.065,1.065,1.065,1.065,1.065,1.065,1.065,2536.2,4966.0,4966.0,2207.1,2207.1,2207.1,2207.1,2207.1,2207.1,2379.0,2379.0,2379.0,2053.4,2053.4,2053.4,2053.4,2053.4,99.8,298.9,2148.3,1165.0,2746.1,1744.3,5.5,121.8,88.9,185.5,7.0,127.0,21.4,130.1,30.5,141.5,244.5,241.9,17.0,9.2,4.0,4.0,2.0,2.6,7.7,37.7,31.3,24.4,2.6,2.1,7.8,156.3,8.6,99.0,298.9,6.4,23.1,24.7,54.2,34.0,0.9,4.1,2.1,5.9,0.2,4.3,2.1,4.3,0.8,5.2,6.0,6.8,1.2,2.5,0.9,3.9,0.8,0.0,0.2,4.9,1.6,0.0,0.8,0.0,1.0,5.0,0.2,3.2,54.2,6.4,11.0,45.7,47.7,114.6,72.7,0.2,4.9,3.5,7.4,0.2,5.1,0.8,5.2,1.2,5.7,9.6,9.7,0.7,0.4,0.1,0.2,0.1,0.1,0.3,1.5,1.2,0.9,0.1,0.1,0.3,6.3,0.3,4.0,11.0,25.4,49.8,49.8,22.1,22.1,22.1,22.1,22.1,22.1,23.8,23.8,23.8,20.6,20.6,20.6,20.6,20.6,0.0,11.9,46.6,88.7,4.7,8.2,4.9,5.2,5.9,13.0,0.7,0.3,0.2,1.5,1.5,0.2,5.7,3.7,13.0,53.4,11.3,2.4,28.7,2.7,6.4,8.4,85.9,0.5,0.3,0.2,1.1,2.8,0.2,2.1,1.7,75.1,0.0,0.0,92.9,63.1,92.3,88.4,85.7,1.1,98.7,99.4,99.6,97.3,95.7,99.6,92.2,94.6,2595.3,26.00,42,42,42,84,125,766,1,85.9,84.6,81.5,76.1,72.5,78.8,83.4,72.4,74.3,72.0,73.0,72.3,75.2,70.3,68.7,70.1,69.0,70.5,69.1,70.9,69.5,72.3,73.4,71.2,79.5,74.8,77.4,80.0,77.0,1.122,1.102,1.096,15.666,12.226,15.667,47.000,6.741,44.286,0.747,3.129,4.658,0.157,0.713,0.164,0.241,0.284,1.853,0.078,0.059,0.060,0.089,0.111,0.059,0.163,0.128,17.575,13.472,38.433,1730.2,2595.3,3931.0,5106.2,2755.8,5113.3,14.5,29.4,66.6,79.2,94.0,99.6,No,No,No,2.119,1.175,1.9,3800,4000,42.8,1.110,1.125,1.815,1.800,1.020,5.040,No,No,No,47.2,1.110,1.110,1.815,1.800,1.020,5.040,0.375,No,No,No,34,34,100.0,100.0,No,No,2627,2056,0.0,0.0,0.0,0.000,0.002,26545,11964,77.5,0.720,15.000,600.0,2600.0,1200.0,100.0,0.0,0.0,0.0,0.0,0.0,0.0,0.0,0.0,0,0,16.0,145,No,No,No,79.5,74.0,83.0,0.860,19.971,19.893,20.049,86.856,36.547,12.095,83.820,16.731,96.017,4.600,0.000,42.564,55.000,115.000,2370.0,1500.1,2062.0,2345.3,2145.0,98.0,19.0,0.0,91.0,51.7,24.4,97.5,0.0,0.0,0.0,Yes,No,No,No,No,Yes,No,0,0,0,0,0,0,0,0,0,0,0,0,0,0,0,0,0,0,0,0,0,0,0,0,0,0,0,0,0,0,3940,4211,3964,120,32.0,17.593,90.576,100.0,0.000,0.0,59.3,62.3,56.5,56.4,56.4,56.4,59.3,59.8,58.6,58.5,58.5,58.5,16.87,17.08,16.73,16.72,17.09,17.09,16.78,0.09,5.63,11.24,0.09,0,0,0.0,0.0,1355,21,0.3,0.3,0,
9.6.2026,12:24:40.270,12277,28394,30.1,9819,22148,30.7,0.0,8704,2,1.112,1.140,1.105,1.105,1.105,1.105,1.105,1.105,1.105,1.115,1.115,1.115,1.115,1.115,1.115,1.115,1.115,2843.7,2262.6,5065.9,2251.5,5065.9,2251.5,2251.5,2251.5,5065.9,2379.0,2379.0,2379.0,2379.0,2379.0,2379.0,2379.0,2379.0,99.8,296.6,1972.0,1027.6,4009.7,625.3,12.8,132.8,101.4,182.6,8.0,118.0,12.6,121.9,33.2,149.6,264.4,312.4,10.7,7.8,2.6,2.6,2.0,1.6,6.7,31.9,37.3,32.7,1.8,2.3,6.3,147.3,11.2,100.7,296.6,5.9,22.3,22.5,79.1,12.4,0.0,4.3,2.3,5.0,0.9,4.0,0.0,4.8,0.0,4.6,6.3,7.4,0.0,0.0,0.0,0.0,0.0,0.0,0.0,1.7,1.0,2.3,0.0,0.0,0.0,5.5,0.0,3.1,79.1,5.9,11.0,44.1,41.9,167.4,26.0,0.5,5.4,4.0,7.2,0.3,4.8,0.5,4.9,1.3,6.0,10.5,12.5,0.4,0.3,0.1,0.1,0.1,0.1,0.2,1.3,1.4,1.3,0.1,0.1,0.2,6.0,0.4,4.1,11.0,28.5,22.7,50.8,22.6,50.8,22.6,22.6,22.6,50.8,23.8,23.8,23.8,23.8,23.8,23.8,23.8,23.8,0.0,12.0,43.5,91.7,5.1,8.2,4.7,4.9,6.1,14.0,0.6,0.2,0.1,1.3,1.9,0.2,5.4,3.6,13.3,56.5,8.3,3.1,33.5,2.6,3.4,8.7,85.4,0.6,0.3,0.6,0.7,4.7,0.4,1.8,2.7,74.7,0.0,0.0,91.8,58.3,92.8,91.7,85.2,0.6,98.9,99.5,99.2,98.0,93.5,99.5,92.8,93.7,2595.3,26.00,42,42,42,84,125,766,1,86.0,84.7,85.4,80.1,72.4,78.4,83.6,72.4,74.3,72.1,72.8,72.3,75.2,70.2,68.6,70.1,68.9,70.5,69.1,70.8,69.5,72.2,73.4,71.1,79.0,74.7,77.5,80.0,77.0,1.124,1.102,1.096,15.723,12.224,15.717,48.250,6.739,44.338,0.752,2.981,4.781,0.179,0.780,0.152,0.176,0.300,1.920,0.070,0.057,0.062,0.082,0.147,0.059,0.146,0.142,17.658,13.470,38.512,1730.2,2595.3,3935.2,5112.0,2758.3,5115.6,14.6,30.2,66.7,79.3,94.2,99.6,No,No,No,2.070,1.166,1.9,3800,4000,43.0,1.110,1.110,1.815,1.800,1.020,5.040,No,No,No,47.2,1.110,1.110,1.800,1.800,1.020,5.040,0.125,No,No,No,33,33,100.0,100.0,No,No,2627,2056,0.0,0.1,0.1,0.000,0.051,26545,11965,77.4,0.720,19.000,600.0,2600.0,1200.0,100.0,0.0,0.0,0.0,0.0,0.0,0.0,0.0,0.0,0,0,16.0,145,No,No,No,79.8,74.0,83.0,0.865,20.015,19.972,20.058,83.365,38.329,7.230,72.523,11.853,79.790,4.600,64.169,28.141,55.000,115.000,2385.0,1125.1,2062.0,2354.0,2145.0,97.0,24.0,0.0,92.0,51.7,24.5,98.1,0.0,0.0,0.0,Yes,No,No,No,No,Yes,No,0,0,0,0,0,0,0,0,0,0,0,0,0,0,0,0,0,0,0,0,0,0,0,0,0,0,0,0,0,0,3940,4211,3964,120,32.0,17.593,90.576,100.0,0.000,0.0,58.1,60.7,55.0,54.1,54.0,54.0,58.1,58.8,56.9,56.8,56.8,56.8,17.22,17.61,16.97,16.96,17.61,17.61,17.04,0.18,5.59,11.63,0.18,0,0,0.0,0.0,1355,21,0.5,0.2,0,
9.6.2026,12:24:42.280,12267,28403,30.1,9816,22151,30.7,0.0,8704,2,1.143,1.130,1.140,1.140,1.140,1.140,1.140,1.140,1.140,1.140,1.140,1.140,1.140,1.140,1.160,1.160,1.160,2817.3,2284.8,5140.7,2284.8,5140.7,2318.0,2318.0,2318.0,5215.6,2379.0,2379.0,2379.0,2379.0,2379.0,2053.4,2053.4,2053.4,99.8,307.6,2461.3,1077.1,2452.6,1791.4,7.7,147.0,106.8,196.8,14.2,139.4,27.9,158.7,37.1,165.7,267.2,273.6,15.8,17.3,3.6,2.9,2.7,2.4,15.5,27.0,55.2,37.3,3.2,2.5,15.9,193.8,9.9,112.4,307.6,7.1,31.9,22.6,47.9,36.2,2.0,5.2,2.2,5.0,0.0,4.9,1.6,4.6,2.6,4.7,6.0,6.2,1.4,7.1,0.4,1.1,1.1,9.5,2.2,1.0,0.9,0.4,0.0,8.8,0.0,5.6,0.5,3.8,47.9,7.1,11.5,65.2,44.1,102.3,74.6,0.3,6.0,4.2,7.9,0.5,5.6,1.1,6.4,1.4,6.6,10.5,11.0,0.6,0.7,0.1,0.1,0.1,0.1,0.6,1.1,2.2,1.4,0.1,0.1,0.6,7.9,0.4,4.6,11.5,28.2,22.9,51.5,22.9,51.5,23.2,23.2,23.2,52.2,23.8,23.8,23.8,23.8,23.8,20.6,20.6,20.6,0.0,12.5,52.5,84.3,5.6,9.1,5.5,6.0,6.7,14.1,0.9,0.2,0.2,1.3,2.3,0.2,6.7,4.0,13.5,47.5,15.7,4.1,29.4,4.2,7.0,7.8,84.2,0.7,0.3,0.3,1.3,6.1,0.5,3.8,3.0,74.0,0.0,0.0,90.3,61.5,90.3,87.1,85.4,1.7,98.4,99.4,99.6,97.4,91.6,99.3,89.5,93.0,2595.3,26.00,42,42,42,84,125,766,1,86.2,85.0,88.9,79.6,72.6,79.7,83.1,72.7,74.3,72.2,73.0,72.4,75.3,70.2,68.6,70.1,68.9,70.7,69.0,71.1,69.5,72.3,73.4,71.1,78.2,74.3,77.5,80.0,77.0,1.129,1.102,1.096,16.194,12.217,16.199,50.750,6.744,45.002,0.783,3.373,4.594,0.204,0.751,0.200,0.277,0.296,1.911,0.082,0.060,0.061,0.092,0.200,0.063,0.210,0.155,18.272,13.465,39.127,1730.2,2595.3,3961.2,5122.4,2800.0,5129.4,15.0,31.7,67.7,80.0,94.6,100.0,No,No,No,2.103,1.150,2.0,3700,4000,43.0,1.110,1.110,1.815,1.800,1.020,5.040,No,No,No,47.5,1.110,1.110,1.815,1.800,1.020,5.040,0.250,No,No,No,33,33,100.0,100.0,No,No,2627,2056,0.1,0.3,0.4,0.073,1.104,26545,11967,77.4,0.720,29.000,600.0,2600.0,1200.0,100.0,0.0,0.0,0.0,0.0,0.0,0.0,0.0,0.0,0,0,16.0,145,No,No,No,79.0,74.0,83.0,0.865,20.022,19.978,20.065,83.038,46.911,7.312,71.821,11.932,79.175,4.600,64.881,88.653,55.000,115.000,2385.0,1125.1,2062.0,2354.8,2145.0,97.0,24.0,0.0,91.0,51.7,24.1,96.5,0.0,0.0,0.0,Yes,No,No,No,No,Yes,No,0,0,0,0,0,0,0,0,0,0,0,0,0,0,0,0,0,0,0,0,0,0,0,0,0,0,0,0,0,0,3940,4211,3964,120,32.0,17.593,90.576,100.0,0.000,0.0,58.1,62.2,54.6,54.3,54.2,54.2,58.1,59.2,55.9,55.6,55.6,55.6,17.21,17.91,16.87,16.83,17.97,17.97,16.89,0.31,6.15,11.06,0.42,0,0,0.0,0.0,1355,21,0.1,0.2,0,
9.6.2026,12:24:44.269,12252,28418,30.1,9800,22166,30.6,0.0,8704,2,1.139,1.110,1.140,1.140,1.140,1.140,1.140,1.140,1.140,1.140,1.140,1.140,1.140,1.140,1.140,1.145,1.145,3181.3,5040.9,5140.7,2284.8,5140.7,2284.8,2295.9,5165.7,5165.7,2379.0,2379.0,2379.0,2379.0,2379.0,2379.0,2053.4,2053.4,99.8,317.4,2313.2,1401.6,174.9,4206.8,14.5,142.4,74.6,210.9,13.2,145.0,14.4,162.9,46.0,178.5,242.9,281.6,11.1,24.2,27.0,4.1,7.0,4.5,5.8,27.2,43.8,35.9,2.7,1.6,7.9,188.6,8.9,132.3,317.4,6.2,21.9,29.6,2.9,82.9,0.0,4.9,1.8,6.0,0.3,4.9,0.4,5.3,1.1,5.5,5.9,7.0,1.1,2.1,0.0,0.0,0.0,0.1,0.0,0.9,1.2,0.9,0.9,0.0,1.7,6.1,0.0,4.0,82.9,6.2,11.4,43.4,57.7,7.1,175.5,0.6,5.8,2.9,8.4,0.5,5.9,0.5,6.6,1.8,7.2,9.6,11.3,0.4,1.0,1.1,0.1,0.3,0.2,0.2,1.1,1.7,1.4,0.1,0.1,0.3,7.7,0.3,5.4,11.4,31.9,50.5,51.5,22.9,51.5,22.9,23.0,51.8,51.8,23.8,23.8,23.8,23.8,23.8,23.8,20.6,20.6,0.0,12.5,49.6,86.6,5.7,8.7,5.6,6.1,6.9,13.5,0.9,0.7,0.3,1.2,2.0,0.2,6.8,4.5,12.8,50.4,13.4,2.4,24.1,4.1,4.3,8.4,84.3,1.1,1.3,0.4,0.7,5.9,0.3,2.4,1.9,74.7,0.0,0.0,91.9,67.2,90.3,89.5,84.6,2.2,97.9,98.0,99.4,98.1,92.1,99.6,90.8,93.6,2595.3,26.00,42,42,42,84,125,766,1,86.4,85.0,85.9,73.1,72.4,79.0,83.3,72.4,74.0,72.0,72.8,72.3,75.1,70.2,68.6,70.0,68.8,70.6,69.0,70.9,69.5,72.1,73.2,71.1,79.2,74.8,77.6,80.0,77.0,1.126,1.102,1.096,16.011,12.216,16.010,56.250,6.742,44.725,0.761,3.191,4.686,0.177,0.627,0.197,0.220,0.314,1.874,0.091,0.093,0.066,0.076,0.177,0.059,0.177,0.154,18.016,13.462,38.866,1730.2,2595.3,3957.4,5116.6,2798.2,5123.5,14.8,35.2,67.3,80.4,94.9,100.0,No,No,No,2.098,1.160,2.0,3700,4000,43.0,1.110,1.110,1.815,1.800,1.020,5.040,No,No,No,47.5,1.110,1.110,1.815,1.800,1.005,5.040,0.500,No,No,No,33,33,100.0,100.0,No,No,2627,2056,0.0,0.1,0.1,0.000,0.034,26545,11967,77.3,0.720,24.000,600.0,2600.0,1200.0,100.0,0.0,0.0,0.0,0.0,0.0,0.0,0.0,0.0,0,0,16.0,145,No,No,No,80.2,74.0,83.0,0.865,20.019,19.976,20.062,82.671,40.452,7.351,71.649,11.969,79.043,4.600,61.552,47.002,55.000,115.000,2385.0,1125.1,2062.0,2355.1,2145.0,97.0,24.0,0.0,90.0,51.7,24.4,97.8,0.0,0.0,0.0,Yes,No,No,No,No,Yes,No,0,0,0,0,0,0,0,0,0,0,0,0,0,0,0,0,0,0,0,0,0,0,0,0,0,0,0,0,0,0,3940,4211,3964,120,32.0,17.594,90.576,100.0,0.000,0.0,59.1,63.3,55.3,55.0,55.0,55.0,59.2,60.0,57.9,57.7,57.7,57.7,16.90,17.29,16.67,16.65,17.34,17.34,16.71,0.19,6.00,10.91,0.24,0,0,0.0,0.0,1355,21,0.2,0.2,0,
9.6.2026,12:24:46.275,12251,28419,30.1,9800,22167,30.6,0.0,8704,2,1.136,1.110,1.135,1.135,1.135,1.135,1.135,1.135,1.135,1.135,1.135,1.135,1.135,1.145,1.145,1.145,1.145,2687.9,5090.8,5140.7,2284.8,2284.8,2284.8,2295.9,2295.9,2295.9,2379.0,2379.0,2379.0,2379.0,2379.0,2379.0,2379.0,2379.0,99.8,318.7,2573.6,1577.9,2954.0,1162.4,19.1,141.6,83.0,191.0,10.9,146.7,12.3,140.1,47.8,170.2,280.4,212.6,10.7,24.0,3.1,8.3,2.3,1.6,8.1,22.6,42.3,38.5,2.3,2.1,7.7,180.9,7.0,112.3,318.7,6.5,23.5,32.9,58.9,23.6,1.5,5.1,2.2,5.8,0.0,5.2,0.0,5.0,1.4,5.5,7.1,5.7,0.0,0.0,1.1,7.0,1.1,0.3,0.0,0.2,1.3,1.3,1.1,0.3,0.4,6.2,1.2,3.1,58.9,6.5,11.3,46.6,65.2,123.1,48.3,0.8,5.7,3.2,7.6,0.4,5.9,0.4,5.7,1.9,6.9,11.1,8.5,0.4,1.0,0.1,0.3,0.1,0.1,0.3,0.9,1.7,1.5,0.1,0.1,0.3,7.4,0.3,4.6,11.3,26.9,51.0,51.5,22.9,22.9,22.9,23.0,23.0,23.0,23.8,23.8,23.8,23.8,23.8,23.8,23.8,23.8,0.0,12.3,54.3,81.7,5.7,8.3,5.7,5.6,7.0,13.2,0.9,0.3,0.1,1.1,2.1,0.2,6.6,4.1,12.7,45.7,18.3,2.2,24.4,3.5,4.5,8.4,84.2,1.5,0.4,0.3,0.8,4.8,0.2,2.6,1.6,75.0,0.0,0.0,92.0,67.3,90.8,89.9,84.6,2.6,97.6,99.3,99.6,98.1,93.1,99.6,90.8,94.3,2595.3,26.00,42,42,42,84,125,766,1,86.4,85.0,84.9,73.1,72.3,79.7,82.5,72.5,73.8,72.1,72.6,72.3,74.9,70.1,68.5,70.0,68.7,70.5,68.9,70.9,69.3,72.1,73.2,71.1,78.8,74.5,77.7,80.0,77.0,1.127,1.102,1.096,15.928,12.216,15.929,48.250,6.735,44.606,0.754,3.391,4.500,0.171,0.625,0.188,0.207,0.316,1.844,0.095,0.063,0.060,0.076,0.160,0.058,0.175,0.127,17.939,13.464,38.783,1730.2,2595.3,3951.5,5119.1,2784.0,5126.3,14.7,30.2,67.1,80.5,95.2,100.0,No,No,No,2.056,1.150,2.0,3700,4000,43.2,1.110,1.110,1.815,1.800,1.020,5.040,No,No,No,47.5,1.110,1.110,1.815,1.800,1.020,5.040,0.125,No,No,No,33,33,100.0,100.0,No,No,2627,2056,0.0,0.0,0.0,0.000,0.016,26545,11967,77.3,0.720,14.000,600.0,2600.0,1200.0,100.0,0.0,0.0,0.0,0.0,0.0,0.0,0.0,0.0,0,0,16.0,145,No,No,No,79.9,74.0,83.0,0.865,20.015,19.972,20.058,83.088,44.675,7.330,71.305,11.949,78.687,4.600,61.293,77.558,55.000,115.000,2385.0,1125.1,2062.0,2355.2,2152.0,97.0,24.0,0.0,89.0,51.7,24.5,97.8,0.0,0.0,0.0,Yes,No,No,No,No,Yes,No,0,0,0,0,0,0,0,0,0,0,0,0,0,0,0,0,0,0,0,0,0,0,0,0,0,0,0,0,0,0,3940,4211,3964,120,32.0,17.594,90.576,100.0,0.000,0.0,59.4,63.7,53.2,50.2,49.9,49.9,59.4,60.3,57.7,57.7,57.7,57.7,16.84,17.35,16.58,16.57,17.36,17.36,16.59,0.24,6.04,10.80,0.30,0,0,0.0,0.0,1355,21,0.2,0.2,0,
9.6.2026,12:24:48.282,12253,28417,30.1,9799,22167,30.6,0.0,8704,2,1.096,1.105,1.095,1.095,1.095,1.095,1.095,1.095,1.095,1.095,1.095,1.095,1.095,1.095,1.095,1.095,1.095,2712.7,5040.9,5040.9,2240.4,2240.4,2240.4,2240.4,5040.9,2240.4,2379.0,2379.0,2053.4,2053.4,2053.4,2053.4,2053.4,2053.4,99.8,323.8,2337.1,1632.8,4156.5,275.3,9.1,145.3,74.3,225.4,18.4,138.8,14.2,145.0,46.6,194.3,283.3,219.8,9.5,12.7,3.9,2.0,2.7,1.7,6.5,26.8,27.9,28.2,2.8,1.8,6.1,184.6,6.7,121.3,323.8,6.7,17.6,34.0,81.6,5.7,1.0,5.0,1.9,6.2,1.2,4.8,2.6,4.9,1.2,5.9,6.9,5.5,4.0,8.2,0.1,0.0,0.1,0.0,2.4,0.9,0.7,0.7,0.1,0.0,0.0,6.0,0.1,3.8,81.6,6.7,11.4,34.2,67.4,173.4,11.3,0.3,5.9,2.9,9.1,0.7,5.6,0.5,5.9,1.8,7.8,11.2,8.8,0.4,0.5,0.1,0.1,0.1,0.1,0.2,1.1,1.1,1.1,0.1,0.1,0.2,7.5,0.2,5.0,11.4,27.2,50.5,50.5,22.4,22.4,22.4,22.4,50.5,22.4,23.8,23.8,20.6,20.6,20.6,20.6,20.6,20.6,0.0,12.5,50.1,87.5,5.7,9.0,5.7,5.9,7.6,13.1,0.7,0.2,0.1,1.2,1.5,0.2,6.6,4.2,13.3,49.9,12.5,2.9,28.9,3.4,3.8,13.3,86.6,0.6,0.5,0.4,0.8,4.9,0.5,2.8,1.4,74.2,0.0,0.0,91.4,62.1,90.9,90.3,79.1,0.2,98.8,99.3,99.5,98.0,93.6,99.4,90.6,94.3,2595.3,26.00,42,42,42,84,125,766,1,86.2,85.0,81.5,73.1,72.4,79.0,83.2,72.5,74.1,72.1,72.7,72.5,75.0,70.2,68.5,70.1,68.7,70.6,68.9,71.0,69.3,72.2,73.2,71.1,79.0,74.6,77.7,80.0,77.0,1.126,1.102,1.096,16.016,12.219,16.007,46.750,6.739,44.743,0.769,3.209,4.719,0.180,0.730,0.188,0.196,0.403,1.895,0.075,0.061,0.062,0.077,0.144,0.061,0.178,0.127,18.025,13.465,38.873,1730.2,2595.3,3950.4,5117.5,2783.4,5124.7,14.8,29.2,67.3,80.7,95.4,99.9,No,No,No,2.097,1.175,2.0,3700,4000,43.2,1.110,1.110,1.815,1.800,1.020,5.040,No,No,No,47.5,1.095,1.110,1.815,1.800,1.020,5.040,0.250,No,No,No,33,33,100.0,100.0,No,No,2627,2056,0.0,0.1,0.1,0.000,0.034,26545,11967,77.2,0.720,14.000,600.0,2600.0,1200.0,100.0,0.0,0.0,0.0,0.0,0.0,0.0,0.0,0.0,0,0,16.0,145,No,No,No,80.3,74.0,83.0,0.865,20.018,19.972,20.064,83.730,49.456,10.286,72.669,14.903,83.003,4.600,66.643,94.087,55.000,115.000,2370.0,1500.1,2062.0,2351.9,2145.0,98.0,20.0,0.0,93.0,51.7,24.4,97.5,0.0,0.0,0.0,Yes,No,No,No,No,Yes,No,0,0,0,0,0,0,0,0,0,0,0,0,0,0,0,0,0,0,0,0,0,0,0,0,0,0,0,0,0,0,3940,4211,3964,120,32.0,17.593,90.576,100.0,0.000,0.0,61.3,66.5,57.2,57.1,57.1,57.1,61.3,61.8,60.0,59.9,59.9,59.9,16.30,16.67,16.18,16.18,16.70,16.70,16.22,0.07,5.96,10.34,0.09,0,0,0.0,0.0,1355,21,0.3,0.4,0,
9.6.2026,12:24:50.269,12246,28424,30.1,9794,22172,30.6,0.0,8704,2,0.916,0.915,0.920,0.920,0.915,0.915,0.915,0.915,0.915,0.915,0.915,0.915,0.915,0.915,0.915,0.915,0.915,2657.6,4566.8,4566.8,2283.4,2283.4,2283.4,2283.4,2283.4,4566.8,2379.0,2379.0,2379.0,2053.4,2053.4,2053.4,2053.4,2053.4,99.8,309.6,2459.4,1347.0,731.4,3359.5,12.3,156.0,96.1,208.4,9.9,153.8,30.2,165.5,44.7,169.6,260.2,205.2,13.5,23.4,3.6,4.1,3.3,2.6,6.1,24.7,46.1,29.3,2.8,3.3,7.4,199.7,16.0,112.1,309.6,6.1,26.5,28.5,14.9,68.0,0.0,5.2,2.3,5.9,0.0,5.1,0.7,5.3,0.3,5.3,6.6,5.3,0.3,0.6,0.1,0.0,0.1,0.1,0.2,0.8,1.2,0.7,0.1,0.0,0.2,6.3,0.4,3.4,68.0,6.1,11.2,51.7,55.4,30.3,140.2,0.5,6.3,3.8,8.3,0.4,6.2,1.2,6.7,1.7,6.8,10.2,8.2,0.5,0.9,0.1,0.2,0.1,0.1,0.2,1.0,1.8,1.1,0.1,0.1,0.3,8.1,0.6,4.6,11.2,26.6,45.8,45.8,22.9,22.9,22.9,22.9,22.9,45.8,23.8,23.8,23.8,20.6,20.6,20.6,20.6,20.6,0.0,12.4,53.3,83.0,5.9,9.1,5.8,6.5,6.9,12.8,1.0,0.3,0.2,1.1,2.0,0.2,6.9,4.0,13.4,46.7,17.0,3.6,28.8,3.3,5.7,9.3,87.0,0.8,0.4,0.9,1.7,3.6,0.7,2.7,1.7,74.2,0.0,0.0,90.5,62.1,90.8,87.7,83.7,0.2,98.2,99.3,98.9,97.2,94.4,99.1,90.4,94.2,2595.3,26.00,42,42,42,84,125,766,1,85.6,83.0,75.6,72.6,71.9,78.3,81.0,72.2,73.4,71.8,72.3,72.0,74.1,69.9,68.5,69.8,68.7,70.3,68.9,70.7,69.3,71.8,72.8,70.9,78.2,74.4,78.0,80.1,77.0,1.071,1.102,1.096,14.640,12.204,14.656,42.250,6.733,42.512,0.668,2.932,3.947,0.178,0.648,0.161,0.228,0.286,1.613,0.076,0.051,0.058,0.072,0.117,0.055,0.157,0.111,15.801,13.451,36.630,1730.2,2595.3,3886.8,4987.2,2786.5,4987.5,13.6,26.4,63.9,80.3,95.7,97.7,No,No,No,2.016,1.079,2.0,3700,4000,43.2,1.125,1.110,1.815,1.800,1.020,5.040,No,No,No,47.8,1.125,1.110,1.815,1.800,1.020,5.040,0.375,No,No,No,33,33,100.0,100.0,No,No,2627,2056,0.0,0.1,0.1,0.000,0.065,26545,11967,77.2,0.720,9.000,600.0,2600.0,1200.0,100.0,0.0,0.0,0.0,0.0,0.0,0.0,0.0,0.0,0,0,16.0,145,No,No,No,81.1,74.0,83.0,0.860,20.014,19.967,20.060,88.317,43.282,9.624,76.285,14.245,85.958,4.600,64.449,47.811,55.000,115.000,2370.0,1500.1,2062.0,2342.8,2145.0,97.0,20.0,0.0,78.0,51.2,24.3,97.1,0.0,0.0,0.0,Yes,No,No,No,No,Yes,No,0,0,0,0,0,0,0,0,0,0,0,0,0,0,0,0,0,0,0,0,0,0,0,0,0,0,0,0,0,0,3974,4177,3930,118,32.0,17.593,90.576,100.0,0.000,0.0,59.7,64.0,51.3,48.9,48.6,48.6,59.7,61.4,50.9,46.8,46.4,46.4,16.76,19.63,16.28,16.26,21.54,21.54,16.53,0.23,5.90,10.85,0.51,0,0,0.0,0.0,1355,21,0.2,0.2,0,
9.6.2026,12:24:52.281,12215,28456,30.0,9796,22170,30.6,0.0,8704,2,1.005,1.005,1.005,1.005,1.005,1.005,1.005,1.005,1.005,1.005,1.005,1.005,1.005,1.005,1.005,1.005,1.005,2680.1,4816.3,4816.3,2140.6,2140.6,2140.6,2140.6,2140.6,4816.3,2379.0,2379.0,2379.0,2379.0,2053.4,2053.4,2053.4,2053.4,99.8,363.8,3854.0,3465.1,1529.0,796.3,5.3,163.0,111.5,188.9,11.8,170.2,22.1,171.8,26.5,173.9,249.1,247.2,9.7,5.4,10.0,2.2,2.3,2.0,4.6,23.9,36.5,36.2,2.3,2.0,5.3,215.3,5.2,92.4,363.8,6.4,11.0,74.2,33.4,17.2,0.6,5.4,2.6,5.4,0.8,5.6,0.2,5.4,1.1,5.4,6.2,6.1,0.7,0.0,0.7,0.0,0.5,0.5,0.6,0.5,0.6,0.7,0.5,8.3,0.6,6.7,0.6,2.8,74.2,6.4,10.7,21.6,144.4,63.3,32.6,0.2,6.6,4.4,7.5,0.4,6.9,0.8,6.9,1.0,7.0,9.8,9.9,0.4,0.2,0.4,0.1,0.1,0.1,0.2,1.0,1.4,1.4,0.1,0.1,0.2,8.8,0.2,3.8,10.7,26.8,48.2,48.2,21.4,21.4,21.4,21.4,21.4,48.2,23.8,23.8,23.8,23.8,20.6,20.6,20.6,20.6,0.0,12.4,83.1,51.1,6.2,9.3,6.7,6.7,7.0,13.8,0.5,0.4,0.2,1.1,1.9,0.2,7.5,3.4,13.5,16.9,48.8,2.8,32.3,3.8,5.2,6.7,86.0,0.8,0.7,0.4,1.2,6.3,0.5,2.4,1.4,74.0,0.0,0.1,90.9,58.4,89.6,88.1,86.3,0.2,98.7,98.9,99.4,97.7,91.7,99.4,90.1,95.2,2595.3,26.00,42,42,42,84,125,766,1,84.1,79.5,78.1,72.6,70.8,77.9,74.5,71.3,71.4,71.0,70.9,71.0,72.3,69.2,68.2,69.2,68.3,69.7,68.5,70.1,68.9,70.9,71.4,70.3,78.8,74.3,78.7,80.1,77.0,0.961,1.102,1.096,11.845,12.178,11.843,33.250,6.715,37.866,0.465,2.699,2.032,0.119,0.478,0.134,0.158,0.168,1.147,0.043,0.040,0.036,0.049,0.111,0.035,0.121,0.069,11.421,13.420,32.200,1730.2,2595.3,3727.8,4715.7,2739.9,4729.7,11.0,20.8,57.0,77.2,95.9,93.5,No,No,No,1.965,1.040,2.0,3700,4000,43.2,1.125,1.125,1.815,1.800,1.020,5.040,No,No,No,47.8,1.125,1.125,1.800,1.800,1.020,5.040,0.500,No,No,No,33,33,100.0,100.0,No,No,2627,2056,0.0,0.1,0.1,0.000,0.253,26545,11967,77.0,0.720,13.000,600.0,2600.0,1200.0,100.0,0.0,0.0,0.0,0.0,0.0,0.0,0.0,0.0,0,0,16.0,145,No,No,No,80.7,74.0,83.0,0.860,20.024,19.975,20.074,92.664,31.408,10.407,79.051,15.025,89.488,4.600,0.000,21.282,55.000,115.000,2362.0,1500.1,2055.0,2328.6,2145.0,98.0,19.0,0.0,78.0,51.3,24.7,98.8,0.0,0.0,0.0,Yes,No,No,No,No,Yes,No,0,0,0,0,0,0,0,0,0,0,0,0,0,0,0,0,0,0,0,0,0,0,0,0,0,0,0,0,0,0,3973,4178,3931,117,32.0,17.593,90.576,100.0,0.000,0.0,60.8,65.9,56.9,56.6,56.5,56.5,60.8,61.4,59.1,58.7,58.7,58.7,16.45,16.90,16.28,16.27,17.04,17.04,16.35,0.10,6.17,10.28,0.09,0,0,0.0,0.0,1355,21,2.1,0.2,0,
9.6.2026,12:24:54.279,12211,28460,30.0,9795,22172,30.6,0.0,8704,2,0.965,0.970,0.965,0.965,0.965,0.965,0.965,0.965,0.965,0.965,0.965,0.965,0.965,0.965,0.965,0.965,0.965,2516.0,2358.2,4716.5,2358.2,2358.2,2358.2,2358.2,2358.2,2358.2,2379.0,2379.0,2379.0,2379.0,2379.0,2379.0,2379.0,2379.0,99.8,308.2,2585.8,1565.4,2851.7,803.3,14.7,153.4,121.9,177.3,18.1,172.3,17.5,163.5,60.3,156.9,280.8,197.8,21.3,4.5,3.2,2.7,2.6,0.8,27.3,10.4,51.1,57.7,2.3,1.4,87.6,142.2,7.6,99.1,308.2,6.5,25.9,34.6,60.9,16.9,0.0,5.7,3.7,5.8,0.0,6.3,0.0,6.0,1.2,5.6,7.6,5.8,0.0,0.0,0.0,7.1,0.0,0.0,0.0,0.0,1.1,1.1,0.0,0.0,1.7,4.9,0.0,4.5,60.9,6.5,10.8,47.8,64.6,118.8,33.3,0.6,6.2,4.8,7.1,0.7,7.0,0.7,6.6,2.4,6.3,11.0,7.9,0.9,0.2,0.1,0.1,0.1,0.0,1.1,0.4,2.0,2.3,0.1,0.0,3.5,5.8,0.3,4.0,10.8,25.2,23.6,47.2,23.6,23.6,23.6,23.6,23.6,23.6,23.8,23.8,23.8,23.8,23.8,23.8,23.8,23.8,0.0,12.6,57.8,78.0,6.2,9.3,6.7,6.5,7.2,13.3,0.7,0.2,0.1,1.2,2.6,0.1,7.5,3.7,13.0,42.2,22.0,2.8,28.3,3.3,4.5,8.5,85.9,0.5,0.3,0.2,0.6,4.5,0.2,2.6,1.2,74.4,0.0,0.0,91.0,62.4,90.0,88.9,84.3,0.8,98.8,99.5,99.6,98.2,92.8,99.7,89.8,95.1,2595.3,26.00,42,42,42,84,125,766,1,82.9,79.4,79.5,72.1,70.8,76.1,76.9,71.1,71.8,71.0,71.1,71.1,72.5,69.2,68.1,69.2,68.3,69.7,68.5,70.1,68.8,70.9,71.6,70.2,79.0,74.5,78.7,80.2,77.0,0.977,1.102,1.096,12.235,12.176,12.215,40.500,6.724,38.427,0.483,2.246,2.707,0.121,0.456,0.137,0.146,0.211,1.176,0.046,0.035,0.035,0.048,0.126,0.034,0.132,0.073,11.966,13.420,32.752,1730.2,2595.3,3755.2,4759.2,2751.2,4770.4,11.3,25.3,57.8,74.9,96.0,93.4,No,No,No,1.968,1.035,2.0,3700,4000,43.5,1.125,1.125,1.815,1.800,1.020,5.040,No,No,No,47.8,1.125,1.125,1.815,1.800,1.020,5.040,0.125,No,No,No,33,33,100.0,100.0,No,No,2627,2056,0.0,0.1,0.1,0.000,0.077,26545,11968,77.0,0.720,12.000,600.0,2600.0,1200.0,100.0,0.0,0.0,0.0,0.0,0.0,0.0,0.0,0.0,0,0,16.0,145,No,No,No,80.7,74.0,83.0,0.860,20.016,19.968,20.064,101.854,49.558,10.683,77.504,15.302,88.223,4.600,70.404,80.189,55.000,115.000,2362.0,1500.1,2055.0,2339.8,2145.0,98.0,19.0,0.0,79.0,51.3,24.4,97.5,0.0,0.0,0.0,Yes,No,No,No,No,Yes,No,0,0,0,0,0,0,0,0,0,0,0,0,0,0,0,0,0,0,0,0,0,0,0,0,0,0,0,0,0,0,3973,4178,3931,116,32.0,17.592,90.576,100.0,0.000,0.0,59.3,63.5,50.1,46.7,46.3,46.3,59.3,60.7,51.0,47.1,46.7,46.7,16.87,19.59,16.47,16.47,21.44,21.44,16.66,0.21,6.06,10.80,0.41,0,0,0.0,0.0,1355,21,0.2,0.4,0,
9.6.2026,12:24:56.282,12217,28453,30.0,9791,22175,30.6,0.0,8704,2,0.965,0.965,0.965,0.965,0.965,0.965,0.965,0.965,0.965,0.965,0.965,0.965,0.965,0.965,0.965,0.965,0.965,2582.0,2358.2,4716.5,2358.2,2358.2,2358.2,2358.2,2358.2,4716.5,2379.0,2379.0,2379.0,2379.0,2053.4,2053.4,2053.4,2053.4,99.8,293.3,2156.5,1198.6,2537.9,1523.1,103.4,77.4,104.0,195.8,11.1,151.1,22.8,159.6,37.4,157.3,247.9,258.8,10.3,4.1,5.5,3.2,2.1,1.9,38.2,5.5,42.7,32.0,2.5,2.0,102.0,95.4,18.1,76.3,293.3,5.9,23.6,26.0,52.7,33.0,4.4,2.1,2.0,5.2,1.3,4.8,0.9,4.9,0.4,4.7,5.8,5.4,0.6,0.0,0.4,0.4,0.3,0.3,1.3,0.0,0.6,1.1,0.0,0.0,3.6,2.6,0.8,0.3,52.7,5.9,10.7,44.8,49.2,105.9,63.3,4.2,3.1,4.1,7.8,0.4,6.1,0.9,6.4,1.4,6.3,9.8,10.4,0.4,0.1,0.2,0.1,0.1,0.1,1.6,0.2,1.7,1.2,0.1,0.1,4.1,3.9,0.7,3.1,10.7,25.9,23.6,47.2,23.6,23.6,23.6,23.6,23.6,47.2,23.8,23.8,23.8,23.8,20.6,20.6,20.6,20.6,0.0,12.3,48.8,85.8,6.4,9.1,6.0,6.4,6.8,13.7,0.5,0.3,0.2,1.3,2.0,0.2,6.8,3.1,13.1,51.2,13.8,3.7,27.4,3.4,4.8,8.7,85.9,0.8,0.3,0.2,1.3,4.1,0.3,2.0,1.0,74.6,0.0,0.5,89.9,63.6,90.6,88.8,84.5,0.4,98.7,99.3,99.6,97.5,93.9,99.6,91.2,95.9,2595.3,26.00,42,42,42,84,125,766,1,82.0,79.5,77.1,72.6,70.8,75.5,77.8,71.0,71.9,70.9,71.1,71.0,72.7,69.2,68.1,69.2,68.3,69.6,68.5,70.0,68.8,70.9,71.6,70.2,78.8,74.2,78.5,80.1,77.0,0.986,1.102,1.096,12.327,12.177,12.347,34.250,6.720,38.723,0.495,2.129,2.981,0.144,0.443,0.124,0.153,0.197,1.242,0.045,0.038,0.038,0.065,0.096,0.037,0.114,0.068,12.178,13.422,32.964,1730.2,2595.3,3739.7,4781.2,2698.3,4795.8,11.4,21.4,58.2,73.2,96.1,93.6,No,No,No,1.977,1.059,2.0,3700,4000,43.5,1.125,1.125,1.815,1.800,1.020,5.040,No,No,No,47.8,1.125,1.125,1.815,1.800,1.005,5.040,0.250,No,No,No,33,33,100.0,100.0,No,No,2627,2056,0.0,0.2,0.2,0.000,0.140,26545,11968,77.0,0.720,12.000,600.0,2600.0,1200.0,100.0,0.0,0.0,0.0,0.0,0.0,0.0,0.0,0.0,0,0,16.0,145,No,No,No,81.0,74.0,83.0,0.860,20.019,19.971,20.067,92.916,47.720,10.924,77.154,15.545,88.113,4.600,72.545,65.157,55.000,115.000,2362.0,1500.1,2055.0,2337.6,2145.0,98.0,20.0,0.0,81.0,51.3,24.5,97.9,0.0,0.0,0.0,Yes,No,No,No,No,Yes,No,0,0,0,0,0,0,0,0,0,0,0,0,0,0,0,0,0,0,0,0,0,0,0,0,0,0,0,0,0,0,3973,4178,3931,116,32.0,17.592,90.576,100.0,0.000,0.0,60.9,66.7,55.7,52.5,52.2,52.2,60.9,61.4,59.7,59.6,59.6,59.6,16.43,16.77,16.28,16.27,16.77,16.77,16.34,0.09,6.00,10.43,0.12,0,0,0.0,0.0,1355,21,0.2,0.5,0,
9.6.2026,12:24:58.272,12253,28418,30.1,9791,22175,30.6,0.0,8704,2,1.152,1.150,1.155,1.155,1.155,1.155,1.155,1.155,1.155,1.155,1.155,1.155,1.155,1.155,1.140,1.140,1.140,2455.8,2295.9,5165.7,2295.9,2295.9,2295.9,2295.9,2295.9,2295.9,2379.0,2379.0,2379.0,2379.0,2379.0,2053.4,2053.4,2053.4,99.8,309.5,2333.0,1681.9,144.1,3895.5,74.5,84.4,93.7,179.3,9.4,135.7,14.9,137.4,37.9,148.8,290.4,213.4,11.0,3.6,3.4,2.0,4.0,1.8,27.1,5.0,36.2,33.8,2.5,1.5,78.6,100.7,35.7,81.5,309.5,6.5,17.0,35.6,3.3,79.3,1.9,3.0,2.5,5.3,0.5,4.2,0.6,4.9,1.9,5.0,7.5,6.6,0.6,0.0,0.4,0.0,0.4,0.0,1.1,0.0,2.0,1.1,4.1,10.1,2.0,2.7,1.2,2.7,79.3,6.5,10.7,31.7,69.5,5.8,162.5,3.0,3.4,3.7,7.1,0.3,5.5,0.5,5.5,1.5,6.0,11.6,8.5,0.4,0.1,0.1,0.1,0.1,0.1,1.1,0.2,1.4,1.3,0.1,0.1,3.2,4.1,1.4,3.3,10.7,24.6,23.0,51.8,23.0,23.0,23.0,23.0,23.0,23.0,23.8,23.8,23.8,23.8,23.8,20.6,20.6,20.6,0.0,11.9,50.7,82.5,5.5,8.3,5.3,5.4,6.3,13.6,0.5,0.2,0.2,1.1,1.9,0.2,6.0,3.6,13.0,49.3,17.5,2.5,26.1,3.2,4.4,9.7,85.5,0.6,0.3,0.5,0.6,4.0,0.3,1.7,1.7,75.1,0.0,0.0,92.0,65.6,91.4,90.2,84.1,0.9,99.0,99.5,99.3,98.3,94.1,99.5,92.3,94.7,2595.3,26.00,42,42,42,84,125,766,1,83.6,81.5,84.0,78.1,71.3,77.1,79.5,71.5,72.4,71.2,71.4,71.3,73.4,69.3,68.2,69.3,68.4,69.7,68.6,70.1,69.0,71.2,72.1,70.4,79.0,74.4,78.2,80.1,77.0,1.056,1.102,1.096,13.760,12.183,13.755,39.250,6.726,41.070,0.605,2.683,3.622,0.147,0.549,0.147,0.162,0.250,1.516,0.054,0.046,0.049,0.056,0.118,0.046,0.121,0.113,14.594,13.428,35.392,1730.2,2595.3,3813.3,4956.0,2670.6,4974.1,12.7,24.5,61.9,72.5,96.2,95.9,No,No,No,1.910,1.040,1.9,3700,4000,43.5,1.125,1.125,1.815,1.800,1.020,5.040,No,No,No,48.0,1.125,1.125,1.815,1.800,1.020,5.040,0.375,No,No,No,33,33,100.0,100.0,No,No,2627,2056,0.0,0.0,0.0,0.000,0.046,26545,11968,77.1,0.720,14.000,600.0,2600.0,1200.0,100.0,0.0,0.0,0.0,0.0,0.0,0.0,0.0,0.0,0,0,16.0,145,No,No,No,80.2,74.0,83.0,0.860,20.041,20.001,20.082,88.241,37.194,10.681,64.730,15.300,75.487,4.600,0.000,89.560,55.000,115.000,2370.0,1500.1,2055.0,2342.4,2137.0,97.0,16.0,0.0,70.0,51.6,24.4,97.6,0.0,0.0,0.0,Yes,No,No,No,No,Yes,No,0,0,0,0,0,0,0,0,0,0,0,0,0,0,0,0,0,0,0,0,0,0,0,0,0,0,0,0,0,0,3942,4209,3962,120,32.0,17.592,90.576,100.0,0.000,0.0,49.9,52.2,45.7,45.3,45.2,45.2,49.8,51.0,47.9,47.8,47.8,47.8,20.05,20.84,19.60,19.59,20.91,20.91,19.70,0.35,5.86,14.18,0.52,0,0,0.0,0.0,1355,21,0.2,0.2,0,
9.6.2026,12:25:0.282,12251,28419,30.1,9792,22174,30.6,0.0,8704,2,1.170,1.100,1.165,1.165,1.165,1.175,1.175,1.175,1.175,1.175,1.175,1.175,1.175,1.180,1.180,1.180,1.180,2802.6,5090.8,5215.6,2318.0,2318.0,2318.0,2318.0,2318.0,5215.6,2379.0,2379.0,2379.0,2379.0,2053.4,2053.4,2053.4,2053.4,99.8,305.5,2649.7,1610.6,2502.2,1345.4,55.6,93.9,93.7,160.7,10.3,138.1,14.3,122.7,26.3,125.9,247.5,180.0,10.2,8.2,2.1,1.1,1.7,0.7,25.5,2.1,38.5,32.2,1.8,1.3,49.9,105.9,25.9,91.4,305.5,6.1,23.7,32.5,49.5,25.9,2.2,2.6,2.0,4.3,0.0,4.9,0.8,3.7,0.0,3.7,5.6,4.1,0.0,7.1,0.0,0.5,0.0,0.0,1.2,8.3,0.6,0.5,0.0,1.2,2.7,3.7,1.1,3.0,49.5,6.1,10.7,48.2,66.6,104.2,55.9,2.2,3.8,3.7,6.4,0.4,5.6,0.5,4.9,1.0,5.1,9.7,7.1,0.4,0.3,0.1,0.0,0.1,0.0,1.0,0.1,1.5,1.2,0.1,0.0,2.0,4.3,1.0,3.8,10.7,28.1,51.0,52.2,23.2,23.2,23.2,23.2,23.2,52.2,23.8,23.8,23.8,23.8,20.6,20.6,20.6,20.6,0.0,11.4,55.0,76.3,5.1,7.8,5.1,4.8,5.1,11.4,0.5,0.1,0.1,0.9,1.9,0.1,5.2,3.5,13.0,45.0,23.7,3.2,28.9,3.0,3.7,5.6,87.6,0.4,0.2,0.2,0.7,3.2,0.2,1.5,1.4,75.5,0.0,0.0,91.7,63.3,91.9,91.5,89.3,1.0,99.1,99.7,99.7,98.4,94.9,99.7,93.3,95.1,2595.3,26.00,42,42,42,84,125,766,1,85.5,85.0,85.9,73.1,72.1,80.0,81.9,72.4,73.7,71.8,72.4,71.8,74.7,69.7,68.3,69.7,68.6,70.1,68.7,70.4,69.2,71.9,73.1,70.7,78.8,74.7,77.4,80.0,77.0,1.136,1.102,1.096,15.683,12.182,15.680,49.750,6.735,44.448,0.748,3.518,4.364,0.193,0.709,0.180,0.188,0.227,1.862,0.070,0.058,0.060,0.075,0.133,0.058,0.142,0.135,17.805,13.428,38.613,1730.2,2595.3,3895.9,5139.7,2652.1,5147.5,14.5,31.1,66.9,74.6,96.5,100.0,No,No,No,1.884,1.069,1.8,3700,4000,43.5,1.125,1.125,1.815,1.800,1.020,5.040,No,No,No,48.0,1.110,1.125,1.815,1.800,1.020,5.040,0.375,No,No,No,33,33,100.0,100.0,No,No,2627,2056,0.0,0.2,0.2,0.000,0.167,26545,11968,77.1,0.720,15.000,600.0,2600.0,1200.0,100.0,0.0,0.0,0.0,0.0,0.0,0.0,0.0,0.0,0,0,16.0,145,No,No,No,79.2,74.0,83.0,0.860,20.015,19.969,20.060,88.268,48.331,9.885,72.726,14.502,82.668,4.600,66.220,87.714,55.000,115.000,2370.0,1500.1,2062.0,2344.0,2145.0,97.0,16.0,0.0,78.0,51.7,24.3,97.4,0.0,0.0,0.0,Yes,No,No,No,No,Yes,No,0,0,0,0,0,0,0,0,0,0,0,0,0,0,0,0,0,0,0,0,0,0,0,0,0,0,0,0,0,0,3940,4211,3964,121,32.0,17.593,90.576,100.0,0.000,0.0,49.7,55.1,45.1,44.0,43.9,43.9,49.6,50.6,47.9,47.9,47.9,47.9,20.14,20.86,19.71,19.68,20.87,20.87,19.81,0.34,6.30,13.84,0.47,0,0,0.0,0.0,1355,21,0.1,0.2,0,
9.6.2026,12:25:2.280,12250,28420,30.1,9795,22171,30.6,0.0,8704,2,1.130,1.165,1.115,1.120,1.120,1.120,1.120,1.120,1.120,1.120,1.120,1.140,1.140,1.140,1.140,1.140,1.140,2742.2,5140.7,5090.8,2284.8,2284.8,2284.8,2284.8,2284.8,5140.7,2379.0,2379.0,2053.4,2053.4,2053.4,2053.4,2053.4,2053.4,99.8,305.8,2205.0,1414.7,3704.6,629.3,56.5,80.3,133.8,145.4,13.1,120.9,23.6,126.2,68.7,136.0,254.0,194.0,10.7,14.0,5.5,2.7,4.2,2.7,24.0,5.4,56.6,52.8,3.8,8.7,48.2,111.7,29.2,98.9,305.8,6.2,19.9,29.2,72.8,13.5,2.1,2.2,3.7,4.3,0.0,4.2,0.0,4.3,2.8,4.3,6.4,4.9,0.0,1.5,0.5,0.0,0.0,9.6,0.3,0.0,0.9,0.8,0.4,0.0,1.8,2.9,0.3,3.3,72.8,6.2,10.9,38.4,58.3,154.4,26.2,2.3,3.2,5.3,5.8,0.5,4.9,0.9,5.1,2.7,5.4,9.9,7.8,0.4,0.6,0.2,0.1,0.1,0.1,1.0,0.2,2.3,2.1,0.1,0.3,1.9,4.6,1.2,4.0,10.9,27.5,51.5,51.0,22.9,22.9,22.9,22.9,22.9,51.5,23.8,23.8,20.6,20.6,20.6,20.6,20.6,20.6,0.0,11.6,46.7,85.3,4.8,8.0,4.6,5.0,6.2,11.6,0.7,0.3,0.2,1.0,2.3,0.4,5.2,3.9,14.1,53.3,14.7,3.2,32.2,3.2,6.6,12.2,86.5,0.9,0.7,0.9,0.6,5.6,0.3,2.3,2.1,74.3,0.0,0.0,92.1,59.8,92.1,88.4,81.6,2.0,98.4,99.0,98.9,98.4,92.1,99.3,92.5,94.0,2595.3,26.00,42,42,42,84,125,766,1,86.0,85.0,84.4,73.1,72.3,79.1,83.1,72.5,74.1,72.1,72.7,72.5,74.8,69.9,68.4,69.8,68.6,70.4,68.8,70.6,69.3,72.1,73.3,70.8,79.2,74.7,77.6,80.0,77.0,1.134,1.102,1.096,16.006,12.199,16.001,50.750,6.736,44.839,0.775,3.215,4.698,0.183,0.793,0.180,0.246,0.386,1.840,0.083,0.067,0.070,0.073,0.198,0.067,0.157,0.145,18.165,13.444,38.992,1730.2,2595.3,3906.3,5135.5,2677.0,5141.9,14.8,31.7,67.5,76.6,96.8,100.0,No,No,No,2.012,1.128,1.9,3700,4000,43.5,1.125,1.125,1.815,1.800,1.020,5.040,No,No,No,48.0,1.125,1.110,1.815,1.800,1.020,5.040,0.500,No,No,No,33,33,100.0,100.0,No,No,2627,2056,0.0,0.1,0.1,0.000,0.032,26545,11968,77.2,0.720,14.000,600.0,2600.0,1200.0,100.0,0.0,0.0,0.0,0.0,0.0,0.0,0.0,0.0,0,0,16.0,145,No,No,No,80.1,74.0,83.0,0.860,20.021,19.977,20.065,87.409,40.984,7.871,72.221,12.478,80.119,4.600,60.278,49.324,55.000,115.000,2377.0,1375.1,2062.0,2343.5,2145.0,98.0,18.0,0.0,85.0,51.7,24.4,97.6,0.0,0.0,0.0,Yes,No,No,No,No,Yes,No,0,0,0,0,0,0,0,0,0,0,0,0,0,0,0,0,0,0,0,0,0,0,0,0,0,0,0,0,0,0,3940,4211,3964,122,32.0,17.593,90.576,100.0,0.000,0.0,50.2,52.9,48.1,48.1,48.1,48.1,50.1,50.7,48.3,47.9,47.9,47.9,19.96,20.66,19.71,19.70,20.87,20.87,19.74,0.22,6.25,13.71,0.27,0,0,0.0,0.0,1355,21,0.2,0.2,0,
9.6.2026,12:25:4.272,12249,28421,30.1,9791,22175,30.6,0.0,8704,2,1.140,1.165,1.090,1.140,1.140,1.140,1.140,1.140,1.140,1.140,1.140,1.145,1.145,1.145,1.145,1.145,1.145,2858.4,2240.4,5040.9,2284.8,5140.7,2284.8,2284.8,2284.8,5140.7,2379.0,2379.0,2379.0,2379.0,2379.0,2379.0,2379.0,2379.0,99.8,298.8,2032.7,1250.8,2956.5,1563.5,52.9,85.2,122.1,161.4,12.7,126.6,20.5,126.5,31.8,137.8,310.3,141.3,7.6,11.4,4.4,3.9,3.4,6.2,24.6,4.7,32.3,40.2,10.9,2.3,52.5,118.9,15.1,90.5,298.8,6.6,19.7,26.0,57.9,30.7,2.0,3.7,3.1,4.9,2.1,4.4,2.2,4.4,1.0,4.6,7.6,3.1,2.7,0.5,1.1,1.1,2.6,0.0,1.7,1.9,1.9,2.1,1.2,6.1,1.9,4.6,1.4,3.1,57.9,6.6,10.9,38.1,51.4,123.5,64.8,2.1,3.4,4.7,6.4,0.5,5.1,0.8,5.1,1.2,5.5,12.1,5.5,0.3,0.4,0.1,0.1,0.1,0.2,1.0,0.2,1.2,1.5,0.4,0.1,2.1,4.8,0.6,3.7,10.9,28.6,22.4,50.5,22.9,51.5,22.9,22.9,22.9,51.5,23.8,23.8,23.8,23.8,23.8,23.8,23.8,23.8,0.0,11.7,44.1,88.8,4.9,8.3,4.9,5.1,5.6,12.0,0.6,0.3,0.3,0.9,2.0,0.4,5.6,3.5,12.7,55.9,11.2,2.8,21.7,3.4,3.4,6.4,85.3,1.6,0.8,0.6,1.0,5.7,0.3,1.7,1.3,75.6,0.0,0.0,92.4,70.0,91.7,91.4,88.0,2.7,97.9,98.9,99.1,98.1,92.3,99.3,92.6,95.2,2595.3,26.00,42,42,42,84,125,766,1,86.2,85.0,84.9,73.1,72.2,78.6,83.4,72.4,73.7,72.0,72.4,72.1,74.7,69.9,68.5,69.8,68.7,70.3,68.9,70.6,69.2,72.0,73.3,70.8,79.0,74.5,77.6,80.1,77.0,1.135,1.102,1.096,15.730,12.192,15.728,53.000,6.737,44.511,0.748,3.107,4.819,0.174,0.600,0.184,0.188,0.244,1.837,0.087,0.067,0.068,0.080,0.173,0.065,0.161,0.117,17.845,13.435,38.662,1730.2,2595.3,3897.4,5136.0,2658.8,5142.9,14.6,33.1,67.0,78.1,97.0,100.0,No,No,No,1.998,1.139,1.9,3700,4000,43.8,1.125,1.125,1.815,1.800,1.020,5.040,No,No,No,48.0,1.125,1.125,1.800,1.800,1.020,5.040,0.375,No,No,No,33,33,100.0,100.0,No,No,2627,2056,0.0,0.1,0.1,0.000,0.067,26545,11968,77.2,0.720,16.000,600.0,2600.0,1200.0,100.0,0.0,0.0,0.0,0.0,0.0,0.0,0.0,0.0,0,0,16.0,145,No,No,No,79.0,74.0,83.0,0.865,20.018,19.976,20.061,85.659,36.976,7.091,71.215,11.711,78.358,4.600,64.505,21.348,55.000,115.000,2377.0,1125.1,2062.0,2347.5,2145.0,98.0,22.0,0.0,85.0,51.7,24.5,97.9,0.0,0.0,0.0,Yes,No,No,No,No,Yes,No,0,0,0,0,0,0,0,0,0,0,0,0,0,0,0,0,0,0,0,0,0,0,0,0,0,0,0,0,0,0,3940,4211,3964,122,32.0,17.594,90.576,100.0,0.000,0.0,49.7,53.0,44.4,42.3,42.0,42.0,49.5,51.3,43.8,41.4,41.1,41.1,20.18,22.81,19.51,19.48,24.32,24.32,19.94,0.25,6.37,13.81,0.49,0,0,0.0,0.0,1355,21,0.1,0.2,0,
9.6.2026,12:25:6.271,12283,28387,30.2,9791,22176,30.6,0.0,8704,2,1.054,1.125,1.035,1.035,1.035,1.035,1.035,1.035,1.035,1.035,1.065,1.065,1.065,1.065,1.065,1.065,1.065,2647.3,5115.8,4966.0,2207.1,2207.1,2207.1,2207.1,2207.1,2207.1,2379.0,2379.0,2379.0,2379.0,2379.0,2379.0,2379.0,2379.0,99.8,299.7,2068.9,1084.8,239.3,4243.3,92.2,65.1,103.5,186.6,36.4,115.2,16.6,128.6,36.6,134.7,272.0,214.8,15.8,22.4,5.0,2.0,2.3,1.5,55.1,8.7,41.4,116.8,2.8,2.2,59.3,109.1,23.7,83.4,299.7,6.0,24.2,23.7,4.9,83.7,2.2,0.5,1.8,5.2,1.1,3.1,0.5,3.5,0.0,4.4,6.7,6.2,0.0,0.0,0.0,0.1,0.0,4.6,0.0,0.0,1.1,2.6,0.0,3.8,1.1,3.4,0.7,2.7,83.7,6.0,11.2,47.4,44.2,9.7,177.4,3.7,2.6,4.2,7.5,1.4,4.7,0.6,5.2,1.4,5.4,10.9,8.6,0.6,0.9,0.2,0.1,0.1,0.1,2.3,0.3,1.6,4.8,0.1,0.1,2.4,4.5,0.9,3.4,11.2,26.5,51.2,49.8,22.1,22.1,22.1,22.1,22.1,22.1,23.8,23.8,23.8,23.8,23.8,23.8,23.8,23.8,0.0,12.1,45.0,88.7,5.4,8.6,5.3,5.1,5.8,13.0,1.0,0.3,0.2,1.8,3.4,0.2,5.7,3.6,13.3,55.0,11.3,4.4,31.5,3.5,3.5,8.8,84.5,1.3,0.4,0.3,1.2,4.5,0.3,1.8,1.1,74.6,0.0,0.0,90.2,59.9,91.2,91.4,85.4,2.5,97.7,99.3,99.6,97.1,92.1,99.5,92.5,95.3,2595.3,26.00,42,42,42,84,125,766,1,86.2,85.0,85.4,73.1,72.3,78.7,83.5,72.5,74.1,72.1,72.6,72.2,74.9,70.0,68.5,69.8,68.8,70.6,68.9,70.6,69.2,72.1,73.3,70.8,78.8,74.3,77.6,80.1,77.0,1.133,1.102,1.096,16.201,12.198,16.208,44.500,6.738,45.051,0.772,3.100,4.805,0.216,0.766,0.195,0.193,0.284,1.874,0.099,0.062,0.062,0.115,0.241,0.061,0.159,0.115,18.346,13.442,39.171,1730.2,2595.3,3929.7,5132.1,2727.2,5138.7,15.0,27.8,67.8,79.1,97.3,100.0,No,No,No,1.967,1.089,1.9,3700,4000,43.8,1.125,1.125,1.815,1.800,1.020,5.040,No,No,No,48.2,1.125,1.125,1.815,1.800,1.020,5.040,0.125,No,No,No,33,33,100.0,100.0,No,No,2627,2056,0.0,0.0,0.0,0.000,0.036,26545,11969,77.2,0.720,23.000,600.0,2600.0,1200.0,100.0,0.0,0.0,0.0,0.0,0.0,0.0,0.0,0.0,0,0,16.0,145,No,No,No,80.1,74.0,83.0,0.865,20.009,19.959,20.058,81.912,35.284,11.816,70.494,16.429,82.340,4.600,0.000,61.307,55.000,115.000,2385.0,1125.1,2062.0,2352.3,2145.0,97.0,21.0,0.0,85.0,51.7,24.3,97.3,0.0,0.0,0.0,Yes,No,No,No,No,Yes,No,0,0,0,0,0,0,0,0,0,0,0,0,0,0,0,0,0,0,0,0,0,0,0,0,0,0,0,0,0,0,3939,4212,3965,122,32.0,17.594,90.576,100.0,0.000,0.0,56.9,61.1,52.7,52.3,52.3,52.3,56.9,58.1,54.6,54.6,54.6,54.6,17.59,18.30,17.26,17.25,18.33,18.33,17.30,0.29,5.84,11.74,0.40,0,0,0.0,0.0,1355,21,0.2,0.2,0,
9.6.2026,12:25:8.281,12285,28385,30.2,9792,22174,30.6,0.0,8704,2,1.146,1.080,1.150,1.150,1.150,1.150,1.150,1.150,1.150,1.150,1.150,1.150,1.150,1.150,1.150,1.150,1.150,2605.4,5016.0,5165.7,2295.9,2295.9,2295.9,2295.9,2295.9,2295.9,2379.0,2379.0,2379.0,2379.0,2053.4,2053.4,2053.4,2053.4,99.8,313.5,2406.9,1502.6,741.1,3522.3,110.7,35.0,107.0,198.3,52.4,90.5,17.9,125.2,52.5,167.0,249.7,231.8,9.0,9.7,3.3,1.5,2.2,1.5,36.2,6.5,32.2,22.9,2.3,1.3,82.5,89.0,37.7,82.3,313.5,6.4,21.0,31.6,15.5,68.7,4.3,2.5,3.3,5.4,1.6,3.6,0.3,4.9,3.5,4.1,6.3,4.8,1.7,0.1,1.5,0.0,1.5,0.0,3.3,4.5,0.7,0.4,1.5,0.0,3.3,2.6,1.1,2.4,68.7,6.4,11.1,42.5,62.2,30.9,146.7,4.5,1.4,4.2,7.9,2.1,3.7,0.7,5.0,2.0,6.7,9.8,9.3,0.4,0.4,0.1,0.0,0.1,0.1,1.5,0.2,1.2,0.8,0.1,0.0,3.3,3.6,1.5,3.4,11.1,26.1,50.2,51.8,23.0,23.0,23.0,23.0,23.0,23.0,23.8,23.8,23.8,23.8,20.6,20.6,20.6,20.6,0.0,12.1,51.2,84.2,5.2,9.0,5.2,5.2,6.9,13.1,0.6,0.2,0.1,1.5,1.5,0.1,5.8,4.0,13.2,48.8,15.8,2.8,31.0,2.4,4.1,11.2,86.3,0.7,0.3,0.2,0.8,2.7,0.2,2.6,1.1,74.7,0.0,0.0,92.0,60.0,92.4,90.7,82.0,0.6,98.7,99.5,99.7,97.8,95.8,99.7,91.6,94.9,2595.3,26.00,42,42,42,84,125,766,1,86.2,85.0,85.9,73.5,72.3,79.5,82.7,72.6,74.0,72.2,72.5,72.5,74.9,69.9,68.4,69.8,68.6,70.2,68.8,70.6,69.2,72.1,73.3,70.8,78.5,74.3,77.7,80.1,77.0,1.130,1.102,1.096,15.952,12.205,15.951,44.000,6.737,44.687,0.762,3.292,4.601,0.181,0.774,0.167,0.200,0.363,1.878,0.073,0.059,0.059,0.079,0.110,0.058,0.169,0.121,18.015,13.451,38.848,1730.2,2595.3,3892.8,5125.2,2660.5,5132.9,14.8,27.5,67.2,79.8,97.6,100.0,No,No,No,2.029,1.120,1.9,3700,4000,43.8,1.125,1.125,1.815,1.800,1.020,5.040,No,No,No,48.2,1.125,1.125,1.815,1.800,0.990,5.040,0.250,No,No,No,33,33,100.0,100.0,No,No,2627,2056,0.0,0.1,0.1,0.000,0.049,26545,11969,77.2,0.720,16.000,600.0,2600.0,1200.0,100.0,0.0,0.0,0.0,0.0,0.0,0.0,0.0,0.0,0,0,16.0,145,No,No,No,80.1,74.0,83.0,0.865,20.012,19.969,20.054,82.425,46.364,7.069,72.106,11.684,79.215,4.600,63.997,85.880,55.000,115.000,2385.0,1125.1,2062.0,2354.4,2145.0,98.0,22.0,0.0,87.0,51.7,24.5,98.0,0.0,0.0,0.0,Yes,No,No,No,No,Yes,No,0,0,0,0,0,0,0,0,0,0,0,0,0,0,0,0,0,0,0,0,0,0,0,0,0,0,0,0,0,0,3933,4218,3971,121,32.0,17.593,90.576,100.0,0.000,0.0,55.7,58.9,51.9,51.6,51.5,51.5,55.8,56.4,54.8,54.4,54.3,54.3,17.93,18.31,17.75,17.73,18.47,18.47,17.85,0.08,6.16,11.77,0.09,0,0,0.0,0.0,1355,21,0.6,0.2,0,
9.6.2026,12:25:10.267,12250,28420,30.1,9793,22173,30.6,0.0,8704,2,1.107,1.165,1.075,1.075,1.075,1.105,1.105,1.105,1.105,1.105,1.105,1.105,1.105,1.105,1.125,1.125,1.125,2613.8,2307.0,5040.9,2240.4,2240.4,2273.7,2273.7,2273.7,5115.8,2379.0,2379.0,2379.0,2379.0,2379.0,2053.4,2053.4,2053.4,99.8,299.9,2012.3,1104.1,3887.4,722.9,128.5,53.0,111.4,170.2,64.7,90.9,20.7,133.9,52.6,151.6,251.8,219.7,10.3,3.9,3.9,3.3,1.8,1.1,27.6,4.4,35.9,47.8,2.0,1.3,79.2,91.4,25.3,82.1,299.9,6.0,21.0,23.8,76.2,14.3,4.0,1.3,2.7,4.9,1.9,2.9,0.4,4.4,1.1,5.3,6.1,6.3,0.0,3.7,0.0,4.5,0.0,0.0,0.0,0.0,0.0,1.2,0.0,0.0,0.8,2.7,0.0,3.2,76.2,6.0,11.1,42.0,45.2,162.2,30.1,5.2,2.1,4.4,6.8,2.6,3.7,0.8,5.4,2.1,6.1,9.9,8.7,0.4,0.1,0.1,0.1,0.1,0.0,1.1,0.2,1.4,1.9,0.1,0.0,3.2,3.7,1.0,3.4,11.1,26.2,23.1,50.5,22.4,22.4,22.8,22.8,22.8,51.2,23.8,23.8,23.8,23.8,23.8,20.6,20.6,20.6,0.0,12.1,43.9,90.6,5.8,8.6,5.5,5.5,6.5,12.8,0.5,0.2,0.1,1.1,2.3,0.1,5.8,3.6,12.8,56.1,9.4,2.9,28.0,2.5,3.8,9.6,83.2,0.5,0.7,0.2,0.5,5.1,0.2,1.7,1.0,75.1,0.0,0.0,91.3,63.4,92.0,90.7,83.9,4.0,99.1,99.1,99.7,98.3,92.6,99.6,92.5,95.4,2595.3,26.00,42,42,42,84,125,766,1,86.4,85.0,84.9,78.1,72.3,78.6,83.9,72.4,74.1,72.0,72.6,72.3,74.9,70.0,68.4,69.9,68.6,70.4,68.8,70.7,69.2,72.1,73.3,70.9,78.8,74.3,77.7,80.1,77.0,1.138,1.102,1.096,15.927,12.197,15.928,55.250,6.735,44.780,0.770,3.114,4.939,0.199,0.717,0.178,0.202,0.332,1.860,0.069,0.068,0.061,0.075,0.173,0.060,0.159,0.116,18.109,13.444,38.933,1730.2,2595.3,3900.0,5141.2,2658.9,5148.5,14.7,34.5,67.4,80.2,97.9,100.0,No,No,No,1.982,1.115,1.9,3700,4000,43.8,1.125,1.125,1.815,1.800,1.020,5.040,No,No,No,48.2,1.125,1.125,1.815,1.800,1.020,4.970,0.250,No,No,No,33,33,100.0,100.0,No,No,2627,2056,0.0,0.0,0.0,0.000,0.049,26545,11969,77.2,0.720,34.000,600.0,2600.0,1200.0,100.0,0.0,0.0,0.0,0.0,0.0,0.0,0.0,0.0,0,0,16.0,145,No,No,No,79.6,74.0,83.0,0.865,20.019,19.977,20.062,81.348,37.029,7.531,70.528,12.156,78.122,4.600,64.219,22.048,55.000,115.000,2385.0,1125.1,2062.0,2355.8,2145.0,98.0,23.0,0.0,85.0,51.7,24.5,97.9,0.0,0.0,0.0,Yes,No,No,No,No,Yes,No,0,0,0,0,0,0,0,0,0,0,0,0,0,0,0,0,0,0,0,0,0,0,0,0,0,0,0,0,0,0,3933,4218,3971,121,32.0,17.594,90.576,100.0,0.000,0.0,54.6,58.5,51.1,51.0,51.0,51.0,54.7,55.5,53.1,53.0,53.0,53.0,18.29,18.83,18.03,18.01,18.85,18.85,18.06,0.23,6.13,12.16,0.28,0,0,0.0,0.0,1355,21,2.1,0.2,0,
9.6.2026,12:25:12.275,12249,28422,30.1,9793,22174,30.6,0.0,8704,2,1.153,1.125,1.150,1.150,1.150,1.150,1.155,1.155,1.155,1.155,1.155,1.155,1.155,1.155,1.160,1.160,1.160,3019.0,5090.8,5165.7,2295.9,5165.7,2295.9,2307.0,2307.0,2307.0,2295.9,2295.9,2295.9,2295.9,5165.7,2340.2,2340.2,2340.2,99.8,305.8,2340.5,1444.6,421.2,3792.7,125.2,20.1,85.1,160.9,94.7,42.7,54.8,98.2,44.4,137.2,225.5,266.2,29.0,14.3,3.7,1.7,5.6,3.2,26.3,3.6,39.6,31.7,2.1,2.3,82.8,77.1,28.4,81.1,305.8,5.9,20.8,30.4,7.2,75.0,3.6,0.0,2.3,4.9,2.6,0.8,1.1,2.7,1.4,4.5,5.9,7.0,0.9,1.3,0.3,0.3,0.3,0.0,1.0,1.1,2.8,1.0,0.3,0.3,3.6,1.8,0.2,1.9,75.0,5.9,10.9,41.5,59.5,17.5,158.1,5.1,0.8,3.3,6.4,3.8,1.7,2.2,4.0,1.7,5.5,8.9,10.7,1.2,0.6,0.1,0.1,0.2,0.1,1.1,0.1,1.5,1.2,0.1,0.1,3.4,3.1,1.1,3.3,10.9,30.2,51.0,51.8,23.0,51.8,23.0,23.1,23.1,23.1,23.0,23.0,23.0,23.0,51.8,23.4,23.4,23.4,0.0,11.8,49.7,83.2,5.0,7.7,5.0,5.4,6.1,13.4,1.1,0.2,0.2,1.0,1.9,0.2,5.4,3.5,12.5,50.3,16.8,2.7,23.1,2.5,3.7,5.9,84.5,1.3,0.4,0.8,0.7,4.0,0.2,1.7,1.0,75.7,0.0,0.0,92.3,69.2,92.5,90.9,88.0,2.2,97.7,99.4,99.0,98.3,94.2,99.6,92.9,95.5,2595.3,26.00,42,42,42,84,125,766,1,86.4,85.0,85.4,73.5,72.2,79.3,82.8,72.4,73.6,71.9,72.5,72.0,74.9,69.9,68.4,69.7,68.6,70.2,68.8,70.5,69.2,72.0,73.2,70.8,79.0,74.4,77.7,80.2,77.0,1.136,1.102,1.096,15.650,12.187,15.652,41.500,6.732,44.423,0.752,3.307,4.650,0.175,0.588,0.166,0.198,0.253,1.903,0.105,0.061,0.073,0.075,0.145,0.060,0.149,0.120,17.776,13.433,38.586,1730.2,2595.3,3906.3,5137.7,2674.9,5144.9,14.5,25.9,66.8,80.3,98.1,100.0,No,No,No,1.885,1.055,1.9,3700,4000,43.8,1.125,1.125,1.815,1.800,1.020,5.040,No,No,No,48.2,1.095,1.125,1.815,1.800,1.020,5.040,0.375,No,No,No,33,33,100.0,100.0,No,No,2627,2056,0.0,0.0,0.0,0.000,0.006,26545,11969,77.1,0.720,27.000,600.0,2600.0,1200.0,100.0,0.0,0.0,0.0,0.0,0.0,0.0,0.0,0.0,0,0,16.0,145,No,No,No,78.8,74.0,83.0,0.865,20.029,19.987,20.071,82.559,45.071,7.595,69.270,12.208,76.912,4.600,62.762,82.152,55.000,115.000,2385.0,1125.1,2062.0,2353.5,2145.0,98.0,23.0,0.0,80.0,51.6,24.3,97.2,0.0,0.0,0.0,Yes,No,No,No,No,Yes,No,0,0,0,0,0,0,0,0,0,0,0,0,0,0,0,0,0,0,0,0,0,0,0,0,0,0,0,0,0,0,3941,4210,3963,121,32.0,17.593,90.576,100.0,0.000,0.0,55.0,57.3,52.5,52.3,52.3,52.3,55.0,55.5,54.1,54.0,54.0,54.0,18.20,18.54,18.02,18.02,18.54,18.54,18.10,0.10,5.57,12.63,0.10,0,0,0.0,0.0,1355,21,0.2,0.2,0,
9.6.2026,12:25:14.280,12241,28429,30.0,9793,22174,30.6,0.0,8704,2,1.153,1.160,1.160,1.160,1.150,1.150,1.150,1.150,1.150,1.150,1.150,1.150,1.150,1.155,1.155,1.155,1.155,2614.8,2295.9,5165.7,2295.9,2295.9,2295.9,2295.9,2295.9,5165.7,2379.0,2379.0,2379.0,2379.0,2053.4,2053.4,2053.4,2053.4,99.8,291.6,1935.8,1010.6,888.8,3702.8,121.8,17.7,94.4,173.8,107.3,31.4,92.3,71.1,48.6,139.8,236.7,215.9,14.0,21.8,2.9,1.2,2.1,1.2,29.6,4.3,59.9,29.5,2.0,1.3,75.8,74.6,44.4,76.7,291.6,5.6,22.0,21.8,18.7,72.4,4.1,0.0,1.6,4.9,3.6,0.0,2.8,2.3,0.5,3.4,5.8,4.7,0.0,0.6,0.1,0.0,0.0,0.8,0.9,0.0,1.4,0.7,0.0,0.0,0.8,2.3,2.0,2.4,72.4,5.6,10.9,43.2,41.3,37.0,154.6,4.9,0.7,3.7,6.9,4.3,1.3,3.7,2.9,1.9,5.6,9.3,8.6,0.6,0.9,0.1,0.0,0.1,0.0,1.2,0.2,2.4,1.1,0.1,0.0,3.1,3.0,1.8,3.1,10.9,26.2,23.0,51.8,23.0,23.0,23.0,23.0,23.0,51.8,23.8,23.8,23.8,23.8,20.6,20.6,20.6,20.6,0.0,11.7,42.5,90.3,5.0,8.1,5.0,5.5,6.0,11.8,1.0,0.2,0.1,1.2,2.1,0.1,5.0,3.9,12.7,57.5,9.7,2.6,22.5,2.3,3.8,7.3,86.5,1.1,0.3,0.2,1.3,4.2,0.3,1.5,1.7,75.6,0.0,0.0,92.5,69.5,92.7,90.7,86.7,1.7,97.9,99.6,99.6,97.5,93.7,99.6,93.5,94.3,2595.3,26.00,42,42,42,84,125,766,1,86.4,85.0,85.9,78.1,72.2,78.3,83.8,72.3,73.9,72.0,72.6,72.2,74.9,69.8,68.3,69.7,68.6,70.2,68.8,70.4,69.2,72.0,73.3,70.7,79.0,73.9,77.7,80.2,77.0,1.137,1.102,1.096,15.703,12.184,15.706,46.000,6.733,44.474,0.750,3.020,4.894,0.172,0.597,0.168,0.214,0.270,1.861,0.093,0.061,0.061,0.085,0.168,0.061,0.139,0.134,17.848,13.429,38.656,1730.2,2595.3,3914.3,5139.3,2689.3,5146.3,14.5,28.8,66.9,80.4,98.4,100.0,No,No,No,1.801,1.007,1.9,3700,4000,44.0,1.125,1.125,1.815,1.800,1.020,5.040,No,No,No,48.2,1.125,1.110,1.815,1.800,1.020,5.040,0.125,No,No,No,33,33,100.0,100.0,No,No,2627,2056,0.0,0.2,0.2,0.000,0.036,26545,11969,77.1,0.720,13.000,600.0,2600.0,1200.0,100.0,0.0,0.0,0.0,0.0,0.0,0.0,0.0,0.0,0,0,16.0,145,No,No,No,78.9,74.0,83.0,0.865,20.032,19.992,20.073,83.296,34.363,7.137,66.595,11.755,73.767,4.600,59.226,17.461,55.000,115.000,2385.0,1125.1,2062.0,2352.4,2145.0,97.0,23.0,0.0,74.0,51.6,24.6,98.5,0.0,0.0,0.0,Yes,No,No,No,No,Yes,No,0,0,0,0,0,0,0,0,0,0,0,0,0,0,0,0,0,0,0,0,0,0,0,0,0,0,0,0,0,0,3941,4210,3963,120,32.0,17.592,90.576,100.0,0.000,0.0,52.7,55.6,43.9,39.9,39.5,39.5,52.6,54.4,45.8,43.0,42.8,42.8,18.98,21.84,18.37,18.35,23.42,23.42,18.69,0.29,5.56,13.42,0.58,0,0,0.0,0.0,1355,21,0.2,0.2,0,
9.6.2026,12:25:16.272,12240,28430,30.0,9794,22173,30.6,0.0,8704,2,1.096,1.110,1.100,1.095,1.095,1.095,1.095,1.095,1.095,1.095,1.095,1.095,1.095,1.095,1.095,1.095,1.095,2734.5,2262.6,5040.9,2240.4,5040.9,2240.4,2240.4,2240.4,5040.9,2379.0,2379.0,2379.0,2053.4,2053.4,2053.4,2053.4,2053.4,99.8,305.3,2568.4,1578.3,3301.8,583.6,136.1,12.6,100.3,155.7,115.1,14.4,110.0,37.1,102.0,107.6,243.4,183.1,11.7,11.6,3.5,1.5,2.4,1.3,26.0,3.1,40.0,43.1,1.8,1.4,85.9,70.0,28.8,87.6,305.3,6.4,22.8,32.6,65.6,12.6,4.5,0.0,3.2,3.7,4.6,4.1,3.5,1.9,3.6,3.7,5.4,5.4,0.0,1.0,0.9,0.0,0.8,0.8,1.6,0.0,1.0,1.0,0.8,8.6,4.8,2.2,2.4,2.6,65.6,6.4,10.7,45.6,65.2,137.7,24.1,5.5,0.5,3.9,6.2,4.6,0.5,4.4,1.5,4.1,4.3,9.6,7.3,0.5,0.5,0.1,0.1,0.1,0.0,1.0,0.1,1.6,1.7,0.1,0.0,3.5,2.8,1.2,3.6,10.7,27.4,22.7,50.5,22.4,50.5,22.4,22.4,22.4,50.5,23.8,23.8,23.8,20.6,20.6,20.6,20.6,20.6,0.0,11.6,54.0,77.7,5.2,7.8,4.6,5.0,6.4,11.7,0.7,0.2,0.1,1.0,2.0,0.1,5.2,3.7,12.7,46.0,22.0,4.1,20.6,3.4,3.9,6.6,86.4,0.5,0.3,0.3,1.0,5.0,0.2,1.9,1.6,75.7,0.0,0.4,90.8,71.6,92.0,91.0,87.0,1.9,98.8,99.5,99.5,97.9,93.0,99.6,92.9,94.7,2595.3,26.00,42,42,42,84,125,766,1,86.0,84.0,80.5,73.1,71.9,79.4,80.9,72.4,73.1,71.9,72.1,72.0,74.2,69.6,68.3,69.5,68.5,70.0,68.6,70.3,69.1,71.8,72.9,70.6,78.2,74.3,78.0,80.2,77.0,1.110,1.102,1.096,14.883,12.169,14.882,41.750,6.732,43.108,0.688,3.249,4.036,0.194,0.521,0.167,0.181,0.268,1.679,0.066,0.052,0.054,0.071,0.154,0.052,0.137,0.119,16.518,13.413,37.308,1730.2,2595.3,3880.7,5088.9,2672.4,5095.7,13.8,26.1,64.8,80.1,98.6,98.8,No,No,No,1.759,0.976,1.9,3700,4000,44.0,1.125,1.125,1.815,1.800,1.020,5.040,No,No,No,48.5,1.125,1.125,1.800,1.800,1.020,5.040,0.250,No,No,No,33,33,100.0,100.0,No,No,2627,2056,0.0,0.0,0.0,0.000,0.000,26545,11969,77.1,0.720,13.000,600.0,2600.0,1200.0,100.0,0.0,0.0,0.0,0.0,0.0,0.0,0.0,0.0,0,0,16.0,145,No,No,No,80.0,74.0,83.0,0.865,20.018,19.975,20.062,80.890,43.125,7.111,71.964,11.723,79.103,4.600,61.430,65.943,55.000,115.000,2385.0,1125.1,2062.0,2355.8,2145.0,98.0,22.0,0.0,72.0,51.6,24.5,97.9,0.0,0.0,0.0,Yes,No,No,No,No,Yes,No,0,0,0,0,0,0,0,0,0,0,0,0,0,0,0,0,0,0,0,0,0,0,0,0,0,0,0,0,0,0,3941,4210,3963,119,32.0,17.592,90.576,100.0,0.000,0.0,52.6,57.4,48.3,48.0,48.0,48.0,52.6,53.5,51.1,51.0,51.0,51.0,19.00,19.64,18.70,18.68,19.66,19.66,18.75,0.24,5.39,13.60,0.30,0,0,0.0,0.0,1355,21,0.2,0.2,0,
9.6.2026,12:25:18.267,12246,28424,30.1,9794,22172,30.6,0.0,8704,2,1.082,1.090,1.080,1.080,1.080,1.080,1.080,1.080,1.080,1.080,1.080,1.080,1.085,1.085,1.085,1.085,1.085,2723.4,4991.0,5016.0,2229.3,2229.3,2229.3,2229.3,2229.3,5016.0,2379.0,2379.0,2379.0,2053.4,2053.4,2053.4,2053.4,2053.4,99.8,315.7,2949.7,2079.8,1724.8,1625.6,124.7,14.4,132.0,115.9,117.6,16.7,123.8,34.7,130.1,51.3,236.7,172.8,14.0,10.9,2.8,2.1,2.4,1.5,25.9,12.7,33.0,40.8,3.0,2.6,83.9,97.9,34.3,84.3,315.7,6.4,21.2,42.6,34.7,33.8,4.9,3.3,3.4,3.4,4.0,0.0,4.8,0.0,3.9,1.6,6.7,3.6,4.0,0.0,0.8,7.9,0.8,0.0,1.5,4.0,0.9,0.2,0.8,0.0,2.5,3.7,1.0,3.4,42.6,6.4,10.5,42.1,86.2,71.7,67.6,5.1,0.5,5.2,4.6,4.8,0.6,5.0,1.4,5.2,2.0,9.3,6.8,0.5,0.4,0.1,0.1,0.1,0.1,1.0,0.5,1.3,1.6,0.1,0.1,3.4,4.0,1.4,3.4,10.5,27.3,50.0,50.2,22.3,22.3,22.3,22.3,22.3,50.2,23.8,23.8,23.8,20.6,20.6,20.6,20.6,20.6,0.0,11.6,61.5,68.3,5.0,7.7,5.0,5.5,6.2,11.4,0.7,0.2,0.1,1.3,2.0,0.2,5.9,4.0,12.9,38.5,31.1,3.5,19.7,3.0,3.3,5.5,86.6,1.6,0.3,0.2,1.6,6.2,0.5,2.6,1.8,75.6,0.0,0.6,91.5,72.6,92.0,91.3,88.3,2.0,97.7,99.5,99.6,97.1,91.8,99.4,91.5,94.2,2595.3,26.00,42,42,42,84,125,766,1,85.2,82.8,80.5,72.6,71.5,79.4,78.8,72.1,72.4,71.6,71.6,71.6,73.6,69.3,68.2,69.3,68.4,69.8,68.6,70.1,69.0,71.4,72.5,70.4,78.5,74.4,78.3,80.3,77.0,1.082,1.102,1.096,14.107,12.161,14.105,40.250,6.733,41.841,0.625,3.232,3.397,0.163,0.452,0.145,0.169,0.206,1.529,0.074,0.050,0.049,0.078,0.150,0.052,0.143,0.109,15.264,13.404,36.046,1730.2,2595.3,3847.1,5023.4,2670.8,5030.4,13.1,25.2,62.9,79.0,98.8,97.4,No,No,No,1.671,0.908,1.8,3800,4000,44.0,1.125,1.125,1.815,1.800,1.020,5.040,No,No,No,48.5,1.125,1.125,1.815,1.800,1.020,5.040,0.250,No,No,No,33,33,100.0,100.0,No,No,2627,2056,0.0,0.1,0.1,0.000,0.008,26545,11969,77.0,0.720,14.000,600.0,2600.0,1200.0,100.0,0.0,0.0,0.0,0.0,0.0,0.0,0.0,0.0,0,0,16.0,145,No,No,No,80.0,74.0,83.0,0.865,20.021,19.977,20.065,83.448,43.178,7.232,73.228,11.843,80.481,4.600,64.587,60.275,55.000,115.000,2385.0,1125.1,2062.0,2357.3,2145.0,98.0,23.0,0.0,71.0,51.6,24.6,98.2,0.0,0.0,0.0,Yes,No,No,No,No,Yes,No,0,0,0,0,0,0,0,0,0,0,0,0,0,0,0,0,0,0,0,0,0,0,0,0,0,0,0,0,0,0,3941,4210,3963,117,32.0,17.593,90.576,100.0,0.000,0.0,54.0,56.6,50.3,49.5,49.4,49.4,54.0,55.0,52.7,52.6,52.6,52.6,18.52,18.95,18.14,18.12,18.96,18.96,18.40,0.13,5.25,13.27,0.13,0,0,0.0,0.0,1355,21,0.1,0.2,0,
9.6.2026,12:25:20.274,12244,28426,30.1,9785,22181,30.6,0.0,8704,2,1.073,1.065,1.075,1.075,1.075,1.075,1.075,1.075,1.075,1.075,1.075,1.075,1.075,1.065,1.065,1.070,1.070,2586.0,2207.1,4991.0,2218.2,2218.2,2218.2,2218.2,2218.2,2218.2,2379.0,2379.0,2379.0,2379.0,2053.4,2053.4,5016.0,2229.3,99.8,317.1,2797.2,2128.2,1144.8,2463.0,115.6,8.9,121.1,110.6,123.7,8.7,119.1,28.3,118.7,35.4,258.9,151.9,8.5,12.4,3.3,1.8,3.0,1.6,38.5,4.1,40.1,28.2,2.2,1.5,80.4,78.2,30.8,77.0,317.1,6.2,16.8,44.2,23.5,50.3,4.0,2.5,3.3,3.9,4.2,1.7,4.0,2.2,3.7,1.0,6.7,4.7,0.2,0.3,0.0,0.8,0.0,7.3,1.1,3.1,1.1,1.5,0.0,0.0,2.5,1.7,0.9,2.4,50.3,6.2,10.5,32.1,88.3,47.5,102.6,4.7,0.3,4.7,4.4,5.0,0.3,4.8,1.1,4.7,1.4,10.2,6.0,0.3,0.5,0.1,0.1,0.1,0.1,1.6,0.2,1.6,1.1,0.1,0.1,3.2,3.2,1.2,3.2,10.5,25.9,22.1,50.0,22.2,22.2,22.2,22.2,22.2,22.2,23.8,23.8,23.8,23.8,20.6,20.6,50.2,22.3,0.0,11.6,59.5,73.7,4.7,7.5,4.9,5.3,5.4,11.8,0.6,0.2,0.2,1.4,1.9,0.1,5.4,3.6,12.8,40.5,26.3,2.9,22.9,2.9,4.7,6.2,87.6,0.9,0.3,0.6,0.7,5.9,0.3,1.5,1.2,75.5,0.0,0.0,92.4,69.7,92.3,90.0,88.3,0.6,98.5,99.5,99.3,97.9,92.3,99.6,93.2,95.2,2595.3,26.00,42,42,42,84,125,766,1,84.4,81.8,81.0,75.1,71.2,78.2,78.7,71.7,72.2,71.3,71.4,71.4,73.3,69.1,68.1,69.1,68.3,69.6,68.5,69.9,68.9,71.2,72.2,70.2,78.5,74.3,78.5,80.3,77.0,1.062,1.102,1.096,13.679,12.145,13.684,46.000,6.728,41.016,0.589,2.905,3.362,0.133,0.450,0.136,0.169,0.191,1.455,0.062,0.050,0.052,0.068,0.132,0.049,0.114,0.092,14.517,13.387,35.277,1730.2,2595.3,3804.5,4970.9,2638.0,4978.1,12.7,28.8,61.7,77.6,99.0,96.2,No,No,No,1.603,0.856,1.9,3800,3900,44.0,1.125,1.125,1.815,1.800,1.020,5.040,No,No,No,48.5,1.125,1.125,1.815,1.800,0.990,5.040,0.625,No,No,No,33,33,100.0,100.0,No,No,2627,2056,0.0,0.1,0.1,0.000,0.083,26545,11969,76.9,0.720,11.000,600.0,2600.0,1200.0,100.0,0.0,0.0,0.0,0.0,0.0,0.0,0.0,0.0,0,0,16.0,145,No,No,No,79.1,74.0,83.0,0.865,20.040,19.997,20.082,84.436,43.290,7.099,70.293,11.721,77.438,4.600,63.550,68.329,55.000,115.000,2385.0,1125.1,2062.0,2355.6,2145.0,98.0,22.0,0.0,66.0,51.6,24.3,97.0,0.0,0.0,0.0,Yes,No,No,No,No,Yes,No,0,0,0,0,0,0,0,0,0,0,0,0,0,0,0,0,0,0,0,0,0,0,0,0,0,0,0,0,0,0,3941,4210,3963,117,32.0,17.592,90.576,100.0,0.000,0.0,52.9,56.3,49.2,48.9,48.8,48.8,52.9,55.0,50.7,50.6,50.6,50.6,18.90,19.69,18.20,18.20,19.75,19.75,18.65,0.27,5.28,13.62,0.37,0,0,0.0,0.0,1355,21,0.2,0.2,0,
9.6.2026,12:25:22.282,12242,28429,30.1,9784,22182,30.6,0.0,8704,2,1.072,1.065,1.075,1.075,1.075,1.075,1.075,1.075,1.075,1.070,1.070,1.070,1.070,1.070,1.070,1.070,1.070,2912.3,2207.1,4991.0,2218.2,4991.0,2218.2,2218.2,2218.2,5016.0,2218.2,2218.2,2218.2,4991.0,2218.2,2218.2,2218.2,2218.2,99.8,330.6,3098.4,2455.4,1588.0,1618.9,130.7,23.9,204.2,76.3,119.3,15.9,155.9,19.1,137.1,47.8,274.3,175.7,14.3,4.6,4.2,4.4,3.8,1.9,35.6,11.4,35.2,20.8,9.2,2.3,87.2,73.5,43.6,86.5,330.6,5.6,16.8,50.6,33.0,32.3,3.7,0.0,5.5,2.1,3.3,0.0,4.2,0.0,3.6,0.4,7.0,4.4,0.0,0.2,0.0,0.0,0.0,0.0,0.4,0.0,0.2,0.6,0.0,10.0,0.4,0.0,0.5,1.2,50.6,5.6,10.6,32.2,102.0,65.9,67.2,5.3,0.9,8.1,3.0,4.8,0.6,6.3,0.7,5.5,1.9,10.8,6.8,0.5,0.2,0.2,0.1,0.1,0.1,1.4,0.4,1.3,0.7,0.3,0.1,3.5,3.0,1.7,3.5,10.6,29.2,22.1,50.0,22.2,50.0,22.2,22.2,22.2,50.2,22.2,22.2,22.2,50.0,22.2,22.2,22.2,22.2,0.0,11.7,65.4,65.1,5.3,8.2,4.7,5.8,6.0,12.2,0.6,0.3,0.2,1.5,1.6,0.4,5.4,4.1,14.3,34.6,34.9,4.9,27.2,5.3,8.1,10.9,84.0,2.1,1.5,1.4,2.3,5.0,1.4,3.5,2.4,74.0,0.0,0.0,89.8,64.6,90.0,86.1,83.1,3.9,97.3,98.2,98.4,96.2,93.5,98.2,91.2,93.5,2595.3,26.00,42,42,42,84,125,766,1,83.9,81.5,83.0,72.6,71.1,78.6,77.5,71.7,72.0,71.3,71.3,71.4,73.0,69.1,68.1,69.0,68.3,69.5,68.5,69.8,68.9,71.1,72.0,70.1,78.8,73.9,78.5,80.3,77.0,1.048,1.102,1.096,13.617,12.129,13.619,52.000,6.725,40.748,0.585,3.000,3.019,0.164,0.524,0.155,0.209,0.251,1.363,0.069,0.059,0.057,0.081,0.106,0.060,0.132,0.110,14.263,13.370,35.002,1730.2,2595.3,3784.8,4941.2,2628.4,4948.6,12.6,32.5,61.3,76.5,99.2,95.9,No,No,No,1.602,0.858,1.9,3800,3900,44.0,1.125,1.125,1.815,1.800,1.020,5.040,No,No,No,48.5,1.125,1.125,1.815,1.800,1.020,5.040,0.625,No,No,No,33,33,100.0,100.0,No,No,2627,2056,0.0,0.0,0.0,0.000,0.006,26545,11969,76.8,0.720,11.000,600.0,2600.0,1200.0,100.0,0.0,0.0,0.0,0.0,0.0,0.0,0.0,0.0,0,0,16.0,145,No,No,No,80.5,74.0,83.0,0.860,20.009,19.963,20.055,88.245,44.338,9.822,75.457,14.442,85.332,4.600,64.617,56.095,55.000,115.000,2370.0,1500.1,2055.0,2351.9,2145.0,97.0,16.0,0.0,59.0,51.3,24.3,97.3,0.0,0.0,0.0,Yes,No,No,No,No,Yes,No,0,0,0,0,0,0,0,0,0,0,0,0,0,0,0,0,0,0,0,0,0,0,0,0,0,0,0,0,0,0,3973,4178,3931,118,32.0,17.593,90.576,100.0,0.000,0.0,54.9,58.0,51.8,51.5,51.5,51.5,54.9,56.1,52.5,52.4,52.4,52.4,18.22,19.10,17.80,17.78,19.16,19.16,17.85,0.37,4.92,13.30,0.53,0,0,0.0,0.0,1355,21,0.1,0.2,0,
9.6.2026,12:25:24.287,12210,28461,30.0,9785,22182,30.6,0.0,8704,2,1.052,1.050,1.050,1.050,1.055,1.055,1.055,1.055,1.055,1.055,1.055,1.055,1.055,1.045,1.045,1.045,1.045,2973.8,4941.1,4941.1,2196.0,4941.1,2196.0,2196.0,2196.0,4941.1,2379.0,2379.0,2379.0,2379.0,2379.0,2379.0,2379.0,2379.0,99.8,300.8,2464.5,1639.7,3634.4,169.1,109.8,8.7,185.2,90.3,130.0,19.9,138.7,14.8,143.3,31.5,259.2,169.9,19.1,17.1,4.9,2.6,2.8,1.6,33.4,5.5,31.2,27.2,2.6,3.9,82.3,73.2,40.6,69.9,300.8,6.7,21.1,35.3,74.5,5.3,4.6,0.2,5.0,2.3,5.1,0.0,5.1,0.0,5.2,0.8,6.7,4.4,2.0,1.1,1.6,0.8,3.1,11.7,1.1,1.7,0.8,0.6,0.8,0.0,3.4,5.2,1.2,3.7,74.5,6.7,10.5,40.6,67.6,151.7,6.8,4.5,0.3,7.3,3.6,5.3,0.8,5.6,0.5,5.7,1.2,10.1,7.0,0.8,0.7,0.2,0.1,0.1,0.1,1.4,0.2,1.2,1.0,0.1,0.1,3.4,2.9,1.7,2.8,10.5,29.8,49.5,49.5,22.0,49.5,22.0,22.0,22.0,49.5,23.8,23.8,23.8,23.8,23.8,23.8,23.8,23.8,0.0,11.7,53.7,78.6,4.5,8.2,5.2,5.2,5.8,12.1,1.0,0.3,0.2,1.4,1.7,0.2,5.3,3.7,13.3,46.3,21.4,2.2,28.9,4.1,4.8,10.5,83.8,0.9,0.4,0.3,2.0,3.8,0.6,1.8,1.4,75.0,0.0,0.0,93.2,62.9,90.7,90.0,83.7,4.1,98.1,99.4,99.6,96.6,94.6,99.1,92.9,94.9,2595.3,26.00,42,42,42,84,125,766,1,83.1,80.8,81.5,72.1,71.0,76.8,78.4,71.2,72.2,71.0,71.2,71.2,72.9,69.2,68.1,69.1,68.3,69.5,68.5,69.9,68.8,71.1,71.9,70.2,79.0,74.1,78.3,80.2,77.0,1.041,1.102,1.096,13.081,12.129,13.082,35.750,6.721,40.063,0.557,2.544,3.272,0.115,0.538,0.154,0.155,0.227,1.316,0.067,0.049,0.048,0.075,0.097,0.051,0.114,0.093,13.613,13.369,34.346,1730.2,2595.3,3786.6,4922.7,2650.5,4930.1,12.1,22.3,60.3,75.4,99.3,95.0,No,No,No,1.570,0.837,1.9,3800,3900,44.0,1.125,1.125,1.815,1.800,1.020,5.040,No,No,No,48.5,1.095,1.125,1.815,1.800,1.020,5.040,0.125,No,No,No,33,33,100.0,100.0,No,No,2627,2056,0.0,0.0,0.0,0.000,0.002,26545,11969,76.9,0.720,13.000,600.0,2600.0,1200.0,100.0,0.0,0.0,0.0,0.0,0.0,0.0,0.0,0.0,0,0,16.0,145,No,No,No,79.3,74.0,83.0,0.860,20.012,19.968,20.057,91.118,39.457,10.064,72.612,14.672,82.717,4.600,65.249,26.289,55.000,115.000,2370.0,1500.1,2062.0,2342.5,2145.0,98.0,17.0,0.0,64.0,51.3,24.4,97.5,0.0,0.0,0.0,Yes,No,No,No,No,Yes,No,0,0,0,0,0,0,0,0,0,0,0,0,0,0,0,0,0,0,0,0,0,0,0,0,0,0,0,0,0,0,3973,4178,3931,115,32.0,17.594,90.576,100.0,0.000,0.0,54.1,59.4,46.7,44.5,44.2,44.2,54.1,55.5,47.5,44.3,43.9,43.9,18.47,21.07,18.02,18.00,22.73,22.73,18.20,0.28,4.97,13.50,0.58,0,0,0.0,0.0,1355,21,0.2,0.2,0,
9.6.2026,12:25:26.292,12208,28462,30.0,9783,22184,30.6,0.0,8704,2,1.030,1.040,1.040,1.030,1.030,1.030,1.030,1.030,1.030,1.030,1.030,1.030,1.025,1.025,1.025,1.025,1.025,2510.0,2184.9,4891.2,2162.8,2162.8,2162.8,2162.8,2162.8,4866.2,2379.0,2379.0,2379.0,2053.4,2053.4,2053.4,2053.4,2053.4,99.8,303.9,2738.3,1993.9,211.2,3206.7,113.3,6.6,162.3,53.2,102.7,8.7,112.6,13.9,142.9,46.0,217.2,175.3,17.6,6.5,2.8,1.7,2.0,1.0,31.6,9.0,32.2,29.6,2.1,1.3,74.1,79.5,33.1,97.0,303.9,5.7,18.3,42.3,4.8,66.2,4.0,1.7,4.7,1.6,3.7,4.7,3.9,0.3,4.5,0.4,5.7,4.6,0.0,0.0,0.0,0.0,0.1,0.0,0.9,0.0,0.8,0.0,0.1,0.0,3.1,2.6,1.0,2.9,66.2,5.7,10.1,35.0,83.0,8.6,133.3,4.6,0.2,6.4,2.1,4.2,0.3,4.5,0.5,5.7,1.8,8.6,7.0,0.7,0.2,0.1,0.1,0.1,0.0,1.3,0.4,1.2,1.1,0.1,0.0,3.0,3.3,1.3,4.0,10.1,25.1,21.9,49.0,21.7,21.7,21.7,21.7,21.7,48.8,23.8,23.8,23.8,20.6,20.6,20.6,20.6,20.6,0.0,11.3,59.0,71.0,4.6,7.1,4.4,4.7,5.9,11.3,0.8,0.2,0.1,1.1,1.6,0.1,5.3,4.1,12.8,41.0,29.0,2.0,22.4,2.8,3.1,7.8,86.5,0.7,0.3,0.2,0.5,5.4,0.2,1.6,1.0,75.9,0.0,0.0,93.4,70.5,92.8,92.1,86.3,2.2,98.6,99.5,99.7,98.3,92.9,99.6,93.1,94.9,2595.3,26.00,42,42,42,84,125,766,1,82.5,80.4,79.5,72.6,70.8,77.3,77.2,71.3,71.6,70.9,70.9,71.1,72.6,69.0,67.9,69.0,68.1,69.4,68.3,69.7,68.7,70.9,71.8,70.1,78.8,74.3,78.3,80.1,77.0,1.028,1.103,1.096,12.681,12.129,12.668,41.500,6.716,39.442,0.523,2.625,2.943,0.109,0.396,0.115,0.126,0.213,1.273,0.058,0.046,0.046,0.057,0.117,0.045,0.106,0.096,13.037,13.372,33.769,1730.2,2595.3,3757.0,4893.7,2620.3,4901.1,11.7,25.9,59.4,74.2,99.4,94.6,No,No,No,1.553,0.822,1.8,3800,3900,44.0,1.125,1.125,1.815,1.800,1.020,5.040,No,No,No,48.5,1.125,1.110,1.815,1.800,1.020,5.040,0.375,No,No,No,33,33,100.0,100.0,No,No,2627,2056,0.0,0.1,0.1,0.000,0.028,26545,11969,76.8,0.720,10.000,600.0,2600.0,1200.0,100.0,0.0,0.0,0.0,0.0,0.0,0.0,0.0,0.0,0,0,16.0,145,No,No,No,79.8,74.0,83.0,0.860,20.013,19.965,20.060,90.102,48.330,9.903,75.621,14.521,85.557,4.600,67.066,81.042,55.000,115.000,2370.0,1500.1,2062.0,2344.1,2145.0,97.0,16.0,0.0,62.0,51.3,24.2,96.7,0.0,0.0,0.0,Yes,No,No,No,No,Yes,No,0,0,0,0,0,0,0,0,0,0,0,0,0,0,0,0,0,0,0,0,0,0,0,0,0,0,0,0,0,0,3973,4178,3931,114,32.0,17.594,90.576,100.0,0.000,0.0,52.8,58.1,49.1,48.6,48.6,48.6,52.9,53.6,51.5,51.4,51.4,51.4,18.91,19.44,18.65,18.63,19.47,19.47,18.71,0.20,5.44,13.47,0.22,0,0,0.0,0.0,1355,21,0.1,0.2,0,
9.6.2026,12:25:28.291,12212,28458,30.0,9784,22183,30.6,0.0,8704,2,1.024,1.015,1.025,1.025,1.025,1.025,1.025,1.025,1.025,1.025,1.025,1.025,1.025,1.025,1.025,1.025,1.020,2762.7,4841.3,4866.2,2162.8,2162.8,2162.8,2162.8,2162.8,2162.8,2379.0,2379.0,2379.0,2379.0,2379.0,2379.0,2379.0,4866.2,99.8,281.5,1843.9,1252.4,898.0,3373.5,112.7,26.5,148.1,84.1,117.1,23.3,136.0,9.8,147.6,36.0,200.6,174.9,13.3,5.0,5.2,1.6,2.0,1.7,41.5,7.5,35.1,33.7,2.8,0.9,79.3,68.8,49.0,76.1,281.5,5.7,15.1,27.4,18.3,69.3,3.0,0.0,3.3,1.3,2.9,0.0,3.4,0.0,3.7,2.2,4.8,4.6,0.0,0.0,0.0,2.8,0.0,0.6,0.2,0.0,1.4,2.1,0.0,12.1,1.5,1.1,0.4,1.4,69.3,5.7,10.1,28.0,51.6,37.4,140.9,4.6,1.0,5.8,3.4,4.7,0.9,5.5,0.3,5.9,1.4,7.8,7.0,0.5,0.2,0.2,0.1,0.1,0.1,1.7,0.3,1.4,1.3,0.1,0.0,3.2,2.7,2.0,3.1,10.1,27.7,48.5,48.8,21.7,21.7,21.7,21.7,21.7,21.7,23.8,23.8,23.8,23.8,23.8,23.8,23.8,48.8,0.0,11.5,42.0,88.5,5.1,7.4,4.9,5.2,6.1,10.9,0.6,0.3,0.1,1.5,1.8,0.2,5.0,4.1,12.4,58.0,11.5,2.6,21.3,2.9,4.0,10.8,78.5,0.5,0.3,0.2,1.7,3.8,0.2,1.6,0.9,76.1,0.0,0.0,92.4,71.2,92.1,90.8,83.0,10.5,98.9,99.4,99.6,96.8,94.4,99.6,93.4,95.1,2595.3,26.00,42,42,42,84,125,766,1,81.9,79.8,79.0,72.6,70.7,75.4,78.5,71.0,71.7,70.9,70.9,71.2,72.3,69.0,68.0,68.9,68.1,69.4,68.3,69.7,68.7,70.9,71.8,70.0,78.5,73.9,78.2,80.1,77.0,1.020,1.102,1.096,12.290,12.112,12.303,38.000,6.720,38.965,0.506,2.112,3.299,0.121,0.381,0.123,0.137,0.240,1.125,0.053,0.044,0.045,0.071,0.103,0.043,0.103,0.088,12.529,13.354,33.247,1730.2,2595.3,3745.3,4869.8,2620.8,4877.0,11.4,23.8,58.6,73.1,99.5,93.8,No,No,No,1.546,0.806,1.8,3800,3900,44.2,1.125,1.125,1.815,1.800,1.020,5.040,No,No,No,48.8,1.125,1.125,1.800,1.800,1.020,5.040,1.000,No,No,No,33,33,100.0,100.0,No,No,2627,2056,0.0,0.0,0.0,0.000,0.016,26545,11969,76.8,0.720,13.000,600.0,2600.0,1200.0,100.0,0.0,0.0,0.0,0.0,0.0,0.0,0.0,0.0,0,0,16.0,145,No,No,No,79.6,74.0,83.0,0.860,20.017,19.970,20.064,89.878,40.136,9.825,75.644,14.434,85.493,4.600,66.234,24.725,55.000,115.000,2370.0,1500.1,2062.0,2345.3,2145.0,98.0,16.0,0.0,58.0,51.3,24.7,98.9,0.0,0.0,0.0,Yes,No,No,No,No,Yes,No,0,0,0,0,0,0,0,0,0,0,0,0,0,0,0,0,0,0,0,0,0,0,0,0,0,0,0,0,0,0,3973,4178,3931,114,32.0,17.593,90.576,100.0,0.000,0.0,54.2,56.9,51.7,51.4,51.3,51.3,54.1,54.5,53.4,53.4,53.4,53.4,18.49,18.69,18.34,18.33,18.70,18.70,18.42,0.07,5.23,13.26,0.08,0,0,0.0,0.0,1355,21,0.2,0.2,0,
9.6.2026,12:25:30.289,12255,28415,30.1,9784,22182,30.6,0.0,8704,2,0.997,0.990,0.990,0.990,0.990,1.005,1.005,1.005,1.005,1.005,1.005,1.005,1.005,0.990,0.990,0.990,0.990,2672.0,4791.4,4791.4,2129.5,4791.4,2129.5,2129.5,2129.5,2129.5,2379.0,2379.0,2379.0,2379.0,2053.4,2053.4,2053.4,2053.4,99.8,288.1,2134.0,1205.2,3769.0,270.2,125.3,9.8,202.7,98.4,141.6,12.1,148.2,14.8,155.5,44.1,251.0,199.7,12.9,36.6,3.0,2.2,9.6,3.2,18.2,5.7,29.9,20.1,2.7,1.9,78.8,95.4,18.6,98.1,288.1,6.8,23.0,27.2,78.9,6.1,4.6,3.5,6.5,3.5,5.8,3.5,5.8,1.3,5.8,1.3,6.6,4.6,2.8,2.6,1.8,0.0,1.2,0.0,1.5,3.4,1.0,0.7,1.0,1.0,3.5,4.0,1.6,4.1,78.9,6.8,10.5,43.2,49.6,157.2,11.1,5.1,0.3,8.1,3.9,5.7,0.4,6.0,0.5,6.2,1.7,9.9,8.0,0.5,1.5,0.1,0.1,0.4,0.1,0.7,0.2,1.1,0.7,0.1,0.1,3.2,3.9,0.7,4.1,10.5,26.8,48.0,48.0,21.3,48.0,21.3,21.3,21.3,21.3,23.8,23.8,23.8,23.8,20.6,20.6,20.6,20.6,0.0,12.0,48.4,84.8,5.1,8.7,5.6,5.7,6.4,12.3,1.3,0.2,0.4,0.8,1.4,0.2,6.0,3.9,13.1,51.6,15.2,3.4,25.2,4.1,5.0,10.3,85.2,0.8,0.4,0.5,1.4,3.3,0.3,2.2,1.3,74.9,0.0,0.0,91.4,66.1,90.3,89.3,83.3,2.5,97.9,99.4,99.1,97.8,95.4,99.5,91.8,94.8,2595.3,26.00,42,42,42,84,125,766,1,81.2,79.2,77.6,72.6,70.6,75.5,77.4,71.0,71.6,70.8,70.9,71.0,72.3,69.0,67.9,68.9,68.1,69.3,68.3,69.7,68.6,70.8,71.6,70.0,78.5,73.8,78.4,80.0,77.0,0.993,1.102,1.096,12.135,12.137,12.133,36.000,6.716,38.476,0.490,2.128,2.953,0.122,0.431,0.135,0.154,0.226,1.193,0.066,0.036,0.043,0.051,0.075,0.035,0.108,0.077,12.043,13.379,32.779,1730.2,2595.3,3722.3,4801.8,2642.8,4809.1,11.2,22.5,57.9,72.1,99.6,93.2,No,No,No,1.812,0.974,1.9,3800,3900,44.2,1.125,1.125,1.815,1.800,1.020,5.040,No,No,No,48.8,1.125,1.125,1.815,1.815,1.020,5.040,0.125,No,No,No,33,33,100.0,100.0,No,No,2627,2056,0.0,0.2,0.2,0.000,0.217,26545,11970,76.8,0.720,11.000,600.0,2600.0,1200.0,100.0,0.0,0.0,0.0,0.0,0.0,0.0,0.0,0.0,0,0,16.0,145,No,No,No,79.6,74.0,83.0,0.860,20.025,19.981,20.069,87.690,44.723,7.633,72.841,12.258,80.516,4.600,60.143,75.073,55.000,115.000,2377.0,1375.1,2062.0,2345.2,2145.0,98.0,19.0,0.0,89.0,51.8,24.5,98.0,0.0,0.0,0.0,Yes,No,No,No,No,Yes,No,0,0,0,0,0,0,0,0,0,0,0,0,0,0,0,0,0,0,0,0,0,0,0,0,0,0,0,0,0,0,3933,4218,3971,116,32.0,17.593,90.576,100.0,0.000,0.0,53.1,58.1,50.4,50.3,50.3,50.3,53.2,56.6,50.9,50.8,50.7,50.7,18.83,19.63,17.69,17.68,19.69,19.69,18.62,0.20,6.26,12.57,0.29,0,0,0.0,0.0,1355,21,0.1,0.2,0,
9.6.2026,12:25:32.287,12250,28421,30.1,9783,22183,30.6,0.0,8704,2,1.003,0.995,1.005,1.005,1.005,1.005,1.005,1.005,1.005,1.005,1.005,1.005,1.005,1.000,1.000,1.000,1.000,2593.6,2129.5,4816.3,2140.6,2140.6,2140.6,2140.6,2140.6,4816.3,2379.0,2379.0,2379.0,2379.0,2379.0,2379.0,2379.0,2379.0,99.8,298.4,2783.4,1720.2,2504.7,934.2,119.0,8.7,202.2,51.2,111.5,16.0,114.7,15.8,142.8,31.7,270.0,160.3,12.6,6.8,4.2,1.6,2.8,1.6,26.1,11.3,33.1,20.8,2.5,1.4,68.8,64.8,27.5,77.2,298.4,5.9,25.7,37.4,52.0,21.5,4.3,0.0,5.7,0.6,3.2,0.4,3.2,1.2,3.9,0.0,6.8,5.2,0.0,0.0,0.0,5.2,0.0,6.6,0.1,0.0,0.9,0.5,0.0,0.0,2.2,1.4,0.0,1.8,52.0,5.9,10.2,49.1,71.2,104.3,38.6,4.8,0.3,8.0,2.0,4.5,0.6,4.6,0.6,5.7,1.2,10.6,6.4,0.5,0.3,0.2,0.1,0.1,0.1,1.1,0.4,1.3,0.8,0.1,0.0,2.8,2.6,1.1,3.2,10.2,26.0,21.3,48.2,21.4,21.4,21.4,21.4,21.4,48.2,23.8,23.8,23.8,23.8,23.8,23.8,23.8,23.8,0.0,11.7,61.2,73.3,4.9,8.0,4.8,4.8,5.9,12.4,0.6,0.2,0.1,1.2,1.5,0.2,4.7,3.6,12.8,38.8,26.7,3.2,25.3,2.7,4.0,7.7,87.1,1.0,0.3,0.2,1.2,3.1,0.2,1.8,1.5,75.5,0.0,0.0,91.8,66.7,92.4,91.2,86.4,0.6,98.4,99.5,99.6,97.6,95.5,99.6,93.4,94.9,2595.3,26.00,42,42,42,84,125,766,1,80.9,79.1,78.1,74.1,70.5,76.4,76.1,71.0,71.1,70.7,70.5,70.8,72.0,68.7,67.9,68.7,68.1,69.0,68.3,69.4,68.7,70.6,71.4,69.8,78.0,73.8,78.5,80.0,77.0,0.985,1.103,1.096,11.790,12.149,11.794,34.750,6.709,38.049,0.471,2.392,2.643,0.111,0.391,0.105,0.119,0.176,1.175,0.044,0.034,0.034,0.055,0.071,0.033,0.087,0.073,11.613,13.394,32.358,1730.2,2595.3,3705.1,4786.1,2624.2,4793.5,10.9,21.7,57.3,71.2,99.6,93.1,No,No,No,1.901,1.040,1.9,3700,4000,44.2,1.125,1.125,1.815,1.800,1.020,5.040,No,No,No,48.8,1.125,1.125,1.815,1.800,1.005,5.040,0.125,No,No,No,33,33,100.0,100.0,No,No,2627,2056,0.0,0.0,0.0,0.000,0.000,26545,11970,76.8,0.720,20.000,600.0,2600.0,1200.0,100.0,0.0,0.0,0.0,0.0,0.0,0.0,0.0,0.0,0,0,16.0,145,No,No,No,79.8,74.0,83.0,0.860,20.026,19.981,20.072,87.078,45.412,7.653,74.792,12.270,82.474,4.600,64.658,71.438,55.000,115.000,2370.0,1375.1,2062.0,2343.8,2145.0,98.0,19.0,0.0,92.0,51.8,24.3,97.3,0.0,0.0,0.0,Yes,No,No,No,No,Yes,No,0,0,0,0,0,0,0,0,0,0,0,0,0,0,0,0,0,0,0,0,0,0,0,0,0,0,0,0,0,0,3933,4218,3971,116,32.0,17.593,90.576,100.0,0.000,0.0,54.7,57.0,51.0,50.8,50.8,50.8,54.6,55.1,53.8,53.6,53.6,53.6,18.30,18.64,18.11,18.10,18.68,18.68,18.19,0.11,5.86,12.44,0.12,0,0,0.0,0.0,1355,21,0.3,0.2,0,
9.6.2026,12:25:34.280,12253,28418,30.1,9787,22180,30.6,0.0,8704,2,0.972,0.965,0.975,0.975,0.975,0.970,0.970,0.970,0.970,0.970,0.970,0.970,0.970,0.970,0.975,0.975,0.975,2756.8,4716.5,4741.4,2370.7,2370.7,2370.7,2370.7,2370.7,4741.4,2379.0,2379.0,2379.0,2379.0,2379.0,2053.4,2053.4,2053.4,99.8,274.2,1552.1,884.1,256.4,4399.1,110.7,32.5,187.0,70.2,115.7,15.8,114.5,25.8,151.2,53.7,300.0,129.7,13.3,5.8,4.5,2.6,2.8,2.0,30.4,4.7,37.0,26.3,3.6,4.2,64.1,65.6,25.8,82.9,274.2,6.1,17.6,20.3,6.4,93.1,4.1,0.3,4.7,2.2,4.2,0.0,4.1,0.1,4.8,2.3,7.1,2.3,0.7,0.4,0.0,0.0,0.0,0.0,0.4,8.9,0.5,0.2,0.0,0.4,2.3,1.7,3.4,2.0,93.1,6.1,10.3,32.4,36.0,10.6,183.7,4.5,1.3,7.4,2.8,4.7,0.6,4.6,1.0,6.1,2.1,11.8,5.1,0.5,0.2,0.2,0.1,0.1,0.1,1.2,0.2,1.4,1.0,0.1,0.2,2.6,2.6,1.0,3.4,10.3,27.6,47.2,47.5,23.8,23.8,23.8,23.8,23.8,47.5,23.8,23.8,23.8,23.8,23.8,20.6,20.6,20.6,0.0,11.8,37.3,98.6,5.1,8.0,4.7,4.8,5.9,12.0,0.6,0.3,0.2,1.1,1.7,0.3,4.6,3.6,13.3,62.7,1.4,2.9,29.8,3.6,5.4,8.6,86.7,0.7,0.4,0.3,0.8,4.9,0.5,2.5,2.1,74.9,0.0,0.0,92.0,62.2,91.7,89.8,85.5,1.2,98.7,99.3,99.5,98.1,93.4,99.2,92.9,94.3,2595.3,26.00,42,42,42,84,125,766,1,80.4,78.7,75.6,72.1,70.4,74.1,77.5,70.5,71.3,70.5,70.4,70.8,71.8,68.8,67.9,68.7,68.1,69.1,68.3,69.4,68.7,70.5,71.3,69.7,78.8,74.1,78.4,80.0,77.0,0.969,1.102,1.096,11.700,12.143,11.698,37.250,6.713,37.787,0.457,1.744,3.018,0.108,0.430,0.106,0.128,0.196,1.114,0.041,0.035,0.034,0.051,0.090,0.036,0.089,0.087,11.338,13.385,32.081,1730.2,2595.3,3684.9,4736.8,2633.0,4744.0,10.8,23.3,56.8,70.4,99.7,92.5,No,No,No,1.958,1.068,1.9,3700,4000,44.2,1.125,1.125,1.815,1.800,1.020,5.040,No,No,No,48.8,1.125,1.125,1.815,1.800,1.020,5.040,0.125,No,No,No,33,33,100.0,100.0,No,No,2627,2056,0.0,0.1,0.1,0.000,0.028,26545,11970,76.7,0.720,11.000,600.0,2600.0,1200.0,100.0,0.0,0.0,0.0,0.0,0.0,0.0,0.0,0.0,0,0,16.0,145,No,No,No,79.7,74.0,83.0,0.860,20.030,19.987,20.073,87.951,46.734,7.875,70.810,12.483,78.708,4.600,63.307,89.353,55.000,115.000,2377.0,1375.1,2062.0,2344.4,2145.0,97.0,19.0,0.0,93.0,51.8,24.7,98.7,0.0,0.0,0.0,Yes,No,No,No,No,Yes,No,0,0,0,0,0,0,0,0,0,0,0,0,0,0,0,0,0,0,0,0,0,0,0,0,0,0,0,0,0,0,3933,4218,3971,116,32.0,17.592,90.576,100.0,0.000,0.0,53.5,57.1,44.6,44.2,44.2,44.2,53.5,55.0,45.9,44.5,44.4,44.4,18.68,21.80,18.19,18.17,22.60,22.60,18.40,0.29,5.81,12.87,0.61,0,0,0.0,0.0,1355,21,0.9,0.2,0,
9.6.2026,12:25:36.290,12253,28417,30.1,9784,22182,30.6,0.0,8704,2,0.961,0.960,0.965,0.965,0.965,0.960,0.960,0.960,0.960,0.960,0.960,0.960,0.960,0.960,0.960,0.960,0.960,2429.8,2345.8,4691.5,2345.8,2345.8,2358.2,2358.2,2358.2,2358.2,2379.0,2379.0,2379.0,2379.0,2039.2,2053.4,2053.4,2053.4,99.8,288.0,2313.3,1498.9,1550.9,2312.3,116.1,10.7,172.9,81.4,112.8,11.0,118.6,14.3,118.2,23.9,300.0,132.6,4.7,15.3,3.5,2.5,2.0,1.2,16.9,3.1,32.1,25.2,2.5,0.9,64.6,64.0,24.6,64.8,288.0,6.7,21.2,33.0,32.7,50.0,4.0,1.8,4.9,2.1,3.9,3.3,3.9,0.3,3.7,0.0,7.6,4.5,0.9,1.1,0.9,5.9,2.3,9.2,1.3,1.6,0.9,0.6,0.8,5.9,2.0,2.9,1.6,0.0,50.0,6.7,10.1,39.0,61.9,64.6,96.3,4.7,0.4,6.8,3.2,4.6,0.4,4.8,0.5,4.7,0.9,11.8,5.3,0.2,0.6,0.1,0.1,0.1,0.0,0.7,0.1,1.2,0.9,0.1,0.0,2.6,2.6,1.0,2.6,10.1,24.3,23.5,47.0,23.5,23.5,23.6,23.6,23.6,23.6,23.8,23.8,23.8,23.8,20.4,20.6,20.6,20.6,0.0,11.6,52.4,82.5,4.7,7.8,4.6,4.7,4.9,12.3,0.6,0.2,0.1,0.8,1.6,0.1,4.6,3.2,12.7,47.6,17.5,2.0,25.3,3.4,4.3,6.0,85.7,0.5,0.7,0.2,0.6,5.6,0.2,1.4,1.5,75.8,0.0,0.0,93.3,66.9,92.0,91.0,89.1,2.0,98.9,99.1,99.7,98.7,92.8,99.6,94.0,95.2,2595.3,26.00,42,42,42,84,125,766,1,80.0,78.6,76.6,72.1,70.3,75.2,76.2,70.6,70.9,70.4,70.3,70.5,71.6,68.8,67.8,68.7,67.9,69.1,68.1,69.5,68.5,70.5,71.1,69.8,78.2,74.0,78.2,80.0,77.0,0.968,1.102,1.096,11.430,12.137,11.430,34.250,6.711,37.467,0.443,2.062,2.686,0.091,0.378,0.102,0.110,0.132,1.097,0.041,0.038,0.033,0.039,0.093,0.033,0.080,0.067,11.062,13.379,31.795,1730.2,2595.3,3660.8,4736.6,2585.0,4744.3,10.6,21.4,56.4,69.6,99.7,92.5,No,No,No,1.901,1.047,1.9,3700,4000,44.2,1.125,1.125,1.815,1.800,1.020,5.040,No,No,No,48.8,1.095,1.125,1.815,1.800,1.020,5.040,0.125,No,No,No,33,33,100.0,100.0,No,No,2627,2056,0.0,0.0,0.0,0.000,0.004,26545,11970,76.6,0.720,10.000,600.0,2600.0,1200.0,100.0,0.0,0.0,0.0,0.0,0.0,0.0,0.0,0.0,0,0,16.0,145,No,No,No,79.6,74.0,83.0,0.860,20.035,19.992,20.078,86.755,40.878,7.877,70.080,12.499,78.001,4.600,62.304,50.784,55.000,115.000,2370.0,1375.1,2062.0,2343.3,2145.0,97.0,19.0,0.0,94.0,51.8,24.3,97.3,0.0,0.0,0.0,Yes,No,No,No,No,Yes,No,0,0,0,0,0,0,0,0,0,0,0,0,0,0,0,0,0,0,0,0,0,0,0,0,0,0,0,0,0,0,3932,4219,3972,117,32.0,17.592,90.576,100.0,0.000,0.0,54.0,58.2,51.2,50.9,50.9,50.9,54.0,55.0,51.9,51.8,51.8,51.8,18.52,19.27,18.17,18.16,19.29,19.29,18.23,0.29,5.74,12.78,0.39,0,0,0.0,0.0,1355,21,0.3,0.2,0,
9.6.2026,12:25:38.300,12290,28380,30.2,9785,22181,30.6,0.0,8704,2,0.956,0.965,0.960,0.960,0.955,0.955,0.955,0.955,0.955,0.955,0.955,0.955,0.955,0.955,0.955,0.955,0.955,2708.3,4741.4,4691.5,2345.8,2358.2,2358.2,4716.5,2358.2,2358.2,2379.0,2379.0,2379.0,2053.4,2053.4,2053.4,2053.4,2053.4,99.8,291.7,2350.3,1681.3,3052.9,649.6,115.0,6.9,203.7,84.0,104.4,9.3,109.5,16.3,132.8,37.8,258.3,169.6,7.4,11.9,2.7,4.0,2.3,1.2,20.4,3.4,41.3,39.1,2.4,1.4,59.2,70.0,23.1,63.2,291.7,6.3,18.2,37.5,65.7,14.6,3.6,0.7,6.0,2.6,4.0,0.0,4.0,0.0,4.5,3.7,7.1,4.9,0.7,0.0,1.4,0.0,1.3,0.0,1.9,0.0,1.7,1.6,0.0,5.0,0.8,2.9,0.0,5.6,65.7,6.3,10.0,32.7,69.5,127.3,26.9,4.6,0.2,8.1,3.3,4.2,0.3,4.4,0.6,5.3,1.5,10.0,6.8,0.3,0.5,0.1,0.1,0.1,0.0,0.8,0.1,1.6,1.5,0.1,0.1,2.4,2.8,0.9,2.6,10.0,27.1,47.5,47.0,23.5,23.6,23.6,47.2,23.6,23.6,23.8,23.8,23.8,20.6,20.6,20.6,20.6,20.6,0.0,11.5,53.3,79.4,4.4,8.1,4.2,4.4,5.5,12.0,0.6,0.2,0.1,0.9,2.2,0.1,4.6,3.1,13.6,46.7,20.4,3.0,29.7,2.2,4.7,9.3,87.9,0.8,0.6,0.2,0.9,6.6,0.3,2.4,1.3,75.0,0.0,0.1,92.5,62.2,93.6,90.9,85.2,0.1,98.6,99.2,99.7,98.2,91.2,99.6,93.0,95.6,2595.3,26.00,42,42,42,84,125,766,1,79.6,78.6,78.5,72.1,70.1,74.8,75.7,70.4,70.9,70.3,70.1,70.5,71.5,68.7,67.7,68.6,67.9,69.1,68.1,69.4,68.4,70.4,71.0,69.7,78.5,73.9,78.1,80.0,77.0,0.960,1.103,1.096,11.287,12.126,11.275,38.250,6.711,37.214,0.436,2.010,2.532,0.095,0.431,0.082,0.111,0.175,1.088,0.042,0.037,0.033,0.043,0.108,0.033,0.084,0.066,10.832,13.369,31.554,1730.2,2595.3,3679.5,4713.9,2645.1,4722.1,10.4,23.9,56.0,68.9,99.8,92.4,No,No,No,1.822,0.998,1.8,3700,4000,44.2,1.125,1.125,1.815,1.800,1.020,5.040,No,No,No,48.8,1.125,1.095,1.815,1.800,1.020,5.040,0.125,No,No,No,32,32,100.0,100.0,No,No,2627,2056,0.0,0.1,0.1,0.000,0.020,26545,11970,76.6,0.720,11.000,600.0,2600.0,1200.0,100.0,0.0,0.0,0.0,0.0,0.0,0.0,0.0,0.0,0,0,16.0,145,No,No,No,79.7,74.0,83.0,0.860,20.031,19.988,20.074,85.246,39.446,7.176,72.602,11.790,79.816,4.600,59.268,40.873,55.000,115.000,2377.0,1375.1,2062.0,2346.6,2145.0,98.0,17.0,0.0,81.0,51.8,24.3,97.1,0.0,0.0,0.0,Yes,No,No,No,No,Yes,No,0,0,0,0,0,0,0,0,0,0,0,0,0,0,0,0,0,0,0,0,0,0,0,0,0,0,0,0,0,0,3932,4219,3972,118,32.0,17.592,90.576,100.0,0.000,0.0,57.2,60.3,54.4,54.4,54.4,54.4,57.1,58.0,55.9,55.9,55.9,55.9,17.50,17.82,17.22,17.16,17.86,17.86,17.34,0.17,5.03,12.47,0.20,0,0,0.0,0.0,1355,21,0.3,0.4,0,
9.6.2026,12:25:40.309,12256,28415,30.1,9785,22181,30.6,0.0,8704,2,0.967,0.975,0.970,0.960,0.960,0.970,0.970,0.970,0.970,0.970,0.970,0.970,0.970,0.960,0.960,0.960,0.960,2813.9,4741.4,4741.4,2358.2,2358.2,2358.2,2358.2,2358.2,4716.5,2379.0,2379.0,2379.0,2379.0,2379.0,2379.0,2379.0,2379.0,99.8,264.0,1909.6,863.1,2578.1,1560.1,112.5,17.8,186.3,61.0,103.1,14.6,110.6,15.0,137.0,20.7,288.6,109.9,8.6,8.8,5.1,1.9,2.4,1.0,30.3,3.2,45.1,38.5,3.0,1.8,71.6,58.4,24.2,56.6,264.0,6.1,25.6,19.5,54.7,33.4,3.5,0.0,4.8,0.6,2.4,0.0,3.3,0.8,3.9,0.0,6.3,2.7,0.0,5.8,0.0,8.4,0.0,12.1,0.0,0.6,0.9,0.8,1.4,0.0,2.0,0.9,0.0,0.9,54.7,6.1,9.9,47.5,35.3,107.5,64.7,4.5,0.7,7.3,2.4,4.1,0.5,4.4,0.5,5.5,0.8,11.2,4.3,0.3,0.3,0.2,0.1,0.1,0.0,1.2,0.1,1.8,1.5,0.1,0.1,2.9,2.3,1.0,2.3,9.9,28.2,47.5,47.5,23.6,23.6,23.6,23.6,23.6,47.2,23.8,23.8,23.8,23.8,23.8,23.8,23.8,23.8,0.0,11.4,44.4,88.7,4.6,7.5,4.2,4.4,5.2,11.2,0.6,0.3,0.1,1.1,2.2,0.2,4.6,2.9,13.5,55.6,11.3,3.1,27.8,3.6,5.1,7.9,88.2,0.8,0.3,0.2,0.6,7.5,0.3,2.4,1.4,75.1,0.0,0.0,92.3,64.6,92.2,90.4,86.9,0.6,98.7,99.5,99.6,98.3,90.3,99.6,93.0,95.7,2595.3,26.00,42,42,42,84,125,766,1,79.4,78.4,76.6,72.1,70.0,74.0,76.0,70.2,70.7,70.1,70.0,70.3,71.3,68.5,67.6,68.4,67.8,68.9,68.0,69.1,68.3,70.2,70.8,69.5,78.5,73.7,78.0,80.0,77.0,0.950,1.102,1.095,11.182,12.119,11.197,38.000,6.712,37.001,0.422,1.791,2.637,0.099,0.373,0.100,0.113,0.150,1.033,0.041,0.034,0.033,0.045,0.116,0.033,0.087,0.062,10.619,13.360,31.332,1730.2,2595.3,3667.1,4684.4,2649.7,4691.9,10.4,23.8,55.7,68.4,99.8,92.2,No,No,No,1.743,0.954,1.8,3700,3800,44.2,1.125,1.125,1.815,1.800,1.020,5.040,No,No,No,49.0,1.125,1.125,1.800,1.800,1.020,5.040,0.500,No,No,No,33,33,100.0,100.0,No,No,2627,2056,0.0,0.0,0.0,0.000,0.048,26545,11970,76.4,0.720,12.000,600.0,2600.0,1200.0,100.0,0.0,0.0,0.0,0.0,0.0,0.0,0.0,0.0,0,0,16.0,145,No,No,No,79.1,74.0,83.0,0.860,20.040,19.997,20.083,87.423,43.105,7.199,72.312,11.807,79.551,4.600,61.120,65.148,55.000,115.000,2377.0,1375.1,2062.0,2349.6,2145.0,97.0,17.0,0.0,71.0,51.8,24.5,98.1,0.0,0.0,0.0,Yes,No,No,No,No,Yes,No,0,0,0,0,0,0,0,0,0,0,0,0,0,0,0,0,0,0,0,0,0,0,0,0,0,0,0,0,0,0,3932,4219,3972,118,32.0,17.592,90.576,100.0,0.000,0.0,57.0,60.5,53.8,53.6,53.6,53.6,57.0,58.0,54.8,54.6,54.6,54.6,17.53,18.25,17.23,17.23,18.36,18.36,17.27,0.26,4.99,12.54,0.36,0,0,0.0,0.0,1355,21,0.2,0.2,0,
9.6.2026,12:25:42.307,12254,28416,30.1,9784,22182,30.6,0.0,8704,2,0.960,0.960,0.960,0.960,0.960,0.960,0.960,0.960,0.960,0.960,0.960,0.960,0.960,0.960,0.960,0.960,0.960,2802.2,4691.5,4691.5,2345.8,2345.8,2345.8,2345.8,2345.8,4691.5,2379.0,2379.0,2379.0,2379.0,2379.0,2379.0,2379.0,2379.0,99.8,265.8,1963.2,924.1,149.5,3964.8,108.2,10.3,184.5,60.8,106.8,9.0,108.3,13.9,139.7,29.9,253.1,128.1,12.1,9.7,5.8,1.7,6.5,1.7,21.7,3.9,35.2,26.6,2.4,2.1,73.5,63.4,28.4,56.6,265.8,6.3,25.9,21.3,2.6,85.1,4.4,1.8,5.1,1.5,4.3,4.0,3.6,0.4,4.3,1.5,7.3,2.7,0.0,1.0,0.0,5.2,0.0,0.0,1.5,0.1,0.2,0.0,0.0,3.1,3.1,2.1,5.4,2.7,85.1,6.3,9.9,47.4,37.8,6.1,165.5,4.4,0.4,7.4,2.4,4.3,0.3,4.3,0.5,5.6,1.2,9.9,5.1,0.5,0.4,0.2,0.1,0.3,0.1,0.9,0.1,1.4,1.0,0.1,0.1,3.0,2.6,1.1,2.3,9.9,28.1,47.0,47.0,23.5,23.5,23.5,23.5,23.5,47.0,23.8,23.8,23.8,23.8,23.8,23.8,23.8,23.8,0.0,11.5,45.9,88.5,4.3,7.4,4.3,4.4,5.6,11.1,0.7,0.3,0.2,1.0,1.7,0.2,4.9,3.1,13.0,54.1,11.5,2.4,24.5,3.0,4.4,9.7,87.9,0.7,0.3,0.2,0.6,5.5,0.3,2.1,1.0,75.5,0.0,0.0,93.3,68.1,92.8,91.2,84.6,1.0,98.6,99.4,99.5,98.4,92.8,99.5,93.0,95.9,2595.3,26.00,42,42,42,84,125,766,1,79.1,78.4,76.1,72.1,70.0,74.0,76.1,70.1,70.7,70.0,70.1,70.2,71.4,68.4,67.7,68.4,67.9,68.8,68.1,69.1,68.4,70.1,70.8,69.4,77.8,73.6,78.0,80.0,76.9,0.950,1.102,1.096,11.065,12.115,11.062,34.500,6.708,36.884,0.418,1.812,2.636,0.086,0.346,0.088,0.101,0.173,1.030,0.042,0.034,0.034,0.041,0.091,0.033,0.086,0.062,10.514,13.356,31.219,1730.2,2595.3,3664.5,4684.3,2644.6,4692.9,10.2,21.6,55.5,67.9,99.8,92.2,No,No,No,1.774,0.970,1.8,3500,3700,44.2,1.125,1.125,1.815,1.800,1.020,5.040,No,No,No,49.0,1.125,1.125,1.815,1.800,1.020,5.040,0.375,No,No,No,33,33,100.0,100.0,No,No,2627,2056,0.0,0.0,0.0,0.000,0.002,26545,11970,76.3,0.720,18.000,600.0,2600.0,1200.0,100.0,0.0,0.0,0.0,0.0,0.0,0.0,0.0,0.0,0,0,16.0,145,No,No,No,78.9,74.0,83.0,0.860,20.034,19.990,20.078,86.985,46.590,7.057,73.483,11.671,80.574,4.600,61.583,87.163,55.000,115.000,2377.0,1375.1,2062.0,2349.7,2145.0,98.0,17.0,0.0,71.0,51.8,24.2,96.8,0.0,0.0,0.0,Yes,No,No,No,No,Yes,No,0,0,0,0,0,0,0,0,0,0,0,0,0,0,0,0,0,0,0,0,0,0,0,0,0,0,0,0,0,0,3932,4219,3972,119,32.0,17.593,90.576,100.0,0.000,0.0,57.5,60.6,53.6,53.0,53.0,53.0,57.5,58.0,55.7,55.5,55.5,55.5,17.40,17.99,17.23,17.23,18.01,18.01,17.27,0.12,4.96,12.43,0.18,0,0,0.0,0.0,1355,21,0.3,0.2,0,
9.6.2026,12:25:44.300,12254,28416,30.1,9783,22183,30.6,0.0,8704,2,0.940,0.945,0.940,0.940,0.940,0.940,0.940,0.940,0.940,0.940,0.940,0.940,0.940,0.940,0.940,0.940,0.940,2776.2,4641.6,4641.6,2320.8,2320.8,2320.8,2320.8,2320.8,4641.6,2379.0,2379.0,2379.0,2379.0,2379.0,2379.0,2308.3,2308.3,99.8,271.7,1979.7,1152.3,3806.3,216.2,100.4,10.3,200.9,63.4,102.7,18.0,118.1,12.2,130.2,30.4,287.3,100.7,10.1,3.8,4.2,2.2,2.5,2.1,25.4,5.2,50.6,25.3,2.4,1.9,82.9,63.3,26.5,56.8,271.7,6.0,21.5,26.3,82.2,3.4,3.4,1.0,5.4,2.4,2.7,1.2,3.7,1.1,4.0,0.8,7.3,3.6,1.0,0.1,2.4,0.0,0.8,0.8,0.0,0.1,1.3,0.6,0.8,7.3,3.3,2.0,0.1,1.1,82.2,6.0,9.8,38.9,47.4,158.8,8.9,4.0,0.4,8.0,2.5,4.1,0.7,4.7,0.4,5.2,1.2,11.2,4.0,0.4,0.1,0.2,0.1,0.1,0.1,1.0,0.2,2.0,0.9,0.1,0.1,3.3,2.6,1.1,2.3,9.8,27.8,46.5,46.5,23.2,23.2,23.2,23.2,23.2,46.5,23.8,23.8,23.8,23.8,23.8,23.8,23.1,23.1,0.0,11.4,46.4,86.8,4.1,7.8,4.4,4.5,5.4,11.2,0.5,0.2,0.2,1.1,2.1,0.2,4.9,3.1,12.9,53.6,13.1,2.0,26.6,2.6,3.4,7.7,87.1,0.6,0.3,0.3,0.6,4.9,0.3,2.4,1.0,75.7,0.0,0.1,93.9,65.5,93.0,92.1,86.9,1.7,99.0,99.4,99.5,98.3,93.1,99.5,92.7,95.9,2595.3,26.00,42,42,42,84,125,766,1,79.0,78.4,75.6,72.1,69.9,73.9,75.8,70.0,70.8,70.0,70.1,70.2,71.3,68.4,67.7,68.4,67.9,68.8,68.1,69.1,68.4,70.1,70.7,69.5,78.2,74.0,78.0,80.0,76.8,0.944,1.102,1.096,10.979,12.121,10.980,34.250,6.710,36.726,0.409,1.771,2.547,0.080,0.377,0.088,0.100,0.152,1.006,0.037,0.034,0.033,0.041,0.088,0.033,0.093,0.059,10.365,13.361,31.078,1730.2,2595.3,3658.0,4667.5,2648.5,4675.2,10.2,21.4,55.3,67.5,99.9,92.3,No,No,No,1.756,0.960,1.8,3400,3600,44.5,1.125,1.125,1.815,1.800,1.020,5.040,No,No,No,49.0,1.125,1.125,1.815,1.800,1.005,5.040,0.500,No,No,No,33,33,100.0,100.0,No,No,2627,2056,0.0,0.1,0.1,0.000,0.032,26545,11970,76.5,0.720,11.000,600.0,2600.0,1200.0,100.0,0.0,0.0,0.0,0.0,0.0,0.0,0.0,0.0,0,0,16.0,145,No,No,No,79.6,74.0,83.0,0.860,20.039,19.996,20.083,85.848,41.125,7.159,72.825,11.770,80.031,4.600,59.302,52.188,55.000,115.000,2377.0,1375.1,2062.0,2348.2,2145.0,97.0,17.0,0.0,76.0,51.8,24.5,97.8,0.0,0.0,0.0,Yes,No,No,No,No,Yes,No,0,0,0,0,0,0,0,0,0,0,0,0,0,0,0,0,0,0,0,0,0,0,0,0,0,0,0,0,0,0,3932,4219,3972,119,32.0,17.594,90.576,100.0,0.000,0.0,57.0,60.2,53.6,53.1,53.1,53.1,57.0,58.2,54.9,54.8,54.8,54.8,17.54,18.22,17.19,17.18,18.24,18.24,17.22,0.32,4.97,12.57,0.44,0,0,0.0,0.0,1355,21,0.2,0.2,0,
9.6.2026,12:25:46.302,12252,28419,30.1,9780,22186,30.5,0.0,8704,2,0.941,0.965,0.955,0.945,0.945,0.935,0.935,0.935,0.935,0.935,0.935,0.935,0.935,0.940,0.940,0.940,0.940,2643.9,2358.2,4666.6,2320.8,2320.8,2320.8,2320.8,2320.8,4641.6,2379.0,2379.0,2379.0,2379.0,2379.0,2379.0,2379.0,2379.0,99.8,281.3,2340.1,1477.0,2617.2,1083.2,98.2,9.3,176.6,98.2,98.7,13.1,107.5,26.0,109.3,23.1,249.6,139.9,6.6,13.0,5.1,1.6,2.6,1.6,20.2,4.5,34.8,40.7,2.2,1.8,56.5,60.9,20.3,61.0,281.3,6.1,22.0,33.2,56.1,24.8,3.6,0.0,5.2,1.9,4.4,0.0,3.7,0.7,3.7,1.6,6.6,3.4,1.2,1.4,1.2,6.1,0.0,0.0,2.4,0.0,1.2,1.4,0.0,0.0,2.2,3.1,2.4,3.1,56.1,6.1,9.8,40.1,61.0,109.1,44.7,4.0,0.3,7.0,3.9,4.0,0.5,4.3,0.7,4.3,0.9,9.7,5.6,0.3,0.5,0.2,0.1,0.1,0.1,0.8,0.2,1.3,1.6,0.1,0.1,2.3,2.5,0.8,2.5,9.8,26.5,23.6,46.8,23.2,23.2,23.2,23.2,23.2,46.5,23.8,23.8,23.8,23.8,23.8,23.8,23.8,23.8,0.0,11.3,53.5,79.5,4.0,8.0,4.1,4.3,4.5,11.1,0.6,0.3,0.1,0.9,2.1,0.1,4.3,2.9,12.9,46.5,20.5,2.4,25.5,2.8,4.8,7.2,86.5,0.8,0.3,0.5,0.6,4.6,0.2,1.7,1.3,75.8,0.0,0.0,93.6,66.5,93.1,90.9,88.3,2.5,98.6,99.4,99.4,98.5,93.3,99.6,94.0,95.8,2595.3,26.00,42,42,42,84,125,766,1,79.0,78.5,76.1,72.6,70.0,74.5,75.4,70.2,70.7,70.2,70.1,70.2,71.3,68.5,68.0,68.5,68.1,68.8,68.3,69.1,68.6,70.2,70.8,69.5,77.8,74.0,78.0,80.0,76.8,0.943,1.102,1.096,10.846,12.115,10.834,41.000,6.709,36.545,0.405,1.888,2.419,0.080,0.370,0.085,0.113,0.131,0.995,0.043,0.034,0.035,0.040,0.088,0.033,0.074,0.060,10.222,13.355,30.929,1730.2,2595.3,3626.1,4664.0,2588.1,4672.3,10.0,25.6,55.0,67.1,99.9,92.4,No,No,No,1.689,0.924,1.8,3300,3600,44.5,1.125,1.125,1.815,1.800,1.020,5.040,No,No,No,49.0,1.125,1.125,1.815,1.800,1.020,5.040,0.375,No,No,No,33,33,100.0,100.0,No,No,2627,2056,0.0,0.1,0.1,0.000,0.020,26545,11970,76.6,0.720,8.000,600.0,2600.0,1200.0,100.0,0.0,0.0,0.0,0.0,0.0,0.0,0.0,0.0,0,0,16.0,145,No,No,No,79.3,74.0,83.0,0.860,20.035,19.991,20.080,86.671,47.059,7.877,72.796,12.498,80.721,4.600,61.508,89.413,55.000,115.000,2370.0,1375.1,2055.0,2342.9,2145.0,98.0,19.0,0.0,77.0,51.8,24.3,97.2,0.0,0.0,0.0,Yes,No,No,No,No,Yes,No,0,0,0,0,0,0,0,0,0,0,0,0,0,0,0,0,0,0,0,0,0,0,0,0,0,0,0,0,0,0,3932,4219,3972,118,32.0,17.594,90.576,100.0,0.000,0.0,58.1,64.1,53.1,51.4,51.3,51.3,58.1,58.7,56.8,56.5,56.5,56.5,17.21,17.64,17.03,17.03,17.77,17.77,17.05,0.16,4.85,12.35,0.21,0,0,0.0,0.0,1355,21,0.4,0.2,0,
9.6.2026,12:25:48.310,12251,28419,30.1,9779,22187,30.5,0.0,8704,2,0.941,0.950,0.940,0.940,0.940,0.940,0.940,0.940,0.940,0.940,0.940,0.940,0.940,0.940,0.940,0.940,0.940,2559.4,2333.3,4641.6,2320.8,2320.8,2320.8,2320.8,2320.8,4641.6,2379.0,2379.0,2379.0,2379.0,2053.4,2053.4,2053.4,2053.4,99.8,262.3,1682.0,857.9,102.4,4229.2,100.7,11.7,172.9,81.6,101.1,11.2,98.2,13.5,114.5,27.4,291.8,169.2,6.5,15.0,6.1,2.6,3.0,1.3,19.1,10.8,32.2,29.6,2.8,1.3,66.5,55.8,22.6,51.9,262.3,6.2,21.3,20.2,3.7,91.4,3.4,0.0,4.7,2.1,3.4,0.0,3.2,0.0,3.6,0.0,7.3,5.2,0.1,0.0,0.1,0.0,0.0,5.9,0.0,1.8,1.6,1.4,3.1,9.9,0.6,1.9,0.0,1.7,91.4,6.2,9.8,38.1,35.0,4.2,176.5,4.1,0.4,6.8,3.3,4.1,0.4,3.9,0.8,4.5,1.0,11.5,6.8,0.2,0.6,0.2,0.1,0.1,0.0,0.8,0.4,1.2,1.1,0.1,0.0,2.7,2.3,0.9,2.1,9.8,25.6,23.4,46.5,23.2,23.2,23.2,23.2,23.2,46.5,23.8,23.8,23.8,23.8,20.6,20.6,20.6,20.6,0.0,11.4,40.6,93.6,4.1,7.7,4.1,4.3,4.9,12.8,0.6,0.3,0.2,1.0,1.7,0.2,4.4,2.7,13.5,59.4,6.4,3.7,35.5,4.5,4.9,10.3,82.3,0.8,0.5,0.2,0.6,4.0,0.2,2.2,0.9,75.0,0.0,0.0,92.2,56.8,91.4,90.8,84.8,4.9,98.6,99.2,99.6,98.4,94.3,99.6,93.3,96.4,2595.3,26.00,42,42,42,84,125,766,1,79.0,78.6,76.1,72.6,70.2,73.7,76.4,70.3,71.2,70.4,70.3,70.5,71.5,68.7,68.1,68.6,68.2,69.0,68.4,69.3,68.7,70.3,71.0,69.6,78.8,74.1,78.0,80.0,76.9,0.938,1.102,1.096,10.836,12.124,10.843,29.000,6.711,36.540,0.408,1.613,2.631,0.095,0.450,0.099,0.102,0.161,0.973,0.043,0.035,0.033,0.046,0.074,0.033,0.081,0.057,10.163,13.365,30.880,1730.2,2595.3,3619.5,4647.3,2591.7,4654.6,10.0,18.1,55.0,66.8,99.9,92.4,No,No,No,1.645,0.875,1.8,3300,3600,44.5,1.125,1.125,1.815,1.800,1.020,5.110,No,No,No,49.0,1.095,1.125,1.815,1.800,1.020,5.110,0.625,No,No,No,33,33,100.0,100.0,No,No,2627,2056,0.0,0.1,0.1,0.006,0.094,26545,11970,76.6,0.720,12.000,600.0,2600.0,1200.0,100.0,0.0,0.0,0.0,0.0,0.0,0.0,0.0,0.0,0,0,16.0,145,No,No,No,80.2,74.0,83.0,0.860,20.036,19.992,20.080,87.972,39.094,9.876,70.354,14.491,80.280,4.600,64.650,29.409,55.000,115.000,2370.0,1500.1,2055.0,2339.4,2145.0,97.0,17.0,0.0,77.0,51.8,24.4,97.5,0.0,0.0,0.0,Yes,No,No,No,No,Yes,No,0,0,0,0,0,0,0,0,0,0,0,0,0,0,0,0,0,0,0,0,0,0,0,0,0,0,0,0,0,0,3932,4219,3972,117,32.0,17.594,90.576,100.0,0.000,0.0,57.0,59.7,49.2,45.5,45.2,45.2,57.0,58.4,49.8,46.1,45.8,45.8,17.56,20.08,17.13,17.10,21.85,21.85,17.30,0.25,4.70,12.86,0.53,0,0,0.0,0.0,1355,21,0.3,0.2,0,
9.6.2026,12:25:50.299,12253,28417,30.1,9783,22184,30.6,0.0,8704,2,0.928,0.935,0.935,0.930,0.930,0.930,0.930,0.930,0.930,0.930,0.930,0.930,0.930,0.920,0.920,0.920,0.920,2830.8,2308.3,4591.7,2295.9,4591.7,2295.9,2295.9,4591.7,4591.7,2379.0,2379.0,2379.0,2379.0,2053.4,2053.4,2053.4,2053.4,99.8,271.4,1833.8,961.9,509.3,3750.1,97.8,8.1,194.7,102.8,105.1,15.0,105.3,23.7,127.4,35.8,280.1,202.6,16.5,3.8,3.0,1.6,2.1,1.1,18.1,4.8,42.5,35.9,2.5,1.6,58.0,57.8,26.8,54.1,271.4,5.9,21.7,22.1,10.6,81.4,2.9,0.0,4.7,2.8,3.1,0.7,3.0,1.0,3.4,0.4,6.7,4.8,0.0,6.9,0.0,3.4,1.1,0.0,1.7,0.0,0.6,0.0,1.1,0.0,3.0,0.0,1.9,0.0,81.4,5.9,10.0,39.8,39.4,21.2,156.6,4.0,0.3,7.7,4.1,4.2,0.6,4.2,0.9,5.1,1.4,11.0,8.1,0.7,0.1,0.1,0.1,0.1,0.0,0.7,0.2,1.7,1.4,0.1,0.1,2.3,2.3,1.1,2.2,10.0,28.4,23.1,46.0,23.0,46.0,23.0,23.0,46.0,46.0,23.8,23.8,23.8,23.8,20.6,20.6,20.6,20.6,0.0,11.7,43.6,92.5,4.0,8.0,4.3,4.7,5.4,13.4,0.6,0.2,0.1,0.9,2.0,0.1,4.2,2.9,13.5,56.4,7.5,2.0,36.1,3.6,2.9,8.9,86.5,0.7,0.3,0.2,0.7,7.4,0.3,2.1,0.9,74.8,0.0,0.0,94.0,55.9,92.1,92.4,85.7,0.1,98.7,99.5,99.7,98.4,90.6,99.6,93.7,96.1,2595.3,26.00,42,42,42,84,125,766,1,79.0,78.7,75.6,73.0,70.3,73.7,76.2,70.3,71.3,70.4,70.4,70.6,71.7,68.9,68.1,68.8,68.3,69.3,68.5,69.5,68.8,70.4,71.1,69.8,78.2,74.1,78.0,80.0,77.0,0.931,1.102,1.096,10.802,12.132,10.804,33.500,6.712,36.436,0.405,1.597,2.541,0.076,0.458,0.095,0.092,0.162,1.032,0.042,0.033,0.032,0.040,0.110,0.033,0.077,0.057,10.057,13.373,30.784,1730.2,2595.3,3610.5,4626.3,2594.7,4633.3,10.0,20.9,54.8,66.5,99.9,92.6,No,No,No,1.619,0.852,1.9,3300,3600,44.5,1.110,1.125,1.815,1.800,1.020,5.110,No,No,No,49.2,1.110,1.110,1.815,1.800,1.020,5.110,0.375,No,No,No,33,33,100.0,100.0,No,No,2627,2056,0.1,0.1,0.1,0.095,0.061,26546,11970,76.7,0.720,9.000,600.0,2600.0,1200.0,100.0,0.0,0.0,0.0,0.0,0.0,0.0,0.0,0.0,0,0,16.0,145,No,No,No,80.4,74.0,83.0,0.860,20.031,19.985,20.076,88.063,48.127,10.452,72.849,15.057,83.336,4.600,64.525,86.066,55.000,115.000,2370.0,1500.1,2055.0,2341.3,2145.0,98.0,17.0,0.0,73.0,51.8,24.4,97.7,0.0,0.0,0.0,Yes,No,No,No,No,Yes,No,0,0,0,0,0,0,0,0,0,0,0,0,0,0,0,0,0,0,0,0,0,0,0,0,0,0,0,0,0,0,3932,4219,3972,116,32.0,17.593,90.576,100.0,0.000,0.0,57.4,59.7,53.6,53.5,53.5,53.5,57.4,58.1,55.0,54.7,54.7,54.7,17.43,18.19,17.21,17.21,18.31,18.31,17.23,0.20,4.64,12.78,0.26,0,0,0.0,0.0,1355,21,0.1,0.2,0,
9.6.2026,12:25:52.302,12253,28418,30.1,9782,22185,30.6,0.0,8704,2,0.941,0.950,0.940,0.940,0.940,0.940,0.940,0.940,0.940,0.940,0.940,0.940,0.940,0.940,0.940,0.940,0.940,2434.7,2333.3,4641.6,2320.8,2320.8,2320.8,2320.8,2320.8,2320.8,2379.0,2379.0,2379.0,2379.0,2379.0,2053.4,2053.4,2053.4,99.8,256.7,1906.4,896.3,3107.7,910.2,92.2,12.4,163.9,57.5,103.4,14.0,96.0,13.2,105.1,29.5,226.7,148.0,5.8,9.9,3.5,2.3,2.6,1.4,16.1,3.7,38.8,28.9,2.7,1.9,48.2,67.6,24.8,72.9,256.7,5.9,25.7,21.1,67.5,19.3,3.5,2.1,4.0,1.8,2.9,0.6,2.6,0.6,3.6,2.5,5.4,4.3,0.0,0.5,0.0,4.0,0.0,2.5,0.0,2.6,1.3,1.7,0.0,0.3,1.2,2.5,0.2,3.4,67.5,5.9,9.6,46.6,36.7,129.6,37.9,3.7,0.5,6.5,2.2,4.2,0.5,3.8,0.5,4.2,1.1,8.8,5.9,0.2,0.4,0.1,0.1,0.1,0.0,0.6,0.1,1.5,1.1,0.1,0.1,1.9,2.7,1.0,3.0,9.6,24.4,23.4,46.5,23.2,23.2,23.2,23.2,23.2,23.2,23.8,23.8,23.8,23.8,23.8,20.6,20.6,20.6,0.0,11.1,45.1,87.3,3.9,6.9,4.2,4.0,4.7,11.0,0.5,0.2,0.1,0.7,1.8,0.2,4.3,3.4,13.3,54.9,12.7,2.1,25.7,3.6,5.0,6.7,88.8,0.6,0.3,0.2,0.6,7.8,0.3,2.1,1.1,75.6,0.0,0.0,94.0,67.4,92.2,91.1,88.5,0.2,98.8,99.4,99.6,98.7,90.4,99.6,93.7,95.5,2595.3,26.00,42,42,42,84,125,766,1,79.1,78.8,77.1,72.6,70.3,74.2,76.1,70.4,71.1,70.5,70.5,70.6,71.7,68.9,68.2,68.9,68.3,69.3,68.5,69.5,68.8,70.5,71.2,69.9,78.2,74.1,78.1,80.0,77.0,0.935,1.102,1.095,10.623,12.129,10.623,31.000,6.713,36.280,0.398,1.714,2.495,0.078,0.331,0.097,0.101,0.130,0.994,0.039,0.034,0.033,0.039,0.105,0.033,0.076,0.067,9.929,13.371,30.655,1730.2,2595.3,3610.5,4639.5,2581.5,4646.2,9.8,19.4,54.6,66.3,99.9,92.7,No,No,No,1.591,0.852,1.8,3300,3600,44.5,1.110,1.125,1.815,1.800,1.020,5.110,No,No,No,49.2,1.110,1.125,1.800,1.800,1.020,5.110,0.375,No,No,No,33,33,100.0,100.0,No,No,2627,2056,0.0,0.1,0.1,0.000,0.018,26546,11970,76.9,0.720,7.000,600.0,2600.0,1200.0,100.0,0.0,0.0,0.0,0.0,0.0,0.0,0.0,0.0,0,0,16.0,145,No,No,No,79.6,74.0,83.0,0.860,20.039,19.993,20.085,88.595,49.265,10.036,73.515,14.657,83.594,4.600,64.294,94.159,55.000,115.000,2377.0,1500.1,2062.0,2343.1,2145.0,98.0,19.0,0.0,70.0,51.8,24.4,97.5,0.0,0.0,0.0,Yes,No,No,No,No,Yes,No,0,0,0,0,0,0,0,0,0,0,0,0,0,0,0,0,0,0,0,0,0,0,0,0,0,0,0,0,0,0,3932,4219,3972,116,32.0,17.593,90.576,100.0,0.000,0.0,57.5,60.1,54.6,54.2,54.2,54.2,57.6,58.1,56.2,56.1,56.1,56.1,17.37,17.79,17.20,17.19,17.82,17.82,17.26,0.11,4.57,12.79,0.14,0,0,0.0,0.0,1355,21,0.9,0.1,0,
9.6.2026,12:25:54.311,12283,28387,30.2,9782,22185,30.6,0.0,8704,2,0.927,0.950,0.925,0.925,0.925,0.925,0.925,0.925,0.925,0.925,0.925,0.925,0.925,0.925,0.925,0.925,0.925,2770.3,2333.3,4591.7,2295.9,4591.7,2295.9,2295.9,2295.9,4591.7,2379.0,2379.0,2379.0,2379.0,2379.0,2379.0,2379.0,2379.0,99.8,300.8,2597.1,2047.5,2210.8,1095.7,111.6,14.6,186.0,66.3,111.0,11.0,123.9,31.6,128.5,32.9,237.3,165.9,16.1,9.1,2.7,6.2,2.5,1.4,22.6,7.4,73.4,58.2,2.9,1.2,67.0,70.4,31.4,80.3,300.8,5.9,15.7,45.8,48.3,25.0,3.0,0.4,6.1,1.8,4.5,0.3,4.9,0.8,4.1,0.1,7.0,4.6,0.4,0.2,0.1,0.2,1.6,1.6,0.8,1.0,1.0,0.6,0.1,0.1,2.3,3.8,1.0,2.6,48.3,5.9,9.9,28.2,84.9,92.1,45.5,4.5,0.5,7.4,2.6,4.5,0.4,5.0,1.2,5.1,1.3,9.3,6.6,0.7,0.4,0.1,0.2,0.1,0.0,0.9,0.3,3.0,2.3,0.1,0.0,2.7,2.8,1.3,3.3,9.9,27.8,23.4,46.0,23.0,46.0,23.0,23.0,23.0,46.0,23.8,23.8,23.8,23.8,23.8,23.8,23.8,23.8,0.0,11.6,59.3,73.3,4.5,7.9,4.5,5.4,5.6,11.8,0.7,0.3,0.1,1.0,2.6,0.2,4.9,3.8,13.6,40.7,26.7,3.4,30.0,3.0,4.8,10.0,86.7,0.6,0.3,0.4,1.2,5.8,0.2,1.4,1.8,74.8,0.0,0.1,92.1,62.1,92.5,89.8,84.4,1.5,98.7,99.4,99.4,97.8,91.6,99.6,93.7,94.4,2595.3,26.00,42,42,42,84,125,766,1,79.4,79.0,77.6,72.6,70.5,75.4,75.0,70.8,71.1,70.8,70.6,70.9,71.7,68.9,68.3,69.0,68.5,69.4,68.7,69.6,69.0,70.7,71.3,70.0,79.2,74.3,78.1,80.0,77.0,0.923,1.102,1.096,10.745,12.138,10.740,38.750,6.718,36.249,0.396,1.948,2.142,0.093,0.372,0.086,0.118,0.164,0.966,0.042,0.035,0.034,0.045,0.120,0.033,0.073,0.073,9.918,13.378,30.656,1730.2,2595.3,3615.4,4603.8,2627.0,4610.3,9.9,24.2,54.6,66.1,99.9,92.9,No,No,No,1.581,0.820,1.9,3300,3600,44.5,1.110,1.125,1.815,1.800,1.020,5.110,No,No,No,49.2,1.110,1.125,1.815,1.800,1.020,5.110,0.125,No,No,No,33,33,100.0,100.0,No,No,2627,2056,0.0,0.1,0.1,0.000,0.053,26546,11970,77.0,0.720,8.000,600.0,2600.0,1200.0,100.0,0.0,0.0,0.0,0.0,0.0,0.0,0.0,0.0,0,0,16.0,145,No,No,No,80.1,74.0,83.0,0.860,20.047,20.002,20.092,86.562,46.857,10.381,71.072,15.000,81.492,4.600,61.666,83.787,55.000,115.000,2370.0,1500.1,2055.0,2342.6,2145.0,97.0,17.0,0.0,63.0,52.1,24.5,98.1,0.0,0.0,0.0,Yes,No,No,No,No,Yes,No,0,0,0,0,0,0,0,0,0,0,0,0,0,0,0,0,0,0,0,0,0,0,0,0,0,0,0,0,0,0,3908,4243,3996,113,32.0,17.592,90.576,100.0,0.000,0.0,58.7,64.8,55.3,54.9,54.9,54.9,58.6,61.2,56.4,56.3,56.3,56.3,17.06,17.73,15.90,15.78,17.74,17.74,16.88,0.21,4.88,12.18,0.28,0,0,0.0,0.0,1355,21,0.1,0.2,0,
9.6.2026,12:25:56.311,12280,28391,30.1,9780,22186,30.5,0.0,8704,2,0.940,0.940,0.940,0.940,0.940,0.940,0.940,0.940,0.940,0.940,0.940,0.940,0.940,0.940,0.940,0.940,0.940,2785.1,4641.6,4641.6,2320.8,2320.8,2320.8,2320.8,2320.8,4641.6,2379.0,2379.0,2379.0,2379.0,2379.0,2379.0,2379.0,2379.0,99.8,276.8,1913.7,1233.8,378.9,3703.7,114.3,14.8,175.4,75.7,115.7,14.9,124.3,11.7,134.1,27.5,260.0,169.7,14.8,4.7,3.4,1.6,1.9,1.1,15.4,2.6,34.4,21.4,2.3,1.6,62.1,106.2,21.0,94.7,276.8,5.6,17.7,28.6,7.9,81.0,4.2,0.0,4.4,1.5,3.5,0.0,3.6,0.6,3.7,1.0,6.2,4.1,0.0,0.4,0.0,0.0,0.0,0.0,0.0,0.0,1.2,0.8,0.0,0.0,2.2,3.6,0.1,3.5,81.0,5.6,9.9,32.0,50.8,15.7,154.5,4.6,0.6,6.9,3.0,4.7,0.6,5.0,0.4,5.3,1.0,10.2,6.8,0.6,0.2,0.1,0.1,0.1,0.0,0.6,0.1,1.3,0.8,0.1,0.1,2.5,4.3,0.8,3.9,9.9,27.9,46.5,46.5,23.2,23.2,23.2,23.2,23.2,46.5,23.8,23.8,23.8,23.8,23.8,23.8,23.8,23.8,0.0,11.8,46.0,89.2,4.7,7.7,4.7,5.0,5.5,12.4,0.6,0.2,0.1,0.7,1.5,0.1,5.7,4.1,12.8,54.0,10.8,2.2,27.9,2.5,3.6,9.1,87.0,0.4,0.3,0.2,0.8,2.9,0.2,1.9,1.6,75.4,0.0,0.0,93.1,64.3,92.8,91.4,85.4,0.6,99.0,99.5,99.7,98.6,95.6,99.7,92.4,94.3,2595.3,26.00,42,42,42,84,125,766,1,79.4,79.0,76.6,73.1,70.6,74.2,76.4,70.7,71.3,70.7,70.7,70.9,71.9,69.1,68.4,69.1,68.6,69.5,68.8,69.8,69.1,70.8,71.4,70.1,78.2,74.4,78.1,80.0,77.0,0.924,1.102,1.096,10.633,12.146,10.637,30.250,6.714,36.220,0.391,1.630,2.481,0.083,0.350,0.084,0.097,0.154,0.983,0.039,0.033,0.032,0.040,0.065,0.032,0.086,0.070,9.820,13.387,30.563,1730.2,2595.3,3601.1,4602.1,2600.0,4609.5,9.8,18.9,54.4,66.0,99.9,92.9,No,No,No,1.506,0.803,1.9,3300,3600,44.8,1.110,1.125,1.815,1.800,1.020,5.110,No,No,No,49.2,1.110,1.125,1.815,1.800,0.990,5.110,0.375,No,No,No,33,33,100.0,100.0,No,No,2627,2056,0.0,0.0,0.0,0.000,0.006,26546,11970,77.1,0.720,22.000,600.0,2600.0,1200.0,100.0,0.0,0.0,0.0,0.0,0.0,0.0,0.0,0.0,0,0,16.0,145,No,No,No,80.3,74.0,83.0,0.860,20.034,19.989,20.080,86.550,40.814,10.514,72.388,15.138,82.951,4.600,65.414,34.692,55.000,115.000,2370.0,1500.1,2062.0,2342.8,2145.0,98.0,17.0,0.0,66.0,52.2,24.4,97.8,0.0,0.0,0.0,Yes,No,No,No,No,Yes,No,0,0,0,0,0,0,0,0,0,0,0,0,0,0,0,0,0,0,0,0,0,0,0,0,0,0,0,0,0,0,3900,4251,4004,113,32.0,17.592,90.576,100.0,0.000,0.0,57.8,63.9,53.3,52.1,52.0,52.0,57.7,58.2,57.3,57.2,57.2,57.2,17.33,17.49,17.21,17.21,17.53,17.53,17.25,0.08,5.06,12.27,0.06,0,0,0.0,0.0,1355,21,0.2,0.1,0,
9.6.2026,12:25:58.308,12280,28390,30.1,9780,22186,30.5,0.0,8704,2,0.920,0.925,0.920,0.920,0.920,0.920,0.920,0.920,0.920,0.920,0.920,0.920,0.920,0.920,0.920,0.920,0.920,2767.9,2295.9,4591.7,2295.9,2295.9,2295.9,4591.7,2295.9,4591.7,2379.0,2379.0,2379.0,2379.0,2379.0,2379.0,2379.0,2379.0,99.8,274.4,1788.9,1239.0,2147.9,1941.5,120.2,21.8,176.7,87.4,117.7,12.6,129.2,19.1,132.6,27.2,250.0,191.9,8.7,9.9,5.1,2.3,2.7,1.6,30.0,3.0,31.8,21.8,2.3,1.4,68.0,72.6,32.7,82.4,274.4,6.7,15.8,29.2,46.9,42.4,4.5,3.3,5.5,2.8,4.4,0.0,4.7,0.9,4.7,1.2,6.9,5.6,0.0,0.8,0.0,0.5,0.0,0.0,2.2,13.3,1.3,1.0,0.0,8.3,2.7,1.3,2.3,1.6,46.9,6.7,9.8,26.8,51.0,89.6,81.0,4.9,0.9,7.0,3.5,4.8,0.5,5.2,0.7,5.3,1.0,9.8,7.7,0.3,0.4,0.2,0.1,0.1,0.1,1.2,0.1,1.2,0.8,0.1,0.1,2.8,3.0,1.3,3.4,9.8,27.7,23.0,46.0,23.0,23.0,23.0,46.0,23.0,46.0,23.8,23.8,23.8,23.8,23.8,23.8,23.8,23.8,0.0,11.6,43.0,89.7,4.9,8.2,4.7,5.1,5.5,12.6,0.6,0.2,0.2,1.1,1.5,0.1,4.9,3.9,13.3,57.0,10.3,2.3,26.8,3.4,5.2,9.6,87.3,1.1,0.7,0.5,1.1,4.5,0.2,1.6,1.1,75.1,0.0,0.0,92.8,65.0,91.9,89.7,84.9,0.1,98.3,99.1,99.3,97.8,94.0,99.6,93.5,95.0,2595.3,26.00,42,42,42,84,125,766,1,79.4,79.0,76.1,72.6,70.6,74.1,76.4,70.7,71.4,70.8,70.9,70.9,72.1,69.2,68.5,69.2,68.6,69.6,68.9,69.9,69.1,70.8,71.4,70.2,78.8,74.9,78.1,80.1,77.0,0.921,1.102,1.096,10.662,12.144,10.666,33.250,6.712,36.186,0.389,1.591,2.434,0.088,0.354,0.092,0.117,0.158,0.987,0.043,0.037,0.035,0.045,0.078,0.032,0.074,0.066,9.819,13.385,30.558,1730.2,2595.3,3576.3,4593.1,2559.6,4601.2,9.9,20.8,54.4,65.8,100.0,93.0,No,No,No,1.507,0.796,1.9,3300,3600,44.8,1.110,1.125,1.815,1.800,1.020,5.110,No,No,No,49.2,1.110,1.125,1.815,1.800,1.020,5.040,0.125,No,No,No,33,33,100.0,100.0,No,No,2627,2056,0.0,0.0,0.0,0.000,0.000,26546,11970,77.2,0.720,7.000,600.0,2600.0,1200.0,100.0,0.0,0.0,0.0,0.0,0.0,0.0,0.0,0.0,0,0,16.0,145,No,No,No,79.5,74.0,83.0,0.860,20.048,20.003,20.092,85.520,46.614,10.622,68.879,15.227,79.546,4.600,60.767,86.656,55.000,115.000,2370.0,1500.1,2062.0,2342.1,2145.0,97.0,17.0,0.0,62.0,52.2,24.3,97.4,0.0,0.0,0.0,Yes,No,No,No,No,Yes,No,0,0,0,0,0,0,0,0,0,0,0,0,0,0,0,0,0,0,0,0,0,0,0,0,0,0,0,0,0,0,3900,4251,4004,113,32.0,17.592,90.576,100.0,0.000,0.0,56.4,59.5,52.7,52.4,52.3,52.3,56.4,57.2,54.9,54.8,54.8,54.8,17.72,18.21,17.48,17.47,18.22,18.22,17.52,0.21,5.06,12.66,0.26,0,0,0.0,0.0,1355,21,0.2,0.2,0,
9.6.2026,12:26:0.300,12279,28391,30.1,9777,22189,30.5,0.0,8704,2,0.927,0.935,0.930,0.930,0.930,0.930,0.930,0.925,0.925,0.925,0.925,0.925,0.925,0.925,0.925,0.920,0.920,2728.0,2308.3,4591.7,2295.9,4591.7,2295.9,2295.9,2295.9,4591.7,2379.0,2379.0,2379.0,2379.0,2379.0,2379.0,2053.4,2053.4,99.8,263.8,1941.1,963.1,3790.6,133.6,110.2,9.1,157.9,78.1,119.4,11.1,130.1,11.8,131.1,30.7,251.8,180.2,12.5,9.3,3.2,2.7,2.3,1.5,25.0,3.7,39.1,24.9,2.0,1.2,69.3,79.2,29.6,87.3,263.8,5.7,25.0,22.7,83.1,1.8,4.0,0.0,4.7,1.5,4.2,1.3,4.5,0.0,4.4,0.2,6.7,5.1,0.6,0.0,0.3,0.0,0.3,1.0,0.0,0.3,0.5,0.0,0.3,0.3,1.7,3.5,0.0,3.8,83.1,5.7,9.8,45.1,39.5,158.1,5.5,4.5,0.3,6.2,3.1,4.8,0.4,5.3,0.4,5.2,1.2,9.8,7.2,0.5,0.4,0.1,0.1,0.1,0.1,1.0,0.1,1.5,0.9,0.1,0.0,2.8,3.2,1.2,3.6,9.8,27.3,23.1,46.0,23.0,46.0,23.0,23.0,23.0,46.0,23.8,23.8,23.8,23.8,23.8,23.8,20.6,20.6,0.0,11.5,46.0,86.0,4.4,7.4,4.7,5.1,5.6,12.3,0.7,0.2,0.1,1.0,1.8,0.1,5.1,4.0,12.6,54.0,14.0,2.1,24.1,2.5,3.0,7.3,85.3,0.6,0.7,0.5,0.8,4.5,0.2,1.6,1.1,75.8,0.0,0.0,93.5,68.4,92.8,91.9,87.2,2.4,98.7,99.1,99.3,98.1,93.7,99.7,93.3,94.9,2595.3,26.00,42,42,42,84,125,766,1,79.4,79.1,77.1,73.1,70.7,74.5,76.3,70.8,71.4,70.8,70.9,71.0,72.1,69.3,68.5,69.3,68.6,69.6,68.8,70.0,69.1,70.9,71.5,70.3,79.2,74.4,78.2,80.1,77.0,0.925,1.102,1.096,10.522,12.154,10.520,33.250,6.717,36.107,0.385,1.677,2.395,0.077,0.314,0.086,0.092,0.140,0.973,0.042,0.036,0.034,0.044,0.082,0.032,0.079,0.064,9.731,13.397,30.487,1730.2,2595.3,3599.5,4607.0,2591.9,4614.3,9.7,20.8,54.3,65.7,100.0,93.0,No,No,No,1.528,0.832,1.8,3300,3500,44.8,1.110,1.125,1.815,1.800,1.020,5.110,No,No,No,49.2,1.095,1.125,1.815,1.800,1.020,5.110,0.125,No,No,No,33,33,100.0,100.0,No,No,2627,2056,0.0,0.1,0.1,0.000,0.055,26546,11970,77.2,0.720,14.000,600.0,2600.0,1200.0,100.0,0.0,0.0,0.0,0.0,0.0,0.0,0.0,0.0,0,0,16.0,145,No,No,No,80.8,74.0,83.0,0.860,20.028,19.983,20.073,85.987,41.303,10.191,72.371,14.815,82.601,4.600,64.824,39.722,55.000,115.000,2370.0,1500.1,2062.0,2342.6,2145.0,98.0,17.0,0.0,63.0,52.1,24.7,98.8,0.0,0.0,0.0,Yes,No,No,No,No,Yes,No,0,0,0,0,0,0,0,0,0,0,0,0,0,0,0,0,0,0,0,0,0,0,0,0,0,0,0,0,0,0,3908,4243,3996,113,32.0,17.592,90.576,100.0,0.000,0.0,55.8,57.8,52.7,52.2,52.2,52.2,55.7,56.4,55.2,55.2,55.2,55.2,17.94,18.11,17.76,17.74,18.13,18.13,17.85,0.09,5.05,12.89,0.08,0,0,0.0,0.0,1355,21,0.2,0.1,0,
9.6.2026,12:26:2.306,12316,28355,30.2,9783,22183,30.6,0.0,8704,2,0.910,0.910,0.910,0.910,0.910,0.910,0.910,0.910,0.910,0.910,0.910,0.910,0.910,0.910,0.910,0.910,0.910,2593.0,2270.9,4541.8,2270.9,2270.9,2270.9,2270.9,2270.9,2270.9,2379.0,2379.0,2379.0,2379.0,2379.0,2379.0,4516.9,2258.4,99.8,286.8,2272.7,1590.1,531.6,3091.9,114.6,16.6,193.0,75.2,123.0,11.8,126.1,15.9,132.2,26.9,273.7,175.9,13.5,14.4,5.0,4.7,2.2,1.2,30.1,9.3,45.3,36.1,3.3,2.1,75.2,63.9,33.6,67.5,286.8,5.6,18.5,35.8,10.6,68.7,2.4,1.2,5.5,2.8,3.4,0.0,3.4,0.0,2.7,0.0,6.3,4.8,0.0,1.2,0.2,0.0,0.1,4.6,0.9,0.0,1.3,0.9,0.1,0.1,1.6,1.3,1.0,0.6,68.7,5.6,9.9,34.2,65.7,22.1,128.8,4.6,0.6,7.7,2.9,5.0,0.4,5.1,0.6,5.3,1.0,10.8,7.0,0.5,0.6,0.2,0.2,0.1,0.0,1.2,0.4,1.8,1.4,0.1,0.1,3.0,2.6,1.3,2.7,9.9,26.0,22.8,45.5,22.8,22.8,22.8,22.8,22.8,22.8,23.8,23.8,23.8,23.8,23.8,23.8,45.2,22.6,0.0,11.7,53.1,80.3,4.7,8.3,4.8,5.0,5.5,12.7,0.8,0.3,0.1,1.2,2.1,0.2,4.7,3.4,13.3,46.9,19.7,3.2,30.6,2.8,4.0,9.7,83.6,1.2,0.5,0.2,1.5,4.7,0.6,2.0,1.1,75.0,0.0,0.0,92.1,61.1,92.5,91.1,84.8,3.7,98.0,99.2,99.7,97.3,93.3,99.2,93.3,95.5,2595.3,26.00,42,42,42,84,125,766,1,79.5,79.1,77.1,73.1,70.7,75.0,75.6,71.0,71.4,70.9,70.8,71.1,72.0,69.3,68.6,69.3,68.7,69.7,68.9,70.0,69.2,70.9,71.5,70.3,78.8,74.8,78.3,80.3,77.0,0.913,1.102,1.096,10.599,12.185,10.603,36.500,6.716,36.110,0.386,1.765,2.217,0.093,0.383,0.090,0.103,0.155,0.941,0.049,0.036,0.032,0.051,0.088,0.036,0.076,0.063,9.673,13.432,30.463,1730.2,2595.3,3588.2,4567.7,2608.7,4574.7,9.8,22.8,54.3,65.6,100.0,93.1,No,No,No,1.823,0.994,1.9,3400,3600,44.8,1.125,1.125,1.815,1.800,1.020,5.110,No,No,No,49.5,1.125,1.110,1.815,1.800,1.020,5.110,0.125,No,No,No,33,33,100.0,100.0,No,No,2627,2056,0.0,0.1,0.1,0.000,0.026,26546,11970,77.3,0.720,8.000,600.0,2600.0,1200.0,100.0,0.0,0.0,0.0,0.0,0.0,0.0,0.0,0.0,0,0,16.0,145,No,No,No,79.0,74.0,83.0,0.860,20.063,20.022,20.105,82.985,44.704,9.911,65.125,14.524,75.072,4.600,59.978,83.718,55.000,115.000,2377.0,1500.1,2062.0,2342.4,2145.0,98.0,17.0,0.0,86.0,52.6,24.3,97.1,0.0,0.0,0.0,Yes,No,No,No,No,Yes,No,0,0,0,0,0,0,0,0,0,0,0,0,0,0,0,0,0,0,0,0,0,0,0,0,0,0,0,0,0,0,3867,4284,4037,119,32.0,17.592,90.576,100.0,0.000,0.0,46.3,50.0,39.6,37.2,37.0,37.0,46.3,48.1,39.8,37.2,37.0,37.0,21.60,25.06,20.79,20.77,26.99,26.99,21.22,0.38,6.83,14.77,0.84,0,0,0.0,0.0,1355,21,0.8,0.2,0,
9.6.2026,12:26:4.309,12321,28349,30.2,9784,22182,30.6,0.0,8704,2,0.925,0.920,0.925,0.925,0.925,0.925,0.925,0.925,0.925,0.925,0.925,0.925,0.925,0.925,0.925,0.925,0.925,2644.3,4566.8,4591.7,2295.9,2295.9,2295.9,2295.9,2295.9,4591.7,2379.0,2379.0,2053.4,2053.4,2053.4,2053.4,2053.4,2053.4,99.8,268.9,1951.6,1085.7,1125.4,2839.9,111.4,15.9,160.7,93.1,117.2,8.8,118.5,15.1,136.3,23.5,243.7,159.4,13.8,13.3,3.8,1.8,2.5,1.1,21.9,11.3,39.2,29.2,3.9,1.9,60.2,73.2,21.9,99.3,268.9,6.1,22.6,25.3,25.0,62.2,4.9,1.4,4.0,1.8,4.2,1.2,4.1,0.6,5.3,0.8,6.3,3.9,2.1,0.0,0.3,0.0,0.3,0.0,1.7,3.5,1.2,1.7,0.3,0.0,2.9,2.5,1.7,4.0,62.2,6.1,9.8,40.4,44.6,46.8,118.5,4.5,0.6,6.4,3.7,4.7,0.3,4.8,0.6,5.5,0.9,9.5,6.4,0.6,0.5,0.1,0.1,0.1,0.0,0.9,0.4,1.5,1.1,0.1,0.1,2.5,3.0,0.9,4.1,9.8,26.5,45.8,46.0,23.0,23.0,23.0,23.0,23.0,46.0,23.8,23.8,20.6,20.6,20.6,20.6,20.6,20.6,0.0,11.6,46.2,87.4,4.7,7.7,4.6,4.7,5.6,11.4,0.8,0.2,0.1,1.1,1.9,0.2,4.6,3.9,12.8,53.8,12.6,2.1,27.4,2.8,3.7,6.8,84.9,0.9,0.4,0.2,0.8,5.4,0.3,1.9,1.4,75.6,0.0,0.0,93.2,64.8,92.6,91.6,87.6,3.7,98.4,99.4,99.6,98.1,92.8,99.5,93.5,94.7,2595.3,26.00,42,42,42,84,125,766,1,79.5,79.1,76.6,73.1,70.7,74.5,76.3,70.9,71.4,70.9,70.9,71.0,71.9,69.3,68.6,69.3,68.8,69.7,69.0,70.0,69.3,71.0,71.6,70.4,79.0,74.6,78.4,80.4,77.0,0.918,1.102,1.096,10.490,12.174,10.485,28.750,6.716,36.033,0.384,1.644,2.398,0.081,0.346,0.084,0.095,0.130,0.933,0.045,0.034,0.032,0.045,0.088,0.033,0.076,0.073,9.622,13.418,30.397,1730.2,2595.3,3591.3,4582.4,2600.3,4589.6,9.7,18.0,54.2,65.5,100.0,93.1,No,No,No,1.719,0.954,1.9,3400,3600,44.8,1.125,1.125,1.815,1.800,1.020,5.110,No,No,No,49.5,1.125,1.125,1.800,1.800,1.020,5.110,0.500,No,No,No,33,33,100.0,100.0,No,No,2627,2056,0.0,0.1,0.1,0.000,0.114,26546,11971,77.3,0.720,7.000,600.0,2600.0,1200.0,100.0,0.0,0.0,0.0,0.0,0.0,0.0,0.0,0.0,0,0,16.0,145,No,No,No,80.8,74.0,83.0,0.860,20.041,19.996,20.086,84.454,44.339,10.118,71.461,14.730,81.608,4.600,61.558,66.296,55.000,115.000,2370.0,1500.1,2062.0,2345.1,2145.0,98.0,17.0,0.0,76.0,52.6,24.4,97.8,0.0,0.0,0.0,Yes,No,No,No,No,Yes,No,0,0,0,0,0,0,0,0,0,0,0,0,0,0,0,0,0,0,0,0,0,0,0,0,0,0,0,0,0,0,3867,4284,4037,120,32.0,17.594,90.576,100.0,0.000,0.0,47.6,50.0,44.9,44.7,44.7,44.7,47.6,48.2,46.8,46.8,46.8,46.8,20.99,21.33,20.76,20.76,21.34,21.34,20.84,0.16,6.45,14.55,0.18,0,0,0.0,0.0,1355,21,0.4,0.2,0,
9.6.2026,12:26:6.301,12319,28352,30.2,9785,22181,30.6,0.0,8704,2,0.930,0.935,0.925,0.935,0.935,0.935,0.935,0.935,0.935,0.935,0.935,0.935,0.920,0.920,0.920,0.920,0.920,2668.5,2308.3,4616.7,2295.9,4591.7,2295.9,2295.9,2295.9,4591.7,2379.0,2379.0,2379.0,2053.4,2053.4,2053.4,2053.4,2053.4,99.8,284.6,2270.4,1630.4,2971.4,610.3,108.0,17.8,146.6,63.0,112.5,11.7,114.8,12.5,133.9,22.4,196.2,218.8,6.0,15.7,2.8,1.6,1.9,0.9,9.9,4.2,47.9,127.8,2.3,1.3,55.9,79.7,18.8,90.2,284.6,6.9,17.0,37.1,65.3,13.1,2.9,0.0,4.4,1.7,3.0,0.0,3.9,0.3,4.3,1.4,5.1,5.8,0.2,9.6,0.1,7.3,0.0,14.7,0.0,4.6,1.2,3.1,0.1,8.7,1.1,2.6,0.0,2.9,65.3,6.9,9.8,30.6,67.5,123.9,25.3,4.4,0.7,5.8,2.4,4.5,0.4,4.6,0.5,5.4,0.8,7.6,8.8,0.2,0.6,0.1,0.1,0.1,0.0,0.4,0.1,1.9,5.2,0.1,0.0,2.3,3.2,0.7,3.7,9.8,26.7,23.1,46.2,23.0,46.0,23.0,23.0,23.0,46.0,23.8,23.8,23.8,20.6,20.6,20.6,20.6,20.6,0.0,11.4,52.7,79.0,4.4,6.8,4.4,4.6,5.3,11.7,0.6,0.2,0.1,0.5,4.0,0.1,4.7,3.6,12.7,47.3,21.0,2.9,22.7,2.7,2.9,6.6,85.6,0.7,0.2,0.2,0.5,5.8,0.2,1.6,1.8,75.9,0.0,0.0,92.7,70.5,92.9,92.5,88.1,2.7,98.6,99.6,99.7,98.9,90.2,99.7,93.8,94.6,2595.3,26.00,42,42,42,84,125,766,1,79.5,79.2,76.6,73.1,70.8,75.1,75.8,71.1,71.3,71.0,70.9,71.1,72.0,69.3,68.7,69.4,68.9,69.9,69.0,70.0,69.4,71.1,71.7,70.4,79.8,75.0,78.3,80.4,77.0,0.921,1.102,1.096,10.481,12.156,10.482,30.000,6.718,36.014,0.384,1.773,2.256,0.090,0.291,0.087,0.088,0.136,0.944,0.042,0.033,0.032,0.037,0.157,0.032,0.075,0.068,9.644,13.398,30.402,1730.2,2595.3,3608.5,4592.8,2624.2,4599.2,9.7,18.8,54.2,65.4,100.0,93.2,No,No,No,1.588,0.866,1.8,3400,3600,44.8,1.125,1.125,1.815,1.800,1.020,5.110,No,No,No,49.5,1.125,1.125,1.815,1.800,1.020,5.110,0.125,No,No,No,33,33,100.0,100.0,No,No,2627,2056,0.0,0.0,0.0,0.000,0.000,26546,11971,77.3,0.720,11.000,600.0,2600.0,1200.0,100.0,0.0,0.0,0.0,0.0,0.0,0.0,0.0,0.0,0,0,16.0,145,No,No,No,79.6,74.0,83.0,0.860,20.050,20.006,20.095,85.654,38.982,10.143,71.002,14.755,81.183,4.600,63.553,27.638,55.000,115.000,2370.0,1500.1,2062.0,2345.1,2145.0,98.0,16.0,0.0,67.0,52.6,24.6,98.6,0.0,0.0,0.0,Yes,No,No,No,No,Yes,No,0,0,0,0,0,0,0,0,0,0,0,0,0,0,0,0,0,0,0,0,0,0,0,0,0,0,0,0,0,0,3867,4284,4037,120,32.0,17.594,90.576,100.0,0.000,0.0,47.1,50.6,43.4,42.8,42.7,42.7,47.1,47.5,46.3,46.0,46.0,46.0,21.24,21.58,21.06,21.05,21.75,21.75,21.17,0.07,6.22,15.02,0.10,0,0,0.0,0.0,1355,21,0.2,0.2,0,
9.6.2026,12:26:8.300,12319,28351,30.2,9785,22181,30.6,0.0,8704,2,0.927,0.935,0.925,0.925,0.925,0.925,0.925,0.925,0.925,0.925,0.925,0.925,0.925,0.925,0.930,0.930,0.930,2712.3,4616.7,4591.7,2295.9,2295.9,2308.3,2308.3,2308.3,4616.7,2379.0,2379.0,2379.0,2379.0,2379.0,2053.4,2053.4,2053.4,99.8,281.6,2118.6,1609.0,3215.1,532.4,102.8,18.3,152.3,100.7,104.5,12.9,120.3,14.0,132.4,36.6,197.6,159.2,17.1,13.6,3.0,2.2,2.7,2.1,22.3,12.8,36.8,37.1,2.1,3.3,60.7,71.6,17.8,78.6,281.6,5.7,14.4,36.7,70.3,12.5,4.2,2.0,4.3,2.6,4.3,0.0,3.9,0.3,4.0,0.1,5.3,4.2,0.0,0.3,0.0,0.0,1.6,0.0,0.0,0.3,0.9,1.0,0.0,0.0,2.7,2.3,0.5,2.5,70.3,5.7,9.7,25.4,66.5,134.1,22.0,4.2,0.7,6.0,4.0,4.2,0.5,4.9,0.5,5.3,1.4,7.7,6.3,0.7,0.5,0.1,0.1,0.1,0.1,0.9,0.5,1.4,1.4,0.1,0.1,2.5,2.9,0.7,3.2,9.7,27.2,46.2,46.0,23.0,23.0,23.1,23.1,23.1,46.2,23.8,23.8,23.8,23.8,23.8,20.6,20.6,20.6,0.0,11.3,49.7,82.3,4.4,7.6,4.3,4.7,5.4,10.7,0.7,0.2,0.2,1.1,1.9,0.2,4.6,3.3,12.9,50.3,17.4,2.6,28.7,2.3,3.6,9.4,81.6,1.1,0.3,0.2,0.5,5.1,0.2,1.3,2.1,75.7,0.0,0.3,93.0,63.7,93.4,91.7,85.1,7.7,98.2,99.5,99.6,98.3,93.0,99.6,94.0,94.6,2595.3,26.00,42,42,42,84,125,766,1,79.6,79.2,77.1,73.1,70.8,74.9,76.1,71.0,71.6,71.0,71.0,71.2,72.0,69.4,68.7,69.4,68.9,69.8,69.1,70.1,69.4,71.1,71.7,70.5,79.5,74.9,78.5,80.6,77.0,0.919,1.102,1.096,10.478,12.156,10.478,32.500,6.722,36.010,0.380,1.699,2.297,0.085,0.365,0.082,0.095,0.157,0.880,0.047,0.033,0.033,0.046,0.087,0.033,0.071,0.069,9.623,13.398,30.387,1730.2,2595.3,3583.6,4586.0,2581.1,4593.4,9.7,20.3,54.2,65.4,100.0,93.2,No,No,No,1.532,0.818,1.8,3400,3600,44.8,1.125,1.125,1.815,1.800,1.020,5.110,No,No,No,49.5,1.125,1.125,1.815,1.800,1.005,5.110,0.625,No,No,No,33,33,100.0,100.0,No,No,2627,2056,0.0,0.1,0.1,0.000,0.020,26546,11971,77.4,0.720,7.000,600.0,2600.0,1200.0,100.0,0.0,0.0,0.0,0.0,0.0,0.0,0.0,0.0,0,0,16.0,145,No,No,No,80.6,74.0,83.0,0.860,20.051,20.007,20.094,86.116,46.097,9.944,69.528,14.564,79.531,4.600,57.102,87.411,55.000,115.000,2370.0,1500.1,2055.0,2343.5,2145.0,97.0,16.0,0.0,66.0,52.6,24.5,98.1,0.0,0.0,0.0,Yes,No,No,No,No,Yes,No,0,0,0,0,0,0,0,0,0,0,0,0,0,0,0,0,0,0,0,0,0,0,0,0,0,0,0,0,0,0,3867,4284,4037,118,32.0,17.594,90.576,100.0,0.000,0.0,45.9,48.5,38.2,36.0,35.8,35.8,45.9,47.1,39.1,36.4,36.1,36.1,21.81,25.59,21.26,21.25,27.73,27.73,21.41,0.39,5.87,15.94,0.83,0,0,0.0,0.0,1355,21,0.3,0.2,0,
9.6.2026,12:26:10.310,12317,28354,30.2,9784,22182,30.6,0.0,8704,2,0.942,0.940,0.945,0.945,0.945,0.945,0.945,0.945,0.945,0.940,0.940,0.940,0.940,0.940,0.940,0.940,0.940,2640.0,4641.6,4641.6,2320.8,2320.8,2320.8,2320.8,2320.8,2320.8,2379.0,2379.0,2379.0,2379.0,2379.0,2379.0,2379.0,2379.0,99.8,287.9,2423.1,1898.9,986.9,2419.4,107.0,12.7,142.1,78.4,98.8,13.1,101.6,12.6,138.2,21.6,235.1,169.5,12.0,8.1,2.7,1.7,2.1,1.0,12.0,4.2,33.7,34.7,3.5,5.4,61.0,79.5,15.8,76.5,287.9,5.6,14.0,42.3,22.1,52.8,3.5,0.0,4.0,1.9,3.3,1.8,3.3,1.0,4.2,0.5,6.0,4.3,2.5,0.9,0.0,0.0,0.0,0.0,1.0,0.0,0.8,0.8,0.0,0.0,1.1,3.2,0.4,3.1,52.8,5.6,9.5,25.5,78.7,40.9,100.8,4.3,0.5,5.6,3.1,4.0,0.5,4.1,0.5,5.6,0.8,9.2,6.8,0.5,0.3,0.1,0.1,0.1,0.0,0.5,0.1,1.3,1.3,0.1,0.2,2.5,3.2,0.6,3.1,9.5,26.4,46.5,46.5,23.2,23.2,23.2,23.2,23.2,23.2,23.8,23.8,23.8,23.8,23.8,23.8,23.8,23.8,0.0,11.1,55.2,74.8,4.2,7.0,4.0,4.1,5.3,11.5,0.6,0.2,0.1,0.6,1.8,0.3,4.7,3.1,12.1,44.8,25.2,1.9,20.0,2.3,3.1,7.5,79.0,0.7,0.3,0.2,0.6,5.0,0.5,1.2,0.9,76.8,0.0,0.0,93.9,73.1,93.7,92.8,87.1,9.5,98.8,99.5,99.7,98.8,93.2,99.2,94.1,96.0,2595.3,26.00,42,42,42,84,125,766,1,79.6,79.3,77.1,73.1,70.9,75.5,75.7,71.2,71.3,71.1,70.9,71.2,72.1,69.4,68.7,69.5,68.9,69.8,69.1,70.1,69.4,71.1,71.8,70.5,79.2,74.8,78.6,80.8,77.0,0.928,1.102,1.096,10.343,12.154,10.340,34.500,6.720,35.982,0.377,1.860,2.201,0.080,0.278,0.079,0.087,0.143,0.903,0.040,0.033,0.032,0.038,0.088,0.037,0.074,0.058,9.599,13.398,30.361,1730.2,2595.3,3604.2,4618.6,2589.7,4626.1,9.6,21.6,54.1,65.3,100.0,93.3,No,No,No,1.441,0.779,1.8,3400,3500,45.0,1.125,1.125,1.815,1.800,1.020,5.110,No,No,No,49.5,1.125,1.125,1.815,1.800,1.020,5.040,0.125,No,No,No,33,33,100.0,100.0,No,No,2627,2056,0.0,0.0,0.0,0.000,0.014,26546,11971,77.4,0.720,7.000,600.0,2600.0,1200.0,100.0,0.0,0.0,0.0,0.0,0.0,0.0,0.0,0.0,0,0,16.0,145,No,No,No,80.9,74.0,83.0,0.860,20.033,19.988,20.078,85.148,46.553,9.874,73.017,14.479,82.922,4.600,61.835,79.144,55.000,115.000,2370.0,1500.1,2055.0,2343.7,2145.0,98.0,16.0,0.0,61.0,52.6,24.5,98.1,0.0,0.0,0.0,Yes,No,No,No,No,Yes,No,0,0,0,0,0,0,0,0,0,0,0,0,0,0,0,0,0,0,0,0,0,0,0,0,0,0,0,0,0,0,3868,4283,4037,118,32.0,17.593,90.576,100.0,0.000,0.0,45.1,46.9,43.3,43.2,43.2,43.2,45.1,45.8,43.5,43.4,43.4,43.4,22.19,22.96,21.84,21.83,22.98,22.98,21.85,0.34,5.47,16.72,0.49,0,0,0.0,0.0,1355,21,0.3,0.2,0,
9.6.2026,12:26:12.300,12318,28352,30.2,9785,22181,30.6,0.0,8704,2,0.940,0.940,0.940,0.940,0.940,0.940,0.940,0.940,0.940,0.940,0.940,0.940,0.940,0.940,0.940,0.940,0.940,3361.6,2320.8,4641.6,4641.6,4641.6,4641.6,4641.6,4641.6,4641.6,2320.8,2379.0,2379.0,2379.0,2379.0,2379.0,2379.0,2379.0,99.8,259.9,1855.0,1192.3,170.4,3819.9,86.4,12.5,129.6,71.0,79.9,13.1,79.7,12.8,104.2,32.9,190.9,181.6,11.1,15.5,2.3,1.8,2.0,1.2,9.9,5.8,35.8,26.1,2.6,3.0,37.9,64.2,17.8,47.2,259.9,5.8,17.4,27.5,4.1,83.1,3.3,0.6,3.8,1.5,3.0,0.0,2.9,0.7,3.5,1.9,5.1,5.1,1.4,0.0,1.1,0.0,1.1,0.0,1.4,4.2,1.3,1.0,1.2,1.9,2.3,1.7,1.6,1.2,83.1,5.8,9.3,31.2,49.0,7.0,159.4,3.5,0.5,5.1,2.8,3.2,0.5,3.2,0.5,4.1,1.3,7.3,7.3,0.4,0.6,0.1,0.1,0.1,0.0,0.4,0.2,1.4,1.0,0.1,0.1,1.5,2.6,0.7,1.9,9.3,33.7,23.2,46.5,46.5,46.5,46.5,46.5,46.5,46.5,23.2,23.8,23.8,23.8,23.8,23.8,23.8,23.8,0.0,10.7,43.5,86.5,3.6,6.1,3.4,3.4,4.5,10.6,0.8,0.2,0.1,0.6,1.7,0.2,3.6,2.3,12.5,56.5,13.3,1.8,23.5,2.3,2.5,8.1,84.0,0.4,0.3,0.2,0.5,4.8,0.2,1.2,0.9,76.8,0.0,0.2,94.6,70.4,94.4,94.2,87.4,5.4,98.8,99.6,99.7,98.9,93.5,99.6,95.2,96.8,2595.3,26.00,42,42,42,84,125,766,1,79.8,79.4,77.1,73.1,71.0,74.7,76.6,71.1,71.6,71.1,71.0,71.2,72.2,69.7,68.7,69.7,68.9,70.0,69.1,70.3,69.4,71.3,71.8,70.7,79.2,75.0,78.6,80.9,77.0,0.934,1.102,1.096,10.307,12.154,10.312,30.000,6.721,35.990,0.382,1.665,2.450,0.072,0.306,0.074,0.076,0.143,0.946,0.042,0.033,0.032,0.038,0.084,0.033,0.065,0.053,9.620,13.397,30.382,1730.2,2595.3,3587.8,4632.5,2543.2,4640.0,9.5,18.8,54.2,65.3,100.0,93.4,No,No,No,1.389,0.754,1.7,3400,3600,45.0,1.125,1.125,1.815,1.800,1.020,5.040,No,No,No,49.5,1.095,1.125,1.815,1.800,1.020,5.040,0.500,No,No,No,33,33,100.0,100.0,No,No,2627,2056,0.0,0.1,0.1,0.000,0.008,26546,11971,77.5,0.720,8.000,600.0,2600.0,1200.0,100.0,0.0,0.0,0.0,0.0,0.0,0.0,0.0,0.0,0,0,16.0,145,No,No,No,81.4,74.0,83.0,0.860,20.033,19.988,20.078,86.347,47.542,9.814,73.025,14.436,82.881,4.600,61.842,86.196,55.000,115.000,2370.0,1500.1,2062.0,2342.9,2145.0,99.0,16.0,0.0,61.0,52.6,24.5,98.1,0.0,0.0,0.0,Yes,No,No,No,No,Yes,No,0,0,0,0,0,0,0,0,0,0,0,0,0,0,0,0,0,0,0,0,0,0,0,0,0,0,0,0,0,0,3868,4283,4037,117,32.0,17.593,90.576,100.0,0.000,0.0,47.6,52.1,44.1,43.9,43.9,43.9,47.8,51.6,45.6,45.5,45.5,45.5,20.97,21.95,19.51,19.49,21.96,21.96,20.72,0.19,4.71,16.26,0.29,0,0,0.0,0.0,1355,21,0.2,0.2,0,
9.6.2026,12:26:14.301,12316,28354,30.2,9787,22180,30.6,0.0,8704,2,0.934,0.925,0.935,0.935,0.935,0.935,0.935,0.935,0.935,0.935,0.935,0.935,0.935,0.935,0.935,0.935,0.935,2673.1,2295.9,4616.7,2308.3,4616.7,2308.3,2308.3,2308.3,4616.7,2379.0,2379.0,2379.0,2039.2,2053.4,2053.4,2053.4,2053.4,99.8,261.6,1985.8,1208.1,3652.9,132.6,81.7,13.3,147.6,64.0,87.1,10.7,88.3,15.0,104.6,37.8,225.2,154.4,15.0,4.6,3.9,4.9,2.7,1.1,9.9,12.8,69.2,57.7,2.7,1.4,20.5,77.4,17.6,59.8,261.6,5.8,20.1,27.9,80.0,1.7,2.2,0.3,4.3,1.7,2.2,0.3,2.2,0.0,2.5,0.1,5.9,3.5,0.0,0.0,0.0,1.7,0.0,12.4,0.0,0.0,1.0,0.7,0.0,9.9,0.0,2.0,0.0,2.0,80.0,5.8,9.3,36.4,49.8,152.4,5.4,3.3,0.5,5.8,2.5,3.5,0.4,3.5,0.6,4.2,1.5,8.7,6.2,0.6,0.2,0.1,0.2,0.1,0.0,0.4,0.5,2.8,2.3,0.1,0.0,0.8,3.1,0.7,2.4,9.3,26.8,23.0,46.2,23.1,46.2,23.1,23.1,23.1,46.2,23.8,23.8,23.8,20.4,20.6,20.6,20.6,20.6,0.0,10.9,46.7,83.3,3.6,6.8,3.6,3.8,4.8,11.1,0.6,0.3,0.1,0.9,2.7,0.2,3.7,2.8,13.3,53.3,16.7,2.2,29.9,3.3,3.1,8.3,85.3,1.1,0.6,0.2,0.8,5.1,0.2,1.6,1.1,75.8,0.0,0.0,94.2,63.3,93.1,93.1,86.9,3.6,98.3,99.1,99.7,98.3,92.2,99.6,94.7,96.1,2595.3,26.00,42,42,42,84,125,766,1,79.8,79.4,77.6,73.1,71.0,74.9,76.1,71.1,71.6,71.2,71.0,71.3,72.2,69.6,68.9,69.6,69.0,70.0,69.2,70.3,69.5,71.2,71.9,70.6,79.5,74.8,78.8,81.0,77.0,0.922,1.102,1.096,10.416,12.159,10.418,28.500,6.725,35.988,0.380,1.681,2.283,0.077,0.359,0.084,0.083,0.147,0.937,0.044,0.037,0.032,0.041,0.115,0.033,0.067,0.059,9.596,13.401,30.366,1730.2,2595.3,3581.5,4596.0,2567.1,4602.7,9.6,17.8,54.1,65.2,100.0,93.4,No,No,No,1.411,0.753,1.7,3400,3500,45.0,1.110,1.125,1.815,1.800,1.020,5.040,No,No,No,49.5,1.110,1.110,1.815,1.800,1.020,5.040,0.125,No,No,No,33,33,100.0,100.0,No,No,2627,2056,0.0,0.1,0.1,0.000,0.108,26546,11971,77.5,0.720,10.000,600.0,2600.0,1200.0,100.0,0.0,0.0,0.0,0.0,0.0,0.0,0.0,0.0,0,0,16.0,145,No,No,No,80.5,74.0,83.0,0.860,20.037,19.992,20.082,86.662,40.774,9.336,74.230,13.943,83.603,4.600,65.962,33.742,55.000,115.000,2370.0,1500.1,2055.0,2340.9,2145.0,97.0,15.0,0.0,58.0,52.2,24.2,96.8,0.0,0.0,0.0,Yes,No,No,No,No,Yes,No,0,0,0,0,0,0,0,0,0,0,0,0,0,0,0,0,0,0,0,0,0,0,0,0,0,0,0,0,0,0,3900,4251,4004,113,32.0,17.593,90.576,100.0,0.000,0.0,54.2,58.7,49.0,48.8,48.8,48.8,54.4,57.3,49.5,49.4,49.4,49.4,18.43,20.35,17.44,17.44,20.44,20.44,18.05,0.35,4.26,14.17,0.56,0,0,0.0,0.0,1355,21,0.5,0.1,0,
9.6.2026,12:26:16.322,12281,28389,30.1,9782,22185,30.6,0.0,8704,2,0.913,0.920,0.915,0.915,0.915,0.915,0.910,0.910,0.910,0.910,0.910,0.910,0.910,0.915,0.915,0.915,0.915,2677.9,4591.7,4566.8,2270.9,2270.9,2283.4,2283.4,2283.4,4566.8,2379.0,2379.0,2379.0,2379.0,2053.4,2053.4,2053.4,2053.4,99.8,278.6,2541.2,1756.2,1644.6,1542.6,102.8,21.6,150.4,68.9,98.5,9.4,112.9,19.7,139.7,34.0,189.7,170.4,10.7,4.6,3.0,1.7,1.9,1.0,9.2,14.4,44.5,22.1,2.2,1.0,27.1,90.2,26.9,52.0,278.6,5.9,20.9,39.6,35.4,35.3,4.4,0.5,4.4,2.6,4.2,0.2,4.6,0.0,5.2,0.8,4.3,5.4,0.0,2.4,0.1,0.0,0.0,0.0,1.0,2.8,0.5,0.5,0.1,0.0,2.3,4.7,2.4,2.5,39.6,5.9,9.4,38.3,72.8,68.4,64.0,4.2,0.8,5.9,2.7,4.0,0.3,4.5,0.7,5.6,1.3,7.3,6.7,0.4,0.2,0.1,0.1,0.1,0.0,0.4,0.6,1.8,0.8,0.1,0.0,1.1,3.7,1.1,2.1,9.4,26.8,46.0,45.8,22.8,22.8,22.9,22.9,22.9,45.8,23.8,23.8,23.8,23.8,20.6,20.6,20.6,20.6,0.0,11.1,58.2,70.9,4.6,7.1,4.1,4.8,5.8,10.8,0.5,0.2,0.1,0.8,1.9,0.1,4.3,2.8,13.2,41.8,29.0,2.3,24.6,3.1,4.7,9.3,87.1,0.5,0.3,0.2,0.5,4.6,0.2,1.6,1.8,75.7,0.0,0.1,93.1,68.2,92.8,90.5,84.8,2.2,99.0,99.5,99.7,98.6,93.5,99.7,94.0,95.3,2595.3,26.00,42,42,42,84,125,766,1,79.8,79.5,76.6,73.1,71.0,75.7,75.3,71.4,71.4,71.3,71.0,71.5,72.2,69.6,68.9,69.7,69.0,70.0,69.2,70.4,69.5,71.3,71.9,70.7,79.5,75.1,78.8,81.0,77.0,0.915,1.102,1.096,10.471,12.172,10.466,34.500,6.725,35.968,0.375,1.866,2.049,0.090,0.315,0.085,0.108,0.162,0.933,0.038,0.033,0.032,0.040,0.082,0.032,0.071,0.066,9.582,13.417,30.367,1730.2,2595.3,3574.4,4577.4,2571.4,4584.8,9.7,21.6,54.1,65.2,100.0,93.5,No,No,No,1.431,0.735,1.8,3400,3500,45.0,1.110,1.110,1.815,1.800,1.020,5.040,No,No,No,49.8,1.110,1.110,1.800,1.800,1.020,5.040,0.375,No,No,No,33,33,100.0,100.0,No,No,2627,2056,0.0,0.1,0.1,0.000,0.020,26546,11971,77.6,0.720,8.000,600.0,2600.0,1200.0,100.0,0.0,0.0,0.0,0.0,0.0,0.0,0.0,0.0,0,0,16.0,145,No,No,No,81.5,74.0,83.0,0.860,20.030,19.984,20.077,89.793,49.971,9.192,77.825,13.801,87.033,4.600,66.217,91.130,55.000,115.000,2362.0,1500.1,2055.0,2340.2,2145.0,98.0,16.0,0.0,60.0,51.4,24.4,97.6,0.0,0.0,0.0,Yes,No,No,No,No,Yes,No,0,0,0,0,0,0,0,0,0,0,0,0,0,0,0,0,0,0,0,0,0,0,0,0,0,0,0,0,0,0,3965,4186,3940,111,32.0,17.592,90.576,100.0,0.000,0.0,63.6,68.4,59.2,58.7,58.7,58.7,63.6,64.2,61.9,61.8,61.8,61.8,15.72,16.15,15.57,15.56,16.19,16.19,15.60,0.13,3.98,11.74,0.15,0,0,0.0,0.0,1355,21,0.1,0.2,0,
9.6.2026,12:26:18.292,8225,32445,20.2,6753,25213,21.1,0.0,8704,2,0.822,0.725,0.740,0.740,0.740,0.655,0.655,0.655,0.655,0.655,0.655,0.655,1.125,1.125,1.125,1.125,1.125,2238.9,2053.4,2379.0,2379.0,2379.0,2307.0,2307.0,2307.0,2307.0,2379.0,2379.0,2379.0,2053.4,2053.4,2053.4,2053.4,2053.4,99.8,371.7,2077.5,1711.9,777.0,1266.2,84.3,68.0,328.6,365.8,462.2,408.5,179.0,199.6,236.9,218.2,550.0,622.7,204.4,59.6,28.4,23.8,15.9,12.2,44.9,48.2,955.9,749.2,7.7,10.0,39.5,63.7,24.2,50.1,371.7,9.3,15.0,42.2,21.0,31.0,0.0,2.7,7.6,9.4,9.7,10.7,4.5,4.9,5.1,6.1,14.5,16.3,5.5,0.0,1.0,11.2,0.6,15.1,0.0,4.5,28.0,20.9,0.4,9.0,0.5,0.5,0.0,0.9,42.2,9.3,13.2,24.3,70.4,31.6,52.2,3.3,2.6,13.0,14.5,18.9,16.7,7.1,7.8,9.3,8.6,22.0,25.2,8.5,2.4,1.1,0.9,0.6,0.5,1.8,1.9,39.1,30.5,0.3,0.4,1.5,2.5,0.9,2.0,13.2,22.4,20.6,23.8,23.8,23.8,23.1,23.1,23.1,23.1,23.8,23.8,23.8,20.6,20.6,20.6,20.6,20.6,0.0,15.6,54.7,53.2,4.4,18.5,15.1,10.4,12.2,27.8,5.9,1.4,0.7,2.0,37.8,0.5,3.2,2.1,21.9,41.5,35.5,13.3,42.3,21.8,29.4,39.3,57.6,8.2,6.5,3.1,5.2,29.1,3.1,8.0,6.3,62.5,3.8,11.2,82.3,39.2,63.1,60.3,48.5,14.6,85.9,92.1,96.2,92.9,33.1,96.3,88.9,91.5,2595.3,26.00,42,42,42,84,125,766,1,79.8,79.3,78.5,73.1,71.1,73.9,72.8,71.3,71.6,72.2,71.3,72.1,72.1,69.8,69.1,70.0,69.2,71.9,69.5,70.4,69.7,71.0,71.4,70.5,78.2,74.3,79.3,81.0,77.0,0.793,1.102,1.096,11.414,12.245,11.427,36.500,6.732,35.628,0.442,1.370,1.290,0.160,0.578,0.494,0.353,0.446,0.910,0.151,0.075,0.045,0.077,0.893,0.042,0.107,0.087,9.062,13.491,29.928,1730.2,2595.3,3455.2,3852.0,3058.5,4130.0,10.6,22.8,53.5,65.3,100.0,93.3,No,No,No,1.643,1.170,2.5,3400,3500,45.0,1.110,1.110,1.815,1.800,1.020,5.040,No,No,No,49.8,1.110,1.110,1.815,1.800,1.020,5.040,0.125,No,No,No,33,33,100.0,100.0,No,No,2627,2056,0.0,2.7,2.7,0.055,3.304,26546,11977,77.4,0.720,1.000,600.0,1600.0,400.0,100.0,0.0,0.0,0.0,0.0,0.0,0.0,0.0,0.0,0,0,16.0,145,No,No,No,70.1,74.0,83.0,0.730,20.245,20.238,20.252,16.518,7.414,3.036,8.890,7.636,11.928,4.600,8.863,6.947,55.000,115.000,1852.0,1375.1,1365.0,2004.6,1417.0,13.0,5.0,0.0,12.0,14.6,1.0,4.0,0.0,0.0,0.0,Yes,No,No,No,No,Yes,No,0,0,0,0,0,0,0,0,0,0,0,0,0,0,0,0,0,0,0,0,0,0,0,0,0,0,0,0,0,0,6960,1191,942,93,32.0,17.592,90.576,100.0,0.000,0.0,168.2,287.2,119.6,117.5,117.2,117.2,165.0,166.1,163.8,163.7,163.7,163.7,6.01,6.43,4.82,4.48,6.45,6.45,0.76,5.24,1.74,4.27,0.19,0,0,0.0,0.0,1355,21,0.3,4.6,0,
9.6.2026,12:26:20.308,8210,32460,20.1,6740,25226,21.0,0.0,8704,2,1.125,0.715,0.675,0.675,0.675,1.265,1.265,1.265,1.265,1.265,1.265,1.265,1.280,1.280,1.280,1.280,1.280,2274.9,2379.0,2373.5,2373.5,2373.5,2373.5,2373.5,2373.5,2373.5,2379.0,2379.0,2379.0,2053.4,2053.4,2053.4,2053.4,2053.4,99.8,37.7,331.7,224.9,93.5,223.6,4.5,6.9,9.9,13.5,4.0,10.9,13.5,19.5,7.7,17.1,25.2,24.6,22.8,7.2,1.7,0.7,1.0,0.6,1.5,0.8,78.2,47.6,1.2,0.9,3.3,2.3,2.7,2.2,37.7,1.0,4.2,5.1,2.9,5.7,1.9,0.0,0.5,0.6,1.9,0.0,0.0,2.3,0.5,0.0,0.9,0.9,0.0,1.2,0.0,0.3,0.3,0.3,0.0,0.0,0.4,0.0,0.3,0.3,0.0,0.0,0.0,0.0,5.7,1.0,1.3,7.6,9.0,3.6,8.8,0.2,0.3,0.4,0.5,0.1,0.4,0.5,0.8,0.3,0.7,0.9,0.9,0.9,0.3,0.1,0.0,0.0,0.0,0.1,0.0,3.0,1.9,0.0,0.0,0.1,0.1,0.1,0.1,1.3,22.8,23.8,23.8,23.8,23.8,23.8,23.8,23.8,23.8,23.8,23.8,23.8,20.6,20.6,20.6,20.6,20.6,28.5,1.7,9.2,8.4,0.4,0.7,0.5,1.0,0.7,1.6,0.8,0.1,0.1,0.1,2.9,0.1,0.2,0.2,4.3,12.8,32.6,0.4,3.0,1.6,1.5,1.9,6.1,0.8,0.1,0.1,0.1,8.0,0.1,0.2,0.3,94.0,78.1,59.0,99.2,96.4,97.9,97.6,97.5,92.4,98.5,99.8,99.9,99.8,89.2,99.8,99.6,99.5,1597.1,16.00,26,26,26,52,77,471,1,79.9,77.7,81.5,69.6,68.7,71.3,69.4,68.9,68.3,69.3,68.2,69.4,68.4,67.5,68.1,67.8,68.2,68.4,68.6,68.5,68.8,69.1,69.2,68.9,75.2,71.4,76.4,80.1,77.0,0.776,0.969,1.096,5.464,8.169,5.464,35.750,5.518,24.110,0.147,0.694,0.665,0.044,0.073,0.059,0.071,0.069,0.141,0.064,0.034,0.033,0.034,0.272,0.034,0.036,0.037,5.547,8.246,19.839,1660.2,2070.6,1876.3,2154.5,1598.2,5332.0,5.1,22.3,23.5,37.0,49.9,91.4,No,No,No,0.396,0.184,0.3,3400,3600,45.0,1.110,1.110,1.815,1.800,1.020,5.040,No,No,No,49.8,1.110,1.110,1.815,1.800,0.990,5.040,0.125,No,No,No,33,33,100.0,100.0,No,No,2627,2056,0.0,0.2,0.2,0.000,0.207,26546,11978,74.8,0.720,1.000,600.0,1600.0,400.0,100.0,0.0,0.0,0.0,0.0,0.0,0.0,0.0,0.0,0,0,16.0,145,No,No,No,68.1,72.0,83.0,0.685,20.267,20.262,20.272,12.637,6.973,2.918,5.068,7.524,7.967,4.600,10.426,10.309,55.000,115.000,1537.0,1500.1,1455.0,1542.2,1500.0,1.0,1.0,0.0,6.0,14.6,0.2,0.9,0.0,0.0,0.0,Yes,No,No,No,No,Yes,No,0,0,0,0,0,0,0,0,0,0,0,0,0,0,0,0,0,0,0,0,0,0,0,0,0,0,0,0,0,0,6960,1191,942,93,32.0,17.594,90.576,100.0,0.000,0.0,1.3,46.6,0.6,0.6,0.6,0.6,1.3,45.8,0.6,0.6,0.6,0.6,793.72,1566.00,21.44,7.26,1581.76,1581.76,0.45,793.23,793.72,0.00,1575.68,0,0,0.0,0.0,1355,21,0.1,0.2,0,
9.6.2026,12:26:22.296,8189,32482,20.1,6714,25252,21.0,0.0,8704,2,1.050,0.675,0.670,0.670,0.670,0.670,0.670,1.275,1.275,1.275,1.275,1.275,1.275,1.275,1.275,1.285,1.285,2521.3,2379.0,5340.4,2373.5,2373.5,2373.5,2373.5,2373.5,2373.5,2379.0,2379.0,2379.0,2379.0,2379.0,2379.0,2053.4,2053.4,99.8,47.8,400.2,302.2,142.9,273.0,5.6,3.8,25.2,41.3,9.2,12.5,10.5,12.6,26.4,17.8,47.0,56.6,7.7,9.6,1.4,1.5,1.2,0.8,1.9,1.2,38.7,65.1,1.5,1.5,2.7,1.6,2.5,3.6,47.8,1.7,3.3,7.0,3.1,6.4,0.5,0.0,1.6,0.4,0.0,4.4,0.0,0.6,0.9,0.0,1.3,1.6,2.7,0.0,1.1,0.3,0.3,0.3,9.5,1.1,2.0,4.0,0.3,0.3,0.0,1.1,0.0,0.0,9.5,1.7,1.5,5.9,11.9,5.5,10.5,0.2,0.1,0.9,1.6,0.4,0.5,0.4,0.5,1.0,0.7,1.8,2.2,0.3,0.4,0.1,0.1,0.0,0.0,0.1,0.0,1.5,2.6,0.1,0.1,0.1,0.1,0.1,0.1,1.5,25.3,23.8,53.5,23.8,23.8,23.8,23.8,23.8,23.8,23.8,23.8,23.8,23.8,23.8,23.8,20.6,20.6,16.2,2.0,10.7,11.0,0.3,1.7,0.7,0.7,1.1,2.7,0.5,0.1,0.1,0.1,2.3,0.1,0.2,0.2,7.8,36.6,56.6,1.4,5.6,2.0,3.1,3.3,8.8,0.6,0.2,0.0,0.1,5.9,0.3,0.2,0.1,90.2,52.8,32.5,98.3,92.7,97.3,96.2,95.6,88.5,98.9,99.7,99.9,99.8,91.9,99.6,99.7,99.7,2595.3,26.00,42,42,42,84,125,766,1,79.5,76.2,82.0,71.1,67.7,70.5,69.0,67.8,67.5,68.3,67.2,68.4,67.5,66.3,67.2,66.6,67.4,67.1,67.8,67.3,67.9,68.1,68.3,68.0,77.2,72.0,75.8,79.3,77.0,0.877,0.911,1.096,6.779,7.619,6.779,44.750,5.904,25.094,0.241,1.113,1.262,0.068,0.211,0.096,0.121,0.150,0.294,0.055,0.043,0.040,0.043,0.220,0.049,0.044,0.045,7.522,7.179,21.173,1630.7,1849.3,2454.7,2918.0,1991.5,5337.9,6.3,28.0,24.6,32.9,49.7,89.6,No,No,No,0.358,0.086,0.3,3300,3500,45.0,1.110,1.110,1.815,1.800,1.020,5.040,No,No,No,49.8,1.110,1.110,1.815,1.800,1.020,5.040,0.125,No,No,No,33,33,100.0,100.0,No,No,2627,2056,0.0,0.0,0.0,0.000,0.018,26546,11978,73.3,0.720,1.000,600.0,2600.0,400.0,100.0,0.0,0.0,0.0,0.0,0.0,0.0,0.0,0.0,0,0,16.0,145,No,No,No,66.9,72.0,83.0,0.685,20.191,20.184,20.197,12.912,5.145,2.886,5.621,7.492,8.503,4.600,0.000,6.916,55.000,115.000,1537.0,1500.1,1455.0,1541.1,1500.0,0.0,1.0,0.0,5.0,14.6,0.0,0.0,0.0,0.0,0.0,Yes,No,No,No,No,Yes,No,0,0,0,0,0,0,0,0,0,0,0,0,0,0,0,0,0,0,0,0,0,0,0,0,0,0,0,0,0,0,6960,1191,942,93,32.0,17.594,90.576,100.0,0.000,0.0,4.2,354.0,0.5,0.5,0.5,0.5,4.2,165.5,0.5,0.5,0.5,0.5,240.25,1851.03,2.82,2.62,2000.66,2000.66,0.39,239.86,240.25,0.00,469.32,0,0,0.0,0.0,1355,21,0.1,0.2,0,
Date,Time,"Virtual Memory Committed [MB]","Virtual Memory Available [MB]","Virtual Memory Load [%]","Physical Memory Used [MB]","Physical Memory Available [MB]","Physical Memory Load [%]","Page File Usage [%]","Page File Total [MB]","Page File Used [MB]","Core VIDs (avg) [V]","Core 0 VID [V]","Core 1 VID [V]","Core 2 VID [V]","Core 3 VID [V]","Core 4 VID [V]","Core 5 VID [V]","Core 6 VID [V]","Core 7 VID [V]","Core 8 VID [V]","Core 9 VID [V]","Core 10 VID [V]","Core 11 VID [V]","Core 12 VID [V]","Core 13 VID [V]","Core 14 VID [V]","Core 15 VID [V]","Core Clocks (avg) [MHz]","Core 0 Clock (perf #1/2) [MHz]","Core 1 Clock (perf #1/1) [MHz]","Core 2 Clock (perf #7/8) [MHz]","Core 3 Clock (perf #3/4) [MHz]","Core 4 Clock (perf #6/7) [MHz]","Core 5 Clock (perf #5/6) [MHz]","Core 6 Clock (perf #4/5) [MHz]","Core 7 Clock (perf #2/3) [MHz]","Core 8 Clock (perf #11/12) [MHz]","Core 9 Clock (perf #12/13) [MHz]","Core 10 Clock (perf #14/15) [MHz]","Core 11 Clock (perf #10/11) [MHz]","Core 12 Clock (perf #15/16) [MHz]","Core 13 Clock (perf #13/14) [MHz]","Core 14 Clock (perf #8/9) [MHz]","Core 15 Clock (perf #9/10) [MHz]","Bus Clock [MHz]","Core Effective Clocks (avg) [MHz]","Core 0 T0 Effective Clock [MHz]","Core 0 T1 Effective Clock [MHz]","Core 1 T0 Effective Clock [MHz]","Core 1 T1 Effective Clock [MHz]","Core 2 T0 Effective Clock [MHz]","Core 2 T1 Effective Clock [MHz]","Core 3 T0 Effective Clock [MHz]","Core 3 T1 Effective Clock [MHz]","Core 4 T0 Effective Clock [MHz]","Core 4 T1 Effective Clock [MHz]","Core 5 T0 Effective Clock [MHz]","Core 5 T1 Effective Clock [MHz]","Core 6 T0 Effective Clock [MHz]","Core 6 T1 Effective Clock [MHz]","Core 7 T0 Effective Clock [MHz]","Core 7 T1 Effective Clock [MHz]","Core 8 T0 Effective Clock [MHz]","Core 8 T1 Effective Clock [MHz]","Core 9 T0 Effective Clock [MHz]","Core 9 T1 Effective Clock [MHz]","Core 10 T0 Effective Clock [MHz]","Core 10 T1 Effective Clock [MHz]","Core 11 T0 Effective Clock [MHz]","Core 11 T1 Effective Clock [MHz]","Core 12 T0 Effective Clock [MHz]","Core 12 T1 Effective Clock [MHz]","Core 13 T0 Effective Clock [MHz]","Core 13 T1 Effective Clock [MHz]","Core 14 T0 Effective Clock [MHz]","Core 14 T1 Effective Clock [MHz]","Core 15 T0 Effective Clock [MHz]","Core 15 T1 Effective Clock [MHz]","Average Effective Clock [MHz]","Core Usage (avg) [%]","Core 0 T0 Usage [%]","Core 0 T1 Usage [%]","Core 1 T0 Usage [%]","Core 1 T1 Usage [%]","Core 2 T0 Usage [%]","Core 2 T1 Usage [%]","Core 3 T0 Usage [%]","Core 3 T1 Usage [%]","Core 4 T0 Usage [%]","Core 4 T1 Usage [%]","Core 5 T0 Usage [%]","Core 5 T1 Usage [%]","Core 6 T0 Usage [%]","Core 6 T1 Usage [%]","Core 7 T0 Usage [%]","Core 7 T1 Usage [%]","Core 8 T0 Usage [%]","Core 8 T1 Usage [%]","Core 9 T0 Usage [%]","Core 9 T1 Usage [%]","Core 10 T0 Usage [%]","Core 10 T1 Usage [%]","Core 11 T0 Usage [%]","Core 11 T1 Usage [%]","Core 12 T0 Usage [%]","Core 12 T1 Usage [%]","Core 13 T0 Usage [%]","Core 13 T1 Usage [%]","Core 14 T0 Usage [%]","Core 14 T1 Usage [%]","Core 15 T0 Usage [%]","Core 15 T1 Usage [%]","Max CPU/Thread Usage [%]","Total CPU Usage [%]","Core Utility (avg) [%]","Core 0 T0 Utility [%]","Core 0 T1 Utility [%]","Core 1 T0 Utility [%]","Core 1 T1 Utility [%]","Core 2 T0 Utility [%]","Core 2 T1 Utility [%]","Core 3 T0 Utility [%]","Core 3 T1 Utility [%]","Core 4 T0 Utility [%]","Core 4 T1 Utility [%]","Core 5 T0 Utility [%]","Core 5 T1 Utility [%]","Core 6 T0 Utility [%]","Core 6 T1 Utility [%]","Core 7 T0 Utility [%]","Core 7 T1 Utility [%]","Core 8 T0 Utility [%]","Core 8 T1 Utility [%]","Core 9 T0 Utility [%]","Core 9 T1 Utility [%]","Core 10 T0 Utility [%]","Core 10 T1 Utility [%]","Core 11 T0 Utility [%]","Core 11 T1 Utility [%]","Core 12 T0 Utility [%]","Core 12 T1 Utility [%]","Core 13 T0 Utility [%]","Core 13 T1 Utility [%]","Core 14 T0 Utility [%]","Core 14 T1 Utility [%]","Core 15 T0 Utility [%]","Core 15 T1 Utility [%]","Total CPU Utility [%]","Core Ratios (avg) [x]","Core 0 Ratio [x]","Core 1 Ratio [x]","Core 2 Ratio [x]","Core 3 Ratio [x]","Core 4 Ratio [x]","Core 5 Ratio [x]","Core 6 Ratio [x]","Core 7 Ratio [x]","Core 8 Ratio [x]","Core 9 Ratio [x]","Core 10 Ratio [x]","Core 11 Ratio [x]","Core 12 Ratio [x]","Core 13 Ratio [x]","Core 14 Ratio [x]","Core 15 Ratio [x]","Package C6 Residency [%]","Core C0 Residency (avg) [%]","Core 0 C0 Residency [%]","Core 1 C0 Residency [%]","Core 2 C0 Residency [%]","Core 3 C0 Residency [%]","Core 4 C0 Residency [%]","Core 5 C0 Residency [%]","Core 6 C0 Residency [%]","Core 7 C0 Residency [%]","Core 8 C0 Residency [%]","Core 9 C0 Residency [%]","Core 10 C0 Residency [%]","Core 11 C0 Residency [%]","Core 12 C0 Residency [%]","Core 13 C0 Residency [%]","Core 14 C0 Residency [%]","Core 15 C0 Residency [%]","Core C1 Residency (avg) [%]","Core 0 C1 Residency [%]","Core 1 C1 Residency [%]","Core 2 C1 Residency [%]","Core 3 C1 Residency [%]","Core 4 C1 Residency [%]","Core 5 C1 Residency [%]","Core 6 C1 Residency [%]","Core 7 C1 Residency [%]","Core 8 C1 Residency [%]","Core 9 C1 Residency [%]","Core 10 C1 Residency [%]","Core 11 C1 Residency [%]","Core 12 C1 Residency [%]","Core 13 C1 Residency [%]","Core 14 C1 Residency [%]","Core 15 C1 Residency [%]","Core C6 Residency (avg) [%]","Core 0 C6 Residency [%]","Core 1 C6 Residency [%]","Core 2 C6 Residency [%]","Core 3 C6 Residency [%]","Core 4 C6 Residency [%]","Core 5 C6 Residency [%]","Core 6 C6 Residency [%]","Core 7 C6 Residency [%]","Core 8 C6 Residency [%]","Core 9 C6 Residency [%]","Core 10 C6 Residency [%]","Core 11 C6 Residency [%]","Core 12 C6 Residency [%]","Core 13 C6 Residency [%]","Core 14 C6 Residency [%]","Core 15 C6 Residency [%]","Memory Clock [MHz]","Memory Clock Ratio [x]","Tcas [T]","Trcd [T]","Trp [T]","Tras [T]","Trc [T]","Trfc [T]","Command Rate [T]","CPU (Tctl/Tdie) [°C]","CPU Die (average) [°C]","CPU CCD1 (Tdie) [°C]","CPU CCD2 (Tdie) [°C]","Core Temperatures (avg) [°C]","Core0 (CCD1) [°C]","Core1 (CCD1) [°C]","Core2 (CCD1) [°C]","Core3 (CCD1) [°C]","Core4 (CCD1) [°C]","Core5 (CCD1) [°C]","Core6 (CCD1) [°C]","Core7 (CCD1) [°C]","Core8 (CCD2) [°C]","Core9 (CCD2) [°C]","Core10 (CCD2) [°C]","Core11 (CCD2) [°C]","Core12 (CCD2) [°C]","Core13 (CCD2) [°C]","Core14 (CCD2) [°C]","Core15 (CCD2) [°C]","L3 Temperatures (avg) [°C]","L3 Cache (CCD1) [°C]","L3 Cache (CCD2) [°C]","CPU IOD Hotspot [°C]","CPU IOD Average [°C]","CPU VDDCR_VDD VRM (SVI3 TFN) [°C]","CPU VDDCR_SOC VRM (SVI3 TFN) [°C]","CPU VDD_MISC VRM (SVI3 TFN) [°C]","CPU VDDCR_VDD Voltage (SVI3 TFN) [V]","CPU VDDCR_SOC Voltage (SVI3 TFN) [V]","CPU VDD_MISC Voltage (SVI3 TFN) [V]","CPU Core Current (SVI3 TFN) [A]","SoC Current (SVI3 TFN) [A]","CPU TDC [A]","CPU EDC [A]","MISC Current (SVI3 TFN) [A]","CPU Package Power [W]","Core Powers (avg) [W]","Core 0 Power [W]","Core 1 Power [W]","Core 2 Power [W]","Core 3 Power [W]","Core 4 Power [W]","Core 5 Power [W]","Core 6 Power [W]","Core 7 Power [W]","Core 8 Power [W]","Core 9 Power [W]","Core 10 Power [W]","Core 11 Power [W]","Core 12 Power [W]","Core 13 Power [W]","Core 14 Power [W]","Core 15 Power [W]","CPU Core Power (SVI3 TFN) [W]","CPU SoC Power (SVI3 TFN) [W]","Core+SoC+MISC Power (SVI3 TFN) [W]","Infinity Fabric Clock (FCLK) [MHz]","Memory Controller Clock (UCLK) [MHz]","L3 Clocks (avg) [MHz]","L3 Cache (CCD1) [MHz]","L3 Cache (CCD2) [MHz]","Frequency Limit - Global [MHz]","CPU TDC Limit [%]","CPU EDC Limit [%]","CPU PPT FAST Limit [%]","CPU PPT SLOW Limit [%]","APU STAPM Limit [%]","Thermal Limit [%]","Thermal Throttling (HTC) [Yes/No]","Thermal Throttling (PROCHOT CPU) [Yes/No]","Thermal Throttling (PROCHOT EXT) [Yes/No]","DRAM Read Bandwidth [GB/s]","DRAM Write Bandwidth [GB/s]","Average Active Core Count []","CPU [RPM]","GPU [RPM]","SPD Hub Temperature [°C]","VDD (SWA) Voltage [V]","VDDQ (SWB) Voltage [V]","VPP (SWC) Voltage [V]","1.8V VOUT Voltage [V]","1.0V VOUT Voltage [V]","VIN Voltage [V]","PMIC High Temperature [Yes/No]","PMIC Over Voltage [Yes/No]","PMIC Under Voltage [Yes/No]","SPD Hub Temperature [°C]","VDD (SWA) Voltage [V]","VDDQ (SWB) Voltage [V]","VPP (SWC) Voltage [V]","1.8V VOUT Voltage [V]","1.0V VOUT Voltage [V]","VIN Voltage [V]","Total Power [W]","PMIC High Temperature [Yes/No]","PMIC Over Voltage [Yes/No]","PMIC Under Voltage [Yes/No]","Drive Temperature [°C]","Drive Temperature 2 [°C]","Drive Remaining Life [%]","Drive Available Spare [%]","Drive Failure [Yes/No]","Drive Warning [Yes/No]","Total Host Writes [GB]","Total Host Reads [GB]","Read Activity [%]","Write Activity [%]","Total Activity [%]","Read Rate [MB/s]","Write Rate [MB/s]","Read Total [MB]","Write Total [MB]","GPU Temperature [°C]","GPU Core Voltage (VDDCR_GFX) [V]","GPU Core Power (VDDCR_GFX) [W]","GPU Clock [MHz]","GPU Memory Clock [MHz]","GPU SoC Clock [MHz]","GPU VCN Clock [MHz]","GPU Utilization [%]","GPU D3D Usage [%]","GPU D3D Utilizations (avg) [%]","GPU Video Decode 0 Usage [%]","GPU Video Decode 1 Usage [%]","GPU Computing (Compute 0) Usage [%]","GPU Computing (Compute 1) Usage [%]","GPU Computing (High Priority Compute) Usage [%]","GPU D3D Memory Dedicated [MB]","GPU D3D Memory Dynamic [MB]","PCIe Link Speed [GT/s]","GPU Memory Usage [MB]","Throttle Reason - Power [Yes/No]","Throttle Reason - Thermal [Yes/No]","Throttle Reason - Current [Yes/No]","GPU Temperature [°C]","GPU Memory Junction Temperature [°C]","GPU Thermal Limit [°C]","GPU Core Voltage [V]","GPU Rail Voltages (avg) [V]","GPU FBVDD Input Voltage [V]","GPU 12VHPWR Voltage [V]","GPU Power [W]","GPU Rail Powers (avg) [W]","GPU FBVDD Input Power [W]","GPU Core (NVVDD) Input Power (sum) [W]","GPU Misc0 Input Power (sum) [W]","GPU 12VHPWR Power [W]","GPU PCIe +3.3V Input Power (est) [W]","GPU Core (NVVDD) Output Power [W]","GPU Core (NVVDD) Output Power [W]","GPU Power Limit (rated) [W]","GPU Power Limit (max) [W]","GPU Clock [MHz]","GPU Memory Clock [MHz]","GPU Video Clock [MHz]","GPU Effective Clock [MHz]","GPU Crossbar Clock [MHz]","GPU Core Load [%]","GPU Memory Controller Load [%]","GPU Video Engine Load [%]","GPU Bus Load [%]","GPU Memory Usage [%]","GPU D3D Usages (avg) [%]","GPU D3D Usage [%]","GPU Video Decode 0 Usage [%]","GPU Video Encode 0 Usage [%]","GPU VR Usage [%]","GPU Performance Limiters (avg) [Yes/No]","Performance Limit - Power [Yes/No]","Performance Limit - Thermal [Yes/No]","Performance Limit - Reliability Voltage [Yes/No]","Performance Limit - Max Operating Voltage [Yes/No]","Performance Limit - Utilization [Yes/No]","Performance Limit - SLI GPUBoost Sync [Yes/No]","PCI Express Error Counters (avg) []","Receiver Errors []","Replay Count []","Replay Rollover Count []","Bad DLLP Count []","Bad TLP Count []","LCRC Error Count []","NAKs Sent Count []","NAKs Received Count []","Recovery Count []","Correctable Error Count []","Non-Fatal Error Count []","Fatal Error Count []","Unsupported Request Count []","PCIe Lane 0 Errors []","PCIe Lane 1 Errors []","PCIe Lane 2 Errors []","PCIe Lane 3 Errors []","PCIe Lane 4 Errors []","PCIe Lane 5 Errors []","PCIe Lane 6 Errors []","PCIe Lane 7 Errors []","PCIe Lane 8 Errors []","PCIe Lane 9 Errors []","PCIe Lane 10 Errors []","PCIe Lane 11 Errors []","PCIe Lane 12 Errors []","PCIe Lane 13 Errors []","PCIe Lane 14 Errors []","PCIe Lane 15 Errors []","GPU Memory Available [MB]","GPU Memory Allocated [MB]","GPU D3D Memory Dedicated [MB]","GPU D3D Memory Dynamic [MB]","PCIe Link Speed [GT/s]","Battery Voltage [V]","Remaining Capacity [Wh]","Charge Level [%]","Charge Rate [W]","Wear Level [%]","Framerate Presented (avg) [FPS]","Framerate Presented (99%) [FPS]","Framerate Presented (1%) [FPS]","Framerate Presented (0.1%) [FPS]","Framerate Presented (1% low) [FPS]","Framerate Presented (0.1% low) [FPS]","Framerate Displayed (avg) [FPS]","Framerate Displayed (99%) [FPS]","Framerate Displayed (1%) [FPS]","Framerate Displayed (0.1%) [FPS]","Framerate Displayed (1% low) [FPS]","Framerate Displayed (0.1% low) [FPS]","Frame Time Presented (avg) [ms]","Frame Time Presented (99%) [ms]","Frame Time Presented (1%) [ms]","Frame Time Presented (0.1%) [ms]","Frame Time Displayed (1% high) [ms]","Frame Time Displayed (0.1% high) [ms]","GPU Busy (avg) [ms]","GPU Wait (avg) [ms]","CPU Busy (avg) [ms]","CPU Wait (avg) [ms]","Animation Error (avg) [ms]","Total DL [MB]","Total UP [MB]","Current DL rate [KB/s]","Current UP rate [KB/s]","Total DL [MB]","Total UP [MB]","Current DL rate [KB/s]","Current UP rate [KB/s]","Total Errors []",
,,System: ASUS ASUS TUF Gaming A16 FA608PP_FA608PP,System: ASUS ASUS TUF Gaming A16 FA608PP_FA608PP,System: ASUS ASUS TUF Gaming A16 FA608PP_FA608PP,System: ASUS ASUS TUF Gaming A16 FA608PP_FA608PP,System: ASUS ASUS TUF Gaming A16 FA608PP_FA608PP,System: ASUS ASUS TUF Gaming A16 FA608PP_FA608PP,System: ASUS ASUS TUF Gaming A16 FA608PP_FA608PP,System: ASUS ASUS TUF Gaming A16 FA608PP_FA608PP,System: ASUS ASUS TUF Gaming A16 FA608PP_FA608PP,CPU [#0]: AMD Ryzen 9 8940HX,CPU [#0]: AMD Ryzen 9 8940HX,CPU [#0]: AMD Ryzen 9 8940HX,CPU [#0]: AMD Ryzen 9 8940HX,CPU [#0]: AMD Ryzen 9 8940HX,CPU [#0]: AMD Ryzen 9 8940HX,CPU [#0]: AMD Ryzen 9 8940HX,CPU [#0]: AMD Ryzen 9 8940HX,CPU [#0]: AMD Ryzen 9 8940HX,CPU [#0]: AMD Ryzen 9 8940HX,CPU [#0]: AMD Ryzen 9 8940HX,CPU [#0]: AMD Ryzen 9 8940HX,CPU [#0]: AMD Ryzen 9 8940HX,CPU [#0]: AMD Ryzen 9 8940HX,CPU [#0]: AMD Ryzen 9 8940HX,CPU [#0]: AMD Ryzen 9 8940HX,CPU [#0]: AMD Ryzen 9 8940HX,CPU [#0]: AMD Ryzen 9 8940HX,CPU [#0]: AMD Ryzen 9 8940HX,CPU [#0]: AMD Ryzen 9 8940HX,CPU [#0]: AMD Ryzen 9 8940HX,CPU [#0]: AMD Ryzen 9 8940HX,CPU [#0]: AMD Ryzen 9 8940HX,CPU [#0]: AMD Ryzen 9 8940HX,CPU [#0]: AMD Ryzen 9 8940HX,CPU [#0]: AMD Ryzen 9 8940HX,CPU [#0]: AMD Ryzen 9 8940HX,CPU [#0]: AMD Ryzen 9 8940HX,CPU [#0]: AMD Ryzen 9 8940HX,CPU [#0]: AMD Ryzen 9 8940HX,CPU [#0]: AMD Ryzen 9 8940HX,CPU [#0]: AMD Ryzen 9 8940HX,CPU [#0]: AMD Ryzen 9 8940HX,CPU [#0]: AMD Ryzen 9 8940HX,CPU [#0]: AMD Ryzen 9 8940HX,CPU [#0]: AMD Ryzen 9 8940HX,CPU [#0]: AMD Ryzen 9 8940HX,CPU [#0]: AMD Ryzen 9 8940HX,CPU [#0]: AMD Ryzen 9 8940HX,CPU [#0]: AMD Ryzen 9 8940HX,CPU [#0]: AMD Ryzen 9 8940HX,CPU [#0]: AMD Ryzen 9 8940HX,CPU [#0]: AMD Ryzen 9 8940HX,CPU [#0]: AMD Ryzen 9 8940HX,CPU [#0]: AMD Ryzen 9 8940HX,CPU [#0]: AMD Ryzen 9 8940HX,CPU [#0]: AMD Ryzen 9 8940HX,CPU [#0]: AMD Ryzen 9 8940HX,CPU [#0]: AMD Ryzen 9 8940HX,CPU [#0]: AMD Ryzen 9 8940HX,CPU [#0]: AMD Ryzen 9 8940HX,CPU [#0]: AMD Ryzen 9 8940HX,CPU [#0]: AMD Ryzen 9 8940HX,CPU [#0]: AMD Ryzen 9 8940HX,CPU [#0]: AMD Ryzen 9 8940HX,CPU [#0]: AMD Ryzen 9 8940HX,CPU [#0]: AMD Ryzen 9 8940HX,CPU [#0]: AMD Ryzen 9 8940HX,CPU [#0]: AMD Ryzen 9 8940HX,CPU [#0]: AMD Ryzen 9 8940HX,CPU [#0]: AMD Ryzen 9 8940HX,CPU [#0]: AMD Ryzen 9 8940HX,CPU [#0]: AMD Ryzen 9 8940HX,CPU [#0]: AMD Ryzen 9 8940HX,CPU [#0]: AMD Ryzen 9 8940HX,CPU [#0]: AMD Ryzen 9 8940HX,CPU [#0]: AMD Ryzen 9 8940HX,CPU [#0]: AMD Ryzen 9 8940HX,CPU [#0]: AMD Ryzen 9 8940HX,CPU [#0]: AMD Ryzen 9 8940HX,CPU [#0]: AMD Ryzen 9 8940HX,CPU [#0]: AMD Ryzen 9 8940HX,CPU [#0]: AMD Ryzen 9 8940HX,CPU [#0]: AMD Ryzen 9 8940HX,CPU [#0]: AMD Ryzen 9 8940HX,CPU [#0]: AMD Ryzen 9 8940HX,CPU [#0]: AMD Ryzen 9 8940HX,CPU [#0]: AMD Ryzen 9 8940HX,CPU [#0]: AMD Ryzen 9 8940HX,CPU [#0]: AMD Ryzen 9 8940HX,CPU [#0]: AMD Ryzen 9 8940HX,CPU [#0]: AMD Ryzen 9 8940HX,CPU [#0]: AMD Ryzen 9 8940HX,CPU [#0]: AMD Ryzen 9 8940HX,CPU [#0]: AMD Ryzen 9 8940HX,CPU [#0]: AMD Ryzen 9 8940HX,CPU [#0]: AMD Ryzen 9 8940HX,CPU [#0]: AMD Ryzen 9 8940HX,CPU [#0]: AMD Ryzen 9 8940HX,CPU [#0]: AMD Ryzen 9 8940HX,CPU [#0]: AMD Ryzen 9 8940HX,CPU [#0]: AMD Ryzen 9 8940HX,CPU [#0]: AMD Ryzen 9 8940HX,CPU [#0]: AMD Ryzen 9 8940HX,CPU [#0]: AMD Ryzen 9 8940HX,CPU [#0]: AMD Ryzen 9 8940HX,CPU [#0]: AMD Ryzen 9 8940HX,CPU [#0]: AMD Ryzen 9 8940HX,CPU [#0]: AMD Ryzen 9 8940HX,CPU [#0]: AMD Ryzen 9 8940HX,CPU [#0]: AMD Ryzen 9 8940HX,CPU [#0]: AMD Ryzen 9 8940HX,CPU [#0]: AMD Ryzen 9 8940HX,CPU [#0]: AMD Ryzen 9 8940HX,CPU [#0]: AMD Ryzen 9 8940HX,CPU [#0]: AMD Ryzen 9 8940HX,CPU [#0]: AMD Ryzen 9 8940HX,CPU [#0]: AMD Ryzen 9 8940HX,CPU [#0]: AMD Ryzen 9 8940HX,CPU [#0]: AMD Ryzen 9 8940HX,CPU [#0]: AMD Ryzen 9 8940HX,CPU [#0]: AMD Ryzen 9 8940HX,CPU [#0]: AMD Ryzen 9 8940HX,CPU [#0]: AMD Ryzen 9 8940HX,CPU [#0]: AMD Ryzen 9 8940HX,CPU [#0]: AMD Ryzen 9 8940HX,CPU [#0]: AMD Ryzen 9 8940HX,CPU [#0]: AMD Ryzen 9 8940HX,CPU [#0]: AMD Ryzen 9 8940HX,CPU [#0]: AMD Ryzen 9 8940HX,CPU [#0]: AMD Ryzen 9 8940HX,CPU [#0]: AMD Ryzen 9 8940HX,CPU [#0]: AMD Ryzen 9 8940HX,CPU [#0]: AMD Ryzen 9 8940HX,CPU [#0]: AMD Ryzen 9 8940HX,CPU [#0]: AMD Ryzen 9 8940HX,CPU [#0]: AMD Ryzen 9 8940HX,CPU [#0]: AMD Ryzen 9 8940HX,CPU [#0]: AMD Ryzen 9 8940HX,CPU [#0]: AMD Ryzen 9 8940HX,CPU [#0]: AMD Ryzen 9 8940HX,CPU [#0]: AMD Ryzen 9 8940HX,CPU [#0]: AMD Ryzen 9 8940HX,CPU [#0]: AMD Ryzen 9 8940HX,CPU [#0]: AMD Ryzen 9 8940HX,CPU [#0]: AMD Ryzen 9 8940HX,CPU [#0]: AMD Ryzen 9 8940HX,CPU [#0]: AMD Ryzen 9 8940HX,CPU [#0]: AMD Ryzen 9 8940HX,CPU [#0]: AMD Ryzen 9 8940HX,CPU [#0]: AMD Ryzen 9 8940HX,CPU [#0]: AMD Ryzen 9 8940HX,CPU [#0]: AMD Ryzen 9 8940HX,CPU [#0]: AMD Ryzen 9 8940HX,CPU [#0]: AMD Ryzen 9 8940HX,CPU [#0]: AMD Ryzen 9 8940HX,CPU [#0]: AMD Ryzen 9 8940HX,CPU [#0]: AMD Ryzen 9 8940HX,CPU [#0]: AMD Ryzen 9 8940HX,CPU [#0]: AMD Ryzen 9 8940HX,CPU [#0]: AMD Ryzen 9 8940HX,CPU [#0]: AMD Ryzen 9 8940HX,CPU [#0]: AMD Ryzen 9 8940HX,CPU [#0]: AMD Ryzen 9 8940HX,CPU [#0]: AMD Ryzen 9 8940HX,CPU [#0]: AMD Ryzen 9 8940HX: C-State Residency,CPU [#0]: AMD Ryzen 9 8940HX: C-State Residency,CPU [#0]: AMD Ryzen 9 8940HX: C-State Residency,CPU [#0]: AMD Ryzen 9 8940HX: C-State Residency,CPU [#0]: AMD Ryzen 9 8940HX: C-State Residency,CPU [#0]: AMD Ryzen 9 8940HX: C-State Residency,CPU [#0]: AMD Ryzen 9 8940HX: C-State Residency,CPU [#0]: AMD Ryzen 9 8940HX: C-State Residency,CPU [#0]: AMD Ryzen 9 8940HX: C-State Residency,CPU [#0]: AMD Ryzen 9 8940HX: C-State Residency,CPU [#0]: AMD Ryzen 9 8940HX: C-State Residency,CPU [#0]: AMD Ryzen 9 8940HX: C-State Residency,CPU [#0]: AMD Ryzen 9 8940HX: C-State Residency,CPU [#0]: AMD Ryzen 9 8940HX: C-State Residency,CPU [#0]: AMD Ryzen 9 8940HX: C-State Residency,CPU [#0]: AMD Ryzen 9 8940HX: C-State Residency,CPU [#0]: AMD Ryzen 9 8940HX: C-State Residency,CPU [#0]: AMD Ryzen 9 8940HX: C-State Residency,CPU [#0]: AMD Ryzen 9 8940HX: C-State Residency,CPU [#0]: AMD Ryzen 9 8940HX: C-State Residency,CPU [#0]: AMD Ryzen 9 8940HX: C-State Residency,CPU [#0]: AMD Ryzen 9 8940HX: C-State Residency,CPU [#0]: AMD Ryzen 9 8940HX: C-State Residency,CPU [#0]: AMD Ryzen 9 8940HX: C-State Residency,CPU [#0]: AMD Ryzen 9 8940HX: C-State Residency,CPU [#0]: AMD Ryzen 9 8940HX: C-State Residency,CPU [#0]: AMD Ryzen 9 8940HX: C-State Residency,CPU [#0]: AMD Ryzen 9 8940HX: C-State Residency,CPU [#0]: AMD Ryzen 9 8940HX: C-State Residency,CPU [#0]: AMD Ryzen 9 8940HX: C-State Residency,CPU [#0]: AMD Ryzen 9 8940HX: C-State Residency,CPU [#0]: AMD Ryzen 9 8940HX: C-State Residency,CPU [#0]: AMD Ryzen 9 8940HX: C-State Residency,CPU [#0]: AMD Ryzen 9 8940HX: C-State Residency,CPU [#0]: AMD Ryzen 9 8940HX: C-State Residency,CPU [#0]: AMD Ryzen 9 8940HX: C-State Residency,CPU [#0]: AMD Ryzen 9 8940HX: C-State Residency,CPU [#0]: AMD Ryzen 9 8940HX: C-State Residency,CPU [#0]: AMD Ryzen 9 8940HX: C-State Residency,CPU [#0]: AMD Ryzen 9 8940HX: C-State Residency,CPU [#0]: AMD Ryzen 9 8940HX: C-State Residency,CPU [#0]: AMD Ryzen 9 8940HX: C-State Residency,CPU [#0]: AMD Ryzen 9 8940HX: C-State Residency,CPU [#0]: AMD Ryzen 9 8940HX: C-State Residency,CPU [#0]: AMD Ryzen 9 8940HX: C-State Residency,CPU [#0]: AMD Ryzen 9 8940HX: C-State Residency,CPU [#0]: AMD Ryzen 9 8940HX: C-State Residency,CPU [#0]: AMD Ryzen 9 8940HX: C-State Residency,CPU [#0]: AMD Ryzen 9 8940HX: C-State Residency,CPU [#0]: AMD Ryzen 9 8940HX: C-State Residency,CPU [#0]: AMD Ryzen 9 8940HX: C-State Residency,CPU [#0]: AMD Ryzen 9 8940HX: C-State Residency,Memory Timings,Memory Timings,Memory Timings,Memory Timings,Memory Timings,Memory Timings,Memory Timings,Memory Timings,Memory Timings,CPU [#0]: AMD Ryzen 9 8940HX: Enhanced,CPU [#0]: AMD Ryzen 9 8940HX: Enhanced,CPU [#0]: AMD Ryzen 9 8940HX: Enhanced,CPU [#0]: AMD Ryzen 9 8940HX: Enhanced,CPU [#0]: AMD Ryzen 9 8940HX: Enhanced,CPU [#0]: AMD Ryzen 9 8940HX: Enhanced,CPU [#0]: AMD Ryzen 9 8940HX: Enhanced,CPU [#0]: AMD Ryzen 9 8940HX: Enhanced,CPU [#0]: AMD Ryzen 9 8940HX: Enhanced,CPU [#0]: AMD Ryzen 9 8940HX: Enhanced,CPU [#0]: AMD Ryzen 9 8940HX: Enhanced,CPU [#0]: AMD Ryzen 9 8940HX: Enhanced,CPU [#0]: AMD Ryzen 9 8940HX: Enhanced,CPU [#0]: AMD Ryzen 9 8940HX: Enhanced,CPU [#0]: AMD Ryzen 9 8940HX: Enhanced,CPU [#0]: AMD Ryzen 9 8940HX: Enhanced,CPU [#0]: AMD Ryzen 9 8940HX: Enhanced,CPU [#0]: AMD Ryzen 9 8940HX: Enhanced,CPU [#0]: AMD Ryzen 9 8940HX: Enhanced,CPU [#0]: AMD Ryzen 9 8940HX: Enhanced,CPU [#0]: AMD Ryzen 9 8940HX: Enhanced,CPU [#0]: AMD Ryzen 9 8940HX: Enhanced,CPU [#0]: AMD Ryzen 9 8940HX: Enhanced,CPU [#0]: AMD Ryzen 9 8940HX: Enhanced,CPU [#0]: AMD Ryzen 9 8940HX: Enhanced,CPU [#0]: AMD Ryzen 9 8940HX: Enhanced,CPU [#0]: AMD Ryzen 9 8940HX: Enhanced,CPU [#0]: AMD Ryzen 9 8940HX: Enhanced,CPU [#0]: AMD Ryzen 9 8940HX: Enhanced,CPU [#0]: AMD Ryzen 9 8940HX: Enhanced,CPU [#0]: AMD Ryzen 9 8940HX: Enhanced,CPU [#0]: AMD Ryzen 9 8940HX: Enhanced,CPU [#0]: AMD Ryzen 9 8940HX: Enhanced,CPU [#0]: AMD Ryzen 9 8940HX: Enhanced,CPU [#0]: AMD Ryzen 9 8940HX: Enhanced,CPU [#0]: AMD Ryzen 9 8940HX: Enhanced,CPU [#0]: AMD Ryzen 9 8940HX: Enhanced,CPU [#0]: AMD Ryzen 9 8940HX: Enhanced,CPU [#0]: AMD Ryzen 9 8940HX: Enhanced,CPU [#0]: AMD Ryzen 9 8940HX: Enhanced,CPU [#0]: AMD Ryzen 9 8940HX: Enhanced,CPU [#0]: AMD Ryzen 9 8940HX: Enhanced,CPU [#0]: AMD Ryzen 9 8940HX: Enhanced,CPU [#0]: AMD Ryzen 9 8940HX: Enhanced,CPU [#0]: AMD Ryzen 9 8940HX: Enhanced,CPU [#0]: AMD Ryzen 9 8940HX: Enhanced,CPU [#0]: AMD Ryzen 9 8940HX: Enhanced,CPU [#0]: AMD Ryzen 9 8940HX: Enhanced,CPU [#0]: AMD Ryzen 9 8940HX: Enhanced,CPU [#0]: AMD Ryzen 9 8940HX: Enhanced,CPU [#0]: AMD Ryzen 9 8940HX: Enhanced,CPU [#0]: AMD Ryzen 9 8940HX: Enhanced,CPU [#0]: AMD Ryzen 9 8940HX: Enhanced,CPU [#0]: AMD Ryzen 9 8940HX: Enhanced,CPU [#0]: AMD Ryzen 9 8940HX: Enhanced,CPU [#0]: AMD Ryzen 9 8940HX: Enhanced,CPU [#0]: AMD Ryzen 9 8940HX: Enhanced,CPU [#0]: AMD Ryzen 9 8940HX: Enhanced,CPU [#0]: AMD Ryzen 9 8940HX: Enhanced,CPU [#0]: AMD Ryzen 9 8940HX: Enhanced,CPU [#0]: AMD Ryzen 9 8940HX: Enhanced,CPU [#0]: AMD Ryzen 9 8940HX: Enhanced,CPU [#0]: AMD Ryzen 9 8940HX: Enhanced,CPU [#0]: AMD Ryzen 9 8940HX: Enhanced,CPU [#0]: AMD Ryzen 9 8940HX: Enhanced,CPU [#0]: AMD Ryzen 9 8940HX: Enhanced,CPU [#0]: AMD Ryzen 9 8940HX: Enhanced,CPU [#0]: AMD Ryzen 9 8940HX: Enhanced,CPU [#0]: AMD Ryzen 9 8940HX: Enhanced,CPU [#0]: AMD Ryzen 9 8940HX: Enhanced,CPU [#0]: AMD Ryzen 9 8940HX: Enhanced,CPU [#0]: AMD Ryzen 9 8940HX: Enhanced,CPU [#0]: AMD Ryzen 9 8940HX: Enhanced,CPU [#0]: AMD Ryzen 9 8940HX: Enhanced,CPU [#0]: AMD Ryzen 9 8940HX: Enhanced,CPU [#0]: AMD Ryzen 9 8940HX: Enhanced,ASUS NB EC: ASUS ASUS TUF Gaming A16 FA608PP_FA608PP,ASUS NB EC: ASUS ASUS TUF Gaming A16 FA608PP_FA608PP,DDR5 DIMM [#0]: Samsung M425R2GA3EB0-CWMOM (P0 CHANNEL A/DIMM 0),DDR5 DIMM [#0]: Samsung M425R2GA3EB0-CWMOM (P0 CHANNEL A/DIMM 0),DDR5 DIMM [#0]: Samsung M425R2GA3EB0-CWMOM (P0 CHANNEL A/DIMM 0),DDR5 DIMM [#0]: Samsung M425R2GA3EB0-CWMOM (P0 CHANNEL A/DIMM 0),DDR5 DIMM [#0]: Samsung M425R2GA3EB0-CWMOM (P0 CHANNEL A/DIMM 0),DDR5 DIMM [#0]: Samsung M425R2GA3EB0-CWMOM (P0 CHANNEL A/DIMM 0),DDR5 DIMM [#0]: Samsung M425R2GA3EB0-CWMOM (P0 CHANNEL A/DIMM 0),DDR5 DIMM [#0]: Samsung M425R2GA3EB0-CWMOM (P0 CHANNEL A/DIMM 0),DDR5 DIMM [#0]: Samsung M425R2GA3EB0-CWMOM (P0 CHANNEL A/DIMM 0),DDR5 DIMM [#0]: Samsung M425R2GA3EB0-CWMOM (P0 CHANNEL A/DIMM 0),DDR5 DIMM [#1]: Lexar LD5S16G56C46ST (P0 CHANNEL B/DIMM 0),DDR5 DIMM [#1]: Lexar LD5S16G56C46ST (P0 CHANNEL B/DIMM 0),DDR5 DIMM [#1]: Lexar LD5S16G56C46ST (P0 CHANNEL B/DIMM 0),DDR5 DIMM [#1]: Lexar LD5S16G56C46ST (P0 CHANNEL B/DIMM 0),DDR5 DIMM [#1]: Lexar LD5S16G56C46ST (P0 CHANNEL B/DIMM 0),DDR5 DIMM [#1]: Lexar LD5S16G56C46ST (P0 CHANNEL B/DIMM 0),DDR5 DIMM [#1]: Lexar LD5S16G56C46ST (P0 CHANNEL B/DIMM 0),DDR5 DIMM [#1]: Lexar LD5S16G56C46ST (P0 CHANNEL B/DIMM 0),DDR5 DIMM [#1]: Lexar LD5S16G56C46ST (P0 CHANNEL B/DIMM 0),DDR5 DIMM [#1]: Lexar LD5S16G56C46ST (P0 CHANNEL B/DIMM 0),DDR5 DIMM [#1]: Lexar LD5S16G56C46ST (P0 CHANNEL B/DIMM 0),S.M.A.R.T.: KBG60ZNV1T02 KIOXIA (9F2CT4LKZ13V) [C:  D:],S.M.A.R.T.: KBG60ZNV1T02 KIOXIA (9F2CT4LKZ13V) [C:  D:],S.M.A.R.T.: KBG60ZNV1T02 KIOXIA (9F2CT4LKZ13V) [C:  D:],S.M.A.R.T.: KBG60ZNV1T02 KIOXIA (9F2CT4LKZ13V) [C:  D:],S.M.A.R.T.: KBG60ZNV1T02 KIOXIA (9F2CT4LKZ13V) [C:  D:],S.M.A.R.T.: KBG60ZNV1T02 KIOXIA (9F2CT4LKZ13V) [C:  D:],S.M.A.R.T.: KBG60ZNV1T02 KIOXIA (9F2CT4LKZ13V) [C:  D:],S.M.A.R.T.: KBG60ZNV1T02 KIOXIA (9F2CT4LKZ13V) [C:  D:],Drive: KBG60ZNV1T02 KIOXIA (9F2CT4LKZ13V) [C:  D:],Drive: KBG60ZNV1T02 KIOXIA (9F2CT4LKZ13V) [C:  D:],Drive: KBG60ZNV1T02 KIOXIA (9F2CT4LKZ13V) [C:  D:],Drive: KBG60ZNV1T02 KIOXIA (9F2CT4LKZ13V) [C:  D:],Drive: KBG60ZNV1T02 KIOXIA (9F2CT4LKZ13V) [C:  D:],Drive: KBG60ZNV1T02 KIOXIA (9F2CT4LKZ13V) [C:  D:],Drive: KBG60ZNV1T02 KIOXIA (9F2CT4LKZ13V) [C:  D:],iGPU [#1]: AMD Radeon 610M,iGPU [#1]: AMD Radeon 610M,iGPU [#1]: AMD Radeon 610M,iGPU [#1]: AMD Radeon 610M,iGPU [#1]: AMD Radeon 610M,iGPU [#1]: AMD Radeon 610M,iGPU [#1]: AMD Radeon 610M,iGPU [#1]: AMD Radeon 610M,iGPU [#1]: AMD Radeon 610M,iGPU [#1]: AMD Radeon 610M,iGPU [#1]: AMD Radeon 610M,iGPU [#1]: AMD Radeon 610M,iGPU [#1]: AMD Radeon 610M,iGPU [#1]: AMD Radeon 610M,iGPU [#1]: AMD Radeon 610M,iGPU [#1]: AMD Radeon 610M,iGPU [#1]: AMD Radeon 610M,iGPU [#1]: AMD Radeon 610M,iGPU [#1]: AMD Radeon 610M,iGPU [#1]: AMD Radeon 610M,iGPU [#1]: AMD Radeon 610M,iGPU [#1]: AMD Radeon 610M,dGPU [#0]: NVIDIA GeForce RTX 5070 Laptop,dGPU [#0]: NVIDIA GeForce RTX 5070 Laptop,dGPU [#0]: NVIDIA GeForce RTX 5070 Laptop,dGPU [#0]: NVIDIA GeForce RTX 5070 Laptop,dGPU [#0]: NVIDIA GeForce RTX 5070 Laptop,dGPU [#0]: NVIDIA GeForce RTX 5070 Laptop,dGPU [#0]: NVIDIA GeForce RTX 5070 Laptop,dGPU [#0]: NVIDIA GeForce RTX 5070 Laptop,dGPU [#0]: NVIDIA GeForce RTX 5070 Laptop,dGPU [#0]: NVIDIA GeForce RTX 5070 Laptop,dGPU [#0]: NVIDIA GeForce RTX 5070 Laptop,dGPU [#0]: NVIDIA GeForce RTX 5070 Laptop,dGPU [#0]: NVIDIA GeForce RTX 5070 Laptop,dGPU [#0]: NVIDIA GeForce RTX 5070 Laptop,dGPU [#0]: NVIDIA GeForce RTX 5070 Laptop,dGPU [#0]: NVIDIA GeForce RTX 5070 Laptop,dGPU [#0]: NVIDIA GeForce RTX 5070 Laptop,dGPU [#0]: NVIDIA GeForce RTX 5070 Laptop,dGPU [#0]: NVIDIA GeForce RTX 5070 Laptop,dGPU [#0]: NVIDIA GeForce RTX 5070 Laptop,dGPU [#0]: NVIDIA GeForce RTX 5070 Laptop,dGPU [#0]: NVIDIA GeForce RTX 5070 Laptop,dGPU [#0]: NVIDIA GeForce RTX 5070 Laptop,dGPU [#0]: NVIDIA GeForce RTX 5070 Laptop,dGPU [#0]: NVIDIA GeForce RTX 5070 Laptop,dGPU [#0]: NVIDIA GeForce RTX 5070 Laptop,dGPU [#0]: NVIDIA GeForce RTX 5070 Laptop,dGPU [#0]: NVIDIA GeForce RTX 5070 Laptop,dGPU [#0]: NVIDIA GeForce RTX 5070 Laptop,dGPU [#0]: NVIDIA GeForce RTX 5070 Laptop,dGPU [#0]: NVIDIA GeForce RTX 5070 Laptop,dGPU [#0]: NVIDIA GeForce RTX 5070 Laptop,dGPU [#0]: NVIDIA GeForce RTX 5070 Laptop,dGPU [#0]: NVIDIA GeForce RTX 5070 Laptop,dGPU [#0]: NVIDIA GeForce RTX 5070 Laptop,dGPU [#0]: NVIDIA GeForce RTX 5070 Laptop,dGPU [#0]: NVIDIA GeForce RTX 5070 Laptop,dGPU [#0]: NVIDIA GeForce RTX 5070 Laptop,dGPU [#0]: NVIDIA GeForce RTX 5070 Laptop,dGPU [#0]: NVIDIA GeForce RTX 5070 Laptop,dGPU [#0]: NVIDIA GeForce RTX 5070 Laptop,dGPU [#0]: NVIDIA GeForce RTX 5070 Laptop,dGPU [#0]: NVIDIA GeForce RTX 5070 Laptop,dGPU [#0]: NVIDIA GeForce RTX 5070 Laptop,dGPU [#0]: NVIDIA GeForce RTX 5070 Laptop,dGPU [#0]: NVIDIA GeForce RTX 5070 Laptop,dGPU [#0]: NVIDIA GeForce RTX 5070 Laptop,dGPU [#0]: NVIDIA GeForce RTX 5070 Laptop,dGPU [#0]: NVIDIA GeForce RTX 5070 Laptop,dGPU [#0]: NVIDIA GeForce RTX 5070 Laptop,dGPU [#0]: NVIDIA GeForce RTX 5070 Laptop,dGPU [#0]: NVIDIA GeForce RTX 5070 Laptop,dGPU [#0]: NVIDIA GeForce RTX 5070 Laptop,dGPU [#0]: NVIDIA GeForce RTX 5070 Laptop,dGPU [#0]: NVIDIA GeForce RTX 5070 Laptop,dGPU [#0]: NVIDIA GeForce RTX 5070 Laptop,dGPU [#0]: NVIDIA GeForce RTX 5070 Laptop,dGPU [#0]: NVIDIA GeForce RTX 5070 Laptop,dGPU [#0]: NVIDIA GeForce RTX 5070 Laptop,dGPU [#0]: NVIDIA GeForce RTX 5070 Laptop,dGPU [#0]: NVIDIA GeForce RTX 5070 Laptop,dGPU [#0]: NVIDIA GeForce RTX 5070 Laptop,dGPU [#0]: NVIDIA GeForce RTX 5070 Laptop,dGPU [#0]: NVIDIA GeForce RTX 5070 Laptop,dGPU [#0]: NVIDIA GeForce RTX 5070 Laptop,dGPU [#0]: NVIDIA GeForce RTX 5070 Laptop,dGPU [#0]: NVIDIA GeForce RTX 5070 Laptop,dGPU [#0]: NVIDIA GeForce RTX 5070 Laptop,dGPU [#0]: NVIDIA GeForce RTX 5070 Laptop,dGPU [#0]: NVIDIA GeForce RTX 5070 Laptop,dGPU [#0]: NVIDIA GeForce RTX 5070 Laptop,dGPU [#0]: NVIDIA GeForce RTX 5070 Laptop,dGPU [#0]: NVIDIA GeForce RTX 5070 Laptop,dGPU [#0]: NVIDIA GeForce RTX 5070 Laptop,dGPU [#0]: NVIDIA GeForce RTX 5070 Laptop,Battery: ASUS  A32-K55,Battery: ASUS  A32-K55,Battery: ASUS  A32-K55,Battery: ASUS  A32-K55,Battery: ASUS  A32-K55,PresentMon [dwm.exe],PresentMon [dwm.exe],PresentMon [dwm.exe],PresentMon [dwm.exe],PresentMon [dwm.exe],PresentMon [dwm.exe],PresentMon [dwm.exe],PresentMon [dwm.exe],PresentMon [dwm.exe],PresentMon [dwm.exe],PresentMon [dwm.exe],PresentMon [dwm.exe],PresentMon [dwm.exe],PresentMon [dwm.exe],PresentMon [dwm.exe],PresentMon [dwm.exe],PresentMon [dwm.exe],PresentMon [dwm.exe],PresentMon [dwm.exe],PresentMon [dwm.exe],PresentMon [dwm.exe],PresentMon [dwm.exe],PresentMon [dwm.exe],Network: RealTek Semiconductor RTL8168/8111 PCI-E Gigabit Ethernet NIC - Ethernet,Network: RealTek Semiconductor RTL8168/8111 PCI-E Gigabit Ethernet NIC - Ethernet,Network: RealTek Semiconductor RTL8168/8111 PCI-E Gigabit Ethernet NIC - Ethernet,Network: RealTek Semiconductor RTL8168/8111 PCI-E Gigabit Ethernet NIC - Ethernet,Network: RealTek Semiconductor RTL8852CE WiFi 6E PCI-E NIC - Wi-Fi,Network: RealTek Semiconductor RTL8852CE WiFi 6E PCI-E NIC - Wi-Fi,Network: RealTek Semiconductor RTL8852CE WiFi 6E PCI-E NIC - Wi-Fi,Network: RealTek Semiconductor RTL8852CE WiFi 6E PCI-E NIC - Wi-Fi,Windows Hardware Errors (WHEA),
