Date,Time,"Virtual Memory Committed [MB]","Virtual Memory Available [MB]","Virtual Memory Load [%]","Physical Memory Used [MB]","Physical Memory Available [MB]","Physical Memory Load [%]","Page File Usage [%]","Page File Total [MB]","Page File Used [MB]","Core VIDs (avg) [V]","P-core 0 VID [V]","P-core 1 VID [V]","P-core 2 VID [V]","P-core 3 VID [V]","P-core 4 VID [V]","P-core 5 VID [V]","E-core 6 VID [V]","E-core 7 VID [V]","E-core 8 VID [V]","E-core 9 VID [V]","E-core 10 VID [V]","E-core 11 VID [V]","E-core 12 VID [V]","E-core 13 VID [V]","Uncore VID [V]","SA VID [V]","Core Clocks (avg) [MHz]","P-core 0 Clock [MHz]","P-core 1 Clock [MHz]","P-core 2 Clock [MHz]","P-core 3 Clock [MHz]","P-core 4 Clock [MHz]","P-core 5 Clock [MHz]","E-core 6 Clock [MHz]","E-core 7 Clock [MHz]","E-core 8 Clock [MHz]","E-core 9 Clock [MHz]","E-core 10 Clock [MHz]","E-core 11 Clock [MHz]","E-core 12 Clock [MHz]","E-core 13 Clock [MHz]","Bus Clock [MHz]","Ring/LLC Clock [MHz]","Core Effective Clocks (avg) [MHz]","P-core 0 T0 Effective Clock [MHz]","P-core 0 T1 Effective Clock [MHz]","P-core 1 T0 Effective Clock [MHz]","P-core 1 T1 Effective Clock [MHz]","P-core 2 T0 Effective Clock [MHz]","P-core 2 T1 Effective Clock [MHz]","P-core 3 T0 Effective Clock [MHz]","P-core 3 T1 Effective Clock [MHz]","P-core 4 T0 Effective Clock [MHz]","P-core 4 T1 Effective Clock [MHz]","P-core 5 T0 Effective Clock [MHz]","P-core 5 T1 Effective Clock [MHz]","E-core 6 T0 Effective Clock [MHz]","E-core 7 T0 Effective Clock [MHz]","E-core 8 T0 Effective Clock [MHz]","E-core 9 T0 Effective Clock [MHz]","E-core 10 T0 Effective Clock [MHz]","E-core 11 T0 Effective Clock [MHz]","E-core 12 T0 Effective Clock [MHz]","E-core 13 T0 Effective Clock [MHz]","Average Effective Clock [MHz]","Core Usage (avg) [%]","P-core 0 T0 Usage [%]","P-core 0 T1 Usage [%]","P-core 1 T0 Usage [%]","P-core 1 T1 Usage [%]","P-core 2 T0 Usage [%]","P-core 2 T1 Usage [%]","P-core 3 T0 Usage [%]","P-core 3 T1 Usage [%]","P-core 4 T0 Usage [%]","P-core 4 T1 Usage [%]","P-core 5 T0 Usage [%]","P-core 5 T1 Usage [%]","E-core 6 T0 Usage [%]","E-core 7 T0 Usage [%]","E-core 8 T0 Usage [%]","E-core 9 T0 Usage [%]","E-core 10 T0 Usage [%]","E-core 11 T0 Usage [%]","E-core 12 T0 Usage [%]","E-core 13 T0 Usage [%]","Max CPU/Thread Usage [%]","Total CPU Usage [%]","On-Demand Clock Modulation [%]","Core Utility (avg) [%]","P-core 0 T0 Utility [%]","P-core 0 T1 Utility [%]","P-core 1 T0 Utility [%]","P-core 1 T1 Utility [%]","P-core 2 T0 Utility [%]","P-core 2 T1 Utility [%]","P-core 3 T0 Utility [%]","P-core 3 T1 Utility [%]","P-core 4 T0 Utility [%]","P-core 4 T1 Utility [%]","P-core 5 T0 Utility [%]","P-core 5 T1 Utility [%]","E-core 6 T0 Utility [%]","E-core 7 T0 Utility [%]","E-core 8 T0 Utility [%]","E-core 9 T0 Utility [%]","E-core 10 T0 Utility [%]","E-core 11 T0 Utility [%]","E-core 12 T0 Utility [%]","E-core 13 T0 Utility [%]","Total CPU Utility [%]","Core Ratios (avg) [x]","P-core 0 Ratio [x]","P-core 1 Ratio [x]","P-core 2 Ratio [x]","P-core 3 Ratio [x]","P-core 4 Ratio [x]","P-core 5 Ratio [x]","E-core 6 Ratio [x]","E-core 7 Ratio [x]","E-core 8 Ratio [x]","E-core 9 Ratio [x]","E-core 10 Ratio [x]","E-core 11 Ratio [x]","E-core 12 Ratio [x]","E-core 13 Ratio [x]","Uncore Ratio [x]","Core Temperatures (avg) [°C]","P-core 0 [°C]","P-core 1 [°C]","P-core 2 [°C]","P-core 3 [°C]","P-core 4 [°C]","P-core 5 [°C]","E-core 6 [°C]","E-core 7 [°C]","E-core 8 [°C]","E-core 9 [°C]","E-core 10 [°C]","E-core 11 [°C]","E-core 12 [°C]","E-core 13 [°C]","Core Distance to TjMAX (avg) [°C]","P-core 0 Distance to TjMAX [°C]","P-core 1 Distance to TjMAX [°C]","P-core 2 Distance to TjMAX [°C]","P-core 3 Distance to TjMAX [°C]","P-core 4 Distance to TjMAX [°C]","P-core 5 Distance to TjMAX [°C]","E-core 6 Distance to TjMAX [°C]","E-core 7 Distance to TjMAX [°C]","E-core 8 Distance to TjMAX [°C]","E-core 9 Distance to TjMAX [°C]","E-core 10 Distance to TjMAX [°C]","E-core 11 Distance to TjMAX [°C]","E-core 12 Distance to TjMAX [°C]","E-core 13 Distance to TjMAX [°C]","CPU Package [°C]","Core Max [°C]","Core Thermal Throttling (avg) [Yes/No]","P-core 0 Thermal Throttling [Yes/No]","P-core 1 Thermal Throttling [Yes/No]","P-core 2 Thermal Throttling [Yes/No]","P-core 3 Thermal Throttling [Yes/No]","P-core 4 Thermal Throttling [Yes/No]","P-core 5 Thermal Throttling [Yes/No]","E-core 6 Thermal Throttling [Yes/No]","E-core 7 Thermal Throttling [Yes/No]","E-core 8 Thermal Throttling [Yes/No]","E-core 9 Thermal Throttling [Yes/No]","E-core 10 Thermal Throttling [Yes/No]","E-core 11 Thermal Throttling [Yes/No]","E-core 12 Thermal Throttling [Yes/No]","E-core 13 Thermal Throttling [Yes/No]","Core Critical Temperature (avg) [Yes/No]","P-core 0 Critical Temperature [Yes/No]","P-core 1 Critical Temperature [Yes/No]","P-core 2 Critical Temperature [Yes/No]","P-core 3 Critical Temperature [Yes/No]","P-core 4 Critical Temperature [Yes/No]","P-core 5 Critical Temperature [Yes/No]","E-core 6 Critical Temperature [Yes/No]","E-core 7 Critical Temperature [Yes/No]","E-core 8 Critical Temperature [Yes/No]","E-core 9 Critical Temperature [Yes/No]","E-core 10 Critical Temperature [Yes/No]","E-core 11 Critical Temperature [Yes/No]","E-core 12 Critical Temperature [Yes/No]","E-core 13 Critical Temperature [Yes/No]","Core Power Limit Exceeded (avg) [Yes/No]","P-core 0 Power Limit Exceeded [Yes/No]","P-core 1 Power Limit Exceeded [Yes/No]","P-core 2 Power Limit Exceeded [Yes/No]","P-core 3 Power Limit Exceeded [Yes/No]","P-core 4 Power Limit Exceeded [Yes/No]","P-core 5 Power Limit Exceeded [Yes/No]","E-core 6 Power Limit Exceeded [Yes/No]","E-core 7 Power Limit Exceeded [Yes/No]","E-core 8 Power Limit Exceeded [Yes/No]","E-core 9 Power Limit Exceeded [Yes/No]","E-core 10 Power Limit Exceeded [Yes/No]","E-core 11 Power Limit Exceeded [Yes/No]","E-core 12 Power Limit Exceeded [Yes/No]","E-core 13 Power Limit Exceeded [Yes/No]","Package/Ring Thermal Throttling [Yes/No]","Package/Ring Critical Temperature [Yes/No]","Package/Ring Power Limit Exceeded [Yes/No]","CPU Package [°C]","CPU IA Cores [°C]","CPU GT Cores (Graphics) [°C]","VDDQ TX Voltage [V]","VR VCC Current (SVID IOUT) [A]","CPU Package Power [W]","IA Cores Power [W]","GT Cores Power [W]","System Agent Power [W]","Rest-of-Chip Power [W]","PL1 Power Limit (Static) [W]","PL1 Power Limit (Dynamic) [W]","PL2 Power Limit (Static) [W]","PL2 Power Limit (Dynamic) [W]","Current cTDP Level []","Package C2 Residency [%]","Core C0 Residency (avg) [%]","P-core 0 T0 C0 Residency [%]","P-core 0 T1 C0 Residency [%]","P-core 1 T0 C0 Residency [%]","P-core 1 T1 C0 Residency [%]","P-core 2 T0 C0 Residency [%]","P-core 2 T1 C0 Residency [%]","P-core 3 T0 C0 Residency [%]","P-core 3 T1 C0 Residency [%]","P-core 4 T0 C0 Residency [%]","P-core 4 T1 C0 Residency [%]","P-core 5 T0 C0 Residency [%]","P-core 5 T1 C0 Residency [%]","E-core 6 T0 C0 Residency [%]","E-core 7 T0 C0 Residency [%]","E-core 8 T0 C0 Residency [%]","E-core 9 T0 C0 Residency [%]","E-core 10 T0 C0 Residency [%]","E-core 11 T0 C0 Residency [%]","E-core 12 T0 C0 Residency [%]","E-core 13 T0 C0 Residency [%]","Core C1 Residency (avg) [%]","P-core 0 C1 Residency [%]","P-core 1 C1 Residency [%]","P-core 2 C1 Residency [%]","P-core 3 C1 Residency [%]","P-core 4 C1 Residency [%]","P-core 5 C1 Residency [%]","E-core 6 C1 Residency [%]","E-core 7 C1 Residency [%]","E-core 8 C1 Residency [%]","E-core 9 C1 Residency [%]","E-core 10 C1 Residency [%]","E-core 11 C1 Residency [%]","E-core 12 C1 Residency [%]","E-core 13 C1 Residency [%]","Core C6 Residency (avg) [%]","P-core 0 C6 Residency [%]","P-core 1 C6 Residency [%]","P-core 2 C6 Residency [%]","P-core 3 C6 Residency [%]","P-core 4 C6 Residency [%]","P-core 5 C6 Residency [%]","E-core 6 C6 Residency [%]","E-core 7 C6 Residency [%]","E-core 8 C6 Residency [%]","E-core 9 C6 Residency [%]","E-core 10 C6 Residency [%]","E-core 11 C6 Residency [%]","E-core 12 C6 Residency [%]","E-core 13 C6 Residency [%]","Core C7 Residency (avg) [%]","P-core 0 C7 Residency [%]","P-core 1 C7 Residency [%]","P-core 2 C7 Residency [%]","P-core 3 C7 Residency [%]","P-core 4 C7 Residency [%]","P-core 5 C7 Residency [%]","Memory Clock [MHz]","Memory Clock Ratio [x]","Tcas [T]","Trcd [T]","Trp [T]","Tras [T]","Trc [T]","Trfc [T]","Command Rate [T]","Gear Mode []","IA Limit Reasons (avg) [Yes/No]","IA: PROCHOT [Yes/No]","IA: Thermal Event [Yes/No]","IA: Residency State Regulation [Yes/No]","IA: Running Average Thermal Limit [Yes/No]","IA: VR Thermal Alert [Yes/No]","IA: VR TDC [Yes/No]","IA: Electrical Design Point/Other (ICCmax PL4 SVID DDR RAPL) [Yes/No]","IA: Package-Level RAPL/PBM PL1 [Yes/No]","IA: Package-Level RAPL/PBM PL2 PL3 [Yes/No]","IA: Max Turbo Limit [Yes/No]","IA: Turbo Attenuation (MCT) [Yes/No]","IA: Thermal Velocity Boost [Yes/No]","GT Limit Reasons (avg) [Yes/No]","GT: PROCHOT [Yes/No]","GT: Thermal Event [Yes/No]","GT: DDR RAPL [Yes/No]","GT: Residency State Regulation [Yes/No]","GT: Running Average Thermal Limit [Yes/No]","GT: VR Thermal Alert [Yes/No]","GT: VR TDC [Yes/No]","GT: Max VR Voltage  ICCmax  PL4 [Yes/No]","GT: Domain-Level PBM PLGT [Yes/No]","GT: Package-Level RAPL/PBM PL1 [Yes/No]","GT: Package-Level RAPL/PBM PL2 PL3 [Yes/No]","GT: Inefficient Operation [Yes/No]","GT: Fuses limit [Yes/No]","Ring Limit Reasons (avg) [Yes/No]","RING: PROCHOT [Yes/No]","RING: Thermal Event [Yes/No]","RING: DDR RAPL [Yes/No]","RING: Residency State Regulation [Yes/No]","RING: Running Average Thermal Limit [Yes/No]","RING: VR Thermal Alert [Yes/No]","RING: VR TDC [Yes/No]","RING: Max VR Voltage  ICCmax  PL4 [Yes/No]","RING: Package-Level RAPL/PBM PL1 [Yes/No]","RING: Package-Level RAPL/PBM PL2 PL3 [Yes/No]","PCH Temperature [°C]","CPU [RPM]","GPU [RPM]","GPU [RPM]","SPD Hub Temperature [°C]","VDD (SWA) Voltage [V]","VDDQ (SWB) Voltage [V]","VPP (SWC) Voltage [V]","1.8V VOUT Voltage [V]","1.0V VOUT Voltage [V]","VIN Voltage [V]","Total Power [W]","PMIC High Temperature [Yes/No]","PMIC Over Voltage [Yes/No]","PMIC Under Voltage [Yes/No]","SPD Hub Temperature [°C]","VDD (SWA) Voltage [V]","VDDQ (SWB) Voltage [V]","VPP (SWC) Voltage [V]","1.8V VOUT Voltage [V]","1.0V VOUT Voltage [V]","VIN Voltage [V]","Total Power [W]","PMIC High Temperature [Yes/No]","PMIC Over Voltage [Yes/No]","PMIC Under Voltage [Yes/No]","Drive Temperature [°C]","Drive Temperature 2 [°C]","Drive Remaining Life [%]","Drive Available Spare [%]","Drive Failure [Yes/No]","Drive Warning [Yes/No]","Total Host Writes [GB]","Total Host Reads [GB]","Drive Temperature [°C]","Drive Temperature 3 [°C]","Drive Remaining Life [%]","Drive Available Spare [%]","Drive Failure [Yes/No]","Drive Warning [Yes/No]","Total Host Writes [GB]","Total Host Reads [GB]","Read Activity [%]","Write Activity [%]","Total Activity [%]","Read Rate [MB/s]","Write Rate [MB/s]","Read Total [MB]","Write Total [MB]","Read Activity [%]","Write Activity [%]","Total Activity [%]","Read Rate [MB/s]","Write Rate [MB/s]","Read Total [MB]","Write Total [MB]","GPU Temperature [°C]","GPU Memory Junction Temperature [°C]","GPU Hot Spot Temperature [°C]","GPU Thermal Limit [°C]","GPU Core Voltage [V]","GPU Rail Voltages (avg) [V]","GPU FBVDD Input Voltage [V]","GPU 12VHPWR Voltage [V]","GPU Power [W]","GPU Rail Powers (avg) [W]","GPU Core (NVVDD) Input Power (sum) [W]","GPU FBVDD Input Power [W]","GPU 12VHPWR Power [W]","GPU PCIe +3.3V Input Power (est) [W]","GPU Input PP Source Power (sum) [W]","GPU Core (NVVDD) Output Power [W]","GPU Core (NVVDD) Output Power [W]","GPU Power Limit (rated) [W]","GPU Power Limit (max) [W]","GPU Clock [MHz]","GPU Memory Clock [MHz]","GPU Video Clock [MHz]","GPU Effective Clock [MHz]","GPU Crossbar Clock [MHz]","GPU Core Load [%]","GPU Memory Controller Load [%]","GPU Video Engine Load [%]","GPU Bus Load [%]","GPU Memory Usage [%]","GPU D3D Usages (avg) [%]","GPU D3D Usage [%]","GPU Video Decode 0 Usage [%]","GPU Video Encode 0 Usage [%]","GPU VR Usage [%]","GPU Performance Limiters (avg) [Yes/No]","Performance Limit - Power [Yes/No]","Performance Limit - Thermal [Yes/No]","Performance Limit - Reliability Voltage [Yes/No]","Performance Limit - Max Operating Voltage [Yes/No]","Performance Limit - Utilization [Yes/No]","Performance Limit - SLI GPUBoost Sync [Yes/No]","PCI Express Error Counters (avg) []","Receiver Errors []","Replay Count []","Replay Rollover Count []","Bad DLLP Count []","Bad TLP Count []","LCRC Error Count []","NAKs Sent Count []","NAKs Received Count []","Recovery Count []","Correctable Error Count []","Non-Fatal Error Count []","Fatal Error Count []","Unsupported Request Count []","PCIe Lane 0 Errors []","PCIe Lane 1 Errors []","PCIe Lane 2 Errors []","PCIe Lane 3 Errors []","PCIe Lane 4 Errors []","PCIe Lane 5 Errors []","PCIe Lane 6 Errors []","PCIe Lane 7 Errors []","PCIe Lane 8 Errors []","PCIe Lane 9 Errors []","PCIe Lane 10 Errors []","PCIe Lane 11 Errors []","PCIe Lane 12 Errors []","PCIe Lane 13 Errors []","PCIe Lane 14 Errors []","PCIe Lane 15 Errors []","GPU Memory Available [MB]","GPU Memory Allocated [MB]","GPU D3D Memory Dedicated [MB]","GPU D3D Memory Dynamic [MB]","PCIe Link Speed [GT/s]","GPU Core Temperature [°C]","iGPU VID [V]","IGPU Power [W]","GPU Clock [MHz]","GPU Memory Clock [MHz]","GPU Total Usage [%]","GPU Computing Usage [%]","GPU Media Engine Usage [%]","GPU D3D Utilizations (avg) [%]","GPU D3D Usage [%]","GPU Video Decode 0 Usage [%]","GPU Video Processing 0 Usage [%]","GPU Copy Engine Usage [%]","GPU Memory Usage [%]","GPU Memory Allocated [MB]","GPU Memory Available [MB]","GPU D3D Memory Dynamic [MB]","GPU Throttle Reasons (avg) [Yes/No]","Avg. Power (PL1) [Yes/No]","Burst Power (PL2) [Yes/No]","Current (PL4) [Yes/No]","Thermal [Yes/No]","Power Supply [Yes/No]","Software Limit [Yes/No]","Hardware Limit [Yes/No]","Battery Voltage [V]","Remaining Capacity [Wh]","Charge Level [%]","Charge Rate [W]","Wear Level [%]","Framerate [FPS]","Framerate 1% Low [FPS]","Framerate 0.1% Low [FPS]","Frame Time [ms]","Framerate Presented (avg) [FPS]","Framerate Presented (99%) [FPS]","Framerate Presented (1%) [FPS]","Framerate Presented (0.1%) [FPS]","Framerate Presented (1% low) [FPS]","Framerate Presented (0.1% low) [FPS]","Framerate Displayed (avg) [FPS]","Framerate Displayed (99%) [FPS]","Framerate Displayed (1%) [FPS]","Framerate Displayed (0.1%) [FPS]","Framerate Displayed (1% low) [FPS]","Framerate Displayed (0.1% low) [FPS]","Frame Time Presented (avg) [ms]","Frame Time Presented (99%) [ms]","Frame Time Presented (1%) [ms]","Frame Time Presented (0.1%) [ms]","Frame Time Displayed (1% high) [ms]","Frame Time Displayed (0.1% high) [ms]","GPU Busy (avg) [ms]","GPU Wait (avg) [ms]","CPU Busy (avg) [ms]","CPU Wait (avg) [ms]","Animation Error (avg) [ms]","Total DL [MB]","Total UP [MB]","Current DL rate [KB/s]","Current UP rate [KB/s]","Total DL [MB]","Total UP [MB]","Current DL rate [KB/s]","Current UP rate [KB/s]","Total Errors []",
7.6.2026,23:27:0.696,25104,23664,51.4,19440,12944,60.0,6.4,16384,1051,1.180,1.222,1.184,1.194,1.209,1.200,1.185,1.175,1.175,1.165,1.154,1.154,1.169,1.164,1.169,1.061,0.781,3976.0,4489.0,4489.0,4489.0,4489.0,4489.0,4489.0,3591.2,3591.2,3591.2,3591.2,3591.2,3591.2,3591.2,3591.2,99.8,3890.5,1269.6,2072.1,403.8,2806.2,44.4,2079.9,2192.0,2094.8,2257.1,1358.9,1355.5,1596.1,1303.0,666.6,739.7,780.8,741.7,731.8,700.4,691.7,774.8,1405.8,32.1,48.1,9.3,64.2,2.0,46.6,49.0,47.0,50.6,31.1,31.2,36.5,29.9,21.9,25.2,26.9,24.7,24.8,23.6,23.0,27.0,64.2,32.1,100.0,54.5,80.8,15.8,109.6,1.7,81.3,85.2,81.7,87.9,52.9,52.8,62.0,50.8,38.0,41.5,43.6,41.6,41.0,39.3,39.0,43.3,54.5,39.9,45.0,45.0,45.0,45.0,45.0,45.0,36.0,36.0,36.0,36.0,36.0,36.0,36.0,36.0,39.0,71,70,73,75,72,74,70,70,70,70,70,69,69,69,68,29,30,27,25,28,26,30,30,30,30,30,31,31,31,32,79,75,No,No,No,No,No,No,No,No,No,No,No,No,No,No,No,No,No,No,No,No,No,No,No,No,No,No,No,No,No,No,No,No,No,No,No,No,No,No,No,No,No,No,No,No,No,No,No,No,78,73,67,1.100,54.845,51.676,44.737,0.004,5.680,0.788,175.0,90.0,175.0,120.0,0,0.0,32.1,48.0,9.1,63.9,1.0,46.6,48.9,46.9,50.3,31.2,31.2,36.4,30.0,21.8,25.3,27.0,24.7,24.9,23.7,23.0,27.0,20.1,44.3,33.3,16.8,17.4,48.3,43.4,6.4,10.9,18.7,10.3,8.5,5.4,9.0,8.8,33.2,0.0,0.0,0.8,0.5,0.0,0.0,63.9,56.3,47.4,57.2,59.1,63.0,60.2,56.5,0.1,0.2,0.0,0.1,0.0,0.1,0.3,2394.1,24.00,36,35,35,68,103,383,2,2,Yes,No,No,No,No,No,No,No,No,No,Yes,No,No,Yes,No,No,No,No,No,No,No,Yes,No,No,No,No,No,No,No,No,No,No,No,No,No,No,No,No,87.0,4560,3960,4500,64.2,1.095,1.110,1.815,1.815,1.005,5.110,1.250,No,No,No,65.0,1.095,1.110,1.800,1.815,1.005,5.110,2.250,No,No,No,46,46,94.0,100.0,No,No,32094,47869,40,70,100.0,100.0,No,No,1763,3066,0.4,1.6,2.0,0.103,0.671,6136,2027,0.0,0.0,0.0,0.000,0.000,7095,53,74.1,72.0,81.1,83.0,0.875,20.494,20.485,20.502,63.621,26.706,45.760,14.934,60.932,3.000,17.902,9.918,34.500,100.000,140.000,2250.0,2150.2,1890.0,2228.3,1905.0,62.0,23.0,0.0,9.0,62.6,13.6,54.3,0.0,0.0,0.0,Yes,No,No,No,No,Yes,No,0,0,0,0,0,0,0,0,0,0,0,0,0,0,0,0,0,0,0,0,0,0,0,0,0,0,0,0,0,0,3059,5129,4898,399,16.0,68,0.300,49.477,600.0,2394.0,0.1,0.0,0.0,0.0,0.0,0.0,0.0,0.0,0.2,38,16154,38,No,No,No,No,No,No,No,No,16.811,68.277,100.0,0.000,24.1,0,0,0,8.6,119.9,139.4,104.9,102.8,103.7,102.6,119.9,165.8,82.3,82.2,82.2,82.2,8.34,9.57,7.22,7.14,9.66,9.74,5.57,2.77,8.07,0.27,2.91,28,4,43.0,16.7,0,0,0.0,0.0,0,
7.6.2026,23:27:2.698,25142,23626,51.5,19470,12913,60.1,6.4,16384,1051,1.172,1.227,1.177,1.149,1.149,1.149,1.149,1.174,1.159,1.154,1.204,1.194,1.194,1.194,1.139,1.061,0.781,3634.0,4489.0,4489.0,4489.0,4688.5,4489.0,4489.0,3591.2,3591.2,1097.3,3591.2,3591.2,3591.2,3591.2,1097.3,99.8,3890.5,1438.3,1999.5,1430.2,2699.4,460.5,2258.1,2226.1,2393.7,2102.6,1608.1,1340.3,1610.7,1437.6,888.1,899.9,911.0,913.4,864.2,860.9,907.4,953.7,1573.7,36.8,45.7,32.6,61.6,10.4,50.5,49.7,53.6,47.1,36.8,30.6,36.7,32.9,31.2,30.7,31.5,31.6,28.9,29.0,31.4,32.7,61.6,36.8,100.0,62.3,78.1,56.3,105.4,18.0,88.5,86.6,93.5,82.3,63.0,52.3,62.8,56.4,49.9,50.5,51.0,51.0,48.5,48.3,50.7,53.2,62.3,36.4,45.0,45.0,45.0,47.0,45.0,45.0,36.0,36.0,11.0,36.0,36.0,36.0,36.0,11.0,39.0,70,73,76,75,72,71,70,69,69,69,69,68,68,68,68,30,27,24,25,28,29,30,31,31,31,31,32,32,32,32,79,76,No,No,No,No,No,No,No,No,No,No,No,No,No,No,No,No,No,No,No,No,No,No,No,No,No,No,No,No,No,No,No,No,No,No,No,No,No,No,No,No,No,No,No,No,No,No,No,No,81,77,67,1.100,30.375,46.684,39.169,0.004,5.636,0.764,175.0,90.0,175.0,120.0,0,0.0,36.7,45.6,32.3,61.4,10.4,50.6,49.7,53.6,46.9,36.8,30.6,36.8,32.9,31.0,30.6,31.5,31.6,28.9,29.0,31.4,32.7,24.0,34.9,31.1,13.8,14.9,42.5,41.0,17.2,19.0,25.6,20.4,20.9,18.7,19.3,16.1,24.5,0.0,0.0,0.8,0.4,0.0,0.0,45.0,43.4,36.4,41.3,43.5,45.5,42.6,44.5,0.1,0.2,0.0,0.0,0.1,0.5,0.1,2394.1,24.00,36,35,35,68,103,383,2,2,Yes,No,No,No,No,No,No,No,No,No,Yes,No,No,Yes,No,No,No,No,No,No,No,Yes,No,No,No,No,No,Yes,No,No,No,No,No,No,No,Yes,No,No,88.0,4620,4020,4620,64.5,1.095,1.110,1.800,1.815,1.005,5.110,2.125,No,No,No,65.2,1.095,1.110,1.800,1.815,1.005,5.110,1.375,No,No,No,46,46,94.0,100.0,No,No,32094,47869,40,70,100.0,100.0,No,No,1763,3066,1.0,1.3,2.3,0.432,0.409,6136,2028,0.0,0.0,0.1,0.032,0.006,7095,53,75.2,72.0,84.1,83.0,0.875,20.459,20.450,20.467,63.901,27.250,46.283,15.092,61.607,3.000,18.056,9.831,36.884,100.000,140.000,2250.0,2150.2,1890.0,2228.2,1905.0,69.0,24.0,0.0,10.0,62.6,13.8,55.1,0.0,0.0,0.0,Yes,No,No,No,No,Yes,No,0,0,0,0,0,0,0,0,0,0,0,0,0,0,0,0,0,0,0,0,0,0,0,0,0,0,0,0,0,0,3059,5129,4898,399,16.0,67,0.297,50.564,600.0,2394.0,0.1,0.0,0.0,0.0,0.0,0.0,0.0,0.0,0.2,38,16154,38,No,No,No,No,No,No,No,No,16.811,68.277,100.0,0.000,24.1,119,0,0,8.6,141.6,208.9,81.8,66.6,72.5,65.1,141.6,169.1,82.2,82.2,82.2,82.2,7.06,12.22,4.79,3.30,13.80,15.37,0.46,6.60,7.06,0.00,2.28,28,4,131.8,16.2,0,0,0.0,0.0,0,
7.6.2026,23:27:4.694,25172,23595,51.6,19484,12900,60.1,6.4,16384,1051,1.194,1.250,1.191,1.206,1.186,1.181,1.186,1.186,1.186,1.186,1.190,1.190,1.190,1.190,1.190,1.061,0.778,3976.0,4489.0,4489.0,4489.0,4489.0,4489.0,4489.0,3591.2,3591.2,3591.2,3591.2,3591.2,3591.2,3591.2,3591.2,99.8,3890.5,1401.9,1912.8,1757.9,2398.9,1148.3,2611.1,1900.1,2592.0,1617.3,1770.0,517.9,1467.6,1406.7,821.1,896.7,925.3,891.6,839.3,867.7,821.1,875.6,1539.7,34.6,43.6,40.1,54.4,25.8,58.4,42.4,58.1,36.2,41.2,11.8,33.6,32.3,26.0,28.0,28.6,27.5,25.3,26.3,24.8,27.7,58.4,34.6,100.0,60.6,74.6,69.1,93.3,44.8,101.7,73.8,101.3,63.6,68.9,20.1,57.1,54.8,46.4,50.3,51.6,50.0,47.0,48.6,46.1,48.8,60.6,39.9,45.0,45.0,45.0,45.0,45.0,45.0,36.0,36.0,36.0,36.0,36.0,36.0,36.0,36.0,39.0,72,72,75,76,74,74,71,70,70,70,70,70,70,70,70,28,28,25,24,26,26,29,30,30,30,30,30,30,30,30,79,76,No,No,No,No,No,No,No,No,No,No,No,No,No,No,No,No,No,No,No,No,No,No,No,No,No,No,No,No,No,No,No,No,No,No,No,No,No,No,No,No,No,No,No,No,No,No,No,No,81,75,67,1.100,51.470,51.819,44.504,0.008,5.719,0.791,175.0,90.0,175.0,120.0,0,0.0,34.6,43.6,39.8,54.4,25.9,58.4,42.4,58.1,36.2,41.2,11.8,33.6,32.4,25.9,28.1,28.7,27.6,25.5,26.4,25.0,27.8,34.3,33.2,31.6,14.4,19.8,50.2,44.9,29.4,42.4,44.4,35.4,37.0,35.7,28.7,33.4,18.2,0.0,0.0,0.0,0.0,0.0,0.0,38.6,24.6,22.3,31.5,32.1,32.2,40.4,33.3,0.1,0.5,0.0,0.0,0.0,0.1,0.1,2394.1,24.00,36,35,35,68,103,383,2,2,Yes,No,No,No,No,No,No,No,No,No,Yes,No,No,Yes,No,No,No,No,No,No,No,Yes,No,No,No,No,No,No,No,No,No,No,No,No,No,No,No,No,88.0,4620,4020,4620,64.8,1.095,1.110,1.800,1.815,0.990,5.110,1.375,No,No,No,65.2,1.095,1.110,1.800,1.815,1.005,5.110,2.125,No,No,No,46,46,94.0,100.0,No,No,32094,47869,40,70,100.0,100.0,No,No,1763,3066,0.8,1.9,2.7,0.163,0.710,6137,2029,2.9,0.0,2.9,15.179,0.000,7124,53,75.5,72.0,83.2,83.0,0.875,20.477,20.467,20.486,63.968,38.055,50.231,15.330,65.802,3.000,18.307,71.696,42.022,100.000,140.000,2250.0,2150.2,1890.0,2226.9,1905.0,70.0,25.0,0.0,11.0,62.8,14.5,57.9,0.0,0.0,0.0,Yes,No,No,No,No,Yes,No,0,0,0,0,0,0,0,0,0,0,0,0,0,0,0,0,0,0,0,0,0,0,0,0,0,0,0,0,0,0,3047,5141,4910,401,16.0,67,0.300,49.850,600.0,2394.0,0.2,0.0,0.0,0.0,0.0,0.0,0.0,0.0,0.2,38,16154,38,No,No,No,No,No,No,No,No,16.807,68.277,100.0,0.000,24.1,120,0,0,8.7,120.0,149.2,102.4,92.9,96.7,91.9,120.0,164.2,96.6,93.5,94.6,93.2,8.33,9.78,6.67,6.49,10.35,10.90,6.24,2.10,8.01,0.32,0.89,28,4,8.7,11.0,0,0,0.0,0.0,0,
7.6.2026,23:27:6.705,25255,23513,51.7,19463,12920,60.1,6.4,16384,1051,1.212,1.218,1.198,1.193,1.238,1.243,1.215,1.235,1.195,1.215,1.230,1.220,1.220,1.175,1.175,1.061,0.781,3976.0,4489.0,4489.0,4489.0,4489.0,4489.0,4489.0,3591.2,3591.2,3591.2,3591.2,3591.2,3591.2,3591.2,3591.2,99.8,3890.5,1428.2,1779.6,1738.9,2252.6,1129.6,1883.5,2558.6,2043.9,2378.6,1334.1,1392.2,1315.4,1453.0,926.1,932.7,951.9,901.8,898.6,886.8,894.1,912.3,1560.8,36.4,40.7,39.9,51.3,25.6,42.2,57.3,45.8,53.5,30.8,30.9,30.3,33.5,33.1,31.8,32.6,30.3,29.7,29.1,29.3,30.5,57.3,36.4,100.0,61.8,69.5,68.2,87.7,44.0,73.5,99.4,79.8,92.5,52.0,54.1,51.3,56.5,51.8,52.1,53.1,50.5,50.1,49.7,50.0,50.9,61.8,39.9,45.0,45.0,45.0,45.0,45.0,45.0,36.0,36.0,36.0,36.0,36.0,36.0,36.0,36.0,39.0,70,72,73,75,72,70,70,69,69,69,69,68,68,68,68,30,28,27,25,28,30,30,31,31,31,31,32,32,32,32,79,75,No,No,No,No,No,No,No,No,No,No,No,No,No,No,No,No,No,No,No,No,No,No,No,No,No,No,No,No,No,No,No,No,No,No,No,No,No,No,No,No,No,No,No,No,No,No,No,No,81,75,68,1.100,56.532,52.606,45.624,0.005,5.709,0.785,175.0,90.0,175.0,120.0,0,0.0,36.4,40.5,39.5,51.3,25.6,42.1,57.3,45.7,53.2,30.8,31.9,30.3,33.5,32.9,31.7,32.6,30.3,29.7,29.1,29.3,30.5,29.0,35.8,34.8,15.2,16.9,47.1,47.3,22.6,30.8,33.6,25.5,26.9,24.3,22.0,23.2,21.1,0.0,0.0,0.0,0.1,0.0,0.0,38.2,31.6,28.2,37.8,37.3,40.2,42.1,39.8,0.1,0.2,0.0,0.0,0.0,0.6,0.0,2394.1,24.00,36,35,35,68,103,383,2,2,Yes,No,No,No,No,No,No,No,No,No,Yes,No,No,Yes,No,No,No,No,No,No,No,Yes,No,No,No,No,No,Yes,No,No,No,No,No,No,No,Yes,No,No,88.0,4500,4020,4620,65.0,1.095,1.110,1.800,1.815,0.990,5.110,2.125,No,No,No,65.5,1.095,1.110,1.800,1.815,0.990,5.110,2.625,No,No,No,46,46,94.0,100.0,No,No,32094,47869,40,70,100.0,100.0,No,No,1763,3066,1.0,0.9,1.8,0.305,1.009,6137,2031,3.0,0.0,3.1,30.109,0.014,7182,53,74.7,72.0,81.8,83.0,0.875,20.498,20.491,20.506,66.582,27.250,46.566,14.897,61.682,3.000,17.862,10.204,36.540,100.000,140.000,2250.0,2150.2,1890.0,2226.3,1905.0,62.0,24.0,0.0,8.0,62.9,15.1,60.4,0.0,0.0,0.0,Yes,No,No,No,No,Yes,No,0,0,0,0,0,0,0,0,0,0,0,0,0,0,0,0,0,0,0,0,0,0,0,0,0,0,0,0,0,0,3042,5146,4914,401,16.0,68,0.297,54.873,600.0,2394.0,0.1,0.0,0.0,0.0,0.0,0.0,0.0,0.0,0.2,38,16154,38,No,No,No,No,No,No,No,No,16.812,68.277,100.0,0.000,24.1,120,0,0,8.9,119.8,160.6,87.7,75.9,79.8,74.9,119.7,196.0,89.7,76.5,80.9,75.3,8.34,11.40,6.15,4.49,12.54,13.39,6.03,2.32,8.03,0.32,0.75,28,4,2.8,3.8,0,0,0.0,0.0,0,
7.6.2026,23:27:8.702,25241,23527,51.7,19459,12925,60.0,6.4,16384,1051,1.177,1.186,1.146,1.186,1.186,1.151,1.171,1.166,1.151,1.196,1.206,1.206,1.171,1.191,1.166,1.061,0.781,2971.3,4489.0,1396.6,1396.6,4688.5,1396.6,4489.0,3591.2,3591.2,3591.2,3591.2,3591.2,1097.3,3591.2,1097.3,99.8,3890.5,963.5,1733.0,516.2,2239.5,278.6,2786.1,745.5,705.5,2836.6,1526.2,203.6,346.8,1534.1,416.1,266.0,256.2,201.5,646.4,684.3,644.6,702.2,1037.0,23.7,40.4,10.6,51.7,1.9,62.4,15.5,13.9,63.6,35.8,4.8,5.9,35.9,13.6,7.3,7.5,4.9,22.8,25.0,23.6,26.3,63.6,23.7,100.0,41.0,67.6,20.3,87.5,10.9,108.3,28.9,27.5,110.0,59.3,7.9,13.6,59.6,23.9,15.1,14.4,11.5,37.4,39.6,37.1,40.4,41.1,29.8,45.0,14.0,14.0,47.0,14.0,45.0,36.0,36.0,36.0,36.0,36.0,11.0,36.0,11.0,39.0,68,69,70,72,67,68,67,66,66,66,66,68,68,68,68,32,31,30,28,33,32,33,34,34,34,34,32,32,32,32,79,72,No,No,No,No,No,No,No,No,No,No,No,No,No,No,No,No,No,No,No,No,No,No,No,No,No,No,No,No,No,No,No,No,No,No,No,No,No,No,No,No,No,No,No,No,No,No,No,No,79,71,67,1.100,31.219,52.477,44.837,0.005,5.711,0.792,175.0,90.0,175.0,120.0,0,0.0,24.4,40.2,11.7,51.5,6.3,62.4,16.6,15.7,63.5,35.8,4.7,8.0,35.9,14.9,8.7,8.7,6.3,22.8,24.9,23.4,26.1,21.1,50.6,43.3,23.5,23.9,59.2,57.6,4.7,3.2,8.4,3.8,5.6,3.9,2.7,4.2,41.6,0.0,0.0,0.0,0.0,0.0,0.0,74.8,85.0,80.7,87.7,63.7,63.2,66.1,61.7,0.0,0.1,0.0,0.0,0.0,0.2,0.0,2394.1,24.00,36,35,35,68,103,383,2,2,Yes,No,No,No,No,No,No,No,No,No,Yes,No,No,Yes,No,No,No,No,No,No,No,Yes,No,No,No,No,No,Yes,No,No,No,No,No,No,No,Yes,No,No,87.0,4620,4140,4620,65.0,1.095,1.110,1.800,1.815,0.990,5.110,1.125,No,No,No,65.8,1.110,1.110,1.800,1.815,0.990,5.110,1.500,No,No,No,46,46,94.0,100.0,No,No,32094,47869,40,70,100.0,100.0,No,No,1763,3066,0.2,1.8,2.0,0.042,0.256,6137,2032,0.1,0.0,0.1,0.293,0.000,7182,53,74.8,72.0,82.8,83.0,0.875,20.562,20.556,20.567,65.662,23.017,39.856,12.395,52.467,3.000,15.366,9.802,28.236,100.000,140.000,2250.0,2150.2,1890.0,2230.4,1905.0,46.0,14.0,0.0,3.0,64.2,14.0,56.0,0.0,0.0,0.0,Yes,No,No,No,No,Yes,No,0,0,0,0,0,0,0,0,0,0,0,0,0,0,0,0,0,0,0,0,0,0,0,0,0,0,0,0,0,0,2932,5256,5024,401,16.0,68,0.297,45.525,600.0,2394.0,0.1,0.0,0.0,0.0,0.0,0.0,0.0,0.0,0.2,38,16154,38,No,No,No,No,No,No,No,No,16.818,68.277,100.0,0.000,24.1,120,0,0,7.9,120.0,146.2,101.0,99.5,100.1,99.3,120.0,145.5,102.1,99.4,100.5,99.0,8.33,9.88,6.85,5.56,9.96,10.04,4.23,4.11,8.03,0.31,0.67,28,4,7.4,4.5,0,0,0.0,0.0,0,
7.6.2026,23:27:10.699,25656,23112,52.6,19698,12686,60.8,6.4,16384,1051,1.201,1.200,1.191,1.206,1.211,1.206,1.206,1.206,1.198,1.198,1.198,1.198,1.183,1.208,1.208,1.061,0.778,3976.0,4489.0,4489.0,4489.0,4489.0,4489.0,4489.0,3591.2,3591.2,3591.2,3591.2,3591.2,3591.2,3591.2,3591.2,99.8,3890.5,1261.8,2079.1,574.0,2607.5,447.4,3187.3,780.4,935.6,2928.3,2104.4,306.8,526.4,2000.0,814.7,791.6,770.3,565.9,943.5,961.3,897.6,1014.8,1338.7,31.8,48.1,14.3,59.9,13.9,72.1,18.8,22.9,66.0,48.6,7.5,13.7,46.2,25.3,24.4,23.7,17.4,27.7,28.5,26.4,31.1,72.1,31.8,100.0,54.9,81.4,22.6,101.8,17.4,124.0,30.4,36.4,114.1,81.7,12.0,20.6,77.8,45.6,44.1,43.0,31.4,52.8,53.7,50.2,56.7,54.9,39.9,45.0,45.0,45.0,45.0,45.0,45.0,36.0,36.0,36.0,36.0,36.0,36.0,36.0,36.0,39.0,74,75,77,77,77,76,76,73,73,73,73,71,71,71,71,26,25,23,23,23,24,24,27,27,27,27,29,29,29,29,81,77,No,No,No,No,No,No,No,No,No,No,No,No,No,No,No,No,No,No,No,No,No,No,No,No,No,No,No,No,No,No,Yes,Yes,Yes,Yes,Yes,Yes,Yes,Yes,Yes,Yes,Yes,Yes,Yes,Yes,Yes,No,No,Yes,79,77,68,1.100,50.626,40.483,33.498,0.005,5.494,0.687,175.0,90.0,175.0,120.0,0,0.0,31.5,48.4,13.5,59.9,10.6,72.0,18.1,21.6,66.2,49.0,7.3,12.3,46.7,24.7,23.9,23.1,16.8,28.3,29.2,27.1,31.8,23.5,42.2,32.4,17.5,19.1,44.5,44.6,15.6,17.4,16.9,14.1,17.6,16.4,15.9,14.3,30.6,0.1,0.0,0.0,0.0,0.1,0.2,55.2,54.7,56.3,67.3,47.8,47.9,51.4,47.6,0.0,0.0,0.0,0.0,0.0,0.0,0.0,2394.1,24.00,36,35,35,68,103,383,2,2,Yes,No,No,No,No,No,No,No,No,Yes,Yes,No,No,Yes,No,No,No,No,No,No,No,Yes,No,No,No,No,No,No,No,No,No,No,No,No,No,No,No,No,88.0,4620,4080,4620,65.0,1.110,1.110,1.800,1.815,0.990,5.110,2.500,No,No,No,65.8,1.110,1.110,1.800,1.815,0.990,5.110,1.750,No,No,No,46,46,94.0,100.0,No,No,32094,47869,40,70,100.0,100.0,No,No,1763,3066,0.3,1.9,2.2,0.121,0.370,6138,2032,11.5,0.1,11.6,131.041,0.020,7434,53,73.3,72.0,79.9,83.0,0.875,20.494,20.488,20.501,59.739,24.047,40.196,13.911,54.348,3.000,16.878,9.925,30.070,100.000,140.000,2250.0,2150.2,1890.0,2230.6,1905.0,57.0,21.0,0.0,9.0,64.8,12.1,48.3,0.0,0.0,0.0,Yes,No,No,No,No,Yes,No,0,0,0,0,0,0,0,0,0,0,0,0,0,0,0,0,0,0,0,0,0,0,0,0,0,0,0,0,0,0,2881,5307,5080,409,16.0,68,0.297,40.098,600.0,2394.0,0.1,0.0,0.0,0.0,0.0,0.0,0.0,0.0,0.2,38,16154,38,No,No,No,No,No,No,No,No,16.811,68.277,100.0,0.000,24.1,102,0,0,12.0,102.3,206.3,47.3,47.0,46.9,46.9,102.0,234.1,47.4,45.2,44.9,44.9,9.77,21.04,4.93,4.61,21.36,21.36,5.72,4.06,9.41,0.36,2.89,28,4,9.2,16.8,0,0,0.0,0.0,0,
7.6.2026,23:27:12.710,25480,23288,52.2,19645,12738,60.6,6.4,16384,1051,1.218,1.212,1.195,1.200,1.205,1.245,1.225,1.200,1.190,1.220,1.220,1.240,1.245,1.232,1.222,1.061,0.781,3976.0,4489.0,4489.0,4489.0,4489.0,4489.0,4489.0,3591.2,3591.2,3591.2,3591.2,3591.2,3591.2,3591.2,3591.2,99.8,3890.5,1479.5,1861.7,1809.5,2232.8,1244.5,2251.3,2244.5,2172.5,2324.3,1616.7,1111.7,1490.5,1560.3,904.2,954.1,1005.4,951.1,940.9,962.0,974.3,977.9,1608.4,37.0,43.0,42.1,51.7,28.2,51.4,50.8,49.5,52.5,37.9,25.7,34.7,36.2,28.3,29.7,31.5,29.1,28.4,29.2,29.7,31.0,52.5,37.0,100.0,64.3,72.7,71.3,87.2,48.7,88.0,87.9,84.8,90.6,63.2,43.4,58.0,61.0,50.7,53.5,56.4,53.4,52.7,54.3,54.6,54.6,64.4,39.9,45.0,45.0,45.0,45.0,45.0,45.0,36.0,36.0,36.0,36.0,36.0,36.0,36.0,36.0,39.0,70,72,71,75,71,70,71,69,69,69,69,68,68,68,68,30,28,29,25,29,30,29,31,31,31,31,32,32,32,32,79,75,No,No,No,No,No,No,No,No,No,No,No,No,No,No,No,No,No,No,No,No,No,No,No,No,No,No,No,No,No,No,Yes,Yes,Yes,Yes,Yes,Yes,Yes,Yes,Yes,Yes,Yes,Yes,Yes,Yes,Yes,No,No,Yes,79,73,68,1.100,66.657,47.423,40.103,0.004,5.660,0.769,175.0,90.0,175.0,120.0,0,0.0,36.8,42.7,41.6,51.4,28.5,50.9,50.6,49.1,52.4,37.7,25.6,34.5,36.1,28.1,29.6,31.4,28.9,28.3,29.0,29.5,30.9,29.0,32.6,32.4,15.8,14.0,45.1,42.1,25.3,28.3,32.9,25.7,30.9,27.7,30.0,23.7,21.0,0.2,0.0,0.0,0.0,0.2,0.0,40.7,36.3,30.2,39.6,35.2,37.6,34.7,39.9,0.1,0.3,0.0,0.0,0.0,0.0,0.1,2394.1,24.00,36,35,35,68,103,383,2,2,Yes,No,No,No,No,No,No,No,No,Yes,Yes,No,No,Yes,No,No,No,No,No,No,No,Yes,No,No,No,No,No,Yes,No,No,No,No,No,No,No,Yes,No,No,88.0,4620,4080,4620,65.2,1.110,1.110,1.815,1.815,0.990,5.110,2.250,No,No,No,66.0,1.110,1.110,1.800,1.815,0.990,5.110,1.625,No,No,No,46,46,94.0,100.0,No,No,32094,47869,40,70,100.0,100.0,No,No,1763,3066,0.0,1.8,1.8,0.000,0.169,6138,2033,10.2,0.0,10.2,124.167,0.010,7672,53,74.8,72.0,82.1,83.0,0.875,20.510,20.502,20.518,59.529,35.233,46.381,14.844,61.473,3.000,17.819,68.180,34.938,100.000,140.000,2250.0,2150.2,1890.0,2228.6,1905.0,61.0,24.0,0.0,7.0,65.9,12.8,51.2,0.0,0.0,0.0,Yes,No,No,No,No,Yes,No,0,0,0,0,0,0,0,0,0,0,0,0,0,0,0,0,0,0,0,0,0,0,0,0,0,0,0,0,0,0,2795,5393,5161,409,16.0,68,0.300,56.171,600.0,2394.0,0.1,0.0,0.0,0.0,0.0,0.0,0.0,0.0,0.2,38,16154,38,No,No,No,No,No,No,No,No,16.810,68.277,100.0,0.000,24.1,120,0,0,8.3,120.2,152.0,104.4,98.6,101.0,97.9,120.2,142.4,100.5,97.3,98.3,97.0,8.32,9.59,6.57,6.26,9.91,10.23,5.49,2.83,8.01,0.31,0.65,28,4,5.3,13.8,0,0,0.0,0.0,0,
7.6.2026,23:27:14.725,25580,23188,52.4,19689,12695,60.7,6.4,16384,1051,1.199,1.185,1.191,1.206,1.216,1.211,1.186,1.201,1.192,1.192,1.212,1.197,1.177,1.177,1.248,1.061,0.781,3712.3,4489.0,4489.0,4489.0,4489.0,4489.0,798.0,3591.2,3591.2,3591.2,3591.2,3591.2,3591.2,3591.2,3591.2,99.8,3890.5,1324.2,1719.3,1586.2,2278.0,979.1,2405.2,1750.9,2327.0,2133.0,1672.1,628.3,1443.0,1286.5,815.5,788.5,808.5,742.2,820.9,735.5,790.0,773.5,1460.2,32.9,39.3,36.5,51.8,22.7,54.0,39.1,52.1,47.8,39.0,14.9,33.2,29.6,25.7,24.8,25.6,23.6,25.9,22.7,24.9,25.0,54.0,32.9,100.0,57.0,67.0,62.3,88.7,38.2,93.8,68.3,90.4,83.1,65.0,24.4,56.0,50.2,46.2,44.4,45.5,41.8,46.2,41.4,44.4,43.3,57.0,37.2,45.0,45.0,45.0,45.0,45.0,8.0,36.0,36.0,36.0,36.0,36.0,36.0,36.0,36.0,39.0,72,75,73,75,77,75,73,70,70,70,70,68,68,68,69,28,25,27,25,23,25,27,30,30,30,30,32,32,32,31,81,77,No,No,No,No,No,No,No,No,No,No,No,No,No,No,No,No,No,No,No,No,No,No,No,No,No,No,No,No,No,No,No,No,No,No,No,No,No,No,No,No,No,No,No,No,No,No,No,No,81,74,68,1.100,38.813,52.458,45.099,0.004,5.747,0.801,175.0,90.0,175.0,120.0,0,0.0,32.9,39.2,36.2,51.8,22.1,53.9,39.1,52.0,47.6,39.0,14.2,33.2,29.7,25.7,24.9,25.8,23.7,26.1,22.9,25.0,25.3,22.5,39.5,36.7,19.9,13.9,51.6,47.5,13.7,17.4,18.3,8.9,15.3,11.4,13.3,7.1,31.5,0.0,0.0,0.2,0.7,0.0,0.0,53.5,50.9,48.9,60.4,51.6,58.9,54.8,61.2,0.1,0.2,0.0,0.0,0.2,0.0,0.2,2394.1,24.00,36,35,35,68,103,383,2,2,Yes,No,No,No,No,No,No,No,No,No,Yes,No,No,Yes,No,No,No,No,No,No,No,Yes,No,No,No,No,No,No,No,No,No,No,No,No,No,No,No,No,87.0,4620,4020,4620,65.5,1.110,1.110,1.800,1.815,0.990,5.110,2.000,No,No,No,66.0,1.110,1.110,1.800,1.815,0.990,5.110,1.500,No,No,No,46,46,94.0,100.0,No,No,32094,47869,40,70,100.0,100.0,No,No,1763,3066,0.0,1.5,1.5,0.000,0.060,6138,2033,1.3,0.0,1.3,10.895,0.000,7693,53,76.4,72.0,85.1,83.0,0.875,20.472,20.463,20.481,65.064,27.650,48.804,15.163,64.208,3.000,18.139,10.332,33.907,100.000,140.000,2250.0,2150.2,1890.0,2227.9,1905.0,66.0,25.0,0.0,10.0,65.7,14.2,56.7,0.0,0.0,0.0,Yes,No,No,No,No,Yes,No,0,0,0,0,0,0,0,0,0,0,0,0,0,0,0,0,0,0,0,0,0,0,0,0,0,0,0,0,0,0,2811,5377,5227,409,16.0,68,0.300,49.178,600.0,2394.0,0.1,0.0,0.0,0.0,0.0,0.0,0.0,0.0,0.2,38,16154,38,No,No,No,No,No,No,No,No,16.811,68.277,100.0,0.000,24.1,120,0,0,8.0,119.9,168.6,84.6,72.4,76.9,71.2,119.8,221.2,86.2,77.9,81.0,77.0,8.34,11.91,5.82,4.24,12.93,13.81,5.86,2.49,8.02,0.32,1.17,28,4,6.4,9.1,0,0,0.0,0.0,0,
7.6.2026,23:27:16.722,25552,23215,52.3,19727,12656,60.9,6.4,16384,1051,1.167,1.234,1.183,1.143,1.143,1.138,1.143,1.148,1.153,1.153,1.186,1.186,1.176,1.176,1.176,1.061,0.778,3976.0,4489.0,4489.0,4489.0,4489.0,4489.0,4489.0,3591.2,3591.2,3591.2,3591.2,3591.2,3591.2,3591.2,3591.2,99.8,3890.5,1545.7,2118.7,1728.9,2588.3,1123.5,2957.2,1716.9,2855.9,1731.0,1738.1,1282.3,1703.9,1330.3,1046.1,1020.5,1062.5,943.3,1086.0,962.4,1012.9,906.1,1684.2,38.1,48.1,39.3,58.5,25.2,66.2,38.4,64.0,38.9,39.9,29.1,39.0,30.3,32.4,31.3,32.8,28.4,32.7,28.8,30.5,29.2,66.2,38.1,100.0,66.9,82.5,67.9,100.6,43.8,115.0,66.8,111.1,68.1,67.5,50.0,66.3,52.0,58.1,56.7,59.0,52.5,59.9,53.5,56.2,51.0,66.9,39.9,45.0,45.0,45.0,45.0,45.0,45.0,36.0,36.0,36.0,36.0,36.0,36.0,36.0,36.0,39.0,72,74,77,76,75,75,73,71,71,71,71,69,69,69,69,28,26,23,24,25,25,27,29,29,29,29,31,31,31,31,81,77,No,No,No,No,No,No,No,No,No,No,No,No,No,No,No,No,No,No,No,No,No,No,No,No,No,No,No,No,No,No,Yes,Yes,Yes,Yes,Yes,Yes,Yes,Yes,Yes,Yes,Yes,Yes,Yes,Yes,Yes,No,No,Yes,82,77,68,1.100,58.220,48.732,41.601,0.004,5.682,0.767,175.0,90.0,175.0,120.0,0,0.0,38.1,48.0,39.0,58.6,25.2,66.3,38.3,64.0,38.7,39.9,29.1,39.0,30.3,32.2,31.3,32.9,28.4,32.7,28.9,30.5,29.0,39.9,30.9,28.7,12.9,14.0,43.4,42.6,56.8,53.6,59.4,39.4,63.5,45.2,48.0,19.9,9.8,0.0,0.0,0.0,0.0,0.0,0.0,7.8,11.5,4.6,27.5,1.2,21.7,17.4,45.4,0.0,0.1,0.0,0.0,0.0,0.1,0.0,2394.1,24.00,36,35,35,68,103,383,2,2,Yes,No,No,No,No,No,No,No,No,Yes,Yes,No,No,Yes,No,No,No,No,No,No,No,Yes,No,No,No,No,No,No,No,No,No,No,No,No,No,No,No,No,86.0,4560,4080,4680,65.8,1.110,1.110,1.800,1.815,1.005,5.110,2.250,No,No,No,66.2,1.110,1.110,1.800,1.815,1.005,5.110,1.375,No,No,No,46,46,94.0,100.0,No,No,32094,47869,40,70,100.0,100.0,No,No,1763,3066,0.0,0.7,0.7,0.000,0.088,6138,2033,2.4,0.0,2.4,20.414,0.000,7732,53,76.0,74.0,83.4,83.0,0.875,20.464,20.454,20.473,67.778,36.583,48.943,15.382,64.614,3.000,18.339,71.565,34.240,100.000,140.000,2250.0,2150.2,1890.0,2225.2,1905.0,68.0,27.0,0.0,11.0,65.8,15.4,61.6,0.0,0.0,0.0,Yes,No,No,No,No,Yes,No,0,0,0,0,0,0,0,0,0,0,0,0,0,0,0,0,0,0,0,0,0,0,0,0,0,0,0,0,0,0,2797,5391,5160,410,16.0,68,0.297,53.313,600.0,2394.0,0.1,0.0,0.0,0.0,0.0,0.0,0.0,0.0,0.2,38,16154,38,No,No,No,No,No,No,No,No,16.811,68.277,100.0,0.000,24.1,120,0,0,6.3,119.9,173.5,90.0,79.8,83.9,78.7,119.8,203.0,81.2,74.4,77.1,73.6,8.34,11.13,5.73,4.91,11.97,12.79,6.05,2.30,8.00,0.34,1.36,28,4,4.2,8.8,0,0,0.0,0.0,0,
7.6.2026,23:27:18.722,25585,23183,52.4,19736,12647,60.9,6.4,16384,1051,1.193,1.236,1.246,1.213,1.176,1.156,1.156,1.183,1.183,1.163,1.183,1.188,1.188,1.214,1.214,1.061,0.778,3797.9,4489.0,4489.0,4489.0,4489.0,4489.0,4489.0,1097.3,3591.2,3591.2,3591.2,3591.2,3591.2,3591.2,3591.2,99.8,3890.5,1601.6,2237.0,1791.5,2548.9,1176.7,2844.8,1906.7,2636.2,1970.8,1769.6,1367.7,1698.2,1440.4,1106.8,1090.5,1137.2,1031.4,1123.0,1063.5,1071.6,1020.2,1734.6,39.9,50.4,40.2,57.5,26.5,63.4,42.8,59.1,44.4,40.6,30.4,38.8,32.3,35.7,34.1,36.0,32.3,34.8,33.3,33.4,32.9,63.4,39.9,100.0,69.5,87.5,70.5,99.3,45.9,110.6,74.3,102.8,77.3,68.9,53.3,66.0,56.3,61.5,60.3,62.8,57.0,61.8,58.9,59.1,56.8,69.5,38.1,45.0,45.0,45.0,45.0,45.0,45.0,11.0,36.0,36.0,36.0,36.0,36.0,36.0,36.0,39.0,73,77,75,76,75,75,73,71,71,71,71,71,71,71,71,27,23,25,24,25,25,27,29,29,29,29,29,29,29,29,81,77,No,No,No,No,No,No,No,No,No,No,No,No,No,No,No,No,No,No,No,No,No,No,No,No,No,No,No,No,No,No,No,No,No,No,No,No,No,No,No,No,No,No,No,No,No,No,No,No,82,79,68,1.100,53.157,55.525,48.041,0.004,5.791,0.823,175.0,90.0,175.0,120.0,0,0.0,40.0,50.6,40.3,57.8,26.4,63.7,42.6,59.1,44.1,40.5,31.0,38.8,32.8,35.5,34.1,35.9,32.2,34.7,33.3,33.4,32.9,41.0,27.6,28.7,11.3,13.6,41.2,40.9,52.6,56.5,57.5,52.2,57.3,51.1,50.2,33.8,6.3,0.1,0.0,0.0,0.0,0.0,0.0,8.3,6.2,3.6,12.2,4.9,11.8,12.6,28.3,0.0,0.0,0.0,0.0,0.0,0.0,0.0,2394.1,24.00,36,35,35,68,103,383,2,2,Yes,No,No,No,No,No,No,No,No,No,Yes,No,No,Yes,No,No,No,No,No,No,No,Yes,No,No,No,No,No,Yes,No,No,No,No,No,No,No,Yes,No,No,87.0,4620,4080,4680,65.8,1.110,1.110,1.800,1.815,1.005,5.110,2.250,No,No,No,66.5,1.110,1.110,1.800,1.815,1.005,5.110,1.875,No,No,No,45,45,94.0,100.0,No,No,32094,47869,40,70,100.0,100.0,No,No,1763,3066,0.1,2.7,2.9,0.004,0.839,6138,2035,1.7,0.0,1.7,13.870,0.000,7759,53,76.7,74.0,84.6,83.0,0.875,20.457,20.448,20.466,66.818,27.010,47.298,15.356,62.892,3.000,18.330,10.189,32.008,100.000,140.000,2250.0,2150.2,1890.0,2225.8,1905.0,66.0,27.0,0.0,10.0,66.3,15.6,62.6,0.0,0.0,0.0,Yes,No,No,No,No,Yes,No,0,0,0,0,0,0,0,0,0,0,0,0,0,0,0,0,0,0,0,0,0,0,0,0,0,0,0,0,0,0,2760,5428,5197,411,16.0,68,0.297,59.817,600.0,2394.0,0.1,0.0,0.0,0.0,0.0,0.0,0.0,0.0,0.2,38,16154,38,No,No,No,No,No,No,No,No,16.806,68.277,100.0,0.000,24.1,120,0,0,8.1,119.9,167.5,94.2,68.5,77.5,66.2,119.8,165.5,84.8,54.3,64.0,51.9,8.34,10.60,5.93,4.68,13.02,15.34,5.97,2.37,7.99,0.35,1.16,28,4,3.7,5.6,0,0,0.0,0.0,0,
7.6.2026,23:27:20.719,25720,23048,52.7,19772,12612,61.0,6.4,16384,1050,1.224,1.188,1.175,1.195,1.195,1.220,1.245,1.200,1.245,1.245,1.245,1.245,1.245,1.245,1.245,1.061,0.778,3797.9,4489.0,4489.0,4489.0,4489.0,4489.0,4489.0,1097.3,3591.2,3591.2,3591.2,3591.2,3591.2,3591.2,3591.2,99.8,3890.5,1595.0,1880.6,2042.6,2502.8,1220.5,1839.4,2815.0,1862.8,2732.8,1452.0,1738.6,1501.8,1740.7,1053.1,1097.3,1090.3,1042.8,1122.1,1056.1,1048.9,1060.1,1725.8,39.3,42.8,46.6,57.1,26.9,41.7,63.1,41.8,61.3,32.6,40.0,34.3,39.5,32.3,33.4,33.2,31.0,33.5,31.3,31.2,32.0,63.1,39.3,100.0,69.2,73.5,80.1,97.4,47.7,71.9,109.7,72.6,106.6,56.6,67.8,58.5,68.0,58.4,60.8,60.2,57.6,61.9,58.7,57.9,59.1,69.2,38.1,45.0,45.0,45.0,45.0,45.0,45.0,11.0,36.0,36.0,36.0,36.0,36.0,36.0,36.0,39.0,73,77,75,77,75,74,71,72,72,72,72,71,71,71,71,27,23,25,23,25,26,29,28,28,28,28,29,29,29,29,82,77,No,No,No,No,No,No,No,No,No,No,No,No,No,No,No,No,No,No,No,No,No,No,No,No,No,No,No,No,No,No,Yes,Yes,Yes,Yes,Yes,Yes,Yes,Yes,Yes,Yes,Yes,Yes,Yes,Yes,Yes,No,No,Yes,81,77,69,1.100,44.719,60.643,52.936,0.009,5.834,0.845,175.0,90.0,175.0,120.0,0,0.0,39.3,42.8,46.2,56.8,27.6,41.3,63.1,41.8,61.3,33.2,39.6,34.3,39.6,32.1,33.4,33.3,31.6,33.6,31.4,31.2,32.6,46.4,29.2,29.0,12.0,13.9,40.4,39.3,63.3,63.2,63.6,62.5,63.0,56.4,62.7,50.7,2.4,0.0,0.0,0.0,0.0,0.0,0.0,2.0,0.8,0.7,3.4,0.9,9.0,3.6,13.1,0.0,0.1,0.0,0.0,0.0,0.1,0.0,2394.1,24.00,36,35,35,68,103,383,2,2,Yes,No,No,No,No,No,No,No,No,Yes,Yes,No,No,Yes,No,No,No,No,No,No,No,Yes,No,No,No,No,No,No,No,No,No,No,No,No,No,No,No,No,88.0,4680,4320,4680,66.0,1.095,1.110,1.800,1.815,1.005,5.110,1.625,No,No,No,66.5,1.095,1.110,1.800,1.815,1.005,5.110,2.000,No,No,No,45,45,94.0,100.0,No,No,32094,47869,40,70,100.0,100.0,No,No,1763,3066,0.1,1.7,1.9,0.024,0.067,6138,2035,3.6,0.0,3.6,33.421,0.000,7823,53,77.4,74.0,86.4,83.0,0.875,20.452,20.442,20.462,68.803,27.984,49.163,15.842,65.232,3.000,18.799,10.294,33.556,100.000,140.000,2250.0,2150.2,1890.0,2224.9,1905.0,68.0,28.0,0.0,12.0,67.7,15.5,62.1,0.0,0.0,0.0,Yes,No,No,No,No,Yes,No,0,0,0,0,0,0,0,0,0,0,0,0,0,0,0,0,0,0,0,0,0,0,0,0,0,0,0,0,0,0,2647,5541,5310,411,16.0,69,0.297,53.395,600.0,2394.0,0.2,0.0,0.0,0.0,0.0,0.0,0.0,0.0,0.2,38,16154,38,No,No,No,No,No,No,No,No,16.807,68.277,100.0,0.000,24.1,120,0,0,7.7,119.7,182.3,92.7,51.4,63.7,48.6,119.8,198.0,93.8,47.3,60.3,44.4,8.36,10.77,5.53,5.26,15.70,20.63,5.87,2.48,8.00,0.35,1.38,28,4,3.5,6.9,0,0,0.0,0.0,0,
7.6.2026,23:27:22.715,25415,23353,52.1,19691,12693,60.8,6.4,16384,1050,1.181,1.243,1.172,1.192,1.182,1.182,1.173,1.148,1.163,1.163,1.178,1.178,1.183,1.189,1.189,1.061,0.778,3976.0,4489.0,4489.0,4489.0,4489.0,4489.0,4489.0,3591.2,3591.2,3591.2,3591.2,3591.2,3591.2,3591.2,3591.2,99.8,3890.5,1488.9,1854.7,1862.2,2410.4,1173.9,1860.4,2683.3,1902.4,2622.7,1329.9,1653.4,1443.9,1549.0,942.1,983.5,989.5,816.6,1015.3,870.8,920.6,892.7,1629.9,36.2,42.3,42.4,54.3,26.4,41.3,59.9,42.3,59.0,30.4,37.2,32.6,35.2,28.0,29.2,29.6,24.4,29.8,25.2,26.7,27.3,59.9,36.2,100.0,64.3,72.4,73.2,93.9,45.8,72.3,104.7,74.0,102.3,51.8,64.4,56.2,60.5,52.2,54.5,54.6,45.7,56.5,48.8,51.3,50.3,64.3,39.9,45.0,45.0,45.0,45.0,45.0,45.0,36.0,36.0,36.0,36.0,36.0,36.0,36.0,36.0,39.0,74,77,77,77,75,76,73,73,73,73,73,71,71,71,71,26,23,23,23,25,24,27,27,27,27,27,29,29,29,29,82,77,No,No,No,No,No,No,No,No,No,No,No,No,No,No,No,No,No,No,No,No,No,No,No,No,No,No,No,No,No,No,No,No,No,No,No,No,No,No,No,No,No,No,No,No,No,No,No,No,81,77,69,1.100,24.469,54.173,46.579,0.009,5.836,0.844,175.0,90.0,175.0,120.0,0,0.0,36.4,42.2,42.1,54.6,26.4,41.6,60.1,42.6,58.7,30.4,37.7,33.1,35.2,28.4,29.6,30.1,24.4,30.3,25.9,27.3,27.3,40.2,32.0,30.8,13.0,13.6,43.1,42.8,63.0,59.4,62.0,31.3,59.3,37.0,48.4,26.6,11.3,0.0,0.0,0.0,0.0,0.0,0.0,5.7,7.9,5.2,39.1,7.1,32.1,20.2,40.4,0.0,0.0,0.0,0.0,0.0,0.0,0.0,2394.1,24.00,36,35,35,68,103,383,2,2,Yes,No,No,No,No,No,No,No,No,No,Yes,No,No,Yes,No,No,No,No,No,No,No,Yes,No,No,No,No,No,No,No,No,No,No,No,No,No,No,No,No,88.0,4620,4380,4680,66.2,1.095,1.110,1.800,1.815,1.005,5.110,2.750,No,No,No,66.8,1.095,1.110,1.800,1.815,1.005,5.110,1.375,No,No,No,45,45,94.0,100.0,No,No,32094,47869,40,70,100.0,100.0,No,No,1763,3066,0.1,2.2,2.3,0.008,0.211,6138,2035,2.7,0.0,2.7,23.046,0.000,7867,53,76.0,74.0,83.1,83.0,0.875,20.489,20.481,20.497,64.118,27.731,46.318,15.443,61.983,3.000,18.403,10.291,38.677,100.000,140.000,2250.0,2150.2,1890.0,2228.5,1905.0,62.0,28.0,0.0,10.0,65.1,14.0,56.2,0.0,0.0,0.0,Yes,No,No,No,No,Yes,No,0,0,0,0,0,0,0,0,0,0,0,0,0,0,0,0,0,0,0,0,0,0,0,0,0,0,0,0,0,0,2854,5334,5102,411,16.0,69,0.297,58.839,600.0,2394.0,0.2,0.0,0.0,0.0,0.0,0.0,0.0,0.0,0.2,38,16154,38,No,No,No,No,No,No,No,No,16.810,68.277,100.0,0.000,24.1,120,0,0,8.5,120.0,158.2,94.7,85.8,89.2,84.9,120.0,192.2,87.2,77.2,80.8,76.2,8.33,10.61,6.27,5.93,11.23,11.81,5.46,2.87,7.99,0.34,1.08,28,4,3.1,8.2,0,0,0.0,0.0,0,
7.6.2026,23:27:24.711,25432,23335,52.1,19792,12592,61.1,6.4,16384,1050,1.199,1.122,1.184,1.215,1.202,1.217,1.202,1.228,1.233,1.213,1.203,1.208,1.238,1.147,1.182,1.061,0.778,3976.0,4489.0,4489.0,4489.0,4489.0,4489.0,4489.0,3591.2,3591.2,3591.2,3591.2,3591.2,3591.2,3591.2,3591.2,99.8,3890.5,1433.9,1939.2,1812.8,2345.6,1202.0,2168.4,2418.6,1970.7,2507.7,1706.6,859.2,1428.9,1530.8,851.7,919.2,931.3,783.8,882.0,803.1,810.7,805.7,1586.0,35.4,44.2,41.3,53.3,27.1,48.7,54.2,44.1,56.6,39.4,19.8,32.7,35.0,27.2,29.1,28.8,23.9,27.1,24.4,24.5,25.8,56.6,35.4,100.0,61.8,75.6,71.2,91.4,46.9,84.1,94.2,76.3,98.0,66.5,33.6,55.6,59.9,48.1,51.6,51.9,44.5,49.6,45.6,45.7,45.4,61.8,39.9,45.0,45.0,45.0,45.0,45.0,45.0,36.0,36.0,36.0,36.0,36.0,36.0,36.0,36.0,39.0,73,77,75,76,77,74,71,71,71,73,73,68,68,71,71,27,23,25,24,23,26,29,29,29,27,27,32,32,29,29,82,77,No,No,No,No,No,No,No,No,No,No,No,No,No,No,No,No,No,No,No,No,No,No,No,No,No,No,No,No,No,No,Yes,Yes,Yes,Yes,Yes,Yes,Yes,Yes,Yes,Yes,Yes,Yes,Yes,Yes,Yes,No,No,Yes,82,76,69,1.100,53.157,58.122,50.629,0.005,5.796,0.821,175.0,90.0,175.0,120.0,0,0.0,35.3,44.1,41.0,53.3,27.1,48.5,54.3,44.1,56.2,39.4,19.6,32.6,35.0,27.1,29.1,28.8,23.9,27.0,24.3,24.6,25.8,23.6,31.4,31.1,13.1,13.6,46.5,43.2,19.6,30.3,36.5,8.1,20.1,13.7,14.7,8.4,27.5,0.0,0.0,0.0,0.0,0.0,0.0,46.6,34.8,29.3,60.7,45.9,54.6,53.7,58.7,0.0,0.1,0.0,0.0,0.0,0.0,0.0,2394.1,24.00,36,35,35,68,103,383,2,2,Yes,No,No,No,No,No,No,No,No,Yes,Yes,No,No,Yes,No,No,No,No,No,No,No,Yes,No,No,No,No,No,No,No,No,No,No,No,No,No,No,No,No,88.0,4620,4440,4680,66.5,1.095,1.110,1.815,1.815,1.005,5.110,2.000,No,No,No,67.0,1.095,1.110,1.800,1.815,1.005,5.110,2.500,No,No,No,45,45,94.0,100.0,No,No,32094,47869,40,70,100.0,100.0,No,No,1763,3067,0.0,1.1,1.1,0.000,0.117,6138,2035,4.9,0.0,4.9,47.477,0.000,7959,53,75.1,74.0,82.0,83.0,0.875,20.512,20.504,20.519,63.886,30.126,45.216,15.358,60.799,3.000,18.327,30.082,38.098,100.000,140.000,2250.0,2150.2,1890.0,2228.7,1905.0,56.0,25.0,0.0,7.0,64.4,13.5,54.1,0.0,0.0,0.0,Yes,No,No,No,No,Yes,No,0,0,0,0,0,0,0,0,0,0,0,0,0,0,0,0,0,0,0,0,0,0,0,0,0,0,0,0,0,0,2918,5270,5038,411,16.0,70,0.297,51.062,600.0,2394.0,0.1,0.0,0.0,0.0,0.0,0.0,0.0,0.0,0.2,38,16154,38,No,No,No,No,No,No,No,No,16.809,68.277,100.0,0.000,24.1,118,0,0,8.4,117.7,193.8,71.0,62.0,65.1,61.1,117.7,195.5,71.2,53.4,59.7,51.8,8.49,14.07,5.18,4.82,15.28,16.21,5.28,3.22,8.16,0.34,1.63,28,4,6.4,5.8,0,0,0.0,0.0,0,
7.6.2026,23:27:26.720,25530,23238,52.3,19800,12583,61.1,6.4,16384,1050,1.213,1.224,1.210,1.200,1.200,1.200,1.200,1.210,1.198,1.228,1.228,1.228,1.228,1.208,1.218,1.061,0.778,3976.0,4489.0,4489.0,4489.0,4489.0,4489.0,4489.0,3591.2,3591.2,3591.2,3591.2,3591.2,3591.2,3591.2,3591.2,99.8,3890.5,1366.9,1914.0,1489.5,2567.3,906.2,2577.9,1680.9,1625.0,2791.5,1733.7,978.3,1285.6,1529.1,774.3,768.5,783.4,671.7,850.0,800.5,822.3,788.0,1504.8,32.8,43.9,33.0,58.4,20.5,57.7,33.6,35.1,62.6,40.0,21.2,27.9,35.0,23.6,23.0,22.6,18.9,25.8,24.1,24.7,24.6,62.6,32.8,100.0,58.6,74.6,58.4,99.9,35.2,100.5,65.4,63.3,108.3,67.2,38.0,49.9,59.6,43.6,43.1,43.8,37.8,47.6,45.1,46.3,44.1,58.6,39.9,45.0,45.0,45.0,45.0,45.0,45.0,36.0,36.0,36.0,36.0,36.0,36.0,36.0,36.0,39.0,71,72,73,75,75,71,69,68,68,68,68,71,71,71,71,29,28,27,25,25,29,31,32,32,32,32,29,29,29,29,81,75,No,No,No,No,No,No,No,No,No,No,No,No,No,No,No,No,No,No,No,No,No,No,No,No,No,No,No,No,No,No,No,No,No,No,No,No,No,No,No,No,No,No,No,No,No,No,No,No,82,77,69,1.100,69.189,51.965,44.557,0.005,5.775,0.808,175.0,90.0,175.0,120.0,0,0.0,33.4,43.7,33.7,58.3,20.4,57.8,37.6,36.4,62.3,40.0,22.3,29.4,35.0,23.8,23.5,23.7,20.1,25.8,24.2,24.6,24.6,24.5,36.6,32.1,17.7,14.7,47.6,45.3,22.8,18.7,27.7,11.2,25.3,13.1,17.1,13.5,29.5,0.0,0.0,0.0,0.1,0.0,0.0,47.6,51.9,43.9,63.3,42.7,55.8,51.6,55.4,0.1,0.3,0.0,0.0,0.0,0.2,0.0,2394.1,24.00,36,35,35,68,103,383,2,2,Yes,No,No,No,No,No,No,No,No,No,Yes,No,No,Yes,No,No,No,No,No,No,No,Yes,No,No,No,No,No,Yes,No,No,No,No,No,No,No,Yes,No,No,88.0,4680,4380,4680,66.5,1.095,1.110,1.800,1.800,1.005,5.110,2.125,No,No,No,67.0,1.095,1.110,1.800,1.815,1.005,5.110,1.500,No,No,No,45,45,94.0,100.0,No,No,32094,47869,40,70,100.0,100.0,No,No,1763,3067,0.0,1.5,1.5,0.000,0.034,6138,2035,1.9,0.0,1.9,16.611,0.000,7990,53,78.6,74.0,87.6,83.0,0.875,20.456,20.445,20.468,71.016,30.762,55.113,16.049,71.391,3.000,19.019,10.672,40.088,100.000,140.000,2250.0,2150.2,1890.0,2226.3,1905.0,78.0,28.0,0.0,12.0,64.9,15.7,62.7,0.0,0.0,0.0,Yes,No,No,No,No,Yes,No,0,0,0,0,0,0,0,0,0,0,0,0,0,0,0,0,0,0,0,0,0,0,0,0,0,0,0,0,0,0,2873,5315,5083,411,16.0,68,0.297,57.490,600.0,2394.0,0.1,0.0,0.0,0.0,0.0,0.0,0.0,0.0,0.2,38,16154,38,No,No,No,No,No,No,No,No,16.814,68.277,100.0,0.000,24.1,120,0,0,8.3,120.1,158.4,100.2,92.5,95.3,91.7,120.4,150.3,100.8,96.0,97.8,95.4,8.32,10.02,6.29,5.74,10.51,10.93,5.91,2.40,7.98,0.34,0.89,28,4,1.9,1.3,0,0,0.0,0.0,0,
7.6.2026,23:27:28.714,25552,23216,52.3,19808,12576,61.1,6.4,16384,1050,1.176,1.176,1.177,1.172,1.172,1.172,1.172,1.167,1.188,1.167,1.167,1.177,1.167,1.177,1.212,1.061,0.781,3797.9,4489.0,4489.0,4489.0,4489.0,4489.0,4489.0,3591.2,3591.2,3591.2,3591.2,1097.3,3591.2,3591.2,3591.2,99.8,3890.5,863.3,1848.2,0.4,2571.9,0.6,3283.8,0.6,20.3,3392.8,1828.1,0.3,1.2,1725.6,53.0,15.5,4.7,2.1,631.5,657.4,578.1,650.8,921.8,21.1,43.3,0.1,59.0,0.0,73.4,0.0,2.8,76.0,42.3,0.1,0.1,40.2,1.7,0.6,0.2,0.2,20.4,21.5,18.2,21.8,76.0,21.1,100.0,36.0,72.3,0.0,100.7,0.0,128.0,0.0,0.8,131.4,71.4,0.0,0.1,67.3,3.1,0.9,0.3,0.1,36.1,37.8,33.2,37.3,36.0,38.1,45.0,45.0,45.0,45.0,45.0,45.0,36.0,36.0,36.0,36.0,11.0,36.0,36.0,36.0,39.0,69,72,72,75,72,69,68,67,67,67,67,68,68,68,68,31,28,28,25,28,31,32,33,33,33,33,32,32,32,32,81,75,No,No,No,No,No,No,No,No,No,No,No,No,No,No,No,No,No,No,No,No,No,No,No,No,No,No,No,No,No,No,No,No,No,No,No,No,No,No,No,No,No,No,No,No,No,No,No,No,81,73,68,1.100,40.501,52.869,45.543,0.005,5.728,0.787,175.0,90.0,175.0,120.0,0,0.0,21.0,43.2,0.0,58.7,0.0,73.4,0.0,0.5,75.8,42.4,0.0,0.0,40.4,2.4,0.6,0.2,0.1,20.4,21.5,18.3,21.9,21.0,54.4,38.8,24.2,22.0,55.4,57.5,0.0,0.0,0.0,0.0,15.0,10.5,8.5,7.7,45.9,0.0,0.0,0.0,0.0,0.0,0.0,96.4,99.1,99.6,99.8,57.8,60.7,66.2,63.6,0.0,0.0,0.0,0.0,0.0,0.0,0.0,2394.1,24.00,36,35,35,68,103,383,2,2,Yes,No,No,No,No,No,No,No,No,No,Yes,No,No,Yes,No,No,No,No,No,No,No,Yes,No,No,No,No,No,Yes,No,No,No,No,No,No,No,Yes,No,No,87.0,4680,4380,4680,66.8,1.095,1.110,1.800,1.815,1.005,5.110,0.875,No,No,No,67.2,1.095,1.110,1.800,1.815,1.005,5.110,1.000,No,No,No,45,45,94.0,100.0,No,No,32094,47869,39,70,100.0,100.0,No,No,1763,3067,0.1,0.5,0.6,0.008,0.027,6138,2036,1.3,0.0,1.3,10.291,0.000,8010,53,75.8,72.0,84.9,83.0,0.875,20.559,20.554,20.565,57.900,24.357,41.625,12.846,54.681,3.000,15.812,12.523,30.014,100.000,140.000,2250.0,2150.2,1890.0,2234.6,1905.0,51.0,16.0,0.0,4.0,65.9,11.8,47.3,0.0,0.0,0.0,Yes,No,No,No,No,Yes,No,0,0,0,0,0,0,0,0,0,0,0,0,0,0,0,0,0,0,0,0,0,0,0,0,0,0,0,0,0,0,2793,5395,5163,411,16.0,69,0.297,40.646,600.0,2394.0,0.1,0.0,0.0,0.0,0.0,0.0,0.0,0.0,0.2,38,16154,38,No,No,No,No,No,No,No,No,16.811,68.277,100.0,0.000,24.1,120,0,0,8.0,120.2,137.1,107.8,107.2,107.3,107.1,120.1,137.4,107.1,104.7,105.6,104.4,8.32,9.28,7.26,6.99,9.31,9.34,4.48,3.85,8.00,0.32,0.53,28,4,2.0,1.1,0,0,0.0,0.0,0,
7.6.2026,23:27:30.709,25549,23218,52.3,19809,12574,61.1,6.4,16384,1050,1.197,1.192,1.183,1.198,1.198,1.198,1.198,1.208,1.208,1.208,1.208,1.208,1.198,1.179,1.179,1.061,0.781,3976.0,4489.0,4489.0,4489.0,4489.0,4489.0,4489.0,3591.2,3591.2,3591.2,3591.2,3591.2,3591.2,3591.2,3591.2,99.8,3890.5,782.3,1606.4,0.3,2255.9,0.2,3413.4,1.1,14.1,3007.7,1590.3,0.2,2.2,1544.9,64.0,22.7,6.0,4.5,523.0,586.4,385.8,617.0,845.9,20.0,37.6,0.0,52.3,0.3,75.9,18.6,0.0,67.2,36.8,0.3,1.1,35.8,3.7,1.1,0.0,0.0,16.8,19.5,11.7,21.7,75.9,20.0,100.0,32.5,62.8,0.0,88.6,0.0,132.3,0.1,0.7,116.6,62.0,0.0,0.2,60.1,3.7,1.3,0.4,0.3,30.2,33.9,22.3,35.2,32.5,39.9,45.0,45.0,45.0,45.0,45.0,45.0,36.0,36.0,36.0,36.0,36.0,36.0,36.0,36.0,39.0,69,70,70,74,71,69,70,68,68,68,68,68,68,68,68,31,30,30,26,29,31,30,32,32,32,32,32,32,32,32,81,74,No,No,No,No,No,No,No,No,No,No,No,No,No,No,No,No,No,No,No,No,No,No,No,No,No,No,No,No,No,No,No,No,No,No,No,No,No,No,No,No,No,No,No,No,No,No,No,No,79,74,68,1.100,30.375,38.274,31.276,0.004,5.443,0.669,175.0,90.0,175.0,120.0,0,0.0,19.2,38.0,0.0,52.2,0.0,76.0,0.0,0.3,67.3,37.2,0.0,0.1,36.3,2.7,0.8,0.2,0.1,17.3,20.0,12.3,22.2,20.9,59.8,45.2,21.9,30.6,60.7,61.7,0.1,0.1,0.0,0.0,4.8,2.4,2.6,3.2,48.8,0.0,0.0,0.0,0.0,0.0,0.0,95.8,98.6,99.6,99.7,70.9,70.1,80.1,68.1,0.0,0.0,0.0,0.0,0.0,0.0,0.1,2394.1,24.00,36,35,35,68,103,383,2,2,Yes,No,No,No,No,No,No,No,No,No,Yes,No,No,Yes,No,No,No,No,No,No,No,Yes,No,No,No,No,No,Yes,No,No,No,No,No,No,No,Yes,No,No,87.0,4620,4320,4680,66.8,1.095,1.110,1.800,1.815,1.005,5.040,1.000,No,No,No,67.2,1.095,1.110,1.800,1.815,1.005,5.110,1.500,No,No,No,45,45,94.0,100.0,No,No,32094,47869,39,70,100.0,100.0,No,No,1763,3067,0.0,1.5,1.5,0.000,0.087,6138,2036,0.1,0.0,0.1,0.326,0.000,8011,53,73.9,72.0,81.3,83.0,0.875,20.569,20.564,20.574,55.413,23.221,39.969,12.400,52.588,3.000,15.367,9.901,29.324,100.000,140.000,2250.0,2150.2,1890.0,2235.0,1905.0,46.0,14.0,0.0,3.0,65.9,10.3,41.0,0.0,0.0,0.0,Yes,No,No,No,No,Yes,No,0,0,0,0,0,0,0,0,0,0,0,0,0,0,0,0,0,0,0,0,0,0,0,0,0,0,0,0,0,0,2793,5395,5163,411,16.0,68,0.297,35.675,600.0,2394.0,0.1,0.0,0.0,0.0,0.0,0.0,0.0,0.0,0.2,38,16154,38,No,No,No,No,No,No,No,No,16.810,68.277,100.0,0.000,24.1,120,0,0,7.5,119.9,143.4,107.8,102.8,104.8,102.2,119.9,143.3,101.4,100.6,100.7,100.6,8.34,9.30,6.96,6.71,9.53,9.74,4.21,4.13,8.03,0.31,0.62,28,4,1.6,1.0,0,0,0.0,0.0,0,
7.6.2026,23:27:32.723,25481,23286,52.2,19756,12628,61.0,6.4,16384,1050,1.236,1.212,1.202,1.247,1.215,1.215,1.225,1.245,1.245,1.245,1.245,1.250,1.230,1.265,1.265,1.061,0.781,3976.0,4489.0,4489.0,4489.0,4489.0,4489.0,4489.0,3591.2,3591.2,3591.2,3591.2,3591.2,3591.2,3591.2,3591.2,99.8,3890.5,1085.9,1791.4,681.7,2480.2,461.8,2985.2,776.5,1145.9,2802.6,1674.2,462.3,860.5,1088.6,476.9,427.5,436.1,404.3,710.5,735.1,546.3,770.8,1184.7,27.5,41.7,20.8,56.9,11.4,66.9,18.9,27.0,62.8,38.9,11.5,20.7,25.5,15.6,13.3,14.9,13.9,22.4,23.8,16.6,25.9,66.9,27.5,100.0,46.2,69.7,26.6,96.8,18.0,116.4,30.2,45.0,108.9,65.0,17.9,33.5,42.4,26.8,24.0,24.3,22.6,40.0,41.4,30.7,43.2,46.2,39.9,45.0,45.0,45.0,45.0,45.0,45.0,36.0,36.0,36.0,36.0,36.0,36.0,36.0,36.0,39.0,73,74,75,77,74,74,72,72,72,72,72,71,71,71,71,27,26,25,23,26,26,28,28,28,28,28,29,29,29,29,82,77,No,No,No,No,No,No,No,No,No,No,No,No,No,No,No,No,No,No,No,No,No,No,No,No,No,No,No,No,No,No,No,No,No,No,No,No,No,No,No,No,No,No,No,No,No,No,No,No,81,74,68,1.100,47.251,36.754,29.817,0.005,5.389,0.640,175.0,90.0,175.0,120.0,0,0.0,26.7,41.5,15.5,56.6,10.4,66.8,17.4,25.7,62.5,38.7,10.6,19.9,25.3,15.3,13.1,13.4,12.4,22.2,23.7,16.4,25.7,22.5,49.0,37.2,21.9,20.9,53.9,54.0,10.6,7.9,10.9,9.6,11.8,9.4,10.5,7.3,38.8,0.0,0.0,0.0,0.0,0.0,0.0,70.4,75.8,72.8,75.2,59.4,60.1,68.9,60.6,0.1,0.1,0.0,0.0,0.0,0.1,0.3,2394.1,24.00,36,35,35,68,103,383,2,2,Yes,No,No,No,No,No,No,No,No,No,Yes,No,No,Yes,No,No,No,No,No,No,No,Yes,No,No,No,No,No,Yes,No,No,No,No,No,No,No,Yes,No,No,87.0,4680,4260,4680,66.8,1.095,1.110,1.800,1.815,1.005,5.040,1.625,No,No,No,67.2,1.095,1.110,1.800,1.815,1.005,5.040,1.375,No,No,No,45,45,94.0,100.0,No,No,32094,47869,39,70,100.0,100.0,No,No,1763,3067,0.3,1.8,2.1,0.049,0.091,6138,2036,0.2,0.0,0.2,0.684,0.000,8012,53,76.5,74.0,85.2,83.0,0.875,20.506,20.499,20.513,59.014,38.113,43.515,14.882,58.606,3.000,17.848,97.615,31.326,100.000,140.000,2250.0,2150.2,1890.0,2234.9,1905.0,65.0,25.0,0.0,8.0,65.9,11.4,45.4,0.0,0.0,0.0,Yes,No,No,No,No,Yes,No,0,0,0,0,0,0,0,0,0,0,0,0,0,0,0,0,0,0,0,0,0,0,0,0,0,0,0,0,0,0,2793,5395,5163,411,16.0,68,0.297,40.483,600.0,2394.0,0.1,0.0,0.0,0.0,0.0,0.0,0.0,0.0,0.2,38,16154,38,No,No,No,No,No,No,No,No,16.811,68.277,100.0,0.000,24.1,119,0,0,7.6,118.8,154.1,71.0,58.0,61.9,57.0,118.7,213.7,56.4,47.7,50.0,47.1,8.42,14.02,6.50,6.41,16.12,17.56,5.73,2.69,8.09,0.32,1.43,28,4,1.3,1.0,0,0,0.0,0.0,0,
7.6.2026,23:27:34.718,25363,23405,52.0,19811,12573,61.1,6.4,16384,1050,1.212,1.233,1.186,1.221,1.201,1.246,1.226,1.231,1.211,1.241,1.213,1.233,1.181,1.181,1.161,1.061,0.778,3655.3,4489.0,4489.0,4489.0,4489.0,4489.0,4489.0,3591.2,1596.1,3591.2,3591.2,1097.3,3591.2,3591.2,3591.2,99.8,3890.5,1633.3,1896.5,1862.4,2583.6,1222.9,2444.2,2314.2,2415.7,2280.4,1678.0,1455.1,1693.4,1658.4,1131.0,1160.5,1218.7,1155.2,1180.8,1099.1,1106.3,1110.4,1760.6,41.1,43.1,42.6,59.0,27.4,55.1,52.0,54.4,51.4,38.5,33.0,38.6,37.6,35.8,36.8,38.5,36.2,37.3,34.3,34.2,35.8,59.0,41.1,100.0,71.3,74.1,73.2,100.5,47.8,95.5,90.1,94.4,89.0,65.4,56.7,66.0,64.8,63.3,64.7,67.4,64.2,65.5,61.1,61.5,61.8,71.3,36.6,45.0,45.0,45.0,45.0,45.0,45.0,36.0,16.0,36.0,36.0,11.0,36.0,36.0,36.0,39.0,73,75,74,77,74,74,73,72,72,72,72,72,73,73,73,27,25,26,23,26,26,27,28,28,28,28,28,27,27,27,82,77,No,No,No,No,No,No,No,No,No,No,No,No,No,No,No,No,No,No,No,No,No,No,No,No,No,No,No,No,No,No,Yes,Yes,Yes,Yes,Yes,Yes,Yes,Yes,Yes,Yes,Yes,Yes,Yes,Yes,Yes,No,No,Yes,82,75,69,1.100,41.344,44.633,37.477,0.004,5.562,0.715,175.0,90.0,175.0,120.0,0,0.0,41.4,43.4,42.7,59.2,27.9,55.3,52.3,54.7,51.6,38.9,33.5,39.0,38.1,35.8,37.1,38.7,36.4,37.6,34.7,34.6,36.0,29.1,32.5,28.5,11.9,14.2,41.8,37.6,35.2,29.7,44.6,33.1,37.8,24.0,23.8,13.4,16.0,0.0,0.0,0.0,0.0,0.0,0.0,23.8,27.7,12.6,25.3,19.7,35.4,35.7,44.1,0.1,0.2,0.0,0.0,0.0,0.1,0.1,2394.1,24.00,36,35,35,68,103,383,2,2,Yes,No,No,No,No,No,No,No,No,Yes,Yes,No,No,Yes,No,No,No,No,No,No,No,Yes,No,No,No,No,No,No,No,No,No,No,No,No,No,No,No,No,88.0,4680,4260,4680,66.8,1.095,1.110,1.800,1.815,1.005,5.040,1.625,No,No,No,67.2,1.095,1.110,1.800,1.815,1.005,5.040,2.125,No,No,No,45,45,94.0,100.0,No,No,32094,47869,39,70,100.0,100.0,No,No,1763,3067,25.2,5.4,30.6,8.338,0.969,6154,2038,0.3,0.1,0.3,1.333,0.005,8015,53,75.2,72.0,82.2,83.0,0.875,20.488,20.480,20.496,64.008,26.752,45.440,15.504,61.141,3.000,18.465,13.016,30.700,100.000,140.000,2250.0,2150.2,1890.0,2228.1,1905.0,63.0,26.0,0.0,9.0,63.4,14.5,57.8,0.0,0.0,0.0,Yes,No,No,No,No,Yes,No,0,0,0,0,0,0,0,0,0,0,0,0,0,0,0,0,0,0,0,0,0,0,0,0,0,0,0,0,0,0,2993,5195,4963,289,16.0,68,0.297,53.673,600.0,2394.0,0.1,0.0,0.0,0.0,0.0,0.0,0.0,0.0,0.2,38,16154,38,No,No,No,No,No,No,No,No,16.810,68.277,100.0,0.000,24.1,120,0,0,8.4,119.8,146.6,99.2,91.9,94.6,91.1,119.9,143.2,100.1,89.4,93.5,88.2,8.34,10.12,6.80,5.12,10.60,10.99,5.63,2.72,7.99,0.35,0.78,28,4,16.3,20.2,0,0,0.0,0.0,0,
7.6.2026,23:27:36.717,25358,23410,51.9,19812,12572,61.1,6.4,16384,1050,1.162,1.196,1.206,1.191,1.181,1.147,1.142,1.152,1.142,1.147,1.147,1.167,1.157,1.147,1.147,1.061,0.778,3976.0,4489.0,4489.0,4489.0,4489.0,4489.0,4489.0,3591.2,3591.2,3591.2,3591.2,3591.2,3591.2,3591.2,3591.2,99.8,3890.5,1563.5,1908.5,1766.4,2465.2,1226.6,2498.1,2121.8,2515.3,2137.8,1575.4,1472.2,1620.1,1601.2,1101.0,1067.5,1093.5,1008.0,1083.9,1000.0,967.0,1040.6,1698.6,39.4,43.6,40.5,56.1,27.7,56.1,47.6,56.4,48.2,36.1,33.7,37.0,36.6,38.2,34.3,34.5,32.0,34.2,30.6,29.5,34.2,56.4,39.4,100.0,67.9,74.4,69.3,95.8,47.7,97.0,83.0,97.7,83.7,61.2,57.2,62.8,62.3,61.4,59.2,60.7,56.2,59.9,55.9,53.9,58.1,67.9,39.9,45.0,45.0,45.0,45.0,45.0,45.0,36.0,36.0,36.0,36.0,36.0,36.0,36.0,36.0,39.0,73,74,75,77,77,75,76,72,72,72,72,71,71,71,71,27,26,25,23,23,25,24,28,28,28,28,29,29,29,29,82,77,No,No,No,No,No,No,No,No,No,No,No,No,No,No,No,No,No,No,No,No,No,No,No,No,No,No,No,No,No,No,Yes,Yes,Yes,Yes,Yes,Yes,Yes,Yes,Yes,Yes,Yes,Yes,Yes,Yes,Yes,No,No,Yes,82,74,69,1.100,32.063,55.634,48.208,0.005,5.841,0.832,175.0,90.0,175.0,120.0,0,0.0,39.3,43.5,40.2,56.1,27.8,56.0,47.8,56.4,48.1,36.2,33.8,37.1,36.7,38.0,34.2,34.5,32.1,34.2,30.7,29.6,34.2,30.4,34.6,30.7,14.7,13.8,43.2,39.8,32.1,40.7,44.0,29.2,41.9,25.0,24.5,12.1,17.1,0.0,0.0,0.0,0.0,0.0,0.0,24.7,20.4,16.9,32.9,19.3,38.2,39.9,47.1,0.1,0.0,0.0,0.0,0.0,0.6,0.0,2394.1,24.00,36,35,35,68,103,383,2,2,Yes,No,No,No,No,No,No,No,No,Yes,Yes,No,No,Yes,No,No,No,No,No,No,No,Yes,No,No,No,No,No,No,No,No,No,No,No,No,No,No,No,No,87.0,4620,4260,4680,67.0,1.095,1.110,1.815,1.815,1.005,5.040,2.250,No,No,No,67.5,1.095,1.110,1.800,1.815,1.005,5.040,2.250,No,No,No,45,45,94.0,100.0,No,No,32094,47869,39,70,100.0,100.0,No,No,1763,3067,0.5,3.2,3.7,0.295,0.466,6154,2039,0.9,0.0,0.9,4.073,0.012,8023,53,75.9,74.0,83.9,83.0,0.875,20.493,20.485,20.501,63.329,29.290,46.101,15.691,61.994,3.000,18.666,27.940,31.639,100.000,140.000,2250.0,2150.2,1890.0,2228.8,1905.0,63.0,27.0,0.0,9.0,63.4,14.5,58.0,0.0,0.0,0.0,Yes,No,No,No,No,Yes,No,0,0,0,0,0,0,0,0,0,0,0,0,0,0,0,0,0,0,0,0,0,0,0,0,0,0,0,0,0,0,2993,5195,4963,289,16.0,69,0.297,58.748,600.0,2394.0,0.1,0.0,0.0,0.0,0.0,0.0,0.0,0.0,0.2,38,16154,38,No,No,No,No,No,No,No,No,16.812,68.277,100.0,0.000,24.1,120,0,0,8.9,120.0,143.5,106.7,104.3,105.3,104.0,120.0,144.5,103.0,100.1,101.2,99.7,8.33,9.40,6.98,6.93,9.57,9.72,5.63,2.70,7.99,0.35,0.71,28,4,5.7,4.6,0,0,0.0,0.0,0,
7.6.2026,23:27:38.717,25488,23280,52.2,19844,12540,61.2,6.4,16384,1050,1.202,1.220,1.200,1.200,1.240,1.225,1.220,1.225,1.225,1.178,1.178,1.178,1.178,1.183,1.183,1.061,0.778,3976.0,4489.0,4489.0,4489.0,4489.0,4489.0,4489.0,3591.2,3591.2,3591.2,3591.2,3591.2,3591.2,3591.2,3591.2,99.8,3890.5,1635.9,1927.6,1968.3,2539.0,1321.9,2299.9,2438.1,2230.0,2498.2,1475.9,1801.5,1576.4,1835.6,1054.6,1159.2,1136.4,1124.9,1102.0,1078.3,1058.6,1091.2,1774.2,40.6,43.8,44.8,57.5,29.7,51.5,54.7,50.0,56.2,33.7,41.0,35.8,41.7,33.2,36.1,35.6,35.0,33.5,32.6,32.2,34.3,57.5,40.6,100.0,71.0,75.1,77.1,98.8,51.6,89.4,95.0,86.8,97.5,57.4,70.1,61.2,71.5,59.2,64.4,62.9,62.2,61.0,59.7,58.8,60.5,71.0,39.9,45.0,45.0,45.0,45.0,45.0,45.0,36.0,36.0,36.0,36.0,36.0,36.0,36.0,36.0,39.0,73,74,74,77,75,74,74,71,71,71,73,73,73,73,73,27,26,26,23,25,26,26,29,29,29,27,27,27,27,27,82,77,No,No,No,No,No,No,No,No,No,No,No,No,No,No,No,No,No,No,No,No,No,No,No,No,No,No,No,No,No,No,Yes,Yes,Yes,Yes,Yes,Yes,Yes,Yes,Yes,Yes,Yes,Yes,Yes,Yes,Yes,No,No,Yes,82,77,70,1.100,69.189,58.462,51.201,0.005,5.813,0.821,175.0,90.0,175.0,120.0,0,0.0,40.6,43.8,44.6,57.5,29.8,51.5,54.7,49.9,56.0,33.7,41.0,35.8,41.8,32.7,36.0,35.4,34.9,33.4,32.6,32.2,34.2,36.3,31.1,28.0,13.8,13.3,39.9,37.4,43.3,52.2,57.0,46.2,44.2,36.2,38.7,26.7,10.6,0.0,0.0,0.0,0.0,0.0,0.0,19.2,8.0,4.4,14.7,18.1,26.2,24.2,33.6,0.0,0.0,0.0,0.0,0.0,0.0,0.0,2394.1,24.00,36,35,35,68,103,383,2,2,Yes,No,No,No,No,No,No,No,No,Yes,Yes,No,No,Yes,No,No,No,No,No,No,No,Yes,No,No,No,No,No,Yes,No,No,No,No,No,No,No,Yes,No,No,87.0,4680,4260,4680,67.2,1.095,1.110,1.800,1.815,1.005,5.040,2.375,No,No,No,67.5,1.095,1.110,1.800,1.815,1.005,5.040,1.500,No,No,No,45,45,94.0,100.0,No,No,32094,47869,39,70,100.0,100.0,No,No,1763,3067,1.8,2.6,4.4,0.715,0.449,6156,2039,2.9,0.0,2.9,27.124,0.000,8075,53,76.9,74.0,84.8,83.0,0.875,20.441,20.431,20.451,66.212,35.185,47.884,16.018,64.134,3.000,18.982,55.680,40.599,100.000,140.000,2250.0,2150.2,1890.0,2227.7,1905.0,65.0,28.0,0.0,10.0,63.8,14.9,59.7,0.0,0.0,0.0,Yes,No,No,No,No,Yes,No,0,0,0,0,0,0,0,0,0,0,0,0,0,0,0,0,0,0,0,0,0,0,0,0,0,0,0,0,0,0,2961,5227,5059,289,16.0,69,0.297,58.141,600.0,2394.0,0.1,0.0,0.0,0.0,0.0,0.0,0.0,0.0,0.2,38,16154,38,No,No,No,No,No,No,No,No,16.811,68.277,100.0,0.000,24.1,119,0,0,8.4,119.6,183.8,86.3,83.2,84.2,82.9,119.7,217.6,79.8,76.1,77.4,75.7,8.36,11.50,5.42,4.51,11.85,12.15,5.89,2.47,8.01,0.34,1.29,28,4,14.9,16.2,0,0,0.0,0.0,0,
7.6.2026,23:27:40.714,25601,23166,52.4,19866,12518,61.3,6.4,16384,1050,1.213,1.213,1.208,1.183,1.183,1.179,1.219,1.189,1.199,1.184,1.249,1.239,1.254,1.254,1.234,1.061,0.778,3406.0,4489.0,4489.0,4489.0,4489.0,4489.0,798.0,3591.2,1097.3,3591.2,1795.6,3591.2,3591.2,3591.2,3591.2,99.8,3890.5,1666.7,1974.5,1975.5,2608.8,1328.0,2358.9,2313.4,2168.2,2686.2,1573.3,1796.0,1578.8,1941.0,1077.3,1149.4,1145.7,1145.8,1192.5,1093.7,1081.9,1144.5,1801.3,41.0,45.0,45.0,59.0,30.0,53.1,52.0,48.8,60.7,35.9,41.1,36.0,44.2,32.2,34.6,34.2,34.1,35.3,32.3,31.7,34.6,60.7,41.0,100.0,72.3,77.0,77.2,101.4,51.8,92.0,90.2,84.3,104.6,61.1,69.9,61.4,75.7,60.1,63.5,63.3,63.4,65.7,60.7,60.1,63.5,72.3,34.1,45.0,45.0,45.0,45.0,45.0,8.0,36.0,11.0,36.0,18.0,36.0,36.0,36.0,36.0,39.0,73,77,77,76,77,75,72,71,71,71,71,71,71,71,71,27,23,23,24,23,25,28,29,29,29,29,29,29,29,29,82,77,No,No,No,No,No,No,No,No,No,No,No,No,No,No,No,No,No,No,No,No,No,No,No,No,No,No,No,No,No,No,Yes,Yes,Yes,Yes,Yes,Yes,Yes,Yes,Yes,Yes,Yes,Yes,Yes,Yes,Yes,No,No,Yes,82,77,69,1.100,25.313,57.899,50.014,0.010,5.875,0.852,175.0,90.0,175.0,120.0,0,0.0,40.9,44.9,44.7,59.0,30.0,53.1,51.9,48.7,60.3,35.9,41.1,35.9,44.2,31.9,34.4,34.2,34.1,35.2,32.3,31.7,34.5,40.1,30.8,27.0,13.8,11.7,38.7,35.7,58.5,56.8,59.0,50.4,59.0,45.7,41.9,31.7,7.2,0.0,0.0,0.0,0.0,0.0,0.0,6.4,5.8,4.0,12.1,3.0,18.0,22.1,28.8,0.0,0.1,0.0,0.0,0.0,0.0,0.0,2394.1,24.00,36,35,35,68,103,383,2,2,Yes,No,No,No,No,No,No,No,No,Yes,Yes,No,No,Yes,No,No,No,No,No,No,No,Yes,No,No,No,No,No,No,No,No,No,No,No,No,No,No,No,No,88.0,4680,4440,4680,67.2,1.095,1.110,1.800,1.815,0.990,5.040,2.125,No,No,No,67.8,1.095,1.110,1.800,1.815,1.005,5.040,2.250,No,No,No,45,45,94.0,100.0,No,No,32094,47869,40,70,100.0,100.0,No,No,1763,3067,0.2,1.1,1.2,0.192,0.104,6156,2040,2.7,0.0,2.7,23.858,0.000,8121,53,77.4,74.0,85.4,83.0,0.875,20.471,20.460,20.481,69.403,36.037,50.245,16.511,66.973,3.000,19.478,57.222,38.833,100.000,140.000,2250.0,2150.2,1890.0,2225.8,1905.0,67.0,30.0,0.0,9.0,64.6,15.6,62.2,0.0,0.0,0.0,Yes,No,No,No,No,Yes,No,0,0,0,0,0,0,0,0,0,0,0,0,0,0,0,0,0,0,0,0,0,0,0,0,0,0,0,0,0,0,2895,5293,5061,289,16.0,70,0.297,58.450,600.0,2394.0,0.2,0.0,0.0,0.0,0.0,0.0,0.0,0.0,0.2,38,16154,38,No,No,No,No,No,No,No,No,16.810,68.277,100.0,0.000,24.1,120,0,0,9.1,119.7,151.6,98.9,83.3,89.1,81.7,119.7,153.4,94.4,83.4,87.4,82.3,8.35,10.12,6.55,6.41,11.33,12.44,5.97,2.38,8.01,0.35,0.82,28,4,2.1,4.4,0,0,0.0,0.0,0,
7.6.2026,23:27:42.714,25573,23195,52.4,19856,12528,61.3,6.4,16384,1050,1.195,1.196,1.186,1.171,1.133,1.228,1.193,1.203,1.203,1.203,1.203,1.213,1.193,1.213,1.193,1.061,0.778,3976.0,4489.0,4489.0,4489.0,4489.0,4489.0,4489.0,3591.2,3591.2,3591.2,3591.2,3591.2,3591.2,3591.2,3591.2,99.8,3890.5,1568.3,1991.4,1901.3,2517.7,1285.4,2756.1,1933.0,2532.4,2180.4,1551.7,1618.1,1625.5,1727.4,913.9,1015.8,1021.5,957.4,997.5,963.0,895.2,981.1,1720.6,38.2,45.3,43.3,56.9,28.9,61.7,43.2,56.7,48.9,35.4,36.9,36.9,39.4,27.4,30.5,30.5,28.5,29.5,28.2,26.0,30.1,61.7,38.2,100.0,67.5,77.5,74.6,97.8,50.0,107.4,74.8,98.7,84.8,60.2,62.8,62.9,67.1,51.5,56.3,56.6,53.3,55.4,53.9,50.2,54.7,67.5,39.9,45.0,45.0,45.0,45.0,45.0,45.0,36.0,36.0,36.0,36.0,36.0,36.0,36.0,36.0,39.0,74,76,77,77,79,74,74,73,73,73,73,71,71,71,71,26,24,23,23,21,26,26,27,27,27,27,29,29,29,29,82,79,No,No,No,No,No,No,No,No,No,No,No,No,No,No,No,No,No,No,No,No,No,No,No,No,No,No,No,No,No,No,No,No,No,No,No,No,No,No,No,No,No,No,No,No,No,No,No,No,82,77,69,1.100,43.876,57.827,50.155,0.005,5.899,0.859,175.0,90.0,175.0,120.0,0,0.0,38.3,45.2,42.9,57.0,29.0,61.8,43.3,56.8,48.8,35.4,37.1,37.0,39.5,27.4,30.6,30.5,28.7,29.7,28.4,26.2,30.2,25.2,31.5,29.6,14.3,14.5,42.4,38.8,21.2,33.0,34.4,22.1,31.4,20.1,12.2,6.8,24.0,0.0,0.0,0.0,0.0,0.0,0.0,44.7,31.0,29.6,42.8,33.0,44.7,54.5,55.8,0.1,0.4,0.0,0.0,0.0,0.0,0.1,2394.1,24.00,36,35,35,68,103,383,2,2,Yes,No,No,No,No,No,No,No,No,No,Yes,No,No,Yes,No,No,No,No,No,No,No,Yes,No,No,No,No,No,No,No,No,No,No,No,No,No,No,No,No,87.0,4680,4500,4740,67.5,1.095,1.110,1.800,1.815,0.990,5.110,1.750,No,No,No,68.0,1.095,1.110,1.800,1.815,0.990,5.110,2.750,No,No,No,45,45,94.0,100.0,No,No,32094,47869,39,70,100.0,100.0,No,No,1763,3067,0.0,1.3,1.3,0.000,0.138,6156,2040,0.4,0.0,0.4,2.956,0.002,8126,53,77.2,74.0,85.1,83.0,0.875,20.484,20.475,20.494,69.252,29.119,49.533,16.503,66.258,3.000,19.472,12.020,37.046,100.000,140.000,2250.0,2150.2,1890.0,2226.3,1905.0,67.0,30.0,0.0,9.0,65.8,15.6,62.4,0.0,0.0,0.0,Yes,No,No,No,No,Yes,No,0,0,0,0,0,0,0,0,0,0,0,0,0,0,0,0,0,0,0,0,0,0,0,0,0,0,0,0,0,0,2799,5389,5157,289,16.0,70,0.297,56.977,600.0,2394.0,0.1,0.0,0.0,0.0,0.0,0.0,0.0,0.0,0.2,38,16154,38,No,No,No,No,No,No,No,No,16.810,68.277,100.0,0.000,24.1,120,0,0,8.6,120.1,137.7,110.4,104.8,107.1,104.1,120.0,139.9,107.4,99.2,102.6,98.2,8.33,9.03,7.31,7.17,9.33,9.64,5.91,2.42,7.98,0.35,0.57,28,4,2.4,2.6,0,0,0.0,0.0,0,
7.6.2026,23:27:44.712,25571,23197,52.4,19856,12528,61.3,6.4,16384,1050,1.191,1.256,1.182,1.197,1.195,1.210,1.178,1.163,1.188,1.173,1.198,1.198,1.173,1.168,1.198,1.061,0.778,3976.0,4489.0,4489.0,4489.0,4489.0,4489.0,4489.0,3591.2,3591.2,3591.2,3591.2,3591.2,3591.2,3591.2,3591.2,99.8,3890.5,1550.9,2001.0,1810.8,2504.2,1212.3,2806.8,1992.1,2690.5,1882.7,1654.2,1493.5,1660.1,1645.6,951.4,996.4,1001.4,925.5,1048.0,909.8,882.8,949.8,1701.8,37.9,45.5,41.2,56.7,27.3,62.8,44.8,60.2,42.6,37.7,34.1,37.8,37.4,29.1,29.9,29.9,27.4,31.5,26.9,25.8,29.4,62.8,37.9,100.0,66.8,77.9,71.0,97.4,47.2,109.2,77.4,104.7,74.0,64.1,58.0,64.4,64.0,53.3,55.3,55.8,51.8,57.8,50.9,49.2,52.7,66.8,39.9,45.0,45.0,45.0,45.0,45.0,45.0,36.0,36.0,36.0,36.0,36.0,36.0,36.0,36.0,39.0,73,76,75,77,77,74,73,71,71,71,72,71,71,71,71,27,24,25,23,23,26,27,29,29,29,28,29,29,29,29,82,77,No,No,No,No,No,No,No,No,No,No,No,No,No,No,No,No,No,No,No,No,No,No,No,No,No,No,No,No,No,No,No,No,No,No,No,No,No,No,No,No,No,No,No,No,No,No,No,No,82,77,70,1.100,37.126,56.940,49.415,0.005,5.852,0.834,175.0,90.0,175.0,120.0,0,0.0,37.9,45.5,40.9,56.8,27.3,62.8,44.6,60.3,42.2,37.8,34.2,37.8,37.6,29.0,29.9,30.0,27.6,31.6,27.1,26.0,29.5,25.4,33.0,31.2,12.0,16.2,42.9,39.7,29.9,34.8,31.7,15.0,41.1,13.4,9.6,4.9,24.2,0.0,0.0,0.0,0.0,0.0,0.0,35.1,29.9,32.5,50.5,22.6,52.2,57.5,58.8,0.0,0.0,0.0,0.0,0.0,0.0,0.0,2394.1,24.00,36,35,35,68,103,383,2,2,Yes,No,No,No,No,No,No,No,No,No,Yes,No,No,Yes,No,No,No,No,No,No,No,Yes,No,No,No,No,No,No,No,No,No,No,No,No,No,No,No,No,87.0,4740,4560,4740,67.8,1.110,1.110,1.800,1.815,0.990,5.110,2.375,No,No,No,68.0,1.095,1.110,1.800,1.815,0.990,5.110,1.250,No,No,No,45,45,94.0,100.0,No,No,32094,47869,39,70,100.0,100.0,No,No,1763,3067,0.0,0.9,0.9,0.024,0.247,6156,2040,0.5,0.0,0.5,2.542,0.000,8131,53,77.3,74.0,85.2,83.0,0.875,20.476,20.466,20.485,68.974,38.452,48.327,16.209,64.753,3.000,19.171,84.663,33.042,100.000,140.000,2250.0,2150.2,1890.0,2226.0,1905.0,66.0,30.0,0.0,9.0,65.8,15.4,61.6,0.0,0.0,0.0,Yes,No,No,No,No,Yes,No,0,0,0,0,0,0,0,0,0,0,0,0,0,0,0,0,0,0,0,0,0,0,0,0,0,0,0,0,0,0,2799,5389,5157,289,16.0,70,0.297,54.901,600.0,2394.0,0.1,0.0,0.0,0.0,0.0,0.0,0.0,0.0,0.2,38,16154,38,No,No,No,No,No,No,No,No,16.811,68.277,100.0,0.000,24.1,120,0,0,8.5,120.0,140.1,107.7,100.9,103.7,100.0,120.0,141.0,103.1,100.8,101.7,100.6,8.34,9.24,7.15,7.08,9.57,9.90,5.83,2.50,7.97,0.37,0.61,28,4,2.4,2.1,0,0,0.0,0.0,0,
7.6.2026,23:27:46.724,25634,23134,52.5,19865,12519,61.3,6.4,16384,1050,1.199,1.208,1.184,1.159,1.139,1.207,1.182,1.183,1.208,1.203,1.198,1.238,1.238,1.193,1.243,1.061,0.778,3441.6,4489.0,4489.0,4489.0,4489.0,4489.0,4489.0,1097.3,1097.3,3591.2,3591.2,3591.2,3591.2,1097.3,3591.2,99.8,3890.5,1565.5,1792.1,1960.8,2491.1,1300.9,1772.9,2919.8,1943.8,2730.3,1412.1,1827.8,1484.3,1780.8,974.9,1029.3,1063.2,964.5,1043.0,951.7,897.9,967.9,1715.5,38.4,40.8,44.7,56.4,29.4,39.7,65.4,43.6,61.4,32.3,41.7,33.8,40.6,29.9,31.2,31.9,28.5,31.5,28.7,26.8,29.8,65.4,38.4,100.0,67.5,69.8,76.7,96.8,50.6,69.0,113.5,75.5,106.1,54.8,71.0,57.6,69.3,54.5,57.1,58.8,53.7,57.9,53.0,50.2,53.9,67.5,34.5,45.0,45.0,45.0,45.0,45.0,45.0,11.0,11.0,36.0,36.0,36.0,36.0,11.0,36.0,39.0,74,76,77,77,78,75,73,74,74,74,74,72,72,72,72,26,24,23,23,22,25,27,26,26,26,26,28,28,28,28,82,78,No,No,No,No,No,No,No,No,No,No,No,No,No,No,No,No,No,No,No,No,No,No,No,No,No,No,No,No,No,No,No,No,No,No,No,No,No,No,No,No,No,No,No,No,No,No,No,No,82,75,69,1.100,63.282,56.383,48.919,0.004,5.845,0.827,175.0,90.0,175.0,120.0,0,0.0,38.4,40.7,44.4,56.5,29.4,39.7,65.3,43.6,61.2,32.3,41.7,33.8,40.7,29.8,31.3,32.0,28.5,31.6,28.8,27.0,30.1,28.3,33.7,29.6,13.2,15.0,40.7,40.2,31.0,37.6,43.1,29.7,36.1,21.3,15.0,9.7,20.8,0.0,0.0,0.0,0.0,0.0,0.0,33.6,26.0,20.3,36.2,27.1,43.4,51.2,53.5,0.0,0.0,0.0,0.0,0.0,0.1,0.1,2194.6,22.00,32,32,32,62,103,351,2,2,Yes,No,No,No,No,No,No,No,No,No,Yes,No,No,Yes,No,No,No,No,No,No,No,Yes,No,No,No,No,No,Yes,No,No,No,No,No,No,No,Yes,No,No,87.0,4680,4560,4740,67.8,1.095,1.110,1.800,1.815,0.990,5.110,2.250,No,No,No,68.2,1.095,1.110,1.800,1.815,0.990,5.110,1.750,No,No,No,45,45,94.0,100.0,No,No,32094,47869,39,70,100.0,100.0,No,No,1763,3067,0.1,1.2,1.3,0.008,0.123,6156,2041,0.7,0.0,0.7,4.488,0.010,8140,53,78.0,76.0,86.4,83.0,0.875,20.481,20.472,20.491,68.823,38.939,48.355,16.337,64.915,3.000,19.309,87.631,33.026,100.000,140.000,2250.0,2150.2,1890.0,2226.2,1905.0,66.0,30.0,0.0,9.0,66.8,15.3,61.3,0.0,0.0,0.0,Yes,No,No,No,No,Yes,No,0,0,0,0,0,0,0,0,0,0,0,0,0,0,0,0,0,0,0,0,0,0,0,0,0,0,0,0,0,0,2716,5472,5240,289,16.0,70,0.297,59.948,600.0,2394.0,0.1,0.0,0.0,0.0,0.0,0.0,0.0,0.0,0.2,38,16154,38,No,No,No,No,No,No,No,No,16.810,68.277,100.0,0.000,24.1,120,0,0,8.3,120.0,139.3,102.4,101.4,101.8,101.3,120.0,151.9,100.0,99.0,99.3,98.9,8.33,9.77,7.20,7.04,9.89,9.99,5.87,2.46,7.98,0.35,0.73,28,4,1.8,2.2,0,0,0.0,0.0,0,
7.6.2026,23:27:48.721,25545,23223,52.3,19854,12530,61.3,6.4,16384,1050,1.201,1.232,1.168,1.208,1.259,1.198,1.199,1.194,1.189,1.194,1.194,1.194,1.194,1.194,1.196,1.061,0.778,3997.4,4489.0,4489.0,4788.3,4489.0,4489.0,4489.0,3591.2,3591.2,3591.2,3591.2,3591.2,3591.2,3591.2,3591.2,99.8,3890.5,1613.1,1929.4,2017.4,2611.2,1241.7,1921.6,2763.5,2071.9,2615.0,1587.9,1670.6,1602.4,1791.3,1056.1,1038.9,1151.4,1047.6,1107.8,962.7,1046.0,1026.9,1757.4,39.5,43.9,46.0,59.2,28.0,43.1,61.9,46.7,58.9,36.3,38.0,36.3,40.8,31.9,31.2,34.3,30.8,32.5,28.0,30.9,31.3,61.9,39.5,100.0,69.7,75.2,79.0,101.4,48.4,74.7,107.6,80.5,102.0,61.7,64.8,62.1,69.8,58.8,57.6,63.4,57.9,60.8,53.4,57.9,57.3,69.7,40.1,45.0,45.0,48.0,45.0,45.0,45.0,36.0,36.0,36.0,36.0,36.0,36.0,36.0,36.0,39.0,74,76,77,77,77,75,76,73,73,73,73,72,72,72,72,26,24,23,23,23,25,24,27,27,27,27,28,28,28,28,82,77,No,No,No,No,No,No,No,No,No,No,No,No,No,No,No,No,No,No,No,No,No,No,No,No,No,No,No,No,No,No,No,No,No,No,No,No,No,No,No,No,No,No,No,No,No,No,No,No,82,77,70,1.100,48.938,56.983,49.429,0.009,5.859,0.832,175.0,90.0,175.0,120.0,0,0.0,39.4,43.8,45.6,59.2,28.0,43.1,61.9,46.5,58.6,36.2,38.0,36.4,40.8,31.5,30.9,34.2,30.8,32.5,28.1,30.8,31.1,36.7,30.2,28.1,13.4,14.5,40.3,37.7,53.7,48.8,56.6,44.9,55.6,28.8,42.9,18.5,11.9,0.0,0.0,0.0,0.0,0.0,0.0,11.2,16.4,6.1,20.1,8.7,37.7,21.9,44.4,0.0,0.2,0.0,0.0,0.0,0.1,0.0,2394.1,24.00,36,35,35,68,103,383,2,2,Yes,No,No,No,No,No,No,No,No,No,Yes,No,No,Yes,No,No,No,No,No,No,No,Yes,No,No,No,No,No,No,No,No,No,No,No,No,No,No,No,No,87.0,4740,4620,4740,68.0,1.095,1.110,1.815,1.815,0.990,5.110,2.000,No,No,No,68.2,1.095,1.110,1.800,1.815,0.990,5.110,1.375,No,No,No,45,45,94.0,100.0,No,No,32094,47869,39,70,100.0,100.0,No,No,1763,3067,0.1,0.9,1.0,0.008,0.067,6156,2041,1.4,0.0,1.4,9.813,0.000,8159,53,77.6,74.0,85.8,83.0,0.875,20.467,20.457,20.477,68.203,38.449,48.340,16.304,64.852,3.000,19.267,84.177,33.203,100.000,140.000,2250.0,2150.2,1890.0,2225.6,1905.0,66.0,30.0,0.0,10.0,67.2,15.4,61.4,0.0,0.0,0.0,Yes,No,No,No,No,Yes,No,0,0,0,0,0,0,0,0,0,0,0,0,0,0,0,0,0,0,0,0,0,0,0,0,0,0,0,0,0,0,2683,5505,5177,289,16.0,70,0.297,55.272,600.0,2194.0,0.2,0.0,0.0,0.0,0.0,0.0,0.0,0.0,0.2,38,16154,38,No,No,No,No,No,No,No,No,16.808,68.277,100.0,0.000,24.1,119,0,0,7.9,119.1,159.5,85.3,63.4,71.4,61.4,119.2,206.4,75.2,54.8,62.1,52.9,8.39,11.78,6.21,5.38,14.04,16.27,5.81,2.59,8.06,0.34,1.26,28,4,2.4,4.1,0,0,0.0,0.0,0,
7.6.2026,23:27:50.717,25584,23183,52.4,19893,12491,61.4,6.4,16384,1050,1.127,1.140,1.110,1.125,1.125,1.110,1.110,1.126,1.141,1.131,1.141,1.141,1.131,1.116,1.141,0.998,0.778,3733.7,4189.8,4189.8,4189.8,4189.8,4189.8,4189.8,3391.7,3391.7,3391.7,3391.7,3391.7,3391.7,3391.7,3391.7,99.8,3591.2,1576.3,2003.0,1834.1,2592.8,1145.4,2318.1,2088.9,2448.4,1961.2,1744.6,1427.0,1737.7,1582.1,1113.9,1066.3,1094.6,1035.5,1152.6,1047.4,1095.9,1036.3,1699.6,41.6,49.1,45.2,63.8,27.7,56.5,50.9,59.7,48.0,43.1,34.9,42.8,38.8,35.3,33.4,34.4,32.3,36.1,32.8,34.1,33.7,63.8,41.6,100.0,68.6,78.4,72.2,100.9,44.8,90.3,81.6,95.3,77.1,67.9,55.8,67.6,61.8,61.7,59.2,60.6,57.5,63.6,58.1,60.8,57.5,68.6,37.4,42.0,42.0,42.0,42.0,42.0,42.0,34.0,34.0,34.0,34.0,34.0,34.0,34.0,34.0,36.0,73,74,76,75,74,74,74,72,72,72,71,71,71,71,71,27,26,24,25,26,26,26,28,28,28,29,29,29,29,29,82,76,No,No,No,No,No,No,No,No,No,No,No,No,No,No,No,No,No,No,No,No,No,No,No,No,No,No,No,No,No,No,Yes,Yes,Yes,Yes,Yes,Yes,Yes,Yes,Yes,Yes,Yes,Yes,Yes,Yes,Yes,No,No,Yes,82,75,69,1.100,37.126,56.382,48.760,0.009,5.897,0.849,175.0,90.0,175.0,120.0,0,0.0,42.0,49.4,45.3,64.0,28.2,56.7,51.3,59.9,48.1,43.4,35.3,43.1,39.2,35.5,33.7,34.8,32.8,36.5,33.3,34.5,34.1,38.3,26.2,23.5,11.9,11.1,35.5,32.4,58.4,52.4,55.5,44.0,58.0,44.9,51.1,30.7,7.2,0.0,0.0,0.0,0.0,0.0,0.0,3.2,10.4,6.4,19.1,2.7,17.8,10.7,30.4,0.1,0.2,0.0,0.0,0.0,0.2,0.0,2394.1,24.00,36,35,35,68,103,383,2,2,Yes,No,No,No,No,No,No,No,Yes,No,Yes,No,No,Yes,No,No,No,No,No,No,No,Yes,No,No,No,No,No,No,No,No,No,No,No,No,No,No,No,No,86.0,4740,4620,4800,68.2,1.095,1.110,1.800,1.815,0.990,5.110,1.625,No,No,No,68.5,1.095,1.110,1.800,1.815,0.990,5.110,2.000,No,No,No,44,44,94.0,100.0,No,No,32094,47869,39,70,100.0,100.0,No,No,1763,3067,0.4,2.3,2.6,0.093,0.201,6156,2041,2.5,0.0,2.5,23.501,0.000,8204,53,77.6,76.0,86.2,83.0,0.875,20.527,20.519,20.535,66.336,28.883,47.267,15.861,63.372,3.000,18.818,18.668,35.198,100.000,140.000,2250.0,2150.2,1890.0,2227.7,1905.0,64.0,27.0,0.0,10.0,66.1,14.9,59.5,0.0,0.0,0.0,Yes,No,No,No,No,Yes,No,0,0,0,0,0,0,0,0,0,0,0,0,0,0,0,0,0,0,0,0,0,0,0,0,0,0,0,0,0,0,2779,5409,5177,289,16.0,69,0.297,47.568,600.0,2394.0,0.3,0.0,0.0,0.0,0.0,0.0,0.0,0.0,0.2,38,16154,38,No,No,No,No,No,No,No,No,16.814,68.277,100.0,0.000,24.1,120,0,0,7.1,119.8,166.0,97.0,95.6,96.1,95.5,119.8,171.7,93.9,88.8,90.7,88.2,8.35,10.43,5.98,5.88,10.49,10.49,5.77,2.57,7.99,0.36,0.85,28,4,1.5,5.0,0,0,0.0,0.0,0,
7.6.2026,23:27:52.714,25719,23048,52.7,19916,12468,61.4,6.4,16384,1050,1.068,1.045,1.108,1.088,1.054,1.074,1.054,1.074,1.054,1.054,1.054,1.074,1.074,1.079,1.059,0.976,0.778,3691.0,4090.0,4090.0,4090.0,4090.0,4090.0,4090.0,3391.7,3391.7,3391.7,3391.7,3391.7,3391.7,3391.7,3391.7,99.8,3491.5,1499.0,2094.9,1635.4,2509.5,1093.3,2510.7,1831.9,2570.1,1886.3,1825.0,1152.1,1827.3,1279.9,1037.7,948.3,1034.1,854.9,1081.9,921.1,995.7,890.7,1630.7,39.8,52.1,40.7,62.3,27.0,61.8,45.0,63.2,46.5,45.8,28.6,45.7,31.7,33.2,30.0,32.7,26.7,34.4,28.9,31.4,29.0,63.2,39.8,100.0,65.0,82.2,64.3,97.9,42.7,98.1,71.2,100.2,73.8,71.1,44.9,71.1,49.9,57.7,52.9,57.3,47.9,59.8,51.3,55.2,49.7,64.9,37.0,41.0,41.0,41.0,41.0,41.0,41.0,34.0,34.0,34.0,34.0,34.0,34.0,34.0,34.0,35.0,72,75,75,75,74,74,73,71,71,71,71,71,71,71,71,28,25,25,25,26,26,27,29,29,29,29,29,29,29,29,82,75,No,No,No,No,No,No,No,No,No,No,No,No,No,No,No,No,No,No,No,No,No,No,No,No,No,No,No,No,No,No,Yes,Yes,Yes,Yes,Yes,Yes,Yes,Yes,Yes,Yes,Yes,Yes,Yes,Yes,Yes,No,No,Yes,82,75,70,1.100,28.688,44.725,36.896,0.005,6.075,0.851,175.0,90.0,175.0,120.0,0,0.0,39.7,52.0,40.3,62.2,26.9,61.7,44.9,63.1,46.2,45.8,28.5,45.6,31.7,32.9,30.0,32.7,26.7,34.3,28.9,31.4,29.0,34.9,28.5,26.1,12.3,10.5,39.8,36.5,54.4,39.6,53.0,26.9,56.9,37.3,47.0,19.4,13.2,0.0,0.0,0.0,0.0,0.0,0.0,9.1,25.7,10.7,40.8,5.6,28.9,17.4,46.1,0.0,0.0,0.0,0.0,0.0,0.1,0.1,2394.1,24.00,36,35,35,68,103,383,2,2,Yes,No,No,No,No,No,No,No,Yes,No,No,No,No,Yes,No,No,No,No,No,No,No,Yes,No,No,No,No,No,No,No,No,No,No,No,No,No,No,No,No,88.0,4800,4560,4740,68.2,1.095,1.110,1.800,1.815,0.990,5.110,1.750,No,No,No,68.8,1.095,1.110,1.800,1.815,1.005,5.110,1.500,No,No,No,44,44,94.0,100.0,No,No,32094,47869,39,70,100.0,100.0,No,No,1763,3067,0.0,1.3,1.3,0.000,0.140,6156,2041,5.0,0.1,5.2,47.545,0.034,8295,53,77.4,76.0,85.4,83.0,0.875,20.522,20.513,20.531,68.219,32.203,49.048,15.898,65.207,3.000,18.870,40.699,32.700,100.000,140.000,2250.0,2150.2,1890.0,2226.8,1905.0,64.0,28.0,0.0,10.0,66.9,14.8,59.2,0.0,0.0,0.0,Yes,No,No,No,No,Yes,No,0,0,0,0,0,0,0,0,0,0,0,0,0,0,0,0,0,0,0,0,0,0,0,0,0,0,0,0,0,0,2712,5476,5244,289,16.0,69,0.297,43.757,600.0,2394.0,0.1,0.0,0.0,0.0,0.0,0.0,0.0,0.0,0.2,38,16154,38,No,No,No,No,No,No,No,No,16.812,68.277,100.0,0.000,24.1,119,0,0,8.0,119.4,180.1,86.8,71.5,77.2,70.0,119.4,214.9,75.6,72.3,73.5,71.9,8.38,11.65,5.36,5.07,13.07,14.39,5.76,2.62,8.02,0.36,1.12,28,4,3.9,9.6,0,0,0.0,0.0,0,
7.6.2026,23:27:54.713,25699,23069,52.6,19947,12436,61.5,6.4,16384,1050,1.092,1.088,1.104,1.084,1.106,1.106,1.106,1.106,1.106,1.081,1.081,1.081,1.081,1.081,1.081,0.976,0.778,3691.0,4090.0,4090.0,4090.0,4090.0,4090.0,4090.0,3391.7,3391.7,3391.7,3391.7,3391.7,3391.7,3391.7,3391.7,99.8,3491.5,1514.3,2071.7,1653.7,2477.5,1093.6,2388.6,1906.0,2288.2,2220.6,1791.1,1235.7,1730.9,1382.3,1069.6,996.7,1046.0,918.2,1083.9,990.8,1042.8,898.5,1641.9,40.2,51.3,40.9,61.3,26.8,58.5,46.7,56.1,54.6,44.7,30.4,43.0,34.2,34.4,31.6,33.2,29.0,34.6,31.0,32.7,29.0,61.3,40.2,100.0,65.8,81.1,65.0,96.6,42.7,93.4,74.2,89.2,86.5,69.8,48.2,67.4,54.0,59.6,55.5,57.9,51.2,59.7,55.3,57.9,50.3,65.8,37.0,41.0,41.0,41.0,41.0,41.0,41.0,34.0,34.0,34.0,34.0,34.0,34.0,34.0,34.0,35.0,73,75,75,75,75,74,74,71,71,71,71,71,71,71,71,27,25,25,25,25,26,26,29,29,29,29,29,29,29,29,82,75,No,No,No,No,No,No,No,No,No,No,No,No,No,No,No,No,No,No,No,No,No,No,No,No,No,No,No,No,No,No,Yes,Yes,Yes,Yes,Yes,Yes,Yes,Yes,Yes,Yes,Yes,Yes,Yes,Yes,Yes,No,No,Yes,82,75,69,1.100,27.000,43.445,35.957,0.009,5.857,0.831,175.0,90.0,175.0,120.0,0,0.0,40.2,51.2,40.6,61.2,26.8,58.5,46.5,56.1,54.2,44.7,30.4,43.0,34.2,34.2,31.6,33.2,29.0,34.6,31.1,32.7,29.1,37.3,29.1,27.3,13.1,10.3,39.3,37.5,51.6,46.0,58.5,36.1,58.3,44.4,52.0,18.8,10.4,0.0,0.0,0.0,0.0,0.0,0.0,10.3,18.0,5.2,29.9,4.2,20.0,11.5,46.5,0.0,0.0,0.0,0.0,0.0,0.1,0.1,2394.1,24.00,36,35,35,68,103,383,2,2,Yes,No,No,No,No,No,No,No,Yes,No,No,No,No,Yes,No,No,No,No,No,No,No,Yes,No,No,No,No,No,No,No,No,No,No,No,No,No,No,No,No,88.0,4740,4620,4800,68.5,1.095,1.110,1.800,1.815,1.005,5.110,2.125,No,No,No,68.8,1.095,1.110,1.800,1.815,1.005,5.040,2.125,No,No,No,44,44,94.0,100.0,No,No,32094,47869,39,70,100.0,100.0,No,No,1763,3067,0.3,1.6,1.9,0.425,0.053,6157,2042,4.8,0.0,4.8,45.959,0.000,8383,53,78.3,76.0,87.8,83.0,0.875,20.505,20.496,20.514,67.828,39.658,48.644,15.638,64.538,3.000,18.614,88.051,39.119,100.000,140.000,2250.0,2150.2,1890.0,2226.6,1905.0,64.0,27.0,0.0,9.0,67.3,14.7,59.0,0.0,0.0,0.0,Yes,No,No,No,No,Yes,No,0,0,0,0,0,0,0,0,0,0,0,0,0,0,0,0,0,0,0,0,0,0,0,0,0,0,0,0,0,0,2680,5508,5276,289,16.0,69,0.297,44.967,600.0,2394.0,0.2,0.0,0.0,0.0,0.0,0.0,0.0,0.0,0.2,38,16154,38,No,No,No,No,No,No,No,No,16.811,68.277,100.0,0.000,24.1,119,0,0,5.0,119.2,165.8,86.2,72.6,77.9,71.2,119.2,181.1,85.4,72.7,77.7,71.3,8.39,11.62,6.03,5.77,12.85,14.04,5.91,2.48,8.03,0.36,1.39,28,4,3.6,7.3,0,0,0.0,0.0,0,
7.6.2026,23:27:56.723,25714,23054,52.7,19960,12424,61.6,6.4,16384,1050,1.142,1.111,1.126,1.116,1.156,1.105,1.120,1.140,1.155,1.165,1.130,1.150,1.155,1.165,1.205,1.018,0.778,3413.1,4289.5,4289.5,4289.5,4289.5,4289.5,798.0,3491.5,3491.5,3491.5,3491.5,1097.3,3491.5,3491.5,3491.5,99.8,3691.0,1480.4,2055.2,1682.1,2478.7,1083.2,2678.8,1880.4,2582.1,1727.2,1693.3,1267.7,1571.9,1377.8,994.3,935.0,960.5,860.3,1011.8,917.0,941.8,908.2,1614.3,38.9,50.4,41.3,60.7,26.2,65.0,45.5,62.6,42.0,41.9,31.1,38.8,33.9,31.7,29.4,30.4,27.2,31.6,28.5,29.5,29.6,65.0,38.9,100.0,64.1,80.4,66.2,96.6,42.3,104.0,73.1,100.7,67.9,65.9,49.4,61.2,53.9,55.6,52.3,53.4,48.4,56.1,51.2,52.4,50.9,64.1,34.2,43.0,43.0,43.0,43.0,43.0,8.0,35.0,35.0,35.0,35.0,11.0,35.0,35.0,35.0,37.0,72,76,74,76,74,72,71,70,70,70,70,71,71,71,71,28,24,26,24,26,28,29,30,30,30,30,29,29,29,29,82,76,No,No,No,No,No,No,No,No,No,No,No,No,No,No,No,No,No,No,No,No,No,No,No,No,No,No,No,No,No,No,Yes,Yes,Yes,Yes,Yes,Yes,Yes,Yes,Yes,Yes,Yes,Yes,Yes,Yes,Yes,No,No,Yes,82,75,70,1.100,27.000,45.168,37.503,0.005,5.861,0.833,175.0,90.0,175.0,120.0,0,0.0,38.8,50.4,40.9,60.6,26.2,64.8,45.4,62.5,41.8,41.9,31.1,38.8,33.9,31.4,29.3,30.4,27.2,31.5,28.5,29.4,29.5,33.1,29.4,27.9,9.8,13.2,40.7,41.1,48.6,39.4,49.0,26.9,49.3,37.8,35.0,15.9,15.8,0.0,0.0,0.0,0.0,0.0,0.0,15.7,26.3,16.5,40.1,15.2,28.8,30.5,48.6,0.0,0.0,0.0,0.0,0.0,0.3,0.0,2394.1,24.00,36,35,35,68,103,383,2,2,Yes,No,No,No,No,No,No,No,Yes,No,No,No,No,Yes,No,No,No,No,No,No,No,Yes,No,No,No,No,No,No,No,No,No,No,No,No,No,No,No,No,89.0,4740,4560,4680,68.8,1.095,1.110,1.800,1.815,1.005,5.110,1.500,No,No,No,69.0,1.110,1.110,1.800,1.815,1.005,5.110,2.125,No,No,No,44,44,94.0,100.0,No,No,32094,47869,39,70,100.0,100.0,No,No,1763,3067,0.2,0.8,1.0,0.069,0.029,6157,2042,5.3,0.0,5.3,55.219,0.000,8489,53,78.6,76.0,87.3,83.0,0.875,20.497,20.487,20.507,69.448,28.861,51.058,15.877,67.223,3.000,18.847,11.251,34.770,100.000,140.000,2250.0,2150.2,1890.0,2225.1,1905.0,65.0,27.0,0.0,12.0,67.5,15.1,60.5,0.0,0.0,0.0,Yes,No,No,No,No,Yes,No,0,0,0,0,0,0,0,0,0,0,0,0,0,0,0,0,0,0,0,0,0,0,0,0,0,0,0,0,0,0,2664,5524,5293,289,16.0,68,0.297,46.421,600.0,2394.0,0.1,0.0,0.0,0.0,0.0,0.0,0.0,0.0,0.2,38,16154,38,No,No,No,No,No,No,No,No,16.811,68.277,100.0,0.000,24.1,120,0,0,8.9,120.0,180.5,73.2,68.6,70.5,68.0,119.9,215.8,74.0,54.8,61.7,53.0,8.34,13.62,5.52,4.91,14.16,14.69,6.00,2.34,7.98,0.36,1.29,28,4,3.6,7.6,0,0,0.0,0.0,0,
7.6.2026,23:27:58.720,25602,23166,52.4,19938,12446,61.5,6.4,16384,1050,1.128,1.188,1.153,1.148,1.108,1.098,1.098,1.123,1.138,1.108,1.153,1.133,1.133,1.108,1.100,1.018,0.778,3833.5,4289.5,4289.5,4289.5,4289.5,4289.5,4289.5,3491.5,3491.5,3491.5,3491.5,3491.5,3491.5,3491.5,3491.5,99.8,3691.0,1468.9,2027.3,1700.6,2381.2,1162.3,2283.7,2116.3,2064.6,2271.6,1479.8,1408.5,1439.2,1521.2,891.0,971.4,977.3,883.8,978.9,985.1,910.0,924.0,1598.7,38.5,49.5,41.5,57.9,28.0,55.0,51.0,49.7,54.9,36.5,34.4,35.3,37.2,28.2,31.5,31.0,27.8,30.7,31.1,28.3,30.2,57.9,38.5,100.0,63.5,79.3,66.8,92.8,45.4,88.8,82.5,80.4,88.8,57.7,54.8,55.9,59.4,49.9,53.7,54.1,49.3,54.4,55.0,50.6,51.6,63.5,38.4,43.0,43.0,43.0,43.0,43.0,43.0,35.0,35.0,35.0,35.0,35.0,35.0,35.0,35.0,37.0,72,73,75,76,74,72,71,70,70,70,70,71,71,71,71,28,27,25,24,26,28,29,30,30,30,30,29,29,29,29,82,76,No,No,No,No,No,No,No,No,No,No,No,No,No,No,No,No,No,No,No,No,No,No,No,No,No,No,No,No,No,No,Yes,Yes,Yes,Yes,Yes,Yes,Yes,Yes,Yes,Yes,Yes,Yes,Yes,Yes,Yes,No,No,Yes,82,75,69,1.100,37.126,46.231,38.685,0.010,5.836,0.820,175.0,90.0,175.0,120.0,0,0.0,38.5,49.4,41.1,57.9,28.0,54.9,50.9,49.6,54.7,36.4,34.5,35.3,37.3,28.1,31.5,31.0,27.9,30.7,31.2,28.4,30.2,34.1,29.9,28.6,11.8,13.6,42.9,41.3,40.6,48.5,51.7,31.8,43.2,39.6,37.2,17.3,15.1,0.0,0.0,0.1,0.0,0.0,0.0,26.2,15.9,13.5,34.8,21.4,24.3,29.3,46.5,0.0,0.0,0.0,0.0,0.0,0.1,0.0,2394.1,24.00,36,35,35,68,103,383,2,2,Yes,No,No,No,No,No,No,No,Yes,No,No,No,No,Yes,No,No,No,No,No,No,No,Yes,No,No,No,No,No,No,No,No,No,No,No,No,No,No,No,No,88.0,4740,4560,4680,68.8,1.110,1.110,1.800,1.815,1.005,5.110,1.625,No,No,No,69.0,1.110,1.110,1.800,1.815,1.005,5.110,1.625,No,No,No,44,44,94.0,100.0,No,No,32094,47869,39,70,100.0,100.0,No,No,1763,3067,9.2,3.4,12.6,0.148,0.036,6158,2042,1.9,0.0,1.9,16.598,0.000,8521,53,78.6,76.0,88.1,83.0,0.875,20.513,20.503,20.523,68.615,31.879,50.708,15.870,66.824,3.000,18.824,31.067,36.864,100.000,140.000,2250.0,2150.2,1890.0,2225.7,1905.0,65.0,28.0,0.0,9.0,66.5,15.2,60.7,0.0,0.0,0.0,Yes,No,No,No,No,Yes,No,0,0,0,0,0,0,0,0,0,0,0,0,0,0,0,0,0,0,0,0,0,0,0,0,0,0,0,0,0,0,2744,5444,5212,289,16.0,70,0.297,46.669,600.0,2394.0,0.2,0.0,0.0,0.0,0.0,0.0,0.0,0.0,0.2,38,16154,38,No,No,No,No,No,No,No,No,16.811,68.277,100.0,0.000,24.1,120,0,0,8.7,119.8,181.8,90.6,85.7,87.7,85.1,119.8,200.4,82.7,79.5,80.6,79.2,8.35,11.11,5.48,5.32,11.45,11.76,5.83,2.51,8.00,0.35,1.14,28,4,3.3,6.7,0,0,0.0,0.0,0,
7.6.2026,23:28:0.718,25781,22987,52.8,20025,12359,61.8,6.4,16384,1050,1.059,1.068,1.022,1.034,1.080,1.080,1.029,1.049,1.049,1.049,1.059,1.079,1.079,1.079,1.074,0.936,0.778,3491.5,3890.5,3890.5,3890.5,3890.5,3890.5,3890.5,3192.2,3192.2,3192.2,3192.2,3192.2,3192.2,3192.2,3192.2,99.8,3291.9,1650.1,1864.3,2117.2,2352.6,1437.2,1914.9,2648.1,2047.0,2642.4,1534.3,1811.8,1533.4,1883.3,1097.9,1176.2,1197.5,1132.1,1195.0,1140.7,1142.4,1134.1,1774.4,44.1,46.4,53.1,58.6,35.5,47.4,65.4,50.6,65.8,38.3,45.2,38.3,47.1,34.4,37.0,37.6,35.4,37.2,35.9,35.6,36.5,65.8,44.1,100.0,71.9,73.0,83.0,91.7,56.1,74.6,103.0,79.5,102.7,59.7,70.7,59.7,73.4,61.2,65.2,66.5,62.9,66.3,63.4,63.4,63.0,71.9,35.0,39.0,39.0,39.0,39.0,39.0,39.0,32.0,32.0,32.0,32.0,32.0,32.0,32.0,32.0,33.0,71,75,73,74,71,72,71,70,70,70,70,70,70,70,70,29,25,27,26,29,28,29,30,30,30,30,30,30,30,30,82,75,No,No,No,No,No,No,No,No,No,No,No,No,No,No,No,No,No,No,No,No,No,No,No,No,No,No,No,No,No,No,Yes,Yes,Yes,Yes,Yes,Yes,Yes,Yes,Yes,Yes,Yes,Yes,Yes,Yes,Yes,No,No,Yes,82,75,69,1.100,35.438,45.830,38.322,0.009,5.834,0.816,175.0,90.0,175.0,120.0,0,0.0,44.4,46.7,53.0,58.8,36.0,47.7,65.7,50.8,65.7,38.6,45.6,38.6,47.6,34.7,37.4,38.1,35.9,37.7,36.4,36.1,37.0,31.9,23.1,23.4,9.4,8.6,32.1,31.3,42.6,46.9,43.5,39.8,36.8,39.2,39.0,30.6,11.0,0.3,0.0,0.0,0.0,0.4,0.0,18.4,11.7,14.2,20.0,20.7,19.8,20.3,27.5,0.1,0.0,0.0,0.0,0.0,0.5,0.2,2394.1,24.00,36,35,35,68,103,383,2,2,Yes,No,No,No,No,No,No,No,Yes,No,No,No,No,Yes,No,No,No,No,No,No,No,Yes,No,No,No,No,No,No,No,No,No,No,No,No,No,No,No,No,89.0,4680,4560,4680,69.0,1.110,1.110,1.815,1.815,1.005,5.110,2.125,No,No,No,69.2,1.110,1.110,1.800,1.815,1.005,5.110,2.125,No,No,No,44,44,94.0,100.0,No,No,32094,47869,39,70,100.0,100.0,No,No,1763,3067,15.8,1.5,17.3,4.515,0.157,6166,2042,3.9,0.0,3.9,35.897,0.014,8590,53,77.5,76.0,85.5,83.0,0.875,20.502,20.492,20.512,69.945,29.563,51.149,16.291,67.732,3.000,19.242,10.326,39.205,100.000,140.000,2250.0,2150.2,1890.0,2225.5,1905.0,61.0,27.0,0.0,9.0,66.5,14.7,59.0,0.0,0.0,0.0,Yes,No,No,No,No,Yes,No,0,0,0,0,0,0,0,0,0,0,0,0,0,0,0,0,0,0,0,0,0,0,0,0,0,0,0,0,0,0,2744,5444,5212,289,16.0,69,0.297,45.131,600.0,2394.0,0.2,0.0,0.0,0.0,0.0,0.0,0.0,0.0,0.2,38,16154,38,No,No,No,No,No,No,No,No,16.812,68.277,100.0,0.000,24.1,114,0,0,8.3,113.6,173.2,68.0,63.7,65.3,63.3,113.7,217.1,54.5,53.0,53.0,53.0,8.81,14.44,5.78,5.55,15.22,15.90,6.15,2.66,8.40,0.40,1.96,28,4,3.9,8.0,0,0,0.0,0.0,0,
7.6.2026,23:28:2.713,25835,22933,52.9,20051,12332,61.9,6.4,16384,1050,1.017,1.036,1.031,1.016,1.044,0.966,0.991,0.991,0.991,1.025,1.025,1.025,1.035,1.025,1.035,0.916,0.778,3448.7,3790.7,3790.7,3790.7,3790.7,3790.7,3790.7,3192.2,3192.2,3192.2,3192.2,3192.2,3192.2,3192.2,3192.2,99.8,3192.2,1819.2,1965.6,2236.6,2381.5,1695.7,2247.9,2483.7,2075.7,2612.1,1724.1,2080.7,1776.6,2112.7,1287.2,1391.7,1430.2,1326.1,1362.4,1377.8,1395.2,1420.8,1926.8,51.1,51.3,58.4,62.0,44.0,58.5,64.5,53.7,68.3,45.1,54.1,46.4,54.7,42.7,45.7,46.9,43.5,44.1,44.7,45.5,47.5,68.3,51.1,100.0,79.7,76.7,87.8,92.6,66.1,87.6,96.5,80.5,101.9,67.0,81.3,69.1,82.3,71.1,76.7,78.8,72.9,74.9,75.8,76.5,78.2,79.7,34.6,38.0,38.0,38.0,38.0,38.0,38.0,32.0,32.0,32.0,32.0,32.0,32.0,32.0,32.0,32.0,73,73,73,76,75,74,73,73,73,73,73,71,71,71,71,27,27,27,24,25,26,27,27,27,27,27,29,29,29,29,82,76,No,No,No,No,No,No,No,No,No,No,No,No,No,No,No,No,No,No,No,No,No,No,No,No,No,No,No,No,No,No,Yes,Yes,Yes,Yes,Yes,Yes,Yes,Yes,Yes,Yes,Yes,Yes,Yes,Yes,Yes,No,No,Yes,82,74,69,1.100,45.563,45.393,37.991,0.010,5.917,0.869,175.0,90.0,175.0,120.0,0,0.0,51.1,51.2,58.1,62.0,44.1,58.3,64.4,53.9,67.7,45.1,54.2,46.2,55.0,42.5,45.7,47.0,43.6,44.1,44.8,45.7,47.5,33.8,17.0,16.7,6.0,6.4,21.6,19.8,47.5,49.0,48.2,49.9,50.8,50.3,47.6,42.3,2.0,0.0,0.0,0.0,0.0,0.2,0.8,6.4,2.1,1.6,3.5,2.1,1.8,3.5,6.5,0.0,0.0,0.0,0.0,0.0,0.0,0.0,2394.1,24.00,36,35,35,68,103,383,2,2,Yes,No,No,No,No,No,No,No,Yes,No,No,No,No,Yes,No,No,No,No,No,No,No,Yes,No,No,No,No,No,No,No,No,No,No,No,No,No,No,No,No,89.0,4620,4560,4680,69.0,1.110,1.110,1.800,1.800,1.005,5.110,1.750,No,No,No,69.2,1.110,1.110,1.800,1.800,1.005,5.110,1.500,No,No,No,44,44,94.0,100.0,No,No,32094,47869,39,70,100.0,100.0,No,No,1763,3067,2.7,0.7,3.4,3.023,0.138,6172,2042,3.4,0.0,3.4,32.002,0.014,8652,53,78.8,76.0,88.0,83.0,0.875,20.518,20.509,20.528,67.270,27.759,48.439,15.935,64.642,3.000,18.901,10.627,32.772,100.000,140.000,2250.0,2150.2,1890.0,2226.9,1905.0,64.0,28.0,0.0,9.0,67.7,15.0,59.9,0.0,0.0,0.0,Yes,No,No,No,No,Yes,No,0,0,0,0,0,0,0,0,0,0,0,0,0,0,0,0,0,0,0,0,0,0,0,0,0,0,0,0,0,0,2647,5541,5309,290,16.0,69,0.297,44.128,600.0,2394.0,0.2,0.0,0.0,0.0,0.0,0.0,0.0,0.0,0.2,38,16154,38,No,No,No,No,No,No,No,No,16.811,68.277,100.0,0.000,24.1,117,0,0,8.1,117.8,153.9,71.2,58.8,63.4,57.6,117.8,199.2,75.2,54.9,62.1,53.1,8.49,14.18,6.45,5.80,15.87,17.38,5.92,2.57,8.10,0.39,1.21,28,4,3.3,7.0,0,0,0.0,0.0,0,
7.6.2026,23:28:4.710,25895,22872,53.0,20090,12294,62.0,6.4,16384,1050,1.081,1.152,1.074,1.091,1.076,1.076,1.071,1.086,1.071,1.100,1.100,1.055,1.065,1.040,1.070,0.976,0.778,3691.0,4090.0,4090.0,4090.0,4090.0,4090.0,4090.0,3391.7,3391.7,3391.7,3391.7,3391.7,3391.7,3391.7,3391.7,99.8,3491.5,1763.6,2171.2,1955.9,2447.9,1485.2,2797.8,1959.4,2731.8,1807.6,2047.5,1496.1,2045.4,1612.5,1263.7,1356.2,1338.1,1329.1,1365.7,1326.8,1403.8,1331.0,1865.3,49.6,56.4,50.9,63.6,38.5,72.4,50.7,70.8,46.9,53.3,38.9,53.2,42.1,42.0,44.8,44.1,43.8,45.1,44.1,46.5,44.6,72.4,49.6,100.0,77.5,84.7,77.1,95.2,57.9,108.5,76.4,106.4,70.9,79.7,58.6,79.5,63.2,70.2,74.8,74.0,73.4,75.4,73.4,77.7,73.7,77.6,37.0,41.0,41.0,41.0,41.0,41.0,41.0,34.0,34.0,34.0,34.0,34.0,34.0,34.0,34.0,35.0,71,73,73,75,74,71,71,70,70,70,70,69,69,69,69,29,27,27,25,26,29,29,30,30,30,30,31,31,31,31,81,75,No,No,No,No,No,No,No,No,No,No,No,No,No,No,No,No,No,No,No,No,No,No,No,No,No,No,No,No,No,No,Yes,Yes,Yes,Yes,Yes,Yes,Yes,Yes,Yes,Yes,Yes,Yes,Yes,Yes,Yes,No,No,Yes,82,75,70,1.100,12.656,44.351,36.258,0.010,6.003,0.923,175.0,90.0,175.0,120.0,0,0.0,49.5,56.3,50.7,63.5,38.5,72.2,50.7,70.5,46.8,53.3,38.9,53.2,41.9,41.5,44.6,43.9,43.7,45.0,44.0,46.4,44.6,34.3,19.3,19.2,6.8,8.2,27.2,24.8,49.2,50.4,50.4,45.5,49.1,47.0,45.5,38.1,3.1,0.0,0.0,0.0,0.0,0.1,0.1,5.7,1.8,2.3,7.5,2.6,5.4,4.8,13.2,0.0,0.0,0.0,0.0,0.0,0.0,0.0,2394.1,24.00,36,35,35,68,103,383,2,2,Yes,No,No,No,No,No,No,No,Yes,No,No,No,No,Yes,No,No,No,No,No,No,No,Yes,No,No,No,No,No,No,No,No,No,No,No,No,No,No,No,No,87.0,4680,4560,4680,69.2,1.110,1.110,1.800,1.800,0.990,5.110,1.750,No,No,No,69.5,1.110,1.110,1.800,1.800,0.990,5.110,1.250,No,No,No,44,44,94.0,100.0,No,No,32094,47869,39,70,100.0,100.0,No,No,1763,3067,4.4,1.9,6.3,3.163,0.829,6178,2044,2.1,0.0,2.1,16.169,0.000,8682,53,77.8,74.0,86.2,83.0,0.875,20.519,20.510,20.528,66.861,28.132,49.333,16.121,65.710,3.000,19.093,10.553,33.114,100.000,140.000,2250.0,2150.2,1890.0,2227.4,1905.0,66.0,29.0,0.0,10.0,67.5,14.9,59.5,0.0,0.0,0.0,Yes,No,No,No,No,Yes,No,0,0,0,0,0,0,0,0,0,0,0,0,0,0,0,0,0,0,0,0,0,0,0,0,0,0,0,0,0,0,2661,5527,5295,290,16.0,70,0.297,44.971,600.0,2394.0,0.2,0.0,0.0,0.0,0.0,0.0,0.0,0.0,0.2,38,16154,38,No,No,No,No,No,No,No,No,16.812,68.277,100.0,0.000,24.1,120,0,0,8.9,119.9,145.5,101.0,95.0,97.5,94.3,119.8,160.7,94.8,81.2,86.6,79.7,8.34,9.94,6.86,6.60,10.28,10.61,5.93,2.41,7.96,0.37,0.97,28,4,6.3,7.1,0,0,0.0,0.0,0,
7.6.2026,23:28:6.722,25686,23082,52.6,20060,12324,61.9,6.4,16384,1050,1.116,1.125,1.084,1.131,1.166,1.171,1.161,1.121,1.121,1.091,1.091,1.091,1.091,1.091,1.091,0.978,0.778,3691.0,4090.0,4090.0,4090.0,4090.0,4090.0,4090.0,3391.7,3391.7,3391.7,3391.7,3391.7,3391.7,3391.7,3391.7,99.8,3491.5,1486.6,1924.2,1760.8,2281.3,1252.4,2460.4,1741.1,2373.2,2049.2,1539.1,1499.1,1628.0,1445.7,994.1,1039.2,1043.8,867.7,1029.3,987.6,916.5,898.9,1618.7,39.3,47.5,43.6,56.2,30.7,60.2,42.5,58.1,50.3,38.1,37.2,40.5,35.7,31.4,32.8,33.0,26.6,32.0,30.9,28.4,29.4,60.2,39.3,100.0,64.5,75.3,69.3,88.8,49.0,96.3,67.8,92.5,80.1,59.9,58.4,63.4,56.3,55.6,57.8,57.8,48.8,56.8,54.8,51.0,50.4,64.5,37.0,41.0,41.0,41.0,41.0,41.0,41.0,34.0,34.0,34.0,34.0,34.0,34.0,34.0,34.0,35.0,72,75,74,75,71,71,71,70,70,71,71,71,71,71,71,28,25,26,25,29,29,29,30,30,29,29,29,29,29,29,82,75,No,No,No,No,No,No,No,No,No,No,No,No,No,No,No,No,No,No,No,No,No,No,No,No,No,No,No,No,No,No,Yes,Yes,Yes,Yes,Yes,Yes,Yes,Yes,Yes,Yes,Yes,Yes,Yes,Yes,Yes,No,No,Yes,82,75,69,1.100,35.438,43.728,35.967,0.010,5.963,0.897,175.0,90.0,175.0,120.0,0,0.0,39.2,47.5,43.2,56.2,30.7,60.1,42.4,58.0,50.0,38.0,37.1,40.4,35.8,31.1,32.7,32.9,26.7,32.0,30.8,28.4,29.4,39.2,28.9,27.9,14.7,10.8,38.8,38.1,57.7,57.6,61.0,31.9,63.7,51.2,44.2,22.1,9.6,0.0,0.0,0.0,0.0,0.0,0.0,7.6,6.4,3.3,36.0,1.8,14.1,23.0,42.7,0.0,0.0,0.0,0.0,0.0,0.0,0.1,2394.1,24.00,36,35,35,68,103,383,2,2,Yes,No,No,No,No,No,No,No,Yes,No,No,No,No,Yes,No,No,No,No,No,No,No,Yes,No,No,No,No,No,No,No,No,No,No,No,No,No,No,No,No,88.0,4620,4500,4680,69.5,1.110,1.110,1.800,1.800,0.990,5.110,2.000,No,No,No,69.8,1.110,1.110,1.800,1.800,0.990,5.110,2.000,No,No,No,44,44,94.0,100.0,No,No,32094,47869,39,70,100.0,100.0,No,No,1763,3067,0.1,1.4,1.5,0.079,0.094,6178,2044,1.7,0.0,1.7,15.027,0.002,8711,53,79.2,76.0,88.8,83.0,0.875,20.510,20.500,20.520,69.495,29.358,50.835,16.318,67.386,3.000,19.273,10.699,37.994,100.000,140.000,2250.0,2150.2,1890.0,2225.8,1905.0,67.0,29.0,0.0,10.0,66.5,15.4,61.6,0.0,0.0,0.0,Yes,No,No,No,No,Yes,No,0,0,0,0,0,0,0,0,0,0,0,0,0,0,0,0,0,0,0,0,0,0,0,0,0,0,0,0,0,0,2741,5447,5215,290,16.0,70,0.297,45.381,600.0,2394.0,0.2,0.0,0.0,0.0,0.0,0.0,0.0,0.0,0.2,38,16154,38,No,No,No,No,No,No,No,No,16.812,68.277,100.0,0.000,24.1,119,0,0,8.0,119.0,177.2,85.6,68.8,74.8,67.2,119.0,215.4,78.1,73.4,74.9,73.0,8.41,11.84,5.61,5.26,13.45,14.87,5.94,2.46,8.05,0.35,1.26,28,4,4.3,5.4,0,0,0.0,0.0,0,
7.6.2026,23:28:8.722,25777,22991,52.8,20048,12335,61.9,6.4,16384,1050,1.105,1.081,1.098,1.103,1.089,1.068,1.113,1.108,1.108,1.108,1.113,1.113,1.123,1.123,1.118,0.978,0.778,3634.0,4090.0,4090.0,4090.0,4090.0,4090.0,4090.0,3291.9,3291.9,3291.9,3291.9,3291.9,3291.9,3291.9,3291.9,99.8,3491.5,1532.6,1717.1,1908.2,2312.2,1325.9,1845.6,2468.9,1815.7,2592.2,1297.8,1820.1,1400.7,1736.7,1000.5,1091.4,1101.7,1011.5,1084.5,1074.2,1002.2,1046.0,1652.9,41.2,42.7,47.6,57.4,32.7,45.5,60.7,44.7,64.0,32.3,45.4,34.8,43.3,32.7,35.5,36.0,32.2,34.8,34.5,31.9,34.6,64.0,41.2,100.0,66.7,67.1,74.9,90.0,51.7,72.4,96.6,70.9,100.8,50.6,70.7,54.4,67.7,55.8,60.4,61.1,56.5,59.9,59.7,55.5,58.1,66.7,36.4,41.0,41.0,41.0,41.0,41.0,41.0,33.0,33.0,33.0,33.0,33.0,33.0,33.0,33.0,35.0,72,74,73,75,74,71,74,70,70,70,70,71,71,71,71,28,26,27,25,26,29,26,30,30,30,30,29,29,29,29,82,75,No,No,No,No,No,No,No,No,No,No,No,No,No,No,No,No,No,No,No,No,No,No,No,No,No,No,No,No,No,No,Yes,Yes,Yes,Yes,Yes,Yes,Yes,Yes,Yes,Yes,Yes,Yes,Yes,Yes,Yes,No,No,Yes,82,77,69,1.100,57.376,46.612,39.052,0.005,5.859,0.832,175.0,90.0,175.0,120.0,0,0.0,41.1,42.6,47.2,57.3,32.7,45.4,60.8,44.6,63.7,32.3,45.5,34.8,43.3,32.4,35.3,35.9,32.2,34.8,34.4,31.9,34.5,39.2,29.4,26.0,13.1,12.0,37.0,36.8,51.9,55.9,55.7,42.6,56.6,48.0,47.9,36.4,7.4,0.2,0.0,0.0,0.0,0.0,0.0,11.8,5.5,5.2,20.7,5.4,13.5,16.3,24.4,0.0,0.0,0.0,0.0,0.0,0.2,0.0,2394.1,24.00,36,35,35,68,103,383,2,2,Yes,No,No,No,No,No,No,No,Yes,No,No,No,No,Yes,No,No,No,No,No,No,No,Yes,No,No,No,No,No,No,No,No,No,No,No,No,No,No,No,No,88.0,4620,4560,4680,69.5,1.095,1.110,1.800,1.800,0.990,5.110,1.500,No,No,No,69.8,1.095,1.110,1.800,1.800,0.990,5.110,2.250,No,No,No,44,44,94.0,100.0,No,No,32094,47869,39,70,100.0,100.0,No,No,1763,3067,0.5,3.9,4.5,0.297,1.956,6179,2048,3.7,0.0,3.8,40.771,0.016,8790,53,78.6,76.0,87.6,83.0,0.875,20.516,20.507,20.525,69.811,34.358,49.874,16.118,66.234,3.000,19.081,49.636,36.563,100.000,140.000,2250.0,2150.2,1890.0,2225.7,1905.0,66.0,29.0,0.0,9.0,67.3,15.3,61.0,0.0,0.0,0.0,Yes,No,No,No,No,Yes,No,0,0,0,0,0,0,0,0,0,0,0,0,0,0,0,0,0,0,0,0,0,0,0,0,0,0,0,0,0,0,2677,5511,5279,290,16.0,69,0.297,43.314,600.0,2394.0,0.1,0.0,0.0,0.0,0.0,0.0,0.0,0.0,0.2,38,16154,38,No,No,No,No,No,No,No,No,16.812,68.277,100.0,0.000,24.1,117,0,0,8.8,117.2,164.9,64.4,62.1,62.9,61.9,117.0,221.0,53.4,53.3,53.3,53.3,8.53,15.52,6.07,5.97,15.91,16.19,5.92,2.61,8.16,0.37,1.51,28,4,3.5,7.8,0,0,0.0,0.0,0,
7.6.2026,23:28:10.717,25567,23201,52.4,20014,12369,61.8,6.4,16384,1050,1.129,1.208,1.108,1.108,1.113,1.153,1.148,1.118,1.118,1.131,1.136,1.121,1.121,1.121,1.111,1.018,0.778,3833.5,4289.5,4289.5,4289.5,4289.5,4289.5,4289.5,3491.5,3491.5,3491.5,3491.5,3491.5,3491.5,3491.5,3491.5,99.8,3691.0,1459.3,1745.8,1829.5,2348.9,1207.6,2170.5,2223.8,1717.4,2423.7,1365.1,1583.4,1482.8,1553.7,931.9,975.5,976.2,850.4,989.5,930.8,953.9,925.0,1586.6,38.3,42.9,44.9,57.5,29.3,52.6,53.8,41.7,59.0,33.5,39.1,36.4,38.1,29.3,30.8,30.8,26.2,30.8,28.9,29.6,30.0,59.0,38.3,100.0,63.1,68.1,72.0,91.4,47.1,84.6,87.0,66.9,94.7,53.1,61.7,57.6,60.6,51.8,53.9,53.9,47.5,54.7,51.7,52.8,51.7,63.1,38.4,43.0,43.0,43.0,43.0,43.0,43.0,35.0,35.0,35.0,35.0,35.0,35.0,35.0,35.0,37.0,71,74,74,77,72,74,71,70,70,70,70,69,69,69,69,29,26,26,23,28,26,29,30,30,30,30,31,31,31,31,82,77,No,No,No,No,No,No,No,No,No,No,No,No,No,No,No,No,No,No,No,No,No,No,No,No,No,No,No,No,No,No,Yes,Yes,Yes,Yes,Yes,Yes,Yes,Yes,Yes,Yes,Yes,Yes,Yes,Yes,Yes,No,No,Yes,82,76,69,1.100,22.782,44.648,37.018,0.005,5.873,0.836,175.0,90.0,175.0,120.0,0,0.0,38.3,42.8,44.7,57.5,29.4,52.5,54.0,41.6,58.8,33.6,39.1,36.4,38.2,29.2,30.7,30.8,26.3,30.9,29.0,29.7,30.1,41.3,30.8,27.4,12.2,16.6,41.0,38.6,59.4,59.0,63.7,40.7,60.0,51.3,53.6,24.6,8.7,0.0,0.0,0.0,0.0,0.0,0.0,8.3,7.3,2.8,28.2,6.2,15.9,13.2,39.5,0.0,0.0,0.0,0.0,0.0,0.1,0.0,2394.1,24.00,36,35,35,68,103,383,2,2,Yes,No,No,No,No,No,No,No,Yes,No,No,No,No,Yes,No,No,No,No,No,No,No,Yes,No,No,No,No,No,No,No,No,No,No,No,No,No,No,No,No,88.0,4620,4560,4680,69.8,1.095,1.110,1.800,1.800,0.990,5.110,1.625,No,No,No,70.0,1.095,1.110,1.800,1.800,0.990,5.110,1.500,No,No,No,44,44,94.0,100.0,No,No,32094,47869,40,70,100.0,100.0,No,No,1763,3067,0.1,1.3,1.5,0.048,0.084,6179,2048,1.5,0.0,1.5,12.406,0.000,8813,53,77.4,76.0,85.1,83.0,0.875,20.522,20.513,20.530,67.276,35.165,48.074,15.939,64.260,3.000,18.909,60.509,35.462,100.000,140.000,2250.0,2150.2,1890.0,2226.8,1905.0,62.0,28.0,0.0,8.0,65.7,14.4,57.8,0.0,0.0,0.0,Yes,No,No,No,No,Yes,No,0,0,0,0,0,0,0,0,0,0,0,0,0,0,0,0,0,0,0,0,0,0,0,0,0,0,0,0,0,0,2806,5382,5151,290,16.0,70,0.297,45.607,600.0,2394.0,0.1,0.0,0.0,0.0,0.0,0.0,0.0,0.0,0.2,38,16154,38,No,No,No,No,No,No,No,No,16.810,68.277,100.0,0.000,24.1,120,0,0,8.8,119.8,161.1,91.9,85.6,88.0,84.9,119.8,182.1,88.6,79.5,82.9,78.5,8.35,10.88,6.16,5.30,11.36,11.78,5.65,2.70,7.99,0.35,0.94,28,4,2.3,4.7,0,0,0.0,0.0,0,
7.6.2026,23:28:12.714,25585,23183,52.4,20027,12357,61.8,6.4,16384,1050,1.110,1.093,1.013,1.052,1.077,1.116,1.116,1.121,1.131,1.140,1.140,1.140,1.140,1.130,1.130,0.998,0.778,3733.7,4189.8,4189.8,4189.8,4189.8,4189.8,4189.8,3391.7,3391.7,3391.7,3391.7,3391.7,3391.7,3391.7,3391.7,99.8,3591.2,1456.6,1774.6,1758.9,2348.4,1160.2,2140.0,2211.1,1766.7,2406.9,1355.8,1535.6,1477.3,1578.1,910.9,997.5,1041.7,880.8,994.1,907.0,961.3,925.3,1584.0,37.6,43.1,42.7,57.2,27.6,51.4,53.0,42.4,58.2,32.9,37.3,35.7,38.2,27.9,30.4,32.2,26.3,30.2,27.3,29.1,29.3,58.2,37.6,100.0,63.2,69.3,69.1,91.4,45.3,83.3,86.5,68.8,94.0,52.7,59.8,57.4,61.6,50.7,55.3,57.7,49.5,54.9,50.7,53.3,51.6,63.2,37.4,42.0,42.0,42.0,42.0,42.0,42.0,34.0,34.0,34.0,34.0,34.0,34.0,34.0,34.0,36.0,73,79,77,77,75,74,73,71,71,71,71,71,71,71,71,27,21,23,23,25,26,27,29,29,29,29,29,29,29,29,82,79,No,No,No,No,No,No,No,No,No,No,No,No,No,No,No,No,No,No,No,No,No,No,No,No,No,No,No,No,No,No,Yes,Yes,Yes,Yes,Yes,Yes,Yes,Yes,Yes,Yes,Yes,Yes,Yes,Yes,Yes,No,No,Yes,82,73,70,1.100,28.688,45.443,37.880,0.009,5.841,0.821,175.0,90.0,175.0,120.0,0,0.0,38.1,43.4,42.8,57.4,28.1,51.7,53.5,42.7,58.3,33.5,37.8,36.2,38.7,28.3,31.0,32.6,26.9,30.8,28.0,29.7,29.9,39.4,31.6,28.6,12.5,16.4,41.6,38.6,50.0,56.2,63.3,33.8,57.8,39.9,51.4,29.7,10.6,0.0,0.0,0.0,0.0,0.0,0.0,17.5,9.4,1.4,33.9,8.2,27.4,15.0,35.2,0.1,0.1,0.0,0.0,0.0,0.3,0.0,2394.1,24.00,36,35,35,68,103,383,2,2,Yes,No,No,No,No,No,No,No,Yes,No,No,No,No,Yes,No,No,No,No,No,No,No,Yes,No,No,No,No,No,No,No,No,No,No,No,No,No,No,No,No,87.0,4680,4500,4680,69.8,1.095,1.110,1.815,1.800,0.990,5.110,2.250,No,No,No,70.0,1.095,1.110,1.800,1.800,0.990,5.110,2.125,No,No,No,44,44,94.0,100.0,No,No,32094,47869,39,70,100.0,100.0,No,No,1763,3067,0.0,1.6,1.6,0.000,0.169,6179,2048,1.6,0.0,1.7,15.149,0.008,8842,53,78.1,76.0,87.2,83.0,0.875,20.523,20.515,20.531,65.973,27.393,47.406,15.878,63.522,3.000,18.847,10.338,32.760,100.000,140.000,2250.0,2150.2,1890.0,2227.6,1905.0,62.0,28.0,0.0,8.0,65.3,14.3,57.1,0.0,0.0,0.0,Yes,No,No,No,No,Yes,No,0,0,0,0,0,0,0,0,0,0,0,0,0,0,0,0,0,0,0,0,0,0,0,0,0,0,0,0,0,0,2837,5351,5119,290,16.0,69,0.297,45.272,600.0,2394.0,0.2,0.0,0.0,0.0,0.0,0.0,0.0,0.0,0.2,38,16154,38,No,No,No,No,No,No,No,No,16.811,68.277,100.0,0.000,24.1,119,0,0,12.4,119.8,150.0,98.6,95.9,97.0,95.5,119.8,159.8,94.6,91.1,92.3,90.7,8.35,10.32,6.66,6.33,10.41,10.45,5.63,2.71,8.00,0.35,0.76,28,4,3.0,6.6,0,0,0.0,0.0,0,
7.6.2026,23:28:14.713,25523,23244,52.3,19997,12387,61.7,6.4,16384,1050,1.125,1.145,1.148,1.138,1.138,1.085,1.095,1.130,1.130,1.138,1.123,1.143,1.128,1.103,1.113,1.018,0.778,3548.5,4289.5,4289.5,4289.5,4289.5,4189.8,798.0,3391.7,3391.7,3391.7,3391.7,3491.5,3491.5,3491.5,3491.5,99.8,3691.0,1428.3,1730.7,1776.4,2339.6,1108.7,1735.7,2596.7,1881.7,2470.4,1336.0,1519.2,1510.3,1518.3,788.8,918.4,973.5,841.4,882.6,895.7,905.9,835.6,1565.4,37.2,42.0,43.1,56.7,26.6,41.5,62.1,45.1,59.3,32.9,36.9,36.9,36.8,25.1,29.1,30.9,26.3,28.0,28.2,28.8,27.1,62.1,37.2,100.0,61.7,67.4,69.6,91.2,43.3,67.7,101.2,73.3,96.2,52.2,59.0,58.8,59.2,44.5,51.2,54.2,47.2,49.6,50.1,50.5,46.8,61.7,35.6,43.0,43.0,43.0,43.0,42.0,8.0,34.0,34.0,34.0,34.0,35.0,35.0,35.0,35.0,37.0,73,75,76,76,74,75,73,72,72,72,72,71,71,70,70,27,25,24,24,26,25,27,28,28,28,28,29,29,30,30,82,76,No,No,No,No,No,No,No,No,No,No,No,No,No,No,No,No,No,No,No,No,No,No,No,No,No,No,No,No,No,No,Yes,Yes,Yes,Yes,Yes,Yes,Yes,Yes,Yes,Yes,Yes,Yes,Yes,Yes,Yes,No,No,Yes,82,77,69,1.100,54.001,43.866,36.314,0.005,5.837,0.816,175.0,90.0,175.0,120.0,0,0.0,37.1,41.9,42.7,56.6,26.5,41.4,62.0,44.9,58.9,32.8,36.9,36.8,36.8,24.8,29.0,30.8,26.3,27.9,28.2,28.7,27.1,30.3,32.4,30.5,13.2,14.5,43.4,39.7,30.7,41.9,46.7,23.2,29.6,33.4,31.4,13.3,20.2,0.0,0.0,0.0,0.0,0.0,0.0,38.7,24.5,18.2,44.4,36.7,33.1,34.4,53.1,0.0,0.0,0.0,0.0,0.0,0.2,0.1,2394.1,24.00,36,35,35,68,103,383,2,2,Yes,No,No,No,No,No,No,No,Yes,No,No,No,No,Yes,No,No,No,No,No,No,No,Yes,No,No,No,No,No,No,No,No,No,No,No,No,No,No,No,No,87.0,4680,4560,4680,70.0,1.095,1.110,1.815,1.815,0.990,5.110,1.875,No,No,No,70.2,1.095,1.110,1.815,1.800,0.990,5.110,1.250,No,No,No,44,44,94.0,100.0,No,No,32094,47869,39,70,100.0,100.0,No,No,1763,3067,0.0,0.8,0.8,0.008,0.066,6179,2048,1.3,0.0,1.3,10.208,0.000,8862,53,76.8,76.0,84.3,83.0,0.875,20.518,20.509,20.527,66.151,37.982,46.900,15.854,62.975,3.000,18.821,80.134,38.194,100.000,140.000,2250.0,2150.2,1890.0,2227.5,1905.0,62.0,28.0,0.0,9.0,65.3,14.4,57.6,0.0,0.0,0.0,Yes,No,No,No,No,Yes,No,0,0,0,0,0,0,0,0,0,0,0,0,0,0,0,0,0,0,0,0,0,0,0,0,0,0,0,0,0,0,2838,5350,5119,290,16.0,69,0.297,44.277,600.0,2394.0,0.1,0.0,0.0,0.0,0.0,0.0,0.0,0.0,0.2,38,16154,38,No,No,No,No,No,No,No,No,16.810,68.277,100.0,0.000,24.1,120,0,0,10.6,120.0,145.5,100.9,93.8,96.6,93.0,120.0,150.4,99.7,90.8,94.5,89.8,8.33,9.92,6.89,6.67,10.37,10.78,5.62,2.72,7.98,0.35,0.86,28,4,2.6,4.5,0,0,0.0,0.0,0,
7.6.2026,23:28:16.708,25603,23165,52.5,20017,12367,61.8,6.4,16384,1050,1.125,1.185,1.108,1.148,1.133,1.147,1.122,1.152,1.117,1.112,1.107,1.107,1.077,1.117,1.117,1.018,0.778,3491.5,4289.5,4289.5,4289.5,4289.5,4289.5,4289.5,3491.5,1097.3,3491.5,3491.5,3491.5,3491.5,3491.5,1097.3,99.8,3691.0,1408.0,1784.0,1688.6,2391.1,1034.5,2239.3,2167.5,2387.6,1952.9,1563.6,1222.0,1756.2,1292.5,838.0,872.9,943.9,757.1,812.4,776.1,873.3,807.0,1555.7,36.4,43.2,40.8,57.6,24.6,53.3,51.6,56.9,46.7,38.3,29.5,42.6,31.1,26.7,27.8,30.2,23.5,25.1,24.1,27.6,26.5,57.6,36.4,100.0,60.6,69.7,66.3,93.4,40.3,87.8,84.5,93.1,76.3,61.0,47.5,68.7,50.7,46.9,48.5,52.2,42.5,45.3,43.6,48.6,45.1,60.6,35.0,43.0,43.0,43.0,43.0,43.0,43.0,35.0,11.0,35.0,35.0,35.0,35.0,35.0,11.0,37.0,72,73,74,75,74,74,71,69,69,69,69,71,71,71,71,28,27,26,25,26,26,29,31,31,31,31,29,29,29,29,82,75,No,No,No,No,No,No,No,No,No,No,No,No,No,No,No,No,No,No,No,No,No,No,No,No,No,No,No,No,No,No,Yes,Yes,Yes,Yes,Yes,Yes,Yes,Yes,Yes,Yes,Yes,Yes,Yes,Yes,Yes,No,No,Yes,82,77,70,1.100,31.219,45.524,38.075,0.005,5.795,0.807,175.0,90.0,175.0,120.0,0,0.0,36.4,43.1,40.5,57.7,24.7,53.4,51.5,56.9,46.4,38.4,29.5,42.6,31.2,26.6,27.9,30.2,23.7,25.3,24.2,27.7,26.7,31.5,32.9,30.1,12.9,13.8,44.6,39.2,42.2,44.8,53.2,21.3,33.2,26.9,33.6,12.0,19.8,0.0,0.0,0.0,0.0,0.0,0.0,26.4,22.8,12.8,48.9,35.9,42.8,33.2,55.1,0.0,0.1,0.0,0.0,0.0,0.0,0.0,2394.1,24.00,36,35,35,68,103,383,2,2,Yes,No,No,No,No,No,No,No,Yes,No,No,No,No,Yes,No,No,No,No,No,No,No,Yes,No,No,No,No,No,No,No,No,No,No,No,No,No,No,No,No,89.0,4680,4500,4680,70.0,1.095,1.110,1.815,1.815,0.990,5.110,1.750,No,No,No,70.2,1.095,1.110,1.815,1.815,1.005,5.110,1.250,No,No,No,44,44,94.0,100.0,No,No,32094,47869,39,70,100.0,100.0,No,No,1763,3068,0.0,1.8,1.8,0.000,0.050,6179,2048,2.6,0.0,2.6,24.998,0.000,8910,53,76.8,76.0,84.4,83.0,0.875,20.525,20.518,20.533,65.711,29.684,45.232,15.450,60.922,3.000,18.424,28.780,35.980,100.000,140.000,2250.0,2150.2,1890.0,2227.9,1905.0,60.0,27.0,0.0,8.0,66.1,14.2,56.9,0.0,0.0,0.0,Yes,No,No,No,No,Yes,No,0,0,0,0,0,0,0,0,0,0,0,0,0,0,0,0,0,0,0,0,0,0,0,0,0,0,0,0,0,0,2774,5414,5182,290,16.0,69,0.297,46.937,600.0,2394.0,0.1,0.0,0.0,0.0,0.0,0.0,0.0,0.0,0.2,38,16154,38,No,No,No,No,No,No,No,No,16.812,68.277,100.0,0.000,24.1,120,0,0,9.1,120.2,176.4,89.1,86.8,87.7,86.6,120.3,180.9,87.5,84.8,85.6,84.5,8.32,11.20,5.63,4.86,11.37,11.51,5.44,2.88,7.97,0.35,1.20,28,4,2.5,5.8,0,0,0.0,0.0,0,
7.6.2026,23:28:18.723,25576,23192,52.4,20009,12375,61.7,6.4,16384,1050,1.131,1.165,1.123,1.123,1.098,1.113,1.113,1.140,1.130,1.145,1.140,1.120,1.140,1.140,1.140,1.041,0.778,3876.2,4389.3,4389.3,4389.3,4389.3,4389.3,4389.3,3491.5,3491.5,3491.5,3491.5,3491.5,3491.5,3491.5,3491.5,99.8,3790.7,1351.7,1796.1,1656.2,2378.4,942.8,2371.4,2035.7,2639.9,1702.2,1538.0,1083.6,1733.9,1157.2,738.8,749.4,838.2,687.0,742.8,748.7,767.5,726.3,1503.1,34.2,42.7,39.3,56.4,22.1,55.4,47.6,61.7,40.0,37.1,25.7,41.3,27.5,23.1,23.3,26.3,21.0,22.9,23.3,23.9,23.8,61.7,34.2,100.0,58.0,70.1,65.0,93.0,36.7,93.0,79.2,103.0,66.9,60.0,42.2,67.6,45.1,41.8,42.2,46.7,38.8,41.8,42.3,43.0,41.0,58.0,38.9,44.0,44.0,44.0,44.0,44.0,44.0,35.0,35.0,35.0,35.0,35.0,35.0,35.0,35.0,38.0,73,76,77,77,75,74,74,70,70,70,70,71,71,71,70,27,24,23,23,25,26,26,30,30,30,30,29,29,29,30,82,77,No,No,No,No,No,No,No,No,No,No,No,No,No,No,No,No,No,No,No,No,No,No,No,No,No,No,No,No,No,No,Yes,Yes,Yes,Yes,Yes,Yes,Yes,Yes,Yes,Yes,Yes,Yes,Yes,Yes,Yes,No,No,Yes,82,81,70,1.100,39.657,45.800,38.403,0.005,5.785,0.798,175.0,90.0,175.0,120.0,0,0.0,34.1,42.5,38.9,56.4,22.0,55.4,47.5,61.6,39.7,37.1,25.7,41.3,27.5,22.9,23.3,26.2,21.0,22.8,23.3,23.9,23.7,26.4,34.2,32.8,14.3,14.0,48.2,42.7,22.8,22.7,47.4,14.8,22.8,20.7,25.4,7.5,27.1,0.0,0.0,0.1,0.0,0.0,0.0,47.9,47.7,21.7,57.6,48.1,49.6,44.4,62.5,0.0,0.0,0.0,0.0,0.0,0.0,0.0,2394.1,24.00,36,35,35,68,103,383,2,2,Yes,No,No,No,No,No,No,No,Yes,No,No,No,No,Yes,No,No,No,No,No,No,No,Yes,No,No,No,No,No,No,No,No,No,No,No,No,No,No,No,No,87.0,4680,4500,4680,70.2,1.095,1.110,1.815,1.815,1.005,5.110,2.625,No,No,No,70.2,1.095,1.110,1.815,1.815,1.005,5.110,2.375,No,No,No,44,44,94.0,100.0,No,No,32094,47869,39,70,100.0,100.0,No,No,1763,3068,0.0,1.1,1.1,0.000,0.027,6179,2049,1.5,0.0,1.5,14.078,0.000,8937,53,76.9,76.0,84.6,83.0,0.875,20.509,20.501,20.517,64.659,37.797,46.434,15.580,62.248,3.000,18.539,87.253,31.526,100.000,140.000,2250.0,2150.2,1890.0,2228.3,1905.0,62.0,27.0,0.0,8.0,65.3,13.8,55.3,0.0,0.0,0.0,Yes,No,No,No,No,Yes,No,0,0,0,0,0,0,0,0,0,0,0,0,0,0,0,0,0,0,0,0,0,0,0,0,0,0,0,0,0,0,2838,5350,5118,289,16.0,69,0.297,44.381,600.0,2394.0,0.1,0.0,0.0,0.0,0.0,0.0,0.0,0.0,0.2,38,16154,38,No,No,No,No,No,No,No,No,16.811,68.277,100.0,0.000,24.1,120,0,0,8.4,119.8,169.5,77.3,69.7,72.1,69.1,119.7,198.1,70.9,54.5,59.9,53.1,8.35,12.89,5.95,4.54,13.84,14.46,5.54,2.81,8.01,0.34,1.26,28,4,3.0,5.2,0,0,0.0,0.0,0,
7.6.2026,23:28:20.721,25578,23189,52.4,20012,12372,61.7,6.4,16384,1050,1.185,1.236,1.171,1.156,1.176,1.171,1.171,1.201,1.181,1.181,1.201,1.191,1.201,1.166,1.191,1.038,0.778,3705.2,4389.3,4389.3,4389.3,4389.3,4389.3,4389.3,3491.5,3491.5,3491.5,3491.5,1097.3,3491.5,3491.5,3491.5,99.8,3790.7,1347.3,1657.8,1753.9,2439.8,993.3,2009.7,2407.3,2076.3,2379.0,1430.5,1215.5,1472.0,1299.0,682.0,725.4,826.5,664.9,690.5,739.9,715.7,766.4,1502.1,33.6,38.7,41.0,57.0,22.5,46.8,55.5,47.8,55.3,33.9,28.1,34.5,30.3,21.3,22.6,26.1,20.4,21.1,22.2,22.0,25.4,57.0,33.6,100.0,57.6,64.8,68.7,95.5,38.7,78.9,93.7,81.0,92.5,55.8,47.1,57.4,50.6,38.7,40.9,46.1,37.6,38.8,41.5,40.3,42.8,57.6,37.1,44.0,44.0,44.0,44.0,44.0,44.0,35.0,35.0,35.0,35.0,11.0,35.0,35.0,35.0,38.0,72,73,74,75,75,72,71,70,70,70,70,71,71,71,71,28,27,26,25,25,28,29,30,30,30,30,29,29,29,29,82,75,No,No,No,No,No,No,No,No,No,No,No,No,No,No,No,No,No,No,No,No,No,No,No,No,No,No,No,No,No,No,Yes,Yes,Yes,Yes,Yes,Yes,Yes,Yes,Yes,Yes,Yes,Yes,Yes,Yes,Yes,No,No,Yes,82,77,70,1.100,23.625,45.728,38.330,0.005,5.760,0.784,175.0,90.0,175.0,120.0,0,0.0,33.8,39.0,41.1,57.3,23.1,46.6,55.8,48.1,55.2,34.4,28.6,34.9,30.8,21.2,22.6,26.1,20.4,21.1,22.8,22.1,25.3,21.2,35.9,31.7,14.6,12.8,49.1,45.9,10.4,13.3,32.0,6.6,12.0,14.6,14.0,3.6,32.7,0.0,0.0,0.4,0.0,0.0,0.0,61.1,57.1,35.9,65.8,60.1,55.9,56.7,64.7,0.0,0.1,0.0,0.0,0.0,0.0,0.1,2394.1,24.00,36,35,35,68,103,383,2,2,Yes,No,No,No,No,No,No,No,Yes,No,No,No,No,Yes,No,No,No,No,No,No,No,Yes,No,No,No,No,No,No,No,No,No,No,No,No,No,No,No,No,88.0,4680,4500,4740,70.2,1.095,1.110,1.815,1.815,1.005,5.110,1.875,No,No,No,70.5,1.095,1.110,1.815,1.815,1.005,5.110,1.375,No,No,No,44,44,94.0,100.0,No,No,32094,47869,39,70,100.0,100.0,No,No,1763,3068,0.0,1.2,1.2,0.000,0.018,6179,2049,1.8,0.0,1.8,15.704,0.000,8967,53,76.5,76.0,83.8,83.0,0.875,20.523,20.515,20.530,65.931,31.314,46.508,15.653,62.370,3.000,18.614,41.372,31.679,100.000,140.000,2250.0,2150.2,1890.0,2228.4,1905.0,62.0,27.0,0.0,8.0,66.1,14.3,57.1,0.0,0.0,0.0,Yes,No,No,No,No,Yes,No,0,0,0,0,0,0,0,0,0,0,0,0,0,0,0,0,0,0,0,0,0,0,0,0,0,0,0,0,0,0,2774,5414,5182,289,16.0,69,0.297,44.502,600.0,2394.0,0.1,0.0,0.0,0.0,0.0,0.0,0.0,0.0,0.2,38,16154,38,No,No,No,No,No,No,No,No,16.811,68.277,100.0,0.000,24.1,120,0,0,9.4,119.9,158.6,97.9,96.2,96.8,96.0,119.9,165.4,93.8,86.6,89.5,85.7,8.34,10.20,6.29,6.11,10.32,10.42,5.59,2.75,8.01,0.33,0.99,28,4,2.7,5.0,0,0,0.0,0.0,0,
7.6.2026,23:28:22.715,25597,23170,52.4,20003,12380,61.7,6.4,16384,1050,1.121,1.201,1.124,1.139,1.099,1.104,1.099,1.104,1.124,1.113,1.113,1.148,1.113,1.113,1.103,1.018,0.778,3833.5,4289.5,4289.5,4289.5,4289.5,4289.5,4289.5,3491.5,3491.5,3491.5,3491.5,3491.5,3491.5,3491.5,3491.5,99.8,3691.0,1412.0,1750.1,1742.7,2411.8,1133.4,1979.4,2384.2,2079.3,2380.3,1442.6,1382.7,1445.2,1458.3,791.1,835.3,912.3,806.0,824.2,800.7,856.2,823.9,1558.4,35.8,42.0,41.8,57.6,26.7,46.5,56.3,49.1,55.9,35.0,33.0,34.7,35.0,24.1,25.0,27.8,23.9,24.7,24.2,25.7,26.4,57.6,35.8,100.0,60.7,68.4,68.3,94.2,44.1,77.6,92.8,81.0,92.6,56.2,53.6,56.3,56.7,44.6,46.7,50.8,45.1,46.1,44.7,47.7,45.9,60.7,38.4,43.0,43.0,43.0,43.0,43.0,43.0,35.0,35.0,35.0,35.0,35.0,35.0,35.0,35.0,37.0,72,73,74,75,77,72,72,71,71,71,71,70,70,70,70,28,27,26,25,23,28,28,29,29,29,29,30,30,30,30,82,77,No,No,No,No,No,No,No,No,No,No,No,No,No,No,No,No,No,No,No,No,No,No,No,No,No,No,No,No,No,No,Yes,Yes,Yes,Yes,Yes,Yes,Yes,Yes,Yes,Yes,Yes,Yes,Yes,Yes,Yes,No,No,Yes,82,75,69,1.100,37.969,44.016,36.710,0.005,5.748,0.780,175.0,90.0,175.0,120.0,0,0.0,36.1,41.9,41.5,57.7,26.8,46.7,56.4,49.0,56.3,35.1,33.1,34.8,35.1,24.7,25.7,28.4,24.7,25.5,24.4,26.4,27.1,25.8,34.1,29.6,14.1,12.1,44.9,43.3,24.2,25.1,37.1,20.2,23.9,17.8,25.5,10.1,25.8,0.0,0.0,0.0,0.0,0.0,0.0,44.9,43.2,29.0,49.0,44.4,51.5,42.0,56.6,0.1,0.2,0.0,0.0,0.0,0.5,0.0,2394.1,24.00,36,35,35,68,103,383,2,2,Yes,No,No,No,No,No,No,No,Yes,No,No,No,No,Yes,No,No,No,No,No,No,No,Yes,No,No,No,No,No,No,No,No,No,No,No,No,No,No,No,No,87.0,4680,4500,4680,70.2,1.095,1.110,1.815,1.815,1.005,5.110,1.875,No,No,No,70.5,1.095,1.110,1.815,1.815,1.005,5.110,1.375,No,No,No,44,44,94.0,100.0,No,No,32094,47869,39,70,100.0,100.0,No,No,1763,3068,0.0,1.2,1.2,0.000,0.106,6179,2049,2.5,0.0,2.5,23.161,0.001,9012,53,76.9,76.0,84.6,83.0,0.875,20.525,20.517,20.533,65.602,27.145,46.992,15.737,62.954,3.000,18.714,10.544,32.073,100.000,140.000,2250.0,2150.2,1890.0,2228.5,1905.0,63.0,27.0,0.0,9.0,66.5,14.4,57.6,0.0,0.0,0.0,Yes,No,No,No,No,Yes,No,0,0,0,0,0,0,0,0,0,0,0,0,0,0,0,0,0,0,0,0,0,0,0,0,0,0,0,0,0,0,2742,5446,5214,289,16.0,69,0.297,46.747,600.0,2394.0,0.1,0.0,0.0,0.0,0.0,0.0,0.0,0.0,0.2,38,16154,38,No,No,No,No,No,No,No,No,16.811,68.277,100.0,0.000,24.1,120,0,0,8.3,119.6,160.3,93.2,67.4,76.2,65.1,119.6,164.5,93.1,55.7,67.3,53.0,8.36,10.72,6.24,5.28,13.12,15.36,5.64,2.73,8.03,0.33,0.92,28,4,4.8,6.7,0,0,0.0,0.0,0,
7.6.2026,23:28:24.713,25577,23190,52.4,20032,12351,61.8,6.4,16384,1050,1.152,1.192,1.156,1.141,1.151,1.141,1.141,1.146,1.151,1.141,1.141,1.141,1.161,1.166,1.166,1.018,0.778,3063.9,4289.5,4289.5,4289.5,4289.5,4289.5,4289.5,1097.3,1695.9,1695.9,1097.3,1097.3,3491.5,3491.5,3491.5,99.8,3691.0,1434.4,1798.7,1725.1,2360.6,1191.5,2659.2,1895.9,2226.4,2076.0,1541.0,1322.5,1404.0,1510.6,867.5,845.1,880.0,891.6,878.8,874.7,827.4,911.8,1574.7,37.7,43.2,41.5,56.4,28.3,63.2,44.8,52.7,49.0,37.4,31.8,33.9,36.5,30.7,28.2,29.4,30.0,29.4,29.3,27.0,31.4,63.2,37.7,100.0,61.9,70.2,67.6,92.3,46.4,103.4,73.6,86.9,81.0,60.0,51.5,54.8,58.8,48.8,47.4,49.4,50.0,49.1,49.2,46.3,50.9,61.9,30.7,43.0,43.0,43.0,43.0,43.0,43.0,11.0,17.0,17.0,11.0,11.0,35.0,35.0,35.0,37.0,70,73,73,76,72,71,70,70,70,70,70,68,68,68,68,30,27,27,24,28,29,30,30,30,30,30,32,32,32,32,82,76,No,No,No,No,No,No,No,No,No,No,No,No,No,No,No,No,No,No,No,No,No,No,No,No,No,No,No,No,No,No,Yes,Yes,Yes,Yes,Yes,Yes,Yes,Yes,Yes,Yes,Yes,Yes,Yes,Yes,Yes,No,No,Yes,82,77,70,1.100,34.594,46.517,39.121,0.005,5.784,0.797,175.0,90.0,175.0,120.0,0,0.0,37.7,43.1,41.1,56.4,28.2,62.8,44.8,52.6,49.1,37.4,31.8,33.8,36.6,30.6,28.2,29.4,30.0,29.4,29.4,27.1,31.4,21.1,34.1,29.4,11.8,14.5,44.3,43.2,11.9,18.2,22.7,17.5,13.7,10.3,14.0,9.8,27.9,0.0,0.0,0.0,0.0,0.0,0.0,50.5,46.8,41.1,45.7,49.9,53.1,52.0,51.8,0.0,0.1,0.0,0.0,0.0,0.1,0.0,2394.1,24.00,36,35,35,68,103,383,2,2,Yes,No,No,No,No,No,No,No,Yes,No,No,No,No,Yes,No,No,No,No,No,No,No,Yes,No,No,No,No,No,No,No,No,No,No,No,No,No,No,No,No,89.0,4680,4500,4680,70.2,1.095,1.110,1.815,1.815,1.005,5.110,2.000,No,No,No,70.5,1.095,1.110,1.800,1.815,1.005,5.110,1.125,No,No,No,44,44,94.0,100.0,No,No,32094,47869,39,70,100.0,100.0,No,No,1763,3068,0.1,2.1,2.2,0.004,0.097,6179,2049,2.4,0.0,2.5,22.116,0.004,9054,53,76.9,76.0,84.9,83.0,0.875,20.526,20.517,20.534,65.927,32.803,48.354,15.860,64.437,3.000,18.832,38.723,40.417,100.000,140.000,2250.0,2150.2,1890.0,2228.4,1905.0,64.0,27.0,0.0,9.0,65.7,14.5,57.9,0.0,0.0,0.0,Yes,No,No,No,No,Yes,No,0,0,0,0,0,0,0,0,0,0,0,0,0,0,0,0,0,0,0,0,0,0,0,0,0,0,0,0,0,0,2806,5382,5150,293,16.0,69,0.297,46.061,600.0,2394.0,0.1,0.0,0.0,0.0,0.0,0.0,0.0,0.0,0.2,38,16154,38,No,No,No,No,No,No,No,No,16.810,68.277,100.0,0.000,24.1,120,0,0,9.8,120.0,154.0,98.1,94.5,95.9,94.1,120.0,150.9,96.8,95.3,95.8,95.2,8.33,10.21,6.50,6.45,10.44,10.65,5.73,2.61,7.99,0.34,0.71,28,4,20.1,16.6,0,0,0.0,0.0,0,
7.6.2026,23:28:26.713,25668,23099,52.6,20079,12305,62.0,6.4,16384,1050,1.134,1.139,1.127,1.127,1.107,1.122,1.137,1.147,1.127,1.152,1.147,1.147,1.137,1.137,1.122,1.041,0.778,3876.2,4389.3,4389.3,4389.3,4389.3,4389.3,4389.3,3491.5,3491.5,3491.5,3491.5,3491.5,3491.5,3491.5,3491.5,99.8,3790.7,1427.4,1825.3,1685.8,2390.7,1275.6,2455.3,2009.9,2473.6,1918.2,1491.9,1348.1,1450.0,1534.1,831.5,819.3,858.1,846.3,843.8,794.4,817.4,879.0,1575.8,37.0,43.8,40.4,56.8,30.2,58.3,47.4,58.4,45.2,36.1,32.3,34.7,36.9,28.0,27.1,28.2,27.5,27.3,25.8,26.7,29.7,58.4,37.0,100.0,61.3,71.3,66.1,93.7,49.8,95.8,78.0,96.4,74.5,58.2,52.4,56.5,59.7,46.7,46.0,48.0,47.4,47.1,44.4,45.7,49.0,61.3,38.9,44.0,44.0,44.0,44.0,44.0,44.0,35.0,35.0,35.0,35.0,35.0,35.0,35.0,35.0,38.0,73,76,77,77,77,74,74,71,71,71,71,71,71,71,71,27,24,23,23,23,26,26,29,29,29,29,29,29,29,29,82,77,No,No,No,No,No,No,No,No,No,No,No,No,No,No,No,No,No,No,No,No,No,No,No,No,No,No,No,No,No,No,Yes,Yes,Yes,Yes,Yes,Yes,Yes,Yes,Yes,Yes,Yes,Yes,Yes,Yes,Yes,No,No,Yes,82,77,69,1.100,26.157,46.648,39.242,0.004,5.803,0.803,175.0,90.0,175.0,120.0,0,0.0,37.0,43.7,40.1,56.9,30.2,57.9,47.4,58.4,45.2,36.2,32.3,34.8,37.0,27.9,27.1,28.3,27.5,27.4,25.9,26.8,29.8,21.4,33.9,28.3,12.7,13.1,44.3,41.7,12.3,19.9,28.4,16.0,17.0,11.8,10.2,10.2,28.5,0.0,0.0,0.0,0.0,0.0,0.0,52.9,46.2,37.1,49.7,48.9,55.5,55.9,53.0,0.1,0.5,0.0,0.0,0.0,0.3,0.1,2394.1,24.00,36,35,35,68,103,383,2,2,Yes,No,No,No,No,No,No,No,Yes,No,No,No,No,No,No,No,No,No,No,No,No,No,No,No,No,No,No,No,No,No,No,No,No,No,No,No,No,No,89.0,4680,4500,4680,70.5,1.095,1.110,1.800,1.800,1.005,5.110,2.125,No,No,No,70.8,1.095,1.110,1.800,1.815,1.005,5.110,2.125,No,No,No,44,44,94.0,100.0,No,No,32094,47869,39,70,100.0,100.0,No,No,1763,3068,3.3,1.0,4.2,1.129,0.077,6181,2049,1.8,0.0,1.9,15.598,0.010,9084,53,77.9,76.0,86.6,83.0,0.875,20.520,20.512,20.529,66.348,39.455,47.455,15.794,63.474,3.000,18.757,88.447,39.259,100.000,140.000,2250.0,2150.2,1890.0,2227.7,1905.0,62.0,27.0,0.0,8.0,66.6,14.5,57.9,0.0,0.0,0.0,Yes,No,No,No,No,Yes,No,0,0,0,0,0,0,0,0,0,0,0,0,0,0,0,0,0,0,0,0,0,0,0,0,0,0,0,0,0,0,2738,5450,5218,293,16.0,69,0.297,45.637,600.0,2394.0,0.1,0.0,0.0,0.0,0.0,0.0,0.0,0.0,0.2,38,16154,38,No,No,No,No,No,No,No,No,16.811,68.277,100.0,0.000,24.1,120,0,0,8.4,120.1,141.0,103.9,103.2,103.5,103.2,120.1,149.0,102.5,101.9,102.0,101.9,8.33,9.65,7.09,6.80,9.68,9.72,5.59,2.74,7.99,0.33,0.69,28,4,4.6,5.5,0,0,0.0,0.0,0,
7.6.2026,23:28:28.710,25664,23104,52.6,20136,12248,62.1,6.4,16384,1050,1.192,1.221,1.162,1.177,1.179,1.194,1.239,1.208,1.198,1.198,1.183,1.183,1.178,1.178,1.183,1.061,0.778,3976.0,4489.0,4489.0,4489.0,4489.0,4489.0,4489.0,3591.2,3591.2,3591.2,3591.2,3591.2,3591.2,3591.2,3591.2,99.8,3890.5,934.8,513.7,1695.5,1711.5,451.0,1216.6,1886.1,3226.8,982.8,1081.9,518.6,1089.8,430.4,468.1,489.5,523.8,511.0,500.2,477.7,461.2,460.2,1049.8,25.0,12.6,39.9,54.4,10.7,28.5,63.1,73.6,22.9,25.6,12.4,25.5,10.6,14.2,15.1,16.3,15.5,15.4,14.4,13.8,15.2,73.6,25.0,100.0,42.9,20.1,67.0,92.6,17.6,47.9,109.8,128.3,37.9,42.8,20.0,42.7,16.7,26.0,27.1,28.9,28.1,27.5,26.4,25.4,25.4,42.9,39.9,45.0,45.0,45.0,45.0,45.0,45.0,36.0,36.0,36.0,36.0,36.0,36.0,36.0,36.0,39.0,74,76,77,77,79,74,73,73,73,73,73,71,71,71,71,26,24,23,23,21,26,27,27,27,27,27,29,29,29,29,82,79,No,No,No,No,No,No,No,No,No,No,No,No,No,No,No,No,No,No,No,No,No,No,No,No,No,No,No,No,No,No,No,No,No,No,No,No,No,No,No,No,No,No,No,No,No,No,No,No,79,74,69,1.100,32.907,45.223,37.935,0.005,5.785,0.801,175.0,90.0,175.0,120.0,0,0.0,23.1,12.4,39.6,40.2,10.6,28.3,42.4,71.3,22.8,25.5,12.3,25.6,10.4,14.2,15.1,16.2,15.5,15.4,14.4,13.8,15.2,17.0,29.9,22.9,16.9,12.0,23.6,23.0,11.9,14.9,20.0,14.4,14.3,11.3,13.5,8.8,39.4,0.0,4.5,0.4,0.3,0.6,0.0,70.6,66.7,60.9,67.0,67.1,71.1,69.7,72.8,19.3,19.3,10.7,0.2,0.1,42.0,43.8,2394.1,24.00,36,35,35,68,103,383,2,2,Yes,No,No,No,No,No,No,No,Yes,No,Yes,No,No,Yes,No,No,No,No,No,No,No,Yes,No,No,No,No,No,Yes,No,No,No,No,No,No,No,Yes,No,No,90.0,4680,4500,4680,70.5,1.095,1.110,1.800,1.815,1.005,5.110,0.875,No,No,No,70.8,1.095,1.110,1.800,1.815,1.005,5.110,0.875,No,No,No,44,44,94.0,100.0,No,No,32094,47869,39,70,100.0,100.0,No,No,1763,3068,41.7,0.4,42.1,118.872,0.059,6410,2049,1.8,0.0,1.8,18.055,0.000,9119,53,65.9,74.0,73.0,83.0,0.875,20.720,20.727,20.714,50.425,10.403,11.096,9.078,20.175,3.000,12.079,8.679,8.711,100.000,140.000,2250.0,2150.2,1890.0,2229.5,1905.0,0.0,0.0,0.0,0.0,66.6,8.1,32.5,0.0,0.0,0.0,Yes,No,No,No,No,Yes,No,0,0,0,0,0,0,0,0,0,0,0,0,0,0,0,0,0,0,0,0,0,0,0,0,0,0,0,0,0,0,2738,5450,5218,293,16.0,69,0.297,36.262,600.0,2394.0,1.2,0.0,0.0,0.0,0.0,0.0,0.0,0.0,0.2,38,16154,38,No,No,No,No,No,No,No,No,16.810,68.277,100.0,0.000,24.1,42,0,0,7.5,40.6,181.7,2.4,1.1,1.0,1.0,40.6,225.9,2.4,1.1,1.0,1.0,24.62,418.63,5.48,4.64,980.38,980.38,5.54,19.08,24.29,0.33,34.53,28,4,4.4,3.5,0,0,0.0,0.0,0,
7.6.2026,23:28:30.721,25607,23161,52.5,20153,12231,62.2,6.4,16384,1050,1.168,1.249,1.184,1.174,1.169,1.129,1.150,1.160,1.150,1.180,1.180,1.155,1.155,1.155,1.155,1.061,0.778,3976.0,4489.0,4489.0,4489.0,4489.0,4489.0,4489.0,3591.2,3591.2,3591.2,3591.2,3591.2,3591.2,3591.2,3591.2,99.8,3890.5,1430.7,1579.2,1885.4,2514.9,1180.5,2723.0,1886.8,2748.2,1794.3,1594.9,1232.4,1556.0,1405.6,788.1,833.2,873.7,813.2,829.8,762.7,786.6,824.7,1588.1,35.1,36.1,43.1,57.0,26.7,61.3,42.4,61.7,40.3,37.1,28.3,35.7,32.3,24.1,25.5,27.0,25.0,25.4,22.8,23.7,25.9,61.7,35.1,100.0,61.4,61.7,73.9,98.3,45.9,106.2,73.1,107.5,69.5,62.2,48.0,60.8,54.6,44.6,46.7,49.0,45.6,46.5,42.8,44.1,46.2,61.4,39.9,45.0,45.0,45.0,45.0,45.0,45.0,36.0,36.0,36.0,36.0,36.0,36.0,36.0,36.0,39.0,73,76,77,77,77,75,74,70,70,70,70,71,71,71,71,27,24,23,23,23,25,26,30,30,30,30,29,29,29,29,82,77,No,No,No,No,No,No,No,No,No,No,No,No,No,No,No,No,No,No,No,No,No,No,No,No,No,No,No,No,No,No,No,No,No,No,No,No,No,No,No,No,No,No,No,No,No,No,No,No,82,78,69,1.100,44.719,38.171,31.183,0.111,5.365,0.635,175.0,90.0,175.0,120.0,0,0.0,34.9,35.9,42.8,56.9,26.5,60.9,42.2,61.5,40.1,37.0,28.2,35.6,32.4,23.8,25.4,26.9,24.9,25.3,22.8,23.7,25.8,26.8,35.9,29.6,14.0,14.5,46.9,44.5,17.2,25.7,38.3,28.2,25.0,19.9,22.3,12.5,25.9,0.0,0.0,0.0,0.0,0.0,0.0,52.4,42.8,29.1,41.0,43.6,51.1,47.8,55.1,0.0,0.0,0.0,0.0,0.0,0.1,0.0,2394.1,24.00,36,35,35,68,103,383,2,2,Yes,No,No,No,No,No,No,No,No,No,Yes,No,No,Yes,No,No,No,No,No,No,No,Yes,No,No,No,No,No,Yes,No,No,No,No,No,No,No,Yes,No,No,89.0,4680,4500,4680,70.5,1.095,1.110,1.800,1.815,1.005,5.110,2.250,No,No,No,70.5,1.095,1.110,1.800,1.815,1.005,5.110,1.125,No,No,No,44,44,94.0,100.0,No,No,32094,47869,39,70,100.0,100.0,No,No,1763,3068,0.5,0.7,1.2,0.122,0.092,6410,2049,2.1,0.0,2.1,19.039,0.000,9155,53,78.1,76.0,87.1,83.0,0.875,20.487,20.478,20.495,65.483,36.748,48.425,15.829,64.499,3.000,18.801,68.725,37.959,100.000,140.000,2250.0,2150.2,1890.0,2227.2,1905.0,61.0,27.0,0.0,8.0,65.8,13.6,54.2,0.0,0.0,0.0,Yes,No,No,No,No,Yes,No,0,0,0,0,0,0,0,0,0,0,0,0,0,0,0,0,0,0,0,0,0,0,0,0,0,0,0,0,0,0,2802,5386,5154,293,16.0,69,0.297,50.861,600.0,2394.0,0.2,0.0,0.0,0.0,0.0,0.0,0.0,0.0,0.2,38,16154,38,No,No,No,No,No,No,No,No,16.810,68.277,100.0,0.000,24.1,120,0,0,8.4,120.0,165.5,97.8,92.0,94.4,91.3,119.9,191.8,90.9,83.8,86.6,83.0,8.33,10.25,5.92,5.33,10.67,11.09,5.61,2.72,8.01,0.32,1.18,28,4,2.9,7.2,0,0,0.0,0.0,0,
7.6.2026,23:28:32.720,25706,23061,52.7,20167,12217,62.2,6.4,16384,1049,1.085,1.069,1.082,1.082,1.075,1.075,1.070,1.090,1.090,1.090,1.090,1.090,1.090,1.095,1.095,0.956,0.778,3591.2,3990.2,3990.2,3990.2,3990.2,3990.2,3990.2,3291.9,3291.9,3291.9,3291.9,3291.9,3291.9,3291.9,3291.9,99.8,3391.7,1466.4,1800.3,1800.8,2465.6,1142.2,2668.7,1907.2,2758.4,1738.6,1536.6,1388.3,1621.4,1503.5,854.5,879.2,922.0,870.5,884.9,824.1,836.8,925.3,1616.1,36.8,42.4,42.1,57.8,26.0,62.1,44.4,63.8,40.5,36.4,32.9,38.1,35.6,26.5,27.1,28.4,26.9,27.0,24.5,25.0,28.8,63.8,36.8,100.0,63.1,70.3,70.7,96.4,44.4,104.2,73.9,107.5,67.7,60.0,54.0,63.1,58.6,48.1,49.2,51.3,48.6,49.4,46.3,47.0,51.6,63.1,36.0,40.0,40.0,40.0,40.0,40.0,40.0,33.0,33.0,33.0,33.0,33.0,33.0,33.0,33.0,34.0,72,74,75,75,72,70,71,71,71,71,71,71,71,71,71,28,26,25,25,28,30,29,29,29,29,29,29,29,29,29,82,75,No,No,No,No,No,No,No,No,No,No,No,No,No,No,No,No,No,No,No,No,No,No,No,No,No,No,No,No,No,No,Yes,Yes,Yes,Yes,Yes,Yes,Yes,Yes,Yes,Yes,Yes,Yes,Yes,Yes,Yes,No,No,Yes,82,76,69,1.100,35.438,51.002,43.541,0.005,5.782,0.795,175.0,90.0,175.0,120.0,0,0.0,36.9,42.3,42.2,57.8,26.6,61.6,44.3,63.6,40.4,36.3,32.9,38.1,35.7,26.4,27.1,28.5,27.0,27.1,25.2,25.7,29.4,25.0,33.5,29.1,13.5,12.7,43.5,39.7,23.8,22.4,38.8,21.1,20.2,18.9,20.3,12.9,25.4,0.1,0.0,0.0,0.0,0.0,0.0,43.7,44.2,27.4,45.7,46.4,49.4,47.7,51.2,0.1,0.1,0.0,0.0,0.0,0.1,0.1,2394.1,24.00,36,35,35,68,103,383,2,2,Yes,No,No,No,No,No,No,No,Yes,No,Yes,No,No,Yes,No,No,No,No,No,No,No,Yes,No,No,No,No,No,Yes,No,No,No,No,No,No,No,Yes,No,No,89.0,4680,4500,4680,70.5,1.095,1.110,1.800,1.815,1.005,5.110,1.875,No,No,No,70.8,1.110,1.110,1.800,1.815,1.005,5.110,2.125,No,No,No,44,44,94.0,100.0,No,No,32094,47869,39,70,100.0,100.0,No,No,1763,3068,0.9,1.7,2.6,0.125,0.064,6411,2050,2.4,0.0,2.4,21.494,0.000,9197,53,76.8,74.0,85.6,83.0,0.875,20.510,20.501,20.518,66.367,28.577,47.646,15.724,63.585,3.000,18.687,10.310,41.085,100.000,140.000,2250.0,2150.2,1890.0,2227.7,1905.0,62.0,27.0,0.0,8.0,65.8,14.3,57.4,0.0,0.0,0.0,Yes,No,No,No,No,Yes,No,0,0,0,0,0,0,0,0,0,0,0,0,0,0,0,0,0,0,0,0,0,0,0,0,0,0,0,0,0,0,2802,5386,5154,293,16.0,69,0.297,50.568,600.0,2394.0,0.1,0.0,0.0,0.0,0.0,0.0,0.0,0.0,0.2,38,16154,38,No,No,No,No,No,No,No,No,16.811,68.277,100.0,0.000,24.1,119,0,0,7.9,118.8,200.9,76.7,72.2,73.8,71.7,118.6,222.7,76.5,70.8,72.7,70.2,8.42,13.07,4.87,4.73,13.66,14.16,5.62,2.80,8.07,0.35,1.44,29,4,4.2,9.4,0,0,0.0,0.0,0,
7.6.2026,23:28:34.717,25611,23157,52.5,20147,12236,62.2,6.4,16384,1049,1.147,1.179,1.164,1.169,1.174,1.197,1.124,1.124,1.134,1.139,1.114,1.134,1.134,1.134,1.134,1.018,0.778,3833.5,4289.5,4289.5,4289.5,4289.5,4289.5,4289.5,3491.5,3491.5,3491.5,3491.5,3491.5,3491.5,3491.5,3491.5,99.8,3691.0,1456.8,1779.4,1769.9,2447.3,1182.2,1966.6,2474.2,2016.4,2429.7,1336.3,1543.4,1405.8,1661.2,856.3,898.3,935.9,865.5,922.6,851.2,856.1,936.9,1598.0,37.6,43.0,43.2,59.0,28.5,47.1,59.0,48.1,58.0,32.2,37.3,33.8,40.1,26.4,27.9,29.0,26.7,28.7,27.0,26.7,30.6,59.0,37.6,100.0,62.8,69.6,69.5,95.6,46.0,77.1,96.1,78.7,94.4,52.2,59.9,54.8,64.6,48.0,50.1,52.1,48.3,51.5,47.5,47.9,52.1,62.8,38.4,43.0,43.0,43.0,43.0,43.0,43.0,35.0,35.0,35.0,35.0,35.0,35.0,35.0,35.0,37.0,72,74,76,77,74,74,70,70,71,71,71,70,70,70,70,28,26,24,23,26,26,30,30,29,29,29,30,30,30,30,82,77,No,No,No,No,No,No,No,No,No,No,No,No,No,No,No,No,No,No,No,No,No,No,No,No,No,No,No,No,No,No,Yes,Yes,Yes,Yes,Yes,Yes,Yes,Yes,Yes,Yes,Yes,Yes,Yes,Yes,Yes,No,No,Yes,82,76,69,1.100,32.063,48.335,40.885,0.005,5.815,0.811,175.0,90.0,175.0,120.0,0,0.0,37.9,43.3,42.8,59.3,28.5,47.2,59.3,48.4,58.3,32.7,37.8,34.3,40.6,26.8,28.5,29.5,27.3,29.3,27.0,26.7,30.6,27.7,32.7,27.2,12.9,11.7,43.5,39.5,27.6,33.2,36.8,25.8,28.7,21.8,24.7,21.6,22.0,0.1,0.0,0.0,0.0,0.0,0.0,39.8,32.7,28.3,41.0,36.1,45.1,42.6,41.8,0.0,0.1,0.0,0.0,0.0,0.0,0.0,2394.1,24.00,36,35,35,68,103,383,2,2,Yes,No,No,No,No,No,No,No,Yes,No,No,No,No,No,No,No,No,No,No,No,No,No,No,No,No,No,No,No,No,No,No,No,No,No,No,No,No,No,88.0,4680,4500,4740,70.5,1.095,1.110,1.800,1.815,1.005,5.110,2.000,No,No,No,70.8,1.095,1.110,1.800,1.815,1.005,5.110,2.000,No,No,No,44,44,94.0,100.0,No,No,32094,47869,39,70,100.0,100.0,No,No,1763,3068,0.3,1.9,2.2,0.069,0.349,6411,2050,1.9,0.0,1.9,15.590,0.000,9226,53,76.7,76.0,84.3,83.0,0.875,20.528,20.520,20.537,66.064,39.146,47.141,15.575,62.966,3.000,18.551,94.658,32.135,100.000,140.000,2250.0,2150.2,1890.0,2228.2,1905.0,63.0,27.0,0.0,9.0,65.8,14.4,57.6,0.0,0.0,0.0,Yes,No,No,No,No,Yes,No,0,0,0,0,0,0,0,0,0,0,0,0,0,0,0,0,0,0,0,0,0,0,0,0,0,0,0,0,0,0,2802,5386,5154,294,16.0,70,0.297,44.327,600.0,2394.0,0.1,0.0,0.0,0.0,0.0,0.0,0.0,0.0,0.2,38,16154,38,No,No,No,No,No,No,No,No,16.825,68.277,100.0,0.000,24.1,120,0,0,8.2,120.1,165.4,93.4,92.3,92.3,92.2,120.0,174.0,93.4,90.3,91.5,89.9,8.33,10.71,6.05,4.62,10.83,10.83,5.69,2.64,7.99,0.34,0.96,29,4,7.3,10.6,0,0,0.0,0.0,0,
7.6.2026,23:28:36.715,25624,23144,52.5,20173,12211,62.2,6.4,16384,1049,1.151,1.161,1.117,1.117,1.137,1.137,1.159,1.159,1.159,1.159,1.159,1.159,1.159,1.161,1.161,0.998,0.778,3733.7,4189.8,4189.8,4189.8,4189.8,4189.8,4189.8,3391.7,3391.7,3391.7,3391.7,3391.7,3391.7,3391.7,3391.7,99.8,3591.2,1509.1,1805.3,1811.3,2427.3,1184.0,1552.6,2807.6,1658.9,2778.8,1388.8,1691.4,1386.0,1797.8,956.7,1004.4,1005.2,1006.4,1021.3,955.6,942.7,999.7,1641.4,39.8,44.5,44.8,59.7,29.0,37.9,68.5,40.4,67.7,34.3,41.8,34.1,44.4,30.0,31.4,31.4,31.7,32.0,29.7,29.2,32.5,68.5,39.8,100.0,65.3,70.6,70.9,94.8,46.1,61.2,109.2,64.8,107.9,54.2,65.7,54.1,69.8,53.3,55.5,55.6,55.6,56.3,53.2,52.3,55.5,65.3,37.4,42.0,42.0,42.0,42.0,42.0,42.0,34.0,34.0,34.0,34.0,34.0,34.0,34.0,34.0,36.0,72,74,73,75,74,72,74,71,71,71,71,70,70,70,70,28,26,27,25,26,28,26,29,29,29,29,30,30,30,30,82,75,No,No,No,No,No,No,No,No,No,No,No,No,No,No,No,No,No,No,No,No,No,No,No,No,No,No,No,No,No,No,Yes,Yes,Yes,Yes,Yes,Yes,Yes,Yes,Yes,Yes,Yes,Yes,Yes,Yes,Yes,No,No,Yes,82,75,69,1.100,30.375,43.712,36.250,0.005,5.819,0.812,175.0,90.0,175.0,120.0,0,0.0,39.7,44.5,44.4,59.7,29.0,37.8,68.4,40.3,67.8,34.4,41.8,34.2,44.4,29.9,31.4,31.4,31.7,32.0,29.8,29.2,32.5,38.0,31.1,26.5,13.0,11.4,38.6,36.6,47.6,48.7,56.2,53.6,55.6,40.5,41.6,30.6,10.4,0.0,0.0,0.0,0.0,0.0,0.0,18.4,15.9,9.0,11.2,9.0,25.0,24.7,31.8,0.1,0.2,0.0,0.0,0.0,0.2,0.0,2394.1,24.00,36,35,35,68,103,383,2,2,Yes,No,No,No,No,No,No,No,Yes,No,No,No,No,Yes,No,No,No,No,No,No,No,Yes,No,No,No,No,No,No,No,No,No,No,No,No,No,No,No,No,90.0,4740,4440,4740,70.8,1.095,1.110,1.815,1.815,1.005,5.110,1.875,No,No,No,70.8,1.095,1.110,1.800,1.815,1.005,5.110,2.125,No,No,No,44,44,94.0,100.0,No,No,32094,47869,39,70,100.0,100.0,No,No,1763,3068,0.3,0.8,1.1,0.106,0.063,6411,2050,2.7,0.0,2.7,19.810,0.000,9265,53,78.2,76.0,87.2,83.0,0.875,20.508,20.499,20.518,67.517,36.689,49.871,16.255,66.395,3.000,19.217,68.535,33.553,100.000,140.000,2250.0,2150.2,1890.0,2227.3,1905.0,65.0,29.0,0.0,9.0,65.8,14.9,59.5,0.0,0.0,0.0,Yes,No,No,No,No,Yes,No,0,0,0,0,0,0,0,0,0,0,0,0,0,0,0,0,0,0,0,0,0,0,0,0,0,0,0,0,0,0,2802,5386,5154,300,16.0,69,0.297,44.736,600.0,2394.0,0.1,0.0,0.0,0.0,0.0,0.0,0.0,0.0,0.2,38,16154,38,No,No,No,No,No,No,No,No,16.810,68.277,100.0,0.000,24.1,120,0,0,8.5,120.3,186.9,82.4,75.2,77.7,74.4,120.3,192.6,76.7,54.9,62.2,53.0,8.31,12.12,5.49,4.62,12.89,13.46,5.90,2.41,7.95,0.36,1.36,29,4,8.4,8.7,0,0,0.0,0.0,0,
7.6.2026,23:28:38.711,25615,23153,52.5,20168,12216,62.2,6.4,16384,1049,1.115,1.109,1.094,1.104,1.113,1.113,1.113,1.118,1.123,1.116,1.116,1.121,1.121,1.121,1.126,0.998,0.778,3733.7,4189.8,4189.8,4189.8,4189.8,4189.8,4189.8,3391.7,3391.7,3391.7,3391.7,3391.7,3391.7,3391.7,3391.7,99.8,3591.2,1557.8,2075.5,1714.6,2438.3,1258.8,2378.0,2122.5,2302.7,2034.3,1619.4,1540.5,1599.4,1650.8,1035.9,1066.1,1085.0,1035.4,1105.7,1026.8,1038.3,1028.8,1684.8,41.6,51.7,42.8,60.5,31.1,58.8,52.2,56.7,50.1,40.4,38.3,39.9,41.0,33.4,34.0,34.6,32.6,35.1,32.5,32.9,33.4,60.5,41.6,100.0,67.6,81.3,67.3,95.1,49.0,92.8,82.7,89.7,79.3,63.1,59.9,62.4,64.2,57.5,58.8,59.8,57.2,60.8,57.0,57.3,57.2,67.6,37.4,42.0,42.0,42.0,42.0,42.0,42.0,34.0,34.0,34.0,34.0,34.0,34.0,34.0,34.0,36.0,72,75,74,75,74,74,73,71,71,71,71,71,71,71,71,28,25,26,25,26,26,27,29,29,29,29,29,29,29,29,82,75,No,No,No,No,No,No,No,No,No,No,No,No,No,No,No,No,No,No,No,No,No,No,No,No,No,No,No,No,No,No,Yes,Yes,Yes,Yes,Yes,Yes,Yes,Yes,Yes,Yes,Yes,Yes,Yes,Yes,Yes,No,No,Yes,82,77,70,1.100,14.344,45.693,38.148,0.005,5.844,0.830,175.0,90.0,175.0,120.0,0,0.0,41.5,51.6,42.4,60.5,31.1,58.4,52.2,56.7,50.0,40.4,38.4,39.9,41.1,33.2,33.9,34.6,32.6,35.1,32.4,32.9,33.5,39.6,27.7,24.7,10.6,12.2,36.2,34.1,57.5,55.6,60.1,48.2,59.7,44.1,51.9,32.1,6.8,0.3,0.0,0.0,0.0,0.0,0.1,6.2,7.3,2.5,15.5,2.5,19.3,11.9,29.5,0.1,0.0,0.0,0.0,0.0,0.1,0.3,2394.1,24.00,36,35,35,68,103,383,2,2,Yes,No,No,No,No,No,No,No,Yes,No,No,No,No,Yes,No,No,No,No,No,No,No,Yes,No,No,No,No,No,No,No,No,No,No,No,No,No,No,No,No,89.0,4740,4500,4680,70.8,1.095,1.110,1.800,1.815,1.005,5.110,2.125,No,No,No,71.0,1.095,1.110,1.800,1.800,1.005,5.110,1.000,No,No,No,44,44,94.0,100.0,No,No,32094,47869,39,70,100.0,100.0,No,No,1763,3068,1.4,0.8,2.2,0.357,0.065,6412,2050,1.8,0.0,1.8,14.189,0.000,9292,53,78.2,76.0,86.2,83.0,0.875,20.494,20.484,20.504,69.231,40.714,50.527,16.019,66.802,3.000,18.987,85.782,43.885,100.000,140.000,2250.0,2150.2,1890.0,2226.4,1905.0,65.0,28.0,0.0,9.0,65.8,15.2,60.9,0.0,0.0,0.0,Yes,No,No,No,No,Yes,No,0,0,0,0,0,0,0,0,0,0,0,0,0,0,0,0,0,0,0,0,0,0,0,0,0,0,0,0,0,0,2802,5386,5154,286,16.0,69,0.297,45.274,600.0,2394.0,0.1,0.0,0.0,0.0,0.0,0.0,0.0,0.0,0.2,38,16154,38,No,No,No,No,No,No,No,No,16.812,68.277,100.0,0.000,24.1,120,0,0,8.2,119.8,172.9,95.0,93.9,94.3,93.7,119.9,192.5,87.6,78.7,82.2,77.7,8.34,10.58,5.78,4.74,10.63,10.63,5.89,2.45,7.99,0.36,0.98,29,4,3.3,7.7,0,0,0.0,0.0,0,
7.6.2026,23:28:40.710,25604,23164,52.5,20175,12209,62.2,6.4,16384,1049,1.104,1.131,1.063,1.063,1.073,1.093,1.108,1.118,1.118,1.131,1.116,1.121,1.131,1.106,1.076,0.998,0.778,3569.8,4189.8,4189.8,4189.8,4189.8,4189.8,4189.8,3391.7,3391.7,3391.7,3391.7,1097.3,3391.7,3391.7,3391.7,99.8,3591.2,1484.5,2114.2,1668.6,2399.9,1149.7,2401.4,2110.3,2320.6,2081.7,1605.8,1422.8,1599.7,1504.8,914.0,920.2,969.7,887.3,942.9,874.9,880.8,921.1,1629.4,38.4,51.2,40.5,58.0,27.5,57.6,50.4,55.5,49.7,39.2,34.5,38.9,36.4,29.0,28.5,30.4,27.4,29.2,26.8,27.2,30.5,58.0,38.4,100.0,64.1,82.8,65.5,93.8,44.7,93.8,82.0,90.7,80.9,62.6,55.2,62.3,58.5,51.4,51.5,53.9,49.7,52.5,49.4,49.6,51.4,64.1,35.8,42.0,42.0,42.0,42.0,42.0,42.0,34.0,34.0,34.0,34.0,11.0,34.0,34.0,34.0,36.0,73,74,75,76,75,71,76,72,72,72,72,71,71,71,71,27,26,25,24,25,29,24,28,28,28,28,29,29,29,29,82,76,No,No,No,No,No,No,No,No,No,No,No,No,No,No,No,No,No,No,No,No,No,No,No,No,No,No,No,No,No,No,Yes,Yes,Yes,Yes,Yes,Yes,Yes,Yes,Yes,Yes,Yes,Yes,Yes,Yes,Yes,No,No,Yes,82,76,69,1.100,35.438,44.840,37.227,0.005,5.863,0.838,175.0,90.0,175.0,120.0,0,0.0,38.4,51.1,40.2,58.0,27.5,57.4,50.3,55.5,49.7,39.3,34.5,38.9,36.5,28.9,28.5,30.4,27.5,29.3,26.9,27.3,30.6,25.7,30.2,29.2,12.0,13.5,40.9,39.5,28.8,27.4,41.1,22.3,31.1,13.7,16.8,13.3,23.4,0.0,0.0,0.0,0.0,0.0,0.0,36.2,38.3,23.8,44.0,33.8,52.2,49.1,49.9,0.1,0.0,0.0,0.0,0.0,0.3,0.1,2394.1,24.00,36,35,35,68,103,383,2,2,Yes,No,No,No,No,No,No,No,Yes,No,No,No,No,Yes,No,No,No,No,No,No,No,Yes,No,No,No,No,No,No,No,No,No,No,No,No,No,No,No,No,87.0,4680,4500,4680,71.0,1.095,1.110,1.800,1.815,0.990,5.110,2.625,No,No,No,71.0,1.095,1.110,1.800,1.815,1.005,5.110,1.750,No,No,No,44,44,94.0,100.0,No,No,32094,47869,39,70,100.0,100.0,No,No,1763,3068,0.3,1.3,1.5,0.245,0.182,6412,2051,1.9,0.0,1.9,14.210,0.000,9319,53,77.4,76.0,85.2,83.0,0.875,20.512,20.503,20.521,68.883,28.564,49.947,16.054,66.243,3.000,19.015,11.051,34.638,100.000,140.000,2250.0,2150.2,1890.0,2226.5,1905.0,63.0,27.0,0.0,8.0,65.8,15.0,60.2,0.0,0.0,0.0,Yes,No,No,No,No,Yes,No,0,0,0,0,0,0,0,0,0,0,0,0,0,0,0,0,0,0,0,0,0,0,0,0,0,0,0,0,0,0,2801,5387,5155,295,16.0,69,0.297,46.371,600.0,2394.0,0.1,0.0,0.0,0.0,0.0,0.0,0.0,0.0,0.2,38,16154,38,No,No,No,No,No,No,No,No,16.810,68.277,100.0,0.000,24.1,119,0,0,9.0,119.4,188.9,80.9,79.7,79.9,79.6,119.3,218.6,75.9,73.5,74.4,73.2,8.38,12.35,5.26,4.52,12.53,12.60,5.75,2.62,8.03,0.35,1.53,29,4,3.6,7.9,0,0,0.0,0.0,0,
7.6.2026,23:28:42.721,25579,23188,52.4,20157,12226,62.2,6.4,16384,1049,1.114,1.084,1.057,1.092,1.092,1.092,1.130,1.130,1.130,1.135,1.130,1.130,1.130,1.130,1.130,0.978,0.778,3691.0,4090.0,4090.0,4090.0,4090.0,4090.0,4090.0,3391.7,3391.7,3391.7,3391.7,3391.7,3391.7,3391.7,3391.7,99.8,3491.5,1456.9,1983.6,1726.3,2420.4,1141.4,2278.1,2142.7,2427.7,1994.2,1633.2,1280.7,1640.3,1340.7,946.1,862.8,926.4,857.8,953.2,851.0,897.2,835.2,1600.1,37.5,47.9,41.8,58.3,27.3,54.5,51.0,57.9,47.5,39.8,30.9,39.8,32.5,29.5,26.5,28.4,26.2,29.3,25.9,27.3,27.4,58.3,37.5,100.0,62.8,77.9,67.6,94.6,44.3,89.2,83.1,94.9,77.2,63.7,49.7,63.9,52.1,52.8,48.3,51.4,48.1,52.8,47.7,50.0,46.6,62.8,37.0,41.0,41.0,41.0,41.0,41.0,41.0,34.0,34.0,34.0,34.0,34.0,34.0,34.0,34.0,35.0,72,76,73,75,74,72,71,70,70,70,70,71,71,71,71,28,24,27,25,26,28,29,30,30,30,30,29,29,29,29,82,76,No,No,No,No,No,No,No,No,No,No,No,No,No,No,No,No,No,No,No,No,No,No,No,No,No,No,No,No,No,No,Yes,Yes,Yes,Yes,Yes,Yes,Yes,Yes,Yes,Yes,Yes,Yes,Yes,Yes,Yes,No,No,Yes,82,77,69,1.100,36.282,45.590,38.095,0.005,5.843,0.824,175.0,90.0,175.0,120.0,0,0.0,37.5,47.9,41.5,58.3,27.3,54.3,51.0,58.0,47.4,39.8,30.9,39.8,32.4,29.3,26.5,28.4,26.3,29.3,26.1,27.4,27.5,28.3,30.5,29.0,12.9,13.3,42.9,42.1,40.9,25.5,42.7,19.1,38.8,16.9,31.0,10.0,22.1,0.0,0.0,0.0,0.0,0.0,0.0,24.8,42.0,24.3,48.3,27.0,50.6,36.2,56.4,0.0,0.0,0.0,0.0,0.0,0.0,0.0,2394.1,24.00,36,35,35,68,103,383,2,2,Yes,No,No,No,No,No,No,No,Yes,No,No,No,No,Yes,No,No,No,No,No,No,No,Yes,No,No,No,No,No,No,No,No,No,No,No,No,No,No,No,No,88.0,4680,4440,4680,71.0,1.095,1.110,1.800,1.815,1.005,5.040,2.500,No,No,No,71.0,1.095,1.110,1.800,1.815,1.005,5.110,1.250,No,No,No,44,44,94.0,100.0,No,No,32094,47869,39,70,100.0,100.0,No,No,1763,3068,0.1,1.4,1.5,0.008,0.143,6412,2051,2.3,0.0,2.3,20.320,0.000,9358,53,76.4,76.0,83.7,83.0,0.875,20.528,20.520,20.536,65.506,27.642,46.898,15.554,62.695,3.000,18.521,10.249,36.575,100.000,140.000,2250.0,2150.2,1890.0,2228.0,1905.0,60.0,26.0,0.0,8.0,65.8,14.2,56.7,0.0,0.0,0.0,Yes,No,No,No,No,Yes,No,0,0,0,0,0,0,0,0,0,0,0,0,0,0,0,0,0,0,0,0,0,0,0,0,0,0,0,0,0,0,2801,5387,5155,295,16.0,69,0.297,44.909,600.0,2394.0,0.1,0.0,0.0,0.0,0.0,0.0,0.0,0.0,0.2,38,16154,38,No,No,No,No,No,No,No,No,16.811,68.277,100.0,0.000,24.1,119,0,0,11.0,118.8,174.7,83.5,75.7,78.5,74.9,118.9,173.7,86.1,81.0,82.9,80.5,8.42,12.02,5.68,4.91,12.77,13.35,5.55,2.87,8.07,0.35,1.21,29,4,4.0,8.7,0,0,0.0,0.0,0,
7.6.2026,23:28:44.718,25660,23108,52.6,20197,12187,62.3,6.4,16384,1049,1.131,1.168,1.123,1.123,1.128,1.143,1.161,1.161,1.161,1.156,1.106,1.096,1.106,1.100,1.100,0.998,0.778,3733.7,4189.8,4189.8,4189.8,4189.8,4189.8,4189.8,3391.7,3391.7,3391.7,3391.7,3391.7,3391.7,3391.7,3391.7,99.8,3591.2,1456.4,1980.0,1688.3,2443.3,1086.5,2315.5,2128.2,2378.8,2021.7,1568.8,1300.4,1455.5,1500.2,958.2,914.1,979.8,859.9,938.7,862.7,868.6,879.0,1598.7,37.7,47.6,41.1,59.2,26.2,55.7,50.6,57.0,48.5,38.5,31.2,35.0,36.7,30.1,28.4,30.4,26.4,29.2,26.6,26.9,28.7,59.2,37.7,100.0,62.9,77.7,66.2,95.5,42.3,90.5,82.6,92.9,78.6,61.2,50.5,56.9,58.3,53.7,51.3,54.6,48.2,52.0,48.3,48.2,49.0,62.9,37.4,42.0,42.0,42.0,42.0,42.0,42.0,34.0,34.0,34.0,34.0,34.0,34.0,34.0,34.0,36.0,72,73,73,76,75,71,71,70,70,70,71,71,71,71,71,28,27,27,24,25,29,29,30,30,30,29,29,29,29,29,82,76,No,No,No,No,No,No,No,No,No,No,No,No,No,No,No,No,No,No,No,No,No,No,No,No,No,No,No,No,No,No,Yes,Yes,Yes,Yes,Yes,Yes,Yes,Yes,Yes,Yes,Yes,Yes,Yes,Yes,Yes,No,No,Yes,83,77,69,1.100,37.126,46.637,39.159,0.005,5.830,0.818,175.0,90.0,175.0,120.0,0,0.0,37.7,47.9,40.7,59.1,26.1,55.3,50.8,56.9,48.4,38.4,31.5,35.4,36.6,29.9,28.3,30.3,26.4,29.2,26.6,27.0,28.7,30.5,30.3,28.8,12.3,12.3,43.0,41.2,43.6,26.1,47.5,28.1,43.7,25.1,30.0,14.9,19.4,0.0,0.0,0.0,0.0,0.0,0.0,21.6,39.7,17.7,39.8,22.4,42.2,37.6,50.5,0.0,0.0,0.0,0.0,0.0,0.1,0.1,2394.1,24.00,36,35,35,68,103,383,2,2,Yes,No,No,No,No,No,No,No,Yes,No,No,No,No,No,No,No,No,No,No,No,No,No,No,No,No,No,No,No,No,No,No,No,No,No,No,No,No,No,89.0,4680,4500,4740,71.0,1.095,1.110,1.800,1.815,1.005,5.040,1.500,No,No,No,71.2,1.095,1.110,1.800,1.815,1.005,5.040,2.125,No,No,No,44,44,94.0,100.0,No,No,32094,47869,39,70,100.0,100.0,No,No,1763,3068,0.2,1.4,1.6,0.052,0.181,6412,2051,3.2,0.0,3.2,26.808,0.000,9410,53,76.5,76.0,83.8,83.0,0.875,20.519,20.512,20.527,64.972,32.512,45.847,15.445,61.519,3.000,18.408,52.441,30.925,100.000,140.000,2250.0,2150.2,1890.0,2228.4,1905.0,61.0,27.0,0.0,8.0,65.8,13.9,55.7,0.0,0.0,0.0,Yes,No,No,No,No,Yes,No,0,0,0,0,0,0,0,0,0,0,0,0,0,0,0,0,0,0,0,0,0,0,0,0,0,0,0,0,0,0,2801,5387,5155,295,16.0,69,0.297,45.789,600.0,2394.0,0.1,0.0,0.0,0.0,0.0,0.0,0.0,0.0,0.2,38,16154,38,No,No,No,No,No,No,No,No,16.811,68.277,100.0,0.000,24.1,120,0,0,9.7,120.2,188.3,96.3,95.8,95.9,95.8,120.2,219.8,89.6,87.3,87.8,87.1,8.32,10.36,5.21,4.96,10.48,10.56,5.49,2.83,7.97,0.35,1.19,29,4,3.0,7.3,0,0,0.0,0.0,0,
7.6.2026,23:28:46.712,25640,23128,52.5,20195,12189,62.3,6.4,16384,1049,1.108,1.116,1.123,1.127,1.139,1.101,1.101,1.101,1.101,1.101,1.101,1.101,1.101,1.101,1.101,0.998,0.778,3491.5,798.0,4189.8,4189.8,4189.8,4189.8,4189.8,3391.7,3391.7,3391.7,3391.7,3391.7,3391.7,3391.7,3391.7,99.8,3591.2,1440.2,1860.1,1744.9,2363.5,1187.5,2489.2,1966.6,2397.0,1921.8,1441.9,1441.2,1430.9,1549.4,883.4,884.5,916.5,823.8,924.9,862.9,836.5,877.6,1581.4,37.2,45.1,42.0,56.8,28.0,59.5,47.0,56.9,45.7,34.8,35.2,34.8,37.3,27.9,27.9,29.1,25.8,28.8,26.8,26.0,28.0,59.5,37.2,100.0,62.1,73.0,68.5,92.4,46.2,97.1,76.3,93.4,74.7,56.3,56.0,55.8,60.3,49.4,49.3,51.0,46.1,51.5,48.4,46.9,49.1,62.1,35.0,8.0,42.0,42.0,42.0,42.0,42.0,34.0,34.0,34.0,34.0,34.0,34.0,34.0,34.0,36.0,73,76,77,76,74,74,75,73,73,73,73,71,71,71,71,27,24,23,24,26,26,25,27,27,27,27,29,29,29,29,82,77,No,No,No,No,No,No,No,No,No,No,No,No,No,No,No,No,No,No,No,No,No,No,No,No,No,No,No,No,No,No,Yes,Yes,Yes,Yes,Yes,Yes,Yes,Yes,Yes,Yes,Yes,Yes,Yes,Yes,Yes,No,No,Yes,82,75,69,1.100,62.438,44.190,36.785,0.005,5.839,0.815,175.0,90.0,175.0,120.0,0,0.0,37.4,44.9,42.0,57.0,28.4,59.4,46.9,57.2,46.0,35.2,35.0,34.7,37.7,28.2,28.3,29.4,26.3,29.2,27.2,26.5,28.4,29.4,31.8,28.1,12.9,12.9,42.5,40.6,36.6,34.6,41.7,24.7,34.6,30.8,28.1,12.1,20.6,0.0,0.0,0.0,0.0,0.0,0.0,29.9,31.8,24.1,43.3,30.8,36.4,39.6,53.2,0.0,0.0,0.0,0.0,0.0,0.2,0.1,2394.1,24.00,36,35,35,68,103,383,2,2,Yes,No,No,No,No,No,No,No,Yes,No,No,No,No,No,No,No,No,No,No,No,No,No,No,No,No,No,No,No,No,No,No,No,No,No,No,No,No,No,88.0,4680,4500,4680,71.2,1.095,1.110,1.800,1.815,1.005,5.040,2.750,No,No,No,71.2,1.095,1.110,1.800,1.815,1.005,5.040,1.750,No,No,No,44,44,94.0,100.0,No,No,32094,47869,39,70,100.0,100.0,No,No,1763,3068,0.1,0.7,0.8,0.020,0.043,6412,2052,3.1,0.0,3.1,30.149,0.000,9467,53,77.2,76.0,86.7,83.0,0.875,20.506,20.498,20.514,65.162,27.809,46.369,15.722,62.323,3.000,18.690,10.410,38.149,100.000,140.000,2250.0,2150.2,1890.0,2228.3,1905.0,62.0,27.0,0.0,9.0,66.4,13.9,55.6,0.0,0.0,0.0,Yes,No,No,No,No,Yes,No,0,0,0,0,0,0,0,0,0,0,0,0,0,0,0,0,0,0,0,0,0,0,0,0,0,0,0,0,0,0,2753,5435,5203,295,16.0,69,0.297,45.762,600.0,2394.0,0.1,0.0,0.0,0.0,0.0,0.0,0.0,0.0,0.2,38,16154,38,No,No,No,No,No,No,No,No,16.811,68.277,100.0,0.000,24.1,120,0,0,9.2,119.7,170.5,87.6,83.3,84.6,82.8,119.6,221.5,82.8,81.9,82.2,81.9,8.35,11.39,5.92,5.00,11.84,12.14,5.49,2.86,8.01,0.34,1.26,29,4,4.8,9.9,0,0,0.0,0.0,0,
7.6.2026,23:28:48.711,25671,23097,52.6,20202,12182,62.3,6.4,16384,1049,1.165,1.166,1.136,1.176,1.161,1.143,1.158,1.173,1.198,1.174,1.189,1.159,1.179,1.149,1.149,1.018,0.778,3833.5,4289.5,4289.5,4289.5,4289.5,4289.5,4289.5,3491.5,3491.5,3491.5,3491.5,3491.5,3491.5,3491.5,3491.5,99.8,3691.0,1375.5,1794.2,1711.0,2547.3,509.2,2118.0,2192.7,2069.6,2308.1,1375.1,1496.4,1317.6,1557.6,827.4,846.1,869.9,738.1,830.9,792.0,777.7,831.1,1517.4,35.1,42.9,41.1,60.9,11.5,50.1,51.7,48.9,54.4,33.0,35.9,31.6,37.5,25.9,26.2,27.1,22.7,25.8,24.6,23.7,27.0,60.9,35.1,100.0,59.3,70.1,67.2,99.4,19.8,83.0,85.3,80.7,89.6,53.6,58.3,51.5,60.7,46.7,47.5,48.9,41.7,46.6,44.4,43.7,46.5,59.3,38.4,43.0,43.0,43.0,43.0,43.0,43.0,35.0,35.0,35.0,35.0,35.0,35.0,35.0,35.0,37.0,72,74,73,77,72,74,71,70,70,70,70,70,70,70,70,28,26,27,23,28,26,29,30,30,30,30,30,30,30,30,81,77,No,No,No,No,No,No,No,No,No,No,No,No,No,No,No,No,No,No,No,No,No,No,No,No,No,No,No,No,No,No,Yes,Yes,Yes,Yes,Yes,Yes,Yes,Yes,Yes,Yes,Yes,Yes,Yes,Yes,Yes,No,No,Yes,83,79,70,1.100,32.907,45.828,38.257,0.005,5.820,0.811,175.0,90.0,175.0,120.0,0,0.0,35.1,42.8,40.8,60.8,12.1,49.8,51.7,48.7,54.4,33.1,35.8,31.5,37.5,25.7,26.3,27.1,22.7,25.8,24.7,23.8,27.0,27.1,33.6,31.0,14.2,12.6,43.2,42.8,31.0,27.0,37.3,14.0,29.6,27.9,24.7,10.2,24.9,0.0,0.0,0.1,0.1,0.0,0.0,37.6,40.8,30.2,56.9,38.7,41.6,45.4,56.8,0.0,0.1,0.0,0.0,0.0,0.0,0.1,2394.1,24.00,36,35,35,68,103,383,2,2,Yes,No,No,No,No,No,No,No,Yes,No,No,No,No,Yes,No,No,No,No,No,No,No,Yes,No,No,No,No,No,No,No,No,No,No,No,No,No,No,No,No,88.0,4680,4500,4680,71.2,1.095,1.110,1.815,1.815,1.005,5.040,2.125,No,No,No,71.2,1.095,1.110,1.800,1.815,1.005,5.040,1.250,No,No,No,44,44,94.0,100.0,No,No,32094,47869,39,70,100.0,100.0,No,No,1763,3068,0.2,1.1,1.2,0.087,0.026,6412,2052,3.2,0.0,3.2,29.709,0.000,9524,53,76.8,76.0,85.4,83.0,0.875,20.515,20.506,20.523,63.752,27.577,45.765,15.441,61.446,3.000,18.402,10.208,38.775,100.000,140.000,2250.0,2150.2,1890.0,2228.1,1905.0,57.0,25.0,0.0,8.0,66.2,13.7,54.6,0.0,0.0,0.0,Yes,No,No,No,No,Yes,No,0,0,0,0,0,0,0,0,0,0,0,0,0,0,0,0,0,0,0,0,0,0,0,0,0,0,0,0,0,0,2769,5419,5187,295,16.0,69,0.297,44.223,600.0,2394.0,0.1,0.0,0.0,0.0,0.0,0.0,0.0,0.0,0.2,38,16154,38,No,No,No,No,No,No,No,No,16.811,68.277,100.0,0.000,24.1,120,0,0,8.1,119.6,219.5,91.0,88.8,89.7,88.6,119.6,222.6,81.0,77.3,78.8,76.9,8.36,11.10,4.50,4.10,11.22,11.27,5.45,2.91,8.02,0.34,1.38,29,4,4.8,8.9,0,0,0.0,0.0,0,
7.6.2026,23:28:50.710,25595,23173,52.4,20187,12197,62.3,6.4,16384,1049,1.156,1.142,1.142,1.152,1.138,1.148,1.163,1.193,1.173,1.173,1.158,1.143,1.163,1.153,1.143,1.018,0.778,3569.8,4289.5,4289.5,4289.5,4289.5,4289.5,4289.5,3491.5,3491.5,3491.5,3491.5,1795.6,3491.5,2493.9,2493.9,99.8,3691.0,1402.1,1883.6,1707.8,2572.5,478.9,2421.2,1978.3,2127.8,2303.4,1488.1,1408.9,1435.9,1488.3,876.8,881.9,877.1,762.8,891.3,818.9,813.8,825.5,1543.3,36.0,45.2,41.0,61.6,12.1,57.4,46.6,50.4,54.4,35.9,33.8,34.5,35.8,27.4,27.5,27.2,23.4,27.7,25.6,25.2,26.9,61.6,36.0,100.0,60.4,73.6,67.0,100.4,18.7,94.7,76.8,82.8,89.4,58.1,54.9,56.0,57.9,49.4,49.5,49.1,43.1,49.6,45.8,45.7,46.2,60.4,35.8,43.0,43.0,43.0,43.0,43.0,43.0,35.0,35.0,35.0,35.0,18.0,35.0,25.0,25.0,37.0,71,73,72,75,74,70,70,69,69,69,69,70,71,71,71,29,27,28,25,26,30,30,31,31,31,31,30,29,29,29,82,75,No,No,No,No,No,No,No,No,No,No,No,No,No,No,No,No,No,No,No,No,No,No,No,No,No,No,No,No,No,No,Yes,Yes,Yes,Yes,Yes,Yes,Yes,Yes,Yes,Yes,Yes,Yes,Yes,Yes,Yes,No,No,Yes,82,76,69,1.100,15.188,44.926,37.512,0.005,5.789,0.795,175.0,90.0,175.0,120.0,0,0.0,36.0,45.1,40.7,61.6,11.4,57.1,46.7,50.3,54.4,35.9,33.9,34.5,35.9,27.3,27.5,27.4,23.5,27.9,25.7,25.4,27.0,28.0,32.9,31.5,13.8,13.1,43.3,42.8,36.2,32.2,33.3,15.7,36.0,29.0,21.8,10.8,23.3,0.0,0.0,0.0,0.0,0.0,0.0,30.8,34.5,33.5,54.3,30.7,39.4,46.3,55.9,0.1,0.1,0.0,0.0,0.0,0.2,0.0,2394.1,24.00,36,35,35,68,103,383,2,2,Yes,No,No,No,No,No,No,No,Yes,No,No,No,No,Yes,No,No,No,No,No,No,No,Yes,No,No,No,No,No,No,No,No,No,No,No,No,No,No,No,No,89.0,4680,4500,4680,71.2,1.095,1.110,1.800,1.800,1.005,5.040,1.250,No,No,No,71.5,1.095,1.110,1.800,1.800,1.005,5.040,1.750,No,No,No,44,44,94.0,100.0,No,No,32094,47869,39,70,100.0,100.0,No,No,1763,3068,0.0,1.6,1.6,0.000,0.103,6412,2052,2.5,0.1,2.6,22.298,0.018,9567,53,76.4,76.0,83.8,83.0,0.875,20.514,20.506,20.522,64.273,26.590,46.155,15.523,61.916,3.000,18.480,10.285,30.770,100.000,140.000,2250.0,2150.2,1890.0,2228.0,1905.0,60.0,26.0,0.0,8.0,65.8,14.0,55.8,0.0,0.0,0.0,Yes,No,No,No,No,Yes,No,0,0,0,0,0,0,0,0,0,0,0,0,0,0,0,0,0,0,0,0,0,0,0,0,0,0,0,0,0,0,2801,5387,5155,295,16.0,70,0.297,44.670,600.0,2394.0,0.1,0.0,0.0,0.0,0.0,0.0,0.0,0.0,0.2,38,16154,38,No,No,No,No,No,No,No,No,16.810,68.277,100.0,0.000,24.1,120,0,0,8.3,119.8,183.6,85.6,84.9,84.9,84.8,119.8,202.6,85.5,83.6,84.4,83.3,8.35,11.67,5.40,4.71,11.76,11.79,5.53,2.82,8.01,0.34,1.26,29,4,5.3,10.0,0,0,0.0,0.0,0,
7.6.2026,23:28:52.723,25734,23034,52.7,20256,12128,62.5,6.4,16384,1049,1.101,1.148,1.082,1.129,1.109,1.121,1.096,1.101,1.111,1.091,1.080,1.085,1.085,1.085,1.095,0.978,0.778,3634.0,4090.0,4090.0,4090.0,4090.0,4090.0,4090.0,3291.9,3291.9,3291.9,3291.9,3291.9,3291.9,3291.9,3291.9,99.8,3491.5,1535.2,2030.9,1778.5,2429.6,1203.3,2632.1,1934.6,2543.1,1766.1,1692.1,1398.4,1761.0,1447.8,1009.5,1048.3,1070.0,912.3,1047.8,1017.9,1011.7,969.8,1666.1,40.8,50.5,44.2,60.3,29.7,65.0,47.5,62.6,43.4,42.4,34.8,44.0,35.9,31.8,33.2,33.6,28.3,32.8,31.9,31.5,31.7,65.0,40.8,100.0,66.5,79.3,69.8,94.9,46.9,102.5,75.2,99.3,68.9,65.9,54.4,68.6,56.3,56.2,58.0,59.2,50.9,57.9,56.5,56.0,53.9,66.5,36.4,41.0,41.0,41.0,41.0,41.0,41.0,33.0,33.0,33.0,33.0,33.0,33.0,33.0,33.0,35.0,71,71,71,73,72,69,70,70,70,70,70,70,70,71,71,29,29,29,27,28,31,30,30,30,30,30,30,30,29,29,82,73,No,No,No,No,No,No,No,No,No,No,No,No,No,No,No,No,No,No,No,No,No,No,No,No,No,No,No,No,No,No,Yes,Yes,Yes,Yes,Yes,Yes,Yes,Yes,Yes,Yes,Yes,Yes,Yes,Yes,Yes,No,No,Yes,82,75,69,1.100,31.219,43.851,36.416,0.005,5.804,0.799,175.0,90.0,175.0,120.0,0,0.0,40.7,50.3,43.9,60.3,29.7,64.6,47.4,62.6,43.3,42.4,34.7,44.0,35.9,31.6,33.2,33.5,28.4,32.8,31.9,31.6,31.7,37.0,27.0,26.4,10.1,13.2,38.5,35.5,49.7,53.2,56.1,34.6,53.8,46.1,48.4,25.9,10.4,0.1,0.0,0.0,0.2,0.0,0.1,14.6,10.0,6.9,32.1,9.9,17.7,16.0,37.3,0.0,0.1,0.0,0.0,0.0,0.0,0.1,2394.1,24.00,36,35,35,68,103,383,2,2,Yes,No,No,No,No,No,No,No,Yes,No,No,No,No,Yes,No,No,No,No,No,No,No,Yes,No,No,No,No,No,No,No,No,No,No,No,No,No,No,No,No,88.0,4680,4500,4680,71.5,1.095,1.110,1.800,1.800,0.975,5.040,2.000,No,No,No,71.5,1.095,1.110,1.800,1.800,1.005,5.040,2.375,No,No,No,44,44,94.0,100.0,No,No,32094,47869,40,70,100.0,100.0,No,No,1763,3068,0.3,1.0,1.3,0.097,0.022,6413,2052,5.7,0.0,5.7,45.442,0.016,9654,53,77.7,76.0,86.5,83.0,0.875,20.503,20.494,20.513,65.498,29.234,48.334,15.965,64.573,3.000,18.936,20.848,32.983,100.000,140.000,2250.0,2150.2,1890.0,2228.0,1905.0,60.0,26.0,0.0,9.0,66.8,14.4,57.5,0.0,0.0,0.0,Yes,No,No,No,No,Yes,No,0,0,0,0,0,0,0,0,0,0,0,0,0,0,0,0,0,0,0,0,0,0,0,0,0,0,0,0,0,0,2721,5467,5235,295,16.0,69,0.297,47.007,600.0,2394.0,0.1,0.0,0.0,0.0,0.0,0.0,0.0,0.0,0.2,38,16154,38,No,No,No,No,No,No,No,No,16.814,68.277,100.0,0.000,24.1,119,0,0,9.6,119.1,199.5,84.2,81.2,82.2,80.9,119.1,213.4,76.5,73.4,74.3,73.1,8.40,12.15,4.97,4.84,12.35,12.39,5.80,2.60,8.03,0.37,1.62,29,4,3.3,8.8,0,0,0.0,0.0,0,
7.6.2026,23:28:54.715,25748,23019,52.7,20267,12117,62.5,6.4,16384,1049,1.038,1.070,1.056,1.056,1.044,1.063,1.049,1.004,1.019,1.009,1.024,1.039,1.019,1.049,1.034,0.956,0.778,3277.7,3990.2,3990.2,3990.2,3990.2,3990.2,3990.2,1097.3,3291.9,3291.9,3291.9,1097.3,3291.9,3291.9,3291.9,99.8,3391.7,1586.4,1971.9,1860.6,2446.3,1225.9,2510.6,2093.3,2536.5,1898.1,1729.7,1468.0,1770.7,1492.9,1108.7,1103.4,1132.2,1005.6,1112.6,1075.0,1137.6,1049.1,1709.6,42.3,48.8,46.1,60.8,29.8,61.9,51.2,62.4,46.4,42.8,36.1,43.8,36.7,35.9,35.3,35.8,32.0,34.9,34.0,36.2,34.4,62.4,42.3,100.0,68.8,77.3,72.9,95.4,47.6,98.2,81.1,99.1,73.6,67.0,56.9,68.9,57.9,61.3,60.8,62.3,55.4,61.2,59.4,62.6,58.0,68.8,32.9,40.0,40.0,40.0,40.0,40.0,40.0,11.0,33.0,33.0,33.0,11.0,33.0,33.0,33.0,34.0,73,73,74,75,74,74,74,73,73,73,73,71,71,71,71,27,27,26,25,26,26,26,27,27,27,27,29,29,29,29,82,75,No,No,No,No,No,No,No,No,No,No,No,No,No,No,No,No,No,No,No,No,No,No,No,No,No,No,No,No,No,No,Yes,Yes,Yes,Yes,Yes,Yes,Yes,Yes,Yes,Yes,Yes,Yes,Yes,Yes,Yes,No,No,Yes,82,77,69,1.100,52.313,47.437,39.852,0.005,5.863,0.832,175.0,90.0,175.0,120.0,0,0.0,42.6,49.1,46.1,60.8,30.3,61.9,51.6,62.6,46.8,43.4,36.6,44.2,37.2,36.1,35.8,36.2,32.6,35.4,34.6,36.7,34.9,35.5,26.6,26.7,9.4,11.6,36.6,34.5,48.8,48.4,56.8,37.9,53.4,39.6,46.6,20.6,9.5,0.4,0.0,0.0,0.0,0.2,0.0,11.3,12.1,4.0,24.8,7.8,21.2,12.7,38.8,0.1,0.1,0.0,0.0,0.0,0.3,0.4,2394.1,24.00,36,35,35,68,103,383,2,2,Yes,No,No,No,No,No,No,No,Yes,No,No,No,No,Yes,No,No,No,No,No,No,No,Yes,No,No,No,No,No,No,No,No,No,No,No,No,No,No,No,No,89.0,4680,4560,4680,71.5,1.095,1.110,1.800,1.800,1.005,5.110,1.750,No,No,No,71.5,1.095,1.110,1.800,1.800,1.005,5.040,1.375,No,No,No,44,44,94.0,100.0,No,No,32094,47869,39,70,100.0,100.0,No,No,1763,3068,1.1,1.9,3.0,0.155,0.387,6413,2053,2.8,0.0,2.8,23.811,0.000,9700,53,77.6,76.0,85.5,83.0,0.875,20.510,20.500,20.520,66.954,40.863,50.366,16.195,66.812,3.000,19.159,91.756,38.754,100.000,140.000,2250.0,2150.2,1890.0,2227.3,1905.0,65.0,28.0,0.0,9.0,66.6,14.7,58.9,0.0,0.0,0.0,Yes,No,No,No,No,Yes,No,0,0,0,0,0,0,0,0,0,0,0,0,0,0,0,0,0,0,0,0,0,0,0,0,0,0,0,0,0,0,2736,5452,5220,295,16.0,70,0.297,45.361,600.0,2394.0,0.1,0.0,0.0,0.0,0.0,0.0,0.0,0.0,0.2,38,16154,38,No,No,No,No,No,No,No,No,16.810,68.277,100.0,0.000,24.1,119,0,0,8.4,118.7,169.7,70.9,63.7,65.6,63.2,118.6,235.6,70.6,55.5,60.6,54.1,8.42,14.11,5.84,5.23,15.29,15.91,5.94,2.49,8.06,0.36,1.53,29,4,4.5,11.3,0,0,0.0,0.0,0,
7.6.2026,23:28:56.726,25705,23063,52.7,20236,12147,62.4,6.4,16384,1049,1.050,1.079,0.992,1.022,1.038,1.038,1.038,1.069,1.064,1.059,1.049,1.049,1.059,1.069,1.069,0.936,0.778,3491.5,3890.5,3890.5,3890.5,3890.5,3890.5,3890.5,3192.2,3192.2,3192.2,3192.2,3192.2,3192.2,3192.2,3192.2,99.8,3291.9,1651.4,1837.6,2089.3,2538.9,1260.8,2191.4,2381.4,2281.3,2256.4,1699.4,1588.1,1769.4,1586.3,1153.4,1225.7,1220.9,1141.4,1237.2,1200.7,1226.1,1142.6,1763.9,45.8,46.9,53.5,64.7,32.0,55.3,60.2,57.7,57.0,43.9,40.7,45.2,40.6,38.5,40.6,41.0,38.0,41.4,40.1,40.5,38.7,64.7,45.8,100.0,72.4,71.9,82.0,99.0,49.2,85.9,92.7,89.2,87.8,66.8,61.9,69.2,62.0,64.4,67.7,67.6,63.5,68.4,66.7,68.0,63.5,72.4,35.0,39.0,39.0,39.0,39.0,39.0,39.0,32.0,32.0,32.0,32.0,32.0,32.0,32.0,32.0,33.0,71,70,73,75,72,72,70,70,70,70,70,71,71,71,71,29,30,27,25,28,28,30,30,30,30,30,29,29,29,29,82,75,No,No,No,No,No,No,No,No,No,No,No,No,No,No,No,No,No,No,No,No,No,No,No,No,No,No,No,No,No,No,Yes,Yes,Yes,Yes,Yes,Yes,Yes,Yes,Yes,Yes,Yes,Yes,Yes,Yes,Yes,No,No,Yes,82,75,69,1.100,40.501,47.084,39.462,0.005,5.873,0.843,175.0,90.0,175.0,120.0,0,0.0,45.5,46.7,52.9,64.3,31.8,55.1,60.0,57.5,56.8,43.5,40.4,45.0,40.3,38.1,40.3,40.7,37.8,41.2,39.8,40.2,38.6,38.1,23.2,22.8,8.1,9.0,32.8,31.7,51.9,56.1,54.9,49.4,51.9,51.5,51.7,37.9,3.6,0.2,0.0,0.0,0.0,0.0,0.1,6.4,0.8,1.4,9.1,3.7,5.3,4.7,19.0,0.1,0.2,0.0,0.0,0.0,0.6,0.1,2394.1,24.00,36,35,35,68,103,383,2,2,Yes,No,No,No,No,No,No,No,Yes,No,No,No,No,Yes,No,No,No,No,No,No,No,Yes,No,No,No,No,No,No,No,No,No,No,No,No,No,No,No,No,89.0,4680,4500,4680,71.5,1.095,1.110,1.800,1.800,1.005,5.110,1.625,No,No,No,71.8,1.095,1.110,1.800,1.800,1.005,5.110,2.125,No,No,No,44,44,94.0,100.0,No,No,32094,47869,39,70,100.0,100.0,No,No,1763,3068,31.8,0.3,32.1,7.070,0.128,6426,2053,2.5,0.0,2.6,21.540,0.008,9741,53,77.6,76.0,85.4,83.0,0.875,20.498,20.488,20.509,68.490,28.951,50.504,16.206,66.982,3.000,19.160,10.477,36.330,100.000,140.000,2250.0,2150.2,1890.0,2225.7,1905.0,65.0,28.0,0.0,10.0,66.6,15.1,60.5,0.0,0.0,0.0,Yes,No,No,No,No,Yes,No,0,0,0,0,0,0,0,0,0,0,0,0,0,0,0,0,0,0,0,0,0,0,0,0,0,0,0,0,0,0,2735,5453,5221,295,16.0,70,0.297,45.358,600.0,2394.0,0.1,0.0,0.0,0.0,0.0,0.0,0.0,0.0,0.2,38,16154,38,No,No,No,No,No,No,No,No,16.812,68.277,100.0,0.000,24.1,119,0,0,9.1,118.9,169.7,86.6,82.3,84.1,81.8,118.9,203.2,79.8,73.0,75.2,72.3,8.41,11.71,5.83,5.40,11.97,12.21,5.99,2.42,8.03,0.38,1.70,29,4,4.6,9.6,0,0,0.0,0.0,0,
7.6.2026,23:28:58.721,25816,22951,52.9,20277,12107,62.6,6.4,16384,1049,1.127,1.166,1.157,1.157,1.157,1.109,1.114,1.114,1.114,1.114,1.114,1.114,1.114,1.114,1.114,0.998,0.778,3719.5,4189.8,4189.8,4189.8,4189.8,4090.0,4090.0,3391.7,3391.7,3391.7,3391.7,3391.7,3391.7,3391.7,3391.7,99.8,3591.2,1576.1,1838.9,2031.2,2469.3,1213.8,2288.6,2292.0,2377.8,2093.9,1617.0,1524.2,1744.0,1507.4,1007.0,1112.4,1127.9,1003.9,1073.3,1075.2,1085.4,1038.9,1703.1,42.4,46.1,51.0,62.1,30.2,57.0,56.9,59.2,51.4,40.8,38.2,43.9,37.7,32.8,35.4,36.2,31.9,33.9,34.0,34.5,34.3,62.1,42.4,100.0,68.3,71.8,79.9,96.3,47.3,89.4,89.2,92.7,80.9,63.0,59.0,67.9,58.3,55.9,61.2,61.9,55.3,58.9,59.0,59.7,57.5,68.3,37.3,42.0,42.0,42.0,42.0,41.0,41.0,34.0,34.0,34.0,34.0,34.0,34.0,34.0,34.0,36.0,72,75,74,75,72,74,73,71,71,71,71,71,71,71,71,28,25,26,25,28,26,27,29,29,29,29,29,29,29,29,82,75,No,No,No,No,No,No,No,No,No,No,No,No,No,No,No,No,No,No,No,No,No,No,No,No,No,No,No,No,No,No,Yes,Yes,Yes,Yes,Yes,Yes,Yes,Yes,Yes,Yes,Yes,Yes,Yes,Yes,Yes,No,No,Yes,82,77,70,1.100,59.907,43.085,35.429,0.005,5.911,0.857,175.0,90.0,175.0,120.0,0,0.0,42.3,45.9,50.7,61.7,30.1,56.7,56.8,59.0,51.9,40.8,38.3,43.9,37.8,32.5,35.5,36.2,31.9,34.0,34.1,34.5,34.3,38.9,25.3,25.6,9.0,10.0,37.3,34.5,49.8,57.9,59.7,44.5,55.1,55.2,51.6,29.6,6.7,0.0,0.0,0.0,0.0,0.0,0.0,13.8,3.6,1.2,19.4,7.7,7.4,10.2,31.0,0.1,0.0,0.0,0.0,0.0,0.2,0.1,2394.1,24.00,36,35,35,68,103,383,2,2,Yes,No,No,No,No,No,No,No,Yes,No,No,No,No,Yes,No,No,No,No,No,No,No,Yes,No,No,No,No,No,No,No,No,No,No,No,No,No,No,No,No,90.0,4680,4440,4680,71.8,1.095,1.110,1.800,1.800,1.005,5.110,2.250,No,No,No,71.8,1.095,1.110,1.800,1.800,1.005,5.110,1.625,No,No,No,44,44,94.0,100.0,No,No,32094,47869,39,70,100.0,100.0,No,No,1763,3068,31.9,0.7,32.6,9.145,0.327,6444,2053,3.5,0.0,3.5,25.921,0.000,9792,53,77.8,76.0,86.0,83.0,0.875,20.512,20.503,20.521,67.936,28.544,48.317,15.951,64.520,3.000,18.905,10.402,38.715,100.000,140.000,2250.0,2150.2,1890.0,2226.7,1905.0,63.0,27.0,0.0,9.0,67.6,14.9,59.7,0.0,0.0,0.0,Yes,No,No,No,No,Yes,No,0,0,0,0,0,0,0,0,0,0,0,0,0,0,0,0,0,0,0,0,0,0,0,0,0,0,0,0,0,0,2655,5533,5301,295,16.0,70,0.297,44.549,600.0,2394.0,0.1,0.0,0.0,0.0,0.0,0.0,0.0,0.0,0.2,38,16154,38,No,No,No,No,No,No,No,No,16.811,68.277,100.0,0.000,24.1,120,0,0,7.9,119.5,172.9,80.5,72.2,75.1,71.4,119.6,183.8,78.5,74.3,75.8,73.9,8.37,12.50,5.73,5.29,13.39,14.07,5.73,2.64,8.00,0.37,1.39,29,4,10.5,12.7,0,0,0.0,0.0,0,
7.6.2026,23:29:0.719,25837,22931,52.9,20325,12059,62.7,6.4,16384,1049,1.021,1.029,0.978,1.041,1.043,0.998,0.998,0.998,1.043,1.027,1.027,1.027,1.027,1.027,1.027,0.913,0.778,3391.7,3790.7,3790.7,3790.7,3790.7,3790.7,3790.7,3092.4,3092.4,3092.4,3092.4,3092.4,3092.4,3092.4,3092.4,99.8,3192.2,1749.5,2113.9,2002.2,2468.8,1444.7,2606.6,2181.0,2440.3,2160.8,1798.6,1635.1,1902.6,1650.9,1276.9,1365.5,1349.7,1291.9,1326.6,1308.6,1371.9,1294.1,1855.6,49.0,53.6,50.9,62.8,36.3,65.9,55.0,61.5,54.9,45.7,41.5,48.3,41.9,44.1,46.9,46.0,43.4,45.3,44.3,47.1,45.1,65.9,49.0,100.0,77.1,82.8,78.9,96.4,56.4,101.6,85.1,95.3,85.2,70.4,63.9,74.4,64.8,71.1,75.8,75.0,71.6,73.5,72.8,75.7,71.7,77.1,34.0,38.0,38.0,38.0,38.0,38.0,38.0,31.0,31.0,31.0,31.0,31.0,31.0,31.0,31.0,32.0,72,73,73,75,75,74,71,71,71,71,71,70,70,70,70,28,27,27,25,25,26,29,29,29,29,29,30,30,30,30,82,75,No,No,No,No,No,No,No,No,No,No,No,No,No,No,No,No,No,No,No,No,No,No,No,No,No,No,No,No,No,No,Yes,Yes,Yes,Yes,Yes,Yes,Yes,Yes,Yes,Yes,Yes,Yes,Yes,Yes,Yes,No,No,Yes,82,75,69,1.100,49.782,46.621,39.018,0.005,5.865,0.835,175.0,90.0,175.0,120.0,0,0.0,49.2,53.8,50.9,62.7,36.6,65.9,55.2,61.7,54.7,46.1,41.7,48.6,42.2,44.3,47.1,46.2,43.8,45.6,44.5,47.5,45.3,30.0,21.2,21.6,7.5,8.2,31.5,28.7,39.5,38.1,40.9,34.5,40.3,37.8,41.6,28.5,7.1,0.6,0.0,0.0,0.0,0.0,0.1,11.6,10.3,8.7,16.9,9.9,13.1,7.0,21.0,0.1,0.0,0.0,0.0,0.0,0.3,0.1,2394.1,24.00,36,35,35,68,103,383,2,2,Yes,No,No,No,No,No,No,No,Yes,No,No,No,No,Yes,No,No,No,No,No,No,No,Yes,No,No,No,No,No,No,No,No,No,No,No,No,No,No,No,No,92.0,4680,4500,4680,71.8,1.095,1.110,1.815,1.800,1.005,5.110,1.375,No,No,No,71.8,1.095,1.110,1.800,1.800,1.005,5.110,2.125,No,No,No,44,44,94.0,100.0,No,No,32094,47869,39,70,100.0,100.0,No,No,1763,3068,37.2,3.0,40.3,58.372,9.456,6555,2071,2.9,0.0,2.9,28.859,0.000,9846,53,77.6,76.0,85.6,83.0,0.875,20.518,20.510,20.526,67.212,27.138,45.955,15.465,61.680,3.000,18.428,10.399,35.036,100.000,140.000,2250.0,2150.2,1890.0,2226.5,1905.0,62.0,27.0,0.0,9.0,67.4,14.4,57.7,0.0,0.0,0.0,Yes,No,No,No,No,Yes,No,0,0,0,0,0,0,0,0,0,0,0,0,0,0,0,0,0,0,0,0,0,0,0,0,0,0,0,0,0,0,2671,5517,5285,295,16.0,70,0.297,47.120,600.0,2394.0,0.1,0.0,0.0,0.0,0.0,0.0,0.0,0.0,0.2,38,16154,38,No,No,No,No,No,No,No,No,16.816,68.277,100.0,0.000,24.1,118,0,0,9.1,118.3,198.9,73.9,70.3,71.6,69.9,118.3,201.6,73.8,55.2,61.9,53.4,8.45,13.54,4.94,4.66,13.97,14.31,5.86,2.59,8.05,0.40,1.61,29,4,12.9,11.8,0,0,0.0,0.0,0,
7.6.2026,23:29:2.714,25888,22880,53.0,20383,12000,62.9,6.4,16384,1049,1.054,1.050,1.029,1.051,1.056,1.047,1.066,1.066,1.046,1.046,1.046,1.061,1.066,1.061,1.061,0.936,0.778,3548.5,3890.5,3890.5,3890.5,3890.5,3890.5,3890.5,3291.9,3291.9,3291.9,3291.9,3291.9,3291.9,3291.9,3291.9,99.8,3291.9,1749.2,2238.7,1893.9,2526.3,1498.0,2460.1,2164.9,2497.4,2214.8,2060.3,1537.6,1969.8,1860.8,1192.8,1219.4,1373.2,1228.2,1253.7,1214.6,1293.7,1285.4,1871.0,48.8,58.3,49.6,66.1,38.8,63.8,56.1,64.8,57.3,53.8,40.1,51.2,48.6,38.9,39.6,44.7,39.7,40.7,39.1,42.5,42.2,66.1,48.8,100.0,76.4,87.7,74.4,98.5,58.1,95.8,84.0,97.1,85.9,80.6,59.8,76.8,72.6,66.2,67.5,76.2,68.0,69.1,67.1,71.5,70.9,76.4,35.6,39.0,39.0,39.0,39.0,39.0,39.0,33.0,33.0,33.0,33.0,33.0,33.0,33.0,33.0,33.0,73,79,75,75,75,72,74,73,73,73,73,71,71,71,71,27,21,25,25,25,28,26,27,27,27,27,29,29,29,29,82,79,No,No,No,No,No,No,No,No,No,No,No,No,No,No,No,No,No,No,No,No,No,No,No,No,No,No,No,No,No,No,Yes,Yes,Yes,Yes,Yes,Yes,Yes,Yes,Yes,Yes,Yes,Yes,Yes,Yes,Yes,No,No,Yes,82,77,69,1.100,55.688,45.376,37.691,0.005,5.924,0.870,175.0,90.0,175.0,120.0,0,0.0,48.8,58.3,49.2,65.7,38.8,63.7,56.1,64.7,57.4,54.0,40.1,51.3,48.5,38.8,39.6,44.7,39.8,40.8,39.2,42.6,42.2,35.2,19.8,18.2,7.0,5.6,26.8,21.1,50.3,52.4,51.0,47.3,50.9,51.9,50.4,40.0,3.6,0.0,0.0,0.0,0.0,0.0,0.2,7.3,4.7,1.0,9.2,5.1,5.6,3.8,13.9,0.0,0.0,0.0,0.0,0.0,0.0,0.1,2394.1,24.00,36,35,35,68,103,383,2,2,Yes,No,No,No,No,No,No,No,Yes,No,No,No,No,Yes,No,No,No,No,No,No,No,Yes,No,No,No,No,No,No,No,No,No,No,No,No,No,No,No,No,91.0,4680,4560,4680,72.0,1.095,1.110,1.815,1.800,1.005,5.110,2.625,No,No,No,72.0,1.095,1.110,1.815,1.800,1.005,5.110,2.125,No,No,No,44,44,94.0,100.0,No,No,32094,47869,39,70,100.0,100.0,No,No,1763,3069,9.8,1.2,11.0,7.652,1.804,6570,2075,3.1,0.0,3.1,25.433,0.000,9895,53,77.5,76.0,85.2,83.0,0.875,20.517,20.508,20.526,67.031,41.240,48.453,16.017,64.739,3.000,18.971,105.398,32.103,100.000,140.000,2250.0,2150.2,1890.0,2227.3,1905.0,61.0,27.0,0.0,8.0,67.4,14.5,58.1,0.0,0.0,0.0,Yes,No,No,No,No,Yes,No,0,0,0,0,0,0,0,0,0,0,0,0,0,0,0,0,0,0,0,0,0,0,0,0,0,0,0,0,0,0,2671,5517,5285,296,16.0,69,0.297,45.081,600.0,2394.0,0.1,0.0,0.0,0.0,0.0,0.0,0.0,0.0,0.2,38,16154,38,No,No,No,No,No,No,No,No,16.813,68.277,100.0,0.000,24.1,120,0,0,7.3,119.4,188.1,85.0,73.8,78.1,72.6,119.5,221.4,76.1,69.4,71.8,68.8,8.37,11.87,5.23,5.12,12.91,13.88,5.78,2.59,7.99,0.38,1.60,29,4,5.1,10.8,0,0,0.0,0.0,0,
7.6.2026,23:29:4.710,25902,22865,53.1,20408,11976,63.0,6.4,16384,1049,1.122,1.139,1.099,1.099,1.119,1.135,1.135,1.125,1.120,1.135,1.135,1.120,1.115,1.115,1.120,0.998,0.778,3733.7,4189.8,4189.8,4189.8,4189.8,4189.8,4189.8,3391.7,3391.7,3391.7,3391.7,3391.7,3391.7,3391.7,3391.7,99.8,3591.2,1583.7,2048.4,1764.3,2476.9,1233.5,2462.5,2063.6,2458.1,2123.6,1750.0,1380.3,1782.6,1566.9,1083.7,1027.2,1141.9,1025.0,1115.7,1035.7,1087.1,1046.2,1711.8,43.2,51.0,44.1,61.6,30.5,60.6,50.9,60.5,52.4,43.9,34.6,44.5,39.1,37.6,34.6,38.4,34.4,37.7,35.0,36.7,36.1,61.6,43.2,100.0,68.8,80.3,69.2,96.8,48.2,96.3,80.2,95.9,82.5,68.5,53.6,69.5,60.9,60.4,57.2,63.0,56.9,61.7,57.6,60.2,58.0,68.9,37.4,42.0,42.0,42.0,42.0,42.0,42.0,34.0,34.0,34.0,34.0,34.0,34.0,34.0,34.0,36.0,72,74,74,77,74,72,73,71,71,71,71,71,71,71,71,28,26,26,23,26,28,27,29,29,29,29,29,29,29,29,82,77,No,No,No,No,No,No,No,No,No,No,No,No,No,No,No,No,No,No,No,No,No,No,No,No,No,No,No,No,No,No,Yes,Yes,Yes,Yes,Yes,Yes,Yes,Yes,Yes,Yes,Yes,Yes,Yes,Yes,Yes,No,No,Yes,82,80,70,1.100,58.220,46.216,38.543,0.011,5.915,0.851,175.0,90.0,175.0,120.0,0,0.0,43.0,50.9,43.6,61.3,30.3,60.4,50.7,60.4,52.2,43.8,34.4,44.4,39.0,37.2,34.4,38.2,34.3,37.6,34.9,36.5,36.0,24.1,27.7,26.8,10.2,9.3,37.8,33.3,22.0,24.4,36.1,20.9,27.8,18.3,30.2,12.8,19.4,0.0,0.0,0.0,0.0,0.3,0.0,34.5,35.2,20.8,38.7,28.8,40.5,27.8,44.8,0.0,0.0,0.0,0.0,0.0,0.0,0.2,2394.1,24.00,36,35,35,68,103,383,2,2,Yes,No,No,No,No,No,No,No,Yes,No,No,No,No,No,No,No,No,No,No,No,No,No,No,No,No,No,No,No,No,No,No,No,No,No,No,No,No,No,89.0,4620,4560,4680,72.0,1.095,1.110,1.815,1.800,0.990,5.110,1.875,No,No,No,72.0,1.095,1.110,1.815,1.800,1.005,5.110,2.000,No,No,No,44,44,94.0,100.0,No,No,32094,47869,40,70,100.0,100.0,No,No,1763,3069,2.3,0.9,3.2,0.784,0.465,6571,2076,2.7,0.0,2.7,23.235,0.000,9940,53,77.7,76.0,86.0,83.0,0.875,20.521,20.512,20.529,66.412,27.815,48.007,15.897,64.174,3.000,18.868,10.397,34.365,100.000,140.000,2250.0,2150.2,1890.0,2227.8,1905.0,63.0,28.0,0.0,9.0,67.6,14.5,57.8,0.0,0.0,0.0,Yes,No,No,No,No,Yes,No,0,0,0,0,0,0,0,0,0,0,0,0,0,0,0,0,0,0,0,0,0,0,0,0,0,0,0,0,0,0,2655,5533,5285,296,16.0,69,0.297,44.043,600.0,2394.0,0.2,0.0,0.0,0.0,0.0,0.0,0.0,0.0,0.2,38,16154,38,No,No,No,No,No,No,No,No,16.810,68.277,100.0,0.000,24.1,120,0,0,8.4,119.7,179.2,88.9,85.7,86.9,85.4,119.8,221.3,87.9,76.4,81.0,75.2,8.35,11.17,5.49,5.39,11.48,11.74,5.71,2.64,7.99,0.36,1.25,29,5,7.4,10.6,0,0,0.0,0.0,0,
7.6.2026,23:29:6.718,25862,22906,53.0,20464,11920,63.1,6.4,16384,1049,1.117,1.156,1.146,1.146,1.141,1.126,1.146,1.106,1.101,1.103,1.093,1.073,1.083,1.108,1.108,1.018,0.778,3591.2,4289.5,4289.5,4289.5,4289.5,4289.5,4289.5,3391.7,3391.7,3391.7,3391.7,798.0,3391.7,3391.7,3391.7,99.8,3691.0,1514.0,2028.3,1805.1,2353.1,1219.8,2714.1,1864.1,2503.6,1886.2,1636.4,1422.7,1625.1,1511.2,929.3,979.5,1028.9,924.8,982.7,936.9,967.8,960.7,1652.0,39.7,49.9,44.3,57.6,29.2,65.8,44.9,60.6,45.5,40.1,34.8,39.8,37.0,30.0,31.4,32.8,29.2,30.6,28.8,29.8,30.9,65.8,39.7,100.0,65.4,79.3,70.7,91.8,47.5,105.8,72.3,97.6,73.4,63.7,55.3,63.3,58.8,51.8,54.2,57.0,51.4,54.4,52.2,53.6,53.4,65.4,36.0,43.0,43.0,43.0,43.0,43.0,43.0,34.0,34.0,34.0,34.0,8.0,34.0,34.0,34.0,37.0,72,76,75,77,74,71,71,71,71,71,71,71,71,71,71,28,24,25,23,26,29,29,29,29,29,29,29,29,29,29,82,77,No,No,No,No,No,No,No,No,No,No,No,No,No,No,No,No,No,No,No,No,No,No,No,No,No,No,No,No,No,No,Yes,Yes,Yes,Yes,Yes,Yes,Yes,Yes,Yes,Yes,Yes,Yes,Yes,Yes,Yes,No,No,Yes,82,76,70,1.100,32.063,44.334,36.783,0.005,5.879,0.843,175.0,90.0,175.0,120.0,0,0.0,39.9,50.1,44.2,57.6,29.6,65.9,45.1,60.7,45.7,40.4,35.1,40.1,37.3,30.2,31.8,33.2,29.6,31.0,29.3,30.3,31.3,33.6,27.1,28.3,10.1,11.8,39.0,37.6,40.0,47.4,46.7,33.6,47.1,35.6,41.9,24.0,14.2,0.0,0.0,0.0,0.0,0.0,0.0,25.0,16.7,16.0,31.5,17.9,29.9,23.4,39.0,0.1,0.0,0.0,0.0,0.0,0.3,0.2,2394.1,24.00,36,35,35,68,103,383,2,2,Yes,No,No,No,No,No,No,No,Yes,No,No,No,No,Yes,No,No,No,No,No,No,No,Yes,No,No,No,No,No,No,No,No,No,No,No,No,No,No,No,No,90.0,4680,4620,4740,72.2,1.095,1.110,1.815,1.800,0.990,5.110,1.625,No,No,No,72.2,1.095,1.110,1.815,1.800,0.990,5.110,2.250,No,No,No,44,44,94.0,100.0,No,No,32094,47869,40,70,100.0,100.0,No,No,1763,3069,0.2,1.8,2.0,0.063,0.055,6571,2076,2.3,0.0,2.3,19.111,0.000,9976,53,77.5,76.0,85.4,83.0,0.875,20.518,20.509,20.528,67.884,35.862,48.394,15.792,64.457,3.000,18.757,66.970,33.663,100.000,140.000,2250.0,2150.2,1890.0,2227.0,1905.0,63.0,28.0,0.0,8.0,66.6,14.7,58.8,0.0,0.0,0.0,Yes,No,No,No,No,Yes,No,0,0,0,0,0,0,0,0,0,0,0,0,0,0,0,0,0,0,0,0,0,0,0,0,0,0,0,0,0,0,2735,5453,5221,296,16.0,69,0.297,45.273,600.0,2394.0,0.1,0.0,0.0,0.0,0.0,0.0,0.0,0.0,0.2,38,16154,38,No,No,No,No,No,No,No,No,16.810,68.277,100.0,0.000,24.1,120,0,0,7.0,119.8,198.3,80.0,76.9,77.9,76.6,119.8,223.4,76.9,75.2,75.5,75.1,8.35,12.49,4.89,4.75,12.89,13.17,5.71,2.64,7.99,0.36,1.33,29,5,3.8,8.8,0,0,0.0,0.0,0,
7.6.2026,23:29:8.714,25931,22837,53.1,20499,11885,63.2,6.4,16384,1049,1.111,1.146,1.122,1.122,1.134,1.136,1.116,1.121,1.095,1.095,1.095,1.095,1.090,1.100,1.090,0.976,0.778,3634.0,4090.0,4090.0,4090.0,4090.0,4090.0,4090.0,3291.9,3291.9,3291.9,3291.9,3291.9,3291.9,3291.9,3291.9,99.8,3491.5,1598.9,1827.3,2029.2,2485.4,1275.3,2355.0,2186.5,2121.3,2385.7,1559.9,1665.4,1496.7,1794.4,1053.5,1081.9,1162.0,1094.3,1075.5,1074.3,1106.6,1147.2,1723.4,42.9,45.6,50.9,61.9,31.6,58.4,54.2,52.4,59.2,39.2,41.8,37.5,45.0,33.5,34.4,36.8,34.6,33.9,34.0,35.1,37.7,61.9,42.9,100.0,69.5,71.5,79.5,96.8,49.7,91.9,84.9,82.6,92.9,60.8,64.9,58.3,69.9,58.6,60.0,64.0,60.4,59.4,59.6,61.4,63.6,69.5,36.4,41.0,41.0,41.0,41.0,41.0,41.0,33.0,33.0,33.0,33.0,33.0,33.0,33.0,33.0,35.0,71,74,73,75,72,71,71,71,71,71,71,70,70,70,70,29,26,27,25,28,29,29,29,29,29,29,30,30,30,30,82,75,No,No,No,No,No,No,No,No,No,No,No,No,No,No,No,No,No,No,No,No,No,No,No,No,No,No,No,No,No,No,Yes,Yes,Yes,Yes,Yes,Yes,Yes,Yes,Yes,Yes,Yes,Yes,Yes,Yes,Yes,No,No,Yes,82,80,70,1.100,30.375,44.631,37.069,0.005,5.857,0.832,175.0,90.0,175.0,120.0,0,0.0,42.8,45.5,50.5,61.8,31.6,58.1,54.0,52.3,59.1,39.1,41.7,37.4,45.0,33.3,34.3,36.7,34.5,33.9,34.0,35.1,37.6,36.6,25.8,24.0,10.0,10.3,35.8,34.5,52.7,46.7,56.2,47.6,46.5,44.1,44.3,33.9,8.4,0.1,0.0,0.0,0.0,0.0,0.0,10.5,15.1,4.1,14.2,15.7,17.7,16.4,23.7,0.1,0.1,0.0,0.0,0.0,0.3,0.0,2394.1,24.00,36,35,35,68,103,383,2,2,Yes,No,No,No,No,No,No,No,Yes,No,No,No,No,Yes,No,No,No,No,No,No,No,Yes,No,No,No,No,No,No,No,No,No,No,No,No,No,No,No,No,89.0,4680,4560,4740,72.2,1.095,1.110,1.815,1.800,0.990,5.110,1.500,No,No,No,72.2,1.110,1.110,1.815,1.800,0.990,5.110,1.625,No,No,No,44,44,94.0,100.0,No,No,32094,47869,40,70,100.0,100.0,No,No,1763,3069,0.3,0.7,0.9,0.095,0.074,6572,2076,4.2,0.0,4.2,29.238,0.000,10033,53,77.4,76.0,85.2,83.0,0.875,20.511,20.502,20.520,67.365,27.757,48.699,16.094,65.048,3.000,19.058,10.258,32.139,100.000,140.000,2250.0,2150.2,1890.0,2226.7,1905.0,62.0,26.0,0.0,10.0,66.6,14.6,58.6,0.0,0.0,0.0,Yes,No,No,No,No,Yes,No,0,0,0,0,0,0,0,0,0,0,0,0,0,0,0,0,0,0,0,0,0,0,0,0,0,0,0,0,0,0,2737,5451,5219,296,16.0,70,0.297,45.379,600.0,2394.0,0.1,0.0,0.0,0.0,0.0,0.0,0.0,0.0,0.2,38,16154,38,No,No,No,No,No,No,No,No,16.811,68.277,100.0,0.000,24.1,118,0,0,8.9,117.7,155.8,82.2,71.4,75.6,70.3,117.6,173.5,80.2,71.1,74.8,70.1,8.50,12.12,6.41,5.95,13.20,14.23,5.83,2.67,8.13,0.37,1.20,29,5,7.5,9.0,0,0,0.0,0.0,0,
7.6.2026,23:29:10.712,25964,22803,53.2,20268,12116,62.5,7.6,16384,1239,1.094,1.113,1.073,1.068,1.053,1.103,1.098,1.107,1.107,1.107,1.107,1.107,1.088,1.088,1.091,0.956,0.778,3435.3,3991.2,3991.2,3991.2,3991.2,3991.2,3991.2,3292.7,3292.7,3292.7,3292.7,3292.7,3292.7,3292.7,1097.6,99.8,3392.5,1523.8,1602.3,1716.2,1923.2,1607.5,1933.0,2247.2,1567.8,2732.4,1634.0,1466.9,1718.4,1518.1,1115.5,1147.8,1187.0,1179.0,1068.7,1050.5,1034.2,1027.3,1643.5,41.9,49.0,43.2,48.3,39.3,51.7,56.0,39.2,67.0,40.3,37.1,42.5,38.2,35.8,36.2,37.8,40.5,34.1,33.6,33.1,34.1,67.0,41.9,100.0,68.0,77.6,67.3,74.9,62.7,83.2,87.6,61.1,106.3,63.7,57.0,67.0,59.1,62.0,63.4,65.6,70.8,58.8,57.9,57.0,56.6,68.0,34.4,40.0,40.0,40.0,40.0,40.0,40.0,33.0,33.0,33.0,33.0,33.0,33.0,33.0,11.0,34.0,71,73,73,76,71,70,70,70,70,70,70,71,71,71,71,29,27,27,24,29,30,30,30,30,30,30,29,29,29,29,82,76,No,No,No,No,No,No,No,No,No,No,No,No,No,No,No,No,No,No,No,No,No,No,No,No,No,No,No,No,No,No,Yes,Yes,Yes,Yes,Yes,Yes,Yes,Yes,Yes,Yes,Yes,Yes,Yes,Yes,Yes,No,No,Yes,82,77,70,1.100,31.219,45.235,37.582,0.005,5.905,0.861,175.0,90.0,175.0,120.0,0,0.0,40.9,39.9,42.8,48.2,39.2,47.3,55.8,38.9,66.9,40.2,37.0,42.3,38.1,35.4,36.0,37.6,37.0,34.0,33.5,33.0,34.1,36.3,23.6,25.7,11.5,10.9,32.1,29.5,45.1,48.6,53.1,50.0,48.9,46.6,46.1,36.4,8.6,1.7,0.5,0.0,2.1,0.0,0.3,15.7,12.1,6.5,6.7,14.0,16.6,18.0,25.7,1.5,1.0,0.5,0.0,0.0,3.8,3.9,2394.7,24.00,36,35,35,68,103,383,2,2,Yes,No,No,No,No,No,No,No,Yes,No,Yes,No,No,Yes,No,No,No,No,No,No,No,Yes,No,No,No,No,No,Yes,No,No,No,No,No,No,No,Yes,No,No,90.0,4740,4560,4740,72.2,1.110,1.110,1.815,1.800,0.990,5.110,2.375,No,No,No,72.2,1.110,1.110,1.815,1.800,0.990,5.110,2.125,No,No,No,44,44,94.0,100.0,No,No,32094,47869,39,70,100.0,100.0,No,No,1763,3069,3.2,8.2,11.5,0.385,99.136,6572,2266,1.7,0.1,1.8,13.771,0.013,10059,53,76.7,76.0,84.3,83.0,0.875,20.515,20.507,20.524,62.256,29.662,47.076,15.606,62.926,3.000,18.578,26.349,34.098,100.000,140.000,2250.0,2150.2,1890.0,2228.6,1905.0,63.0,27.0,0.0,9.0,67.4,14.0,55.8,0.0,0.0,0.0,Yes,No,No,No,No,Yes,No,0,0,0,0,0,0,0,0,0,0,0,0,0,0,0,0,0,0,0,0,0,0,0,0,0,0,0,0,0,0,2673,5515,5283,296,16.0,69,0.297,45.077,600.0,2394.0,0.6,0.0,0.0,0.0,0.0,0.0,0.0,0.0,0.2,38,16154,38,No,No,No,No,No,No,No,No,16.811,68.277,100.0,0.000,24.1,119,0,0,7.7,118.3,172.0,83.5,72.4,76.3,71.3,118.3,211.2,76.5,75.2,75.6,75.0,8.45,11.99,5.79,5.18,13.11,14.02,5.86,2.59,8.08,0.37,1.41,29,5,5.0,9.0,0,0,0.0,0.0,0,
7.6.2026,23:29:12.711,26225,22543,53.7,20527,11857,63.3,7.6,16384,1238,1.065,1.031,1.053,1.053,1.073,1.041,1.050,1.080,1.080,1.080,1.070,1.085,1.035,1.085,1.095,0.936,0.778,2771.8,3890.5,3890.5,3890.5,3890.5,3890.5,798.0,1097.3,3291.9,3291.9,3291.9,3291.9,1596.1,1596.1,1097.3,99.8,3291.9,1761.5,2144.3,1833.8,2108.2,1832.5,2607.2,2198.5,2213.3,2361.1,2011.9,1422.9,2006.5,1695.7,1348.4,1372.1,1378.0,1377.2,1344.6,1308.7,1309.1,1354.9,1869.5,49.1,55.3,47.5,54.5,46.9,67.1,56.4,56.9,60.3,51.8,39.3,51.7,43.7,44.2,44.3,44.8,44.7,44.0,42.3,42.4,45.1,67.1,49.1,100.0,77.5,83.8,71.8,82.1,71.4,101.6,85.6,86.2,92.0,78.3,59.0,78.2,66.1,74.4,75.7,75.9,75.6,73.9,72.2,72.2,74.6,77.5,27.8,39.0,39.0,39.0,39.0,39.0,8.0,11.0,33.0,33.0,33.0,33.0,16.0,16.0,11.0,33.0,72,77,73,75,72,71,71,72,71,71,71,71,71,71,71,28,23,27,25,28,29,29,28,29,29,29,29,29,29,29,82,77,No,No,No,No,No,No,No,No,No,No,No,No,No,No,No,No,No,No,No,No,No,No,No,No,No,No,No,No,No,No,Yes,Yes,Yes,Yes,Yes,Yes,Yes,Yes,Yes,Yes,Yes,Yes,Yes,Yes,Yes,No,No,Yes,82,77,69,1.100,34.594,45.257,37.619,0.048,5.878,0.847,175.0,90.0,175.0,120.0,0,0.0,49.0,55.2,47.3,54.4,46.9,66.6,56.4,56.7,60.3,51.8,36.9,51.6,43.8,43.9,44.2,44.8,44.7,43.9,42.2,42.4,45.1,34.0,22.0,19.6,8.1,9.4,27.3,25.8,47.9,47.7,47.9,48.3,48.4,44.7,42.1,37.4,4.2,0.1,0.0,0.0,0.0,0.1,0.3,5.0,4.8,4.2,3.9,4.6,9.8,12.0,14.0,0.0,0.0,0.0,0.0,0.0,0.2,0.0,2394.1,24.00,36,35,35,68,103,383,2,2,Yes,No,No,No,No,No,No,No,Yes,No,No,No,No,Yes,No,No,No,No,No,No,No,Yes,No,No,No,No,No,No,No,No,No,No,No,No,No,No,No,No,89.0,4680,4500,4680,72.5,1.110,1.110,1.815,1.800,0.990,5.110,2.000,No,No,No,72.5,1.110,1.110,1.800,1.800,0.990,5.110,2.125,No,No,No,44,44,94.0,100.0,No,No,32094,47869,40,70,100.0,100.0,No,No,1763,3069,0.4,1.1,1.5,0.210,0.180,6573,2267,3.6,0.0,3.6,23.057,0.000,10103,53,76.7,76.0,84.1,83.0,0.875,20.519,20.510,20.528,66.782,28.415,48.288,15.916,64.478,3.000,18.886,10.415,37.924,100.000,140.000,2250.0,2150.2,1890.0,2226.6,1905.0,66.0,27.0,0.0,11.0,67.0,15.2,60.7,0.0,0.0,0.0,Yes,No,No,No,No,Yes,No,0,0,0,0,0,0,0,0,0,0,0,0,0,0,0,0,0,0,0,0,0,0,0,0,0,0,0,0,0,0,2700,5488,5256,296,16.0,69,0.297,43.729,600.0,2394.0,0.2,0.0,0.0,0.0,0.0,0.0,0.0,0.0,0.2,38,16154,38,No,No,No,No,No,No,No,No,16.811,68.277,100.0,0.000,24.1,117,0,0,11.0,117.3,180.7,73.1,28.4,38.6,26.4,117.6,1337.1,72.6,27.9,38.1,25.8,8.52,13.69,5.24,5.14,25.86,37.88,6.03,2.49,8.13,0.40,2.56,29,5,3.1,8.8,0,0,0.0,0.0,0,
7.6.2026,23:29:14.723,26333,22435,53.9,20556,11828,63.4,7.6,16384,1238,1.048,1.035,1.054,1.079,1.031,1.066,1.048,1.047,1.047,1.047,1.047,1.045,1.030,1.045,1.045,0.936,0.778,3491.5,3890.5,3890.5,3890.5,3890.5,3890.5,3890.5,3192.2,3192.2,3192.2,3192.2,3192.2,3192.2,3192.2,3192.2,99.8,3291.9,1841.6,2299.9,1891.2,2165.4,1880.3,2630.1,2197.9,2398.8,2300.7,2074.6,1504.0,2078.0,1835.0,1418.2,1469.9,1418.7,1457.2,1458.5,1447.9,1435.5,1469.4,1938.8,52.4,60.3,50.0,56.9,48.9,68.9,57.3,62.7,59.9,54.4,39.6,54.3,48.1,48.6,49.3,46.5,48.5,48.5,47.7,47.4,49.9,68.9,52.4,100.0,81.6,90.2,74.6,84.6,73.4,102.8,85.9,94.1,90.2,81.2,58.8,81.2,71.7,79.2,81.6,78.9,80.6,81.0,80.6,79.6,81.7,81.6,35.0,39.0,39.0,39.0,39.0,39.0,39.0,32.0,32.0,32.0,32.0,32.0,32.0,32.0,32.0,33.0,72,74,73,75,72,71,71,72,72,72,72,71,71,71,71,28,26,27,25,28,29,29,28,28,28,28,29,29,29,29,81,75,No,No,No,No,No,No,No,No,No,No,No,No,No,No,No,No,No,No,No,No,No,No,No,No,No,No,No,No,No,No,Yes,Yes,Yes,Yes,Yes,Yes,Yes,Yes,Yes,Yes,Yes,Yes,Yes,Yes,Yes,No,No,Yes,82,77,69,1.100,37.969,43.735,35.967,0.012,5.956,0.893,175.0,90.0,175.0,120.0,0,0.0,51.9,59.8,49.4,56.6,48.7,68.1,57.0,62.3,59.6,54.1,39.5,54.1,48.0,47.6,48.7,46.1,48.0,47.8,47.3,47.0,49.0,31.5,19.2,17.6,7.5,7.6,27.1,22.7,41.6,43.9,44.0,46.0,44.5,38.8,42.9,37.7,3.4,0.2,0.0,0.0,0.1,0.2,0.0,6.4,3.5,5.7,2.4,3.8,9.5,6.3,9.0,0.0,0.0,0.0,0.0,0.0,0.0,0.0,2394.1,24.00,36,35,35,68,103,383,2,2,Yes,No,No,No,No,No,No,No,Yes,No,No,No,No,Yes,No,No,No,No,No,No,No,Yes,No,No,No,No,No,No,No,No,No,No,No,No,No,No,No,No,90.0,4680,4500,4680,72.5,1.110,1.110,1.815,1.815,0.990,5.110,2.125,No,No,No,72.5,1.110,1.110,1.815,1.815,0.990,5.110,2.125,No,No,No,44,44,94.0,100.0,No,No,32094,47869,40,70,100.0,100.0,No,No,1763,3069,0.2,2.5,2.7,0.032,0.160,6573,2267,3.4,0.0,3.4,31.453,0.000,10164,53,77.6,76.0,86.0,83.0,0.875,20.519,20.510,20.528,62.855,28.259,49.286,16.326,65.876,3.000,19.285,10.381,33.661,100.000,140.000,2250.0,2150.2,1890.0,2228.5,1905.0,67.0,29.0,0.0,11.0,68.1,14.5,58.1,0.0,0.0,0.0,Yes,No,No,No,No,Yes,No,0,0,0,0,0,0,0,0,0,0,0,0,0,0,0,0,0,0,0,0,0,0,0,0,0,0,0,0,0,0,2616,5572,5340,296,16.0,69,0.297,46.720,600.0,2394.0,0.1,0.0,0.0,0.0,0.0,0.0,0.0,0.0,0.2,38,16154,38,No,No,No,No,No,No,No,No,16.812,68.277,100.0,0.000,24.1,118,0,0,7.2,117.5,169.6,82.5,73.7,77.1,72.7,117.5,222.0,79.0,74.2,76.2,73.7,8.51,12.11,5.71,5.52,13.07,13.97,6.12,2.40,8.10,0.42,1.82,29,5,4.1,7.6,0,0,0.0,0.0,0,
7.6.2026,23:29:16.717,26265,22502,53.8,20577,11807,63.5,7.6,16384,1238,1.073,1.050,1.065,1.085,1.074,1.069,1.069,1.096,1.101,1.101,1.101,1.067,1.050,1.050,1.050,0.936,0.778,3491.5,3890.5,3890.5,3890.5,3890.5,3890.5,3890.5,3192.2,3192.2,3192.2,3192.2,3192.2,3192.2,3192.2,3192.2,99.8,3291.9,1858.6,2326.1,1966.6,2710.8,1426.0,2685.9,2036.8,2530.1,2236.8,2212.8,1591.3,2077.8,1802.9,1418.9,1410.3,1471.0,1405.3,1574.2,1438.5,1420.2,1429.2,1956.8,51.6,60.5,51.2,70.6,36.8,70.0,52.6,65.6,57.8,57.7,41.2,54.1,46.7,45.3,44.9,47.0,44.5,49.8,45.7,44.9,45.7,70.6,51.6,100.0,81.7,90.9,77.2,105.4,55.5,104.7,79.3,98.9,86.8,86.4,61.9,81.3,70.1,78.7,77.6,80.9,77.1,86.9,79.1,77.8,78.4,81.7,35.0,39.0,39.0,39.0,39.0,39.0,39.0,32.0,32.0,32.0,32.0,32.0,32.0,32.0,32.0,33.0,71,73,73,75,71,71,71,70,70,70,70,71,71,71,71,29,27,27,25,29,29,29,30,30,30,30,29,29,29,29,81,75,No,No,No,No,No,No,No,No,No,No,No,No,No,No,No,No,No,No,No,No,No,No,No,No,No,No,No,No,No,No,Yes,Yes,Yes,Yes,Yes,Yes,Yes,Yes,Yes,Yes,Yes,Yes,Yes,Yes,Yes,No,No,Yes,82,75,70,1.100,20.250,45.803,37.977,0.005,6.002,0.920,175.0,90.0,175.0,120.0,0,0.0,51.9,60.7,51.2,70.7,37.1,69.8,52.9,65.7,58.1,57.9,41.5,54.4,47.0,45.4,45.1,47.3,44.8,50.2,46.0,45.2,46.0,34.8,18.7,17.3,8.3,7.6,24.9,23.7,49.8,49.9,48.6,51.0,46.4,49.4,49.9,42.1,1.3,0.0,0.0,0.0,0.0,0.0,0.0,1.5,1.9,1.1,1.4,0.3,1.7,2.1,8.4,0.0,0.0,0.0,0.0,0.0,0.0,0.0,2394.1,24.00,36,35,35,68,103,383,2,2,Yes,No,No,No,No,No,No,No,Yes,No,No,No,No,Yes,No,No,No,No,No,No,No,Yes,No,No,No,No,No,No,No,No,No,No,No,No,No,No,No,No,89.0,4680,4500,4680,72.8,1.110,1.110,1.815,1.815,1.005,5.110,2.375,No,No,No,72.8,1.110,1.110,1.815,1.815,1.005,5.110,2.125,No,No,No,44,44,94.0,100.0,No,No,32094,47869,40,70,100.0,100.0,No,No,1763,3069,2.5,0.9,3.4,1.599,0.035,6576,2267,2.1,0.0,2.2,17.588,0.010,10197,53,75.5,76.0,82.3,83.0,0.875,20.509,20.500,20.518,65.679,37.640,48.042,16.154,64.447,3.000,19.104,73.446,39.290,100.000,140.000,2250.0,2150.2,1890.0,2227.4,1905.0,67.0,29.0,0.0,11.0,67.2,15.1,60.2,0.0,0.0,0.0,Yes,No,No,No,No,Yes,No,0,0,0,0,0,0,0,0,0,0,0,0,0,0,0,0,0,0,0,0,0,0,0,0,0,0,0,0,0,0,2688,5500,5268,296,16.0,69,0.297,44.443,600.0,2394.0,0.1,0.0,0.0,0.0,0.0,0.0,0.0,0.0,0.2,38,16154,38,No,No,No,No,No,No,No,No,16.811,68.277,100.0,0.000,24.1,111,0,0,11.2,110.7,157.3,63.7,62.9,63.2,62.9,110.7,214.1,53.2,53.0,53.1,53.0,9.04,15.90,6.22,5.93,15.96,15.97,6.19,2.85,8.63,0.41,2.34,29,5,5.0,10.0,0,0,0.0,0.0,0,
7.6.2026,23:29:18.713,26283,22485,53.8,20592,11792,63.5,7.6,16384,1238,1.077,1.078,1.062,1.072,1.072,1.038,1.099,1.084,1.094,1.091,1.091,1.055,1.065,1.065,1.109,0.956,0.778,3591.2,3990.2,3990.2,3990.2,3990.2,3990.2,3990.2,3291.9,3291.9,3291.9,3291.9,3291.9,3291.9,3291.9,3291.9,99.8,3391.7,1805.6,2186.3,1992.6,2683.9,1338.7,2556.6,2085.1,2461.1,2210.0,2166.0,1558.3,1910.2,1860.0,1386.5,1345.1,1423.2,1381.8,1478.2,1345.1,1334.4,1408.2,1909.1,50.6,57.0,52.1,69.8,34.7,66.6,53.9,63.7,57.3,56.3,40.5,49.4,48.5,46.0,44.2,46.4,44.8,48.1,43.9,43.2,46.5,69.8,50.6,100.0,79.3,85.5,78.3,104.4,52.2,99.6,81.3,96.0,86.1,84.4,60.6,74.1,72.6,76.8,74.1,78.5,75.8,81.3,73.8,73.2,77.1,79.3,36.0,40.0,40.0,40.0,40.0,40.0,40.0,33.0,33.0,33.0,33.0,33.0,33.0,33.0,33.0,34.0,73,75,75,77,72,74,77,71,71,71,71,71,71,71,71,27,25,25,23,28,26,23,29,29,29,29,29,29,29,29,82,77,No,No,No,No,No,No,No,No,No,No,No,No,No,No,No,No,No,No,No,No,No,No,No,No,No,No,No,No,No,No,Yes,Yes,Yes,Yes,Yes,Yes,Yes,Yes,Yes,Yes,Yes,Yes,Yes,Yes,Yes,No,No,Yes,82,75,70,1.100,36.282,45.930,38.098,0.010,6.007,0.918,175.0,90.0,175.0,120.0,0,0.0,50.6,56.9,51.7,69.7,34.7,66.1,54.0,63.6,57.2,56.4,40.5,49.7,48.4,45.7,44.1,46.4,44.8,48.1,43.8,43.2,46.6,36.0,20.0,18.3,8.6,8.0,25.6,24.5,50.7,51.3,50.4,51.0,48.2,52.1,52.3,43.5,1.0,0.0,0.0,0.0,0.0,0.0,0.2,0.4,1.6,0.2,1.3,0.8,1.4,1.8,6.6,0.0,0.0,0.0,0.0,0.0,0.0,0.2,2394.1,24.00,36,35,35,68,103,383,2,2,Yes,No,No,No,No,No,No,No,Yes,No,No,No,No,Yes,No,No,No,No,No,No,No,Yes,No,No,No,No,No,No,No,No,No,No,No,No,No,No,No,No,90.0,4740,4560,4740,72.8,1.110,1.110,1.815,1.815,1.005,5.110,2.000,No,No,No,72.8,1.110,1.110,1.815,1.815,1.005,5.110,2.125,No,No,No,44,44,94.0,100.0,No,No,32094,47869,40,70,100.0,100.0,No,No,1763,3069,1.8,1.3,3.1,0.569,0.154,6577,2267,4.0,0.0,4.0,31.497,0.006,10258,53,77.4,76.0,85.2,83.0,0.875,20.516,20.507,20.525,69.208,37.717,48.001,15.954,64.203,3.000,18.923,75.526,38.412,100.000,140.000,2250.0,2150.2,1890.0,2226.7,1905.0,62.0,26.0,0.0,11.0,67.6,15.5,62.2,0.0,0.0,0.0,Yes,No,No,No,No,Yes,No,0,0,0,0,0,0,0,0,0,0,0,0,0,0,0,0,0,0,0,0,0,0,0,0,0,0,0,0,0,0,2655,5533,5269,296,16.0,69,0.297,44.133,600.0,2394.0,0.2,0.0,0.0,0.0,0.0,0.0,0.0,0.0,0.2,38,16154,38,No,No,No,No,No,No,No,No,16.811,68.277,100.0,0.000,24.1,116,0,0,8.0,116.0,177.6,77.9,77.2,77.3,77.2,115.9,222.1,77.2,75.4,76.1,75.2,8.62,12.87,5.54,5.13,13.04,13.12,6.02,2.61,8.24,0.38,1.63,29,5,7.1,9.4,0,0,0.0,0.0,0,
7.6.2026,23:29:20.722,26285,22483,53.8,20573,11811,63.5,7.6,16384,1238,1.102,1.064,1.099,1.105,1.105,1.075,1.085,1.113,1.113,1.113,1.113,1.113,1.113,1.108,1.108,0.956,0.778,3591.2,3990.2,3990.2,3990.2,3990.2,3990.2,3990.2,3291.9,3291.9,3291.9,3291.9,3291.9,3291.9,3291.9,3291.9,99.8,3391.7,1694.0,2342.6,1821.4,2623.8,1239.0,2664.0,2010.4,2524.6,1889.1,2132.3,1429.5,1803.0,1620.0,1184.8,1190.1,1231.5,1250.7,1294.9,1161.6,1210.6,1256.3,1809.8,46.4,59.9,46.8,67.1,31.6,68.1,51.1,64.2,48.0,54.6,36.6,46.6,41.6,38.2,37.8,39.1,39.8,41.0,36.6,38.3,41.3,68.1,46.4,100.0,74.0,91.3,71.8,102.1,48.3,103.9,78.7,98.5,73.8,83.1,55.8,70.9,63.2,65.6,65.6,68.0,68.8,71.3,64.2,66.7,69.4,74.0,36.0,40.0,40.0,40.0,40.0,40.0,40.0,33.0,33.0,33.0,33.0,33.0,33.0,33.0,33.0,34.0,72,74,73,75,74,72,71,70,70,70,70,71,71,71,71,28,26,27,25,26,28,29,30,30,30,30,29,29,29,29,82,75,No,No,No,No,No,No,No,No,No,No,No,No,No,No,No,No,No,No,No,No,No,No,No,No,No,No,No,No,No,No,Yes,Yes,Yes,Yes,Yes,Yes,Yes,Yes,Yes,Yes,Yes,Yes,Yes,Yes,Yes,No,No,Yes,82,77,69,1.100,32.907,43.421,35.640,0.005,5.970,0.905,175.0,90.0,175.0,120.0,0,0.0,46.1,59.7,46.3,66.8,31.4,67.5,51.0,64.0,47.9,54.5,36.4,46.1,41.5,37.7,37.5,38.9,39.4,40.8,36.3,38.0,40.9,40.1,20.6,21.6,8.4,10.9,28.6,31.7,57.8,57.8,58.3,56.7,55.4,52.3,56.5,45.2,2.0,0.0,0.0,0.0,0.0,0.0,0.1,1.6,2.0,0.2,1.3,1.0,8.2,2.7,10.4,0.0,0.0,0.0,0.0,0.0,0.0,0.0,2394.1,24.00,36,35,35,68,103,383,2,2,Yes,No,No,No,No,No,No,No,Yes,No,No,No,No,Yes,No,No,No,No,No,No,No,Yes,No,No,No,No,No,No,No,No,No,No,No,No,No,No,No,No,89.0,4680,4620,4740,73.0,1.095,1.110,1.815,1.815,1.005,5.110,2.625,No,No,No,73.0,1.110,1.110,1.815,1.815,1.005,5.110,2.250,No,No,No,44,44,94.0,100.0,No,No,32094,47869,39,70,100.0,100.0,No,No,1763,3069,0.1,0.9,1.1,0.016,0.054,6577,2267,2.0,0.0,2.0,16.849,0.000,10290,53,78.5,76.0,86.7,83.0,0.875,20.513,20.502,20.523,67.704,29.675,50.234,16.299,66.823,3.000,19.259,10.619,41.488,100.000,140.000,2250.0,2150.2,1890.0,2226.6,1905.0,70.0,30.0,0.0,11.0,67.6,15.4,61.7,0.0,0.0,0.0,Yes,No,No,No,No,Yes,No,0,0,0,0,0,0,0,0,0,0,0,0,0,0,0,0,0,0,0,0,0,0,0,0,0,0,0,0,0,0,2651,5537,5305,296,16.0,69,0.297,43.636,600.0,2394.0,0.1,0.0,0.0,0.0,0.0,0.0,0.0,0.0,0.2,38,16154,38,No,No,No,No,No,No,No,No,16.811,68.277,100.0,0.000,24.1,120,0,0,8.3,119.7,188.9,84.4,77.1,79.9,76.3,119.8,216.6,84.8,78.7,81.2,78.0,8.35,11.99,5.14,5.01,12.54,13.09,6.19,2.16,7.98,0.38,1.49,29,5,3.1,6.8,0,0,0.0,0.0,0,
7.6.2026,23:29:22.718,26287,22481,53.9,20582,11802,63.5,7.6,16384,1238,1.075,1.057,1.085,1.052,1.110,1.078,1.078,1.078,1.078,1.078,1.063,1.068,1.069,1.079,1.079,0.956,0.778,3591.2,3990.2,3990.2,3990.2,3990.2,3990.2,3990.2,3291.9,3291.9,3291.9,3291.9,3291.9,3291.9,3291.9,3291.9,99.8,3391.7,1701.1,2278.5,1862.5,2544.6,1310.5,2500.8,2136.1,2313.0,2227.1,2042.3,1530.8,1734.0,1694.6,1230.8,1206.4,1232.6,1262.9,1291.8,1186.2,1207.3,1230.2,1819.2,45.8,57.6,47.1,64.4,32.6,63.2,53.6,58.2,55.9,51.6,38.4,43.8,42.7,38.8,37.4,38.3,39.4,40.1,36.7,37.4,39.1,64.4,45.8,100.0,74.2,89.0,73.0,99.0,51.0,97.4,83.3,90.2,86.9,79.6,59.6,67.4,66.0,68.1,66.4,67.8,69.4,71.0,65.4,66.5,67.7,74.2,36.0,40.0,40.0,40.0,40.0,40.0,40.0,33.0,33.0,33.0,33.0,33.0,33.0,33.0,33.0,34.0,73,75,74,75,75,72,73,72,72,72,72,71,71,71,71,27,25,26,25,25,28,27,28,28,28,28,29,29,29,29,82,75,No,No,No,No,No,No,No,No,No,No,No,No,No,No,No,No,No,No,No,No,No,No,No,No,No,No,No,No,No,No,Yes,Yes,Yes,Yes,Yes,Yes,Yes,Yes,Yes,Yes,Yes,Yes,Yes,Yes,Yes,No,No,Yes,82,76,69,1.100,38.813,42.776,35.017,0.005,5.958,0.884,175.0,90.0,175.0,120.0,0,0.0,46.2,57.8,47.1,64.5,33.1,63.0,53.9,58.3,56.3,52.0,38.9,44.2,43.2,39.0,37.8,38.7,39.9,40.6,37.2,37.9,39.6,38.8,21.4,22.0,8.8,9.6,28.8,32.1,54.2,56.0,57.2,55.3,55.0,50.5,50.8,41.0,3.2,0.0,0.0,0.0,0.0,0.0,0.0,3.7,3.4,1.3,2.2,1.5,9.0,8.0,15.4,0.0,0.0,0.0,0.0,0.0,0.0,0.3,2394.1,24.00,36,35,35,68,103,383,2,2,Yes,No,No,No,No,No,No,No,Yes,No,No,No,No,Yes,No,No,No,No,No,No,No,Yes,No,No,No,No,No,No,No,No,No,No,No,No,No,No,No,No,89.0,4680,4620,4680,73.0,1.110,1.110,1.815,1.815,1.005,5.110,2.375,No,No,No,73.0,1.110,1.110,1.815,1.815,1.005,5.110,2.500,No,No,No,44,44,94.0,100.0,No,No,32094,47869,40,70,100.0,100.0,No,No,1763,3069,0.3,1.3,1.6,0.109,0.096,6577,2268,3.0,0.0,3.0,27.125,0.014,10342,53,78.0,76.0,86.2,83.0,0.875,20.499,20.490,20.509,70.112,27.862,49.073,15.798,65.137,3.000,18.762,10.514,32.754,100.000,140.000,2250.0,2150.2,1890.0,2225.8,1905.0,64.0,26.0,0.0,10.0,67.4,15.9,63.5,0.0,0.0,0.0,Yes,No,No,No,No,Yes,No,0,0,0,0,0,0,0,0,0,0,0,0,0,0,0,0,0,0,0,0,0,0,0,0,0,0,0,0,0,0,2671,5517,5286,296,16.0,70,0.297,42.272,600.0,2394.0,0.1,0.0,0.0,0.0,0.0,0.0,0.0,0.0,0.2,38,16154,38,No,No,No,No,No,No,No,No,16.811,68.277,100.0,0.000,24.1,115,0,0,7.9,115.3,187.0,75.2,70.6,72.5,70.1,115.2,226.9,73.0,54.8,61.5,53.2,8.68,13.23,5.27,5.08,13.83,14.43,6.30,2.37,8.29,0.39,2.49,29,5,3.2,7.7,0,0,0.0,0.0,0,
7.6.2026,23:29:24.711,26356,22411,54.0,20627,11757,63.6,7.6,16384,1238,1.166,1.151,1.150,1.150,1.155,1.170,1.155,1.190,1.160,1.195,1.181,1.181,1.181,1.146,1.166,1.018,0.778,3705.2,4289.5,4289.5,4289.5,4289.5,4289.5,4289.5,3491.5,1695.9,3491.5,3491.5,3491.5,3491.5,3491.5,3491.5,99.8,3691.0,1617.9,2034.8,1971.3,2477.8,1298.8,2050.3,2460.5,2095.3,2524.2,1617.5,1695.8,1572.0,1650.3,1090.4,1120.8,1146.6,1082.0,1181.2,1147.4,1070.7,1069.8,1743.0,43.7,51.3,49.8,62.3,32.5,51.4,61.4,52.3,63.0,41.1,42.8,39.8,41.6,35.1,35.7,36.6,34.5,37.8,36.5,33.7,35.3,63.0,43.7,100.0,70.3,79.6,77.3,96.5,50.7,80.2,95.7,81.7,98.4,63.0,66.0,61.1,64.3,60.3,61.8,63.0,59.6,64.9,63.1,59.1,59.0,70.3,37.1,43.0,43.0,43.0,43.0,43.0,43.0,35.0,17.0,35.0,35.0,35.0,35.0,35.0,35.0,37.0,71,73,74,75,74,71,70,70,70,70,70,70,70,70,70,29,27,26,25,26,29,30,30,30,30,30,30,30,30,30,82,75,No,No,No,No,No,No,No,No,No,No,No,No,No,No,No,No,No,No,No,No,No,No,No,No,No,No,No,No,No,No,Yes,Yes,Yes,Yes,Yes,Yes,Yes,Yes,Yes,Yes,Yes,Yes,Yes,Yes,Yes,No,No,Yes,82,75,69,1.100,28.688,42.565,34.806,0.005,5.960,0.886,175.0,90.0,175.0,120.0,0,0.0,43.6,51.2,49.3,62.2,32.4,51.1,61.3,52.2,62.9,40.9,42.7,39.8,41.6,34.8,35.6,36.4,34.4,37.7,36.4,33.6,35.3,37.5,24.0,23.4,10.6,9.7,33.7,36.1,52.6,50.4,57.3,46.1,53.3,54.3,44.0,29.0,7.2,0.0,0.0,0.0,0.0,0.1,0.0,9.2,10.6,3.5,15.8,5.9,6.4,18.4,31.0,0.1,0.0,0.0,0.0,0.0,0.3,0.0,2394.1,24.00,36,35,35,68,103,383,2,2,Yes,No,No,No,No,No,No,No,Yes,No,No,No,No,Yes,No,No,No,No,No,No,No,Yes,No,No,No,No,No,No,No,No,No,No,No,No,No,No,No,No,89.0,4680,4620,4740,73.2,1.110,1.110,1.815,1.815,1.005,5.110,2.125,No,No,No,73.2,1.110,1.110,1.800,1.815,1.005,5.110,2.625,No,No,No,44,44,94.0,100.0,No,No,32094,47869,40,70,100.0,100.0,No,No,1763,3069,1.6,1.0,2.6,0.135,0.036,6577,2268,2.9,0.0,2.9,27.322,0.000,10395,53,77.9,76.0,85.8,83.0,0.875,20.510,20.500,20.519,70.323,39.619,49.570,16.052,65.887,3.000,19.018,86.772,37.033,100.000,140.000,2250.0,2150.2,1890.0,2226.0,1905.0,67.0,29.0,0.0,11.0,67.5,16.0,63.9,0.0,0.0,0.0,Yes,No,No,No,No,Yes,No,0,0,0,0,0,0,0,0,0,0,0,0,0,0,0,0,0,0,0,0,0,0,0,0,0,0,0,0,0,0,2658,5530,5298,296,16.0,70,0.297,41.922,600.0,2394.0,0.1,0.0,0.0,0.0,0.0,0.0,0.0,0.0,0.2,38,16154,38,No,No,No,No,No,No,No,No,16.811,68.277,100.0,0.000,24.1,120,0,0,8.6,120.1,171.2,80.5,79.2,79.6,79.1,120.2,220.3,80.0,76.7,78.1,76.3,8.33,12.54,5.78,5.47,12.68,12.77,5.97,2.36,7.97,0.36,1.44,29,5,3.4,7.4,0,0,0.0,0.0,0,
7.6.2026,23:29:26.724,26341,22427,54.0,20644,11739,63.7,7.6,16384,1238,1.103,1.142,1.122,1.107,1.072,1.087,1.087,1.099,1.094,1.104,1.089,1.094,1.114,1.119,1.119,0.998,0.778,3242.1,4189.8,4189.8,4189.8,4189.8,4189.8,4189.8,1097.3,1097.3,3391.7,3391.7,1097.3,3391.7,3391.7,3391.7,99.8,3591.2,1531.8,2017.6,1839.5,2407.0,1319.3,2302.0,2250.8,2280.7,2147.3,1545.2,1559.8,1655.9,1487.4,972.3,1006.5,995.2,938.9,1061.7,1019.1,902.8,926.6,1670.3,40.4,49.8,45.4,59.2,32.2,56.5,54.8,55.7,52.4,38.3,38.6,41.0,36.8,30.8,32.0,31.7,29.4,33.5,32.1,28.2,30.1,59.2,40.4,100.0,66.2,78.9,72.1,93.7,51.4,89.8,87.7,88.8,83.7,60.1,60.8,64.3,58.0,54.0,55.8,55.0,52.1,58.7,56.4,50.2,51.6,66.1,32.5,42.0,42.0,42.0,42.0,42.0,42.0,11.0,11.0,34.0,34.0,11.0,34.0,34.0,34.0,36.0,72,74,74,77,74,72,73,71,71,71,71,71,71,71,71,28,26,26,23,26,28,27,29,29,29,29,29,29,29,29,82,77,No,No,No,No,No,No,No,No,No,No,No,No,No,No,No,No,No,No,No,No,No,No,No,No,No,No,No,No,No,No,Yes,Yes,Yes,Yes,Yes,Yes,Yes,Yes,Yes,Yes,Yes,Yes,Yes,Yes,Yes,No,No,Yes,82,76,70,1.100,31.219,42.634,35.003,0.005,5.904,0.859,175.0,90.0,175.0,120.0,0,0.0,40.4,49.8,45.0,59.2,32.2,56.2,54.8,55.6,52.4,38.4,38.6,41.0,36.8,30.7,32.0,31.7,29.5,33.6,32.1,28.3,30.2,31.3,27.4,25.5,11.3,11.8,38.4,37.8,42.2,40.8,46.5,35.2,41.9,38.8,25.2,16.0,16.1,0.0,0.0,0.0,0.0,0.0,0.0,22.4,22.6,17.5,30.3,20.1,24.0,40.9,47.8,0.1,0.0,0.0,0.0,0.0,0.2,0.1,2394.1,24.00,36,35,35,68,103,383,2,2,Yes,No,No,No,No,No,No,No,Yes,No,No,No,No,Yes,No,No,No,No,No,No,No,Yes,No,No,No,No,No,No,No,No,No,No,No,No,No,No,No,No,89.0,4680,4620,4740,73.2,1.110,1.110,1.815,1.815,1.005,5.110,1.500,No,No,No,73.2,1.110,1.110,1.815,1.815,1.005,5.110,1.375,No,No,No,44,44,94.0,100.0,No,No,32094,47869,40,70,100.0,100.0,No,No,1763,3069,1.0,1.2,2.2,0.198,0.102,6578,2268,2.4,0.1,2.5,20.341,0.002,10434,53,77.9,76.0,86.4,83.0,0.875,20.519,20.510,20.527,66.394,30.253,45.297,15.362,60.903,3.000,18.323,29.650,39.237,100.000,140.000,2250.0,2150.2,1890.0,2227.8,1905.0,62.0,26.0,0.0,9.0,67.8,14.6,58.5,0.0,0.0,0.0,Yes,No,No,No,No,Yes,No,0,0,0,0,0,0,0,0,0,0,0,0,0,0,0,0,0,0,0,0,0,0,0,0,0,0,0,0,0,0,2638,5550,5318,296,16.0,70,0.297,45.568,600.0,2394.0,0.1,0.0,0.0,0.0,0.0,0.0,0.0,0.0,0.2,38,16154,38,No,No,No,No,No,No,No,No,16.811,68.277,100.0,0.000,24.1,120,0,0,7.7,119.9,175.1,87.4,75.3,79.8,74.0,119.9,216.3,86.6,74.1,78.8,72.7,8.34,11.43,5.69,5.66,12.57,13.61,5.68,2.66,7.99,0.35,1.12,29,5,4.2,9.2,0,0,0.0,0.0,0,
7.6.2026,23:29:28.721,26249,22519,53.8,20581,11803,63.5,7.6,16384,1238,1.112,1.118,1.093,1.106,1.106,1.106,1.106,1.131,1.106,1.106,1.096,1.096,1.126,1.121,1.152,0.998,0.778,3733.7,4189.8,4189.8,4189.8,4189.8,4189.8,4189.8,3391.7,3391.7,3391.7,3391.7,3391.7,3391.7,3391.7,3391.7,99.8,3591.2,1491.6,1797.7,1785.1,2120.5,1444.2,2352.5,2228.8,2268.4,2061.5,1638.8,1320.2,1487.0,1589.9,952.8,987.7,991.1,909.5,1037.5,1018.9,909.0,931.6,1621.0,38.8,43.7,43.4,51.5,34.6,56.9,53.5,54.6,49.4,39.8,31.5,36.2,38.6,30.0,31.1,31.3,28.4,32.0,32.0,28.0,29.8,56.9,38.8,100.0,64.6,70.2,70.0,82.6,56.4,91.8,86.9,88.2,80.8,63.8,51.6,57.9,62.0,53.3,54.9,54.9,50.7,57.5,56.7,50.6,52.0,64.6,37.4,42.0,42.0,42.0,42.0,42.0,42.0,34.0,34.0,34.0,34.0,34.0,34.0,34.0,34.0,36.0,73,77,75,77,74,71,74,71,71,71,71,71,71,71,71,27,23,25,23,26,29,26,29,29,29,29,29,29,29,29,81,77,No,No,No,No,No,No,No,No,No,No,No,No,No,No,No,No,No,No,No,No,No,No,No,No,No,No,No,No,No,No,Yes,Yes,Yes,Yes,Yes,Yes,Yes,Yes,Yes,Yes,Yes,Yes,Yes,Yes,Yes,No,No,Yes,82,77,69,1.100,67.501,43.599,36.140,0.005,5.864,0.837,175.0,90.0,175.0,120.0,0,0.0,39.1,43.8,43.4,51.7,34.9,56.7,53.6,54.7,49.7,40.0,32.3,36.4,39.0,30.1,31.5,31.6,28.9,32.4,32.3,28.4,30.2,33.8,30.5,26.4,11.4,13.2,38.6,38.4,40.0,46.4,47.4,34.7,49.6,44.1,30.6,21.3,14.5,0.0,0.0,0.0,0.1,0.0,0.0,24.9,17.9,16.8,31.2,13.8,19.0,35.9,42.8,0.2,0.4,0.0,0.0,0.0,0.4,0.6,2394.1,24.00,36,35,35,68,103,383,2,2,Yes,No,No,No,No,No,No,No,Yes,No,No,No,No,Yes,No,No,No,No,No,No,No,Yes,No,No,No,No,No,No,No,No,No,No,No,No,No,No,No,No,89.0,4740,4680,4680,73.2,1.110,1.110,1.815,1.815,0.990,5.110,1.750,No,No,No,73.2,1.110,1.110,1.815,1.815,0.975,5.110,1.375,No,No,No,44,44,94.0,100.0,No,No,32094,47869,39,70,100.0,100.0,No,No,1763,3069,0.0,0.9,0.9,0.000,0.033,6578,2268,3.0,0.2,3.1,29.335,0.016,10490,53,78.3,76.0,87.2,83.0,0.875,20.518,20.510,20.527,66.884,28.709,48.574,15.813,64.640,3.000,18.787,10.522,39.630,100.000,140.000,2250.0,2150.2,1890.0,2227.7,1905.0,63.0,27.0,0.0,9.0,66.4,14.5,58.1,0.0,0.0,0.0,Yes,No,No,No,No,Yes,No,0,0,0,0,0,0,0,0,0,0,0,0,0,0,0,0,0,0,0,0,0,0,0,0,0,0,0,0,0,0,2750,5438,5206,296,16.0,69,0.297,41.971,600.0,2394.0,0.1,0.0,0.0,0.0,0.0,0.0,0.0,0.0,0.2,38,16154,38,No,No,No,No,No,No,No,No,16.811,68.277,100.0,0.000,24.1,116,0,0,8.3,115.5,189.8,47.7,40.2,42.6,39.6,115.5,221.8,46.6,37.1,40.5,36.2,8.66,20.99,5.12,4.88,23.48,25.24,5.75,2.91,8.31,0.35,1.64,29,5,4.0,10.5,0,0,0.0,0.0,0,
7.6.2026,23:29:30.713,26290,22478,53.9,20581,11803,63.5,7.6,16384,1238,1.090,1.114,1.082,1.108,1.099,1.099,1.099,1.099,1.099,1.099,1.079,1.084,1.064,1.064,1.079,0.976,0.778,3634.0,4090.0,4090.0,4090.0,4090.0,4090.0,4090.0,3291.9,3291.9,3291.9,3291.9,3291.9,3291.9,3291.9,3291.9,99.8,3491.5,1516.0,1759.8,1892.1,2393.2,1255.8,2107.6,2326.7,1821.5,2650.3,1480.1,1481.8,1463.2,1636.0,1017.4,1020.3,1027.8,963.4,1103.1,1053.1,931.8,935.6,1643.6,40.0,43.4,46.8,58.8,30.7,51.6,56.7,44.5,64.7,36.7,37.3,36.2,40.5,32.2,31.9,31.8,29.6,34.5,32.8,28.6,30.4,64.7,40.0,100.0,65.7,68.8,74.2,93.2,49.0,82.4,90.6,70.9,103.2,57.7,57.7,56.9,63.7,56.5,56.4,56.7,53.5,60.8,58.3,51.9,52.0,65.7,36.4,41.0,41.0,41.0,41.0,41.0,41.0,33.0,33.0,33.0,33.0,33.0,33.0,33.0,33.0,35.0,72,75,74,75,74,74,74,72,72,72,72,70,70,70,70,28,25,26,25,26,26,26,28,28,28,28,30,30,30,30,82,75,No,No,No,No,No,No,No,No,No,No,No,No,No,No,No,No,No,No,No,No,No,No,No,No,No,No,No,No,No,No,Yes,Yes,Yes,Yes,Yes,Yes,Yes,Yes,Yes,Yes,Yes,Yes,Yes,Yes,Yes,No,No,Yes,82,75,70,1.100,53.157,45.495,37.810,0.005,5.854,0.824,175.0,90.0,175.0,120.0,0,0.0,39.9,43.3,46.4,58.8,30.7,51.4,56.7,44.3,64.6,36.7,36.8,36.1,40.5,31.9,31.9,31.8,29.7,34.5,32.8,28.7,30.4,34.7,29.4,26.0,12.4,10.7,39.1,37.5,46.4,48.8,50.8,35.5,49.2,42.4,35.0,23.0,13.0,0.1,0.0,0.0,0.0,0.1,0.0,17.5,15.5,13.7,29.8,12.6,20.3,31.3,41.0,0.1,0.1,0.0,0.0,0.0,0.0,0.3,2394.1,24.00,36,35,35,68,103,383,2,2,Yes,No,No,No,No,No,No,No,Yes,No,No,No,No,Yes,No,No,No,No,No,No,No,Yes,No,No,No,No,No,No,No,No,No,No,No,No,No,No,No,No,88.0,4680,4680,4740,73.5,1.110,1.110,1.815,1.815,0.990,5.110,2.000,No,No,No,73.2,1.110,1.110,1.815,1.815,0.990,5.110,1.625,No,No,No,44,44,94.0,100.0,No,No,32094,47869,40,70,100.0,100.0,No,No,1763,3069,0.1,7.7,7.8,0.016,0.037,6578,2268,1.6,0.0,1.6,12.706,0.000,10514,53,78.2,76.0,87.2,83.0,0.875,20.519,20.511,20.527,65.473,27.143,45.990,15.773,61.991,3.000,18.743,10.285,34.216,100.000,140.000,2250.0,2150.2,1890.0,2227.6,1905.0,61.0,27.0,0.0,9.0,67.0,13.9,55.8,0.0,0.0,0.0,Yes,No,No,No,No,Yes,No,0,0,0,0,0,0,0,0,0,0,0,0,0,0,0,0,0,0,0,0,0,0,0,0,0,0,0,0,0,0,2706,5482,5250,295,16.0,70,0.297,45.882,600.0,2394.0,0.1,0.0,0.0,0.0,0.0,0.0,0.0,0.0,0.2,38,16154,38,No,No,No,No,No,No,No,No,16.812,68.277,100.0,0.000,24.1,119,0,0,5.4,118.6,172.4,78.6,70.5,73.7,69.7,118.9,213.7,75.2,71.7,72.8,71.4,8.43,12.69,5.75,5.17,13.59,14.45,5.58,2.86,8.06,0.37,1.41,29,5,3.2,7.6,0,0,0.0,0.0,0,
7.6.2026,23:29:32.710,26379,22388,54.0,20634,11749,63.7,7.6,16384,1238,1.100,1.094,1.087,1.090,1.080,1.080,1.080,1.102,1.102,1.102,1.112,1.122,1.132,1.122,1.087,0.978,0.778,3634.0,4090.0,4090.0,4090.0,4090.0,4090.0,4090.0,3291.9,3291.9,3291.9,3291.9,3291.9,3291.9,3291.9,3291.9,99.8,3491.5,1575.1,1854.1,1897.1,2455.1,1313.5,2183.5,2273.5,1972.2,2500.9,1432.2,1725.0,1552.4,1647.2,1077.7,1102.4,1120.2,1056.6,1168.2,1128.4,1026.8,1015.7,1697.7,42.2,46.2,47.5,61.0,32.5,54.2,56.0,48.7,61.6,35.8,43.2,38.8,41.2,34.6,35.2,35.7,33.2,37.1,36.0,32.4,33.1,61.6,42.2,100.0,68.6,72.6,74.6,95.5,51.3,85.3,88.8,76.8,97.5,55.7,67.2,60.4,64.3,60.0,61.1,62.0,58.7,64.3,62.5,56.9,56.7,68.6,36.4,41.0,41.0,41.0,41.0,41.0,41.0,33.0,33.0,33.0,33.0,33.0,33.0,33.0,33.0,35.0,72,74,75,75,74,71,73,71,71,71,71,71,71,71,71,28,26,25,25,26,29,27,29,29,29,29,29,29,29,29,82,75,No,No,No,No,No,No,No,No,No,No,No,No,No,No,No,No,No,No,No,No,No,No,No,No,No,No,No,No,No,No,Yes,Yes,Yes,Yes,Yes,Yes,Yes,Yes,Yes,Yes,Yes,Yes,Yes,Yes,Yes,No,No,Yes,82,77,70,1.100,43.032,44.918,37.322,0.004,5.879,0.841,175.0,90.0,175.0,120.0,0,0.0,42.2,46.1,47.1,61.0,32.5,53.9,56.0,48.6,61.7,35.9,43.2,38.8,41.2,34.4,35.1,35.7,33.2,37.2,36.0,32.4,33.2,38.2,27.4,23.7,11.6,10.8,36.5,35.9,52.9,55.1,56.3,42.6,57.8,53.2,46.6,24.6,7.4,0.3,0.0,0.0,0.0,0.0,0.0,9.1,6.5,4.9,19.9,2.3,7.4,17.0,36.8,0.1,0.0,0.0,0.0,0.0,0.2,0.1,2394.1,24.00,36,35,35,68,103,383,2,2,Yes,No,No,No,No,No,No,No,Yes,No,No,No,No,Yes,No,No,No,No,No,No,No,Yes,No,No,No,No,No,No,No,No,No,No,No,No,No,No,No,No,89.0,4680,4500,4740,73.5,1.095,1.110,1.815,1.815,0.990,5.110,2.125,No,No,No,73.2,1.110,1.110,1.815,1.815,0.990,5.110,1.750,No,No,No,44,44,94.0,100.0,No,No,32094,47869,39,70,100.0,100.0,No,No,1763,3069,0.8,1.1,1.8,0.286,0.207,6578,2268,1.8,0.0,1.8,13.620,0.010,10540,53,76.6,76.0,83.9,83.0,0.875,20.527,20.519,20.534,63.742,26.002,44.608,15.369,60.206,3.000,18.329,10.442,30.063,100.000,140.000,2250.0,2150.2,1890.0,2228.8,1905.0,59.0,26.0,0.0,8.0,67.0,13.9,55.4,0.0,0.0,0.0,Yes,No,No,No,No,Yes,No,0,0,0,0,0,0,0,0,0,0,0,0,0,0,0,0,0,0,0,0,0,0,0,0,0,0,0,0,0,0,2706,5482,5251,295,16.0,69,0.297,47.645,600.0,2394.0,0.1,0.0,0.0,0.0,0.0,0.0,0.0,0.0,0.2,38,16154,38,No,No,No,No,No,No,No,No,16.811,68.277,100.0,0.000,24.1,119,0,0,8.6,119.0,177.2,82.0,75.9,78.2,75.3,119.1,219.2,81.9,72.5,76.0,71.6,8.40,12.17,5.79,5.02,12.80,13.33,5.63,2.78,8.04,0.37,1.49,29,5,3.8,7.2,0,0,0.0,0.0,0,
7.6.2026,23:29:34.726,26385,22383,54.1,20695,11689,63.9,7.6,16384,1238,1.078,1.058,1.085,1.086,1.091,1.054,1.105,1.105,1.105,1.105,1.075,1.065,1.065,1.040,1.055,0.956,0.778,3591.2,3990.2,3990.2,3990.2,3990.2,3990.2,3990.2,3291.9,3291.9,3291.9,3291.9,3291.9,3291.9,3291.9,3291.9,99.8,3391.7,1630.3,2213.6,1746.1,2430.0,1348.0,2691.5,1901.2,2487.3,1913.6,1820.0,1488.9,1827.1,1550.4,1150.9,1159.6,1168.7,1115.9,1210.8,1166.7,1164.7,1050.7,1750.8,43.7,55.4,43.7,60.7,33.3,67.2,46.8,61.7,47.3,45.5,37.0,45.7,38.6,36.6,36.6,36.8,35.1,38.6,36.7,36.7,34.1,67.2,43.7,100.0,70.9,86.5,68.5,94.5,52.5,104.8,74.1,96.9,74.9,70.7,57.9,71.1,60.4,63.7,63.9,64.2,61.4,66.5,64.0,63.8,58.0,70.9,36.0,40.0,40.0,40.0,40.0,40.0,40.0,33.0,33.0,33.0,33.0,33.0,33.0,33.0,33.0,34.0,72,77,75,75,72,74,71,72,71,71,71,71,71,71,71,28,23,25,25,28,26,29,28,29,29,29,29,29,29,29,82,77,No,No,No,No,No,No,No,No,No,No,No,No,No,No,No,No,No,No,No,No,No,No,No,No,No,No,No,No,No,No,Yes,Yes,Yes,Yes,Yes,Yes,Yes,Yes,Yes,Yes,Yes,Yes,Yes,Yes,Yes,No,No,Yes,82,76,70,1.100,52.313,47.227,39.567,0.006,5.913,0.851,175.0,90.0,175.0,120.0,0,0.0,43.8,55.4,43.5,60.7,33.5,66.7,47.1,61.7,47.4,45.6,37.3,45.7,38.8,36.4,36.7,36.9,35.2,38.6,36.9,36.8,34.4,38.5,26.0,24.6,10.1,12.9,35.1,33.1,52.7,54.0,55.7,49.5,53.9,53.6,52.9,24.6,6.0,0.1,0.0,0.0,0.0,0.0,0.0,7.5,6.1,4.4,11.8,4.6,6.4,7.3,35.9,0.1,0.0,0.0,0.0,0.0,0.2,0.2,2394.1,24.00,36,35,35,68,103,383,2,2,Yes,No,No,No,No,No,No,No,Yes,No,No,No,No,Yes,No,No,No,No,No,No,No,Yes,No,No,No,No,No,No,No,No,No,No,No,No,No,No,No,No,89.0,4740,4560,4680,73.5,1.095,1.110,1.815,1.815,0.990,5.110,1.625,No,No,No,73.5,1.095,1.110,1.815,1.815,0.990,5.110,3.000,No,No,No,44,44,94.0,100.0,No,No,32094,47869,40,70,100.0,100.0,No,No,1763,3069,0.6,1.2,1.8,0.182,0.069,6579,2269,1.7,0.0,1.7,15.512,0.000,10570,53,77.7,76.0,85.5,83.0,0.875,20.509,20.500,20.519,66.413,36.682,49.574,16.092,65.927,3.000,19.051,71.248,31.883,100.000,140.000,2250.0,2150.2,1890.0,2227.1,1905.0,65.0,28.0,0.0,10.0,67.2,14.7,58.9,0.0,0.0,0.0,Yes,No,No,No,No,Yes,No,0,0,0,0,0,0,0,0,0,0,0,0,0,0,0,0,0,0,0,0,0,0,0,0,0,0,0,0,0,0,2690,5498,5266,295,16.0,70,0.297,46.501,600.0,2394.0,0.1,0.0,0.0,0.0,0.0,0.0,0.0,0.0,0.2,38,16154,38,No,No,No,No,No,No,No,No,16.810,68.277,100.0,0.000,24.1,118,0,0,8.4,117.5,183.3,71.9,69.2,69.9,69.0,117.5,210.3,70.7,69.9,70.1,69.8,8.51,14.10,5.41,5.30,14.42,14.54,6.03,2.49,8.14,0.38,1.89,29,5,5.2,8.8,0,0,0.0,0.0,0,
7.6.2026,23:29:36.719,26238,22530,53.8,20658,11726,63.7,7.6,16384,1238,1.077,1.069,1.080,1.110,1.100,1.077,1.077,1.062,1.059,1.071,1.089,1.089,1.063,1.063,1.063,0.956,0.778,3591.2,3990.2,3990.2,3990.2,3990.2,3990.2,3990.2,3291.9,3291.9,3291.9,3291.9,3291.9,3291.9,3291.9,3291.9,99.8,3391.7,1681.5,2153.8,1874.4,2499.6,1356.2,2573.7,2042.3,2525.3,1925.4,1829.9,1533.7,1883.7,1611.6,1181.9,1213.6,1264.9,1195.5,1272.3,1237.5,1321.4,1133.3,1791.6,45.4,54.3,47.4,63.1,33.8,64.9,51.1,63.4,48.2,46.3,38.7,47.6,40.6,37.5,38.1,39.7,37.4,39.7,38.7,41.4,36.2,64.9,45.4,100.0,73.4,84.0,73.6,97.2,52.9,100.3,79.7,98.3,75.1,71.1,59.8,73.3,62.8,65.5,66.7,69.4,65.7,69.8,68.0,72.5,62.6,73.4,36.0,40.0,40.0,40.0,40.0,40.0,40.0,33.0,33.0,33.0,33.0,33.0,33.0,33.0,33.0,34.0,72,74,74,76,72,72,71,72,72,71,71,71,71,71,71,28,26,26,24,28,28,29,28,28,29,29,29,29,29,29,82,76,No,No,No,No,No,No,No,No,No,No,No,No,No,No,No,No,No,No,No,No,No,No,No,No,No,No,No,No,No,No,Yes,Yes,Yes,Yes,Yes,Yes,Yes,Yes,Yes,Yes,Yes,Yes,Yes,Yes,Yes,No,No,Yes,82,76,69,1.100,50.626,46.338,38.660,0.005,5.912,0.866,175.0,90.0,175.0,120.0,0,0.0,45.5,54.3,47.2,63.1,34.1,64.6,51.2,63.4,48.4,46.4,38.9,47.7,40.8,37.4,38.3,39.8,37.6,39.9,38.9,41.5,36.4,37.9,24.3,22.8,9.3,11.8,34.0,30.6,52.0,53.9,55.9,49.6,50.6,49.3,53.1,33.0,4.8,0.0,0.1,0.0,0.0,0.0,0.0,7.1,4.9,1.5,9.5,6.4,8.6,2.6,26.1,0.1,0.0,0.0,0.0,0.0,0.1,0.3,2394.1,24.00,36,35,35,68,103,383,2,2,Yes,No,No,No,No,No,No,No,Yes,No,No,No,No,Yes,No,No,No,No,No,No,No,Yes,No,No,No,No,No,No,No,No,No,No,No,No,No,No,No,No,88.0,4680,4500,4740,73.5,1.095,1.110,1.815,1.815,0.990,5.110,2.125,No,No,No,73.5,1.095,1.110,1.800,1.815,0.990,5.110,2.500,No,No,No,44,44,94.0,100.0,No,No,32094,47869,40,70,100.0,100.0,No,No,1763,3069,0.2,1.4,1.6,0.116,0.067,6579,2269,2.2,0.0,2.2,20.341,0.000,10609,53,77.3,76.0,84.9,83.0,0.875,20.526,20.517,20.535,66.989,28.808,47.912,15.962,64.111,3.000,18.915,10.364,41.394,100.000,140.000,2250.0,2150.2,1890.0,2227.8,1905.0,66.0,28.0,0.0,11.0,66.1,15.2,60.8,0.0,0.0,0.0,Yes,No,No,No,No,Yes,No,0,0,0,0,0,0,0,0,0,0,0,0,0,0,0,0,0,0,0,0,0,0,0,0,0,0,0,0,0,0,2778,5410,5178,295,16.0,69,0.297,45.469,600.0,2394.0,0.1,0.0,0.0,0.0,0.0,0.0,0.0,0.0,0.2,38,16154,38,No,No,No,No,No,No,No,No,16.810,68.277,100.0,0.000,24.1,118,0,0,7.9,117.8,206.1,72.5,52.5,59.7,50.7,117.8,219.3,65.1,54.3,58.1,53.3,8.49,13.80,4.85,4.80,16.75,19.69,5.85,2.64,8.12,0.37,2.05,29,5,3.2,8.3,0,0,0.0,0.0,0,
7.6.2026,23:29:38.713,26389,22379,54.1,20730,11654,64.0,7.6,16384,1238,1.096,1.072,1.095,1.102,1.072,1.072,1.073,1.083,1.083,1.083,1.115,1.115,1.135,1.130,1.120,0.956,0.778,3163.7,3990.2,3990.2,3990.2,3990.2,3990.2,3990.2,3291.9,3291.9,3291.9,3291.9,1097.3,1695.9,3291.9,1097.3,99.8,3391.7,1700.1,2055.6,2009.8,2536.5,1310.1,2430.6,2102.0,2470.1,2077.2,1872.0,1582.7,1983.3,1588.4,1233.8,1243.0,1302.8,1194.6,1300.6,1271.8,1318.4,1118.2,1812.0,46.5,52.5,51.5,64.8,33.3,62.0,53.2,62.7,52.7,48.0,40.6,50.8,40.5,39.5,39.5,41.1,37.7,41.1,40.2,41.7,36.4,64.8,46.5,100.0,74.3,80.3,78.8,98.7,51.0,94.8,81.9,96.3,81.0,72.8,61.5,77.3,61.7,68.1,68.3,71.6,65.6,71.4,69.9,72.3,61.9,74.3,31.7,40.0,40.0,40.0,40.0,40.0,40.0,33.0,33.0,33.0,33.0,11.0,17.0,33.0,11.0,34.0,72,73,73,75,72,74,74,71,71,71,71,71,71,70,70,28,27,27,25,28,26,26,29,29,29,29,29,29,30,30,82,75,No,No,No,No,No,No,No,No,No,No,No,No,No,No,No,No,No,No,No,No,No,No,No,No,No,No,No,No,No,No,Yes,Yes,Yes,Yes,Yes,Yes,Yes,Yes,Yes,Yes,Yes,Yes,Yes,Yes,Yes,No,No,Yes,82,75,69,1.100,41.344,45.601,37.858,0.005,5.949,0.886,175.0,90.0,175.0,120.0,0,0.0,46.4,52.4,51.1,64.7,33.3,61.6,53.2,62.6,52.6,47.9,40.5,50.7,40.6,39.1,39.3,40.9,37.5,40.9,40.1,41.6,36.3,38.4,22.6,22.8,10.0,10.0,31.6,28.3,57.6,56.3,55.5,53.5,54.5,54.0,54.8,26.8,3.4,0.0,0.0,0.0,0.0,0.0,0.0,0.8,1.8,1.0,6.3,1.9,3.2,1.1,32.0,0.1,0.0,0.0,0.0,0.0,0.2,0.2,2394.1,24.00,36,35,35,68,103,383,2,2,Yes,No,No,No,No,No,No,No,Yes,No,No,No,No,Yes,No,No,No,No,No,No,No,Yes,No,No,No,No,No,No,No,No,No,No,No,No,No,No,No,No,89.0,4800,4620,4740,73.8,1.095,1.110,1.800,1.815,0.990,5.110,2.125,No,No,No,73.5,1.095,1.110,1.800,1.815,0.990,5.110,2.875,No,No,No,44,44,94.0,100.0,No,No,32094,47869,40,70,100.0,100.0,No,No,1763,3069,0.3,1.3,1.6,0.105,0.043,6579,2269,1.2,0.0,1.2,8.122,0.000,10625,53,79.1,76.0,88.3,83.0,0.875,20.516,20.506,20.525,66.966,28.860,48.798,16.036,65.106,3.000,18.997,10.454,39.633,100.000,140.000,2250.0,2150.2,1890.0,2226.9,1905.0,66.0,28.0,0.0,10.0,66.9,15.0,60.0,0.0,0.0,0.0,Yes,No,No,No,No,Yes,No,0,0,0,0,0,0,0,0,0,0,0,0,0,0,0,0,0,0,0,0,0,0,0,0,0,0,0,0,0,0,2713,5475,5243,297,16.0,69,0.297,47.419,600.0,2394.0,0.1,0.0,0.0,0.0,0.0,0.0,0.0,0.0,0.2,38,16154,38,No,No,No,No,No,No,No,No,16.812,68.277,100.0,0.000,24.1,118,0,0,9.0,118.1,170.7,79.8,69.9,73.7,68.9,118.0,219.9,78.8,55.3,63.5,53.3,8.47,12.67,5.79,5.60,13.69,14.59,6.01,2.46,8.10,0.37,1.73,29,5,2.9,7.1,0,0,0.0,0.0,0,
7.6.2026,23:29:40.714,26345,22423,54.0,20736,11648,64.0,7.6,16384,1238,1.084,1.111,1.060,1.060,1.070,1.085,1.085,1.085,1.085,1.090,1.090,1.090,1.090,1.090,1.090,0.956,0.778,3591.2,3990.2,3990.2,3990.2,3990.2,3990.2,3990.2,3291.9,3291.9,3291.9,3291.9,3291.9,3291.9,3291.9,3291.9,99.8,3391.7,1653.2,2104.2,1866.2,2638.5,1169.3,2442.7,2076.7,2557.7,1844.3,1786.2,1516.9,2112.0,1446.2,1140.7,1193.1,1233.5,1171.2,1211.8,1199.5,1246.5,1106.4,1768.7,45.0,53.7,47.7,67.0,29.6,62.1,52.3,64.7,46.5,45.6,38.5,53.7,36.7,36.5,37.8,39.2,37.3,38.0,37.6,39.3,35.5,67.0,45.0,100.0,72.0,82.2,73.4,102.6,45.6,95.3,81.0,99.8,71.9,69.5,59.0,82.3,56.5,63.0,65.6,67.8,64.3,66.4,65.8,68.4,60.9,72.0,36.0,40.0,40.0,40.0,40.0,40.0,40.0,33.0,33.0,33.0,33.0,33.0,33.0,33.0,33.0,34.0,72,72,73,75,72,72,73,71,71,71,71,71,71,71,71,28,28,27,25,28,28,27,29,29,29,29,29,29,29,29,82,75,No,No,No,No,No,No,No,No,No,No,No,No,No,No,No,No,No,No,No,No,No,No,No,No,No,No,No,No,No,No,Yes,Yes,Yes,Yes,Yes,Yes,Yes,Yes,Yes,Yes,Yes,Yes,Yes,Yes,Yes,No,No,Yes,82,77,70,1.100,47.251,47.838,40.066,0.005,5.962,0.895,175.0,90.0,175.0,120.0,0,0.0,45.0,53.6,47.5,67.0,29.7,61.7,52.5,64.6,46.6,45.6,38.7,53.7,36.8,36.4,37.8,39.3,37.4,38.1,37.7,39.4,35.6,39.3,23.0,22.2,9.5,11.0,33.5,27.7,57.9,55.4,54.9,53.7,56.4,53.0,55.0,37.7,3.6,0.0,0.0,0.0,0.0,0.0,0.0,2.9,3.9,2.9,6.1,2.8,6.4,2.9,22.5,0.0,0.0,0.0,0.0,0.0,0.2,0.0,2394.1,24.00,36,35,35,68,103,383,2,2,Yes,No,No,No,No,No,No,No,Yes,No,No,No,No,Yes,No,No,No,No,No,No,No,Yes,No,No,No,No,No,No,No,No,No,No,No,No,No,No,No,No,89.0,4740,4620,4740,73.8,1.095,1.110,1.800,1.815,0.990,5.110,1.750,No,No,No,73.8,1.095,1.110,1.800,1.815,1.005,5.110,2.625,No,No,No,44,44,94.0,100.0,No,No,32094,47869,40,70,100.0,100.0,No,No,1763,3069,0.2,1.6,1.8,0.100,0.079,6579,2269,0.5,0.0,0.5,3.024,0.000,10630,53,77.9,76.0,85.9,83.0,0.875,20.516,20.505,20.526,66.457,28.779,49.629,16.343,66.258,3.000,19.303,11.215,35.704,100.000,140.000,2250.0,2150.2,1890.0,2226.7,1905.0,69.0,29.0,0.0,10.0,66.9,15.5,61.8,0.0,0.0,0.0,Yes,No,No,No,No,Yes,No,0,0,0,0,0,0,0,0,0,0,0,0,0,0,0,0,0,0,0,0,0,0,0,0,0,0,0,0,0,0,2714,5474,5242,288,16.0,69,0.297,46.112,600.0,2394.0,0.1,0.0,0.0,0.0,0.0,0.0,0.0,0.0,0.2,38,16154,38,No,No,No,No,No,No,No,No,16.825,68.277,100.0,0.000,24.1,120,0,0,8.0,120.0,147.7,100.8,97.1,98.5,96.6,120.0,157.8,99.4,96.3,97.6,95.9,8.33,9.92,6.74,6.62,10.16,10.38,6.09,2.24,7.97,0.37,0.78,29,5,2.1,3.9,0,0,0.0,0.0,0,
7.6.2026,23:29:42.712,26336,22432,54.0,20742,11641,64.0,7.6,16384,1238,1.124,1.145,1.120,1.095,1.090,1.120,1.120,1.140,1.140,1.150,1.150,1.150,1.107,1.107,1.107,0.976,0.778,3691.0,4090.0,4090.0,4090.0,4090.0,4090.0,4090.0,3391.7,3391.7,3391.7,3391.7,3391.7,3391.7,3391.7,3391.7,99.8,3491.5,1585.7,1990.9,1784.8,2539.1,1162.6,2379.3,2058.6,2494.8,1838.3,1677.4,1458.4,1919.4,1445.7,1070.2,1137.7,1151.3,1095.8,1127.9,1120.0,1185.0,1076.3,1700.3,42.9,50.2,45.1,63.9,29.1,59.7,51.4,62.4,45.9,42.5,36.9,48.6,36.4,34.1,36.3,36.6,34.7,35.6,35.5,37.7,35.1,63.9,42.9,100.0,69.0,77.7,70.2,98.7,45.3,92.6,80.4,97.1,71.6,65.2,56.7,74.8,56.4,59.3,62.6,63.4,60.4,62.0,61.4,65.1,59.6,69.0,37.0,41.0,41.0,41.0,41.0,41.0,41.0,34.0,34.0,34.0,34.0,34.0,34.0,34.0,34.0,35.0,72,72,74,77,72,71,70,71,71,71,71,71,71,71,71,28,28,26,23,28,29,30,29,29,29,29,29,29,29,29,82,77,No,No,No,No,No,No,No,No,No,No,No,No,No,No,No,No,No,No,No,No,No,No,No,No,No,No,No,No,No,No,Yes,Yes,Yes,Yes,Yes,Yes,Yes,Yes,Yes,Yes,Yes,Yes,Yes,Yes,Yes,No,No,Yes,82,77,69,1.100,21.094,45.512,37.787,0.005,5.949,0.885,175.0,90.0,175.0,120.0,0,0.0,42.9,50.1,44.9,63.9,29.2,59.4,51.5,62.3,46.0,42.5,36.9,48.6,36.5,33.8,36.3,36.6,34.7,35.6,35.6,37.7,35.1,41.7,26.7,24.3,11.3,11.6,37.1,31.3,58.8,60.2,60.1,56.0,58.2,56.9,58.2,33.8,3.5,0.0,0.0,0.0,0.0,0.0,0.0,4.5,1.0,0.8,6.4,3.6,4.9,1.5,26.5,0.0,0.0,0.0,0.0,0.0,0.1,0.1,2394.1,24.00,36,35,35,68,103,383,2,2,Yes,No,No,No,No,No,No,No,Yes,No,No,No,No,Yes,No,No,No,No,No,No,No,Yes,No,No,No,No,No,No,No,No,No,No,No,No,No,No,No,No,89.0,4740,4560,4740,74.0,1.095,1.110,1.800,1.815,0.990,5.110,1.625,No,No,No,73.8,1.095,1.110,1.800,1.815,0.990,5.110,2.625,No,No,No,44,44,94.0,100.0,No,No,32094,47869,39,70,100.0,100.0,No,No,1763,3069,0.0,0.8,0.8,0.000,0.093,6579,2269,0.1,0.0,0.1,0.097,0.000,10631,53,78.0,76.0,86.2,83.0,0.875,20.515,20.505,20.525,68.494,39.691,49.347,16.343,65.968,3.000,19.296,89.952,33.934,100.000,140.000,2250.0,2150.2,1890.0,2226.3,1905.0,68.0,29.0,0.0,10.0,66.9,15.8,63.2,0.0,0.0,0.0,Yes,No,No,No,No,Yes,No,0,0,0,0,0,0,0,0,0,0,0,0,0,0,0,0,0,0,0,0,0,0,0,0,0,0,0,0,0,0,2714,5474,5242,297,16.0,70,0.297,44.998,600.0,2394.0,0.1,0.0,0.0,0.0,0.0,0.0,0.0,0.0,0.2,38,16154,38,No,No,No,No,No,No,No,No,16.810,68.277,100.0,0.000,24.1,119,0,0,8.0,119.2,147.6,97.7,79.2,86.3,77.3,119.2,215.5,80.9,77.2,78.7,76.8,8.39,10.22,6.80,6.75,11.56,12.89,6.01,2.39,8.03,0.36,0.96,29,5,6.3,5.1,0,0,0.0,0.0,0,
7.6.2026,23:29:44.719,26459,22309,54.2,20732,11652,64.0,7.6,16384,1238,1.171,1.206,1.186,1.156,1.156,1.143,1.168,1.148,1.153,1.153,1.153,1.198,1.198,1.178,1.198,1.061,0.778,3776.5,4489.0,4489.0,4489.0,4489.0,4489.0,4489.0,798.0,3591.2,3591.2,3591.2,3591.2,3591.2,3591.2,3591.2,99.8,3890.5,1304.4,2047.9,1050.5,2600.3,701.1,2794.2,1194.6,1130.2,2899.0,1766.8,801.2,1806.3,924.7,855.9,716.6,653.2,576.5,880.4,873.3,900.7,913.4,1407.4,31.9,49.8,14.7,62.5,16.3,66.0,0.0,27.1,68.3,42.9,19.0,43.7,22.1,28.1,23.0,20.9,18.5,27.9,27.8,28.8,30.1,68.3,31.9,100.0,56.1,80.1,41.1,101.3,27.3,108.5,46.5,44.1,112.6,68.7,31.2,70.2,36.1,47.8,39.5,36.0,31.7,49.4,49.1,50.2,51.0,56.1,37.9,45.0,45.0,45.0,45.0,45.0,45.0,8.0,36.0,36.0,36.0,36.0,36.0,36.0,36.0,39.0,72,73,75,75,75,74,71,70,70,70,70,71,71,71,71,28,27,25,25,25,26,29,30,30,30,30,29,29,29,29,82,75,No,No,No,No,No,No,No,No,No,No,No,No,No,No,No,No,No,No,No,No,No,No,No,No,No,No,No,No,No,No,Yes,Yes,Yes,Yes,Yes,Yes,Yes,Yes,Yes,Yes,Yes,Yes,Yes,Yes,Yes,No,No,Yes,82,75,69,1.100,28.688,44.688,36.975,0.010,5.918,0.860,175.0,90.0,175.0,120.0,0,0.0,34.1,49.7,26.3,62.3,17.5,65.7,29.7,28.1,68.3,42.9,20.1,43.7,23.2,27.9,22.9,20.7,18.3,27.8,27.8,28.7,30.1,31.8,36.3,28.6,15.2,14.2,44.9,41.3,40.1,35.4,33.2,27.4,33.4,31.3,35.9,28.1,21.5,0.0,0.0,0.0,0.0,0.0,0.0,27.1,39.4,44.3,52.4,33.8,35.9,30.9,36.9,0.0,0.0,0.0,0.0,0.0,0.1,0.0,2394.1,24.00,36,35,35,68,103,383,2,2,Yes,No,No,No,No,No,No,No,Yes,No,Yes,No,No,Yes,No,No,No,No,No,No,No,Yes,No,No,No,No,No,Yes,No,No,No,No,No,No,No,Yes,No,No,89.0,4680,4560,4740,74.0,1.095,1.110,1.800,1.815,0.990,5.110,1.125,No,No,No,73.8,1.095,1.110,1.800,1.815,0.990,5.110,1.250,No,No,No,44,44,94.0,100.0,No,No,32094,47869,40,70,100.0,100.0,No,No,1763,3069,0.0,1.0,1.0,0.000,0.076,6579,2269,0.5,0.0,0.5,3.585,0.000,10638,53,77.6,76.0,87.0,83.0,0.875,20.551,20.546,20.556,73.970,24.736,42.265,12.985,55.480,3.000,15.972,10.497,32.950,100.000,140.000,2250.0,2150.2,1890.0,2223.5,1905.0,52.0,16.0,0.0,4.0,67.4,16.6,66.4,0.0,0.0,0.0,Yes,No,No,No,No,Yes,No,0,0,0,0,0,0,0,0,0,0,0,0,0,0,0,0,0,0,0,0,0,0,0,0,0,0,0,0,0,0,2669,5519,5287,297,16.0,69,0.297,43.149,600.0,2394.0,0.2,0.0,0.0,0.0,0.0,0.0,0.0,0.0,0.2,38,16154,38,No,No,No,No,No,No,No,No,16.811,68.277,100.0,0.000,24.1,120,0,0,7.6,120.4,153.1,100.2,99.3,99.6,99.2,120.8,153.6,101.3,100.1,100.4,100.0,8.31,9.88,6.36,5.78,9.98,10.07,4.69,3.60,7.97,0.33,0.82,29,5,5.7,2.7,0,0,0.0,0.0,0,
7.6.2026,23:29:46.714,26461,22306,54.2,20737,11647,64.0,7.6,16384,1238,1.186,1.205,1.182,1.197,1.182,1.182,1.177,1.192,1.187,1.187,1.192,1.192,1.187,1.172,1.182,1.061,0.778,3812.1,4688.5,4489.0,4489.0,4489.0,4489.0,4489.0,1097.3,3591.2,3591.2,3591.2,3591.2,3591.2,3591.2,3591.2,99.8,3890.5,886.3,1852.8,0.3,2598.5,0.3,3367.1,66.7,2.1,3334.1,1759.0,0.2,1840.0,0.2,200.6,97.9,15.3,15.9,613.7,649.2,620.1,692.3,946.9,22.4,42.7,11.3,59.2,0.3,75.1,7.5,0.0,74.3,40.6,0.3,42.2,0.0,6.5,2.6,0.0,0.0,20.0,21.6,20.3,23.8,75.1,22.4,100.0,37.2,72.1,0.0,101.7,0.0,130.3,2.6,0.1,129.8,68.5,0.0,71.7,0.0,11.5,5.6,0.9,0.9,35.4,37.5,35.5,39.5,37.2,38.2,47.0,45.0,45.0,45.0,45.0,45.0,11.0,36.0,36.0,36.0,36.0,36.0,36.0,36.0,39.0,71,71,77,76,75,71,70,70,70,70,70,70,70,70,70,29,29,23,24,25,29,30,30,30,30,30,30,30,30,30,82,77,No,No,No,No,No,No,No,No,No,No,No,No,No,No,No,No,No,No,No,No,No,No,No,No,No,No,No,No,No,No,No,No,No,No,No,No,No,No,No,No,No,No,No,No,No,No,No,No,82,76,69,1.100,41.344,42.531,35.053,0.005,5.797,0.795,175.0,90.0,175.0,120.0,0,0.0,21.8,43.0,0.0,59.1,0.0,75.1,1.5,0.0,74.5,40.9,0.0,42.6,0.0,7.0,3.2,0.5,0.7,20.6,22.1,20.9,24.3,19.8,55.0,38.5,21.9,23.2,56.6,55.2,5.2,2.8,0.0,0.0,4.9,3.4,4.3,5.5,45.8,0.0,0.0,0.0,0.0,0.0,0.0,85.0,92.9,99.2,99.1,67.4,66.9,67.5,63.0,0.1,0.0,0.0,0.0,0.0,0.4,0.0,2394.1,24.00,36,35,35,68,103,383,2,2,Yes,No,No,No,No,No,No,No,No,No,Yes,No,No,Yes,No,No,No,No,No,No,No,Yes,No,No,No,No,No,No,No,No,No,No,No,No,No,No,No,No,88.0,4740,4500,4680,74.0,1.095,1.110,1.800,1.815,0.990,5.110,1.500,No,No,No,73.8,1.095,1.110,1.800,1.815,0.990,5.110,1.250,No,No,No,44,44,94.0,100.0,No,No,32094,47869,40,70,100.0,100.0,No,No,1763,3069,0.2,1.0,1.2,0.053,0.080,6580,2269,0.2,0.0,0.2,1.207,0.000,10640,53,75.5,76.0,83.3,83.0,0.875,20.553,20.549,20.558,56.626,24.333,41.585,12.802,54.623,3.000,15.783,10.094,32.443,100.000,140.000,2250.0,2150.2,1890.0,2234.0,1905.0,51.0,15.0,0.0,5.0,68.2,11.1,44.6,0.0,0.0,0.0,Yes,No,No,No,No,Yes,No,0,0,0,0,0,0,0,0,0,0,0,0,0,0,0,0,0,0,0,0,0,0,0,0,0,0,0,0,0,0,2605,5583,5351,297,16.0,69,0.297,40.339,600.0,2394.0,0.1,0.0,0.0,0.0,0.0,0.0,0.0,0.0,0.2,38,16154,38,No,No,No,No,No,No,No,No,16.811,68.277,100.0,0.000,24.1,120,0,0,8.3,119.9,142.6,105.6,103.1,104.1,102.8,120.0,139.7,106.5,105.7,106.0,105.6,8.34,9.70,6.97,6.85,9.81,9.90,4.68,3.66,8.02,0.31,0.66,29,5,1.4,1.8,0,0,0.0,0.0,0,
7.6.2026,23:29:48.711,26466,22302,54.2,20736,11647,64.0,7.6,16384,1238,1.175,1.192,1.196,1.186,1.201,1.178,1.153,1.158,1.163,1.188,1.168,1.168,1.158,1.168,1.168,1.061,0.778,3976.0,4489.0,4489.0,4489.0,4489.0,4489.0,4489.0,3591.2,3591.2,3591.2,3591.2,3591.2,3591.2,3591.2,3591.2,99.8,3890.5,891.4,1863.0,0.4,2620.1,0.4,3561.5,62.9,1.8,3233.4,1740.2,0.4,1874.5,0.3,384.9,59.3,22.6,10.5,597.0,561.1,554.9,678.1,964.8,22.8,43.5,0.2,59.8,0.2,79.6,19.6,0.0,72.2,40.5,0.2,43.4,1.0,13.5,1.5,1.0,0.7,19.4,18.7,18.2,23.6,79.6,22.8,100.0,37.3,72.6,0.0,102.5,0.0,137.6,2.4,0.1,126.2,67.6,0.0,72.8,0.0,22.2,3.4,1.3,0.6,34.3,32.2,31.9,38.4,37.3,39.9,45.0,45.0,45.0,45.0,45.0,45.0,36.0,36.0,36.0,36.0,36.0,36.0,36.0,36.0,39.0,71,70,73,73,74,71,74,69,69,69,69,70,70,70,70,29,30,27,27,26,29,26,31,31,31,31,30,30,30,30,82,74,No,No,No,No,No,No,No,No,No,No,No,No,No,No,No,No,No,No,No,No,No,No,No,No,No,No,No,No,No,No,No,No,No,No,No,No,No,No,No,No,No,No,No,No,No,No,No,No,82,75,70,1.100,25.313,39.537,32.440,0.005,5.545,0.681,175.0,90.0,175.0,120.0,0,0.0,21.9,43.3,0.0,59.5,0.0,79.3,1.4,0.0,72.3,40.6,0.0,43.5,0.0,14.1,2.1,0.8,0.5,19.4,18.7,18.3,23.6,18.8,54.6,38.2,17.9,25.3,57.0,54.4,5.8,0.0,0.0,0.0,2.7,2.5,2.6,2.3,46.5,0.0,0.0,0.0,0.0,0.0,0.0,73.8,97.1,98.9,99.3,70.6,71.7,71.9,67.3,0.1,0.0,0.0,0.0,0.0,0.3,0.0,2394.1,24.00,36,35,35,68,103,383,2,2,Yes,No,No,No,No,No,No,No,No,No,Yes,No,No,Yes,No,No,No,No,No,No,No,Yes,No,No,No,No,No,No,No,No,No,No,No,No,No,No,No,No,88.0,4680,4500,4680,73.8,1.095,1.110,1.815,1.815,0.990,5.110,1.500,No,No,No,73.8,1.095,1.110,1.800,1.815,0.990,5.110,1.875,No,No,No,44,44,94.0,100.0,No,No,32094,47869,39,70,100.0,100.0,No,No,1763,3069,0.3,1.1,1.3,0.048,0.020,6580,2269,0.0,0.0,0.0,0.032,0.000,10640,53,76.1,74.0,85.0,83.0,0.875,20.562,20.557,20.567,57.181,24.162,41.187,12.766,54.173,3.000,15.741,10.125,32.145,100.000,140.000,2250.0,2150.2,1890.0,2233.3,1905.0,50.0,15.0,0.0,5.0,68.2,11.5,46.0,0.0,0.0,0.0,Yes,No,No,No,No,Yes,No,0,0,0,0,0,0,0,0,0,0,0,0,0,0,0,0,0,0,0,0,0,0,0,0,0,0,0,0,0,0,2605,5583,5355,297,16.0,69,0.297,39.123,600.0,2394.0,0.1,0.0,0.0,0.0,0.0,0.0,0.0,0.0,0.2,38,16154,38,No,No,No,No,No,No,No,No,16.811,68.277,100.0,0.000,24.1,120,0,0,8.6,120.0,137.8,103.5,103.0,103.1,103.0,120.1,140.2,106.3,104.8,105.3,104.6,8.33,9.66,7.17,7.02,9.69,9.70,4.56,3.77,8.01,0.32,0.68,29,5,1.6,0.9,0,0,0.0,0.0,0,
7.6.2026,23:29:50.721,26474,22294,54.2,20734,11649,64.0,7.6,16384,1238,1.185,1.149,1.185,1.175,1.165,1.155,1.155,1.160,1.180,1.205,1.205,1.196,1.221,1.236,1.209,1.061,0.778,3356.1,4489.0,4489.0,4489.0,4489.0,798.0,4489.0,3591.2,3591.2,3591.2,3591.2,1097.3,3591.2,3591.2,1097.3,99.8,3890.5,856.1,1778.0,1.4,2524.4,0.3,3254.4,51.8,16.3,3456.3,1673.6,0.2,1790.0,0.3,73.4,25.8,6.3,2.8,586.4,593.5,608.8,677.6,915.9,20.8,41.6,0.0,57.7,0.0,72.8,2.1,0.0,77.1,39.2,0.0,41.7,0.0,4.1,0.4,0.0,0.0,18.4,18.7,19.4,23.2,77.1,20.8,100.0,35.7,69.2,0.1,98.7,0.0,126.0,2.0,0.7,134.1,65.2,0.0,69.8,0.0,4.2,1.5,0.4,0.2,34.0,34.1,34.8,38.5,35.7,33.6,45.0,45.0,45.0,45.0,8.0,45.0,36.0,36.0,36.0,36.0,11.0,36.0,36.0,11.0,39.0,71,73,74,75,72,70,69,68,68,68,68,70,71,71,71,29,27,26,25,28,30,31,32,32,32,32,30,29,29,29,82,75,No,No,No,No,No,No,No,No,No,No,No,No,No,No,No,No,No,No,No,No,No,No,No,No,No,No,No,No,No,No,No,No,No,No,No,No,No,No,No,No,No,No,No,No,No,No,No,No,82,74,69,1.100,22.782,38.507,31.373,0.005,5.577,0.683,175.0,90.0,175.0,120.0,0,0.0,20.8,41.5,0.0,57.4,0.0,72.6,1.2,0.4,77.1,39.1,0.0,41.6,0.0,3.2,1.0,0.2,0.1,18.3,18.8,19.5,23.1,19.1,56.5,40.3,24.6,20.6,58.3,56.3,0.0,0.0,0.0,0.0,3.1,2.8,2.9,1.7,48.2,0.0,0.0,0.0,0.0,0.0,0.0,95.6,98.5,99.6,99.8,71.1,71.2,70.3,68.2,0.1,0.0,0.0,0.0,0.0,0.5,0.0,2394.1,24.00,36,35,35,68,103,383,2,2,Yes,No,No,No,No,No,No,No,No,No,Yes,No,No,No,No,No,No,No,No,No,No,No,No,No,No,No,No,Yes,No,No,No,No,No,No,No,Yes,No,No,88.0,4620,4380,4680,73.8,1.095,1.110,1.800,1.815,0.990,5.110,1.125,No,No,No,73.8,1.095,1.110,1.800,1.800,0.990,5.110,1.750,No,No,No,44,44,94.0,100.0,No,No,32094,47869,39,70,100.0,100.0,No,No,1763,3069,0.1,0.8,0.9,0.008,0.040,6580,2270,0.1,0.0,0.1,0.065,0.000,10640,53,75.2,74.0,84.1,83.0,0.875,20.563,20.558,20.569,57.181,24.403,40.677,12.622,53.519,3.000,15.590,10.131,35.282,100.000,140.000,2250.0,2150.2,1890.0,2233.4,1905.0,49.0,15.0,0.0,4.0,68.3,11.3,45.3,0.0,0.0,0.0,Yes,No,No,No,No,Yes,No,0,0,0,0,0,0,0,0,0,0,0,0,0,0,0,0,0,0,0,0,0,0,0,0,0,0,0,0,0,0,2593,5595,5363,297,16.0,69,0.297,38.639,600.0,2394.0,0.1,0.0,0.0,0.0,0.0,0.0,0.0,0.0,0.2,38,16154,38,No,No,No,No,No,No,No,No,16.811,68.277,100.0,0.000,24.1,120,0,0,8.5,120.0,138.5,107.2,105.2,106.0,104.9,120.1,140.5,104.4,101.1,102.4,100.7,8.33,9.43,7.14,6.71,9.49,9.52,4.30,4.03,8.01,0.32,0.56,29,5,1.3,1.2,0,0,0.0,0.0,0,
7.6.2026,23:29:52.716,26479,22289,54.2,20737,11647,64.0,7.6,16384,1238,1.181,1.191,1.156,1.166,1.151,1.186,1.151,1.168,1.203,1.218,1.218,1.183,1.198,1.168,1.178,1.061,0.778,3534.2,4489.0,4489.0,4489.0,4489.0,798.0,4489.0,3591.2,3591.2,3591.2,3591.2,3591.2,3591.2,1097.3,3591.2,99.8,3890.5,855.5,1779.3,0.4,2540.7,0.3,3284.1,5.8,3.3,3410.3,1636.6,0.3,1812.2,0.3,167.0,42.5,8.9,3.1,582.1,592.8,577.2,663.2,918.4,21.0,41.3,0.3,58.0,0.3,73.3,0.0,1.9,76.0,37.9,0.3,41.6,0.3,6.2,3.0,0.6,0.4,18.3,19.3,18.1,23.1,76.0,21.0,100.0,35.7,69.3,0.0,99.3,0.0,127.2,0.2,0.2,132.3,63.7,0.0,70.5,0.0,9.6,2.4,0.5,0.2,33.7,34.1,33.1,37.7,35.7,35.4,45.0,45.0,45.0,45.0,8.0,45.0,36.0,36.0,36.0,36.0,36.0,36.0,11.0,36.0,39.0,71,73,74,76,75,72,71,69,69,69,69,68,68,68,68,29,27,26,24,25,28,29,31,31,31,31,32,32,32,32,81,76,No,No,No,No,No,No,No,No,No,No,No,No,No,No,No,No,No,No,No,No,No,No,No,No,No,No,No,No,No,No,No,No,No,No,No,No,No,No,No,No,No,No,No,No,No,No,No,No,82,75,69,1.100,43.876,39.484,32.473,0.005,5.506,0.674,175.0,90.0,175.0,120.0,0,0.0,21.0,41.6,0.0,57.9,0.0,73.3,0.1,0.1,76.1,38.4,0.0,42.0,0.0,6.7,1.9,0.3,0.1,18.8,19.6,18.7,23.5,19.3,56.4,39.9,24.7,21.8,59.7,55.9,0.8,0.0,0.0,0.0,3.6,2.3,3.3,2.0,47.6,0.0,0.0,0.0,0.0,0.0,0.0,89.6,97.6,99.5,99.7,70.2,71.3,70.9,67.6,0.0,0.0,0.0,0.0,0.0,0.0,0.0,2394.1,24.00,36,35,35,68,103,383,2,2,Yes,No,No,No,No,No,No,No,No,No,Yes,No,No,Yes,No,No,No,No,No,No,No,Yes,No,No,No,No,No,Yes,No,No,No,No,No,No,No,Yes,No,No,88.0,4680,4380,4680,73.8,1.095,1.110,1.800,1.815,1.005,5.110,1.500,No,No,No,73.5,1.095,1.110,1.800,1.815,1.005,5.110,1.875,No,No,No,44,44,94.0,100.0,No,No,32094,47869,39,70,100.0,100.0,No,No,1763,3069,0.1,1.1,1.2,0.004,0.072,6580,2270,0.1,0.1,0.2,0.326,0.012,10641,53,74.9,74.0,82.5,83.0,0.875,20.550,20.545,20.555,55.508,35.989,40.873,12.738,53.835,3.000,15.725,90.005,35.748,100.000,140.000,2250.0,2150.2,1890.0,2234.0,1905.0,52.0,16.0,0.0,4.0,68.4,10.3,41.4,0.0,0.0,0.0,Yes,No,No,No,No,Yes,No,0,0,0,0,0,0,0,0,0,0,0,0,0,0,0,0,0,0,0,0,0,0,0,0,0,0,0,0,0,0,2589,5599,5367,297,16.0,70,0.297,37.490,600.0,2394.0,0.1,0.0,0.0,0.0,0.0,0.0,0.0,0.0,0.2,38,16154,38,No,No,No,No,No,No,No,No,16.811,68.277,100.0,0.000,24.1,120,0,0,7.6,119.6,146.2,90.9,80.2,83.9,79.2,119.6,140.0,100.3,93.9,96.3,93.2,8.36,11.06,6.82,6.03,11.93,12.65,4.67,3.68,8.03,0.33,0.73,29,5,1.5,1.7,0,0,0.0,0.0,0,
7.6.2026,23:29:54.712,26478,22290,54.2,20734,11650,64.0,7.6,16384,1238,1.207,1.216,1.196,1.196,1.201,1.182,1.202,1.212,1.207,1.217,1.232,1.214,1.209,1.214,1.199,1.061,0.778,3619.7,4489.0,4489.0,4489.0,4688.5,798.0,4489.0,3591.2,3591.2,2094.9,3591.2,3591.2,3591.2,3591.2,3591.2,99.8,3890.5,819.3,1627.3,0.5,2425.9,0.2,3463.1,28.9,3.2,3051.1,1573.5,0.2,1724.6,0.3,119.7,30.5,10.2,2.6,553.3,572.8,546.5,652.0,878.9,20.8,38.3,1.0,55.6,1.0,77.4,9.9,1.1,68.3,37.0,1.0,40.1,1.0,4.9,1.2,1.3,1.1,17.7,18.6,17.6,22.6,77.4,20.8,100.0,34.1,63.4,0.0,94.6,0.0,133.8,1.1,0.2,118.8,61.2,0.0,67.3,0.0,6.8,1.8,0.6,0.2,32.0,33.0,31.5,36.7,34.2,36.3,45.0,45.0,45.0,47.0,8.0,45.0,36.0,36.0,21.0,36.0,36.0,36.0,36.0,36.0,39.0,70,70,72,74,77,69,68,68,68,68,68,68,68,68,68,30,30,28,26,23,31,32,32,32,32,32,32,32,32,32,82,77,No,No,No,No,No,No,No,No,No,No,No,No,No,No,No,No,No,No,No,No,No,No,No,No,No,No,No,No,No,No,No,No,No,No,No,No,No,No,No,No,No,No,No,No,No,No,No,No,82,75,69,1.100,21.094,39.472,32.317,0.005,5.515,0.673,175.0,90.0,175.0,120.0,0,0.0,19.9,38.2,0.0,55.2,0.0,77.0,0.6,0.1,68.4,36.9,0.0,40.0,0.0,4.7,1.0,0.3,0.1,17.6,18.6,17.6,22.5,20.2,59.9,42.7,20.8,29.4,61.3,58.0,0.0,0.0,0.0,0.0,3.3,1.3,3.1,2.5,48.4,0.0,0.0,0.0,0.0,0.0,0.0,93.4,98.5,99.4,99.8,71.9,73.3,72.3,68.5,0.0,0.0,0.0,0.0,0.0,0.0,0.0,2394.1,24.00,36,35,35,68,103,383,2,2,Yes,No,No,No,No,No,No,No,No,No,Yes,No,No,Yes,No,No,No,No,No,No,No,Yes,No,No,No,No,No,Yes,No,No,No,No,No,No,No,Yes,No,No,87.0,4680,4320,4680,73.5,1.095,1.110,1.800,1.815,1.005,5.110,1.875,No,No,No,73.5,1.095,1.110,1.800,1.815,1.005,5.110,0.875,No,No,No,44,44,94.0,100.0,No,No,32094,47869,39,70,100.0,100.0,No,No,1763,3069,0.1,0.9,1.1,0.032,0.030,6580,2270,0.1,0.1,0.2,0.195,0.016,10641,54,74.5,74.0,82.6,83.0,0.875,20.570,20.565,20.576,55.983,35.759,40.063,12.380,52.675,3.000,15.348,91.756,35.089,100.000,140.000,2250.0,2150.2,1890.0,2234.9,1905.0,45.0,13.0,0.0,3.0,68.4,10.7,42.9,0.0,0.0,0.0,Yes,No,No,No,No,Yes,No,0,0,0,0,0,0,0,0,0,0,0,0,0,0,0,0,0,0,0,0,0,0,0,0,0,0,0,0,0,0,2589,5599,5367,297,16.0,69,0.297,39.729,600.0,2394.0,0.1,0.0,0.0,0.0,0.0,0.0,0.0,0.0,0.2,38,16154,38,No,No,No,No,No,No,No,No,16.811,68.277,100.0,0.000,24.1,120,0,0,9.6,120.0,140.8,105.9,90.0,96.2,88.3,119.9,148.0,103.7,91.3,96.2,89.9,8.34,9.44,7.11,5.60,10.35,11.24,4.18,4.16,8.03,0.31,0.68,29,5,1.7,1.8,0,0,0.0,0.0,0,
7.6.2026,23:29:56.709,26282,22485,53.8,20695,11688,63.9,7.6,16384,1238,1.154,1.221,1.166,1.135,1.120,1.120,1.135,1.140,1.140,1.125,1.140,1.140,1.194,1.179,1.199,1.061,0.778,3976.0,4489.0,4489.0,4489.0,4489.0,4489.0,4489.0,3591.2,3591.2,3591.2,3591.2,3591.2,3591.2,3591.2,3591.2,99.8,3890.5,1198.2,2095.3,661.8,2748.2,467.5,3029.6,1003.8,813.9,3144.8,1988.5,323.8,1999.4,322.1,581.3,521.2,472.0,431.8,868.6,825.9,783.1,880.7,1287.8,29.3,48.3,15.1,62.5,10.6,67.9,22.5,18.4,70.3,46.0,7.5,46.2,7.5,18.1,15.4,13.9,13.1,26.6,25.2,23.6,28.0,70.3,29.3,100.0,51.1,81.7,25.8,107.1,18.1,117.5,38.9,31.6,122.3,77.2,12.5,77.7,12.4,32.4,28.9,26.3,24.0,48.7,46.5,43.8,49.3,51.1,39.9,45.0,45.0,45.0,45.0,45.0,45.0,36.0,36.0,36.0,36.0,36.0,36.0,36.0,36.0,39.0,74,77,77,79,77,76,74,72,72,72,72,71,71,71,71,26,23,23,21,23,24,26,28,28,28,28,29,29,29,29,82,79,No,No,No,No,No,No,No,No,No,No,No,No,No,No,No,No,No,No,No,No,No,No,No,No,No,No,No,No,No,No,No,No,No,No,No,No,No,No,No,No,No,No,No,No,No,No,No,No,82,79,69,1.100,41.344,37.302,30.277,0.005,5.478,0.661,175.0,90.0,175.0,120.0,0,0.0,29.2,48.2,14.9,62.3,10.5,67.7,22.4,18.2,70.2,46.0,7.4,46.2,7.4,17.9,15.3,13.9,13.0,26.6,25.3,23.7,28.0,22.0,43.6,32.2,17.9,18.5,49.0,47.8,18.9,15.5,11.5,6.8,16.5,9.6,10.2,9.5,35.7,0.0,0.0,0.0,0.0,0.0,0.0,60.2,66.5,71.8,77.3,50.3,58.2,59.3,55.7,0.0,0.2,0.0,0.0,0.0,0.0,0.1,2394.1,24.00,36,35,35,68,103,383,2,2,Yes,No,No,No,No,No,No,No,No,No,Yes,No,No,Yes,No,No,No,No,No,No,No,Yes,No,No,No,No,No,No,No,No,No,No,No,No,No,No,No,No,88.0,4680,4320,4680,73.5,1.095,1.110,1.800,1.815,1.005,5.110,1.625,No,No,No,73.2,1.095,1.110,1.800,1.815,1.005,5.110,2.250,No,No,No,44,44,94.0,100.0,No,No,32094,47869,39,70,100.0,100.0,No,No,1763,3069,0.0,1.2,1.2,0.000,0.022,6580,2270,0.4,0.0,0.4,2.671,0.008,10646,54,77.0,74.0,85.2,83.0,0.875,20.484,20.476,20.493,56.884,24.350,43.807,15.214,59.266,3.000,18.171,10.030,20.959,100.000,140.000,2250.0,2150.2,1890.0,2233.6,1905.0,65.0,27.0,0.0,10.0,66.6,11.6,46.3,0.0,0.0,0.0,Yes,No,No,No,No,Yes,No,0,0,0,0,0,0,0,0,0,0,0,0,0,0,0,0,0,0,0,0,0,0,0,0,0,0,0,0,0,0,2735,5453,5222,297,16.0,69,0.297,42.292,600.0,2394.0,0.1,0.0,0.0,0.0,0.0,0.0,0.0,0.0,0.2,38,16154,38,No,No,No,No,No,No,No,No,16.811,68.277,100.0,0.000,24.1,116,0,0,9.2,116.3,157.1,49.6,38.2,41.5,37.3,116.2,224.9,55.4,33.0,39.7,31.5,8.60,20.18,6.28,5.73,24.11,26.78,5.80,2.80,8.25,0.34,1.42,29,5,17.3,4.1,0,0,0.0,0.0,0,
7.6.2026,23:29:58.721,26295,22472,53.9,20708,11676,63.9,7.6,16384,1238,1.195,1.179,1.205,1.205,1.205,1.200,1.200,1.200,1.200,1.200,1.160,1.190,1.185,1.200,1.200,1.061,0.778,3976.0,4489.0,4489.0,4489.0,4489.0,4489.0,4489.0,3591.2,3591.2,3591.2,3591.2,3591.2,3591.2,3591.2,3591.2,99.8,3890.5,1637.9,2326.2,1788.9,2661.1,1222.2,2402.8,2298.6,2060.6,2746.5,1868.1,1389.9,1593.0,1786.4,1149.9,1094.2,1063.1,1036.6,1109.4,1020.3,1048.7,1091.6,1780.5,40.5,52.9,40.8,60.7,27.7,54.3,51.6,46.4,61.7,43.1,31.7,36.7,40.8,36.0,32.9,32.0,31.0,33.4,30.7,31.6,33.8,61.7,40.5,100.0,70.8,90.8,70.0,103.3,47.5,93.8,89.3,80.1,106.5,72.5,53.8,61.8,69.3,63.7,60.7,58.6,57.5,61.4,56.4,57.8,60.2,70.8,39.9,45.0,45.0,45.0,45.0,45.0,45.0,36.0,36.0,36.0,36.0,36.0,36.0,36.0,36.0,39.0,75,80,77,78,78,76,77,74,74,74,74,72,72,72,72,25,20,23,22,22,24,23,26,26,26,26,28,28,28,28,82,80,No,No,No,No,No,No,No,No,No,No,No,No,No,No,No,No,No,No,No,No,No,No,No,No,No,No,No,No,No,No,Yes,Yes,Yes,Yes,Yes,Yes,Yes,Yes,Yes,Yes,Yes,Yes,Yes,Yes,Yes,No,No,Yes,83,79,69,1.100,43.876,47.542,40.255,0.005,5.689,0.758,175.0,90.0,175.0,120.0,0,0.0,40.4,52.9,40.4,60.6,27.6,54.0,51.5,46.2,61.6,43.1,31.6,36.7,40.8,35.7,32.9,31.9,31.0,33.4,30.7,31.5,33.8,30.6,28.2,28.3,14.6,12.2,41.2,37.9,40.5,34.4,36.2,30.7,34.4,30.8,31.4,27.4,16.6,0.0,0.0,0.0,0.0,0.0,0.0,19.0,27.6,27.0,32.9,26.9,33.2,32.0,33.4,0.1,0.0,0.0,0.0,0.0,0.1,0.4,2394.1,24.00,36,35,35,68,103,383,2,2,Yes,No,No,No,No,No,No,No,No,Yes,Yes,No,No,Yes,No,No,No,No,No,No,No,Yes,No,No,No,No,No,No,No,No,No,No,No,No,No,No,No,No,87.0,4680,4320,4680,73.5,1.095,1.110,1.800,1.815,1.005,5.110,2.125,No,No,No,73.2,1.095,1.110,1.800,1.815,1.005,5.110,3.000,No,No,No,44,44,94.0,100.0,No,No,32094,47869,39,70,100.0,100.0,No,No,1763,3069,0.8,1.1,1.9,0.268,0.042,6580,2270,0.2,0.0,0.2,1.335,0.001,10649,54,77.5,76.0,85.3,83.0,0.875,20.442,20.431,20.453,67.109,41.391,49.406,16.263,65.921,3.000,19.219,95.241,40.689,100.000,140.000,2250.0,2150.2,1890.0,2226.3,1905.0,68.0,29.0,0.0,10.0,66.6,15.6,62.4,0.0,0.0,0.0,Yes,No,No,No,No,Yes,No,0,0,0,0,0,0,0,0,0,0,0,0,0,0,0,0,0,0,0,0,0,0,0,0,0,0,0,0,0,0,2735,5453,5222,297,16.0,69,0.297,54.513,600.0,2394.0,0.1,0.0,0.0,0.0,0.0,0.0,0.0,0.0,0.2,38,16154,38,No,No,No,No,No,No,No,No,16.810,68.277,100.0,0.000,24.1,120,0,0,10.0,119.9,149.8,101.1,98.7,99.7,98.4,119.9,165.2,95.5,93.3,94.2,93.1,8.34,9.88,6.69,5.66,10.02,10.16,6.02,2.32,7.99,0.35,1.01,29,5,3.9,2.2,0,0,0.0,0.0,0,
7.6.2026,23:30:0.716,26333,22434,53.9,20733,11651,64.0,7.6,16384,1238,1.132,1.141,1.138,1.092,1.153,1.153,1.153,1.129,1.129,1.129,1.129,1.124,1.124,1.124,1.129,1.018,0.778,3805.0,4289.5,4289.5,4289.5,4289.5,4289.5,4289.5,3491.5,3491.5,3491.5,3491.5,3391.7,3391.7,3391.7,3391.7,99.8,3691.0,1721.7,2436.0,1955.8,2673.4,1336.5,2563.5,2312.8,2314.4,2313.1,1848.7,1611.6,1691.9,1759.2,1219.0,1210.4,1174.1,1185.8,1243.5,1187.0,1186.4,1211.7,1850.4,42.4,55.2,44.5,60.7,30.0,58.1,52.1,52.1,52.0,42.3,36.5,38.5,40.2,36.9,36.1,34.6,35.2,36.7,34.9,34.9,36.4,60.7,42.4,100.0,74.8,94.9,76.7,103.9,52.0,99.8,90.3,90.1,90.4,71.8,62.6,65.7,68.5,67.3,66.5,64.4,65.1,68.6,65.2,65.2,66.8,74.8,38.1,43.0,43.0,43.0,43.0,43.0,43.0,35.0,35.0,35.0,35.0,34.0,34.0,34.0,34.0,37.0,76,79,77,80,77,76,76,75,75,75,74,74,74,74,74,24,21,23,20,23,24,24,25,25,25,26,26,26,26,26,83,80,No,No,No,No,No,No,No,No,No,No,No,No,No,No,No,No,No,No,No,No,No,No,No,No,No,No,No,No,No,No,Yes,Yes,Yes,Yes,Yes,Yes,Yes,Yes,Yes,Yes,Yes,Yes,Yes,Yes,Yes,No,No,Yes,84,84,70,1.100,23.625,57.881,50.203,0.010,5.916,0.853,175.0,90.0,175.0,120.0,0,0.0,42.7,55.4,44.4,60.9,30.5,58.0,52.3,52.4,52.3,42.6,36.9,38.9,40.5,36.9,36.4,35.0,35.5,37.0,35.3,35.3,36.8,43.9,23.9,25.9,11.0,14.9,37.1,37.4,59.3,59.9,62.0,60.0,58.6,58.6,58.2,47.6,1.9,0.0,0.0,0.0,0.0,0.0,0.0,1.2,1.3,0.7,2.1,1.7,3.5,4.0,12.1,0.0,0.0,0.0,0.0,0.0,0.0,0.2,2394.1,24.00,36,35,35,68,103,383,2,2,Yes,No,No,No,No,No,No,No,No,Yes,Yes,No,No,Yes,No,No,No,No,No,No,No,Yes,No,No,No,No,No,No,No,No,No,No,No,No,No,No,No,No,88.0,4680,4500,4740,73.5,1.095,1.110,1.815,1.815,1.005,5.110,2.000,No,No,No,73.2,1.095,1.110,1.800,1.815,1.005,5.110,3.125,No,No,No,44,44,94.0,100.0,No,No,32094,47869,39,70,100.0,100.0,No,No,1763,3069,0.2,0.9,1.1,0.028,0.029,6580,2270,0.2,0.0,0.2,1.105,0.000,10651,54,78.1,76.0,86.8,83.0,0.875,20.460,20.449,20.470,69.080,28.816,49.807,16.114,66.180,3.000,19.079,10.461,37.071,100.000,140.000,2250.0,2150.2,1890.0,2225.3,1905.0,68.0,28.0,0.0,10.0,66.6,16.0,63.8,0.0,0.0,0.0,Yes,No,No,No,No,Yes,No,0,0,0,0,0,0,0,0,0,0,0,0,0,0,0,0,0,0,0,0,0,0,0,0,0,0,0,0,0,0,2735,5453,5222,297,16.0,70,0.297,60.247,650.0,2394.0,0.2,0.0,0.0,0.0,0.0,0.0,0.0,0.0,0.2,38,16154,38,No,No,No,No,No,No,No,No,16.808,68.277,100.0,0.000,24.1,119,0,0,10.4,119.7,162.5,89.5,79.5,83.4,78.4,119.7,207.9,82.6,77.9,79.5,77.5,8.36,11.33,6.12,4.81,12.14,12.88,6.09,2.27,8.01,0.35,1.23,29,5,2.4,3.7,0,0,0.0,0.0,0,
7.6.2026,23:30:2.715,26383,22385,54.0,20717,11667,63.9,7.6,16384,1238,1.047,1.069,1.050,1.050,1.059,1.024,1.024,1.047,1.047,1.047,1.047,1.047,1.047,1.047,1.047,0.936,0.778,3548.5,3890.5,3890.5,3890.5,3890.5,3890.5,3890.5,3291.9,3291.9,3291.9,3291.9,3291.9,3291.9,3291.9,3291.9,99.8,3291.9,1880.6,2483.6,2124.4,2615.3,1588.1,2639.3,2380.9,2512.3,2292.7,2021.9,1839.7,1948.0,1800.6,1403.4,1428.4,1448.6,1403.0,1465.6,1398.9,1416.1,1402.1,1995.6,49.7,60.8,52.4,63.8,38.7,64.5,57.8,61.1,55.8,49.5,45.1,48.0,44.1,44.1,44.5,45.0,43.5,44.8,42.9,43.1,43.9,64.5,49.7,100.0,82.4,97.1,83.5,101.7,61.8,102.9,92.7,98.0,89.4,78.8,71.4,75.8,70.0,77.3,78.4,79.7,77.1,80.5,76.4,77.6,77.0,82.4,35.6,39.0,39.0,39.0,39.0,39.0,39.0,33.0,33.0,33.0,33.0,33.0,33.0,33.0,33.0,33.0,72,74,74,76,71,75,73,72,72,72,72,71,71,71,71,28,26,26,24,29,25,27,28,28,28,28,29,29,29,29,83,76,No,No,No,No,No,No,No,No,No,No,No,No,No,No,No,No,No,No,No,No,No,No,No,No,No,No,No,No,No,No,Yes,Yes,Yes,Yes,Yes,Yes,Yes,Yes,Yes,Yes,Yes,Yes,Yes,Yes,Yes,No,No,Yes,82,75,70,1.100,18.563,58.016,50.258,0.010,5.968,0.879,175.0,90.0,175.0,120.0,0,0.0,49.6,60.6,52.0,63.8,38.7,64.0,57.9,61.0,55.9,49.5,45.1,47.9,44.3,43.9,44.5,45.1,43.6,44.9,42.9,43.2,43.9,36.8,17.2,20.1,7.7,9.8,27.5,30.2,50.9,50.2,50.4,50.2,50.9,52.6,52.5,45.1,1.5,0.0,0.0,0.0,0.0,0.2,0.0,2.0,2.2,1.5,3.2,1.2,1.9,1.5,7.6,0.0,0.0,0.0,0.0,0.0,0.2,0.1,2394.1,24.00,36,35,35,68,103,383,2,2,Yes,No,No,No,No,No,No,No,Yes,Yes,Yes,No,No,Yes,No,No,No,No,No,No,No,Yes,No,No,No,No,No,No,No,No,No,No,No,No,No,No,No,No,88.0,4740,4560,4740,73.5,1.095,1.110,1.800,1.815,1.005,5.110,2.125,No,No,No,73.5,1.095,1.110,1.800,1.800,1.005,5.110,1.875,No,No,No,44,44,94.0,100.0,No,No,32094,47869,39,70,100.0,100.0,No,No,1763,3069,1.7,1.3,3.0,0.697,0.159,6582,2270,1.6,0.0,1.7,13.275,0.010,10676,54,79.6,76.0,89.2,83.0,0.875,20.504,20.494,20.514,68.691,33.607,50.260,15.986,66.506,3.000,18.951,47.815,32.728,100.000,140.000,2250.0,2150.2,1890.0,2224.8,1905.0,71.0,29.0,0.0,12.0,66.7,16.2,64.7,0.0,0.0,0.0,Yes,No,No,No,No,Yes,No,0,0,0,0,0,0,0,0,0,0,0,0,0,0,0,0,0,0,0,0,0,0,0,0,0,0,0,0,0,0,2730,5458,5226,298,16.0,70,0.297,57.810,600.0,2394.0,0.2,0.0,0.0,0.0,0.0,0.0,0.0,0.0,0.2,38,16154,38,No,No,No,No,No,No,No,No,16.805,68.277,100.0,0.000,24.1,114,0,0,8.3,114.1,177.5,71.9,64.0,67.1,63.2,114.1,228.7,72.4,54.5,61.1,52.9,8.76,14.06,5.61,5.06,15.01,15.87,6.53,2.23,8.37,0.39,2.16,29,5,3.4,8.3,0,0,0.0,0.0,0,
7.6.2026,23:30:4.713,26323,22444,53.9,20731,11653,64.0,7.5,16384,1237,1.081,1.094,1.071,1.086,1.088,1.053,1.073,1.073,1.088,1.088,1.088,1.088,1.088,1.058,1.092,0.956,0.778,3434.5,3990.2,3990.2,3990.2,3990.2,3990.2,3990.2,1097.3,3291.9,3291.9,3291.9,3291.9,3291.9,3291.9,3291.9,99.8,3391.7,1793.8,2136.1,2217.4,2553.8,1452.5,2201.1,2406.8,2224.0,2372.9,1721.4,1863.5,1836.7,1750.4,1401.2,1404.9,1376.5,1351.4,1436.6,1388.8,1367.5,1412.9,1891.9,50.6,55.1,57.3,65.9,37.3,56.9,61.6,57.2,60.8,44.7,48.2,47.6,45.3,48.1,47.3,46.3,45.1,47.9,46.2,45.2,48.2,65.9,50.6,100.0,78.9,83.5,86.8,99.3,56.6,86.2,93.7,87.0,92.3,67.0,72.4,71.6,68.3,77.8,77.8,75.6,74.3,79.2,76.4,75.2,77.7,78.9,34.4,40.0,40.0,40.0,40.0,40.0,40.0,11.0,33.0,33.0,33.0,33.0,33.0,33.0,33.0,34.0,72,74,75,76,74,72,71,71,71,71,71,71,71,71,71,28,26,25,24,26,28,29,29,29,29,29,29,29,29,29,82,76,No,No,No,No,No,No,No,No,No,No,No,No,No,No,No,No,No,No,No,No,No,No,No,No,No,No,No,No,No,No,Yes,Yes,Yes,Yes,Yes,Yes,Yes,Yes,Yes,Yes,Yes,Yes,Yes,Yes,Yes,No,No,Yes,82,75,70,1.100,35.438,53.313,45.440,0.005,6.044,0.933,175.0,90.0,175.0,120.0,0,0.0,50.5,55.0,56.9,65.8,37.4,56.5,61.7,57.1,60.9,44.6,48.2,47.6,45.3,47.8,47.1,46.1,44.9,47.8,46.1,45.0,48.0,32.2,17.0,19.7,8.9,9.4,28.8,29.9,38.2,40.1,48.5,42.9,44.3,41.9,45.5,36.1,4.3,0.0,0.0,0.0,0.0,0.0,0.0,9.6,8.6,2.4,8.4,4.4,8.4,6.1,12.0,0.1,0.0,0.0,0.0,0.0,0.4,0.0,2394.1,24.00,36,35,35,68,103,383,2,2,Yes,No,No,No,No,No,No,No,Yes,No,No,No,No,Yes,No,No,No,No,No,No,No,Yes,No,No,No,No,No,No,No,No,No,No,No,No,No,No,No,No,88.0,4800,4680,4740,73.8,1.095,1.110,1.800,1.815,1.005,5.110,1.250,No,No,No,73.5,1.095,1.110,1.800,1.815,1.005,5.110,2.500,No,No,No,44,44,94.0,100.0,No,No,32094,47869,39,70,100.0,100.0,No,No,1763,3069,0.2,1.9,2.1,0.083,0.134,6582,2271,1.2,0.0,1.2,9.433,0.000,10694,54,80.4,76.0,90.8,83.0,0.875,20.499,20.488,20.510,68.465,38.105,53.822,16.165,70.289,3.000,19.126,71.168,33.165,100.000,140.000,2250.0,2150.2,1890.0,2225.9,1905.0,72.0,29.0,0.0,11.0,66.7,16.0,63.8,0.0,0.0,0.0,Yes,No,No,No,No,Yes,No,0,0,0,0,0,0,0,0,0,0,0,0,0,0,0,0,0,0,0,0,0,0,0,0,0,0,0,0,0,0,2728,5460,5228,298,16.0,70,0.297,45.410,600.0,2394.0,0.1,0.0,0.0,0.0,0.0,0.0,0.0,0.0,0.2,38,16154,38,No,No,No,No,No,No,No,No,16.812,68.277,100.0,0.000,24.1,118,0,0,7.2,117.7,159.8,74.0,69.6,70.4,69.4,117.6,206.0,73.0,54.8,61.3,53.2,8.50,13.63,6.24,5.95,14.31,14.50,6.40,2.10,8.11,0.38,1.65,29,5,7.5,9.1,0,0,0.0,0.0,0,
7.6.2026,23:30:6.720,26360,22407,54.0,20743,11641,64.0,7.5,16384,1237,1.092,1.084,1.079,1.054,1.108,1.108,1.108,1.108,1.088,1.093,1.080,1.095,1.095,1.095,1.095,0.956,0.778,3413.1,3990.2,3990.2,3990.2,3990.2,3990.2,3990.2,3291.9,3291.9,3291.9,3291.9,798.0,3291.9,3291.9,3291.9,99.8,3391.7,1726.2,1758.5,2370.4,2442.5,1440.3,2259.8,2328.2,2267.5,2282.5,1702.1,1783.6,1933.2,1659.6,1232.1,1292.7,1333.4,1285.9,1308.5,1306.5,1296.2,1239.6,1835.8,47.3,45.1,61.0,62.7,36.8,58.1,59.3,57.9,58.1,43.9,45.9,49.8,42.7,39.0,41.0,42.0,40.5,41.1,41.0,40.7,40.3,62.7,47.3,100.0,75.5,68.6,92.8,95.1,56.1,88.3,90.6,88.3,89.0,66.1,69.3,75.1,64.6,68.2,71.1,73.2,70.8,71.9,71.8,70.9,68.2,75.5,34.2,40.0,40.0,40.0,40.0,40.0,40.0,33.0,33.0,33.0,33.0,8.0,33.0,33.0,33.0,34.0,73,74,75,77,74,74,73,73,73,73,73,72,72,71,71,27,26,25,23,26,26,27,27,27,27,27,28,28,29,29,82,77,No,No,No,No,No,No,No,No,No,No,No,No,No,No,No,No,No,No,No,No,No,No,No,No,No,No,No,No,No,No,Yes,Yes,Yes,Yes,Yes,Yes,Yes,Yes,Yes,Yes,Yes,Yes,Yes,Yes,Yes,No,No,Yes,82,75,69,1.100,26.157,44.875,37.003,0.010,6.025,0.930,175.0,90.0,175.0,120.0,0,0.0,47.3,45.0,60.6,62.6,36.8,57.6,59.4,57.8,58.1,43.8,45.9,49.8,42.6,38.8,40.9,42.0,40.5,41.0,40.9,40.7,40.3,37.7,19.7,22.0,9.3,9.5,31.1,28.4,54.0,54.5,53.7,52.4,51.8,51.6,53.3,37.3,3.0,0.0,0.0,0.0,0.0,0.0,0.2,4.2,1.8,1.5,4.0,4.2,4.5,3.3,18.4,0.1,0.0,0.0,0.0,0.0,0.2,0.3,2394.1,24.00,36,35,35,68,103,383,2,2,Yes,No,No,No,No,No,No,No,Yes,No,No,No,No,Yes,No,No,No,No,No,No,No,Yes,No,No,No,No,No,No,No,No,No,No,No,No,No,No,No,No,88.0,4800,4680,4740,73.8,1.095,1.110,1.800,1.815,1.005,5.040,2.250,No,No,No,73.8,1.095,1.110,1.800,1.815,1.005,5.040,2.875,No,No,No,44,44,94.0,100.0,No,No,32094,47869,39,70,100.0,100.0,No,No,1763,3069,0.3,0.8,1.1,0.081,0.039,6582,2271,0.9,0.0,0.9,7.619,0.002,10709,54,78.0,76.0,86.1,83.0,0.875,20.525,20.516,20.534,69.897,31.084,48.532,15.859,64.662,3.000,18.829,32.934,33.773,100.000,140.000,2250.0,2150.2,1890.0,2225.4,1905.0,67.0,28.0,0.0,10.0,66.7,15.9,63.6,0.0,0.0,0.0,Yes,No,No,No,No,Yes,No,0,0,0,0,0,0,0,0,0,0,0,0,0,0,0,0,0,0,0,0,0,0,0,0,0,0,0,0,0,0,2729,5459,5227,298,16.0,70,0.297,44.791,650.0,2394.0,0.2,0.0,0.0,0.0,0.0,0.0,0.0,0.0,0.2,38,16154,38,No,No,No,No,No,No,No,No,16.810,68.277,100.0,0.000,24.1,114,0,0,9.1,113.9,168.5,66.0,56.4,60.1,55.4,113.6,227.6,54.9,53.5,53.5,53.5,8.78,15.31,5.85,5.51,16.74,18.07,6.33,2.45,8.39,0.39,2.20,29,5,4.0,9.6,0,0,0.0,0.0,0,
7.6.2026,23:30:8.721,26357,22411,54.0,20738,11645,64.0,7.5,16384,1237,1.082,1.069,1.034,1.057,1.092,1.097,1.092,1.082,1.077,1.097,1.077,1.092,1.097,1.092,1.097,0.956,0.778,3591.2,3990.2,3990.2,3990.2,3990.2,3990.2,3990.2,3291.9,3291.9,3291.9,3291.9,3291.9,3291.9,3291.9,3291.9,99.8,3391.7,1739.3,1989.8,2104.9,2533.3,1451.8,2595.8,2075.8,2457.1,2039.0,1876.1,1667.6,2061.0,1641.2,1255.5,1266.6,1332.0,1247.9,1309.4,1303.5,1329.4,1248.3,1849.7,47.2,50.6,53.6,64.4,36.5,66.1,52.4,62.3,51.5,47.7,42.3,52.4,41.5,39.6,39.8,41.6,38.8,40.7,40.5,41.5,39.6,66.1,47.2,100.0,76.1,77.7,82.8,98.5,56.6,101.2,81.0,95.9,79.9,72.9,64.9,80.2,64.0,69.4,69.8,73.6,68.8,71.8,71.6,73.0,68.7,76.1,36.0,40.0,40.0,40.0,40.0,40.0,40.0,33.0,33.0,33.0,33.0,33.0,33.0,33.0,33.0,34.0,73,74,75,75,72,72,73,72,72,72,72,72,72,72,72,27,26,25,25,28,28,27,28,28,28,28,28,28,28,28,82,75,No,No,No,No,No,No,No,No,No,No,No,No,No,No,No,No,No,No,No,No,No,No,No,No,No,No,No,No,No,No,Yes,Yes,Yes,Yes,Yes,Yes,Yes,Yes,Yes,Yes,Yes,Yes,Yes,Yes,Yes,No,No,Yes,82,75,70,1.100,35.438,44.996,37.275,0.005,5.990,0.905,175.0,90.0,175.0,120.0,0,0.0,47.4,50.8,53.7,64.6,37.0,65.8,52.7,62.4,51.8,48.0,42.7,52.7,41.9,39.7,40.1,41.9,39.2,41.1,40.9,41.9,40.0,38.1,22.4,20.3,9.3,10.4,29.9,27.0,56.1,53.6,54.4,51.2,54.2,52.8,54.0,38.3,2.6,0.0,0.0,0.0,0.0,0.0,0.0,1.4,3.4,0.7,6.4,2.0,3.4,1.5,17.6,0.1,0.0,0.0,0.0,0.0,0.4,0.0,2394.1,24.00,36,35,35,68,103,383,2,2,Yes,No,No,No,No,No,No,No,Yes,No,No,No,No,Yes,No,No,No,No,No,No,No,Yes,No,No,No,No,No,No,No,No,No,No,No,No,No,No,No,No,88.0,4740,4620,4800,74.0,1.110,1.110,1.800,1.815,1.005,5.040,2.000,No,No,No,73.8,1.095,1.110,1.800,1.815,1.005,5.040,2.125,No,No,No,44,44,94.0,100.0,No,No,32094,47869,39,70,100.0,100.0,No,No,1763,3069,0.0,0.9,0.9,0.000,0.086,6582,2271,1.1,0.0,1.1,10.460,0.000,10729,54,79.0,76.0,87.8,83.0,0.875,20.515,20.506,20.524,69.783,28.555,47.611,15.872,63.748,3.000,18.835,10.461,40.356,100.000,140.000,2250.0,2150.2,1890.0,2225.0,1905.0,66.0,28.0,0.0,12.0,66.5,15.7,62.6,0.0,0.0,0.0,Yes,No,No,No,No,Yes,No,0,0,0,0,0,0,0,0,0,0,0,0,0,0,0,0,0,0,0,0,0,0,0,0,0,0,0,0,0,0,2745,5443,5211,298,16.0,70,0.297,44.270,600.0,2394.0,0.1,0.0,0.0,0.0,0.0,0.0,0.0,0.0,0.2,38,16154,38,No,No,No,No,No,No,No,No,16.811,68.277,100.0,0.000,24.1,116,0,0,9.8,116.1,179.6,78.5,62.3,68.4,60.7,116.1,219.2,74.6,55.3,62.3,53.6,8.61,12.90,5.56,5.54,14.71,16.48,6.37,2.25,8.23,0.38,2.18,29,5,4.1,8.8,0,0,0.0,0.0,0,
7.6.2026,23:30:10.717,26390,22378,54.1,20722,11662,63.9,7.5,16384,1237,1.082,1.045,1.039,1.036,1.036,1.057,1.024,1.024,1.044,1.039,1.039,1.039,1.044,1.044,1.024,0.936,0.778,3591.2,3890.5,3890.5,3890.5,3890.5,3890.5,3790.7,3192.2,3192.2,3192.2,3192.2,3192.2,3192.2,3192.2,3192.2,99.8,3291.9,1739.3,2034.1,2084.0,2468.3,1423.1,2464.5,2061.3,2426.6,2100.6,1791.8,1697.2,1995.7,1670.7,1253.5,1257.0,1324.7,1273.6,1301.9,1284.7,1323.3,1233.6,1832.9,47.2,52.1,53.5,63.1,36.2,63.1,52.3,61.8,53.4,46.0,43.2,51.0,42.7,39.7,39.6,41.7,40.1,40.7,40.3,41.6,39.6,63.1,47.1,100.0,76.1,79.6,81.9,96.0,55.4,96.2,80.3,94.7,81.9,69.7,65.7,77.6,65.0,69.2,69.2,72.9,69.9,71.6,70.5,72.6,68.0,75.4,36.0,39.0,39.0,39.0,39.0,39.0,38.0,32.0,32.0,32.0,32.0,32.0,32.0,32.0,32.0,33.0,73,74,75,75,72,72,73,72,72,72,72,72,72,72,72,27,26,25,25,28,28,27,28,28,28,28,28,28,28,28,82,75,No,No,No,No,No,No,No,No,No,No,No,No,No,No,No,No,No,No,No,No,No,No,No,No,No,No,No,No,No,No,Yes,Yes,Yes,Yes,Yes,Yes,Yes,Yes,Yes,Yes,Yes,Yes,Yes,Yes,Yes,No,No,Yes,82,75,69,1.100,31.219,45.291,37.414,0.005,5.992,0.904,175.0,90.0,175.0,120.0,0,0.0,47.4,50.8,53.7,64.6,37.0,65.8,52.7,62.4,51.8,48.0,42.7,52.7,41.9,39.7,40.1,41.9,39.2,41.1,40.9,41.9,40.0,38.1,22.4,20.3,9.3,10.4,29.9,27.0,56.1,53.6,54.4,51.2,54.2,52.8,54.0,38.3,2.6,0.0,0.0,0.0,0.0,0.0,0.0,1.4,3.4,0.7,6.4,2.0,3.4,1.5,17.6,0.1,0.0,0.0,0.0,0.0,0.4,0.0,2394.1,24.00,36,35,35,68,103,383,2,2,Yes,No,No,No,No,No,No,No,Yes,No,No,No,No,Yes,No,No,No,No,No,No,No,Yes,No,No,No,No,No,No,No,No,No,No,No,No,No,No,No,No,88.0,4740,4620,4740,74.0,1.095,1.110,1.800,1.815,1.005,5.040,2.125,No,No,No,74.0,1.095,1.110,1.800,1.815,1.005,5.040,1.375,No,No,No,44,44,94.0,100.0,No,No,32094,47869,39,70,100.0,100.0,No,No,1763,3069,0.0,0.9,0.9,0.000,0.086,6582,2271,1.1,0.0,1.1,10.460,0.000,10729,54,78.8,76.0,87.3,83.0,0.875,20.517,20.507,20.528,71.664,29.553,51.117,16.467,67.844,3.000,19.418,10.541,38.488,100.000,140.000,2250.0,2150.2,1890.0,2223.9,1905.0,69.0,30.0,0.0,11.0,66.3,16.2,64.7,0.0,0.0,0.0,Yes,No,No,No,No,Yes,No,0,0,0,0,0,0,0,0,0,0,0,0,0,0,0,0,0,0,0,0,0,0,0,0,0,0,0,0,0,0,2761,5427,5195,298,16.0,70,0.297,47.323,600.0,2394.0,0.1,0.0,0.0,0.0,0.0,0.0,0.0,0.0,0.2,38,16154,38,No,No,No,No,No,No,No,No,16.810,68.277,100.0,0.000,24.1,116,0,0,9.8,116.1,179.6,78.5,62.3,68.4,60.7,116.1,219.2,74.6,55.3,62.3,53.6,8.61,12.90,5.56,5.54,14.71,16.48,6.37,2.25,8.23,0.38,2.18,29,5,4.1,8.8,0,0,0.0,0.0,0,
7.6.2026,23:30:12.725,26337,22431,54.0,20682,11701,63.8,7.5,16384,1237,1.109,1.146,1.104,1.132,1.137,1.127,1.122,1.124,1.114,1.114,1.084,1.079,1.079,1.079,1.089,0.976,0.778,3634.0,4090.0,4090.0,4090.0,4090.0,4090.0,4090.0,3291.9,3291.9,3291.9,3291.9,3291.9,3291.9,3291.9,3291.9,99.8,3491.5,1717.4,2072.9,2049.7,2483.2,1461.5,2371.4,2131.8,2169.7,2436.2,1738.0,1724.5,1774.2,1905.3,1228.4,1212.8,1280.4,1269.0,1277.4,1213.4,1296.7,1250.7,1831.8,47.5,53.5,53.0,63.8,37.6,61.1,54.6,55.7,62.3,45.1,44.7,45.9,49.1,39.7,38.9,40.9,40.7,41.0,38.7,41.5,41.4,63.8,47.5,100.0,75.2,81.3,80.7,96.6,57.0,92.8,83.2,84.8,94.9,67.8,67.4,69.6,74.7,68.0,66.9,70.7,69.9,70.2,66.8,71.6,69.0,75.2,36.4,41.0,41.0,41.0,41.0,41.0,41.0,33.0,33.0,33.0,33.0,33.0,33.0,33.0,33.0,35.0,71,73,72,76,71,72,70,70,70,70,70,70,70,71,71,29,27,28,24,29,28,30,30,30,30,30,30,30,29,29,82,76,No,No,No,No,No,No,No,No,No,No,No,No,No,No,No,No,No,No,No,No,No,No,No,No,No,No,No,No,No,No,Yes,Yes,Yes,Yes,Yes,Yes,Yes,Yes,Yes,Yes,Yes,Yes,Yes,Yes,Yes,No,No,Yes,82,75,70,1.100,10.125,45.487,37.659,0.005,5.992,0.902,175.0,90.0,175.0,120.0,0,0.0,47.2,53.3,52.5,63.7,37.4,60.5,54.4,55.4,62.2,44.9,44.4,45.7,49.0,39.2,38.5,40.7,40.4,40.8,38.5,41.3,41.1,39.6,21.8,20.5,10.8,8.5,30.1,26.5,57.0,58.0,56.2,56.0,56.6,54.4,55.1,42.1,1.6,0.0,0.0,0.0,0.0,0.3,0.2,1.0,0.9,0.3,0.9,0.1,4.3,0.9,13.2,0.0,0.0,0.0,0.0,0.0,0.1,0.1,2394.1,24.00,36,35,35,68,103,383,2,2,Yes,No,No,No,No,No,No,No,Yes,No,No,No,No,Yes,No,No,No,No,No,No,No,Yes,No,No,No,No,No,No,No,No,No,No,No,No,No,No,No,No,88.0,4740,4680,4740,74.2,1.095,1.110,1.815,1.815,1.005,5.040,1.375,No,No,No,74.0,1.095,1.110,1.800,1.815,1.005,5.040,2.875,No,No,No,44,44,94.0,100.0,No,No,32094,47869,39,70,100.0,100.0,No,No,1763,3069,0.3,0.8,1.1,0.065,0.056,6582,2271,0.5,0.0,0.5,2.603,0.010,10741,54,77.2,76.0,84.8,83.0,0.875,20.533,20.527,20.540,70.885,24.863,43.499,15.128,58.868,3.000,18.086,10.286,25.175,100.000,140.000,2250.0,2150.2,1890.0,2224.7,1905.0,60.0,27.0,0.0,10.0,67.4,15.4,61.6,0.0,0.0,0.0,Yes,No,No,No,No,Yes,No,0,0,0,0,0,0,0,0,0,0,0,0,0,0,0,0,0,0,0,0,0,0,0,0,0,0,0,0,0,0,2665,5523,5291,298,16.0,69,0.297,43.818,600.0,2394.0,0.1,0.0,0.0,0.0,0.0,0.0,0.0,0.0,0.2,38,16154,38,No,No,No,No,No,No,No,No,16.813,68.277,100.0,0.000,24.1,117,0,0,8.5,117.0,172.0,79.6,64.2,69.7,62.8,117.1,214.7,74.4,54.9,61.9,53.2,8.54,12.45,5.69,5.08,14.33,16.06,5.78,2.76,8.17,0.37,1.78,29,5,3.2,8.4,0,0,0.0,0.0,0,
7.6.2026,23:30:14.720,26337,22431,54.0,20682,11701,63.8,7.5,16384,1237,1.109,1.146,1.104,1.132,1.137,1.127,1.122,1.124,1.114,1.114,1.084,1.079,1.079,1.079,1.089,0.976,0.778,3634.0,4090.0,4090.0,4090.0,4090.0,4090.0,4090.0,3291.9,3291.9,3291.9,3291.9,3291.9,3291.9,3291.9,3291.9,99.8,3491.5,1717.4,2072.9,2049.7,2483.2,1461.5,2371.4,2131.8,2169.7,2436.2,1738.0,1724.5,1774.2,1905.3,1228.4,1212.8,1280.4,1269.0,1277.4,1213.4,1296.7,1250.7,1831.8,47.5,53.5,53.0,63.8,37.6,61.1,54.6,55.7,62.3,45.1,44.7,45.9,49.1,39.7,38.9,40.9,40.7,41.0,38.7,41.5,41.4,63.8,47.5,100.0,75.2,81.3,80.7,96.6,57.0,92.8,83.2,84.8,94.9,67.8,67.4,69.6,74.7,68.0,66.9,70.7,69.9,70.2,66.8,71.6,69.0,75.2,36.4,41.0,41.0,41.0,41.0,41.0,41.0,33.0,33.0,33.0,33.0,33.0,33.0,33.0,33.0,35.0,71,73,72,76,71,72,70,70,70,70,70,70,70,71,71,29,27,28,24,29,28,30,30,30,30,30,30,30,29,29,82,76,No,No,No,No,No,No,No,No,No,No,No,No,No,No,No,No,No,No,No,No,No,No,No,No,No,No,No,No,No,No,Yes,Yes,Yes,Yes,Yes,Yes,Yes,Yes,Yes,Yes,Yes,Yes,Yes,Yes,Yes,No,No,Yes,82,77,69,1.100,47.251,45.083,37.319,0.010,5.978,0.893,175.0,90.0,175.0,120.0,0,0.0,47.2,53.3,52.5,63.7,37.4,60.5,54.4,55.4,62.2,44.9,44.4,45.7,49.0,39.2,38.5,40.7,40.4,40.8,38.5,41.3,41.1,39.6,21.8,20.5,10.8,8.5,30.1,26.5,57.0,58.0,56.2,56.0,56.6,54.4,55.1,42.1,1.6,0.0,0.0,0.0,0.0,0.3,0.2,1.0,0.9,0.3,0.9,0.1,4.3,0.9,13.2,0.0,0.0,0.0,0.0,0.0,0.1,0.1,2394.1,24.00,36,35,35,68,103,383,2,2,Yes,No,No,No,No,No,No,No,Yes,No,No,No,No,Yes,No,No,No,No,No,No,No,Yes,No,No,No,No,No,No,No,No,No,No,No,No,No,No,No,No,88.0,4740,4620,4740,74.2,1.095,1.110,1.800,1.800,1.005,5.040,1.875,No,No,No,74.0,1.095,1.110,1.800,1.800,1.005,5.040,2.000,No,No,No,44,44,94.0,100.0,No,No,32094,47869,39,70,100.0,100.0,No,No,1763,3069,0.3,0.8,1.1,0.065,0.056,6582,2271,0.5,0.0,0.5,2.603,0.010,10741,54,77.6,76.0,85.3,83.0,0.875,20.515,20.506,20.523,66.493,27.964,47.883,15.893,64.033,3.000,18.843,10.430,35.670,100.000,140.000,2250.0,2150.2,1890.0,2227.5,1905.0,63.0,28.0,0.0,10.0,67.3,14.3,57.1,0.0,0.0,0.0,Yes,No,No,No,No,Yes,No,0,0,0,0,0,0,0,0,0,0,0,0,0,0,0,0,0,0,0,0,0,0,0,0,0,0,0,0,0,0,2681,5507,5275,298,16.0,69,0.297,45.014,600.0,2394.0,0.2,0.0,0.0,0.0,0.0,0.0,0.0,0.0,0.2,38,16154,38,No,No,No,No,No,No,No,No,16.816,68.277,100.0,0.000,24.1,117,0,0,8.5,117.0,172.0,79.6,64.2,69.7,62.8,117.1,214.7,74.4,54.9,61.9,53.2,8.54,12.45,5.69,5.08,14.33,16.06,5.78,2.76,8.17,0.37,1.78,29,5,3.2,8.4,0,0,0.0,0.0,0,
7.6.2026,23:30:16.718,26390,22378,54.1,20670,11713,63.8,7.5,16384,1237,1.103,1.089,1.046,1.031,1.086,1.117,1.122,1.122,1.122,1.122,1.102,1.122,1.122,1.122,1.122,0.976,0.778,3634.0,4090.0,4090.0,4090.0,4090.0,4090.0,4090.0,3291.9,3291.9,3291.9,3291.9,3291.9,3291.9,3291.9,3291.9,99.8,3491.5,1625.4,2105.5,1836.4,2400.2,1367.3,2485.8,2080.3,2245.6,2140.5,1711.8,1562.6,1668.9,1747.1,1128.1,1094.5,1197.0,1174.3,1165.7,1088.6,1154.0,1152.8,1746.6,44.2,53.3,46.5,60.6,34.4,62.7,52.1,56.3,53.6,43.5,39.7,42.3,44.3,36.8,35.7,38.8,37.8,37.6,34.6,36.7,37.8,62.7,44.2,100.0,70.9,82.5,72.3,93.5,53.3,97.2,81.2,87.6,83.6,66.7,60.9,65.0,68.3,62.7,60.5,66.1,64.8,64.4,60.3,63.7,63.7,70.9,36.4,41.0,41.0,41.0,41.0,41.0,41.0,33.0,33.0,33.0,33.0,33.0,33.0,33.0,33.0,35.0,72,73,74,75,74,71,74,71,71,71,71,71,71,71,71,28,27,26,25,26,29,26,29,29,29,29,29,29,29,29,82,75,No,No,No,No,No,No,No,No,No,No,No,No,No,No,No,No,No,No,No,No,No,No,No,No,No,No,No,No,No,No,Yes,Yes,Yes,Yes,Yes,Yes,Yes,Yes,Yes,Yes,Yes,Yes,Yes,Yes,Yes,No,No,Yes,82,76,69,1.100,53.157,43.521,35.779,0.005,5.948,0.867,175.0,90.0,175.0,120.0,0,0.0,44.2,53.2,46.2,60.5,34.4,62.3,52.1,56.3,53.6,43.6,39.7,42.3,44.4,36.5,35.6,38.8,37.7,37.5,34.6,36.7,37.8,39.7,24.8,23.2,10.0,10.9,33.6,30.3,55.1,50.8,56.4,53.9,56.0,49.8,59.0,42.0,4.0,0.0,0.0,0.0,0.0,0.0,0.7,5.2,10.2,1.9,5.2,3.5,11.9,1.6,16.0,0.1,0.0,0.0,0.0,0.0,0.4,0.0,2394.1,24.00,36,35,35,68,103,383,2,2,Yes,No,No,No,No,No,No,No,Yes,No,No,No,No,Yes,No,No,No,No,No,No,No,Yes,No,No,No,No,No,No,No,No,No,No,No,No,No,No,No,No,87.0,4740,4560,4800,74.5,1.095,1.110,1.800,1.800,0.990,5.040,2.375,No,No,No,74.2,1.095,1.110,1.800,1.800,1.005,5.040,1.375,No,No,No,44,44,94.0,100.0,No,No,32094,47869,39,70,100.0,100.0,No,No,1763,3069,0.0,1.7,1.7,0.000,0.057,6582,2271,1.7,0.0,1.7,11.695,0.000,10764,54,77.2,76.0,85.3,83.0,0.875,20.510,20.502,20.518,65.434,25.699,44.675,15.213,60.118,3.000,18.175,10.335,28.380,100.000,140.000,2250.0,2150.2,1890.0,2227.6,1905.0,60.0,26.0,0.0,9.0,67.0,14.1,56.4,0.0,0.0,0.0,Yes,No,No,No,No,Yes,No,0,0,0,0,0,0,0,0,0,0,0,0,0,0,0,0,0,0,0,0,0,0,0,0,0,0,0,0,0,0,2705,5483,5251,298,16.0,70,0.297,41.557,600.0,2394.0,0.1,0.0,0.0,0.0,0.0,0.0,0.0,0.0,0.2,38,16154,38,No,No,No,No,No,No,No,No,16.810,68.277,100.0,0.000,24.1,117,0,0,7.6,116.9,183.2,72.9,60.6,65.0,59.4,116.9,191.3,73.6,54.9,61.5,53.3,8.56,13.72,5.42,4.86,15.35,16.78,5.77,2.79,8.19,0.36,1.70,29,5,9.0,13.8,0,0,0.0,0.0,0,
7.6.2026,23:30:18.713,26315,22453,53.9,20607,11777,63.6,7.5,16384,1237,1.088,1.085,1.077,1.077,1.046,1.046,1.093,1.088,1.103,1.103,1.103,1.103,1.103,1.103,1.103,0.956,0.778,3434.5,3990.2,3990.2,3990.2,3990.2,3990.2,3990.2,1097.3,3291.9,3291.9,3291.9,3291.9,3291.9,3291.9,3291.9,99.8,3391.7,1704.3,2129.9,1907.2,2480.7,1357.5,2353.2,2337.5,2003.8,2425.9,1803.5,1673.9,1686.8,1792.4,1253.6,1215.8,1272.2,1293.5,1278.7,1241.2,1256.5,1321.0,1811.7,47.4,54.5,48.8,63.2,34.2,59.9,59.1,50.7,61.3,46.2,42.5,42.8,45.6,43.8,41.2,43.1,43.5,41.6,41.7,41.4,44.0,63.2,47.4,100.0,75.3,83.6,75.4,97.1,53.1,92.3,91.6,78.6,95.3,70.6,65.5,65.8,70.3,70.5,68.2,71.1,72.1,71.0,69.4,70.0,73.6,75.3,34.4,40.0,40.0,40.0,40.0,40.0,40.0,11.0,33.0,33.0,33.0,33.0,33.0,33.0,33.0,34.0,73,75,73,76,75,76,71,72,72,72,72,71,71,71,71,27,25,27,24,25,24,29,28,28,28,28,29,29,29,29,82,76,No,No,No,No,No,No,No,No,No,No,No,No,No,No,No,No,No,No,No,No,No,No,No,No,No,No,No,No,No,No,Yes,Yes,Yes,Yes,Yes,Yes,Yes,Yes,Yes,Yes,Yes,Yes,Yes,Yes,Yes,No,No,Yes,82,75,69,1.100,34.594,42.128,34.379,0.005,5.977,0.886,175.0,90.0,175.0,120.0,0,0.0,47.3,54.3,48.5,63.1,34.4,59.4,59.0,50.6,61.2,46.3,42.7,43.0,45.7,43.1,40.7,42.7,43.3,41.5,41.5,41.2,43.8,32.5,23.1,22.1,9.1,11.5,29.7,30.3,41.2,41.3,43.4,42.4,47.6,35.2,41.7,36.7,6.7,0.0,0.0,0.0,0.0,0.2,0.1,10.5,13.0,9.2,9.7,6.8,18.0,12.5,14.5,0.0,0.0,0.0,0.0,0.0,0.2,0.1,2394.1,24.00,36,35,35,68,103,383,2,2,Yes,No,No,No,No,No,No,No,Yes,No,No,No,No,Yes,No,No,No,No,No,No,No,Yes,No,No,No,No,No,No,No,No,No,No,No,No,No,No,No,No,88.0,4740,4680,4800,74.5,1.095,1.110,1.800,1.800,1.005,5.110,2.000,No,No,No,74.2,1.095,1.110,1.800,1.800,1.005,5.110,1.250,No,No,No,44,44,94.0,100.0,No,No,32094,47869,39,70,100.0,100.0,No,No,1763,3069,0.0,0.9,0.9,0.000,0.021,6582,2271,2.1,0.0,2.1,16.282,0.000,10795,54,77.9,76.0,86.0,83.0,0.875,20.510,20.500,20.519,68.570,34.355,48.558,16.236,65.046,3.000,19.190,52.310,36.144,100.000,140.000,2250.0,2150.2,1890.0,2226.5,1905.0,66.0,29.0,0.0,9.0,66.4,15.1,60.2,0.0,0.0,0.0,Yes,No,No,No,No,Yes,No,0,0,0,0,0,0,0,0,0,0,0,0,0,0,0,0,0,0,0,0,0,0,0,0,0,0,0,0,0,0,2753,5435,5203,298,16.0,70,0.297,44.355,600.0,2394.0,0.1,0.0,0.0,0.0,0.0,0.0,0.0,0.0,0.2,38,16154,38,No,No,No,No,No,No,No,No,16.810,68.277,100.0,0.000,24.1,112,0,0,8.0,112.1,173.0,68.2,60.1,63.4,59.3,111.9,219.6,54.8,53.2,53.4,53.1,8.92,14.64,5.74,5.50,15.80,16.94,6.07,2.85,8.55,0.37,2.15,29,5,8.7,12.6,0,0,0.0,0.0,0,
7.6.2026,23:30:20.712,26219,22549,53.7,20645,11739,63.7,7.5,16384,1237,1.106,1.083,1.108,1.103,1.103,1.108,1.108,1.108,1.108,1.108,1.108,1.108,1.112,1.112,1.112,0.976,0.778,3634.0,4090.0,4090.0,4090.0,4090.0,4090.0,4090.0,3291.9,3291.9,3291.9,3291.9,3291.9,3291.9,3291.9,3291.9,99.8,3491.5,1647.5,1981.4,1946.8,2546.5,1255.7,2013.2,2472.7,1843.4,2537.9,1620.0,1692.2,1588.8,1785.6,1164.9,1183.4,1212.9,1226.5,1274.7,1169.4,1160.7,1273.2,1754.5,45.0,50.5,49.8,64.6,31.8,51.1,62.3,46.6,63.9,41.4,43.2,40.6,45.4,37.2,38.0,38.7,39.2,40.3,36.8,36.7,41.0,64.6,45.0,100.0,72.0,77.5,76.5,99.0,49.0,78.9,96.2,72.1,98.9,63.1,65.9,61.8,69.5,64.3,65.1,66.7,67.5,70.2,64.7,63.8,70.1,72.0,36.4,41.0,41.0,41.0,41.0,41.0,41.0,33.0,33.0,33.0,33.0,33.0,33.0,33.0,33.0,35.0,73,74,73,75,74,74,73,72,72,72,72,72,72,72,72,27,26,27,25,26,26,27,28,28,28,28,28,28,28,28,82,75,No,No,No,No,No,No,No,No,No,No,No,No,No,No,No,No,No,No,No,No,No,No,No,No,No,No,No,No,No,No,Yes,Yes,Yes,Yes,Yes,Yes,Yes,Yes,Yes,Yes,Yes,Yes,Yes,Yes,Yes,No,No,Yes,82,77,69,1.100,32.907,44.833,37.083,0.005,5.960,0.882,175.0,90.0,175.0,120.0,0,0.0,44.8,50.4,49.4,64.5,31.8,50.7,62.2,46.5,63.9,41.4,43.1,40.5,45.4,36.9,37.9,38.6,39.1,40.2,36.7,36.6,40.9,40.8,25.0,22.5,10.7,12.4,33.5,32.4,59.2,57.1,57.2,54.7,55.5,49.7,51.6,50.1,2.5,0.0,0.0,0.0,0.0,0.1,0.0,1.3,2.4,1.5,3.3,1.6,10.1,8.7,5.8,0.1,0.0,0.0,0.0,0.0,0.3,0.1,2394.1,24.00,36,35,35,68,103,383,2,2,Yes,No,No,No,No,No,No,No,Yes,No,No,No,No,Yes,No,No,No,No,No,No,No,Yes,No,No,No,No,No,No,No,No,No,No,No,No,No,No,No,No,88.0,4740,4680,4740,74.5,1.095,1.110,1.800,1.800,1.005,5.110,1.125,No,No,No,74.2,1.095,1.110,1.800,1.800,1.005,5.110,2.875,No,No,No,44,44,94.0,100.0,No,No,32094,47869,39,70,100.0,100.0,No,No,1763,3069,0.0,1.5,1.5,0.000,0.052,6582,2271,0.8,0.0,0.8,7.406,0.000,10809,54,77.1,76.0,86.7,83.0,0.875,20.504,20.495,20.513,66.510,30.144,46.212,15.433,61.887,3.000,18.385,32.692,33.398,100.000,140.000,2250.0,2150.2,1890.0,2226.9,1905.0,62.0,26.0,0.0,9.0,65.6,15.0,60.2,0.0,0.0,0.0,Yes,No,No,No,No,Yes,No,0,0,0,0,0,0,0,0,0,0,0,0,0,0,0,0,0,0,0,0,0,0,0,0,0,0,0,0,0,0,2817,5371,5139,298,16.0,70,0.297,44.338,600.0,2394.0,0.1,0.0,0.0,0.0,0.0,0.0,0.0,0.0,0.2,38,16154,38,No,No,No,No,No,No,No,No,16.811,68.277,100.0,0.000,24.1,119,0,0,9.0,119.1,147.5,95.7,94.8,95.0,94.8,119.2,173.1,92.2,90.9,91.5,90.7,8.40,10.45,6.78,6.60,10.52,10.52,5.89,2.50,8.04,0.36,0.99,29,5,4.4,7.4,0,0,0.0,0.0,0,
7.6.2026,23:30:22.721,26237,22530,53.8,20644,11739,63.7,7.5,16384,1237,1.063,1.046,1.072,1.082,1.074,1.079,1.074,1.074,1.074,1.074,1.039,1.049,1.039,1.044,1.059,0.956,0.778,3591.2,3990.2,3990.2,3990.2,3990.2,3990.2,3990.2,3291.9,3291.9,3291.9,3291.9,3291.9,3291.9,3291.9,3291.9,99.8,3391.7,1619.8,2014.6,1845.5,2538.0,1202.9,2020.8,2459.4,1897.6,2458.7,1667.2,1610.4,1647.0,1697.7,1131.4,1184.0,1182.2,1170.8,1196.0,1099.9,1149.9,1222.5,1733.0,43.8,50.9,46.8,63.8,30.1,50.7,61.3,47.4,61.4,42.1,40.5,41.6,42.7,36.1,38.0,37.7,37.2,37.4,34.6,35.9,39.4,63.8,43.8,100.0,70.7,78.8,72.4,98.8,46.9,79.2,95.7,74.1,95.9,64.9,62.7,64.0,66.1,62.8,65.5,65.1,64.7,65.9,60.5,63.4,67.1,70.7,36.0,40.0,40.0,40.0,40.0,40.0,40.0,33.0,33.0,33.0,33.0,33.0,33.0,33.0,33.0,34.0,72,75,74,75,72,72,71,72,72,72,72,71,71,71,71,28,25,26,25,28,28,29,28,28,28,28,29,29,29,29,83,75,No,No,No,No,No,No,No,No,No,No,No,No,No,No,No,No,No,No,No,No,No,No,No,No,No,No,No,No,No,No,Yes,Yes,Yes,Yes,Yes,Yes,Yes,Yes,Yes,Yes,Yes,Yes,Yes,Yes,Yes,No,No,Yes,82,77,69,1.100,32.907,44.773,37.051,0.005,5.945,0.874,175.0,90.0,175.0,120.0,0,0.0,43.8,51.0,46.5,63.8,30.2,50.5,61.4,47.4,61.4,42.2,40.6,41.7,42.8,36.0,38.0,37.8,37.4,37.5,34.7,36.0,39.5,40.9,26.3,23.8,11.6,12.8,34.8,33.2,55.2,54.2,56.6,55.1,56.3,50.7,52.0,50.5,3.4,0.0,0.0,0.0,0.0,0.0,0.0,5.6,4.7,2.8,4.4,3.3,11.3,8.9,6.9,0.1,0.0,0.0,0.0,0.0,0.2,0.2,2394.1,24.00,36,35,35,68,103,383,2,2,Yes,No,No,No,No,No,No,No,Yes,No,No,No,No,Yes,No,No,No,No,No,No,No,Yes,No,No,No,No,No,No,No,No,No,No,No,No,No,No,No,No,88.0,4680,4680,4740,74.8,1.095,1.110,1.800,1.800,1.005,5.110,2.750,No,No,No,74.5,1.095,1.110,1.800,1.800,1.005,5.110,2.250,No,No,No,44,44,94.0,100.0,No,No,32094,47869,39,70,100.0,100.0,No,No,1763,3069,0.0,0.9,0.9,0.000,0.020,6582,2271,0.5,0.0,0.5,4.285,0.000,10818,54,77.9,76.0,85.6,83.0,0.875,20.513,20.505,20.522,69.374,28.644,47.451,15.645,63.331,3.000,18.601,11.011,41.472,100.000,140.000,2250.0,2150.2,1890.0,2226.2,1905.0,64.0,27.0,0.0,9.0,66.6,14.9,59.6,0.0,0.0,0.0,Yes,No,No,No,No,Yes,No,0,0,0,0,0,0,0,0,0,0,0,0,0,0,0,0,0,0,0,0,0,0,0,0,0,0,0,0,0,0,2737,5451,5219,298,16.0,70,0.297,45.343,600.0,2394.0,0.1,0.0,0.0,0.0,0.0,0.0,0.0,0.0,0.2,38,16154,38,No,No,No,No,No,No,No,No,16.811,68.277,100.0,0.000,24.1,108,0,0,7.3,108.2,151.2,67.8,58.2,61.9,57.2,108.1,203.5,74.1,55.1,62.1,53.5,9.24,14.74,6.64,6.25,16.14,17.48,6.14,3.11,8.88,0.36,1.80,29,5,3.3,7.6,0,0,0.0,0.0,0,
7.6.2026,23:30:24.717,26243,22525,53.8,20633,11750,63.7,7.5,16384,1237,1.076,1.062,1.072,1.077,1.079,1.079,1.079,1.079,1.084,1.084,1.084,1.073,1.073,1.073,1.073,0.956,0.778,3591.2,3990.2,3990.2,3990.2,3990.2,3990.2,3990.2,3291.9,3291.9,3291.9,3291.9,3291.9,3291.9,3291.9,3291.9,99.8,3391.7,1589.7,2057.6,1752.8,2398.9,1359.6,2298.8,2233.5,2327.1,1985.9,1785.5,1445.6,1824.2,1515.8,1090.5,1091.5,1133.9,1083.9,1143.4,1100.9,1077.8,1086.6,1711.6,43.1,52.0,44.5,60.3,34.3,57.7,55.8,58.0,49.6,45.3,36.5,46.2,38.4,35.5,35.2,36.7,34.9,36.3,34.7,34.1,35.1,60.3,43.1,100.0,69.3,80.5,68.8,93.7,53.1,89.9,87.0,91.1,77.4,69.7,56.2,71.0,59.1,60.7,60.5,62.6,59.9,63.2,61.0,59.4,60.3,69.3,36.0,40.0,40.0,40.0,40.0,40.0,40.0,33.0,33.0,33.0,33.0,33.0,33.0,33.0,33.0,34.0,72,74,73,75,71,74,73,72,72,72,72,71,71,71,72,28,26,27,25,29,26,27,28,28,28,28,29,29,29,28,82,75,No,No,No,No,No,No,No,No,No,No,No,No,No,No,No,No,No,No,No,No,No,No,No,No,No,No,No,No,No,No,Yes,Yes,Yes,Yes,Yes,Yes,Yes,Yes,Yes,Yes,Yes,Yes,Yes,Yes,Yes,No,No,Yes,82,75,70,1.100,54.001,44.211,36.525,0.005,5.932,0.863,175.0,90.0,175.0,120.0,0,0.0,42.8,51.9,44.0,60.1,34.0,57.2,55.6,57.9,49.5,45.1,36.3,46.0,38.1,35.1,35.0,36.5,34.7,36.2,34.6,34.1,34.9,38.2,27.4,24.1,11.0,12.8,35.6,32.8,50.4,50.8,52.1,49.3,54.9,47.9,48.7,37.5,7.0,0.2,0.0,0.0,0.0,0.0,0.0,10.7,10.5,8.0,12.5,5.8,13.6,13.5,23.1,0.1,0.0,0.0,0.0,0.0,0.0,0.4,2394.1,24.00,36,35,35,68,103,383,2,2,Yes,No,No,No,No,No,No,No,Yes,No,No,No,No,Yes,No,No,No,No,No,No,No,Yes,No,No,No,No,No,No,No,No,No,No,No,No,No,No,No,No,88.0,4740,4560,4800,74.8,1.095,1.110,1.815,1.800,1.005,5.110,1.750,No,No,No,74.5,1.095,1.110,1.800,1.800,1.005,5.110,1.500,No,No,No,44,44,94.0,100.0,No,No,32094,47869,39,70,100.0,100.0,No,No,1763,3069,0.3,1.3,1.6,0.151,0.097,6582,2271,0.7,0.0,0.7,6.177,0.000,10829,54,78.1,76.0,86.4,83.0,0.875,20.504,20.495,20.514,66.627,28.753,49.337,15.822,65.418,3.000,18.783,12.326,36.584,100.000,140.000,2250.0,2150.2,1890.0,2228.0,1905.0,64.0,27.0,0.0,9.0,66.4,14.4,57.6,0.0,0.0,0.0,Yes,No,No,No,No,Yes,No,0,0,0,0,0,0,0,0,0,0,0,0,0,0,0,0,0,0,0,0,0,0,0,0,0,0,0,0,0,0,2753,5435,5203,298,16.0,69,0.297,44.643,600.0,2394.0,0.1,0.0,0.0,0.0,0.0,0.0,0.0,0.0,0.2,38,16154,38,No,No,No,No,No,No,No,No,16.811,68.277,100.0,0.000,24.1,113,0,0,9.2,113.1,173.6,58.0,43.1,48.3,41.9,113.0,222.0,50.3,45.5,47.4,45.0,8.84,17.09,5.66,5.31,20.65,23.90,5.98,2.86,8.48,0.36,2.00,29,5,6.0,11.6,0,0,0.0,0.0,0,
7.6.2026,23:30:26.716,26156,22612,53.6,20641,11742,63.7,7.5,16384,1237,1.125,1.139,1.129,1.124,1.109,1.099,1.099,1.119,1.119,1.139,1.139,1.129,1.119,1.147,1.142,1.018,0.778,3833.5,4289.5,4289.5,4289.5,4289.5,4289.5,4289.5,3491.5,3491.5,3491.5,3491.5,3491.5,3491.5,3491.5,3491.5,99.8,3691.0,1544.8,2050.3,1718.6,2331.6,1379.5,2258.4,2163.3,2220.4,2183.0,1577.9,1532.5,1682.5,1585.9,990.5,1042.8,1058.1,1040.3,1092.6,1008.2,1003.0,975.7,1676.0,41.0,50.7,42.5,57.4,33.6,55.5,52.9,54.6,53.6,39.0,38.1,41.9,39.1,31.6,33.2,33.7,33.0,34.3,31.7,31.1,31.6,57.4,41.0,100.0,67.0,80.4,67.4,90.9,53.7,88.3,84.2,86.6,85.1,61.6,59.6,65.4,61.7,55.2,57.8,58.5,57.6,60.4,56.0,55.6,54.1,67.0,38.4,43.0,43.0,43.0,43.0,43.0,43.0,35.0,35.0,35.0,35.0,35.0,35.0,35.0,35.0,37.0,73,75,75,75,77,74,74,73,73,73,73,71,71,71,71,27,25,25,25,23,26,26,27,27,27,27,29,29,29,29,82,77,No,No,No,No,No,No,No,No,No,No,No,No,No,No,No,No,No,No,No,No,No,No,No,No,No,No,No,No,No,No,Yes,Yes,Yes,Yes,Yes,Yes,Yes,Yes,Yes,Yes,Yes,Yes,Yes,Yes,Yes,No,No,Yes,83,76,69,1.100,30.375,45.501,37.945,0.005,5.893,0.845,175.0,90.0,175.0,120.0,0,0.0,41.1,51.1,42.6,57.8,34.2,55.5,53.1,54.6,53.6,39.5,38.2,41.9,39.5,31.5,33.2,33.7,33.1,34.3,31.8,31.2,31.7,36.7,27.8,24.8,12.9,12.7,38.0,34.3,44.9,50.7,56.8,45.6,52.5,37.4,44.4,31.0,10.2,0.4,0.0,0.0,0.0,0.0,0.0,19.2,12.4,6.4,17.2,9.6,26.1,20.1,32.1,0.2,0.0,0.0,0.0,0.0,0.5,0.7,2394.1,24.00,36,35,35,68,103,383,2,2,Yes,No,No,No,No,No,No,No,Yes,No,No,No,No,Yes,No,No,No,No,No,No,No,Yes,No,No,No,No,No,No,No,No,No,No,No,No,No,No,No,No,88.0,4800,4680,4740,74.8,1.095,1.110,1.800,1.800,1.005,5.110,2.750,No,No,No,74.5,1.095,1.110,1.800,1.815,1.005,5.110,2.250,No,No,No,44,44,94.0,100.0,No,No,32094,47869,39,70,100.0,100.0,No,No,1763,3069,0.0,0.9,0.9,0.000,0.019,6582,2272,0.4,0.0,0.4,2.534,0.000,10834,54,79.0,76.0,89.0,83.0,0.875,20.514,20.505,20.522,68.747,33.025,48.019,15.748,64.030,3.000,18.711,48.488,33.182,100.000,140.000,2250.0,2150.2,1890.0,2227.3,1905.0,66.0,28.0,0.0,10.0,66.0,15.1,60.3,0.0,0.0,0.0,Yes,No,No,No,No,Yes,No,0,0,0,0,0,0,0,0,0,0,0,0,0,0,0,0,0,0,0,0,0,0,0,0,0,0,0,0,0,0,2785,5403,5171,298,16.0,70,0.297,43.917,600.0,2394.0,0.1,0.0,0.0,0.0,0.0,0.0,0.0,0.0,0.2,38,16154,38,No,No,No,No,No,No,No,No,16.809,68.277,100.0,0.000,24.1,116,0,0,9.5,115.8,210.1,69.9,34.2,43.9,32.1,115.9,231.2,72.9,37.8,47.8,35.6,8.63,14.31,4.66,4.55,22.75,31.13,5.91,2.72,8.28,0.36,2.25,29,5,4.7,11.5,0,0,0.0,0.0,0,
7.6.2026,23:30:28.710,26239,22529,53.8,20622,11762,63.6,7.5,16384,1237,1.072,1.115,1.102,1.102,1.102,1.102,1.097,1.045,1.045,1.045,1.045,1.045,1.059,1.059,1.051,0.956,0.778,3591.2,3990.2,3990.2,3990.2,3990.2,3990.2,3990.2,3291.9,3291.9,3291.9,3291.9,3291.9,3291.9,3291.9,3291.9,99.8,3391.7,1558.8,2217.3,1078.5,2543.8,1340.9,2213.8,2271.9,2051.8,2440.8,1450.5,1728.9,1836.1,1359.4,1064.7,1089.2,1122.7,1086.5,1152.6,1059.2,1033.0,1034.0,1681.0,41.5,55.4,27.3,63.2,33.2,54.8,55.6,50.3,59.8,36.5,42.8,45.7,34.2,33.8,34.7,35.9,34.4,36.0,32.6,31.5,32.9,63.2,41.5,100.0,67.8,86.7,42.2,99.3,52.2,86.6,88.4,80.1,94.9,56.6,67.3,71.6,52.8,59.2,60.3,61.7,60.1,63.3,58.8,57.1,57.4,67.8,36.0,40.0,40.0,40.0,40.0,40.0,40.0,33.0,33.0,33.0,33.0,33.0,33.0,33.0,33.0,34.0,72,73,74,75,72,71,72,72,72,71,71,71,71,71,72,28,27,26,25,28,29,28,28,28,29,29,29,29,29,28,83,75,No,No,No,No,No,No,No,No,No,No,No,No,No,No,No,No,No,No,No,No,No,No,No,No,No,No,No,No,No,No,Yes,Yes,Yes,Yes,Yes,Yes,Yes,Yes,Yes,Yes,Yes,Yes,Yes,Yes,Yes,No,No,Yes,82,76,69,1.100,45.563,45.976,38.263,0.005,5.912,0.850,175.0,90.0,175.0,120.0,0,0.0,41.7,55.2,26.9,62.9,33.1,54.4,55.9,50.5,60.0,36.4,43.1,46.0,34.1,34.0,35.1,36.2,34.8,36.4,33.2,32.0,33.4,35.2,30.5,23.0,12.0,11.4,36.1,33.3,44.8,44.9,57.4,43.5,55.0,39.9,38.7,22.0,10.3,0.0,0.0,0.0,0.0,0.0,0.2,16.9,15.9,3.5,17.5,5.5,22.1,24.5,38.6,0.0,0.0,0.0,0.0,0.0,0.1,0.2,2394.1,24.00,36,35,35,68,103,383,2,2,Yes,No,No,No,No,No,No,No,Yes,No,No,No,No,Yes,No,No,No,No,No,No,No,Yes,No,No,No,No,No,No,No,No,No,No,No,No,No,No,No,No,88.0,4800,4680,4740,74.8,1.095,1.110,1.800,1.800,1.005,5.110,2.375,No,No,No,74.5,1.095,1.110,1.800,1.800,0.975,5.110,2.250,No,No,No,43,43,94.0,100.0,No,No,32094,47869,39,70,100.0,100.0,No,No,1763,3069,0.1,1.1,1.2,0.032,0.096,6582,2272,0.7,0.0,0.7,5.832,0.000,10845,54,77.7,76.0,85.5,83.0,0.875,20.498,20.487,20.508,68.226,30.091,50.393,16.123,66.816,3.000,19.085,10.505,44.712,100.000,140.000,2250.0,2150.2,1890.0,2227.2,1905.0,65.0,27.0,0.0,9.0,66.0,14.9,59.5,0.0,0.0,0.0,Yes,No,No,No,No,Yes,No,0,0,0,0,0,0,0,0,0,0,0,0,0,0,0,0,0,0,0,0,0,0,0,0,0,0,0,0,0,0,2785,5403,5171,298,16.0,69,0.297,50.484,600.0,2394.0,0.1,0.0,0.0,0.0,0.0,0.0,0.0,0.0,0.2,38,16154,38,No,No,No,No,No,No,No,No,16.811,68.277,100.0,0.000,24.1,118,0,0,10.7,117.7,187.3,75.9,67.5,70.5,66.7,117.7,229.5,72.8,55.6,62.0,53.9,8.50,13.07,5.26,4.81,14.13,15.02,5.92,2.57,8.13,0.37,2.12,29,5,5.4,14.1,0,0,0.0,0.0,0,
7.6.2026,23:30:30.725,26065,22703,53.4,20522,11862,63.3,7.5,16384,1237,1.088,1.061,1.063,1.063,1.058,1.085,1.100,1.100,1.105,1.085,1.105,1.109,1.109,1.109,1.079,0.956,0.778,3591.2,3990.2,3990.2,3990.2,3990.2,3990.2,3990.2,3291.9,3291.9,3291.9,3291.9,3291.9,3291.9,3291.9,3291.9,99.8,3391.7,1597.1,2089.2,1825.1,2482.2,1288.1,2475.5,2115.3,2359.2,2083.5,1687.6,1547.7,1640.6,1633.3,1082.7,1100.3,1127.0,1084.1,1145.6,1049.5,1075.3,1049.4,1726.3,42.9,52.3,45.9,61.7,32.0,61.4,52.2,58.3,51.4,42.2,38.8,41.1,41.0,35.8,36.2,36.5,34.8,36.5,33.1,33.8,33.8,61.7,42.9,100.0,69.5,81.8,71.6,96.8,50.2,96.6,82.4,92.3,81.5,65.9,60.3,64.0,63.6,60.3,61.0,62.4,59.9,63.3,58.4,59.6,58.5,69.5,36.0,40.0,40.0,40.0,40.0,40.0,40.0,33.0,33.0,33.0,33.0,33.0,33.0,33.0,33.0,34.0,72,75,74,75,72,74,73,71,71,71,71,71,71,71,71,28,25,26,25,28,26,27,29,29,29,29,29,29,29,29,83,75,No,No,No,No,No,No,No,No,No,No,No,No,No,No,No,No,No,No,No,No,No,No,No,No,No,No,No,No,No,No,Yes,Yes,Yes,Yes,Yes,Yes,Yes,Yes,Yes,Yes,Yes,Yes,Yes,Yes,Yes,No,No,Yes,83,73,69,1.100,20.250,49.202,41.522,0.009,5.915,0.854,175.0,90.0,175.0,120.0,0,0.0,42.8,52.2,45.5,61.6,32.0,60.9,52.2,58.2,51.4,42.2,38.7,41.0,40.9,35.4,36.1,36.4,34.7,36.3,32.9,33.6,33.7,37.2,26.0,24.3,10.0,12.1,35.8,35.7,48.6,47.4,53.8,50.6,54.0,43.3,48.0,31.0,8.1,0.0,0.0,0.0,0.0,0.0,0.0,12.1,12.5,6.4,11.1,6.4,19.6,14.5,30.3,0.1,0.0,0.0,0.0,0.0,0.5,0.0,2394.1,24.00,36,35,35,68,103,383,2,2,Yes,No,No,No,No,No,No,No,Yes,No,No,No,No,Yes,No,No,No,No,No,No,No,Yes,No,No,No,No,No,No,No,No,No,No,No,No,No,No,No,No,88.0,4800,4620,4740,74.8,1.095,1.110,1.800,1.800,1.005,5.110,2.625,No,No,No,74.8,1.095,1.110,1.800,1.800,1.005,5.110,1.625,No,No,No,43,43,94.0,100.0,No,No,32094,47869,39,70,100.0,100.0,No,No,1763,3069,0.0,1.1,1.1,0.000,0.020,6582,2272,0.2,0.0,0.2,0.619,0.006,10847,54,78.3,76.0,86.8,83.0,0.875,20.502,20.491,20.512,66.560,28.871,50.700,16.393,67.363,3.000,19.347,10.412,34.883,100.000,140.000,2250.0,2150.2,1890.0,2226.8,1905.0,62.0,27.0,0.0,10.0,66.9,15.7,62.6,0.0,0.0,0.0,Yes,No,No,No,No,Yes,No,0,0,0,0,0,0,0,0,0,0,0,0,0,0,0,0,0,0,0,0,0,0,0,0,0,0,0,0,0,0,2707,5481,5249,298,16.0,70,0.297,44.018,650.0,2394.0,0.2,0.0,0.0,0.0,0.0,0.0,0.0,0.0,0.2,38,16154,38,No,No,No,No,No,No,No,No,16.811,68.277,100.0,0.000,24.1,119,0,0,8.8,118.7,174.5,70.4,69.5,69.7,69.4,118.8,230.8,55.7,54.0,54.0,54.0,8.42,14.35,5.59,5.24,14.46,14.46,5.94,2.49,8.06,0.36,1.86,29,5,5.0,13.7,0,0,0.0,0.0,0,
7.6.2026,23:30:32.721,26139,22628,53.5,20524,11860,63.3,7.5,16384,1237,1.071,1.086,1.110,1.110,1.072,1.062,1.062,1.057,1.057,1.057,1.057,1.062,1.052,1.077,1.077,0.956,0.778,3591.2,3990.2,3990.2,3990.2,3990.2,3990.2,3990.2,3291.9,3291.9,3291.9,3291.9,3291.9,3291.9,3291.9,3291.9,99.8,3391.7,1674.1,2084.9,2014.5,2445.6,1418.0,2539.8,2127.8,2443.6,1994.8,1682.7,1738.2,1721.2,1727.6,1173.4,1159.1,1212.1,1197.7,1234.6,1172.3,1193.4,1201.5,1792.6,46.2,53.1,51.6,62.1,36.0,64.4,53.6,61.7,50.3,42.9,44.3,43.9,44.1,39.6,38.6,40.3,39.7,41.2,38.2,38.8,40.3,64.4,46.2,100.0,73.5,81.7,79.4,95.7,55.5,99.5,83.1,95.8,78.2,66.1,67.8,67.3,67.6,65.9,64.6,67.4,66.8,69.0,65.5,66.3,67.3,73.5,36.0,40.0,40.0,40.0,40.0,40.0,40.0,33.0,33.0,33.0,33.0,33.0,33.0,33.0,33.0,34.0,72,76,75,75,71,74,71,72,72,72,72,71,71,71,71,28,24,25,25,29,26,29,28,28,28,28,29,29,29,29,82,76,No,No,No,No,No,No,No,No,No,No,No,No,No,No,No,No,No,No,No,No,No,No,No,No,No,No,No,No,No,No,Yes,Yes,Yes,Yes,Yes,Yes,Yes,Yes,Yes,Yes,Yes,Yes,Yes,Yes,Yes,No,No,Yes,82,76,70,1.100,25.313,43.988,36.292,0.010,5.934,0.865,175.0,90.0,175.0,120.0,0,0.0,45.7,52.7,50.9,61.8,35.7,63.6,53.3,61.3,50.1,42.7,44.1,43.6,43.8,38.7,37.9,39.7,39.1,40.5,37.6,38.2,39.5,35.3,22.0,22.8,9.0,11.4,31.5,31.6,46.9,46.0,52.9,45.0,46.1,45.0,45.8,38.2,6.3,0.0,0.0,0.0,0.0,0.3,0.1,9.8,11.7,3.7,11.5,8.9,12.8,11.7,17.2,0.1,0.0,0.0,0.0,0.0,0.3,0.2,2394.1,24.00,36,35,35,68,103,383,2,2,Yes,No,No,No,No,No,No,No,Yes,No,No,No,No,Yes,No,No,No,No,No,No,No,Yes,No,No,No,No,No,No,No,No,No,No,No,No,No,No,No,No,88.0,4740,4680,4740,75.0,1.095,1.110,1.800,1.800,1.005,5.110,1.750,No,No,No,74.8,1.095,1.110,1.800,1.800,1.005,5.110,2.375,No,No,No,43,43,94.0,100.0,No,No,32094,47869,39,70,100.0,100.0,No,No,1763,3069,0.0,1.2,1.2,0.000,0.054,6582,2272,0.7,0.0,0.7,5.670,0.000,10858,54,77.6,76.0,85.2,83.0,0.875,20.515,20.506,20.523,68.398,37.956,49.204,15.831,65.305,3.000,18.794,80.209,33.348,100.000,140.000,2250.0,2150.2,1890.0,2226.4,1905.0,66.0,27.0,0.0,10.0,66.0,15.3,61.3,0.0,0.0,0.0,Yes,No,No,No,No,Yes,No,0,0,0,0,0,0,0,0,0,0,0,0,0,0,0,0,0,0,0,0,0,0,0,0,0,0,0,0,0,0,2788,5400,5169,298,16.0,69,0.297,46.653,600.0,2394.0,0.2,0.0,0.0,0.0,0.0,0.0,0.0,0.0,0.2,38,16154,38,No,No,No,No,No,No,No,No,16.813,68.277,100.0,0.000,24.1,118,0,0,8.4,118.5,195.2,68.1,67.6,67.6,67.5,118.3,231.3,56.0,53.8,53.9,53.7,8.44,14.65,5.03,4.73,14.83,14.95,5.92,2.52,8.06,0.37,2.19,29,5,4.5,13.0,0,0,0.0,0.0,0,
7.6.2026,23:30:34.716,26122,22646,53.5,20487,11897,63.2,7.5,16384,1237,1.084,1.116,1.054,1.054,1.069,1.049,1.069,1.097,1.097,1.097,1.097,1.097,1.097,1.097,1.097,0.956,0.778,3591.2,3990.2,3990.2,3990.2,3990.2,3990.2,3990.2,3291.9,3291.9,3291.9,3291.9,3291.9,3291.9,3291.9,3291.9,99.8,3391.7,1602.7,1868.8,2049.3,2489.4,1253.2,2146.1,2349.4,2232.6,2249.5,1644.1,1621.3,1685.8,1615.2,1077.4,1110.6,1118.4,1129.2,1144.7,1101.3,1055.1,1112.9,1727.5,42.7,46.6,51.1,62.0,30.7,53.1,57.9,55.1,55.4,40.8,40.2,41.9,40.0,34.2,35.0,35.3,35.6,35.5,34.3,32.7,35.4,62.0,42.7,100.0,69.7,73.2,80.4,97.1,48.8,84.0,91.4,87.3,87.5,64.2,63.1,65.6,62.8,59.8,61.2,61.6,62.4,63.1,60.8,58.4,61.5,69.7,36.0,40.0,40.0,40.0,40.0,40.0,40.0,33.0,33.0,33.0,33.0,33.0,33.0,33.0,33.0,34.0,72,74,73,75,74,74,73,73,73,71,71,71,71,71,71,28,26,27,25,26,26,27,27,27,29,29,29,29,29,29,83,75,No,No,No,No,No,No,No,No,No,No,No,No,No,No,No,No,No,No,No,No,No,No,No,No,No,No,No,No,No,No,Yes,Yes,Yes,Yes,Yes,Yes,Yes,Yes,Yes,Yes,Yes,Yes,Yes,Yes,Yes,No,No,Yes,82,74,70,1.100,28.688,45.919,38.255,0.010,5.915,0.851,175.0,90.0,175.0,120.0,0,0.0,43.1,47.0,51.1,62.2,31.2,53.2,58.2,55.4,55.7,41.2,40.7,42.3,40.5,34.6,35.5,35.8,36.1,36.1,34.8,33.3,36.0,41.6,24.3,23.9,10.9,11.3,34.7,33.8,55.7,56.5,60.0,57.0,57.2,54.4,53.3,49.7,3.5,0.0,0.0,0.0,0.0,0.0,0.0,6.4,5.0,1.6,3.9,3.9,7.5,10.0,10.7,0.1,0.0,0.0,0.0,0.0,0.1,0.3,2394.1,24.00,36,35,35,68,103,383,2,2,Yes,No,No,No,No,No,No,No,Yes,No,No,No,No,Yes,No,No,No,No,No,No,No,Yes,No,No,No,No,No,No,No,No,No,No,No,No,No,No,No,No,88.0,4800,4680,4740,75.0,1.095,1.110,1.800,1.800,1.005,5.110,1.375,No,No,No,74.8,1.095,1.110,1.800,1.800,1.005,5.110,2.250,No,No,No,43,43,94.0,100.0,No,No,32094,47869,39,70,100.0,100.0,No,No,1763,3070,0.0,0.9,0.9,0.000,0.070,6582,2272,0.5,0.1,0.7,3.843,0.032,10865,54,78.9,76.0,87.9,83.0,0.875,20.510,20.501,20.520,66.371,39.151,49.305,15.663,65.232,3.000,18.637,86.803,35.419,100.000,140.000,2250.0,2150.2,1890.0,2227.1,1905.0,65.0,27.0,0.0,9.0,66.7,15.0,60.0,0.0,0.0,0.0,Yes,No,No,No,No,Yes,No,0,0,0,0,0,0,0,0,0,0,0,0,0,0,0,0,0,0,0,0,0,0,0,0,0,0,0,0,0,0,2724,5464,5232,298,16.0,70,0.297,43.811,600.0,2394.0,0.2,0.0,0.0,0.0,0.0,0.0,0.0,0.0,0.2,38,16154,38,No,No,No,No,No,No,No,No,16.810,68.277,100.0,0.000,24.1,119,0,0,7.8,119.1,178.5,80.7,71.9,75.3,71.0,119.0,227.7,73.8,55.4,61.7,53.8,8.40,12.43,5.50,5.31,13.31,14.10,6.04,2.37,8.03,0.37,1.54,29,5,4.9,12.9,0,0,0.0,0.0,0,
7.6.2026,23:30:36.712,26118,22650,53.5,20518,11866,63.3,7.5,16384,1237,1.138,1.112,1.148,1.137,1.117,1.121,1.136,1.156,1.161,1.141,1.141,1.141,1.141,1.141,1.141,0.998,0.778,3733.7,4189.8,4189.8,4189.8,4189.8,4189.8,4189.8,3391.7,3391.7,3391.7,3391.7,3391.7,3391.7,3391.7,3391.7,99.8,3591.2,1590.9,1993.3,1887.9,2446.6,1282.6,2109.5,2394.7,2233.7,2254.3,1598.0,1626.9,1683.3,1611.9,1085.0,1091.6,1122.8,1073.6,1113.4,1080.2,1058.2,1071.3,1718.5,43.0,50.3,47.8,61.5,32.2,52.9,59.5,55.7,56.2,40.5,41.2,42.5,40.9,35.4,35.1,36.3,34.4,35.1,34.2,33.3,34.6,61.5,43.0,100.0,69.2,78.1,74.1,95.4,50.0,82.7,93.0,87.2,87.8,62.6,63.2,65.6,62.8,60.4,60.5,62.0,59.3,61.4,60.0,58.5,59.3,69.2,37.4,42.0,42.0,42.0,42.0,42.0,42.0,34.0,34.0,34.0,34.0,34.0,34.0,34.0,34.0,36.0,72,76,74,75,75,72,70,70,70,71,71,70,70,70,70,28,24,26,25,25,28,30,30,30,29,29,30,30,30,30,82,76,No,No,No,No,No,No,No,No,No,No,No,No,No,No,No,No,No,No,No,No,No,No,No,No,No,No,No,No,No,No,Yes,Yes,Yes,Yes,Yes,Yes,Yes,Yes,Yes,Yes,Yes,Yes,Yes,Yes,Yes,No,No,Yes,82,75,69,1.100,40.501,44.163,36.514,0.005,5.893,0.843,175.0,90.0,175.0,120.0,0,0.0,42.8,50.1,47.3,61.4,32.1,52.5,59.5,55.6,56.1,40.4,41.1,42.4,40.7,35.1,34.9,36.2,34.3,35.0,34.1,33.2,34.5,38.5,26.0,25.3,11.3,11.2,35.1,33.8,47.9,49.1,58.0,50.9,56.7,45.2,48.3,39.7,7.0,0.0,0.0,0.0,0.0,0.0,0.3,13.1,12.1,3.0,11.4,5.2,16.7,14.7,21.4,0.1,0.0,0.0,0.0,0.0,0.2,0.2,2394.1,24.00,36,35,35,68,103,383,2,2,Yes,No,No,No,No,No,No,No,Yes,No,No,No,No,Yes,No,No,No,No,No,No,No,Yes,No,No,No,No,No,No,No,No,No,No,No,No,No,No,No,No,88.0,4740,4560,4740,75.0,1.095,1.110,1.815,1.800,1.005,5.110,2.250,No,No,No,74.8,1.095,1.110,1.800,1.800,1.005,5.110,1.500,No,No,No,43,43,94.0,100.0,No,No,32094,47869,39,70,100.0,100.0,No,No,1763,3070,0.0,2.5,2.5,0.016,1.067,6582,2274,0.3,0.0,0.3,1.791,0.000,10868,54,78.2,76.0,86.6,83.0,0.875,20.512,20.503,20.522,66.927,30.540,50.245,15.869,66.389,3.000,18.836,21.100,38.343,100.000,140.000,2250.0,2150.2,1890.0,2227.6,1905.0,64.0,27.0,0.0,10.0,66.7,14.5,58.1,0.0,0.0,0.0,Yes,No,No,No,No,Yes,No,0,0,0,0,0,0,0,0,0,0,0,0,0,0,0,0,0,0,0,0,0,0,0,0,0,0,0,0,0,0,2725,5463,5231,298,16.0,70,0.297,43.426,600.0,2394.0,0.1,0.0,0.0,0.0,0.0,0.0,0.0,0.0,0.2,38,16154,38,No,No,No,No,No,No,No,No,16.811,68.277,100.0,0.000,24.1,119,0,0,7.0,119.3,204.7,84.0,75.4,78.9,74.4,119.4,222.5,79.3,75.0,76.5,74.5,8.38,12.00,4.84,4.64,12.72,13.44,5.81,2.57,8.03,0.35,1.70,29,5,5.4,14.2,0,0,0.0,0.0,0,
7.6.2026,23:30:38.723,25999,22768,53.3,20382,12002,62.9,7.5,16384,1237,1.103,1.082,1.051,1.107,1.097,1.102,1.112,1.122,1.112,1.122,1.122,1.112,1.112,1.087,1.097,0.978,0.778,3477.2,4090.0,4090.0,4090.0,4090.0,4090.0,4090.0,1097.3,3291.9,3291.9,3291.9,3291.9,3291.9,3291.9,3291.9,99.8,3491.5,1512.8,2076.5,1695.6,2532.7,865.7,2264.8,2274.9,2405.9,1972.8,1545.9,1487.3,1625.2,1559.6,989.1,976.5,1054.9,1009.8,1025.7,963.7,946.9,982.5,1646.1,40.2,51.4,42.1,62.3,21.5,55.4,55.4,58.8,48.0,38.3,36.8,40.1,38.5,32.3,31.7,34.1,32.8,32.2,30.2,29.8,31.9,62.3,40.2,100.0,65.6,81.4,66.4,98.9,33.7,88.4,88.5,94.0,76.7,60.3,57.9,63.3,60.8,55.1,54.4,58.4,56.4,56.9,53.6,52.6,54.6,65.6,34.9,41.0,41.0,41.0,41.0,41.0,41.0,11.0,33.0,33.0,33.0,33.0,33.0,33.0,33.0,35.0,72,75,75,75,72,72,73,72,71,71,71,71,71,71,71,28,25,25,25,28,28,27,28,29,29,29,29,29,29,29,82,75,No,No,No,No,No,No,No,No,No,No,No,No,No,No,No,No,No,No,No,No,No,No,No,No,No,No,No,No,No,No,Yes,Yes,Yes,Yes,Yes,Yes,Yes,Yes,Yes,Yes,Yes,Yes,Yes,Yes,Yes,No,No,Yes,82,75,70,1.100,31.219,43.847,36.232,0.005,5.883,0.837,175.0,90.0,175.0,120.0,0,0.0,40.0,51.2,41.6,62.1,21.3,55.0,55.2,58.5,47.9,38.2,36.7,40.0,38.4,32.0,31.6,34.1,32.7,32.1,30.1,29.7,31.8,35.1,28.0,27.2,11.7,12.5,39.8,37.1,48.1,35.2,52.9,36.8,51.8,37.7,41.7,30.6,12.5,0.0,0.0,0.0,0.0,0.0,0.0,15.9,28.0,9.5,25.4,12.2,27.2,24.0,32.4,0.1,0.0,0.0,0.0,0.0,0.2,0.2,2394.1,24.00,36,35,35,68,103,383,2,2,Yes,No,No,No,No,No,No,No,Yes,No,No,No,No,Yes,No,No,No,No,No,No,No,Yes,No,No,No,No,No,No,No,No,No,No,No,No,No,No,No,No,87.0,4740,4560,4740,75.0,1.095,1.110,1.800,1.800,1.005,5.110,1.875,No,No,No,74.8,1.095,1.110,1.800,1.815,1.005,5.110,1.875,No,No,No,43,43,94.0,100.0,No,No,32094,47869,39,70,100.0,100.0,No,No,1763,3070,0.1,0.9,1.0,0.018,0.102,6582,2274,0.3,0.0,0.3,1.694,0.010,10872,54,78.0,76.0,87.5,83.0,0.875,20.518,20.508,20.528,66.829,28.542,50.066,15.935,66.263,3.000,18.909,12.074,33.551,100.000,140.000,2250.0,2150.2,1890.0,2226.7,1905.0,65.0,28.0,0.0,10.0,66.7,14.8,59.3,0.0,0.0,0.0,Yes,No,No,No,No,Yes,No,0,0,0,0,0,0,0,0,0,0,0,0,0,0,0,0,0,0,0,0,0,0,0,0,0,0,0,0,0,0,2726,5462,5230,298,16.0,70,0.297,44.591,600.0,2394.0,0.1,0.0,0.0,0.0,0.0,0.0,0.0,0.0,0.2,38,16154,38,No,No,No,No,No,No,No,No,16.810,68.277,100.0,0.000,24.1,118,0,0,10.4,119.0,186.4,80.3,78.5,79.1,78.3,118.9,233.8,75.5,71.4,73.0,70.9,8.41,12.34,5.42,5.19,12.65,12.94,5.98,2.43,8.05,0.36,1.65,29,5,10.3,12.1,0,0,0.0,0.0,0,
7.6.2026,23:30:40.723,25980,22788,53.2,20379,12004,62.9,7.5,16384,1237,1.116,1.164,1.151,1.089,1.089,1.114,1.114,1.123,1.124,1.119,1.104,1.094,1.114,1.114,1.114,0.998,0.778,3569.8,4189.8,4189.8,4189.8,4189.8,4189.8,4189.8,3391.7,3391.7,3391.7,3391.7,1097.3,3391.7,3391.7,3391.7,99.8,3591.2,1534.8,1890.6,1827.7,2596.9,827.1,1935.6,2587.4,1950.3,2540.2,1486.6,1586.0,1479.6,1780.2,1011.1,1041.7,1066.3,1025.3,1063.8,998.8,983.5,1018.1,1664.5,41.1,46.7,45.4,64.1,20.4,47.6,63.0,47.6,62.0,36.8,39.2,36.6,43.9,34.2,34.3,35.5,33.5,34.4,31.7,31.4,33.4,64.1,41.1,100.0,67.0,74.3,71.8,101.5,32.3,76.2,100.7,76.1,99.1,58.2,61.8,57.7,69.5,57.1,58.3,59.5,57.2,59.6,56.2,55.1,57.1,67.0,35.8,42.0,42.0,42.0,42.0,42.0,42.0,34.0,34.0,34.0,34.0,11.0,34.0,34.0,34.0,36.0,72,72,75,76,75,74,73,71,71,71,71,71,71,71,71,28,28,25,24,25,26,27,29,29,29,29,29,29,29,29,82,76,No,No,No,No,No,No,No,No,No,No,No,No,No,No,No,No,No,No,No,No,No,No,No,No,No,No,No,No,No,No,Yes,Yes,Yes,Yes,Yes,Yes,Yes,Yes,Yes,Yes,Yes,Yes,Yes,Yes,Yes,No,No,Yes,83,77,70,1.100,35.438,43.107,35.528,0.005,5.901,0.840,175.0,90.0,175.0,120.0,0,0.0,40.8,46.5,44.9,63.8,20.3,47.1,62.9,47.4,61.7,36.7,39.1,36.4,43.9,33.4,34.0,35.1,33.1,34.1,31.5,31.1,33.1,29.1,29.5,26.5,11.7,11.2,39.5,35.3,31.7,34.4,42.2,31.5,34.1,28.1,29.4,23.0,16.7,0.2,0.0,0.0,0.0,0.0,0.1,28.8,26.0,17.8,29.7,25.9,34.3,33.6,37.6,0.0,0.0,0.0,0.0,0.0,0.1,0.2,2394.1,24.00,36,35,35,68,103,383,2,2,Yes,No,No,No,No,No,No,No,Yes,No,No,No,No,Yes,No,No,No,No,No,No,No,Yes,No,No,No,No,No,No,No,No,No,No,No,No,No,No,No,No,88.0,4740,4560,4740,75.0,1.095,1.110,1.800,1.815,1.005,5.110,2.875,No,No,No,74.8,1.095,1.110,1.800,1.815,1.005,5.110,2.000,No,No,No,43,43,94.0,100.0,No,No,32094,47869,39,70,100.0,100.0,No,No,1763,3070,0.0,1.6,1.6,0.000,0.057,6582,2274,0.7,0.0,0.7,4.786,0.000,10881,54,77.8,76.0,85.7,83.0,0.875,20.499,20.490,20.509,67.922,28.442,50.218,16.105,66.594,3.000,19.060,10.472,33.649,100.000,140.000,2250.0,2150.2,1890.0,2225.6,1905.0,64.0,28.0,0.0,10.0,65.1,14.7,58.7,0.0,0.0,0.0,Yes,No,No,No,No,Yes,No,0,0,0,0,0,0,0,0,0,0,0,0,0,0,0,0,0,0,0,0,0,0,0,0,0,0,0,0,0,0,2854,5334,5102,284,16.0,69,0.297,45.304,600.0,2394.0,0.1,0.0,0.0,0.0,0.0,0.0,0.0,0.0,0.2,38,16154,38,No,No,No,No,No,No,No,No,16.811,68.277,100.0,0.000,24.1,120,0,0,7.7,119.6,185.4,72.8,68.1,69.9,67.6,120.0,227.1,56.3,53.2,53.4,53.1,8.36,13.90,5.30,5.21,14.41,14.80,5.84,2.52,8.00,0.36,2.04,29,5,5.2,12.8,0,0,0.0,0.0,0,
7.6.2026,23:30:42.719,25923,22844,53.1,20391,11993,62.9,7.5,16384,1237,1.040,1.057,1.076,1.042,1.027,1.040,1.040,1.032,1.032,1.032,1.032,1.032,1.032,1.037,1.055,0.936,0.773,3548.5,3890.5,3890.5,3890.5,3890.5,3890.5,3890.5,3291.9,3291.9,3291.9,3291.9,3291.9,3291.9,3291.9,3291.9,99.8,3291.9,1554.2,1909.0,1877.8,2518.2,1187.5,2205.8,2232.2,2028.7,2524.4,1708.8,1489.5,1592.5,1770.4,1003.3,1011.8,1058.3,1007.5,1034.0,969.6,1007.7,946.7,1695.4,40.5,46.8,46.2,61.6,28.5,53.5,54.0,49.1,61.1,41.7,36.3,38.8,43.3,31.5,31.4,33.2,31.1,31.5,29.6,30.5,29.6,61.6,40.5,100.0,67.2,74.7,73.6,98.2,46.3,86.2,87.0,79.0,98.0,66.7,58.0,62.3,69.1,55.8,56.0,58.5,55.7,57.2,53.8,55.9,52.7,67.2,35.6,39.0,39.0,39.0,39.0,39.0,39.0,33.0,33.0,33.0,33.0,33.0,33.0,33.0,33.0,33.0,72,74,73,75,74,74,74,71,71,72,72,70,70,70,70,28,26,27,25,26,26,26,29,29,28,28,30,30,30,30,83,75,No,No,No,No,No,No,No,No,No,No,No,No,No,No,No,No,No,No,No,No,No,No,No,No,No,No,No,No,No,No,Yes,Yes,Yes,Yes,Yes,Yes,Yes,Yes,Yes,Yes,Yes,Yes,Yes,Yes,Yes,No,No,Yes,83,75,70,1.100,25.313,47.312,39.709,0.005,5.890,0.844,175.0,90.0,175.0,120.0,0,0.0,40.9,47.0,46.2,61.8,29.0,53.7,54.2,49.3,61.3,42.2,36.7,39.3,43.6,31.9,31.9,33.6,31.6,32.0,30.2,31.1,30.1,33.3,28.5,26.1,12.3,10.4,36.9,34.1,46.0,44.8,50.6,37.8,47.6,31.1,38.9,20.7,13.8,0.1,0.0,0.0,0.0,0.0,0.1,18.0,19.0,12.1,25.9,16.4,33.4,25.1,43.5,0.1,0.2,0.0,0.0,0.0,0.3,0.4,2394.1,24.00,36,35,35,68,103,383,2,2,Yes,No,No,No,No,No,No,No,Yes,No,No,No,No,Yes,No,No,No,No,No,No,No,Yes,No,No,No,No,No,No,No,No,No,No,No,No,No,No,No,No,88.0,4680,4620,4800,75.0,1.095,1.110,1.800,1.815,1.005,5.110,2.125,No,No,No,74.8,1.095,1.110,1.800,1.815,1.005,5.110,2.375,No,No,No,43,43,94.0,100.0,No,No,32094,47869,39,70,100.0,100.0,No,No,1763,3070,0.0,0.8,0.8,0.000,0.020,6582,2274,0.5,0.0,0.5,2.632,0.000,10886,54,78.9,76.0,87.3,83.0,0.875,20.502,20.492,20.512,72.417,30.092,52.887,16.455,69.597,3.000,19.410,10.986,38.306,100.000,140.000,2250.0,2150.2,1890.0,2224.1,1905.0,67.0,29.0,0.0,9.0,65.9,15.6,62.4,0.0,0.0,0.0,Yes,No,No,No,No,Yes,No,0,0,0,0,0,0,0,0,0,0,0,0,0,0,0,0,0,0,0,0,0,0,0,0,0,0,0,0,0,0,2789,5399,5167,293,16.0,69,0.297,44.719,600.0,2394.0,0.1,0.0,0.0,0.0,0.0,0.0,0.0,0.0,0.2,38,16154,38,No,No,No,No,No,No,No,No,16.811,68.277,100.0,0.000,24.1,117,0,0,13.5,118.2,171.7,78.1,74.9,75.9,74.7,118.1,214.4,77.1,75.5,75.8,75.4,8.46,12.79,5.52,5.22,13.19,13.42,6.01,2.45,8.10,0.36,1.77,29,5,4.6,11.0,0,0,0.0,0.0,0,
7.6.2026,23:30:44.716,25905,22863,53.1,20351,12033,62.8,7.5,16384,1237,1.085,1.047,1.101,1.101,1.101,1.102,1.097,1.097,1.073,1.073,1.073,1.078,1.083,1.078,1.088,0.978,0.778,3691.0,4090.0,4090.0,4090.0,4090.0,4090.0,4090.0,3391.7,3391.7,3391.7,3391.7,3391.7,3391.7,3391.7,3391.7,99.8,3491.5,1569.4,2145.1,1813.4,2448.4,1195.4,2555.1,1951.1,2333.8,1986.3,1757.7,1364.8,1653.1,1551.6,1059.7,1077.0,1114.7,1053.6,1151.3,1096.9,1090.6,989.1,1691.3,42.3,54.0,45.8,61.5,29.8,64.0,48.5,58.1,49.5,44.5,34.3,41.6,39.1,34.2,34.7,35.9,33.7,36.3,34.6,34.3,32.1,64.0,42.3,100.0,68.3,83.9,71.2,95.5,46.5,99.7,75.8,91.2,77.8,68.7,53.0,64.5,60.4,58.9,59.6,61.4,58.2,63.4,60.8,60.2,55.0,68.3,37.0,41.0,41.0,41.0,41.0,41.0,41.0,34.0,34.0,34.0,34.0,34.0,34.0,34.0,34.0,35.0,72,75,74,75,72,74,73,72,72,72,72,71,71,71,71,28,25,26,25,28,26,27,28,28,28,28,29,29,29,29,82,75,No,No,No,No,No,No,No,No,No,No,No,No,No,No,No,No,No,No,No,No,No,No,No,No,No,No,No,No,No,No,Yes,Yes,Yes,Yes,Yes,Yes,Yes,Yes,Yes,Yes,Yes,Yes,Yes,Yes,Yes,No,No,Yes,82,77,70,1.100,39.657,43.797,36.280,0.010,5.921,0.857,175.0,90.0,175.0,120.0,0,0.0,42.3,54.0,45.4,61.5,29.9,63.6,48.5,58.1,49.5,44.5,34.4,41.7,39.1,34.0,34.6,35.8,33.7,36.4,34.6,34.3,32.1,40.0,24.6,25.6,10.4,12.3,37.1,35.5,55.7,54.1,59.8,48.5,56.7,52.5,56.5,31.1,5.9,0.0,0.0,0.0,0.0,0.0,0.4,7.1,7.9,1.7,14.3,4.0,9.4,6.2,31.9,0.0,0.0,0.0,0.0,0.0,0.1,0.1,2394.1,24.00,36,35,35,68,103,383,2,2,Yes,No,No,No,No,No,No,No,Yes,No,No,No,No,Yes,No,No,No,No,No,No,No,Yes,No,No,No,No,No,No,No,No,No,No,No,No,No,No,No,No,88.0,4740,4560,4740,75.0,1.095,1.110,1.800,1.815,1.005,5.110,2.500,No,No,No,74.8,1.110,1.110,1.800,1.815,1.005,5.110,1.500,No,No,No,43,43,94.0,100.0,No,No,32094,47869,39,70,100.0,100.0,No,No,1763,3070,0.1,1.7,1.8,0.032,0.124,6583,2275,1.0,0.0,1.0,7.148,0.000,10900,54,77.9,78.0,85.8,83.0,0.875,20.514,20.505,20.523,68.941,29.145,49.627,16.055,65.921,3.000,19.008,10.865,39.541,100.000,140.000,2250.0,2150.2,1890.0,2226.4,1905.0,62.0,28.0,0.0,8.0,65.9,15.0,59.8,0.0,0.0,0.0,Yes,No,No,No,No,Yes,No,0,0,0,0,0,0,0,0,0,0,0,0,0,0,0,0,0,0,0,0,0,0,0,0,0,0,0,0,0,0,2789,5399,5167,293,16.0,69,0.297,44.514,600.0,2394.0,0.2,0.0,0.0,0.0,0.0,0.0,0.0,0.0,0.2,38,16154,38,No,No,No,No,No,No,No,No,16.811,68.277,100.0,0.000,24.1,120,0,0,8.9,119.9,149.4,94.4,86.7,89.7,85.9,119.9,174.2,92.7,79.0,84.4,77.6,8.34,10.58,6.67,5.89,11.13,11.63,5.98,2.36,7.98,0.36,0.98,29,5,9.3,6.7,0,0,0.0,0.0,0,
7.6.2026,23:30:46.715,25999,22769,53.3,20365,12019,62.8,7.5,16384,1237,1.088,1.098,1.103,1.103,1.104,1.104,1.104,1.080,1.080,1.080,1.080,1.080,1.055,1.085,1.080,0.976,0.778,3634.0,4090.0,4090.0,4090.0,4090.0,4090.0,4090.0,3291.9,3291.9,3291.9,3291.9,3291.9,3291.9,3291.9,3291.9,99.8,3491.5,1531.0,2183.2,1728.1,2437.1,1143.7,2739.0,1749.6,2526.2,1704.3,1819.4,1293.4,1710.3,1443.2,1014.1,1058.4,1061.3,953.3,1066.6,1004.7,1029.6,953.7,1660.3,40.7,54.2,43.1,60.5,28.3,67.6,43.1,62.1,41.9,45.4,32.2,42.6,35.9,32.3,33.8,33.7,29.9,33.5,31.6,32.6,30.7,67.6,40.7,100.0,66.4,85.3,67.9,95.0,44.6,106.6,68.0,98.5,66.5,71.0,50.4,66.6,56.2,56.5,58.3,58.7,53.1,58.9,55.6,57.1,53.4,66.4,36.4,41.0,41.0,41.0,41.0,41.0,41.0,33.0,33.0,33.0,33.0,33.0,33.0,33.0,33.0,35.0,72,74,75,75,74,74,71,71,71,71,71,71,71,71,71,28,26,25,25,26,26,29,29,29,29,29,29,29,29,29,82,75,No,No,No,No,No,No,No,No,No,No,No,No,No,No,No,No,No,No,No,No,No,No,No,No,No,No,No,No,No,No,Yes,Yes,Yes,Yes,Yes,Yes,Yes,Yes,Yes,Yes,Yes,Yes,Yes,Yes,Yes,No,No,Yes,82,76,69,1.100,40.501,44.459,36.626,0.010,5.896,0.843,175.0,90.0,175.0,120.0,0,0.0,40.7,54.2,42.8,60.5,28.3,67.2,43.0,62.1,41.9,45.5,32.1,42.7,36.0,32.1,33.7,33.7,29.9,33.5,31.6,32.6,30.7,38.3,25.6,27.0,10.3,14.0,37.8,37.0,55.2,61.3,58.7,33.2,58.4,51.5,45.5,21.1,9.1,0.0,0.0,0.0,0.0,0.0,0.1,9.2,2.4,4.7,31.9,5.2,13.2,17.8,42.3,0.0,0.0,0.0,0.0,0.0,0.0,0.0,2394.1,24.00,36,35,35,68,103,383,2,2,Yes,No,No,No,No,No,No,No,Yes,No,No,No,No,Yes,No,No,No,No,No,No,No,Yes,No,No,No,No,No,No,No,No,No,No,No,No,No,No,No,No,88.0,4740,4680,4800,75.0,1.095,1.110,1.800,1.815,1.005,5.110,1.375,No,No,No,75.0,1.095,1.110,1.800,1.815,1.005,5.110,2.500,No,No,No,43,43,94.0,100.0,No,No,32094,47869,39,70,100.0,100.0,No,No,1763,3070,0.3,1.5,1.8,0.056,0.038,6583,2275,0.1,0.0,0.1,0.553,0.000,10901,54,78.7,76.0,86.9,83.0,0.875,20.489,20.478,20.501,70.868,29.772,52.797,16.444,69.517,3.000,19.408,10.785,36.456,100.000,140.000,2250.0,2150.2,1890.0,2225.1,1905.0,65.0,28.0,0.0,9.0,66.7,15.6,62.2,0.0,0.0,0.0,Yes,No,No,No,No,Yes,No,0,0,0,0,0,0,0,0,0,0,0,0,0,0,0,0,0,0,0,0,0,0,0,0,0,0,0,0,0,0,2729,5459,5227,293,16.0,69,0.297,45.699,600.0,2394.0,0.2,0.0,0.0,0.0,0.0,0.0,0.0,0.0,0.2,38,16154,38,No,No,No,No,No,No,No,No,16.810,68.277,100.0,0.000,24.1,119,0,0,8.7,119.2,178.4,82.9,79.4,80.5,79.1,119.1,213.3,76.0,69.4,71.8,68.7,8.39,12.25,5.56,5.27,12.53,12.66,6.02,2.38,8.02,0.37,1.53,29,5,3.4,6.8,0,0,0.0,0.0,0,
7.6.2026,23:30:48.726,26014,22754,53.3,20384,12000,62.9,7.5,16384,1237,1.141,1.140,1.133,1.148,1.158,1.158,1.158,1.153,1.163,1.158,1.163,1.114,1.114,1.109,1.099,0.998,0.778,3733.7,4189.8,4189.8,4189.8,4189.8,4189.8,4189.8,3391.7,3391.7,3391.7,3391.7,3391.7,3391.7,3391.7,3391.7,99.8,3591.2,1558.0,2049.9,1866.9,2299.5,1314.9,2157.3,2302.6,2051.9,2359.2,1618.4,1595.2,1593.1,1605.8,1023.0,1087.1,1083.3,1028.1,1083.4,1019.9,1038.7,982.3,1689.8,41.7,51.0,46.7,57.1,32.5,53.2,56.5,50.5,57.9,40.5,39.8,39.8,40.1,33.5,35.3,35.3,33.1,34.6,32.5,32.9,32.3,57.9,41.7,100.0,67.7,80.2,73.2,89.7,51.3,84.4,89.6,80.3,91.9,63.3,62.0,62.0,62.5,57.1,60.3,60.0,57.0,59.8,56.6,57.6,54.6,67.7,37.4,42.0,42.0,42.0,42.0,42.0,42.0,34.0,34.0,34.0,34.0,34.0,34.0,34.0,34.0,36.0,72,75,74,75,74,71,73,71,71,71,71,71,71,71,71,28,25,26,25,26,29,27,29,29,29,29,29,29,29,29,83,75,No,No,No,No,No,No,No,No,No,No,No,No,No,No,No,No,No,No,No,No,No,No,No,No,No,No,No,No,No,No,Yes,Yes,Yes,Yes,Yes,Yes,Yes,Yes,Yes,Yes,Yes,Yes,Yes,Yes,Yes,No,No,Yes,83,77,70,1.100,16.875,44.077,36.430,0.005,5.911,0.847,175.0,90.0,175.0,120.0,0,0.0,41.7,51.0,46.2,57.1,32.5,53.0,56.4,50.4,57.9,40.4,39.8,39.8,40.0,33.2,35.1,35.2,33.1,34.6,32.5,32.8,32.3,36.0,25.8,27.5,11.2,12.7,36.5,37.0,47.0,57.7,52.2,38.0,54.6,41.3,42.9,20.2,10.3,0.0,0.0,0.1,0.0,0.0,0.0,15.6,4.1,9.1,24.3,7.5,21.6,19.9,41.8,0.0,0.0,0.0,0.0,0.0,0.1,0.1,2394.1,24.00,36,35,35,68,103,383,2,2,Yes,No,No,No,No,No,No,No,Yes,No,No,No,No,Yes,No,No,No,No,No,No,No,Yes,No,No,No,No,No,No,No,No,No,No,No,No,No,No,No,No,87.0,4740,4680,4740,75.2,1.095,1.110,1.815,1.815,1.005,5.110,1.250,No,No,No,75.0,1.095,1.110,1.800,1.815,1.005,5.110,1.750,No,No,No,43,43,94.0,100.0,No,No,32094,47869,39,70,100.0,100.0,No,No,1763,3070,0.0,1.1,1.1,0.000,0.065,6583,2275,0.2,0.1,0.3,1.625,0.011,10904,54,78.8,76.0,87.6,83.0,0.875,20.509,20.501,20.518,68.189,37.981,48.150,15.642,64.037,3.000,18.611,86.497,29.931,100.000,140.000,2250.0,2150.2,1890.0,2225.8,1905.0,62.0,27.0,0.0,9.0,66.7,15.2,60.7,0.0,0.0,0.0,Yes,No,No,No,No,Yes,No,0,0,0,0,0,0,0,0,0,0,0,0,0,0,0,0,0,0,0,0,0,0,0,0,0,0,0,0,0,0,2729,5459,5227,293,16.0,70,0.297,45.163,600.0,2394.0,0.1,0.0,0.0,0.0,0.0,0.0,0.0,0.0,0.2,38,16154,38,No,No,No,No,No,No,No,No,16.811,68.277,100.0,0.000,24.1,119,0,0,8.2,119.2,170.3,93.2,61.6,72.2,59.1,119.2,216.1,85.9,55.5,65.6,53.1,8.39,10.73,5.76,5.52,13.86,16.94,6.11,2.28,8.03,0.36,1.56,29,5,3.4,10.0,0,0,0.0,0.0,0,
7.6.2026,23:30:50.722,26035,22733,53.3,20386,11998,62.9,7.5,16384,1236,1.105,1.117,1.100,1.100,1.056,1.080,1.080,1.095,1.095,1.095,1.137,1.137,1.137,1.137,1.107,0.998,0.778,3534.2,4189.8,4090.0,4090.0,4090.0,4090.0,4090.0,1097.3,3391.7,3391.7,3391.7,3391.7,3391.7,3391.7,3391.7,99.8,3591.2,1525.8,2036.5,1789.5,2410.1,1268.4,2241.4,2189.9,2168.3,2199.4,1597.0,1500.8,1587.1,1536.7,953.0,989.8,1045.1,980.8,1026.5,1012.1,1007.8,975.4,1655.9,40.5,50.5,44.6,59.8,31.3,55.2,53.5,53.1,53.9,39.8,37.3,39.6,38.2,30.9,31.8,33.6,31.4,32.1,31.7,31.4,31.3,59.8,40.5,100.0,66.1,79.7,70.2,94.0,49.4,87.6,85.3,84.6,85.8,62.3,58.4,61.8,59.8,53.2,54.8,57.8,54.5,57.0,56.4,56.2,54.2,66.1,35.4,42.0,41.0,41.0,41.0,41.0,41.0,11.0,34.0,34.0,34.0,34.0,34.0,34.0,34.0,36.0,73,76,77,77,74,74,74,72,72,72,72,71,71,71,71,27,24,23,23,26,26,26,28,28,28,28,29,29,29,29,82,77,No,No,No,No,No,No,No,No,No,No,No,No,No,No,No,No,No,No,No,No,No,No,No,No,No,No,No,No,No,No,Yes,Yes,Yes,Yes,Yes,Yes,Yes,Yes,Yes,Yes,Yes,Yes,Yes,Yes,Yes,No,No,Yes,83,78,69,1.100,36.282,47.161,39.539,0.005,5.898,0.839,175.0,90.0,175.0,120.0,0,0.0,40.4,50.4,44.1,59.6,31.2,54.8,53.5,53.0,53.8,39.7,37.2,39.5,38.2,30.6,31.7,33.5,31.3,32.0,31.5,31.3,31.2,35.0,27.4,25.6,12.2,12.4,38.5,38.0,44.0,46.4,54.7,35.4,48.6,39.3,39.1,27.9,12.5,0.0,0.0,0.0,0.0,0.0,0.0,20.9,17.8,8.3,28.3,15.5,24.3,24.8,35.6,0.0,0.0,0.0,0.0,0.0,0.1,0.1,2394.1,24.00,36,35,35,68,103,383,2,2,Yes,No,No,No,No,No,No,No,Yes,No,No,No,No,Yes,No,No,No,No,No,No,No,Yes,No,No,No,No,No,No,No,No,No,No,No,No,No,No,No,No,87.0,4740,4680,4740,75.2,1.095,1.110,1.800,1.800,1.005,5.110,1.750,No,No,No,75.0,1.095,1.110,1.800,1.800,1.005,5.110,2.125,No,No,No,43,43,94.0,100.0,No,No,32094,47869,39,70,100.0,100.0,No,No,1763,3070,0.4,1.0,1.4,0.055,0.023,6583,2275,0.7,0.0,0.7,4.242,0.002,10912,54,78.6,78.0,86.9,83.0,0.875,20.502,20.493,20.511,67.390,39.571,50.407,15.820,66.477,3.000,18.772,88.693,33.826,100.000,140.000,2250.0,2150.2,1890.0,2227.1,1905.0,67.0,27.0,0.0,10.0,65.9,14.6,58.2,0.0,0.0,0.0,Yes,No,No,No,No,Yes,No,0,0,0,0,0,0,0,0,0,0,0,0,0,0,0,0,0,0,0,0,0,0,0,0,0,0,0,0,0,0,2793,5395,5179,293,16.0,69,0.297,44.591,600.0,2394.0,0.1,0.0,0.0,0.0,0.0,0.0,0.0,0.0,0.2,38,16154,38,No,No,No,No,No,No,No,No,16.824,68.277,100.0,0.000,24.1,119,0,0,8.8,119.6,173.2,81.0,73.6,76.2,72.9,119.7,222.6,73.2,72.6,72.7,72.6,8.36,12.44,5.73,5.28,13.16,13.72,5.76,2.60,7.99,0.37,1.54,29,5,4.8,11.2,0,0,0.0,0.0,0,
7.6.2026,23:30:52.715,25905,22863,53.1,20350,12034,62.8,7.5,16384,1236,1.124,1.129,1.119,1.131,1.131,1.131,1.131,1.131,1.116,1.121,1.116,1.116,1.121,1.121,1.121,0.998,0.778,3733.7,4189.8,4189.8,4189.8,4189.8,4189.8,4189.8,3391.7,3391.7,3391.7,3391.7,3391.7,3391.7,3391.7,3391.7,99.8,3591.2,1539.8,1931.1,1879.8,2434.4,1184.5,2361.2,2119.9,2264.8,2061.9,1557.2,1582.8,1632.3,1485.6,986.9,1061.2,1103.5,1017.5,1051.9,1023.0,1051.0,1004.6,1666.5,40.6,47.8,46.5,60.2,28.8,58.1,51.8,55.4,50.3,38.4,39.1,40.5,36.5,31.0,33.6,34.6,31.9,32.4,31.5,32.6,31.8,60.2,40.6,100.0,66.9,75.8,73.7,94.9,46.2,92.1,82.7,88.3,80.6,60.9,61.6,63.5,58.0,55.1,58.7,61.0,56.3,58.3,56.7,58.2,55.7,66.9,37.4,42.0,42.0,42.0,42.0,42.0,42.0,34.0,34.0,34.0,34.0,34.0,34.0,34.0,34.0,36.0,73,73,74,77,74,74,74,73,73,73,73,70,71,71,71,27,27,26,23,26,26,26,27,27,27,27,30,29,29,29,82,77,No,No,No,No,No,No,No,No,No,No,No,No,No,No,No,No,No,No,No,No,No,No,No,No,No,No,No,No,No,No,Yes,Yes,Yes,Yes,Yes,Yes,Yes,Yes,Yes,Yes,Yes,Yes,Yes,Yes,Yes,No,No,Yes,82,75,69,1.100,41.344,42.657,35.019,0.005,5.911,0.841,175.0,90.0,175.0,120.0,0,0.0,41.0,48.1,46.5,60.5,29.3,58.0,52.2,55.7,50.7,38.9,39.5,41.0,37.0,31.3,34.0,35.1,32.5,32.9,32.0,33.2,32.2,40.3,27.0,25.9,10.9,11.7,36.3,36.6,51.8,55.9,59.5,49.4,53.9,54.1,51.3,40.2,6.6,0.0,0.0,0.0,0.0,0.0,0.0,13.1,6.8,2.5,14.4,9.7,10.5,12.0,23.2,0.0,0.0,0.0,0.0,0.0,0.1,0.2,2394.1,24.00,36,35,35,68,103,383,2,2,Yes,No,No,No,No,No,No,No,Yes,No,No,No,No,Yes,No,No,No,No,No,No,No,Yes,No,No,No,No,No,No,No,No,No,No,No,No,No,No,No,No,88.0,4740,4740,4800,75.2,1.095,1.110,1.800,1.800,0.990,5.110,2.000,No,No,No,75.0,1.095,1.110,1.800,1.800,1.005,5.110,2.125,No,No,No,43,43,94.0,100.0,No,No,32094,47869,39,70,100.0,100.0,No,No,1763,3070,0.0,1.3,1.3,0.000,0.062,6583,2275,0.6,0.0,0.6,4.427,0.000,10920,54,77.2,78.0,84.9,83.0,0.875,20.530,20.523,20.538,63.261,37.838,45.167,15.515,60.915,3.000,18.476,89.337,32.459,100.000,140.000,2250.0,2150.2,1890.0,2228.7,1905.0,58.0,26.0,0.0,7.0,65.9,13.8,55.0,0.0,0.0,0.0,Yes,No,No,No,No,Yes,No,0,0,0,0,0,0,0,0,0,0,0,0,0,0,0,0,0,0,0,0,0,0,0,0,0,0,0,0,0,0,2793,5395,5163,293,16.0,70,0.297,44.186,600.0,2394.0,0.1,0.0,0.0,0.0,0.0,0.0,0.0,0.0,0.2,38,16154,38,No,No,No,No,No,No,No,No,16.812,68.277,100.0,0.000,24.1,120,0,0,7.9,119.9,183.1,93.3,91.4,92.0,91.2,119.9,206.5,89.0,83.2,85.5,82.5,8.34,10.73,5.29,5.11,10.85,10.94,5.96,2.39,7.98,0.36,1.40,29,5,6.1,11.8,0,0,0.0,0.0,0,
7.6.2026,23:30:54.716,25958,22810,53.2,20338,12046,62.8,7.5,16384,1236,1.178,1.145,1.152,1.202,1.162,1.157,1.162,1.175,1.210,1.180,1.185,1.190,1.175,1.210,1.185,1.018,0.778,3520.0,4289.5,4289.5,4389.3,4389.3,4389.3,4389.3,1097.3,3491.5,3491.5,3491.5,1097.3,3491.5,3491.5,3491.5,99.8,3691.0,1323.2,1690.3,1746.0,2535.4,283.0,2080.8,2046.4,2214.3,2027.1,1251.8,1373.2,1374.6,1305.1,796.1,800.7,926.7,796.5,855.5,757.8,865.3,737.3,1453.0,34.1,40.6,42.0,60.8,6.1,49.4,48.3,52.3,48.0,30.3,33.3,33.4,31.4,25.3,25.1,29.2,24.8,26.7,23.4,27.2,23.4,60.8,34.1,100.0,57.3,66.1,68.5,99.1,11.1,81.7,79.5,86.6,78.6,49.0,53.5,53.7,51.0,44.8,44.9,51.7,45.1,47.9,42.6,48.2,41.6,57.3,35.3,43.0,43.0,44.0,44.0,44.0,44.0,11.0,35.0,35.0,35.0,11.0,35.0,35.0,35.0,37.0,72,73,74,75,74,72,71,70,70,70,70,70,70,71,71,28,27,26,25,26,28,29,30,30,30,30,30,30,29,29,82,75,No,No,No,No,No,No,No,No,No,No,No,No,No,No,No,No,No,No,No,No,No,No,No,No,No,No,No,No,No,No,Yes,Yes,Yes,Yes,Yes,Yes,Yes,Yes,Yes,Yes,Yes,Yes,Yes,Yes,Yes,No,No,Yes,82,77,69,1.100,48.938,45.102,37.671,0.005,5.798,0.779,175.0,90.0,175.0,120.0,0,0.0,34.0,40.5,41.7,60.8,6.7,49.1,48.4,52.3,47.8,30.3,33.3,33.4,31.5,25.2,25.0,29.1,24.8,26.7,23.5,27.1,23.6,37.0,33.2,34.0,16.2,13.4,47.0,45.4,42.9,44.5,60.5,33.1,46.2,34.2,49.7,17.5,16.3,0.0,0.0,0.2,0.0,0.0,0.0,27.2,25.8,7.1,36.5,22.6,36.9,19.2,52.6,0.0,0.2,0.0,0.0,0.0,0.0,0.0,2394.1,24.00,36,35,35,68,103,383,2,2,Yes,No,No,No,No,No,No,No,Yes,No,No,No,No,Yes,No,No,No,No,No,No,No,Yes,No,No,No,No,No,No,No,No,No,No,No,No,No,No,No,No,88.0,4740,4680,4740,75.2,1.095,1.110,1.800,1.800,0.990,5.040,2.000,No,No,No,75.0,1.095,1.110,1.800,1.800,0.990,5.110,2.250,No,No,No,43,43,94.0,100.0,No,No,32094,47869,39,70,100.0,100.0,No,No,1763,3070,0.1,1.0,1.2,0.004,0.017,6583,2275,0.1,0.0,0.2,0.195,0.008,10921,54,77.2,76.0,84.7,83.0,0.875,20.518,20.510,20.527,64.626,27.327,46.708,15.711,62.668,3.000,18.670,10.386,34.148,100.000,140.000,2250.0,2150.2,1890.0,2229.1,1905.0,61.0,27.0,0.0,8.0,66.7,13.7,54.9,0.0,0.0,0.0,Yes,No,No,No,No,Yes,No,0,0,0,0,0,0,0,0,0,0,0,0,0,0,0,0,0,0,0,0,0,0,0,0,0,0,0,0,0,0,2729,5459,5227,293,16.0,70,0.297,43.381,600.0,2394.0,0.1,0.0,0.0,0.0,0.0,0.0,0.0,0.0,0.2,38,16154,38,No,No,No,No,No,No,No,No,16.810,68.277,100.0,0.000,24.1,120,0,0,9.1,119.9,141.8,103.5,101.7,102.4,101.4,119.9,148.6,101.3,99.1,99.9,98.8,8.34,9.66,7.05,7.03,9.78,9.88,5.25,3.09,7.99,0.35,0.89,29,5,2.4,3.1,0,0,0.0,0.0,0,
7.6.2026,23:30:56.713,26044,22724,53.4,20356,12028,62.8,7.5,16384,1236,1.099,1.114,1.081,1.081,1.081,1.100,1.100,1.109,1.109,1.109,1.100,1.100,1.100,1.100,1.100,0.976,0.778,3691.0,4090.0,4090.0,4090.0,4090.0,4090.0,4090.0,3391.7,3391.7,3391.7,3391.7,3391.7,3391.7,3391.7,3391.7,99.8,3491.5,1441.4,1861.4,1676.0,2530.5,666.4,2213.0,2073.3,2215.3,2123.0,1498.7,1370.0,1626.2,1340.8,954.6,919.8,1037.9,922.1,1002.9,920.3,986.4,890.0,1564.3,37.9,45.4,41.0,61.5,16.9,53.4,49.7,53.3,50.9,36.7,33.5,39.9,32.6,30.3,29.2,33.1,28.9,32.3,29.3,31.1,28.8,61.5,37.9,100.0,62.7,72.8,65.9,99.0,26.0,86.7,80.8,86.8,82.5,58.7,53.3,63.4,52.3,53.4,51.2,57.6,51.3,55.7,51.6,54.6,50.0,62.7,37.0,41.0,41.0,41.0,41.0,41.0,41.0,34.0,34.0,34.0,34.0,34.0,34.0,34.0,34.0,35.0,72,74,74,76,74,74,73,70,70,70,70,71,71,71,71,28,26,26,24,26,26,27,30,30,30,30,29,29,29,29,82,76,No,No,No,No,No,No,No,No,No,No,No,No,No,No,No,No,No,No,No,No,No,No,No,No,No,No,No,No,No,No,Yes,Yes,Yes,Yes,Yes,Yes,Yes,Yes,Yes,Yes,Yes,Yes,Yes,Yes,Yes,No,No,Yes,82,76,69,1.100,37.126,44.295,36.733,0.005,5.864,0.809,175.0,90.0,175.0,120.0,0,0.0,37.8,45.2,40.6,61.4,16.2,53.1,49.6,53.2,50.8,36.7,33.5,39.9,32.6,30.1,29.2,33.0,28.9,32.1,29.2,31.1,28.7,40.5,32.2,30.0,14.0,12.4,42.2,40.1,51.0,50.5,60.8,49.3,53.6,42.1,55.6,33.6,9.3,0.0,0.0,0.0,0.0,0.0,0.0,15.0,16.3,3.2,17.9,10.6,24.2,9.9,32.5,0.0,0.1,0.0,0.0,0.0,0.0,0.0,2394.1,24.00,36,35,35,68,103,383,2,2,Yes,No,No,No,No,No,No,No,Yes,No,No,No,No,Yes,No,No,No,No,No,No,No,Yes,No,No,No,No,No,No,No,No,No,No,No,No,No,No,No,No,89.0,4740,4680,4800,75.2,1.095,1.110,1.800,1.800,0.990,5.040,1.500,No,No,No,75.0,1.095,1.110,1.800,1.800,0.990,5.040,2.125,No,No,No,43,43,94.0,100.0,No,No,32094,47869,39,70,100.0,100.0,No,No,1763,3070,0.8,1.3,2.0,0.032,0.046,6583,2275,0.1,0.0,0.1,0.195,0.000,10921,54,78.8,76.0,87.3,83.0,0.875,20.523,20.514,20.532,66.932,35.944,47.326,16.124,63.689,3.000,19.085,65.695,36.686,100.000,140.000,2250.0,2150.2,1890.0,2227.8,1905.0,63.0,29.0,0.0,9.0,65.9,25.0,100.0,0.0,0.0,0.0,Yes,No,No,No,No,Yes,No,0,0,0,0,0,0,0,0,0,0,0,0,0,0,0,0,0,0,0,0,0,0,0,0,0,0,0,0,0,0,2792,5396,5164,293,16.0,70,0.297,46.908,600.0,2394.0,0.1,0.0,0.0,0.0,0.0,0.0,0.0,0.0,0.2,38,16154,38,No,No,No,No,No,No,No,No,16.811,68.277,100.0,0.000,24.1,120,0,0,8.0,119.9,163.7,90.4,76.0,81.5,74.5,119.7,192.3,87.0,80.7,83.0,80.0,8.34,11.08,6.09,5.20,12.27,13.42,5.66,2.69,7.99,0.36,1.28,29,5,3.9,6.7,0,0,0.0,0.0,0,
7.6.2026,23:30:58.723,25881,22887,53.0,20339,12044,62.8,7.5,16384,1236,1.110,1.124,1.128,1.103,1.088,1.103,1.093,1.108,1.138,1.108,1.103,1.113,1.123,1.103,1.106,0.998,0.778,3733.7,4189.8,4189.8,4189.8,4189.8,4189.8,4189.8,3391.7,3391.7,3391.7,3391.7,3391.7,3391.7,3391.7,3391.7,99.8,3591.2,1460.6,1945.5,1643.3,2411.9,1105.2,2757.1,1611.7,2710.9,1492.7,1683.2,1252.1,1766.0,1271.2,946.2,905.3,1023.4,932.6,964.8,895.3,1007.4,885.8,1591.1,38.5,48.0,40.5,59.2,26.9,67.4,39.1,65.8,36.2,41.6,30.9,43.8,31.2,30.2,28.7,32.5,29.7,30.1,27.9,31.6,28.5,67.4,38.5,100.0,63.2,76.0,64.5,94.1,43.0,107.3,62.6,105.9,58.2,65.7,48.7,68.8,49.6,53.0,50.4,56.7,51.9,53.5,49.9,55.6,49.3,63.3,37.4,42.0,42.0,42.0,42.0,42.0,42.0,34.0,34.0,34.0,34.0,34.0,34.0,34.0,34.0,36.0,72,73,75,77,74,74,73,72,72,71,71,71,71,70,70,28,27,25,23,26,26,27,28,28,29,29,29,29,30,30,83,77,No,No,No,No,No,No,No,No,No,No,No,No,No,No,No,No,No,No,No,No,No,No,No,No,No,No,No,No,No,No,Yes,Yes,Yes,Yes,Yes,Yes,Yes,Yes,Yes,Yes,Yes,Yes,Yes,Yes,Yes,No,No,Yes,83,75,69,1.100,36.282,45.749,38.165,0.005,5.878,0.820,175.0,90.0,175.0,120.0,0,0.0,38.4,47.9,40.2,59.2,26.9,66.9,39.0,65.8,36.2,41.7,30.9,43.7,31.3,30.0,28.6,32.5,29.7,30.1,27.9,31.6,28.5,40.1,31.3,27.9,12.3,14.4,40.7,38.2,51.3,48.4,59.6,48.5,49.9,45.9,57.8,35.0,9.6,0.0,0.0,0.0,0.0,0.0,0.0,14.7,19.0,4.9,17.9,16.2,22.0,7.6,31.8,0.0,0.0,0.0,0.0,0.0,0.0,0.1,2394.1,24.00,36,35,35,68,103,383,2,2,Yes,No,No,No,No,No,No,No,Yes,No,No,No,No,Yes,No,No,No,No,No,No,No,Yes,No,No,No,No,No,No,No,No,No,No,No,No,No,No,No,No,87.0,4740,4680,4740,75.2,1.095,1.110,1.800,1.800,0.990,5.040,2.125,No,No,No,75.0,1.095,1.110,1.800,1.800,0.990,5.040,2.625,No,No,No,43,43,94.0,100.0,No,No,32094,47869,39,70,100.0,100.0,No,No,1763,3070,0.3,1.0,1.2,0.016,0.046,6583,2275,0.3,0.0,0.3,1.171,0.000,10923,54,78.3,76.0,86.8,83.0,0.875,20.504,20.495,20.514,66.489,33.326,48.753,16.273,65.275,3.000,19.243,45.165,35.574,100.000,140.000,2250.0,2150.2,1890.0,2227.2,1905.0,64.0,29.0,0.0,9.0,66.7,14.5,58.1,0.0,0.0,0.0,Yes,No,No,No,No,Yes,No,0,0,0,0,0,0,0,0,0,0,0,0,0,0,0,0,0,0,0,0,0,0,0,0,0,0,0,0,0,0,2728,5460,5228,293,16.0,69,0.297,44.306,600.0,2394.0,0.1,0.0,0.0,0.0,0.0,0.0,0.0,0.0,0.2,38,16154,38,No,No,No,No,No,No,No,No,16.811,68.277,100.0,0.000,24.1,120,0,0,8.1,120.1,139.9,105.0,102.8,103.7,102.5,120.1,153.8,101.2,96.9,98.7,96.3,8.32,9.63,7.16,7.12,9.68,9.71,5.66,2.66,7.97,0.35,0.68,29,5,3.9,4.0,0,0,0.0,0.0,0,
7.6.2026,23:31:0.719,25954,22814,53.2,20347,12037,62.8,7.5,16384,1236,1.093,1.139,1.111,1.126,1.126,1.126,1.096,1.073,1.073,1.073,1.078,1.063,1.073,1.073,1.073,0.976,0.778,3719.5,4090.0,4189.8,4189.8,4189.8,4189.8,4090.0,3391.7,3391.7,3391.7,3391.7,3391.7,3391.7,3391.7,3391.7,99.8,3491.5,1433.4,1930.4,1648.6,2371.3,1161.5,2635.7,1751.9,2546.9,1690.3,1597.6,1265.2,1665.0,1357.6,928.1,863.8,958.7,882.3,898.8,805.6,890.6,818.1,1578.4,37.3,46.9,40.0,57.3,27.9,63.1,41.9,60.7,40.4,39.1,30.8,40.4,33.0,29.7,27.4,30.7,28.1,28.5,25.5,28.0,26.3,63.1,37.3,100.0,61.9,75.6,64.9,92.4,45.2,102.7,68.1,99.6,65.8,62.5,49.1,64.7,52.9,51.9,48.3,53.2,49.3,50.1,45.2,49.6,46.0,61.9,37.3,41.0,42.0,42.0,42.0,42.0,41.0,34.0,34.0,34.0,34.0,34.0,34.0,34.0,34.0,35.0,73,73,75,75,72,74,76,72,72,72,72,71,71,71,71,27,27,25,25,28,26,24,28,28,28,28,29,29,29,29,83,76,No,No,No,No,No,No,No,No,No,No,No,No,No,No,No,No,No,No,No,No,No,No,No,No,No,No,No,No,No,No,Yes,Yes,Yes,Yes,Yes,Yes,Yes,Yes,Yes,Yes,Yes,Yes,Yes,Yes,Yes,No,No,Yes,83,77,69,1.100,18.563,45.900,38.373,0.010,5.859,0.812,175.0,90.0,175.0,120.0,0,0.0,37.2,46.8,39.6,57.2,27.9,62.7,41.8,60.7,40.3,39.1,30.8,40.5,32.9,29.5,27.3,30.7,28.1,28.5,25.6,28.0,26.3,31.7,32.0,28.7,12.9,15.1,42.7,39.8,41.5,32.2,51.4,32.8,41.0,23.9,39.5,10.3,18.6,0.1,0.0,0.0,0.0,0.0,0.0,24.2,35.0,13.9,33.6,25.4,44.4,27.5,56.7,0.0,0.0,0.0,0.0,0.0,0.0,0.0,2394.1,24.00,36,35,35,68,103,383,2,2,Yes,No,No,No,No,No,No,No,Yes,No,No,No,No,Yes,No,No,No,No,No,No,No,Yes,No,No,No,No,No,No,No,No,No,No,No,No,No,No,No,No,88.0,4740,4560,4740,75.2,1.095,1.110,1.815,1.800,0.990,5.040,2.125,No,No,No,75.0,1.095,1.110,1.800,1.800,0.990,5.040,2.000,No,No,No,43,43,94.0,100.0,No,No,32094,47869,39,70,100.0,100.0,No,No,1763,3070,0.3,0.7,1.1,0.061,0.034,6583,2275,0.0,0.0,0.0,0.032,0.000,10923,54,78.1,76.0,87.3,83.0,0.875,20.520,20.511,20.528,67.814,27.882,47.684,15.671,63.597,3.000,18.630,10.640,35.954,100.000,140.000,2250.0,2150.2,1890.0,2227.1,1905.0,61.0,27.0,0.0,8.0,66.7,14.5,58.1,0.0,0.0,0.0,Yes,No,No,No,No,Yes,No,0,0,0,0,0,0,0,0,0,0,0,0,0,0,0,0,0,0,0,0,0,0,0,0,0,0,0,0,0,0,2729,5459,5227,293,16.0,70,0.297,46.814,600.0,2394.0,0.2,0.0,0.0,0.0,0.0,0.0,0.0,0.0,0.2,38,16154,38,No,No,No,No,No,No,No,No,16.811,68.277,100.0,0.000,24.1,120,0,0,8.2,119.9,163.2,94.0,88.1,90.5,87.4,119.8,189.6,85.4,77.5,80.7,76.6,8.34,10.64,6.12,5.89,11.03,11.40,5.72,2.62,7.99,0.35,1.24,29,5,2.9,5.8,0,0,0.0,0.0,0,
7.6.2026,23:31:2.720,25965,22803,53.2,20369,12015,62.8,7.5,16384,1236,1.114,1.109,1.118,1.118,1.127,1.082,1.082,1.104,1.094,1.079,1.099,1.145,1.145,1.145,1.150,0.976,0.778,3006.9,4090.0,4090.0,4090.0,4090.0,798.0,798.0,3291.9,3291.9,3291.9,3291.9,1097.3,3291.9,3291.9,3291.9,99.8,3491.5,1474.6,1941.4,1668.2,2391.3,1148.2,2102.9,2231.9,2171.1,2112.3,1619.1,1374.3,1520.8,1573.4,979.4,900.0,1043.4,951.5,1031.2,875.1,989.4,866.5,1608.1,38.6,47.5,40.9,58.5,27.6,51.1,54.1,52.4,51.1,39.8,33.6,37.2,38.5,30.9,28.1,33.2,29.8,31.9,26.8,30.8,27.3,58.5,38.6,100.0,63.9,75.9,65.5,93.3,44.7,82.5,86.8,85.0,82.2,63.4,53.4,59.3,61.2,54.5,50.3,57.8,52.8,57.4,49.2,54.7,48.8,63.9,30.1,41.0,41.0,41.0,41.0,8.0,8.0,33.0,33.0,33.0,33.0,11.0,33.0,33.0,33.0,35.0,73,77,75,77,75,72,73,72,72,72,72,71,71,71,71,27,23,25,23,25,28,27,28,28,28,28,29,29,29,29,83,77,No,No,No,No,No,No,No,No,No,No,No,No,No,No,No,No,No,No,No,No,No,No,No,No,No,No,No,No,No,No,Yes,Yes,Yes,Yes,Yes,Yes,Yes,Yes,Yes,Yes,Yes,Yes,Yes,Yes,Yes,No,No,Yes,83,79,69,1.100,37.969,44.887,37.273,0.005,5.885,0.828,175.0,90.0,175.0,120.0,0,0.0,38.9,47.8,41.0,58.8,28.1,51.1,54.3,52.7,51.4,40.2,34.0,37.6,38.9,31.2,28.6,33.6,30.4,32.3,27.3,31.3,27.8,37.6,30.5,27.8,12.8,14.0,39.2,37.2,53.8,44.7,59.6,44.6,55.3,33.5,52.5,21.4,11.3,0.0,0.0,0.0,0.0,0.0,0.0,11.4,22.3,3.9,20.7,8.7,33.9,12.7,44.8,0.1,0.2,0.0,0.0,0.0,0.2,0.1,2394.1,24.00,36,35,35,68,103,383,2,2,Yes,No,No,No,No,No,No,No,Yes,No,No,No,No,Yes,No,No,No,No,No,No,No,Yes,No,No,No,No,No,No,No,No,No,No,No,No,No,No,No,No,88.0,4800,4680,4800,75.2,1.095,1.110,1.815,1.815,0.990,5.040,2.000,No,No,No,75.0,1.095,1.110,1.815,1.815,0.990,5.040,2.375,No,No,No,43,43,94.0,100.0,No,No,32094,47869,39,70,100.0,100.0,No,No,1763,3070,0.0,1.8,1.8,0.000,0.035,6583,2275,0.2,0.0,0.2,1.106,0.000,10926,54,80.3,76.0,89.8,83.0,0.875,20.496,20.484,20.508,68.773,33.615,56.909,16.285,73.480,3.000,19.245,26.532,39.856,100.000,140.000,2250.0,2150.2,1890.0,2227.5,1905.0,72.0,29.0,0.0,10.0,66.7,14.9,59.5,0.0,0.0,0.0,Yes,No,No,No,No,Yes,No,0,0,0,0,0,0,0,0,0,0,0,0,0,0,0,0,0,0,0,0,0,0,0,0,0,0,0,0,0,0,2729,5459,5227,294,16.0,70,0.297,41.921,650.0,2394.0,0.1,0.0,0.0,0.0,0.0,0.0,0.0,0.0,0.2,38,16154,38,No,No,No,No,No,No,No,No,16.812,68.277,100.0,0.000,24.1,118,0,0,6.2,117.8,179.8,76.6,68.8,71.5,68.0,117.9,212.7,83.6,71.4,76.1,70.1,8.49,13.02,5.58,5.54,13.98,14.71,5.57,2.93,8.14,0.35,1.43,29,5,3.9,7.6,0,0,0.0,0.0,0,
7.6.2026,23:31:4.714,25980,22788,53.2,20368,12015,62.8,7.5,16384,1236,1.129,1.089,1.103,1.135,1.150,1.140,1.150,1.150,1.150,1.150,1.140,1.109,1.094,1.109,1.140,0.976,0.778,3691.0,4090.0,4090.0,4090.0,4090.0,4090.0,4090.0,3391.7,3391.7,3391.7,3391.7,3391.7,3391.7,3391.7,3391.7,99.8,3491.5,1556.6,2020.9,1734.9,2512.6,1181.8,2281.4,2078.7,2203.0,2120.2,1678.6,1459.7,1522.3,1745.1,1085.9,1024.6,1096.7,1112.3,1141.5,1019.6,1078.4,1033.5,1678.7,41.9,50.6,43.6,62.7,29.4,56.7,51.4,54.6,52.7,42.2,36.6,38.2,43.9,35.0,33.1,35.1,35.6,36.2,32.3,34.3,33.7,62.7,41.9,100.0,67.8,79.1,68.1,97.9,46.1,89.0,81.1,85.9,83.1,65.6,56.8,59.4,68.0,60.4,56.8,60.8,61.8,63.4,56.5,59.5,57.2,67.8,37.0,41.0,41.0,41.0,41.0,41.0,41.0,34.0,34.0,34.0,34.0,34.0,34.0,34.0,34.0,35.0,72,74,77,77,71,71,70,71,71,71,71,71,71,71,71,28,26,23,23,29,29,30,29,29,29,29,29,29,29,29,82,77,No,No,No,No,No,No,No,No,No,No,No,No,No,No,No,No,No,No,No,No,No,No,No,No,No,No,No,No,No,No,Yes,Yes,Yes,Yes,Yes,Yes,Yes,Yes,Yes,Yes,Yes,Yes,Yes,Yes,Yes,No,No,Yes,83,76,69,1.100,26.157,42.476,34.778,0.005,5.931,0.852,175.0,90.0,175.0,120.0,0,0.0,41.8,50.5,43.2,62.6,29.5,56.5,51.4,54.5,52.5,42.3,36.6,38.2,43.8,34.8,33.0,35.1,35.6,36.2,32.3,34.3,33.7,44.1,26.9,24.0,12.1,12.0,36.1,33.8,61.2,59.9,61.9,61.3,59.8,56.5,62.1,49.1,2.2,0.0,0.0,0.0,0.0,0.0,0.0,1.2,4.3,0.4,0.5,1.1,8.2,1.1,13.6,0.1,0.4,0.0,0.0,0.0,0.1,0.1,2394.1,24.00,36,35,35,68,103,383,2,2,Yes,No,No,No,No,No,No,No,Yes,No,No,No,No,Yes,No,No,No,No,No,No,No,Yes,No,No,No,No,No,No,No,No,No,No,No,No,No,No,No,No,89.0,4800,4620,4740,75.2,1.095,1.110,1.815,1.815,1.005,5.040,1.375,No,No,No,75.0,1.095,1.110,1.815,1.815,1.005,5.040,1.750,No,No,No,43,43,94.0,100.0,No,No,32094,47869,39,70,100.0,100.0,No,No,1763,3070,0.3,1.4,1.7,0.034,0.045,6583,2275,0.6,0.0,0.6,5.360,0.000,10936,54,79.7,78.0,88.2,83.0,0.875,20.506,20.495,20.517,71.662,29.965,53.779,16.375,70.435,3.000,19.338,10.804,36.023,100.000,140.000,2250.0,2150.2,1890.0,2224.3,1905.0,70.0,29.0,0.0,10.0,66.7,15.8,63.4,0.0,0.0,0.0,Yes,No,No,No,No,Yes,No,0,0,0,0,0,0,0,0,0,0,0,0,0,0,0,0,0,0,0,0,0,0,0,0,0,0,0,0,0,0,2728,5460,5228,294,16.0,70,0.297,44.542,600.0,2394.0,0.1,0.0,0.0,0.0,0.0,0.0,0.0,0.0,0.2,38,16154,38,No,No,No,No,No,No,No,No,16.812,68.277,100.0,0.000,24.1,119,0,0,9.7,119.2,169.6,81.0,72.3,75.7,71.4,119.0,223.0,77.9,72.8,74.5,72.3,8.39,12.45,5.83,5.29,13.33,14.14,6.26,2.13,8.03,0.37,1.45,29,5,4.0,7.1,0,0,0.0,0.0,0,
7.6.2026,23:31:6.712,26002,22766,53.3,20376,12007,62.9,7.5,16384,1236,1.103,1.133,1.126,1.046,1.154,1.144,1.101,1.096,1.086,1.086,1.086,1.086,1.106,1.101,1.094,0.976,0.778,3634.0,4090.0,4090.0,4090.0,4090.0,4090.0,4090.0,3291.9,3291.9,3291.9,3291.9,3291.9,3291.9,3291.9,3291.9,99.8,3491.5,1494.8,1888.9,1735.8,2392.6,1151.7,2577.7,1771.4,2492.0,1817.3,1685.3,1411.6,1386.6,1720.4,983.5,939.9,1023.7,1053.0,1015.0,911.5,924.9,1014.2,1627.0,39.7,46.9,43.1,59.0,28.2,63.5,43.5,60.9,44.5,41.8,35.0,34.2,42.7,32.0,30.0,32.7,33.2,32.1,29.0,29.1,32.8,63.5,39.7,100.0,64.8,73.8,68.1,93.4,44.9,100.6,69.0,97.0,70.8,65.7,54.9,53.9,67.0,54.8,52.3,56.5,58.1,56.1,50.9,51.3,56.0,64.8,36.4,41.0,41.0,41.0,41.0,41.0,41.0,33.0,33.0,33.0,33.0,33.0,33.0,33.0,33.0,35.0,72,74,73,75,71,72,73,71,71,71,71,70,70,70,70,28,26,27,25,29,28,27,29,29,29,29,30,30,30,30,83,75,No,No,No,No,No,No,No,No,No,No,No,No,No,No,No,No,No,No,No,No,No,No,No,No,No,No,No,No,No,No,Yes,Yes,Yes,Yes,Yes,Yes,Yes,Yes,Yes,Yes,Yes,Yes,Yes,Yes,Yes,No,No,Yes,83,77,69,1.100,25.313,44.764,37.160,0.010,5.889,0.830,175.0,90.0,175.0,120.0,0,0.0,39.7,46.8,42.7,59.1,28.2,63.1,43.3,60.9,44.4,41.9,35.0,34.3,42.8,31.9,30.0,32.7,33.3,32.2,29.1,29.2,32.9,38.5,29.9,27.6,12.8,12.3,37.0,37.3,53.1,41.4,57.0,56.6,55.3,35.2,42.9,40.3,9.6,0.0,0.0,0.0,0.0,0.0,0.0,11.3,23.9,7.1,6.9,9.0,30.6,23.5,22.4,0.1,0.2,0.0,0.0,0.0,0.1,0.1,2394.1,24.00,36,35,35,68,103,383,2,2,Yes,No,No,No,No,No,No,No,Yes,No,No,No,No,Yes,No,No,No,No,No,No,No,Yes,No,No,No,No,No,No,No,No,No,No,No,No,No,No,No,No,88.0,4740,4620,4740,75.2,1.095,1.110,1.815,1.815,1.005,5.110,1.875,No,No,No,75.0,1.095,1.110,1.815,1.815,1.005,5.110,1.375,No,No,No,43,43,94.0,100.0,No,No,32094,47869,39,70,100.0,100.0,No,No,1763,3070,0.2,1.5,1.7,0.042,0.028,6583,2275,0.1,0.0,0.1,0.683,0.000,10937,54,79.4,76.0,89.5,83.0,0.875,20.517,20.508,20.527,72.481,39.210,50.706,15.771,66.733,3.000,18.736,81.790,37.732,100.000,140.000,2250.0,2150.2,1890.0,2224.0,1905.0,66.0,28.0,0.0,9.0,66.7,15.5,62.0,0.0,0.0,0.0,Yes,No,No,No,No,Yes,No,0,0,0,0,0,0,0,0,0,0,0,0,0,0,0,0,0,0,0,0,0,0,0,0,0,0,0,0,0,0,2728,5460,5228,294,16.0,69,0.297,44.537,650.0,2394.0,0.2,0.0,0.0,0.0,0.0,0.0,0.0,0.0,0.2,38,16154,38,No,No,No,No,No,No,No,No,16.811,68.277,100.0,0.000,24.1,120,0,0,8.3,119.8,176.2,86.1,79.4,82.0,78.6,119.7,217.0,80.5,76.9,78.3,76.5,8.35,11.60,5.67,5.32,12.17,12.69,6.12,2.23,7.99,0.36,1.34,29,5,2.8,6.1,0,0,0.0,0.0,0,
7.6.2026,23:31:8.723,25936,22831,53.1,20332,12052,62.7,7.5,16384,1236,1.109,1.106,1.110,1.081,1.090,1.090,1.110,1.110,1.110,1.110,1.121,1.096,1.136,1.136,1.116,0.978,0.778,3527.1,4090.0,4090.0,4090.0,4090.0,4090.0,4090.0,3391.7,3391.7,3391.7,3391.7,1097.3,3391.7,3391.7,3391.7,99.8,3491.5,1498.9,1881.5,1758.5,2360.9,1184.1,2313.8,1977.9,2088.7,2328.0,1684.1,1371.2,1417.9,1697.8,996.7,970.6,1035.5,1030.3,1057.4,907.8,938.7,976.7,1631.1,39.9,46.8,43.8,58.3,29.3,56.9,48.5,51.1,57.0,42.0,34.1,35.2,42.3,32.1,31.1,33.4,33.1,33.7,28.6,29.3,31.8,58.3,39.9,100.0,65.0,73.5,69.1,92.2,46.2,90.6,76.8,81.7,90.4,65.8,53.4,55.2,66.1,55.5,53.9,57.2,57.2,58.3,50.5,52.1,54.4,65.0,35.4,41.0,41.0,41.0,41.0,41.0,41.0,34.0,34.0,34.0,34.0,11.0,34.0,34.0,34.0,35.0,72,72,73,77,72,71,71,71,71,71,71,71,71,71,71,28,28,27,23,28,29,29,29,29,29,29,29,29,29,29,82,77,No,No,No,No,No,No,No,No,No,No,No,No,No,No,No,No,No,No,No,No,No,No,No,No,No,No,No,No,No,No,Yes,Yes,Yes,Yes,Yes,Yes,Yes,Yes,Yes,Yes,Yes,Yes,Yes,Yes,Yes,No,No,Yes,83,79,69,1.100,40.501,45.217,37.619,0.005,5.877,0.825,175.0,90.0,175.0,120.0,0,0.0,39.8,46.7,43.3,58.3,29.2,56.6,48.3,51.0,56.8,42.0,34.0,35.1,42.2,31.8,31.0,33.3,33.1,33.5,28.5,29.2,31.8,39.7,30.0,28.2,14.4,11.4,38.9,38.0,56.6,49.9,60.5,50.4,58.8,40.3,45.7,32.5,8.7,0.0,0.0,0.0,0.0,0.0,0.0,8.2,15.3,3.5,12.7,4.7,26.6,20.8,30.5,0.0,0.2,0.0,0.0,0.0,0.0,0.0,2394.1,24.00,36,35,35,68,103,383,2,2,Yes,No,No,No,No,No,No,No,Yes,No,No,No,No,Yes,No,No,No,No,No,No,No,Yes,No,No,No,No,No,No,No,No,No,No,No,No,No,No,No,No,87.0,4800,4680,4740,75.2,1.110,1.110,1.815,1.815,1.005,5.110,1.625,No,No,No,75.0,1.095,1.110,1.815,1.815,1.005,5.110,1.875,No,No,No,43,43,94.0,100.0,No,No,32094,47869,39,70,100.0,100.0,No,No,1763,3070,0.8,1.2,2.0,0.022,0.089,6583,2276,0.2,0.0,0.2,1.078,0.000,10939,54,79.0,76.0,87.3,83.0,0.875,20.508,20.499,20.518,69.135,40.576,51.821,16.112,68.183,3.000,19.070,89.671,36.173,100.000,140.000,2250.0,2150.2,1890.0,2226.0,1905.0,68.0,29.0,0.0,10.0,66.7,14.9,59.4,0.0,0.0,0.0,Yes,No,No,No,No,Yes,No,0,0,0,0,0,0,0,0,0,0,0,0,0,0,0,0,0,0,0,0,0,0,0,0,0,0,0,0,0,0,2729,5459,5259,294,16.0,69,0.297,45.792,600.0,2394.0,0.1,0.0,0.0,0.0,0.0,0.0,0.0,0.0,0.2,38,16154,38,No,No,No,No,No,No,No,No,16.810,68.277,100.0,0.000,24.1,120,0,0,8.8,119.6,175.7,87.1,81.6,83.7,81.0,119.6,217.4,84.8,77.4,80.4,76.6,8.36,11.54,5.65,5.28,12.01,12.39,5.85,2.51,8.01,0.35,1.39,29,5,3.4,7.6,0,0,0.0,0.0,0,
7.6.2026,23:31:10.719,25974,22794,53.2,20311,12073,62.7,7.5,16384,1236,1.125,1.139,1.082,1.102,1.122,1.140,1.140,1.140,1.140,1.140,1.140,1.140,1.130,1.115,1.087,0.976,0.778,3634.0,4090.0,4090.0,4090.0,4090.0,4090.0,4090.0,3291.9,3291.9,3291.9,3291.9,3291.9,3291.9,3291.9,3291.9,99.8,3491.5,1561.7,1969.4,1828.0,2450.1,1191.9,2397.2,2060.6,2055.8,2399.2,1664.6,1525.0,1510.2,1732.1,1059.6,1045.2,1079.1,1056.4,1124.0,1021.3,1017.1,1046.6,1689.0,41.8,49.1,45.8,60.8,29.5,59.1,50.8,50.6,59.0,41.7,38.2,37.7,43.4,34.4,33.5,34.5,33.8,35.4,32.1,31.9,33.8,60.8,41.8,100.0,67.9,77.1,71.7,95.6,46.5,93.7,80.2,80.3,93.4,65.1,59.4,58.8,67.5,59.1,58.0,59.7,58.7,62.2,56.7,56.4,58.1,67.9,36.4,41.0,41.0,41.0,41.0,41.0,41.0,33.0,33.0,33.0,33.0,33.0,33.0,33.0,33.0,35.0,72,74,74,75,74,74,73,71,71,71,71,71,71,71,71,28,26,26,25,26,26,27,29,29,29,29,29,29,29,29,83,75,No,No,No,No,No,No,No,No,No,No,No,No,No,No,No,No,No,No,No,No,No,No,No,No,No,No,No,No,No,No,Yes,Yes,Yes,Yes,Yes,Yes,Yes,Yes,Yes,Yes,Yes,Yes,Yes,Yes,Yes,No,No,Yes,83,75,69,1.100,20.250,45.288,37.624,0.010,5.921,0.847,175.0,90.0,175.0,120.0,0,0.0,41.6,48.9,45.3,60.7,29.4,58.8,50.6,50.5,58.8,41.6,38.1,37.6,43.4,34.1,33.3,34.4,33.7,35.3,32.0,31.8,33.8,38.5,26.9,25.9,11.8,11.2,35.8,35.2,50.7,53.2,56.0,49.3,53.6,43.9,48.4,37.3,7.7,0.1,0.0,0.0,0.0,0.0,0.0,11.3,9.9,6.3,13.1,7.7,19.9,15.9,24.3,0.1,0.2,0.0,0.0,0.0,0.1,0.2,2394.1,24.00,36,35,35,68,103,383,2,2,Yes,No,No,No,No,No,No,No,Yes,No,No,No,No,Yes,No,No,No,No,No,No,No,Yes,No,No,No,No,No,No,No,No,No,No,No,No,No,No,No,No,88.0,4680,4620,4740,75.2,1.095,1.110,1.815,1.815,1.005,5.110,2.000,No,No,No,75.0,1.095,1.095,1.815,1.815,1.005,5.110,2.125,No,No,No,43,43,94.0,100.0,No,No,32094,47869,39,70,100.0,100.0,No,No,1763,3070,0.0,1.3,1.3,0.000,0.033,6583,2276,0.2,0.0,0.2,1.855,0.000,10943,54,78.0,76.0,85.9,83.0,0.875,20.522,20.513,20.530,69.060,27.418,47.705,15.877,63.807,3.000,18.840,10.537,32.163,100.000,140.000,2250.0,2150.2,1890.0,2225.4,1905.0,61.0,27.0,0.0,9.0,66.7,15.2,60.6,0.0,0.0,0.0,Yes,No,No,No,No,Yes,No,0,0,0,0,0,0,0,0,0,0,0,0,0,0,0,0,0,0,0,0,0,0,0,0,0,0,0,0,0,0,2729,5459,5227,294,16.0,69,0.297,43.755,600.0,2394.0,0.2,0.0,0.0,0.0,0.0,0.0,0.0,0.0,0.2,38,16154,38,No,No,No,No,No,No,No,No,16.811,68.277,100.0,0.000,24.1,120,0,0,8.5,119.7,168.2,93.2,84.0,87.7,83.0,119.5,199.8,88.0,82.2,84.6,81.5,8.35,10.72,5.93,5.66,11.43,12.11,6.15,2.20,7.99,0.36,1.47,29,5,9.5,10.5,0,0,0.0,0.0,0,
7.6.2026,23:31:12.719,25863,22904,53.0,20285,12099,62.6,7.5,16384,1236,1.100,1.096,1.086,1.101,1.101,1.096,1.099,1.114,1.114,1.104,1.104,1.104,1.104,1.090,1.090,0.976,0.778,3527.1,4090.0,4090.0,4090.0,4090.0,4090.0,4090.0,3391.7,3391.7,3391.7,3391.7,1097.3,3391.7,3391.7,3391.7,99.8,3491.5,1475.1,1979.1,1650.3,2324.5,1155.9,2404.2,1939.6,2226.9,1877.2,1658.8,1387.8,1483.4,1590.4,974.0,981.4,1002.2,954.3,1018.7,971.0,946.3,976.7,1599.4,39.0,48.8,40.9,57.6,28.1,59.1,47.3,54.5,45.7,40.8,34.1,36.5,39.3,30.9,31.3,31.8,30.2,32.1,30.3,29.3,31.8,59.1,39.0,100.0,64.0,77.7,64.9,90.7,45.1,93.8,75.9,87.1,73.5,64.7,54.1,57.9,62.2,54.2,54.2,55.5,52.6,56.2,53.7,52.1,53.8,64.0,35.4,41.0,41.0,41.0,41.0,41.0,41.0,34.0,34.0,34.0,34.0,11.0,34.0,34.0,34.0,35.0,73,74,76,76,75,75,73,72,72,72,72,71,71,71,71,27,26,24,24,25,25,27,28,28,28,28,29,29,29,29,83,76,No,No,No,No,No,No,No,No,No,No,No,No,No,No,No,No,No,No,No,No,No,No,No,No,No,No,No,No,No,No,Yes,Yes,Yes,Yes,Yes,Yes,Yes,Yes,Yes,Yes,Yes,Yes,Yes,Yes,Yes,No,No,Yes,83,77,69,1.100,36.282,44.172,36.553,0.005,5.880,0.824,175.0,90.0,175.0,120.0,0,0.0,39.5,49.2,41.0,57.9,28.6,59.1,47.7,54.9,46.2,41.4,34.6,37.0,39.8,31.3,31.8,32.4,30.7,32.6,30.8,29.9,32.3,47.2,29.0,27.9,12.4,15.1,37.7,37.8,64.3,64.7,64.8,63.8,64.2,64.0,63.2,52.2,1.9,0.2,0.0,0.0,0.0,0.0,0.0,1.7,1.1,0.2,2.9,0.7,2.5,4.3,12.2,0.1,0.0,0.0,0.0,0.0,0.2,0.1,2394.1,24.00,36,35,35,68,103,383,2,2,Yes,No,No,No,No,No,No,No,Yes,No,No,No,No,Yes,No,No,No,No,No,No,No,Yes,No,No,No,No,No,No,No,No,No,No,No,No,No,No,No,No,88.0,4800,4620,4740,75.2,1.095,1.110,1.815,1.815,1.005,5.110,2.125,No,No,No,75.0,1.095,1.110,1.800,1.815,1.005,5.110,1.500,No,No,No,43,43,94.0,100.0,No,No,32094,47869,39,70,100.0,100.0,No,No,1763,3070,0.1,0.8,0.9,0.032,0.030,6583,2276,0.1,0.0,0.1,0.097,0.000,10943,54,78.8,76.0,88.4,83.0,0.875,20.503,20.492,20.513,68.907,39.797,52.089,16.394,68.740,3.000,19.350,81.818,37.185,100.000,140.000,2250.0,2150.2,1890.0,2226.2,1905.0,65.0,28.0,0.0,9.0,66.7,15.1,60.2,0.0,0.0,0.0,Yes,No,No,No,No,Yes,No,0,0,0,0,0,0,0,0,0,0,0,0,0,0,0,0,0,0,0,0,0,0,0,0,0,0,0,0,0,0,2729,5459,5227,294,16.0,69,0.297,44.604,600.0,2394.0,0.1,0.0,0.0,0.0,0.0,0.0,0.0,0.0,0.2,38,16154,38,No,No,No,No,No,No,No,No,16.811,68.277,100.0,0.000,24.1,119,0,0,8.0,119.3,158.1,84.0,72.5,76.5,71.4,119.2,177.3,87.4,73.7,78.6,72.3,8.38,11.97,6.35,6.12,13.09,13.97,5.75,2.64,8.03,0.35,1.04,29,6,3.2,6.2,0,0,0.0,0.0,0,
7.6.2026,23:31:14.718,25873,22895,53.0,20300,12084,62.6,7.5,16384,1236,1.090,1.117,1.095,1.075,1.095,1.072,1.072,1.092,1.092,1.092,1.092,1.092,1.092,1.092,1.092,0.976,0.778,3691.0,4090.0,4090.0,4090.0,4090.0,4090.0,4090.0,3391.7,3391.7,3391.7,3391.7,3391.7,3391.7,3391.7,3391.7,99.8,3491.5,1495.4,1763.8,1841.6,2404.7,1164.2,1983.7,2384.9,1912.1,2328.7,1538.0,1559.6,1437.4,1572.0,976.8,1034.8,1037.7,995.7,1028.3,995.0,959.1,990.4,1621.0,39.9,43.9,46.0,59.5,28.7,48.9,58.5,46.9,57.3,38.4,38.8,36.0,39.2,31.1,32.9,33.0,31.6,32.6,31.3,30.3,32.1,59.5,39.9,100.0,65.0,69.0,72.2,93.9,45.4,77.7,93.0,74.6,90.8,60.2,60.6,56.0,61.2,54.3,57.3,57.5,55.0,56.7,55.1,53.2,55.2,65.0,37.0,41.0,41.0,41.0,41.0,41.0,41.0,34.0,34.0,34.0,34.0,34.0,34.0,34.0,34.0,35.0,72,75,75,77,72,75,73,71,71,71,71,71,71,71,71,28,25,25,23,28,25,27,29,29,29,29,29,29,29,29,82,77,No,No,No,No,No,No,No,No,No,No,No,No,No,No,No,No,No,No,No,No,No,No,No,No,No,No,No,No,No,No,Yes,Yes,Yes,Yes,Yes,Yes,Yes,Yes,Yes,Yes,Yes,Yes,Yes,Yes,Yes,No,No,Yes,82,77,70,1.100,44.719,43.221,35.737,0.009,5.884,0.827,175.0,90.0,175.0,120.0,0,0.0,39.8,43.8,45.6,59.5,28.7,48.6,58.5,46.9,57.2,38.4,38.8,36.0,39.2,30.8,32.8,32.9,31.6,32.6,31.3,30.3,32.0,44.6,30.3,26.6,12.4,14.2,37.6,39.7,63.1,63.2,63.2,60.0,63.4,57.8,51.1,42.6,4.1,0.0,0.0,0.0,0.1,0.0,0.0,3.3,1.3,1.2,5.7,1.6,7.8,15.1,21.0,0.0,0.1,0.0,0.0,0.0,0.0,0.0,2394.1,24.00,36,35,35,68,103,383,2,2,Yes,No,No,No,No,No,No,No,Yes,No,No,No,No,Yes,No,No,No,No,No,No,No,Yes,No,No,No,No,No,No,No,No,No,No,No,No,No,No,No,No,88.0,4740,4620,4740,75.2,1.095,1.110,1.800,1.815,1.005,5.110,2.750,No,No,No,75.0,1.095,1.110,1.800,1.800,1.005,5.110,1.875,No,No,No,43,43,94.0,100.0,No,No,32094,47869,38,70,100.0,100.0,No,No,1763,3070,0.2,1.7,1.9,0.059,0.052,6583,2276,0.1,0.0,0.1,0.814,0.000,10945,54,78.8,76.0,87.1,83.0,0.875,20.507,20.496,20.518,70.096,29.561,51.829,16.233,68.344,3.000,19.202,10.718,37.604,100.000,140.000,2250.0,2150.2,1890.0,2225.8,1905.0,67.0,28.0,0.0,9.0,66.3,15.5,61.9,0.0,0.0,0.0,Yes,No,No,No,No,Yes,No,0,0,0,0,0,0,0,0,0,0,0,0,0,0,0,0,0,0,0,0,0,0,0,0,0,0,0,0,0,0,2761,5427,5195,294,16.0,69,0.297,45.233,600.0,2394.0,0.2,0.0,0.0,0.0,0.0,0.0,0.0,0.0,0.2,38,16154,38,No,No,No,No,No,No,No,No,16.812,68.277,100.0,0.000,24.1,120,0,0,7.8,119.6,157.8,94.1,72.3,80.1,70.3,119.6,186.5,87.7,73.6,79.0,72.1,8.36,10.65,6.37,5.79,12.50,14.24,5.97,2.39,8.01,0.36,1.02,29,6,3.1,7.5,0,0,0.0,0.0,0,
7.6.2026,23:31:16.715,25956,22812,53.2,20300,12084,62.6,7.5,16384,1236,1.125,1.089,1.097,1.121,1.121,1.121,1.106,1.106,1.123,1.143,1.143,1.143,1.143,1.143,1.143,0.976,0.778,3634.0,4090.0,4090.0,4090.0,4090.0,4090.0,4090.0,3291.9,3291.9,3291.9,3291.9,3291.9,3291.9,3291.9,3291.9,99.8,3491.5,1579.0,1883.0,1933.9,2566.7,1095.5,2131.0,2316.8,2194.2,2171.9,1691.6,1530.2,1696.9,1512.6,1089.8,1116.8,1136.5,1126.8,1130.9,1091.6,1097.2,1065.5,1699.6,42.5,47.2,48.8,64.1,27.2,53.0,57.3,54.4,53.8,42.4,38.3,42.7,37.9,35.3,36.1,36.7,36.0,36.0,34.2,34.9,34.5,64.1,42.5,100.0,68.8,73.7,75.8,100.2,42.7,83.5,90.2,85.6,84.6,66.3,59.5,66.4,59.0,60.6,61.8,62.7,62.2,62.3,60.2,60.4,59.1,68.8,36.4,41.0,41.0,41.0,41.0,41.0,41.0,33.0,33.0,33.0,33.0,33.0,33.0,33.0,33.0,35.0,73,74,75,76,72,74,73,72,72,72,72,71,71,71,71,27,26,25,24,28,26,27,28,28,28,28,29,29,29,29,83,76,No,No,No,No,No,No,No,No,No,No,No,No,No,No,No,No,No,No,No,No,No,No,No,No,No,No,No,No,No,No,Yes,Yes,Yes,Yes,Yes,Yes,Yes,Yes,Yes,Yes,Yes,Yes,Yes,Yes,Yes,No,No,Yes,83,76,70,1.100,25.313,46.228,38.395,0.010,5.926,0.849,175.0,90.0,175.0,120.0,0,0.0,42.5,47.1,48.4,64.1,27.2,52.7,57.3,54.3,53.8,42.6,38.4,42.8,37.9,35.1,36.0,36.7,36.0,36.0,34.2,34.9,34.5,42.2,26.1,25.1,11.2,12.6,35.1,35.6,58.9,57.2,58.5,58.8,58.8,59.3,55.5,37.9,3.4,0.2,0.0,0.0,0.0,0.0,0.1,3.0,4.0,2.1,2.5,2.5,3.8,6.7,23.2,0.1,0.3,0.0,0.0,0.0,0.1,0.2,2394.1,24.00,36,35,35,68,103,383,2,2,Yes,No,No,No,No,No,No,No,Yes,No,No,No,No,Yes,No,No,No,No,No,No,No,Yes,No,No,No,No,No,No,No,No,No,No,No,No,No,No,No,No,88.0,4800,4680,4800,75.5,1.095,1.110,1.800,1.800,1.005,5.110,2.000,No,No,No,75.0,1.095,1.110,1.800,1.800,0.990,5.110,2.125,No,No,No,43,43,94.0,100.0,No,No,32094,47869,39,70,100.0,100.0,No,No,1763,3070,0.0,1.6,1.6,0.010,0.074,6583,2276,0.2,0.0,0.2,1.072,0.000,10947,54,77.7,76.0,85.5,83.0,0.875,20.533,20.527,20.540,69.302,26.059,44.220,14.821,59.277,3.000,17.790,10.780,32.524,100.000,140.000,2250.0,2150.2,1890.0,2225.8,1905.0,59.0,25.0,0.0,10.0,67.3,15.4,61.5,0.0,0.0,0.0,Yes,No,No,No,No,Yes,No,0,0,0,0,0,0,0,0,0,0,0,0,0,0,0,0,0,0,0,0,0,0,0,0,0,0,0,0,0,0,2680,5508,5291,294,16.0,69,0.297,45.397,600.0,2394.0,0.2,0.0,0.0,0.0,0.0,0.0,0.0,0.0,0.2,38,16154,38,No,No,No,No,No,No,No,No,16.811,68.277,100.0,0.000,24.1,118,0,0,7.9,118.0,170.2,74.3,68.7,70.9,68.1,118.0,222.1,74.6,54.9,61.9,53.1,8.47,13.45,5.81,5.75,14.11,14.71,6.15,2.33,8.10,0.37,1.76,29,6,3.5,8.6,0,0,0.0,0.0,0,
7.6.2026,23:31:18.713,25986,22782,53.2,20292,12092,62.6,7.5,16384,1236,1.101,1.102,1.092,1.057,1.072,1.087,1.099,1.115,1.115,1.115,1.115,1.099,1.115,1.115,1.115,0.956,0.778,3413.1,3990.2,3990.2,3990.2,3990.2,3990.2,3990.2,3291.9,3291.9,3291.9,3291.9,798.0,3291.9,3291.9,3291.9,99.8,3391.7,1680.0,2041.2,1965.1,2609.4,1150.1,2637.4,1935.8,2725.1,1719.1,2035.8,1367.9,2164.4,1366.9,1226.8,1206.0,1285.4,1218.5,1277.7,1212.4,1273.1,1181.4,1790.9,46.3,52.1,50.4,66.4,29.2,66.9,48.8,68.9,43.5,52.0,34.8,55.2,35.0,40.8,40.1,42.3,39.4,41.6,39.0,40.5,38.5,68.9,46.3,100.0,73.7,80.1,77.3,101.8,44.9,103.1,75.5,106.6,67.0,79.8,53.3,84.5,53.3,68.2,66.8,71.1,67.4,70.5,67.2,70.5,65.3,73.7,34.2,40.0,40.0,40.0,40.0,40.0,40.0,33.0,33.0,33.0,33.0,8.0,33.0,33.0,33.0,34.0,72,74,73,75,74,72,74,71,71,71,71,70,70,70,70,28,26,27,25,26,28,26,29,29,29,29,30,30,30,30,83,75,No,No,No,No,No,No,No,No,No,No,No,No,No,No,No,No,No,No,No,No,No,No,No,No,No,No,No,No,No,No,Yes,Yes,Yes,Yes,Yes,Yes,Yes,Yes,Yes,Yes,Yes,Yes,Yes,Yes,Yes,No,No,Yes,83,75,70,1.100,42.188,46.512,38.769,0.005,5.975,0.879,175.0,90.0,175.0,120.0,0,0.0,46.1,51.9,49.8,66.3,29.1,66.4,48.8,68.6,43.4,51.9,34.7,55.1,34.9,40.4,39.8,42.1,39.3,41.4,38.8,40.3,38.4,36.1,23.9,23.5,10.7,10.4,30.9,29.2,48.6,47.5,51.4,48.4,50.8,46.2,50.9,32.8,5.2,0.0,0.0,0.0,0.0,0.7,0.0,7.2,8.8,3.0,8.7,4.4,11.1,5.2,24.0,0.0,0.0,0.0,0.0,0.0,0.2,0.0,2394.1,24.00,36,35,35,68,103,383,2,2,Yes,No,No,No,No,No,No,No,Yes,No,No,No,No,Yes,No,No,No,No,No,No,No,Yes,No,No,No,No,No,No,No,No,No,No,No,No,No,No,No,No,89.0,4740,4620,4800,75.5,1.095,1.110,1.800,1.800,1.005,5.110,2.625,No,No,No,75.2,1.095,1.110,1.800,1.800,1.005,5.110,2.625,No,No,No,43,43,94.0,100.0,No,No,32094,47869,39,70,100.0,100.0,No,No,1763,3070,0.1,1.6,1.7,0.032,0.104,6583,2276,0.4,0.0,0.4,2.607,0.000,10952,54,80.4,78.0,89.7,83.0,0.875,20.498,20.487,20.510,71.547,30.777,54.396,16.266,70.963,3.000,19.225,10.710,40.882,100.000,140.000,2250.0,2150.2,1890.0,2224.8,1905.0,69.0,27.0,0.0,12.0,66.5,15.8,63.1,0.0,0.0,0.0,Yes,No,No,No,No,Yes,No,0,0,0,0,0,0,0,0,0,0,0,0,0,0,0,0,0,0,0,0,0,0,0,0,0,0,0,0,0,0,2744,5444,5212,294,16.0,70,0.297,43.740,600.0,2394.0,0.1,0.0,0.0,0.0,0.0,0.0,0.0,0.0,0.2,38,16154,38,No,No,No,No,No,No,No,No,16.811,68.277,100.0,0.000,24.1,112,0,0,9.6,111.3,172.0,66.2,35.8,44.8,33.9,110.3,188.3,53.8,31.7,38.6,30.3,8.99,15.02,5.82,5.45,22.29,29.52,6.18,2.81,8.61,0.37,2.14,29,6,4.2,12.2,0,0,0.0,0.0,0,
7.6.2026,23:31:20.720,25953,22815,53.2,20317,12067,62.7,7.5,16384,1236,1.066,1.098,1.034,1.059,1.064,1.059,1.059,1.059,1.059,1.044,1.044,1.064,1.093,1.093,1.098,0.956,0.778,3427.3,3990.2,3890.5,3990.2,3990.2,3990.2,3990.2,3291.9,3291.9,3291.9,3291.9,1097.3,3291.9,3291.9,3291.9,99.8,3391.7,1792.3,2372.6,1874.1,2629.7,1329.8,2917.0,1743.2,3008.7,1517.2,2402.7,1294.9,2386.1,1409.4,1344.0,1306.0,1423.6,1360.8,1419.8,1359.2,1369.8,1376.7,1895.0,49.6,61.6,48.8,68.0,34.4,75.4,45.0,77.3,39.1,62.2,33.5,61.8,36.5,43.2,41.7,45.2,43.5,44.9,42.8,43.3,44.4,77.3,49.6,100.0,78.7,92.9,73.8,102.6,51.7,113.5,67.9,117.5,59.2,93.8,50.4,92.9,54.9,74.5,71.9,78.5,74.8,78.0,74.7,75.3,75.6,78.7,34.4,40.0,39.0,40.0,40.0,40.0,40.0,33.0,33.0,33.0,33.0,11.0,33.0,33.0,33.0,34.0,72,74,74,75,72,74,71,71,71,71,71,70,70,72,72,28,26,26,25,28,26,29,29,29,29,29,30,30,28,28,83,75,No,No,No,No,No,No,No,No,No,No,No,No,No,No,No,No,No,No,No,No,No,No,No,No,No,No,No,No,No,No,Yes,Yes,Yes,Yes,Yes,Yes,Yes,Yes,Yes,Yes,Yes,Yes,Yes,Yes,Yes,No,No,Yes,83,76,69,1.100,50.626,42.514,34.666,0.005,6.025,0.908,175.0,90.0,175.0,120.0,0,0.0,49.5,61.4,48.4,67.9,34.3,74.9,44.9,77.2,39.0,62.2,33.4,61.8,36.5,42.9,41.5,45.2,43.4,44.8,42.7,43.3,44.3,36.8,20.9,20.4,9.6,9.2,26.4,24.5,52.9,52.9,50.7,50.7,51.1,51.7,51.2,42.9,1.7,0.0,0.0,0.0,0.0,0.0,0.0,1.2,2.7,1.1,2.9,1.2,2.7,2.6,9.4,0.0,0.0,0.0,0.0,0.0,0.0,0.0,2394.1,24.00,36,35,35,68,103,383,2,2,Yes,No,No,No,No,No,No,No,Yes,No,No,No,No,Yes,No,No,No,No,No,No,No,Yes,No,No,No,No,No,No,No,No,No,No,No,No,No,No,No,No,88.0,4800,4680,4800,75.5,1.095,1.110,1.800,1.800,1.005,5.110,2.250,No,No,No,75.2,1.095,1.110,1.800,1.800,1.005,5.110,1.375,No,No,No,43,43,94.0,100.0,No,No,32094,47869,39,70,100.0,100.0,No,No,1763,3070,0.2,1.1,1.2,0.048,0.029,6583,2276,1.2,0.0,1.2,10.190,0.000,10971,54,79.1,76.0,89.0,83.0,0.875,20.513,20.504,20.522,68.228,28.659,49.162,16.177,65.589,3.000,19.145,10.459,37.081,100.000,140.000,2250.0,2150.2,1890.0,2227.1,1905.0,65.0,28.0,0.0,10.0,67.1,15.1,60.6,0.0,0.0,0.0,Yes,No,No,No,No,Yes,No,0,0,0,0,0,0,0,0,0,0,0,0,0,0,0,0,0,0,0,0,0,0,0,0,0,0,0,0,0,0,2695,5493,5261,293,16.0,69,0.297,43.251,600.0,2394.0,0.1,0.0,0.0,0.0,0.0,0.0,0.0,0.0,0.2,38,16154,38,No,No,No,No,No,No,No,No,16.812,68.277,100.0,0.000,24.1,113,0,0,8.7,112.7,169.4,77.3,63.7,69.0,62.4,112.8,231.1,74.6,73.3,73.8,73.2,8.87,13.02,5.91,5.70,14.62,16.20,6.51,2.36,8.47,0.40,2.26,29,6,5.5,11.8,0,0,0.0,0.0,0,
7.6.2026,23:31:22.716,26019,22749,53.3,20342,12042,62.8,7.5,16384,1236,1.121,1.084,1.101,1.101,1.128,1.128,1.128,1.128,1.128,1.128,1.128,1.128,1.128,1.128,1.128,0.978,0.778,3634.0,4090.0,4090.0,4090.0,4090.0,4090.0,4090.0,3291.9,3291.9,3291.9,3291.9,3291.9,3291.9,3291.9,3291.9,99.8,3491.5,1626.9,2170.3,1718.7,2511.7,1197.8,2411.1,1956.4,2340.2,2126.2,1955.8,1403.2,1780.7,1700.5,1164.5,1143.4,1214.0,1167.6,1192.0,1143.7,1127.2,1112.2,1747.6,44.0,54.8,43.6,63.5,29.9,60.8,48.9,58.7,53.3,49.5,35.1,45.0,42.8,37.4,36.3,38.5,36.9,37.8,35.7,35.3,35.5,63.5,44.0,100.0,71.0,84.9,67.6,97.7,46.8,94.2,76.4,91.3,82.7,76.5,54.7,69.6,66.3,64.4,63.2,67.1,64.5,65.6,63.0,61.9,61.4,71.0,36.4,41.0,41.0,41.0,41.0,41.0,41.0,33.0,33.0,33.0,33.0,33.0,33.0,33.0,33.0,35.0,72,75,77,76,74,74,71,71,71,71,71,70,70,70,70,28,25,23,24,26,26,29,29,29,29,29,30,30,30,30,83,77,No,No,No,No,No,No,No,No,No,No,No,No,No,No,No,No,No,No,No,No,No,No,No,No,No,No,No,No,No,No,Yes,Yes,Yes,Yes,Yes,Yes,Yes,Yes,Yes,Yes,Yes,Yes,Yes,Yes,Yes,No,No,Yes,83,74,69,1.100,38.813,42.591,34.833,0.005,5.970,0.881,175.0,90.0,175.0,120.0,0,0.0,44.3,55.1,43.6,63.7,30.3,60.7,49.3,58.9,53.6,49.9,35.6,45.3,43.2,37.5,36.6,38.9,37.3,38.1,36.1,35.6,35.9,40.5,25.7,24.1,11.9,9.7,32.3,29.5,58.1,56.3,58.3,53.5,56.7,55.8,58.4,36.9,3.3,0.0,0.0,0.0,0.0,0.0,0.0,1.7,4.2,0.1,6.0,2.4,5.2,3.4,22.9,0.0,0.0,0.0,0.0,0.0,0.0,0.1,2394.1,24.00,36,35,35,68,103,383,2,2,Yes,No,No,No,No,No,No,No,Yes,No,No,No,No,Yes,No,No,No,No,No,No,No,Yes,No,No,No,No,No,No,No,No,No,No,No,No,No,No,No,No,87.0,4800,4740,4860,75.5,1.095,1.110,1.800,1.800,1.005,5.110,2.250,No,No,No,75.2,1.095,1.095,1.800,1.800,1.005,5.110,2.000,No,No,No,43,43,94.0,100.0,No,No,32094,47869,38,70,100.0,100.0,No,No,1763,3070,0.4,1.5,1.9,0.377,0.035,6584,2276,0.4,0.0,0.4,2.054,0.000,10975,54,76.3,76.0,83.5,83.0,0.875,20.535,20.529,20.541,66.548,26.663,40.250,14.719,55.195,3.000,17.680,26.601,29.196,100.000,140.000,2250.0,2150.2,1890.0,2226.1,1905.0,57.0,26.0,0.0,9.0,67.1,14.6,58.6,0.0,0.0,0.0,Yes,No,No,No,No,Yes,No,0,0,0,0,0,0,0,0,0,0,0,0,0,0,0,0,0,0,0,0,0,0,0,0,0,0,0,0,0,0,2695,5493,5261,293,16.0,70,0.297,43.697,600.0,2394.0,0.1,0.0,0.0,0.0,0.0,0.0,0.0,0.0,0.2,38,16154,38,No,No,No,No,No,No,No,No,16.811,68.277,100.0,0.000,24.1,119,0,0,8.5,119.2,172.3,89.7,81.3,84.6,80.4,119.3,204.5,78.3,76.8,77.2,76.7,8.39,11.15,5.72,5.68,11.90,12.58,5.95,2.44,8.02,0.37,1.36,29,6,2.2,4.6,0,0,0.0,0.0,0,
7.6.2026,23:31:24.713,26026,22742,53.3,20362,12022,62.8,7.5,16384,1236,1.067,1.106,1.051,1.080,1.095,1.070,1.062,1.062,1.062,1.072,1.072,1.067,1.057,1.046,1.041,0.956,0.778,3249.2,3990.2,3990.2,3990.2,3990.2,3990.2,3990.2,2094.9,2094.9,2094.9,2094.9,3291.9,3291.9,3291.9,3291.9,99.8,3391.7,1674.0,2185.6,1829.9,2543.6,1258.8,2254.9,2207.6,2190.7,2387.3,1735.6,1651.1,1674.5,1850.6,1213.9,1190.4,1217.0,1216.6,1278.4,1169.9,1194.4,1228.4,1788.0,45.8,55.8,46.9,64.7,32.0,57.2,55.9,55.4,60.4,44.4,42.2,42.8,47.3,39.5,38.2,38.9,39.0,40.6,37.1,37.7,39.5,64.7,45.8,100.0,73.2,85.5,71.8,98.9,49.2,88.0,86.2,85.5,93.1,67.8,64.4,65.2,72.1,67.5,65.7,67.2,67.0,70.3,64.7,65.7,67.8,73.2,32.6,40.0,40.0,40.0,40.0,40.0,40.0,21.0,21.0,21.0,21.0,33.0,33.0,33.0,33.0,34.0,71,75,74,75,70,71,70,70,70,70,70,71,71,71,71,29,25,26,25,30,29,30,30,30,30,30,29,29,29,29,83,75,No,No,No,No,No,No,No,No,No,No,No,No,No,No,No,No,No,No,No,No,No,No,No,No,No,No,No,No,No,No,Yes,Yes,Yes,Yes,Yes,Yes,Yes,Yes,Yes,Yes,Yes,Yes,Yes,Yes,Yes,No,No,Yes,83,75,70,1.100,36.282,44.442,36.632,0.005,6.002,0.896,175.0,90.0,175.0,120.0,0,0.0,45.6,55.6,46.4,64.6,31.9,56.8,55.7,55.2,60.2,44.2,42.1,42.6,47.1,39.1,38.1,38.9,39.0,40.4,36.9,37.5,39.3,38.2,23.3,22.8,11.6,8.7,31.7,28.5,53.0,53.1,55.4,52.0,54.3,48.1,52.3,39.8,4.0,0.0,0.0,0.0,0.0,0.2,0.0,4.5,5.6,2.7,5.8,2.5,11.4,7.1,16.9,0.1,0.0,0.0,0.0,0.0,0.1,0.6,2394.1,24.00,36,35,35,68,103,383,2,2,Yes,No,No,No,No,No,No,No,Yes,No,No,No,No,Yes,No,No,No,No,No,No,No,Yes,No,No,No,No,No,No,No,No,No,No,No,No,No,No,No,No,88.0,4740,4680,4800,75.8,1.095,1.110,1.815,1.800,1.005,5.110,2.250,No,No,No,75.5,1.095,1.110,1.800,1.800,1.005,5.110,1.625,No,No,No,43,43,94.0,100.0,No,No,32094,47869,39,70,100.0,100.0,No,No,1763,3070,0.0,2.3,2.3,0.000,0.153,6584,2277,0.2,0.0,0.2,1.235,0.000,10977,54,79.3,78.0,88.7,83.0,0.875,20.506,20.496,20.515,67.897,28.982,48.025,16.294,64.561,3.000,19.257,10.576,41.159,100.000,140.000,2250.0,2150.2,1890.0,2228.2,1905.0,67.0,30.0,0.0,14.0,68.3,14.5,58.1,0.0,0.0,0.0,Yes,No,No,No,No,Yes,No,0,0,0,0,0,0,0,0,0,0,0,0,0,0,0,0,0,0,0,0,0,0,0,0,0,0,0,0,0,0,2597,5591,5359,293,16.0,70,0.297,45.231,650.0,2394.0,0.1,0.0,0.0,0.0,0.0,0.0,0.0,0.0,0.2,38,16154,38,No,No,No,No,No,No,No,No,16.812,68.277,100.0,0.000,24.1,109,0,0,11.2,108.9,150.7,62.2,60.8,61.3,60.7,108.8,188.0,53.9,53.1,53.2,53.1,9.18,16.17,6.63,5.99,16.31,16.38,5.70,3.48,8.82,0.37,1.71,29,6,2.9,7.8,0,0,0.0,0.0,0,
7.6.2026,23:31:26.728,26118,22650,53.5,20406,11978,63.0,7.5,16384,1236,1.120,1.096,1.105,1.031,1.076,1.107,1.152,1.152,1.132,1.132,1.152,1.147,1.133,1.133,1.128,0.956,0.778,3384.6,3990.2,3990.2,4090.0,4090.0,798.0,4090.0,3291.9,3291.9,3291.9,3291.9,3291.9,3291.9,3291.9,3291.9,99.8,3391.7,1664.9,2121.7,1886.5,2463.4,1367.7,2425.4,2150.4,2042.6,2303.4,1633.4,1747.4,1530.2,1832.8,1211.0,1216.0,1218.8,1216.8,1251.7,1208.7,1217.6,1252.9,1773.0,45.4,54.0,48.3,62.5,34.6,61.6,54.0,51.5,57.9,41.5,44.4,39.0,46.7,38.9,39.0,38.9,38.8,39.6,38.1,38.3,40.3,62.5,45.4,100.0,72.8,82.8,74.0,95.8,53.4,94.6,84.0,79.6,90.2,63.3,68.2,59.4,71.5,67.1,67.0,67.5,67.1,68.8,66.5,67.0,69.0,72.8,33.9,40.0,40.0,41.0,41.0,8.0,41.0,33.0,33.0,33.0,33.0,33.0,33.0,33.0,33.0,34.0,73,76,75,77,71,76,71,72,72,72,72,71,71,71,71,27,24,25,23,29,24,29,28,28,28,28,29,29,29,29,82,77,No,No,No,No,No,No,No,No,No,No,No,No,No,No,No,No,No,No,No,No,No,No,No,No,No,No,No,No,No,No,Yes,Yes,Yes,Yes,Yes,Yes,Yes,Yes,Yes,Yes,Yes,Yes,Yes,Yes,Yes,No,No,Yes,83,75,69,1.100,27.000,43.903,36.118,0.005,5.989,0.889,175.0,90.0,175.0,120.0,0,0.0,45.3,53.9,47.9,62.4,34.6,61.1,54.2,51.4,58.1,41.6,44.4,39.0,46.7,38.6,38.8,38.8,38.7,39.6,38.1,38.3,40.3,40.9,23.1,22.1,9.6,12.0,32.1,32.2,55.9,57.2,55.3,56.3,56.4,54.1,55.5,50.8,1.7,0.0,0.0,0.0,0.0,0.0,0.0,2.5,1.4,2.9,2.2,1.2,4.9,3.5,5.8,0.1,0.0,0.0,0.0,0.0,0.1,0.2,2394.1,24.00,36,35,35,68,103,383,2,2,Yes,No,No,No,No,No,No,No,Yes,No,No,No,No,Yes,No,No,No,No,No,No,No,Yes,No,No,No,No,No,No,No,No,No,No,No,No,No,No,No,No,87.0,4740,4680,4800,75.8,1.095,1.110,1.800,1.800,1.005,5.110,2.750,No,No,No,75.5,1.095,1.110,1.800,1.800,1.005,5.110,2.125,No,No,No,43,43,94.0,100.0,No,No,32094,47869,39,70,100.0,100.0,No,No,1763,3070,0.0,1.1,1.1,0.000,0.028,6584,2277,1.0,0.0,1.0,9.242,0.000,10995,54,78.6,76.0,86.8,83.0,0.875,20.516,20.509,20.524,69.694,26.953,46.442,15.689,62.353,3.000,18.658,10.648,31.878,100.000,140.000,2250.0,2150.2,1890.0,2225.5,1905.0,63.0,28.0,0.0,10.0,67.9,15.4,61.7,0.0,0.0,0.0,Yes,No,No,No,No,Yes,No,0,0,0,0,0,0,0,0,0,0,0,0,0,0,0,0,0,0,0,0,0,0,0,0,0,0,0,0,0,0,2629,5559,5328,293,16.0,70,0.297,42.299,600.0,2394.0,0.1,0.0,0.0,0.0,0.0,0.0,0.0,0.0,0.2,38,16154,38,No,No,No,No,No,No,No,No,16.812,68.277,100.0,0.000,24.1,112,0,0,9.2,111.5,165.7,78.7,76.0,77.2,75.7,111.6,170.9,75.1,75.1,75.1,75.1,8.97,12.77,5.94,5.92,13.03,13.28,6.31,2.66,8.60,0.37,1.38,29,6,5.4,9.3,0,0,0.0,0.0,0,
7.6.2026,23:31:28.725,25989,22778,53.2,20374,12010,62.9,7.5,16384,1236,1.091,1.131,1.087,1.087,1.087,1.072,1.099,1.099,1.109,1.104,1.109,1.132,1.033,1.068,1.063,0.976,0.778,3634.0,4090.0,4090.0,4090.0,4090.0,4090.0,4090.0,3291.9,3291.9,3291.9,3291.9,3291.9,3291.9,3291.9,3291.9,99.8,3491.5,1602.7,2026.9,1905.6,2412.5,1302.3,2257.8,2223.3,1971.0,2378.2,1562.5,1770.2,1477.7,1803.0,1137.5,1125.7,1118.8,1137.9,1178.0,1085.2,1079.6,1101.0,1725.7,43.3,50.9,48.1,60.5,32.5,56.6,55.3,49.1,59.1,39.3,44.5,37.2,45.5,36.9,36.2,35.8,36.4,37.4,34.2,33.9,36.0,60.5,43.3,100.0,69.8,79.1,74.8,93.9,50.9,88.2,86.8,76.8,93.0,60.7,68.9,57.4,70.2,63.1,62.1,61.8,63.0,64.7,59.8,59.4,61.0,69.8,36.4,41.0,41.0,41.0,41.0,41.0,41.0,33.0,33.0,33.0,33.0,33.0,33.0,33.0,33.0,35.0,72,75,74,75,74,74,70,71,71,71,71,71,71,71,71,28,25,26,25,26,26,30,29,29,29,29,29,29,29,29,83,75,No,No,No,No,No,No,No,No,No,No,No,No,No,No,No,No,No,No,No,No,No,No,No,No,No,No,No,No,No,No,Yes,Yes,Yes,Yes,Yes,Yes,Yes,Yes,Yes,Yes,Yes,Yes,Yes,Yes,Yes,No,No,Yes,83,75,69,1.100,51.470,43.036,35.303,0.005,5.960,0.872,175.0,90.0,175.0,120.0,0,0.0,43.3,50.9,47.8,60.5,32.6,56.2,55.3,49.1,59.2,39.3,44.6,37.2,45.5,36.7,36.2,35.8,36.4,37.5,34.2,34.0,36.1,41.3,24.5,24.3,10.3,12.6,32.7,34.0,56.3,56.9,60.9,57.7,56.2,50.6,57.3,43.1,3.5,0.0,0.0,0.0,0.0,0.0,0.0,4.0,4.0,0.8,3.0,3.4,11.8,5.9,16.7,0.1,0.0,0.0,0.0,0.0,0.3,0.2,2394.1,24.00,36,35,35,68,103,383,2,2,Yes,No,No,No,No,No,No,No,Yes,No,No,No,No,Yes,No,No,No,No,No,No,No,Yes,No,No,No,No,No,No,No,No,No,No,No,No,No,No,No,No,89.0,4800,4620,4800,75.8,1.095,1.110,1.800,1.800,0.990,5.110,2.000,No,No,No,75.5,1.095,1.110,1.800,1.800,1.005,5.110,2.125,No,No,No,43,43,94.0,100.0,No,No,32094,47869,39,70,100.0,100.0,No,No,1763,3070,0.3,1.6,1.9,0.048,0.100,6584,2277,0.2,0.0,0.2,1.561,0.000,10998,54,78.6,76.0,88.1,83.0,0.875,20.532,20.523,20.540,68.047,28.674,47.710,16.193,64.146,3.000,19.146,10.461,40.062,100.000,140.000,2250.0,2150.2,1890.0,2225.9,1905.0,64.0,29.0,0.0,10.0,65.5,14.9,59.7,0.0,0.0,0.0,Yes,No,No,No,No,Yes,No,0,0,0,0,0,0,0,0,0,0,0,0,0,0,0,0,0,0,0,0,0,0,0,0,0,0,0,0,0,0,2821,5367,5135,293,16.0,70,0.297,44.066,600.0,2394.0,0.1,0.0,0.0,0.0,0.0,0.0,0.0,0.0,0.2,38,16154,38,No,No,No,No,No,No,No,No,16.811,68.277,100.0,0.000,24.1,114,0,0,13.8,115.0,179.9,75.3,65.3,69.1,64.3,115.0,225.9,79.7,55.3,63.9,53.3,8.70,13.27,5.46,5.27,14.46,15.58,6.14,2.56,8.34,0.36,1.89,29,6,3.4,6.2,0,0,0.0,0.0,0,
7.6.2026,23:31:30.715,25903,22865,53.1,20387,11997,62.9,7.5,16384,1236,1.154,1.114,1.159,1.159,1.120,1.135,1.174,1.174,1.169,1.169,1.169,1.169,1.164,1.136,1.136,0.998,0.778,3733.7,4189.8,4189.8,4189.8,4189.8,4189.8,4189.8,3391.7,3391.7,3391.7,3391.7,3391.7,3391.7,3391.7,3391.7,99.8,3591.2,1492.3,1787.0,1892.2,2382.8,1163.2,2210.8,2146.2,2024.0,2268.4,1469.6,1549.5,1473.0,1550.5,999.2,1011.1,1032.0,962.8,1054.8,1010.8,919.9,937.5,1620.1,39.3,44.1,46.9,58.7,28.4,54.2,52.2,49.4,55.4,36.3,38.3,36.4,38.4,31.3,31.5,32.1,30.1,32.7,31.2,28.1,29.4,58.7,39.3,100.0,64.7,69.8,74.2,92.7,45.4,86.4,83.6,78.8,88.3,57.1,60.5,57.2,60.4,55.7,55.8,57.1,53.3,58.3,56.1,51.0,52.2,64.7,37.4,42.0,42.0,42.0,42.0,42.0,42.0,34.0,34.0,34.0,34.0,34.0,34.0,34.0,34.0,36.0,72,76,74,77,74,72,73,71,71,71,71,70,70,70,70,28,24,26,23,26,28,27,29,29,29,29,30,30,30,30,83,77,No,No,No,No,No,No,No,No,No,No,No,No,No,No,No,No,No,No,No,No,No,No,No,No,No,No,No,No,No,No,Yes,Yes,Yes,Yes,Yes,Yes,Yes,Yes,Yes,Yes,Yes,Yes,Yes,Yes,Yes,No,No,Yes,82,77,70,1.100,42.188,43.586,36.017,0.005,5.887,0.833,175.0,90.0,175.0,120.0,0,0.0,39.3,44.1,46.5,58.7,28.5,54.0,52.2,49.4,55.3,36.4,38.4,36.6,38.4,31.2,31.6,32.2,30.2,32.7,31.3,28.3,29.5,39.1,28.4,28.0,12.2,13.5,39.1,39.2,56.5,57.1,57.5,46.3,54.2,44.4,38.9,31.6,9.7,0.0,0.0,0.0,0.0,0.0,0.0,8.9,8.4,7.1,19.6,9.8,20.0,28.2,33.9,0.1,0.2,0.0,0.0,0.0,0.1,0.2,2394.1,24.00,36,35,35,68,103,383,2,2,Yes,No,No,No,No,No,No,No,Yes,No,No,No,No,Yes,No,No,No,No,No,No,No,Yes,No,No,No,No,No,No,No,No,No,No,No,No,No,No,No,No,89.0,4800,4680,4800,75.8,1.095,1.110,1.800,1.800,0.990,5.110,1.375,No,No,No,75.5,1.095,1.110,1.800,1.800,0.990,5.110,1.375,No,No,No,43,43,94.0,100.0,No,No,32094,47869,39,70,100.0,100.0,No,No,1763,3070,0.2,0.5,0.7,0.026,0.024,6584,2277,0.1,0.0,0.1,0.552,0.000,10999,54,77.6,76.0,85.2,83.0,0.875,20.517,20.508,20.526,65.543,40.542,47.115,16.283,63.652,3.000,19.241,100.502,34.000,100.000,140.000,2250.0,2150.2,1890.0,2228.0,1905.0,66.0,29.0,0.0,8.0,65.6,14.2,56.8,0.0,0.0,0.0,Yes,No,No,No,No,Yes,No,0,0,0,0,0,0,0,0,0,0,0,0,0,0,0,0,0,0,0,0,0,0,0,0,0,0,0,0,0,0,2819,5369,5137,296,16.0,70,0.297,42.646,600.0,2394.0,0.2,0.0,0.0,0.0,0.0,0.0,0.0,0.0,0.2,38,16154,38,No,No,No,No,No,No,No,No,16.811,68.277,100.0,0.000,24.1,120,0,0,8.1,119.9,178.0,95.8,91.2,93.1,90.7,119.9,189.6,89.4,76.5,81.2,75.1,8.34,10.48,5.56,5.18,10.91,11.31,5.66,2.68,7.99,0.36,1.10,29,6,1.7,2.8,0,0,0.0,0.0,0,
7.6.2026,23:31:32.722,25922,22846,53.1,20403,11980,63.0,7.5,16384,1236,1.147,1.201,1.144,1.144,1.144,1.144,1.144,1.174,1.159,1.159,1.144,1.114,1.114,1.109,1.160,1.018,0.778,3491.5,4289.5,4289.5,4289.5,4289.5,4289.5,4289.5,1097.3,3491.5,3491.5,3491.5,1097.3,3491.5,3491.5,3491.5,99.8,3691.0,1456.2,1800.2,1811.7,2274.9,1280.2,2278.6,2221.3,2368.7,2082.2,1410.6,1521.6,1548.3,1484.7,864.1,908.2,889.4,885.5,896.7,885.9,861.9,850.2,1601.9,37.2,43.1,43.6,54.5,30.2,54.3,52.4,56.2,49.2,33.8,36.5,37.1,35.5,27.2,28.4,27.5,27.3,27.4,27.4,26.3,26.9,56.2,37.2,100.0,62.6,70.4,71.2,88.5,49.9,88.8,86.5,91.9,81.1,54.8,59.4,60.1,57.8,48.7,50.6,49.5,49.3,49.8,49.2,47.9,47.5,62.6,35.0,43.0,43.0,43.0,43.0,43.0,43.0,11.0,35.0,35.0,35.0,11.0,35.0,35.0,35.0,37.0,72,73,75,76,74,71,71,72,72,72,72,70,70,70,70,28,27,25,24,26,29,29,28,28,28,28,30,30,30,30,82,76,No,No,No,No,No,No,No,No,No,No,No,No,No,No,No,No,No,No,No,No,No,No,No,No,No,No,No,No,No,No,Yes,Yes,Yes,Yes,Yes,Yes,Yes,Yes,Yes,Yes,Yes,Yes,Yes,Yes,Yes,No,No,Yes,83,77,70,1.100,47.251,43.100,35.511,0.010,5.870,0.819,175.0,90.0,175.0,120.0,0,0.0,37.6,43.4,43.6,54.8,30.7,54.3,52.8,56.4,49.5,34.2,37.0,37.4,36.0,27.5,28.9,28.0,27.8,27.9,28.0,26.9,27.5,24.8,31.0,29.1,13.0,12.0,41.9,40.2,16.0,26.8,28.8,26.8,24.3,22.1,22.7,12.5,24.9,0.4,0.0,0.0,0.0,0.0,0.0,49.5,38.3,37.3,39.5,41.7,43.9,44.3,53.6,0.1,0.2,0.0,0.0,0.0,0.3,0.2,2394.1,24.00,36,35,35,68,103,383,2,2,Yes,No,No,No,No,No,No,No,Yes,No,No,No,No,Yes,No,No,No,No,No,No,No,Yes,No,No,No,No,No,No,No,No,No,No,No,No,No,No,No,No,88.0,4800,4620,4800,75.8,1.110,1.110,1.800,1.800,0.990,5.110,2.750,No,No,No,75.5,1.095,1.110,1.800,1.800,0.990,5.110,1.500,No,No,No,43,43,94.0,100.0,No,No,32094,47869,39,70,100.0,100.0,No,No,1763,3070,0.3,0.9,1.2,0.100,0.046,6585,2277,0.0,0.0,0.0,0.032,0.000,10999,54,77.2,76.0,85.0,83.0,0.875,20.526,20.517,20.534,65.251,37.231,46.396,15.798,62.423,3.000,18.753,83.694,30.551,100.000,140.000,2250.0,2150.2,1890.0,2227.6,1905.0,60.0,28.0,0.0,8.0,65.4,13.9,55.6,0.0,0.0,0.0,Yes,No,No,No,No,Yes,No,0,0,0,0,0,0,0,0,0,0,0,0,0,0,0,0,0,0,0,0,0,0,0,0,0,0,0,0,0,0,2830,5358,5127,297,16.0,70,0.297,43.569,600.0,2394.0,0.2,0.0,0.0,0.0,0.0,0.0,0.0,0.0,0.2,38,16154,38,No,No,No,No,No,No,No,No,16.810,68.277,100.0,0.000,24.1,30,0,0,8.6,119.2,192.0,81.2,52.8,61.4,50.7,119.0,166.8,82.0,38.4,49.9,35.9,8.38,12.45,4.84,4.41,16.31,19.63,5.89,2.50,7.97,0.42,2.81,30,6,116.0,10.6,0,0,0.0,0.0,0,
7.6.2026,23:31:34.717,25809,22959,52.9,20319,12065,62.7,7.5,16384,1236,1.092,1.094,1.074,1.089,1.094,1.094,1.079,1.104,1.094,1.099,1.089,1.084,1.099,1.107,1.092,0.978,0.778,2964.2,4090.0,4090.0,4090.0,4090.0,4090.0,798.0,1097.3,3391.7,3391.7,3391.7,1097.3,3391.7,1097.3,3391.7,99.8,3491.5,1527.9,1892.8,1770.8,2277.1,1340.6,2449.9,1980.0,2409.1,1969.9,1519.5,1471.6,1580.9,1406.6,1070.1,1106.7,1112.2,1030.8,1093.3,1028.5,1059.7,987.7,1649.3,40.8,46.3,43.5,55.5,32.4,59.4,47.7,58.2,47.5,37.3,36.1,38.9,34.5,35.4,37.2,36.9,33.9,35.3,33.2,34.6,32.9,59.4,40.8,100.0,66.6,73.8,69.4,88.6,52.2,95.4,77.2,93.6,76.8,59.0,57.4,61.3,54.8,60.0,61.5,61.7,57.3,60.5,57.1,58.7,54.9,66.6,29.7,41.0,41.0,41.0,41.0,41.0,8.0,11.0,34.0,34.0,34.0,11.0,34.0,11.0,34.0,35.0,72,72,73,75,72,71,70,71,71,71,71,71,71,71,71,28,28,27,25,28,29,30,29,29,29,29,29,29,29,29,83,75,No,No,No,No,No,No,No,No,No,No,No,No,No,No,No,No,No,No,No,No,No,No,No,No,No,No,No,No,No,No,Yes,Yes,Yes,Yes,Yes,Yes,Yes,Yes,Yes,Yes,Yes,Yes,Yes,Yes,Yes,No,No,Yes,83,75,69,1.100,32.907,44.652,37.066,0.009,5.918,0.833,175.0,90.0,175.0,120.0,0,0.0,40.9,46.4,43.2,55.6,32.6,59.1,47.9,58.2,47.6,37.4,36.3,39.0,34.7,35.2,37.2,37.0,34.0,35.5,33.4,34.9,33.2,29.5,29.9,27.1,13.2,12.8,40.4,40.4,33.4,37.5,37.9,29.2,35.4,28.2,31.7,16.2,16.2,0.0,0.0,0.0,0.0,0.0,0.0,26.0,20.4,20.2,31.4,24.0,32.7,28.2,44.6,0.1,0.3,0.0,0.0,0.0,0.1,0.4,2394.1,24.00,36,35,35,68,103,383,2,2,Yes,No,No,No,No,No,No,No,Yes,No,No,No,No,Yes,No,No,No,No,No,No,No,Yes,No,No,No,No,No,No,No,No,No,No,No,No,No,No,No,No,89.0,4740,4680,4800,75.8,1.110,1.110,1.800,1.800,0.990,5.110,1.125,No,No,No,75.5,1.110,1.110,1.800,1.800,0.990,5.110,2.625,No,No,No,43,43,94.0,100.0,No,No,32094,47869,39,70,100.0,100.0,No,No,1763,3070,2.2,1.1,3.3,1.252,0.504,6587,2278,0.1,0.1,0.2,1.037,0.013,11001,54,79.1,76.0,87.9,83.0,0.875,20.497,20.487,20.507,71.083,28.993,50.908,16.246,67.387,3.000,19.211,10.684,35.516,100.000,140.000,2250.0,2150.2,1890.0,2226.4,1905.0,67.0,29.0,0.0,10.0,66.0,15.3,61.2,0.0,0.0,0.0,Yes,No,No,No,No,Yes,No,0,0,0,0,0,0,0,0,0,0,0,0,0,0,0,0,0,0,0,0,0,0,0,0,0,0,0,0,0,0,2783,5405,5174,296,16.0,70,0.297,45.321,600.0,2394.0,0.1,0.0,0.0,0.0,0.0,0.0,0.0,0.0,0.2,38,16154,38,No,No,No,No,No,No,No,No,16.812,68.277,100.0,0.000,24.1,119,0,0,7.8,118.7,151.1,71.8,66.1,67.2,65.8,118.6,189.2,73.7,53.5,60.2,51.8,8.43,13.90,6.63,6.35,14.85,15.18,5.54,2.89,8.03,0.39,1.20,30,6,3.4,3.8,0,0,0.0,0.0,0,
7.6.2026,23:31:36.715,25923,22845,53.1,20322,12062,62.7,7.5,16384,1236,1.071,1.076,1.062,1.072,1.072,1.091,1.086,1.086,1.067,1.072,1.067,1.063,1.053,1.063,1.068,0.956,0.778,3591.2,3990.2,3990.2,3990.2,3990.2,3990.2,3990.2,3291.9,3291.9,3291.9,3291.9,3291.9,3291.9,3291.9,3291.9,99.8,3391.7,1552.9,1901.6,1811.9,2373.5,1335.8,1972.7,2429.9,1945.5,2595.6,1479.7,1630.4,1543.7,1634.5,1035.6,1103.3,1116.7,935.6,1046.7,1080.0,1090.0,994.2,1677.9,40.9,46.8,44.8,58.1,32.6,48.2,59.0,47.3,63.1,36.6,40.1,38.0,40.3,33.0,35.1,35.0,29.4,32.4,33.4,34.1,31.4,63.1,40.9,100.0,67.4,74.1,70.9,92.3,52.0,77.1,94.8,75.4,100.9,57.5,63.5,59.9,63.5,57.5,61.1,61.5,52.1,57.9,59.9,60.4,55.3,67.4,36.0,40.0,40.0,40.0,40.0,40.0,40.0,33.0,33.0,33.0,33.0,33.0,33.0,33.0,33.0,34.0,72,74,73,77,74,74,73,71,71,71,71,71,71,71,71,28,26,27,23,26,26,27,29,29,29,29,29,29,29,29,83,77,No,No,No,No,No,No,No,No,No,No,No,No,No,No,No,No,No,No,No,No,No,No,No,No,No,No,No,No,No,No,Yes,Yes,Yes,Yes,Yes,Yes,Yes,Yes,Yes,Yes,Yes,Yes,Yes,Yes,Yes,No,No,Yes,82,77,70,1.100,26.157,44.283,36.661,0.005,5.905,0.839,175.0,90.0,175.0,120.0,0,0.0,40.9,46.8,44.5,58.1,32.6,47.9,59.0,47.2,63.1,36.6,40.2,38.0,40.3,32.8,35.0,35.0,29.5,32.4,33.5,34.0,31.4,31.9,29.7,25.8,12.9,10.4,39.3,37.7,41.0,42.9,51.0,23.4,40.6,33.8,40.2,17.4,14.8,0.0,0.0,0.0,0.0,0.0,0.0,21.6,17.7,10.5,41.3,22.4,27.4,21.0,45.1,0.0,0.1,0.0,0.0,0.0,0.0,0.1,2394.1,24.00,36,35,35,68,103,383,2,2,Yes,No,No,No,No,No,No,No,Yes,No,No,No,No,Yes,No,No,No,No,No,No,No,Yes,No,No,No,No,No,No,No,No,No,No,No,No,No,No,No,No,89.0,4800,4560,4800,75.8,1.110,1.110,1.815,1.800,0.990,5.110,1.375,No,No,No,75.5,1.110,1.110,1.800,1.800,0.990,5.110,2.125,No,No,No,43,43,94.0,100.0,No,No,32094,47869,39,70,100.0,100.0,No,No,1763,3070,0.3,0.8,1.1,0.083,0.146,6587,2278,1.2,0.0,1.2,15.926,0.000,11032,54,77.9,76.0,85.9,83.0,0.875,20.511,20.503,20.519,67.625,28.898,47.487,15.479,63.199,3.000,18.434,23.332,31.354,100.000,140.000,2250.0,2150.2,1890.0,2226.3,1905.0,62.0,27.0,0.0,9.0,66.8,14.6,58.4,0.0,0.0,0.0,Yes,No,No,No,No,Yes,No,0,0,0,0,0,0,0,0,0,0,0,0,0,0,0,0,0,0,0,0,0,0,0,0,0,0,0,0,0,0,2719,5469,5237,296,16.0,69,0.297,45.085,600.0,2394.0,0.1,0.0,0.0,0.0,0.0,0.0,0.0,0.0,0.2,38,16154,38,No,No,No,No,No,No,No,No,16.818,68.277,100.0,0.000,24.1,116,0,0,9.4,115.6,159.1,72.5,59.1,64.3,57.8,115.6,203.1,71.8,50.9,58.2,49.1,8.65,13.78,6.20,6.05,15.56,17.31,6.08,2.58,8.25,0.40,1.38,30,6,5.6,4.5,0,0,0.0,0.0,0,
7.6.2026,23:31:38.717,25907,22861,53.1,20309,12075,62.7,7.5,16384,1236,1.123,1.122,1.113,1.113,1.125,1.125,1.125,1.125,1.125,1.125,1.130,1.130,1.125,1.130,1.110,0.998,0.778,3698.1,4189.8,4090.0,4090.0,4090.0,4090.0,4090.0,3391.7,3391.7,3391.7,3391.7,3391.7,3391.7,3391.7,3391.7,99.8,3591.2,1468.7,1856.9,1720.6,2299.6,1187.0,2059.4,2262.2,1934.5,2332.3,1471.3,1423.8,1468.0,1496.0,966.1,1027.5,1036.6,964.9,1002.7,966.5,971.4,926.6,1594.2,38.7,45.9,42.6,56.6,29.0,50.5,54.9,47.1,56.8,36.5,35.2,36.3,37.0,30.4,32.1,32.4,30.3,31.2,29.9,30.3,29.5,56.8,38.7,100.0,63.8,72.6,67.5,89.5,46.4,80.5,88.3,75.3,91.0,57.3,55.6,57.1,58.3,53.8,56.9,57.3,53.6,55.5,53.7,53.9,51.9,63.8,37.1,42.0,41.0,41.0,41.0,41.0,41.0,34.0,34.0,34.0,34.0,34.0,34.0,34.0,34.0,36.0,72,76,75,77,72,74,73,71,71,71,71,71,71,71,71,28,24,25,23,28,26,27,29,29,29,29,29,29,29,29,83,77,No,No,No,No,No,No,No,No,No,No,No,No,No,No,No,No,No,No,No,No,No,No,No,No,No,No,No,No,No,No,Yes,Yes,Yes,Yes,Yes,Yes,Yes,Yes,Yes,Yes,Yes,Yes,Yes,Yes,Yes,No,No,Yes,83,77,69,1.100,48.938,46.020,38.391,0.005,5.887,0.826,175.0,90.0,175.0,120.0,0,0.0,38.7,45.8,42.3,56.6,29.1,50.2,55.0,47.1,56.9,36.5,35.3,36.3,37.1,30.3,32.1,32.4,30.4,31.3,30.0,30.4,29.5,42.0,30.4,28.3,12.1,12.4,40.9,39.7,57.8,60.1,64.0,50.2,59.6,48.1,51.2,33.3,7.3,0.0,0.0,0.0,0.1,0.0,0.0,8.8,4.9,1.1,15.8,6.2,17.9,14.8,32.2,0.0,0.1,0.0,0.0,0.0,0.0,0.1,2394.1,24.00,36,35,35,68,103,383,2,2,Yes,No,No,No,No,No,No,No,Yes,No,No,No,No,Yes,No,No,No,No,No,No,No,Yes,No,No,No,No,No,No,No,No,No,No,No,No,No,No,No,No,88.0,4800,4620,4800,75.8,1.110,1.110,1.815,1.800,0.990,5.110,2.375,No,No,No,75.5,1.110,1.110,1.815,1.800,0.990,5.110,2.000,No,No,No,43,43,94.0,100.0,No,No,32094,47869,38,70,100.0,100.0,No,No,1763,3070,0.1,1.1,1.2,0.002,0.058,6587,2278,0.3,0.0,0.3,3.023,0.014,11038,54,77.4,76.0,85.7,83.0,0.875,20.523,20.517,20.530,62.895,27.135,45.230,14.916,60.359,3.000,17.891,10.410,38.137,100.000,140.000,2250.0,2150.2,1890.0,2228.2,1905.0,59.0,24.0,0.0,7.0,66.8,13.6,54.4,0.0,0.0,0.0,Yes,No,No,No,No,Yes,No,0,0,0,0,0,0,0,0,0,0,0,0,0,0,0,0,0,0,0,0,0,0,0,0,0,0,0,0,0,0,2719,5469,5237,296,16.0,69,0.297,45.064,600.0,2394.0,0.1,0.0,0.0,0.0,0.0,0.0,0.0,0.0,0.2,38,16154,38,No,No,No,No,No,No,No,No,16.815,68.277,100.0,0.000,24.1,119,0,0,7.3,119.2,163.2,86.4,66.5,73.6,64.6,119.1,195.5,79.2,75.4,76.9,75.0,8.39,11.57,6.20,5.90,13.62,15.57,5.57,2.82,8.00,0.39,1.48,30,6,3.3,5.6,0,0,0.0,0.0,0,
7.6.2026,23:31:40.717,26021,22747,53.3,20297,12087,62.6,7.5,16384,1236,1.124,1.135,1.103,1.098,1.098,1.073,1.073,1.103,1.149,1.129,1.129,1.154,1.164,1.144,1.184,1.018,0.778,3840.6,4389.3,4289.5,4289.5,4289.5,4289.5,4289.5,3491.5,3491.5,3491.5,3491.5,3491.5,3491.5,3491.5,3491.5,99.8,3691.0,1382.4,1924.1,1648.2,2355.3,1035.2,2713.9,1803.2,2687.9,1497.3,1594.4,1123.2,1617.2,1172.6,786.1,830.7,880.8,801.9,812.9,776.1,811.8,774.9,1529.5,35.2,45.9,39.4,56.1,24.3,64.1,42.2,63.3,35.0,38.3,26.7,38.8,28.0,24.5,26.4,27.8,25.1,24.9,23.5,25.1,24.7,64.1,35.2,100.0,59.4,75.1,64.7,92.0,40.6,105.3,70.1,104.6,58.4,62.0,44.0,63.0,45.7,44.3,46.4,49.1,45.0,45.6,43.5,45.4,43.4,59.4,38.5,44.0,43.0,43.0,43.0,43.0,43.0,35.0,35.0,35.0,35.0,35.0,35.0,35.0,35.0,37.0,73,79,75,77,75,74,74,72,72,72,72,71,71,71,71,27,21,25,23,25,26,26,28,28,28,28,29,29,29,29,82,79,No,No,No,No,No,No,No,No,No,No,No,No,No,No,No,No,No,No,No,No,No,No,No,No,No,No,No,No,No,No,Yes,Yes,Yes,Yes,Yes,Yes,Yes,Yes,Yes,Yes,Yes,Yes,Yes,Yes,Yes,No,No,Yes,82,76,70,1.100,34.594,44.530,37.072,0.005,5.824,0.795,175.0,90.0,175.0,120.0,0,0.0,35.3,45.9,39.1,56.2,24.4,63.7,42.3,63.2,35.1,38.4,26.8,38.9,28.1,24.6,26.6,28.0,25.4,25.1,23.7,25.3,24.9,25.2,32.1,32.4,11.6,15.7,46.2,44.5,21.3,22.2,35.9,17.8,23.9,16.8,19.9,12.6,26.9,0.1,0.0,0.0,0.0,0.0,0.0,48.0,45.1,30.8,50.5,44.8,53.0,48.3,56.3,0.0,0.3,0.0,0.0,0.0,0.0,0.0,2394.1,24.00,36,35,35,68,103,383,2,2,Yes,No,No,No,No,No,No,No,Yes,No,No,No,No,Yes,No,No,No,No,No,No,No,Yes,No,No,No,No,No,No,No,No,No,No,No,No,No,No,No,No,89.0,4740,4680,4800,75.8,1.110,1.110,1.815,1.800,0.975,5.110,1.250,No,No,No,75.5,1.110,1.110,1.815,1.800,1.005,5.110,1.750,No,No,No,43,43,94.0,100.0,No,No,32094,47869,38,70,100.0,100.0,No,No,1763,3070,0.1,1.6,1.7,0.032,0.223,6587,2279,0.2,0.0,0.2,2.213,0.000,11042,54,76.6,74.0,85.2,83.0,0.875,20.574,20.569,20.579,58.041,24.085,41.149,12.589,53.959,3.000,15.563,10.115,32.221,100.000,140.000,2250.0,2150.2,1890.0,2233.7,1905.0,50.0,15.0,0.0,4.0,68.2,14.1,56.5,0.0,0.0,0.0,Yes,No,No,No,No,Yes,No,0,0,0,0,0,0,0,0,0,0,0,0,0,0,0,0,0,0,0,0,0,0,0,0,0,0,0,0,0,0,2606,5582,5350,286,16.0,70,0.297,40.769,600.0,2394.0,0.1,0.0,0.0,0.0,0.0,0.0,0.0,0.0,0.2,38,16154,38,No,No,No,No,No,No,No,No,16.811,68.277,100.0,0.000,24.1,119,0,0,8.8,118.8,156.6,66.2,55.8,58.6,55.0,118.6,180.6,62.1,56.2,57.3,55.9,8.42,15.29,6.19,5.66,17.27,18.38,6.12,2.31,8.05,0.36,1.28,30,6,2.7,2.8,0,0,0.0,0.0,0,
7.6.2026,23:31:42.709,26008,22760,53.3,20301,12083,62.6,7.5,16384,1236,1.169,1.185,1.184,1.164,1.154,1.164,1.149,1.159,1.159,1.159,1.189,1.194,1.169,1.169,1.169,1.061,0.778,3797.9,4489.0,4489.0,4489.0,4489.0,4489.0,4489.0,3591.2,3591.2,3591.2,3591.2,1097.3,3591.2,3591.2,3591.2,99.8,3890.5,936.2,1891.3,280.0,2438.5,155.4,489.4,3125.3,3353.0,204.5,1676.0,186.8,1801.0,138.9,581.8,625.7,611.3,537.4,233.6,128.3,113.8,151.0,1131.0,22.6,44.2,5.9,56.3,2.9,11.5,69.9,75.2,4.1,39.0,3.7,42.0,2.6,18.1,19.9,18.8,16.5,7.6,3.9,3.6,6.6,75.2,22.6,100.0,39.3,73.8,11.0,95.5,6.1,20.1,121.5,130.3,8.1,65.1,7.3,69.9,5.4,33.8,35.9,35.1,30.9,13.3,7.3,6.5,8.4,39.3,38.1,45.0,45.0,45.0,45.0,45.0,45.0,36.0,36.0,36.0,36.0,11.0,36.0,36.0,36.0,39.0,71,71,75,75,75,74,71,69,69,69,69,68,68,68,68,29,29,25,25,25,26,29,31,31,31,31,32,32,32,32,82,75,No,No,No,No,No,No,No,No,No,No,No,No,No,No,No,No,No,No,No,No,No,No,No,No,No,No,No,No,No,No,No,No,No,No,No,No,No,No,No,No,No,No,No,No,No,No,No,No,82,76,70,1.100,48.094,39.596,32.440,0.005,5.580,0.687,175.0,90.0,175.0,120.0,0,0.0,22.8,44.1,6.6,56.1,3.6,11.4,70.0,75.2,4.8,39.1,4.5,42.1,3.3,18.2,20.0,19.0,16.6,7.7,3.9,3.6,6.6,20.7,50.2,39.7,20.6,19.9,56.5,54.2,5.9,11.5,14.8,9.1,4.3,0.1,2.8,0.5,44.3,0.0,0.0,0.0,0.0,0.0,0.0,69.0,61.5,59.1,68.3,84.8,94.1,92.3,91.5,0.0,0.0,0.0,0.0,0.0,0.0,0.2,2394.1,24.00,36,35,35,68,103,383,2,2,Yes,No,No,No,No,No,No,No,Yes,No,Yes,No,No,Yes,No,No,No,No,No,No,No,Yes,No,No,No,No,No,No,No,No,No,No,No,No,No,No,No,No,87.0,4800,4680,4800,75.8,1.110,1.110,1.815,1.800,0.975,5.110,2.250,No,No,No,75.5,1.110,1.110,1.815,1.800,0.975,5.110,2.500,No,No,No,43,43,94.0,100.0,No,No,32094,47869,39,70,100.0,100.0,No,No,1763,3070,0.3,0.6,0.9,0.026,0.011,6587,2279,0.0,0.0,0.0,0.000,0.001,11042,54,76.5,74.0,84.8,83.0,0.875,20.567,20.562,20.572,57.855,24.941,41.705,12.913,54.845,3.000,15.893,10.121,36.113,100.000,140.000,2250.0,2150.2,1890.0,2233.8,1905.0,52.0,16.0,0.0,4.0,68.3,11.8,47.1,0.0,0.0,0.0,Yes,No,No,No,No,Yes,No,0,0,0,0,0,0,0,0,0,0,0,0,0,0,0,0,0,0,0,0,0,0,0,0,0,0,0,0,0,0,2598,5590,5358,295,16.0,69,0.297,38.662,600.0,2394.0,0.1,0.0,0.0,0.0,0.0,0.0,0.0,0.0,0.2,38,16154,38,No,No,No,No,No,No,No,No,16.810,68.277,100.0,0.000,24.1,120,0,0,8.5,120.0,148.8,100.4,100.0,100.2,100.0,120.0,146.8,101.3,100.5,100.9,100.4,8.33,9.99,6.65,6.26,10.08,10.17,4.65,3.69,8.00,0.34,0.90,30,6,1.5,1.3,0,0,0.0,0.0,0,
7.6.2026,23:31:44.708,26014,22754,53.3,20307,12076,62.7,7.5,16384,1236,1.196,1.188,1.182,1.193,1.198,1.193,1.198,1.193,1.193,1.193,1.193,1.223,1.198,1.203,1.203,1.061,0.778,3199.3,4489.0,798.0,798.0,798.0,4688.5,4489.0,3591.2,3591.2,3591.2,3591.2,3591.2,3591.2,3591.2,3591.2,99.8,3890.5,838.0,1801.1,0.3,2494.7,0.3,67.8,3268.7,3398.3,0.7,1698.7,0.3,1672.1,0.3,554.7,609.7,629.8,432.9,51.4,16.1,3.8,58.9,1039.4,20.3,42.2,0.0,57.4,0.0,1.8,72.8,75.8,0.0,39.5,0.0,39.2,0.0,18.0,20.1,20.0,14.2,1.6,0.1,0.0,3.8,75.8,20.3,100.0,34.9,70.3,0.0,97.9,0.0,3.9,127.4,132.1,0.0,66.0,0.0,64.9,0.0,32.1,35.1,36.4,25.0,2.9,0.9,0.3,3.2,34.9,32.1,45.0,8.0,8.0,8.0,47.0,45.0,36.0,36.0,36.0,36.0,36.0,36.0,36.0,36.0,39.0,70,72,73,73,77,70,69,69,69,69,69,68,68,68,68,30,28,27,27,23,30,31,31,31,31,31,32,32,32,32,82,77,No,No,No,No,No,No,No,No,No,No,No,No,No,No,No,No,No,No,No,No,No,No,No,No,No,No,No,No,No,No,No,No,No,No,No,No,No,No,No,No,No,No,No,No,No,No,No,No,82,75,69,1.100,48.094,39.596,32.440,0.005,5.580,0.687,175.0,90.0,175.0,120.0,0,0.0,20.4,42.0,0.0,57.0,0.0,1.6,72.8,75.7,0.0,39.4,0.0,39.2,0.0,17.9,20.0,20.1,14.1,2.2,0.7,0.1,4.3,20.0,55.9,40.4,24.3,22.1,58.7,59.0,2.9,4.2,9.1,2.7,0.3,0.0,0.0,0.0,48.0,0.0,0.0,0.0,0.0,0.0,0.0,72.2,68.1,63.3,77.6,96.5,99.0,99.7,95.4,0.0,0.0,0.0,0.0,0.0,0.0,0.0,2394.1,24.00,36,35,35,68,103,383,2,2,Yes,No,No,No,No,No,No,No,No,No,Yes,No,No,Yes,No,No,No,No,No,No,No,Yes,No,No,No,No,No,No,No,No,No,No,No,No,No,No,No,No,89.0,4740,4500,4800,75.5,1.110,1.110,1.815,1.800,0.975,5.110,2.250,No,No,No,75.2,1.095,1.110,1.815,1.800,0.975,5.110,1.250,No,No,No,43,43,94.0,100.0,No,No,32094,47869,38,70,100.0,100.0,No,No,1763,3070,0.9,1.4,2.3,0.014,0.080,6587,2279,0.0,0.0,0.0,0.000,0.004,11042,54,75.6,74.0,83.8,83.0,0.875,20.573,20.567,20.578,55.849,24.438,40.564,12.443,53.215,3.000,15.412,9.961,36.471,100.000,140.000,2250.0,2150.2,1890.0,2234.5,1905.0,46.0,13.0,0.0,3.0,68.3,10.5,42.1,0.0,0.0,0.0,Yes,No,No,No,No,Yes,No,0,0,0,0,0,0,0,0,0,0,0,0,0,0,0,0,0,0,0,0,0,0,0,0,0,0,0,0,0,0,2598,5590,5358,295,16.0,69,0.297,38.662,600.0,2394.0,0.1,0.0,0.0,0.0,0.0,0.0,0.0,0.0,0.2,38,16154,38,No,No,No,No,No,No,No,No,16.810,68.277,100.0,0.000,24.1,120,0,0,8.1,120.1,154.3,101.2,98.3,99.5,98.0,120.1,146.9,100.6,98.9,99.5,98.7,8.33,9.89,6.45,6.37,10.08,10.25,4.51,3.82,8.00,0.33,0.91,30,6,5.8,1.1,0,0,0.0,0.0,0,
7.6.2026,23:31:46.721,26011,22756,53.3,20305,12079,62.6,7.5,16384,1236,1.161,1.209,1.188,1.178,1.198,1.172,1.181,1.161,1.138,1.143,1.143,1.133,1.143,1.133,1.138,1.061,0.778,3797.9,4489.0,4489.0,4489.0,4489.0,4489.0,4489.0,1097.3,3591.2,3591.2,3591.2,3591.2,3591.2,3591.2,3591.2,99.8,3890.5,901.1,1652.3,236.9,2378.7,142.9,551.6,3213.3,3090.9,287.7,1587.9,94.0,1565.0,35.6,589.5,596.0,602.5,562.9,250.6,202.5,175.6,206.0,1074.2,23.2,38.6,6.9,54.6,4.8,12.5,71.3,69.1,21.1,37.0,3.7,36.5,1.6,18.7,19.3,19.3,18.3,8.6,7.2,6.2,8.7,71.3,23.2,100.0,37.9,64.5,9.2,93.0,5.6,22.5,124.3,120.1,11.1,61.7,3.6,60.7,1.2,33.6,34.0,34.2,31.9,14.0,11.2,9.7,11.3,37.9,38.1,45.0,45.0,45.0,45.0,45.0,45.0,11.0,36.0,36.0,36.0,36.0,36.0,36.0,36.0,39.0,73,74,74,77,75,75,77,71,71,71,71,71,71,71,70,27,26,26,23,25,25,23,29,29,29,29,29,29,29,30,82,77,No,No,No,No,No,No,No,No,No,No,No,No,No,No,No,No,No,No,No,No,No,No,No,No,No,No,No,No,No,No,No,No,No,No,No,No,No,No,No,No,No,No,No,No,No,No,No,No,82,79,70,1.100,47.251,37.138,30.086,0.005,5.503,0.656,175.0,90.0,175.0,120.0,0,0.0,22.0,38.5,5.4,54.3,3.2,12.4,71.3,69.1,6.4,37.1,2.1,36.7,0.8,18.7,19.4,19.5,18.4,7.9,6.5,5.5,7.9,19.9,56.8,42.3,19.6,25.4,60.0,61.1,2.2,2.8,3.4,2.0,3.0,0.0,0.0,0.0,46.2,0.0,0.0,0.0,0.0,0.0,0.0,72.7,70.6,69.9,73.2,86.4,91.5,92.8,90.4,0.0,0.0,0.0,0.0,0.0,0.1,0.0,2394.1,24.00,36,35,35,68,103,383,2,2,Yes,No,No,No,No,No,No,No,No,No,Yes,No,No,Yes,No,No,No,No,No,No,No,Yes,No,No,No,No,No,Yes,No,No,No,No,No,No,No,Yes,No,No,88.0,4680,4500,4680,75.5,1.110,1.110,1.815,1.800,0.975,5.110,2.375,No,No,No,75.0,1.110,1.110,1.815,1.800,0.975,5.110,3.000,No,No,No,43,43,94.0,100.0,No,No,32094,47869,38,70,100.0,100.0,No,No,1763,3070,0.1,1.1,1.2,0.012,0.037,6587,2279,0.0,0.0,0.0,0.000,0.000,11042,54,72.5,74.0,78.2,83.0,0.875,20.573,20.529,20.534,48.876,24.438,31.509,12.728,44.435,3.000,15.694,9.506,19.478,100.000,140.000,2250.0,2150.2,1890.0,2235.4,1905.0,39.0,16.0,0.0,10.0,66.5,10.5,44.2,0.0,0.0,0.0,Yes,No,No,No,No,Yes,No,0,0,0,0,0,0,0,0,0,0,0,0,0,0,0,0,0,0,0,0,0,0,0,0,0,0,0,0,0,0,2598,5590,5358,295,16.0,70,0.297,35.426,600.0,2394.0,0.1,0.0,0.0,0.0,0.0,0.0,0.0,0.0,0.2,38,16154,38,No,No,No,No,No,No,No,No,16.808,68.277,100.0,0.000,24.1,120,0,0,9.3,119.8,145.9,100.2,84.2,90.4,82.5,119.6,167.9,78.5,68.9,71.8,68.1,8.35,10.00,6.82,6.61,11.09,12.16,5.00,3.36,8.01,0.33,0.85,30,6,0.8,0.6,0,0,0.0,0.0,0,
7.6.2026,23:31:48.718,26034,22733,53.3,20362,12022,62.8,7.5,16384,1236,1.206,1.217,1.184,1.234,1.224,1.208,1.234,1.214,1.239,1.229,1.182,1.182,1.182,1.182,1.182,1.061,0.778,3712.3,4489.0,4489.0,4489.0,4489.0,798.0,4489.0,3591.2,3591.2,3591.2,3591.2,3591.2,3591.2,3591.2,3591.2,99.8,3890.5,1695.3,2058.8,1866.0,2673.3,1218.1,2507.6,2359.3,2463.8,2427.7,2061.0,1322.8,2115.5,1236.4,1169.0,1170.1,1228.3,1201.4,1207.2,1164.6,1218.5,1236.4,1817.4,42.5,47.6,43.4,61.6,28.1,57.4,54.0,56.2,55.7,47.7,30.7,49.0,29.3,35.7,35.5,37.2,36.8,35.4,34.3,36.1,37.9,61.6,42.5,100.0,74.1,80.5,73.3,104.1,47.8,97.7,92.3,95.8,94.8,80.4,51.8,82.7,48.4,65.0,65.0,68.1,66.7,67.3,64.7,67.4,68.7,74.1,37.2,45.0,45.0,45.0,45.0,8.0,45.0,36.0,36.0,36.0,36.0,36.0,36.0,36.0,36.0,39.0,75,79,77,81,78,75,77,73,73,73,73,72,72,72,72,25,21,23,19,22,25,23,27,27,27,27,28,28,28,28,83,81,No,No,No,No,No,No,No,No,No,No,No,No,No,No,No,No,No,No,No,No,No,No,No,No,No,No,No,No,No,No,Yes,Yes,Yes,Yes,Yes,Yes,Yes,Yes,Yes,Yes,Yes,Yes,Yes,Yes,Yes,No,No,Yes,83,75,69,1.100,44.719,37.821,30.753,0.005,5.514,0.665,175.0,90.0,175.0,120.0,0,0.0,42.3,47.5,43.0,61.4,28.0,57.2,53.7,56.0,55.3,47.5,30.5,48.8,28.6,35.5,35.4,37.1,36.7,35.4,34.3,36.0,37.9,33.6,27.0,24.1,11.0,9.9,32.9,31.2,43.0,42.8,45.2,40.8,42.2,39.8,41.5,38.7,10.3,0.3,0.0,0.1,0.0,0.1,0.3,17.3,17.5,13.5,18.1,17.9,21.5,18.1,19.0,0.1,0.1,0.0,0.0,0.0,0.3,0.2,2394.1,24.00,36,35,35,68,103,383,2,2,Yes,No,No,No,No,No,No,No,No,Yes,Yes,No,No,Yes,No,No,No,No,No,No,No,Yes,No,No,No,No,No,No,No,No,No,No,No,No,No,No,No,No,91.0,4680,4500,4680,75.5,1.110,1.110,1.815,1.800,0.975,5.110,2.750,No,No,No,75.2,1.110,1.110,1.800,1.800,0.975,5.110,1.250,No,No,No,43,43,94.0,100.0,No,No,32094,47869,39,70,100.0,100.0,No,No,1763,3070,0.1,2.0,2.1,0.101,0.083,6587,2279,12.3,0.0,12.3,130.330,0.010,11293,54,76.4,76.0,84.7,83.0,0.875,20.531,20.515,20.528,58.915,19.478,43.342,14.668,58.239,3.000,17.641,10.095,29.300,100.000,140.000,2250.0,2150.2,1890.0,2230.0,1905.0,57.0,23.0,0.0,7.0,67.0,11.1,47.3,0.0,0.0,0.0,Yes,No,No,No,No,Yes,No,0,0,0,0,0,0,0,0,0,0,0,0,0,0,0,0,0,0,0,0,0,0,0,0,0,0,0,0,0,0,2745,5443,5211,295,16.0,70,0.297,54.173,600.0,2394.0,0.1,0.0,0.0,0.0,0.0,0.0,0.0,0.0,0.2,38,16154,38,No,No,No,No,No,No,No,No,16.808,68.277,100.0,0.000,24.1,84,0,0,8.6,83.2,160.3,50.5,49.9,49.8,49.8,83.1,188.3,53.6,52.0,51.8,51.8,12.02,19.76,6.24,6.14,20.10,20.10,5.52,6.51,11.63,0.39,3.22,30,6,12.8,33.8,0,0,0.0,0.0,0,
7.6.2026,23:31:50.715,25945,22823,53.2,20331,12053,62.7,7.5,16384,1236,1.162,1.199,1.214,1.199,1.179,1.150,1.140,1.140,1.155,1.140,1.115,1.165,1.155,1.165,1.155,1.041,0.778,3876.2,4389.3,4389.3,4389.3,4389.3,4389.3,4389.3,3491.5,3491.5,3491.5,3491.5,3491.5,3491.5,3491.5,3491.5,99.8,3790.7,1589.5,1750.0,1971.3,2465.7,1231.1,1867.1,2610.7,2007.5,2746.8,1472.0,1620.6,1438.8,1704.6,1059.2,1139.1,1156.9,1086.8,1113.9,1069.6,1128.2,1150.1,1708.0,39.6,40.8,45.9,57.3,28.0,42.7,60.0,46.0,63.2,34.4,37.6,33.4,39.6,31.6,34.2,34.4,32.4,32.6,31.1,33.1,34.7,63.2,39.6,100.0,69.3,68.3,77.5,95.9,48.1,73.2,101.9,78.1,106.7,57.3,63.2,55.9,66.6,59.0,62.9,63.8,60.3,62.0,59.7,62.4,63.8,69.3,38.9,44.0,44.0,44.0,44.0,44.0,44.0,35.0,35.0,35.0,35.0,35.0,35.0,35.0,35.0,38.0,72,73,77,76,77,74,71,70,70,71,71,71,71,71,71,28,27,23,24,23,26,29,30,30,29,29,29,29,29,29,83,77,No,No,No,No,No,No,No,No,No,No,No,No,No,No,No,No,No,No,No,No,No,No,No,No,No,No,No,No,No,No,Yes,Yes,Yes,Yes,Yes,Yes,Yes,Yes,Yes,Yes,Yes,Yes,Yes,Yes,Yes,No,No,Yes,83,75,69,1.100,37.126,58.790,51.036,0.010,5.969,0.869,175.0,90.0,175.0,120.0,0,0.0,39.9,40.9,45.8,57.4,28.4,42.8,60.3,46.1,63.1,34.7,38.0,33.8,39.9,31.8,34.5,34.7,32.7,33.0,31.5,33.5,35.1,36.9,30.6,28.7,14.9,10.5,41.1,40.3,49.6,48.9,55.8,43.1,41.9,37.1,45.3,28.8,10.6,1.0,0.0,0.0,0.0,0.0,0.1,14.5,12.8,6.2,19.9,20.5,26.3,16.9,30.7,0.1,0.1,0.0,0.0,0.0,0.2,0.2,2394.1,24.00,36,35,35,68,103,383,2,2,Yes,No,No,No,No,No,No,No,Yes,Yes,Yes,No,No,Yes,No,No,No,No,No,No,No,Yes,No,No,No,No,No,No,No,No,No,No,No,No,No,No,No,No,88.0,4740,4380,4800,75.5,1.110,1.110,1.815,1.800,0.975,5.110,2.750,No,No,No,75.0,1.110,1.110,1.815,1.800,0.975,5.110,1.250,No,No,No,43,43,94.0,100.0,No,No,32094,47869,39,70,100.0,100.0,No,No,1763,3070,1.8,0.7,2.5,0.209,0.050,6588,2279,2.9,0.1,3.0,31.697,0.012,11353,54,75.3,74.0,82.2,83.0,0.875,20.522,20.516,20.529,61.101,25.184,43.409,14.607,58.241,3.000,17.573,10.146,29.720,100.000,140.000,2250.0,2150.2,1890.0,2229.8,1905.0,57.0,23.0,0.0,7.0,67.0,11.8,53.0,0.0,0.0,0.0,Yes,No,No,No,No,Yes,No,0,0,0,0,0,0,0,0,0,0,0,0,0,0,0,0,0,0,0,0,0,0,0,0,0,0,0,0,0,0,2698,5490,5258,295,16.0,70,0.297,56.587,600.0,2394.0,0.2,0.0,0.0,0.0,0.0,0.0,0.0,0.0,0.2,38,16154,38,No,No,No,No,No,No,No,No,16.808,68.277,100.0,0.000,24.1,120,0,0,8.8,119.9,140.1,105.3,104.3,104.6,104.3,120.0,141.8,105.8,105.5,105.7,105.5,8.34,9.51,7.10,6.77,9.57,9.61,5.19,3.15,7.97,0.37,0.64,30,6,1.8,15.0,0,0,0.0,0.0,0,
7.6.2026,23:31:52.714,26101,22667,53.5,20319,12065,62.7,7.5,16384,1236,1.101,1.110,1.142,1.134,1.129,1.090,1.090,1.085,1.085,1.090,1.091,1.091,1.091,1.091,1.091,0.998,0.778,3705.2,4189.8,4189.8,4090.0,4090.0,4090.0,4090.0,3391.7,3391.7,3391.7,3391.7,3391.7,3391.7,3391.7,3391.7,99.8,3591.2,1394.8,1737.5,1685.5,2277.0,1103.1,2283.7,2071.0,1845.3,2381.9,1376.4,1343.5,1540.0,1093.9,838.0,894.0,991.0,885.8,901.4,798.2,933.3,915.3,1521.7,35.9,41.8,40.4,54.5,26.2,53.9,48.8,43.5,56.2,33.4,32.5,37.4,26.5,26.0,27.9,30.9,27.6,28.0,24.4,29.1,29.5,56.2,35.9,100.0,60.4,67.8,66.0,88.6,43.0,88.6,80.9,71.7,93.0,53.4,52.4,60.0,42.5,47.2,49.8,54.9,49.5,50.6,45.2,52.0,51.2,60.4,37.1,42.0,42.0,41.0,41.0,41.0,41.0,34.0,34.0,34.0,34.0,34.0,34.0,34.0,34.0,36.0,73,74,77,77,74,75,73,71,71,71,71,71,71,71,71,27,26,23,23,26,25,27,29,29,29,29,29,29,29,29,82,77,No,No,No,No,No,No,No,No,No,No,No,No,No,No,No,No,No,No,No,No,No,No,No,No,No,No,No,No,No,No,Yes,Yes,Yes,Yes,Yes,Yes,Yes,Yes,Yes,Yes,Yes,Yes,Yes,Yes,Yes,No,No,Yes,82,79,69,1.100,49.782,52.566,45.271,0.011,5.895,0.825,175.0,90.0,175.0,120.0,0,0.0,35.8,41.7,40.0,54.4,26.1,53.6,48.7,43.3,56.1,33.4,32.5,37.3,26.4,25.8,27.8,30.8,27.6,28.0,24.4,29.1,29.5,30.6,34.6,31.9,14.2,15.9,46.2,44.6,29.1,39.7,52.6,30.0,25.5,13.2,32.0,18.3,20.8,0.0,0.0,0.0,0.0,0.0,0.0,39.2,27.6,12.8,36.5,40.3,55.5,33.2,45.7,0.1,0.4,0.0,0.0,0.0,0.2,0.1,2394.1,24.00,36,35,35,68,103,383,2,2,Yes,No,No,No,No,No,No,No,Yes,No,No,No,No,Yes,No,No,No,No,No,No,No,Yes,No,No,No,No,No,No,No,No,No,No,No,No,No,No,No,No,89.0,4800,4380,4740,75.5,1.110,1.110,1.815,1.800,0.975,5.110,2.500,No,No,No,75.0,1.110,1.110,1.815,1.800,0.975,5.110,1.375,No,No,No,43,43,94.0,100.0,No,No,32094,47869,38,70,100.0,100.0,No,No,1763,3070,0.2,1.6,1.7,0.101,0.065,6588,2279,1.7,0.0,1.7,19.746,0.000,11391,54,75.3,74.0,82.2,83.0,0.875,20.522,20.516,20.529,61.101,25.242,43.409,14.607,58.241,3.000,17.573,10.146,29.720,100.000,140.000,2250.0,2150.2,1890.0,2229.8,1905.0,57.0,23.0,0.0,7.0,67.0,13.3,53.0,0.0,0.0,0.0,Yes,No,No,No,No,Yes,No,0,0,0,0,0,0,0,0,0,0,0,0,0,0,0,0,0,0,0,0,0,0,0,0,0,0,0,0,0,0,2698,5490,5258,295,16.0,70,0.297,46.267,600.0,2394.0,0.2,0.0,0.0,0.0,0.0,0.0,0.0,0.0,0.2,38,16154,38,No,No,No,No,No,No,No,No,16.812,68.277,100.0,0.000,24.1,113,0,0,7.9,113.2,161.7,72.6,72.0,72.2,71.9,113.2,178.0,73.1,72.8,72.8,72.7,8.83,13.82,6.15,6.14,13.92,13.99,5.39,3.44,8.44,0.40,1.42,30,6,1.4,7.7,0,0,0.0,0.0,0,
7.6.2026,23:31:54.727,26061,22707,53.4,20340,12044,62.8,7.5,16384,1236,1.099,1.087,1.096,1.081,1.097,1.112,1.082,1.097,1.112,1.112,1.097,1.112,1.101,1.101,1.101,0.956,0.778,3434.5,3990.2,3990.2,3990.2,3990.2,3990.2,3990.2,3291.9,3291.9,3291.9,3291.9,1097.3,3291.9,3291.9,3291.9,99.8,3391.7,1639.7,1982.7,1924.5,2451.7,1315.6,2500.1,2013.3,2098.1,2275.7,1689.9,1627.0,1602.9,1709.5,1145.5,1176.6,1233.1,1204.7,1210.3,1145.1,1260.1,1228.4,1746.9,44.4,50.2,48.9,61.8,33.2,62.9,50.5,52.6,56.9,43.0,41.1,40.7,43.4,36.1,36.9,38.8,38.0,38.0,35.6,39.5,39.6,62.9,44.4,100.0,71.6,77.4,75.5,95.3,51.4,97.3,78.4,81.8,88.8,65.8,63.4,62.3,66.6,63.4,64.8,67.8,66.5,66.7,63.2,69.3,67.5,71.6,34.4,40.0,40.0,40.0,40.0,40.0,40.0,33.0,33.0,33.0,33.0,11.0,33.0,33.0,33.0,34.0,72,73,74,75,74,71,73,72,72,72,72,71,71,71,71,28,27,26,25,26,29,27,28,28,28,28,29,29,29,29,82,75,No,No,No,No,No,No,No,No,No,No,No,No,No,No,No,No,No,No,No,No,No,No,No,No,No,No,No,No,No,No,Yes,Yes,Yes,Yes,Yes,Yes,Yes,Yes,Yes,Yes,Yes,Yes,Yes,Yes,Yes,No,No,Yes,83,76,70,1.100,30.375,46.755,39.013,0.010,5.815,0.788,175.0,90.0,175.0,120.0,0,0.0,44.3,50.0,48.5,61.8,33.1,62.5,50.5,52.5,57.0,42.9,41.1,40.7,43.4,35.8,36.8,38.8,37.9,38.0,35.6,39.6,39.6,42.1,24.4,22.9,9.5,11.1,33.0,33.2,61.4,58.1,58.7,59.0,57.8,54.4,56.7,48.9,1.6,0.3,0.0,0.0,0.0,0.0,0.0,0.2,2.4,0.1,0.5,1.6,7.0,1.1,8.4,0.1,0.1,0.0,0.0,0.0,0.2,0.1,2394.1,24.00,36,35,35,68,103,383,2,2,Yes,No,No,No,No,No,No,No,Yes,No,No,No,No,Yes,No,No,No,No,No,No,No,Yes,No,No,No,No,No,No,No,No,No,No,No,No,No,No,No,No,89.0,4740,4560,4800,75.5,1.110,1.110,1.815,1.800,1.005,5.110,1.625,No,No,No,75.0,1.110,1.110,1.815,1.800,1.005,5.110,2.500,No,No,No,43,43,94.0,100.0,No,No,32094,47869,38,70,100.0,100.0,No,No,1763,3070,0.7,1.6,2.2,0.163,0.089,6588,2280,1.5,0.0,1.6,10.365,0.008,11411,54,78.7,74.0,87.1,83.0,0.875,20.492,20.481,20.503,65.124,29.751,52.084,16.262,68.622,3.000,19.230,10.464,38.593,100.000,140.000,2250.0,2150.2,1890.0,2227.0,1905.0,73.0,29.0,0.0,15.0,68.1,14.0,55.9,0.0,0.0,0.0,Yes,No,No,No,No,Yes,No,0,0,0,0,0,0,0,0,0,0,0,0,0,0,0,0,0,0,0,0,0,0,0,0,0,0,0,0,0,0,2616,5572,5340,295,16.0,70,0.297,46.178,600.0,2394.0,0.2,0.0,0.0,0.0,0.0,0.0,0.0,0.0,0.2,38,16154,38,No,No,No,No,No,No,No,No,16.818,68.277,100.0,0.000,24.1,119,0,0,9.0,119.5,165.1,81.0,71.5,75.3,70.4,119.5,201.3,78.9,70.3,73.6,69.4,8.37,12.45,6.01,5.92,13.39,14.33,6.21,2.16,7.94,0.43,1.79,30,6,1.7,7.8,0,0,0.0,0.0,0,
7.6.2026,23:31:56.722,26095,22673,53.5,20319,12065,62.7,7.5,16384,1236,1.076,1.047,1.072,1.072,1.057,1.070,1.070,1.084,1.084,1.084,1.084,1.084,1.084,1.084,1.084,0.956,0.778,3591.2,3990.2,3990.2,3990.2,3990.2,3990.2,3990.2,3291.9,3291.9,3291.9,3291.9,3291.9,3291.9,3291.9,3291.9,99.8,3391.7,1710.1,2223.8,1903.3,2536.6,1317.5,2383.2,2098.2,2268.7,2266.8,1871.4,1552.6,1757.2,1652.7,1266.8,1290.8,1311.2,1296.9,1319.5,1241.2,1325.5,1318.3,1812.4,46.7,57.0,48.9,64.9,33.5,61.1,53.3,57.9,57.7,48.0,39.7,45.0,42.3,39.7,40.3,41.1,40.6,41.1,39.0,41.6,41.9,64.9,46.7,100.0,75.0,86.8,74.9,98.5,51.4,93.0,81.7,88.5,88.2,72.9,60.7,68.6,64.4,70.1,71.0,72.2,71.5,72.4,68.1,72.8,72.5,75.0,36.0,40.0,40.0,40.0,40.0,40.0,40.0,33.0,33.0,33.0,33.0,33.0,33.0,33.0,33.0,34.0,72,74,74,77,74,72,74,72,72,72,72,70,70,70,70,28,26,26,23,26,28,26,28,28,28,28,30,30,30,30,83,77,No,No,No,No,No,No,No,No,No,No,No,No,No,No,No,No,No,No,No,No,No,No,No,No,No,No,No,No,No,No,Yes,Yes,Yes,Yes,Yes,Yes,Yes,Yes,Yes,Yes,Yes,Yes,Yes,Yes,Yes,No,No,Yes,83,77,70,1.100,31.219,46.218,38.496,0.010,5.947,0.864,175.0,90.0,175.0,120.0,0,0.0,46.8,57.0,48.7,64.9,33.7,60.8,53.5,57.9,57.8,48.2,39.8,45.1,42.5,39.7,40.4,41.2,40.7,41.3,39.1,41.7,42.1,39.7,19.1,19.2,8.4,7.6,29.2,29.0,57.3,56.5,56.1,56.6,56.1,58.1,55.5,47.7,0.6,0.0,0.0,0.0,0.0,0.2,0.1,0.3,0.5,0.0,0.0,0.2,0.5,0.2,7.1,0.0,0.0,0.0,0.0,0.0,0.0,0.1,2394.1,24.00,36,35,35,68,103,383,2,2,Yes,No,No,No,No,No,No,No,Yes,No,No,No,No,Yes,No,No,No,No,No,No,No,Yes,No,No,No,No,No,No,No,No,No,No,No,No,No,No,No,No,89.0,4740,4560,4800,75.5,1.110,1.110,1.815,1.800,1.005,5.110,1.500,No,No,No,75.0,1.110,1.110,1.815,1.800,1.005,5.110,2.875,No,No,No,43,43,94.0,100.0,No,No,32094,47869,39,70,100.0,100.0,No,No,1763,3070,1.4,0.8,2.2,0.119,0.098,6589,2280,2.1,0.0,2.1,16.221,0.000,11442,54,78.1,76.0,86.5,83.0,0.875,20.511,20.501,20.521,69.687,31.559,49.125,15.663,65.051,3.000,18.621,29.707,39.747,100.000,140.000,2250.0,2150.2,1890.0,2225.4,1905.0,68.0,27.0,0.0,12.0,68.5,16.0,63.8,0.0,0.0,0.0,Yes,No,No,No,No,Yes,No,0,0,0,0,0,0,0,0,0,0,0,0,0,0,0,0,0,0,0,0,0,0,0,0,0,0,0,0,0,0,2577,5611,5379,295,16.0,69,0.297,45.574,650.0,2394.0,0.2,0.0,0.0,0.0,0.0,0.0,0.0,0.0,0.2,38,16154,38,No,No,No,No,No,No,No,No,16.810,68.277,100.0,0.000,24.1,118,0,0,8.7,117.6,166.4,80.5,57.2,65.4,55.2,117.5,197.8,83.1,54.1,63.8,51.8,8.51,12.44,5.90,5.74,15.40,18.35,6.26,2.25,8.07,0.44,1.71,30,6,8.0,5.9,0,0,0.0,0.0,0,
7.6.2026,23:31:58.719,26061,22707,53.4,20362,12022,62.8,7.5,16384,1235,1.080,1.092,1.093,1.076,1.061,1.061,1.046,1.087,1.087,1.087,1.072,1.092,1.092,1.092,1.082,0.956,0.778,3591.2,3990.2,3990.2,3990.2,3990.2,3990.2,3990.2,3291.9,3291.9,3291.9,3291.9,3291.9,3291.9,3291.9,3291.9,99.8,3391.7,1764.3,2271.0,1961.4,2474.5,1406.6,2444.5,2136.8,2437.6,2091.9,2020.7,1533.9,1884.2,1684.6,1350.7,1331.7,1362.9,1379.4,1389.9,1336.9,1395.5,1390.9,1860.8,48.3,58.3,50.4,63.3,35.8,62.9,54.4,62.4,53.3,51.8,39.1,48.2,43.1,42.5,41.7,42.8,43.3,43.2,41.6,43.5,44.3,63.3,48.3,100.0,77.6,88.7,77.2,96.2,54.9,95.3,83.3,95.0,81.6,78.8,59.9,73.3,65.6,74.5,73.3,75.0,75.9,76.4,73.7,76.7,76.5,77.6,36.0,40.0,40.0,40.0,40.0,40.0,40.0,33.0,33.0,33.0,33.0,33.0,33.0,33.0,33.0,34.0,72,74,75,76,72,74,71,73,73,73,73,70,70,70,70,28,26,25,24,28,26,29,27,27,27,27,30,30,30,30,83,76,No,No,No,No,No,No,No,No,No,No,No,No,No,No,No,No,No,No,No,No,No,No,No,No,No,No,No,No,No,No,Yes,Yes,Yes,Yes,Yes,Yes,Yes,Yes,Yes,Yes,Yes,Yes,Yes,Yes,Yes,No,No,Yes,83,77,70,1.100,39.657,44.578,36.778,0.010,5.991,0.889,175.0,90.0,175.0,120.0,0,0.0,48.6,58.4,50.3,63.7,36.1,62.7,54.7,62.5,53.6,52.2,39.5,48.6,43.4,42.7,42.0,43.2,43.6,43.6,42.0,43.9,44.6,37.3,17.6,18.8,7.6,8.1,26.8,26.3,53.6,54.7,52.8,52.8,52.1,52.5,52.3,46.6,1.0,0.0,0.0,0.0,0.0,0.1,0.1,0.9,0.6,1.2,0.7,1.5,2.6,1.2,5.7,0.0,0.0,0.0,0.0,0.0,0.0,0.2,2394.1,24.00,36,35,35,68,103,383,2,2,Yes,No,No,No,No,No,No,No,Yes,No,No,No,No,Yes,No,No,No,No,No,No,No,Yes,No,No,No,No,No,No,No,No,No,No,No,No,No,No,No,No,89.0,4740,4620,4800,75.5,1.095,1.110,1.815,1.800,1.005,5.110,2.375,No,No,No,75.2,1.095,1.110,1.815,1.800,1.005,5.110,2.000,No,No,No,43,43,94.0,100.0,No,No,32094,47869,39,70,100.0,100.0,No,No,1763,3070,0.5,0.5,1.0,0.297,0.033,6589,2280,2.7,0.0,2.7,24.539,0.000,11489,54,79.2,76.0,87.8,83.0,0.875,20.500,20.490,20.510,72.392,39.307,52.306,15.756,68.339,3.000,18.726,80.460,36.563,100.000,140.000,2250.0,2150.2,1890.0,2223.3,1905.0,73.0,28.0,0.0,15.0,67.8,17.0,68.2,0.0,0.0,0.0,Yes,No,No,No,No,Yes,No,0,0,0,0,0,0,0,0,0,0,0,0,0,0,0,0,0,0,0,0,0,0,0,0,0,0,0,0,0,0,2637,5551,5319,310,16.0,70,0.297,44.861,600.0,2394.0,0.2,0.0,0.0,0.0,0.0,0.0,0.0,0.0,0.2,38,16154,38,No,No,No,No,No,No,No,No,16.811,68.277,100.0,0.000,24.1,120,0,0,8.2,119.8,161.5,83.3,82.7,82.8,82.7,120.1,187.6,78.5,75.3,76.1,75.1,8.34,12.20,6.10,5.64,12.52,12.79,6.55,1.79,7.92,0.43,1.53,30,6,2.7,8.9,0,0,0.0,0.0,0,
7.6.2026,23:32:0.716,26069,22699,53.4,20365,12019,62.8,7.5,16384,1235,1.094,1.095,1.059,1.102,1.109,1.109,1.109,1.109,1.104,1.104,1.104,1.078,1.078,1.078,1.078,0.956,0.778,3591.2,3990.2,3990.2,3990.2,3990.2,3990.2,3990.2,3291.9,3291.9,3291.9,3291.9,3291.9,3291.9,3291.9,3291.9,99.8,3391.7,1629.0,2170.0,1800.1,2376.9,1372.5,2119.9,2300.2,2122.5,2213.3,1522.9,1734.1,1565.6,1741.7,1185.6,1167.4,1181.2,1204.2,1243.8,1152.5,1152.7,1253.1,1736.1,44.1,54.9,45.7,60.1,34.6,53.6,57.8,53.4,55.7,38.6,44.0,39.7,44.3,37.3,36.6,37.0,37.7,38.9,35.9,35.8,40.0,60.1,44.1,100.0,71.2,84.8,70.7,92.4,53.5,82.8,89.9,82.6,86.6,59.4,67.7,60.8,67.8,65.9,64.5,65.2,66.4,68.4,63.5,63.3,68.8,71.2,36.0,40.0,40.0,40.0,40.0,40.0,40.0,33.0,33.0,33.0,33.0,33.0,33.0,33.0,33.0,34.0,72,75,75,76,72,72,71,71,71,71,71,71,71,71,71,28,25,25,24,28,28,29,29,29,29,29,29,29,29,29,83,76,No,No,No,No,No,No,No,No,No,No,No,No,No,No,No,No,No,No,No,No,No,No,No,No,No,No,No,No,No,No,Yes,Yes,Yes,Yes,Yes,Yes,Yes,Yes,Yes,Yes,Yes,Yes,Yes,Yes,Yes,No,No,Yes,82,78,70,1.100,20.250,44.893,37.078,0.005,6.005,0.896,175.0,90.0,175.0,120.0,0,0.0,44.1,54.9,45.4,60.1,34.7,53.4,57.9,53.4,55.7,38.7,44.0,39.7,44.3,37.0,36.6,37.1,37.8,39.0,36.0,35.9,40.1,43.1,22.2,21.1,10.0,10.3,32.6,32.1,60.2,60.6,60.2,59.4,58.3,60.4,61.3,54.1,0.4,0.0,0.0,0.0,0.0,0.1,0.0,0.1,0.2,0.2,0.3,0.2,1.1,0.5,3.1,0.0,0.0,0.0,0.0,0.0,0.0,0.1,2394.1,24.00,36,35,35,68,103,383,2,2,Yes,No,No,No,No,No,No,No,Yes,No,No,No,No,Yes,No,No,No,No,No,No,No,Yes,No,No,No,No,No,No,No,No,No,No,No,No,No,No,No,No,88.0,4800,4620,4800,75.8,1.095,1.110,1.815,1.800,1.005,5.110,2.625,No,No,No,75.2,1.095,1.110,1.815,1.800,1.005,5.110,1.875,No,No,No,43,43,94.0,100.0,No,No,32094,47869,39,70,100.0,100.0,No,No,1763,3070,0.3,1.7,2.0,0.136,0.059,6589,2280,0.2,0.0,0.2,1.431,0.000,11492,54,78.4,76.0,86.6,83.0,0.875,20.505,20.495,20.515,70.477,33.681,51.278,15.781,67.350,3.000,18.754,43.041,36.566,100.000,140.000,2250.0,2150.2,1890.0,2224.3,1905.0,71.0,27.0,0.0,12.0,67.7,16.5,65.9,0.0,0.0,0.0,Yes,No,No,No,No,Yes,No,0,0,0,0,0,0,0,0,0,0,0,0,0,0,0,0,0,0,0,0,0,0,0,0,0,0,0,0,0,0,2647,5541,5310,310,16.0,70,0.297,45.342,600.0,2394.0,0.1,0.0,0.0,0.0,0.0,0.0,0.0,0.0,0.2,38,16154,38,No,No,No,No,No,No,No,No,16.810,68.277,100.0,0.000,24.1,120,0,0,8.0,119.9,168.8,100.2,84.3,90.5,82.6,119.9,198.8,91.2,85.5,87.8,84.9,8.34,9.98,5.89,5.40,11.07,12.14,6.12,2.22,7.94,0.40,1.24,30,6,2.2,4.5,0,0,0.0,0.0,0,
7.6.2026,23:32:2.711,26110,22657,53.5,20392,11992,62.9,7.5,16384,1235,1.087,1.078,1.085,1.085,1.085,1.105,1.105,1.086,1.086,1.086,1.086,1.086,1.086,1.086,1.081,0.956,0.778,3591.2,3990.2,3990.2,3990.2,3990.2,3990.2,3990.2,3291.9,3291.9,3291.9,3291.9,3291.9,3291.9,3291.9,3291.9,99.8,3391.7,1716.6,2118.8,1929.2,2471.4,1335.7,1799.0,2641.6,1795.4,2663.8,1419.5,2029.9,1378.6,2106.1,1351.6,1328.2,1326.1,1358.6,1375.0,1265.3,1250.7,1386.5,1815.8,47.7,54.0,49.3,62.9,33.9,45.8,67.0,45.6,67.5,36.2,51.8,35.1,53.8,45.4,43.9,43.5,44.7,45.9,41.1,40.7,46.4,67.5,47.7,100.0,75.5,82.9,75.6,96.1,52.2,70.7,103.0,70.0,103.7,55.3,79.2,53.7,82.1,74.7,73.3,73.1,74.8,75.6,69.5,68.7,76.0,75.5,36.0,40.0,40.0,40.0,40.0,40.0,40.0,33.0,33.0,33.0,33.0,33.0,33.0,33.0,33.0,34.0,72,74,73,75,72,74,73,71,71,71,71,71,71,71,71,28,26,27,25,28,26,27,29,29,29,29,29,29,29,29,83,75,No,No,No,No,No,No,No,No,No,No,No,No,No,No,No,No,No,No,No,No,No,No,No,No,No,No,No,No,No,No,Yes,Yes,Yes,Yes,Yes,Yes,Yes,Yes,Yes,Yes,Yes,Yes,Yes,Yes,Yes,No,No,Yes,82,77,70,1.100,30.375,45.613,37.877,0.005,5.963,0.867,175.0,90.0,175.0,120.0,0,0.0,47.7,54.0,49.0,62.9,34.0,45.6,67.0,45.5,67.6,36.3,51.9,35.2,53.9,45.1,43.8,43.6,44.7,45.9,41.1,40.7,46.4,36.8,21.1,20.3,9.9,9.2,28.9,28.3,50.3,49.1,51.4,51.2,47.0,52.0,51.4,45.7,1.9,0.0,0.0,0.0,0.0,0.1,0.0,1.5,3.8,2.0,1.3,3.8,4.1,4.9,4.8,0.0,0.0,0.0,0.0,0.0,0.0,0.0,2394.1,24.00,36,35,35,68,103,383,2,2,Yes,No,No,No,No,No,No,No,Yes,No,No,No,No,Yes,No,No,No,No,No,No,No,Yes,No,No,No,No,No,No,No,No,No,No,No,No,No,No,No,No,89.0,4800,4680,4800,75.8,1.095,1.110,1.815,1.800,1.005,5.110,3.000,No,No,No,75.2,1.095,1.110,1.800,1.800,1.005,5.110,2.125,No,No,No,43,43,94.0,100.0,No,No,32094,47869,39,70,100.0,100.0,No,No,1763,3070,0.8,1.0,1.9,0.912,0.042,6591,2280,0.6,0.0,0.6,4.556,0.000,11501,54,79.2,76.0,87.7,83.0,0.875,20.506,20.496,20.517,71.167,29.038,52.329,15.680,68.300,3.000,18.644,10.746,34.571,100.000,140.000,2250.0,2150.2,1890.0,2223.9,1905.0,71.0,27.0,0.0,12.0,67.7,16.1,64.3,0.0,0.0,0.0,Yes,No,No,No,No,Yes,No,0,0,0,0,0,0,0,0,0,0,0,0,0,0,0,0,0,0,0,0,0,0,0,0,0,0,0,0,0,0,2646,5542,5310,311,16.0,70,0.297,46.316,600.0,2394.0,0.1,0.0,0.0,0.0,0.0,0.0,0.0,0.0,0.2,38,16154,38,No,No,No,No,No,No,No,No,16.824,68.277,100.0,0.000,24.1,120,0,0,7.0,119.8,166.8,84.9,75.4,78.9,74.4,119.8,180.2,84.0,82.5,83.2,82.4,8.35,11.63,6.02,5.82,12.73,13.71,6.27,2.07,7.92,0.43,1.50,30,6,3.1,5.0,0,0,0.0,0.0,0,
7.6.2026,23:32:4.726,26099,22669,53.5,20391,11993,62.9,7.5,16384,1235,1.067,1.104,1.025,1.068,1.053,1.068,1.063,1.063,1.063,1.063,1.068,1.068,1.070,1.070,1.095,0.956,0.778,3591.2,3990.2,3990.2,3990.2,3990.2,3990.2,3990.2,3291.9,3291.9,3291.9,3291.9,3291.9,3291.9,3291.9,3291.9,99.8,3391.7,1632.9,2111.5,1782.5,2443.4,1228.6,1969.4,2377.1,1931.2,2435.6,1462.6,1706.0,1413.8,1851.3,1335.6,1200.2,1232.7,1226.5,1364.2,1196.6,1123.3,1265.3,1731.8,46.1,53.1,44.9,61.3,30.7,49.4,59.3,48.2,60.7,36.9,42.9,35.6,46.6,49.9,42.9,43.9,43.3,48.0,41.9,38.7,44.6,61.3,46.1,100.0,71.8,82.7,70.0,95.1,48.0,77.2,92.8,75.4,94.9,57.0,66.6,55.1,72.2,73.8,66.2,68.2,67.6,75.0,66.0,61.8,69.5,71.8,36.0,40.0,40.0,40.0,40.0,40.0,40.0,33.0,33.0,33.0,33.0,33.0,33.0,33.0,33.0,34.0,73,74,75,76,72,74,74,73,73,73,73,71,71,71,71,27,26,25,24,28,26,26,27,27,27,27,29,29,29,29,83,76,No,No,No,No,No,No,No,No,No,No,No,No,No,No,No,No,No,No,No,No,No,No,No,No,No,No,No,No,No,No,Yes,Yes,Yes,Yes,Yes,Yes,Yes,Yes,Yes,Yes,Yes,Yes,Yes,Yes,Yes,No,No,Yes,83,75,69,1.100,24.469,47.288,39.526,0.010,5.976,0.877,175.0,90.0,175.0,120.0,0,0.0,46.1,53.0,44.5,61.3,30.7,49.1,59.3,48.2,60.8,36.9,43.0,35.6,46.7,49.7,42.7,43.7,43.3,48.0,41.8,38.7,44.7,33.2,24.2,23.7,11.8,11.2,34.6,33.0,39.2,39.6,39.6,44.4,45.1,42.8,38.5,36.5,6.4,0.0,0.0,0.0,0.0,0.1,0.0,7.2,13.3,12.3,8.4,3.7,11.3,18.3,14.6,0.0,0.0,0.0,0.0,0.0,0.0,0.0,2394.1,24.00,36,35,35,68,103,383,2,2,Yes,No,No,No,No,No,No,No,Yes,No,No,No,No,Yes,No,No,No,No,No,No,No,Yes,No,No,No,No,No,No,No,No,No,No,No,No,No,No,No,No,89.0,4800,4620,4800,75.8,1.095,1.110,1.815,1.815,1.005,5.110,2.250,No,No,No,75.2,1.095,1.110,1.815,1.800,1.005,5.110,2.375,No,No,No,43,43,94.0,100.0,No,No,32094,47869,39,70,100.0,100.0,No,No,1763,3070,0.3,2.0,2.2,0.016,0.167,6591,2280,0.6,0.1,0.7,5.788,0.022,11512,54,78.3,76.0,86.1,83.0,0.875,20.489,20.479,20.499,66.049,27.922,48.765,15.441,64.468,3.000,18.402,10.560,34.818,100.000,140.000,2250.0,2150.2,1890.0,2227.2,1905.0,63.0,25.0,0.0,10.0,67.9,14.9,59.6,0.0,0.0,0.0,Yes,No,No,No,No,Yes,No,0,0,0,0,0,0,0,0,0,0,0,0,0,0,0,0,0,0,0,0,0,0,0,0,0,0,0,0,0,0,2629,5559,5327,311,16.0,69,0.297,44.734,600.0,2394.0,0.2,0.0,0.0,0.0,0.0,0.0,0.0,0.0,0.2,38,16154,38,No,No,No,No,No,No,No,No,16.824,68.277,100.0,0.000,24.1,120,0,0,8.4,119.7,184.7,80.4,77.8,78.2,77.7,119.7,203.3,80.6,75.6,77.1,75.2,8.35,12.46,5.41,5.29,12.77,12.84,5.80,2.56,7.95,0.40,1.33,30,6,2.7,5.8,0,0,0.0,0.0,0,
7.6.2026,23:32:6.721,26093,22675,53.5,20413,11971,63.0,7.5,16384,1235,1.035,1.003,1.047,1.053,1.053,1.053,1.027,1.027,1.017,1.017,1.029,1.029,1.044,1.044,1.044,0.916,0.778,3334.7,3790.7,3890.5,3890.5,3890.5,3890.5,3890.5,3192.2,3192.2,3192.2,3192.2,1097.3,3192.2,3192.2,3192.2,99.8,3192.2,1932.2,2415.6,1995.7,2591.8,1445.3,2692.0,2087.7,2539.1,2074.2,2064.3,1632.3,2133.6,1622.0,1694.1,1634.2,1683.0,1649.0,1690.0,1642.7,1655.5,1702.7,1997.1,56.0,63.1,52.3,67.6,37.6,70.5,54.3,66.4,53.9,54.0,42.6,55.8,42.3,59.2,55.8,57.9,56.1,58.0,56.0,56.3,59.2,70.5,56.0,100.0,85.9,94.2,78.5,100.7,56.4,104.7,81.5,99.3,81.0,80.4,63.6,83.1,63.1,93.1,89.7,92.3,90.7,92.7,90.0,90.5,93.0,85.9,33.4,38.0,39.0,39.0,39.0,39.0,39.0,32.0,32.0,32.0,32.0,11.0,32.0,32.0,32.0,32.0,72,74,74,75,72,72,74,72,72,72,72,71,71,71,71,28,26,26,25,28,28,26,28,28,28,28,29,29,29,29,83,75,No,No,No,No,No,No,No,No,No,No,No,No,No,No,No,No,No,No,No,No,No,No,No,No,No,No,No,No,No,No,Yes,Yes,Yes,Yes,Yes,Yes,Yes,Yes,Yes,Yes,Yes,Yes,Yes,Yes,Yes,No,No,Yes,83,77,69,1.100,39.657,42.354,34.589,0.005,5.979,0.885,175.0,90.0,175.0,120.0,0,0.0,55.9,63.0,52.0,67.6,37.7,70.0,54.3,66.1,54.0,54.0,42.7,55.8,42.4,58.9,55.7,57.9,56.1,57.9,56.0,56.3,58.9,28.8,15.3,16.8,6.1,7.7,24.7,23.7,38.1,39.7,38.0,39.7,39.1,39.0,39.0,36.4,0.7,0.0,0.0,0.0,0.0,0.0,0.2,0.0,1.3,1.0,1.0,0.0,2.1,1.8,1.8,0.0,0.0,0.0,0.0,0.0,0.1,0.0,2394.1,24.00,36,35,35,68,103,383,2,2,Yes,No,No,No,No,No,No,No,Yes,No,No,No,No,Yes,No,No,No,No,No,No,No,Yes,No,No,No,No,No,No,No,No,No,No,No,No,No,No,No,No,88.0,4800,4680,4800,75.8,1.095,1.110,1.815,1.815,1.005,5.110,2.625,No,No,No,75.5,1.095,1.110,1.815,1.815,1.005,5.110,2.750,No,No,No,43,43,94.0,100.0,No,No,32094,47869,39,70,100.0,100.0,No,No,1763,3070,1.2,1.2,2.5,5.483,0.033,6602,2280,0.2,0.0,0.2,1.206,0.000,11514,54,80.3,76.0,90.2,83.0,0.875,20.492,20.482,20.502,71.664,40.753,52.604,15.668,68.539,3.000,18.644,86.560,40.259,100.000,140.000,2250.0,2150.2,1890.0,2223.2,1905.0,73.0,26.0,0.0,14.0,67.7,16.2,64.9,0.0,0.0,0.0,Yes,No,No,No,No,Yes,No,0,0,0,0,0,0,0,0,0,0,0,0,0,0,0,0,0,0,0,0,0,0,0,0,0,0,0,0,0,0,2643,5545,5314,311,16.0,69,0.297,44.948,600.0,2394.0,0.1,0.0,0.0,0.0,0.0,0.0,0.0,0.0,0.2,38,16154,38,No,No,No,No,No,No,No,No,16.812,68.277,100.0,0.000,24.1,119,0,0,8.5,119.3,160.1,82.2,60.5,68.3,58.5,119.3,242.1,80.4,56.5,64.7,54.4,8.38,12.16,6.30,6.22,14.62,17.06,6.69,1.70,7.90,0.48,1.99,30,6,2.5,5.3,0,0,0.0,0.0,0,
7.6.2026,23:32:8.715,26085,22683,53.4,20417,11966,63.0,7.5,16384,1235,1.076,1.091,1.035,1.084,1.099,1.104,1.099,1.092,1.092,1.092,1.059,1.059,1.059,1.059,1.035,0.956,0.778,3591.2,3990.2,3990.2,3990.2,3990.2,3990.2,3990.2,3291.9,3291.9,3291.9,3291.9,3291.9,3291.9,3291.9,3291.9,99.8,3391.7,1852.6,2198.4,2095.6,2517.4,1425.6,2541.4,2073.9,2392.1,2187.2,1893.9,1650.9,2074.2,1560.6,1625.1,1542.9,1543.5,1514.4,1626.3,1556.2,1509.5,1523.2,1927.3,52.9,57.0,54.4,65.3,36.5,66.0,53.3,61.9,56.2,49.1,42.7,53.7,40.3,57.2,52.7,51.9,51.0,55.5,51.8,50.5,51.4,66.0,52.9,100.0,82.2,85.8,82.4,97.8,55.6,99.1,80.8,93.3,85.2,73.9,64.3,80.8,60.8,89.4,85.0,85.1,83.2,89.3,85.5,82.9,83.7,82.2,36.0,40.0,40.0,40.0,40.0,40.0,40.0,33.0,33.0,33.0,33.0,33.0,33.0,33.0,33.0,34.0,73,74,74,75,72,72,73,73,73,73,73,72,72,72,72,27,26,26,25,28,28,27,27,27,27,27,28,28,28,28,82,75,No,No,No,No,No,No,No,No,No,No,No,No,No,No,No,No,No,No,No,No,No,No,No,No,No,No,No,No,No,No,Yes,Yes,Yes,Yes,Yes,Yes,Yes,Yes,Yes,Yes,Yes,Yes,Yes,Yes,Yes,No,No,Yes,82,75,69,1.100,35.438,45.569,37.602,0.010,6.099,0.952,175.0,90.0,175.0,120.0,0,0.0,53.2,57.2,54.4,65.5,37.0,65.9,53.8,62.1,56.7,49.5,43.1,54.1,40.7,57.2,52.9,52.3,51.2,55.8,52.1,50.8,51.7,31.9,16.5,18.5,7.9,8.2,27.7,25.8,38.8,44.2,43.9,42.2,41.4,45.0,45.3,41.7,0.7,0.0,0.0,0.0,0.0,0.0,0.0,1.0,0.0,0.7,3.4,0.0,0.1,1.0,3.5,0.0,0.0,0.0,0.0,0.0,0.0,0.0,2394.1,24.00,36,35,35,68,103,383,2,2,Yes,No,No,No,No,No,No,No,Yes,No,No,No,No,Yes,No,No,No,No,No,No,No,Yes,No,No,No,No,No,No,No,No,No,No,No,No,No,No,No,No,88.0,4800,4680,4860,76.0,1.095,1.110,1.815,1.815,1.005,5.110,2.375,No,No,No,75.5,1.095,1.110,1.815,1.815,1.005,5.110,1.750,No,No,No,43,43,94.0,100.0,No,No,32094,47869,38,70,100.0,100.0,No,No,1763,3070,0.0,1.2,1.2,0.000,0.032,6602,2281,0.2,0.1,0.3,1.696,0.028,11517,54,78.1,78.0,85.9,83.0,0.875,20.505,20.496,20.515,70.725,28.374,49.954,15.556,65.792,3.000,18.530,10.831,34.958,100.000,140.000,2250.0,2150.2,1890.0,2224.2,1905.0,69.0,26.0,0.0,11.0,67.8,17.1,68.5,0.0,0.0,0.0,Yes,No,No,No,No,Yes,No,0,0,0,0,0,0,0,0,0,0,0,0,0,0,0,0,0,0,0,0,0,0,0,0,0,0,0,0,0,0,2639,5549,5317,320,16.0,69,0.297,44.223,600.0,2394.0,0.2,0.0,0.0,0.0,0.0,0.0,0.0,0.0,0.2,38,16154,38,No,No,No,No,No,No,No,No,16.810,68.277,100.0,0.000,24.1,120,0,0,8.4,119.8,160.6,94.5,93.5,93.9,93.4,119.8,206.0,88.7,80.9,84.1,80.0,8.35,10.66,6.19,5.69,10.80,10.91,6.19,2.15,7.92,0.43,1.39,30,6,4.9,5.7,0,0,0.0,0.0,0,
7.6.2026,23:32:10.727,26082,22685,53.4,20408,11976,63.0,7.5,16384,1235,1.054,1.056,1.067,1.052,1.032,1.047,1.022,1.081,1.081,1.055,1.055,1.055,1.050,1.050,1.045,0.936,0.778,3548.5,3890.5,3890.5,3890.5,3890.5,3890.5,3890.5,3291.9,3291.9,3291.9,3291.9,3291.9,3291.9,3291.9,3291.9,99.8,3291.9,1719.6,2059.7,2078.2,2461.4,1357.9,2195.0,2297.9,2032.2,2390.4,1625.3,1645.1,1610.0,1748.7,1376.2,1363.4,1427.0,1302.0,1416.3,1358.3,1343.4,1303.7,1810.7,48.7,52.5,53.1,62.6,34.6,56.0,58.2,51.6,60.7,41.7,42.1,41.2,44.7,49.2,47.0,48.9,44.0,49.0,45.9,45.9,44.9,62.6,48.7,100.0,75.8,80.6,81.5,95.6,53.0,85.9,89.4,79.3,93.1,63.3,64.1,62.7,68.0,76.0,75.1,78.5,71.6,77.9,74.9,73.7,71.7,75.8,35.6,39.0,39.0,39.0,39.0,39.0,39.0,33.0,33.0,33.0,33.0,33.0,33.0,33.0,33.0,33.0,72,73,74,75,72,71,73,72,72,72,72,71,71,71,71,28,27,26,25,28,29,27,28,28,28,28,29,29,29,29,83,75,No,No,No,No,No,No,No,No,No,No,No,No,No,No,No,No,No,No,No,No,No,No,No,No,No,No,No,No,No,No,Yes,Yes,Yes,Yes,Yes,Yes,Yes,Yes,Yes,Yes,Yes,Yes,Yes,Yes,Yes,No,No,Yes,83,75,69,1.100,35.438,45.140,37.402,0.010,6.074,0.943,175.0,90.0,175.0,120.0,0,0.0,48.6,52.5,52.8,62.6,34.6,55.7,58.3,51.5,60.7,41.7,42.1,41.2,44.8,49.0,46.9,48.7,43.9,49.0,45.9,45.8,44.9,32.2,19.0,20.7,9.3,10.3,32.8,30.6,35.9,43.2,48.5,42.9,43.1,41.4,38.8,33.9,4.9,0.0,0.0,0.0,0.0,0.0,0.0,11.0,6.3,0.0,9.4,4.5,8.8,11.5,16.8,0.0,0.0,0.0,0.0,0.0,0.0,0.1,2394.1,24.00,36,35,35,68,103,383,2,2,Yes,No,No,No,No,No,No,No,Yes,No,No,No,No,Yes,No,No,No,No,No,No,No,Yes,No,No,No,No,No,No,No,No,No,No,No,No,No,No,No,No,88.0,4740,4680,4800,76.0,1.095,1.110,1.815,1.815,1.005,5.110,2.875,No,No,No,75.8,1.110,1.110,1.815,1.815,1.005,5.110,2.250,No,No,No,43,43,94.0,100.0,No,No,32094,47869,39,70,100.0,100.0,No,No,1763,3070,3.8,1.7,5.5,18.619,0.157,6637,2281,0.3,0.0,0.3,1.433,0.000,11520,54,78.1,76.0,86.2,83.0,0.875,20.504,20.495,20.514,68.152,39.327,48.852,15.105,64.228,3.000,18.063,87.052,38.987,100.000,140.000,2250.0,2150.2,1890.0,2226.3,1905.0,65.0,25.0,0.0,10.0,67.8,15.6,62.2,0.0,0.0,0.0,Yes,No,No,No,No,Yes,No,0,0,0,0,0,0,0,0,0,0,0,0,0,0,0,0,0,0,0,0,0,0,0,0,0,0,0,0,0,0,2636,5552,5320,320,16.0,70,0.297,44.505,650.0,2394.0,0.2,0.0,0.0,0.0,0.0,0.0,0.0,0.0,0.2,38,16154,38,No,No,No,No,No,No,No,No,16.810,68.277,100.0,0.000,24.1,120,0,0,7.5,119.7,153.0,99.7,93.8,96.2,93.0,120.0,168.3,95.6,90.1,92.3,89.5,8.35,10.03,6.46,6.29,10.44,10.85,6.05,2.31,7.93,0.42,1.17,30,6,2.6,7.7,0,0,0.0,0.0,0,
7.6.2026,23:32:12.724,26060,22708,53.4,20386,11998,62.9,7.5,16384,1235,1.076,1.091,1.109,1.103,1.103,1.103,1.076,1.061,1.061,1.056,1.056,1.061,1.061,1.061,1.061,0.976,0.778,3691.0,4090.0,4090.0,4090.0,4090.0,4090.0,4090.0,3391.7,3391.7,3391.7,3391.7,3391.7,3391.7,3391.7,3391.7,99.8,3491.5,1628.5,2059.6,1809.0,2473.6,1185.7,2491.9,1921.1,2151.0,2106.2,1613.3,1495.4,1486.4,1677.9,1282.3,1268.8,1281.2,1224.5,1299.4,1263.1,1241.4,1238.8,1720.5,45.5,52.1,45.9,62.5,29.9,62.9,48.3,54.1,52.9,41.0,37.9,37.7,42.6,44.5,43.5,43.6,41.2,44.0,42.9,41.3,42.0,62.9,45.5,100.0,71.6,80.5,71.1,96.1,46.3,96.9,74.9,83.9,82.3,62.7,58.3,57.8,65.3,71.0,69.9,70.8,67.3,71.5,69.5,68.3,68.4,71.6,37.0,41.0,41.0,41.0,41.0,41.0,41.0,34.0,34.0,34.0,34.0,34.0,34.0,34.0,34.0,35.0,72,75,74,76,74,72,73,71,71,72,72,71,71,71,71,28,25,26,24,26,28,27,29,29,28,28,29,29,29,29,82,76,No,No,No,No,No,No,No,No,No,No,No,No,No,No,No,No,No,No,No,No,No,No,No,No,No,No,No,No,No,No,Yes,Yes,Yes,Yes,Yes,Yes,Yes,Yes,Yes,Yes,Yes,Yes,Yes,Yes,Yes,No,No,Yes,82,75,70,1.100,48.938,43.129,35.101,0.005,6.023,0.905,175.0,90.0,175.0,120.0,0,0.0,45.5,52.0,45.6,62.4,29.9,62.5,48.3,54.0,53.0,41.0,38.0,37.7,42.6,44.3,43.3,43.6,41.1,43.9,42.8,41.2,41.9,38.1,23.8,22.7,9.9,11.3,35.1,33.3,49.6,51.1,51.6,53.3,50.9,50.7,50.0,40.3,2.5,0.0,0.0,0.0,0.0,0.0,0.0,2.8,2.5,1.6,2.7,2.1,3.5,5.6,13.8,0.1,0.0,0.0,0.0,0.0,0.1,0.3,2394.1,24.00,36,35,35,68,103,383,2,2,Yes,No,No,No,No,No,No,No,Yes,No,No,No,No,Yes,No,No,No,No,No,No,No,Yes,No,No,No,No,No,No,No,No,No,No,No,No,No,No,No,No,90.0,4800,4740,4800,76.2,1.095,1.110,1.815,1.815,1.005,5.110,2.750,No,No,No,75.8,1.095,1.110,1.815,1.815,1.005,5.110,2.000,No,No,No,43,43,94.0,100.0,No,No,32094,47869,39,70,100.0,100.0,No,No,1763,3070,2.3,3.7,6.0,3.726,1.195,6645,2283,0.6,0.0,0.6,5.805,0.000,11531,54,79.8,76.0,89.4,83.0,0.875,20.495,20.484,20.506,69.238,28.733,51.570,15.404,67.279,3.000,18.377,11.104,34.397,100.000,140.000,2250.0,2150.2,1890.0,2225.3,1905.0,62.0,23.0,0.0,10.0,67.9,15.7,63.0,0.0,0.0,0.0,Yes,No,No,No,No,Yes,No,0,0,0,0,0,0,0,0,0,0,0,0,0,0,0,0,0,0,0,0,0,0,0,0,0,0,0,0,0,0,2631,5557,5325,320,16.0,70,0.297,44.212,600.0,2394.0,0.1,0.0,0.0,0.0,0.0,0.0,0.0,0.0,0.2,38,16154,38,No,No,No,No,No,No,No,No,16.824,68.277,100.0,0.000,24.1,118,0,0,9.0,118.2,158.5,94.0,52.9,65.2,50.1,118.1,172.8,88.2,57.0,67.3,54.6,8.46,10.87,6.23,6.06,15.49,19.99,6.14,2.33,8.06,0.40,1.23,30,6,17.2,4.9,0,0,0.0,0.0,0,
Date,Time,"Virtual Memory Committed [MB]","Virtual Memory Available [MB]","Virtual Memory Load [%]","Physical Memory Used [MB]","Physical Memory Available [MB]","Physical Memory Load [%]","Page File Usage [%]","Page File Total [MB]","Page File Used [MB]","Core VIDs (avg) [V]","P-core 0 VID [V]","P-core 1 VID [V]","P-core 2 VID [V]","P-core 3 VID [V]","P-core 4 VID [V]","P-core 5 VID [V]","E-core 6 VID [V]","E-core 7 VID [V]","E-core 8 VID [V]","E-core 9 VID [V]","E-core 10 VID [V]","E-core 11 VID [V]","E-core 12 VID [V]","E-core 13 VID [V]","Uncore VID [V]","SA VID [V]","Core Clocks (avg) [MHz]","P-core 0 Clock [MHz]","P-core 1 Clock [MHz]","P-core 2 Clock [MHz]","P-core 3 Clock [MHz]","P-core 4 Clock [MHz]","P-core 5 Clock [MHz]","E-core 6 Clock [MHz]","E-core 7 Clock [MHz]","E-core 8 Clock [MHz]","E-core 9 Clock [MHz]","E-core 10 Clock [MHz]","E-core 11 Clock [MHz]","E-core 12 Clock [MHz]","E-core 13 Clock [MHz]","Bus Clock [MHz]","Ring/LLC Clock [MHz]","Core Effective Clocks (avg) [MHz]","P-core 0 T0 Effective Clock [MHz]","P-core 0 T1 Effective Clock [MHz]","P-core 1 T0 Effective Clock [MHz]","P-core 1 T1 Effective Clock [MHz]","P-core 2 T0 Effective Clock [MHz]","P-core 2 T1 Effective Clock [MHz]","P-core 3 T0 Effective Clock [MHz]","P-core 3 T1 Effective Clock [MHz]","P-core 4 T0 Effective Clock [MHz]","P-core 4 T1 Effective Clock [MHz]","P-core 5 T0 Effective Clock [MHz]","P-core 5 T1 Effective Clock [MHz]","E-core 6 T0 Effective Clock [MHz]","E-core 7 T0 Effective Clock [MHz]","E-core 8 T0 Effective Clock [MHz]","E-core 9 T0 Effective Clock [MHz]","E-core 10 T0 Effective Clock [MHz]","E-core 11 T0 Effective Clock [MHz]","E-core 12 T0 Effective Clock [MHz]","E-core 13 T0 Effective Clock [MHz]","Average Effective Clock [MHz]","Core Usage (avg) [%]","P-core 0 T0 Usage [%]","P-core 0 T1 Usage [%]","P-core 1 T0 Usage [%]","P-core 1 T1 Usage [%]","P-core 2 T0 Usage [%]","P-core 2 T1 Usage [%]","P-core 3 T0 Usage [%]","P-core 3 T1 Usage [%]","P-core 4 T0 Usage [%]","P-core 4 T1 Usage [%]","P-core 5 T0 Usage [%]","P-core 5 T1 Usage [%]","E-core 6 T0 Usage [%]","E-core 7 T0 Usage [%]","E-core 8 T0 Usage [%]","E-core 9 T0 Usage [%]","E-core 10 T0 Usage [%]","E-core 11 T0 Usage [%]","E-core 12 T0 Usage [%]","E-core 13 T0 Usage [%]","Max CPU/Thread Usage [%]","Total CPU Usage [%]","On-Demand Clock Modulation [%]","Core Utility (avg) [%]","P-core 0 T0 Utility [%]","P-core 0 T1 Utility [%]","P-core 1 T0 Utility [%]","P-core 1 T1 Utility [%]","P-core 2 T0 Utility [%]","P-core 2 T1 Utility [%]","P-core 3 T0 Utility [%]","P-core 3 T1 Utility [%]","P-core 4 T0 Utility [%]","P-core 4 T1 Utility [%]","P-core 5 T0 Utility [%]","P-core 5 T1 Utility [%]","E-core 6 T0 Utility [%]","E-core 7 T0 Utility [%]","E-core 8 T0 Utility [%]","E-core 9 T0 Utility [%]","E-core 10 T0 Utility [%]","E-core 11 T0 Utility [%]","E-core 12 T0 Utility [%]","E-core 13 T0 Utility [%]","Total CPU Utility [%]","Core Ratios (avg) [x]","P-core 0 Ratio [x]","P-core 1 Ratio [x]","P-core 2 Ratio [x]","P-core 3 Ratio [x]","P-core 4 Ratio [x]","P-core 5 Ratio [x]","E-core 6 Ratio [x]","E-core 7 Ratio [x]","E-core 8 Ratio [x]","E-core 9 Ratio [x]","E-core 10 Ratio [x]","E-core 11 Ratio [x]","E-core 12 Ratio [x]","E-core 13 Ratio [x]","Uncore Ratio [x]","Core Temperatures (avg) [°C]","P-core 0 [°C]","P-core 1 [°C]","P-core 2 [°C]","P-core 3 [°C]","P-core 4 [°C]","P-core 5 [°C]","E-core 6 [°C]","E-core 7 [°C]","E-core 8 [°C]","E-core 9 [°C]","E-core 10 [°C]","E-core 11 [°C]","E-core 12 [°C]","E-core 13 [°C]","Core Distance to TjMAX (avg) [°C]","P-core 0 Distance to TjMAX [°C]","P-core 1 Distance to TjMAX [°C]","P-core 2 Distance to TjMAX [°C]","P-core 3 Distance to TjMAX [°C]","P-core 4 Distance to TjMAX [°C]","P-core 5 Distance to TjMAX [°C]","E-core 6 Distance to TjMAX [°C]","E-core 7 Distance to TjMAX [°C]","E-core 8 Distance to TjMAX [°C]","E-core 9 Distance to TjMAX [°C]","E-core 10 Distance to TjMAX [°C]","E-core 11 Distance to TjMAX [°C]","E-core 12 Distance to TjMAX [°C]","E-core 13 Distance to TjMAX [°C]","CPU Package [°C]","Core Max [°C]","Core Thermal Throttling (avg) [Yes/No]","P-core 0 Thermal Throttling [Yes/No]","P-core 1 Thermal Throttling [Yes/No]","P-core 2 Thermal Throttling [Yes/No]","P-core 3 Thermal Throttling [Yes/No]","P-core 4 Thermal Throttling [Yes/No]","P-core 5 Thermal Throttling [Yes/No]","E-core 6 Thermal Throttling [Yes/No]","E-core 7 Thermal Throttling [Yes/No]","E-core 8 Thermal Throttling [Yes/No]","E-core 9 Thermal Throttling [Yes/No]","E-core 10 Thermal Throttling [Yes/No]","E-core 11 Thermal Throttling [Yes/No]","E-core 12 Thermal Throttling [Yes/No]","E-core 13 Thermal Throttling [Yes/No]","Core Critical Temperature (avg) [Yes/No]","P-core 0 Critical Temperature [Yes/No]","P-core 1 Critical Temperature [Yes/No]","P-core 2 Critical Temperature [Yes/No]","P-core 3 Critical Temperature [Yes/No]","P-core 4 Critical Temperature [Yes/No]","P-core 5 Critical Temperature [Yes/No]","E-core 6 Critical Temperature [Yes/No]","E-core 7 Critical Temperature [Yes/No]","E-core 8 Critical Temperature [Yes/No]","E-core 9 Critical Temperature [Yes/No]","E-core 10 Critical Temperature [Yes/No]","E-core 11 Critical Temperature [Yes/No]","E-core 12 Critical Temperature [Yes/No]","E-core 13 Critical Temperature [Yes/No]","Core Power Limit Exceeded (avg) [Yes/No]","P-core 0 Power Limit Exceeded [Yes/No]","P-core 1 Power Limit Exceeded [Yes/No]","P-core 2 Power Limit Exceeded [Yes/No]","P-core 3 Power Limit Exceeded [Yes/No]","P-core 4 Power Limit Exceeded [Yes/No]","P-core 5 Power Limit Exceeded [Yes/No]","E-core 6 Power Limit Exceeded [Yes/No]","E-core 7 Power Limit Exceeded [Yes/No]","E-core 8 Power Limit Exceeded [Yes/No]","E-core 9 Power Limit Exceeded [Yes/No]","E-core 10 Power Limit Exceeded [Yes/No]","E-core 11 Power Limit Exceeded [Yes/No]","E-core 12 Power Limit Exceeded [Yes/No]","E-core 13 Power Limit Exceeded [Yes/No]","Package/Ring Thermal Throttling [Yes/No]","Package/Ring Critical Temperature [Yes/No]","Package/Ring Power Limit Exceeded [Yes/No]","CPU Package [°C]","CPU IA Cores [°C]","CPU GT Cores (Graphics) [°C]","VDDQ TX Voltage [V]","VR VCC Current (SVID IOUT) [A]","CPU Package Power [W]","IA Cores Power [W]","GT Cores Power [W]","System Agent Power [W]","Rest-of-Chip Power [W]","PL1 Power Limit (Static) [W]","PL1 Power Limit (Dynamic) [W]","PL2 Power Limit (Static) [W]","PL2 Power Limit (Dynamic) [W]","Current cTDP Level []","Package C2 Residency [%]","Core C0 Residency (avg) [%]","P-core 0 T0 C0 Residency [%]","P-core 0 T1 C0 Residency [%]","P-core 1 T0 C0 Residency [%]","P-core 1 T1 C0 Residency [%]","P-core 2 T0 C0 Residency [%]","P-core 2 T1 C0 Residency [%]","P-core 3 T0 C0 Residency [%]","P-core 3 T1 C0 Residency [%]","P-core 4 T0 C0 Residency [%]","P-core 4 T1 C0 Residency [%]","P-core 5 T0 C0 Residency [%]","P-core 5 T1 C0 Residency [%]","E-core 6 T0 C0 Residency [%]","E-core 7 T0 C0 Residency [%]","E-core 8 T0 C0 Residency [%]","E-core 9 T0 C0 Residency [%]","E-core 10 T0 C0 Residency [%]","E-core 11 T0 C0 Residency [%]","E-core 12 T0 C0 Residency [%]","E-core 13 T0 C0 Residency [%]","Core C1 Residency (avg) [%]","P-core 0 C1 Residency [%]","P-core 1 C1 Residency [%]","P-core 2 C1 Residency [%]","P-core 3 C1 Residency [%]","P-core 4 C1 Residency [%]","P-core 5 C1 Residency [%]","E-core 6 C1 Residency [%]","E-core 7 C1 Residency [%]","E-core 8 C1 Residency [%]","E-core 9 C1 Residency [%]","E-core 10 C1 Residency [%]","E-core 11 C1 Residency [%]","E-core 12 C1 Residency [%]","E-core 13 C1 Residency [%]","Core C6 Residency (avg) [%]","P-core 0 C6 Residency [%]","P-core 1 C6 Residency [%]","P-core 2 C6 Residency [%]","P-core 3 C6 Residency [%]","P-core 4 C6 Residency [%]","P-core 5 C6 Residency [%]","E-core 6 C6 Residency [%]","E-core 7 C6 Residency [%]","E-core 8 C6 Residency [%]","E-core 9 C6 Residency [%]","E-core 10 C6 Residency [%]","E-core 11 C6 Residency [%]","E-core 12 C6 Residency [%]","E-core 13 C6 Residency [%]","Core C7 Residency (avg) [%]","P-core 0 C7 Residency [%]","P-core 1 C7 Residency [%]","P-core 2 C7 Residency [%]","P-core 3 C7 Residency [%]","P-core 4 C7 Residency [%]","P-core 5 C7 Residency [%]","Memory Clock [MHz]","Memory Clock Ratio [x]","Tcas [T]","Trcd [T]","Trp [T]","Tras [T]","Trc [T]","Trfc [T]","Command Rate [T]","Gear Mode []","IA Limit Reasons (avg) [Yes/No]","IA: PROCHOT [Yes/No]","IA: Thermal Event [Yes/No]","IA: Residency State Regulation [Yes/No]","IA: Running Average Thermal Limit [Yes/No]","IA: VR Thermal Alert [Yes/No]","IA: VR TDC [Yes/No]","IA: Electrical Design Point/Other (ICCmax PL4 SVID DDR RAPL) [Yes/No]","IA: Package-Level RAPL/PBM PL1 [Yes/No]","IA: Package-Level RAPL/PBM PL2 PL3 [Yes/No]","IA: Max Turbo Limit [Yes/No]","IA: Turbo Attenuation (MCT) [Yes/No]","IA: Thermal Velocity Boost [Yes/No]","GT Limit Reasons (avg) [Yes/No]","GT: PROCHOT [Yes/No]","GT: Thermal Event [Yes/No]","GT: DDR RAPL [Yes/No]","GT: Residency State Regulation [Yes/No]","GT: Running Average Thermal Limit [Yes/No]","GT: VR Thermal Alert [Yes/No]","GT: VR TDC [Yes/No]","GT: Max VR Voltage  ICCmax  PL4 [Yes/No]","GT: Domain-Level PBM PLGT [Yes/No]","GT: Package-Level RAPL/PBM PL1 [Yes/No]","GT: Package-Level RAPL/PBM PL2 PL3 [Yes/No]","GT: Inefficient Operation [Yes/No]","GT: Fuses limit [Yes/No]","Ring Limit Reasons (avg) [Yes/No]","RING: PROCHOT [Yes/No]","RING: Thermal Event [Yes/No]","RING: DDR RAPL [Yes/No]","RING: Residency State Regulation [Yes/No]","RING: Running Average Thermal Limit [Yes/No]","RING: VR Thermal Alert [Yes/No]","RING: VR TDC [Yes/No]","RING: Max VR Voltage  ICCmax  PL4 [Yes/No]","RING: Package-Level RAPL/PBM PL1 [Yes/No]","RING: Package-Level RAPL/PBM PL2 PL3 [Yes/No]","PCH Temperature [°C]","CPU [RPM]","GPU [RPM]","GPU [RPM]","SPD Hub Temperature [°C]","VDD (SWA) Voltage [V]","VDDQ (SWB) Voltage [V]","VPP (SWC) Voltage [V]","1.8V VOUT Voltage [V]","1.0V VOUT Voltage [V]","VIN Voltage [V]","Total Power [W]","PMIC High Temperature [Yes/No]","PMIC Over Voltage [Yes/No]","PMIC Under Voltage [Yes/No]","SPD Hub Temperature [°C]","VDD (SWA) Voltage [V]","VDDQ (SWB) Voltage [V]","VPP (SWC) Voltage [V]","1.8V VOUT Voltage [V]","1.0V VOUT Voltage [V]","VIN Voltage [V]","Total Power [W]","PMIC High Temperature [Yes/No]","PMIC Over Voltage [Yes/No]","PMIC Under Voltage [Yes/No]","Drive Temperature [°C]","Drive Temperature 2 [°C]","Drive Remaining Life [%]","Drive Available Spare [%]","Drive Failure [Yes/No]","Drive Warning [Yes/No]","Total Host Writes [GB]","Total Host Reads [GB]","Drive Temperature [°C]","Drive Temperature 3 [°C]","Drive Remaining Life [%]","Drive Available Spare [%]","Drive Failure [Yes/No]","Drive Warning [Yes/No]","Total Host Writes [GB]","Total Host Reads [GB]","Read Activity [%]","Write Activity [%]","Total Activity [%]","Read Rate [MB/s]","Write Rate [MB/s]","Read Total [MB]","Write Total [MB]","Read Activity [%]","Write Activity [%]","Total Activity [%]","Read Rate [MB/s]","Write Rate [MB/s]","Read Total [MB]","Write Total [MB]","GPU Temperature [°C]","GPU Memory Junction Temperature [°C]","GPU Hot Spot Temperature [°C]","GPU Thermal Limit [°C]","GPU Core Voltage [V]","GPU Rail Voltages (avg) [V]","GPU FBVDD Input Voltage [V]","GPU 12VHPWR Voltage [V]","GPU Power [W]","GPU Rail Powers (avg) [W]","GPU Core (NVVDD) Input Power (sum) [W]","GPU FBVDD Input Power [W]","GPU 12VHPWR Power [W]","GPU PCIe +3.3V Input Power (est) [W]","GPU Input PP Source Power (sum) [W]","GPU Core (NVVDD) Output Power [W]","GPU Core (NVVDD) Output Power [W]","GPU Power Limit (rated) [W]","GPU Power Limit (max) [W]","GPU Clock [MHz]","GPU Memory Clock [MHz]","GPU Video Clock [MHz]","GPU Effective Clock [MHz]","GPU Crossbar Clock [MHz]","GPU Core Load [%]","GPU Memory Controller Load [%]","GPU Video Engine Load [%]","GPU Bus Load [%]","GPU Memory Usage [%]","GPU D3D Usages (avg) [%]","GPU D3D Usage [%]","GPU Video Decode 0 Usage [%]","GPU Video Encode 0 Usage [%]","GPU VR Usage [%]","GPU Performance Limiters (avg) [Yes/No]","Performance Limit - Power [Yes/No]","Performance Limit - Thermal [Yes/No]","Performance Limit - Reliability Voltage [Yes/No]","Performance Limit - Max Operating Voltage [Yes/No]","Performance Limit - Utilization [Yes/No]","Performance Limit - SLI GPUBoost Sync [Yes/No]","PCI Express Error Counters (avg) []","Receiver Errors []","Replay Count []","Replay Rollover Count []","Bad DLLP Count []","Bad TLP Count []","LCRC Error Count []","NAKs Sent Count []","NAKs Received Count []","Recovery Count []","Correctable Error Count []","Non-Fatal Error Count []","Fatal Error Count []","Unsupported Request Count []","PCIe Lane 0 Errors []","PCIe Lane 1 Errors []","PCIe Lane 2 Errors []","PCIe Lane 3 Errors []","PCIe Lane 4 Errors []","PCIe Lane 5 Errors []","PCIe Lane 6 Errors []","PCIe Lane 7 Errors []","PCIe Lane 8 Errors []","PCIe Lane 9 Errors []","PCIe Lane 10 Errors []","PCIe Lane 11 Errors []","PCIe Lane 12 Errors []","PCIe Lane 13 Errors []","PCIe Lane 14 Errors []","PCIe Lane 15 Errors []","GPU Memory Available [MB]","GPU Memory Allocated [MB]","GPU D3D Memory Dedicated [MB]","GPU D3D Memory Dynamic [MB]","PCIe Link Speed [GT/s]","GPU Core Temperature [°C]","iGPU VID [V]","IGPU Power [W]","GPU Clock [MHz]","GPU Memory Clock [MHz]","GPU Total Usage [%]","GPU Computing Usage [%]","GPU Media Engine Usage [%]","GPU D3D Utilizations (avg) [%]","GPU D3D Usage [%]","GPU Video Decode 0 Usage [%]","GPU Video Processing 0 Usage [%]","GPU Copy Engine Usage [%]","GPU Memory Usage [%]","GPU Memory Allocated [MB]","GPU Memory Available [MB]","GPU D3D Memory Dynamic [MB]","GPU Throttle Reasons (avg) [Yes/No]","Avg. Power (PL1) [Yes/No]","Burst Power (PL2) [Yes/No]","Current (PL4) [Yes/No]","Thermal [Yes/No]","Power Supply [Yes/No]","Software Limit [Yes/No]","Hardware Limit [Yes/No]","Battery Voltage [V]","Remaining Capacity [Wh]","Charge Level [%]","Charge Rate [W]","Wear Level [%]","Framerate [FPS]","Framerate 1% Low [FPS]","Framerate 0.1% Low [FPS]","Frame Time [ms]","Framerate Presented (avg) [FPS]","Framerate Presented (99%) [FPS]","Framerate Presented (1%) [FPS]","Framerate Presented (0.1%) [FPS]","Framerate Presented (1% low) [FPS]","Framerate Presented (0.1% low) [FPS]","Framerate Displayed (avg) [FPS]","Framerate Displayed (99%) [FPS]","Framerate Displayed (1%) [FPS]","Framerate Displayed (0.1%) [FPS]","Framerate Displayed (1% low) [FPS]","Framerate Displayed (0.1% low) [FPS]","Frame Time Presented (avg) [ms]","Frame Time Presented (99%) [ms]","Frame Time Presented (1%) [ms]","Frame Time Presented (0.1%) [ms]","Frame Time Displayed (1% high) [ms]","Frame Time Displayed (0.1% high) [ms]","GPU Busy (avg) [ms]","GPU Wait (avg) [ms]","CPU Busy (avg) [ms]","CPU Wait (avg) [ms]","Animation Error (avg) [ms]","Total DL [MB]","Total UP [MB]","Current DL rate [KB/s]","Current UP rate [KB/s]","Total DL [MB]","Total UP [MB]","Current DL rate [KB/s]","Current UP rate [KB/s]","Total Errors []",
,,System: ASUS ROG Strix G614JI_G614JI,System: ASUS ROG Strix G614JI_G614JI,System: ASUS ROG Strix G614JI_G614JI,System: ASUS ROG Strix G614JI_G614JI,System: ASUS ROG Strix G614JI_G614JI,System: ASUS ROG Strix G614JI_G614JI,System: ASUS ROG Strix G614JI_G614JI,System: ASUS ROG Strix G614JI_G614JI,System: ASUS ROG Strix G614JI_G614JI,CPU [#0]: Intel Core i7-13650HX,CPU [#0]: Intel Core i7-13650HX,CPU [#0]: Intel Core i7-13650HX,CPU [#0]: Intel Core i7-13650HX,CPU [#0]: Intel Core i7-13650HX,CPU [#0]: Intel Core i7-13650HX,CPU [#0]: Intel Core i7-13650HX,CPU [#0]: Intel Core i7-13650HX,CPU [#0]: Intel Core i7-13650HX,CPU [#0]: Intel Core i7-13650HX,CPU [#0]: Intel Core i7-13650HX,CPU [#0]: Intel Core i7-13650HX,CPU [#0]: Intel Core i7-13650HX,CPU [#0]: Intel Core i7-13650HX,CPU [#0]: Intel Core i7-13650HX,CPU [#0]: Intel Core i7-13650HX,CPU [#0]: Intel Core i7-13650HX,CPU [#0]: Intel Core i7-13650HX,CPU [#0]: Intel Core i7-13650HX,CPU [#0]: Intel Core i7-13650HX,CPU [#0]: Intel Core i7-13650HX,CPU [#0]: Intel Core i7-13650HX,CPU [#0]: Intel Core i7-13650HX,CPU [#0]: Intel Core i7-13650HX,CPU [#0]: Intel Core i7-13650HX,CPU [#0]: Intel Core i7-13650HX,CPU [#0]: Intel Core i7-13650HX,CPU [#0]: Intel Core i7-13650HX,CPU [#0]: Intel Core i7-13650HX,CPU [#0]: Intel Core i7-13650HX,CPU [#0]: Intel Core i7-13650HX,CPU [#0]: Intel Core i7-13650HX,CPU [#0]: Intel Core i7-13650HX,CPU [#0]: Intel Core i7-13650HX,CPU [#0]: Intel Core i7-13650HX,CPU [#0]: Intel Core i7-13650HX,CPU [#0]: Intel Core i7-13650HX,CPU [#0]: Intel Core i7-13650HX,CPU [#0]: Intel Core i7-13650HX,CPU [#0]: Intel Core i7-13650HX,CPU [#0]: Intel Core i7-13650HX,CPU [#0]: Intel Core i7-13650HX,CPU [#0]: Intel Core i7-13650HX,CPU [#0]: Intel Core i7-13650HX,CPU [#0]: Intel Core i7-13650HX,CPU [#0]: Intel Core i7-13650HX,CPU [#0]: Intel Core i7-13650HX,CPU [#0]: Intel Core i7-13650HX,CPU [#0]: Intel Core i7-13650HX,CPU [#0]: Intel Core i7-13650HX,CPU [#0]: Intel Core i7-13650HX,CPU [#0]: Intel Core i7-13650HX,CPU [#0]: Intel Core i7-13650HX,CPU [#0]: Intel Core i7-13650HX,CPU [#0]: Intel Core i7-13650HX,CPU [#0]: Intel Core i7-13650HX,CPU [#0]: Intel Core i7-13650HX,CPU [#0]: Intel Core i7-13650HX,CPU [#0]: Intel Core i7-13650HX,CPU [#0]: Intel Core i7-13650HX,CPU [#0]: Intel Core i7-13650HX,CPU [#0]: Intel Core i7-13650HX,CPU [#0]: Intel Core i7-13650HX,CPU [#0]: Intel Core i7-13650HX,CPU [#0]: Intel Core i7-13650HX,CPU [#0]: Intel Core i7-13650HX,CPU [#0]: Intel Core i7-13650HX,CPU [#0]: Intel Core i7-13650HX,CPU [#0]: Intel Core i7-13650HX,CPU [#0]: Intel Core i7-13650HX,CPU [#0]: Intel Core i7-13650HX,CPU [#0]: Intel Core i7-13650HX,CPU [#0]: Intel Core i7-13650HX,CPU [#0]: Intel Core i7-13650HX,CPU [#0]: Intel Core i7-13650HX,CPU [#0]: Intel Core i7-13650HX,CPU [#0]: Intel Core i7-13650HX,CPU [#0]: Intel Core i7-13650HX,CPU [#0]: Intel Core i7-13650HX,CPU [#0]: Intel Core i7-13650HX,CPU [#0]: Intel Core i7-13650HX,CPU [#0]: Intel Core i7-13650HX,CPU [#0]: Intel Core i7-13650HX,CPU [#0]: Intel Core i7-13650HX,CPU [#0]: Intel Core i7-13650HX,CPU [#0]: Intel Core i7-13650HX,CPU [#0]: Intel Core i7-13650HX,CPU [#0]: Intel Core i7-13650HX,CPU [#0]: Intel Core i7-13650HX,CPU [#0]: Intel Core i7-13650HX,CPU [#0]: Intel Core i7-13650HX,CPU [#0]: Intel Core i7-13650HX,CPU [#0]: Intel Core i7-13650HX,CPU [#0]: Intel Core i7-13650HX,CPU [#0]: Intel Core i7-13650HX,CPU [#0]: Intel Core i7-13650HX,CPU [#0]: Intel Core i7-13650HX,CPU [#0]: Intel Core i7-13650HX,CPU [#0]: Intel Core i7-13650HX,CPU [#0]: Intel Core i7-13650HX,CPU [#0]: Intel Core i7-13650HX,CPU [#0]: Intel Core i7-13650HX,CPU [#0]: Intel Core i7-13650HX,CPU [#0]: Intel Core i7-13650HX,CPU [#0]: Intel Core i7-13650HX,CPU [#0]: Intel Core i7-13650HX,CPU [#0]: Intel Core i7-13650HX,CPU [#0]: Intel Core i7-13650HX,CPU [#0]: Intel Core i7-13650HX,CPU [#0]: Intel Core i7-13650HX,CPU [#0]: Intel Core i7-13650HX,CPU [#0]: Intel Core i7-13650HX,CPU [#0]: Intel Core i7-13650HX,CPU [#0]: Intel Core i7-13650HX,CPU [#0]: Intel Core i7-13650HX,CPU [#0]: Intel Core i7-13650HX,CPU [#0]: Intel Core i7-13650HX,CPU [#0]: Intel Core i7-13650HX,CPU [#0]: Intel Core i7-13650HX: DTS,CPU [#0]: Intel Core i7-13650HX: DTS,CPU [#0]: Intel Core i7-13650HX: DTS,CPU [#0]: Intel Core i7-13650HX: DTS,CPU [#0]: Intel Core i7-13650HX: DTS,CPU [#0]: Intel Core i7-13650HX: DTS,CPU [#0]: Intel Core i7-13650HX: DTS,CPU [#0]: Intel Core i7-13650HX: DTS,CPU [#0]: Intel Core i7-13650HX: DTS,CPU [#0]: Intel Core i7-13650HX: DTS,CPU [#0]: Intel Core i7-13650HX: DTS,CPU [#0]: Intel Core i7-13650HX: DTS,CPU [#0]: Intel Core i7-13650HX: DTS,CPU [#0]: Intel Core i7-13650HX: DTS,CPU [#0]: Intel Core i7-13650HX: DTS,CPU [#0]: Intel Core i7-13650HX: DTS,CPU [#0]: Intel Core i7-13650HX: DTS,CPU [#0]: Intel Core i7-13650HX: DTS,CPU [#0]: Intel Core i7-13650HX: DTS,CPU [#0]: Intel Core i7-13650HX: DTS,CPU [#0]: Intel Core i7-13650HX: DTS,CPU [#0]: Intel Core i7-13650HX: DTS,CPU [#0]: Intel Core i7-13650HX: DTS,CPU [#0]: Intel Core i7-13650HX: DTS,CPU [#0]: Intel Core i7-13650HX: DTS,CPU [#0]: Intel Core i7-13650HX: DTS,CPU [#0]: Intel Core i7-13650HX: DTS,CPU [#0]: Intel Core i7-13650HX: DTS,CPU [#0]: Intel Core i7-13650HX: DTS,CPU [#0]: Intel Core i7-13650HX: DTS,CPU [#0]: Intel Core i7-13650HX: DTS,CPU [#0]: Intel Core i7-13650HX: DTS,CPU [#0]: Intel Core i7-13650HX: DTS,CPU [#0]: Intel Core i7-13650HX: DTS,CPU [#0]: Intel Core i7-13650HX: DTS,CPU [#0]: Intel Core i7-13650HX: DTS,CPU [#0]: Intel Core i7-13650HX: DTS,CPU [#0]: Intel Core i7-13650HX: DTS,CPU [#0]: Intel Core i7-13650HX: DTS,CPU [#0]: Intel Core i7-13650HX: DTS,CPU [#0]: Intel Core i7-13650HX: DTS,CPU [#0]: Intel Core i7-13650HX: DTS,CPU [#0]: Intel Core i7-13650HX: DTS,CPU [#0]: Intel Core i7-13650HX: DTS,CPU [#0]: Intel Core i7-13650HX: DTS,CPU [#0]: Intel Core i7-13650HX: DTS,CPU [#0]: Intel Core i7-13650HX: DTS,CPU [#0]: Intel Core i7-13650HX: DTS,CPU [#0]: Intel Core i7-13650HX: DTS,CPU [#0]: Intel Core i7-13650HX: DTS,CPU [#0]: Intel Core i7-13650HX: DTS,CPU [#0]: Intel Core i7-13650HX: DTS,CPU [#0]: Intel Core i7-13650HX: DTS,CPU [#0]: Intel Core i7-13650HX: DTS,CPU [#0]: Intel Core i7-13650HX: DTS,CPU [#0]: Intel Core i7-13650HX: DTS,CPU [#0]: Intel Core i7-13650HX: DTS,CPU [#0]: Intel Core i7-13650HX: DTS,CPU [#0]: Intel Core i7-13650HX: DTS,CPU [#0]: Intel Core i7-13650HX: DTS,CPU [#0]: Intel Core i7-13650HX: DTS,CPU [#0]: Intel Core i7-13650HX: DTS,CPU [#0]: Intel Core i7-13650HX: DTS,CPU [#0]: Intel Core i7-13650HX: DTS,CPU [#0]: Intel Core i7-13650HX: DTS,CPU [#0]: Intel Core i7-13650HX: DTS,CPU [#0]: Intel Core i7-13650HX: DTS,CPU [#0]: Intel Core i7-13650HX: DTS,CPU [#0]: Intel Core i7-13650HX: DTS,CPU [#0]: Intel Core i7-13650HX: DTS,CPU [#0]: Intel Core i7-13650HX: DTS,CPU [#0]: Intel Core i7-13650HX: DTS,CPU [#0]: Intel Core i7-13650HX: DTS,CPU [#0]: Intel Core i7-13650HX: DTS,CPU [#0]: Intel Core i7-13650HX: DTS,CPU [#0]: Intel Core i7-13650HX: DTS,CPU [#0]: Intel Core i7-13650HX: DTS,CPU [#0]: Intel Core i7-13650HX: DTS,CPU [#0]: Intel Core i7-13650HX: DTS,CPU [#0]: Intel Core i7-13650HX: DTS,CPU [#0]: Intel Core i7-13650HX: Enhanced,CPU [#0]: Intel Core i7-13650HX: Enhanced,CPU [#0]: Intel Core i7-13650HX: Enhanced,CPU [#0]: Intel Core i7-13650HX: Enhanced,CPU [#0]: Intel Core i7-13650HX: Enhanced,CPU [#0]: Intel Core i7-13650HX: Enhanced,CPU [#0]: Intel Core i7-13650HX: Enhanced,CPU [#0]: Intel Core i7-13650HX: Enhanced,CPU [#0]: Intel Core i7-13650HX: Enhanced,CPU [#0]: Intel Core i7-13650HX: Enhanced,CPU [#0]: Intel Core i7-13650HX: Enhanced,CPU [#0]: Intel Core i7-13650HX: Enhanced,CPU [#0]: Intel Core i7-13650HX: Enhanced,CPU [#0]: Intel Core i7-13650HX: Enhanced,CPU [#0]: Intel Core i7-13650HX: Enhanced,CPU [#0]: Intel Core i7-13650HX: C-State Residency,CPU [#0]: Intel Core i7-13650HX: C-State Residency,CPU [#0]: Intel Core i7-13650HX: C-State Residency,CPU [#0]: Intel Core i7-13650HX: C-State Residency,CPU [#0]: Intel Core i7-13650HX: C-State Residency,CPU [#0]: Intel Core i7-13650HX: C-State Residency,CPU [#0]: Intel Core i7-13650HX: C-State Residency,CPU [#0]: Intel Core i7-13650HX: C-State Residency,CPU [#0]: Intel Core i7-13650HX: C-State Residency,CPU [#0]: Intel Core i7-13650HX: C-State Residency,CPU [#0]: Intel Core i7-13650HX: C-State Residency,CPU [#0]: Intel Core i7-13650HX: C-State Residency,CPU [#0]: Intel Core i7-13650HX: C-State Residency,CPU [#0]: Intel Core i7-13650HX: C-State Residency,CPU [#0]: Intel Core i7-13650HX: C-State Residency,CPU [#0]: Intel Core i7-13650HX: C-State Residency,CPU [#0]: Intel Core i7-13650HX: C-State Residency,CPU [#0]: Intel Core i7-13650HX: C-State Residency,CPU [#0]: Intel Core i7-13650HX: C-State Residency,CPU [#0]: Intel Core i7-13650HX: C-State Residency,CPU [#0]: Intel Core i7-13650HX: C-State Residency,CPU [#0]: Intel Core i7-13650HX: C-State Residency,CPU [#0]: Intel Core i7-13650HX: C-State Residency,CPU [#0]: Intel Core i7-13650HX: C-State Residency,CPU [#0]: Intel Core i7-13650HX: C-State Residency,CPU [#0]: Intel Core i7-13650HX: C-State Residency,CPU [#0]: Intel Core i7-13650HX: C-State Residency,CPU [#0]: Intel Core i7-13650HX: C-State Residency,CPU [#0]: Intel Core i7-13650HX: C-State Residency,CPU [#0]: Intel Core i7-13650HX: C-State Residency,CPU [#0]: Intel Core i7-13650HX: C-State Residency,CPU [#0]: Intel Core i7-13650HX: C-State Residency,CPU [#0]: Intel Core i7-13650HX: C-State Residency,CPU [#0]: Intel Core i7-13650HX: C-State Residency,CPU [#0]: Intel Core i7-13650HX: C-State Residency,CPU [#0]: Intel Core i7-13650HX: C-State Residency,CPU [#0]: Intel Core i7-13650HX: C-State Residency,CPU [#0]: Intel Core i7-13650HX: C-State Residency,CPU [#0]: Intel Core i7-13650HX: C-State Residency,CPU [#0]: Intel Core i7-13650HX: C-State Residency,CPU [#0]: Intel Core i7-13650HX: C-State Residency,CPU [#0]: Intel Core i7-13650HX: C-State Residency,CPU [#0]: Intel Core i7-13650HX: C-State Residency,CPU [#0]: Intel Core i7-13650HX: C-State Residency,CPU [#0]: Intel Core i7-13650HX: C-State Residency,CPU [#0]: Intel Core i7-13650HX: C-State Residency,CPU [#0]: Intel Core i7-13650HX: C-State Residency,CPU [#0]: Intel Core i7-13650HX: C-State Residency,CPU [#0]: Intel Core i7-13650HX: C-State Residency,CPU [#0]: Intel Core i7-13650HX: C-State Residency,CPU [#0]: Intel Core i7-13650HX: C-State Residency,CPU [#0]: Intel Core i7-13650HX: C-State Residency,CPU [#0]: Intel Core i7-13650HX: C-State Residency,CPU [#0]: Intel Core i7-13650HX: C-State Residency,CPU [#0]: Intel Core i7-13650HX: C-State Residency,CPU [#0]: Intel Core i7-13650HX: C-State Residency,CPU [#0]: Intel Core i7-13650HX: C-State Residency,CPU [#0]: Intel Core i7-13650HX: C-State Residency,CPU [#0]: Intel Core i7-13650HX: C-State Residency,Memory Timings,Memory Timings,Memory Timings,Memory Timings,Memory Timings,Memory Timings,Memory Timings,Memory Timings,Memory Timings,Memory Timings,CPU [#0]: Intel Core i7-13650HX: Performance Limit Reasons,CPU [#0]: Intel Core i7-13650HX: Performance Limit Reasons,CPU [#0]: Intel Core i7-13650HX: Performance Limit Reasons,CPU [#0]: Intel Core i7-13650HX: Performance Limit Reasons,CPU [#0]: Intel Core i7-13650HX: Performance Limit Reasons,CPU [#0]: Intel Core i7-13650HX: Performance Limit Reasons,CPU [#0]: Intel Core i7-13650HX: Performance Limit Reasons,CPU [#0]: Intel Core i7-13650HX: Performance Limit Reasons,CPU [#0]: Intel Core i7-13650HX: Performance Limit Reasons,CPU [#0]: Intel Core i7-13650HX: Performance Limit Reasons,CPU [#0]: Intel Core i7-13650HX: Performance Limit Reasons,CPU [#0]: Intel Core i7-13650HX: Performance Limit Reasons,CPU [#0]: Intel Core i7-13650HX: Performance Limit Reasons,CPU [#0]: Intel Core i7-13650HX: Performance Limit Reasons,CPU [#0]: Intel Core i7-13650HX: Performance Limit Reasons,CPU [#0]: Intel Core i7-13650HX: Performance Limit Reasons,CPU [#0]: Intel Core i7-13650HX: Performance Limit Reasons,CPU [#0]: Intel Core i7-13650HX: Performance Limit Reasons,CPU [#0]: Intel Core i7-13650HX: Performance Limit Reasons,CPU [#0]: Intel Core i7-13650HX: Performance Limit Reasons,CPU [#0]: Intel Core i7-13650HX: Performance Limit Reasons,CPU [#0]: Intel Core i7-13650HX: Performance Limit Reasons,CPU [#0]: Intel Core i7-13650HX: Performance Limit Reasons,CPU [#0]: Intel Core i7-13650HX: Performance Limit Reasons,CPU [#0]: Intel Core i7-13650HX: Performance Limit Reasons,CPU [#0]: Intel Core i7-13650HX: Performance Limit Reasons,CPU [#0]: Intel Core i7-13650HX: Performance Limit Reasons,CPU [#0]: Intel Core i7-13650HX: Performance Limit Reasons,CPU [#0]: Intel Core i7-13650HX: Performance Limit Reasons,CPU [#0]: Intel Core i7-13650HX: Performance Limit Reasons,CPU [#0]: Intel Core i7-13650HX: Performance Limit Reasons,CPU [#0]: Intel Core i7-13650HX: Performance Limit Reasons,CPU [#0]: Intel Core i7-13650HX: Performance Limit Reasons,CPU [#0]: Intel Core i7-13650HX: Performance Limit Reasons,CPU [#0]: Intel Core i7-13650HX: Performance Limit Reasons,CPU [#0]: Intel Core i7-13650HX: Performance Limit Reasons,CPU [#0]: Intel Core i7-13650HX: Performance Limit Reasons,CPU [#0]: Intel Core i7-13650HX: Performance Limit Reasons,ASUS G614JI (Intel PCH),ASUS NB EC: ASUS ROG Strix G614JI_G614JI,ASUS NB EC: ASUS ROG Strix G614JI_G614JI,ASUS NB EC: ASUS ROG Strix G614JI_G614JI,DDR5 DIMM [#0]: Kingston KF556S40-16 (BANK 0/Controller0-ChannelA-DIMM0),DDR5 DIMM [#0]: Kingston KF556S40-16 (BANK 0/Controller0-ChannelA-DIMM0),DDR5 DIMM [#0]: Kingston KF556S40-16 (BANK 0/Controller0-ChannelA-DIMM0),DDR5 DIMM [#0]: Kingston KF556S40-16 (BANK 0/Controller0-ChannelA-DIMM0),DDR5 DIMM [#0]: Kingston KF556S40-16 (BANK 0/Controller0-ChannelA-DIMM0),DDR5 DIMM [#0]: Kingston KF556S40-16 (BANK 0/Controller0-ChannelA-DIMM0),DDR5 DIMM [#0]: Kingston KF556S40-16 (BANK 0/Controller0-ChannelA-DIMM0),DDR5 DIMM [#0]: Kingston KF556S40-16 (BANK 0/Controller0-ChannelA-DIMM0),DDR5 DIMM [#0]: Kingston KF556S40-16 (BANK 0/Controller0-ChannelA-DIMM0),DDR5 DIMM [#0]: Kingston KF556S40-16 (BANK 0/Controller0-ChannelA-DIMM0),DDR5 DIMM [#0]: Kingston KF556S40-16 (BANK 0/Controller0-ChannelA-DIMM0),DDR5 DIMM [#2]: Kingston KF556S40-16 (BANK 0/Controller1-ChannelA-DIMM0),DDR5 DIMM [#2]: Kingston KF556S40-16 (BANK 0/Controller1-ChannelA-DIMM0),DDR5 DIMM [#2]: Kingston KF556S40-16 (BANK 0/Controller1-ChannelA-DIMM0),DDR5 DIMM [#2]: Kingston KF556S40-16 (BANK 0/Controller1-ChannelA-DIMM0),DDR5 DIMM [#2]: Kingston KF556S40-16 (BANK 0/Controller1-ChannelA-DIMM0),DDR5 DIMM [#2]: Kingston KF556S40-16 (BANK 0/Controller1-ChannelA-DIMM0),DDR5 DIMM [#2]: Kingston KF556S40-16 (BANK 0/Controller1-ChannelA-DIMM0),DDR5 DIMM [#2]: Kingston KF556S40-16 (BANK 0/Controller1-ChannelA-DIMM0),DDR5 DIMM [#2]: Kingston KF556S40-16 (BANK 0/Controller1-ChannelA-DIMM0),DDR5 DIMM [#2]: Kingston KF556S40-16 (BANK 0/Controller1-ChannelA-DIMM0),DDR5 DIMM [#2]: Kingston KF556S40-16 (BANK 0/Controller1-ChannelA-DIMM0),S.M.A.R.T.: Micron_2400_MTFDKBA1T0QFM (22383CE6F7AC) [C:  D:],S.M.A.R.T.: Micron_2400_MTFDKBA1T0QFM (22383CE6F7AC) [C:  D:],S.M.A.R.T.: Micron_2400_MTFDKBA1T0QFM (22383CE6F7AC) [C:  D:],S.M.A.R.T.: Micron_2400_MTFDKBA1T0QFM (22383CE6F7AC) [C:  D:],S.M.A.R.T.: Micron_2400_MTFDKBA1T0QFM (22383CE6F7AC) [C:  D:],S.M.A.R.T.: Micron_2400_MTFDKBA1T0QFM (22383CE6F7AC) [C:  D:],S.M.A.R.T.: Micron_2400_MTFDKBA1T0QFM (22383CE6F7AC) [C:  D:],S.M.A.R.T.: Micron_2400_MTFDKBA1T0QFM (22383CE6F7AC) [C:  D:],S.M.A.R.T.: KINGSTON SNV3S1000G (50026B768769C551) [E:],S.M.A.R.T.: KINGSTON SNV3S1000G (50026B768769C551) [E:],S.M.A.R.T.: KINGSTON SNV3S1000G (50026B768769C551) [E:],S.M.A.R.T.: KINGSTON SNV3S1000G (50026B768769C551) [E:],S.M.A.R.T.: KINGSTON SNV3S1000G (50026B768769C551) [E:],S.M.A.R.T.: KINGSTON SNV3S1000G (50026B768769C551) [E:],S.M.A.R.T.: KINGSTON SNV3S1000G (50026B768769C551) [E:],S.M.A.R.T.: KINGSTON SNV3S1000G (50026B768769C551) [E:],Drive: Micron_2400_MTFDKBA1T0QFM (22383CE6F7AC) [C:  D:],Drive: Micron_2400_MTFDKBA1T0QFM (22383CE6F7AC) [C:  D:],Drive: Micron_2400_MTFDKBA1T0QFM (22383CE6F7AC) [C:  D:],Drive: Micron_2400_MTFDKBA1T0QFM (22383CE6F7AC) [C:  D:],Drive: Micron_2400_MTFDKBA1T0QFM (22383CE6F7AC) [C:  D:],Drive: Micron_2400_MTFDKBA1T0QFM (22383CE6F7AC) [C:  D:],Drive: Micron_2400_MTFDKBA1T0QFM (22383CE6F7AC) [C:  D:],Drive: KINGSTON SNV3S1000G (50026B768769C551) [E:],Drive: KINGSTON SNV3S1000G (50026B768769C551) [E:],Drive: KINGSTON SNV3S1000G (50026B768769C551) [E:],Drive: KINGSTON SNV3S1000G (50026B768769C551) [E:],Drive: KINGSTON SNV3S1000G (50026B768769C551) [E:],Drive: KINGSTON SNV3S1000G (50026B768769C551) [E:],Drive: KINGSTON SNV3S1000G (50026B768769C551) [E:],dGPU [#1]: NVIDIA GeForce RTX 4070 Laptop,dGPU [#1]: NVIDIA GeForce RTX 4070 Laptop,dGPU [#1]: NVIDIA GeForce RTX 4070 Laptop,dGPU [#1]: NVIDIA GeForce RTX 4070 Laptop,dGPU [#1]: NVIDIA GeForce RTX 4070 Laptop,dGPU [#1]: NVIDIA GeForce RTX 4070 Laptop,dGPU [#1]: NVIDIA GeForce RTX 4070 Laptop,dGPU [#1]: NVIDIA GeForce RTX 4070 Laptop,dGPU [#1]: NVIDIA GeForce RTX 4070 Laptop,dGPU [#1]: NVIDIA GeForce RTX 4070 Laptop,dGPU [#1]: NVIDIA GeForce RTX 4070 Laptop,dGPU [#1]: NVIDIA GeForce RTX 4070 Laptop,dGPU [#1]: NVIDIA GeForce RTX 4070 Laptop,dGPU [#1]: NVIDIA GeForce RTX 4070 Laptop,dGPU [#1]: NVIDIA GeForce RTX 4070 Laptop,dGPU [#1]: NVIDIA GeForce RTX 4070 Laptop,dGPU [#1]: NVIDIA GeForce RTX 4070 Laptop,dGPU [#1]: NVIDIA GeForce RTX 4070 Laptop,dGPU [#1]: NVIDIA GeForce RTX 4070 Laptop,dGPU [#1]: NVIDIA GeForce RTX 4070 Laptop,dGPU [#1]: NVIDIA GeForce RTX 4070 Laptop,dGPU [#1]: NVIDIA GeForce RTX 4070 Laptop,dGPU [#1]: NVIDIA GeForce RTX 4070 Laptop,dGPU [#1]: NVIDIA GeForce RTX 4070 Laptop,dGPU [#1]: NVIDIA GeForce RTX 4070 Laptop,dGPU [#1]: NVIDIA GeForce RTX 4070 Laptop,dGPU [#1]: NVIDIA GeForce RTX 4070 Laptop,dGPU [#1]: NVIDIA GeForce RTX 4070 Laptop,dGPU [#1]: NVIDIA GeForce RTX 4070 Laptop,dGPU [#1]: NVIDIA GeForce RTX 4070 Laptop,dGPU [#1]: NVIDIA GeForce RTX 4070 Laptop,dGPU [#1]: NVIDIA GeForce RTX 4070 Laptop,dGPU [#1]: NVIDIA GeForce RTX 4070 Laptop,dGPU [#1]: NVIDIA GeForce RTX 4070 Laptop,dGPU [#1]: NVIDIA GeForce RTX 4070 Laptop,dGPU [#1]: NVIDIA GeForce RTX 4070 Laptop,dGPU [#1]: NVIDIA GeForce RTX 4070 Laptop,dGPU [#1]: NVIDIA GeForce RTX 4070 Laptop,dGPU [#1]: NVIDIA GeForce RTX 4070 Laptop,dGPU [#1]: NVIDIA GeForce RTX 4070 Laptop,dGPU [#1]: NVIDIA GeForce RTX 4070 Laptop,dGPU [#1]: NVIDIA GeForce RTX 4070 Laptop,dGPU [#1]: NVIDIA GeForce RTX 4070 Laptop,dGPU [#1]: NVIDIA GeForce RTX 4070 Laptop,dGPU [#1]: NVIDIA GeForce RTX 4070 Laptop,dGPU [#1]: NVIDIA GeForce RTX 4070 Laptop,dGPU [#1]: NVIDIA GeForce RTX 4070 Laptop,dGPU [#1]: NVIDIA GeForce RTX 4070 Laptop,dGPU [#1]: NVIDIA GeForce RTX 4070 Laptop,dGPU [#1]: NVIDIA GeForce RTX 4070 Laptop,dGPU [#1]: NVIDIA GeForce RTX 4070 Laptop,dGPU [#1]: NVIDIA GeForce RTX 4070 Laptop,dGPU [#1]: NVIDIA GeForce RTX 4070 Laptop,dGPU [#1]: NVIDIA GeForce RTX 4070 Laptop,dGPU [#1]: NVIDIA GeForce RTX 4070 Laptop,dGPU [#1]: NVIDIA GeForce RTX 4070 Laptop,dGPU [#1]: NVIDIA GeForce RTX 4070 Laptop,dGPU [#1]: NVIDIA GeForce RTX 4070 Laptop,dGPU [#1]: NVIDIA GeForce RTX 4070 Laptop,dGPU [#1]: NVIDIA GeForce RTX 4070 Laptop,dGPU [#1]: NVIDIA GeForce RTX 4070 Laptop,dGPU [#1]: NVIDIA GeForce RTX 4070 Laptop,dGPU [#1]: NVIDIA GeForce RTX 4070 Laptop,dGPU [#1]: NVIDIA GeForce RTX 4070 Laptop,dGPU [#1]: NVIDIA GeForce RTX 4070 Laptop,dGPU [#1]: NVIDIA GeForce RTX 4070 Laptop,dGPU [#1]: NVIDIA GeForce RTX 4070 Laptop,dGPU [#1]: NVIDIA GeForce RTX 4070 Laptop,dGPU [#1]: NVIDIA GeForce RTX 4070 Laptop,dGPU [#1]: NVIDIA GeForce RTX 4070 Laptop,dGPU [#1]: NVIDIA GeForce RTX 4070 Laptop,dGPU [#1]: NVIDIA GeForce RTX 4070 Laptop,dGPU [#1]: NVIDIA GeForce RTX 4070 Laptop,dGPU [#1]: NVIDIA GeForce RTX 4070 Laptop,dGPU [#1]: NVIDIA GeForce RTX 4070 Laptop,dGPU [#1]: NVIDIA GeForce RTX 4070 Laptop,iGPU [#0]: Intel UHD Graphics,iGPU [#0]: Intel UHD Graphics,iGPU [#0]: Intel UHD Graphics,iGPU [#0]: Intel UHD Graphics,iGPU [#0]: Intel UHD Graphics,iGPU [#0]: Intel UHD Graphics,iGPU [#0]: Intel UHD Graphics,iGPU [#0]: Intel UHD Graphics,iGPU [#0]: Intel UHD Graphics,iGPU [#0]: Intel UHD Graphics,iGPU [#0]: Intel UHD Graphics,iGPU [#0]: Intel UHD Graphics,iGPU [#0]: Intel UHD Graphics,iGPU [#0]: Intel UHD Graphics,iGPU [#0]: Intel UHD Graphics,iGPU [#0]: Intel UHD Graphics,iGPU [#0]: Intel UHD Graphics,iGPU [#0]: Intel UHD Graphics,iGPU [#0]: Intel UHD Graphics,iGPU [#0]: Intel UHD Graphics,iGPU [#0]: Intel UHD Graphics,iGPU [#0]: Intel UHD Graphics,iGPU [#0]: Intel UHD Graphics,iGPU [#0]: Intel UHD Graphics,iGPU [#0]: Intel UHD Graphics,Battery: AS3GYFG3KC R220358,Battery: AS3GYFG3KC R220358,Battery: AS3GYFG3KC R220358,Battery: AS3GYFG3KC R220358,Battery: AS3GYFG3KC R220358,RTSS,RTSS,RTSS,RTSS,PresentMon [HTGame.exe],PresentMon [HTGame.exe],PresentMon [HTGame.exe],PresentMon [HTGame.exe],PresentMon [HTGame.exe],PresentMon [HTGame.exe],PresentMon [HTGame.exe],PresentMon [HTGame.exe],PresentMon [HTGame.exe],PresentMon [HTGame.exe],PresentMon [HTGame.exe],PresentMon [HTGame.exe],PresentMon [HTGame.exe],PresentMon [HTGame.exe],PresentMon [HTGame.exe],PresentMon [HTGame.exe],PresentMon [HTGame.exe],PresentMon [HTGame.exe],PresentMon [HTGame.exe],PresentMon [HTGame.exe],PresentMon [HTGame.exe],PresentMon [HTGame.exe],PresentMon [HTGame.exe],Network: Intel Wi-Fi 6E AX211 160MHz - Wi-Fi,Network: Intel Wi-Fi 6E AX211 160MHz - Wi-Fi,Network: Intel Wi-Fi 6E AX211 160MHz - Wi-Fi,Network: Intel Wi-Fi 6E AX211 160MHz - Wi-Fi,Network: RealTek Semiconductor RTL8168/8111 PCI-E Gigabit Ethernet NIC - Ethernet,Network: RealTek Semiconductor RTL8168/8111 PCI-E Gigabit Ethernet NIC - Ethernet,Network: RealTek Semiconductor RTL8168/8111 PCI-E Gigabit Ethernet NIC - Ethernet,Network: RealTek Semiconductor RTL8168/8111 PCI-E Gigabit Ethernet NIC - Ethernet,Windows Hardware Errors (WHEA),
