Date,Time,"Virtual Memory Committed [MB]","Virtual Memory Available [MB]","Virtual Memory Load [%]","Physical Memory Used [MB]","Physical Memory Available [MB]","Physical Memory Load [%]","Page File Usage [%]","Page File Total [MB]","Page File Used [MB]","Core VIDs (avg) [V]","P-core 0 VID [V]","P-core 1 VID [V]","P-core 2 VID [V]","P-core 3 VID [V]","P-core 4 VID [V]","P-core 5 VID [V]","E-core 6 VID [V]","E-core 7 VID [V]","E-core 8 VID [V]","E-core 9 VID [V]","E-core 10 VID [V]","E-core 11 VID [V]","E-core 12 VID [V]","E-core 13 VID [V]","Uncore VID [V]","SA VID [V]","Core Clocks (avg) [MHz]","P-core 0 Clock [MHz]","P-core 1 Clock [MHz]","P-core 2 Clock [MHz]","P-core 3 Clock [MHz]","P-core 4 Clock [MHz]","P-core 5 Clock [MHz]","E-core 6 Clock [MHz]","E-core 7 Clock [MHz]","E-core 8 Clock [MHz]","E-core 9 Clock [MHz]","E-core 10 Clock [MHz]","E-core 11 Clock [MHz]","E-core 12 Clock [MHz]","E-core 13 Clock [MHz]","Bus Clock [MHz]","Ring/LLC Clock [MHz]","Core Effective Clocks (avg) [MHz]","P-core 0 T0 Effective Clock [MHz]","P-core 0 T1 Effective Clock [MHz]","P-core 1 T0 Effective Clock [MHz]","P-core 1 T1 Effective Clock [MHz]","P-core 2 T0 Effective Clock [MHz]","P-core 2 T1 Effective Clock [MHz]","P-core 3 T0 Effective Clock [MHz]","P-core 3 T1 Effective Clock [MHz]","P-core 4 T0 Effective Clock [MHz]","P-core 4 T1 Effective Clock [MHz]","P-core 5 T0 Effective Clock [MHz]","P-core 5 T1 Effective Clock [MHz]","E-core 6 T0 Effective Clock [MHz]","E-core 7 T0 Effective Clock [MHz]","E-core 8 T0 Effective Clock [MHz]","E-core 9 T0 Effective Clock [MHz]","E-core 10 T0 Effective Clock [MHz]","E-core 11 T0 Effective Clock [MHz]","E-core 12 T0 Effective Clock [MHz]","E-core 13 T0 Effective Clock [MHz]","Average Effective Clock [MHz]","Core Usage (avg) [%]","P-core 0 T0 Usage [%]","P-core 0 T1 Usage [%]","P-core 1 T0 Usage [%]","P-core 1 T1 Usage [%]","P-core 2 T0 Usage [%]","P-core 2 T1 Usage [%]","P-core 3 T0 Usage [%]","P-core 3 T1 Usage [%]","P-core 4 T0 Usage [%]","P-core 4 T1 Usage [%]","P-core 5 T0 Usage [%]","P-core 5 T1 Usage [%]","E-core 6 T0 Usage [%]","E-core 7 T0 Usage [%]","E-core 8 T0 Usage [%]","E-core 9 T0 Usage [%]","E-core 10 T0 Usage [%]","E-core 11 T0 Usage [%]","E-core 12 T0 Usage [%]","E-core 13 T0 Usage [%]","Max CPU/Thread Usage [%]","Total CPU Usage [%]","On-Demand Clock Modulation [%]","Core Utility (avg) [%]","P-core 0 T0 Utility [%]","P-core 0 T1 Utility [%]","P-core 1 T0 Utility [%]","P-core 1 T1 Utility [%]","P-core 2 T0 Utility [%]","P-core 2 T1 Utility [%]","P-core 3 T0 Utility [%]","P-core 3 T1 Utility [%]","P-core 4 T0 Utility [%]","P-core 4 T1 Utility [%]","P-core 5 T0 Utility [%]","P-core 5 T1 Utility [%]","E-core 6 T0 Utility [%]","E-core 7 T0 Utility [%]","E-core 8 T0 Utility [%]","E-core 9 T0 Utility [%]","E-core 10 T0 Utility [%]","E-core 11 T0 Utility [%]","E-core 12 T0 Utility [%]","E-core 13 T0 Utility [%]","Total CPU Utility [%]","Core Ratios (avg) [x]","P-core 0 Ratio [x]","P-core 1 Ratio [x]","P-core 2 Ratio [x]","P-core 3 Ratio [x]","P-core 4 Ratio [x]","P-core 5 Ratio [x]","E-core 6 Ratio [x]","E-core 7 Ratio [x]","E-core 8 Ratio [x]","E-core 9 Ratio [x]","E-core 10 Ratio [x]","E-core 11 Ratio [x]","E-core 12 Ratio [x]","E-core 13 Ratio [x]","Uncore Ratio [x]","Core Temperatures (avg) [°C]","P-core 0 [°C]","P-core 1 [°C]","P-core 2 [°C]","P-core 3 [°C]","P-core 4 [°C]","P-core 5 [°C]","E-core 6 [°C]","E-core 7 [°C]","E-core 8 [°C]","E-core 9 [°C]","E-core 10 [°C]","E-core 11 [°C]","E-core 12 [°C]","E-core 13 [°C]","Core Distance to TjMAX (avg) [°C]","P-core 0 Distance to TjMAX [°C]","P-core 1 Distance to TjMAX [°C]","P-core 2 Distance to TjMAX [°C]","P-core 3 Distance to TjMAX [°C]","P-core 4 Distance to TjMAX [°C]","P-core 5 Distance to TjMAX [°C]","E-core 6 Distance to TjMAX [°C]","E-core 7 Distance to TjMAX [°C]","E-core 8 Distance to TjMAX [°C]","E-core 9 Distance to TjMAX [°C]","E-core 10 Distance to TjMAX [°C]","E-core 11 Distance to TjMAX [°C]","E-core 12 Distance to TjMAX [°C]","E-core 13 Distance to TjMAX [°C]","CPU Package [°C]","Core Max [°C]","Core Thermal Throttling (avg) [Yes/No]","P-core 0 Thermal Throttling [Yes/No]","P-core 1 Thermal Throttling [Yes/No]","P-core 2 Thermal Throttling [Yes/No]","P-core 3 Thermal Throttling [Yes/No]","P-core 4 Thermal Throttling [Yes/No]","P-core 5 Thermal Throttling [Yes/No]","E-core 6 Thermal Throttling [Yes/No]","E-core 7 Thermal Throttling [Yes/No]","E-core 8 Thermal Throttling [Yes/No]","E-core 9 Thermal Throttling [Yes/No]","E-core 10 Thermal Throttling [Yes/No]","E-core 11 Thermal Throttling [Yes/No]","E-core 12 Thermal Throttling [Yes/No]","E-core 13 Thermal Throttling [Yes/No]","Core Critical Temperature (avg) [Yes/No]","P-core 0 Critical Temperature [Yes/No]","P-core 1 Critical Temperature [Yes/No]","P-core 2 Critical Temperature [Yes/No]","P-core 3 Critical Temperature [Yes/No]","P-core 4 Critical Temperature [Yes/No]","P-core 5 Critical Temperature [Yes/No]","E-core 6 Critical Temperature [Yes/No]","E-core 7 Critical Temperature [Yes/No]","E-core 8 Critical Temperature [Yes/No]","E-core 9 Critical Temperature [Yes/No]","E-core 10 Critical Temperature [Yes/No]","E-core 11 Critical Temperature [Yes/No]","E-core 12 Critical Temperature [Yes/No]","E-core 13 Critical Temperature [Yes/No]","Core Power Limit Exceeded (avg) [Yes/No]","P-core 0 Power Limit Exceeded [Yes/No]","P-core 1 Power Limit Exceeded [Yes/No]","P-core 2 Power Limit Exceeded [Yes/No]","P-core 3 Power Limit Exceeded [Yes/No]","P-core 4 Power Limit Exceeded [Yes/No]","P-core 5 Power Limit Exceeded [Yes/No]","E-core 6 Power Limit Exceeded [Yes/No]","E-core 7 Power Limit Exceeded [Yes/No]","E-core 8 Power Limit Exceeded [Yes/No]","E-core 9 Power Limit Exceeded [Yes/No]","E-core 10 Power Limit Exceeded [Yes/No]","E-core 11 Power Limit Exceeded [Yes/No]","E-core 12 Power Limit Exceeded [Yes/No]","E-core 13 Power Limit Exceeded [Yes/No]","Package/Ring Thermal Throttling [Yes/No]","Package/Ring Critical Temperature [Yes/No]","Package/Ring Power Limit Exceeded [Yes/No]","CPU Package [°C]","CPU IA Cores [°C]","CPU GT Cores (Graphics) [°C]","VDDQ TX Voltage [V]","VR VCC Current (SVID IOUT) [A]","CPU Package Power [W]","IA Cores Power [W]","GT Cores Power [W]","System Agent Power [W]","Rest-of-Chip Power [W]","PL1 Power Limit (Static) [W]","PL1 Power Limit (Dynamic) [W]","PL2 Power Limit (Static) [W]","PL2 Power Limit (Dynamic) [W]","Current cTDP Level []","Package C2 Residency [%]","Package C3 Residency [%]","Core C0 Residency (avg) [%]","P-core 0 T0 C0 Residency [%]","P-core 0 T1 C0 Residency [%]","P-core 1 T0 C0 Residency [%]","P-core 1 T1 C0 Residency [%]","P-core 2 T0 C0 Residency [%]","P-core 2 T1 C0 Residency [%]","P-core 3 T0 C0 Residency [%]","P-core 3 T1 C0 Residency [%]","P-core 4 T0 C0 Residency [%]","P-core 4 T1 C0 Residency [%]","P-core 5 T0 C0 Residency [%]","P-core 5 T1 C0 Residency [%]","E-core 6 T0 C0 Residency [%]","E-core 7 T0 C0 Residency [%]","E-core 8 T0 C0 Residency [%]","E-core 9 T0 C0 Residency [%]","E-core 10 T0 C0 Residency [%]","E-core 11 T0 C0 Residency [%]","E-core 12 T0 C0 Residency [%]","E-core 13 T0 C0 Residency [%]","Core C1 Residency (avg) [%]","P-core 0 C1 Residency [%]","P-core 1 C1 Residency [%]","P-core 2 C1 Residency [%]","P-core 3 C1 Residency [%]","P-core 4 C1 Residency [%]","P-core 5 C1 Residency [%]","E-core 6 C1 Residency [%]","E-core 7 C1 Residency [%]","E-core 8 C1 Residency [%]","E-core 9 C1 Residency [%]","E-core 10 C1 Residency [%]","E-core 11 C1 Residency [%]","E-core 12 C1 Residency [%]","E-core 13 C1 Residency [%]","Core C6 Residency (avg) [%]","P-core 0 C6 Residency [%]","P-core 1 C6 Residency [%]","P-core 2 C6 Residency [%]","P-core 3 C6 Residency [%]","P-core 4 C6 Residency [%]","P-core 5 C6 Residency [%]","E-core 6 C6 Residency [%]","E-core 7 C6 Residency [%]","E-core 8 C6 Residency [%]","E-core 9 C6 Residency [%]","E-core 10 C6 Residency [%]","E-core 11 C6 Residency [%]","E-core 12 C6 Residency [%]","E-core 13 C6 Residency [%]","Core C7 Residency (avg) [%]","P-core 0 C7 Residency [%]","P-core 1 C7 Residency [%]","P-core 2 C7 Residency [%]","P-core 3 C7 Residency [%]","P-core 4 C7 Residency [%]","P-core 5 C7 Residency [%]","Memory Clock [MHz]","Memory Clock Ratio [x]","Tcas [T]","Trcd [T]","Trp [T]","Tras [T]","Trc [T]","Trfc [T]","Command Rate [T]","Gear Mode []","IA Limit Reasons (avg) [Yes/No]","IA: PROCHOT [Yes/No]","IA: Thermal Event [Yes/No]","IA: Residency State Regulation [Yes/No]","IA: Running Average Thermal Limit [Yes/No]","IA: VR Thermal Alert [Yes/No]","IA: VR TDC [Yes/No]","IA: Electrical Design Point/Other (ICCmax PL4 SVID DDR RAPL) [Yes/No]","IA: Package-Level RAPL/PBM PL1 [Yes/No]","IA: Package-Level RAPL/PBM PL2 PL3 [Yes/No]","IA: Max Turbo Limit [Yes/No]","IA: Turbo Attenuation (MCT) [Yes/No]","IA: Thermal Velocity Boost [Yes/No]","GT Limit Reasons (avg) [Yes/No]","GT: PROCHOT [Yes/No]","GT: Thermal Event [Yes/No]","GT: DDR RAPL [Yes/No]","GT: Residency State Regulation [Yes/No]","GT: Running Average Thermal Limit [Yes/No]","GT: VR Thermal Alert [Yes/No]","GT: VR TDC [Yes/No]","GT: Max VR Voltage  ICCmax  PL4 [Yes/No]","GT: Domain-Level PBM PLGT [Yes/No]","GT: Package-Level RAPL/PBM PL1 [Yes/No]","GT: Package-Level RAPL/PBM PL2 PL3 [Yes/No]","GT: Inefficient Operation [Yes/No]","GT: Fuses limit [Yes/No]","Ring Limit Reasons (avg) [Yes/No]","RING: PROCHOT [Yes/No]","RING: Thermal Event [Yes/No]","RING: DDR RAPL [Yes/No]","RING: Residency State Regulation [Yes/No]","RING: Running Average Thermal Limit [Yes/No]","RING: VR Thermal Alert [Yes/No]","RING: VR TDC [Yes/No]","RING: Max VR Voltage  ICCmax  PL4 [Yes/No]","RING: Package-Level RAPL/PBM PL1 [Yes/No]","RING: Package-Level RAPL/PBM PL2 PL3 [Yes/No]","PCH Temperature [°C]","CPU [RPM]","GPU [RPM]","GPU [RPM]","SPD Hub Temperature [°C]","VDD (SWA) Voltage [V]","VDDQ (SWB) Voltage [V]","VPP (SWC) Voltage [V]","1.8V VOUT Voltage [V]","1.0V VOUT Voltage [V]","VIN Voltage [V]","Total Power [W]","PMIC High Temperature [Yes/No]","PMIC Over Voltage [Yes/No]","PMIC Under Voltage [Yes/No]","SPD Hub Temperature [°C]","VDD (SWA) Voltage [V]","VDDQ (SWB) Voltage [V]","VPP (SWC) Voltage [V]","1.8V VOUT Voltage [V]","1.0V VOUT Voltage [V]","VIN Voltage [V]","Total Power [W]","PMIC High Temperature [Yes/No]","PMIC Over Voltage [Yes/No]","PMIC Under Voltage [Yes/No]","Drive Temperature [°C]","Drive Temperature 2 [°C]","Drive Remaining Life [%]","Drive Available Spare [%]","Drive Failure [Yes/No]","Drive Warning [Yes/No]","Total Host Writes [GB]","Total Host Reads [GB]","Drive Temperature [°C]","Drive Temperature 3 [°C]","Drive Remaining Life [%]","Drive Available Spare [%]","Drive Failure [Yes/No]","Drive Warning [Yes/No]","Total Host Writes [GB]","Total Host Reads [GB]","Read Activity [%]","Write Activity [%]","Total Activity [%]","Read Rate [MB/s]","Write Rate [MB/s]","Read Total [MB]","Write Total [MB]","Read Activity [%]","Write Activity [%]","Total Activity [%]","Read Rate [MB/s]","Write Rate [MB/s]","Read Total [MB]","Write Total [MB]","GPU Temperature [°C]","GPU Memory Junction Temperature [°C]","GPU Hot Spot Temperature [°C]","GPU Thermal Limit [°C]","GPU Core Voltage [V]","GPU Rail Voltages (avg) [V]","GPU FBVDD Input Voltage [V]","GPU 12VHPWR Voltage [V]","GPU Power [W]","GPU Rail Powers (avg) [W]","GPU Core (NVVDD) Input Power (sum) [W]","GPU FBVDD Input Power [W]","GPU 12VHPWR Power [W]","GPU PCIe +3.3V Input Power (est) [W]","GPU Input PP Source Power (sum) [W]","GPU Core (NVVDD) Output Power [W]","GPU Core (NVVDD) Output Power [W]","GPU Power Limit (rated) [W]","GPU Power Limit (max) [W]","GPU Clock [MHz]","GPU Memory Clock [MHz]","GPU Video Clock [MHz]","GPU Effective Clock [MHz]","GPU Crossbar Clock [MHz]","GPU Core Load [%]","GPU Memory Controller Load [%]","GPU Video Engine Load [%]","GPU Bus Load [%]","GPU Memory Usage [%]","GPU D3D Usages (avg) [%]","GPU D3D Usage [%]","GPU Video Decode 0 Usage [%]","GPU Video Encode 0 Usage [%]","GPU VR Usage [%]","GPU Performance Limiters (avg) [Yes/No]","Performance Limit - Power [Yes/No]","Performance Limit - Thermal [Yes/No]","Performance Limit - Reliability Voltage [Yes/No]","Performance Limit - Max Operating Voltage [Yes/No]","Performance Limit - Utilization [Yes/No]","Performance Limit - SLI GPUBoost Sync [Yes/No]","PCI Express Error Counters (avg) []","Receiver Errors []","Replay Count []","Replay Rollover Count []","Bad DLLP Count []","Bad TLP Count []","LCRC Error Count []","NAKs Sent Count []","NAKs Received Count []","Recovery Count []","Correctable Error Count []","Non-Fatal Error Count []","Fatal Error Count []","Unsupported Request Count []","PCIe Lane 0 Errors []","PCIe Lane 1 Errors []","PCIe Lane 2 Errors []","PCIe Lane 3 Errors []","PCIe Lane 4 Errors []","PCIe Lane 5 Errors []","PCIe Lane 6 Errors []","PCIe Lane 7 Errors []","PCIe Lane 8 Errors []","PCIe Lane 9 Errors []","PCIe Lane 10 Errors []","PCIe Lane 11 Errors []","PCIe Lane 12 Errors []","PCIe Lane 13 Errors []","PCIe Lane 14 Errors []","PCIe Lane 15 Errors []","GPU Memory Available [MB]","GPU Memory Allocated [MB]","GPU D3D Memory Dedicated [MB]","GPU D3D Memory Dynamic [MB]","PCIe Link Speed [GT/s]","GPU Core Temperature [°C]","iGPU VID [V]","IGPU Power [W]","GPU Clock [MHz]","GPU Memory Clock [MHz]","GPU Total Usage [%]","GPU Computing Usage [%]","GPU Media Engine Usage [%]","GPU D3D Utilizations (avg) [%]","GPU D3D Usage [%]","GPU Video Decode 0 Usage [%]","GPU Video Processing 0 Usage [%]","GPU Copy Engine Usage [%]","GPU Memory Usage [%]","GPU Memory Allocated [MB]","GPU Memory Available [MB]","GPU D3D Memory Dynamic [MB]","GPU Throttle Reasons (avg) [Yes/No]","Avg. Power (PL1) [Yes/No]","Burst Power (PL2) [Yes/No]","Current (PL4) [Yes/No]","Thermal [Yes/No]","Power Supply [Yes/No]","Software Limit [Yes/No]","Hardware Limit [Yes/No]","Battery Voltage [V]","Remaining Capacity [Wh]","Charge Level [%]","Charge Rate [W]","Wear Level [%]","Framerate [FPS]","Framerate 1% Low [FPS]","Framerate 0.1% Low [FPS]","Frame Time [ms]","Framerate Presented (avg) [FPS]","Framerate Presented (99%) [FPS]","Framerate Presented (1%) [FPS]","Framerate Presented (0.1%) [FPS]","Framerate Presented (1% low) [FPS]","Framerate Presented (0.1% low) [FPS]","Framerate Displayed (avg) [FPS]","Framerate Displayed (99%) [FPS]","Framerate Displayed (1%) [FPS]","Framerate Displayed (0.1%) [FPS]","Framerate Displayed (1% low) [FPS]","Framerate Displayed (0.1% low) [FPS]","Frame Time Presented (avg) [ms]","Frame Time Presented (99%) [ms]","Frame Time Presented (1%) [ms]","Frame Time Presented (0.1%) [ms]","Frame Time Displayed (1% high) [ms]","Frame Time Displayed (0.1% high) [ms]","GPU Busy (avg) [ms]","GPU Wait (avg) [ms]","CPU Busy (avg) [ms]","CPU Wait (avg) [ms]","Animation Error (avg) [ms]","Total DL [MB]","Total UP [MB]","Current DL rate [KB/s]","Current UP rate [KB/s]","Total DL [MB]","Total UP [MB]","Current DL rate [KB/s]","Current UP rate [KB/s]","Total Errors []",
11.6.2026,17:26:23.318,19831,28937,40.6,16950,15434,52.3,9.2,16384,1508,1.196,1.245,1.220,1.185,1.181,1.181,1.181,1.176,1.176,1.196,1.196,1.196,1.191,1.196,1.221,1.063,0.781,3484.3,4688.5,798.0,4489.0,4489.0,4489.0,4489.0,3591.2,3591.2,3591.2,3591.2,3591.2,1895.4,3591.2,1895.4,99.8,3890.5,818.1,1715.6,88.2,1505.7,271.9,403.9,2765.5,2677.6,519.3,183.3,1336.4,1474.5,93.4,431.9,369.8,284.8,227.0,499.2,474.7,524.2,515.2,896.8,20.1,40.4,4.4,34.9,7.0,9.8,61.8,59.7,12.4,5.1,31.0,34.2,3.1,12.8,10.5,9.2,6.1,15.2,13.7,16.0,15.7,61.8,20.1,100.0,35.1,67.7,3.5,59.1,10.7,16.1,108.0,105.4,20.4,7.3,52.6,58.0,3.8,24.7,21.1,16.4,13.2,28.4,27.0,29.7,29.2,35.1,34.9,47.0,8.0,45.0,45.0,45.0,45.0,36.0,36.0,36.0,36.0,36.0,19.0,36.0,19.0,39.0,65,67,66,67,66,65,64,64,64,64,64,64,64,64,64,35,33,34,33,34,35,36,36,36,36,36,36,36,36,36,76,67,No,No,No,No,No,No,No,No,No,No,No,No,No,No,No,No,No,No,No,No,No,No,No,No,No,No,No,No,No,No,No,No,No,No,No,No,No,No,No,No,No,No,No,No,No,No,No,No,76,69,64,1.100,36.282,33.496,26.925,0.002,5.144,0.601,175.0,175.0,175.0,175.0,0,0.0,0.0,20.1,40.6,2.0,35.3,6.1,9.0,62.0,59.9,11.6,4.2,31.5,34.6,2.1,13.4,11.1,8.4,6.7,15.7,14.3,16.5,16.1,26.6,55.1,57.5,32.6,32.3,60.7,58.0,8.9,5.5,5.5,5.8,15.6,6.7,19.2,9.3,41.8,0.0,0.0,0.0,0.0,0.5,0.0,72.1,78.8,82.2,84.2,63.6,74.0,59.3,69.8,1.8,0.7,2.7,0.0,0.0,3.5,4.0,2394.1,24.00,36,35,35,68,103,383,2,2,Yes,No,No,No,No,No,No,No,No,No,Yes,No,No,No,No,No,No,No,No,No,No,No,No,No,No,No,No,Yes,No,No,No,No,No,No,No,Yes,No,No,86.0,4500,3240,4260,62.5,1.110,1.110,1.815,1.815,1.005,5.110,1.250,No,No,No,63.2,1.110,1.110,1.815,1.815,1.005,5.110,1.375,No,No,No,43,43,94.0,100.0,No,No,32291,48158,39,70,99.0,100.0,No,No,1856,3311,0.4,1.9,2.2,0.274,0.041,62494,43346,0.0,0.1,0.1,0.000,0.052,32272,12215,68.4,68.0,74.4,83.0,0.875,20.570,20.566,20.575,50.363,21.779,34.935,12.915,48.043,3.000,15.896,9.226,28.439,100.000,140.000,2250.0,2200.2,1890.0,2234.0,1905.0,43.0,14.0,0.0,6.0,29.7,8.8,35.1,0.0,0.0,0.0,Yes,No,No,No,No,Yes,No,0,0,0,0,0,0,0,0,0,0,0,0,0,0,0,0,0,0,0,0,0,0,0,0,0,0,0,0,0,0,5753,2435,2203,346,16.0,64,0.310,34.004,550.0,2394.0,0.1,0.0,0.0,0.0,0.0,0.0,0.0,0.0,0.0,2,16190,2,No,No,No,No,No,No,No,No,16.703,68.277,100.0,0.000,24.1,119,0,0,7.5,118.9,332.8,55.3,52.5,53.6,52.1,118.6,166.2,55.0,55.0,55.0,55.0,8.41,18.15,2.75,2.61,19.22,20.23,3.85,4.56,8.14,0.27,3.14,1445,245,0.4,0.3,0,0,0.0,0.0,0,
11.6.2026,17:26:24.324,19825,28943,40.6,16947,15437,52.3,9.2,16384,1508,1.157,1.209,1.149,1.129,1.129,1.164,1.134,1.149,1.169,1.164,1.154,1.139,1.149,1.184,1.174,1.063,0.783,3748.0,4489.0,4489.0,4489.0,4489.0,4688.5,4489.0,1895.4,3591.2,3591.2,3591.2,1895.4,3591.2,3591.2,3591.2,99.8,3890.5,799.5,1710.8,63.1,1450.0,237.7,313.3,2710.3,2923.4,485.3,171.5,1291.6,1481.9,111.7,493.3,350.9,245.6,177.0,402.4,443.4,454.4,473.3,888.6,19.0,40.1,0.7,33.7,4.7,6.3,60.6,65.1,10.2,3.2,30.1,34.1,1.8,15.6,10.1,6.8,4.5,11.5,12.8,13.0,14.4,65.1,19.0,100.0,34.0,67.3,2.5,56.7,9.4,12.5,106.0,114.1,19.1,6.9,50.6,58.1,4.5,28.3,20.0,14.0,10.3,22.9,25.1,25.7,26.6,34.0,37.6,45.0,45.0,45.0,45.0,47.0,45.0,19.0,36.0,36.0,36.0,19.0,36.0,36.0,36.0,39.0,65,66,65,68,67,66,65,63,63,63,63,64,64,64,64,35,34,35,32,33,34,35,37,37,37,37,36,36,36,36,76,68,No,No,No,No,No,No,No,No,No,No,No,No,No,No,No,No,No,No,No,No,No,No,No,No,No,No,No,No,No,No,No,No,No,No,No,No,No,No,No,No,No,No,No,No,No,No,No,No,76,74,64,1.100,34.594,38.426,31.749,0.002,5.215,0.617,175.0,175.0,175.0,175.0,0,0.0,0.0,19.6,40.3,1.4,34.2,5.3,7.0,61.0,65.3,10.8,3.9,30.7,34.7,2.5,16.1,10.7,7.7,5.2,12.3,13.7,13.8,15.2,24.0,55.9,60.4,35.0,28.1,63.4,54.9,18.5,2.1,2.6,1.2,2.5,4.8,2.4,3.9,45.1,0.0,0.0,0.0,0.0,0.0,2.9,59.1,82.6,86.3,90.6,79.9,76.1,78.1,75.6,1.5,0.9,1.7,0.0,0.0,2.5,3.7,2394.1,24.00,36,35,35,68,103,383,2,2,Yes,No,No,No,No,No,No,No,No,No,Yes,No,No,No,No,No,No,No,No,No,No,No,No,No,No,No,No,Yes,No,No,No,No,No,No,No,Yes,No,No,87.0,4500,3240,4260,62.5,1.095,1.110,1.815,1.815,1.005,5.110,0.625,No,No,No,63.2,1.110,1.110,1.815,1.815,1.005,5.110,1.875,No,No,No,43,43,94.0,100.0,No,No,32291,48158,39,70,99.0,100.0,No,No,1856,3311,0.1,1.6,1.7,0.016,0.134,62494,43346,0.0,0.1,0.1,0.000,2.084,32272,12217,69.2,68.0,76.1,83.0,0.875,20.545,20.540,20.550,50.743,22.337,34.951,12.961,48.107,3.000,15.952,17.492,23.898,100.000,140.000,2250.0,2200.2,1890.0,2234.1,1905.0,41.0,14.0,0.0,5.0,29.7,8.6,34.6,0.0,0.0,0.0,Yes,No,No,No,No,Yes,No,0,0,0,0,0,0,0,0,0,0,0,0,0,0,0,0,0,0,0,0,0,0,0,0,0,0,0,0,0,0,5753,2435,2203,347,16.0,64,0.300,39.039,600.0,2394.0,0.1,0.0,0.0,0.0,0.0,0.0,0.0,0.0,0.0,2,16190,2,No,No,No,No,No,No,No,No,16.704,68.277,100.0,0.000,24.1,118,0,0,8.4,117.8,367.6,45.7,44.5,44.8,44.4,117.9,166.3,54.9,42.3,47.0,41.1,8.49,21.92,2.67,2.61,22.35,22.53,3.85,4.64,8.23,0.26,3.22,1445,245,6.6,3.3,0,0,0.0,0.0,0,
11.6.2026,17:26:25.313,19938,28830,40.8,16994,15390,52.4,9.2,16384,1508,1.236,1.260,1.265,1.245,1.215,1.255,1.265,1.234,1.234,1.224,1.224,1.214,1.219,1.229,1.224,1.063,0.783,3976.0,4489.0,4489.0,4489.0,4489.0,4489.0,4489.0,3591.2,3591.2,3591.2,3591.2,3591.2,3591.2,3591.2,3591.2,99.8,3890.5,869.0,1768.4,92.0,1516.7,292.2,478.8,2633.2,2786.0,623.2,184.0,1420.0,1445.0,114.6,567.2,525.3,338.3,332.5,569.8,558.4,541.8,591.6,944.8,21.8,41.8,0.0,35.8,7.2,11.4,59.8,62.8,14.5,4.7,33.8,34.2,3.1,18.1,16.6,11.0,10.7,18.0,17.3,16.6,19.0,62.8,21.8,100.0,37.7,69.5,3.7,59.3,11.5,18.9,102.9,108.5,24.4,7.4,55.4,56.3,4.4,32.6,30.3,20.0,19.2,32.7,32.6,31.5,33.7,37.8,39.9,45.0,45.0,45.0,45.0,45.0,45.0,36.0,36.0,36.0,36.0,36.0,36.0,36.0,36.0,39.0,64,66,65,65,70,64,63,63,63,63,63,64,64,64,64,36,34,35,35,30,36,37,37,37,37,37,36,36,36,36,76,70,No,No,No,No,No,No,No,No,No,No,No,No,No,No,No,No,No,No,No,No,No,No,No,No,No,No,No,No,No,No,No,No,No,No,No,No,No,No,No,No,No,No,No,No,No,No,No,No,76,70,64,1.100,39.657,34.560,27.910,0.002,5.208,0.610,175.0,175.0,175.0,175.0,0,0.0,0.0,21.5,41.1,2.1,35.4,6.5,10.8,59.5,62.5,13.9,4.1,33.4,33.8,2.6,17.8,16.2,10.4,10.4,17.6,16.8,16.3,18.6,28.6,54.5,58.1,33.3,28.7,60.9,59.9,20.2,10.5,7.2,6.3,20.7,10.0,19.8,10.0,37.9,1.0,0.0,0.0,0.1,0.0,0.0,55.8,68.3,78.2,79.6,56.2,67.5,58.2,66.3,1.2,0.3,1.6,0.0,0.0,2.3,3.2,2394.1,24.00,36,35,35,68,103,383,2,2,Yes,No,No,No,No,No,No,No,No,No,Yes,No,No,Yes,No,No,No,No,No,No,No,Yes,No,No,No,No,No,Yes,No,No,No,No,No,No,No,Yes,No,No,86.0,4440,3240,4260,62.5,1.095,1.110,1.815,1.815,1.005,5.110,2.375,No,No,No,63.2,1.095,1.110,1.815,1.815,1.005,5.110,2.125,No,No,No,43,43,94.0,100.0,No,No,32291,48158,39,70,99.0,100.0,No,No,1856,3311,1.2,2.5,3.7,0.782,0.139,62494,43346,0.1,0.2,0.3,0.069,2.136,32273,12219,67.2,68.0,72.3,83.0,0.875,20.545,20.542,20.547,50.557,25.371,31.034,12.079,43.293,3.000,15.051,49.064,24.073,100.000,140.000,2250.0,2200.2,1890.0,2233.9,1905.0,40.0,13.0,0.0,5.0,29.9,8.7,34.7,0.0,0.0,0.0,Yes,No,No,No,No,Yes,No,0,0,0,0,0,0,0,0,0,0,0,0,0,0,0,0,0,0,0,0,0,0,0,0,0,0,0,0,0,0,5742,2446,2264,352,16.0,64,0.300,37.043,550.0,2394.0,0.3,0.0,0.0,0.0,0.0,0.0,0.0,0.0,0.0,2,16190,2,No,No,No,No,No,No,No,No,16.704,68.277,100.0,0.000,24.1,116,0,0,7.9,710.4,710.4,710.4,710.4,710.4,710.4,0.0,0.0,0.0,0.0,0.0,0.0,1.41,1.41,1.41,1.41,1.41,1.41,0.18,1.08,1.41,0.00,0.00,1445,245,12.7,6.5,0,0,0.0,0.0,0,
11.6.2026,17:26:26.321,19897,28871,40.7,16964,15420,52.3,9.2,16384,1508,1.221,1.200,1.220,1.220,1.233,1.208,1.208,1.213,1.223,1.223,1.228,1.238,1.233,1.233,1.213,1.063,0.783,3976.0,4489.0,4489.0,4489.0,4489.0,4489.0,4489.0,3591.2,3591.2,3591.2,3591.2,3591.2,3591.2,3591.2,3591.2,99.8,3890.5,798.2,1642.7,63.2,1365.9,241.5,313.8,2569.4,2893.3,379.0,173.8,1220.1,1381.6,89.3,549.7,379.9,275.2,223.6,585.8,523.9,588.1,503.9,860.1,19.9,39.1,5.0,32.7,4.6,6.1,58.1,64.7,9.0,3.0,29.4,32.9,1.2,17.5,11.2,8.5,7.8,18.0,16.0,18.2,16.1,64.7,19.9,100.0,34.6,64.5,2.6,53.3,9.6,12.6,100.4,112.6,14.9,6.9,47.6,53.9,3.8,32.1,22.0,16.5,12.9,33.5,30.7,33.6,29.2,34.7,39.9,45.0,45.0,45.0,45.0,45.0,45.0,36.0,36.0,36.0,36.0,36.0,36.0,36.0,36.0,39.0,65,66,65,75,67,68,64,63,63,63,63,64,64,64,64,35,34,35,25,33,32,36,37,37,37,37,36,36,36,36,76,75,No,No,No,No,No,No,No,No,No,No,No,No,No,No,No,No,No,No,No,No,No,No,No,No,No,No,No,No,No,No,No,No,No,No,No,No,No,No,No,No,No,No,No,No,No,No,No,No,76,68,65,1.100,16.031,40.783,34.055,0.004,5.293,0.620,175.0,175.0,175.0,175.0,0,0.0,0.0,19.7,38.5,1.4,32.2,5.4,7.0,57.9,64.5,8.4,3.9,29.0,32.4,2.0,16.9,12.0,8.0,7.2,17.6,15.6,17.7,15.7,28.1,56.2,62.6,38.2,31.1,65.0,62.1,13.4,5.4,3.9,1.1,13.4,9.1,20.1,12.2,40.9,0.9,0.0,0.0,0.0,0.0,0.0,63.6,77.9,84.2,88.8,63.4,69.7,57.2,66.5,1.4,1.5,1.7,0.0,0.0,2.8,2.6,2394.1,24.00,36,35,35,68,103,383,2,2,Yes,No,No,No,No,No,No,No,No,No,Yes,No,No,Yes,No,No,No,No,No,No,No,Yes,No,No,No,No,No,Yes,No,No,No,No,No,No,No,Yes,No,No,86.0,4500,3300,4260,62.5,1.095,1.110,1.815,1.815,1.005,5.110,2.125,No,No,No,63.2,1.095,1.110,1.800,1.815,1.005,5.110,1.625,No,No,No,43,43,94.0,100.0,No,No,32291,48158,39,70,99.0,100.0,No,No,1856,3311,0.7,0.8,1.5,0.156,0.066,62494,43346,0.0,0.1,0.1,0.000,2.085,32273,12221,68.5,68.0,74.9,83.0,0.875,20.543,20.538,20.547,49.653,22.115,34.826,13.021,48.061,3.000,16.003,8.978,30.914,100.000,140.000,2250.0,2200.2,1890.0,2235.0,1905.0,36.0,13.0,0.0,5.0,30.5,8.9,35.6,0.0,0.0,0.0,Yes,No,No,No,No,Yes,No,0,0,0,0,0,0,0,0,0,0,0,0,0,0,0,0,0,0,0,0,0,0,0,0,0,0,0,0,0,0,5693,2495,2264,352,16.0,64,0.300,37.600,600.0,2394.0,0.2,0.0,0.0,0.0,0.0,0.0,0.0,0.0,0.0,2,16190,2,No,No,No,No,No,No,No,No,16.703,68.277,100.0,0.000,24.1,118,0,0,8.1,117.9,332.0,46.2,41.1,42.6,40.6,116.2,696.6,42.4,32.9,36.1,32.1,8.59,21.76,2.96,2.59,23.49,24.65,3.90,4.69,8.22,0.37,3.84,1445,245,0.2,0.2,0,0,0.0,0.0,0,
11.6.2026,17:26:27.319,19865,28903,40.7,16966,15418,52.3,9.2,16384,1508,1.201,1.200,1.175,1.170,1.160,1.185,1.185,1.209,1.224,1.224,1.224,1.219,1.214,1.214,1.214,1.063,0.783,3897.6,4489.0,4489.0,4489.0,4688.5,4688.5,4688.5,1895.4,3591.2,3591.2,3591.2,3591.2,3591.2,3591.2,3591.2,99.8,3890.5,805.2,1597.8,88.2,1336.7,249.8,428.4,2541.2,2770.7,554.5,181.0,1322.3,1324.5,113.0,505.3,447.7,299.9,274.5,478.9,459.1,551.4,579.7,877.2,19.4,37.4,0.0,31.0,6.2,10.0,56.9,61.8,11.5,4.6,30.7,30.7,3.1,15.1,13.8,8.1,7.4,13.6,12.9,15.7,17.6,61.8,19.4,100.0,34.9,62.9,3.5,52.2,9.9,17.0,99.3,108.1,21.7,7.3,51.6,51.8,4.5,29.1,26.1,17.4,15.8,27.4,26.5,32.5,33.7,34.9,39.1,45.0,45.0,45.0,47.0,47.0,47.0,19.0,36.0,36.0,36.0,36.0,36.0,36.0,36.0,39.0,64,66,67,68,67,66,65,62,62,62,62,64,64,64,64,36,34,33,32,33,34,35,38,38,38,38,36,36,36,36,76,68,No,No,No,No,No,No,No,No,No,No,No,No,No,No,No,No,No,No,No,No,No,No,No,No,No,No,No,No,No,No,No,No,No,No,No,No,No,No,No,No,No,No,No,No,No,No,No,No,76,68,65,1.100,29.532,34.571,28.489,0.002,5.215,0.599,175.0,175.0,175.0,175.0,0,0.0,0.0,19.9,37.8,2.0,31.7,5.6,9.6,57.2,62.0,12.4,4.1,31.4,31.4,2.5,16.1,13.4,9.1,8.3,14.6,13.8,16.7,18.5,27.4,58.4,63.6,37.2,31.1,63.5,64.6,9.4,5.1,5.6,3.3,17.7,5.4,6.5,12.1,41.7,0.0,0.0,0.0,0.0,0.0,0.0,68.2,76.2,81.6,85.2,62.5,75.5,70.7,64.1,0.8,0.6,1.1,0.0,0.0,2.0,1.2,2394.1,24.00,36,35,35,68,103,383,2,2,Yes,No,No,No,No,No,No,No,No,No,Yes,No,No,Yes,No,No,No,No,No,No,No,Yes,No,No,No,No,No,Yes,No,No,No,No,No,No,No,Yes,No,No,86.0,4500,3240,4260,62.5,1.095,1.110,1.800,1.815,1.005,5.110,0.875,No,No,No,63.2,1.095,1.110,1.800,1.815,1.005,5.110,1.000,No,No,No,43,43,94.0,100.0,No,No,32291,48158,39,70,99.0,100.0,No,No,1856,3311,0.1,3.2,3.3,0.023,1.082,62494,43347,0.1,0.2,0.3,0.073,0.109,32273,12221,67.8,68.0,73.0,83.0,0.875,20.561,20.557,20.565,49.633,21.470,34.644,12.807,47.650,3.000,15.785,8.940,27.464,100.000,140.000,2250.0,2200.2,1890.0,2234.8,1905.0,46.0,14.0,0.0,5.0,29.9,9.2,36.7,0.0,0.0,0.0,Yes,No,No,No,No,Yes,No,0,0,0,0,0,0,0,0,0,0,0,0,0,0,0,0,0,0,0,0,0,0,0,0,0,0,0,0,0,0,5741,2447,2215,347,16.0,64,0.300,37.165,600.0,2394.0,0.1,0.0,0.0,0.0,0.0,0.0,0.0,0.0,0.0,2,16190,2,No,No,No,No,No,No,No,No,16.703,68.277,100.0,0.000,24.1,119,0,0,7.6,117.9,332.0,46.2,41.1,42.6,40.6,116.2,696.6,42.4,32.9,36.1,32.1,8.59,21.76,2.96,2.59,23.49,24.65,3.90,4.69,8.22,0.37,3.84,1445,245,0.2,0.2,0,0,0.0,0.0,0,
11.6.2026,17:26:28.321,19864,28904,40.7,16964,15420,52.3,9.2,16384,1508,1.186,1.187,1.157,1.157,1.197,1.152,1.187,1.197,1.187,1.187,1.221,1.177,1.221,1.197,1.187,1.063,0.783,3498.6,4489.0,4489.0,4489.0,4888.0,798.0,4489.0,1895.4,3591.2,3591.2,3591.2,1895.4,3591.2,3591.2,3591.2,99.8,3890.5,740.0,1480.0,81.9,1274.4,277.4,292.4,2493.3,2769.5,298.1,190.5,1107.0,1186.6,104.2,403.6,297.8,228.8,166.7,495.4,556.7,559.4,536.5,790.8,18.9,35.9,2.7,31.0,7.0,7.3,56.4,62.4,7.5,5.1,27.0,28.8,1.7,13.4,9.7,7.5,5.7,15.9,17.8,17.8,17.6,62.4,18.9,100.0,32.0,58.2,3.3,49.7,10.9,11.7,97.4,107.7,11.8,7.6,43.2,46.3,4.2,23.4,17.1,13.5,9.7,29.2,33.0,32.1,31.0,32.0,35.1,45.0,45.0,45.0,49.0,8.0,45.0,19.0,36.0,36.0,36.0,19.0,36.0,36.0,36.0,39.0,65,67,67,69,67,66,63,63,63,63,63,64,64,64,64,35,33,33,31,33,34,37,37,37,37,37,36,36,36,36,76,69,No,No,No,No,No,No,No,No,No,No,No,No,No,No,No,No,No,No,No,No,No,No,No,No,No,No,No,No,No,No,No,No,No,No,No,No,No,No,No,No,No,No,No,No,No,No,No,No,76,69,65,1.100,30.375,38.157,30.893,0.002,5.210,0.609,175.0,175.0,175.0,175.0,0,0.0,0.0,18.3,35.1,1.8,30.4,6.2,6.5,56.1,62.0,6.7,4.3,26.5,28.2,2.3,12.8,9.0,6.8,5.0,15.3,17.3,17.2,17.0,25.6,60.3,64.6,40.2,34.8,61.5,64.2,7.5,0.0,1.9,0.0,5.4,7.9,5.2,4.6,44.8,0.0,0.0,0.0,0.0,0.0,0.0,73.7,86.3,87.6,92.0,73.5,68.5,72.1,73.1,2.5,1.3,1.4,0.0,0.0,8.1,4.3,2394.1,24.00,36,35,35,68,103,383,2,2,Yes,No,No,No,No,No,No,No,No,No,Yes,No,No,Yes,No,No,No,No,No,No,No,Yes,No,No,No,No,No,Yes,No,No,No,No,No,No,No,Yes,No,No,86.0,4500,3240,4260,62.5,1.095,1.110,1.800,1.815,0.990,5.110,1.125,No,No,No,63.2,1.095,1.110,1.800,1.815,0.990,5.110,1.000,No,No,No,43,43,94.0,100.0,No,No,32291,48158,39,70,99.0,100.0,No,No,1856,3311,0.1,3.2,3.3,0.023,1.082,62494,43347,0.1,0.2,0.3,0.073,0.109,32273,12221,68.0,68.0,73.6,83.0,0.875,20.574,20.570,20.578,49.937,21.054,34.231,12.609,47.041,3.000,15.598,8.945,25.957,100.000,140.000,2250.0,2200.2,1890.0,2234.9,1905.0,38.0,13.0,0.0,5.0,29.9,9.1,36.2,0.0,0.0,0.0,Yes,No,No,No,No,Yes,No,0,0,0,0,0,0,0,0,0,0,0,0,0,0,0,0,0,0,0,0,0,0,0,0,0,0,0,0,0,0,5741,2447,2215,347,16.0,64,0.300,34.211,600.0,2394.0,0.1,0.0,0.0,0.0,0.0,0.0,0.0,0.0,0.0,2,16190,2,No,No,No,No,No,No,No,No,16.703,68.277,100.0,0.000,24.1,119,0,0,7.6,119.2,350.9,58.4,53.1,55.1,52.5,118.9,167.1,57.8,42.5,47.1,41.2,8.39,16.97,2.88,2.55,18.06,19.07,3.71,4.67,8.12,0.26,3.15,1445,245,39.1,12.3,0,0,0.0,0.0,0,
11.6.2026,17:26:29.321,19864,28904,40.7,16964,15420,52.3,9.2,16384,1508,1.186,1.187,1.157,1.157,1.197,1.152,1.187,1.197,1.187,1.187,1.221,1.177,1.221,1.197,1.187,1.063,0.783,3498.6,4489.0,4489.0,4489.0,4888.0,798.0,4489.0,1895.4,3591.2,3591.2,3591.2,1895.4,3591.2,3591.2,3591.2,99.8,3890.5,740.0,1480.0,81.9,1274.4,277.4,292.4,2493.3,2769.5,298.1,190.5,1107.0,1186.6,104.2,403.6,297.8,228.8,166.7,495.4,556.7,559.4,536.5,790.8,18.9,35.9,2.7,31.0,7.0,7.3,56.4,62.4,7.5,5.1,27.0,28.8,1.7,13.4,9.7,7.5,5.7,15.9,17.8,17.8,17.6,62.4,18.9,100.0,32.0,58.2,3.3,49.7,10.9,11.7,97.4,107.7,11.8,7.6,43.2,46.3,4.2,23.4,17.1,13.5,9.7,29.2,33.0,32.1,31.0,32.0,35.1,45.0,45.0,45.0,49.0,8.0,45.0,19.0,36.0,36.0,36.0,19.0,36.0,36.0,36.0,39.0,65,67,67,69,67,66,63,63,63,63,63,64,64,64,64,35,33,33,31,33,34,37,37,37,37,37,36,36,36,36,76,69,No,No,No,No,No,No,No,No,No,No,No,No,No,No,No,No,No,No,No,No,No,No,No,No,No,No,No,No,No,No,No,No,No,No,No,No,No,No,No,No,No,No,No,No,No,No,No,No,76,69,64,1.100,40.501,31.979,25.382,0.002,5.157,0.588,175.0,175.0,175.0,175.0,0,0.0,0.0,18.3,35.1,1.8,30.4,6.2,6.5,56.1,62.0,6.7,4.3,26.5,28.2,2.3,12.8,9.0,6.8,5.0,15.3,17.3,17.2,17.0,25.6,60.3,64.6,40.2,34.8,61.5,64.2,7.5,0.0,1.9,0.0,5.4,7.9,5.2,4.6,44.8,0.0,0.0,0.0,0.0,0.0,0.0,73.7,86.3,87.6,92.0,73.5,68.5,72.1,73.1,2.5,1.3,1.4,0.0,0.0,8.1,4.3,2394.1,24.00,36,35,35,68,103,383,2,2,Yes,No,No,No,No,No,No,No,No,No,Yes,No,No,Yes,No,No,No,No,No,No,No,Yes,No,No,No,No,No,Yes,No,No,No,No,No,No,No,Yes,No,No,86.0,4500,3180,4260,62.5,1.095,1.110,1.800,1.815,0.990,5.110,2.000,No,No,No,63.2,1.095,1.110,1.800,1.815,0.990,5.110,1.250,No,No,No,43,43,94.0,100.0,No,No,32291,48158,39,70,99.0,100.0,No,No,1856,3311,0.0,2.5,2.5,0.000,0.406,62494,43348,0.0,0.1,0.1,0.000,2.069,32273,12223,68.0,68.0,73.5,83.0,0.870,20.573,20.570,20.577,49.584,21.178,33.521,12.671,46.379,3.000,15.643,8.724,28.310,100.000,140.000,2190.0,2200.2,1875.0,2227.3,1890.0,40.0,13.0,0.0,6.0,29.9,9.0,36.2,0.0,0.0,0.0,Yes,No,No,No,No,Yes,No,0,0,0,0,0,0,0,0,0,0,0,0,0,0,0,0,0,0,0,0,0,0,0,0,0,0,0,0,0,0,5741,2447,2215,347,16.0,64,0.300,33.498,550.0,2394.0,0.1,0.0,0.0,0.0,0.0,0.0,0.0,0.0,0.0,2,16190,2,No,No,No,No,No,No,No,No,16.703,68.277,100.0,0.000,24.1,118,0,0,8.6,118.3,373.5,48.2,46.1,46.8,45.8,118.9,166.2,42.8,41.2,41.2,41.2,8.46,20.73,2.69,2.48,21.36,21.84,3.62,4.84,8.20,0.26,3.36,1445,245,0.7,0.7,0,0,0.0,0.0,0,
11.6.2026,17:26:30.315,19862,28905,40.7,16961,15423,52.3,9.2,16384,1508,1.229,1.207,1.217,1.232,1.227,1.232,1.222,1.252,1.257,1.237,1.247,1.217,1.212,1.212,1.232,1.063,0.781,3990.2,4688.5,4489.0,4489.0,4489.0,4489.0,4489.0,3591.2,3591.2,3591.2,3591.2,3591.2,3591.2,3591.2,3591.2,99.8,3890.5,756.0,1557.6,52.8,1256.6,222.3,285.5,2455.2,2901.0,277.8,195.5,1153.0,1272.7,75.1,539.2,287.8,238.4,208.3,530.3,519.1,534.7,557.2,811.2,18.0,36.6,1.9,29.4,4.1,5.5,54.9,64.5,5.3,3.5,26.7,29.5,2.3,16.4,7.8,6.0,5.0,15.3,14.4,15.1,16.4,64.5,18.0,100.0,32.8,61.2,2.1,49.1,8.8,11.5,96.1,112.8,11.0,7.8,44.8,49.4,3.0,30.8,16.8,14.1,12.4,31.0,30.4,30.8,31.9,32.8,40.0,47.0,45.0,45.0,45.0,45.0,45.0,36.0,36.0,36.0,36.0,36.0,36.0,36.0,36.0,39.0,64,66,65,65,68,65,63,63,63,63,63,64,64,64,64,36,34,35,35,32,35,37,37,37,37,37,36,36,36,36,75,68,No,No,No,No,No,No,No,No,No,No,No,No,No,No,No,No,No,No,No,No,No,No,No,No,No,No,No,No,No,No,No,No,No,No,No,No,No,No,No,No,No,No,No,No,No,No,No,No,76,66,64,1.100,12.656,34.242,27.674,0.002,5.187,0.590,175.0,175.0,175.0,175.0,0,0.0,0.0,18.7,36.9,1.2,30.0,5.0,6.4,55.5,64.7,6.2,4.4,27.5,30.2,1.7,17.2,8.7,7.0,6.0,16.2,15.5,16.0,17.3,28.9,59.4,65.0,40.7,32.1,67.5,65.7,29.8,4.7,5.2,4.1,10.9,5.9,9.1,4.6,41.7,0.0,0.8,0.0,0.0,0.6,0.0,47.8,82.5,84.5,86.9,66.7,72.7,69.2,72.7,0.7,0.8,0.7,0.0,0.0,1.1,1.6,2394.1,24.00,36,35,35,68,103,383,2,2,Yes,No,No,No,No,No,No,No,No,No,Yes,No,No,Yes,No,No,No,No,No,No,No,Yes,No,No,No,No,No,Yes,No,No,No,No,No,No,No,Yes,No,No,86.0,4380,3240,4260,62.5,1.095,1.110,1.800,1.815,0.990,5.110,2.000,No,No,No,63.2,1.095,1.110,1.800,1.815,0.990,5.110,1.000,No,No,No,43,43,94.0,100.0,No,No,32291,48158,39,70,99.0,100.0,No,No,1856,3311,0.3,1.0,1.3,0.016,0.198,62494,43348,0.0,0.1,0.1,0.000,2.088,32273,12225,69.2,68.0,75.7,83.0,0.870,20.577,20.573,20.581,48.925,20.866,33.569,12.653,46.410,3.000,15.637,8.862,25.929,100.000,140.000,2175.0,2200.2,1875.0,2170.8,1890.0,39.0,13.0,0.0,5.0,29.9,9.2,36.7,0.0,0.0,0.0,Yes,No,No,No,No,Yes,No,0,0,0,0,0,0,0,0,0,0,0,0,0,0,0,0,0,0,0,0,0,0,0,0,0,0,0,0,0,0,5741,2447,2215,347,16.0,64,0.300,33.637,550.0,2394.0,0.2,0.0,0.0,0.0,0.0,0.0,0.0,0.0,0.0,2,16190,2,No,No,No,No,No,No,No,No,16.704,68.277,100.0,0.000,24.1,119,0,0,8.3,118.6,401.0,47.4,44.7,44.8,44.6,118.9,166.6,55.0,54.9,55.0,54.9,8.43,21.10,2.48,2.40,22.32,22.41,3.67,4.76,8.17,0.26,3.34,1445,245,0.4,0.0,0,0,0.0,0.0,0,
11.6.2026,17:26:31.327,19864,28904,40.7,16959,15424,52.3,9.2,16384,1508,1.193,1.201,1.181,1.150,1.160,1.175,1.161,1.177,1.192,1.197,1.221,1.221,1.221,1.231,1.216,1.063,0.783,3356.1,4489.0,798.0,4489.0,4688.5,798.0,4489.0,3591.2,3591.2,3591.2,3591.2,3591.2,3591.2,2094.9,3591.2,99.8,3890.5,734.0,1529.9,74.0,1269.7,170.7,1200.7,1464.0,2860.0,317.6,545.6,703.2,1218.2,144.0,492.8,336.9,197.5,165.6,517.6,522.7,433.5,515.4,793.1,18.6,37.0,2.3,30.7,4.4,27.7,33.4,63.9,7.5,13.5,17.1,29.2,3.8,16.4,10.5,6.2,5.6,16.2,16.3,13.4,16.5,63.9,18.6,100.0,31.8,60.1,3.0,49.7,6.7,47.1,57.4,111.2,12.3,21.4,27.5,47.2,5.7,28.5,19.7,11.6,9.7,30.3,30.9,25.2,30.4,31.8,33.6,45.0,8.0,45.0,47.0,8.0,45.0,36.0,36.0,36.0,36.0,36.0,36.0,21.0,36.0,39.0,67,69,69,70,80,66,74,63,63,63,63,64,64,64,64,33,31,31,30,20,34,26,37,37,37,37,36,36,36,36,77,80,No,No,No,No,No,No,No,No,No,No,No,No,No,No,No,No,No,No,No,No,No,No,No,No,No,No,No,No,No,No,No,No,No,No,No,No,No,No,No,No,No,No,No,No,No,No,No,No,77,68,65,1.100,27.844,33.533,26.857,0.001,5.173,0.589,175.0,175.0,175.0,175.0,0,0.0,0.0,18.1,36.5,1.7,30.3,3.8,27.3,33.0,63.7,7.1,13.1,16.6,28.9,3.2,15.9,10.1,5.7,5.1,15.8,15.8,13.0,16.1,27.9,59.7,65.0,42.5,33.0,65.6,65.5,24.8,5.4,2.4,0.0,8.3,5.1,7.2,6.4,43.1,0.0,0.0,0.0,0.0,0.0,0.0,53.6,79.9,88.7,92.2,70.1,73.2,74.3,71.8,1.6,0.6,1.4,0.1,0.0,4.9,2.7,2394.1,24.00,36,35,35,68,103,383,2,2,Yes,No,No,No,No,No,No,No,No,No,Yes,No,No,Yes,No,No,No,No,No,No,No,Yes,No,No,No,No,No,Yes,No,No,No,No,No,No,No,Yes,No,No,86.0,4440,3240,4260,62.5,1.095,1.110,1.800,1.815,0.990,5.110,1.125,No,No,No,63.2,1.095,1.095,1.800,1.815,0.990,5.110,0.875,No,No,No,43,43,94.0,100.0,No,No,32291,48158,39,70,99.0,100.0,No,No,1856,3311,0.6,0.0,0.6,0.256,0.043,62495,43348,0.1,0.1,0.2,0.065,2.084,32273,12227,67.6,68.0,72.8,83.0,0.870,20.572,20.567,20.576,49.155,29.945,33.497,12.669,46.357,3.000,15.644,72.316,26.134,100.000,140.000,2175.0,2200.2,1875.0,2161.9,1890.0,40.0,14.0,0.0,6.0,29.9,9.3,37.2,0.0,0.0,0.0,Yes,No,No,No,No,Yes,No,0,0,0,0,0,0,0,0,0,0,0,0,0,0,0,0,0,0,0,0,0,0,0,0,0,0,0,0,0,0,5741,2447,2215,347,16.0,66,0.300,35.538,600.0,2394.0,0.1,0.0,0.0,0.0,0.0,0.0,0.0,0.0,0.0,2,16190,2,No,No,No,No,No,No,No,No,16.704,68.277,100.0,0.000,24.1,119,0,0,8.7,119.5,381.1,56.8,55.5,55.7,55.4,119.2,166.3,55.0,54.9,54.9,54.9,8.37,17.60,2.58,2.58,17.97,18.06,3.68,4.69,8.11,0.26,3.17,1445,245,1.6,4.7,0,0,0.0,0.0,0,
11.6.2026,17:26:32.318,19857,28911,40.7,16960,15424,52.3,9.2,16384,1508,1.186,1.227,1.182,1.198,1.190,1.210,1.235,1.235,1.184,1.149,1.159,1.154,1.154,1.164,1.164,1.063,0.783,3854.9,4489.0,4489.0,4489.0,4489.0,4489.0,4489.0,3591.2,3591.2,1895.4,3591.2,3591.2,3591.2,3591.2,3591.2,99.8,3890.5,808.0,1705.2,126.4,1450.7,71.2,2775.8,327.2,2903.0,270.5,1283.9,209.2,1374.5,152.3,488.6,332.5,213.0,193.9,540.4,577.7,527.3,637.1,867.4,20.0,40.7,1.7,34.6,0.4,63.4,7.5,66.3,6.4,31.2,5.2,32.8,2.2,15.5,10.3,6.5,6.2,16.3,17.2,16.1,19.6,66.3,20.0,100.0,34.8,66.9,5.0,56.5,2.9,108.3,12.7,113.1,10.9,50.1,8.2,53.7,6.0,27.6,19.0,12.3,11.3,31.5,33.6,30.5,36.1,34.8,38.6,45.0,45.0,45.0,45.0,45.0,45.0,36.0,36.0,19.0,36.0,36.0,36.0,36.0,36.0,39.0,66,75,67,70,62,66,66,63,63,63,63,65,65,65,65,34,25,33,30,38,34,34,37,37,37,37,35,35,35,35,76,75,No,No,No,No,No,No,No,No,No,No,No,No,No,No,No,No,No,No,No,No,No,No,No,No,No,No,No,No,No,No,No,No,No,No,No,No,No,No,No,No,No,No,No,No,No,No,No,No,76,70,65,1.100,45.563,37.278,30.696,0.002,5.210,0.604,175.0,175.0,175.0,175.0,0,0.0,0.0,20.0,40.3,2.8,34.4,1.6,63.1,7.3,66.1,6.1,31.1,4.8,32.5,3.4,15.3,10.2,6.3,5.9,16.3,17.2,16.0,19.5,25.8,55.4,61.6,32.9,30.7,62.8,62.6,5.8,6.5,1.3,2.4,8.6,6.5,14.5,9.0,42.7,0.0,0.0,0.0,0.0,0.0,0.8,73.1,78.6,88.7,88.5,69.0,70.1,63.4,66.1,0.9,0.8,1.1,0.0,0.0,2.5,1.0,2394.1,24.00,36,35,35,68,103,383,2,2,Yes,No,No,No,No,No,No,No,No,No,Yes,No,No,Yes,No,No,No,No,No,No,No,Yes,No,No,No,No,No,Yes,No,No,No,No,No,No,No,Yes,No,No,86.0,4500,3240,4260,62.5,1.095,1.110,1.815,1.815,0.990,5.110,2.125,No,No,No,63.2,1.095,1.110,1.800,1.815,0.990,5.110,1.250,No,No,No,43,43,94.0,100.0,No,No,32291,48158,39,70,99.0,100.0,No,No,1856,3311,0.1,1.2,1.3,0.068,0.016,62495,43348,0.0,0.0,0.0,0.000,0.000,32273,12227,68.2,68.0,73.7,83.0,0.875,20.559,20.555,20.564,49.142,21.905,34.647,12.579,47.440,3.000,15.564,9.105,30.997,100.000,140.000,2250.0,2200.2,1890.0,2214.8,1905.0,41.0,13.0,0.0,5.0,29.7,9.0,36.1,0.0,0.0,0.0,Yes,No,No,No,No,Yes,No,0,0,0,0,0,0,0,0,0,0,0,0,0,0,0,0,0,0,0,0,0,0,0,0,0,0,0,0,0,0,5754,2434,2203,344,16.0,65,0.300,35.392,600.0,2394.0,0.1,0.0,0.0,0.0,0.0,0.0,0.0,0.0,0.0,2,16190,2,No,No,No,No,No,No,No,No,16.703,68.277,100.0,0.000,24.1,117,0,0,8.0,116.9,366.9,44.3,41.5,42.4,41.3,116.9,4082.0,42.8,28.6,33.2,27.5,8.55,22.85,2.65,2.56,23.69,24.18,3.96,4.60,8.26,0.29,3.28,1445,245,2.5,2.8,0,0,0.0,0.0,0,
11.6.2026,17:26:33.327,19938,28830,40.8,16966,15418,52.3,9.2,16384,1508,1.219,1.279,1.194,1.229,1.224,1.199,1.199,1.209,1.219,1.234,1.229,1.229,1.214,1.204,1.193,1.101,0.783,3854.9,4489.0,4489.0,4489.0,4489.0,4489.0,4489.0,3591.2,3591.2,3591.2,1895.4,3591.2,3591.2,3591.2,3591.2,99.8,4090.0,652.2,1490.2,93.0,1178.5,42.7,2794.6,277.1,2336.6,163.3,896.1,138.0,1006.9,103.5,316.0,247.5,135.1,94.6,383.3,431.5,423.1,492.8,707.1,14.6,34.6,0.0,27.6,0.0,62.2,5.5,52.3,2.8,20.9,0.0,23.4,0.0,6.3,5.4,0.0,0.0,11.1,12.6,12.0,15.2,62.2,14.6,100.0,28.1,58.4,3.7,46.0,1.7,108.6,11.0,91.3,6.5,35.4,5.5,39.8,4.1,18.7,15.0,7.9,5.6,22.5,25.3,24.7,28.9,28.1,38.6,45.0,45.0,45.0,45.0,45.0,45.0,36.0,36.0,36.0,19.0,36.0,36.0,36.0,36.0,41.0,62,65,63,69,60,63,62,61,61,61,61,62,62,62,62,38,35,37,31,40,37,38,39,39,39,39,38,38,38,38,76,69,No,No,No,No,No,No,No,No,No,No,No,No,No,No,No,No,No,No,No,No,No,No,No,No,No,No,No,No,No,No,No,No,No,No,No,No,No,No,No,No,No,No,No,No,No,No,No,No,76,67,64,1.100,26.157,29.501,22.995,0.002,5.092,0.567,175.0,175.0,175.0,175.0,0,0.0,0.0,16.1,35.0,2.1,28.2,1.0,62.5,6.2,52.8,3.6,21.7,3.1,24.1,2.3,10.0,7.6,4.4,2.8,11.9,13.3,12.8,16.1,23.3,60.8,66.4,33.8,44.0,42.9,46.8,3.2,2.3,0.0,0.0,5.3,6.4,7.6,6.7,46.9,0.0,0.0,0.0,0.0,0.0,0.0,82.3,86.4,93.4,95.2,78.0,75.2,74.6,71.7,9.6,1.2,2.7,0.0,0.2,29.8,23.7,2394.1,24.00,36,35,35,68,103,383,2,2,Yes,No,No,No,No,No,No,No,No,No,Yes,No,No,Yes,No,No,No,No,No,No,No,Yes,No,No,No,No,No,Yes,No,No,No,No,No,No,No,Yes,No,No,86.0,4440,3240,4260,62.5,1.095,1.110,1.815,1.815,0.990,5.110,1.500,No,No,No,63.2,1.095,1.110,1.815,1.815,0.990,5.110,1.250,No,No,No,43,43,94.0,100.0,No,No,32291,48158,39,70,99.0,100.0,No,No,1856,3311,0.3,1.9,2.2,0.056,0.115,62495,43348,0.3,0.1,0.4,3.648,2.084,32276,12229,61.6,66.0,68.4,83.0,0.875,20.666,20.675,20.657,42.426,10.443,13.143,7.381,20.554,3.000,10.383,8.175,10.465,100.000,140.000,2250.0,1750.2,1890.0,2240.8,1905.0,9.0,3.0,0.0,1.0,30.5,3.2,12.6,0.0,0.0,0.0,Yes,No,No,No,No,Yes,No,0,0,0,0,0,0,0,0,0,0,0,0,0,0,0,0,0,0,0,0,0,0,0,0,0,0,0,0,0,0,5690,2498,2267,344,16.0,65,0.300,25.238,600.0,2394.0,0.2,0.0,0.0,0.0,0.0,0.0,0.0,0.0,0.0,2,16190,2,No,No,No,No,No,No,No,No,16.703,68.277,100.0,0.000,24.1,119,0,0,8.7,119.2,437.5,56.9,47.8,51.1,46.9,119.5,208.6,52.0,47.8,49.5,47.3,8.39,17.54,2.09,1.39,19.54,21.32,2.77,5.60,8.08,0.31,1.76,1445,245,42.1,1.4,0,0,0.0,0.0,0,
11.6.2026,17:26:34.320,19937,28831,40.8,16970,15413,52.4,9.2,16384,1508,1.197,1.235,1.225,1.180,1.185,1.200,1.170,1.202,1.182,1.212,1.217,1.172,1.182,1.192,1.202,1.101,0.783,3990.2,4489.0,4489.0,4489.0,4489.0,4688.5,4489.0,3591.2,3591.2,3591.2,3591.2,3591.2,3591.2,3591.2,3591.2,99.8,4090.0,443.3,1159.1,1.4,842.9,2.8,2562.3,51.7,1797.6,20.4,492.5,7.0,546.7,5.8,40.1,54.1,7.7,8.0,233.6,372.8,261.6,397.5,475.0,12.1,28.7,0.0,21.5,0.0,57.8,2.0,41.4,1.3,12.8,0.0,14.0,1.0,4.0,2.7,4.2,4.2,8.9,13.5,9.4,14.6,57.8,12.1,100.0,18.8,45.7,0.1,33.3,0.1,99.2,2.1,69.9,0.8,20.2,0.3,22.4,0.2,2.4,3.1,0.6,0.6,13.5,22.1,15.3,23.2,18.8,40.0,45.0,45.0,45.0,45.0,47.0,45.0,36.0,36.0,36.0,36.0,36.0,36.0,36.0,36.0,41.0,62,63,66,67,63,60,63,61,61,61,61,62,62,62,62,38,37,34,33,37,40,37,39,39,39,39,38,38,38,38,75,67,No,No,No,No,No,No,No,No,No,No,No,No,No,No,No,No,No,No,No,No,No,No,No,No,No,No,No,No,No,No,No,No,No,No,No,No,No,No,No,No,No,No,No,No,No,No,No,No,76,72,65,1.100,29.532,23.779,17.467,0.001,4.904,0.513,175.0,175.0,175.0,175.0,0,0.0,0.0,11.2,28.0,0.0,20.9,0.1,57.4,1.2,41.0,0.5,12.3,0.2,13.5,0.1,1.7,1.9,0.4,0.4,8.3,12.9,8.7,14.0,18.6,59.4,60.4,40.6,54.6,2.0,18.4,0.2,0.2,0.0,0.0,3.2,4.9,7.1,9.4,50.4,0.0,0.0,0.0,0.0,0.0,0.0,96.6,96.5,98.6,98.8,84.8,78.0,80.5,71.9,26.7,8.5,14.6,0.0,1.6,76.2,59.4,2394.1,24.00,36,35,35,68,103,383,2,2,Yes,No,No,No,No,No,No,No,No,No,Yes,No,No,Yes,No,No,No,No,No,No,No,Yes,No,No,No,No,No,Yes,No,No,No,No,No,No,No,Yes,No,No,86.0,4500,3180,4260,62.5,1.095,1.110,1.815,1.815,0.990,5.110,1.125,No,No,No,63.2,1.095,1.110,1.815,1.815,1.005,5.110,1.250,No,No,No,43,43,94.0,100.0,No,No,32291,48158,39,70,99.0,100.0,No,No,1856,3312,0.0,2.1,2.1,0.000,0.131,62495,43348,0.1,0.2,0.2,0.064,2.152,32276,12231,59.8,66.0,67.3,83.0,0.870,20.619,20.630,20.608,24.000,8.387,9.902,5.673,15.580,3.000,8.679,7.924,7.953,100.000,140.000,2175.0,1500.2,1875.0,2243.9,1890.0,2.0,1.0,0.0,6.0,32.1,0.9,3.5,0.0,0.0,0.0,Yes,No,No,No,No,Yes,No,0,0,0,0,0,0,0,0,0,1,0,0,0,0,0,0,0,0,0,0,0,0,0,0,0,0,0,0,0,0,5559,2629,2481,344,8.0,64,0.300,31.972,600.0,2394.0,0.2,0.0,0.0,0.0,0.0,0.0,0.0,0.0,0.0,2,16190,2,No,No,No,No,No,No,No,No,16.703,68.277,100.0,0.000,24.1,118,0,0,8.3,118.4,710.6,51.7,45.1,47.4,44.5,118.5,201.9,47.9,45.0,45.9,44.7,8.44,19.46,1.29,1.27,21.19,22.49,1.17,7.27,8.13,0.31,1.40,1445,245,1.2,5.0,0,0,0.0,0.0,0,
11.6.2026,17:26:35.316,20553,28215,42.1,17266,15118,53.3,9.2,16384,1507,1.206,1.200,1.185,1.176,1.183,1.183,1.210,1.225,1.220,1.225,1.225,1.220,1.200,1.215,1.215,1.063,0.783,3869.1,4489.0,4489.0,4489.0,4489.0,4489.0,4688.5,3591.2,1895.4,3591.2,3591.2,3591.2,3591.2,3591.2,3591.2,99.8,3890.5,730.2,1355.2,3.8,1388.6,2.2,2828.0,65.0,3449.9,25.4,1320.7,11.6,1263.3,10.0,148.2,70.0,29.6,18.9,641.3,624.7,683.2,664.1,749.4,22.1,31.6,24.0,32.0,37.9,62.9,0.0,76.0,0.0,30.0,17.4,28.2,0.8,5.3,3.9,0.4,0.0,22.4,22.2,25.2,22.0,76.0,22.1,100.0,31.8,54.6,0.2,56.1,0.1,110.7,2.6,134.4,1.0,52.5,0.5,49.8,0.4,9.0,4.4,1.9,1.2,39.0,37.0,40.6,39.4,31.8,38.8,45.0,45.0,45.0,45.0,45.0,47.0,36.0,19.0,36.0,36.0,36.0,36.0,36.0,36.0,39.0,66,66,68,70,68,68,74,62,62,62,62,64,64,64,64,34,34,32,30,32,32,26,38,38,38,38,36,36,36,36,76,74,No,No,No,No,No,No,No,No,No,No,No,No,No,No,No,No,No,No,No,No,No,No,No,No,No,No,No,No,No,No,No,No,No,No,No,No,No,No,No,No,No,No,No,No,No,No,No,No,76,70,64,1.100,49.782,35.910,29.443,0.002,5.027,0.579,175.0,175.0,175.0,175.0,0,0.0,0.0,18.3,31.9,0.1,32.4,0.1,62.5,1.4,75.4,0.6,30.5,0.3,29.1,0.2,5.9,3.1,1.3,0.8,22.1,21.6,24.6,22.1,19.9,46.2,41.1,33.5,19.0,38.8,37.0,6.5,0.0,0.0,0.0,14.2,11.3,13.8,16.9,44.0,0.2,0.4,0.1,2.8,4.4,0.0,85.3,95.3,97.8,98.6,57.8,61.7,56.2,56.0,15.4,17.3,21.4,0.7,0.0,22.7,30.3,2394.1,24.00,36,35,35,68,103,383,2,2,Yes,No,No,No,No,No,No,No,No,No,Yes,No,No,Yes,No,No,No,No,No,No,No,Yes,No,No,No,No,No,Yes,No,No,No,No,No,No,No,Yes,No,No,87.0,4380,3060,4260,62.5,1.095,1.110,1.815,1.815,0.990,5.110,2.375,No,No,No,63.2,1.095,1.110,1.815,1.815,0.990,5.110,1.500,No,No,No,43,43,94.0,100.0,No,No,32291,48158,39,70,99.0,100.0,No,No,1856,3312,1.2,1.3,2.5,0.638,0.096,62495,43348,24.2,0.0,24.2,239.683,2.070,32508,12233,59.8,66.0,67.1,83.0,0.870,20.647,20.654,20.640,19.809,10.108,10.762,9.088,19.876,3.000,12.103,7.948,7.976,100.000,140.000,2175.0,2200.2,1875.0,2179.0,1890.0,10.0,4.0,0.0,6.0,40.6,0.3,1.3,0.0,0.0,0.0,Yes,No,No,No,No,Yes,No,0,0,0,0,0,0,0,0,0,2,0,0,0,0,0,0,0,0,0,0,0,0,0,0,0,0,0,0,0,0,4861,3327,3101,344,16.0,64,0.300,32.026,600.0,2394.0,0.1,0.0,0.0,0.0,0.0,0.0,0.0,0.0,0.0,2,16190,2,No,No,No,No,No,No,No,No,16.704,68.277,100.0,0.000,24.1,0,0,0,7.7,118.4,710.6,51.7,45.1,47.4,44.5,118.5,201.9,47.9,45.0,45.9,44.7,8.44,19.46,1.29,1.27,21.19,22.49,1.17,7.27,8.13,0.31,1.40,1445,245,0.5,0.1,0,0,0.0,0.0,0,
11.6.2026,17:26:36.330,21990,26778,45.0,18252,14132,56.3,9.2,16384,1506,1.201,1.241,1.184,1.184,1.184,1.190,1.190,1.200,1.202,1.202,1.222,1.202,1.207,1.207,1.207,1.101,0.783,3512.8,4688.5,4688.5,4688.5,4688.5,4688.5,4688.5,2294.4,1895.4,2294.4,1895.4,1895.4,3591.2,3591.2,3591.2,99.8,4090.0,837.7,1853.4,9.4,1893.4,4.4,3198.1,19.7,3261.2,1025.3,1587.2,10.9,1745.8,3.8,174.3,31.4,14.5,9.4,356.1,406.3,524.2,625.2,927.6,21.0,42.8,0.0,43.4,0.0,71.5,3.8,72.7,9.6,43.2,0.0,47.3,0.0,8.3,1.7,2.5,3.8,13.4,14.6,19.5,22.4,72.7,21.0,100.0,35.6,73.1,0.4,74.7,0.2,124.8,0.8,127.1,11.7,73.6,0.5,81.4,0.2,11.9,2.2,1.1,0.7,24.2,27.2,34.9,41.6,35.6,35.2,47.0,47.0,47.0,47.0,47.0,47.0,23.0,19.0,23.0,19.0,19.0,36.0,36.0,36.0,41.0,63,64,68,65,78,62,58,61,61,61,61,62,62,62,62,37,36,32,35,22,38,42,39,39,39,39,38,38,38,38,78,78,No,No,No,No,No,No,No,No,No,No,No,No,No,No,No,No,No,No,No,No,No,No,No,No,No,No,No,No,No,No,No,No,No,No,No,No,No,No,No,No,No,No,No,No,No,No,No,No,76,71,65,1.100,21.938,41.695,34.994,0.002,5.224,0.612,175.0,175.0,175.0,175.0,0,0.0,0.0,19.8,42.5,0.2,43.2,0.1,71.1,0.4,72.2,21.3,36.3,0.2,39.6,0.1,5.6,1.1,0.5,0.3,11.5,12.6,16.6,19.5,21.8,51.2,41.4,26.3,19.1,32.8,27.2,9.7,0.0,0.0,0.0,23.6,26.1,24.1,23.5,44.6,3.2,4.6,0.0,0.3,4.9,4.4,83.2,97.9,98.8,99.2,61.4,57.7,56.2,53.1,9.4,0.2,7.4,0.0,0.0,23.1,25.8,2394.1,24.00,36,35,35,68,103,383,2,2,Yes,No,No,No,No,No,No,No,No,No,Yes,No,No,Yes,No,No,No,No,No,No,No,Yes,No,No,No,No,No,No,No,No,No,No,No,No,No,No,No,No,87.0,4440,2940,4260,62.5,1.095,1.110,1.815,1.815,0.990,5.110,1.375,No,No,No,63.2,1.110,1.110,1.815,1.815,0.990,5.110,1.000,No,No,No,43,43,94.0,100.0,No,No,32291,48158,39,70,99.0,100.0,No,No,1856,3312,0.4,0.9,1.3,0.111,0.038,62496,43348,22.2,0.0,22.2,287.649,0.000,32836,12233,59.4,66.0,66.8,83.0,0.870,20.639,20.645,20.632,22.300,9.824,10.087,8.939,19.044,3.000,11.957,7.856,7.887,100.000,140.000,2175.0,2200.2,1875.0,2175.0,1890.0,0.0,0.0,0.0,0.0,40.8,0.0,0.0,0.0,0.0,0.0,Yes,No,No,No,No,Yes,No,0,0,0,0,0,0,0,0,0,2,0,0,0,0,0,0,0,0,0,0,0,0,0,0,0,0,0,0,0,0,4847,3341,3109,344,16.0,65,0.300,37.193,600.0,2394.0,0.1,0.0,0.0,0.0,0.0,0.0,0.0,0.0,0.0,2,16190,2,No,No,No,No,No,No,No,No,16.704,68.277,100.0,0.000,24.1,5,0,0,8.3,3.9,365.7,0.9,0.8,0.8,0.8,3.9,3005.2,0.8,0.8,0.8,0.8,255.48,1175.94,2.63,2.49,1223.38,1223.38,3.46,252.00,255.22,0.26,486.85,1445,245,103.9,0.7,0,0,0.0,0.0,0,
11.6.2026,17:26:37.327,22887,25881,46.9,18645,13739,57.5,9.2,16384,1505,1.140,1.197,1.186,1.160,1.145,1.155,1.105,1.090,1.110,1.124,1.149,1.134,1.134,1.134,1.134,1.063,0.783,3990.2,4489.0,4688.5,4489.0,4489.0,4489.0,4489.0,3591.2,3591.2,3591.2,3591.2,3591.2,3591.2,3591.2,3591.2,99.8,3890.5,713.9,1169.2,38.5,1292.3,18.4,2316.7,546.1,2831.1,555.4,988.7,318.0,1118.6,119.2,246.9,228.3,135.6,203.7,463.2,516.8,535.3,637.0,757.9,16.9,27.5,2.7,29.6,6.5,51.2,11.0,61.1,26.9,19.0,6.1,21.2,4.0,3.6,2.9,0.4,2.1,13.4,14.2,14.8,19.3,61.1,16.9,100.0,29.4,46.2,1.5,50.3,0.8,89.9,20.9,108.5,52.0,32.2,9.9,35.5,3.7,11.2,10.3,6.0,9.1,21.2,24.4,24.8,29.7,29.4,40.0,45.0,47.0,45.0,45.0,45.0,45.0,36.0,36.0,36.0,36.0,36.0,36.0,36.0,36.0,39.0,68,66,73,77,74,71,70,64,64,64,64,65,65,65,65,32,34,27,23,26,29,30,36,36,36,36,35,35,35,35,80,77,No,No,No,No,No,No,No,No,No,No,No,No,No,No,No,No,No,No,No,No,No,No,No,No,No,No,No,No,No,No,No,No,No,No,No,No,No,No,No,No,No,No,No,No,No,No,No,No,77,77,65,1.100,31.219,34.947,28.377,0.002,5.114,0.580,175.0,175.0,175.0,175.0,0,0.0,0.0,17.5,27.1,0.9,29.4,0.4,51.0,12.0,61.0,12.4,23.0,7.2,25.7,2.7,7.8,7.0,4.0,5.9,16.0,16.6,17.7,22.4,16.4,33.3,13.7,37.1,10.6,28.4,20.0,7.6,12.8,4.1,5.0,15.4,12.1,15.0,15.0,42.6,0.2,1.2,1.0,0.5,1.5,0.2,81.6,77.6,90.1,87.7,65.0,67.2,63.5,58.7,28.8,34.6,51.5,0.2,0.6,36.7,49.2,2394.1,24.00,36,35,35,68,103,383,2,2,Yes,No,No,No,No,No,No,No,No,No,Yes,No,No,Yes,No,No,No,No,No,No,No,Yes,No,No,No,No,No,Yes,No,No,No,No,No,No,No,Yes,No,No,87.0,4380,2820,4260,62.5,1.110,1.110,1.815,1.815,0.990,5.110,1.125,No,No,No,63.2,1.110,1.110,1.815,1.815,0.990,5.110,1.750,No,No,No,43,43,94.0,100.0,No,No,32291,48158,39,70,99.0,100.0,No,No,1856,3312,1.3,1.6,2.9,0.247,0.162,62496,43348,11.3,1.9,13.2,90.134,23.774,32907,12252,59.4,66.0,66.9,83.0,0.870,20.549,20.556,20.542,22.137,9.520,12.038,6.701,18.776,3.000,9.715,7.880,8.531,100.000,140.000,2175.0,1750.2,1875.0,2174.9,1890.0,7.0,3.0,0.0,6.0,46.6,0.6,2.5,0.0,0.0,0.0,Yes,No,No,No,No,Yes,No,0,0,0,0,0,0,0,0,0,2,0,0,0,0,0,0,0,0,0,0,0,0,0,0,0,0,0,0,0,0,4371,3817,3616,344,16.0,66,0.300,46.334,600.0,2394.0,0.1,0.0,0.0,0.0,0.0,0.0,0.0,0.0,0.0,2,16190,2,No,No,No,No,No,No,No,No,16.703,68.277,100.0,0.000,24.1,0,0,0,1722.4,3.9,365.7,0.9,0.8,0.8,0.8,3.9,3005.2,0.8,0.8,0.8,0.8,255.48,1175.94,2.63,2.49,1223.38,1223.38,3.46,252.00,255.22,0.26,486.85,1445,246,2.4,74.0,0,0,0.0,0.0,0,
11.6.2026,17:26:38.321,23536,25231,48.2,18961,13423,58.5,9.2,16384,1503,1.191,1.178,1.207,1.182,1.207,1.177,1.182,1.192,1.192,1.192,1.192,1.200,1.195,1.190,1.185,1.063,0.783,3869.1,4489.0,4489.0,4489.0,4489.0,4489.0,4489.0,3591.2,3591.2,2094.9,3591.2,3591.2,3591.2,3591.2,3591.2,99.8,3890.5,1120.4,2248.8,393.5,2396.0,321.0,3050.5,1082.8,2981.5,961.9,1698.6,633.3,1856.8,453.7,434.4,402.5,323.6,324.2,662.1,712.8,702.6,767.7,1222.7,27.6,51.1,10.4,54.5,9.0,67.9,24.4,66.6,22.9,38.7,15.8,42.2,14.3,15.1,15.5,9.9,9.8,19.5,20.9,20.9,22.6,67.9,27.6,100.0,47.7,88.7,15.4,94.0,12.5,119.2,41.9,117.3,37.5,66.5,24.7,72.6,17.6,24.6,22.7,18.3,18.1,38.0,40.9,40.5,43.6,47.7,38.8,45.0,45.0,45.0,45.0,45.0,45.0,36.0,36.0,21.0,36.0,36.0,36.0,36.0,36.0,39.0,66,68,69,70,68,69,68,64,64,64,64,65,65,65,65,34,32,31,30,32,31,32,36,36,36,36,35,35,35,35,77,70,No,No,No,No,No,No,No,No,No,No,No,No,No,No,No,No,No,No,No,No,No,No,No,No,No,No,No,No,No,No,Yes,Yes,Yes,Yes,Yes,Yes,Yes,Yes,Yes,Yes,Yes,Yes,Yes,Yes,Yes,No,No,Yes,77,77,65,1.100,52.313,46.225,39.264,0.002,5.376,0.693,175.0,175.0,175.0,175.0,0,0.0,0.0,26.7,50.8,8.8,54.2,7.5,67.5,24.1,66.1,21.3,38.6,14.3,42.2,10.2,13.6,12.7,9.7,9.7,19.4,20.8,20.8,22.5,27.1,36.8,37.9,13.9,15.5,38.3,39.2,18.6,11.6,7.3,12.2,34.7,37.5,38.2,37.4,32.0,0.2,0.0,0.4,0.1,0.6,0.9,64.7,72.9,80.6,76.0,41.3,37.4,36.6,36.0,4.1,4.8,0.9,0.0,0.0,10.2,8.6,2394.1,24.00,36,35,35,68,103,383,2,2,Yes,No,No,No,No,No,No,No,No,Yes,Yes,No,No,Yes,No,No,No,No,No,No,No,Yes,No,No,No,No,No,Yes,No,No,No,No,No,No,No,Yes,No,No,89.0,4380,2700,4260,62.8,1.110,1.110,1.800,1.815,0.990,5.110,1.750,No,No,No,63.2,1.110,1.110,1.800,1.815,0.990,5.110,1.375,No,No,No,43,43,94.0,100.0,No,No,32291,48158,39,70,99.0,100.0,No,No,1856,3313,1.1,2.6,3.6,0.333,0.137,62496,43349,30.4,0.0,30.4,388.915,0.000,33282,12252,59.6,64.0,66.8,83.0,0.870,20.565,20.573,20.556,22.167,9.588,12.203,6.110,18.336,3.000,9.125,8.170,10.172,100.000,140.000,2175.0,1500.2,1875.0,2174.6,1890.0,12.0,6.0,0.0,10.0,50.1,1.7,6.6,0.0,0.0,0.0,Yes,No,No,No,No,Yes,No,0,0,0,0,0,0,0,0,0,3,0,0,0,0,0,0,0,0,0,0,0,0,0,0,0,0,0,0,0,0,4090,4098,3851,344,8.0,64,0.300,46.902,600.0,2394.0,0.1,0.0,0.0,0.0,0.0,0.0,0.0,0.0,0.0,2,16190,2,No,No,No,No,No,No,No,No,16.703,68.277,100.0,0.000,24.1,71,0,0,11.0,70.6,578.6,7.8,5.1,4.9,4.9,70.6,8807.5,7.3,5.0,4.9,4.9,14.17,128.78,1.67,1.54,205.33,205.33,1.55,12.59,13.83,0.34,33.21,1446,246,61.5,3.1,0,0,0.0,0.0,0,
11.6.2026,17:26:39.326,23993,24775,49.1,19376,13008,59.8,9.2,16384,1502,1.202,1.187,1.200,1.200,1.215,1.220,1.215,1.230,1.230,1.197,1.197,1.187,1.187,1.187,1.187,1.063,0.783,3712.3,798.0,4489.0,4489.0,4489.0,4489.0,4489.0,3591.2,3591.2,3591.2,3591.2,3591.2,3591.2,3591.2,3591.2,99.8,3890.5,1138.3,2621.2,54.8,2641.6,33.2,3239.7,555.9,3210.3,376.8,2188.5,315.5,2333.9,75.2,593.4,579.2,417.8,321.5,742.3,773.6,760.1,931.4,1222.4,27.4,59.0,1.6,59.5,1.2,72.6,12.9,71.8,8.9,49.2,6.1,52.6,2.1,18.0,16.0,13.9,11.1,20.8,21.7,21.3,27.3,72.6,27.4,100.0,49.4,103.2,2.3,103.5,1.5,126.8,21.8,126.1,14.8,86.9,12.7,91.9,3.0,34.5,33.6,24.1,18.7,42.3,44.3,43.2,52.8,49.4,37.2,8.0,45.0,45.0,45.0,45.0,45.0,36.0,36.0,36.0,36.0,36.0,36.0,36.0,36.0,39.0,65,68,67,68,64,68,65,63,63,63,63,64,64,64,64,35,32,33,32,36,32,35,37,37,37,37,36,36,36,36,76,68,No,No,No,No,No,No,No,No,No,No,No,No,No,No,No,No,No,No,No,No,No,No,No,No,No,No,No,No,No,No,No,No,No,No,No,No,No,No,No,No,No,No,No,No,No,No,No,No,77,74,66,1.100,21.094,49.451,43.227,0.002,5.211,0.685,175.0,175.0,175.0,175.0,0,0.0,0.0,27.4,59.1,1.2,59.6,0.7,72.5,12.5,71.7,8.4,49.7,7.1,53.0,1.7,17.8,17.1,12.3,9.4,21.7,22.7,22.3,28.2,34.2,37.7,37.7,17.9,19.6,37.5,39.6,30.5,32.8,27.2,19.6,46.8,40.7,49.9,41.5,23.5,0.0,0.0,0.0,0.0,0.1,0.0,47.4,46.0,57.7,68.6,27.3,32.0,23.8,25.9,1.4,0.0,0.0,0.0,0.0,5.1,3.5,2394.1,24.00,36,35,35,68,103,383,2,2,Yes,No,No,No,No,No,No,No,No,No,Yes,No,No,Yes,No,No,No,No,No,No,No,Yes,No,No,No,No,No,No,No,No,No,No,No,No,No,No,No,No,89.0,4500,2580,4320,62.8,1.110,1.110,1.800,1.815,0.990,5.110,2.250,No,No,No,63.2,1.110,1.110,1.800,1.815,0.990,5.110,2.750,No,No,No,43,43,94.0,100.0,No,No,32291,48158,39,70,99.0,100.0,No,No,1856,3313,2.6,1.2,3.8,1.886,0.214,62498,43349,44.7,0.0,44.7,438.011,0.016,33704,12252,66.7,64.0,72.6,83.0,0.870,20.412,20.407,20.417,21.434,23.268,38.358,10.489,49.041,3.000,13.470,8.606,39.910,100.000,140.000,2250.0,2200.2,1890.0,1700.4,1905.0,63.0,28.0,0.0,10.0,60.4,5.2,20.8,0.0,0.0,0.0,Yes,No,No,No,No,Yes,No,0,0,0,0,0,0,0,0,0,4,0,0,0,0,0,0,0,0,0,0,0,0,0,0,0,0,0,0,0,0,3239,4949,4638,345,16.0,65,0.300,52.824,550.0,2394.0,0.1,0.0,0.0,0.0,0.0,0.0,0.0,0.0,0.0,2,16190,2,No,No,No,No,No,No,No,No,16.703,68.277,100.0,0.000,24.1,116,0,0,9.1,116.2,231.2,67.1,53.2,58.3,51.9,116.2,204.4,69.1,53.4,59.1,52.0,8.60,14.83,4.37,4.13,17.16,19.38,1.67,6.94,8.22,0.38,1.97,1446,246,41.4,2.9,0,0,0.0,0.0,0,
11.6.2026,17:26:40.321,24675,24093,50.5,19661,12722,60.7,9.2,16384,1502,1.167,1.176,1.193,1.193,1.144,1.149,1.153,1.166,1.166,1.166,1.166,1.166,1.166,1.166,1.166,1.063,0.781,3897.6,4489.0,4489.0,4489.0,4389.3,4389.3,4389.3,3491.5,3491.5,3491.5,3491.5,3491.5,3491.5,3491.5,3491.5,99.8,3890.5,1672.6,2544.7,1454.5,2478.8,1310.4,2045.9,2554.4,2347.0,2453.4,1633.0,1803.3,1672.6,1900.5,1036.6,1024.2,1055.8,1117.8,1201.0,1244.2,1214.4,1358.9,1777.0,40.5,57.7,32.5,55.7,29.3,45.7,57.1,52.6,55.0,36.8,41.5,37.6,42.6,29.5,29.4,30.1,32.2,34.4,36.0,34.7,39.4,57.7,40.5,100.0,73.1,100.6,57.1,97.1,51.4,80.3,99.4,91.5,95.6,63.9,70.4,65.4,74.1,57.7,57.1,58.7,62.3,66.8,69.8,67.9,75.2,73.1,39.1,45.0,45.0,45.0,44.0,44.0,44.0,35.0,35.0,35.0,35.0,35.0,35.0,35.0,35.0,39.0,72,75,75,74,82,74,72,70,70,70,70,68,68,68,68,28,25,25,26,18,26,28,30,30,30,30,32,32,32,32,78,82,No,No,No,No,No,No,No,No,No,No,No,No,No,No,No,No,No,No,No,No,No,No,No,No,No,No,No,No,No,No,Yes,Yes,Yes,Yes,Yes,Yes,Yes,Yes,Yes,Yes,Yes,Yes,Yes,Yes,Yes,No,No,Yes,78,75,66,1.100,56.532,60.731,52.711,0.002,5.729,0.827,175.0,175.0,175.0,175.0,0,0.0,0.0,40.6,57.4,32.7,55.8,29.5,45.8,57.3,52.6,55.0,37.0,40.7,37.8,42.8,29.7,29.7,30.4,32.4,34.7,36.1,35.1,39.9,40.3,23.9,25.8,12.1,9.5,32.7,29.9,55.2,49.7,56.4,53.7,57.2,52.6,55.2,49.7,5.4,0.0,0.0,0.0,0.0,0.1,0.2,11.9,17.0,10.2,10.7,4.7,7.7,6.0,6.6,0.1,0.0,0.0,0.0,0.0,0.3,0.1,2394.1,24.00,36,35,35,68,103,383,2,2,Yes,No,No,No,No,No,No,No,No,Yes,Yes,No,No,Yes,No,No,No,No,No,No,No,Yes,No,No,No,No,No,No,No,No,No,No,No,No,No,No,No,No,90.0,4500,2580,4320,62.8,1.110,1.110,1.800,1.815,0.990,5.110,2.000,No,No,No,63.5,1.110,1.110,1.800,1.815,1.005,5.110,1.500,No,No,No,43,43,94.0,100.0,No,No,32291,48158,39,70,99.0,100.0,No,No,1856,3313,0.8,1.2,2.0,0.205,0.091,62498,43349,35.9,0.0,36.0,381.606,0.020,34071,12252,71.6,66.0,79.6,83.0,0.875,20.401,20.390,20.413,48.490,28.455,46.183,14.986,61.423,3.000,17.948,23.027,32.618,100.000,140.000,2250.0,2200.2,1890.0,2215.4,1905.0,66.0,24.0,0.0,7.0,61.5,15.0,59.9,0.0,0.0,0.0,Yes,No,No,No,No,Yes,No,0,0,0,0,0,0,0,0,0,4,0,0,0,0,0,0,0,0,0,0,0,0,0,0,0,0,0,0,0,0,3156,5032,4805,345,16.0,66,0.300,60.847,550.0,2394.0,0.2,0.0,0.0,0.0,0.0,0.0,0.0,0.0,0.0,2,16190,2,No,No,No,No,No,No,No,No,16.701,68.277,100.0,0.000,24.1,104,0,0,8.4,103.1,192.1,60.9,9.7,15.5,8.9,102.7,203.6,52.0,9.2,14.4,8.4,9.70,16.49,5.10,4.88,64.47,112.45,6.03,3.70,9.34,0.37,3.77,1446,246,200.1,15.1,0,0,0.0,0.0,0,
11.6.2026,17:26:41.316,25118,23650,51.5,19759,12624,61.0,9.2,16384,1502,1.198,1.233,1.148,1.173,1.201,1.211,1.206,1.206,1.211,1.199,1.199,1.189,1.199,1.179,1.214,1.063,0.781,3976.0,4489.0,4489.0,4489.0,4489.0,4489.0,4489.0,3591.2,3591.2,3591.2,3591.2,3591.2,3591.2,3591.2,3591.2,99.8,3890.5,1725.8,2549.9,1397.9,2512.5,1280.1,2125.0,2423.6,2539.8,2307.3,1767.7,1765.1,1787.9,1791.0,1247.7,1255.0,1102.8,1220.2,1336.5,1327.0,1292.0,1488.0,1817.1,44.7,60.8,33.6,59.4,31.0,50.3,57.9,60.3,54.9,42.1,42.5,42.4,43.2,38.8,38.5,33.7,37.0,40.8,40.8,39.3,46.0,60.8,44.7,100.0,76.5,101.0,54.9,99.6,50.7,83.2,95.2,99.9,89.7,69.9,69.5,70.2,70.2,70.3,70.6,62.4,68.4,75.1,73.9,72.8,83.2,76.5,39.9,45.0,45.0,45.0,45.0,45.0,45.0,36.0,36.0,36.0,36.0,36.0,36.0,36.0,36.0,39.0,70,73,70,74,74,70,70,67,67,68,68,68,68,68,68,30,27,30,26,26,30,30,33,33,32,32,32,32,32,32,77,74,No,No,No,No,No,No,No,No,No,No,No,No,No,No,No,No,No,No,No,No,No,No,No,No,No,No,No,No,No,No,No,No,No,No,No,No,No,No,No,No,No,No,No,No,No,No,No,No,77,71,66,1.100,49.782,58.907,51.595,0.003,5.662,0.777,175.0,175.0,175.0,175.0,0,0.0,0.0,44.5,60.2,33.5,59.3,30.9,50.1,57.2,59.3,54.8,41.9,42.5,42.1,43.1,38.8,38.4,33.7,37.1,40.6,40.7,39.1,45.6,28.1,21.8,22.9,7.7,7.2,25.7,20.5,33.6,30.2,37.4,37.9,38.2,35.6,37.9,37.0,12.1,0.0,0.1,1.7,0.0,0.0,1.5,23.6,27.5,24.9,21.3,17.2,19.8,18.9,13.5,1.2,0.0,0.0,0.9,0.1,2.1,3.9,2394.1,24.00,36,35,35,68,103,383,2,2,Yes,No,No,No,No,No,No,No,No,Yes,Yes,No,No,Yes,No,No,No,No,No,No,No,Yes,No,No,No,No,No,No,No,No,No,No,No,No,No,No,No,No,89.0,4560,2520,4380,63.0,1.110,1.110,1.800,1.815,1.005,5.110,2.500,No,No,No,63.5,1.110,1.110,1.800,1.815,1.005,5.110,2.500,No,No,No,43,43,94.0,100.0,No,No,32291,48158,40,70,99.0,100.0,No,No,1856,3314,0.9,2.6,3.6,0.287,0.166,62498,43349,45.6,0.2,45.7,562.042,0.079,34611,12252,70.8,68.0,77.6,83.0,0.875,20.435,20.425,20.445,51.756,26.275,45.225,14.951,60.395,3.000,17.915,11.671,30.770,100.000,140.000,2250.0,2200.2,1890.0,2233.0,1905.0,63.0,24.0,0.0,8.0,64.1,9.6,38.4,0.0,0.0,0.0,Yes,No,No,No,No,Yes,No,0,0,0,0,0,0,0,0,0,4,0,0,0,0,0,0,0,0,0,0,0,0,0,0,0,0,0,0,0,0,2936,5252,5021,345,16.0,66,0.300,58.655,600.0,2394.0,0.3,0.0,0.0,0.0,0.0,0.0,0.0,0.0,0.0,2,16190,2,No,No,No,No,No,No,No,No,16.703,68.277,100.0,0.000,24.1,0,0,0,8.0,77.9,188.9,10.6,3.7,3.5,3.5,77.7,205.6,10.9,3.7,3.4,3.4,12.83,94.45,5.26,4.56,287.73,287.73,6.56,6.27,12.42,0.41,9.27,1446,246,115.0,15.5,0,0,0.0,0.0,0,
11.6.2026,17:26:42.321,24959,23809,51.1,19784,12600,61.0,9.2,16384,1502,1.205,1.257,1.230,1.175,1.185,1.185,1.185,1.185,1.190,1.215,1.205,1.215,1.215,1.215,1.215,1.063,0.781,3976.0,4489.0,4489.0,4489.0,4489.0,4489.0,4489.0,3591.2,3591.2,3591.2,3591.2,3591.2,3591.2,3591.2,3591.2,99.8,3890.5,1448.1,2332.5,1415.0,2072.5,1204.4,1683.1,2669.5,2008.1,2557.8,1268.3,1567.8,1207.2,1776.2,833.3,787.4,887.2,936.4,897.8,910.6,918.2,1028.4,1575.4,35.5,53.5,32.3,47.2,27.7,38.1,60.2,45.3,57.5,29.5,36.4,28.0,40.8,24.6,23.1,26.2,27.7,26.3,26.4,26.6,31.6,60.2,35.5,100.0,62.8,91.9,55.3,81.3,47.1,65.9,104.1,78.7,99.6,49.7,61.0,47.4,69.4,46.9,44.7,50.1,52.5,50.3,51.5,51.6,56.8,62.8,39.9,45.0,45.0,45.0,45.0,45.0,45.0,36.0,36.0,36.0,36.0,36.0,36.0,36.0,36.0,39.0,69,69,70,71,71,70,69,68,68,67,67,68,68,68,68,31,31,30,29,29,30,31,32,32,33,33,32,32,32,32,78,71,No,No,No,No,No,No,No,No,No,No,No,No,No,No,No,No,No,No,No,No,No,No,No,No,No,No,No,No,No,No,No,No,No,No,No,No,No,No,No,No,No,No,No,No,No,No,No,No,78,70,65,1.100,37.969,56.244,48.985,0.002,5.664,0.787,175.0,175.0,175.0,175.0,0,0.0,0.0,35.0,52.8,31.8,46.9,27.3,37.6,59.9,44.8,57.2,29.1,36.0,27.5,40.4,24.1,22.7,25.7,27.3,25.9,26.0,26.2,31.0,41.9,29.2,35.6,15.0,11.3,44.8,42.1,44.0,34.9,45.9,58.8,56.6,48.1,54.8,65.4,10.8,0.0,0.4,0.0,0.0,0.0,0.0,27.4,37.2,23.9,10.4,14.1,21.5,15.2,0.8,0.0,0.0,0.0,0.0,0.0,0.2,0.1,2394.1,24.00,36,35,35,68,103,383,2,2,Yes,No,No,No,No,No,No,No,No,No,Yes,No,No,Yes,No,No,No,No,No,No,No,Yes,No,No,No,No,No,No,No,No,No,No,No,No,No,No,No,No,87.0,4560,2580,4440,63.0,1.095,1.110,1.800,1.815,1.005,5.110,2.125,No,No,No,63.5,1.110,1.110,1.800,1.815,1.005,5.110,1.625,No,No,No,43,43,94.0,100.0,No,No,32291,48158,39,70,99.0,100.0,No,No,1856,3314,0.2,2.4,2.6,0.077,0.082,62498,43349,1.8,0.4,2.3,21.434,0.049,34632,12252,71.7,68.0,78.5,83.0,0.875,20.468,20.458,20.477,60.367,26.521,46.054,14.873,61.144,3.000,17.847,11.025,31.703,100.000,140.000,2250.0,2200.2,1890.0,2225.8,1905.0,63.0,23.0,0.0,8.0,64.2,14.7,58.8,0.0,0.0,0.0,Yes,No,No,No,No,Yes,No,0,0,0,0,0,0,0,0,0,4,0,0,0,0,0,0,0,0,0,0,0,0,0,0,0,0,0,0,0,0,2935,5253,5021,345,16.0,66,0.300,51.885,600.0,2394.0,0.2,0.0,0.0,0.0,0.0,0.0,0.0,0.0,0.0,2,16190,2,No,No,No,No,No,No,No,No,16.704,68.277,100.0,0.000,24.1,120,0,0,8.9,120.0,166.4,89.1,81.5,84.5,80.7,120.2,175.5,83.6,76.4,79.0,75.6,8.34,11.29,5.96,5.35,11.88,12.41,5.69,2.64,8.00,0.33,0.96,1446,246,4.4,7.2,0,0,0.0,0.0,0,
11.6.2026,17:26:43.318,24953,23814,51.1,19780,12604,61.0,9.2,16384,1502,1.201,1.183,1.168,1.168,1.181,1.226,1.186,1.196,1.191,1.201,1.201,1.231,1.240,1.220,1.220,1.061,0.781,3976.0,4489.0,4489.0,4489.0,4489.0,4489.0,4489.0,3591.2,3591.2,3591.2,3591.2,3591.2,3591.2,3591.2,3591.2,99.8,3890.5,1348.8,2315.1,1298.3,1957.5,1058.6,1769.5,2590.4,1769.0,2636.3,1231.4,1408.6,1255.2,1490.0,745.0,687.8,697.4,806.1,782.0,691.9,743.7,1043.1,1482.3,32.2,52.5,28.8,44.2,23.7,39.2,57.6,39.3,58.7,27.8,31.9,28.3,33.8,21.0,19.1,20.1,23.3,22.6,19.5,21.0,32.1,58.7,32.2,100.0,58.2,91.0,50.9,77.3,41.7,69.0,101.0,69.0,102.6,48.0,54.8,48.8,58.3,42.3,39.5,39.8,45.3,44.3,39.2,42.3,58.2,58.2,39.9,45.0,45.0,45.0,45.0,45.0,45.0,36.0,36.0,36.0,36.0,36.0,36.0,36.0,36.0,39.0,68,72,69,71,72,69,70,66,66,66,66,66,66,66,66,32,28,31,29,28,31,30,34,34,34,34,34,34,34,34,78,72,No,No,No,No,No,No,No,No,No,No,No,No,No,No,No,No,No,No,No,No,No,No,No,No,No,No,No,No,No,No,No,No,No,No,No,No,No,No,No,No,No,No,No,No,No,No,No,No,78,73,66,1.100,48.094,53.835,46.551,0.002,5.647,0.779,175.0,175.0,175.0,175.0,0,0.0,0.0,32.6,52.4,29.2,44.6,24.1,39.5,58.0,39.5,59.0,28.3,32.3,28.8,34.1,21.5,19.7,20.6,23.8,23.1,20.1,21.5,32.3,29.4,31.5,40.9,15.3,13.7,48.9,46.7,12.9,15.4,23.5,42.2,11.9,15.1,29.6,63.5,25.5,0.0,0.1,0.0,0.0,0.0,0.0,58.9,58.2,49.5,29.1,58.4,58.5,43.1,0.9,0.0,0.0,0.0,0.0,0.0,0.0,0.0,2394.1,24.00,36,35,35,68,103,383,2,2,Yes,No,No,No,No,No,No,No,No,No,Yes,No,No,Yes,No,No,No,No,No,No,No,Yes,No,No,No,No,No,No,No,No,No,No,No,No,No,No,No,No,87.0,4620,2700,4500,63.0,1.110,1.110,1.800,1.815,1.005,5.110,2.250,No,No,No,63.5,1.110,1.110,1.800,1.815,1.005,5.110,1.500,No,No,No,43,43,94.0,100.0,No,No,32291,48158,39,70,99.0,100.0,No,No,1856,3314,0.5,1.5,2.0,0.175,0.045,62499,43349,0.4,0.0,0.4,1.881,0.000,34633,12252,72.4,70.0,80.5,83.0,0.875,20.477,20.469,20.485,64.163,27.897,45.334,15.003,60.553,3.000,17.978,22.245,31.166,100.000,140.000,2250.0,2200.2,1890.0,2226.5,1905.0,62.0,24.0,0.0,8.0,64.2,14.5,58.1,0.0,0.0,0.0,Yes,No,No,No,No,Yes,No,0,0,0,0,0,0,0,0,0,4,0,0,0,0,0,0,0,0,0,0,0,0,0,0,0,0,0,0,0,0,2935,5253,5021,345,16.0,66,0.300,52.926,600.0,2394.0,0.1,0.0,0.0,0.0,0.0,0.0,0.0,0.0,0.0,2,16190,2,No,No,No,No,No,No,No,No,16.704,68.277,100.0,0.000,24.1,120,0,0,7.8,120.0,143.2,106.8,89.0,95.9,87.2,120.1,150.7,101.7,82.9,90.1,81.0,8.33,9.31,6.95,6.20,10.39,11.48,5.71,2.63,8.01,0.32,0.62,1446,246,8.7,9.9,0,0,0.0,0.0,0,
11.6.2026,17:26:44.330,24977,23791,51.2,19813,12571,61.1,9.2,16384,1502,1.180,1.257,1.161,1.191,1.176,1.174,1.159,1.159,1.169,1.169,1.164,1.189,1.179,1.179,1.189,1.061,0.781,3976.0,4489.0,4489.0,4489.0,4489.0,4489.0,4489.0,3591.2,3591.2,3591.2,3591.2,3591.2,3591.2,3591.2,3591.2,99.8,3890.5,1439.3,2431.8,1288.1,2005.6,1187.8,2232.7,2328.6,1790.6,2613.5,1329.8,1507.8,1298.7,1647.0,817.5,796.9,833.5,927.0,940.9,827.7,852.4,1127.7,1564.8,34.8,55.3,29.0,45.5,26.8,49.8,52.1,40.0,58.6,30.3,34.4,29.7,37.5,23.6,22.9,24.0,26.8,27.0,23.8,24.3,34.3,58.6,34.8,100.0,62.3,95.8,50.5,78.2,46.3,86.8,91.0,69.8,102.1,51.7,58.7,50.7,64.1,46.0,45.0,47.0,52.2,53.1,46.7,48.1,62.6,62.3,39.9,45.0,45.0,45.0,45.0,45.0,45.0,36.0,36.0,36.0,36.0,36.0,36.0,36.0,36.0,39.0,70,74,70,75,71,71,70,68,68,68,68,68,68,68,68,30,26,30,25,29,29,30,32,32,32,32,32,32,32,32,78,75,No,No,No,No,No,No,No,No,No,No,No,No,No,No,No,No,No,No,No,No,No,No,No,No,No,No,No,No,No,No,No,No,No,No,No,No,No,No,No,No,No,No,No,No,No,No,No,No,78,71,66,1.100,73.407,55.934,48.620,0.002,5.688,0.799,175.0,175.0,175.0,175.0,0,0.0,0.0,34.8,55.0,29.0,45.5,26.9,49.8,52.2,40.0,58.6,30.4,34.5,29.6,37.6,23.7,23.0,24.2,26.9,27.2,23.9,24.5,34.2,31.5,29.1,37.4,11.7,14.4,45.2,42.6,34.1,24.0,27.8,39.0,29.6,22.9,22.9,60.6,20.7,0.0,0.0,0.5,0.0,0.0,0.0,37.0,47.1,42.2,28.8,37.7,47.5,46.7,1.7,0.0,0.0,0.0,0.0,0.0,0.1,0.0,2394.1,24.00,36,35,35,68,103,383,2,2,Yes,No,No,No,No,No,No,No,No,No,Yes,No,No,Yes,No,No,No,No,No,No,No,Yes,No,No,No,No,No,No,No,No,No,No,No,No,No,No,No,No,88.0,4620,2880,4560,63.2,1.110,1.110,1.815,1.815,1.005,5.110,2.250,No,No,No,63.5,1.110,1.110,1.800,1.815,1.005,5.110,1.750,No,No,No,43,43,94.0,100.0,No,No,32291,48158,39,70,99.0,100.0,No,No,1856,3314,0.1,1.8,1.8,0.032,0.282,62499,43349,5.7,0.1,5.8,31.649,0.076,34664,12252,72.8,70.0,80.3,83.0,0.875,20.471,20.462,20.479,63.374,26.063,45.415,15.040,60.659,3.000,18.014,9.652,30.659,100.000,140.000,2250.0,2200.2,1890.0,2226.7,1905.0,66.0,24.0,0.0,8.0,64.2,14.1,56.3,0.0,0.0,0.0,Yes,No,No,No,No,Yes,No,0,0,0,0,0,0,0,0,0,4,0,0,0,0,0,0,0,0,0,0,0,0,0,0,0,0,0,0,0,0,2935,5253,5022,346,16.0,66,0.300,57.097,600.0,2394.0,0.1,0.0,0.0,0.0,0.0,0.0,0.0,0.0,0.0,2,16190,2,No,No,No,No,No,No,No,No,16.703,68.277,100.0,0.000,24.1,120,0,0,8.4,119.9,146.2,97.6,91.6,93.9,90.9,119.9,166.4,100.1,97.4,98.5,97.1,8.34,10.24,6.82,6.68,10.68,11.04,5.64,2.70,8.01,0.33,0.69,1446,246,2.5,8.3,0,0,0.0,0.0,0,
11.6.2026,17:26:45.327,24981,23787,51.2,19818,12565,61.1,9.2,16384,1502,1.194,1.202,1.168,1.183,1.183,1.173,1.168,1.194,1.204,1.194,1.224,1.209,1.204,1.204,1.204,1.061,0.781,3854.9,4489.0,4489.0,4489.0,4489.0,4489.0,4489.0,1895.4,3591.2,3591.2,3591.2,3591.2,3591.2,3591.2,3591.2,99.8,3890.5,1398.7,2464.2,1159.6,1992.6,1095.3,2541.5,2060.5,2214.0,2139.0,1492.5,1220.4,1531.1,1372.4,722.7,782.9,721.6,847.3,910.4,762.0,884.2,1059.3,1522.3,34.2,56.3,26.5,45.4,25.2,57.2,46.4,50.1,48.1,34.8,28.3,35.3,31.8,21.5,23.3,21.4,25.2,26.8,22.2,26.0,32.7,57.2,34.2,100.0,60.4,96.7,45.5,78.0,42.9,99.2,79.9,86.6,83.4,58.3,47.5,59.5,53.7,41.2,44.8,41.1,47.7,51.0,43.6,49.3,58.9,60.4,38.6,45.0,45.0,45.0,45.0,45.0,45.0,19.0,36.0,36.0,36.0,36.0,36.0,36.0,36.0,39.0,69,73,72,73,70,70,70,68,68,68,68,68,68,68,68,31,27,28,27,30,30,30,32,32,32,32,32,32,32,32,78,73,No,No,No,No,No,No,No,No,No,No,No,No,No,No,No,No,No,No,No,No,No,No,No,No,No,No,No,No,No,No,No,No,No,No,No,No,No,No,No,No,No,No,No,No,No,No,No,No,78,72,66,1.100,39.657,51.121,44.500,0.002,5.685,0.798,175.0,175.0,175.0,175.0,0,0.0,0.0,33.9,55.7,26.1,45.2,24.8,57.0,46.0,49.6,47.8,34.3,27.9,34.9,31.3,21.2,23.0,21.1,24.9,26.5,21.8,25.8,32.2,31.2,30.6,39.1,12.1,14.9,47.2,42.6,14.6,16.4,17.1,45.2,34.1,14.5,44.8,64.0,22.0,0.0,0.0,0.0,0.0,0.0,0.0,57.2,53.7,55.2,25.1,34.4,57.0,25.1,0.7,0.1,0.0,0.0,0.0,0.0,0.1,0.3,2394.1,24.00,36,35,35,68,103,383,2,2,Yes,No,No,No,No,No,No,No,No,No,Yes,No,No,No,No,No,No,No,No,No,No,No,No,No,No,No,No,Yes,No,No,No,No,No,No,No,Yes,No,No,87.0,4680,3060,4620,63.2,1.110,1.110,1.815,1.815,1.005,5.110,2.250,No,No,No,64.0,1.110,1.110,1.815,1.815,1.005,5.110,1.625,No,No,No,43,43,94.0,100.0,No,No,32291,48158,39,70,99.0,100.0,No,No,1856,3314,0.6,1.1,1.7,0.247,0.395,62499,43350,0.3,0.0,0.3,1.886,0.000,34666,12252,73.7,70.0,81.8,83.0,0.875,20.478,20.469,20.486,63.584,26.329,45.532,15.086,60.824,3.000,18.046,9.728,32.089,100.000,140.000,2250.0,2200.2,1890.0,2226.4,1905.0,66.0,24.0,0.0,8.0,64.2,14.1,56.5,0.0,0.0,0.0,Yes,No,No,No,No,Yes,No,0,0,0,0,0,0,0,0,0,4,0,0,0,0,0,0,0,0,0,0,0,0,0,0,0,0,0,0,0,0,2935,5253,5022,346,16.0,66,0.300,50.071,600.0,2394.0,0.1,0.0,0.0,0.0,0.0,0.0,0.0,0.0,0.0,2,16190,2,No,No,No,No,No,No,No,No,16.704,68.277,100.0,0.000,24.1,120,0,0,8.2,120.0,138.3,102.4,100.8,101.4,100.6,120.0,145.2,102.1,99.0,100.3,98.6,8.33,9.82,7.17,6.95,9.91,9.99,5.69,2.64,8.01,0.32,0.77,1446,246,2.4,7.9,0,0,0.0,0.0,0,
11.6.2026,17:26:46.327,25105,23663,51.4,19874,12510,61.3,9.2,16384,1502,1.175,1.197,1.172,1.182,1.182,1.171,1.156,1.146,1.146,1.171,1.195,1.195,1.195,1.185,1.153,1.061,0.781,3847.7,4489.0,4489.0,4489.0,4489.0,4489.0,4489.0,3591.2,1895.4,3591.2,3591.2,3591.2,3591.2,3591.2,3491.5,99.8,3890.5,1515.9,2544.6,1345.9,2103.3,1274.0,2508.5,2148.7,2461.2,2074.1,1565.0,1323.3,1658.8,1460.8,924.9,946.5,955.0,929.7,991.8,940.9,946.4,1215.6,1639.0,36.5,57.6,29.5,47.1,27.9,55.6,47.5,54.6,45.9,34.9,29.4,37.1,32.5,26.6,27.9,28.0,27.0,29.3,27.2,27.6,37.5,57.6,36.5,100.0,65.8,100.1,52.6,82.0,49.7,97.9,83.3,96.6,80.8,61.0,51.5,64.5,56.9,52.3,53.2,53.7,51.8,55.8,52.5,53.2,67.4,65.8,38.6,45.0,45.0,45.0,45.0,45.0,45.0,36.0,19.0,36.0,36.0,36.0,36.0,36.0,35.0,39.0,72,75,74,75,75,75,73,72,72,72,72,70,70,70,70,28,25,26,25,25,25,27,28,28,28,28,30,30,30,30,79,75,No,No,No,No,No,No,No,No,No,No,No,No,No,No,No,No,No,No,No,No,No,No,No,No,No,No,No,No,No,No,Yes,Yes,Yes,Yes,Yes,Yes,Yes,Yes,Yes,Yes,Yes,Yes,Yes,Yes,Yes,No,No,Yes,79,74,66,1.100,50.626,56.490,48.508,0.002,5.719,0.816,175.0,175.0,175.0,175.0,0,0.0,0.0,37.3,57.7,30.2,47.7,28.8,56.3,48.0,55.2,46.5,35.8,30.3,37.9,33.3,27.6,28.9,28.9,28.1,30.0,28.3,28.5,38.1,27.1,27.3,35.4,12.7,13.8,45.6,39.8,15.1,16.3,16.0,27.2,24.2,22.1,27.6,56.1,22.0,0.0,0.0,0.0,0.2,0.0,0.0,49.9,48.3,48.2,38.5,39.7,43.7,37.9,2.1,0.1,0.0,0.0,0.0,0.0,0.0,0.3,2394.1,24.00,36,35,35,68,103,383,2,2,Yes,No,No,No,No,No,No,No,No,Yes,Yes,No,No,Yes,No,No,No,No,No,No,No,Yes,No,No,No,No,No,Yes,No,No,No,No,No,No,No,Yes,No,No,87.0,4740,3180,4680,63.5,1.110,1.110,1.815,1.815,0.990,5.110,2.375,No,No,No,64.0,1.110,1.110,1.815,1.815,1.005,5.110,1.500,No,No,No,43,43,94.0,100.0,No,No,32291,48158,39,70,99.0,100.0,No,No,1856,3314,100.0,3.9,100.0,112.431,0.781,62608,43351,0.6,0.0,0.6,3.135,0.000,34669,12252,72.5,70.0,79.9,83.0,0.875,20.444,20.435,20.453,63.262,26.813,44.762,14.836,59.845,3.000,17.798,9.781,37.671,100.000,140.000,2250.0,2200.2,1890.0,2227.0,1905.0,65.0,23.0,0.0,12.0,64.5,13.3,53.1,0.0,0.0,0.0,Yes,No,No,No,No,Yes,No,0,0,0,0,0,0,0,0,0,4,0,0,0,0,0,0,0,0,0,0,0,0,0,0,0,0,0,0,0,0,2906,5282,5051,264,16.0,66,0.300,60.801,600.0,2394.0,0.2,0.0,0.0,0.0,0.0,0.0,0.0,0.0,0.0,2,16190,2,No,No,No,No,No,No,No,No,16.703,68.277,100.0,0.000,24.1,117,0,0,6.3,117.1,165.3,90.2,32.9,45.4,30.5,116.3,164.0,76.2,29.8,40.4,27.7,8.54,11.15,6.05,5.52,22.04,32.74,5.69,2.85,8.22,0.32,1.02,1446,246,47.2,37.2,0,0,0.0,0.0,0,
11.6.2026,17:26:47.325,25205,23563,51.6,20040,12343,61.8,9.2,16384,1501,1.205,1.258,1.241,1.241,1.211,1.226,1.216,1.187,1.187,1.187,1.172,1.172,1.187,1.192,1.192,1.061,0.781,3733.7,4489.0,4489.0,4489.0,4489.0,4489.0,4489.0,3591.2,3591.2,3591.2,1895.4,1895.4,3591.2,3591.2,3591.2,99.8,3890.5,1990.8,2652.1,1739.1,2328.8,1706.3,2268.8,2723.8,2328.0,2763.5,1932.0,1791.2,1930.4,2063.4,1670.8,1634.3,1689.0,1659.7,1736.6,1727.7,1679.7,1790.5,2055.1,52.9,64.4,42.3,56.5,41.7,54.7,65.1,56.1,66.0,47.7,43.8,47.3,50.2,51.7,50.3,52.5,51.6,53.9,53.5,51.9,56.4,66.0,52.9,100.0,89.6,104.8,68.8,92.0,67.7,89.5,106.5,91.7,108.1,76.4,70.3,75.9,81.0,93.9,91.9,94.2,93.5,96.7,96.1,93.9,99.0,89.6,37.4,45.0,45.0,45.0,45.0,45.0,45.0,36.0,36.0,36.0,19.0,19.0,36.0,36.0,36.0,39.0,69,71,71,72,70,69,69,67,67,67,67,68,68,68,68,31,29,29,28,30,31,31,33,33,33,33,32,32,32,32,77,72,No,No,No,No,No,No,No,No,No,No,No,No,No,No,No,No,No,No,No,No,No,No,No,No,No,No,No,No,No,No,No,No,No,No,No,No,No,No,No,No,No,No,No,No,No,No,No,No,78,73,66,1.100,58.220,54.862,47.280,0.003,5.868,0.876,175.0,175.0,175.0,175.0,0,0.0,0.0,52.3,63.5,41.8,56.1,41.1,54.1,64.6,55.6,65.5,47.1,43.3,46.7,49.7,50.9,49.7,51.9,50.6,53.4,52.8,51.3,55.4,24.0,19.4,22.6,9.0,8.3,28.7,24.0,25.8,29.3,25.8,30.4,22.1,25.4,24.2,40.6,8.7,0.0,0.3,0.0,0.0,0.1,0.2,17.8,16.0,17.2,13.6,19.6,17.2,19.5,0.3,0.0,0.0,0.0,0.0,0.0,0.0,0.1,2394.1,24.00,36,35,35,68,103,383,2,2,Yes,No,No,No,No,No,No,No,No,Yes,Yes,No,No,Yes,No,No,No,No,No,No,No,Yes,No,No,No,No,No,No,No,No,No,No,No,No,No,No,No,No,88.0,4740,3360,4740,63.5,1.110,1.110,1.815,1.815,1.005,5.110,1.625,No,No,No,64.0,1.110,1.110,1.815,1.815,1.005,5.110,1.500,No,No,No,43,43,94.0,100.0,No,No,32291,48158,39,70,99.0,100.0,No,No,1856,3314,27.7,7.2,34.9,19.115,1.097,62626,43352,15.5,0.0,15.5,179.458,0.000,34840,12252,71.6,70.0,78.6,83.0,0.875,20.476,20.468,20.484,61.233,26.468,43.941,14.430,58.604,3.000,17.410,11.102,36.792,100.000,140.000,2250.0,2200.2,1890.0,2227.1,1905.0,61.0,22.0,0.0,6.0,65.2,13.0,51.8,0.0,0.0,0.0,Yes,No,No,No,No,Yes,No,0,0,0,0,0,0,0,0,0,4,0,0,0,0,0,0,0,0,0,0,0,0,0,0,0,0,0,0,0,0,2846,5342,5127,313,16.0,66,0.300,51.855,600.0,2394.0,0.2,0.0,0.0,0.0,0.0,0.0,0.0,0.0,0.0,2,16190,2,No,No,No,No,No,No,No,No,16.703,68.277,100.0,0.000,24.1,120,0,0,8.1,119.4,207.5,76.6,70.6,72.8,70.0,119.5,170.2,84.8,81.2,82.7,80.8,8.37,12.92,4.60,4.49,13.75,14.50,5.87,2.50,7.98,0.39,1.52,1446,246,20.0,7.9,0,0,0.0,0.0,0,
11.6.2026,17:26:48.319,25295,23473,51.8,20110,12274,62.0,9.2,16384,1501,1.232,1.264,1.232,1.232,1.227,1.222,1.222,1.243,1.238,1.233,1.228,1.238,1.238,1.213,1.223,1.061,0.781,3976.0,4489.0,4489.0,4489.0,4489.0,4489.0,4489.0,3591.2,3591.2,3591.2,3591.2,3591.2,3591.2,3591.2,3591.2,99.8,3890.5,1460.3,2328.3,1186.2,2061.1,1141.9,2094.0,2345.5,1998.7,2667.6,1471.5,1375.4,1487.2,1542.3,927.3,768.7,830.5,902.5,1004.1,928.0,928.2,1216.7,1570.5,35.1,52.9,25.9,46.4,25.0,46.5,52.0,44.6,59.2,33.1,30.9,33.5,34.8,27.7,21.8,23.7,25.9,28.8,26.6,26.4,36.6,59.2,35.1,100.0,63.8,91.9,46.7,80.6,44.8,82.5,91.6,78.9,103.5,57.6,54.1,58.5,60.7,52.2,44.0,47.3,51.0,56.8,53.1,52.7,68.4,63.8,39.9,45.0,45.0,45.0,45.0,45.0,45.0,36.0,36.0,36.0,36.0,36.0,36.0,36.0,36.0,39.0,69,74,69,73,71,69,69,67,67,67,67,68,68,68,68,31,26,31,27,29,31,31,33,33,33,33,32,32,32,32,79,74,No,No,No,No,No,No,No,No,No,No,No,No,No,No,No,No,No,No,No,No,No,No,No,No,No,No,No,No,No,No,No,No,No,No,No,No,No,No,No,No,No,No,No,No,No,No,No,No,78,77,66,1.100,43.876,53.263,45.951,0.002,5.691,0.791,175.0,175.0,175.0,175.0,0,0.0,0.0,35.7,53.0,26.8,46.9,25.9,46.9,52.4,44.8,59.6,33.8,31.5,34.1,35.3,28.5,22.6,24.6,26.8,29.5,27.4,27.3,37.2,31.8,32.9,37.3,14.3,12.6,44.9,39.4,33.3,27.1,30.2,37.3,24.9,20.9,33.1,57.5,19.1,0.0,0.0,0.1,0.0,0.0,0.0,32.8,44.3,39.3,30.3,39.5,45.2,34.1,1.2,0.2,0.0,0.1,0.0,0.0,0.0,0.8,2394.1,24.00,36,35,35,68,103,383,2,2,Yes,No,No,No,No,No,No,No,No,No,Yes,No,No,Yes,No,No,No,No,No,No,No,Yes,No,No,No,No,No,No,No,No,No,No,No,No,No,No,No,No,87.0,4800,3480,4740,63.5,1.095,1.110,1.815,1.815,1.005,5.110,2.500,No,No,No,64.2,1.110,1.110,1.815,1.815,1.005,5.110,2.000,No,No,No,43,43,94.0,100.0,No,No,32291,48158,39,70,99.0,100.0,No,No,1856,3314,3.0,4.1,7.1,1.905,1.150,62628,43353,0.9,0.0,0.9,6.406,0.000,34846,12252,73.0,70.0,80.1,83.0,0.875,20.477,20.468,20.486,62.323,26.636,46.255,15.310,61.807,3.000,18.271,9.688,32.123,100.000,140.000,2250.0,2200.2,1890.0,2227.5,1905.0,61.0,24.0,0.0,9.0,65.4,14.1,56.5,0.0,0.0,0.0,Yes,No,No,No,No,Yes,No,0,0,0,0,0,0,0,0,0,4,0,0,0,0,0,0,0,0,0,0,0,0,0,0,0,0,0,0,0,0,2834,5354,5124,323,16.0,67,0.300,51.470,600.0,2394.0,0.2,0.0,0.0,0.0,0.0,0.0,0.0,0.0,0.0,2,16190,2,No,No,No,No,No,No,No,No,16.701,68.277,100.0,0.000,24.1,118,0,0,8.2,117.4,189.3,52.3,46.5,48.4,46.0,117.4,199.8,51.3,44.9,46.7,44.4,8.52,19.05,5.30,4.70,20.63,21.74,5.49,3.03,8.19,0.33,1.45,1446,246,8.5,8.5,0,0,0.0,0.0,0,
11.6.2026,17:26:49.321,25321,23447,51.9,20150,12234,62.2,9.2,16384,1501,1.169,1.246,1.150,1.185,1.175,1.156,1.156,1.166,1.151,1.151,1.166,1.176,1.166,1.161,1.161,1.061,0.781,3976.0,4489.0,4489.0,4489.0,4489.0,4489.0,4489.0,3591.2,3591.2,3591.2,3591.2,3591.2,3591.2,3591.2,3591.2,99.8,3890.5,1408.7,2376.9,1297.4,1972.5,1135.7,1851.4,2489.8,1931.2,2567.1,1376.6,1440.0,1522.3,1403.5,766.3,756.6,793.9,816.4,885.2,844.0,864.7,1081.6,1531.1,34.3,54.5,29.6,45.1,25.9,41.7,55.7,43.5,57.6,31.7,33.2,34.9,32.4,22.5,22.4,23.0,23.8,25.9,24.5,24.8,33.4,57.6,34.3,100.0,61.0,93.6,50.8,76.9,44.4,72.3,97.1,75.2,100.0,53.7,56.0,59.2,55.0,43.6,43.0,45.1,46.4,50.3,47.9,48.9,60.6,61.0,39.9,45.0,45.0,45.0,45.0,45.0,45.0,36.0,36.0,36.0,36.0,36.0,36.0,36.0,36.0,39.0,70,73,73,73,72,70,69,68,68,68,68,68,68,68,68,30,27,27,27,28,30,31,32,32,32,32,32,32,32,32,78,73,No,No,No,No,No,No,No,No,No,No,No,No,No,No,No,No,No,No,No,No,No,No,No,No,No,No,No,No,No,No,No,No,No,No,No,No,No,No,No,No,No,No,No,No,No,No,No,No,78,74,67,1.100,27.844,50.370,43.065,0.002,5.701,0.789,175.0,175.0,175.0,175.0,0,0.0,0.0,34.1,54.1,29.3,44.9,25.7,41.5,55.5,43.3,57.3,31.5,33.1,34.7,32.2,22.3,22.3,22.9,23.8,25.7,24.3,24.6,33.0,28.3,30.1,38.8,15.1,13.4,45.3,43.2,19.2,18.6,24.6,22.6,21.0,19.1,23.5,62.1,24.5,0.0,0.0,0.0,0.0,0.0,0.0,52.2,52.7,46.5,47.0,47.1,50.4,46.0,1.3,0.1,0.0,0.0,0.0,0.0,0.2,0.1,2394.1,24.00,36,35,35,68,103,383,2,2,Yes,No,No,No,No,No,No,No,No,No,Yes,No,No,Yes,No,No,No,No,No,No,No,Yes,No,No,No,No,No,No,No,No,No,No,No,No,No,No,No,No,87.0,4800,3660,4800,63.5,1.095,1.110,1.815,1.815,1.005,5.110,1.250,No,No,No,64.2,1.095,1.095,1.815,1.815,1.005,5.110,1.500,No,No,No,43,43,94.0,100.0,No,No,32291,48158,39,70,99.0,100.0,No,No,1856,3314,0.4,2.7,3.1,0.131,0.437,62628,43353,7.6,0.0,7.6,38.021,0.004,34883,12252,72.7,70.0,79.4,83.0,0.875,20.501,20.493,20.508,63.101,26.358,44.682,14.980,59.885,3.000,17.940,13.107,30.916,100.000,140.000,2250.0,2200.2,1890.0,2226.8,1905.0,58.0,24.0,0.0,8.0,65.4,13.5,54.2,0.0,0.0,0.0,Yes,No,No,No,No,Yes,No,0,0,0,0,0,0,0,0,0,4,0,0,0,0,0,0,0,0,0,0,0,0,0,0,0,0,0,0,0,0,2832,5356,5124,323,16.0,66,0.300,47.265,600.0,2394.0,0.1,0.0,0.0,0.0,0.0,0.0,0.0,0.0,0.0,2,16190,2,No,No,No,No,No,No,No,No,16.701,68.277,100.0,0.000,24.1,120,0,0,8.0,120.1,172.3,89.9,80.0,84.0,78.9,120.1,203.8,85.6,82.5,83.3,82.3,8.33,11.11,5.76,5.61,11.92,12.71,5.45,2.88,8.01,0.32,1.18,1446,246,4.1,5.6,0,0,0.0,0.0,0,
11.6.2026,17:26:50.315,25341,23427,51.9,20164,12220,62.2,9.2,16384,1501,1.201,1.255,1.200,1.236,1.194,1.238,1.233,1.213,1.188,1.188,1.177,1.177,1.157,1.192,1.162,1.063,0.781,3854.9,4489.0,4489.0,4489.0,4489.0,4489.0,4489.0,3591.2,3591.2,3591.2,3591.2,3591.2,1895.4,3591.2,3591.2,99.8,3890.5,1257.9,2337.1,984.1,1953.9,782.5,2074.4,2229.4,2211.8,2067.8,1251.9,1221.2,1286.7,1288.1,616.1,608.3,668.1,664.2,636.9,673.4,644.3,957.3,1390.4,29.9,53.2,21.8,44.4,17.4,45.8,49.7,49.5,45.5,28.5,27.9,29.3,29.2,17.3,17.0,18.9,19.3,18.0,18.8,18.1,29.5,53.2,29.9,100.0,54.1,91.7,38.6,76.5,30.6,79.9,87.4,86.5,80.6,49.2,48.1,50.1,50.3,35.4,35.1,38.0,38.2,36.3,38.7,37.2,53.0,54.1,38.6,45.0,45.0,45.0,45.0,45.0,45.0,36.0,36.0,36.0,36.0,36.0,19.0,36.0,36.0,39.0,69,70,69,75,70,68,70,67,67,67,67,68,68,68,66,31,30,31,25,30,32,30,33,33,33,33,32,32,32,34,77,75,No,No,No,No,No,No,No,No,No,No,No,No,No,No,No,No,No,No,No,No,No,No,No,No,No,No,No,No,No,No,No,No,No,No,No,No,No,No,No,No,No,No,No,No,No,No,No,No,78,74,66,1.100,40.501,42.593,35.619,0.002,5.619,0.753,175.0,175.0,175.0,175.0,0,0.0,0.0,30.3,53.0,22.2,44.7,17.7,46.4,49.7,49.5,46.0,28.9,28.1,29.6,29.6,17.9,17.6,19.5,19.7,18.5,19.3,18.6,29.8,25.4,35.3,42.2,14.7,15.1,52.4,49.7,8.9,7.3,11.1,16.4,12.5,14.4,11.6,63.6,31.7,0.0,1.1,0.5,0.2,0.0,0.0,66.2,67.9,62.6,56.7,62.6,59.6,62.9,3.0,0.0,0.0,0.0,0.0,0.0,0.0,0.0,2394.1,24.00,36,35,35,68,103,383,2,2,Yes,No,No,No,No,No,No,No,No,No,Yes,No,No,Yes,No,No,No,No,No,No,No,Yes,No,No,No,No,No,Yes,No,No,No,No,No,No,No,Yes,No,No,87.0,4800,3840,4800,63.5,1.095,1.095,1.815,1.815,1.005,5.110,2.250,No,No,No,64.2,1.095,1.095,1.800,1.815,1.005,5.110,1.500,No,No,No,43,43,94.0,100.0,No,No,32291,48158,39,70,99.0,100.0,No,No,1856,3314,1.3,0.8,2.1,0.163,0.047,62628,43353,1.5,0.0,1.5,13.280,0.000,34896,12252,73.4,70.0,80.7,83.0,0.875,20.478,20.469,20.486,62.088,36.741,45.417,14.881,60.516,3.000,17.843,83.908,31.623,100.000,140.000,2250.0,2200.2,1890.0,2228.3,1905.0,63.0,24.0,0.0,10.0,65.5,13.6,54.3,0.0,0.0,0.0,Yes,No,No,No,No,Yes,No,0,0,0,0,0,0,0,0,0,4,0,0,0,0,0,0,0,0,0,0,0,0,0,0,0,0,0,0,0,0,2825,5363,5131,324,16.0,67,0.300,46.885,600.0,2394.0,0.2,0.0,0.0,0.0,0.0,0.0,0.0,0.0,0.0,2,16190,2,No,No,No,No,No,No,No,No,16.704,68.277,100.0,0.000,24.1,116,0,0,5.3,116.1,140.5,86.8,32.0,44.2,29.7,116.1,175.0,72.9,32.0,42.4,29.9,8.61,11.54,7.11,6.62,22.58,33.60,5.36,3.25,8.30,0.31,1.42,1446,246,11.2,2.1,0,0,0.0,0.0,0,
11.6.2026,17:26:51.323,25343,23425,51.9,20167,12217,62.2,9.2,16384,1501,1.178,1.177,1.175,1.175,1.165,1.160,1.170,1.175,1.175,1.175,1.180,1.190,1.185,1.199,1.199,1.061,0.781,3491.5,4489.0,4489.0,4489.0,4489.0,4489.0,4489.0,1895.4,1895.4,1895.4,3591.2,1895.4,3591.2,3591.2,3591.2,99.8,3890.5,1346.4,2394.0,1159.7,1789.6,1140.3,2051.6,2422.1,2581.5,1971.4,1230.1,1287.7,1286.4,1442.0,694.4,660.5,762.2,788.8,760.1,738.5,701.5,1066.1,1478.9,33.3,55.0,26.7,41.2,26.6,46.9,54.1,57.8,44.6,29.0,30.1,30.1,33.6,21.5,20.0,23.3,24.1,23.3,22.6,20.9,34.2,57.8,33.3,100.0,58.1,94.1,45.5,69.6,44.8,80.6,93.8,99.9,77.6,48.1,50.2,50.2,56.4,40.2,38.1,43.6,44.5,43.3,42.2,40.1,59.7,58.1,35.0,45.0,45.0,45.0,45.0,45.0,45.0,19.0,19.0,19.0,36.0,19.0,36.0,36.0,36.0,39.0,69,75,69,74,71,69,70,68,68,68,68,66,66,66,66,31,25,31,26,29,31,30,32,32,32,32,34,34,34,34,78,75,No,No,No,No,No,No,No,No,No,No,No,No,No,No,No,No,No,No,No,No,No,No,No,No,No,No,No,No,No,No,No,No,No,No,No,No,No,No,No,No,No,No,No,No,No,No,No,No,78,72,67,1.100,32.907,48.737,41.310,0.002,5.678,0.778,175.0,175.0,175.0,175.0,0,0.0,0.0,32.7,54.2,26.1,40.7,26.0,45.9,54.0,57.6,44.0,28.3,29.6,29.5,33.1,20.9,19.4,22.8,23.6,22.7,22.0,20.5,33.3,28.2,32.4,42.4,13.2,11.4,51.5,47.0,17.6,13.7,16.4,36.4,14.8,17.6,20.6,59.8,26.2,0.0,0.0,0.7,0.0,0.0,0.0,54.4,59.7,53.8,34.2,55.7,53.8,52.1,3.0,0.0,0.0,0.1,0.0,0.0,0.0,0.0,2394.1,24.00,36,35,35,68,103,383,2,2,Yes,No,No,No,No,No,No,No,No,No,Yes,No,No,Yes,No,No,No,No,No,No,No,Yes,No,No,No,No,No,Yes,No,No,No,No,No,No,No,Yes,No,No,86.0,4740,3840,4800,64.0,1.095,1.095,1.815,1.815,1.005,5.110,1.500,No,No,No,64.5,1.095,1.095,1.815,1.800,1.005,5.110,1.375,No,No,No,43,43,94.0,100.0,No,No,32291,48158,39,70,99.0,100.0,No,No,1856,3314,5.6,0.5,6.1,3.279,0.251,62631,43353,0.0,0.0,0.0,0.000,0.000,34896,12252,72.3,70.0,79.0,83.0,0.875,20.513,20.506,20.520,62.849,29.058,39.711,13.903,53.843,3.000,16.869,37.979,38.099,100.000,140.000,2250.0,2200.2,1890.0,2227.0,1905.0,58.0,22.0,0.0,10.0,65.6,14.0,56.2,0.0,0.0,0.0,Yes,No,No,No,No,Yes,No,0,0,0,0,0,0,0,0,0,4,0,0,0,0,0,0,0,0,0,0,0,0,0,0,0,0,0,0,0,0,2820,5368,5136,324,16.0,67,0.300,48.794,600.0,2394.0,0.2,0.0,0.0,0.0,0.0,0.0,0.0,0.0,0.0,2,16190,2,No,No,No,No,No,No,No,No,16.703,68.277,100.0,0.000,24.1,120,0,0,8.3,120.0,144.4,102.4,98.2,99.9,97.6,120.0,148.6,98.8,96.9,97.6,96.7,8.34,9.79,6.91,6.59,10.04,10.27,5.66,2.67,8.02,0.32,0.81,1446,246,7.8,0.7,0,0,0.0,0.0,0,
11.6.2026,17:26:52.315,25356,23412,51.9,20179,12204,62.3,9.2,16384,1501,1.204,1.196,1.191,1.181,1.191,1.216,1.196,1.216,1.206,1.196,1.221,1.201,1.206,1.216,1.221,1.061,0.781,3655.3,4489.0,4489.0,4489.0,4489.0,4489.0,4489.0,1895.4,3591.2,3591.2,3591.2,798.0,3591.2,3591.2,3591.2,99.8,3890.5,1255.5,2280.6,1087.0,1715.3,954.1,2017.7,2390.5,1662.7,2540.5,1098.4,1314.0,1007.7,1478.9,624.9,608.0,675.9,681.4,675.9,680.4,637.5,977.8,1383.6,29.7,51.7,23.9,38.8,21.1,44.6,53.1,36.7,56.3,24.7,29.7,22.8,33.2,17.5,17.1,18.8,19.1,18.8,18.8,17.5,30.0,56.3,29.7,100.0,54.0,89.6,42.6,66.8,37.5,77.9,93.4,64.7,99.2,43.1,51.6,39.5,57.7,36.1,34.8,38.6,39.4,38.6,39.2,36.7,54.2,54.0,36.6,45.0,45.0,45.0,45.0,45.0,45.0,19.0,36.0,36.0,36.0,8.0,36.0,36.0,36.0,39.0,69,75,70,72,74,68,67,68,68,68,68,68,68,68,68,31,25,30,28,26,32,33,32,32,32,32,32,32,32,32,78,75,No,No,No,No,No,No,No,No,No,No,No,No,No,No,No,No,No,No,No,No,No,No,No,No,No,No,No,No,No,No,No,No,No,No,No,No,No,No,No,No,No,No,No,No,No,No,No,No,78,70,67,1.100,27.000,50.547,43.400,0.002,5.624,0.754,175.0,175.0,175.0,175.0,0,0.0,0.0,30.3,51.7,24.5,39.3,21.7,45.0,53.5,37.1,56.8,25.4,30.2,23.3,33.8,18.3,17.9,19.7,19.9,19.6,19.6,18.3,30.3,26.2,34.8,46.3,12.6,16.4,53.0,51.0,12.5,11.0,16.0,12.7,14.0,11.3,10.5,64.7,31.1,0.0,0.0,1.1,0.1,0.0,0.0,62.6,64.7,57.8,60.0,60.3,62.5,64.4,1.8,0.1,0.0,0.0,0.0,0.0,0.3,0.0,2394.1,24.00,36,35,35,68,103,383,2,2,Yes,No,No,No,No,No,No,No,No,No,Yes,No,No,Yes,No,No,No,No,No,No,No,Yes,No,No,No,No,No,Yes,No,No,No,No,No,No,No,Yes,No,No,86.0,4800,3900,4740,64.0,1.095,1.095,1.815,1.800,0.990,5.110,2.000,No,No,No,64.5,1.095,1.095,1.815,1.800,1.005,5.110,1.250,No,No,No,43,43,94.0,100.0,No,No,32291,48158,39,70,99.0,100.0,No,No,1856,3314,1.1,1.1,2.2,0.136,0.124,62632,43354,0.7,0.0,0.7,4.545,0.000,34900,12252,73.3,72.0,80.2,83.0,0.875,20.485,20.476,20.493,63.036,38.206,45.266,14.845,60.331,3.000,17.805,90.568,35.629,100.000,140.000,2250.0,2200.2,1890.0,2227.9,1905.0,62.0,24.0,0.0,10.0,65.6,14.2,56.7,0.0,0.0,0.0,Yes,No,No,No,No,Yes,No,0,0,0,0,0,0,0,0,0,4,0,0,0,0,0,0,0,0,0,0,0,0,0,0,0,0,0,0,0,0,2820,5368,5136,324,16.0,67,0.300,48.172,600.0,2394.0,0.2,0.0,0.0,0.0,0.0,0.0,0.0,0.0,0.0,2,16190,2,No,No,No,No,No,No,No,No,16.703,68.277,100.0,0.000,24.1,116,0,0,8.4,116.2,134.8,85.7,30.0,41.7,27.8,116.2,163.2,71.7,32.4,42.4,30.4,8.60,11.68,7.38,7.25,24.01,36.03,5.60,3.00,8.29,0.31,0.97,1446,246,2.9,1.2,0,0,0.0,0.0,0,
11.6.2026,17:26:53.322,25354,23413,51.9,20177,12206,62.3,9.2,16384,1501,1.195,1.236,1.191,1.174,1.174,1.184,1.174,1.184,1.204,1.219,1.189,1.209,1.224,1.184,1.184,1.061,0.781,3740.9,4489.0,4489.0,4489.0,4489.0,4489.0,4489.0,3591.2,3591.2,3591.2,1995.1,1895.4,3591.2,3591.2,3591.2,99.8,3890.5,1275.2,2291.0,1151.6,1732.3,903.7,1429.8,2919.4,1672.0,2740.1,1098.1,1416.2,1149.3,1450.4,615.6,612.9,624.5,694.6,670.5,644.9,654.6,1032.5,1406.3,31.1,52.5,26.3,40.1,21.1,32.4,65.5,37.7,61.4,25.9,32.7,26.9,33.5,18.7,18.1,18.5,20.5,19.5,19.0,19.1,32.2,65.5,31.1,100.0,54.8,90.0,45.1,67.4,35.5,55.8,114.0,64.7,107.0,43.3,55.5,44.8,56.7,35.1,35.2,35.8,39.9,38.4,36.7,37.3,57.5,54.8,37.5,45.0,45.0,45.0,45.0,45.0,45.0,36.0,36.0,36.0,20.0,19.0,36.0,36.0,36.0,39.0,68,69,70,71,74,69,68,66,66,66,66,65,65,65,65,32,31,30,29,26,31,32,34,34,34,34,35,35,35,35,78,74,No,No,No,No,No,No,No,No,No,No,No,No,No,No,No,No,No,No,No,No,No,No,No,No,No,No,No,No,No,No,No,No,No,No,No,No,No,No,No,No,No,No,No,No,No,No,No,No,78,74,67,1.100,36.282,47.975,40.803,0.002,5.624,0.758,175.0,175.0,175.0,175.0,0,0.0,0.0,30.7,51.9,25.9,39.7,20.6,32.0,65.3,37.3,61.1,25.4,32.4,26.5,33.1,18.3,17.8,18.2,20.2,19.1,18.7,18.8,31.7,25.2,33.7,47.1,15.9,13.2,52.0,49.2,9.4,10.7,11.8,13.6,11.8,9.5,12.1,63.4,31.7,0.0,0.0,0.0,0.0,0.0,0.0,65.7,64.7,62.9,58.8,63.0,65.4,62.4,1.3,0.0,0.0,0.1,0.0,0.0,0.0,0.1,2394.1,24.00,36,35,35,68,103,383,2,2,Yes,No,No,No,No,No,No,No,No,No,Yes,No,No,Yes,No,No,No,No,No,No,No,Yes,No,No,No,No,No,Yes,No,No,No,No,No,No,No,Yes,No,No,86.0,4800,3900,4800,64.0,1.095,1.095,1.815,1.800,0.990,5.110,1.250,No,No,No,64.8,1.095,1.095,1.815,1.800,0.990,5.110,1.250,No,No,No,43,43,94.0,100.0,No,No,32291,48158,39,70,99.0,100.0,No,No,1856,3314,0.4,2.9,3.3,0.139,0.408,62632,43354,0.6,0.1,0.7,2.728,0.117,34903,12252,73.6,72.0,80.8,83.0,0.875,20.484,20.476,20.493,63.030,26.945,45.801,14.988,61.006,3.000,17.950,9.722,36.145,100.000,140.000,2250.0,2200.2,1890.0,2228.1,1905.0,61.0,23.0,0.0,10.0,65.6,14.0,56.1,0.0,0.0,0.0,Yes,No,No,No,No,Yes,No,0,0,0,0,0,0,0,0,0,4,0,0,0,0,0,0,0,0,0,0,0,0,0,0,0,0,0,0,0,0,2819,5369,5137,324,16.0,67,0.300,50.547,600.0,2394.0,0.1,0.0,0.0,0.0,0.0,0.0,0.0,0.0,0.0,2,16190,2,No,No,No,No,No,No,No,No,16.704,68.277,100.0,0.000,24.1,119,0,0,17.3,120.0,140.5,105.8,101.0,103.0,100.5,120.1,147.0,102.2,99.7,100.7,99.5,8.33,9.47,7.12,6.76,9.72,9.96,5.58,2.75,8.02,0.31,0.72,1446,246,5.6,1.1,0,0,0.0,0.0,0,
11.6.2026,17:26:54.321,25362,23406,52.0,20187,12196,62.3,9.2,16384,1501,1.178,1.191,1.143,1.143,1.161,1.161,1.176,1.166,1.166,1.186,1.210,1.186,1.186,1.191,1.230,1.061,0.781,3349.0,4489.0,4489.0,4489.0,4489.0,798.0,4489.0,3591.2,1895.4,3591.2,3591.2,3591.2,3591.2,1895.4,1895.4,99.8,3890.5,1272.9,2264.9,1092.4,1759.0,852.6,1287.7,2926.2,2118.2,2518.5,1050.9,1471.5,1108.2,1480.0,625.4,625.2,656.5,648.4,678.6,696.8,673.7,924.1,1405.3,29.8,51.3,23.6,39.7,18.4,27.9,64.9,46.7,55.6,23.5,32.9,24.7,32.9,17.3,16.9,18.1,17.9,18.8,19.2,18.6,27.6,64.9,29.8,100.0,54.7,89.1,42.8,68.5,33.4,50.3,114.2,81.9,98.6,41.2,57.6,43.3,57.8,35.8,36.0,37.5,37.0,39.1,40.1,38.4,51.4,54.7,33.6,45.0,45.0,45.0,45.0,8.0,45.0,36.0,19.0,36.0,36.0,36.0,36.0,19.0,19.0,39.0,69,73,71,72,71,71,70,68,68,68,68,68,68,68,66,31,27,29,28,29,29,30,32,32,32,32,32,32,32,34,79,73,No,No,No,No,No,No,No,No,No,No,No,No,No,No,No,No,No,No,No,No,No,No,No,No,No,No,No,No,No,No,No,No,No,No,No,No,No,No,No,No,No,No,No,No,No,No,No,No,78,74,66,1.100,43.032,51.867,44.643,0.002,5.635,0.762,175.0,175.0,175.0,175.0,0,0.0,0.0,30.7,51.5,24.5,40.3,19.4,28.7,65.3,47.1,56.1,24.4,33.7,25.6,33.8,18.3,18.0,19.3,19.0,19.9,20.3,19.6,28.7,25.6,35.6,47.5,17.1,10.6,51.4,49.7,12.0,11.0,12.6,20.9,9.8,14.3,14.7,51.0,31.4,0.0,0.0,0.0,0.8,0.0,0.0,62.9,64.3,61.0,53.4,63.5,58.8,58.9,15.8,0.0,0.0,0.0,0.0,0.0,0.2,0.0,2394.1,24.00,36,35,35,68,103,383,2,2,Yes,No,No,No,No,No,No,No,No,No,Yes,No,No,Yes,No,No,No,No,No,No,No,Yes,No,No,No,No,No,Yes,No,No,No,No,No,No,No,Yes,No,No,86.0,4860,3960,4740,64.2,1.095,1.095,1.815,1.800,0.990,5.110,1.500,No,No,No,64.8,1.095,1.095,1.815,1.800,0.990,5.110,1.375,No,No,No,43,43,94.0,100.0,No,No,32291,48158,39,70,99.0,100.0,No,No,1856,3314,0.0,0.9,0.9,0.000,0.026,62632,43354,1.0,0.1,1.1,6.592,0.024,34909,12252,73.3,72.0,80.3,83.0,0.875,20.498,20.489,20.506,62.398,26.280,45.416,14.916,60.554,3.000,17.894,9.761,32.418,100.000,140.000,2250.0,2200.2,1890.0,2228.7,1905.0,58.0,22.0,0.0,9.0,65.6,13.9,55.6,0.0,0.0,0.0,Yes,No,No,No,No,Yes,No,0,0,0,0,0,0,0,0,0,4,0,0,0,0,0,0,0,0,0,0,0,0,0,0,0,0,0,0,0,0,2817,5371,5139,324,16.0,66,0.300,49.270,600.0,2394.0,0.1,0.0,0.0,0.0,0.0,0.0,0.0,0.0,0.0,2,16190,2,No,No,No,No,No,No,No,No,16.704,68.277,100.0,0.000,24.1,117,0,0,8.7,117.3,143.3,67.0,54.1,58.8,52.9,117.1,164.3,67.0,54.5,59.3,53.2,8.52,14.92,6.98,6.91,17.04,18.96,5.62,2.92,8.21,0.32,1.10,1446,246,3.3,0.9,0,0,0.0,0.0,0,
11.6.2026,17:26:55.319,25359,23409,51.9,20188,12196,62.3,9.2,16384,1501,1.179,1.253,1.182,1.147,1.201,1.181,1.167,1.201,1.172,1.172,1.172,1.172,1.156,1.166,1.166,1.061,0.781,3976.0,4489.0,4489.0,4489.0,4489.0,4489.0,4489.0,3591.2,3591.2,3591.2,3591.2,3591.2,3591.2,3591.2,3591.2,99.8,3890.5,1256.9,2246.8,1134.7,1688.6,966.9,1481.1,2766.9,1989.7,2498.2,1057.9,1356.9,1057.6,1517.9,659.7,616.1,669.1,646.7,682.9,644.5,668.9,787.1,1397.2,30.2,51.2,25.5,38.7,22.0,33.1,61.7,44.4,55.9,24.4,31.2,24.4,34.7,19.6,17.7,19.7,19.1,19.7,18.4,19.3,23.8,61.7,30.2,100.0,53.9,88.5,44.5,65.6,38.0,58.1,108.6,77.0,97.1,41.3,52.7,41.1,59.2,37.4,35.1,38.3,36.5,38.8,36.8,38.2,45.0,53.9,39.9,45.0,45.0,45.0,45.0,45.0,45.0,36.0,36.0,36.0,36.0,36.0,36.0,36.0,36.0,39.0,69,73,72,73,72,72,70,67,67,67,67,68,68,68,68,31,27,28,27,28,28,30,33,33,33,33,32,32,32,32,78,73,No,No,No,No,No,No,No,No,No,No,No,No,No,No,No,No,No,No,No,No,No,No,No,No,No,No,No,No,No,No,No,No,No,No,No,No,No,No,No,No,No,No,No,No,No,No,No,No,78,72,66,1.100,70.876,47.184,40.067,0.002,5.612,0.754,175.0,175.0,175.0,175.0,0,0.0,0.0,30.3,50.9,25.5,38.7,22.0,33.0,61.8,44.2,55.8,24.4,31.2,24.5,34.6,19.8,17.8,19.8,19.4,19.9,18.6,19.6,23.7,20.7,35.2,47.2,17.2,12.4,53.4,49.8,11.1,6.9,10.0,9.7,7.9,7.8,12.4,8.2,36.6,0.0,0.0,0.0,0.6,0.0,0.0,62.4,68.7,62.8,64.2,65.2,66.6,60.7,61.0,0.0,0.0,0.0,0.0,0.0,0.0,0.0,2394.1,24.00,36,35,35,68,103,383,2,2,Yes,No,No,No,No,No,No,No,No,No,Yes,No,No,Yes,No,No,No,No,No,No,No,Yes,No,No,No,No,No,Yes,No,No,No,No,No,No,No,Yes,No,No,85.0,4860,3960,4800,64.2,1.095,1.110,1.815,1.800,0.990,5.110,1.250,No,No,No,64.8,1.095,1.110,1.815,1.800,0.990,5.110,1.750,No,No,No,43,43,94.0,100.0,No,No,32291,48158,39,70,99.0,100.0,No,No,1856,3314,1.6,1.2,2.7,0.378,0.103,62632,43354,0.1,0.1,0.1,0.064,0.012,34909,12252,74.3,72.0,82.6,83.0,0.875,20.498,20.489,20.507,63.128,26.657,44.576,14.936,59.756,3.000,17.913,9.688,36.730,100.000,140.000,2250.0,2200.2,1890.0,2228.7,1905.0,60.0,23.0,0.0,9.0,65.6,13.9,55.5,0.0,0.0,0.0,Yes,No,No,No,No,Yes,No,0,0,0,0,0,0,0,0,0,4,0,0,0,0,0,0,0,0,0,0,0,0,0,0,0,0,0,0,0,0,2817,5371,5140,324,16.0,66,0.300,48.057,600.0,2394.0,0.1,0.0,0.0,0.0,0.0,0.0,0.0,0.0,0.0,2,16190,2,No,No,No,No,No,No,No,No,16.703,68.277,100.0,0.000,24.1,117,0,0,8.4,117.0,142.3,64.1,56.9,59.7,56.2,117.0,170.2,72.3,54.7,61.0,53.1,8.55,15.58,6.96,6.77,16.79,17.92,5.57,2.97,8.23,0.32,1.13,1446,246,1.2,0.9,0,0,0.0,0.0,0,
11.6.2026,17:26:56.318,25352,23416,51.9,20185,12199,62.3,9.2,16384,1501,1.211,1.245,1.200,1.220,1.180,1.180,1.215,1.220,1.192,1.237,1.197,1.217,1.226,1.216,1.211,1.061,0.781,3242.1,4489.0,4489.0,798.0,4489.0,4489.0,4688.5,1895.4,1895.4,3591.2,3591.2,1895.4,1895.4,3591.2,3591.2,99.8,3890.5,1266.0,2343.2,1054.9,1798.6,948.0,1824.3,2432.8,1782.3,2503.7,1145.8,1351.5,1224.3,1464.4,696.8,630.0,637.7,623.5,695.6,684.8,678.4,799.7,1403.9,30.7,53.5,23.9,41.3,21.8,40.9,54.4,40.0,56.2,26.6,31.0,28.3,33.5,21.2,18.5,18.9,18.3,20.8,20.3,19.9,24.8,56.2,30.7,100.0,54.4,91.9,41.3,70.0,37.1,71.2,95.4,69.5,97.5,44.7,52.5,47.9,57.1,39.8,36.0,36.6,35.7,39.9,39.6,39.1,45.4,54.4,32.5,45.0,45.0,8.0,45.0,45.0,47.0,19.0,19.0,36.0,36.0,19.0,19.0,36.0,36.0,39.0,69,73,69,71,70,71,68,67,67,67,67,68,68,68,68,31,27,31,29,30,29,32,33,33,33,33,32,32,32,32,78,73,No,No,No,No,No,No,No,No,No,No,No,No,No,No,No,No,No,No,No,No,No,No,No,No,No,No,No,No,No,No,No,No,No,No,No,No,No,No,No,No,No,No,No,No,No,No,No,No,78,73,67,1.100,37.969,46.037,38.823,0.002,5.633,0.757,175.0,175.0,175.0,175.0,0,0.0,0.0,30.6,53.1,23.8,41.1,21.7,40.7,54.4,39.7,56.0,26.6,30.9,28.2,33.4,21.2,18.6,18.9,18.4,20.8,20.3,19.9,24.8,20.0,33.9,44.5,16.9,16.2,51.5,48.2,8.9,7.2,13.4,8.8,7.0,7.7,9.0,6.1,36.5,0.0,0.0,0.0,0.0,0.0,0.0,62.4,67.1,60.6,65.7,64.8,64.3,63.5,62.0,0.1,0.0,0.4,0.0,0.0,0.0,0.1,2394.1,24.00,36,35,35,68,103,383,2,2,Yes,No,No,No,No,No,No,No,No,No,Yes,No,No,Yes,No,No,No,No,No,No,No,Yes,No,No,No,No,No,No,No,No,No,No,No,No,No,No,No,No,87.0,4800,4080,4800,64.2,1.095,1.110,1.815,1.800,0.990,5.110,1.500,No,No,No,64.8,1.095,1.110,1.800,1.800,0.990,5.110,1.250,No,No,No,43,43,94.0,100.0,No,No,32291,48158,39,70,99.0,100.0,No,No,1856,3314,0.7,3.1,3.8,0.475,0.545,62632,43355,0.3,0.0,0.3,0.388,0.000,34909,12252,74.0,72.0,82.1,83.0,0.875,20.521,20.515,20.526,61.340,35.643,38.356,13.950,52.527,3.000,16.930,88.489,36.250,100.000,140.000,2250.0,2200.2,1890.0,2228.4,1905.0,56.0,22.0,0.0,9.0,66.5,13.0,52.2,0.0,0.0,0.0,Yes,No,No,No,No,Yes,No,0,0,0,0,0,0,0,0,0,4,0,0,0,0,0,0,0,0,0,0,0,0,0,0,0,0,0,0,0,0,2742,5446,5214,324,16.0,66,0.300,48.338,600.0,2394.0,0.1,0.0,0.0,0.0,0.0,0.0,0.0,0.0,0.0,2,16190,2,No,No,No,No,No,No,No,No,16.704,68.277,100.0,0.000,24.1,120,0,0,9.0,119.8,137.8,99.7,98.3,98.4,98.3,119.8,154.1,95.4,85.2,89.4,84.1,8.34,10.03,7.25,6.67,10.16,10.18,5.37,2.98,8.03,0.32,0.83,1446,246,4.7,5.0,0,0,0.0,0.0,0,
11.6.2026,17:26:57.317,25441,23327,52.1,20208,12176,62.4,9.2,16384,1501,1.172,1.221,1.168,1.143,1.128,1.163,1.168,1.204,1.189,1.174,1.164,1.174,1.174,1.174,1.164,1.063,0.781,3726.6,4489.0,4489.0,4489.0,798.0,4688.5,4489.0,3591.2,3591.2,3591.2,3591.2,3591.2,3591.2,3591.2,3591.2,99.8,3890.5,1243.0,2290.7,1029.0,1883.2,768.0,2176.1,2040.3,2055.5,2151.6,1297.9,1304.9,1177.2,1258.0,684.5,624.7,678.8,634.2,675.2,700.6,668.6,761.3,1378.4,30.0,52.3,23.2,43.2,17.3,48.6,45.7,45.9,48.2,29.9,29.8,27.3,28.7,19.9,18.2,20.3,18.5,20.1,20.4,19.2,22.8,52.3,30.0,100.0,53.3,90.1,40.3,73.1,30.1,84.2,79.7,80.0,84.5,51.2,51.3,46.0,49.0,38.9,35.5,38.0,36.0,38.0,39.7,38.1,43.1,53.3,37.4,45.0,45.0,45.0,8.0,47.0,45.0,36.0,36.0,36.0,36.0,36.0,36.0,36.0,36.0,39.0,68,72,70,73,71,69,69,67,67,67,67,66,66,66,66,32,28,30,27,29,31,31,33,33,33,33,34,34,34,34,78,73,No,No,No,No,No,No,No,No,No,No,No,No,No,No,No,No,No,No,No,No,No,No,No,No,No,No,No,No,No,No,No,No,No,No,No,No,No,No,No,No,No,No,No,No,No,No,No,No,78,72,66,1.100,63.282,49.484,42.353,0.002,5.604,0.743,175.0,175.0,175.0,175.0,0,0.0,0.0,30.0,52.0,23.3,43.2,17.4,48.5,45.7,45.8,48.1,30.0,29.9,27.3,28.8,20.1,18.3,20.6,18.6,20.3,20.8,19.6,22.9,23.3,35.8,46.2,17.0,18.3,50.2,53.1,15.4,10.4,18.1,9.4,14.0,12.3,16.6,9.7,34.4,0.0,0.0,0.1,0.3,0.6,0.0,57.7,65.1,55.1,65.3,59.2,60.3,56.9,60.9,0.1,0.0,0.3,0.2,0.1,0.1,0.0,2394.1,24.00,36,35,35,68,103,383,2,2,Yes,No,No,No,No,No,No,No,No,No,Yes,No,No,Yes,No,No,No,No,No,No,No,Yes,No,No,No,No,No,Yes,No,No,No,No,No,No,No,Yes,No,No,86.0,4800,4140,4800,64.5,1.095,1.110,1.815,1.815,0.990,5.110,1.625,No,No,No,65.0,1.095,1.110,1.815,1.800,0.990,5.110,2.375,No,No,No,43,43,94.0,100.0,No,No,32291,48158,39,70,99.0,100.0,No,No,1856,3314,1.2,1.4,2.6,0.140,0.546,62633,43355,0.7,0.0,0.7,5.041,0.000,34914,12252,73.9,72.0,82.1,83.0,0.875,20.564,20.561,20.567,60.214,28.518,30.898,12.768,43.911,3.000,15.747,45.543,47.758,100.000,140.000,2250.0,2200.2,1890.0,2229.3,1905.0,57.0,21.0,0.0,12.0,69.8,13.4,53.5,0.0,0.0,0.0,Yes,No,No,No,No,Yes,No,0,0,0,0,0,0,0,0,0,4,0,0,0,0,0,0,0,0,0,0,0,0,0,0,0,0,0,0,0,0,2469,5719,5488,329,16.0,66,0.300,45.977,600.0,2394.0,0.2,0.0,0.0,0.0,0.0,0.0,0.0,0.0,0.0,2,16190,2,No,No,No,No,No,No,No,No,16.704,68.277,100.0,0.000,24.1,117,0,0,9.3,116.8,141.9,55.8,49.8,51.2,49.3,116.8,161.2,51.6,47.1,48.0,46.8,8.56,18.02,6.83,6.60,19.58,20.31,5.32,3.24,8.24,0.32,1.36,1446,246,3.3,2.5,0,0,0.0,0.0,0,
11.6.2026,17:26:58.329,25950,22817,53.2,20295,12089,62.6,9.2,16384,1501,1.218,1.198,1.219,1.203,1.229,1.193,1.229,1.196,1.196,1.211,1.236,1.216,1.231,1.246,1.241,1.061,0.781,3634.0,4489.0,4688.5,4688.5,4688.5,4489.0,798.0,3591.2,3591.2,3591.2,3591.2,1895.4,3591.2,3591.2,3591.2,99.8,3890.5,1368.4,2567.1,918.7,2057.4,730.9,2164.7,2198.1,2195.8,2027.1,1511.6,1240.4,1461.3,1352.5,911.0,800.6,908.2,789.4,885.4,830.8,918.1,898.9,1489.7,33.7,58.6,21.1,47.1,17.0,48.8,49.5,49.3,45.8,35.0,28.7,33.9,31.2,27.3,23.6,27.3,23.5,26.3,24.7,27.1,27.5,58.6,33.7,100.0,59.5,100.7,36.1,80.7,28.8,85.1,86.1,85.9,79.2,59.2,48.7,57.3,53.3,51.0,45.1,51.1,44.3,49.6,46.5,51.5,50.3,59.5,36.4,45.0,47.0,47.0,47.0,45.0,8.0,36.0,36.0,36.0,36.0,19.0,36.0,36.0,36.0,39.0,70,72,70,74,71,70,73,69,69,69,69,68,68,68,68,30,28,30,26,29,30,27,31,31,31,31,32,32,32,32,79,74,No,No,No,No,No,No,No,No,No,No,No,No,No,No,No,No,No,No,No,No,No,No,No,No,No,No,No,No,No,No,No,No,No,No,No,No,No,No,No,No,No,No,No,No,No,No,No,No,79,73,67,1.100,50.626,48.682,41.310,0.002,5.690,0.785,175.0,175.0,175.0,175.0,0,0.0,0.0,33.3,57.9,20.7,46.9,16.5,48.4,49.2,48.9,45.5,34.6,28.3,33.5,30.7,26.9,23.2,26.9,23.1,25.9,24.4,26.7,27.1,38.1,32.3,40.6,16.1,16.3,46.6,42.3,47.0,43.7,46.1,40.8,44.3,41.7,46.2,29.4,16.0,0.0,0.0,0.6,0.1,0.0,0.0,22.1,28.9,23.0,31.9,25.9,29.7,23.2,38.6,0.9,0.0,1.6,0.1,0.6,0.0,3.0,2394.1,24.00,36,35,35,68,103,383,2,2,Yes,No,No,No,No,No,No,No,No,No,Yes,No,No,Yes,No,No,No,No,No,No,No,Yes,No,No,No,No,No,No,No,No,No,No,No,No,No,No,No,No,86.0,4860,4080,4800,64.5,1.095,1.110,1.815,1.800,0.990,5.110,1.125,No,No,No,65.0,1.095,1.110,1.815,1.800,1.005,5.110,2.500,No,No,No,43,43,94.0,100.0,No,No,32291,48158,39,70,99.0,100.0,No,No,1856,3314,1.7,0.5,2.2,0.841,0.040,62633,43355,4.0,0.0,4.0,43.753,0.000,34956,12252,81.4,74.0,91.8,83.0,0.875,20.414,20.395,20.433,83.548,41.101,70.148,18.458,88.882,3.000,21.426,31.823,53.972,100.000,140.000,2250.0,2200.2,1890.0,2221.7,1905.0,97.0,35.0,0.0,11.0,70.0,22.0,88.0,0.0,0.0,0.0,Yes,No,No,No,No,Yes,No,0,0,0,0,0,0,0,0,0,4,0,0,0,0,0,0,0,0,0,0,0,0,0,0,0,0,0,0,0,0,2455,5733,5502,334,16.0,66,0.300,52.382,600.0,2394.0,0.1,0.0,0.0,0.0,0.0,0.0,0.0,0.0,0.0,2,16190,2,No,No,No,No,No,No,No,No,16.699,68.277,100.0,0.000,24.1,97,0,0,8.0,95.9,147.5,30.4,12.9,12.2,12.2,95.3,156.7,30.7,12.6,11.8,11.8,10.43,32.94,6.80,6.76,82.31,82.31,8.75,1.74,10.02,0.41,3.19,1446,246,1.6,0.9,0,0,0.0,0.0,0,
11.6.2026,17:26:59.325,25801,22966,52.9,20287,12097,62.6,9.2,16384,1501,1.219,1.240,1.182,1.182,1.172,1.207,1.192,1.230,1.230,1.235,1.235,1.235,1.235,1.235,1.250,1.061,0.781,3776.5,4489.0,4489.0,4489.0,4489.0,4489.0,4489.0,3591.2,3591.2,3591.2,3591.2,798.0,3591.2,3591.2,3591.2,99.8,3890.5,1226.5,2714.5,258.8,2352.9,161.8,2429.8,1830.7,3143.0,823.6,1861.2,357.2,2069.7,368.5,902.3,708.3,807.6,706.1,770.4,771.5,807.1,685.0,1343.5,28.9,61.6,4.6,52.9,2.4,53.6,40.1,69.9,17.3,42.2,6.8,46.7,7.0,25.5,19.7,22.5,19.7,21.6,21.5,22.7,19.7,69.9,28.9,100.0,53.4,106.3,10.2,91.8,6.4,94.8,71.2,122.8,32.4,72.9,14.1,80.9,14.5,50.7,40.0,45.6,40.1,43.1,44.2,45.9,39.2,53.4,37.9,45.0,45.0,45.0,45.0,45.0,45.0,36.0,36.0,36.0,36.0,8.0,36.0,36.0,36.0,39.0,70,72,71,75,71,69,70,69,69,69,69,68,68,68,68,30,28,29,25,29,31,30,31,31,31,31,32,32,32,32,79,75,No,No,No,No,No,No,No,No,No,No,No,No,No,No,No,No,No,No,No,No,No,No,No,No,No,No,No,No,No,No,No,No,No,No,No,No,No,No,No,No,No,No,No,No,No,No,No,No,79,73,67,1.100,21.094,51.668,44.382,0.002,5.648,0.755,175.0,175.0,175.0,175.0,0,0.0,0.0,29.8,61.5,5.8,53.6,3.6,54.3,40.9,70.3,18.4,43.1,8.0,47.4,8.2,26.5,20.8,23.6,20.9,22.8,22.6,23.9,20.9,52.5,33.9,41.7,13.3,15.9,51.2,45.2,70.1,70.2,71.5,66.5,73.2,69.6,72.4,40.2,4.3,0.0,0.0,0.3,0.0,0.0,0.0,0.8,6.3,2.2,9.4,1.5,4.7,0.9,34.1,0.0,0.0,0.0,0.0,0.0,0.0,0.1,2394.1,24.00,36,35,35,68,103,383,2,2,Yes,No,No,No,No,No,No,No,No,No,Yes,No,No,Yes,No,No,No,No,No,No,No,Yes,No,No,No,No,No,Yes,No,No,No,No,No,No,No,Yes,No,No,86.0,4800,4200,4860,64.5,1.095,1.110,1.815,1.800,1.005,5.110,1.125,No,No,No,65.0,1.095,1.110,1.815,1.800,1.005,5.110,1.375,No,No,No,42,42,94.0,100.0,No,No,32291,48158,39,70,99.0,100.0,No,No,1856,3314,1.7,3.1,4.8,0.273,0.331,62634,43355,0.0,0.1,0.1,0.000,0.032,34956,12252,80.7,74.0,91.2,83.0,0.875,20.429,20.413,20.446,88.798,48.149,66.520,18.126,84.932,3.000,21.085,92.101,51.282,100.000,140.000,2250.0,2200.2,1890.0,2215.1,1905.0,91.0,34.0,0.0,11.0,70.0,20.3,81.0,0.0,0.0,0.0,Yes,No,No,No,No,Yes,No,0,0,0,0,0,0,0,0,0,4,0,0,0,0,0,0,0,0,0,0,0,0,0,0,0,0,0,0,0,0,2454,5734,5502,334,16.0,67,0.300,47.840,600.0,2394.0,0.2,0.0,0.0,0.0,0.0,0.0,0.0,0.0,0.0,2,16190,2,No,No,No,No,No,No,No,No,16.702,68.277,100.0,0.000,24.1,121,0,0,8.0,121.0,150.2,100.1,99.3,99.5,99.2,121.6,147.4,103.7,102.7,103.0,102.6,8.26,10.09,6.71,6.22,10.12,10.14,8.05,0.18,7.93,0.34,0.64,1446,246,1.7,0.9,0,0,0.0,0.0,0,
11.6.2026,17:27:0.321,25805,22963,52.9,20290,12094,62.6,9.2,16384,1501,1.209,1.256,1.189,1.189,1.194,1.208,1.208,1.228,1.228,1.228,1.193,1.193,1.228,1.193,1.193,1.061,0.781,3976.0,4489.0,4489.0,4489.0,4489.0,4489.0,4489.0,3591.2,3591.2,3591.2,3591.2,3591.2,3591.2,3591.2,3591.2,99.8,3890.5,1186.0,2546.4,352.5,2361.6,148.4,2548.4,1638.4,3236.6,613.6,1686.7,471.7,1962.4,278.5,829.2,693.9,749.6,704.5,710.0,764.3,781.8,642.6,1301.4,28.9,58.4,8.0,54.0,3.5,56.9,36.7,72.5,13.7,39.2,10.7,45.2,6.4,24.2,20.2,22.0,20.7,21.1,22.4,23.1,19.2,72.5,28.9,100.0,51.6,100.1,13.8,92.7,5.9,99.9,63.8,126.9,24.0,65.9,18.5,76.7,11.0,46.8,39.5,42.2,40.1,40.1,43.4,43.8,36.8,51.6,39.9,45.0,45.0,45.0,45.0,45.0,45.0,36.0,36.0,36.0,36.0,36.0,36.0,36.0,36.0,39.0,70,70,71,75,72,72,71,69,69,69,69,68,68,68,68,30,30,29,25,28,28,29,31,31,31,31,32,32,32,32,79,75,No,No,No,No,No,No,No,No,No,No,No,No,No,No,No,No,No,No,No,No,No,No,No,No,No,No,No,No,No,No,No,No,No,No,No,No,No,No,No,No,No,No,No,No,No,No,No,No,79,70,67,1.100,44.719,48.557,41.934,0.002,5.632,0.740,175.0,175.0,175.0,175.0,0,0.0,0.0,28.8,57.8,7.9,54.0,3.3,56.9,36.6,72.4,13.7,39.2,10.6,45.2,6.2,24.2,20.2,21.9,20.7,21.0,22.5,23.1,19.3,53.4,36.3,41.7,14.3,17.5,52.8,49.0,72.5,64.4,71.8,65.1,73.7,72.8,73.0,42.4,4.7,0.0,0.0,0.1,0.0,0.0,0.0,0.5,11.9,3.6,10.9,2.7,1.9,1.4,33.3,0.0,0.0,0.0,0.0,0.0,0.0,0.0,2394.1,24.00,36,35,35,68,103,383,2,2,Yes,No,No,No,No,No,No,No,No,No,Yes,No,No,Yes,No,No,No,No,No,No,No,Yes,No,No,No,No,No,Yes,No,No,No,No,No,No,No,Yes,No,No,85.0,4920,4320,4860,64.5,1.095,1.110,1.815,1.800,1.005,5.110,1.875,No,No,No,65.0,1.095,1.110,1.815,1.800,1.005,5.110,2.875,No,No,No,43,43,94.0,100.0,No,No,32291,48158,39,70,99.0,100.0,No,No,1856,3314,0.0,2.1,2.1,0.000,0.127,62634,43356,0.1,0.0,0.1,0.064,0.000,34956,12252,76.3,74.0,83.8,83.0,0.875,20.519,20.509,20.529,87.820,25.544,46.619,14.828,61.729,3.000,17.787,10.328,24.520,100.000,140.000,2250.0,2200.2,1890.0,2217.5,1905.0,74.0,27.0,0.0,10.0,70.0,18.6,74.4,0.0,0.0,0.0,Yes,No,No,No,No,Yes,No,0,0,0,0,0,0,0,0,0,4,0,0,0,0,0,0,0,0,0,0,0,0,0,0,0,0,0,0,0,0,2454,5734,5638,334,16.0,66,0.300,49.470,600.0,2394.0,0.2,0.0,0.0,0.0,0.0,0.0,0.0,0.0,0.0,2,16190,2,No,No,No,No,No,No,No,No,16.702,68.277,100.0,0.000,24.1,120,0,0,8.4,120.0,141.9,104.7,101.4,102.8,101.0,120.0,140.5,106.8,102.3,104.2,101.7,8.33,9.56,7.02,6.88,9.74,9.90,7.95,0.38,8.00,0.33,0.56,1446,246,1.2,0.8,0,0,0.0,0.0,0,
11.6.2026,17:27:1.318,25985,22782,53.2,20349,12035,62.8,9.2,16384,1501,1.201,1.211,1.184,1.184,1.199,1.179,1.194,1.190,1.225,1.225,1.195,1.190,1.225,1.205,1.205,1.061,0.781,3976.0,4489.0,4489.0,4489.0,4489.0,4489.0,4489.0,3591.2,3591.2,3591.2,3591.2,3591.2,3591.2,3591.2,3591.2,99.8,3890.5,1208.2,2517.5,422.9,2290.1,349.0,2942.4,1068.6,1854.7,2148.6,1772.8,310.9,843.5,1470.7,832.3,770.0,801.0,596.8,802.3,836.2,856.0,677.3,1312.0,29.8,57.9,9.9,52.7,8.3,66.1,24.3,41.8,48.3,41.4,6.1,19.6,34.1,24.6,23.1,23.9,18.3,23.8,24.7,25.4,21.1,66.1,29.8,100.0,52.7,99.0,16.6,90.0,13.7,114.9,41.7,72.9,83.9,69.6,12.3,33.1,57.5,47.1,43.6,45.2,33.8,45.4,47.6,48.0,39.1,52.7,39.9,45.0,45.0,45.0,45.0,45.0,45.0,36.0,36.0,36.0,36.0,36.0,36.0,36.0,36.0,39.0,70,73,70,74,71,69,74,69,69,69,69,68,68,68,68,30,27,30,26,29,31,26,31,31,31,31,32,32,32,32,78,74,No,No,No,No,No,No,No,No,No,No,No,No,No,No,No,No,No,No,No,No,No,No,No,No,No,No,No,No,No,No,No,No,No,No,No,No,No,No,No,No,No,No,No,No,No,No,No,No,79,77,67,1.100,32.907,45.817,37.915,0.002,5.655,0.743,175.0,175.0,175.0,175.0,0,0.0,0.0,29.5,57.2,9.4,52.4,7.8,65.7,23.8,41.4,48.0,41.1,7.0,19.2,33.8,24.3,22.8,23.6,17.9,23.5,24.4,25.2,20.8,48.7,36.9,41.1,17.3,17.0,52.5,48.5,63.3,64.3,61.8,46.2,67.7,65.6,67.8,32.2,8.7,0.0,0.0,0.0,1.0,0.0,0.0,8.9,9.6,11.3,32.1,5.7,6.6,4.2,41.7,0.2,0.0,0.0,0.0,0.1,0.3,0.6,2394.1,24.00,36,35,35,68,103,383,2,2,Yes,No,No,No,No,No,No,No,No,No,Yes,No,No,Yes,No,No,No,No,No,No,No,Yes,No,No,No,No,No,Yes,No,No,No,No,No,No,No,Yes,No,No,86.0,4920,4440,4920,64.8,1.095,1.110,1.815,1.800,1.005,5.110,1.125,No,No,No,65.2,1.095,1.110,1.815,1.800,1.005,5.110,1.500,No,No,No,43,43,94.0,100.0,No,No,32291,48158,39,70,99.0,100.0,No,No,1856,3314,0.6,0.9,1.6,0.267,0.102,62634,43356,2.2,0.0,2.2,20.542,0.000,34976,12252,80.7,74.0,91.1,83.0,0.875,20.453,20.436,20.469,77.778,35.693,66.201,17.902,84.374,3.000,20.858,11.094,46.423,100.000,140.000,2250.0,2200.2,1890.0,2222.4,1905.0,88.0,33.0,0.0,11.0,70.9,18.6,74.3,0.0,0.0,0.0,Yes,No,No,No,No,Yes,No,0,0,0,0,0,0,0,0,0,4,0,0,0,0,0,0,0,0,0,0,0,0,0,0,0,0,0,0,0,0,2386,5802,5574,334,16.0,66,0.300,47.168,600.0,2394.0,0.1,0.0,0.0,0.0,0.0,0.0,0.0,0.0,0.0,2,16190,2,No,No,No,No,No,No,No,No,16.703,68.277,100.0,0.000,24.1,116,0,0,8.8,115.8,220.0,75.8,23.5,33.5,21.7,116.0,193.9,85.2,22.8,33.5,20.9,8.63,13.19,4.51,4.07,29.96,46.35,7.25,1.37,8.29,0.34,1.65,1446,246,2.6,0.8,0,0,0.0,0.0,0,
11.6.2026,17:27:2.330,25922,22846,53.1,20344,12040,62.8,9.2,16384,1501,1.198,1.251,1.205,1.210,1.200,1.190,1.200,1.200,1.195,1.200,1.195,1.185,1.195,1.175,1.175,1.061,0.781,3976.0,4489.0,4489.0,4489.0,4489.0,4489.0,4489.0,3591.2,3591.2,3591.2,3591.2,3591.2,3591.2,3591.2,3591.2,99.8,3890.5,1134.9,2461.7,352.2,2236.8,278.8,3014.3,869.3,987.1,2956.3,1688.6,99.5,434.4,1723.4,744.0,652.1,682.2,509.7,763.5,759.2,787.5,697.1,1230.7,27.6,56.7,6.6,51.4,5.0,67.7,18.2,21.1,66.0,39.5,2.4,8.7,40.0,22.3,19.8,20.5,14.9,22.8,22.6,23.5,21.7,67.7,27.6,100.0,49.5,97.2,13.9,87.9,11.0,117.5,33.8,38.9,115.6,66.1,3.9,17.2,67.5,42.0,37.0,38.9,29.7,43.4,43.4,44.8,40.1,49.5,39.9,45.0,45.0,45.0,45.0,45.0,45.0,36.0,36.0,36.0,36.0,36.0,36.0,36.0,36.0,39.0,69,70,70,74,68,70,69,69,69,69,69,68,68,68,68,31,30,30,26,32,30,31,31,31,31,31,32,32,32,32,79,74,No,No,No,No,No,No,No,No,No,No,No,No,No,No,No,No,No,No,No,No,No,No,No,No,No,No,No,No,No,No,No,No,No,No,No,No,No,No,No,No,No,No,No,No,No,No,No,No,79,71,67,1.100,56.532,51.136,43.910,0.002,5.596,0.719,175.0,175.0,175.0,175.0,0,0.0,0.0,27.8,56.3,7.9,51.3,6.2,67.4,19.3,22.2,66.0,39.5,2.2,9.8,39.9,22.2,19.8,20.5,15.0,22.7,22.7,23.4,21.7,45.1,38.0,43.0,18.1,17.3,57.0,52.3,60.0,53.1,54.1,31.1,57.4,59.3,62.9,27.8,13.8,0.0,0.0,0.0,0.0,0.0,0.0,14.3,23.0,21.1,49.0,16.0,14.2,10.3,44.8,0.0,0.0,0.0,0.0,0.0,0.0,0.0,2394.1,24.00,36,35,35,68,103,383,2,2,Yes,No,No,No,No,No,No,No,No,No,Yes,No,No,Yes,No,No,No,No,No,No,No,Yes,No,No,No,No,No,Yes,No,No,No,No,No,No,No,Yes,No,No,86.0,4980,4680,4920,64.8,1.095,1.110,1.815,1.800,1.005,5.110,1.000,No,No,No,65.2,1.095,1.110,1.800,1.800,1.005,5.110,2.000,No,No,No,42,42,94.0,100.0,No,No,32291,48158,39,70,99.0,100.0,No,No,1856,3314,0.8,1.9,2.6,0.712,0.069,62635,43356,1.7,0.0,1.7,17.319,0.000,34993,12252,78.5,74.0,87.6,83.0,0.875,20.498,20.486,20.510,75.978,34.555,55.157,16.204,71.619,3.000,19.174,38.375,38.356,100.000,140.000,2250.0,2200.2,1890.0,2222.9,1905.0,76.0,27.0,0.0,10.0,71.0,17.4,69.4,0.0,0.0,0.0,Yes,No,No,No,No,Yes,No,0,0,0,0,0,0,0,0,0,4,0,0,0,0,0,0,0,0,0,0,0,0,0,0,0,0,0,0,0,0,2378,5810,5578,334,16.0,66,0.300,47.832,600.0,2394.0,0.2,0.0,0.0,0.0,0.0,0.0,0.0,0.0,0.0,2,16190,2,No,No,No,No,No,No,No,No,16.703,68.277,100.0,0.000,24.1,114,0,0,8.6,114.0,177.9,40.3,36.2,37.7,35.8,114.0,165.2,38.1,34.7,35.7,34.5,8.78,24.80,5.62,4.49,26.55,27.99,7.05,1.72,8.42,0.35,1.48,1446,246,3.0,0.9,0,0,0.0,0.0,0,
11.6.2026,17:27:3.325,25911,22857,53.1,20342,12041,62.8,9.2,16384,1501,1.201,1.208,1.176,1.186,1.186,1.200,1.200,1.200,1.215,1.215,1.205,1.215,1.215,1.205,1.190,1.061,0.781,3854.9,4489.0,4489.0,4489.0,4489.0,4489.0,4489.0,3591.2,3591.2,3591.2,3591.2,3591.2,3591.2,3591.2,1895.4,99.8,3890.5,1073.9,2402.4,310.3,2216.1,186.9,3124.7,756.3,566.6,3155.1,1643.6,82.4,315.0,1777.6,698.1,680.9,695.4,288.1,652.6,627.6,694.4,604.6,1181.2,26.8,55.2,8.6,51.0,5.9,70.1,18.3,14.2,70.6,38.8,3.7,8.7,41.4,20.9,20.4,21.2,8.9,19.6,18.8,21.3,18.6,70.6,26.8,100.0,46.6,94.8,12.2,87.0,7.4,121.7,29.4,22.2,123.6,64.4,3.4,12.4,69.7,39.8,38.9,39.9,17.5,37.4,36.5,39.2,35.4,46.6,38.6,45.0,45.0,45.0,45.0,45.0,45.0,36.0,36.0,36.0,36.0,36.0,36.0,36.0,19.0,39.0,69,73,70,74,71,70,70,68,68,68,68,68,68,68,68,31,27,30,26,29,30,30,32,32,32,32,32,32,32,32,79,74,No,No,No,No,No,No,No,No,No,No,No,No,No,No,No,No,No,No,No,No,No,No,No,No,No,No,No,No,No,No,No,No,No,No,No,No,No,No,No,No,No,No,No,No,No,No,No,No,79,73,67,1.100,61.595,43.226,36.117,0.002,5.555,0.701,175.0,175.0,175.0,175.0,0,0.0,0.0,26.2,54.8,6.9,50.9,4.2,69.7,16.8,12.7,70.6,38.7,1.8,7.0,41.3,20.8,20.3,21.0,8.6,19.6,18.7,21.1,18.5,42.9,39.5,44.5,17.3,20.1,58.1,53.0,57.1,52.0,56.0,5.6,50.8,56.1,65.2,25.5,17.6,0.0,0.0,0.0,0.0,0.0,0.0,17.9,23.3,18.8,81.1,24.8,20.7,10.2,49.6,0.0,0.0,0.0,0.0,0.0,0.0,0.0,2394.1,24.00,36,35,35,68,103,383,2,2,Yes,No,No,No,No,No,No,No,No,No,Yes,No,No,Yes,No,No,No,No,No,No,No,Yes,No,No,No,No,No,Yes,No,No,No,No,No,No,No,Yes,No,No,85.0,4980,4740,4980,64.8,1.095,1.110,1.800,1.815,1.005,5.110,1.250,No,No,No,65.2,1.095,1.110,1.800,1.815,1.005,5.110,1.375,No,No,No,42,42,94.0,100.0,No,No,32291,48158,39,70,99.0,100.0,No,No,1856,3314,0.0,1.5,1.5,0.000,0.052,62635,43356,0.1,0.0,0.1,0.064,0.000,34993,12252,78.9,74.0,88.2,83.0,0.875,20.488,20.476,20.500,74.748,40.225,55.668,16.238,72.160,3.000,19.207,76.608,38.694,100.000,140.000,2250.0,2200.2,1890.0,2225.3,1905.0,75.0,27.0,0.0,10.0,70.9,17.7,70.7,0.0,0.0,0.0,Yes,No,No,No,No,Yes,No,0,0,0,0,0,0,0,0,0,4,0,0,0,0,0,0,0,0,0,0,0,0,0,0,0,0,0,0,0,0,2379,5809,5578,334,16.0,66,0.300,44.882,600.0,2394.0,0.1,0.0,0.0,0.0,0.0,0.0,0.0,0.0,0.0,2,16190,2,No,No,No,No,No,No,No,No,16.703,68.277,100.0,0.000,24.1,120,0,0,8.2,120.0,140.8,102.0,94.8,97.6,94.0,120.1,141.1,101.3,96.0,98.2,95.3,8.34,9.85,7.09,6.46,10.30,10.70,6.68,1.65,7.99,0.34,0.63,1446,246,1.9,1.1,0,0,0.0,0.0,0,
11.6.2026,17:27:4.322,25910,22858,53.1,20346,12038,62.8,9.2,16384,1501,1.193,1.255,1.213,1.208,1.208,1.173,1.188,1.183,1.178,1.188,1.173,1.173,1.188,1.182,1.192,1.061,0.781,3976.0,4489.0,4489.0,4489.0,4489.0,4489.0,4489.0,3591.2,3591.2,3591.2,3591.2,3591.2,3591.2,3591.2,3591.2,99.8,3890.5,1064.2,2459.1,258.7,2213.4,147.7,1118.7,2876.5,2028.8,1639.6,1725.4,46.2,241.5,1632.5,704.8,645.4,641.4,266.8,651.3,652.4,677.2,657.5,1165.4,24.9,56.0,4.5,50.1,2.0,24.0,63.6,44.6,35.8,39.4,0.0,4.1,37.3,20.1,18.2,18.1,6.6,17.9,18.0,19.0,18.9,63.6,24.9,100.0,46.2,97.1,10.2,87.0,5.9,44.3,111.9,79.7,64.6,68.0,1.9,9.6,64.2,39.6,36.7,36.3,15.9,37.7,37.4,38.3,38.5,46.2,39.9,45.0,45.0,45.0,45.0,45.0,45.0,36.0,36.0,36.0,36.0,36.0,36.0,36.0,36.0,39.0,70,71,71,74,71,69,71,69,69,69,69,68,68,68,68,30,29,29,26,29,31,29,31,31,31,31,32,32,32,32,79,74,No,No,No,No,No,No,No,No,No,No,No,No,No,No,No,No,No,No,No,No,No,No,No,No,No,No,No,No,No,No,No,No,No,No,No,No,No,No,No,No,No,No,No,No,No,No,No,No,78,71,67,1.100,52.313,44.309,37.178,0.003,5.566,0.700,175.0,175.0,175.0,175.0,0,0.0,0.0,26.0,56.2,5.8,50.8,3.3,24.9,64.1,45.4,36.7,40.3,1.0,5.4,38.2,21.3,19.4,19.4,8.0,19.1,19.3,20.3,20.2,45.9,38.6,44.9,15.6,20.3,56.5,56.9,68.8,61.3,59.4,9.2,55.5,62.0,66.0,27.3,15.1,0.0,0.0,0.0,0.1,0.0,0.0,6.9,15.6,17.9,78.7,20.8,14.9,10.3,46.1,0.0,0.0,0.0,0.0,0.0,0.0,0.0,2394.1,24.00,36,35,35,68,103,383,2,2,Yes,No,No,No,No,No,No,No,No,No,Yes,No,No,Yes,No,No,No,No,No,No,No,Yes,No,No,No,No,No,Yes,No,No,No,No,No,No,No,Yes,No,No,86.0,5040,4920,4980,64.8,1.095,1.110,1.800,1.815,0.990,5.110,1.375,No,No,No,65.2,1.095,1.110,1.800,1.815,1.005,5.110,2.125,No,No,No,42,42,94.0,100.0,No,No,32291,48158,39,70,99.0,100.0,No,No,1856,3314,0.0,1.9,1.9,0.000,0.086,62635,43356,0.4,0.0,0.5,1.874,0.004,34995,12252,78.4,74.0,88.4,83.0,0.875,20.490,20.478,20.502,74.711,30.672,55.538,16.218,72.023,3.000,19.185,10.533,38.210,100.000,140.000,2250.0,2200.2,1890.0,2225.1,1905.0,75.0,27.0,0.0,10.0,70.9,17.8,71.2,0.0,0.0,0.0,Yes,No,No,No,No,Yes,No,0,0,0,0,0,0,0,0,0,4,0,0,0,0,0,0,0,0,0,0,0,0,0,0,0,0,0,0,0,0,2379,5809,5578,334,16.0,68,0.300,42.440,600.0,2394.0,0.1,0.0,0.0,0.0,0.0,0.0,0.0,0.0,0.0,2,16190,2,No,No,No,No,No,No,No,No,16.703,68.277,100.0,0.000,24.1,120,0,0,8.1,120.1,136.8,107.3,103.5,105.1,103.0,120.0,141.4,105.0,104.0,104.4,103.8,8.33,9.33,7.22,6.83,9.56,9.78,6.64,1.69,7.99,0.34,0.63,1446,246,1.1,0.9,0,0,0.0,0.0,0,
11.6.2026,17:27:5.318,25913,22855,53.1,20345,12038,62.8,9.2,16384,1501,1.181,1.217,1.156,1.186,1.176,1.191,1.176,1.171,1.186,1.186,1.176,1.181,1.181,1.181,1.171,1.061,0.781,3869.1,4489.0,4489.0,4489.0,4489.0,4688.5,4489.0,3591.2,3591.2,3591.2,3591.2,3591.2,3591.2,1895.4,3591.2,99.8,3890.5,1061.6,2439.5,329.0,2157.4,181.5,1013.0,2989.3,2096.7,1572.8,1709.7,54.7,277.1,1704.9,706.6,673.8,486.5,283.1,622.4,647.8,671.2,614.9,1167.2,26.1,56.2,7.7,49.7,4.4,22.9,66.9,47.1,35.3,40.2,1.6,6.5,40.0,21.4,20.5,14.8,8.6,19.0,19.6,20.4,19.2,66.9,26.1,100.0,46.1,96.1,12.9,84.8,7.2,40.1,116.6,82.6,61.7,67.0,2.2,10.9,66.9,40.6,38.3,28.3,17.1,36.2,37.5,38.3,36.1,46.1,38.8,45.0,45.0,45.0,45.0,47.0,45.0,36.0,36.0,36.0,36.0,36.0,36.0,19.0,36.0,39.0,69,72,71,74,66,69,71,69,69,69,69,68,68,68,68,31,28,29,26,34,31,29,31,31,31,31,32,32,32,32,79,74,No,No,No,No,No,No,No,No,No,No,No,No,No,No,No,No,No,No,No,No,No,No,No,No,No,No,No,No,No,No,No,No,No,No,No,No,No,No,No,No,No,No,No,No,No,No,No,No,79,74,66,1.100,27.000,44.770,37.621,0.002,5.543,0.697,175.0,175.0,175.0,175.0,0,0.0,0.0,25.9,55.7,7.3,49.5,4.0,22.6,66.7,46.9,35.1,40.0,1.2,6.2,39.8,21.2,20.4,14.7,8.4,18.8,19.5,20.2,19.1,36.9,38.7,46.0,16.1,21.4,57.2,55.3,43.0,57.6,26.0,9.4,33.7,46.1,53.0,12.8,23.9,0.0,0.0,0.0,0.1,0.0,0.0,30.5,17.9,54.1,77.5,41.2,29.1,22.3,61.3,0.0,0.0,0.0,0.0,0.0,0.0,0.0,2394.1,24.00,36,35,35,68,103,383,2,2,Yes,No,No,No,No,No,No,No,No,No,Yes,No,No,Yes,No,No,No,No,No,No,No,Yes,No,No,No,No,No,No,No,No,No,No,No,No,No,No,No,No,86.0,4920,4980,4980,64.8,1.095,1.110,1.800,1.815,0.990,5.110,1.250,No,No,No,65.2,1.095,1.110,1.800,1.815,0.990,5.110,1.000,No,No,No,42,42,94.0,100.0,No,No,32291,48158,39,70,99.0,100.0,No,No,1856,3314,0.6,1.8,2.4,0.064,0.046,62635,43356,0.5,0.0,0.5,1.557,0.000,34996,12252,78.2,74.0,87.2,83.0,0.875,20.485,20.473,20.497,74.390,31.271,55.751,16.235,72.231,3.000,19.196,10.491,41.995,100.000,140.000,2250.0,2200.2,1890.0,2225.9,1905.0,76.0,27.0,0.0,10.0,71.0,17.5,69.9,0.0,0.0,0.0,Yes,No,No,No,No,Yes,No,0,0,0,0,0,0,0,0,0,4,0,0,0,0,0,0,0,0,0,0,0,0,0,0,0,0,0,0,0,0,2378,5810,5579,334,16.0,67,0.300,45.899,600.0,2394.0,0.1,0.0,0.0,0.0,0.0,0.0,0.0,0.0,0.0,2,16190,2,No,No,No,No,No,No,No,No,16.704,68.277,100.0,0.000,24.1,119,0,0,8.8,118.8,146.3,68.9,62.6,63.8,62.3,118.8,163.6,79.4,54.9,63.3,52.8,8.42,14.50,6.78,5.47,15.69,16.11,6.65,1.76,8.07,0.34,0.88,1446,246,1.9,1.0,0,0,0.0,0.0,0,
11.6.2026,17:27:6.317,25914,22854,53.1,20347,12037,62.8,9.2,16384,1501,1.218,1.240,1.201,1.186,1.201,1.192,1.207,1.237,1.247,1.207,1.217,1.227,1.212,1.222,1.247,1.061,0.781,3854.9,4489.0,4489.0,4489.0,4489.0,4489.0,4489.0,1895.4,3591.2,3591.2,3591.2,3591.2,3591.2,3591.2,3591.2,99.8,3890.5,1066.1,2398.6,276.0,2192.5,137.7,3185.4,639.6,519.8,3154.0,1704.3,64.9,186.2,1805.1,751.9,687.1,566.8,323.5,683.3,678.0,690.5,675.8,1162.1,26.4,55.3,6.5,50.5,3.4,71.6,14.4,12.0,70.4,39.9,1.8,4.5,42.1,23.2,20.8,17.4,10.0,21.0,20.9,21.4,20.9,71.6,26.4,100.0,46.4,94.7,10.8,86.1,5.5,123.9,24.8,20.4,123.7,66.6,2.6,7.5,70.6,43.1,38.7,32.7,19.5,39.3,38.9,39.2,39.3,46.4,38.6,45.0,45.0,45.0,45.0,45.0,45.0,19.0,36.0,36.0,36.0,36.0,36.0,36.0,36.0,39.0,69,70,69,73,68,71,68,68,68,68,68,68,68,68,68,31,30,31,27,32,29,32,32,32,32,32,32,32,32,32,79,73,No,No,No,No,No,No,No,No,No,No,No,No,No,No,No,No,No,No,No,No,No,No,No,No,No,No,No,No,No,No,No,No,No,No,No,No,No,No,No,No,No,No,No,No,No,No,No,No,79,71,67,1.100,34.594,44.178,37.101,0.002,5.555,0.705,175.0,175.0,175.0,175.0,0,0.0,0.0,26.2,54.8,6.2,50.4,3.1,71.2,14.2,11.7,70.5,39.9,1.5,4.2,42.0,22.9,20.7,17.2,9.8,20.8,20.8,21.2,20.7,43.1,39.4,45.5,18.1,20.5,56.9,54.3,61.1,69.5,41.4,9.8,54.0,48.5,55.7,29.1,17.3,0.0,0.0,0.0,0.0,0.0,0.0,12.0,6.7,37.1,76.5,20.7,26.0,18.9,44.1,0.0,0.0,0.0,0.0,0.0,0.0,0.0,2394.1,24.00,36,35,35,68,103,383,2,2,Yes,No,No,No,No,No,No,No,No,No,Yes,No,No,Yes,No,No,No,No,No,No,No,Yes,No,No,No,No,No,Yes,No,No,No,No,No,No,No,Yes,No,No,86.0,4980,4980,4920,65.0,1.095,1.110,1.800,1.815,0.990,5.110,2.125,No,No,No,65.2,1.095,1.110,1.800,1.815,0.990,5.110,1.875,No,No,No,42,42,94.0,100.0,No,No,32291,48158,39,70,99.0,100.0,No,No,1856,3314,0.3,0.9,1.2,0.068,0.168,62635,43356,0.1,0.0,0.1,0.129,0.000,34996,12252,78.7,74.0,88.9,83.0,0.875,20.483,20.471,20.496,74.816,30.992,55.627,16.213,72.124,3.000,19.187,10.565,40.229,100.000,140.000,2250.0,2200.2,1890.0,2225.5,1905.0,75.0,27.0,0.0,10.0,71.0,17.6,70.4,0.0,0.0,0.0,Yes,No,No,No,No,Yes,No,0,0,0,0,0,0,0,0,0,4,0,0,0,0,0,0,0,0,0,0,0,0,0,0,0,0,0,0,0,0,2378,5810,5579,334,16.0,67,0.300,43.069,600.0,2394.0,0.2,0.0,0.0,0.0,0.0,0.0,0.0,0.0,0.0,2,16190,2,No,No,No,No,No,No,No,No,16.704,68.277,100.0,0.000,24.1,120,0,0,9.1,120.0,136.7,107.3,106.7,106.8,106.6,120.0,142.3,104.4,103.5,103.7,103.4,8.33,9.35,7.26,7.11,9.39,9.41,6.65,1.68,7.99,0.34,0.65,1446,246,1.2,1.5,0,0,0.0,0.0,0,
11.6.2026,17:27:7.325,25911,22856,53.1,20343,12041,62.8,9.2,16384,1501,1.204,1.233,1.187,1.187,1.202,1.212,1.222,1.197,1.212,1.212,1.197,1.182,1.207,1.217,1.192,1.061,0.781,3463.0,4489.0,4489.0,4489.0,4688.5,798.0,798.0,3591.2,3591.2,3591.2,3591.2,3591.2,3591.2,3591.2,3591.2,99.8,3890.5,1059.0,2394.3,262.4,2253.2,128.7,3181.1,470.1,485.2,3288.8,1684.6,51.7,282.5,1820.8,746.4,781.3,463.8,253.1,664.3,703.3,683.3,581.1,1159.2,25.9,55.1,6.1,51.8,1.7,71.4,10.8,11.1,73.4,39.6,0.0,6.6,42.4,22.6,23.5,14.1,7.6,19.6,21.3,20.6,18.1,73.4,25.9,100.0,45.9,94.5,10.3,88.6,5.1,123.9,18.5,19.2,128.6,66.0,2.1,11.1,71.2,42.4,44.7,26.6,15.0,37.8,40.4,38.7,34.1,45.9,34.7,45.0,45.0,45.0,47.0,8.0,8.0,36.0,36.0,36.0,36.0,36.0,36.0,36.0,36.0,39.0,69,70,70,71,72,72,68,68,68,68,68,68,68,68,68,31,30,30,29,28,28,32,32,32,32,32,32,32,32,32,79,72,No,No,No,No,No,No,No,No,No,No,No,No,No,No,No,No,No,No,No,No,No,No,No,No,No,No,No,No,No,No,No,No,No,No,No,No,No,No,No,No,No,No,No,No,No,No,No,No,79,75,67,1.100,37.126,42.971,35.832,0.002,5.566,0.706,175.0,175.0,175.0,175.0,0,0.0,0.0,25.8,54.7,5.8,51.6,2.9,71.1,10.5,10.8,73.4,39.4,1.2,6.3,42.3,22.5,23.2,13.9,7.4,19.6,21.2,20.5,18.1,44.5,39.8,44.3,21.5,18.4,57.6,52.4,61.2,68.1,35.0,12.9,57.5,64.3,64.9,25.4,16.6,0.0,0.0,0.0,0.0,0.0,0.0,12.5,5.3,47.3,75.8,18.8,10.7,11.3,50.1,0.0,0.0,0.0,0.0,0.0,0.0,0.0,2394.1,24.00,36,35,35,68,103,383,2,2,Yes,No,No,No,No,No,No,No,No,No,Yes,No,No,Yes,No,No,No,No,No,No,No,Yes,No,No,No,No,No,No,No,No,No,No,No,No,No,No,No,No,85.0,4980,4860,4980,65.0,1.095,1.110,1.800,1.815,0.990,5.110,1.500,No,No,No,65.5,1.095,1.110,1.800,1.815,0.990,5.110,1.625,No,No,No,42,42,94.0,100.0,No,No,32291,48158,38,70,99.0,100.0,No,No,1856,3314,0.0,1.5,1.5,0.000,0.102,62635,43356,0.3,0.0,0.3,1.327,0.000,34998,12252,78.3,74.0,87.8,83.0,0.875,20.472,20.459,20.485,74.845,41.844,56.444,16.102,72.804,3.000,19.066,84.296,41.199,100.000,140.000,2250.0,2200.2,1890.0,2225.2,1905.0,77.0,26.0,0.0,11.0,71.0,17.9,71.5,0.0,0.0,0.0,Yes,No,No,No,No,Yes,No,0,0,0,0,0,0,0,0,0,4,0,0,0,0,0,0,0,0,0,0,0,0,0,0,0,0,0,0,0,0,2377,5811,5580,334,16.0,67,0.300,47.040,600.0,2394.0,0.1,0.0,0.0,0.0,0.0,0.0,0.0,0.0,0.0,2,16190,2,No,No,No,No,No,No,No,No,16.704,68.277,100.0,0.000,24.1,119,0,0,8.5,119.4,144.6,108.6,64.3,78.2,61.1,119.4,187.3,90.0,55.4,66.1,52.8,8.37,9.23,6.81,5.58,12.82,16.41,6.66,1.71,8.02,0.35,0.91,1446,246,1.2,0.7,0,0,0.0,0.0,0,
11.6.2026,17:27:8.325,25909,22859,53.1,20342,12042,62.8,9.2,16384,1501,1.180,1.222,1.202,1.182,1.182,1.172,1.177,1.182,1.192,1.187,1.172,1.162,1.162,1.167,1.167,1.061,0.781,3976.0,4489.0,4489.0,4489.0,4489.0,4489.0,4489.0,3591.2,3591.2,3591.2,3591.2,3591.2,3591.2,3591.2,3591.2,99.8,3890.5,1059.4,2422.7,233.2,2195.8,118.8,3080.7,596.7,476.5,3367.5,1612.7,34.5,257.7,1882.4,749.2,630.7,606.7,242.7,654.9,696.9,685.8,641.1,1156.8,26.1,55.7,5.4,50.5,4.3,69.1,13.4,10.7,75.2,37.8,2.5,5.9,43.5,22.4,18.7,18.5,7.7,19.5,20.8,20.3,19.6,75.2,26.1,100.0,46.0,95.7,9.2,86.3,4.7,120.0,23.3,18.8,131.6,63.2,1.4,10.2,73.4,42.6,36.2,34.4,14.3,37.3,40.3,39.4,37.4,46.0,39.9,45.0,45.0,45.0,45.0,45.0,45.0,36.0,36.0,36.0,36.0,36.0,36.0,36.0,36.0,39.0,69,73,71,74,71,68,70,68,68,68,68,68,68,68,68,31,27,29,26,29,32,30,32,32,32,32,32,32,32,32,79,74,No,No,No,No,No,No,No,No,No,No,No,No,No,No,No,No,No,No,No,No,No,No,No,No,No,No,No,No,No,No,No,No,No,No,No,No,No,No,No,No,No,No,No,No,No,No,No,No,79,71,67,1.100,31.219,45.760,38.570,0.002,5.576,0.708,175.0,175.0,175.0,175.0,0,0.0,0.0,25.8,55.3,5.2,50.4,2.6,68.8,13.3,10.6,75.1,37.8,0.8,5.8,43.6,22.3,18.7,18.4,7.6,19.5,20.8,20.3,19.6,45.9,39.5,45.9,21.0,17.6,59.3,51.5,67.6,62.0,53.5,9.3,62.6,56.7,64.6,32.0,15.2,0.0,0.0,0.0,0.0,0.0,0.0,6.6,15.5,24.7,79.8,14.2,18.0,11.3,42.3,0.1,0.0,0.0,0.0,0.0,0.2,0.2,2394.1,24.00,36,35,35,68,103,383,2,2,Yes,No,No,No,No,No,No,No,No,No,Yes,No,No,Yes,No,No,No,No,No,No,No,Yes,No,No,No,No,No,Yes,No,No,No,No,No,No,No,Yes,No,No,85.0,4980,4800,4980,65.0,1.095,1.110,1.800,1.815,0.990,5.110,1.500,No,No,No,65.5,1.095,1.110,1.800,1.815,0.990,5.110,1.625,No,No,No,42,42,94.0,100.0,No,No,32291,48158,38,70,99.0,100.0,No,No,1856,3314,0.0,1.8,1.8,0.000,0.047,62635,43356,0.1,0.0,0.1,0.064,0.000,34998,12252,78.2,74.0,87.9,83.0,0.875,20.485,20.472,20.498,75.266,31.336,56.544,16.173,72.972,3.000,19.137,10.670,40.859,100.000,140.000,2250.0,2200.2,1890.0,2225.1,1905.0,77.0,27.0,0.0,11.0,71.0,18.0,71.8,0.0,0.0,0.0,Yes,No,No,No,No,Yes,No,0,0,0,0,0,0,0,0,0,4,0,0,0,0,0,0,0,0,0,0,0,0,0,0,0,0,0,0,0,0,2377,5811,5580,334,16.0,67,0.300,44.039,600.0,2394.0,0.1,0.0,0.0,0.0,0.0,0.0,0.0,0.0,0.0,2,16190,2,No,No,No,No,No,No,No,No,16.704,68.277,100.0,0.000,24.1,119,0,0,8.0,119.9,136.0,105.4,103.6,104.0,103.5,120.0,140.8,106.3,102.7,104.2,102.2,8.34,9.42,7.35,7.29,9.60,9.71,6.82,1.51,7.99,0.35,0.52,1446,246,6.4,1.2,0,0,0.0,0.0,0,
11.6.2026,17:27:9.323,25905,22863,53.1,20340,12043,62.8,9.2,16384,1501,1.198,1.217,1.204,1.224,1.209,1.194,1.179,1.179,1.179,1.204,1.199,1.209,1.194,1.194,1.189,1.061,0.781,3712.3,4489.0,4489.0,4489.0,4489.0,4489.0,798.0,3591.2,3591.2,3591.2,3591.2,3591.2,3591.2,3591.2,3591.2,99.8,3890.5,1064.6,2473.1,195.7,2168.1,148.4,3123.1,523.2,552.8,3280.6,1737.4,21.9,262.1,1821.5,724.4,690.6,582.5,275.6,689.3,717.4,707.7,596.0,1161.3,25.1,56.3,3.3,49.4,2.3,69.7,10.6,11.4,72.9,39.7,0.0,4.8,41.5,20.8,19.4,16.3,7.3,19.6,20.4,20.0,16.7,72.9,25.1,100.0,46.2,97.5,7.8,85.2,5.8,121.6,20.5,21.8,128.1,68.0,0.9,10.4,71.3,40.8,39.3,33.6,16.3,39.6,41.0,40.4,34.6,46.2,37.2,45.0,45.0,45.0,45.0,45.0,8.0,36.0,36.0,36.0,36.0,36.0,36.0,36.0,36.0,39.0,69,71,70,70,71,70,70,69,69,69,69,68,68,68,68,31,29,30,30,29,30,30,31,31,31,31,32,32,32,32,79,71,No,No,No,No,No,No,No,No,No,No,No,No,No,No,No,No,No,No,No,No,No,No,No,No,No,No,No,No,No,No,No,No,No,No,No,No,No,No,No,No,No,No,No,No,No,No,No,No,79,75,67,1.100,21.094,46.782,39.587,0.002,5.573,0.709,175.0,175.0,175.0,175.0,0,0.0,0.0,25.9,56.4,4.4,49.9,3.3,69.8,11.6,12.3,73.3,40.5,0.5,5.9,42.2,21.7,20.4,17.4,8.4,20.7,21.4,21.0,17.8,45.3,39.4,45.7,21.5,17.6,56.9,52.5,69.5,59.2,41.7,11.4,61.5,67.8,69.7,19.5,15.7,0.0,0.0,0.0,0.0,0.0,0.0,5.8,16.5,36.9,76.6,13.9,7.5,6.1,56.6,0.0,0.0,0.0,0.0,0.0,0.0,0.0,2394.1,24.00,36,35,35,68,103,383,2,2,Yes,No,No,No,No,No,No,No,No,No,Yes,No,No,Yes,No,No,No,No,No,No,No,Yes,No,No,No,No,No,Yes,No,No,No,No,No,No,No,Yes,No,No,84.0,4920,4740,4980,65.0,1.095,1.110,1.800,1.815,0.990,5.110,1.000,No,No,No,65.5,1.095,1.110,1.800,1.800,0.990,5.110,0.875,No,No,No,42,42,94.0,100.0,No,No,32291,48158,39,70,99.0,100.0,No,No,1856,3314,0.3,1.8,2.1,0.072,0.227,62635,43356,0.0,0.1,0.1,0.000,0.024,34998,12252,78.4,74.0,88.2,83.0,0.875,20.486,20.474,20.498,75.958,30.844,55.551,16.216,72.032,3.000,19.182,10.706,39.219,100.000,140.000,2250.0,2200.2,1890.0,2224.7,1905.0,77.0,27.0,0.0,11.0,71.0,18.1,72.6,0.0,0.0,0.0,Yes,No,No,No,No,Yes,No,0,0,0,0,0,0,0,0,0,4,0,0,0,0,0,0,0,0,0,0,0,0,0,0,0,0,0,0,0,0,2377,5811,5580,334,16.0,67,0.300,47.124,600.0,2394.0,0.1,0.0,0.0,0.0,0.0,0.0,0.0,0.0,0.0,2,16190,2,No,No,No,No,No,No,No,No,16.704,68.277,100.0,0.000,24.1,120,0,0,8.7,119.8,142.5,105.6,85.1,92.9,83.0,120.1,139.5,100.3,94.6,96.6,94.0,8.35,9.63,6.97,6.59,10.86,12.05,6.82,1.53,8.00,0.35,0.64,1446,246,8.3,4.6,0,0,0.0,0.0,0,
11.6.2026,17:27:10.320,25903,22865,53.1,20339,12045,62.8,9.2,16384,1501,1.209,1.228,1.239,1.224,1.224,1.159,1.184,1.204,1.204,1.214,1.204,1.194,1.214,1.229,1.211,1.061,0.781,3733.7,4489.0,4489.0,4489.0,4489.0,4489.0,4489.0,3591.2,3591.2,3591.2,3591.2,1895.4,3591.2,1895.4,3591.2,99.8,3890.5,1072.3,2448.8,278.9,2174.4,129.0,3202.5,664.8,622.2,3139.6,1740.8,36.1,327.3,1746.8,746.2,706.8,561.7,281.8,662.2,675.3,668.3,633.2,1175.5,26.3,56.2,6.4,50.0,3.0,72.0,14.9,14.1,70.0,40.7,3.9,7.4,40.5,22.4,20.9,16.6,8.1,19.7,20.2,19.8,19.0,72.0,26.3,100.0,46.5,96.6,11.0,85.5,5.1,124.5,25.9,24.5,123.1,68.2,1.5,12.8,68.4,42.6,40.4,32.5,17.0,38.1,38.7,37.9,36.4,46.5,37.4,45.0,45.0,45.0,45.0,45.0,45.0,36.0,36.0,36.0,36.0,19.0,36.0,19.0,36.0,39.0,69,69,69,72,72,68,70,69,69,69,69,68,68,68,68,31,31,31,28,28,32,30,31,31,31,31,32,32,32,32,78,72,No,No,No,No,No,No,No,No,No,No,No,No,No,No,No,No,No,No,No,No,No,No,No,No,No,No,No,No,No,No,No,No,No,No,No,No,No,No,No,No,No,No,No,No,No,No,No,No,79,70,66,1.100,32.063,45.424,38.311,0.002,5.572,0.707,175.0,175.0,175.0,175.0,0,0.0,0.0,26.1,55.8,6.2,50.0,2.9,71.6,14.8,13.9,70.2,40.7,0.8,7.3,40.6,22.3,20.9,16.6,8.1,19.8,20.3,19.8,19.4,45.1,38.9,46.1,17.3,19.7,56.7,52.8,66.8,60.6,48.5,11.6,58.1,60.6,67.4,25.9,15.7,0.0,0.0,0.0,0.0,0.0,0.0,7.3,14.6,31.4,76.4,17.9,15.0,9.6,48.4,0.0,0.0,0.0,0.0,0.0,0.0,0.1,2394.1,24.00,36,35,35,68,103,383,2,2,Yes,No,No,No,No,No,No,No,No,No,Yes,No,No,Yes,No,No,No,No,No,No,No,Yes,No,No,No,No,No,No,No,No,No,No,No,No,No,No,No,No,86.0,4920,4800,4980,65.0,1.095,1.110,1.800,1.815,0.990,5.110,2.125,No,No,No,65.5,1.095,1.110,1.800,1.815,1.005,5.110,1.375,No,No,No,42,42,94.0,100.0,No,No,32291,48158,38,70,99.0,100.0,No,No,1856,3314,0.0,0.6,0.6,0.000,0.024,62635,43357,0.1,0.2,0.4,0.129,0.032,34998,12252,78.4,74.0,88.0,83.0,0.875,20.485,20.474,20.497,74.978,31.692,55.578,16.215,72.047,3.000,19.173,13.457,42.377,100.000,140.000,2250.0,2200.2,1890.0,2224.9,1905.0,75.0,27.0,0.0,10.0,71.0,17.8,71.1,0.0,0.0,0.0,Yes,No,No,No,No,Yes,No,0,0,0,0,0,0,0,0,0,4,0,0,0,0,0,0,0,0,0,0,0,0,0,0,0,0,0,0,0,0,2377,5811,5580,334,16.0,67,0.300,44.603,600.0,2394.0,0.1,0.0,0.0,0.0,0.0,0.0,0.0,0.0,0.0,2,16190,2,No,No,No,No,No,No,No,No,16.703,68.277,100.0,0.000,24.1,120,0,0,9.4,119.8,139.7,105.8,84.8,92.8,82.7,119.8,156.1,101.8,93.6,96.8,92.6,8.35,9.49,7.13,7.06,10.79,12.08,6.69,1.65,7.99,0.35,0.71,1446,246,1.6,0.9,0,0,0.0,0.0,0,
11.6.2026,17:27:11.320,25856,22912,53.0,20308,12075,62.7,9.2,16384,1501,1.206,1.244,1.224,1.204,1.219,1.209,1.209,1.184,1.179,1.214,1.194,1.219,1.194,1.184,1.214,1.061,0.781,3733.7,4489.0,4489.0,4489.0,4489.0,4489.0,4489.0,1895.4,3591.2,3591.2,3591.2,3591.2,3591.2,1895.4,3591.2,99.8,3890.5,1087.9,2436.7,260.6,2224.2,163.5,3233.6,659.4,781.8,2905.6,1837.2,41.7,263.4,1772.7,749.6,730.3,597.1,355.7,688.4,717.9,708.4,630.6,1188.3,26.6,56.1,5.9,51.1,3.8,72.7,14.8,17.4,65.0,42.6,1.1,6.0,41.2,22.8,21.7,17.8,10.3,20.2,21.4,20.9,18.9,72.7,26.6,100.0,47.4,96.2,10.3,87.4,6.5,125.9,25.7,30.5,114.4,72.1,1.7,10.4,69.5,42.4,40.9,33.9,21.1,39.6,41.4,40.5,37.5,47.4,37.4,45.0,45.0,45.0,45.0,45.0,45.0,19.0,36.0,36.0,36.0,36.0,36.0,19.0,36.0,39.0,69,72,71,73,74,69,69,68,68,68,68,68,68,68,68,31,28,29,27,26,31,31,32,32,32,32,32,32,32,32,78,74,No,No,No,No,No,No,No,No,No,No,No,No,No,No,No,No,No,No,No,No,No,No,No,No,No,No,No,No,No,No,No,No,No,No,No,No,No,No,No,No,No,No,No,No,No,No,No,No,78,70,67,1.100,53.157,47.830,40.610,0.002,5.586,0.716,175.0,175.0,175.0,175.0,0,0.0,0.0,26.5,55.7,5.8,51.0,3.6,72.3,14.6,17.4,65.0,42.7,0.9,5.9,41.2,22.8,21.8,17.8,10.3,20.3,21.3,20.9,18.6,46.0,38.8,44.4,16.8,20.7,54.2,53.5,60.1,69.4,48.8,20.1,60.3,64.9,63.0,29.6,14.1,0.0,0.0,0.0,0.0,0.0,0.0,13.3,5.9,29.7,65.6,15.4,9.9,12.2,45.8,0.0,0.0,0.0,0.0,0.0,0.0,0.0,2394.1,24.00,36,35,35,68,103,383,2,2,Yes,No,No,No,No,No,No,No,No,No,Yes,No,No,Yes,No,No,No,No,No,No,No,Yes,No,No,No,No,No,Yes,No,No,No,No,No,No,No,Yes,No,No,85.0,4980,4800,4980,65.0,1.095,1.110,1.800,1.815,1.005,5.110,2.125,No,No,No,65.5,1.095,1.110,1.800,1.815,1.005,5.110,2.000,No,No,No,42,42,94.0,100.0,No,No,32291,48158,38,70,99.0,100.0,No,No,1856,3314,0.0,1.5,1.5,0.000,0.034,62635,43357,0.0,0.0,0.0,0.000,0.000,34998,12252,79.2,74.0,89.4,83.0,0.875,20.485,20.473,20.497,74.920,41.435,56.611,16.194,73.053,3.000,19.149,81.110,40.926,100.000,140.000,2250.0,2200.2,1890.0,2225.0,1905.0,75.0,26.0,0.0,10.0,70.7,18.0,71.9,0.0,0.0,0.0,Yes,No,No,No,No,Yes,No,0,0,0,0,0,0,0,0,0,4,0,0,0,0,0,0,0,0,0,0,0,0,0,0,0,0,0,0,0,0,2396,5792,5561,334,16.0,67,0.300,47.301,600.0,2394.0,0.1,0.0,0.0,0.0,0.0,0.0,0.0,0.0,0.0,2,16190,2,No,No,No,No,No,No,No,No,16.703,68.277,100.0,0.000,24.1,119,0,0,7.8,119.2,194.5,77.3,60.4,66.0,59.0,119.2,174.3,77.0,60.7,66.6,59.1,8.39,12.89,5.09,4.60,15.16,17.03,6.75,1.64,8.04,0.35,1.18,1446,246,1.2,0.9,0,0,0.0,0.0,0,
11.6.2026,17:27:12.313,25834,22933,52.9,20308,12076,62.7,9.2,16384,1501,1.208,1.205,1.180,1.185,1.200,1.160,1.195,1.195,1.195,1.195,1.185,1.255,1.250,1.250,1.270,1.061,0.781,3655.3,4489.0,4489.0,4489.0,4489.0,4489.0,4489.0,3591.2,3591.2,3591.2,3591.2,798.0,3591.2,3591.2,1895.4,99.8,3890.5,1066.6,2498.0,298.0,2223.3,142.7,3080.0,689.0,623.7,3100.2,1713.6,64.5,212.0,1895.6,710.8,710.3,576.0,239.1,653.0,634.1,652.0,615.6,1173.6,26.1,57.4,6.9,51.3,3.4,69.4,15.5,14.2,69.1,40.0,1.7,5.0,43.9,21.4,21.6,17.3,6.9,19.4,19.0,19.4,18.7,69.4,26.1,100.0,46.2,98.4,11.7,87.3,5.7,119.9,26.8,24.6,121.6,67.5,2.6,8.5,74.7,40.0,40.6,32.7,14.4,37.3,36.0,37.3,35.6,46.2,36.6,45.0,45.0,45.0,45.0,45.0,45.0,36.0,36.0,36.0,36.0,8.0,36.0,36.0,19.0,39.0,70,73,71,75,75,71,69,69,69,69,69,68,68,68,68,30,27,29,25,25,29,31,31,31,31,31,32,32,32,32,79,75,No,No,No,No,No,No,No,No,No,No,No,No,No,No,No,No,No,No,No,No,No,No,No,No,No,No,No,No,No,No,No,No,No,No,No,No,No,No,No,No,No,No,No,No,No,No,No,No,79,77,67,1.100,18.563,46.281,39.134,0.002,5.572,0.708,175.0,175.0,175.0,175.0,0,0.0,0.0,25.9,57.0,6.6,51.1,3.2,69.0,15.3,13.9,69.3,40.0,1.4,4.7,43.9,21.3,21.4,17.2,6.8,19.3,19.0,19.4,18.7,46.8,37.3,44.9,19.1,19.9,56.6,51.6,66.8,67.7,52.9,9.3,65.3,64.8,62.8,36.7,14.3,0.0,0.0,0.0,0.1,0.0,0.0,8.5,7.5,26.7,80.3,11.8,12.7,14.1,39.0,0.0,0.0,0.0,0.0,0.0,0.0,0.0,2394.1,24.00,36,35,35,68,103,383,2,2,Yes,No,No,No,No,No,No,No,No,No,Yes,No,No,Yes,No,No,No,No,No,No,No,Yes,No,No,No,No,No,Yes,No,No,No,No,No,No,No,Yes,No,No,84.0,4920,4800,4980,65.0,1.110,1.110,1.800,1.815,1.005,5.110,1.250,No,No,No,65.5,1.095,1.110,1.800,1.815,1.005,5.110,1.500,No,No,No,42,42,94.0,100.0,No,No,32291,48158,38,70,99.0,100.0,No,No,1856,3314,0.0,1.2,1.2,0.000,0.029,62635,43357,0.0,0.0,0.0,0.000,0.000,34998,12252,78.3,74.0,87.5,83.0,0.875,20.485,20.472,20.498,75.658,39.753,58.001,16.317,74.591,3.000,19.284,66.832,40.248,100.000,140.000,2250.0,2200.2,1890.0,2225.6,1905.0,78.0,27.0,0.0,11.0,70.7,18.3,73.0,0.0,0.0,0.0,Yes,No,No,No,No,Yes,No,0,0,0,0,0,0,0,0,0,4,0,0,0,0,0,0,0,0,0,0,0,0,0,0,0,0,0,0,0,0,2396,5792,5561,334,16.0,68,0.300,45.446,600.0,2394.0,0.1,0.0,0.0,0.0,0.0,0.0,0.0,0.0,0.0,2,16190,2,No,No,No,No,No,No,No,No,16.703,68.277,100.0,0.000,24.1,119,0,0,8.0,119.2,145.2,89.0,63.6,72.0,61.4,119.1,176.4,88.2,62.0,71.1,59.6,8.39,11.23,6.87,6.50,13.87,16.23,6.83,1.56,8.04,0.35,0.86,1446,246,5.3,0.9,0,0,0.0,0.0,0,
11.6.2026,17:27:13.326,25835,22933,52.9,20307,12076,62.7,9.2,16384,1501,1.229,1.246,1.201,1.201,1.201,1.229,1.229,1.229,1.234,1.229,1.194,1.254,1.259,1.239,1.264,1.061,0.781,3733.7,4489.0,4489.0,4489.0,4489.0,4489.0,4489.0,3591.2,3591.2,1895.4,1895.4,3591.2,3591.2,3591.2,3591.2,99.8,3890.5,1091.5,2505.1,339.7,2218.2,234.8,2954.8,888.1,764.8,3033.2,1637.2,139.4,328.8,1688.9,793.1,674.6,588.9,270.1,702.9,676.8,800.5,589.8,1191.2,26.3,57.4,6.4,50.9,4.1,66.3,20.0,17.3,67.8,38.4,2.0,6.2,39.3,23.6,19.8,17.4,7.9,20.7,20.0,23.6,17.9,67.8,26.3,100.0,47.4,98.8,13.4,87.0,9.3,115.1,34.5,30.2,118.8,64.3,5.5,13.0,66.2,44.9,38.9,33.5,16.1,40.0,38.5,45.8,34.6,47.4,37.4,45.0,45.0,45.0,45.0,45.0,45.0,36.0,36.0,19.0,19.0,36.0,36.0,36.0,36.0,39.0,69,73,70,73,74,68,68,68,68,68,68,68,68,68,68,31,27,30,27,26,32,32,32,32,32,32,32,32,32,32,78,74,No,No,No,No,No,No,No,No,No,No,No,No,No,No,No,No,No,No,No,No,No,No,No,No,No,No,No,No,No,No,No,No,No,No,No,No,No,No,No,No,No,No,No,No,No,No,No,No,79,74,68,1.100,27.000,41.508,34.767,0.002,5.579,0.709,175.0,175.0,175.0,175.0,0,0.0,0.0,26.5,57.0,7.6,50.8,5.3,66.0,19.8,17.0,67.8,38.2,3.2,7.4,39.3,23.5,19.8,17.2,7.8,20.6,19.9,23.5,17.8,44.5,36.5,43.5,18.1,19.6,57.2,54.4,62.6,52.1,50.9,13.4,57.4,62.5,69.9,25.7,15.9,0.0,0.0,0.0,0.0,0.0,0.0,10.4,23.4,28.3,74.6,17.8,14.0,3.4,50.6,0.0,0.0,0.0,0.0,0.0,0.0,0.0,2394.1,24.00,36,35,35,68,103,383,2,2,Yes,No,No,No,No,No,No,No,No,No,Yes,No,No,Yes,No,No,No,No,No,No,No,Yes,No,No,No,No,No,Yes,No,No,No,No,No,No,No,Yes,No,No,85.0,4980,4860,4980,65.0,1.095,1.110,1.800,1.815,1.005,5.110,1.500,No,No,No,65.5,1.095,1.110,1.800,1.815,1.005,5.110,1.500,No,No,No,42,42,94.0,100.0,No,No,32291,48158,38,70,99.0,100.0,No,No,1856,3314,0.4,1.3,1.7,0.117,0.040,62635,43357,0.1,0.0,0.1,0.129,0.000,34998,12252,78.4,74.0,88.0,83.0,0.875,20.489,20.476,20.501,75.220,31.611,55.632,16.217,72.103,3.000,19.176,10.671,44.479,100.000,140.000,2250.0,2200.2,1890.0,2226.0,1905.0,75.0,27.0,0.0,10.0,70.7,17.6,70.3,0.0,0.0,0.0,Yes,No,No,No,No,Yes,No,0,0,0,0,0,0,0,0,0,4,0,0,0,0,0,0,0,0,0,0,0,0,0,0,0,0,0,0,0,0,2396,5792,5562,334,16.0,67,0.300,43.287,600.0,2394.0,0.1,0.0,0.0,0.0,0.0,0.0,0.0,0.0,0.0,2,16190,2,No,No,No,No,No,No,No,No,16.702,68.277,100.0,0.000,24.1,120,0,0,8.6,119.8,139.5,104.7,78.8,88.2,76.4,119.7,146.3,96.2,85.3,89.6,84.1,8.35,9.56,7.18,7.06,11.34,13.09,6.73,1.62,7.98,0.37,0.72,1446,246,1.6,1.0,0,0,0.0,0.0,0,
11.6.2026,17:27:14.322,25835,22933,52.9,20305,12078,62.7,9.2,16384,1501,1.232,1.258,1.243,1.233,1.233,1.213,1.253,1.233,1.203,1.208,1.228,1.238,1.238,1.238,1.228,1.061,0.781,3512.8,4489.0,4489.0,4489.0,4489.0,798.0,4489.0,3591.2,3591.2,3591.2,3591.2,798.0,3591.2,3591.2,3591.2,99.8,3890.5,1072.1,2450.2,250.6,2221.4,174.5,3131.1,506.3,521.1,3299.1,1684.1,54.3,305.0,1842.5,791.5,643.3,602.8,288.1,624.4,697.9,749.8,603.5,1172.9,25.4,55.8,5.9,50.5,4.2,69.8,10.1,10.5,73.4,38.5,1.6,7.0,41.9,22.6,18.0,16.8,6.9,17.5,19.4,21.1,17.0,73.4,25.4,100.0,46.6,96.6,9.9,87.1,6.9,122.2,19.8,20.6,128.8,65.9,2.2,11.9,71.9,44.9,36.1,34.6,17.4,36.1,40.3,42.5,35.4,46.6,35.2,45.0,45.0,45.0,45.0,8.0,45.0,36.0,36.0,36.0,36.0,8.0,36.0,36.0,36.0,39.0,68,69,68,70,68,69,73,67,67,67,67,68,68,68,68,32,31,32,30,32,31,27,33,33,33,33,32,32,32,32,79,73,No,No,No,No,No,No,No,No,No,No,No,No,No,No,No,No,No,No,No,No,No,No,No,No,No,No,No,No,No,No,No,No,No,No,No,No,No,No,No,No,No,No,No,No,No,No,No,No,78,71,67,1.100,49.782,46.537,38.949,0.002,5.576,0.710,175.0,175.0,175.0,175.0,0,0.0,0.0,26.1,56.0,5.6,51.1,3.9,70.0,11.2,11.6,73.7,39.4,1.2,6.8,42.7,23.6,19.1,18.0,8.2,18.7,20.6,22.2,18.2,44.5,39.1,44.3,21.8,18.4,57.6,51.4,69.5,65.8,43.1,9.2,52.3,53.8,69.6,27.6,16.3,0.0,0.0,0.0,0.0,0.0,0.0,3.8,12.1,34.9,78.5,24.4,20.9,5.1,48.0,0.0,0.0,0.0,0.0,0.0,0.0,0.1,2394.1,24.00,36,35,35,68,103,383,2,2,Yes,No,No,No,No,No,No,No,No,No,Yes,No,No,Yes,No,No,No,No,No,No,No,Yes,No,No,No,No,No,Yes,No,No,No,No,No,No,No,Yes,No,No,84.0,4920,4800,4980,65.2,1.095,1.110,1.800,1.815,1.005,5.110,1.375,No,No,No,65.5,1.095,1.110,1.800,1.815,1.005,5.110,1.375,No,No,No,42,42,94.0,100.0,No,No,32291,48158,38,70,99.0,100.0,No,No,1856,3314,0.2,1.1,1.3,0.008,0.037,62635,43357,0.0,0.1,0.1,0.000,0.024,34998,12252,79.5,74.0,89.0,83.0,0.875,20.479,20.466,20.491,75.138,32.294,56.731,16.189,73.175,3.000,19.151,12.193,45.618,100.000,140.000,2250.0,2200.2,1890.0,2225.4,1905.0,77.0,27.0,0.0,11.0,70.7,18.1,72.3,0.0,0.0,0.0,Yes,No,No,No,No,Yes,No,0,0,0,0,0,0,0,0,0,4,0,0,0,0,0,0,0,0,0,0,0,0,0,0,0,0,0,0,0,0,2395,5793,5562,334,16.0,67,0.300,47.250,600.0,2394.0,0.1,0.0,0.0,0.0,0.0,0.0,0.0,0.0,0.0,2,16190,2,No,No,No,No,No,No,No,No,16.703,68.277,100.0,0.000,24.1,120,0,0,8.8,119.6,143.3,104.4,73.7,84.4,71.0,119.6,146.3,102.6,77.6,86.7,75.2,8.36,9.69,7.07,5.81,11.93,14.12,6.76,1.60,8.00,0.36,0.79,1446,246,1.2,1.8,0,0,0.0,0.0,0,
11.6.2026,17:27:15.317,25837,22931,52.9,20305,12079,62.7,9.2,16384,1501,1.218,1.213,1.203,1.164,1.179,1.179,1.227,1.232,1.237,1.237,1.257,1.222,1.237,1.237,1.227,1.061,0.781,3854.9,4489.0,4489.0,4489.0,4489.0,4489.0,4489.0,3591.2,3591.2,3591.2,3591.2,3591.2,3591.2,3591.2,1895.4,99.8,3890.5,1064.9,2417.6,256.7,2215.9,178.6,3130.9,633.4,499.4,3254.3,1799.1,28.6,205.7,1886.9,765.1,700.5,450.6,222.7,650.6,691.8,713.3,595.4,1165.4,25.9,55.7,6.0,51.1,2.8,70.2,14.4,11.3,72.7,41.9,0.0,5.0,43.8,23.2,21.1,13.7,6.5,19.3,20.5,21.2,18.0,72.7,25.9,100.0,46.1,95.4,10.1,87.0,7.0,121.9,24.6,19.7,127.1,70.5,1.2,8.3,73.9,43.2,39.8,26.3,13.6,37.4,40.2,40.5,34.8,46.1,38.6,45.0,45.0,45.0,45.0,45.0,45.0,36.0,36.0,36.0,36.0,36.0,36.0,36.0,19.0,39.0,70,74,71,74,75,68,68,69,69,69,69,68,68,68,68,30,26,29,26,25,32,32,31,31,31,31,32,32,32,32,78,75,No,No,No,No,No,No,No,No,No,No,No,No,No,No,No,No,No,No,No,No,No,No,No,No,No,No,No,No,No,No,No,No,No,No,No,No,No,No,No,No,No,No,No,No,No,No,No,No,79,72,67,1.100,38.813,47.409,40.202,0.002,5.582,0.709,175.0,175.0,175.0,175.0,0,0.0,0.0,25.9,55.3,5.7,50.9,4.0,69.9,14.1,11.1,72.7,41.8,0.6,4.6,43.7,23.0,21.0,13.5,6.3,19.2,20.5,21.1,18.0,43.2,39.4,44.1,19.7,19.4,55.5,52.1,65.5,62.4,31.0,9.0,56.3,55.2,65.0,30.0,17.9,0.0,0.0,0.0,0.0,0.0,0.0,8.3,13.1,51.5,81.0,20.2,19.7,10.5,46.0,0.0,0.0,0.0,0.0,0.0,0.0,0.0,2394.1,24.00,36,35,35,68,103,383,2,2,Yes,No,No,No,No,No,No,No,No,No,Yes,No,No,Yes,No,No,No,No,No,No,No,Yes,No,No,No,No,No,Yes,No,No,No,No,No,No,No,Yes,No,No,84.0,4920,4920,4980,65.2,1.095,1.110,1.800,1.815,1.005,5.110,1.125,No,No,No,65.5,1.095,1.110,1.800,1.815,1.005,5.110,1.125,No,No,No,42,42,94.0,100.0,No,No,32291,48158,38,70,99.0,100.0,No,No,1856,3314,0.0,0.7,0.7,0.000,0.034,62635,43357,0.1,0.0,0.1,0.064,0.000,34998,12252,79.2,74.0,89.4,83.0,0.875,20.469,20.456,20.482,75.597,39.341,56.869,16.283,73.409,3.000,19.244,59.258,47.323,100.000,140.000,2250.0,2200.2,1890.0,2225.2,1905.0,77.0,27.0,0.0,11.0,70.7,18.4,73.4,0.0,0.0,0.0,Yes,No,No,No,No,Yes,No,0,0,0,0,0,0,0,0,0,4,0,0,0,0,0,0,0,0,0,0,0,0,0,0,0,0,0,0,0,0,2395,5793,5562,334,16.0,67,0.300,46.900,600.0,2394.0,0.1,0.0,0.0,0.0,0.0,0.0,0.0,0.0,0.0,2,16190,2,No,No,No,No,No,No,No,No,16.704,68.277,100.0,0.000,24.1,119,0,0,8.2,119.2,141.4,93.4,64.1,73.7,61.7,119.2,183.4,85.7,61.8,69.9,59.7,8.39,10.68,6.97,5.69,13.52,16.16,6.82,1.57,8.04,0.35,0.89,1446,246,5.9,1.2,0,0,0.0,0.0,0,
11.6.2026,17:27:16.316,25826,22941,52.9,20302,12081,62.6,9.2,16384,1501,1.203,1.250,1.235,1.197,1.204,1.199,1.194,1.194,1.192,1.197,1.197,1.187,1.192,1.192,1.212,1.061,0.781,3976.0,4489.0,4489.0,4489.0,4489.0,4489.0,4489.0,3591.2,3591.2,3591.2,3591.2,3591.2,3591.2,3591.2,3591.2,99.8,3890.5,1069.2,2433.6,259.0,2256.7,214.9,3135.8,605.5,674.4,3122.9,1698.8,33.9,241.9,1807.5,802.1,742.3,589.5,233.2,597.3,684.9,719.2,530.3,1178.3,26.2,56.1,6.0,51.9,5.1,70.4,13.5,15.4,69.8,39.8,1.1,5.7,42.0,24.0,22.3,17.6,7.0,17.6,20.5,21.5,15.9,70.4,26.2,100.0,46.3,96.1,10.2,88.5,8.4,122.2,23.3,26.6,122.3,66.5,1.4,9.6,70.6,45.4,42.1,34.1,14.1,34.3,38.9,40.6,30.8,46.3,39.9,45.0,45.0,45.0,45.0,45.0,45.0,36.0,36.0,36.0,36.0,36.0,36.0,36.0,36.0,39.0,70,75,70,73,71,71,71,69,69,69,69,68,68,68,68,30,25,30,27,29,29,29,31,31,31,31,32,32,32,32,79,75,No,No,No,No,No,No,No,No,No,No,No,No,No,No,No,No,No,No,No,No,No,No,No,No,No,No,No,No,No,No,No,No,No,No,No,No,No,No,No,No,No,No,No,No,No,No,No,No,79,74,68,1.100,41.344,43.532,36.376,0.002,5.583,0.708,175.0,175.0,175.0,175.0,0,0.0,0.0,26.0,55.6,5.8,51.8,4.8,70.1,13.5,15.1,69.8,39.8,0.8,5.4,42.1,23.9,22.2,17.5,6.8,17.6,20.5,21.4,15.9,45.7,38.9,42.9,19.4,18.7,57.5,52.8,69.2,68.2,46.1,7.9,52.5,69.3,72.8,23.7,15.3,0.0,0.0,0.0,0.0,0.0,0.0,3.6,6.3,32.8,81.6,25.2,7.0,3.0,54.4,0.1,0.0,0.0,0.0,0.0,0.0,0.3,2394.1,24.00,36,35,35,68,103,383,2,2,Yes,No,No,No,No,No,No,No,No,No,Yes,No,No,Yes,No,No,No,No,No,No,No,Yes,No,No,No,No,No,No,No,No,No,No,No,No,No,No,No,No,85.0,4980,4800,4980,65.2,1.095,1.110,1.800,1.815,0.990,5.110,1.375,No,No,No,65.8,1.095,1.110,1.800,1.815,0.990,5.110,2.250,No,No,No,42,42,94.0,100.0,No,No,32291,48158,38,70,99.0,100.0,No,No,1856,3314,0.4,2.3,2.6,0.129,0.112,62635,43357,0.1,0.0,0.1,0.064,0.000,34998,12252,79.0,74.0,89.2,83.0,0.875,20.489,20.477,20.500,75.359,37.069,54.743,15.993,70.993,3.000,18.953,50.450,45.349,100.000,140.000,2250.0,2200.2,1890.0,2225.1,1905.0,75.0,27.0,0.0,10.0,70.8,17.8,71.3,0.0,0.0,0.0,Yes,No,No,No,No,Yes,No,0,0,0,0,0,0,0,0,0,4,0,0,0,0,0,0,0,0,0,0,0,0,0,0,0,0,0,0,0,0,2394,5794,5562,334,16.0,68,0.300,43.079,600.0,2394.0,0.1,0.0,0.0,0.0,0.0,0.0,0.0,0.0,0.0,2,16190,2,No,No,No,No,No,No,No,No,16.704,68.277,100.0,0.000,24.1,120,0,0,8.9,120.0,140.2,107.8,99.0,102.6,98.0,120.0,148.0,99.6,88.7,93.0,87.5,8.33,9.22,7.15,6.18,9.71,10.20,6.71,1.62,7.98,0.35,0.74,1446,246,5.8,5.7,0,0,0.0,0.0,0,
11.6.2026,17:27:17.315,25825,22943,52.9,20301,12083,62.6,9.2,16384,1501,1.204,1.201,1.209,1.204,1.189,1.189,1.204,1.207,1.207,1.207,1.207,1.222,1.222,1.192,1.192,1.061,0.781,3776.5,4489.0,4489.0,4489.0,4489.0,4489.0,4489.0,3591.2,3591.2,3591.2,3591.2,798.0,3591.2,3591.2,3591.2,99.8,3890.5,1059.8,2483.4,266.6,2198.5,171.7,3300.1,513.3,658.2,2997.7,1727.6,45.9,239.4,1765.5,806.8,717.5,529.1,225.8,624.9,622.7,719.6,582.6,1165.4,26.1,57.1,6.2,50.7,4.1,74.0,11.9,14.9,67.1,40.4,2.8,5.6,41.1,24.6,21.3,16.0,6.9,18.6,18.6,21.4,17.9,74.0,26.1,100.0,45.9,97.9,10.5,86.4,6.8,128.3,20.4,25.8,117.5,68.0,1.9,9.6,69.2,45.6,41.1,30.4,13.5,35.9,35.7,40.3,33.7,45.9,37.9,45.0,45.0,45.0,45.0,45.0,45.0,36.0,36.0,36.0,36.0,8.0,36.0,36.0,36.0,39.0,70,73,71,73,72,71,70,69,69,69,69,68,68,68,68,30,27,29,27,28,29,30,31,31,31,31,32,32,32,32,79,73,No,No,No,No,No,No,No,No,No,No,No,No,No,No,No,No,No,No,No,No,No,No,No,No,No,No,No,No,No,No,No,No,No,No,No,No,No,No,No,No,No,No,No,No,No,No,No,No,79,74,67,1.100,41.344,47.398,40.202,0.001,5.578,0.708,175.0,175.0,175.0,175.0,0,0.0,0.0,25.8,56.6,5.9,50.6,3.8,73.7,11.4,14.7,67.1,40.3,1.0,5.3,41.0,24.5,21.2,16.0,6.7,18.5,18.5,21.3,17.7,43.6,38.3,44.7,18.6,21.0,56.7,54.4,67.4,54.8,35.3,7.8,53.2,62.5,69.6,25.5,17.7,0.0,0.0,0.0,0.0,0.0,0.0,4.9,19.7,44.6,81.7,24.0,15.2,6.3,51.0,0.0,0.0,0.0,0.0,0.0,0.0,0.0,2394.1,24.00,36,35,35,68,103,383,2,2,Yes,No,No,No,No,No,No,No,No,No,Yes,No,No,Yes,No,No,No,No,No,No,No,Yes,No,No,No,No,No,No,No,No,No,No,No,No,No,No,No,No,85.0,4920,4800,4980,65.2,1.095,1.110,1.800,1.815,0.990,5.110,1.250,No,No,No,65.8,1.095,1.110,1.800,1.815,0.990,5.110,1.125,No,No,No,42,42,94.0,100.0,No,No,32291,48158,38,70,99.0,100.0,No,No,1856,3314,0.3,1.3,1.6,0.064,0.054,62635,43357,0.0,0.0,0.0,0.000,0.000,34998,12252,78.7,74.0,88.2,83.0,0.875,20.487,20.474,20.500,75.336,34.283,56.580,16.113,72.958,3.000,19.075,26.790,45.468,100.000,140.000,2250.0,2200.2,1890.0,2224.8,1905.0,77.0,26.0,0.0,11.0,70.8,18.1,72.4,0.0,0.0,0.0,Yes,No,No,No,No,Yes,No,0,0,0,0,0,0,0,0,0,4,0,0,0,0,0,0,0,0,0,0,0,0,0,0,0,0,0,0,0,0,2394,5794,5562,334,16.0,67,0.300,46.545,600.0,2394.0,0.1,0.0,0.0,0.0,0.0,0.0,0.0,0.0,0.0,2,16190,2,No,No,No,No,No,No,No,No,16.704,68.277,100.0,0.000,24.1,120,0,0,8.6,119.8,154.8,105.0,78.0,87.8,75.5,119.8,153.3,92.5,82.8,86.2,81.8,8.35,9.58,6.46,6.32,11.42,13.23,6.77,1.58,8.00,0.35,0.81,1446,246,1.9,1.6,0,0,0.0,0.0,0,
11.6.2026,17:27:18.328,25821,22947,52.9,20299,12085,62.6,9.2,16384,1501,1.212,1.230,1.212,1.212,1.190,1.180,1.190,1.208,1.208,1.215,1.195,1.235,1.230,1.230,1.230,1.061,0.781,3976.0,4489.0,4489.0,4489.0,4489.0,4489.0,4489.0,3591.2,3591.2,3591.2,3591.2,3591.2,3591.2,3591.2,3591.2,99.8,3890.5,1077.0,2481.4,294.4,2225.1,210.0,3265.2,604.3,814.1,2889.2,1753.1,54.3,267.4,1758.9,704.5,669.2,699.0,308.2,605.8,675.1,724.5,535.8,1187.4,26.1,57.0,5.2,51.1,4.8,73.2,13.4,18.2,64.6,40.9,1.3,6.0,40.8,21.1,19.5,20.7,8.9,17.9,19.9,21.6,16.1,73.2,26.1,100.0,46.7,97.9,11.6,87.3,8.3,127.0,23.5,31.9,113.3,68.7,2.2,10.6,68.9,40.4,38.4,39.7,18.4,34.5,38.6,41.2,31.5,46.7,39.9,45.0,45.0,45.0,45.0,45.0,45.0,36.0,36.0,36.0,36.0,36.0,36.0,36.0,36.0,39.0,70,73,70,74,71,71,70,69,69,69,69,68,68,68,68,30,27,30,26,29,29,30,31,31,31,31,32,32,32,32,79,74,No,No,No,No,No,No,No,No,No,No,No,No,No,No,No,No,No,No,No,No,No,No,No,No,No,No,No,No,No,No,No,No,No,No,No,No,No,No,No,No,No,No,No,No,No,No,No,No,79,71,68,1.100,30.375,44.795,37.615,0.002,5.590,0.711,175.0,175.0,175.0,175.0,0,0.0,0.0,26.2,56.6,6.6,51.1,4.7,72.9,13.4,18.2,64.7,40.8,1.2,6.0,40.9,21.1,19.7,20.8,8.9,18.0,20.0,21.6,16.3,45.4,37.8,43.9,17.5,20.2,56.1,54.2,63.6,57.2,64.5,14.4,58.5,59.2,65.4,22.7,15.4,0.0,0.0,0.0,0.2,0.0,0.0,11.4,18.9,11.4,72.9,19.6,16.8,9.5,54.9,0.0,0.0,0.0,0.0,0.0,0.1,0.0,2394.1,24.00,36,35,35,68,103,383,2,2,Yes,No,No,No,No,No,No,No,No,No,Yes,No,No,Yes,No,No,No,No,No,No,No,Yes,No,No,No,No,No,No,No,No,No,No,No,No,No,No,No,No,84.0,4980,4800,4980,65.2,1.095,1.110,1.800,1.815,0.990,5.110,0.875,No,No,No,65.8,1.095,1.110,1.800,1.815,0.990,5.110,1.500,No,No,No,42,42,94.0,100.0,No,No,32291,48158,38,70,99.0,100.0,No,No,1856,3314,0.0,0.6,0.6,0.000,0.024,62635,43357,0.1,0.0,0.1,0.064,0.000,34998,12252,79.2,74.0,88.4,83.0,0.875,20.488,20.476,20.500,75.460,42.202,56.720,16.135,73.124,3.000,19.109,82.410,44.918,100.000,140.000,2250.0,2200.2,1890.0,2225.3,1905.0,77.0,26.0,0.0,11.0,70.8,18.1,72.5,0.0,0.0,0.0,Yes,No,No,No,No,Yes,No,0,0,0,0,0,0,0,0,0,4,0,0,0,0,0,0,0,0,0,0,0,0,0,0,0,0,0,0,0,0,2394,5794,5562,334,16.0,67,0.300,45.856,600.0,2394.0,0.1,0.0,0.0,0.0,0.0,0.0,0.0,0.0,0.0,2,16190,2,No,No,No,No,No,No,No,No,16.703,68.277,100.0,0.000,24.1,119,0,0,8.2,119.2,141.6,92.5,62.1,72.0,59.6,119.2,176.8,86.8,62.3,71.0,60.1,8.39,10.74,7.10,5.87,13.86,16.76,6.82,1.56,8.02,0.37,1.03,1446,246,4.0,1.0,0,0,0.0,0.0,0,
11.6.2026,17:27:19.327,25820,22948,52.9,20297,12087,62.6,9.2,16384,1501,1.234,1.236,1.204,1.219,1.219,1.249,1.239,1.249,1.249,1.244,1.239,1.239,1.229,1.229,1.234,1.061,0.781,3976.0,4489.0,4489.0,4489.0,4489.0,4489.0,4489.0,3591.2,3591.2,3591.2,3591.2,3591.2,3591.2,3591.2,3591.2,99.8,3890.5,1068.7,2522.5,267.6,2266.0,139.7,3227.7,591.7,701.8,3122.5,1650.1,55.1,244.0,1690.1,732.6,645.1,591.3,312.7,620.9,650.0,763.4,579.9,1172.5,25.9,57.8,6.1,52.1,3.2,72.5,11.9,15.7,69.9,38.8,1.5,4.1,39.5,22.0,19.2,17.6,9.1,18.5,19.3,22.6,17.3,72.5,25.9,100.0,46.4,99.4,10.5,89.1,5.5,125.6,23.1,27.5,122.0,64.7,2.2,9.7,66.4,41.4,37.2,33.7,18.9,35.6,37.1,43.3,34.0,46.4,39.9,45.0,45.0,45.0,45.0,45.0,45.0,36.0,36.0,36.0,36.0,36.0,36.0,36.0,36.0,39.0,70,73,69,75,70,70,68,69,69,69,69,68,68,68,68,30,27,31,25,30,30,32,31,31,31,31,32,32,32,32,79,75,No,No,No,No,No,No,No,No,No,No,No,No,No,No,No,No,No,No,No,No,No,No,No,No,No,No,No,No,No,No,No,No,No,No,No,No,No,No,No,No,No,No,No,No,No,No,No,No,79,76,68,1.100,26.157,41.751,34.577,0.002,5.590,0.707,175.0,175.0,175.0,175.0,0,0.0,0.0,26.0,57.5,6.0,52.0,3.1,72.1,13.2,15.7,69.9,38.8,1.3,5.5,39.6,22.0,19.2,17.6,9.2,18.6,19.3,22.7,17.5,45.2,37.3,43.9,17.9,18.5,58.1,55.9,65.6,57.0,55.9,16.4,48.2,65.1,70.7,21.9,15.7,0.0,0.0,0.0,0.0,0.0,0.0,9.1,19.4,22.7,70.2,28.4,12.0,3.6,54.4,0.0,0.0,0.0,0.0,0.0,0.0,0.0,2394.1,24.00,36,35,35,68,103,383,2,2,Yes,No,No,No,No,No,No,No,No,No,Yes,No,No,Yes,No,No,No,No,No,No,No,Yes,No,No,No,No,No,No,No,No,No,No,No,No,No,No,No,No,85.0,4980,4800,4980,65.2,1.095,1.110,1.800,1.815,0.990,5.110,2.000,No,No,No,65.8,1.095,1.110,1.800,1.815,0.990,5.110,2.000,No,No,No,42,42,94.0,100.0,No,No,32291,48158,38,70,99.0,100.0,No,No,1856,3314,0.0,2.3,2.3,0.000,0.293,62635,43357,0.1,0.0,0.1,0.064,0.000,34998,12252,77.8,74.0,86.5,83.0,0.875,20.494,20.483,20.504,75.791,42.095,54.526,16.018,70.822,3.000,18.984,92.934,38.385,100.000,140.000,2250.0,2200.2,1890.0,2225.3,1905.0,74.0,26.0,0.0,10.0,70.8,17.9,71.6,0.0,0.0,0.0,Yes,No,No,No,No,Yes,No,0,0,0,0,0,0,0,0,0,4,0,0,0,0,0,0,0,0,0,0,0,0,0,0,0,0,0,0,0,0,2394,5794,5562,334,16.0,68,0.300,39.927,600.0,2394.0,0.1,0.0,0.0,0.0,0.0,0.0,0.0,0.0,0.0,2,16190,2,No,No,No,No,No,No,No,No,16.707,68.277,100.0,0.000,24.1,120,0,0,8.5,120.0,141.1,105.9,103.7,104.6,103.4,120.1,144.4,102.1,101.9,101.9,101.9,8.33,9.49,6.87,6.82,9.71,9.91,6.79,1.54,7.97,0.37,0.70,1446,246,1.5,1.0,0,0,0.0,0.0,0,
11.6.2026,17:27:20.322,25824,22944,52.9,20300,12084,62.6,9.2,16384,1501,1.193,1.219,1.148,1.163,1.158,1.158,1.158,1.168,1.223,1.208,1.208,1.205,1.245,1.220,1.220,1.061,0.781,3854.9,4489.0,4489.0,4489.0,4489.0,4489.0,4489.0,3591.2,3591.2,3591.2,3591.2,1895.4,3591.2,3591.2,3591.2,99.8,3890.5,1058.3,2312.4,357.9,2196.2,139.8,3043.1,703.8,668.2,3172.6,1612.3,37.3,395.9,1703.4,728.9,602.7,550.4,291.5,670.5,735.1,714.1,530.9,1157.3,25.0,52.7,8.1,49.8,3.3,67.7,15.7,13.6,70.4,36.8,1.0,9.0,38.7,20.6,16.7,15.1,7.1,18.6,20.5,19.9,14.8,70.4,25.0,100.0,46.0,91.6,14.0,86.4,5.6,118.7,27.3,26.3,124.1,63.3,1.5,15.5,66.8,41.1,34.5,31.7,17.5,38.3,42.6,40.6,31.9,46.0,38.6,45.0,45.0,45.0,45.0,45.0,45.0,36.0,36.0,36.0,36.0,19.0,36.0,36.0,36.0,39.0,70,73,71,74,71,71,71,68,68,68,68,68,68,68,68,30,27,29,26,29,29,29,32,32,32,32,32,32,32,32,79,74,No,No,No,No,No,No,No,No,No,No,No,No,No,No,No,No,No,No,No,No,No,No,No,No,No,No,No,No,No,No,No,No,No,No,No,No,No,No,No,No,No,No,No,No,No,No,No,No,79,71,67,1.100,54.845,45.837,38.695,0.002,5.580,0.700,175.0,175.0,175.0,175.0,0,0.0,0.0,25.7,53.0,8.0,50.5,3.1,68.0,15.6,14.9,70.9,37.8,0.8,8.8,39.6,21.8,18.0,16.4,8.5,20.2,21.7,21.1,16.1,45.2,40.2,45.5,19.7,17.6,59.4,52.8,64.1,61.2,54.6,17.5,54.0,63.9,66.6,15.9,16.0,0.0,0.0,0.0,0.0,0.0,0.0,10.6,16.9,25.1,69.8,21.4,10.4,9.0,61.3,0.0,0.0,0.0,0.0,0.0,0.0,0.0,2394.1,24.00,36,35,35,68,103,383,2,2,Yes,No,No,No,No,No,No,No,No,No,Yes,No,No,No,No,No,No,No,No,No,No,No,No,No,No,No,No,Yes,No,No,No,No,No,No,No,Yes,No,No,84.0,4920,4860,4980,65.2,1.095,1.110,1.815,1.815,0.990,5.110,2.000,No,No,No,65.8,1.095,1.110,1.800,1.815,0.990,5.110,1.250,No,No,No,42,42,94.0,100.0,No,No,32291,48158,38,70,99.0,100.0,No,No,1856,3314,0.0,2.9,2.9,0.000,2.506,62635,43360,0.1,0.0,0.1,0.837,0.000,34999,12252,78.7,74.0,87.8,83.0,0.875,20.494,20.482,20.506,74.703,42.095,55.590,16.201,72.039,3.000,19.157,63.432,38.503,100.000,140.000,2250.0,2200.2,1890.0,2225.7,1905.0,75.0,27.0,0.0,10.0,70.8,17.9,70.7,0.0,0.0,0.0,Yes,No,No,No,No,Yes,No,0,0,0,0,0,0,0,0,0,4,0,0,0,0,0,0,0,0,0,0,0,0,0,0,0,0,0,0,0,0,2394,5794,5562,334,16.0,68,0.300,47.248,600.0,2394.0,0.2,0.0,0.0,0.0,0.0,0.0,0.0,0.0,0.0,2,16190,2,No,No,No,No,No,No,No,No,16.704,68.277,100.0,0.000,24.1,120,0,0,8.1,119.6,142.2,103.4,76.5,86.0,74.0,119.6,147.0,89.6,77.0,81.2,75.8,8.36,9.75,7.00,6.50,11.66,13.51,6.64,1.71,8.00,0.36,0.79,1446,246,1.6,0.9,0,0,0.0,0.0,0,
11.6.2026,17:27:21.318,25819,22949,52.9,20296,12087,62.6,9.2,16384,1501,1.182,1.230,1.188,1.168,1.183,1.153,1.178,1.188,1.183,1.173,1.168,1.183,1.183,1.183,1.183,1.061,0.781,3854.9,4489.0,4489.0,4489.0,4489.0,4489.0,4489.0,3591.2,3591.2,1895.4,3591.2,3591.2,3591.2,3591.2,3591.2,99.8,3890.5,1050.1,2420.8,243.6,2177.5,170.8,3150.0,694.3,607.3,3125.8,1786.3,28.4,285.6,1644.7,796.2,661.4,444.0,245.6,617.5,652.6,713.4,535.1,1155.2,25.6,55.8,5.9,50.2,1.2,70.7,15.8,13.9,70.0,41.7,0.0,6.8,38.7,24.2,20.1,13.5,7.3,19.1,19.3,21.5,16.3,70.7,25.6,100.0,45.5,95.6,9.6,85.5,6.7,122.5,27.1,23.9,122.3,69.8,1.2,11.3,64.6,45.4,38.0,25.9,15.0,35.6,37.6,40.4,31.1,45.4,38.6,45.0,45.0,45.0,45.0,45.0,45.0,36.0,36.0,19.0,36.0,36.0,36.0,36.0,36.0,39.0,70,74,71,75,72,70,68,68,68,68,68,68,68,68,68,30,26,29,25,28,30,32,32,32,32,32,32,32,32,32,79,75,No,No,No,No,No,No,No,No,No,No,No,No,No,No,No,No,No,No,No,No,No,No,No,No,No,No,No,No,No,No,No,No,No,No,No,No,No,No,No,No,No,No,No,No,No,No,No,No,79,75,67,1.100,35.438,47.667,40.482,0.003,5.580,0.700,175.0,175.0,175.0,175.0,0,0.0,0.0,25.5,55.3,5.4,50.0,3.8,70.4,15.4,13.5,69.9,41.5,0.6,6.4,38.5,23.9,19.8,13.2,7.0,18.5,19.2,21.2,16.3,41.3,40.1,45.6,17.8,20.2,55.9,55.7,56.5,49.1,34.5,6.0,57.9,50.8,68.2,20.2,20.1,0.0,0.0,0.0,0.0,0.0,0.0,15.4,26.2,48.1,83.0,19.4,25.2,7.4,57.2,0.0,0.0,0.0,0.0,0.0,0.0,0.2,2394.1,24.00,36,35,35,68,103,383,2,2,Yes,No,No,No,No,No,No,No,No,No,Yes,No,No,Yes,No,No,No,No,No,No,No,Yes,No,No,No,No,No,Yes,No,No,No,No,No,No,No,Yes,No,No,85.0,4920,4860,4980,65.2,1.095,1.110,1.815,1.815,0.990,5.110,1.375,No,No,No,65.8,1.095,1.110,1.815,1.815,0.990,5.110,1.875,No,No,No,42,42,94.0,100.0,No,No,32291,48158,38,70,99.0,100.0,No,No,1856,3314,0.3,0.1,0.4,0.150,0.013,62635,43360,0.1,0.0,0.1,0.064,0.000,34999,12252,78.0,74.0,86.9,83.0,0.875,20.494,20.484,20.508,74.826,38.275,55.519,16.223,72.003,3.000,19.181,12.069,38.724,100.000,140.000,2250.0,2200.2,1890.0,2225.6,1905.0,75.0,27.0,0.0,10.0,70.8,17.7,70.9,0.0,0.0,0.0,Yes,No,No,No,No,Yes,No,0,0,0,0,0,0,0,0,0,4,0,0,0,0,0,0,0,0,0,0,0,0,0,0,0,0,0,0,0,0,2394,5794,5562,334,16.0,68,0.300,47.234,600.0,2394.0,0.2,0.0,0.0,0.0,0.0,0.0,0.0,0.0,0.0,2,16190,2,No,No,No,No,No,No,No,No,16.704,68.277,100.0,0.000,24.1,120,0,0,8.0,120.0,135.4,107.3,96.8,101.0,95.6,120.0,145.7,100.3,98.8,99.1,98.8,8.34,9.36,7.43,6.83,9.99,10.59,6.64,1.69,7.98,0.36,0.69,1446,246,1.1,0.8,0,0,0.0,0.0,0,
11.6.2026,17:27:22.320,25820,22947,52.9,20299,12085,62.6,9.2,16384,1501,1.187,1.228,1.174,1.199,1.184,1.174,1.174,1.167,1.167,1.207,1.197,1.182,1.177,1.177,1.212,1.061,0.781,3976.0,4489.0,4489.0,4489.0,4489.0,4489.0,4489.0,3591.2,3591.2,3591.2,3591.2,3591.2,3591.2,3591.2,3591.2,99.8,3890.5,1053.3,2428.3,296.2,2183.5,171.8,3188.6,661.7,590.0,3146.0,1719.1,62.7,206.4,1741.5,739.4,655.1,470.0,290.6,590.7,603.1,700.4,621.6,1159.4,25.8,55.9,6.6,50.2,6.7,71.5,14.7,13.1,70.2,40.0,3.0,4.6,40.3,21.9,19.3,13.9,8.3,17.4,17.7,20.7,19.3,71.5,25.8,100.0,45.5,95.8,11.6,85.9,6.8,124.0,25.7,23.1,123.3,67.5,2.5,8.2,68.2,42.0,37.2,27.1,17.4,34.0,34.6,39.5,36.0,45.5,39.9,45.0,45.0,45.0,45.0,45.0,45.0,36.0,36.0,36.0,36.0,36.0,36.0,36.0,36.0,39.0,70,73,70,74,71,71,70,69,69,69,69,68,68,68,68,30,27,30,26,29,29,30,31,31,31,31,32,32,32,32,79,74,No,No,No,No,No,No,No,No,No,No,No,No,No,No,No,No,No,No,No,No,No,No,No,No,No,No,No,No,No,No,No,No,No,No,No,No,No,No,No,No,No,No,No,No,No,No,No,No,78,71,68,1.100,37.969,44.593,37.439,0.002,5.580,0.701,175.0,175.0,175.0,175.0,0,0.0,0.0,25.6,55.5,6.6,50.2,3.8,71.2,14.7,13.1,70.3,40.1,1.4,4.6,40.5,22.1,19.5,13.9,8.4,17.6,17.8,20.9,19.3,44.7,38.6,45.8,17.8,19.5,56.7,55.1,61.6,61.0,42.3,15.3,49.8,61.0,70.1,31.3,16.8,0.0,0.0,0.0,0.0,0.0,0.0,12.4,15.8,40.1,72.5,27.9,17.2,6.0,43.6,0.0,0.0,0.0,0.0,0.0,0.0,0.2,2394.1,24.00,36,35,35,68,103,383,2,2,Yes,No,No,No,No,No,No,No,No,No,Yes,No,No,Yes,No,No,No,No,No,No,No,Yes,No,No,No,No,No,Yes,No,No,No,No,No,No,No,Yes,No,No,84.0,4920,4800,4980,65.5,1.095,1.110,1.815,1.815,1.005,5.110,1.500,No,No,No,65.8,1.095,1.110,1.815,1.815,1.005,5.110,1.875,No,No,No,42,42,94.0,100.0,No,No,32291,48158,38,70,99.0,100.0,No,No,1856,3314,0.0,1.1,1.1,0.000,0.027,62635,43360,0.0,0.0,0.0,0.000,0.000,34999,12252,79.3,74.0,88.7,83.0,0.875,20.496,20.472,20.496,74.887,30.960,55.660,16.214,72.126,3.000,19.175,10.621,47.151,100.000,140.000,2250.0,2200.2,1890.0,2225.6,1905.0,75.0,27.0,0.0,10.0,70.8,17.7,70.9,0.0,0.0,0.0,Yes,No,No,No,No,Yes,No,0,0,0,0,0,0,0,0,0,4,0,0,0,0,0,0,0,0,0,0,0,0,0,0,0,0,0,0,0,0,2394,5794,5562,334,16.0,67,0.300,44.029,600.0,2394.0,0.1,0.0,0.0,0.0,0.0,0.0,0.0,0.0,0.0,2,16190,2,No,No,No,No,No,No,No,No,16.703,68.277,100.0,0.000,24.1,120,0,0,8.1,119.8,137.6,106.4,82.6,91.3,80.3,119.7,142.2,102.3,86.5,92.6,84.8,8.35,9.45,7.23,6.73,10.95,12.45,6.65,1.70,8.00,0.35,0.66,1446,246,1.2,1.0,0,0,0.0,0.0,0,
11.6.2026,17:27:23.316,25819,22949,52.9,20299,12085,62.6,9.2,16384,1501,1.221,1.237,1.206,1.216,1.226,1.211,1.221,1.231,1.231,1.241,1.221,1.221,1.211,1.211,1.211,1.061,0.781,3769.4,4489.0,4688.5,4688.5,4688.5,798.0,4688.5,3591.2,3591.2,3591.2,3591.2,3591.2,3591.2,3591.2,3591.2,99.8,3890.5,1032.6,2381.6,248.8,2104.5,105.9,3154.5,618.7,660.5,3102.0,1616.0,51.4,263.1,1751.6,797.0,726.4,403.5,229.1,572.2,586.6,689.3,588.7,1138.4,25.3,54.9,5.8,48.7,2.6,70.9,14.0,15.0,69.2,38.1,1.4,6.1,40.9,24.0,21.8,11.9,6.8,17.2,17.5,20.7,17.7,70.9,25.3,100.0,44.7,94.0,9.8,82.8,4.2,122.6,24.1,26.2,122.0,63.5,2.1,10.4,68.7,44.9,41.2,23.6,13.9,32.9,33.5,39.3,34.3,44.7,37.8,45.0,47.0,47.0,47.0,8.0,47.0,36.0,36.0,36.0,36.0,36.0,36.0,36.0,36.0,39.0,69,70,70,75,71,69,69,68,68,68,68,68,68,68,68,31,30,30,25,29,31,31,32,32,32,32,32,32,32,32,79,75,No,No,No,No,No,No,No,No,No,No,No,No,No,No,No,No,No,No,No,No,No,No,No,No,No,No,No,No,No,No,No,No,No,No,No,No,No,No,No,No,No,No,No,No,No,No,No,No,79,74,68,1.100,37.969,44.593,37.439,0.002,5.580,0.701,175.0,175.0,175.0,175.0,0,0.0,0.0,25.1,54.4,5.5,48.6,2.4,70.5,13.7,14.7,69.3,37.9,1.1,5.9,40.7,23.7,21.6,11.8,6.6,17.1,17.5,20.6,17.7,44.9,40.1,48.0,19.2,20.0,59.2,54.0,69.2,71.9,29.1,8.0,49.2,59.5,68.3,32.6,17.5,0.0,0.0,0.0,0.1,0.0,0.0,4.2,3.7,55.5,82.1,29.1,19.2,7.8,44.0,0.0,0.0,0.0,0.0,0.0,0.0,0.0,2394.1,24.00,36,35,35,68,103,383,2,2,Yes,No,No,No,No,No,No,No,No,No,Yes,No,No,Yes,No,No,No,No,No,No,No,Yes,No,No,No,No,No,Yes,No,No,No,No,No,No,No,Yes,No,No,85.0,4920,4800,4980,65.5,1.095,1.110,1.815,1.815,1.005,5.110,1.500,No,No,No,65.8,1.095,1.110,1.815,1.815,1.005,5.110,1.625,No,No,No,42,42,94.0,100.0,No,No,32291,48158,38,70,99.0,100.0,No,No,1856,3314,0.0,1.9,1.9,0.000,0.023,62635,43360,0.1,0.0,0.1,0.129,0.000,34999,12252,78.8,74.0,89.1,83.0,0.875,20.484,20.472,20.496,74.887,31.992,55.660,16.214,72.126,3.000,19.175,10.621,47.151,100.000,140.000,2250.0,2200.2,1890.0,2225.8,1905.0,75.0,27.0,0.0,10.0,70.8,17.5,70.1,0.0,0.0,0.0,Yes,No,No,No,No,Yes,No,0,0,0,0,0,0,0,0,0,4,0,0,0,0,0,0,0,0,0,0,0,0,0,0,0,0,0,0,0,0,2394,5794,5562,334,16.0,68,0.300,44.029,600.0,2394.0,0.1,0.0,0.0,0.0,0.0,0.0,0.0,0.0,0.0,2,16190,2,No,No,No,No,No,No,No,No,16.703,68.277,100.0,0.000,24.1,120,0,0,8.0,120.1,134.5,108.2,106.0,106.9,105.7,120.1,145.4,106.8,103.8,105.0,103.4,8.33,9.31,7.24,7.07,9.41,9.50,6.63,1.70,7.98,0.35,0.63,1446,246,1.6,0.9,0,0,0.0,0.0,0,
11.6.2026,17:27:24.315,25820,22948,52.9,20297,12087,62.6,9.2,16384,1501,1.181,1.210,1.174,1.179,1.179,1.169,1.194,1.179,1.179,1.189,1.179,1.184,1.174,1.179,1.174,1.061,0.781,3976.0,4489.0,4489.0,4489.0,4489.0,4489.0,4489.0,3591.2,3591.2,3591.2,3591.2,3591.2,3591.2,3591.2,3591.2,99.8,3890.5,1039.5,2300.0,351.4,2111.3,128.2,3118.1,683.0,570.9,3092.8,1716.7,24.4,192.1,1797.5,652.6,701.5,435.9,284.7,592.3,650.3,700.8,686.0,1135.1,25.3,53.1,7.9,48.7,3.0,70.0,15.2,12.8,68.9,40.0,0.0,4.4,41.7,19.4,21.0,13.0,8.6,17.3,19.1,21.1,20.5,70.0,25.3,100.0,45.0,90.9,13.7,82.9,5.1,121.1,26.6,22.4,121.3,67.1,1.0,7.7,70.3,37.5,39.9,25.2,16.6,34.1,37.9,39.9,39.7,45.0,39.9,45.0,45.0,45.0,45.0,45.0,45.0,36.0,36.0,36.0,36.0,36.0,36.0,36.0,36.0,39.0,70,73,71,76,71,71,69,68,68,68,68,69,69,69,69,30,27,29,24,29,29,31,32,32,32,32,31,31,31,31,79,76,No,No,No,No,No,No,No,No,No,No,No,No,No,No,No,No,No,No,No,No,No,No,No,No,No,No,No,No,No,No,No,No,No,No,No,No,No,No,No,No,No,No,No,No,No,No,No,No,79,74,68,1.100,37.126,46.312,39.160,0.002,5.565,0.696,175.0,175.0,175.0,175.0,0,0.0,0.0,25.3,52.8,7.8,48.7,2.9,69.7,15.1,12.8,69.0,40.1,0.5,4.3,41.8,19.5,21.1,13.1,8.6,17.4,19.3,21.2,20.6,41.1,40.5,47.4,18.8,20.7,57.4,54.4,46.8,56.9,27.3,17.9,39.5,47.7,58.3,41.2,20.4,0.0,0.0,0.0,0.0,0.0,0.0,28.6,17.8,55.0,69.9,37.5,27.8,16.4,32.7,0.0,0.0,0.0,0.0,0.0,0.0,0.0,2394.1,24.00,36,35,35,68,103,383,2,2,Yes,No,No,No,No,No,No,No,No,No,Yes,No,No,Yes,No,No,No,No,No,No,No,Yes,No,No,No,No,No,Yes,No,No,No,No,No,No,No,Yes,No,No,85.0,5040,4860,4980,65.5,1.095,1.110,1.815,1.815,1.005,5.110,1.375,No,No,No,65.8,1.110,1.110,1.815,1.815,1.005,5.110,1.625,No,No,No,42,42,94.0,100.0,No,No,32291,48158,38,70,99.0,100.0,No,No,1856,3314,0.0,1.0,1.0,0.000,0.148,62635,43360,0.0,0.0,0.0,0.000,0.000,34999,12252,79.2,74.0,88.5,83.0,0.875,20.490,20.478,20.502,74.875,31.560,55.705,16.239,72.207,3.000,19.205,10.609,43.958,100.000,140.000,2250.0,2200.2,1890.0,2226.1,1905.0,75.0,27.0,0.0,10.0,70.8,17.7,70.8,0.0,0.0,0.0,Yes,No,No,No,No,Yes,No,0,0,0,0,0,0,0,0,0,4,0,0,0,0,0,0,0,0,0,0,0,0,0,0,0,0,0,0,0,0,2394,5794,5562,334,16.0,67,0.300,47.157,600.0,2394.0,0.1,0.0,0.0,0.0,0.0,0.0,0.0,0.0,0.0,2,16190,2,No,No,No,No,No,No,No,No,16.703,68.277,100.0,0.000,24.1,120,0,0,8.9,120.1,136.9,105.4,105.2,105.3,105.2,120.1,141.4,104.4,101.7,102.8,101.4,8.33,9.48,7.33,7.13,9.55,9.60,6.64,1.69,7.98,0.35,0.64,1446,246,1.5,1.0,0,0,0.0,0.0,0,
11.6.2026,17:27:25.330,25816,22952,52.9,20296,12088,62.6,9.2,16384,1501,1.194,1.232,1.224,1.205,1.195,1.185,1.175,1.175,1.175,1.185,1.185,1.205,1.195,1.190,1.195,1.061,0.781,3854.9,4489.0,4489.0,4489.0,4489.0,4489.0,4489.0,3591.2,3591.2,3591.2,3591.2,1895.4,3591.2,3591.2,3591.2,99.8,3890.5,1044.8,2406.9,254.1,2139.0,127.8,3190.8,611.5,701.2,3054.5,1690.2,39.9,244.0,1723.1,750.0,698.8,485.7,210.5,608.8,612.8,671.8,675.4,1145.5,25.2,55.4,4.2,49.4,1.4,71.6,12.2,15.6,68.1,39.4,0.9,4.0,40.2,22.8,20.9,14.5,6.1,17.9,18.1,19.8,20.7,71.6,25.2,100.0,45.2,95.1,10.0,84.0,5.1,123.8,23.7,27.5,120.3,66.4,1.6,9.7,67.5,42.0,39.6,27.7,12.8,35.5,35.4,38.4,38.4,45.2,38.6,45.0,45.0,45.0,45.0,45.0,45.0,36.0,36.0,36.0,36.0,19.0,36.0,36.0,36.0,39.0,69,70,70,74,71,70,69,69,69,69,69,68,68,68,68,31,30,30,26,29,30,31,31,31,31,31,32,32,32,32,79,74,No,No,No,No,No,No,No,No,No,No,No,No,No,No,No,No,No,No,No,No,No,No,No,No,No,No,No,No,No,No,No,No,No,No,No,No,No,No,No,No,No,No,No,No,No,No,No,No,79,72,67,1.100,49.782,45.786,38.631,0.002,5.562,0.697,175.0,175.0,175.0,175.0,0,0.0,0.0,25.5,55.1,5.7,49.4,2.9,71.4,13.6,15.6,68.2,39.5,0.9,5.5,40.3,22.8,20.9,14.6,6.2,18.0,18.2,20.0,20.7,45.9,39.7,47.0,18.9,19.5,57.4,55.1,68.9,67.1,42.3,8.7,44.6,52.9,69.1,51.5,15.9,0.0,0.0,0.0,0.2,0.0,0.0,5.5,8.7,39.2,81.9,32.2,24.2,7.7,23.3,0.0,0.0,0.0,0.0,0.0,0.0,0.0,2394.1,24.00,36,35,35,68,103,383,2,2,Yes,No,No,No,No,No,No,No,No,No,Yes,No,No,Yes,No,No,No,No,No,No,No,Yes,No,No,No,No,No,Yes,No,No,No,No,No,No,No,Yes,No,No,84.0,5040,4800,4980,65.5,1.095,1.110,1.815,1.815,1.005,5.110,1.000,No,No,No,65.8,1.095,1.110,1.815,1.815,1.005,5.110,1.375,No,No,No,42,42,94.0,100.0,No,No,32291,48158,38,70,99.0,100.0,No,No,1856,3314,0.3,0.6,0.9,0.028,0.022,62635,43360,0.0,0.0,0.0,0.000,0.000,34999,12252,78.2,74.0,87.3,83.0,0.875,20.486,20.474,20.499,74.892,34.753,55.791,16.277,72.319,3.000,19.235,33.695,42.957,100.000,140.000,2250.0,2200.2,1890.0,2226.1,1905.0,75.0,27.0,0.0,10.0,70.8,17.5,70.1,0.0,0.0,0.0,Yes,No,No,No,No,Yes,No,0,0,0,0,0,0,0,0,0,4,0,0,0,0,0,0,0,0,0,0,0,0,0,0,0,0,0,0,0,0,2394,5794,5562,334,16.0,68,0.300,45.097,600.0,2394.0,0.1,0.0,0.0,0.0,0.0,0.0,0.0,0.0,0.0,2,16190,2,No,No,No,No,No,No,No,No,16.703,68.277,100.0,0.000,24.1,120,0,0,8.4,120.0,136.9,108.0,106.1,106.9,105.9,120.0,151.0,102.0,101.3,101.6,101.3,8.33,9.30,7.31,7.24,9.39,9.48,6.65,1.69,7.98,0.35,0.72,1446,246,1.2,2.1,0,0,0.0,0.0,0,
11.6.2026,17:27:26.326,25814,22954,52.9,20294,12090,62.6,9.2,16384,1501,1.195,1.224,1.184,1.159,1.184,1.184,1.184,1.199,1.199,1.209,1.209,1.193,1.193,1.203,1.203,1.061,0.781,3854.9,4489.0,4489.0,4489.0,4489.0,4489.0,4489.0,3591.2,3591.2,3591.2,3591.2,1895.4,3591.2,3591.2,3591.2,99.8,3890.5,1040.5,2330.6,364.7,2059.5,96.5,3109.1,538.3,720.4,3137.8,1783.8,39.3,251.0,1782.2,783.5,745.0,514.9,230.2,507.1,611.8,602.8,602.3,1155.4,25.5,53.7,8.4,47.8,2.5,69.9,13.6,16.2,70.1,41.8,0.0,7.3,41.7,23.5,22.4,15.4,6.7,15.0,18.2,18.1,18.4,70.1,25.5,100.0,45.1,91.9,14.2,81.2,3.9,120.9,21.1,28.2,122.8,69.9,1.6,10.0,69.7,44.7,43.0,30.1,14.2,29.8,35.1,34.4,34.7,45.1,38.6,45.0,45.0,45.0,45.0,45.0,45.0,36.0,36.0,36.0,36.0,19.0,36.0,36.0,36.0,39.0,70,74,71,73,72,71,69,69,69,69,69,68,68,68,68,30,26,29,27,28,29,31,31,31,31,31,32,32,32,32,79,74,No,No,No,No,No,No,No,No,No,No,No,No,No,No,No,No,No,No,No,No,No,No,No,No,No,No,No,No,No,No,No,No,No,No,No,No,No,No,No,No,No,No,No,No,No,No,No,No,79,72,67,1.100,24.469,44.740,37.607,0.002,5.562,0.696,175.0,175.0,175.0,175.0,0,0.0,0.0,25.3,53.3,8.1,47.6,2.2,69.5,12.0,16.0,70.1,41.6,0.9,5.6,41.5,23.3,22.3,15.2,6.5,15.0,18.1,18.0,18.3,40.8,39.8,49.1,21.8,17.7,55.5,53.8,57.0,55.3,40.8,5.8,23.7,53.1,60.4,37.2,20.9,0.0,0.0,0.0,0.0,0.0,0.0,15.2,17.9,39.9,84.2,54.8,24.1,17.6,38.8,0.0,0.0,0.0,0.0,0.0,0.0,0.0,2394.1,24.00,36,35,35,68,103,383,2,2,Yes,No,No,No,No,No,No,No,No,No,Yes,No,No,Yes,No,No,No,No,No,No,No,Yes,No,No,No,No,No,Yes,No,No,No,No,No,No,No,Yes,No,No,85.0,5040,4800,4980,65.5,1.095,1.110,1.815,1.815,1.005,5.110,2.000,No,No,No,65.8,1.095,1.110,1.815,1.815,1.005,5.110,1.500,No,No,No,42,42,94.0,100.0,No,No,32291,48158,38,70,99.0,100.0,No,No,1856,3314,0.0,1.5,1.5,0.000,0.036,62635,43360,0.1,0.0,0.1,0.129,0.000,34999,12252,78.2,74.0,87.3,83.0,0.875,20.494,20.482,20.506,74.916,41.563,55.490,16.181,71.916,3.000,19.137,82.596,42.622,100.000,140.000,2250.0,2200.2,1890.0,2225.9,1905.0,75.0,27.0,0.0,10.0,70.8,17.7,70.7,0.0,0.0,0.0,Yes,No,No,No,No,Yes,No,0,0,0,0,0,0,0,0,0,4,0,0,0,0,0,0,0,0,0,0,0,0,0,0,0,0,0,0,0,0,2394,5794,5562,334,16.0,68,0.300,45.124,600.0,2394.0,0.2,0.0,0.0,0.0,0.0,0.0,0.0,0.0,0.0,2,16190,2,No,No,No,No,No,No,No,No,16.703,68.277,100.0,0.000,24.1,120,0,0,9.5,119.9,132.8,107.0,105.8,106.2,105.7,119.9,139.2,103.9,101.7,102.6,101.5,8.34,9.36,7.48,6.87,9.41,9.45,6.64,1.69,7.99,0.35,0.69,1446,246,1.2,0.9,0,0,0.0,0.0,0,
11.6.2026,17:27:27.326,25815,22952,52.9,20292,12091,62.6,9.2,16384,1501,1.195,1.226,1.190,1.190,1.190,1.190,1.175,1.195,1.195,1.200,1.200,1.195,1.195,1.195,1.195,1.061,0.781,3976.0,4489.0,4489.0,4489.0,4489.0,4489.0,4489.0,3591.2,3591.2,3591.2,3591.2,3591.2,3591.2,3591.2,3591.2,99.8,3890.5,1041.5,2362.5,207.4,2154.5,127.5,2963.0,696.9,728.2,3181.4,1701.9,48.5,214.5,1863.8,725.6,697.2,425.9,227.3,577.3,600.0,656.1,670.3,1145.4,24.5,53.8,4.9,48.9,3.1,65.9,14.4,15.1,70.5,38.8,2.8,3.5,42.4,20.6,19.7,11.5,5.1,15.8,16.4,18.5,19.1,70.5,24.5,100.0,45.0,93.3,8.3,84.9,5.1,115.3,27.2,28.7,124.9,66.5,2.0,8.6,72.7,41.2,39.4,24.6,13.7,33.4,35.0,37.4,38.7,45.0,39.9,45.0,45.0,45.0,45.0,45.0,45.0,36.0,36.0,36.0,36.0,36.0,36.0,36.0,36.0,39.0,70,73,71,73,71,70,70,69,69,69,69,68,68,68,68,30,27,29,27,29,30,30,31,31,31,31,32,32,32,32,79,73,No,No,No,No,No,No,No,No,No,No,No,No,No,No,No,No,No,No,No,No,No,No,No,No,No,No,No,No,No,No,No,No,No,No,No,No,No,No,No,No,No,No,No,No,No,No,No,No,79,75,67,1.100,27.844,44.046,37.213,0.002,5.562,0.698,175.0,175.0,175.0,175.0,0,0.0,0.0,25.3,54.1,4.7,49.6,2.9,66.2,15.5,16.2,71.0,39.8,1.1,4.8,43.3,21.9,21.0,12.9,6.5,17.2,17.8,19.7,20.4,42.9,41.7,46.4,21.7,17.7,57.3,52.5,57.2,68.2,29.3,8.8,46.3,50.3,63.8,39.8,18.9,0.0,0.0,0.0,0.0,0.0,0.0,16.9,7.5,53.9,81.4,31.4,26.9,12.7,34.3,0.0,0.0,0.0,0.0,0.0,0.0,0.1,2394.1,24.00,36,35,35,68,103,383,2,2,Yes,No,No,No,No,No,No,No,No,No,Yes,No,No,Yes,No,No,No,No,No,No,No,Yes,No,No,No,No,No,Yes,No,No,No,No,No,No,No,Yes,No,No,84.0,4920,4860,4980,65.5,1.095,1.110,1.800,1.815,1.005,5.110,1.375,No,No,No,65.8,1.095,1.110,1.800,1.815,1.005,5.110,1.375,No,No,No,42,42,94.0,100.0,No,No,32291,48158,38,70,99.0,100.0,No,No,1856,3314,0.6,1.5,2.1,0.388,0.114,62636,43360,0.0,0.0,0.0,0.000,0.000,34999,12252,79.1,74.0,88.5,83.0,0.875,20.490,20.478,20.503,74.915,31.951,55.932,16.280,72.477,3.000,19.243,11.616,45.107,100.000,140.000,2250.0,2200.2,1890.0,2226.1,1905.0,75.0,27.0,0.0,10.0,70.8,17.8,71.2,0.0,0.0,0.0,Yes,No,No,No,No,Yes,No,0,0,0,0,0,0,0,0,0,4,0,0,0,0,0,0,0,0,0,0,0,0,0,0,0,0,0,0,0,0,2394,5794,5562,334,16.0,68,0.300,43.469,600.0,2394.0,0.2,0.0,0.0,0.0,0.0,0.0,0.0,0.0,0.0,2,16190,2,No,No,No,No,No,No,No,No,16.703,68.277,100.0,0.000,24.1,120,0,0,8.1,120.0,136.8,106.6,105.3,105.8,105.2,120.0,148.5,103.4,103.0,103.0,102.9,8.34,9.44,7.32,6.99,9.50,9.52,6.64,1.69,7.99,0.35,0.66,1446,246,2.0,0.7,0,0,0.0,0.0,0,
11.6.2026,17:27:28.322,25834,22934,52.9,20298,12085,62.6,9.2,16384,1501,1.198,1.226,1.181,1.181,1.186,1.176,1.186,1.171,1.221,1.226,1.196,1.211,1.202,1.187,1.222,1.061,0.846,3790.7,4688.5,4489.0,4489.0,4489.0,4489.0,4489.0,798.0,3591.2,3591.2,3591.2,3591.2,3591.2,3591.2,3591.2,99.8,3890.5,1191.2,2541.1,450.1,2435.3,219.4,2792.0,1150.8,1155.8,2977.7,1838.2,124.4,403.6,2041.8,747.9,743.9,713.6,544.4,684.1,725.2,751.3,783.2,1305.0,29.3,58.2,10.3,55.7,5.2,62.8,25.9,26.1,66.6,42.7,3.1,9.3,47.0,22.7,22.9,22.0,16.9,20.7,21.5,22.4,24.1,66.6,29.3,100.0,51.9,100.4,17.6,95.8,8.7,109.1,44.8,45.7,116.9,72.5,4.9,16.1,79.9,42.7,42.3,40.7,31.4,39.4,41.5,42.8,44.4,51.9,38.0,47.0,45.0,45.0,45.0,45.0,45.0,8.0,36.0,36.0,36.0,36.0,36.0,36.0,36.0,39.0,69,77,70,72,70,69,71,67,67,67,67,68,68,68,68,31,23,30,28,30,31,29,33,33,33,33,32,32,32,32,81,77,No,No,No,No,No,No,No,No,No,No,No,No,No,No,No,No,No,No,No,No,No,No,No,No,No,No,No,No,No,No,No,No,No,No,No,No,No,No,No,No,No,No,No,No,No,No,No,No,79,77,68,1.100,49.782,43.475,36.036,0.002,5.575,0.697,175.0,175.0,175.0,175.0,0,0.0,0.0,29.1,57.7,10.0,55.5,4.9,62.4,25.6,25.8,66.5,42.5,2.8,9.0,46.9,22.6,22.8,21.9,16.8,20.6,21.5,22.4,24.0,46.5,34.6,39.9,17.1,14.6,53.0,45.2,59.8,55.3,57.6,35.8,48.8,63.7,68.6,57.0,10.7,0.0,0.0,0.2,0.0,0.0,0.0,13.7,17.9,16.9,43.7,25.8,11.1,5.7,15.1,0.0,0.0,0.0,0.0,0.0,0.0,0.1,2394.1,24.00,36,35,35,68,103,383,2,2,Yes,No,No,No,No,No,No,No,No,No,Yes,No,No,Yes,No,No,No,No,No,No,No,Yes,No,No,No,No,No,Yes,No,No,No,No,No,No,No,Yes,No,No,85.0,5040,4860,4980,65.5,1.095,1.110,1.800,1.815,1.005,5.110,2.125,No,No,No,66.0,1.095,1.110,1.800,1.800,1.005,5.110,2.000,No,No,No,42,42,94.0,100.0,No,No,32291,48158,38,70,99.0,100.0,No,No,1856,3314,1.5,1.4,3.0,1.035,0.262,62637,43360,2.4,0.0,2.4,3.572,0.000,35003,12252,79.5,74.0,89.1,83.0,0.875,20.445,20.432,20.458,74.869,42.087,56.238,16.345,72.831,3.000,19.302,82.620,44.272,100.000,140.000,2250.0,2200.2,1890.0,2225.7,1905.0,75.0,27.0,0.0,10.0,70.9,17.8,71.2,0.0,0.0,0.0,Yes,No,No,No,No,Yes,No,0,0,0,0,0,0,0,0,0,4,0,0,0,0,0,0,0,0,0,0,0,0,0,0,0,0,0,0,0,0,2385,5803,5572,342,16.0,68,0.300,48.797,600.0,2394.0,0.1,0.0,0.0,0.0,0.0,0.0,0.0,0.0,0.0,2,16189,2,No,No,No,No,No,No,No,No,16.703,68.277,100.0,0.000,24.1,120,0,0,8.3,120.0,147.1,101.2,100.2,100.4,100.1,120.0,154.2,101.2,97.8,99.2,97.4,8.34,9.88,6.80,6.74,9.96,10.01,6.71,1.63,7.98,0.35,0.73,1446,246,1.6,1.8,0,0,0.0,0.0,0,
11.6.2026,17:27:29.319,25827,22941,52.9,20298,12085,62.6,9.2,16384,1501,1.192,1.232,1.190,1.190,1.190,1.188,1.188,1.173,1.188,1.193,1.193,1.188,1.188,1.203,1.193,1.061,0.778,3976.0,4489.0,4489.0,4489.0,4489.0,4489.0,4489.0,3591.2,3591.2,3591.2,3591.2,3591.2,3591.2,3591.2,3591.2,99.8,3890.5,1054.2,2388.8,246.4,2088.1,103.1,1801.2,2125.1,525.4,3206.0,1716.2,30.9,239.9,1761.6,766.4,734.8,469.9,340.3,625.2,641.0,656.8,617.0,1159.0,25.8,55.0,5.7,48.1,2.5,40.5,47.4,11.9,71.4,40.0,0.9,5.5,41.2,23.0,22.2,13.9,10.0,19.1,19.6,19.8,18.6,71.4,25.8,100.0,45.7,94.3,9.7,82.2,4.1,70.5,82.8,20.7,125.5,67.1,1.3,9.5,69.1,43.5,41.7,27.5,19.8,35.6,36.7,37.6,35.6,45.7,39.9,45.0,45.0,45.0,45.0,45.0,45.0,36.0,36.0,36.0,36.0,36.0,36.0,36.0,36.0,39.0,70,71,71,73,72,70,73,69,69,69,69,68,68,68,68,30,29,29,27,28,30,27,31,31,31,31,32,32,32,32,79,73,No,No,No,No,No,No,No,No,No,No,No,No,No,No,No,No,No,No,No,No,No,No,No,No,No,No,No,No,No,No,No,No,No,No,No,No,No,No,No,No,No,No,No,No,No,No,No,No,79,75,67,1.100,32.907,49.469,42.045,0.002,5.843,0.724,175.0,175.0,175.0,175.0,0,0.0,0.0,25.7,54.6,5.5,48.1,2.3,40.2,47.4,11.7,71.5,40.0,0.7,5.4,41.1,23.0,22.2,13.9,10.0,19.2,19.4,19.8,18.6,43.3,40.4,48.5,16.5,19.7,57.4,54.4,59.1,66.6,32.9,17.7,53.2,55.1,53.5,31.5,17.9,0.0,0.0,0.5,0.0,0.0,0.0,14.0,7.7,49.0,68.7,23.1,21.2,22.2,44.1,0.0,0.0,0.0,0.0,0.0,0.0,0.0,2394.1,24.00,36,35,35,68,103,383,2,2,Yes,No,No,No,No,No,No,No,No,No,Yes,No,No,Yes,No,No,No,No,No,No,No,Yes,No,No,No,No,No,No,No,No,No,No,No,No,No,No,No,No,84.0,5040,4860,4980,65.5,1.095,1.110,1.800,1.815,1.005,5.110,1.250,No,No,No,66.0,1.095,1.110,1.800,1.815,1.005,5.110,1.875,No,No,No,42,42,94.0,100.0,No,No,32291,48158,38,70,99.0,100.0,No,No,1856,3314,0.1,1.0,1.1,0.016,0.197,62637,43360,0.1,0.1,0.1,0.064,0.028,35003,12252,78.6,74.0,88.2,83.0,0.875,20.490,20.478,20.503,74.997,34.175,56.313,16.321,72.887,3.000,19.280,26.239,45.189,100.000,140.000,2250.0,2200.2,1890.0,2225.1,1905.0,75.0,27.0,0.0,10.0,70.8,17.7,70.9,0.0,0.0,0.0,Yes,No,No,No,No,Yes,No,0,0,0,0,0,0,0,0,0,4,0,0,0,0,0,0,0,0,0,0,0,0,0,0,0,0,0,0,0,0,2394,5794,5562,334,16.0,67,0.300,45.680,600.0,2394.0,0.4,0.1,0.0,0.0,0.0,0.0,0.0,0.0,0.0,2,16190,2,No,No,No,No,No,No,No,No,16.703,68.277,100.0,0.000,24.1,120,0,0,8.0,120.0,135.2,108.0,98.6,102.4,97.5,120.0,144.9,99.4,98.4,98.8,98.3,8.33,9.24,7.36,7.07,9.85,10.45,6.63,1.70,7.98,0.35,0.70,1446,246,1.9,1.4,0,0,0.0,0.0,0,
11.6.2026,17:27:30.315,25826,22941,52.9,20302,12082,62.6,9.2,16384,1501,1.218,1.193,1.230,1.227,1.197,1.197,1.192,1.202,1.212,1.207,1.237,1.242,1.247,1.237,1.237,1.061,0.781,4018.7,4489.0,4489.0,4888.0,4688.5,4489.0,4489.0,3591.2,3591.2,3591.2,3591.2,3591.2,3591.2,3591.2,3591.2,99.8,3890.5,1046.7,2356.9,384.8,2141.4,172.1,1082.0,2826.9,1060.1,2660.6,1690.1,51.3,444.7,1408.3,669.2,694.4,482.6,350.7,603.5,607.2,668.2,579.8,1154.8,25.4,54.3,8.8,49.3,2.6,24.3,63.3,23.8,59.6,39.6,0.0,10.4,31.0,20.5,21.0,14.3,10.4,18.6,18.1,20.0,18.1,63.3,25.4,100.0,45.4,93.0,15.0,84.1,6.8,42.7,110.3,41.5,104.4,66.3,2.1,17.5,55.3,38.5,39.9,28.3,21.1,34.6,35.0,37.9,33.5,45.4,40.3,45.0,45.0,49.0,47.0,45.0,45.0,36.0,36.0,36.0,36.0,36.0,36.0,36.0,36.0,39.0,70,76,70,75,71,69,69,68,68,68,68,68,68,68,68,30,24,30,25,29,31,31,32,32,32,32,32,32,32,32,79,76,No,No,No,No,No,No,No,No,No,No,No,No,No,No,No,No,No,No,No,No,No,No,No,No,No,No,No,No,No,No,No,No,No,No,No,No,No,No,No,No,No,No,No,No,No,No,No,No,79,75,67,1.100,36.282,45.788,38.478,0.003,5.673,0.701,175.0,175.0,175.0,175.0,0,0.0,0.0,25.5,53.9,8.5,49.2,3.8,24.1,63.1,23.6,59.5,39.5,1.1,10.2,33.0,20.4,20.8,14.2,10.4,18.5,18.0,19.8,18.0,41.1,39.2,46.5,17.2,20.7,57.5,57.4,46.6,58.7,38.4,13.7,44.1,47.2,63.2,24.8,20.4,0.0,0.0,0.0,0.0,0.0,0.0,27.8,16.2,42.4,71.5,32.4,29.9,13.4,51.7,0.0,0.0,0.0,0.0,0.0,0.2,0.0,2394.1,24.00,36,35,35,68,103,383,2,2,Yes,No,No,No,No,No,No,No,No,No,Yes,No,No,Yes,No,No,No,No,No,No,No,Yes,No,No,No,No,No,Yes,No,No,No,No,No,No,No,Yes,No,No,85.0,4920,4800,4980,65.5,1.095,1.110,1.800,1.815,1.005,5.110,1.250,No,No,No,66.0,1.095,1.110,1.800,1.815,1.005,5.110,2.250,No,No,No,42,42,94.0,100.0,No,No,32291,48158,38,70,99.0,100.0,No,No,1856,3314,0.0,1.8,1.8,0.000,0.032,62637,43360,0.0,0.0,0.0,0.000,0.000,35003,12252,78.8,74.0,87.9,83.0,0.875,20.489,20.477,20.501,74.954,41.047,55.471,16.197,71.917,3.000,19.159,76.780,44.803,100.000,140.000,2250.0,2200.2,1890.0,2225.2,1905.0,75.0,27.0,0.0,10.0,70.8,17.7,70.6,0.0,0.0,0.0,Yes,No,No,No,No,Yes,No,0,0,0,0,0,0,0,0,0,4,0,0,0,0,0,0,0,0,0,0,0,0,0,0,0,0,0,0,0,0,2394,5794,5562,334,16.0,67,0.300,44.264,600.0,2394.0,0.1,0.0,0.0,0.0,0.0,0.0,0.0,0.0,0.0,2,16190,2,No,No,No,No,No,No,No,No,16.703,68.277,100.0,0.000,24.1,120,0,0,8.5,119.9,135.2,107.5,107.0,107.2,106.9,120.0,145.2,103.8,99.2,101.0,98.6,8.34,9.34,7.40,6.82,9.36,9.37,6.64,1.69,7.99,0.35,0.64,1446,246,1.5,1.0,0,0,0.0,0.0,0,
11.6.2026,17:27:31.314,25823,22945,52.9,20297,12086,62.6,9.2,16384,1501,1.196,1.227,1.218,1.163,1.163,1.178,1.178,1.178,1.183,1.183,1.178,1.178,1.238,1.228,1.248,1.061,0.781,3990.2,4489.0,4688.5,4489.0,4489.0,4489.0,4489.0,3591.2,3591.2,3591.2,3591.2,3591.2,3591.2,3591.2,3591.2,99.8,3890.5,1036.8,2459.2,345.2,2046.8,214.6,3074.7,862.2,3138.9,396.7,1731.1,81.4,1693.7,62.8,612.5,641.1,611.7,577.0,784.3,707.1,425.9,268.4,1159.4,25.6,56.5,7.8,47.4,6.3,69.0,19.2,70.1,8.9,40.3,4.8,39.6,4.4,18.1,18.8,18.2,17.0,23.7,21.3,12.6,8.6,70.1,25.6,100.0,44.9,96.9,13.6,80.6,8.5,119.6,33.5,123.2,15.6,67.7,3.3,66.3,2.5,35.2,36.9,35.6,33.8,44.3,39.7,25.0,15.8,44.9,40.0,45.0,47.0,45.0,45.0,45.0,45.0,36.0,36.0,36.0,36.0,36.0,36.0,36.0,36.0,39.0,69,71,73,74,71,70,69,68,68,68,68,68,68,68,68,31,29,27,26,29,30,31,32,32,32,32,32,32,32,32,79,74,No,No,No,No,No,No,No,No,No,No,No,No,No,No,No,No,No,No,No,No,No,No,No,No,No,No,No,No,No,No,No,No,No,No,No,No,No,No,No,No,No,No,No,No,No,No,No,No,79,75,68,1.100,33.751,40.016,32.938,0.002,5.566,0.699,175.0,175.0,175.0,175.0,0,0.0,0.0,25.2,56.2,7.7,47.3,4.8,68.6,19.2,70.2,8.8,40.4,1.8,39.7,1.4,18.1,18.9,18.4,17.0,23.8,21.3,12.7,8.6,41.1,38.1,48.0,17.6,22.5,56.5,57.3,45.4,51.5,45.3,30.5,65.1,65.5,26.1,6.6,20.7,0.0,0.0,0.0,0.0,0.0,0.0,31.3,24.9,31.0,46.2,7.8,9.9,57.3,81.3,0.0,0.0,0.0,0.0,0.0,0.0,0.0,2394.1,24.00,36,35,35,68,103,383,2,2,Yes,No,No,No,No,No,No,No,No,No,Yes,No,No,Yes,No,No,No,No,No,No,No,Yes,No,No,No,No,No,Yes,No,No,No,No,No,No,No,Yes,No,No,84.0,4920,4740,4980,65.5,1.095,1.110,1.800,1.815,1.005,5.110,2.000,No,No,No,66.0,1.095,1.110,1.800,1.815,1.005,5.110,1.750,No,No,No,42,42,94.0,100.0,No,No,32291,48158,38,70,99.0,100.0,No,No,1856,3314,0.5,1.5,2.0,0.020,0.068,62637,43361,0.1,0.2,0.3,0.064,0.023,35003,12252,78.9,74.0,88.8,83.0,0.875,20.490,20.479,20.502,74.955,39.836,55.611,16.219,72.085,3.000,19.179,68.650,44.107,100.000,140.000,2250.0,2200.2,1890.0,2225.3,1905.0,75.0,27.0,0.0,10.0,70.8,17.5,70.1,0.0,0.0,0.0,Yes,No,No,No,No,Yes,No,0,0,0,0,0,0,0,0,0,4,0,0,0,0,0,0,0,0,0,0,0,0,0,0,0,0,0,0,0,0,2394,5794,5562,334,16.0,67,0.300,39.787,600.0,2394.0,0.1,0.0,0.0,0.0,0.0,0.0,0.0,0.0,0.0,2,16190,2,No,No,No,No,No,No,No,No,16.704,68.277,100.0,0.000,24.1,120,0,0,8.8,120.0,141.2,104.6,100.3,102.0,99.8,120.1,149.7,103.3,98.7,100.6,98.2,8.33,9.49,7.08,6.90,9.85,10.19,6.63,1.70,7.99,0.34,0.72,1446,246,1.8,1.1,0,0,0.0,0.0,0,
11.6.2026,17:27:32.326,25817,22951,52.9,20296,12088,62.6,9.2,16384,1501,1.216,1.260,1.240,1.230,1.180,1.180,1.210,1.210,1.200,1.215,1.220,1.220,1.215,1.225,1.225,1.061,0.781,3976.0,4489.0,4489.0,4489.0,4489.0,4489.0,4489.0,3591.2,3591.2,3591.2,3591.2,3591.2,3591.2,3591.2,3591.2,99.8,3890.5,1035.8,2385.6,366.9,2129.5,238.8,3034.8,807.5,3314.0,266.3,1630.3,110.6,1739.2,68.5,651.1,555.8,621.8,544.3,725.4,720.4,478.9,326.4,1154.1,25.3,54.8,8.5,49.1,5.7,67.9,18.3,74.2,6.3,38.4,1.3,40.7,0.4,19.6,17.1,18.6,16.4,22.1,22.0,14.5,10.6,74.2,25.3,100.0,44.8,94.1,14.4,83.7,9.4,118.6,31.6,129.6,10.7,63.8,4.4,68.1,2.7,37.4,31.6,35.6,31.5,40.7,40.5,27.5,19.3,44.8,39.9,45.0,45.0,45.0,45.0,45.0,45.0,36.0,36.0,36.0,36.0,36.0,36.0,36.0,36.0,39.0,69,70,72,70,71,69,68,67,68,68,68,68,68,68,68,31,30,28,30,29,31,32,33,32,32,32,32,32,32,32,78,72,No,No,No,No,No,No,No,No,No,No,No,No,No,No,No,No,No,No,No,No,No,No,No,No,No,No,No,No,No,No,No,No,No,No,No,No,No,No,No,No,No,No,No,No,No,No,No,No,78,77,68,1.100,47.251,41.926,34.784,0.002,5.567,0.699,175.0,175.0,175.0,175.0,0,0.0,0.0,25.2,54.4,8.2,49.0,5.3,67.7,17.9,74.1,5.9,38.3,2.5,40.5,1.5,19.5,16.9,18.5,16.3,21.9,21.9,14.3,10.3,43.8,39.5,45.7,19.3,21.3,58.1,56.2,54.2,47.0,59.5,36.7,63.2,67.3,40.7,5.0,18.2,0.0,0.0,0.0,0.0,0.0,0.0,21.9,31.5,17.8,41.7,11.6,7.7,41.4,81.1,0.0,0.0,0.0,0.0,0.0,0.0,0.0,2394.1,24.00,36,35,35,68,103,383,2,2,Yes,No,No,No,No,No,No,No,No,No,Yes,No,No,Yes,No,No,No,No,No,No,No,Yes,No,No,No,No,No,No,No,No,No,No,No,No,No,No,No,No,85.0,4980,4860,4980,65.8,1.095,1.110,1.800,1.815,1.005,5.110,0.875,No,No,No,66.0,1.095,1.110,1.800,1.815,1.005,5.110,2.000,No,No,No,42,42,94.0,100.0,No,No,32291,48158,38,70,99.0,100.0,No,No,1856,3314,0.0,1.0,1.0,0.000,0.152,62637,43361,0.1,0.0,0.1,0.064,0.000,35003,12252,79.2,74.0,88.8,83.0,0.875,20.491,20.479,20.503,74.903,32.845,55.612,16.178,72.046,3.000,19.148,18.865,45.067,100.000,140.000,2250.0,2200.2,1890.0,2226.0,1905.0,75.0,27.0,0.0,10.0,70.8,17.7,70.8,0.0,0.0,0.0,Yes,No,No,No,No,Yes,No,0,0,0,0,0,0,0,0,0,4,0,0,0,0,0,0,0,0,0,0,0,0,0,0,0,0,0,0,0,0,2394,5794,5562,334,16.0,67,0.300,40.862,600.0,2394.0,0.1,0.0,0.0,0.0,0.0,0.0,0.0,0.0,0.0,2,16190,2,No,No,No,No,No,No,No,No,16.704,68.277,100.0,0.000,24.1,120,0,0,9.1,120.0,139.3,109.1,108.5,108.7,108.4,120.0,140.4,105.8,104.1,104.9,103.9,8.33,9.27,7.19,7.11,9.33,9.37,6.63,1.70,7.98,0.35,0.62,1446,246,4.7,8.2,0,0,0.0,0.0,0,
11.6.2026,17:27:33.321,25814,22953,52.9,20288,12095,62.6,9.2,16384,1501,1.191,1.206,1.172,1.186,1.177,1.167,1.201,1.199,1.194,1.194,1.184,1.204,1.189,1.179,1.214,1.061,0.781,3976.0,4489.0,4489.0,4489.0,4489.0,4489.0,4489.0,3591.2,3591.2,3591.2,3591.2,3591.2,3591.2,3591.2,3591.2,99.8,3890.5,1042.9,2299.3,401.2,2001.1,203.4,2955.3,821.9,3151.2,544.7,1845.3,73.5,1776.9,30.3,645.3,626.7,663.3,576.9,721.8,786.4,412.8,321.6,1163.5,24.6,52.4,7.8,45.4,3.4,65.7,17.3,70.1,10.9,42.1,2.0,40.6,1.0,18.4,17.6,19.0,16.1,20.7,22.7,10.8,8.7,70.1,24.6,100.0,45.2,90.9,15.7,78.8,8.1,115.1,32.0,123.3,21.2,72.0,3.0,69.5,1.3,37.1,35.9,37.8,33.5,41.2,44.8,24.2,18.8,45.2,39.9,45.0,45.0,45.0,45.0,45.0,45.0,36.0,36.0,36.0,36.0,36.0,36.0,36.0,36.0,39.0,70,74,71,73,74,71,70,67,67,67,67,68,68,68,68,30,26,29,27,26,29,30,33,33,33,33,32,32,32,32,79,74,No,No,No,No,No,No,No,No,No,No,No,No,No,No,No,No,No,No,No,No,No,No,No,No,No,No,No,No,No,No,No,No,No,No,No,No,No,No,No,No,No,No,No,No,No,No,No,No,81,75,68,1.100,57.376,41.239,34.137,0.002,5.555,0.696,175.0,175.0,175.0,175.0,0,0.0,0.0,25.4,52.7,9.0,46.1,4.5,66.0,18.3,70.4,12.1,42.9,1.6,41.4,0.7,19.5,18.7,20.1,17.3,21.8,23.6,12.1,10.0,41.7,40.2,49.3,20.0,19.3,54.2,55.9,48.5,48.0,58.4,35.1,57.8,62.9,26.9,6.9,19.8,0.0,0.0,0.0,0.0,0.0,0.0,27.0,28.3,17.5,41.7,16.4,10.0,56.9,79.1,0.0,0.0,0.0,0.0,0.0,0.1,0.0,2394.1,24.00,36,35,35,68,103,383,2,2,Yes,No,No,No,No,No,No,No,No,No,Yes,No,No,Yes,No,No,No,No,No,No,No,Yes,No,No,No,No,No,No,No,No,No,No,No,No,No,No,No,No,84.0,4980,4800,4980,65.8,1.095,1.110,1.800,1.815,1.005,5.110,1.375,No,No,No,66.0,1.095,1.110,1.800,1.815,1.005,5.110,1.375,No,No,No,42,42,94.0,100.0,No,No,32291,48158,38,70,99.0,100.0,No,No,1856,3314,0.3,0.1,0.4,0.048,0.077,62637,43361,0.1,0.0,0.1,0.064,0.000,35003,12252,78.9,74.0,88.6,83.0,0.875,20.494,20.482,20.505,74.877,31.912,55.938,16.242,72.445,3.000,19.211,12.018,44.529,100.000,140.000,2250.0,2200.2,1890.0,2226.3,1905.0,75.0,27.0,0.0,10.0,70.8,17.6,70.4,0.0,0.0,0.0,Yes,No,No,No,No,Yes,No,0,0,0,0,0,0,0,0,0,4,0,0,0,0,0,0,0,0,0,0,0,0,0,0,0,0,0,0,0,0,2394,5794,5562,334,16.0,68,0.300,41.933,600.0,2394.0,0.1,0.0,0.0,0.0,0.0,0.0,0.0,0.0,0.0,2,16190,2,No,No,No,No,No,No,No,No,16.703,68.277,100.0,0.000,24.1,120,0,0,8.6,120.0,133.0,109.0,108.9,109.0,108.9,120.0,141.4,106.7,106.3,106.4,106.3,8.34,9.22,7.55,7.17,9.23,9.24,6.64,1.69,7.98,0.36,0.55,1446,246,3.0,5.8,0,0,0.0,0.0,0,
11.6.2026,17:27:34.315,25818,22949,52.9,20288,12096,62.6,9.2,16384,1501,1.212,1.239,1.224,1.194,1.184,1.214,1.214,1.224,1.199,1.209,1.214,1.209,1.194,1.219,1.234,1.061,0.781,3612.6,4489.0,4489.0,4489.0,4489.0,4489.0,4489.0,3591.2,3591.2,3591.2,3591.2,1895.4,1895.4,1895.4,3591.2,99.8,3890.5,1106.0,2455.0,407.0,2031.5,365.0,2952.8,967.6,3337.2,390.9,1708.1,113.2,1883.3,70.2,717.6,731.0,655.2,691.9,728.5,752.8,677.7,482.9,1217.3,28.0,56.5,9.3,47.0,8.4,66.2,21.8,74.7,8.9,40.2,2.8,43.9,1.9,23.0,24.7,21.3,23.0,23.3,24.5,22.3,16.7,74.7,28.0,100.0,48.2,96.8,16.0,79.3,14.3,115.1,37.6,130.3,15.4,66.8,4.6,73.8,2.8,41.2,41.8,37.8,39.8,41.6,43.0,38.7,27.8,48.2,36.2,45.0,45.0,45.0,45.0,45.0,45.0,36.0,36.0,36.0,36.0,19.0,19.0,19.0,36.0,39.0,70,77,70,75,71,69,68,68,68,68,68,68,68,68,68,30,23,30,25,29,31,32,32,32,32,32,32,32,32,32,79,77,No,No,No,No,No,No,No,No,No,No,No,No,No,No,No,No,No,No,No,No,No,No,No,No,No,No,No,No,No,No,No,No,No,No,No,No,No,No,No,No,No,No,No,No,No,No,No,No,79,75,67,1.100,39.657,41.748,34.997,0.002,5.574,0.698,175.0,175.0,175.0,175.0,0,0.0,0.0,27.8,56.0,9.1,46.9,8.1,65.9,21.5,74.6,8.7,40.0,2.5,43.7,1.6,22.9,24.6,21.1,22.9,23.2,24.7,22.2,16.3,31.1,38.1,46.4,18.6,19.0,56.5,53.2,22.1,27.9,31.2,18.3,33.3,27.7,34.8,8.8,26.3,0.0,0.0,0.0,0.0,0.0,0.0,48.0,41.2,41.4,51.8,37.4,41.1,37.1,70.1,0.0,0.0,0.0,0.0,0.0,0.2,0.0,2394.1,24.00,36,35,35,68,103,383,2,2,Yes,No,No,No,No,No,No,No,No,No,Yes,No,No,Yes,No,No,No,No,No,No,No,Yes,No,No,No,No,No,No,No,No,No,No,No,No,No,No,No,No,85.0,4920,4860,4980,65.8,1.095,1.110,1.800,1.800,1.005,5.110,1.375,No,No,No,66.0,1.095,1.110,1.800,1.800,1.005,5.110,2.500,No,No,No,42,42,94.0,100.0,No,No,32291,48158,38,70,99.0,100.0,No,No,1856,3314,0.3,1.7,2.1,0.030,0.190,62637,43361,0.0,0.1,0.1,0.000,0.024,35003,12253,79.6,74.0,89.7,83.0,0.875,20.484,20.473,20.496,74.884,42.677,55.661,16.214,72.145,3.000,19.178,88.526,44.014,100.000,140.000,2250.0,2200.2,1890.0,2226.6,1905.0,76.0,27.0,0.0,10.0,70.8,17.6,70.4,0.0,0.0,0.0,Yes,No,No,No,No,Yes,No,0,0,0,0,0,0,0,0,0,4,0,0,0,0,0,0,0,0,0,0,0,0,0,0,0,0,0,0,0,0,2394,5794,5562,334,16.0,68,0.300,44.167,600.0,2394.0,0.1,0.0,0.0,0.0,0.0,0.0,0.0,0.0,0.0,2,16190,2,No,No,No,No,No,No,No,No,16.704,68.277,100.0,0.000,24.1,120,0,0,9.0,120.0,134.1,105.0,103.1,103.8,103.0,119.9,139.9,103.2,102.7,102.9,102.6,8.33,9.55,7.40,7.31,9.69,9.77,6.64,1.70,7.98,0.35,0.63,1446,246,8.9,2.8,0,0,0.0,0.0,0,
11.6.2026,17:27:35.328,25819,22949,52.9,20289,12095,62.6,9.2,16384,1501,1.203,1.236,1.220,1.183,1.203,1.203,1.208,1.202,1.202,1.202,1.187,1.187,1.202,1.202,1.202,1.061,0.781,3854.9,4489.0,4489.0,4489.0,4489.0,4489.0,4489.0,3591.2,3591.2,3591.2,3591.2,1895.4,3591.2,3591.2,3591.2,99.8,3890.5,1088.3,2392.1,416.8,2033.8,293.1,3046.1,907.7,3257.1,384.8,1677.7,199.2,1922.8,60.9,675.7,587.6,678.6,701.6,690.4,667.6,674.9,497.4,1202.2,27.0,55.2,9.7,47.0,5.5,68.4,20.6,72.9,9.1,39.4,4.9,44.5,0.3,20.9,18.0,21.3,23.0,21.4,21.3,21.0,15.9,72.9,27.0,100.0,47.2,94.4,16.3,79.4,11.4,118.5,35.3,127.4,15.4,65.5,7.8,75.1,2.4,38.2,33.3,38.8,40.5,39.3,38.1,38.3,28.7,47.2,38.6,45.0,45.0,45.0,45.0,45.0,45.0,36.0,36.0,36.0,36.0,19.0,36.0,36.0,36.0,39.0,70,75,70,75,74,70,71,69,69,69,69,68,68,68,68,30,25,30,25,26,30,29,31,31,31,31,32,32,32,32,79,75,No,No,No,No,No,No,No,No,No,No,No,No,No,No,No,No,No,No,No,No,No,No,No,No,No,No,No,No,No,No,No,No,No,No,No,No,No,No,No,No,No,No,No,No,No,No,No,No,79,74,68,1.100,32.907,42.686,35.119,0.002,5.600,0.715,175.0,175.0,175.0,175.0,0,0.0,0.0,26.9,54.7,9.3,46.8,6.6,68.0,20.2,72.9,8.6,39.2,4.4,44.5,1.4,20.8,17.8,21.3,22.8,21.3,21.0,20.8,15.7,39.1,38.7,47.5,17.2,20.6,55.9,52.3,42.9,51.5,41.9,28.4,45.8,43.0,49.3,13.0,20.1,0.0,0.0,0.0,0.0,0.0,0.0,31.1,26.1,31.2,42.4,27.6,30.8,25.3,66.9,0.0,0.0,0.0,0.0,0.0,0.0,0.0,2394.1,24.00,36,35,35,68,103,383,2,2,Yes,No,No,No,No,No,No,No,No,No,Yes,No,No,Yes,No,No,No,No,No,No,No,Yes,No,No,No,No,No,Yes,No,No,No,No,No,No,No,Yes,No,No,84.0,4920,4860,4980,65.8,1.095,1.110,1.800,1.800,0.990,5.110,1.375,No,No,No,66.0,1.095,1.110,1.800,1.800,1.005,5.110,1.000,No,No,No,42,42,94.0,100.0,No,No,32291,48158,38,70,99.0,100.0,No,No,1856,3314,0.0,2.0,2.1,0.016,0.074,62637,43361,0.0,0.0,0.0,0.000,0.000,35003,12253,78.6,74.0,88.0,83.0,0.875,20.475,20.462,20.488,74.875,32.508,55.876,16.226,72.384,3.000,19.197,16.914,43.957,100.000,140.000,2250.0,2200.2,1890.0,2226.1,1905.0,75.0,27.0,0.0,10.0,70.8,17.8,71.3,0.0,0.0,0.0,Yes,No,No,No,No,Yes,No,0,0,0,0,0,0,0,0,0,4,0,0,0,0,0,0,0,0,0,0,0,0,0,0,0,0,0,0,0,0,2394,5794,5562,334,16.0,68,0.300,40.188,600.0,2394.0,0.1,0.0,0.0,0.0,0.0,0.0,0.0,0.0,0.0,2,16190,2,No,No,No,No,No,No,No,No,16.703,68.277,100.0,0.000,24.1,120,0,0,9.2,120.0,137.1,109.0,106.5,107.4,106.2,120.0,141.9,105.4,103.2,104.1,103.0,8.33,9.15,7.44,7.26,9.29,9.41,6.65,1.68,7.97,0.36,0.56,1446,246,1.6,1.1,0,0,0.0,0.0,0,
11.6.2026,17:27:36.326,25820,22948,52.9,20282,12101,62.6,9.2,16384,1501,1.190,1.208,1.169,1.194,1.194,1.204,1.194,1.194,1.194,1.169,1.204,1.184,1.214,1.169,1.177,1.061,0.781,3612.6,4489.0,4489.0,4489.0,4489.0,4489.0,4489.0,3591.2,3591.2,3591.2,3591.2,1895.4,3591.2,1895.4,1895.4,99.8,3890.5,1080.8,2441.7,414.3,2051.7,257.4,3223.7,811.8,3230.1,377.1,1592.5,127.1,1933.5,79.2,655.8,614.6,676.0,660.4,729.0,719.9,596.6,424.4,1196.7,26.1,56.2,8.1,46.4,6.1,72.0,18.3,72.4,7.2,37.5,1.6,44.0,2.1,20.8,17.5,19.7,20.1,20.7,20.5,18.1,12.4,72.4,26.1,100.0,47.0,96.3,16.2,80.9,10.3,125.4,31.6,126.6,15.0,62.5,5.1,76.0,3.2,37.8,35.2,38.9,37.8,41.3,40.5,34.0,24.8,47.0,36.2,45.0,45.0,45.0,45.0,45.0,45.0,36.0,36.0,36.0,36.0,19.0,36.0,19.0,19.0,39.0,70,74,72,75,72,72,70,68,68,68,68,68,68,68,68,30,26,28,25,28,28,30,32,32,32,32,32,32,32,32,81,75,No,No,No,No,No,No,No,No,No,No,No,No,No,No,No,No,No,No,No,No,No,No,No,No,No,No,No,No,No,No,No,No,No,No,No,No,No,No,No,No,No,No,No,No,No,No,No,No,79,75,68,1.100,42.188,42.026,34.933,0.002,5.592,0.710,175.0,175.0,175.0,175.0,0,0.0,0.0,26.5,55.7,9.2,47.1,5.8,71.9,18.1,72.4,8.4,37.4,2.8,44.6,1.8,20.7,18.6,20.7,20.1,21.7,21.5,17.9,13.5,45.0,37.5,46.9,15.2,21.2,58.5,51.9,41.7,59.7,49.0,51.6,64.1,65.4,54.7,12.1,15.3,0.0,0.0,0.0,0.0,0.0,0.0,32.2,17.7,25.4,23.8,10.8,10.0,24.2,69.8,0.0,0.0,0.0,0.0,0.0,0.0,0.0,2394.1,24.00,36,35,35,68,103,383,2,2,Yes,No,No,No,No,No,No,No,No,No,Yes,No,No,Yes,No,No,No,No,No,No,No,Yes,No,No,No,No,No,No,No,No,No,No,No,No,No,No,No,No,85.0,4980,4740,4980,65.8,1.095,1.110,1.800,1.800,1.005,5.110,1.250,No,No,No,66.0,1.095,1.110,1.800,1.800,1.005,5.110,1.625,No,No,No,42,42,94.0,100.0,No,No,32291,48158,38,70,99.0,100.0,No,No,1856,3314,0.0,1.3,1.3,0.000,0.286,62637,43361,0.1,0.0,0.1,0.064,0.000,35003,12253,79.6,74.0,89.0,83.0,0.875,20.480,20.468,20.492,74.766,30.460,54.647,16.108,71.026,3.000,19.069,10.592,38.776,100.000,140.000,2250.0,2200.2,1890.0,2226.1,1905.0,74.0,26.0,0.0,10.0,70.8,17.5,69.9,0.0,0.0,0.0,Yes,No,No,No,No,Yes,No,0,0,0,0,0,0,0,0,0,4,0,0,0,0,0,0,0,0,0,0,0,0,0,0,0,0,0,0,0,0,2394,5794,5562,334,16.0,68,0.300,42.648,600.0,2394.0,0.1,0.0,0.0,0.0,0.0,0.0,0.0,0.0,0.0,2,16190,2,No,No,No,No,No,No,No,No,16.703,68.277,100.0,0.000,24.1,120,0,0,8.2,119.9,179.6,87.9,85.2,85.2,85.1,119.9,156.6,87.0,76.5,80.0,75.5,8.34,11.44,5.47,4.84,11.79,11.80,6.64,1.70,7.99,0.35,0.83,1446,246,1.9,2.0,0,0,0.0,0.0,0,
11.6.2026,17:27:37.321,25819,22949,52.9,20289,12095,62.6,9.2,16384,1501,1.201,1.218,1.179,1.179,1.174,1.194,1.194,1.194,1.214,1.209,1.199,1.219,1.209,1.209,1.223,1.061,0.781,3854.9,4489.0,4489.0,4489.0,4489.0,4489.0,4489.0,1895.4,3591.2,3591.2,3591.2,3591.2,3591.2,3591.2,3591.2,99.8,3890.5,1057.6,2357.8,463.8,1902.8,284.8,3145.7,854.3,3252.0,381.5,1717.0,89.7,1833.2,51.9,539.9,615.4,612.9,620.0,655.8,694.9,598.3,479.4,1170.2,25.4,53.6,10.7,44.0,5.3,70.6,18.1,72.3,8.8,39.4,0.9,42.8,0.0,15.1,18.7,18.6,17.3,19.9,20.9,16.9,15.0,72.3,25.4,100.0,45.8,93.1,18.1,74.7,11.2,122.4,33.3,127.3,15.1,67.2,3.6,72.0,2.1,31.4,35.1,35.1,35.4,37.8,39.8,34.2,28.0,45.9,38.6,45.0,45.0,45.0,45.0,45.0,45.0,19.0,36.0,36.0,36.0,36.0,36.0,36.0,36.0,39.0,69,71,71,75,72,69,69,68,68,68,68,68,68,68,68,31,29,29,25,28,31,31,32,32,32,32,32,32,32,32,79,75,No,No,No,No,No,No,No,No,No,No,No,No,No,No,No,No,No,No,No,No,No,No,No,No,No,No,No,No,No,No,No,No,No,No,No,No,No,No,No,No,No,No,No,No,No,No,No,No,79,75,68,1.100,21.094,44.408,37.178,0.002,5.592,0.710,175.0,175.0,175.0,175.0,0,0.0,0.0,25.7,53.8,10.3,43.8,6.3,70.2,19.0,72.7,8.5,40.1,2.0,42.6,1.2,16.2,18.4,18.3,18.3,19.7,20.6,17.9,14.6,46.7,38.4,49.8,15.9,20.4,56.7,54.3,40.9,53.4,56.1,56.6,54.5,67.7,62.8,26.2,14.6,0.0,0.0,0.0,0.0,0.0,0.0,37.7,23.7,21.4,20.7,21.1,8.4,15.8,55.2,0.0,0.0,0.0,0.0,0.0,0.0,0.0,2394.1,24.00,36,35,35,68,103,383,2,2,Yes,No,No,No,No,No,No,No,No,No,Yes,No,No,Yes,No,No,No,No,No,No,No,Yes,No,No,No,No,No,No,No,No,No,No,No,No,No,No,No,No,84.0,5040,4740,4980,65.8,1.095,1.110,1.800,1.800,1.005,5.110,1.125,No,No,No,66.0,1.110,1.110,1.800,1.800,1.005,5.110,2.750,No,No,No,42,42,94.0,100.0,No,No,32291,48158,38,70,99.0,100.0,No,No,1856,3314,0.0,0.6,0.6,0.000,0.014,62637,43361,0.0,0.0,0.0,0.000,0.000,35003,12253,79.2,74.0,89.3,83.0,0.875,20.472,20.460,20.485,74.847,43.356,55.995,16.224,72.495,3.000,19.194,97.303,39.281,100.000,140.000,2250.0,2200.2,1890.0,2225.6,1905.0,75.0,27.0,0.0,10.0,70.8,17.8,71.1,0.0,0.0,0.0,Yes,No,No,No,No,Yes,No,0,0,0,0,0,0,0,0,0,4,0,0,0,0,0,0,0,0,0,0,0,0,0,0,0,0,0,0,0,0,2394,5794,5562,334,16.0,68,0.300,46.191,600.0,2394.0,0.1,0.0,0.0,0.0,0.0,0.0,0.0,0.0,0.0,2,16190,2,No,No,No,No,No,No,No,No,16.703,68.277,100.0,0.000,24.1,120,0,0,7.7,120.0,136.5,107.8,91.3,97.7,89.6,120.1,150.8,97.0,90.3,92.5,89.7,8.33,9.25,7.32,5.56,10.21,11.15,6.63,1.70,7.99,0.35,0.72,1446,246,1.8,1.2,0,0,0.0,0.0,0,
11.6.2026,17:27:38.317,25817,22951,52.9,20283,12101,62.6,9.2,16384,1501,1.176,1.223,1.197,1.182,1.183,1.183,1.163,1.163,1.163,1.163,1.153,1.158,1.158,1.183,1.183,1.061,0.781,3976.0,4489.0,4489.0,4489.0,4489.0,4489.0,4489.0,3591.2,3591.2,3591.2,3591.2,3591.2,3591.2,3591.2,3591.2,99.8,3890.5,1087.3,2507.5,342.0,1997.3,237.8,3090.8,872.7,3320.5,302.1,1719.0,150.5,1940.0,79.5,714.0,704.1,665.5,601.2,719.1,746.7,658.6,377.6,1202.8,27.1,57.8,7.7,46.0,6.9,69.4,19.6,74.2,6.8,40.5,5.1,45.0,4.8,21.5,21.3,20.1,17.9,21.7,23.0,19.6,12.4,74.2,27.1,100.0,47.2,98.8,13.5,78.2,9.4,120.4,34.0,130.2,12.0,67.2,5.9,76.0,3.1,40.9,40.0,37.7,34.6,40.9,41.9,37.9,21.7,47.2,39.9,45.0,45.0,45.0,45.0,45.0,45.0,36.0,36.0,36.0,36.0,36.0,36.0,36.0,36.0,39.0,70,75,71,75,71,71,71,67,67,67,67,68,68,68,68,30,25,29,25,29,29,29,33,33,33,33,32,32,32,32,79,75,No,No,No,No,No,No,No,No,No,No,No,No,No,No,No,No,No,No,No,No,No,No,No,No,No,No,No,No,No,No,No,No,No,No,No,No,No,No,No,No,No,No,No,No,No,No,No,No,79,79,68,1.100,19.407,46.611,39.454,0.002,5.576,0.704,175.0,175.0,175.0,175.0,0,0.0,0.0,26.7,57.5,7.7,46.0,5.3,69.1,19.5,74.3,6.7,40.5,3.4,45.0,1.8,21.5,21.4,20.2,18.0,21.8,23.0,19.8,12.4,47.5,36.9,48.7,15.9,20.5,55.3,51.5,51.3,68.3,60.2,52.4,64.6,72.7,55.5,11.6,12.6,0.0,0.0,0.0,0.0,0.0,0.0,22.4,7.1,15.9,25.2,10.2,1.7,21.0,72.7,0.0,0.0,0.0,0.0,0.0,0.0,0.0,2394.1,24.00,36,35,35,68,103,383,2,2,Yes,No,No,No,No,No,No,No,No,No,Yes,No,No,Yes,No,No,No,No,No,No,No,Yes,No,No,No,No,No,Yes,No,No,No,No,No,No,No,Yes,No,No,84.0,4920,4860,4980,65.8,1.110,1.110,1.800,1.800,1.005,5.110,1.625,No,No,No,66.0,1.110,1.110,1.800,1.800,1.005,5.110,1.500,No,No,No,42,42,94.0,100.0,No,No,32291,48158,38,70,99.0,100.0,No,No,1856,3314,1.5,0.6,2.0,0.335,0.170,62637,43361,0.0,0.1,0.1,0.000,0.016,35003,12253,78.6,74.0,88.0,83.0,0.875,20.468,20.456,20.480,74.912,31.357,55.795,16.283,72.336,3.000,19.243,10.735,42.110,100.000,140.000,2250.0,2200.2,1890.0,2225.8,1905.0,75.0,27.0,0.0,10.0,70.8,17.6,70.4,0.0,0.0,0.0,Yes,No,No,No,No,Yes,No,0,0,0,0,0,0,0,0,0,4,0,0,0,0,0,0,0,0,0,0,0,0,0,0,0,0,0,0,0,0,2394,5794,5562,334,16.0,68,0.300,47.430,600.0,2394.0,0.1,0.0,0.0,0.0,0.0,0.0,0.0,0.0,0.0,2,16190,2,No,No,No,No,No,No,No,No,16.703,68.277,100.0,0.000,24.1,120,0,0,8.6,120.0,138.2,107.3,106.6,106.9,106.6,120.0,141.7,105.9,105.1,105.4,105.1,8.33,9.37,7.22,6.98,9.38,9.38,6.64,1.70,7.98,0.35,0.63,1446,246,2.4,1.3,0,0,0.0,0.0,0,
11.6.2026,17:27:39.316,25985,22783,53.2,20308,12076,62.7,9.2,16384,1501,1.192,1.175,1.182,1.197,1.197,1.192,1.192,1.197,1.197,1.187,1.187,1.187,1.187,1.187,1.225,1.061,0.781,3976.0,4489.0,4489.0,4489.0,4489.0,4489.0,4489.0,3591.2,3591.2,3591.2,3591.2,3591.2,3591.2,3591.2,3591.2,99.8,3890.5,1147.8,2391.2,597.7,2060.2,487.2,2452.6,1643.9,3008.9,794.5,1642.0,295.4,1979.9,119.8,664.9,697.4,678.2,661.3,690.3,771.9,645.6,673.3,1260.9,28.1,55.0,13.7,47.4,11.1,55.1,36.8,67.5,17.8,38.4,6.9,45.8,3.0,20.0,21.1,20.0,19.8,20.2,23.0,19.2,20.4,67.5,28.1,100.0,49.8,94.4,23.6,80.5,19.1,95.8,64.0,117.9,31.1,64.2,11.7,77.6,4.9,38.1,39.1,38.5,37.7,39.7,44.2,36.9,38.0,49.9,39.9,45.0,45.0,45.0,45.0,45.0,45.0,36.0,36.0,36.0,36.0,36.0,36.0,36.0,36.0,39.0,72,77,73,76,74,75,74,70,70,70,70,70,70,70,70,28,23,27,24,26,25,26,30,30,30,30,30,30,30,30,81,77,No,No,No,No,No,No,No,No,No,No,No,No,No,No,No,No,No,No,No,No,No,No,No,No,No,No,No,No,No,No,No,No,No,No,No,No,No,No,No,No,No,No,No,No,No,No,No,No,79,73,68,1.100,37.126,47.896,40.736,0.002,5.595,0.707,175.0,175.0,175.0,175.0,0,0.0,0.0,28.0,54.5,13.4,47.3,10.9,54.7,36.6,67.3,17.7,38.3,6.7,45.7,2.7,19.9,20.9,19.9,19.8,20.2,23.0,19.0,20.6,44.9,37.1,43.8,15.4,19.4,55.6,50.8,39.3,65.3,57.2,47.3,49.2,54.3,55.9,37.6,14.0,0.0,0.0,0.3,0.1,0.0,0.0,35.6,10.8,18.9,28.2,25.8,18.2,20.9,37.4,0.1,0.0,0.2,0.2,0.0,0.0,0.0,2394.1,24.00,36,35,35,68,103,383,2,2,Yes,No,No,No,No,No,No,No,No,No,Yes,No,No,Yes,No,No,No,No,No,No,No,Yes,No,No,No,No,No,Yes,No,No,No,No,No,No,No,Yes,No,No,85.0,5040,4800,4980,65.8,1.110,1.110,1.815,1.800,1.005,5.110,2.250,No,No,No,66.0,1.110,1.110,1.800,1.800,1.005,5.110,1.250,No,No,No,42,42,94.0,100.0,No,No,32291,48158,38,70,99.0,100.0,No,No,1856,3314,0.0,1.2,1.2,0.000,0.319,62637,43362,1.7,0.1,1.8,16.937,0.004,35019,12253,79.6,74.0,89.1,83.0,0.875,20.492,20.482,20.503,74.418,30.175,51.147,15.566,66.984,3.000,18.528,10.687,45.314,100.000,140.000,2250.0,2200.2,1890.0,2226.2,1905.0,71.0,25.0,0.0,9.0,72.3,17.5,70.1,0.0,0.0,0.0,Yes,No,No,No,No,Yes,No,0,0,0,0,0,0,0,0,0,4,0,0,0,0,0,0,0,0,0,0,0,0,0,0,0,0,0,0,0,0,2266,5922,5690,334,16.0,68,0.300,47.508,600.0,2394.0,0.2,0.0,0.0,0.0,0.0,0.0,0.0,0.0,0.0,2,16190,2,No,No,No,No,No,No,No,No,16.703,68.277,100.0,0.000,24.1,118,0,0,8.0,118.0,163.5,72.1,46.4,54.4,44.4,117.9,200.7,57.0,48.9,51.1,48.2,8.47,13.88,5.90,5.76,18.37,22.50,7.28,1.20,8.12,0.35,1.17,1446,246,1.2,1.0,0,0,0.0,0.0,0,
11.6.2026,17:27:40.315,25851,22916,53.0,20325,12058,62.7,9.2,16384,1501,1.179,1.214,1.209,1.209,1.148,1.188,1.188,1.177,1.172,1.172,1.143,1.182,1.153,1.172,1.184,1.061,0.778,3976.0,4489.0,4489.0,4489.0,4489.0,4489.0,4489.0,3591.2,3591.2,3591.2,3591.2,3591.2,3591.2,3591.2,3591.2,99.8,3890.5,1134.8,2356.6,557.2,1955.9,550.1,2342.5,1605.8,3029.3,849.5,1631.4,168.5,1831.8,192.4,505.7,728.9,741.3,773.3,688.4,828.2,675.0,684.3,1238.8,28.1,54.3,12.5,45.0,12.3,52.5,35.9,67.7,19.2,38.4,3.9,42.5,4.5,15.2,22.3,22.5,24.2,21.2,25.8,20.8,22.1,67.7,28.1,100.0,49.4,92.9,21.8,76.6,21.4,91.5,62.6,118.3,33.4,63.8,6.7,71.7,7.5,29.5,40.7,42.0,43.4,39.0,46.7,38.1,39.5,49.3,39.9,45.0,45.0,45.0,45.0,45.0,45.0,36.0,36.0,36.0,36.0,36.0,36.0,36.0,36.0,39.0,71,73,71,75,74,71,73,69,69,69,69,69,69,69,69,29,27,29,25,26,29,27,31,31,31,31,31,31,31,31,79,75,No,No,No,No,No,No,No,No,No,No,No,No,No,No,No,No,No,No,No,No,No,No,No,No,No,No,No,No,No,No,No,No,No,No,No,No,No,No,No,No,No,No,No,No,No,No,No,No,79,75,68,1.100,36.282,45.934,38.699,0.002,5.614,0.719,175.0,175.0,175.0,175.0,0,0.0,0.0,28.1,53.9,12.4,44.9,12.2,52.3,35.8,67.8,19.0,38.4,3.8,42.5,4.3,15.4,22.4,22.7,24.3,21.2,25.8,20.9,21.9,44.7,38.3,44.9,18.9,17.7,57.7,52.4,23.7,59.2,56.4,54.4,51.8,61.1,56.7,32.9,13.8,0.0,0.0,0.0,0.2,0.0,0.0,54.4,14.6,16.9,17.3,22.6,9.6,18.3,39.7,0.0,0.0,0.1,0.1,0.0,0.0,0.0,2394.1,24.00,36,35,35,68,103,383,2,2,Yes,No,No,No,No,No,No,No,No,No,Yes,No,No,Yes,No,No,No,No,No,No,No,Yes,No,No,No,No,No,No,No,No,No,No,No,No,No,No,No,No,85.0,4920,4860,4980,65.8,1.110,1.110,1.815,1.815,1.005,5.110,1.625,No,No,No,66.0,1.110,1.110,1.815,1.800,1.005,5.110,1.500,No,No,No,42,42,94.0,100.0,No,No,32291,48158,38,70,99.0,100.0,No,No,1856,3314,0.0,1.2,1.2,0.000,0.143,62637,43362,0.0,0.0,0.0,0.000,0.000,35019,12253,81.0,76.0,91.4,83.0,0.875,20.455,20.440,20.470,82.500,34.960,62.638,17.272,80.181,3.000,20.232,14.092,47.308,100.000,140.000,2250.0,2200.2,1890.0,2225.6,1905.0,83.0,30.0,0.0,10.0,70.8,20.1,80.4,0.0,0.0,0.0,Yes,No,No,No,No,Yes,No,0,0,0,0,0,0,0,0,0,4,0,0,0,0,0,0,0,0,0,0,0,0,0,0,0,0,0,0,0,0,2393,5795,5564,334,16.0,68,0.300,45.660,600.0,2394.0,0.1,0.0,0.0,0.0,0.0,0.0,0.0,0.0,0.0,2,16190,2,No,No,No,No,No,No,No,No,16.703,68.277,100.0,0.000,24.1,120,0,0,9.2,119.8,143.4,105.2,83.6,91.6,81.4,119.8,152.9,98.2,84.1,89.6,82.6,8.35,9.46,6.94,5.29,10.85,12.21,7.25,1.10,7.99,0.36,0.83,1446,246,1.3,1.0,0,0,0.0,0.0,0,
11.6.2026,17:27:41.327,25818,22950,52.9,20304,12080,62.6,9.2,16384,1501,1.224,1.251,1.241,1.236,1.217,1.232,1.232,1.197,1.197,1.202,1.197,1.252,1.232,1.237,1.207,1.061,0.778,3833.5,4489.0,4688.5,4489.0,4489.0,4489.0,4489.0,3591.2,3591.2,3591.2,2493.9,3591.2,3591.2,3591.2,2493.9,99.8,3890.5,1189.8,2376.7,604.5,1992.4,680.2,2000.8,2197.8,2693.1,1139.9,1655.6,202.8,1986.6,253.6,650.1,788.8,729.8,745.8,707.6,850.0,731.7,809.0,1293.7,29.6,54.7,12.3,45.9,14.0,45.1,49.1,60.2,25.5,39.0,4.7,46.0,5.8,20.6,24.9,23.8,23.5,21.7,26.4,22.4,25.7,60.2,29.6,100.0,52.0,93.7,23.7,77.9,26.5,78.3,85.7,105.4,44.7,64.9,8.1,77.9,10.0,37.6,44.5,41.8,42.3,40.7,48.1,41.8,46.2,52.0,38.4,45.0,47.0,45.0,45.0,45.0,45.0,36.0,36.0,36.0,25.0,36.0,36.0,36.0,25.0,39.0,70,70,71,75,75,70,69,68,68,68,68,68,68,68,68,30,30,29,25,25,30,31,32,32,32,32,32,32,32,32,79,75,No,No,No,No,No,No,No,No,No,No,No,No,No,No,No,No,No,No,No,No,No,No,No,No,No,No,No,No,No,No,No,No,No,No,No,No,No,No,No,No,No,No,No,No,No,No,No,No,79,76,68,1.100,43.032,48.085,40.875,0.002,5.593,0.714,175.0,175.0,175.0,175.0,0,0.0,0.0,29.5,54.3,13.5,45.8,15.2,44.8,48.9,60.2,25.4,38.9,4.5,45.7,5.6,20.5,24.6,23.6,23.2,21.6,26.4,22.3,25.6,41.5,38.2,42.5,14.8,20.0,57.2,48.2,19.1,56.6,42.8,54.4,42.1,61.5,49.9,33.2,15.3,0.0,0.0,0.3,0.0,0.0,0.0,53.9,14.8,28.5,18.3,30.9,8.5,23.1,35.4,0.1,0.0,0.0,0.3,0.0,0.0,0.1,2394.1,24.00,36,35,35,68,103,383,2,2,Yes,No,No,No,No,No,No,No,No,No,Yes,No,No,Yes,No,No,No,No,No,No,No,Yes,No,No,No,No,No,Yes,No,No,No,No,No,No,No,Yes,No,No,84.0,4920,4860,4980,65.8,1.110,1.110,1.815,1.800,0.990,5.110,2.000,No,No,No,66.2,1.110,1.110,1.815,1.800,0.990,5.110,1.375,No,No,No,42,42,94.0,100.0,No,No,32291,48158,38,70,99.0,100.0,No,No,1856,3314,0.0,0.6,0.6,0.000,0.011,62637,43362,0.1,0.0,0.1,0.064,0.000,35020,12253,82.7,74.0,94.7,83.0,0.875,20.450,20.436,20.463,81.588,42.285,58.895,16.758,75.918,3.000,19.728,86.489,35.207,100.000,140.000,2250.0,2200.2,1890.0,2221.1,1905.0,80.0,29.0,0.0,10.0,70.8,19.6,78.5,0.0,0.0,0.0,Yes,No,No,No,No,Yes,No,0,0,0,0,0,0,0,0,0,4,0,0,0,0,0,0,0,0,0,0,0,0,0,0,0,0,0,0,0,0,2395,5793,5562,334,16.0,68,0.300,49.204,600.0,2394.0,0.1,0.0,0.0,0.0,0.0,0.0,0.0,0.0,0.0,2,16190,2,No,No,No,No,No,No,No,No,16.703,68.277,100.0,0.000,24.1,120,0,0,9.8,119.8,146.2,94.1,69.7,78.1,67.5,119.7,165.5,85.3,57.2,66.3,54.9,8.35,10.64,6.75,5.48,12.85,14.88,7.79,0.56,8.00,0.34,1.03,1446,246,1.8,2.7,0,0,0.0,0.0,0,
11.6.2026,17:27:42.324,25822,22946,52.9,20304,12080,62.6,9.2,16384,1501,1.189,1.207,1.191,1.192,1.192,1.172,1.177,1.177,1.192,1.192,1.157,1.212,1.217,1.192,1.177,1.061,0.781,3854.9,4489.0,4489.0,4489.0,4489.0,4489.0,4489.0,3591.2,3591.2,3591.2,3591.2,3591.2,3591.2,3591.2,1895.4,99.8,3890.5,1114.2,2310.2,595.9,2014.9,381.3,2635.4,1500.9,3095.3,622.6,1640.7,108.5,1953.6,113.8,488.6,712.2,666.7,717.0,644.3,770.3,641.6,670.7,1222.3,27.4,53.2,14.7,46.3,10.0,59.1,33.4,69.2,13.9,38.5,2.6,45.0,2.7,14.6,21.3,20.3,21.7,18.9,23.0,18.8,20.3,69.2,27.4,100.0,48.3,91.3,23.2,78.8,14.9,102.5,58.5,121.5,24.5,64.3,4.4,76.6,4.5,28.2,39.9,37.8,40.3,36.9,44.0,36.5,38.4,48.3,38.6,45.0,45.0,45.0,45.0,45.0,45.0,36.0,36.0,36.0,36.0,36.0,36.0,36.0,19.0,39.0,70,74,73,75,71,72,70,69,69,69,69,68,68,68,68,30,26,27,25,29,28,30,31,31,31,31,32,32,32,32,81,75,No,No,No,No,No,No,No,No,No,No,No,No,No,No,No,No,No,No,No,No,No,No,No,No,No,No,No,No,No,No,No,No,No,No,No,No,No,No,No,No,No,No,No,No,No,No,No,No,79,77,68,1.100,37.969,50.288,43.154,0.003,5.643,0.729,175.0,175.0,175.0,175.0,0,0.0,0.0,27.2,52.8,13.2,46.3,8.5,58.8,33.4,69.2,13.9,38.6,2.4,45.0,2.5,14.7,21.3,20.3,21.7,18.9,22.9,18.9,20.4,50.3,38.4,46.6,15.4,20.3,58.2,51.1,31.3,67.9,69.9,66.0,60.5,70.3,66.0,42.1,9.8,0.0,0.0,0.2,0.0,0.0,0.0,48.4,7.7,6.8,9.1,16.7,3.7,11.6,32.7,0.0,0.0,0.0,0.0,0.0,0.0,0.0,2394.1,24.00,36,35,35,68,103,383,2,2,Yes,No,No,No,No,No,No,No,No,No,Yes,No,No,Yes,No,No,No,No,No,No,No,Yes,No,No,No,No,No,Yes,No,No,No,No,No,No,No,Yes,No,No,84.0,5040,4920,4980,66.0,1.110,1.110,1.815,1.800,0.990,5.110,2.000,No,No,No,66.2,1.110,1.110,1.815,1.800,0.990,5.110,1.000,No,No,No,42,42,94.0,100.0,No,No,32291,48158,38,70,99.0,100.0,No,No,1856,3314,0.0,2.1,2.1,0.000,0.110,62637,43362,0.0,0.0,0.0,0.000,0.000,35020,12253,81.7,74.0,92.5,83.0,0.875,20.452,20.437,20.467,86.198,44.242,62.631,17.249,80.148,3.000,20.212,76.578,49.875,100.000,140.000,2250.0,2200.2,1890.0,2221.6,1905.0,84.0,30.0,0.0,10.0,70.8,21.2,84.8,0.0,0.0,0.0,Yes,No,No,No,No,Yes,No,0,0,0,0,0,0,0,0,0,4,0,0,0,0,0,0,0,0,0,0,0,0,0,0,0,0,0,0,0,0,2395,5793,5562,334,16.0,68,0.300,49.037,600.0,2394.0,0.1,0.0,0.0,0.0,0.0,0.0,0.0,0.0,0.0,2,16190,2,No,No,No,No,No,No,No,No,16.703,68.277,100.0,0.000,24.1,120,0,0,7.5,120.1,138.2,107.0,104.3,105.4,103.9,120.0,143.0,102.1,100.2,101.0,99.9,8.33,9.35,7.21,6.88,9.48,9.60,7.25,1.08,7.97,0.36,0.73,1446,246,1.2,0.8,0,0,0.0,0.0,0,
11.6.2026,17:27:43.322,25824,22944,52.9,20306,12077,62.7,9.2,16384,1501,1.220,1.232,1.192,1.224,1.194,1.184,1.209,1.243,1.238,1.248,1.203,1.233,1.208,1.228,1.243,1.061,0.781,3976.0,4489.0,4489.0,4489.0,4489.0,4489.0,4489.0,3591.2,3591.2,3591.2,3591.2,3591.2,3591.2,3591.2,3591.2,99.8,3890.5,1120.1,2496.4,536.9,2054.7,373.1,3179.9,921.5,3081.4,625.6,1696.1,83.2,2009.1,66.7,590.8,754.7,638.5,661.4,643.8,751.0,642.1,595.7,1235.6,26.4,56.8,10.9,46.5,7.2,71.0,19.6,68.4,12.9,38.9,0.7,45.8,0.3,16.4,21.2,17.9,18.7,17.9,21.4,17.9,17.2,71.0,26.4,100.0,48.6,98.1,21.0,80.3,14.6,123.4,36.1,120.9,24.7,66.3,3.4,78.7,2.7,34.5,43.2,36.7,37.5,36.9,42.1,36.8,34.1,48.6,39.9,45.0,45.0,45.0,45.0,45.0,45.0,36.0,36.0,36.0,36.0,36.0,36.0,36.0,36.0,39.0,70,72,72,75,70,72,69,68,68,68,68,70,70,70,68,30,28,28,25,30,28,31,32,32,32,32,30,30,30,32,79,75,No,No,No,No,No,No,No,No,No,No,No,No,No,No,No,No,No,No,No,No,No,No,No,No,No,No,No,No,No,No,No,No,No,No,No,No,No,No,No,No,No,No,No,No,No,No,No,No,79,74,68,1.100,28.688,45.221,37.981,0.002,5.598,0.712,175.0,175.0,175.0,175.0,0,0.0,0.0,27.3,57.0,11.9,47.2,8.3,71.0,20.5,68.8,13.9,39.7,1.9,46.4,1.5,17.5,22.2,18.9,19.7,19.1,22.4,19.0,18.2,44.5,35.7,45.8,15.0,20.2,57.4,50.4,32.5,61.1,50.0,57.8,47.0,62.9,53.2,34.5,14.8,0.0,0.0,0.0,0.0,0.0,0.0,44.1,12.7,26.2,18.5,28.9,11.4,23.4,42.2,0.0,0.0,0.0,0.0,0.0,0.0,0.0,2394.1,24.00,36,35,35,68,103,383,2,2,Yes,No,No,No,No,No,No,No,No,No,Yes,No,No,Yes,No,No,No,No,No,No,No,Yes,No,No,No,No,No,No,No,No,No,No,No,No,No,No,No,No,85.0,5040,5040,4980,66.0,1.095,1.110,1.815,1.800,0.990,5.110,1.500,No,No,No,66.2,1.095,1.110,1.815,1.800,0.990,5.110,1.125,No,No,No,42,42,94.0,100.0,No,No,32291,48158,38,70,99.0,100.0,No,No,1856,3314,0.0,2.7,2.7,0.000,0.121,62637,43362,0.1,0.0,0.1,0.646,0.000,35020,12253,83.3,76.0,94.1,83.0,0.875,20.420,20.401,20.439,82.922,46.085,71.519,18.626,90.421,3.000,21.603,61.394,56.033,100.000,140.000,2250.0,2200.2,1890.0,2140.3,1905.0,89.0,32.0,0.0,11.0,70.8,20.0,80.1,0.0,0.0,0.0,Yes,No,No,No,No,Yes,No,0,0,0,0,0,0,0,0,0,4,0,0,0,0,0,0,0,0,0,0,0,0,0,0,0,0,0,0,0,0,2395,5793,5562,334,16.0,68,0.297,44.526,600.0,2394.0,0.1,0.0,0.0,0.0,0.0,0.0,0.0,0.0,0.0,2,16190,2,No,No,No,No,No,No,No,No,16.703,68.277,100.0,0.000,24.1,120,0,0,8.4,119.7,157.3,100.6,90.8,94.8,89.7,119.7,151.7,93.0,85.1,88.3,84.2,8.35,9.96,6.41,6.11,10.57,11.18,7.80,0.56,8.00,0.35,0.93,1446,246,1.3,0.9,0,0,0.0,0.0,0,
11.6.2026,17:27:44.320,25825,22943,52.9,20306,12078,62.7,9.2,16384,1501,1.173,1.194,1.184,1.199,1.169,1.169,1.169,1.164,1.164,1.144,1.159,1.199,1.154,1.179,1.179,1.061,0.781,3976.0,4489.0,4489.0,4489.0,4489.0,4489.0,4489.0,3591.2,3591.2,3591.2,3591.2,3591.2,3591.2,3591.2,3591.2,99.8,3890.5,1105.4,2372.4,520.2,2009.2,364.0,2995.1,1076.5,3197.1,486.5,1640.8,129.9,2003.3,42.6,515.8,721.9,654.8,669.6,677.8,802.2,706.2,522.1,1212.5,27.1,54.6,11.7,46.3,8.3,67.3,24.0,71.4,10.9,38.7,3.1,46.2,1.1,14.9,21.5,19.3,20.0,20.5,24.2,21.3,16.1,71.4,27.1,100.0,47.9,93.9,20.3,78.4,14.2,116.4,41.8,125.3,19.1,64.6,5.1,78.2,1.7,30.3,40.7,37.1,37.9,38.8,45.0,39.8,30.1,47.9,39.9,45.0,45.0,45.0,45.0,45.0,45.0,36.0,36.0,36.0,36.0,36.0,36.0,36.0,36.0,39.0,70,74,73,75,72,71,74,69,69,69,69,68,68,68,68,30,26,27,25,28,29,26,31,31,31,31,32,32,32,32,79,75,No,No,No,No,No,No,No,No,No,No,No,No,No,No,No,No,No,No,No,No,No,No,No,No,No,No,No,No,No,No,No,No,No,No,No,No,No,No,No,No,No,No,No,No,No,No,No,No,81,75,68,1.100,34.594,45.841,38.658,0.002,5.617,0.722,175.0,175.0,175.0,175.0,0,0.0,0.0,27.0,54.3,11.6,46.3,8.1,67.0,23.9,71.5,10.8,38.6,2.9,46.3,1.0,15.0,21.5,19.4,20.0,20.4,24.2,21.3,16.2,46.0,38.0,46.2,15.3,20.2,57.4,51.0,33.4,69.0,57.3,57.8,50.8,65.2,62.9,19.8,13.8,0.0,0.0,0.0,0.0,0.0,0.0,45.7,6.4,19.2,18.3,24.3,7.5,12.3,58.9,0.0,0.0,0.1,0.0,0.0,0.0,0.0,2394.1,24.00,36,35,35,68,103,383,2,2,Yes,No,No,No,No,No,No,No,No,No,Yes,No,No,Yes,No,No,No,No,No,No,No,Yes,No,No,No,No,No,No,No,No,No,No,No,No,No,No,No,No,84.0,4980,5040,4980,66.0,1.095,1.110,1.815,1.800,0.990,5.110,2.125,No,No,No,66.2,1.095,1.110,1.815,1.800,0.990,5.110,1.625,No,No,No,42,42,94.0,100.0,No,No,32291,48158,38,70,99.0,100.0,No,No,1856,3314,0.4,3.2,3.6,0.153,0.154,62637,43362,0.2,0.1,0.3,0.692,0.036,35021,12253,82.3,76.0,92.7,83.0,0.865,20.459,20.443,20.475,85.879,35.008,63.789,17.315,81.368,3.000,20.293,11.337,47.951,100.000,140.000,2190.0,2200.2,1875.0,2140.3,1890.0,85.0,30.0,0.0,10.0,70.8,20.9,83.7,0.0,0.0,0.0,Yes,No,Yes,No,No,No,No,0,0,0,0,0,0,0,0,0,4,0,0,0,0,0,0,0,0,0,0,0,0,0,0,0,0,0,0,0,0,2395,5793,5562,334,16.0,68,0.300,46.909,600.0,2394.0,0.1,0.0,0.0,0.0,0.0,0.0,0.0,0.0,0.0,2,16190,2,No,No,No,No,No,No,No,No,16.703,68.277,100.0,0.000,24.1,120,0,0,8.4,119.9,143.0,99.9,98.6,99.1,98.4,120.1,151.0,96.4,90.0,92.7,89.2,8.34,10.04,6.82,6.79,10.13,10.22,7.43,0.90,7.98,0.36,0.98,1446,246,1.6,1.1,0,0,0.0,0.0,0,
11.6.2026,17:27:45.318,25825,22942,52.9,20305,12079,62.7,9.2,16384,1501,1.217,1.211,1.230,1.206,1.201,1.215,1.230,1.255,1.235,1.225,1.225,1.200,1.210,1.200,1.200,1.061,0.781,3726.6,4688.5,798.0,4489.0,4489.0,4489.0,4489.0,3591.2,3591.2,3591.2,3591.2,3591.2,3591.2,3591.2,3591.2,99.8,3890.5,1133.0,2352.8,597.3,2029.7,472.8,2810.2,1156.9,3183.8,673.9,1640.3,139.0,2034.2,117.7,523.3,772.1,705.5,668.8,653.6,803.4,649.5,674.7,1242.4,27.9,54.1,13.5,46.8,10.7,63.2,25.9,71.2,15.2,38.7,3.3,47.0,2.9,15.6,23.5,21.4,20.1,20.0,24.0,19.4,21.0,71.2,27.9,100.0,49.2,92.9,23.3,79.3,18.4,109.6,45.1,125.1,26.6,64.3,5.5,79.7,4.6,30.4,43.4,39.9,38.1,36.9,45.4,37.0,38.8,49.2,37.4,47.0,8.0,45.0,45.0,45.0,45.0,36.0,36.0,36.0,36.0,36.0,36.0,36.0,36.0,39.0,70,72,73,74,71,71,69,69,69,69,69,68,68,68,68,30,28,27,26,29,29,31,31,31,31,31,32,32,32,32,79,74,No,No,No,No,No,No,No,No,No,No,No,No,No,No,No,No,No,No,No,No,No,No,No,No,No,No,No,No,No,No,No,No,No,No,No,No,No,No,No,No,No,No,No,No,No,No,No,No,79,73,68,1.100,56.532,45.196,37.951,0.002,5.610,0.713,175.0,175.0,175.0,175.0,0,0.0,0.0,27.7,53.7,13.3,46.7,10.5,62.8,25.7,71.1,15.0,38.6,3.1,46.9,2.6,15.6,23.4,21.3,20.0,20.0,23.9,19.5,20.9,48.0,37.5,44.2,17.6,17.8,57.6,48.9,26.9,64.4,71.7,62.9,55.1,69.3,58.3,40.6,11.1,0.0,0.0,0.1,0.0,0.0,0.0,51.7,9.0,4.2,13.4,20.9,3.8,18.3,33.6,0.0,0.0,0.1,0.0,0.0,0.0,0.0,2394.1,24.00,36,35,35,68,103,383,2,2,Yes,No,No,No,No,No,No,No,No,No,Yes,No,No,Yes,No,No,No,No,No,No,No,Yes,No,No,No,No,No,Yes,No,No,No,No,No,No,No,Yes,No,No,85.0,4980,5040,4980,66.0,1.095,1.110,1.800,1.800,0.990,5.110,1.500,No,No,No,66.2,1.095,1.110,1.800,1.800,0.990,5.110,1.250,No,No,No,42,42,94.0,100.0,No,No,32291,48158,38,70,99.0,100.0,No,No,1856,3314,0.1,12.3,12.4,0.036,0.093,62637,43362,0.1,0.0,0.1,0.129,0.000,35021,12253,81.4,76.0,91.9,83.0,0.875,20.453,20.438,20.468,83.469,40.731,64.235,17.454,81.956,3.000,20.431,49.886,48.156,100.000,140.000,2250.0,2200.2,1890.0,2213.7,1905.0,83.0,29.0,0.0,10.0,70.8,19.9,79.7,0.0,0.0,0.0,Yes,No,No,No,No,Yes,No,0,0,0,0,0,0,0,0,0,4,0,0,0,0,0,0,0,0,0,0,0,0,0,0,0,0,0,0,0,0,2395,5793,5562,334,16.0,68,0.300,45.295,600.0,2394.0,0.1,0.0,0.0,0.0,0.0,0.0,0.0,0.0,0.0,2,16190,2,No,No,No,No,No,No,No,No,16.704,68.277,100.0,0.000,24.1,120,0,0,8.8,120.0,150.7,101.8,100.7,101.1,100.6,120.2,148.3,98.7,96.4,97.3,96.1,8.34,9.88,6.57,6.21,9.91,9.94,7.32,1.01,7.98,0.36,0.87,1446,246,5.3,5.1,0,0,0.0,0.0,0,
11.6.2026,17:27:46.316,25825,22943,52.9,20305,12079,62.7,9.2,16384,1501,1.199,1.205,1.189,1.209,1.217,1.202,1.162,1.177,1.192,1.192,1.192,1.217,1.217,1.217,1.202,1.061,0.778,3976.0,4489.0,4489.0,4489.0,4489.0,4489.0,4489.0,3591.2,3591.2,3591.2,3591.2,3591.2,3591.2,3591.2,3591.2,99.8,3890.5,1128.7,2385.4,583.6,2011.4,454.5,2418.5,1643.0,1651.2,2242.3,1636.7,179.5,1944.2,75.3,548.6,763.0,701.7,664.5,565.8,761.0,687.0,655.8,1244.0,27.6,54.8,13.2,46.3,10.3,54.3,36.7,37.0,50.0,38.5,4.1,45.0,1.9,16.2,23.1,20.9,19.9,16.9,22.7,20.8,20.1,54.8,27.6,100.0,49.0,94.2,22.8,78.7,17.7,94.8,64.5,64.7,87.6,64.0,7.1,76.3,3.0,31.9,43.2,39.8,37.5,32.6,42.8,38.6,37.4,49.0,39.9,45.0,45.0,45.0,45.0,45.0,45.0,36.0,36.0,36.0,36.0,36.0,36.0,36.0,36.0,39.0,70,74,74,75,72,72,68,70,70,70,70,68,68,68,68,30,26,26,25,28,28,32,30,30,30,30,32,32,32,32,79,75,No,No,No,No,No,No,No,No,No,No,No,No,No,No,No,No,No,No,No,No,No,No,No,No,No,No,No,No,No,No,No,No,No,No,No,No,No,No,No,No,No,No,No,No,No,No,No,No,81,77,68,1.100,47.251,49.610,42.461,0.002,5.611,0.719,175.0,175.0,175.0,175.0,0,0.0,0.0,27.5,54.4,13.0,46.2,10.1,54.0,36.6,36.9,50.0,38.5,4.0,44.9,1.7,16.2,23.0,20.9,19.8,16.9,22.7,20.7,20.0,50.2,36.9,45.0,17.7,16.5,57.0,51.7,36.7,67.1,67.0,66.5,49.7,73.0,72.4,45.6,9.4,0.0,0.0,0.1,0.1,0.0,0.0,41.7,6.7,8.8,10.5,28.7,1.7,4.3,29.5,0.0,0.0,0.0,0.1,0.0,0.0,0.0,2394.1,24.00,36,35,35,68,103,383,2,2,Yes,No,No,No,No,No,No,No,No,No,Yes,No,No,Yes,No,No,No,No,No,No,No,Yes,No,No,No,No,No,No,No,No,No,No,No,No,No,No,No,No,85.0,5040,5100,5040,66.0,1.095,1.110,1.800,1.815,0.990,5.110,1.875,No,No,No,66.2,1.095,1.110,1.800,1.815,0.990,5.110,2.375,No,No,No,42,42,94.0,100.0,No,No,32291,48158,38,70,99.0,100.0,No,No,1856,3314,0.0,2.2,2.2,0.000,0.236,62637,43363,0.0,0.0,0.0,0.000,0.000,35021,12253,80.7,76.0,90.2,83.0,0.875,20.460,20.446,20.475,83.592,44.867,61.939,17.174,79.382,3.000,20.130,86.874,45.569,100.000,140.000,2250.0,2200.2,1890.0,2224.4,1905.0,83.0,30.0,0.0,10.0,70.8,19.7,78.9,0.0,0.0,0.0,Yes,No,No,No,No,Yes,No,0,0,0,0,0,0,0,0,0,4,0,0,0,0,0,0,0,0,0,0,0,0,0,0,0,0,0,0,0,0,2395,5793,5562,309,16.0,68,0.300,49.774,600.0,2394.0,0.1,0.0,0.0,0.0,0.0,0.0,0.0,0.0,0.0,2,16190,2,No,No,No,No,No,No,No,No,16.704,68.277,100.0,0.000,24.1,120,0,0,8.2,119.8,138.1,99.9,84.9,90.5,83.3,119.8,157.2,98.4,86.1,91.1,84.7,8.34,9.97,7.21,5.80,11.00,11.96,7.21,1.14,7.99,0.35,0.96,1446,246,1.9,1.3,0,0,0.0,0.0,0,
11.6.2026,17:27:47.330,25843,22925,52.9,20315,12069,62.7,9.2,16384,1501,1.193,1.203,1.182,1.167,1.162,1.162,1.172,1.172,1.172,1.203,1.208,1.207,1.224,1.234,1.234,1.061,0.778,3854.9,4489.0,4489.0,4489.0,4489.0,4489.0,4489.0,3591.2,3591.2,3591.2,3591.2,1895.4,3591.2,3591.2,3591.2,99.8,3890.5,1226.0,2494.9,646.1,2028.0,505.3,1589.8,2486.3,1510.2,2533.3,1594.9,279.4,1926.2,181.3,754.3,853.1,833.8,883.9,741.7,918.4,831.6,927.4,1318.8,30.9,57.0,14.5,46.6,11.3,35.7,55.4,33.8,56.6,37.4,6.4,44.3,4.2,23.5,27.3,26.8,28.2,23.2,29.3,26.5,30.4,57.0,30.9,100.0,53.9,98.4,25.3,79.5,19.7,62.7,97.1,59.2,99.0,62.8,11.1,75.7,7.2,42.8,48.1,47.1,49.7,41.5,51.8,47.2,52.3,53.9,38.6,45.0,45.0,45.0,45.0,45.0,45.0,36.0,36.0,36.0,36.0,19.0,36.0,36.0,36.0,39.0,71,76,73,75,72,71,71,69,69,69,69,71,71,71,71,29,24,27,25,28,29,29,31,31,31,31,29,29,29,29,79,76,No,No,No,No,No,No,No,No,No,No,No,No,No,No,No,No,No,No,No,No,No,No,No,No,No,No,No,No,No,No,No,No,No,No,No,No,No,No,No,No,No,No,No,No,No,No,No,No,81,77,68,1.100,46.407,45.918,39.072,0.002,5.600,0.716,175.0,175.0,175.0,175.0,0,0.0,0.0,30.9,56.7,14.4,46.5,11.3,35.5,55.5,33.8,56.5,37.3,6.2,44.4,4.0,23.5,27.2,26.7,28.1,23.5,29.4,26.4,30.3,51.2,34.3,43.9,16.7,16.6,56.6,50.6,54.4,66.1,64.2,62.1,63.4,62.4,64.1,61.5,4.3,0.0,0.0,0.6,0.0,0.0,0.0,18.0,3.6,5.8,6.4,9.9,4.8,6.2,4.8,0.0,0.0,0.2,0.0,0.0,0.0,0.0,2394.1,24.00,36,35,35,68,103,383,2,2,Yes,No,No,No,No,No,No,No,No,No,Yes,No,No,Yes,No,No,No,No,No,No,No,Yes,No,No,No,No,No,Yes,No,No,No,No,No,No,No,Yes,No,No,86.0,5100,5040,5040,66.0,1.095,1.110,1.800,1.815,0.990,5.110,1.625,No,No,No,66.2,1.095,1.110,1.800,1.815,1.005,5.110,1.250,No,No,No,42,42,94.0,100.0,No,No,32291,48158,38,70,99.0,100.0,No,No,1856,3314,3.5,1.0,4.5,5.697,0.175,62643,43363,0.4,0.2,0.6,2.251,0.036,35023,12253,84.0,76.0,96.2,83.0,0.875,20.445,20.429,20.461,81.785,46.880,67.241,17.589,85.099,3.000,20.552,83.311,51.368,100.000,140.000,2250.0,2200.2,1890.0,2225.1,1905.0,82.0,29.0,0.0,10.0,70.8,19.8,79.2,0.0,0.0,0.0,Yes,No,No,No,No,Yes,No,0,0,0,0,0,0,0,0,0,4,0,0,0,0,0,0,0,0,0,0,0,0,0,0,0,0,0,0,0,0,2395,5793,5562,318,16.0,68,0.297,44.961,600.0,2394.0,0.1,0.0,0.0,0.0,0.0,0.0,0.0,0.0,0.0,2,16190,2,No,No,No,No,No,No,No,No,16.703,68.277,100.0,0.000,24.1,119,0,0,7.7,119.3,150.6,92.1,62.2,72.0,59.7,119.3,181.2,89.4,57.3,67.6,54.8,8.38,10.91,6.59,6.56,13.95,16.80,7.92,0.46,8.04,0.34,0.93,1446,246,1.7,1.2,0,0,0.0,0.0,0,
11.6.2026,17:27:48.325,25855,22913,53.0,20332,12051,62.7,9.2,16384,1501,1.223,1.219,1.191,1.236,1.221,1.226,1.226,1.209,1.209,1.224,1.254,1.214,1.229,1.229,1.233,1.061,0.776,3733.7,4489.0,4489.0,4489.0,4489.0,4489.0,4489.0,1895.4,3591.2,3591.2,3591.2,1895.4,3591.2,3591.2,3591.2,99.8,3890.5,1351.3,2460.2,727.1,2039.3,691.0,1995.4,2232.7,1933.9,2038.4,1754.8,324.5,1931.6,315.3,1014.9,1058.9,1103.1,1101.1,1021.6,1079.3,1039.5,1163.7,1420.1,34.1,55.7,15.1,45.9,14.4,44.0,49.1,42.5,44.8,40.0,6.1,43.9,5.9,31.8,34.5,35.6,36.3,32.5,34.1,32.4,37.7,55.7,34.1,100.0,60.5,97.0,28.6,79.9,27.0,78.0,87.8,75.8,79.9,69.1,12.8,75.9,12.4,57.5,60.0,62.5,62.2,58.1,60.8,58.5,65.2,60.5,37.4,45.0,45.0,45.0,45.0,45.0,45.0,19.0,36.0,36.0,36.0,19.0,36.0,36.0,36.0,39.0,71,73,75,75,72,71,70,70,70,70,70,71,71,71,71,29,27,25,25,28,29,30,30,30,30,30,29,29,29,29,81,75,No,No,No,No,No,No,No,No,No,No,No,No,No,No,No,No,No,No,No,No,No,No,No,No,No,No,No,No,No,No,No,No,No,No,No,No,No,No,No,No,No,No,No,No,No,No,No,No,81,73,68,1.100,41.344,49.694,42.018,0.003,5.640,0.733,175.0,175.0,175.0,175.0,0,0.0,0.0,34.9,55.9,16.2,46.6,15.4,44.6,49.8,43.2,45.5,40.8,7.2,44.6,7.0,32.7,35.3,36.3,37.1,33.0,34.9,33.4,38.5,49.0,34.6,40.9,15.1,18.5,52.4,48.2,60.9,58.9,59.7,55.1,62.8,61.3,62.2,55.4,1.0,0.0,0.0,0.1,0.0,0.0,0.0,2.9,2.1,0.3,3.8,0.6,0.3,1.0,2.3,0.0,0.0,0.0,0.0,0.0,0.0,0.1,2394.1,24.00,36,35,35,68,103,383,2,2,Yes,No,No,No,No,No,No,No,No,No,Yes,No,No,No,No,No,No,No,No,No,No,No,No,No,No,No,No,Yes,No,No,No,No,No,No,No,Yes,No,No,84.0,5160,5100,5100,66.0,1.095,1.110,1.800,1.815,0.990,5.110,1.500,No,No,No,66.2,1.095,1.110,1.800,1.815,0.990,5.110,2.000,No,No,No,42,42,94.0,100.0,No,No,32291,48158,38,70,99.0,100.0,No,No,1856,3314,3.8,2.3,6.2,3.904,0.308,62647,43363,0.4,0.0,0.4,4.231,0.000,35027,12253,82.4,74.0,93.7,83.0,0.875,20.422,20.407,20.438,84.846,35.298,63.543,17.285,81.097,3.000,20.261,11.600,50.300,100.000,140.000,2250.0,2200.2,1890.0,2102.8,1905.0,86.0,30.0,0.0,10.0,70.8,22.0,88.1,0.0,0.0,0.0,Yes,No,No,No,No,Yes,No,0,0,0,0,0,0,0,0,0,4,0,0,0,0,0,0,0,0,0,0,0,0,0,0,0,0,0,0,0,0,2392,5796,5565,318,16.0,68,0.297,55.540,600.0,2394.0,0.2,0.0,0.0,0.0,0.0,0.0,0.0,0.0,0.0,2,16190,2,No,No,No,No,No,No,No,No,16.703,68.277,100.0,0.000,24.1,120,0,0,8.3,120.0,151.3,102.4,78.8,87.6,76.5,120.0,152.1,99.1,94.4,96.1,93.9,8.33,9.88,6.67,5.01,11.51,13.12,7.81,0.52,7.99,0.34,0.72,1446,246,1.8,1.2,0,0,0.0,0.0,0,
11.6.2026,17:27:49.326,25851,22917,53.0,20326,12057,62.7,9.2,16384,1501,1.219,1.209,1.203,1.194,1.189,1.199,1.203,1.239,1.239,1.239,1.244,1.224,1.239,1.229,1.220,1.061,0.781,3990.2,4489.0,4688.5,4489.0,4489.0,4489.0,4489.0,3591.2,3591.2,3591.2,3591.2,3591.2,3591.2,3591.2,3591.2,99.8,3890.5,1248.8,2492.9,601.7,2136.8,338.8,2689.9,1404.2,2952.3,764.5,1653.3,165.5,1747.4,126.6,849.7,980.0,1021.8,990.2,914.4,1030.1,1001.8,1114.1,1307.2,32.5,57.2,13.5,48.9,7.7,60.4,31.5,65.9,17.1,38.5,3.8,40.6,3.0,27.8,32.1,34.1,33.2,29.2,34.1,33.2,39.0,65.9,32.5,100.0,56.0,98.3,23.5,83.9,13.4,104.8,55.1,115.8,30.1,65.1,6.6,68.8,5.1,48.5,55.7,58.1,56.2,52.3,58.6,57.2,62.8,56.0,40.0,45.0,47.0,45.0,45.0,45.0,45.0,36.0,36.0,36.0,36.0,36.0,36.0,36.0,36.0,39.0,70,73,71,75,74,69,69,69,69,69,69,68,68,68,68,30,27,29,25,26,31,31,31,31,31,31,32,32,32,32,79,75,No,No,No,No,No,No,No,No,No,No,No,No,No,No,No,No,No,No,No,No,No,No,No,No,No,No,No,No,No,No,No,No,No,No,No,No,No,No,No,No,No,No,No,No,No,No,No,No,79,75,69,1.100,59.063,52.543,45.292,0.002,5.679,0.742,175.0,175.0,175.0,175.0,0,0.0,0.0,32.4,56.8,13.4,48.9,7.5,60.1,31.4,66.0,17.0,38.5,3.7,40.6,2.8,27.6,32.1,34.0,33.1,29.2,34.0,33.1,38.8,49.4,34.3,44.4,15.7,20.7,57.1,55.2,61.2,60.3,58.4,56.3,61.9,60.4,58.2,48.0,3.0,0.0,0.0,0.0,0.0,0.0,0.0,7.6,3.8,3.5,6.7,5.1,1.8,4.6,8.9,0.0,0.0,0.0,0.0,0.0,0.2,0.0,2394.1,24.00,36,35,35,68,103,383,2,2,Yes,No,No,No,No,No,No,No,No,No,Yes,No,No,Yes,No,No,No,No,No,No,No,Yes,No,No,No,No,No,Yes,No,No,No,No,No,No,No,Yes,No,No,84.0,5160,5160,5100,66.2,1.095,1.110,1.800,1.815,0.990,5.110,2.000,No,No,No,66.2,1.095,1.110,1.800,1.815,0.990,5.110,2.125,No,No,No,42,42,94.0,100.0,No,No,32291,48158,38,70,99.0,100.0,No,No,1856,3314,0.0,1.3,1.3,0.000,0.216,62647,43363,0.2,0.1,0.3,1.551,0.024,35029,12253,80.6,76.0,90.6,83.0,0.875,20.480,20.468,20.492,83.802,32.039,56.217,16.129,72.603,3.000,19.094,13.760,43.468,100.000,140.000,2250.0,2200.2,1890.0,2128.3,1905.0,76.0,25.0,0.0,10.0,70.8,20.8,83.2,0.0,0.0,0.0,Yes,No,No,No,No,Yes,No,0,0,0,0,0,0,0,0,0,4,0,0,0,0,0,0,0,0,0,0,0,0,0,0,0,0,0,0,0,0,2391,5797,5565,318,16.0,68,0.297,48.047,600.0,2394.0,0.2,0.0,0.0,0.0,0.0,0.0,0.0,0.0,0.0,2,16190,2,No,No,No,No,No,No,No,No,16.703,68.277,100.0,0.000,24.1,120,0,0,8.3,119.5,161.5,91.0,65.8,74.2,63.6,119.6,177.2,81.9,57.6,65.8,55.5,8.37,10.98,6.14,5.49,13.49,15.77,6.96,1.41,8.01,0.36,0.95,1446,246,1.7,0.8,0,0,0.0,0.0,0,
11.6.2026,17:27:50.321,25844,22924,52.9,20324,12060,62.7,9.2,16384,1501,1.201,1.219,1.185,1.200,1.200,1.191,1.191,1.191,1.191,1.191,1.207,1.207,1.207,1.207,1.223,1.061,0.778,3976.0,4489.0,4489.0,4489.0,4489.0,4489.0,4489.0,3591.2,3591.2,3591.2,3591.2,3591.2,3591.2,3591.2,3591.2,99.8,3890.5,1301.2,2436.2,780.5,2108.7,636.0,2870.6,1342.4,2921.3,854.3,1666.4,307.0,1762.8,180.6,913.5,1053.0,1031.3,964.8,1008.9,1019.5,1008.8,1157.4,1364.3,33.8,55.9,17.5,48.3,14.4,64.4,29.9,65.2,19.1,38.8,7.0,40.9,4.2,29.5,35.5,33.4,31.2,33.5,33.9,32.7,39.7,65.2,33.8,100.0,58.2,96.2,30.5,83.0,24.8,111.8,52.9,114.9,33.8,65.5,12.1,69.2,7.2,51.8,59.7,58.5,54.7,56.9,57.8,57.2,65.2,58.2,39.9,45.0,45.0,45.0,45.0,45.0,45.0,36.0,36.0,36.0,36.0,36.0,36.0,36.0,36.0,39.0,72,74,73,77,74,72,71,70,70,70,70,71,71,71,71,28,26,27,23,26,28,29,30,30,30,30,29,29,29,29,81,77,No,No,No,No,No,No,No,No,No,No,No,No,No,No,No,No,No,No,No,No,No,No,No,No,No,No,No,No,No,No,No,No,No,No,No,No,No,No,No,No,No,No,No,No,No,No,No,No,81,75,68,1.100,48.094,51.579,44.311,0.002,5.641,0.717,175.0,175.0,175.0,175.0,0,0.0,0.0,33.7,55.4,17.4,48.3,14.2,64.1,29.9,65.3,19.1,38.9,6.8,40.9,4.0,29.4,35.4,33.4,31.2,33.4,33.7,32.6,39.5,49.4,33.6,40.0,15.6,21.5,54.7,54.6,61.0,55.4,60.9,60.7,58.4,61.5,61.7,52.3,2.1,0.0,0.2,0.0,0.0,0.0,0.0,5.9,5.1,1.9,4.5,4.5,1.3,2.1,4.1,0.0,0.0,0.0,0.0,0.0,0.0,0.0,2394.1,24.00,36,35,35,68,103,383,2,2,Yes,No,No,No,No,No,No,No,No,No,Yes,No,No,Yes,No,No,No,No,No,No,No,Yes,No,No,No,No,No,Yes,No,No,No,No,No,No,No,Yes,No,No,85.0,5160,5160,5100,66.2,1.095,1.110,1.800,1.815,0.990,5.110,1.625,No,No,No,66.5,1.095,1.110,1.800,1.815,0.990,5.110,1.875,No,No,No,42,42,94.0,100.0,No,No,32291,48158,38,70,99.0,100.0,No,No,1856,3314,0.1,1.7,1.8,0.016,0.318,62647,43364,0.2,0.0,0.2,0.900,0.000,35030,12253,81.8,74.0,92.1,83.0,0.875,20.454,20.439,20.469,78.471,45.302,61.979,17.209,79.480,3.000,20.182,88.439,46.824,100.000,140.000,2250.0,2200.2,1890.0,2225.8,1905.0,82.0,31.0,0.0,10.0,70.8,18.6,74.6,0.0,0.0,0.0,Yes,No,No,No,No,Yes,No,0,0,0,0,0,0,0,0,0,4,0,0,0,0,0,0,0,0,0,0,0,0,0,0,0,0,0,0,0,0,2391,5797,5565,318,16.0,68,0.297,55.405,600.0,2394.0,0.1,0.0,0.0,0.0,0.0,0.0,0.0,0.0,0.0,2,16190,2,No,No,No,No,No,No,No,No,16.703,68.277,100.0,0.000,24.1,120,0,0,8.4,119.8,154.9,88.7,76.6,80.8,75.5,119.8,155.8,88.8,81.4,83.9,80.7,8.35,11.29,6.48,5.09,12.40,13.26,7.23,1.11,7.98,0.36,0.85,1446,246,1.3,1.0,0,0,0.0,0.0,0,
11.6.2026,17:27:51.315,25844,22923,52.9,20326,12058,62.7,9.2,16384,1501,1.197,1.177,1.177,1.177,1.188,1.198,1.198,1.198,1.198,1.198,1.198,1.213,1.213,1.213,1.213,1.061,0.778,3976.0,4489.0,4489.0,4489.0,4489.0,4489.0,4489.0,3591.2,3591.2,3591.2,3591.2,3591.2,3591.2,3591.2,3591.2,99.8,3890.5,1260.0,2469.3,703.3,2075.9,545.9,2708.6,1509.9,2989.8,768.1,1721.0,207.1,1788.7,202.5,877.5,908.8,996.9,934.6,844.5,984.1,958.7,1004.5,1338.0,32.4,56.6,16.0,47.8,12.6,61.0,34.0,66.9,17.4,40.3,3.6,41.8,3.5,28.9,30.0,32.7,30.8,27.1,32.4,30.9,33.3,66.9,32.4,100.0,56.0,97.3,27.5,81.4,21.3,105.7,59.0,117.5,30.5,67.6,8.2,70.2,8.0,50.0,51.5,56.6,53.1,48.0,55.5,54.4,56.7,56.0,39.9,45.0,45.0,45.0,45.0,45.0,45.0,36.0,36.0,36.0,36.0,36.0,36.0,36.0,36.0,39.0,71,76,71,75,74,71,71,69,69,69,69,69,69,69,69,29,24,29,25,26,29,29,31,31,31,31,31,31,31,31,81,76,No,No,No,No,No,No,No,No,No,No,No,No,No,No,No,No,No,No,No,No,No,No,No,No,No,No,No,No,No,No,No,No,No,No,No,No,No,No,No,No,No,No,No,No,No,No,No,No,82,76,68,1.100,57.376,54.769,47.487,0.002,5.661,0.729,175.0,175.0,175.0,175.0,0,0.0,0.0,32.2,56.1,15.7,47.5,12.2,60.5,33.7,66.8,17.1,40.1,4.7,41.6,4.5,28.6,29.7,32.3,30.5,26.8,32.1,30.6,33.0,48.0,33.9,42.0,14.7,20.9,55.2,52.9,47.3,62.0,56.4,55.0,58.8,57.6,63.1,52.1,5.2,0.0,0.0,0.0,0.0,0.0,0.0,19.5,4.9,7.2,10.3,10.6,6.8,2.8,10.9,0.0,0.0,0.1,0.0,0.0,0.0,0.2,2394.1,24.00,36,35,35,68,103,383,2,2,Yes,No,No,No,No,No,No,No,No,No,Yes,No,No,Yes,No,No,No,No,No,No,No,Yes,No,No,No,No,No,No,No,No,No,No,No,No,No,No,No,No,85.0,5040,5100,5040,66.2,1.095,1.110,1.800,1.815,0.990,5.110,1.750,No,No,No,66.5,1.095,1.110,1.800,1.815,0.990,5.110,1.250,No,No,No,42,42,94.0,100.0,No,No,32291,48158,38,70,99.0,100.0,No,No,1856,3314,0.6,2.2,2.8,0.068,0.167,62647,43364,0.0,0.0,0.0,0.000,0.000,35030,12253,82.0,76.0,93.5,83.0,0.875,20.452,20.437,20.467,82.597,43.922,62.902,17.167,80.353,3.000,20.135,73.023,50.874,100.000,140.000,2250.0,2200.2,1890.0,2227.9,1905.0,83.0,30.0,0.0,10.0,70.8,19.4,77.7,0.0,0.0,0.0,Yes,No,No,No,No,Yes,No,0,0,0,0,0,0,0,0,0,4,0,0,0,0,0,0,0,0,0,0,0,0,0,0,0,0,0,0,0,0,2391,5797,5565,318,16.0,68,0.297,52.160,600.0,2394.0,0.1,0.0,0.0,0.0,0.0,0.0,0.0,0.0,0.0,2,16190,2,No,No,No,No,No,No,No,No,16.702,68.277,100.0,0.000,24.1,120,0,0,9.0,120.1,141.2,105.9,97.6,100.9,96.6,120.1,144.9,98.5,97.0,97.5,96.9,8.33,9.48,7.06,6.44,9.93,10.35,7.23,1.10,7.96,0.36,0.78,1446,246,1.3,0.9,0,0,0.0,0.0,0,
11.6.2026,17:27:52.328,25844,22924,52.9,20326,12058,62.7,9.2,16384,1501,1.215,1.232,1.224,1.224,1.219,1.219,1.219,1.199,1.199,1.198,1.213,1.218,1.203,1.223,1.223,1.061,0.781,3976.0,4489.0,4489.0,4489.0,4489.0,4489.0,4489.0,3591.2,3591.2,3591.2,3591.2,3591.2,3591.2,3591.2,3591.2,99.8,3890.5,1100.3,2479.3,497.3,2159.7,407.5,2435.0,1567.2,3232.0,468.9,1684.0,132.1,1731.2,97.5,518.6,657.1,730.2,638.8,583.2,738.3,687.8,561.2,1214.8,26.7,57.0,9.9,49.5,7.9,54.6,35.1,72.3,9.2,39.5,3.2,40.5,2.5,15.3,19.6,21.9,19.1,17.3,22.0,20.7,17.6,72.3,26.7,100.0,47.6,97.6,19.4,84.8,15.9,95.2,61.1,126.4,18.4,65.6,5.2,67.7,3.9,30.0,37.2,40.9,36.4,33.4,41.7,38.3,32.3,47.6,39.9,45.0,45.0,45.0,45.0,45.0,45.0,36.0,36.0,36.0,36.0,36.0,36.0,36.0,36.0,39.0,71,72,71,75,72,71,70,69,69,69,69,70,70,71,71,29,28,29,25,28,29,30,31,31,31,31,30,30,29,29,81,75,No,No,No,No,No,No,No,No,No,No,No,No,No,No,No,No,No,No,No,No,No,No,No,No,No,No,No,No,No,No,No,No,No,No,No,No,No,No,No,No,No,No,No,No,No,No,No,No,81,74,68,1.100,42.188,47.910,40.640,0.002,5.646,0.728,175.0,175.0,175.0,175.0,0,0.0,0.0,26.8,56.6,11.1,49.4,9.1,54.3,35.0,72.3,10.4,39.5,2.9,40.5,2.2,15.3,19.5,21.8,19.0,17.5,22.1,20.8,17.5,47.2,36.6,42.5,17.2,20.1,56.9,55.8,31.7,62.0,71.4,51.7,46.7,67.0,69.8,31.9,13.0,0.0,0.0,0.0,0.0,0.0,0.0,47.5,14.9,4.1,24.8,30.9,7.6,6.5,45.9,0.0,0.0,0.0,0.1,0.0,0.0,0.0,2394.1,24.00,36,35,35,68,103,383,2,2,Yes,No,No,No,No,No,No,No,No,No,Yes,No,No,Yes,No,No,No,No,No,No,No,Yes,No,No,No,No,No,Yes,No,No,No,No,No,No,No,Yes,No,No,85.0,5040,5100,5100,66.2,1.095,1.110,1.800,1.815,0.990,5.110,1.250,No,No,No,66.5,1.095,1.110,1.800,1.815,0.990,5.110,1.875,No,No,No,42,42,94.0,100.0,No,No,32291,48158,38,70,99.0,100.0,No,No,1856,3314,0.1,1.5,1.6,0.226,0.031,62647,43364,0.1,0.0,0.1,0.064,0.000,35030,12253,81.9,76.0,92.1,83.0,0.875,20.471,20.457,20.485,82.473,34.496,61.809,17.081,79.153,3.000,20.037,11.642,48.748,100.000,140.000,2250.0,2200.2,1890.0,2229.3,1905.0,81.0,30.0,0.0,10.0,70.8,19.4,77.8,0.0,0.0,0.0,Yes,No,No,No,No,Yes,No,0,0,0,0,0,0,0,0,0,4,0,0,0,0,0,0,0,0,0,0,0,0,0,0,0,0,0,0,0,0,2391,5797,5565,318,16.0,68,0.300,44.808,600.0,2394.0,0.1,0.0,0.0,0.0,0.0,0.0,0.0,0.0,0.0,2,16190,2,No,No,No,No,No,No,No,No,16.703,68.277,100.0,0.000,24.1,120,0,0,8.9,120.2,136.7,108.4,106.1,107.1,105.8,120.1,142.7,102.5,100.4,101.1,100.2,8.32,9.20,7.32,7.05,9.35,9.49,7.16,1.16,7.95,0.37,0.64,1446,246,1.2,0.8,0,0,0.0,0.0,0,
11.6.2026,17:27:53.327,25844,22924,52.9,20328,12056,62.7,9.2,16384,1501,1.216,1.180,1.187,1.206,1.206,1.206,1.226,1.226,1.234,1.234,1.209,1.239,1.229,1.229,1.219,1.061,0.781,3869.1,4489.0,4688.5,4489.0,4489.0,4489.0,4489.0,3591.2,3591.2,3591.2,3591.2,3591.2,3591.2,3591.2,1895.4,99.8,3890.5,1102.9,2439.5,599.8,2236.6,414.9,2810.8,1015.0,3322.4,390.6,1649.0,131.7,1808.8,86.3,564.3,680.3,747.2,620.4,544.5,715.2,753.6,526.8,1219.9,27.1,56.2,14.8,51.3,9.4,63.1,21.6,74.4,10.2,38.8,3.2,42.0,2.1,16.6,20.4,22.6,18.4,16.1,21.4,22.6,16.2,74.4,27.1,100.0,48.0,96.1,23.4,87.7,16.2,109.7,39.8,130.1,15.6,64.6,5.3,70.8,3.4,33.3,39.2,42.1,36.0,32.2,40.7,42.6,30.9,48.0,38.8,45.0,47.0,45.0,45.0,45.0,45.0,36.0,36.0,36.0,36.0,36.0,36.0,36.0,19.0,39.0,70,77,72,73,72,70,73,69,69,69,69,68,68,68,68,30,23,28,27,28,30,27,31,31,31,31,32,32,32,32,81,77,No,No,No,No,No,No,No,No,No,No,No,No,No,No,No,No,No,No,No,No,No,No,No,No,No,No,No,No,No,No,No,No,No,No,No,No,No,No,No,No,No,No,No,No,No,No,No,No,81,75,69,1.100,48.094,42.863,35.712,0.003,5.600,0.710,175.0,175.0,175.0,175.0,0,0.0,0.0,26.9,55.7,13.3,51.2,9.2,62.8,22.6,74.4,8.7,38.7,2.9,42.1,1.9,16.6,20.3,22.4,18.4,16.0,21.3,22.4,16.1,44.4,35.8,40.3,20.3,19.5,57.7,54.5,26.4,61.6,65.5,47.0,32.3,69.6,69.4,21.1,15.5,0.0,0.2,0.0,0.0,0.0,0.0,50.8,13.9,8.8,28.9,45.6,6.1,5.3,57.1,0.0,0.0,0.0,0.0,0.0,0.0,0.0,2394.1,24.00,36,35,35,68,103,383,2,2,Yes,No,No,No,No,No,No,No,No,No,Yes,No,No,Yes,No,No,No,No,No,No,No,Yes,No,No,No,No,No,No,No,No,No,No,No,No,No,No,No,No,85.0,5100,5100,5100,66.2,1.095,1.110,1.800,1.815,1.005,5.110,1.500,No,No,No,66.5,1.095,1.110,1.800,1.815,1.005,5.110,1.375,No,No,No,42,42,94.0,100.0,No,No,32291,48158,38,70,99.0,100.0,No,No,1856,3314,0.3,0.9,1.2,0.003,0.036,62647,43364,0.2,0.0,0.2,0.258,0.000,35030,12253,82.5,76.0,93.2,83.0,0.875,20.458,20.442,20.473,81.939,38.018,65.559,17.600,83.429,3.000,20.577,25.164,50.797,100.000,140.000,2250.0,2200.2,1890.0,2229.4,1905.0,84.0,30.0,0.0,10.0,70.8,19.5,77.8,0.0,0.0,0.0,Yes,No,No,No,No,Yes,No,0,0,0,0,0,0,0,0,0,4,0,0,0,0,0,0,0,0,0,0,0,0,0,0,0,0,0,0,0,0,2391,5797,5565,318,16.0,69,0.297,44.717,600.0,2394.0,0.1,0.0,0.0,0.0,0.0,0.0,0.0,0.0,0.0,2,16190,2,No,No,No,No,No,No,No,No,16.703,68.277,100.0,0.000,24.1,120,0,0,8.7,120.0,175.0,97.9,89.8,92.8,88.9,120.0,156.5,94.9,92.1,93.2,91.8,8.33,10.23,5.65,5.38,10.78,11.24,7.50,0.83,7.97,0.36,0.78,1446,246,1.4,1.1,0,0,0.0,0.0,0,
11.6.2026,17:27:54.324,25849,22919,53.0,20326,12058,62.7,9.2,16384,1501,1.205,1.223,1.228,1.193,1.209,1.189,1.204,1.199,1.219,1.209,1.204,1.199,1.173,1.188,1.233,1.061,0.778,2750.4,4688.5,798.0,798.0,4688.5,4489.0,4489.0,1895.4,1895.4,1895.4,1895.4,3591.2,1895.4,1895.4,3591.2,99.8,3890.5,1227.1,2391.0,865.2,2010.2,766.4,2231.4,1865.3,2762.5,1354.1,1437.2,812.6,1719.0,462.2,647.0,700.5,764.4,749.1,691.9,766.9,799.9,746.1,1346.1,29.2,54.1,18.3,45.3,17.6,49.3,41.7,60.9,29.5,32.5,18.9,39.5,10.7,17.8,19.5,21.5,21.2,19.1,21.5,22.5,21.5,60.9,29.2,100.0,53.2,93.9,33.9,78.6,30.1,87.4,72.6,107.3,53.2,56.5,31.9,67.8,18.2,37.2,39.8,43.1,42.4,39.4,43.6,45.5,42.2,53.2,27.6,47.0,8.0,8.0,47.0,45.0,45.0,19.0,19.0,19.0,19.0,36.0,19.0,19.0,36.0,39.0,70,73,71,75,74,69,68,68,68,68,68,68,68,68,68,30,27,29,25,26,31,32,32,32,32,32,32,32,32,32,79,75,No,No,No,No,No,No,No,No,No,No,No,No,No,No,No,No,No,No,No,No,No,No,No,No,No,No,No,No,No,No,No,No,No,No,No,No,No,No,No,No,No,No,No,No,No,No,No,No,81,74,68,1.100,17.719,44.729,37.500,0.002,5.618,0.714,175.0,175.0,175.0,175.0,0,0.0,0.0,29.8,54.3,19.4,46.1,17.5,49.9,41.6,61.7,30.3,33.3,18.7,40.0,10.5,18.9,20.6,22.5,22.2,20.1,22.4,23.6,22.9,39.3,34.8,42.5,17.5,16.4,53.3,52.6,34.5,47.0,49.0,43.6,37.1,45.4,45.0,31.6,18.3,0.0,0.0,0.2,0.0,0.0,0.0,41.5,28.1,24.4,29.9,37.8,27.8,26.8,40.3,0.0,0.0,0.0,0.0,0.0,0.0,0.0,2394.1,24.00,36,35,35,68,103,383,2,2,Yes,No,No,No,No,No,No,No,No,No,Yes,No,No,Yes,No,No,No,No,No,No,No,Yes,No,No,No,No,No,Yes,No,No,No,No,No,No,No,Yes,No,No,85.0,5100,5100,5100,66.2,1.095,1.110,1.800,1.815,1.005,5.110,2.000,No,No,No,66.5,1.095,1.110,1.800,1.815,1.005,5.110,1.250,No,No,No,42,42,94.0,100.0,No,No,32291,48158,38,70,99.0,100.0,No,No,1856,3314,0.3,0.9,1.2,0.003,0.036,62647,43364,0.2,0.0,0.2,0.258,0.000,35030,12253,80.3,76.0,89.6,83.0,0.850,20.442,20.425,20.459,83.258,45.859,68.989,18.383,87.627,3.000,21.353,70.175,51.486,100.000,140.000,2010.0,2200.2,1845.0,2148.4,1845.0,92.0,34.0,0.0,11.0,70.8,20.7,83.0,0.0,0.0,0.0,Yes,No,Yes,No,No,No,No,0,0,0,0,0,0,0,0,0,4,0,0,0,0,0,0,0,0,0,0,0,0,0,0,0,0,0,0,0,0,2391,5797,5565,318,16.0,68,0.297,44.741,600.0,2394.0,0.1,0.0,0.0,0.0,0.0,0.0,0.0,0.0,0.0,2,16190,2,No,No,No,No,No,No,No,No,16.703,68.277,100.0,0.000,24.1,120,0,0,8.7,120.0,175.0,97.9,89.8,92.8,88.9,120.0,156.5,94.9,92.1,93.2,91.8,8.33,10.23,5.65,5.38,10.78,11.24,7.50,0.83,7.97,0.36,0.78,1446,246,1.4,1.1,0,0,0.0,0.0,0,
11.6.2026,17:27:55.323,25849,22919,53.0,20326,12058,62.7,9.2,16384,1501,1.205,1.223,1.228,1.193,1.209,1.189,1.204,1.199,1.219,1.209,1.204,1.199,1.173,1.188,1.233,1.061,0.778,2750.4,4688.5,798.0,798.0,4688.5,4489.0,4489.0,1895.4,1895.4,1895.4,1895.4,3591.2,1895.4,1895.4,3591.2,99.8,3890.5,1227.1,2391.0,865.2,2010.2,766.4,2231.4,1865.3,2762.5,1354.1,1437.2,812.6,1719.0,462.2,647.0,700.5,764.4,749.1,691.9,766.9,799.9,746.1,1346.1,29.2,54.1,18.3,45.3,17.6,49.3,41.7,60.9,29.5,32.5,18.9,39.5,10.7,17.8,19.5,21.5,21.2,19.1,21.5,22.5,21.5,60.9,29.2,100.0,53.2,93.9,33.9,78.6,30.1,87.4,72.6,107.3,53.2,56.5,31.9,67.8,18.2,37.2,39.8,43.1,42.4,39.4,43.6,45.5,42.2,53.2,27.6,47.0,8.0,8.0,47.0,45.0,45.0,19.0,19.0,19.0,19.0,36.0,19.0,19.0,36.0,39.0,70,73,71,75,74,69,68,68,68,68,68,68,68,68,68,30,27,29,25,26,31,32,32,32,32,32,32,32,32,32,79,75,No,No,No,No,No,No,No,No,No,No,No,No,No,No,No,No,No,No,No,No,No,No,No,No,No,No,No,No,No,No,No,No,No,No,No,No,No,No,No,No,No,No,No,No,No,No,No,No,82,78,68,1.100,51.470,49.028,41.724,0.002,5.661,0.749,175.0,175.0,175.0,175.0,0,0.0,0.0,29.8,54.3,19.4,46.1,17.5,49.9,41.6,61.7,30.3,33.3,18.7,40.0,10.5,18.9,20.6,22.5,22.2,20.1,22.4,23.6,22.9,39.3,34.8,42.5,17.5,16.4,53.3,52.6,34.5,47.0,49.0,43.6,37.1,45.4,45.0,31.6,18.3,0.0,0.0,0.2,0.0,0.0,0.0,41.5,28.1,24.4,29.9,37.8,27.8,26.8,40.3,0.0,0.0,0.0,0.0,0.0,0.0,0.0,2394.1,24.00,36,35,35,68,103,383,2,2,Yes,No,No,No,No,No,No,No,No,No,Yes,No,No,Yes,No,No,No,No,No,No,No,Yes,No,No,No,No,No,Yes,No,No,No,No,No,No,No,Yes,No,No,85.0,5040,5040,5100,66.2,1.095,1.110,1.800,1.815,1.005,5.110,2.000,No,No,No,66.5,1.110,1.110,1.800,1.815,1.005,5.110,1.125,No,No,No,42,42,94.0,100.0,No,No,32291,48158,38,70,99.0,100.0,No,No,1856,3314,0.0,2.2,2.2,0.000,0.398,62647,43364,0.0,0.0,0.0,0.000,0.000,35030,12253,76.7,74.0,85.1,83.0,0.875,20.529,20.522,20.537,76.253,26.729,44.480,14.940,59.659,3.000,17.919,10.290,36.815,100.000,140.000,2250.0,2200.2,1890.0,2158.7,1905.0,58.0,23.0,0.0,8.0,66.8,15.9,63.5,0.0,0.0,0.0,Yes,No,No,No,No,Yes,No,0,0,0,0,0,0,0,0,0,4,0,0,0,0,0,0,0,0,0,0,0,0,0,0,0,0,0,0,0,0,2720,5468,5236,318,16.0,69,0.297,50.794,600.0,2394.0,0.2,0.0,0.0,0.0,0.0,0.0,0.0,0.0,0.0,2,16190,2,No,No,No,No,No,No,No,No,16.703,68.277,100.0,0.000,24.1,116,0,0,7.8,115.4,189.4,82.9,47.7,58.3,45.4,115.5,200.5,85.5,41.5,53.5,39.0,8.66,12.16,5.21,3.97,17.21,22.07,7.27,1.38,8.32,0.34,1.05,1446,246,1.0,0.7,0,0,0.0,0.0,0,
11.6.2026,17:27:56.321,25424,23344,52.1,20304,12080,62.6,9.2,16384,1501,1.214,1.256,1.166,1.169,1.208,1.208,1.226,1.211,1.211,1.216,1.216,1.231,1.236,1.221,1.216,1.061,0.778,3854.9,4489.0,4489.0,4489.0,4489.0,4489.0,4489.0,3591.2,3591.2,3591.2,3591.2,3591.2,3591.2,3591.2,1895.4,99.8,3890.5,1209.2,2183.8,997.6,1742.7,931.5,2258.8,1856.3,2716.8,1603.6,1317.6,1024.7,1451.9,1091.2,563.6,601.1,674.1,583.4,639.8,640.0,649.3,655.5,1349.9,29.0,50.1,22.4,39.9,21.1,50.4,41.4,60.8,35.6,30.1,23.6,33.1,24.8,16.6,17.5,19.9,16.7,18.6,18.5,18.7,20.1,60.8,29.0,100.0,51.5,85.8,39.2,67.7,36.4,87.6,72.4,105.9,62.3,50.8,39.7,55.9,42.7,31.8,33.9,38.2,33.2,36.3,36.1,37.0,37.1,51.5,38.6,45.0,45.0,45.0,45.0,45.0,45.0,36.0,36.0,36.0,36.0,36.0,36.0,36.0,19.0,39.0,70,73,72,75,72,72,74,68,68,68,69,68,68,68,68,30,27,28,25,28,28,26,32,32,32,31,32,32,32,32,81,75,No,No,No,No,No,No,No,No,No,No,No,No,No,No,No,No,No,No,No,No,No,No,No,No,No,No,No,No,No,No,No,No,No,No,No,No,No,No,No,No,No,No,No,No,No,No,No,No,81,72,68,1.100,44.719,48.620,41.497,0.002,5.617,0.737,175.0,140.0,175.0,175.0,0,0.0,0.0,29.1,49.6,22.5,39.8,21.3,50.5,41.5,60.5,35.8,30.4,23.8,33.6,24.9,16.9,17.7,20.2,17.1,18.9,18.8,19.0,20.1,22.2,38.1,46.4,19.0,14.3,53.6,49.0,5.4,11.4,15.0,9.2,12.2,13.2,13.0,10.3,36.3,0.0,0.0,0.3,0.0,0.0,0.0,71.2,64.3,57.9,66.8,62.4,61.2,60.8,63.5,0.2,0.0,0.4,0.1,0.0,0.1,0.6,2394.1,24.00,36,35,35,68,103,383,2,2,Yes,No,No,No,No,No,No,No,No,No,Yes,No,No,Yes,No,No,No,No,No,No,No,Yes,No,No,No,No,No,Yes,No,No,No,No,No,No,No,Yes,No,No,85.0,5040,5100,5100,66.2,1.110,1.110,1.800,1.815,1.005,5.110,2.500,No,No,No,66.5,1.110,1.110,1.800,1.815,1.005,5.110,2.000,No,No,No,42,42,94.0,100.0,No,No,32291,48158,38,70,99.0,100.0,No,No,1856,3314,0.1,2.4,2.5,0.004,0.131,62647,43364,0.3,0.0,0.3,1.497,0.000,35031,12253,74.6,74.0,81.2,83.0,0.875,20.529,20.523,20.535,59.848,24.509,41.180,14.305,55.692,3.000,17.269,10.178,29.943,100.000,140.000,2250.0,2200.2,1890.0,2230.3,1905.0,58.0,23.0,0.0,10.0,66.1,12.6,50.2,0.0,0.0,0.0,Yes,No,No,No,No,Yes,No,0,0,0,0,0,0,0,0,0,4,0,0,0,0,0,0,0,0,0,0,0,0,0,0,0,0,0,0,0,0,2776,5412,5180,318,16.0,68,0.300,47.443,600.0,2394.0,0.1,0.0,0.0,0.0,0.0,0.0,0.0,0.0,0.0,2,16190,2,No,No,No,No,No,No,No,No,16.703,68.277,100.0,0.000,24.1,111,0,0,7.5,111.2,139.8,23.9,21.2,21.6,21.1,111.2,176.3,23.1,21.3,21.3,21.3,9.00,41.81,7.13,6.93,46.41,47.47,5.29,3.68,8.68,0.32,1.99,1446,246,2.0,7.4,0,0,0.0,0.0,0,
11.6.2026,17:27:57.323,25434,23334,52.1,20312,12071,62.7,9.2,16384,1501,1.203,1.222,1.172,1.207,1.192,1.182,1.182,1.209,1.234,1.219,1.214,1.219,1.204,1.194,1.194,1.061,0.781,3976.0,4489.0,4489.0,4489.0,4489.0,4489.0,4489.0,3591.2,3591.2,3591.2,3591.2,3591.2,3591.2,3591.2,3591.2,99.8,3890.5,1280.5,2339.2,975.2,1836.3,948.9,2445.3,1963.1,3118.0,1361.4,1399.9,1128.3,1412.8,1171.5,631.9,676.0,682.0,649.0,728.5,717.7,715.6,709.8,1421.2,30.9,53.6,22.0,41.9,21.9,54.8,44.0,69.8,30.2,32.2,26.2,32.9,26.8,18.3,19.8,19.7,19.1,21.2,20.8,21.0,21.3,69.8,30.9,100.0,55.0,91.8,38.5,71.3,37.5,95.3,76.5,120.7,53.2,54.7,44.1,55.5,45.5,36.2,38.3,38.9,37.4,41.8,41.3,40.7,39.9,55.0,39.9,45.0,45.0,45.0,45.0,45.0,45.0,36.0,36.0,36.0,36.0,36.0,36.0,36.0,36.0,39.0,71,74,71,75,79,74,72,69,69,69,69,68,68,68,68,29,26,29,25,21,26,28,31,31,31,31,32,32,32,32,81,79,No,No,No,No,No,No,No,No,No,No,No,No,No,No,No,No,No,No,No,No,No,No,No,No,No,No,No,No,No,No,No,No,No,No,No,No,No,No,No,No,No,No,No,No,No,No,No,No,81,75,68,1.100,47.251,49.336,42.080,0.002,5.684,0.764,175.0,145.0,175.0,175.0,0,0.0,0.0,30.8,53.0,21.9,41.7,21.8,54.6,43.8,69.6,30.4,32.0,26.2,32.5,27.0,18.4,19.9,19.9,19.2,21.3,21.0,21.1,21.4,22.9,36.1,45.6,13.9,11.9,49.7,49.2,7.4,19.4,17.4,12.1,14.0,13.8,19.8,10.6,33.4,0.0,0.0,0.0,0.0,0.0,0.0,67.1,54.2,55.8,61.8,57.5,58.0,52.2,61.6,0.2,0.0,0.0,0.0,0.0,0.8,0.4,2394.1,24.00,36,35,35,68,103,383,2,2,Yes,No,No,No,No,No,No,No,No,No,Yes,No,No,Yes,No,No,No,No,No,No,No,Yes,No,No,No,No,No,Yes,No,No,No,No,No,No,No,Yes,No,No,85.0,5100,5160,5100,66.5,1.110,1.110,1.800,1.815,1.005,5.110,1.750,No,No,No,66.5,1.110,1.110,1.800,1.815,1.005,5.110,2.875,No,No,No,42,42,94.0,100.0,No,No,32291,48158,38,70,99.0,100.0,No,No,1856,3314,0.1,1.8,1.8,0.080,0.297,62647,43365,0.0,0.0,0.0,0.000,0.000,35031,12253,75.4,74.0,82.5,83.0,0.875,20.501,20.493,20.510,61.990,39.235,46.196,14.960,61.366,3.000,17.926,98.293,32.902,100.000,140.000,2250.0,2200.2,1890.0,2228.7,1905.0,62.0,23.0,0.0,10.0,66.1,14.3,57.0,0.0,0.0,0.0,Yes,No,No,No,No,Yes,No,0,0,0,0,0,0,0,0,0,4,0,0,0,0,0,0,0,0,0,0,0,0,0,0,0,0,0,0,0,0,2777,5411,5180,318,16.0,68,0.300,49.043,600.0,2394.0,0.1,0.0,0.0,0.0,0.0,0.0,0.0,0.0,0.0,2,16190,2,No,No,No,No,No,No,No,No,16.703,68.277,100.0,0.000,24.1,118,0,0,8.3,117.8,147.9,87.7,40.2,52.4,37.6,117.9,155.7,91.7,38.9,51.9,36.2,8.49,11.40,6.75,6.59,19.15,26.74,5.55,2.94,8.17,0.32,1.07,1446,246,1.2,0.9,0,0,0.0,0.0,0,
11.6.2026,17:27:58.320,25443,23325,52.1,20318,12066,62.7,9.2,16384,1501,1.204,1.233,1.203,1.181,1.238,1.228,1.218,1.248,1.194,1.184,1.189,1.184,1.194,1.174,1.179,1.061,0.778,3712.3,4489.0,798.0,4489.0,4489.0,4489.0,4489.0,3591.2,3591.2,3591.2,3591.2,3591.2,3591.2,3591.2,3591.2,99.8,3890.5,1283.4,2372.7,941.6,1706.7,1123.8,2546.2,1960.4,2799.6,1596.3,1327.4,1237.4,1515.1,1070.3,676.7,636.0,722.7,655.0,670.1,704.9,716.5,689.1,1430.5,30.9,54.4,21.1,38.8,25.7,56.8,43.6,62.6,35.6,30.6,28.5,35.0,24.3,19.9,18.3,21.1,19.2,19.5,20.6,20.9,20.7,62.6,30.9,100.0,55.0,93.0,37.1,66.4,44.3,98.6,76.2,108.6,62.5,51.8,48.3,59.5,42.2,38.4,36.6,40.9,37.5,38.6,40.2,40.7,39.0,55.0,37.2,45.0,8.0,45.0,45.0,45.0,45.0,36.0,36.0,36.0,36.0,36.0,36.0,36.0,36.0,39.0,70,73,71,77,72,74,70,69,69,69,69,68,68,68,70,30,27,29,23,28,26,30,31,31,31,31,32,32,32,30,79,77,No,No,No,No,No,No,No,No,No,No,No,No,No,No,No,No,No,No,No,No,No,No,No,No,No,No,No,No,No,No,No,No,No,No,No,No,No,No,No,No,No,No,No,No,No,No,No,No,81,74,68,1.100,41.344,47.109,39.840,0.002,5.679,0.764,175.0,150.0,175.0,175.0,0,0.0,0.0,30.9,53.8,21.2,38.8,25.8,56.8,43.8,62.5,35.7,30.6,28.6,35.0,24.3,20.1,18.5,21.3,19.4,19.7,20.8,21.1,20.9,22.8,36.2,45.1,12.5,13.5,50.0,49.5,11.4,10.5,21.5,9.5,11.0,20.8,19.9,8.3,33.6,0.0,0.0,0.0,0.0,0.0,0.0,61.9,63.7,50.7,64.0,61.7,51.5,51.9,64.4,0.1,0.0,0.3,0.0,0.0,0.4,0.0,2394.1,24.00,36,35,35,68,103,383,2,2,Yes,No,No,No,No,No,No,No,No,No,Yes,No,No,No,No,No,No,No,No,No,No,No,No,No,No,No,No,Yes,No,No,No,No,No,No,No,Yes,No,No,84.0,5160,5100,5040,66.5,1.110,1.110,1.800,1.800,1.005,5.110,1.250,No,No,No,66.5,1.110,1.110,1.800,1.815,1.005,5.110,1.500,No,No,No,42,42,94.0,100.0,No,No,32291,48158,38,70,99.0,100.0,No,No,1856,3314,0.2,2.7,2.9,0.007,0.173,62647,43365,0.0,0.0,0.0,0.000,0.000,35031,12253,75.3,74.0,82.4,83.0,0.875,20.503,20.495,20.511,63.263,36.072,45.812,14.879,60.897,3.000,17.845,73.488,36.583,100.000,140.000,2250.0,2200.2,1890.0,2228.5,1905.0,61.0,23.0,0.0,10.0,66.1,13.9,55.8,0.0,0.0,0.0,Yes,No,No,No,No,Yes,No,0,0,0,0,0,0,0,0,0,4,0,0,0,0,0,0,0,0,0,0,0,0,0,0,0,0,0,0,0,0,2774,5414,5182,318,16.0,68,0.297,47.400,600.0,2394.0,0.1,0.0,0.0,0.0,0.0,0.0,0.0,0.0,0.0,2,16190,2,No,No,No,No,No,No,No,No,16.703,68.277,100.0,0.000,24.1,118,0,0,9.1,118.1,139.3,92.2,49.5,61.9,46.7,118.0,159.5,77.4,48.8,57.8,46.7,8.47,10.81,7.16,6.13,16.17,21.45,5.61,2.86,8.15,0.32,1.11,1446,246,2.3,1.0,0,0,0.0,0.0,0,
11.6.2026,17:27:59.321,25429,23339,52.1,20304,12079,62.6,9.2,16384,1501,1.148,1.187,1.167,1.121,1.141,1.131,1.136,1.146,1.151,1.141,1.156,1.156,1.146,1.146,1.146,1.061,0.781,3976.0,4489.0,4489.0,4489.0,4489.0,4489.0,4489.0,3591.2,3591.2,3591.2,3591.2,3591.2,3591.2,3591.2,3591.2,99.8,3890.5,1255.3,2209.4,1038.6,1634.8,1163.9,1500.2,2671.7,2352.1,2223.9,1131.3,1325.1,1430.5,1143.2,612.6,624.4,654.5,608.0,643.8,725.1,687.8,725.6,1395.3,30.3,50.7,23.2,37.4,26.7,33.7,59.6,52.5,49.5,26.2,30.4,33.0,25.9,18.5,18.4,19.1,17.8,18.7,21.6,20.3,22.1,59.6,30.3,100.0,53.7,86.8,40.9,64.1,46.0,58.6,104.6,90.8,86.6,44.0,51.6,55.6,44.6,34.9,35.4,37.3,34.8,36.3,41.3,39.3,41.3,53.7,39.9,45.0,45.0,45.0,45.0,45.0,45.0,36.0,36.0,36.0,36.0,36.0,36.0,36.0,36.0,39.0,72,74,75,76,74,74,71,70,70,70,70,70,70,70,70,28,26,25,24,26,26,29,30,30,30,30,30,30,30,30,79,76,No,No,No,No,No,No,No,No,No,No,No,No,No,No,No,No,No,No,No,No,No,No,No,No,No,No,No,No,No,No,No,No,No,No,No,No,No,No,No,No,No,No,No,No,No,No,No,No,81,74,68,1.100,21.938,47.028,40.282,0.002,5.652,0.755,175.0,155.0,175.0,175.0,0,0.0,0.0,30.3,50.2,23.3,37.4,26.8,33.6,59.6,52.5,49.6,26.2,30.5,33.0,26.0,18.6,18.6,19.3,18.0,18.9,21.8,20.5,22.2,20.1,38.0,45.9,17.6,10.1,52.3,48.8,5.7,8.7,10.5,8.3,6.7,11.3,11.7,5.7,37.1,0.0,0.0,0.3,0.6,0.0,0.0,69.1,65.8,62.9,66.9,67.9,59.8,60.7,65.6,0.1,0.0,0.2,0.0,0.0,0.1,0.2,2394.1,24.00,36,35,35,68,103,383,2,2,Yes,No,No,No,No,No,No,No,No,No,Yes,No,No,Yes,No,No,No,No,No,No,No,Yes,No,No,No,No,No,No,No,No,No,No,No,No,No,No,No,No,85.0,5040,5040,5100,66.5,1.110,1.110,1.800,1.800,0.990,5.110,1.375,No,No,No,66.5,1.110,1.110,1.800,1.800,1.005,5.110,1.375,No,No,No,42,42,94.0,100.0,No,No,32291,48158,38,70,99.0,100.0,No,No,1856,3314,0.3,1.9,2.1,0.004,0.042,62647,43365,0.1,0.0,0.1,0.064,0.000,35031,12253,75.4,74.0,82.8,83.0,0.875,20.499,20.491,20.508,63.106,34.314,45.497,14.856,60.560,3.000,17.821,64.991,33.476,100.000,140.000,2250.0,2200.2,1890.0,2228.4,1905.0,62.0,23.0,0.0,10.0,66.1,14.1,56.3,0.0,0.0,0.0,Yes,No,No,No,No,Yes,No,0,0,0,0,0,0,0,0,0,4,0,0,0,0,0,0,0,0,0,0,0,0,0,0,0,0,0,0,0,0,2775,5413,5182,318,16.0,68,0.300,42.317,600.0,2394.0,0.1,0.0,0.0,0.0,0.0,0.0,0.0,0.0,0.0,2,16190,2,No,No,No,No,No,No,No,No,16.703,68.277,100.0,0.000,24.1,118,0,0,8.7,117.7,136.4,71.1,48.5,55.3,46.8,117.6,163.0,76.0,49.4,58.0,47.3,8.49,14.05,7.33,7.08,18.08,21.37,5.59,2.90,8.18,0.32,1.03,1446,246,1.3,0.9,0,0,0.0,0.0,0,
11.6.2026,17:28:0.316,25485,23282,52.2,20309,12075,62.7,9.2,16384,1501,1.174,1.239,1.224,1.189,1.206,1.156,1.156,1.166,1.151,1.141,1.156,1.166,1.170,1.155,1.155,1.061,0.781,3976.0,4489.0,4489.0,4489.0,4489.0,4489.0,4489.0,3591.2,3591.2,3591.2,3591.2,3591.2,3591.2,3591.2,3591.2,99.8,3890.5,1259.2,2248.5,985.1,1638.0,1250.2,1433.0,2863.7,1559.3,2936.6,1141.9,1383.5,1383.4,1212.9,614.8,634.6,679.9,605.6,562.2,663.4,635.5,752.2,1410.7,30.2,51.6,22.0,37.2,28.4,32.0,63.8,34.9,65.3,26.2,31.6,32.1,27.5,18.3,18.7,19.9,17.6,16.2,19.2,18.3,22.6,65.3,30.2,100.0,53.7,88.3,38.8,64.4,49.5,55.8,111.6,60.5,114.0,44.4,53.8,53.8,47.2,34.7,36.2,38.7,34.2,31.9,37.7,36.2,42.4,53.7,39.9,45.0,45.0,45.0,45.0,45.0,45.0,36.0,36.0,36.0,36.0,36.0,36.0,36.0,36.0,39.0,70,73,70,75,74,71,71,69,69,69,69,68,68,68,68,30,27,30,25,26,29,29,31,31,31,31,32,32,32,32,81,75,No,No,No,No,No,No,No,No,No,No,No,No,No,No,No,No,No,No,No,No,No,No,No,No,No,No,No,No,No,No,No,No,No,No,No,No,No,No,No,No,No,No,No,No,No,No,No,No,81,75,68,1.100,32.063,41.223,33.690,0.002,5.666,0.760,175.0,160.0,175.0,175.0,0,0.0,0.0,30.4,51.1,22.2,37.3,28.5,32.1,63.9,34.9,65.5,26.4,31.8,32.3,27.7,18.6,19.1,20.2,18.0,16.6,19.6,18.6,22.8,19.0,37.7,44.6,15.4,12.6,51.0,47.4,4.6,5.2,9.4,7.6,2.6,9.7,11.2,6.7,38.1,0.0,0.0,0.0,0.1,0.0,0.0,70.5,68.4,63.2,67.5,73.9,63.6,63.0,63.7,0.2,0.0,0.2,0.0,0.0,0.1,0.6,2394.1,24.00,36,35,35,68,103,383,2,2,Yes,No,No,No,No,No,No,No,No,No,Yes,No,No,Yes,No,No,No,No,No,No,No,Yes,No,No,No,No,No,No,No,No,No,No,No,No,No,No,No,No,85.0,5040,5040,5100,66.5,1.110,1.110,1.800,1.800,1.005,5.110,2.000,No,No,No,66.8,1.110,1.110,1.800,1.800,1.005,5.110,2.000,No,No,No,42,42,94.0,100.0,No,No,32291,48158,38,70,99.0,100.0,No,No,1856,3314,0.1,2.1,2.2,0.064,0.452,62647,43365,0.0,0.0,0.0,0.000,0.000,35031,12253,76.5,74.0,85.2,83.0,0.875,20.497,20.488,20.506,63.081,26.397,45.737,14.874,60.842,3.000,17.847,11.412,31.066,100.000,140.000,2250.0,2200.2,1890.0,2228.1,1905.0,61.0,22.0,0.0,10.0,66.9,14.0,55.9,0.0,0.0,0.0,Yes,No,No,No,No,Yes,No,0,0,0,0,0,0,0,0,0,4,0,0,0,0,0,0,0,0,0,0,0,0,0,0,0,0,0,0,0,0,2710,5478,5247,318,16.0,68,0.300,43.963,600.0,2394.0,0.1,0.0,0.0,0.0,0.0,0.0,0.0,0.0,0.0,2,16190,2,No,No,No,No,No,No,No,No,16.703,68.277,100.0,0.000,24.1,118,0,0,8.3,117.8,133.2,71.3,50.9,57.2,49.3,117.8,181.3,72.2,58.1,63.2,56.7,8.49,14.11,7.50,7.02,17.52,20.25,5.61,2.88,8.17,0.32,0.95,1446,246,1.5,1.0,0,0,0.0,0.0,0,
11.6.2026,17:28:1.326,25488,23280,52.2,20311,12073,62.7,9.2,16384,1501,1.160,1.192,1.180,1.150,1.140,1.175,1.150,1.170,1.165,1.170,1.145,1.145,1.150,1.160,1.150,1.061,0.781,3726.6,4489.0,4688.5,4489.0,4489.0,798.0,4489.0,3591.2,3591.2,3591.2,3591.2,3591.2,3591.2,3591.2,3591.2,99.8,3890.5,1265.0,1758.6,1341.0,1571.5,1365.4,1686.6,2568.5,1708.7,2831.0,1189.4,1316.6,1346.3,1156.2,703.6,671.2,690.7,671.7,651.0,701.0,637.3,734.0,1411.1,30.8,40.5,30.4,36.0,31.6,38.1,57.4,38.5,63.3,27.8,30.8,31.5,26.8,20.5,19.8,20.4,20.0,19.5,21.3,18.8,23.4,63.3,30.8,100.0,54.3,69.0,52.6,61.0,53.7,65.7,100.3,66.2,109.7,46.4,51.4,52.6,45.3,40.6,38.7,39.7,38.5,37.1,39.7,36.2,41.7,54.3,37.4,45.0,47.0,45.0,45.0,8.0,45.0,36.0,36.0,36.0,36.0,36.0,36.0,36.0,36.0,39.0,71,75,74,77,74,71,70,69,69,69,69,68,68,68,68,29,25,26,23,26,29,30,31,31,31,31,32,32,32,32,79,77,No,No,No,No,No,No,No,No,No,No,No,No,No,No,No,No,No,No,No,No,No,No,No,No,No,No,No,No,No,No,No,No,No,No,No,No,No,No,No,No,No,No,No,No,No,No,No,No,81,75,68,1.100,54.001,45.709,38.328,0.002,5.666,0.759,175.0,165.0,175.0,175.0,0,0.0,0.0,30.6,39.9,30.2,35.7,31.3,37.8,57.3,38.2,63.1,27.5,30.6,31.2,26.5,20.2,19.7,20.3,19.8,19.3,21.3,18.7,23.1,19.4,40.1,43.8,16.6,11.9,51.4,50.5,5.8,7.6,8.8,10.7,2.9,7.9,8.7,5.5,37.3,0.0,0.0,0.0,0.0,0.0,0.0,66.7,65.4,63.1,62.5,70.8,63.6,65.3,64.5,0.1,0.0,0.1,0.0,0.0,0.3,0.2,2394.1,24.00,36,35,35,68,103,383,2,2,Yes,No,No,No,No,No,No,No,No,No,Yes,No,No,Yes,No,No,No,No,No,No,No,Yes,No,No,No,No,No,Yes,No,No,No,No,No,No,No,Yes,No,No,84.0,5040,4800,5040,66.5,1.095,1.110,1.800,1.800,1.005,5.110,1.875,No,No,No,66.8,1.095,1.110,1.800,1.800,1.005,5.110,1.875,No,No,No,41,41,94.0,100.0,No,No,32291,48158,38,70,99.0,100.0,No,No,1856,3314,0.6,0.3,0.9,0.372,0.012,62647,43365,0.0,0.0,0.0,0.000,0.000,35031,12253,75.6,74.0,84.0,83.0,0.875,20.497,20.488,20.506,62.905,27.587,45.845,14.895,60.943,3.000,17.861,17.940,32.629,100.000,140.000,2250.0,2200.2,1890.0,2228.1,1905.0,61.0,23.0,0.0,10.0,66.9,14.0,56.2,0.0,0.0,0.0,Yes,No,No,No,No,Yes,No,0,0,0,0,0,0,0,0,0,4,0,0,0,0,0,0,0,0,0,0,0,0,0,0,0,0,0,0,0,0,2709,5479,5247,319,16.0,68,0.297,46.472,600.0,2394.0,0.1,0.0,0.0,0.0,0.0,0.0,0.0,0.0,0.0,2,16190,2,No,No,No,No,No,No,No,No,16.703,68.277,100.0,0.000,24.1,119,0,0,7.7,118.9,138.8,89.8,66.5,74.6,64.4,118.9,160.1,88.7,72.4,78.4,70.8,8.41,11.18,7.15,7.09,13.43,15.53,5.57,2.84,8.09,0.32,0.91,1446,246,1.3,0.9,0,0,0.0,0.0,0,
11.6.2026,17:28:2.325,25489,23279,52.2,20306,12077,62.7,9.2,16384,1501,1.202,1.219,1.173,1.173,1.208,1.188,1.188,1.213,1.218,1.216,1.201,1.201,1.236,1.201,1.191,1.061,0.781,3976.0,4489.0,4489.0,4489.0,4489.0,4489.0,4489.0,3591.2,3591.2,3591.2,3591.2,3591.2,3591.2,3591.2,3591.2,99.8,3890.5,1293.3,1904.0,1288.7,1602.2,1515.7,2229.7,2301.9,2033.8,2209.0,1266.8,1343.2,1316.1,1412.7,641.9,652.4,696.3,636.2,654.7,712.8,710.4,736.9,1440.7,31.3,43.8,29.2,36.5,34.8,50.1,51.6,45.7,49.5,29.4,31.0,30.4,32.4,18.8,19.4,21.0,19.2,19.4,21.1,20.8,22.4,51.6,31.3,100.0,55.3,74.8,50.5,62.5,59.7,86.4,89.8,78.7,86.6,49.4,52.5,51.9,55.6,36.5,37.0,39.1,36.1,37.2,40.8,39.8,41.7,55.3,39.9,45.0,45.0,45.0,45.0,45.0,45.0,36.0,36.0,36.0,36.0,36.0,36.0,36.0,36.0,39.0,72,74,74,75,75,71,70,69,69,70,70,71,71,71,71,28,26,26,25,25,29,30,31,31,30,30,29,29,29,29,81,75,No,No,No,No,No,No,No,No,No,No,No,No,No,No,No,No,No,No,No,No,No,No,No,No,No,No,No,No,No,No,No,No,No,No,No,No,No,No,No,No,No,No,No,No,No,No,No,No,81,75,68,1.100,54.001,49.633,42.407,0.001,5.677,0.764,175.0,170.0,175.0,175.0,0,0.0,0.0,31.2,43.3,29.0,36.3,34.6,49.9,51.4,45.5,49.4,29.2,30.8,30.3,32.3,18.7,19.3,21.0,19.1,19.3,21.0,20.8,22.4,22.3,38.7,41.0,11.8,15.9,49.0,48.1,9.9,14.3,13.7,14.7,10.4,14.4,20.2,10.0,34.2,0.0,0.0,0.2,0.3,0.0,0.0,64.9,60.1,58.7,59.2,63.7,57.6,52.9,60.8,0.1,0.0,0.0,0.0,0.0,0.7,0.1,2394.1,24.00,36,35,35,68,103,383,2,2,Yes,No,No,No,No,No,No,No,No,No,Yes,No,No,Yes,No,No,No,No,No,No,No,Yes,No,No,No,No,No,No,No,No,No,No,No,No,No,No,No,No,84.0,5100,4740,5100,66.5,1.095,1.095,1.800,1.800,1.005,5.110,1.000,No,No,No,66.8,1.095,1.110,1.800,1.800,1.005,5.110,1.625,No,No,No,41,41,94.0,100.0,No,No,32291,48158,38,70,99.0,100.0,No,No,1856,3314,0.1,1.9,1.9,0.064,0.068,62648,43365,0.2,0.0,0.2,1.878,0.000,35033,12253,75.5,74.0,83.0,83.0,0.875,20.496,20.487,20.505,63.641,35.533,46.929,14.956,62.089,3.000,17.917,68.635,35.204,100.000,140.000,2250.0,2200.2,1890.0,2228.1,1905.0,62.0,23.0,0.0,10.0,66.9,14.3,57.4,0.0,0.0,0.0,Yes,No,No,No,No,Yes,No,0,0,0,0,0,0,0,0,0,4,0,0,0,0,0,0,0,0,0,0,0,0,0,0,0,0,0,0,0,0,2709,5479,5247,319,16.0,68,0.297,50.829,600.0,2394.0,0.2,0.0,0.0,0.0,0.0,0.0,0.0,0.0,0.0,2,16190,2,No,No,No,No,No,No,No,No,16.703,68.277,100.0,0.000,24.1,120,0,0,10.0,120.0,135.5,103.7,102.1,102.7,101.9,120.0,149.2,100.0,96.7,98.0,96.3,8.34,9.65,7.37,7.08,9.73,9.80,5.57,2.77,8.03,0.31,0.67,1446,246,1.4,0.9,0,0,0.0,0.0,0,
11.6.2026,17:28:3.321,25468,23300,52.2,20292,12091,62.6,9.2,16384,1501,1.206,1.217,1.204,1.219,1.214,1.199,1.194,1.192,1.187,1.222,1.222,1.202,1.197,1.197,1.217,1.061,0.781,3733.7,4489.0,4489.0,4489.0,4489.0,4489.0,4489.0,1895.4,3591.2,3591.2,3591.2,1895.4,3591.2,3591.2,3591.2,99.8,3890.5,1276.5,1892.1,1336.7,1550.2,1447.3,2279.4,2213.5,2183.7,2056.0,1223.6,1361.1,1251.5,1366.8,638.4,618.2,697.4,628.2,681.9,693.1,666.3,743.6,1421.5,29.8,42.6,29.1,34.5,32.5,50.3,48.7,48.3,45.3,27.2,30.4,28.0,30.2,17.6,17.1,19.5,17.3,18.7,19.2,18.3,21.2,50.3,29.8,100.0,54.6,74.2,52.3,60.2,56.9,88.4,86.4,84.5,80.5,47.9,53.2,48.8,53.4,36.2,34.8,39.6,35.7,39.2,39.5,37.9,42.3,54.6,37.4,45.0,45.0,45.0,45.0,45.0,45.0,19.0,36.0,36.0,36.0,19.0,36.0,36.0,36.0,39.0,70,74,71,75,71,70,68,69,69,69,69,68,68,68,68,30,26,29,25,29,30,32,31,31,31,31,32,32,32,32,81,75,No,No,No,No,No,No,No,No,No,No,No,No,No,No,No,No,No,No,No,No,No,No,No,No,No,No,No,No,No,No,No,No,No,No,No,No,No,No,No,No,No,No,No,No,No,No,No,No,82,74,68,1.100,47.251,46.660,39.448,0.002,5.672,0.763,175.0,175.0,175.0,175.0,0,0.0,0.0,30.8,42.9,30.0,35.3,33.3,50.9,49.4,48.9,46.0,28.2,31.3,28.9,31.2,18.8,18.5,20.8,18.6,20.0,20.4,19.5,22.4,19.5,38.0,42.6,12.6,15.2,49.9,48.6,7.0,6.3,11.8,10.4,4.2,10.8,7.6,7.2,37.2,0.0,0.0,0.5,0.7,0.0,0.0,67.4,68.4,60.5,63.8,68.6,61.6,65.7,63.0,0.3,0.0,0.3,0.0,0.5,0.3,0.4,2394.1,24.00,36,35,35,68,103,383,2,2,Yes,No,No,No,No,No,No,No,No,No,Yes,No,No,Yes,No,No,No,No,No,No,No,Yes,No,No,No,No,No,No,No,No,No,No,No,No,No,No,No,No,85.0,5040,4500,5040,66.5,1.095,1.110,1.815,1.800,1.005,5.110,2.250,No,No,No,66.8,1.095,1.110,1.800,1.800,1.005,5.110,1.375,No,No,No,42,42,94.0,100.0,No,No,32291,48158,38,70,99.0,100.0,No,No,1856,3314,0.0,1.6,1.6,0.000,0.081,62648,43365,0.0,0.0,0.0,0.000,0.000,35033,12253,75.3,74.0,82.8,83.0,0.875,20.505,20.497,20.513,64.725,35.273,47.485,15.004,62.708,3.000,17.965,64.685,36.063,100.000,140.000,2250.0,2200.2,1890.0,2227.8,1905.0,63.0,23.0,0.0,10.0,66.9,14.7,58.6,0.0,0.0,0.0,Yes,No,No,No,No,Yes,No,0,0,0,0,0,0,0,0,0,4,0,0,0,0,0,0,0,0,0,0,0,0,0,0,0,0,0,0,0,0,2709,5479,5247,319,16.0,68,0.300,45.678,600.0,2394.0,0.1,0.0,0.0,0.0,0.0,0.0,0.0,0.0,0.0,2,16190,2,No,No,No,No,No,No,No,No,16.703,68.277,100.0,0.000,24.1,120,0,0,8.9,120.1,141.2,105.3,102.4,103.5,102.1,120.1,151.9,100.9,100.3,100.5,100.2,8.33,9.53,7.05,6.40,9.69,9.80,5.75,2.58,8.02,0.31,0.78,1446,246,1.4,1.0,0,0,0.0,0.0,0,
11.6.2026,17:28:4.324,25471,23297,52.2,20295,12089,62.6,9.2,16384,1501,1.189,1.217,1.182,1.167,1.147,1.178,1.188,1.188,1.183,1.203,1.173,1.213,1.198,1.213,1.193,1.061,0.781,3349.0,4489.0,798.0,4489.0,4489.0,4489.0,4489.0,3591.2,1895.4,1895.4,3591.2,3591.2,1895.4,3591.2,3591.2,99.8,3890.5,1274.1,1754.3,1410.9,1516.6,1423.2,2505.1,1963.7,2273.2,2050.8,1263.6,1300.1,1424.9,1340.2,625.4,618.2,654.3,635.0,647.1,655.3,667.3,752.6,1422.5,30.7,40.3,32.1,34.6,32.8,56.3,43.9,50.9,45.9,29.2,30.0,32.6,30.7,18.4,18.6,19.4,18.9,18.8,19.0,19.5,22.7,56.3,30.7,100.0,54.4,68.6,55.1,59.0,55.9,97.3,76.5,88.4,80.1,49.2,50.7,55.9,52.8,35.6,35.1,37.3,36.2,37.0,37.5,37.7,42.6,54.4,33.6,45.0,8.0,45.0,45.0,45.0,45.0,36.0,19.0,19.0,36.0,36.0,19.0,36.0,36.0,39.0,71,74,73,77,74,74,71,69,69,69,69,68,68,68,68,29,26,27,23,26,26,29,31,31,31,31,32,32,32,32,81,77,No,No,No,No,No,No,No,No,No,No,No,No,No,No,No,No,No,No,No,No,No,No,No,No,No,No,No,No,No,No,No,No,No,No,No,No,No,No,No,No,No,No,No,No,No,No,No,No,81,75,68,1.100,63.282,50.198,42.978,0.002,5.674,0.761,175.0,175.0,175.0,175.0,0,0.0,0.0,30.6,40.0,32.0,34.5,32.6,55.9,43.8,50.8,45.8,29.1,29.9,32.6,30.7,18.4,18.4,19.3,18.9,18.8,19.1,19.6,22.9,19.5,38.3,44.4,13.3,14.7,51.0,47.3,7.8,7.6,7.1,10.7,6.3,6.4,12.6,5.3,37.5,0.0,0.0,0.6,0.5,0.0,0.0,67.0,67.3,66.4,63.0,68.0,67.1,61.0,64.6,0.1,0.2,0.0,0.1,0.1,0.0,0.1,2394.1,24.00,36,35,35,68,103,383,2,2,Yes,No,No,No,No,No,No,No,No,No,Yes,No,No,No,No,No,No,No,No,No,No,No,No,No,No,No,No,Yes,No,No,No,No,No,No,No,Yes,No,No,85.0,4980,4500,5040,66.8,1.095,1.110,1.815,1.815,1.005,5.110,1.250,No,No,No,66.8,1.095,1.110,1.815,1.815,1.005,5.110,1.875,No,No,No,42,42,94.0,100.0,No,No,32291,48158,38,70,99.0,100.0,No,No,1856,3314,0.0,2.2,2.2,0.000,0.126,62648,43366,0.2,0.0,0.2,1.180,0.000,35034,12253,75.4,74.0,82.9,83.0,0.875,20.493,20.484,20.502,64.231,33.144,46.849,14.871,61.956,3.000,17.847,53.045,34.437,100.000,140.000,2250.0,2200.2,1890.0,2228.7,1905.0,63.0,23.0,0.0,10.0,66.9,14.3,57.3,0.0,0.0,0.0,Yes,No,No,No,No,Yes,No,0,0,0,0,0,0,0,0,0,4,0,0,0,0,0,0,0,0,0,0,0,0,0,0,0,0,0,0,0,0,2709,5479,5247,319,16.0,68,0.297,49.599,600.0,2394.0,0.1,0.0,0.0,0.0,0.0,0.0,0.0,0.0,0.0,2,16190,2,No,No,No,No,No,No,No,No,16.703,68.277,100.0,0.000,24.1,119,0,0,7.3,118.9,138.6,97.8,58.7,70.6,55.8,119.0,143.7,90.8,58.3,68.6,55.8,8.41,10.26,7.21,7.16,14.19,17.95,5.65,2.73,8.09,0.32,0.74,1446,246,1.9,1.2,0,0,0.0,0.0,0,
11.6.2026,17:28:5.319,25472,23296,52.2,20299,12084,62.6,9.2,16384,1501,1.191,1.254,1.215,1.190,1.170,1.190,1.193,1.198,1.193,1.178,1.178,1.178,1.178,1.178,1.173,1.061,0.781,3976.0,4489.0,4489.0,4489.0,4489.0,4489.0,4489.0,3591.2,3591.2,3591.2,3591.2,3591.2,3591.2,3591.2,3591.2,99.8,3890.5,1270.4,1564.0,1506.7,1594.8,1622.4,1890.1,2504.3,1910.5,2357.8,1281.2,1240.0,1294.9,1342.0,645.4,628.5,676.9,651.0,624.9,667.2,676.9,728.5,1419.4,30.5,35.7,34.2,36.0,37.1,42.3,56.0,42.7,52.6,29.5,28.4,29.8,30.7,18.6,18.0,19.6,18.8,18.0,19.2,19.7,22.4,56.0,30.5,100.0,54.3,61.0,58.8,62.5,64.1,73.9,97.0,74.7,91.8,50.0,48.2,50.5,52.4,36.6,35.7,38.3,36.8,35.4,37.8,38.5,41.4,54.2,39.9,45.0,45.0,45.0,45.0,45.0,45.0,36.0,36.0,36.0,36.0,36.0,36.0,36.0,36.0,39.0,70,73,73,75,72,71,71,70,70,70,70,68,68,68,68,30,27,27,25,28,29,29,30,30,30,30,32,32,32,32,81,75,No,No,No,No,No,No,No,No,No,No,No,No,No,No,No,No,No,No,No,No,No,No,No,No,No,No,No,No,No,No,No,No,No,No,No,No,No,No,No,No,No,No,No,No,No,No,No,No,81,74,68,1.100,21.094,47.013,39.799,0.002,5.691,0.760,175.0,175.0,175.0,175.0,0,0.0,0.0,30.5,35.5,34.2,36.1,36.9,42.2,55.9,42.7,52.6,29.5,28.5,29.9,30.7,18.9,18.2,19.8,19.2,18.2,19.4,20.0,22.4,19.5,38.9,39.8,14.7,15.8,51.3,48.5,6.9,7.1,9.4,13.3,6.3,4.8,9.7,6.7,37.4,0.0,0.0,0.0,0.4,0.0,0.0,67.4,68.0,63.7,60.7,68.9,68.6,62.7,63.7,0.2,0.0,0.5,0.0,0.3,0.0,0.1,2394.1,24.00,36,35,35,68,103,383,2,2,Yes,No,No,No,No,No,No,No,No,No,Yes,No,No,Yes,No,No,No,No,No,No,No,Yes,No,No,No,No,No,No,No,No,No,No,No,No,No,No,No,No,84.0,4980,4440,5040,66.8,1.095,1.110,1.815,1.815,1.005,5.110,1.500,No,No,No,66.8,1.095,1.110,1.815,1.815,1.005,5.110,2.625,No,No,No,41,41,94.0,100.0,No,No,32291,48158,37,70,99.0,100.0,No,No,1856,3314,0.0,0.9,0.9,0.000,0.138,62648,43366,0.1,0.0,0.1,0.064,0.000,35034,12253,75.4,74.0,83.0,83.0,0.875,20.506,20.498,20.515,64.439,35.452,46.038,14.943,61.195,3.000,17.906,72.153,32.927,100.000,140.000,2250.0,2200.2,1890.0,2228.2,1905.0,62.0,23.0,0.0,10.0,65.8,14.8,59.0,0.0,0.0,0.0,Yes,No,No,No,No,Yes,No,0,0,0,0,0,0,0,0,0,4,0,0,0,0,0,0,0,0,0,0,0,0,0,0,0,0,0,0,0,0,2803,5385,5153,319,16.0,68,0.297,45.482,600.0,2394.0,0.1,0.0,0.0,0.0,0.0,0.0,0.0,0.0,0.0,2,16190,2,No,No,No,No,No,No,No,No,16.703,68.277,100.0,0.000,24.1,120,0,0,8.9,120.1,138.4,100.3,98.7,99.0,98.6,120.2,148.0,101.1,99.2,100.0,99.0,8.33,9.99,7.23,6.46,10.13,10.16,5.74,2.59,8.01,0.32,0.88,1446,246,1.0,0.7,0,0,0.0,0.0,0,
11.6.2026,17:28:6.318,25371,23397,52.0,20297,12087,62.6,9.2,16384,1501,1.181,1.213,1.158,1.168,1.183,1.183,1.168,1.178,1.153,1.168,1.178,1.193,1.203,1.188,1.193,1.061,0.778,3854.9,4489.0,4489.0,4489.0,4489.0,4489.0,4489.0,3591.2,3591.2,3591.2,3591.2,3591.2,1895.4,3591.2,3591.2,99.8,3890.5,1260.2,1412.7,1584.9,1686.7,1423.0,1728.7,2590.9,1889.5,2563.3,1441.7,1026.0,1311.8,1288.2,603.5,573.0,637.4,605.3,664.1,650.1,729.3,793.5,1397.9,30.4,32.3,36.2,38.3,33.0,38.9,58.0,42.5,57.3,33.4,23.7,30.4,29.5,17.8,16.9,18.8,18.1,19.4,19.1,21.3,23.7,58.0,30.4,100.0,53.9,55.0,62.0,65.5,56.3,67.7,100.5,73.8,99.5,56.3,39.9,51.3,50.2,34.4,32.5,36.2,34.5,38.3,36.9,41.7,45.2,53.9,38.6,45.0,45.0,45.0,45.0,45.0,45.0,36.0,36.0,36.0,36.0,36.0,19.0,36.0,36.0,39.0,71,73,74,75,77,71,70,70,70,70,70,70,70,70,70,29,27,26,25,23,29,30,30,30,30,30,30,30,30,30,81,77,No,No,No,No,No,No,No,No,No,No,No,No,No,No,No,No,No,No,No,No,No,No,No,No,No,No,No,No,No,No,No,No,No,No,No,No,No,No,No,No,No,No,No,No,No,No,No,No,81,77,68,1.100,48.094,45.327,38.036,0.002,5.679,0.759,175.0,175.0,175.0,175.0,0,0.0,0.0,30.3,31.9,36.0,38.2,32.5,38.8,57.8,42.4,57.1,33.2,23.6,30.3,29.3,17.7,16.8,18.8,17.9,19.4,19.1,21.3,23.6,20.5,40.6,42.0,15.5,14.3,52.4,49.1,9.4,5.6,12.6,12.2,5.0,5.3,18.1,5.7,36.9,0.0,0.0,0.0,0.0,0.0,0.0,66.2,71.5,61.8,62.6,68.6,68.9,53.5,63.6,0.1,0.3,0.1,0.0,0.0,0.0,0.2,2394.1,24.00,36,35,35,68,103,383,2,2,Yes,No,No,No,No,No,No,No,No,No,Yes,No,No,Yes,No,No,No,No,No,No,No,Yes,No,No,No,No,No,Yes,No,No,No,No,No,No,No,Yes,No,No,85.0,5100,4440,5040,66.8,1.095,1.110,1.815,1.815,1.005,5.110,1.750,No,No,No,67.0,1.095,1.110,1.815,1.815,1.005,5.110,1.000,No,No,No,41,41,94.0,100.0,No,No,32291,48158,37,70,99.0,100.0,No,No,1856,3314,0.0,1.3,1.3,0.000,0.023,62648,43366,0.0,0.0,0.0,0.000,0.000,35034,12253,75.8,74.0,83.8,83.0,0.875,20.502,20.494,20.510,64.326,27.212,46.957,14.920,62.085,3.000,17.882,12.764,32.876,100.000,140.000,2250.0,2200.2,1890.0,2228.2,1905.0,64.0,23.0,0.0,10.0,65.8,14.6,58.4,0.0,0.0,0.0,Yes,No,No,No,No,Yes,No,0,0,0,0,0,0,0,0,0,4,0,0,0,0,0,0,0,0,0,0,0,0,0,0,0,0,0,0,0,0,2803,5385,5153,319,16.0,68,0.300,47.042,600.0,2394.0,0.2,0.0,0.0,0.0,0.0,0.0,0.0,0.0,0.0,2,16190,2,No,No,No,No,No,No,No,No,16.703,68.277,100.0,0.000,24.1,120,0,0,8.3,119.8,135.8,103.1,85.6,92.3,83.8,119.8,154.5,101.1,99.8,100.4,99.7,8.35,9.75,7.36,7.13,10.89,11.97,5.68,2.67,8.03,0.32,0.83,1446,246,2.3,1.4,0,0,0.0,0.0,0,
11.6.2026,17:28:7.313,25369,23399,52.0,20290,12094,62.6,9.2,16384,1501,1.164,1.249,1.194,1.169,1.149,1.154,1.144,1.152,1.152,1.152,1.152,1.162,1.152,1.152,1.162,1.061,0.781,3976.0,4489.0,4489.0,4489.0,4489.0,4489.0,4489.0,3591.2,3591.2,3591.2,3591.2,3591.2,3591.2,3591.2,3591.2,99.8,3890.5,1295.4,1803.2,1313.6,1708.7,1328.5,1773.9,2526.3,1878.3,2505.1,1419.6,1179.5,1418.8,1255.4,715.0,632.8,744.2,698.0,741.3,707.5,729.7,829.1,1431.3,31.5,41.2,30.2,38.6,30.7,39.8,56.6,42.1,56.0,32.5,27.0,32.6,28.5,21.0,18.6,22.7,20.7,22.3,20.7,22.0,25.6,56.6,31.5,100.0,55.6,70.7,51.6,66.4,52.5,69.4,97.9,73.3,96.9,55.3,45.8,55.2,48.9,40.6,35.8,42.0,39.5,42.1,40.1,41.0,46.7,55.6,39.9,45.0,45.0,45.0,45.0,45.0,45.0,36.0,36.0,36.0,36.0,36.0,36.0,36.0,36.0,39.0,71,74,74,75,75,71,71,69,69,69,69,69,69,68,68,29,26,26,25,25,29,29,31,31,31,31,31,31,32,32,82,75,No,No,No,No,No,No,No,No,No,No,No,No,No,No,No,No,No,No,No,No,No,No,No,No,No,No,No,No,No,No,No,No,No,No,No,No,No,No,No,No,No,No,No,No,No,No,No,No,79,72,68,1.100,18.563,49.278,42.067,0.003,5.677,0.763,175.0,175.0,175.0,175.0,0,0.0,0.0,31.5,41.0,30.2,38.6,30.4,39.8,56.5,42.2,56.0,32.6,27.0,32.7,28.5,21.2,18.8,22.7,20.8,22.5,20.9,22.1,25.9,20.7,39.5,43.1,15.9,14.3,49.1,47.7,10.4,8.4,12.8,11.3,5.7,10.9,14.6,6.1,35.0,0.0,0.0,0.0,0.0,0.0,0.0,61.3,66.5,57.5,60.8,65.0,61.5,56.3,60.9,0.2,0.2,0.0,0.0,0.0,0.4,0.3,2394.1,24.00,36,35,35,68,103,383,2,2,Yes,No,No,No,No,No,No,No,No,No,Yes,No,No,Yes,No,No,No,No,No,No,No,Yes,No,No,No,No,No,Yes,No,No,No,No,No,No,No,Yes,No,No,84.0,5100,4560,5040,66.8,1.095,1.110,1.815,1.815,1.005,5.110,2.875,No,No,No,67.0,1.095,1.110,1.815,1.815,1.005,5.110,1.250,No,No,No,41,41,94.0,100.0,No,No,32291,48158,38,70,99.0,100.0,No,No,1856,3314,0.5,1.2,1.7,0.056,0.138,62648,43366,0.1,0.0,0.1,0.064,0.000,35034,12253,76.6,74.0,85.3,83.0,0.875,20.502,20.494,20.510,64.643,26.384,46.223,14.940,61.388,3.000,17.914,10.009,31.214,100.000,140.000,2250.0,2200.2,1890.0,2227.9,1905.0,62.0,23.0,0.0,10.0,65.8,14.4,57.7,0.0,0.0,0.0,Yes,No,No,No,No,Yes,No,0,0,0,0,0,0,0,0,0,4,0,0,0,0,0,0,0,0,0,0,0,0,0,0,0,0,0,0,0,0,2803,5385,5153,319,16.0,68,0.300,50.003,600.0,2394.0,0.1,0.0,0.0,0.0,0.0,0.0,0.0,0.0,0.0,2,16190,2,No,No,No,No,No,No,No,No,16.703,68.277,100.0,0.000,24.1,120,0,0,7.8,120.0,136.7,104.7,101.8,102.8,101.5,120.0,152.3,102.8,95.9,98.7,95.1,8.33,9.53,7.30,7.01,9.81,10.05,5.68,2.64,8.02,0.32,0.77,1446,246,1.7,1.6,0,0,0.0,0.0,0,
11.6.2026,17:28:8.327,25366,23402,52.0,20287,12096,62.6,9.2,16384,1501,1.207,1.173,1.173,1.177,1.227,1.197,1.195,1.195,1.205,1.225,1.245,1.197,1.222,1.227,1.237,1.061,0.781,3591.2,798.0,4489.0,4489.0,4489.0,4489.0,4489.0,1895.4,3591.2,3591.2,3591.2,3591.2,3591.2,3591.2,3591.2,99.8,3890.5,1258.2,1251.2,1679.7,1617.2,1459.8,1890.2,2517.2,2000.1,2304.5,1334.1,1210.0,1423.7,1245.5,595.2,589.3,625.9,607.1,677.4,671.2,718.4,747.1,1396.9,30.5,28.6,38.4,36.9,34.0,42.3,56.4,44.7,51.8,31.1,28.2,32.9,28.7,17.9,17.7,18.4,18.1,19.9,19.6,21.1,23.2,56.4,30.5,100.0,53.9,48.9,65.7,62.9,57.7,73.7,97.9,77.7,89.8,52.2,47.2,55.5,49.1,33.9,33.5,35.6,34.6,38.9,38.5,41.1,42.5,53.9,36.0,8.0,45.0,45.0,45.0,45.0,45.0,19.0,36.0,36.0,36.0,36.0,36.0,36.0,36.0,39.0,70,73,71,75,72,69,69,68,68,68,68,68,68,68,68,30,27,29,25,28,31,31,32,32,32,32,32,32,32,32,81,75,No,No,No,No,No,No,No,No,No,No,No,No,No,No,No,No,No,No,No,No,No,No,No,No,No,No,No,No,No,No,No,No,No,No,No,No,No,No,No,No,No,No,No,No,No,No,No,No,81,77,68,1.100,26.157,47.158,39.933,0.002,5.674,0.758,175.0,175.0,175.0,175.0,0,0.0,0.0,30.3,28.3,38.2,36.7,33.5,42.2,56.2,44.7,51.6,31.0,28.0,32.8,28.5,17.7,17.5,18.3,18.0,19.9,19.5,21.1,23.1,18.9,41.2,42.3,14.1,15.5,50.5,48.1,6.0,4.2,8.7,9.6,4.1,3.6,12.4,3.7,38.3,0.0,0.0,0.0,0.2,0.0,0.0,69.6,71.8,65.8,65.1,68.8,69.7,59.1,66.0,0.1,0.0,0.1,0.0,0.0,0.3,0.3,2394.1,24.00,36,35,35,68,103,383,2,2,Yes,No,No,No,No,No,No,No,No,No,Yes,No,No,No,No,No,No,No,No,No,No,No,No,No,No,No,No,Yes,No,No,No,No,No,No,No,Yes,No,No,85.0,4980,4620,5040,66.8,1.095,1.110,1.815,1.815,1.005,5.110,1.125,No,No,No,67.0,1.095,1.110,1.815,1.815,1.005,5.110,1.250,No,No,No,41,41,94.0,100.0,No,No,32291,48158,37,70,99.0,100.0,No,No,1856,3314,0.0,0.7,0.7,0.000,0.089,62648,43366,0.0,0.0,0.0,0.000,0.000,35034,12253,75.8,72.0,84.2,83.0,0.875,20.506,20.497,20.514,63.133,26.510,45.673,14.881,60.763,3.000,17.839,9.952,33.459,100.000,140.000,2250.0,2200.2,1890.0,2228.3,1905.0,61.0,23.0,0.0,10.0,65.8,14.0,55.9,0.0,0.0,0.0,Yes,No,No,No,No,Yes,No,0,0,0,0,0,0,0,0,0,4,0,0,0,0,0,0,0,0,0,0,0,0,0,0,0,0,0,0,0,0,2802,5386,5154,319,16.0,68,0.300,46.732,600.0,2394.0,0.2,0.0,0.0,0.0,0.0,0.0,0.0,0.0,0.0,2,16190,2,No,No,No,No,No,No,No,No,16.704,68.277,100.0,0.000,24.1,118,0,0,8.6,117.9,137.0,67.7,55.3,58.9,54.3,118.1,153.5,75.6,57.5,64.2,55.8,8.48,14.79,7.25,7.00,17.02,18.44,5.59,2.89,8.17,0.31,0.97,1446,246,5.9,2.2,0,0,0.0,0.0,0,
11.6.2026,17:28:9.325,25364,23404,52.0,20284,12100,62.6,9.2,16384,1501,1.183,1.205,1.152,1.147,1.175,1.185,1.165,1.170,1.175,1.185,1.185,1.195,1.205,1.210,1.215,1.061,0.778,3505.7,4489.0,4489.0,4489.0,4489.0,4688.5,4489.0,1895.4,1895.4,3591.2,3591.2,1895.4,1895.4,3591.2,3591.2,99.8,3890.5,1245.2,1754.4,1310.5,1669.8,1310.6,2254.1,2124.2,2369.7,1935.4,1322.4,1155.2,1360.9,1221.1,587.9,608.1,649.8,633.0,616.6,611.6,693.1,715.7,1391.7,30.0,40.1,29.7,37.9,30.3,50.5,47.4,53.1,43.2,30.6,26.6,31.4,28.1,17.4,17.5,19.1,18.6,18.0,17.7,20.5,21.7,53.1,30.0,100.0,53.1,68.6,51.3,65.0,51.8,87.6,82.6,92.3,75.2,51.7,45.1,53.2,47.6,33.3,34.5,36.8,36.1,35.1,35.0,39.4,40.4,53.1,35.1,45.0,45.0,45.0,45.0,47.0,45.0,19.0,19.0,36.0,36.0,19.0,19.0,36.0,36.0,39.0,70,75,71,75,72,74,71,68,68,68,68,68,68,68,68,30,25,29,25,28,26,29,32,32,32,32,32,32,32,32,79,75,No,No,No,No,No,No,No,No,No,No,No,No,No,No,No,No,No,No,No,No,No,No,No,No,No,No,No,No,No,No,No,No,No,No,No,No,No,No,No,No,No,No,No,No,No,No,No,No,81,75,68,1.100,49.782,47.991,40.722,0.002,5.658,0.756,175.0,175.0,175.0,175.0,0,0.0,0.0,29.9,39.8,29.6,37.7,30.0,50.3,47.4,52.9,43.2,30.6,26.6,31.3,28.1,17.4,17.6,19.2,18.8,18.0,17.8,20.6,21.7,18.5,40.3,44.0,15.0,14.1,52.4,49.7,3.1,4.2,6.1,7.7,4.8,3.7,9.5,4.0,39.3,0.0,0.0,0.0,0.8,0.0,0.0,72.6,71.7,67.7,66.1,70.6,71.5,62.3,67.3,0.1,0.1,0.1,0.0,0.0,0.1,0.0,2394.1,24.00,36,35,35,68,103,383,2,2,Yes,No,No,No,No,No,No,No,No,No,Yes,No,No,Yes,No,No,No,No,No,No,No,Yes,No,No,No,No,No,No,No,No,No,No,No,No,No,No,No,No,84.0,4980,4560,5040,67.0,1.095,1.110,1.815,1.815,1.005,5.110,2.500,No,No,No,67.0,1.095,1.110,1.800,1.815,1.005,5.110,1.875,No,No,No,42,42,94.0,100.0,No,No,32291,48158,37,70,99.0,100.0,No,No,1856,3314,0.0,0.7,0.7,0.000,0.034,62648,43366,0.1,0.0,0.1,1.101,0.000,35036,12253,75.2,74.0,83.0,83.0,0.875,20.509,20.502,20.517,62.692,26.208,45.832,14.905,60.956,3.000,17.870,9.948,30.943,100.000,140.000,2250.0,2200.2,1890.0,2228.2,1905.0,61.0,23.0,0.0,9.0,65.8,14.1,56.4,0.0,0.0,0.0,Yes,No,No,No,No,Yes,No,0,0,0,0,0,0,0,0,0,4,0,0,0,0,0,0,0,0,0,0,0,0,0,0,0,0,0,0,0,0,2802,5386,5155,319,16.0,68,0.300,47.836,600.0,2394.0,0.1,0.0,0.0,0.0,0.0,0.0,0.0,0.0,0.0,2,16190,2,No,No,No,No,No,No,No,No,16.703,68.277,100.0,0.000,24.1,119,0,0,8.3,119.1,138.3,97.1,65.2,75.9,62.6,119.1,161.7,94.5,58.5,70.2,55.8,8.40,10.42,7.23,7.03,13.25,15.99,5.57,2.82,8.08,0.32,0.97,1446,246,1.4,0.9,0,0,0.0,0.0,0,
11.6.2026,17:28:10.325,25369,23399,52.0,20283,12101,62.6,9.2,16384,1501,1.174,1.220,1.143,1.148,1.148,1.196,1.166,1.171,1.156,1.201,1.166,1.176,1.166,1.186,1.196,1.061,0.781,3626.8,4489.0,4489.0,4489.0,4489.0,4688.5,4489.0,1895.4,1895.4,3591.2,3591.2,1895.4,3591.2,3591.2,3591.2,99.8,3890.5,1230.9,1572.1,1421.8,1624.3,1394.2,2353.5,1974.0,2342.5,1869.1,1349.8,1093.5,1345.3,1217.4,595.1,575.0,623.4,640.4,598.5,625.1,723.9,678.4,1374.5,29.5,35.9,32.3,36.8,32.0,52.6,44.1,52.2,41.8,31.4,25.0,31.0,27.8,17.1,16.7,18.1,18.6,17.3,18.1,21.3,20.5,52.6,29.5,100.0,52.5,61.5,55.5,63.6,54.9,91.4,76.7,91.4,72.9,52.7,42.5,52.4,47.6,34.0,32.7,35.4,36.4,33.9,35.5,40.9,38.5,52.5,36.4,45.0,45.0,45.0,45.0,47.0,45.0,19.0,19.0,36.0,36.0,19.0,36.0,36.0,36.0,39.0,70,74,73,75,72,72,71,68,68,68,68,68,68,68,68,30,26,27,25,28,28,29,32,32,32,32,32,32,32,32,79,75,No,No,No,No,No,No,No,No,No,No,No,No,No,No,No,No,No,No,No,No,No,No,No,No,No,No,No,No,No,No,No,No,No,No,No,No,No,No,No,No,No,No,No,No,No,No,No,No,81,73,68,1.100,30.375,46.518,39.576,0.002,5.663,0.748,175.0,175.0,175.0,175.0,0,0.0,0.0,29.6,35.6,32.3,36.9,31.8,52.4,44.1,52.3,41.7,31.3,25.0,31.0,27.8,17.3,16.8,18.3,18.8,17.5,18.2,21.5,20.6,20.8,41.0,43.1,14.0,15.9,52.3,49.9,8.2,5.7,11.3,13.2,5.9,6.1,17.6,6.9,37.4,0.0,0.0,0.5,0.5,0.0,0.0,67.6,71.4,63.3,61.1,69.9,69.3,54.5,65.6,0.2,0.1,0.7,0.6,0.0,0.1,0.0,2394.1,24.00,36,35,35,68,103,383,2,2,Yes,No,No,No,No,No,No,No,No,No,Yes,No,No,Yes,No,No,No,No,No,No,No,Yes,No,No,No,No,No,Yes,No,No,No,No,No,No,No,Yes,No,No,84.0,5040,4560,5040,67.0,1.095,1.110,1.815,1.815,1.005,5.110,1.125,No,No,No,67.0,1.095,1.110,1.815,1.815,1.005,5.110,2.875,No,No,No,41,41,94.0,100.0,No,No,32291,48158,38,70,99.0,100.0,No,No,1856,3314,0.0,1.7,1.7,0.000,0.180,62648,43366,0.1,0.0,0.1,0.064,0.000,35036,12253,75.3,74.0,83.0,83.0,0.875,20.499,20.491,20.507,62.937,33.525,45.928,14.918,61.050,3.000,17.887,59.279,32.611,100.000,140.000,2250.0,2200.2,1890.0,2228.6,1905.0,61.0,23.0,0.0,10.0,65.8,14.0,56.0,0.0,0.0,0.0,Yes,No,No,No,No,Yes,No,0,0,0,0,0,0,0,0,0,4,0,0,0,0,0,0,0,0,0,0,0,0,0,0,0,0,0,0,0,0,2801,5387,5155,319,16.0,67,0.300,45.801,600.0,2394.0,0.2,0.0,0.0,0.0,0.0,0.0,0.0,0.0,0.0,2,16190,2,No,No,No,No,No,No,No,No,16.703,68.277,100.0,0.000,24.1,118,0,0,8.9,118.2,138.2,71.2,57.3,61.4,56.2,118.3,156.1,76.4,57.4,63.9,55.7,8.46,14.01,7.22,7.18,16.29,17.86,5.56,2.91,8.15,0.31,0.95,1446,246,1.2,1.2,0,0,0.0,0.0,0,
11.6.2026,17:28:11.325,25365,23402,52.0,20286,12098,62.6,9.2,16384,1501,1.170,1.260,1.149,1.184,1.145,1.160,1.155,1.165,1.165,1.175,1.165,1.165,1.170,1.160,1.160,1.061,0.781,3976.0,4489.0,4489.0,4489.0,4489.0,4489.0,4489.0,3591.2,3591.2,3591.2,3591.2,3591.2,3591.2,3591.2,3591.2,99.8,3890.5,1267.1,1741.5,1256.2,1713.4,1294.2,2208.1,2196.7,2487.2,2047.3,1368.7,1090.6,1353.1,1368.8,670.7,589.4,609.3,653.8,617.0,656.6,673.9,745.7,1415.6,29.3,38.8,27.4,38.0,28.7,48.8,48.3,54.8,44.9,30.5,24.1,30.0,30.1,18.5,15.7,16.5,18.1,16.7,17.7,18.2,21.1,54.8,29.3,100.0,54.1,68.1,49.3,66.7,50.9,86.2,85.1,97.1,79.7,53.4,42.5,52.7,53.3,38.2,33.4,34.4,37.0,35.2,37.7,38.3,42.2,54.1,39.9,45.0,45.0,45.0,45.0,45.0,45.0,36.0,36.0,36.0,36.0,36.0,36.0,36.0,36.0,39.0,70,72,71,74,75,72,73,69,69,69,69,68,68,68,68,30,28,29,26,25,28,27,31,31,31,31,32,32,32,32,81,75,No,No,No,No,No,No,No,No,No,No,No,No,No,No,No,No,No,No,No,No,No,No,No,No,No,No,No,No,No,No,No,No,No,No,No,No,No,No,No,No,No,No,No,No,No,No,No,No,81,72,68,1.100,58.220,46.576,39.137,0.002,5.684,0.761,175.0,175.0,175.0,175.0,0,0.0,0.0,30.4,39.5,28.5,38.8,29.6,49.3,49.0,55.5,45.6,31.6,25.2,31.1,31.3,19.9,17.1,18.0,19.5,18.0,19.1,19.7,22.4,19.8,41.1,43.4,14.7,12.6,52.6,46.5,6.4,6.1,12.2,10.1,8.7,4.8,10.8,6.8,37.5,0.0,0.0,0.1,0.1,0.0,0.0,66.6,70.4,62.9,63.0,66.5,69.0,62.0,64.1,0.1,0.0,0.2,0.1,0.0,0.0,0.3,2394.1,24.00,36,35,35,68,103,383,2,2,Yes,No,No,No,No,No,No,No,No,No,Yes,No,No,Yes,No,No,No,No,No,No,No,Yes,No,No,No,No,No,No,No,No,No,No,No,No,No,No,No,No,84.0,5100,4620,5040,67.0,1.095,1.110,1.815,1.815,0.990,5.110,1.500,No,No,No,67.0,1.095,1.110,1.815,1.815,1.005,5.110,2.500,No,No,No,41,41,94.0,100.0,No,No,32291,48158,37,70,99.0,100.0,No,No,1856,3314,0.0,1.9,1.9,0.000,0.076,62648,43366,0.0,0.0,0.0,0.000,0.000,35036,12253,76.5,74.0,85.1,83.0,0.875,20.502,20.495,20.510,63.455,33.498,45.803,14.879,60.914,3.000,17.858,61.008,31.025,100.000,140.000,2250.0,2200.2,1890.0,2228.2,1905.0,62.0,23.0,0.0,10.0,65.8,14.3,57.0,0.0,0.0,0.0,Yes,No,No,No,No,Yes,No,0,0,0,0,0,0,0,0,0,4,0,0,0,0,0,0,0,0,0,0,0,0,0,0,0,0,0,0,0,0,2801,5387,5155,319,16.0,68,0.300,46.196,600.0,2394.0,0.1,0.0,0.0,0.0,0.0,0.0,0.0,0.0,0.0,2,16190,2,No,No,No,No,No,No,No,No,16.703,68.277,100.0,0.000,24.1,120,0,0,8.1,120.0,137.9,105.9,99.7,102.3,99.0,120.0,143.8,100.9,92.9,96.2,92.0,8.33,9.47,7.25,7.06,9.75,10.02,5.59,2.74,8.02,0.32,0.74,1446,246,1.5,0.9,0,0,0.0,0.0,0,
11.6.2026,17:28:12.321,25365,23403,52.0,20286,12098,62.6,9.2,16384,1501,1.214,1.197,1.172,1.185,1.212,1.207,1.212,1.207,1.192,1.226,1.192,1.231,1.236,1.261,1.261,1.061,0.781,3349.0,4489.0,798.0,4489.0,4489.0,4489.0,4489.0,1895.4,3591.2,3591.2,3591.2,1895.4,1895.4,3591.2,3591.2,99.8,3890.5,1274.3,1804.7,1271.2,1679.9,1289.5,1942.5,2313.8,1894.1,2761.0,1410.0,1210.7,1332.3,1363.7,686.8,587.3,656.8,672.4,652.9,598.2,685.3,673.2,1429.8,30.7,41.1,28.9,38.3,29.8,43.7,51.7,42.3,61.9,32.6,27.9,30.7,31.3,20.1,17.0,19.1,19.6,19.2,17.5,20.4,21.0,61.9,30.7,100.0,54.4,70.5,49.9,65.4,50.6,76.4,89.9,73.7,106.7,55.4,47.3,52.1,53.3,39.3,33.8,37.8,38.5,37.2,34.3,38.7,38.0,54.5,33.6,45.0,8.0,45.0,45.0,45.0,45.0,19.0,36.0,36.0,36.0,19.0,19.0,36.0,36.0,39.0,69,72,71,75,71,69,70,68,68,68,68,68,68,68,68,31,28,29,25,29,31,30,32,32,32,32,32,32,32,32,81,75,No,No,No,No,No,No,No,No,No,No,No,No,No,No,No,No,No,No,No,No,No,No,No,No,No,No,No,No,No,No,No,No,No,No,No,No,No,No,No,No,No,No,No,No,No,No,No,No,81,76,68,1.100,35.438,48.831,41.517,0.003,5.691,0.767,175.0,175.0,175.0,175.0,0,0.0,0.0,30.6,40.8,28.8,38.2,29.6,43.5,51.6,42.2,61.6,32.5,27.8,30.6,31.1,20.1,17.1,19.1,19.6,19.3,17.5,20.4,21.0,19.5,39.7,43.4,16.9,9.5,49.3,47.9,6.5,5.6,8.5,8.9,5.9,6.1,18.3,6.7,37.3,0.0,0.0,0.1,0.0,0.0,0.0,65.8,70.5,65.0,64.1,67.8,69.5,54.4,65.6,0.2,0.0,0.6,0.0,0.0,0.2,0.1,2394.1,24.00,36,35,35,68,103,383,2,2,Yes,No,No,No,No,No,No,No,No,No,Yes,No,No,Yes,No,No,No,No,No,No,No,Yes,No,No,No,No,No,Yes,No,No,No,No,No,No,No,Yes,No,No,85.0,5100,4620,5040,67.0,1.095,1.110,1.815,1.815,0.990,5.110,1.625,No,No,No,67.0,1.095,1.110,1.815,1.815,0.990,5.110,2.125,No,No,No,42,42,94.0,100.0,No,No,32291,48158,38,70,99.0,100.0,No,No,1856,3314,0.0,1.5,1.5,0.000,0.085,62648,43366,0.1,0.0,0.1,0.129,0.000,35036,12253,75.5,74.0,83.5,83.0,0.875,20.501,20.492,20.509,63.680,34.078,45.863,14.898,60.972,3.000,17.874,64.721,31.218,100.000,140.000,2250.0,2200.2,1890.0,2228.1,1905.0,61.0,23.0,0.0,10.0,65.8,14.4,57.5,0.0,0.0,0.0,Yes,No,No,No,No,Yes,No,0,0,0,0,0,0,0,0,0,4,0,0,0,0,0,0,0,0,0,0,0,0,0,0,0,0,0,0,0,0,2801,5387,5155,319,16.0,68,0.297,51.334,600.0,2394.0,0.1,0.0,0.0,0.0,0.0,0.0,0.0,0.0,0.0,2,16190,2,No,No,No,No,No,No,No,No,16.703,68.277,100.0,0.000,24.1,120,0,0,8.8,120.0,134.4,108.0,106.4,107.1,106.2,120.0,155.1,100.5,99.7,99.9,99.6,8.33,9.32,7.44,7.25,9.37,9.40,5.60,2.73,8.01,0.32,0.78,1446,246,1.6,0.9,0,0,0.0,0.0,0,
11.6.2026,17:28:13.321,25367,23401,52.0,20280,12103,62.6,9.2,16384,1501,1.171,1.239,1.169,1.219,1.199,1.159,1.159,1.164,1.174,1.155,1.155,1.140,1.155,1.155,1.155,1.061,0.781,3776.5,4489.0,4489.0,4489.0,4489.0,4489.0,4489.0,798.0,3591.2,3591.2,3591.2,3591.2,3591.2,3591.2,3591.2,99.8,3890.5,1261.6,1600.1,1340.4,1708.6,1403.7,1919.8,2249.4,2112.9,2554.5,1221.6,1234.8,1235.5,1428.8,672.7,536.3,670.8,648.6,714.9,631.9,621.6,725.6,1408.7,30.2,37.0,30.5,38.7,32.2,42.8,50.3,47.1,56.8,28.1,28.1,28.3,32.4,19.4,15.4,19.2,18.9,20.6,18.1,18.0,21.2,56.8,30.2,100.0,53.9,62.7,52.5,66.4,55.2,75.4,87.6,82.4,98.6,47.8,47.9,48.2,55.5,38.4,30.5,38.4,37.1,40.7,36.1,35.2,41.2,53.9,37.9,45.0,45.0,45.0,45.0,45.0,45.0,8.0,36.0,36.0,36.0,36.0,36.0,36.0,36.0,39.0,71,74,71,75,74,72,71,69,69,69,69,69,69,69,69,29,26,29,25,26,28,29,31,31,31,31,31,31,31,31,81,75,No,No,No,No,No,No,No,No,No,No,No,No,No,No,No,No,No,No,No,No,No,No,No,No,No,No,No,No,No,No,No,No,No,No,No,No,No,No,No,No,No,No,No,No,No,No,No,No,81,77,68,1.100,48.938,45.626,38.414,0.002,5.679,0.760,175.0,175.0,175.0,175.0,0,0.0,0.0,30.3,36.9,30.6,38.8,32.0,42.8,50.3,47.0,56.9,28.3,28.3,28.5,32.6,19.7,15.6,19.6,19.2,20.9,18.4,18.3,21.4,20.6,40.6,41.7,18.4,9.3,52.3,48.3,11.6,5.7,9.6,12.6,11.2,5.5,16.4,4.7,36.7,0.0,0.0,0.0,0.6,0.0,0.0,61.7,72.3,63.6,60.9,60.7,69.4,58.1,67.0,0.2,0.7,0.7,0.0,0.0,0.0,0.0,2394.1,24.00,36,35,35,68,103,383,2,2,Yes,No,No,No,No,No,No,No,No,No,Yes,No,No,Yes,No,No,No,No,No,No,No,Yes,No,No,No,No,No,Yes,No,No,No,No,No,No,No,Yes,No,No,85.0,5100,4620,5040,67.0,1.095,1.110,1.815,1.815,0.990,5.110,2.500,No,No,No,67.2,1.110,1.110,1.815,1.815,0.990,5.110,1.500,No,No,No,41,41,94.0,100.0,No,No,32291,48158,37,70,99.0,100.0,No,No,1856,3314,0.0,0.4,0.4,0.000,0.022,62648,43366,0.1,0.0,0.1,0.064,0.000,35036,12253,74.8,74.0,82.0,83.0,0.875,20.509,20.501,20.516,62.855,26.420,45.659,14.863,60.749,3.000,17.842,10.183,32.642,100.000,140.000,2250.0,2200.2,1890.0,2228.5,1905.0,61.0,23.0,0.0,10.0,65.8,13.8,55.4,0.0,0.0,0.0,Yes,No,No,No,No,Yes,No,0,0,0,0,0,0,0,0,0,4,0,0,0,0,0,0,0,0,0,0,0,0,0,0,0,0,0,0,0,0,2800,5388,5156,319,16.0,67,0.297,44.484,600.0,2394.0,0.1,0.0,0.0,0.0,0.0,0.0,0.0,0.0,0.0,2,16190,2,No,No,No,No,No,No,No,No,16.703,68.277,100.0,0.000,24.1,118,0,0,8.8,117.7,137.1,65.2,50.8,55.1,49.7,117.7,156.5,66.6,57.9,61.0,57.0,8.50,15.39,7.28,6.82,18.22,20.23,5.61,2.89,8.18,0.32,0.87,1446,246,1.1,0.8,0,0,0.0,0.0,0,
11.6.2026,17:28:14.318,25371,23396,52.0,20283,12101,62.6,9.2,16384,1501,1.162,1.227,1.170,1.168,1.153,1.153,1.153,1.156,1.156,1.151,1.156,1.156,1.156,1.156,1.156,1.061,0.781,3976.0,4489.0,4489.0,4489.0,4489.0,4489.0,4489.0,3591.2,3591.2,3591.2,3591.2,3591.2,3591.2,3591.2,3591.2,99.8,3890.5,1277.0,1717.2,1335.8,1703.8,1409.5,1887.2,2456.4,1975.7,2605.8,1228.6,1274.3,1163.6,1534.0,637.5,608.3,646.1,647.3,664.9,622.2,702.3,720.0,1426.9,30.6,39.3,30.2,38.6,32.4,41.9,55.1,44.2,58.2,28.3,29.3,26.8,35.1,18.4,17.7,18.9,19.0,19.3,17.9,20.4,21.8,58.2,30.6,100.0,54.5,67.0,52.3,66.4,55.5,73.4,95.6,77.1,100.8,47.9,49.5,45.4,59.7,36.4,34.4,37.1,37.0,38.1,35.7,39.4,40.4,54.5,39.9,45.0,45.0,45.0,45.0,45.0,45.0,36.0,36.0,36.0,36.0,36.0,36.0,36.0,36.0,39.0,70,73,73,76,74,71,72,69,69,69,69,68,68,68,68,30,27,27,24,26,29,28,31,31,31,31,32,32,32,32,81,76,No,No,No,No,No,No,No,No,No,No,No,No,No,No,No,No,No,No,No,No,No,No,No,No,No,No,No,No,No,No,No,No,No,No,No,No,No,No,No,No,No,No,No,No,No,No,No,No,82,72,68,1.100,74.251,46.107,38.841,0.002,5.694,0.766,175.0,175.0,175.0,175.0,0,0.0,0.0,30.6,39.1,30.2,38.6,32.1,42.0,54.9,44.0,58.1,28.3,29.2,26.8,35.0,18.6,17.7,19.0,19.1,19.4,17.9,20.6,21.9,20.0,39.9,41.8,15.4,11.7,51.8,47.6,7.4,6.4,7.6,12.5,10.1,4.5,15.4,7.9,37.1,0.0,0.0,0.1,0.0,0.0,0.0,66.6,69.5,66.4,61.1,63.6,70.7,57.3,63.4,0.1,0.2,0.4,0.0,0.0,0.0,0.0,2394.1,24.00,36,35,35,68,103,383,2,2,Yes,No,No,No,No,No,No,No,No,No,Yes,No,No,Yes,No,No,No,No,No,No,No,Yes,No,No,No,No,No,Yes,No,No,No,No,No,No,No,Yes,No,No,85.0,5100,4680,5040,67.0,1.095,1.110,1.815,1.815,0.990,5.110,2.500,No,No,No,67.2,1.095,1.110,1.815,1.815,0.990,5.110,1.500,No,No,No,41,41,94.0,100.0,No,No,32291,48158,37,70,99.0,100.0,No,No,1856,3314,0.0,1.2,1.2,0.000,0.026,62648,43366,0.0,0.0,0.0,0.000,0.000,35036,12253,75.5,74.0,83.3,83.0,0.875,20.498,20.489,20.507,63.739,26.905,45.970,14.937,61.109,3.000,17.901,10.214,35.202,100.000,140.000,2250.0,2200.2,1890.0,2228.2,1905.0,62.0,23.0,0.0,10.0,65.8,14.4,57.6,0.0,0.0,0.0,Yes,No,No,No,No,Yes,No,0,0,0,0,0,0,0,0,0,4,0,0,0,0,0,0,0,0,0,0,0,0,0,0,0,0,0,0,0,0,2800,5388,5156,319,16.0,68,0.300,46.533,600.0,2394.0,0.1,0.0,0.0,0.0,0.0,0.0,0.0,0.0,0.0,2,16190,2,No,No,No,No,No,No,No,No,16.703,68.277,100.0,0.000,24.1,120,0,0,8.5,119.8,135.3,108.3,106.1,106.9,105.9,119.8,154.0,101.7,96.7,98.7,96.1,8.34,9.26,7.38,7.34,9.37,9.46,5.60,2.74,8.03,0.31,0.74,1446,246,1.7,1.2,0,0,0.0,0.0,0,
11.6.2026,17:28:15.317,25371,23397,52.0,20283,12101,62.6,9.2,16384,1501,1.172,1.196,1.172,1.157,1.162,1.187,1.157,1.172,1.167,1.162,1.152,1.172,1.197,1.192,1.167,1.061,0.778,3470.1,4489.0,4489.0,4489.0,4489.0,798.0,4489.0,1895.4,3591.2,3591.2,3591.2,1895.4,3591.2,3591.2,3591.2,99.8,3890.5,1273.7,2073.4,1178.6,1855.3,1071.5,2837.8,1649.8,2935.9,1453.5,1422.6,1050.5,1341.6,1281.6,676.2,592.9,653.9,633.6,694.3,661.5,683.6,724.9,1419.3,30.7,47.3,26.6,42.3,24.9,63.5,37.0,65.8,32.6,32.9,24.3,31.1,29.4,20.3,17.4,19.3,18.5,20.4,19.2,19.9,21.8,65.8,30.7,100.0,54.6,81.5,46.2,72.2,42.1,110.7,63.9,114.1,56.7,55.8,41.0,52.4,50.3,38.5,34.0,37.2,35.9,39.7,38.3,39.3,41.6,54.6,34.8,45.0,45.0,45.0,45.0,8.0,45.0,19.0,36.0,36.0,36.0,19.0,36.0,36.0,36.0,39.0,71,75,73,75,74,70,74,69,69,69,69,68,68,68,68,29,25,27,25,26,30,26,31,31,31,31,32,32,32,32,81,75,No,No,No,No,No,No,No,No,No,No,No,No,No,No,No,No,No,No,No,No,No,No,No,No,No,No,No,No,No,No,No,No,No,No,No,No,No,No,No,No,No,No,No,No,No,No,No,No,81,76,68,1.100,28.688,49.165,41.878,0.002,5.688,0.768,175.0,175.0,175.0,175.0,0,0.0,0.0,30.6,46.9,26.5,42.1,24.7,63.3,36.9,65.4,32.5,32.8,24.1,31.1,29.2,20.2,17.3,19.4,18.4,20.4,19.2,19.8,21.8,19.5,36.1,44.1,13.2,14.0,52.3,49.0,15.7,3.3,7.8,7.9,9.0,3.9,13.3,3.7,37.3,0.4,0.0,0.0,0.2,0.0,0.0,57.0,72.9,65.6,66.7,63.1,69.7,59.5,67.6,0.1,0.1,0.3,0.0,0.0,0.0,0.0,2394.1,24.00,36,35,35,68,103,383,2,2,Yes,No,No,No,No,No,No,No,No,No,Yes,No,No,Yes,No,No,No,No,No,No,No,Yes,No,No,No,No,No,Yes,No,No,No,No,No,No,No,Yes,No,No,85.0,4980,4620,5040,67.0,1.095,1.110,1.815,1.815,0.990,5.110,1.750,No,No,No,67.2,1.095,1.110,1.800,1.815,0.990,5.110,1.375,No,No,No,41,41,94.0,100.0,No,No,32291,48158,37,70,99.0,100.0,No,No,1856,3314,0.0,2.2,2.2,0.000,0.269,62648,43367,0.1,0.0,0.1,0.064,0.000,35036,12253,74.9,74.0,82.2,83.0,0.875,20.496,20.487,20.505,63.749,26.847,46.142,14.935,61.290,3.000,17.906,10.169,34.486,100.000,140.000,2250.0,2200.2,1890.0,2227.9,1905.0,62.0,23.0,0.0,10.0,65.8,14.3,57.0,0.0,0.0,0.0,Yes,No,No,No,No,Yes,No,0,0,0,0,0,0,0,0,0,4,0,0,0,0,0,0,0,0,0,0,0,0,0,0,0,0,0,0,0,0,2800,5388,5156,319,16.0,67,0.297,49.630,600.0,2394.0,0.2,0.0,0.0,0.0,0.0,0.0,0.0,0.0,0.0,2,16190,2,No,No,No,No,No,No,No,No,16.703,68.277,100.0,0.000,24.1,120,0,0,8.5,120.0,134.9,106.8,103.6,104.8,103.3,119.9,147.9,102.8,101.6,102.1,101.4,8.33,9.33,7.42,7.33,9.53,9.70,5.60,2.73,8.02,0.32,0.72,1446,246,2.1,1.3,0,0,0.0,0.0,0,
11.6.2026,17:28:16.317,25369,23399,52.0,20281,12102,62.6,9.2,16384,1501,1.160,1.206,1.145,1.150,1.150,1.155,1.155,1.165,1.155,1.145,1.165,1.165,1.160,1.165,1.170,1.061,0.781,3854.9,4489.0,4489.0,4489.0,4489.0,4489.0,4489.0,3591.2,3591.2,3591.2,3591.2,3591.2,1895.4,3591.2,3591.2,99.8,3890.5,1272.7,2112.9,1067.7,1839.6,1150.6,2808.3,1623.9,3038.9,1318.0,1509.1,1049.8,1435.0,1271.1,689.2,590.1,667.6,635.8,637.3,632.0,704.0,674.0,1425.5,30.5,48.2,24.2,41.7,26.4,62.6,36.3,68.1,29.4,34.6,24.0,33.1,28.9,20.4,17.3,19.5,18.7,18.5,18.0,20.3,20.1,68.1,30.5,100.0,54.3,83.1,42.1,71.4,45.2,109.6,63.0,118.0,51.5,58.9,40.8,56.1,49.4,39.3,33.4,38.0,36.3,36.0,35.9,39.8,38.0,54.3,38.6,45.0,45.0,45.0,45.0,45.0,45.0,36.0,36.0,36.0,36.0,36.0,19.0,36.0,36.0,39.0,70,73,74,75,74,70,71,69,69,69,69,68,68,68,68,30,27,26,25,26,30,29,31,31,31,31,32,32,32,32,81,75,No,No,No,No,No,No,No,No,No,No,No,No,No,No,No,No,No,No,No,No,No,No,No,No,No,No,No,No,No,No,No,No,No,No,No,No,No,No,No,No,No,No,No,No,No,No,No,No,81,75,68,1.100,27.844,48.040,40.759,0.002,5.681,0.767,175.0,175.0,175.0,175.0,0,0.0,0.0,30.6,48.0,24.2,41.7,26.4,62.7,36.3,67.8,29.4,34.7,24.0,33.0,29.1,20.6,17.5,19.7,18.8,18.7,18.2,20.5,20.3,19.3,37.9,43.3,14.5,14.5,50.4,47.2,10.0,4.7,9.1,5.0,12.3,4.9,12.9,4.0,37.7,0.5,0.0,0.0,0.0,0.0,0.0,61.6,71.4,64.3,69.2,62.1,70.3,59.4,69.4,0.1,0.2,0.1,0.0,0.0,0.1,0.2,2394.1,24.00,36,35,35,68,103,383,2,2,Yes,No,No,No,No,No,No,No,No,No,Yes,No,No,No,No,No,No,No,No,No,No,No,No,No,No,No,No,No,No,No,No,No,No,No,No,No,No,No,85.0,4980,4680,5040,67.2,1.095,1.110,1.800,1.800,0.990,5.110,1.750,No,No,No,67.2,1.095,1.110,1.800,1.815,0.990,5.110,2.625,No,No,No,41,41,94.0,100.0,No,No,32291,48158,38,70,99.0,100.0,No,No,1856,3314,0.3,1.2,1.5,0.028,0.172,62648,43367,0.0,0.0,0.0,0.000,0.000,35036,12253,75.5,74.0,83.4,83.0,0.875,20.501,20.493,20.510,63.730,26.716,45.781,14.898,60.893,3.000,17.862,10.169,34.407,100.000,140.000,2250.0,2200.2,1890.0,2228.1,1905.0,62.0,23.0,0.0,10.0,65.8,14.4,57.5,0.0,0.0,0.0,Yes,No,No,No,No,Yes,No,0,0,0,0,0,0,0,0,0,4,0,0,0,0,0,0,0,0,0,0,0,0,0,0,0,0,0,0,0,0,2800,5388,5156,319,16.0,68,0.297,47.471,600.0,2394.0,0.1,0.0,0.0,0.0,0.0,0.0,0.0,0.0,0.0,2,16190,2,No,No,No,No,No,No,No,No,16.703,68.277,100.0,0.000,24.1,120,0,0,8.0,120.0,138.4,102.5,102.0,102.1,102.0,120.0,152.4,98.1,94.6,96.0,94.2,8.33,9.77,7.21,6.93,9.80,9.80,5.60,2.73,8.02,0.32,0.83,1446,246,1.7,0.8,0,0,0.0,0.0,0,
11.6.2026,17:28:17.314,25368,23400,52.0,20280,12104,62.6,9.2,16384,1501,1.152,1.223,1.193,1.200,1.145,1.140,1.130,1.135,1.125,1.135,1.135,1.135,1.135,1.145,1.150,1.061,0.778,3976.0,4489.0,4489.0,4489.0,4489.0,4489.0,4489.0,3591.2,3591.2,3591.2,3591.2,3591.2,3591.2,3591.2,3591.2,99.8,3890.5,1275.7,2023.3,1095.7,1816.5,1225.2,2771.4,1679.5,2923.6,1513.2,1476.7,1022.3,1400.4,1315.1,728.8,557.4,645.6,644.6,683.7,617.7,724.7,649.0,1427.5,30.6,46.3,24.8,41.2,28.1,61.8,37.5,65.4,33.7,33.9,23.3,32.2,29.9,21.4,16.0,18.7,18.7,20.3,17.7,21.0,19.5,65.4,30.6,100.0,54.4,79.2,42.9,70.9,48.3,108.1,65.1,113.6,58.7,57.6,39.6,54.6,51.3,41.4,31.7,36.8,36.7,38.6,35.3,41.0,36.3,54.4,39.9,45.0,45.0,45.0,45.0,45.0,45.0,36.0,36.0,36.0,36.0,36.0,36.0,36.0,36.0,39.0,70,70,73,75,72,72,71,68,68,68,68,68,68,68,68,30,30,27,25,28,28,29,32,32,32,32,32,32,32,32,81,75,No,No,No,No,No,No,No,No,No,No,No,No,No,No,No,No,No,No,No,No,No,No,No,No,No,No,No,No,No,No,No,No,No,No,No,No,No,No,No,No,No,No,No,No,No,No,No,No,81,75,68,1.100,48.094,48.597,41.411,0.002,5.686,0.766,175.0,175.0,175.0,175.0,0,0.0,0.0,30.6,46.1,24.9,41.1,28.0,61.8,37.5,65.1,33.8,34.0,23.4,32.3,30.0,21.6,16.2,18.9,18.9,20.6,17.9,21.2,19.7,19.4,39.1,43.3,14.0,13.4,51.8,47.5,8.6,6.8,7.9,9.1,11.1,5.8,11.9,1.9,37.6,0.0,0.0,0.0,0.0,0.0,0.0,62.1,70.5,65.9,65.1,61.5,69.4,59.8,72.0,0.1,0.3,0.1,0.0,0.0,0.1,0.0,2394.1,24.00,36,35,35,68,103,383,2,2,Yes,No,No,No,No,No,No,No,No,No,Yes,No,No,Yes,No,No,No,No,No,No,No,Yes,No,No,No,No,No,Yes,No,No,No,No,No,No,No,Yes,No,No,85.0,4980,4620,5040,67.2,1.095,1.110,1.800,1.815,1.005,5.110,1.500,No,No,No,67.2,1.095,1.110,1.800,1.815,1.005,5.110,2.125,No,No,No,41,41,94.0,100.0,No,No,32291,48158,37,70,99.0,100.0,No,No,1856,3314,0.0,0.6,0.6,0.000,0.023,62648,43367,0.0,0.0,0.0,0.000,0.000,35036,12253,76.4,74.0,85.0,83.0,0.875,20.497,20.489,20.506,63.729,27.412,45.795,14.895,60.903,3.000,17.869,10.184,39.238,100.000,140.000,2250.0,2200.2,1890.0,2228.2,1905.0,62.0,23.0,0.0,10.0,65.8,14.3,57.4,0.0,0.0,0.0,Yes,No,No,No,No,Yes,No,0,0,0,0,0,0,0,0,0,4,0,0,0,0,0,0,0,0,0,0,0,0,0,0,0,0,0,0,0,0,2800,5388,5156,319,16.0,68,0.297,47.294,600.0,2394.0,0.1,0.0,0.0,0.0,0.0,0.0,0.0,0.0,0.0,2,16190,2,No,No,No,No,No,No,No,No,16.703,68.277,100.0,0.000,24.1,120,0,0,8.3,120.0,132.5,108.5,108.3,108.3,108.3,120.1,142.9,103.1,102.1,102.5,102.0,8.33,9.20,7.49,7.35,9.22,9.23,5.62,2.72,8.01,0.32,0.64,1446,246,1.6,1.2,0,0,0.0,0.0,0,
11.6.2026,17:28:18.329,25367,23401,52.0,20292,12091,62.6,9.2,16384,1501,1.202,1.194,1.186,1.201,1.176,1.197,1.212,1.197,1.197,1.197,1.197,1.192,1.207,1.242,1.232,1.061,0.781,3256.3,4489.0,798.0,4489.0,4489.0,4489.0,4489.0,3591.2,1895.4,3591.2,3591.2,1895.4,2094.9,3591.2,2094.9,99.8,3890.5,1278.8,2115.2,1021.4,1794.0,1194.3,2028.0,2406.2,2241.2,2385.4,1438.5,1119.9,1394.1,1269.5,661.3,582.2,671.5,617.7,667.2,643.5,660.3,663.9,1433.8,30.7,48.3,23.2,40.8,27.5,45.6,53.8,50.3,52.9,33.6,24.8,32.5,27.9,19.8,17.3,19.8,18.2,19.8,18.9,19.5,19.9,53.8,30.7,100.0,54.7,82.7,40.2,69.9,46.9,80.5,93.6,87.7,91.4,56.6,43.8,54.9,49.7,38.3,33.4,38.5,35.5,38.4,37.2,37.9,37.4,54.7,32.6,45.0,8.0,45.0,45.0,45.0,45.0,36.0,19.0,36.0,36.0,19.0,21.0,36.0,21.0,39.0,70,69,72,70,80,69,69,68,68,68,68,68,68,68,68,30,31,28,30,20,31,31,32,32,32,32,32,32,32,32,82,80,No,No,No,No,No,No,No,No,No,No,No,No,No,No,No,No,No,No,No,No,No,No,No,No,No,No,No,No,No,No,No,No,No,No,No,No,No,No,No,No,No,No,No,No,No,No,No,No,81,75,68,1.100,59.063,45.135,37.896,0.002,5.686,0.765,175.0,175.0,175.0,175.0,0,0.0,0.0,30.7,47.9,23.1,40.7,27.3,45.4,53.7,50.0,53.1,33.3,25.7,32.2,28.9,19.6,17.1,19.7,18.1,19.7,18.8,19.4,20.1,20.6,38.3,43.4,14.8,11.4,50.1,48.0,11.6,7.0,13.3,11.0,10.0,6.5,15.5,7.1,36.4,0.0,0.0,0.0,0.0,0.0,0.0,61.2,69.3,60.2,64.0,62.8,67.7,58.1,66.5,0.2,0.2,0.1,0.0,0.0,0.3,0.3,2394.1,24.00,36,35,35,68,103,383,2,2,Yes,No,No,No,No,No,No,No,No,No,Yes,No,No,Yes,No,No,No,No,No,No,No,Yes,No,No,No,No,No,No,No,No,No,No,No,No,No,No,No,No,85.0,5100,4680,5040,67.2,1.095,1.110,1.800,1.815,1.005,5.110,2.000,No,No,No,67.2,1.095,1.110,1.800,1.815,1.005,5.110,2.250,No,No,No,41,41,94.0,100.0,No,No,32291,48158,37,70,99.0,100.0,No,No,1856,3314,0.9,0.9,1.8,0.300,0.011,62648,43367,0.6,0.0,0.6,6.284,0.000,35042,12253,75.5,72.0,83.8,83.0,0.875,20.502,20.494,20.511,62.696,26.212,45.351,14.838,60.404,3.000,17.806,9.908,32.175,100.000,140.000,2250.0,2200.2,1890.0,2228.3,1905.0,61.0,23.0,0.0,10.0,65.9,13.9,55.7,0.0,0.0,0.0,Yes,No,No,No,No,Yes,No,0,0,0,0,0,0,0,0,0,4,0,0,0,0,0,0,0,0,0,0,0,0,0,0,0,0,0,0,0,0,2793,5395,5163,319,16.0,68,0.300,45.941,600.0,2394.0,0.2,0.0,0.0,0.0,0.0,0.0,0.0,0.0,0.0,2,16190,2,No,No,No,No,No,No,No,No,16.703,68.277,100.0,0.000,24.1,118,0,0,25.2,120.1,133.4,109.9,108.3,108.9,108.1,120.0,150.8,98.5,96.9,97.2,96.8,8.33,9.12,7.48,7.00,9.21,9.29,5.60,2.73,8.01,0.31,0.69,1446,246,1.3,0.9,0,0,0.0,0.0,0,
11.6.2026,17:28:19.328,25383,23384,52.0,20294,12090,62.6,9.2,16384,1501,1.208,1.203,1.189,1.194,1.188,1.198,1.203,1.208,1.203,1.203,1.203,1.214,1.268,1.203,1.228,1.061,0.781,3733.7,4489.0,4489.0,4489.0,4489.0,4489.0,4489.0,3591.2,3591.2,3591.2,3591.2,3591.2,1895.4,1895.4,3591.2,99.8,3890.5,1247.2,1759.4,1250.4,1645.4,1253.2,1728.9,2568.3,2176.3,2179.8,1352.5,1088.0,1465.2,1313.2,666.9,675.5,671.0,565.0,663.0,613.4,680.5,627.5,1397.4,29.8,40.3,28.4,36.6,28.9,39.1,57.3,48.7,48.3,30.1,24.8,33.7,31.0,18.4,19.4,19.7,16.3,19.2,17.8,20.1,19.2,57.3,29.8,100.0,53.2,68.8,48.9,64.1,49.2,68.2,99.2,85.2,85.2,52.6,42.1,57.4,51.6,37.8,37.9,38.0,31.9,37.5,34.6,38.3,35.5,53.2,37.4,45.0,45.0,45.0,45.0,45.0,45.0,36.0,36.0,36.0,36.0,36.0,19.0,19.0,36.0,39.0,69,70,71,73,74,69,69,68,68,67,67,68,68,68,68,31,30,29,27,26,31,31,32,32,33,33,32,32,32,32,82,74,No,No,No,No,No,No,No,No,No,No,No,No,No,No,No,No,No,No,No,No,No,No,No,No,No,No,No,No,No,No,No,No,No,No,No,No,No,No,No,No,No,No,No,No,No,No,No,No,81,74,68,1.100,49.782,44.811,37.560,0.002,5.665,0.753,175.0,175.0,175.0,175.0,0,0.0,0.0,30.0,40.0,28.3,37.5,28.7,38.9,57.2,48.6,48.6,31.3,24.8,33.8,29.9,19.7,19.6,19.9,16.4,19.3,18.0,20.3,19.1,19.7,40.3,44.8,15.5,14.9,52.4,46.3,8.7,6.0,8.9,2.4,10.2,4.8,14.5,5.6,38.0,0.0,0.0,0.0,0.7,0.0,0.0,64.1,68.0,64.0,74.3,63.5,70.3,58.0,69.1,0.2,0.4,0.3,0.0,0.0,0.3,0.2,2394.1,24.00,36,35,35,68,103,383,2,2,Yes,No,No,No,No,No,No,No,No,No,Yes,No,No,Yes,No,No,No,No,No,No,No,Yes,No,No,No,No,No,No,No,No,No,No,No,No,No,No,No,No,85.0,5040,4560,5040,67.2,1.095,1.110,1.800,1.815,1.005,5.110,1.750,No,No,No,67.2,1.110,1.110,1.800,1.815,1.005,5.110,2.125,No,No,No,41,41,94.0,100.0,No,No,32291,48158,37,70,99.0,100.0,No,No,1856,3314,0.0,2.2,2.2,0.000,0.048,62648,43367,0.2,0.0,0.2,1.043,0.000,35043,12253,76.1,74.0,84.1,83.0,0.875,20.501,20.493,20.509,63.305,26.414,45.570,14.857,60.644,3.000,17.819,9.947,33.062,100.000,140.000,2250.0,2200.2,1890.0,2229.4,1905.0,60.0,23.0,0.0,8.0,65.9,14.1,56.3,0.0,0.0,0.0,Yes,No,No,No,No,Yes,No,0,0,0,0,0,0,0,0,0,4,0,0,0,0,0,0,0,0,0,0,0,0,0,0,0,0,0,0,0,0,2793,5395,5164,319,16.0,68,0.300,44.100,600.0,2394.0,0.2,0.0,0.0,0.0,0.0,0.0,0.0,0.0,0.0,2,16190,2,No,No,No,No,No,No,No,No,16.703,68.277,100.0,0.000,24.1,119,0,0,9.0,119.2,149.1,99.6,65.3,76.7,62.5,118.8,155.2,100.7,58.4,71.5,55.4,8.39,10.04,6.70,6.60,13.03,15.98,5.55,2.86,8.07,0.32,1.06,1446,246,1.4,1.0,0,0,0.0,0.0,0,
11.6.2026,17:28:20.324,25388,23380,52.0,20294,12089,62.6,9.2,16384,1501,1.208,1.184,1.194,1.209,1.204,1.204,1.204,1.184,1.189,1.189,1.189,1.234,1.214,1.254,1.259,1.061,0.781,3854.9,4489.0,4489.0,4489.0,4489.0,4489.0,4489.0,1895.4,3591.2,3591.2,3591.2,3591.2,3591.2,3591.2,3591.2,99.8,3890.5,1221.5,1631.6,1319.3,1633.6,1263.8,1974.9,2260.3,2012.0,2236.3,1371.4,1057.7,1333.2,1157.4,643.9,597.2,604.2,613.8,686.4,642.7,687.0,702.2,1356.9,28.7,36.2,28.8,37.2,28.2,43.4,49.6,44.5,49.8,31.7,24.1,29.8,25.3,20.0,16.1,16.3,16.8,19.1,19.1,18.6,20.5,49.8,28.7,100.0,52.3,63.7,51.5,63.5,49.6,77.4,87.4,79.1,86.3,53.5,41.0,51.9,45.1,37.0,33.8,34.5,34.9,39.2,36.5,39.5,40.0,52.3,38.6,45.0,45.0,45.0,45.0,45.0,45.0,19.0,36.0,36.0,36.0,36.0,36.0,36.0,36.0,39.0,69,72,71,75,72,69,68,68,68,68,68,68,68,68,68,31,28,29,25,28,31,32,32,32,32,32,32,32,32,32,81,75,No,No,No,No,No,No,No,No,No,No,No,No,No,No,No,No,No,No,No,No,No,No,No,No,No,No,No,No,No,No,No,No,No,No,No,No,No,No,No,No,No,No,No,No,No,No,No,No,79,73,68,1.100,43.876,45.128,37.920,0.002,5.645,0.740,175.0,175.0,175.0,175.0,0,0.0,0.0,29.5,37.0,29.9,37.2,29.1,44.2,50.3,45.0,49.7,31.7,24.1,30.9,26.4,18.9,17.5,17.7,18.2,20.5,19.2,20.1,21.7,20.0,41.0,45.4,16.4,16.0,52.9,51.6,10.1,5.8,7.6,8.2,7.2,4.1,10.0,4.2,38.2,0.0,0.0,0.2,0.8,0.0,0.0,63.5,70.7,67.6,66.8,65.1,69.9,62.4,67.4,0.1,0.4,0.2,0.0,0.1,0.1,0.0,2394.1,24.00,36,35,35,68,103,383,2,2,Yes,No,No,No,No,No,No,No,No,No,Yes,No,No,Yes,No,No,No,No,No,No,No,Yes,No,No,No,No,No,No,No,No,No,No,No,No,No,No,No,No,85.0,5100,4560,5100,67.2,1.110,1.110,1.800,1.815,1.005,5.110,1.500,No,No,No,67.2,1.110,1.110,1.800,1.815,1.005,5.110,1.375,No,No,No,41,41,94.0,100.0,No,No,32291,48158,37,70,99.0,100.0,No,No,1856,3314,0.0,2.1,2.1,0.000,0.116,62648,43367,0.0,0.1,0.1,0.000,0.003,35043,12253,74.6,74.0,81.6,83.0,0.875,20.503,20.495,20.511,63.198,37.530,45.194,14.818,60.242,3.000,17.793,89.803,31.861,100.000,140.000,2250.0,2200.2,1890.0,2228.8,1905.0,61.0,23.0,0.0,9.0,65.9,14.0,55.9,0.0,0.0,0.0,Yes,No,No,No,No,Yes,No,0,0,0,0,0,0,0,0,0,4,0,0,0,0,0,0,0,0,0,0,0,0,0,0,0,0,0,0,0,0,2792,5396,5164,319,16.0,68,0.300,45.313,600.0,2394.0,0.1,0.0,0.0,0.0,0.0,0.0,0.0,0.0,0.0,2,16190,2,No,No,No,No,No,No,No,No,16.703,68.277,100.0,0.000,24.1,119,0,0,7.7,119.3,135.2,100.8,74.0,83.6,71.6,119.3,149.6,94.9,79.1,85.1,77.5,8.38,9.92,7.38,7.01,11.97,14.01,5.50,2.89,8.07,0.31,0.92,1446,246,1.7,0.8,0,0,0.0,0.0,0,
11.6.2026,17:28:21.323,25393,23375,52.0,20296,12088,62.6,9.2,16384,1501,1.208,1.205,1.205,1.180,1.205,1.200,1.195,1.230,1.245,1.220,1.190,1.245,1.200,1.200,1.190,1.061,0.781,3976.0,4489.0,4489.0,4489.0,4489.0,4489.0,4489.0,3591.2,3591.2,3591.2,3591.2,3591.2,3591.2,3591.2,3591.2,99.8,3890.5,1228.0,1343.1,1500.6,1637.1,1327.3,2603.2,1666.0,3170.7,1126.1,1389.5,941.2,1489.7,1068.6,701.1,657.5,662.3,613.3,672.5,645.1,678.9,666.9,1368.6,29.5,30.6,34.1,37.3,30.6,58.1,37.4,71.0,25.1,32.1,21.6,34.4,24.6,19.2,19.4,19.3,17.6,19.3,17.2,19.7,20.3,71.0,29.5,100.0,52.6,52.4,58.7,63.7,52.1,101.7,64.6,123.0,43.9,54.2,36.6,58.0,41.7,40.0,37.4,38.1,34.9,38.1,36.7,38.4,37.8,52.6,39.9,45.0,45.0,45.0,45.0,45.0,45.0,36.0,36.0,36.0,36.0,36.0,36.0,36.0,36.0,39.0,69,70,71,75,71,69,70,67,67,67,67,68,68,68,68,31,30,29,25,29,31,30,33,33,33,33,32,32,32,32,81,75,No,No,No,No,No,No,No,No,No,No,No,No,No,No,No,No,No,No,No,No,No,No,No,No,No,No,No,No,No,No,No,No,No,No,No,No,No,No,No,No,No,No,No,No,No,No,No,No,81,75,68,1.100,47.251,44.632,37.623,0.002,5.648,0.745,175.0,175.0,175.0,175.0,0,0.0,0.0,29.7,30.5,34.2,37.3,30.4,58.1,37.2,70.7,25.1,32.3,21.6,34.5,24.7,20.6,19.7,19.6,17.8,19.6,18.8,20.0,20.5,20.3,42.2,44.6,15.3,15.4,54.8,49.4,10.0,4.2,5.2,10.7,7.4,5.2,15.0,4.6,37.6,0.0,0.0,0.4,0.1,0.0,0.0,62.0,69.4,67.7,64.8,66.0,69.4,57.9,68.4,0.2,0.2,0.1,0.6,0.1,0.0,0.1,2394.1,24.00,36,35,35,68,103,383,2,2,Yes,No,No,No,No,No,No,No,No,No,Yes,No,No,No,No,No,No,No,No,No,No,No,No,No,No,No,No,No,No,No,No,No,No,No,No,No,No,No,85.0,5100,4620,5040,67.2,1.110,1.110,1.800,1.815,1.005,5.110,2.125,No,No,No,67.2,1.110,1.110,1.800,1.815,1.005,5.110,2.125,No,No,No,41,41,94.0,100.0,No,No,32291,48158,37,70,99.0,100.0,No,No,1856,3314,0.0,0.6,0.6,0.000,0.016,62648,43367,0.1,0.1,0.1,0.064,0.008,35043,12253,74.6,74.0,81.6,83.0,0.875,20.493,20.485,20.501,62.662,35.233,45.643,14.810,60.663,3.000,17.774,69.526,35.216,100.000,140.000,2250.0,2200.2,1890.0,2228.4,1905.0,62.0,23.0,0.0,10.0,65.9,13.9,55.7,0.0,0.0,0.0,Yes,No,No,No,No,Yes,No,0,0,0,0,0,0,0,0,0,4,0,0,0,0,0,0,0,0,0,0,0,0,0,0,0,0,0,0,0,0,2791,5397,5165,318,16.0,68,0.300,45.119,600.0,2394.0,0.1,0.0,0.0,0.0,0.0,0.0,0.0,0.0,0.0,2,16190,2,No,No,No,No,No,No,No,No,16.703,68.277,100.0,0.000,24.1,117,0,0,8.9,117.5,142.0,69.2,42.8,50.5,41.0,117.7,160.2,77.8,44.6,54.8,42.3,8.51,14.50,6.94,6.62,19.86,24.43,5.57,2.93,8.19,0.32,1.27,1446,246,1.5,1.0,0,0,0.0,0.0,0,
11.6.2026,17:28:22.321,25383,23385,52.0,20292,12092,62.6,9.2,16384,1501,1.148,1.203,1.137,1.137,1.132,1.132,1.132,1.142,1.142,1.157,1.147,1.147,1.147,1.157,1.167,1.061,0.781,3976.0,4489.0,4489.0,4489.0,4489.0,4489.0,4489.0,3591.2,3591.2,3591.2,3591.2,3591.2,3591.2,3591.2,3591.2,99.8,3890.5,1271.0,1857.3,1239.1,1740.7,1359.3,2519.1,1950.5,2962.9,1435.0,1466.3,988.6,1477.8,1132.1,666.1,613.9,674.3,624.7,650.7,645.9,700.8,715.5,1419.2,30.6,42.5,28.2,39.6,31.3,56.4,43.6,66.5,32.1,33.9,22.7,34.2,25.8,19.8,18.1,19.5,18.4,19.4,18.7,20.4,21.6,66.5,30.6,100.0,54.4,72.6,48.5,67.8,53.3,98.7,75.8,115.1,55.8,57.4,38.3,57.7,44.3,37.9,35.2,38.7,35.8,37.3,37.0,39.8,40.9,54.4,39.9,45.0,45.0,45.0,45.0,45.0,45.0,36.0,36.0,36.0,36.0,36.0,36.0,36.0,36.0,39.0,70,74,71,75,72,74,71,69,69,69,69,68,68,68,68,30,26,29,25,28,26,29,31,31,31,31,32,32,32,32,82,75,No,No,No,No,No,No,No,No,No,No,No,No,No,No,No,No,No,No,No,No,No,No,No,No,No,No,No,No,No,No,No,No,No,No,No,No,No,No,No,No,No,No,No,No,No,No,No,No,81,78,68,1.100,23.625,45.886,39.033,0.002,5.684,0.761,175.0,175.0,175.0,175.0,0,0.0,0.0,30.5,42.2,28.1,39.5,31.0,56.2,43.4,66.0,32.0,33.8,22.6,34.1,25.7,19.8,18.0,19.5,18.3,19.4,18.7,20.4,21.6,19.1,39.0,41.8,13.0,14.2,52.3,49.5,8.1,8.2,4.7,6.7,5.5,6.4,11.9,5.6,38.1,0.0,0.0,1.9,0.0,0.0,0.0,65.0,67.2,68.3,68.0,67.9,67.9,60.4,66.1,0.2,0.4,0.3,0.0,0.0,0.4,0.1,2394.1,24.00,36,35,35,68,103,383,2,2,Yes,No,No,No,No,No,No,No,No,No,Yes,No,No,Yes,No,No,No,No,No,No,No,Yes,No,No,No,No,No,Yes,No,No,No,No,No,No,No,Yes,No,No,85.0,5100,4620,5040,67.2,1.110,1.110,1.800,1.815,1.005,5.110,2.500,No,No,No,67.5,1.110,1.110,1.800,1.815,1.005,5.110,1.500,No,No,No,41,41,94.0,100.0,No,No,32291,48158,38,70,99.0,100.0,No,No,1856,3314,0.0,1.5,1.5,0.000,0.046,62648,43367,0.0,0.0,0.0,0.000,0.000,35043,12253,74.6,74.0,81.8,83.0,0.875,20.495,20.487,20.502,63.569,38.052,45.613,14.874,60.686,3.000,17.837,86.674,37.680,100.000,140.000,2250.0,2200.2,1890.0,2227.9,1905.0,62.0,23.0,0.0,10.0,65.9,14.2,57.0,0.0,0.0,0.0,Yes,No,No,No,No,Yes,No,0,0,0,0,0,0,0,0,0,4,0,0,0,0,0,0,0,0,0,0,0,0,0,0,0,0,0,0,0,0,2791,5397,5165,318,16.0,68,0.297,46.272,600.0,2394.0,0.1,0.0,0.0,0.0,0.0,0.0,0.0,0.0,0.0,2,16190,2,No,No,No,No,No,No,No,No,16.703,68.277,100.0,0.000,24.1,120,0,0,8.4,119.8,132.4,105.2,102.2,103.3,101.8,119.9,145.2,98.6,91.9,94.7,91.1,8.34,9.49,7.54,7.25,9.68,9.84,5.61,2.73,8.03,0.31,0.64,1446,246,1.8,0.8,0,0,0.0,0.0,0,
11.6.2026,17:28:23.321,25385,23383,52.0,20295,12089,62.6,9.2,16384,1501,1.175,1.229,1.158,1.178,1.158,1.169,1.169,1.164,1.174,1.159,1.174,1.194,1.174,1.174,1.174,1.061,0.781,3976.0,4489.0,4489.0,4489.0,4489.0,4489.0,4489.0,3591.2,3591.2,3591.2,3591.2,3591.2,3591.2,3591.2,3591.2,99.8,3890.5,1282.8,2056.4,1214.0,1899.9,1209.7,2155.2,2287.3,2986.4,1495.1,1461.5,1041.9,1485.7,1171.8,617.2,634.4,636.7,635.0,672.8,647.0,660.1,688.8,1436.8,30.7,46.7,27.4,43.1,27.7,48.2,51.0,66.9,33.3,33.7,23.8,34.2,26.9,17.9,18.4,18.5,18.4,19.5,18.6,19.2,20.8,66.9,30.7,100.0,54.7,80.4,47.6,73.8,47.5,84.9,89.1,115.9,58.2,57.1,40.5,57.9,45.8,34.9,36.3,36.1,36.1,38.5,36.9,37.6,39.1,54.7,39.9,45.0,45.0,45.0,45.0,45.0,45.0,36.0,36.0,36.0,36.0,36.0,36.0,36.0,36.0,39.0,70,74,71,74,74,70,70,70,70,70,70,68,68,68,68,30,26,29,26,26,30,30,30,30,30,30,32,32,32,32,82,74,No,No,No,No,No,No,No,No,No,No,No,No,No,No,No,No,No,No,No,No,No,No,No,No,No,No,No,No,No,No,No,No,No,No,No,No,No,No,No,No,No,No,No,No,No,No,No,No,81,72,68,1.100,56.532,50.001,42.208,0.002,5.679,0.767,175.0,175.0,175.0,175.0,0,0.0,0.0,30.8,46.5,27.4,43.0,27.7,48.2,51.0,66.6,33.3,33.7,23.9,34.3,27.0,18.2,18.6,18.7,18.6,19.8,18.9,19.4,21.1,19.1,36.5,39.9,14.2,12.9,51.3,48.3,8.3,7.7,8.5,5.5,5.2,6.8,16.3,5.5,37.7,0.0,0.0,1.4,0.0,0.0,0.0,66.4,66.5,65.7,68.7,67.6,67.4,57.0,66.6,0.3,0.0,1.3,0.1,0.0,0.5,0.1,2394.1,24.00,36,35,35,68,103,383,2,2,Yes,No,No,No,No,No,No,No,No,No,Yes,No,No,Yes,No,No,No,No,No,No,No,Yes,No,No,No,No,No,Yes,No,No,No,No,No,No,No,Yes,No,No,85.0,4980,4620,5100,67.5,1.110,1.110,1.800,1.815,0.990,5.110,2.125,No,No,No,67.5,1.110,1.110,1.800,1.815,1.005,5.110,2.250,No,No,No,41,41,94.0,100.0,No,No,32291,48158,37,70,99.0,100.0,No,No,1856,3314,0.0,1.5,1.5,0.000,0.031,62648,43367,0.1,0.0,0.1,0.064,0.000,35043,12253,75.3,74.0,83.0,83.0,0.875,20.499,20.491,20.508,63.679,38.762,45.911,14.876,61.010,3.000,17.854,91.906,36.776,100.000,140.000,2250.0,2200.2,1890.0,2228.2,1905.0,62.0,23.0,0.0,10.0,65.9,14.4,57.5,0.0,0.0,0.0,Yes,No,No,No,No,Yes,No,0,0,0,0,0,0,0,0,0,4,0,0,0,0,0,0,0,0,0,0,0,0,0,0,0,0,0,0,0,0,2791,5397,5165,318,16.0,68,0.297,49.930,600.0,2394.0,0.1,0.0,0.0,0.0,0.0,0.0,0.0,0.0,0.0,2,16190,2,No,No,No,No,No,No,No,No,16.703,68.277,100.0,0.000,24.1,120,0,0,8.8,120.0,136.2,104.8,102.7,103.4,102.5,120.0,142.4,100.1,95.7,97.3,95.2,8.34,9.57,7.33,7.13,9.67,9.74,5.62,2.71,8.02,0.31,0.63,1446,246,1.4,0.9,0,0,0.0,0.0,0,
11.6.2026,17:28:24.318,25382,23385,52.0,20291,12092,62.6,9.2,16384,1501,1.214,1.183,1.179,1.179,1.180,1.180,1.194,1.249,1.249,1.239,1.239,1.249,1.238,1.218,1.228,1.061,0.781,3854.9,4489.0,4489.0,4489.0,4489.0,4489.0,4489.0,1895.4,3591.2,3591.2,3591.2,3591.2,3591.2,3591.2,3591.2,99.8,3890.5,1294.2,1838.0,1338.8,1885.2,1275.9,1992.7,2332.7,2111.7,2510.0,1466.4,1037.1,1422.5,1353.0,651.7,632.2,696.8,604.8,640.6,655.0,719.6,718.8,1446.8,31.3,42.4,30.6,42.9,29.3,44.8,52.2,47.3,56.2,34.1,24.0,32.9,31.0,19.5,18.5,20.8,17.7,18.8,19.3,21.4,21.7,56.2,31.3,100.0,55.3,72.2,52.8,73.5,50.2,78.2,90.8,82.4,97.1,57.4,40.4,55.6,52.8,37.1,36.1,39.8,34.4,36.6,37.4,40.7,40.4,55.3,38.6,45.0,45.0,45.0,45.0,45.0,45.0,19.0,36.0,36.0,36.0,36.0,36.0,36.0,36.0,39.0,70,74,72,75,75,70,69,68,68,68,68,68,68,68,68,30,26,28,25,25,30,31,32,32,32,32,32,32,32,32,81,75,No,No,No,No,No,No,No,No,No,No,No,No,No,No,No,No,No,No,No,No,No,No,No,No,No,No,No,No,No,No,No,No,No,No,No,No,No,No,No,No,No,No,No,No,No,No,No,No,79,74,68,1.100,21.938,47.298,40.014,0.002,5.693,0.772,175.0,175.0,175.0,175.0,0,0.0,0.0,31.1,42.0,30.5,42.8,29.0,44.6,52.0,47.1,55.9,33.9,23.7,32.8,30.8,19.3,18.4,20.7,17.7,18.7,19.3,21.4,21.7,19.4,38.6,39.8,16.0,10.7,51.9,45.5,9.0,6.5,14.6,7.8,5.9,6.1,13.3,5.6,37.0,0.0,0.0,0.0,0.1,0.0,0.0,64.7,68.0,57.6,67.4,68.2,67.5,58.2,66.6,0.2,0.0,0.8,0.0,0.0,0.3,0.3,2394.1,24.00,36,35,35,68,103,383,2,2,Yes,No,No,No,No,No,No,No,No,No,Yes,No,No,Yes,No,No,No,No,No,No,No,Yes,No,No,No,No,No,Yes,No,No,No,No,No,No,No,Yes,No,No,84.0,5100,4560,5100,67.5,1.110,1.110,1.800,1.815,1.005,5.110,1.500,No,No,No,67.5,1.110,1.110,1.800,1.815,1.005,5.110,2.250,No,No,No,41,41,94.0,100.0,No,No,32291,48158,37,70,99.0,100.0,No,No,1856,3314,0.0,1.8,1.8,0.000,0.045,62648,43367,0.0,0.0,0.0,0.000,0.000,35043,12253,74.7,74.0,81.8,83.0,0.875,20.498,20.490,20.506,63.671,31.022,45.619,14.855,60.697,3.000,17.831,39.683,35.466,100.000,140.000,2250.0,2200.2,1890.0,2228.4,1905.0,62.0,23.0,0.0,10.0,65.9,14.3,57.3,0.0,0.0,0.0,Yes,No,No,No,No,Yes,No,0,0,0,0,0,0,0,0,0,4,0,0,0,0,0,0,0,0,0,0,0,0,0,0,0,0,0,0,0,0,2791,5397,5165,318,16.0,68,0.297,46.369,600.0,2394.0,0.1,0.0,0.0,0.0,0.0,0.0,0.0,0.0,0.0,2,16190,2,No,No,No,No,No,No,No,No,16.703,68.277,100.0,0.000,24.1,120,0,0,8.2,120.1,136.1,105.5,104.2,104.7,104.1,120.0,145.3,97.8,97.3,97.4,97.3,8.33,9.49,7.33,7.29,9.55,9.60,5.63,2.70,8.02,0.31,0.86,1446,246,2.0,0.9,0,0,0.0,0.0,0,
11.6.2026,17:28:25.319,25370,23397,52.0,20279,12105,62.6,9.2,16384,1501,1.199,1.235,1.177,1.198,1.193,1.193,1.208,1.193,1.208,1.193,1.182,1.232,1.198,1.188,1.188,1.061,0.781,3078.2,4489.0,4489.0,4688.5,798.0,798.0,798.0,3591.2,3591.2,3591.2,3591.2,1895.4,3591.2,3591.2,3591.2,99.8,3890.5,1310.3,1745.0,1317.1,1816.8,1316.7,1852.6,2418.6,2024.3,2654.8,1438.5,1145.6,1523.1,1336.9,735.3,686.4,723.4,722.5,663.8,638.7,736.7,710.2,1466.1,31.6,39.9,29.7,41.1,30.2,41.4,53.9,45.5,58.9,33.0,26.1,34.9,30.2,21.8,20.2,21.4,21.0,19.7,18.7,21.7,22.0,58.9,31.6,100.0,56.1,68.4,51.7,70.7,51.7,72.7,93.9,79.4,102.3,56.2,44.4,59.5,52.0,41.8,39.1,41.4,41.2,37.3,36.2,41.4,39.9,56.1,30.9,45.0,45.0,47.0,8.0,8.0,8.0,36.0,36.0,36.0,36.0,19.0,36.0,36.0,36.0,39.0,71,73,74,75,74,70,70,69,69,69,69,70,70,70,70,29,27,26,25,26,30,30,31,31,31,31,30,30,30,30,79,75,No,No,No,No,No,No,No,No,No,No,No,No,No,No,No,No,No,No,No,No,No,No,No,No,No,No,No,No,No,No,No,No,No,No,No,No,No,No,No,No,No,No,No,No,No,No,No,No,81,76,68,1.100,21.938,48.602,41.314,0.003,5.692,0.773,175.0,175.0,175.0,175.0,0,0.0,0.0,31.7,39.6,29.9,41.1,30.1,41.5,53.9,45.2,59.0,33.1,26.2,34.9,30.4,22.1,20.5,21.7,21.3,19.9,19.0,21.9,22.0,20.7,39.9,40.7,17.2,10.6,50.4,43.9,10.1,8.3,6.4,12.3,11.0,6.4,26.5,6.5,35.0,0.0,0.0,0.0,0.0,0.0,0.0,60.8,64.0,64.5,59.6,62.6,67.8,45.4,65.0,0.3,0.2,0.5,0.0,0.0,0.7,0.6,2394.1,24.00,36,35,35,68,103,383,2,2,Yes,No,No,No,No,No,No,No,No,No,Yes,No,No,Yes,No,No,No,No,No,No,No,Yes,No,No,No,No,No,Yes,No,No,No,No,No,No,No,Yes,No,No,84.0,5100,4560,5100,67.5,1.095,1.110,1.800,1.815,1.005,5.110,1.125,No,No,No,67.5,1.110,1.110,1.800,1.815,1.005,5.110,1.250,No,No,No,41,41,94.0,100.0,No,No,32291,48158,37,70,99.0,100.0,No,No,1856,3314,0.0,1.1,1.1,0.000,0.163,62648,43367,0.0,0.1,0.1,0.000,0.024,35043,12253,74.9,74.0,82.3,83.0,0.875,20.489,20.479,20.498,63.516,35.000,45.637,14.827,60.694,3.000,17.807,70.249,32.786,100.000,140.000,2250.0,2200.2,1890.0,2228.1,1905.0,62.0,23.0,0.0,10.0,65.7,14.3,57.3,0.0,0.0,0.0,Yes,No,No,No,No,Yes,No,0,0,0,0,0,0,0,0,0,4,0,0,0,0,0,0,0,0,0,0,0,0,0,0,0,0,0,0,0,0,2805,5383,5151,318,16.0,68,0.297,49.302,600.0,2394.0,0.1,0.0,0.0,0.0,0.0,0.0,0.0,0.0,0.0,2,16190,2,No,No,No,No,No,No,No,No,16.703,68.277,100.0,0.000,24.1,119,0,0,7.8,119.2,151.1,98.2,54.2,67.1,51.3,119.2,182.5,95.9,47.1,60.5,44.2,8.39,10.36,6.59,5.08,15.02,19.52,5.61,2.78,8.07,0.32,1.11,1446,246,2.0,1.2,0,0,0.0,0.0,0,
11.6.2026,17:28:26.317,25358,23409,51.9,20287,12096,62.6,9.2,16384,1501,1.135,1.206,1.171,1.132,1.127,1.127,1.122,1.127,1.112,1.127,1.132,1.127,1.127,1.127,1.127,1.061,0.781,3976.0,4489.0,4489.0,4489.0,4489.0,4489.0,4489.0,3591.2,3591.2,3591.2,3591.2,3591.2,3591.2,3591.2,3591.2,99.8,3890.5,1266.8,1675.5,1397.3,1772.3,1316.7,1735.9,2487.5,1973.2,2622.5,1373.0,1128.0,1425.0,1368.0,612.6,577.6,632.8,620.3,645.1,638.3,641.3,693.4,1419.9,30.3,38.4,31.7,40.2,30.1,38.9,55.4,44.3,58.4,31.6,25.8,32.7,31.0,17.7,16.7,18.3,18.1,18.7,18.8,18.5,21.0,58.4,30.3,100.0,53.9,65.6,54.7,68.9,51.6,68.2,96.5,77.2,101.2,53.6,43.8,56.0,53.6,34.8,32.8,35.8,35.2,36.8,36.7,36.4,38.9,53.9,39.9,45.0,45.0,45.0,45.0,45.0,45.0,36.0,36.0,36.0,36.0,36.0,36.0,36.0,36.0,39.0,70,72,73,75,74,71,71,69,69,69,69,68,68,68,68,30,28,27,25,26,29,29,31,31,31,31,32,32,32,32,79,75,No,No,No,No,No,No,No,No,No,No,No,No,No,No,No,No,No,No,No,No,No,No,No,No,No,No,No,No,No,No,No,No,No,No,No,No,No,No,No,No,No,No,No,No,No,No,No,No,81,73,68,1.100,27.000,50.108,42.853,0.002,5.673,0.765,175.0,175.0,175.0,175.0,0,0.0,0.0,30.4,38.1,31.8,40.2,30.1,38.9,55.4,44.1,58.3,31.6,25.9,32.7,31.1,17.9,16.9,18.5,18.3,18.9,18.9,18.7,21.2,19.4,39.3,41.5,17.6,10.8,51.8,46.8,6.2,3.8,11.7,9.6,11.7,6.0,10.1,4.8,38.0,0.0,0.0,0.0,0.6,0.0,0.0,68.8,72.0,63.2,65.0,62.3,68.0,64.1,67.4,0.1,0.1,0.2,0.0,0.0,0.1,0.1,2394.1,24.00,36,35,35,68,103,383,2,2,Yes,No,No,No,No,No,No,No,No,No,Yes,No,No,Yes,No,No,No,No,No,No,No,Yes,No,No,No,No,No,No,No,No,No,No,No,No,No,No,No,No,83.0,5100,4560,5040,67.5,1.095,1.110,1.800,1.815,1.005,5.110,2.375,No,No,No,67.5,1.095,1.110,1.800,1.815,1.005,5.110,1.250,No,No,No,41,41,94.0,100.0,No,No,32291,48158,37,70,99.0,100.0,No,No,1856,3314,0.0,1.8,1.8,0.000,0.042,62648,43367,0.1,0.0,0.1,0.064,0.000,35043,12253,75.3,72.0,83.2,83.0,0.875,20.498,20.490,20.507,62.924,37.347,45.605,14.855,60.679,3.000,17.829,87.148,32.313,100.000,140.000,2250.0,2200.2,1890.0,2228.1,1905.0,61.0,23.0,0.0,10.0,65.8,14.1,56.2,0.0,0.0,0.0,Yes,No,No,No,No,Yes,No,0,0,0,0,0,0,0,0,0,4,0,0,0,0,0,0,0,0,0,0,0,0,0,0,0,0,0,0,0,0,2804,5384,5152,318,16.0,68,0.297,49.267,600.0,2394.0,0.1,0.0,0.0,0.0,0.0,0.0,0.0,0.0,0.0,2,16190,2,No,No,No,No,No,No,No,No,16.703,68.277,100.0,0.000,24.1,118,0,0,8.4,117.9,138.3,70.7,53.4,58.5,52.0,118.0,175.5,75.0,58.3,64.6,56.7,8.48,14.01,7.21,6.95,17.12,19.46,5.61,2.88,8.17,0.32,1.08,1446,246,1.5,2.4,0,0,0.0,0.0,0,
11.6.2026,17:28:27.316,25358,23409,51.9,19996,12387,61.7,10.9,16384,1791,1.210,1.192,1.216,1.181,1.181,1.196,1.201,1.226,1.246,1.246,1.246,1.246,1.188,1.183,1.198,1.061,0.781,3712.3,4489.0,798.0,4489.0,4489.0,4489.0,4489.0,3591.2,3591.2,3591.2,3591.2,3591.2,3591.2,3591.2,3591.2,99.8,3890.5,1308.0,1987.8,1219.0,1816.4,1185.0,2214.2,2210.2,2275.2,2236.3,1373.0,1165.3,1327.3,1339.6,718.8,663.4,734.9,709.5,731.8,733.1,758.9,761.1,1448.5,31.8,45.8,27.7,41.4,27.3,49.6,49.4,51.2,49.9,31.7,26.9,30.7,30.6,21.5,19.7,21.7,21.0,22.0,21.7,22.6,24.0,51.2,31.8,100.0,56.2,77.9,48.0,70.8,46.7,86.5,85.9,88.9,86.7,53.7,45.3,51.9,52.2,40.9,37.7,41.9,40.1,41.6,41.7,43.3,42.7,56.2,37.2,45.0,8.0,45.0,45.0,45.0,45.0,36.0,36.0,36.0,36.0,36.0,36.0,36.0,36.0,39.0,70,75,71,73,72,69,70,69,69,69,69,68,68,68,68,30,25,29,27,28,31,30,31,31,31,31,32,32,32,32,81,75,No,No,No,No,No,No,No,No,No,No,No,No,No,No,No,No,No,No,No,No,No,No,No,No,No,No,No,No,No,No,No,No,No,No,No,No,No,No,No,No,No,No,No,No,No,No,No,No,81,72,68,1.100,49.782,48.932,41.659,0.002,5.713,0.779,175.0,175.0,175.0,175.0,0,0.0,0.0,31.7,45.3,27.6,41.2,27.1,49.5,49.2,50.8,49.9,31.6,26.7,30.5,30.6,21.5,19.8,21.7,21.0,22.0,21.9,22.7,24.0,19.9,38.0,42.4,13.3,12.6,51.2,47.7,8.0,7.2,9.2,13.8,6.8,6.9,13.1,8.4,35.4,0.0,0.0,0.6,0.4,0.0,0.0,63.4,65.9,61.8,58.3,64.1,63.9,56.7,61.0,0.1,0.0,0.3,0.0,0.0,0.1,0.3,2394.1,24.00,36,35,35,68,103,383,2,2,Yes,No,No,No,No,No,No,No,No,No,Yes,No,No,No,No,No,No,No,No,No,No,No,No,No,No,No,No,Yes,No,No,No,No,No,No,No,Yes,No,No,85.0,5100,4440,5100,67.5,1.095,1.110,1.815,1.815,1.005,5.110,2.125,No,No,No,67.5,1.095,1.110,1.800,1.815,1.005,5.110,2.375,No,No,No,41,41,94.0,100.0,No,No,32291,48158,37,70,99.0,100.0,No,No,1856,3314,0.0,22.8,22.8,0.000,299.702,62648,43657,0.0,0.0,0.0,0.000,0.000,35043,12253,76.2,74.0,84.7,83.0,0.875,20.496,20.487,20.505,63.682,35.268,46.124,14.956,61.310,3.000,17.933,70.197,33.356,100.000,140.000,2250.0,2200.2,1890.0,2226.5,1905.0,62.0,23.0,0.0,10.0,65.8,14.4,57.5,0.0,0.0,0.0,Yes,No,No,No,No,Yes,No,0,0,0,0,0,0,0,0,0,4,0,0,0,0,0,0,0,0,0,0,0,0,0,0,0,0,0,0,0,0,2804,5384,5152,318,16.0,68,0.300,50.207,600.0,2394.0,0.2,0.0,0.0,0.0,0.0,0.0,0.0,0.0,0.0,2,16190,2,No,No,No,No,No,No,No,No,16.703,68.277,100.0,0.000,24.1,120,0,0,7.4,120.0,137.9,103.0,101.3,101.8,101.2,120.0,151.1,98.8,96.6,97.2,96.5,8.34,9.74,7.20,6.34,9.86,9.92,5.60,2.74,8.02,0.32,0.78,1446,246,1.4,1.1,0,0,0.0,0.0,0,
11.6.2026,17:28:28.314,25364,23404,52.0,19998,12386,61.7,10.9,16384,1791,1.164,1.138,1.151,1.146,1.151,1.141,1.142,1.162,1.162,1.182,1.177,1.182,1.207,1.177,1.167,1.061,0.781,3612.6,4489.0,4489.0,4489.0,4489.0,4489.0,4489.0,1895.4,1895.4,3591.2,3591.2,1895.4,3591.2,3591.2,3591.2,99.8,3890.5,1281.6,1744.4,1343.8,1695.1,1401.2,2495.4,2018.4,2286.7,2078.3,1282.3,1300.2,1344.2,1430.0,605.1,671.1,611.6,636.4,661.3,666.1,674.6,686.0,1434.0,30.6,39.8,30.3,38.3,32.0,55.6,45.0,51.1,46.3,29.4,29.7,30.7,32.7,17.6,19.5,17.7,18.3,19.3,19.5,19.5,20.7,55.6,30.6,100.0,54.7,68.3,52.6,65.9,55.0,96.8,78.3,89.2,80.9,50.1,50.5,52.8,56.4,34.5,37.8,34.7,36.4,37.9,38.3,38.3,39.0,54.7,36.2,45.0,45.0,45.0,45.0,45.0,45.0,19.0,19.0,36.0,36.0,19.0,36.0,36.0,36.0,39.0,71,74,73,77,74,71,71,70,70,70,69,68,68,68,68,29,26,27,23,26,29,29,30,30,30,31,32,32,32,32,81,77,No,No,No,No,No,No,No,No,No,No,No,No,No,No,No,No,No,No,No,No,No,No,No,No,No,No,No,No,No,No,No,No,No,No,No,No,No,No,No,No,No,No,No,No,No,No,No,No,79,77,68,1.100,57.376,52.207,44.959,0.002,5.685,0.767,175.0,175.0,175.0,175.0,0,0.0,0.0,30.8,39.6,30.4,38.4,32.0,55.6,45.1,51.0,46.4,29.6,29.8,31.0,32.7,17.8,19.7,18.0,18.5,19.6,19.7,19.7,20.9,22.2,39.3,41.3,11.3,15.2,50.2,46.3,6.1,20.8,11.2,14.9,7.6,10.1,28.0,8.4,34.7,0.0,0.0,0.9,0.1,0.0,0.0,69.5,53.0,64.0,59.7,65.7,62.9,46.0,63.7,0.3,0.4,0.6,0.2,0.0,0.1,0.3,2394.1,24.00,36,35,35,68,103,383,2,2,Yes,No,No,No,No,No,No,No,No,No,Yes,No,No,Yes,No,No,No,No,No,No,No,Yes,No,No,No,No,No,No,No,No,No,No,No,No,No,No,No,No,84.0,5040,4500,5100,67.5,1.095,1.110,1.800,1.815,1.005,5.110,2.125,No,No,No,67.5,1.095,1.110,1.800,1.815,1.005,5.110,1.125,No,No,No,41,41,94.0,100.0,No,No,32291,48158,37,70,99.0,100.0,No,No,1856,3314,0.0,1.8,1.8,0.000,0.043,62648,43657,0.1,0.0,0.1,0.096,0.000,35043,12253,74.8,72.0,81.8,83.0,0.875,20.503,20.495,20.511,64.107,32.263,45.809,14.900,60.919,3.000,17.870,50.169,33.173,100.000,140.000,2250.0,2200.2,1890.0,2227.3,1905.0,63.0,23.0,0.0,10.0,65.8,14.6,58.2,0.0,0.0,0.0,Yes,No,No,No,No,Yes,No,0,0,0,0,0,0,0,0,0,4,0,0,0,0,0,0,0,0,0,0,0,0,0,0,0,0,0,0,0,0,2804,5384,5152,318,16.0,68,0.297,51.429,600.0,2394.0,0.1,0.0,0.0,0.0,0.0,0.0,0.0,0.0,0.0,2,16190,2,No,No,No,No,No,No,No,No,16.703,68.277,100.0,0.000,24.1,120,0,0,8.5,119.7,133.0,105.0,83.9,91.6,81.8,119.7,149.7,99.6,81.5,88.5,79.6,8.36,9.54,7.52,6.60,10.92,12.22,5.68,2.68,8.04,0.32,0.64,1446,246,2.2,1.3,0,0,0.0,0.0,0,
11.6.2026,17:28:29.330,25367,23401,52.0,20001,12382,61.7,10.9,16384,1791,1.178,1.161,1.185,1.151,1.193,1.193,1.178,1.183,1.168,1.193,1.203,1.168,1.188,1.163,1.168,1.061,0.781,2978.4,4489.0,798.0,4489.0,4688.5,798.0,4489.0,1895.4,3591.2,3591.2,3591.2,1895.4,1895.4,1895.4,3591.2,99.8,3890.5,1263.4,1736.9,1363.1,1514.3,1476.0,2365.6,2086.1,2265.8,2106.6,1177.8,1255.3,1233.7,1346.7,612.1,684.8,648.3,594.6,679.4,653.4,657.7,810.1,1404.2,30.5,39.5,30.8,34.5,33.9,52.7,46.6,50.6,47.1,27.2,29.0,28.4,31.0,17.8,20.4,19.1,17.5,19.7,19.5,19.3,24.8,52.7,30.5,100.0,54.1,67.8,53.2,58.9,57.8,91.8,81.0,88.8,82.5,46.1,48.8,48.3,52.6,34.8,38.8,37.3,33.6,38.9,37.1,37.1,45.9,54.1,29.9,45.0,8.0,45.0,47.0,8.0,45.0,19.0,36.0,36.0,36.0,19.0,19.0,19.0,36.0,39.0,70,73,73,74,72,71,70,69,69,69,69,68,68,68,68,30,27,27,26,28,29,30,31,31,31,31,32,32,32,32,79,74,No,No,No,No,No,No,No,No,No,No,No,No,No,No,No,No,No,No,No,No,No,No,No,No,No,No,No,No,No,No,No,No,No,No,No,No,No,No,No,No,No,No,No,No,No,No,No,No,81,77,68,1.100,32.907,49.014,41.792,0.003,5.677,0.760,175.0,175.0,175.0,175.0,0,0.0,0.0,30.5,39.3,30.9,34.4,33.7,52.7,46.5,50.5,47.0,27.2,29.0,28.3,31.0,17.9,20.5,19.3,17.6,19.8,19.6,19.6,24.9,20.5,38.9,43.7,14.0,14.8,52.9,49.2,4.9,9.2,9.9,7.0,6.3,15.0,14.6,6.1,36.6,0.0,0.0,0.0,0.4,0.0,0.0,70.7,62.9,63.6,68.5,66.9,58.8,58.9,62.1,0.1,0.2,0.0,0.0,0.0,0.1,0.3,2394.1,24.00,36,35,35,68,103,383,2,2,Yes,No,No,No,No,No,No,No,No,No,Yes,No,No,No,No,No,No,No,No,No,No,No,No,No,No,No,No,Yes,No,No,No,No,No,No,No,Yes,No,No,85.0,5100,4440,5040,67.5,1.095,1.110,1.800,1.815,1.005,5.110,1.250,No,No,No,67.5,1.095,1.110,1.800,1.815,1.005,5.110,1.250,No,No,No,41,41,94.0,100.0,No,No,32291,48158,37,70,99.0,100.0,No,No,1856,3314,0.0,1.1,1.1,0.000,0.165,62648,43657,0.4,0.1,0.5,0.464,0.040,35044,12253,74.1,74.0,81.0,83.0,0.875,20.506,20.497,20.515,63.257,36.869,44.363,14.881,59.494,3.000,17.855,87.497,30.993,100.000,140.000,2250.0,2200.2,1890.0,2227.9,1905.0,57.0,23.0,0.0,7.0,65.8,13.6,54.6,0.0,0.0,0.0,Yes,No,No,No,No,Yes,No,0,0,0,0,0,0,0,0,0,4,0,0,0,0,0,0,0,0,0,0,0,0,0,0,0,0,0,0,0,0,2804,5384,5152,318,16.0,68,0.300,47.119,600.0,2394.0,0.1,0.0,0.0,0.0,0.0,0.0,0.0,0.0,0.0,2,16190,2,No,No,No,No,No,No,No,No,16.703,68.277,100.0,0.000,24.1,119,0,0,8.0,119.3,134.0,104.1,67.1,79.3,64.1,119.3,138.6,95.9,78.8,85.2,77.1,8.38,9.65,7.45,6.61,12.65,15.62,5.55,2.83,8.07,0.31,0.65,1446,246,2.8,3.4,0,0,0.0,0.0,0,
11.6.2026,17:28:30.328,25379,23389,52.0,20000,12384,61.7,10.9,16384,1791,1.166,1.203,1.163,1.158,1.153,1.148,1.166,1.166,1.151,1.176,1.166,1.161,1.171,1.171,1.171,1.061,0.781,3854.9,4489.0,4489.0,4489.0,4489.0,4489.0,4489.0,3591.2,3591.2,3591.2,3591.2,1895.4,3591.2,3591.2,3591.2,99.8,3890.5,1182.6,1013.3,1562.2,1518.8,1474.9,1846.4,2454.5,1875.9,2250.6,1071.3,1161.9,1117.0,1256.3,604.2,643.7,579.0,562.8,621.7,655.6,685.0,697.8,1312.1,28.6,23.2,35.9,34.7,33.7,41.2,54.9,42.1,50.3,25.0,26.9,25.9,28.9,17.9,19.1,17.1,16.4,18.3,19.3,20.1,21.3,54.9,28.6,100.0,50.7,39.6,61.1,59.3,57.9,72.1,95.3,73.3,87.2,41.9,45.1,43.6,48.9,34.6,36.7,32.9,31.9,35.5,37.4,39.2,39.9,50.7,38.6,45.0,45.0,45.0,45.0,45.0,45.0,36.0,36.0,36.0,36.0,19.0,36.0,36.0,36.0,39.0,70,74,73,72,72,71,69,69,69,69,69,68,68,68,68,30,26,27,28,28,29,31,31,31,31,31,32,32,32,32,79,74,No,No,No,No,No,No,No,No,No,No,No,No,No,No,No,No,No,No,No,No,No,No,No,No,No,No,No,No,No,No,No,No,No,No,No,No,No,No,No,No,No,No,No,No,No,No,No,No,79,73,68,1.100,54.845,42.841,35.766,0.002,5.615,0.728,175.0,175.0,175.0,175.0,0,0.0,0.0,28.6,23.0,35.9,34.5,33.4,41.1,54.7,41.9,50.2,25.0,26.8,25.9,28.8,17.9,19.2,17.2,16.5,18.4,19.4,20.0,21.4,19.8,46.5,42.2,14.2,18.6,56.2,50.7,6.0,7.7,7.4,4.1,3.5,5.4,10.5,3.6,39.2,0.0,0.0,1.3,0.0,0.0,0.0,69.7,65.8,68.7,72.6,71.4,68.4,62.7,68.2,0.9,0.9,1.2,0.3,0.1,0.2,2.8,2394.1,24.00,36,35,35,68,103,383,2,2,Yes,No,No,No,No,No,No,No,No,No,Yes,No,No,Yes,No,No,No,No,No,No,No,Yes,No,No,No,No,No,Yes,No,No,No,No,No,No,No,Yes,No,No,85.0,5040,4440,5040,67.8,1.095,1.110,1.800,1.815,1.005,5.110,1.500,No,No,No,67.8,1.095,1.110,1.800,1.815,1.005,5.110,1.750,No,No,No,41,41,94.0,100.0,No,No,32291,48158,37,70,99.0,100.0,No,No,1856,3314,1.0,3.3,4.4,0.343,0.501,62648,43658,0.0,0.0,0.0,0.000,0.000,35044,12253,80.2,74.0,90.4,83.0,0.875,20.387,20.369,20.406,59.281,37.114,67.763,18.373,86.399,3.000,21.345,11.095,51.827,100.000,140.000,2250.0,2200.2,1890.0,2229.8,1905.0,69.0,25.0,0.0,13.0,69.9,15.0,60.2,0.0,0.0,0.0,Yes,No,No,No,No,Yes,No,0,0,0,0,0,0,0,0,0,4,0,0,0,0,0,0,0,0,0,0,0,0,0,0,0,0,0,0,0,0,2467,5721,5489,318,16.0,68,0.297,48.823,600.0,2394.0,0.2,0.0,0.0,0.0,0.0,0.0,0.0,0.0,0.0,2,16190,2,No,No,No,No,No,No,No,No,16.703,68.277,100.0,0.000,24.1,115,0,0,8.5,115.2,150.5,95.3,22.3,33.5,20.3,115.3,156.0,94.4,22.1,33.2,20.1,8.68,10.47,6.64,6.16,29.92,49.28,5.30,3.38,8.37,0.31,1.58,1446,246,2.5,3.7,0,0,0.0,0.0,0,
11.6.2026,17:28:31.325,25747,23021,52.7,20032,12351,61.8,10.9,16384,1791,1.186,1.206,1.155,1.155,1.185,1.185,1.185,1.185,1.185,1.185,1.201,1.201,1.186,1.186,1.201,1.061,0.781,3976.0,4489.0,4489.0,4489.0,4489.0,4489.0,4489.0,3591.2,3591.2,3591.2,3591.2,3591.2,3591.2,3591.2,3591.2,99.8,3890.5,1350.1,2334.2,998.7,2160.4,663.2,1764.5,2585.3,2056.7,2127.6,1402.2,1171.6,1441.5,1212.7,790.7,954.9,906.6,850.5,847.5,922.2,898.4,912.3,1463.8,31.9,52.5,21.4,48.6,13.6,38.6,57.1,45.2,46.9,31.2,25.6,32.0,26.6,21.7,26.6,25.1,23.7,23.5,26.8,24.9,27.0,57.1,31.9,100.0,58.7,91.5,39.1,84.2,26.0,69.3,100.9,80.3,83.0,55.0,45.8,56.4,47.4,44.7,53.1,50.6,47.3,47.4,51.7,50.3,50.6,58.7,39.9,45.0,45.0,45.0,45.0,45.0,45.0,36.0,36.0,36.0,36.0,36.0,36.0,36.0,36.0,39.0,72,74,73,76,74,71,73,70,70,70,70,70,70,70,70,28,26,27,24,26,29,27,30,30,30,30,30,30,30,30,81,76,No,No,No,No,No,No,No,No,No,No,No,No,No,No,No,No,No,No,No,No,No,No,No,No,No,No,No,No,No,No,No,No,No,No,No,No,No,No,No,No,No,No,No,No,No,No,No,No,81,75,68,1.100,44.719,53.137,46.204,0.003,5.739,0.783,175.0,175.0,175.0,175.0,0,0.0,0.0,32.9,52.8,22.5,49.3,14.9,39.5,57.8,46.1,47.7,32.3,26.8,33.2,27.7,23.0,27.8,26.4,25.0,24.8,26.8,26.2,27.2,46.8,32.2,39.5,15.0,17.7,46.7,43.8,53.0,62.2,62.7,58.1,58.4,57.1,62.3,45.9,7.7,0.0,0.1,0.0,0.2,0.0,0.0,20.2,7.1,8.0,13.8,13.5,12.8,8.7,23.1,0.8,1.2,0.1,0.1,0.0,1.7,1.8,2394.1,24.00,36,35,35,68,103,383,2,2,Yes,No,No,No,No,No,No,No,No,No,Yes,No,No,Yes,No,No,No,No,No,No,No,Yes,No,No,No,No,No,Yes,No,No,No,No,No,No,No,Yes,No,No,85.0,5040,4380,5040,67.8,1.095,1.110,1.800,1.815,1.005,5.110,1.500,No,No,No,67.8,1.110,1.110,1.800,1.815,1.005,5.110,1.125,No,No,No,41,41,94.0,100.0,No,No,32291,48158,37,70,99.0,100.0,No,No,1856,3314,0.5,1.9,2.4,0.262,0.058,62648,43658,0.1,0.0,0.1,0.064,0.000,35044,12253,82.1,74.0,92.7,83.0,0.850,20.431,20.415,20.448,91.587,45.288,63.711,18.639,82.569,3.000,21.617,79.218,48.263,100.000,140.000,2010.0,2200.2,1845.0,2219.7,1845.0,93.0,34.0,0.0,11.0,69.9,23.1,92.3,0.0,0.0,0.0,Yes,No,Yes,No,No,No,No,0,0,0,0,0,0,0,0,0,4,0,0,0,0,0,0,0,0,0,0,0,0,0,0,0,0,0,0,0,0,2468,5720,5488,318,16.0,68,0.297,49.892,600.0,2394.0,0.1,0.0,0.0,0.0,0.0,0.0,0.0,0.0,0.0,2,16190,2,No,No,No,No,No,No,No,No,16.698,68.277,100.0,0.000,24.1,105,0,0,7.4,104.9,158.4,88.1,16.3,25.5,14.9,104.8,135.9,84.5,16.1,25.0,14.7,9.53,11.21,6.50,6.30,39.22,67.22,8.94,0.61,9.18,0.35,1.97,1446,246,1.1,1.4,0,0,0.0,0.0,0,
11.6.2026,17:28:32.322,25748,23019,52.7,20037,12347,61.8,10.9,16384,1791,1.175,1.245,1.155,1.150,1.185,1.150,1.150,1.155,1.180,1.185,1.175,1.175,1.185,1.175,1.185,1.061,0.781,3976.0,4489.0,4489.0,4489.0,4489.0,4489.0,4489.0,3591.2,3591.2,3591.2,3591.2,3591.2,3591.2,3591.2,3591.2,99.8,3890.5,1122.1,2467.6,287.8,2214.5,157.7,2077.6,1952.0,3047.8,881.3,1564.9,370.2,1774.2,297.4,588.6,723.5,702.5,671.9,653.6,686.1,676.3,647.0,1236.2,27.3,56.5,6.7,50.7,3.7,46.4,43.7,67.9,19.8,36.7,8.5,41.2,6.8,17.4,21.4,20.8,20.0,19.3,19.2,20.5,18.9,67.9,27.3,100.0,48.7,97.0,11.3,87.2,6.1,81.5,76.1,119.2,34.5,61.4,14.5,69.5,11.7,33.9,41.0,39.7,38.3,37.1,39.0,38.3,36.7,48.7,39.9,45.0,45.0,45.0,45.0,45.0,45.0,36.0,36.0,36.0,36.0,36.0,36.0,36.0,36.0,39.0,70,73,71,73,74,70,70,69,69,69,69,68,68,68,68,30,27,29,27,26,30,30,31,31,31,31,32,32,32,32,79,74,No,No,No,No,No,No,No,No,No,No,No,No,No,No,No,No,No,No,No,No,No,No,No,No,No,No,No,No,No,No,No,No,No,No,No,No,No,No,No,No,No,No,No,No,No,No,No,No,81,74,68,1.100,20.250,48.973,41.210,0.002,5.637,0.720,175.0,175.0,175.0,175.0,0,0.0,0.0,27.3,56.0,6.4,50.6,3.5,46.4,43.5,67.9,19.7,36.7,8.3,41.1,6.6,17.3,21.3,20.7,19.9,19.3,20.4,20.4,19.9,49.7,38.7,44.5,16.4,16.3,56.5,52.6,51.3,66.5,61.6,58.4,56.8,59.9,66.4,49.9,10.2,0.0,0.0,0.5,0.0,0.0,0.0,27.2,9.1,14.3,18.0,20.0,16.1,10.1,26.9,0.0,0.0,0.0,0.1,0.0,0.2,0.1,2394.1,24.00,36,35,35,68,103,383,2,2,Yes,No,No,No,No,No,No,No,No,No,Yes,No,No,No,No,No,No,No,No,No,No,No,No,No,No,No,No,Yes,No,No,No,No,No,No,No,Yes,No,No,86.0,5040,4500,5040,67.8,1.110,1.110,1.800,1.815,1.005,5.110,1.125,No,No,No,67.8,1.110,1.110,1.800,1.815,1.005,5.110,1.625,No,No,No,41,41,94.0,100.0,No,No,32291,48158,37,70,99.0,100.0,No,No,1856,3314,0.0,0.8,0.8,0.000,0.042,62648,43658,0.0,0.0,0.0,0.000,0.000,35044,12253,79.1,74.0,88.5,83.0,0.875,20.476,20.463,20.489,83.120,42.064,57.045,16.309,73.637,3.000,19.280,82.014,43.161,100.000,140.000,2250.0,2200.2,1890.0,2115.6,1905.0,76.0,27.0,0.0,10.0,69.9,19.3,77.3,0.0,0.0,0.0,Yes,No,No,No,No,Yes,No,0,0,0,0,0,0,0,0,0,4,0,0,0,0,0,0,0,0,0,0,0,0,0,0,0,0,0,0,0,0,2468,5720,5488,318,16.0,68,0.297,49.201,600.0,2394.0,0.2,0.0,0.0,0.0,0.0,0.0,0.0,0.0,0.0,2,16190,2,No,No,No,No,No,No,No,No,16.703,68.277,100.0,0.000,24.1,116,0,0,7.8,116.4,137.5,47.8,38.6,40.9,38.0,116.4,189.3,56.6,36.0,42.1,34.5,8.60,20.96,7.16,6.77,24.46,26.30,7.83,0.76,8.26,0.34,0.94,1446,246,1.5,1.0,0,0,0.0,0.0,0,
11.6.2026,17:28:33.317,25749,23018,52.7,20037,12347,61.8,10.9,16384,1791,1.212,1.223,1.221,1.221,1.221,1.211,1.196,1.195,1.190,1.185,1.180,1.215,1.225,1.245,1.245,1.061,0.781,3976.0,4489.0,4489.0,4489.0,4489.0,4489.0,4489.0,3591.2,3591.2,3591.2,3591.2,3591.2,3591.2,3591.2,3591.2,99.8,3890.5,1085.2,2461.0,189.0,2143.8,86.5,2791.0,1174.2,3213.3,547.9,1621.8,283.1,1833.0,307.8,528.0,649.4,729.9,643.9,664.1,600.5,711.4,523.8,1200.2,26.6,56.3,4.4,49.5,2.2,62.5,26.3,71.9,12.3,38.2,6.5,42.5,7.1,15.5,19.6,22.0,19.1,19.9,18.0,21.2,16.3,71.9,26.6,100.0,47.1,96.6,7.5,84.5,3.5,109.6,45.5,125.9,21.5,63.5,11.2,71.7,12.1,30.7,37.1,41.1,36.8,37.9,34.6,40.2,30.1,47.1,39.9,45.0,45.0,45.0,45.0,45.0,45.0,36.0,36.0,36.0,36.0,36.0,36.0,36.0,36.0,39.0,70,72,73,75,72,70,73,69,69,69,69,68,68,68,68,30,28,27,25,28,30,27,31,31,31,31,32,32,32,32,81,75,No,No,No,No,No,No,No,No,No,No,No,No,No,No,No,No,No,No,No,No,No,No,No,No,No,No,No,No,No,No,No,No,No,No,No,No,No,No,No,No,No,No,No,No,No,No,No,No,79,75,68,1.100,37.126,47.613,40.405,0.002,5.610,0.707,175.0,175.0,175.0,175.0,0,0.0,0.0,26.4,55.8,4.2,49.4,1.9,62.4,26.1,71.8,12.2,38.1,6.3,42.5,6.9,15.5,19.5,21.9,19.0,19.9,18.0,21.1,16.3,46.2,40.1,47.2,16.9,18.4,56.8,51.4,39.1,52.6,69.5,59.3,56.1,46.8,66.0,26.2,14.3,0.0,0.0,0.4,0.0,0.0,0.0,40.0,23.4,5.7,17.7,19.9,30.3,9.6,52.8,0.0,0.0,0.0,0.0,0.0,0.0,0.0,2394.1,24.00,36,35,35,68,103,383,2,2,Yes,No,No,No,No,No,No,No,No,No,Yes,No,No,Yes,No,No,No,No,No,No,No,Yes,No,No,No,No,No,Yes,No,No,No,No,No,No,No,Yes,No,No,84.0,5040,4680,5040,67.8,1.110,1.110,1.800,1.815,1.005,5.110,1.500,No,No,No,67.8,1.110,1.110,1.800,1.815,1.005,5.110,1.250,No,No,No,41,41,94.0,100.0,No,No,32291,48158,37,70,99.0,100.0,No,No,1856,3314,0.0,1.0,1.0,0.000,0.036,62648,43658,0.0,0.0,0.0,0.000,0.000,35044,12253,82.1,76.0,93.2,83.0,0.845,20.454,20.438,20.470,81.151,39.496,64.888,18.558,83.680,3.000,21.539,34.319,50.489,100.000,140.000,2010.0,2200.2,1845.0,2232.9,1845.0,93.0,35.0,0.0,11.0,69.9,20.4,81.4,0.0,0.0,0.0,Yes,No,Yes,No,No,No,No,0,0,0,0,0,0,0,0,0,4,0,0,0,0,0,0,0,0,0,0,0,0,0,0,0,0,0,0,0,0,2468,5720,5488,318,16.0,68,0.297,45.180,600.0,2394.0,0.1,0.0,0.0,0.0,0.0,0.0,0.0,0.0,0.0,2,16190,2,No,No,No,No,No,No,No,No,16.702,68.277,100.0,0.000,24.1,120,0,0,8.1,119.6,145.8,101.9,76.2,85.6,73.8,119.5,152.1,91.8,77.0,82.3,75.6,8.36,9.89,6.79,5.70,11.64,13.37,7.04,1.33,8.00,0.36,0.81,1446,246,2.9,0.9,0,0,0.0,0.0,0,
11.6.2026,17:28:34.313,25757,23011,52.8,20037,12347,61.8,10.9,16384,1791,1.224,1.249,1.214,1.209,1.229,1.229,1.229,1.244,1.259,1.259,1.207,1.217,1.197,1.197,1.197,1.061,0.781,3976.0,4489.0,4489.0,4489.0,4489.0,4489.0,4489.0,3591.2,3591.2,3591.2,3591.2,3591.2,3591.2,3591.2,3591.2,99.8,3890.5,1074.4,2386.8,252.5,2165.1,162.1,2939.1,1008.8,3282.9,421.4,1556.0,320.4,1762.5,357.4,518.5,597.0,713.7,676.5,579.0,564.8,646.3,577.2,1195.0,26.1,55.0,4.6,50.1,2.6,65.7,22.8,73.3,9.7,36.9,6.1,41.3,6.9,15.1,17.7,21.3,20.2,17.5,17.2,19.7,18.2,73.3,26.1,100.0,46.6,93.5,9.9,84.9,6.4,114.9,39.3,128.5,16.7,60.9,12.6,69.0,14.0,30.7,35.1,40.7,38.8,33.2,32.9,36.2,32.9,46.6,39.9,45.0,45.0,45.0,45.0,45.0,45.0,36.0,36.0,36.0,36.0,36.0,36.0,36.0,36.0,39.0,69,72,71,72,75,69,69,68,68,68,68,68,68,68,68,31,28,29,28,25,31,31,32,32,32,32,32,32,32,32,79,75,No,No,No,No,No,No,No,No,No,No,No,No,No,No,No,No,No,No,No,No,No,No,No,No,No,No,No,No,No,No,No,No,No,No,No,No,No,No,No,No,No,No,No,No,No,No,No,No,79,75,68,1.100,59.907,45.232,38.068,0.002,5.611,0.705,175.0,175.0,175.0,175.0,0,0.0,0.0,26.1,54.3,5.6,49.9,3.6,65.6,22.5,73.3,9.4,36.7,7.1,41.0,8.0,15.0,17.5,21.0,19.9,17.4,17.1,19.5,17.9,40.9,41.3,45.3,18.1,20.4,57.4,52.2,16.6,30.7,69.3,54.7,41.5,30.9,63.6,30.5,19.7,0.0,0.2,0.0,0.0,0.0,0.0,61.8,45.3,6.2,20.8,35.7,45.8,13.5,46.8,0.1,0.0,0.0,0.0,0.0,0.6,0.0,2394.1,24.00,36,35,35,68,103,383,2,2,Yes,No,No,No,No,No,No,No,No,No,Yes,No,No,Yes,No,No,No,No,No,No,No,Yes,No,No,No,No,No,No,No,No,No,No,No,No,No,No,No,No,85.0,5040,4740,5040,67.8,1.110,1.110,1.800,1.815,1.005,5.110,1.500,No,No,No,67.8,1.110,1.110,1.800,1.815,1.005,5.110,1.875,No,No,No,41,41,94.0,100.0,No,No,32291,48158,37,70,99.0,100.0,No,No,1856,3314,0.0,2.0,2.0,0.000,0.197,62648,43658,0.1,0.1,0.2,0.323,0.004,35044,12253,79.8,74.0,89.3,83.0,0.875,20.484,20.471,20.497,84.898,32.146,57.044,16.398,73.706,3.000,19.362,10.825,44.688,100.000,140.000,2250.0,2200.2,1890.0,2126.8,1905.0,76.0,27.0,0.0,10.0,69.9,19.3,77.4,0.0,0.0,0.0,Yes,No,No,No,No,Yes,No,0,0,0,0,0,0,0,0,0,4,0,0,0,0,0,0,0,0,0,0,0,0,0,0,0,0,0,0,0,0,2465,5723,5492,318,16.0,68,0.297,45.538,600.0,2394.0,0.1,0.0,0.0,0.0,0.0,0.0,0.0,0.0,0.0,2,16190,2,No,No,No,No,No,No,No,No,16.703,68.277,100.0,0.000,24.1,118,0,0,9.1,118.2,135.3,103.9,42.7,57.4,39.7,118.4,151.3,94.8,46.5,59.7,43.6,8.46,9.63,7.32,6.84,17.40,25.11,7.76,0.69,8.12,0.34,0.92,1446,246,3.1,5.9,0,0,0.0,0.0,0,
11.6.2026,17:28:35.329,25743,23025,52.7,20011,12372,61.7,10.9,16384,1791,1.213,1.208,1.180,1.180,1.195,1.185,1.170,1.241,1.211,1.216,1.251,1.231,1.241,1.231,1.246,1.061,0.781,3976.0,4489.0,4489.0,4489.0,4489.0,4489.0,4489.0,3591.2,3591.2,3591.2,3591.2,3591.2,3591.2,3591.2,3591.2,99.8,3890.5,1073.6,2432.8,205.2,2084.6,134.1,3131.7,805.6,3119.5,674.4,1629.8,288.3,1862.6,247.7,517.7,614.5,726.5,656.9,619.0,604.7,678.1,439.0,1195.8,26.5,55.8,6.2,47.8,4.6,70.1,18.1,69.8,15.2,38.2,8.0,43.2,7.1,15.2,18.5,21.9,19.9,18.6,18.1,20.6,14.0,70.1,26.5,100.0,46.4,95.5,8.1,82.3,5.3,122.4,31.4,122.1,26.4,63.8,11.4,72.9,9.8,29.5,35.4,41.0,37.5,35.6,34.5,38.4,25.1,46.4,39.9,45.0,45.0,45.0,45.0,45.0,45.0,36.0,36.0,36.0,36.0,36.0,36.0,36.0,36.0,39.0,71,74,73,75,74,71,74,70,70,70,70,68,68,68,68,29,26,27,25,26,29,26,30,30,30,30,32,32,32,32,82,75,No,No,No,No,No,No,No,No,No,No,No,No,No,No,No,No,No,No,No,No,No,No,No,No,No,No,No,No,No,No,No,No,No,No,No,No,No,No,No,No,No,No,No,No,No,No,No,No,81,75,68,1.100,43.032,44.580,37.413,0.002,5.604,0.709,175.0,175.0,175.0,175.0,0,0.0,0.0,26.2,55.3,4.6,47.8,3.0,70.0,17.9,69.7,15.0,38.2,6.4,43.2,5.5,15.5,18.4,21.9,19.8,18.5,18.2,20.4,14.0,44.2,40.2,47.5,16.6,18.2,56.8,51.7,39.2,39.6,68.1,58.0,45.6,52.8,65.3,18.7,16.5,0.0,0.0,0.0,0.0,0.0,0.0,40.0,36.6,6.9,18.2,31.1,24.7,10.9,63.1,0.0,0.0,0.0,0.0,0.0,0.0,0.0,2394.1,24.00,36,35,35,68,103,383,2,2,Yes,No,No,No,No,No,No,No,No,No,Yes,No,No,No,No,No,No,No,No,No,No,No,No,No,No,No,No,No,No,No,No,No,No,No,No,No,No,No,85.0,5100,4920,5040,67.8,1.110,1.110,1.800,1.815,0.990,5.110,1.500,No,No,No,67.8,1.110,1.110,1.800,1.815,1.005,5.110,1.250,No,No,No,41,41,94.0,100.0,No,No,32291,48158,37,70,99.0,100.0,No,No,1856,3314,0.0,1.9,1.9,0.000,0.052,62648,43658,0.0,0.0,0.0,0.000,0.000,35044,12253,83.4,76.0,94.8,83.0,0.865,20.415,20.396,20.434,78.239,43.498,71.592,18.724,90.604,3.000,21.704,42.030,56.835,100.000,140.000,2115.0,2200.2,1860.0,2220.7,1875.0,92.0,35.0,0.0,12.0,69.9,19.7,78.8,0.0,0.0,0.0,Yes,No,Yes,No,No,No,No,0,0,0,0,0,0,0,0,0,4,0,0,0,0,0,0,0,0,0,0,0,0,0,0,0,0,0,0,0,0,2462,5726,5499,318,16.0,68,0.300,48.333,600.0,2394.0,0.1,0.0,0.0,0.0,0.0,0.0,0.0,0.0,0.0,2,16190,2,No,No,No,No,No,No,No,No,16.703,68.277,100.0,0.000,24.1,119,0,0,7.8,118.8,148.3,103.0,50.3,64.6,47.2,118.7,143.2,102.9,47.1,61.7,44.1,8.42,9.70,6.70,6.03,15.49,21.24,6.87,1.56,8.07,0.34,0.96,1446,246,1.2,1.3,0,0,0.0,0.0,0,
11.6.2026,17:28:36.324,25752,23016,52.8,20010,12374,61.7,10.9,16384,1791,1.194,1.214,1.166,1.171,1.186,1.186,1.186,1.191,1.191,1.171,1.192,1.212,1.212,1.217,1.217,1.061,0.781,3854.9,4489.0,4489.0,4489.0,4489.0,4489.0,4489.0,3591.2,3591.2,3591.2,3591.2,3591.2,3591.2,1895.4,3591.2,99.8,3890.5,1161.2,2533.8,342.2,2105.3,177.1,2696.1,1393.0,3008.5,847.8,1671.8,475.1,1831.9,379.9,628.1,685.6,825.3,716.6,727.6,730.8,725.9,721.0,1269.9,28.5,57.9,7.6,48.1,4.0,60.2,31.1,67.2,19.0,38.8,10.7,42.4,8.5,19.0,20.4,24.6,21.6,21.8,22.1,21.8,23.0,67.2,28.5,100.0,50.5,99.4,13.4,82.8,7.0,105.4,54.3,117.8,33.3,65.3,18.7,71.7,14.9,36.5,38.6,46.4,40.2,41.1,41.8,41.1,40.7,50.5,38.6,45.0,45.0,45.0,45.0,45.0,45.0,36.0,36.0,36.0,36.0,36.0,36.0,19.0,36.0,39.0,71,73,73,75,72,71,73,69,69,69,69,70,70,70,70,29,27,27,25,28,29,27,31,31,31,31,30,30,30,30,81,75,No,No,No,No,No,No,No,No,No,No,No,No,No,No,No,No,No,No,No,No,No,No,No,No,No,No,No,No,No,No,No,No,No,No,No,No,No,No,No,No,No,No,No,No,No,No,No,No,81,75,68,1.100,49.782,49.065,41.818,0.003,5.650,0.729,175.0,175.0,175.0,175.0,0,0.0,0.0,28.5,57.5,7.6,48.2,3.9,60.2,31.1,67.3,19.0,38.9,10.7,42.4,8.5,18.8,20.6,24.7,21.8,21.9,22.2,22.0,23.1,46.1,36.6,46.7,16.8,18.7,53.3,50.4,39.7,60.9,64.4,59.4,52.8,49.2,62.0,34.5,12.2,0.0,0.0,0.4,0.0,0.0,0.0,36.3,15.1,7.6,15.3,21.2,24.1,12.7,37.6,0.0,0.0,0.0,0.0,0.0,0.0,0.0,2394.1,24.00,36,35,35,68,103,383,2,2,Yes,No,No,No,No,No,No,No,No,No,Yes,No,No,Yes,No,No,No,No,No,No,No,Yes,No,No,No,No,No,Yes,No,No,No,No,No,No,No,Yes,No,No,84.0,4980,5040,5100,67.8,1.110,1.110,1.800,1.815,1.005,5.110,1.125,No,No,No,67.8,1.110,1.110,1.800,1.815,1.005,5.110,2.000,No,No,No,41,41,94.0,100.0,No,No,32291,48158,37,70,99.0,100.0,No,No,1856,3314,0.8,1.6,2.4,0.177,0.056,62649,43658,0.1,0.0,0.1,0.582,0.000,35045,12253,82.5,76.0,93.3,83.0,0.860,20.448,20.432,20.464,87.900,35.345,63.924,18.266,82.429,3.000,21.241,10.355,48.199,100.000,140.000,2010.0,2200.2,1845.0,2164.9,1845.0,92.0,33.0,0.0,11.0,69.9,22.3,89.4,0.0,0.0,0.0,Yes,No,Yes,No,No,No,No,0,0,0,0,0,0,0,0,0,4,0,0,0,0,0,0,0,0,0,0,0,0,0,0,0,0,0,0,0,0,2463,5725,5494,318,16.0,68,0.300,46.402,600.0,2394.0,0.2,0.0,0.0,0.0,0.0,0.0,0.0,0.0,0.0,2,16190,2,No,No,No,No,No,No,No,No,16.703,68.277,100.0,0.000,24.1,117,0,0,8.5,117.0,147.3,79.0,44.7,54.8,42.5,116.9,143.7,78.2,57.2,64.1,55.5,8.54,12.65,6.59,6.15,18.27,23.60,8.24,0.31,8.20,0.35,0.79,1446,246,10.9,2.5,0,0,0.0,0.0,0,
11.6.2026,17:28:37.323,25741,23027,52.7,20010,12374,61.7,10.9,16384,1791,1.213,1.197,1.186,1.186,1.221,1.221,1.231,1.211,1.216,1.211,1.216,1.206,1.251,1.216,1.216,1.061,0.778,3976.0,4489.0,4489.0,4489.0,4489.0,4489.0,4489.0,3591.2,3591.2,3591.2,3591.2,3591.2,3591.2,3591.2,3591.2,99.8,3890.5,1114.3,2491.2,274.7,2161.8,118.2,2876.3,1162.7,3206.0,526.8,1620.9,316.6,1809.8,355.7,601.5,639.7,797.1,675.6,674.5,695.4,705.8,575.7,1227.2,26.3,56.7,5.0,48.9,1.5,64.0,25.1,71.2,10.7,37.1,6.0,41.2,6.8,16.5,17.9,23.1,19.0,18.9,19.5,19.9,17.2,71.2,26.3,100.0,48.5,98.1,10.8,84.5,4.7,112.1,45.5,125.4,20.8,63.4,12.5,70.8,14.0,35.0,36.8,44.8,38.6,38.7,39.9,39.8,33.1,48.4,39.9,45.0,45.0,45.0,45.0,45.0,45.0,36.0,36.0,36.0,36.0,36.0,36.0,36.0,36.0,39.0,71,74,72,75,75,71,70,70,70,70,70,68,68,68,68,29,26,28,25,25,29,30,30,30,30,30,32,32,32,32,79,75,No,No,No,No,No,No,No,No,No,No,No,No,No,No,No,No,No,No,No,No,No,No,No,No,No,No,No,No,No,No,No,No,No,No,No,No,No,No,No,No,No,No,No,No,No,No,No,No,82,82,68,1.100,38.813,46.080,38.772,0.003,5.639,0.717,175.0,175.0,175.0,175.0,0,0.0,0.0,27.2,56.9,6.1,49.5,2.6,64.3,25.9,71.6,11.7,37.9,7.1,42.0,7.9,17.7,18.9,24.0,20.1,20.0,20.6,21.0,18.2,47.6,37.7,46.3,16.7,19.6,56.6,51.0,41.5,57.2,69.8,60.7,48.5,56.8,69.9,33.8,12.0,0.0,0.0,0.0,0.0,0.0,0.0,35.4,19.8,3.4,15.1,26.8,18.3,6.2,43.6,0.0,0.0,0.1,0.0,0.0,0.2,0.0,2394.1,24.00,36,35,35,68,103,383,2,2,Yes,No,No,No,No,No,No,No,No,No,Yes,No,No,Yes,No,No,No,No,No,No,No,Yes,No,No,No,No,No,Yes,No,No,No,No,No,No,No,Yes,No,No,85.0,5040,5100,5100,67.8,1.110,1.110,1.800,1.815,1.005,5.110,1.500,No,No,No,67.8,1.095,1.110,1.800,1.815,1.005,5.110,1.250,No,No,No,41,41,94.0,100.0,No,No,32291,48158,37,70,99.0,100.0,No,No,1856,3314,0.0,0.5,0.5,0.000,0.012,62649,43658,0.0,0.1,0.1,0.000,0.028,35045,12253,82.1,76.0,92.4,83.0,0.850,20.455,20.440,20.470,84.578,42.053,62.777,18.376,81.369,3.000,21.345,58.657,48.844,100.000,140.000,2070.0,2200.2,1860.0,2039.0,1845.0,96.0,34.0,0.0,12.0,69.9,22.1,88.4,0.0,0.0,0.0,Yes,No,Yes,No,No,No,No,0,0,0,0,0,0,0,0,0,4,0,0,0,0,0,0,0,0,0,0,0,0,0,0,0,0,0,0,0,0,2463,5725,5494,318,16.0,68,0.300,44.527,600.0,2394.0,0.2,0.0,0.0,0.0,0.0,0.0,0.0,0.0,0.0,2,16190,2,No,No,No,No,No,No,No,No,16.703,68.277,100.0,0.000,24.1,120,0,0,6.7,120.0,141.9,105.0,102.6,103.5,102.3,120.0,144.7,104.1,101.3,102.5,101.0,8.34,9.57,6.99,6.95,9.73,9.87,7.99,0.34,8.00,0.34,0.63,1446,246,1.6,1.4,0,0,0.0,0.0,0,
11.6.2026,17:28:38.318,25743,23024,52.7,20012,12372,61.7,10.9,16384,1791,1.221,1.214,1.202,1.202,1.207,1.242,1.226,1.226,1.226,1.226,1.226,1.226,1.226,1.226,1.226,1.061,0.778,3976.0,4489.0,4489.0,4489.0,4489.0,4489.0,4489.0,3591.2,3591.2,3591.2,3591.2,3591.2,3591.2,3591.2,3591.2,99.8,3890.5,1136.7,2502.7,292.2,2242.0,176.0,2645.7,1400.0,3091.2,727.9,1617.5,406.3,1811.7,339.5,613.0,618.8,744.6,711.1,608.9,715.0,744.3,725.1,1246.3,27.9,57.4,6.9,51.4,4.3,59.2,31.4,69.3,16.4,37.9,9.3,42.2,7.8,18.2,18.2,22.2,21.6,18.0,21.2,22.1,22.2,69.3,27.9,100.0,49.3,98.6,11.5,87.9,6.9,103.6,54.5,121.0,28.5,63.4,15.9,70.8,13.3,35.2,35.3,41.9,40.1,34.8,40.9,41.7,41.0,49.4,39.9,45.0,45.0,45.0,45.0,45.0,45.0,36.0,36.0,36.0,36.0,36.0,36.0,36.0,36.0,39.0,70,73,73,75,71,70,69,69,69,69,69,70,70,70,70,30,27,27,25,29,30,31,31,31,31,31,30,30,30,30,81,75,No,No,No,No,No,No,No,No,No,No,No,No,No,No,No,No,No,No,No,No,No,No,No,No,No,No,No,No,No,No,No,No,No,No,No,No,No,No,No,No,No,No,No,No,No,No,No,No,81,73,68,1.100,27.844,45.271,38.108,0.002,5.637,0.724,175.0,175.0,175.0,175.0,0,0.0,0.0,27.7,56.9,6.5,51.3,3.9,59.0,31.2,69.0,16.2,37.8,9.1,42.1,7.6,18.1,18.1,22.1,21.5,17.9,21.1,22.0,22.2,49.7,37.6,44.0,17.1,19.0,55.7,51.7,49.6,51.7,71.4,63.8,57.4,55.5,71.1,49.8,9.7,0.0,0.0,0.0,0.0,0.0,0.0,27.7,25.6,3.7,11.2,20.6,19.2,4.2,23.5,0.0,0.0,0.0,0.0,0.0,0.0,0.0,2394.1,24.00,36,35,35,68,103,383,2,2,Yes,No,No,No,No,No,No,No,No,No,Yes,No,No,Yes,No,No,No,No,No,No,No,Yes,No,No,No,No,No,Yes,No,No,No,No,No,No,No,Yes,No,No,84.0,5100,5160,5100,67.8,1.095,1.110,1.800,1.815,1.005,5.110,2.000,No,No,No,67.8,1.095,1.110,1.800,1.815,1.005,5.110,2.375,No,No,No,41,41,94.0,100.0,No,No,32291,48158,37,70,99.0,100.0,No,No,1856,3314,0.0,1.9,1.9,0.000,0.056,62649,43658,0.0,0.0,0.0,0.000,0.000,35045,12253,83.3,76.0,94.5,83.0,0.870,20.450,20.435,20.466,85.092,37.876,64.674,17.451,82.396,3.000,20.427,25.265,51.922,100.000,140.000,2190.0,2200.2,1875.0,2007.5,1890.0,84.0,30.0,0.0,10.0,69.9,21.0,83.9,0.0,0.0,0.0,Yes,No,Yes,No,No,No,No,0,0,0,0,0,0,0,0,0,4,0,0,0,0,0,0,0,0,0,0,0,0,0,0,0,0,0,0,0,0,2463,5725,5494,318,16.0,68,0.300,48.427,600.0,2394.0,0.1,0.0,0.0,0.0,0.0,0.0,0.0,0.0,0.0,2,16190,2,No,No,No,No,No,No,No,No,16.702,68.277,100.0,0.000,24.1,120,0,0,7.4,120.0,140.1,101.5,99.2,100.1,99.0,120.1,142.4,105.0,100.6,102.4,100.1,8.33,9.95,6.98,6.72,9.99,9.99,8.02,0.30,7.98,0.35,0.55,1446,246,1.3,0.8,0,0,0.0,0.0,0,
11.6.2026,17:28:39.318,25740,23028,52.7,20007,12376,61.7,10.9,16384,1790,1.215,1.225,1.205,1.220,1.210,1.220,1.209,1.209,1.209,1.209,1.219,1.224,1.214,1.214,1.225,1.061,0.781,4018.7,4489.0,4489.0,4688.5,4688.5,4489.0,4688.5,3591.2,3591.2,3591.2,3591.2,3591.2,3591.2,3591.2,3591.2,99.8,3890.5,1116.1,2466.5,298.5,2253.2,130.0,2793.6,1272.6,3216.3,542.3,1637.1,324.8,1787.2,307.0,609.1,565.1,751.9,677.8,680.6,638.8,722.8,647.3,1227.1,27.2,56.6,6.7,51.7,1.5,62.4,28.6,72.1,12.1,38.5,7.3,41.6,6.9,17.9,16.8,22.4,20.2,20.3,19.2,21.6,19.7,72.1,27.2,100.0,48.4,97.2,11.7,88.8,5.1,109.3,49.5,125.2,21.3,64.2,12.8,70.0,12.1,34.7,32.5,42.3,38.2,38.3,36.7,40.6,36.7,48.4,40.3,45.0,45.0,47.0,47.0,45.0,47.0,36.0,36.0,36.0,36.0,36.0,36.0,36.0,36.0,39.0,70,74,71,77,72,69,73,69,69,69,69,68,68,68,68,30,26,29,23,28,31,27,31,31,31,31,32,32,32,32,81,77,No,No,No,No,No,No,No,No,No,No,No,No,No,No,No,No,No,No,No,No,No,No,No,No,No,No,No,No,No,No,No,No,No,No,No,No,No,No,No,No,No,No,No,No,No,No,No,No,82,75,68,1.100,52.313,48.029,40.812,0.002,5.624,0.718,175.0,175.0,175.0,175.0,0,0.0,0.0,27.2,56.2,6.6,51.7,2.9,62.5,28.5,71.8,12.1,38.5,7.2,41.6,6.8,18.0,16.9,22.4,20.2,20.4,19.3,21.5,19.7,51.4,37.9,43.8,15.5,19.2,55.8,51.4,58.2,55.6,71.5,66.6,72.6,53.4,70.7,47.0,8.4,0.0,0.0,0.0,0.0,0.0,0.0,19.9,23.4,3.5,10.1,4.3,23.0,5.1,28.9,0.1,0.0,0.0,0.0,0.0,0.1,0.4,2394.1,24.00,36,35,35,68,103,383,2,2,Yes,No,No,No,No,No,No,No,No,No,Yes,No,No,Yes,No,No,No,No,No,No,No,Yes,No,No,No,No,No,Yes,No,No,No,No,No,No,No,Yes,No,No,85.0,5100,5220,5160,67.8,1.095,1.110,1.800,1.815,1.005,5.110,1.875,No,No,No,67.8,1.095,1.110,1.800,1.815,1.005,5.110,2.375,No,No,No,41,41,94.0,100.0,No,No,32291,48158,37,70,99.0,100.0,No,No,1856,3314,0.0,2.5,2.5,0.000,0.157,62649,43658,0.1,0.1,0.1,0.064,0.024,35045,12253,81.0,76.0,90.9,83.0,0.875,20.460,20.444,20.475,84.353,43.904,63.709,17.296,81.286,3.000,20.270,71.629,50.141,100.000,140.000,2250.0,2200.2,1890.0,2139.7,1905.0,84.0,31.0,0.0,10.0,72.6,20.1,80.5,0.0,0.0,0.0,Yes,No,No,No,No,Yes,No,0,0,0,0,0,0,0,0,0,4,0,0,0,0,0,0,0,0,0,0,0,0,0,0,0,0,0,0,0,0,2246,5942,5710,318,16.0,68,0.297,47.216,600.0,2394.0,0.1,0.0,0.0,0.0,0.0,0.0,0.0,0.0,0.0,2,16190,2,No,No,No,No,No,No,No,No,16.704,68.277,100.0,0.000,24.1,120,0,0,8.5,120.1,144.0,100.2,97.6,98.6,97.3,120.2,156.8,102.2,92.0,96.1,90.8,8.33,10.02,6.89,6.75,10.17,10.28,7.50,0.82,7.97,0.35,0.75,1446,246,4.9,0.6,0,0,0.0,0.0,0,
11.6.2026,17:28:40.314,25945,22822,53.2,20066,12318,61.9,10.9,16384,1790,1.195,1.193,1.185,1.185,1.190,1.200,1.190,1.190,1.190,1.190,1.190,1.210,1.195,1.200,1.220,1.061,0.781,3976.0,4489.0,4489.0,4489.0,4489.0,4489.0,4489.0,3591.2,3591.2,3591.2,3591.2,3591.2,3591.2,3591.2,3591.2,99.8,3890.5,1118.0,2515.3,228.1,2324.6,144.0,2882.1,990.5,3003.3,694.0,1655.0,482.2,1918.3,255.9,655.3,580.0,778.7,667.6,719.6,721.0,620.3,524.7,1235.9,27.3,57.8,5.3,53.3,4.9,64.4,22.2,67.4,15.6,38.6,11.0,44.4,5.9,19.2,16.9,23.5,19.4,21.5,21.3,18.3,16.1,67.4,27.3,100.0,48.5,99.2,9.0,91.2,5.7,113.2,38.6,116.9,27.2,64.6,18.9,75.2,10.1,37.8,33.6,43.9,38.3,40.6,41.0,35.0,30.0,48.5,39.9,45.0,45.0,45.0,45.0,45.0,45.0,36.0,36.0,36.0,36.0,36.0,36.0,36.0,36.0,39.0,71,74,73,74,75,72,71,70,70,70,70,68,68,68,68,29,26,27,26,25,28,29,30,30,30,30,32,32,32,32,81,75,No,No,No,No,No,No,No,No,No,No,No,No,No,No,No,No,No,No,No,No,No,No,No,No,No,No,No,No,No,No,No,No,No,No,No,No,No,No,No,No,No,No,No,No,No,No,No,No,82,73,68,1.100,26.157,47.899,40.662,0.002,5.620,0.717,175.0,175.0,175.0,175.0,0,0.0,0.0,27.2,57.4,5.1,53.2,3.2,64.4,22.1,67.1,15.5,38.6,10.8,44.3,5.7,19.2,17.0,23.5,19.5,21.4,21.4,18.3,16.1,45.7,38.0,42.5,18.5,21.2,52.9,50.3,51.4,44.1,66.4,47.3,63.4,61.3,55.1,27.3,13.9,0.0,0.0,0.0,0.0,0.0,0.0,24.6,34.1,6.7,28.2,11.7,13.4,23.5,52.8,0.0,0.0,0.0,0.0,0.0,0.0,0.2,2394.1,24.00,36,35,35,68,103,383,2,2,Yes,No,No,No,No,No,No,No,No,No,Yes,No,No,Yes,No,No,No,No,No,No,No,Yes,No,No,No,No,No,Yes,No,No,No,No,No,No,No,Yes,No,No,85.0,5040,5160,5100,67.8,1.095,1.110,1.800,1.815,1.005,5.110,1.250,No,No,No,67.8,1.095,1.110,1.800,1.815,1.005,5.110,1.250,No,No,No,41,41,94.0,100.0,No,No,32291,48158,37,70,99.0,100.0,No,No,1856,3314,0.5,0.2,0.7,0.068,0.049,62649,43658,1.4,0.0,1.4,16.352,0.000,35061,12253,80.2,76.0,90.4,83.0,0.875,20.460,20.464,20.490,79.148,43.904,56.973,16.228,73.478,3.000,19.197,81.983,41.220,100.000,140.000,2250.0,2200.2,1890.0,2223.1,1905.0,76.0,27.0,0.0,10.0,71.5,20.1,71.0,0.0,0.0,0.0,Yes,No,No,No,No,Yes,No,0,0,0,0,0,0,0,0,0,4,0,0,0,0,0,0,0,0,0,0,0,0,0,0,0,0,0,0,0,0,2246,5942,5710,318,16.0,68,0.300,47.216,600.0,2394.0,0.1,0.0,0.0,0.0,0.0,0.0,0.0,0.0,0.0,2,16190,2,No,No,No,No,No,No,No,No,16.704,68.277,100.0,0.000,24.1,119,0,0,8.0,119.0,200.4,59.0,55.5,55.9,55.3,119.1,203.8,73.5,56.5,62.8,54.8,8.40,17.08,4.89,4.69,17.96,18.07,6.81,1.58,8.04,0.36,1.05,1446,246,1.4,1.0,0,0,0.0,0.0,0,
11.6.2026,17:28:41.331,25913,22854,53.1,20064,12320,61.9,10.9,16384,1790,1.207,1.251,1.251,1.206,1.191,1.176,1.176,1.201,1.201,1.191,1.181,1.201,1.201,1.226,1.245,1.061,0.781,3762.2,4489.0,4688.5,4489.0,4688.5,4489.0,4489.0,1895.4,1895.4,3591.2,3591.2,3591.2,3591.2,3591.2,3591.2,99.8,3890.5,1075.7,2440.9,179.4,2283.1,115.7,3089.9,855.6,3136.1,481.5,1666.1,309.3,1720.4,273.6,597.3,575.2,734.4,647.9,603.0,689.1,726.2,390.0,1194.1,26.2,56.1,2.8,52.5,1.3,69.0,18.1,70.4,10.9,39.2,5.7,40.4,4.9,17.9,17.6,22.0,19.5,18.3,21.7,22.5,13.5,70.4,26.2,100.0,46.6,96.3,7.1,89.8,4.6,120.9,33.4,122.1,19.0,65.2,12.2,67.4,10.8,34.8,33.2,41.6,37.2,34.5,39.3,40.9,22.4,46.6,37.7,45.0,47.0,45.0,47.0,45.0,45.0,19.0,19.0,36.0,36.0,36.0,36.0,36.0,36.0,39.0,70,72,69,73,74,69,69,69,69,69,69,68,68,68,68,30,28,31,27,26,31,31,31,31,31,31,32,32,32,32,81,74,No,No,No,No,No,No,No,No,No,No,No,No,No,No,No,No,No,No,No,No,No,No,No,No,No,No,No,No,No,No,No,No,No,No,No,No,No,No,No,No,No,No,No,No,No,No,No,No,81,77,68,1.100,24.469,43.767,36.635,0.003,5.595,0.703,175.0,175.0,175.0,175.0,0,0.0,0.0,26.4,55.7,4.0,52.3,2.6,69.0,19.0,70.1,10.7,39.1,6.9,40.2,6.1,17.9,17.5,21.9,19.4,18.2,21.5,22.4,13.3,43.0,40.2,44.3,17.4,22.2,55.6,54.5,35.6,38.7,67.1,59.2,45.2,53.6,61.0,7.1,17.5,0.0,0.0,0.0,0.0,0.0,0.0,40.7,38.5,7.8,17.2,31.7,20.7,13.4,75.6,0.0,0.0,0.0,0.0,0.0,0.1,0.0,2394.1,24.00,36,35,35,68,103,383,2,2,Yes,No,No,No,No,No,No,No,No,No,Yes,No,No,Yes,No,No,No,No,No,No,No,Yes,No,No,No,No,No,Yes,No,No,No,No,No,No,No,Yes,No,No,85.0,5160,5100,5100,67.8,1.095,1.110,1.800,1.800,1.005,5.110,1.625,No,No,No,67.8,1.095,1.110,1.800,1.800,1.005,5.110,1.625,No,No,No,41,41,94.0,100.0,No,No,32291,48158,37,70,99.0,100.0,No,No,1856,3314,0.0,1.2,1.2,0.000,0.046,62649,43658,0.0,0.0,0.0,0.000,0.000,35061,12253,80.4,76.0,90.2,83.0,0.875,20.477,20.471,20.495,76.141,41.725,56.024,16.131,72.430,3.000,19.098,77.925,41.872,100.000,140.000,2250.0,2200.2,1890.0,2236.1,1905.0,74.0,26.0,0.0,9.0,71.5,17.7,70.1,0.0,0.0,0.0,Yes,No,No,No,No,Yes,No,0,0,0,0,0,0,0,0,0,4,0,0,0,0,0,0,0,0,0,0,0,0,0,0,0,0,0,0,0,0,2334,5854,5622,318,16.0,68,0.297,45.820,600.0,2394.0,0.1,0.0,0.0,0.0,0.0,0.0,0.0,0.0,0.0,2,16190,2,No,No,No,No,No,No,No,No,16.704,68.277,100.0,0.000,24.1,120,0,0,9.0,120.0,141.7,108.6,107.5,107.9,107.3,120.1,139.0,102.3,101.9,101.9,101.9,8.33,9.24,7.08,6.97,9.28,9.32,6.68,1.65,7.98,0.35,0.65,1446,246,1.6,1.2,0,0,0.0,0.0,0,
11.6.2026,17:28:42.326,25912,22856,53.1,20068,12316,61.9,10.9,16384,1790,1.186,1.228,1.223,1.203,1.188,1.188,1.188,1.198,1.198,1.168,1.168,1.153,1.153,1.173,1.178,1.061,0.778,3976.0,4489.0,4489.0,4489.0,4489.0,4489.0,4489.0,3591.2,3591.2,3591.2,3591.2,3591.2,3591.2,3591.2,3591.2,99.8,3890.5,1057.7,2512.6,188.4,2284.4,81.8,3061.8,751.8,3196.2,402.9,1750.2,301.5,1728.9,208.2,540.1,498.2,610.7,714.6,717.9,629.8,655.9,318.4,1177.0,26.1,57.6,5.8,52.3,3.5,68.5,18.1,71.7,9.0,40.9,8.1,40.3,6.2,15.7,14.6,18.2,21.5,21.7,18.9,19.5,9.7,71.7,26.1,100.0,45.6,99.1,7.4,89.6,3.3,119.9,29.3,124.4,15.9,68.3,11.7,67.5,8.2,31.1,29.1,35.0,40.7,40.5,35.7,37.4,18.5,45.6,39.9,45.0,45.0,45.0,45.0,45.0,45.0,36.0,36.0,36.0,36.0,36.0,36.0,36.0,36.0,39.0,69,73,70,75,72,72,69,67,67,67,67,68,68,68,68,31,27,30,25,28,28,31,33,33,33,33,32,32,32,32,81,75,No,No,No,No,No,No,No,No,No,No,No,No,No,No,No,No,No,No,No,No,No,No,No,No,No,No,No,No,No,No,No,No,No,No,No,No,No,No,No,No,No,No,No,No,No,No,No,No,81,74,68,1.100,24.469,43.767,36.635,0.003,5.595,0.703,175.0,175.0,175.0,175.0,0,0.0,0.0,25.7,57.2,4.2,52.3,1.8,68.4,16.7,71.4,8.9,40.9,6.7,40.3,4.6,15.9,14.7,18.1,21.5,21.7,18.9,19.5,9.7,41.8,38.4,44.4,19.2,21.8,53.6,54.9,40.6,31.8,56.8,61.8,58.9,46.3,52.3,4.5,19.4,0.0,0.0,0.0,0.0,0.0,0.0,38.1,47.5,20.8,12.8,15.3,30.1,24.5,82.2,0.0,0.0,0.0,0.0,0.0,0.1,0.1,2394.1,24.00,36,35,35,68,103,383,2,2,Yes,No,No,No,No,No,No,No,No,No,Yes,No,No,Yes,No,No,No,No,No,No,No,Yes,No,No,No,No,No,Yes,No,No,No,No,No,No,No,Yes,No,No,84.0,5160,5100,5100,67.8,1.095,1.110,1.800,1.800,0.990,5.110,1.625,No,No,No,67.8,1.095,1.110,1.800,1.800,0.990,5.110,1.250,No,No,No,41,41,94.0,100.0,No,No,32291,48158,37,70,99.0,100.0,No,No,1856,3314,1.1,1.8,2.9,0.137,0.033,62649,43658,0.1,0.0,0.1,0.064,0.000,35061,12253,80.9,76.0,91.5,83.0,0.875,20.483,20.459,20.485,75.941,40.926,59.192,16.408,75.876,3.000,19.374,14.438,48.394,100.000,140.000,2250.0,2200.2,1890.0,2237.5,1905.0,73.0,26.0,0.0,10.0,71.5,17.5,70.8,0.0,0.0,0.0,Yes,No,No,No,No,Yes,No,0,0,0,0,0,0,0,0,0,4,0,0,0,0,0,0,0,0,0,0,0,0,0,0,0,0,0,0,0,0,2333,5855,5623,318,16.0,68,0.297,45.269,600.0,2394.0,0.2,0.0,0.0,0.0,0.0,0.0,0.0,0.0,0.0,2,16190,2,No,No,No,No,No,No,No,No,16.703,68.277,100.0,0.000,24.1,120,0,0,8.4,119.8,138.9,100.3,77.1,85.4,74.9,119.8,166.7,88.5,76.6,81.1,75.4,8.35,9.90,7.08,5.80,11.66,13.35,6.62,1.72,8.00,0.35,0.86,1446,246,1.1,0.8,0,0,0.0,0.0,0,
11.6.2026,17:28:43.324,25916,22851,53.1,20070,12314,61.9,10.9,16384,1790,1.189,1.215,1.186,1.185,1.185,1.185,1.175,1.175,1.175,1.185,1.185,1.170,1.219,1.194,1.209,1.061,0.778,3854.9,4489.0,4489.0,4489.0,4489.0,4489.0,4489.0,3591.2,3591.2,3591.2,3591.2,3591.2,3591.2,3591.2,1895.4,99.8,3890.5,1075.7,2519.3,129.2,2437.2,64.9,3106.1,687.0,3247.9,383.1,1737.0,235.2,1717.1,194.4,652.4,586.9,706.5,715.6,698.3,701.1,652.3,342.3,1195.0,25.2,57.2,1.6,55.1,0.1,69.1,14.2,72.4,7.3,39.6,4.2,39.1,3.1,18.0,16.7,19.6,20.1,19.9,19.6,18.4,9.4,72.4,25.2,100.0,46.7,99.4,5.1,95.4,2.5,121.9,27.0,126.4,15.2,67.8,9.5,67.2,7.7,37.5,33.8,40.2,40.6,39.5,39.7,37.1,20.2,46.7,38.6,45.0,45.0,45.0,45.0,45.0,45.0,36.0,36.0,36.0,36.0,36.0,36.0,36.0,19.0,39.0,71,73,73,75,75,71,70,70,70,70,70,68,68,68,68,29,27,27,25,25,29,30,30,30,30,30,32,32,32,32,81,75,No,No,No,No,No,No,No,No,No,No,No,No,No,No,No,No,No,No,No,No,No,No,No,No,No,No,No,No,No,No,No,No,No,No,No,No,No,No,No,No,No,No,No,No,No,No,No,No,81,74,68,1.100,34.594,46.127,38.920,0.002,5.616,0.707,175.0,175.0,175.0,175.0,0,0.0,0.0,26.2,57.4,2.9,55.6,1.5,69.5,15.3,72.5,8.5,40.6,5.3,40.0,4.3,19.1,17.9,20.8,21.2,21.0,20.9,19.5,10.5,47.2,39.0,41.4,19.7,20.9,54.9,55.4,54.0,43.7,65.7,68.5,67.5,59.2,57.5,12.8,13.6,0.0,0.0,0.0,0.0,0.0,0.0,22.4,33.5,10.1,7.1,8.4,16.0,19.8,73.3,0.0,0.0,0.0,0.0,0.0,0.0,0.0,2394.1,24.00,36,35,35,68,103,383,2,2,Yes,No,No,No,No,No,No,No,No,No,Yes,No,No,Yes,No,No,No,No,No,No,No,Yes,No,No,No,No,No,Yes,No,No,No,No,No,No,No,Yes,No,No,85.0,5100,5160,5160,67.8,1.095,1.110,1.800,1.800,0.990,5.110,2.375,No,No,No,67.8,1.095,1.110,1.800,1.800,0.990,5.110,1.375,No,No,No,41,41,94.0,100.0,No,No,32291,48158,37,70,99.0,100.0,No,No,1856,3314,0.1,1.9,2.0,0.097,0.070,62649,43658,0.0,0.0,0.0,0.000,0.000,35061,12253,80.1,74.0,89.7,83.0,0.875,20.472,20.466,20.492,76.686,33.812,58.088,16.188,74.548,3.000,19.147,14.189,40.580,100.000,140.000,2250.0,2200.2,1890.0,2237.5,1905.0,73.0,26.0,0.0,10.0,71.5,17.7,70.8,0.0,0.0,0.0,Yes,No,No,No,No,Yes,No,0,0,0,0,0,0,0,0,0,4,0,0,0,0,0,0,0,0,0,0,0,0,0,0,0,0,0,0,0,0,2332,5856,5624,318,16.0,68,0.300,45.019,600.0,2394.0,0.1,0.0,0.0,0.0,0.0,0.0,0.0,0.0,0.0,2,16190,2,No,No,No,No,No,No,No,No,16.703,68.277,100.0,0.000,24.1,120,0,0,8.5,119.6,139.6,103.1,76.7,86.3,74.2,119.6,149.5,94.7,83.0,87.5,81.7,8.36,9.71,7.07,6.52,11.64,13.56,6.77,1.60,8.00,0.36,0.78,1446,246,2.4,1.1,0,0,0.0,0.0,0,
11.6.2026,17:28:44.318,25914,22854,53.1,20071,12313,61.9,10.9,16384,1790,1.199,1.240,1.190,1.205,1.195,1.195,1.195,1.195,1.195,1.195,1.175,1.220,1.190,1.197,1.207,1.061,0.781,3976.0,4489.0,4489.0,4489.0,4489.0,4489.0,4489.0,3591.2,3591.2,3591.2,3591.2,3591.2,3591.2,3591.2,3591.2,99.8,3890.5,1075.9,2468.8,196.6,2334.5,100.3,2952.0,802.4,3228.8,548.8,1771.9,250.1,1821.7,147.0,608.8,502.4,663.7,717.3,713.6,665.7,622.2,401.2,1194.7,26.4,56.8,4.7,53.5,2.6,66.1,18.1,72.5,12.4,41.4,5.9,42.5,3.6,18.2,14.9,20.1,21.7,21.6,20.0,19.1,12.5,72.5,26.4,100.0,46.6,97.4,7.8,91.5,4.1,116.6,31.5,125.8,21.3,69.4,9.9,71.2,5.9,34.9,29.6,37.7,40.1,40.6,38.1,35.3,23.6,46.6,39.9,45.0,45.0,45.0,45.0,45.0,45.0,36.0,36.0,36.0,36.0,36.0,36.0,36.0,36.0,39.0,71,73,75,75,72,71,71,70,70,70,70,68,68,68,68,29,27,25,25,28,29,29,30,30,30,30,32,32,32,32,81,75,No,No,No,No,No,No,No,No,No,No,No,No,No,No,No,No,No,No,No,No,No,No,No,No,No,No,No,No,No,No,No,No,No,No,No,No,No,No,No,No,No,No,No,No,No,No,No,No,81,78,68,1.100,53.157,47.777,40.536,0.003,5.630,0.716,175.0,175.0,175.0,175.0,0,0.0,0.0,26.2,56.3,4.4,53.4,2.2,66.0,17.8,72.1,12.2,41.3,5.6,42.4,3.3,18.1,14.8,20.0,21.6,21.5,19.8,19.0,12.4,42.7,39.0,43.1,20.7,18.8,53.9,53.9,49.3,27.9,57.4,68.4,56.0,50.5,51.2,7.5,17.9,0.0,0.0,0.0,0.0,0.0,0.0,28.1,51.4,18.8,7.1,18.3,25.3,26.0,75.7,0.1,0.0,0.0,0.0,0.0,0.2,0.3,2394.1,24.00,36,35,35,68,103,383,2,2,Yes,No,No,No,No,No,No,No,No,No,Yes,No,No,Yes,No,No,No,No,No,No,No,Yes,No,No,No,No,No,No,No,No,No,No,No,No,No,No,No,No,84.0,5040,5160,5100,67.8,1.110,1.110,1.800,1.800,0.990,5.110,2.375,No,No,No,67.8,1.110,1.110,1.800,1.800,0.990,5.110,1.625,No,No,No,41,41,94.0,100.0,No,No,32291,48158,37,70,99.0,100.0,No,No,1856,3314,0.1,0.7,0.8,0.064,0.248,62649,43659,0.1,0.0,0.1,0.064,0.000,35061,12253,80.1,74.0,89.7,83.0,0.875,20.479,20.466,20.492,76.686,32.249,58.088,16.188,74.548,3.000,19.147,14.189,40.580,100.000,140.000,2250.0,2200.2,1890.0,2238.6,1905.0,73.0,25.0,0.0,10.0,71.5,17.8,71.3,0.0,0.0,0.0,Yes,No,No,No,No,Yes,No,0,0,0,0,0,0,0,0,0,4,0,0,0,0,0,0,0,0,0,0,0,0,0,0,0,0,0,0,0,0,2332,5856,5624,318,16.0,68,0.300,47.693,600.0,2394.0,0.1,0.0,0.0,0.0,0.0,0.0,0.0,0.0,0.0,2,16190,2,No,No,No,No,No,No,No,No,16.703,68.277,100.0,0.000,24.1,119,0,0,8.0,118.6,134.8,75.3,58.5,63.8,57.1,118.6,151.5,82.4,64.2,71.0,62.4,8.43,13.24,7.38,6.70,15.67,17.51,6.80,1.64,8.09,0.34,0.82,1446,246,11.8,8.4,0,0,0.0,0.0,0,
11.6.2026,17:28:45.317,25913,22854,53.1,20062,12322,61.9,10.9,16384,1790,1.183,1.212,1.181,1.181,1.181,1.171,1.181,1.181,1.171,1.186,1.181,1.181,1.196,1.191,1.176,1.061,0.781,3491.5,4489.0,4489.0,4489.0,4489.0,4489.0,4489.0,1895.4,1895.4,3591.2,3591.2,3591.2,3591.2,1895.4,1895.4,99.8,3890.5,1080.8,2531.5,185.8,2258.9,74.5,2790.5,1003.3,3279.0,504.9,1678.1,296.2,1852.7,242.5,587.6,535.5,675.1,709.9,690.8,704.1,580.2,433.8,1200.4,26.3,58.1,3.0,52.0,0.5,62.6,22.6,73.4,11.6,39.4,6.9,43.2,5.7,17.5,15.8,20.3,21.3,20.9,21.4,17.5,13.4,73.4,26.3,100.0,46.9,99.8,7.4,88.8,3.0,109.7,39.0,127.9,20.2,65.7,11.7,72.4,9.6,34.2,31.3,38.6,40.1,39.2,40.7,33.3,25.4,46.9,35.0,45.0,45.0,45.0,45.0,45.0,45.0,19.0,19.0,36.0,36.0,36.0,36.0,19.0,19.0,39.0,70,75,70,75,75,70,70,68,68,69,69,68,68,68,68,30,25,30,25,25,30,30,32,32,31,31,32,32,32,32,81,75,No,No,No,No,No,No,No,No,No,No,No,No,No,No,No,No,No,No,No,No,No,No,No,No,No,No,No,No,No,No,No,No,No,No,No,No,No,No,No,No,No,No,No,No,No,No,No,No,82,75,68,1.100,29.532,47.614,40.425,0.002,5.634,0.716,175.0,175.0,175.0,175.0,0,0.0,0.0,26.3,57.6,4.1,51.8,1.7,62.5,22.3,73.2,11.3,39.2,6.6,43.0,5.4,17.4,15.7,20.2,21.1,20.7,21.3,17.3,13.2,43.1,38.0,44.9,19.4,19.5,54.9,51.7,45.1,30.3,59.9,68.4,62.3,46.9,50.6,11.0,17.4,0.0,0.0,0.1,0.0,0.0,0.0,32.3,48.2,16.0,7.3,13.3,26.8,28.6,71.3,0.0,0.0,0.0,0.0,0.0,0.0,0.0,2394.1,24.00,36,35,35,68,103,383,2,2,Yes,No,No,No,No,No,No,No,No,No,Yes,No,No,Yes,No,No,No,No,No,No,No,Yes,No,No,No,No,No,Yes,No,No,No,No,No,No,No,Yes,No,No,83.0,5100,5160,5100,67.8,1.110,1.110,1.800,1.800,0.990,5.110,1.250,No,No,No,67.8,1.110,1.110,1.800,1.800,0.990,5.110,1.750,No,No,No,41,41,94.0,100.0,No,No,32291,48158,37,70,99.0,100.0,No,No,1856,3314,0.0,1.5,1.5,0.000,0.043,62649,43659,0.0,0.0,0.0,0.000,0.000,35061,12253,81.0,76.0,91.7,83.0,0.875,20.477,20.464,20.490,76.461,41.436,58.844,16.310,75.423,3.000,19.267,75.809,41.403,100.000,140.000,2250.0,2200.2,1890.0,2239.2,1905.0,76.0,27.0,0.0,10.0,71.5,18.2,72.8,0.0,0.0,0.0,Yes,No,No,No,No,Yes,No,0,0,0,0,0,0,0,0,0,4,0,0,0,0,0,0,0,0,0,0,0,0,0,0,0,0,0,0,0,0,2332,5856,5624,318,16.0,68,0.300,47.002,600.0,2394.0,0.1,0.0,0.0,0.0,0.0,0.0,0.0,0.0,0.0,2,16190,2,No,No,No,No,No,No,No,No,16.703,68.277,100.0,0.000,24.1,120,0,0,8.3,119.8,134.2,107.2,81.9,91.2,79.4,119.8,142.3,105.0,85.1,92.7,83.0,8.35,9.40,7.45,6.87,10.98,12.55,6.68,1.67,7.99,0.36,0.65,1446,246,1.0,0.7,0,0,0.0,0.0,0,
11.6.2026,17:28:46.316,25916,22851,53.1,20067,12317,61.9,10.9,16384,1790,1.191,1.233,1.186,1.186,1.191,1.191,1.166,1.191,1.191,1.191,1.191,1.191,1.156,1.191,1.219,1.061,0.781,3976.0,4489.0,4489.0,4489.0,4489.0,4489.0,4489.0,3591.2,3591.2,3591.2,3591.2,3591.2,3591.2,3591.2,3591.2,99.8,3890.5,1075.6,2542.0,168.5,2174.1,70.5,2903.7,957.8,3204.0,507.7,1710.8,270.2,1896.2,177.9,585.1,557.5,676.6,708.4,715.0,687.6,621.6,377.0,1194.4,26.3,58.3,5.3,49.9,3.1,64.8,21.4,71.7,11.3,39.9,6.0,43.8,4.0,17.3,16.5,20.6,21.1,21.1,20.3,18.1,12.1,71.7,26.3,100.0,46.6,100.2,6.7,85.6,2.9,114.1,37.4,124.7,20.0,66.9,10.6,74.1,7.1,34.2,32.2,38.5,40.1,40.4,38.8,35.7,21.9,46.6,39.9,45.0,45.0,45.0,45.0,45.0,45.0,36.0,36.0,36.0,36.0,36.0,36.0,36.0,36.0,39.0,71,74,73,75,72,72,73,70,70,70,70,68,68,68,68,29,26,27,25,28,28,27,30,30,30,30,32,32,32,32,81,75,No,No,No,No,No,No,No,No,No,No,No,No,No,No,No,No,No,No,No,No,No,No,No,No,No,No,No,No,No,No,No,No,No,No,No,No,No,No,No,No,No,No,No,No,No,No,No,No,82,74,68,1.100,64.126,43.672,36.454,0.002,5.616,0.712,175.0,175.0,175.0,175.0,0,0.0,0.0,26.2,57.9,3.8,50.0,1.6,64.9,21.3,71.5,11.3,40.0,6.0,43.9,4.0,17.5,16.7,20.7,21.1,21.2,20.4,18.3,12.2,44.0,37.8,46.8,18.4,19.4,55.1,51.9,34.9,37.6,56.8,67.1,65.3,63.5,49.2,11.9,16.6,0.0,0.0,0.0,0.0,0.0,0.0,41.6,40.6,18.4,8.6,10.1,12.6,28.6,72.5,0.0,0.0,0.0,0.0,0.0,0.0,0.1,2394.1,24.00,36,35,35,68,103,383,2,2,Yes,No,No,No,No,No,No,No,No,No,Yes,No,No,Yes,No,No,No,No,No,No,No,Yes,No,No,No,No,No,Yes,No,No,No,No,No,No,No,Yes,No,No,84.0,5040,4980,5100,67.8,1.110,1.110,1.815,1.800,0.990,5.110,2.375,No,No,No,67.8,1.110,1.110,1.800,1.800,0.990,5.110,1.375,No,No,No,41,41,94.0,100.0,No,No,32291,48158,37,70,99.0,100.0,No,No,1856,3314,0.1,2.0,2.1,0.024,0.813,62649,43660,0.0,0.0,0.0,0.000,0.000,35061,12253,80.3,76.0,90.2,83.0,0.875,20.481,20.468,20.493,76.662,32.103,56.826,16.231,73.346,3.000,19.193,11.041,45.085,100.000,140.000,2250.0,2200.2,1890.0,2239.1,1905.0,75.0,27.0,0.0,10.0,71.5,17.4,69.8,0.0,0.0,0.0,Yes,No,No,No,No,Yes,No,0,0,0,0,0,0,0,0,0,4,0,0,0,0,0,0,0,0,0,0,0,0,0,0,0,0,0,0,0,0,2332,5856,5624,318,16.0,68,0.300,45.731,600.0,2394.0,0.1,0.0,0.0,0.0,0.0,0.0,0.0,0.0,0.0,2,16190,2,No,No,No,No,No,No,No,No,16.703,68.277,100.0,0.000,24.1,120,0,0,8.2,119.9,141.2,108.5,87.1,95.2,84.9,120.0,147.8,104.7,88.6,94.8,86.8,8.34,9.24,7.22,5.28,10.51,11.77,6.60,1.74,7.98,0.36,0.65,1446,246,1.7,0.9,0,0,0.0,0.0,0,
11.6.2026,17:28:47.328,25914,22854,53.1,20065,12319,61.9,10.9,16384,1790,1.208,1.213,1.213,1.213,1.202,1.192,1.197,1.207,1.207,1.207,1.212,1.212,1.197,1.222,1.222,1.061,0.781,3712.3,4489.0,4489.0,4489.0,4489.0,4489.0,798.0,3591.2,3591.2,3591.2,3591.2,3591.2,3591.2,3591.2,3591.2,99.8,3890.5,1061.0,2547.8,179.0,2229.8,80.6,3106.9,718.7,3262.8,366.6,1785.0,285.1,1723.0,176.2,557.1,464.2,645.1,754.4,672.8,683.1,623.8,357.5,1180.1,25.9,58.5,4.3,51.3,0.6,69.7,16.2,73.2,8.5,41.7,6.5,40.4,2.7,16.5,13.8,19.4,23.1,20.4,20.8,18.8,11.4,73.2,25.9,100.0,45.9,100.3,7.1,87.7,3.2,122.0,28.1,127.1,14.5,69.8,11.1,67.6,7.0,32.0,27.3,36.3,42.4,38.0,38.9,35.7,21.0,45.9,37.2,45.0,45.0,45.0,45.0,45.0,8.0,36.0,36.0,36.0,36.0,36.0,36.0,36.0,36.0,39.0,70,73,71,73,72,72,70,69,69,69,69,68,68,68,68,30,27,29,27,28,28,30,31,31,31,31,32,32,32,32,81,73,No,No,No,No,No,No,No,No,No,No,No,No,No,No,No,No,No,No,No,No,No,No,No,No,No,No,No,No,No,No,No,No,No,No,No,No,No,No,No,No,No,No,No,No,No,No,No,No,82,73,68,1.100,29.532,42.906,35.870,0.002,5.610,0.710,175.0,175.0,175.0,175.0,0,0.0,0.0,25.8,58.0,4.0,51.1,1.8,69.5,16.0,72.9,8.2,41.5,6.3,40.3,3.9,16.4,13.7,19.2,22.9,20.3,20.6,18.6,11.2,46.8,37.5,45.6,18.4,21.0,52.7,55.8,53.6,36.8,68.9,65.9,68.0,61.9,57.9,11.1,14.5,0.0,0.0,0.0,0.0,0.0,0.0,25.8,44.2,8.8,8.0,8.7,13.9,20.3,73.7,0.0,0.0,0.0,0.0,0.0,0.2,0.0,2394.1,24.00,36,35,35,68,103,383,2,2,Yes,No,No,No,No,No,No,No,No,No,Yes,No,No,Yes,No,No,No,No,No,No,No,Yes,No,No,No,No,No,Yes,No,No,No,No,No,No,No,Yes,No,No,85.0,5040,5100,5040,67.8,1.110,1.110,1.800,1.815,0.990,5.110,1.250,No,No,No,67.8,1.110,1.110,1.800,1.815,0.990,5.110,1.500,No,No,No,41,41,94.0,100.0,No,No,32291,48158,37,70,99.0,100.0,No,No,1856,3314,0.2,0.6,0.9,0.016,0.035,62649,43660,0.1,0.0,0.1,0.064,0.000,35061,12253,79.4,74.0,88.8,83.0,0.875,20.478,20.465,20.491,76.127,32.417,57.147,16.208,73.625,3.000,19.170,11.041,46.726,100.000,140.000,2250.0,2200.2,1890.0,2239.3,1905.0,75.0,27.0,0.0,10.0,71.5,17.6,70.4,0.0,0.0,0.0,Yes,No,No,No,No,Yes,No,0,0,0,0,0,0,0,0,0,4,0,0,0,0,0,0,0,0,0,0,0,0,0,0,0,0,0,0,0,0,2332,5856,5624,318,16.0,69,0.300,41.509,600.0,2394.0,0.1,0.0,0.0,0.0,0.0,0.0,0.0,0.0,0.0,2,16190,2,No,No,No,No,No,No,No,No,16.704,68.277,100.0,0.000,24.1,120,0,0,7.9,120.0,138.8,108.6,107.5,107.9,107.4,120.0,142.3,106.1,98.2,101.5,97.2,8.33,9.19,7.18,7.15,9.24,9.29,6.62,1.71,7.98,0.35,0.67,1446,246,2.1,1.2,0,0,0.0,0.0,0,
11.6.2026,17:28:48.326,25915,22852,53.1,20067,12317,61.9,10.9,16384,1790,1.227,1.247,1.198,1.218,1.208,1.218,1.238,1.243,1.238,1.231,1.231,1.226,1.226,1.226,1.231,1.061,0.781,3976.0,4489.0,4489.0,4489.0,4489.0,4489.0,4489.0,3591.2,3591.2,3591.2,3591.2,3591.2,3591.2,3591.2,3591.2,99.8,3890.5,1062.5,2549.4,174.0,2319.0,77.8,3030.3,847.0,3253.8,331.0,1708.2,225.7,1674.5,250.0,642.0,539.3,633.2,729.5,663.8,588.1,654.2,358.3,1186.6,25.0,57.7,2.6,52.3,2.0,67.2,17.8,72.7,6.1,39.0,3.9,38.1,5.8,17.8,14.4,17.9,21.0,18.5,16.2,18.1,10.4,72.7,25.0,100.0,46.0,100.5,6.9,91.1,3.1,118.9,33.0,126.7,13.1,66.9,9.1,65.7,9.8,37.2,31.7,36.1,41.2,37.6,33.2,37.0,20.6,46.0,39.9,45.0,45.0,45.0,45.0,45.0,45.0,36.0,36.0,36.0,36.0,36.0,36.0,36.0,36.0,39.0,70,73,72,75,71,71,70,69,69,69,70,68,68,68,68,30,27,28,25,29,29,30,31,31,31,30,32,32,32,32,81,75,No,No,No,No,No,No,No,No,No,No,No,No,No,No,No,No,No,No,No,No,No,No,No,No,No,No,No,No,No,No,No,No,No,No,No,No,No,No,No,No,No,No,No,No,No,No,No,No,82,75,68,1.100,37.969,45.339,37.981,0.002,5.609,0.710,175.0,175.0,175.0,175.0,0,0.0,0.0,25.8,58.0,3.9,53.0,1.7,67.7,18.8,72.8,7.4,39.9,5.0,39.1,5.6,19.0,15.8,19.1,22.1,19.7,17.4,19.3,11.7,45.6,37.5,43.5,17.7,21.6,55.7,54.9,48.0,41.2,59.4,63.4,66.4,57.1,58.8,12.7,15.5,0.0,0.0,0.0,0.0,0.0,0.0,28.0,37.7,17.6,11.1,10.7,21.7,18.6,72.2,0.1,0.0,0.0,0.0,0.0,0.0,0.4,2394.1,24.00,36,35,35,68,103,383,2,2,Yes,No,No,No,No,No,No,No,No,No,Yes,No,No,Yes,No,No,No,No,No,No,No,Yes,No,No,No,No,No,Yes,No,No,No,No,No,No,No,Yes,No,No,85.0,5100,5100,5040,67.8,1.110,1.110,1.800,1.815,1.005,5.110,1.000,No,No,No,67.8,1.110,1.110,1.800,1.815,1.005,5.110,1.375,No,No,No,41,41,94.0,100.0,No,No,32291,48158,37,70,99.0,100.0,No,No,1856,3314,0.6,0.3,1.0,0.299,0.011,62649,43660,0.0,0.1,0.1,0.000,0.012,35061,12253,80.7,74.0,90.7,83.0,0.875,20.461,20.448,20.473,76.191,38.336,58.674,16.236,75.179,3.000,19.188,51.930,44.146,100.000,140.000,2250.0,2200.2,1890.0,2239.4,1905.0,76.0,26.0,0.0,10.0,71.5,17.5,70.2,0.0,0.0,0.0,Yes,No,No,No,No,Yes,No,0,0,0,0,0,0,0,0,0,4,0,0,0,0,0,0,0,0,0,0,0,0,0,0,0,0,0,0,0,0,2332,5856,5625,318,16.0,68,0.300,46.828,600.0,2394.0,0.1,0.0,0.0,0.0,0.0,0.0,0.0,0.0,0.0,2,16190,2,No,No,No,No,No,No,No,No,16.703,68.277,100.0,0.000,24.1,119,0,0,8.6,118.5,134.3,70.5,58.8,62.0,58.0,118.6,143.7,76.1,63.7,68.0,62.6,8.44,14.19,7.40,6.79,16.15,17.30,6.75,1.68,8.08,0.35,1.00,1446,246,5.0,0.9,0,0,0.0,0.0,0,
11.6.2026,17:28:49.322,25914,22854,53.1,20065,12319,61.9,10.9,16384,1790,1.181,1.232,1.168,1.193,1.178,1.148,1.133,1.143,1.173,1.178,1.201,1.186,1.206,1.191,1.206,1.061,0.781,3655.3,4489.0,4489.0,4489.0,4489.0,4489.0,4489.0,798.0,3591.2,3591.2,3591.2,1895.4,3591.2,3591.2,3591.2,99.8,3890.5,1073.5,2539.3,194.6,2219.0,64.6,2878.0,982.2,3158.4,448.3,1784.8,256.8,1783.7,242.5,563.3,514.9,659.5,701.8,724.3,656.0,648.5,450.0,1187.0,26.3,58.4,4.6,51.1,1.7,64.6,22.1,70.7,10.3,41.7,6.0,41.6,5.7,17.2,15.5,19.9,20.8,21.6,19.9,19.5,13.9,70.7,26.3,100.0,46.5,100.2,7.7,87.2,2.6,112.6,38.1,123.6,17.7,69.8,10.2,69.8,9.6,32.4,30.0,37.4,39.7,41.1,37.4,36.9,26.3,46.5,36.6,45.0,45.0,45.0,45.0,45.0,45.0,8.0,36.0,36.0,36.0,19.0,36.0,36.0,36.0,39.0,70,73,71,77,74,71,70,69,69,69,69,68,68,68,68,30,27,29,23,26,29,30,31,31,31,31,32,32,32,32,79,77,No,No,No,No,No,No,No,No,No,No,No,No,No,No,No,No,No,No,No,No,No,No,No,No,No,No,No,No,No,No,No,No,No,No,No,No,No,No,No,No,No,No,No,No,No,No,No,No,81,73,69,1.100,61.595,47.219,40.032,0.002,5.612,0.713,175.0,175.0,175.0,175.0,0,0.0,0.0,26.2,57.9,4.3,51.0,1.4,64.3,21.9,70.6,10.1,41.6,5.7,41.5,5.4,17.1,15.4,19.8,20.7,21.5,19.8,19.3,13.7,45.4,37.4,46.1,18.6,21.5,53.9,53.1,42.1,35.6,67.9,65.2,65.6,52.5,59.1,16.7,15.4,0.0,0.0,0.3,0.0,0.0,0.0,35.6,43.4,9.0,10.6,9.3,23.4,18.3,65.5,0.0,0.0,0.0,0.0,0.0,0.0,0.2,2394.1,24.00,36,35,35,68,103,383,2,2,Yes,No,No,No,No,No,No,No,No,No,Yes,No,No,Yes,No,No,No,No,No,No,No,Yes,No,No,No,No,No,Yes,No,No,No,No,No,No,No,Yes,No,No,85.0,5040,5040,5040,67.8,1.110,1.110,1.800,1.815,1.005,5.110,1.875,No,No,No,67.8,1.110,1.110,1.800,1.815,1.005,5.110,1.750,No,No,No,41,41,94.0,100.0,No,No,32291,48158,37,70,99.0,100.0,No,No,1856,3314,0.0,1.2,1.2,0.000,0.152,62649,43660,0.0,0.1,0.1,0.000,0.036,35061,12253,80.9,74.0,91.5,83.0,0.875,20.471,20.458,20.485,76.601,40.141,58.087,16.183,74.543,3.000,19.146,70.113,39.919,100.000,140.000,2250.0,2200.2,1890.0,2239.4,1905.0,77.0,26.0,0.0,11.0,71.5,18.1,72.4,0.0,0.0,0.0,Yes,No,No,No,No,Yes,No,0,0,0,0,0,0,0,0,0,4,0,0,0,0,0,0,0,0,0,0,0,0,0,0,0,0,0,0,0,0,2332,5856,5625,318,16.0,68,0.297,45.516,600.0,2394.0,0.2,0.0,0.0,0.0,0.0,0.0,0.0,0.0,0.0,2,16190,2,No,No,No,No,No,No,No,No,16.703,68.277,100.0,0.000,24.1,120,0,0,7.8,120.0,146.7,100.3,94.7,96.7,94.2,120.1,146.3,102.1,89.9,94.8,88.5,8.33,10.03,6.84,6.20,10.32,10.58,6.75,1.58,7.98,0.35,0.73,1446,246,1.4,0.7,0,0,0.0,0.0,0,
11.6.2026,17:28:50.318,25913,22855,53.1,20059,12324,61.9,10.9,16384,1790,1.212,1.190,1.198,1.173,1.213,1.213,1.213,1.223,1.223,1.223,1.223,1.223,1.223,1.203,1.223,1.061,0.781,3976.0,4489.0,4489.0,4489.0,4489.0,4489.0,4489.0,3591.2,3591.2,3591.2,3591.2,3591.2,3591.2,3591.2,3591.2,99.8,3890.5,1063.5,2472.0,240.9,2235.0,37.0,2818.6,935.6,3350.1,303.4,1746.5,269.5,1862.4,182.6,622.9,519.5,608.7,681.5,732.0,696.0,633.3,322.5,1180.4,25.8,56.6,5.4,51.3,0.9,63.3,20.9,74.9,6.7,40.7,6.0,43.2,4.1,18.3,15.1,17.8,20.1,21.7,20.6,18.7,10.1,74.9,25.8,100.0,46.1,97.5,9.4,87.8,1.5,110.1,36.4,131.3,12.0,68.3,10.7,73.0,7.3,35.7,30.3,34.6,38.8,42.0,39.8,35.7,19.1,46.1,39.9,45.0,45.0,45.0,45.0,45.0,45.0,36.0,36.0,36.0,36.0,36.0,36.0,36.0,36.0,39.0,70,75,71,75,75,70,70,69,69,69,69,68,68,68,68,30,25,29,25,25,30,30,31,31,31,31,32,32,32,32,82,75,No,No,No,No,No,No,No,No,No,No,No,No,No,No,No,No,No,No,No,No,No,No,No,No,No,No,No,No,No,No,No,No,No,No,No,No,No,No,No,No,No,No,No,No,No,No,No,No,81,75,68,1.100,62.438,45.302,38.092,0.003,5.612,0.711,175.0,175.0,175.0,175.0,0,0.0,0.0,25.8,56.2,5.4,51.3,0.8,63.1,20.8,74.9,6.8,40.7,6.0,43.3,4.1,18.4,15.3,17.9,20.2,21.7,20.8,18.8,10.1,45.1,38.2,46.0,20.6,19.8,53.7,51.9,50.8,36.8,65.8,60.1,65.0,57.6,58.9,6.6,16.0,0.0,0.0,0.0,0.0,0.0,0.0,26.3,42.4,12.8,15.9,9.6,17.5,19.2,79.7,0.2,0.0,0.0,0.0,0.0,0.4,0.6,2394.1,24.00,36,35,35,68,103,383,2,2,Yes,No,No,No,No,No,No,No,No,No,Yes,No,No,Yes,No,No,No,No,No,No,No,Yes,No,No,No,No,No,Yes,No,No,No,No,No,No,No,Yes,No,No,84.0,5040,5100,5100,67.8,1.110,1.110,1.800,1.815,1.005,5.110,1.625,No,No,No,67.8,1.095,1.110,1.800,1.815,1.005,5.110,1.875,No,No,No,41,41,94.0,100.0,No,No,32291,48158,37,70,99.0,100.0,No,No,1856,3314,0.0,1.4,1.4,0.000,0.027,62649,43660,0.1,0.0,0.1,0.064,0.000,35061,12253,79.9,76.0,89.2,83.0,0.875,20.471,20.458,20.483,76.637,32.521,56.634,16.244,73.144,3.000,19.197,14.398,45.029,100.000,140.000,2250.0,2200.2,1890.0,2236.4,1905.0,75.0,27.0,0.0,10.0,71.5,17.8,71.1,0.0,0.0,0.0,Yes,No,No,No,No,Yes,No,0,0,0,0,0,0,0,0,0,4,0,0,0,0,0,0,0,0,0,0,0,0,0,0,0,0,0,0,0,0,2332,5856,5625,318,16.0,68,0.297,47.698,600.0,2394.0,0.2,0.0,0.0,0.0,0.0,0.0,0.0,0.0,0.0,2,16190,2,No,No,No,No,No,No,No,No,16.703,68.277,100.0,0.000,24.1,119,0,0,8.4,119.9,151.7,103.6,78.6,87.7,76.2,119.8,147.4,99.6,83.9,90.0,82.2,8.34,9.71,6.60,6.32,11.32,12.89,6.69,1.66,7.99,0.35,0.81,1446,246,1.9,1.0,0,0,0.0,0.0,0,
11.6.2026,17:28:51.315,25914,22854,53.1,20066,12318,61.9,10.9,16384,1790,1.219,1.218,1.223,1.222,1.212,1.207,1.197,1.237,1.241,1.241,1.206,1.206,1.206,1.211,1.241,1.061,0.781,3854.9,4489.0,4489.0,4489.0,4489.0,4489.0,4489.0,3591.2,3591.2,3591.2,3591.2,3591.2,3591.2,1895.4,3591.2,99.8,3890.5,1074.0,2485.1,220.6,2252.2,105.3,2970.1,753.7,3279.7,357.6,1744.5,238.9,1871.6,247.2,669.4,568.6,600.6,594.2,650.1,761.7,673.2,435.4,1185.0,26.4,57.2,5.3,51.8,1.3,66.7,17.2,73.2,8.4,40.9,5.7,43.6,5.9,20.8,17.4,18.2,18.2,19.3,22.9,20.3,13.5,73.2,26.4,100.0,46.6,97.9,8.7,88.4,4.2,115.9,29.5,128.3,14.3,68.2,9.5,73.2,9.8,38.0,32.7,34.5,33.9,37.4,43.2,38.1,25.7,46.6,38.6,45.0,45.0,45.0,45.0,45.0,45.0,36.0,36.0,36.0,36.0,36.0,36.0,19.0,36.0,39.0,71,73,73,75,74,71,70,70,70,70,70,68,68,68,68,29,27,27,25,26,29,30,30,30,30,30,32,32,32,32,81,75,No,No,No,No,No,No,No,No,No,No,No,No,No,No,No,No,No,No,No,No,No,No,No,No,No,No,No,No,No,No,No,No,No,No,No,No,No,No,No,No,No,No,No,No,No,No,No,No,81,75,68,1.100,25.313,50.376,43.133,0.003,5.635,0.713,175.0,175.0,175.0,175.0,0,0.0,0.0,26.2,56.7,4.9,51.6,2.4,66.4,16.8,73.2,8.0,40.7,5.3,43.4,5.5,20.5,17.2,18.0,18.0,19.1,22.7,20.1,13.2,44.2,38.8,44.7,21.8,20.5,54.8,51.0,55.6,38.7,52.3,47.0,53.2,62.6,67.2,10.5,16.4,0.0,0.0,0.0,0.0,0.0,0.0,19.9,38.6,25.2,30.1,23.1,11.1,9.5,71.9,0.1,0.0,0.0,0.0,0.0,0.2,0.3,2394.1,24.00,36,35,35,68,103,383,2,2,Yes,No,No,No,No,No,No,No,No,No,Yes,No,No,Yes,No,No,No,No,No,No,No,Yes,No,No,No,No,No,Yes,No,No,No,No,No,No,No,Yes,No,No,84.0,5100,5040,5100,67.8,1.095,1.110,1.800,1.815,1.005,5.110,1.375,No,No,No,67.8,1.095,1.110,1.800,1.815,1.005,5.110,1.125,No,No,No,41,41,94.0,100.0,No,No,32291,48158,37,70,99.0,100.0,No,No,1856,3314,0.1,0.9,1.0,0.064,0.053,62649,43660,0.0,0.0,0.0,0.000,0.000,35061,12253,79.5,74.0,88.8,83.0,0.875,20.468,20.455,20.480,75.760,32.507,57.595,16.180,74.036,3.000,19.133,11.127,46.478,100.000,140.000,2250.0,2200.2,1890.0,2235.7,1905.0,77.0,26.0,0.0,11.0,71.5,17.8,71.2,0.0,0.0,0.0,Yes,No,No,No,No,Yes,No,0,0,0,0,0,0,0,0,0,4,0,0,0,0,0,0,0,0,0,0,0,0,0,0,0,0,0,0,0,0,2331,5857,5626,318,16.0,68,0.297,51.036,600.0,2394.0,0.1,0.0,0.0,0.0,0.0,0.0,0.0,0.0,0.0,2,16190,2,No,No,No,No,No,No,No,No,16.703,68.277,100.0,0.000,24.1,119,0,0,8.8,118.9,137.9,92.9,60.7,71.1,58.2,118.8,154.3,89.9,65.5,73.9,63.4,8.41,10.77,7.28,6.63,14.12,17.29,6.83,1.59,8.06,0.36,0.83,1446,246,17.2,16.1,0,0,0.0,0.0,0,
11.6.2026,17:28:52.329,25917,22851,53.1,20069,12315,61.9,10.9,16384,1790,1.192,1.203,1.163,1.193,1.185,1.195,1.195,1.195,1.180,1.200,1.200,1.195,1.195,1.195,1.200,1.061,0.781,3976.0,4489.0,4489.0,4489.0,4489.0,4489.0,4489.0,3591.2,3591.2,3591.2,3591.2,3591.2,3591.2,3591.2,3591.2,99.8,3890.5,1050.4,2501.7,101.8,2193.1,96.8,2994.7,818.0,3293.9,329.7,1618.0,274.1,1828.8,274.3,640.8,482.1,606.5,681.4,672.2,705.4,598.7,295.8,1171.0,25.8,57.6,2.6,50.5,3.9,67.3,18.4,73.7,7.6,38.1,6.3,42.5,6.4,18.9,14.2,18.2,20.7,20.0,21.2,18.0,9.6,73.7,25.8,100.0,45.4,98.6,4.1,86.2,3.8,116.8,31.7,129.0,13.1,63.4,10.7,71.5,10.8,37.0,28.4,34.9,38.6,38.4,40.0,34.2,17.0,45.4,39.9,45.0,45.0,45.0,45.0,45.0,45.0,36.0,36.0,36.0,36.0,36.0,36.0,36.0,36.0,39.0,71,74,73,77,74,74,71,69,69,69,69,70,70,70,70,29,26,27,23,26,26,29,31,31,31,31,30,30,30,30,82,77,No,No,No,No,No,No,No,No,No,No,No,No,No,No,No,No,No,No,No,No,No,No,No,No,No,No,No,No,No,No,No,No,No,No,No,No,No,No,No,No,No,No,No,No,No,No,No,No,82,77,68,1.100,24.469,48.561,41.383,0.002,5.622,0.714,175.0,175.0,175.0,175.0,0,0.0,0.0,25.5,57.1,2.3,50.4,2.2,67.0,18.2,73.7,7.3,38.0,6.1,42.4,6.1,18.8,14.2,18.1,20.6,20.0,21.2,17.9,9.4,44.0,39.4,45.7,19.8,20.6,56.7,50.8,49.1,24.9,58.1,67.1,57.9,63.4,52.0,10.7,17.3,0.0,0.0,0.0,0.0,0.0,0.0,27.2,54.7,19.3,9.0,18.0,11.9,26.0,76.7,0.1,0.0,0.0,0.0,0.0,0.0,0.5,2394.1,24.00,36,35,35,68,103,383,2,2,Yes,No,No,No,No,No,No,No,No,No,Yes,No,No,Yes,No,No,No,No,No,No,No,Yes,No,No,No,No,No,Yes,No,No,No,No,No,No,No,Yes,No,No,85.0,5100,5040,5100,67.8,1.095,1.110,1.800,1.815,1.005,5.110,1.375,No,No,No,67.8,1.095,1.110,1.800,1.815,1.005,5.110,1.375,No,No,No,41,41,94.0,100.0,No,No,32291,48158,37,70,99.0,100.0,No,No,1856,3314,0.1,0.7,0.7,0.004,0.057,62649,43660,0.1,0.0,0.1,0.064,0.000,35061,12253,80.4,76.0,90.2,83.0,0.875,20.482,20.470,20.495,76.220,37.051,55.874,16.212,72.346,3.000,19.178,48.439,44.311,100.000,140.000,2250.0,2200.2,1890.0,2232.5,1905.0,75.0,27.0,0.0,10.0,71.5,18.1,72.4,0.0,0.0,0.0,Yes,No,No,No,No,Yes,No,0,0,0,0,0,0,0,0,0,4,0,0,0,0,0,0,0,0,0,0,0,0,0,0,0,0,0,0,0,0,2331,5857,5626,318,16.0,69,0.297,45.221,600.0,2394.0,0.1,0.0,0.0,0.0,0.0,0.0,0.0,0.0,0.0,2,16190,2,No,No,No,No,No,No,No,No,16.704,68.277,100.0,0.000,24.1,117,0,0,9.2,117.2,142.7,81.9,35.3,46.6,32.9,117.2,150.6,85.7,39.3,51.4,36.8,8.53,12.18,7.10,6.47,21.48,30.40,6.66,1.87,8.18,0.35,0.95,1446,246,1.4,0.8,0,0,0.0,0.0,0,
11.6.2026,17:28:53.326,25922,22846,53.1,20072,12312,61.9,10.9,16384,1790,1.234,1.225,1.219,1.229,1.224,1.229,1.229,1.259,1.239,1.239,1.254,1.234,1.234,1.234,1.234,1.061,0.778,3990.2,4688.5,4489.0,4489.0,4489.0,4489.0,4489.0,3591.2,3591.2,3591.2,3591.2,3591.2,3591.2,3591.2,3591.2,99.8,3890.5,1063.3,2490.7,136.3,2206.2,82.5,3056.6,877.2,3211.4,383.7,1698.1,327.3,1802.8,241.9,670.0,515.9,588.7,672.5,676.0,593.2,647.2,387.9,1185.1,25.6,57.2,1.7,50.7,0.5,68.6,19.5,71.9,7.3,39.7,6.1,41.9,4.1,19.9,15.2,17.4,20.0,20.3,17.5,19.5,12.1,71.9,25.6,100.0,46.0,98.3,5.5,86.8,3.3,119.0,34.0,125.9,15.2,66.3,13.0,70.6,9.6,38.9,30.4,34.0,38.3,38.2,34.2,36.6,22.6,46.0,40.0,47.0,45.0,45.0,45.0,45.0,45.0,36.0,36.0,36.0,36.0,36.0,36.0,36.0,36.0,39.0,70,73,71,77,70,71,69,69,69,69,69,69,69,69,69,30,27,29,23,30,29,31,31,31,31,31,31,31,31,31,81,77,No,No,No,No,No,No,No,No,No,No,No,No,No,No,No,No,No,No,No,No,No,No,No,No,No,No,No,No,No,No,No,No,No,No,No,No,No,No,No,No,No,No,No,No,No,No,No,No,81,74,68,1.100,43.032,43.115,35.892,0.002,5.608,0.705,175.0,175.0,175.0,175.0,0,0.0,0.0,25.8,56.8,3.0,50.6,1.8,68.3,19.5,71.9,8.5,39.7,7.3,41.9,5.4,19.9,15.3,17.4,20.1,20.3,17.5,19.4,12.1,43.3,39.3,45.9,17.4,21.5,54.0,52.9,47.8,40.9,45.8,56.2,61.4,44.0,66.6,11.9,17.7,0.0,0.0,0.0,0.0,0.0,0.0,27.1,38.3,31.8,19.6,14.7,33.4,11.1,71.7,0.1,0.0,0.0,0.0,0.0,0.3,0.2,2394.1,24.00,36,35,35,68,103,383,2,2,Yes,No,No,No,No,No,No,No,No,No,Yes,No,No,Yes,No,No,No,No,No,No,No,Yes,No,No,No,No,No,Yes,No,No,No,No,No,No,No,Yes,No,No,85.0,5100,5040,5100,67.8,1.095,1.110,1.800,1.815,1.005,5.110,1.375,No,No,No,67.8,1.095,1.110,1.800,1.815,1.005,5.110,1.500,No,No,No,41,41,94.0,100.0,No,No,32291,48158,37,70,99.0,100.0,No,No,1856,3314,0.0,1.6,1.6,0.000,0.113,62649,43660,0.0,0.1,0.1,0.000,0.036,35061,12253,79.6,76.0,89.4,83.0,0.875,20.482,20.470,20.494,74.234,39.776,57.339,16.171,73.779,3.000,19.144,65.673,43.329,100.000,140.000,2250.0,2200.2,1890.0,2229.7,1905.0,77.0,26.0,0.0,11.0,71.5,17.3,69.3,0.0,0.0,0.0,Yes,No,No,No,No,Yes,No,0,0,0,0,0,0,0,0,0,4,0,0,0,0,0,0,0,0,0,0,0,0,0,0,0,0,0,0,0,0,2330,5858,5627,318,16.0,68,0.297,45.198,600.0,2394.0,0.1,0.0,0.0,0.0,0.0,0.0,0.0,0.0,0.0,2,16190,2,No,No,No,No,No,No,No,No,16.704,68.277,100.0,0.000,24.1,119,0,0,8.8,118.7,143.0,76.8,59.6,65.4,58.0,118.6,168.8,81.0,67.0,72.1,65.6,8.43,13.04,7.06,6.64,15.27,17.16,6.81,1.62,8.07,0.35,0.87,1446,246,3.9,1.0,0,0,0.0,0.0,0,
11.6.2026,17:28:54.326,25921,22846,53.1,20071,12313,61.9,10.9,16384,1790,1.203,1.223,1.193,1.193,1.193,1.178,1.193,1.193,1.193,1.200,1.200,1.215,1.215,1.225,1.225,1.061,0.778,3976.0,4489.0,4489.0,4489.0,4489.0,4489.0,4489.0,3591.2,3591.2,3591.2,3591.2,3591.2,3591.2,3591.2,3591.2,99.8,3890.5,1068.7,2445.8,160.1,2278.5,79.5,3063.9,845.2,3240.8,436.2,1671.7,273.2,1826.3,213.1,684.3,498.7,630.8,704.0,719.6,629.3,585.8,387.6,1190.8,25.4,55.6,3.9,51.6,2.2,68.2,17.9,72.0,10.0,38.3,6.4,41.7,5.1,19.2,13.4,17.7,20.1,20.2,17.4,16.1,11.4,72.0,25.4,100.0,46.3,96.7,6.4,89.6,3.2,119.2,33.1,126.9,17.2,65.2,10.8,71.5,8.4,39.4,29.1,36.1,40.1,41.5,36.4,33.7,22.3,46.3,39.9,45.0,45.0,45.0,45.0,45.0,45.0,36.0,36.0,36.0,36.0,36.0,36.0,36.0,36.0,39.0,71,73,73,75,74,71,70,70,70,70,70,68,68,68,68,29,27,27,25,26,29,30,30,30,30,30,32,32,32,32,81,75,No,No,No,No,No,No,No,No,No,No,No,No,No,No,No,No,No,No,No,No,No,No,No,No,No,No,No,No,No,No,No,No,No,No,No,No,No,No,No,No,No,No,No,No,No,No,No,No,81,74,68,1.100,37.969,46.811,39.699,0.002,5.610,0.709,175.0,175.0,175.0,175.0,0,0.0,0.0,26.0,55.9,3.6,52.2,1.8,68.4,18.8,72.4,9.7,39.2,6.1,42.5,4.7,20.3,14.6,18.9,21.1,21.3,18.6,17.2,12.5,42.1,39.8,44.4,17.4,20.2,55.7,52.8,45.7,30.4,55.7,57.5,55.9,45.8,49.0,19.1,18.5,0.0,0.0,0.0,0.0,0.0,0.0,28.7,49.0,21.1,17.3,18.1,30.5,29.8,64.7,0.0,0.0,0.0,0.0,0.0,0.1,0.0,2394.1,24.00,36,35,35,68,103,383,2,2,Yes,No,No,No,No,No,No,No,No,No,Yes,No,No,Yes,No,No,No,No,No,No,No,Yes,No,No,No,No,No,No,No,No,No,No,No,No,No,No,No,No,84.0,5100,5040,5100,67.8,1.095,1.110,1.800,1.815,0.990,5.110,1.250,No,No,No,67.8,1.095,1.110,1.800,1.815,1.005,5.110,1.250,No,No,No,41,41,94.0,100.0,No,No,32291,48158,37,70,99.0,100.0,No,No,1856,3314,0.1,1.8,1.8,0.016,0.024,62649,43660,0.0,0.0,0.0,0.000,0.000,35061,12253,80.1,76.0,91.1,83.0,0.875,20.469,20.456,20.481,75.888,37.547,57.296,16.201,73.774,3.000,19.166,50.247,43.144,100.000,140.000,2250.0,2200.2,1890.0,2226.1,1905.0,77.0,26.0,0.0,11.0,71.5,18.2,72.8,0.0,0.0,0.0,Yes,No,No,No,No,Yes,No,0,0,0,0,0,0,0,0,0,4,0,0,0,0,0,0,0,0,0,0,0,0,0,0,0,0,0,0,0,0,2330,5858,5627,318,16.0,68,0.297,44.804,600.0,2394.0,0.1,0.0,0.0,0.0,0.0,0.0,0.0,0.0,0.0,2,16190,2,No,No,No,No,No,No,No,No,16.704,68.277,100.0,0.000,24.1,119,0,0,8.4,119.5,137.7,102.0,71.7,82.1,69.0,119.4,151.0,93.9,75.8,82.2,74.1,8.37,9.82,7.27,6.57,12.24,14.60,6.74,1.63,8.02,0.35,0.90,1446,246,1.2,0.9,0,0,0.0,0.0,0,
11.6.2026,17:28:55.318,25820,22948,52.9,19994,12389,61.7,10.9,16384,1790,1.189,1.229,1.186,1.185,1.185,1.185,1.180,1.165,1.165,1.165,1.165,1.180,1.210,1.220,1.221,1.061,0.781,3976.0,4489.0,4489.0,4489.0,4489.0,4489.0,4489.0,3591.2,3591.2,3591.2,3591.2,3591.2,3591.2,3591.2,3591.2,99.8,3890.5,1147.2,2491.7,257.2,2350.3,160.9,3078.5,889.3,3100.3,595.8,1672.2,406.6,1908.8,271.4,760.0,612.8,715.1,809.0,779.0,762.6,718.2,605.0,1255.0,29.2,57.8,6.0,54.4,3.9,69.7,20.2,70.0,13.6,39.5,9.4,44.6,6.3,24.6,19.9,23.2,26.7,25.0,24.9,23.1,20.5,70.0,29.2,100.0,50.8,99.0,10.2,93.0,6.4,120.9,35.1,122.5,23.6,66.1,16.0,75.4,10.8,44.3,36.3,41.8,46.9,45.3,44.7,41.6,35.7,50.8,39.9,45.0,45.0,45.0,45.0,45.0,45.0,36.0,36.0,36.0,36.0,36.0,36.0,36.0,36.0,39.0,70,73,71,75,74,72,70,69,69,69,69,68,68,68,68,30,27,29,25,26,28,30,31,31,31,31,32,32,32,32,79,75,No,No,No,No,No,No,No,No,No,No,No,No,No,No,No,No,No,No,No,No,No,No,No,No,No,No,No,No,No,No,No,No,No,No,No,No,No,No,No,No,No,No,No,No,No,No,No,No,82,72,68,1.100,54.845,46.655,39.449,0.003,5.615,0.710,175.0,175.0,175.0,175.0,0,0.0,0.0,28.6,57.0,5.7,53.8,3.6,68.8,19.8,69.4,13.3,39.0,9.2,44.2,6.0,23.7,19.3,22.4,25.8,24.3,23.9,22.2,19.7,36.0,37.0,41.1,16.9,19.9,53.5,50.0,41.6,21.8,37.6,38.2,37.0,38.7,50.2,21.1,20.3,0.0,0.0,0.0,0.0,0.0,0.0,28.7,51.9,33.6,29.8,32.6,31.0,22.4,53.6,0.0,0.0,0.0,0.0,0.0,0.1,0.0,2394.1,24.00,36,35,35,68,103,383,2,2,Yes,No,No,No,No,No,No,No,No,No,Yes,No,No,Yes,No,No,No,No,No,No,No,Yes,No,No,No,No,No,Yes,No,No,No,No,No,No,No,Yes,No,No,85.0,5100,5040,5160,67.8,1.095,1.110,1.800,1.815,1.005,5.110,2.000,No,No,No,67.8,1.095,1.110,1.800,1.815,1.005,5.110,1.250,No,No,No,41,41,94.0,100.0,No,No,32291,48158,37,70,99.0,100.0,No,No,1856,3314,0.3,1.1,1.4,0.068,0.136,62649,43660,0.1,0.1,0.2,0.129,0.020,35061,12253,80.3,76.0,90.3,83.0,0.875,20.483,20.473,20.493,75.289,40.991,52.783,15.744,68.797,3.000,18.715,85.727,42.169,100.000,140.000,2250.0,2200.2,1890.0,2225.8,1905.0,73.0,26.0,0.0,10.0,71.3,17.6,70.3,0.0,0.0,0.0,Yes,No,No,No,No,Yes,No,0,0,0,0,0,0,0,0,0,4,0,0,0,0,0,0,0,0,0,0,0,0,0,0,0,0,0,0,0,0,2354,5834,5601,318,16.0,68,0.297,49.535,600.0,2394.0,0.1,0.0,0.0,0.0,0.0,0.0,0.0,0.0,0.0,2,16190,2,No,No,No,No,No,No,No,No,16.704,68.277,100.0,0.000,24.1,119,0,0,8.2,119.5,148.1,103.7,60.7,74.0,57.6,119.5,200.5,91.2,50.6,62.6,47.8,8.37,9.67,6.97,5.62,13.53,17.37,6.66,1.71,8.00,0.37,1.09,1446,246,1.8,1.2,0,0,0.0,0.0,0,
11.6.2026,17:28:56.315,25754,23013,52.8,19996,12388,61.7,10.9,16384,1790,1.211,1.237,1.227,1.222,1.167,1.167,1.167,1.207,1.207,1.212,1.192,1.237,1.237,1.237,1.237,1.061,0.781,3712.3,4489.0,4489.0,4489.0,4489.0,4489.0,798.0,3591.2,3591.2,3591.2,3591.2,3591.2,3591.2,3591.2,3591.2,99.8,3890.5,1060.3,2448.8,192.8,2360.3,93.3,3049.3,772.8,3273.6,335.9,1647.5,290.5,1899.1,185.5,718.9,493.0,637.2,624.4,702.8,688.5,538.1,254.4,1188.9,25.6,56.5,3.2,54.2,0.0,68.4,17.5,73.3,7.8,38.8,5.5,44.2,3.0,21.6,14.5,19.0,18.7,21.3,20.8,16.2,8.3,73.3,25.6,100.0,45.8,96.6,7.6,92.6,3.7,118.8,30.1,128.3,13.3,64.5,11.5,74.3,7.4,40.5,29.1,36.8,35.6,39.9,39.0,31.2,14.9,45.8,37.2,45.0,45.0,45.0,45.0,45.0,8.0,36.0,36.0,36.0,36.0,36.0,36.0,36.0,36.0,39.0,70,74,71,75,74,69,69,70,70,70,70,68,68,68,68,30,26,29,25,26,31,31,30,30,30,30,32,32,32,32,81,75,No,No,No,No,No,No,No,No,No,No,No,No,No,No,No,No,No,No,No,No,No,No,No,No,No,No,No,No,No,No,No,No,No,No,No,No,No,No,No,No,No,No,No,No,No,No,No,No,82,74,68,1.100,37.969,46.639,39.448,0.002,5.643,0.729,175.0,175.0,175.0,175.0,0,0.0,0.0,25.7,56.0,4.3,54.1,2.1,68.1,17.2,73.2,7.5,38.7,6.5,44.1,4.1,21.4,14.4,18.9,18.6,21.1,20.6,15.9,8.1,44.1,39.5,42.6,19.4,20.6,55.6,51.5,69.3,24.1,52.7,62.8,64.0,65.8,42.4,7.3,17.1,0.0,0.0,0.0,0.0,0.0,0.0,6.3,55.3,23.8,14.8,11.4,10.1,37.6,80.9,0.0,0.0,0.0,0.0,0.0,0.1,0.0,2394.1,24.00,36,35,35,68,103,383,2,2,Yes,No,No,No,No,No,No,No,No,No,Yes,No,No,Yes,No,No,No,No,No,No,No,Yes,No,No,No,No,No,No,No,No,No,No,No,No,No,No,No,No,85.0,5160,5040,5160,67.8,1.095,1.110,1.800,1.815,1.005,5.110,1.125,No,No,No,67.8,1.110,1.110,1.800,1.815,1.005,5.110,1.250,No,No,No,41,41,94.0,100.0,No,No,32291,48158,37,70,99.0,100.0,No,No,1856,3314,0.0,0.6,0.6,0.000,0.014,62649,43660,0.0,0.0,0.0,0.000,0.000,35061,12253,79.3,76.0,88.9,83.0,0.875,20.482,20.470,20.494,75.108,43.034,56.505,16.294,73.083,3.000,19.262,92.713,40.378,100.000,140.000,2250.0,2200.2,1890.0,2226.1,1905.0,75.0,27.0,0.0,10.0,70.4,17.6,70.5,0.0,0.0,0.0,Yes,No,No,No,No,Yes,No,0,0,0,0,0,0,0,0,0,4,0,0,0,0,0,0,0,0,0,0,0,0,0,0,0,0,0,0,0,0,2420,5768,5537,318,16.0,68,0.297,42.730,600.0,2394.0,0.2,0.0,0.0,0.0,0.0,0.0,0.0,0.0,0.0,2,16190,2,No,No,No,No,No,No,No,No,16.704,68.277,100.0,0.000,24.1,120,0,0,8.1,120.0,137.1,105.7,103.5,104.3,103.3,120.0,147.8,100.4,98.8,99.4,98.7,8.33,9.47,7.28,6.97,9.62,9.75,6.64,1.70,7.97,0.36,0.73,1446,246,1.4,1.1,0,0,0.0,0.0,0,
11.6.2026,17:28:57.327,25757,23010,52.8,19999,12385,61.7,10.9,16384,1790,1.202,1.221,1.174,1.179,1.194,1.199,1.194,1.194,1.199,1.194,1.194,1.192,1.232,1.227,1.232,1.061,0.781,3976.0,4489.0,4489.0,4489.0,4489.0,4489.0,4489.0,3591.2,3591.2,3591.2,3591.2,3591.2,3591.2,3591.2,3591.2,99.8,3890.5,1083.1,2446.9,163.6,2300.1,62.6,2940.3,791.4,3390.0,387.7,1684.9,291.6,1844.8,285.8,734.5,541.5,739.1,719.3,684.4,658.6,652.1,343.4,1207.7,26.9,56.2,5.4,52.8,4.6,66.0,17.8,75.8,8.8,39.5,8.1,42.9,8.1,21.9,16.3,22.0,21.4,20.7,19.7,19.5,10.8,75.8,26.9,100.0,47.0,96.7,6.5,90.5,2.5,115.0,30.8,132.6,15.3,65.8,11.5,72.2,11.2,42.2,31.5,42.2,40.9,38.7,37.1,37.0,19.7,47.0,39.9,45.0,45.0,45.0,45.0,45.0,45.0,36.0,36.0,36.0,36.0,36.0,36.0,36.0,36.0,39.0,70,73,73,75,72,71,70,69,69,69,69,68,68,68,68,30,27,27,25,28,29,30,31,31,31,31,32,32,32,32,81,75,No,No,No,No,No,No,No,No,No,No,No,No,No,No,No,No,No,No,No,No,No,No,No,No,No,No,No,No,No,No,No,No,No,No,No,No,No,No,No,No,No,No,No,No,No,No,No,No,79,73,68,1.100,40.501,41.796,34.571,0.002,5.616,0.709,175.0,175.0,175.0,175.0,0,0.0,0.0,26.4,55.8,3.6,52.7,1.4,65.8,17.6,75.7,8.6,39.4,6.5,42.8,6.4,21.8,16.3,21.9,21.3,20.7,19.6,19.5,10.6,47.7,39.5,44.2,20.5,17.6,54.6,50.9,64.6,40.8,67.6,66.5,63.4,57.8,63.1,16.1,12.8,0.0,0.0,0.0,0.0,0.0,0.0,9.9,38.0,7.1,9.0,12.4,18.9,14.6,69.9,0.1,0.0,0.0,0.0,0.0,0.2,0.2,2394.1,24.00,36,35,35,68,103,383,2,2,Yes,No,No,No,No,No,No,No,No,No,Yes,No,No,Yes,No,No,No,No,No,No,No,Yes,No,No,No,No,No,Yes,No,No,No,No,No,No,No,Yes,No,No,84.0,5040,5040,5100,67.8,1.110,1.110,1.800,1.815,1.005,5.110,2.000,No,No,No,67.8,1.110,1.110,1.800,1.815,1.005,5.110,2.000,No,No,No,41,41,94.0,100.0,No,No,32291,48158,37,70,99.0,100.0,No,No,1856,3314,0.0,1.5,1.5,0.000,0.044,62649,43660,0.1,0.0,0.1,0.064,0.000,35061,12253,79.2,76.0,88.5,83.0,0.875,20.482,20.469,20.494,75.231,38.352,56.099,16.253,72.609,3.000,19.209,56.091,45.201,100.000,140.000,2250.0,2200.2,1890.0,2224.9,1905.0,75.0,26.0,0.0,10.0,70.4,17.6,70.5,0.0,0.0,0.0,Yes,No,No,No,No,Yes,No,0,0,0,0,0,0,0,0,0,4,0,0,0,0,0,0,0,0,0,0,0,0,0,0,0,0,0,0,0,0,2420,5768,5537,318,16.0,68,0.300,44.851,600.0,2394.0,0.1,0.0,0.0,0.0,0.0,0.0,0.0,0.0,0.0,2,16190,2,No,No,No,No,No,No,No,No,16.704,68.277,100.0,0.000,24.1,120,0,0,8.5,120.0,137.3,108.1,105.1,106.3,104.7,119.9,143.7,101.3,98.4,99.4,98.1,8.33,9.25,7.13,7.10,9.37,9.50,6.63,1.71,7.97,0.36,0.68,1446,246,2.1,0.7,0,0,0.0,0.0,0,
11.6.2026,17:28:58.324,25756,23011,52.8,20000,12384,61.7,10.9,16384,1790,1.218,1.213,1.205,1.205,1.201,1.201,1.201,1.191,1.226,1.226,1.226,1.226,1.251,1.261,1.221,1.061,0.781,3976.0,4489.0,4489.0,4489.0,4489.0,4489.0,4489.0,3591.2,3591.2,3591.2,3591.2,3591.2,3591.2,3591.2,3591.2,99.8,3890.5,1056.1,2436.9,124.7,2269.6,102.8,3038.2,763.4,3266.1,356.7,1631.6,326.0,1847.7,211.0,709.7,509.5,630.2,571.2,669.9,707.0,579.3,370.3,1174.7,24.8,55.6,1.7,51.5,1.3,67.5,16.1,72.9,6.9,37.5,6.2,42.2,3.7,20.0,13.7,17.7,15.8,19.2,19.9,16.2,10.3,72.9,24.8,100.0,45.7,96.2,5.0,89.1,4.1,119.3,29.8,127.1,14.1,63.8,12.8,72.2,8.3,40.1,30.0,36.1,33.0,38.0,40.5,33.2,21.7,45.7,39.9,45.0,45.0,45.0,45.0,45.0,45.0,36.0,36.0,36.0,36.0,36.0,36.0,36.0,36.0,39.0,70,76,71,75,74,70,73,69,69,69,69,68,68,68,68,30,24,29,25,26,30,27,31,31,31,31,32,32,32,32,81,76,No,No,No,No,No,No,No,No,No,No,No,No,No,No,No,No,No,No,No,No,No,No,No,No,No,No,No,No,No,No,No,No,No,No,No,No,No,No,No,No,No,No,No,No,No,No,No,No,82,74,68,1.100,32.063,47.940,40.740,0.002,5.611,0.709,175.0,175.0,175.0,175.0,0,0.0,0.0,25.6,55.8,2.8,52.1,2.3,67.9,17.0,72.9,7.9,38.2,7.3,42.9,4.7,20.9,14.8,18.7,16.9,20.2,20.9,17.1,11.4,45.7,40.3,44.1,19.2,21.1,55.2,52.1,68.7,38.4,54.2,48.5,66.7,61.6,54.1,15.0,15.7,0.0,0.0,0.0,0.0,0.0,0.0,7.2,41.2,22.7,29.8,9.7,13.6,25.2,69.9,0.0,0.0,0.0,0.0,0.0,0.2,0.0,2394.1,24.00,36,35,35,68,103,383,2,2,Yes,No,No,No,No,No,No,No,No,No,Yes,No,No,No,No,No,No,No,No,No,No,No,No,No,No,No,No,Yes,No,No,No,No,No,No,No,Yes,No,No,85.0,5100,5040,5100,67.8,1.110,1.110,1.800,1.815,1.005,5.110,1.125,No,No,No,67.8,1.110,1.110,1.800,1.815,1.005,5.110,1.500,No,No,No,41,41,94.0,100.0,No,No,32291,48158,37,70,99.0,100.0,No,No,1856,3314,0.0,1.8,1.8,0.000,0.050,62649,43660,0.0,0.0,0.0,0.000,0.000,35061,12253,79.2,76.0,88.6,83.0,0.875,20.489,20.477,20.501,75.228,31.392,56.237,16.280,72.780,3.000,19.243,11.392,40.814,100.000,140.000,2250.0,2200.2,1890.0,2224.9,1905.0,75.0,27.0,0.0,10.0,70.4,17.7,70.7,0.0,0.0,0.0,Yes,No,No,No,No,Yes,No,0,0,0,0,0,0,0,0,0,4,0,0,0,0,0,0,0,0,0,0,0,0,0,0,0,0,0,0,0,0,2420,5768,5537,318,16.0,68,0.297,44.678,600.0,2394.0,0.1,0.0,0.0,0.0,0.0,0.0,0.0,0.0,0.0,2,16190,2,No,No,No,No,No,No,No,No,16.704,68.277,100.0,0.000,24.1,120,0,0,8.6,120.0,137.2,105.9,96.5,100.2,95.4,120.0,148.5,105.1,97.7,100.7,96.8,8.33,9.46,7.21,6.46,9.98,10.49,6.62,1.71,7.98,0.36,0.69,1446,246,1.4,1.0,0,0,0.0,0.0,0,
11.6.2026,17:28:59.318,25756,23012,52.8,20000,12384,61.7,10.9,16384,1790,1.197,1.257,1.184,1.184,1.184,1.184,1.197,1.197,1.197,1.197,1.197,1.197,1.182,1.217,1.187,1.061,0.781,3976.0,4489.0,4489.0,4489.0,4489.0,4489.0,4489.0,3591.2,3591.2,3591.2,3591.2,3591.2,3591.2,3591.2,3591.2,99.8,3890.5,1069.1,2512.2,156.4,2284.3,86.8,2900.2,898.8,3241.1,328.5,1623.8,313.8,1846.7,230.1,676.4,551.9,655.6,690.9,722.2,781.0,560.0,322.4,1187.3,26.1,57.7,3.6,52.4,2.1,64.9,20.0,72.6,7.4,38.0,7.1,42.9,5.3,19.9,16.2,19.2,20.5,21.3,23.1,16.6,9.9,72.6,26.1,100.0,46.4,99.0,6.2,89.7,3.4,114.0,34.9,126.2,13.1,63.5,12.3,72.3,9.1,38.6,32.2,37.6,39.2,41.1,44.4,31.6,19.3,46.4,39.9,45.0,45.0,45.0,45.0,45.0,45.0,36.0,36.0,36.0,36.0,36.0,36.0,36.0,36.0,39.0,71,73,73,75,74,71,70,69,69,69,69,70,70,70,70,29,27,27,25,26,29,30,31,31,31,31,30,30,30,30,81,75,No,No,No,No,No,No,No,No,No,No,No,No,No,No,No,No,No,No,No,No,No,No,No,No,No,No,No,No,No,No,No,No,No,No,No,No,No,No,No,No,No,No,No,No,No,No,No,No,81,75,68,1.100,30.375,44.370,37.189,0.002,5.609,0.704,175.0,175.0,175.0,175.0,0,0.0,0.0,26.0,57.4,3.5,52.4,1.9,64.9,20.0,72.4,7.3,38.0,7.0,42.8,5.1,19.9,16.3,19.3,20.5,21.4,23.2,16.7,9.9,47.3,38.4,43.8,19.6,22.0,55.8,52.0,59.7,38.0,64.2,67.8,69.1,69.5,55.7,6.8,13.8,0.0,0.0,0.0,0.0,0.0,0.0,16.4,40.4,12.9,8.4,6.2,4.2,24.8,79.8,0.0,0.0,0.0,0.0,0.0,0.0,0.0,2394.1,24.00,36,35,35,68,103,383,2,2,Yes,No,No,No,No,No,No,No,No,No,Yes,No,No,Yes,No,No,No,No,No,No,No,Yes,No,No,No,No,No,Yes,No,No,No,No,No,No,No,Yes,No,No,85.0,5100,5040,5100,67.8,1.110,1.110,1.800,1.800,1.005,5.110,1.625,No,No,No,67.8,1.110,1.110,1.800,1.815,1.005,5.110,1.375,No,No,No,41,41,94.0,100.0,No,No,32291,48158,37,70,99.0,100.0,No,No,1856,3314,0.0,2.1,2.1,0.000,0.073,62649,43660,0.0,0.0,0.0,0.000,0.000,35061,12253,78.8,74.0,87.8,83.0,0.875,20.486,20.473,20.498,75.388,31.546,56.064,16.235,72.563,3.000,19.206,10.813,42.943,100.000,140.000,2250.0,2200.2,1890.0,2225.1,1905.0,76.0,27.0,0.0,10.0,70.4,17.6,70.4,0.0,0.0,0.0,Yes,No,No,No,No,Yes,No,0,0,0,0,0,0,0,0,0,4,0,0,0,0,0,0,0,0,0,0,0,0,0,0,0,0,0,0,0,0,2420,5768,5537,318,16.0,68,0.300,48.845,600.0,2394.0,0.2,0.0,0.0,0.0,0.0,0.0,0.0,0.0,0.0,2,16190,2,No,No,No,No,No,No,No,No,16.703,68.277,100.0,0.000,24.1,120,0,0,7.6,120.0,134.0,103.1,102.1,102.2,102.0,120.0,141.1,104.9,103.0,103.8,102.8,8.33,9.65,7.41,7.29,9.73,9.76,6.63,1.71,7.98,0.36,0.65,1446,246,2.7,0.8,0,0,0.0,0.0,0,
11.6.2026,17:29:0.319,25760,23007,52.8,19999,12385,61.7,10.9,16384,1790,1.192,1.229,1.198,1.183,1.173,1.178,1.193,1.178,1.183,1.188,1.193,1.193,1.203,1.193,1.193,1.061,0.781,3612.6,4489.0,4489.0,4489.0,4489.0,4489.0,4489.0,1895.4,3591.2,3591.2,3591.2,1895.4,3591.2,3591.2,1895.4,99.8,3890.5,1076.6,2466.6,168.7,1633.5,699.9,3104.7,816.4,2393.7,1212.5,1808.5,246.5,1864.6,210.9,664.9,598.0,649.0,651.5,645.0,706.8,615.5,374.5,1199.4,26.4,56.8,4.1,37.7,16.2,69.6,18.5,53.9,27.1,42.2,5.9,43.5,5.0,19.9,17.7,19.7,19.5,19.2,21.2,18.7,11.9,69.6,26.4,100.0,46.6,97.3,6.7,64.2,27.4,121.5,32.0,93.8,47.5,70.7,9.7,73.2,8.4,37.7,34.5,36.7,37.3,37.1,40.4,34.8,21.9,46.6,36.2,45.0,45.0,45.0,45.0,45.0,45.0,19.0,36.0,36.0,36.0,19.0,36.0,36.0,19.0,39.0,70,72,71,75,74,71,71,69,69,69,69,68,68,68,68,30,28,29,25,26,29,29,31,31,31,31,32,32,32,32,81,75,No,No,No,No,No,No,No,No,No,No,No,No,No,No,No,No,No,No,No,No,No,No,No,No,No,No,No,No,No,No,No,No,No,No,No,No,No,No,No,No,No,No,No,No,No,No,No,No,81,71,68,1.100,45.563,47.593,40.401,0.002,5.615,0.707,175.0,175.0,175.0,175.0,0,0.0,0.0,26.2,56.4,3.8,37.4,16.0,69.5,18.2,53.6,27.0,42.0,5.6,43.3,4.7,19.8,17.6,19.5,19.3,19.1,21.0,18.5,11.7,46.8,39.3,45.0,17.4,21.8,52.6,51.6,60.8,58.4,62.3,59.7,51.9,65.4,57.8,10.8,14.0,0.0,0.0,0.0,0.0,0.0,0.0,15.8,19.7,14.6,17.1,24.6,10.0,20.7,73.6,0.0,0.0,0.0,0.0,0.0,0.0,0.1,2394.1,24.00,36,35,35,68,103,383,2,2,Yes,No,No,No,No,No,No,No,No,No,Yes,No,No,Yes,No,No,No,No,No,No,No,Yes,No,No,No,No,No,Yes,No,No,No,No,No,No,No,Yes,No,No,84.0,5160,5100,5160,67.8,1.110,1.110,1.800,1.815,1.005,5.110,1.125,No,No,No,67.8,1.110,1.110,1.800,1.815,1.005,5.110,2.250,No,No,No,41,41,94.0,100.0,No,No,32291,48158,36,70,99.0,100.0,No,No,1856,3314,0.0,2.4,2.4,0.000,0.161,62649,43660,0.1,0.0,0.1,0.064,0.000,35061,12253,79.2,76.0,88.6,83.0,0.875,20.480,20.467,20.493,75.312,31.740,56.046,16.231,72.546,3.000,19.202,10.727,44.431,100.000,140.000,2250.0,2200.2,1890.0,2224.1,1905.0,75.0,27.0,0.0,10.0,70.4,17.7,70.9,0.0,0.0,0.0,Yes,No,No,No,No,Yes,No,0,0,0,0,0,0,0,0,0,4,0,0,0,0,0,0,0,0,0,0,0,0,0,0,0,0,0,0,0,0,2420,5768,5537,318,16.0,68,0.297,47.014,600.0,2394.0,0.1,0.0,0.0,0.0,0.0,0.0,0.0,0.0,0.0,2,16190,2,No,No,No,No,No,No,No,No,16.703,68.277,100.0,0.000,24.1,120,0,0,8.6,120.0,142.5,102.4,95.2,98.2,94.4,120.0,153.3,103.7,94.5,98.3,93.5,8.33,9.84,6.99,6.32,10.22,10.57,6.63,1.70,7.98,0.35,0.77,1446,246,3.9,1.1,0,0,0.0,0.0,0,
11.6.2026,17:29:1.317,25758,23010,52.8,20001,12383,61.7,10.9,16384,1790,1.177,1.204,1.195,1.185,1.175,1.176,1.176,1.176,1.171,1.161,1.171,1.161,1.161,1.186,1.186,1.061,0.781,3976.0,4489.0,4489.0,4489.0,4489.0,4489.0,4489.0,3591.2,3591.2,3591.2,3591.2,3591.2,3591.2,3591.2,3591.2,99.8,3890.5,1076.2,2332.4,357.0,241.7,2200.2,3090.4,664.0,749.8,3076.2,1786.5,45.1,1795.3,266.9,611.0,564.9,670.0,632.3,657.4,725.5,599.3,458.5,1192.7,26.2,53.7,8.0,5.4,50.2,69.1,14.8,16.8,68.6,41.6,1.1,41.6,6.0,18.0,16.6,20.0,18.7,19.9,21.6,17.7,14.2,69.1,26.2,100.0,46.7,92.3,14.0,9.5,86.4,120.8,25.9,30.2,120.7,69.9,1.8,70.4,10.6,34.8,33.0,38.5,36.2,37.0,41.3,34.1,26.6,46.7,39.9,45.0,45.0,45.0,45.0,45.0,45.0,36.0,36.0,36.0,36.0,36.0,36.0,36.0,36.0,39.0,70,73,73,75,72,71,73,70,69,69,69,68,68,68,68,30,27,27,25,28,29,27,30,31,31,31,32,32,32,32,81,75,No,No,No,No,No,No,No,No,No,No,No,No,No,No,No,No,No,No,No,No,No,No,No,No,No,No,No,No,No,No,No,No,No,No,No,No,No,No,No,No,No,No,No,No,No,No,No,No,81,75,68,1.100,27.000,48.162,40.932,0.002,5.622,0.713,175.0,175.0,175.0,175.0,0,0.0,0.0,26.2,53.4,7.9,5.4,50.3,69.1,14.8,16.8,68.7,41.7,1.0,41.7,6.0,18.2,16.7,20.1,18.9,20.1,21.7,17.8,14.2,44.5,39.9,43.6,19.1,18.7,55.5,52.9,50.3,41.6,59.8,49.9,57.3,57.3,52.2,24.5,16.1,0.0,0.0,0.0,0.0,0.0,0.0,27.1,36.3,15.9,26.6,18.9,16.9,26.7,57.3,0.0,0.0,0.0,0.0,0.0,0.0,0.0,2394.1,24.00,36,35,35,68,103,383,2,2,Yes,No,No,No,No,No,No,No,No,No,Yes,No,No,Yes,No,No,No,No,No,No,No,Yes,No,No,No,No,No,Yes,No,No,No,No,No,No,No,Yes,No,No,85.0,5100,5100,5160,67.8,1.110,1.110,1.800,1.815,1.005,5.110,1.500,No,No,No,67.8,1.110,1.110,1.800,1.815,1.005,5.110,1.500,No,No,No,41,41,94.0,100.0,No,No,32291,48158,37,70,99.0,100.0,No,No,1856,3314,0.1,1.3,1.4,0.080,0.100,62650,43661,0.1,0.0,0.1,0.258,0.000,35061,12253,78.8,76.0,87.8,83.0,0.875,20.472,20.460,20.485,75.305,31.828,56.051,16.266,72.577,3.000,19.225,10.754,44.924,100.000,140.000,2250.0,2200.2,1890.0,2225.2,1905.0,75.0,27.0,0.0,10.0,70.4,17.6,70.4,0.0,0.0,0.0,Yes,No,No,No,No,Yes,No,0,0,0,0,0,0,0,0,0,4,0,0,0,0,0,0,0,0,0,0,0,0,0,0,0,0,0,0,0,0,2420,5768,5537,319,16.0,68,0.300,46.378,600.0,2394.0,0.2,0.0,0.0,0.0,0.0,0.0,0.0,0.0,0.0,2,16190,2,No,No,No,No,No,No,No,No,16.704,68.277,100.0,0.000,24.1,120,0,0,8.3,120.1,134.0,108.6,104.1,106.0,103.6,120.1,136.6,104.5,103.0,103.6,102.8,8.33,9.23,7.44,7.26,9.50,9.76,6.64,1.69,7.99,0.34,0.57,1446,246,1.4,1.9,0,0,0.0,0.0,0,
11.6.2026,17:29:2.330,25759,23008,52.8,20003,12381,61.7,10.9,16384,1790,1.212,1.225,1.187,1.202,1.202,1.197,1.197,1.182,1.182,1.182,1.197,1.237,1.251,1.251,1.271,1.061,0.781,3776.5,4489.0,4489.0,4489.0,4489.0,4489.0,4489.0,3591.2,3591.2,3591.2,3591.2,798.0,3591.2,3591.2,3591.2,99.8,3890.5,1059.1,2337.0,279.3,196.5,2138.4,3275.3,563.1,741.7,3022.7,1724.7,50.6,1846.7,268.2,613.2,603.8,647.0,606.3,618.7,724.3,620.4,304.5,1182.2,25.8,54.0,6.5,4.6,49.0,73.3,12.7,16.8,67.5,40.4,0.0,43.1,6.2,18.3,17.9,19.6,18.1,18.7,21.8,18.4,9.4,73.3,25.8,100.0,45.9,92.3,10.9,7.7,84.7,127.8,22.0,29.9,118.5,67.4,2.0,72.6,10.6,35.2,34.8,36.8,34.9,35.3,41.1,35.2,18.1,45.9,37.9,45.0,45.0,45.0,45.0,45.0,45.0,36.0,36.0,36.0,36.0,8.0,36.0,36.0,36.0,39.0,70,73,72,74,71,72,71,70,70,70,70,68,68,68,68,30,27,28,26,29,28,29,30,30,30,30,32,32,32,32,81,74,No,No,No,No,No,No,No,No,No,No,No,No,No,No,No,No,No,No,No,No,No,No,No,No,No,No,No,No,No,No,No,No,No,No,No,No,No,No,No,No,No,No,No,No,No,No,No,No,81,73,68,1.100,46.407,45.267,38.063,0.002,5.602,0.706,175.0,175.0,175.0,175.0,0,0.0,0.0,25.7,53.6,6.2,4.4,49.0,73.2,12.5,16.5,67.6,40.3,1.1,42.9,6.0,18.1,17.8,19.5,18.0,18.6,21.6,18.4,9.2,48.3,40.6,45.3,16.4,19.9,56.7,52.0,61.3,54.8,67.9,58.0,59.3,69.6,64.8,10.2,13.2,0.0,0.0,0.0,0.0,0.0,0.0,16.7,23.2,9.3,19.8,18.4,5.6,13.9,77.2,0.0,0.0,0.0,0.0,0.0,0.0,0.0,2394.1,24.00,36,35,35,68,103,383,2,2,Yes,No,No,No,No,No,No,No,No,No,Yes,No,No,Yes,No,No,No,No,No,No,No,Yes,No,No,No,No,No,Yes,No,No,No,No,No,No,No,Yes,No,No,85.0,5040,5040,5100,67.8,1.095,1.110,1.800,1.815,1.005,5.110,1.125,No,No,No,67.8,1.110,1.110,1.800,1.815,1.005,5.110,1.250,No,No,No,41,41,94.0,100.0,No,No,32291,48158,37,70,99.0,100.0,No,No,1856,3314,0.0,1.7,1.7,0.000,0.194,62650,43661,0.1,0.0,0.1,0.569,0.000,35062,12253,79.2,74.0,88.5,83.0,0.875,20.478,20.466,20.490,75.291,31.743,56.115,16.291,72.659,3.000,19.246,10.768,44.127,100.000,140.000,2250.0,2200.2,1890.0,2225.4,1905.0,75.0,27.0,0.0,10.0,70.4,17.7,70.7,0.0,0.0,0.0,Yes,No,No,No,No,Yes,No,0,0,0,0,0,0,0,0,0,4,0,0,0,0,0,0,0,0,0,0,0,0,0,0,0,0,0,0,0,0,2420,5768,5537,319,16.0,68,0.297,45.487,600.0,2394.0,0.1,0.0,0.0,0.0,0.0,0.0,0.0,0.0,0.0,2,16190,2,No,No,No,No,No,No,No,No,16.703,68.277,100.0,0.000,24.1,120,0,0,8.3,119.6,155.2,100.9,69.1,80.0,66.3,119.7,164.6,93.8,58.3,69.4,55.6,8.36,10.01,6.43,5.92,12.55,15.05,6.63,1.73,8.01,0.35,0.83,1446,246,1.5,1.2,0,0,0.0,0.0,0,
11.6.2026,17:29:3.312,25762,23006,52.8,20007,12377,61.7,10.9,16384,1790,1.191,1.256,1.213,1.199,1.199,1.180,1.180,1.180,1.180,1.180,1.180,1.180,1.180,1.180,1.185,1.061,0.778,3976.0,4489.0,4489.0,4489.0,4489.0,4489.0,4489.0,3591.2,3591.2,3591.2,3591.2,3591.2,3591.2,3591.2,3591.2,99.8,3890.5,1077.8,2396.3,242.1,145.1,2153.6,3009.0,632.1,673.3,3212.1,1819.2,33.1,2078.4,229.7,646.8,587.7,698.2,638.2,620.1,725.3,689.6,326.5,1199.7,26.1,55.0,5.3,3.2,49.1,67.2,13.9,14.8,71.6,42.2,2.1,47.7,5.0,18.7,17.1,20.5,18.6,18.2,21.1,20.1,10.4,71.6,26.1,100.0,46.7,94.9,9.5,5.8,85.0,118.1,24.6,27.2,125.6,71.1,1.4,81.1,9.2,36.9,33.5,39.6,36.5,35.1,41.0,38.9,19.0,46.7,39.9,45.0,45.0,45.0,45.0,45.0,45.0,36.0,36.0,36.0,36.0,36.0,36.0,36.0,36.0,39.0,71,72,73,76,74,71,70,70,70,70,70,70,70,70,70,29,28,27,24,26,29,30,30,30,30,30,30,30,30,30,81,76,No,No,No,No,No,No,No,No,No,No,No,No,No,No,No,No,No,No,No,No,No,No,No,No,No,No,No,No,No,No,No,No,No,No,No,No,No,No,No,No,No,No,No,No,No,No,No,No,79,76,68,1.100,41.344,49.462,42.277,0.003,5.594,0.702,175.0,175.0,175.0,175.0,0,0.0,0.0,26.2,54.8,5.4,3.2,49.3,67.4,14.1,15.0,71.8,42.3,0.7,47.8,5.2,19.0,17.4,20.7,18.9,18.5,21.5,20.3,10.6,47.7,39.9,45.9,21.1,17.2,55.0,47.5,56.1,57.1,72.4,57.2,63.1,62.7,59.5,12.9,13.1,0.0,0.0,0.0,0.0,0.0,0.1,20.7,21.5,3.9,20.0,14.9,12.3,17.1,72.9,0.0,0.0,0.0,0.0,0.0,0.0,0.3,2394.1,24.00,36,35,35,68,103,383,2,2,Yes,No,No,No,No,No,No,No,No,No,Yes,No,No,Yes,No,No,No,No,No,No,No,Yes,No,No,No,No,No,No,No,No,No,No,No,No,No,No,No,No,85.0,5040,5100,5100,67.8,1.110,1.110,1.800,1.815,1.005,5.110,1.375,No,No,No,67.8,1.110,1.110,1.800,1.815,1.005,5.110,1.500,No,No,No,41,41,94.0,100.0,No,No,32291,48158,37,70,99.0,100.0,No,No,1856,3314,0.0,2.8,2.8,0.000,0.117,62650,43661,0.1,0.0,0.1,0.064,0.000,35062,12253,80.2,74.0,90.4,83.0,0.875,20.486,20.474,20.499,75.245,33.921,56.465,16.338,73.057,3.000,19.293,24.481,44.810,100.000,140.000,2250.0,2200.2,1890.0,2225.4,1905.0,75.0,27.0,0.0,10.0,70.4,17.6,70.6,0.0,0.0,0.0,Yes,No,No,No,No,Yes,No,0,0,0,0,0,0,0,0,0,4,0,0,0,0,0,0,0,0,0,0,0,0,0,0,0,0,0,0,0,0,2420,5768,5537,319,16.0,68,0.297,51.782,600.0,2394.0,0.2,0.0,0.0,0.0,0.0,0.0,0.0,0.0,0.0,2,16190,2,No,No,No,No,No,No,No,No,16.703,68.277,100.0,0.000,24.1,120,0,0,7.8,119.6,135.1,103.4,92.2,96.3,91.0,119.6,148.5,99.0,85.7,90.9,84.3,8.36,9.68,7.34,6.63,10.35,10.93,6.71,1.65,8.01,0.35,0.62,1446,246,1.3,1.3,0,0,0.0,0.0,0,
11.6.2026,17:29:4.327,25761,23007,52.8,20007,12377,61.7,10.9,16384,1790,1.216,1.237,1.197,1.202,1.222,1.222,1.192,1.212,1.197,1.197,1.197,1.247,1.247,1.247,1.205,1.061,0.778,3976.0,4489.0,4489.0,4489.0,4489.0,4489.0,4489.0,3591.2,3591.2,3591.2,3591.2,3591.2,3591.2,3591.2,3591.2,99.8,3890.5,1077.4,2428.2,177.3,143.2,2269.5,3096.9,513.5,641.4,3304.2,1701.2,63.6,1872.1,269.5,600.8,640.7,707.7,699.9,716.1,754.2,603.0,344.6,1195.6,26.1,55.8,2.6,1.8,52.0,69.4,11.6,14.5,73.7,39.9,0.1,43.6,4.7,17.9,18.8,21.2,20.6,21.7,22.6,18.2,10.6,73.7,26.1,100.0,46.9,95.9,7.1,5.7,89.3,121.5,20.1,26.1,128.9,66.8,2.5,73.6,10.7,34.6,37.2,40.3,40.4,41.0,42.8,34.0,19.9,46.9,39.9,45.0,45.0,45.0,45.0,45.0,45.0,36.0,36.0,36.0,36.0,36.0,36.0,36.0,36.0,39.0,70,73,73,74,72,69,69,69,69,69,69,68,68,68,68,30,27,27,26,28,31,31,31,31,31,31,32,32,32,32,81,74,No,No,No,No,No,No,No,No,No,No,No,No,No,No,No,No,No,No,No,No,No,No,No,No,No,No,No,No,No,No,No,No,No,No,No,No,No,No,No,No,No,No,No,No,No,No,No,No,81,75,68,1.100,39.657,47.265,40.116,0.002,5.612,0.712,175.0,175.0,175.0,175.0,0,0.0,0.0,26.3,55.5,4.0,3.2,52.0,69.4,11.4,14.3,73.7,39.8,1.4,43.5,6.0,17.8,18.8,21.1,20.6,21.7,22.6,18.1,10.6,49.3,40.4,43.8,21.3,16.3,57.0,50.7,59.1,55.3,70.2,66.3,65.0,63.2,62.4,19.2,11.4,0.0,0.0,0.0,0.0,0.0,0.0,19.0,21.3,5.6,9.5,9.8,10.7,16.7,67.0,0.1,0.0,0.0,0.0,0.0,0.0,0.3,2394.1,24.00,36,35,35,68,103,383,2,2,Yes,No,No,No,No,No,No,No,No,No,Yes,No,No,Yes,No,No,No,No,No,No,No,Yes,No,No,No,No,No,No,No,No,No,No,No,No,No,No,No,No,85.0,5100,5100,5100,68.0,1.110,1.110,1.800,1.815,1.005,5.110,1.375,No,No,No,67.8,1.110,1.110,1.800,1.815,1.005,5.110,1.500,No,No,No,41,41,94.0,100.0,No,No,32291,48158,37,70,99.0,100.0,No,No,1856,3314,0.0,0.9,0.9,0.000,0.020,62650,43661,0.0,0.0,0.0,0.000,0.000,35062,12253,79.8,76.0,89.7,83.0,0.875,20.484,20.472,20.496,75.833,32.411,57.375,16.235,73.869,3.000,19.190,10.972,46.235,100.000,140.000,2250.0,2200.2,1890.0,2224.5,1905.0,77.0,26.0,0.0,10.0,70.4,18.0,71.9,0.0,0.0,0.0,Yes,No,No,No,No,Yes,No,0,0,0,0,0,0,0,0,0,4,0,0,0,0,0,0,0,0,0,0,0,0,0,0,0,0,0,0,0,0,2420,5768,5537,319,16.0,68,0.297,45.231,600.0,2394.0,0.2,0.0,0.0,0.0,0.0,0.0,0.0,0.0,0.0,2,16190,2,No,No,No,No,No,No,No,No,16.703,68.277,100.0,0.000,24.1,120,0,0,8.9,120.0,138.6,102.0,101.0,101.1,101.0,120.0,145.2,101.1,99.9,100.3,99.8,8.34,9.77,7.14,6.82,9.87,9.89,6.80,1.54,7.99,0.35,0.76,1446,246,1.4,0.8,0,0,0.0,0.0,0,
11.6.2026,17:29:5.326,25762,23006,52.8,20007,12377,61.7,10.9,16384,1790,1.197,1.221,1.172,1.167,1.177,1.192,1.207,1.207,1.207,1.207,1.202,1.197,1.197,1.202,1.202,1.061,0.781,3976.0,4489.0,4489.0,4489.0,4489.0,4489.0,4489.0,3591.2,3591.2,3591.2,3591.2,3591.2,3591.2,3591.2,3591.2,99.8,3890.5,1071.1,2391.6,310.2,170.7,2225.0,3094.5,519.2,635.3,3200.7,1721.1,34.5,1895.2,263.6,571.6,668.9,684.2,636.0,701.3,772.5,595.8,331.1,1188.9,25.4,54.4,7.1,4.0,50.4,68.8,10.3,13.0,70.7,39.2,1.0,43.2,6.0,15.6,18.5,19.3,17.7,19.9,22.2,16.6,9.0,70.7,25.4,100.0,46.5,94.4,12.1,6.8,87.5,121.4,20.2,25.8,125.0,67.0,1.4,74.0,10.4,32.4,38.2,38.9,36.7,39.5,43.8,33.9,19.8,46.5,39.9,45.0,45.0,45.0,45.0,45.0,45.0,36.0,36.0,36.0,36.0,36.0,36.0,36.0,36.0,39.0,70,74,71,75,74,71,70,69,69,69,69,68,68,68,68,30,26,29,25,26,29,30,31,31,31,31,32,32,32,32,81,75,No,No,No,No,No,No,No,No,No,No,No,No,No,No,No,No,No,No,No,No,No,No,No,No,No,No,No,No,No,No,No,No,No,No,No,No,No,No,No,No,No,No,No,No,No,No,No,No,82,77,68,1.100,44.719,45.971,38.728,0.002,5.624,0.712,175.0,175.0,175.0,175.0,0,0.0,0.0,26.1,54.7,6.9,3.8,51.1,69.2,11.5,14.2,71.5,40.3,0.8,44.0,5.9,17.0,19.7,20.6,19.0,21.2,23.4,17.7,10.2,44.1,39.3,44.3,21.6,19.0,57.2,50.9,48.4,58.2,56.1,41.0,56.0,65.8,51.2,8.5,16.7,0.0,0.0,0.0,0.0,0.0,0.0,30.0,17.9,19.3,34.4,18.9,7.5,28.1,77.5,0.0,0.0,0.0,0.0,0.0,0.0,0.1,2394.1,24.00,36,35,35,68,103,383,2,2,Yes,No,No,No,No,No,No,No,No,No,Yes,No,No,Yes,No,No,No,No,No,No,No,Yes,No,No,No,No,No,Yes,No,No,No,No,No,No,No,Yes,No,No,84.0,4980,5100,5040,68.0,1.110,1.110,1.800,1.815,1.005,5.110,1.750,No,No,No,67.8,1.110,1.110,1.800,1.800,1.005,5.110,1.625,No,No,No,41,41,94.0,100.0,No,No,32291,48158,37,70,99.0,100.0,No,No,1856,3314,0.3,0.9,1.1,0.004,0.135,62650,43661,0.0,0.0,0.0,0.000,0.000,35062,12253,80.9,76.0,90.7,83.0,0.875,20.477,20.464,20.491,76.498,32.365,57.649,16.351,74.279,3.000,19.324,12.113,43.840,100.000,140.000,2250.0,2200.2,1890.0,2224.9,1905.0,77.0,27.0,0.0,10.0,70.4,18.1,72.5,0.0,0.0,0.0,Yes,No,No,No,No,Yes,No,0,0,0,0,0,0,0,0,0,4,0,0,0,0,0,0,0,0,0,0,0,0,0,0,0,0,0,0,0,0,2420,5768,5537,319,16.0,68,0.300,45.830,600.0,2394.0,0.1,0.0,0.0,0.0,0.0,0.0,0.0,0.0,0.0,2,16190,2,No,No,No,No,No,No,No,No,16.704,68.277,100.0,0.000,24.1,120,0,0,7.7,119.8,135.8,106.6,105.9,106.2,105.8,119.9,136.1,105.1,103.2,103.9,103.0,8.34,9.41,7.36,7.33,9.41,9.42,6.71,1.63,8.00,0.35,0.59,1446,246,1.7,1.3,0,0,0.0,0.0,0,
11.6.2026,17:29:6.325,25760,23008,52.8,20012,12371,61.7,10.9,16384,1790,1.204,1.237,1.252,1.196,1.196,1.196,1.196,1.196,1.196,1.196,1.196,1.196,1.196,1.203,1.208,1.061,0.778,3976.0,4489.0,4489.0,4489.0,4489.0,4489.0,4489.0,3591.2,3591.2,3591.2,3591.2,3591.2,3591.2,3591.2,3591.2,99.8,3890.5,1088.7,2424.9,233.0,178.8,2192.1,3069.8,637.7,767.8,3037.0,1782.7,45.0,1886.2,285.8,652.5,651.4,695.9,700.1,707.3,760.9,716.1,348.2,1202.5,26.6,55.7,5.3,2.6,50.3,68.6,14.3,17.2,67.9,41.7,0.0,43.7,6.5,20.0,19.5,20.7,20.9,21.3,22.8,21.4,10.7,68.6,26.6,100.0,47.3,95.8,9.2,7.1,86.3,120.0,25.0,31.0,119.3,69.9,1.8,73.6,11.3,36.8,37.1,39.3,39.6,39.8,42.3,40.0,20.2,47.3,39.9,45.0,45.0,45.0,45.0,45.0,45.0,36.0,36.0,36.0,36.0,36.0,36.0,36.0,36.0,39.0,70,72,71,75,74,72,70,70,70,70,70,68,68,68,68,30,28,29,25,26,28,30,30,30,30,30,32,32,32,32,82,75,No,No,No,No,No,No,No,No,No,No,No,No,No,No,No,No,No,No,No,No,No,No,No,No,No,No,No,No,No,No,No,No,No,No,No,No,No,No,No,No,No,No,No,No,No,No,No,No,82,76,68,1.100,56.532,46.021,38.810,0.002,5.607,0.709,175.0,175.0,175.0,175.0,0,0.0,0.0,26.7,55.4,5.2,4.0,50.3,68.7,14.2,17.1,67.8,41.6,1.0,43.8,6.4,19.9,19.7,20.8,20.9,21.3,22.9,21.7,10.7,48.6,39.4,45.0,19.5,19.3,55.4,51.0,66.1,56.1,59.2,63.2,62.3,69.2,65.0,10.0,11.7,0.0,0.0,0.0,0.0,0.0,0.0,10.9,20.3,16.2,12.6,13.0,5.2,10.3,75.6,0.0,0.0,0.0,0.0,0.0,0.2,0.0,2394.1,24.00,36,35,35,68,103,383,2,2,Yes,No,No,No,No,No,No,No,No,No,Yes,No,No,Yes,No,No,No,No,No,No,No,Yes,No,No,No,No,No,Yes,No,No,No,No,No,No,No,Yes,No,No,85.0,5040,5100,5040,68.0,1.110,1.110,1.800,1.800,0.990,5.110,1.625,No,No,No,67.8,1.110,1.110,1.800,1.800,1.005,5.110,1.625,No,No,No,41,41,94.0,100.0,No,No,32291,48158,37,70,99.0,100.0,No,No,1856,3314,0.1,1.8,1.9,0.068,0.045,62650,43661,0.1,0.0,0.1,0.064,0.000,35062,12253,80.5,76.0,91.0,83.0,0.875,20.480,20.467,20.493,75.828,32.491,57.813,16.435,74.514,3.000,19.404,10.836,45.437,100.000,140.000,2250.0,2200.2,1890.0,2225.3,1905.0,76.0,27.0,0.0,10.0,70.4,17.7,70.7,0.0,0.0,0.0,Yes,No,No,No,No,Yes,No,0,0,0,0,0,0,0,0,0,4,0,0,0,0,0,0,0,0,0,0,0,0,0,0,0,0,0,0,0,0,2420,5768,5537,319,16.0,68,0.300,48.056,600.0,2394.0,0.1,0.0,0.0,0.0,0.0,0.0,0.0,0.0,0.0,2,16190,2,No,No,No,No,No,No,No,No,16.703,68.277,100.0,0.000,24.1,120,0,0,8.3,119.9,138.9,103.4,85.3,92.2,83.5,119.8,146.7,103.4,93.7,97.5,92.6,8.34,9.64,7.23,6.54,10.81,11.97,6.77,1.57,8.00,0.34,0.66,1446,246,12.2,3.3,0,0,0.0,0.0,0,
11.6.2026,17:29:7.322,25759,23009,52.8,20011,12373,61.7,10.9,16384,1790,1.212,1.217,1.192,1.192,1.192,1.225,1.195,1.225,1.215,1.215,1.215,1.215,1.225,1.220,1.220,1.061,0.781,3349.0,4489.0,4489.0,4489.0,4489.0,798.0,4489.0,3591.2,3591.2,3591.2,3591.2,1895.4,3591.2,1895.4,1895.4,99.8,3890.5,1074.7,2354.7,359.3,220.0,2284.4,3168.4,546.4,690.3,3114.1,1852.0,32.3,1806.6,200.7,597.2,568.6,681.7,594.7,592.2,731.6,700.7,398.1,1192.0,26.3,54.2,8.1,6.5,52.4,71.0,12.3,15.6,69.5,43.3,0.9,42.3,4.6,18.1,16.9,20.6,17.8,17.6,22.0,21.1,12.3,71.0,26.3,100.0,46.6,93.1,14.0,8.6,89.9,124.1,21.4,27.9,122.1,72.5,1.3,70.9,8.0,34.0,32.9,38.6,33.9,33.8,41.8,40.0,23.4,46.6,33.6,45.0,45.0,45.0,45.0,8.0,45.0,36.0,36.0,36.0,36.0,19.0,36.0,19.0,19.0,39.0,70,72,71,74,74,72,70,70,69,69,69,68,68,68,68,30,28,29,26,26,28,30,30,31,31,31,32,32,32,32,82,74,No,No,No,No,No,No,No,No,No,No,No,No,No,No,No,No,No,No,No,No,No,No,No,No,No,No,No,No,No,No,No,No,No,No,No,No,No,No,No,No,No,No,No,No,No,No,No,No,81,75,68,1.100,41.344,45.574,38.399,0.002,5.605,0.715,175.0,175.0,175.0,175.0,0,0.0,0.0,26.2,53.8,8.0,4.9,52.3,70.9,12.2,15.4,69.6,43.2,0.7,42.1,4.5,18.1,16.8,20.5,17.8,17.5,21.9,20.9,12.3,47.2,39.4,41.8,19.2,19.4,54.3,54.1,54.7,55.6,65.2,58.2,62.4,61.9,62.5,12.7,13.6,0.0,0.0,0.0,0.0,0.0,0.0,23.0,23.3,11.0,20.1,16.4,12.6,13.7,70.7,0.0,0.0,0.0,0.0,0.0,0.0,0.0,2394.1,24.00,36,35,35,68,103,383,2,2,Yes,No,No,No,No,No,No,No,No,No,Yes,No,No,Yes,No,No,No,No,No,No,No,Yes,No,No,No,No,No,Yes,No,No,No,No,No,No,No,Yes,No,No,85.0,5040,5100,5040,68.0,1.110,1.110,1.800,1.800,1.005,5.110,1.875,No,No,No,67.8,1.110,1.110,1.800,1.800,1.005,5.110,1.375,No,No,No,41,41,94.0,100.0,No,No,32291,48158,37,70,99.0,100.0,No,No,1856,3314,0.0,1.8,1.8,0.000,0.066,62650,43661,0.0,0.0,0.0,0.000,0.000,35062,12253,80.2,76.0,89.8,83.0,0.875,20.484,20.472,20.496,76.378,32.154,57.334,16.234,73.848,3.000,19.208,10.860,44.593,100.000,140.000,2250.0,2200.2,1890.0,2224.7,1905.0,77.0,26.0,0.0,10.0,70.4,18.3,73.1,0.0,0.0,0.0,Yes,No,No,No,No,Yes,No,0,0,0,0,0,0,0,0,0,4,0,0,0,0,0,0,0,0,0,0,0,0,0,0,0,0,0,0,0,0,2420,5768,5537,319,16.0,68,0.297,42.371,600.0,2394.0,0.1,0.0,0.0,0.0,0.0,0.0,0.0,0.0,0.0,2,16190,2,No,No,No,No,No,No,No,No,16.704,68.277,100.0,0.000,24.1,120,0,0,9.1,120.1,140.3,105.5,104.4,104.8,104.3,120.1,157.0,99.5,94.8,96.7,94.3,8.33,9.47,7.10,6.98,9.58,9.66,6.80,1.53,7.99,0.34,0.87,1446,246,1.3,1.0,0,0,0.0,0.0,0,
11.6.2026,17:29:8.320,25776,22991,52.8,20019,12364,61.8,10.9,16384,1790,1.155,1.161,1.164,1.154,1.149,1.154,1.174,1.139,1.139,1.154,1.144,1.154,1.179,1.139,1.169,1.061,0.781,3591.2,4489.0,4489.0,4489.0,4489.0,798.0,4489.0,3591.2,3591.2,3591.2,1895.4,3591.2,3591.2,3591.2,3591.2,99.8,3890.5,1094.6,2481.8,400.2,423.6,2030.5,2871.7,979.6,966.4,2922.8,1836.3,149.4,1777.5,415.1,598.2,580.9,635.4,547.8,623.2,699.8,568.3,383.8,1226.1,26.7,56.9,9.2,9.9,46.7,64.3,22.0,21.8,65.3,42.7,5.0,41.4,9.6,17.8,17.3,18.9,16.2,18.4,21.0,16.9,12.4,65.3,26.7,100.0,47.0,97.6,15.8,16.6,79.9,112.4,38.1,38.5,114.3,71.8,5.9,69.4,16.3,34.1,32.9,35.8,31.3,35.3,39.1,31.9,21.9,47.0,36.0,45.0,45.0,45.0,45.0,8.0,45.0,36.0,36.0,36.0,19.0,36.0,36.0,36.0,36.0,39.0,71,74,71,76,78,71,71,70,70,70,70,68,68,68,68,29,26,29,24,22,29,29,30,30,30,30,32,32,32,32,81,78,No,No,No,No,No,No,No,No,No,No,No,No,No,No,No,No,No,No,No,No,No,No,No,No,No,No,No,No,No,No,No,No,No,No,No,No,No,No,No,No,No,No,No,No,No,No,No,No,82,77,68,1.100,31.219,44.790,37.572,0.002,5.625,0.715,175.0,175.0,175.0,175.0,0,0.0,0.0,26.5,56.5,9.0,9.6,46.6,64.3,21.8,21.5,65.3,42.7,3.3,41.3,9.4,17.7,17.3,18.8,16.2,18.4,21.0,16.8,12.4,35.7,37.5,45.0,19.1,19.3,53.8,51.7,27.3,37.8,46.0,29.7,36.3,49.2,40.5,6.7,24.9,0.0,0.0,0.0,0.0,0.0,0.0,49.1,39.9,30.5,48.2,40.1,25.6,38.7,76.2,0.1,0.0,0.0,0.0,0.0,0.2,0.3,2394.1,24.00,36,35,35,68,103,383,2,2,Yes,No,No,No,No,No,No,No,No,No,Yes,No,No,Yes,No,No,No,No,No,No,No,Yes,No,No,No,No,No,No,No,No,No,No,No,No,No,No,No,No,84.0,5040,4980,5100,68.0,1.095,1.110,1.800,1.800,1.005,5.110,1.875,No,No,No,67.8,1.110,1.110,1.800,1.800,1.005,5.110,1.750,No,No,No,41,41,94.0,100.0,No,No,32291,48158,37,70,99.0,100.0,No,No,1856,3314,0.0,0.6,0.6,0.000,0.026,62650,43661,0.3,0.1,0.3,0.970,0.003,35063,12253,80.8,76.0,91.3,83.0,0.875,20.479,20.467,20.492,76.521,40.435,57.153,16.210,73.627,3.000,19.166,69.191,44.697,100.000,140.000,2250.0,2200.2,1890.0,2224.7,1905.0,77.0,27.0,0.0,10.0,70.4,18.2,72.8,0.0,0.0,0.0,Yes,No,No,No,No,Yes,No,0,0,0,0,0,0,0,0,0,4,0,0,0,0,0,0,0,0,0,0,0,0,0,0,0,0,0,0,0,0,2420,5768,5537,319,16.0,69,0.297,47.101,600.0,2394.0,0.1,0.0,0.0,0.0,0.0,0.0,0.0,0.0,0.0,2,16190,2,No,No,No,No,No,No,No,No,16.704,68.277,100.0,0.000,24.1,119,0,0,7.8,119.4,151.2,100.8,59.4,72.3,56.3,119.5,166.3,103.3,47.7,62.2,44.5,8.38,9.92,6.60,5.98,13.86,17.79,6.43,1.94,8.04,0.34,0.90,1446,246,1.7,0.8,0,0,0.0,0.0,0,
11.6.2026,17:29:9.316,25756,23011,52.8,20028,12356,61.8,10.9,16384,1790,1.210,1.208,1.189,1.174,1.199,1.199,1.179,1.224,1.249,1.249,1.230,1.195,1.195,1.210,1.240,1.061,0.781,3712.3,4489.0,4489.0,4489.0,4489.0,4489.0,798.0,3591.2,3591.2,3591.2,3591.2,3591.2,3591.2,3591.2,3591.2,99.8,3890.5,1274.5,2386.0,1145.1,1656.6,1244.9,2455.4,1963.1,2336.1,1960.3,1556.3,966.6,1509.0,1090.4,640.9,598.6,644.5,616.2,641.6,611.3,778.3,689.5,1423.1,30.5,54.4,25.9,36.7,28.5,54.7,44.0,52.5,43.9,35.9,20.9,34.6,25.0,18.9,17.4,18.8,18.1,18.5,17.8,23.3,20.7,54.7,30.5,100.0,54.3,93.9,44.8,64.7,48.6,95.6,76.3,91.5,76.0,60.8,37.8,58.9,42.6,36.3,33.9,36.6,34.7,36.2,34.9,43.3,39.0,54.3,37.2,45.0,45.0,45.0,45.0,45.0,8.0,36.0,36.0,36.0,36.0,36.0,36.0,36.0,36.0,39.0,69,70,71,74,72,70,70,68,68,68,68,68,68,68,68,31,30,29,26,28,30,30,32,32,32,32,32,32,32,32,82,74,No,No,No,No,No,No,No,No,No,No,No,No,No,No,No,No,No,No,No,No,No,No,No,No,No,No,No,No,No,No,Yes,Yes,Yes,Yes,Yes,Yes,Yes,Yes,Yes,Yes,Yes,Yes,Yes,Yes,Yes,No,No,Yes,82,82,68,1.100,43.032,47.324,40.128,0.002,5.597,0.717,175.0,175.0,175.0,175.0,0,0.0,0.0,30.6,54.0,25.8,37.5,28.5,54.7,43.9,52.2,43.8,35.9,22.0,34.6,24.9,18.9,17.4,18.9,18.2,18.7,17.8,23.3,20.8,23.6,31.4,41.6,13.4,16.2,48.2,47.4,15.3,9.8,14.9,17.8,14.6,12.6,39.8,6.9,33.2,0.0,0.0,0.0,0.3,0.0,0.0,59.1,66.2,59.3,57.8,60.3,63.2,32.2,65.7,0.5,0.0,0.7,0.0,0.0,1.2,0.9,2394.1,24.00,36,35,35,68,103,383,2,2,Yes,No,No,No,No,No,No,No,Yes,No,Yes,No,No,Yes,No,No,No,No,No,No,No,Yes,No,No,No,No,No,Yes,No,No,No,No,No,No,No,Yes,No,No,85.0,5100,5100,5100,68.0,1.110,1.110,1.800,1.800,1.005,5.110,1.375,No,No,No,67.8,1.110,1.110,1.800,1.800,1.005,5.110,1.750,No,No,No,41,41,94.0,100.0,No,No,32291,48158,37,70,99.0,100.0,No,No,1856,3314,0.0,1.6,1.6,0.000,0.036,62650,43661,1.9,0.0,1.9,20.830,0.000,35083,12253,77.0,74.0,85.3,83.0,0.875,20.503,20.495,20.511,72.193,33.321,46.513,14.429,61.183,3.000,17.408,46.253,44.459,100.000,140.000,2250.0,2200.2,1890.0,2228.0,1905.0,58.0,19.0,0.0,10.0,70.2,16.8,67.1,0.0,0.0,0.0,Yes,No,No,No,No,Yes,No,0,0,0,0,0,0,0,0,0,4,0,0,0,0,0,0,0,0,0,0,0,0,0,0,0,0,0,0,0,0,2437,5751,5519,319,16.0,68,0.297,45.603,600.0,2394.0,0.1,0.0,0.0,0.0,0.0,0.0,0.0,0.0,0.0,2,16190,2,No,No,No,No,No,No,No,No,16.702,68.277,100.0,0.000,24.1,115,0,0,8.3,114.8,168.6,60.0,31.0,39.3,29.2,114.9,205.4,59.3,31.1,39.3,29.4,8.71,16.72,5.81,5.60,25.50,34.27,6.28,2.43,8.38,0.33,1.70,1446,246,1.2,0.8,0,0,0.0,0.0,0,
11.6.2026,17:29:10.330,25754,23014,52.8,20027,12357,61.8,10.9,16384,1790,1.172,1.228,1.183,1.173,1.218,1.183,1.153,1.153,1.163,1.153,1.153,1.163,1.163,1.163,1.163,1.061,0.781,3990.2,4489.0,4489.0,4489.0,4688.5,4489.0,4489.0,3591.2,3591.2,3591.2,3591.2,3591.2,3591.2,3591.2,3591.2,99.8,3890.5,838.1,2032.1,179.5,87.6,1715.7,2928.3,470.6,379.8,3361.1,1525.9,20.0,1624.2,143.3,393.7,384.9,407.8,340.9,298.8,159.0,153.5,154.8,999.7,20.6,47.6,4.4,3.8,40.1,65.6,10.8,8.9,74.7,36.2,2.4,38.1,3.6,12.3,12.1,12.9,10.9,10.1,5.5,5.5,5.9,74.7,20.6,100.0,35.1,80.5,7.1,3.5,67.0,114.5,18.3,15.9,130.5,59.6,0.8,63.4,5.7,22.9,22.3,23.8,20.2,17.7,9.7,9.1,9.2,35.1,40.0,45.0,45.0,45.0,47.0,45.0,45.0,36.0,36.0,36.0,36.0,36.0,36.0,36.0,36.0,39.0,69,70,72,72,74,69,68,68,68,68,68,68,68,68,68,31,30,28,28,26,31,32,32,32,32,32,32,32,32,32,81,74,No,No,No,No,No,No,No,No,No,No,No,No,No,No,No,No,No,No,No,No,No,No,No,No,No,No,No,No,No,No,No,No,No,No,No,No,No,No,No,No,No,No,No,No,No,No,No,No,82,74,68,1.100,26.157,47.471,40.279,0.003,5.660,0.772,175.0,175.0,175.0,175.0,0,0.0,0.0,20.2,47.1,4.0,2.0,39.9,65.5,10.4,8.5,74.7,36.0,0.5,37.9,3.2,12.2,12.1,12.8,10.7,9.8,5.2,5.2,5.3,21.8,48.3,57.0,25.6,20.3,61.8,58.3,4.5,3.3,10.8,4.5,8.1,2.2,0.0,0.0,46.5,0.0,0.0,0.0,0.0,0.0,0.2,76.2,78.0,69.4,78.0,76.5,88.8,91.5,91.9,0.1,0.0,0.1,0.0,0.0,0.0,0.5,2394.1,24.00,36,35,35,68,103,383,2,2,Yes,No,No,No,No,No,No,No,No,No,Yes,No,No,Yes,No,No,No,No,No,No,No,Yes,No,No,No,No,No,Yes,No,No,No,No,No,No,No,Yes,No,No,85.0,5100,5100,5040,68.0,1.110,1.110,1.800,1.800,1.005,5.110,1.875,No,No,No,67.8,1.110,1.110,1.800,1.800,1.005,5.110,1.750,No,No,No,41,41,94.0,100.0,No,No,32291,48158,37,70,99.0,100.0,No,No,1856,3314,0.0,2.1,2.1,0.000,0.181,62650,43661,0.1,0.1,0.2,0.258,0.032,35083,12253,76.1,74.0,84.7,83.0,0.875,20.560,20.554,20.567,66.738,24.187,40.674,12.682,53.556,3.000,15.651,10.100,33.647,100.000,140.000,2250.0,2200.2,1890.0,2228.5,1905.0,47.0,14.0,0.0,4.0,70.2,14.2,56.9,0.0,0.0,0.0,Yes,No,No,No,No,Yes,No,0,0,0,0,0,0,0,0,0,4,0,0,0,0,0,0,0,0,0,0,0,0,0,0,0,0,0,0,0,0,2441,5747,5516,319,16.0,68,0.297,43.821,600.0,2394.0,0.2,0.0,0.0,0.0,0.0,0.0,0.0,0.0,0.0,2,16190,2,No,No,No,No,No,No,No,No,16.703,68.277,100.0,0.000,24.1,120,0,0,9.1,120.0,145.1,105.2,97.9,100.8,97.0,120.0,146.5,100.8,99.7,100.0,99.6,8.34,9.50,6.91,6.67,9.87,10.23,4.34,3.99,8.02,0.31,0.62,1446,246,1.2,1.0,0,0,0.0,0.0,0,
11.6.2026,17:29:11.324,25754,23014,52.8,20027,12357,61.8,10.9,16384,1790,1.172,1.228,1.183,1.173,1.218,1.183,1.153,1.153,1.163,1.153,1.153,1.163,1.163,1.163,1.163,1.061,0.781,3990.2,4489.0,4489.0,4489.0,4688.5,4489.0,4489.0,3591.2,3591.2,3591.2,3591.2,3591.2,3591.2,3591.2,3591.2,99.8,3890.5,838.1,2032.1,179.5,87.6,1715.7,2928.3,470.6,379.8,3361.1,1525.9,20.0,1624.2,143.3,393.7,384.9,407.8,340.9,298.8,159.0,153.5,154.8,999.7,20.6,47.6,4.4,3.8,40.1,65.6,10.8,8.9,74.7,36.2,2.4,38.1,3.6,12.3,12.1,12.9,10.9,10.1,5.5,5.5,5.9,74.7,20.6,100.0,35.1,80.5,7.1,3.5,67.0,114.5,18.3,15.9,130.5,59.6,0.8,63.4,5.7,22.9,22.3,23.8,20.2,17.7,9.7,9.1,9.2,35.1,40.0,45.0,45.0,45.0,47.0,45.0,45.0,36.0,36.0,36.0,36.0,36.0,36.0,36.0,36.0,39.0,69,70,72,72,74,69,68,68,68,68,68,68,68,68,68,31,30,28,28,26,31,32,32,32,32,32,32,32,32,32,81,74,No,No,No,No,No,No,No,No,No,No,No,No,No,No,No,No,No,No,No,No,No,No,No,No,No,No,No,No,No,No,No,No,No,No,No,No,No,No,No,No,No,No,No,No,No,No,No,No,83,83,68,1.100,41.344,34.935,27.971,0.002,5.433,0.667,175.0,175.0,175.0,175.0,0,0.0,0.0,20.2,47.1,4.0,2.0,39.9,65.5,10.4,8.5,74.7,36.0,0.5,37.9,3.2,12.2,12.1,12.8,10.7,9.8,5.2,5.2,5.3,21.8,48.3,57.0,25.6,20.3,61.8,58.3,4.5,3.3,10.8,4.5,8.1,2.2,0.0,0.0,46.5,0.0,0.0,0.0,0.0,0.0,0.2,76.2,78.0,69.4,78.0,76.5,88.8,91.5,91.9,0.1,0.0,0.1,0.0,0.0,0.0,0.5,2394.1,24.00,36,35,35,68,103,383,2,2,Yes,No,No,No,No,No,No,No,No,No,Yes,No,No,Yes,No,No,No,No,No,No,No,Yes,No,No,No,No,No,Yes,No,No,No,No,No,No,No,Yes,No,No,85.0,5160,5100,5100,68.0,1.110,1.110,1.800,1.815,1.005,5.110,1.250,No,No,No,67.8,1.110,1.110,1.800,1.815,1.005,5.110,2.000,No,No,No,41,41,94.0,100.0,No,No,32291,48158,37,70,99.0,100.0,No,No,1856,3314,0.0,2.1,2.1,0.000,0.181,62650,43661,0.1,0.1,0.2,0.258,0.032,35083,12253,74.9,74.0,82.8,83.0,0.875,20.561,20.556,20.566,56.224,24.017,40.427,12.560,53.205,3.000,15.541,10.009,33.378,100.000,140.000,2250.0,2200.2,1890.0,2235.0,1905.0,47.0,13.0,0.0,3.0,70.2,10.7,42.9,0.0,0.0,0.0,Yes,No,No,No,No,Yes,No,0,0,0,0,0,0,0,0,0,4,0,0,0,0,0,0,0,0,0,0,0,0,0,0,0,0,0,0,0,0,2441,5747,5516,319,16.0,68,0.297,35.673,600.0,2394.0,0.1,0.0,0.0,0.0,0.0,0.0,0.0,0.0,0.0,2,16190,2,No,No,No,No,No,No,No,No,16.703,68.277,100.0,0.000,24.1,120,0,0,9.1,120.0,145.1,105.2,97.9,100.8,97.0,120.0,146.5,100.8,99.7,100.0,99.6,8.34,9.50,6.91,6.67,9.87,10.23,4.34,3.99,8.02,0.31,0.62,1446,246,1.2,1.0,0,0,0.0,0.0,0,
11.6.2026,17:29:12.325,25753,23014,52.8,20026,12358,61.8,10.9,16384,1790,1.190,1.227,1.202,1.170,1.195,1.185,1.185,1.170,1.200,1.200,1.185,1.190,1.205,1.180,1.175,1.061,0.781,3990.2,4489.0,4489.0,4489.0,4688.5,4489.0,4489.0,3591.2,3591.2,3591.2,3591.2,3591.2,3591.2,3591.2,3591.2,99.8,3890.5,1092.1,2152.8,754.2,1102.9,1254.5,2125.9,1903.6,1514.3,2514.9,1425.2,574.4,1526.5,801.4,592.1,531.7,602.0,519.3,495.2,483.4,467.4,501.3,1243.5,26.2,48.7,17.1,25.4,29.0,47.6,42.1,34.3,56.3,32.5,12.1,34.6,18.5,18.3,14.8,18.7,15.4,14.1,14.4,14.0,15.6,56.3,26.2,100.0,46.6,84.7,29.5,42.9,48.8,83.5,73.4,59.9,98.2,55.4,22.5,59.8,31.5,33.9,30.7,34.4,29.8,28.4,28.0,26.7,29.0,46.6,40.0,45.0,45.0,45.0,47.0,45.0,45.0,36.0,36.0,36.0,36.0,36.0,36.0,36.0,36.0,39.0,69,73,69,75,67,70,67,68,68,68,68,68,68,68,68,31,27,31,25,33,30,33,32,32,32,32,32,32,32,32,81,75,No,No,No,No,No,No,No,No,No,No,No,No,No,No,No,No,No,No,No,No,No,No,No,No,No,No,No,No,No,No,No,No,No,No,No,No,No,No,No,No,No,No,No,No,No,No,No,No,82,77,68,1.100,43.032,41.357,34.297,0.002,5.546,0.712,175.0,175.0,175.0,175.0,0,0.0,0.0,26.3,49.1,17.0,25.2,29.0,47.5,42.3,33.9,55.9,33.5,13.1,35.3,18.3,18.0,15.8,18.5,15.3,15.3,14.2,13.9,15.4,20.9,41.0,50.3,20.3,19.7,56.6,51.0,13.7,4.5,13.1,4.0,6.3,2.9,6.8,2.8,40.8,0.0,0.0,0.0,0.3,0.0,0.0,61.7,73.1,62.0,74.2,71.8,77.2,73.7,76.6,0.6,0.0,0.9,0.0,0.0,1.2,1.5,2394.1,24.00,36,35,35,68,103,383,2,2,Yes,No,No,No,No,No,No,No,No,No,Yes,No,No,Yes,No,No,No,No,No,No,No,Yes,No,No,No,No,No,No,No,No,No,No,No,No,No,No,No,No,84.0,5100,4980,5100,68.0,1.110,1.110,1.800,1.815,1.005,5.110,2.250,No,No,No,67.8,1.110,1.110,1.800,1.815,1.005,5.110,1.500,No,No,No,41,41,94.0,100.0,No,No,32291,48158,37,70,99.0,100.0,No,No,1856,3314,0.3,1.9,2.2,0.064,0.059,62650,43661,0.2,0.0,0.2,0.192,0.000,35083,12253,74.5,74.0,82.0,83.0,0.875,20.499,20.491,20.507,59.550,25.866,42.669,14.446,57.336,3.000,17.411,9.759,36.437,100.000,140.000,2250.0,2200.2,1890.0,2231.0,1905.0,57.0,21.0,0.0,10.0,65.9,13.1,52.3,0.0,0.0,0.0,Yes,No,No,No,No,Yes,No,0,0,0,0,0,0,0,0,0,4,0,0,0,0,0,0,0,0,0,0,0,0,0,0,0,0,0,0,0,0,2792,5396,5164,319,16.0,68,0.297,44.152,600.0,2394.0,0.1,0.0,0.0,0.0,0.0,0.0,0.0,0.0,0.0,2,16190,2,No,No,No,No,No,No,No,No,16.703,68.277,100.0,0.000,24.1,120,0,0,10.8,119.9,149.2,99.6,97.2,98.2,96.9,119.9,166.5,89.5,80.3,83.8,79.4,8.34,10.06,6.71,5.86,10.19,10.31,5.25,3.10,8.03,0.31,1.01,1446,246,1.5,0.9,0,0,0.0,0.0,0,
11.6.2026,17:29:13.318,25363,23405,52.0,20010,12374,61.7,10.9,16384,1790,1.197,1.204,1.190,1.190,1.200,1.195,1.195,1.200,1.200,1.190,1.195,1.210,1.190,1.190,1.215,1.061,0.781,3976.0,4489.0,4489.0,4489.0,4489.0,4489.0,4489.0,3591.2,3591.2,3591.2,3591.2,3591.2,3591.2,3591.2,3591.2,99.8,3890.5,1193.1,2081.6,1092.3,1576.8,1131.6,1669.1,2491.4,2178.1,2000.1,1560.0,564.4,1392.3,1070.1,669.7,555.4,678.4,560.2,633.3,610.2,702.4,645.3,1329.5,28.3,48.2,23.6,35.2,25.3,36.5,55.4,47.9,43.7,36.9,12.8,32.2,23.3,19.0,16.5,19.4,15.1,19.4,16.7,19.8,18.5,55.4,28.3,100.0,50.9,81.8,42.9,61.3,44.4,65.2,97.2,85.2,77.5,60.9,21.8,53.8,41.5,37.5,31.6,38.3,31.5,35.4,34.4,39.0,36.1,50.9,39.9,45.0,45.0,45.0,45.0,45.0,45.0,36.0,36.0,36.0,36.0,36.0,36.0,36.0,36.0,39.0,70,72,72,75,82,69,69,69,69,69,69,68,68,68,68,30,28,28,25,18,31,31,31,31,31,31,32,32,32,32,82,82,No,No,No,No,No,No,No,No,No,No,No,No,No,No,No,No,No,No,No,No,No,No,No,No,No,No,No,No,No,No,No,No,No,No,No,No,No,No,No,No,No,No,No,No,No,No,No,No,81,75,68,1.100,30.375,42.806,36.053,0.002,5.621,0.736,175.0,140.0,175.0,175.0,0,0.0,0.0,29.0,47.6,24.6,36.0,26.2,37.3,55.6,48.8,44.6,36.7,12.7,32.3,24.5,20.3,16.6,20.7,16.6,19.5,18.1,21.1,19.8,24.3,38.6,45.8,17.3,17.4,54.4,50.3,23.2,7.5,18.0,9.7,18.9,9.4,25.6,4.6,34.2,0.0,0.0,0.0,0.8,0.0,0.0,50.1,68.9,54.7,66.9,55.4,65.7,47.4,68.9,0.4,0.0,0.4,0.0,0.0,0.8,1.2,2394.1,24.00,36,35,35,68,103,383,2,2,Yes,No,No,No,No,No,No,No,No,No,Yes,No,No,Yes,No,No,No,No,No,No,No,Yes,No,No,No,No,No,Yes,No,No,No,No,No,No,No,Yes,No,No,85.0,5100,5040,5100,68.0,1.110,1.110,1.800,1.815,1.005,5.110,1.625,No,No,No,67.8,1.110,1.110,1.800,1.815,1.005,5.110,0.875,No,No,No,41,41,94.0,100.0,No,No,32291,48158,37,70,99.0,100.0,No,No,1856,3314,0.0,1.8,1.8,0.000,0.130,62650,43662,0.7,0.0,0.7,6.656,0.000,35090,12253,74.4,74.0,83.4,83.0,0.875,20.523,20.516,20.530,57.527,25.501,42.506,14.423,57.156,3.000,17.396,9.794,34.230,100.000,140.000,2250.0,2200.2,1890.0,2230.1,1905.0,57.0,21.0,0.0,7.0,65.9,13.2,52.8,0.0,0.0,0.0,Yes,No,No,No,No,Yes,No,0,0,0,0,0,0,0,0,0,4,0,0,0,0,0,0,0,0,0,0,0,0,0,0,0,0,0,0,0,0,2792,5396,5164,319,16.0,67,0.297,42.803,600.0,2394.0,0.1,0.0,0.0,0.0,0.0,0.0,0.0,0.0,0.0,2,16190,2,No,No,No,No,No,No,No,No,16.703,68.277,100.0,0.000,24.1,111,0,0,9.0,111.1,155.6,61.6,14.0,21.0,12.8,110.7,184.0,56.8,13.4,20.0,12.3,9.00,16.27,6.37,5.52,47.64,78.29,5.29,3.74,8.69,0.32,2.11,1446,246,2.2,7.9,0,0,0.0,0.0,0,
11.6.2026,17:29:14.318,25359,23409,51.9,20008,12376,61.7,10.9,16384,1790,1.177,1.215,1.210,1.160,1.148,1.148,1.153,1.173,1.173,1.163,1.173,1.168,1.193,1.208,1.193,1.061,0.781,3854.9,4489.0,4489.0,4489.0,4489.0,4489.0,4489.0,3591.2,3591.2,3591.2,3591.2,1895.4,3591.2,3591.2,3591.2,99.8,3890.5,1129.1,2076.3,902.8,1136.7,1482.2,2214.7,1774.1,2708.6,1343.4,1501.2,394.5,1280.6,1019.8,616.7,557.8,581.7,514.4,585.4,642.4,603.4,644.4,1256.6,27.4,48.0,20.4,25.9,34.2,49.5,39.8,60.6,30.0,35.9,9.0,30.0,23.6,18.6,16.4,17.2,15.3,17.6,18.5,17.8,19.3,60.6,27.4,100.0,48.4,81.5,35.6,44.2,57.6,86.2,68.9,106.3,52.3,58.3,15.3,50.0,39.7,35.5,31.6,33.3,29.7,33.2,36.8,34.7,36.5,48.4,38.6,45.0,45.0,45.0,45.0,45.0,45.0,36.0,36.0,36.0,36.0,19.0,36.0,36.0,36.0,39.0,70,75,73,74,72,70,71,69,69,69,69,68,68,68,68,30,25,27,26,28,30,29,31,31,31,31,32,32,32,32,81,75,No,No,No,No,No,No,No,No,No,No,No,No,No,No,No,No,No,No,No,No,No,No,No,No,No,No,No,No,No,No,No,No,No,No,No,No,No,No,No,No,No,No,No,No,No,No,No,No,81,75,68,1.100,33.751,42.419,34.879,0.002,5.597,0.717,175.0,145.0,175.0,175.0,0,0.0,0.0,27.3,47.5,20.4,25.8,34.2,49.4,39.7,60.4,30.0,35.8,8.8,29.9,23.5,18.7,16.4,17.2,15.2,17.7,18.6,17.9,19.2,21.4,41.9,46.8,21.4,19.0,59.1,55.0,6.9,7.2,11.5,5.5,8.0,4.7,7.5,4.6,39.0,0.0,0.0,0.3,0.1,0.0,0.0,66.5,69.6,64.1,72.3,67.3,69.7,67.0,69.5,0.1,0.0,0.4,0.0,0.0,0.0,0.0,2394.1,24.00,36,35,35,68,103,383,2,2,Yes,No,No,No,No,No,No,No,No,No,Yes,No,No,No,No,No,No,No,No,No,No,No,No,No,No,No,No,Yes,No,No,No,No,No,No,No,Yes,No,No,84.0,5040,4800,5160,68.0,1.110,1.110,1.800,1.815,1.005,5.110,0.875,No,No,No,67.8,1.110,1.110,1.800,1.815,1.005,5.110,1.250,No,No,No,41,41,94.0,100.0,No,No,32291,48158,37,70,99.0,100.0,No,No,1856,3314,0.0,2.3,2.3,0.000,0.037,62650,43662,0.0,0.0,0.0,0.000,0.000,35090,12253,74.3,74.0,81.4,83.0,0.875,20.525,20.517,20.532,59.901,25.626,42.471,14.424,57.120,3.000,17.394,9.785,35.188,100.000,140.000,2250.0,2200.2,1890.0,2229.9,1905.0,57.0,21.0,0.0,7.0,65.9,13.0,52.0,0.0,0.0,0.0,Yes,No,No,No,No,Yes,No,0,0,0,0,0,0,0,0,0,4,0,0,0,0,0,0,0,0,0,0,0,0,0,0,0,0,0,0,0,0,2792,5396,5164,319,16.0,68,0.300,41.766,600.0,2394.0,0.1,0.0,0.0,0.0,0.0,0.0,0.0,0.0,0.0,2,16190,2,No,No,No,No,No,No,No,No,16.703,68.277,100.0,0.000,24.1,120,0,0,8.4,120.0,135.8,106.6,104.3,105.3,104.0,120.0,139.2,106.3,104.9,105.4,104.8,8.33,9.46,7.39,7.29,9.54,9.61,5.19,3.14,8.02,0.32,0.55,1446,246,1.7,6.8,0,0,0.0,0.0,0,
11.6.2026,17:29:15.314,25362,23405,52.0,20007,12377,61.7,10.9,16384,1790,1.215,1.205,1.211,1.211,1.236,1.206,1.206,1.206,1.191,1.196,1.191,1.246,1.231,1.236,1.236,1.061,0.781,3854.9,4489.0,4489.0,4489.0,4489.0,4489.0,4489.0,3591.2,1895.4,3591.2,3591.2,3591.2,3591.2,3591.2,3591.2,99.8,3890.5,1131.0,2093.8,902.4,1151.9,1418.0,2242.9,1814.7,2783.1,1310.9,1509.7,462.4,1357.0,1110.4,564.0,505.8,553.9,551.7,542.0,559.3,571.6,614.3,1270.8,27.4,48.4,20.4,26.3,32.9,50.2,40.8,62.2,29.5,35.9,10.6,31.7,25.6,16.8,15.0,16.8,16.7,16.2,16.6,17.3,18.5,62.2,27.4,100.0,48.2,82.2,35.6,44.8,55.4,87.5,70.8,109.1,51.2,58.7,18.1,53.4,43.7,32.2,28.9,31.6,31.3,30.9,32.0,32.5,34.9,48.2,38.6,45.0,45.0,45.0,45.0,45.0,45.0,36.0,19.0,36.0,36.0,36.0,36.0,36.0,36.0,39.0,70,72,70,72,71,74,70,69,69,69,69,69,69,69,69,30,28,30,28,29,26,30,31,31,31,31,31,31,31,31,79,74,No,No,No,No,No,No,No,No,No,No,No,No,No,No,No,No,No,No,No,No,No,No,No,No,No,No,No,No,No,No,No,No,No,No,No,No,No,No,No,No,No,No,No,No,No,No,No,No,81,75,68,1.100,21.938,41.876,34.932,0.003,5.601,0.724,175.0,150.0,175.0,175.0,0,0.0,0.0,27.3,47.9,20.4,26.2,32.8,50.2,40.6,62.0,29.3,35.8,10.4,31.6,25.5,16.8,15.0,16.8,16.7,16.3,16.7,17.3,18.5,19.7,41.5,48.2,20.1,18.4,58.6,52.9,4.0,2.6,7.8,2.1,2.6,5.3,9.0,3.2,40.9,0.0,0.0,0.7,0.0,0.0,0.0,71.8,75.6,68.1,74.1,73.6,71.2,66.4,71.2,0.0,0.0,0.0,0.1,0.0,0.0,0.2,2394.1,24.00,36,35,35,68,103,383,2,2,Yes,No,No,No,No,No,No,No,No,No,Yes,No,No,Yes,No,No,No,No,No,No,No,Yes,No,No,No,No,No,Yes,No,No,No,No,No,No,No,Yes,No,No,85.0,5040,4740,5100,68.0,1.110,1.110,1.800,1.815,1.005,5.110,2.000,No,No,No,67.8,1.110,1.110,1.800,1.815,1.005,5.110,1.625,No,No,No,41,41,94.0,100.0,No,No,32291,48158,36,70,99.0,100.0,No,No,1856,3314,0.9,1.4,2.3,0.385,0.155,62650,43662,0.2,0.0,0.2,0.648,0.000,35090,12253,75.2,74.0,83.5,83.0,0.875,20.511,20.504,20.518,59.984,25.568,42.349,14.435,57.020,3.000,17.405,9.828,34.942,100.000,140.000,2250.0,2200.2,1890.0,2229.6,1905.0,58.0,21.0,0.0,8.0,65.9,13.2,52.8,0.0,0.0,0.0,Yes,No,No,No,No,Yes,No,0,0,0,0,0,0,0,0,0,4,0,0,0,0,0,0,0,0,0,0,0,0,0,0,0,0,0,0,0,0,2792,5396,5164,319,16.0,68,0.300,43.408,600.0,2394.0,0.2,0.0,0.0,0.0,0.0,0.0,0.0,0.0,0.0,2,16190,2,No,No,No,No,No,No,No,No,16.703,68.277,100.0,0.000,24.1,120,0,0,7.7,119.9,130.9,108.3,105.7,106.8,105.3,119.8,137.6,104.9,104.7,104.7,104.7,8.34,9.25,7.61,7.52,9.38,9.51,5.22,3.13,8.03,0.31,0.57,1446,246,1.9,7.0,0,0,0.0,0.0,0,
11.6.2026,17:29:16.317,25364,23404,52.0,20007,12377,61.7,10.9,16384,1790,1.197,1.202,1.198,1.208,1.193,1.193,1.193,1.193,1.198,1.193,1.193,1.193,1.203,1.203,1.188,1.061,0.778,3976.0,4489.0,4489.0,4489.0,4489.0,4489.0,4489.0,3591.2,3591.2,3591.2,3591.2,3591.2,3591.2,3591.2,3591.2,99.8,3890.5,1244.7,2225.2,1127.1,1810.8,1031.1,2386.9,1796.4,2939.3,1347.0,1694.3,607.4,1501.7,1169.9,637.4,600.4,662.3,627.2,674.7,651.2,734.1,669.8,1385.3,30.1,51.0,25.4,41.4,23.7,53.4,40.2,65.8,30.2,40.0,13.7,34.8,26.7,18.8,17.6,19.4,18.3,19.9,19.0,21.7,20.3,65.8,30.1,100.0,53.2,87.3,44.2,70.2,40.3,93.1,69.8,114.8,52.4,66.1,23.6,58.4,45.5,36.1,34.1,37.3,35.5,38.1,37.6,41.7,38.4,53.2,39.9,45.0,45.0,45.0,45.0,45.0,45.0,36.0,36.0,36.0,36.0,36.0,36.0,36.0,36.0,39.0,72,74,74,76,75,74,74,70,70,70,70,70,70,70,70,28,26,26,24,25,26,26,30,30,30,30,30,30,30,30,82,76,No,No,No,No,No,No,No,No,No,No,No,No,No,No,No,No,No,No,No,No,No,No,No,No,No,No,No,No,No,No,No,No,No,No,No,No,No,No,No,No,No,No,No,No,No,No,No,No,82,75,68,1.100,31.219,46.825,39.433,0.002,5.637,0.746,175.0,155.0,175.0,175.0,0,0.0,0.0,30.1,50.5,25.4,41.3,23.7,53.5,40.1,65.8,30.1,39.9,13.7,34.8,26.8,18.9,17.7,19.6,18.4,20.1,19.2,21.9,20.4,23.2,35.8,44.4,18.6,15.1,50.7,48.0,7.3,11.9,16.9,16.5,14.5,5.5,29.7,9.9,33.9,0.0,0.0,0.4,0.0,0.0,0.0,66.1,63.3,56.6,58.2,58.4,67.6,41.7,62.1,0.2,0.0,0.2,0.0,0.0,0.7,0.1,2394.1,24.00,36,35,35,68,103,383,2,2,Yes,No,No,No,No,No,No,No,No,No,Yes,No,No,Yes,No,No,No,No,No,No,No,Yes,No,No,No,No,No,No,No,No,No,No,No,No,No,No,No,No,85.0,5100,4620,5100,68.0,1.110,1.110,1.800,1.815,1.005,5.110,2.125,No,No,No,67.8,1.110,1.110,1.800,1.815,1.005,5.110,1.250,No,No,No,41,41,94.0,100.0,No,No,32291,48158,37,70,99.0,100.0,No,No,1856,3314,0.3,1.6,1.9,0.084,0.236,62650,43662,0.1,0.1,0.2,0.129,0.020,35091,12253,74.3,74.0,81.2,83.0,0.875,20.498,20.489,20.506,60.167,26.603,43.997,14.977,59.202,3.000,17.942,9.895,37.211,100.000,140.000,2250.0,2200.2,1890.0,2229.5,1905.0,59.0,23.0,0.0,8.0,66.2,13.3,53.1,0.0,0.0,0.0,Yes,No,No,No,No,Yes,No,0,0,0,0,0,0,0,0,0,4,0,0,0,0,0,0,0,0,0,0,0,0,0,0,0,0,0,0,0,0,2765,5423,5191,319,16.0,68,0.300,48.059,600.0,2394.0,0.1,0.0,0.0,0.0,0.0,0.0,0.0,0.0,0.0,2,16190,2,No,No,No,No,No,No,No,No,16.704,68.277,100.0,0.000,24.1,120,0,0,7.7,119.9,132.2,105.1,76.7,86.9,74.2,120.0,192.8,88.3,75.0,79.4,73.7,8.34,9.55,7.53,4.76,11.55,13.53,5.20,3.14,8.02,0.32,0.72,1446,246,1.8,7.3,0,0,0.0,0.0,0,
11.6.2026,17:29:17.314,25441,23327,52.1,20016,12368,61.8,10.9,16384,1790,1.204,1.264,1.174,1.204,1.179,1.204,1.208,1.208,1.208,1.208,1.203,1.203,1.193,1.193,1.203,1.061,0.778,3976.0,4489.0,4489.0,4489.0,4489.0,4489.0,4489.0,3591.2,3591.2,3591.2,3591.2,3591.2,3591.2,3591.2,3591.2,99.8,3890.5,1309.9,2377.1,1068.2,1980.1,1083.0,2389.0,1905.9,2830.2,1492.4,1807.3,774.6,1444.5,1253.3,764.1,606.4,752.4,691.0,766.9,661.8,820.4,730.3,1451.2,31.6,54.5,23.9,45.2,24.6,53.3,42.7,63.4,33.2,41.9,17.6,33.4,28.6,23.0,17.6,22.1,20.1,22.3,19.0,24.0,21.8,63.4,31.6,100.0,56.1,93.1,42.0,76.9,42.4,93.3,74.0,110.8,58.0,70.5,30.3,56.3,48.9,42.8,34.4,42.2,39.0,42.9,37.7,45.8,40.9,56.1,39.9,45.0,45.0,45.0,45.0,45.0,45.0,36.0,36.0,36.0,36.0,36.0,36.0,36.0,36.0,39.0,70,72,74,75,74,71,73,69,69,69,69,68,68,68,68,30,28,26,25,26,29,27,31,31,31,31,32,32,32,32,81,75,No,No,No,No,No,No,No,No,No,No,No,No,No,No,No,No,No,No,No,No,No,No,No,No,No,No,No,No,No,No,No,No,No,No,No,No,No,No,No,No,No,No,No,No,No,No,No,No,82,75,68,1.100,40.501,50.406,43.461,0.002,5.679,0.769,175.0,160.0,175.0,175.0,0,0.0,0.0,31.7,54.0,24.0,45.2,24.7,53.5,42.6,63.3,33.3,42.0,17.7,33.5,28.6,23.1,18.0,22.3,20.4,22.5,19.3,24.2,22.0,31.5,33.6,39.6,15.9,14.6,47.4,47.0,35.7,16.2,41.1,27.7,29.8,14.4,46.7,31.8,24.2,0.0,0.0,0.0,0.0,0.0,0.0,35.7,59.0,31.3,45.8,41.9,59.4,24.4,40.8,0.1,0.0,0.1,0.0,0.0,0.4,0.0,2394.1,24.00,36,35,35,68,103,383,2,2,Yes,No,No,No,No,No,No,No,No,No,Yes,No,No,Yes,No,No,No,No,No,No,No,Yes,No,No,No,No,No,Yes,No,No,No,No,No,No,No,Yes,No,No,85.0,5100,4440,5100,68.0,1.110,1.110,1.800,1.815,1.005,5.110,1.125,No,No,No,68.0,1.110,1.110,1.800,1.800,1.005,5.110,2.125,No,No,No,41,41,94.0,100.0,No,No,32291,48158,37,70,99.0,100.0,No,No,1856,3314,0.0,2.2,2.2,0.000,0.055,62650,43662,1.0,0.0,1.0,7.344,0.000,35098,12253,75.0,74.0,82.4,83.0,0.875,20.482,20.473,20.491,61.437,37.805,46.557,15.375,62.190,3.000,18.347,83.962,35.206,100.000,140.000,2250.0,2200.2,1890.0,2229.7,1905.0,60.0,24.0,0.0,10.0,66.7,13.7,55.0,0.0,0.0,0.0,Yes,No,No,No,No,Yes,No,0,0,0,0,0,0,0,0,0,4,0,0,0,0,0,0,0,0,0,0,0,0,0,0,0,0,0,0,0,0,2725,5463,5232,318,16.0,68,0.300,51.020,600.0,2394.0,0.2,0.0,0.0,0.0,0.0,0.0,0.0,0.0,0.0,2,16190,2,No,No,No,No,No,No,No,No,16.704,68.277,100.0,0.000,24.1,119,0,0,7.6,118.8,142.1,96.7,68.4,78.2,65.9,118.8,182.0,83.9,74.4,78.0,73.3,8.42,10.39,6.99,6.37,12.79,15.13,5.26,3.16,8.09,0.33,0.90,1446,246,3.6,6.4,0,0,0.0,0.0,0,
11.6.2026,17:29:18.328,25437,23331,52.1,20012,12372,61.7,10.9,16384,1790,1.225,1.246,1.187,1.187,1.187,1.206,1.231,1.202,1.240,1.255,1.250,1.230,1.245,1.245,1.245,1.061,0.778,3976.0,4489.0,4489.0,4489.0,4489.0,4489.0,4489.0,3591.2,3591.2,3591.2,3591.2,3591.2,3591.2,3591.2,3591.2,99.8,3890.5,1333.7,2405.8,1136.6,1980.8,1107.5,1794.3,2359.7,2415.0,2018.3,1565.7,1045.9,1275.5,1518.0,780.7,657.1,788.7,778.3,731.5,721.1,822.5,771.4,1476.8,32.3,55.2,25.6,45.4,25.2,40.3,53.1,54.0,45.2,36.5,23.8,29.4,34.9,22.8,18.8,23.1,22.7,21.2,20.8,24.3,23.1,55.2,32.3,100.0,57.4,94.3,44.6,76.9,43.3,70.3,91.8,94.6,78.4,61.2,40.6,49.8,59.3,44.3,37.6,45.1,44.8,41.4,41.1,46.2,43.4,57.4,39.9,45.0,45.0,45.0,45.0,45.0,45.0,36.0,36.0,36.0,36.0,36.0,36.0,36.0,36.0,39.0,70,73,73,73,71,70,70,69,69,69,69,68,68,68,68,30,27,27,27,29,30,30,31,31,31,31,32,32,32,32,82,73,No,No,No,No,No,No,No,No,No,No,No,No,No,No,No,No,No,No,No,No,No,No,No,No,No,No,No,No,No,No,No,No,No,No,No,No,No,No,No,No,No,No,No,No,No,No,No,No,82,78,68,1.100,56.532,50.692,43.447,0.002,5.720,0.776,175.0,165.0,175.0,175.0,0,0.0,0.0,32.2,54.7,25.6,45.3,25.2,40.2,52.9,54.0,45.1,36.5,23.7,29.5,34.7,22.8,19.0,23.1,22.8,21.4,20.9,24.4,23.2,27.8,32.0,39.9,19.7,13.7,47.7,45.3,22.3,10.4,28.3,20.9,24.2,16.2,51.0,17.0,27.2,0.0,0.0,0.0,0.8,0.0,0.0,47.9,63.3,42.3,49.1,48.0,56.1,20.3,52.8,0.2,0.0,0.6,0.1,0.0,0.5,0.3,2394.1,24.00,36,35,35,68,103,383,2,2,Yes,No,No,No,No,No,No,No,No,No,Yes,No,No,Yes,No,No,No,No,No,No,No,Yes,No,No,No,No,No,Yes,No,No,No,No,No,No,No,Yes,No,No,85.0,5040,4440,5100,68.0,1.110,1.110,1.800,1.800,0.990,5.110,1.750,No,No,No,68.0,1.110,1.110,1.800,1.800,1.005,5.110,2.500,No,No,No,41,41,94.0,100.0,No,No,32291,48158,37,70,99.0,100.0,No,No,1856,3314,0.0,1.7,1.7,0.000,0.024,62650,43662,0.3,0.0,0.3,2.071,0.000,35100,12253,74.9,74.0,82.6,83.0,0.875,20.496,20.488,20.504,63.447,26.375,44.623,15.038,59.891,3.000,18.004,9.885,34.187,100.000,140.000,2250.0,2200.2,1890.0,2228.3,1905.0,61.0,23.0,0.0,9.0,66.7,14.2,56.9,0.0,0.0,0.0,Yes,No,No,No,No,Yes,No,0,0,0,0,0,0,0,0,0,4,0,0,0,0,0,0,0,0,0,0,0,0,0,0,0,0,0,0,0,0,2725,5463,5232,318,16.0,68,0.297,48.825,600.0,2394.0,0.2,0.0,0.0,0.0,0.0,0.0,0.0,0.0,0.0,2,16190,2,No,No,No,No,No,No,No,No,16.703,68.277,100.0,0.000,24.1,120,0,0,7.9,120.1,136.3,103.6,102.8,103.1,102.7,120.1,159.0,98.4,95.8,96.6,95.5,8.33,9.68,7.31,6.81,9.73,9.78,5.54,2.79,8.00,0.33,0.68,1446,246,2.8,7.2,0,0,0.0,0.0,0,
11.6.2026,17:29:19.329,25441,23327,52.1,20010,12373,61.7,10.9,16384,1790,1.180,1.201,1.196,1.176,1.181,1.191,1.161,1.157,1.197,1.167,1.167,1.167,1.167,1.202,1.192,1.061,0.781,3733.7,4489.0,4489.0,4489.0,4489.0,4489.0,4489.0,1895.4,3591.2,3591.2,3591.2,1895.4,3591.2,3591.2,3591.2,99.8,3890.5,1305.8,2358.3,1125.8,2063.1,1121.3,1682.3,2472.1,2288.2,2087.9,1645.1,907.1,1297.2,1395.3,767.1,652.5,687.9,724.2,673.5,662.6,752.0,752.9,1454.7,31.6,54.1,25.5,46.9,25.7,37.7,55.6,51.1,46.7,38.4,20.6,30.0,32.1,22.8,19.0,20.3,21.1,19.9,19.2,22.3,22.8,55.6,31.6,100.0,55.9,92.5,44.2,80.2,44.3,65.9,96.2,89.7,81.0,64.1,35.2,50.6,54.4,43.1,37.1,38.8,40.9,38.0,37.8,42.2,42.5,55.9,37.4,45.0,45.0,45.0,45.0,45.0,45.0,19.0,36.0,36.0,36.0,19.0,36.0,36.0,36.0,39.0,71,73,72,75,75,75,70,71,71,71,71,68,68,68,68,29,27,28,25,25,25,30,29,29,29,29,32,32,32,32,82,75,No,No,No,No,No,No,No,No,No,No,No,No,No,No,No,No,No,No,No,No,No,No,No,No,No,No,No,No,No,No,No,No,No,No,No,No,No,No,No,No,No,No,No,No,No,No,No,No,81,78,68,1.100,27.844,49.097,41.512,0.003,5.684,0.766,175.0,170.0,175.0,175.0,0,0.0,0.0,31.6,53.8,25.4,46.8,25.6,37.7,55.3,51.1,46.6,38.3,20.5,30.0,32.1,22.8,19.1,20.3,21.1,20.2,19.2,22.3,22.8,28.2,32.6,38.0,19.1,14.6,47.6,47.1,35.1,13.4,22.4,28.3,17.9,14.4,44.6,20.0,27.5,0.0,0.0,0.0,0.0,0.0,0.0,36.4,60.5,50.6,44.4,55.0,59.2,28.1,50.5,0.2,0.0,0.7,0.0,0.0,0.4,0.0,2394.1,24.00,36,35,35,68,103,383,2,2,Yes,No,No,No,No,No,No,No,No,No,Yes,No,No,No,No,No,No,No,No,No,No,No,No,No,No,No,No,No,No,No,No,No,No,No,No,No,No,No,84.0,5040,4500,5100,68.0,1.110,1.110,1.800,1.800,1.005,5.110,1.250,No,No,No,68.0,1.110,1.110,1.800,1.800,1.005,5.110,1.500,No,No,No,41,41,94.0,100.0,No,No,32291,48158,37,70,99.0,100.0,No,No,1856,3314,0.3,1.7,2.0,0.064,0.254,62650,43662,0.6,0.0,0.6,3.550,0.000,35103,12253,74.5,74.0,81.6,83.0,0.875,20.498,20.490,20.506,62.407,37.155,44.066,14.916,59.179,3.000,17.877,90.871,30.172,100.000,140.000,2250.0,2200.2,1890.0,2229.7,1905.0,60.0,23.0,0.0,9.0,66.7,14.0,56.2,0.0,0.0,0.0,Yes,No,No,No,No,Yes,No,0,0,0,0,0,0,0,0,0,4,0,0,0,0,0,0,0,0,0,0,0,0,0,0,0,0,0,0,0,0,2725,5463,5232,318,16.0,68,0.300,50.841,600.0,2394.0,0.1,0.0,0.0,0.0,0.0,0.0,0.0,0.0,0.0,2,16190,2,No,No,No,No,No,No,No,No,16.704,68.277,100.0,0.000,24.1,120,0,0,8.1,120.0,136.9,110.6,107.7,108.8,107.4,120.0,139.2,106.6,105.5,105.9,105.4,8.33,9.05,7.28,7.20,9.20,9.32,5.44,2.89,8.02,0.32,0.58,1446,246,1.7,5.3,0,0,0.0,0.0,0,
11.6.2026,17:29:20.324,25440,23328,52.1,20014,12370,61.8,10.9,16384,1790,1.156,1.227,1.147,1.147,1.112,1.180,1.160,1.190,1.175,1.175,1.160,1.125,1.124,1.129,1.129,1.041,0.781,3876.2,4389.3,4389.3,4389.3,4389.3,4389.3,4389.3,3491.5,3491.5,3491.5,3491.5,3491.5,3491.5,3491.5,3491.5,99.8,3790.7,1272.4,2294.5,1127.4,1758.4,1137.5,1754.3,2399.4,2280.4,2111.5,1693.3,705.9,1284.3,1380.9,673.5,662.0,692.5,666.9,662.2,636.3,764.5,762.5,1413.9,30.7,52.8,25.4,40.4,26.1,39.4,54.3,51.3,47.3,39.8,15.9,29.8,31.6,19.8,19.1,19.9,19.0,19.1,18.2,22.4,22.9,54.3,30.7,100.0,54.5,90.3,44.2,68.3,44.5,68.6,93.5,89.7,82.0,65.9,27.5,50.2,53.8,38.0,37.3,39.1,38.0,37.4,36.0,42.4,42.7,54.5,38.9,44.0,44.0,44.0,44.0,44.0,44.0,35.0,35.0,35.0,35.0,35.0,35.0,35.0,35.0,38.0,70,74,73,74,72,71,70,69,69,69,69,68,68,68,68,30,26,27,26,28,29,30,31,31,31,31,32,32,32,32,81,74,No,No,No,No,No,No,No,No,No,No,No,No,No,No,No,No,No,No,No,No,No,No,No,No,No,No,No,No,No,No,Yes,Yes,Yes,Yes,Yes,Yes,Yes,Yes,Yes,Yes,Yes,Yes,Yes,Yes,Yes,No,No,Yes,81,74,68,1.100,32.907,46.299,39.074,0.003,5.670,0.761,175.0,175.0,175.0,175.0,0,0.0,0.0,30.9,52.6,25.6,40.4,26.3,39.5,54.0,51.3,47.5,39.9,16.0,29.9,31.8,20.0,19.4,20.3,19.4,19.3,18.5,22.7,23.2,28.6,33.1,42.9,18.2,13.7,49.4,46.9,22.6,22.8,28.5,15.9,23.3,19.1,47.2,17.0,27.9,0.0,0.0,0.0,0.0,0.0,0.0,50.8,51.5,45.0,57.6,51.1,55.8,25.6,52.9,0.1,0.0,0.1,0.0,0.0,0.3,0.1,2394.1,24.00,36,35,35,68,103,383,2,2,Yes,No,No,No,No,No,No,No,Yes,No,Yes,No,No,Yes,No,No,No,No,No,No,No,Yes,No,No,No,No,No,Yes,No,No,No,No,No,No,No,Yes,No,No,85.0,5100,4500,5040,68.0,1.095,1.110,1.800,1.800,1.005,5.110,1.250,No,No,No,68.0,1.095,1.110,1.800,1.800,1.005,5.110,2.625,No,No,No,41,41,94.0,100.0,No,No,32291,48158,37,70,99.0,100.0,No,No,1856,3314,0.0,0.9,0.9,0.000,0.092,62650,43662,0.1,0.0,0.1,0.064,0.000,35103,12253,75.7,74.0,84.2,83.0,0.875,20.510,20.502,20.518,62.177,26.320,44.362,14.987,59.563,3.000,17.944,12.276,32.109,100.000,140.000,2250.0,2200.2,1890.0,2229.2,1905.0,60.0,23.0,0.0,9.0,66.7,13.9,55.5,0.0,0.0,0.0,Yes,No,No,No,No,Yes,No,0,0,0,0,0,0,0,0,0,4,0,0,0,0,0,0,0,0,0,0,0,0,0,0,0,0,0,0,0,0,2725,5463,5232,318,16.0,68,0.300,44.864,600.0,2394.0,0.2,0.0,0.0,0.0,0.0,0.0,0.0,0.0,0.0,2,16190,2,No,No,No,No,No,No,No,No,16.704,68.277,100.0,0.000,24.1,120,0,0,8.3,119.9,137.2,104.4,97.1,100.1,96.2,119.8,141.3,101.6,98.3,99.5,98.0,8.34,9.68,7.26,7.22,10.05,10.40,5.42,2.93,8.02,0.32,0.55,1446,246,2.0,7.5,0,0,0.0,0.0,0,
11.6.2026,17:29:21.324,25439,23328,52.1,20012,12372,61.7,10.9,16384,1790,1.192,1.168,1.134,1.212,1.201,1.191,1.201,1.211,1.216,1.196,1.221,1.188,1.183,1.198,1.163,1.041,0.778,3762.2,4389.3,4389.3,4389.3,4389.3,4389.3,4389.3,1895.4,3491.5,3491.5,3491.5,3491.5,3491.5,3491.5,3491.5,99.8,3790.7,1255.2,2288.8,1097.4,1912.9,1134.7,2171.1,2160.3,1951.2,2157.4,1518.6,805.2,1263.5,1342.8,629.6,644.1,704.3,666.4,651.2,589.8,673.1,742.0,1403.0,30.0,52.7,24.2,43.8,25.4,48.9,49.0,44.1,48.6,35.5,17.8,28.9,30.6,17.8,18.2,20.1,18.9,18.5,16.4,19.1,21.5,52.7,30.0,100.0,53.7,89.7,43.0,74.2,44.4,84.0,84.7,75.9,84.6,59.2,31.4,49.2,52.6,36.0,36.9,40.0,38.3,36.8,33.5,37.8,41.6,53.7,37.7,44.0,44.0,44.0,44.0,44.0,44.0,19.0,35.0,35.0,35.0,35.0,35.0,35.0,35.0,38.0,70,74,71,75,72,69,69,68,68,68,68,70,70,70,70,30,26,29,25,28,31,31,32,32,32,32,30,30,30,30,81,75,No,No,No,No,No,No,No,No,No,No,No,No,No,No,No,No,No,No,No,No,No,No,No,No,No,No,No,No,No,No,Yes,Yes,Yes,Yes,Yes,Yes,Yes,Yes,Yes,Yes,Yes,Yes,Yes,Yes,Yes,No,No,Yes,82,75,68,1.100,50.626,48.698,41.456,0.002,5.669,0.762,175.0,175.0,175.0,175.0,0,0.0,0.0,30.8,53.0,25.2,44.4,26.3,49.6,49.3,44.6,49.2,36.2,18.7,29.7,31.4,18.9,19.3,21.2,19.9,19.6,17.6,20.2,22.6,22.8,33.6,39.1,14.6,16.7,50.4,48.1,10.1,9.0,15.2,15.0,14.2,6.1,27.3,19.9,33.3,0.0,0.0,0.2,0.2,0.0,0.0,63.4,64.1,56.7,57.6,59.2,68.7,46.0,50.5,0.1,0.0,0.1,0.0,0.0,0.3,0.0,2394.1,24.00,36,35,35,68,103,383,2,2,Yes,No,No,No,No,No,No,No,Yes,No,No,No,No,Yes,No,No,No,No,No,No,No,Yes,No,No,No,No,No,No,No,No,No,No,No,No,No,No,No,No,84.0,5040,4500,5100,68.0,1.095,1.110,1.800,1.800,1.005,5.110,1.750,No,No,No,68.0,1.095,1.110,1.800,1.800,1.005,5.110,1.500,No,No,No,41,41,94.0,100.0,No,No,32291,48158,37,70,99.0,100.0,No,No,1856,3314,0.0,0.8,0.8,0.000,0.224,62650,43663,0.0,0.0,0.0,0.000,0.000,35103,12253,75.4,74.0,83.6,83.0,0.875,20.505,20.497,20.512,62.302,34.225,44.372,14.984,59.567,3.000,17.951,69.010,30.695,100.000,140.000,2250.0,2200.2,1890.0,2228.7,1905.0,60.0,23.0,0.0,9.0,66.7,13.9,55.7,0.0,0.0,0.0,Yes,No,No,No,No,Yes,No,0,0,0,0,0,0,0,0,0,4,0,0,0,0,0,0,0,0,0,0,0,0,0,0,0,0,0,0,0,0,2725,5463,5232,318,16.0,68,0.300,48.186,600.0,2394.0,0.1,0.0,0.0,0.0,0.0,0.0,0.0,0.0,0.0,2,16190,2,No,No,No,No,No,No,No,No,16.704,68.277,100.0,0.000,24.1,120,0,0,7.9,120.0,141.3,109.1,108.1,108.4,107.9,120.0,137.3,106.9,105.5,106.0,105.3,8.33,9.18,7.07,6.97,9.23,9.27,5.40,2.93,8.01,0.32,0.51,1446,246,2.5,7.5,0,0,0.0,0.0,0,
11.6.2026,17:29:22.324,25445,23323,52.1,20016,12367,61.8,10.9,16384,1790,1.156,1.181,1.150,1.150,1.150,1.145,1.145,1.170,1.155,1.155,1.160,1.160,1.160,1.150,1.158,1.041,0.781,3876.2,4389.3,4389.3,4389.3,4389.3,4389.3,4389.3,3491.5,3491.5,3491.5,3491.5,3491.5,3491.5,3491.5,3491.5,99.8,3790.7,1268.0,2342.5,1088.5,1852.4,1105.7,2108.4,2228.8,1798.4,2454.3,1624.9,697.3,1354.7,1392.8,612.0,624.5,699.7,693.8,575.8,630.2,700.4,775.2,1417.4,30.9,54.4,24.7,42.9,25.4,48.0,50.6,40.9,55.6,38.5,16.0,31.5,32.2,17.9,18.1,20.7,20.3,16.8,18.3,20.8,23.7,55.6,30.9,100.0,54.2,92.0,42.7,71.9,43.4,81.7,87.1,70.2,96.4,63.2,27.1,52.6,54.4,34.8,35.4,39.5,39.3,33.0,36.3,39.4,43.7,54.1,38.9,44.0,44.0,44.0,44.0,44.0,44.0,35.0,35.0,35.0,35.0,35.0,35.0,35.0,35.0,38.0,71,72,73,75,72,72,71,69,69,69,69,70,70,70,70,29,28,27,25,28,28,29,31,31,31,31,30,30,30,30,79,75,No,No,No,No,No,No,No,No,No,No,No,No,No,No,No,No,No,No,No,No,No,No,No,No,No,No,No,No,No,No,Yes,Yes,Yes,Yes,Yes,Yes,Yes,Yes,Yes,Yes,Yes,Yes,Yes,Yes,Yes,No,No,Yes,82,80,68,1.100,54.845,46.457,39.238,0.002,5.667,0.761,175.0,175.0,175.0,175.0,0,0.0,0.0,31.0,54.1,24.9,42.9,25.5,47.8,50.6,40.8,55.7,38.6,16.0,31.6,32.3,18.1,18.4,21.0,20.6,17.0,18.5,21.1,23.8,23.5,32.5,41.6,15.3,15.5,50.6,45.2,13.2,10.9,21.3,16.1,5.8,10.7,23.9,26.5,32.6,0.0,0.0,0.0,0.0,0.0,0.0,61.3,63.4,51.2,55.9,69.3,63.1,48.5,43.1,0.1,0.0,0.1,0.0,0.2,0.1,0.3,2394.1,24.00,36,35,35,68,103,383,2,2,Yes,No,No,No,No,No,No,No,Yes,No,No,No,No,Yes,No,No,No,No,No,No,No,Yes,No,No,No,No,No,No,No,No,No,No,No,No,No,No,No,No,85.0,5160,4500,5100,68.0,1.095,1.110,1.815,1.800,1.005,5.110,1.875,No,No,No,68.0,1.095,1.110,1.800,1.800,1.005,5.110,2.000,No,No,No,41,41,94.0,100.0,No,No,32291,48158,37,70,99.0,100.0,No,No,1856,3314,0.0,1.5,1.5,0.000,0.042,62650,43663,0.0,0.0,0.0,0.000,0.000,35103,12253,75.3,74.0,84.2,83.0,0.875,20.508,20.500,20.517,62.332,28.340,44.346,14.965,59.560,3.000,17.940,26.998,31.574,100.000,140.000,2250.0,2200.2,1890.0,2228.7,1905.0,60.0,23.0,0.0,9.0,65.6,13.9,55.8,0.0,0.0,0.0,Yes,No,No,No,No,Yes,No,0,0,0,0,0,0,0,0,0,4,0,0,0,0,0,0,0,0,0,0,0,0,0,0,0,0,0,0,0,0,2819,5369,5138,318,16.0,68,0.300,43.791,600.0,2394.0,0.1,0.0,0.0,0.0,0.0,0.0,0.0,0.0,0.0,2,16190,2,No,No,No,No,No,No,No,No,16.703,68.277,100.0,0.000,24.1,120,0,0,9.1,119.9,142.9,104.2,98.2,100.7,97.5,119.9,138.6,107.0,97.2,101.1,96.1,8.34,9.62,6.88,6.28,9.98,10.32,5.41,2.93,8.01,0.33,0.68,1446,246,1.9,7.4,0,0,0.0,0.0,0,
11.6.2026,17:29:23.325,25596,23171,52.4,20055,12329,61.9,10.9,16384,1790,1.081,1.094,1.087,1.087,1.082,1.079,1.079,1.079,1.079,1.079,1.079,1.079,1.069,1.079,1.079,0.958,0.781,3591.2,3990.2,3990.2,3990.2,3990.2,3990.2,3990.2,3291.9,3291.9,3291.9,3291.9,3291.9,3291.9,3291.9,3291.9,99.8,3391.7,1396.7,2481.1,1150.6,1905.7,1236.9,1976.8,2353.3,1620.8,2620.7,1655.5,1072.5,1384.1,1556.3,823.2,848.6,815.2,865.7,844.9,814.9,890.5,1016.0,1522.9,35.6,59.4,27.4,45.5,29.7,46.6,55.7,38.3,61.6,40.1,25.8,33.4,37.5,25.0,26.0,25.1,26.4,25.4,24.5,26.8,31.0,61.6,35.6,100.0,60.4,97.6,45.6,74.0,48.5,76.5,92.2,63.0,102.9,64.4,41.7,53.9,60.9,46.2,47.4,45.4,48.2,47.0,45.8,49.9,56.4,60.4,36.0,40.0,40.0,40.0,40.0,40.0,40.0,33.0,33.0,33.0,33.0,33.0,33.0,33.0,33.0,34.0,71,73,72,71,71,71,70,70,70,70,70,70,70,70,70,29,27,28,29,29,29,30,30,30,30,30,30,30,30,30,81,73,No,No,No,No,No,No,No,No,No,No,No,No,No,No,No,No,No,No,No,No,No,No,No,No,No,No,No,No,No,No,Yes,Yes,Yes,Yes,Yes,Yes,Yes,Yes,Yes,Yes,Yes,Yes,Yes,Yes,Yes,No,No,Yes,82,73,68,1.100,27.844,43.487,36.146,0.002,5.735,0.794,175.0,175.0,175.0,175.0,0,0.0,0.0,35.5,58.9,27.3,45.3,29.7,46.4,55.4,38.1,61.6,40.0,25.8,33.3,37.5,25.1,26.1,25.2,26.4,25.4,24.6,26.8,31.0,31.9,28.3,36.3,14.7,14.3,42.0,40.1,26.3,28.5,27.4,39.2,35.0,32.9,42.3,39.4,19.7,0.0,0.0,0.0,0.0,0.0,0.0,42.8,39.8,41.8,29.4,34.5,37.2,26.0,24.8,0.0,0.0,0.1,0.0,0.0,0.1,0.0,2394.1,24.00,36,35,35,68,103,383,2,2,Yes,No,No,No,No,No,No,No,Yes,No,No,No,No,Yes,No,No,No,No,No,No,No,Yes,No,No,No,No,No,No,No,No,No,No,No,No,No,No,No,No,85.0,5100,4500,5100,68.2,1.095,1.110,1.800,1.800,1.005,5.110,1.500,No,No,No,68.0,1.095,1.110,1.800,1.815,1.005,5.110,2.125,No,No,No,41,41,94.0,100.0,No,No,32291,48158,37,70,99.0,100.0,No,No,1856,3314,0.6,2.3,2.8,0.335,0.071,62651,43663,1.5,0.0,1.5,12.844,0.000,35116,12253,78.3,74.0,87.1,83.0,0.875,20.468,20.455,20.481,63.081,31.584,57.367,16.835,74.468,3.000,19.800,10.587,39.030,100.000,140.000,2250.0,2200.2,1890.0,2227.3,1905.0,87.0,30.0,0.0,11.0,67.5,17.5,69.8,0.0,0.0,0.0,Yes,No,No,No,No,Yes,No,0,0,0,0,0,0,0,0,0,4,0,0,0,0,0,0,0,0,0,0,0,0,0,0,0,0,0,0,0,0,2660,5528,5297,318,16.0,68,0.300,45.034,600.0,2394.0,0.2,0.0,0.0,0.0,0.0,0.0,0.0,0.0,0.0,2,16190,2,No,No,No,No,No,No,No,No,16.703,68.277,100.0,0.000,24.1,119,0,0,6.0,119.1,179.9,82.3,38.9,50.5,36.4,119.1,217.5,78.1,37.6,48.2,35.2,8.40,12.24,5.38,4.94,19.89,27.54,5.82,2.58,8.05,0.35,1.36,1446,246,2.0,8.8,0,0,0.0,0.0,0,
11.6.2026,17:29:24.323,25530,23238,52.3,20050,12334,61.9,10.9,16384,1790,1.077,1.067,1.067,1.082,1.082,1.025,1.070,1.070,1.070,1.070,1.094,1.094,1.094,1.094,1.094,0.958,0.781,3591.2,3990.2,3990.2,3990.2,3990.2,3990.2,3990.2,3291.9,3291.9,3291.9,3291.9,3291.9,3291.9,3291.9,3291.9,99.8,3391.7,1639.8,2482.9,1481.1,2095.2,1544.7,1583.1,2725.3,1595.1,2779.7,1324.3,1982.3,1281.5,2255.2,1181.4,1177.8,1186.1,1262.8,1163.6,1166.0,1168.1,1358.7,1746.2,44.2,63.3,37.2,53.0,38.9,39.8,69.0,40.1,69.8,33.5,50.1,32.6,56.8,36.8,36.6,36.8,39.2,36.1,36.1,36.1,42.8,69.8,44.2,100.0,71.9,97.7,58.1,81.4,60.5,62.0,106.5,62.3,108.7,51.7,77.9,50.1,88.3,65.1,65.2,65.7,69.7,64.1,64.2,64.4,74.7,71.8,36.0,40.0,40.0,40.0,40.0,40.0,40.0,33.0,33.0,33.0,33.0,33.0,33.0,33.0,33.0,34.0,70,72,71,72,71,71,71,69,69,69,69,68,68,68,68,30,28,29,28,29,29,29,31,31,31,31,32,32,32,32,81,72,No,No,No,No,No,No,No,No,No,No,No,No,No,No,No,No,No,No,No,No,No,No,No,No,No,No,No,No,No,No,Yes,Yes,Yes,Yes,Yes,Yes,Yes,Yes,Yes,Yes,Yes,Yes,Yes,Yes,Yes,No,No,Yes,81,71,67,1.100,18.563,43.560,35.997,0.003,5.816,0.837,175.0,175.0,175.0,175.0,0,0.0,0.0,44.3,63.0,37.4,53.1,39.0,39.9,68.7,40.1,70.0,33.7,50.4,32.7,57.2,36.9,36.8,36.9,39.4,36.3,36.3,36.3,42.9,43.3,20.8,25.0,12.5,11.4,32.3,26.7,60.7,60.4,60.6,58.0,61.4,61.3,61.3,53.7,0.1,0.0,0.0,0.0,0.0,0.1,0.1,0.0,0.3,0.0,0.0,0.0,0.0,0.0,0.8,0.0,0.0,0.0,0.0,0.0,0.0,0.0,2394.1,24.00,36,35,35,68,103,383,2,2,Yes,No,No,No,No,No,No,No,Yes,No,No,No,No,Yes,No,No,No,No,No,No,No,Yes,No,No,No,No,No,No,No,No,No,No,No,No,No,No,No,No,85.0,5040,4620,5100,68.2,1.095,1.110,1.800,1.815,1.005,5.110,2.125,No,No,No,68.0,1.095,1.110,1.800,1.815,1.005,5.110,2.375,No,No,No,41,41,94.0,100.0,No,No,32291,48158,36,70,99.0,100.0,No,No,1856,3314,0.0,1.0,1.0,0.000,0.050,62651,43663,0.9,0.0,0.9,9.433,0.000,35125,12253,80.5,76.0,91.4,83.0,0.875,20.456,20.441,20.471,77.040,34.529,61.713,17.723,79.694,3.000,20.695,10.934,47.946,100.000,140.000,2250.0,2200.2,1890.0,2222.2,1905.0,93.0,32.0,0.0,11.0,67.5,20.9,83.5,0.0,0.0,0.0,Yes,No,No,No,No,Yes,No,0,0,0,0,0,0,0,0,0,4,0,0,0,0,0,0,0,0,0,0,0,0,0,0,0,0,0,0,0,0,2658,5530,5299,318,16.0,68,0.300,44.516,600.0,2394.0,0.2,0.0,0.0,0.0,0.0,0.0,0.0,0.0,0.0,2,16190,2,No,No,No,No,No,No,No,No,16.703,68.277,100.0,0.000,24.1,120,0,0,7.2,120.0,151.4,99.7,84.6,90.5,83.0,120.3,169.2,93.8,76.8,83.3,75.0,8.33,10.16,6.67,6.51,11.10,12.01,7.57,0.75,7.95,0.38,0.97,1446,246,1.9,6.9,0,0,0.0,0.0,0,
11.6.2026,17:29:25.318,25524,23243,52.3,20049,12335,61.9,10.9,16384,1790,1.088,1.102,1.091,1.098,1.098,1.108,1.108,1.088,1.088,1.088,1.078,1.078,1.078,1.068,1.068,0.958,0.781,3591.2,3990.2,3990.2,3990.2,3990.2,3990.2,3990.2,3291.9,3291.9,3291.9,3291.9,3291.9,3291.9,3291.9,3291.9,99.8,3391.7,1711.8,2528.5,1583.9,2169.8,1574.1,1776.8,2608.1,1689.8,2816.5,1466.6,2069.4,1443.2,2249.2,1253.8,1217.8,1263.2,1294.8,1259.3,1298.6,1259.4,1413.9,1812.9,46.3,64.5,40.1,55.0,39.9,44.9,66.2,42.7,71.0,37.4,52.4,36.6,57.1,39.0,37.9,39.5,40.3,39.0,40.2,38.9,44.4,71.0,46.3,100.0,75.1,99.2,61.9,84.4,61.6,69.3,101.8,66.1,109.8,57.2,81.0,56.5,88.5,69.0,67.1,69.3,71.3,69.3,71.5,69.1,77.7,75.1,36.0,40.0,40.0,40.0,40.0,40.0,40.0,33.0,33.0,33.0,33.0,33.0,33.0,33.0,33.0,34.0,69,72,70,71,70,71,70,69,69,69,69,68,68,68,68,31,28,30,29,30,29,30,31,31,31,31,32,32,32,32,82,72,No,No,No,No,No,No,No,No,No,No,No,No,No,No,No,No,No,No,No,No,No,No,No,No,No,No,No,No,No,No,Yes,Yes,Yes,Yes,Yes,Yes,Yes,Yes,Yes,Yes,Yes,Yes,Yes,Yes,Yes,No,No,Yes,81,73,68,1.100,39.657,42.691,35.070,0.002,5.859,0.866,175.0,175.0,175.0,175.0,0,0.0,0.0,46.3,64.0,40.0,55.0,39.9,44.9,65.7,42.6,71.1,37.3,52.6,36.7,57.2,38.9,37.9,39.4,40.3,39.0,40.2,39.0,44.4,41.5,18.7,23.9,11.7,9.5,29.2,26.0,58.7,59.7,58.3,57.2,58.6,57.3,58.7,52.9,0.0,0.0,0.0,0.0,0.0,0.0,0.0,0.0,0.1,0.0,0.0,0.0,0.1,0.0,0.1,0.0,0.0,0.1,0.0,0.0,0.0,0.0,2394.1,24.00,36,35,35,68,103,383,2,2,Yes,No,No,No,No,No,No,No,Yes,No,No,No,No,Yes,No,No,No,No,No,No,No,Yes,No,No,No,No,No,No,No,No,No,No,No,No,No,No,No,No,84.0,5040,4740,5100,68.2,1.095,1.110,1.800,1.815,1.005,5.110,2.875,No,No,No,68.0,1.095,1.110,1.800,1.815,1.005,5.110,1.750,No,No,No,41,41,94.0,100.0,No,No,32291,48158,37,70,99.0,100.0,No,No,1856,3314,0.1,3.0,3.1,0.016,0.116,62651,43663,0.5,0.0,0.5,2.387,0.000,35127,12253,77.3,74.0,85.4,83.0,0.875,20.462,20.449,20.475,81.504,42.791,56.298,16.707,73.300,3.000,19.672,96.705,33.855,100.000,140.000,2250.0,2200.2,1890.0,2219.7,1905.0,82.0,29.0,0.0,12.0,68.4,20.7,82.9,0.0,0.0,0.0,Yes,No,No,No,No,Yes,No,0,0,0,0,0,0,0,0,0,4,0,0,0,0,0,0,0,0,0,0,0,0,0,0,0,0,0,0,0,0,2584,5604,5372,318,16.0,68,0.300,42.979,600.0,2394.0,0.1,0.0,0.0,0.0,0.0,0.0,0.0,0.0,0.0,2,16190,2,No,No,No,No,No,No,No,No,16.703,68.277,100.0,0.000,24.1,120,0,0,9.4,119.8,148.7,101.8,95.5,98.1,94.8,119.8,151.7,100.4,98.0,98.9,97.7,8.35,9.90,6.70,6.36,10.23,10.56,8.00,0.35,7.96,0.39,0.80,1446,246,1.7,9.2,0,0,0.0,0.0,0,
11.6.2026,17:29:26.317,25659,23109,52.6,20084,12300,62.0,10.9,16384,1790,1.207,1.188,1.188,1.188,1.236,1.201,1.200,1.210,1.210,1.200,1.210,1.195,1.220,1.210,1.250,1.061,0.781,3854.9,4489.0,4489.0,4489.0,4489.0,4489.0,4489.0,3591.2,3591.2,1895.4,3591.2,3591.2,3591.2,3591.2,3591.2,99.8,3890.5,1529.6,2263.3,1480.7,1927.2,1412.9,1708.5,2578.7,1782.6,2642.8,1552.1,1490.3,1358.4,1829.9,1039.2,1080.1,1017.2,1073.1,1043.0,1032.9,1084.7,1194.1,1639.8,41.0,57.0,37.2,48.5,35.4,42.5,63.9,44.5,65.2,38.9,38.0,34.1,46.1,32.4,34.1,31.9,33.6,32.6,32.2,34.1,38.0,65.2,41.0,100.0,67.1,89.3,58.2,75.4,55.5,66.9,100.4,69.7,103.2,60.5,58.7,53.2,71.9,58.0,60.3,56.9,60.1,58.2,57.8,60.7,66.6,67.1,38.6,45.0,45.0,45.0,45.0,45.0,45.0,36.0,36.0,19.0,36.0,36.0,36.0,36.0,36.0,39.0,70,74,70,74,71,70,69,68,69,69,69,68,68,68,68,30,26,30,26,29,30,31,32,31,31,31,32,32,32,32,81,74,No,No,No,No,No,No,No,No,No,No,No,No,No,No,No,No,No,No,No,No,No,No,No,No,No,No,No,No,No,No,Yes,Yes,Yes,Yes,Yes,Yes,Yes,Yes,Yes,Yes,Yes,Yes,Yes,Yes,Yes,No,No,Yes,82,75,68,1.100,66.657,43.047,35.574,0.002,5.782,0.820,175.0,175.0,175.0,175.0,0,0.0,0.0,40.9,56.5,37.2,48.4,35.4,42.4,63.6,44.3,65.1,38.9,37.8,34.0,46.1,32.3,34.0,31.9,33.6,32.6,32.2,34.0,37.9,34.0,25.9,31.0,12.3,11.3,36.3,34.0,40.2,37.7,42.4,39.9,43.9,41.2,41.5,37.9,12.2,0.0,0.0,0.0,0.0,0.0,0.0,23.1,23.8,21.3,21.8,19.3,22.4,19.9,19.6,0.0,0.0,0.0,0.0,0.0,0.0,0.0,2394.1,24.00,36,35,35,68,103,383,2,2,Yes,No,No,No,No,No,No,No,Yes,No,Yes,No,No,Yes,No,No,No,No,No,No,No,Yes,No,No,No,No,No,No,No,No,No,No,No,No,No,No,No,No,86.0,5040,4740,5160,68.2,1.095,1.110,1.800,1.815,1.005,5.110,1.375,No,No,No,68.2,1.095,1.110,1.800,1.815,1.005,5.110,1.750,No,No,No,41,41,94.0,100.0,No,No,32291,48158,37,70,99.0,100.0,No,No,1856,3314,1.5,1.1,2.6,0.298,0.074,62651,43663,9.1,0.0,9.1,103.379,0.000,35227,12253,74.8,74.0,81.8,83.0,0.875,20.510,20.502,20.518,70.171,36.373,44.237,14.905,59.360,3.000,17.870,83.434,31.804,100.000,140.000,2250.0,2200.2,1890.0,2228.1,1905.0,56.0,23.0,0.0,8.0,67.0,13.2,52.7,0.0,0.0,0.0,Yes,No,No,No,No,Yes,No,0,0,0,0,0,0,0,0,0,4,0,0,0,0,0,0,0,0,0,0,0,0,0,0,0,0,0,0,0,0,2703,5485,5253,318,16.0,68,0.297,42.275,600.0,2394.0,0.2,0.0,0.0,0.0,0.0,0.0,0.0,0.0,0.0,2,16190,2,No,No,No,No,No,No,No,No,16.703,68.277,100.0,0.000,24.1,116,0,0,8.2,116.3,181.0,65.6,63.7,64.4,63.5,116.4,187.3,69.9,55.2,60.8,53.8,8.60,15.29,5.49,4.90,15.55,15.79,6.08,2.51,8.22,0.38,1.52,1446,246,5.7,12.9,0,0,0.0,0.0,0,
11.6.2026,17:29:27.318,25509,23258,52.3,20084,12300,62.0,10.9,16384,1790,1.169,1.218,1.173,1.178,1.166,1.151,1.166,1.156,1.191,1.151,1.151,1.171,1.171,1.176,1.146,1.061,0.781,3854.9,4489.0,4489.0,4489.0,4489.0,4489.0,4489.0,3591.2,3591.2,3591.2,3591.2,3591.2,3591.2,1895.4,3591.2,99.8,3890.5,1176.5,2109.8,1079.2,1188.8,1566.5,1906.7,2299.7,1814.8,2272.6,1565.7,670.3,1202.8,1254.3,551.2,551.2,559.5,589.4,581.4,540.5,566.3,660.2,1323.9,28.3,48.4,24.4,27.0,35.8,42.6,51.7,40.7,50.8,36.8,15.1,27.7,28.9,15.9,16.2,16.4,17.3,17.5,15.6,16.5,20.3,51.7,28.3,100.0,50.1,83.1,42.4,46.4,61.2,74.0,89.8,70.4,89.1,61.2,26.0,46.8,49.2,31.6,31.4,31.9,33.5,33.0,30.7,32.3,37.2,50.1,38.6,45.0,45.0,45.0,45.0,45.0,45.0,36.0,36.0,36.0,36.0,36.0,36.0,19.0,36.0,39.0,70,76,72,75,71,69,70,69,69,69,69,68,68,68,68,30,24,28,25,29,31,30,31,31,31,31,32,32,32,32,79,76,No,No,No,No,No,No,No,No,No,No,No,No,No,No,No,No,No,No,No,No,No,No,No,No,No,No,No,No,No,No,Yes,Yes,Yes,Yes,Yes,Yes,Yes,Yes,Yes,Yes,Yes,Yes,Yes,Yes,Yes,No,No,Yes,82,77,68,1.100,75.939,45.655,38.873,0.002,5.616,0.729,175.0,175.0,175.0,175.0,0,0.0,0.0,28.3,48.2,24.5,26.9,35.9,42.6,51.4,40.6,50.8,36.8,15.1,27.8,28.9,16.1,16.4,16.6,17.4,17.7,15.8,16.7,20.5,22.7,37.5,43.8,16.6,17.9,52.5,50.6,9.6,9.2,10.6,19.7,9.8,8.7,16.5,15.0,36.4,0.0,0.0,0.2,0.0,0.0,0.0,67.2,67.4,65.8,56.3,65.7,68.9,60.1,57.8,0.1,0.0,0.3,0.0,0.0,0.0,0.0,2394.1,24.00,36,35,35,68,103,383,2,2,Yes,No,No,No,No,No,No,No,Yes,No,Yes,No,No,Yes,No,No,No,No,No,No,No,Yes,No,No,No,No,No,No,No,No,No,No,No,No,No,No,No,No,86.0,5100,4920,5100,68.2,1.095,1.110,1.800,1.815,1.005,5.110,1.250,No,No,No,68.2,1.095,1.110,1.800,1.815,1.005,5.110,1.375,No,No,No,41,41,94.0,100.0,No,No,32291,48158,37,70,99.0,100.0,No,No,1856,3314,0.8,1.2,2.0,0.082,0.062,62651,43663,2.4,0.0,2.4,13.361,0.000,35240,12253,75.0,74.0,82.4,83.0,0.875,20.502,20.494,20.511,62.040,27.179,45.102,15.227,60.569,3.000,18.193,16.971,31.189,100.000,140.000,2250.0,2200.2,1890.0,2229.3,1905.0,57.0,24.0,0.0,8.0,67.1,13.1,52.2,0.0,0.0,0.0,Yes,No,No,No,No,Yes,No,0,0,0,0,0,0,0,0,0,4,0,0,0,0,0,0,0,0,0,0,0,0,0,0,0,0,0,0,0,0,2691,5497,5266,318,16.0,68,0.300,46.012,600.0,2394.0,0.2,0.0,0.0,0.0,0.0,0.0,0.0,0.0,0.0,2,16190,2,No,No,No,No,No,No,No,No,16.703,68.277,100.0,0.000,24.1,120,0,0,7.8,120.0,149.0,102.8,101.3,101.8,101.1,120.1,152.6,100.7,98.4,99.3,98.1,8.33,9.71,6.69,5.94,9.87,10.02,5.14,3.19,8.02,0.32,0.73,1446,246,3.1,3.8,0,0,0.0,0.0,0,
11.6.2026,17:29:28.317,25533,23235,52.3,20098,12286,62.0,10.9,16384,1790,1.187,1.230,1.165,1.210,1.185,1.175,1.175,1.215,1.215,1.195,1.174,1.164,1.174,1.174,1.159,1.061,0.778,3976.0,4489.0,4489.0,4489.0,4489.0,4489.0,4489.0,3591.2,3591.2,3591.2,3591.2,3591.2,3591.2,3591.2,3591.2,99.8,3890.5,1169.1,2131.7,1026.7,1005.3,1706.4,1915.1,2168.3,2429.5,1749.0,1628.1,504.7,1259.2,1227.8,553.1,574.2,573.0,557.5,542.5,588.8,550.7,690.9,1313.1,28.3,49.1,23.2,22.7,39.2,42.9,48.7,54.3,39.0,38.3,11.3,29.1,28.2,16.7,17.7,17.3,17.1,15.8,17.3,16.1,21.1,54.3,28.3,100.0,49.8,83.9,40.3,39.1,66.9,74.3,84.9,94.4,68.6,63.6,19.6,49.3,48.3,31.6,32.6,32.5,31.7,30.9,33.3,31.4,38.7,49.8,39.9,45.0,45.0,45.0,45.0,45.0,45.0,36.0,36.0,36.0,36.0,36.0,36.0,36.0,36.0,39.0,70,74,71,75,74,70,70,68,68,68,68,68,68,68,68,30,26,29,25,26,30,30,32,32,32,32,32,32,32,32,79,75,No,No,No,No,No,No,No,No,No,No,No,No,No,No,No,No,No,No,No,No,No,No,No,No,No,No,No,No,No,No,Yes,Yes,Yes,Yes,Yes,Yes,Yes,Yes,Yes,Yes,Yes,Yes,Yes,Yes,Yes,No,No,Yes,81,77,68,1.100,33.751,44.051,36.515,0.001,5.621,0.726,175.0,175.0,175.0,175.0,0,0.0,0.0,28.3,48.8,23.2,22.6,39.2,42.9,48.3,54.2,39.0,38.3,11.3,29.1,28.3,16.9,17.8,17.6,17.2,16.0,17.5,16.3,21.3,21.5,37.5,43.9,19.9,15.4,54.2,50.7,8.2,8.5,10.8,10.7,8.9,5.6,17.1,9.9,37.5,0.0,0.0,0.0,0.3,0.0,0.0,67.7,66.7,64.7,65.1,68.1,70.1,60.0,62.0,0.1,0.0,0.4,0.2,0.0,0.0,0.0,2394.1,24.00,36,35,35,68,103,383,2,2,Yes,No,No,No,No,No,No,No,Yes,No,Yes,No,No,Yes,No,No,No,No,No,No,No,Yes,No,No,No,No,No,Yes,No,No,No,No,No,No,No,Yes,No,No,86.0,5100,5040,5160,68.5,1.095,1.110,1.815,1.815,1.005,5.110,2.000,No,No,No,68.2,1.095,1.110,1.800,1.815,1.005,5.110,1.875,No,No,No,41,41,94.0,100.0,No,No,32291,48158,37,70,99.0,100.0,No,No,1856,3314,1.7,0.2,1.9,0.219,0.053,62651,43663,1.7,0.0,1.7,12.791,0.000,35252,12253,74.5,74.0,81.5,83.0,0.875,20.504,20.495,20.512,63.169,26.931,42.094,14.757,57.106,3.000,17.713,16.188,37.661,100.000,140.000,2250.0,2200.2,1890.0,2228.9,1905.0,56.0,24.0,0.0,8.0,67.0,13.2,52.7,0.0,0.0,0.0,Yes,No,No,No,No,Yes,No,0,0,0,0,0,0,0,0,0,4,0,0,0,0,0,0,0,0,0,0,0,0,0,0,0,0,0,0,0,0,2703,5485,5254,318,16.0,68,0.300,42.869,600.0,2394.0,0.1,0.0,0.0,0.0,0.0,0.0,0.0,0.0,0.0,2,16190,2,No,No,No,No,No,No,No,No,16.704,68.277,100.0,0.000,24.1,120,0,0,8.0,120.0,142.1,100.2,95.1,97.1,94.5,120.0,146.3,100.4,91.0,94.6,89.9,8.34,10.03,7.01,6.31,10.32,10.57,5.23,3.11,8.02,0.32,0.79,1446,246,10.9,7.0,0,0,0.0,0.0,0,
11.6.2026,17:29:29.328,25553,23214,52.3,20106,12278,62.0,10.9,16384,1790,1.196,1.164,1.214,1.238,1.176,1.181,1.196,1.221,1.211,1.201,1.186,1.176,1.201,1.186,1.196,1.061,0.781,3712.3,4489.0,4489.0,4489.0,4489.0,798.0,4489.0,3591.2,3591.2,3591.2,3591.2,3591.2,3591.2,3591.2,3591.2,99.8,3890.5,1211.2,2182.8,1087.0,1358.5,1452.2,2127.9,2020.1,2532.0,1619.4,1677.8,587.2,1326.0,1221.6,598.7,568.2,600.5,701.5,622.3,609.9,636.1,694.8,1353.8,29.4,50.2,24.8,31.2,33.5,47.9,45.5,57.0,36.6,39.5,13.6,30.7,28.3,17.8,17.0,17.9,20.8,18.5,18.0,19.0,21.4,57.0,29.4,100.0,51.9,86.0,42.7,52.8,56.8,82.6,78.9,98.6,63.7,65.6,22.9,51.6,48.1,34.1,32.4,34.4,39.8,35.1,35.3,36.5,39.2,51.9,37.2,45.0,45.0,45.0,45.0,8.0,45.0,36.0,36.0,36.0,36.0,36.0,36.0,36.0,36.0,39.0,70,74,70,75,72,71,71,69,69,69,69,68,68,68,68,30,26,30,25,28,29,29,31,31,31,31,32,32,32,32,81,75,No,No,No,No,No,No,No,No,No,No,No,No,No,No,No,No,No,No,No,No,No,No,No,No,No,No,No,No,No,No,Yes,Yes,Yes,Yes,Yes,Yes,Yes,Yes,Yes,Yes,Yes,Yes,Yes,Yes,Yes,No,No,Yes,81,75,68,1.100,39.657,45.900,38.757,0.002,5.638,0.743,175.0,175.0,175.0,175.0,0,0.0,0.0,29.2,49.7,24.6,30.9,33.3,47.8,45.1,56.7,36.3,39.3,13.2,30.5,28.1,17.7,16.9,17.7,20.7,18.4,17.9,18.9,21.2,27.7,35.2,42.7,18.5,15.8,51.5,48.6,19.1,13.8,22.4,33.2,30.6,14.7,22.7,19.5,30.3,0.0,0.0,0.0,0.0,0.0,0.0,56.5,62.7,53.4,40.5,45.4,60.4,51.8,52.9,0.0,0.0,0.1,0.1,0.0,0.0,0.0,2394.1,24.00,36,35,35,68,103,383,2,2,Yes,No,No,No,No,No,No,No,Yes,No,Yes,No,No,Yes,No,No,No,No,No,No,No,Yes,No,No,No,No,No,Yes,No,No,No,No,No,No,No,Yes,No,No,85.0,5100,4980,5100,68.5,1.095,1.110,1.800,1.800,1.005,5.110,2.500,No,No,No,68.2,1.095,1.110,1.800,1.815,1.005,5.110,1.250,No,No,No,41,41,94.0,100.0,No,No,32291,48158,37,70,99.0,100.0,No,No,1856,3314,0.6,1.8,2.4,0.088,0.031,62651,43663,1.3,0.0,1.3,7.881,0.000,35260,12253,74.5,74.0,81.4,83.0,0.875,20.498,20.488,20.508,62.837,28.993,45.040,15.469,60.744,3.000,18.426,29.713,30.562,100.000,140.000,2250.0,2200.2,1890.0,2229.3,1905.0,60.0,26.0,0.0,9.0,67.2,13.3,53.3,0.0,0.0,0.0,Yes,No,No,No,No,Yes,No,0,0,0,0,0,0,0,0,0,4,0,0,0,0,0,0,0,0,0,0,0,0,0,0,0,0,0,0,0,0,2682,5506,5274,318,16.0,68,0.297,47.000,600.0,2394.0,0.1,0.0,0.0,0.0,0.0,0.0,0.0,0.0,0.0,2,16190,2,No,No,No,No,No,No,No,No,16.703,68.277,100.0,0.000,24.1,119,0,0,10.3,119.1,196.3,72.4,59.0,63.5,57.8,119.1,219.3,72.3,67.1,68.8,66.7,8.40,13.86,5.05,4.36,15.78,17.34,5.20,3.20,8.08,0.32,1.33,1446,246,4.1,6.6,0,0,0.0,0.0,0,
11.6.2026,17:29:30.327,25560,23207,52.4,20117,12267,62.1,10.9,16384,1790,1.182,1.212,1.167,1.167,1.167,1.177,1.177,1.172,1.177,1.167,1.177,1.177,1.182,1.182,1.245,1.061,0.781,3470.1,4489.0,4489.0,4489.0,4489.0,798.0,4489.0,3591.2,3591.2,3591.2,3591.2,1895.4,3591.2,3591.2,1895.4,99.8,3890.5,1230.2,2258.7,1048.7,1427.9,1428.6,2224.0,1887.6,2219.3,1885.7,1731.4,645.3,1271.8,1386.8,648.6,590.8,645.3,625.7,642.0,630.4,635.5,769.4,1370.4,30.0,52.0,23.9,32.8,33.0,50.7,42.9,50.5,42.6,40.7,14.7,29.6,32.0,19.1,17.3,19.4,18.5,19.2,18.6,18.7,23.6,52.0,30.0,100.0,52.6,88.9,41.2,55.5,55.9,86.8,74.1,86.8,73.6,67.4,25.0,49.7,54.2,36.8,33.6,36.5,35.4,36.5,35.7,36.1,43.0,52.6,34.8,45.0,45.0,45.0,45.0,8.0,45.0,36.0,36.0,36.0,36.0,19.0,36.0,36.0,19.0,39.0,70,73,73,74,74,74,70,69,69,69,69,68,68,68,68,30,27,27,26,26,26,30,31,31,31,31,32,32,32,32,81,74,No,No,No,No,No,No,No,No,No,No,No,No,No,No,No,No,No,No,No,No,No,No,No,No,No,No,No,No,No,No,Yes,Yes,Yes,Yes,Yes,Yes,Yes,Yes,Yes,Yes,Yes,Yes,Yes,Yes,Yes,No,No,Yes,81,75,68,1.100,21.938,45.072,37.829,0.002,5.658,0.752,175.0,175.0,175.0,175.0,0,0.0,0.0,30.0,51.8,23.9,32.8,33.1,50.5,42.6,50.4,42.7,40.8,14.7,29.6,32.0,19.3,17.5,19.5,18.7,19.3,18.7,18.9,24.0,28.8,34.2,41.4,17.5,16.9,48.7,45.9,24.2,19.7,29.4,27.2,23.0,17.4,28.1,29.0,28.3,0.0,0.0,0.2,0.2,0.0,0.0,49.8,56.4,45.0,47.8,51.4,57.4,46.8,41.2,0.1,0.0,0.0,0.2,0.0,0.1,0.3,2394.1,24.00,36,35,35,68,103,383,2,2,Yes,No,No,No,No,No,No,No,Yes,No,Yes,No,No,Yes,No,No,No,No,No,No,No,Yes,No,No,No,No,No,No,No,No,No,No,No,No,No,No,No,No,86.0,5040,5040,5100,68.5,1.095,1.110,1.800,1.815,0.990,5.110,1.000,No,No,No,68.2,1.095,1.110,1.800,1.815,1.005,5.110,1.000,No,No,No,41,41,94.0,100.0,No,No,32291,48158,37,70,99.0,100.0,No,No,1856,3314,0.3,2.4,2.6,0.004,0.318,62651,43663,1.2,0.0,1.2,7.159,0.000,35266,12253,74.9,74.0,82.1,83.0,0.875,20.498,20.489,20.506,63.568,25.968,44.563,15.305,60.103,3.000,18.274,10.100,30.430,100.000,140.000,2250.0,2200.2,1890.0,2228.7,1905.0,59.0,25.0,0.0,9.0,67.2,13.5,54.1,0.0,0.0,0.0,Yes,No,No,No,No,Yes,No,0,0,0,0,0,0,0,0,0,4,0,0,0,0,0,0,0,0,0,0,0,0,0,0,0,0,0,0,0,0,2682,5506,5274,318,16.0,68,0.300,46.424,600.0,2394.0,0.1,0.0,0.0,0.0,0.0,0.0,0.0,0.0,0.0,2,16190,2,No,No,No,No,No,No,No,No,16.704,68.277,100.0,0.000,24.1,120,0,0,8.4,120.1,143.2,100.0,91.9,95.2,90.9,120.1,157.5,97.0,92.2,94.2,91.6,8.33,10.01,6.97,6.35,10.61,11.18,5.33,2.99,8.00,0.33,0.89,1446,246,6.1,8.0,0,0,0.0,0.0,0,
11.6.2026,17:29:31.324,25541,23226,52.3,20112,12271,62.1,10.9,16384,1790,1.170,1.217,1.198,1.163,1.163,1.158,1.163,1.168,1.168,1.168,1.163,1.163,1.163,1.163,1.163,1.041,0.781,3876.2,4389.3,4389.3,4389.3,4389.3,4389.3,4389.3,3491.5,3491.5,3491.5,3491.5,3491.5,3491.5,3491.5,3491.5,99.8,3790.7,1238.8,2174.6,1110.9,1616.0,1191.2,2284.2,1738.7,1826.9,2318.2,1429.7,1018.8,1565.3,958.4,744.5,622.4,695.4,681.8,734.4,659.1,673.4,733.0,1373.6,29.9,50.0,24.5,36.7,26.7,52.2,39.0,41.1,53.1,33.8,22.7,37.0,21.2,21.6,17.2,20.0,19.2,22.1,18.3,19.0,21.6,53.1,29.9,100.0,53.3,85.6,43.5,62.9,46.7,89.4,68.4,71.4,90.3,55.7,39.7,61.0,37.5,41.5,35.5,39.3,38.6,41.4,37.7,37.7,41.6,53.2,38.9,44.0,44.0,44.0,44.0,44.0,44.0,35.0,35.0,35.0,35.0,35.0,35.0,35.0,35.0,38.0,70,72,74,74,72,70,70,69,69,69,69,68,68,68,68,30,28,26,26,28,30,30,31,31,31,31,32,32,32,32,79,74,No,No,No,No,No,No,No,No,No,No,No,No,No,No,No,No,No,No,No,No,No,No,No,No,No,No,No,No,No,No,Yes,Yes,Yes,Yes,Yes,Yes,Yes,Yes,Yes,Yes,Yes,Yes,Yes,Yes,Yes,No,No,Yes,79,75,68,1.100,32.907,45.350,38.155,0.002,5.657,0.754,175.0,175.0,175.0,175.0,0,0.0,0.0,30.7,50.5,25.7,37.6,27.8,52.2,39.7,41.9,53.0,33.8,23.8,37.0,22.3,22.8,18.6,21.3,20.5,22.2,19.8,20.4,22.6,36.1,34.6,42.2,18.1,15.3,48.9,46.8,53.2,28.8,37.4,28.6,43.1,33.3,43.4,31.6,20.7,0.0,0.0,0.0,0.0,0.0,0.0,19.8,46.9,36.1,45.0,30.0,41.2,31.4,40.0,0.1,0.0,0.0,0.0,0.0,0.1,0.3,2394.1,24.00,36,35,35,68,103,383,2,2,Yes,No,No,No,No,No,No,No,Yes,No,Yes,No,No,Yes,No,No,No,No,No,No,No,Yes,No,No,No,No,No,No,No,No,No,No,No,No,No,No,No,No,86.0,5100,4800,5100,68.5,1.095,1.110,1.800,1.815,1.005,5.110,2.375,No,No,No,68.2,1.095,1.110,1.800,1.815,1.005,5.110,1.250,No,No,No,41,41,94.0,100.0,No,No,32291,48158,37,70,99.0,100.0,No,No,1856,3314,0.6,0.6,1.2,0.144,0.030,62651,43663,1.0,0.3,1.3,4.346,0.024,35271,12253,75.1,74.0,82.2,83.0,0.875,20.495,20.484,20.505,64.638,32.664,47.406,15.835,63.503,3.000,18.799,48.376,31.732,100.000,140.000,2250.0,2200.2,1890.0,2228.7,1905.0,61.0,26.0,0.0,10.0,67.2,14.0,55.9,0.0,0.0,0.0,Yes,No,No,No,No,Yes,No,0,0,0,0,0,0,0,0,0,4,0,0,0,0,0,0,0,0,0,0,0,0,0,0,0,0,0,0,0,0,2682,5506,5275,318,16.0,68,0.300,44.086,600.0,2394.0,0.1,0.0,0.0,0.0,0.0,0.0,0.0,0.0,0.0,2,16190,2,No,No,No,No,No,No,No,No,16.704,68.277,100.0,0.000,24.1,120,0,0,8.1,120.0,147.9,99.0,96.8,97.6,96.6,119.9,150.7,99.7,93.3,95.9,92.5,8.33,10.14,6.75,6.66,10.27,10.38,5.38,2.95,8.01,0.32,0.74,1446,246,4.2,6.5,0,0,0.0,0.0,0,
11.6.2026,17:29:32.325,25578,23190,52.4,20123,12261,62.1,10.9,16384,1790,1.128,1.138,1.119,1.126,1.126,1.126,1.126,1.126,1.126,1.116,1.126,1.141,1.131,1.131,1.141,1.021,0.781,3605.5,4289.5,4289.5,4289.5,4289.5,4289.5,4289.5,3491.5,3491.5,1895.4,3491.5,3491.5,3491.5,1895.4,3491.5,99.8,3691.0,1281.3,2221.1,1054.8,1666.8,1230.1,1852.6,2238.8,1665.6,2421.4,1218.5,1320.0,1615.0,1045.4,719.0,714.0,750.0,805.2,749.0,821.6,681.3,835.8,1408.6,32.2,53.0,24.9,39.6,29.3,42.5,52.7,39.1,56.0,28.2,31.8,37.9,24.9,21.9,21.5,22.9,24.8,21.6,25.2,20.6,26.1,56.0,32.2,100.0,55.3,87.5,41.6,64.9,48.3,72.6,87.6,65.2,94.5,47.6,51.7,63.2,40.9,40.4,40.1,42.0,45.0,42.0,46.0,38.4,46.7,55.3,36.1,43.0,43.0,43.0,43.0,43.0,43.0,35.0,35.0,19.0,35.0,35.0,35.0,19.0,35.0,37.0,70,74,71,73,72,69,70,69,69,69,69,68,68,68,68,30,26,29,27,28,31,30,31,31,31,31,32,32,32,32,79,74,No,No,No,No,No,No,No,No,No,No,No,No,No,No,No,No,No,No,No,No,No,No,No,No,No,No,No,No,No,No,Yes,Yes,Yes,Yes,Yes,Yes,Yes,Yes,Yes,Yes,Yes,Yes,Yes,Yes,Yes,No,No,Yes,79,74,68,1.100,35.438,45.083,37.704,0.002,5.691,0.767,175.0,175.0,175.0,175.0,0,0.0,0.0,32.4,52.7,24.9,39.6,29.3,43.3,52.4,38.9,56.7,29.2,31.8,38.8,24.8,21.9,21.5,22.9,24.7,22.8,25.2,20.6,26.2,42.3,33.1,39.6,15.7,15.3,46.7,42.9,47.6,49.9,53.5,57.3,51.9,52.3,40.4,45.5,13.1,0.0,0.0,0.1,0.0,0.0,0.0,26.1,24.3,19.6,14.5,21.2,18.7,34.4,23.9,0.1,0.0,0.1,0.1,0.0,0.0,0.2,2394.1,24.00,36,35,35,68,103,383,2,2,Yes,No,No,No,No,No,No,No,Yes,No,No,No,No,Yes,No,No,No,No,No,No,No,Yes,No,No,No,No,No,No,No,No,No,No,No,No,No,No,No,No,86.0,5040,4800,5100,68.5,1.095,1.110,1.800,1.815,1.005,5.110,1.375,No,No,No,68.2,1.110,1.110,1.800,1.815,1.005,5.110,2.250,No,No,No,41,41,94.0,100.0,No,No,32291,48158,37,70,99.0,100.0,No,No,1856,3314,0.5,0.6,1.1,0.024,0.038,62651,43663,1.7,0.1,1.8,13.794,0.036,35284,12253,74.4,74.0,81.3,83.0,0.875,20.506,20.497,20.515,65.264,26.631,44.099,15.209,59.554,3.000,18.179,11.634,34.742,100.000,140.000,2250.0,2200.2,1890.0,2227.3,1905.0,58.0,25.0,0.0,11.0,67.7,14.0,55.9,0.0,0.0,0.0,Yes,No,No,No,No,Yes,No,0,0,0,0,0,0,0,0,0,4,0,0,0,0,0,0,0,0,0,0,0,0,0,0,0,0,0,0,0,0,2646,5542,5310,318,16.0,68,0.300,44.988,600.0,2394.0,0.2,0.0,0.0,0.0,0.0,0.0,0.0,0.0,0.0,2,16190,2,No,No,No,No,No,No,No,No,16.703,68.277,100.0,0.000,24.1,120,0,0,8.5,119.6,149.8,91.5,78.1,83.4,76.6,119.5,171.7,85.8,79.4,81.4,78.8,8.36,10.97,6.64,6.28,12.02,13.07,5.54,2.82,8.02,0.34,1.10,1446,246,5.5,7.7,0,0,0.0,0.0,0,
11.6.2026,17:29:33.325,25611,23156,52.5,20127,12257,62.1,10.9,16384,1790,1.162,1.240,1.133,1.143,1.133,1.188,1.153,1.171,1.161,1.146,1.146,1.161,1.161,1.171,1.156,1.061,0.781,3854.9,4489.0,4489.0,4489.0,4489.0,4489.0,4489.0,3591.2,3591.2,3591.2,3591.2,3591.2,3591.2,3591.2,1895.4,99.8,3890.5,1254.8,2219.3,1109.4,1806.0,1119.3,2027.4,2062.2,2000.5,2202.7,1211.6,1289.7,1717.2,918.0,697.8,673.1,621.4,683.4,692.0,667.4,694.9,681.8,1397.4,31.1,52.2,25.6,42.3,26.2,46.7,47.6,46.1,50.8,28.7,30.5,40.7,21.3,21.0,20.1,18.3,20.3,20.8,19.8,20.9,21.1,52.2,31.1,100.0,53.7,87.4,43.5,70.1,43.9,79.0,80.7,77.7,85.9,47.3,50.4,67.1,35.9,39.2,37.9,35.2,38.3,38.9,37.7,39.1,38.4,53.7,38.6,45.0,45.0,45.0,45.0,45.0,45.0,36.0,36.0,36.0,36.0,36.0,36.0,36.0,19.0,39.0,70,74,73,75,74,71,70,68,68,68,68,68,68,68,68,30,26,27,25,26,29,30,32,32,32,32,32,32,32,32,79,75,No,No,No,No,No,No,No,No,No,No,No,No,No,No,No,No,No,No,No,No,No,No,No,No,No,No,No,No,No,No,Yes,Yes,Yes,Yes,Yes,Yes,Yes,Yes,Yes,Yes,Yes,Yes,Yes,Yes,Yes,No,No,Yes,79,75,67,1.100,54.001,43.779,36.592,0.002,5.652,0.757,175.0,175.0,175.0,175.0,0,0.0,0.0,31.1,51.9,25.7,42.3,26.2,46.7,47.5,46.1,50.8,28.8,30.6,40.8,21.3,21.1,20.3,18.4,20.5,21.0,20.0,21.1,21.3,31.5,33.4,40.6,17.3,14.4,49.0,43.6,31.7,32.5,25.8,38.3,35.2,26.4,38.4,14.1,24.8,0.0,0.0,0.0,0.0,0.0,0.0,41.2,41.4,49.6,35.9,38.1,47.3,35.1,58.1,0.1,0.0,0.1,0.0,0.1,0.0,0.1,2394.1,24.00,36,35,35,68,103,383,2,2,Yes,No,No,No,No,No,No,No,Yes,No,No,No,No,No,No,No,No,No,No,No,No,No,No,No,No,No,No,No,No,No,No,No,No,No,No,No,No,No,84.0,4980,4680,5040,68.5,1.110,1.110,1.800,1.815,1.005,5.110,1.875,No,No,No,68.2,1.110,1.110,1.800,1.815,1.005,5.110,1.625,No,No,No,41,41,94.0,100.0,No,No,32291,48158,37,70,99.0,100.0,No,No,1856,3314,0.9,2.4,3.3,0.149,0.222,62652,43664,1.1,0.0,1.1,8.001,0.000,35292,12253,75.4,74.0,83.2,83.0,0.875,20.477,20.467,20.488,64.016,28.445,47.533,16.087,63.860,3.000,19.042,10.117,39.474,100.000,140.000,2250.0,2200.2,1890.0,2228.6,1905.0,60.0,26.0,0.0,9.0,67.3,13.6,54.6,0.0,0.0,0.0,Yes,No,No,No,No,Yes,No,0,0,0,0,0,0,0,0,0,4,0,0,0,0,0,0,0,0,0,0,0,0,0,0,0,0,0,0,0,0,2678,5510,5278,318,16.0,68,0.300,45.119,600.0,2394.0,0.1,0.0,0.0,0.0,0.0,0.0,0.0,0.0,0.0,2,16190,2,No,No,No,No,No,No,No,No,16.703,68.277,100.0,0.000,24.1,120,0,0,7.7,120.1,147.5,97.3,95.8,96.1,95.6,120.0,149.7,96.2,94.7,95.3,94.6,8.33,10.32,6.67,5.99,10.49,10.60,5.38,2.94,8.00,0.33,0.92,1446,246,5.9,8.3,0,0,0.0,0.0,0,
11.6.2026,17:29:34.320,25571,23197,52.4,20131,12252,62.1,10.9,16384,1790,1.148,1.178,1.143,1.143,1.143,1.155,1.155,1.150,1.150,1.150,1.150,1.135,1.125,1.150,1.150,1.018,0.778,3833.5,4289.5,4289.5,4289.5,4289.5,4289.5,4289.5,3491.5,3491.5,3491.5,3491.5,3491.5,3491.5,3491.5,3491.5,99.8,3691.0,1300.7,2285.8,1059.8,1769.1,1204.1,2598.1,1631.4,2366.3,1617.4,1251.1,1289.0,1574.8,883.0,815.3,801.3,738.5,786.3,822.6,892.6,803.8,823.4,1417.0,33.0,54.5,25.0,42.1,28.6,61.1,38.3,55.6,38.0,30.2,30.9,38.2,21.1,24.9,24.3,22.1,23.8,25.0,27.4,24.3,25.2,61.1,33.0,100.0,56.4,89.9,41.8,68.8,47.3,101.1,64.3,92.7,63.5,49.0,50.5,61.6,34.6,45.4,44.9,41.6,43.9,45.6,49.8,44.9,46.0,56.4,38.4,43.0,43.0,43.0,43.0,43.0,43.0,35.0,35.0,35.0,35.0,35.0,35.0,35.0,35.0,37.0,70,73,72,74,71,71,69,70,70,70,70,68,68,68,68,30,27,28,26,29,29,31,30,30,30,30,32,32,32,32,79,74,No,No,No,No,No,No,No,No,No,No,No,No,No,No,No,No,No,No,No,No,No,No,No,No,No,No,No,No,No,No,Yes,Yes,Yes,Yes,Yes,Yes,Yes,Yes,Yes,Yes,Yes,Yes,Yes,Yes,Yes,No,No,Yes,81,74,68,1.100,45.563,48.660,41.281,0.002,5.705,0.777,175.0,175.0,175.0,175.0,0,0.0,0.0,32.9,54.2,24.9,42.0,28.5,60.9,38.1,55.5,37.8,30.1,30.9,38.1,21.0,24.8,24.3,22.1,23.8,25.0,27.3,24.3,25.3,47.0,31.2,38.8,12.8,16.1,47.1,46.6,66.7,56.4,52.7,59.1,65.4,58.3,66.4,40.4,7.9,0.0,0.0,0.1,0.0,0.0,0.0,5.6,15.6,21.1,13.8,7.0,11.1,6.4,30.0,0.0,0.0,0.0,0.0,0.0,0.2,0.0,2394.1,24.00,36,35,35,68,103,383,2,2,Yes,No,No,No,No,No,No,No,Yes,No,No,No,No,Yes,No,No,No,No,No,No,No,Yes,No,No,No,No,No,No,No,No,No,No,No,No,No,No,No,No,86.0,5040,4680,5040,68.5,1.110,1.110,1.800,1.815,1.005,5.110,1.625,No,No,No,68.2,1.110,1.110,1.800,1.815,1.005,5.110,2.375,No,No,No,41,41,94.0,100.0,No,No,32291,48158,37,70,99.0,100.0,No,No,1856,3314,0.8,2.0,2.8,0.161,0.058,62652,43664,1.9,0.0,1.9,12.042,0.000,35303,12253,75.7,74.0,83.3,83.0,0.875,20.491,20.480,20.501,66.403,28.827,47.722,16.180,64.167,3.000,19.145,10.246,41.328,100.000,140.000,2250.0,2200.2,1890.0,2228.2,1905.0,62.0,28.0,0.0,10.0,67.3,14.5,57.8,0.0,0.0,0.0,Yes,No,No,No,No,Yes,No,0,0,0,0,0,0,0,0,0,4,0,0,0,0,0,0,0,0,0,0,0,0,0,0,0,0,0,0,0,0,2678,5510,5279,318,16.0,68,0.300,48.225,600.0,2394.0,0.1,0.0,0.0,0.0,0.0,0.0,0.0,0.0,0.0,2,16190,2,No,No,No,No,No,No,No,No,16.703,68.277,100.0,0.000,24.1,119,0,0,8.2,119.3,156.4,93.2,76.8,82.9,75.1,119.3,178.1,87.2,75.7,80.2,74.5,8.38,10.70,6.33,6.28,12.04,13.31,5.52,2.86,8.04,0.34,0.99,1446,246,4.5,6.7,0,0,0.0,0.0,0,
11.6.2026,17:29:35.322,25582,23186,52.4,20132,12252,62.1,10.9,16384,1790,1.215,1.202,1.222,1.222,1.222,1.217,1.199,1.219,1.214,1.219,1.224,1.204,1.204,1.219,1.224,1.041,0.781,3876.2,4389.3,4389.3,4389.3,4389.3,4389.3,4389.3,3491.5,3491.5,3491.5,3491.5,3491.5,3491.5,3491.5,3491.5,99.8,3790.7,1283.4,2276.4,1066.3,1775.3,1282.3,2353.5,1822.7,2162.2,1852.5,1191.6,1286.4,1583.3,961.8,719.5,769.2,738.4,738.1,777.6,805.7,764.7,740.3,1411.2,32.5,54.2,25.1,42.1,30.5,55.2,42.9,50.8,43.5,28.7,30.9,38.4,22.9,21.7,23.3,22.4,22.1,23.6,24.3,23.5,23.3,55.2,32.5,100.0,55.4,89.6,42.1,68.9,50.3,91.7,71.7,84.7,72.6,46.6,50.4,61.8,37.7,40.5,43.0,41.3,41.5,43.4,45.0,43.0,41.6,55.4,38.9,44.0,44.0,44.0,44.0,44.0,44.0,35.0,35.0,35.0,35.0,35.0,35.0,35.0,35.0,38.0,70,74,73,73,70,71,69,69,69,69,69,68,68,68,68,30,26,27,27,30,29,31,31,31,31,31,32,32,32,32,79,74,No,No,No,No,No,No,No,No,No,No,No,No,No,No,No,No,No,No,No,No,No,No,No,No,No,No,No,No,No,No,Yes,Yes,Yes,Yes,Yes,Yes,Yes,Yes,Yes,Yes,Yes,Yes,Yes,Yes,Yes,No,No,Yes,79,75,68,1.100,44.719,44.388,37.044,0.002,5.705,0.774,175.0,175.0,175.0,175.0,0,0.0,0.0,32.4,53.9,25.2,42.2,30.5,55.1,42.7,50.7,43.4,28.7,31.0,38.3,22.9,21.7,23.3,22.4,22.1,23.6,24.3,23.4,23.3,42.4,31.9,36.5,13.9,15.9,48.4,44.7,50.0,60.9,54.3,47.7,53.3,55.5,57.8,23.3,12.9,0.0,0.0,0.0,0.1,0.0,0.0,24.1,12.6,19.4,25.8,19.4,16.5,15.2,48.0,0.1,0.0,0.3,0.0,0.0,0.0,0.0,2394.1,24.00,36,35,35,68,103,383,2,2,Yes,No,No,No,No,No,No,No,Yes,No,No,No,No,Yes,No,No,No,No,No,No,No,Yes,No,No,No,No,No,No,No,No,No,No,No,No,No,No,No,No,86.0,5100,4620,5040,68.5,1.110,1.110,1.800,1.800,1.005,5.110,1.625,No,No,No,68.2,1.110,1.110,1.800,1.800,1.005,5.110,1.625,No,No,No,41,41,94.0,100.0,No,No,32291,48158,37,70,99.0,100.0,No,No,1856,3314,0.3,2.9,3.2,0.004,0.199,62652,43664,1.4,0.1,1.5,10.195,0.024,35313,12253,74.7,74.0,81.7,83.0,0.875,20.496,20.487,20.505,64.619,27.115,45.665,15.427,61.331,3.000,18.396,10.020,35.967,100.000,140.000,2250.0,2200.2,1890.0,2228.5,1905.0,59.0,25.0,0.0,9.0,67.0,13.5,54.2,0.0,0.0,0.0,Yes,No,No,No,No,Yes,No,0,0,0,0,0,0,0,0,0,4,0,0,0,0,0,0,0,0,0,0,0,0,0,0,0,0,0,0,0,0,2705,5483,5251,318,16.0,68,0.300,41.605,600.0,2394.0,0.1,0.0,0.0,0.0,0.0,0.0,0.0,0.0,0.0,2,16190,2,No,No,No,No,No,No,No,No,16.703,68.277,100.0,0.000,24.1,120,0,0,8.5,119.9,175.2,89.3,71.9,78.1,70.2,119.9,219.8,77.7,72.4,73.6,72.1,8.34,13.28,5.45,4.81,14.08,14.32,5.46,2.87,7.98,0.36,1.16,1446,246,6.6,11.7,0,0,0.0,0.0,0,
11.6.2026,17:29:36.319,25543,23224,52.3,20136,12248,62.1,10.9,16384,1789,1.178,1.231,1.127,1.195,1.210,1.186,1.186,1.186,1.191,1.191,1.191,1.191,1.135,1.141,1.135,1.041,0.778,3876.2,4389.3,4389.3,4389.3,4389.3,4389.3,4389.3,3491.5,3491.5,3491.5,3491.5,3491.5,3491.5,3491.5,3491.5,99.8,3790.7,1209.2,2313.5,994.6,1717.1,1120.1,2487.2,1893.0,2145.2,1799.3,1395.4,1007.1,1800.9,572.1,632.4,600.7,603.7,582.2,610.1,637.5,614.3,657.8,1354.0,29.4,53.5,22.5,39.8,25.6,56.1,42.8,48.5,40.5,32.6,23.3,42.2,12.9,19.0,17.7,17.8,17.2,18.0,18.8,18.5,20.8,56.1,29.4,100.0,51.5,90.9,39.1,67.2,43.8,96.1,74.4,83.8,70.4,54.3,39.2,70.0,22.3,35.7,34.1,34.3,33.0,34.4,35.9,34.8,36.7,51.5,38.9,44.0,44.0,44.0,44.0,44.0,44.0,35.0,35.0,35.0,35.0,35.0,35.0,35.0,35.0,38.0,71,74,73,75,72,71,71,70,70,70,70,68,68,68,68,29,26,27,25,28,29,29,30,30,30,30,32,32,32,32,81,75,No,No,No,No,No,No,No,No,No,No,No,No,No,No,No,No,No,No,No,No,No,No,No,No,No,No,No,No,No,No,Yes,Yes,Yes,Yes,Yes,Yes,Yes,Yes,Yes,Yes,Yes,Yes,Yes,Yes,Yes,No,No,Yes,82,75,68,1.100,29.532,42.841,35.674,0.002,5.635,0.747,175.0,175.0,175.0,175.0,0,0.0,0.0,29.6,53.3,22.7,39.6,25.9,56.2,42.7,48.5,40.7,32.7,23.5,42.5,12.9,19.4,18.1,18.0,17.6,18.4,19.1,18.9,21.1,23.1,33.8,43.0,12.8,19.6,50.8,48.7,20.3,16.1,11.6,14.1,15.2,11.9,16.5,9.1,34.2,0.0,0.0,0.0,0.0,0.0,0.0,53.3,58.6,63.3,61.5,59.8,61.8,57.5,63.3,0.0,0.0,0.2,0.0,0.0,0.0,0.0,2394.1,24.00,36,35,35,68,103,383,2,2,Yes,No,No,No,No,No,No,No,Yes,No,Yes,No,No,Yes,No,No,No,No,No,No,No,Yes,No,No,No,No,No,No,No,No,No,No,No,No,No,No,No,No,86.0,5100,4620,5040,68.5,1.110,1.110,1.800,1.800,0.990,5.110,2.000,No,No,No,68.2,1.110,1.110,1.800,1.800,1.005,5.110,1.375,No,No,No,41,41,94.0,100.0,No,No,32291,48158,37,70,99.0,100.0,No,No,1856,3314,0.3,0.6,0.9,0.032,0.015,62652,43664,0.6,0.0,0.6,1.738,0.000,35315,12253,75.8,74.0,83.4,83.0,0.875,20.488,20.478,20.498,65.061,38.719,49.091,15.932,65.287,3.000,18.895,86.002,32.829,100.000,140.000,2250.0,2200.2,1890.0,2229.2,1905.0,65.0,27.0,0.0,10.0,67.4,14.2,56.8,0.0,0.0,0.0,Yes,No,No,No,No,Yes,No,0,0,0,0,0,0,0,0,0,4,0,0,0,0,0,0,0,0,0,0,0,0,0,0,0,0,0,0,0,0,2673,5515,5283,318,16.0,68,0.297,48.828,600.0,2394.0,0.1,0.0,0.0,0.0,0.0,0.0,0.0,0.0,0.0,2,16190,2,No,No,No,No,No,No,No,No,16.703,68.277,100.0,0.000,24.1,120,0,0,7.5,119.9,149.5,90.8,85.5,87.3,84.9,119.9,168.6,87.1,85.2,86.0,84.9,8.34,11.11,6.60,5.85,11.58,11.92,5.41,2.93,8.02,0.32,0.92,1446,246,4.2,15.5,0,0,0.0,0.0,0,
11.6.2026,17:29:37.329,25574,23194,52.4,20136,12248,62.1,10.9,16384,1789,1.157,1.149,1.179,1.161,1.161,1.151,1.151,1.151,1.151,1.161,1.151,1.136,1.164,1.164,1.164,0.998,0.781,3648.2,4189.8,4189.8,4189.8,4189.8,4189.8,4189.8,3391.7,3391.7,3391.7,3391.7,1895.4,3491.5,3491.5,3491.5,99.8,3591.2,1334.3,2292.3,1208.1,1892.2,1176.6,1595.8,2547.0,1819.4,2216.3,1254.1,1371.1,1416.6,1172.9,834.5,884.2,803.1,832.8,842.5,851.7,828.9,845.2,1457.3,34.2,55.0,28.7,45.4,28.2,38.0,60.4,43.1,52.4,30.3,33.3,34.5,28.2,25.4,26.9,24.5,25.5,25.8,26.1,25.3,26.4,60.4,34.2,100.0,57.8,90.1,47.5,73.6,46.3,62.6,99.2,71.2,86.8,48.9,53.7,55.5,45.8,46.5,49.3,44.8,46.2,47.0,47.4,45.9,47.3,57.8,36.6,42.0,42.0,42.0,42.0,42.0,42.0,34.0,34.0,34.0,34.0,19.0,35.0,35.0,35.0,36.0,69,71,70,72,71,71,69,69,69,69,69,68,68,68,68,31,29,30,28,29,29,31,31,31,31,31,32,32,32,32,79,72,No,No,No,No,No,No,No,No,No,No,No,No,No,No,No,No,No,No,No,No,No,No,No,No,No,No,No,No,No,No,Yes,Yes,Yes,Yes,Yes,Yes,Yes,Yes,Yes,Yes,Yes,Yes,Yes,Yes,Yes,No,No,Yes,81,74,68,1.100,57.376,47.810,40.420,0.002,5.723,0.787,175.0,175.0,175.0,175.0,0,0.0,0.0,34.0,54.6,28.6,45.2,28.0,37.7,60.1,42.9,52.4,30.2,33.2,34.3,28.2,25.2,26.8,24.4,25.4,25.7,26.0,25.2,26.4,45.3,29.2,36.9,14.1,15.3,45.6,44.9,55.8,58.1,56.0,64.2,55.4,55.9,59.5,43.2,8.5,0.0,0.0,0.0,0.9,0.0,0.0,15.4,11.7,15.9,7.6,15.4,14.7,12.1,25.9,0.0,0.0,0.1,0.0,0.0,0.1,0.0,2394.1,24.00,36,35,35,68,103,383,2,2,Yes,No,No,No,No,No,No,No,Yes,No,No,No,No,No,No,No,No,No,No,No,No,No,No,No,No,No,No,No,No,No,No,No,No,No,No,No,No,No,86.0,5100,4620,5040,68.5,1.110,1.110,1.800,1.800,1.005,5.110,1.875,No,No,No,68.5,1.110,1.110,1.800,1.800,1.005,5.110,2.625,No,No,No,41,41,94.0,100.0,No,No,32291,48158,37,70,99.0,100.0,No,No,1856,3314,0.3,0.8,1.1,0.145,0.054,62652,43664,0.6,0.0,0.6,2.334,0.000,35317,12253,75.5,74.0,83.0,83.0,0.875,20.488,20.478,20.498,68.535,41.138,48.356,15.809,64.426,3.000,18.773,102.749,34.852,100.000,140.000,2250.0,2200.2,1890.0,2227.3,1905.0,63.0,26.0,0.0,10.0,67.5,15.0,60.0,0.0,0.0,0.0,Yes,No,No,No,No,Yes,No,0,0,0,0,0,0,0,0,0,4,0,0,0,0,0,0,0,0,0,0,0,0,0,0,0,0,0,0,0,0,2657,5531,5299,318,16.0,68,0.300,43.317,600.0,2394.0,0.2,0.0,0.0,0.0,0.0,0.0,0.0,0.0,0.0,2,16190,2,No,No,No,No,No,No,No,No,16.703,68.277,100.0,0.000,24.1,120,0,0,8.1,119.7,151.1,87.1,75.3,79.6,74.1,119.8,182.1,85.8,75.5,79.2,74.5,8.35,11.52,6.53,6.11,12.61,13.55,5.79,2.57,8.01,0.35,1.07,1446,246,7.3,17.0,0,0,0.0,0.0,0,
11.6.2026,17:29:38.326,25652,23115,52.6,20170,12214,62.2,10.9,16384,1789,1.155,1.134,1.134,1.160,1.160,1.160,1.169,1.164,1.169,1.159,1.159,1.159,1.159,1.159,1.123,0.998,0.781,3733.7,4189.8,4189.8,4189.8,4189.8,4189.8,4189.8,3391.7,3391.7,3391.7,3391.7,3391.7,3391.7,3391.7,3391.7,99.8,3591.2,1366.1,2230.5,1205.3,1934.8,1199.1,1500.6,2609.7,1804.4,2275.9,1172.7,1509.4,1497.1,1190.5,846.5,930.2,875.6,926.7,857.9,952.9,887.6,914.9,1481.8,35.4,54.4,29.0,47.0,29.1,35.9,62.9,43.4,54.5,28.7,37.1,36.6,29.2,26.0,28.5,26.8,28.3,26.4,29.3,27.1,28.7,62.9,35.4,100.0,59.4,88.0,47.3,75.2,47.2,58.3,102.0,70.4,89.3,45.8,59.2,58.4,46.7,47.2,51.6,48.6,51.5,47.6,53.0,49.4,51.2,59.4,37.4,42.0,42.0,42.0,42.0,42.0,42.0,34.0,34.0,34.0,34.0,34.0,34.0,34.0,34.0,36.0,70,73,69,74,71,69,70,69,69,69,69,68,68,68,68,30,27,31,26,29,31,30,31,31,31,31,32,32,32,32,79,74,No,No,No,No,No,No,No,No,No,No,No,No,No,No,No,No,No,No,No,No,No,No,No,No,No,No,No,No,No,No,Yes,Yes,Yes,Yes,Yes,Yes,Yes,Yes,Yes,Yes,Yes,Yes,Yes,Yes,Yes,No,No,Yes,81,74,68,1.100,29.532,44.112,37.141,0.002,5.741,0.798,175.0,175.0,175.0,175.0,0,0.0,0.0,35.3,53.9,28.9,46.7,29.0,35.8,62.4,43.1,54.5,28.6,36.9,36.5,29.0,25.7,28.3,26.7,28.1,26.3,29.2,27.1,28.5,48.9,29.8,34.0,14.0,15.2,43.6,42.1,65.9,63.5,66.8,66.4,65.7,65.0,64.6,48.7,3.7,0.0,0.0,0.0,0.4,0.0,0.0,5.7,5.5,3.9,2.9,5.5,3.2,5.4,18.8,0.1,0.0,0.2,0.0,0.0,0.1,0.1,2394.1,24.00,36,35,35,68,103,383,2,2,Yes,No,No,No,No,No,No,No,Yes,No,No,No,No,Yes,No,No,No,No,No,No,No,Yes,No,No,No,No,No,No,No,No,No,No,No,No,No,No,No,No,86.0,5100,4680,5040,68.8,1.095,1.110,1.800,1.800,1.005,5.110,1.375,No,No,No,68.5,1.095,1.110,1.800,1.800,1.005,5.110,1.875,No,No,No,41,41,94.0,100.0,No,No,32291,48158,37,70,99.0,100.0,No,No,1856,3314,1.1,1.6,2.7,0.080,0.044,62652,43664,1.8,0.0,1.8,13.000,0.000,35330,12253,75.7,74.0,83.2,83.0,0.875,20.495,20.486,20.505,66.971,28.564,47.963,16.102,64.324,3.000,19.062,10.170,39.325,100.000,140.000,2250.0,2200.2,1890.0,2227.4,1905.0,63.0,28.0,0.0,9.0,67.4,14.5,58.2,0.0,0.0,0.0,Yes,No,No,No,No,Yes,No,0,0,0,0,0,0,0,0,0,4,0,0,0,0,0,0,0,0,0,0,0,0,0,0,0,0,0,0,0,0,2672,5516,5285,318,16.0,68,0.297,45.601,600.0,2394.0,0.2,0.0,0.0,0.0,0.0,0.0,0.0,0.0,0.0,2,16190,2,No,No,No,No,No,No,No,No,16.703,68.277,100.0,0.000,24.1,119,0,0,9.6,119.4,158.2,80.5,65.9,71.3,64.4,119.4,184.4,76.9,55.0,62.5,53.2,8.37,12.52,6.21,5.22,14.11,15.59,5.69,2.69,8.02,0.36,1.30,1446,246,5.4,6.0,0,0,0.0,0.0,0,
11.6.2026,17:29:39.327,25591,23177,52.4,20171,12213,62.2,10.9,16384,1789,1.210,1.235,1.215,1.225,1.194,1.199,1.199,1.199,1.199,1.199,1.194,1.209,1.194,1.244,1.224,1.061,0.781,3854.9,4489.0,4489.0,4489.0,4489.0,4489.0,4489.0,3591.2,3591.2,3591.2,3591.2,1895.4,3591.2,3591.2,3591.2,99.8,3890.5,1266.2,2212.3,1118.7,1857.5,1048.8,1707.8,2380.3,1990.9,2144.1,1277.7,1279.2,1639.5,917.2,691.6,683.6,673.4,778.2,726.0,709.7,741.1,746.2,1400.0,31.7,52.2,26.2,43.9,24.8,39.9,55.3,46.4,49.7,30.7,30.5,39.3,20.5,20.7,20.7,20.3,23.8,21.8,21.7,22.6,23.2,55.3,31.7,100.0,54.4,87.0,43.9,72.2,41.1,66.8,92.7,77.7,83.8,49.8,49.9,63.9,35.7,39.0,38.8,37.9,43.8,40.6,40.0,41.5,42.1,54.4,38.6,45.0,45.0,45.0,45.0,45.0,45.0,36.0,36.0,36.0,36.0,19.0,36.0,36.0,36.0,39.0,70,70,71,73,71,71,69,69,69,69,69,68,68,68,68,30,30,29,27,29,29,31,31,31,31,31,32,32,32,32,79,73,No,No,No,No,No,No,No,No,No,No,No,No,No,No,No,No,No,No,No,No,No,No,No,No,No,No,No,No,No,No,Yes,Yes,Yes,Yes,Yes,Yes,Yes,Yes,Yes,Yes,Yes,Yes,Yes,Yes,Yes,No,No,Yes,81,73,68,1.100,34.594,44.528,36.747,0.002,5.676,0.767,175.0,175.0,175.0,175.0,0,0.0,0.0,31.7,51.8,26.2,43.7,24.8,39.6,55.1,46.1,49.7,30.5,30.5,39.1,21.6,20.7,20.7,20.3,23.7,21.8,21.6,22.4,23.1,36.0,33.1,39.9,16.1,14.6,47.2,45.2,36.2,30.8,36.6,44.5,40.7,37.8,53.8,27.8,19.8,0.0,0.0,0.0,0.9,0.0,0.0,37.6,42.7,37.9,26.9,32.5,35.4,19.9,43.4,0.0,0.0,0.0,0.0,0.0,0.1,0.0,2394.1,24.00,36,35,35,68,103,383,2,2,Yes,No,No,No,No,No,No,No,Yes,No,No,No,No,Yes,No,No,No,No,No,No,No,Yes,No,No,No,No,No,No,No,No,No,No,No,No,No,No,No,No,85.0,5040,4560,5040,68.8,1.095,1.110,1.800,1.800,1.005,5.110,1.375,No,No,No,68.5,1.095,1.110,1.800,1.800,1.005,5.110,1.375,No,No,No,41,41,94.0,100.0,No,No,32291,48158,37,70,99.0,100.0,No,No,1856,3314,0.6,2.3,3.0,0.158,0.151,62652,43664,0.5,0.0,0.5,1.755,0.000,35331,12253,75.6,74.0,83.1,83.0,0.875,20.496,20.486,20.506,65.287,33.322,48.176,15.897,64.327,3.000,18.860,50.584,32.407,100.000,140.000,2250.0,2200.2,1890.0,2227.8,1905.0,63.0,27.0,0.0,10.0,67.4,14.3,57.3,0.0,0.0,0.0,Yes,No,No,No,No,Yes,No,0,0,0,0,0,0,0,0,0,4,0,0,0,0,0,0,0,0,0,0,0,0,0,0,0,0,0,0,0,0,2672,5516,5285,318,16.0,68,0.300,44.284,600.0,2394.0,0.2,0.0,0.0,0.0,0.0,0.0,0.0,0.0,0.0,2,16190,2,No,No,No,No,No,No,No,No,16.702,68.277,100.0,0.000,24.1,120,0,0,8.5,119.8,150.8,95.7,74.5,82.1,72.4,119.5,162.8,91.7,55.8,67.0,53.1,8.35,10.47,6.62,5.78,12.17,13.80,5.54,2.81,8.01,0.34,0.94,1446,246,4.1,3.9,0,0,0.0,0.0,0,
11.6.2026,17:29:40.325,25592,23176,52.4,20171,12213,62.2,10.9,16384,1789,1.129,1.139,1.142,1.137,1.113,1.113,1.113,1.113,1.133,1.133,1.133,1.133,1.133,1.133,1.133,0.998,0.781,3762.2,4189.8,4189.8,4189.8,4189.8,4189.8,4189.8,3491.5,3491.5,3491.5,3491.5,3391.7,3391.7,3391.7,3391.7,99.8,3591.2,1362.0,2296.9,1235.1,1760.0,1264.0,1695.0,2424.3,2201.7,1895.0,1358.5,1333.8,1402.6,1499.1,850.3,887.0,851.0,847.1,867.7,850.8,864.9,855.1,1487.6,33.8,54.5,28.3,41.3,29.2,39.2,56.9,51.6,43.7,31.7,31.2,32.8,36.0,24.7,25.8,24.9,24.5,25.3,24.6,25.1,25.4,56.9,33.8,100.0,58.8,90.2,48.4,68.3,49.6,65.9,94.7,85.9,74.2,52.8,52.2,55.0,58.8,47.2,49.1,47.2,46.9,48.2,47.2,47.6,47.4,58.8,37.7,42.0,42.0,42.0,42.0,42.0,42.0,35.0,35.0,35.0,35.0,34.0,34.0,34.0,34.0,36.0,71,74,71,72,74,71,70,69,69,69,69,70,70,70,70,29,26,29,28,26,29,30,31,31,31,31,30,30,30,30,79,74,No,No,No,No,No,No,No,No,No,No,No,No,No,No,No,No,No,No,No,No,No,No,No,No,No,No,No,No,No,No,Yes,Yes,Yes,Yes,Yes,Yes,Yes,Yes,Yes,Yes,Yes,Yes,Yes,Yes,Yes,No,No,Yes,81,74,68,1.100,43.876,43.661,36.286,0.002,5.727,0.791,175.0,175.0,175.0,175.0,0,0.0,0.0,34.8,54.8,29.4,42.1,30.3,40.1,57.3,52.2,44.7,32.7,32.3,33.8,36.1,25.8,27.0,26.1,25.8,26.4,25.9,26.4,26.6,46.3,29.0,38.1,15.7,15.2,44.5,40.1,59.8,60.8,58.4,64.1,61.9,53.4,68.3,39.0,7.1,0.0,0.0,0.0,0.1,0.0,0.0,11.3,9.3,12.3,7.5,8.8,17.0,3.0,30.1,0.1,0.0,0.0,0.0,0.0,0.1,0.4,2394.1,24.00,36,35,35,68,103,383,2,2,Yes,No,No,No,No,No,No,No,Yes,No,No,No,No,Yes,No,No,No,No,No,No,No,Yes,No,No,No,No,No,No,No,No,No,No,No,No,No,No,No,No,86.0,4980,4620,5040,68.8,1.095,1.110,1.800,1.800,1.005,5.110,1.625,No,No,No,68.5,1.095,1.110,1.800,1.800,1.005,5.110,2.500,No,No,No,41,41,94.0,100.0,No,No,32291,48158,37,70,99.0,100.0,No,No,1856,3314,0.0,0.9,0.9,0.000,0.028,62652,43664,0.4,0.0,0.4,2.326,0.000,35334,12253,76.3,74.0,84.0,83.0,0.875,20.490,20.479,20.501,67.617,30.431,49.777,16.096,66.136,3.000,19.051,25.598,33.356,100.000,140.000,2250.0,2200.2,1890.0,2227.9,1905.0,66.0,27.0,0.0,11.0,67.4,15.1,60.5,0.0,0.0,0.0,Yes,No,No,No,No,Yes,No,0,0,0,0,0,0,0,0,0,4,0,0,0,0,0,0,0,0,0,0,0,0,0,0,0,0,0,0,0,0,2672,5516,5285,318,16.0,68,0.297,42.354,600.0,2394.0,0.2,0.0,0.0,0.0,0.0,0.0,0.0,0.0,0.0,2,16190,2,No,No,No,No,No,No,No,No,16.702,68.277,100.0,0.000,24.1,120,0,0,7.2,120.0,150.9,101.9,92.7,96.4,91.7,119.9,159.2,100.7,90.0,94.3,88.8,8.34,9.89,6.59,5.51,10.44,10.94,5.75,2.59,7.99,0.34,0.80,1446,246,5.4,4.9,0,0,0.0,0.0,0,
11.6.2026,17:29:41.323,25594,23173,52.4,20173,12211,62.2,10.9,16384,1789,1.130,1.188,1.136,1.128,1.128,1.128,1.128,1.143,1.118,1.118,1.103,1.128,1.108,1.118,1.143,1.021,0.781,3833.5,4289.5,4289.5,4289.5,4289.5,4289.5,4289.5,3491.5,3491.5,3491.5,3491.5,3491.5,3491.5,3491.5,3491.5,99.8,3691.0,1378.6,2280.9,1097.8,1861.2,1173.2,1888.6,2303.3,2223.4,1763.1,1396.3,1311.1,1418.3,1485.8,908.9,886.1,900.9,922.4,924.4,947.8,930.9,947.6,1488.8,36.0,55.7,26.4,45.3,28.5,45.3,55.6,53.4,42.2,34.2,32.2,34.5,36.1,28.9,27.9,28.0,29.1,28.6,29.5,28.9,29.9,55.7,36.0,100.0,59.9,89.8,43.3,72.4,46.1,73.3,90.2,87.2,69.4,54.4,51.3,55.1,58.2,50.2,49.0,49.7,50.8,51.0,52.5,51.4,52.5,59.9,38.4,43.0,43.0,43.0,43.0,43.0,43.0,35.0,35.0,35.0,35.0,35.0,35.0,35.0,35.0,37.0,70,71,73,73,71,71,70,69,69,69,69,68,68,68,68,30,29,27,27,29,29,30,31,31,31,31,32,32,32,32,81,73,No,No,No,No,No,No,No,No,No,No,No,No,No,No,No,No,No,No,No,No,No,No,No,No,No,No,No,No,No,No,Yes,Yes,Yes,Yes,Yes,Yes,Yes,Yes,Yes,Yes,Yes,Yes,Yes,Yes,Yes,No,No,Yes,82,75,67,1.100,16.875,44.967,37.565,0.002,5.730,0.788,175.0,175.0,175.0,175.0,0,0.0,0.0,36.0,55.4,26.5,45.2,28.5,45.3,55.2,53.4,42.3,34.2,32.2,34.5,36.2,28.8,27.8,28.0,29.1,28.6,29.5,28.8,29.9,49.8,30.5,36.2,13.6,15.9,42.9,39.0,64.5,67.8,66.3,65.7,65.8,66.6,67.4,55.5,2.2,0.0,0.0,0.0,0.0,0.0,0.0,4.3,2.1,3.4,2.9,3.3,1.5,1.5,11.5,0.1,0.0,0.1,0.0,0.0,0.1,0.2,2394.1,24.00,36,35,35,68,103,383,2,2,Yes,No,No,No,No,No,No,No,Yes,No,No,No,No,Yes,No,No,No,No,No,No,No,Yes,No,No,No,No,No,No,No,No,No,No,No,No,No,No,No,No,85.0,5040,4620,5040,68.8,1.095,1.110,1.800,1.815,1.005,5.110,1.750,No,No,No,68.5,1.095,1.110,1.800,1.800,1.005,5.110,2.500,No,No,No,41,41,94.0,100.0,No,No,32291,48158,37,70,99.0,100.0,No,No,1856,3314,0.0,1.6,1.6,0.000,0.253,62652,43664,0.2,0.0,0.2,0.193,0.000,35334,12253,76.0,74.0,84.2,83.0,0.875,20.492,20.481,20.502,67.480,38.603,46.953,15.586,62.777,3.000,18.540,89.430,33.936,100.000,140.000,2250.0,2200.2,1890.0,2227.1,1905.0,61.0,26.0,0.0,9.0,67.4,14.6,58.4,0.0,0.0,0.0,Yes,No,No,No,No,Yes,No,0,0,0,0,0,0,0,0,0,4,0,0,0,0,0,0,0,0,0,0,0,0,0,0,0,0,0,0,0,0,2672,5516,5285,318,16.0,68,0.300,45.387,600.0,2394.0,0.1,0.0,0.0,0.0,0.0,0.0,0.0,0.0,0.0,2,16190,2,No,No,No,No,No,No,No,No,16.703,68.277,100.0,0.000,24.1,120,0,0,7.5,120.1,159.2,100.4,94.9,97.1,94.3,120.1,159.8,93.9,93.1,93.1,93.1,8.33,10.00,6.23,6.10,10.34,10.66,5.79,2.53,7.98,0.35,0.94,1446,246,3.5,5.7,0,0,0.0,0.0,0,
11.6.2026,17:29:42.322,25538,23229,52.3,20107,12276,62.0,10.9,16384,1789,1.145,1.203,1.136,1.136,1.136,1.141,1.141,1.156,1.151,1.151,1.151,1.131,1.126,1.126,1.146,1.041,0.781,3876.2,4389.3,4389.3,4389.3,4389.3,4389.3,4389.3,3491.5,3491.5,3491.5,3491.5,3491.5,3491.5,3491.5,3491.5,99.8,3790.7,1297.3,2318.6,1006.1,1721.4,1192.2,2208.5,1913.0,2620.8,1435.2,1455.1,1234.7,1435.0,1239.8,782.8,766.3,753.1,784.6,802.2,754.3,798.4,723.9,1429.2,33.1,55.7,24.0,41.4,28.6,52.3,45.3,62.1,33.8,35.3,29.8,34.7,30.0,23.9,23.4,22.8,24.3,24.7,22.9,24.5,22.4,62.1,33.1,100.0,55.9,91.2,39.7,66.9,46.8,86.0,75.2,102.4,56.4,57.0,48.6,55.9,48.6,43.6,42.8,42.0,43.8,44.7,42.1,44.1,40.9,55.9,38.9,44.0,44.0,44.0,44.0,44.0,44.0,35.0,35.0,35.0,35.0,35.0,35.0,35.0,35.0,38.0,70,71,70,75,72,71,69,69,69,69,69,68,68,68,68,30,29,30,25,28,29,31,31,31,31,31,32,32,32,32,79,75,No,No,No,No,No,No,No,No,No,No,No,No,No,No,No,No,No,No,No,No,No,No,No,No,No,No,No,No,No,No,Yes,Yes,Yes,Yes,Yes,Yes,Yes,Yes,Yes,Yes,Yes,Yes,Yes,Yes,Yes,No,No,Yes,81,77,68,1.100,37.969,45.659,38.298,0.002,5.691,0.772,175.0,175.0,175.0,175.0,0,0.0,0.0,33.0,55.3,24.0,41.3,28.6,52.2,45.0,61.9,33.8,35.1,29.8,34.6,29.9,23.9,23.4,22.8,24.2,24.6,22.9,24.5,22.3,44.9,31.7,39.4,14.9,15.6,44.5,43.6,53.6,52.8,56.3,56.9,59.1,55.9,71.3,32.9,10.3,0.0,0.0,0.6,0.0,0.0,0.0,18.9,19.9,17.3,15.3,13.0,17.5,2.0,39.7,0.1,0.0,0.5,0.0,0.0,0.1,0.1,2394.1,24.00,36,35,35,68,103,383,2,2,Yes,No,No,No,No,No,No,No,Yes,No,No,No,No,Yes,No,No,No,No,No,No,No,Yes,No,No,No,No,No,No,No,No,No,No,No,No,No,No,No,No,84.0,5100,4560,5040,68.8,1.095,1.110,1.800,1.800,1.005,5.110,2.000,No,No,No,68.5,1.095,1.110,1.800,1.800,1.005,5.110,1.250,No,No,No,41,41,94.0,100.0,No,No,32291,48158,37,70,99.0,100.0,No,No,1856,3314,0.2,1.6,1.8,0.064,0.033,62652,43664,0.2,0.0,0.2,0.642,0.000,35335,12253,74.7,74.0,81.8,83.0,0.875,20.499,20.490,20.508,64.743,27.294,45.663,15.388,61.298,3.000,18.343,10.153,37.213,100.000,140.000,2250.0,2200.2,1890.0,2228.8,1905.0,59.0,25.0,0.0,9.0,66.7,13.7,55.0,0.0,0.0,0.0,Yes,No,No,No,No,Yes,No,0,0,0,0,0,0,0,0,0,4,0,0,0,0,0,0,0,0,0,0,0,0,0,0,0,0,0,0,0,0,2724,5464,5233,318,16.0,67,0.300,46.093,600.0,2394.0,0.2,0.0,0.0,0.0,0.0,0.0,0.0,0.0,0.0,2,16190,2,No,No,No,No,No,No,No,No,16.703,68.277,100.0,0.000,24.1,120,0,0,7.5,119.7,190.3,91.1,64.2,73.2,61.9,119.8,175.8,85.7,55.5,65.4,53.0,8.35,11.04,5.20,4.93,13.74,16.25,5.46,2.89,8.02,0.34,1.08,1446,246,4.3,8.0,0,0,0.0,0.0,0,
11.6.2026,17:29:43.318,25490,23278,52.2,20107,12277,62.0,10.9,16384,1789,1.173,1.163,1.156,1.186,1.186,1.176,1.161,1.161,1.176,1.176,1.171,1.181,1.181,1.166,1.186,1.021,0.781,3719.5,4289.5,4289.5,4289.5,4289.5,4289.5,4289.5,1895.4,3491.5,3491.5,3491.5,3491.5,3491.5,3491.5,3491.5,99.8,3691.0,1270.2,2284.0,1030.2,1818.9,1141.4,1958.0,2143.7,2136.0,1991.1,1296.4,1175.7,1806.5,799.4,725.7,707.3,694.7,729.9,736.0,734.8,767.6,726.5,1402.4,31.7,53.4,23.9,42.5,26.7,45.1,49.6,49.2,45.8,30.9,27.9,43.1,18.9,22.0,21.6,21.0,22.1,22.3,21.8,23.0,22.6,53.4,31.7,100.0,54.7,89.8,40.5,70.7,44.9,76.3,84.0,83.5,77.9,50.7,45.9,70.4,31.2,40.8,39.7,39.2,41.0,41.2,41.8,43.2,40.5,54.6,37.3,43.0,43.0,43.0,43.0,43.0,43.0,19.0,35.0,35.0,35.0,35.0,35.0,35.0,35.0,37.0,70,72,73,71,70,69,71,70,69,69,69,69,69,69,69,30,28,27,29,30,31,29,30,31,31,31,31,31,31,31,81,73,No,No,No,No,No,No,No,No,No,No,No,No,No,No,No,No,No,No,No,No,No,No,No,No,No,No,No,No,No,No,Yes,Yes,Yes,Yes,Yes,Yes,Yes,Yes,Yes,Yes,Yes,Yes,Yes,Yes,Yes,No,No,Yes,81,77,68,1.100,42.188,47.209,39.985,0.002,5.671,0.759,175.0,175.0,175.0,175.0,0,0.0,0.0,31.6,53.1,23.8,42.5,26.6,45.0,49.2,49.0,45.7,30.7,27.9,43.0,18.8,22.0,21.6,21.0,22.1,22.3,21.9,23.1,22.8,35.5,33.9,39.7,17.3,15.8,49.9,44.0,38.5,35.9,34.0,36.2,39.7,34.4,48.8,28.2,20.3,0.0,0.0,0.2,0.6,0.0,0.0,34.2,37.1,39.2,36.0,32.9,38.0,23.5,43.1,0.2,0.0,0.5,0.0,0.0,0.1,0.3,2394.1,24.00,36,35,35,68,103,383,2,2,Yes,No,No,No,No,No,No,No,Yes,No,Yes,No,No,No,No,No,No,No,No,No,No,No,No,No,No,No,No,No,No,No,No,No,No,No,No,No,No,No,85.0,5040,4620,5040,68.8,1.095,1.110,1.800,1.800,1.005,5.110,1.250,No,No,No,68.5,1.095,1.110,1.800,1.800,1.005,5.110,1.500,No,No,No,41,41,94.0,100.0,No,No,32291,48158,37,70,99.0,100.0,No,No,1856,3314,0.1,1.5,1.6,0.004,0.050,62652,43664,0.6,0.0,0.6,3.880,0.000,35338,12253,75.8,74.0,83.5,83.0,0.875,20.496,20.486,20.507,64.821,38.910,48.161,15.508,63.919,3.000,18.465,91.659,31.657,100.000,140.000,2250.0,2200.2,1890.0,2229.1,1905.0,62.0,26.0,0.0,9.0,66.7,14.0,55.8,0.0,0.0,0.0,Yes,No,No,No,No,Yes,No,0,0,0,0,0,0,0,0,0,4,0,0,0,0,0,0,0,0,0,0,0,0,0,0,0,0,0,0,0,0,2724,5464,5233,318,16.0,68,0.300,47.880,600.0,2394.0,0.1,0.0,0.0,0.0,0.0,0.0,0.0,0.0,0.0,2,16190,2,No,No,No,No,No,No,No,No,16.703,68.277,100.0,0.000,24.1,116,0,0,8.9,116.4,151.8,52.8,46.8,48.8,46.2,116.4,199.1,54.9,43.3,47.0,42.3,8.59,18.92,6.53,5.71,20.52,21.69,5.49,3.11,8.26,0.33,1.38,1446,246,5.6,9.0,0,0,0.0,0.0,0,
11.6.2026,17:29:44.317,25469,23298,52.2,20115,12269,62.1,10.9,16384,1789,1.187,1.249,1.204,1.174,1.174,1.174,1.174,1.180,1.195,1.185,1.185,1.195,1.170,1.185,1.170,1.061,0.781,3976.0,4489.0,4489.0,4489.0,4489.0,4489.0,4489.0,3591.2,3591.2,3591.2,3591.2,3591.2,3591.2,3591.2,3591.2,99.8,3890.5,1230.0,2274.5,1016.9,1792.1,1100.5,1704.7,2294.0,1965.8,2307.0,1404.6,1019.7,1790.1,810.5,617.3,580.7,656.7,651.5,659.5,620.8,687.0,646.1,1374.2,30.3,53.2,23.4,42.2,25.7,39.0,52.6,45.2,52.6,33.1,24.1,42.3,18.8,18.3,17.3,19.4,19.8,19.9,18.3,20.7,20.3,53.2,30.3,100.0,52.5,89.5,40.0,69.7,43.2,66.6,89.5,76.5,89.7,54.6,39.9,69.7,31.5,34.8,33.1,36.9,36.8,37.2,35.3,38.8,36.5,52.5,39.9,45.0,45.0,45.0,45.0,45.0,45.0,36.0,36.0,36.0,36.0,36.0,36.0,36.0,36.0,39.0,70,72,72,75,74,71,70,69,69,69,69,68,68,68,68,30,28,28,25,26,29,30,31,31,31,31,32,32,32,32,79,75,No,No,No,No,No,No,No,No,No,No,No,No,No,No,No,No,No,No,No,No,No,No,No,No,No,No,No,No,No,No,Yes,Yes,Yes,Yes,Yes,Yes,Yes,Yes,Yes,Yes,Yes,Yes,Yes,Yes,Yes,No,No,Yes,79,75,68,1.100,44.719,48.130,40.890,0.002,5.664,0.754,175.0,175.0,175.0,175.0,0,0.0,0.0,30.4,53.0,23.5,42.1,25.8,39.0,52.5,45.2,52.6,33.2,24.0,42.4,18.7,18.5,17.5,19.6,20.0,20.1,18.5,20.8,20.2,28.3,34.2,40.9,18.0,14.7,50.0,44.1,24.5,20.6,24.6,24.3,23.0,21.5,38.4,17.8,28.6,0.0,0.0,0.1,0.0,0.0,0.0,50.8,55.2,49.7,49.1,50.7,53.8,35.1,55.8,0.1,0.0,0.4,0.1,0.0,0.0,0.0,2394.1,24.00,36,35,35,68,103,383,2,2,Yes,No,No,No,No,No,No,No,Yes,No,Yes,No,No,Yes,No,No,No,No,No,No,No,Yes,No,No,No,No,No,No,No,No,No,No,No,No,No,No,No,No,84.0,5100,4560,5040,68.8,1.095,1.110,1.800,1.800,1.005,5.110,1.750,No,No,No,68.5,1.110,1.110,1.800,1.800,1.005,5.110,1.625,No,No,No,41,41,94.0,100.0,No,No,32291,48158,37,70,99.0,100.0,No,No,1856,3314,0.0,0.6,0.6,0.000,0.014,62652,43665,0.3,0.0,0.3,1.141,0.000,35339,12253,75.7,74.0,83.8,83.0,0.875,20.498,20.489,20.507,66.222,27.885,47.187,15.223,62.649,3.000,18.185,12.247,36.701,100.000,140.000,2250.0,2200.2,1890.0,2227.5,1905.0,61.0,24.0,0.0,8.0,66.7,14.1,56.2,0.0,0.0,0.0,Yes,No,No,No,No,Yes,No,0,0,0,0,0,0,0,0,0,4,0,0,0,0,0,0,0,0,0,0,0,0,0,0,0,0,0,0,0,0,2724,5464,5232,318,16.0,67,0.297,50.215,600.0,2394.0,0.1,0.0,0.0,0.0,0.0,0.0,0.0,0.0,0.0,2,16190,2,No,No,No,No,No,No,No,No,16.704,68.277,100.0,0.000,24.1,120,0,0,8.8,119.8,151.5,103.2,86.4,92.9,84.7,119.8,153.0,100.7,91.9,95.4,90.9,8.35,9.69,6.59,6.42,10.77,11.81,5.50,2.85,8.02,0.33,0.80,1446,246,1.7,8.0,0,0,0.0,0.0,0,
11.6.2026,17:29:45.331,25482,23285,52.2,20120,12264,62.1,10.9,16384,1789,1.228,1.222,1.208,1.188,1.232,1.242,1.237,1.217,1.217,1.222,1.232,1.232,1.247,1.232,1.257,1.061,0.781,3976.0,4489.0,4489.0,4489.0,4489.0,4489.0,4489.0,3591.2,3591.2,3591.2,3591.2,3591.2,3591.2,3591.2,3591.2,99.8,3890.5,1174.2,2226.1,947.4,1759.2,949.5,1714.9,2228.7,1919.4,2311.5,1399.8,902.3,1788.9,633.6,593.6,549.4,566.6,538.1,561.6,605.3,672.8,615.3,1314.3,28.5,51.2,21.6,40.8,21.9,38.8,49.9,43.2,51.6,32.9,20.6,41.8,14.2,18.0,16.6,16.9,15.9,16.9,17.9,20.3,18.8,51.6,28.5,100.0,50.0,87.4,37.2,68.4,37.3,66.9,87.1,74.7,90.0,54.5,35.0,69.8,24.4,33.8,31.4,32.4,30.7,32.0,34.6,37.9,35.0,50.0,39.9,45.0,45.0,45.0,45.0,45.0,45.0,36.0,36.0,36.0,36.0,36.0,36.0,36.0,36.0,39.0,70,71,69,72,71,69,73,69,69,69,69,68,68,68,68,30,29,31,28,29,31,27,31,31,31,31,32,32,32,32,79,73,No,No,No,No,No,No,No,No,No,No,No,No,No,No,No,No,No,No,No,No,No,No,No,No,No,No,No,No,No,No,Yes,Yes,Yes,Yes,Yes,Yes,Yes,Yes,Yes,Yes,Yes,Yes,Yes,Yes,Yes,No,No,Yes,81,75,68,1.100,53.157,46.175,39.032,0.002,5.632,0.734,175.0,175.0,175.0,175.0,0,0.0,0.0,28.4,50.8,21.5,40.6,21.7,38.6,49.7,43.1,51.5,32.8,20.6,41.7,14.1,17.9,16.6,16.9,16.0,16.9,17.9,20.3,18.9,21.3,37.1,44.5,19.7,16.0,52.3,47.6,8.7,7.2,10.1,6.5,9.0,11.2,20.6,7.5,37.2,0.0,0.0,0.2,0.1,0.0,0.0,66.3,69.0,65.8,69.9,67.0,64.0,52.2,66.4,0.1,0.0,0.4,0.0,0.0,0.1,0.0,2394.1,24.00,36,35,35,68,103,383,2,2,Yes,No,No,No,No,No,No,No,Yes,No,Yes,No,No,Yes,No,No,No,No,No,No,No,Yes,No,No,No,No,No,No,No,No,No,No,No,No,No,No,No,No,85.0,5100,4500,5040,68.8,1.110,1.110,1.800,1.800,1.005,5.110,1.375,No,No,No,68.5,1.110,1.110,1.800,1.800,1.005,5.110,1.750,No,No,No,41,41,94.0,100.0,No,No,32291,48158,37,70,99.0,100.0,No,No,1856,3314,0.0,1.7,1.7,0.000,0.043,62652,43665,0.1,0.0,0.1,0.323,0.000,35340,12253,75.6,74.0,83.2,83.0,0.875,20.497,20.487,20.507,65.455,28.161,48.202,15.243,63.694,3.000,18.201,10.295,38.494,100.000,140.000,2250.0,2200.2,1890.0,2228.9,1905.0,59.0,24.0,0.0,8.0,66.7,13.9,55.4,0.0,0.0,0.0,Yes,No,No,No,No,Yes,No,0,0,0,0,0,0,0,0,0,4,0,0,0,0,0,0,0,0,0,0,0,0,0,0,0,0,0,0,0,0,2724,5464,5232,318,16.0,68,0.300,43.183,600.0,2394.0,0.1,0.0,0.0,0.0,0.0,0.0,0.0,0.0,0.0,2,16190,2,No,No,No,No,No,No,No,No,16.703,68.277,100.0,0.000,24.1,120,0,0,10.0,120.0,139.2,106.9,106.2,106.5,106.1,120.0,143.1,105.4,105.0,105.1,104.9,8.34,9.36,7.16,7.06,9.39,9.42,5.43,2.91,8.02,0.32,0.62,1446,246,5.8,6.6,0,0,0.0,0.0,0,
11.6.2026,17:29:46.328,25484,23284,52.2,20121,12262,62.1,10.9,16384,1789,1.182,1.218,1.202,1.197,1.164,1.174,1.154,1.214,1.184,1.219,1.167,1.167,1.167,1.162,1.162,1.061,0.778,3726.6,4489.0,4688.5,4489.0,4489.0,4489.0,798.0,3591.2,3591.2,3591.2,3591.2,3591.2,3591.2,3591.2,3591.2,99.8,3890.5,1191.8,2273.7,959.7,1772.5,973.6,1678.5,2448.7,1928.9,2250.8,1399.5,1062.3,1708.8,678.2,597.7,517.6,557.3,606.4,596.6,604.4,623.4,598.4,1338.4,28.7,52.4,21.8,40.7,22.3,37.8,54.6,43.3,50.5,32.6,24.8,39.8,14.3,17.6,15.2,16.7,18.3,17.6,17.7,18.5,18.2,54.6,28.7,100.0,50.8,89.5,37.7,68.8,38.2,65.5,95.6,75.0,87.9,54.6,41.6,66.6,26.5,33.9,29.9,31.9,34.8,34.4,34.2,35.7,34.4,50.8,37.4,45.0,47.0,45.0,45.0,45.0,8.0,36.0,36.0,36.0,36.0,36.0,36.0,36.0,36.0,39.0,70,72,72,74,72,69,71,69,69,69,70,68,68,68,68,30,28,28,26,28,31,29,31,31,31,30,32,32,32,32,79,74,No,No,No,No,No,No,No,No,No,No,No,No,No,No,No,No,No,No,No,No,No,No,No,No,No,No,No,No,No,No,Yes,Yes,Yes,Yes,Yes,Yes,Yes,Yes,Yes,Yes,Yes,Yes,Yes,Yes,Yes,No,No,Yes,81,74,68,1.100,30.375,47.863,40.659,0.002,5.627,0.738,175.0,175.0,175.0,175.0,0,0.0,0.0,28.7,51.9,21.6,40.6,22.2,37.6,54.6,43.1,50.2,32.4,24.7,39.7,15.2,17.6,15.2,16.7,18.3,17.6,17.8,18.5,18.1,21.7,36.1,44.2,17.5,16.9,49.7,48.7,15.0,6.8,10.6,14.6,6.3,15.2,15.1,7.1,36.6,0.0,0.0,0.0,0.0,0.0,0.0,60.5,70.6,65.5,59.9,68.5,60.4,58.9,67.7,0.2,0.0,0.3,0.0,0.0,0.4,0.3,2394.1,24.00,36,35,35,68,103,383,2,2,Yes,No,No,No,No,No,No,No,Yes,No,Yes,No,No,Yes,No,No,No,No,No,No,No,Yes,No,No,No,No,No,No,No,No,No,No,No,No,No,No,No,No,84.0,5100,4560,5040,68.8,1.110,1.110,1.815,1.800,1.005,5.110,1.500,No,No,No,68.5,1.110,1.110,1.800,1.800,1.005,5.110,1.875,No,No,No,41,41,94.0,100.0,No,No,32291,48158,37,70,99.0,100.0,No,No,1856,3314,0.0,2.5,2.5,0.000,0.065,62652,43665,0.0,0.0,0.0,0.000,0.000,35340,12253,75.9,74.0,83.8,83.0,0.875,20.504,20.495,20.513,65.602,27.812,47.336,15.166,62.750,3.000,18.141,10.290,37.998,100.000,140.000,2250.0,2200.2,1890.0,2228.6,1905.0,61.0,24.0,0.0,8.0,66.7,14.0,56.0,0.0,0.0,0.0,Yes,No,No,No,No,Yes,No,0,0,0,0,0,0,0,0,0,4,0,0,0,0,0,0,0,0,0,0,0,0,0,0,0,0,0,0,0,0,2724,5464,5232,318,16.0,68,0.297,46.525,600.0,2394.0,0.2,0.0,0.0,0.0,0.0,0.0,0.0,0.0,0.0,2,16190,2,No,No,No,No,No,No,No,No,16.703,68.277,100.0,0.000,24.1,120,0,0,8.8,120.1,134.6,109.1,103.0,105.4,102.3,120.2,143.3,105.6,101.5,103.1,101.0,8.32,9.14,7.45,6.89,9.48,9.77,5.49,2.85,8.01,0.32,0.48,1446,246,11.9,6.4,0,0,0.0,0.0,0,
11.6.2026,17:29:47.329,25478,23290,52.2,20116,12268,62.1,10.9,16384,1789,1.228,1.236,1.211,1.216,1.216,1.221,1.206,1.266,1.226,1.244,1.239,1.244,1.199,1.229,1.244,1.061,0.781,3990.2,4489.0,4489.0,4688.5,4489.0,4489.0,4489.0,3591.2,3591.2,3591.2,3591.2,3591.2,3591.2,3591.2,3591.2,99.8,3890.5,1160.0,2194.7,1046.2,1816.7,832.8,2147.1,2035.8,2231.5,1828.5,1363.0,972.7,1677.6,626.1,554.6,516.9,547.0,507.7,616.6,514.4,580.0,589.2,1306.2,27.9,50.3,23.5,41.6,18.8,47.8,45.5,49.9,40.9,31.6,22.2,39.1,14.0,16.7,15.1,16.3,14.9,18.7,15.1,17.3,18.0,50.3,27.9,100.0,49.3,86.5,41.1,70.7,32.7,83.1,79.9,86.7,72.0,53.1,38.0,65.6,24.3,31.9,29.5,31.3,29.2,35.0,29.7,33.1,33.3,49.3,40.0,45.0,45.0,47.0,45.0,45.0,45.0,36.0,36.0,36.0,36.0,36.0,36.0,36.0,36.0,39.0,69,70,70,75,71,69,68,69,69,69,69,68,68,68,68,31,30,30,25,29,31,32,31,31,31,31,32,32,32,32,79,75,No,No,No,No,No,No,No,No,No,No,No,No,No,No,No,No,No,No,No,No,No,No,No,No,No,No,No,No,No,No,Yes,Yes,Yes,Yes,Yes,Yes,Yes,Yes,Yes,Yes,Yes,Yes,Yes,Yes,Yes,No,No,Yes,81,76,68,1.100,82.689,44.583,38.060,0.003,5.610,0.728,175.0,175.0,175.0,175.0,0,0.0,0.0,27.9,50.0,23.6,41.6,18.9,47.9,45.5,49.9,40.8,31.7,22.3,39.1,14.0,16.8,15.4,16.5,15.1,19.0,15.1,17.5,18.2,19.4,36.7,46.4,16.8,18.6,52.7,50.7,4.7,3.0,4.3,5.1,9.3,2.1,14.0,7.9,39.9,0.0,0.0,0.3,0.0,0.0,0.0,70.9,74.5,72.0,72.3,64.5,75.7,61.3,67.5,0.1,0.0,0.1,0.1,0.0,0.5,0.0,2394.1,24.00,36,35,35,68,103,383,2,2,Yes,No,No,No,No,No,No,No,Yes,No,Yes,No,No,No,No,No,No,No,No,No,No,No,No,No,No,No,No,Yes,No,No,No,No,No,No,No,Yes,No,No,85.0,5100,4620,5040,68.8,1.110,1.110,1.800,1.800,1.005,5.110,2.625,No,No,No,68.5,1.110,1.110,1.800,1.815,1.005,5.110,1.750,No,No,No,41,41,94.0,100.0,No,No,32291,48158,37,70,99.0,100.0,No,No,1856,3314,0.3,2.3,2.5,0.065,0.127,62652,43665,0.1,0.0,0.1,0.263,0.000,35340,12253,75.5,74.0,83.2,83.0,0.875,20.508,20.499,20.517,65.666,27.540,46.360,15.026,61.632,3.000,17.998,10.278,38.485,100.000,140.000,2250.0,2200.2,1890.0,2228.3,1905.0,59.0,23.0,0.0,8.0,66.7,14.1,56.3,0.0,0.0,0.0,Yes,No,No,No,No,Yes,No,0,0,0,0,0,0,0,0,0,4,0,0,0,0,0,0,0,0,0,0,0,0,0,0,0,0,0,0,0,0,2724,5464,5232,315,16.0,68,0.297,45.741,600.0,2394.0,0.1,0.0,0.0,0.0,0.0,0.0,0.0,0.0,0.0,2,16190,2,No,No,No,No,No,No,No,No,16.703,68.277,100.0,0.000,24.1,120,0,0,8.1,120.1,134.0,105.5,91.7,97.1,90.1,120.1,141.0,104.5,93.4,97.8,92.2,8.33,9.47,7.48,6.58,10.36,11.22,5.52,2.81,8.01,0.32,0.55,1446,246,1.9,6.7,0,0,0.0,0.0,0,
11.6.2026,17:29:48.326,25563,23205,52.4,20115,12269,62.1,10.9,16384,1789,1.203,1.245,1.189,1.224,1.224,1.191,1.216,1.191,1.186,1.201,1.201,1.201,1.201,1.186,1.186,1.061,0.781,3990.2,4489.0,4489.0,4688.5,4489.0,4489.0,4489.0,3591.2,3591.2,3591.2,3591.2,3591.2,3591.2,3591.2,3591.2,99.8,3890.5,1219.4,2292.7,988.2,1770.0,1003.3,2282.2,2105.6,2012.4,2044.6,1401.9,1046.9,1661.4,682.0,612.5,607.3,630.0,603.6,669.2,656.6,657.1,661.1,1359.0,29.3,52.5,22.3,40.7,21.7,51.0,47.1,45.0,45.9,31.5,24.0,38.6,15.4,17.9,18.3,19.0,17.9,19.5,18.9,19.1,19.9,52.5,29.3,100.0,52.1,90.0,38.8,68.7,39.3,88.5,82.1,78.0,80.5,54.5,40.9,64.8,26.6,34.9,34.4,35.6,34.2,37.9,37.2,37.2,37.6,52.1,40.0,45.0,45.0,47.0,45.0,45.0,45.0,36.0,36.0,36.0,36.0,36.0,36.0,36.0,36.0,39.0,69,70,71,72,70,72,67,69,69,69,69,68,68,68,68,31,30,29,28,30,28,33,31,31,31,31,32,32,32,32,81,72,No,No,No,No,No,No,No,No,No,No,No,No,No,No,No,No,No,No,No,No,No,No,No,No,No,No,No,No,No,No,Yes,Yes,Yes,Yes,Yes,Yes,Yes,Yes,Yes,Yes,Yes,Yes,Yes,Yes,Yes,No,No,Yes,81,74,68,1.100,27.844,46.209,38.451,0.002,5.651,0.743,175.0,175.0,175.0,175.0,0,0.0,0.0,29.4,52.1,22.3,40.7,22.9,50.9,47.0,44.9,45.6,32.5,24.0,38.6,15.3,18.0,18.4,19.2,18.1,19.5,19.0,19.2,19.9,21.7,36.4,44.7,14.7,19.7,51.3,50.8,13.7,10.5,9.2,10.9,12.3,9.5,13.7,6.8,36.3,0.0,0.0,0.0,0.0,0.0,0.0,61.5,64.6,64.8,64.0,61.4,65.0,60.3,66.5,0.1,0.0,0.4,0.0,0.3,0.1,0.0,2394.1,24.00,36,35,35,68,103,383,2,2,Yes,No,No,No,No,No,No,No,Yes,No,Yes,No,No,Yes,No,No,No,No,No,No,No,Yes,No,No,No,No,No,Yes,No,No,No,No,No,No,No,Yes,No,No,86.0,5040,4620,5040,68.8,1.110,1.110,1.800,1.815,1.005,5.110,1.375,No,No,No,68.8,1.110,1.110,1.800,1.815,1.005,5.110,1.500,No,No,No,41,41,94.0,100.0,No,No,32291,48158,37,70,99.0,100.0,No,No,1856,3314,0.0,1.3,1.3,0.000,0.177,62652,43665,0.5,0.0,0.5,3.409,0.000,35343,12253,75.5,74.0,83.6,83.0,0.875,20.509,20.501,20.516,63.141,26.060,44.110,14.863,59.210,3.000,17.829,10.057,33.353,100.000,140.000,2250.0,2200.2,1890.0,2228.6,1905.0,56.0,23.0,0.0,8.0,66.7,13.1,52.6,0.0,0.0,0.0,Yes,No,No,No,No,Yes,No,0,0,0,0,0,0,0,0,0,4,0,0,0,0,0,0,0,0,0,0,0,0,0,0,0,0,0,0,0,0,2724,5464,5232,315,16.0,68,0.297,44.166,600.0,2394.0,0.2,0.0,0.0,0.0,0.0,0.0,0.0,0.0,0.0,2,16190,2,No,No,No,No,No,No,No,No,16.703,68.277,100.0,0.000,24.1,119,0,0,8.8,119.1,201.3,72.8,68.0,69.8,67.5,119.2,215.1,72.7,63.1,66.7,62.1,8.40,13.70,4.91,4.80,14.36,14.91,5.37,3.02,8.07,0.32,1.31,1446,246,5.1,12.3,0,0,0.0,0.0,0,
11.6.2026,17:29:49.323,25489,23279,52.2,20124,12260,62.1,10.9,16384,1789,1.189,1.218,1.163,1.148,1.148,1.140,1.140,1.155,1.235,1.235,1.235,1.195,1.220,1.195,1.220,1.061,0.781,3854.9,4489.0,4489.0,4489.0,4489.0,4489.0,4489.0,3591.2,3591.2,3591.2,1895.4,3591.2,3591.2,3591.2,3591.2,99.8,3890.5,1136.6,2184.2,1007.4,1649.2,939.7,2053.1,2108.5,1680.0,2222.8,1346.0,784.6,1792.5,570.1,571.0,527.4,600.3,543.8,506.5,501.0,550.5,593.9,1286.3,26.5,49.5,21.6,37.2,21.7,44.9,46.4,36.8,49.0,31.6,16.7,40.7,12.8,15.7,14.4,16.6,14.5,13.6,13.4,14.9,17.0,49.5,26.5,100.0,48.3,85.9,39.6,64.1,36.7,79.5,82.6,65.4,86.9,52.4,30.5,69.9,22.1,32.6,30.0,34.3,31.1,29.0,28.6,31.5,33.6,48.3,38.6,45.0,45.0,45.0,45.0,45.0,45.0,36.0,36.0,36.0,19.0,36.0,36.0,36.0,36.0,39.0,70,76,71,75,72,71,70,68,69,69,69,68,68,68,68,30,24,29,25,28,29,30,32,31,31,31,32,32,32,32,79,76,No,No,No,No,No,No,No,No,No,No,No,No,No,No,No,No,No,No,No,No,No,No,No,No,No,No,No,No,No,No,No,No,No,No,No,No,No,No,No,No,No,No,No,No,No,No,No,No,79,76,68,1.100,25.313,43.826,36.692,0.002,5.594,0.718,175.0,175.0,175.0,175.0,0,0.0,0.0,27.4,49.9,22.8,38.1,21.7,45.7,47.2,37.5,49.7,31.6,17.9,41.6,12.7,17.1,16.1,17.9,15.9,15.0,14.8,16.3,18.3,21.1,37.0,47.8,15.9,22.0,56.4,49.3,6.3,3.9,7.9,13.5,7.1,2.8,18.2,6.7,39.2,0.0,0.0,1.6,0.0,0.0,0.0,69.5,73.3,67.3,63.6,71.0,75.5,58.4,68.3,0.1,0.0,0.2,0.0,0.1,0.1,0.3,2394.1,24.00,36,35,35,68,103,383,2,2,Yes,No,No,No,No,No,No,No,No,No,Yes,No,No,Yes,No,No,No,No,No,No,No,Yes,No,No,No,No,No,Yes,No,No,No,No,No,No,No,Yes,No,No,85.0,5040,4620,5100,68.8,1.110,1.110,1.800,1.815,1.005,5.110,1.750,No,No,No,68.8,1.110,1.110,1.800,1.815,1.005,5.110,2.000,No,No,No,41,41,94.0,100.0,No,No,32291,48158,37,70,99.0,100.0,No,No,1856,3314,0.0,1.7,1.7,0.000,0.059,62652,43665,0.0,0.0,0.0,0.000,0.000,35343,12253,75.3,74.0,83.0,83.0,0.875,20.501,20.493,20.510,62.241,26.175,45.342,15.021,60.585,3.000,17.986,10.108,31.183,100.000,140.000,2250.0,2200.2,1890.0,2229.3,1905.0,58.0,24.0,0.0,8.0,66.7,13.1,52.2,0.0,0.0,0.0,Yes,No,No,No,No,Yes,No,0,0,0,0,0,0,0,0,0,4,0,0,0,0,0,0,0,0,0,0,0,0,0,0,0,0,0,0,0,0,2724,5464,5232,315,16.0,67,0.300,45.232,600.0,2394.0,0.2,0.0,0.0,0.0,0.0,0.0,0.0,0.0,0.0,2,16190,2,No,No,No,No,No,No,No,No,16.703,68.277,100.0,0.000,24.1,120,0,0,8.5,120.0,145.6,99.0,86.3,91.0,84.9,119.9,174.2,96.7,88.6,91.8,87.7,8.33,10.09,6.85,4.99,10.98,11.76,5.14,3.20,8.01,0.32,0.83,1446,246,2.4,5.7,0,0,0.0,0.0,0,
11.6.2026,17:29:50.324,25492,23276,52.2,20123,12261,62.1,10.9,16384,1789,1.182,1.267,1.184,1.179,1.174,1.154,1.224,1.188,1.188,1.198,1.173,1.159,1.149,1.159,1.149,1.061,0.781,3976.0,4489.0,4489.0,4489.0,4489.0,4489.0,4489.0,3591.2,3591.2,3591.2,3591.2,3591.2,3591.2,3591.2,3591.2,99.8,3890.5,1153.1,2145.4,1076.6,1637.8,938.9,1369.9,2656.9,1829.1,2391.3,1288.2,992.3,1701.1,613.2,544.9,531.7,550.9,570.5,525.4,503.5,589.7,604.9,1302.4,27.7,49.3,24.4,37.7,21.5,30.8,59.4,40.9,53.6,30.2,22.8,39.7,13.8,16.2,16.1,16.1,17.1,15.2,14.4,17.2,18.5,59.4,27.7,100.0,49.1,84.9,42.4,63.7,36.8,53.5,103.6,70.8,93.4,50.3,38.8,66.3,23.8,31.2,30.7,31.5,32.5,30.2,28.7,33.8,34.4,49.1,39.9,45.0,45.0,45.0,45.0,45.0,45.0,36.0,36.0,36.0,36.0,36.0,36.0,36.0,36.0,39.0,70,72,72,74,72,71,71,68,68,68,68,68,68,68,68,30,28,28,26,28,29,29,32,32,32,32,32,32,32,32,81,74,No,No,No,No,No,No,No,No,No,No,No,No,No,No,No,No,No,No,No,No,No,No,No,No,No,No,No,No,No,No,No,No,No,No,No,No,No,No,No,No,No,No,No,No,No,No,No,No,81,75,68,1.100,27.000,43.005,35.934,0.002,5.606,0.722,175.0,175.0,175.0,175.0,0,0.0,0.0,27.8,49.0,24.3,37.6,21.5,30.8,59.4,40.8,53.4,30.2,22.8,39.7,13.8,16.3,16.1,16.4,17.3,15.4,14.7,17.5,18.7,20.0,37.3,47.9,19.0,16.2,53.6,50.4,1.9,6.7,9.7,14.6,4.9,0.5,11.6,5.8,39.7,0.0,0.0,0.0,0.7,0.0,0.0,74.4,70.4,66.8,61.3,72.4,77.7,63.3,68.6,0.1,0.0,0.3,0.0,0.0,0.0,0.0,2394.1,24.00,36,35,35,68,103,383,2,2,Yes,No,No,No,No,No,No,No,No,No,Yes,No,No,Yes,No,No,No,No,No,No,No,Yes,No,No,No,No,No,Yes,No,No,No,No,No,No,No,Yes,No,No,85.0,5100,4620,5040,68.8,1.095,1.110,1.800,1.815,1.005,5.110,2.500,No,No,No,68.8,1.110,1.110,1.800,1.815,1.005,5.110,1.375,No,No,No,41,41,94.0,100.0,No,No,32291,48158,37,70,99.0,100.0,No,No,1856,3314,0.0,2.2,2.2,0.000,0.059,62652,43665,0.1,0.0,0.1,0.259,0.000,35344,12253,75.8,74.0,84.2,83.0,0.875,20.499,20.490,20.507,63.565,26.755,46.088,15.183,61.502,3.000,18.143,11.745,31.625,100.000,140.000,2250.0,2200.2,1890.0,2228.3,1905.0,58.0,24.0,0.0,8.0,66.7,13.3,53.4,0.0,0.0,0.0,Yes,No,No,No,No,Yes,No,0,0,0,0,0,0,0,0,0,4,0,0,0,0,0,0,0,0,0,0,0,0,0,0,0,0,0,0,0,0,2724,5464,5232,315,16.0,68,0.297,41.730,600.0,2394.0,0.1,0.0,0.0,0.0,0.0,0.0,0.0,0.0,0.0,2,16190,2,No,No,No,No,No,No,No,No,16.703,68.277,100.0,0.000,24.1,120,0,0,7.5,120.0,145.6,95.0,94.2,94.4,94.2,120.0,151.5,93.5,92.7,92.8,92.7,8.33,10.62,6.76,6.65,10.73,10.77,5.23,3.10,8.02,0.32,0.84,1446,246,3.0,3.5,0,0,0.0,0.0,0,
11.6.2026,17:29:51.321,25492,23276,52.2,20113,12271,62.1,10.9,16384,1789,1.207,1.222,1.182,1.182,1.182,1.152,1.191,1.201,1.219,1.219,1.234,1.224,1.214,1.239,1.239,1.061,0.781,3790.7,4688.5,4489.0,4489.0,4489.0,4489.0,4489.0,798.0,3591.2,3591.2,3591.2,3591.2,3591.2,3591.2,3591.2,99.8,3890.5,1171.2,2111.8,1073.6,1726.8,931.8,1600.2,2452.2,1927.0,2350.3,1444.5,834.9,1768.2,633.7,594.2,566.3,570.2,559.1,550.6,510.1,632.6,585.2,1321.5,28.2,48.6,24.3,39.7,21.4,35.9,54.8,43.4,53.2,33.9,18.9,41.3,14.3,17.5,16.5,16.8,16.3,16.1,14.9,18.9,17.7,54.8,28.2,100.0,49.9,83.1,42.2,67.2,36.6,62.3,95.7,74.7,91.7,56.4,32.4,69.0,24.6,34.0,32.5,32.7,32.0,31.5,29.4,35.9,33.2,49.8,38.0,47.0,45.0,45.0,45.0,45.0,45.0,8.0,36.0,36.0,36.0,36.0,36.0,36.0,36.0,39.0,70,73,71,74,74,70,71,69,69,69,69,68,68,68,68,30,27,29,26,26,30,29,31,31,31,31,32,32,32,32,79,74,No,No,No,No,No,No,No,No,No,No,No,No,No,No,No,No,No,No,No,No,No,No,No,No,No,No,No,No,No,No,No,No,No,No,No,No,No,No,No,No,No,No,No,No,No,No,No,No,81,75,68,1.100,45.563,45.377,38.190,0.002,5.624,0.729,175.0,175.0,175.0,175.0,0,0.0,0.0,28.2,48.3,24.3,39.6,21.4,35.8,54.8,43.3,53.0,33.9,19.0,41.2,14.1,17.5,16.6,16.9,16.4,16.2,15.0,19.0,17.7,22.5,37.7,46.5,18.6,14.1,52.7,48.9,14.4,9.2,12.2,14.2,14.4,8.0,17.9,5.8,36.8,0.0,0.0,0.0,1.3,0.0,0.0,61.0,67.3,64.0,62.5,62.4,70.2,56.1,69.9,0.1,0.0,0.2,0.0,0.0,0.3,0.0,2394.1,24.00,36,35,35,68,103,383,2,2,Yes,No,No,No,No,No,No,No,No,No,Yes,No,No,Yes,No,No,No,No,No,No,No,Yes,No,No,No,No,No,Yes,No,No,No,No,No,No,No,Yes,No,No,86.0,5040,4620,5040,68.8,1.110,1.110,1.800,1.815,1.005,5.110,2.250,No,No,No,68.8,1.110,1.110,1.800,1.815,1.005,5.110,1.375,No,No,No,41,41,94.0,100.0,No,No,32291,48158,37,70,99.0,100.0,No,No,1856,3314,0.0,0.7,0.7,0.000,0.212,62652,43665,0.4,0.0,0.4,0.581,0.000,35344,12253,74.2,74.0,81.2,83.0,0.875,20.480,20.471,20.489,62.614,36.529,44.629,15.190,60.053,3.000,18.150,76.269,38.410,100.000,140.000,2250.0,2200.2,1890.0,2228.6,1905.0,57.0,24.0,0.0,8.0,66.3,12.9,51.6,0.0,0.0,0.0,Yes,No,No,No,No,Yes,No,0,0,0,0,0,0,0,0,0,4,0,0,0,0,0,0,0,0,0,0,0,0,0,0,0,0,0,0,0,0,2756,5432,5200,315,16.0,68,0.300,49.121,600.0,2394.0,0.1,0.0,0.0,0.0,0.0,0.0,0.0,0.0,0.0,2,16190,2,No,No,No,No,No,No,No,No,16.703,68.277,100.0,0.000,24.1,120,0,0,6.4,119.8,137.8,104.5,82.3,90.6,80.1,119.9,148.8,94.3,82.5,86.8,81.4,8.35,9.61,7.24,5.25,11.08,12.53,5.15,3.20,8.03,0.32,0.69,1446,246,2.4,3.5,0,0,0.0,0.0,0,
11.6.2026,17:29:52.321,25490,23278,52.2,20118,12266,62.1,10.9,16384,1789,1.230,1.230,1.250,1.224,1.250,1.229,1.229,1.229,1.229,1.204,1.199,1.259,1.229,1.224,1.229,1.061,0.781,3748.0,4489.0,4489.0,4688.5,4489.0,4489.0,4489.0,3591.2,3591.2,1895.4,3591.2,3591.2,3591.2,1895.4,3591.2,99.8,3890.5,1272.8,2213.0,1176.1,1817.5,1058.7,1613.1,2575.2,1923.3,2392.6,1443.6,1146.2,1695.9,839.8,701.5,659.3,600.7,698.2,798.0,632.5,749.6,721.9,1409.7,30.9,50.5,26.6,41.5,24.2,36.2,57.7,43.2,53.8,33.6,26.4,39.4,19.1,21.1,19.6,17.7,20.7,23.3,18.7,22.2,21.8,57.7,30.9,100.0,54.6,87.2,46.3,70.5,41.6,63.0,100.4,74.7,93.4,56.3,44.9,66.1,32.7,39.5,37.4,34.1,39.2,44.7,35.8,42.4,41.0,54.6,37.6,45.0,45.0,47.0,45.0,45.0,45.0,36.0,36.0,19.0,36.0,36.0,36.0,19.0,36.0,39.0,70,73,73,74,72,71,69,69,69,69,69,69,69,69,69,30,27,27,26,28,29,31,31,31,31,31,31,31,31,31,81,74,No,No,No,No,No,No,No,No,No,No,No,No,No,No,No,No,No,No,No,No,No,No,No,No,No,No,No,No,No,No,No,No,No,No,No,No,No,No,No,No,No,No,No,No,No,No,No,No,81,77,67,1.100,44.719,46.717,39.708,0.002,5.677,0.760,175.0,175.0,175.0,175.0,0,0.0,0.0,30.8,50.2,26.5,41.5,24.1,36.1,57.6,43.0,53.6,33.5,26.2,39.3,18.9,21.1,19.5,17.7,20.7,23.3,18.7,22.2,21.8,33.6,34.3,43.0,17.0,15.9,47.8,46.8,34.8,26.8,23.5,37.3,39.2,28.0,47.3,28.2,23.2,0.0,0.0,0.0,0.0,0.0,0.0,38.5,47.6,52.5,36.4,32.3,47.6,25.7,43.9,0.1,0.0,0.1,0.0,0.0,0.1,0.2,2394.1,24.00,36,35,35,68,103,383,2,2,Yes,No,No,No,No,No,No,No,No,No,Yes,No,No,No,No,No,No,No,No,No,No,No,No,No,No,No,No,Yes,No,No,No,No,No,No,No,Yes,No,No,85.0,5100,4560,5040,68.8,1.110,1.110,1.800,1.815,1.005,5.110,1.750,No,No,No,68.8,1.110,1.110,1.800,1.815,1.005,5.110,1.500,No,No,No,41,41,94.0,100.0,No,No,32291,48158,37,70,99.0,100.0,No,No,1856,3314,0.0,2.4,2.4,0.000,0.242,62652,43665,0.2,0.0,0.2,0.582,0.000,35345,12253,76.5,74.0,84.2,83.0,0.875,20.437,20.424,20.450,63.310,30.042,52.623,16.748,69.633,3.000,19.707,10.220,38.361,100.000,140.000,2250.0,2200.2,1890.0,2229.6,1905.0,68.0,30.0,0.0,11.0,67.7,14.8,59.0,0.0,0.0,0.0,Yes,No,No,No,No,Yes,No,0,0,0,0,0,0,0,0,0,4,0,0,0,0,0,0,0,0,0,0,0,0,0,0,0,0,0,0,0,0,2644,5544,5313,315,16.0,68,0.300,47.450,600.0,2394.0,0.1,0.0,0.0,0.0,0.0,0.0,0.0,0.0,0.0,2,16190,2,No,No,No,No,No,No,No,No,16.704,68.277,100.0,0.000,24.1,119,0,0,8.4,120.0,211.0,74.9,72.4,72.9,72.2,119.9,218.0,72.9,70.9,71.6,70.6,8.33,13.39,4.62,4.04,13.74,13.86,5.35,2.99,8.01,0.32,1.26,1446,246,4.9,8.7,0,0,0.0,0.0,0,
11.6.2026,17:29:53.322,25560,23208,52.4,20123,12260,62.1,10.9,16384,1789,1.158,1.178,1.144,1.154,1.164,1.154,1.144,1.154,1.188,1.158,1.138,1.148,1.123,1.179,1.189,1.041,0.781,3341.8,4389.3,4389.3,4389.3,4389.3,4389.3,4389.3,798.0,3491.5,3491.5,3491.5,1895.4,3491.5,1895.4,1895.4,99.8,3790.7,1331.5,2381.0,1171.2,1867.5,1067.6,2198.6,1994.0,2371.8,1950.4,1358.6,1359.2,1615.0,1056.5,776.8,704.2,793.4,779.5,768.5,756.2,881.3,777.9,1465.3,32.8,55.4,26.8,43.5,24.6,50.2,45.4,54.1,44.6,31.8,31.6,37.9,24.5,22.9,20.5,23.9,23.2,22.9,22.4,26.5,23.7,55.4,32.8,100.0,57.2,93.5,46.0,72.7,41.9,85.4,78.1,91.9,76.7,52.9,53.0,62.9,41.3,43.4,39.6,44.1,43.5,43.2,42.4,48.5,43.5,57.2,33.5,44.0,44.0,44.0,44.0,44.0,44.0,8.0,35.0,35.0,35.0,19.0,35.0,19.0,19.0,38.0,70,74,71,75,74,71,71,69,69,69,69,68,68,68,68,30,26,29,25,26,29,29,31,31,31,31,32,32,32,32,81,75,No,No,No,No,No,No,No,No,No,No,No,No,No,No,No,No,No,No,No,No,No,No,No,No,No,No,No,No,No,No,Yes,Yes,Yes,Yes,Yes,Yes,Yes,Yes,Yes,Yes,Yes,Yes,Yes,Yes,Yes,No,No,Yes,81,75,68,1.100,23.625,49.161,41.565,0.002,5.716,0.782,175.0,175.0,175.0,175.0,0,0.0,0.0,32.9,55.1,26.9,43.4,24.7,50.1,45.5,54.0,44.4,31.9,31.7,38.0,24.5,23.0,20.7,24.0,23.3,23.0,22.6,26.8,23.8,38.5,30.3,41.7,15.7,13.4,45.5,44.6,43.7,35.2,54.2,43.7,36.2,37.0,66.7,31.3,16.3,0.0,0.0,0.5,0.1,0.0,0.0,28.8,38.8,18.0,28.4,35.4,35.3,3.8,39.8,0.1,0.0,0.1,0.0,0.2,0.0,0.1,2394.1,24.00,36,35,35,68,103,383,2,2,Yes,No,No,No,No,No,No,No,Yes,No,Yes,No,No,Yes,No,No,No,No,No,No,No,Yes,No,No,No,No,No,No,No,No,No,No,No,No,No,No,No,No,84.0,5040,4500,5040,68.8,1.110,1.110,1.800,1.815,1.005,5.110,1.125,No,No,No,68.8,1.110,1.110,1.800,1.815,1.005,5.110,2.375,No,No,No,41,41,94.0,100.0,No,No,32291,48158,37,70,99.0,100.0,No,No,1856,3314,0.0,2.1,2.1,0.000,0.037,62652,43665,0.5,0.0,0.5,4.441,0.000,35349,12253,76.2,74.0,83.9,83.0,0.875,20.489,20.478,20.499,69.821,29.112,49.324,16.157,65.742,3.000,19.127,10.159,40.275,100.000,140.000,2250.0,2200.2,1890.0,2226.3,1905.0,63.0,28.0,0.0,10.0,66.7,14.9,59.7,0.0,0.0,0.0,Yes,No,No,No,No,Yes,No,0,0,0,0,0,0,0,0,0,4,0,0,0,0,0,0,0,0,0,0,0,0,0,0,0,0,0,0,0,0,2724,5464,5233,315,16.0,68,0.297,46.867,600.0,2394.0,0.1,0.0,0.0,0.0,0.0,0.0,0.0,0.0,0.0,2,16190,2,No,No,No,No,No,No,No,No,16.703,68.277,100.0,0.000,24.1,120,0,0,8.4,120.1,149.9,103.7,88.4,94.5,86.8,120.1,201.9,90.0,85.7,86.8,85.4,8.33,9.69,6.60,5.24,10.65,11.59,5.80,2.53,8.00,0.33,0.86,1446,246,4.9,9.0,0,0,0.0,0.0,0,
11.6.2026,17:29:54.318,25519,23249,52.3,20134,12250,62.1,10.9,16384,1789,1.168,1.249,1.204,1.140,1.140,1.155,1.194,1.179,1.175,1.175,1.175,1.160,1.125,1.145,1.145,1.061,0.781,3976.0,4489.0,4489.0,4489.0,4489.0,4489.0,4489.0,3591.2,3591.2,3591.2,3591.2,3591.2,3591.2,3591.2,3591.2,99.8,3890.5,1253.5,2286.5,1066.0,1820.3,987.8,2323.9,1851.2,2369.5,1775.9,1351.4,1162.8,1649.8,863.0,658.5,641.8,704.1,645.7,692.9,666.0,886.3,667.3,1384.9,31.1,53.6,24.6,42.9,23.2,53.4,42.5,54.4,40.9,32.0,27.5,39.2,20.1,19.8,19.1,21.3,19.2,20.4,19.9,27.1,20.3,54.4,31.1,100.0,53.8,89.9,41.9,70.6,38.7,90.5,72.1,92.3,69.8,52.5,45.6,64.1,33.8,37.2,36.3,39.4,36.5,39.2,37.4,49.8,37.7,53.7,39.9,45.0,45.0,45.0,45.0,45.0,45.0,36.0,36.0,36.0,36.0,36.0,36.0,36.0,36.0,39.0,70,71,71,72,71,70,70,69,69,69,69,68,68,68,68,30,29,29,28,29,30,30,31,31,31,31,32,32,32,32,81,72,No,No,No,No,No,No,No,No,No,No,No,No,No,No,No,No,No,No,No,No,No,No,No,No,No,No,No,No,No,No,Yes,Yes,Yes,Yes,Yes,Yes,Yes,Yes,Yes,Yes,Yes,Yes,Yes,Yes,Yes,No,No,Yes,79,75,67,1.100,28.688,46.721,39.514,0.002,5.681,0.758,175.0,175.0,175.0,175.0,0,0.0,0.0,31.1,53.3,24.6,42.9,23.2,53.4,42.4,54.4,40.8,32.1,27.5,39.2,20.1,20.0,19.3,21.5,19.4,20.7,20.0,26.9,20.6,32.0,33.0,42.8,15.5,16.0,48.6,47.2,21.9,25.0,35.5,28.5,27.9,34.8,56.8,13.8,24.5,0.0,0.0,0.0,0.0,0.0,0.0,51.6,49.7,37.6,46.0,45.6,40.1,12.5,59.2,0.1,0.0,0.3,0.0,0.0,0.0,0.0,2394.1,24.00,36,35,35,68,103,383,2,2,Yes,No,No,No,No,No,No,No,Yes,No,Yes,No,No,Yes,No,No,No,No,No,No,No,Yes,No,No,No,No,No,No,No,No,No,No,No,No,No,No,No,No,85.0,5040,4500,5040,68.8,1.110,1.110,1.800,1.815,0.990,5.110,2.250,No,No,No,68.8,1.110,1.110,1.800,1.815,1.005,5.110,2.375,No,No,No,41,41,94.0,100.0,No,No,32291,48158,37,70,99.0,100.0,No,No,1856,3314,0.1,1.5,1.6,0.064,0.037,62652,43666,0.3,0.0,0.3,1.684,0.000,35351,12253,76.0,74.0,85.2,83.0,0.875,20.506,20.497,20.515,66.151,26.915,45.476,15.332,61.051,3.000,18.308,9.964,35.270,100.000,140.000,2250.0,2200.2,1890.0,2227.3,1905.0,59.0,25.0,0.0,9.0,66.3,13.7,54.7,0.0,0.0,0.0,Yes,No,No,No,No,Yes,No,0,0,0,0,0,0,0,0,0,4,0,0,0,0,0,0,0,0,0,0,0,0,0,0,0,0,0,0,0,0,2756,5432,5201,315,16.0,68,0.300,47.731,600.0,2394.0,0.1,0.0,0.0,0.0,0.0,0.0,0.0,0.0,0.0,2,16190,2,No,No,No,No,No,No,No,No,16.703,68.277,100.0,0.000,24.1,120,0,0,8.8,120.0,141.9,97.4,70.0,79.6,67.6,120.1,171.9,87.3,75.3,79.7,74.1,8.33,10.39,6.89,4.42,12.65,14.85,5.48,2.85,8.01,0.33,0.93,1446,246,4.4,5.4,0,0,0.0,0.0,0,
11.6.2026,17:29:55.317,25472,23295,52.2,20124,12259,62.1,10.9,16384,1789,1.219,1.264,1.224,1.180,1.195,1.225,1.250,1.215,1.210,1.210,1.225,1.190,1.225,1.240,1.220,1.061,0.778,3626.8,4489.0,4688.5,4489.0,4489.0,4489.0,4489.0,3591.2,1895.4,1895.4,3591.2,1895.4,3591.2,3591.2,3591.2,99.8,3890.5,1170.1,2225.7,1059.7,1756.2,966.9,2432.9,1650.5,2648.3,1472.7,1502.3,795.9,1764.1,467.0,609.1,540.4,586.4,568.1,584.9,546.5,650.7,573.9,1315.4,28.2,51.0,23.8,40.4,22.1,54.4,37.0,59.2,33.1,35.3,18.1,41.4,10.5,18.2,16.0,17.2,16.8,17.1,15.8,19.3,17.2,59.2,28.2,100.0,49.9,87.6,41.6,68.3,37.9,94.6,64.4,102.9,58.2,58.5,31.1,69.0,18.2,34.7,30.8,33.3,32.5,33.4,31.4,36.6,32.7,49.9,36.4,45.0,47.0,45.0,45.0,45.0,45.0,36.0,19.0,19.0,36.0,19.0,36.0,36.0,36.0,39.0,70,73,72,75,71,70,69,68,68,68,68,68,68,68,68,30,27,28,25,29,30,31,32,32,32,32,32,32,32,32,79,75,No,No,No,No,No,No,No,No,No,No,No,No,No,No,No,No,No,No,No,No,No,No,No,No,No,No,No,No,No,No,Yes,Yes,Yes,Yes,Yes,Yes,Yes,Yes,Yes,Yes,Yes,Yes,Yes,Yes,Yes,No,No,Yes,79,75,68,1.100,34.594,45.631,38.438,0.001,5.615,0.728,175.0,175.0,175.0,175.0,0,0.0,0.0,28.2,50.7,23.8,40.3,22.1,54.4,36.9,59.1,33.1,35.3,18.1,41.4,10.4,18.3,16.1,17.3,17.0,17.2,15.9,19.5,17.2,24.1,36.0,45.3,19.4,17.4,52.4,51.5,8.6,11.8,18.7,13.3,15.1,9.7,33.4,4.2,35.2,0.0,0.0,0.0,0.0,0.0,0.0,65.8,65.7,57.1,63.0,61.0,67.4,41.1,71.7,0.0,0.0,0.1,0.0,0.0,0.0,0.1,2394.1,24.00,36,35,35,68,103,383,2,2,Yes,No,No,No,No,No,No,No,Yes,No,Yes,No,No,Yes,No,No,No,No,No,No,No,Yes,No,No,No,No,No,Yes,No,No,No,No,No,No,No,Yes,No,No,84.0,5100,4440,5040,68.8,1.110,1.110,1.800,1.815,1.005,5.110,2.250,No,No,No,68.8,1.110,1.110,1.800,1.815,1.005,5.110,1.375,No,No,No,41,41,94.0,100.0,No,No,32291,48158,37,70,99.0,100.0,No,No,1856,3314,0.0,0.7,0.7,0.000,0.028,62652,43666,0.0,0.0,0.0,0.000,0.000,35351,12253,74.7,74.0,81.8,83.0,0.875,20.502,20.493,20.510,63.602,25.843,44.539,15.288,60.054,3.000,18.260,9.925,29.839,100.000,140.000,2250.0,2200.2,1890.0,2229.4,1905.0,60.0,25.0,0.0,9.0,66.3,13.6,54.6,0.0,0.0,0.0,Yes,No,No,No,No,Yes,No,0,0,0,0,0,0,0,0,0,4,0,0,0,0,0,0,0,0,0,0,0,0,0,0,0,0,0,0,0,0,2756,5432,5201,315,16.0,68,0.297,45.086,600.0,2394.0,0.1,0.0,0.0,0.0,0.0,0.0,0.0,0.0,0.0,2,16190,2,No,No,No,No,No,No,No,No,16.703,68.277,100.0,0.000,24.1,120,0,0,8.5,119.8,158.6,94.2,91.5,92.4,91.2,119.8,144.8,93.2,91.2,91.7,91.1,8.35,10.64,6.23,6.05,10.85,11.00,5.32,3.03,8.03,0.32,0.79,1446,246,3.9,15.5,0,0,0.0,0.0,0,
11.6.2026,17:29:56.317,25471,23297,52.2,20125,12259,62.1,10.9,16384,1789,1.213,1.222,1.147,1.192,1.192,1.171,1.166,1.191,1.191,1.261,1.246,1.256,1.241,1.251,1.251,1.061,0.781,3470.1,4489.0,4489.0,4489.0,4489.0,4489.0,798.0,1895.4,1895.4,3591.2,3591.2,3591.2,3591.2,3591.2,3591.2,99.8,3890.5,1246.2,2275.5,1096.4,1871.7,1041.7,2312.5,1754.2,2206.1,2154.9,1598.8,843.4,1888.9,538.3,694.6,565.3,698.6,619.3,638.7,646.9,801.0,676.7,1385.0,30.1,52.4,24.7,42.9,23.7,51.9,39.3,49.4,48.2,37.3,19.1,44.1,12.0,20.6,16.4,20.9,18.2,18.5,18.7,23.9,20.1,52.4,30.1,100.0,53.3,89.5,43.1,72.8,40.8,90.6,68.3,85.9,83.7,62.4,32.9,73.9,21.0,39.2,32.3,39.4,35.2,36.2,36.8,44.7,38.1,53.3,34.8,45.0,45.0,45.0,45.0,45.0,8.0,19.0,19.0,36.0,36.0,36.0,36.0,36.0,36.0,39.0,70,73,71,75,77,69,69,68,68,68,68,69,69,69,69,30,27,29,25,23,31,31,32,32,32,32,31,31,31,31,81,77,No,No,No,No,No,No,No,No,No,No,No,No,No,No,No,No,No,No,No,No,No,No,No,No,No,No,No,No,No,No,Yes,Yes,Yes,Yes,Yes,Yes,Yes,Yes,Yes,Yes,Yes,Yes,Yes,Yes,Yes,No,No,Yes,79,75,68,1.100,36.282,44.343,37.140,0.002,5.666,0.756,175.0,175.0,175.0,175.0,0,0.0,0.0,30.2,52.2,24.8,42.9,23.7,51.9,39.2,49.4,48.2,37.3,19.2,44.1,12.0,20.8,16.6,21.0,18.4,18.6,18.9,23.9,20.5,27.3,34.8,42.5,19.2,14.1,49.7,48.2,19.2,7.2,30.1,22.0,22.3,14.6,49.3,8.5,29.8,0.0,0.0,0.0,0.4,0.0,0.0,53.3,69.2,42.7,52.7,52.7,59.9,22.2,64.1,0.1,0.0,0.0,0.0,0.2,0.1,0.0,2394.1,24.00,36,35,35,68,103,383,2,2,Yes,No,No,No,No,No,No,No,Yes,No,Yes,No,No,No,No,No,No,No,No,No,No,No,No,No,No,No,No,No,No,No,No,No,No,No,No,No,No,No,85.0,5040,4500,5040,69.0,1.110,1.110,1.800,1.815,1.005,5.110,2.250,No,No,No,68.8,1.110,1.110,1.800,1.815,1.005,5.110,2.250,No,No,No,41,41,94.0,100.0,No,No,32291,48158,37,70,99.0,100.0,No,No,1856,3314,0.0,1.3,1.3,0.000,0.131,62652,43666,0.1,0.1,0.1,0.064,0.004,35351,12253,74.9,74.0,82.1,83.0,0.875,20.503,20.495,20.512,63.606,26.373,45.733,15.453,61.434,3.000,18.427,9.974,30.590,100.000,140.000,2250.0,2200.2,1890.0,2229.7,1905.0,61.0,25.0,0.0,10.0,66.4,13.8,55.2,0.0,0.0,0.0,Yes,No,No,No,No,Yes,No,0,0,0,0,0,0,0,0,0,4,0,0,0,0,0,0,0,0,0,0,0,0,0,0,0,0,0,0,0,0,2755,5433,5201,315,16.0,68,0.297,44.452,600.0,2394.0,0.2,0.0,0.0,0.0,0.0,0.0,0.0,0.0,0.0,2,16190,2,No,No,No,No,No,No,No,No,16.703,68.277,100.0,0.000,24.1,120,0,0,11.4,120.0,152.3,92.4,89.8,90.4,89.7,120.0,168.3,95.1,90.9,92.7,90.4,8.33,10.83,6.54,6.28,11.10,11.23,5.37,2.96,8.01,0.32,1.07,1446,246,5.8,21.9,0,0,0.0,0.0,0,
11.6.2026,17:29:57.318,25466,23302,52.2,20115,12269,62.1,10.9,16384,1789,1.151,1.227,1.140,1.165,1.164,1.164,1.169,1.159,1.159,1.159,1.119,1.109,1.134,1.114,1.139,1.041,0.781,3876.2,4389.3,4389.3,4389.3,4389.3,4389.3,4389.3,3491.5,3491.5,3491.5,3491.5,3491.5,3491.5,3491.5,3491.5,99.8,3790.7,1277.8,2262.4,1055.9,1836.4,1019.7,2315.4,1648.6,2008.9,2196.3,1586.8,939.3,1899.2,649.0,794.3,642.6,860.3,727.2,750.8,720.1,929.8,712.6,1402.6,32.0,53.5,24.5,43.2,23.9,53.4,38.1,46.5,51.2,37.7,22.3,45.0,15.0,23.8,19.0,26.3,21.8,22.3,21.3,28.3,22.4,53.5,32.0,100.0,55.0,89.2,41.5,71.4,40.0,90.7,64.3,78.3,86.0,61.5,36.7,73.7,25.1,44.2,36.0,47.4,40.4,41.7,40.1,51.1,40.5,55.0,38.9,44.0,44.0,44.0,44.0,44.0,44.0,35.0,35.0,35.0,35.0,35.0,35.0,35.0,35.0,38.0,70,73,72,74,75,70,71,68,68,68,68,70,70,70,70,30,27,28,26,25,30,29,32,32,32,32,30,30,30,30,79,75,No,No,No,No,No,No,No,No,No,No,No,No,No,No,No,No,No,No,No,No,No,No,No,No,No,No,No,No,No,No,Yes,Yes,Yes,Yes,Yes,Yes,Yes,Yes,Yes,Yes,Yes,Yes,Yes,Yes,Yes,No,No,Yes,79,74,67,1.100,17.719,41.825,34.573,0.003,5.692,0.765,175.0,175.0,175.0,175.0,0,0.0,0.0,32.1,53.2,24.6,43.2,23.9,53.6,38.0,46.5,50.8,37.9,22.4,45.3,15.0,23.8,19.4,26.5,22.2,22.5,21.6,28.4,22.4,37.3,33.5,41.8,18.5,13.2,47.5,44.4,47.6,22.1,54.8,42.1,34.5,39.6,65.7,16.9,18.0,0.0,0.0,0.0,0.2,0.0,0.0,24.3,52.5,15.0,31.0,37.8,33.9,3.4,54.4,0.1,0.0,0.0,0.0,0.7,0.1,0.0,2394.1,24.00,36,35,35,68,103,383,2,2,Yes,No,No,No,No,No,No,No,Yes,No,No,No,No,No,No,No,No,No,No,No,No,No,No,No,No,No,No,No,No,No,No,No,No,No,No,No,No,No,85.0,5040,4500,5040,69.0,1.095,1.110,1.800,1.815,1.005,5.110,1.125,No,No,No,68.8,1.095,1.110,1.800,1.815,1.005,5.110,1.625,No,No,No,41,41,94.0,100.0,No,No,32291,48158,37,70,99.0,100.0,No,No,1856,3314,0.0,2.1,2.1,0.000,0.056,62652,43666,0.4,0.0,0.4,1.004,0.000,35352,12253,76.3,74.0,85.1,83.0,0.875,20.505,20.496,20.514,63.758,37.056,46.463,15.782,62.487,3.000,18.737,77.368,35.557,100.000,140.000,2250.0,2200.2,1890.0,2229.3,1905.0,60.0,26.0,0.0,9.0,66.4,13.6,54.3,0.0,0.0,0.0,Yes,No,No,No,No,Yes,No,0,0,0,0,0,0,0,0,0,4,0,0,0,0,0,0,0,0,0,0,0,0,0,0,0,0,0,0,0,0,2755,5433,5202,315,16.0,67,0.300,40.657,600.0,2394.0,0.1,0.0,0.0,0.0,0.0,0.0,0.0,0.0,0.0,2,16190,2,No,No,No,No,No,No,No,No,16.703,68.277,100.0,0.000,24.1,120,0,0,8.4,119.7,150.6,98.4,70.0,79.8,67.5,119.7,165.9,87.8,55.8,65.7,53.4,8.35,10.19,6.60,4.98,12.64,15.02,5.40,2.95,8.02,0.33,0.94,1446,246,12.7,9.8,0,0,0.0,0.0,0,
11.6.2026,17:29:58.317,25465,23303,52.2,20117,12267,62.1,10.9,16384,1789,1.201,1.245,1.209,1.229,1.192,1.197,1.207,1.192,1.202,1.197,1.197,1.197,1.137,1.211,1.206,1.061,0.781,3854.9,4489.0,4489.0,4489.0,4489.0,4489.0,4489.0,3591.2,3591.2,3591.2,3591.2,3591.2,3591.2,3591.2,1895.4,99.8,3890.5,1246.6,2317.7,1007.4,1915.9,1022.5,2447.4,1536.9,2180.9,2011.7,1672.8,838.7,1871.1,674.2,696.6,551.8,768.2,610.6,659.2,671.7,851.0,625.1,1382.8,30.8,54.3,23.3,44.9,24.0,56.3,35.2,50.1,46.6,39.9,19.4,44.5,15.5,21.1,16.3,23.5,18.3,19.5,19.5,25.9,18.7,56.3,30.8,100.0,53.4,91.2,39.7,74.5,40.0,96.0,59.8,84.9,78.9,65.2,32.6,73.0,26.2,39.1,31.5,42.7,34.7,37.2,38.0,46.9,35.6,53.4,38.6,45.0,45.0,45.0,45.0,45.0,45.0,36.0,36.0,36.0,36.0,36.0,36.0,36.0,19.0,39.0,70,72,74,73,74,70,70,69,69,69,69,70,70,70,68,30,28,26,27,26,30,30,31,31,31,31,30,30,30,32,81,74,No,No,No,No,No,No,No,No,No,No,No,No,No,No,No,No,No,No,No,No,No,No,No,No,No,No,No,No,No,No,Yes,Yes,Yes,Yes,Yes,Yes,Yes,Yes,Yes,Yes,Yes,Yes,Yes,Yes,Yes,No,No,Yes,79,75,68,1.100,17.719,41.825,34.573,0.003,5.692,0.765,175.0,175.0,175.0,175.0,0,0.0,0.0,30.9,54.1,23.3,44.9,24.1,56.4,35.2,50.2,46.2,39.9,19.5,44.6,15.5,21.2,16.5,23.6,18.4,19.7,19.8,26.1,19.0,31.4,33.2,39.6,18.2,13.4,47.0,44.8,33.3,12.3,50.2,26.9,30.4,12.8,63.7,13.2,24.9,0.0,0.0,0.0,1.1,0.0,0.0,39.8,64.6,21.9,48.6,44.1,60.6,7.4,61.1,0.0,0.0,0.0,0.0,0.1,0.2,0.1,2394.1,24.00,36,35,35,68,103,383,2,2,Yes,No,No,No,No,No,No,No,Yes,No,No,No,No,Yes,No,No,No,No,No,No,No,Yes,No,No,No,No,No,No,No,No,No,No,No,No,No,No,No,No,85.0,5100,4500,5040,69.0,1.095,1.110,1.800,1.815,1.005,5.110,2.500,No,No,No,68.8,1.095,1.110,1.800,1.815,1.005,5.110,1.625,No,No,No,41,41,94.0,100.0,No,No,32291,48158,37,70,99.0,100.0,No,No,1856,3314,0.0,0.9,0.9,0.000,0.021,62652,43666,0.1,0.1,0.1,0.064,0.012,35352,12253,75.5,74.0,83.0,83.0,0.875,20.493,20.483,20.502,65.007,33.584,47.148,15.915,63.311,3.000,18.876,49.251,37.585,100.000,140.000,2250.0,2200.2,1890.0,2229.1,1905.0,60.0,27.0,0.0,9.0,66.4,13.8,55.4,0.0,0.0,0.0,Yes,No,No,No,No,Yes,No,0,0,0,0,0,0,0,0,0,4,0,0,0,0,0,0,0,0,0,0,0,0,0,0,0,0,0,0,0,0,2755,5433,5201,315,16.0,68,0.297,43.391,600.0,2394.0,0.1,0.0,0.0,0.0,0.0,0.0,0.0,0.0,0.0,2,16190,2,No,No,No,No,No,No,No,No,16.703,68.277,100.0,0.000,24.1,120,0,0,8.3,120.0,148.2,102.3,93.9,97.1,93.0,120.0,147.9,100.7,87.0,92.4,85.5,8.33,9.80,6.71,5.89,10.31,10.75,5.45,2.88,8.01,0.32,0.85,1447,246,8.8,9.5,0,0,0.0,0.0,0,
11.6.2026,17:29:59.332,25470,23298,52.2,20118,12266,62.1,10.9,16384,1789,1.176,1.156,1.133,1.199,1.174,1.174,1.174,1.184,1.179,1.174,1.174,1.174,1.194,1.194,1.179,1.021,0.781,3605.5,4289.5,4289.5,4289.5,4289.5,4289.5,4289.5,3491.5,3491.5,3491.5,3491.5,1895.4,3491.5,3491.5,1895.4,99.8,3691.0,1225.8,2360.3,939.9,1879.9,975.2,2485.0,1652.1,2443.9,1559.9,1510.4,1030.7,1814.4,661.0,624.1,542.7,742.4,629.9,645.7,604.9,789.1,624.5,1365.7,30.2,54.7,21.5,43.7,22.6,56.5,37.7,56.1,35.5,35.6,24.1,42.9,15.2,18.7,16.0,22.3,18.8,19.8,18.1,24.3,19.4,56.5,30.2,100.0,52.5,92.7,37.0,73.2,38.3,96.9,64.7,95.5,61.6,59.0,40.1,70.9,25.8,35.3,31.3,41.6,35.6,36.7,34.7,43.8,35.5,52.5,36.1,43.0,43.0,43.0,43.0,43.0,43.0,35.0,35.0,35.0,35.0,19.0,35.0,35.0,19.0,37.0,70,74,72,74,70,71,69,69,69,69,69,68,68,68,68,30,26,28,26,30,29,31,31,31,31,31,32,32,32,32,79,74,No,No,No,No,No,No,No,No,No,No,No,No,No,No,No,No,No,No,No,No,No,No,No,No,No,No,No,No,No,No,Yes,Yes,Yes,Yes,Yes,Yes,Yes,Yes,Yes,Yes,Yes,Yes,Yes,Yes,Yes,No,No,Yes,79,75,68,1.100,32.063,43.520,36.252,0.002,5.681,0.761,175.0,175.0,175.0,175.0,0,0.0,0.0,30.1,54.4,21.5,43.6,22.5,56.7,37.4,55.9,35.4,35.5,24.0,42.9,15.0,18.9,15.9,22.3,18.8,19.8,18.1,24.4,19.3,29.4,33.9,41.5,15.9,18.0,47.6,46.1,26.2,9.7,42.7,29.3,20.3,15.3,50.9,13.6,27.7,0.0,0.0,0.3,0.0,0.0,0.0,48.8,67.3,30.2,46.0,53.4,59.9,20.5,60.7,0.1,0.0,0.4,0.0,0.1,0.1,0.1,2394.1,24.00,36,35,35,68,103,383,2,2,Yes,No,No,No,No,No,No,No,Yes,No,Yes,No,No,Yes,No,No,No,No,No,No,No,Yes,No,No,No,No,No,No,No,No,No,No,No,No,No,No,No,No,85.0,5040,4500,5040,69.0,1.095,1.110,1.800,1.815,1.005,5.110,2.250,No,No,No,68.8,1.095,1.110,1.800,1.815,1.005,5.110,1.875,No,No,No,41,41,94.0,100.0,No,No,32291,48158,37,70,99.0,100.0,No,No,1856,3314,0.0,0.5,0.5,0.000,0.053,62652,43666,0.1,0.0,0.1,0.323,0.000,35352,12253,75.5,74.0,82.8,83.0,0.875,20.495,20.484,20.506,65.726,33.188,48.838,16.162,65.270,3.000,19.119,40.554,39.372,100.000,140.000,2250.0,2200.2,1890.0,2228.1,1905.0,62.0,28.0,0.0,9.0,66.4,14.2,57.0,0.0,0.0,0.0,Yes,No,No,No,No,Yes,No,0,0,0,0,0,0,0,0,0,4,0,0,0,0,0,0,0,0,0,0,0,0,0,0,0,0,0,0,0,0,2755,5433,5201,315,16.0,68,0.297,40.920,600.0,2394.0,0.1,0.0,0.0,0.0,0.0,0.0,0.0,0.0,0.0,2,16190,2,No,No,No,No,No,No,No,No,16.703,68.277,100.0,0.000,24.1,120,0,0,8.0,120.0,140.3,103.0,89.8,94.8,88.3,120.0,149.4,99.5,89.6,93.4,88.5,8.34,9.74,7.11,7.01,10.56,11.32,5.42,2.92,8.01,0.32,0.69,1447,246,4.3,8.2,0,0,0.0,0.0,0,
11.6.2026,17:30:0.330,25465,23303,52.2,20117,12267,62.1,10.9,16384,1789,1.170,1.201,1.193,1.193,1.168,1.163,1.163,1.178,1.181,1.181,1.166,1.151,1.161,1.141,1.151,1.061,0.781,3976.0,4489.0,4489.0,4489.0,4489.0,4489.0,4489.0,3591.2,3591.2,3591.2,3591.2,3591.2,3591.2,3591.2,3591.2,99.8,3890.5,1259.8,2426.8,987.6,1910.0,1068.4,2589.5,1555.6,2386.4,1651.2,1575.6,1020.1,1729.0,636.2,632.1,609.7,740.2,771.3,725.8,638.2,800.8,741.1,1393.1,31.5,57.4,23.0,45.1,25.1,60.6,36.0,55.7,38.5,37.7,24.1,41.7,14.8,18.9,17.8,22.4,23.5,22.2,18.9,24.7,22.8,60.6,31.5,100.0,54.2,95.5,38.8,74.4,42.3,101.0,60.6,93.4,65.3,61.3,40.0,67.6,24.9,36.0,34.8,41.5,42.8,40.5,36.5,44.7,41.7,54.2,39.9,45.0,45.0,45.0,45.0,45.0,45.0,36.0,36.0,36.0,36.0,36.0,36.0,36.0,36.0,39.0,71,71,75,77,72,74,71,69,69,69,69,68,68,68,68,29,29,25,23,28,26,29,31,31,31,31,32,32,32,32,79,77,No,No,No,No,No,No,No,No,No,No,No,No,No,No,No,No,No,No,No,No,No,No,No,No,No,No,No,No,No,No,Yes,Yes,Yes,Yes,Yes,Yes,Yes,Yes,Yes,Yes,Yes,Yes,Yes,Yes,Yes,No,No,Yes,79,75,68,1.100,37.126,41.718,34.489,0.002,5.672,0.756,175.0,175.0,175.0,175.0,0,0.0,0.0,31.6,57.2,23.1,45.2,25.2,60.5,36.1,55.7,38.5,37.8,24.2,41.7,15.0,19.0,18.2,22.6,23.6,22.3,19.2,24.5,23.1,39.2,30.1,38.7,13.8,16.8,45.2,47.7,36.6,22.6,50.4,66.3,56.6,28.9,67.0,28.6,16.7,0.0,0.0,0.0,0.0,0.0,0.0,39.1,53.0,22.6,7.2,17.5,45.9,5.7,42.6,0.0,0.0,0.0,0.0,0.0,0.1,0.1,2394.1,24.00,36,35,35,68,103,383,2,2,Yes,No,No,No,No,No,No,No,Yes,No,No,No,No,Yes,No,No,No,No,No,No,No,Yes,No,No,No,No,No,No,No,No,No,No,No,No,No,No,No,No,85.0,5040,4500,5040,69.0,1.095,1.110,1.800,1.815,1.005,5.110,2.250,No,No,No,68.8,1.095,1.110,1.800,1.815,1.005,5.110,1.000,No,No,No,41,41,94.0,100.0,No,No,32291,48158,37,70,99.0,100.0,No,No,1856,3314,0.2,1.3,1.6,0.004,0.042,62652,43666,0.0,0.0,0.0,0.000,0.000,35352,12253,75.4,74.0,82.8,83.0,0.875,20.495,20.490,20.511,67.206,33.188,47.308,15.880,63.441,3.000,18.835,57.418,36.975,100.000,140.000,2250.0,2200.2,1890.0,2227.3,1905.0,61.0,27.0,0.0,9.0,66.4,14.2,56.8,0.0,0.0,0.0,Yes,No,No,No,No,Yes,No,0,0,0,0,0,0,0,0,0,4,0,0,0,0,0,0,0,0,0,0,0,0,0,0,0,0,0,0,0,0,2755,5433,5201,315,16.0,68,0.297,40.920,600.0,2394.0,0.1,0.0,0.0,0.0,0.0,0.0,0.0,0.0,0.0,2,16190,2,No,No,No,No,No,No,No,No,16.703,68.277,100.0,0.000,24.1,120,0,0,8.6,120.0,146.5,99.5,90.2,93.8,89.2,119.9,153.5,98.4,88.1,92.1,87.0,8.33,10.08,6.80,6.72,10.71,11.27,5.53,2.81,8.00,0.34,0.77,1447,246,3.9,9.1,0,0,0.0,0.0,0,
11.6.2026,17:30:1.327,25468,23300,52.2,20120,12264,62.1,10.9,16384,1789,1.180,1.262,1.194,1.167,1.182,1.177,1.177,1.162,1.112,1.112,1.187,1.162,1.220,1.215,1.195,1.061,0.781,3854.9,4489.0,4489.0,4489.0,4489.0,4489.0,4489.0,3591.2,3591.2,3591.2,3591.2,3591.2,3591.2,3591.2,1895.4,99.8,3890.5,1231.3,2545.5,566.8,1820.7,1018.1,2297.9,1934.1,1958.5,1988.0,1382.4,1138.5,1590.3,968.6,606.5,629.1,653.5,758.0,619.8,599.4,791.1,760.1,1366.0,30.6,59.6,13.1,42.8,23.9,52.8,44.4,44.9,45.7,32.8,26.8,37.7,22.6,18.4,19.5,19.6,23.3,18.6,17.7,24.1,23.2,59.6,30.6,100.0,52.7,100.1,22.2,70.8,39.9,89.2,75.5,76.4,78.2,53.7,44.6,61.8,38.0,34.5,35.6,36.7,42.3,35.1,34.0,43.7,42.3,52.7,38.6,45.0,45.0,45.0,45.0,45.0,45.0,36.0,36.0,36.0,36.0,36.0,36.0,36.0,19.0,39.0,70,71,71,75,72,71,70,69,69,69,69,68,68,68,68,30,29,29,25,28,29,30,31,31,31,31,32,32,32,32,79,75,No,No,No,No,No,No,No,No,No,No,No,No,No,No,No,No,No,No,No,No,No,No,No,No,No,No,No,No,No,No,Yes,Yes,Yes,Yes,Yes,Yes,Yes,Yes,Yes,Yes,Yes,Yes,Yes,Yes,Yes,No,No,Yes,81,77,68,1.100,33.751,41.064,34.188,0.002,5.703,0.767,175.0,175.0,175.0,175.0,0,0.0,0.0,30.6,59.3,13.0,42.7,23.9,52.7,44.2,44.9,45.5,32.8,26.8,37.7,22.6,18.6,19.5,19.8,23.3,18.7,17.9,24.2,23.5,32.2,33.3,41.7,14.4,18.7,48.4,46.4,20.0,20.2,39.8,39.9,20.0,17.4,59.9,30.7,24.4,0.0,0.0,0.0,0.0,0.0,0.0,54.9,54.0,35.1,31.8,55.0,58.2,12.6,40.2,0.1,0.0,0.3,0.0,0.0,0.0,0.2,2394.1,24.00,36,35,35,68,103,383,2,2,Yes,No,No,No,No,No,No,No,Yes,No,No,No,No,Yes,No,No,No,No,No,No,No,Yes,No,No,No,No,No,No,No,No,No,No,No,No,No,No,No,No,85.0,5040,4560,5040,69.0,1.095,1.110,1.800,1.815,1.005,5.110,1.375,No,No,No,68.8,1.095,1.110,1.800,1.815,1.005,5.110,1.750,No,No,No,41,41,94.0,100.0,No,No,32291,48158,37,70,99.0,100.0,No,No,1856,3314,0.3,1.3,1.5,0.064,0.138,62652,43666,0.0,0.1,0.1,0.000,0.024,35352,12253,75.4,74.0,82.8,83.0,0.875,20.501,20.490,20.511,67.206,34.694,47.308,15.880,63.441,3.000,18.835,57.418,36.975,100.000,140.000,2250.0,2200.2,1890.0,2227.3,1905.0,61.0,27.0,0.0,9.0,66.4,14.2,56.8,0.0,0.0,0.0,Yes,No,No,No,No,Yes,No,0,0,0,0,0,0,0,0,0,4,0,0,0,0,0,0,0,0,0,0,0,0,0,0,0,0,0,0,0,0,2755,5433,5201,315,16.0,68,0.300,44.714,600.0,2394.0,0.1,0.0,0.0,0.0,0.0,0.0,0.0,0.0,0.0,2,16190,2,No,No,No,No,No,No,No,No,16.703,68.277,100.0,0.000,24.1,120,0,0,8.9,120.0,138.6,103.0,102.2,102.3,102.1,120.0,147.1,103.6,100.8,102.0,100.4,8.33,9.71,7.20,7.10,9.77,9.78,5.48,2.86,8.01,0.33,0.65,1447,246,5.2,5.6,0,0,0.0,0.0,0,
11.6.2026,17:30:2.326,25477,23291,52.2,20125,12259,62.1,10.9,16384,1789,1.159,1.169,1.164,1.164,1.164,1.164,1.149,1.134,1.149,1.149,1.149,1.134,1.170,1.170,1.195,1.041,0.781,3762.2,4389.3,4389.3,4389.3,4389.3,4389.3,4389.3,1895.4,3491.5,3491.5,3491.5,3491.5,3491.5,3491.5,3491.5,99.8,3790.7,1285.3,2562.3,714.1,1754.2,1215.2,1992.7,2234.7,1846.5,2207.1,1296.4,1341.7,1422.7,1180.2,727.1,669.6,748.6,775.3,720.5,681.9,806.4,808.2,1418.0,31.6,59.6,15.3,41.3,27.4,45.3,51.5,42.9,50.6,29.9,30.7,32.9,26.7,22.1,19.1,22.9,23.6,21.4,20.4,24.5,24.6,59.6,31.6,100.0,55.4,100.5,27.8,68.5,48.0,77.8,87.3,72.0,86.5,50.8,52.7,55.5,46.3,41.0,38.3,42.0,43.3,40.7,38.5,45.0,45.6,55.4,37.7,44.0,44.0,44.0,44.0,44.0,44.0,19.0,35.0,35.0,35.0,35.0,35.0,35.0,35.0,38.0,70,73,73,74,72,71,71,70,70,70,70,68,68,68,68,30,27,27,26,28,29,29,30,30,30,30,32,32,32,32,79,74,No,No,No,No,No,No,No,No,No,No,No,No,No,No,No,No,No,No,No,No,No,No,No,No,No,No,No,No,No,No,Yes,Yes,Yes,Yes,Yes,Yes,Yes,Yes,Yes,Yes,Yes,Yes,Yes,Yes,Yes,No,No,Yes,81,79,68,1.100,45.563,45.207,37.477,0.002,5.682,0.757,175.0,175.0,175.0,175.0,0,0.0,0.0,32.1,59.9,16.5,41.2,28.6,46.2,51.5,42.8,51.2,30.8,31.8,33.9,27.8,22.2,20.4,22.9,23.7,21.7,20.4,24.5,24.5,37.1,30.8,39.2,14.0,16.5,45.1,43.4,43.1,23.5,41.2,52.6,35.7,39.7,59.9,35.3,17.9,0.0,0.0,0.6,0.0,0.0,0.1,29.9,49.7,31.1,19.6,37.1,35.0,12.3,35.0,0.9,0.0,1.4,0.0,0.3,0.9,2.4,2394.1,24.00,36,35,35,68,103,383,2,2,Yes,No,No,No,No,No,No,No,Yes,No,Yes,No,No,No,No,No,No,No,No,No,No,No,No,No,No,No,No,No,No,No,No,No,No,No,No,No,No,No,85.0,5040,4440,4980,69.0,1.095,1.110,1.800,1.815,1.005,5.110,1.750,No,No,No,68.8,1.095,1.110,1.800,1.815,1.005,5.110,1.500,No,No,No,41,41,94.0,100.0,No,No,32291,48158,37,70,99.0,100.0,No,No,1856,3314,2.1,0.4,2.5,1.119,0.041,62653,43666,0.2,0.0,0.2,0.711,0.000,35353,12253,75.2,74.0,82.8,83.0,0.875,20.506,20.498,20.515,66.222,31.935,40.138,14.635,55.082,3.000,17.593,59.356,33.742,100.000,140.000,2250.0,2200.2,1890.0,2227.5,1905.0,56.0,25.0,0.0,9.0,66.3,13.9,55.6,0.0,0.0,0.0,Yes,No,No,No,No,Yes,No,0,0,0,0,0,0,0,0,0,4,0,0,0,0,0,0,0,0,0,0,0,0,0,0,0,0,0,0,0,0,2755,5433,5201,316,16.0,68,0.300,42.979,600.0,2394.0,0.2,0.0,0.0,0.0,0.0,0.0,0.0,0.0,0.0,2,16190,2,No,No,No,No,No,No,No,No,16.703,68.277,100.0,0.000,24.1,118,0,0,7.7,117.5,201.6,70.5,24.6,34.1,22.7,117.5,210.3,88.1,23.1,33.9,21.1,8.51,14.31,4.91,4.77,29.35,44.01,5.51,3.00,8.17,0.34,1.77,1447,246,5.3,8.6,0,0,0.0,0.0,0,
11.6.2026,17:30:3.323,25468,23299,52.2,20121,12263,62.1,10.9,16384,1789,1.179,1.228,1.193,1.208,1.193,1.173,1.173,1.158,1.168,1.163,1.163,1.146,1.171,1.176,1.191,1.061,0.781,3854.9,4489.0,4489.0,4489.0,4489.0,4489.0,4489.0,3591.2,3591.2,3591.2,3591.2,1895.4,3591.2,3591.2,3591.2,99.8,3890.5,1193.0,2425.5,631.6,1702.2,1078.6,1201.0,2848.3,1331.6,2785.0,1156.7,1273.2,1588.4,796.3,559.0,572.7,596.7,700.0,580.2,645.5,657.8,728.8,1327.9,28.7,56.5,14.4,38.7,24.9,27.2,64.3,29.0,63.8,27.2,29.9,37.7,18.3,15.4,17.2,16.5,19.3,15.8,17.7,18.1,21.4,64.3,28.7,100.0,51.2,95.5,24.6,66.3,42.3,46.9,111.2,51.7,108.5,45.1,49.8,62.0,31.0,32.3,32.9,34.2,40.4,33.1,37.6,37.8,41.5,51.2,38.6,45.0,45.0,45.0,45.0,45.0,45.0,36.0,36.0,36.0,36.0,19.0,36.0,36.0,36.0,39.0,71,72,71,75,77,70,70,69,69,69,69,70,70,70,70,29,28,29,25,23,30,30,31,31,31,31,30,30,30,30,79,77,No,No,No,No,No,No,No,No,No,No,No,No,No,No,No,No,No,No,No,No,No,No,No,No,No,No,No,No,No,No,Yes,Yes,Yes,Yes,Yes,Yes,Yes,Yes,Yes,Yes,Yes,Yes,Yes,Yes,Yes,No,No,Yes,79,73,68,1.100,31.219,45.869,38.598,0.002,5.676,0.762,175.0,175.0,175.0,175.0,0,0.0,0.0,29.3,56.2,14.4,39.7,24.9,27.3,64.9,30.2,63.5,27.2,30.0,37.7,18.4,16.9,17.5,18.0,20.8,17.4,19.1,19.6,22.8,26.6,34.8,42.8,16.8,16.8,49.5,49.0,13.0,12.3,25.5,27.9,15.7,20.1,26.8,21.3,30.8,0.0,0.0,0.0,0.0,0.0,0.0,63.2,62.9,50.0,44.8,60.4,53.5,47.0,49.4,0.0,0.0,0.0,0.0,0.0,0.0,0.0,2394.1,24.00,36,35,35,68,103,383,2,2,Yes,No,No,No,No,No,No,No,Yes,No,Yes,No,No,Yes,No,No,No,No,No,No,No,Yes,No,No,No,No,No,No,No,No,No,No,No,No,No,No,No,No,85.0,4980,4440,4980,69.0,1.095,1.110,1.800,1.815,1.005,5.110,2.000,No,No,No,68.8,1.095,1.110,1.800,1.815,1.005,5.110,1.625,No,No,No,41,41,94.0,100.0,No,No,32291,48158,37,70,99.0,100.0,No,No,1856,3314,0.0,0.3,0.3,0.000,0.018,62653,43666,0.0,0.0,0.0,0.000,0.000,35353,12253,75.6,74.0,83.0,83.0,0.875,20.492,20.481,20.503,66.082,27.144,47.567,15.423,63.230,3.000,18.382,10.313,32.095,100.000,140.000,2250.0,2200.2,1890.0,2228.2,1905.0,60.0,25.0,0.0,8.0,66.3,14.1,56.6,0.0,0.0,0.0,Yes,No,No,No,No,Yes,No,0,0,0,0,0,0,0,0,0,4,0,0,0,0,0,0,0,0,0,0,0,0,0,0,0,0,0,0,0,0,2756,5432,5201,316,16.0,68,0.297,46.098,600.0,2394.0,0.1,0.0,0.0,0.0,0.0,0.0,0.0,0.0,0.0,2,16190,2,No,No,No,No,No,No,No,No,16.703,68.277,100.0,0.000,24.1,120,0,0,8.5,120.0,146.0,105.1,101.8,103.1,101.5,120.0,146.3,102.0,100.6,101.1,100.4,8.33,9.51,6.85,6.36,9.69,9.84,5.36,2.97,8.01,0.32,0.68,1447,246,2.2,7.3,0,0,0.0,0.0,0,
11.6.2026,17:30:4.324,25469,23298,52.2,20121,12262,62.1,10.9,16384,1789,1.211,1.255,1.220,1.220,1.225,1.225,1.177,1.227,1.202,1.187,1.162,1.217,1.197,1.202,1.242,1.061,0.781,3733.7,4489.0,4489.0,4489.0,4489.0,4489.0,4489.0,3591.2,3591.2,3591.2,3591.2,3591.2,1895.4,1895.4,3591.2,99.8,3890.5,1118.7,2305.3,612.7,1668.3,1011.5,1060.8,2988.4,1394.4,2640.2,986.2,1357.4,1667.4,687.9,456.1,482.9,490.1,490.9,438.7,507.4,558.2,568.2,1268.8,26.9,53.1,13.8,38.3,23.3,23.7,67.0,31.4,59.3,22.7,31.8,39.1,15.5,13.6,14.4,14.7,14.5,13.0,14.5,16.5,17.5,67.0,26.9,100.0,47.3,90.8,23.8,64.9,39.6,41.5,116.5,54.2,103.0,38.4,52.9,65.1,26.7,26.3,27.7,28.0,28.1,25.5,28.4,31.8,32.2,47.3,37.4,45.0,45.0,45.0,45.0,45.0,45.0,36.0,36.0,36.0,36.0,36.0,19.0,19.0,36.0,39.0,69,73,70,74,71,69,71,68,68,68,68,66,66,66,66,31,27,30,26,29,31,29,32,32,32,32,34,34,34,34,79,74,No,No,No,No,No,No,No,No,No,No,No,No,No,No,No,No,No,No,No,No,No,No,No,No,No,No,No,No,No,No,Yes,Yes,Yes,Yes,Yes,Yes,Yes,Yes,Yes,Yes,Yes,Yes,Yes,Yes,Yes,No,No,Yes,81,75,67,1.100,36.282,43.102,35.873,0.002,5.673,0.742,175.0,175.0,175.0,175.0,0,0.0,0.0,26.9,52.8,13.7,38.2,23.3,23.7,66.9,31.2,59.1,22.6,31.9,39.1,15.4,13.6,14.5,14.8,14.6,13.0,15.1,16.6,17.6,18.2,37.7,45.1,18.3,19.6,51.4,50.1,3.4,7.2,3.7,4.6,3.6,1.2,7.9,1.2,42.1,0.0,0.0,0.0,0.0,0.0,0.0,76.2,71.0,74.3,73.5,76.5,76.3,68.3,73.9,0.1,0.0,0.4,0.0,0.0,0.0,0.0,2394.1,24.00,36,35,35,68,103,383,2,2,Yes,No,No,No,No,No,No,No,Yes,No,Yes,No,No,Yes,No,No,No,No,No,No,No,Yes,No,No,No,No,No,No,No,No,No,No,No,No,No,No,No,No,84.0,5040,4500,5040,69.0,1.095,1.110,1.800,1.815,1.005,5.110,1.375,No,No,No,68.8,1.095,1.110,1.800,1.815,1.005,5.110,1.750,No,No,No,41,41,94.0,100.0,No,No,32291,48158,37,70,99.0,100.0,No,No,1856,3314,0.0,1.6,1.6,0.000,0.045,62653,43666,0.0,0.0,0.0,0.000,0.000,35353,12253,75.1,74.0,82.4,83.0,0.875,20.498,20.489,20.507,66.302,26.393,45.853,15.265,61.358,3.000,18.224,10.218,30.833,100.000,140.000,2250.0,2200.2,1890.0,2227.5,1905.0,58.0,24.0,0.0,7.0,66.3,13.8,55.1,0.0,0.0,0.0,Yes,No,No,No,No,Yes,No,0,0,0,0,0,0,0,0,0,4,0,0,0,0,0,0,0,0,0,0,0,0,0,0,0,0,0,0,0,0,2756,5432,5201,316,16.0,68,0.300,43.001,600.0,2394.0,0.2,0.0,0.0,0.0,0.0,0.0,0.0,0.0,0.0,2,16190,2,No,No,No,No,No,No,No,No,16.703,68.277,100.0,0.000,24.1,120,0,0,7.7,120.1,137.7,102.4,101.0,101.6,100.9,120.1,144.5,103.7,94.2,98.0,93.1,8.33,9.78,7.20,7.17,9.82,9.84,5.15,3.18,8.01,0.32,0.67,1447,246,1.8,5.6,0,0,0.0,0.0,0,
11.6.2026,17:30:5.322,25468,23300,52.2,20121,12263,62.1,10.9,16384,1789,1.212,1.235,1.185,1.210,1.214,1.199,1.214,1.209,1.209,1.209,1.224,1.204,1.219,1.219,1.214,1.061,0.781,3883.4,4489.0,4489.0,4688.5,4688.5,4489.0,4489.0,3591.2,3591.2,3591.2,3591.2,1895.4,3591.2,3591.2,3591.2,99.8,3890.5,1125.1,2410.7,451.1,1692.7,1016.2,1406.0,2718.7,1407.7,2602.5,886.4,1406.9,1634.9,732.5,475.8,526.4,508.2,561.2,486.2,468.1,510.3,600.1,1277.4,27.2,55.4,10.2,38.9,23.3,31.3,60.9,31.5,58.4,20.4,33.3,38.3,16.6,14.2,15.9,15.4,16.7,14.6,14.3,15.2,18.9,60.9,27.2,100.0,47.7,94.8,17.6,65.8,39.8,54.5,106.3,54.8,101.7,34.5,55.2,63.9,28.6,27.4,30.2,29.1,31.8,27.9,27.5,29.3,34.0,47.7,38.9,45.0,45.0,47.0,47.0,45.0,45.0,36.0,36.0,36.0,36.0,19.0,36.0,36.0,36.0,39.0,69,71,71,75,70,69,69,68,68,68,68,68,68,68,68,31,29,29,25,30,31,31,32,32,32,32,32,32,32,32,81,75,No,No,No,No,No,No,No,No,No,No,No,No,No,No,No,No,No,No,No,No,No,No,No,No,No,No,No,No,No,No,No,No,No,No,No,No,No,No,No,No,No,No,No,No,No,No,No,No,79,75,68,1.100,36.282,45.258,38.165,0.002,5.613,0.721,175.0,175.0,175.0,175.0,0,0.0,0.0,27.1,55.1,10.1,38.8,23.2,31.4,60.7,31.4,58.3,20.3,33.1,38.2,16.5,14.3,16.0,15.5,16.9,14.6,14.1,15.4,18.9,18.2,38.0,44.9,17.2,19.7,52.5,50.3,4.9,6.6,1.9,5.6,2.4,0.8,4.8,4.6,41.8,0.0,0.0,0.0,0.0,0.0,0.0,73.9,70.4,75.5,70.2,76.1,77.6,72.1,69.4,0.1,0.0,0.1,0.0,0.0,0.3,0.0,2394.1,24.00,36,35,35,68,103,383,2,2,Yes,No,No,No,No,No,No,No,No,No,Yes,No,No,Yes,No,No,No,No,No,No,No,Yes,No,No,No,No,No,Yes,No,No,No,No,No,No,No,Yes,No,No,85.0,4980,4500,5040,69.0,1.095,1.110,1.815,1.815,1.005,5.110,2.125,No,No,No,68.8,1.095,1.110,1.800,1.815,1.005,5.110,1.750,No,No,No,41,41,94.0,100.0,No,No,32291,48158,37,70,99.0,100.0,No,No,1856,3314,0.0,1.5,1.5,0.000,0.031,62653,43666,0.0,0.0,0.0,0.000,0.000,35353,12253,75.5,74.0,83.1,83.0,0.875,20.501,20.492,20.511,64.615,26.839,47.185,15.185,62.620,3.000,18.143,10.161,31.583,100.000,140.000,2250.0,2200.2,1890.0,2228.6,1905.0,60.0,24.0,0.0,7.0,66.3,13.2,52.6,0.0,0.0,0.0,Yes,No,No,No,No,Yes,No,0,0,0,0,0,0,0,0,0,4,0,0,0,0,0,0,0,0,0,0,0,0,0,0,0,0,0,0,0,0,2756,5432,5201,316,16.0,68,0.300,46.581,600.0,2394.0,0.2,0.0,0.0,0.0,0.0,0.0,0.0,0.0,0.0,2,16190,2,No,No,No,No,No,No,No,No,16.703,68.277,100.0,0.000,24.1,120,0,0,8.3,120.0,133.9,107.9,103.9,105.6,103.3,120.0,137.8,104.9,104.4,104.6,104.4,8.33,9.28,7.40,7.37,9.53,9.78,5.37,2.96,8.02,0.31,0.51,1447,246,1.6,7.4,0,0,0.0,0.0,0,
11.6.2026,17:30:6.316,25468,23300,52.2,20121,12263,62.1,10.9,16384,1789,1.189,1.212,1.227,1.207,1.165,1.165,1.165,1.180,1.200,1.200,1.175,1.185,1.185,1.185,1.190,1.061,0.781,3976.0,4489.0,4489.0,4489.0,4489.0,4489.0,4489.0,3591.2,3591.2,3591.2,3591.2,3591.2,3591.2,3591.2,3591.2,99.8,3890.5,1133.3,2364.8,517.3,1645.7,1049.1,2361.8,1970.0,1487.5,2406.9,866.7,1392.0,1606.6,657.4,480.2,558.6,513.4,533.3,547.8,562.9,539.0,604.3,1275.7,27.5,54.4,11.8,37.8,24.2,52.8,44.3,33.3,53.8,19.9,32.6,37.5,14.9,14.3,16.9,15.8,16.6,17.2,17.2,16.1,19.6,54.4,27.5,100.0,48.0,93.1,20.1,64.0,41.1,91.1,77.3,57.7,94.5,33.7,54.2,62.6,25.5,27.4,31.5,29.1,30.4,31.0,31.7,30.5,34.0,48.0,39.9,45.0,45.0,45.0,45.0,45.0,45.0,36.0,36.0,36.0,36.0,36.0,36.0,36.0,36.0,39.0,69,70,69,73,71,70,71,69,69,69,69,68,68,68,68,31,30,31,27,29,30,29,31,31,31,31,32,32,32,32,79,73,No,No,No,No,No,No,No,No,No,No,No,No,No,No,No,No,No,No,No,No,No,No,No,No,No,No,No,No,No,No,No,No,No,No,No,No,No,No,No,No,No,No,No,No,No,No,No,No,81,74,68,1.100,44.719,43.641,36.520,0.002,5.618,0.723,175.0,175.0,175.0,175.0,0,0.0,0.0,27.5,54.1,11.5,37.7,24.0,52.6,44.0,33.2,53.8,19.7,32.6,37.5,14.7,14.3,17.0,16.0,16.5,17.2,17.3,16.3,19.6,19.0,38.2,46.0,13.9,20.9,54.0,52.4,5.3,7.4,1.7,6.2,5.2,8.2,3.5,3.9,40.6,0.0,0.0,0.8,0.0,0.0,0.0,73.8,68.6,75.0,70.2,70.8,67.4,72.6,69.5,0.0,0.0,0.0,0.1,0.0,0.0,0.1,2394.1,24.00,36,35,35,68,103,383,2,2,Yes,No,No,No,No,No,No,No,No,No,Yes,No,No,Yes,No,No,No,No,No,No,No,Yes,No,No,No,No,No,Yes,No,No,No,No,No,No,No,Yes,No,No,85.0,4980,4500,5040,69.0,1.095,1.110,1.800,1.815,1.005,5.110,1.375,No,No,No,68.8,1.095,1.110,1.800,1.800,1.005,5.110,1.500,No,No,No,41,41,94.0,100.0,No,No,32291,48158,37,70,99.0,100.0,No,No,1856,3314,0.0,1.9,1.9,0.000,0.184,62653,43666,0.0,0.0,0.0,0.000,0.000,35353,12253,75.7,74.0,83.5,83.0,0.875,20.498,20.489,20.507,64.703,37.352,46.672,15.182,62.096,3.000,18.147,79.094,37.272,100.000,140.000,2250.0,2200.2,1890.0,2228.4,1905.0,59.0,25.0,0.0,8.0,66.3,13.6,54.5,0.0,0.0,0.0,Yes,No,No,No,No,Yes,No,0,0,0,0,0,0,0,0,0,4,0,0,0,0,0,0,0,0,0,0,0,0,0,0,0,0,0,0,0,0,2756,5432,5201,316,16.0,68,0.297,41.947,600.0,2394.0,0.1,0.0,0.0,0.0,0.0,0.0,0.0,0.0,0.0,2,16190,2,No,No,No,No,No,No,No,No,16.703,68.277,100.0,0.000,24.1,120,0,0,8.6,119.8,143.3,102.6,87.8,93.6,86.2,119.8,157.1,97.9,88.7,92.5,87.7,8.35,9.74,6.99,6.63,10.70,11.64,5.36,2.99,8.04,0.31,0.74,1447,246,15.6,7.9,0,0,0.0,0.0,0,
11.6.2026,17:30:7.316,25467,23301,52.2,20120,12264,62.1,10.9,16384,1789,1.192,1.177,1.155,1.160,1.185,1.170,1.165,1.206,1.220,1.196,1.206,1.215,1.215,1.220,1.201,1.061,0.781,3869.1,4489.0,4489.0,4489.0,4688.5,4489.0,4489.0,3591.2,3591.2,3591.2,3591.2,1895.4,3591.2,3591.2,3591.2,99.8,3890.5,1121.1,2324.8,604.9,1685.7,950.6,2166.5,2058.8,1682.6,2319.8,1016.6,1333.1,1587.6,669.8,443.6,505.1,514.2,508.0,463.6,503.0,488.2,594.4,1273.2,27.0,53.4,13.7,38.8,21.8,48.4,46.3,37.8,51.7,23.5,31.3,37.0,15.4,13.2,15.5,15.3,15.4,13.7,15.1,14.6,18.4,53.4,27.0,100.0,47.5,91.5,23.5,65.6,37.2,83.8,80.7,65.4,91.0,39.5,52.2,62.1,26.3,25.7,29.1,29.5,29.3,26.8,29.2,28.3,33.8,47.5,38.8,45.0,45.0,45.0,47.0,45.0,45.0,36.0,36.0,36.0,36.0,19.0,36.0,36.0,36.0,39.0,70,73,72,74,75,70,69,69,69,69,69,68,68,68,68,30,27,28,26,25,30,31,31,31,31,31,32,32,32,32,79,75,No,No,No,No,No,No,No,No,No,No,No,No,No,No,No,No,No,No,No,No,No,No,No,No,No,No,No,No,No,No,No,No,No,No,No,No,No,No,No,No,No,No,No,No,No,No,No,No,79,77,68,1.100,30.375,46.002,38.816,0.002,5.615,0.724,175.0,175.0,175.0,175.0,0,0.0,0.0,26.9,53.1,13.5,38.6,21.7,48.2,46.1,37.6,51.8,23.4,31.1,37.0,15.2,13.2,15.5,15.4,15.3,13.7,15.0,14.5,18.3,18.4,38.1,46.9,15.8,19.0,51.6,52.7,0.6,1.6,4.5,5.0,0.7,4.4,8.1,8.0,42.1,0.0,0.0,0.2,0.0,0.0,0.0,79.0,75.9,73.0,72.4,78.6,73.4,69.9,66.8,0.2,0.0,0.1,0.4,0.0,0.4,0.1,2394.1,24.00,36,35,35,68,103,383,2,2,Yes,No,No,No,No,No,No,No,No,No,Yes,No,No,Yes,No,No,No,No,No,No,No,Yes,No,No,No,No,No,No,No,No,No,No,No,No,No,No,No,No,84.0,4980,4500,5040,69.0,1.095,1.110,1.800,1.800,0.990,5.110,1.500,No,No,No,68.8,1.095,1.110,1.800,1.800,1.005,5.110,1.500,No,No,No,41,41,94.0,100.0,No,No,32291,48158,37,70,99.0,100.0,No,No,1856,3314,0.0,0.3,0.3,0.000,0.012,62653,43666,0.1,0.0,0.1,0.259,0.000,35353,12253,76.8,74.0,85.7,83.0,0.875,20.494,20.485,20.503,65.112,37.173,47.420,15.179,62.841,3.000,18.142,77.066,36.560,100.000,140.000,2250.0,2200.2,1890.0,2228.1,1905.0,60.0,24.0,0.0,8.0,66.3,13.7,54.9,0.0,0.0,0.0,Yes,No,No,No,No,Yes,No,0,0,0,0,0,0,0,0,0,4,0,0,0,0,0,0,0,0,0,0,0,0,0,0,0,0,0,0,0,0,2756,5432,5201,316,16.0,68,0.297,46.240,600.0,2394.0,0.1,0.0,0.0,0.0,0.0,0.0,0.0,0.0,0.0,2,16190,2,No,No,No,No,No,No,No,No,16.703,68.277,100.0,0.000,24.1,120,0,0,7.9,120.0,131.4,110.8,108.8,109.6,108.5,119.9,136.3,105.7,105.2,105.4,105.2,8.34,9.00,7.62,7.55,9.10,9.20,5.42,2.92,8.03,0.31,0.49,1447,246,1.6,7.2,0,0,0.0,0.0,0,
11.6.2026,17:30:8.315,25803,22965,52.9,20155,12229,62.2,10.9,16384,1789,1.212,1.204,1.209,1.209,1.206,1.211,1.201,1.201,1.191,1.221,1.236,1.196,1.211,1.211,1.254,1.061,0.778,3655.3,4489.0,4489.0,4489.0,4489.0,4489.0,4489.0,798.0,3591.2,3591.2,3591.2,1895.4,3591.2,3591.2,3591.2,99.8,3890.5,1402.2,2509.6,1030.4,1807.5,1303.1,2068.3,2434.7,2074.2,2323.1,1305.3,1511.8,1715.1,1229.7,802.1,768.5,799.4,852.7,842.8,822.1,901.1,942.0,1533.5,34.0,57.3,23.3,41.3,29.7,46.3,54.7,46.5,51.9,29.9,34.9,39.5,27.9,23.7,22.3,23.5,24.8,24.1,23.5,26.3,28.4,57.3,34.0,100.0,60.3,98.6,40.3,70.2,50.9,80.2,95.0,80.5,91.1,50.8,59.1,66.8,48.0,44.8,43.1,44.9,47.6,46.9,45.8,50.1,52.1,60.3,36.6,45.0,45.0,45.0,45.0,45.0,45.0,8.0,36.0,36.0,36.0,19.0,36.0,36.0,36.0,39.0,71,73,71,77,74,71,70,70,70,70,70,69,69,69,69,29,27,29,23,26,29,30,30,30,30,30,31,31,31,31,82,77,No,No,No,No,No,No,No,No,No,No,No,No,No,No,No,No,No,No,No,No,No,No,No,No,No,No,No,No,No,No,Yes,Yes,Yes,Yes,Yes,Yes,Yes,Yes,Yes,Yes,Yes,Yes,Yes,Yes,Yes,No,No,Yes,79,75,68,1.100,39.657,44.983,37.889,0.002,5.598,0.721,175.0,175.0,175.0,175.0,0,0.0,0.0,33.9,56.9,23.1,41.1,29.6,46.1,54.4,46.3,51.9,29.7,34.8,39.3,27.8,23.6,22.2,23.4,24.7,24.2,23.6,26.3,28.6,30.4,30.8,39.4,14.8,13.3,44.9,41.4,34.6,31.5,29.0,27.6,30.1,27.6,34.6,26.3,22.9,0.0,0.0,0.1,0.8,0.0,0.0,37.0,40.9,42.0,42.2,40.5,43.2,34.0,39.7,0.2,0.0,0.1,0.2,0.0,0.2,0.4,2394.1,24.00,36,35,35,68,103,383,2,2,Yes,No,No,No,No,No,No,No,No,Yes,Yes,No,No,No,No,No,No,No,No,No,No,No,No,No,No,No,No,No,No,No,No,No,No,No,No,No,No,No,85.0,5040,4500,5040,69.0,1.095,1.110,1.800,1.800,1.005,5.110,1.250,No,No,No,68.8,1.095,1.110,1.800,1.800,1.005,5.110,2.500,No,No,No,41,41,94.0,100.0,No,No,32291,48158,37,70,99.0,100.0,No,No,1856,3314,0.1,3.8,3.9,0.200,0.173,62654,43666,0.4,0.0,0.4,1.033,0.000,35354,12253,75.8,74.0,83.9,83.0,0.875,20.499,20.490,20.509,64.945,34.327,46.679,15.081,61.998,3.000,18.038,63.091,32.405,100.000,140.000,2250.0,2200.2,1890.0,2228.0,1905.0,61.0,24.0,0.0,7.0,66.3,13.9,55.6,0.0,0.0,0.0,Yes,No,No,No,No,Yes,No,0,0,0,0,0,0,0,0,0,4,0,0,0,0,0,0,0,0,0,0,0,0,0,0,0,0,0,0,0,0,2756,5432,5201,316,16.0,67,0.300,44.064,600.0,2394.0,0.1,0.0,0.0,0.0,0.0,0.0,0.0,0.0,0.0,2,16190,2,No,No,No,No,No,No,No,No,16.703,68.277,100.0,0.000,24.1,119,0,0,8.6,119.6,186.5,67.4,54.9,58.7,53.8,119.4,287.2,63.9,47.8,53.0,46.4,8.36,14.98,5.29,5.05,17.25,18.89,5.70,2.67,8.03,0.33,1.64,1447,246,3.2,9.0,0,0,0.0,0.0,0,
11.6.2026,17:30:9.326,25736,23032,52.7,20154,12230,62.2,10.9,16384,1789,1.212,1.182,1.199,1.214,1.229,1.209,1.209,1.199,1.209,1.209,1.219,1.186,1.246,1.251,1.216,1.061,0.781,3349.0,798.0,4489.0,4489.0,4489.0,4489.0,4489.0,1895.4,1895.4,1895.4,3591.2,3591.2,3591.2,3591.2,3591.2,99.8,3890.5,1268.0,2339.9,972.4,1823.7,1065.7,1529.0,2684.0,1777.1,2716.0,1169.6,1380.8,1426.4,1198.1,615.0,650.3,617.6,641.8,647.6,667.1,677.8,760.4,1412.9,30.5,53.5,20.7,41.6,24.4,34.4,60.4,39.9,60.5,27.0,31.9,33.0,27.7,17.8,19.2,18.0,18.6,19.1,20.0,19.9,23.3,60.5,30.5,100.0,54.0,91.8,38.1,70.8,41.7,59.6,104.6,69.0,105.5,45.5,53.8,55.4,46.8,34.8,36.7,35.0,36.1,36.7,37.7,38.0,42.7,54.0,33.6,8.0,45.0,45.0,45.0,45.0,45.0,19.0,19.0,19.0,36.0,36.0,36.0,36.0,36.0,39.0,70,73,73,75,77,70,71,68,68,68,68,68,68,68,68,30,27,27,25,23,30,29,32,32,32,32,32,32,32,32,79,77,No,No,No,No,No,No,No,No,No,No,No,No,No,No,No,No,No,No,No,No,No,No,No,No,No,No,No,No,No,No,Yes,Yes,Yes,Yes,Yes,Yes,Yes,Yes,Yes,Yes,Yes,Yes,Yes,Yes,Yes,No,No,Yes,81,78,68,1.100,18.563,50.616,43.327,0.002,5.719,0.781,175.0,175.0,175.0,175.0,0,0.0,0.0,30.5,53.2,21.8,41.5,24.3,34.3,60.0,39.8,60.5,26.9,31.9,32.9,27.7,17.8,19.2,18.0,18.8,19.0,19.9,20.1,23.1,20.9,35.5,43.3,18.6,13.4,51.0,48.1,6.4,11.9,6.7,10.4,5.0,8.3,20.6,13.2,36.1,0.0,0.0,0.0,0.0,0.0,0.0,68.8,61.9,68.0,63.7,68.8,64.8,52.8,56.9,0.2,0.0,0.6,0.0,0.0,0.1,0.3,2394.1,24.00,36,35,35,68,103,383,2,2,Yes,No,No,No,No,No,No,No,Yes,No,Yes,No,No,Yes,No,No,No,No,No,No,No,Yes,No,No,No,No,No,No,No,No,No,No,No,No,No,No,No,No,85.0,5040,4500,4980,69.0,1.110,1.110,1.800,1.800,1.005,5.110,2.125,No,No,No,68.8,1.095,1.110,1.800,1.800,1.005,5.110,1.125,No,No,No,41,41,94.0,100.0,No,No,32291,48158,37,70,99.0,100.0,No,No,1856,3314,0.0,1.9,1.9,0.004,0.083,62654,43667,0.0,0.0,0.0,0.000,0.000,35354,12253,75.4,74.0,82.8,83.0,0.875,20.487,20.478,20.496,64.872,27.162,46.632,15.154,62.021,3.000,18.118,10.133,35.079,100.000,140.000,2250.0,2200.2,1890.0,2228.5,1905.0,61.0,24.0,0.0,8.0,68.5,14.3,57.1,0.0,0.0,0.0,Yes,No,No,No,No,Yes,No,0,0,0,0,0,0,0,0,0,4,0,0,0,0,0,0,0,0,0,0,0,0,0,0,0,0,0,0,0,0,2576,5612,5380,316,16.0,68,0.300,51.057,600.0,2394.0,0.1,0.0,0.0,0.0,0.0,0.0,0.0,0.0,0.0,2,16190,2,No,No,No,No,No,No,No,No,16.700,68.277,100.0,0.000,24.1,116,0,0,7.7,115.5,144.1,77.4,28.9,39.8,26.8,115.4,185.8,71.5,29.8,40.0,27.8,8.66,13.03,6.98,4.76,25.21,37.36,5.58,3.08,8.33,0.32,1.32,1447,246,4.5,6.3,0,0,0.0,0.0,0,
11.6.2026,17:30:10.321,25735,23033,52.7,20152,12231,62.2,10.9,16384,1789,1.138,1.224,1.201,1.177,1.114,1.089,1.114,1.124,1.124,1.134,1.124,1.119,1.129,1.129,1.129,1.041,0.778,3876.2,4389.3,4389.3,4389.3,4389.3,4389.3,4389.3,3491.5,3491.5,3491.5,3491.5,3491.5,3491.5,3491.5,3491.5,99.8,3790.7,1357.3,2339.8,1193.2,1853.7,1115.8,2072.2,2272.3,2318.3,2593.3,1285.2,1428.7,1721.8,1176.0,674.4,666.2,784.9,715.3,702.6,701.6,717.8,812.1,1513.2,32.0,53.1,27.2,41.7,24.7,45.8,50.7,51.6,57.7,28.6,31.9,39.0,25.8,18.5,18.2,22.2,20.2,19.5,19.2,20.0,23.4,57.7,32.0,100.0,57.8,92.0,46.8,72.0,43.7,80.4,89.0,89.7,100.2,49.9,55.7,66.8,46.0,38.1,37.3,43.6,40.2,39.4,39.4,40.3,45.0,57.8,38.9,44.0,44.0,44.0,44.0,44.0,44.0,35.0,35.0,35.0,35.0,35.0,35.0,35.0,35.0,38.0,71,72,74,74,74,74,71,70,70,70,70,68,68,68,68,29,28,26,26,26,26,29,30,30,30,30,32,32,32,32,82,74,No,No,No,No,No,No,No,No,No,No,No,No,No,No,No,No,No,No,No,No,No,No,No,No,No,No,No,No,No,No,Yes,Yes,Yes,Yes,Yes,Yes,Yes,Yes,Yes,Yes,Yes,Yes,Yes,Yes,Yes,No,No,Yes,82,76,68,1.100,37.126,44.758,37.510,0.002,5.656,0.758,175.0,175.0,175.0,175.0,0,0.0,0.0,32.9,53.4,27.1,42.6,25.8,46.8,51.0,52.2,58.2,29.7,33.0,39.8,27.0,19.8,19.7,23.6,21.4,20.9,20.5,21.2,24.7,22.8,32.7,42.9,16.3,6.7,48.2,43.8,10.6,11.5,24.3,19.3,11.1,12.3,14.8,24.7,31.8,0.0,0.0,0.0,0.2,0.0,0.0,62.0,61.6,45.8,52.6,60.9,60.2,56.7,44.6,0.0,0.0,0.1,0.0,0.0,0.0,0.0,2394.1,24.00,36,35,35,68,103,383,2,2,Yes,No,No,No,No,No,No,No,Yes,No,Yes,No,No,No,No,No,No,No,No,No,No,No,No,No,No,No,No,Yes,No,No,No,No,No,No,No,Yes,No,No,85.0,5040,4560,4980,69.0,1.095,1.110,1.800,1.800,1.005,5.110,2.250,No,No,No,68.8,1.095,1.110,1.800,1.800,1.005,5.110,2.250,No,No,No,41,41,94.0,100.0,No,No,32291,48158,37,70,99.0,100.0,No,No,1856,3314,0.0,0.9,0.9,0.000,0.056,62654,43667,0.1,0.0,0.1,0.258,0.000,35354,12253,75.5,74.0,83.0,83.0,0.875,20.485,20.476,20.493,63.423,27.340,46.433,15.357,62.013,3.000,18.323,9.987,36.270,100.000,140.000,2250.0,2200.2,1890.0,2227.6,1905.0,62.0,25.0,0.0,11.0,69.0,14.1,56.4,0.0,0.0,0.0,Yes,No,No,No,No,Yes,No,0,0,0,0,0,0,0,0,0,4,0,0,0,0,0,0,0,0,0,0,0,0,0,0,0,0,0,0,0,0,2537,5651,5419,316,16.0,68,0.297,45.509,600.0,2394.0,0.1,0.0,0.0,0.0,0.0,0.0,0.0,0.0,0.0,2,16190,2,No,No,No,No,No,No,No,No,16.703,68.277,100.0,0.000,24.1,120,0,0,8.8,119.6,140.4,87.2,82.4,83.4,82.1,119.7,149.6,93.4,91.0,91.7,90.8,8.36,11.60,7.10,5.73,12.16,12.35,5.90,2.46,8.03,0.33,0.77,1447,246,1.5,1.0,0,0,0.0,0.0,0,
11.6.2026,17:30:11.322,25757,23011,52.8,20167,12217,62.2,10.9,16384,1789,1.219,1.185,1.210,1.180,1.195,1.210,1.200,1.215,1.255,1.255,1.228,1.243,1.213,1.238,1.243,1.041,0.781,3833.5,4389.3,4389.3,4389.3,4489.0,4489.0,4489.0,1895.4,3591.2,3591.2,3591.2,3591.2,3591.2,3591.2,3591.2,99.8,3790.7,1298.7,2276.4,1147.0,1762.2,1081.0,2190.0,2056.2,2127.8,2437.3,1273.5,1306.1,1627.2,1223.4,695.3,632.6,693.8,656.5,665.3,684.6,691.4,747.1,1449.1,31.8,52.6,26.1,40.5,25.1,49.7,46.7,48.3,55.0,29.7,30.6,38.1,28.3,21.3,18.9,21.3,19.7,19.6,20.7,21.0,23.1,55.0,31.8,100.0,55.5,89.3,44.9,68.5,42.4,85.7,80.3,82.9,94.5,49.7,51.2,63.3,48.0,39.3,36.1,39.3,36.9,37.6,38.6,39.0,41.9,55.5,38.4,44.0,44.0,44.0,45.0,45.0,45.0,19.0,36.0,36.0,36.0,36.0,36.0,36.0,36.0,38.0,70,76,71,74,72,70,69,69,69,69,69,68,68,68,68,30,24,29,26,28,30,31,31,31,31,31,32,32,32,32,81,76,No,No,No,No,No,No,No,No,No,No,No,No,No,No,No,No,No,No,No,No,No,No,No,No,No,No,No,No,No,No,Yes,Yes,Yes,Yes,Yes,Yes,Yes,Yes,Yes,Yes,Yes,Yes,Yes,Yes,Yes,No,No,Yes,81,75,68,1.100,31.219,46.755,39.473,0.002,5.718,0.792,175.0,175.0,175.0,175.0,0,0.0,0.0,31.7,52.1,26.0,40.2,25.0,49.5,46.5,48.0,55.0,29.4,30.4,37.9,28.1,21.2,18.7,21.2,19.8,19.7,20.8,21.0,23.0,18.0,34.2,45.4,17.6,10.4,50.0,43.6,9.2,5.4,7.1,5.6,5.2,4.1,10.3,3.5,37.6,0.0,0.0,0.2,1.3,0.0,0.0,62.2,68.5,64.3,67.3,67.5,67.6,61.4,66.4,0.1,0.0,0.2,0.0,0.0,0.2,0.4,2394.1,24.00,36,35,35,68,103,383,2,2,Yes,No,No,No,No,No,No,No,Yes,No,Yes,No,No,Yes,No,No,No,No,No,No,No,Yes,No,No,No,No,No,No,No,No,No,No,No,No,No,No,No,No,84.0,4980,4500,5040,69.0,1.095,1.110,1.800,1.800,1.005,5.110,1.750,No,No,No,68.8,1.095,1.110,1.800,1.800,1.005,5.110,1.875,No,No,No,41,41,94.0,100.0,No,No,32291,48158,37,70,99.0,100.0,No,No,1856,3314,0.7,1.0,1.7,0.182,0.119,62654,43667,0.3,0.0,0.3,1.818,0.000,35356,12253,75.6,74.0,83.8,83.0,0.875,20.496,20.488,20.504,65.712,37.577,45.654,14.997,60.857,3.000,17.963,80.653,39.918,100.000,140.000,2250.0,2200.2,1890.0,2228.4,1905.0,60.0,22.0,0.0,10.0,69.1,15.0,59.8,0.0,0.0,0.0,Yes,No,No,No,No,Yes,No,0,0,0,0,0,0,0,0,0,4,0,0,0,0,0,0,0,0,0,0,0,0,0,0,0,0,0,0,0,0,2534,5654,5423,316,16.0,68,0.297,48.124,600.0,2394.0,0.1,0.0,0.0,0.0,0.0,0.0,0.0,0.0,0.0,2,16190,2,No,No,No,No,No,No,No,No,16.703,68.277,100.0,0.000,24.1,118,0,0,8.5,117.4,142.4,105.7,35.7,50.3,33.0,117.5,143.6,99.5,39.0,53.0,36.2,8.51,9.54,7.01,6.85,19.90,30.24,5.84,2.68,8.20,0.32,0.96,1447,246,1.2,1.0,0,0,0.0,0.0,0,
11.6.2026,17:30:12.318,25713,23055,52.7,20143,12240,62.2,10.9,16384,1789,1.176,1.216,1.172,1.172,1.187,1.162,1.197,1.197,1.162,1.183,1.188,1.178,1.153,1.153,1.138,1.061,0.781,3976.0,4489.0,4489.0,4489.0,4489.0,4489.0,4489.0,3591.2,3591.2,3591.2,3591.2,3591.2,3591.2,3591.2,3591.2,99.8,3890.5,1319.6,2308.8,1218.6,1804.7,1106.8,2629.5,1835.5,2762.1,1548.8,1371.8,1292.2,1610.4,1153.2,739.5,673.6,719.3,659.3,766.7,692.8,784.9,713.5,1464.6,32.5,53.9,28.0,41.9,26.1,60.1,41.9,63.7,35.0,32.1,30.2,37.8,26.6,22.4,20.2,21.3,19.6,23.1,20.6,23.5,21.8,63.7,32.5,100.0,56.3,90.6,47.6,70.0,43.4,102.0,71.5,107.5,60.4,53.2,50.4,62.5,44.9,41.5,38.0,40.2,37.4,42.8,39.0,43.8,40.0,56.3,39.9,45.0,45.0,45.0,45.0,45.0,45.0,36.0,36.0,36.0,36.0,36.0,36.0,36.0,36.0,39.0,71,72,73,75,75,72,74,69,69,69,69,68,68,68,68,29,28,27,25,25,28,26,31,31,31,31,32,32,32,32,79,75,No,No,No,No,No,No,No,No,No,No,No,No,No,No,No,No,No,No,No,No,No,No,No,No,No,No,No,No,No,No,Yes,Yes,Yes,Yes,Yes,Yes,Yes,Yes,Yes,Yes,Yes,Yes,Yes,Yes,Yes,No,No,Yes,81,73,68,1.100,36.282,48.984,41.758,0.002,5.678,0.774,175.0,175.0,175.0,175.0,0,0.0,0.0,32.5,53.5,28.0,41.9,26.0,60.1,41.8,63.2,35.2,32.1,30.3,37.7,26.8,22.5,20.3,21.5,19.7,23.3,20.9,23.7,22.0,20.8,31.5,42.9,12.9,15.3,48.0,45.4,8.1,8.3,15.5,6.7,19.6,9.9,20.3,6.4,34.0,0.0,0.0,0.0,0.4,0.0,0.0,62.2,64.2,56.2,66.1,50.7,62.1,49.4,64.6,0.1,0.0,0.1,0.0,0.0,0.3,0.0,2394.1,24.00,36,35,35,68,103,383,2,2,Yes,No,No,No,No,No,No,No,Yes,No,No,No,No,No,No,No,No,No,No,No,No,No,No,No,No,No,No,No,No,No,No,No,No,No,No,No,No,No,85.0,5040,4620,4980,69.0,1.095,1.110,1.800,1.800,1.005,5.110,3.000,No,No,No,68.8,1.095,1.110,1.800,1.815,1.005,5.110,2.000,No,No,No,41,41,94.0,100.0,No,No,32291,48158,37,70,99.0,100.0,No,No,1856,3314,0.6,1.6,2.2,0.636,0.174,62654,43667,0.1,0.0,0.1,0.257,0.000,35356,12253,75.8,74.0,83.3,83.0,0.875,20.496,20.486,20.505,65.271,27.590,48.030,15.406,63.668,3.000,18.365,11.569,33.095,100.000,140.000,2250.0,2200.2,1890.0,2227.1,1905.0,63.0,23.0,0.0,9.0,69.0,15.0,59.9,0.0,0.0,0.0,Yes,No,No,No,No,Yes,No,0,0,0,0,0,0,0,0,0,4,0,0,0,0,0,0,0,0,0,0,0,0,0,0,0,0,0,0,0,0,2535,5653,5422,316,16.0,68,0.297,47.978,600.0,2394.0,0.1,0.0,0.0,0.0,0.0,0.0,0.0,0.0,0.0,2,16190,2,No,No,No,No,No,No,No,No,16.703,68.277,100.0,0.000,24.1,120,0,0,8.5,119.5,166.9,83.7,69.2,73.6,67.9,119.4,178.8,75.2,57.2,63.6,55.6,8.37,12.23,6.01,5.21,13.71,14.72,5.82,2.55,8.04,0.33,0.91,1447,246,1.4,0.8,0,0,0.0,0.0,0,
11.6.2026,17:30:13.316,25714,23054,52.7,20145,12239,62.2,10.9,16384,1789,1.161,1.178,1.144,1.134,1.132,1.142,1.172,1.177,1.132,1.157,1.172,1.152,1.197,1.187,1.177,1.061,0.781,3712.3,4489.0,4489.0,4489.0,4489.0,798.0,4489.0,3591.2,3591.2,3591.2,3591.2,3591.2,3591.2,3591.2,3591.2,99.8,3890.5,1273.9,2258.5,1080.6,1684.9,1114.6,2627.8,1817.4,2857.6,1396.5,1162.4,1313.7,1495.3,1205.5,634.1,635.3,653.8,652.0,699.8,670.6,737.5,780.9,1411.9,31.3,52.3,24.7,39.0,25.9,59.5,41.2,65.0,31.7,27.2,31.0,35.1,28.3,19.4,19.4,19.6,19.6,21.2,20.3,22.0,24.4,65.0,31.3,100.0,54.4,88.4,42.3,65.4,43.6,101.8,70.7,110.9,54.9,45.2,51.3,58.1,47.3,35.9,36.1,37.2,37.0,39.5,37.9,41.3,43.6,54.4,37.2,45.0,45.0,45.0,45.0,8.0,45.0,36.0,36.0,36.0,36.0,36.0,36.0,36.0,36.0,39.0,70,76,71,76,72,71,70,69,69,69,69,68,68,68,68,30,24,29,24,28,29,30,31,31,31,31,32,32,32,32,79,76,No,No,No,No,No,No,No,No,No,No,No,No,No,No,No,No,No,No,No,No,No,No,No,No,No,No,No,No,No,No,Yes,Yes,Yes,Yes,Yes,Yes,Yes,Yes,Yes,Yes,Yes,Yes,Yes,Yes,Yes,No,No,Yes,81,75,68,1.100,27.000,46.396,39.152,0.002,5.703,0.781,175.0,175.0,175.0,175.0,0,0.0,0.0,31.1,51.7,24.6,38.7,25.8,59.5,40.9,64.6,31.5,26.9,30.8,34.8,28.0,19.2,19.2,19.4,19.5,21.0,20.1,21.9,24.2,19.6,35.2,44.2,13.3,16.7,52.4,46.6,3.8,3.3,9.7,11.7,9.0,8.4,16.2,3.1,36.7,0.0,0.0,0.0,0.0,0.0,0.0,69.6,70.2,63.6,61.7,63.0,64.6,55.1,65.7,0.3,0.0,1.2,0.0,0.0,0.0,0.6,2394.1,24.00,36,35,35,68,103,383,2,2,Yes,No,No,No,No,No,No,No,Yes,No,Yes,No,No,Yes,No,No,No,No,No,No,No,Yes,No,No,No,No,No,No,No,No,No,No,No,No,No,No,No,No,85.0,5100,4620,5040,69.0,1.095,1.110,1.800,1.815,0.990,5.110,2.500,No,No,No,68.8,1.095,1.110,1.800,1.815,1.005,5.110,1.500,No,No,No,41,41,94.0,100.0,No,No,32291,48158,37,70,99.0,100.0,No,No,1856,3314,0.0,1.1,1.1,0.000,0.042,62654,43667,0.0,0.0,0.0,0.000,0.000,35356,12253,75.9,74.0,83.3,83.0,0.875,20.496,20.486,20.505,66.253,27.442,48.029,15.365,63.606,3.000,18.322,10.342,33.434,100.000,140.000,2250.0,2200.2,1890.0,2227.6,1905.0,65.0,24.0,0.0,9.0,69.0,15.0,60.1,0.0,0.0,0.0,Yes,No,No,No,No,Yes,No,0,0,0,0,0,0,0,0,0,4,0,0,0,0,0,0,0,0,0,0,0,0,0,0,0,0,0,0,0,0,2535,5653,5422,316,16.0,68,0.297,46.786,600.0,2394.0,0.1,0.0,0.0,0.0,0.0,0.0,0.0,0.0,0.0,2,16190,2,No,No,No,No,No,No,No,No,16.703,68.277,100.0,0.000,24.1,117,0,0,8.9,116.9,135.4,71.4,54.9,61.0,53.3,116.9,173.0,68.0,56.7,60.8,55.6,8.55,13.98,7.38,7.30,16.41,18.79,5.82,2.73,8.23,0.32,0.84,1447,246,3.1,1.1,0,0,0.0,0.0,0,
11.6.2026,17:30:14.326,25713,23055,52.7,20145,12239,62.2,10.9,16384,1789,1.213,1.246,1.199,1.174,1.179,1.174,1.199,1.249,1.214,1.249,1.224,1.239,1.214,1.204,1.217,1.061,0.781,3976.0,4489.0,4489.0,4489.0,4489.0,4489.0,4489.0,3591.2,3591.2,3591.2,3591.2,3591.2,3591.2,3591.2,3591.2,99.8,3890.5,1290.4,2205.3,1243.7,1766.1,1117.7,2658.2,1805.7,2627.3,1569.8,1181.5,1354.8,1554.9,1210.0,667.3,635.5,675.9,687.4,697.9,700.4,707.0,741.9,1435.1,31.9,51.4,28.7,41.0,26.3,60.9,41.2,60.5,35.9,27.9,31.9,36.8,28.3,20.5,19.4,20.1,20.8,21.0,21.2,21.7,22.8,60.9,31.9,100.0,55.0,86.5,48.6,68.5,43.8,103.0,70.3,102.2,61.4,45.9,52.8,60.3,47.1,37.7,35.9,38.1,38.6,39.2,39.2,39.8,41.3,55.0,39.9,45.0,45.0,45.0,45.0,45.0,45.0,36.0,36.0,36.0,36.0,36.0,36.0,36.0,36.0,39.0,70,71,71,73,74,70,69,69,69,69,69,68,68,68,68,30,29,29,27,26,30,31,31,31,31,31,32,32,32,32,79,74,No,No,No,No,No,No,No,No,No,No,No,No,No,No,No,No,No,No,No,No,No,No,No,No,No,No,No,No,No,No,Yes,Yes,Yes,Yes,Yes,Yes,Yes,Yes,Yes,Yes,Yes,Yes,Yes,Yes,Yes,No,No,Yes,79,74,68,1.100,18.563,44.550,37.283,0.002,5.691,0.768,175.0,175.0,175.0,175.0,0,0.0,0.0,31.8,50.9,28.5,40.8,26.1,60.7,41.1,60.0,35.7,27.7,31.8,36.6,28.2,20.4,19.3,20.1,20.7,21.0,21.1,21.5,22.8,18.3,33.4,43.5,12.5,17.6,50.4,45.0,2.0,4.1,7.7,14.4,6.9,4.1,10.3,4.8,37.2,0.0,0.0,0.0,0.0,0.0,0.0,70.0,69.2,64.6,58.1,65.0,67.7,60.5,65.1,0.1,0.0,0.4,0.0,0.0,0.0,0.2,2394.1,24.00,36,35,35,68,103,383,2,2,Yes,No,No,No,No,No,No,No,Yes,No,No,No,No,No,No,No,No,No,No,No,No,No,No,No,No,No,No,No,No,No,No,No,No,No,No,No,No,No,85.0,5040,4560,5100,69.0,1.095,1.110,1.800,1.815,1.005,5.110,1.125,No,No,No,69.0,1.095,1.110,1.800,1.815,1.005,5.110,1.500,No,No,No,41,41,94.0,100.0,No,No,32291,48158,37,70,99.0,100.0,No,No,1856,3314,0.0,1.8,1.8,0.000,0.046,62654,43667,0.0,0.0,0.0,0.000,0.000,35356,12253,75.6,74.0,83.2,83.0,0.875,20.499,20.490,20.509,65.337,27.386,47.920,15.326,63.476,3.000,18.284,10.319,33.379,100.000,140.000,2250.0,2200.2,1890.0,2226.9,1905.0,65.0,24.0,0.0,9.0,69.1,14.7,58.7,0.0,0.0,0.0,Yes,No,No,No,No,Yes,No,0,0,0,0,0,0,0,0,0,4,0,0,0,0,0,0,0,0,0,0,0,0,0,0,0,0,0,0,0,0,2534,5654,5423,316,16.0,68,0.297,43.409,600.0,2394.0,0.1,0.0,0.0,0.0,0.0,0.0,0.0,0.0,0.0,2,16190,2,No,No,No,No,No,No,No,No,16.703,68.277,100.0,0.000,24.1,120,0,0,7.5,120.0,136.8,105.4,104.1,104.6,103.9,120.1,141.5,103.7,102.8,102.9,102.7,8.33,9.51,7.33,7.04,9.57,9.63,5.82,2.52,8.01,0.32,0.68,1447,246,1.0,0.8,0,0,0.0,0.0,0,
11.6.2026,17:30:15.324,25708,23060,52.7,20139,12245,62.1,10.9,16384,1789,1.181,1.205,1.200,1.165,1.154,1.214,1.189,1.209,1.179,1.184,1.144,1.164,1.173,1.177,1.177,1.061,0.781,3976.0,4489.0,4489.0,4489.0,4489.0,4489.0,4489.0,3591.2,3591.2,3591.2,3591.2,3591.2,3591.2,3591.2,3591.2,99.8,3890.5,1271.9,2234.4,1176.4,1726.4,1001.7,2082.3,2265.2,2496.0,1881.3,1228.9,1302.7,1485.5,1247.4,668.1,655.3,660.1,656.1,651.0,637.6,662.2,719.7,1423.0,30.0,50.9,25.8,38.9,22.2,46.4,50.5,56.2,41.7,27.9,29.8,33.6,28.1,19.1,18.1,18.2,18.0,17.9,17.5,18.4,21.1,56.2,30.0,100.0,54.1,87.6,45.9,66.9,39.1,81.0,88.0,97.1,73.2,47.6,50.8,57.5,48.8,37.6,36.8,37.1,37.0,36.7,35.9,37.4,40.4,54.1,39.9,45.0,45.0,45.0,45.0,45.0,45.0,36.0,36.0,36.0,36.0,36.0,36.0,36.0,36.0,39.0,70,73,73,75,74,71,70,69,69,69,69,68,68,68,68,30,27,27,25,26,29,30,31,31,31,31,32,32,32,32,81,75,No,No,No,No,No,No,No,No,No,No,No,No,No,No,No,No,No,No,No,No,No,No,No,No,No,No,No,No,No,No,Yes,Yes,Yes,Yes,Yes,Yes,Yes,Yes,Yes,Yes,Yes,Yes,Yes,Yes,Yes,No,No,Yes,79,75,68,1.100,23.625,45.949,38.726,0.002,5.684,0.771,175.0,175.0,175.0,175.0,0,0.0,0.0,30.9,51.1,26.7,39.7,23.2,47.1,51.2,56.4,42.5,28.8,30.8,34.4,29.0,20.3,19.3,19.5,19.2,19.1,18.7,19.6,22.1,17.3,34.3,47.2,14.6,15.2,50.0,47.0,4.9,6.3,4.4,2.0,0.5,4.1,11.0,0.4,39.3,0.0,0.0,0.3,0.0,0.0,0.0,67.5,67.5,68.4,71.2,72.9,69.8,61.7,70.3,0.1,0.0,0.0,0.0,0.0,0.8,0.0,2394.1,24.00,36,35,35,68,103,383,2,2,Yes,No,No,No,No,No,No,No,Yes,No,No,No,No,Yes,No,No,No,No,No,No,No,Yes,No,No,No,No,No,No,No,No,No,No,No,No,No,No,No,No,84.0,5100,4620,5040,69.0,1.095,1.110,1.800,1.815,1.005,5.110,2.500,No,No,No,69.0,1.110,1.110,1.800,1.815,1.005,5.110,1.125,No,No,No,41,41,94.0,100.0,No,No,32291,48158,37,70,99.0,100.0,No,No,1856,3314,0.7,9.5,10.1,0.242,0.010,62655,43667,0.0,0.0,0.0,0.000,0.000,35356,12253,76.3,74.0,84.4,83.0,0.875,20.493,20.484,20.503,66.299,27.421,47.933,15.322,63.477,3.000,18.295,10.501,33.421,100.000,140.000,2250.0,2200.2,1890.0,2226.3,1905.0,65.0,24.0,0.0,9.0,69.1,15.0,59.9,0.0,0.0,0.0,Yes,No,No,No,No,Yes,No,0,0,0,0,0,0,0,0,0,4,0,0,0,0,0,0,0,0,0,0,0,0,0,0,0,0,0,0,0,0,2534,5654,5423,316,16.0,68,0.297,46.986,600.0,2394.0,0.1,0.0,0.0,0.0,0.0,0.0,0.0,0.0,0.0,2,16190,2,No,No,No,No,No,No,No,No,16.703,68.277,100.0,0.000,24.1,120,0,0,9.0,119.9,137.3,107.8,106.8,107.2,106.6,120.0,139.4,105.0,102.5,103.6,102.2,8.34,9.29,7.31,7.22,9.35,9.40,5.80,2.54,8.02,0.32,0.67,1447,246,1.3,1.0,0,0,0.0,0.0,0,
11.6.2026,17:30:16.318,25711,23057,52.7,20140,12244,62.1,10.9,16384,1789,1.171,1.183,1.173,1.168,1.178,1.178,1.178,1.178,1.168,1.168,1.153,1.158,1.143,1.188,1.173,1.041,0.781,3648.2,4389.3,4389.3,4389.3,4389.3,4389.3,4389.3,3491.5,1895.4,3491.5,3491.5,1895.4,3491.5,3491.5,3491.5,99.8,3790.7,1299.3,2219.8,1278.5,1634.3,1187.0,1687.6,2661.9,2108.7,2297.9,1213.8,1346.0,1403.2,1387.3,682.5,623.3,706.3,700.8,684.4,700.3,704.4,757.0,1446.2,31.9,51.7,29.4,37.9,27.7,38.5,60.4,48.2,52.0,28.5,31.6,32.8,32.3,20.4,18.2,21.3,21.0,20.1,20.8,20.9,23.4,60.4,31.9,100.0,55.5,87.1,49.9,63.4,46.5,65.7,103.5,82.4,89.5,47.2,52.6,54.6,54.3,38.7,35.5,39.9,39.5,38.7,39.4,39.8,42.5,55.5,36.6,44.0,44.0,44.0,44.0,44.0,44.0,35.0,19.0,35.0,35.0,19.0,35.0,35.0,35.0,38.0,69,70,71,74,70,69,70,68,68,68,68,68,68,68,68,31,30,29,26,30,31,30,32,32,32,32,32,32,32,32,79,74,No,No,No,No,No,No,No,No,No,No,No,No,No,No,No,No,No,No,No,No,No,No,No,No,No,No,No,No,No,No,Yes,Yes,Yes,Yes,Yes,Yes,Yes,Yes,Yes,Yes,Yes,Yes,Yes,Yes,Yes,No,No,Yes,81,75,68,1.100,74.251,42.717,35.475,0.002,5.683,0.765,175.0,175.0,175.0,175.0,0,0.0,0.0,31.7,51.2,29.2,37.7,27.6,38.2,60.4,47.7,52.1,28.2,31.5,32.5,32.2,20.3,18.2,21.2,21.0,20.0,20.7,20.9,23.4,20.7,32.9,45.4,13.8,14.4,50.5,45.3,4.4,5.6,16.0,20.9,8.2,9.6,16.7,5.8,35.1,0.0,0.0,0.3,0.8,0.0,0.0,68.1,69.2,56.0,51.3,64.7,63.1,55.2,63.5,0.0,0.0,0.0,0.0,0.0,0.1,0.0,2394.1,24.00,36,35,35,68,103,383,2,2,Yes,No,No,No,No,No,No,No,Yes,No,No,No,No,Yes,No,No,No,No,No,No,No,Yes,No,No,No,No,No,No,No,No,No,No,No,No,No,No,No,No,85.0,5040,4620,5040,69.2,1.110,1.110,1.800,1.815,1.005,5.110,1.750,No,No,No,69.0,1.110,1.110,1.800,1.815,1.005,5.110,2.500,No,No,No,41,41,94.0,100.0,No,No,32291,48158,37,70,99.0,100.0,No,No,1856,3314,0.0,1.5,1.5,0.000,0.163,62655,43667,0.0,0.0,0.0,0.000,0.000,35356,12253,76.4,74.0,84.9,83.0,0.875,20.487,20.478,20.496,66.276,31.993,47.829,15.317,63.373,3.000,18.281,43.452,32.699,100.000,140.000,2250.0,2200.2,1890.0,2226.2,1905.0,65.0,24.0,0.0,9.0,69.1,15.0,60.1,0.0,0.0,0.0,Yes,No,No,No,No,Yes,No,0,0,0,0,0,0,0,0,0,4,0,0,0,0,0,0,0,0,0,0,0,0,0,0,0,0,0,0,0,0,2534,5654,5423,316,16.0,68,0.297,43.110,600.0,2394.0,0.1,0.0,0.0,0.0,0.0,0.0,0.0,0.0,0.0,2,16190,2,No,No,No,No,No,No,No,No,16.703,68.277,100.0,0.000,24.1,120,0,0,9.2,120.0,137.0,105.6,100.5,102.6,99.9,120.0,144.6,103.6,102.6,103.0,102.5,8.34,9.48,7.24,6.56,9.76,10.02,5.82,2.51,8.01,0.32,0.76,1447,246,1.2,0.7,0,0,0.0,0.0,0,
11.6.2026,17:30:17.313,25742,23025,52.7,20135,12249,62.1,10.9,16384,1789,1.117,1.171,1.091,1.091,1.102,1.102,1.102,1.112,1.112,1.112,1.112,1.132,1.152,1.112,1.137,1.021,0.781,3719.5,4289.5,4289.5,4289.5,4289.5,4289.5,4289.5,3491.5,3491.5,3491.5,3491.5,3491.5,3491.5,1895.4,3491.5,99.8,3691.0,1312.8,2234.8,1278.2,1562.9,1241.2,1520.6,2846.1,1991.9,2456.7,1066.8,1543.2,1386.1,1491.9,687.5,666.9,695.0,742.1,645.6,644.1,772.2,781.8,1463.2,32.1,52.0,29.3,36.2,28.9,34.6,64.8,45.6,56.0,25.0,36.1,32.6,35.0,20.3,19.8,20.6,21.9,18.9,18.7,22.8,23.8,64.8,32.1,100.0,56.0,87.8,49.8,60.6,48.4,59.1,110.8,77.7,96.0,41.4,59.9,53.7,58.1,38.7,37.6,39.1,41.6,36.3,36.2,42.8,43.7,56.0,37.3,43.0,43.0,43.0,43.0,43.0,43.0,35.0,35.0,35.0,35.0,35.0,35.0,19.0,35.0,37.0,71,73,73,76,74,74,70,69,69,69,69,68,68,68,68,29,27,27,24,26,26,30,31,31,31,31,32,32,32,32,81,76,No,No,No,No,No,No,No,No,No,No,No,No,No,No,No,No,No,No,No,No,No,No,No,No,No,No,No,No,No,No,Yes,Yes,Yes,Yes,Yes,Yes,Yes,Yes,Yes,Yes,Yes,Yes,Yes,Yes,Yes,No,No,Yes,79,76,68,1.100,36.282,47.654,40.421,0.002,5.695,0.773,175.0,175.0,175.0,175.0,0,0.0,0.0,32.1,51.6,29.2,36.1,28.9,34.6,64.8,45.3,55.9,24.9,36.2,32.5,35.1,20.4,19.8,20.7,22.1,19.0,18.8,23.1,23.9,20.2,32.5,45.4,14.4,13.9,49.0,43.2,8.8,2.6,7.9,18.3,7.9,6.2,22.5,9.9,35.1,0.0,0.0,0.0,0.6,0.0,0.0,63.9,70.4,64.0,52.5,65.9,68.2,47.7,58.9,0.1,0.0,0.1,0.0,0.0,0.1,0.2,2394.1,24.00,36,35,35,68,103,383,2,2,Yes,No,No,No,No,No,No,No,Yes,No,No,No,No,No,No,No,No,No,No,No,No,No,No,No,No,No,No,No,No,No,No,No,No,No,No,No,No,No,84.0,5040,4620,5040,69.2,1.110,1.110,1.800,1.815,1.005,5.110,1.375,No,No,No,69.0,1.110,1.110,1.800,1.815,1.005,5.110,2.125,No,No,No,41,41,94.0,100.0,No,No,32291,48158,37,70,99.0,100.0,No,No,1856,3314,0.0,1.2,1.2,0.000,0.023,62655,43667,0.4,0.0,0.4,1.448,0.000,35358,12253,75.8,74.0,83.1,83.0,0.875,20.493,20.483,20.503,66.319,27.458,48.070,15.342,63.640,3.000,18.309,10.356,33.489,100.000,140.000,2250.0,2200.2,1890.0,2226.6,1905.0,65.0,24.0,0.0,9.0,69.1,15.0,60.0,0.0,0.0,0.0,Yes,No,No,No,No,Yes,No,0,0,0,0,0,0,0,0,0,4,0,0,0,0,0,0,0,0,0,0,0,0,0,0,0,0,0,0,0,0,2534,5654,5423,316,16.0,68,0.300,45.912,600.0,2394.0,0.1,0.0,0.0,0.0,0.0,0.0,0.0,0.0,0.0,2,16190,2,No,No,No,No,No,No,No,No,16.703,68.277,100.0,0.000,24.1,119,0,0,8.7,119.3,132.4,100.0,87.2,91.9,85.8,119.2,140.1,96.4,80.8,86.5,79.2,8.38,9.99,7.54,7.32,10.86,11.64,5.84,2.55,8.06,0.32,0.71,1447,246,1.6,1.3,0,0,0.0,0.0,0,
11.6.2026,17:30:18.328,26237,22530,53.8,20238,12146,62.4,10.9,16384,1789,1.143,1.179,1.159,1.159,1.159,1.129,1.140,1.140,1.140,1.140,1.145,1.145,1.130,1.115,1.115,1.018,0.781,3790.7,4289.5,4289.5,4289.5,4289.5,4189.8,4189.8,3491.5,3491.5,3491.5,3491.5,3391.7,3391.7,3391.7,3391.7,99.8,3691.0,1391.9,2467.4,708.8,1757.2,1206.5,1345.3,2776.4,2032.3,2259.4,1056.5,1638.8,1259.3,1535.4,961.9,924.3,947.9,1001.4,943.9,938.4,990.0,1086.7,1492.4,35.7,59.4,16.6,42.8,28.7,32.8,65.4,47.6,54.5,25.3,40.1,29.7,36.9,29.0,28.1,29.0,30.7,28.0,27.7,29.5,33.0,65.4,35.7,100.0,60.8,96.9,28.0,68.7,47.6,52.7,108.4,79.2,88.4,41.4,64.1,49.2,60.3,53.4,51.0,52.4,55.4,52.3,52.0,55.1,59.9,60.8,38.0,43.0,43.0,43.0,43.0,42.0,42.0,35.0,35.0,35.0,35.0,34.0,34.0,34.0,34.0,37.0,70,73,71,73,72,70,70,70,70,70,70,69,69,69,69,30,27,29,27,28,30,30,30,30,30,30,31,31,31,31,79,73,No,No,No,No,No,No,No,No,No,No,No,No,No,No,No,No,No,No,No,No,No,No,No,No,No,No,No,No,No,No,Yes,Yes,Yes,Yes,Yes,Yes,Yes,Yes,Yes,Yes,Yes,Yes,Yes,Yes,Yes,No,No,Yes,81,75,68,1.100,43.876,44.654,37.440,0.002,5.687,0.777,175.0,175.0,175.0,175.0,0,0.0,0.0,36.0,59.2,17.3,42.4,29.4,32.3,65.8,48.1,54.2,25.8,39.9,30.4,37.6,29.5,27.8,28.6,30.3,28.7,28.4,29.9,33.7,43.7,27.0,35.4,14.9,13.7,39.3,36.8,61.4,56.9,54.0,55.1,54.7,53.7,57.3,52.2,7.2,3.2,0.0,0.0,0.4,0.2,0.0,6.2,12.8,14.8,12.1,13.6,15.3,10.2,11.5,1.8,0.5,2.2,0.0,0.0,4.1,4.1,2394.1,24.00,36,35,35,68,103,383,2,2,Yes,No,No,No,No,No,No,No,Yes,No,Yes,No,No,Yes,No,No,No,No,No,No,No,Yes,No,No,No,No,No,No,No,No,No,No,No,No,No,No,No,No,84.0,5100,4620,5040,69.2,1.110,1.110,1.800,1.815,1.005,5.110,2.750,No,No,No,69.0,1.110,1.110,1.800,1.815,1.005,5.110,2.000,No,No,No,41,41,94.0,100.0,No,No,32291,48158,37,70,99.0,100.0,No,No,1856,3315,0.3,2.3,2.7,0.060,0.169,62655,43667,3.5,0.0,3.5,30.686,0.000,35387,12253,78.7,74.0,87.8,83.0,0.875,20.412,20.398,20.427,62.238,44.372,57.330,17.236,74.866,3.000,20.203,88.250,49.721,100.000,140.000,2250.0,2200.2,1890.0,2227.6,1905.0,91.0,32.0,0.0,19.0,73.2,14.9,59.7,0.0,0.0,0.0,Yes,No,No,No,No,Yes,No,0,0,0,0,0,0,0,0,0,4,0,0,0,0,0,0,0,0,0,0,0,0,0,0,0,0,0,0,0,0,2197,5991,5764,316,16.0,68,0.300,44.376,600.0,2394.0,0.2,0.0,0.0,0.0,0.0,0.0,0.0,0.0,0.0,2,16190,2,No,No,No,No,No,No,No,No,16.703,68.277,100.0,0.000,24.1,85,0,0,9.8,84.6,142.1,24.8,9.6,9.0,9.0,84.2,168.1,23.5,9.7,9.1,9.1,11.81,41.34,7.14,7.02,111.61,111.61,10.19,1.72,11.39,0.42,4.16,1447,246,1.2,0.9,0,0,0.0,0.0,0,
11.6.2026,17:30:19.325,26176,22592,53.6,20245,12138,62.5,10.9,16384,1789,1.171,1.180,1.173,1.182,1.182,1.182,1.182,1.164,1.164,1.164,1.164,1.164,1.164,1.164,1.159,1.021,0.781,3833.5,4289.5,4289.5,4289.5,4289.5,4289.5,4289.5,3491.5,3491.5,3491.5,3491.5,3491.5,3491.5,3491.5,3491.5,99.8,3691.0,1313.3,2713.3,363.8,1833.0,1070.0,1915.8,2202.5,1805.4,2238.6,893.4,1575.3,1393.9,1298.8,942.5,789.9,829.4,913.3,884.8,754.3,856.0,991.6,1423.7,33.2,65.3,7.2,43.0,25.6,44.6,52.1,42.9,52.1,21.5,37.4,33.5,31.4,28.4,22.4,23.6,26.6,26.7,22.7,26.0,30.9,65.3,33.2,100.0,57.0,106.2,14.4,71.5,42.0,74.5,86.3,70.3,87.8,34.9,61.8,54.4,51.0,52.1,43.9,45.8,50.4,48.8,41.8,47.2,54.5,57.0,38.4,43.0,43.0,43.0,43.0,43.0,43.0,35.0,35.0,35.0,35.0,35.0,35.0,35.0,35.0,37.0,70,73,70,75,71,70,70,69,69,69,69,68,68,68,68,30,27,30,25,29,30,30,31,31,31,31,32,32,32,32,79,75,No,No,No,No,No,No,No,No,No,No,No,No,No,No,No,No,No,No,No,No,No,No,No,No,No,No,No,No,No,No,Yes,Yes,Yes,Yes,Yes,Yes,Yes,Yes,Yes,Yes,Yes,Yes,Yes,Yes,Yes,No,No,Yes,81,74,68,1.100,52.313,46.448,39.002,0.002,5.753,0.793,175.0,140.0,175.0,175.0,0,0.0,0.0,33.6,64.7,8.6,44.0,25.7,45.4,52.2,42.8,53.1,21.5,38.4,33.6,31.4,28.4,23.7,24.8,27.8,26.8,22.8,26.1,30.9,51.8,29.6,37.8,14.3,14.1,46.9,41.4,67.1,68.5,68.3,68.3,70.2,61.5,71.4,65.1,2.2,0.0,0.0,0.0,0.4,0.0,0.0,2.2,5.5,4.6,1.7,0.9,13.0,0.5,1.9,0.0,0.0,0.0,0.0,0.0,0.0,0.0,2394.1,24.00,36,35,35,68,103,383,2,2,Yes,No,No,No,No,No,No,No,Yes,No,No,No,No,Yes,No,No,No,No,No,No,No,Yes,No,No,No,No,No,No,No,No,No,No,No,No,No,No,No,No,84.0,5100,4620,5040,69.2,1.110,1.110,1.800,1.815,0.990,5.110,2.000,No,No,No,69.0,1.110,1.110,1.800,1.815,1.005,5.110,2.125,No,No,No,41,41,94.0,100.0,No,No,32291,48158,37,70,99.0,100.0,No,No,1856,3315,0.6,1.0,1.6,0.148,0.024,62655,43667,0.0,0.0,0.0,0.000,0.000,35387,12253,81.3,74.0,91.5,83.0,0.845,20.464,20.449,20.478,81.157,44.647,61.674,18.466,80.377,3.000,21.440,79.254,48.317,100.000,140.000,2025.0,2200.2,1860.0,2196.9,1830.0,98.0,34.0,0.0,14.0,73.0,23.1,92.4,0.0,0.0,0.0,Yes,No,Yes,No,No,No,No,0,0,0,0,0,0,0,0,0,4,0,0,0,0,0,0,0,0,0,0,0,0,0,0,0,0,0,0,0,0,2210,5978,5747,336,16.0,68,0.300,49.458,600.0,2394.0,0.2,0.0,0.0,0.0,0.0,0.0,0.0,0.0,0.0,2,16190,2,No,No,No,No,No,No,No,No,16.700,68.277,100.0,0.000,24.1,103,0,0,8.3,103.0,134.1,84.8,84.2,84.1,84.1,103.4,129.5,82.2,80.7,80.5,80.5,9.71,11.95,7.37,7.24,12.03,12.03,9.67,0.00,9.29,0.41,0.77,1447,246,1.3,0.9,0,0,0.0,0.0,0,
11.6.2026,17:30:20.323,26180,22588,53.6,20239,12144,62.4,10.9,16384,1789,1.197,1.235,1.196,1.251,1.201,1.201,1.196,1.201,1.186,1.211,1.196,1.196,1.167,1.162,1.162,1.061,0.781,3976.0,4489.0,4489.0,4489.0,4489.0,4489.0,4489.0,3591.2,3591.2,3591.2,3591.2,3591.2,3591.2,3591.2,3591.2,99.8,3890.5,1153.7,2662.1,126.6,2093.1,549.5,1158.1,2645.7,2275.6,1563.0,257.3,1831.2,2208.1,161.0,714.3,667.8,711.1,736.9,612.4,632.3,721.9,745.3,1272.6,29.2,63.4,4.5,49.7,13.0,27.5,61.2,52.8,36.7,6.0,44.0,52.6,3.8,21.7,20.6,21.5,22.4,18.5,19.2,22.1,23.3,63.4,29.2,100.0,50.0,104.4,5.1,82.1,21.7,45.5,103.5,88.8,61.3,10.3,71.5,86.7,6.5,40.5,38.2,40.1,41.6,34.9,35.9,40.4,41.9,50.0,39.9,45.0,45.0,45.0,45.0,45.0,45.0,36.0,36.0,36.0,36.0,36.0,36.0,36.0,36.0,39.0,69,70,71,75,71,70,70,68,68,68,68,68,68,68,68,31,30,29,25,29,30,30,32,32,32,32,32,32,32,32,81,75,No,No,No,No,No,No,No,No,No,No,No,No,No,No,No,No,No,No,No,No,No,No,No,No,No,No,No,No,No,No,Yes,Yes,Yes,Yes,Yes,Yes,Yes,Yes,Yes,Yes,Yes,Yes,Yes,Yes,Yes,No,No,Yes,81,77,68,1.100,40.501,48.714,41.308,0.002,5.745,0.784,175.0,145.0,175.0,175.0,0,0.0,0.0,29.2,62.9,3.0,49.8,13.0,27.4,61.4,52.9,36.7,6.1,44.2,52.7,3.8,21.7,20.7,21.6,22.5,18.6,19.4,22.2,23.5,45.1,33.3,40.4,18.3,17.9,50.7,42.3,60.4,42.1,59.3,60.8,47.5,48.7,61.1,48.4,12.3,0.0,0.4,0.0,0.4,0.0,0.9,14.6,32.4,15.7,13.4,29.6,27.7,13.6,23.9,0.1,0.0,0.0,0.0,0.0,0.4,0.0,2394.1,24.00,36,35,35,68,103,383,2,2,Yes,No,No,No,No,No,No,No,Yes,No,Yes,No,No,Yes,No,No,No,No,No,No,No,Yes,No,No,No,No,No,No,No,No,No,No,No,No,No,No,No,No,85.0,4980,4740,5100,69.2,1.110,1.110,1.800,1.815,1.005,5.110,1.125,No,No,No,69.0,1.110,1.110,1.800,1.815,1.005,5.110,1.625,No,No,No,41,41,94.0,100.0,No,No,32291,48158,37,70,99.0,100.0,No,No,1856,3315,0.6,2.2,2.8,0.168,0.088,62655,43667,0.7,0.0,0.7,5.285,0.000,35392,12253,82.9,74.0,93.9,83.0,0.865,20.456,20.441,20.472,87.745,46.976,66.616,18.111,84.977,3.000,21.075,84.569,50.481,100.000,140.000,2130.0,2200.2,1860.0,2125.3,1875.0,97.0,32.0,0.0,13.0,73.0,23.6,94.3,0.0,0.0,0.0,Yes,No,Yes,No,No,No,No,0,0,0,0,0,0,0,0,0,4,0,0,0,0,0,0,0,0,0,0,0,0,0,0,0,0,0,0,0,0,2210,5978,5747,336,16.0,68,0.297,45.071,600.0,2394.0,0.1,0.0,0.0,0.0,0.0,0.0,0.0,0.0,0.0,2,16190,2,No,No,No,No,No,No,No,No,16.701,68.277,100.0,0.000,24.1,111,0,0,8.8,114.4,140.4,90.3,82.2,85.3,81.4,114.6,135.0,101.1,101.0,101.0,101.0,8.74,11.06,6.73,5.65,11.66,12.17,8.71,0.01,8.33,0.41,0.51,1447,246,1.3,0.9,0,0,0.0,0.0,0,
11.6.2026,17:30:21.321,26116,22652,53.5,20249,12134,62.5,10.9,16384,1789,1.210,1.232,1.210,1.191,1.220,1.230,1.216,1.186,1.182,1.222,1.212,1.207,1.207,1.217,1.212,1.061,0.781,3869.1,4489.0,4489.0,4489.0,4489.0,4489.0,4688.5,3591.2,3591.2,1895.4,3591.2,3591.2,3591.2,3591.2,3591.2,99.8,3890.5,1107.0,2746.0,93.7,2214.3,408.0,566.1,3156.0,2529.1,1280.5,189.3,1908.5,2029.8,132.7,662.9,582.3,653.2,672.8,481.8,510.8,695.9,626.0,1239.0,27.2,62.5,2.6,50.7,9.5,13.1,70.7,56.8,29.0,4.7,44.5,47.1,3.5,20.4,17.4,19.8,20.1,14.8,15.3,21.2,19.6,70.7,27.2,100.0,47.6,107.5,3.8,86.8,16.1,22.3,123.3,98.5,50.3,7.6,74.4,79.5,5.3,37.4,33.2,36.8,37.6,27.8,29.3,38.9,35.6,47.6,38.8,45.0,45.0,45.0,45.0,45.0,47.0,36.0,36.0,19.0,36.0,36.0,36.0,36.0,36.0,39.0,70,71,71,73,72,70,69,69,69,69,69,68,68,68,68,30,29,29,27,28,30,31,31,31,31,31,32,32,32,32,81,73,No,No,No,No,No,No,No,No,No,No,No,No,No,No,No,No,No,No,No,No,No,No,No,No,No,No,No,No,No,No,Yes,Yes,Yes,Yes,Yes,Yes,Yes,Yes,Yes,Yes,Yes,Yes,Yes,Yes,Yes,No,No,Yes,79,74,68,1.100,32.907,39.606,32.328,0.002,5.662,0.741,175.0,150.0,175.0,175.0,0,0.0,0.0,26.8,61.9,2.1,50.6,9.1,12.7,70.6,56.6,28.6,4.2,44.3,46.8,3.0,20.0,17.1,19.5,19.8,14.5,15.0,20.9,19.3,39.6,34.8,43.3,21.6,21.5,52.7,49.7,54.7,35.9,41.0,51.9,28.3,33.5,57.9,27.9,20.4,0.0,0.0,0.0,0.0,0.0,0.0,21.4,42.0,35.0,24.6,51.4,46.4,17.7,46.9,0.0,0.0,0.0,0.0,0.0,0.0,0.0,2394.1,24.00,36,35,35,68,103,383,2,2,Yes,No,No,No,No,No,No,No,Yes,No,Yes,No,No,Yes,No,No,No,No,No,No,No,Yes,No,No,No,No,No,No,No,No,No,No,No,No,No,No,No,No,85.0,4980,4800,5040,69.2,1.095,1.110,1.800,1.815,1.005,5.110,1.125,No,No,No,69.0,1.095,1.110,1.800,1.815,1.005,5.110,1.625,No,No,No,41,41,94.0,100.0,No,No,32291,48158,37,70,99.0,100.0,No,No,1856,3315,0.5,1.3,1.8,0.152,0.116,62655,43668,0.0,0.0,0.0,0.000,0.000,35392,12253,82.3,76.0,92.7,83.0,0.845,20.467,20.452,20.482,85.608,41.337,62.964,18.080,81.273,3.000,21.063,54.141,48.838,100.000,140.000,1965.0,2200.2,1815.0,2070.4,1830.0,98.0,32.0,0.0,12.0,72.2,22.8,91.1,0.0,0.0,0.0,Yes,No,Yes,No,No,No,No,0,0,0,0,0,0,0,0,0,4,0,0,0,0,0,0,0,0,0,0,0,0,0,0,0,0,0,0,0,0,2273,5915,5683,336,16.0,68,0.300,42.107,600.0,2394.0,0.1,0.0,0.0,0.0,0.0,0.0,0.0,0.0,0.0,2,16190,2,No,No,No,No,No,No,No,No,16.704,68.277,100.0,0.000,24.1,109,0,0,9.0,108.7,125.4,99.9,99.8,99.9,99.8,107.9,130.4,96.0,95.7,95.8,95.7,9.20,10.01,8.05,7.92,10.05,10.09,9.26,0.00,8.87,0.33,0.45,1447,246,1.1,1.2,0,0,0.0,0.0,0,
11.6.2026,17:30:22.328,26111,22657,53.5,20248,12136,62.5,10.9,16384,1789,1.209,1.217,1.143,1.158,1.173,1.212,1.212,1.212,1.217,1.217,1.212,1.237,1.237,1.237,1.232,1.061,0.778,3976.0,4489.0,4489.0,4489.0,4489.0,4489.0,4489.0,3591.2,3591.2,3591.2,3591.2,3591.2,3591.2,3591.2,3591.2,99.8,3890.5,1076.4,2622.9,92.5,2193.3,342.7,756.7,2884.5,2476.6,1274.0,236.5,1778.9,2045.1,137.8,594.7,619.0,579.5,627.7,452.1,562.0,567.4,684.0,1203.9,26.4,59.9,2.6,50.2,8.1,17.3,64.6,55.6,28.7,5.7,41.8,47.3,3.6,18.3,18.6,17.2,19.2,13.7,17.0,17.1,21.3,64.6,26.4,100.0,46.3,102.8,3.7,86.1,13.6,29.7,112.9,97.0,49.9,9.4,69.5,80.1,5.5,33.9,35.1,33.0,35.5,26.2,32.0,32.2,38.3,46.3,39.9,45.0,45.0,45.0,45.0,45.0,45.0,36.0,36.0,36.0,36.0,36.0,36.0,36.0,36.0,39.0,70,72,73,73,74,72,71,68,68,68,68,68,68,68,68,30,28,27,27,26,28,29,32,32,32,32,32,32,32,32,79,74,No,No,No,No,No,No,No,No,No,No,No,No,No,No,No,No,No,No,No,No,No,No,No,No,No,No,No,No,No,No,Yes,Yes,Yes,Yes,Yes,Yes,Yes,Yes,Yes,Yes,Yes,Yes,Yes,Yes,Yes,No,No,Yes,81,73,68,1.100,47.251,48.654,41.384,0.002,5.662,0.744,175.0,155.0,175.0,175.0,0,0.0,0.0,26.1,59.3,2.1,50.1,7.7,16.9,64.6,55.4,28.5,5.3,41.5,47.2,3.1,18.0,18.5,16.9,18.9,13.5,16.7,16.9,21.1,38.5,37.6,45.0,24.2,22.6,55.0,49.4,41.9,37.5,37.8,44.5,24.2,33.6,45.7,39.7,22.4,0.0,0.0,0.0,0.0,0.0,0.0,35.1,38.8,40.1,32.2,56.2,44.2,32.6,34.4,0.0,0.0,0.0,0.0,0.0,0.0,0.0,2394.1,24.00,36,35,35,68,103,383,2,2,Yes,No,No,No,No,No,No,No,Yes,No,Yes,No,No,Yes,No,No,No,No,No,No,No,Yes,No,No,No,No,No,Yes,No,No,No,No,No,No,No,Yes,No,No,84.0,5040,4980,5040,69.2,1.095,1.110,1.800,1.815,1.005,5.110,2.125,No,No,No,69.0,1.095,1.110,1.800,1.815,1.005,5.110,1.500,No,No,No,41,41,94.0,100.0,No,No,32291,48158,37,70,99.0,100.0,No,No,1856,3315,0.0,1.8,1.8,0.000,0.030,62655,43668,0.1,0.0,0.1,1.102,0.000,35393,12253,82.1,76.0,92.6,83.0,0.850,20.465,20.449,20.480,85.956,42.088,63.596,18.200,82.024,3.000,21.176,57.901,48.720,100.000,140.000,2010.0,2200.2,1845.0,2004.4,1845.0,98.0,31.0,0.0,12.0,72.2,22.9,91.5,0.0,0.0,0.0,Yes,No,Yes,No,No,No,No,0,0,0,0,0,0,0,0,0,4,0,0,0,0,0,0,0,0,0,0,0,0,0,0,0,0,0,0,0,0,2274,5914,5683,336,16.0,68,0.300,48.258,600.0,2394.0,0.1,0.0,0.0,0.0,0.0,0.0,0.0,0.0,0.0,2,16190,2,No,No,No,No,No,No,No,No,16.703,68.277,100.0,0.000,24.1,110,0,0,9.1,109.7,120.6,99.1,95.4,96.9,95.0,109.8,121.8,99.6,96.8,98.0,96.5,9.12,10.11,8.31,7.66,10.34,10.56,9.10,0.00,8.78,0.33,0.38,1447,246,1.4,0.8,0,0,0.0,0.0,0,
11.6.2026,17:30:23.325,26121,22647,53.5,20255,12129,62.5,10.9,16384,1789,1.184,1.161,1.186,1.201,1.201,1.186,1.156,1.176,1.176,1.196,1.186,1.181,1.197,1.182,1.182,1.061,0.778,2885.8,4489.0,798.0,4688.5,4688.5,4688.5,798.0,1895.4,3591.2,3591.2,1895.4,3591.2,1895.4,1895.4,1895.4,99.8,3890.5,1098.7,2701.8,97.2,2117.6,389.6,548.0,3150.0,2777.4,978.1,224.2,1816.8,2068.2,124.8,639.0,581.1,672.4,638.1,507.3,574.8,669.4,698.1,1220.3,25.8,61.0,1.1,47.9,7.6,11.2,70.0,61.4,20.9,4.0,41.6,46.8,1.7,18.2,16.1,18.8,18.0,13.8,15.9,18.9,20.7,70.0,25.8,100.0,47.4,105.9,3.9,83.0,15.4,21.7,123.2,108.6,38.6,8.9,70.9,81.4,5.0,36.3,32.9,37.7,35.9,29.1,32.7,37.5,39.2,47.4,28.9,45.0,8.0,47.0,47.0,47.0,8.0,19.0,36.0,36.0,19.0,36.0,19.0,19.0,19.0,39.0,69,73,72,73,72,69,69,68,68,68,68,68,68,68,68,31,27,28,27,28,31,31,32,32,32,32,32,32,32,32,81,73,No,No,No,No,No,No,No,No,No,No,No,No,No,No,No,No,No,No,No,No,No,No,No,No,No,No,No,No,No,No,Yes,Yes,Yes,Yes,Yes,Yes,Yes,Yes,Yes,Yes,Yes,Yes,Yes,Yes,Yes,No,No,Yes,81,75,68,1.100,42.188,45.328,38.600,0.002,5.643,0.736,175.0,160.0,175.0,175.0,0,0.0,0.0,26.7,61.0,2.2,48.5,8.7,12.3,70.5,62.1,21.8,5.1,42.3,47.6,2.8,19.2,17.3,19.9,19.1,15.0,17.1,19.9,21.7,42.3,35.7,45.4,22.6,21.8,54.0,49.1,47.4,45.6,53.2,45.9,33.0,39.1,55.7,43.8,18.0,0.0,0.0,0.0,0.0,0.0,0.0,28.9,32.7,23.0,30.9,46.6,38.8,20.5,29.8,0.0,0.0,0.0,0.0,0.0,0.0,0.0,2394.1,24.00,36,35,35,68,103,383,2,2,Yes,No,No,No,No,No,No,No,Yes,No,Yes,No,No,Yes,No,No,No,No,No,No,No,Yes,No,No,No,No,No,No,No,No,No,No,No,No,No,No,No,No,86.0,5100,5040,5040,69.2,1.095,1.110,1.815,1.815,1.005,5.110,1.250,No,No,No,69.0,1.095,1.110,1.800,1.815,1.005,5.110,1.750,No,No,No,41,41,94.0,100.0,No,No,32291,48158,36,70,99.0,100.0,No,No,1856,3315,0.0,0.6,0.6,0.000,0.033,62655,43668,0.0,0.0,0.0,0.000,0.000,35393,12253,83.3,76.0,95.1,83.0,0.865,20.452,20.436,20.468,84.730,46.135,65.553,18.494,84.288,3.000,21.471,78.339,51.802,100.000,140.000,2130.0,2200.2,1860.0,2002.2,1875.0,98.0,33.0,0.0,14.0,72.2,23.2,93.0,0.0,0.0,0.0,Yes,No,Yes,No,No,No,No,0,0,0,0,0,0,0,0,0,4,0,0,0,0,0,0,0,0,0,0,0,0,0,0,0,0,0,0,0,0,2273,5915,5684,336,16.0,68,0.300,45.707,600.0,2394.0,0.2,0.0,0.0,0.0,0.0,0.0,0.0,0.0,0.0,2,16190,2,No,No,No,No,No,No,No,No,16.703,68.277,100.0,0.000,24.1,111,0,0,8.8,111.3,125.5,100.1,98.3,99.0,98.2,111.3,122.4,101.8,100.3,101.0,100.2,8.98,10.10,7.83,7.45,10.17,10.22,8.98,0.00,8.64,0.34,0.40,1447,246,2.1,1.9,0,0,0.0,0.0,0,
11.6.2026,17:30:24.321,26115,22652,53.5,20256,12128,62.5,10.9,16384,1789,1.198,1.209,1.181,1.211,1.179,1.194,1.194,1.204,1.199,1.199,1.199,1.221,1.201,1.191,1.186,1.061,0.778,3869.1,4489.0,4489.0,4688.5,4489.0,4489.0,4489.0,3591.2,3591.2,3591.2,3591.2,3591.2,3591.2,1895.4,3591.2,99.8,3890.5,1113.3,2688.5,87.0,2150.7,404.2,727.5,2947.5,2399.3,1414.2,231.9,1824.2,2048.7,131.8,637.2,564.3,650.7,746.5,587.8,644.8,717.6,660.8,1228.4,27.4,61.2,2.2,49.4,9.3,16.5,65.7,53.7,31.8,5.4,42.4,47.3,3.2,19.4,17.0,19.1,23.2,17.9,19.6,21.9,20.9,65.7,27.4,100.0,48.2,105.5,3.5,84.0,16.0,28.6,115.4,93.8,55.4,9.3,71.0,80.1,5.4,36.2,32.2,37.1,42.0,33.7,36.7,40.2,37.4,48.2,38.8,45.0,45.0,47.0,45.0,45.0,45.0,36.0,36.0,36.0,36.0,36.0,36.0,19.0,36.0,39.0,70,72,73,75,72,71,70,69,69,69,69,68,68,68,68,30,28,27,25,28,29,30,31,31,31,31,32,32,32,32,81,75,No,No,No,No,No,No,No,No,No,No,No,No,No,No,No,No,No,No,No,No,No,No,No,No,No,No,No,No,No,No,Yes,Yes,Yes,Yes,Yes,Yes,Yes,Yes,Yes,Yes,Yes,Yes,Yes,Yes,Yes,No,No,Yes,81,75,68,1.100,41.344,47.838,40.120,0.003,5.665,0.744,175.0,165.0,175.0,175.0,0,0.0,0.0,27.2,60.7,1.9,49.3,9.1,16.3,65.9,53.6,31.7,5.2,42.4,47.3,2.9,19.2,16.8,19.1,23.1,18.0,19.6,21.8,20.8,42.6,36.2,45.2,23.1,21.7,54.2,49.6,55.0,45.2,41.1,52.0,37.6,42.2,58.5,34.3,17.0,0.0,0.0,0.0,0.0,0.0,0.0,21.5,33.3,34.6,20.8,38.7,33.2,16.2,39.5,0.0,0.0,0.0,0.0,0.0,0.0,0.0,2394.1,24.00,36,35,35,68,103,383,2,2,Yes,No,No,No,No,No,No,No,Yes,No,Yes,No,No,Yes,No,No,No,No,No,No,No,Yes,No,No,No,No,No,Yes,No,No,No,No,No,No,No,Yes,No,No,85.0,5040,5160,5040,69.2,1.095,1.110,1.800,1.815,1.005,5.110,1.375,No,No,No,69.0,1.095,1.110,1.800,1.815,1.005,5.110,1.500,No,No,No,41,41,94.0,100.0,No,No,32291,48158,37,70,99.0,100.0,No,No,1856,3315,1.1,1.2,2.3,0.148,0.274,62655,43668,0.0,0.0,0.0,0.000,0.000,35393,12253,82.8,76.0,93.4,83.0,0.860,20.466,20.451,20.480,84.560,35.738,62.323,18.386,80.937,3.000,21.360,13.494,50.670,100.000,140.000,2055.0,2200.2,1860.0,1992.5,1860.0,98.0,32.0,0.0,14.0,72.2,22.9,91.7,0.0,0.0,0.0,Yes,No,Yes,No,No,No,No,0,0,0,0,0,0,0,0,0,4,0,0,0,0,0,0,0,0,0,0,0,0,0,0,0,0,0,0,0,0,2273,5915,5684,337,16.0,68,0.297,46.919,600.0,2394.0,0.1,0.0,0.0,0.0,0.0,0.0,0.0,0.0,0.0,2,16190,2,No,No,No,No,No,No,No,No,16.703,68.277,100.0,0.000,24.1,111,0,0,8.5,111.2,119.9,102.1,101.6,101.7,101.6,111.3,121.9,102.4,101.9,102.1,101.8,8.99,9.81,8.24,8.20,9.85,9.88,8.98,0.00,8.65,0.34,0.40,1447,246,1.2,1.1,0,0,0.0,0.0,0,
11.6.2026,17:30:25.317,25937,22831,53.1,20187,12197,62.3,10.9,16384,1789,1.145,1.178,1.133,1.133,1.133,1.133,1.143,1.153,1.153,1.148,1.138,1.153,1.153,1.148,1.138,1.041,0.778,3876.2,4389.3,4389.3,4389.3,4389.3,4389.3,4389.3,3491.5,3491.5,3491.5,3491.5,3491.5,3491.5,3491.5,3491.5,99.8,3790.7,1244.2,2623.8,467.6,1917.2,825.2,1354.1,2646.8,1990.1,2272.1,694.0,1650.5,1782.4,770.5,757.8,682.3,705.3,733.1,671.7,726.1,805.0,808.6,1367.0,31.0,61.1,11.0,44.7,19.7,31.4,60.6,45.6,52.0,16.6,38.8,41.5,18.4,23.3,20.3,21.2,22.0,20.3,22.2,24.6,24.8,61.1,31.0,100.0,53.6,103.0,18.2,74.8,32.7,53.0,103.5,77.8,88.4,27.1,64.7,69.6,30.0,42.3,38.2,39.4,40.8,37.8,40.6,44.5,44.9,53.5,38.9,44.0,44.0,44.0,44.0,44.0,44.0,35.0,35.0,35.0,35.0,35.0,35.0,35.0,35.0,38.0,71,73,73,75,75,72,71,69,69,69,69,70,70,70,70,29,27,27,25,25,28,29,31,31,31,31,30,30,30,30,81,75,No,No,No,No,No,No,No,No,No,No,No,No,No,No,No,No,No,No,No,No,No,No,No,No,No,No,No,No,No,No,Yes,Yes,Yes,Yes,Yes,Yes,Yes,Yes,Yes,Yes,Yes,Yes,Yes,Yes,Yes,No,No,Yes,82,77,68,1.100,34.594,47.383,40.109,0.002,5.666,0.743,175.0,170.0,175.0,175.0,0,0.0,0.0,30.8,60.5,10.8,44.5,19.2,31.2,60.3,45.4,51.9,16.4,38.7,41.4,18.2,23.1,20.2,21.1,21.9,20.1,22.0,24.5,24.6,41.7,32.6,42.2,17.2,14.3,49.4,42.8,51.2,45.3,46.7,51.4,47.0,43.6,54.1,45.7,14.7,0.0,0.0,0.0,0.6,0.0,0.0,21.8,30.4,28.2,22.9,28.7,30.0,17.8,25.6,0.4,0.0,0.2,0.0,0.0,0.3,1.9,2394.1,24.00,36,35,35,68,103,383,2,2,Yes,No,No,No,No,No,No,No,Yes,No,Yes,No,No,Yes,No,No,No,No,No,No,No,Yes,No,No,No,No,No,No,No,No,No,No,No,No,No,No,No,No,85.0,5040,5220,5100,69.2,1.095,1.110,1.800,1.815,1.005,5.110,1.250,No,No,No,69.0,1.095,1.110,1.800,1.815,1.005,5.110,2.625,No,No,No,41,41,94.0,100.0,No,No,32291,48158,37,70,99.0,100.0,No,No,1856,3315,0.1,2.8,2.9,0.072,0.231,62655,43668,0.1,0.0,0.1,0.453,0.000,35394,12253,82.4,76.0,93.2,83.0,0.825,20.437,20.420,20.454,84.949,45.721,65.535,18.419,84.211,3.000,21.401,76.423,51.059,100.000,140.000,1950.0,2200.2,1800.0,2012.5,1800.0,98.0,33.0,0.0,14.0,72.3,23.3,93.0,0.0,0.0,0.0,Yes,No,Yes,No,No,No,No,0,0,0,0,0,0,0,0,0,4,0,0,0,0,0,0,0,0,0,0,0,0,0,0,0,0,0,0,0,0,2272,5916,5685,338,16.0,68,0.300,51.275,600.0,2394.0,0.1,0.0,0.0,0.0,0.0,0.0,0.0,0.0,0.0,2,16190,2,No,No,No,No,No,No,No,No,16.704,68.277,100.0,0.000,24.1,103,0,0,8.6,102.9,158.7,51.7,16.1,14.9,14.9,103.6,209.5,52.9,17.0,15.8,15.8,9.71,19.13,6.37,6.23,67.06,67.06,8.30,1.36,9.37,0.35,2.24,1447,246,2.7,2.1,0,0,0.0,0.0,0,
11.6.2026,17:30:26.316,25695,23073,52.6,20176,12208,62.3,10.9,16384,1789,1.208,1.243,1.218,1.192,1.192,1.197,1.187,1.197,1.197,1.162,1.192,1.222,1.232,1.242,1.242,1.061,0.778,3612.6,4489.0,4489.0,4489.0,4489.0,4489.0,4489.0,3591.2,3591.2,1895.4,3591.2,1895.4,1895.4,3591.2,3591.2,99.8,3890.5,1299.4,2229.7,1208.6,1685.9,1115.3,1902.7,2394.5,1780.6,2780.2,1322.8,1273.2,1283.3,1560.0,670.7,645.6,679.0,657.2,655.7,708.6,721.3,713.9,1449.3,32.0,51.9,27.9,39.3,26.1,43.5,54.7,40.7,63.5,31.1,29.9,30.0,36.5,20.4,19.3,20.2,19.6,19.8,21.7,21.8,21.9,63.5,32.0,100.0,55.5,87.4,47.3,65.5,43.7,74.4,93.6,69.1,108.0,51.6,50.0,49.9,60.8,37.9,36.5,38.3,37.2,37.2,39.8,40.5,40.3,55.5,36.2,45.0,45.0,45.0,45.0,45.0,45.0,36.0,36.0,19.0,36.0,19.0,19.0,36.0,36.0,39.0,70,73,70,75,72,70,70,69,69,69,69,70,70,70,70,30,27,30,25,28,30,30,31,31,31,31,30,30,30,30,81,75,No,No,No,No,No,No,No,No,No,No,No,No,No,No,No,No,No,No,No,No,No,No,No,No,No,No,No,No,No,No,Yes,Yes,Yes,Yes,Yes,Yes,Yes,Yes,Yes,Yes,Yes,Yes,Yes,Yes,Yes,No,No,Yes,81,76,68,1.100,37.969,47.058,39.797,0.002,5.675,0.762,175.0,175.0,175.0,175.0,0,0.0,0.0,31.9,51.5,27.8,39.1,26.0,43.4,54.5,40.5,63.4,30.9,29.8,29.8,36.4,20.3,19.3,20.2,19.5,19.8,21.7,21.8,21.9,19.9,33.3,45.6,16.3,11.4,49.5,44.0,7.7,7.8,13.0,9.9,5.7,6.6,23.1,4.9,35.7,0.0,0.0,0.0,0.0,0.0,0.0,64.7,65.7,59.7,63.1,66.9,65.0,48.3,65.8,0.0,0.0,0.0,0.0,0.0,0.1,0.0,2394.1,24.00,36,35,35,68,103,383,2,2,Yes,No,No,No,No,No,No,No,Yes,No,No,No,No,Yes,No,No,No,No,No,No,No,Yes,No,No,No,No,No,No,No,No,No,No,No,No,No,No,No,No,86.0,5100,5100,5040,69.2,1.095,1.110,1.800,1.815,1.005,5.110,1.500,No,No,No,69.0,1.095,1.110,1.800,1.815,1.005,5.110,2.750,No,No,No,41,41,94.0,100.0,No,No,32291,48158,37,70,99.0,100.0,No,No,1856,3315,2.4,1.6,3.9,0.149,0.041,62656,43668,0.0,0.0,0.0,0.000,0.000,35394,12253,77.9,74.0,86.7,83.0,0.875,20.508,20.499,20.518,76.154,28.438,48.369,15.354,63.954,3.000,18.331,10.469,39.586,100.000,140.000,2250.0,2200.2,1890.0,2122.4,1905.0,65.0,24.0,0.0,9.0,68.2,17.0,67.9,0.0,0.0,0.0,Yes,No,No,No,No,Yes,No,0,0,0,0,0,0,0,0,0,4,0,0,0,0,0,0,0,0,0,0,0,0,0,0,0,0,0,0,0,0,2602,5586,5355,357,16.0,68,0.297,44.785,600.0,2394.0,0.2,0.0,0.0,0.0,0.0,0.0,0.0,0.0,0.0,2,16190,2,No,No,No,No,No,No,No,No,16.703,68.277,100.0,0.000,24.1,120,0,0,8.6,120.0,141.9,106.5,97.7,101.1,96.7,120.0,139.0,104.4,97.1,100.1,96.2,8.33,9.40,7.03,6.86,9.88,10.32,5.84,2.50,8.02,0.32,0.59,1447,246,1.5,1.1,0,0,0.0,0.0,0,
11.6.2026,17:30:27.328,25690,23077,52.6,20173,12211,62.2,10.9,16384,1789,1.127,1.208,1.185,1.111,1.116,1.086,1.106,1.116,1.116,1.116,1.121,1.121,1.121,1.121,1.131,1.061,0.781,3890.5,4489.0,4489.0,4389.3,4389.3,4389.3,4389.3,3491.5,3491.5,3491.5,3491.5,3491.5,3491.5,3491.5,3491.5,99.8,3890.5,1302.7,2212.4,1220.9,1704.4,1129.0,1829.4,2549.3,1749.8,2777.4,1181.1,1346.3,1194.3,1645.9,682.8,656.6,677.5,737.9,644.5,664.1,689.8,759.8,1455.9,31.9,51.3,28.0,39.5,26.3,41.6,58.0,39.8,63.0,27.5,31.6,27.6,38.5,20.8,19.6,20.4,22.5,18.9,19.6,20.7,23.3,63.0,31.9,100.0,55.5,86.9,47.7,66.1,44.2,71.0,99.4,67.8,107.8,45.8,52.5,46.2,64.1,38.5,37.0,38.1,41.4,36.3,37.4,39.0,42.5,55.5,39.0,45.0,45.0,44.0,44.0,44.0,44.0,35.0,35.0,35.0,35.0,35.0,35.0,35.0,35.0,39.0,71,73,74,75,74,72,74,70,70,70,70,68,68,68,68,29,27,26,25,26,28,26,30,30,30,30,32,32,32,32,82,75,No,No,No,No,No,No,No,No,No,No,No,No,No,No,No,No,No,No,No,No,No,No,No,No,No,No,No,No,No,No,Yes,Yes,Yes,Yes,Yes,Yes,Yes,Yes,Yes,Yes,Yes,Yes,Yes,Yes,Yes,No,No,Yes,82,73,68,1.100,41.344,43.569,36.328,0.002,5.688,0.773,175.0,175.0,175.0,175.0,0,0.0,0.0,31.9,50.9,27.9,39.4,26.2,41.5,57.7,39.7,63.0,27.4,31.5,27.5,38.4,20.8,19.7,20.4,22.6,19.0,19.7,20.5,23.3,19.2,34.3,45.3,14.5,12.5,51.0,44.1,4.3,7.5,9.2,11.2,6.5,4.1,14.4,10.4,36.3,0.0,0.0,0.0,0.0,0.0,0.0,67.8,65.5,63.4,58.6,67.5,69.0,57.8,58.9,0.0,0.0,0.0,0.0,0.0,0.0,0.2,2394.1,24.00,36,35,35,68,103,383,2,2,Yes,No,No,No,No,No,No,No,Yes,No,No,No,No,Yes,No,No,No,No,No,No,No,Yes,No,No,No,No,No,No,No,No,No,No,No,No,No,No,No,No,85.0,5100,5160,5100,69.2,1.110,1.110,1.800,1.815,1.005,5.110,2.375,No,No,No,69.0,1.095,1.110,1.800,1.815,1.005,5.110,1.625,No,No,No,41,41,94.0,100.0,No,No,32291,48158,37,70,99.0,100.0,No,No,1856,3315,0.0,0.3,0.3,0.000,0.008,62656,43668,0.0,0.0,0.0,0.000,0.000,35394,12253,77.9,74.0,86.3,83.0,0.875,20.503,20.494,20.512,66.749,27.580,48.231,15.370,63.812,3.000,18.329,10.333,33.986,100.000,140.000,2250.0,2200.2,1890.0,2226.8,1905.0,66.0,24.0,0.0,9.0,68.2,15.1,60.4,0.0,0.0,0.0,Yes,No,No,No,No,Yes,No,0,0,0,0,0,0,0,0,0,4,0,0,0,0,0,0,0,0,0,0,0,0,0,0,0,0,0,0,0,0,2602,5586,5355,357,16.0,68,0.297,43.842,600.0,2394.0,0.1,0.0,0.0,0.0,0.0,0.0,0.0,0.0,0.0,2,16190,2,No,No,No,No,No,No,No,No,16.704,68.277,100.0,0.000,24.1,120,0,0,8.7,119.9,136.5,109.8,108.4,109.0,108.2,119.9,144.9,105.9,104.5,105.0,104.4,8.34,9.10,7.29,7.25,9.17,9.24,5.83,2.52,8.03,0.32,0.58,1447,246,1.4,2.6,0,0,0.0,0.0,0,
11.6.2026,17:30:28.326,25690,23077,52.6,20173,12211,62.2,10.9,16384,1789,1.127,1.208,1.185,1.111,1.116,1.086,1.106,1.116,1.116,1.116,1.121,1.121,1.121,1.121,1.131,1.061,0.781,3890.5,4489.0,4489.0,4389.3,4389.3,4389.3,4389.3,3491.5,3491.5,3491.5,3491.5,3491.5,3491.5,3491.5,3491.5,99.8,3890.5,1302.7,2212.4,1220.9,1704.4,1129.0,1829.4,2549.3,1749.8,2777.4,1181.1,1346.3,1194.3,1645.9,682.8,656.6,677.5,737.9,644.5,664.1,689.8,759.8,1455.9,31.9,51.3,28.0,39.5,26.3,41.6,58.0,39.8,63.0,27.5,31.6,27.6,38.5,20.8,19.6,20.4,22.5,18.9,19.6,20.7,23.3,63.0,31.9,100.0,55.5,86.9,47.7,66.1,44.2,71.0,99.4,67.8,107.8,45.8,52.5,46.2,64.1,38.5,37.0,38.1,41.4,36.3,37.4,39.0,42.5,55.5,39.0,45.0,45.0,44.0,44.0,44.0,44.0,35.0,35.0,35.0,35.0,35.0,35.0,35.0,35.0,39.0,71,73,74,75,74,72,74,70,70,70,70,68,68,68,68,29,27,26,25,26,28,26,30,30,30,30,32,32,32,32,82,75,No,No,No,No,No,No,No,No,No,No,No,No,No,No,No,No,No,No,No,No,No,No,No,No,No,No,No,No,No,No,Yes,Yes,Yes,Yes,Yes,Yes,Yes,Yes,Yes,Yes,Yes,Yes,Yes,Yes,Yes,No,No,Yes,81,75,68,1.100,67.501,48.309,41.604,0.002,5.692,0.775,175.0,175.0,175.0,175.0,0,0.0,0.0,31.9,50.9,27.9,39.4,26.2,41.5,57.7,39.7,63.0,27.4,31.5,27.5,38.4,20.8,19.7,20.4,22.6,19.0,19.7,20.5,23.3,19.2,34.3,45.3,14.5,12.5,51.0,44.1,4.3,7.5,9.2,11.2,6.5,4.1,14.4,10.4,36.3,0.0,0.0,0.0,0.0,0.0,0.0,67.8,65.5,63.4,58.6,67.5,69.0,57.8,58.9,0.0,0.0,0.0,0.0,0.0,0.0,0.2,2394.1,24.00,36,35,35,68,103,383,2,2,Yes,No,No,No,No,No,No,No,Yes,No,No,No,No,Yes,No,No,No,No,No,No,No,Yes,No,No,No,No,No,No,No,No,No,No,No,No,No,No,No,No,85.0,5040,5100,5100,69.2,1.095,1.110,1.800,1.815,1.005,5.110,1.625,No,No,No,69.0,1.095,1.110,1.800,1.815,1.005,5.110,2.500,No,No,No,41,41,94.0,100.0,No,No,32291,48158,37,70,99.0,100.0,No,No,1856,3315,0.0,0.3,0.3,0.000,0.008,62656,43668,0.0,0.0,0.0,0.000,0.000,35394,12253,77.2,76.0,85.8,83.0,0.875,20.503,20.494,20.512,66.620,27.491,48.206,15.371,63.792,3.000,18.338,10.322,33.411,100.000,140.000,2250.0,2200.2,1890.0,2226.6,1905.0,65.0,24.0,0.0,9.0,68.2,15.0,60.2,0.0,0.0,0.0,Yes,No,No,No,No,Yes,No,0,0,0,0,0,0,0,0,0,4,0,0,0,0,0,0,0,0,0,0,0,0,0,0,0,0,0,0,0,0,2602,5586,5355,357,16.0,68,0.300,45.889,600.0,2394.0,0.2,0.0,0.0,0.0,0.0,0.0,0.0,0.0,0.0,2,16190,2,No,No,No,No,No,No,No,No,16.704,68.277,100.0,0.000,24.1,120,0,0,8.7,119.9,136.5,109.8,108.4,109.0,108.2,119.9,144.9,105.9,104.5,105.0,104.4,8.34,9.10,7.29,7.25,9.17,9.24,5.83,2.52,8.03,0.32,0.58,1447,246,1.4,2.6,0,0,0.0,0.0,0,
11.6.2026,17:30:29.324,25688,23080,52.6,20172,12212,62.2,10.9,16384,1789,1.138,1.217,1.119,1.119,1.124,1.134,1.176,1.161,1.121,1.151,1.131,1.126,1.126,1.111,1.111,1.041,0.778,3876.2,4389.3,4389.3,4389.3,4389.3,4389.3,4389.3,3491.5,3491.5,3491.5,3491.5,3491.5,3491.5,3491.5,3491.5,99.8,3790.7,1296.7,2241.2,1233.4,1707.4,1092.9,2147.4,2339.4,2431.9,1794.0,1243.2,1326.5,1202.1,1568.9,672.0,660.5,691.7,714.5,664.3,658.5,735.1,809.2,1441.7,31.9,52.0,28.2,39.6,25.5,49.0,53.4,55.5,40.9,29.1,31.0,27.8,36.7,20.3,19.7,20.9,21.1,19.9,19.3,21.7,25.4,55.5,31.9,100.0,55.4,87.8,48.1,66.2,42.9,83.2,91.3,94.5,70.6,48.2,51.7,46.6,61.2,38.0,37.3,38.9,40.2,37.4,37.1,41.2,45.1,55.4,38.9,44.0,44.0,44.0,44.0,44.0,44.0,35.0,35.0,35.0,35.0,35.0,35.0,35.0,35.0,38.0,71,73,74,75,71,74,71,70,70,69,69,68,68,68,68,29,27,26,25,29,26,29,30,30,31,31,32,32,32,32,82,75,No,No,No,No,No,No,No,No,No,No,No,No,No,No,No,No,No,No,No,No,No,No,No,No,No,No,No,No,No,No,Yes,Yes,Yes,Yes,Yes,Yes,Yes,Yes,Yes,Yes,Yes,Yes,Yes,Yes,Yes,No,No,Yes,81,75,68,1.100,50.626,47.693,39.956,0.002,5.669,0.770,175.0,175.0,175.0,175.0,0,0.0,0.0,32.0,51.7,28.3,39.6,25.6,49.0,53.2,55.6,40.9,29.2,31.1,27.9,36.8,20.5,19.8,21.2,21.4,20.2,19.6,22.0,25.6,21.4,32.7,45.2,13.4,16.1,49.9,45.4,2.8,12.3,11.1,15.2,7.8,9.6,21.3,16.8,34.1,0.0,0.0,0.0,0.2,0.0,0.0,69.5,61.0,60.6,56.1,65.1,63.9,50.0,50.8,0.0,0.0,0.0,0.0,0.0,0.1,0.1,2394.1,24.00,36,35,35,68,103,383,2,2,Yes,No,No,No,No,No,No,No,Yes,No,No,No,No,Yes,No,No,No,No,No,No,No,Yes,No,No,No,No,No,No,No,No,No,No,No,No,No,No,No,No,85.0,5040,5040,5160,69.2,1.095,1.110,1.815,1.815,1.005,5.110,1.875,No,No,No,69.0,1.095,1.110,1.800,1.815,1.005,5.110,2.000,No,No,No,41,41,94.0,100.0,No,No,32291,48158,37,70,99.0,100.0,No,No,1856,3315,0.0,2.1,2.1,0.000,0.099,62656,43668,0.0,0.0,0.0,0.000,0.000,35394,12253,77.7,74.0,86.5,83.0,0.875,20.497,20.488,20.506,66.571,27.544,48.112,15.366,63.693,3.000,18.339,10.285,34.015,100.000,140.000,2250.0,2200.2,1890.0,2226.6,1905.0,65.0,24.0,0.0,9.0,68.2,15.2,60.6,0.0,0.0,0.0,Yes,No,No,No,No,Yes,No,0,0,0,0,0,0,0,0,0,4,0,0,0,0,0,0,0,0,0,0,0,0,0,0,0,0,0,0,0,0,2601,5587,5355,357,16.0,69,0.297,47.738,600.0,2394.0,0.1,0.0,0.0,0.0,0.0,0.0,0.0,0.0,0.0,2,16190,2,No,No,No,No,No,No,No,No,16.703,68.277,100.0,0.000,24.1,120,0,0,8.0,119.9,138.3,104.6,100.6,102.1,100.2,119.9,140.6,104.7,101.1,102.6,100.7,8.34,9.58,7.20,7.14,9.83,10.02,5.82,2.52,8.03,0.32,0.66,1447,246,1.3,1.5,0,0,0.0,0.0,0,
11.6.2026,17:30:30.323,25671,23097,52.6,20158,12226,62.2,10.9,16384,1789,1.176,1.203,1.147,1.202,1.162,1.177,1.167,1.157,1.152,1.152,1.157,1.202,1.211,1.196,1.186,1.041,0.781,3876.2,4389.3,4389.3,4389.3,4389.3,4389.3,4389.3,3491.5,3491.5,3491.5,3491.5,3491.5,3491.5,3491.5,3491.5,99.8,3790.7,1306.2,2232.2,1240.6,1664.9,1107.3,2455.9,2129.9,2348.0,1881.5,1260.3,1197.6,1220.7,1698.3,718.3,674.5,683.1,723.1,672.9,715.5,741.4,758.0,1452.3,31.2,51.1,27.3,37.8,24.8,55.3,47.7,52.8,41.9,28.5,27.2,27.2,38.9,20.7,19.7,19.8,20.8,19.1,20.6,21.2,22.2,55.3,31.2,100.0,55.9,87.6,48.3,64.9,43.5,95.2,83.2,91.4,73.7,49.0,47.0,47.5,66.4,40.6,38.0,38.7,41.0,38.1,40.2,41.5,42.5,55.9,38.9,44.0,44.0,44.0,44.0,44.0,44.0,35.0,35.0,35.0,35.0,35.0,35.0,35.0,35.0,38.0,72,73,78,74,72,71,74,70,70,70,70,70,70,70,70,28,27,22,26,28,29,26,30,30,30,30,30,30,30,30,82,78,No,No,No,No,No,No,No,No,No,No,No,No,No,No,No,No,No,No,No,No,No,No,No,No,No,No,No,No,No,No,Yes,Yes,Yes,Yes,Yes,Yes,Yes,Yes,Yes,Yes,Yes,Yes,Yes,Yes,Yes,No,No,Yes,81,74,68,1.100,62.438,46.661,39.418,0.002,5.692,0.773,175.0,175.0,175.0,175.0,0,0.0,0.0,32.2,51.4,28.3,38.6,25.8,55.9,48.2,53.4,42.7,29.4,28.2,28.1,39.5,22.0,20.9,21.0,22.0,20.4,21.8,22.5,23.4,19.8,33.1,46.1,11.0,16.8,52.2,42.4,7.8,9.3,6.3,10.3,6.1,10.5,13.8,11.6,35.2,0.0,0.0,0.5,0.1,0.0,0.0,62.8,63.1,65.3,60.1,66.4,60.9,56.4,57.7,0.1,0.0,0.1,0.0,0.0,0.0,0.3,2394.1,24.00,36,35,35,68,103,383,2,2,Yes,No,No,No,No,No,No,No,Yes,No,No,No,No,No,No,No,No,No,No,No,No,No,No,No,No,No,No,No,No,No,No,No,No,No,No,No,No,No,84.0,5160,5040,5100,69.2,1.095,1.110,1.800,1.815,1.005,5.110,1.500,No,No,No,69.0,1.095,1.110,1.800,1.800,1.005,5.110,1.250,No,No,No,41,41,94.0,100.0,No,No,32291,48158,37,70,99.0,100.0,No,No,1856,3315,2.0,0.9,3.0,0.028,0.083,62656,43668,0.1,0.0,0.1,0.020,0.000,35394,12253,76.7,74.0,85.2,83.0,0.875,20.527,20.521,20.534,66.516,25.181,41.684,14.344,56.263,3.000,17.319,10.252,33.409,100.000,140.000,2250.0,2200.2,1890.0,2226.9,1905.0,65.0,24.0,0.0,9.0,68.2,14.8,59.2,0.0,0.0,0.0,Yes,No,No,No,No,Yes,No,0,0,0,0,0,0,0,0,0,4,0,0,0,0,0,0,0,0,0,0,0,0,0,0,0,0,0,0,0,0,2601,5587,5356,357,16.0,68,0.297,46.768,600.0,2394.0,0.2,0.0,0.0,0.0,0.0,0.0,0.0,0.0,0.0,2,16190,2,No,No,No,No,No,No,No,No,16.703,68.277,100.0,0.000,24.1,120,0,0,8.8,120.1,137.8,109.2,104.6,106.4,104.0,120.0,142.4,103.5,102.8,103.1,102.7,8.33,9.17,7.24,6.95,9.41,9.63,5.82,2.51,8.01,0.32,0.56,1447,246,4.9,0.7,0,0,0.0,0.0,0,
11.6.2026,17:30:31.318,25688,23080,52.6,20163,12221,62.2,10.9,16384,1789,1.150,1.178,1.163,1.143,1.128,1.123,1.123,1.159,1.159,1.149,1.169,1.169,1.159,1.144,1.144,1.041,0.781,3762.2,4389.3,4389.3,4389.3,4389.3,4389.3,4389.3,3491.5,3491.5,3491.5,3491.5,3491.5,3491.5,3491.5,1895.4,99.8,3790.7,1281.7,2172.2,1148.5,1775.4,1032.8,2484.2,1963.2,2760.4,1594.0,1359.1,1155.4,1199.9,1527.1,630.6,619.3,678.5,783.4,654.7,628.8,734.6,732.5,1430.3,31.4,50.5,26.3,41.0,24.1,56.5,44.7,62.7,36.1,31.8,27.1,27.9,35.4,18.6,18.4,20.1,23.8,19.4,18.8,22.1,22.8,62.7,31.4,100.0,54.7,85.4,44.9,68.9,40.4,96.4,76.7,107.0,62.5,52.7,45.2,46.6,59.5,35.9,34.8,38.2,43.7,36.9,35.6,41.3,41.2,54.7,37.7,44.0,44.0,44.0,44.0,44.0,44.0,35.0,35.0,35.0,35.0,35.0,35.0,35.0,19.0,38.0,71,75,76,76,72,74,71,69,69,69,69,68,68,68,68,29,25,24,24,28,26,29,31,31,31,31,32,32,32,32,81,76,No,No,No,No,No,No,No,No,No,No,No,No,No,No,No,No,No,No,No,No,No,No,No,No,No,No,No,No,No,No,Yes,Yes,Yes,Yes,Yes,Yes,Yes,Yes,Yes,Yes,Yes,Yes,Yes,Yes,Yes,No,No,Yes,79,75,68,1.100,52.313,47.407,40.158,0.003,5.670,0.769,175.0,175.0,175.0,175.0,0,0.0,0.0,31.4,50.1,26.3,41.0,24.1,56.5,44.5,62.7,36.2,31.7,27.1,27.9,35.6,18.6,18.6,20.3,23.9,19.6,18.9,22.1,22.9,21.9,35.3,44.9,13.7,14.6,50.6,46.3,7.8,5.8,13.6,26.6,5.5,4.9,26.4,11.3,34.2,0.1,0.0,0.0,0.0,0.0,0.0,66.6,69.1,59.4,43.2,67.9,69.4,45.4,58.5,0.1,0.0,0.2,0.0,0.0,0.3,0.2,2394.1,24.00,36,35,35,68,103,383,2,2,Yes,No,No,No,No,No,No,No,Yes,No,Yes,No,No,Yes,No,No,No,No,No,No,No,Yes,No,No,No,No,No,No,No,No,No,No,No,No,No,No,No,No,85.0,5100,4980,5100,69.2,1.095,1.110,1.800,1.800,1.005,5.110,2.125,No,No,No,69.2,1.095,1.110,1.800,1.800,1.005,5.110,2.625,No,No,No,41,41,94.0,100.0,No,No,32291,48158,37,70,99.0,100.0,No,No,1856,3315,0.0,1.0,1.0,0.000,0.062,62656,43668,0.0,0.0,0.0,0.000,0.000,35394,12253,76.7,74.0,85.3,83.0,0.875,20.500,20.491,20.509,65.831,27.603,48.139,15.348,63.701,3.000,18.324,10.244,34.468,100.000,140.000,2250.0,2200.2,1890.0,2227.3,1905.0,65.0,24.0,0.0,9.0,68.2,15.0,59.9,0.0,0.0,0.0,Yes,No,No,No,No,Yes,No,0,0,0,0,0,0,0,0,0,4,0,0,0,0,0,0,0,0,0,0,0,0,0,0,0,0,0,0,0,0,2601,5587,5356,357,16.0,68,0.297,48.883,600.0,2394.0,0.1,0.0,0.0,0.0,0.0,0.0,0.0,0.0,0.0,2,16190,2,No,No,No,No,No,No,No,No,16.703,68.277,100.0,0.000,24.1,118,0,0,8.1,118.0,139.0,70.6,52.8,58.1,51.4,118.1,196.3,58.4,55.5,55.5,55.5,8.47,14.16,7.14,6.48,17.23,19.49,5.82,2.65,8.15,0.32,1.13,1447,246,1.9,1.1,0,0,0.0,0.0,0,
11.6.2026,17:30:32.317,25690,23078,52.6,20166,12217,62.2,10.9,16384,1789,1.158,1.184,1.167,1.162,1.127,1.142,1.137,1.147,1.142,1.127,1.127,1.137,1.209,1.169,1.229,1.041,0.781,3847.7,4389.3,4489.0,4489.0,4489.0,4489.0,4489.0,3591.2,3591.2,3591.2,3591.2,3591.2,1895.4,3591.2,3591.2,99.8,3790.7,1283.4,2239.8,1183.1,1718.1,1026.2,1558.7,2826.2,2068.7,2312.9,1168.3,1383.2,1070.8,1553.4,739.9,633.8,709.9,675.4,660.8,674.2,716.5,747.9,1429.3,31.3,51.9,26.7,39.6,23.6,35.2,64.1,46.8,52.1,27.3,32.3,24.7,36.1,21.8,19.1,21.1,19.7,19.6,19.4,21.2,22.9,64.1,31.3,100.0,54.8,88.2,46.3,66.7,40.2,60.7,109.8,80.2,90.4,45.5,53.9,41.6,60.8,41.5,35.9,39.9,38.1,37.2,37.6,40.3,42.0,54.8,38.6,44.0,45.0,45.0,45.0,45.0,45.0,36.0,36.0,36.0,36.0,36.0,19.0,36.0,36.0,38.0,71,76,73,76,72,71,70,70,70,70,70,68,68,68,68,29,24,27,24,28,29,30,30,30,30,30,32,32,32,32,82,76,No,No,No,No,No,No,No,No,No,No,No,No,No,No,No,No,No,No,No,No,No,No,No,No,No,No,No,No,No,No,Yes,Yes,Yes,Yes,Yes,Yes,Yes,Yes,Yes,Yes,Yes,Yes,Yes,Yes,Yes,No,No,Yes,82,78,68,1.100,36.282,47.827,40.622,0.002,5.675,0.765,175.0,175.0,175.0,175.0,0,0.0,0.0,31.4,51.6,26.9,39.6,23.8,35.2,63.9,46.8,52.3,27.3,32.5,24.8,36.1,22.0,19.2,21.4,20.0,19.8,20.0,21.5,23.1,19.5,33.1,46.4,14.5,14.9,50.2,48.7,10.9,2.5,9.5,8.4,5.2,2.5,20.0,5.9,36.6,0.6,0.0,0.0,0.0,0.0,0.0,60.3,71.3,62.2,64.1,68.0,70.5,51.9,63.3,0.1,0.0,0.2,0.0,0.0,0.1,0.4,2394.1,24.00,36,35,35,68,103,383,2,2,Yes,No,No,No,No,No,No,No,Yes,No,Yes,No,No,Yes,No,No,No,No,No,No,No,Yes,No,No,No,No,No,No,No,No,No,No,No,No,No,No,No,No,85.0,5100,4920,5100,69.5,1.095,1.110,1.800,1.800,1.005,5.110,1.500,No,No,No,69.2,1.095,1.110,1.800,1.800,1.005,5.110,1.375,No,No,No,41,41,94.0,100.0,No,No,32291,48158,37,70,99.0,100.0,No,No,1856,3315,0.3,0.5,0.8,0.028,0.017,62656,43668,0.1,0.0,0.1,0.060,0.000,35394,12253,77.3,74.0,86.0,83.0,0.875,20.500,20.491,20.509,66.471,27.581,48.002,15.348,63.558,3.000,18.307,10.216,34.639,100.000,140.000,2250.0,2200.2,1890.0,2227.3,1905.0,65.0,24.0,0.0,9.0,68.2,15.1,60.3,0.0,0.0,0.0,Yes,No,No,No,No,Yes,No,0,0,0,0,0,0,0,0,0,4,0,0,0,0,0,0,0,0,0,0,0,0,0,0,0,0,0,0,0,0,2601,5587,5356,357,16.0,68,0.300,48.831,600.0,2394.0,0.2,0.0,0.0,0.0,0.0,0.0,0.0,0.0,0.0,2,16190,2,No,No,No,No,No,No,No,No,16.703,68.277,100.0,0.000,24.1,120,0,0,8.4,120.0,137.2,106.4,104.0,104.9,103.8,120.0,147.4,100.3,98.0,98.9,97.7,8.34,9.44,7.28,7.16,9.58,9.67,5.83,2.50,8.02,0.32,0.68,1447,246,1.3,0.9,0,0,0.0,0.0,0,
11.6.2026,17:30:33.317,25692,23076,52.6,20164,12219,62.2,10.9,16384,1789,1.140,1.160,1.120,1.120,1.116,1.136,1.136,1.131,1.141,1.161,1.141,1.141,1.146,1.166,1.146,1.041,0.781,3534.2,4389.3,4389.3,4389.3,4389.3,4389.3,4389.3,1895.4,3491.5,3491.5,3491.5,3491.5,1895.4,3491.5,1895.4,99.8,3790.7,1284.7,2186.1,1168.3,1638.9,1029.6,1286.9,2991.5,2214.6,2384.0,1175.3,1456.9,1177.5,1535.1,692.2,642.0,642.5,718.0,677.1,637.0,702.0,737.3,1433.7,31.6,50.7,26.8,38.1,24.0,29.3,68.1,50.2,53.9,27.6,34.0,27.8,35.7,21.5,19.1,19.2,21.5,20.8,19.4,21.4,22.9,68.1,31.6,100.0,54.9,85.7,45.9,63.7,40.3,50.1,116.3,85.7,93.3,46.0,57.2,45.7,59.9,39.0,36.5,36.3,40.5,38.2,36.2,39.6,41.4,54.9,35.4,44.0,44.0,44.0,44.0,44.0,44.0,19.0,35.0,35.0,35.0,35.0,19.0,35.0,19.0,38.0,70,73,73,75,72,70,70,69,69,69,69,68,68,68,68,30,27,27,25,28,30,30,31,31,31,31,32,32,32,32,79,75,No,No,No,No,No,No,No,No,No,No,No,No,No,No,No,No,No,No,No,No,No,No,No,No,No,No,No,No,No,No,Yes,Yes,Yes,Yes,Yes,Yes,Yes,Yes,Yes,Yes,Yes,Yes,Yes,Yes,Yes,No,No,Yes,81,76,68,1.100,69.189,49.080,41.825,0.002,5.689,0.764,175.0,175.0,175.0,175.0,0,0.0,0.0,31.3,50.0,26.5,37.8,23.7,29.0,67.6,49.8,53.8,27.2,33.7,27.4,35.4,21.2,18.9,19.0,21.3,20.6,18.9,21.2,22.8,19.1,35.4,47.9,16.2,12.4,49.4,46.7,6.6,3.9,3.0,16.6,4.9,3.8,13.5,7.1,37.2,0.6,0.0,0.0,0.0,0.0,0.0,65.7,70.1,70.7,55.0,67.2,70.5,58.2,62.8,0.1,0.0,0.1,0.0,0.0,0.1,0.3,2394.1,24.00,36,35,35,68,103,383,2,2,Yes,No,No,No,No,No,No,No,Yes,No,Yes,No,No,Yes,No,No,No,No,No,No,No,Yes,No,No,No,No,No,No,No,No,No,No,No,No,No,No,No,No,85.0,5100,4860,5100,69.5,1.095,1.110,1.800,1.800,1.005,5.110,1.125,No,No,No,69.2,1.095,1.110,1.800,1.800,1.005,5.110,1.625,No,No,No,41,41,94.0,100.0,No,No,32291,48158,37,70,99.0,100.0,No,No,1856,3315,0.3,1.2,1.5,0.008,0.026,62656,43668,0.0,0.0,0.0,0.000,0.000,35394,12253,76.0,74.0,83.7,83.0,0.875,20.491,20.482,20.501,66.415,27.482,48.105,15.382,63.695,3.000,18.345,10.214,33.635,100.000,140.000,2250.0,2200.2,1890.0,2227.6,1905.0,65.0,24.0,0.0,9.0,68.2,15.0,59.9,0.0,0.0,0.0,Yes,No,No,No,No,Yes,No,0,0,0,0,0,0,0,0,0,4,0,0,0,0,0,0,0,0,0,0,0,0,0,0,0,0,0,0,0,0,2601,5587,5356,357,16.0,68,0.300,47.986,600.0,2394.0,0.2,0.0,0.0,0.0,0.0,0.0,0.0,0.0,0.0,2,16190,2,No,No,No,No,No,No,No,No,16.703,68.277,100.0,0.000,24.1,120,0,0,8.2,119.9,138.9,109.9,109.2,109.5,109.1,119.9,144.0,106.0,104.9,105.4,104.8,8.34,9.10,7.19,6.92,9.13,9.15,5.83,2.52,8.02,0.32,0.58,1447,246,3.2,3.7,0,0,0.0,0.0,0,
11.6.2026,17:30:34.314,25690,23077,52.6,20160,12224,62.2,10.9,16384,1789,1.131,1.189,1.168,1.133,1.128,1.128,1.128,1.116,1.116,1.116,1.116,1.121,1.121,1.121,1.131,1.041,0.778,3876.2,4389.3,4389.3,4389.3,4389.3,4389.3,4389.3,3491.5,3491.5,3491.5,3491.5,3491.5,3491.5,3491.5,3491.5,99.8,3790.7,1299.5,2195.6,1166.9,1729.5,1031.5,1412.1,2996.6,1986.8,2387.8,1137.0,1469.1,1227.7,1614.6,699.1,688.8,674.2,743.3,680.5,686.5,686.3,775.4,1447.5,31.7,51.1,26.7,40.1,23.9,32.0,68.4,45.1,54.1,26.7,34.2,28.5,37.3,20.6,20.2,19.8,21.9,19.8,19.8,19.9,23.4,68.4,31.7,100.0,55.6,86.5,45.7,67.1,40.4,54.9,116.4,76.8,93.3,44.2,57.3,48.1,63.2,39.7,39.4,38.2,42.0,38.5,38.6,38.8,43.9,55.6,38.9,44.0,44.0,44.0,44.0,44.0,44.0,35.0,35.0,35.0,35.0,35.0,35.0,35.0,35.0,38.0,70,74,73,75,75,71,69,69,69,69,69,68,68,68,68,30,26,27,25,25,29,31,31,31,31,31,32,32,32,32,82,75,No,No,No,No,No,No,No,No,No,No,No,No,No,No,No,No,No,No,No,No,No,No,No,No,No,No,No,No,No,No,Yes,Yes,Yes,Yes,Yes,Yes,Yes,Yes,Yes,Yes,Yes,Yes,Yes,Yes,Yes,No,No,Yes,82,74,68,1.100,27.000,48.203,40.940,0.002,5.701,0.771,175.0,175.0,175.0,175.0,0,0.0,0.0,31.7,50.8,26.7,40.1,23.9,32.0,68.1,45.0,54.3,26.8,34.3,28.5,37.4,20.8,20.5,20.0,22.1,20.0,20.0,20.2,23.6,20.0,34.6,45.8,13.5,14.6,48.5,45.4,9.0,5.8,10.9,12.2,5.8,10.2,11.3,12.6,35.6,0.6,0.0,0.0,0.0,0.0,0.0,62.9,66.4,61.8,58.3,67.1,63.2,61.0,56.4,0.1,0.0,0.1,0.0,0.0,0.4,0.1,2394.1,24.00,36,35,35,68,103,383,2,2,Yes,No,No,No,No,No,No,No,Yes,No,No,No,No,Yes,No,No,No,No,No,No,No,Yes,No,No,No,No,No,No,No,No,No,No,No,No,No,No,No,No,84.0,5100,4800,5160,69.5,1.095,1.110,1.800,1.800,1.005,5.110,1.000,No,No,No,69.2,1.095,1.110,1.800,1.800,1.005,5.110,2.500,No,No,No,41,41,94.0,100.0,No,No,32291,48158,37,70,99.0,100.0,No,No,1856,3315,0.0,1.6,1.6,0.000,0.033,62656,43668,0.0,0.0,0.0,0.000,0.000,35394,12253,76.0,74.0,83.5,83.0,0.875,20.497,20.489,20.505,66.439,32.648,48.229,15.387,63.831,3.000,18.352,44.153,35.586,100.000,140.000,2250.0,2200.2,1890.0,2227.7,1905.0,65.0,24.0,0.0,9.0,68.2,15.0,60.2,0.0,0.0,0.0,Yes,No,No,No,No,Yes,No,0,0,0,0,0,0,0,0,0,4,0,0,0,0,0,0,0,0,0,0,0,0,0,0,0,0,0,0,0,0,2601,5587,5356,357,16.0,68,0.297,47.064,600.0,2394.0,0.2,0.0,0.0,0.0,0.0,0.0,0.0,0.0,0.0,2,16190,2,No,No,No,No,No,No,No,No,16.703,68.277,100.0,0.000,24.1,120,0,0,8.3,120.0,132.4,111.4,111.4,111.4,111.4,120.0,138.3,106.2,105.5,105.7,105.4,8.34,9.00,7.58,7.51,9.01,9.02,5.84,2.49,8.02,0.32,0.52,1447,246,1.4,1.0,0,0,0.0,0.0,0,
11.6.2026,17:30:35.325,25691,23077,52.6,20165,12219,62.2,10.9,16384,1789,1.200,1.220,1.200,1.190,1.180,1.180,1.160,1.180,1.190,1.220,1.205,1.220,1.210,1.225,1.220,1.041,0.778,3762.2,4389.3,4389.3,4389.3,4389.3,4389.3,4389.3,1895.4,3491.5,3491.5,3491.5,3491.5,3491.5,3491.5,3491.5,99.8,3790.7,1288.6,2164.9,1273.2,1704.8,1042.7,1768.2,2632.9,2335.1,2142.8,1083.7,1450.8,1216.3,1536.7,635.9,583.4,694.0,698.1,690.4,652.1,685.2,780.3,1435.2,31.4,50.3,29.4,39.3,24.2,40.0,59.9,53.0,48.4,25.4,33.8,28.2,35.7,19.0,17.1,20.6,20.6,20.4,19.1,20.3,23.9,59.9,31.4,100.0,55.0,85.2,49.7,66.2,40.8,68.5,102.7,90.5,83.9,42.2,56.7,47.2,60.0,36.1,33.2,39.1,39.4,38.8,36.8,38.7,43.6,55.0,37.7,44.0,44.0,44.0,44.0,44.0,44.0,19.0,35.0,35.0,35.0,35.0,35.0,35.0,35.0,38.0,70,72,71,75,71,72,69,69,69,69,69,68,68,68,68,30,28,29,25,29,28,31,31,31,31,31,32,32,32,32,81,75,No,No,No,No,No,No,No,No,No,No,No,No,No,No,No,No,No,No,No,No,No,No,No,No,No,No,No,No,No,No,Yes,Yes,Yes,Yes,Yes,Yes,Yes,Yes,Yes,Yes,Yes,Yes,Yes,Yes,Yes,No,No,Yes,81,75,68,1.100,36.282,45.427,38.212,0.002,5.679,0.769,175.0,175.0,175.0,175.0,0,0.0,0.0,31.3,49.9,29.2,39.2,24.1,39.8,59.5,52.7,48.4,25.2,33.7,28.0,35.6,19.0,17.0,20.6,20.7,20.5,19.1,20.3,24.0,18.3,33.6,46.3,15.3,12.3,50.6,46.1,1.7,2.5,8.3,12.8,7.7,5.1,9.7,3.8,37.9,0.9,0.0,0.0,0.0,0.0,0.0,71.9,73.6,63.7,58.9,65.0,69.0,62.5,64.5,0.0,0.0,0.0,0.0,0.0,0.1,0.1,2394.1,24.00,36,35,35,68,103,383,2,2,Yes,No,No,No,No,No,No,No,Yes,No,Yes,No,No,No,No,No,No,No,No,No,No,No,No,No,No,No,No,No,No,No,No,No,No,No,No,No,No,No,84.0,5160,4800,5160,69.5,1.095,1.110,1.815,1.800,1.005,5.110,1.750,No,No,No,69.2,1.095,1.110,1.800,1.800,1.005,5.110,1.500,No,No,No,41,41,94.0,100.0,No,No,32291,48158,36,70,99.0,100.0,No,No,1856,3315,0.0,0.6,0.6,0.000,0.023,62656,43668,0.0,0.0,0.0,0.000,0.000,35394,12253,75.9,74.0,83.3,83.0,0.875,20.495,20.486,20.505,66.470,34.110,48.096,15.324,63.646,3.000,18.294,57.082,33.326,100.000,140.000,2250.0,2200.2,1890.0,2227.5,1905.0,65.0,24.0,0.0,9.0,68.2,15.1,60.4,0.0,0.0,0.0,Yes,No,No,No,No,Yes,No,0,0,0,0,0,0,0,0,0,4,0,0,0,0,0,0,0,0,0,0,0,0,0,0,0,0,0,0,0,0,2601,5587,5356,357,16.0,68,0.300,46.972,600.0,2394.0,0.1,0.0,0.0,0.0,0.0,0.0,0.0,0.0,0.0,2,16190,2,No,No,No,No,No,No,No,No,16.704,68.277,100.0,0.000,24.1,120,0,0,8.0,120.0,132.8,107.9,105.9,106.8,105.6,120.0,141.2,104.6,102.9,103.6,102.7,8.33,9.28,7.49,7.17,9.39,9.51,5.83,2.50,8.01,0.32,0.61,1447,246,2.0,0.9,0,0,0.0,0.0,0,
11.6.2026,17:30:36.326,25691,23077,52.6,20174,12210,62.2,10.9,16384,1789,1.143,1.180,1.130,1.140,1.131,1.141,1.161,1.156,1.156,1.141,1.091,1.111,1.126,1.173,1.163,1.061,0.781,3976.0,4489.0,4489.0,4489.0,4489.0,4489.0,4489.0,3591.2,3591.2,3591.2,3591.2,3591.2,3591.2,3591.2,3591.2,99.8,3890.5,1288.4,2211.5,1241.5,1638.5,1051.1,2094.1,2261.1,2385.2,1992.8,1111.3,1373.0,1259.7,1676.4,642.3,619.6,667.9,730.3,663.6,669.9,689.7,789.3,1434.8,31.0,50.4,28.1,37.0,24.6,47.4,51.4,53.9,45.1,25.9,30.9,27.9,38.8,18.9,17.0,19.7,20.3,19.4,19.8,20.2,24.2,53.9,31.0,100.0,55.2,87.0,48.5,63.7,41.0,80.9,88.4,92.3,78.0,43.2,53.7,49.6,66.0,36.5,35.2,38.0,41.5,37.7,38.3,39.2,44.6,55.2,39.9,45.0,45.0,45.0,45.0,45.0,45.0,36.0,36.0,36.0,36.0,36.0,36.0,36.0,36.0,39.0,71,75,74,77,74,72,74,69,69,69,69,68,68,68,68,29,25,26,23,26,28,26,31,31,31,31,32,32,32,32,81,77,No,No,No,No,No,No,No,No,No,No,No,No,No,No,No,No,No,No,No,No,No,No,No,No,No,No,No,No,No,No,Yes,Yes,Yes,Yes,Yes,Yes,Yes,Yes,Yes,Yes,Yes,Yes,Yes,Yes,Yes,No,No,Yes,81,73,68,1.100,45.563,46.563,39.315,0.003,5.688,0.765,175.0,175.0,175.0,175.0,0,0.0,0.0,31.3,50.8,28.1,37.8,24.6,47.2,51.2,53.9,45.0,25.8,32.0,29.0,38.7,18.9,18.3,19.8,21.6,19.4,19.9,20.3,24.2,20.2,33.6,47.1,15.9,13.9,51.6,43.8,5.5,6.6,8.3,14.5,9.7,6.0,12.2,13.8,36.0,0.8,0.0,0.4,0.0,0.0,0.0,68.3,68.3,64.7,56.4,63.7,67.0,60.1,54.6,0.1,0.0,0.4,0.0,0.0,0.2,0.3,2394.1,24.00,36,35,35,68,103,383,2,2,Yes,No,No,No,No,No,No,No,Yes,No,Yes,No,No,Yes,No,No,No,No,No,No,No,Yes,No,No,No,No,No,No,No,No,No,No,No,No,No,No,No,No,85.0,5160,4800,5100,69.5,1.095,1.110,1.800,1.815,1.005,5.110,2.750,No,No,No,69.2,1.095,1.110,1.800,1.815,1.005,5.110,1.625,No,No,No,41,41,94.0,100.0,No,No,32291,48158,37,70,99.0,100.0,No,No,1856,3315,0.0,1.3,1.3,0.000,0.209,62656,43669,0.0,0.0,0.0,0.000,0.000,35394,12253,76.0,74.0,83.5,83.0,0.875,20.499,20.491,20.508,66.439,38.263,47.509,15.225,62.959,3.000,18.188,87.040,33.920,100.000,140.000,2250.0,2200.2,1890.0,2227.4,1905.0,65.0,24.0,0.0,9.0,67.1,15.1,60.3,0.0,0.0,0.0,Yes,No,No,No,No,Yes,No,0,0,0,0,0,0,0,0,0,4,0,0,0,0,0,0,0,0,0,0,0,0,0,0,0,0,0,0,0,0,2695,5493,5261,357,16.0,68,0.297,44.513,600.0,2394.0,0.1,0.0,0.0,0.0,0.0,0.0,0.0,0.0,0.0,2,16190,2,No,No,No,No,No,No,No,No,16.703,68.277,100.0,0.000,24.1,120,0,0,9.0,120.0,144.5,100.4,99.0,99.1,99.0,120.0,141.1,100.5,99.2,99.7,99.1,8.33,9.95,6.92,6.63,10.15,10.22,5.83,2.50,8.02,0.32,0.67,1447,246,11.0,1.1,0,0,0.0,0.0,0,
11.6.2026,17:30:37.323,25604,23164,52.5,20181,12203,62.3,10.9,16384,1789,1.214,1.148,1.165,1.185,1.196,1.196,1.186,1.202,1.227,1.247,1.252,1.247,1.247,1.242,1.252,1.061,0.781,3712.3,4489.0,798.0,4489.0,4489.0,4489.0,4489.0,3591.2,3591.2,3591.2,3591.2,3591.2,3591.2,3591.2,3591.2,99.8,3890.5,1302.5,2235.0,1235.4,1707.2,1111.8,2062.8,2271.9,2266.4,2052.5,1140.2,1399.6,1174.7,1482.0,697.8,736.1,739.3,775.7,695.2,693.3,770.8,802.0,1443.0,31.6,52.1,27.4,39.9,24.9,46.3,51.3,50.9,46.1,25.9,32.9,27.7,33.6,20.1,22.8,21.2,23.9,19.9,19.7,22.3,23.7,52.1,31.6,100.0,56.0,87.7,48.2,66.3,43.5,79.8,88.9,87.9,80.3,44.7,54.8,45.9,57.9,39.4,41.8,42.3,43.8,39.3,39.3,43.4,45.0,56.0,37.2,45.0,8.0,45.0,45.0,45.0,45.0,36.0,36.0,36.0,36.0,36.0,36.0,36.0,36.0,39.0,70,77,70,77,74,70,69,69,69,69,69,68,68,68,68,30,23,30,23,26,30,31,31,31,31,31,32,32,32,32,81,77,No,No,No,No,No,No,No,No,No,No,No,No,No,No,No,No,No,No,No,No,No,No,No,No,No,No,No,No,No,No,Yes,Yes,Yes,Yes,Yes,Yes,Yes,Yes,Yes,Yes,Yes,Yes,Yes,Yes,Yes,No,No,Yes,81,77,68,1.100,27.000,46.903,39.693,0.002,5.693,0.766,175.0,140.0,175.0,175.0,0,0.0,0.0,32.3,51.6,28.4,39.7,26.0,47.0,51.8,51.5,46.8,26.9,32.9,27.5,34.6,21.2,22.8,22.4,23.9,21.2,21.0,23.6,24.9,21.2,33.1,44.1,15.4,13.7,50.4,48.1,12.6,5.5,10.2,19.1,11.8,6.6,17.3,9.1,33.7,0.0,0.0,0.6,0.6,0.0,0.0,59.4,64.8,60.0,49.9,60.0,65.4,52.4,58.6,0.2,0.0,0.4,0.0,0.0,0.4,0.1,2394.1,24.00,36,35,35,68,103,383,2,2,Yes,No,No,No,No,No,No,No,Yes,No,Yes,No,No,Yes,No,No,No,No,No,No,No,Yes,No,No,No,No,No,No,No,No,No,No,No,No,No,No,No,No,84.0,5100,4800,5100,69.5,1.095,1.110,1.800,1.815,1.005,5.110,1.375,No,No,No,69.2,1.095,1.110,1.800,1.815,0.990,5.110,2.625,No,No,No,41,41,94.0,100.0,No,No,32291,48158,37,70,99.0,100.0,No,No,1856,3315,0.0,1.6,1.6,0.000,0.203,62656,43669,0.0,0.0,0.0,0.000,0.000,35394,12253,73.1,74.0,79.0,83.0,0.875,20.498,20.489,20.507,65.017,28.746,46.597,15.080,61.910,3.000,18.051,16.275,40.306,100.000,140.000,2250.0,2200.2,1890.0,2227.8,1905.0,63.0,23.0,0.0,8.0,70.3,13.8,55.0,0.0,0.0,0.0,Yes,No,No,No,No,Yes,No,0,0,0,0,0,0,0,0,0,4,0,0,0,0,0,0,0,0,0,0,0,0,0,0,0,0,0,0,0,0,2435,5753,5526,357,16.0,68,0.300,46.318,600.0,2394.0,0.1,0.0,0.0,0.0,0.0,0.0,0.0,0.0,0.0,2,16190,2,No,No,No,No,No,No,No,No,16.703,68.277,100.0,0.000,24.1,117,0,0,8.0,116.7,136.9,57.9,50.3,52.9,49.6,116.7,194.2,69.3,56.8,61.5,55.5,8.57,17.26,7.29,7.25,18.90,20.20,5.80,2.78,8.25,0.32,0.91,1447,246,1.8,1.4,0,0,0.0,0.0,0,
11.6.2026,17:30:38.318,25997,22771,53.3,20195,12188,62.3,10.9,16384,1789,1.146,1.166,1.139,1.139,1.151,1.151,1.151,1.136,1.151,1.151,1.151,1.151,1.136,1.136,1.136,0.998,0.778,3648.2,4189.8,4189.8,4189.8,4189.8,4189.8,4189.8,1895.4,3491.5,3491.5,3491.5,3391.7,3391.7,3391.7,3391.7,99.8,3591.2,1335.7,2337.9,1062.0,1869.9,895.9,1903.7,2387.1,1968.5,2282.0,1334.3,1323.8,1163.0,1505.9,846.5,767.6,827.2,863.0,863.4,760.8,848.1,902.8,1458.6,33.6,55.4,24.7,44.1,20.9,43.7,55.4,45.4,52.6,31.7,31.4,27.6,35.4,25.9,23.3,25.4,26.4,26.0,22.8,25.4,27.9,55.4,33.6,100.0,57.6,91.8,41.6,72.7,35.1,74.0,93.3,76.7,89.1,51.9,51.9,45.3,58.8,46.8,42.7,45.9,47.9,47.8,42.4,47.0,50.2,57.6,36.6,42.0,42.0,42.0,42.0,42.0,42.0,19.0,35.0,35.0,35.0,34.0,34.0,34.0,34.0,36.0,70,72,71,74,71,71,69,70,70,70,70,69,69,69,69,30,28,29,26,29,29,31,30,30,30,30,31,31,31,31,81,74,No,No,No,No,No,No,No,No,No,No,No,No,No,No,No,No,No,No,No,No,No,No,No,No,No,No,No,No,No,No,Yes,Yes,Yes,Yes,Yes,Yes,Yes,Yes,Yes,Yes,Yes,Yes,Yes,Yes,Yes,No,No,Yes,81,71,68,1.100,43.032,45.945,38.637,0.002,5.706,0.778,175.0,145.0,175.0,175.0,0,0.0,0.0,33.6,54.9,24.7,44.1,20.9,43.7,55.3,45.4,52.7,31.7,31.4,27.7,35.5,26.2,23.4,25.5,26.5,26.1,23.0,25.5,27.9,31.7,33.3,42.2,16.1,15.4,46.5,46.2,30.7,31.8,28.4,32.9,31.4,25.2,38.6,24.9,22.3,0.0,0.0,0.0,0.1,0.0,0.0,38.1,40.0,40.8,35.7,37.8,46.5,31.5,41.7,0.3,0.0,0.8,0.0,0.0,0.3,0.5,2394.1,24.00,36,35,35,68,103,383,2,2,Yes,No,No,No,No,No,No,No,Yes,No,Yes,No,No,Yes,No,No,No,No,No,No,No,Yes,No,No,No,No,No,No,No,No,No,No,No,No,No,No,No,No,85.0,5040,4800,5100,69.5,1.095,1.110,1.800,1.815,0.990,5.110,1.875,No,No,No,69.2,1.095,1.110,1.800,1.815,0.990,5.110,1.500,No,No,No,41,41,94.0,100.0,No,No,32291,48158,36,70,99.0,100.0,No,No,1856,3315,0.1,2.5,2.6,0.068,0.076,62656,43669,0.0,0.0,0.0,0.000,0.000,35394,12253,82.7,76.0,93.7,83.0,0.865,20.450,20.434,20.467,73.904,44.884,66.602,18.861,85.693,3.000,21.833,70.741,47.458,100.000,140.000,2010.0,2200.2,1845.0,2220.9,1845.0,97.0,36.0,0.0,12.0,70.4,22.1,88.3,0.0,0.0,0.0,Yes,No,Yes,No,No,No,No,0,0,0,0,0,0,0,0,0,4,0,0,0,0,0,0,0,0,0,0,0,0,0,0,0,0,0,0,0,0,2422,5766,5535,357,16.0,68,0.297,46.157,600.0,2394.0,0.2,0.0,0.0,0.0,0.0,0.0,0.0,0.0,0.0,2,16190,2,No,No,No,No,No,No,No,No,16.700,68.277,100.0,0.000,24.1,100,0,0,9.9,99.7,145.1,30.7,15.3,14.5,14.5,99.0,148.5,41.4,15.5,14.4,14.4,10.03,32.59,6.88,6.34,69.20,69.20,8.37,1.74,9.68,0.35,2.35,1447,246,1.6,1.0,0,0,0.0,0.0,0,
11.6.2026,17:30:39.314,25891,22877,53.0,20177,12207,62.3,10.9,16384,1789,1.185,1.224,1.153,1.163,1.173,1.158,1.158,1.183,1.193,1.183,1.204,1.204,1.204,1.194,1.199,1.061,0.781,3712.3,4489.0,4489.0,4489.0,4489.0,4489.0,798.0,3591.2,3591.2,3591.2,3591.2,3591.2,3591.2,3591.2,3591.2,99.8,3890.5,1116.8,2623.9,299.1,2182.7,151.6,2051.3,1775.7,2703.2,1058.3,1592.6,483.2,1878.5,396.5,691.7,567.4,649.6,568.3,702.9,570.5,711.1,677.5,1229.6,28.1,61.4,7.2,51.3,3.9,47.0,41.2,62.1,24.7,38.1,11.6,44.4,9.6,21.9,17.5,20.0,18.0,22.0,17.6,21.7,21.8,62.1,28.1,100.0,48.0,102.7,11.8,85.1,6.0,80.1,69.3,105.5,41.4,62.2,19.0,73.3,15.6,38.8,32.0,36.4,32.1,39.3,32.3,39.7,38.1,48.0,37.2,45.0,45.0,45.0,45.0,45.0,8.0,36.0,36.0,36.0,36.0,36.0,36.0,36.0,36.0,39.0,70,73,71,74,74,71,70,68,68,68,68,68,68,68,68,30,27,29,26,26,29,30,32,32,32,32,32,32,32,32,81,74,No,No,No,No,No,No,No,No,No,No,No,No,No,No,No,No,No,No,No,No,No,No,No,No,No,No,No,No,No,No,Yes,Yes,Yes,Yes,Yes,Yes,Yes,Yes,Yes,Yes,Yes,Yes,Yes,Yes,Yes,No,No,Yes,81,74,68,1.100,36.282,41.201,34.012,0.002,5.649,0.746,175.0,150.0,175.0,175.0,0,0.0,0.0,27.9,60.8,6.9,51.1,3.5,46.9,41.0,61.9,24.5,37.9,11.2,44.3,9.2,21.5,17.5,19.8,17.8,21.8,17.4,21.5,21.6,41.5,33.8,44.8,19.8,19.8,54.1,48.0,48.4,39.5,56.5,31.8,49.5,41.2,62.0,32.4,17.6,0.0,0.0,0.3,0.0,0.0,0.0,26.1,38.2,20.1,45.9,24.9,37.0,13.3,41.1,0.0,0.0,0.0,0.0,0.0,0.0,0.2,2394.1,24.00,36,35,35,68,103,383,2,2,Yes,No,No,No,No,No,No,No,Yes,No,Yes,No,No,Yes,No,No,No,No,No,No,No,Yes,No,No,No,No,No,No,No,No,No,No,No,No,No,No,No,No,84.0,5040,4680,5100,69.5,1.095,1.110,1.800,1.815,0.990,5.110,2.000,No,No,No,69.2,1.095,1.110,1.800,1.815,0.990,5.110,1.500,No,No,No,41,41,94.0,100.0,No,No,32291,48158,36,70,99.0,100.0,No,No,1856,3315,0.3,0.6,1.0,0.064,0.012,62656,43669,0.0,0.0,0.0,0.000,0.000,35394,12253,81.3,76.0,91.4,83.0,0.825,20.478,20.464,20.491,89.250,41.755,59.894,18.356,78.441,3.000,21.332,66.470,44.793,100.000,140.000,1920.0,2200.2,1800.0,2048.3,1785.0,98.0,33.0,0.0,12.0,70.4,23.2,92.8,0.0,0.0,0.0,Yes,No,Yes,No,No,No,No,0,0,0,0,0,0,0,0,0,4,0,0,0,0,0,0,0,0,0,0,0,0,0,0,0,0,0,0,0,0,2421,5767,5535,357,16.0,68,0.300,38.955,600.0,2394.0,0.2,0.0,0.0,0.0,0.0,0.0,0.0,0.0,0.0,2,16190,2,No,No,No,No,No,No,No,No,16.704,68.277,100.0,0.000,24.1,119,0,0,8.9,119.3,148.1,100.6,96.9,98.4,96.5,119.4,136.3,110.8,110.0,110.4,109.9,8.38,9.88,6.71,6.62,10.23,10.55,8.37,0.01,8.04,0.34,0.45,1447,246,1.7,5.4,0,0,0.0,0.0,0,
11.6.2026,17:30:40.328,25897,22871,53.1,20192,12192,62.3,10.9,16384,1789,1.213,1.205,1.255,1.255,1.255,1.189,1.199,1.199,1.199,1.209,1.205,1.205,1.200,1.200,1.200,1.061,0.781,3976.0,4489.0,4489.0,4489.0,4489.0,4489.0,4489.0,3591.2,3591.2,3591.2,3591.2,3591.2,3591.2,3591.2,3591.2,99.8,3890.5,1061.5,2569.1,232.5,2121.3,132.6,2560.0,1365.2,2985.9,698.3,1714.4,314.5,1814.6,287.2,612.1,480.3,583.3,435.1,612.5,495.6,620.9,595.7,1181.6,25.5,58.9,4.0,48.8,1.8,57.4,30.6,66.9,14.5,40.1,5.8,42.2,5.2,18.5,14.6,17.9,13.0,18.4,14.4,18.7,18.1,66.9,25.5,100.0,45.4,100.7,9.2,82.7,5.3,100.2,53.1,116.6,27.3,66.7,12.4,70.7,11.3,34.5,27.6,32.9,25.1,34.4,28.2,34.8,33.4,45.4,39.9,45.0,45.0,45.0,45.0,45.0,45.0,36.0,36.0,36.0,36.0,36.0,36.0,36.0,36.0,39.0,70,72,71,73,74,72,70,69,69,69,69,68,68,68,70,30,28,29,27,26,28,30,31,31,31,31,32,32,32,30,81,74,No,No,No,No,No,No,No,No,No,No,No,No,No,No,No,No,No,No,No,No,No,No,No,No,No,No,No,No,No,No,No,No,No,No,No,No,No,No,No,No,No,No,No,No,No,No,No,No,82,74,68,1.100,31.219,44.094,36.906,0.002,5.619,0.730,175.0,155.0,175.0,175.0,0,0.0,0.0,25.8,58.4,5.2,48.7,3.0,57.3,30.5,66.9,15.6,40.1,7.1,42.2,6.4,18.5,14.5,18.0,13.0,18.4,14.4,18.8,18.2,30.7,37.2,47.8,20.5,23.0,56.2,53.2,30.5,16.4,27.9,15.9,28.2,18.7,38.0,16.3,30.5,0.0,0.0,0.0,0.0,0.0,0.0,45.4,62.6,48.1,64.9,47.7,61.0,37.8,59.5,0.0,0.0,0.0,0.0,0.0,0.0,0.1,2394.1,24.00,36,35,35,68,103,383,2,2,Yes,No,No,No,No,No,No,No,No,No,Yes,No,No,Yes,No,No,No,No,No,No,No,Yes,No,No,No,No,No,Yes,No,No,No,No,No,No,No,Yes,No,No,85.0,5100,4680,5040,69.5,1.095,1.110,1.800,1.815,0.990,5.110,1.500,No,No,No,69.2,1.095,1.110,1.800,1.815,0.990,5.110,1.125,No,No,No,41,41,94.0,100.0,No,No,32291,48158,37,70,99.0,100.0,No,No,1856,3315,0.5,1.8,2.3,0.008,0.061,62656,43669,0.2,0.0,0.2,1.293,0.000,35395,12253,82.7,76.0,93.3,83.0,0.875,20.444,20.428,20.461,84.204,37.028,67.042,18.344,85.669,3.000,21.312,11.608,52.219,100.000,140.000,2250.0,2200.2,1890.0,2040.8,1905.0,88.0,34.0,0.0,11.0,70.4,20.7,82.8,0.0,0.0,0.0,Yes,No,No,No,No,Yes,No,0,0,0,0,0,0,0,0,0,4,0,0,0,0,0,0,0,0,0,0,0,0,0,0,0,0,0,0,0,0,2421,5767,5535,357,16.0,68,0.300,48.059,600.0,2394.0,0.1,0.0,0.0,0.0,0.0,0.0,0.0,0.0,0.0,2,16190,2,No,No,No,No,No,No,No,No,16.704,68.277,100.0,0.000,24.1,117,0,0,8.5,116.9,140.8,98.5,67.4,78.1,64.8,117.9,151.8,101.9,77.5,86.5,75.2,8.56,10.38,7.14,5.89,12.92,15.43,8.10,0.37,8.21,0.34,0.65,1447,246,1.3,0.9,0,0,0.0,0.0,0,
11.6.2026,17:30:41.327,25895,22873,53.0,20193,12191,62.3,10.9,16384,1789,1.208,1.238,1.228,1.228,1.205,1.200,1.200,1.205,1.205,1.205,1.205,1.202,1.197,1.202,1.197,1.061,0.781,3976.0,4489.0,4489.0,4489.0,4489.0,4489.0,4489.0,3591.2,3591.2,3591.2,3591.2,3591.2,3591.2,3591.2,3591.2,99.8,3890.5,1100.6,2522.4,274.8,2241.1,158.6,2851.7,1125.1,3333.1,502.3,1643.5,294.7,1825.8,248.9,789.8,633.1,632.4,328.3,699.5,599.4,591.5,716.0,1212.9,27.3,57.8,6.4,51.1,5.3,63.9,25.2,74.5,12.8,38.7,8.3,42.6,7.3,23.9,19.4,19.0,9.9,21.0,18.6,17.7,22.7,74.5,27.3,100.0,47.4,98.9,10.7,87.9,6.2,111.7,43.6,130.2,19.8,64.3,11.6,71.5,9.8,43.8,35.7,35.6,19.0,39.1,34.0,33.7,40.2,47.4,39.9,45.0,45.0,45.0,45.0,45.0,45.0,36.0,36.0,36.0,36.0,36.0,36.0,36.0,36.0,39.0,71,74,71,76,72,72,70,70,70,70,70,71,71,71,71,29,26,29,24,28,28,30,30,30,30,30,29,29,29,29,79,76,No,No,No,No,No,No,No,No,No,No,No,No,No,No,No,No,No,No,No,No,No,No,No,No,No,No,No,No,No,No,No,No,No,No,No,No,No,No,No,No,No,No,No,No,No,No,No,No,81,73,68,1.100,52.313,48.248,41.025,0.002,5.601,0.716,175.0,160.0,175.0,175.0,0,0.0,0.0,26.8,57.2,6.1,51.1,3.5,63.8,25.0,74.5,11.2,38.5,6.6,42.4,5.5,23.7,19.2,18.8,9.7,20.9,18.5,17.5,22.4,47.7,37.8,43.9,16.6,17.1,56.4,52.1,70.8,58.2,57.4,23.2,65.5,45.6,61.8,60.6,12.7,0.0,0.0,0.1,0.0,0.0,0.0,3.0,18.9,20.4,63.6,10.5,31.3,17.0,13.7,0.0,0.0,0.0,0.0,0.0,0.0,0.1,2394.1,24.00,36,35,35,68,103,383,2,2,Yes,No,No,No,No,No,No,No,No,No,Yes,No,No,Yes,No,No,No,No,No,No,No,Yes,No,No,No,No,No,Yes,No,No,No,No,No,No,No,Yes,No,No,84.0,5100,4860,5100,69.5,1.095,1.110,1.800,1.815,0.990,5.110,2.500,No,No,No,69.2,1.095,1.110,1.800,1.815,0.990,5.110,1.375,No,No,No,41,41,94.0,100.0,No,No,32291,48158,37,70,99.0,100.0,No,No,1856,3315,0.0,2.4,2.4,0.000,0.366,62656,43669,0.0,0.0,0.0,0.000,0.000,35395,12253,82.1,76.0,93.0,83.0,0.850,20.463,20.449,20.477,83.550,41.975,60.555,17.525,78.284,3.000,20.491,67.731,46.239,100.000,140.000,1995.0,2200.2,1830.0,2227.1,1845.0,94.0,30.0,0.0,11.0,70.5,21.0,83.9,0.0,0.0,0.0,Yes,No,Yes,No,No,No,No,0,0,0,0,0,0,0,0,0,4,0,0,0,0,0,0,0,0,0,0,0,0,0,0,0,0,0,0,0,0,2415,5773,5541,357,16.0,69,0.297,46.257,600.0,2394.0,0.1,0.0,0.0,0.0,0.0,0.0,0.0,0.0,0.0,2,16190,2,No,No,No,No,No,No,No,No,16.704,68.277,100.0,0.000,24.1,120,0,0,8.5,119.7,159.6,100.1,75.9,84.8,73.5,119.6,161.2,88.2,85.0,85.8,84.7,8.35,10.09,6.06,5.25,11.81,13.53,7.42,0.94,7.99,0.36,1.00,1447,246,2.8,5.7,0,0,0.0,0.0,0,
11.6.2026,17:30:42.323,25902,22865,53.1,20189,12195,62.3,10.9,16384,1789,1.213,1.226,1.168,1.168,1.224,1.229,1.229,1.229,1.190,1.195,1.195,1.234,1.234,1.234,1.229,1.061,0.778,3990.2,4688.5,4489.0,4489.0,4489.0,4489.0,4489.0,3591.2,3591.2,3591.2,3591.2,3591.2,3591.2,3591.2,3591.2,99.8,3890.5,1163.4,2581.2,255.4,2358.4,177.2,2358.7,1770.2,3094.1,756.8,1802.5,389.3,1830.2,244.7,733.7,565.2,597.8,728.3,789.4,633.8,783.3,818.4,1265.2,27.5,58.2,5.8,52.9,1.0,52.2,38.6,68.7,15.6,40.9,7.3,41.5,4.1,22.3,15.7,17.0,21.0,22.6,17.6,22.7,25.2,68.7,27.5,100.0,50.3,101.1,10.2,92.6,7.0,92.1,68.8,121.0,29.7,70.4,15.4,71.7,9.8,41.3,32.1,34.0,40.7,44.1,35.7,43.7,45.4,50.3,40.0,47.0,45.0,45.0,45.0,45.0,45.0,36.0,36.0,36.0,36.0,36.0,36.0,36.0,36.0,39.0,71,75,71,77,74,71,70,70,70,70,70,70,70,70,70,29,25,29,23,26,29,30,30,30,30,30,30,30,30,30,81,77,No,No,No,No,No,No,No,No,No,No,No,No,No,No,No,No,No,No,No,No,No,No,No,No,No,No,No,No,No,No,Yes,Yes,Yes,Yes,Yes,Yes,Yes,Yes,Yes,Yes,Yes,Yes,Yes,Yes,Yes,No,No,Yes,81,79,68,1.100,45.563,43.107,35.838,0.002,5.657,0.743,175.0,165.0,175.0,175.0,0,0.0,0.0,28.6,58.3,5.7,53.6,4.0,52.8,39.5,69.2,16.9,41.8,8.7,42.4,5.5,23.4,17.1,18.3,22.2,23.6,19.0,23.9,25.2,47.9,37.3,41.3,15.1,18.3,52.0,53.1,54.0,48.9,43.1,62.7,67.1,58.9,58.8,60.2,10.3,0.0,0.0,0.1,0.0,0.0,0.0,18.6,29.6,33.9,12.0,6.6,18.6,13.8,11.4,0.1,0.0,0.0,0.3,0.0,0.4,0.0,2394.1,24.00,36,35,35,68,103,383,2,2,Yes,No,No,No,No,No,No,No,Yes,No,Yes,No,No,Yes,No,No,No,No,No,No,No,Yes,No,No,No,No,No,No,No,No,No,No,No,No,No,No,No,No,85.0,4980,4860,5100,69.5,1.095,1.110,1.800,1.800,0.990,5.110,1.250,No,No,No,69.2,1.095,1.110,1.800,1.815,0.990,5.110,1.500,No,No,No,41,41,94.0,100.0,No,No,32291,48158,37,70,99.0,100.0,No,No,1856,3315,0.2,0.8,1.1,0.008,0.033,62656,43669,0.1,0.0,0.1,0.580,0.000,35396,12253,82.4,76.0,92.8,83.0,0.875,20.454,20.438,20.469,83.378,45.574,65.284,17.638,83.168,3.000,20.611,81.275,48.045,100.000,140.000,2220.0,2200.2,1890.0,1984.5,1905.0,94.0,31.0,0.0,13.0,70.4,22.5,89.9,0.0,0.0,0.0,Yes,No,Yes,No,No,No,No,0,0,0,0,0,0,0,0,0,4,0,0,0,0,0,0,0,0,0,0,0,0,0,0,0,0,0,0,0,0,2420,5768,5537,357,16.0,68,0.300,44.988,600.0,2394.0,0.1,0.0,0.0,0.0,0.0,0.0,0.0,0.0,0.0,2,16190,2,No,No,No,No,No,No,No,No,16.704,68.277,100.0,0.000,24.1,118,0,0,7.7,117.7,140.8,100.4,44.6,58.8,41.6,117.6,158.6,77.8,56.6,63.7,54.8,8.50,9.98,6.99,6.91,17.06,24.12,8.24,0.26,8.16,0.34,0.76,1447,246,1.5,1.1,0,0,0.0,0.0,0,
11.6.2026,17:30:43.323,25906,22862,53.1,20194,12190,62.3,10.9,16384,1789,1.182,1.177,1.177,1.192,1.184,1.185,1.150,1.165,1.165,1.155,1.215,1.215,1.195,1.205,1.170,1.041,0.781,3762.2,4389.3,4389.3,4389.3,4389.3,4389.3,4389.3,3491.5,3491.5,3491.5,3491.5,1895.4,3491.5,3491.5,3491.5,99.8,3790.7,1153.9,2548.4,266.8,2345.2,150.9,2629.3,1567.8,3075.6,635.1,1744.5,345.4,1772.6,236.9,748.9,693.8,708.2,730.2,779.2,659.5,689.7,749.1,1262.5,28.9,59.4,6.4,54.6,3.8,60.2,35.1,70.4,14.8,41.6,8.1,42.2,5.7,22.9,21.7,21.7,22.5,24.0,20.0,21.3,22.4,70.4,28.9,100.0,50.1,99.9,10.6,92.2,6.0,102.7,59.8,120.7,25.1,68.4,13.7,69.7,9.4,42.1,39.1,39.9,41.1,43.5,37.5,38.6,42.4,50.1,37.7,44.0,44.0,44.0,44.0,44.0,44.0,35.0,35.0,35.0,35.0,19.0,35.0,35.0,35.0,38.0,70,73,70,73,71,71,69,69,69,69,69,68,68,68,68,30,27,30,27,29,29,31,31,31,31,31,32,32,32,32,81,73,No,No,No,No,No,No,No,No,No,No,No,No,No,No,No,No,No,No,No,No,No,No,No,No,No,No,No,No,No,No,Yes,Yes,Yes,Yes,Yes,Yes,Yes,Yes,Yes,Yes,Yes,Yes,Yes,Yes,Yes,No,No,Yes,81,73,68,1.100,41.344,46.381,39.068,0.002,5.672,0.746,175.0,170.0,175.0,175.0,0,0.0,0.0,28.8,58.7,6.1,54.5,3.4,60.1,35.7,70.3,14.5,41.4,7.9,42.0,5.4,22.6,21.4,21.4,22.2,23.9,19.7,21.1,23.3,55.1,36.6,41.1,13.0,18.7,53.0,53.2,72.6,68.3,69.4,72.9,69.8,70.8,74.1,58.2,3.4,0.0,0.0,0.2,0.0,0.0,0.0,2.3,7.5,6.5,2.5,4.0,6.8,2.5,15.3,0.0,0.0,0.0,0.1,0.0,0.0,0.0,2394.1,24.00,36,35,35,68,103,383,2,2,Yes,No,No,No,No,No,No,No,Yes,No,Yes,No,No,Yes,No,No,No,No,No,No,No,Yes,No,No,No,No,No,No,No,No,No,No,No,No,No,No,No,No,85.0,5100,4980,5040,69.5,1.095,1.110,1.800,1.815,1.005,5.110,1.625,No,No,No,69.2,1.095,1.110,1.800,1.815,1.005,5.110,1.375,No,No,No,41,41,94.0,100.0,No,No,32291,48158,37,70,99.0,100.0,No,No,1856,3315,0.2,0.4,0.6,0.007,0.019,62656,43669,0.2,0.0,0.2,1.344,0.000,35397,12253,82.2,76.0,93.4,83.0,0.875,20.465,20.450,20.479,83.475,34.328,63.035,16.544,79.847,3.000,19.506,13.706,44.657,100.000,140.000,2250.0,2200.2,1890.0,2027.5,1905.0,80.0,27.0,0.0,10.0,70.5,20.7,82.6,0.0,0.0,0.0,Yes,No,No,No,No,Yes,No,0,0,0,0,0,0,0,0,0,4,0,0,0,0,0,0,0,0,0,0,0,0,0,0,0,0,0,0,0,0,2419,5769,5538,357,16.0,68,0.300,45.991,600.0,2394.0,0.1,0.0,0.0,0.0,0.0,0.0,0.0,0.0,0.0,2,16190,2,No,No,No,No,No,No,No,No,16.704,68.277,100.0,0.000,24.1,119,0,0,17.3,120.0,140.4,104.0,102.6,103.0,102.5,120.2,145.8,102.8,101.8,102.2,101.7,8.33,9.59,7.12,7.09,9.69,9.75,8.02,0.31,7.99,0.34,0.60,1447,246,1.1,0.9,0,0,0.0,0.0,0,
11.6.2026,17:30:44.318,25904,22864,53.1,20198,12185,62.3,10.9,16384,1789,1.187,1.206,1.198,1.173,1.198,1.198,1.168,1.198,1.193,1.193,1.198,1.198,1.168,1.168,1.159,1.061,0.778,3712.3,4489.0,4489.0,4489.0,4489.0,4489.0,798.0,3591.2,3591.2,3591.2,3591.2,3591.2,3591.2,3591.2,3591.2,99.8,3890.5,1092.2,2511.2,232.6,2251.1,163.0,3125.6,835.2,3101.6,600.4,1565.7,366.6,1756.1,223.4,746.1,650.9,705.6,426.1,700.8,581.0,644.3,657.4,1203.8,27.1,58.1,5.4,51.9,5.3,70.9,20.1,70.0,13.6,37.0,8.5,41.2,5.2,22.8,19.4,21.6,13.3,21.1,17.6,19.1,19.9,70.9,27.1,100.0,47.3,99.0,9.2,88.6,6.4,121.7,34.5,121.4,23.4,61.3,14.5,68.8,8.9,41.9,36.8,39.5,24.6,39.3,33.2,36.2,37.1,47.3,37.2,45.0,45.0,45.0,45.0,45.0,8.0,36.0,36.0,36.0,36.0,36.0,36.0,36.0,36.0,39.0,71,73,71,77,74,71,70,70,70,70,70,69,69,69,69,29,27,29,23,26,29,30,30,30,30,30,31,31,31,31,82,77,No,No,No,No,No,No,No,No,No,No,No,No,No,No,No,No,No,No,No,No,No,No,No,No,No,No,No,No,No,No,Yes,Yes,Yes,Yes,Yes,Yes,Yes,Yes,Yes,Yes,Yes,Yes,Yes,Yes,Yes,No,No,Yes,82,74,68,1.100,41.344,43.930,36.717,0.002,5.625,0.713,175.0,175.0,175.0,175.0,0,0.0,0.0,26.9,57.7,5.2,51.9,3.7,70.6,18.8,70.1,13.6,37.1,8.3,41.3,5.0,22.8,19.5,21.9,13.3,21.1,17.8,19.2,20.0,47.6,37.1,43.2,15.1,19.2,56.0,53.7,63.9,65.0,59.8,22.9,69.8,51.3,66.6,43.4,12.3,0.0,0.0,0.2,0.0,0.0,0.0,10.0,12.1,14.8,59.5,6.2,26.4,11.0,32.1,0.0,0.0,0.0,0.0,0.0,0.0,0.0,2394.1,24.00,36,35,35,68,103,383,2,2,Yes,No,No,No,No,No,No,No,Yes,No,Yes,No,No,Yes,No,No,No,No,No,No,No,Yes,No,No,No,No,No,No,No,No,No,No,No,No,No,No,No,No,84.0,5100,5040,5100,69.5,1.095,1.110,1.800,1.815,1.005,5.110,2.625,No,No,No,69.2,1.095,1.110,1.800,1.815,1.005,5.110,1.125,No,No,No,41,41,94.0,100.0,No,No,32291,48158,37,70,99.0,100.0,No,No,1856,3315,0.3,1.8,2.1,0.032,0.049,62656,43669,0.0,0.0,0.0,0.000,0.000,35397,12253,81.5,76.0,92.1,83.0,0.875,20.536,20.527,20.545,81.992,35.321,48.248,14.390,62.950,3.000,17.353,53.894,47.411,100.000,140.000,2250.0,2200.2,1890.0,2200.2,1905.0,80.0,27.0,0.0,10.0,70.5,18.6,74.4,0.0,0.0,0.0,Yes,No,No,No,No,Yes,No,0,0,0,0,0,0,0,0,0,4,0,0,0,0,0,0,0,0,0,0,0,0,0,0,0,0,0,0,0,0,2417,5771,5539,357,16.0,69,0.300,42.091,600.0,2394.0,0.2,0.0,0.0,0.0,0.0,0.0,0.0,0.0,0.0,2,16190,2,No,No,No,No,No,No,No,No,16.703,68.277,100.0,0.000,24.1,119,0,0,7.9,118.5,141.4,102.8,51.7,65.9,48.6,118.7,174.2,76.6,67.3,70.5,66.4,8.44,9.76,7.10,6.66,15.20,20.56,7.15,1.30,8.06,0.38,0.78,1447,246,1.4,1.0,0,0,0.0,0.0,0,
11.6.2026,17:30:45.331,25835,22933,52.9,20167,12217,62.2,10.9,16384,1789,1.142,1.151,1.140,1.140,1.138,1.138,1.138,1.123,1.123,1.148,1.148,1.148,1.148,1.148,1.149,1.021,0.781,3833.5,4289.5,4289.5,4289.5,4289.5,4289.5,4289.5,3491.5,3491.5,3491.5,3491.5,3491.5,3491.5,3491.5,3491.5,99.8,3691.0,1157.8,2518.5,193.3,2261.2,92.5,2124.4,1911.5,3335.2,432.2,1842.1,299.5,1919.6,168.0,819.7,728.7,732.5,559.9,830.4,773.6,795.0,818.2,1246.2,29.0,58.5,4.7,52.4,2.4,48.6,43.5,75.7,10.0,43.2,7.1,45.1,4.1,24.7,22.2,22.0,17.3,25.0,23.5,24.4,25.1,75.7,29.0,100.0,50.7,99.4,7.7,89.2,3.7,83.2,74.4,130.6,17.0,72.4,11.9,75.1,6.8,46.3,41.2,41.7,31.8,46.6,43.9,44.7,46.1,50.7,38.4,43.0,43.0,43.0,43.0,43.0,43.0,35.0,35.0,35.0,35.0,35.0,35.0,35.0,35.0,37.0,71,73,73,75,74,70,71,70,70,70,70,70,70,70,70,29,27,27,25,26,30,29,30,30,30,30,30,30,30,30,81,75,No,No,No,No,No,No,No,No,No,No,No,No,No,No,No,No,No,No,No,No,No,No,No,No,No,No,No,No,No,No,Yes,Yes,Yes,Yes,Yes,Yes,Yes,Yes,Yes,Yes,Yes,Yes,Yes,Yes,Yes,No,No,Yes,82,77,68,1.100,37.126,45.354,38.019,0.002,5.670,0.740,175.0,175.0,175.0,175.0,0,0.0,0.0,28.8,58.0,4.4,52.3,2.1,48.2,43.4,75.5,9.9,43.1,6.8,45.0,3.8,24.6,22.0,21.8,17.3,24.9,23.5,24.3,25.0,48.2,37.5,43.8,14.8,17.8,50.3,50.0,64.9,61.0,59.7,28.9,68.7,54.3,66.3,57.4,9.2,0.0,0.1,0.1,0.0,0.0,0.0,7.5,13.6,15.1,50.1,3.9,18.3,6.5,13.9,0.3,0.0,0.0,0.0,0.0,1.0,0.9,2394.1,24.00,36,35,35,68,103,383,2,2,Yes,No,No,No,No,No,No,No,Yes,No,Yes,No,No,Yes,No,No,No,No,No,No,No,Yes,No,No,No,No,No,No,No,No,No,No,No,No,No,No,No,No,84.0,5160,5100,5100,69.5,1.095,1.110,1.800,1.815,1.005,5.110,1.500,No,No,No,69.2,1.095,1.110,1.800,1.815,1.005,5.110,1.500,No,No,No,41,41,94.0,100.0,No,No,32291,48158,36,70,99.0,100.0,No,No,1856,3315,1.9,2.1,4.0,1.234,0.333,62657,43670,0.1,0.1,0.1,0.258,0.004,35397,12253,82.5,76.0,92.9,83.0,0.875,20.469,20.454,20.483,81.525,33.752,61.797,16.281,78.369,3.000,19.253,11.344,46.219,100.000,140.000,2250.0,2200.2,1890.0,2223.2,1905.0,82.0,27.0,0.0,11.0,70.3,19.1,76.5,0.0,0.0,0.0,Yes,No,No,No,No,Yes,No,0,0,0,0,0,0,0,0,0,4,0,0,0,0,0,0,0,0,0,0,0,0,0,0,0,0,0,0,0,0,2431,5757,5526,357,16.0,68,0.297,46.434,600.0,2394.0,0.2,0.0,0.0,0.0,0.0,0.0,0.0,0.0,0.0,2,16190,2,No,No,No,No,No,No,No,No,16.703,68.277,100.0,0.000,24.1,116,0,0,8.7,116.4,142.3,87.2,29.9,41.8,27.6,116.3,164.4,71.5,32.9,42.9,30.8,8.59,11.40,7.05,6.12,23.89,36.27,7.18,1.42,8.25,0.34,1.39,1447,246,1.1,0.7,0,0,0.0,0.0,0,
11.6.2026,17:30:46.330,25749,23019,52.7,20112,12271,62.1,10.9,16384,1789,1.187,1.206,1.212,1.202,1.217,1.162,1.177,1.179,1.184,1.179,1.184,1.179,1.184,1.179,1.179,1.041,0.778,3876.2,4389.3,4389.3,4389.3,4389.3,4389.3,4389.3,3491.5,3491.5,3491.5,3491.5,3491.5,3491.5,3491.5,3491.5,99.8,3790.7,1227.9,2548.3,184.4,2399.8,129.3,2239.1,1748.8,2973.0,712.4,1889.1,280.6,2009.8,198.2,965.1,864.4,928.9,801.4,971.9,876.1,894.7,941.8,1304.5,32.8,61.5,3.2,57.6,1.9,52.9,41.1,70.2,15.8,45.7,5.4,48.7,3.4,32.7,29.0,31.7,27.2,33.7,30.4,30.8,32.8,70.2,32.8,100.0,55.0,101.6,7.4,95.3,5.2,88.4,69.0,117.4,28.4,74.5,11.1,79.5,7.8,54.7,49.5,52.7,45.6,55.5,50.4,51.3,53.5,55.0,38.9,44.0,44.0,44.0,44.0,44.0,44.0,35.0,35.0,35.0,35.0,35.0,35.0,35.0,35.0,38.0,70,71,71,74,71,74,69,69,69,69,69,70,70,70,70,30,29,29,26,29,26,31,31,31,31,31,30,30,30,30,81,74,No,No,No,No,No,No,No,No,No,No,No,No,No,No,No,No,No,No,No,No,No,No,No,No,No,No,No,No,No,No,Yes,Yes,Yes,Yes,Yes,Yes,Yes,Yes,Yes,Yes,Yes,Yes,Yes,Yes,Yes,No,No,Yes,82,73,68,1.100,21.094,45.679,38.360,0.002,5.703,0.768,175.0,175.0,175.0,175.0,0,0.0,0.0,32.4,60.4,4.3,56.9,3.0,52.2,41.1,69.4,16.6,45.3,6.6,48.1,4.6,31.7,27.7,30.7,26.2,32.3,29.0,29.4,31.7,46.2,34.2,38.1,14.2,16.3,48.9,47.2,59.8,63.3,54.1,52.1,58.1,56.4,56.6,47.6,5.8,0.0,0.0,0.6,0.3,0.0,0.0,4.9,5.2,10.9,18.1,5.4,10.2,9.6,16.0,0.0,0.0,0.0,0.1,0.0,0.1,0.0,2394.1,24.00,36,35,35,68,103,383,2,2,Yes,No,No,No,No,No,No,No,Yes,No,No,No,No,Yes,No,No,No,No,No,No,No,Yes,No,No,No,No,No,No,No,No,No,No,No,No,No,No,No,No,86.0,5100,5160,5100,69.5,1.095,1.110,1.800,1.815,1.005,5.110,2.250,No,No,No,69.2,1.095,1.110,1.800,1.815,1.005,5.110,1.625,No,No,No,41,41,94.0,100.0,No,No,32291,48158,36,70,99.0,100.0,No,No,1856,3315,1.5,1.5,2.9,0.407,0.174,62657,43670,0.0,0.1,0.1,0.000,0.032,35397,12253,82.6,76.0,93.4,83.0,0.875,20.472,20.457,20.487,82.926,34.658,64.687,16.672,81.639,3.000,19.646,11.617,45.346,100.000,140.000,2250.0,2200.2,1890.0,2221.5,1905.0,81.0,27.0,0.0,11.0,70.1,19.2,76.8,0.0,0.0,0.0,Yes,No,No,No,No,Yes,No,0,0,0,0,0,0,0,0,0,4,0,0,0,0,0,0,0,0,0,0,0,0,0,0,0,0,0,0,0,0,2449,5739,5508,357,16.0,69,0.297,45.530,600.0,2394.0,0.1,0.0,0.0,0.0,0.0,0.0,0.0,0.0,0.0,2,16190,2,No,No,No,No,No,No,No,No,16.704,68.277,100.0,0.000,24.1,119,0,0,8.8,119.4,145.6,86.9,82.5,83.1,82.2,119.5,162.2,94.3,91.1,92.4,90.8,8.38,11.52,6.95,6.81,12.02,12.12,7.20,1.17,8.02,0.36,0.90,1447,246,1.9,1.0,0,0,0.0,0.0,0,
11.6.2026,17:30:47.325,25747,23021,52.7,20115,12269,62.1,10.9,16384,1788,1.194,1.214,1.182,1.152,1.177,1.177,1.162,1.217,1.202,1.217,1.222,1.202,1.202,1.217,1.172,1.061,0.778,3968.9,4489.0,4489.0,4489.0,4489.0,4489.0,4489.0,3591.2,3591.2,3591.2,3591.2,3591.2,3591.2,3591.2,3491.5,99.8,3890.5,1073.5,2411.6,155.7,2320.4,57.6,3179.2,557.3,3453.0,275.4,1729.9,210.2,1945.2,169.8,750.5,610.7,645.5,394.2,679.6,560.2,639.8,723.3,1179.1,26.9,55.8,5.0,53.6,1.3,72.4,13.8,78.1,7.6,40.7,6.3,45.3,5.4,23.3,18.5,20.1,12.1,20.5,16.7,19.6,22.8,78.1,26.9,100.0,46.4,95.3,6.2,91.1,2.4,123.6,21.9,134.9,11.1,67.9,8.6,75.9,7.0,42.0,34.4,36.3,22.8,38.3,31.8,36.0,40.6,46.4,39.8,45.0,45.0,45.0,45.0,45.0,45.0,36.0,36.0,36.0,36.0,36.0,36.0,36.0,35.0,39.0,71,74,74,75,74,71,71,69,69,69,69,70,68,68,68,29,26,26,25,26,29,29,31,31,31,31,30,32,32,32,81,75,No,No,No,No,No,No,No,No,No,No,No,No,No,No,No,No,No,No,No,No,No,No,No,No,No,No,No,No,No,No,Yes,Yes,Yes,Yes,Yes,Yes,Yes,Yes,Yes,Yes,Yes,Yes,Yes,Yes,Yes,No,No,Yes,81,76,69,1.100,32.907,44.920,37.626,0.002,5.636,0.731,175.0,175.0,175.0,175.0,0,0.0,0.0,26.6,55.6,3.5,53.6,1.3,72.1,12.5,78.2,6.2,40.7,4.7,45.3,3.8,23.3,18.5,20.1,12.1,20.5,16.8,19.7,22.8,51.0,40.1,43.3,19.9,17.3,55.3,49.6,68.8,65.3,64.4,32.9,67.6,58.7,69.1,61.2,9.5,0.0,0.0,0.0,0.0,0.0,0.0,5.2,13.2,12.4,51.6,9.2,21.0,8.3,12.8,0.2,0.0,0.0,0.0,0.0,0.0,1.0,2394.1,24.00,36,35,35,68,103,383,2,2,Yes,No,No,No,No,No,No,No,Yes,No,Yes,No,No,No,No,No,No,No,No,No,No,No,No,No,No,No,No,No,No,No,No,No,No,No,No,No,No,No,84.0,5100,5220,5160,69.5,1.095,1.110,1.800,1.815,1.005,5.110,1.625,No,No,No,69.2,1.095,1.110,1.800,1.815,1.005,5.110,1.750,No,No,No,41,41,94.0,100.0,No,No,32291,48158,37,70,99.0,100.0,No,No,1856,3315,0.4,0.6,1.0,0.145,0.029,62657,43670,0.0,0.0,0.0,0.000,0.000,35397,12253,82.1,74.0,93.0,83.0,0.875,20.473,20.459,20.487,82.204,46.353,63.437,16.449,80.166,3.000,19.416,93.092,48.910,100.000,140.000,2250.0,2200.2,1890.0,2223.1,1905.0,81.0,27.0,0.0,11.0,70.1,18.8,75.3,0.0,0.0,0.0,Yes,No,No,No,No,Yes,No,0,0,0,0,0,0,0,0,0,4,0,0,0,0,0,0,0,0,0,0,0,0,0,0,0,0,0,0,0,0,2448,5740,5508,357,16.0,68,0.297,46.413,600.0,2394.0,0.1,0.0,0.0,0.0,0.0,0.0,0.0,0.0,0.0,2,16190,2,No,No,No,No,No,No,No,No,16.703,68.277,100.0,0.000,24.1,118,0,0,8.3,117.7,158.4,51.8,45.9,46.7,45.7,117.6,195.3,53.7,47.6,48.9,47.3,8.50,19.33,6.27,4.54,21.44,21.93,7.16,1.34,8.15,0.35,1.29,1447,246,2.2,0.9,0,0,0.0,0.0,0,
11.6.2026,17:30:48.323,25752,23015,52.8,20123,12260,62.1,10.9,16384,1788,1.212,1.224,1.201,1.201,1.206,1.214,1.201,1.201,1.201,1.226,1.231,1.226,1.211,1.216,1.216,1.061,0.778,3983.1,4489.0,4489.0,4489.0,4588.8,4489.0,4489.0,3591.2,3591.2,3591.2,3591.2,3591.2,3591.2,3591.2,3591.2,99.8,3890.5,1082.2,2391.9,153.1,2345.3,109.9,3038.2,780.3,3369.2,387.7,1728.0,279.0,1797.9,243.8,750.7,624.0,568.1,415.6,709.4,568.1,680.5,703.8,1186.4,25.9,54.9,2.3,53.4,2.8,68.5,16.4,75.9,7.4,39.8,5.1,41.3,4.3,21.9,18.1,16.2,11.9,20.6,16.2,20.3,21.3,75.9,25.9,100.0,46.7,94.6,6.1,92.0,4.3,118.2,30.5,131.7,15.1,67.6,11.1,70.3,9.7,41.8,35.2,32.1,23.8,39.4,32.2,38.1,39.4,46.6,39.9,45.0,45.0,45.0,46.0,45.0,45.0,36.0,36.0,36.0,36.0,36.0,36.0,36.0,36.0,39.0,70,74,73,75,72,70,69,70,70,69,69,69,69,69,69,30,26,27,25,28,30,31,30,30,31,31,31,31,31,31,82,75,No,No,No,No,No,No,No,No,No,No,No,No,No,No,No,No,No,No,No,No,No,No,No,No,No,No,No,No,No,No,Yes,Yes,Yes,Yes,Yes,Yes,Yes,Yes,Yes,Yes,Yes,Yes,Yes,Yes,Yes,No,No,Yes,81,75,68,1.100,32.907,45.304,38.117,0.003,5.614,0.720,175.0,175.0,175.0,175.0,0,0.0,0.0,26.8,55.2,3.4,54.0,2.5,68.7,17.5,76.1,8.7,40.7,6.3,42.1,5.5,22.9,19.3,17.4,13.2,21.7,17.5,21.4,22.4,48.6,40.7,42.2,18.7,17.9,54.1,52.5,69.2,55.8,50.5,29.7,71.3,56.9,71.1,49.3,11.7,0.0,0.0,0.0,0.0,0.0,0.0,5.3,21.1,28.5,53.2,4.6,21.7,4.9,24.2,0.0,0.0,0.0,0.0,0.0,0.0,0.0,2394.1,24.00,36,35,35,68,103,383,2,2,Yes,No,No,No,No,No,No,No,Yes,No,Yes,No,No,Yes,No,No,No,No,No,No,No,Yes,No,No,No,No,No,No,No,No,No,No,No,No,No,No,No,No,85.0,5040,5220,5160,69.5,1.095,1.110,1.800,1.800,1.005,5.110,2.125,No,No,No,69.2,1.095,1.110,1.800,1.800,1.005,5.110,1.875,No,No,No,41,41,94.0,100.0,No,No,32291,48158,37,70,99.0,100.0,No,No,1856,3315,0.0,1.2,1.2,0.000,0.050,62657,43670,0.2,0.0,0.2,1.423,0.000,35398,12253,83.0,76.0,93.7,83.0,0.820,20.432,20.415,20.449,83.102,44.883,70.314,17.475,88.074,3.000,20.457,61.117,53.744,100.000,140.000,1905.0,2200.2,1770.0,2221.5,1770.0,78.0,26.0,0.0,10.0,70.1,19.5,78.2,0.0,0.0,0.0,Yes,No,Yes,No,No,No,No,0,0,0,0,0,0,0,0,0,4,0,0,0,0,0,0,0,0,0,0,0,0,0,0,0,0,0,0,0,0,2448,5740,5508,355,16.0,68,0.297,42.959,600.0,2394.0,0.2,0.0,0.0,0.0,0.0,0.0,0.0,0.0,0.0,2,16190,2,No,No,No,No,No,No,No,No,16.704,68.277,100.0,0.000,24.1,119,0,0,8.3,119.4,136.1,103.0,66.8,78.8,63.9,119.2,149.8,96.7,74.4,82.5,72.3,8.38,9.73,7.19,6.49,12.66,15.55,7.16,1.22,8.01,0.37,0.75,1447,246,1.6,1.2,0,0,0.0,0.0,0,
11.6.2026,17:30:49.321,25757,23011,52.8,20136,12247,62.1,10.9,16384,1788,1.184,1.191,1.151,1.146,1.141,1.164,1.214,1.174,1.184,1.219,1.184,1.214,1.199,1.164,1.224,1.061,0.781,3712.3,4489.0,4489.0,4489.0,4489.0,4489.0,798.0,3591.2,3591.2,3591.2,3591.2,3591.2,3591.2,3591.2,3591.2,99.8,3890.5,1097.7,2512.0,275.5,2384.2,137.4,2564.1,1567.2,2795.1,787.8,1705.0,398.5,1834.7,238.6,698.8,546.5,543.3,531.8,660.9,560.8,586.8,623.8,1220.0,26.9,57.7,6.4,54.9,1.8,58.0,35.4,63.0,18.1,40.1,9.2,42.9,5.6,21.3,16.6,16.5,16.0,20.5,17.3,17.8,19.2,63.0,26.9,100.0,47.1,98.7,10.9,93.2,5.5,99.7,61.0,109.4,31.1,66.6,15.7,71.8,9.5,39.1,31.1,30.8,30.2,37.2,31.7,33.1,35.1,47.1,37.2,45.0,45.0,45.0,45.0,45.0,8.0,36.0,36.0,36.0,36.0,36.0,36.0,36.0,36.0,39.0,70,74,71,75,72,71,70,69,69,69,69,68,68,68,68,30,26,29,25,28,29,30,31,31,31,31,32,32,32,32,81,75,No,No,No,No,No,No,No,No,No,No,No,No,No,No,No,No,No,No,No,No,No,No,No,No,No,No,No,No,No,No,Yes,Yes,Yes,Yes,Yes,Yes,Yes,Yes,Yes,Yes,Yes,Yes,Yes,Yes,Yes,No,No,Yes,82,76,69,1.100,45.563,41.016,33.761,0.002,5.647,0.745,175.0,175.0,175.0,175.0,0,0.0,0.0,26.8,57.3,6.2,54.8,3.1,57.7,35.3,63.0,17.8,40.0,9.0,42.8,5.4,21.1,16.5,16.4,15.9,20.3,17.2,17.7,19.1,41.2,37.5,41.6,17.1,23.9,54.3,53.5,55.2,37.7,39.3,34.9,51.6,39.7,54.5,36.4,19.4,0.0,0.0,0.0,0.0,0.0,0.0,20.0,40.9,39.5,44.7,24.1,38.5,24.0,39.9,0.0,0.0,0.0,0.0,0.0,0.2,0.0,2394.1,24.00,36,35,35,68,103,383,2,2,Yes,No,No,No,No,No,No,No,Yes,No,Yes,No,No,Yes,No,No,No,No,No,No,No,Yes,No,No,No,No,No,No,No,No,No,No,No,No,No,No,No,No,85.0,5160,5160,5100,69.5,1.095,1.110,1.800,1.800,1.005,5.110,2.250,No,No,No,69.2,1.095,1.110,1.800,1.800,1.005,5.110,2.000,No,No,No,41,41,94.0,100.0,No,No,32291,48158,37,70,99.0,100.0,No,No,1856,3315,0.2,1.8,2.1,0.004,0.071,62657,43670,0.0,0.0,0.0,0.000,0.000,35398,12253,82.5,76.0,93.5,83.0,0.850,20.455,20.439,20.471,82.101,44.855,64.791,18.129,83.132,3.000,21.106,74.258,49.566,100.000,140.000,1995.0,2200.2,1830.0,2036.9,1830.0,98.0,32.0,0.0,13.0,70.1,23.5,94.1,0.0,0.0,0.0,Yes,No,Yes,No,No,No,No,0,0,0,0,0,0,0,0,0,4,0,0,0,0,0,0,0,0,0,0,0,0,0,0,0,0,0,0,0,0,2448,5740,5508,355,16.0,69,0.300,43.022,600.0,2394.0,0.1,0.0,0.0,0.0,0.0,0.0,0.0,0.0,0.0,2,16190,2,No,No,No,No,No,No,No,No,16.704,68.277,100.0,0.000,24.1,116,0,0,8.5,115.4,136.6,81.5,35.4,46.9,33.1,114.7,137.9,77.7,38.5,48.9,36.2,8.67,12.29,7.17,5.04,21.44,30.51,8.37,0.35,8.33,0.34,0.98,1447,246,1.3,0.8,0,0,0.0,0.0,0,
11.6.2026,17:30:50.316,25768,23000,52.8,20136,12248,62.1,10.9,16384,1788,1.167,1.233,1.228,1.173,1.223,1.173,1.173,1.146,1.146,1.116,1.131,1.136,1.156,1.151,1.161,1.061,0.778,3976.0,4489.0,4489.0,4489.0,4489.0,4489.0,4489.0,3591.2,3591.2,3591.2,3591.2,3591.2,3591.2,3591.2,3591.2,99.8,3890.5,1195.9,2581.8,526.4,2348.2,305.0,2691.0,1532.7,2678.7,1109.7,1741.7,634.4,1682.7,694.9,784.1,635.9,624.9,569.1,733.2,653.1,731.8,658.5,1321.3,29.0,58.9,12.0,53.8,8.5,60.4,34.4,60.0,24.9,40.5,14.7,39.1,16.0,23.2,18.7,18.1,16.6,21.5,18.9,21.4,19.6,60.4,29.0,100.0,51.4,101.3,20.6,91.7,12.0,104.7,59.6,104.8,43.3,67.7,24.8,65.6,27.0,43.6,36.1,35.5,32.3,41.2,37.0,41.1,37.1,51.4,39.9,45.0,45.0,45.0,45.0,45.0,45.0,36.0,36.0,36.0,36.0,36.0,36.0,36.0,36.0,39.0,71,74,74,77,74,72,73,69,69,69,69,70,70,70,70,29,26,26,23,26,28,27,31,31,31,31,30,30,30,30,82,77,No,No,No,No,No,No,No,No,No,No,No,No,No,No,No,No,No,No,No,No,No,No,No,No,No,No,No,No,No,No,Yes,Yes,Yes,Yes,Yes,Yes,Yes,Yes,Yes,Yes,Yes,Yes,Yes,Yes,Yes,No,No,Yes,81,75,68,1.100,25.313,51.122,43.828,0.002,5.684,0.756,175.0,175.0,175.0,175.0,0,0.0,0.0,28.9,58.4,11.8,53.8,6.8,60.1,34.2,59.9,24.8,40.4,14.5,39.0,15.9,23.1,18.7,18.1,16.6,21.5,18.9,21.4,19.7,34.3,34.8,41.1,16.7,22.4,51.0,50.0,47.9,22.2,30.0,21.7,38.9,31.0,47.4,25.6,23.8,0.0,0.0,0.0,0.0,0.0,0.0,24.6,53.0,46.0,55.8,34.4,44.5,26.5,48.8,0.0,0.0,0.0,0.0,0.0,0.0,0.0,2394.1,24.00,36,35,35,68,103,383,2,2,Yes,No,No,No,No,No,No,No,Yes,No,Yes,No,No,Yes,No,No,No,No,No,No,No,Yes,No,No,No,No,No,Yes,No,No,No,No,No,No,No,Yes,No,No,85.0,5160,5160,5100,69.5,1.095,1.110,1.800,1.800,1.005,5.110,3.000,No,No,No,69.2,1.095,1.110,1.800,1.800,1.005,5.110,1.375,No,No,No,41,41,94.0,100.0,No,No,32291,48158,37,70,99.0,100.0,No,No,1856,3315,0.1,0.9,1.0,0.008,0.027,62657,43670,0.0,0.0,0.0,0.000,0.000,35398,12253,73.1,76.0,78.5,83.0,0.875,20.571,20.567,20.575,78.780,19.179,34.215,13.039,47.466,3.000,16.014,9.896,10.625,100.000,140.000,2250.0,2200.2,1890.0,1971.5,1905.0,49.0,19.0,0.0,6.0,68.8,18.4,73.5,0.0,0.0,0.0,Yes,No,No,No,No,Yes,No,0,0,0,0,0,0,0,0,0,4,0,0,0,0,0,0,0,0,0,0,0,0,0,0,0,0,0,0,0,0,2557,5631,5384,355,16.0,68,0.297,49.893,600.0,2394.0,0.1,0.0,0.0,0.0,0.0,0.0,0.0,0.0,0.0,2,16190,2,No,No,No,No,No,No,No,No,16.703,68.277,100.0,0.000,24.1,116,0,0,8.5,115.6,189.2,75.6,74.0,74.3,73.9,116.4,204.6,76.7,56.7,63.9,54.9,8.65,13.37,5.23,4.44,13.56,13.60,8.42,0.17,8.31,0.34,0.87,1447,246,1.6,1.7,0,0,0.0,0.0,0,
11.6.2026,17:30:51.316,25533,23235,52.3,20111,12273,62.1,10.9,16384,1788,1.169,1.139,1.169,1.163,1.185,1.170,1.190,1.205,1.225,1.224,1.146,1.121,1.126,1.126,1.172,1.041,0.781,3876.2,4389.3,4389.3,4389.3,4389.3,4389.3,4389.3,3491.5,3491.5,3491.5,3491.5,3491.5,3491.5,3491.5,3491.5,99.8,3790.7,1265.1,2354.5,1057.9,1929.6,861.4,2382.8,2052.7,2333.0,1970.7,1302.7,1079.7,1226.6,1329.5,723.3,658.3,641.8,703.7,670.9,643.6,682.0,697.6,1413.0,31.0,54.4,24.2,44.6,19.9,53.7,46.5,53.1,44.8,30.6,25.4,28.7,31.0,22.0,19.7,19.1,22.0,19.7,19.4,20.6,21.3,54.4,31.0,100.0,54.0,92.3,41.4,75.3,33.7,92.8,79.5,91.0,76.7,50.8,42.1,47.7,52.0,41.0,37.4,36.3,39.4,37.8,36.3,38.4,39.0,54.0,38.9,44.0,44.0,44.0,44.0,44.0,44.0,35.0,35.0,35.0,35.0,35.0,35.0,35.0,35.0,38.0,70,76,71,75,71,70,70,69,69,69,69,68,68,68,68,30,24,29,25,29,30,30,31,31,31,31,32,32,32,32,82,76,No,No,No,No,No,No,No,No,No,No,No,No,No,No,No,No,No,No,No,No,No,No,No,No,No,No,No,No,No,No,Yes,Yes,Yes,Yes,Yes,Yes,Yes,Yes,Yes,Yes,Yes,Yes,Yes,Yes,Yes,No,No,Yes,82,74,68,1.100,56.532,46.976,39.764,0.002,5.659,0.760,175.0,175.0,175.0,175.0,0,0.0,0.0,30.9,53.9,24.0,44.5,19.8,53.7,46.5,52.7,44.6,30.5,25.2,28.6,30.8,21.9,19.7,19.1,22.1,19.8,19.3,20.5,21.3,20.7,33.9,45.3,15.2,15.1,52.0,48.1,16.3,9.2,6.0,7.5,10.9,7.7,16.6,6.6,35.9,0.0,0.0,0.0,0.2,0.0,0.0,54.8,64.5,68.2,63.6,62.3,66.3,56.6,65.5,0.6,0.0,0.0,0.0,0.0,1.5,2.0,2394.1,24.00,36,35,35,68,103,383,2,2,Yes,No,No,No,No,No,No,No,Yes,No,Yes,No,No,Yes,No,No,No,No,No,No,No,Yes,No,No,No,No,No,No,No,No,No,No,No,No,No,No,No,No,85.0,5100,5220,5160,69.5,1.110,1.110,1.800,1.800,1.005,5.110,1.625,No,No,No,69.2,1.110,1.110,1.800,1.800,1.005,5.110,1.125,No,No,No,41,41,94.0,100.0,No,No,32291,48158,36,70,99.0,100.0,No,No,1856,3315,0.0,1.2,1.2,0.000,0.245,62657,43670,0.0,0.1,0.1,0.000,0.020,35398,12253,76.7,76.0,84.2,83.0,0.875,20.497,20.488,20.507,64.528,33.934,48.393,15.407,64.023,3.000,18.372,51.537,36.803,100.000,140.000,2250.0,2200.2,1890.0,2203.6,1905.0,65.0,24.0,0.0,9.0,67.9,15.1,60.3,0.0,0.0,0.0,Yes,No,No,No,No,Yes,No,0,0,0,0,0,0,0,0,0,4,0,0,0,0,0,0,0,0,0,0,0,0,0,0,0,0,0,0,0,0,2630,5558,5326,355,16.0,68,0.297,47.553,600.0,2394.0,0.2,0.0,0.0,0.0,0.0,0.0,0.0,0.0,0.0,2,16190,2,No,No,No,No,No,No,No,No,16.704,68.277,100.0,0.000,24.1,114,0,0,9.2,113.8,137.3,98.2,18.2,28.3,16.6,113.8,148.0,98.5,18.0,28.0,16.3,8.78,10.17,7.28,7.15,35.32,60.36,5.77,3.02,8.46,0.32,1.53,1447,246,1.7,1.0,0,0,0.0,0.0,0,
11.6.2026,17:30:52.328,25551,23216,52.3,20122,12262,62.1,10.9,16384,1788,1.171,1.248,1.182,1.187,1.182,1.152,1.152,1.162,1.164,1.164,1.154,1.159,1.168,1.168,1.159,1.061,0.781,3976.0,4489.0,4489.0,4489.0,4489.0,4489.0,4489.0,3591.2,3591.2,3591.2,3591.2,3591.2,3591.2,3591.2,3591.2,99.8,3890.5,1288.0,2227.5,1157.3,1698.6,1165.6,1727.6,2481.8,1987.1,2478.5,1283.9,1333.1,1222.0,1430.7,728.9,670.2,695.4,629.1,723.9,688.7,700.0,730.7,1432.3,31.7,52.0,26.6,39.4,27.3,39.3,56.8,45.3,56.6,30.0,31.1,28.6,33.3,21.9,20.0,20.7,18.6,21.9,20.7,20.7,22.6,56.8,31.7,100.0,55.0,87.5,45.3,66.1,45.6,67.5,96.5,77.5,96.2,49.8,51.7,47.6,55.6,40.8,37.6,39.1,35.7,40.7,38.5,39.3,40.9,55.0,39.9,45.0,45.0,45.0,45.0,45.0,45.0,36.0,36.0,36.0,36.0,36.0,36.0,36.0,36.0,39.0,71,74,73,75,77,72,73,69,69,69,69,68,69,69,69,29,26,27,25,23,28,27,31,31,31,31,32,31,31,31,81,77,No,No,No,No,No,No,No,No,No,No,No,No,No,No,No,No,No,No,No,No,No,No,No,No,No,No,No,No,No,No,Yes,Yes,Yes,Yes,Yes,Yes,Yes,Yes,Yes,Yes,Yes,Yes,Yes,Yes,Yes,No,No,Yes,82,73,68,1.100,44.719,42.054,34.856,0.002,5.673,0.771,175.0,175.0,175.0,175.0,0,0.0,0.0,31.7,51.7,26.5,39.3,27.3,39.3,56.7,45.2,56.5,30.0,31.2,28.6,33.3,22.0,20.2,20.8,18.7,22.0,20.9,20.9,22.6,18.9,34.1,43.5,17.1,12.9,47.9,47.2,17.3,5.5,3.3,4.4,12.2,4.4,12.5,2.0,36.7,0.0,0.0,0.1,0.1,0.0,0.0,54.1,67.3,68.4,69.3,58.7,67.7,59.6,68.2,0.2,0.0,0.1,0.0,0.0,0.6,0.3,2394.1,24.00,36,35,35,68,103,383,2,2,Yes,No,No,No,No,No,No,No,Yes,No,Yes,No,No,Yes,No,No,No,No,No,No,No,Yes,No,No,No,No,No,No,No,No,No,No,No,No,No,No,No,No,85.0,5100,5160,5160,69.5,1.110,1.110,1.800,1.800,1.005,5.110,1.250,No,No,No,69.2,1.110,1.110,1.800,1.800,1.005,5.110,2.125,No,No,No,41,41,94.0,100.0,No,No,32291,48158,37,70,99.0,100.0,No,No,1856,3315,0.0,0.9,0.9,0.000,0.013,62657,43670,0.0,0.0,0.0,0.000,0.000,35398,12253,76.8,76.0,84.8,83.0,0.875,20.490,20.481,20.499,66.017,38.468,48.112,15.340,63.671,3.000,18.317,84.765,36.073,100.000,140.000,2250.0,2200.2,1890.0,2227.0,1905.0,65.0,24.0,0.0,9.0,67.9,14.9,59.5,0.0,0.0,0.0,Yes,No,No,No,No,Yes,No,0,0,0,0,0,0,0,0,0,4,0,0,0,0,0,0,0,0,0,0,0,0,0,0,0,0,0,0,0,0,2630,5558,5326,355,16.0,68,0.300,39.279,600.0,2394.0,0.1,0.0,0.0,0.0,0.0,0.0,0.0,0.0,0.0,2,16190,2,No,No,No,No,No,No,No,No,16.704,68.277,100.0,0.000,24.1,118,0,0,7.8,117.7,135.9,66.0,50.4,55.1,49.2,117.7,150.1,59.0,55.5,55.5,55.5,8.50,15.15,7.35,7.11,18.17,20.35,5.83,2.66,8.18,0.32,0.96,1447,246,2.0,1.2,0,0,0.0,0.0,0,
11.6.2026,17:30:53.324,25535,23233,52.3,20110,12274,62.0,10.9,16384,1788,1.194,1.220,1.265,1.240,1.228,1.163,1.223,1.205,1.200,1.171,1.161,1.161,1.161,1.161,1.156,1.061,0.778,3976.0,4489.0,4489.0,4489.0,4489.0,4489.0,4489.0,3591.2,3591.2,3591.2,3591.2,3591.2,3591.2,3591.2,3591.2,99.8,3890.5,1301.8,2201.6,1331.6,1720.9,1127.3,1612.1,2612.1,2029.6,2572.4,1161.4,1377.6,1147.4,1608.6,687.5,658.7,677.1,675.6,759.1,617.5,704.1,754.4,1450.1,31.8,50.9,30.4,39.7,26.2,36.5,59.3,46.0,58.3,27.1,32.0,26.7,37.2,20.6,19.8,20.8,19.9,23.0,18.2,21.2,23.1,59.3,31.8,100.0,55.5,86.4,52.0,66.9,44.1,63.2,101.7,79.1,99.7,45.3,53.4,44.7,62.6,38.8,37.2,38.1,37.9,42.6,34.8,39.8,42.2,55.5,39.9,45.0,45.0,45.0,45.0,45.0,45.0,36.0,36.0,36.0,36.0,36.0,36.0,36.0,36.0,39.0,70,74,71,75,75,71,71,68,68,68,69,68,68,68,68,30,26,29,25,25,29,29,32,32,32,31,32,32,32,32,81,75,No,No,No,No,No,No,No,No,No,No,No,No,No,No,No,No,No,No,No,No,No,No,No,No,No,No,No,No,No,No,Yes,Yes,Yes,Yes,Yes,Yes,Yes,Yes,Yes,Yes,Yes,Yes,Yes,Yes,Yes,No,No,Yes,82,75,68,1.100,43.876,42.595,35.349,0.002,5.698,0.776,175.0,175.0,175.0,175.0,0,0.0,0.0,31.8,50.4,30.3,39.6,26.1,36.4,59.2,45.8,58.2,26.9,32.0,26.6,37.1,20.5,19.9,20.8,20.0,23.1,18.4,21.2,23.0,19.6,32.8,44.0,17.4,11.4,51.0,46.2,13.7,10.0,7.9,6.9,10.0,4.5,13.1,5.5,36.0,0.0,0.0,0.0,0.0,0.0,0.0,58.8,62.7,63.9,65.9,59.5,69.6,58.5,64.7,0.1,0.0,0.4,0.0,0.0,0.1,0.1,2394.1,24.00,36,35,35,68,103,383,2,2,Yes,No,No,No,No,No,No,No,Yes,No,Yes,No,No,Yes,No,No,No,No,No,No,No,Yes,No,No,No,No,No,No,No,No,No,No,No,No,No,No,No,No,85.0,5100,5040,5160,69.5,1.110,1.110,1.815,1.800,1.005,5.110,1.250,No,No,No,69.2,1.110,1.110,1.800,1.800,1.005,5.110,2.000,No,No,No,41,41,94.0,100.0,No,No,32291,48158,36,70,99.0,100.0,No,No,1856,3315,0.0,2.2,2.2,0.000,0.063,62657,43670,0.1,0.0,0.1,0.258,0.000,35399,12253,77.7,74.0,86.4,83.0,0.875,20.494,20.485,20.503,66.923,28.323,49.356,15.384,64.954,3.000,18.346,10.390,36.829,100.000,140.000,2250.0,2200.2,1890.0,2226.7,1905.0,67.0,24.0,0.0,9.0,67.9,15.4,61.6,0.0,0.0,0.0,Yes,No,No,No,No,Yes,No,0,0,0,0,0,0,0,0,0,4,0,0,0,0,0,0,0,0,0,0,0,0,0,0,0,0,0,0,0,0,2630,5558,5327,355,16.0,69,0.297,46.691,600.0,2394.0,0.2,0.0,0.0,0.0,0.0,0.0,0.0,0.0,0.0,2,16190,2,No,No,No,No,No,No,No,No,16.704,68.277,100.0,0.000,24.1,119,0,0,8.4,119.0,139.2,88.9,80.0,83.0,79.2,119.3,161.6,82.1,77.5,78.8,77.1,8.40,11.28,7.17,6.66,11.97,12.44,5.91,2.49,8.09,0.32,0.67,1447,246,24.9,6.5,0,0,0.0,0.0,0,
11.6.2026,17:30:54.324,25532,23235,52.3,20108,12276,62.0,10.9,16384,1788,1.151,1.194,1.128,1.113,1.128,1.168,1.173,1.143,1.143,1.113,1.148,1.178,1.163,1.163,1.153,1.061,0.781,3612.6,4489.0,4489.0,4489.0,4489.0,4489.0,4489.0,3591.2,3591.2,3591.2,3591.2,1895.4,1895.4,1895.4,3591.2,99.8,3890.5,1275.0,2177.5,1234.0,1735.8,1046.4,1953.6,2274.5,2038.4,2597.9,1248.6,1182.7,1244.7,1481.8,667.1,640.4,636.9,634.9,686.0,656.9,668.5,692.6,1424.7,30.0,49.5,27.1,39.1,22.9,43.2,50.6,45.4,58.1,28.1,26.5,27.8,33.1,19.1,17.7,17.8,17.8,19.5,18.3,18.4,19.8,58.1,30.0,100.0,54.4,85.6,48.3,67.5,40.9,76.3,88.4,79.7,100.6,48.6,46.1,48.5,57.7,37.8,36.4,36.0,36.1,38.8,37.3,37.8,38.9,54.4,36.2,45.0,45.0,45.0,45.0,45.0,45.0,36.0,36.0,36.0,36.0,19.0,19.0,19.0,36.0,39.0,71,74,74,75,75,74,71,70,70,70,70,68,68,68,68,29,26,26,25,25,26,29,30,30,30,30,32,32,32,32,81,75,No,No,No,No,No,No,No,No,No,No,No,No,No,No,No,No,No,No,No,No,No,No,No,No,No,No,No,No,No,No,Yes,Yes,Yes,Yes,Yes,Yes,Yes,Yes,Yes,Yes,Yes,Yes,Yes,Yes,Yes,No,No,Yes,82,75,68,1.100,37.969,45.148,37.870,0.002,5.682,0.768,175.0,175.0,175.0,175.0,0,0.0,0.0,31.0,49.9,28.1,40.0,24.1,44.1,51.3,45.9,58.6,29.1,27.6,28.8,34.1,20.4,19.0,19.1,19.1,20.7,19.5,19.7,21.2,17.5,35.2,46.3,17.5,10.5,52.9,46.6,8.8,2.6,2.8,5.5,6.4,2.5,5.4,1.8,39.0,0.0,0.0,0.0,0.6,0.0,0.0,63.5,70.6,70.7,68.1,65.6,70.3,67.3,69.8,0.0,0.0,0.0,0.0,0.0,0.1,0.1,2394.1,24.00,36,35,35,68,103,383,2,2,Yes,No,No,No,No,No,No,No,Yes,No,No,No,No,No,No,No,No,No,No,No,No,No,No,No,No,No,No,No,No,No,No,No,No,No,No,No,No,No,85.0,5160,5040,5100,69.5,1.110,1.110,1.800,1.815,1.005,5.110,1.625,No,No,No,69.2,1.110,1.110,1.800,1.815,1.005,5.110,1.625,No,No,No,41,41,94.0,100.0,No,No,32291,48158,37,70,99.0,100.0,No,No,1856,3315,0.0,2.2,2.2,0.008,0.087,62658,43671,0.0,0.0,0.0,0.000,0.000,35399,12253,76.5,74.0,84.3,83.0,0.875,20.498,20.490,20.507,67.474,27.861,48.234,15.347,63.797,3.000,18.318,10.247,36.086,100.000,140.000,2250.0,2200.2,1890.0,2224.9,1905.0,65.0,24.0,0.0,9.0,67.9,15.3,61.2,0.0,0.0,0.0,Yes,No,No,No,No,Yes,No,0,0,0,0,0,0,0,0,0,4,0,0,0,0,0,0,0,0,0,0,0,0,0,0,0,0,0,0,0,0,2630,5558,5327,355,16.0,68,0.297,44.756,600.0,2394.0,0.1,0.0,0.0,0.0,0.0,0.0,0.0,0.0,0.0,2,16190,2,No,No,No,No,No,No,No,No,16.704,68.277,100.0,0.000,24.1,120,0,0,8.9,120.0,136.2,103.1,101.9,102.1,101.8,120.0,152.1,102.3,98.5,100.1,98.1,8.33,9.67,7.33,6.34,9.76,9.79,5.98,2.35,8.02,0.32,0.65,1447,246,6.0,0.9,0,0,0.0,0.0,0,
11.6.2026,17:30:55.323,25529,23239,52.3,20109,12275,62.0,10.9,16384,1788,1.179,1.183,1.158,1.143,1.163,1.173,1.206,1.201,1.206,1.196,1.191,1.136,1.151,1.196,1.196,1.061,0.781,3854.9,4489.0,4489.0,4489.0,4489.0,4489.0,4489.0,3591.2,3591.2,3591.2,3591.2,1895.4,3591.2,3591.2,3591.2,99.8,3890.5,1283.0,2325.5,1107.3,1743.8,1026.8,2385.4,2026.6,2314.6,2042.5,1327.2,1313.1,1279.2,1315.6,715.5,690.2,646.7,608.9,713.1,690.7,670.2,716.9,1429.3,31.3,53.7,25.4,40.2,23.8,54.1,45.9,52.6,46.4,30.9,30.6,29.8,30.6,21.6,20.4,19.2,17.8,21.3,20.5,19.9,22.2,54.1,31.3,100.0,54.9,91.1,43.3,67.8,40.1,93.2,79.0,90.3,79.3,52.2,51.6,49.6,51.3,40.5,39.2,36.7,34.6,40.4,38.7,38.2,40.3,54.9,38.6,45.0,45.0,45.0,45.0,45.0,45.0,36.0,36.0,36.0,36.0,19.0,36.0,36.0,36.0,39.0,71,74,71,77,74,75,71,70,70,70,70,68,68,68,68,29,26,29,23,26,25,29,30,30,30,30,32,32,32,32,79,77,No,No,No,No,No,No,No,No,No,No,No,No,No,No,No,No,No,No,No,No,No,No,No,No,No,No,No,No,No,No,Yes,Yes,Yes,Yes,Yes,Yes,Yes,Yes,Yes,Yes,Yes,Yes,Yes,Yes,Yes,No,No,Yes,82,77,68,1.100,46.407,47.084,39.889,0.002,5.696,0.764,175.0,175.0,175.0,175.0,0,0.0,0.0,31.3,53.3,25.2,40.1,23.7,54.0,45.8,52.4,46.2,30.8,30.5,29.8,30.5,21.6,20.4,19.2,17.9,21.4,20.8,20.0,22.1,19.9,33.8,45.3,14.7,15.0,49.1,49.5,9.3,11.0,7.5,7.8,11.4,9.6,10.0,3.8,36.3,0.0,0.0,0.0,0.0,0.0,0.0,61.4,61.1,66.0,67.1,59.8,62.5,62.5,67.4,0.1,0.0,0.3,0.0,0.0,0.4,0.0,2394.1,24.00,36,35,35,68,103,383,2,2,Yes,No,No,No,No,No,No,No,Yes,No,No,No,No,Yes,No,No,No,No,No,No,No,Yes,No,No,No,No,No,No,No,No,No,No,No,No,No,No,No,No,84.0,5040,4980,5100,69.5,1.110,1.110,1.800,1.815,0.990,5.110,1.500,No,No,No,69.2,1.110,1.110,1.800,1.815,1.005,5.110,1.875,No,No,No,41,41,94.0,100.0,No,No,32291,48158,36,70,99.0,100.0,No,No,1856,3315,0.0,1.0,1.0,0.000,0.040,62658,43671,0.0,0.0,0.0,0.000,0.000,35399,12253,75.9,74.0,83.2,83.0,0.875,20.505,20.498,20.513,65.928,38.087,46.473,15.353,62.052,3.000,18.313,89.368,32.053,100.000,140.000,2250.0,2200.2,1890.0,2226.4,1905.0,62.0,24.0,0.0,8.0,67.9,14.5,58.0,0.0,0.0,0.0,Yes,No,No,No,No,Yes,No,0,0,0,0,0,0,0,0,0,4,0,0,0,0,0,0,0,0,0,0,0,0,0,0,0,0,0,0,0,0,2630,5558,5327,355,16.0,68,0.300,45.529,600.0,2394.0,0.1,0.0,0.0,0.0,0.0,0.0,0.0,0.0,0.0,2,16190,2,No,No,No,No,No,No,No,No,16.704,68.277,100.0,0.000,24.1,120,0,0,8.5,119.5,136.7,108.8,76.3,87.6,73.4,119.5,141.3,99.2,94.7,96.1,94.3,8.37,9.22,7.29,7.23,11.43,13.62,5.75,2.61,8.05,0.32,0.55,1447,246,1.4,2.5,0,0,0.0,0.0,0,
11.6.2026,17:30:56.321,25555,23213,52.4,20116,12267,62.1,10.9,16384,1788,1.152,1.217,1.133,1.148,1.148,1.173,1.128,1.143,1.148,1.143,1.133,1.178,1.148,1.143,1.143,1.041,0.781,3762.2,4389.3,4389.3,4389.3,4389.3,4389.3,4389.3,1895.4,3491.5,3491.5,3491.5,3491.5,3491.5,3491.5,3491.5,99.8,3790.7,1325.0,2326.8,1206.6,2074.2,1033.0,2688.8,1710.9,2639.6,1550.3,1440.3,1256.3,1335.8,1418.3,799.0,733.1,703.1,660.9,750.0,744.6,738.8,690.3,1473.6,32.8,54.5,28.0,48.3,24.1,61.6,39.3,61.0,35.6,33.9,29.7,31.7,33.3,24.6,22.2,21.0,19.6,22.3,22.6,22.0,20.8,61.6,32.8,100.0,56.6,91.3,47.2,80.4,40.4,105.0,66.4,102.8,60.3,55.9,48.9,52.1,55.1,44.6,41.2,39.4,37.2,41.8,41.8,41.3,38.6,56.6,37.7,44.0,44.0,44.0,44.0,44.0,44.0,19.0,35.0,35.0,35.0,35.0,35.0,35.0,35.0,38.0,70,75,73,75,71,71,71,69,69,69,69,68,68,68,68,30,25,27,25,29,29,29,31,31,31,31,32,32,32,32,82,75,No,No,No,No,No,No,No,No,No,No,No,No,No,No,No,No,No,No,No,No,No,No,No,No,No,No,No,No,No,No,Yes,Yes,Yes,Yes,Yes,Yes,Yes,Yes,Yes,Yes,Yes,Yes,Yes,Yes,Yes,No,No,Yes,81,75,68,1.100,43.032,44.405,37.163,0.002,5.700,0.778,175.0,175.0,175.0,175.0,0,0.0,0.0,32.8,54.1,27.9,48.3,24.1,61.8,39.2,60.8,35.5,33.9,29.7,31.5,33.4,24.7,22.3,21.2,19.7,22.5,22.5,22.2,21.0,21.5,31.1,37.4,13.7,17.4,46.5,45.5,26.1,11.3,8.6,12.8,13.5,10.1,22.8,4.1,32.7,0.0,0.0,0.0,0.0,0.0,0.0,42.9,58.9,63.0,60.3,56.9,60.1,48.4,68.0,0.1,0.0,0.2,0.0,0.0,0.7,0.0,2394.1,24.00,36,35,35,68,103,383,2,2,Yes,No,No,No,No,No,No,No,Yes,No,No,No,No,No,No,No,No,No,No,No,No,No,No,No,No,No,No,No,No,No,No,No,No,No,No,No,No,No,84.0,5100,4920,5100,69.5,1.110,1.110,1.800,1.815,1.005,5.110,1.375,No,No,No,69.2,1.110,1.110,1.800,1.815,1.005,5.110,1.625,No,No,No,41,41,94.0,100.0,No,No,32291,48158,36,70,99.0,100.0,No,No,1856,3315,0.0,1.6,1.6,0.000,0.096,62658,43671,0.2,0.1,0.2,1.034,0.032,35400,12253,76.0,76.0,83.5,83.0,0.875,20.495,20.486,20.505,65.656,28.638,48.759,15.651,64.674,3.000,18.614,11.707,38.059,100.000,140.000,2250.0,2200.2,1890.0,2227.0,1905.0,61.0,24.0,0.0,9.0,68.0,14.5,57.9,0.0,0.0,0.0,Yes,No,No,No,No,Yes,No,0,0,0,0,0,0,0,0,0,4,0,0,0,0,0,0,0,0,0,0,0,0,0,0,0,0,0,0,0,0,2621,5567,5336,355,16.0,68,0.297,46.733,600.0,2394.0,0.1,0.0,0.0,0.0,0.0,0.0,0.0,0.0,0.0,2,16190,2,No,No,No,No,No,No,No,No,16.704,68.277,100.0,0.000,24.1,120,0,0,9.3,120.0,149.4,97.2,89.7,92.7,88.8,119.9,153.3,98.0,89.6,93.0,88.6,8.34,10.28,6.68,6.60,10.78,11.24,5.62,2.71,8.00,0.34,0.80,1447,246,1.8,9.1,0,0,0.0,0.0,0,
11.6.2026,17:30:57.317,25566,23202,52.4,20129,12254,62.1,10.9,16384,1788,1.200,1.198,1.213,1.228,1.203,1.193,1.188,1.218,1.178,1.218,1.218,1.218,1.197,1.167,1.167,1.041,0.781,3619.7,798.0,4389.3,4389.3,4389.3,4389.3,4389.3,3491.5,3491.5,3491.5,3491.5,3491.5,3491.5,3491.5,3491.5,99.8,3790.7,1367.7,2382.9,1235.0,2025.0,1154.1,2600.6,1811.8,2604.5,1537.6,1475.0,1303.0,1451.6,1432.2,776.6,815.7,762.8,752.9,845.3,791.6,830.0,764.8,1507.6,34.7,57.0,29.2,48.4,27.5,61.2,42.6,61.8,36.2,35.7,31.4,34.9,34.5,23.9,24.9,23.3,23.0,25.7,23.7,25.0,23.9,61.8,34.7,100.0,58.9,93.5,48.3,78.8,45.1,101.4,70.2,101.7,59.9,57.5,50.7,56.7,56.1,44.0,46.1,43.3,42.5,47.4,44.6,46.8,42.8,58.9,36.3,8.0,44.0,44.0,44.0,44.0,44.0,35.0,35.0,35.0,35.0,35.0,35.0,35.0,35.0,38.0,70,74,71,75,71,70,68,69,69,69,69,68,68,68,68,30,26,29,25,29,30,32,31,31,31,31,32,32,32,32,81,75,No,No,No,No,No,No,No,No,No,No,No,No,No,No,No,No,No,No,No,No,No,No,No,No,No,No,No,No,No,No,Yes,Yes,Yes,Yes,Yes,Yes,Yes,Yes,Yes,Yes,Yes,Yes,Yes,Yes,Yes,No,No,Yes,82,74,68,1.100,31.219,46.543,39.134,0.002,5.748,0.793,175.0,175.0,175.0,175.0,0,0.0,0.0,34.6,56.5,29.1,48.3,27.4,61.2,42.4,61.5,36.1,35.5,31.4,34.8,34.4,23.8,24.9,23.2,23.1,25.6,23.8,25.1,23.9,26.5,28.1,34.7,12.4,16.4,43.2,42.1,27.0,30.3,18.8,18.1,37.4,19.7,27.9,15.1,25.9,0.0,0.0,0.0,0.0,0.0,0.0,42.8,38.6,51.5,52.3,31.6,50.0,40.9,54.8,0.1,0.0,0.0,0.0,0.0,0.3,0.2,2394.1,24.00,36,35,35,68,103,383,2,2,Yes,No,No,No,No,No,No,No,Yes,No,No,No,No,Yes,No,No,No,No,No,No,No,Yes,No,No,No,No,No,No,No,No,No,No,No,No,No,No,No,No,84.0,5160,4800,5100,69.5,1.110,1.110,1.800,1.815,1.005,5.110,2.250,No,No,No,69.2,1.095,1.110,1.800,1.815,1.005,5.110,1.375,No,No,No,41,41,94.0,100.0,No,No,32291,48158,36,70,99.0,100.0,No,No,1856,3315,0.0,2.4,2.4,0.000,0.441,62658,43671,0.0,0.0,0.0,0.000,0.000,35400,12253,75.3,74.0,82.5,83.0,0.875,20.500,20.492,20.508,64.509,28.073,45.137,15.164,60.540,3.000,18.118,21.075,33.479,100.000,140.000,2250.0,2200.2,1890.0,2227.0,1905.0,59.0,24.0,0.0,8.0,68.0,13.8,55.2,0.0,0.0,0.0,Yes,No,No,No,No,Yes,No,0,0,0,0,0,0,0,0,0,4,0,0,0,0,0,0,0,0,0,0,0,0,0,0,0,0,0,0,0,0,2619,5569,5338,355,16.0,68,0.300,44.596,600.0,2394.0,0.2,0.0,0.0,0.0,0.0,0.0,0.0,0.0,0.0,2,16190,2,No,No,No,No,No,No,No,No,16.703,68.277,100.0,0.000,24.1,120,0,0,8.2,120.1,146.1,103.4,91.7,96.3,90.4,120.1,191.8,92.1,85.5,87.9,84.8,8.33,9.68,6.84,5.34,10.46,11.21,5.48,2.84,7.99,0.34,0.93,1447,246,1.8,4.8,0,0,0.0,0.0,0,
11.6.2026,17:30:58.319,25591,23177,52.4,20154,12230,62.2,10.9,16384,1788,1.143,1.155,1.115,1.105,1.123,1.123,1.138,1.138,1.138,1.153,1.163,1.138,1.178,1.168,1.169,1.041,0.781,3291.9,1396.6,4389.3,4389.3,4389.3,798.0,4389.3,3491.5,3491.5,3491.5,3491.5,1895.4,3491.5,3491.5,3491.5,99.8,3790.7,1382.7,2442.1,1210.7,1976.9,1258.8,2584.2,1751.0,2531.1,1608.8,1462.4,1298.2,1444.0,1386.7,854.2,837.7,807.6,774.4,863.4,905.1,866.8,790.1,1514.3,35.1,58.4,28.6,47.2,30.0,60.9,41.3,60.0,37.9,35.3,31.4,34.8,33.3,26.0,25.6,24.3,23.3,26.2,27.4,26.2,23.9,60.9,35.1,100.0,59.8,95.8,47.3,76.9,49.4,101.0,68.1,98.9,62.7,57.0,50.7,56.3,54.1,47.9,47.3,45.6,43.6,48.4,51.3,48.9,44.7,59.8,33.0,14.0,44.0,44.0,44.0,8.0,44.0,35.0,35.0,35.0,35.0,19.0,35.0,35.0,35.0,38.0,70,76,71,75,72,72,71,69,69,69,69,68,68,68,68,30,24,29,25,28,28,29,31,31,31,31,32,32,32,32,81,76,No,No,No,No,No,No,No,No,No,No,No,No,No,No,No,No,No,No,No,No,No,No,No,No,No,No,No,No,No,No,Yes,Yes,Yes,Yes,Yes,Yes,Yes,Yes,Yes,Yes,Yes,Yes,Yes,Yes,Yes,No,No,Yes,82,72,68,1.100,42.188,45.302,37.918,0.002,5.772,0.795,175.0,175.0,175.0,175.0,0,0.0,0.0,35.1,58.1,28.6,47.2,29.9,60.9,41.2,59.7,37.8,35.3,31.3,34.8,33.3,26.1,25.6,24.5,23.4,26.3,27.4,26.3,24.2,31.6,27.0,34.6,12.8,16.7,44.1,42.9,39.7,30.3,29.5,32.2,41.5,37.0,36.0,18.0,20.6,0.0,0.0,0.0,0.0,0.0,0.0,29.3,38.4,40.1,38.8,27.2,30.2,32.3,51.8,0.0,0.0,0.0,0.0,0.0,0.0,0.0,2394.1,24.00,36,35,35,68,103,383,2,2,Yes,No,No,No,No,No,No,No,Yes,No,No,No,No,Yes,No,No,No,No,No,No,No,Yes,No,No,No,No,No,No,No,No,No,No,No,No,No,No,No,No,85.0,5160,4860,5160,69.5,1.095,1.110,1.800,1.815,1.005,5.110,1.500,No,No,No,69.2,1.095,1.110,1.800,1.815,1.005,5.110,1.500,No,No,No,41,41,94.0,100.0,No,No,32291,48158,37,70,99.0,100.0,No,No,1856,3315,0.0,1.2,1.2,0.000,0.039,62658,43671,0.5,0.0,0.5,2.574,0.000,35402,12253,76.0,74.0,83.6,83.0,0.875,20.507,20.498,20.517,64.165,35.161,48.282,15.558,64.094,3.000,18.513,62.446,34.232,100.000,140.000,2250.0,2200.2,1890.0,2228.1,1905.0,60.0,24.0,0.0,8.0,68.0,13.9,55.7,0.0,0.0,0.0,Yes,No,No,No,No,Yes,No,0,0,0,0,0,0,0,0,0,4,0,0,0,0,0,0,0,0,0,0,0,0,0,0,0,0,0,0,0,0,2618,5570,5338,355,16.0,69,0.297,47.555,600.0,2394.0,0.1,0.0,0.0,0.0,0.0,0.0,0.0,0.0,0.0,2,16190,2,No,No,No,No,No,No,No,No,16.703,68.277,100.0,0.000,24.1,120,0,0,8.8,120.0,156.8,90.2,86.8,87.9,86.4,120.0,211.4,87.1,78.4,81.6,77.5,8.33,11.04,6.32,6.04,11.43,11.74,5.47,2.86,7.99,0.35,1.30,1447,246,3.4,4.4,0,0,0.0,0.0,0,
11.6.2026,17:30:59.318,25608,23160,52.5,20173,12210,62.2,10.9,16384,1788,1.150,1.153,1.097,1.097,1.132,1.167,1.167,1.167,1.172,1.172,1.172,1.147,1.147,1.147,1.166,1.021,0.781,3833.5,4289.5,4289.5,4289.5,4289.5,4289.5,4289.5,3491.5,3491.5,3491.5,3491.5,3491.5,3491.5,3491.5,3491.5,99.8,3691.0,1353.1,2408.9,1132.1,2078.0,975.1,2183.8,2029.6,2294.3,1935.6,1436.2,1267.8,1449.3,1360.2,882.1,806.9,794.6,840.5,854.3,817.6,820.9,693.6,1492.2,34.4,57.8,26.8,49.9,23.2,51.5,47.9,54.5,45.6,34.8,30.6,35.1,32.8,27.1,24.3,23.8,25.4,25.8,24.6,24.8,21.1,57.8,34.4,100.0,58.2,94.5,44.3,80.8,38.3,85.9,78.8,89.7,74.9,55.9,49.3,56.4,53.2,48.9,44.9,44.2,46.7,47.2,45.5,45.5,39.2,58.2,38.4,43.0,43.0,43.0,43.0,43.0,43.0,35.0,35.0,35.0,35.0,35.0,35.0,35.0,35.0,37.0,71,73,73,77,71,71,71,70,70,70,70,70,70,70,70,29,27,27,23,29,29,29,30,30,30,30,30,30,30,30,81,77,No,No,No,No,No,No,No,No,No,No,No,No,No,No,No,No,No,No,No,No,No,No,No,No,No,No,No,No,No,No,Yes,Yes,Yes,Yes,Yes,Yes,Yes,Yes,Yes,Yes,Yes,Yes,Yes,Yes,Yes,No,No,Yes,81,73,68,1.100,33.751,46.578,39.200,0.002,5.735,0.792,175.0,175.0,175.0,175.0,0,0.0,0.0,34.4,57.5,26.9,49.9,23.3,51.6,47.9,54.3,45.7,34.8,30.7,35.2,32.8,27.1,24.4,24.0,25.6,26.0,24.8,25.0,21.2,36.3,28.5,36.5,12.9,14.3,44.4,42.3,56.4,40.0,43.8,35.6,45.3,40.8,50.8,17.1,16.8,0.0,0.0,0.0,0.0,0.0,0.0,12.9,30.9,27.7,34.0,24.4,29.7,20.3,55.5,0.0,0.0,0.0,0.0,0.0,0.0,0.3,2394.1,24.00,36,35,35,68,103,383,2,2,Yes,No,No,No,No,No,No,No,Yes,No,No,No,No,Yes,No,No,No,No,No,No,No,Yes,No,No,No,No,No,No,No,No,No,No,No,No,No,No,No,No,85.0,5160,4920,5100,69.5,1.095,1.110,1.800,1.815,1.005,5.110,1.000,No,No,No,69.2,1.095,1.110,1.800,1.815,1.005,5.110,2.500,No,No,No,41,41,94.0,100.0,No,No,32291,48158,37,70,99.0,100.0,No,No,1856,3315,0.0,0.6,0.6,0.000,0.022,62658,43671,1.2,0.0,1.2,8.975,0.000,35411,12253,75.4,74.0,82.8,83.0,0.875,20.502,20.494,20.511,64.550,29.366,45.508,15.165,60.917,3.000,18.126,28.366,34.477,100.000,140.000,2250.0,2200.2,1890.0,2227.4,1905.0,60.0,24.0,0.0,9.0,68.0,13.8,55.4,0.0,0.0,0.0,Yes,No,No,No,No,Yes,No,0,0,0,0,0,0,0,0,0,4,0,0,0,0,0,0,0,0,0,0,0,0,0,0,0,0,0,0,0,0,2617,5571,5339,355,16.0,68,0.300,42.098,600.0,2394.0,0.1,0.0,0.0,0.0,0.0,0.0,0.0,0.0,0.0,2,16190,2,No,No,No,No,No,No,No,No,16.703,68.277,100.0,0.000,24.1,120,0,0,6.0,119.9,169.4,87.2,81.9,84.0,81.3,119.9,203.1,90.1,77.4,82.4,76.0,8.34,11.49,5.86,4.74,11.92,12.29,5.50,2.85,8.00,0.34,1.16,1447,246,2.0,4.4,0,0,0.0,0.0,0,
11.6.2026,17:31:0.317,25597,23171,52.4,20167,12216,62.2,10.9,16384,1788,1.158,1.188,1.135,1.163,1.153,1.163,1.158,1.159,1.159,1.159,1.159,1.159,1.159,1.159,1.149,1.021,0.781,3833.5,4289.5,4289.5,4289.5,4289.5,4289.5,4289.5,3491.5,3491.5,3491.5,3491.5,3491.5,3491.5,3491.5,3491.5,99.8,3691.0,1332.4,2259.4,1201.6,2031.0,1099.0,1713.5,2402.4,1867.9,2281.0,1257.0,1418.9,1310.1,1399.2,761.3,885.2,809.4,719.5,820.4,853.1,822.8,735.2,1463.5,33.6,53.9,28.3,48.5,26.1,40.1,56.4,44.0,53.6,30.3,34.1,31.6,33.4,22.7,26.9,24.1,21.3,24.5,25.7,24.8,22.3,56.4,33.6,100.0,57.3,88.7,47.0,79.0,43.1,67.3,93.7,73.3,88.7,49.1,55.1,51.1,54.5,42.5,48.8,44.9,40.3,45.6,47.2,45.4,41.2,57.3,38.4,43.0,43.0,43.0,43.0,43.0,43.0,35.0,35.0,35.0,35.0,35.0,35.0,35.0,35.0,37.0,70,73,71,73,74,71,70,70,70,70,70,68,68,68,68,30,27,29,27,26,29,30,30,30,30,30,32,32,32,32,81,74,No,No,No,No,No,No,No,No,No,No,No,No,No,No,No,No,No,No,No,No,No,No,No,No,No,No,No,No,No,No,Yes,Yes,Yes,Yes,Yes,Yes,Yes,Yes,Yes,Yes,Yes,Yes,Yes,Yes,Yes,No,No,Yes,82,73,68,1.100,56.532,41.973,34.642,0.002,5.720,0.781,175.0,175.0,175.0,175.0,0,0.0,0.0,33.7,53.7,28.4,48.4,26.2,40.3,56.4,43.9,53.6,30.3,34.3,31.6,33.6,22.9,27.0,24.2,21.5,24.6,25.8,24.9,22.5,39.9,30.3,35.5,14.9,16.7,45.1,44.4,45.6,59.8,48.1,34.6,47.8,47.7,60.9,27.1,14.4,0.0,0.0,0.1,0.0,0.0,0.0,27.0,10.1,23.7,38.6,23.5,22.3,11.1,44.8,0.0,0.0,0.1,0.0,0.0,0.0,0.1,2394.1,24.00,36,35,35,68,103,383,2,2,Yes,No,No,No,No,No,No,No,Yes,No,No,No,No,Yes,No,No,No,No,No,No,No,Yes,No,No,No,No,No,No,No,No,No,No,No,No,No,No,No,No,85.0,5160,4920,5100,69.5,1.095,1.110,1.800,1.815,1.005,5.110,2.000,No,No,No,69.5,1.095,1.110,1.800,1.815,1.005,5.110,1.500,No,No,No,41,41,94.0,100.0,No,No,32291,48158,37,70,99.0,100.0,No,No,1856,3315,0.0,1.9,1.9,0.000,0.062,62658,43671,0.1,0.0,0.1,0.262,0.000,35411,12253,75.2,74.0,82.6,83.0,0.875,20.509,20.502,20.517,63.138,28.110,44.160,14.823,59.212,3.000,17.780,20.401,37.396,100.000,140.000,2250.0,2200.2,1890.0,2227.7,1905.0,59.0,23.0,0.0,8.0,66.9,13.6,54.6,0.0,0.0,0.0,Yes,No,No,No,No,Yes,No,0,0,0,0,0,0,0,0,0,4,0,0,0,0,0,0,0,0,0,0,0,0,0,0,0,0,0,0,0,0,2711,5477,5245,355,16.0,68,0.300,43.440,600.0,2394.0,0.1,0.0,0.0,0.0,0.0,0.0,0.0,0.0,0.0,2,16190,2,No,No,No,No,No,No,No,No,16.703,68.277,100.0,0.000,24.1,120,0,0,8.3,120.1,139.7,99.5,96.6,97.4,96.4,120.3,151.4,105.9,96.1,100.1,95.0,8.32,10.06,7.11,7.02,10.30,10.44,5.39,2.93,7.98,0.34,0.71,1447,246,2.1,3.8,0,0,0.0,0.0,0,
11.6.2026,17:31:1.313,25506,23262,52.3,20168,12216,62.2,10.9,16384,1788,1.142,1.183,1.150,1.120,1.120,1.150,1.130,1.153,1.158,1.143,1.143,1.148,1.148,1.113,1.128,1.021,0.781,3833.5,4289.5,4289.5,4289.5,4289.5,4289.5,4289.5,3491.5,3491.5,3491.5,3491.5,3491.5,3491.5,3491.5,3491.5,99.8,3691.0,1383.3,2206.5,1248.8,1890.2,1124.6,1617.4,2586.4,1777.9,2437.4,1269.9,1357.0,1329.0,1373.2,923.4,921.2,945.9,930.4,938.4,962.3,899.9,925.9,1496.2,36.1,52.8,29.4,44.9,26.6,37.8,60.7,42.0,57.1,30.5,32.7,31.8,33.1,29.6,29.8,30.8,29.9,31.0,31.7,29.1,30.5,60.7,36.1,100.0,60.3,86.7,48.9,73.5,44.1,63.5,101.0,70.1,94.8,49.5,52.8,51.7,53.8,51.6,51.5,52.9,51.9,52.4,53.4,50.4,51.9,60.3,38.4,43.0,43.0,43.0,43.0,43.0,43.0,35.0,35.0,35.0,35.0,35.0,35.0,35.0,35.0,37.0,70,73,71,75,74,70,69,69,69,69,69,68,68,68,68,30,27,29,25,26,30,31,31,31,31,31,32,32,32,32,79,75,No,No,No,No,No,No,No,No,No,No,No,No,No,No,No,No,No,No,No,No,No,No,No,No,No,No,No,No,No,No,Yes,Yes,Yes,Yes,Yes,Yes,Yes,Yes,Yes,Yes,Yes,Yes,Yes,Yes,Yes,No,No,Yes,81,74,67,1.100,46.407,44.754,37.407,0.002,5.724,0.776,175.0,175.0,175.0,175.0,0,0.0,0.0,36.1,52.6,29.5,45.0,26.8,37.9,60.7,41.7,57.3,30.5,32.8,31.9,33.2,29.4,29.8,30.7,29.8,30.9,31.6,29.0,30.4,32.9,30.6,38.7,13.6,15.7,46.2,45.5,39.4,32.6,26.8,32.5,32.2,45.4,39.4,22.0,17.5,0.0,0.0,0.0,0.0,0.0,0.0,26.1,31.9,36.7,32.2,31.3,18.7,26.5,41.4,0.0,0.0,0.0,0.0,0.0,0.0,0.0,2394.1,24.00,36,35,35,68,103,383,2,2,Yes,No,No,No,No,No,No,No,Yes,No,No,No,No,Yes,No,No,No,No,No,No,No,Yes,No,No,No,No,No,No,No,No,No,No,No,No,No,No,No,No,86.0,5040,4860,5100,69.8,1.095,1.110,1.800,1.815,1.005,5.110,1.750,No,No,No,69.5,1.095,1.110,1.800,1.815,1.005,5.110,2.000,No,No,No,41,41,94.0,100.0,No,No,32291,48158,36,70,99.0,100.0,No,No,1856,3315,9.4,10.5,19.9,10.706,5.451,62668,43676,0.0,0.0,0.0,0.000,0.004,35411,12253,73.0,74.0,79.4,83.0,0.875,20.560,20.556,20.563,61.886,20.226,33.389,12.971,46.556,3.000,15.934,9.963,19.773,100.000,140.000,2250.0,2200.2,1890.0,2228.1,1905.0,58.0,22.0,0.0,8.0,67.0,12.7,51.0,0.0,0.0,0.0,Yes,No,No,No,No,Yes,No,0,0,0,0,0,0,0,0,0,4,0,0,0,0,0,0,0,0,0,0,0,0,0,0,0,0,0,0,0,0,2698,5490,5258,356,16.0,68,0.300,44.087,600.0,2394.0,0.1,0.0,0.0,0.0,0.0,0.0,0.0,0.0,0.0,2,16190,2,No,No,No,No,No,No,No,No,16.703,68.277,100.0,0.000,24.1,120,0,0,8.4,120.2,134.6,107.0,94.2,99.3,92.8,120.2,142.6,102.2,96.6,98.9,96.0,8.32,9.39,7.41,5.94,10.10,10.79,5.31,3.01,7.98,0.34,0.58,1447,246,1.9,2.4,0,0,0.0,0.0,0,
11.6.2026,17:31:2.330,25513,23254,52.3,20169,12215,62.2,10.9,16384,1788,1.168,1.238,1.198,1.175,1.185,1.152,1.152,1.157,1.157,1.162,1.157,1.157,1.157,1.157,1.142,1.061,0.781,3776.5,4489.0,4489.0,4489.0,4489.0,4489.0,4489.0,798.0,3591.2,3591.2,3591.2,3591.2,3591.2,3591.2,3591.2,99.8,3890.5,1215.8,2057.1,1164.2,1648.0,1075.2,2075.2,2182.4,2189.0,1999.3,1363.0,878.2,1134.1,1416.8,607.6,709.7,590.4,618.6,662.2,653.5,634.1,656.4,1356.8,29.5,47.9,25.6,38.3,23.8,47.0,50.0,50.0,45.4,32.3,19.6,25.6,33.2,18.3,20.5,16.5,17.8,19.8,19.7,19.2,20.0,50.0,29.5,100.0,51.9,80.7,45.5,64.2,42.0,80.4,85.5,85.1,78.2,53.0,34.4,44.3,55.2,34.5,39.8,33.6,35.0,37.3,37.0,35.9,37.0,51.9,37.9,45.0,45.0,45.0,45.0,45.0,45.0,8.0,36.0,36.0,36.0,36.0,36.0,36.0,36.0,39.0,70,72,71,75,72,69,70,68,68,68,68,68,68,68,68,30,28,29,25,28,31,30,32,32,32,32,32,32,32,32,79,75,No,No,No,No,No,No,No,No,No,No,No,No,No,No,No,No,No,No,No,No,No,No,No,No,No,No,No,No,No,No,Yes,Yes,Yes,Yes,Yes,Yes,Yes,Yes,Yes,Yes,Yes,Yes,Yes,Yes,Yes,No,No,Yes,79,73,68,1.100,52.313,41.569,34.393,0.002,5.643,0.751,175.0,175.0,175.0,175.0,0,0.0,0.0,29.9,47.6,26.7,38.2,24.9,47.1,49.7,49.9,45.4,32.3,20.6,26.6,33.2,18.3,21.7,17.8,19.1,19.9,19.8,19.3,20.1,24.4,36.6,45.8,14.1,15.7,53.4,48.6,13.8,29.0,9.7,12.8,18.3,11.2,21.7,10.7,33.3,0.1,0.0,0.8,0.6,0.0,0.0,60.9,43.8,65.7,61.7,55.3,61.9,52.7,62.5,0.1,0.0,0.0,0.3,0.0,0.1,0.2,2394.1,24.00,36,35,35,68,103,383,2,2,Yes,No,No,No,No,No,No,No,Yes,No,Yes,No,No,Yes,No,No,No,No,No,No,No,Yes,No,No,No,No,No,No,No,No,No,No,No,No,No,No,No,No,85.0,5100,4800,5160,69.8,1.095,1.110,1.800,1.815,1.005,5.110,1.375,No,No,No,69.5,1.095,1.110,1.800,1.815,1.005,5.110,2.000,No,No,No,41,41,94.0,100.0,No,No,32291,48158,36,70,99.0,100.0,No,No,1856,3315,0.0,2.2,2.2,0.000,0.121,62668,43677,0.8,0.0,0.8,6.376,0.000,35417,12253,72.2,72.0,78.3,83.0,0.875,20.565,20.561,20.570,58.154,21.000,34.626,12.542,47.372,3.000,15.525,9.619,24.316,100.000,140.000,2250.0,2200.2,1890.0,2229.1,1905.0,40.0,14.0,0.0,3.0,67.0,12.0,47.9,0.0,0.0,0.0,Yes,No,No,No,No,Yes,No,0,0,0,0,0,0,0,0,0,4,0,0,0,0,0,0,0,0,0,0,0,0,0,0,0,0,0,0,0,0,2698,5490,5258,356,16.0,68,0.300,42.357,600.0,2394.0,0.2,0.0,0.0,0.0,0.0,0.0,0.0,0.0,0.0,2,16190,2,No,No,No,No,No,No,No,No,16.703,68.277,100.0,0.000,24.1,113,0,0,8.6,113.2,142.5,38.6,34.0,35.7,33.6,113.4,169.7,37.7,36.9,37.1,36.9,8.83,25.84,7.02,6.93,27.92,29.81,5.39,3.43,8.51,0.32,1.10,1447,246,1.3,1.5,0,0,0.0,0.0,0,
11.6.2026,17:31:3.325,25516,23252,52.3,20169,12215,62.2,10.9,16384,1788,1.188,1.253,1.191,1.176,1.176,1.196,1.171,1.176,1.176,1.186,1.186,1.186,1.186,1.196,1.171,1.061,0.781,3976.0,4489.0,4489.0,4489.0,4489.0,4489.0,4489.0,3591.2,3591.2,3591.2,3591.2,3591.2,3591.2,3591.2,3591.2,99.8,3890.5,855.2,2034.1,157.1,1695.6,83.4,3358.9,485.5,293.1,3126.7,1601.0,34.3,142.5,1586.7,277.7,214.0,133.0,125.7,435.3,424.3,418.5,477.0,959.3,21.3,47.1,5.0,39.4,3.4,75.1,10.8,6.6,69.9,37.7,0.8,4.7,37.2,9.4,9.1,6.0,5.8,14.1,13.5,13.5,15.9,75.1,21.3,100.0,35.9,80.0,6.2,66.3,3.3,130.4,19.9,11.8,122.1,62.4,1.4,5.8,61.8,16.5,12.5,8.0,7.5,25.2,24.6,24.3,27.4,35.9,39.9,45.0,45.0,45.0,45.0,45.0,45.0,36.0,36.0,36.0,36.0,36.0,36.0,36.0,36.0,39.0,69,70,68,75,71,71,69,67,67,67,67,68,68,68,68,31,30,32,25,29,29,31,33,33,33,33,32,32,32,32,79,75,No,No,No,No,No,No,No,No,No,No,No,No,No,No,No,No,No,No,No,No,No,No,No,No,No,No,No,No,No,No,Yes,Yes,Yes,Yes,Yes,Yes,Yes,Yes,Yes,Yes,Yes,Yes,Yes,Yes,Yes,No,No,Yes,79,73,68,1.100,39.657,39.275,32.341,0.002,5.449,0.660,175.0,175.0,175.0,175.0,0,0.0,0.0,20.8,46.9,3.5,39.4,1.9,74.8,10.9,6.5,69.9,37.8,0.8,3.2,37.3,9.5,7.7,4.6,4.3,14.3,13.6,13.7,16.0,20.6,49.0,57.4,17.7,25.0,58.6,59.1,3.5,0.1,0.0,0.0,1.8,4.3,7.2,5.2,46.4,0.0,0.0,0.1,0.0,0.0,0.0,80.7,87.9,92.3,92.8,76.8,74.9,72.0,72.1,0.2,0.0,0.0,0.0,0.0,0.9,0.3,2394.1,24.00,36,35,35,68,103,383,2,2,Yes,No,No,No,No,No,No,No,Yes,No,Yes,No,No,No,No,No,No,No,No,No,No,No,No,No,No,No,No,Yes,No,No,No,No,No,No,No,Yes,No,No,85.0,5160,4740,5100,69.8,1.095,1.110,1.800,1.815,1.005,5.110,1.750,No,No,No,69.5,1.110,1.110,1.800,1.815,1.005,5.110,1.250,No,No,No,41,41,94.0,100.0,No,No,32291,48158,37,70,99.0,100.0,No,No,1856,3315,0.0,0.3,0.3,0.000,0.016,62668,43677,0.3,0.1,0.4,2.133,0.016,35419,12253,71.4,72.0,77.3,83.0,0.875,20.571,20.566,20.575,49.811,20.894,34.210,12.422,46.849,3.000,15.403,9.518,24.858,100.000,140.000,2250.0,2200.2,1890.0,2233.6,1905.0,40.0,13.0,0.0,3.0,67.0,8.7,34.8,0.0,0.0,0.0,Yes,No,No,No,No,Yes,No,0,0,0,0,0,0,0,0,0,4,0,0,0,0,0,0,0,0,0,0,0,0,0,0,0,0,0,0,0,0,2698,5490,5258,356,16.0,68,0.297,36.851,600.0,2394.0,0.2,0.0,0.0,0.0,0.0,0.0,0.0,0.0,0.0,2,16190,2,No,No,No,No,No,No,No,No,16.703,68.277,100.0,0.000,24.1,119,0,0,8.2,119.2,147.2,106.5,63.8,77.2,60.7,119.2,179.8,90.8,58.5,68.8,56.0,8.39,9.38,6.83,6.43,12.95,16.49,3.76,4.63,8.07,0.31,0.86,1447,246,1.5,1.3,0,0,0.0,0.0,0,
11.6.2026,17:31:4.324,25514,23254,52.3,20167,12216,62.2,10.9,16384,1788,1.200,1.209,1.209,1.194,1.204,1.181,1.181,1.216,1.196,1.206,1.226,1.196,1.196,1.196,1.196,1.061,0.781,3491.5,4489.0,4489.0,4489.0,4489.0,4489.0,4489.0,1895.4,1895.4,1895.4,1895.4,3591.2,3591.2,3591.2,3591.2,99.8,3890.5,811.7,1972.2,104.0,1509.6,57.3,3162.8,507.5,267.6,3284.4,1459.6,20.8,115.3,1543.7,180.8,136.9,144.3,97.7,395.8,387.7,443.9,442.4,910.3,19.7,45.9,2.5,35.5,0.0,70.5,11.5,6.1,73.3,34.6,0.0,2.7,36.4,6.5,5.0,5.8,3.8,12.5,12.5,13.9,14.3,73.3,19.7,100.0,33.9,77.5,4.2,59.2,2.3,123.0,20.7,10.6,127.5,57.0,0.8,4.7,60.3,10.8,8.1,8.4,5.9,23.3,22.6,26.1,25.5,33.9,35.0,45.0,45.0,45.0,45.0,45.0,45.0,19.0,19.0,19.0,19.0,36.0,36.0,36.0,36.0,39.0,68,69,69,70,75,68,68,67,67,67,67,68,68,68,68,32,31,31,30,25,32,32,33,33,33,33,32,32,32,32,79,75,No,No,No,No,No,No,No,No,No,No,No,No,No,No,No,No,No,No,No,No,No,No,No,No,No,No,No,No,No,No,No,No,No,No,No,No,No,No,No,No,No,No,No,No,No,No,No,No,79,74,67,1.100,43.032,36.211,29.302,0.002,5.396,0.644,175.0,175.0,175.0,175.0,0,0.0,0.0,19.7,45.6,2.3,35.5,1.3,70.4,11.3,5.9,73.2,34.4,0.5,2.6,36.3,6.5,4.9,5.7,3.7,12.5,12.6,13.9,14.3,21.2,51.0,61.6,20.7,22.2,63.4,60.5,0.0,0.0,0.0,0.0,3.5,2.8,7.2,3.4,47.8,0.0,0.0,0.0,0.0,0.0,0.0,88.7,91.9,91.5,93.7,77.4,77.7,71.7,76.1,0.1,0.2,0.0,0.0,0.0,0.0,0.2,2394.1,24.00,36,35,35,68,103,383,2,2,Yes,No,No,No,No,No,No,No,No,No,Yes,No,No,Yes,No,No,No,No,No,No,No,Yes,No,No,No,No,No,Yes,No,No,No,No,No,No,No,Yes,No,No,85.0,5040,4740,5100,69.5,1.110,1.110,1.800,1.815,1.005,5.110,1.500,No,No,No,69.2,1.110,1.110,1.800,1.815,1.005,5.110,1.000,No,No,No,41,41,94.0,100.0,No,No,32291,48158,37,70,99.0,100.0,No,No,1856,3315,0.0,1.8,1.8,0.000,0.047,62668,43677,0.0,0.0,0.0,0.000,0.000,35419,12253,71.4,72.0,77.5,83.0,0.875,20.563,20.559,20.567,49.722,20.778,34.201,12.438,46.851,3.000,15.419,9.473,24.064,100.000,140.000,2250.0,2200.2,1890.0,2235.3,1905.0,40.0,13.0,0.0,3.0,67.0,8.8,35.1,0.0,0.0,0.0,Yes,No,No,No,No,Yes,No,0,0,0,0,0,0,0,0,0,4,0,0,0,0,0,0,0,0,0,0,0,0,0,0,0,0,0,0,0,0,2698,5490,5258,356,16.0,68,0.300,36.117,600.0,2394.0,0.1,0.0,0.0,0.0,0.0,0.0,0.0,0.0,0.0,2,16190,2,No,No,No,No,No,No,No,No,16.704,68.277,100.0,0.000,24.1,120,0,0,8.5,120.1,134.5,106.1,99.5,102.1,98.7,120.1,133.8,106.9,105.7,106.1,105.6,8.33,9.42,7.42,5.47,9.81,10.16,3.71,4.61,8.02,0.31,0.56,1447,246,1.8,0.9,0,0,0.0,0.0,0,
11.6.2026,17:31:5.325,25514,23253,52.3,20168,12215,62.2,10.9,16384,1788,1.198,1.192,1.208,1.173,1.188,1.198,1.198,1.188,1.233,1.198,1.203,1.183,1.193,1.228,1.193,1.061,0.781,3626.8,4489.0,4688.5,4489.0,4489.0,4489.0,4489.0,1895.4,3591.2,1895.4,1895.4,3591.2,3591.2,3591.2,3591.2,99.8,3890.5,815.1,1903.0,100.6,1532.5,92.4,3074.8,527.0,276.0,3246.1,1423.5,21.5,136.0,1558.2,245.3,130.9,130.7,102.9,419.0,421.8,493.6,465.2,906.3,19.6,44.6,0.7,36.0,0.5,68.4,11.8,4.6,72.4,33.7,0.5,1.5,36.5,8.3,4.6,4.7,3.7,13.3,13.4,16.7,15.4,72.4,19.6,100.0,34.2,74.9,4.1,60.0,3.7,119.7,21.4,11.0,126.3,55.5,0.9,5.5,60.7,14.3,7.8,7.7,6.2,24.5,24.5,28.4,26.5,34.2,36.4,45.0,47.0,45.0,45.0,45.0,45.0,19.0,36.0,19.0,19.0,36.0,36.0,36.0,36.0,39.0,68,69,69,74,70,69,67,67,67,67,67,66,66,66,66,32,31,31,26,30,31,33,33,33,33,33,34,34,34,34,78,74,No,No,No,No,No,No,No,No,No,No,No,No,No,No,No,No,No,No,No,No,No,No,No,No,No,No,No,No,No,No,No,No,No,No,No,No,No,No,No,No,No,No,No,No,No,No,No,No,79,74,68,1.100,25.313,35.707,28.801,0.002,5.385,0.642,175.0,175.0,175.0,175.0,0,0.0,0.0,19.9,44.4,2.3,36.1,2.1,68.5,11.7,6.1,72.4,33.7,0.5,3.0,36.6,8.5,4.6,4.8,3.8,13.5,13.6,16.9,15.6,21.2,52.4,60.3,22.4,23.1,64.3,59.8,3.8,0.0,0.0,0.0,3.8,1.7,5.0,0.5,47.4,0.0,0.0,0.0,0.0,0.0,0.0,83.0,92.1,92.3,93.6,76.0,77.9,71.4,77.7,0.1,0.0,0.1,0.0,0.0,0.0,0.3,2394.1,24.00,36,35,35,68,103,383,2,2,Yes,No,No,No,No,No,No,No,No,No,Yes,No,No,No,No,No,No,No,No,No,No,No,No,No,No,No,No,Yes,No,No,No,No,No,No,No,Yes,No,No,85.0,4980,4500,5040,69.5,1.110,1.110,1.800,1.815,1.005,5.110,1.000,No,No,No,69.2,1.110,1.110,1.800,1.815,1.005,5.110,2.000,No,No,No,41,41,94.0,100.0,No,No,32291,48158,37,70,99.0,100.0,No,No,1856,3315,0.5,0.8,1.4,0.008,0.059,62668,43677,0.0,0.0,0.0,0.000,0.000,35419,12253,71.6,72.0,77.9,83.0,0.875,20.562,20.559,20.565,49.598,20.736,34.092,12.438,46.724,3.000,15.404,9.453,24.043,100.000,140.000,2220.0,2200.2,1890.0,2234.4,1905.0,40.0,13.0,0.0,3.0,67.0,8.7,34.7,0.0,0.0,0.0,Yes,No,No,No,No,Yes,No,0,0,0,0,0,0,0,0,0,4,0,0,0,0,0,0,0,0,0,0,0,0,0,0,0,0,0,0,0,0,2698,5490,5258,356,16.0,67,0.297,36.013,600.0,2394.0,0.1,0.0,0.0,0.0,0.0,0.0,0.0,0.0,0.0,2,16190,2,No,No,No,No,No,No,No,No,16.703,68.277,100.0,0.000,24.1,120,0,0,8.1,120.0,133.9,109.5,107.6,108.4,107.4,120.0,139.9,109.1,106.1,107.4,105.7,8.33,9.14,7.45,7.11,9.23,9.32,3.71,4.63,8.02,0.31,0.56,1447,246,1.7,1.1,0,0,0.0,0.0,0,
11.6.2026,17:31:6.324,25515,23253,52.3,20167,12217,62.2,10.9,16384,1788,1.172,1.230,1.170,1.170,1.160,1.160,1.160,1.170,1.170,1.170,1.170,1.170,1.175,1.165,1.165,1.061,0.781,3976.0,4489.0,4489.0,4489.0,4489.0,4489.0,4489.0,3591.2,3591.2,3591.2,3591.2,3591.2,3591.2,3591.2,3591.2,99.8,3890.5,841.6,1905.0,128.9,1688.1,54.4,3099.7,467.5,305.4,3364.8,1509.6,22.3,107.3,1578.6,253.4,149.7,141.1,133.4,431.2,448.9,496.8,546.7,931.8,20.0,43.6,3.1,38.4,2.9,68.7,9.2,7.0,74.6,34.5,0.7,2.6,36.1,7.8,3.8,3.9,3.8,12.9,13.5,16.1,17.8,74.6,20.0,100.0,35.3,75.0,5.1,65.9,2.2,120.8,19.2,12.1,130.6,58.8,0.9,4.4,61.5,14.8,8.9,8.3,7.9,25.0,26.2,28.5,31.0,35.3,39.9,45.0,45.0,45.0,45.0,45.0,45.0,36.0,36.0,36.0,36.0,36.0,36.0,36.0,36.0,39.0,69,70,68,74,71,69,69,67,67,67,67,68,68,68,68,31,30,32,26,29,31,31,33,33,33,33,32,32,32,32,79,74,No,No,No,No,No,No,No,No,No,No,No,No,No,No,No,No,No,No,No,No,No,No,No,No,No,No,No,No,No,No,No,No,No,No,No,No,No,No,No,No,No,No,No,No,No,No,No,No,78,74,67,1.100,35.438,35.056,28.145,0.002,5.407,0.649,175.0,175.0,175.0,175.0,0,0.0,0.0,20.7,44.2,2.9,39.3,1.2,69.0,10.4,6.8,75.0,35.5,0.5,2.4,37.1,9.1,5.2,5.2,5.1,14.2,14.9,17.4,19.0,21.7,52.3,58.0,23.3,20.6,61.5,59.3,1.1,0.0,0.0,0.0,9.3,6.7,8.0,3.9,45.7,0.0,0.0,0.0,0.0,0.0,0.0,84.7,91.0,91.8,92.2,70.1,71.4,67.8,70.9,0.2,0.0,0.0,0.0,0.0,0.7,0.6,2394.1,24.00,36,35,35,68,103,383,2,2,Yes,No,No,No,No,No,No,No,No,No,Yes,No,No,Yes,No,No,No,No,No,No,No,Yes,No,No,No,No,No,Yes,No,No,No,No,No,No,No,Yes,No,No,86.0,5100,4440,5040,69.5,1.110,1.110,1.800,1.815,1.005,5.110,1.125,No,No,No,69.2,1.110,1.110,1.800,1.815,1.005,5.110,2.000,No,No,No,41,41,94.0,100.0,No,No,32291,48158,36,70,99.0,100.0,No,No,1856,3315,0.5,0.7,1.2,0.182,0.054,62668,43677,0.1,0.0,0.1,0.323,0.000,35420,12253,71.9,72.0,79.2,83.0,0.875,20.562,20.558,20.566,49.544,20.770,34.198,12.417,46.829,3.000,15.395,9.416,24.138,100.000,140.000,2220.0,2200.2,1890.0,2217.0,1905.0,40.0,13.0,0.0,3.0,67.0,8.7,34.9,0.0,0.0,0.0,Yes,No,No,No,No,Yes,No,0,0,0,0,0,0,0,0,0,4,0,0,0,0,0,0,0,0,0,0,0,0,0,0,0,0,0,0,0,0,2698,5490,5258,356,16.0,68,0.300,34.083,600.0,2394.0,0.1,0.0,0.0,0.0,0.0,0.0,0.0,0.0,0.0,2,16190,2,No,No,No,No,No,No,No,No,16.704,68.277,100.0,0.000,24.1,120,0,0,8.3,120.0,133.5,105.8,100.4,102.7,99.7,120.0,138.9,101.4,100.8,100.9,100.8,8.33,9.42,7.48,7.20,9.73,10.04,3.73,4.60,8.03,0.31,0.63,1447,246,3.1,1.5,0,0,0.0,0.0,0,
11.6.2026,17:31:7.323,25514,23253,52.3,20168,12216,62.2,10.9,16384,1788,1.176,1.227,1.167,1.157,1.167,1.162,1.172,1.175,1.175,1.175,1.175,1.175,1.175,1.185,1.175,1.061,0.781,3976.0,4489.0,4489.0,4489.0,4489.0,4489.0,4489.0,3591.2,3591.2,3591.2,3591.2,3591.2,3591.2,3591.2,3591.2,99.8,3890.5,813.8,1921.8,112.3,1576.8,42.5,3022.4,513.9,197.6,3412.3,1392.5,19.4,120.4,1741.0,148.0,104.3,91.2,74.8,414.4,429.9,441.1,499.6,905.7,19.5,45.0,2.5,37.0,0.9,67.4,11.5,4.3,76.0,33.2,0.4,2.6,40.4,5.0,3.3,2.8,2.3,13.0,13.5,14.0,15.4,76.0,19.5,100.0,34.0,75.8,4.5,61.7,1.7,117.9,20.9,7.9,132.5,54.5,0.8,4.8,67.7,9.1,6.5,5.6,4.7,24.1,25.1,25.6,28.8,34.0,39.9,45.0,45.0,45.0,45.0,45.0,45.0,36.0,36.0,36.0,36.0,36.0,36.0,36.0,36.0,39.0,68,73,69,71,71,69,70,66,66,66,66,66,68,68,68,32,27,31,29,29,31,30,34,34,34,34,34,32,32,32,79,73,No,No,No,No,No,No,No,No,No,No,No,No,No,No,No,No,No,No,No,No,No,No,No,No,No,No,No,No,No,No,No,No,No,No,No,No,No,No,No,No,No,No,No,No,No,No,No,No,79,71,67,1.100,45.563,36.220,29.321,0.002,5.393,0.648,175.0,175.0,175.0,175.0,0,0.0,0.0,19.6,44.8,2.5,37.1,0.9,67.4,11.5,4.4,76.0,33.2,0.4,2.7,40.5,5.2,3.5,2.9,2.4,13.3,13.8,14.3,15.6,21.7,51.5,60.2,23.8,20.8,64.7,55.8,0.3,0.0,0.0,0.0,5.2,6.1,9.3,6.3,47.1,0.0,0.0,0.0,0.0,0.0,0.0,89.6,92.8,94.0,94.7,74.8,73.1,69.4,71.5,0.1,0.0,0.0,0.0,0.0,0.0,0.7,2394.1,24.00,36,35,35,68,103,383,2,2,Yes,No,No,No,No,No,No,No,No,No,Yes,No,No,Yes,No,No,No,No,No,No,No,Yes,No,No,No,No,No,Yes,No,No,No,No,No,No,No,Yes,No,No,85.0,4980,4260,5040,69.5,1.110,1.110,1.800,1.815,0.990,5.110,1.625,No,No,No,69.2,1.110,1.110,1.800,1.815,1.005,5.110,1.125,No,No,No,41,41,94.0,100.0,No,No,32291,48158,37,70,99.0,100.0,No,No,1856,3315,0.8,2.8,3.6,0.065,0.288,62668,43677,0.1,0.1,0.2,0.130,0.024,35420,12253,70.9,72.0,77.2,83.0,0.875,20.562,20.559,20.566,49.691,20.774,34.182,12.459,46.849,3.000,15.433,9.406,24.091,100.000,140.000,2250.0,2200.2,1890.0,2210.8,1905.0,40.0,13.0,0.0,3.0,67.0,8.8,35.2,0.0,0.0,0.0,Yes,No,No,No,No,Yes,No,0,0,0,0,0,0,0,0,0,4,0,0,0,0,0,0,0,0,0,0,0,0,0,0,0,0,0,0,0,0,2698,5490,5258,356,16.0,67,0.297,38.369,600.0,2394.0,0.1,0.0,0.0,0.0,0.0,0.0,0.0,0.0,0.0,2,16190,2,No,No,No,No,No,No,No,No,16.704,68.277,100.0,0.000,24.1,120,0,0,8.1,120.0,135.8,107.9,105.5,106.3,105.2,120.0,136.1,106.4,105.9,106.1,105.9,8.34,9.23,7.35,7.28,9.35,9.46,3.75,4.58,8.03,0.31,0.52,1447,246,1.7,0.8,0,0,0.0,0.0,0,
11.6.2026,17:31:8.324,25517,23250,52.3,20165,12219,62.2,10.9,16384,1788,1.192,1.179,1.164,1.174,1.174,1.174,1.200,1.210,1.185,1.215,1.200,1.200,1.195,1.210,1.210,1.061,0.781,3470.1,4489.0,4489.0,4489.0,4489.0,798.0,4489.0,3591.2,3591.2,3591.2,3591.2,1895.4,1895.4,3591.2,3591.2,99.8,3890.5,836.2,1990.2,102.3,1715.2,38.7,3252.5,450.8,280.5,3259.8,1516.0,12.2,143.6,1590.1,191.7,140.8,105.9,75.6,439.3,445.4,433.2,540.3,929.1,20.3,46.5,2.4,40.0,1.0,72.5,10.2,6.3,72.8,35.8,2.0,3.4,37.3,6.6,4.9,3.7,2.5,13.5,13.7,13.4,17.2,72.8,20.3,100.0,35.0,78.3,4.1,67.0,1.6,126.6,18.6,11.1,126.9,59.1,0.5,5.7,62.0,11.6,8.5,6.4,4.8,25.6,26.1,25.4,30.8,35.0,34.8,45.0,45.0,45.0,45.0,8.0,45.0,36.0,36.0,36.0,36.0,19.0,19.0,36.0,36.0,39.0,67,69,68,75,71,68,69,66,66,66,66,65,65,65,65,33,31,32,25,29,32,31,34,34,34,34,35,35,35,35,79,75,No,No,No,No,No,No,No,No,No,No,No,No,No,No,No,No,No,No,No,No,No,No,No,No,No,No,No,No,No,No,No,No,No,No,No,No,No,No,No,No,No,No,No,No,No,No,No,No,78,74,67,1.100,31.219,39.071,32.170,0.002,5.413,0.659,175.0,175.0,175.0,175.0,0,0.0,0.0,20.2,46.2,2.3,40.0,0.9,72.4,10.1,6.2,72.7,35.8,0.3,3.2,37.3,6.7,4.9,3.6,2.4,13.7,13.8,13.6,17.2,21.6,50.3,57.2,20.4,22.6,62.2,59.2,4.4,0.0,0.0,0.0,6.0,4.8,10.5,4.4,46.5,0.0,0.0,0.0,0.0,0.0,0.0,83.8,91.0,93.3,94.7,73.2,74.2,68.9,71.6,0.0,0.0,0.2,0.0,0.0,0.0,0.0,2394.1,24.00,36,35,35,68,103,383,2,2,Yes,No,No,No,No,No,No,No,No,No,Yes,No,No,Yes,No,No,No,No,No,No,No,Yes,No,No,No,No,No,Yes,No,No,No,No,No,No,No,Yes,No,No,86.0,4920,4020,4980,69.5,1.110,1.110,1.800,1.815,1.005,5.110,1.000,No,No,No,69.2,1.110,1.110,1.800,1.815,1.005,5.110,1.625,No,No,No,41,41,94.0,100.0,No,No,32291,48158,37,70,99.0,100.0,No,No,1856,3315,0.0,1.9,1.9,0.000,0.059,62668,43677,0.1,0.0,0.1,0.517,0.000,35420,12253,71.3,72.0,78.6,83.0,0.875,20.551,20.547,20.555,50.073,33.020,35.637,12.472,48.325,3.000,15.452,85.060,31.193,100.000,140.000,2250.0,2200.2,1890.0,2234.1,1905.0,43.0,13.0,0.0,3.0,67.0,9.2,37.0,0.0,0.0,0.0,Yes,No,No,No,No,Yes,No,0,0,0,0,0,0,0,0,0,4,0,0,0,0,0,0,0,0,0,0,0,0,0,0,0,0,0,0,0,0,2698,5490,5258,356,16.0,68,0.300,38.704,600.0,2394.0,0.1,0.0,0.0,0.0,0.0,0.0,0.0,0.0,0.0,2,16190,2,No,No,No,No,No,No,No,No,16.704,68.277,100.0,0.000,24.1,120,0,0,8.2,119.7,136.0,105.3,76.7,86.9,74.1,119.7,149.8,94.3,79.5,84.9,78.0,8.35,9.48,7.32,6.90,11.53,13.57,3.82,4.54,8.04,0.31,0.74,1447,246,4.0,1.2,0,0,0.0,0.0,0,
11.6.2026,17:31:9.325,25513,23254,52.3,20166,12217,62.2,10.9,16384,1788,1.177,1.182,1.182,1.177,1.205,1.180,1.180,1.175,1.190,1.156,1.161,1.190,1.171,1.165,1.165,1.061,0.781,3976.0,4489.0,4489.0,4489.0,4489.0,4489.0,4489.0,3591.2,3591.2,3591.2,3591.2,3591.2,3591.2,3591.2,3591.2,99.8,3890.5,882.7,2024.8,260.0,1722.8,139.1,3354.9,556.0,432.1,2936.6,1579.8,99.7,255.6,1559.1,253.7,201.7,168.5,135.3,475.4,500.0,487.0,511.7,980.0,21.3,47.2,5.9,40.0,3.2,74.7,12.5,9.6,65.5,37.1,2.2,5.8,36.4,8.4,6.6,5.0,3.9,15.0,15.3,14.7,16.8,74.7,21.3,100.0,37.0,79.7,10.2,67.2,5.5,130.0,22.6,17.1,114.8,61.4,3.8,10.0,60.7,14.9,11.7,9.8,8.1,27.5,28.4,28.0,29.2,37.0,39.9,45.0,45.0,45.0,45.0,45.0,45.0,36.0,36.0,36.0,36.0,36.0,36.0,36.0,36.0,39.0,70,71,70,75,74,72,71,69,69,69,69,68,68,68,68,30,29,30,25,26,28,29,31,31,31,31,32,32,32,32,79,75,No,No,No,No,No,No,No,No,No,No,No,No,No,No,No,No,No,No,No,No,No,No,No,No,No,No,No,No,No,No,No,No,No,No,No,No,No,No,No,No,No,No,No,No,No,No,No,No,78,75,67,1.100,69.189,38.376,31.374,0.002,5.447,0.671,175.0,175.0,175.0,175.0,0,0.0,0.0,21.4,47.0,5.8,40.0,3.2,74.6,12.4,9.7,65.6,37.1,2.2,5.8,36.6,8.6,6.7,5.1,4.1,15.0,15.5,15.0,17.0,22.4,47.4,56.0,17.2,27.4,58.7,58.2,0.3,1.8,0.1,2.1,7.3,13.3,14.0,9.1,44.3,0.0,0.0,0.0,0.0,0.0,0.0,85.1,87.1,90.8,90.3,70.9,64.7,64.3,67.4,0.3,0.5,0.3,0.0,0.0,0.8,0.2,2394.1,24.00,36,35,35,68,103,383,2,2,Yes,No,No,No,No,No,No,No,No,No,Yes,No,No,Yes,No,No,No,No,No,No,No,Yes,No,No,No,No,No,Yes,No,No,No,No,No,No,No,Yes,No,No,85.0,4980,3960,4980,69.5,1.095,1.110,1.800,1.815,1.005,5.110,1.500,No,No,No,69.2,1.095,1.110,1.800,1.815,1.005,5.110,1.000,No,No,No,41,41,94.0,100.0,No,No,32291,48158,37,70,99.0,100.0,No,No,1856,3315,0.0,1.8,1.8,0.000,0.110,62668,43677,0.0,0.0,0.0,0.000,0.000,35420,12253,72.8,72.0,79.2,83.0,0.875,20.489,20.481,20.497,53.262,36.852,43.853,14.706,58.807,3.000,17.681,87.808,32.107,100.000,140.000,2250.0,2200.2,1890.0,2234.8,1905.0,46.0,18.0,0.0,6.0,66.6,11.0,44.1,0.0,0.0,0.0,Yes,No,No,No,No,Yes,No,0,0,0,0,0,0,0,0,0,4,0,0,0,0,0,0,0,0,0,0,0,0,0,0,0,0,0,0,0,0,2739,5449,5218,356,16.0,68,0.300,41.141,600.0,2394.0,0.1,0.0,0.0,0.0,0.0,0.0,0.0,0.0,0.0,2,16190,2,No,No,No,No,No,No,No,No,16.703,68.277,100.0,0.000,24.1,120,0,0,8.7,119.8,136.6,109.2,79.0,89.8,76.2,119.7,171.8,86.8,58.3,67.5,56.0,8.34,9.15,7.34,5.96,11.16,13.16,4.17,4.19,8.03,0.31,0.68,1447,246,1.0,0.7,0,0,0.0,0.0,0,
11.6.2026,17:31:10.322,25422,23346,52.1,20125,12258,62.1,10.9,16384,1788,1.202,1.184,1.159,1.154,1.201,1.191,1.186,1.216,1.221,1.221,1.221,1.206,1.201,1.236,1.226,1.061,0.781,3854.9,4489.0,4489.0,4489.0,4489.0,4489.0,4489.0,3591.2,3591.2,3591.2,3591.2,3591.2,1895.4,3591.2,3591.2,99.8,3890.5,1277.8,2279.9,1243.5,1826.7,1109.9,2382.2,2063.2,2157.8,1997.4,1568.7,814.8,1306.7,1316.8,639.1,683.3,697.1,677.5,656.7,734.2,745.0,654.7,1422.8,30.9,52.0,28.2,41.6,25.5,53.1,46.3,48.3,44.6,36.5,18.8,30.2,30.6,18.8,20.3,20.4,19.6,19.2,21.6,21.8,19.9,53.1,30.9,100.0,54.7,89.3,48.6,71.0,43.4,92.7,80.7,84.2,77.9,61.1,31.8,50.9,51.5,36.3,39.1,39.8,38.3,37.2,41.5,41.9,37.0,54.7,38.6,45.0,45.0,45.0,45.0,45.0,45.0,36.0,36.0,36.0,36.0,36.0,19.0,36.0,36.0,39.0,70,73,71,75,74,70,70,69,69,69,69,68,68,68,68,30,27,29,25,26,30,30,31,31,31,31,32,32,32,32,79,75,No,No,No,No,No,No,No,No,No,No,No,No,No,No,No,No,No,No,No,No,No,No,No,No,No,No,No,No,No,No,No,No,No,No,No,No,No,No,No,No,No,No,No,No,No,No,No,No,79,75,68,1.100,51.470,46.504,39.313,0.002,5.659,0.758,175.0,175.0,175.0,175.0,0,0.0,0.0,30.9,51.6,28.3,41.5,25.5,53.1,46.0,48.3,44.6,36.5,18.7,30.2,30.5,18.8,20.4,20.5,19.7,19.3,21.8,21.8,20.0,23.3,30.4,40.9,14.8,19.4,49.5,48.0,11.6,15.3,17.4,10.9,8.4,21.4,25.1,12.8,32.8,0.6,0.0,0.1,0.0,0.0,0.0,62.6,57.0,54.9,62.2,65.1,50.0,46.8,60.3,0.7,0.7,1.2,0.0,0.0,1.6,0.7,2394.1,24.00,36,35,35,68,103,383,2,2,Yes,No,No,No,No,No,No,No,No,No,Yes,No,No,Yes,No,No,No,No,No,No,No,Yes,No,No,No,No,No,Yes,No,No,No,No,No,No,No,Yes,No,No,85.0,4980,3900,4980,69.5,1.095,1.110,1.800,1.815,1.005,5.110,1.625,No,No,No,69.0,1.095,1.110,1.800,1.815,1.005,5.110,1.000,No,No,No,41,41,94.0,100.0,No,No,32291,48158,37,70,99.0,100.0,No,No,1856,3315,0.3,1.1,1.4,0.068,0.043,62668,43677,0.1,0.0,0.1,0.258,0.000,35421,12253,74.1,74.0,81.1,83.0,0.875,20.486,20.478,20.494,60.255,36.550,44.392,14.949,59.556,3.000,17.906,83.121,32.923,100.000,140.000,2250.0,2200.2,1890.0,2230.7,1905.0,59.0,23.0,0.0,8.0,66.5,13.5,53.9,0.0,0.0,0.0,Yes,No,No,No,No,Yes,No,0,0,0,0,0,0,0,0,0,4,0,0,0,0,0,0,0,0,0,0,0,0,0,0,0,0,0,0,0,0,2739,5449,5217,356,16.0,68,0.297,48.556,600.0,2394.0,0.1,0.0,0.0,0.0,0.0,0.0,0.0,0.0,0.0,2,16190,2,No,No,No,No,No,No,No,No,16.703,68.277,100.0,0.000,24.1,114,0,0,8.4,114.3,186.1,95.0,18.0,27.9,16.4,114.3,176.7,84.6,17.7,27.0,16.1,8.75,10.55,5.35,4.57,35.91,61.20,5.32,3.43,8.43,0.32,1.80,1447,246,1.7,7.0,0,0,0.0,0.0,0,
11.6.2026,17:31:11.318,25486,23281,52.2,20162,12222,62.2,10.9,16384,1788,1.231,1.238,1.233,1.223,1.223,1.218,1.223,1.214,1.239,1.224,1.224,1.249,1.239,1.224,1.254,1.061,0.781,3512.8,4489.0,798.0,4489.0,4489.0,4489.0,4489.0,3591.2,3591.2,3591.2,3591.2,798.0,3591.2,3591.2,3591.2,99.8,3890.5,1341.8,2401.0,1277.6,1910.9,1238.3,2063.4,2301.7,2422.7,1822.4,1750.9,804.6,1399.6,1417.8,680.8,746.7,822.6,765.4,715.7,773.2,810.8,710.5,1489.1,32.4,54.7,28.8,43.5,28.3,46.2,51.7,54.3,40.8,40.8,18.2,32.3,32.4,19.7,21.9,23.8,22.2,20.7,22.7,23.7,20.6,54.7,32.4,100.0,57.5,94.1,49.9,74.2,48.5,80.6,89.9,94.9,70.9,68.1,31.2,54.5,55.1,38.5,41.9,46.4,43.3,40.5,43.5,45.1,39.9,57.5,35.2,45.0,8.0,45.0,45.0,45.0,45.0,36.0,36.0,36.0,36.0,8.0,36.0,36.0,36.0,39.0,71,77,70,75,75,69,73,70,70,70,70,68,68,68,68,29,23,30,25,25,31,27,30,30,30,30,32,32,32,32,81,77,No,No,No,No,No,No,No,No,No,No,No,No,No,No,No,No,No,No,No,No,No,No,No,No,No,No,No,No,No,No,No,No,No,No,No,No,No,No,No,No,No,No,No,No,No,No,No,No,81,75,68,1.100,28.688,52.237,45.470,0.002,5.693,0.775,175.0,175.0,175.0,175.0,0,0.0,0.0,32.4,54.4,28.9,43.4,28.3,46.2,51.4,54.2,40.8,40.8,18.2,32.2,32.5,19.8,22.0,23.9,22.3,20.8,22.7,23.8,20.8,28.8,29.8,38.6,15.4,17.5,46.7,45.4,19.4,28.0,26.2,22.7,24.2,36.7,44.2,7.9,26.2,0.2,0.0,0.2,0.4,0.0,0.0,54.1,44.2,43.5,48.4,48.7,34.9,27.3,64.5,0.1,0.0,0.2,0.0,0.0,0.2,0.0,2394.1,24.00,36,35,35,68,103,383,2,2,Yes,No,No,No,No,No,No,No,No,No,Yes,No,No,Yes,No,No,No,No,No,No,No,Yes,No,No,No,No,No,No,No,No,No,No,No,No,No,No,No,No,86.0,4980,3900,4980,69.5,1.095,1.110,1.815,1.815,1.005,5.110,2.375,No,No,No,69.2,1.095,1.110,1.800,1.815,1.005,5.110,2.000,No,No,No,41,41,94.0,100.0,No,No,32291,48158,37,70,99.0,100.0,No,No,1856,3315,0.0,0.9,0.9,0.000,0.020,62668,43677,0.4,0.0,0.4,2.968,0.000,35423,12253,75.3,74.0,83.4,83.0,0.875,20.496,20.488,20.505,61.929,32.057,43.562,14.731,58.521,3.000,17.698,56.489,30.401,100.000,140.000,2250.0,2200.2,1890.0,2228.8,1905.0,58.0,22.0,0.0,8.0,66.9,13.4,53.5,0.0,0.0,0.0,Yes,No,No,No,No,Yes,No,0,0,0,0,0,0,0,0,0,4,0,0,0,0,0,0,0,0,0,0,0,0,0,0,0,0,0,0,0,0,2714,5474,5243,356,16.0,68,0.297,51.086,600.0,2394.0,0.1,0.0,0.0,0.0,0.0,0.0,0.0,0.0,0.0,2,16190,2,No,No,No,No,No,No,No,No,16.703,68.277,100.0,0.000,24.1,119,0,0,8.4,119.0,147.1,95.0,85.8,89.2,84.8,119.0,149.2,93.9,87.9,90.3,87.3,8.41,10.50,6.76,6.70,11.18,11.76,5.38,3.03,8.08,0.33,0.77,1447,246,2.3,6.4,0,0,0.0,0.0,0,
11.6.2026,17:31:12.318,25473,23294,52.2,20148,12235,62.2,10.9,16384,1788,1.207,1.182,1.182,1.227,1.248,1.198,1.193,1.183,1.193,1.188,1.223,1.178,1.198,1.253,1.248,1.101,0.781,3491.5,4489.0,4489.0,4489.0,4489.0,4489.0,4489.0,1895.4,3591.2,1895.4,1895.4,1895.4,3591.2,3591.2,3591.2,99.8,4090.0,1228.1,2116.8,1106.3,1788.5,935.2,2028.3,2308.2,2609.9,1732.7,1500.8,783.0,1299.0,1302.1,593.6,616.0,634.5,628.0,638.2,662.9,647.0,629.9,1373.9,29.7,48.6,25.0,41.0,21.5,45.5,51.8,58.4,38.7,35.2,18.0,30.1,30.2,17.5,18.4,18.7,18.7,18.7,19.5,18.9,19.2,58.4,29.7,100.0,52.4,83.2,43.4,69.4,36.6,79.4,89.8,102.1,67.0,58.3,30.4,50.6,51.0,33.9,34.8,36.0,35.5,36.1,37.7,36.5,35.6,52.4,35.0,45.0,45.0,45.0,45.0,45.0,45.0,19.0,36.0,19.0,19.0,19.0,36.0,36.0,36.0,41.0,70,73,69,75,71,69,69,69,69,69,69,68,68,68,68,30,27,31,25,29,31,31,31,31,31,31,32,32,32,32,81,75,No,No,No,No,No,No,No,No,No,No,No,No,No,No,No,No,No,No,No,No,No,No,No,No,No,No,No,No,No,No,No,No,No,No,No,No,No,No,No,No,No,No,No,No,No,No,No,No,81,74,68,1.100,18.563,45.396,37.729,0.002,5.628,0.739,175.0,175.0,175.0,175.0,0,0.0,0.0,29.6,48.3,25.0,40.9,21.5,45.4,51.5,58.4,38.6,35.2,17.9,30.0,30.0,17.5,18.4,18.8,18.7,18.8,19.6,19.1,19.1,20.1,38.1,46.6,15.8,15.8,53.2,49.8,6.3,8.3,8.8,7.3,7.0,8.6,10.7,4.4,37.9,0.0,0.0,0.6,0.0,0.0,0.0,68.8,66.2,64.6,66.6,67.1,64.2,62.8,69.4,0.1,0.0,0.3,0.0,0.0,0.0,0.0,2394.1,24.00,36,35,35,68,103,383,2,2,Yes,No,No,No,No,No,No,No,No,No,Yes,No,No,Yes,No,No,No,No,No,No,No,Yes,No,No,No,No,No,Yes,No,No,No,No,No,No,No,Yes,No,No,86.0,4980,4020,5040,69.5,1.095,1.110,1.800,1.815,1.005,5.110,2.375,No,No,No,69.2,1.095,1.110,1.800,1.815,1.005,5.110,1.375,No,No,No,41,41,94.0,100.0,No,No,32291,48158,37,70,99.0,100.0,No,No,1856,3315,0.0,1.3,1.3,0.000,0.195,62668,43677,0.1,0.0,0.1,0.517,0.000,35424,12253,75.3,72.0,83.3,83.0,0.875,20.487,20.479,20.496,61.289,33.005,46.978,14.908,62.104,3.000,17.878,46.789,39.377,100.000,140.000,2250.0,2200.2,1890.0,2230.0,1905.0,57.0,20.0,0.0,7.0,66.9,13.8,55.1,0.0,0.0,0.0,Yes,No,No,No,No,Yes,No,0,0,0,0,0,0,0,0,0,4,0,0,0,0,0,0,0,0,0,0,0,0,0,0,0,0,0,0,0,0,2714,5474,5243,356,16.0,68,0.297,45.033,600.0,2394.0,0.1,0.0,0.0,0.0,0.0,0.0,0.0,0.0,0.0,2,16190,2,No,No,No,No,No,No,No,No,16.703,68.277,100.0,0.000,24.1,118,0,0,8.2,118.4,132.4,102.8,48.1,62.3,45.0,118.3,165.4,90.9,47.2,59.4,44.4,8.45,9.85,7.52,7.41,16.09,22.19,5.38,3.07,8.13,0.32,0.83,1447,246,5.2,1.1,0,0,0.0,0.0,0,
11.6.2026,17:31:13.318,25480,23287,52.2,20152,12232,62.2,10.9,16384,1788,1.215,1.232,1.188,1.188,1.252,1.197,1.202,1.202,1.212,1.217,1.192,1.222,1.252,1.227,1.228,1.061,0.781,3990.2,4688.5,4489.0,4489.0,4489.0,4489.0,4489.0,3591.2,3591.2,3591.2,3591.2,3591.2,3591.2,3591.2,3591.2,99.8,3890.5,1254.1,2225.7,1139.0,1667.2,1108.3,2117.9,2204.3,2636.0,1765.5,1604.1,654.4,1326.7,1343.2,657.3,650.6,691.0,631.4,663.7,651.9,674.1,669.5,1401.4,30.2,50.9,25.7,38.2,25.4,47.4,49.6,58.8,39.4,37.6,14.8,30.6,30.9,19.2,19.1,20.1,18.2,19.3,18.9,19.7,20.2,58.8,30.2,100.0,53.5,87.4,44.6,64.8,43.3,82.6,86.0,103.0,68.3,62.4,25.4,51.7,52.3,37.2,36.9,38.9,35.8,37.4,36.8,38.0,37.4,53.5,40.0,47.0,45.0,45.0,45.0,45.0,45.0,36.0,36.0,36.0,36.0,36.0,36.0,36.0,36.0,39.0,70,73,71,75,75,69,70,69,69,69,69,68,68,68,68,30,27,29,25,25,31,30,31,31,31,31,32,32,32,32,79,75,No,No,No,No,No,No,No,No,No,No,No,No,No,No,No,No,No,No,No,No,No,No,No,No,No,No,No,No,No,No,No,No,No,No,No,No,No,No,No,No,No,No,No,No,No,No,No,No,79,73,68,1.100,76.782,48.988,41.818,0.002,5.625,0.749,175.0,175.0,175.0,175.0,0,0.0,0.0,30.2,50.5,25.7,38.1,25.4,47.3,49.1,58.9,39.3,37.6,14.7,30.5,30.9,19.4,19.1,20.2,18.4,19.4,19.0,19.7,20.4,22.4,35.9,46.5,15.6,15.1,52.5,48.1,17.1,8.9,15.3,13.9,8.4,11.1,21.0,4.4,34.9,0.0,0.0,0.4,0.2,0.0,0.0,56.6,64.7,57.4,60.6,65.1,62.7,52.3,68.4,0.4,0.0,0.2,0.2,0.0,1.5,0.5,2394.1,24.00,36,35,35,68,103,383,2,2,Yes,No,No,No,No,No,No,No,No,No,Yes,No,No,Yes,No,No,No,No,No,No,No,Yes,No,No,No,No,No,Yes,No,No,No,No,No,No,No,Yes,No,No,84.0,4980,4020,5040,69.5,1.095,1.110,1.800,1.800,1.005,5.110,1.625,No,No,No,69.0,1.095,1.110,1.800,1.815,1.005,5.110,1.250,No,No,No,41,41,94.0,100.0,No,No,32291,48158,37,70,99.0,100.0,No,No,1856,3315,0.0,3.3,3.3,0.000,0.384,62668,43678,0.1,0.0,0.1,0.517,0.000,35424,12253,74.3,72.0,81.2,83.0,0.875,20.497,20.489,20.504,63.003,25.581,44.319,14.650,59.196,3.000,17.623,9.665,30.617,100.000,140.000,2250.0,2200.2,1890.0,2229.3,1905.0,56.0,21.0,0.0,7.0,67.6,13.9,55.7,0.0,0.0,0.0,Yes,No,No,No,No,Yes,No,0,0,0,0,0,0,0,0,0,4,0,0,0,0,0,0,0,0,0,0,0,0,0,0,0,0,0,0,0,0,2650,5538,5307,356,16.0,68,0.297,48.152,600.0,2394.0,0.1,0.0,0.0,0.0,0.0,0.0,0.0,0.0,0.0,2,16190,2,No,No,No,No,No,No,No,No,16.703,68.277,100.0,0.000,24.1,117,0,0,8.6,117.3,135.4,68.7,39.3,47.5,37.4,117.3,151.4,79.6,42.3,53.1,39.9,8.52,14.73,7.31,6.24,21.22,26.89,5.64,2.89,8.21,0.31,0.92,1447,246,1.1,0.7,0,0,0.0,0.0,0,
11.6.2026,17:31:14.317,25535,23233,52.3,20158,12226,62.2,10.9,16384,1788,1.224,1.239,1.219,1.210,1.195,1.225,1.245,1.240,1.245,1.220,1.210,1.225,1.245,1.223,1.203,1.061,0.781,3990.2,4489.0,4489.0,4688.5,4489.0,4489.0,4489.0,3591.2,3591.2,3591.2,3591.2,3591.2,3591.2,3591.2,3591.2,99.8,3890.5,1282.1,2191.3,1195.1,1797.2,1101.8,2136.9,2224.0,2724.0,1618.3,1544.6,967.8,1321.2,1315.2,670.5,623.7,741.4,675.1,642.8,754.0,757.9,639.4,1428.0,30.9,50.2,27.0,41.0,25.3,47.8,50.1,60.9,36.1,35.8,22.1,30.5,30.2,19.8,18.1,21.7,19.5,18.5,21.9,22.2,19.4,60.9,30.9,100.0,54.8,86.1,46.7,69.8,43.2,83.4,86.6,106.6,62.7,60.1,37.6,51.4,51.2,38.0,35.3,42.0,37.9,36.3,42.2,42.9,36.3,54.8,40.0,45.0,45.0,47.0,45.0,45.0,45.0,36.0,36.0,36.0,36.0,36.0,36.0,36.0,36.0,39.0,70,75,70,75,71,69,69,69,69,69,69,68,68,68,68,30,25,30,25,29,31,31,31,31,31,31,32,32,32,32,79,75,No,No,No,No,No,No,No,No,No,No,No,No,No,No,No,No,No,No,No,No,No,No,No,No,No,No,No,No,No,No,No,No,No,No,No,No,No,No,No,No,No,No,No,No,No,No,No,No,81,75,68,1.100,37.969,46.352,39.830,0.003,5.653,0.760,175.0,175.0,175.0,175.0,0,0.0,0.0,30.9,49.9,27.0,40.9,25.4,47.8,49.7,60.9,36.0,35.7,22.1,30.5,30.2,19.8,18.2,21.9,19.8,18.7,22.1,22.4,19.4,23.3,34.8,42.8,16.0,15.5,49.1,47.8,12.8,14.0,19.4,20.2,9.0,18.4,22.3,4.6,33.0,0.3,0.0,0.2,0.3,0.0,0.0,60.5,60.8,51.6,52.9,65.3,52.8,48.4,69.1,0.5,0.0,1.2,0.0,0.0,0.8,1.0,2394.1,24.00,36,35,35,68,103,383,2,2,Yes,No,No,No,No,No,No,No,No,No,Yes,No,No,Yes,No,No,No,No,No,No,No,Yes,No,No,No,No,No,Yes,No,No,No,No,No,No,No,Yes,No,No,85.0,4980,4020,5040,69.5,1.095,1.110,1.800,1.815,1.005,5.110,1.625,No,No,No,69.2,1.095,1.110,1.800,1.815,1.005,5.110,2.125,No,No,No,41,41,94.0,100.0,No,No,32291,48158,36,70,99.0,100.0,No,No,1856,3315,0.0,0.6,0.6,0.000,0.024,62668,43678,0.6,0.0,0.6,3.883,0.000,35428,12253,74.5,72.0,81.5,83.0,0.875,20.491,20.482,20.500,62.620,26.213,45.647,14.931,60.823,3.000,17.906,10.139,31.046,100.000,140.000,2250.0,2200.2,1890.0,2229.1,1905.0,62.0,23.0,0.0,7.0,67.4,14.3,57.2,0.0,0.0,0.0,Yes,No,No,No,No,Yes,No,0,0,0,0,0,0,0,0,0,4,0,0,0,0,0,0,0,0,0,0,0,0,0,0,0,0,0,0,0,0,2666,5522,5291,356,16.0,68,0.297,48.019,600.0,2394.0,0.1,0.0,0.0,0.0,0.0,0.0,0.0,0.0,0.0,2,16190,2,No,No,No,No,No,No,No,No,16.703,68.277,100.0,0.000,24.1,117,0,0,8.4,117.3,136.7,72.4,41.6,50.3,39.6,117.3,138.7,87.9,42.3,54.5,39.7,8.52,13.86,7.25,6.99,19.99,25.41,5.59,2.93,8.21,0.31,0.76,1447,246,1.2,1.0,0,0,0.0,0.0,0,
11.6.2026,17:31:15.331,25510,23258,52.3,20146,12238,62.2,10.9,16384,1788,1.173,1.211,1.166,1.156,1.171,1.163,1.158,1.148,1.198,1.168,1.168,1.203,1.173,1.173,1.173,1.061,0.781,3854.9,4489.0,4489.0,4489.0,4489.0,4489.0,4489.0,3591.2,3591.2,3591.2,3591.2,1895.4,3591.2,3591.2,3591.2,99.8,3890.5,1300.2,2215.3,1126.3,1705.2,1188.7,2850.5,1569.6,3157.5,1194.2,1548.0,862.8,1372.8,1406.4,763.0,668.3,728.9,730.0,712.9,729.9,750.5,724.3,1442.9,31.6,50.9,25.4,39.0,27.4,63.6,35.3,70.6,26.6,36.0,19.8,31.6,32.4,22.9,19.7,22.1,21.4,21.4,21.8,22.7,21.9,70.6,31.6,100.0,55.8,87.0,44.1,66.3,46.6,111.0,61.6,123.0,46.5,60.1,33.6,53.4,54.8,42.9,37.9,41.0,41.2,40.1,41.1,42.2,40.7,55.8,38.6,45.0,45.0,45.0,45.0,45.0,45.0,36.0,36.0,36.0,36.0,19.0,36.0,36.0,36.0,39.0,71,74,73,75,75,72,73,69,69,69,69,68,68,68,68,29,26,27,25,25,28,27,31,31,31,31,32,32,32,32,81,75,No,No,No,No,No,No,No,No,No,No,No,No,No,No,No,No,No,No,No,No,No,No,No,No,No,No,No,No,No,No,No,No,No,No,No,No,No,No,No,No,No,No,No,No,No,No,No,No,79,76,68,1.100,31.219,48.723,41.411,0.002,5.669,0.767,175.0,175.0,175.0,175.0,0,0.0,0.0,31.6,50.5,25.5,38.9,27.3,63.7,35.1,70.6,26.7,36.0,19.8,31.5,32.4,23.0,19.9,22.2,21.4,21.6,21.9,22.8,22.0,23.3,35.9,44.4,15.7,15.4,51.5,46.3,18.5,11.4,19.1,15.3,9.7,17.3,21.7,4.0,32.3,0.0,0.0,0.0,0.0,0.0,0.0,51.7,61.4,52.0,56.2,61.4,53.9,48.6,66.9,0.1,0.0,0.1,0.0,0.0,0.0,0.3,2394.1,24.00,36,35,35,68,103,383,2,2,Yes,No,No,No,No,No,No,No,No,No,Yes,No,No,Yes,No,No,No,No,No,No,No,Yes,No,No,No,No,No,Yes,No,No,No,No,No,No,No,Yes,No,No,84.0,5040,4200,4980,69.5,1.095,1.110,1.800,1.815,1.005,5.110,1.625,No,No,No,69.2,1.095,1.110,1.800,1.815,1.005,5.110,1.250,No,No,No,41,41,94.0,100.0,No,No,32291,48158,37,70,99.0,100.0,No,No,1856,3315,0.2,1.6,1.8,0.032,0.051,62668,43678,0.0,0.0,0.0,0.000,0.000,35428,12253,75.6,74.0,83.3,83.0,0.875,20.487,20.478,20.497,64.154,26.915,46.856,14.949,62.044,3.000,17.921,10.118,33.520,100.000,140.000,2250.0,2200.2,1890.0,2228.8,1905.0,64.0,23.0,0.0,7.0,67.4,14.6,58.3,0.0,0.0,0.0,Yes,No,No,No,No,Yes,No,0,0,0,0,0,0,0,0,0,4,0,0,0,0,0,0,0,0,0,0,0,0,0,0,0,0,0,0,0,0,2666,5522,5291,356,16.0,68,0.300,47.325,600.0,2394.0,0.2,0.0,0.0,0.0,0.0,0.0,0.0,0.0,0.0,2,16190,2,No,No,No,No,No,No,No,No,16.704,68.277,100.0,0.000,24.1,120,0,0,8.1,119.8,136.8,102.6,97.7,99.5,97.2,119.8,141.0,97.3,94.9,95.6,94.7,8.34,9.72,7.20,6.88,10.04,10.31,5.65,2.70,8.03,0.32,0.56,1447,246,1.6,1.0,0,0,0.0,0.0,0,
11.6.2026,17:31:16.327,25502,23266,52.2,20138,12245,62.1,10.9,16384,1788,1.156,1.192,1.164,1.149,1.144,1.134,1.149,1.149,1.154,1.159,1.159,1.159,1.154,1.155,1.155,1.061,0.781,3854.9,4489.0,4489.0,4489.0,4489.0,4489.0,4489.0,1895.4,3591.2,3591.2,3591.2,3591.2,3591.2,3591.2,3591.2,99.8,3890.5,1280.5,2280.6,1165.8,1660.9,1144.1,2675.9,1635.1,3056.8,1300.4,1627.1,722.6,1303.6,1450.7,678.5,654.1,734.6,692.8,711.0,740.6,700.6,674.4,1424.0,30.8,52.0,26.2,37.9,26.2,59.7,36.7,68.2,29.0,37.9,16.2,29.8,33.3,20.1,19.0,21.7,20.3,20.4,21.8,20.5,20.2,68.2,30.8,100.0,54.8,89.4,45.5,64.5,44.7,104.2,64.1,118.9,50.8,63.2,28.0,50.7,56.5,38.2,37.0,41.4,39.1,40.2,41.4,39.5,37.9,54.8,38.6,45.0,45.0,45.0,45.0,45.0,45.0,19.0,36.0,36.0,36.0,36.0,36.0,36.0,36.0,39.0,70,74,73,75,75,71,71,68,68,68,68,68,68,68,68,30,26,27,25,25,29,29,32,32,32,32,32,32,32,32,79,75,No,No,No,No,No,No,No,No,No,No,No,No,No,No,No,No,No,No,No,No,No,No,No,No,No,No,No,No,No,No,No,No,No,No,No,No,No,No,No,No,No,No,No,No,No,No,No,No,79,77,69,1.100,30.375,45.721,37.920,0.003,5.666,0.763,175.0,175.0,175.0,175.0,0,0.0,0.0,31.0,51.7,26.3,37.9,26.3,59.7,36.6,68.2,29.1,38.0,16.3,29.9,33.4,20.3,19.3,22.0,20.6,20.6,22.0,20.8,20.4,21.6,34.4,46.0,17.1,15.1,51.4,46.7,10.2,10.5,13.1,13.5,5.9,21.8,13.0,4.3,34.6,0.0,0.0,0.0,0.0,0.0,0.0,62.3,63.1,57.4,58.8,65.9,49.6,58.7,68.2,0.1,0.0,0.1,0.0,0.0,0.3,0.0,2394.1,24.00,36,35,35,68,103,383,2,2,Yes,No,No,No,No,No,No,No,No,No,Yes,No,No,Yes,No,No,No,No,No,No,No,Yes,No,No,No,No,No,No,No,No,No,No,No,No,No,No,No,No,85.0,4980,4260,4980,69.5,1.095,1.110,1.800,1.815,1.005,5.110,2.250,No,No,No,69.2,1.095,1.110,1.800,1.815,1.005,5.110,1.500,No,No,No,41,41,94.0,100.0,No,No,32291,48158,36,70,99.0,100.0,No,No,1856,3315,0.2,1.2,1.4,0.004,0.063,62668,43678,0.0,0.0,0.0,0.000,0.000,35428,12253,76.4,74.0,84.8,83.0,0.875,20.485,20.476,20.494,64.791,27.171,46.697,15.029,61.975,3.000,18.005,10.157,35.333,100.000,140.000,2250.0,2200.2,1890.0,2228.0,1905.0,62.0,23.0,0.0,7.0,67.4,14.7,58.7,0.0,0.0,0.0,Yes,No,No,No,No,Yes,No,0,0,0,0,0,0,0,0,0,4,0,0,0,0,0,0,0,0,0,0,0,0,0,0,0,0,0,0,0,0,2666,5522,5291,356,16.0,68,0.300,47.325,600.0,2394.0,0.2,0.0,0.0,0.0,0.0,0.0,0.0,0.0,0.0,2,16190,2,No,No,No,No,No,No,No,No,16.704,68.277,100.0,0.000,24.1,120,0,0,8.2,120.0,141.6,105.8,105.4,105.5,105.3,120.0,142.3,105.3,104.0,104.6,103.9,8.34,9.43,7.04,6.71,9.48,9.52,5.70,2.64,8.02,0.32,0.56,1447,246,5.9,5.7,0,0,0.0,0.0,0,
11.6.2026,17:31:17.322,25502,23266,52.2,20137,12246,62.1,10.9,16384,1788,1.200,1.133,1.205,1.190,1.250,1.190,1.190,1.175,1.175,1.205,1.205,1.215,1.205,1.250,1.215,1.061,0.778,3491.5,4489.0,4489.0,4489.0,4489.0,4489.0,4489.0,1895.4,1895.4,1895.4,3591.2,1895.4,3591.2,3591.2,3591.2,99.8,3890.5,1271.5,2122.2,1351.5,1641.4,1148.5,2512.3,1880.6,2688.7,1606.3,1532.3,862.9,1270.8,1419.4,672.8,662.6,714.0,652.6,655.1,667.6,714.3,654.3,1421.2,29.8,47.8,29.5,36.8,25.4,55.5,41.4,59.4,35.2,34.9,18.8,28.2,31.8,18.6,18.4,20.4,18.1,18.1,18.4,19.9,18.6,59.4,29.8,100.0,54.3,83.4,52.7,63.8,44.9,97.9,73.5,104.9,62.5,59.5,33.7,49.5,55.3,38.1,37.6,40.3,37.1,37.1,37.8,40.2,37.0,54.4,35.0,45.0,45.0,45.0,45.0,45.0,45.0,19.0,19.0,19.0,36.0,19.0,36.0,36.0,36.0,39.0,70,74,71,75,72,70,70,69,69,69,69,68,68,68,68,30,26,29,25,28,30,30,31,31,31,31,32,32,32,32,81,75,No,No,No,No,No,No,No,No,No,No,No,No,No,No,No,No,No,No,No,No,No,No,No,No,No,No,No,No,No,No,No,No,No,No,No,No,No,No,No,No,No,No,No,No,No,No,No,No,79,77,69,1.100,30.375,45.721,37.920,0.003,5.666,0.763,175.0,175.0,175.0,175.0,0,0.0,0.0,30.7,48.1,30.4,37.5,26.4,56.0,42.1,60.0,36.0,35.7,19.7,29.1,32.7,19.8,19.6,21.5,19.3,19.3,19.6,21.2,19.8,22.0,34.0,45.9,16.6,16.0,51.5,48.0,9.9,14.9,10.9,10.6,10.8,11.1,22.8,5.6,34.6,0.0,0.0,0.0,0.0,0.0,0.0,63.1,58.3,60.1,62.4,62.7,61.7,49.1,67.4,0.1,0.0,0.3,0.0,0.0,0.1,0.0,2394.1,24.00,36,35,35,68,103,383,2,2,Yes,No,No,No,No,No,No,No,No,No,Yes,No,No,Yes,No,No,No,No,No,No,No,Yes,No,No,No,No,No,Yes,No,No,No,No,No,No,No,Yes,No,No,86.0,5040,4380,5040,69.5,1.095,1.110,1.800,1.815,1.005,5.110,1.750,No,No,No,69.2,1.095,1.110,1.800,1.815,1.005,5.110,1.000,No,No,No,41,41,94.0,100.0,No,No,32291,48158,36,70,99.0,100.0,No,No,1856,3315,0.0,2.1,2.1,0.000,0.068,62668,43678,0.0,0.0,0.0,0.000,0.000,35428,12253,75.8,74.0,84.2,83.0,0.875,20.485,20.478,20.497,64.553,27.171,46.979,14.908,62.105,3.000,17.880,73.793,36.755,100.000,140.000,2250.0,2200.2,1890.0,2227.8,1905.0,64.0,23.0,0.0,7.0,67.4,14.7,58.8,0.0,0.0,0.0,Yes,No,No,No,No,Yes,No,0,0,0,0,0,0,0,0,0,4,0,0,0,0,0,0,0,0,0,0,0,0,0,0,0,0,0,0,0,0,2666,5522,5291,356,16.0,68,0.300,48.004,600.0,2394.0,0.1,0.0,0.0,0.0,0.0,0.0,0.0,0.0,0.0,2,16190,2,No,No,No,No,No,No,No,No,16.704,68.277,100.0,0.000,24.1,120,0,0,7.6,120.0,138.0,108.3,98.3,102.3,97.1,120.0,139.7,105.3,102.2,103.4,101.9,8.34,9.25,7.25,6.79,9.79,10.32,5.70,2.64,8.02,0.32,0.61,1447,246,4.2,2.2,0,0,0.0,0.0,0,
11.6.2026,17:31:18.322,25485,23282,52.2,20121,12262,62.1,10.9,16384,1788,1.167,1.197,1.167,1.182,1.187,1.186,1.191,1.151,1.151,1.151,1.136,1.151,1.161,1.171,1.151,1.061,0.778,3976.0,4489.0,4489.0,4489.0,4489.0,4489.0,4489.0,3591.2,3591.2,3591.2,3591.2,3591.2,3591.2,3591.2,3591.2,99.8,3890.5,1267.2,2152.5,1255.0,1710.3,1115.7,1683.8,2449.8,2024.5,2464.2,1593.6,712.3,1341.1,1466.9,662.1,637.4,717.5,648.3,673.3,715.9,664.8,654.3,1414.7,30.6,49.5,28.4,39.3,25.7,37.6,54.9,45.2,55.2,37.3,16.3,30.9,33.8,19.5,18.6,21.3,19.1,19.7,21.2,19.5,19.7,55.2,30.6,100.0,54.1,84.8,49.1,66.4,43.6,66.0,95.2,79.0,95.6,61.8,27.6,52.2,57.2,37.4,36.1,40.3,36.6,38.0,40.1,37.6,36.9,54.1,39.9,45.0,45.0,45.0,45.0,45.0,45.0,36.0,36.0,36.0,36.0,36.0,36.0,36.0,36.0,39.0,70,71,71,76,74,72,71,69,69,69,69,68,68,68,68,30,29,29,24,26,28,29,31,31,31,31,32,32,32,32,79,76,No,No,No,No,No,No,No,No,No,No,No,No,No,No,No,No,No,No,No,No,No,No,No,No,No,No,No,No,No,No,No,No,No,No,No,No,No,No,No,No,No,No,No,No,No,No,No,No,79,77,68,1.100,34.594,49.646,42.427,0.002,5.655,0.761,175.0,175.0,175.0,175.0,0,0.0,0.0,30.6,49.1,28.4,39.2,25.6,37.6,54.7,45.1,55.0,37.3,16.1,30.8,33.7,19.6,18.6,21.4,19.2,19.7,21.3,19.4,19.6,23.1,35.5,45.8,19.1,13.3,53.1,45.6,12.2,11.7,20.7,15.5,11.2,20.3,16.7,3.3,33.8,0.0,0.0,0.2,0.9,0.0,0.0,60.8,62.6,51.1,58.1,61.8,51.6,56.8,69.9,0.1,0.0,0.1,0.0,0.0,0.1,0.3,2394.1,24.00,36,35,35,68,103,383,2,2,Yes,No,No,No,No,No,No,No,No,No,Yes,No,No,Yes,No,No,No,No,No,No,No,Yes,No,No,No,No,No,Yes,No,No,No,No,No,No,No,Yes,No,No,84.0,4980,4560,5040,69.5,1.095,1.110,1.800,1.815,1.005,5.110,2.375,No,No,No,69.2,1.095,1.110,1.800,1.815,1.005,5.110,2.375,No,No,No,41,41,94.0,100.0,No,No,32291,48158,37,70,99.0,100.0,No,No,1856,3315,0.0,0.6,0.6,0.000,0.026,62668,43678,0.0,0.0,0.0,0.000,0.000,35428,12253,75.8,74.0,84.2,83.0,0.875,20.487,20.478,20.497,64.553,36.488,46.979,14.908,62.105,3.000,17.880,73.793,36.755,100.000,140.000,2250.0,2200.2,1890.0,2227.8,1905.0,64.0,23.0,0.0,7.0,67.4,14.7,58.8,0.0,0.0,0.0,Yes,No,No,No,No,Yes,No,0,0,0,0,0,0,0,0,0,4,0,0,0,0,0,0,0,0,0,0,0,0,0,0,0,0,0,0,0,0,2666,5522,5291,356,16.0,68,0.297,47.859,600.0,2394.0,0.1,0.0,0.0,0.0,0.0,0.0,0.0,0.0,0.0,2,16190,2,No,No,No,No,No,No,No,No,16.703,68.277,100.0,0.000,24.1,120,0,0,7.9,119.9,133.1,109.3,109.0,109.1,108.9,120.0,135.3,107.6,107.1,107.2,107.0,8.34,9.17,7.53,7.49,9.17,9.17,5.67,2.67,8.02,0.32,0.51,1447,246,1.3,0.9,0,0,0.0,0.0,0,
11.6.2026,17:31:19.320,25495,23273,52.2,20126,12257,62.1,10.9,16384,1788,1.165,1.227,1.114,1.114,1.109,1.160,1.170,1.155,1.200,1.150,1.190,1.150,1.210,1.190,1.175,1.061,0.781,3854.9,4489.0,4489.0,4489.0,4489.0,4489.0,4489.0,3591.2,3591.2,3591.2,3591.2,1895.4,3591.2,3591.2,3591.2,99.8,3890.5,1306.8,2290.0,1146.4,1859.2,1118.3,1682.6,2511.5,2010.1,2535.1,1523.4,981.8,1285.5,1517.1,728.4,659.1,692.1,689.4,772.6,710.3,725.3,698.0,1451.9,31.6,52.3,25.8,42.3,25.7,37.6,56.3,44.8,56.9,35.4,22.5,29.7,34.7,21.5,19.2,20.6,20.2,22.7,21.1,21.3,21.0,56.9,31.6,100.0,55.9,89.8,44.9,72.2,43.8,65.9,97.8,78.2,98.5,59.2,38.2,50.1,59.1,41.4,37.5,39.1,38.9,43.4,40.2,40.9,39.5,55.9,38.6,45.0,45.0,45.0,45.0,45.0,45.0,36.0,36.0,36.0,36.0,19.0,36.0,36.0,36.0,39.0,71,74,74,75,77,71,70,69,69,69,69,68,68,68,68,29,26,26,25,23,29,30,31,31,31,31,32,32,32,32,79,77,No,No,No,No,No,No,No,No,No,No,No,No,No,No,No,No,No,No,No,No,No,No,No,No,No,No,No,No,No,No,No,No,No,No,No,No,No,No,No,No,No,No,No,No,No,No,No,No,81,81,68,1.100,34.594,46.908,39.734,0.002,5.652,0.756,175.0,175.0,175.0,175.0,0,0.0,0.0,31.6,52.0,25.9,42.4,25.7,37.6,56.2,44.8,56.6,35.4,22.5,29.7,34.7,21.5,19.4,20.7,20.3,23.0,21.2,21.4,21.1,24.4,34.0,42.0,19.0,12.9,49.2,44.6,25.6,13.1,19.9,19.5,20.6,12.6,26.2,1.9,31.2,0.0,0.0,0.0,0.0,0.0,0.0,46.1,60.5,52.9,53.6,49.5,58.8,46.0,69.7,0.1,0.0,0.3,0.0,0.0,0.1,0.4,2394.1,24.00,36,35,35,68,103,383,2,2,Yes,No,No,No,No,No,No,No,No,No,Yes,No,No,Yes,No,No,No,No,No,No,No,Yes,No,No,No,No,No,No,No,No,No,No,No,No,No,No,No,No,84.0,4980,4560,5040,69.5,1.095,1.110,1.800,1.800,1.005,5.110,1.125,No,No,No,69.2,1.095,1.110,1.800,1.800,1.005,5.110,1.500,No,No,No,41,41,94.0,100.0,No,No,32291,48158,36,70,99.0,100.0,No,No,1856,3315,0.0,2.2,2.2,0.000,0.122,62668,43678,0.1,0.0,0.1,0.258,0.000,35428,12253,74.6,74.0,81.5,83.0,0.875,20.484,20.477,20.492,64.602,25.746,44.622,14.948,59.795,3.000,17.919,10.036,29.902,100.000,140.000,2250.0,2200.2,1890.0,2228.3,1905.0,58.0,22.0,0.0,8.0,67.4,14.2,56.7,0.0,0.0,0.0,Yes,No,No,No,No,Yes,No,0,0,0,0,0,0,0,0,0,4,0,0,0,0,0,0,0,0,0,0,0,0,0,0,0,0,0,0,0,0,2666,5522,5291,356,16.0,68,0.300,48.273,600.0,2394.0,0.2,0.0,0.0,0.0,0.0,0.0,0.0,0.0,0.0,2,16190,2,No,No,No,No,No,No,No,No,16.703,68.277,100.0,0.000,24.1,119,0,0,8.3,119.5,137.2,105.5,77.0,87.1,74.4,119.5,146.6,97.7,95.9,96.3,95.8,8.37,9.47,7.27,6.69,11.50,13.50,5.36,3.01,8.05,0.32,0.71,1447,246,2.0,4.0,0,0,0.0,0.0,0,
11.6.2026,17:31:20.319,25528,23240,52.3,20147,12237,62.2,10.9,16384,1788,1.148,1.213,1.126,1.141,1.131,1.136,1.136,1.151,1.141,1.151,1.126,1.156,1.141,1.146,1.181,1.061,0.781,3854.9,4489.0,4489.0,4489.0,4489.0,4489.0,4489.0,3591.2,3591.2,3591.2,1895.4,3591.2,3591.2,3591.2,3591.2,99.8,3890.5,1310.1,2248.3,1211.8,1808.1,1203.7,1681.6,2529.6,1932.2,2594.9,1414.2,1092.0,1283.6,1584.6,715.3,612.3,691.4,704.4,710.8,730.9,725.0,728.3,1456.7,31.7,51.6,27.5,41.2,27.6,37.7,56.6,43.2,58.2,32.8,25.2,29.6,36.2,21.0,17.8,20.4,21.1,21.0,21.6,21.4,22.0,58.2,31.7,100.0,55.9,88.2,47.5,70.1,47.0,65.6,98.5,75.0,100.9,55.1,42.5,50.0,61.7,40.2,34.7,38.9,39.6,40.1,41.1,40.7,40.8,55.9,38.6,45.0,45.0,45.0,45.0,45.0,45.0,36.0,36.0,36.0,19.0,36.0,36.0,36.0,36.0,39.0,71,74,75,77,75,71,70,70,70,70,70,68,68,68,68,29,26,25,23,25,29,30,30,30,30,30,32,32,32,32,81,77,No,No,No,No,No,No,No,No,No,No,No,No,No,No,No,No,No,No,No,No,No,No,No,No,No,No,No,No,No,No,No,No,No,No,No,No,No,No,No,No,No,No,No,No,No,No,No,No,81,77,68,1.100,54.001,49.863,42.668,0.002,5.680,0.765,175.0,140.0,175.0,175.0,0,0.0,0.0,31.6,51.2,27.4,41.1,27.5,37.6,56.7,43.1,57.9,32.7,25.1,29.6,36.2,21.1,18.0,20.5,21.2,21.0,21.7,21.5,22.0,25.4,33.6,40.9,18.8,13.2,49.9,44.1,22.7,6.5,25.2,22.2,20.0,19.0,26.0,12.9,30.4,0.0,0.0,0.0,0.0,0.0,0.0,49.5,68.4,48.0,49.9,52.5,52.5,46.0,58.6,0.2,0.0,0.6,0.0,0.0,0.4,0.1,2394.1,24.00,36,35,35,68,103,383,2,2,Yes,No,No,No,No,No,No,No,No,No,Yes,No,No,Yes,No,No,No,No,No,No,No,Yes,No,No,No,No,No,No,No,No,No,No,No,No,No,No,No,No,85.0,5040,4620,5040,69.5,1.095,1.110,1.800,1.800,0.990,5.110,2.500,No,No,No,69.2,1.095,1.110,1.800,1.800,1.005,5.110,1.625,No,No,No,41,41,94.0,100.0,No,No,32291,48158,37,70,99.0,100.0,No,No,1856,3315,0.0,1.8,1.8,0.000,0.109,62668,43678,0.0,0.0,0.0,0.000,0.000,35428,12253,75.7,74.0,84.0,83.0,0.875,20.496,20.488,20.504,62.585,25.517,44.144,14.813,59.176,3.000,17.775,9.915,29.799,100.000,140.000,2250.0,2200.2,1890.0,2229.2,1905.0,58.0,23.0,0.0,8.0,67.4,13.5,53.9,0.0,0.0,0.0,Yes,No,No,No,No,Yes,No,0,0,0,0,0,0,0,0,0,4,0,0,0,0,0,0,0,0,0,0,0,0,0,0,0,0,0,0,0,0,2666,5522,5291,356,16.0,68,0.300,49.385,600.0,2394.0,0.2,0.0,0.0,0.0,0.0,0.0,0.0,0.0,0.0,2,16190,2,No,No,No,No,No,No,No,No,16.704,68.277,100.0,0.000,24.1,116,0,0,7.8,116.3,144.0,56.7,46.6,50.0,45.7,116.3,164.5,56.3,49.7,51.8,49.2,8.60,17.51,6.92,6.71,19.95,21.94,5.38,3.22,8.28,0.32,0.99,1447,246,2.2,3.2,0,0,0.0,0.0,0,
11.6.2026,17:31:21.320,25894,22874,53.0,20146,12237,62.2,10.9,16384,1788,1.208,1.203,1.161,1.166,1.214,1.214,1.214,1.219,1.219,1.219,1.219,1.219,1.219,1.219,1.219,1.061,0.781,3976.0,4489.0,4489.0,4489.0,4489.0,4489.0,4489.0,3591.2,3591.2,3591.2,3591.2,3591.2,3591.2,3591.2,3591.2,99.8,3890.5,1313.7,2199.2,1222.6,1755.8,1065.5,2328.1,2091.1,2151.8,2251.4,1359.9,1131.5,1248.2,1542.0,719.3,703.2,790.9,695.4,731.2,763.4,789.7,733.5,1453.5,31.7,50.3,27.5,40.2,24.5,51.8,46.8,48.0,50.6,31.6,25.9,28.8,35.3,21.2,20.6,23.2,20.1,21.0,22.6,22.8,21.6,51.8,31.7,100.0,56.3,86.5,47.8,68.3,41.6,90.4,81.4,83.6,87.9,53.0,43.9,48.6,60.1,40.4,40.0,44.6,38.9,41.2,42.8,44.1,41.1,56.3,39.9,45.0,45.0,45.0,45.0,45.0,45.0,36.0,36.0,36.0,36.0,36.0,36.0,36.0,36.0,39.0,72,76,75,77,75,75,73,70,70,70,70,71,71,71,71,28,24,25,23,25,25,27,30,30,30,30,29,29,29,29,82,77,No,No,No,No,No,No,No,No,No,No,No,No,No,No,No,No,No,No,No,No,No,No,No,No,No,No,No,No,No,No,No,No,No,No,No,No,No,No,No,No,No,No,No,No,No,No,No,No,81,78,68,1.100,51.470,49.804,43.146,0.002,5.670,0.764,175.0,145.0,175.0,175.0,0,0.0,0.0,31.8,49.9,27.5,40.2,24.5,51.8,46.8,47.9,50.4,31.6,26.0,28.8,35.3,21.2,20.6,23.4,20.4,21.2,22.7,23.0,21.8,25.7,33.5,45.1,15.0,14.1,49.4,45.0,25.1,21.3,20.2,18.3,14.7,20.2,21.4,17.2,29.9,1.1,0.0,0.1,0.0,0.0,0.0,47.8,51.8,50.1,55.0,57.4,50.8,49.1,54.8,0.6,0.0,0.0,0.0,1.1,1.5,1.2,2394.1,24.00,36,35,35,68,103,383,2,2,Yes,No,No,No,No,No,No,No,No,No,Yes,No,No,Yes,No,No,No,No,No,No,No,Yes,No,No,No,No,No,Yes,No,No,No,No,No,No,No,Yes,No,No,85.0,5100,4620,5100,69.5,1.095,1.110,1.800,1.800,0.990,5.110,2.250,No,No,No,69.2,1.095,1.110,1.800,1.800,0.990,5.110,2.750,No,No,No,41,41,94.0,100.0,No,No,32291,48158,37,70,99.0,100.0,No,No,1856,3315,0.2,1.5,1.8,0.004,0.063,62668,43678,0.0,0.0,0.0,0.000,0.000,35428,12253,74.2,72.0,81.0,83.0,0.875,20.502,20.494,20.510,61.298,26.232,44.099,14.756,59.088,3.000,17.728,11.956,32.996,100.000,140.000,2250.0,2200.2,1890.0,2228.9,1905.0,59.0,22.0,0.0,8.0,67.6,13.3,53.3,0.0,0.0,0.0,Yes,No,No,No,No,Yes,No,0,0,0,0,0,0,0,0,0,4,0,0,0,0,0,0,0,0,0,0,0,0,0,0,0,0,0,0,0,0,2655,5533,5301,356,16.0,68,0.300,50.036,600.0,2394.0,0.1,0.0,0.0,0.0,0.0,0.0,0.0,0.0,0.0,2,16190,2,No,No,No,No,No,No,No,No,16.703,68.277,100.0,0.000,24.1,113,0,0,8.6,112.6,137.0,91.1,16.5,25.7,15.0,112.2,153.7,95.0,16.6,26.0,15.1,8.88,11.06,7.17,6.16,39.00,66.84,5.78,3.15,8.56,0.33,1.87,1447,246,1.3,1.0,0,0,0.0,0.0,0,
11.6.2026,17:31:22.315,25811,22957,52.9,20154,12230,62.2,10.9,16384,1788,1.193,1.240,1.179,1.179,1.164,1.195,1.195,1.195,1.195,1.195,1.195,1.195,1.195,1.195,1.195,1.061,0.778,3854.9,4489.0,4489.0,4489.0,4489.0,4489.0,4489.0,1895.4,3591.2,3591.2,3591.2,3591.2,3591.2,3591.2,3591.2,99.8,3890.5,1347.5,2585.7,855.6,2082.3,863.3,2524.0,1768.5,1753.6,2391.3,1819.9,459.6,1087.8,1646.1,887.1,845.6,893.0,888.0,851.0,914.4,962.5,871.3,1459.5,33.0,59.0,19.3,47.3,19.8,56.5,39.8,39.4,53.3,42.3,10.6,24.8,37.9,26.0,24.7,26.5,26.3,24.8,26.7,28.3,26.0,59.0,33.0,100.0,58.4,101.4,33.5,81.5,34.1,98.3,68.9,68.4,93.5,70.9,18.1,42.2,64.5,48.9,46.8,49.3,49.1,46.9,50.4,53.0,48.1,58.4,38.6,45.0,45.0,45.0,45.0,45.0,45.0,19.0,36.0,36.0,36.0,36.0,36.0,36.0,36.0,39.0,72,75,77,77,75,72,72,70,70,70,70,70,70,70,70,28,25,23,23,25,28,28,30,30,30,30,30,30,30,30,81,77,No,No,No,No,No,No,No,No,No,No,No,No,No,No,No,No,No,No,No,No,No,No,No,No,No,No,No,No,No,No,No,No,No,No,No,No,No,No,No,No,No,No,No,No,No,No,No,No,81,77,69,1.100,25.313,49.053,41.259,0.002,5.656,0.756,175.0,150.0,175.0,175.0,0,0.0,0.0,32.9,58.5,19.2,47.4,19.7,56.5,39.7,39.3,53.5,42.3,10.4,24.9,37.8,25.9,24.7,26.5,26.2,24.9,26.7,28.2,26.0,52.9,30.5,38.9,16.2,17.4,49.6,44.3,68.8,70.8,69.1,68.9,72.8,70.4,69.6,53.8,2.1,0.0,0.0,0.0,0.2,0.0,0.0,3.1,2.3,2.2,2.6,0.4,0.9,0.0,17.0,0.0,0.0,0.0,0.0,0.0,0.0,0.0,2394.1,24.00,36,35,35,68,103,383,2,2,Yes,No,No,No,No,No,No,No,No,No,Yes,No,No,Yes,No,No,No,No,No,No,No,Yes,No,No,No,No,No,Yes,No,No,No,No,No,No,No,Yes,No,No,84.0,4980,4560,5040,69.5,1.095,1.110,1.800,1.800,0.990,5.110,1.625,No,No,No,69.2,1.110,1.110,1.800,1.800,0.990,5.110,1.875,No,No,No,41,41,94.0,100.0,No,No,32291,48158,37,70,99.0,100.0,No,No,1856,3315,0.4,0.7,1.1,0.213,0.188,62668,43679,0.0,0.0,0.0,0.000,0.000,35428,12253,82.1,74.0,92.7,83.0,0.875,20.396,20.378,20.415,59.906,48.422,70.460,18.890,89.622,3.000,21.862,83.356,51.766,100.000,140.000,2250.0,2200.2,1890.0,2229.5,1905.0,98.0,37.0,0.0,13.0,70.8,17.6,70.5,0.0,0.0,0.0,Yes,No,No,No,No,Yes,No,0,0,0,0,0,0,0,0,0,4,0,0,0,0,0,0,0,0,0,0,0,0,0,0,0,0,0,0,0,0,2389,5799,5568,356,16.0,68,0.300,46.814,600.0,2394.0,0.1,0.0,0.0,0.0,0.0,0.0,0.0,0.0,0.0,2,16190,2,No,No,No,No,No,No,No,No,16.700,68.277,100.0,0.000,24.1,109,0,0,9.4,109.5,154.9,85.4,82.3,83.6,82.0,109.3,138.9,84.3,76.5,79.7,75.7,9.13,11.75,6.46,6.28,12.11,12.45,9.14,0.02,8.78,0.35,0.89,1447,246,1.2,0.8,0,0,0.0,0.0,0,
11.6.2026,17:31:23.328,25685,23083,52.6,20137,12247,62.1,10.9,16384,1788,1.158,1.181,1.159,1.149,1.149,1.149,1.149,1.159,1.149,1.159,1.159,1.163,1.163,1.173,1.153,1.061,0.781,3854.9,4489.0,4489.0,4489.0,4489.0,4489.0,4489.0,3591.2,3591.2,3591.2,3591.2,3591.2,3591.2,3591.2,1895.4,99.8,3890.5,1288.5,2181.3,1040.8,1718.6,1148.2,2271.7,2229.9,1754.0,2340.5,1629.0,827.1,1262.4,1496.8,684.6,736.1,729.2,712.6,740.8,744.5,821.9,700.5,1422.7,31.3,50.2,23.5,39.5,26.3,50.7,50.0,39.2,52.5,37.9,18.9,29.1,34.3,20.2,22.0,21.8,21.2,21.8,21.9,24.3,21.0,52.5,31.3,100.0,55.2,85.7,40.8,67.0,45.0,88.1,86.6,68.4,91.5,63.5,32.2,49.2,58.3,38.4,41.1,40.7,39.9,41.4,41.6,45.6,39.4,55.2,38.6,45.0,45.0,45.0,45.0,45.0,45.0,36.0,36.0,36.0,36.0,36.0,36.0,36.0,19.0,39.0,71,74,74,76,74,74,71,69,69,69,69,68,68,68,68,29,26,26,24,26,26,29,31,31,31,31,32,32,32,32,79,76,No,No,No,No,No,No,No,No,No,No,No,No,No,No,No,No,No,No,No,No,No,No,No,No,No,No,No,No,No,No,No,No,No,No,No,No,No,No,No,No,No,No,No,No,No,No,No,No,82,76,68,1.100,26.157,50.702,43.284,0.002,5.739,0.789,175.0,155.0,175.0,175.0,0,0.0,0.0,31.2,49.7,23.4,39.4,26.3,50.6,49.9,39.2,52.5,37.8,18.9,29.0,34.4,20.2,22.0,21.8,21.2,21.7,21.9,24.3,20.9,32.8,37.8,41.4,13.0,19.5,49.8,44.9,28.0,31.4,35.6,28.7,32.6,31.5,42.6,22.7,23.7,0.0,0.0,0.5,0.1,0.0,0.0,46.4,41.4,37.6,44.6,40.7,41.4,28.9,50.7,0.6,0.0,2.0,0.0,0.0,0.2,1.2,2394.1,24.00,36,35,35,68,103,383,2,2,Yes,No,No,No,No,No,No,No,No,No,Yes,No,No,Yes,No,No,No,No,No,No,No,Yes,No,No,No,No,No,No,No,No,No,No,No,No,No,No,No,No,85.0,5040,4500,5040,69.5,1.110,1.110,1.800,1.800,0.990,5.110,1.000,No,No,No,69.2,1.110,1.110,1.800,1.800,0.990,5.110,2.250,No,No,No,41,41,94.0,100.0,No,No,32291,48158,36,70,99.0,100.0,No,No,1856,3315,0.3,0.9,1.1,0.016,0.042,62668,43679,0.6,0.0,0.6,4.192,0.000,35433,12253,77.3,74.0,85.1,83.0,0.875,20.506,20.499,20.512,86.532,29.115,45.259,14.718,60.224,3.000,17.689,23.632,39.282,100.000,140.000,2250.0,2200.2,1890.0,2221.9,1905.0,72.0,27.0,0.0,9.0,69.3,22.2,88.9,0.0,0.0,0.0,Yes,No,No,No,No,Yes,No,0,0,0,0,0,0,0,0,0,4,0,0,0,0,0,0,0,0,0,0,0,0,0,0,0,0,0,0,0,0,2516,5672,5441,356,16.0,68,0.297,54.996,600.0,2394.0,0.2,0.0,0.0,0.0,0.0,0.0,0.0,0.0,0.0,2,16190,2,No,No,No,No,No,No,No,No,16.699,68.277,100.0,0.000,24.1,108,0,0,8.3,107.8,205.7,21.5,20.7,20.8,20.7,108.8,234.0,21.0,19.9,20.1,19.9,9.27,46.78,4.78,4.47,48.13,48.38,5.81,3.38,8.95,0.32,2.62,1447,246,1.5,2.7,0,0,0.0,0.0,0,
11.6.2026,17:31:24.328,25587,23181,52.4,20132,12252,62.1,10.9,16384,1788,1.165,1.225,1.171,1.161,1.161,1.161,1.161,1.151,1.157,1.157,1.157,1.167,1.167,1.157,1.167,1.061,0.781,3976.0,4489.0,4489.0,4489.0,4489.0,4489.0,4489.0,3591.2,3591.2,3591.2,3591.2,3591.2,3591.2,3591.2,3591.2,99.8,3890.5,1312.9,2186.0,1146.6,1776.2,1250.9,2367.3,2292.3,2166.0,2186.1,1401.8,1221.0,1283.9,1464.8,640.4,657.7,687.0,656.1,709.2,709.9,741.5,712.5,1461.5,31.6,50.1,25.9,40.4,28.7,53.0,51.2,48.4,48.9,32.4,28.0,29.6,33.6,18.7,19.3,19.9,19.1,20.6,20.9,22.2,21.1,53.0,31.6,100.0,55.9,85.6,45.0,68.7,49.0,92.0,88.8,84.3,85.0,54.4,47.5,49.9,57.1,36.3,37.0,38.6,36.8,40.2,39.9,41.5,40.2,55.9,39.9,45.0,45.0,45.0,45.0,45.0,45.0,36.0,36.0,36.0,36.0,36.0,36.0,36.0,36.0,39.0,70,72,77,75,74,71,70,69,69,69,69,68,68,68,68,30,28,23,25,26,29,30,31,31,31,31,32,32,32,32,81,77,No,No,No,No,No,No,No,No,No,No,No,No,No,No,No,No,No,No,No,No,No,No,No,No,No,No,No,No,No,No,No,No,No,No,No,No,No,No,No,No,No,No,No,No,No,No,No,No,80,80,68,1.100,29.532,49.998,43.267,0.002,5.667,0.764,175.0,160.0,175.0,175.0,0,0.0,0.0,31.6,49.7,25.8,40.5,28.6,52.8,51.1,48.4,48.8,32.4,28.0,29.6,33.6,18.7,19.4,20.1,19.3,20.7,21.0,22.2,21.1,21.2,36.2,41.9,11.4,15.3,49.1,46.9,7.3,12.9,8.1,17.7,12.1,9.9,24.0,3.7,34.6,0.0,0.0,0.0,0.3,0.0,0.0,66.5,60.6,64.0,56.0,60.0,61.5,47.1,68.1,0.2,0.0,0.4,0.0,0.3,0.1,0.2,2394.1,24.00,36,35,35,68,103,383,2,2,Yes,No,No,No,No,No,No,No,No,No,Yes,No,No,Yes,No,No,No,No,No,No,No,Yes,No,No,No,No,No,No,No,No,No,No,No,No,No,No,No,No,86.0,5040,4500,5040,69.5,1.110,1.110,1.800,1.800,0.990,5.110,1.500,No,No,No,69.2,1.110,1.110,1.800,1.800,0.990,5.110,2.750,No,No,No,41,41,94.0,100.0,No,No,32291,48158,37,70,99.0,100.0,No,No,1856,3315,0.0,2.1,2.1,0.000,0.038,62668,43679,0.0,0.0,0.0,0.000,0.000,35433,12253,76.0,74.0,83.9,83.0,0.875,20.489,20.480,20.497,68.144,27.023,46.607,14.910,61.738,3.000,17.874,10.879,34.154,100.000,140.000,2250.0,2200.2,1890.0,2142.2,1905.0,62.0,23.0,0.0,8.0,68.5,12.6,50.5,0.0,0.0,0.0,Yes,No,No,No,No,Yes,No,0,0,0,0,0,0,0,0,0,4,0,0,0,0,0,0,0,0,0,0,0,0,0,0,0,0,0,0,0,0,2578,5610,5379,356,16.0,68,0.297,49.675,600.0,2394.0,0.1,0.0,0.0,0.0,0.0,0.0,0.0,0.0,0.0,2,16190,2,No,No,No,No,No,No,No,No,16.703,68.277,100.0,0.000,24.1,120,0,0,9.1,120.1,134.6,107.6,101.3,103.9,100.6,120.0,147.2,99.2,93.9,95.7,93.4,8.33,9.30,7.42,7.10,9.63,9.95,5.58,2.75,8.02,0.31,0.68,1447,246,1.2,0.8,0,0,0.0,0.0,0,
11.6.2026,17:31:25.326,25589,23179,52.4,20132,12252,62.1,10.9,16384,1788,1.210,1.234,1.209,1.224,1.239,1.214,1.194,1.199,1.194,1.184,1.184,1.204,1.249,1.194,1.214,1.061,0.778,3733.7,4489.0,4489.0,4489.0,4489.0,4489.0,4489.0,1895.4,1895.4,3591.2,3591.2,3591.2,3591.2,3591.2,3591.2,99.8,3890.5,1307.7,2209.3,1116.5,1731.8,1168.7,1528.4,2973.3,1843.2,2642.6,1347.0,1230.4,1221.6,1527.0,665.5,654.4,721.1,694.8,658.8,709.2,822.1,689.0,1454.7,30.7,50.0,24.1,38.8,25.7,33.5,65.8,40.4,58.5,30.1,27.4,27.2,34.1,18.9,18.3,20.3,19.5,18.2,20.0,23.7,19.7,65.8,30.7,100.0,55.9,86.7,43.8,67.7,45.9,60.5,114.9,71.8,102.4,52.6,48.1,47.8,59.7,37.8,37.1,40.8,39.3,37.3,40.0,45.5,38.8,55.9,37.4,45.0,45.0,45.0,45.0,45.0,45.0,19.0,19.0,36.0,36.0,36.0,36.0,36.0,36.0,39.0,70,73,71,77,71,69,69,69,69,69,69,68,68,68,68,30,27,29,23,29,31,31,31,31,31,31,32,32,32,32,82,77,No,No,No,No,No,No,No,No,No,No,No,No,No,No,No,No,No,No,No,No,No,No,No,No,No,No,No,No,No,No,No,No,No,No,No,No,No,No,No,No,No,No,No,No,No,No,No,No,81,78,69,1.100,74.251,49.867,42.073,0.002,5.702,0.790,175.0,165.0,175.0,175.0,0,0.0,0.0,31.7,50.3,25.3,39.5,26.7,34.2,66.3,41.2,59.0,31.0,28.3,28.2,35.0,20.1,19.5,21.4,20.6,19.5,21.2,25.0,20.9,23.2,36.2,42.8,13.5,13.5,49.0,46.4,6.4,9.0,15.4,23.3,10.0,14.9,36.9,7.6,32.5,0.1,0.0,0.0,0.3,0.0,0.0,66.2,64.4,56.1,49.6,63.4,56.8,32.8,64.7,0.4,0.0,0.9,0.0,0.0,0.9,0.4,2394.1,24.00,36,35,35,68,103,383,2,2,Yes,No,No,No,No,No,No,No,No,No,Yes,No,No,No,No,No,No,No,No,No,No,No,No,No,No,No,No,Yes,No,No,No,No,No,No,No,Yes,No,No,84.0,5100,4560,5040,69.5,1.110,1.110,1.800,1.815,0.990,5.110,1.750,No,No,No,69.2,1.110,1.110,1.800,1.800,0.990,5.110,2.250,No,No,No,41,41,94.0,100.0,No,No,32291,48158,37,70,99.0,100.0,No,No,1856,3315,0.4,0.9,1.3,0.083,0.108,62669,43679,0.6,0.0,0.6,5.753,0.000,35438,12253,76.9,74.0,85.6,83.0,0.875,20.487,20.479,20.495,62.614,26.809,46.182,14.949,61.342,3.000,17.913,10.074,34.204,100.000,140.000,2250.0,2200.2,1890.0,2235.7,1905.0,62.0,23.0,0.0,8.0,68.5,14.4,57.4,0.0,0.0,0.0,Yes,No,No,No,No,Yes,No,0,0,0,0,0,0,0,0,0,4,0,0,0,0,0,0,0,0,0,0,0,0,0,0,0,0,0,0,0,0,2579,5609,5378,356,16.0,68,0.297,48.252,600.0,2394.0,0.1,0.0,0.0,0.0,0.0,0.0,0.0,0.0,0.0,2,16190,2,No,No,No,No,No,No,No,No,16.703,68.277,100.0,0.000,24.1,116,0,0,8.9,116.1,140.5,69.3,41.7,50.3,39.7,116.1,192.5,73.1,47.1,55.7,45.1,8.61,14.42,7.12,6.42,19.92,25.30,5.59,3.02,8.30,0.32,1.08,1447,246,1.3,1.5,0,0,0.0,0.0,0,
11.6.2026,17:31:26.323,25787,22980,52.8,20228,12156,62.4,10.9,16384,1788,1.198,1.189,1.209,1.210,1.205,1.210,1.162,1.192,1.202,1.202,1.192,1.212,1.192,1.187,1.210,1.061,0.778,3976.0,4489.0,4489.0,4489.0,4489.0,4489.0,4489.0,3591.2,3591.2,3591.2,3591.2,3591.2,3591.2,3591.2,3591.2,99.8,3890.5,1360.7,2157.2,1190.3,1841.1,1278.4,1701.0,2713.3,1751.9,2819.9,1566.4,1092.4,1283.7,1594.3,741.8,737.8,804.0,723.5,832.9,782.8,823.6,778.6,1499.8,32.5,49.6,26.7,41.9,28.7,37.7,60.5,38.7,62.6,36.1,24.4,29.0,36.1,21.2,21.1,23.4,20.7,23.8,22.3,23.6,22.3,62.6,32.5,100.0,57.9,84.9,46.7,71.5,49.4,66.0,105.0,67.6,108.8,60.8,41.7,49.4,61.7,41.3,40.6,44.3,40.0,45.9,43.2,45.8,42.5,57.8,39.9,45.0,45.0,45.0,45.0,45.0,45.0,36.0,36.0,36.0,36.0,36.0,36.0,36.0,36.0,39.0,74,76,77,77,78,75,74,73,73,73,73,71,71,71,71,26,24,23,23,22,25,26,27,27,27,27,29,29,29,29,81,78,No,No,No,No,No,No,No,No,No,No,No,No,No,No,No,No,No,No,No,No,No,No,No,No,No,No,No,No,No,No,No,No,No,No,No,No,No,No,No,No,No,No,No,No,No,No,No,No,82,77,69,1.100,18.563,49.542,42.502,0.002,5.693,0.788,175.0,170.0,175.0,175.0,0,0.0,0.0,32.9,49.2,26.8,41.9,29.6,38.1,60.6,39.2,62.9,36.2,25.0,29.5,36.5,21.8,21.9,24.1,21.3,24.4,22.8,24.0,23.1,25.5,36.2,39.1,14.9,13.0,47.3,44.2,12.1,15.6,20.0,21.1,29.8,26.6,28.4,8.3,28.7,0.1,0.0,0.0,0.0,0.0,0.0,59.0,55.7,49.1,50.7,40.0,44.4,41.4,61.7,0.1,0.0,0.4,0.0,0.0,0.0,0.4,2394.1,24.00,36,35,35,68,103,383,2,2,Yes,No,No,No,No,No,No,No,No,No,Yes,No,No,Yes,No,No,No,No,No,No,No,Yes,No,No,No,No,No,Yes,No,No,No,No,No,No,No,Yes,No,No,86.0,5100,4680,5100,69.5,1.110,1.110,1.800,1.800,0.990,5.110,1.125,No,No,No,69.2,1.110,1.110,1.800,1.800,0.990,5.110,1.500,No,No,No,41,41,94.0,100.0,No,No,32291,48158,37,70,99.0,100.0,No,No,1856,3315,0.0,1.1,1.1,0.000,0.064,62669,43679,1.7,0.0,1.7,22.133,0.000,35460,12253,75.3,74.0,82.5,83.0,0.875,20.479,20.469,20.489,63.112,27.080,47.006,15.086,62.327,3.000,18.062,11.861,32.217,100.000,140.000,2250.0,2200.2,1890.0,2232.9,1905.0,62.0,23.0,0.0,8.0,68.5,14.1,56.3,0.0,0.0,0.0,Yes,No,No,No,No,Yes,No,0,0,0,0,0,0,0,0,0,4,0,0,0,0,0,0,0,0,0,0,0,0,0,0,0,0,0,0,0,0,2579,5609,5378,356,16.0,68,0.300,49.771,600.0,2394.0,0.1,0.0,0.0,0.0,0.0,0.0,0.0,0.0,0.0,2,16190,2,No,No,No,No,No,No,No,No,16.703,68.277,100.0,0.000,24.1,117,0,0,13.7,119.3,144.6,87.0,85.0,85.1,84.9,119.4,155.9,88.6,84.7,86.0,84.3,8.38,11.54,6.91,5.48,11.82,11.89,5.47,2.91,8.06,0.32,0.91,1447,246,7.7,4.9,0,0,0.0,0.0,0,
11.6.2026,17:31:27.322,25774,22994,52.8,20187,12196,62.3,10.9,16384,1788,1.217,1.233,1.178,1.193,1.214,1.204,1.204,1.204,1.204,1.194,1.219,1.234,1.259,1.234,1.259,1.061,0.778,4004.5,4489.0,4688.5,4688.5,4489.0,4489.0,4489.0,3591.2,3591.2,3591.2,3591.2,3591.2,3591.2,3591.2,3591.2,99.8,3890.5,1274.6,2220.2,1110.4,1742.3,1121.5,1906.8,2446.6,1865.8,2543.6,1482.2,987.7,1309.1,1298.2,665.2,666.4,699.2,612.1,682.6,676.8,771.8,683.9,1417.3,31.3,50.9,25.1,39.9,26.2,43.0,55.0,42.1,57.5,35.0,23.3,30.8,30.4,20.1,20.8,21.4,18.7,20.6,20.1,23.2,21.3,57.5,31.3,100.0,55.0,87.0,43.5,67.6,44.3,74.8,95.1,73.4,99.4,57.8,39.3,51.5,51.2,38.7,38.9,40.3,35.7,39.3,38.8,43.8,39.8,55.0,40.1,45.0,47.0,47.0,45.0,45.0,45.0,36.0,36.0,36.0,36.0,36.0,36.0,36.0,36.0,39.0,70,77,72,73,74,70,69,69,69,69,69,68,68,68,68,30,23,28,27,26,30,31,31,31,31,31,32,32,32,32,81,77,No,No,No,No,No,No,No,No,No,No,No,No,No,No,No,No,No,No,No,No,No,No,No,No,No,No,No,No,No,No,No,No,No,No,No,No,No,No,No,No,No,No,No,No,No,No,No,No,81,77,69,1.100,30.375,47.669,40.105,0.002,5.717,0.791,175.0,175.0,175.0,175.0,0,0.0,0.0,30.8,50.3,24.9,39.8,25.2,42.7,54.6,41.8,56.7,34.8,22.5,30.3,29.9,19.6,20.2,20.8,18.2,20.1,19.8,22.7,20.5,23.3,36.7,44.1,15.2,14.9,50.1,49.3,9.3,7.7,19.3,13.7,13.8,12.7,33.4,6.0,33.4,0.0,0.0,0.0,0.0,0.0,0.0,63.6,65.0,53.2,60.9,59.4,60.5,38.2,66.8,0.1,0.0,0.3,0.0,0.0,0.3,0.0,2394.1,24.00,36,35,35,68,103,383,2,2,Yes,No,No,No,No,No,No,No,No,No,Yes,No,No,Yes,No,No,No,No,No,No,No,Yes,No,No,No,No,No,No,No,No,No,No,No,No,No,No,No,No,85.0,5100,4680,5100,69.5,1.110,1.110,1.800,1.800,0.990,5.110,1.000,No,No,No,69.2,1.110,1.110,1.800,1.800,0.990,5.110,1.250,No,No,No,41,41,94.0,100.0,No,No,32291,48158,37,70,99.0,100.0,No,No,1856,3315,1.1,1.9,3.0,0.142,0.059,62669,43679,0.0,0.2,0.2,0.000,0.049,35460,12253,74.9,74.0,82.4,83.0,0.875,20.489,20.481,20.497,62.199,26.482,44.273,14.787,59.298,3.000,17.765,9.958,36.296,100.000,140.000,2250.0,2200.2,1890.0,2229.8,1905.0,60.0,23.0,0.0,8.0,70.1,13.4,53.6,0.0,0.0,0.0,Yes,No,No,No,No,Yes,No,0,0,0,0,0,0,0,0,0,4,0,0,0,0,0,0,0,0,0,0,0,0,0,0,0,0,0,0,0,0,2451,5737,5506,356,16.0,68,0.300,47.895,600.0,2394.0,0.2,0.0,0.0,0.0,0.0,0.0,0.0,0.0,0.0,2,16190,2,No,No,No,No,No,No,No,No,16.701,68.277,100.0,0.000,24.1,120,0,0,8.3,120.0,190.6,88.9,76.2,80.2,75.0,120.0,163.2,82.9,75.7,77.8,75.1,8.33,11.07,5.16,4.22,12.38,13.37,5.38,2.95,8.01,0.32,0.61,1447,246,1.3,1.8,0,0,0.0,0.0,0,
11.6.2026,17:31:28.323,25760,23008,52.8,20181,12203,62.3,10.9,16384,1788,1.149,1.231,1.147,1.132,1.127,1.127,1.142,1.147,1.147,1.147,1.147,1.157,1.142,1.152,1.132,1.061,0.778,3976.0,4489.0,4489.0,4489.0,4489.0,4489.0,4489.0,3591.2,3591.2,3591.2,3591.2,3591.2,3591.2,3591.2,3591.2,99.8,3890.5,1251.3,2213.4,1080.3,1750.6,1018.6,2487.4,1729.3,2444.8,1889.3,1563.4,957.5,1357.4,1254.6,645.8,603.0,650.8,632.8,667.3,676.3,728.8,674.8,1392.4,30.1,50.7,24.1,39.9,23.4,55.5,38.6,54.6,42.4,36.0,21.6,31.3,28.6,18.9,17.6,18.8,18.6,19.8,19.7,21.6,20.6,55.5,30.1,100.0,53.4,87.1,42.3,67.9,39.9,96.9,67.4,95.1,73.8,60.7,37.1,52.7,48.9,36.6,34.2,36.8,35.9,37.7,38.4,40.8,38.1,53.4,39.9,45.0,45.0,45.0,45.0,45.0,45.0,36.0,36.0,36.0,36.0,36.0,36.0,36.0,36.0,39.0,71,74,73,75,77,74,71,69,69,69,69,68,68,68,68,29,26,27,25,23,26,29,31,31,31,31,32,32,32,32,82,77,No,No,No,No,No,No,No,No,No,No,No,No,No,No,No,No,No,No,No,No,No,No,No,No,No,No,No,No,No,No,No,No,No,No,No,No,No,No,No,No,No,No,No,No,No,No,No,No,81,75,68,1.100,32.063,50.668,43.444,0.002,5.661,0.756,175.0,175.0,175.0,175.0,0,0.0,0.0,30.3,50.5,24.3,40.1,23.6,55.7,38.6,54.7,42.3,36.2,21.8,31.5,28.8,19.3,17.9,19.1,19.0,20.1,20.0,21.9,20.9,21.7,36.9,45.9,17.9,15.2,47.4,49.6,10.7,6.4,9.5,9.9,8.4,13.0,30.5,3.1,35.2,0.0,0.0,0.0,0.0,0.0,0.0,62.7,68.4,63.7,63.5,64.3,59.9,41.7,68.7,0.3,0.0,0.1,0.0,0.1,1.6,0.0,2394.1,24.00,36,35,35,68,103,383,2,2,Yes,No,No,No,No,No,No,No,No,No,Yes,No,No,No,No,No,No,No,No,No,No,No,No,No,No,No,No,Yes,No,No,No,No,No,No,No,Yes,No,No,85.0,5100,4740,5100,69.8,1.095,1.110,1.800,1.800,0.990,5.110,1.500,No,No,No,69.2,1.110,1.110,1.800,1.800,0.990,5.110,1.250,No,No,No,41,41,94.0,100.0,No,No,32291,48158,36,70,99.0,100.0,No,No,1856,3315,0.0,1.1,1.1,0.000,0.034,62669,43679,0.1,0.0,0.1,0.257,0.000,35460,12253,75.1,74.0,82.2,83.0,0.875,20.483,20.473,20.492,62.654,27.104,45.474,15.007,60.697,3.000,17.969,10.055,37.528,100.000,140.000,2250.0,2200.2,1890.0,2229.4,1905.0,61.0,23.0,0.0,7.0,70.1,13.8,55.2,0.0,0.0,0.0,Yes,No,No,No,No,Yes,No,0,0,0,0,0,0,0,0,0,4,0,0,0,0,0,0,0,0,0,0,0,0,0,0,0,0,0,0,0,0,2451,5737,5506,356,16.0,68,0.297,50.758,600.0,2394.0,0.1,0.0,0.0,0.0,0.0,0.0,0.0,0.0,0.0,2,16190,2,No,No,No,No,No,No,No,No,16.703,68.277,100.0,0.000,24.1,120,0,0,8.2,119.6,137.3,108.9,82.4,92.1,79.8,119.5,139.7,104.9,103.2,103.8,103.0,8.36,9.18,7.28,6.10,10.91,12.64,5.65,2.72,8.04,0.32,0.62,1447,246,2.0,1.0,0,0,0.0,0.0,0,
11.6.2026,17:31:29.322,25752,23015,52.8,20169,12215,62.2,10.9,16384,1788,1.220,1.249,1.214,1.204,1.199,1.197,1.217,1.237,1.207,1.237,1.232,1.237,1.222,1.222,1.207,1.061,0.778,3976.0,4489.0,4489.0,4489.0,4489.0,4489.0,4489.0,3591.2,3591.2,3591.2,3591.2,3591.2,3591.2,3591.2,3591.2,99.8,3890.5,1312.1,2303.7,1140.7,1801.4,1182.2,2494.6,1788.5,2623.7,1798.3,1612.9,1028.7,1436.3,1340.7,739.0,645.3,721.0,678.0,687.3,736.4,789.4,693.8,1458.4,31.7,52.7,25.7,41.1,27.1,55.9,40.2,58.7,40.3,37.3,23.6,33.1,30.7,21.9,19.0,21.1,20.2,20.1,21.5,23.1,20.9,58.7,31.7,100.0,56.0,90.3,44.6,70.0,46.4,97.1,69.6,102.2,70.5,62.6,40.0,55.9,52.2,41.4,36.6,40.5,38.3,38.6,41.2,44.0,38.8,56.0,39.9,45.0,45.0,45.0,45.0,45.0,45.0,36.0,36.0,36.0,36.0,36.0,36.0,36.0,36.0,39.0,70,74,71,75,74,70,70,68,68,68,68,68,68,68,68,30,26,29,25,26,30,30,32,32,32,32,32,32,32,32,81,75,No,No,No,No,No,No,No,No,No,No,No,No,No,No,No,No,No,No,No,No,No,No,No,No,No,No,No,No,No,No,No,No,No,No,No,No,No,No,No,No,No,No,No,No,No,No,No,No,81,75,68,1.100,51.470,47.115,39.953,0.002,5.652,0.749,175.0,175.0,175.0,175.0,0,0.0,0.0,31.7,52.4,25.7,41.0,27.0,55.9,40.0,58.7,40.0,37.2,23.5,33.1,30.7,21.9,19.0,21.2,20.3,20.1,21.6,23.2,21.1,26.8,34.3,42.1,16.6,14.3,46.8,46.0,30.3,11.0,28.0,13.1,21.4,28.2,31.8,10.8,29.0,0.0,0.0,0.0,0.0,0.0,0.0,41.9,62.9,44.7,59.1,52.1,44.3,39.2,61.4,0.2,0.0,0.1,0.0,0.0,0.7,0.2,2394.1,24.00,36,35,35,68,103,383,2,2,Yes,No,No,No,No,No,No,No,No,No,Yes,No,No,Yes,No,No,No,No,No,No,No,Yes,No,No,No,No,No,Yes,No,No,No,No,No,No,No,Yes,No,No,85.0,5040,4860,5160,69.8,1.095,1.110,1.800,1.800,0.990,5.110,2.000,No,No,No,69.2,1.095,1.110,1.800,1.800,0.990,5.110,2.125,No,No,No,41,41,94.0,100.0,No,No,32291,48158,37,70,99.0,100.0,No,No,1856,3315,0.0,1.2,1.2,0.000,0.203,62669,43679,0.0,0.0,0.0,0.000,0.000,35460,12253,76.0,74.0,84.1,83.0,0.875,20.480,20.470,20.489,64.657,28.425,47.171,15.353,62.758,3.000,18.319,18.397,33.976,100.000,140.000,2250.0,2200.2,1890.0,2229.0,1905.0,65.0,24.0,0.0,8.0,70.2,14.8,59.2,0.0,0.0,0.0,Yes,No,No,No,No,Yes,No,0,0,0,0,0,0,0,0,0,4,0,0,0,0,0,0,0,0,0,0,0,0,0,0,0,0,0,0,0,0,2442,5746,5514,356,16.0,68,0.300,43.157,600.0,2394.0,0.1,0.0,0.0,0.0,0.0,0.0,0.0,0.0,0.0,2,16190,2,No,No,No,No,No,No,No,No,16.703,68.277,100.0,0.000,24.1,120,0,0,8.7,120.0,134.8,110.0,100.9,104.6,99.9,120.0,148.2,98.6,97.3,97.6,97.2,8.34,9.08,7.44,6.99,9.55,10.02,5.71,2.62,8.02,0.31,0.57,1447,246,1.3,1.4,0,0,0.0,0.0,0,
11.6.2026,17:31:30.320,25809,22959,52.9,20152,12231,62.2,10.9,16384,1788,1.149,1.166,1.141,1.171,1.152,1.142,1.122,1.132,1.147,1.162,1.152,1.147,1.147,1.147,1.147,1.041,0.778,3683.8,4389.3,4389.3,4389.3,4389.3,4389.3,4389.3,798.0,3491.5,3491.5,3491.5,3491.5,3491.5,3491.5,3491.5,99.8,3790.7,1317.5,2312.2,1198.1,1914.8,1117.8,2464.7,1784.3,2722.1,1714.3,1559.6,1035.0,1593.8,1074.0,730.4,639.9,736.7,722.4,750.7,690.2,838.1,750.3,1457.5,32.1,53.2,27.3,44.0,25.7,55.5,40.2,61.3,38.8,36.4,23.7,36.9,24.6,21.7,19.1,21.8,21.4,22.0,20.3,25.1,22.2,61.3,32.1,100.0,56.4,90.9,46.8,74.4,43.8,96.0,69.4,105.7,67.3,60.7,40.2,61.9,41.9,41.1,36.3,41.3,40.5,42.2,39.1,46.4,42.3,56.4,36.9,44.0,44.0,44.0,44.0,44.0,44.0,8.0,35.0,35.0,35.0,35.0,35.0,35.0,35.0,38.0,70,72,73,75,75,71,72,70,69,69,69,68,68,68,68,30,28,27,25,25,29,28,30,31,31,31,32,32,32,32,82,75,No,No,No,No,No,No,No,No,No,No,No,No,No,No,No,No,No,No,No,No,No,No,No,No,No,No,No,No,No,No,Yes,Yes,Yes,Yes,Yes,Yes,Yes,Yes,Yes,Yes,Yes,Yes,Yes,Yes,Yes,No,No,Yes,81,76,69,1.100,37.126,45.826,38.603,0.002,5.692,0.768,175.0,175.0,175.0,175.0,0,0.0,0.0,32.1,52.9,27.3,43.9,25.8,55.6,40.2,61.3,38.6,36.3,23.8,37.0,24.7,21.8,19.2,21.9,21.4,22.1,20.4,25.2,22.2,31.2,32.6,40.3,16.8,13.4,48.3,46.9,24.7,10.2,37.5,38.8,31.0,19.9,56.7,19.9,24.4,0.0,0.6,0.2,0.0,0.0,0.0,47.1,63.5,34.9,34.5,41.1,53.1,14.5,51.6,0.1,0.0,0.2,0.0,0.0,0.3,0.3,2394.1,24.00,36,35,35,68,103,383,2,2,Yes,No,No,No,No,No,No,No,Yes,No,Yes,No,No,Yes,No,No,No,No,No,No,No,Yes,No,No,No,No,No,Yes,No,No,No,No,No,No,No,Yes,No,No,86.0,5100,4740,5160,69.8,1.095,1.110,1.800,1.800,0.990,5.110,1.375,No,No,No,69.2,1.095,1.110,1.800,1.800,0.990,5.110,1.250,No,No,No,41,41,94.0,100.0,No,No,32291,48158,37,70,99.0,100.0,No,No,1856,3315,0.0,0.9,0.9,0.000,0.030,62669,43679,0.6,0.1,0.7,7.293,0.004,35467,12253,76.8,74.0,85.6,83.0,0.875,20.475,20.466,20.484,65.305,27.583,46.424,15.473,62.109,3.000,18.429,12.758,34.892,100.000,140.000,2250.0,2200.2,1890.0,2227.7,1905.0,63.0,25.0,0.0,8.0,70.2,14.6,58.5,0.0,0.0,0.0,Yes,No,No,No,No,Yes,No,0,0,0,0,0,0,0,0,0,4,0,0,0,0,0,0,0,0,0,0,0,0,0,0,0,0,0,0,0,0,2442,5746,5514,356,16.0,68,0.297,47.710,600.0,2394.0,0.1,0.0,0.0,0.0,0.0,0.0,0.0,0.0,0.0,2,16190,2,No,No,No,No,No,No,No,No,16.703,68.277,100.0,0.000,24.1,118,0,0,7.5,118.0,150.8,94.6,47.0,60.1,44.2,118.0,156.2,84.0,49.9,60.6,47.4,8.48,10.68,6.61,6.38,16.66,22.56,5.64,2.83,8.15,0.32,1.17,1447,246,1.5,1.1,0,0,0.0,0.0,0,
11.6.2026,17:31:31.320,25846,22922,52.9,20158,12225,62.2,10.9,16384,1788,1.161,1.205,1.157,1.162,1.107,1.177,1.172,1.177,1.147,1.137,1.112,1.182,1.172,1.182,1.172,1.041,0.781,3883.4,4489.0,4389.3,4389.3,4389.3,4389.3,4389.3,3491.5,3491.5,3491.5,3491.5,3491.5,3491.5,3491.5,3491.5,99.8,3790.7,1291.7,2234.3,1196.7,1843.2,1002.9,1787.1,2381.9,1834.0,2577.1,1400.1,1203.2,1552.0,1145.7,737.1,646.7,704.8,660.2,693.4,758.3,789.1,685.5,1431.7,31.9,52.3,27.6,42.9,23.6,40.9,54.7,42.1,59.3,33.1,28.2,36.6,26.7,22.3,19.3,21.4,19.8,20.5,22.6,24.0,20.6,59.3,31.9,100.0,55.3,87.8,46.8,71.7,39.5,70.0,92.7,71.6,100.2,54.6,47.0,60.5,44.7,41.3,36.7,39.7,37.3,39.0,42.4,44.0,38.6,55.3,38.9,45.0,44.0,44.0,44.0,44.0,44.0,35.0,35.0,35.0,35.0,35.0,35.0,35.0,35.0,38.0,70,74,74,75,75,71,70,69,69,69,69,68,68,68,68,30,26,26,25,25,29,30,31,31,31,31,32,32,32,32,81,75,No,No,No,No,No,No,No,No,No,No,No,No,No,No,No,No,No,No,No,No,No,No,No,No,No,No,No,No,No,No,Yes,Yes,Yes,Yes,Yes,Yes,Yes,Yes,Yes,Yes,Yes,Yes,Yes,Yes,Yes,No,No,Yes,81,73,68,1.100,45.563,45.061,37.727,0.002,5.698,0.779,175.0,175.0,175.0,175.0,0,0.0,0.0,31.9,52.0,27.6,42.9,23.5,40.9,54.7,42.0,59.0,33.0,28.2,36.5,26.7,22.3,19.4,21.5,19.9,20.7,22.7,24.0,20.7,29.3,33.6,44.0,16.7,12.0,48.6,46.0,45.5,16.1,20.6,24.6,17.2,35.2,41.0,8.6,26.6,0.0,0.0,0.0,0.5,0.0,0.0,27.6,57.6,51.3,49.4,55.4,36.6,29.9,64.2,0.0,0.0,0.1,0.0,0.0,0.1,0.1,2394.1,24.00,36,35,35,68,103,383,2,2,Yes,No,No,No,No,No,No,No,Yes,No,No,No,No,Yes,No,No,No,No,No,No,No,Yes,No,No,No,No,No,No,No,No,No,No,No,No,No,No,No,No,84.0,5100,4680,5100,69.8,1.095,1.110,1.800,1.815,0.990,5.110,1.625,No,No,No,69.5,1.095,1.110,1.800,1.815,0.990,5.110,2.250,No,No,No,41,41,94.0,100.0,No,No,32291,48158,37,70,99.0,100.0,No,No,1856,3315,0.3,1.3,1.5,0.056,0.036,62669,43679,0.3,0.0,0.3,3.171,0.000,35470,12253,75.5,74.0,82.9,83.0,0.875,20.478,20.469,20.488,63.872,27.020,46.649,15.290,62.181,3.000,18.259,10.243,33.519,100.000,140.000,2250.0,2200.2,1890.0,2228.1,1905.0,63.0,24.0,0.0,8.0,70.6,14.2,56.8,0.0,0.0,0.0,Yes,No,No,No,No,Yes,No,0,0,0,0,0,0,0,0,0,4,0,0,0,0,0,0,0,0,0,0,0,0,0,0,0,0,0,0,0,0,2405,5783,5552,356,16.0,68,0.300,44.793,600.0,2394.0,0.1,0.0,0.0,0.0,0.0,0.0,0.0,0.0,0.0,2,16190,2,No,No,No,No,No,No,No,No,16.703,68.277,100.0,0.000,24.1,118,0,0,8.2,118.6,135.3,79.1,61.9,67.3,60.5,118.6,159.5,78.4,58.8,65.2,57.1,8.43,12.67,7.36,7.30,14.87,16.52,5.69,2.75,8.12,0.32,0.82,1447,247,1.2,1.2,0,0,0.0,0.0,0,
11.6.2026,17:31:32.320,25846,22921,52.9,20162,12222,62.2,10.9,16384,1788,1.220,1.223,1.186,1.201,1.196,1.236,1.246,1.231,1.236,1.241,1.241,1.226,1.236,1.196,1.180,1.061,0.778,3976.0,4489.0,4489.0,4489.0,4489.0,4489.0,4489.0,3591.2,3591.2,3591.2,3591.2,3591.2,3591.2,3591.2,3591.2,99.8,3890.5,1243.8,2123.9,1101.4,1702.1,1003.4,1700.1,2420.1,1869.2,2587.3,1370.1,1139.9,1546.7,900.7,675.4,631.8,727.8,634.9,640.9,703.4,735.9,661.7,1383.4,30.6,49.6,25.3,39.7,23.5,38.8,55.2,42.6,59.4,32.1,26.6,36.5,21.0,20.1,18.6,21.9,18.6,19.4,21.1,22.0,20.0,59.4,30.6,100.0,53.1,83.5,43.1,66.2,39.4,66.4,94.3,72.6,100.5,53.2,44.5,60.3,35.2,37.8,35.8,40.4,35.8,36.1,39.3,40.9,37.1,53.1,39.9,45.0,45.0,45.0,45.0,45.0,45.0,36.0,36.0,36.0,36.0,36.0,36.0,36.0,36.0,39.0,70,73,71,74,74,72,68,69,69,69,69,68,68,68,68,30,27,29,26,26,28,32,31,31,31,31,32,32,32,32,79,74,No,No,No,No,No,No,No,No,No,No,No,No,No,No,No,No,No,No,No,No,No,No,No,No,No,No,No,No,No,No,Yes,Yes,Yes,Yes,Yes,Yes,Yes,Yes,Yes,Yes,Yes,Yes,Yes,Yes,Yes,No,No,Yes,81,75,68,1.100,38.813,42.432,35.178,0.002,5.684,0.769,175.0,175.0,175.0,175.0,0,0.0,0.0,30.7,49.3,25.4,39.7,23.5,38.9,55.2,42.6,59.1,32.2,26.7,36.6,21.0,20.2,18.8,22.2,18.8,19.5,21.3,22.2,20.2,29.4,37.0,45.1,17.9,11.2,48.1,46.9,28.4,16.2,39.0,18.5,22.2,27.8,42.1,11.5,27.6,0.2,0.0,0.1,0.8,0.0,0.0,45.9,58.5,34.1,56.4,52.3,45.2,31.0,62.1,1.0,0.0,1.5,0.0,0.0,2.3,2.5,2394.1,24.00,36,35,35,68,103,383,2,2,Yes,No,No,No,No,No,No,No,Yes,No,Yes,No,No,Yes,No,No,No,No,No,No,No,Yes,No,No,No,No,No,No,No,No,No,No,No,No,No,No,No,No,86.0,5100,4680,5100,69.8,1.095,1.110,1.800,1.815,0.990,5.110,1.000,No,No,No,69.5,1.095,1.110,1.800,1.815,1.005,5.110,1.000,No,No,No,41,41,94.0,100.0,No,No,32291,48158,37,70,99.0,100.0,No,No,1856,3315,0.1,1.1,1.1,0.004,0.372,62669,43680,0.2,0.1,0.3,2.583,0.028,35473,12253,76.0,74.0,83.6,83.0,0.875,20.483,20.473,20.493,65.104,37.459,48.495,15.396,64.121,3.000,18.352,73.268,39.584,100.000,140.000,2250.0,2200.2,1890.0,2228.1,1905.0,66.0,24.0,0.0,8.0,71.4,14.6,58.5,0.0,0.0,0.0,Yes,No,No,No,No,Yes,No,0,0,0,0,0,0,0,0,0,4,0,0,0,0,0,0,0,0,0,0,0,0,0,0,0,0,0,0,0,0,2341,5847,5616,356,16.0,68,0.300,42.268,600.0,2394.0,0.2,0.0,0.0,0.0,0.0,0.0,0.0,0.0,0.0,2,16190,2,No,No,No,No,No,No,No,No,16.703,68.277,100.0,0.000,24.1,112,0,0,8.5,112.3,141.2,29.6,22.7,24.7,22.2,112.3,195.3,32.0,22.8,25.7,22.2,8.91,33.81,7.09,6.76,40.50,45.10,6.05,2.86,8.59,0.32,1.33,1447,247,2.0,1.1,0,0,0.0,0.0,0,
11.6.2026,17:31:33.315,25750,23018,52.8,20161,12223,62.2,10.9,16384,1788,1.172,1.211,1.151,1.146,1.136,1.141,1.151,1.161,1.186,1.176,1.196,1.196,1.206,1.166,1.191,1.061,0.781,3897.6,4489.0,4489.0,4489.0,4389.3,4389.3,4389.3,3491.5,3491.5,3491.5,3491.5,3491.5,3491.5,3491.5,3491.5,99.8,3890.5,1310.0,2283.1,1181.5,1846.0,1070.2,1968.6,2235.4,2041.8,2557.7,1477.1,1149.0,1568.8,1118.2,739.0,633.7,684.1,719.8,702.7,730.5,797.6,695.3,1454.6,32.4,53.5,27.3,43.1,25.1,45.2,51.2,46.7,59.1,35.0,27.0,37.2,26.0,22.4,18.7,20.6,21.5,20.9,21.8,24.2,21.1,59.1,32.4,100.0,56.0,89.8,46.3,71.8,42.0,76.8,87.2,79.1,99.2,57.6,44.8,61.2,43.6,41.6,36.0,38.8,40.5,39.7,41.1,44.6,39.2,56.1,39.1,45.0,45.0,45.0,44.0,44.0,44.0,35.0,35.0,35.0,35.0,35.0,35.0,35.0,35.0,39.0,70,74,71,77,74,70,69,69,69,69,69,68,68,68,68,30,26,29,23,26,30,31,31,31,31,31,32,32,32,32,81,77,No,No,No,No,No,No,No,No,No,No,No,No,No,No,No,No,No,No,No,No,No,No,No,No,No,No,No,No,No,No,Yes,Yes,Yes,Yes,Yes,Yes,Yes,Yes,Yes,Yes,Yes,Yes,Yes,Yes,Yes,No,No,Yes,81,77,69,1.100,42.188,46.910,39.738,0.002,5.653,0.758,175.0,175.0,175.0,175.0,0,0.0,0.0,32.4,53.2,27.3,43.1,25.1,45.2,51.2,46.7,58.7,34.9,27.0,37.1,26.1,22.4,18.8,20.5,21.6,21.0,21.8,24.3,21.2,27.4,32.8,42.5,16.6,9.7,48.3,46.1,29.7,12.5,22.4,28.6,22.1,24.8,36.6,11.1,27.8,0.0,0.0,0.0,0.0,0.0,0.0,41.7,61.8,50.3,43.6,50.6,47.1,33.6,61.1,0.0,0.0,0.2,0.0,0.0,0.1,0.0,2394.1,24.00,36,35,35,68,103,383,2,2,Yes,No,No,No,No,No,No,No,Yes,No,Yes,No,No,Yes,No,No,No,No,No,No,No,Yes,No,No,No,No,No,No,No,No,No,No,No,No,No,No,No,No,85.0,5040,4560,5100,69.8,1.095,1.110,1.800,1.815,1.005,5.110,1.375,No,No,No,69.5,1.095,1.110,1.800,1.815,1.005,5.040,1.125,No,No,No,41,41,94.0,100.0,No,No,32291,48158,37,70,99.0,100.0,No,No,1856,3315,0.1,35.8,35.9,0.012,0.178,62669,43680,0.0,0.0,0.0,0.000,0.000,35473,12253,77.0,74.0,86.1,83.0,0.875,20.476,20.465,20.487,64.957,27.906,48.820,15.656,64.719,3.000,18.622,10.313,34.216,100.000,140.000,2250.0,2200.2,1890.0,2228.5,1905.0,68.0,25.0,0.0,8.0,71.4,15.0,60.0,0.0,0.0,0.0,Yes,No,No,No,No,Yes,No,0,0,0,0,0,0,0,0,0,4,0,0,0,0,0,0,0,0,0,0,0,0,0,0,0,0,0,0,0,0,2341,5847,5616,356,16.0,68,0.300,47.479,600.0,2394.0,0.1,0.0,0.0,0.0,0.0,0.0,0.0,0.0,0.0,2,16190,2,No,No,No,No,No,No,No,No,16.704,68.277,100.0,0.000,24.1,120,0,0,8.3,119.9,136.1,104.5,100.8,102.3,100.3,119.9,146.2,99.4,96.5,97.5,96.3,8.34,9.56,7.35,7.09,9.75,9.93,6.00,2.34,8.02,0.32,0.59,1447,247,1.5,0.8,0,0,0.0,0.0,0,
11.6.2026,17:31:34.330,25736,23031,52.7,20153,12231,62.2,10.9,16384,1788,1.164,1.234,1.161,1.161,1.156,1.156,1.125,1.160,1.175,1.170,1.160,1.160,1.160,1.170,1.145,1.061,0.778,3976.0,4489.0,4489.0,4489.0,4489.0,4489.0,4489.0,3591.2,3591.2,3591.2,3591.2,3591.2,3591.2,3591.2,3591.2,99.8,3890.5,1284.2,2281.6,1131.5,1865.0,1010.2,2246.9,2051.6,2439.4,1953.7,1432.4,1135.9,1644.2,932.7,702.9,652.1,672.0,676.5,656.7,681.0,842.5,675.1,1426.8,31.6,53.4,26.0,43.5,23.5,51.4,47.1,55.8,44.9,33.8,26.6,38.9,21.7,20.9,19.1,19.9,20.1,19.2,19.9,25.4,20.4,55.8,31.6,100.0,54.9,89.6,44.2,72.5,39.5,87.4,79.8,94.8,76.2,55.7,44.3,63.9,36.3,39.6,37.0,37.9,38.0,37.1,38.5,46.9,38.0,54.8,39.9,45.0,45.0,45.0,45.0,45.0,45.0,36.0,36.0,36.0,36.0,36.0,36.0,36.0,36.0,39.0,70,73,72,76,72,72,70,69,69,69,70,68,68,68,68,30,27,28,24,28,28,30,31,31,31,30,32,32,32,32,82,76,No,No,No,No,No,No,No,No,No,No,No,No,No,No,No,No,No,No,No,No,No,No,No,No,No,No,No,No,No,No,Yes,Yes,Yes,Yes,Yes,Yes,Yes,Yes,Yes,Yes,Yes,Yes,Yes,Yes,Yes,No,No,Yes,79,75,68,1.100,32.063,45.788,38.464,0.002,5.705,0.784,175.0,175.0,175.0,175.0,0,0.0,0.0,31.7,53.1,26.1,43.5,23.6,51.4,47.1,55.8,44.8,33.8,26.7,39.0,21.7,21.1,19.3,20.1,20.3,19.4,20.1,25.5,20.6,25.4,33.5,42.8,14.4,13.5,49.5,46.7,18.3,10.2,20.3,26.9,16.3,14.1,42.7,5.7,30.5,0.0,0.0,0.3,0.0,0.0,0.0,53.7,63.3,52.8,46.6,57.5,58.7,26.8,66.9,0.1,0.0,0.3,0.0,0.0,0.2,0.0,2394.1,24.00,36,35,35,68,103,383,2,2,Yes,No,No,No,No,No,No,No,Yes,No,No,No,No,Yes,No,No,No,No,No,No,No,Yes,No,No,No,No,No,No,No,No,No,No,No,No,No,No,No,No,85.0,5040,4620,5100,69.8,1.095,1.110,1.800,1.815,1.005,5.110,2.875,No,No,No,69.5,1.095,1.110,1.800,1.815,1.005,5.110,1.875,No,No,No,41,41,94.0,100.0,No,No,32291,48158,37,70,99.0,100.0,No,No,1856,3315,0.0,0.6,0.6,0.000,0.019,62669,43680,0.2,0.0,0.2,1.055,0.000,35474,12253,76.3,74.0,84.2,83.0,0.875,20.477,20.468,20.487,67.290,28.756,48.754,15.658,64.636,3.000,18.617,10.327,40.298,100.000,140.000,2250.0,2200.2,1890.0,2227.2,1905.0,68.0,25.0,0.0,8.0,70.3,15.6,62.4,0.0,0.0,0.0,Yes,No,No,No,No,Yes,No,0,0,0,0,0,0,0,0,0,4,0,0,0,0,0,0,0,0,0,0,0,0,0,0,0,0,0,0,0,0,2435,5753,5521,356,16.0,68,0.300,45.022,600.0,2394.0,0.1,0.0,0.0,0.0,0.0,0.0,0.0,0.0,0.0,2,16190,2,No,No,No,No,No,No,No,No,16.703,68.277,100.0,0.000,24.1,119,0,0,8.5,119.1,141.6,103.6,58.4,72.0,55.3,119.1,145.0,100.8,58.7,71.7,55.7,8.40,9.68,7.04,6.73,13.92,18.11,5.99,2.41,8.08,0.32,0.85,1447,247,20.3,8.7,0,0,0.0,0.0,0,
11.6.2026,17:31:35.327,25950,22817,53.2,20199,12184,62.3,10.9,16384,1788,1.164,1.202,1.219,1.154,1.165,1.160,1.160,1.160,1.160,1.160,1.145,1.145,1.153,1.148,1.158,1.061,0.781,3976.0,4489.0,4489.0,4489.0,4489.0,4489.0,4489.0,3591.2,3591.2,3591.2,3591.2,3591.2,3591.2,3591.2,3591.2,99.8,3890.5,1327.8,2347.0,1178.6,1834.8,1118.3,2511.4,1920.6,2304.5,1824.7,1424.0,1219.0,1655.7,1017.8,744.2,701.0,767.3,784.7,712.3,795.3,916.7,777.4,1459.6,33.3,55.6,27.6,43.5,26.5,58.2,44.7,53.5,42.5,34.1,29.0,39.6,24.0,22.4,21.0,23.2,23.5,21.2,23.9,28.0,24.0,58.2,33.3,100.0,57.0,92.0,46.0,71.3,43.8,97.3,74.7,90.0,71.5,55.3,47.3,64.4,39.4,41.8,39.3,42.9,43.8,40.1,44.5,50.6,43.5,57.0,39.9,45.0,45.0,45.0,45.0,45.0,45.0,36.0,36.0,36.0,36.0,36.0,36.0,36.0,36.0,39.0,71,75,70,75,72,71,74,70,70,70,70,68,68,68,68,29,25,30,25,28,29,26,30,30,30,30,32,32,32,32,82,75,No,No,No,No,No,No,No,No,No,No,No,No,No,No,No,No,No,No,No,No,No,No,No,No,No,No,No,No,No,No,Yes,Yes,Yes,Yes,Yes,Yes,Yes,Yes,Yes,Yes,Yes,Yes,Yes,Yes,Yes,No,No,Yes,81,79,69,1.100,31.219,45.993,38.691,0.002,5.700,0.778,175.0,175.0,175.0,175.0,0,0.0,0.0,33.2,55.1,27.5,43.3,26.4,58.1,44.6,53.4,42.4,34.0,29.0,39.5,24.0,22.4,21.1,23.3,23.5,21.2,23.9,28.0,24.0,28.4,30.5,40.6,12.1,17.3,47.8,44.4,32.9,21.9,16.5,31.0,16.6,20.0,46.2,19.3,25.7,0.0,0.0,0.0,0.0,0.0,0.0,38.8,50.8,53.4,40.1,55.6,49.7,21.4,50.6,0.1,0.0,0.2,0.0,0.0,0.1,0.5,2394.1,24.00,36,35,35,68,103,383,2,2,Yes,No,No,No,No,No,No,No,Yes,No,No,No,No,Yes,No,No,No,No,No,No,No,Yes,No,No,No,No,No,No,No,No,No,No,No,No,No,No,No,No,85.0,5040,4500,5040,69.8,1.095,1.110,1.800,1.815,1.005,5.110,2.500,No,No,No,69.5,1.095,1.110,1.800,1.815,1.005,5.110,1.000,No,No,No,41,41,94.0,100.0,No,No,32291,48158,37,70,99.0,100.0,No,No,1856,3315,1.1,1.5,2.6,0.205,0.040,62669,43680,1.7,0.2,2.0,22.286,0.044,35495,12253,76.6,74.0,84.9,83.0,0.875,20.486,20.476,20.495,66.859,28.645,48.502,15.541,64.253,3.000,18.501,10.263,40.454,100.000,140.000,2250.0,2200.2,1890.0,2227.4,1905.0,67.0,25.0,0.0,8.0,70.3,15.4,61.7,0.0,0.0,0.0,Yes,No,No,No,No,Yes,No,0,0,0,0,0,0,0,0,0,4,0,0,0,0,0,0,0,0,0,0,0,0,0,0,0,0,0,0,0,0,2435,5753,5521,356,16.0,68,0.300,47.170,600.0,2394.0,0.2,0.0,0.0,0.0,0.0,0.0,0.0,0.0,0.0,2,16190,2,No,No,No,No,No,No,No,No,16.703,68.277,100.0,0.000,24.1,119,0,0,7.8,119.1,193.1,76.4,66.1,70.2,64.9,119.2,186.1,66.8,56.6,59.3,55.8,8.40,13.34,5.14,4.33,14.37,15.37,6.10,2.30,8.06,0.33,1.07,1447,247,16.9,8.2,0,0,0.0,0.0,0,
11.6.2026,17:31:36.329,25923,22845,53.1,20201,12183,62.3,10.9,16384,1788,1.134,1.155,1.140,1.130,1.135,1.105,1.119,1.134,1.144,1.134,1.134,1.099,1.139,1.154,1.154,1.041,0.781,3363.2,4389.3,4389.3,4389.3,4389.3,798.0,798.0,3491.5,3491.5,3491.5,3491.5,3491.5,3491.5,3491.5,3491.5,99.8,3790.7,1305.4,2280.9,1245.1,1843.4,1088.4,2595.7,1866.9,2439.3,1747.4,1371.7,1226.1,1534.3,1102.3,754.4,677.7,704.8,710.8,696.2,676.0,831.8,713.9,1449.3,32.3,53.1,28.4,42.8,25.2,59.3,42.7,55.7,40.2,32.4,28.8,36.2,25.6,23.1,20.6,21.6,21.5,21.1,20.4,25.6,22.0,59.3,32.3,100.0,56.0,89.6,48.5,71.7,42.7,100.8,72.6,95.0,68.9,53.5,48.1,59.9,43.3,42.6,38.7,40.0,40.3,39.3,38.3,46.3,40.2,56.0,33.7,44.0,44.0,44.0,44.0,8.0,8.0,35.0,35.0,35.0,35.0,35.0,35.0,35.0,35.0,38.0,71,74,75,75,74,74,71,69,69,69,69,68,68,68,68,29,26,25,25,26,26,29,31,31,31,31,32,32,32,32,79,75,No,No,No,No,No,No,No,No,No,No,No,No,No,No,No,No,No,No,No,No,No,No,No,No,No,No,No,No,No,No,Yes,Yes,Yes,Yes,Yes,Yes,Yes,Yes,Yes,Yes,Yes,Yes,Yes,Yes,Yes,No,No,Yes,81,77,68,1.100,52.313,46.287,39.010,0.002,5.721,0.783,175.0,175.0,175.0,175.0,0,0.0,0.0,32.4,52.8,28.5,42.9,25.3,59.2,42.7,55.7,40.0,32.3,28.8,36.1,25.5,23.3,20.7,21.7,21.7,21.3,20.6,25.7,22.2,25.6,31.8,42.2,13.2,16.9,48.9,46.4,27.0,9.7,18.1,23.3,16.0,10.7,42.4,11.6,29.4,0.0,0.0,0.0,0.3,0.0,0.0,43.5,62.4,53.3,48.2,56.0,61.6,26.9,59.6,0.2,0.0,0.5,0.0,0.0,0.4,0.3,2394.1,24.00,36,35,35,68,103,383,2,2,Yes,No,No,No,No,No,No,No,Yes,No,No,No,No,Yes,No,No,No,No,No,No,No,Yes,No,No,No,No,No,No,No,No,No,No,No,No,No,No,No,No,85.0,5040,4560,5040,69.8,1.095,1.110,1.800,1.815,1.005,5.110,2.375,No,No,No,69.5,1.095,1.110,1.800,1.815,1.005,5.110,1.250,No,No,No,41,41,94.0,100.0,No,No,32291,48158,37,70,99.0,100.0,No,No,1856,3315,1.0,0.9,1.9,0.104,0.041,62669,43680,0.8,0.0,0.8,8.785,0.000,35504,12253,76.0,74.0,83.4,83.0,0.875,20.509,20.502,20.516,67.975,37.591,42.632,14.721,57.609,3.000,17.693,87.126,40.354,100.000,140.000,2250.0,2200.2,1890.0,2226.7,1905.0,64.0,24.0,0.0,9.0,72.2,15.8,63.0,0.0,0.0,0.0,Yes,No,No,No,No,Yes,No,0,0,0,0,0,0,0,0,0,4,0,0,0,0,0,0,0,0,0,0,0,0,0,0,0,0,0,0,0,0,2275,5913,5682,356,16.0,68,0.297,45.860,600.0,2394.0,0.1,0.0,0.0,0.0,0.0,0.0,0.0,0.0,0.0,2,16190,2,No,No,No,No,No,No,No,No,16.703,68.277,100.0,0.000,24.1,118,0,0,8.7,117.5,181.1,68.2,40.1,48.2,38.2,117.6,190.1,51.3,44.4,46.0,44.0,8.51,14.74,5.41,4.24,20.72,26.01,6.05,2.46,8.19,0.32,1.12,1447,247,1.2,1.4,0,0,0.0,0.0,0,
11.6.2026,17:31:37.327,25922,22845,53.1,20200,12183,62.3,10.9,16384,1788,1.158,1.181,1.154,1.183,1.198,1.201,1.146,1.151,1.143,1.143,1.143,1.143,1.143,1.143,1.143,1.061,0.778,3976.0,4489.0,4489.0,4489.0,4489.0,4489.0,4489.0,3591.2,3591.2,3591.2,3591.2,3591.2,3591.2,3591.2,3591.2,99.8,3890.5,1302.0,2272.9,1131.2,1837.5,1152.2,2303.0,2018.4,2429.7,1866.0,1415.7,1168.6,1550.5,1105.7,670.3,656.9,773.8,722.8,676.1,716.0,857.5,715.7,1442.2,32.4,53.7,26.4,43.3,27.1,53.3,46.7,56.2,43.3,33.6,27.5,36.8,24.7,20.0,19.6,23.3,21.7,20.2,21.4,26.3,22.0,56.2,32.4,100.0,55.7,89.3,44.3,71.4,45.1,89.7,78.5,94.5,73.0,54.9,45.5,60.3,43.0,37.8,37.1,43.1,40.3,38.1,40.1,47.4,40.2,55.7,39.9,45.0,45.0,45.0,45.0,45.0,45.0,36.0,36.0,36.0,36.0,36.0,36.0,36.0,36.0,39.0,71,74,73,72,75,74,73,69,69,69,69,68,68,68,68,29,26,27,28,25,26,27,31,31,31,31,32,32,32,32,79,75,No,No,No,No,No,No,No,No,No,No,No,No,No,No,No,No,No,No,No,No,No,No,No,No,No,No,No,No,No,No,Yes,Yes,Yes,Yes,Yes,Yes,Yes,Yes,Yes,Yes,Yes,Yes,Yes,Yes,Yes,No,No,Yes,81,76,69,1.100,46.407,45.291,38.020,0.002,5.693,0.777,175.0,175.0,175.0,175.0,0,0.0,0.0,32.5,53.4,26.4,43.3,27.1,53.4,46.7,56.2,43.1,33.7,27.7,36.9,26.0,20.1,19.8,23.5,21.9,20.4,21.6,26.3,22.1,30.9,33.1,40.3,13.4,14.9,48.9,45.9,26.8,21.9,39.8,35.5,19.8,24.0,51.0,17.5,24.4,0.0,0.0,0.2,0.0,0.0,0.0,46.9,51.9,31.6,37.3,53.3,48.5,18.6,54.0,0.0,0.0,0.2,0.0,0.0,0.0,0.0,2394.1,24.00,36,35,35,68,103,383,2,2,Yes,No,No,No,No,No,No,No,Yes,No,No,No,No,Yes,No,No,No,No,No,No,No,Yes,No,No,No,No,No,No,No,No,No,No,No,No,No,No,No,No,86.0,5040,4620,5040,69.8,1.095,1.110,1.800,1.815,1.005,5.110,1.250,No,No,No,69.5,1.095,1.110,1.800,1.815,1.005,5.110,2.625,No,No,No,41,41,94.0,100.0,No,No,32291,48158,37,70,99.0,100.0,No,No,1856,3315,0.3,1.3,1.6,0.012,0.049,62669,43680,0.0,0.1,0.1,0.000,0.004,35504,12253,76.2,76.0,83.7,83.0,0.875,20.498,20.489,20.508,66.943,39.180,48.412,15.572,64.210,3.000,18.542,84.743,39.782,100.000,140.000,2250.0,2200.2,1890.0,2227.0,1905.0,68.0,26.0,0.0,8.0,72.0,15.7,62.6,0.0,0.0,0.0,Yes,No,No,No,No,Yes,No,0,0,0,0,0,0,0,0,0,4,0,0,0,0,0,0,0,0,0,0,0,0,0,0,0,0,0,0,0,0,2291,5897,5666,356,16.0,69,0.297,45.433,600.0,2394.0,0.1,0.0,0.0,0.0,0.0,0.0,0.0,0.0,0.0,2,16190,2,No,No,No,No,No,No,No,No,16.703,68.277,100.0,0.000,24.1,120,0,0,8.4,120.0,136.9,104.3,103.1,103.5,102.9,120.0,140.0,105.7,101.8,103.4,101.3,8.33,9.62,7.31,7.06,9.66,9.68,6.00,2.33,8.01,0.32,0.65,1447,247,1.6,1.0,0,0,0.0,0.0,0,
11.6.2026,17:31:38.329,25921,22847,53.1,20200,12184,62.3,10.9,16384,1788,1.173,1.213,1.187,1.197,1.145,1.162,1.172,1.182,1.172,1.172,1.157,1.147,1.172,1.172,1.172,1.061,0.781,3990.2,4588.8,4489.0,4489.0,4588.8,4489.0,4489.0,3591.2,3591.2,3591.2,3591.2,3591.2,3591.2,3591.2,3591.2,99.8,3890.5,1304.5,2263.5,1067.2,1793.5,1120.5,1902.5,2341.2,2163.0,2228.3,1382.3,1249.7,1580.5,1074.5,691.7,672.4,732.9,741.1,664.3,750.2,892.3,779.1,1437.8,31.4,52.4,23.4,41.0,25.1,42.9,53.0,48.8,50.8,31.8,28.3,36.3,25.3,19.4,18.9,20.9,21.0,18.3,20.9,25.9,22.8,53.0,31.4,100.0,56.0,89.1,41.8,69.7,44.2,74.3,90.9,84.4,86.8,54.0,48.8,61.6,42.1,39.0,37.9,41.1,41.5,37.7,42.0,49.3,43.5,56.0,40.0,46.0,45.0,45.0,46.0,45.0,45.0,36.0,36.0,36.0,36.0,36.0,36.0,36.0,36.0,39.0,70,71,71,75,74,72,71,69,69,69,69,68,68,68,68,30,29,29,25,26,28,29,31,31,31,31,32,32,32,32,81,75,No,No,No,No,No,No,No,No,No,No,No,No,No,No,No,No,No,No,No,No,No,No,No,No,No,No,No,No,No,No,Yes,Yes,Yes,Yes,Yes,Yes,Yes,Yes,Yes,Yes,Yes,Yes,Yes,Yes,Yes,No,No,Yes,81,72,68,1.100,47.251,43.846,36.590,0.002,5.690,0.778,175.0,175.0,175.0,175.0,0,0.0,0.0,32.4,52.9,24.7,42.0,26.3,43.8,53.9,49.7,51.3,32.8,29.5,37.4,25.2,20.8,20.3,22.3,22.4,19.9,22.4,27.2,24.2,33.8,34.5,42.1,14.8,12.9,48.2,45.3,34.2,32.1,35.7,38.1,22.1,35.4,57.7,20.7,21.6,0.0,0.0,0.1,0.4,0.0,0.0,39.2,42.0,36.5,34.3,51.5,36.7,11.8,49.2,0.1,0.0,0.1,0.0,0.0,0.0,0.2,2394.1,24.00,36,35,35,68,103,383,2,2,Yes,No,No,No,No,No,No,No,Yes,No,Yes,No,No,Yes,No,No,No,No,No,No,No,Yes,No,No,No,No,No,No,No,No,No,No,No,No,No,No,No,No,85.0,5100,4680,5040,69.8,1.095,1.110,1.800,1.815,1.005,5.110,1.875,No,No,No,69.5,1.095,1.110,1.800,1.815,1.005,5.110,1.750,No,No,No,41,41,94.0,100.0,No,No,32291,48158,37,70,99.0,100.0,No,No,1856,3315,0.0,0.9,0.9,0.000,0.016,62669,43680,0.0,0.0,0.0,0.000,0.000,35504,12253,76.3,74.0,84.2,83.0,0.875,20.489,20.479,20.499,67.400,31.286,48.159,15.625,63.996,3.000,18.582,32.573,37.068,100.000,140.000,2250.0,2200.2,1890.0,2226.6,1905.0,68.0,26.0,0.0,8.0,72.0,15.6,62.6,0.0,0.0,0.0,Yes,No,No,No,No,Yes,No,0,0,0,0,0,0,0,0,0,4,0,0,0,0,0,0,0,0,0,0,0,0,0,0,0,0,0,0,0,0,2291,5897,5666,356,16.0,68,0.300,43.494,600.0,2394.0,0.2,0.0,0.0,0.0,0.0,0.0,0.0,0.0,0.0,2,16190,2,No,No,No,No,No,No,No,No,16.703,68.277,100.0,0.000,24.1,120,0,0,7.8,120.0,147.6,104.8,99.2,101.5,98.6,120.1,153.3,98.2,90.0,93.3,89.0,8.33,9.59,6.67,6.49,9.88,10.17,6.00,2.33,8.01,0.32,0.89,1447,247,2.5,5.3,0,0,0.0,0.0,0,
11.6.2026,17:31:39.326,25920,22848,53.1,20197,12187,62.3,10.9,16384,1788,1.198,1.186,1.156,1.141,1.157,1.222,1.222,1.217,1.217,1.217,1.217,1.187,1.197,1.222,1.217,1.041,0.778,3762.2,4389.3,4389.3,4389.3,4389.3,4389.3,4389.3,3491.5,3491.5,3491.5,3491.5,1895.4,3491.5,3491.5,3491.5,99.8,3790.7,1301.2,2246.9,1158.5,1807.6,1155.7,1818.1,2458.1,2228.1,2179.0,1367.1,1243.3,1575.8,1055.9,664.3,622.8,715.4,706.5,715.3,680.6,895.6,729.1,1437.7,32.2,52.7,26.8,42.1,27.0,41.7,56.6,51.2,50.1,32.2,29.5,37.4,24.7,19.9,18.7,21.7,21.4,21.2,20.1,27.1,22.3,56.6,32.2,100.0,55.7,88.2,45.3,70.3,45.3,71.1,95.7,87.0,84.7,53.1,48.6,61.4,41.2,37.8,35.4,40.4,39.8,40.2,38.6,49.6,40.9,55.7,37.7,44.0,44.0,44.0,44.0,44.0,44.0,35.0,35.0,35.0,35.0,19.0,35.0,35.0,35.0,38.0,70,74,71,74,77,72,70,69,69,69,69,68,68,68,68,30,26,29,26,23,28,30,31,31,31,31,32,32,32,32,81,77,No,No,No,No,No,No,No,No,No,No,No,No,No,No,No,No,No,No,No,No,No,No,No,No,No,No,No,No,No,No,Yes,Yes,Yes,Yes,Yes,Yes,Yes,Yes,Yes,Yes,Yes,Yes,Yes,Yes,Yes,No,No,Yes,81,73,68,1.100,23.625,45.316,37.986,0.003,5.711,0.779,175.0,175.0,175.0,175.0,0,0.0,0.0,32.2,52.3,26.7,42.0,27.0,41.6,56.5,51.1,50.0,32.2,29.4,37.3,24.6,19.8,18.7,21.8,21.4,21.5,20.3,27.0,22.5,26.2,34.1,41.4,15.3,13.4,48.5,45.9,11.2,8.4,22.2,24.0,25.5,15.3,53.2,8.5,29.0,0.0,0.0,0.0,0.6,0.0,0.0,61.5,65.8,49.4,47.8,46.6,57.5,15.9,61.5,0.0,0.0,0.1,0.0,0.0,0.1,0.0,2394.1,24.00,36,35,35,68,103,383,2,2,Yes,No,No,No,No,No,No,No,Yes,No,Yes,No,No,Yes,No,No,No,No,No,No,No,Yes,No,No,No,No,No,No,No,No,No,No,No,No,No,No,No,No,85.0,5040,4620,5100,69.8,1.095,1.110,1.800,1.815,1.005,5.110,1.125,No,No,No,69.5,1.095,1.110,1.800,1.815,1.005,5.110,1.375,No,No,No,41,41,94.0,100.0,No,No,32291,48158,37,70,99.0,100.0,No,No,1856,3315,0.0,1.5,1.5,0.000,0.035,62669,43680,0.0,0.1,0.1,0.000,0.000,35504,12253,77.2,74.0,85.8,83.0,0.875,20.485,20.476,20.495,67.209,40.056,49.058,15.705,64.991,3.000,18.662,88.306,40.667,100.000,140.000,2250.0,2200.2,1890.0,2226.5,1905.0,67.0,25.0,0.0,8.0,72.0,15.6,62.3,0.0,0.0,0.0,Yes,No,No,No,No,Yes,No,0,0,0,0,0,0,0,0,0,4,0,0,0,0,0,0,0,0,0,0,0,0,0,0,0,0,0,0,0,0,2291,5897,5666,356,16.0,68,0.300,47.113,600.0,2394.0,0.1,0.0,0.0,0.0,0.0,0.0,0.0,0.0,0.0,2,16190,2,No,No,No,No,No,No,No,No,16.703,68.277,100.0,0.000,24.1,120,0,0,8.3,120.0,142.4,103.9,103.4,103.5,103.4,119.9,161.8,99.2,96.6,97.6,96.3,8.34,9.64,7.02,6.89,9.73,9.81,5.98,2.35,8.01,0.32,0.78,1447,247,2.0,1.0,0,0,0.0,0.0,0,
11.6.2026,17:31:40.325,25887,22880,53.0,20171,12213,62.2,10.9,16384,1788,1.156,1.191,1.117,1.132,1.117,1.117,1.169,1.184,1.174,1.164,1.144,1.119,1.209,1.184,1.174,1.041,0.781,3505.7,4389.3,4389.3,4389.3,4389.3,798.0,4389.3,3491.5,3491.5,3491.5,3491.5,1895.4,3491.5,3491.5,3491.5,99.8,3790.7,1308.7,2192.8,1204.2,1851.2,1171.7,2018.1,2206.6,2412.8,2024.0,1331.3,1291.9,1494.4,1151.7,659.3,624.1,669.4,817.3,688.0,672.7,868.7,824.0,1445.0,32.4,51.7,27.9,43.2,27.3,46.4,50.8,55.5,46.9,31.5,30.4,35.3,26.9,19.9,18.4,19.7,24.7,20.4,20.2,26.2,25.2,55.5,32.4,100.0,56.1,86.3,47.0,72.1,45.9,78.7,86.0,93.8,79.1,52.0,50.3,58.3,44.8,37.4,35.4,37.8,45.8,39.1,38.2,48.3,46.2,56.1,35.1,44.0,44.0,44.0,44.0,8.0,44.0,35.0,35.0,35.0,35.0,19.0,35.0,35.0,35.0,38.0,71,74,73,77,72,70,71,70,70,70,70,68,68,68,68,29,26,27,23,28,30,29,30,30,30,30,32,32,32,32,79,77,No,No,No,No,No,No,No,No,No,No,No,No,No,No,No,No,No,No,No,No,No,No,No,No,No,No,No,No,No,No,Yes,Yes,Yes,Yes,Yes,Yes,Yes,Yes,Yes,Yes,Yes,Yes,Yes,Yes,Yes,No,No,Yes,79,77,68,1.100,44.719,47.352,40.100,0.002,5.696,0.780,175.0,175.0,175.0,175.0,0,0.0,0.0,32.5,51.5,28.0,43.3,27.5,46.5,50.9,55.6,46.7,31.4,30.6,35.3,27.1,20.1,18.6,19.9,24.9,20.5,20.2,26.2,25.2,29.0,33.6,40.4,15.3,12.8,48.3,46.4,19.1,13.2,21.4,34.7,22.4,20.8,51.3,26.3,26.2,0.0,0.0,0.2,0.0,0.0,0.0,54.3,61.4,52.0,34.7,50.9,52.6,18.4,42.6,0.0,0.0,0.1,0.0,0.0,0.0,0.0,2394.1,24.00,36,35,35,68,103,383,2,2,Yes,No,No,No,No,No,No,No,Yes,No,No,No,No,Yes,No,No,No,No,No,No,No,Yes,No,No,No,No,No,No,No,No,No,No,No,No,No,No,No,No,85.0,5040,4620,5040,69.8,1.095,1.110,1.800,1.815,1.005,5.110,2.000,No,No,No,69.5,1.110,1.110,1.800,1.815,1.005,5.110,1.125,No,No,No,41,41,94.0,100.0,No,No,32291,48158,37,70,99.0,100.0,No,No,1856,3315,0.0,1.2,1.2,0.000,0.037,62669,43680,0.0,0.0,0.0,0.000,0.000,35504,12253,77.5,74.0,85.9,83.0,0.875,20.494,20.485,20.504,67.269,38.873,48.877,15.671,64.772,3.000,18.634,83.319,37.839,100.000,140.000,2250.0,2200.2,1890.0,2227.0,1905.0,68.0,26.0,0.0,8.0,72.0,15.6,62.4,0.0,0.0,0.0,Yes,No,No,No,No,Yes,No,0,0,0,0,0,0,0,0,0,4,0,0,0,0,0,0,0,0,0,0,0,0,0,0,0,0,0,0,0,0,2291,5897,5666,356,16.0,68,0.297,44.629,600.0,2394.0,0.1,0.0,0.0,0.0,0.0,0.0,0.0,0.0,0.0,2,16190,2,No,No,No,No,No,No,No,No,16.703,68.277,100.0,0.000,24.1,120,0,0,8.9,120.1,143.4,100.1,98.9,99.0,98.9,120.1,148.7,100.7,94.9,97.2,94.2,8.33,10.04,6.93,6.87,10.18,10.21,6.01,2.32,8.00,0.32,0.83,1447,247,2.1,5.5,0,0,0.0,0.0,0,
11.6.2026,17:31:41.322,25913,22854,53.1,20196,12188,62.3,10.9,16384,1788,1.116,1.189,1.134,1.109,1.124,1.119,1.119,1.151,1.101,1.096,1.091,1.101,1.096,1.101,1.096,1.018,0.778,3719.5,4289.5,4289.5,4289.5,4289.5,4289.5,4289.5,3491.5,1895.4,3491.5,3491.5,3491.5,3491.5,3491.5,3491.5,99.8,3691.0,1350.3,2220.8,1200.5,1818.5,1086.7,2492.2,1881.3,2934.4,1379.6,1326.9,1223.6,1487.5,1254.0,782.4,753.9,791.3,928.3,840.3,747.3,917.5,939.2,1472.6,34.5,52.8,28.1,42.9,25.7,57.9,43.7,68.3,32.2,31.6,29.2,35.4,29.7,24.8,23.5,24.8,30.2,27.3,22.8,28.6,30.5,68.3,34.5,100.0,58.2,87.3,46.9,70.7,42.6,97.0,73.0,113.9,54.6,51.7,47.7,57.9,48.9,43.8,41.8,44.2,51.2,46.7,41.8,50.5,51.7,58.2,37.3,43.0,43.0,43.0,43.0,43.0,43.0,35.0,19.0,35.0,35.0,35.0,35.0,35.0,35.0,37.0,71,72,73,75,74,71,71,69,70,70,70,70,70,70,70,29,28,27,25,26,29,29,31,30,30,30,30,30,30,30,79,75,No,No,No,No,No,No,No,No,No,No,No,No,No,No,No,No,No,No,No,No,No,No,No,No,No,No,No,No,No,No,Yes,Yes,Yes,Yes,Yes,Yes,Yes,Yes,Yes,Yes,Yes,Yes,Yes,Yes,Yes,No,No,Yes,82,74,68,1.100,27.000,45.741,38.402,0.002,5.703,0.782,175.0,175.0,175.0,175.0,0,0.0,0.0,34.5,52.4,28.1,42.9,25.7,57.9,43.7,68.3,32.1,31.6,29.3,35.3,29.8,24.9,23.8,25.0,30.4,27.3,23.1,28.6,30.7,30.4,32.6,42.0,13.3,13.7,49.6,44.5,20.5,27.5,24.0,37.1,25.6,12.1,51.3,32.3,22.2,0.0,0.0,0.0,0.0,0.0,0.0,48.3,42.9,44.6,27.6,41.5,58.1,16.2,31.8,0.0,0.0,0.0,0.0,0.0,0.0,0.1,2394.1,24.00,36,35,35,68,103,383,2,2,Yes,No,No,No,No,No,No,No,Yes,No,No,No,No,Yes,No,No,No,No,No,No,No,Yes,No,No,No,No,No,No,No,No,No,No,No,No,No,No,No,No,85.0,5040,4620,5040,69.8,1.095,1.110,1.800,1.815,1.005,5.110,1.625,No,No,No,69.5,1.095,1.110,1.800,1.815,1.005,5.110,2.375,No,No,No,41,41,94.0,100.0,No,No,32291,48158,37,70,99.0,100.0,No,No,1856,3315,0.4,1.3,1.6,0.348,0.044,62669,43680,0.0,0.0,0.0,0.000,0.000,35504,12253,76.1,74.0,83.9,83.0,0.875,20.485,20.476,20.495,67.372,36.594,48.486,15.603,64.334,3.000,18.576,72.311,33.847,100.000,140.000,2250.0,2200.2,1890.0,2227.4,1905.0,67.0,25.0,0.0,8.0,72.0,15.6,62.2,0.0,0.0,0.0,Yes,No,No,No,No,Yes,No,0,0,0,0,0,0,0,0,0,4,0,0,0,0,0,0,0,0,0,0,0,0,0,0,0,0,0,0,0,0,2291,5897,5666,356,16.0,68,0.300,44.369,600.0,2394.0,0.2,0.0,0.0,0.0,0.0,0.0,0.0,0.0,0.0,2,16190,2,No,No,No,No,No,No,No,No,16.704,68.277,100.0,0.000,24.1,120,0,0,8.4,119.9,136.6,106.3,103.0,104.4,102.6,119.9,144.5,100.8,98.5,99.3,98.2,8.34,9.46,7.29,7.15,9.62,9.76,5.99,2.35,8.01,0.32,0.75,1447,247,1.6,1.0,0,0,0.0,0.0,0,
11.6.2026,17:31:42.322,25894,22874,53.0,20175,12208,62.3,10.9,16384,1788,1.188,1.210,1.200,1.110,1.125,1.165,1.180,1.210,1.205,1.195,1.195,1.205,1.220,1.195,1.220,1.041,0.778,3876.2,4389.3,4389.3,4389.3,4389.3,4389.3,4389.3,3491.5,3491.5,3491.5,3491.5,3491.5,3491.5,3491.5,3491.5,99.8,3790.7,1314.5,2160.4,1306.5,1867.3,1075.4,2580.4,1740.1,3050.3,1279.2,1394.3,1148.0,1577.1,1129.6,704.7,608.7,806.9,799.8,686.0,680.2,888.1,807.4,1451.8,33.1,51.1,30.5,44.1,25.4,59.8,40.3,70.7,29.7,33.2,27.5,37.4,26.9,21.6,18.6,25.2,24.7,20.9,21.2,27.4,25.4,70.7,33.1,100.0,56.4,84.9,50.9,72.5,42.2,100.5,67.6,118.5,50.7,54.4,44.9,61.3,44.3,39.9,35.0,44.9,44.7,38.7,38.6,49.1,45.3,56.5,38.9,44.0,44.0,44.0,44.0,44.0,44.0,35.0,35.0,35.0,35.0,35.0,35.0,35.0,35.0,38.0,70,71,73,75,74,70,69,68,68,68,68,68,68,68,68,30,29,27,25,26,30,31,32,32,32,32,32,32,32,32,81,75,No,No,No,No,No,No,No,No,No,No,No,No,No,No,No,No,No,No,No,No,No,No,No,No,No,No,No,No,No,No,Yes,Yes,Yes,Yes,Yes,Yes,Yes,Yes,Yes,Yes,Yes,Yes,Yes,Yes,Yes,No,No,Yes,81,74,68,1.100,48.938,45.554,38.281,0.002,5.719,0.785,175.0,175.0,175.0,175.0,0,0.0,0.0,33.0,50.7,30.5,44.0,25.4,59.8,40.2,70.6,29.5,33.1,27.5,37.3,26.8,21.5,18.5,25.3,24.7,20.9,21.1,27.5,25.2,27.8,32.2,41.7,14.0,14.1,49.6,45.2,20.4,9.2,34.6,40.2,15.2,10.2,46.0,17.1,26.7,0.0,0.0,0.0,0.0,0.0,0.0,51.3,65.3,34.7,29.9,57.4,61.5,22.1,50.9,0.0,0.0,0.0,0.0,0.0,0.1,0.1,2394.1,24.00,36,35,35,68,103,383,2,2,Yes,No,No,No,No,No,No,No,Yes,No,No,No,No,Yes,No,No,No,No,No,No,No,Yes,No,No,No,No,No,No,No,No,No,No,No,No,No,No,No,No,84.0,5040,4740,5100,70.0,1.095,1.110,1.800,1.815,1.005,5.110,1.500,No,No,No,69.5,1.095,1.110,1.800,1.815,1.005,5.110,2.250,No,No,No,41,41,94.0,100.0,No,No,32291,48158,36,70,99.0,100.0,No,No,1856,3315,0.0,0.7,0.7,0.000,0.206,62669,43680,0.0,0.1,0.1,0.000,0.036,35504,12253,77.7,76.0,86.8,83.0,0.875,20.486,20.477,20.496,67.213,36.269,48.926,15.665,64.830,3.000,18.641,69.246,33.578,100.000,140.000,2250.0,2200.2,1890.0,2227.6,1905.0,68.0,25.0,0.0,8.0,72.0,15.6,62.4,0.0,0.0,0.0,Yes,No,No,No,No,Yes,No,0,0,0,0,0,0,0,0,0,4,0,0,0,0,0,0,0,0,0,0,0,0,0,0,0,0,0,0,0,0,2291,5897,5666,356,16.0,68,0.297,46.711,600.0,2394.0,0.1,0.0,0.0,0.0,0.0,0.0,0.0,0.0,0.0,2,16190,2,No,No,No,No,No,No,No,No,16.703,68.277,100.0,0.000,24.1,120,0,0,7.7,120.1,136.8,106.2,103.6,104.6,103.3,120.1,146.3,102.1,101.1,101.4,101.1,8.33,9.43,7.29,7.05,9.58,9.68,6.00,2.33,8.01,0.32,0.72,1447,247,1.3,1.0,0,0,0.0,0.0,0,
11.6.2026,17:31:43.321,25894,22874,53.0,20175,12208,62.3,10.9,16384,1788,1.188,1.210,1.200,1.110,1.125,1.165,1.180,1.210,1.205,1.195,1.195,1.205,1.220,1.195,1.220,1.041,0.778,3876.2,4389.3,4389.3,4389.3,4389.3,4389.3,4389.3,3491.5,3491.5,3491.5,3491.5,3491.5,3491.5,3491.5,3491.5,99.8,3790.7,1314.5,2160.4,1306.5,1867.3,1075.4,2580.4,1740.1,3050.3,1279.2,1394.3,1148.0,1577.1,1129.6,704.7,608.7,806.9,799.8,686.0,680.2,888.1,807.4,1451.8,33.1,51.1,30.5,44.1,25.4,59.8,40.3,70.7,29.7,33.2,27.5,37.4,26.9,21.6,18.6,25.2,24.7,20.9,21.2,27.4,25.4,70.7,33.1,100.0,56.4,84.9,50.9,72.5,42.2,100.5,67.6,118.5,50.7,54.4,44.9,61.3,44.3,39.9,35.0,44.9,44.7,38.7,38.6,49.1,45.3,56.5,38.9,44.0,44.0,44.0,44.0,44.0,44.0,35.0,35.0,35.0,35.0,35.0,35.0,35.0,35.0,38.0,70,71,73,75,74,70,69,68,68,68,68,68,68,68,68,30,29,27,25,26,30,31,32,32,32,32,32,32,32,32,81,75,No,No,No,No,No,No,No,No,No,No,No,No,No,No,No,No,No,No,No,No,No,No,No,No,No,No,No,No,No,No,Yes,Yes,Yes,Yes,Yes,Yes,Yes,Yes,Yes,Yes,Yes,Yes,Yes,Yes,Yes,No,No,Yes,81,75,68,1.100,29.532,44.626,37.333,0.002,5.701,0.783,175.0,175.0,175.0,175.0,0,0.0,0.0,33.0,50.7,30.5,44.0,25.4,59.8,40.2,70.6,29.5,33.1,27.5,37.3,26.8,21.5,18.5,25.3,24.7,20.9,21.1,27.5,25.2,27.8,32.2,41.7,14.0,14.1,49.6,45.2,20.4,9.2,34.6,40.2,15.2,10.2,46.0,17.1,26.7,0.0,0.0,0.0,0.0,0.0,0.0,51.3,65.3,34.7,29.9,57.4,61.5,22.1,50.9,0.0,0.0,0.0,0.0,0.0,0.1,0.1,2394.1,24.00,36,35,35,68,103,383,2,2,Yes,No,No,No,No,No,No,No,Yes,No,No,No,No,Yes,No,No,No,No,No,No,No,Yes,No,No,No,No,No,No,No,No,No,No,No,No,No,No,No,No,84.0,5100,4800,5040,70.0,1.095,1.110,1.800,1.815,1.005,5.110,1.750,No,No,No,69.5,1.095,1.110,1.800,1.815,1.005,5.110,1.625,No,No,No,41,41,94.0,100.0,No,No,32291,48158,37,70,99.0,100.0,No,No,1856,3315,0.0,0.7,0.7,0.000,0.206,62669,43680,0.0,0.1,0.1,0.000,0.036,35504,12253,76.4,74.0,84.1,83.0,0.875,20.493,20.483,20.502,67.431,30.197,48.821,15.649,64.706,3.000,18.621,26.972,33.613,100.000,140.000,2250.0,2200.2,1890.0,2227.7,1905.0,67.0,25.0,0.0,8.0,72.0,15.6,62.5,0.0,0.0,0.0,Yes,No,No,No,No,Yes,No,0,0,0,0,0,0,0,0,0,4,0,0,0,0,0,0,0,0,0,0,0,0,0,0,0,0,0,0,0,0,2291,5897,5666,356,16.0,68,0.297,47.504,600.0,2394.0,0.1,0.0,0.0,0.0,0.0,0.0,0.0,0.0,0.0,2,16190,2,No,No,No,No,No,No,No,No,16.703,68.277,100.0,0.000,24.1,120,0,0,7.7,120.1,136.8,106.2,103.6,104.6,103.3,120.1,146.3,102.1,101.1,101.4,101.1,8.33,9.43,7.29,7.05,9.58,9.68,6.00,2.33,8.01,0.32,0.72,1447,247,1.3,1.0,0,0,0.0,0.0,0,
11.6.2026,17:31:44.318,25888,22879,53.0,20174,12210,62.2,10.9,16384,1788,1.164,1.164,1.164,1.164,1.119,1.174,1.179,1.154,1.154,1.154,1.154,1.199,1.174,1.179,1.169,1.061,0.781,3919.0,4489.0,4489.0,4489.0,4489.0,4489.0,4489.0,3491.5,3491.5,3491.5,3491.5,3491.5,3491.5,3491.5,3491.5,99.8,3890.5,1292.2,2240.0,1232.2,1888.5,975.6,2496.9,1760.6,2884.3,1455.6,1426.9,1209.8,1598.7,1020.1,666.3,608.5,688.6,765.1,619.0,641.0,867.2,799.3,1432.3,31.9,52.4,28.4,44.2,22.8,57.5,40.3,66.3,33.5,33.7,28.5,37.7,23.9,19.9,18.1,20.6,23.2,17.8,18.5,26.2,24.3,66.3,31.9,100.0,55.3,88.0,48.1,73.3,38.3,97.5,68.3,112.1,57.3,55.5,47.0,62.2,39.9,37.8,34.6,39.0,42.9,34.9,36.1,48.1,44.9,55.3,39.3,45.0,45.0,45.0,45.0,45.0,45.0,35.0,35.0,35.0,35.0,35.0,35.0,35.0,35.0,39.0,70,75,71,75,74,71,71,70,69,69,69,68,68,68,68,30,25,29,25,26,29,29,30,31,31,31,32,32,32,32,81,75,No,No,No,No,No,No,No,No,No,No,No,No,No,No,No,No,No,No,No,No,No,No,No,No,No,No,No,No,No,No,Yes,Yes,Yes,Yes,Yes,Yes,Yes,Yes,Yes,Yes,Yes,Yes,Yes,Yes,Yes,No,No,Yes,81,75,68,1.100,32.907,46.271,39.006,0.002,5.689,0.776,175.0,175.0,175.0,175.0,0,0.0,0.0,31.9,52.1,28.5,44.2,22.9,57.5,40.4,66.3,33.4,33.6,28.6,37.7,24.0,20.0,18.2,20.6,23.3,18.1,18.9,26.3,24.4,26.2,32.9,43.2,16.0,14.5,47.8,47.2,14.0,10.3,21.0,26.9,10.7,10.9,55.4,16.2,29.6,0.0,0.0,0.0,0.0,0.0,0.0,59.0,64.8,51.6,43.6,64.4,63.5,14.6,52.6,0.1,0.0,0.2,0.0,0.0,0.3,0.0,2394.1,24.00,36,35,35,68,103,383,2,2,Yes,No,No,No,No,No,No,No,Yes,No,No,No,No,Yes,No,No,No,No,No,No,No,Yes,No,No,No,No,No,No,No,No,No,No,No,No,No,No,No,No,85.0,4980,4740,5100,70.0,1.095,1.110,1.800,1.815,0.990,5.110,2.250,No,No,No,69.5,1.095,1.110,1.800,1.815,0.990,5.110,1.750,No,No,No,41,41,94.0,100.0,No,No,32291,48158,37,70,99.0,100.0,No,No,1856,3315,0.0,1.6,1.6,0.000,0.031,62669,43680,0.0,0.2,0.2,0.000,0.052,35504,12253,76.1,74.0,83.7,83.0,0.875,20.490,20.480,20.500,67.420,27.849,48.529,15.626,64.370,3.000,18.584,11.706,33.131,100.000,140.000,2250.0,2200.2,1890.0,2227.7,1905.0,68.0,26.0,0.0,8.0,72.0,15.5,62.1,0.0,0.0,0.0,Yes,No,No,No,No,Yes,No,0,0,0,0,0,0,0,0,0,4,0,0,0,0,0,0,0,0,0,0,0,0,0,0,0,0,0,0,0,0,2291,5897,5666,356,16.0,68,0.297,43.103,600.0,2394.0,0.1,0.0,0.0,0.0,0.0,0.0,0.0,0.0,0.0,2,16190,2,No,No,No,No,No,No,No,No,16.703,68.277,100.0,0.000,24.1,120,0,0,8.3,120.0,137.2,104.8,104.0,104.3,104.0,120.0,162.8,98.8,98.7,98.7,98.7,8.33,9.56,7.27,7.15,9.60,9.62,6.00,2.33,8.01,0.32,0.62,1447,247,1.5,2.0,0,0,0.0,0.0,0,
11.6.2026,17:31:45.316,25889,22878,53.0,20174,12210,62.2,10.9,16384,1788,1.164,1.229,1.170,1.175,1.165,1.165,1.160,1.160,1.150,1.155,1.155,1.150,1.150,1.160,1.155,1.041,0.778,3776.5,4389.3,4489.0,4489.0,4389.3,4389.3,4389.3,3491.5,3491.5,3491.5,3491.5,1895.4,3491.5,3491.5,3491.5,99.8,3790.7,1284.9,2156.7,1202.0,1754.1,1082.0,1458.6,2728.9,1661.5,2725.3,1237.6,1337.9,1405.1,1325.1,656.1,600.0,680.8,744.2,643.8,628.3,851.3,819.5,1422.3,31.5,50.4,27.4,40.7,25.2,33.3,62.4,38.0,62.2,29.0,31.5,32.8,30.8,19.3,17.5,20.1,22.3,18.7,18.7,25.5,24.9,62.4,31.5,100.0,54.8,84.8,46.8,67.9,42.4,57.1,106.0,64.8,105.7,48.1,52.1,54.6,51.4,36.8,34.0,38.1,41.5,36.3,35.8,47.1,45.7,54.8,37.9,44.0,45.0,45.0,44.0,44.0,44.0,35.0,35.0,35.0,35.0,19.0,35.0,35.0,35.0,38.0,72,74,78,75,74,71,76,71,71,71,71,68,68,68,68,28,26,22,25,26,29,24,29,29,29,29,32,32,32,32,81,78,No,No,No,No,No,No,No,No,No,No,No,No,No,No,No,No,No,No,No,No,No,No,No,No,No,No,No,No,No,No,Yes,Yes,Yes,Yes,Yes,Yes,Yes,Yes,Yes,Yes,Yes,Yes,Yes,Yes,Yes,No,No,Yes,81,73,68,1.100,46.407,42.601,35.376,0.002,5.681,0.770,175.0,175.0,175.0,175.0,0,0.0,0.0,31.6,50.0,27.5,40.8,25.2,33.3,62.3,38.0,62.1,29.0,31.6,32.9,30.9,19.6,17.7,20.3,22.5,18.9,18.8,25.7,25.1,25.8,35.1,44.0,16.4,13.0,48.8,44.6,14.9,9.5,18.5,30.6,12.1,11.9,44.8,16.7,30.1,0.0,0.0,0.0,0.4,0.0,0.0,58.9,65.8,54.3,40.9,62.5,62.2,24.9,51.3,0.2,0.0,0.0,0.0,0.0,0.7,0.5,2394.1,24.00,36,35,35,68,103,383,2,2,Yes,No,No,No,No,No,No,No,Yes,No,No,No,No,No,No,No,No,No,No,No,No,No,No,No,No,No,No,No,No,No,No,No,No,No,No,No,No,No,85.0,5100,4680,5100,70.0,1.095,1.110,1.800,1.815,0.990,5.110,2.375,No,No,No,69.8,1.095,1.110,1.800,1.815,0.990,5.110,2.375,No,No,No,41,41,94.0,100.0,No,No,32291,48158,37,70,99.0,100.0,No,No,1856,3315,0.4,2.0,2.4,0.097,0.049,62669,43680,0.0,0.0,0.0,0.000,0.000,35504,12253,76.2,74.0,84.5,83.0,0.875,20.494,20.486,20.502,66.488,26.322,44.326,14.832,59.394,3.000,17.801,10.253,34.647,100.000,140.000,2250.0,2200.2,1890.0,2227.5,1905.0,60.0,24.0,0.0,8.0,72.0,14.5,58.2,0.0,0.0,0.0,Yes,No,No,No,No,Yes,No,0,0,0,0,0,0,0,0,0,4,0,0,0,0,0,0,0,0,0,0,0,0,0,0,0,0,0,0,0,0,2291,5897,5666,356,16.0,68,0.300,44.133,600.0,2394.0,0.1,0.0,0.0,0.0,0.0,0.0,0.0,0.0,0.0,2,16190,2,No,No,No,No,No,No,No,No,16.703,68.277,100.0,0.000,24.1,120,0,0,8.5,119.7,139.6,103.8,91.8,96.6,90.5,119.8,154.7,99.2,85.5,91.0,84.1,8.35,9.67,7.17,6.94,10.37,11.04,5.86,2.49,8.03,0.32,0.77,1447,247,1.2,0.9,0,0,0.0,0.0,0,
11.6.2026,17:31:46.314,25921,22846,53.1,20168,12215,62.2,10.9,16384,1788,1.129,1.150,1.140,1.140,1.137,1.127,1.127,1.127,1.117,1.127,1.132,1.132,1.117,1.122,1.112,1.018,0.781,3719.5,4289.5,4289.5,4289.5,4289.5,4289.5,4289.5,3491.5,3491.5,3491.5,3491.5,3491.5,1895.4,3491.5,3491.5,99.8,3691.0,1331.1,2199.2,1291.7,1814.1,1157.7,1524.2,2600.6,1726.5,2746.1,1229.4,1440.8,1412.5,1403.6,694.7,657.6,737.2,840.9,664.0,691.7,903.1,885.6,1467.3,33.1,51.8,30.0,42.6,27.1,35.1,60.1,39.8,63.4,28.9,34.4,33.4,33.1,20.8,19.7,22.0,25.4,19.8,20.5,27.4,27.1,63.4,33.1,100.0,57.1,86.2,50.7,70.7,45.3,59.6,101.5,67.1,106.8,47.8,56.1,55.0,54.8,39.3,37.3,41.5,46.7,37.7,39.0,49.7,49.1,57.2,37.3,43.0,43.0,43.0,43.0,43.0,43.0,35.0,35.0,35.0,35.0,35.0,19.0,35.0,35.0,37.0,70,74,73,74,72,71,73,69,69,69,69,68,68,68,68,30,26,27,26,28,29,27,31,31,31,31,32,32,32,32,81,74,No,No,No,No,No,No,No,No,No,No,No,No,No,No,No,No,No,No,No,No,No,No,No,No,No,No,No,No,No,No,Yes,Yes,Yes,Yes,Yes,Yes,Yes,Yes,Yes,Yes,Yes,Yes,Yes,Yes,Yes,No,No,Yes,81,74,68,1.100,43.032,45.263,38.408,0.002,5.707,0.777,175.0,175.0,175.0,175.0,0,0.0,0.0,33.1,51.2,29.9,42.5,27.1,35.1,60.1,39.7,63.3,28.9,34.3,33.3,33.0,20.7,19.7,22.1,25.4,19.8,20.5,27.4,27.0,31.4,33.0,41.3,17.8,12.1,47.6,43.9,24.7,19.0,26.7,44.3,17.8,22.8,55.8,32.4,23.5,0.0,0.0,0.0,0.0,0.0,0.0,48.7,54.8,44.9,25.7,56.0,50.3,13.5,35.3,0.0,0.0,0.0,0.0,0.0,0.1,0.2,2394.1,24.00,36,35,35,68,103,383,2,2,Yes,No,No,No,No,No,No,No,Yes,No,No,No,No,Yes,No,No,No,No,No,No,No,Yes,No,No,No,No,No,No,No,No,No,No,No,No,No,No,No,No,84.0,5040,4740,5100,70.0,1.110,1.110,1.800,1.815,0.990,5.110,2.375,No,No,No,69.8,1.095,1.110,1.800,1.815,0.990,5.110,2.000,No,No,No,41,41,94.0,100.0,No,No,32291,48158,37,70,99.0,100.0,No,No,1856,3315,0.3,0.9,1.2,0.028,0.041,62669,43680,0.3,0.0,0.3,2.139,0.000,35506,12253,75.8,74.0,84.9,83.0,0.875,20.508,20.500,20.517,63.223,37.142,45.455,14.862,60.565,3.000,17.821,84.179,34.111,100.000,140.000,2250.0,2200.2,1890.0,2228.0,1905.0,61.0,24.0,0.0,8.0,72.8,13.8,55.3,0.0,0.0,0.0,Yes,No,No,No,No,Yes,No,0,0,0,0,0,0,0,0,0,4,0,0,0,0,0,0,0,0,0,0,0,0,0,0,0,0,0,0,0,0,2230,5958,5727,356,16.0,68,0.300,43.821,600.0,2394.0,0.2,0.0,0.0,0.0,0.0,0.0,0.0,0.0,0.0,2,16190,2,No,No,No,No,No,No,No,No,16.703,68.277,100.0,0.000,24.1,118,0,0,9.2,117.7,140.3,76.9,51.9,59.9,50.0,117.7,173.7,75.4,55.7,62.2,54.0,8.50,13.13,7.04,6.25,16.66,19.82,5.50,3.00,8.17,0.33,1.25,1447,247,33.2,4.4,0,0,0.0,0.0,0,
11.6.2026,17:31:47.330,25953,22815,53.2,20164,12220,62.2,10.9,16384,1788,1.175,1.245,1.195,1.200,1.176,1.191,1.171,1.191,1.196,1.161,1.168,1.108,1.163,1.143,1.138,1.061,0.781,3976.0,4489.0,4489.0,4489.0,4489.0,4489.0,4489.0,3591.2,3591.2,3591.2,3591.2,3591.2,3591.2,3591.2,3591.2,99.8,3890.5,1248.0,2076.0,1181.2,1693.0,1169.8,1499.0,2570.5,1692.8,2645.2,1293.5,1225.4,1462.5,1215.4,587.1,550.2,667.4,736.3,631.9,677.1,702.2,684.1,1391.6,30.8,48.5,27.0,39.3,27.4,34.1,58.4,38.6,60.2,30.4,28.8,34.4,28.2,17.8,16.3,21.3,22.9,19.3,20.9,21.7,21.4,60.2,30.8,100.0,53.3,81.5,46.4,65.7,46.1,58.7,100.2,66.0,102.9,50.3,47.7,57.0,47.2,33.4,31.3,37.8,41.1,35.6,38.1,39.6,38.6,53.3,39.9,45.0,45.0,45.0,45.0,45.0,45.0,36.0,36.0,36.0,36.0,36.0,36.0,36.0,36.0,39.0,71,74,71,76,74,74,71,69,69,69,69,68,68,68,68,29,26,29,24,26,26,29,31,31,31,31,32,32,32,32,79,76,No,No,No,No,No,No,No,No,No,No,No,No,No,No,No,No,No,No,No,No,No,No,No,No,No,No,No,No,No,No,Yes,Yes,Yes,Yes,Yes,Yes,Yes,Yes,Yes,Yes,Yes,Yes,Yes,Yes,Yes,No,No,Yes,81,71,68,1.100,16.875,44.210,36.588,0.002,5.654,0.752,175.0,175.0,175.0,175.0,0,0.0,0.0,30.9,48.1,27.0,39.3,27.4,34.1,58.5,38.5,60.2,30.3,28.8,34.4,28.1,17.9,16.5,21.3,23.0,19.5,20.9,21.7,21.5,23.8,37.0,43.3,18.3,14.6,49.7,45.1,10.1,10.1,12.1,30.6,10.7,16.6,22.8,12.2,32.7,0.0,0.0,0.0,0.0,0.0,0.0,65.0,66.5,59.0,40.4,63.1,55.9,49.1,59.0,0.1,0.0,0.2,0.0,0.0,0.0,0.1,2394.1,24.00,36,35,35,68,103,383,2,2,Yes,No,No,No,No,No,No,No,Yes,No,Yes,No,No,Yes,No,No,No,No,No,No,No,Yes,No,No,No,No,No,No,No,No,No,No,No,No,No,No,No,No,86.0,5100,4800,5100,70.0,1.095,1.110,1.800,1.815,0.990,5.110,1.125,No,No,No,69.8,1.095,1.110,1.800,1.815,0.990,5.110,2.125,No,No,No,41,41,94.0,100.0,No,No,32291,48158,37,70,99.0,100.0,No,No,1856,3315,0.3,1.2,1.5,0.080,0.201,62670,43680,0.1,0.0,0.1,0.774,0.000,35506,12253,76.5,74.0,85.2,83.0,0.875,20.494,20.483,20.505,65.224,32.901,49.207,15.219,64.693,3.000,18.182,38.510,41.496,100.000,140.000,2250.0,2200.2,1890.0,2227.3,1905.0,63.0,23.0,0.0,7.0,72.8,14.0,56.1,0.0,0.0,0.0,Yes,No,No,No,No,Yes,No,0,0,0,0,0,0,0,0,0,4,0,0,0,0,0,0,0,0,0,0,0,0,0,0,0,0,0,0,0,0,2227,5961,5729,356,16.0,68,0.297,45.801,600.0,2394.0,0.1,0.0,0.0,0.0,0.0,0.0,0.0,0.0,0.0,2,16190,2,No,No,No,No,No,No,No,No,16.702,68.277,100.0,0.000,24.1,120,0,0,8.7,120.1,215.8,94.2,53.3,65.4,50.4,120.0,219.8,87.1,51.3,62.3,48.7,8.33,10.63,4.58,3.98,15.31,19.86,5.46,2.86,8.01,0.31,1.08,1447,247,1.6,1.9,0,0,0.0,0.0,0,
11.6.2026,17:31:48.318,25991,22777,53.2,20201,12182,62.3,10.9,16384,1788,1.185,1.228,1.214,1.180,1.165,1.165,1.155,1.155,1.200,1.205,1.165,1.165,1.205,1.185,1.202,1.061,0.781,3541.3,4688.5,4688.5,4489.0,4489.0,4489.0,1396.6,3591.2,3591.2,3591.2,3591.2,3591.2,3591.2,1895.4,1895.4,99.8,3890.5,1096.0,1951.3,1031.7,1673.6,956.3,2023.6,1983.6,1983.2,1886.9,1288.7,794.2,1553.3,593.8,543.5,556.4,537.5,525.6,486.2,484.3,506.6,559.1,1242.7,25.5,44.4,22.3,37.4,19.9,44.4,43.2,43.9,41.1,29.5,16.2,35.9,12.6,15.4,15.9,14.9,16.1,12.1,13.4,14.3,16.7,44.4,25.5,100.0,46.7,76.8,40.5,64.9,37.5,78.1,78.1,76.9,74.8,50.3,31.3,60.8,23.3,31.1,32.0,30.8,30.2,28.0,27.9,29.2,32.0,46.7,35.5,47.0,47.0,45.0,45.0,45.0,14.0,36.0,36.0,36.0,36.0,36.0,36.0,19.0,19.0,39.0,69,68,77,74,70,69,68,68,68,68,68,66,66,66,66,31,32,23,26,30,31,32,32,32,32,32,34,34,34,34,79,77,No,No,No,No,No,No,No,No,No,No,No,No,No,No,No,No,No,No,No,No,No,No,No,No,No,No,No,No,No,No,Yes,Yes,Yes,Yes,Yes,Yes,Yes,Yes,Yes,Yes,Yes,Yes,Yes,Yes,Yes,No,No,Yes,79,71,68,1.100,20.250,43.937,36.883,0.002,5.580,0.714,175.0,175.0,175.0,175.0,0,0.0,0.0,26.5,44.5,23.2,38.2,22.0,45.3,44.4,44.6,42.3,30.3,18.3,36.6,13.4,16.5,16.9,16.0,15.9,14.5,14.4,15.4,17.7,18.5,41.5,42.5,14.0,22.6,51.0,49.1,5.5,3.9,5.5,5.5,3.5,2.2,9.7,2.3,41.6,0.4,0.0,3.3,0.0,0.0,0.0,71.3,72.4,71.4,70.8,75.4,76.6,67.8,72.8,3.0,0.0,4.5,3.0,0.0,5.8,4.8,2394.1,24.00,36,35,35,68,103,383,2,2,Yes,No,No,No,No,No,No,No,Yes,No,Yes,No,No,No,No,No,No,No,No,No,No,No,No,No,No,No,No,Yes,No,No,No,No,No,No,No,Yes,No,No,84.0,5100,4680,5040,70.0,1.095,1.110,1.800,1.815,0.990,5.110,1.250,No,No,No,69.8,1.095,1.110,1.800,1.815,0.990,5.110,0.875,No,No,No,41,41,94.0,100.0,No,No,32291,48158,37,70,99.0,100.0,No,No,1856,3315,0.1,1.5,1.6,0.028,0.206,62670,43681,0.4,0.1,0.5,4.637,0.024,35511,12253,66.7,72.0,73.0,83.0,0.875,20.665,20.670,20.661,62.502,11.773,13.614,9.736,23.367,3.000,12.730,8.765,11.197,100.000,140.000,2250.0,2200.2,1890.0,2229.6,1905.0,9.0,3.0,0.0,0.0,72.8,9.0,36.2,0.0,0.0,0.0,Yes,No,No,No,No,Yes,No,0,0,0,0,0,0,0,0,0,4,0,0,0,0,0,0,0,0,0,0,0,0,0,0,0,0,0,0,0,0,2231,5957,5726,355,16.0,68,0.300,36.491,600.0,2394.0,0.2,0.0,0.0,0.0,0.0,0.0,0.0,0.0,0.0,2,16190,2,No,No,No,No,No,No,No,No,16.703,68.277,100.0,0.000,24.1,111,0,0,3.9,112.9,147.4,97.8,17.2,27.0,15.7,113.2,156.2,95.8,18.1,28.1,16.5,8.86,10.23,6.77,6.35,37.14,64.00,5.63,3.19,8.54,0.31,1.27,1447,247,14.5,7.6,0,0,0.0,0.0,0,
11.6.2026,17:31:49.312,25996,22772,53.3,20202,12182,62.3,10.9,16384,1788,1.210,1.219,1.202,1.212,1.197,1.202,1.192,1.202,1.222,1.222,1.222,1.207,1.207,1.207,1.217,1.061,0.781,3577.0,4489.0,4688.5,4688.5,4688.5,4688.5,4688.5,3591.2,3591.2,3591.2,3591.2,1995.1,1895.4,1995.1,1895.4,99.8,3890.5,567.5,1374.4,6.8,1348.3,6.0,2961.2,60.9,2509.0,52.8,795.5,4.0,1030.9,9.8,276.7,238.7,252.5,225.0,27.9,25.6,24.8,120.1,697.0,14.1,32.7,0.0,32.0,0.0,66.2,0.4,56.5,1.8,20.3,0.0,25.3,0.0,10.6,9.2,9.6,7.0,3.6,2.0,0.3,5.3,66.2,14.1,100.0,23.4,53.9,0.3,52.6,0.3,115.1,2.4,97.7,2.1,31.4,0.2,40.4,0.4,16.3,14.2,15.0,13.6,1.9,1.8,1.5,6.6,23.4,35.9,45.0,47.0,47.0,47.0,47.0,47.0,36.0,36.0,36.0,36.0,20.0,19.0,20.0,19.0,39.0,66,68,68,69,67,66,64,66,66,66,66,65,65,65,65,34,32,32,31,33,34,36,34,34,34,34,35,35,35,35,79,69,No,No,No,No,No,No,No,No,No,No,No,No,No,No,No,No,No,No,No,No,No,No,No,No,No,No,No,No,No,No,No,No,No,No,No,No,No,No,No,No,No,No,No,No,No,No,No,No,78,68,68,1.100,27.844,28.055,21.373,0.002,5.211,0.576,175.0,175.0,175.0,175.0,0,0.0,0.0,14.0,32.2,0.2,31.5,0.1,65.7,1.3,56.2,1.2,19.8,0.1,24.8,0.2,10.1,8.8,9.0,7.9,1.5,1.4,1.2,6.1,27.1,65.6,65.9,31.5,40.4,76.1,70.6,14.3,1.5,8.9,4.1,0.0,0.0,0.0,0.0,50.0,0.0,0.0,0.5,0.3,0.0,0.0,70.8,84.8,77.1,83.0,96.5,96.8,97.7,92.8,0.9,0.2,0.7,0.0,0.0,2.1,2.3,2394.1,24.00,36,35,35,68,103,383,2,2,Yes,No,No,No,No,No,No,No,No,No,Yes,No,No,Yes,No,No,No,No,No,No,No,Yes,No,No,No,No,No,Yes,No,No,No,No,No,No,No,Yes,No,No,86.0,4980,4620,5100,70.0,1.095,1.110,1.800,1.800,0.990,5.110,0.875,No,No,No,69.5,1.095,1.110,1.800,1.815,0.990,5.110,1.375,No,No,No,41,41,94.0,100.0,No,No,32291,48158,37,70,99.0,100.0,No,No,1856,3315,0.9,1.7,2.6,0.540,0.079,62670,43681,0.1,0.0,0.1,0.131,0.000,35511,12253,64.3,70.0,71.5,83.0,0.875,20.690,20.700,20.680,25.444,10.267,13.027,7.183,20.246,3.000,10.198,8.462,9.754,100.000,140.000,2250.0,1500.2,1890.0,2245.5,1905.0,13.0,4.0,0.0,0.0,72.8,1.3,5.4,0.0,0.0,0.0,Yes,No,No,No,No,Yes,No,0,0,0,0,0,0,0,0,0,4,0,0,0,0,0,0,0,0,0,0,0,0,0,0,0,0,0,0,0,0,2228,5960,5728,359,8.0,68,0.300,27.178,600.0,2394.0,0.3,0.0,0.0,0.0,0.0,0.0,0.0,0.0,0.0,2,16190,2,No,No,No,No,No,No,No,No,16.703,68.277,100.0,0.000,24.1,120,0,0,8.4,120.3,354.7,95.0,49.1,61.8,46.3,120.0,177.7,82.4,28.9,40.2,26.6,8.31,10.68,2.79,1.96,16.25,21.58,1.36,6.95,8.01,0.30,1.61,1447,247,35.5,14.9,0,0,0.0,0.0,0,
11.6.2026,17:31:50.333,25939,22829,53.1,20155,12228,62.2,10.9,16384,1788,1.209,1.205,1.195,1.210,1.210,1.210,1.210,1.230,1.225,1.225,1.225,1.195,1.182,1.188,1.213,1.061,0.781,2700.5,798.0,798.0,4688.5,4688.5,4688.5,4688.5,3591.2,1895.4,1895.4,2194.6,2194.6,1895.4,1895.4,1895.4,99.8,3890.5,463.3,1119.7,6.6,835.9,1.6,2785.1,56.4,2369.6,22.7,534.0,1.6,689.6,1.2,146.8,172.3,211.8,140.1,27.1,34.1,19.6,91.2,568.4,11.9,26.9,0.0,20.6,0.0,62.2,3.2,53.2,0.0,13.5,0.0,16.8,0.0,6.4,7.8,9.7,6.4,1.9,2.3,1.5,5.1,62.2,11.9,100.0,19.1,44.5,0.3,33.1,0.1,108.3,2.2,92.6,0.9,21.6,0.1,27.7,0.1,8.9,10.1,12.2,8.8,1.7,2.1,1.2,5.0,19.1,27.1,8.0,8.0,47.0,47.0,47.0,47.0,36.0,19.0,19.0,22.0,22.0,19.0,19.0,19.0,39.0,66,68,67,67,74,65,64,64,64,64,64,65,65,65,65,34,32,33,33,26,35,36,36,36,36,36,35,35,35,35,78,74,No,No,No,No,No,No,No,No,No,No,No,No,No,No,No,No,No,No,No,No,No,No,No,No,No,No,No,No,No,No,No,No,No,No,No,No,No,No,No,No,No,No,No,No,No,No,No,No,78,70,67,1.100,16.875,25.264,18.900,0.006,4.933,0.537,175.0,175.0,175.0,175.0,0,0.0,0.0,11.5,26.4,0.2,20.1,0.0,62.0,1.2,53.0,0.5,13.3,0.1,16.5,0.0,6.0,7.5,9.4,5.8,1.5,1.8,1.0,4.6,23.1,70.7,75.4,34.8,43.9,45.2,39.7,5.9,1.7,1.6,4.1,0.1,0.1,0.1,0.1,52.1,0.0,0.0,0.0,0.0,0.0,0.0,84.2,87.3,85.4,86.1,97.1,96.8,98.1,94.4,12.7,0.4,2.3,0.0,0.0,35.9,37.3,2394.1,24.00,36,35,35,68,103,383,2,2,Yes,No,No,No,No,No,No,No,No,No,Yes,No,No,Yes,No,No,No,No,No,No,No,Yes,No,No,No,No,No,Yes,No,No,No,No,No,No,No,Yes,No,No,84.0,5040,4440,5040,69.8,1.095,1.110,1.800,1.800,1.005,5.110,1.250,No,No,No,69.5,1.095,1.110,1.800,1.800,1.005,5.110,1.500,No,No,No,41,41,94.0,100.0,No,No,32291,48158,37,70,99.0,100.0,No,No,1856,3315,0.4,1.6,2.0,0.101,0.246,62670,43681,0.0,0.1,0.1,0.000,0.004,35511,12253,62.7,70.0,70.4,83.0,0.870,20.685,20.695,20.674,22.239,8.759,10.571,5.960,16.539,3.000,8.970,8.090,8.180,100.000,140.000,2175.0,1750.2,930.0,2220.9,990.0,0.0,2.0,0.0,0.0,72.8,0.8,3.0,0.0,0.0,0.0,Yes,No,No,No,No,Yes,No,0,0,0,0,0,0,0,0,0,6,0,0,0,0,0,0,0,0,0,0,0,0,0,0,0,0,0,0,0,0,2228,5960,5728,359,16.0,68,0.300,26.881,600.0,2394.0,0.2,0.0,0.0,0.0,0.0,0.0,0.0,0.0,0.0,2,16190,2,No,No,No,No,No,No,No,No,16.703,68.277,100.0,0.000,24.1,120,0,0,8.5,141.9,201.0,65.7,42.8,48.8,41.0,141.9,167.5,61.8,42.7,47.2,41.3,7.05,15.23,4.98,4.83,20.51,24.40,0.31,6.74,7.05,0.00,2.28,1447,247,10.7,8.2,0,0,0.0,0.0,0,
11.6.2026,17:31:51.316,24110,24658,49.4,18433,13950,56.9,10.9,16384,1788,1.204,1.270,1.215,1.215,1.159,1.184,1.234,1.189,1.189,1.199,1.229,1.189,1.189,1.199,1.189,1.061,0.781,3976.0,4489.0,4489.0,4489.0,4489.0,4489.0,4489.0,3591.2,3591.2,3591.2,3591.2,3591.2,3591.2,3591.2,3591.2,99.8,3890.5,668.7,1005.3,142.5,860.3,118.5,3113.2,331.0,1171.8,1953.1,641.1,123.9,701.0,89.4,660.7,429.5,709.6,762.3,166.6,156.3,123.3,114.8,800.8,19.8,24.0,5.5,20.6,14.9,67.5,7.6,24.9,44.6,14.7,15.0,15.6,15.5,27.5,16.8,30.7,32.4,4.7,4.2,4.6,4.2,67.5,19.8,100.0,28.7,40.5,5.6,34.7,4.7,120.8,12.5,45.6,76.5,25.7,4.9,27.8,3.5,35.8,23.7,38.4,41.1,9.4,8.7,6.9,6.4,28.7,39.9,45.0,45.0,45.0,45.0,45.0,45.0,36.0,36.0,36.0,36.0,36.0,36.0,36.0,36.0,39.0,67,65,68,67,71,67,67,67,67,67,67,65,65,65,65,33,35,32,33,29,33,33,33,33,33,33,35,35,35,35,78,71,No,No,No,No,No,No,No,No,No,No,No,No,No,No,No,No,No,No,No,No,No,No,No,No,No,No,No,No,No,No,No,No,No,No,No,No,No,No,No,No,No,No,No,No,No,No,No,No,78,72,67,1.100,32.907,26.801,20.155,0.002,5.163,0.586,175.0,175.0,175.0,175.0,0,0.0,0.0,18.1,24.7,3.6,21.3,2.7,67.3,7.3,25.5,42.3,15.7,2.8,16.5,2.1,28.2,17.7,31.4,33.1,5.8,5.3,4.1,3.8,14.5,40.8,33.6,26.2,25.5,23.3,21.2,2.8,9.1,9.0,4.1,4.7,0.9,1.3,0.0,45.2,0.3,0.0,0.3,6.3,3.1,0.0,66.7,70.7,57.4,60.7,87.6,92.2,93.2,94.9,29.5,27.3,39.4,0.0,0.5,52.5,57.4,2394.1,24.00,36,35,35,68,103,383,2,2,Yes,No,No,No,No,No,No,No,No,No,Yes,No,No,Yes,No,No,No,No,No,No,No,Yes,No,No,No,No,No,Yes,No,No,No,No,No,No,No,Yes,No,No,86.0,5040,4260,5040,69.8,1.095,1.110,1.800,1.800,1.005,5.110,1.500,No,No,No,69.5,1.095,1.110,1.800,1.800,1.005,5.110,1.000,No,No,No,41,41,94.0,100.0,No,No,32291,48158,36,70,99.0,100.0,No,No,1856,3315,0.0,2.0,2.0,0.000,0.090,62670,43681,0.1,0.2,0.3,0.258,0.042,35511,12253,68.2,70.0,73.3,83.0,0.870,20.554,20.550,20.559,21.125,20.067,32.348,12.762,45.312,3.000,15.751,8.799,22.496,100.000,140.000,2175.0,2200.2,1875.0,2171.4,1890.0,40.0,13.0,0.0,4.0,55.5,3.0,12.1,0.0,0.0,0.0,Yes,No,No,No,No,Yes,No,0,0,0,0,0,0,0,0,0,6,0,0,0,0,0,0,0,0,0,0,0,0,0,0,0,0,0,0,0,0,3647,4541,4246,359,16.0,67,0.300,31.259,600.0,2394.0,0.1,0.0,0.0,0.0,0.0,0.0,0.0,0.0,0.0,2,16190,2,No,No,No,No,No,No,No,No,16.703,68.277,100.0,0.000,24.1,4,0,0,4.6,11.9,212.4,3.7,3.7,3.7,3.7,11.9,165.2,3.7,3.7,3.7,3.7,83.84,271.55,4.71,4.59,272.95,272.95,0.39,83.48,83.84,0.00,135.09,1447,247,1.9,1.0,0,0,0.0,0.0,0,
11.6.2026,17:31:52.328,22382,26385,45.8,18336,14048,56.6,10.9,16384,1788,1.167,1.266,1.191,1.172,1.157,1.147,1.172,1.157,1.152,1.172,1.172,1.172,1.177,1.052,1.187,1.061,0.781,3591.2,4489.0,4489.0,4489.0,4489.0,798.0,4489.0,3591.2,3591.2,3591.2,3591.2,1895.4,3591.2,3591.2,3591.2,99.8,3890.5,780.2,1740.9,134.8,1507.9,84.0,2900.9,353.6,2974.8,241.4,1374.2,21.4,1535.5,10.4,403.4,557.2,510.5,530.2,265.3,187.0,107.0,162.8,930.1,19.7,41.3,3.7,35.8,1.1,65.3,8.8,66.4,6.2,32.6,1.2,36.2,0.0,13.9,19.4,17.8,17.5,10.0,7.2,4.3,6.1,66.4,19.7,100.0,33.0,68.7,5.4,59.0,3.3,113.1,14.1,115.9,9.8,53.9,0.9,60.1,0.4,23.1,31.4,28.9,29.9,15.2,11.0,6.4,9.3,33.0,36.0,45.0,45.0,45.0,45.0,8.0,45.0,36.0,36.0,36.0,36.0,19.0,36.0,36.0,36.0,39.0,67,68,68,70,70,66,67,66,66,66,66,65,65,65,65,33,32,32,30,30,34,33,34,34,34,34,35,35,35,35,78,70,No,No,No,No,No,No,No,No,No,No,No,No,No,No,No,No,No,No,No,No,No,No,No,No,No,No,No,No,No,No,No,No,No,No,No,No,No,No,No,No,No,No,No,No,No,No,No,No,78,68,67,1.100,33.751,39.230,32.417,0.004,5.347,0.605,175.0,175.0,175.0,175.0,0,0.0,0.0,19.3,40.6,3.0,35.3,1.9,64.9,7.9,66.2,5.4,32.1,0.5,35.7,0.2,13.4,18.9,17.3,17.0,9.5,6.6,3.6,5.5,25.1,53.3,59.6,29.8,27.1,60.7,59.0,7.1,24.8,9.8,9.2,5.2,5.0,0.3,1.1,43.9,0.0,0.0,0.0,0.5,0.0,0.0,74.7,51.7,67.9,68.7,80.9,84.9,93.6,91.1,1.7,1.4,1.5,0.0,0.0,4.4,2.7,2394.1,24.00,36,35,35,68,103,383,2,2,Yes,No,No,No,No,No,No,No,No,No,Yes,No,No,Yes,No,No,No,No,No,No,No,Yes,No,No,No,No,No,Yes,No,No,No,No,No,No,No,Yes,No,No,86.0,4980,4020,4980,69.8,1.095,1.110,1.800,1.800,1.005,5.110,0.750,No,No,No,69.5,1.110,1.110,1.800,1.800,1.005,5.110,0.750,No,No,No,41,41,94.0,100.0,No,No,32291,48158,37,70,99.0,100.0,No,No,1856,3315,0.0,2.2,2.2,0.000,0.114,62670,43681,0.1,0.6,0.8,1.556,0.364,35513,12254,69.3,70.0,74.6,83.0,0.870,20.571,20.567,20.575,46.107,20.239,32.622,12.463,45.286,3.000,15.434,9.053,23.812,100.000,140.000,2175.0,2200.2,1875.0,2163.2,1890.0,36.0,12.0,0.0,4.0,47.1,8.9,35.7,0.0,0.0,0.0,Yes,No,No,No,No,Yes,No,0,0,0,0,0,0,0,0,0,6,0,0,0,0,0,0,0,0,0,0,0,0,0,0,0,0,0,0,0,0,4335,3853,3622,359,16.0,67,0.300,36.409,600.0,2394.0,0.3,0.0,0.0,0.0,0.0,0.0,0.0,0.0,0.0,2,16190,2,No,No,No,No,No,No,No,No,16.703,68.277,100.0,0.000,24.1,118,0,0,8.3,115.8,435.4,44.9,32.2,36.5,31.1,117.3,208.3,41.2,41.1,41.1,41.1,8.64,22.32,2.22,2.14,27.39,32.04,3.62,5.01,8.36,0.28,3.24,1447,247,27.0,8.7,0,0,0.0,0.0,0,
11.6.2026,17:31:53.324,21648,27120,44.3,18313,14071,56.5,10.9,16384,1788,1.175,1.258,1.188,1.188,1.188,1.148,1.163,1.182,1.168,1.168,1.148,1.168,1.153,1.173,1.158,1.061,0.781,3434.5,4489.0,4688.5,4688.5,4688.5,1396.6,4489.0,3591.2,1895.4,1895.4,3591.2,1895.4,3591.2,3591.2,3591.2,99.8,3890.5,713.1,1638.6,60.5,1488.3,36.7,2578.0,219.6,2977.5,138.8,1180.4,10.3,1337.2,8.0,410.5,516.4,418.9,460.6,236.2,254.8,150.0,139.8,842.5,18.1,39.0,1.8,35.1,2.8,58.4,3.9,66.5,3.6,28.2,0.0,31.7,2.2,13.4,16.9,13.7,14.3,8.8,9.2,5.8,5.9,66.5,18.1,100.0,30.2,64.4,2.4,58.1,1.5,100.8,8.6,115.9,5.5,46.3,0.5,52.1,0.4,23.5,29.3,23.9,26.0,13.8,14.4,8.7,7.9,30.2,34.4,45.0,47.0,47.0,47.0,14.0,45.0,36.0,19.0,19.0,36.0,19.0,36.0,36.0,36.0,39.0,68,71,70,70,74,68,68,68,68,68,68,66,66,66,66,32,29,30,30,26,32,32,32,32,32,32,34,34,34,34,79,74,No,No,No,No,No,No,No,No,No,No,No,No,No,No,No,No,No,No,No,No,No,No,No,No,No,No,No,No,No,No,No,No,No,No,No,No,No,No,No,No,No,No,No,No,No,No,No,No,79,79,68,1.100,45.563,34.833,28.241,0.003,5.265,0.584,175.0,175.0,175.0,175.0,0,0.0,0.0,17.6,38.5,1.4,34.8,0.8,58.1,4.9,66.3,3.1,27.9,0.2,31.4,0.2,13.1,16.6,13.4,14.2,8.2,8.7,5.3,5.3,23.6,57.1,60.6,38.5,29.9,47.7,62.8,4.6,5.8,7.3,5.0,4.6,2.9,2.6,0.1,46.5,0.0,0.0,0.0,0.0,0.0,0.1,77.3,72.1,74.3,75.4,83.5,85.4,89.8,92.8,4.3,1.1,1.8,0.0,0.0,19.7,3.2,2394.1,24.00,36,35,35,68,103,383,2,2,Yes,No,No,No,No,No,No,No,No,No,Yes,No,No,Yes,No,No,No,No,No,No,No,Yes,No,No,No,No,No,Yes,No,No,No,No,No,No,No,Yes,No,No,86.0,4980,3660,4980,69.8,1.095,1.110,1.800,1.800,1.005,5.110,1.125,No,No,No,69.2,1.095,1.110,1.800,1.800,1.005,5.110,1.500,No,No,No,41,41,94.0,100.0,No,No,32291,48158,36,70,99.0,100.0,No,No,1856,3315,0.1,2.6,2.7,0.032,0.200,62670,43681,0.0,0.6,0.6,0.000,0.129,35513,12254,70.5,72.0,77.1,83.0,0.870,20.575,20.571,20.578,46.856,19.685,31.479,12.569,44.264,3.000,15.554,8.972,21.959,100.000,140.000,2175.0,2200.2,1875.0,2163.9,1890.0,36.0,13.0,0.0,4.0,41.2,7.3,29.1,0.0,0.0,0.0,Yes,No,No,No,No,Yes,No,0,0,0,0,0,0,0,0,0,6,0,0,0,0,0,0,0,0,0,0,0,0,0,0,0,0,0,0,0,0,4819,3369,3138,359,16.0,68,0.300,35.499,600.0,2394.0,0.3,0.0,0.0,0.0,0.0,0.0,0.0,0.0,0.0,2,16190,2,No,No,No,No,No,No,No,No,16.702,68.277,100.0,0.000,24.1,116,0,0,8.5,116.2,428.7,43.7,41.0,42.0,40.8,116.0,211.2,41.6,27.1,31.9,25.9,8.61,24.43,2.26,2.15,26.13,27.46,3.53,5.09,8.13,0.48,2.73,1447,247,31.3,8.4,0,0,0.0,0.0,0,
11.6.2026,17:31:54.312,21230,27538,43.5,18308,14076,56.5,10.9,16384,1788,1.215,1.214,1.218,1.233,1.233,1.188,1.203,1.213,1.228,1.218,1.228,1.228,1.183,1.178,1.243,1.061,0.781,3498.6,4489.0,798.0,4688.5,4688.5,4489.0,4489.0,3591.2,1895.4,3591.2,3591.2,3591.2,3591.2,1895.4,3591.2,99.8,3890.5,714.7,1628.7,89.0,1505.4,28.3,2593.5,131.9,3136.4,99.5,1235.6,10.1,1421.7,7.3,392.0,405.6,440.7,423.0,272.0,199.3,114.7,160.3,846.8,16.9,37.9,1.1,34.4,0.0,58.0,3.5,69.4,1.3,28.3,0.8,32.4,0.8,11.7,12.1,14.0,12.3,8.2,5.8,3.1,2.1,69.4,16.9,100.0,30.1,64.1,3.5,58.8,1.2,101.5,5.3,122.0,4.0,48.3,0.4,55.4,0.3,22.7,23.1,25.0,24.3,15.6,11.4,6.7,9.1,30.2,35.1,45.0,8.0,47.0,47.0,45.0,45.0,36.0,19.0,36.0,36.0,36.0,36.0,19.0,36.0,39.0,67,69,67,70,68,66,67,67,67,67,67,65,65,65,65,33,31,33,30,32,34,33,33,33,33,33,35,35,35,35,79,70,No,No,No,No,No,No,No,No,No,No,No,No,No,No,No,No,No,No,No,No,No,No,No,No,No,No,No,No,No,No,No,No,No,No,No,No,No,No,No,No,No,No,No,No,No,No,No,No,78,71,67,1.100,31.219,36.225,29.331,0.003,5.305,0.600,175.0,175.0,175.0,175.0,0,0.0,0.0,17.6,38.3,2.0,35.0,0.6,58.3,3.0,69.6,2.2,29.0,0.2,33.2,0.2,12.5,13.2,15.0,13.2,9.1,6.8,4.1,6.0,25.0,58.0,62.2,38.3,27.6,62.9,64.5,11.1,9.4,5.5,5.8,3.1,0.7,0.6,0.0,46.6,0.5,0.0,0.0,0.0,0.0,0.0,71.4,72.6,74.6,75.6,83.9,89.4,92.9,91.8,1.0,0.0,0.4,0.0,0.0,5.3,0.3,2394.1,24.00,36,35,35,68,103,383,2,2,Yes,No,No,No,No,No,No,No,No,No,Yes,No,No,Yes,No,No,No,No,No,No,No,Yes,No,No,No,No,No,Yes,No,No,No,No,No,No,No,Yes,No,No,84.0,4860,3540,4920,69.5,1.095,1.110,1.800,1.800,1.005,5.110,0.875,No,No,No,69.2,1.095,1.110,1.800,1.800,1.005,5.110,1.750,No,No,No,41,41,94.0,100.0,No,No,32291,48158,36,70,99.0,100.0,No,No,1856,3315,0.3,0.5,0.7,0.032,0.100,62670,43681,0.0,0.1,0.1,0.000,0.001,35513,12254,69.3,72.0,75.3,83.0,0.870,20.585,20.582,20.588,46.962,20.260,32.418,12.555,45.191,3.000,15.540,8.888,24.225,100.000,140.000,2175.0,2200.2,1875.0,2163.4,1890.0,35.0,13.0,0.0,4.0,37.6,7.3,29.1,0.0,0.0,0.0,Yes,No,No,No,No,Yes,No,0,0,0,0,0,0,0,0,0,6,0,0,0,0,0,0,0,0,0,0,0,0,0,0,0,0,0,0,0,0,5107,3081,2849,359,16.0,67,0.300,34.939,600.0,2394.0,0.3,0.0,0.0,0.0,0.0,0.0,0.0,0.0,0.0,2,16190,2,No,No,No,No,No,No,No,No,16.702,68.277,100.0,0.000,24.1,120,0,0,8.2,137.6,203.4,65.8,57.2,60.0,56.5,137.7,170.3,82.3,57.2,66.0,55.0,7.27,15.21,4.92,2.98,16.66,17.71,0.37,6.90,7.27,0.00,2.74,1447,247,12.6,9.8,0,0,0.0,0.0,0,
11.6.2026,17:31:55.323,21166,27601,43.4,18307,14077,56.5,10.9,16384,1788,1.188,1.255,1.146,1.186,1.171,1.171,1.176,1.181,1.201,1.191,1.186,1.201,1.191,1.191,1.184,1.061,0.781,2942.8,4489.0,1396.6,4688.5,4489.0,4489.0,1396.6,1895.4,1895.4,3591.2,1895.4,1895.4,1895.4,3591.2,3591.2,99.8,3890.5,696.1,1628.2,57.8,1434.8,36.9,2452.8,217.3,3080.9,161.0,1167.4,18.0,1287.9,19.3,398.0,407.6,447.5,469.5,270.3,194.0,67.5,104.5,830.3,17.9,38.8,2.0,34.1,1.5,55.5,5.5,68.6,4.2,28.2,1.1,30.8,1.1,13.6,13.7,15.1,15.7,9.7,7.3,2.9,7.8,68.6,17.9,100.0,29.3,64.0,2.3,56.0,1.5,96.1,8.5,119.6,6.3,45.7,0.8,50.3,0.8,22.7,23.4,25.4,26.6,15.5,11.1,4.1,6.0,29.3,29.5,45.0,14.0,47.0,45.0,45.0,14.0,19.0,19.0,36.0,19.0,19.0,19.0,36.0,36.0,39.0,67,69,70,71,72,68,66,67,67,67,67,65,65,65,65,33,31,30,29,28,32,34,33,33,33,33,35,35,35,35,77,72,No,No,No,No,No,No,No,No,No,No,No,No,No,No,No,No,No,No,No,No,No,No,No,No,No,No,No,No,No,No,No,No,No,No,No,No,No,No,No,No,No,No,No,No,No,No,No,No,78,70,67,1.100,32.063,33.123,26.408,0.003,5.258,0.582,175.0,175.0,175.0,175.0,0,0.0,0.0,17.2,38.2,1.3,33.8,0.8,55.4,4.8,68.5,3.6,27.8,0.4,30.3,0.4,13.3,13.2,14.6,15.2,9.2,6.7,2.3,4.3,24.4,58.0,62.1,40.2,28.2,66.1,65.3,3.2,3.8,6.1,3.6,4.2,0.4,0.0,0.0,47.8,0.2,0.0,0.7,0.0,0.0,0.0,78.5,78.1,74.2,76.0,82.3,89.7,95.7,93.9,1.2,0.5,1.3,0.0,0.0,3.7,2.0,2394.1,24.00,36,35,35,68,103,383,2,2,Yes,No,No,No,No,No,No,No,No,No,Yes,No,No,Yes,No,No,No,No,No,No,No,Yes,No,No,No,No,No,Yes,No,No,No,No,No,No,No,Yes,No,No,85.0,4920,3420,4860,69.5,1.095,1.110,1.800,1.800,1.005,5.110,0.875,No,No,No,69.2,1.095,1.110,1.800,1.815,1.005,5.110,1.125,No,No,No,41,41,94.0,100.0,No,No,32291,48158,36,70,99.0,100.0,No,No,1856,3315,0.3,1.4,1.6,0.016,0.228,62670,43682,0.0,0.0,0.0,0.000,0.000,35513,12254,70.0,72.0,76.4,83.0,0.870,20.572,20.568,20.575,47.575,19.869,31.537,12.608,44.339,3.000,15.579,9.069,22.952,100.000,140.000,2175.0,2200.2,1875.0,2163.8,1890.0,37.0,13.0,0.0,4.0,37.7,7.3,29.2,0.0,0.0,0.0,Yes,No,No,No,No,Yes,No,0,0,0,0,0,0,0,0,0,6,0,0,0,0,0,0,0,0,0,0,0,0,0,0,0,0,0,0,0,0,5104,3084,2852,360,16.0,68,0.300,34.151,600.0,2394.0,0.3,0.0,0.0,0.0,0.0,0.0,0.0,0.0,0.0,2,16190,2,No,No,No,No,No,No,No,No,16.703,68.277,100.0,0.000,24.1,118,0,0,8.3,117.9,480.7,43.5,42.3,42.4,42.3,116.9,210.6,41.2,31.4,35.0,30.5,8.48,23.02,2.04,1.99,23.63,23.64,3.34,5.15,8.18,0.30,2.32,1447,247,16.4,7.1,0,0,0.0,0.0,0,
Date,Time,"Virtual Memory Committed [MB]","Virtual Memory Available [MB]","Virtual Memory Load [%]","Physical Memory Used [MB]","Physical Memory Available [MB]","Physical Memory Load [%]","Page File Usage [%]","Page File Total [MB]","Page File Used [MB]","Core VIDs (avg) [V]","P-core 0 VID [V]","P-core 1 VID [V]","P-core 2 VID [V]","P-core 3 VID [V]","P-core 4 VID [V]","P-core 5 VID [V]","E-core 6 VID [V]","E-core 7 VID [V]","E-core 8 VID [V]","E-core 9 VID [V]","E-core 10 VID [V]","E-core 11 VID [V]","E-core 12 VID [V]","E-core 13 VID [V]","Uncore VID [V]","SA VID [V]","Core Clocks (avg) [MHz]","P-core 0 Clock [MHz]","P-core 1 Clock [MHz]","P-core 2 Clock [MHz]","P-core 3 Clock [MHz]","P-core 4 Clock [MHz]","P-core 5 Clock [MHz]","E-core 6 Clock [MHz]","E-core 7 Clock [MHz]","E-core 8 Clock [MHz]","E-core 9 Clock [MHz]","E-core 10 Clock [MHz]","E-core 11 Clock [MHz]","E-core 12 Clock [MHz]","E-core 13 Clock [MHz]","Bus Clock [MHz]","Ring/LLC Clock [MHz]","Core Effective Clocks (avg) [MHz]","P-core 0 T0 Effective Clock [MHz]","P-core 0 T1 Effective Clock [MHz]","P-core 1 T0 Effective Clock [MHz]","P-core 1 T1 Effective Clock [MHz]","P-core 2 T0 Effective Clock [MHz]","P-core 2 T1 Effective Clock [MHz]","P-core 3 T0 Effective Clock [MHz]","P-core 3 T1 Effective Clock [MHz]","P-core 4 T0 Effective Clock [MHz]","P-core 4 T1 Effective Clock [MHz]","P-core 5 T0 Effective Clock [MHz]","P-core 5 T1 Effective Clock [MHz]","E-core 6 T0 Effective Clock [MHz]","E-core 7 T0 Effective Clock [MHz]","E-core 8 T0 Effective Clock [MHz]","E-core 9 T0 Effective Clock [MHz]","E-core 10 T0 Effective Clock [MHz]","E-core 11 T0 Effective Clock [MHz]","E-core 12 T0 Effective Clock [MHz]","E-core 13 T0 Effective Clock [MHz]","Average Effective Clock [MHz]","Core Usage (avg) [%]","P-core 0 T0 Usage [%]","P-core 0 T1 Usage [%]","P-core 1 T0 Usage [%]","P-core 1 T1 Usage [%]","P-core 2 T0 Usage [%]","P-core 2 T1 Usage [%]","P-core 3 T0 Usage [%]","P-core 3 T1 Usage [%]","P-core 4 T0 Usage [%]","P-core 4 T1 Usage [%]","P-core 5 T0 Usage [%]","P-core 5 T1 Usage [%]","E-core 6 T0 Usage [%]","E-core 7 T0 Usage [%]","E-core 8 T0 Usage [%]","E-core 9 T0 Usage [%]","E-core 10 T0 Usage [%]","E-core 11 T0 Usage [%]","E-core 12 T0 Usage [%]","E-core 13 T0 Usage [%]","Max CPU/Thread Usage [%]","Total CPU Usage [%]","On-Demand Clock Modulation [%]","Core Utility (avg) [%]","P-core 0 T0 Utility [%]","P-core 0 T1 Utility [%]","P-core 1 T0 Utility [%]","P-core 1 T1 Utility [%]","P-core 2 T0 Utility [%]","P-core 2 T1 Utility [%]","P-core 3 T0 Utility [%]","P-core 3 T1 Utility [%]","P-core 4 T0 Utility [%]","P-core 4 T1 Utility [%]","P-core 5 T0 Utility [%]","P-core 5 T1 Utility [%]","E-core 6 T0 Utility [%]","E-core 7 T0 Utility [%]","E-core 8 T0 Utility [%]","E-core 9 T0 Utility [%]","E-core 10 T0 Utility [%]","E-core 11 T0 Utility [%]","E-core 12 T0 Utility [%]","E-core 13 T0 Utility [%]","Total CPU Utility [%]","Core Ratios (avg) [x]","P-core 0 Ratio [x]","P-core 1 Ratio [x]","P-core 2 Ratio [x]","P-core 3 Ratio [x]","P-core 4 Ratio [x]","P-core 5 Ratio [x]","E-core 6 Ratio [x]","E-core 7 Ratio [x]","E-core 8 Ratio [x]","E-core 9 Ratio [x]","E-core 10 Ratio [x]","E-core 11 Ratio [x]","E-core 12 Ratio [x]","E-core 13 Ratio [x]","Uncore Ratio [x]","Core Temperatures (avg) [°C]","P-core 0 [°C]","P-core 1 [°C]","P-core 2 [°C]","P-core 3 [°C]","P-core 4 [°C]","P-core 5 [°C]","E-core 6 [°C]","E-core 7 [°C]","E-core 8 [°C]","E-core 9 [°C]","E-core 10 [°C]","E-core 11 [°C]","E-core 12 [°C]","E-core 13 [°C]","Core Distance to TjMAX (avg) [°C]","P-core 0 Distance to TjMAX [°C]","P-core 1 Distance to TjMAX [°C]","P-core 2 Distance to TjMAX [°C]","P-core 3 Distance to TjMAX [°C]","P-core 4 Distance to TjMAX [°C]","P-core 5 Distance to TjMAX [°C]","E-core 6 Distance to TjMAX [°C]","E-core 7 Distance to TjMAX [°C]","E-core 8 Distance to TjMAX [°C]","E-core 9 Distance to TjMAX [°C]","E-core 10 Distance to TjMAX [°C]","E-core 11 Distance to TjMAX [°C]","E-core 12 Distance to TjMAX [°C]","E-core 13 Distance to TjMAX [°C]","CPU Package [°C]","Core Max [°C]","Core Thermal Throttling (avg) [Yes/No]","P-core 0 Thermal Throttling [Yes/No]","P-core 1 Thermal Throttling [Yes/No]","P-core 2 Thermal Throttling [Yes/No]","P-core 3 Thermal Throttling [Yes/No]","P-core 4 Thermal Throttling [Yes/No]","P-core 5 Thermal Throttling [Yes/No]","E-core 6 Thermal Throttling [Yes/No]","E-core 7 Thermal Throttling [Yes/No]","E-core 8 Thermal Throttling [Yes/No]","E-core 9 Thermal Throttling [Yes/No]","E-core 10 Thermal Throttling [Yes/No]","E-core 11 Thermal Throttling [Yes/No]","E-core 12 Thermal Throttling [Yes/No]","E-core 13 Thermal Throttling [Yes/No]","Core Critical Temperature (avg) [Yes/No]","P-core 0 Critical Temperature [Yes/No]","P-core 1 Critical Temperature [Yes/No]","P-core 2 Critical Temperature [Yes/No]","P-core 3 Critical Temperature [Yes/No]","P-core 4 Critical Temperature [Yes/No]","P-core 5 Critical Temperature [Yes/No]","E-core 6 Critical Temperature [Yes/No]","E-core 7 Critical Temperature [Yes/No]","E-core 8 Critical Temperature [Yes/No]","E-core 9 Critical Temperature [Yes/No]","E-core 10 Critical Temperature [Yes/No]","E-core 11 Critical Temperature [Yes/No]","E-core 12 Critical Temperature [Yes/No]","E-core 13 Critical Temperature [Yes/No]","Core Power Limit Exceeded (avg) [Yes/No]","P-core 0 Power Limit Exceeded [Yes/No]","P-core 1 Power Limit Exceeded [Yes/No]","P-core 2 Power Limit Exceeded [Yes/No]","P-core 3 Power Limit Exceeded [Yes/No]","P-core 4 Power Limit Exceeded [Yes/No]","P-core 5 Power Limit Exceeded [Yes/No]","E-core 6 Power Limit Exceeded [Yes/No]","E-core 7 Power Limit Exceeded [Yes/No]","E-core 8 Power Limit Exceeded [Yes/No]","E-core 9 Power Limit Exceeded [Yes/No]","E-core 10 Power Limit Exceeded [Yes/No]","E-core 11 Power Limit Exceeded [Yes/No]","E-core 12 Power Limit Exceeded [Yes/No]","E-core 13 Power Limit Exceeded [Yes/No]","Package/Ring Thermal Throttling [Yes/No]","Package/Ring Critical Temperature [Yes/No]","Package/Ring Power Limit Exceeded [Yes/No]","CPU Package [°C]","CPU IA Cores [°C]","CPU GT Cores (Graphics) [°C]","VDDQ TX Voltage [V]","VR VCC Current (SVID IOUT) [A]","CPU Package Power [W]","IA Cores Power [W]","GT Cores Power [W]","System Agent Power [W]","Rest-of-Chip Power [W]","PL1 Power Limit (Static) [W]","PL1 Power Limit (Dynamic) [W]","PL2 Power Limit (Static) [W]","PL2 Power Limit (Dynamic) [W]","Current cTDP Level []","Package C2 Residency [%]","Package C3 Residency [%]","Core C0 Residency (avg) [%]","P-core 0 T0 C0 Residency [%]","P-core 0 T1 C0 Residency [%]","P-core 1 T0 C0 Residency [%]","P-core 1 T1 C0 Residency [%]","P-core 2 T0 C0 Residency [%]","P-core 2 T1 C0 Residency [%]","P-core 3 T0 C0 Residency [%]","P-core 3 T1 C0 Residency [%]","P-core 4 T0 C0 Residency [%]","P-core 4 T1 C0 Residency [%]","P-core 5 T0 C0 Residency [%]","P-core 5 T1 C0 Residency [%]","E-core 6 T0 C0 Residency [%]","E-core 7 T0 C0 Residency [%]","E-core 8 T0 C0 Residency [%]","E-core 9 T0 C0 Residency [%]","E-core 10 T0 C0 Residency [%]","E-core 11 T0 C0 Residency [%]","E-core 12 T0 C0 Residency [%]","E-core 13 T0 C0 Residency [%]","Core C1 Residency (avg) [%]","P-core 0 C1 Residency [%]","P-core 1 C1 Residency [%]","P-core 2 C1 Residency [%]","P-core 3 C1 Residency [%]","P-core 4 C1 Residency [%]","P-core 5 C1 Residency [%]","E-core 6 C1 Residency [%]","E-core 7 C1 Residency [%]","E-core 8 C1 Residency [%]","E-core 9 C1 Residency [%]","E-core 10 C1 Residency [%]","E-core 11 C1 Residency [%]","E-core 12 C1 Residency [%]","E-core 13 C1 Residency [%]","Core C6 Residency (avg) [%]","P-core 0 C6 Residency [%]","P-core 1 C6 Residency [%]","P-core 2 C6 Residency [%]","P-core 3 C6 Residency [%]","P-core 4 C6 Residency [%]","P-core 5 C6 Residency [%]","E-core 6 C6 Residency [%]","E-core 7 C6 Residency [%]","E-core 8 C6 Residency [%]","E-core 9 C6 Residency [%]","E-core 10 C6 Residency [%]","E-core 11 C6 Residency [%]","E-core 12 C6 Residency [%]","E-core 13 C6 Residency [%]","Core C7 Residency (avg) [%]","P-core 0 C7 Residency [%]","P-core 1 C7 Residency [%]","P-core 2 C7 Residency [%]","P-core 3 C7 Residency [%]","P-core 4 C7 Residency [%]","P-core 5 C7 Residency [%]","Memory Clock [MHz]","Memory Clock Ratio [x]","Tcas [T]","Trcd [T]","Trp [T]","Tras [T]","Trc [T]","Trfc [T]","Command Rate [T]","Gear Mode []","IA Limit Reasons (avg) [Yes/No]","IA: PROCHOT [Yes/No]","IA: Thermal Event [Yes/No]","IA: Residency State Regulation [Yes/No]","IA: Running Average Thermal Limit [Yes/No]","IA: VR Thermal Alert [Yes/No]","IA: VR TDC [Yes/No]","IA: Electrical Design Point/Other (ICCmax PL4 SVID DDR RAPL) [Yes/No]","IA: Package-Level RAPL/PBM PL1 [Yes/No]","IA: Package-Level RAPL/PBM PL2 PL3 [Yes/No]","IA: Max Turbo Limit [Yes/No]","IA: Turbo Attenuation (MCT) [Yes/No]","IA: Thermal Velocity Boost [Yes/No]","GT Limit Reasons (avg) [Yes/No]","GT: PROCHOT [Yes/No]","GT: Thermal Event [Yes/No]","GT: DDR RAPL [Yes/No]","GT: Residency State Regulation [Yes/No]","GT: Running Average Thermal Limit [Yes/No]","GT: VR Thermal Alert [Yes/No]","GT: VR TDC [Yes/No]","GT: Max VR Voltage  ICCmax  PL4 [Yes/No]","GT: Domain-Level PBM PLGT [Yes/No]","GT: Package-Level RAPL/PBM PL1 [Yes/No]","GT: Package-Level RAPL/PBM PL2 PL3 [Yes/No]","GT: Inefficient Operation [Yes/No]","GT: Fuses limit [Yes/No]","Ring Limit Reasons (avg) [Yes/No]","RING: PROCHOT [Yes/No]","RING: Thermal Event [Yes/No]","RING: DDR RAPL [Yes/No]","RING: Residency State Regulation [Yes/No]","RING: Running Average Thermal Limit [Yes/No]","RING: VR Thermal Alert [Yes/No]","RING: VR TDC [Yes/No]","RING: Max VR Voltage  ICCmax  PL4 [Yes/No]","RING: Package-Level RAPL/PBM PL1 [Yes/No]","RING: Package-Level RAPL/PBM PL2 PL3 [Yes/No]","PCH Temperature [°C]","CPU [RPM]","GPU [RPM]","GPU [RPM]","SPD Hub Temperature [°C]","VDD (SWA) Voltage [V]","VDDQ (SWB) Voltage [V]","VPP (SWC) Voltage [V]","1.8V VOUT Voltage [V]","1.0V VOUT Voltage [V]","VIN Voltage [V]","Total Power [W]","PMIC High Temperature [Yes/No]","PMIC Over Voltage [Yes/No]","PMIC Under Voltage [Yes/No]","SPD Hub Temperature [°C]","VDD (SWA) Voltage [V]","VDDQ (SWB) Voltage [V]","VPP (SWC) Voltage [V]","1.8V VOUT Voltage [V]","1.0V VOUT Voltage [V]","VIN Voltage [V]","Total Power [W]","PMIC High Temperature [Yes/No]","PMIC Over Voltage [Yes/No]","PMIC Under Voltage [Yes/No]","Drive Temperature [°C]","Drive Temperature 2 [°C]","Drive Remaining Life [%]","Drive Available Spare [%]","Drive Failure [Yes/No]","Drive Warning [Yes/No]","Total Host Writes [GB]","Total Host Reads [GB]","Drive Temperature [°C]","Drive Temperature 3 [°C]","Drive Remaining Life [%]","Drive Available Spare [%]","Drive Failure [Yes/No]","Drive Warning [Yes/No]","Total Host Writes [GB]","Total Host Reads [GB]","Read Activity [%]","Write Activity [%]","Total Activity [%]","Read Rate [MB/s]","Write Rate [MB/s]","Read Total [MB]","Write Total [MB]","Read Activity [%]","Write Activity [%]","Total Activity [%]","Read Rate [MB/s]","Write Rate [MB/s]","Read Total [MB]","Write Total [MB]","GPU Temperature [°C]","GPU Memory Junction Temperature [°C]","GPU Hot Spot Temperature [°C]","GPU Thermal Limit [°C]","GPU Core Voltage [V]","GPU Rail Voltages (avg) [V]","GPU FBVDD Input Voltage [V]","GPU 12VHPWR Voltage [V]","GPU Power [W]","GPU Rail Powers (avg) [W]","GPU Core (NVVDD) Input Power (sum) [W]","GPU FBVDD Input Power [W]","GPU 12VHPWR Power [W]","GPU PCIe +3.3V Input Power (est) [W]","GPU Input PP Source Power (sum) [W]","GPU Core (NVVDD) Output Power [W]","GPU Core (NVVDD) Output Power [W]","GPU Power Limit (rated) [W]","GPU Power Limit (max) [W]","GPU Clock [MHz]","GPU Memory Clock [MHz]","GPU Video Clock [MHz]","GPU Effective Clock [MHz]","GPU Crossbar Clock [MHz]","GPU Core Load [%]","GPU Memory Controller Load [%]","GPU Video Engine Load [%]","GPU Bus Load [%]","GPU Memory Usage [%]","GPU D3D Usages (avg) [%]","GPU D3D Usage [%]","GPU Video Decode 0 Usage [%]","GPU Video Encode 0 Usage [%]","GPU VR Usage [%]","GPU Performance Limiters (avg) [Yes/No]","Performance Limit - Power [Yes/No]","Performance Limit - Thermal [Yes/No]","Performance Limit - Reliability Voltage [Yes/No]","Performance Limit - Max Operating Voltage [Yes/No]","Performance Limit - Utilization [Yes/No]","Performance Limit - SLI GPUBoost Sync [Yes/No]","PCI Express Error Counters (avg) []","Receiver Errors []","Replay Count []","Replay Rollover Count []","Bad DLLP Count []","Bad TLP Count []","LCRC Error Count []","NAKs Sent Count []","NAKs Received Count []","Recovery Count []","Correctable Error Count []","Non-Fatal Error Count []","Fatal Error Count []","Unsupported Request Count []","PCIe Lane 0 Errors []","PCIe Lane 1 Errors []","PCIe Lane 2 Errors []","PCIe Lane 3 Errors []","PCIe Lane 4 Errors []","PCIe Lane 5 Errors []","PCIe Lane 6 Errors []","PCIe Lane 7 Errors []","PCIe Lane 8 Errors []","PCIe Lane 9 Errors []","PCIe Lane 10 Errors []","PCIe Lane 11 Errors []","PCIe Lane 12 Errors []","PCIe Lane 13 Errors []","PCIe Lane 14 Errors []","PCIe Lane 15 Errors []","GPU Memory Available [MB]","GPU Memory Allocated [MB]","GPU D3D Memory Dedicated [MB]","GPU D3D Memory Dynamic [MB]","PCIe Link Speed [GT/s]","GPU Core Temperature [°C]","iGPU VID [V]","IGPU Power [W]","GPU Clock [MHz]","GPU Memory Clock [MHz]","GPU Total Usage [%]","GPU Computing Usage [%]","GPU Media Engine Usage [%]","GPU D3D Utilizations (avg) [%]","GPU D3D Usage [%]","GPU Video Decode 0 Usage [%]","GPU Video Processing 0 Usage [%]","GPU Copy Engine Usage [%]","GPU Memory Usage [%]","GPU Memory Allocated [MB]","GPU Memory Available [MB]","GPU D3D Memory Dynamic [MB]","GPU Throttle Reasons (avg) [Yes/No]","Avg. Power (PL1) [Yes/No]","Burst Power (PL2) [Yes/No]","Current (PL4) [Yes/No]","Thermal [Yes/No]","Power Supply [Yes/No]","Software Limit [Yes/No]","Hardware Limit [Yes/No]","Battery Voltage [V]","Remaining Capacity [Wh]","Charge Level [%]","Charge Rate [W]","Wear Level [%]","Framerate [FPS]","Framerate 1% Low [FPS]","Framerate 0.1% Low [FPS]","Frame Time [ms]","Framerate Presented (avg) [FPS]","Framerate Presented (99%) [FPS]","Framerate Presented (1%) [FPS]","Framerate Presented (0.1%) [FPS]","Framerate Presented (1% low) [FPS]","Framerate Presented (0.1% low) [FPS]","Framerate Displayed (avg) [FPS]","Framerate Displayed (99%) [FPS]","Framerate Displayed (1%) [FPS]","Framerate Displayed (0.1%) [FPS]","Framerate Displayed (1% low) [FPS]","Framerate Displayed (0.1% low) [FPS]","Frame Time Presented (avg) [ms]","Frame Time Presented (99%) [ms]","Frame Time Presented (1%) [ms]","Frame Time Presented (0.1%) [ms]","Frame Time Displayed (1% high) [ms]","Frame Time Displayed (0.1% high) [ms]","GPU Busy (avg) [ms]","GPU Wait (avg) [ms]","CPU Busy (avg) [ms]","CPU Wait (avg) [ms]","Animation Error (avg) [ms]","Total DL [MB]","Total UP [MB]","Current DL rate [KB/s]","Current UP rate [KB/s]","Total DL [MB]","Total UP [MB]","Current DL rate [KB/s]","Current UP rate [KB/s]","Total Errors []",
,,System: ASUS ROG Strix G614JI_G614JI,System: ASUS ROG Strix G614JI_G614JI,System: ASUS ROG Strix G614JI_G614JI,System: ASUS ROG Strix G614JI_G614JI,System: ASUS ROG Strix G614JI_G614JI,System: ASUS ROG Strix G614JI_G614JI,System: ASUS ROG Strix G614JI_G614JI,System: ASUS ROG Strix G614JI_G614JI,System: ASUS ROG Strix G614JI_G614JI,CPU [#0]: Intel Core i7-13650HX,CPU [#0]: Intel Core i7-13650HX,CPU [#0]: Intel Core i7-13650HX,CPU [#0]: Intel Core i7-13650HX,CPU [#0]: Intel Core i7-13650HX,CPU [#0]: Intel Core i7-13650HX,CPU [#0]: Intel Core i7-13650HX,CPU [#0]: Intel Core i7-13650HX,CPU [#0]: Intel Core i7-13650HX,CPU [#0]: Intel Core i7-13650HX,CPU [#0]: Intel Core i7-13650HX,CPU [#0]: Intel Core i7-13650HX,CPU [#0]: Intel Core i7-13650HX,CPU [#0]: Intel Core i7-13650HX,CPU [#0]: Intel Core i7-13650HX,CPU [#0]: Intel Core i7-13650HX,CPU [#0]: Intel Core i7-13650HX,CPU [#0]: Intel Core i7-13650HX,CPU [#0]: Intel Core i7-13650HX,CPU [#0]: Intel Core i7-13650HX,CPU [#0]: Intel Core i7-13650HX,CPU [#0]: Intel Core i7-13650HX,CPU [#0]: Intel Core i7-13650HX,CPU [#0]: Intel Core i7-13650HX,CPU [#0]: Intel Core i7-13650HX,CPU [#0]: Intel Core i7-13650HX,CPU [#0]: Intel Core i7-13650HX,CPU [#0]: Intel Core i7-13650HX,CPU [#0]: Intel Core i7-13650HX,CPU [#0]: Intel Core i7-13650HX,CPU [#0]: Intel Core i7-13650HX,CPU [#0]: Intel Core i7-13650HX,CPU [#0]: Intel Core i7-13650HX,CPU [#0]: Intel Core i7-13650HX,CPU [#0]: Intel Core i7-13650HX,CPU [#0]: Intel Core i7-13650HX,CPU [#0]: Intel Core i7-13650HX,CPU [#0]: Intel Core i7-13650HX,CPU [#0]: Intel Core i7-13650HX,CPU [#0]: Intel Core i7-13650HX,CPU [#0]: Intel Core i7-13650HX,CPU [#0]: Intel Core i7-13650HX,CPU [#0]: Intel Core i7-13650HX,CPU [#0]: Intel Core i7-13650HX,CPU [#0]: Intel Core i7-13650HX,CPU [#0]: Intel Core i7-13650HX,CPU [#0]: Intel Core i7-13650HX,CPU [#0]: Intel Core i7-13650HX,CPU [#0]: Intel Core i7-13650HX,CPU [#0]: Intel Core i7-13650HX,CPU [#0]: Intel Core i7-13650HX,CPU [#0]: Intel Core i7-13650HX,CPU [#0]: Intel Core i7-13650HX,CPU [#0]: Intel Core i7-13650HX,CPU [#0]: Intel Core i7-13650HX,CPU [#0]: Intel Core i7-13650HX,CPU [#0]: Intel Core i7-13650HX,CPU [#0]: Intel Core i7-13650HX,CPU [#0]: Intel Core i7-13650HX,CPU [#0]: Intel Core i7-13650HX,CPU [#0]: Intel Core i7-13650HX,CPU [#0]: Intel Core i7-13650HX,CPU [#0]: Intel Core i7-13650HX,CPU [#0]: Intel Core i7-13650HX,CPU [#0]: Intel Core i7-13650HX,CPU [#0]: Intel Core i7-13650HX,CPU [#0]: Intel Core i7-13650HX,CPU [#0]: Intel Core i7-13650HX,CPU [#0]: Intel Core i7-13650HX,CPU [#0]: Intel Core i7-13650HX,CPU [#0]: Intel Core i7-13650HX,CPU [#0]: Intel Core i7-13650HX,CPU [#0]: Intel Core i7-13650HX,CPU [#0]: Intel Core i7-13650HX,CPU [#0]: Intel Core i7-13650HX,CPU [#0]: Intel Core i7-13650HX,CPU [#0]: Intel Core i7-13650HX,CPU [#0]: Intel Core i7-13650HX,CPU [#0]: Intel Core i7-13650HX,CPU [#0]: Intel Core i7-13650HX,CPU [#0]: Intel Core i7-13650HX,CPU [#0]: Intel Core i7-13650HX,CPU [#0]: Intel Core i7-13650HX,CPU [#0]: Intel Core i7-13650HX,CPU [#0]: Intel Core i7-13650HX,CPU [#0]: Intel Core i7-13650HX,CPU [#0]: Intel Core i7-13650HX,CPU [#0]: Intel Core i7-13650HX,CPU [#0]: Intel Core i7-13650HX,CPU [#0]: Intel Core i7-13650HX,CPU [#0]: Intel Core i7-13650HX,CPU [#0]: Intel Core i7-13650HX,CPU [#0]: Intel Core i7-13650HX,CPU [#0]: Intel Core i7-13650HX,CPU [#0]: Intel Core i7-13650HX,CPU [#0]: Intel Core i7-13650HX,CPU [#0]: Intel Core i7-13650HX,CPU [#0]: Intel Core i7-13650HX,CPU [#0]: Intel Core i7-13650HX,CPU [#0]: Intel Core i7-13650HX,CPU [#0]: Intel Core i7-13650HX,CPU [#0]: Intel Core i7-13650HX,CPU [#0]: Intel Core i7-13650HX,CPU [#0]: Intel Core i7-13650HX,CPU [#0]: Intel Core i7-13650HX,CPU [#0]: Intel Core i7-13650HX,CPU [#0]: Intel Core i7-13650HX,CPU [#0]: Intel Core i7-13650HX,CPU [#0]: Intel Core i7-13650HX,CPU [#0]: Intel Core i7-13650HX,CPU [#0]: Intel Core i7-13650HX,CPU [#0]: Intel Core i7-13650HX,CPU [#0]: Intel Core i7-13650HX,CPU [#0]: Intel Core i7-13650HX,CPU [#0]: Intel Core i7-13650HX,CPU [#0]: Intel Core i7-13650HX,CPU [#0]: Intel Core i7-13650HX,CPU [#0]: Intel Core i7-13650HX,CPU [#0]: Intel Core i7-13650HX: DTS,CPU [#0]: Intel Core i7-13650HX: DTS,CPU [#0]: Intel Core i7-13650HX: DTS,CPU [#0]: Intel Core i7-13650HX: DTS,CPU [#0]: Intel Core i7-13650HX: DTS,CPU [#0]: Intel Core i7-13650HX: DTS,CPU [#0]: Intel Core i7-13650HX: DTS,CPU [#0]: Intel Core i7-13650HX: DTS,CPU [#0]: Intel Core i7-13650HX: DTS,CPU [#0]: Intel Core i7-13650HX: DTS,CPU [#0]: Intel Core i7-13650HX: DTS,CPU [#0]: Intel Core i7-13650HX: DTS,CPU [#0]: Intel Core i7-13650HX: DTS,CPU [#0]: Intel Core i7-13650HX: DTS,CPU [#0]: Intel Core i7-13650HX: DTS,CPU [#0]: Intel Core i7-13650HX: DTS,CPU [#0]: Intel Core i7-13650HX: DTS,CPU [#0]: Intel Core i7-13650HX: DTS,CPU [#0]: Intel Core i7-13650HX: DTS,CPU [#0]: Intel Core i7-13650HX: DTS,CPU [#0]: Intel Core i7-13650HX: DTS,CPU [#0]: Intel Core i7-13650HX: DTS,CPU [#0]: Intel Core i7-13650HX: DTS,CPU [#0]: Intel Core i7-13650HX: DTS,CPU [#0]: Intel Core i7-13650HX: DTS,CPU [#0]: Intel Core i7-13650HX: DTS,CPU [#0]: Intel Core i7-13650HX: DTS,CPU [#0]: Intel Core i7-13650HX: DTS,CPU [#0]: Intel Core i7-13650HX: DTS,CPU [#0]: Intel Core i7-13650HX: DTS,CPU [#0]: Intel Core i7-13650HX: DTS,CPU [#0]: Intel Core i7-13650HX: DTS,CPU [#0]: Intel Core i7-13650HX: DTS,CPU [#0]: Intel Core i7-13650HX: DTS,CPU [#0]: Intel Core i7-13650HX: DTS,CPU [#0]: Intel Core i7-13650HX: DTS,CPU [#0]: Intel Core i7-13650HX: DTS,CPU [#0]: Intel Core i7-13650HX: DTS,CPU [#0]: Intel Core i7-13650HX: DTS,CPU [#0]: Intel Core i7-13650HX: DTS,CPU [#0]: Intel Core i7-13650HX: DTS,CPU [#0]: Intel Core i7-13650HX: DTS,CPU [#0]: Intel Core i7-13650HX: DTS,CPU [#0]: Intel Core i7-13650HX: DTS,CPU [#0]: Intel Core i7-13650HX: DTS,CPU [#0]: Intel Core i7-13650HX: DTS,CPU [#0]: Intel Core i7-13650HX: DTS,CPU [#0]: Intel Core i7-13650HX: DTS,CPU [#0]: Intel Core i7-13650HX: DTS,CPU [#0]: Intel Core i7-13650HX: DTS,CPU [#0]: Intel Core i7-13650HX: DTS,CPU [#0]: Intel Core i7-13650HX: DTS,CPU [#0]: Intel Core i7-13650HX: DTS,CPU [#0]: Intel Core i7-13650HX: DTS,CPU [#0]: Intel Core i7-13650HX: DTS,CPU [#0]: Intel Core i7-13650HX: DTS,CPU [#0]: Intel Core i7-13650HX: DTS,CPU [#0]: Intel Core i7-13650HX: DTS,CPU [#0]: Intel Core i7-13650HX: DTS,CPU [#0]: Intel Core i7-13650HX: DTS,CPU [#0]: Intel Core i7-13650HX: DTS,CPU [#0]: Intel Core i7-13650HX: DTS,CPU [#0]: Intel Core i7-13650HX: DTS,CPU [#0]: Intel Core i7-13650HX: DTS,CPU [#0]: Intel Core i7-13650HX: DTS,CPU [#0]: Intel Core i7-13650HX: DTS,CPU [#0]: Intel Core i7-13650HX: DTS,CPU [#0]: Intel Core i7-13650HX: DTS,CPU [#0]: Intel Core i7-13650HX: DTS,CPU [#0]: Intel Core i7-13650HX: DTS,CPU [#0]: Intel Core i7-13650HX: DTS,CPU [#0]: Intel Core i7-13650HX: DTS,CPU [#0]: Intel Core i7-13650HX: DTS,CPU [#0]: Intel Core i7-13650HX: DTS,CPU [#0]: Intel Core i7-13650HX: DTS,CPU [#0]: Intel Core i7-13650HX: DTS,CPU [#0]: Intel Core i7-13650HX: DTS,CPU [#0]: Intel Core i7-13650HX: DTS,CPU [#0]: Intel Core i7-13650HX: DTS,CPU [#0]: Intel Core i7-13650HX: DTS,CPU [#0]: Intel Core i7-13650HX: Enhanced,CPU [#0]: Intel Core i7-13650HX: Enhanced,CPU [#0]: Intel Core i7-13650HX: Enhanced,CPU [#0]: Intel Core i7-13650HX: Enhanced,CPU [#0]: Intel Core i7-13650HX: Enhanced,CPU [#0]: Intel Core i7-13650HX: Enhanced,CPU [#0]: Intel Core i7-13650HX: Enhanced,CPU [#0]: Intel Core i7-13650HX: Enhanced,CPU [#0]: Intel Core i7-13650HX: Enhanced,CPU [#0]: Intel Core i7-13650HX: Enhanced,CPU [#0]: Intel Core i7-13650HX: Enhanced,CPU [#0]: Intel Core i7-13650HX: Enhanced,CPU [#0]: Intel Core i7-13650HX: Enhanced,CPU [#0]: Intel Core i7-13650HX: Enhanced,CPU [#0]: Intel Core i7-13650HX: Enhanced,CPU [#0]: Intel Core i7-13650HX: C-State Residency,CPU [#0]: Intel Core i7-13650HX: C-State Residency,CPU [#0]: Intel Core i7-13650HX: C-State Residency,CPU [#0]: Intel Core i7-13650HX: C-State Residency,CPU [#0]: Intel Core i7-13650HX: C-State Residency,CPU [#0]: Intel Core i7-13650HX: C-State Residency,CPU [#0]: Intel Core i7-13650HX: C-State Residency,CPU [#0]: Intel Core i7-13650HX: C-State Residency,CPU [#0]: Intel Core i7-13650HX: C-State Residency,CPU [#0]: Intel Core i7-13650HX: C-State Residency,CPU [#0]: Intel Core i7-13650HX: C-State Residency,CPU [#0]: Intel Core i7-13650HX: C-State Residency,CPU [#0]: Intel Core i7-13650HX: C-State Residency,CPU [#0]: Intel Core i7-13650HX: C-State Residency,CPU [#0]: Intel Core i7-13650HX: C-State Residency,CPU [#0]: Intel Core i7-13650HX: C-State Residency,CPU [#0]: Intel Core i7-13650HX: C-State Residency,CPU [#0]: Intel Core i7-13650HX: C-State Residency,CPU [#0]: Intel Core i7-13650HX: C-State Residency,CPU [#0]: Intel Core i7-13650HX: C-State Residency,CPU [#0]: Intel Core i7-13650HX: C-State Residency,CPU [#0]: Intel Core i7-13650HX: C-State Residency,CPU [#0]: Intel Core i7-13650HX: C-State Residency,CPU [#0]: Intel Core i7-13650HX: C-State Residency,CPU [#0]: Intel Core i7-13650HX: C-State Residency,CPU [#0]: Intel Core i7-13650HX: C-State Residency,CPU [#0]: Intel Core i7-13650HX: C-State Residency,CPU [#0]: Intel Core i7-13650HX: C-State Residency,CPU [#0]: Intel Core i7-13650HX: C-State Residency,CPU [#0]: Intel Core i7-13650HX: C-State Residency,CPU [#0]: Intel Core i7-13650HX: C-State Residency,CPU [#0]: Intel Core i7-13650HX: C-State Residency,CPU [#0]: Intel Core i7-13650HX: C-State Residency,CPU [#0]: Intel Core i7-13650HX: C-State Residency,CPU [#0]: Intel Core i7-13650HX: C-State Residency,CPU [#0]: Intel Core i7-13650HX: C-State Residency,CPU [#0]: Intel Core i7-13650HX: C-State Residency,CPU [#0]: Intel Core i7-13650HX: C-State Residency,CPU [#0]: Intel Core i7-13650HX: C-State Residency,CPU [#0]: Intel Core i7-13650HX: C-State Residency,CPU [#0]: Intel Core i7-13650HX: C-State Residency,CPU [#0]: Intel Core i7-13650HX: C-State Residency,CPU [#0]: Intel Core i7-13650HX: C-State Residency,CPU [#0]: Intel Core i7-13650HX: C-State Residency,CPU [#0]: Intel Core i7-13650HX: C-State Residency,CPU [#0]: Intel Core i7-13650HX: C-State Residency,CPU [#0]: Intel Core i7-13650HX: C-State Residency,CPU [#0]: Intel Core i7-13650HX: C-State Residency,CPU [#0]: Intel Core i7-13650HX: C-State Residency,CPU [#0]: Intel Core i7-13650HX: C-State Residency,CPU [#0]: Intel Core i7-13650HX: C-State Residency,CPU [#0]: Intel Core i7-13650HX: C-State Residency,CPU [#0]: Intel Core i7-13650HX: C-State Residency,CPU [#0]: Intel Core i7-13650HX: C-State Residency,CPU [#0]: Intel Core i7-13650HX: C-State Residency,CPU [#0]: Intel Core i7-13650HX: C-State Residency,CPU [#0]: Intel Core i7-13650HX: C-State Residency,CPU [#0]: Intel Core i7-13650HX: C-State Residency,CPU [#0]: Intel Core i7-13650HX: C-State Residency,CPU [#0]: Intel Core i7-13650HX: C-State Residency,Memory Timings,Memory Timings,Memory Timings,Memory Timings,Memory Timings,Memory Timings,Memory Timings,Memory Timings,Memory Timings,Memory Timings,CPU [#0]: Intel Core i7-13650HX: Performance Limit Reasons,CPU [#0]: Intel Core i7-13650HX: Performance Limit Reasons,CPU [#0]: Intel Core i7-13650HX: Performance Limit Reasons,CPU [#0]: Intel Core i7-13650HX: Performance Limit Reasons,CPU [#0]: Intel Core i7-13650HX: Performance Limit Reasons,CPU [#0]: Intel Core i7-13650HX: Performance Limit Reasons,CPU [#0]: Intel Core i7-13650HX: Performance Limit Reasons,CPU [#0]: Intel Core i7-13650HX: Performance Limit Reasons,CPU [#0]: Intel Core i7-13650HX: Performance Limit Reasons,CPU [#0]: Intel Core i7-13650HX: Performance Limit Reasons,CPU [#0]: Intel Core i7-13650HX: Performance Limit Reasons,CPU [#0]: Intel Core i7-13650HX: Performance Limit Reasons,CPU [#0]: Intel Core i7-13650HX: Performance Limit Reasons,CPU [#0]: Intel Core i7-13650HX: Performance Limit Reasons,CPU [#0]: Intel Core i7-13650HX: Performance Limit Reasons,CPU [#0]: Intel Core i7-13650HX: Performance Limit Reasons,CPU [#0]: Intel Core i7-13650HX: Performance Limit Reasons,CPU [#0]: Intel Core i7-13650HX: Performance Limit Reasons,CPU [#0]: Intel Core i7-13650HX: Performance Limit Reasons,CPU [#0]: Intel Core i7-13650HX: Performance Limit Reasons,CPU [#0]: Intel Core i7-13650HX: Performance Limit Reasons,CPU [#0]: Intel Core i7-13650HX: Performance Limit Reasons,CPU [#0]: Intel Core i7-13650HX: Performance Limit Reasons,CPU [#0]: Intel Core i7-13650HX: Performance Limit Reasons,CPU [#0]: Intel Core i7-13650HX: Performance Limit Reasons,CPU [#0]: Intel Core i7-13650HX: Performance Limit Reasons,CPU [#0]: Intel Core i7-13650HX: Performance Limit Reasons,CPU [#0]: Intel Core i7-13650HX: Performance Limit Reasons,CPU [#0]: Intel Core i7-13650HX: Performance Limit Reasons,CPU [#0]: Intel Core i7-13650HX: Performance Limit Reasons,CPU [#0]: Intel Core i7-13650HX: Performance Limit Reasons,CPU [#0]: Intel Core i7-13650HX: Performance Limit Reasons,CPU [#0]: Intel Core i7-13650HX: Performance Limit Reasons,CPU [#0]: Intel Core i7-13650HX: Performance Limit Reasons,CPU [#0]: Intel Core i7-13650HX: Performance Limit Reasons,CPU [#0]: Intel Core i7-13650HX: Performance Limit Reasons,CPU [#0]: Intel Core i7-13650HX: Performance Limit Reasons,CPU [#0]: Intel Core i7-13650HX: Performance Limit Reasons,ASUS G614JI (Intel PCH),ASUS NB EC: ASUS ROG Strix G614JI_G614JI,ASUS NB EC: ASUS ROG Strix G614JI_G614JI,ASUS NB EC: ASUS ROG Strix G614JI_G614JI,DDR5 DIMM [#0]: Kingston KF556S40-16 (BANK 0/Controller0-ChannelA-DIMM0),DDR5 DIMM [#0]: Kingston KF556S40-16 (BANK 0/Controller0-ChannelA-DIMM0),DDR5 DIMM [#0]: Kingston KF556S40-16 (BANK 0/Controller0-ChannelA-DIMM0),DDR5 DIMM [#0]: Kingston KF556S40-16 (BANK 0/Controller0-ChannelA-DIMM0),DDR5 DIMM [#0]: Kingston KF556S40-16 (BANK 0/Controller0-ChannelA-DIMM0),DDR5 DIMM [#0]: Kingston KF556S40-16 (BANK 0/Controller0-ChannelA-DIMM0),DDR5 DIMM [#0]: Kingston KF556S40-16 (BANK 0/Controller0-ChannelA-DIMM0),DDR5 DIMM [#0]: Kingston KF556S40-16 (BANK 0/Controller0-ChannelA-DIMM0),DDR5 DIMM [#0]: Kingston KF556S40-16 (BANK 0/Controller0-ChannelA-DIMM0),DDR5 DIMM [#0]: Kingston KF556S40-16 (BANK 0/Controller0-ChannelA-DIMM0),DDR5 DIMM [#0]: Kingston KF556S40-16 (BANK 0/Controller0-ChannelA-DIMM0),DDR5 DIMM [#2]: Kingston KF556S40-16 (BANK 0/Controller1-ChannelA-DIMM0),DDR5 DIMM [#2]: Kingston KF556S40-16 (BANK 0/Controller1-ChannelA-DIMM0),DDR5 DIMM [#2]: Kingston KF556S40-16 (BANK 0/Controller1-ChannelA-DIMM0),DDR5 DIMM [#2]: Kingston KF556S40-16 (BANK 0/Controller1-ChannelA-DIMM0),DDR5 DIMM [#2]: Kingston KF556S40-16 (BANK 0/Controller1-ChannelA-DIMM0),DDR5 DIMM [#2]: Kingston KF556S40-16 (BANK 0/Controller1-ChannelA-DIMM0),DDR5 DIMM [#2]: Kingston KF556S40-16 (BANK 0/Controller1-ChannelA-DIMM0),DDR5 DIMM [#2]: Kingston KF556S40-16 (BANK 0/Controller1-ChannelA-DIMM0),DDR5 DIMM [#2]: Kingston KF556S40-16 (BANK 0/Controller1-ChannelA-DIMM0),DDR5 DIMM [#2]: Kingston KF556S40-16 (BANK 0/Controller1-ChannelA-DIMM0),DDR5 DIMM [#2]: Kingston KF556S40-16 (BANK 0/Controller1-ChannelA-DIMM0),S.M.A.R.T.: Micron_2400_MTFDKBA1T0QFM (22383CE6F7AC) [C:  D:],S.M.A.R.T.: Micron_2400_MTFDKBA1T0QFM (22383CE6F7AC) [C:  D:],S.M.A.R.T.: Micron_2400_MTFDKBA1T0QFM (22383CE6F7AC) [C:  D:],S.M.A.R.T.: Micron_2400_MTFDKBA1T0QFM (22383CE6F7AC) [C:  D:],S.M.A.R.T.: Micron_2400_MTFDKBA1T0QFM (22383CE6F7AC) [C:  D:],S.M.A.R.T.: Micron_2400_MTFDKBA1T0QFM (22383CE6F7AC) [C:  D:],S.M.A.R.T.: Micron_2400_MTFDKBA1T0QFM (22383CE6F7AC) [C:  D:],S.M.A.R.T.: Micron_2400_MTFDKBA1T0QFM (22383CE6F7AC) [C:  D:],S.M.A.R.T.: KINGSTON SNV3S1000G (50026B768769C551) [E:],S.M.A.R.T.: KINGSTON SNV3S1000G (50026B768769C551) [E:],S.M.A.R.T.: KINGSTON SNV3S1000G (50026B768769C551) [E:],S.M.A.R.T.: KINGSTON SNV3S1000G (50026B768769C551) [E:],S.M.A.R.T.: KINGSTON SNV3S1000G (50026B768769C551) [E:],S.M.A.R.T.: KINGSTON SNV3S1000G (50026B768769C551) [E:],S.M.A.R.T.: KINGSTON SNV3S1000G (50026B768769C551) [E:],S.M.A.R.T.: KINGSTON SNV3S1000G (50026B768769C551) [E:],Drive: Micron_2400_MTFDKBA1T0QFM (22383CE6F7AC) [C:  D:],Drive: Micron_2400_MTFDKBA1T0QFM (22383CE6F7AC) [C:  D:],Drive: Micron_2400_MTFDKBA1T0QFM (22383CE6F7AC) [C:  D:],Drive: Micron_2400_MTFDKBA1T0QFM (22383CE6F7AC) [C:  D:],Drive: Micron_2400_MTFDKBA1T0QFM (22383CE6F7AC) [C:  D:],Drive: Micron_2400_MTFDKBA1T0QFM (22383CE6F7AC) [C:  D:],Drive: Micron_2400_MTFDKBA1T0QFM (22383CE6F7AC) [C:  D:],Drive: KINGSTON SNV3S1000G (50026B768769C551) [E:],Drive: KINGSTON SNV3S1000G (50026B768769C551) [E:],Drive: KINGSTON SNV3S1000G (50026B768769C551) [E:],Drive: KINGSTON SNV3S1000G (50026B768769C551) [E:],Drive: KINGSTON SNV3S1000G (50026B768769C551) [E:],Drive: KINGSTON SNV3S1000G (50026B768769C551) [E:],Drive: KINGSTON SNV3S1000G (50026B768769C551) [E:],dGPU [#1]: NVIDIA GeForce RTX 4070 Laptop,dGPU [#1]: NVIDIA GeForce RTX 4070 Laptop,dGPU [#1]: NVIDIA GeForce RTX 4070 Laptop,dGPU [#1]: NVIDIA GeForce RTX 4070 Laptop,dGPU [#1]: NVIDIA GeForce RTX 4070 Laptop,dGPU [#1]: NVIDIA GeForce RTX 4070 Laptop,dGPU [#1]: NVIDIA GeForce RTX 4070 Laptop,dGPU [#1]: NVIDIA GeForce RTX 4070 Laptop,dGPU [#1]: NVIDIA GeForce RTX 4070 Laptop,dGPU [#1]: NVIDIA GeForce RTX 4070 Laptop,dGPU [#1]: NVIDIA GeForce RTX 4070 Laptop,dGPU [#1]: NVIDIA GeForce RTX 4070 Laptop,dGPU [#1]: NVIDIA GeForce RTX 4070 Laptop,dGPU [#1]: NVIDIA GeForce RTX 4070 Laptop,dGPU [#1]: NVIDIA GeForce RTX 4070 Laptop,dGPU [#1]: NVIDIA GeForce RTX 4070 Laptop,dGPU [#1]: NVIDIA GeForce RTX 4070 Laptop,dGPU [#1]: NVIDIA GeForce RTX 4070 Laptop,dGPU [#1]: NVIDIA GeForce RTX 4070 Laptop,dGPU [#1]: NVIDIA GeForce RTX 4070 Laptop,dGPU [#1]: NVIDIA GeForce RTX 4070 Laptop,dGPU [#1]: NVIDIA GeForce RTX 4070 Laptop,dGPU [#1]: NVIDIA GeForce RTX 4070 Laptop,dGPU [#1]: NVIDIA GeForce RTX 4070 Laptop,dGPU [#1]: NVIDIA GeForce RTX 4070 Laptop,dGPU [#1]: NVIDIA GeForce RTX 4070 Laptop,dGPU [#1]: NVIDIA GeForce RTX 4070 Laptop,dGPU [#1]: NVIDIA GeForce RTX 4070 Laptop,dGPU [#1]: NVIDIA GeForce RTX 4070 Laptop,dGPU [#1]: NVIDIA GeForce RTX 4070 Laptop,dGPU [#1]: NVIDIA GeForce RTX 4070 Laptop,dGPU [#1]: NVIDIA GeForce RTX 4070 Laptop,dGPU [#1]: NVIDIA GeForce RTX 4070 Laptop,dGPU [#1]: NVIDIA GeForce RTX 4070 Laptop,dGPU [#1]: NVIDIA GeForce RTX 4070 Laptop,dGPU [#1]: NVIDIA GeForce RTX 4070 Laptop,dGPU [#1]: NVIDIA GeForce RTX 4070 Laptop,dGPU [#1]: NVIDIA GeForce RTX 4070 Laptop,dGPU [#1]: NVIDIA GeForce RTX 4070 Laptop,dGPU [#1]: NVIDIA GeForce RTX 4070 Laptop,dGPU [#1]: NVIDIA GeForce RTX 4070 Laptop,dGPU [#1]: NVIDIA GeForce RTX 4070 Laptop,dGPU [#1]: NVIDIA GeForce RTX 4070 Laptop,dGPU [#1]: NVIDIA GeForce RTX 4070 Laptop,dGPU [#1]: NVIDIA GeForce RTX 4070 Laptop,dGPU [#1]: NVIDIA GeForce RTX 4070 Laptop,dGPU [#1]: NVIDIA GeForce RTX 4070 Laptop,dGPU [#1]: NVIDIA GeForce RTX 4070 Laptop,dGPU [#1]: NVIDIA GeForce RTX 4070 Laptop,dGPU [#1]: NVIDIA GeForce RTX 4070 Laptop,dGPU [#1]: NVIDIA GeForce RTX 4070 Laptop,dGPU [#1]: NVIDIA GeForce RTX 4070 Laptop,dGPU [#1]: NVIDIA GeForce RTX 4070 Laptop,dGPU [#1]: NVIDIA GeForce RTX 4070 Laptop,dGPU [#1]: NVIDIA GeForce RTX 4070 Laptop,dGPU [#1]: NVIDIA GeForce RTX 4070 Laptop,dGPU [#1]: NVIDIA GeForce RTX 4070 Laptop,dGPU [#1]: NVIDIA GeForce RTX 4070 Laptop,dGPU [#1]: NVIDIA GeForce RTX 4070 Laptop,dGPU [#1]: NVIDIA GeForce RTX 4070 Laptop,dGPU [#1]: NVIDIA GeForce RTX 4070 Laptop,dGPU [#1]: NVIDIA GeForce RTX 4070 Laptop,dGPU [#1]: NVIDIA GeForce RTX 4070 Laptop,dGPU [#1]: NVIDIA GeForce RTX 4070 Laptop,dGPU [#1]: NVIDIA GeForce RTX 4070 Laptop,dGPU [#1]: NVIDIA GeForce RTX 4070 Laptop,dGPU [#1]: NVIDIA GeForce RTX 4070 Laptop,dGPU [#1]: NVIDIA GeForce RTX 4070 Laptop,dGPU [#1]: NVIDIA GeForce RTX 4070 Laptop,dGPU [#1]: NVIDIA GeForce RTX 4070 Laptop,dGPU [#1]: NVIDIA GeForce RTX 4070 Laptop,dGPU [#1]: NVIDIA GeForce RTX 4070 Laptop,dGPU [#1]: NVIDIA GeForce RTX 4070 Laptop,dGPU [#1]: NVIDIA GeForce RTX 4070 Laptop,dGPU [#1]: NVIDIA GeForce RTX 4070 Laptop,dGPU [#1]: NVIDIA GeForce RTX 4070 Laptop,iGPU [#0]: Intel UHD Graphics,iGPU [#0]: Intel UHD Graphics,iGPU [#0]: Intel UHD Graphics,iGPU [#0]: Intel UHD Graphics,iGPU [#0]: Intel UHD Graphics,iGPU [#0]: Intel UHD Graphics,iGPU [#0]: Intel UHD Graphics,iGPU [#0]: Intel UHD Graphics,iGPU [#0]: Intel UHD Graphics,iGPU [#0]: Intel UHD Graphics,iGPU [#0]: Intel UHD Graphics,iGPU [#0]: Intel UHD Graphics,iGPU [#0]: Intel UHD Graphics,iGPU [#0]: Intel UHD Graphics,iGPU [#0]: Intel UHD Graphics,iGPU [#0]: Intel UHD Graphics,iGPU [#0]: Intel UHD Graphics,iGPU [#0]: Intel UHD Graphics,iGPU [#0]: Intel UHD Graphics,iGPU [#0]: Intel UHD Graphics,iGPU [#0]: Intel UHD Graphics,iGPU [#0]: Intel UHD Graphics,iGPU [#0]: Intel UHD Graphics,iGPU [#0]: Intel UHD Graphics,iGPU [#0]: Intel UHD Graphics,Battery: AS3GYFG3KC R220358,Battery: AS3GYFG3KC R220358,Battery: AS3GYFG3KC R220358,Battery: AS3GYFG3KC R220358,Battery: AS3GYFG3KC R220358,RTSS,RTSS,RTSS,RTSS,PresentMon [HTGame.exe],PresentMon [HTGame.exe],PresentMon [HTGame.exe],PresentMon [HTGame.exe],PresentMon [HTGame.exe],PresentMon [HTGame.exe],PresentMon [HTGame.exe],PresentMon [HTGame.exe],PresentMon [HTGame.exe],PresentMon [HTGame.exe],PresentMon [HTGame.exe],PresentMon [HTGame.exe],PresentMon [HTGame.exe],PresentMon [HTGame.exe],PresentMon [HTGame.exe],PresentMon [HTGame.exe],PresentMon [HTGame.exe],PresentMon [HTGame.exe],PresentMon [HTGame.exe],PresentMon [HTGame.exe],PresentMon [HTGame.exe],PresentMon [HTGame.exe],PresentMon [HTGame.exe],Network: Intel Wi-Fi 6E AX211 160MHz - Wi-Fi,Network: Intel Wi-Fi 6E AX211 160MHz - Wi-Fi,Network: Intel Wi-Fi 6E AX211 160MHz - Wi-Fi,Network: Intel Wi-Fi 6E AX211 160MHz - Wi-Fi,Network: RealTek Semiconductor RTL8168/8111 PCI-E Gigabit Ethernet NIC - Ethernet,Network: RealTek Semiconductor RTL8168/8111 PCI-E Gigabit Ethernet NIC - Ethernet,Network: RealTek Semiconductor RTL8168/8111 PCI-E Gigabit Ethernet NIC - Ethernet,Network: RealTek Semiconductor RTL8168/8111 PCI-E Gigabit Ethernet NIC - Ethernet,Windows Hardware Errors (WHEA),
