Date,Time,"Virtual Memory Committed [MB]","Virtual Memory Available [MB]","Virtual Memory Load [%]","Physical Memory Used [MB]","Physical Memory Available [MB]","Physical Memory Load [%]","Page File Usage [%]","Page File Total [MB]","Page File Used [MB]","Core VIDs (avg) [V]","P-core 0 VID [V]","P-core 1 VID [V]","P-core 2 VID [V]","P-core 3 VID [V]","P-core 4 VID [V]","P-core 5 VID [V]","E-core 6 VID [V]","E-core 7 VID [V]","E-core 8 VID [V]","E-core 9 VID [V]","E-core 10 VID [V]","E-core 11 VID [V]","E-core 12 VID [V]","E-core 13 VID [V]","Uncore VID [V]","SA VID [V]","Core Clocks (avg) [MHz]","P-core 0 Clock [MHz]","P-core 1 Clock [MHz]","P-core 2 Clock [MHz]","P-core 3 Clock [MHz]","P-core 4 Clock [MHz]","P-core 5 Clock [MHz]","E-core 6 Clock [MHz]","E-core 7 Clock [MHz]","E-core 8 Clock [MHz]","E-core 9 Clock [MHz]","E-core 10 Clock [MHz]","E-core 11 Clock [MHz]","E-core 12 Clock [MHz]","E-core 13 Clock [MHz]","Bus Clock [MHz]","Ring/LLC Clock [MHz]","Core Effective Clocks (avg) [MHz]","P-core 0 T0 Effective Clock [MHz]","P-core 0 T1 Effective Clock [MHz]","P-core 1 T0 Effective Clock [MHz]","P-core 1 T1 Effective Clock [MHz]","P-core 2 T0 Effective Clock [MHz]","P-core 2 T1 Effective Clock [MHz]","P-core 3 T0 Effective Clock [MHz]","P-core 3 T1 Effective Clock [MHz]","P-core 4 T0 Effective Clock [MHz]","P-core 4 T1 Effective Clock [MHz]","P-core 5 T0 Effective Clock [MHz]","P-core 5 T1 Effective Clock [MHz]","E-core 6 T0 Effective Clock [MHz]","E-core 7 T0 Effective Clock [MHz]","E-core 8 T0 Effective Clock [MHz]","E-core 9 T0 Effective Clock [MHz]","E-core 10 T0 Effective Clock [MHz]","E-core 11 T0 Effective Clock [MHz]","E-core 12 T0 Effective Clock [MHz]","E-core 13 T0 Effective Clock [MHz]","Average Effective Clock [MHz]","Core Usage (avg) [%]","P-core 0 T0 Usage [%]","P-core 0 T1 Usage [%]","P-core 1 T0 Usage [%]","P-core 1 T1 Usage [%]","P-core 2 T0 Usage [%]","P-core 2 T1 Usage [%]","P-core 3 T0 Usage [%]","P-core 3 T1 Usage [%]","P-core 4 T0 Usage [%]","P-core 4 T1 Usage [%]","P-core 5 T0 Usage [%]","P-core 5 T1 Usage [%]","E-core 6 T0 Usage [%]","E-core 7 T0 Usage [%]","E-core 8 T0 Usage [%]","E-core 9 T0 Usage [%]","E-core 10 T0 Usage [%]","E-core 11 T0 Usage [%]","E-core 12 T0 Usage [%]","E-core 13 T0 Usage [%]","Max CPU/Thread Usage [%]","Total CPU Usage [%]","On-Demand Clock Modulation [%]","Core Utility (avg) [%]","P-core 0 T0 Utility [%]","P-core 0 T1 Utility [%]","P-core 1 T0 Utility [%]","P-core 1 T1 Utility [%]","P-core 2 T0 Utility [%]","P-core 2 T1 Utility [%]","P-core 3 T0 Utility [%]","P-core 3 T1 Utility [%]","P-core 4 T0 Utility [%]","P-core 4 T1 Utility [%]","P-core 5 T0 Utility [%]","P-core 5 T1 Utility [%]","E-core 6 T0 Utility [%]","E-core 7 T0 Utility [%]","E-core 8 T0 Utility [%]","E-core 9 T0 Utility [%]","E-core 10 T0 Utility [%]","E-core 11 T0 Utility [%]","E-core 12 T0 Utility [%]","E-core 13 T0 Utility [%]","Total CPU Utility [%]","Core Ratios (avg) [x]","P-core 0 Ratio [x]","P-core 1 Ratio [x]","P-core 2 Ratio [x]","P-core 3 Ratio [x]","P-core 4 Ratio [x]","P-core 5 Ratio [x]","E-core 6 Ratio [x]","E-core 7 Ratio [x]","E-core 8 Ratio [x]","E-core 9 Ratio [x]","E-core 10 Ratio [x]","E-core 11 Ratio [x]","E-core 12 Ratio [x]","E-core 13 Ratio [x]","Uncore Ratio [x]","Core Temperatures (avg) [°C]","P-core 0 [°C]","P-core 1 [°C]","P-core 2 [°C]","P-core 3 [°C]","P-core 4 [°C]","P-core 5 [°C]","E-core 6 [°C]","E-core 7 [°C]","E-core 8 [°C]","E-core 9 [°C]","E-core 10 [°C]","E-core 11 [°C]","E-core 12 [°C]","E-core 13 [°C]","Core Distance to TjMAX (avg) [°C]","P-core 0 Distance to TjMAX [°C]","P-core 1 Distance to TjMAX [°C]","P-core 2 Distance to TjMAX [°C]","P-core 3 Distance to TjMAX [°C]","P-core 4 Distance to TjMAX [°C]","P-core 5 Distance to TjMAX [°C]","E-core 6 Distance to TjMAX [°C]","E-core 7 Distance to TjMAX [°C]","E-core 8 Distance to TjMAX [°C]","E-core 9 Distance to TjMAX [°C]","E-core 10 Distance to TjMAX [°C]","E-core 11 Distance to TjMAX [°C]","E-core 12 Distance to TjMAX [°C]","E-core 13 Distance to TjMAX [°C]","CPU Package [°C]","Core Max [°C]","Core Thermal Throttling (avg) [Yes/No]","P-core 0 Thermal Throttling [Yes/No]","P-core 1 Thermal Throttling [Yes/No]","P-core 2 Thermal Throttling [Yes/No]","P-core 3 Thermal Throttling [Yes/No]","P-core 4 Thermal Throttling [Yes/No]","P-core 5 Thermal Throttling [Yes/No]","E-core 6 Thermal Throttling [Yes/No]","E-core 7 Thermal Throttling [Yes/No]","E-core 8 Thermal Throttling [Yes/No]","E-core 9 Thermal Throttling [Yes/No]","E-core 10 Thermal Throttling [Yes/No]","E-core 11 Thermal Throttling [Yes/No]","E-core 12 Thermal Throttling [Yes/No]","E-core 13 Thermal Throttling [Yes/No]","Core Critical Temperature (avg) [Yes/No]","P-core 0 Critical Temperature [Yes/No]","P-core 1 Critical Temperature [Yes/No]","P-core 2 Critical Temperature [Yes/No]","P-core 3 Critical Temperature [Yes/No]","P-core 4 Critical Temperature [Yes/No]","P-core 5 Critical Temperature [Yes/No]","E-core 6 Critical Temperature [Yes/No]","E-core 7 Critical Temperature [Yes/No]","E-core 8 Critical Temperature [Yes/No]","E-core 9 Critical Temperature [Yes/No]","E-core 10 Critical Temperature [Yes/No]","E-core 11 Critical Temperature [Yes/No]","E-core 12 Critical Temperature [Yes/No]","E-core 13 Critical Temperature [Yes/No]","Core Power Limit Exceeded (avg) [Yes/No]","P-core 0 Power Limit Exceeded [Yes/No]","P-core 1 Power Limit Exceeded [Yes/No]","P-core 2 Power Limit Exceeded [Yes/No]","P-core 3 Power Limit Exceeded [Yes/No]","P-core 4 Power Limit Exceeded [Yes/No]","P-core 5 Power Limit Exceeded [Yes/No]","E-core 6 Power Limit Exceeded [Yes/No]","E-core 7 Power Limit Exceeded [Yes/No]","E-core 8 Power Limit Exceeded [Yes/No]","E-core 9 Power Limit Exceeded [Yes/No]","E-core 10 Power Limit Exceeded [Yes/No]","E-core 11 Power Limit Exceeded [Yes/No]","E-core 12 Power Limit Exceeded [Yes/No]","E-core 13 Power Limit Exceeded [Yes/No]","Package/Ring Thermal Throttling [Yes/No]","Package/Ring Critical Temperature [Yes/No]","Package/Ring Power Limit Exceeded [Yes/No]","CPU Package [°C]","CPU IA Cores [°C]","CPU GT Cores (Graphics) [°C]","VDDQ TX Voltage [V]","VR VCC Current (SVID IOUT) [A]","CPU Package Power [W]","IA Cores Power [W]","GT Cores Power [W]","System Agent Power [W]","Rest-of-Chip Power [W]","PL1 Power Limit (Static) [W]","PL1 Power Limit (Dynamic) [W]","PL2 Power Limit (Static) [W]","PL2 Power Limit (Dynamic) [W]","Current cTDP Level []","Package C2 Residency [%]","Core C0 Residency (avg) [%]","P-core 0 T0 C0 Residency [%]","P-core 0 T1 C0 Residency [%]","P-core 1 T0 C0 Residency [%]","P-core 1 T1 C0 Residency [%]","P-core 2 T0 C0 Residency [%]","P-core 2 T1 C0 Residency [%]","P-core 3 T0 C0 Residency [%]","P-core 3 T1 C0 Residency [%]","P-core 4 T0 C0 Residency [%]","P-core 4 T1 C0 Residency [%]","P-core 5 T0 C0 Residency [%]","P-core 5 T1 C0 Residency [%]","E-core 6 T0 C0 Residency [%]","E-core 7 T0 C0 Residency [%]","E-core 8 T0 C0 Residency [%]","E-core 9 T0 C0 Residency [%]","E-core 10 T0 C0 Residency [%]","E-core 11 T0 C0 Residency [%]","E-core 12 T0 C0 Residency [%]","E-core 13 T0 C0 Residency [%]","Core C1 Residency (avg) [%]","P-core 0 C1 Residency [%]","P-core 1 C1 Residency [%]","P-core 2 C1 Residency [%]","P-core 3 C1 Residency [%]","P-core 4 C1 Residency [%]","P-core 5 C1 Residency [%]","E-core 6 C1 Residency [%]","E-core 7 C1 Residency [%]","E-core 8 C1 Residency [%]","E-core 9 C1 Residency [%]","E-core 10 C1 Residency [%]","E-core 11 C1 Residency [%]","E-core 12 C1 Residency [%]","E-core 13 C1 Residency [%]","Core C6 Residency (avg) [%]","P-core 0 C6 Residency [%]","P-core 1 C6 Residency [%]","P-core 2 C6 Residency [%]","P-core 3 C6 Residency [%]","P-core 4 C6 Residency [%]","P-core 5 C6 Residency [%]","E-core 6 C6 Residency [%]","E-core 7 C6 Residency [%]","E-core 8 C6 Residency [%]","E-core 9 C6 Residency [%]","E-core 10 C6 Residency [%]","E-core 11 C6 Residency [%]","E-core 12 C6 Residency [%]","E-core 13 C6 Residency [%]","Core C7 Residency (avg) [%]","P-core 0 C7 Residency [%]","P-core 1 C7 Residency [%]","P-core 2 C7 Residency [%]","P-core 3 C7 Residency [%]","P-core 4 C7 Residency [%]","P-core 5 C7 Residency [%]","Memory Clock [MHz]","Memory Clock Ratio [x]","Tcas [T]","Trcd [T]","Trp [T]","Tras [T]","Trc [T]","Trfc [T]","Command Rate [T]","Gear Mode []","IA Limit Reasons (avg) [Yes/No]","IA: PROCHOT [Yes/No]","IA: Thermal Event [Yes/No]","IA: Residency State Regulation [Yes/No]","IA: Running Average Thermal Limit [Yes/No]","IA: VR Thermal Alert [Yes/No]","IA: VR TDC [Yes/No]","IA: Electrical Design Point/Other (ICCmax PL4 SVID DDR RAPL) [Yes/No]","IA: Package-Level RAPL/PBM PL1 [Yes/No]","IA: Package-Level RAPL/PBM PL2 PL3 [Yes/No]","IA: Max Turbo Limit [Yes/No]","IA: Turbo Attenuation (MCT) [Yes/No]","IA: Thermal Velocity Boost [Yes/No]","GT Limit Reasons (avg) [Yes/No]","GT: PROCHOT [Yes/No]","GT: Thermal Event [Yes/No]","GT: DDR RAPL [Yes/No]","GT: Residency State Regulation [Yes/No]","GT: Running Average Thermal Limit [Yes/No]","GT: VR Thermal Alert [Yes/No]","GT: VR TDC [Yes/No]","GT: Max VR Voltage  ICCmax  PL4 [Yes/No]","GT: Domain-Level PBM PLGT [Yes/No]","GT: Package-Level RAPL/PBM PL1 [Yes/No]","GT: Package-Level RAPL/PBM PL2 PL3 [Yes/No]","GT: Inefficient Operation [Yes/No]","GT: Fuses limit [Yes/No]","Ring Limit Reasons (avg) [Yes/No]","RING: PROCHOT [Yes/No]","RING: Thermal Event [Yes/No]","RING: DDR RAPL [Yes/No]","RING: Residency State Regulation [Yes/No]","RING: Running Average Thermal Limit [Yes/No]","RING: VR Thermal Alert [Yes/No]","RING: VR TDC [Yes/No]","RING: Max VR Voltage  ICCmax  PL4 [Yes/No]","RING: Package-Level RAPL/PBM PL1 [Yes/No]","RING: Package-Level RAPL/PBM PL2 PL3 [Yes/No]","PCH Temperature [°C]","CPU [RPM]","GPU [RPM]","GPU [RPM]","SPD Hub Temperature [°C]","VDD (SWA) Voltage [V]","VDDQ (SWB) Voltage [V]","VPP (SWC) Voltage [V]","1.8V VOUT Voltage [V]","1.0V VOUT Voltage [V]","VIN Voltage [V]","Total Power [W]","PMIC High Temperature [Yes/No]","PMIC Over Voltage [Yes/No]","PMIC Under Voltage [Yes/No]","SPD Hub Temperature [°C]","VDD (SWA) Voltage [V]","VDDQ (SWB) Voltage [V]","VPP (SWC) Voltage [V]","1.8V VOUT Voltage [V]","1.0V VOUT Voltage [V]","VIN Voltage [V]","Total Power [W]","PMIC High Temperature [Yes/No]","PMIC Over Voltage [Yes/No]","PMIC Under Voltage [Yes/No]","Drive Temperature [°C]","Drive Temperature 2 [°C]","Drive Remaining Life [%]","Drive Available Spare [%]","Drive Failure [Yes/No]","Drive Warning [Yes/No]","Total Host Writes [GB]","Total Host Reads [GB]","Drive Temperature [°C]","Drive Temperature 3 [°C]","Drive Remaining Life [%]","Drive Available Spare [%]","Drive Failure [Yes/No]","Drive Warning [Yes/No]","Total Host Writes [GB]","Total Host Reads [GB]","Read Activity [%]","Write Activity [%]","Total Activity [%]","Read Rate [MB/s]","Write Rate [MB/s]","Read Total [MB]","Write Total [MB]","Read Activity [%]","Write Activity [%]","Total Activity [%]","Read Rate [MB/s]","Write Rate [MB/s]","Read Total [MB]","Write Total [MB]","GPU Temperature [°C]","GPU Memory Junction Temperature [°C]","GPU Hot Spot Temperature [°C]","GPU Thermal Limit [°C]","GPU Core Voltage [V]","GPU Rail Voltages (avg) [V]","GPU FBVDD Input Voltage [V]","GPU 12VHPWR Voltage [V]","GPU Power [W]","GPU Rail Powers (avg) [W]","GPU Core (NVVDD) Input Power (sum) [W]","GPU FBVDD Input Power [W]","GPU 12VHPWR Power [W]","GPU PCIe +3.3V Input Power (est) [W]","GPU Input PP Source Power (sum) [W]","GPU Core (NVVDD) Output Power [W]","GPU Core (NVVDD) Output Power [W]","GPU Power Limit (rated) [W]","GPU Power Limit (max) [W]","GPU Clock [MHz]","GPU Memory Clock [MHz]","GPU Video Clock [MHz]","GPU Effective Clock [MHz]","GPU Crossbar Clock [MHz]","GPU Core Load [%]","GPU Memory Controller Load [%]","GPU Video Engine Load [%]","GPU Bus Load [%]","GPU Memory Usage [%]","GPU D3D Usages (avg) [%]","GPU D3D Usage [%]","GPU Video Decode 0 Usage [%]","GPU Video Encode 0 Usage [%]","GPU VR Usage [%]","GPU Performance Limiters (avg) [Yes/No]","Performance Limit - Power [Yes/No]","Performance Limit - Thermal [Yes/No]","Performance Limit - Reliability Voltage [Yes/No]","Performance Limit - Max Operating Voltage [Yes/No]","Performance Limit - Utilization [Yes/No]","Performance Limit - SLI GPUBoost Sync [Yes/No]","PCI Express Error Counters (avg) []","Receiver Errors []","Replay Count []","Replay Rollover Count []","Bad DLLP Count []","Bad TLP Count []","LCRC Error Count []","NAKs Sent Count []","NAKs Received Count []","Recovery Count []","Correctable Error Count []","Non-Fatal Error Count []","Fatal Error Count []","Unsupported Request Count []","PCIe Lane 0 Errors []","PCIe Lane 1 Errors []","PCIe Lane 2 Errors []","PCIe Lane 3 Errors []","PCIe Lane 4 Errors []","PCIe Lane 5 Errors []","PCIe Lane 6 Errors []","PCIe Lane 7 Errors []","PCIe Lane 8 Errors []","PCIe Lane 9 Errors []","PCIe Lane 10 Errors []","PCIe Lane 11 Errors []","PCIe Lane 12 Errors []","PCIe Lane 13 Errors []","PCIe Lane 14 Errors []","PCIe Lane 15 Errors []","GPU Memory Available [MB]","GPU Memory Allocated [MB]","GPU D3D Memory Dedicated [MB]","GPU D3D Memory Dynamic [MB]","PCIe Link Speed [GT/s]","GPU Core Temperature [°C]","iGPU VID [V]","IGPU Power [W]","GPU Clock [MHz]","GPU Memory Clock [MHz]","GPU Total Usage [%]","GPU Computing Usage [%]","GPU Media Engine Usage [%]","GPU D3D Utilizations (avg) [%]","GPU D3D Usage [%]","GPU Video Decode 0 Usage [%]","GPU Video Processing 0 Usage [%]","GPU Copy Engine Usage [%]","GPU Memory Usage [%]","GPU Memory Allocated [MB]","GPU Memory Available [MB]","GPU D3D Memory Dynamic [MB]","GPU Throttle Reasons (avg) [Yes/No]","Avg. Power (PL1) [Yes/No]","Burst Power (PL2) [Yes/No]","Current (PL4) [Yes/No]","Thermal [Yes/No]","Power Supply [Yes/No]","Software Limit [Yes/No]","Hardware Limit [Yes/No]","Battery Voltage [V]","Remaining Capacity [Wh]","Charge Level [%]","Charge Rate [W]","Wear Level [%]","Framerate [FPS]","Framerate 1% Low [FPS]","Framerate 0.1% Low [FPS]","Frame Time [ms]","Framerate Presented (avg) [FPS]","Framerate Presented (99%) [FPS]","Framerate Presented (1%) [FPS]","Framerate Presented (0.1%) [FPS]","Framerate Presented (1% low) [FPS]","Framerate Presented (0.1% low) [FPS]","Framerate Displayed (avg) [FPS]","Framerate Displayed (99%) [FPS]","Framerate Displayed (1%) [FPS]","Framerate Displayed (0.1%) [FPS]","Framerate Displayed (1% low) [FPS]","Framerate Displayed (0.1% low) [FPS]","Frame Time Presented (avg) [ms]","Frame Time Presented (99%) [ms]","Frame Time Presented (1%) [ms]","Frame Time Presented (0.1%) [ms]","Frame Time Displayed (1% high) [ms]","Frame Time Displayed (0.1% high) [ms]","GPU Busy (avg) [ms]","GPU Wait (avg) [ms]","CPU Busy (avg) [ms]","CPU Wait (avg) [ms]","Animation Error (avg) [ms]","Total DL [MB]","Total UP [MB]","Current DL rate [KB/s]","Current UP rate [KB/s]","Total DL [MB]","Total UP [MB]","Current DL rate [KB/s]","Current UP rate [KB/s]","Total Errors []",
9.6.2026,13:29:10.759,16944,31824,34.7,13137,19247,40.5,11.5,16384,1882,0.770,0.770,0.769,0.773,0.768,0.768,0.773,0.767,0.767,0.772,0.772,0.767,0.774,0.774,0.774,0.718,0.786,1638.8,1695.9,1795.6,1795.6,1795.6,1795.6,1795.6,1596.1,1596.1,1695.9,1097.3,1097.3,1695.9,1695.9,1795.6,99.8,1097.3,65.7,30.0,25.4,1.4,102.6,302.6,0.3,7.4,504.7,58.0,0.3,58.2,0.2,33.2,45.6,29.7,112.6,0.4,0.2,0.3,0.7,82.0,2.9,1.0,1.4,0.0,4.1,10.9,0.0,0.0,22.3,0.7,0.7,1.9,0.0,1.9,6.7,1.4,5.4,0.0,0.0,0.0,0.0,22.3,2.9,100.0,2.9,1.3,1.1,0.1,4.4,12.7,0.0,0.6,20.6,2.4,0.0,2.3,0.0,1.9,2.6,1.7,6.2,0.0,0.0,0.0,0.0,2.9,16.4,17.0,18.0,18.0,18.0,18.0,18.0,16.0,16.0,17.0,11.0,11.0,17.0,17.0,18.0,11.0,51,52,51,52,46,50,49,51,51,51,51,51,51,51,51,49,48,49,48,54,50,51,49,49,49,49,49,49,49,49,65,52,No,No,No,No,No,No,No,No,No,No,No,No,No,No,No,No,No,No,No,No,No,No,No,No,No,No,No,No,No,No,No,No,No,No,No,No,No,No,No,No,No,No,No,No,No,No,No,No,68,58,58,1.100,16.031,5.298,0.295,0.001,4.117,0.420,175.0,175.0,175.0,175.0,0,49.2,2.9,1.1,1.5,0.1,4.3,11.2,0.0,0.5,22.7,1.6,0.0,2.0,0.0,2.0,2.4,1.5,6.1,0.0,0.0,0.0,0.0,2.6,2.7,5.1,7.1,11.8,3.6,1.4,1.3,1.4,1.7,0.0,0.0,0.0,0.0,0.0,56.0,0.0,0.0,0.0,1.9,0.0,0.0,96.4,96.0,96.6,93.3,99.9,99.9,99.9,99.9,84.4,93.5,88.5,77.5,57.1,94.1,96.1,2394.1,24.00,36,35,35,68,103,383,2,2,Yes,No,No,No,No,No,No,No,No,No,Yes,No,No,Yes,No,No,No,No,No,No,No,Yes,No,No,No,No,No,Yes,No,No,No,No,No,No,No,Yes,No,No,85.0,2520,1980,2400,55.8,1.110,1.110,1.800,1.815,0.990,5.110,0.625,No,No,No,56.8,1.110,1.110,1.800,1.815,0.990,5.110,1.250,No,No,No,43,43,94.0,100.0,No,No,32155,47955,37,70,99.0,100.0,No,No,1844,3246,3.2,4.4,7.6,1.798,8.131,63562,48760,0.0,0.0,0.0,0.000,0.000,164001,82786,53.0,60.0,60.1,83.0,0.870,20.740,20.740,20.739,21.262,9.627,10.027,8.815,18.852,3.000,11.817,7.237,7.642,100.000,140.000,2175.0,2150.2,1875.0,2175.0,1890.0,5.0,1.0,0.0,0.0,13.9,0.0,0.2,0.0,0.0,0.0,Yes,No,No,No,No,Yes,No,0,0,0,0,0,0,0,0,0,0,0,0,0,0,0,0,0,0,0,0,0,0,0,0,0,0,0,0,0,0,7053,1135,902,87,16.0,57,0.305,6.314,550.0,2394.0,0.1,0.0,0.0,0.0,0.0,0.0,0.0,0.0,1.0,163,16029,163,No,No,No,No,No,No,No,No,16.747,68.277,100.0,0.000,24.1,0,0,0,0.0,164.4,168.2,159.0,158.9,158.9,158.9,164.6,167.6,162.2,162.2,162.2,162.2,6.08,6.29,5.94,5.94,6.30,6.30,0.30,5.78,6.08,0.00,0.19,647,7,2.7,0.5,0,0,0.0,0.0,0,
9.6.2026,13:29:12.766,16956,31811,34.7,13141,19243,40.5,11.5,16384,1882,0.779,0.763,0.770,0.765,0.766,0.776,0.776,0.786,0.786,0.786,0.786,0.786,0.786,0.781,0.786,0.716,0.786,1425.1,1396.6,1795.6,1795.6,1795.6,1895.4,1396.6,1097.3,1097.3,1097.3,1097.3,1097.3,1596.1,1097.3,1695.9,99.8,1097.3,112.7,15.0,90.5,3.1,240.3,812.9,0.4,58.3,851.3,95.2,0.3,23.9,0.2,9.8,16.5,7.1,24.5,2.7,1.2,0.2,0.3,140.6,7.4,0.9,2.5,32.2,7.9,27.1,21.9,21.8,19.5,4.5,0.1,0.5,0.0,0.8,1.8,1.4,2.5,1.8,0.1,0.9,0.9,32.2,7.4,100.0,4.6,0.7,3.8,0.3,10.1,32.7,0.0,2.8,33.8,4.0,0.0,1.0,0.0,0.5,0.9,0.4,1.4,0.2,0.1,0.0,0.0,4.6,14.3,14.0,18.0,18.0,18.0,19.0,14.0,11.0,11.0,11.0,11.0,11.0,16.0,11.0,17.0,11.0,51,52,51,52,47,50,48,51,51,51,51,51,51,52,52,49,48,49,48,53,50,52,49,49,49,49,49,49,48,48,68,52,No,No,No,No,No,No,No,No,No,No,No,No,No,No,No,No,No,No,No,No,No,No,No,No,No,No,No,No,No,No,No,No,No,No,No,No,No,No,No,No,No,No,No,No,No,No,No,No,67,53,58,1.100,16.031,6.564,1.343,0.001,4.230,0.426,175.0,175.0,175.0,175.0,0,23.8,4.0,0.9,3.2,0.2,8.0,27.4,0.0,3.8,28.4,3.7,0.0,1.2,0.0,0.7,1.0,0.5,1.6,0.2,0.1,0.0,0.0,4.7,0.8,15.9,21.6,24.3,2.7,0.0,0.0,0.0,0.0,0.0,0.0,0.0,0.0,0.0,57.2,0.0,0.0,1.1,4.4,0.0,0.0,99.2,98.9,99.4,98.2,99.7,99.8,99.9,99.9,72.3,93.0,72.9,43.6,33.6,92.6,98.2,997.6,10.00,22,15,15,28,103,160,2,2,Yes,No,No,No,No,No,No,No,No,No,Yes,No,No,Yes,No,No,No,No,No,No,No,Yes,No,No,No,No,No,Yes,No,No,No,No,No,No,No,Yes,No,No,85.0,2520,1980,2400,55.8,1.110,1.110,1.800,1.815,1.005,5.110,0.625,No,No,No,56.5,1.110,1.110,1.800,1.815,1.005,5.110,0.625,No,No,No,43,43,94.0,100.0,No,No,32155,47955,37,70,99.0,100.0,No,No,1844,3246,0.1,0.9,1.1,0.004,3.306,63562,48766,0.0,0.0,0.0,0.000,0.000,164001,82786,52.9,58.0,60.0,83.0,0.870,20.777,20.782,20.772,21.120,9.442,9.639,8.770,18.425,3.000,11.773,7.225,7.259,100.000,140.000,2175.0,2150.2,1875.0,2175.0,1890.0,4.0,0.0,0.0,0.0,13.9,0.1,0.3,0.0,0.0,0.0,Yes,No,No,No,No,Yes,No,0,0,0,0,0,0,0,0,0,0,0,0,0,0,0,0,0,0,0,0,0,0,0,0,0,0,0,0,0,0,7053,1135,902,87,16.0,57,0.305,6.738,550.0,2394.0,0.1,0.0,0.0,0.0,0.0,0.0,0.0,0.0,1.0,163,16029,163,No,No,No,No,No,No,No,No,16.746,68.277,100.0,0.000,24.1,0,0,0,0.0,63.5,227.8,8.3,4.7,4.4,4.4,61.9,168.7,8.3,4.7,4.5,4.5,15.75,121.00,4.39,3.78,225.44,225.44,0.39,15.36,15.75,0.00,11.24,647,7,0.0,0.1,0,0,0.0,0.0,0,
9.6.2026,13:29:14.766,16953,31815,34.7,13130,19254,40.5,11.5,16384,1882,0.755,0.760,0.750,0.748,0.753,0.754,0.759,0.750,0.750,0.750,0.764,0.749,0.754,0.754,0.770,0.708,0.786,1489.2,1396.6,1396.6,1396.6,1496.3,1596.1,1596.1,1695.9,1097.3,1695.9,1695.9,1795.6,1097.3,1097.3,1795.6,99.8,798.0,48.7,7.2,9.6,0.6,0.3,417.9,0.4,390.7,0.3,22.7,0.2,2.0,0.2,26.9,0.2,0.2,0.2,74.9,9.7,6.6,3.1,55.0,3.4,0.5,0.8,0.0,0.0,22.8,0.0,19.3,9.2,0.5,0.1,0.2,2.4,2.5,0.1,0.1,0.1,6.2,1.6,0.6,0.3,22.8,3.4,100.0,2.1,0.3,0.4,0.0,0.0,17.5,0.0,16.2,0.0,1.0,0.0,0.1,0.0,1.4,0.0,0.0,0.0,4.1,0.5,0.4,0.2,2.1,14.9,14.0,14.0,14.0,15.0,16.0,16.0,17.0,11.0,17.0,17.0,18.0,11.0,11.0,18.0,8.0,50,52,50,50,47,50,49,51,51,51,51,51,51,51,51,50,48,50,50,53,50,51,49,49,49,49,49,49,49,49,67,52,No,No,No,No,No,No,No,No,No,No,No,No,No,No,No,No,No,No,No,No,No,No,No,No,No,No,No,No,No,No,No,No,No,No,No,No,No,No,No,No,No,No,No,No,No,No,No,No,67,52,58,1.100,0.000,8.571,3.134,0.002,4.283,0.430,175.0,175.0,175.0,175.0,0,30.0,2.8,0.5,0.7,0.0,0.0,23.1,0.0,20.7,0.0,1.3,0.0,0.1,0.0,2.4,0.0,0.0,0.0,6.1,0.8,0.5,0.2,3.5,0.0,0.0,26.6,22.8,0.1,0.1,0.0,0.0,0.0,0.0,0.0,0.0,0.0,0.0,56.4,0.0,0.0,0.0,0.7,0.0,0.0,97.5,100.0,100.0,100.0,93.7,99.1,99.4,99.8,81.8,98.4,99.9,44.0,51.2,97.6,99.6,2394.1,24.00,36,35,35,68,103,383,2,2,Yes,No,No,No,No,No,No,No,No,No,Yes,No,No,Yes,No,No,No,No,No,No,No,Yes,No,No,No,No,No,Yes,No,No,No,No,No,No,No,Yes,No,No,85.0,2520,1980,2400,55.8,1.110,1.110,1.800,1.815,1.005,5.110,0.500,No,No,No,56.5,1.110,1.110,1.800,1.815,1.005,5.110,0.750,No,No,No,43,43,94.0,100.0,No,No,32155,47955,37,70,99.0,100.0,No,No,1844,3246,2.6,3.5,6.1,2.285,8.183,63566,48782,0.0,0.0,0.0,0.000,0.000,164001,82786,52.7,58.0,60.1,83.0,0.870,20.791,20.796,20.785,20.487,9.349,9.385,8.734,18.124,3.000,11.737,7.215,7.246,100.000,140.000,2175.0,2150.2,1875.0,2175.0,1890.0,0.0,0.0,0.0,0.0,13.9,0.1,0.4,0.0,0.0,0.0,Yes,No,No,No,No,Yes,No,0,0,0,0,0,0,0,0,0,0,0,0,0,0,0,0,0,0,0,0,0,0,0,0,0,0,0,0,0,0,7053,1135,902,87,16.0,58,0.305,7.884,550.0,997.0,0.1,0.0,0.0,0.0,0.0,0.0,0.0,0.0,1.0,163,16029,163,No,No,No,No,No,No,No,No,16.748,68.277,100.0,0.000,24.1,0,0,0,0.0,7.4,691.4,3.0,3.0,2.9,2.9,7.9,117.9,3.2,3.1,3.1,3.1,134.46,333.85,1.45,0.37,339.29,339.29,0.32,134.16,134.46,0.00,170.41,647,7,0.2,0.3,0,0,0.0,0.0,0,
9.6.2026,13:29:16.764,19630,29137,40.2,15531,16853,47.9,11.5,16384,1882,1.209,1.219,1.217,1.217,1.197,1.180,1.220,1.220,1.210,1.205,1.210,1.203,1.208,1.210,1.210,1.141,0.788,3021.2,4688.5,4688.5,4888.0,4888.0,4688.5,4688.5,1097.3,3591.2,1097.3,3591.2,1097.3,1097.3,1097.3,1097.3,99.8,4289.5,1021.7,1169.9,847.0,1106.6,785.7,1779.6,1250.8,2545.5,1057.2,1129.6,787.5,1075.5,870.2,711.3,700.0,677.9,682.9,828.1,868.6,774.2,785.5,1073.6,28.0,39.1,14.5,31.7,13.0,48.2,32.8,64.9,13.2,33.8,5.8,31.0,11.2,27.1,24.8,22.2,15.8,34.2,37.4,29.4,30.1,64.9,28.0,100.0,44.7,47.6,32.7,43.9,30.3,70.1,48.1,98.8,40.8,44.4,30.3,41.7,33.5,40.8,39.1,37.3,37.1,45.0,47.4,42.0,42.5,44.7,30.3,47.0,47.0,49.0,49.0,47.0,47.0,11.0,36.0,11.0,36.0,11.0,11.0,11.0,11.0,43.0,55,56,56,56,59,55,49,55,55,55,55,55,55,55,55,45,44,44,44,41,45,51,45,45,45,45,45,45,45,45,70,59,No,No,No,No,No,No,No,No,No,No,No,No,No,No,No,No,No,No,No,No,No,No,No,No,No,No,No,No,No,No,Yes,Yes,Yes,Yes,Yes,Yes,Yes,Yes,Yes,Yes,Yes,Yes,Yes,Yes,Yes,No,No,Yes,70,64,58,1.100,43.876,6.001,0.710,0.001,4.182,0.422,175.0,175.0,175.0,175.0,0,6.3,30.4,38.5,22.2,31.3,20.3,47.4,30.9,63.7,26.4,32.3,20.3,29.5,24.8,25.2,24.1,22.0,21.8,33.3,36.4,29.2,28.8,6.0,10.8,8.0,15.7,6.8,11.0,3.8,3.2,4.5,4.0,4.1,2.4,2.7,4.1,2.2,39.4,0.1,1.0,4.4,5.5,1.0,4.2,66.3,69.7,72.7,73.0,62.3,58.6,65.2,67.6,39.4,41.9,54.7,17.8,14.3,51.8,55.8,2394.1,24.00,36,35,35,68,103,383,2,2,Yes,No,No,No,No,No,No,No,No,Yes,Yes,No,No,Yes,No,No,No,No,No,No,No,Yes,No,No,No,No,No,No,No,No,No,No,No,No,No,No,No,No,83.0,2520,1980,2400,55.8,1.095,1.110,1.800,1.815,1.005,5.110,3.375,No,No,No,56.5,1.095,1.110,1.800,1.815,1.005,5.110,2.750,No,No,No,43,43,94.0,100.0,No,No,32155,47955,37,70,99.0,100.0,No,No,1844,3246,1.8,2.4,4.3,1.956,5.361,63570,48792,0.0,0.0,0.0,0.000,0.000,164001,82786,52.7,58.0,60.0,83.0,0.870,20.580,20.585,20.575,21.084,9.528,9.720,8.852,18.579,3.000,11.859,7.211,7.476,100.000,140.000,2175.0,2150.2,1875.0,2175.0,1890.0,1.0,0.0,0.0,0.0,13.9,0.0,0.0,0.0,0.0,0.0,Yes,No,No,No,No,Yes,No,0,0,0,0,0,0,0,0,0,0,0,0,0,0,0,0,0,0,0,0,0,0,0,0,0,0,0,0,0,0,7047,1141,908,93,16.0,58,0.305,14.840,600.0,2394.0,0.1,0.0,0.0,0.0,0.0,0.0,0.0,0.0,1.0,163,16029,163,No,No,No,No,No,No,No,No,16.746,68.277,100.0,0.000,24.1,0,0,0,0.0,4.5,208.7,2.3,2.3,2.3,2.3,4.0,28.9,2.2,2.2,2.2,2.2,220.35,435.90,4.79,0.83,440.30,440.30,0.18,220.14,220.35,0.00,427.29,647,7,0.1,0.2,0,0,0.0,0.0,0,
9.6.2026,13:29:18.774,19295,29473,39.5,15129,17255,46.7,11.5,16384,1882,1.199,1.208,1.173,1.188,1.208,1.178,1.212,1.206,1.209,1.204,1.204,1.204,1.204,1.203,1.184,1.063,0.783,3797.9,4489.0,4489.0,4489.0,4489.0,4489.0,4489.0,3591.2,3591.2,3591.2,3591.2,3591.2,3591.2,3591.2,1097.3,99.8,3890.5,3004.5,2680.4,3177.0,3290.9,3157.1,3587.6,3185.4,4029.3,3257.2,3483.8,3166.4,3448.0,3228.8,2459.7,2469.1,2514.5,2473.5,2612.8,2713.1,2613.4,2542.9,3100.5,81.6,67.0,79.3,80.0,78.8,90.1,79.2,95.9,82.0,85.8,80.2,86.8,81.7,76.5,77.9,78.0,78.8,84.1,89.1,81.7,80.0,95.9,81.6,100.0,135.5,106.0,124.7,129.1,124.0,141.9,125.2,157.8,128.0,137.1,124.3,135.5,126.8,138.9,141.1,141.4,140.3,147.8,151.5,146.3,142.9,135.5,38.1,45.0,45.0,45.0,45.0,45.0,45.0,36.0,36.0,36.0,36.0,36.0,36.0,36.0,11.0,39.0,65,71,63,65,62,68,63,66,66,66,66,64,64,64,64,35,29,37,35,38,32,37,34,34,34,34,36,36,36,36,71,71,No,No,No,No,No,No,No,No,No,No,No,No,No,No,No,No,No,No,No,No,No,No,No,No,No,No,No,No,No,No,Yes,Yes,Yes,Yes,Yes,Yes,Yes,Yes,Yes,Yes,Yes,Yes,Yes,Yes,Yes,No,No,Yes,70,65,58,1.100,38.813,27.811,21.392,0.001,4.924,0.659,175.0,175.0,175.0,175.0,0,0.0,77.1,64.7,74.7,77.2,74.1,87.1,74.9,93.0,76.4,83.0,74.4,83.9,76.1,71.8,71.7,72.9,71.6,78.4,84.0,76.8,75.1,2.7,4.7,0.2,4.3,1.7,7.1,3.8,0.6,2.2,2.7,2.9,2.1,2.4,2.1,0.7,10.2,0.2,2.0,0.1,0.0,1.2,2.5,20.8,19.9,19.2,19.7,13.4,8.2,16.1,18.9,6.4,10.4,16.4,2.5,0.0,3.7,5.2,2194.6,22.00,32,32,32,62,103,351,2,2,Yes,No,No,No,No,No,No,No,No,Yes,Yes,No,No,Yes,No,No,No,No,No,No,No,Yes,No,No,No,No,No,No,No,No,No,No,No,No,No,No,No,No,85.0,2520,1980,2340,55.8,1.095,1.110,1.800,1.815,1.005,5.110,0.750,No,No,No,56.8,1.095,1.110,1.800,1.815,1.005,5.110,0.750,No,No,No,42,42,94.0,100.0,No,No,32155,47955,37,70,99.0,100.0,No,No,1844,3246,3.5,4.0,7.5,1.137,6.818,63572,48805,0.0,0.0,0.0,0.000,0.000,164001,82786,53.0,60.0,60.2,83.0,0.870,20.603,20.606,20.600,21.007,9.334,9.390,8.675,18.086,3.000,11.691,7.232,7.265,100.000,140.000,2175.0,2150.2,1875.0,2175.0,1890.0,0.0,0.0,0.0,0.0,13.9,0.0,0.1,0.0,0.0,0.0,Yes,No,No,No,No,Yes,No,0,0,0,0,0,0,0,0,0,0,0,0,0,0,0,0,0,0,0,0,0,0,0,0,0,0,0,0,0,0,7047,1141,908,93,16.0,58,0.302,41.142,550.0,2394.0,0.1,0.0,0.0,0.0,0.0,0.0,0.0,0.0,1.0,163,16029,163,No,No,No,No,No,No,No,No,16.746,68.277,100.0,0.000,24.1,0,0,0,0.0,4.5,208.7,2.3,2.3,2.3,2.3,4.0,28.9,2.2,2.2,2.2,2.2,220.35,435.90,4.79,0.83,440.30,440.30,0.18,220.14,220.35,0.00,427.29,647,7,0.0,0.0,0,0,0.0,0.0,0,
9.6.2026,13:29:20.768,21718,27050,44.5,17486,14898,53.9,11.5,16384,1882,0.942,0.947,0.949,0.947,0.946,0.933,0.938,0.936,0.965,0.945,0.944,0.917,0.946,0.938,0.936,0.881,0.783,3220.7,3591.2,3591.2,3591.2,3591.2,3591.2,3591.2,2992.7,2992.7,2992.7,2992.7,2892.9,2892.9,2892.9,2892.9,99.8,2992.7,2576.5,1505.4,2726.9,2737.3,2713.0,3074.9,2743.0,4267.2,2744.1,2861.0,2769.2,2771.9,2735.9,2217.4,2208.8,2223.0,2229.9,2251.5,2238.5,2266.6,2243.9,2658.1,64.7,35.0,63.4,63.5,62.9,72.6,63.5,95.7,63.4,66.9,65.3,64.0,62.9,64.7,63.6,63.6,63.4,65.3,64.5,66.2,63.6,95.7,64.7,100.0,110.9,57.6,104.0,104.2,103.2,117.4,104.1,163.4,104.0,108.7,104.6,104.8,103.2,118.1,117.0,117.0,116.8,118.0,117.4,118.5,116.8,110.9,32.3,36.0,36.0,36.0,36.0,36.0,36.0,30.0,30.0,30.0,30.0,29.0,29.0,29.0,29.0,30.0,64,65,65,67,63,66,64,63,64,66,64,61,62,61,62,36,35,35,33,37,34,36,37,36,34,36,39,38,39,38,70,67,No,No,No,No,No,No,No,No,No,No,No,No,No,No,No,No,No,No,No,No,No,No,No,No,No,No,No,No,No,No,Yes,Yes,Yes,Yes,Yes,Yes,Yes,Yes,Yes,Yes,Yes,Yes,Yes,Yes,Yes,No,No,Yes,70,68,59,1.100,36.282,54.313,48.088,0.001,4.942,0.565,175.0,175.0,175.0,175.0,0,0.0,65.5,34.9,63.3,63.6,63.1,73.0,64.0,95.5,64.1,67.6,66.3,65.1,64.1,65.2,64.1,64.6,64.8,66.6,65.8,67.8,65.6,2.9,2.5,2.5,5.0,3.9,4.5,3.3,2.3,2.4,2.4,2.4,2.4,2.4,2.4,2.4,18.2,0.0,0.0,4.5,0.0,1.9,0.0,29.3,32.3,32.3,32.3,30.3,31.1,29.2,31.5,22.5,33.6,33.4,14.9,0.0,22.4,30.8,2194.6,22.00,32,32,32,62,103,351,2,2,Yes,No,No,No,No,No,No,No,No,Yes,Yes,No,No,Yes,No,No,No,No,No,No,No,Yes,No,No,No,No,No,No,No,No,No,No,No,No,No,No,No,No,84.0,2640,1980,2460,56.0,1.095,1.110,1.815,1.815,1.005,5.110,0.625,No,No,No,56.8,1.095,1.110,1.800,1.815,1.005,5.110,0.500,No,No,No,42,42,94.0,100.0,No,No,32155,47955,37,70,99.0,100.0,No,No,1844,3246,0.5,2.6,3.1,0.022,1.967,63572,48809,0.0,0.0,0.0,0.000,0.000,164001,82786,53.4,58.0,60.8,83.0,0.870,20.601,20.605,20.597,21.103,9.373,9.456,8.695,18.166,3.000,11.712,7.273,7.308,100.000,140.000,2175.0,2150.2,1875.0,2175.0,1890.0,0.0,0.0,0.0,0.0,13.9,0.0,0.0,0.0,0.0,0.0,Yes,No,No,No,No,Yes,No,0,0,0,0,0,0,0,0,0,0,0,0,0,0,0,0,0,0,0,0,0,0,0,0,0,0,0,0,0,0,7047,1141,908,93,16.0,60,0.302,58.971,500.0,2194.0,0.1,0.0,0.0,0.0,0.0,0.0,0.0,0.0,1.0,163,16029,163,No,No,No,No,No,No,No,No,16.747,68.277,100.0,0.000,24.1,0,0,0,0.0,4.5,208.7,2.3,2.3,2.3,2.3,4.0,28.9,2.2,2.2,2.2,2.2,220.35,435.90,4.79,0.83,440.30,440.30,0.18,220.14,220.35,0.00,427.29,647,7,0.3,0.0,0,0,0.0,0.0,0,
9.6.2026,13:29:22.784,21717,27051,44.5,17462,14921,53.9,11.5,16384,1882,0.929,0.948,0.923,0.943,0.953,0.922,0.922,0.925,0.925,0.925,0.925,0.925,0.920,0.924,0.924,0.881,0.783,3163.7,3591.2,3491.5,3591.2,3591.2,3491.5,3491.5,2892.9,2892.9,2892.9,2892.9,2892.9,2793.2,2892.9,2892.9,99.8,2992.7,3278.1,3541.8,3547.4,3548.8,3548.8,3541.3,3548.4,3546.6,3546.3,3547.4,3547.3,3548.3,3547.9,2858.2,2877.4,2870.0,2883.3,2877.9,2878.6,2878.2,2878.7,3378.1,100.0,100.0,100.0,100.0,100.0,100.0,100.0,100.0,100.0,100.0,100.0,100.0,100.0,100.0,100.0,100.0,100.0,100.0,100.0,100.0,100.0,100.0,100.0,100.0,142.2,135.1,135.1,135.0,135.1,135.1,135.1,135.0,135.0,135.1,135.1,135.1,135.1,153.0,153.0,153.0,153.0,152.7,152.7,152.7,152.7,142.2,31.7,36.0,35.0,36.0,36.0,35.0,35.0,29.0,29.0,29.0,29.0,29.0,28.0,29.0,29.0,30.0,66,69,66,69,64,67,66,66,66,66,66,62,64,64,62,34,31,34,31,36,33,34,34,34,34,34,38,36,36,38,71,69,No,No,No,No,No,No,No,No,No,No,No,No,No,No,No,No,No,No,No,No,No,No,No,No,No,No,No,No,No,No,Yes,Yes,Yes,Yes,Yes,Yes,Yes,Yes,Yes,Yes,Yes,Yes,Yes,Yes,Yes,No,No,Yes,72,67,60,1.100,55.688,43.077,36.850,0.001,4.669,0.506,175.0,175.0,175.0,175.0,0,0.0,99.6,99.5,99.7,99.8,99.8,99.6,99.8,99.8,99.8,99.8,99.8,99.8,99.8,98.7,99.4,99.1,99.6,99.6,99.7,99.7,99.7,0.0,0.0,0.0,0.0,0.0,0.0,0.0,0.0,0.0,0.0,0.0,0.0,0.0,0.0,0.0,0.0,0.0,0.0,0.0,0.0,0.0,0.0,0.0,0.0,0.0,0.0,0.0,0.0,0.0,0.0,0.0,0.0,0.0,0.0,0.0,0.0,0.0,2194.6,22.00,32,32,32,62,103,351,2,2,Yes,No,No,No,No,No,No,No,No,Yes,No,No,No,Yes,No,No,No,No,No,No,No,Yes,No,No,No,No,No,No,No,No,No,No,No,No,No,No,No,No,83.0,2880,2040,2700,56.0,1.095,1.110,1.815,1.815,1.005,5.110,2.750,No,No,No,57.0,1.095,1.110,1.815,1.800,1.005,5.110,1.500,No,No,No,42,42,94.0,100.0,No,No,32155,47955,37,70,99.0,100.0,No,No,1844,3246,1.4,2.4,3.9,0.120,4.314,63572,48818,0.0,0.0,0.0,0.000,0.000,164001,82786,53.7,60.0,61.1,83.0,0.870,20.597,20.604,20.590,21.176,9.411,9.531,8.716,18.263,3.000,11.730,7.301,7.334,100.000,140.000,2175.0,2150.2,1875.0,2175.0,1890.0,0.0,0.0,0.0,0.0,13.9,0.0,0.0,0.0,0.0,0.0,Yes,No,No,No,No,Yes,No,0,0,0,0,0,0,0,0,0,0,0,0,0,0,0,0,0,0,0,0,0,0,0,0,0,0,0,0,0,0,7047,1141,908,93,16.0,60,0.302,44.572,550.0,2194.0,0.1,0.0,0.0,0.0,0.0,0.0,0.0,0.0,1.0,163,16029,163,No,No,No,No,No,No,No,No,16.747,68.277,100.0,0.000,24.1,0,0,0,0.0,4.5,208.7,2.3,2.3,2.3,2.3,4.0,28.9,2.2,2.2,2.2,2.2,220.35,435.90,4.79,0.83,440.30,440.30,0.18,220.14,220.35,0.00,427.29,647,7,0.0,0.0,0,0,0.0,0.0,0,
9.6.2026,13:29:24.788,21717,27051,44.5,17474,14910,53.9,11.5,16384,1882,0.962,0.924,0.969,0.948,0.971,0.944,0.956,0.963,0.973,0.973,0.973,0.973,0.953,0.982,0.971,0.858,0.783,3256.3,3491.5,3691.0,3591.2,3691.0,3591.2,3591.2,2992.7,2992.7,2992.7,2992.7,2992.7,2992.7,2992.7,2992.7,99.8,2892.9,3299.0,3563.1,3566.1,3568.7,3569.4,3561.4,3570.5,3568.7,3569.1,3569.7,3570.7,3571.4,3572.0,2883.0,2893.2,2894.2,2902.5,2895.1,2896.2,2897.0,2897.3,3399.6,100.0,100.0,100.0,100.0,100.0,100.0,100.0,100.0,100.0,100.0,100.0,100.0,100.0,100.0,100.0,100.0,100.0,100.0,100.0,100.0,100.0,100.0,100.0,100.0,142.7,135.7,135.7,135.7,135.7,135.7,135.7,135.7,135.7,135.7,135.7,135.7,135.7,153.5,153.5,153.5,153.5,153.1,153.1,153.1,153.1,142.7,32.6,35.0,37.0,36.0,37.0,36.0,36.0,30.0,30.0,30.0,30.0,30.0,30.0,30.0,30.0,29.0,66,69,67,68,66,68,64,66,66,66,66,62,64,63,63,34,31,33,32,34,32,36,34,34,34,34,38,36,37,37,72,69,No,No,No,No,No,No,No,No,No,No,No,No,No,No,No,No,No,No,No,No,No,No,No,No,No,No,No,No,No,No,Yes,Yes,Yes,Yes,Yes,Yes,Yes,Yes,Yes,Yes,Yes,Yes,Yes,Yes,Yes,No,No,Yes,72,68,60,1.100,54.845,60.776,53.840,0.001,5.328,0.725,175.0,175.0,175.0,175.0,0,0.0,99.7,99.6,99.7,99.8,99.8,99.6,99.8,99.8,99.8,99.8,99.8,99.8,99.8,99.0,99.3,99.4,99.7,99.7,99.7,99.7,99.7,0.0,0.0,0.0,0.0,0.0,0.0,0.0,0.0,0.0,0.0,0.0,0.0,0.0,0.0,0.0,0.0,0.0,0.0,0.0,0.0,0.0,0.0,0.0,0.0,0.0,0.0,0.0,0.0,0.0,0.0,0.0,0.0,0.0,0.0,0.0,0.0,0.0,2394.1,24.00,36,35,35,68,103,383,2,2,Yes,No,No,No,No,No,No,No,No,Yes,No,No,No,Yes,No,No,No,No,No,No,No,Yes,No,No,No,No,No,No,No,No,No,No,No,No,No,No,No,No,83.0,3180,2100,2940,56.5,1.095,1.110,1.815,1.815,1.005,5.110,1.500,No,No,No,57.2,1.095,1.110,1.815,1.815,1.005,5.110,2.375,No,No,No,42,42,94.0,100.0,No,No,32155,47955,37,70,99.0,100.0,No,No,1844,3246,0.3,0.3,0.6,0.026,2.074,63572,48822,0.0,0.0,0.0,0.000,0.000,164001,82786,54.0,60.0,61.5,83.0,0.870,20.597,20.604,20.591,21.222,9.470,9.622,8.777,18.408,3.000,11.780,7.335,7.371,100.000,140.000,2175.0,2150.2,1875.0,2175.0,1890.0,1.0,0.0,0.0,0.0,13.9,0.0,0.0,0.0,0.0,0.0,Yes,No,No,No,No,Yes,No,0,0,0,0,0,0,0,0,0,0,0,0,0,0,0,0,0,0,0,0,0,0,0,0,0,0,0,0,0,0,7047,1141,908,93,16.0,61,0.302,58.102,600.0,2194.0,0.1,0.0,0.0,0.0,0.0,0.0,0.0,0.0,1.0,163,16029,163,No,No,No,No,No,No,No,No,16.748,68.277,100.0,0.000,24.1,0,0,0,0.0,4.5,208.7,2.3,2.3,2.3,2.3,4.0,28.9,2.2,2.2,2.2,2.2,220.35,435.90,4.79,0.83,440.30,440.30,0.18,220.14,220.35,0.00,427.29,647,7,0.3,0.0,0,0,0.0,0.0,0,
9.6.2026,13:29:26.791,21717,27051,44.5,17475,14909,53.9,11.5,16384,1882,0.941,0.919,0.934,0.948,0.939,0.944,0.944,0.954,0.953,0.943,0.943,0.944,0.939,0.944,0.926,0.858,0.781,3071.1,3491.5,3591.2,3591.2,3591.2,3591.2,3591.2,2892.9,2892.9,2892.9,2892.9,2892.9,2992.7,2992.7,1097.3,99.8,2892.9,3301.9,3566.0,3571.2,3573.8,3573.4,3566.1,3573.2,3572.0,3571.8,3572.9,3572.0,3572.0,3571.2,2881.0,2891.8,2897.5,2906.4,2901.3,2901.3,2901.7,2902.0,3402.0,100.0,100.0,100.0,100.0,100.0,100.0,100.0,100.0,100.0,100.0,100.0,100.0,100.0,100.0,100.0,100.0,100.0,100.0,100.0,100.0,100.0,100.0,100.0,100.0,143.2,136.0,136.0,136.0,136.0,136.0,136.0,136.0,136.0,136.0,136.0,136.0,136.0,154.1,154.1,154.1,154.1,153.8,153.8,153.8,153.8,143.2,30.8,35.0,36.0,36.0,36.0,36.0,36.0,29.0,29.0,29.0,29.0,29.0,30.0,30.0,11.0,29.0,66,69,67,69,66,70,68,67,66,66,66,64,65,64,64,34,31,33,31,34,30,32,33,34,34,34,36,35,36,36,72,70,No,No,No,No,No,No,No,No,No,No,No,No,No,No,No,No,No,No,No,No,No,No,No,No,No,No,No,No,No,No,Yes,Yes,Yes,Yes,Yes,Yes,Yes,Yes,Yes,Yes,Yes,Yes,Yes,Yes,Yes,No,No,Yes,72,68,61,1.100,45.563,56.884,49.852,0.001,5.392,0.756,175.0,175.0,175.0,175.0,0,0.0,99.6,99.5,99.7,99.8,99.8,99.5,99.7,99.7,99.7,99.8,99.8,99.8,99.8,98.7,99.1,99.3,99.6,99.6,99.6,99.6,99.7,0.0,0.0,0.0,0.0,0.0,0.0,0.0,0.0,0.0,0.0,0.0,0.0,0.0,0.0,0.0,0.0,0.0,0.0,0.0,0.0,0.0,0.0,0.0,0.0,0.0,0.0,0.0,0.0,0.0,0.0,0.0,0.0,0.0,0.0,0.0,0.0,0.0,2394.1,24.00,36,35,35,68,103,383,2,2,Yes,No,No,No,No,No,No,No,No,Yes,No,No,No,Yes,No,No,No,No,No,No,No,Yes,No,No,No,No,No,No,No,No,No,No,No,No,No,No,No,No,83.0,3240,2100,3060,56.8,1.095,1.110,1.815,1.815,1.005,5.110,1.750,No,No,No,57.5,1.095,1.110,1.815,1.815,1.005,5.110,2.500,No,No,No,42,42,94.0,100.0,No,No,32155,47955,37,70,99.0,100.0,No,No,1844,3246,0.3,1.2,1.5,0.012,3.137,63572,48828,0.0,0.0,0.0,0.000,0.000,164001,82786,54.5,60.0,61.8,83.0,0.870,20.604,20.611,20.597,21.238,9.456,9.584,8.719,18.311,3.000,11.732,7.440,7.407,100.000,140.000,2175.0,2150.2,1875.0,2175.0,1890.0,0.0,0.0,0.0,0.0,13.9,0.0,0.0,0.0,0.0,0.0,Yes,No,No,No,No,Yes,No,0,0,0,0,0,0,0,0,0,0,0,0,0,0,0,0,0,0,0,0,0,0,0,0,0,0,0,0,0,0,7047,1141,908,93,16.0,62,0.302,58.820,600.0,2394.0,0.1,0.0,0.0,0.0,0.0,0.0,0.0,0.0,1.0,163,16029,163,No,No,No,No,No,No,No,No,16.748,68.277,100.0,0.000,24.1,0,0,0,0.0,4.5,208.7,2.3,2.3,2.3,2.3,4.0,28.9,2.2,2.2,2.2,2.2,220.35,435.90,4.79,0.83,440.30,440.30,0.18,220.14,220.35,0.00,427.29,647,7,2.1,0.0,0,0,0.0,0.0,0,
9.6.2026,13:29:28.791,21712,27056,44.5,17474,14910,53.9,11.5,16384,1882,0.942,0.975,0.944,0.952,0.923,0.952,0.921,0.948,0.933,0.951,0.914,0.943,0.943,0.943,0.943,0.901,0.783,3056.8,3691.0,3591.2,3591.2,3491.5,3591.2,3491.5,2892.9,1097.3,2892.9,2892.9,2892.9,2892.9,2892.9,2892.9,99.8,3092.4,3298.0,3568.1,3568.3,3569.7,3569.6,3563.9,3570.3,3568.7,3569.3,3569.0,3569.5,3568.8,3570.3,2871.6,2882.9,2887.5,2895.5,2898.5,2899.5,2899.2,2899.3,3397.7,100.0,100.0,100.0,100.0,100.0,100.0,100.0,100.0,100.0,100.0,100.0,100.0,100.0,100.0,100.0,100.0,100.0,100.0,100.0,100.0,100.0,100.0,100.0,100.0,142.8,135.8,135.8,135.8,135.8,135.8,135.8,135.7,135.8,135.7,135.7,135.7,135.8,153.2,153.2,153.2,153.2,153.3,153.4,153.4,153.4,142.8,30.6,37.0,36.0,36.0,35.0,36.0,35.0,29.0,11.0,29.0,29.0,29.0,29.0,29.0,29.0,31.0,66,68,68,69,64,66,68,67,67,67,67,64,64,64,64,34,32,32,31,36,34,32,33,33,33,33,36,36,36,36,72,69,No,No,No,No,No,No,No,No,No,No,No,No,No,No,No,No,No,No,No,No,No,No,No,No,No,No,No,No,No,No,Yes,Yes,Yes,Yes,Yes,Yes,Yes,Yes,Yes,Yes,Yes,Yes,Yes,Yes,Yes,No,No,Yes,72,69,61,1.100,58.220,59.863,52.577,0.002,5.566,0.835,175.0,175.0,175.0,175.0,0,0.0,99.7,99.7,99.7,99.8,99.8,99.6,99.8,99.8,99.8,99.8,99.8,99.8,99.8,98.8,99.2,99.4,99.7,99.7,99.7,99.7,99.7,0.0,0.0,0.0,0.0,0.0,0.0,0.0,0.0,0.0,0.0,0.0,0.0,0.0,0.0,0.0,0.0,0.0,0.0,0.0,0.0,0.0,0.0,0.0,0.0,0.0,0.0,0.0,0.0,0.0,0.0,0.0,0.0,0.0,0.0,0.0,0.0,0.0,2394.1,24.00,36,35,35,68,103,383,2,2,Yes,No,No,No,No,No,No,No,No,Yes,No,No,No,Yes,No,No,No,No,No,No,No,Yes,No,No,No,No,No,No,No,No,No,No,No,No,No,No,No,No,82.0,3360,2160,3120,57.0,1.095,1.110,1.815,1.815,1.005,5.110,1.000,No,No,No,58.0,1.095,1.110,1.815,1.815,1.005,5.110,1.500,No,No,No,42,42,94.0,100.0,No,No,32155,47955,37,70,99.0,100.0,No,No,1844,3246,0.1,0.3,0.5,0.002,1.586,63572,48831,0.0,0.0,0.0,0.000,0.000,164001,82786,54.8,60.0,62.1,83.0,0.870,20.609,20.616,20.603,21.236,9.455,9.599,8.720,18.316,3.000,11.724,7.395,7.432,100.000,140.000,2175.0,2150.2,1875.0,2175.0,1890.0,0.0,0.0,0.0,0.0,13.9,0.0,0.0,0.0,0.0,0.0,Yes,No,No,No,No,Yes,No,0,0,0,0,0,0,0,0,0,0,0,0,0,0,0,0,0,0,0,0,0,0,0,0,0,0,0,0,0,0,7047,1141,908,93,16.0,62,0.302,59.978,550.0,2394.0,0.2,0.0,0.0,0.0,0.0,0.0,0.0,0.0,1.0,163,16029,163,No,No,No,No,No,No,No,No,16.747,68.277,100.0,0.000,24.1,0,0,0,0.0,4.5,208.7,2.3,2.3,2.3,2.3,4.0,28.9,2.2,2.2,2.2,2.2,220.35,435.90,4.79,0.83,440.30,440.30,0.18,220.14,220.35,0.00,427.29,647,7,0.2,0.1,0,0,0.0,0.0,0,
9.6.2026,13:29:30.786,21710,27058,44.5,17469,14915,53.9,11.5,16384,1882,0.942,0.933,0.941,0.939,0.955,0.961,0.961,0.956,0.951,0.951,0.952,0.919,0.918,0.949,0.910,0.861,0.786,3056.8,3491.5,3591.2,3591.2,3591.2,3591.2,3591.2,2892.9,2892.9,2892.9,2892.9,1097.3,2892.9,2892.9,2892.9,99.8,2892.9,3304.4,3568.0,3570.1,3574.4,3571.2,3565.8,3575.0,3570.8,3573.5,3573.2,3574.6,3575.7,3575.2,2881.1,2889.7,2903.2,2907.2,2909.1,2909.8,2909.8,2910.7,3403.0,100.0,99.9,100.0,100.0,99.9,99.9,100.0,99.9,100.0,100.0,100.0,100.0,100.0,99.9,100.0,99.9,100.0,100.0,100.0,100.0,100.0,100.0,100.0,100.0,143.1,135.8,135.9,136.0,135.9,135.9,136.0,135.8,135.9,135.9,135.9,136.0,136.0,153.9,153.9,153.9,153.9,154.0,154.0,154.0,154.0,143.1,30.6,35.0,36.0,36.0,36.0,36.0,36.0,29.0,29.0,29.0,29.0,11.0,29.0,29.0,29.0,29.0,67,71,67,70,66,68,68,67,68,66,66,66,64,65,65,33,29,33,30,34,32,32,33,32,34,34,34,36,35,35,74,71,No,No,No,No,No,No,No,No,No,No,No,No,No,No,No,No,No,No,No,No,No,No,No,No,No,No,No,No,No,No,Yes,Yes,Yes,Yes,Yes,Yes,Yes,Yes,Yes,Yes,Yes,Yes,Yes,Yes,Yes,No,No,Yes,72,69,61,1.100,58.220,59.528,52.397,0.001,5.478,0.782,175.0,175.0,175.0,175.0,0,0.0,99.6,99.6,99.7,99.8,99.7,99.5,99.8,99.7,99.8,99.8,99.8,99.8,99.8,98.7,99.0,99.5,99.6,99.6,99.7,99.7,99.7,0.0,0.0,0.0,0.0,0.0,0.0,0.0,0.1,0.0,0.0,0.0,0.0,0.0,0.0,0.0,0.0,0.0,0.0,0.0,0.0,0.0,0.0,0.0,0.0,0.0,0.0,0.0,0.0,0.0,0.0,0.0,0.0,0.0,0.0,0.0,0.0,0.0,2394.1,24.00,36,35,35,68,103,383,2,2,Yes,No,No,No,No,No,No,No,No,Yes,No,No,No,Yes,No,No,No,No,No,No,No,Yes,No,No,No,No,No,No,No,No,No,No,No,No,No,No,No,No,83.0,3480,2160,3240,57.5,1.095,1.110,1.815,1.815,1.005,5.110,1.250,No,No,No,58.2,1.095,1.110,1.815,1.815,1.005,5.110,1.125,No,No,No,42,42,94.0,100.0,No,No,32155,47955,37,70,99.0,100.0,No,No,1844,3246,0.2,0.7,0.9,0.041,3.207,63573,48837,0.0,0.0,0.0,0.000,0.000,164001,82786,55.1,60.0,62.4,83.0,0.870,20.611,20.617,20.605,21.214,9.468,9.609,8.721,18.338,3.000,11.722,7.425,7.461,100.000,140.000,2175.0,2150.2,1875.0,2175.0,1890.0,1.0,0.0,0.0,0.0,13.9,0.0,0.0,0.0,0.0,0.0,Yes,No,No,No,No,Yes,No,0,0,0,0,0,0,0,0,0,0,0,0,0,0,0,0,0,0,0,0,0,0,0,0,0,0,0,0,0,0,7047,1141,908,92,16.0,62,0.302,60.305,550.0,2394.0,0.1,0.0,0.0,0.0,0.0,0.0,0.0,0.0,1.0,163,16029,163,No,No,No,No,No,No,No,No,16.748,68.277,100.0,0.000,24.1,0,0,0,0.0,4.5,208.7,2.3,2.3,2.3,2.3,4.0,28.9,2.2,2.2,2.2,2.2,220.35,435.90,4.79,0.83,440.30,440.30,0.18,220.14,220.35,0.00,427.29,647,7,0.1,0.1,0,0,0.0,0.0,0,
9.6.2026,13:29:32.783,21712,27056,44.5,17470,14914,53.9,11.5,16384,1882,0.948,0.954,0.947,0.940,0.960,0.949,0.969,0.966,0.950,0.944,0.950,0.942,0.942,0.942,0.916,0.878,0.783,3242.1,3591.2,3591.2,3591.2,3591.2,3591.2,3691.0,2992.7,2992.7,2992.7,2992.7,2992.7,2992.7,2992.7,2793.2,99.8,2992.7,3300.1,3565.1,3566.2,3568.9,3568.5,3558.1,3568.5,3567.4,3567.2,3568.4,3567.2,3570.2,3569.5,2882.1,2891.8,2902.5,2903.4,2904.0,2903.7,2904.8,2905.4,3399.0,100.0,100.0,100.0,100.0,100.0,99.9,100.0,100.0,100.0,100.0,99.9,100.0,100.0,100.0,100.0,100.0,100.0,100.0,99.9,100.0,100.0,100.0,100.0,100.0,142.9,135.7,135.7,135.7,135.7,135.6,135.7,135.7,135.7,135.7,135.7,135.7,135.7,153.7,153.7,153.7,153.7,153.6,153.5,153.6,153.5,142.9,32.5,36.0,36.0,36.0,36.0,36.0,37.0,30.0,30.0,30.0,30.0,30.0,30.0,30.0,28.0,30.0,67,70,68,70,66,68,68,68,66,68,67,65,65,65,65,33,30,32,30,34,32,32,32,34,32,33,35,35,35,35,74,70,No,No,No,No,No,No,No,No,No,No,No,No,No,No,No,No,No,No,No,No,No,No,No,No,No,No,No,No,No,No,Yes,Yes,Yes,Yes,Yes,Yes,Yes,Yes,Yes,Yes,Yes,Yes,Yes,Yes,Yes,No,No,Yes,74,69,62,1.100,57.376,60.704,53.504,0.002,5.508,0.796,175.0,175.0,175.0,175.0,0,0.0,99.6,99.7,99.7,99.8,99.8,99.5,99.8,99.8,99.8,99.8,99.8,99.8,99.8,98.9,99.2,99.5,99.6,99.7,99.7,99.7,99.7,0.0,0.0,0.0,0.0,0.0,0.0,0.0,0.0,0.0,0.0,0.0,0.0,0.0,0.0,0.0,0.0,0.0,0.0,0.0,0.0,0.0,0.0,0.0,0.0,0.0,0.0,0.0,0.0,0.0,0.0,0.0,0.0,0.0,0.0,0.0,0.0,0.0,2194.6,22.00,32,32,32,62,103,351,2,2,Yes,No,No,No,No,No,No,No,No,Yes,No,No,No,Yes,No,No,No,No,No,No,No,Yes,No,No,No,No,No,No,No,No,No,No,No,No,No,No,No,No,84.0,3480,2220,3300,57.8,1.095,1.110,1.800,1.815,1.005,5.110,1.500,No,No,No,58.8,1.095,1.110,1.800,1.815,1.005,5.110,2.125,No,No,No,42,42,94.0,100.0,No,No,32155,47955,37,70,99.0,100.0,No,No,1844,3246,0.3,0.7,1.0,0.058,1.641,63573,48840,0.0,0.0,0.0,0.000,0.000,164001,82786,55.3,58.0,62.7,83.0,0.870,20.614,20.621,20.608,21.234,9.452,9.582,8.681,18.279,3.000,11.686,7.449,7.485,100.000,140.000,2175.0,2150.2,1875.0,2175.0,1890.0,0.0,0.0,0.0,0.0,13.9,0.0,0.0,0.0,0.0,0.0,Yes,No,No,No,No,Yes,No,0,0,0,0,0,0,0,0,0,0,0,0,0,0,0,0,0,0,0,0,0,0,0,0,0,0,0,0,0,0,7047,1141,908,91,16.0,62,0.300,59.492,550.0,2394.0,0.2,0.0,0.0,0.0,0.0,0.0,0.0,0.0,1.0,163,16029,163,No,No,No,No,No,No,No,No,16.746,68.277,100.0,0.000,24.1,0,0,0,0.0,4.5,208.7,2.3,2.3,2.3,2.3,4.0,28.9,2.2,2.2,2.2,2.2,220.35,435.90,4.79,0.83,440.30,440.30,0.18,220.14,220.35,0.00,427.29,647,7,0.4,0.3,0,0,0.0,0.0,0,
9.6.2026,13:29:34.780,21712,27056,44.5,17467,14917,53.9,11.5,16384,1882,0.943,0.943,0.926,0.942,0.937,0.947,0.940,0.948,0.971,0.958,0.942,0.944,0.937,0.944,0.921,0.878,0.781,3192.2,3591.2,3491.5,3491.5,3591.2,3591.2,3591.2,2892.9,2892.9,3092.4,2892.9,2992.7,2793.2,2892.9,2892.9,99.8,2992.7,3302.3,3565.2,3569.1,3569.0,3571.4,3560.9,3571.7,3568.4,3571.1,3570.0,3570.3,3568.8,3566.2,2896.4,2903.8,2905.1,2904.2,2902.7,2904.5,2904.0,2902.7,3402.0,100.0,99.9,100.0,99.9,100.0,99.9,100.0,99.9,100.0,99.9,99.9,99.9,99.9,100.0,100.0,100.0,100.0,100.0,100.0,100.0,100.0,100.0,100.0,100.0,142.9,135.7,135.8,135.7,135.9,135.7,135.8,135.7,135.8,135.8,135.8,135.7,135.7,153.7,153.8,153.8,153.7,153.7,153.7,153.7,153.6,142.9,32.0,36.0,35.0,35.0,36.0,36.0,36.0,29.0,29.0,31.0,29.0,30.0,28.0,29.0,29.0,30.0,68,71,68,70,67,70,65,68,69,68,68,68,66,66,66,32,29,32,30,33,30,35,32,31,32,32,32,34,34,34,74,71,No,No,No,No,No,No,No,No,No,No,No,No,No,No,No,No,No,No,No,No,No,No,No,No,No,No,No,No,No,No,Yes,Yes,Yes,Yes,Yes,Yes,Yes,Yes,Yes,Yes,Yes,Yes,Yes,Yes,Yes,No,No,Yes,74,70,62,1.100,47.251,62.085,54.876,0.001,5.534,0.806,175.0,175.0,175.0,175.0,0,0.0,99.7,99.6,99.7,99.7,99.8,99.5,99.8,99.7,99.8,99.7,99.8,99.8,99.7,99.4,99.6,99.7,99.6,99.6,99.7,99.7,99.7,0.0,0.0,0.0,0.0,0.0,0.0,0.0,0.0,0.0,0.0,0.1,0.0,0.0,0.0,0.0,0.0,0.0,0.0,0.0,0.0,0.0,0.0,0.0,0.0,0.0,0.0,0.0,0.0,0.0,0.0,0.0,0.0,0.0,0.0,0.0,0.0,0.0,2394.1,24.00,36,35,35,68,103,383,2,2,Yes,No,No,No,No,No,No,No,No,Yes,No,No,No,Yes,No,No,No,No,No,No,No,Yes,No,No,No,No,No,No,No,No,No,No,No,No,No,No,No,No,83.0,3480,2220,3360,58.2,1.095,1.110,1.800,1.815,1.005,5.110,1.875,No,No,No,59.0,1.095,1.110,1.800,1.815,1.005,5.110,2.125,No,No,No,42,42,94.0,100.0,No,No,32155,47955,37,70,99.0,100.0,No,No,1844,3246,0.3,2.6,2.9,0.065,2.606,63573,48845,0.0,0.0,0.0,0.000,0.000,164001,82786,55.6,60.0,63.0,83.0,0.870,20.612,20.619,20.606,21.226,9.487,9.637,8.701,18.360,3.000,11.720,7.479,7.510,100.000,140.000,2175.0,2150.2,1875.0,2175.0,1890.0,0.0,0.0,0.0,0.0,13.9,0.0,0.0,0.0,0.0,0.0,Yes,No,No,No,No,Yes,No,0,0,0,0,0,0,0,0,0,0,0,0,0,0,0,0,0,0,0,0,0,0,0,0,0,0,0,0,0,0,7047,1141,908,90,16.0,62,0.302,61.832,550.0,2194.0,0.1,0.0,0.0,0.0,0.0,0.0,0.0,0.0,1.0,163,16029,163,No,No,No,No,No,No,No,No,16.746,68.277,100.0,0.000,24.1,0,0,0,0.0,4.5,208.7,2.3,2.3,2.3,2.3,4.0,28.9,2.2,2.2,2.2,2.2,220.35,435.90,4.79,0.83,440.30,440.30,0.18,220.14,220.35,0.00,427.29,647,7,0.4,0.0,0,0,0.0,0.0,0,
9.6.2026,13:29:36.783,21745,27023,44.5,17476,14908,53.9,11.5,16384,1882,0.936,0.921,0.947,0.919,0.919,0.943,0.955,0.919,0.946,0.925,0.944,0.949,0.944,0.938,0.938,0.858,0.781,3042.6,3491.5,3591.2,3491.5,3491.5,3591.2,3591.2,2892.9,2892.9,2892.9,2892.9,2892.9,1097.3,2892.9,2892.9,99.8,2892.9,3305.3,3558.7,3570.8,3568.3,3570.0,3560.7,3573.3,3571.3,3571.6,3569.2,3571.5,3569.8,3570.0,2903.2,2909.8,2909.6,2911.0,2911.1,2911.8,2911.6,2912.2,3403.7,99.9,99.6,100.0,99.8,99.8,99.8,100.0,99.9,99.9,99.8,99.9,99.8,99.8,99.9,100.0,100.0,100.0,100.0,100.0,100.0,100.0,100.0,99.9,100.0,143.1,135.5,135.9,135.7,135.8,135.7,135.9,135.9,135.9,135.8,135.9,135.8,135.8,154.1,154.1,154.1,154.1,154.1,154.2,154.2,154.2,143.1,30.5,35.0,36.0,35.0,35.0,36.0,36.0,29.0,29.0,29.0,29.0,29.0,11.0,29.0,29.0,29.0,67,70,68,70,67,68,67,67,68,68,68,66,65,65,65,33,30,32,30,33,32,33,33,32,32,32,34,35,35,35,72,70,No,No,No,No,No,No,No,No,No,No,No,No,No,No,No,No,No,No,No,No,No,No,No,No,No,No,No,No,No,No,Yes,Yes,Yes,Yes,Yes,Yes,Yes,Yes,Yes,Yes,Yes,Yes,Yes,Yes,Yes,No,No,Yes,75,69,62,1.100,50.626,57.977,51.169,0.001,5.524,0.800,175.0,175.0,175.0,175.0,0,0.0,99.6,99.4,99.7,99.6,99.6,99.4,99.8,99.7,99.7,99.7,99.7,99.7,99.7,99.4,99.6,99.6,99.7,99.7,99.7,99.7,99.7,0.0,0.0,0.0,0.0,0.0,0.0,0.0,0.0,0.0,0.0,0.0,0.0,0.0,0.0,0.0,0.0,0.0,0.0,0.0,0.0,0.0,0.0,0.0,0.0,0.0,0.0,0.0,0.0,0.0,0.0,0.0,0.0,0.0,0.0,0.0,0.0,0.0,2394.1,24.00,36,35,35,68,103,383,2,2,Yes,No,No,No,No,No,No,No,No,Yes,No,No,No,Yes,No,No,No,No,No,No,No,Yes,No,No,No,No,No,No,No,No,No,No,No,No,No,No,No,No,83.0,3600,2280,3420,58.5,1.095,1.110,1.800,1.815,0.990,5.110,1.375,No,No,No,59.2,1.095,1.110,1.800,1.815,1.005,5.110,2.500,No,No,No,42,42,94.0,100.0,No,No,32155,47955,37,70,99.0,100.0,No,No,1844,3246,0.6,0.9,1.5,0.165,1.040,63573,48847,0.0,0.0,0.0,0.000,0.000,164001,82786,55.9,60.0,63.2,83.0,0.870,20.608,20.614,20.602,21.264,9.526,9.694,8.740,18.459,3.000,11.756,7.499,7.531,100.000,140.000,2175.0,2150.2,1875.0,2175.0,1890.0,0.0,0.0,0.0,0.0,13.9,0.0,0.1,0.0,0.0,0.0,Yes,No,No,No,No,Yes,No,0,0,0,0,0,0,0,0,0,0,0,0,0,0,0,0,0,0,0,0,0,0,0,0,0,0,0,0,0,0,7047,1141,908,92,16.0,62,0.302,58.990,550.0,2394.0,0.1,0.0,0.0,0.0,0.0,0.0,0.0,0.0,1.0,163,16029,163,No,No,No,No,No,No,No,No,16.746,68.277,100.0,0.000,24.1,0,0,0,0.0,1.0,1.0,1.0,1.0,1.0,1.0,1.0,1.0,1.0,1.0,1.0,1.0,977.94,977.94,977.94,977.94,977.94,977.94,0.39,977.53,977.94,0.00,945.75,647,7,3.8,3.1,0,0,0.0,0.0,0,
9.6.2026,13:29:38.783,21740,27028,44.5,17472,14912,53.9,11.5,16384,1882,0.936,0.918,0.916,0.919,0.941,0.941,0.949,0.942,0.915,0.941,0.943,0.943,0.943,0.943,0.947,0.858,0.781,3170.8,3491.5,3491.5,3491.5,3591.2,3591.2,3591.2,2892.9,2892.9,2892.9,2892.9,2892.9,2892.9,2892.9,2892.9,99.8,2892.9,3290.3,3548.7,3548.6,3551.4,3551.5,3544.8,3551.2,3550.7,3550.6,3551.5,3550.9,3551.5,3551.7,2892.5,2899.5,2899.2,2900.4,2902.6,2902.8,2903.1,2903.4,3387.2,100.0,100.0,100.0,100.0,100.0,100.0,100.0,100.0,100.0,100.0,100.0,100.0,100.0,100.0,100.0,100.0,100.0,100.0,100.0,100.0,100.0,100.0,100.0,100.0,142.4,135.0,135.0,135.1,135.1,135.1,135.1,135.0,135.0,135.1,135.1,135.1,135.1,153.4,153.4,153.4,153.4,153.5,153.5,153.5,153.5,142.4,31.8,35.0,35.0,35.0,36.0,36.0,36.0,29.0,29.0,29.0,29.0,29.0,29.0,29.0,29.0,29.0,68,73,69,71,67,70,67,69,69,69,69,66,66,66,66,32,27,31,29,33,30,33,31,31,31,31,34,34,34,34,74,73,No,No,No,No,No,No,No,No,No,No,No,No,No,No,No,No,No,No,No,No,No,No,No,No,No,No,No,No,No,No,Yes,Yes,Yes,Yes,Yes,Yes,Yes,Yes,Yes,Yes,Yes,Yes,Yes,Yes,Yes,No,No,Yes,75,71,63,1.100,59.063,62.008,54.480,0.001,5.473,0.776,175.0,175.0,175.0,175.0,0,0.0,99.7,99.7,99.7,99.8,99.8,99.6,99.8,99.8,99.8,99.8,99.8,99.8,99.8,99.5,99.7,99.7,99.7,99.7,99.7,99.7,99.7,0.0,0.0,0.0,0.0,0.0,0.0,0.0,0.0,0.0,0.0,0.0,0.0,0.0,0.0,0.0,0.0,0.0,0.0,0.0,0.0,0.0,0.0,0.0,0.0,0.0,0.0,0.0,0.0,0.0,0.0,0.0,0.0,0.0,0.0,0.0,0.0,0.0,2394.1,24.00,36,35,35,68,103,383,2,2,Yes,No,No,No,No,No,No,No,No,Yes,No,No,No,Yes,No,No,No,No,No,No,No,Yes,No,No,No,No,No,No,No,No,No,No,No,No,No,No,No,No,83.0,3720,2280,3540,58.8,1.095,1.110,1.800,1.815,0.990,5.110,1.375,No,No,No,59.8,1.095,1.110,1.800,1.815,0.990,5.110,1.250,No,No,No,42,42,94.0,100.0,No,No,32155,47955,37,70,99.0,100.0,No,No,1844,3246,0.3,2.8,3.1,0.034,2.150,63573,48851,0.0,0.0,0.0,0.000,0.000,164001,82786,56.1,60.0,63.4,83.0,0.870,20.619,20.625,20.614,21.233,9.545,9.669,8.786,18.470,3.000,11.804,7.522,7.563,100.000,140.000,2175.0,2150.2,1875.0,2175.0,1890.0,1.0,0.0,0.0,0.0,13.9,0.0,0.0,0.0,0.0,0.0,Yes,No,No,No,No,Yes,No,0,0,0,0,0,0,0,0,0,0,0,0,0,0,0,0,0,0,0,0,0,0,0,0,0,0,0,0,0,0,7047,1141,908,93,16.0,63,0.300,62.843,550.0,2394.0,0.1,0.0,0.0,0.0,0.0,0.0,0.0,0.0,1.0,163,16029,163,No,No,No,No,No,No,No,No,16.748,68.277,100.0,0.000,24.1,0,0,0,0.0,1.0,1.0,1.0,1.0,1.0,1.0,1.0,1.0,1.0,1.0,1.0,1.0,977.94,977.94,977.94,977.94,977.94,977.94,0.39,977.53,977.94,0.00,945.75,647,7,0.3,0.1,0,0,0.0,0.0,0,
9.6.2026,13:29:40.806,21737,27031,44.5,17473,14911,53.9,11.5,16384,1881,0.949,0.948,0.942,0.942,0.948,0.984,0.944,0.953,0.955,0.970,0.946,0.944,0.951,0.939,0.915,0.878,0.783,3234.9,3591.2,3591.2,3591.2,3591.2,3691.0,3591.2,2892.9,2992.7,2992.7,2992.7,2992.7,2992.7,2892.9,2892.9,99.8,2992.7,3317.1,3579.2,3578.3,3582.7,3581.5,3578.2,3585.0,3583.0,3583.6,3583.9,3585.7,3586.2,3586.4,2901.5,2907.8,2916.0,2921.5,2924.8,2925.4,2925.6,2925.7,3415.0,100.0,100.0,99.9,100.0,100.0,100.0,100.0,100.0,100.0,100.0,100.0,100.0,100.0,100.0,100.0,100.0,100.0,100.0,100.0,100.0,100.0,100.0,100.0,100.0,143.6,136.2,136.2,136.2,136.2,136.3,136.3,136.2,136.3,136.2,136.3,136.3,136.3,154.6,154.6,154.6,154.6,154.6,154.6,154.6,154.6,143.6,32.4,36.0,36.0,36.0,36.0,37.0,36.0,29.0,30.0,30.0,30.0,30.0,30.0,29.0,29.0,30.0,68,69,69,73,68,68,69,68,68,68,69,66,68,68,68,32,31,31,27,32,32,31,32,32,32,31,34,32,32,32,75,73,No,No,No,No,No,No,No,No,No,No,No,No,No,No,No,No,No,No,No,No,No,No,No,No,No,No,No,No,No,No,Yes,Yes,Yes,Yes,Yes,Yes,Yes,Yes,Yes,Yes,Yes,Yes,Yes,Yes,Yes,No,No,Yes,75,71,63,1.100,55.688,60.660,53.599,0.001,5.410,0.747,175.0,175.0,175.0,175.0,0,0.0,99.6,99.7,99.7,99.8,99.7,99.6,99.8,99.8,99.8,99.8,99.8,99.8,99.8,98.9,99.1,99.4,99.6,99.7,99.7,99.7,99.7,0.0,0.0,0.0,0.0,0.0,0.0,0.0,0.0,0.0,0.0,0.0,0.0,0.0,0.0,0.0,0.0,0.0,0.0,0.0,0.0,0.0,0.0,0.0,0.0,0.0,0.0,0.0,0.0,0.0,0.0,0.0,0.0,0.0,0.0,0.0,0.0,0.0,2194.6,22.00,32,32,32,62,103,351,2,2,Yes,No,No,No,No,No,No,No,No,Yes,No,No,No,Yes,No,No,No,No,No,No,No,Yes,No,No,No,No,No,No,No,No,No,No,No,No,No,No,No,No,83.0,3840,2340,3600,59.0,1.095,1.110,1.800,1.815,0.990,5.110,2.000,No,No,No,60.0,1.110,1.110,1.800,1.815,0.990,5.110,1.500,No,No,No,42,42,94.0,100.0,No,No,32155,47955,37,70,99.0,100.0,No,No,1844,3246,0.0,1.4,1.4,0.000,1.026,63573,48853,0.0,0.0,0.0,0.000,0.000,164001,82786,56.3,62.0,63.7,83.0,0.870,20.617,20.623,20.611,21.270,9.526,9.680,8.723,18.426,3.000,11.742,7.540,7.573,100.000,140.000,2175.0,2150.2,1875.0,2175.0,1890.0,1.0,0.0,0.0,0.0,13.9,0.0,0.0,0.0,0.0,0.0,Yes,No,No,No,No,Yes,No,0,0,0,0,0,0,0,0,0,0,0,0,0,0,0,0,0,0,0,0,0,0,0,0,0,0,0,0,0,0,7047,1141,908,93,16.0,63,0.300,59.381,600.0,2394.0,0.1,0.0,0.0,0.0,0.0,0.0,0.0,0.0,1.0,163,16029,163,No,No,No,No,No,No,No,No,16.746,68.277,100.0,0.000,24.1,0,0,0,0.0,1.0,1.0,1.0,1.0,1.0,1.0,1.0,1.0,1.0,1.0,1.0,1.0,977.94,977.94,977.94,977.94,977.94,977.94,0.39,977.53,977.94,0.00,945.75,647,7,0.1,0.0,0,0,0.0,0.0,0,
9.6.2026,13:29:42.796,21739,27028,44.5,17473,14911,53.9,11.5,16384,1881,0.955,0.942,0.927,0.937,0.922,0.980,0.976,0.970,0.970,0.955,0.956,0.977,0.968,0.963,0.932,0.878,0.783,3242.1,3591.2,3591.2,3591.2,3491.5,3691.0,3691.0,2992.7,2992.7,2992.7,2992.7,2992.7,2992.7,2992.7,2793.2,99.8,2992.7,3310.2,3571.8,3571.5,3573.8,3573.6,3566.4,3574.0,3573.2,3573.5,3574.5,3574.0,3575.8,3576.3,2904.3,2910.3,2914.6,2915.2,2920.0,2920.4,2920.4,2920.7,3407.7,100.0,100.0,100.0,100.0,100.0,100.0,100.0,100.0,100.0,100.0,100.0,100.0,100.0,100.0,100.0,100.0,100.0,100.0,100.0,100.0,100.0,100.0,100.0,100.0,143.3,135.9,135.9,135.9,135.9,135.9,135.9,135.9,135.9,135.9,135.9,136.0,136.0,154.2,154.2,154.2,154.2,154.5,154.5,154.5,154.5,143.3,32.5,36.0,36.0,36.0,35.0,37.0,37.0,30.0,30.0,30.0,30.0,30.0,30.0,30.0,28.0,30.0,69,71,71,71,68,68,66,70,70,68,68,66,68,68,68,31,29,29,29,32,32,34,30,30,32,32,34,32,32,32,75,71,No,No,No,No,No,No,No,No,No,No,No,No,No,No,No,No,No,No,No,No,No,No,No,No,No,No,No,No,No,No,Yes,Yes,Yes,Yes,Yes,Yes,Yes,Yes,Yes,Yes,Yes,Yes,Yes,Yes,Yes,No,No,Yes,75,71,63,1.100,58.220,60.461,53.093,0.002,5.637,0.857,175.0,175.0,175.0,175.0,0,0.0,99.7,99.7,99.7,99.8,99.8,99.6,99.8,99.8,99.8,99.8,99.8,99.8,99.8,99.3,99.5,99.7,99.7,99.7,99.7,99.7,99.7,0.0,0.0,0.0,0.0,0.0,0.0,0.0,0.0,0.0,0.0,0.0,0.0,0.0,0.0,0.0,0.0,0.0,0.0,0.0,0.0,0.0,0.0,0.0,0.0,0.0,0.0,0.0,0.0,0.0,0.0,0.0,0.0,0.0,0.0,0.0,0.0,0.0,2394.1,24.00,36,35,35,68,103,383,2,2,Yes,No,No,No,No,No,No,No,No,Yes,No,No,No,Yes,No,No,No,No,No,No,No,Yes,No,No,No,No,No,No,No,No,No,No,No,No,No,No,No,No,84.0,3840,2340,3660,59.5,1.110,1.110,1.800,1.815,0.990,5.110,1.875,No,No,No,60.2,1.110,1.110,1.800,1.815,0.990,5.110,2.125,No,No,No,42,42,94.0,100.0,No,No,32155,47955,37,70,99.0,100.0,No,No,1844,3246,0.0,0.7,0.8,0.032,2.294,63573,48857,0.0,0.0,0.0,0.000,0.000,164001,82786,56.5,60.0,63.8,83.0,0.870,20.615,20.621,20.609,21.277,9.526,9.676,8.702,18.383,3.000,11.706,7.562,7.652,100.000,140.000,2175.0,2150.2,1875.0,2175.0,1890.0,1.0,0.0,0.0,0.0,13.9,0.0,0.0,0.0,0.0,0.0,Yes,No,No,No,No,Yes,No,0,0,0,0,0,0,0,0,0,0,0,0,0,0,0,0,0,0,0,0,0,0,0,0,0,0,0,0,0,0,7047,1141,908,93,16.0,63,0.300,61.485,550.0,2194.0,0.2,0.0,0.0,0.0,0.0,0.0,0.0,0.0,1.0,163,16029,163,No,No,No,No,No,No,No,No,16.747,68.277,100.0,0.000,24.1,0,0,0,0.0,1.0,1.0,1.0,1.0,1.0,1.0,1.0,1.0,1.0,1.0,1.0,1.0,977.94,977.94,977.94,977.94,977.94,977.94,0.39,977.53,977.94,0.00,945.75,647,7,0.3,0.0,0,0,0.0,0.0,0,
9.6.2026,13:29:44.802,21742,27026,44.5,17472,14912,53.9,11.5,16384,1881,0.935,0.934,0.926,0.914,0.919,0.939,0.944,0.939,0.909,0.926,0.948,0.951,0.944,0.948,0.943,0.878,0.783,3170.8,3591.2,3491.5,3491.5,3491.5,3591.2,3591.2,2892.9,2892.9,2892.9,2892.9,2892.9,2892.9,2892.9,2892.9,99.8,2992.7,3316.2,3580.6,3579.7,3582.2,3580.9,3574.3,3581.8,3579.4,3580.6,3579.9,3580.1,3577.8,3577.9,2905.9,2912.9,2922.0,2924.6,2925.4,2926.1,2925.3,2926.1,3413.8,100.0,100.0,100.0,100.0,100.0,100.0,100.0,99.9,100.0,100.0,100.0,100.0,100.0,100.0,100.0,100.0,100.0,100.0,100.0,100.0,100.0,100.0,100.0,100.0,143.7,136.2,136.2,136.3,136.2,136.2,136.3,136.2,136.2,136.2,136.3,136.2,136.2,155.0,154.9,155.0,154.9,155.0,155.1,155.0,155.1,143.7,31.8,36.0,35.0,35.0,35.0,36.0,36.0,29.0,29.0,29.0,29.0,29.0,29.0,29.0,29.0,30.0,69,73,69,71,68,71,70,68,68,68,69,66,68,66,68,31,27,31,29,32,29,30,32,32,32,31,34,32,34,32,76,73,No,No,No,No,No,No,No,No,No,No,No,No,No,No,No,No,No,No,No,No,No,No,No,No,No,No,No,No,No,No,Yes,Yes,Yes,Yes,Yes,Yes,Yes,Yes,Yes,Yes,Yes,Yes,Yes,Yes,Yes,No,No,Yes,75,71,64,1.100,54.001,61.293,54.000,0.001,5.578,0.827,175.0,175.0,175.0,175.0,0,0.0,99.7,99.8,99.8,99.8,99.8,99.6,99.8,99.8,99.8,99.8,99.8,99.8,99.8,99.0,99.3,99.6,99.7,99.7,99.7,99.7,99.7,0.0,0.0,0.0,0.0,0.0,0.0,0.0,0.0,0.0,0.0,0.0,0.0,0.0,0.0,0.0,0.0,0.0,0.0,0.0,0.0,0.0,0.0,0.0,0.0,0.0,0.0,0.0,0.0,0.0,0.0,0.0,0.0,0.0,0.0,0.0,0.0,0.0,2394.1,24.00,36,35,35,68,103,383,2,2,Yes,No,No,No,No,No,No,No,No,Yes,No,No,No,Yes,No,No,No,No,No,No,No,Yes,No,No,No,No,No,No,No,No,No,No,No,No,No,No,No,No,82.0,3840,2340,3720,59.8,1.110,1.110,1.800,1.815,0.990,5.110,2.625,No,No,No,60.5,1.110,1.110,1.800,1.815,0.990,5.110,2.000,No,No,No,41,41,94.0,100.0,No,No,32155,47955,37,70,99.0,100.0,No,No,1844,3246,0.5,1.2,1.7,0.384,1.516,63574,48860,0.0,0.0,0.0,0.000,0.000,164001,82786,56.7,62.0,63.9,83.0,0.870,20.619,20.624,20.613,21.221,9.544,9.708,8.724,18.449,3.000,11.740,7.578,7.612,100.000,140.000,2175.0,2150.2,1875.0,2175.0,1890.0,1.0,0.0,0.0,0.0,13.9,0.0,0.0,0.0,0.0,0.0,Yes,No,No,No,No,Yes,No,0,0,0,0,0,0,0,0,0,0,0,0,0,0,0,0,0,0,0,0,0,0,0,0,0,0,0,0,0,0,7047,1141,908,93,16.0,63,0.300,60.723,550.0,2394.0,0.1,0.0,0.0,0.0,0.0,0.0,0.0,0.0,1.0,163,16029,163,No,No,No,No,No,No,No,No,16.746,68.277,100.0,0.000,24.1,0,0,0,0.0,1.0,1.0,1.0,1.0,1.0,1.0,1.0,1.0,1.0,1.0,1.0,1.0,977.94,977.94,977.94,977.94,977.94,977.94,0.39,977.53,977.94,0.00,945.75,647,7,0.0,0.0,0,0,0.0,0.0,0,
9.6.2026,13:29:46.802,21736,27032,44.5,17471,14913,53.9,11.5,16384,1881,0.929,0.932,0.917,0.920,0.922,0.946,0.918,0.922,0.922,0.939,0.919,0.942,0.942,0.919,0.947,0.878,0.781,3163.7,3591.2,3491.5,3491.5,3491.5,3591.2,3491.5,2892.9,2892.9,2892.9,2892.9,2892.9,2892.9,2892.9,2892.9,99.8,2992.7,3319.0,3579.4,3579.9,3583.1,3583.4,3576.4,3582.9,3583.9,3583.6,3584.0,3583.6,3584.1,3583.8,2912.5,2919.4,2924.5,2925.2,2925.5,2928.5,2928.2,2928.8,3416.8,100.0,100.0,100.0,100.0,100.0,100.0,100.0,100.0,100.0,100.0,100.0,100.0,100.0,100.0,100.0,100.0,100.0,100.0,100.0,100.0,100.0,100.0,100.0,100.0,143.7,136.2,136.3,136.3,136.3,136.3,136.2,136.3,136.3,136.2,136.2,136.2,136.2,154.8,154.8,154.8,154.8,154.9,154.9,154.9,154.9,143.7,31.7,36.0,35.0,35.0,35.0,36.0,35.0,29.0,29.0,29.0,29.0,29.0,29.0,29.0,29.0,30.0,69,73,71,71,68,71,69,69,70,69,69,68,68,68,68,31,27,29,29,32,29,31,31,30,31,31,32,32,32,32,76,73,No,No,No,No,No,No,No,No,No,No,No,No,No,No,No,No,No,No,No,No,No,No,No,No,No,No,No,No,No,No,Yes,Yes,Yes,Yes,Yes,Yes,Yes,Yes,Yes,Yes,Yes,Yes,Yes,Yes,Yes,No,No,Yes,75,73,63,1.100,56.532,60.990,53.769,0.001,5.532,0.808,175.0,175.0,175.0,175.0,0,0.0,99.7,99.7,99.7,99.8,99.8,99.6,99.8,99.8,99.8,99.8,99.8,99.8,99.8,99.2,99.5,99.6,99.7,99.6,99.7,99.7,99.7,0.0,0.0,0.0,0.0,0.0,0.0,0.0,0.0,0.0,0.0,0.0,0.0,0.0,0.0,0.0,0.0,0.0,0.0,0.0,0.0,0.0,0.0,0.0,0.0,0.0,0.0,0.0,0.0,0.0,0.0,0.0,0.0,0.0,0.0,0.0,0.0,0.0,2394.1,24.00,36,35,35,68,103,383,2,2,Yes,No,No,No,No,No,No,No,No,Yes,No,No,No,Yes,No,No,No,No,No,No,No,Yes,No,No,No,No,No,No,No,No,No,No,No,No,No,No,No,No,83.0,4020,2340,3780,60.0,1.110,1.110,1.800,1.815,0.990,5.110,1.250,No,No,No,60.8,1.110,1.110,1.800,1.815,0.990,5.110,1.250,No,No,No,41,41,94.0,100.0,No,No,32155,47955,37,70,99.0,100.0,No,No,1844,3246,2.4,1.8,4.1,0.449,1.494,63575,48863,0.0,0.0,0.0,0.000,0.000,164001,82786,56.8,60.0,64.2,83.0,0.870,20.610,20.616,20.604,21.299,9.576,9.752,8.762,18.523,3.000,11.772,7.595,7.630,100.000,140.000,2175.0,2150.2,1875.0,2175.0,1890.0,1.0,0.0,0.0,0.0,13.9,0.0,0.0,0.0,0.0,0.0,Yes,No,No,No,No,Yes,No,0,0,0,0,0,0,0,0,0,0,0,0,0,0,0,0,0,0,0,0,0,0,0,0,0,0,0,0,0,0,7047,1141,908,92,16.0,63,0.300,61.902,600.0,2394.0,0.1,0.0,0.0,0.0,0.0,0.0,0.0,0.0,1.0,163,16029,163,No,No,No,No,No,No,No,No,16.746,68.277,100.0,0.000,24.1,0,0,0,0.0,1.0,1.0,1.0,1.0,1.0,1.0,1.0,1.0,1.0,1.0,1.0,1.0,977.94,977.94,977.94,977.94,977.94,977.94,0.39,977.53,977.94,0.00,945.75,647,7,0.1,0.0,0,0,0.0,0.0,0,
9.6.2026,13:29:48.792,21734,27034,44.5,17455,14928,53.9,11.5,16384,1881,0.952,0.989,1.022,1.003,0.942,0.939,0.942,0.938,0.939,0.920,0.945,0.945,0.938,0.946,0.926,0.898,0.783,3099.6,3691.0,3790.7,3790.7,3591.2,3591.2,3591.2,2892.9,2892.9,2892.9,2892.9,2892.9,2892.9,2892.9,1097.3,99.8,3092.4,3315.5,3577.5,3576.5,3581.0,3579.8,3572.0,3582.5,3582.1,3581.8,3581.5,3583.2,3581.4,3582.9,2898.6,2917.7,2908.9,2922.0,2924.4,2924.1,2926.1,2926.5,3413.1,100.0,100.0,99.9,100.0,99.9,99.9,100.0,100.0,100.0,99.9,100.0,100.0,100.0,100.0,100.0,100.0,100.0,100.0,100.0,100.0,100.0,100.0,100.0,100.0,143.5,136.2,136.1,136.2,136.1,136.1,136.2,136.2,136.2,136.1,136.2,136.1,136.2,154.6,154.6,154.5,154.5,154.6,154.6,154.7,154.7,143.5,31.1,37.0,38.0,38.0,36.0,36.0,36.0,29.0,29.0,29.0,29.0,29.0,29.0,29.0,11.0,31.0,69,70,68,70,70,72,70,69,70,69,70,68,68,68,69,31,30,32,30,30,28,30,31,30,31,30,32,32,32,31,76,72,No,No,No,No,No,No,No,No,No,No,No,No,No,No,No,No,No,No,No,No,No,No,No,No,No,No,No,No,No,No,Yes,Yes,Yes,Yes,Yes,Yes,Yes,Yes,Yes,Yes,Yes,Yes,Yes,Yes,Yes,No,No,Yes,75,71,63,1.100,57.376,59.056,51.685,0.001,5.631,0.846,175.0,175.0,175.0,175.0,0,0.0,99.6,99.7,99.6,99.8,99.7,99.5,99.8,99.8,99.7,99.7,99.8,99.7,99.8,98.8,99.5,99.2,99.6,99.6,99.6,99.7,99.7,0.0,0.0,0.0,0.0,0.0,0.0,0.0,0.0,0.0,0.0,0.0,0.0,0.0,0.0,0.0,0.0,0.0,0.0,0.0,0.0,0.0,0.0,0.0,0.0,0.0,0.0,0.0,0.0,0.0,0.0,0.0,0.0,0.0,0.0,0.0,0.0,0.0,2394.1,24.00,36,35,35,68,103,383,2,2,Yes,No,No,No,No,No,No,No,No,Yes,No,No,No,Yes,No,No,No,No,No,No,No,Yes,No,No,No,No,No,No,No,No,No,No,No,No,No,No,No,No,83.0,4020,2340,3840,60.2,1.110,1.110,1.800,1.815,1.005,5.110,1.625,No,No,No,61.2,1.110,1.110,1.800,1.815,1.005,5.110,1.250,No,No,No,41,41,94.0,100.0,No,No,32155,47955,37,70,99.0,100.0,No,No,1844,3246,4.4,13.0,17.4,2.520,12.299,63580,48886,0.0,0.0,0.0,0.000,0.000,164001,82786,57.0,62.0,64.2,83.0,0.870,20.617,20.623,20.611,21.286,9.513,9.642,8.682,18.324,3.000,11.687,7.610,7.645,100.000,140.000,2175.0,2150.2,1875.0,2175.0,1890.0,1.0,0.0,0.0,0.0,13.9,0.0,0.0,0.0,0.0,0.0,Yes,No,No,No,No,Yes,No,0,0,0,0,0,0,0,0,0,0,0,0,0,0,0,0,0,0,0,0,0,0,0,0,0,0,0,0,0,0,7047,1141,908,91,16.0,63,0.300,56.697,600.0,2394.0,0.1,0.0,0.0,0.0,0.0,0.0,0.0,0.0,1.0,163,16029,163,No,No,No,No,No,No,No,No,16.748,68.277,100.0,0.000,24.1,0,0,0,0.0,1.0,1.0,1.0,1.0,1.0,1.0,1.0,1.0,1.0,1.0,1.0,1.0,977.94,977.94,977.94,977.94,977.94,977.94,0.39,977.53,977.94,0.00,945.75,647,7,0.2,0.2,0,0,0.0,0.0,0,
9.6.2026,13:29:50.801,21741,27026,44.5,17468,14916,53.9,11.5,16384,1881,0.936,0.948,0.947,0.954,0.942,0.918,0.924,0.948,0.948,0.935,0.932,0.915,0.915,0.939,0.942,0.878,0.781,3177.9,3591.2,3591.2,3591.2,3591.2,3491.5,3491.5,2892.9,2892.9,2892.9,2892.9,2892.9,2892.9,2892.9,2892.9,99.8,2992.7,3308.4,3566.6,3565.1,3565.1,3574.5,3557.3,3583.7,3580.3,3582.3,3577.6,3581.9,3579.8,3572.9,2889.4,2897.2,2906.7,2909.4,2915.8,2918.2,2921.9,2921.7,3405.6,99.8,99.6,99.5,99.5,99.7,99.5,100.0,99.9,100.0,99.8,100.0,99.9,99.7,99.8,99.8,100.0,100.0,99.8,99.9,100.0,100.0,100.0,99.8,100.0,143.3,135.7,135.7,135.6,136.0,135.6,136.3,136.2,136.3,136.1,136.3,136.2,135.9,153.9,153.8,154.1,154.1,154.4,154.5,154.7,154.7,143.3,31.9,36.0,36.0,36.0,36.0,35.0,35.0,29.0,29.0,29.0,29.0,29.0,29.0,29.0,29.0,30.0,70,73,69,74,68,70,71,69,69,69,69,68,68,68,68,30,27,31,26,32,30,29,31,31,31,31,32,32,32,32,75,74,No,No,No,No,No,No,No,No,No,No,No,No,No,No,No,No,No,No,No,No,No,No,No,No,No,No,No,No,No,No,Yes,Yes,Yes,Yes,Yes,Yes,Yes,Yes,Yes,Yes,Yes,Yes,Yes,Yes,Yes,No,No,Yes,75,73,63,1.100,54.001,59.355,51.950,0.001,5.669,0.861,175.0,175.0,175.0,175.0,0,0.0,99.5,99.3,99.3,99.3,99.5,99.1,99.8,99.7,99.8,99.7,99.8,99.7,99.5,99.0,99.2,99.5,99.6,99.5,99.6,99.7,99.7,0.1,0.0,0.0,0.0,0.0,0.0,0.0,0.1,0.2,0.0,0.0,0.2,0.1,0.0,0.0,0.0,0.0,0.0,0.0,0.0,0.0,0.0,0.0,0.0,0.0,0.0,0.0,0.0,0.0,0.0,0.0,0.0,0.0,0.0,0.0,0.0,0.0,2194.6,22.00,32,32,32,62,103,351,2,2,Yes,No,No,No,No,No,No,No,No,Yes,No,No,No,Yes,No,No,No,No,No,No,No,Yes,No,No,No,No,No,No,No,No,No,No,No,No,No,No,No,No,84.0,4080,2340,3900,60.5,1.110,1.110,1.800,1.815,1.005,5.110,2.000,No,No,No,61.5,1.110,1.110,1.800,1.815,1.005,5.110,1.250,No,No,No,41,41,94.0,100.0,No,No,32155,47955,37,70,99.0,100.0,No,No,1844,3246,2.9,0.6,3.5,0.092,0.113,63580,48886,0.0,0.0,0.0,0.000,0.000,164001,82786,57.2,62.0,64.5,83.0,0.870,20.613,20.619,20.607,21.335,9.524,9.631,8.701,18.340,3.000,11.706,7.628,7.664,100.000,140.000,2175.0,2150.2,1875.0,2175.0,1890.0,0.0,0.0,0.0,0.0,13.9,0.0,0.0,0.0,0.0,0.0,Yes,No,No,No,No,Yes,No,0,0,0,0,0,0,0,0,0,0,0,0,0,0,0,0,0,0,0,0,0,0,0,0,0,0,0,0,0,0,7047,1141,908,90,16.0,63,0.300,60.327,600.0,2394.0,0.1,0.0,0.0,0.0,0.0,0.0,0.0,0.0,1.0,163,16029,163,No,No,No,No,No,No,No,No,16.749,68.277,100.0,0.000,24.1,0,0,0,0.0,1.0,1.0,1.0,1.0,1.0,1.0,1.0,1.0,1.0,1.0,1.0,1.0,993.88,993.88,993.88,993.88,993.88,993.88,0.37,993.56,993.23,0.65,11.19,647,7,0.8,1.2,0,0,0.0,0.0,0,
9.6.2026,13:29:52.801,21734,27034,44.5,17466,14917,53.9,11.5,16384,1881,0.942,0.944,0.918,0.946,0.949,0.945,0.943,0.920,0.939,0.923,0.913,0.951,0.976,0.983,0.942,0.878,0.783,3213.6,3591.2,3491.5,3591.2,3591.2,3591.2,3591.2,2892.9,2892.9,2892.9,2892.9,2892.9,2992.7,3192.2,2892.9,99.8,2992.7,3283.4,3545.3,3543.7,3541.0,3549.0,3541.3,3550.1,3545.6,3548.0,3533.0,3548.1,3535.4,3549.5,2882.7,2887.5,2894.0,2895.6,2895.0,2890.5,2896.3,2896.0,3380.6,99.9,99.9,99.9,99.7,99.9,99.9,100.0,99.9,100.0,99.6,100.0,99.6,100.0,99.9,99.8,100.0,100.0,100.0,99.9,100.0,99.9,100.0,99.9,100.0,142.2,134.9,134.9,134.7,135.0,135.0,135.1,134.9,135.0,134.4,135.0,134.5,135.0,153.0,153.0,153.2,153.2,153.2,153.0,153.2,153.1,142.2,32.2,36.0,35.0,36.0,36.0,36.0,36.0,29.0,29.0,29.0,29.0,29.0,30.0,32.0,29.0,30.0,70,73,71,71,68,72,70,69,69,70,70,68,66,68,68,30,27,29,29,32,28,30,31,31,30,30,32,34,32,32,76,73,No,No,No,No,No,No,No,No,No,No,No,No,No,No,No,No,No,No,No,No,No,No,No,No,No,No,No,No,No,No,Yes,Yes,Yes,Yes,Yes,Yes,Yes,Yes,Yes,Yes,Yes,Yes,Yes,Yes,Yes,No,No,Yes,76,73,64,1.100,58.220,59.655,52.499,0.001,5.513,0.753,175.0,175.0,175.0,175.0,0,0.0,99.6,99.6,99.6,99.5,99.7,99.5,99.8,99.7,99.8,99.4,99.8,99.4,99.8,99.3,99.4,99.7,99.7,99.7,99.6,99.7,99.6,0.0,0.0,0.0,0.0,0.0,0.0,0.0,0.1,0.2,0.0,0.0,0.0,0.1,0.0,0.1,0.0,0.0,0.0,0.0,0.0,0.0,0.0,0.0,0.0,0.0,0.0,0.0,0.0,0.0,0.0,0.0,0.0,0.0,0.0,0.0,0.0,0.0,2194.6,22.00,32,32,32,62,103,351,2,2,Yes,No,No,No,No,No,No,No,No,Yes,No,No,No,Yes,No,No,No,No,No,No,No,Yes,No,No,No,No,No,No,No,No,No,No,No,No,No,No,No,No,82.0,4080,2400,3960,61.0,1.095,1.110,1.800,1.815,1.005,5.110,1.375,No,No,No,61.8,1.095,1.110,1.800,1.815,1.005,5.110,1.500,No,No,No,41,41,94.0,100.0,No,No,32155,47955,37,70,99.0,100.0,No,No,1844,3246,0.3,1.4,1.7,0.119,0.265,63580,48887,0.0,0.0,0.0,0.000,0.000,164001,82786,57.3,62.0,64.7,83.0,0.870,20.620,20.626,20.615,21.363,9.558,9.655,8.745,18.430,3.000,11.764,7.637,7.673,100.000,140.000,2175.0,2150.2,1875.0,2175.0,1890.0,1.0,0.0,0.0,0.0,13.9,0.0,0.1,0.0,0.0,0.0,Yes,No,No,No,No,Yes,No,0,0,0,0,0,0,0,0,0,0,0,0,0,0,0,0,0,0,0,0,0,0,0,0,0,0,0,0,0,0,7047,1141,908,93,16.0,63,0.300,61.942,600.0,2194.0,0.1,0.0,0.0,0.0,0.0,0.0,0.0,0.0,1.0,163,16029,163,No,No,No,No,No,No,No,No,16.748,68.277,100.0,0.000,24.1,0,0,0,0.0,1.0,1.0,1.0,1.0,1.0,1.0,1.0,1.0,1.0,1.0,1.0,1.0,993.88,993.88,993.88,993.88,993.88,993.88,0.37,993.56,993.23,0.65,11.19,647,7,0.2,0.1,0,0,0.0,0.0,0,
9.6.2026,13:29:54.806,21739,27028,44.5,17473,14911,53.9,11.5,16384,1881,0.939,0.936,0.946,0.945,0.944,0.945,0.925,0.946,0.946,0.943,0.930,0.924,0.934,0.944,0.945,0.858,0.783,3177.9,3491.5,3591.2,3591.2,3591.2,3591.2,3491.5,2892.9,2892.9,2892.9,2892.9,2892.9,2892.9,2892.9,2892.9,99.8,2892.9,3296.0,3564.1,3560.7,3564.6,3566.9,3560.0,3567.6,3566.2,3566.2,3566.6,3567.6,3567.4,3567.5,2870.7,2882.2,2887.7,2893.4,2902.0,2900.5,2899.5,2899.8,3395.0,100.0,100.0,99.9,99.9,100.0,100.0,100.0,100.0,100.0,100.0,100.0,100.0,100.0,99.9,99.9,100.0,99.9,100.0,99.9,99.9,100.0,100.0,100.0,100.0,142.7,135.6,135.5,135.6,135.6,135.6,135.7,135.6,135.6,135.6,135.6,135.6,135.6,153.2,153.2,153.3,153.2,153.5,153.4,153.5,153.5,142.7,31.9,35.0,36.0,36.0,36.0,36.0,35.0,29.0,29.0,29.0,29.0,29.0,29.0,29.0,29.0,29.0,69,71,69,73,70,72,69,69,69,69,69,68,68,68,68,31,29,31,27,30,28,31,31,31,31,31,32,32,32,32,75,73,No,No,No,No,No,No,No,No,No,No,No,No,No,No,No,No,No,No,No,No,No,No,No,No,No,No,No,No,No,No,Yes,Yes,Yes,Yes,Yes,Yes,Yes,Yes,Yes,Yes,Yes,Yes,Yes,Yes,Yes,No,No,Yes,76,74,64,1.100,56.532,61.604,54.333,0.001,5.592,0.779,175.0,175.0,175.0,175.0,0,0.0,99.6,99.8,99.7,99.8,99.8,99.6,99.8,99.8,99.8,99.8,99.8,99.8,99.8,98.8,99.2,99.4,99.6,99.7,99.6,99.7,99.7,0.0,0.0,0.0,0.0,0.0,0.0,0.0,0.0,0.0,0.0,0.1,0.0,0.1,0.1,0.0,0.0,0.0,0.0,0.0,0.0,0.0,0.0,0.0,0.0,0.0,0.0,0.0,0.0,0.0,0.0,0.0,0.0,0.0,0.0,0.0,0.0,0.0,2394.1,24.00,36,35,35,68,103,383,2,2,Yes,No,No,No,No,No,No,No,No,Yes,No,No,No,Yes,No,No,No,No,No,No,No,Yes,No,No,No,No,No,No,No,No,No,No,No,No,No,No,No,No,83.0,4140,2400,4020,61.2,1.095,1.110,1.800,1.815,1.005,5.110,1.375,No,No,No,62.0,1.095,1.110,1.800,1.815,1.005,5.110,2.000,No,No,No,41,41,94.0,100.0,No,No,32155,47955,37,70,99.0,100.0,No,No,1844,3246,0.3,0.9,1.2,0.040,0.091,63580,48887,0.0,0.0,0.0,0.000,0.000,164001,82786,57.4,62.0,64.7,83.0,0.870,20.616,20.621,20.610,21.337,9.577,9.686,8.764,18.467,3.000,11.773,7.655,7.691,100.000,140.000,2175.0,2150.2,1875.0,2175.0,1890.0,1.0,0.0,0.0,0.0,13.9,0.0,0.0,0.0,0.0,0.0,Yes,No,No,No,No,Yes,No,0,0,0,0,0,0,0,0,0,0,0,0,0,0,0,0,0,0,0,0,0,0,0,0,0,0,0,0,0,0,7047,1141,908,93,16.0,64,0.300,58.852,600.0,2194.0,0.1,0.0,0.0,0.0,0.0,0.0,0.0,0.0,1.0,163,16029,163,No,No,No,No,No,No,No,No,16.746,68.277,100.0,0.000,24.1,0,0,0,0.0,1.0,1.0,1.0,1.0,1.0,1.0,1.0,1.0,1.0,1.0,1.0,1.0,993.88,993.88,993.88,993.88,993.88,993.88,0.37,993.56,993.23,0.65,11.19,647,7,0.3,0.0,0,0,0.0,0.0,0,
9.6.2026,13:29:56.803,21736,27032,44.5,17481,14903,53.9,11.5,16384,1881,0.950,0.922,0.968,0.958,0.953,0.958,0.964,0.964,0.974,0.973,0.944,0.926,0.937,0.927,0.937,0.856,0.783,3220.7,3491.5,3591.2,3591.2,3591.2,3591.2,3591.2,2892.9,2892.9,3092.4,2892.9,2992.7,2992.7,2992.7,2892.9,99.8,2892.9,3293.9,3560.7,3562.5,3563.2,3564.6,3558.8,3564.9,3563.8,3564.9,3564.4,3564.6,3563.8,3564.6,2861.2,2873.6,2884.8,2894.1,2899.9,2901.0,2902.0,2901.1,3392.2,100.0,99.9,100.0,99.9,100.0,100.0,100.0,99.9,100.0,100.0,100.0,99.9,100.0,100.0,100.0,100.0,100.0,100.0,100.0,100.0,100.0,100.0,100.0,100.0,142.6,135.5,135.6,135.5,135.6,135.6,135.6,135.5,135.6,135.6,135.6,135.5,135.6,153.1,153.1,153.1,153.2,153.4,153.4,153.4,153.4,142.6,32.3,35.0,36.0,36.0,36.0,36.0,36.0,29.0,29.0,31.0,29.0,30.0,30.0,30.0,29.0,29.0,69,71,68,71,70,71,70,69,69,69,69,68,68,68,68,31,29,32,29,30,29,30,31,31,31,31,32,32,32,32,76,71,No,No,No,No,No,No,No,No,No,No,No,No,No,No,No,No,No,No,No,No,No,No,No,No,No,No,No,No,No,No,Yes,Yes,Yes,Yes,Yes,Yes,Yes,Yes,Yes,Yes,Yes,Yes,Yes,Yes,Yes,No,No,Yes,76,73,64,1.100,54.845,56.368,49.096,0.001,5.609,0.793,175.0,175.0,175.0,175.0,0,0.0,99.6,99.7,99.7,99.8,99.8,99.6,99.8,99.8,99.8,99.8,99.8,99.7,99.8,98.6,99.0,99.4,99.7,99.7,99.7,99.7,99.7,0.0,0.0,0.0,0.0,0.0,0.0,0.0,0.0,0.0,0.0,0.0,0.0,0.0,0.0,0.0,0.0,0.0,0.0,0.0,0.0,0.0,0.0,0.0,0.0,0.0,0.0,0.0,0.0,0.0,0.0,0.0,0.0,0.0,0.0,0.0,0.0,0.0,2194.6,22.00,32,32,32,62,103,351,2,2,Yes,No,No,No,No,No,No,No,No,Yes,No,No,No,Yes,No,No,No,No,No,No,No,Yes,No,No,No,No,No,No,No,No,No,No,No,No,No,No,No,No,83.0,4140,2400,4020,61.5,1.095,1.110,1.800,1.815,1.005,5.110,1.500,No,No,No,62.2,1.095,1.110,1.800,1.815,1.005,5.110,1.625,No,No,No,41,41,94.0,100.0,No,No,32155,47955,37,70,99.0,100.0,No,No,1844,3246,0.2,1.8,2.0,0.055,0.201,63580,48887,0.0,0.0,0.0,0.000,0.000,164001,82786,57.5,62.0,64.8,83.0,0.870,20.615,20.621,20.608,21.357,9.540,9.650,8.702,18.362,3.000,11.707,7.662,7.699,100.000,140.000,2175.0,2150.2,1875.0,2175.0,1890.0,1.0,0.0,0.0,0.0,13.9,0.0,0.0,0.0,0.0,0.0,Yes,No,No,No,No,Yes,No,0,0,0,0,0,0,0,0,0,0,0,0,0,0,0,0,0,0,0,0,0,0,0,0,0,0,0,0,0,0,7047,1141,908,93,16.0,64,0.300,57.483,600.0,2394.0,0.1,0.0,0.0,0.0,0.0,0.0,0.0,0.0,1.0,163,16029,163,No,No,No,No,No,No,No,No,16.747,68.277,100.0,0.000,24.1,0,0,0,0.0,1.0,1.0,1.0,1.0,1.0,1.0,1.0,1.0,1.0,1.0,1.0,1.0,993.88,993.88,993.88,993.88,993.88,993.88,0.37,993.56,993.23,0.65,11.19,647,7,0.0,0.0,0,0,0.0,0.0,0,
9.6.2026,13:29:58.809,21737,27030,44.5,17485,14899,53.9,11.5,16384,1881,0.948,0.944,0.963,0.942,0.948,0.944,0.960,0.941,0.943,0.948,0.948,0.948,0.948,0.943,0.947,0.878,0.783,3063.9,3591.2,3591.2,3591.2,3591.2,3591.2,3591.2,2892.9,2892.9,2892.9,2892.9,2892.9,2892.9,1097.3,2892.9,99.8,2992.7,3294.2,3562.7,3561.5,3563.0,3562.7,3557.7,3564.7,3565.7,3565.1,3564.8,3565.2,3564.4,3564.6,2880.5,2887.1,2891.1,2891.3,2893.3,2892.6,2892.5,2893.3,3394.5,100.0,100.0,100.0,99.9,99.9,100.0,100.0,100.0,100.0,100.0,100.0,100.0,100.0,100.0,100.0,100.0,100.0,100.0,100.0,100.0,100.0,100.0,100.0,100.0,142.5,135.6,135.5,135.5,135.5,135.5,135.6,135.6,135.6,135.6,135.6,135.5,135.5,153.0,153.0,153.0,153.0,153.1,153.1,153.1,153.1,142.5,30.7,36.0,36.0,36.0,36.0,36.0,36.0,29.0,29.0,29.0,29.0,29.0,29.0,11.0,29.0,30.0,70,73,71,71,68,72,70,69,69,69,69,68,68,68,68,30,27,29,29,32,28,30,31,31,31,31,32,32,32,32,76,73,No,No,No,No,No,No,No,No,No,No,No,No,No,No,No,No,No,No,No,No,No,No,No,No,No,No,No,No,No,No,Yes,Yes,Yes,Yes,Yes,Yes,Yes,Yes,Yes,Yes,Yes,Yes,Yes,Yes,Yes,No,No,Yes,76,74,64,1.100,56.532,61.197,53.879,0.001,5.626,0.796,175.0,175.0,175.0,175.0,0,0.0,99.7,99.7,99.7,99.8,99.8,99.6,99.8,99.8,99.8,99.8,99.8,99.8,99.8,99.3,99.6,99.7,99.7,99.7,99.7,99.7,99.7,0.0,0.0,0.0,0.0,0.0,0.0,0.0,0.0,0.0,0.0,0.0,0.0,0.0,0.0,0.0,0.0,0.0,0.0,0.0,0.0,0.0,0.0,0.0,0.0,0.0,0.0,0.0,0.0,0.0,0.0,0.0,0.0,0.0,0.0,0.0,0.0,0.0,2394.1,24.00,36,35,35,68,103,383,2,2,Yes,No,No,No,No,No,No,No,No,Yes,No,No,No,Yes,No,No,No,No,No,No,No,Yes,No,No,No,No,No,No,No,No,No,No,No,No,No,No,No,No,82.0,4260,2400,4020,61.8,1.095,1.110,1.800,1.815,1.005,5.110,1.250,No,No,No,62.5,1.095,1.110,1.800,1.815,1.005,5.110,1.375,No,No,No,41,41,94.0,100.0,No,No,32155,47955,36,70,99.0,100.0,No,No,1844,3246,0.3,0.6,0.8,0.004,0.130,63580,48888,0.0,0.0,0.0,0.000,0.000,164001,82786,57.6,62.0,64.9,83.0,0.870,20.617,20.622,20.612,21.383,9.567,9.670,8.744,18.427,3.000,11.744,7.674,7.710,100.000,140.000,2175.0,2150.2,1875.0,2175.0,1890.0,1.0,0.0,0.0,0.0,13.9,0.0,0.0,0.0,0.0,0.0,Yes,No,No,No,No,Yes,No,0,0,0,0,0,0,0,0,0,0,0,0,0,0,0,0,0,0,0,0,0,0,0,0,0,0,0,0,0,0,7047,1141,908,93,16.0,64,0.300,58.319,600.0,2194.0,0.1,0.0,0.0,0.0,0.0,0.0,0.0,0.0,1.0,163,16029,163,No,No,No,No,No,No,No,No,16.747,68.277,100.0,0.000,24.1,0,0,0,0.0,1.0,1.0,1.0,1.0,1.0,1.0,1.0,1.0,1.0,1.0,1.0,1.0,993.88,993.88,993.88,993.88,993.88,993.88,0.37,993.56,993.23,0.65,11.19,647,7,0.0,0.0,0,0,0.0,0.0,0,
9.6.2026,13:30:0.828,21743,27025,44.5,17496,14888,54.0,11.5,16384,1881,0.930,0.931,0.929,0.935,0.952,0.949,0.919,0.924,0.937,0.930,0.919,0.932,0.924,0.920,0.917,0.858,0.783,3170.8,3491.5,3491.5,3591.2,3591.2,3591.2,3491.5,2892.9,2892.9,2892.9,2892.9,2892.9,2892.9,2892.9,2892.9,99.8,2892.9,3291.3,3562.1,3561.7,3562.2,3562.2,3553.4,3561.2,3562.9,3562.2,3561.6,3565.3,3564.3,3564.9,2862.9,2873.3,2882.9,2888.6,2893.8,2892.5,2894.2,2894.7,3390.7,99.9,100.0,100.0,99.9,99.9,99.9,99.9,100.0,99.9,99.9,100.0,99.9,100.0,99.9,99.9,99.9,99.9,100.0,99.9,100.0,100.0,100.0,99.9,100.0,142.5,135.5,135.5,135.5,135.5,135.4,135.4,135.5,135.5,135.4,135.6,135.5,135.6,152.9,153.0,153.0,152.9,153.1,153.0,153.1,153.1,142.5,31.8,35.0,35.0,36.0,36.0,36.0,35.0,29.0,29.0,29.0,29.0,29.0,29.0,29.0,29.0,29.0,69,74,68,71,68,72,70,69,69,70,69,68,68,68,68,31,26,32,29,32,28,30,31,31,30,31,32,32,32,32,76,74,No,No,No,No,No,No,No,No,No,No,No,No,No,No,No,No,No,No,No,No,No,No,No,No,No,No,No,No,No,No,Yes,Yes,Yes,Yes,Yes,Yes,Yes,Yes,Yes,Yes,Yes,Yes,Yes,Yes,Yes,No,No,Yes,76,74,64,1.100,55.688,57.947,50.717,0.001,5.570,0.770,175.0,175.0,175.0,175.0,0,0.0,99.6,99.7,99.7,99.8,99.8,99.5,99.7,99.8,99.7,99.7,99.8,99.8,99.8,98.7,99.0,99.4,99.6,99.7,99.7,99.7,99.7,0.0,0.0,0.0,0.0,0.0,0.0,0.0,0.1,0.1,0.0,0.1,0.0,0.1,0.0,0.0,0.0,0.0,0.0,0.0,0.0,0.0,0.0,0.0,0.0,0.0,0.0,0.0,0.0,0.0,0.0,0.0,0.0,0.0,0.0,0.0,0.0,0.0,2394.1,24.00,36,35,35,68,103,383,2,2,Yes,No,No,No,No,No,No,No,No,Yes,No,No,No,Yes,No,No,No,No,No,No,No,Yes,No,No,No,No,No,No,No,No,No,No,No,No,No,No,No,No,82.0,4320,2460,4080,62.0,1.095,1.110,1.800,1.815,1.005,5.110,1.625,No,No,No,62.8,1.095,1.110,1.800,1.815,1.005,5.110,1.500,No,No,No,41,41,94.0,100.0,No,No,32155,47955,37,70,99.0,100.0,No,No,1844,3246,0.2,1.0,1.1,0.011,0.115,63580,48888,0.0,0.0,0.0,0.000,0.000,164001,82786,57.7,62.0,65.1,83.0,0.870,20.617,20.623,20.611,21.359,9.551,9.668,8.703,18.385,3.000,11.708,7.678,7.715,100.000,140.000,2175.0,2150.2,1875.0,2175.0,1890.0,1.0,0.0,0.0,0.0,13.9,0.0,0.0,0.0,0.0,0.0,Yes,No,No,No,No,Yes,No,0,0,0,0,0,0,0,0,0,0,0,0,0,0,0,0,0,0,0,0,0,0,0,0,0,0,0,0,0,0,7047,1141,908,92,16.0,64,0.300,60.493,600.0,2394.0,0.1,0.0,0.0,0.0,0.0,0.0,0.0,0.0,1.0,163,16029,163,No,No,No,No,No,No,No,No,16.747,68.277,100.0,0.000,24.1,0,0,0,0.0,1.0,1.0,1.0,1.0,1.0,1.0,1.0,1.0,1.0,1.0,1.0,1.0,993.88,993.88,993.88,993.88,993.88,993.88,0.37,993.56,993.23,0.65,11.19,647,7,0.1,0.0,0,0,0.0,0.0,0,
9.6.2026,13:30:2.851,21733,27034,44.5,17502,14882,54.0,11.5,16384,1881,0.941,0.942,0.943,0.944,0.911,0.922,0.942,0.920,0.941,0.954,0.945,0.963,0.948,0.945,0.955,0.878,0.783,3063.9,3591.2,3591.2,3591.2,3491.5,3491.5,3591.2,2892.9,2892.9,2892.9,2892.9,2892.9,2992.7,2992.7,1097.3,99.8,2992.7,3286.0,3555.5,3555.1,3556.9,3555.9,3550.0,3557.0,3555.3,3556.1,3557.1,3556.9,3555.9,3556.0,2860.7,2869.9,2878.1,2887.2,2887.7,2888.2,2889.2,2890.2,3385.2,100.0,100.0,100.0,100.0,100.0,100.0,100.0,99.9,100.0,100.0,100.0,100.0,100.0,100.0,100.0,100.0,100.0,100.0,100.0,100.0,100.0,100.0,100.0,100.0,142.3,135.3,135.3,135.3,135.2,135.2,135.3,135.2,135.3,135.3,135.3,135.2,135.2,152.8,152.8,152.8,152.8,152.8,152.8,152.8,152.8,142.3,30.7,36.0,36.0,36.0,35.0,35.0,36.0,29.0,29.0,29.0,29.0,29.0,30.0,30.0,11.0,30.0,70,73,71,71,68,71,71,69,69,69,69,68,68,68,68,30,27,29,29,32,29,29,31,31,31,31,32,32,32,32,76,73,No,No,No,No,No,No,No,No,No,No,No,No,No,No,No,No,No,No,No,No,No,No,No,No,No,No,No,No,No,No,Yes,Yes,Yes,Yes,Yes,Yes,Yes,Yes,Yes,Yes,Yes,Yes,Yes,Yes,Yes,No,No,Yes,76,74,64,1.100,44.719,57.896,50.707,0.001,5.560,0.750,175.0,175.0,175.0,175.0,0,0.0,99.7,99.8,99.7,99.8,99.8,99.6,99.8,99.8,99.8,99.8,99.8,99.8,99.8,98.8,99.1,99.4,99.7,99.7,99.7,99.7,99.7,0.0,0.0,0.0,0.0,0.0,0.0,0.0,0.0,0.0,0.0,0.0,0.0,0.0,0.0,0.0,0.0,0.0,0.0,0.0,0.0,0.0,0.0,0.0,0.0,0.0,0.0,0.0,0.0,0.0,0.0,0.0,0.0,0.0,0.0,0.0,0.0,0.0,2394.1,24.00,36,35,35,68,103,383,2,2,Yes,No,No,No,No,No,No,No,No,Yes,No,No,No,Yes,No,No,No,No,No,No,No,Yes,No,No,No,No,No,No,No,No,No,No,No,No,No,No,No,No,83.0,4320,2460,4080,62.0,1.095,1.110,1.800,1.815,1.005,5.110,2.250,No,No,No,62.8,1.095,1.110,1.800,1.815,1.005,5.110,2.125,No,No,No,41,41,94.0,100.0,No,No,32155,47955,36,70,99.0,100.0,No,No,1844,3246,0.2,0.7,1.0,0.103,0.058,63580,48888,0.0,0.0,0.0,0.000,0.000,164001,82786,57.8,62.0,65.1,83.0,0.870,20.620,20.626,20.615,21.346,9.563,9.687,8.704,18.409,3.000,11.721,7.691,7.726,100.000,140.000,2175.0,2150.2,1875.0,2175.0,1890.0,1.0,0.0,0.0,0.0,13.9,0.0,0.1,0.0,0.0,0.0,Yes,No,No,No,No,Yes,No,0,0,0,0,0,0,0,0,0,0,0,0,0,0,0,0,0,0,0,0,0,0,0,0,0,0,0,0,0,0,7047,1141,908,93,16.0,65,0.300,60.271,550.0,2394.0,0.1,0.0,0.0,0.0,0.0,0.0,0.0,0.0,1.0,163,16029,163,No,No,No,No,No,No,No,No,16.749,68.277,100.0,0.000,24.1,0,0,0,0.0,1.0,1.0,1.0,1.0,1.0,1.0,1.0,1.0,1.0,1.0,1.0,1.0,993.88,993.88,993.88,993.88,993.88,993.88,0.37,993.56,993.23,0.65,11.19,647,7,0.0,0.2,0,0,0.0,0.0,0,
9.6.2026,13:30:4.843,21741,27026,44.5,17520,14864,54.1,11.5,16384,1881,0.932,0.919,0.947,0.927,0.927,0.927,0.907,0.907,0.927,0.971,0.971,0.965,0.916,0.919,0.922,0.876,0.778,3170.8,3591.2,3591.2,3591.2,3591.2,3591.2,3491.5,2892.9,2892.9,2892.9,2892.9,2992.7,2793.2,2793.2,2793.2,99.8,2992.7,3298.4,3566.0,3565.6,3567.9,3570.1,3566.4,3572.2,3567.5,3569.5,3567.6,3569.8,3571.4,3572.3,2873.3,2879.2,2892.2,2894.9,2900.6,2900.3,2900.5,2900.1,3397.9,100.0,99.9,100.0,99.9,100.0,100.0,100.0,99.9,100.0,100.0,100.0,100.0,100.0,100.0,100.0,100.0,100.0,100.0,100.0,100.0,100.0,100.0,100.0,100.0,142.8,135.7,135.7,135.7,135.8,135.8,135.8,135.7,135.7,135.6,135.7,135.8,135.8,153.2,153.2,153.2,153.2,153.4,153.4,153.4,153.4,142.8,31.8,36.0,36.0,36.0,36.0,36.0,35.0,29.0,29.0,29.0,29.0,30.0,28.0,28.0,28.0,30.0,71,75,72,74,71,72,71,70,70,70,70,69,68,68,68,29,25,28,26,29,28,29,30,30,30,30,31,32,32,32,76,75,No,No,No,No,No,No,No,No,No,No,No,No,No,No,No,No,No,No,No,No,No,No,No,No,No,No,No,No,No,No,Yes,Yes,Yes,Yes,Yes,Yes,Yes,Yes,Yes,Yes,Yes,Yes,Yes,Yes,Yes,No,No,Yes,76,74,65,1.100,54.001,61.017,53.740,0.002,5.612,0.774,175.0,175.0,175.0,175.0,0,0.0,99.7,99.7,99.7,99.7,99.8,99.7,99.8,99.7,99.8,99.8,99.8,99.8,99.8,98.9,99.1,99.6,99.7,99.7,99.7,99.7,99.7,0.0,0.0,0.0,0.0,0.0,0.0,0.0,0.0,0.0,0.0,0.0,0.0,0.0,0.0,0.0,0.0,0.0,0.0,0.0,0.0,0.0,0.0,0.0,0.0,0.0,0.0,0.0,0.0,0.0,0.0,0.0,0.0,0.0,0.0,0.0,0.0,0.0,2394.1,24.00,36,35,35,68,103,383,2,2,Yes,No,No,No,No,No,No,No,No,Yes,No,No,No,Yes,No,No,No,No,No,No,No,Yes,No,No,No,No,No,No,No,No,No,No,No,No,No,No,No,No,82.0,4320,2460,4080,62.2,1.095,1.110,1.800,1.815,1.005,5.110,2.000,No,No,No,63.0,1.095,1.110,1.800,1.815,1.005,5.110,1.500,No,No,No,41,41,94.0,100.0,No,No,32155,47955,37,70,99.0,100.0,No,No,1844,3246,0.0,1.1,1.1,0.004,0.017,63580,48888,0.0,0.0,0.0,0.000,0.000,164001,82786,57.9,62.0,65.2,83.0,0.870,20.615,20.620,20.609,21.401,9.669,9.807,8.846,18.672,3.000,11.861,7.767,7.733,100.000,140.000,2175.0,2150.2,1875.0,2175.0,1890.0,0.0,0.0,0.0,0.0,13.9,0.0,0.0,0.0,0.0,0.0,Yes,No,No,No,No,Yes,No,0,0,0,0,0,0,0,0,0,0,0,0,0,0,0,0,0,0,0,0,0,0,0,0,0,0,0,0,0,0,7047,1141,908,93,16.0,64,0.300,57.983,600.0,2394.0,0.2,0.0,0.0,0.0,0.0,0.0,0.0,0.0,1.0,163,16029,163,No,No,No,No,No,No,No,No,16.748,68.277,100.0,0.000,24.1,0,0,0,0.0,1.0,1.0,1.0,1.0,1.0,1.0,1.1,1.1,1.1,1.1,1.1,1.1,995.87,995.87,995.87,995.87,995.87,995.87,0.49,995.47,995.87,0.00,931.30,647,7,0.4,0.1,0,0,0.0,0.0,0,
9.6.2026,13:30:6.847,21714,27054,44.5,17518,14866,54.0,11.5,16384,1881,0.937,0.943,0.943,0.942,0.921,0.944,0.921,0.943,0.942,0.921,0.943,0.947,0.924,0.932,0.945,0.876,0.783,2921.4,3591.2,3591.2,3591.2,3491.5,3591.2,3491.5,2892.9,2892.9,2892.9,1097.3,2892.9,2892.9,1097.3,2892.9,99.8,2992.7,3285.9,3551.9,3552.8,3556.1,3555.6,3549.0,3555.0,3554.8,3554.2,3554.5,3554.1,3555.9,3555.3,2866.9,2876.8,2886.1,2889.4,2886.8,2887.2,2887.7,2888.7,3385.5,100.0,100.0,100.0,100.0,100.0,100.0,100.0,100.0,100.0,100.0,100.0,100.0,100.0,100.0,100.0,100.0,100.0,100.0,100.0,100.0,100.0,100.0,100.0,100.0,142.3,135.2,135.2,135.3,135.3,135.3,135.3,135.2,135.2,135.2,135.2,135.3,135.3,153.0,153.0,153.0,153.0,152.9,152.9,152.9,152.9,142.3,29.3,36.0,36.0,36.0,35.0,36.0,35.0,29.0,29.0,29.0,11.0,29.0,29.0,11.0,29.0,30.0,70,75,69,73,68,72,70,70,70,69,70,68,68,69,68,30,25,31,27,32,28,30,30,30,31,30,32,32,31,32,76,75,No,No,No,No,No,No,No,No,No,No,No,No,No,No,No,No,No,No,No,No,No,No,No,No,No,No,No,No,No,No,Yes,Yes,Yes,Yes,Yes,Yes,Yes,Yes,Yes,Yes,Yes,Yes,Yes,Yes,Yes,No,No,Yes,76,74,64,1.100,56.532,59.260,52.043,0.002,5.572,0.743,175.0,175.0,175.0,175.0,0,0.0,99.7,99.7,99.7,99.8,99.8,99.6,99.8,99.8,99.8,99.8,99.8,99.8,99.8,98.8,99.2,99.5,99.6,99.6,99.7,99.7,99.7,0.0,0.0,0.0,0.0,0.0,0.0,0.0,0.0,0.0,0.0,0.0,0.0,0.0,0.0,0.0,0.0,0.0,0.0,0.0,0.0,0.0,0.0,0.0,0.0,0.0,0.0,0.0,0.0,0.0,0.0,0.0,0.0,0.0,0.0,0.0,0.0,0.0,2394.1,24.00,36,35,35,68,103,383,2,2,Yes,No,No,No,No,No,No,No,No,Yes,No,No,No,Yes,No,No,No,No,No,No,No,Yes,No,No,No,No,No,No,No,No,No,No,No,No,No,No,No,No,83.0,4320,2460,4140,62.5,1.095,1.110,1.800,1.815,1.005,5.110,1.500,No,No,No,63.2,1.095,1.110,1.800,1.815,1.005,5.110,1.625,No,No,No,41,41,94.0,100.0,No,No,32155,47955,37,70,99.0,100.0,No,No,1844,3246,0.7,0.7,1.4,0.126,0.064,63581,48888,0.0,0.0,0.0,0.000,0.000,164001,82786,58.0,62.0,65.3,83.0,0.870,20.615,20.621,20.609,21.358,9.587,9.736,8.723,18.466,3.000,11.735,7.710,7.743,100.000,140.000,2175.0,2150.2,1875.0,2175.0,1890.0,0.0,0.0,0.0,0.0,13.9,0.0,0.0,0.0,0.0,0.0,Yes,No,No,No,No,Yes,No,0,0,0,0,0,0,0,0,0,0,0,0,0,0,0,0,0,0,0,0,0,0,0,0,0,0,0,0,0,0,7047,1141,908,93,16.0,64,0.300,60.148,550.0,2394.0,0.2,0.0,0.0,0.0,0.0,0.0,0.0,0.0,1.0,163,16029,163,No,No,No,No,No,No,No,No,16.746,68.277,100.0,0.000,24.1,0,0,0,0.0,1.0,1.0,1.0,1.0,1.0,1.0,1.1,1.1,1.1,1.1,1.1,1.1,995.87,995.87,995.87,995.87,995.87,995.87,0.49,995.47,995.87,0.00,931.30,647,7,4.0,3.9,0,0,0.0,0.0,0,
9.6.2026,13:30:8.842,21713,27055,44.5,17525,14859,54.1,11.5,16384,1881,0.928,0.940,0.926,0.943,0.921,0.946,0.921,0.941,0.942,0.909,0.930,0.928,0.915,0.915,0.915,0.876,0.778,3042.6,3591.2,3491.5,3591.2,3491.5,3591.2,3491.5,2892.9,2892.9,1097.3,2892.9,2892.9,2892.9,2892.9,2892.9,99.8,2992.7,3291.3,3559.5,3559.5,3562.0,3561.8,3556.2,3562.5,3562.2,3561.8,3561.2,3561.4,3561.5,3561.4,2867.6,2875.9,2882.4,2886.2,2895.4,2895.3,2895.9,2896.1,3390.2,100.0,100.0,100.0,100.0,100.0,100.0,100.0,100.0,100.0,100.0,100.0,100.0,100.0,100.0,100.0,100.0,100.0,100.0,100.0,100.0,100.0,100.0,100.0,100.0,142.5,135.4,135.4,135.4,135.4,135.4,135.5,135.5,135.5,135.4,135.4,135.4,135.4,152.8,152.8,152.8,152.8,153.2,153.2,153.2,153.2,142.5,30.5,36.0,35.0,36.0,35.0,36.0,35.0,29.0,29.0,11.0,29.0,29.0,29.0,29.0,29.0,30.0,70,75,71,74,71,72,70,70,70,70,70,68,68,68,68,30,25,29,26,29,28,30,30,30,30,30,32,32,32,32,76,75,No,No,No,No,No,No,No,No,No,No,No,No,No,No,No,No,No,No,No,No,No,No,No,No,No,No,No,No,No,No,Yes,Yes,Yes,Yes,Yes,Yes,Yes,Yes,Yes,Yes,Yes,Yes,Yes,Yes,Yes,No,No,Yes,76,74,64,1.100,54.845,60.648,53.319,0.002,5.649,0.797,175.0,175.0,175.0,175.0,0,0.0,99.7,99.8,99.8,99.8,99.8,99.6,99.8,99.8,99.8,99.8,99.8,99.8,99.8,99.0,99.3,99.5,99.6,99.7,99.7,99.7,99.7,0.0,0.0,0.0,0.0,0.0,0.0,0.0,0.0,0.0,0.0,0.0,0.0,0.0,0.0,0.0,0.0,0.0,0.0,0.0,0.0,0.0,0.0,0.0,0.0,0.0,0.0,0.0,0.0,0.0,0.0,0.0,0.0,0.0,0.0,0.0,0.0,0.0,2394.1,24.00,36,35,35,68,103,383,2,2,Yes,No,No,No,No,No,No,No,No,Yes,No,No,No,Yes,No,No,No,No,No,No,No,Yes,No,No,No,No,No,No,No,No,No,No,No,No,No,No,No,No,83.0,4320,2460,4080,62.8,1.095,1.110,1.800,1.815,1.005,5.110,2.000,No,No,No,63.5,1.095,1.110,1.800,1.815,1.005,5.110,1.375,No,No,No,41,41,94.0,100.0,No,No,32155,47955,37,70,99.0,100.0,No,No,1844,3246,0.3,1.1,1.3,0.030,0.043,63581,48888,0.0,0.0,0.0,0.000,0.000,164001,82786,58.1,64.0,65.4,83.0,0.870,20.623,20.628,20.618,21.293,9.572,9.710,8.705,18.412,3.000,11.707,7.718,7.750,100.000,140.000,2175.0,2150.2,1875.0,2175.0,1890.0,0.0,0.0,0.0,0.0,13.9,0.0,0.0,0.0,0.0,0.0,Yes,No,No,No,No,Yes,No,0,0,0,0,0,0,0,0,0,0,0,0,0,0,0,0,0,0,0,0,0,0,0,0,0,0,0,0,0,0,7047,1141,908,93,16.0,64,0.300,61.684,600.0,2394.0,0.2,0.0,0.0,0.0,0.0,0.0,0.0,0.0,1.0,163,16029,163,No,No,No,No,No,No,No,No,16.747,68.277,100.0,0.000,24.1,0,0,0,0.0,1.0,1.0,1.0,1.0,1.0,1.0,1.1,1.1,1.1,1.1,1.1,1.1,995.87,995.87,995.87,995.87,995.87,995.87,0.49,995.47,995.87,0.00,931.30,647,7,0.0,0.0,0,0,0.0,0.0,0,
9.6.2026,13:30:10.855,21711,27057,44.5,17527,14857,54.1,11.5,16384,1881,0.937,0.922,0.944,0.917,0.937,0.909,0.921,0.942,0.941,0.941,0.941,0.910,0.944,0.983,0.965,0.858,0.783,3177.9,3491.5,3591.2,3491.5,3591.2,3491.5,3491.5,2892.9,2892.9,2892.9,2892.9,2892.9,2892.9,2992.7,2992.7,99.8,2892.9,3286.2,3552.7,3551.8,3553.6,3554.7,3548.8,3555.3,3554.0,3554.4,3554.1,3555.2,3555.8,3555.5,2866.7,2875.0,2887.7,2890.0,2889.2,2889.6,2889.6,2890.5,3385.3,100.0,100.0,100.0,99.9,100.0,100.0,100.0,100.0,100.0,100.0,100.0,100.0,100.0,100.0,100.0,100.0,100.0,100.0,100.0,100.0,100.0,100.0,100.0,100.0,142.3,135.2,135.2,135.1,135.2,135.2,135.2,135.2,135.2,135.2,135.2,135.2,135.2,153.0,153.0,153.0,153.0,152.9,152.9,152.8,152.9,142.3,31.9,35.0,36.0,35.0,36.0,35.0,35.0,29.0,29.0,29.0,29.0,29.0,29.0,30.0,30.0,29.0,70,74,71,73,70,71,70,70,70,69,69,69,68,68,68,30,26,29,27,30,29,30,30,30,31,31,31,32,32,32,76,74,No,No,No,No,No,No,No,No,No,No,No,No,No,No,No,No,No,No,No,No,No,No,No,No,No,No,No,No,No,No,Yes,Yes,Yes,Yes,Yes,Yes,Yes,Yes,Yes,Yes,Yes,Yes,Yes,Yes,Yes,No,No,Yes,76,75,64,1.100,55.688,60.916,53.637,0.001,5.619,0.773,175.0,175.0,175.0,175.0,0,0.0,99.7,99.7,99.7,99.8,99.8,99.6,99.8,99.8,99.8,99.8,99.8,99.8,99.8,98.8,99.1,99.6,99.6,99.7,99.7,99.7,99.7,0.0,0.0,0.0,0.0,0.0,0.0,0.0,0.0,0.0,0.0,0.0,0.0,0.0,0.0,0.0,0.0,0.0,0.0,0.0,0.0,0.0,0.0,0.0,0.0,0.0,0.0,0.0,0.0,0.0,0.0,0.0,0.0,0.0,0.0,0.0,0.0,0.0,2394.1,24.00,36,35,35,68,103,383,2,2,Yes,No,No,No,No,No,No,No,No,Yes,No,No,No,Yes,No,No,No,No,No,No,No,Yes,No,No,No,No,No,No,No,No,No,No,No,No,No,No,No,No,83.0,4320,2460,4080,63.0,1.095,1.110,1.800,1.800,1.005,5.110,0.750,No,No,No,63.5,1.095,1.110,1.800,1.815,1.005,5.110,1.375,No,No,No,41,41,94.0,100.0,No,No,32155,47955,37,70,99.0,100.0,No,No,1844,3246,0.0,0.8,0.8,0.000,0.023,63581,48888,0.0,0.0,0.0,0.000,0.000,164001,82786,58.1,62.0,65.5,83.0,0.870,20.618,20.624,20.613,21.328,9.557,9.669,8.683,18.366,3.000,11.691,7.727,7.761,100.000,140.000,2175.0,2150.2,1875.0,2175.0,1890.0,0.0,0.0,0.0,0.0,13.9,0.0,0.0,0.0,0.0,0.0,Yes,No,No,No,No,Yes,No,0,0,0,0,0,0,0,0,0,0,0,0,0,0,0,0,0,0,0,0,0,0,0,0,0,0,0,0,0,0,7047,1141,908,93,16.0,64,0.300,59.121,600.0,2394.0,0.2,0.0,0.0,0.0,0.0,0.0,0.0,0.0,1.0,163,16029,163,No,No,No,No,No,No,No,No,16.747,68.277,100.0,0.000,24.1,0,0,0,0.0,1.0,1.0,1.0,1.0,1.0,1.0,1.1,1.1,1.1,1.1,1.1,1.1,995.87,995.87,995.87,995.87,995.87,995.87,0.49,995.47,995.87,0.00,931.30,647,7,0.3,0.3,0,0,0.0,0.0,0,
9.6.2026,13:30:12.857,21717,27051,44.5,17524,14860,54.1,11.5,16384,1881,0.937,0.939,0.953,0.947,0.919,0.922,0.943,0.942,0.942,0.944,0.918,0.956,0.938,0.938,0.915,0.878,0.783,3177.9,3591.2,3591.2,3591.2,3491.5,3491.5,3591.2,2892.9,2892.9,2892.9,2892.9,2892.9,2892.9,2892.9,2892.9,99.8,2992.7,3291.1,3553.6,3555.9,3557.9,3560.7,3552.1,3562.4,3560.6,3560.0,3557.7,3562.2,3562.7,3563.2,2867.8,2879.7,2889.4,2890.9,2895.2,2896.5,2896.1,2896.7,3389.8,100.0,99.9,99.9,99.9,100.0,99.9,100.0,100.0,100.0,99.9,100.0,100.0,100.0,100.0,100.0,100.0,100.0,100.0,100.0,100.0,100.0,100.0,100.0,100.0,142.5,135.2,135.3,135.3,135.4,135.3,135.5,135.4,135.4,135.3,135.5,135.5,135.5,153.1,153.1,153.1,153.1,153.2,153.2,153.2,153.2,142.5,31.9,36.0,36.0,36.0,35.0,35.0,36.0,29.0,29.0,29.0,29.0,29.0,29.0,29.0,29.0,30.0,70,73,71,74,70,72,71,72,70,70,70,68,68,68,68,30,27,29,26,30,28,29,28,30,30,30,32,32,32,32,76,74,No,No,No,No,No,No,No,No,No,No,No,No,No,No,No,No,No,No,No,No,No,No,No,No,No,No,No,No,No,No,Yes,Yes,Yes,Yes,Yes,Yes,Yes,Yes,Yes,Yes,Yes,Yes,Yes,Yes,Yes,No,No,Yes,76,74,65,1.100,56.532,57.788,50.586,0.002,5.577,0.745,175.0,175.0,175.0,175.0,0,0.0,99.6,99.6,99.7,99.7,99.8,99.5,99.8,99.8,99.8,99.7,99.8,99.8,99.8,98.8,99.2,99.5,99.6,99.7,99.7,99.7,99.7,0.0,0.0,0.0,0.0,0.0,0.0,0.0,0.0,0.0,0.0,0.0,0.0,0.0,0.0,0.0,0.0,0.0,0.0,0.0,0.0,0.0,0.0,0.0,0.0,0.0,0.0,0.0,0.0,0.0,0.0,0.0,0.0,0.0,0.0,0.0,0.0,0.0,2194.6,22.00,32,32,32,62,103,351,2,2,Yes,No,No,No,No,No,No,No,No,Yes,No,No,No,Yes,No,No,No,No,No,No,No,Yes,No,No,No,No,No,No,No,No,No,No,No,No,No,No,No,No,82.0,4380,2460,4140,63.0,1.095,1.110,1.800,1.815,0.990,5.110,2.000,No,No,No,63.5,1.095,1.110,1.800,1.815,1.005,5.110,2.000,No,No,No,41,41,94.0,100.0,No,No,32155,47955,36,70,99.0,100.0,No,No,1844,3246,0.5,0.9,1.4,0.114,0.048,63581,48888,0.0,0.0,0.0,0.000,0.000,164001,82786,58.2,62.0,65.5,83.0,0.870,20.629,20.632,20.625,21.362,9.532,9.609,8.666,18.274,3.000,11.670,7.736,7.769,100.000,140.000,2175.0,2150.2,1875.0,2175.0,1890.0,0.0,0.0,0.0,0.0,13.9,0.0,0.0,0.0,0.0,0.0,Yes,No,No,No,No,Yes,No,0,0,0,0,0,0,0,0,0,0,0,0,0,0,0,0,0,0,0,0,0,0,0,0,0,0,0,0,0,0,7047,1141,908,93,16.0,64,0.300,56.030,550.0,2394.0,0.2,0.0,0.0,0.0,0.0,0.0,0.0,0.0,1.0,163,16029,163,No,No,No,No,No,No,No,No,16.748,68.277,100.0,0.000,24.1,0,0,0,0.0,1.0,1.0,1.0,1.0,1.0,1.0,1.1,1.1,1.1,1.1,1.1,1.1,995.87,995.87,995.87,995.87,995.87,995.87,0.49,995.47,995.87,0.00,931.30,647,7,0.3,0.1,0,0,0.0,0.0,0,
9.6.2026,13:30:14.868,21708,27060,44.5,17522,14862,54.1,11.5,16384,1881,0.936,0.954,0.947,0.917,0.937,0.937,0.944,0.945,0.945,0.942,0.922,0.926,0.926,0.926,0.934,0.876,0.783,3185.1,3591.2,3591.2,3491.5,3591.2,3591.2,3591.2,2892.9,2892.9,2892.9,2892.9,2892.9,2892.9,2892.9,2892.9,99.8,2992.7,3288.1,3553.6,3553.4,3555.0,3556.5,3550.5,3556.8,3555.0,3555.8,3555.9,3556.9,3557.0,3556.8,2870.6,2880.4,2886.3,2891.2,2891.8,2892.5,2892.5,2892.9,3387.0,100.0,100.0,100.0,99.9,100.0,100.0,100.0,100.0,100.0,100.0,100.0,100.0,100.0,100.0,100.0,100.0,100.0,100.0,100.0,100.0,100.0,100.0,100.0,100.0,142.3,135.2,135.2,135.2,135.2,135.2,135.2,135.2,135.2,135.2,135.2,135.2,135.2,153.0,153.0,153.0,153.0,153.0,153.0,153.0,153.0,142.3,31.9,36.0,36.0,35.0,36.0,36.0,36.0,29.0,29.0,29.0,29.0,29.0,29.0,29.0,29.0,30.0,70,73,71,74,70,72,71,70,70,70,70,68,68,68,68,30,27,29,26,30,28,29,30,30,30,30,32,32,32,32,77,74,No,No,No,No,No,No,No,No,No,No,No,No,No,No,No,No,No,No,No,No,No,No,No,No,No,No,No,No,No,No,Yes,Yes,Yes,Yes,Yes,Yes,Yes,Yes,Yes,Yes,Yes,Yes,Yes,Yes,Yes,No,No,Yes,77,74,65,1.100,54.001,54.577,47.542,0.002,5.622,0.773,175.0,175.0,175.0,175.0,0,0.0,99.7,99.7,99.7,99.8,99.8,99.6,99.8,99.8,99.8,99.8,99.8,99.8,99.8,99.0,99.3,99.5,99.7,99.7,99.7,99.7,99.7,0.0,0.0,0.0,0.0,0.0,0.0,0.0,0.0,0.0,0.0,0.0,0.0,0.0,0.0,0.0,0.0,0.0,0.0,0.0,0.0,0.0,0.0,0.0,0.0,0.0,0.0,0.0,0.0,0.0,0.0,0.0,0.0,0.0,0.0,0.0,0.0,0.0,2394.1,24.00,36,35,35,68,103,383,2,2,Yes,No,No,No,No,No,No,No,No,Yes,No,No,No,Yes,No,No,No,No,No,No,No,Yes,No,No,No,No,No,No,No,No,No,No,No,No,No,No,No,No,83.0,4380,2460,4140,63.2,1.095,1.110,1.800,1.815,1.005,5.110,1.750,No,No,No,64.0,1.095,1.110,1.800,1.815,1.005,5.110,2.000,No,No,No,41,41,94.0,100.0,No,No,32155,47955,36,70,99.0,100.0,No,No,1844,3246,0.1,0.6,0.7,0.002,0.015,63581,48888,0.0,0.0,0.0,0.000,0.000,164001,82786,58.3,64.0,65.7,83.0,0.870,20.623,20.628,20.618,21.350,9.552,9.642,8.684,18.330,3.000,11.686,7.744,7.779,100.000,140.000,2175.0,2150.2,1875.0,2175.0,1890.0,0.0,0.0,0.0,0.0,13.9,0.0,0.0,0.0,0.0,0.0,Yes,No,No,No,No,Yes,No,0,0,0,0,0,0,0,0,0,0,0,0,0,0,0,0,0,0,0,0,0,0,0,0,0,0,0,0,0,0,7047,1141,908,93,16.0,65,0.300,56.609,550.0,2194.0,0.2,0.0,0.0,0.0,0.0,0.0,0.0,0.0,1.0,163,16029,163,No,No,No,No,No,No,No,No,16.746,68.277,100.0,0.000,24.1,0,0,0,0.0,1.0,1.0,1.0,1.0,1.0,1.0,1.1,1.1,1.1,1.1,1.1,1.1,995.87,995.87,995.87,995.87,995.87,995.87,0.49,995.47,995.87,0.00,931.30,647,7,0.4,0.3,0,0,0.0,0.0,0,
9.6.2026,13:30:16.869,21710,27058,44.5,17527,14857,54.1,11.5,16384,1881,0.931,0.918,0.947,0.929,0.943,0.915,0.920,0.939,0.958,0.943,0.941,0.921,0.921,0.919,0.917,0.856,0.783,3170.8,3491.5,3591.2,3591.2,3591.2,3491.5,3491.5,2892.9,2892.9,2892.9,2892.9,2892.9,2892.9,2892.9,2892.9,99.8,2892.9,3292.8,3562.9,3560.0,3565.0,3564.9,3558.1,3564.6,3564.3,3563.9,3564.8,3564.9,3565.2,3564.6,2871.2,2880.6,2887.5,2894.1,2890.1,2890.2,2888.4,2890.6,3393.5,100.0,100.0,99.9,100.0,100.0,100.0,100.0,100.0,100.0,100.0,100.0,100.0,100.0,100.0,100.0,100.0,100.0,100.0,100.0,100.0,100.0,100.0,100.0,100.0,142.6,135.6,135.5,135.6,135.6,135.6,135.6,135.5,135.5,135.6,135.6,135.6,135.6,153.2,153.2,153.2,153.2,152.9,152.9,152.9,152.9,142.6,31.8,35.0,36.0,36.0,36.0,35.0,35.0,29.0,29.0,29.0,29.0,29.0,29.0,29.0,29.0,29.0,70,74,72,74,68,72,71,72,69,70,70,69,68,68,68,30,26,28,26,32,28,29,28,31,30,30,31,32,32,32,77,74,No,No,No,No,No,No,No,No,No,No,No,No,No,No,No,No,No,No,No,No,No,No,No,No,No,No,No,No,No,No,Yes,Yes,Yes,Yes,Yes,Yes,Yes,Yes,Yes,Yes,Yes,Yes,Yes,Yes,Yes,No,No,Yes,76,74,65,1.100,54.845,59.087,51.492,0.002,5.652,0.791,175.0,175.0,175.0,175.0,0,0.0,99.7,99.7,99.7,99.8,99.8,99.6,99.8,99.8,99.8,99.8,99.8,99.8,99.8,98.9,99.2,99.5,99.7,99.7,99.7,99.6,99.7,0.0,0.0,0.0,0.0,0.0,0.0,0.0,0.0,0.0,0.0,0.0,0.0,0.0,0.0,0.0,0.0,0.0,0.0,0.0,0.0,0.0,0.0,0.0,0.0,0.0,0.0,0.0,0.0,0.0,0.0,0.0,0.0,0.0,0.0,0.0,0.0,0.0,2394.1,24.00,36,35,35,68,103,383,2,2,Yes,No,No,No,No,No,No,No,No,Yes,No,No,No,Yes,No,No,No,No,No,No,No,Yes,No,No,No,No,No,No,No,No,No,No,No,No,No,No,No,No,83.0,4320,2460,4140,63.5,1.095,1.110,1.800,1.815,1.005,5.110,2.250,No,No,No,64.2,1.095,1.110,1.800,1.815,1.005,5.110,1.625,No,No,No,41,41,94.0,100.0,No,No,32155,47955,36,70,99.0,100.0,No,No,1844,3246,1.2,1.2,2.4,0.005,0.030,63581,48888,0.0,0.0,0.0,0.000,0.000,164001,82786,58.4,62.0,65.7,83.0,0.870,20.626,20.631,20.621,21.335,9.530,9.608,8.644,18.270,3.000,11.657,7.748,7.781,100.000,140.000,2175.0,2150.2,1875.0,2175.0,1890.0,0.0,0.0,0.0,0.0,13.9,0.0,0.0,0.0,0.0,0.0,Yes,No,No,No,No,Yes,No,0,0,0,0,0,0,0,0,0,0,0,0,0,0,0,0,0,0,0,0,0,0,0,0,0,0,0,0,0,0,7047,1141,908,93,16.0,65,0.300,56.243,550.0,2394.0,0.2,0.0,0.0,0.0,0.0,0.0,0.0,0.0,1.0,163,16029,163,No,No,No,No,No,No,No,No,16.747,68.277,100.0,0.000,24.1,0,0,0,0.0,1.0,1.0,1.0,1.0,1.0,1.0,1.1,1.1,1.1,1.1,1.1,1.1,995.87,995.87,995.87,995.87,995.87,995.87,0.49,995.47,995.87,0.00,931.30,647,7,0.1,0.1,0,0,0.0,0.0,0,
9.6.2026,13:30:18.877,21717,27050,44.5,17539,14845,54.1,11.5,16384,1881,0.935,0.939,0.931,0.927,0.932,0.927,0.937,0.933,0.932,0.943,0.943,0.943,0.943,0.922,0.945,0.876,0.778,3192.2,3591.2,3591.2,3591.2,3591.2,3591.2,3591.2,2892.9,2892.9,2892.9,2892.9,2892.9,2892.9,2892.9,2892.9,99.8,2992.7,3290.3,3554.7,3553.5,3557.1,3556.4,3549.6,3557.5,3552.7,3556.4,3554.6,3556.5,3557.7,3558.1,2875.2,2886.6,2890.2,2896.1,2897.7,2897.9,2898.3,2898.3,3388.3,100.0,100.0,100.0,100.0,100.0,99.9,100.0,99.9,100.0,99.9,100.0,100.0,100.0,100.0,100.0,100.0,100.0,100.0,100.0,100.0,100.0,100.0,100.0,100.0,142.5,135.3,135.2,135.3,135.2,135.2,135.3,135.1,135.3,135.2,135.2,135.3,135.3,153.3,153.3,153.3,153.3,153.3,153.3,153.3,153.3,142.5,32.0,36.0,36.0,36.0,36.0,36.0,36.0,29.0,29.0,29.0,29.0,29.0,29.0,29.0,29.0,30.0,71,75,72,74,71,72,73,70,72,70,70,69,69,68,68,29,25,28,26,29,28,27,30,28,30,30,31,31,32,32,77,75,No,No,No,No,No,No,No,No,No,No,No,No,No,No,No,No,No,No,No,No,No,No,No,No,No,No,No,No,No,No,Yes,Yes,Yes,Yes,Yes,Yes,Yes,Yes,Yes,Yes,Yes,Yes,Yes,Yes,Yes,No,No,Yes,76,73,64,1.100,45.563,53.314,45.922,0.002,5.681,0.805,175.0,175.0,175.0,175.0,0,0.0,99.7,99.7,99.7,99.8,99.8,99.6,99.8,99.7,99.8,99.7,99.8,99.8,99.8,98.9,99.3,99.4,99.6,99.7,99.7,99.7,99.7,0.0,0.0,0.0,0.0,0.0,0.0,0.0,0.0,0.0,0.0,0.0,0.0,0.0,0.0,0.0,0.0,0.0,0.0,0.0,0.0,0.0,0.0,0.0,0.0,0.0,0.0,0.0,0.0,0.0,0.0,0.0,0.0,0.0,0.0,0.0,0.0,0.0,2394.1,24.00,36,35,35,68,103,383,2,2,Yes,No,No,No,No,No,No,No,No,Yes,No,No,No,Yes,No,No,No,No,No,No,No,Yes,No,No,No,No,No,No,No,No,No,No,No,No,No,No,No,No,83.0,4320,2460,4140,63.5,1.095,1.110,1.800,1.815,1.005,5.110,2.125,No,No,No,64.2,1.095,1.110,1.800,1.815,1.005,5.110,1.250,No,No,No,41,41,94.0,100.0,No,No,32155,47955,36,70,99.0,100.0,No,No,1844,3246,0.1,0.8,0.9,0.002,0.022,63581,48888,0.0,0.0,0.0,0.000,0.000,164001,82786,58.5,62.0,65.8,83.0,0.870,20.628,20.632,20.623,21.352,9.543,9.619,8.666,18.293,3.000,11.672,7.758,7.792,100.000,140.000,2175.0,2150.2,1875.0,2175.0,1890.0,0.0,0.0,0.0,0.0,13.9,0.0,0.0,0.0,0.0,0.0,Yes,No,No,No,No,Yes,No,0,0,0,0,0,0,0,0,0,0,0,0,0,0,0,0,0,0,0,0,0,0,0,0,0,0,0,0,0,0,7047,1141,908,93,16.0,64,0.300,56.268,550.0,2394.0,0.2,0.0,0.0,0.0,0.0,0.0,0.0,0.0,1.0,163,16029,163,No,No,No,No,No,No,No,No,16.747,68.277,100.0,0.000,24.1,0,0,0,0.0,1.0,1.0,1.0,1.0,1.0,1.0,1.1,1.1,1.1,1.1,1.1,1.1,995.87,995.87,995.87,995.87,995.87,995.87,0.49,995.47,995.87,0.00,931.30,647,7,0.0,0.0,0,0,0.0,0.0,0,
9.6.2026,13:30:20.884,21713,27055,44.5,17540,14843,54.1,11.5,16384,1881,0.868,0.866,0.861,0.871,0.854,0.858,0.875,0.871,0.871,0.871,0.871,0.871,0.871,0.871,0.865,0.808,0.783,2729.0,3092.4,2992.7,3092.4,2992.7,2992.7,3092.4,2493.9,2493.9,2493.9,2493.9,2493.9,2493.9,2493.9,2493.9,99.8,2493.9,3140.5,3413.8,3413.1,3412.1,3410.3,3403.7,3406.8,3403.8,3402.7,3400.9,3400.2,3399.5,3396.1,2718.1,2732.6,2741.5,2747.1,2752.6,2753.0,2752.3,2749.8,3237.6,100.0,100.0,100.0,100.0,100.0,100.0,100.0,100.0,100.0,100.0,100.0,100.0,100.0,100.0,100.0,100.0,100.0,100.0,100.0,100.0,100.0,100.0,100.0,100.0,136.8,130.1,130.1,130.0,130.0,130.1,130.0,130.0,130.0,130.0,130.0,130.1,130.1,146.8,146.8,146.8,146.8,146.9,146.9,146.9,146.9,136.8,27.4,31.0,30.0,31.0,30.0,30.0,31.0,25.0,25.0,25.0,25.0,25.0,25.0,25.0,25.0,25.0,67,70,67,69,64,68,67,67,67,67,67,66,66,66,66,33,30,33,31,36,32,33,33,33,33,33,34,34,34,34,76,70,No,No,No,No,No,No,No,No,No,No,No,No,No,No,No,No,No,No,No,No,No,No,No,No,No,No,No,No,No,No,Yes,Yes,Yes,Yes,Yes,Yes,Yes,Yes,Yes,Yes,Yes,Yes,Yes,Yes,Yes,No,No,Yes,76,75,65,1.100,56.532,58.593,51.314,0.002,5.624,0.763,175.0,175.0,175.0,175.0,0,0.0,99.6,99.6,99.6,99.8,99.8,99.6,99.8,99.8,99.8,99.8,99.8,99.8,99.8,98.5,99.0,99.4,99.6,99.7,99.7,99.7,99.7,0.0,0.0,0.0,0.0,0.0,0.0,0.0,0.0,0.0,0.0,0.0,0.0,0.0,0.0,0.0,0.0,0.0,0.0,0.0,0.0,0.0,0.0,0.0,0.0,0.0,0.0,0.0,0.0,0.0,0.0,0.0,0.0,0.0,0.0,0.0,0.0,0.0,2394.1,24.00,36,35,35,68,103,383,2,2,Yes,No,No,No,No,No,No,No,Yes,Yes,No,No,No,Yes,No,No,No,No,No,No,No,Yes,No,No,No,No,No,No,No,No,No,No,No,No,No,No,No,No,83.0,4500,2460,4260,63.5,1.095,1.110,1.800,1.815,1.005,5.110,2.250,No,No,No,64.5,1.095,1.110,1.800,1.815,1.005,5.110,1.375,No,No,No,41,41,94.0,100.0,No,No,32155,47955,36,70,99.0,100.0,No,No,1844,3246,0.4,0.6,1.0,0.006,0.019,63581,48888,0.0,0.0,0.0,0.000,0.000,164001,82786,58.5,62.0,65.9,83.0,0.870,20.617,20.623,20.612,21.362,9.711,9.901,8.868,18.777,3.000,11.870,7.763,7.797,100.000,140.000,2175.0,2150.2,1875.0,2175.0,1890.0,1.0,0.0,0.0,0.0,13.9,0.0,0.1,0.0,0.0,0.0,Yes,No,No,No,No,Yes,No,0,0,0,0,0,0,0,0,0,0,0,0,0,0,0,0,0,0,0,0,0,0,0,0,0,0,0,0,0,0,7047,1141,908,93,16.0,65,0.300,57.679,550.0,2394.0,0.2,0.0,0.0,0.0,0.0,0.0,0.0,0.0,1.0,163,16029,163,No,No,No,No,No,No,No,No,16.746,68.277,100.0,0.000,24.1,0,0,0,0.0,8.1,261.2,1.7,1.7,1.7,1.7,6.5,162.3,1.8,1.7,1.7,1.7,123.04,575.75,3.70,3.70,599.57,599.57,0.46,122.53,122.25,0.78,293.32,647,7,0.2,0.0,0,0,0.0,0.0,0,
9.6.2026,13:30:22.875,21709,27059,44.5,17540,14844,54.1,11.5,16384,1881,0.868,0.872,0.872,0.869,0.858,0.870,0.865,0.866,0.866,0.872,0.871,0.869,0.869,0.859,0.871,0.808,0.783,2736.2,3092.4,3092.4,3092.4,2992.7,3092.4,3092.4,2493.9,2493.9,2493.9,2493.9,2493.9,2493.9,2394.1,2493.9,99.8,2493.9,2820.2,3057.6,3057.3,3062.4,3062.3,3056.7,3063.1,3046.2,3045.7,3062.2,3062.7,3062.0,3061.8,2447.0,2460.2,2464.9,2470.9,2464.7,2465.0,2465.3,2465.6,2909.0,100.0,100.0,100.0,100.0,100.0,100.0,100.0,100.0,100.0,100.0,100.0,100.0,100.0,100.0,100.0,100.0,100.0,100.0,100.0,100.0,100.0,100.0,100.0,100.0,122.1,116.5,116.5,116.5,116.5,116.5,116.5,115.9,115.9,116.5,116.5,116.5,116.5,130.9,130.9,130.9,130.9,130.5,130.5,130.5,130.5,122.1,27.4,31.0,31.0,31.0,30.0,31.0,31.0,25.0,25.0,25.0,25.0,25.0,25.0,24.0,25.0,25.0,67,69,67,68,66,68,67,67,67,67,67,65,65,65,65,33,31,33,32,34,32,33,33,33,33,33,35,35,35,35,76,69,No,No,No,No,No,No,No,No,No,No,No,No,No,No,No,No,No,No,No,No,No,No,No,No,No,No,No,No,No,No,Yes,Yes,Yes,Yes,Yes,Yes,Yes,Yes,Yes,Yes,Yes,Yes,Yes,Yes,Yes,No,No,Yes,76,69,64,1.100,36.282,55.159,47.882,0.001,5.635,0.771,175.0,175.0,175.0,175.0,0,0.0,99.6,99.6,99.6,99.8,99.8,99.6,99.8,99.8,99.8,99.8,99.8,99.8,99.8,98.6,99.2,99.3,99.6,99.7,99.7,99.7,99.7,0.0,0.0,0.0,0.0,0.0,0.0,0.0,0.0,0.0,0.0,0.0,0.0,0.0,0.0,0.0,0.0,0.0,0.0,0.0,0.0,0.0,0.0,0.0,0.0,0.0,0.0,0.0,0.0,0.0,0.0,0.0,0.0,0.0,0.0,0.0,0.0,0.0,2194.6,22.00,32,32,32,62,103,351,2,2,Yes,No,No,No,No,No,No,No,Yes,No,No,No,No,Yes,No,No,No,No,No,No,No,Yes,No,No,No,No,No,No,No,No,No,No,No,No,No,No,No,No,83.0,4440,2520,4320,64.0,1.095,1.110,1.800,1.815,1.005,5.110,1.000,No,No,No,64.8,1.095,1.110,1.800,1.815,1.005,5.110,1.375,No,No,No,41,41,94.0,100.0,No,No,32155,47955,36,70,99.0,100.0,No,No,1844,3246,0.1,1.2,1.3,0.001,0.068,63581,48889,0.0,0.0,0.0,0.000,0.000,164001,82786,58.5,64.0,65.9,83.0,0.870,20.689,20.679,20.699,21.248,9.504,9.543,8.623,18.174,3.000,11.631,7.763,7.796,100.000,140.000,2175.0,2150.2,1875.0,2175.0,1890.0,1.0,0.0,0.0,0.0,13.9,0.0,0.1,0.0,0.0,0.0,Yes,No,No,No,No,Yes,No,0,0,0,0,0,0,0,0,0,0,0,0,0,0,0,0,0,0,0,0,0,0,0,0,0,0,0,0,0,0,7046,1142,909,91,16.0,65,0.300,49.733,600.0,2394.0,0.2,0.0,0.0,0.0,0.0,0.0,0.0,0.0,1.0,163,16029,163,No,No,No,No,No,No,No,No,16.746,68.277,100.0,0.000,24.1,0,0,0,0.0,3.0,25.2,1.9,1.9,1.9,1.9,3.1,15.0,2.0,2.0,2.0,2.0,333.28,518.77,39.65,32.14,520.21,520.21,0.88,332.40,332.64,0.64,444.63,647,7,0.1,0.0,0,0,0.0,0.0,0,
9.6.2026,13:30:24.876,21711,27056,44.5,17543,14841,54.1,11.5,16384,1881,0.868,0.861,0.864,0.868,0.866,0.862,0.861,0.873,0.861,0.862,0.862,0.885,0.875,0.878,0.873,0.808,0.781,2743.3,3092.4,3092.4,3092.4,3092.4,3092.4,2992.7,2493.9,2493.9,2493.9,2493.9,2493.9,2493.9,2493.9,2493.9,99.8,2493.9,2833.6,3072.2,3073.6,3075.4,3075.5,3068.8,3076.5,3069.2,3070.4,3075.1,3076.9,3077.5,3077.6,2450.4,2458.4,2476.4,2479.2,2478.8,2479.6,2480.3,2480.2,2922.1,100.0,99.9,100.0,100.0,100.0,99.9,100.0,99.9,100.0,99.9,100.0,100.0,100.0,100.0,100.0,100.0,100.0,100.0,100.0,100.0,100.0,100.0,100.0,100.0,122.6,116.9,117.0,117.0,117.0,116.9,117.0,116.7,116.7,116.9,117.0,117.0,117.0,131.3,131.3,131.3,131.2,131.1,131.1,131.1,131.1,122.6,27.5,31.0,31.0,31.0,31.0,31.0,30.0,25.0,25.0,25.0,25.0,25.0,25.0,25.0,25.0,25.0,67,69,67,69,66,68,67,67,67,67,67,64,65,65,66,33,31,33,31,34,32,33,33,33,33,33,36,35,35,34,76,69,No,No,No,No,No,No,No,No,No,No,No,No,No,No,No,No,No,No,No,No,No,No,No,No,No,No,No,No,No,No,Yes,Yes,Yes,Yes,Yes,Yes,Yes,Yes,Yes,Yes,Yes,Yes,Yes,Yes,Yes,No,No,Yes,76,69,64,1.100,43.032,46.586,39.383,0.002,5.572,0.737,175.0,175.0,175.0,175.0,0,0.0,99.6,99.7,99.7,99.8,99.8,99.6,99.8,99.7,99.8,99.7,99.8,99.8,99.8,98.4,98.8,99.5,99.6,99.7,99.7,99.7,99.7,0.0,0.0,0.0,0.0,0.0,0.0,0.0,0.0,0.0,0.0,0.0,0.0,0.0,0.0,0.0,0.0,0.0,0.0,0.0,0.0,0.0,0.0,0.0,0.0,0.0,0.0,0.0,0.0,0.0,0.0,0.0,0.0,0.0,0.0,0.0,0.0,0.0,2394.1,24.00,36,35,35,68,103,383,2,2,Yes,No,No,No,No,No,No,No,Yes,No,No,No,No,Yes,No,No,No,No,No,No,No,Yes,No,No,No,No,No,No,No,No,No,No,No,No,No,No,No,No,82.0,4440,2460,4260,64.2,1.095,1.110,1.800,1.815,0.990,5.110,1.500,No,No,No,64.8,1.095,1.110,1.800,1.815,1.005,5.110,2.500,No,No,No,41,41,94.0,100.0,No,No,32155,47955,36,70,99.0,100.0,No,No,1844,3246,0.3,0.8,1.0,0.006,0.016,63581,48889,0.0,0.0,0.0,0.000,0.000,164001,82786,58.4,64.0,65.8,83.0,0.870,20.685,20.676,20.694,21.167,9.488,9.499,8.622,18.128,3.000,11.626,7.753,7.786,100.000,140.000,2175.0,2150.2,1875.0,2175.0,1890.0,0.0,0.0,0.0,0.0,13.9,0.0,0.1,0.0,0.0,0.0,Yes,No,No,No,No,Yes,No,0,0,0,0,0,0,0,0,0,0,0,0,0,0,0,0,0,0,0,0,0,0,0,0,0,0,0,0,0,0,7046,1142,909,93,16.0,64,0.300,44.581,600.0,2194.0,0.2,0.0,0.0,0.0,0.0,0.0,0.0,0.0,1.0,163,16029,163,No,No,No,No,No,No,No,No,16.747,68.277,100.0,0.000,24.1,0,0,0,0.0,3.0,25.2,1.9,1.9,1.9,1.9,3.1,15.0,2.0,2.0,2.0,2.0,333.28,518.77,39.65,32.14,520.21,520.21,0.88,332.40,332.64,0.64,444.63,647,7,0.1,0.1,0,0,0.0,0.0,0,
9.6.2026,13:30:26.876,21710,27057,44.5,17547,14837,54.1,11.5,16384,1881,0.868,0.858,0.871,0.863,0.870,0.866,0.868,0.883,0.868,0.875,0.865,0.863,0.863,0.867,0.876,0.808,0.781,2751.1,3093.2,3093.2,3093.2,3093.2,3093.2,3093.2,2494.5,2494.5,2494.5,2494.5,2494.5,2494.5,2494.5,2494.5,99.8,2494.5,2838.6,3078.6,3078.7,3080.4,3080.4,3074.6,3080.7,3076.7,3077.4,3079.9,3080.5,3082.6,3082.3,2456.7,2471.5,2474.7,2480.3,2483.7,2484.0,2484.2,2484.5,2927.2,100.0,100.0,100.0,99.9,99.9,99.9,100.0,100.0,100.0,99.9,99.9,100.0,100.0,100.0,100.0,100.0,100.0,100.0,100.0,100.0,100.0,100.0,100.0,100.0,122.9,117.2,117.2,117.2,117.2,117.1,117.2,117.0,117.1,117.1,117.1,117.2,117.2,131.5,131.5,131.5,131.5,131.4,131.4,131.4,131.4,122.9,27.6,31.0,31.0,31.0,31.0,31.0,31.0,25.0,25.0,25.0,25.0,25.0,25.0,25.0,25.0,25.0,66,68,68,69,66,67,67,66,67,67,67,65,65,65,64,34,32,32,31,34,33,33,34,33,33,33,35,35,35,36,76,69,No,No,No,No,No,No,No,No,No,No,No,No,No,No,No,No,No,No,No,No,No,No,No,No,No,No,No,No,No,No,Yes,Yes,Yes,Yes,Yes,Yes,Yes,Yes,Yes,Yes,Yes,Yes,Yes,Yes,Yes,No,No,Yes,76,68,64,1.100,43.032,44.358,37.192,0.002,5.549,0.720,175.0,175.0,175.0,175.0,0,0.0,99.6,99.7,99.7,99.8,99.8,99.6,99.8,99.8,99.8,99.8,99.8,99.8,99.8,98.5,99.1,99.3,99.5,99.7,99.7,99.7,99.7,0.0,0.0,0.0,0.0,0.0,0.0,0.0,0.0,0.0,0.0,0.0,0.0,0.0,0.0,0.0,0.0,0.0,0.0,0.0,0.0,0.0,0.0,0.0,0.0,0.0,0.0,0.0,0.0,0.0,0.0,0.0,0.0,0.0,0.0,0.0,0.0,0.0,2394.7,24.00,36,35,35,68,103,383,2,2,Yes,No,No,No,No,No,No,No,Yes,No,No,No,No,Yes,No,No,No,No,No,No,No,Yes,No,No,No,No,No,No,No,No,No,No,No,No,No,No,No,No,83.0,4440,2460,4200,64.2,1.095,1.110,1.800,1.815,1.005,5.110,1.250,No,No,No,65.0,1.095,1.110,1.800,1.815,1.005,5.110,1.125,No,No,No,41,41,94.0,100.0,No,No,32155,47955,36,70,99.0,100.0,No,No,1844,3246,0.3,1.6,1.9,0.040,0.343,63581,48889,0.0,0.0,0.0,0.000,0.000,164001,82786,58.3,62.0,65.6,83.0,0.870,20.681,20.673,20.689,21.112,9.492,9.519,8.620,18.145,3.000,11.633,7.745,7.782,100.000,140.000,2175.0,2150.2,1875.0,2175.0,1890.0,0.0,0.0,0.0,0.0,13.9,0.0,0.0,0.0,0.0,0.0,Yes,No,No,No,No,Yes,No,0,0,0,0,0,0,0,0,0,0,0,0,0,0,0,0,0,0,0,0,0,0,0,0,0,0,0,0,0,0,7047,1141,908,93,16.0,65,0.300,45.623,600.0,2394.0,0.2,0.0,0.0,0.0,0.0,0.0,0.0,0.0,1.0,163,16029,163,No,No,No,No,No,No,No,No,16.746,68.277,100.0,0.000,24.1,0,0,0,0.0,3.0,25.2,1.9,1.9,1.9,1.9,3.1,15.0,2.0,2.0,2.0,2.0,333.28,518.77,39.65,32.14,520.21,520.21,0.88,332.40,332.64,0.64,444.63,647,7,0.5,0.0,0,0,0.0,0.0,0,
9.6.2026,13:30:28.877,21707,27060,44.5,17543,14841,54.1,11.5,16384,1881,0.876,0.869,0.881,0.872,0.872,0.872,0.860,0.872,0.872,0.880,0.879,0.879,0.885,0.885,0.882,0.808,0.781,2743.3,3092.4,3092.4,3092.4,3092.4,3092.4,2992.7,2493.9,2493.9,2493.9,2493.9,2493.9,2493.9,2493.9,2493.9,99.8,2493.9,2856.1,3082.7,3099.8,3096.0,3100.4,3091.0,3104.7,3095.6,3097.0,3093.7,3100.0,3104.2,3103.4,2473.4,2485.5,2499.6,2505.8,2497.2,2495.8,2497.4,2498.2,2945.8,99.9,99.3,99.9,99.7,99.9,99.7,100.0,99.9,100.0,99.6,99.8,100.0,100.0,99.9,100.0,100.0,100.0,100.0,99.9,100.0,100.0,100.0,99.9,100.0,123.7,117.3,118.0,117.8,117.9,117.8,118.1,117.8,117.8,117.7,117.9,118.1,118.1,132.6,132.7,132.7,132.7,132.2,132.2,132.2,132.2,123.7,27.5,31.0,31.0,31.0,31.0,31.0,30.0,25.0,25.0,25.0,25.0,25.0,25.0,25.0,25.0,25.0,66,69,67,68,64,68,67,67,67,66,66,65,65,65,65,34,31,33,32,36,32,33,33,33,34,34,35,35,35,35,76,69,No,No,No,No,No,No,No,No,No,No,No,No,No,No,No,No,No,No,No,No,No,No,No,No,No,No,No,No,No,No,Yes,Yes,Yes,Yes,Yes,Yes,Yes,Yes,Yes,Yes,Yes,Yes,Yes,Yes,Yes,No,No,Yes,75,69,64,1.100,42.188,44.391,37.474,0.001,5.507,0.693,175.0,175.0,175.0,175.0,0,0.0,99.5,99.1,99.6,99.5,99.7,99.3,99.8,99.7,99.8,99.4,99.6,99.8,99.8,98.4,98.8,99.4,99.6,99.7,99.6,99.7,99.7,0.0,0.0,0.0,0.0,0.0,0.0,0.0,0.1,0.0,0.0,0.0,0.0,0.1,0.0,0.0,0.0,0.0,0.0,0.0,0.0,0.0,0.0,0.0,0.0,0.0,0.0,0.0,0.0,0.0,0.0,0.0,0.0,0.0,0.0,0.0,0.0,0.0,2394.1,24.00,36,35,35,68,103,383,2,2,Yes,No,No,No,No,No,No,No,Yes,No,No,No,No,Yes,No,No,No,No,No,No,No,Yes,No,No,No,No,No,No,No,No,No,No,No,No,No,No,No,No,82.0,4320,2460,4140,64.5,1.110,1.110,1.800,1.815,1.005,5.110,2.375,No,No,No,65.0,1.110,1.110,1.800,1.815,1.005,5.110,1.375,No,No,No,41,41,94.0,100.0,No,No,32155,47955,36,70,99.0,100.0,No,No,1844,3246,0.7,0.9,1.6,0.182,0.082,63581,48889,0.0,0.0,0.0,0.000,0.000,164001,82786,58.2,62.0,65.7,83.0,0.870,20.684,20.674,20.694,21.130,9.550,9.595,8.642,18.252,3.000,11.659,7.735,7.969,100.000,140.000,2175.0,2150.2,1875.0,2175.0,1890.0,0.0,0.0,0.0,0.0,13.9,0.0,0.1,0.0,0.0,0.0,Yes,No,No,No,No,Yes,No,0,0,0,0,0,0,0,0,0,0,0,0,0,0,0,0,0,0,0,0,0,0,0,0,0,0,0,0,0,0,7047,1141,908,93,16.0,64,0.300,43.620,600.0,2394.0,0.1,0.0,0.0,0.0,0.0,0.0,0.0,0.0,1.0,163,16029,163,No,No,No,No,No,No,No,No,16.746,68.277,100.0,0.000,24.1,0,0,0,0.0,3.0,25.2,1.9,1.9,1.9,1.9,3.1,15.0,2.0,2.0,2.0,2.0,333.28,518.77,39.65,32.14,520.21,520.21,0.88,332.40,332.64,0.64,444.63,647,7,0.1,0.0,0,0,0.0,0.0,0,
9.6.2026,13:30:30.878,21706,27061,44.5,17547,14837,54.1,11.5,16384,1881,0.872,0.869,0.886,0.872,0.875,0.873,0.880,0.869,0.869,0.869,0.867,0.871,0.869,0.870,0.871,0.808,0.783,2650.7,3092.4,3092.4,3092.4,3092.4,3092.4,3092.4,2493.9,2493.9,2493.9,1097.3,2493.9,2493.9,2493.9,2493.9,99.8,2493.9,2837.8,3076.4,3076.9,3080.1,3080.2,3073.9,3079.6,3075.1,3074.2,3079.7,3080.0,3081.2,3081.3,2461.1,2474.9,2473.8,2480.8,2481.6,2481.7,2481.3,2482.3,2926.8,100.0,100.0,100.0,100.0,100.0,100.0,100.0,100.0,100.0,100.0,100.0,100.0,100.0,100.0,100.0,100.0,100.0,100.0,100.0,100.0,100.0,100.0,100.0,100.0,122.8,117.1,117.1,117.1,117.1,117.1,117.1,116.9,116.9,117.1,117.1,117.1,117.1,131.3,131.3,131.3,131.3,131.2,131.2,131.2,131.2,122.8,26.6,31.0,31.0,31.0,31.0,31.0,31.0,25.0,25.0,25.0,11.0,25.0,25.0,25.0,25.0,25.0,66,69,66,68,64,67,65,67,67,67,67,65,66,66,65,34,31,34,32,36,33,35,33,33,33,33,35,34,34,35,76,69,No,No,No,No,No,No,No,No,No,No,No,No,No,No,No,No,No,No,No,No,No,No,No,No,No,No,No,No,No,No,Yes,Yes,Yes,Yes,Yes,Yes,Yes,Yes,Yes,Yes,Yes,Yes,Yes,Yes,Yes,No,No,Yes,76,69,63,1.100,43.876,44.711,37.507,0.001,5.478,0.680,175.0,175.0,175.0,175.0,0,0.0,99.7,99.7,99.7,99.8,99.8,99.6,99.8,99.8,99.8,99.8,99.8,99.8,99.8,98.8,99.4,99.3,99.6,99.7,99.7,99.7,99.7,0.0,0.0,0.0,0.0,0.0,0.0,0.0,0.0,0.0,0.0,0.0,0.0,0.0,0.0,0.0,0.0,0.0,0.0,0.0,0.0,0.0,0.0,0.0,0.0,0.0,0.0,0.0,0.0,0.0,0.0,0.0,0.0,0.0,0.0,0.0,0.0,0.0,2194.6,22.00,32,32,32,62,103,351,2,2,Yes,No,No,No,No,No,No,No,Yes,No,No,No,No,Yes,No,No,No,No,No,No,No,Yes,No,No,No,No,No,No,No,No,No,No,No,No,No,No,No,No,83.0,4260,2460,4080,64.5,1.110,1.110,1.800,1.815,1.005,5.110,1.875,No,No,No,65.0,1.110,1.110,1.800,1.815,1.005,5.110,1.125,No,No,No,41,41,94.0,100.0,No,No,32155,47955,36,70,99.0,100.0,No,No,1844,3246,0.2,1.1,1.3,0.027,0.029,63581,48889,0.0,0.0,0.0,0.000,0.000,164001,82786,58.2,62.0,65.5,83.0,0.870,20.682,20.673,20.691,21.097,9.486,9.503,8.620,18.146,3.000,11.640,7.730,7.766,100.000,140.000,2175.0,2150.2,1875.0,2175.0,1890.0,0.0,0.0,0.0,0.0,13.9,0.0,0.0,0.0,0.0,0.0,Yes,No,No,No,No,Yes,No,0,0,0,0,0,0,0,0,0,0,0,0,0,0,0,0,0,0,0,0,0,0,0,0,0,0,0,0,0,0,7047,1141,908,93,16.0,64,0.300,44.676,600.0,2394.0,0.1,0.0,0.0,0.0,0.0,0.0,0.0,0.0,1.0,163,16029,163,No,No,No,No,No,No,No,No,16.747,68.277,100.0,0.000,24.1,0,0,0,0.0,3.0,25.2,1.9,1.9,1.9,1.9,3.1,15.0,2.0,2.0,2.0,2.0,333.28,518.77,39.65,32.14,520.21,520.21,0.88,332.40,332.64,0.64,444.63,647,7,0.1,0.1,0,0,0.0,0.0,0,
9.6.2026,13:30:32.884,21708,27060,44.5,17551,14832,54.1,11.5,16384,1881,0.873,0.876,0.886,0.896,0.880,0.855,0.866,0.869,0.869,0.869,0.869,0.869,0.873,0.874,0.874,0.808,0.783,2778.9,3092.4,3192.2,3192.2,3192.2,3092.4,3192.2,2493.9,2493.9,2493.9,2493.9,2493.9,2493.9,2493.9,2493.9,99.8,2493.9,2852.5,3093.5,3093.7,3096.4,3095.9,3088.4,3096.7,3093.1,3093.6,3098.0,3096.8,3098.2,3097.9,2475.9,2488.4,2487.7,2495.8,2489.5,2489.9,2490.1,2490.0,2943.1,100.0,100.0,100.0,100.0,100.0,100.0,100.0,100.0,100.0,100.0,99.9,100.0,100.0,100.0,100.0,100.0,100.0,100.0,100.0,100.0,100.0,100.0,100.0,100.0,123.4,117.7,117.7,117.7,117.7,117.7,117.7,117.6,117.6,117.7,117.7,117.7,117.7,132.0,132.0,132.0,132.0,131.7,131.7,131.7,131.7,123.4,27.9,31.0,32.0,32.0,32.0,31.0,32.0,25.0,25.0,25.0,25.0,25.0,25.0,25.0,25.0,25.0,67,69,66,68,67,67,68,67,67,67,67,66,65,65,65,33,31,34,32,33,33,32,33,33,33,33,34,35,35,35,75,69,No,No,No,No,No,No,No,No,No,No,No,No,No,No,No,No,No,No,No,No,No,No,No,No,No,No,No,No,No,No,Yes,Yes,Yes,Yes,Yes,Yes,Yes,Yes,Yes,Yes,Yes,Yes,Yes,Yes,Yes,No,No,Yes,76,69,65,1.100,45.563,44.694,37.463,0.002,5.589,0.743,175.0,175.0,175.0,175.0,0,0.0,99.7,99.7,99.7,99.8,99.8,99.5,99.8,99.8,99.8,99.8,99.8,99.8,99.8,98.8,99.3,99.3,99.6,99.7,99.7,99.7,99.7,0.0,0.0,0.0,0.0,0.0,0.0,0.0,0.0,0.0,0.0,0.0,0.0,0.0,0.0,0.0,0.0,0.0,0.0,0.0,0.0,0.0,0.0,0.0,0.0,0.0,0.0,0.0,0.0,0.0,0.0,0.0,0.0,0.0,0.0,0.0,0.0,0.0,2394.1,24.00,36,35,35,68,103,383,2,2,Yes,No,No,No,No,No,No,No,Yes,No,No,No,No,Yes,No,No,No,No,No,No,No,Yes,No,No,No,No,No,No,No,No,No,No,No,No,No,No,No,No,82.0,4260,2460,4080,64.5,1.110,1.110,1.815,1.815,1.005,5.110,1.625,No,No,No,65.2,1.110,1.110,1.800,1.815,1.005,5.110,1.375,No,No,No,41,41,94.0,100.0,No,No,32155,47955,36,70,99.0,100.0,No,No,1844,3246,0.2,0.3,0.5,0.016,0.011,63581,48889,0.0,0.0,0.0,0.000,0.000,164001,82786,58.2,62.0,65.4,83.0,0.870,20.687,20.677,20.698,21.165,9.461,9.458,8.602,18.069,3.000,11.611,7.728,7.762,100.000,140.000,2175.0,2150.2,1875.0,2175.0,1890.0,0.0,0.0,0.0,0.0,13.9,0.1,0.3,0.0,0.0,0.0,Yes,No,No,No,No,Yes,No,0,0,0,0,0,0,0,0,0,0,0,0,0,0,0,0,0,0,0,0,0,0,0,0,0,0,0,0,0,0,7047,1141,908,76,16.0,64,0.300,42.893,550.0,2194.0,0.2,0.0,0.0,0.0,0.0,0.0,0.0,0.0,1.0,163,16029,163,No,No,No,No,No,No,No,No,16.746,68.277,100.0,0.000,24.1,0,0,0,0.0,3.0,25.2,1.9,1.9,1.9,1.9,3.1,15.0,2.0,2.0,2.0,2.0,333.28,518.77,39.65,32.14,520.21,520.21,0.88,332.40,332.64,0.64,444.63,647,7,0.1,0.2,0,0,0.0,0.0,0,
9.6.2026,13:30:34.881,21707,27061,44.5,17558,14825,54.2,11.5,16384,1881,0.868,0.872,0.865,0.871,0.871,0.875,0.861,0.866,0.867,0.871,0.861,0.855,0.872,0.872,0.868,0.808,0.783,2750.4,3092.4,3092.4,3092.4,3092.4,3092.4,3092.4,2493.9,2493.9,2493.9,2493.9,2493.9,2493.9,2493.9,2493.9,99.8,2493.9,2857.6,3102.2,3099.1,3100.7,3103.4,3094.3,3103.3,3097.3,3099.7,3101.4,3099.8,3100.0,3101.5,2482.3,2492.3,2495.2,2502.4,2494.3,2493.0,2494.5,2495.4,2948.4,99.9,100.0,99.9,99.9,99.9,99.9,100.0,99.9,100.0,99.9,99.9,99.9,100.0,100.0,99.9,99.9,100.0,100.0,99.9,100.0,100.0,100.0,99.9,100.0,123.7,118.1,118.0,118.0,118.1,118.0,118.1,117.9,118.0,118.0,118.0,118.0,118.1,132.6,132.6,132.5,132.6,132.0,131.9,132.0,132.0,123.7,27.6,31.0,31.0,31.0,31.0,31.0,31.0,25.0,25.0,25.0,25.0,25.0,25.0,25.0,25.0,25.0,67,69,67,68,66,67,67,67,67,67,66,65,66,66,66,33,31,33,32,34,33,33,33,33,33,34,35,34,34,34,76,69,No,No,No,No,No,No,No,No,No,No,No,No,No,No,No,No,No,No,No,No,No,No,No,No,No,No,No,No,No,No,Yes,Yes,Yes,Yes,Yes,Yes,Yes,Yes,Yes,Yes,Yes,Yes,Yes,Yes,Yes,No,No,Yes,76,68,65,1.100,43.876,42.411,35.181,0.002,5.604,0.747,175.0,175.0,175.0,175.0,0,0.0,99.6,99.7,99.6,99.7,99.8,99.5,99.8,99.7,99.8,99.7,99.7,99.7,99.8,98.8,99.2,99.4,99.6,99.7,99.6,99.7,99.7,0.0,0.0,0.0,0.0,0.0,0.0,0.0,0.0,0.0,0.1,0.0,0.0,0.1,0.0,0.0,0.0,0.0,0.0,0.0,0.0,0.0,0.0,0.0,0.0,0.0,0.0,0.0,0.0,0.0,0.0,0.0,0.0,0.0,0.0,0.0,0.0,0.0,2394.1,24.00,36,35,35,68,103,383,2,2,Yes,No,No,No,No,No,No,No,Yes,No,No,No,No,Yes,No,No,No,No,No,No,No,Yes,No,No,No,No,No,No,No,No,No,No,No,No,No,No,No,No,83.0,4260,2460,4080,64.8,1.110,1.110,1.800,1.800,1.005,5.110,1.750,No,No,No,65.2,1.110,1.110,1.800,1.815,1.005,5.110,1.125,No,No,No,41,41,94.0,100.0,No,No,32155,47955,36,70,99.0,100.0,No,No,1844,3246,0.5,0.6,1.1,0.107,0.018,63582,48890,0.0,0.0,0.0,0.000,0.000,164001,82786,58.1,64.0,65.5,83.0,0.870,20.682,20.673,20.691,21.142,9.486,9.493,8.641,18.146,3.000,11.646,7.721,7.755,100.000,140.000,2175.0,2150.2,1875.0,2175.0,1890.0,0.0,0.0,0.0,0.0,13.9,0.0,0.0,0.0,0.0,0.0,Yes,No,No,No,No,Yes,No,0,0,0,0,0,0,0,0,0,0,0,0,0,0,0,0,0,0,0,0,0,0,0,0,0,0,0,0,0,0,7047,1141,908,76,16.0,64,0.300,44.310,550.0,2394.0,0.2,0.0,0.0,0.0,0.0,0.0,0.0,0.0,1.0,163,16029,163,No,No,No,No,No,No,No,No,16.747,68.277,100.0,0.000,24.1,0,0,0,0.0,3.0,25.2,1.9,1.9,1.9,1.9,3.1,15.0,2.0,2.0,2.0,2.0,333.28,518.77,39.65,32.14,520.21,520.21,0.88,332.40,332.64,0.64,444.63,647,7,0.3,0.1,0,0,0.0,0.0,0,
9.6.2026,13:30:36.886,21711,27056,44.5,17562,14822,54.2,11.5,16384,1881,0.874,0.871,0.877,0.876,0.868,0.869,0.874,0.877,0.867,0.873,0.873,0.873,0.873,0.879,0.879,0.811,0.783,2750.4,3092.4,3092.4,3092.4,3092.4,3092.4,3092.4,2493.9,2493.9,2493.9,2493.9,2493.9,2493.9,2493.9,2493.9,99.8,2493.9,2868.8,3110.8,3110.7,3112.1,3110.2,3107.0,3116.0,3115.5,3114.9,3114.5,3112.5,3114.0,3116.3,2490.0,2499.3,2509.7,2513.2,2500.4,2502.5,2503.0,2502.9,2960.4,99.9,99.9,99.9,99.9,99.8,99.9,100.0,100.0,100.0,99.9,99.9,99.9,100.0,99.9,99.9,99.9,100.0,99.9,100.0,100.0,99.9,100.0,99.9,100.0,124.1,118.4,118.4,118.4,118.3,118.4,118.5,118.5,118.5,118.4,118.4,118.4,118.5,133.0,133.0,133.0,133.1,132.3,132.4,132.4,132.4,124.1,27.6,31.0,31.0,31.0,31.0,31.0,31.0,25.0,25.0,25.0,25.0,25.0,25.0,25.0,25.0,25.0,66,69,65,68,64,67,67,67,66,66,66,65,65,65,65,34,31,35,32,36,33,33,33,34,34,34,35,35,35,35,76,69,No,No,No,No,No,No,No,No,No,No,No,No,No,No,No,No,No,No,No,No,No,No,No,No,No,No,No,No,No,No,Yes,Yes,Yes,Yes,Yes,Yes,Yes,Yes,Yes,Yes,Yes,Yes,Yes,Yes,Yes,No,No,Yes,75,69,64,1.100,45.563,44.739,37.655,0.002,5.505,0.686,175.0,175.0,175.0,175.0,0,0.0,99.6,99.6,99.6,99.7,99.6,99.5,99.8,99.8,99.8,99.7,99.7,99.7,99.8,98.7,99.0,99.4,99.6,99.6,99.6,99.7,99.6,0.0,0.0,0.0,0.0,0.0,0.0,0.0,0.1,0.1,0.1,0.0,0.1,0.0,0.0,0.1,0.0,0.0,0.0,0.0,0.0,0.0,0.0,0.0,0.0,0.0,0.0,0.0,0.0,0.0,0.0,0.0,0.0,0.0,0.0,0.0,0.0,0.0,2394.1,24.00,36,35,35,68,103,383,2,2,Yes,No,No,No,No,No,No,No,Yes,No,No,No,No,Yes,No,No,No,No,No,No,No,Yes,No,No,No,No,No,No,No,No,No,No,No,No,No,No,No,No,82.0,4260,2460,4080,64.8,1.110,1.110,1.800,1.815,1.005,5.110,3.125,No,No,No,65.5,1.110,1.110,1.800,1.815,1.005,5.110,1.125,No,No,No,41,41,94.0,100.0,No,No,32155,47955,36,70,99.0,100.0,No,No,1844,3246,1.6,0.5,2.1,0.016,0.199,63582,48890,0.0,0.0,0.0,0.000,0.000,164001,82786,58.1,62.0,65.5,83.0,0.870,20.685,20.676,20.694,21.119,9.499,9.529,8.643,18.190,3.000,11.656,7.722,7.755,100.000,140.000,2175.0,2150.2,1875.0,2175.0,1890.0,0.0,0.0,0.0,0.0,13.9,0.0,0.0,0.0,0.0,0.0,Yes,No,No,No,No,Yes,No,0,0,0,0,0,0,0,0,0,0,0,0,0,0,0,0,0,0,0,0,0,0,0,0,0,0,0,0,0,0,7047,1141,908,76,16.0,63,0.300,45.098,600.0,2394.0,0.2,0.0,0.0,0.0,0.0,0.0,0.0,0.0,1.0,163,16029,163,No,No,No,No,No,No,No,No,16.746,68.277,100.0,0.000,24.1,0,0,0,0.0,1.4,1.4,1.4,1.4,1.4,1.4,1.4,1.4,1.4,1.4,1.4,1.4,731.75,731.75,731.75,731.75,731.75,731.75,1.01,730.82,731.15,0.61,293.74,647,7,0.0,0.0,0,0,0.0,0.0,0,
9.6.2026,13:30:38.873,21707,27061,44.5,17557,14826,54.2,11.5,16384,1881,0.882,0.886,0.890,0.888,0.877,0.873,0.895,0.890,0.869,0.896,0.877,0.877,0.866,0.881,0.881,0.818,0.783,2743.3,3192.2,3192.2,3192.2,3192.2,3192.2,3192.2,2593.7,1097.3,2593.7,2593.7,2593.7,2593.7,2593.7,2593.7,99.8,2593.7,2848.8,3085.5,3086.0,3088.0,3089.9,3083.2,3090.1,3086.3,3087.3,3092.3,3092.4,3093.9,3094.7,2472.3,2483.2,2487.1,2495.2,2491.2,2492.3,2492.5,2492.5,2938.0,100.0,100.0,100.0,100.0,100.0,100.0,100.0,100.0,100.0,100.0,100.0,100.0,100.0,100.0,100.0,100.0,100.0,100.0,100.0,100.0,100.0,100.0,100.0,100.0,123.1,117.4,117.5,117.4,117.5,117.4,117.4,117.3,117.3,117.5,117.4,117.5,117.5,131.7,131.7,131.7,131.7,131.5,131.5,131.5,131.5,123.1,27.5,32.0,32.0,32.0,32.0,32.0,32.0,26.0,11.0,26.0,26.0,26.0,26.0,26.0,26.0,26.0,66,67,65,68,64,66,64,66,67,66,66,65,65,65,65,34,33,35,32,36,34,36,34,33,34,34,35,35,35,35,76,68,No,No,No,No,No,No,No,No,No,No,No,No,No,No,No,No,No,No,No,No,No,No,No,No,No,No,No,No,No,No,Yes,Yes,Yes,Yes,Yes,Yes,Yes,Yes,Yes,Yes,Yes,Yes,Yes,Yes,Yes,No,No,Yes,74,69,64,1.100,43.876,45.756,38.720,0.002,5.552,0.711,175.0,175.0,175.0,175.0,0,0.0,99.7,99.7,99.7,99.8,99.8,99.6,99.8,99.8,99.8,99.8,99.8,99.8,99.8,98.8,99.2,99.4,99.7,99.7,99.7,99.7,99.7,0.0,0.0,0.0,0.0,0.0,0.0,0.0,0.0,0.0,0.0,0.0,0.0,0.0,0.0,0.0,0.0,0.0,0.0,0.0,0.0,0.0,0.0,0.0,0.0,0.0,0.0,0.0,0.0,0.0,0.0,0.0,0.0,0.0,0.0,0.0,0.0,0.0,2194.6,22.00,32,32,32,62,103,351,2,2,Yes,No,No,No,No,No,No,No,Yes,No,No,No,No,Yes,No,No,No,No,No,No,No,Yes,No,No,No,No,No,No,No,No,No,No,No,No,No,No,No,No,82.0,4200,2460,4020,65.0,1.110,1.110,1.800,1.815,1.005,5.110,1.000,No,No,No,65.5,1.110,1.110,1.800,1.815,1.005,5.110,1.000,No,No,No,41,41,94.0,100.0,No,No,32155,47955,36,70,99.0,100.0,No,No,1844,3246,0.1,1.4,1.5,0.001,0.078,63582,48890,0.0,0.0,0.0,0.000,0.000,164001,82786,58.0,64.0,65.4,83.0,0.870,20.697,20.685,20.709,21.180,9.463,9.465,8.605,18.079,3.000,11.621,7.717,7.751,100.000,140.000,2175.0,2150.2,1875.0,2175.0,1890.0,0.0,0.0,0.0,0.0,13.9,0.0,0.0,0.0,0.0,0.0,Yes,No,No,No,No,Yes,No,0,0,0,0,0,0,0,0,0,0,0,0,0,0,0,0,0,0,0,0,0,0,0,0,0,0,0,0,0,0,7047,1141,908,77,16.0,65,0.300,45.431,600.0,2394.0,0.2,0.0,0.0,0.0,0.0,0.0,0.0,0.0,1.0,163,16029,163,No,No,No,No,No,No,No,No,16.747,68.277,100.0,0.000,24.1,0,0,0,0.0,1.4,1.4,1.4,1.4,1.4,1.4,1.4,1.4,1.4,1.4,1.4,1.4,731.75,731.75,731.75,731.75,731.75,731.75,1.01,730.82,731.15,0.61,293.74,647,7,0.1,0.0,0,0,0.0,0.0,0,
9.6.2026,13:30:40.883,21705,27062,44.5,17559,14825,54.2,11.5,16384,1881,0.874,0.879,0.889,0.878,0.884,0.869,0.873,0.868,0.867,0.866,0.878,0.872,0.872,0.871,0.866,0.818,0.783,2786.0,3192.2,3192.2,3192.2,3192.2,3092.4,3092.4,2493.9,2493.9,2493.9,2593.7,2493.9,2493.9,2493.9,2493.9,99.8,2593.7,2894.6,3139.1,3139.0,3142.3,3142.1,3135.8,3141.9,3140.9,3141.3,3141.5,3140.8,3139.3,3139.2,2523.1,2530.2,2530.1,2532.2,2523.5,2523.1,2523.2,2523.3,2987.4,100.0,100.0,100.0,100.0,100.0,100.0,100.0,100.0,100.0,100.0,100.0,100.0,100.0,100.0,100.0,100.0,100.0,100.0,100.0,100.0,100.0,100.0,100.0,100.0,125.3,119.5,119.5,119.5,119.5,119.5,119.5,119.5,119.5,119.5,119.5,119.5,119.5,134.2,134.2,134.2,134.2,133.8,133.8,133.8,133.8,125.3,27.9,32.0,32.0,32.0,32.0,31.0,31.0,25.0,25.0,25.0,26.0,25.0,25.0,25.0,25.0,26.0,66,68,65,69,66,67,65,68,66,66,67,66,65,66,65,34,32,35,31,34,33,35,32,34,34,33,34,35,34,35,76,69,No,No,No,No,No,No,No,No,No,No,No,No,No,No,No,No,No,No,No,No,No,No,No,No,No,No,No,No,No,No,Yes,Yes,Yes,Yes,Yes,Yes,Yes,Yes,Yes,Yes,Yes,Yes,Yes,Yes,Yes,No,No,Yes,76,69,64,1.100,42.188,41.895,34.729,0.002,5.463,0.705,175.0,175.0,175.0,175.0,0,0.0,99.7,99.7,99.7,99.8,99.8,99.6,99.8,99.8,99.8,99.8,99.8,99.8,99.8,99.3,99.6,99.6,99.7,99.7,99.7,99.7,99.7,0.0,0.0,0.0,0.0,0.0,0.0,0.0,0.0,0.0,0.0,0.0,0.0,0.0,0.0,0.0,0.0,0.0,0.0,0.0,0.0,0.0,0.0,0.0,0.0,0.0,0.0,0.0,0.0,0.0,0.0,0.0,0.0,0.0,0.0,0.0,0.0,0.0,2194.6,22.00,32,32,32,62,103,351,2,2,Yes,No,No,No,No,No,No,No,Yes,No,No,No,No,Yes,No,No,No,No,No,No,No,Yes,No,No,No,No,No,No,No,No,No,No,No,No,No,No,No,No,82.0,4080,2460,3960,65.0,1.095,1.110,1.800,1.815,1.005,5.110,2.250,No,No,No,65.5,1.095,1.110,1.800,1.815,1.005,5.110,1.500,No,No,No,41,41,94.0,100.0,No,No,32155,47955,36,70,99.0,100.0,No,No,1844,3246,0.1,0.9,1.1,0.004,0.021,63582,48890,0.0,0.0,0.0,0.000,0.000,164001,82786,58.0,62.0,65.4,83.0,0.870,20.682,20.673,20.692,21.154,9.485,9.496,8.641,18.147,3.000,11.643,7.717,7.750,100.000,140.000,2175.0,2150.2,1875.0,2175.0,1890.0,0.0,0.0,0.0,0.0,13.9,0.0,0.0,0.0,0.0,0.0,Yes,No,No,No,No,Yes,No,0,0,0,0,0,0,0,0,0,0,0,0,0,0,0,0,0,0,0,0,0,0,0,0,0,0,0,0,0,0,7047,1141,908,77,16.0,64,0.300,40.502,600.0,2194.0,0.2,0.0,0.0,0.0,0.0,0.0,0.0,0.0,1.0,163,16029,163,No,No,No,No,No,No,No,No,16.747,68.277,100.0,0.000,24.1,0,0,0,0.0,1.4,1.4,1.4,1.4,1.4,1.4,1.4,1.4,1.4,1.4,1.4,1.4,731.75,731.75,731.75,731.75,731.75,731.75,1.01,730.82,731.15,0.61,293.74,647,7,0.0,0.0,0,0,0.0,0.0,0,
9.6.2026,13:30:42.886,21710,27058,44.5,17561,14823,54.2,11.5,16384,1881,0.875,0.875,0.871,0.869,0.874,0.876,0.874,0.869,0.864,0.869,0.874,0.876,0.889,0.891,0.886,0.808,0.783,2750.4,3092.4,3092.4,3092.4,3092.4,3092.4,3092.4,2493.9,2493.9,2493.9,2493.9,2493.9,2493.9,2493.9,2493.9,99.8,2493.9,2883.3,3131.2,3130.9,3133.8,3133.6,3126.5,3131.6,3126.3,3126.3,3132.1,3132.0,3130.9,3130.7,2503.6,2510.0,2522.9,2524.4,2510.0,2510.0,2509.8,2510.3,2976.7,100.0,100.0,100.0,100.0,100.0,100.0,100.0,100.0,100.0,100.0,100.0,100.0,100.0,100.0,100.0,100.0,100.0,100.0,100.0,100.0,100.0,100.0,100.0,100.0,124.9,119.2,119.2,119.2,119.2,119.2,119.2,119.0,119.0,119.2,119.2,119.2,119.2,133.8,133.8,133.8,133.8,133.0,133.0,133.0,133.0,124.9,27.6,31.0,31.0,31.0,31.0,31.0,31.0,25.0,25.0,25.0,25.0,25.0,25.0,25.0,25.0,25.0,66,68,66,68,64,66,67,67,67,67,67,64,64,65,65,34,32,34,32,36,34,33,33,33,33,33,36,36,35,35,76,68,No,No,No,No,No,No,No,No,No,No,No,No,No,No,No,No,No,No,No,No,No,No,No,No,No,No,No,No,No,No,Yes,Yes,Yes,Yes,Yes,Yes,Yes,Yes,Yes,Yes,Yes,Yes,Yes,Yes,Yes,No,No,Yes,76,69,65,1.100,43.032,44.436,37.224,0.001,5.536,0.780,175.0,175.0,175.0,175.0,0,0.0,99.6,99.7,99.7,99.8,99.8,99.6,99.8,99.8,99.8,99.8,99.8,99.8,99.8,98.8,99.0,99.5,99.6,99.7,99.7,99.7,99.7,0.0,0.0,0.0,0.0,0.0,0.0,0.0,0.0,0.0,0.0,0.0,0.0,0.0,0.0,0.0,0.0,0.0,0.0,0.0,0.0,0.0,0.0,0.0,0.0,0.0,0.0,0.0,0.0,0.0,0.0,0.0,0.0,0.0,0.0,0.0,0.0,0.0,2394.1,24.00,36,35,35,68,103,383,2,2,Yes,No,No,No,No,No,No,No,Yes,No,No,No,No,Yes,No,No,No,No,No,No,No,Yes,No,No,No,No,No,No,No,No,No,No,No,No,No,No,No,No,82.0,4200,2460,3960,65.0,1.095,1.110,1.800,1.815,1.005,5.110,1.750,No,No,No,65.8,1.095,1.110,1.800,1.815,1.005,5.110,1.375,No,No,No,41,41,94.0,100.0,No,No,32155,47955,36,70,99.0,100.0,No,No,1844,3246,0.3,0.9,1.2,0.006,0.069,63582,48890,0.0,0.0,0.0,0.000,0.000,164001,82786,58.0,62.0,65.4,83.0,0.870,20.672,20.665,20.679,21.166,9.503,9.529,8.659,18.198,3.000,11.675,7.712,7.746,100.000,140.000,2175.0,2150.2,1875.0,2175.0,1890.0,0.0,0.0,0.0,0.0,13.9,0.0,0.0,0.0,0.0,0.0,Yes,No,No,No,No,Yes,No,0,0,0,0,0,0,0,0,0,0,0,0,0,0,0,0,0,0,0,0,0,0,0,0,0,0,0,0,0,0,7047,1141,908,77,16.0,64,0.300,48.069,600.0,2194.0,0.1,0.0,0.0,0.0,0.0,0.0,0.0,0.0,1.0,163,16029,163,No,No,No,No,No,No,No,No,16.747,68.277,100.0,0.000,24.1,0,0,0,0.0,1.4,1.4,1.4,1.4,1.4,1.4,1.4,1.4,1.4,1.4,1.4,1.4,731.75,731.75,731.75,731.75,731.75,731.75,1.01,730.82,731.15,0.61,293.74,647,7,0.0,0.0,0,0,0.0,0.0,0,
9.6.2026,13:30:44.880,21707,27061,44.5,17559,14825,54.2,11.5,16384,1881,0.869,0.867,0.868,0.875,0.876,0.882,0.879,0.863,0.873,0.869,0.869,0.868,0.857,0.857,0.857,0.818,0.783,2793.2,3192.2,3092.4,3092.4,3092.4,3192.2,3192.2,2493.9,2493.9,2593.7,2593.7,2593.7,2493.9,2493.9,2493.9,99.8,2593.7,2871.8,3115.5,3115.5,3119.2,3118.9,3112.3,3119.2,3115.6,3115.9,3119.1,3119.4,3119.4,3118.9,2495.5,2503.5,2510.0,2517.1,2499.9,2500.2,2500.7,2500.4,2964.7,100.0,100.0,100.0,100.0,100.0,100.0,100.0,100.0,100.0,100.0,100.0,100.0,100.0,100.0,100.0,100.0,100.0,100.0,100.0,100.0,100.0,100.0,100.0,100.0,124.2,118.6,118.6,118.6,118.6,118.6,118.6,118.5,118.5,118.6,118.6,118.6,118.6,133.2,133.2,133.2,133.2,132.2,132.2,132.2,132.2,124.2,28.0,32.0,31.0,31.0,31.0,32.0,32.0,25.0,25.0,26.0,26.0,26.0,25.0,25.0,25.0,26.0,66,69,67,67,66,66,67,66,66,67,67,65,65,65,66,34,31,33,33,34,34,33,34,34,33,33,35,35,35,34,75,69,No,No,No,No,No,No,No,No,No,No,No,No,No,No,No,No,No,No,No,No,No,No,No,No,No,No,No,No,No,No,Yes,Yes,Yes,Yes,Yes,Yes,Yes,Yes,Yes,Yes,Yes,Yes,Yes,Yes,Yes,No,No,Yes,75,69,64,1.100,43.032,45.979,38.561,0.002,5.709,0.829,175.0,175.0,175.0,175.0,0,0.0,99.6,99.7,99.7,99.8,99.8,99.6,99.8,99.8,99.8,99.8,99.8,99.8,99.8,98.8,99.1,99.4,99.6,99.7,99.7,99.7,99.7,0.0,0.0,0.0,0.0,0.0,0.0,0.0,0.0,0.0,0.0,0.0,0.0,0.0,0.0,0.0,0.0,0.0,0.0,0.0,0.0,0.0,0.0,0.0,0.0,0.0,0.0,0.0,0.0,0.0,0.0,0.0,0.0,0.0,0.0,0.0,0.0,0.0,2394.1,24.00,36,35,35,68,103,383,2,2,Yes,No,No,No,No,No,No,No,Yes,No,No,No,No,Yes,No,No,No,No,No,No,No,Yes,No,No,No,No,No,No,No,No,No,No,No,No,No,No,No,No,82.0,4260,2460,4080,65.2,1.095,1.110,1.815,1.815,1.005,5.110,1.250,No,No,No,65.8,1.095,1.110,1.800,1.815,1.005,5.110,1.375,No,No,No,41,41,94.0,100.0,No,No,32155,47955,36,70,99.0,100.0,No,No,1844,3246,0.3,0.8,1.0,0.004,0.022,63582,48890,0.0,0.0,0.0,0.000,0.000,164001,82786,58.0,62.0,65.3,83.0,0.870,20.678,20.669,20.687,21.128,9.484,9.499,8.640,18.142,3.000,11.647,7.712,7.746,100.000,140.000,2175.0,2150.2,1875.0,2175.0,1890.0,0.0,0.0,0.0,0.0,13.9,0.0,0.0,0.0,0.0,0.0,Yes,No,No,No,No,Yes,No,0,0,0,0,0,0,0,0,0,0,0,0,0,0,0,0,0,0,0,0,0,0,0,0,0,0,0,0,0,0,7047,1141,908,76,16.0,64,0.300,43.674,600.0,2394.0,0.2,0.0,0.0,0.0,0.0,0.0,0.0,0.0,1.0,163,16029,163,No,No,No,No,No,No,No,No,16.747,68.277,100.0,0.000,24.1,0,0,0,0.0,1.4,1.4,1.4,1.4,1.4,1.4,1.4,1.4,1.4,1.4,1.4,1.4,731.75,731.75,731.75,731.75,731.75,731.75,1.01,730.82,731.15,0.61,293.74,647,7,0.1,0.1,0,0,0.0,0.0,0,
9.6.2026,13:30:46.878,21707,27061,44.5,17557,14827,54.2,11.5,16384,1881,0.888,0.896,0.872,0.891,0.889,0.898,0.898,0.899,0.899,0.893,0.889,0.877,0.869,0.883,0.876,0.818,0.783,2850.2,3192.2,3192.2,3192.2,3192.2,3192.2,3192.2,2593.7,2593.7,2593.7,2593.7,2593.7,2593.7,2593.7,2593.7,99.8,2593.7,2894.1,3136.9,3137.5,3139.8,3139.7,3133.0,3140.2,3135.5,3135.7,3139.3,3140.0,3140.8,3141.0,2514.2,2516.4,2532.5,2536.5,2530.5,2531.1,2530.5,2531.8,2984.9,100.0,100.0,100.0,100.0,100.0,100.0,100.0,100.0,100.0,100.0,100.0,100.0,100.0,100.0,100.0,100.0,100.0,100.0,100.0,100.0,100.0,100.0,100.0,100.0,125.2,119.4,119.4,119.4,119.4,119.4,119.4,119.2,119.2,119.3,119.4,119.4,119.4,134.1,134.1,134.1,134.1,133.8,133.8,133.8,133.8,125.2,28.6,32.0,32.0,32.0,32.0,32.0,32.0,26.0,26.0,26.0,26.0,26.0,26.0,26.0,26.0,26.0,66,66,67,67,66,66,65,66,67,67,66,66,65,65,66,34,34,33,33,34,34,35,34,33,33,34,34,35,35,34,76,67,No,No,No,No,No,No,No,No,No,No,No,No,No,No,No,No,No,No,No,No,No,No,No,No,No,No,No,No,No,No,Yes,Yes,Yes,Yes,Yes,Yes,Yes,Yes,Yes,Yes,Yes,Yes,Yes,Yes,Yes,No,No,Yes,76,68,64,1.100,35.438,43.793,36.546,0.002,5.588,0.759,175.0,175.0,175.0,175.0,0,0.0,99.6,99.7,99.7,99.8,99.8,99.6,99.8,99.8,99.8,99.8,99.8,99.8,99.8,98.8,98.9,99.5,99.7,99.7,99.7,99.7,99.7,0.0,0.0,0.0,0.0,0.0,0.0,0.0,0.0,0.0,0.0,0.0,0.0,0.0,0.0,0.0,0.0,0.0,0.0,0.0,0.0,0.0,0.0,0.0,0.0,0.0,0.0,0.0,0.0,0.0,0.0,0.0,0.0,0.0,0.0,0.0,0.0,0.0,2394.1,24.00,36,35,35,68,103,383,2,2,Yes,No,No,No,No,No,No,No,Yes,No,No,No,No,Yes,No,No,No,No,No,No,No,Yes,No,No,No,No,No,No,No,No,No,No,No,No,No,No,No,No,82.0,4260,2460,4080,65.2,1.095,1.110,1.800,1.815,1.005,5.110,1.625,No,No,No,65.8,1.095,1.110,1.800,1.800,1.005,5.110,2.500,No,No,No,41,41,94.0,100.0,No,No,32155,47955,36,70,99.0,100.0,No,No,1844,3246,0.1,1.5,1.6,0.002,0.068,63582,48890,0.0,0.0,0.0,0.000,0.000,164001,82786,58.0,62.0,65.3,83.0,0.870,20.672,20.665,20.679,21.131,9.496,9.524,8.659,18.177,3.000,11.658,7.710,7.743,100.000,140.000,2175.0,2150.2,1875.0,2175.0,1890.0,0.0,0.0,0.0,0.0,13.9,0.0,0.0,0.0,0.0,0.0,Yes,No,No,No,No,Yes,No,0,0,0,0,0,0,0,0,0,0,0,0,0,0,0,0,0,0,0,0,0,0,0,0,0,0,0,0,0,0,7047,1141,908,75,16.0,64,0.300,42.969,600.0,2394.0,0.2,0.0,0.0,0.0,0.0,0.0,0.0,0.0,1.0,163,16029,163,No,No,No,No,No,No,No,No,16.747,68.277,100.0,0.000,24.1,0,0,0,0.0,1.4,1.4,1.4,1.4,1.4,1.4,1.4,1.4,1.4,1.4,1.4,1.4,731.75,731.75,731.75,731.75,731.75,731.75,1.01,730.82,731.15,0.61,293.74,647,7,0.2,0.0,0,0,0.0,0.0,0,
9.6.2026,13:30:48.876,21706,27062,44.5,17558,14826,54.2,11.5,16384,1881,0.885,0.900,0.894,0.896,0.878,0.882,0.884,0.871,0.878,0.878,0.883,0.876,0.891,0.891,0.881,0.818,0.783,2807.4,3192.2,3192.2,3192.2,3192.2,3192.2,3192.2,2493.9,2493.9,2493.9,2593.7,2593.7,2493.9,2493.9,2493.9,99.8,2593.7,2896.3,3139.3,3138.8,3142.5,3142.0,3136.0,3142.7,3134.2,3134.2,3141.3,3141.6,3142.3,3142.4,2520.5,2529.9,2533.7,2538.5,2531.2,2531.1,2531.5,2531.4,2987.5,100.0,100.0,100.0,100.0,100.0,100.0,100.0,100.0,100.0,100.0,100.0,100.0,100.0,100.0,100.0,100.0,100.0,100.0,100.0,100.0,100.0,100.0,100.0,100.0,125.4,119.5,119.5,119.5,119.5,119.5,119.5,119.2,119.2,119.5,119.5,119.5,119.5,134.4,134.4,134.4,134.4,134.0,134.0,134.0,134.0,125.4,28.1,32.0,32.0,32.0,32.0,32.0,32.0,25.0,25.0,25.0,26.0,26.0,25.0,25.0,25.0,26.0,66,68,66,65,66,67,67,66,67,67,66,65,64,64,64,34,32,34,35,34,33,33,34,33,33,34,35,36,36,36,75,68,No,No,No,No,No,No,No,No,No,No,No,No,No,No,No,No,No,No,No,No,No,No,No,No,No,No,No,No,No,No,Yes,Yes,Yes,Yes,Yes,Yes,Yes,Yes,Yes,Yes,Yes,Yes,Yes,Yes,Yes,No,No,Yes,76,67,64,1.100,39.657,44.560,37.329,0.002,5.578,0.769,175.0,175.0,175.0,175.0,0,0.0,99.7,99.7,99.7,99.8,99.8,99.6,99.8,99.8,99.8,99.8,99.8,99.8,99.8,98.9,99.3,99.5,99.6,99.7,99.7,99.7,99.7,0.0,0.0,0.0,0.0,0.0,0.0,0.0,0.0,0.0,0.0,0.0,0.0,0.0,0.0,0.0,0.0,0.0,0.0,0.0,0.0,0.0,0.0,0.0,0.0,0.0,0.0,0.0,0.0,0.0,0.0,0.0,0.0,0.0,0.0,0.0,0.0,0.0,2394.1,24.00,36,35,35,68,103,383,2,2,Yes,No,No,No,No,No,No,No,Yes,No,No,No,No,Yes,No,No,No,No,No,No,No,Yes,No,No,No,No,No,No,No,No,No,No,No,No,No,No,No,No,83.0,4260,2460,4080,65.5,1.095,1.110,1.800,1.800,1.005,5.110,2.750,No,No,No,66.0,1.095,1.110,1.800,1.800,1.005,5.110,2.250,No,No,No,40,40,94.0,100.0,No,No,32155,47955,36,70,99.0,100.0,No,No,1844,3246,0.1,0.8,0.9,0.010,0.016,63582,48890,0.0,0.0,0.0,0.000,0.000,164001,82786,57.9,62.0,65.2,83.0,0.870,20.672,20.665,20.679,21.133,9.476,9.494,8.617,18.136,3.000,11.634,7.709,7.743,100.000,140.000,2175.0,2150.2,1875.0,2175.0,1890.0,0.0,0.0,0.0,0.0,13.9,0.0,0.0,0.0,0.0,0.0,Yes,No,No,No,No,Yes,No,0,0,0,0,0,0,0,0,0,0,0,0,0,0,0,0,0,0,0,0,0,0,0,0,0,0,0,0,0,0,7047,1141,908,74,16.0,63,0.300,45.383,600.0,2394.0,0.2,0.0,0.0,0.0,0.0,0.0,0.0,0.0,1.0,163,16029,163,No,No,No,No,No,No,No,No,16.746,68.277,100.0,0.000,24.1,0,0,0,0.0,1.4,1.4,1.4,1.4,1.4,1.4,1.4,1.4,1.4,1.4,1.4,1.4,731.75,731.75,731.75,731.75,731.75,731.75,1.01,730.82,731.15,0.61,293.74,647,7,0.4,0.0,0,0,0.0,0.0,0,
9.6.2026,13:30:50.880,21704,27064,44.5,17564,14820,54.2,11.5,16384,1881,0.883,0.869,0.882,0.873,0.868,0.889,0.889,0.893,0.900,0.887,0.887,0.882,0.880,0.880,0.882,0.808,0.781,2821.7,3092.4,3092.4,3092.4,3092.4,3192.2,3192.2,2593.7,2593.7,2593.7,2593.7,2593.7,2593.7,2593.7,2593.7,99.8,2493.9,2888.8,3137.3,3137.1,3139.7,3138.6,3131.6,3139.0,3128.6,3130.4,3138.1,3138.6,3137.5,3137.8,2512.0,2524.1,2525.2,2532.0,2511.4,2512.1,2511.7,2512.7,2983.0,100.0,100.0,100.0,100.0,100.0,100.0,100.0,99.9,100.0,100.0,100.0,100.0,100.0,100.0,100.0,100.0,100.0,100.0,100.0,100.0,100.0,100.0,100.0,100.0,125.0,119.4,119.4,119.4,119.4,119.4,119.5,119.1,119.1,119.4,119.4,119.4,119.4,134.1,134.1,134.1,134.1,133.0,133.0,133.0,133.0,125.0,28.3,31.0,31.0,31.0,31.0,32.0,32.0,26.0,26.0,26.0,26.0,26.0,26.0,26.0,26.0,25.0,66,68,67,67,66,67,65,66,67,67,66,66,66,66,66,34,32,33,33,34,33,35,34,33,33,34,34,34,34,34,76,68,No,No,No,No,No,No,No,No,No,No,No,No,No,No,No,No,No,No,No,No,No,No,No,No,No,No,No,No,No,No,Yes,Yes,Yes,Yes,Yes,Yes,Yes,Yes,Yes,Yes,Yes,Yes,Yes,Yes,Yes,No,No,Yes,75,69,63,1.100,40.501,45.036,37.607,0.001,5.709,0.832,175.0,175.0,175.0,175.0,0,0.0,99.6,99.7,99.7,99.8,99.8,99.5,99.8,99.7,99.8,99.8,99.8,99.8,99.8,98.9,99.3,99.4,99.7,99.7,99.7,99.6,99.7,0.0,0.0,0.0,0.0,0.0,0.0,0.0,0.0,0.0,0.0,0.0,0.0,0.0,0.0,0.0,0.0,0.0,0.0,0.0,0.0,0.0,0.0,0.0,0.0,0.0,0.0,0.0,0.0,0.0,0.0,0.0,0.0,0.0,0.0,0.0,0.0,0.0,2194.6,22.00,32,32,32,62,103,351,2,2,Yes,No,No,No,No,No,No,No,Yes,No,No,No,No,Yes,No,No,No,No,No,No,No,Yes,No,No,No,No,No,No,No,No,No,No,No,No,No,No,No,No,83.0,4260,2400,4080,65.5,1.095,1.110,1.800,1.800,1.005,5.110,2.000,No,No,No,66.0,1.095,1.110,1.800,1.800,1.005,5.110,2.250,No,No,No,41,41,94.0,100.0,No,No,32155,47955,36,70,99.0,100.0,No,No,1844,3246,0.1,1.3,1.4,0.007,0.124,63582,48891,0.0,0.0,0.0,0.000,0.000,164001,82786,58.0,62.0,65.2,83.0,0.870,20.689,20.678,20.701,21.160,9.477,9.492,8.623,18.134,3.000,11.635,7.711,7.743,100.000,140.000,2175.0,2150.2,1875.0,2175.0,1890.0,0.0,0.0,0.0,0.0,13.9,0.0,0.0,0.0,0.0,0.0,Yes,No,No,No,No,Yes,No,0,0,0,0,0,0,0,0,0,0,0,0,0,0,0,0,0,0,0,0,0,0,0,0,0,0,0,0,0,0,7047,1141,908,73,16.0,64,0.300,47.816,550.0,2394.0,0.1,0.0,0.0,0.0,0.0,0.0,0.0,0.0,1.0,163,16029,163,No,No,No,No,No,No,No,No,16.749,68.277,100.0,0.000,24.1,0,0,0,0.0,1.4,1.4,1.4,1.4,1.4,1.4,1.4,1.4,1.4,1.4,1.4,1.4,731.75,731.75,731.75,731.75,731.75,731.75,1.01,730.82,731.15,0.61,293.74,647,7,0.1,0.0,0,0,0.0,0.0,0,
9.6.2026,13:30:52.884,21704,27064,44.5,17564,14820,54.2,11.5,16384,1881,0.901,0.887,0.894,0.903,0.903,0.903,0.903,0.903,0.903,0.903,0.903,0.904,0.904,0.904,0.904,0.818,0.783,2814.5,3192.2,3192.2,3192.2,3092.4,3192.2,3192.2,2593.7,2593.7,2593.7,2593.7,2493.9,2493.9,2493.9,2493.9,99.8,2593.7,2877.9,3121.8,3122.6,3126.1,3125.0,3117.9,3128.7,3114.1,3113.7,3128.9,3128.3,3127.4,3125.0,2500.8,2508.7,2518.5,2522.8,2507.1,2506.6,2507.4,2506.9,2970.6,99.9,99.9,99.9,99.9,99.9,99.9,100.0,99.9,99.9,100.0,100.0,100.0,99.9,99.9,100.0,100.0,100.0,100.0,100.0,100.0,100.0,100.0,99.9,100.0,124.6,118.8,118.9,118.9,118.9,118.8,119.0,118.5,118.5,119.0,119.0,118.9,118.9,133.6,133.6,133.6,133.7,132.8,132.7,132.8,132.7,124.6,28.2,32.0,32.0,32.0,31.0,32.0,32.0,26.0,26.0,26.0,26.0,25.0,25.0,25.0,25.0,26.0,66,70,66,67,63,65,66,66,66,66,66,65,65,65,65,34,30,34,33,37,35,34,34,34,34,34,35,35,35,35,76,70,No,No,No,No,No,No,No,No,No,No,No,No,No,No,No,No,No,No,No,No,No,No,No,No,No,No,No,No,No,No,Yes,Yes,Yes,Yes,Yes,Yes,Yes,Yes,Yes,Yes,Yes,Yes,Yes,Yes,Yes,No,No,Yes,76,68,65,1.100,44.719,47.196,39.722,0.001,5.736,0.847,175.0,175.0,175.0,175.0,0,0.0,99.6,99.6,99.6,99.7,99.7,99.4,99.8,99.7,99.7,99.8,99.8,99.8,99.7,98.7,99.0,99.4,99.6,99.6,99.6,99.7,99.7,0.0,0.0,0.0,0.0,0.0,0.0,0.0,0.0,0.0,0.0,0.0,0.0,0.0,0.0,0.0,0.0,0.0,0.0,0.0,0.0,0.0,0.0,0.0,0.0,0.0,0.0,0.0,0.0,0.0,0.0,0.0,0.0,0.0,0.0,0.0,0.0,0.0,2394.1,24.00,36,35,35,68,103,383,2,2,Yes,No,No,No,No,No,No,No,Yes,No,No,No,No,Yes,No,No,No,No,No,No,No,Yes,No,No,No,No,No,No,No,No,No,No,No,No,No,No,No,No,83.0,4200,2400,4080,65.8,1.095,1.110,1.800,1.800,1.005,5.110,2.000,No,No,No,66.2,1.110,1.110,1.800,1.800,1.005,5.110,1.625,No,No,No,40,40,94.0,100.0,No,No,32155,47955,36,70,99.0,100.0,No,No,1844,3246,0.2,0.8,1.0,0.006,0.025,63582,48891,0.0,0.0,0.0,0.000,0.000,164001,82786,57.9,62.0,65.3,83.0,0.870,20.684,20.675,20.694,21.152,9.481,9.500,8.621,18.149,3.000,11.641,7.711,7.743,100.000,140.000,2175.0,2150.2,1875.0,2175.0,1890.0,0.0,0.0,0.0,0.0,13.9,0.0,0.0,0.0,0.0,0.0,Yes,No,No,No,No,Yes,No,0,0,0,0,0,0,0,0,0,0,0,0,0,0,0,0,0,0,0,0,0,0,0,0,0,0,0,0,0,0,7047,1141,908,72,16.0,65,0.300,45.266,600.0,2194.0,0.1,0.0,0.0,0.0,0.0,0.0,0.0,0.0,1.0,163,16029,163,No,No,No,No,No,No,No,No,16.746,68.277,100.0,0.000,24.1,0,0,0,0.0,1.4,1.4,1.4,1.4,1.4,1.4,1.4,1.4,1.4,1.4,1.4,1.4,731.75,731.75,731.75,731.75,731.75,731.75,1.01,730.82,731.15,0.61,293.74,647,7,0.0,0.0,0,0,0.0,0.0,0,
9.6.2026,13:30:54.880,21716,27052,44.5,17578,14806,54.2,11.5,16384,1881,0.870,0.869,0.869,0.870,0.871,0.869,0.870,0.868,0.870,0.870,0.869,0.872,0.871,0.860,0.884,0.811,0.781,2750.4,3092.4,3092.4,3092.4,3092.4,3092.4,3092.4,2493.9,2493.9,2493.9,2493.9,2493.9,2493.9,2493.9,2493.9,99.8,2493.9,2903.2,3145.3,3139.4,3142.3,3160.8,3140.3,3159.6,3146.4,3144.5,3161.4,3159.6,3153.3,3143.1,2514.1,2528.4,2538.4,2544.8,2536.3,2534.5,2534.9,2537.1,2995.1,99.8,99.5,99.4,99.4,100.0,99.5,99.9,99.9,99.9,100.0,99.9,99.8,99.5,99.5,99.7,99.9,99.9,99.9,99.8,99.8,99.9,100.0,99.8,100.0,125.7,119.7,119.5,119.5,120.2,119.7,120.2,119.7,119.7,120.3,120.2,120.0,119.6,134.4,134.6,134.8,134.9,134.4,134.3,134.3,134.4,125.7,27.6,31.0,31.0,31.0,31.0,31.0,31.0,25.0,25.0,25.0,25.0,25.0,25.0,25.0,25.0,25.0,66,69,67,68,64,68,65,67,66,67,67,65,65,65,64,34,31,33,32,36,32,35,33,34,33,33,35,35,35,36,75,69,No,No,No,No,No,No,No,No,No,No,No,No,No,No,No,No,No,No,No,No,No,No,No,No,No,No,No,No,No,No,Yes,Yes,Yes,Yes,Yes,Yes,Yes,Yes,Yes,Yes,Yes,Yes,Yes,Yes,Yes,No,No,Yes,76,68,64,1.100,37.969,45.457,38.173,0.002,5.620,0.767,175.0,175.0,175.0,175.0,0,0.0,99.4,99.3,99.1,99.2,99.8,99.1,99.8,99.7,99.7,99.8,99.7,99.6,99.3,98.3,98.9,99.3,99.6,99.6,99.5,99.6,99.7,0.1,0.0,0.0,0.0,0.0,0.0,0.0,0.4,0.3,0.1,0.1,0.1,0.1,0.1,0.0,0.0,0.0,0.0,0.0,0.0,0.0,0.0,0.0,0.0,0.0,0.0,0.0,0.0,0.0,0.0,0.0,0.0,0.0,0.0,0.0,0.0,0.0,2394.1,24.00,36,35,35,68,103,383,2,2,Yes,No,No,No,No,No,No,No,Yes,No,No,No,No,Yes,No,No,No,No,No,No,No,Yes,No,No,No,No,No,No,No,No,No,No,No,No,No,No,No,No,83.0,4260,2400,4080,65.8,1.110,1.110,1.800,1.800,1.005,5.110,2.125,No,No,No,66.2,1.110,1.110,1.800,1.800,1.005,5.110,1.375,No,No,No,41,41,94.0,100.0,No,No,32155,47955,36,70,99.0,100.0,No,No,1844,3246,0.1,1.4,1.5,0.021,0.034,63582,48891,0.0,0.0,0.0,0.000,0.000,164001,82786,57.9,64.0,65.3,83.0,0.870,20.682,20.673,20.691,21.110,9.459,9.458,8.600,18.084,3.000,11.617,7.710,7.743,100.000,140.000,2175.0,2150.2,1875.0,2175.0,1890.0,0.0,0.0,0.0,0.0,13.9,0.0,0.0,0.0,0.0,0.0,Yes,No,No,No,No,Yes,No,0,0,0,0,0,0,0,0,0,0,0,0,0,0,0,0,0,0,0,0,0,0,0,0,0,0,0,0,0,0,7047,1141,908,71,16.0,64,0.300,44.937,600.0,2394.0,0.2,0.0,0.0,0.0,0.0,0.0,0.0,0.0,1.0,163,16029,163,No,No,No,No,No,No,No,No,16.747,68.277,100.0,0.000,24.1,0,0,0,0.0,2.0,3.6,1.3,1.3,1.3,1.3,1.9,3.3,1.3,1.3,1.3,1.3,512.87,750.35,275.40,271.04,755.19,755.19,0.63,512.20,512.12,0.75,343.70,647,7,0.1,0.1,0,0,0.0,0.0,0,
9.6.2026,13:30:56.883,21710,27058,44.5,17573,14811,54.2,11.5,16384,1881,0.866,0.851,0.861,0.863,0.864,0.862,0.867,0.871,0.871,0.871,0.874,0.867,0.867,0.868,0.872,0.798,0.783,2743.3,2992.7,3092.4,3092.4,3092.4,3092.4,3092.4,2493.9,2493.9,2493.9,2493.9,2493.9,2493.9,2493.9,2493.9,99.8,2394.1,2838.6,3080.1,3079.4,3081.5,3081.3,3077.0,3082.9,3071.5,3071.2,3080.5,3080.5,3083.6,3083.6,2462.2,2466.0,2480.1,2481.9,2481.8,2482.3,2482.3,2482.6,2927.7,100.0,100.0,100.0,100.0,100.0,100.0,100.0,100.0,100.0,100.0,100.0,100.0,100.0,100.0,100.0,100.0,100.0,100.0,100.0,100.0,100.0,100.0,100.0,100.0,122.9,117.2,117.2,117.2,117.2,117.3,117.3,116.8,116.8,117.2,117.2,117.3,117.3,131.4,131.4,131.4,131.4,131.4,131.4,131.4,131.4,122.9,27.5,30.0,31.0,31.0,31.0,31.0,31.0,25.0,25.0,25.0,25.0,25.0,25.0,25.0,25.0,24.0,66,69,67,68,64,67,67,66,66,67,67,65,65,65,65,34,31,33,32,36,33,33,34,34,33,33,35,35,35,35,75,69,No,No,No,No,No,No,No,No,No,No,No,No,No,No,No,No,No,No,No,No,No,No,No,No,No,No,No,No,No,No,Yes,Yes,Yes,Yes,Yes,Yes,Yes,Yes,Yes,Yes,Yes,Yes,Yes,Yes,Yes,No,No,Yes,75,68,64,1.100,42.188,45.483,38.484,0.002,5.433,0.687,175.0,175.0,175.0,175.0,0,0.0,99.6,99.7,99.7,99.8,99.8,99.6,99.8,99.8,99.8,99.8,99.8,99.8,99.8,98.8,99.0,99.5,99.6,99.7,99.7,99.7,99.7,0.0,0.0,0.0,0.0,0.0,0.0,0.0,0.0,0.0,0.0,0.0,0.0,0.0,0.0,0.0,0.0,0.0,0.0,0.0,0.0,0.0,0.0,0.0,0.0,0.0,0.0,0.0,0.0,0.0,0.0,0.0,0.0,0.0,0.0,0.0,0.0,0.0,2194.6,22.00,32,32,32,62,103,351,2,2,Yes,No,No,No,No,No,No,No,Yes,No,No,No,No,Yes,No,No,No,No,No,No,No,Yes,No,No,No,No,No,No,No,No,No,No,No,No,No,No,No,No,83.0,4320,2460,4140,66.0,1.110,1.110,1.800,1.800,1.005,5.110,1.875,No,No,No,66.5,1.110,1.110,1.800,1.800,1.005,5.110,2.125,No,No,No,40,40,94.0,100.0,No,No,32155,47955,36,70,99.0,100.0,No,No,1844,3246,0.1,0.9,1.1,0.032,0.052,63582,48891,0.0,0.0,0.0,0.000,0.000,164001,82786,57.9,62.0,65.3,83.0,0.870,20.677,20.669,20.685,21.158,9.493,9.529,8.640,18.182,3.000,11.655,7.705,7.738,100.000,140.000,2175.0,2150.2,1875.0,2175.0,1890.0,0.0,0.0,0.0,0.0,13.9,0.0,0.1,0.0,0.0,0.0,Yes,No,No,No,No,Yes,No,0,0,0,0,0,0,0,0,0,0,0,0,0,0,0,0,0,0,0,0,0,0,0,0,0,0,0,0,0,0,7047,1141,908,77,16.0,64,0.300,44.312,600.0,2394.0,0.2,0.0,0.0,0.0,0.0,0.0,0.0,0.0,1.0,163,16029,163,No,No,No,No,No,No,No,No,16.746,68.277,100.0,0.000,24.1,0,0,0,0.0,2.0,3.6,1.3,1.3,1.3,1.3,1.9,3.3,1.3,1.3,1.3,1.3,512.87,750.35,275.40,271.04,755.19,755.19,0.63,512.20,512.12,0.75,343.70,647,7,0.0,0.0,0,0,0.0,0.0,0,
9.6.2026,13:30:58.874,21710,27058,44.5,17574,14810,54.2,11.5,16384,1881,0.871,0.861,0.876,0.865,0.870,0.869,0.871,0.872,0.872,0.872,0.872,0.870,0.881,0.875,0.872,0.808,0.781,2764.7,3092.4,3192.2,3092.4,3092.4,3092.4,3092.4,2493.9,2493.9,2493.9,2493.9,2493.9,2493.9,2593.7,2493.9,99.8,2493.9,2850.2,3092.9,3093.4,3096.4,3096.2,3090.5,3096.5,3084.3,3084.2,3096.4,3096.8,3096.8,3096.7,2473.5,2480.1,2486.4,2493.0,2487.3,2487.2,2487.7,2488.0,2940.9,100.0,100.0,100.0,100.0,100.0,100.0,100.0,100.0,100.0,100.0,100.0,100.0,100.0,100.0,100.0,100.0,100.0,100.0,100.0,100.0,100.0,100.0,100.0,100.0,123.3,117.7,117.7,117.8,117.7,117.8,117.8,117.3,117.3,117.7,117.7,117.7,117.7,131.9,131.9,131.9,131.9,131.6,131.6,131.6,131.6,123.3,27.7,31.0,32.0,31.0,31.0,31.0,31.0,25.0,25.0,25.0,25.0,25.0,25.0,26.0,25.0,25.0,67,70,67,68,66,68,67,66,67,67,67,65,66,65,65,33,30,33,32,34,32,33,34,33,33,33,35,34,35,35,76,70,No,No,No,No,No,No,No,No,No,No,No,No,No,No,No,No,No,No,No,No,No,No,No,No,No,No,No,No,No,No,Yes,Yes,Yes,Yes,Yes,Yes,Yes,Yes,Yes,Yes,Yes,Yes,Yes,Yes,Yes,No,No,Yes,75,68,64,1.100,44.719,42.904,35.982,0.002,5.544,0.721,175.0,175.0,175.0,175.0,0,0.0,99.7,99.7,99.7,99.8,99.8,99.6,99.8,99.8,99.8,99.8,99.8,99.8,99.8,98.9,99.1,99.4,99.6,99.7,99.7,99.7,99.7,0.0,0.0,0.0,0.0,0.0,0.0,0.0,0.0,0.0,0.0,0.0,0.0,0.0,0.0,0.0,0.0,0.0,0.0,0.0,0.0,0.0,0.0,0.0,0.0,0.0,0.0,0.0,0.0,0.0,0.0,0.0,0.0,0.0,0.0,0.0,0.0,0.0,2394.1,24.00,36,35,35,68,103,383,2,2,Yes,No,No,No,No,No,No,No,Yes,No,No,No,No,Yes,No,No,No,No,No,No,No,Yes,No,No,No,No,No,No,No,No,No,No,No,No,No,No,No,No,83.0,4200,2400,4080,66.0,1.110,1.110,1.800,1.800,1.005,5.110,1.750,No,No,No,66.5,1.110,1.110,1.800,1.815,1.005,5.110,2.125,No,No,No,41,41,94.0,100.0,No,No,32155,47955,36,70,99.0,100.0,No,No,1844,3246,0.1,0.8,1.0,0.032,0.061,63582,48891,0.0,0.0,0.0,0.000,0.000,164001,82786,57.9,62.0,65.2,83.0,0.870,20.680,20.671,20.689,21.124,9.473,9.466,8.641,18.123,3.000,11.648,7.699,7.733,100.000,140.000,2175.0,2150.2,1875.0,2175.0,1890.0,0.0,0.0,0.0,0.0,13.9,0.0,0.0,0.0,0.0,0.0,Yes,No,No,No,No,Yes,No,0,0,0,0,0,0,0,0,0,0,0,0,0,0,0,0,0,0,0,0,0,0,0,0,0,0,0,0,0,0,7047,1141,908,77,16.0,63,0.300,46.075,600.0,2194.0,0.2,0.0,0.0,0.0,0.0,0.0,0.0,0.0,1.0,163,16029,163,No,No,No,No,No,No,No,No,16.748,68.277,100.0,0.000,24.1,0,0,0,0.0,2.0,3.6,1.3,1.3,1.3,1.3,1.9,3.3,1.3,1.3,1.3,1.3,512.87,750.35,275.40,271.04,755.19,755.19,0.63,512.20,512.12,0.75,343.70,647,7,0.5,0.0,0,0,0.0,0.0,0,
9.6.2026,13:31:0.872,21708,27060,44.5,17574,14810,54.2,11.5,16384,1881,0.874,0.872,0.873,0.872,0.871,0.870,0.867,0.887,0.878,0.871,0.871,0.880,0.873,0.871,0.873,0.808,0.783,2771.8,3092.4,3192.2,3092.4,3092.4,3092.4,3092.4,2593.7,2593.7,2493.9,2493.9,2493.9,2493.9,2493.9,2493.9,99.8,2493.9,2862.9,3109.1,3108.6,3111.8,3111.8,3106.0,3111.9,3094.3,3094.9,3111.8,3111.7,3112.0,3112.2,2485.8,2498.9,2496.5,2506.0,2493.4,2493.5,2493.7,2493.9,2955.2,100.0,100.0,100.0,100.0,100.0,100.0,100.0,100.0,100.0,100.0,100.0,100.0,100.0,100.0,100.0,100.0,100.0,100.0,100.0,100.0,100.0,100.0,100.0,100.0,123.9,118.3,118.3,118.4,118.4,118.4,118.4,117.7,117.7,118.3,118.4,118.4,118.4,132.7,132.7,132.7,132.7,132.0,132.0,132.0,132.0,123.9,27.8,31.0,32.0,31.0,31.0,31.0,31.0,26.0,26.0,25.0,25.0,25.0,25.0,25.0,25.0,25.0,66,69,67,68,66,67,67,66,68,67,67,65,64,65,65,34,31,33,32,34,33,33,34,32,33,33,35,36,35,35,76,69,No,No,No,No,No,No,No,No,No,No,No,No,No,No,No,No,No,No,No,No,No,No,No,No,No,No,No,No,No,No,Yes,Yes,Yes,Yes,Yes,Yes,Yes,Yes,Yes,Yes,Yes,Yes,Yes,Yes,Yes,No,No,Yes,76,68,64,1.100,42.188,45.231,37.857,0.002,5.540,0.708,175.0,175.0,175.0,175.0,0,0.0,99.6,99.7,99.7,99.8,99.8,99.6,99.8,99.8,99.8,99.8,99.8,99.8,99.8,98.8,99.3,99.2,99.6,99.7,99.7,99.7,99.7,0.0,0.0,0.0,0.0,0.0,0.0,0.0,0.0,0.0,0.0,0.0,0.0,0.0,0.0,0.0,0.0,0.0,0.0,0.0,0.0,0.0,0.0,0.0,0.0,0.0,0.0,0.0,0.0,0.0,0.0,0.0,0.0,0.0,0.0,0.0,0.0,0.0,2394.1,24.00,36,35,35,68,103,383,2,2,Yes,No,No,No,No,No,No,No,Yes,No,No,No,No,Yes,No,No,No,No,No,No,No,Yes,No,No,No,No,No,No,No,No,No,No,No,No,No,No,No,No,82.0,4200,2400,4020,66.0,1.110,1.110,1.800,1.815,1.005,5.110,1.375,No,No,No,66.5,1.110,1.110,1.800,1.815,1.005,5.110,1.625,No,No,No,40,40,94.0,100.0,No,No,32155,47955,36,70,99.0,100.0,No,No,1844,3246,0.0,1.2,1.3,0.024,0.034,63582,48891,0.0,0.0,0.0,0.000,0.000,164001,82786,57.9,62.0,65.2,83.0,0.870,20.682,20.673,20.691,21.186,9.497,9.525,8.662,18.188,3.000,11.670,7.700,7.733,100.000,140.000,2175.0,2150.2,1875.0,2175.0,1890.0,0.0,0.0,0.0,0.0,13.9,0.0,0.0,0.0,0.0,0.0,Yes,No,No,No,No,Yes,No,0,0,0,0,0,0,0,0,0,0,0,0,0,0,0,0,0,0,0,0,0,0,0,0,0,0,0,0,0,0,7047,1141,908,77,16.0,63,0.300,42.976,600.0,2394.0,0.2,0.0,0.0,0.0,0.0,0.0,0.0,0.0,1.0,163,16029,163,No,No,No,No,No,No,No,No,16.748,68.277,100.0,0.000,24.1,0,0,0,0.0,2.0,3.6,1.3,1.3,1.3,1.3,1.9,3.3,1.3,1.3,1.3,1.3,512.87,750.35,275.40,271.04,755.19,755.19,0.63,512.20,512.12,0.75,343.70,647,7,2.1,0.0,0,0,0.0,0.0,0,
9.6.2026,13:31:2.884,21694,27074,44.4,17571,14812,54.2,11.5,16384,1881,0.877,0.890,0.862,0.866,0.876,0.876,0.883,0.882,0.881,0.886,0.886,0.871,0.872,0.872,0.877,0.818,0.783,2807.4,3192.2,3092.4,3092.4,3192.2,3192.2,3192.2,2593.7,2593.7,2593.7,2593.7,2493.9,2493.9,2493.9,2493.9,99.8,2593.7,2868.9,3113.7,3114.4,3117.1,3117.1,3107.8,3116.8,3101.8,3101.8,3116.6,3118.2,3119.2,3119.7,2492.1,2500.7,2508.5,2513.6,2499.6,2499.6,2499.4,2500.2,2961.2,100.0,100.0,100.0,100.0,100.0,100.0,100.0,100.0,100.0,99.9,100.0,100.0,100.0,100.0,100.0,100.0,100.0,100.0,100.0,100.0,100.0,100.0,100.0,100.0,124.0,118.5,118.5,118.5,118.5,118.5,118.5,117.9,118.0,118.5,118.5,118.5,118.5,132.9,132.9,132.9,132.9,132.0,132.0,132.0,132.0,124.0,28.1,32.0,31.0,31.0,32.0,32.0,32.0,26.0,26.0,26.0,26.0,25.0,25.0,25.0,25.0,26.0,67,69,67,69,66,68,68,67,66,66,66,65,65,66,66,33,31,33,31,34,32,32,33,34,34,34,35,35,34,34,75,69,No,No,No,No,No,No,No,No,No,No,No,No,No,No,No,No,No,No,No,No,No,No,No,No,No,No,No,No,No,No,Yes,Yes,Yes,Yes,Yes,Yes,Yes,Yes,Yes,Yes,Yes,Yes,Yes,Yes,Yes,No,No,Yes,75,68,64,1.100,41.344,43.483,36.268,0.002,5.591,0.741,175.0,175.0,175.0,175.0,0,0.0,99.6,99.7,99.7,99.8,99.8,99.5,99.8,99.8,99.8,99.8,99.8,99.8,99.8,98.8,99.1,99.4,99.6,99.7,99.7,99.7,99.7,0.0,0.0,0.0,0.0,0.0,0.0,0.0,0.0,0.0,0.0,0.0,0.0,0.0,0.0,0.0,0.0,0.0,0.0,0.0,0.0,0.0,0.0,0.0,0.0,0.0,0.0,0.0,0.0,0.0,0.0,0.0,0.0,0.0,0.0,0.0,0.0,0.0,2194.6,22.00,32,32,32,62,103,351,2,2,Yes,No,No,No,No,No,No,No,Yes,No,No,No,No,Yes,No,No,No,No,No,No,No,Yes,No,No,No,No,No,No,No,No,No,No,No,No,No,No,No,No,83.0,4260,2400,4020,66.2,1.110,1.110,1.800,1.815,1.005,5.110,1.750,No,No,No,66.5,1.110,1.110,1.800,1.815,1.005,5.110,2.250,No,No,No,40,40,94.0,100.0,No,No,32155,47955,36,70,99.0,100.0,No,No,1844,3246,0.2,0.5,0.7,0.087,0.027,63582,48891,0.0,0.0,0.0,0.000,0.000,164001,82786,57.9,62.0,65.3,83.0,0.870,20.675,20.667,20.683,21.227,9.508,9.535,8.680,18.221,3.000,11.683,7.700,7.733,100.000,140.000,2175.0,2150.2,1875.0,2175.0,1890.0,0.0,0.0,0.0,0.0,13.9,0.0,0.0,0.0,0.0,0.0,Yes,No,No,No,No,Yes,No,0,0,0,0,0,0,0,0,0,0,0,0,0,0,0,0,0,0,0,0,0,0,0,0,0,0,0,0,0,0,7047,1141,908,77,16.0,64,0.300,43.640,600.0,2394.0,0.2,0.0,0.0,0.0,0.0,0.0,0.0,0.0,1.0,163,16029,163,No,No,No,No,No,No,No,No,16.747,68.277,100.0,0.000,24.1,0,0,0,0.0,2.0,3.6,1.3,1.3,1.3,1.3,1.9,3.3,1.3,1.3,1.3,1.3,512.87,750.35,275.40,271.04,755.19,755.19,0.63,512.20,512.12,0.75,343.70,647,7,0.2,0.3,0,0,0.0,0.0,0,
9.6.2026,13:31:4.883,21700,27068,44.4,17574,14809,54.2,11.5,16384,1881,0.871,0.860,0.872,0.868,0.871,0.871,0.876,0.875,0.872,0.872,0.872,0.872,0.872,0.870,0.870,0.811,0.781,2750.4,3092.4,3092.4,3092.4,3092.4,3092.4,3092.4,2493.9,2493.9,2493.9,2493.9,2493.9,2493.9,2493.9,2493.9,99.8,2493.9,2870.3,3119.1,3118.6,3119.8,3118.6,3115.5,3120.6,3106.3,3107.4,3117.7,3119.2,3118.9,3118.4,2491.4,2498.1,2511.2,2514.7,2497.0,2497.5,2498.2,2498.1,2963.5,100.0,100.0,100.0,99.9,99.9,99.9,99.9,99.9,100.0,99.9,100.0,100.0,100.0,100.0,100.0,100.0,100.0,100.0,100.0,100.0,100.0,100.0,100.0,100.0,124.3,118.7,118.7,118.7,118.6,118.7,118.7,118.2,118.3,118.7,118.7,118.7,118.7,133.4,133.4,133.4,133.4,132.4,132.4,132.4,132.4,124.3,27.6,31.0,31.0,31.0,31.0,31.0,31.0,25.0,25.0,25.0,25.0,25.0,25.0,25.0,25.0,25.0,66,69,67,69,64,67,65,66,67,67,67,64,64,66,65,34,31,33,31,36,33,35,34,33,33,33,36,36,34,35,74,69,No,No,No,No,No,No,No,No,No,No,No,No,No,No,No,No,No,No,No,No,No,No,No,No,No,No,No,No,No,No,Yes,Yes,Yes,Yes,Yes,Yes,Yes,Yes,Yes,Yes,Yes,Yes,Yes,Yes,Yes,No,No,Yes,75,69,64,1.100,43.876,43.901,36.685,0.002,5.582,0.737,175.0,175.0,175.0,175.0,0,0.0,99.6,99.7,99.7,99.7,99.7,99.6,99.8,99.7,99.8,99.7,99.8,99.8,99.8,98.7,98.9,99.5,99.6,99.7,99.7,99.7,99.7,0.0,0.0,0.0,0.0,0.0,0.0,0.0,0.0,0.0,0.0,0.0,0.0,0.0,0.0,0.0,0.0,0.0,0.0,0.0,0.0,0.0,0.0,0.0,0.0,0.0,0.0,0.0,0.0,0.0,0.0,0.0,0.0,0.0,0.0,0.0,0.0,0.0,2194.6,22.00,32,32,32,62,103,351,2,2,Yes,No,No,No,No,No,No,No,Yes,No,No,No,No,Yes,No,No,No,No,No,No,No,Yes,No,No,No,No,No,No,No,No,No,No,No,No,No,No,No,No,83.0,4260,2400,4080,66.2,1.095,1.110,1.800,1.815,1.005,5.110,1.375,No,No,No,66.8,1.095,1.110,1.800,1.815,1.005,5.110,1.375,No,No,No,41,41,94.0,100.0,No,No,32155,47955,36,70,99.0,100.0,No,No,1844,3246,0.0,1.1,1.1,0.008,0.060,63582,48891,0.0,0.0,0.0,0.000,0.000,164001,82786,57.9,64.0,65.2,83.0,0.870,20.676,20.668,20.684,21.246,9.504,9.536,8.660,18.222,3.000,11.675,7.700,7.733,100.000,140.000,2175.0,2150.2,1875.0,2175.0,1890.0,0.0,0.0,0.0,0.0,13.9,0.0,0.0,0.0,0.0,0.0,Yes,No,No,No,No,Yes,No,0,0,0,0,0,0,0,0,0,0,0,0,0,0,0,0,0,0,0,0,0,0,0,0,0,0,0,0,0,0,7047,1141,908,76,16.0,64,0.300,44.789,600.0,2194.0,0.2,0.0,0.0,0.0,0.0,0.0,0.0,0.0,1.0,163,16029,163,No,No,No,No,No,No,No,No,16.747,68.277,100.0,0.000,24.1,0,0,0,0.0,2.0,3.6,1.3,1.3,1.3,1.3,1.9,3.3,1.3,1.3,1.3,1.3,512.87,750.35,275.40,271.04,755.19,755.19,0.63,512.20,512.12,0.75,343.70,647,7,6.5,2.2,0,0,0.0,0.0,0,
9.6.2026,13:31:6.887,21696,27072,44.4,17570,14814,54.2,11.5,16384,1881,0.873,0.872,0.881,0.887,0.871,0.871,0.873,0.862,0.866,0.861,0.861,0.877,0.869,0.883,0.883,0.808,0.781,2664.9,3092.4,3192.2,3192.2,3092.4,3092.4,3092.4,2493.9,2493.9,2493.9,2493.9,2493.9,1097.3,2493.9,2493.9,99.8,2493.9,2869.9,3110.4,3112.2,3114.8,3116.7,3111.0,3117.4,3106.9,3109.5,3116.7,3114.7,3117.0,3116.9,2494.5,2503.8,2511.6,2515.1,2502.9,2501.3,2502.8,2502.9,2961.8,100.0,99.9,100.0,99.9,100.0,100.0,100.0,99.9,100.0,100.0,99.9,100.0,100.0,99.9,100.0,100.0,100.0,100.0,99.9,100.0,100.0,100.0,100.0,100.0,124.2,118.4,118.5,118.5,118.5,118.5,118.5,118.2,118.3,118.5,118.4,118.5,118.5,133.0,133.1,133.1,133.1,132.4,132.4,132.4,132.4,124.2,26.7,31.0,32.0,32.0,31.0,31.0,31.0,25.0,25.0,25.0,25.0,25.0,11.0,25.0,25.0,25.0,67,70,67,68,66,67,67,68,68,66,66,65,65,66,66,33,30,33,32,34,33,33,32,32,34,34,35,35,34,34,76,70,No,No,No,No,No,No,No,No,No,No,No,No,No,No,No,No,No,No,No,No,No,No,No,No,No,No,No,No,No,No,Yes,Yes,Yes,Yes,Yes,Yes,Yes,Yes,Yes,Yes,Yes,Yes,Yes,Yes,Yes,No,No,Yes,76,69,64,1.100,43.032,45.199,38.141,0.002,5.492,0.687,175.0,175.0,175.0,175.0,0,0.0,99.6,99.6,99.7,99.7,99.8,99.6,99.8,99.7,99.8,99.8,99.7,99.8,99.8,98.8,99.2,99.5,99.6,99.7,99.6,99.7,99.7,0.0,0.0,0.0,0.0,0.0,0.0,0.0,0.1,0.0,0.0,0.0,0.0,0.1,0.0,0.0,0.0,0.0,0.0,0.0,0.0,0.0,0.0,0.0,0.0,0.0,0.0,0.0,0.0,0.0,0.0,0.0,0.0,0.0,0.0,0.0,0.0,0.0,2394.1,24.00,36,35,35,68,103,383,2,2,Yes,No,No,No,No,No,No,No,Yes,No,No,No,No,Yes,No,No,No,No,No,No,No,Yes,No,No,No,No,No,No,No,No,No,No,No,No,No,No,No,No,82.0,4140,2400,3960,66.2,1.095,1.110,1.800,1.815,1.005,5.110,1.500,No,No,No,66.8,1.095,1.110,1.800,1.815,1.005,5.110,1.000,No,No,No,40,40,94.0,100.0,No,No,32155,47955,36,70,99.0,100.0,No,No,1844,3246,0.1,0.8,0.9,0.031,0.072,63582,48891,0.0,0.0,0.0,0.000,0.000,164001,82786,57.9,64.0,65.2,83.0,0.870,20.676,20.669,20.683,21.170,9.483,9.501,8.640,18.159,3.000,11.648,7.699,7.733,100.000,140.000,2175.0,2150.2,1875.0,2175.0,1890.0,0.0,0.0,0.0,0.0,13.9,0.0,0.0,0.0,0.0,0.0,Yes,No,No,No,No,Yes,No,0,0,0,0,0,0,0,0,0,0,0,0,0,0,0,0,0,0,0,0,0,0,0,0,0,0,0,0,0,0,7047,1141,908,75,16.0,64,0.300,45.012,550.0,2194.0,0.2,0.0,0.0,0.0,0.0,0.0,0.0,0.0,1.0,163,16029,163,No,No,No,No,No,No,No,No,16.746,68.277,100.0,0.000,24.1,0,0,0,0.0,2.0,3.6,1.3,1.3,1.3,1.3,1.9,3.3,1.3,1.3,1.3,1.3,512.87,750.35,275.40,271.04,755.19,755.19,0.63,512.20,512.12,0.75,343.70,647,7,0.3,0.2,0,0,0.0,0.0,0,
9.6.2026,13:31:8.872,21701,27067,44.4,17586,14798,54.3,11.5,16384,1881,0.870,0.872,0.868,0.867,0.866,0.870,0.869,0.877,0.872,0.860,0.869,0.869,0.870,0.875,0.871,0.808,0.781,2750.4,3092.4,3092.4,3092.4,3092.4,3092.4,3092.4,2493.9,2493.9,2493.9,2493.9,2493.9,2493.9,2493.9,2493.9,99.8,2493.9,2898.2,3114.3,3149.8,3140.5,3146.1,3135.9,3158.6,3154.5,3155.1,3132.0,3152.3,3156.0,3134.7,2510.6,2513.8,2536.4,2536.6,2534.9,2534.0,2534.4,2533.8,2989.2,99.6,98.6,99.7,99.4,99.5,99.4,99.9,99.9,99.9,99.1,99.7,99.8,99.2,99.5,99.5,99.9,99.8,99.8,99.8,99.8,99.8,99.9,99.6,100.0,125.4,118.5,119.9,119.5,119.7,119.5,120.2,120.0,120.0,119.1,119.9,120.0,119.2,134.0,133.9,134.4,134.3,134.1,134.1,134.1,134.1,125.4,27.6,31.0,31.0,31.0,31.0,31.0,31.0,25.0,25.0,25.0,25.0,25.0,25.0,25.0,25.0,25.0,66,68,67,69,66,67,67,67,66,67,66,65,65,64,66,34,32,33,31,34,33,33,33,34,33,34,35,35,36,34,75,69,No,No,No,No,No,No,No,No,No,No,No,No,No,No,No,No,No,No,No,No,No,No,No,No,No,No,No,No,No,No,Yes,Yes,Yes,Yes,Yes,Yes,Yes,Yes,Yes,Yes,Yes,Yes,Yes,Yes,Yes,No,No,Yes,75,70,64,1.100,41.344,45.981,38.806,0.002,5.563,0.722,175.0,175.0,175.0,175.0,0,0.0,99.3,98.4,99.5,99.2,99.4,99.1,99.8,99.7,99.8,98.9,99.5,99.6,99.0,98.5,98.6,99.5,99.5,99.6,99.5,99.5,99.5,0.1,0.0,0.0,0.0,0.0,0.0,0.0,0.4,0.5,0.1,0.2,0.1,0.2,0.2,0.2,0.0,0.0,0.0,0.0,0.0,0.0,0.0,0.0,0.0,0.0,0.0,0.0,0.0,0.0,0.0,0.0,0.0,0.0,0.0,0.0,0.0,0.0,2194.6,22.00,32,32,32,62,103,351,2,2,Yes,No,No,No,No,No,No,No,Yes,No,No,No,No,Yes,No,No,No,No,No,No,No,Yes,No,No,No,No,No,No,No,No,No,No,No,No,No,No,No,No,83.0,4080,2400,3960,66.2,1.095,1.110,1.800,1.815,1.005,5.110,1.375,No,No,No,66.8,1.095,1.110,1.800,1.815,1.005,5.110,1.000,No,No,No,41,41,94.0,100.0,No,No,32155,47955,36,70,99.0,100.0,No,No,1844,3246,0.1,0.9,1.1,0.008,0.042,63582,48891,0.0,0.0,0.0,0.000,0.000,164001,82786,57.9,62.0,65.3,83.0,0.870,20.674,20.666,20.682,21.218,9.493,9.517,8.659,18.180,3.000,11.667,7.699,7.733,100.000,140.000,2175.0,2150.2,1875.0,2175.0,1890.0,0.0,0.0,0.0,0.0,13.9,0.0,0.1,0.0,0.0,0.0,Yes,No,No,No,No,Yes,No,0,0,0,0,0,0,0,0,0,0,0,0,0,0,0,0,0,0,0,0,0,0,0,0,0,0,0,0,0,0,7047,1141,908,77,16.0,64,0.300,45.215,600.0,2394.0,0.2,0.0,0.0,0.0,0.0,0.0,0.0,0.0,1.0,163,16029,163,No,No,No,No,No,No,No,No,16.747,68.277,100.0,0.000,24.1,0,0,0,0.0,2.0,2.0,2.0,2.0,2.0,2.0,2.1,2.1,2.1,2.1,2.1,2.1,496.30,496.30,496.30,496.30,496.30,496.30,0.42,495.88,496.30,0.00,247.71,647,7,0.0,0.0,0,0,0.0,0.0,0,
9.6.2026,13:31:10.875,21697,27071,44.4,17578,14806,54.2,11.5,16384,1880,0.871,0.861,0.867,0.871,0.871,0.874,0.880,0.871,0.871,0.871,0.871,0.870,0.863,0.877,0.872,0.808,0.781,2650.7,3092.4,3092.4,3092.4,3092.4,3092.4,3092.4,2493.9,2493.9,2493.9,2493.9,2493.9,1097.3,2493.9,2493.9,99.8,2493.9,2837.4,3075.9,3075.6,3079.3,3079.1,3074.8,3080.4,3072.2,3072.3,3079.3,3079.6,3079.0,3078.8,2460.1,2475.1,2473.6,2483.0,2482.3,2482.2,2482.7,2482.6,2926.1,100.0,100.0,100.0,100.0,100.0,100.0,100.0,100.0,100.0,100.0,100.0,100.0,100.0,100.0,100.0,100.0,100.0,100.0,100.0,100.0,100.0,100.0,100.0,100.0,122.8,117.1,117.1,117.1,117.1,117.2,117.2,116.9,116.9,117.1,117.1,117.1,117.1,131.4,131.4,131.4,131.4,131.3,131.3,131.3,131.3,122.8,26.6,31.0,31.0,31.0,31.0,31.0,31.0,25.0,25.0,25.0,25.0,25.0,11.0,25.0,25.0,25.0,66,68,67,68,66,66,67,67,67,66,67,64,65,65,65,34,32,33,32,34,34,33,33,33,34,33,36,35,35,35,75,68,No,No,No,No,No,No,No,No,No,No,No,No,No,No,No,No,No,No,No,No,No,No,No,No,No,No,No,No,No,No,Yes,Yes,Yes,Yes,Yes,Yes,Yes,Yes,Yes,Yes,Yes,Yes,Yes,Yes,Yes,No,No,Yes,76,68,64,1.100,43.032,44.777,38.021,0.002,5.266,0.600,175.0,175.0,175.0,175.0,0,0.0,99.7,99.7,99.7,99.8,99.8,99.6,99.8,99.8,99.8,99.8,99.8,99.8,99.8,98.7,99.3,99.3,99.7,99.7,99.7,99.7,99.7,0.0,0.0,0.0,0.0,0.0,0.0,0.0,0.0,0.0,0.0,0.0,0.0,0.0,0.0,0.0,0.0,0.0,0.0,0.0,0.0,0.0,0.0,0.0,0.0,0.0,0.0,0.0,0.0,0.0,0.0,0.0,0.0,0.0,0.0,0.0,0.0,0.0,2394.1,24.00,36,35,35,68,103,383,2,2,Yes,No,No,No,No,No,No,No,Yes,No,No,No,No,Yes,No,No,No,No,No,No,No,Yes,No,No,No,No,No,No,No,No,No,No,No,No,No,No,No,No,83.0,4020,2400,3900,66.2,1.095,1.110,1.800,1.815,1.005,5.110,2.125,No,No,No,66.8,1.095,1.110,1.800,1.800,1.005,5.110,2.125,No,No,No,41,41,94.0,100.0,No,No,32155,47955,36,70,99.0,100.0,No,No,1844,3246,0.1,0.4,0.6,0.039,0.066,63582,48892,0.0,0.0,0.0,0.000,0.000,164001,82786,57.9,64.0,65.2,83.0,0.870,20.676,20.668,20.683,21.243,9.502,9.533,8.660,18.201,3.000,11.674,7.705,7.738,100.000,140.000,2175.0,2150.2,1875.0,2175.0,1890.0,0.0,0.0,0.0,0.0,13.9,0.0,0.1,0.0,0.0,0.0,Yes,No,No,No,No,Yes,No,0,0,0,0,0,0,0,0,0,0,0,0,0,0,0,0,0,0,0,0,0,0,0,0,0,0,0,0,0,0,7047,1141,908,77,16.0,64,0.300,46.596,550.0,2194.0,0.2,0.0,0.0,0.0,0.0,0.0,0.0,0.0,1.0,163,16029,163,No,No,No,No,No,No,No,No,16.746,68.277,100.0,0.000,24.1,0,0,0,0.0,2.0,2.0,2.0,2.0,2.0,2.0,2.1,2.1,2.1,2.1,2.1,2.1,496.30,496.30,496.30,496.30,496.30,496.30,0.42,495.88,496.30,0.00,247.71,647,7,0.3,0.0,0,0,0.0,0.0,0,
9.6.2026,13:31:12.889,21701,27067,44.4,17580,14804,54.2,11.5,16384,1880,0.870,0.873,0.867,0.871,0.872,0.868,0.865,0.869,0.875,0.870,0.861,0.869,0.869,0.877,0.877,0.808,0.778,2750.4,3092.4,3092.4,3092.4,3092.4,3092.4,3092.4,2493.9,2493.9,2493.9,2493.9,2493.9,2493.9,2493.9,2493.9,99.8,2493.9,2860.5,3104.6,3104.5,3107.4,3107.1,3102.4,3108.3,3090.7,3090.6,3108.1,3108.4,3107.6,3108.0,2485.8,2495.7,2501.3,2506.4,2492.7,2492.9,2493.2,2493.5,2952.3,100.0,100.0,100.0,100.0,100.0,100.0,100.0,100.0,100.0,100.0,100.0,100.0,100.0,100.0,100.0,100.0,100.0,100.0,100.0,100.0,100.0,100.0,100.0,100.0,123.7,118.2,118.2,118.2,118.2,118.2,118.2,117.6,117.6,118.2,118.2,118.2,118.2,132.6,132.6,132.6,132.6,131.9,131.9,131.9,131.9,123.7,27.6,31.0,31.0,31.0,31.0,31.0,31.0,25.0,25.0,25.0,25.0,25.0,25.0,25.0,25.0,25.0,66,69,67,68,64,68,67,66,67,67,68,64,64,64,64,34,31,33,32,36,32,33,34,33,33,32,36,36,36,36,76,69,No,No,No,No,No,No,No,No,No,No,No,No,No,No,No,No,No,No,No,No,No,No,No,No,No,No,No,No,No,No,Yes,Yes,Yes,Yes,Yes,Yes,Yes,Yes,Yes,Yes,Yes,Yes,Yes,Yes,Yes,No,No,Yes,76,68,64,1.100,43.876,46.622,39.586,0.002,5.609,0.740,175.0,175.0,175.0,175.0,0,0.0,99.7,99.7,99.7,99.8,99.8,99.6,99.8,99.8,99.8,99.8,99.8,99.8,99.8,98.9,99.2,99.5,99.7,99.7,99.7,99.7,99.7,0.0,0.0,0.0,0.0,0.0,0.0,0.0,0.0,0.0,0.0,0.0,0.0,0.0,0.0,0.0,0.0,0.0,0.0,0.0,0.0,0.0,0.0,0.0,0.0,0.0,0.0,0.0,0.0,0.0,0.0,0.0,0.0,0.0,0.0,0.0,0.0,0.0,2194.6,22.00,32,32,32,62,103,351,2,2,Yes,No,No,No,No,No,No,No,Yes,No,No,No,No,Yes,No,No,No,No,No,No,No,Yes,No,No,No,No,No,No,No,No,No,No,No,No,No,No,No,No,83.0,4080,2400,3960,66.5,1.095,1.110,1.800,1.800,1.005,5.110,2.750,No,No,No,66.8,1.095,1.110,1.800,1.800,1.005,5.110,1.750,No,No,No,41,41,94.0,100.0,No,No,32155,47955,36,70,99.0,100.0,No,No,1844,3246,0.3,1.3,1.6,0.043,0.045,63582,48892,0.0,0.0,0.0,0.000,0.000,164001,82786,57.9,62.0,65.2,83.0,0.870,20.681,20.671,20.690,21.233,9.511,9.539,8.682,18.228,3.000,11.683,7.706,7.738,100.000,140.000,2175.0,2150.2,1875.0,2175.0,1890.0,0.0,0.0,0.0,0.0,13.9,0.0,0.0,0.0,0.0,0.0,Yes,No,No,No,No,Yes,No,0,0,0,0,0,0,0,0,0,0,0,0,0,0,0,0,0,0,0,0,0,0,0,0,0,0,0,0,0,0,7047,1141,908,77,16.0,64,0.300,43.596,600.0,2394.0,0.2,0.0,0.0,0.0,0.0,0.0,0.0,0.0,1.0,163,16029,163,No,No,No,No,No,No,No,No,16.746,68.277,100.0,0.000,24.1,0,0,0,0.0,2.0,2.0,2.0,2.0,2.0,2.0,2.1,2.1,2.1,2.1,2.1,2.1,496.30,496.30,496.30,496.30,496.30,496.30,0.42,495.88,496.30,0.00,247.71,647,7,0.5,0.6,0,0,0.0,0.0,0,
9.6.2026,13:31:14.895,21708,27060,44.5,17591,14793,54.3,11.5,16384,1880,0.878,0.872,0.893,0.894,0.894,0.880,0.888,0.879,0.886,0.872,0.869,0.869,0.860,0.870,0.870,0.818,0.783,2707.7,3192.2,3192.2,3192.2,3192.2,3192.2,3192.2,2593.7,2593.7,2493.9,2493.9,2493.9,1097.3,2493.9,2493.9,99.8,2593.7,2876.4,3121.4,3124.1,3126.5,3126.5,3119.6,3128.7,3106.6,3107.0,3128.3,3128.9,3127.4,3129.4,2506.2,2509.6,2526.0,2525.7,2497.1,2496.3,2496.0,2496.8,2971.4,100.0,99.9,100.0,100.0,99.9,99.9,100.0,100.0,100.0,100.0,100.0,99.9,100.0,100.0,99.9,100.0,99.9,100.0,99.9,99.9,100.0,100.0,100.0,100.0,124.4,118.8,118.9,118.9,118.9,118.8,119.0,118.1,118.2,118.9,118.9,118.8,118.9,133.6,133.5,133.6,133.5,132.0,131.9,131.9,131.9,124.4,27.1,32.0,32.0,32.0,32.0,32.0,32.0,26.0,26.0,25.0,25.0,25.0,11.0,25.0,25.0,26.0,67,69,67,68,64,67,66,68,68,68,68,65,66,66,66,33,31,33,32,36,33,34,32,32,32,32,35,34,34,34,76,69,No,No,No,No,No,No,No,No,No,No,No,No,No,No,No,No,No,No,No,No,No,No,No,No,No,No,No,No,No,No,Yes,Yes,Yes,Yes,Yes,Yes,Yes,Yes,Yes,Yes,Yes,Yes,Yes,Yes,Yes,No,No,Yes,76,69,64,1.100,43.032,44.769,37.290,0.002,5.627,0.756,175.0,175.0,175.0,175.0,0,0.0,99.6,99.6,99.7,99.8,99.8,99.5,99.8,99.8,99.8,99.8,99.8,99.8,99.8,98.8,99.0,99.6,99.6,99.7,99.6,99.6,99.7,0.0,0.0,0.0,0.0,0.0,0.0,0.0,0.0,0.1,0.0,0.0,0.0,0.1,0.1,0.0,0.0,0.0,0.0,0.0,0.0,0.0,0.0,0.0,0.0,0.0,0.0,0.0,0.0,0.0,0.0,0.0,0.0,0.0,0.0,0.0,0.0,0.0,2194.6,22.00,32,32,32,62,103,351,2,2,Yes,No,No,No,No,No,No,No,Yes,No,No,No,No,Yes,No,No,No,No,No,No,No,Yes,No,No,No,No,No,No,No,No,No,No,No,No,No,No,No,No,83.0,4200,2400,3960,66.5,1.095,1.110,1.800,1.800,1.005,5.110,1.625,No,No,No,67.0,1.095,1.110,1.800,1.800,1.005,5.110,1.500,No,No,No,41,41,94.0,100.0,No,No,32155,47955,36,70,99.0,100.0,No,No,1844,3246,0.0,0.8,0.8,0.007,0.195,63582,48892,0.0,0.0,0.0,0.000,0.000,164001,82786,57.9,62.0,65.3,83.0,0.870,20.688,20.678,20.699,21.165,9.470,9.473,8.623,18.112,3.000,11.642,7.705,7.738,100.000,140.000,2175.0,2150.2,1875.0,2175.0,1890.0,0.0,0.0,0.0,0.0,13.9,0.0,0.0,0.0,0.0,0.0,Yes,No,No,No,No,Yes,No,0,0,0,0,0,0,0,0,0,0,0,0,0,0,0,0,0,0,0,0,0,0,0,0,0,0,0,0,0,0,7047,1141,908,77,16.0,64,0.300,44.872,550.0,2194.0,0.2,0.0,0.0,0.0,0.0,0.0,0.0,0.0,1.0,163,16029,163,No,No,No,No,No,No,No,No,16.746,68.277,100.0,0.000,24.1,0,0,0,0.0,1.0,1.0,1.0,1.0,1.0,1.0,1.0,1.0,1.0,1.0,1.0,1.0,999.88,999.88,999.88,999.88,999.88,999.88,0.30,999.42,999.12,0.77,18.61,647,7,0.1,0.3,0,0,0.0,0.0,0,
9.6.2026,13:31:16.892,21700,27068,44.4,17586,14798,54.3,11.5,16384,1880,0.875,0.882,0.884,0.874,0.866,0.874,0.872,0.868,0.873,0.866,0.871,0.872,0.886,0.866,0.892,0.808,0.783,2672.0,3092.4,3192.2,3092.4,3092.4,3092.4,3092.4,2493.9,2593.7,2493.9,2493.9,2493.9,2493.9,1097.3,2593.7,99.8,2493.9,2862.1,3106.2,3105.8,3109.0,3100.8,3102.6,3109.2,3098.7,3100.0,3109.2,3109.3,3106.8,3107.0,2482.3,2492.1,2498.0,2504.7,2499.5,2499.9,2500.2,2500.8,2952.6,100.0,99.9,99.9,100.0,99.7,100.0,100.0,99.9,100.0,100.0,100.0,100.0,100.0,100.0,100.0,99.9,100.0,100.0,100.0,100.0,100.0,100.0,100.0,100.0,123.9,118.2,118.2,118.3,118.0,118.3,118.3,117.9,118.0,118.3,118.3,118.2,118.2,132.7,132.7,132.6,132.7,132.4,132.4,132.4,132.4,123.9,26.8,31.0,32.0,31.0,31.0,31.0,31.0,25.0,26.0,25.0,25.0,25.0,25.0,11.0,26.0,25.0,66,68,66,68,66,68,66,67,67,68,66,65,64,65,65,34,32,34,32,34,32,34,33,33,32,34,35,36,35,35,76,68,No,No,No,No,No,No,No,No,No,No,No,No,No,No,No,No,No,No,No,No,No,No,No,No,No,No,No,No,No,No,Yes,Yes,Yes,Yes,Yes,Yes,Yes,Yes,Yes,Yes,Yes,Yes,Yes,Yes,Yes,No,No,Yes,76,68,64,1.100,43.876,42.724,35.544,0.002,5.576,0.725,175.0,175.0,175.0,175.0,0,0.0,99.6,99.7,99.7,99.8,99.5,99.6,99.8,99.7,99.8,99.8,99.8,99.8,99.8,98.8,99.1,99.4,99.6,99.7,99.7,99.7,99.7,0.0,0.0,0.0,0.0,0.0,0.0,0.0,0.0,0.0,0.1,0.0,0.0,0.0,0.0,0.0,0.0,0.0,0.0,0.0,0.0,0.0,0.0,0.0,0.0,0.0,0.0,0.0,0.0,0.0,0.0,0.0,0.0,0.0,0.0,0.0,0.0,0.0,2194.6,22.00,32,32,32,62,103,351,2,2,Yes,No,No,No,No,No,No,No,Yes,No,No,No,No,Yes,No,No,No,No,No,No,No,Yes,No,No,No,No,No,No,No,No,No,No,No,No,No,No,No,No,83.0,4260,2400,4020,66.5,1.095,1.110,1.800,1.800,1.005,5.110,1.375,No,No,No,67.0,1.095,1.110,1.800,1.800,1.005,5.110,1.750,No,No,No,41,41,94.0,100.0,No,No,32155,47955,36,70,99.0,100.0,No,No,1844,3246,0.1,1.5,1.6,0.032,0.068,63582,48892,0.0,0.0,0.0,0.000,0.000,164001,82786,57.9,62.0,65.2,83.0,0.870,20.680,20.672,20.688,21.232,9.482,9.496,8.641,18.144,3.000,11.640,7.709,7.743,100.000,140.000,2175.0,2150.2,1875.0,2175.0,1890.0,0.0,0.0,0.0,0.0,13.9,0.0,0.0,0.0,0.0,0.0,Yes,No,No,No,No,Yes,No,0,0,0,0,0,0,0,0,0,0,0,0,0,0,0,0,0,0,0,0,0,0,0,0,0,0,0,0,0,0,7047,1141,908,77,16.0,63,0.300,44.813,600.0,2194.0,0.2,0.0,0.0,0.0,0.0,0.0,0.0,0.0,1.0,163,16029,163,No,No,No,No,No,No,No,No,16.746,68.277,100.0,0.000,24.1,0,0,0,0.0,1.0,1.0,1.0,1.0,1.0,1.0,1.0,1.0,1.0,1.0,1.0,1.0,999.88,999.88,999.88,999.88,999.88,999.88,0.30,999.42,999.12,0.77,18.61,647,7,0.0,0.1,0,0,0.0,0.0,0,
9.6.2026,13:31:18.897,21703,27065,44.5,17579,14804,54.2,11.5,16384,1880,0.872,0.871,0.876,0.872,0.879,0.872,0.868,0.870,0.869,0.871,0.871,0.862,0.872,0.876,0.873,0.808,0.783,2650.7,3092.4,3092.4,3092.4,3092.4,3092.4,3092.4,2493.9,2493.9,2493.9,2493.9,1097.3,2493.9,2493.9,2493.9,99.8,2493.9,2872.7,3115.0,3109.3,3123.5,3104.6,3110.5,3120.7,3110.5,3115.8,3122.7,3124.1,3109.2,3112.6,2496.1,2508.9,2515.7,2517.6,2507.9,2509.4,2509.4,2509.9,2963.5,99.9,99.8,99.6,99.9,99.3,99.8,99.9,99.8,100.0,100.0,100.0,99.5,99.7,99.9,100.0,100.0,99.9,100.0,100.0,100.0,100.0,100.0,99.9,100.0,124.4,118.5,118.3,118.8,118.1,118.6,118.7,118.4,118.5,118.8,118.8,118.3,118.4,133.4,133.5,133.5,133.4,132.8,132.8,132.8,132.8,124.4,26.6,31.0,31.0,31.0,31.0,31.0,31.0,25.0,25.0,25.0,25.0,11.0,25.0,25.0,25.0,25.0,67,68,66,69,66,68,67,67,67,68,67,65,65,65,65,33,32,34,31,34,32,33,33,33,32,33,35,35,35,35,76,69,No,No,No,No,No,No,No,No,No,No,No,No,No,No,No,No,No,No,No,No,No,No,No,No,No,No,No,No,No,No,Yes,Yes,Yes,Yes,Yes,Yes,Yes,Yes,Yes,Yes,Yes,Yes,Yes,Yes,Yes,No,No,Yes,75,69,64,1.100,44.719,45.110,37.950,0.002,5.560,0.712,175.0,175.0,175.0,175.0,0,0.0,99.5,99.5,99.3,99.8,99.2,99.4,99.7,99.6,99.8,99.8,99.8,99.4,99.5,98.7,99.2,99.5,99.6,99.7,99.7,99.7,99.7,0.0,0.0,0.0,0.0,0.0,0.0,0.0,0.1,0.0,0.0,0.1,0.0,0.0,0.0,0.0,0.0,0.0,0.0,0.0,0.0,0.0,0.0,0.0,0.0,0.0,0.0,0.0,0.0,0.0,0.0,0.0,0.0,0.0,0.0,0.0,0.0,0.0,2394.1,24.00,36,35,35,68,103,383,2,2,Yes,No,No,No,No,No,No,No,Yes,No,No,No,No,Yes,No,No,No,No,No,No,No,Yes,No,No,No,No,No,No,No,No,No,No,No,No,No,No,No,No,84.0,4260,2400,4080,66.8,1.095,1.110,1.800,1.800,1.005,5.110,1.375,No,No,No,67.0,1.095,1.110,1.800,1.800,1.005,5.110,1.125,No,No,No,40,40,94.0,100.0,No,No,32155,47955,36,70,99.0,100.0,No,No,1844,3246,0.1,0.5,0.6,0.008,0.025,63582,48892,0.0,0.0,0.0,0.000,0.000,164001,82786,58.0,62.0,65.3,83.0,0.870,20.683,20.673,20.693,21.246,9.496,9.515,8.662,18.189,3.000,11.662,7.705,7.738,100.000,140.000,2175.0,2150.2,1875.0,2175.0,1890.0,0.0,0.0,0.0,0.0,13.9,0.0,0.1,0.0,0.0,0.0,Yes,No,No,No,No,Yes,No,0,0,0,0,0,0,0,0,0,0,0,0,0,0,0,0,0,0,0,0,0,0,0,0,0,0,0,0,0,0,7047,1141,908,77,16.0,64,0.300,44.287,600.0,2194.0,0.2,0.0,0.0,0.0,0.0,0.0,0.0,0.0,1.0,163,16029,163,No,No,No,No,No,No,No,No,16.746,68.277,100.0,0.000,24.1,0,0,0,0.0,1.0,1.0,1.0,1.0,1.0,1.0,1.0,1.0,1.0,1.0,1.0,1.0,999.88,999.88,999.88,999.88,999.88,999.88,0.30,999.42,999.12,0.77,18.61,647,7,2.0,0.0,0,0,0.0,0.0,0,
9.6.2026,13:31:20.967,21812,26956,44.7,17640,14743,54.4,11.5,16384,1880,0.889,0.887,0.911,0.897,0.888,0.883,0.890,0.894,0.885,0.889,0.889,0.883,0.883,0.882,0.882,0.818,0.783,2850.2,3192.2,3192.2,3192.2,3192.2,3192.2,3192.2,2593.7,2593.7,2593.7,2593.7,2593.7,2593.7,2593.7,2593.7,99.8,2593.7,2893.6,3128.2,3133.4,3147.2,3153.2,3148.2,3158.2,3146.7,3146.0,3155.0,3155.4,3157.5,3159.5,2480.7,2506.5,2505.9,2513.1,2510.5,2517.3,2522.3,2527.1,2987.2,100.0,100.0,100.0,99.9,99.9,99.9,100.0,100.0,100.0,100.0,99.9,99.9,100.0,100.0,100.0,100.0,100.0,100.0,100.0,100.0,100.0,100.0,100.0,100.0,125.7,120.0,120.0,120.0,120.0,120.0,120.1,119.9,119.9,120.1,120.0,120.0,120.0,134.5,134.6,134.6,134.5,134.0,134.0,133.9,134.0,125.7,28.6,32.0,32.0,32.0,32.0,32.0,32.0,26.0,26.0,26.0,26.0,26.0,26.0,26.0,26.0,26.0,66,68,65,69,63,66,65,66,67,66,66,66,66,65,65,34,32,35,31,37,34,35,34,33,34,34,34,34,35,35,76,69,No,No,No,No,No,No,No,No,No,No,No,No,No,No,No,No,No,No,No,No,No,No,No,No,No,No,No,No,No,No,Yes,Yes,Yes,Yes,Yes,Yes,Yes,Yes,Yes,Yes,Yes,Yes,Yes,Yes,Yes,No,No,Yes,76,68,64,1.100,34.594,44.579,37.505,0.002,5.504,0.684,175.0,175.0,175.0,175.0,0,0.0,99.1,99.0,99.1,99.5,99.6,99.4,99.7,99.5,99.5,99.6,99.7,99.7,99.8,97.1,98.1,98.0,98.3,98.6,98.9,99.1,99.3,0.0,0.0,0.0,0.0,0.0,0.0,0.0,0.0,0.0,0.0,0.0,0.0,0.0,0.0,0.0,0.0,0.0,0.0,0.0,0.0,0.0,0.0,0.0,0.0,0.0,0.0,0.0,0.0,0.0,0.0,0.0,0.0,0.0,0.0,0.0,0.0,0.0,2394.1,24.00,36,35,35,68,103,383,2,2,Yes,No,No,No,No,No,No,No,Yes,No,No,No,No,Yes,No,No,No,No,No,No,No,Yes,No,No,No,No,No,No,No,No,No,No,No,No,No,No,No,No,85.0,4260,2400,4020,66.8,1.095,1.110,1.800,1.800,1.005,5.110,1.750,No,No,No,67.0,1.095,1.110,1.800,1.800,1.005,5.110,1.750,No,No,No,40,40,94.0,100.0,No,No,32155,47955,36,70,99.0,100.0,No,No,1844,3246,7.8,1.2,9.0,7.571,0.277,63597,48893,0.0,0.0,0.0,0.000,0.000,164001,82786,58.0,62.0,65.3,83.0,0.870,20.676,20.668,20.683,21.421,9.829,10.212,8.867,19.090,3.000,11.876,7.726,8.030,100.000,140.000,2175.0,2150.2,1875.0,2175.0,1890.0,5.0,1.0,0.0,0.0,13.9,0.0,0.2,0.0,0.0,0.0,Yes,No,No,No,No,Yes,No,0,0,0,0,0,0,0,0,0,0,0,0,0,0,0,0,0,0,0,0,0,0,0,0,0,0,0,0,0,0,7046,1142,909,82,16.0,63,0.300,44.839,600.0,2394.0,0.2,0.0,0.0,0.0,0.0,0.0,0.0,0.0,1.0,163,16029,163,No,No,No,No,No,No,No,No,16.746,68.277,100.0,0.000,24.1,0,0,0,0.0,85.2,209.4,7.7,6.6,6.5,6.5,85.2,166.1,7.8,6.7,6.6,6.6,11.74,129.73,4.77,4.73,152.97,152.97,0.46,11.28,11.74,0.00,9.73,647,7,10.8,15.6,0,0,0.0,0.0,0,
9.6.2026,13:31:22.891,21885,26883,44.8,17690,14694,54.6,11.5,16384,1880,0.890,0.876,0.897,0.893,0.887,0.910,0.878,0.883,0.886,0.886,0.886,0.886,0.904,0.909,0.874,0.808,0.781,2729.0,3092.4,3092.4,3192.2,3192.2,3192.2,3192.2,2593.7,2593.7,2593.7,2593.7,2593.7,2593.7,2593.7,1097.3,99.8,2493.9,2897.8,3124.4,3130.3,3151.1,3154.7,3149.8,3157.5,3134.7,3132.2,3144.2,3146.7,3155.7,3157.4,2487.5,2517.2,2523.6,2536.9,2535.4,2537.3,2539.5,2540.6,2987.7,99.9,99.9,99.9,99.9,99.9,99.9,100.0,100.0,100.0,100.0,99.9,100.0,100.0,99.9,99.9,99.9,99.9,100.0,99.9,99.9,99.9,100.0,99.9,100.0,126.0,120.1,120.0,120.0,120.1,120.1,120.1,119.8,119.8,120.1,120.0,120.1,120.1,135.1,135.1,135.1,135.1,134.6,134.6,134.6,134.6,126.0,27.4,31.0,31.0,32.0,32.0,32.0,32.0,26.0,26.0,26.0,26.0,26.0,26.0,26.0,11.0,25.0,66,68,66,68,64,66,65,66,67,67,66,65,66,66,65,34,32,34,32,36,34,35,34,33,33,34,35,34,34,35,76,68,No,No,No,No,No,No,No,No,No,No,No,No,No,No,No,No,No,No,No,No,No,No,No,No,No,No,No,No,No,No,Yes,Yes,Yes,Yes,Yes,Yes,Yes,Yes,Yes,Yes,Yes,Yes,Yes,Yes,Yes,No,No,Yes,76,69,63,1.100,43.876,46.523,39.174,0.003,5.687,0.770,175.0,175.0,175.0,175.0,0,0.0,99.2,98.7,98.9,99.5,99.7,99.5,99.7,99.3,99.2,99.3,99.4,99.7,99.7,97.1,98.3,98.5,99.0,99.4,99.4,99.5,99.6,0.0,0.0,0.0,0.0,0.0,0.0,0.0,0.0,0.0,0.0,0.1,0.0,0.0,0.0,0.0,0.0,0.0,0.0,0.0,0.0,0.0,0.0,0.0,0.0,0.0,0.0,0.0,0.0,0.0,0.0,0.0,0.0,0.0,0.0,0.0,0.0,0.0,2394.1,24.00,36,35,35,68,103,383,2,2,Yes,No,No,No,No,No,No,No,Yes,No,No,No,No,Yes,No,No,No,No,No,No,No,Yes,No,No,No,No,No,No,No,No,No,No,No,No,No,No,No,No,86.0,4260,2460,4080,66.8,1.095,1.110,1.800,1.815,1.005,5.110,2.000,No,No,No,67.2,1.095,1.110,1.800,1.815,1.005,5.110,1.500,No,No,No,41,41,94.0,100.0,No,No,32155,47955,36,70,99.0,100.0,No,No,1844,3246,6.4,1.0,7.4,4.660,0.265,63606,48893,0.0,0.1,0.1,0.000,0.008,164001,82786,57.9,62.0,65.3,83.0,0.870,20.691,20.685,20.697,21.457,8.787,10.135,6.578,16.723,3.000,9.580,7.713,7.782,100.000,140.000,2175.0,1750.2,1875.0,2174.9,1890.0,5.0,0.0,0.0,0.0,14.3,0.3,1.0,0.0,0.0,0.0,Yes,No,No,No,No,Yes,No,0,0,0,0,0,0,0,0,0,0,0,0,0,0,0,0,0,0,0,0,0,0,0,0,0,0,0,0,0,0,7018,1170,937,86,16.0,64,0.300,46.242,600.0,2394.0,0.2,0.0,0.0,0.0,0.0,0.0,0.0,0.0,1.0,163,16029,163,No,No,No,No,No,No,No,No,16.747,68.277,100.0,0.000,24.1,0,0,0,0.0,84.1,175.7,6.9,4.2,4.0,4.0,84.1,165.9,6.9,4.2,4.0,4.0,11.90,144.49,5.69,5.63,250.09,250.09,0.45,11.44,11.90,0.00,8.78,647,7,10.1,10.6,0,0,0.0,0.0,0,
9.6.2026,13:31:24.902,21881,26887,44.8,17690,14694,54.6,11.5,16384,1880,0.875,0.875,0.864,0.893,0.890,0.877,0.879,0.879,0.881,0.870,0.868,0.875,0.866,0.867,0.873,0.811,0.781,2800.3,3092.4,3092.4,3192.2,3192.2,3192.2,3192.2,2593.7,2593.7,2593.7,2493.9,2493.9,2493.9,2493.9,2493.9,99.8,2493.9,2878.8,3107.1,3107.7,3134.3,3137.0,3131.2,3136.1,3123.1,3123.1,3134.5,3137.3,3137.8,3137.3,2459.1,2499.8,2509.2,2524.3,2507.2,2508.1,2510.1,2510.9,2971.2,99.9,99.9,99.9,99.9,99.9,99.9,99.9,100.0,100.0,99.9,99.9,99.9,99.9,100.0,100.0,100.0,100.0,100.0,100.0,100.0,100.0,100.0,99.9,100.0,124.9,119.3,119.3,119.3,119.3,119.3,119.3,119.0,119.0,119.4,119.4,119.3,119.3,134.0,134.0,134.0,134.0,133.0,133.0,133.0,133.0,125.0,28.1,31.0,31.0,32.0,32.0,32.0,32.0,26.0,26.0,26.0,25.0,25.0,25.0,25.0,25.0,25.0,66,68,67,68,64,67,68,66,66,66,67,65,65,65,65,34,32,33,32,36,33,32,34,34,34,33,35,35,35,35,75,68,No,No,No,No,No,No,No,No,No,No,No,No,No,No,No,No,No,No,No,No,No,No,No,No,No,No,No,No,No,No,Yes,Yes,Yes,Yes,Yes,Yes,Yes,Yes,Yes,Yes,Yes,Yes,Yes,Yes,Yes,No,No,Yes,76,68,64,1.100,41.344,44.139,37.043,0.003,5.675,0.753,175.0,175.0,175.0,175.0,0,0.0,99.3,98.8,98.8,99.6,99.7,99.6,99.7,99.6,99.6,99.6,99.7,99.7,99.7,96.8,98.4,98.8,99.4,99.5,99.6,99.6,99.7,0.0,0.0,0.0,0.0,0.0,0.0,0.0,0.0,0.0,0.0,0.0,0.0,0.0,0.0,0.0,0.0,0.0,0.0,0.0,0.0,0.0,0.0,0.0,0.0,0.0,0.0,0.0,0.0,0.0,0.0,0.0,0.0,0.0,0.0,0.0,0.0,0.0,2394.1,24.00,36,35,35,68,103,383,2,2,Yes,No,No,No,No,No,No,No,Yes,No,No,No,No,Yes,No,No,No,No,No,No,No,Yes,No,No,No,No,No,No,No,No,No,No,No,No,No,No,No,No,84.0,4260,2460,4080,67.0,1.095,1.110,1.800,1.815,1.005,5.110,1.500,No,No,No,67.2,1.095,1.110,1.800,1.815,1.005,5.110,2.000,No,No,No,40,40,94.0,100.0,No,No,32155,47955,36,70,99.0,100.0,No,No,1844,3246,4.8,1.5,6.2,0.506,0.284,63607,48894,0.0,0.0,0.0,0.000,0.000,164001,82786,58.0,62.0,65.3,83.0,0.870,20.682,20.673,20.691,21.341,9.518,9.552,8.683,18.250,3.000,11.692,7.710,7.743,100.000,140.000,2175.0,2150.2,1875.0,2175.0,1890.0,0.0,0.0,0.0,0.0,14.2,0.0,0.2,0.0,0.0,0.0,Yes,No,No,No,No,Yes,No,0,0,0,0,0,0,0,0,0,0,0,0,0,0,0,0,0,0,0,0,0,0,0,0,0,0,0,0,0,0,7025,1163,930,85,16.0,64,0.300,44.821,600.0,2394.0,0.2,0.0,0.0,0.0,0.0,0.0,0.0,0.0,1.0,163,16029,163,No,No,No,No,No,No,No,No,16.746,68.277,100.0,0.000,24.1,0,0,0,0.0,4.6,41.3,1.6,1.6,1.6,1.6,4.6,40.5,1.6,1.6,1.6,1.6,219.34,618.43,24.19,23.70,630.09,630.09,0.45,218.92,219.34,0.00,260.64,647,7,0.7,3.4,0,0,0.0,0.0,0,
9.6.2026,13:31:26.899,21900,26868,44.9,17714,14670,54.6,11.5,16384,1880,0.878,0.867,0.871,0.880,0.877,0.873,0.881,0.882,0.885,0.885,0.885,0.865,0.882,0.882,0.870,0.808,0.781,2657.8,3092.4,3092.4,3092.4,3092.4,3092.4,3092.4,2493.9,2493.9,2493.9,2493.9,2493.9,2593.7,2493.9,1097.3,99.8,2493.9,2891.0,3129.5,3130.3,3138.8,3138.1,3133.1,3140.5,3131.7,3130.6,3137.7,3137.8,3137.8,3138.4,2510.3,2526.6,2525.4,2532.3,2523.6,2525.2,2525.5,2526.1,2982.4,100.0,99.9,99.9,99.9,99.9,99.9,100.0,100.0,100.0,99.9,99.9,100.0,100.0,100.0,100.0,100.0,99.9,100.0,100.0,100.0,100.0,100.0,100.0,100.0,125.3,119.4,119.4,119.4,119.4,119.4,119.5,119.2,119.2,119.5,119.5,119.5,119.5,134.5,134.5,134.4,134.4,133.7,133.7,133.7,133.7,125.3,26.6,31.0,31.0,31.0,31.0,31.0,31.0,25.0,25.0,25.0,25.0,25.0,26.0,25.0,11.0,25.0,66,68,67,68,64,66,65,66,66,66,66,65,65,65,65,34,32,33,32,36,34,35,34,34,34,34,35,35,35,35,76,68,No,No,No,No,No,No,No,No,No,No,No,No,No,No,No,No,No,No,No,No,No,No,No,No,No,No,No,No,No,No,Yes,Yes,Yes,Yes,Yes,Yes,Yes,Yes,Yes,Yes,Yes,Yes,Yes,Yes,Yes,No,No,Yes,76,69,64,1.100,35.438,45.133,37.747,0.001,5.560,0.715,175.0,175.0,175.0,175.0,0,0.0,99.6,99.4,99.5,99.7,99.7,99.6,99.8,99.7,99.7,99.7,99.7,99.8,99.8,98.6,99.3,99.2,99.5,99.6,99.7,99.7,99.7,0.0,0.0,0.0,0.0,0.0,0.0,0.0,0.0,0.0,0.0,0.0,0.0,0.0,0.0,0.0,0.0,0.0,0.0,0.0,0.0,0.0,0.0,0.0,0.0,0.0,0.0,0.0,0.0,0.0,0.0,0.0,0.0,0.0,0.0,0.0,0.0,0.0,2194.6,22.00,32,32,32,62,103,351,2,2,Yes,No,No,No,No,No,No,No,Yes,No,No,No,No,Yes,No,No,No,No,No,No,No,Yes,No,No,No,No,No,No,No,No,No,No,No,No,No,No,No,No,85.0,4200,2460,4080,67.0,1.095,1.110,1.800,1.815,1.005,5.110,1.375,No,No,No,67.2,1.095,1.110,1.800,1.815,1.005,5.110,1.125,No,No,No,41,41,94.0,100.0,No,No,32155,47955,36,70,99.0,100.0,No,No,1844,3246,5.6,1.1,6.7,2.614,0.180,63612,48894,0.0,0.0,0.0,0.000,0.006,164001,82786,58.0,62.0,65.2,83.0,0.870,20.682,20.673,20.690,21.312,9.576,9.663,8.745,18.414,3.000,11.748,7.710,7.752,100.000,140.000,2175.0,2150.2,1875.0,2175.0,1890.0,2.0,0.0,0.0,0.0,14.2,0.1,0.3,0.0,0.0,0.0,Yes,No,No,No,No,Yes,No,0,0,0,0,0,0,0,0,0,0,0,0,0,0,0,0,0,0,0,0,0,0,0,0,0,0,0,0,0,0,7025,1163,930,85,16.0,64,0.300,45.378,600.0,2394.0,0.1,0.0,0.0,0.0,0.0,0.0,0.0,0.0,1.0,163,16029,163,No,No,No,No,No,No,No,No,16.747,68.277,100.0,0.000,24.1,0,0,0,0.0,15.0,186.3,1.9,1.7,1.7,1.7,15.0,165.5,1.9,1.7,1.7,1.7,66.76,531.07,5.37,5.36,601.28,601.28,0.47,66.29,66.76,0.00,83.70,647,7,0.0,0.0,0,0,0.0,0.0,0,
9.6.2026,13:31:28.894,20965,27803,42.9,17055,15329,52.6,11.4,16384,1860,0.875,0.872,0.881,0.872,0.885,0.882,0.871,0.871,0.860,0.870,0.876,0.877,0.879,0.879,0.879,0.818,0.778,2786.0,3192.2,3192.2,3192.2,3192.2,3192.2,3092.4,2493.9,2493.9,2493.9,2493.9,2493.9,2493.9,2493.9,2493.9,99.8,2593.7,2872.1,3096.9,3100.3,3117.8,3111.0,3112.8,3120.4,3104.9,3107.8,3113.3,3114.0,3122.5,3123.3,2496.8,2509.2,2516.3,2515.9,2514.5,2514.9,2512.6,2517.8,2961.4,99.9,99.7,99.7,99.9,99.7,99.9,100.0,99.8,99.9,99.8,99.7,100.0,100.0,99.8,99.8,99.9,99.8,99.9,99.9,99.8,100.0,100.0,99.9,100.0,124.2,118.2,118.2,118.6,118.3,118.5,118.6,118.1,118.2,118.3,118.3,118.6,118.6,133.1,133.1,133.2,133.1,133.0,132.9,132.8,133.0,124.2,27.9,32.0,32.0,32.0,32.0,32.0,31.0,25.0,25.0,25.0,25.0,25.0,25.0,25.0,25.0,26.0,67,69,67,68,66,68,66,67,67,68,67,65,65,65,65,33,31,33,32,34,32,34,33,33,32,33,35,35,35,35,75,69,No,No,No,No,No,No,No,No,No,No,No,No,No,No,No,No,No,No,No,No,No,No,No,No,No,No,No,No,No,No,Yes,Yes,Yes,Yes,Yes,Yes,Yes,Yes,Yes,Yes,Yes,Yes,Yes,Yes,Yes,No,No,Yes,76,69,65,1.100,45.563,48.134,41.187,0.001,5.409,0.652,175.0,175.0,175.0,175.0,0,0.0,99.5,99.1,99.2,99.7,99.5,99.6,99.8,99.6,99.7,99.5,99.5,99.8,99.8,98.6,99.1,99.4,99.4,99.5,99.6,99.5,99.7,0.1,0.0,0.0,0.0,0.0,0.0,0.0,0.2,0.2,0.1,0.2,0.0,0.1,0.2,0.0,0.0,0.0,0.0,0.0,0.0,0.0,0.0,0.0,0.0,0.0,0.0,0.0,0.0,0.0,0.0,0.0,0.0,0.0,0.0,0.0,0.0,0.0,2194.6,22.00,32,32,32,62,103,351,2,2,Yes,No,No,No,No,No,No,No,Yes,No,No,No,No,Yes,No,No,No,No,No,No,No,Yes,No,No,No,No,No,No,No,No,No,No,No,No,No,No,No,No,85.0,4260,2460,4080,67.0,1.110,1.110,1.800,1.815,1.005,5.110,1.500,No,No,No,67.2,1.110,1.110,1.800,1.815,1.005,5.110,1.250,No,No,No,41,41,94.0,100.0,No,No,32155,47955,36,70,99.0,100.0,No,No,1844,3246,2.4,2.0,4.4,0.702,0.242,63613,48895,0.0,0.0,0.0,0.000,0.000,164001,82786,58.0,62.0,65.3,83.0,0.870,20.672,20.666,20.677,21.416,9.597,9.742,8.742,18.486,3.000,11.742,7.714,7.755,100.000,140.000,2175.0,2150.2,1875.0,2175.0,1890.0,2.0,0.0,0.0,0.0,14.2,0.0,0.2,0.0,0.0,0.0,Yes,No,No,No,No,Yes,No,0,0,0,0,0,0,0,0,0,0,0,0,0,0,0,0,0,0,0,0,0,0,0,0,0,0,0,0,0,0,7025,1163,930,86,16.0,64,0.300,46.568,600.0,2194.0,0.1,0.0,0.0,0.0,0.0,0.0,0.0,0.0,1.0,161,16030,162,No,No,No,No,No,No,No,No,16.746,68.277,100.0,0.000,24.1,0,0,0,0.0,1.6,1.6,1.6,1.6,1.6,1.6,1.7,1.7,1.7,1.7,1.7,1.7,606.33,606.33,606.33,606.33,606.33,606.33,0.40,605.93,606.33,0.00,593.77,647,7,0.0,0.0,0,0,0.0,0.0,0,
9.6.2026,13:31:30.890,20960,27808,42.9,17049,15335,52.6,11.4,16384,1860,0.874,0.872,0.873,0.873,0.870,0.882,0.890,0.869,0.862,0.870,0.873,0.878,0.875,0.875,0.875,0.808,0.783,2750.4,3092.4,3092.4,3092.4,3092.4,3092.4,3092.4,2493.9,2493.9,2493.9,2493.9,2493.9,2493.9,2493.9,2493.9,99.8,2493.9,2846.7,3090.1,3090.4,3093.1,3092.5,3089.7,3093.0,3080.4,3079.3,3090.0,3090.2,3090.9,3091.0,2468.4,2478.7,2485.1,2492.3,2484.7,2484.7,2484.7,2484.8,2937.2,100.0,100.0,100.0,100.0,100.0,100.0,100.0,100.0,100.0,100.0,100.0,100.0,100.0,100.0,100.0,100.0,100.0,100.0,100.0,100.0,100.0,100.0,100.0,100.0,123.3,117.6,117.7,117.7,117.7,117.7,117.7,117.3,117.3,117.6,117.6,117.7,117.7,132.1,132.1,132.1,132.1,131.6,131.6,131.6,131.6,123.3,27.6,31.0,31.0,31.0,31.0,31.0,31.0,25.0,25.0,25.0,25.0,25.0,25.0,25.0,25.0,25.0,67,68,67,68,66,68,66,67,67,68,67,65,65,65,65,33,32,33,32,34,32,34,33,33,32,33,35,35,35,35,76,68,No,No,No,No,No,No,No,No,No,No,No,No,No,No,No,No,No,No,No,No,No,No,No,No,No,No,No,No,No,No,Yes,Yes,Yes,Yes,Yes,Yes,Yes,Yes,Yes,Yes,Yes,Yes,Yes,Yes,Yes,No,No,Yes,76,68,63,1.100,43.032,43.078,35.845,0.001,5.646,0.684,175.0,175.0,175.0,175.0,0,0.0,99.6,99.7,99.7,99.8,99.8,99.7,99.8,99.8,99.7,99.8,99.8,99.8,99.8,98.7,99.1,99.4,99.7,99.7,99.7,99.7,99.7,0.0,0.0,0.0,0.0,0.0,0.0,0.0,0.0,0.0,0.0,0.0,0.0,0.0,0.0,0.0,0.0,0.0,0.0,0.0,0.0,0.0,0.0,0.0,0.0,0.0,0.0,0.0,0.0,0.0,0.0,0.0,0.0,0.0,0.0,0.0,0.0,0.0,2394.1,24.00,36,35,35,68,103,383,2,2,Yes,No,No,No,No,No,No,No,Yes,No,No,No,No,Yes,No,No,No,No,No,No,No,Yes,No,No,No,No,No,No,No,No,No,No,No,No,No,No,No,No,84.0,4260,2400,4020,67.0,1.110,1.110,1.800,1.815,1.005,5.110,1.500,No,No,No,67.2,1.110,1.110,1.800,1.815,1.005,5.110,1.625,No,No,No,41,41,94.0,100.0,No,No,32155,47955,36,70,99.0,100.0,No,No,1844,3246,1.1,1.2,2.4,0.159,0.368,63613,48895,0.0,0.0,0.0,0.000,0.000,164001,82786,58.0,62.0,65.3,83.0,0.870,20.674,20.667,20.682,21.251,9.492,9.519,8.639,18.179,3.000,11.655,7.711,7.743,100.000,140.000,2175.0,2150.2,1875.0,2175.0,1890.0,0.0,0.0,0.0,0.0,14.2,0.0,0.1,0.0,0.0,0.0,Yes,No,No,No,No,Yes,No,0,0,0,0,0,0,0,0,0,0,0,0,0,0,0,0,0,0,0,0,0,0,0,0,0,0,0,0,0,0,7025,1163,930,86,16.0,63,0.300,45.137,600.0,2194.0,0.1,0.0,0.0,0.0,0.0,0.0,0.0,0.0,0.8,127,16065,127,No,No,No,No,No,No,No,No,16.746,68.277,100.0,0.000,24.1,0,0,0,0.0,3.5,41.2,1.3,1.2,1.2,1.2,3.4,41.1,1.2,1.2,1.2,1.2,289.73,799.12,24.25,24.14,814.81,814.81,0.43,289.30,289.73,0.00,482.50,647,7,0.2,0.1,0,0,0.0,0.0,0,
9.6.2026,13:31:32.901,20872,27896,42.7,17015,15368,52.5,11.4,16384,1860,0.874,0.885,0.876,0.884,0.884,0.872,0.871,0.871,0.871,0.871,0.869,0.866,0.872,0.872,0.872,0.818,0.783,2764.7,3192.2,3192.2,3092.4,3092.4,3092.4,3092.4,2493.9,2493.9,2493.9,2493.9,2493.9,2493.9,2493.9,2493.9,99.8,2593.7,2852.1,3089.5,3092.2,3099.5,3098.6,3095.6,3101.1,3091.9,3088.7,3097.1,3099.8,3102.1,3101.7,2460.4,2473.6,2491.4,2498.2,2490.0,2489.5,2491.4,2490.8,2942.6,100.0,100.0,100.0,100.0,100.0,100.0,100.0,100.0,99.9,99.9,100.0,100.0,100.0,99.9,100.0,100.0,100.0,100.0,100.0,100.0,100.0,100.0,100.0,100.0,123.6,117.9,117.9,117.9,117.9,117.9,117.9,117.6,117.5,117.8,117.9,117.9,117.9,132.3,132.4,132.4,132.4,131.8,131.8,131.8,131.8,123.5,27.7,32.0,32.0,31.0,31.0,31.0,31.0,25.0,25.0,25.0,25.0,25.0,25.0,25.0,25.0,26.0,67,69,67,67,66,66,67,67,67,68,67,65,66,66,66,33,31,33,33,34,34,33,33,33,32,33,35,34,34,34,76,69,No,No,No,No,No,No,No,No,No,No,No,No,No,No,No,No,No,No,No,No,No,No,No,No,No,No,No,No,No,No,Yes,Yes,Yes,Yes,Yes,Yes,Yes,Yes,Yes,Yes,Yes,Yes,Yes,Yes,Yes,No,No,Yes,76,69,64,1.100,45.563,46.978,40.125,0.002,5.533,0.696,175.0,175.0,175.0,175.0,0,0.0,99.5,99.5,99.5,99.8,99.7,99.6,99.8,99.8,99.7,99.7,99.8,99.8,99.8,98.0,98.5,99.2,99.5,99.6,99.6,99.7,99.7,0.0,0.0,0.0,0.0,0.0,0.0,0.0,0.1,0.0,0.0,0.0,0.0,0.0,0.0,0.1,0.0,0.0,0.0,0.0,0.0,0.0,0.0,0.0,0.0,0.0,0.0,0.0,0.0,0.0,0.0,0.0,0.0,0.0,0.0,0.0,0.0,0.0,2194.6,22.00,32,32,32,62,103,351,2,2,Yes,No,No,No,No,No,No,No,Yes,No,No,No,No,Yes,No,No,No,No,No,No,No,Yes,No,No,No,No,No,No,No,No,No,No,No,No,No,No,No,No,83.0,4260,2400,4080,67.0,1.110,1.110,1.815,1.815,1.005,5.110,1.375,No,No,No,67.2,1.110,1.110,1.800,1.815,1.005,5.110,2.125,No,No,No,41,41,94.0,100.0,No,No,32155,47955,36,70,99.0,100.0,No,No,1844,3246,0.2,1.4,1.7,0.085,0.164,63613,48896,0.0,0.0,0.0,0.000,0.000,164001,82786,58.0,64.0,65.2,83.0,0.870,20.683,20.673,20.693,21.277,9.526,9.581,8.683,18.272,3.000,11.694,7.711,7.744,100.000,140.000,2175.0,2150.2,1875.0,2175.0,1890.0,1.0,0.0,0.0,0.0,14.2,0.0,0.1,0.0,0.0,0.0,Yes,No,No,No,No,Yes,No,0,0,0,0,0,0,0,0,0,0,0,0,0,0,0,0,0,0,0,0,0,0,0,0,0,0,0,0,0,0,7025,1163,930,86,16.0,64,0.300,45.016,600.0,2394.0,0.2,0.0,0.0,0.0,0.0,0.0,0.0,0.0,0.8,127,16065,127,No,No,No,No,No,No,No,No,16.746,68.277,100.0,0.000,24.1,0,0,0,0.0,99.5,208.2,21.0,14.3,13.8,13.8,96.2,166.1,22.0,14.3,13.8,13.8,10.05,47.60,4.80,4.80,72.49,72.49,0.45,9.60,10.05,0.00,2.32,647,7,0.5,0.2,0,0,0.0,0.0,0,
9.6.2026,13:31:34.899,20593,28175,42.2,16968,15416,52.3,11.4,16384,1860,0.871,0.867,0.881,0.869,0.869,0.869,0.877,0.872,0.880,0.880,0.862,0.856,0.871,0.872,0.866,0.808,0.781,2657.8,3092.4,3192.2,3092.4,3092.4,3092.4,3092.4,2493.9,2493.9,2493.9,2493.9,2493.9,1097.3,2493.9,2493.9,99.8,2493.9,2856.5,3099.6,3099.3,3102.8,3102.8,3098.0,3102.1,3089.7,3089.3,3102.4,3102.4,3103.6,3103.6,2480.2,2487.7,2498.3,2502.6,2490.5,2491.5,2491.4,2492.1,2947.8,100.0,100.0,100.0,100.0,100.0,100.0,100.0,100.0,100.0,100.0,100.0,100.0,100.0,100.0,100.0,100.0,100.0,100.0,100.0,100.0,100.0,100.0,100.0,100.0,123.6,118.0,118.0,118.0,118.0,118.0,118.0,117.5,117.5,118.0,118.0,118.0,118.0,132.5,132.5,132.5,132.4,131.8,131.8,131.8,131.8,123.6,26.6,31.0,32.0,31.0,31.0,31.0,31.0,25.0,25.0,25.0,25.0,25.0,11.0,25.0,25.0,25.0,66,69,67,68,66,66,65,67,67,67,67,65,65,65,65,34,31,33,32,34,34,35,33,33,33,33,35,35,35,35,75,69,No,No,No,No,No,No,No,No,No,No,No,No,No,No,No,No,No,No,No,No,No,No,No,No,No,No,No,No,No,No,Yes,Yes,Yes,Yes,Yes,Yes,Yes,Yes,Yes,Yes,Yes,Yes,Yes,Yes,Yes,No,No,Yes,76,69,64,1.100,42.188,45.332,37.876,0.002,5.596,0.719,175.0,175.0,175.0,175.0,0,0.0,99.7,99.7,99.7,99.8,99.8,99.6,99.8,99.8,99.8,99.8,99.8,99.8,99.8,98.8,99.1,99.5,99.7,99.7,99.7,99.7,99.7,0.0,0.0,0.0,0.0,0.0,0.0,0.0,0.0,0.0,0.0,0.0,0.0,0.0,0.0,0.0,0.0,0.0,0.0,0.0,0.0,0.0,0.0,0.0,0.0,0.0,0.0,0.0,0.0,0.0,0.0,0.0,0.0,0.0,0.0,0.0,0.0,0.0,2394.1,24.00,36,35,35,68,103,383,2,2,Yes,No,No,No,No,No,No,No,Yes,No,No,No,No,Yes,No,No,No,No,No,No,No,Yes,No,No,No,No,No,No,No,No,No,No,No,No,No,No,No,No,84.0,4260,2400,4020,67.2,1.110,1.110,1.800,1.815,1.005,5.110,1.250,No,No,No,67.5,1.110,1.110,1.800,1.815,1.005,5.110,1.375,No,No,No,41,41,94.0,100.0,No,No,32155,47955,36,70,99.0,100.0,No,No,1844,3246,1.3,0.7,2.0,0.274,0.205,63614,48896,0.0,0.0,0.0,0.000,0.000,164001,82786,58.0,62.0,65.2,83.0,0.870,20.673,20.666,20.681,21.255,9.511,9.554,8.659,18.240,3.000,11.674,7.710,7.743,100.000,140.000,2175.0,2150.2,1875.0,2175.0,1890.0,0.0,0.0,0.0,0.0,11.4,0.1,0.4,0.0,0.0,0.0,Yes,No,No,No,No,Yes,No,0,0,0,0,0,0,0,0,0,0,0,0,0,0,0,0,0,0,0,0,0,0,0,0,0,0,0,0,0,0,7253,935,701,86,16.0,64,0.300,45.996,600.0,2194.0,0.2,0.0,0.0,0.0,0.0,0.0,0.0,0.0,0.8,127,16065,127,No,No,No,No,No,No,No,No,16.747,68.277,100.0,0.000,24.1,0,0,0,0.0,99.5,208.2,21.0,14.3,13.8,13.8,96.2,166.1,22.0,14.3,13.8,13.8,10.05,47.60,4.80,4.80,72.49,72.49,0.45,9.60,10.05,0.00,2.32,647,7,0.3,0.1,0,0,0.0,0.0,0,
9.6.2026,13:31:36.894,20503,28264,42.0,16923,15461,52.2,11.4,16384,1860,0.867,0.872,0.877,0.871,0.877,0.880,0.853,0.872,0.851,0.861,0.868,0.861,0.868,0.862,0.862,0.818,0.781,2693.4,3192.2,3192.2,3092.4,3192.2,3192.2,3092.4,2593.7,1097.3,2493.9,2593.7,2493.9,2493.9,2493.9,2493.9,99.8,2593.7,2867.3,3111.4,3111.1,3113.3,3110.7,3109.6,3112.7,3095.3,3096.0,3113.8,3111.6,3115.5,3115.9,2495.8,2503.6,2511.2,2515.5,2500.7,2499.7,2501.3,2500.6,2958.9,100.0,100.0,100.0,99.9,99.9,100.0,99.9,99.9,100.0,100.0,99.9,100.0,100.0,100.0,100.0,100.0,99.9,100.0,99.9,100.0,100.0,100.0,100.0,100.0,124.0,118.4,118.4,118.4,118.3,118.4,118.3,117.7,117.7,118.4,118.3,118.4,118.4,133.0,133.0,133.0,133.0,132.1,132.1,132.1,132.1,124.0,27.0,32.0,32.0,31.0,32.0,32.0,31.0,26.0,11.0,25.0,26.0,25.0,25.0,25.0,25.0,26.0,67,70,68,69,67,68,67,68,68,68,68,66,66,65,65,33,30,32,31,33,32,33,32,32,32,32,34,34,35,35,75,70,No,No,No,No,No,No,No,No,No,No,No,No,No,No,No,No,No,No,No,No,No,No,No,No,No,No,No,No,No,No,Yes,Yes,Yes,Yes,Yes,Yes,Yes,Yes,Yes,Yes,Yes,Yes,Yes,Yes,Yes,No,No,Yes,75,69,64,1.100,43.876,45.227,38.173,0.002,5.488,0.676,175.0,175.0,175.0,175.0,0,0.0,99.7,99.7,99.7,99.8,99.7,99.7,99.8,99.8,99.8,99.8,99.7,99.8,99.8,98.9,99.2,99.5,99.6,99.7,99.7,99.7,99.7,0.0,0.0,0.0,0.0,0.0,0.0,0.0,0.0,0.0,0.0,0.1,0.0,0.0,0.0,0.0,0.0,0.0,0.0,0.0,0.0,0.0,0.0,0.0,0.0,0.0,0.0,0.0,0.0,0.0,0.0,0.0,0.0,0.0,0.0,0.0,0.0,0.0,2194.6,22.00,32,32,32,62,103,351,2,2,Yes,No,No,No,No,No,No,No,Yes,No,No,No,No,Yes,No,No,No,No,No,No,No,Yes,No,No,No,No,No,No,No,No,No,No,No,No,No,No,No,No,83.0,4140,2400,3960,67.2,1.110,1.110,1.800,1.815,0.990,5.110,1.250,No,No,No,67.5,1.110,1.110,1.800,1.815,1.005,5.110,1.375,No,No,No,41,41,94.0,100.0,No,No,32155,47955,36,70,99.0,100.0,No,No,1844,3246,0.1,1.7,1.8,0.002,0.220,63614,48896,0.0,0.0,0.0,0.000,0.000,164001,82786,58.0,62.0,65.3,83.0,0.870,20.684,20.674,20.694,21.295,9.495,9.517,8.642,18.190,3.000,11.661,7.710,7.743,100.000,140.000,2175.0,2150.2,1875.0,2175.0,1890.0,0.0,0.0,0.0,0.0,11.3,0.0,0.0,0.0,0.0,0.0,Yes,No,No,No,No,Yes,No,0,0,0,0,0,0,0,0,0,0,0,0,0,0,0,0,0,0,0,0,0,0,0,0,0,0,0,0,0,0,7266,922,688,84,16.0,64,0.300,44.086,600.0,2394.0,0.2,0.0,0.0,0.0,0.0,0.0,0.0,0.0,0.8,127,16065,127,No,No,No,No,No,No,No,No,16.747,68.277,100.0,0.000,24.1,0,0,0,0.0,99.5,208.2,21.0,14.3,13.8,13.8,96.2,166.1,22.0,14.3,13.8,13.8,10.05,47.60,4.80,4.80,72.49,72.49,0.45,9.60,10.05,0.00,2.32,647,7,0.0,0.0,0,0,0.0,0.0,0,
9.6.2026,13:31:38.903,20502,28266,42.0,16920,15464,52.2,11.4,16384,1860,0.867,0.869,0.868,0.861,0.869,0.870,0.860,0.861,0.872,0.863,0.868,0.866,0.866,0.872,0.868,0.808,0.781,2750.4,3092.4,3092.4,3092.4,3092.4,3092.4,3092.4,2493.9,2493.9,2493.9,2493.9,2493.9,2493.9,2493.9,2493.9,99.8,2493.9,2855.2,3099.7,3098.3,3100.5,3101.4,3095.8,3100.0,3086.7,3086.4,3100.1,3100.0,3100.1,3099.3,2480.9,2489.7,2495.0,2498.4,2492.9,2493.1,2493.2,2493.2,2945.8,100.0,100.0,100.0,100.0,100.0,100.0,100.0,100.0,100.0,100.0,100.0,100.0,100.0,100.0,100.0,100.0,100.0,100.0,100.0,100.0,100.0,100.0,100.0,100.0,123.6,118.0,117.9,117.9,118.0,118.0,118.0,117.4,117.4,118.0,118.0,118.0,118.0,132.4,132.4,132.4,132.5,132.0,132.0,132.0,132.0,123.6,27.6,31.0,31.0,31.0,31.0,31.0,31.0,25.0,25.0,25.0,25.0,25.0,25.0,25.0,25.0,25.0,67,68,67,68,66,68,68,68,68,68,68,65,65,65,65,33,32,33,32,34,32,32,32,32,32,32,35,35,35,35,75,68,No,No,No,No,No,No,No,No,No,No,No,No,No,No,No,No,No,No,No,No,No,No,No,No,No,No,No,No,No,No,Yes,Yes,Yes,Yes,Yes,Yes,Yes,Yes,Yes,Yes,Yes,Yes,Yes,Yes,Yes,No,No,Yes,76,68,64,1.100,40.501,45.508,38.623,0.003,5.452,0.650,175.0,175.0,175.0,175.0,0,0.0,99.7,99.7,99.7,99.8,99.8,99.7,99.8,99.8,99.8,99.8,99.8,99.8,99.8,98.9,99.3,99.5,99.7,99.7,99.7,99.7,99.7,0.0,0.0,0.0,0.0,0.0,0.0,0.0,0.0,0.0,0.0,0.0,0.0,0.0,0.0,0.0,0.0,0.0,0.0,0.0,0.0,0.0,0.0,0.0,0.0,0.0,0.0,0.0,0.0,0.0,0.0,0.0,0.0,0.0,0.0,0.0,0.0,0.0,2394.1,24.00,36,35,35,68,103,383,2,2,Yes,No,No,No,No,No,No,No,Yes,No,No,No,No,Yes,No,No,No,No,No,No,No,Yes,No,No,No,No,No,No,No,No,No,No,No,No,No,No,No,No,84.0,4140,2400,3960,67.2,1.110,1.110,1.800,1.815,1.005,5.110,2.500,No,No,No,67.5,1.110,1.110,1.800,1.815,1.005,5.110,1.375,No,No,No,41,41,94.0,100.0,No,No,32155,47955,36,70,99.0,100.0,No,No,1844,3246,0.1,0.8,0.9,0.004,0.139,63614,48897,0.0,0.0,0.0,0.000,0.000,164001,82786,58.0,62.0,65.3,83.0,0.870,20.673,20.666,20.680,21.217,9.510,9.549,8.659,18.219,3.000,11.673,7.718,7.750,100.000,140.000,2175.0,2150.2,1875.0,2175.0,1890.0,0.0,0.0,0.0,0.0,11.3,0.0,0.0,0.0,0.0,0.0,Yes,No,No,No,No,Yes,No,0,0,0,0,0,0,0,0,0,0,0,0,0,0,0,0,0,0,0,0,0,0,0,0,0,0,0,0,0,0,7266,922,688,83,16.0,64,0.300,47.987,600.0,2194.0,0.2,0.0,0.0,0.0,0.0,0.0,0.0,0.0,0.8,127,16065,127,No,No,No,No,No,No,No,No,16.747,68.277,100.0,0.000,24.1,0,0,0,0.0,99.5,208.2,21.0,14.3,13.8,13.8,96.2,166.1,22.0,14.3,13.8,13.8,10.05,47.60,4.80,4.80,72.49,72.49,0.45,9.60,10.05,0.00,2.32,647,7,0.1,0.0,0,0,0.0,0.0,0,
9.6.2026,13:31:40.901,20496,28272,42.0,16918,15466,52.2,11.4,16384,1860,0.866,0.868,0.864,0.864,0.865,0.864,0.869,0.866,0.865,0.869,0.859,0.867,0.867,0.868,0.868,0.811,0.783,2750.4,3092.4,3092.4,3092.4,3092.4,3092.4,3092.4,2493.9,2493.9,2493.9,2493.9,2493.9,2493.9,2493.9,2493.9,99.8,2493.9,2862.5,3104.4,3104.4,3106.9,3107.2,3102.5,3106.3,3098.0,3099.0,3107.2,3107.3,3107.2,3107.0,2486.5,2492.9,2505.5,2507.7,2499.8,2499.8,2500.4,2500.4,2953.1,100.0,100.0,100.0,100.0,100.0,100.0,100.0,100.0,100.0,100.0,100.0,100.0,100.0,100.0,100.0,100.0,100.0,100.0,100.0,100.0,100.0,100.0,100.0,100.0,123.8,118.1,118.1,118.2,118.2,118.1,118.1,117.8,117.9,118.2,118.2,118.2,118.2,132.7,132.6,132.7,132.7,132.2,132.2,132.3,132.2,123.8,27.6,31.0,31.0,31.0,31.0,31.0,31.0,25.0,25.0,25.0,25.0,25.0,25.0,25.0,25.0,25.0,67,70,67,69,66,68,68,67,67,67,67,65,66,66,66,33,30,33,31,34,32,32,33,33,33,33,35,34,34,34,76,70,No,No,No,No,No,No,No,No,No,No,No,No,No,No,No,No,No,No,No,No,No,No,No,No,No,No,No,No,No,No,Yes,Yes,Yes,Yes,Yes,Yes,Yes,Yes,Yes,Yes,Yes,Yes,Yes,Yes,Yes,No,No,Yes,76,69,64,1.100,43.032,46.999,40.285,0.002,5.376,0.639,175.0,175.0,175.0,175.0,0,0.0,99.7,99.7,99.7,99.8,99.8,99.7,99.8,99.8,99.8,99.8,99.8,99.8,99.8,98.8,99.1,99.6,99.7,99.7,99.7,99.7,99.7,0.0,0.0,0.0,0.0,0.0,0.0,0.0,0.0,0.0,0.0,0.0,0.0,0.0,0.0,0.0,0.0,0.0,0.0,0.0,0.0,0.0,0.0,0.0,0.0,0.0,0.0,0.0,0.0,0.0,0.0,0.0,0.0,0.0,0.0,0.0,0.0,0.0,2394.1,24.00,36,35,35,68,103,383,2,2,Yes,No,No,No,No,No,No,No,Yes,No,No,No,No,Yes,No,No,No,No,No,No,No,Yes,No,No,No,No,No,No,No,No,No,No,No,No,No,No,No,No,84.0,4200,2460,3960,67.2,1.095,1.110,1.800,1.815,1.005,5.110,1.500,No,No,No,67.5,1.095,1.110,1.800,1.815,1.005,5.110,2.500,No,No,No,41,41,94.0,100.0,No,No,32155,47955,36,70,99.0,100.0,No,No,1844,3246,0.5,0.9,1.4,0.010,0.214,63614,48897,0.0,0.0,0.0,0.000,0.000,164001,82786,58.0,64.0,65.4,83.0,0.870,20.683,20.674,20.692,21.232,9.493,9.526,8.642,18.168,3.000,11.647,7.716,7.752,100.000,140.000,2175.0,2150.2,1875.0,2175.0,1890.0,0.0,0.0,0.0,0.0,11.3,0.0,0.0,0.0,0.0,0.0,Yes,No,No,No,No,Yes,No,0,0,0,0,0,0,0,0,0,0,0,0,0,0,0,0,0,0,0,0,0,0,0,0,0,0,0,0,0,0,7266,922,688,82,16.0,64,0.300,45.343,550.0,2394.0,0.2,0.0,0.0,0.0,0.0,0.0,0.0,0.0,0.8,127,16065,127,No,No,No,No,No,No,No,No,16.746,68.277,100.0,0.000,24.1,0,0,0,0.0,99.5,208.2,21.0,14.3,13.8,13.8,96.2,166.1,22.0,14.3,13.8,13.8,10.05,47.60,4.80,4.80,72.49,72.49,0.45,9.60,10.05,0.00,2.32,647,7,0.0,0.0,0,0,0.0,0.0,0,
9.6.2026,13:31:42.897,20502,28266,42.0,16934,15450,52.2,11.4,16384,1860,0.873,0.869,0.870,0.868,0.869,0.868,0.872,0.871,0.871,0.866,0.877,0.877,0.880,0.880,0.880,0.811,0.783,2750.4,3092.4,3092.4,3092.4,3092.4,3092.4,3092.4,2493.9,2493.9,2493.9,2493.9,2493.9,2493.9,2493.9,2493.9,99.8,2493.9,2857.6,3073.2,3093.5,3074.0,3102.4,3100.7,3107.3,3104.8,3103.2,3102.4,3105.6,3108.5,3107.7,2473.4,2484.2,2500.4,2505.1,2503.8,2500.7,2498.2,2503.5,2946.7,99.8,99.0,99.6,98.9,99.8,99.9,100.0,99.9,99.9,99.8,99.9,100.0,100.0,99.7,99.8,99.9,100.0,100.0,99.9,99.7,99.9,100.0,99.8,100.0,123.7,117.0,117.8,116.9,118.0,118.1,118.2,118.1,118.0,118.0,118.1,118.2,118.2,132.2,132.4,132.6,132.6,132.5,132.3,132.2,132.4,123.7,27.6,31.0,31.0,31.0,31.0,31.0,31.0,25.0,25.0,25.0,25.0,25.0,25.0,25.0,25.0,25.0,66,70,67,68,66,67,65,67,67,66,66,65,65,65,65,34,30,33,32,34,33,35,33,33,34,34,35,35,35,35,76,70,No,No,No,No,No,No,No,No,No,No,No,No,No,No,No,No,No,No,No,No,No,No,No,No,No,No,No,No,No,No,Yes,Yes,Yes,Yes,Yes,Yes,Yes,Yes,Yes,Yes,Yes,Yes,Yes,Yes,Yes,No,No,Yes,76,70,64,1.100,45.563,45.632,38.330,0.002,5.452,0.675,175.0,175.0,175.0,175.0,0,0.0,99.4,98.7,99.3,98.7,99.6,99.6,99.8,99.8,99.7,99.6,99.7,99.8,99.8,98.4,98.8,99.4,99.6,99.7,99.6,99.5,99.7,0.1,0.0,0.0,0.0,0.0,0.0,0.0,0.3,0.2,0.1,0.0,0.0,0.1,0.2,0.1,0.0,0.0,0.0,0.0,0.0,0.0,0.0,0.0,0.0,0.0,0.0,0.0,0.0,0.0,0.0,0.0,0.0,0.0,0.0,0.0,0.0,0.0,2394.1,24.00,36,35,35,68,103,383,2,2,Yes,No,No,No,No,No,No,No,Yes,No,No,No,No,Yes,No,No,No,No,No,No,No,Yes,No,No,No,No,No,No,No,No,No,No,No,No,No,No,No,No,84.0,4260,2460,3960,67.2,1.095,1.110,1.800,1.815,1.005,5.110,1.875,No,No,No,67.5,1.095,1.110,1.800,1.815,1.005,5.110,1.375,No,No,No,41,41,94.0,100.0,No,No,32155,47955,36,70,99.0,100.0,No,No,1844,3246,0.0,1.8,1.8,0.004,0.308,63614,48898,0.0,0.0,0.0,0.000,0.000,164001,82786,58.0,64.0,65.3,83.0,0.870,20.684,20.676,20.693,21.215,9.561,9.670,8.705,18.375,3.000,11.707,7.718,7.755,100.000,140.000,2175.0,2150.2,1875.0,2175.0,1890.0,0.0,0.0,0.0,0.0,11.3,0.0,0.0,0.0,0.0,0.0,Yes,No,No,No,No,Yes,No,0,0,0,0,0,0,0,0,0,0,0,0,0,0,0,0,0,0,0,0,0,0,0,0,0,0,0,0,0,0,7266,922,688,84,16.0,64,0.300,46.277,600.0,2394.0,0.2,0.0,0.0,0.0,0.0,0.0,0.0,0.0,0.8,127,16065,127,No,No,No,No,No,No,No,No,16.747,68.277,100.0,0.000,24.1,0,0,0,0.0,2.0,2.0,2.0,2.0,2.0,2.0,2.1,2.1,2.1,2.1,2.1,2.1,502.28,502.28,502.28,502.28,502.28,502.28,1.09,501.16,501.24,1.04,226.03,647,7,0.3,2.4,0,0,0.0,0.0,0,
9.6.2026,13:31:44.894,20508,28260,42.0,16940,15444,52.3,11.3,16384,1860,0.875,0.876,0.873,0.873,0.874,0.890,0.885,0.871,0.871,0.861,0.878,0.873,0.876,0.875,0.875,0.808,0.783,2757.5,3092.4,3092.4,3092.4,3092.4,3092.4,3092.4,2493.9,2493.9,2493.9,2593.7,2493.9,2493.9,2493.9,2493.9,99.8,2493.9,2847.9,3088.8,3089.0,3093.2,3092.5,3086.4,3091.5,3086.0,3085.8,3092.0,3091.9,3092.7,3092.8,2467.2,2475.6,2486.6,2486.0,2490.0,2489.7,2490.1,2490.8,2937.4,100.0,100.0,100.0,100.0,100.0,100.0,100.0,100.0,100.0,100.0,100.0,100.0,100.0,100.0,100.0,100.0,100.0,100.0,100.0,100.0,100.0,100.0,100.0,100.0,123.3,117.6,117.6,117.7,117.6,117.6,117.6,117.4,117.4,117.6,117.6,117.6,117.6,131.9,131.9,131.9,131.9,131.7,131.7,131.7,131.7,123.3,27.6,31.0,31.0,31.0,31.0,31.0,31.0,25.0,25.0,25.0,26.0,25.0,25.0,25.0,25.0,25.0,67,69,67,68,64,68,68,67,67,68,67,66,66,66,66,33,31,33,32,36,32,32,33,33,32,33,34,34,34,34,76,69,No,No,No,No,No,No,No,No,No,No,No,No,No,No,No,No,No,No,No,No,No,No,No,No,No,No,No,No,No,No,Yes,Yes,Yes,Yes,Yes,Yes,Yes,Yes,Yes,Yes,Yes,Yes,Yes,Yes,Yes,No,No,Yes,76,69,64,1.100,45.563,45.922,38.772,0.001,5.547,0.707,175.0,175.0,175.0,175.0,0,0.0,99.6,99.7,99.7,99.8,99.8,99.6,99.8,99.8,99.8,99.8,99.8,99.8,99.8,98.7,99.0,99.4,99.4,99.7,99.7,99.7,99.7,0.0,0.0,0.0,0.0,0.0,0.0,0.0,0.0,0.0,0.0,0.0,0.0,0.0,0.0,0.0,0.0,0.0,0.0,0.0,0.0,0.0,0.0,0.0,0.0,0.0,0.0,0.0,0.0,0.0,0.0,0.0,0.0,0.0,0.0,0.0,0.0,0.0,2194.6,22.00,32,32,32,62,103,351,2,2,Yes,No,No,No,No,No,No,No,Yes,No,No,No,No,Yes,No,No,No,No,No,No,No,Yes,No,No,No,No,No,No,No,No,No,No,No,No,No,No,No,No,83.0,4260,2460,4020,67.2,1.095,1.110,1.815,1.815,1.005,5.110,2.250,No,No,No,67.5,1.095,1.110,1.800,1.815,1.005,5.110,2.625,No,No,No,41,41,94.0,100.0,No,No,32155,47955,36,70,99.0,100.0,No,No,1844,3246,1.3,0.4,1.6,0.061,0.050,63614,48898,0.0,0.0,0.0,0.000,0.000,164001,82786,58.0,64.0,65.3,83.0,0.870,20.678,20.670,20.687,21.270,9.505,9.533,8.661,18.204,3.000,11.668,7.716,7.753,100.000,140.000,2175.0,2150.2,1875.0,2175.0,1890.0,0.0,0.0,0.0,0.0,11.3,0.0,0.1,0.0,0.0,0.0,Yes,No,No,No,No,Yes,No,0,0,0,0,0,0,0,0,0,0,0,0,0,0,0,0,0,0,0,0,0,0,0,0,0,0,0,0,0,0,7266,922,688,84,16.0,64,0.300,46.338,600.0,2394.0,0.1,0.0,0.0,0.0,0.0,0.0,0.0,0.0,0.8,127,16065,127,No,No,No,No,No,No,No,No,16.746,68.277,100.0,0.000,24.1,0,0,0,0.0,1.0,1.0,1.0,1.0,1.0,1.0,1.0,1.0,1.0,1.0,1.0,1.0,992.06,992.06,992.06,992.06,992.06,992.06,0.30,991.75,991.38,0.68,12.46,647,7,0.1,0.8,0,0,0.0,0.0,0,
9.6.2026,13:31:46.890,20503,28265,42.0,16939,15444,52.3,11.3,16384,1860,0.870,0.865,0.878,0.861,0.873,0.873,0.869,0.870,0.870,0.872,0.870,0.872,0.872,0.872,0.869,0.808,0.781,2757.5,3092.4,3092.4,3092.4,3092.4,3192.2,3092.4,2493.9,2493.9,2493.9,2493.9,2493.9,2493.9,2493.9,2493.9,99.8,2493.9,2859.3,3097.5,3098.1,3104.6,3103.5,3099.7,3105.2,3094.4,3094.9,3105.5,3106.6,3107.3,3107.0,2480.2,2492.3,2498.0,2504.4,2495.8,2496.2,2497.0,2497.1,2949.9,100.0,99.9,100.0,99.9,99.9,100.0,100.0,99.9,100.0,99.9,100.0,100.0,100.0,100.0,100.0,100.0,100.0,100.0,100.0,100.0,100.0,100.0,100.0,100.0,123.8,118.0,118.1,118.1,118.0,118.1,118.1,117.7,117.7,118.1,118.1,118.2,118.2,132.6,132.6,132.6,132.6,132.1,132.1,132.1,132.1,123.8,27.6,31.0,31.0,31.0,31.0,32.0,31.0,25.0,25.0,25.0,25.0,25.0,25.0,25.0,25.0,25.0,67,70,67,68,64,68,67,67,67,67,68,65,65,65,65,33,30,33,32,36,32,33,33,33,33,32,35,35,35,35,76,70,No,No,No,No,No,No,No,No,No,No,No,No,No,No,No,No,No,No,No,No,No,No,No,No,No,No,No,No,No,No,Yes,Yes,Yes,Yes,Yes,Yes,Yes,Yes,Yes,Yes,Yes,Yes,Yes,Yes,Yes,No,No,Yes,76,69,64,1.100,43.032,45.554,38.320,0.002,5.606,0.743,175.0,175.0,175.0,175.0,0,0.0,99.6,99.5,99.6,99.8,99.7,99.6,99.8,99.7,99.7,99.8,99.8,99.8,99.8,98.6,99.1,99.3,99.6,99.6,99.7,99.7,99.7,0.0,0.0,0.0,0.0,0.0,0.0,0.0,0.0,0.0,0.0,0.0,0.0,0.0,0.0,0.0,0.0,0.0,0.0,0.0,0.0,0.0,0.0,0.0,0.0,0.0,0.0,0.0,0.0,0.0,0.0,0.0,0.0,0.0,0.0,0.0,0.0,0.0,2194.6,22.00,32,32,32,62,103,351,2,2,Yes,No,No,No,No,No,No,No,Yes,No,No,No,No,Yes,No,No,No,No,No,No,No,Yes,No,No,No,No,No,No,No,No,No,No,No,No,No,No,No,No,83.0,4200,2460,4080,67.2,1.095,1.110,1.815,1.800,1.005,5.110,2.500,No,No,No,67.5,1.095,1.110,1.815,1.815,1.005,5.110,2.375,No,No,No,41,41,94.0,100.0,No,No,32155,47955,36,70,99.0,100.0,No,No,1844,3246,0.0,1.5,1.5,0.002,0.112,63614,48898,0.0,0.0,0.0,0.000,0.000,164001,82786,58.0,64.0,65.4,83.0,0.870,20.681,20.672,20.690,21.330,9.519,9.554,8.682,18.248,3.000,11.683,7.718,7.750,100.000,140.000,2175.0,2150.2,1875.0,2175.0,1890.0,0.0,0.0,0.0,0.0,11.3,0.0,0.1,0.0,0.0,0.0,Yes,No,No,No,No,Yes,No,0,0,0,0,0,0,0,0,0,0,0,0,0,0,0,0,0,0,0,0,0,0,0,0,0,0,0,0,0,0,7266,922,688,83,16.0,64,0.300,45.083,600.0,2194.0,0.2,0.0,0.0,0.0,0.0,0.0,0.0,0.0,0.8,127,16065,127,No,No,No,No,No,No,No,No,16.747,68.277,100.0,0.000,24.1,0,0,0,0.0,7.7,361.2,1.3,1.3,1.3,1.3,6.2,162.8,1.3,1.3,1.2,1.2,130.31,753.44,2.70,2.69,799.28,799.28,0.33,50.18,129.49,0.82,273.56,647,7,0.2,0.8,0,0,0.0,0.0,0,
9.6.2026,13:31:48.897,20497,28271,42.0,16931,15453,52.2,11.3,16384,1860,0.874,0.865,0.872,0.871,0.871,0.871,0.874,0.871,0.871,0.878,0.878,0.878,0.878,0.878,0.878,0.811,0.781,2750.4,3092.4,3092.4,3092.4,3092.4,3092.4,3092.4,2493.9,2493.9,2493.9,2493.9,2493.9,2493.9,2493.9,2493.9,99.8,2493.9,2848.5,3089.7,3088.6,3092.1,3093.3,3088.4,3093.6,3084.6,3086.4,3092.4,3093.4,3094.0,3093.8,2472.5,2482.5,2484.9,2493.8,2485.8,2485.5,2486.7,2487.4,2939.0,100.0,100.0,99.9,99.9,100.0,100.0,100.0,99.9,100.0,100.0,100.0,100.0,100.0,100.0,99.9,100.0,100.0,100.0,99.9,100.0,100.0,100.0,100.0,100.0,123.3,117.6,117.6,117.6,117.7,117.7,117.7,117.3,117.4,117.6,117.7,117.7,117.7,132.0,132.0,132.0,132.0,131.5,131.5,131.6,131.6,123.3,27.6,31.0,31.0,31.0,31.0,31.0,31.0,25.0,25.0,25.0,25.0,25.0,25.0,25.0,25.0,25.0,66,69,67,68,66,67,66,67,67,66,66,65,65,65,65,34,31,33,32,34,33,34,33,33,34,34,35,35,35,35,75,69,No,No,No,No,No,No,No,No,No,No,No,No,No,No,No,No,No,No,No,No,No,No,No,No,No,No,No,No,No,No,Yes,Yes,Yes,Yes,Yes,Yes,Yes,Yes,Yes,Yes,Yes,Yes,Yes,Yes,Yes,No,No,Yes,76,68,64,1.100,43.876,46.074,38.857,0.002,5.593,0.738,175.0,175.0,175.0,175.0,0,0.0,99.6,99.7,99.6,99.7,99.8,99.6,99.8,99.7,99.8,99.8,99.8,99.8,99.8,98.8,99.2,99.3,99.7,99.7,99.7,99.7,99.7,0.0,0.0,0.0,0.0,0.0,0.0,0.0,0.0,0.1,0.0,0.0,0.0,0.1,0.0,0.0,0.0,0.0,0.0,0.0,0.0,0.0,0.0,0.0,0.0,0.0,0.0,0.0,0.0,0.0,0.0,0.0,0.0,0.0,0.0,0.0,0.0,0.0,2394.1,24.00,36,35,35,68,103,383,2,2,Yes,No,No,No,No,No,No,No,Yes,No,No,No,No,Yes,No,No,No,No,No,No,No,Yes,No,No,No,No,No,No,No,No,No,No,No,No,No,No,No,No,83.0,4260,2460,4080,67.5,1.095,1.110,1.815,1.800,1.005,5.110,2.750,No,No,No,67.8,1.095,1.110,1.815,1.800,1.005,5.110,2.375,No,No,No,41,41,94.0,100.0,No,No,32155,47955,36,70,99.0,100.0,No,No,1844,3246,0.1,0.2,0.3,0.004,0.007,63614,48898,0.0,0.0,0.0,0.000,0.000,164001,82786,58.1,64.0,65.4,83.0,0.870,20.672,20.665,20.680,21.303,9.583,9.717,8.721,18.446,3.000,11.724,7.718,7.753,100.000,140.000,2175.0,2150.2,1875.0,2175.0,1890.0,1.0,0.0,0.0,0.0,11.3,0.0,0.2,0.0,0.0,0.0,Yes,No,No,No,No,Yes,No,0,0,0,0,0,0,0,0,0,0,0,0,0,0,0,0,0,0,0,0,0,0,0,0,0,0,0,0,0,0,7265,923,689,78,16.0,64,0.300,46.601,600.0,2194.0,0.2,0.0,0.0,0.0,0.0,0.0,0.0,0.0,0.8,127,16065,127,No,No,No,No,No,No,No,No,16.746,68.277,100.0,0.000,24.1,0,0,0,0.0,7.7,361.2,1.3,1.3,1.3,1.3,6.2,162.8,1.3,1.3,1.2,1.2,130.31,753.44,2.70,2.69,799.28,799.28,0.33,50.18,129.49,0.82,273.56,647,7,0.0,0.7,0,0,0.0,0.0,0,
9.6.2026,13:31:50.897,20487,28280,42.0,16926,15458,52.2,11.3,16384,1859,0.870,0.871,0.867,0.867,0.885,0.880,0.868,0.868,0.875,0.864,0.870,0.856,0.873,0.871,0.871,0.808,0.783,2778.9,3092.4,3092.4,3092.4,3092.4,3192.2,3192.2,2593.7,2593.7,2493.9,2493.9,2493.9,2493.9,2493.9,2493.9,99.8,2493.9,2864.1,3105.8,3105.8,3110.6,3112.4,3106.0,3112.5,3100.1,3100.5,3113.7,3112.4,3113.4,3113.4,2483.0,2500.8,2500.9,2510.2,2494.9,2493.9,2496.0,2495.6,2956.3,100.0,99.9,100.0,99.9,100.0,100.0,100.0,99.9,100.0,100.0,99.9,100.0,100.0,100.0,100.0,100.0,100.0,100.0,99.9,100.0,100.0,100.0,100.0,100.0,124.0,118.3,118.3,118.3,118.4,118.4,118.4,117.9,118.0,118.4,118.3,118.4,118.4,132.9,132.9,132.9,132.9,132.1,132.0,132.1,132.1,124.0,27.9,31.0,31.0,31.0,31.0,32.0,32.0,26.0,26.0,25.0,25.0,25.0,25.0,25.0,25.0,25.0,67,69,67,68,66,68,66,68,67,68,68,65,66,65,66,33,31,33,32,34,32,34,32,33,32,32,35,34,35,34,75,69,No,No,No,No,No,No,No,No,No,No,No,No,No,No,No,No,No,No,No,No,No,No,No,No,No,No,No,No,No,No,Yes,Yes,Yes,Yes,Yes,Yes,Yes,Yes,Yes,Yes,Yes,Yes,Yes,Yes,Yes,No,No,Yes,76,68,64,1.100,42.188,47.719,40.579,0.002,5.545,0.704,175.0,175.0,175.0,175.0,0,0.0,99.6,99.6,99.6,99.7,99.8,99.6,99.8,99.7,99.8,99.8,99.8,99.8,99.8,98.5,99.2,99.2,99.6,99.7,99.6,99.7,99.7,0.0,0.0,0.0,0.0,0.0,0.0,0.0,0.1,0.0,0.0,0.0,0.0,0.1,0.0,0.0,0.0,0.0,0.0,0.0,0.0,0.0,0.0,0.0,0.0,0.0,0.0,0.0,0.0,0.0,0.0,0.0,0.0,0.0,0.0,0.0,0.0,0.0,2194.6,22.00,32,32,32,62,103,351,2,2,Yes,No,No,No,No,No,No,No,Yes,No,No,No,No,Yes,No,No,No,No,No,No,No,Yes,No,No,No,No,No,No,No,No,No,No,No,No,No,No,No,No,83.0,4260,2460,4080,67.5,1.095,1.110,1.815,1.800,1.005,5.110,1.500,No,No,No,67.8,1.095,1.110,1.815,1.800,1.005,5.110,1.625,No,No,No,41,41,94.0,100.0,No,No,32155,47955,36,70,99.0,100.0,No,No,1844,3246,3.6,1.4,5.0,0.098,0.115,63614,48898,0.0,0.0,0.0,0.000,0.000,164001,82786,58.1,64.0,65.5,83.0,0.870,20.682,20.673,20.691,21.203,9.513,9.570,8.662,18.229,3.000,11.665,7.716,7.751,100.000,140.000,2175.0,2150.2,1875.0,2175.0,1890.0,0.0,0.0,0.0,0.0,11.3,0.0,0.0,0.0,0.0,0.0,Yes,No,No,No,No,Yes,No,0,0,0,0,0,0,0,0,0,0,0,0,0,0,0,0,0,0,0,0,0,0,0,0,0,0,0,0,0,0,7266,922,689,78,16.0,64,0.300,47.690,550.0,2394.0,0.2,0.0,0.0,0.0,0.0,0.0,0.0,0.0,0.8,127,16065,127,No,No,No,No,No,No,No,No,16.747,68.277,100.0,0.000,24.1,0,0,0,0.0,7.7,361.2,1.3,1.3,1.3,1.3,6.2,162.8,1.3,1.3,1.2,1.2,130.31,753.44,2.70,2.69,799.28,799.28,0.33,50.18,129.49,0.82,273.56,647,7,0.0,0.3,0,0,0.0,0.0,0,
9.6.2026,13:31:52.895,20486,28281,42.0,16931,15453,52.2,11.3,16384,1859,0.874,0.862,0.871,0.876,0.877,0.867,0.872,0.873,0.866,0.871,0.871,0.887,0.887,0.884,0.868,0.808,0.778,2558.0,3092.4,3092.4,3092.4,3092.4,3092.4,3092.4,2493.9,1097.3,2493.9,2493.9,2493.9,2493.9,2593.7,1097.3,99.8,2493.9,2851.0,3092.9,3092.2,3094.8,3097.1,3092.1,3097.1,3090.8,3091.3,3095.9,3094.4,3095.6,3094.9,2472.1,2479.5,2488.2,2494.6,2488.6,2489.0,2489.0,2489.5,2941.5,100.0,100.0,100.0,99.9,100.0,100.0,100.0,100.0,100.0,100.0,99.9,100.0,100.0,100.0,100.0,100.0,100.0,100.0,100.0,100.0,100.0,100.0,100.0,100.0,123.4,117.8,117.8,117.7,117.8,117.8,117.8,117.6,117.6,117.8,117.7,117.8,117.8,132.1,132.2,132.2,132.2,131.7,131.7,131.7,131.6,123.4,25.6,31.0,31.0,31.0,31.0,31.0,31.0,25.0,11.0,25.0,25.0,25.0,25.0,26.0,11.0,25.0,66,70,67,68,64,66,67,66,67,67,66,65,66,66,65,34,30,33,32,36,34,33,34,33,33,34,35,34,34,35,76,70,No,No,No,No,No,No,No,No,No,No,No,No,No,No,No,No,No,No,No,No,No,No,No,No,No,No,No,No,No,No,Yes,Yes,Yes,Yes,Yes,Yes,Yes,Yes,Yes,Yes,Yes,Yes,Yes,Yes,Yes,No,No,Yes,76,69,64,1.100,42.188,46.254,39.066,0.002,5.575,0.724,175.0,175.0,175.0,175.0,0,0.0,99.6,99.7,99.6,99.7,99.8,99.6,99.8,99.8,99.8,99.8,99.8,99.8,99.8,98.7,99.0,99.4,99.6,99.7,99.7,99.7,99.7,0.0,0.0,0.0,0.0,0.0,0.0,0.0,0.0,0.0,0.0,0.0,0.0,0.0,0.0,0.0,0.0,0.0,0.0,0.0,0.0,0.0,0.0,0.0,0.0,0.0,0.0,0.0,0.0,0.0,0.0,0.0,0.0,0.0,0.0,0.0,0.0,0.0,2194.6,22.00,32,32,32,62,103,351,2,2,Yes,No,No,No,No,No,No,No,Yes,No,No,No,No,Yes,No,No,No,No,No,No,No,Yes,No,No,No,No,No,No,No,No,No,No,No,No,No,No,No,No,83.0,4200,2460,4080,67.5,1.110,1.110,1.815,1.800,1.005,5.110,2.750,No,No,No,67.8,1.095,1.110,1.815,1.800,1.005,5.110,1.750,No,No,No,41,41,94.0,100.0,No,No,32155,47955,36,70,99.0,100.0,No,No,1844,3246,0.0,0.7,0.7,0.000,0.038,63614,48898,0.0,0.0,0.0,0.000,0.000,164001,82786,58.1,64.0,65.5,83.0,0.870,20.672,20.665,20.679,21.219,9.531,9.615,8.659,18.301,3.000,11.677,7.717,7.750,100.000,140.000,2175.0,2150.2,1875.0,2175.0,1890.0,0.0,0.0,0.0,0.0,11.3,0.0,0.0,0.0,0.0,0.0,Yes,No,No,No,No,Yes,No,0,0,0,0,0,0,0,0,0,0,0,0,0,0,0,0,0,0,0,0,0,0,0,0,0,0,0,0,0,0,7266,922,689,77,16.0,64,0.300,46.060,600.0,2194.0,0.2,0.0,0.0,0.0,0.0,0.0,0.0,0.0,0.8,127,16065,127,No,No,No,No,No,No,No,No,16.746,68.277,100.0,0.000,24.1,0,0,0,0.0,7.4,1732.0,1.3,1.2,1.2,1.2,7.2,145.1,1.3,1.2,1.2,1.2,135.48,791.08,0.58,0.58,838.55,838.55,0.25,135.11,135.48,0.00,240.75,647,7,0.1,0.2,0,0,0.0,0.0,0,
9.6.2026,13:31:54.895,20494,28274,42.0,16936,15448,52.2,11.3,16384,1859,0.873,0.875,0.868,0.890,0.871,0.869,0.875,0.862,0.872,0.880,0.872,0.875,0.874,0.865,0.869,0.811,0.783,2750.4,3092.4,3092.4,3092.4,3092.4,3092.4,3092.4,2493.9,2493.9,2493.9,2493.9,2493.9,2493.9,2493.9,2493.9,99.8,2493.9,2868.1,3110.0,3105.7,3117.2,3114.2,3113.3,3117.7,3097.0,3095.9,3115.6,3116.1,3117.9,3116.8,2486.7,2499.4,2506.5,2513.3,2503.2,2504.5,2505.0,2505.4,2958.9,100.0,100.0,100.0,100.0,99.9,100.0,100.0,100.0,100.0,99.9,99.9,100.0,100.0,99.9,99.9,100.0,100.0,100.0,100.0,100.0,100.0,100.0,100.0,100.0,124.2,118.6,118.6,118.5,118.4,118.6,118.6,117.8,117.8,118.5,118.5,118.5,118.5,133.1,133.1,133.2,133.2,132.5,132.5,132.5,132.5,124.2,27.6,31.0,31.0,31.0,31.0,31.0,31.0,25.0,25.0,25.0,25.0,25.0,25.0,25.0,25.0,25.0,67,68,66,69,64,68,68,67,67,67,66,66,66,65,66,33,32,34,31,36,32,32,33,33,33,34,34,34,35,34,76,69,No,No,No,No,No,No,No,No,No,No,No,No,No,No,No,No,No,No,No,No,No,No,No,No,No,No,No,No,No,No,Yes,Yes,Yes,Yes,Yes,Yes,Yes,Yes,Yes,Yes,Yes,Yes,Yes,Yes,Yes,No,No,Yes,76,68,64,1.100,35.438,45.572,38.392,0.002,5.572,0.721,175.0,175.0,175.0,175.0,0,0.0,99.6,99.6,99.4,99.8,99.7,99.6,99.8,99.8,99.7,99.7,99.7,99.8,99.8,98.5,99.0,99.3,99.5,99.6,99.7,99.7,99.7,0.0,0.0,0.0,0.0,0.0,0.0,0.0,0.0,0.1,0.0,0.0,0.0,0.0,0.0,0.0,0.0,0.0,0.0,0.0,0.0,0.0,0.0,0.0,0.0,0.0,0.0,0.0,0.0,0.0,0.0,0.0,0.0,0.0,0.0,0.0,0.0,0.0,2194.6,22.00,32,32,32,62,103,351,2,2,Yes,No,No,No,No,No,No,No,Yes,No,No,No,No,Yes,No,No,No,No,No,No,No,Yes,No,No,No,No,No,No,No,No,No,No,No,No,No,No,No,No,84.0,4260,2460,4020,67.5,1.110,1.110,1.815,1.800,1.005,5.110,1.250,No,No,No,67.8,1.110,1.110,1.815,1.800,1.005,5.110,0.875,No,No,No,41,41,94.0,100.0,No,No,32155,47955,36,70,99.0,100.0,No,No,1844,3246,0.2,0.9,1.1,0.004,0.027,63614,48898,0.0,0.0,0.0,0.000,0.000,164001,82786,58.1,62.0,65.4,83.0,0.870,20.671,20.665,20.677,21.438,9.662,9.880,8.783,18.671,3.000,11.783,7.726,7.793,100.000,140.000,2175.0,2150.2,1875.0,2175.0,1890.0,2.0,1.0,0.0,0.0,11.3,0.3,1.2,0.0,0.0,0.0,Yes,No,No,No,No,Yes,No,0,0,0,0,0,0,0,0,0,0,0,0,0,0,0,0,0,0,0,0,0,0,0,0,0,0,0,0,0,0,7265,923,690,77,16.0,64,0.300,45.875,600.0,2194.0,0.2,0.0,0.0,0.0,0.0,0.0,0.0,0.0,0.8,127,16065,127,No,No,No,No,No,No,No,No,16.747,68.277,100.0,0.000,24.1,0,0,0,0.0,4.1,4.8,3.6,3.6,3.6,3.6,4.8,5.8,4.1,4.1,4.1,4.1,241.16,275.26,207.06,206.43,275.96,275.96,0.43,240.73,241.16,0.00,104.56,647,7,0.3,0.0,0,0,0.0,0.0,0,
9.6.2026,13:31:56.891,20490,28278,42.0,16932,15452,52.2,11.3,16384,1859,0.874,0.870,0.872,0.873,0.874,0.871,0.871,0.870,0.875,0.888,0.875,0.879,0.871,0.880,0.873,0.808,0.783,2757.5,3092.4,3092.4,3092.4,3092.4,3092.4,3092.4,2493.9,2493.9,2593.7,2493.9,2493.9,2493.9,2493.9,2493.9,99.8,2493.9,2852.9,3093.4,3089.7,3099.6,3100.2,3094.3,3100.4,3085.5,3086.3,3099.6,3099.4,3101.3,3101.3,2470.7,2482.2,2493.7,2497.9,2490.6,2489.1,2490.4,2491.9,2943.5,100.0,100.0,99.9,100.0,100.0,100.0,100.0,100.0,100.0,100.0,100.0,100.0,100.0,99.9,100.0,100.0,100.0,100.0,99.9,99.9,100.0,100.0,100.0,100.0,123.5,117.9,117.9,117.9,117.9,117.9,117.9,117.4,117.4,117.9,117.9,117.9,117.9,132.3,132.3,132.3,132.3,131.8,131.7,131.7,131.8,123.5,27.6,31.0,31.0,31.0,31.0,31.0,31.0,25.0,25.0,26.0,25.0,25.0,25.0,25.0,25.0,25.0,67,69,67,68,66,68,66,67,67,67,67,66,66,66,66,33,31,33,32,34,32,34,33,33,33,33,34,34,34,34,76,69,No,No,No,No,No,No,No,No,No,No,No,No,No,No,No,No,No,No,No,No,No,No,No,No,No,No,No,No,No,No,Yes,Yes,Yes,Yes,Yes,Yes,Yes,Yes,Yes,Yes,Yes,Yes,Yes,Yes,Yes,No,No,Yes,75,69,64,1.100,45.563,46.150,39.008,0.002,5.548,0.708,175.0,175.0,175.0,175.0,0,0.0,99.6,99.6,99.5,99.8,99.8,99.6,99.8,99.8,99.8,99.8,99.8,99.8,99.8,98.5,99.0,99.4,99.6,99.7,99.6,99.7,99.7,0.0,0.0,0.0,0.0,0.0,0.0,0.0,0.0,0.0,0.0,0.0,0.0,0.1,0.0,0.0,0.0,0.0,0.0,0.0,0.0,0.0,0.0,0.0,0.0,0.0,0.0,0.0,0.0,0.0,0.0,0.0,0.0,0.0,0.0,0.0,0.0,0.0,2394.1,24.00,36,35,35,68,103,383,2,2,Yes,No,No,No,No,No,No,No,Yes,No,No,No,No,Yes,No,No,No,No,No,No,No,Yes,No,No,No,No,No,No,No,No,No,No,No,No,No,No,No,No,82.0,4260,2460,4020,67.8,1.110,1.110,1.815,1.800,1.005,5.110,1.625,No,No,No,68.0,1.110,1.110,1.800,1.800,1.005,5.110,1.250,No,No,No,41,41,94.0,100.0,No,No,32155,47955,36,70,99.0,100.0,No,No,1844,3246,0.0,0.6,0.6,0.000,0.010,63614,48898,0.0,0.0,0.0,0.000,0.000,164001,82786,58.0,64.0,65.4,83.0,0.870,20.666,20.661,20.671,21.255,9.596,9.725,8.739,18.480,3.000,11.747,7.723,7.762,100.000,140.000,2175.0,2150.2,1875.0,2175.0,1890.0,1.0,0.0,0.0,0.0,11.3,0.0,0.1,0.0,0.0,0.0,Yes,No,No,No,No,Yes,No,0,0,0,0,0,0,0,0,0,0,0,0,0,0,0,0,0,0,0,0,0,0,0,0,0,0,0,0,0,0,7265,923,689,83,16.0,64,0.300,45.231,550.0,2194.0,0.2,0.0,0.0,0.0,0.0,0.0,0.0,0.0,0.8,127,16065,127,No,No,No,No,No,No,No,No,16.746,68.277,100.0,0.000,24.1,0,0,0,0.0,4.1,4.8,3.6,3.6,3.6,3.6,4.8,5.8,4.1,4.1,4.1,4.1,241.16,275.26,207.06,206.43,275.96,275.96,0.43,240.73,241.16,0.00,104.56,647,7,0.0,0.0,0,0,0.0,0.0,0,
9.6.2026,13:31:58.907,20497,28271,42.0,16941,15443,52.3,11.3,16384,1859,0.871,0.864,0.867,0.869,0.866,0.862,0.880,0.872,0.861,0.871,0.882,0.881,0.882,0.880,0.864,0.808,0.781,2550.9,3092.4,3092.4,3092.4,3092.4,3092.4,3092.4,2493.9,1097.3,2493.9,2493.9,2493.9,2493.9,2493.9,1097.3,99.8,2493.9,2876.8,3105.4,3115.1,3124.5,3121.9,3119.9,3127.1,3111.4,3111.9,3125.6,3118.1,3129.0,3128.4,2492.4,2506.6,2520.0,2523.2,2511.8,2516.0,2512.6,2514.5,2967.5,99.9,99.5,99.9,99.9,99.8,99.9,100.0,99.9,100.0,99.9,99.7,100.0,100.0,99.7,99.9,99.9,99.9,99.8,100.0,99.8,99.9,100.0,99.9,100.0,124.5,118.4,118.8,118.8,118.7,118.8,118.9,118.3,118.4,118.9,118.6,119.0,119.0,133.4,133.6,133.7,133.6,132.9,133.1,132.9,133.0,124.5,25.6,31.0,31.0,31.0,31.0,31.0,31.0,25.0,11.0,25.0,25.0,25.0,25.0,25.0,11.0,25.0,67,69,67,69,66,68,66,67,67,66,66,65,65,65,66,33,31,33,31,34,32,34,33,33,34,34,35,35,35,34,75,69,No,No,No,No,No,No,No,No,No,No,No,No,No,No,No,No,No,No,No,No,No,No,No,No,No,No,No,No,No,No,Yes,Yes,Yes,Yes,Yes,Yes,Yes,Yes,Yes,Yes,Yes,Yes,Yes,Yes,Yes,No,No,Yes,76,69,64,1.100,44.719,47.083,39.916,0.002,5.561,0.714,175.0,175.0,175.0,175.0,0,0.0,99.5,99.1,99.4,99.7,99.6,99.6,99.8,99.8,99.8,99.8,99.5,99.8,99.8,98.3,98.9,99.4,99.5,99.6,99.7,99.6,99.7,0.1,0.0,0.0,0.0,0.0,0.0,0.0,0.2,0.1,0.1,0.1,0.1,0.0,0.1,0.1,0.0,0.0,0.0,0.0,0.0,0.0,0.0,0.0,0.0,0.0,0.0,0.0,0.0,0.0,0.0,0.0,0.0,0.0,0.0,0.0,0.0,0.0,2394.1,24.00,36,35,35,68,103,383,2,2,Yes,No,No,No,No,No,No,No,Yes,No,No,No,No,Yes,No,No,No,No,No,No,No,Yes,No,No,No,No,No,No,No,No,No,No,No,No,No,No,No,No,84.0,4320,2460,4020,67.8,1.110,1.110,1.800,1.815,1.005,5.110,1.125,No,No,No,68.0,1.110,1.110,1.800,1.815,1.005,5.110,1.500,No,No,No,41,41,94.0,100.0,No,No,32155,47955,36,70,99.0,100.0,No,No,1844,3246,0.0,1.4,1.5,0.010,0.051,63614,48899,0.0,0.0,0.0,0.000,0.000,164001,82786,58.1,62.0,65.4,83.0,0.870,20.670,20.664,20.676,21.241,9.520,9.589,8.658,18.257,3.000,11.659,7.721,7.755,100.000,140.000,2175.0,2150.2,1875.0,2175.0,1890.0,0.0,0.0,0.0,0.0,11.3,0.0,0.0,0.0,0.0,0.0,Yes,No,No,No,No,Yes,No,0,0,0,0,0,0,0,0,0,0,0,0,0,0,0,0,0,0,0,0,0,0,0,0,0,0,0,0,0,0,7265,923,689,83,16.0,64,0.300,47.923,600.0,2394.0,0.2,0.0,0.0,0.0,0.0,0.0,0.0,0.0,0.8,127,16065,127,No,No,No,No,No,No,No,No,16.747,68.277,100.0,0.000,24.1,0,0,0,0.0,1.4,1.4,1.4,1.4,1.4,1.4,1.4,1.4,1.4,1.4,1.4,1.4,732.12,732.12,732.12,732.12,732.12,732.12,1.02,731.33,731.46,0.66,287.72,647,7,0.0,0.0,0,0,0.0,0.0,0,
9.6.2026,13:32:0.902,20497,28271,42.0,16941,15443,52.3,11.3,16384,1859,0.871,0.864,0.867,0.869,0.866,0.862,0.880,0.872,0.861,0.871,0.882,0.881,0.882,0.880,0.864,0.808,0.781,2550.9,3092.4,3092.4,3092.4,3092.4,3092.4,3092.4,2493.9,1097.3,2493.9,2493.9,2493.9,2493.9,2493.9,1097.3,99.8,2493.9,2876.8,3105.4,3115.1,3124.5,3121.9,3119.9,3127.1,3111.4,3111.9,3125.6,3118.1,3129.0,3128.4,2492.4,2506.6,2520.0,2523.2,2511.8,2516.0,2512.6,2514.5,2967.5,99.9,99.5,99.9,99.9,99.8,99.9,100.0,99.9,100.0,99.9,99.7,100.0,100.0,99.7,99.9,99.9,99.9,99.8,100.0,99.8,99.9,100.0,99.9,100.0,124.5,118.4,118.8,118.8,118.7,118.8,118.9,118.3,118.4,118.9,118.6,119.0,119.0,133.4,133.6,133.7,133.6,132.9,133.1,132.9,133.0,124.5,25.6,31.0,31.0,31.0,31.0,31.0,31.0,25.0,11.0,25.0,25.0,25.0,25.0,25.0,11.0,25.0,67,69,67,69,66,68,66,67,67,66,66,65,65,65,66,33,31,33,31,34,32,34,33,33,34,34,35,35,35,34,75,69,No,No,No,No,No,No,No,No,No,No,No,No,No,No,No,No,No,No,No,No,No,No,No,No,No,No,No,No,No,No,Yes,Yes,Yes,Yes,Yes,Yes,Yes,Yes,Yes,Yes,Yes,Yes,Yes,Yes,Yes,No,No,Yes,76,69,64,1.100,43.876,46.357,39.301,0.001,5.491,0.678,175.0,175.0,175.0,175.0,0,0.0,99.5,99.1,99.4,99.7,99.6,99.6,99.8,99.8,99.8,99.8,99.5,99.8,99.8,98.3,98.9,99.4,99.5,99.6,99.7,99.6,99.7,0.1,0.0,0.0,0.0,0.0,0.0,0.0,0.2,0.1,0.1,0.1,0.1,0.0,0.1,0.1,0.0,0.0,0.0,0.0,0.0,0.0,0.0,0.0,0.0,0.0,0.0,0.0,0.0,0.0,0.0,0.0,0.0,0.0,0.0,0.0,0.0,0.0,2394.1,24.00,36,35,35,68,103,383,2,2,Yes,No,No,No,No,No,No,No,Yes,No,No,No,No,Yes,No,No,No,No,No,No,No,Yes,No,No,No,No,No,No,No,No,No,No,No,No,No,No,No,No,84.0,4260,2460,4080,67.8,1.110,1.110,1.800,1.815,1.005,5.110,1.375,No,No,No,68.0,1.110,1.110,1.800,1.815,1.005,5.110,1.375,No,No,No,41,41,94.0,100.0,No,No,32155,47955,36,70,99.0,100.0,No,No,1844,3246,0.0,1.4,1.5,0.010,0.051,63614,48899,0.0,0.0,0.0,0.000,0.000,164001,82786,58.1,64.0,65.4,83.0,0.870,20.672,20.666,20.678,21.212,9.627,9.779,8.762,18.548,3.000,11.772,7.728,7.800,100.000,140.000,2175.0,2150.2,1875.0,2175.0,1890.0,1.0,0.0,0.0,0.0,11.3,0.0,0.1,0.0,0.0,0.0,Yes,No,No,No,No,Yes,No,0,0,0,0,0,0,0,0,0,0,0,0,0,0,0,0,0,0,0,0,0,0,0,0,0,0,0,0,0,0,7265,923,689,84,16.0,64,0.300,44.967,600.0,2394.0,0.2,0.0,0.0,0.0,0.0,0.0,0.0,0.0,0.8,127,16065,127,No,No,No,No,No,No,No,No,16.747,68.277,100.0,0.000,24.1,0,0,0,0.0,1.4,1.4,1.4,1.4,1.4,1.4,1.4,1.4,1.4,1.4,1.4,1.4,732.12,732.12,732.12,732.12,732.12,732.12,1.02,731.33,731.46,0.66,287.72,647,7,0.0,0.0,0,0,0.0,0.0,0,
9.6.2026,13:32:2.896,20494,28274,42.0,16939,15445,52.3,11.3,16384,1859,0.871,0.880,0.874,0.874,0.871,0.871,0.870,0.868,0.868,0.860,0.863,0.868,0.868,0.864,0.889,0.818,0.783,2778.9,3192.2,3092.4,3092.4,3092.4,3092.4,3192.2,2593.7,2593.7,2493.9,2493.9,2493.9,2493.9,2493.9,2493.9,99.8,2593.7,2864.6,3109.9,3105.7,3112.7,3115.9,3111.2,3116.8,3098.0,3098.5,3115.0,3116.9,3118.5,3119.1,2485.6,2506.4,2502.6,2506.5,2485.1,2489.3,2488.9,2489.5,2958.7,100.0,100.0,99.9,99.9,100.0,100.0,100.0,99.9,100.0,99.9,100.0,100.0,100.0,99.9,100.0,100.0,100.0,99.9,100.0,99.9,99.9,100.0,100.0,100.0,123.9,118.5,118.4,118.4,118.5,118.5,118.5,117.8,117.9,118.4,118.5,118.5,118.5,132.6,132.7,132.7,132.7,131.7,131.7,131.7,131.7,123.9,27.9,32.0,31.0,31.0,31.0,31.0,32.0,26.0,26.0,25.0,25.0,25.0,25.0,25.0,25.0,26.0,67,68,67,69,64,66,68,68,68,68,68,65,65,65,65,33,32,33,31,36,34,32,32,32,32,32,35,35,35,35,76,69,No,No,No,No,No,No,No,No,No,No,No,No,No,No,No,No,No,No,No,No,No,No,No,No,No,No,No,No,No,No,Yes,Yes,Yes,Yes,Yes,Yes,Yes,Yes,Yes,Yes,Yes,Yes,Yes,Yes,Yes,No,No,Yes,76,69,64,1.100,43.032,45.412,38.305,0.002,5.556,0.710,175.0,175.0,175.0,175.0,0,0.0,99.6,99.6,99.5,99.7,99.8,99.6,99.8,99.7,99.8,99.7,99.8,99.8,99.8,98.7,99.5,99.4,99.5,99.5,99.7,99.6,99.7,0.0,0.0,0.0,0.0,0.0,0.0,0.0,0.1,0.0,0.0,0.0,0.0,0.0,0.0,0.1,0.0,0.0,0.0,0.0,0.0,0.0,0.0,0.0,0.0,0.0,0.0,0.0,0.0,0.0,0.0,0.0,0.0,0.0,0.0,0.0,0.0,0.0,2394.1,24.00,36,35,35,68,103,383,2,2,Yes,No,No,No,No,No,No,No,Yes,No,No,No,No,Yes,No,No,No,No,No,No,No,Yes,No,No,No,No,No,No,No,No,No,No,No,No,No,No,No,No,84.0,4260,2460,4080,67.8,1.110,1.110,1.800,1.815,1.005,5.110,2.000,No,No,No,68.0,1.110,1.110,1.800,1.815,1.005,5.110,1.500,No,No,No,41,41,94.0,100.0,No,No,32155,47955,36,70,99.0,100.0,No,No,1844,3246,0.4,1.4,1.8,0.044,0.042,63615,48899,0.0,0.0,0.0,0.000,0.000,164001,82786,58.1,62.0,65.4,83.0,0.870,20.674,20.667,20.681,21.353,9.493,9.552,8.618,18.179,3.000,11.625,7.723,7.753,100.000,140.000,2175.0,2150.2,1875.0,2175.0,1890.0,0.0,0.0,0.0,0.0,11.3,0.0,0.1,0.0,0.0,0.0,Yes,No,No,No,No,Yes,No,0,0,0,0,0,0,0,0,0,0,0,0,0,0,0,0,0,0,0,0,0,0,0,0,0,0,0,0,0,0,7265,923,690,74,16.0,64,0.300,47.092,600.0,2194.0,0.2,0.0,0.0,0.0,0.0,0.0,0.0,0.0,0.8,127,16065,127,No,No,No,No,No,No,No,No,16.747,68.277,100.0,0.000,24.1,0,0,0,0.0,2.3,24.8,1.2,1.2,1.2,1.2,2.3,24.8,1.3,1.3,1.3,1.3,439.97,811.66,40.28,32.39,818.64,818.64,0.49,439.49,439.97,0.00,506.57,647,7,0.1,0.3,0,0,0.0,0.0,0,
9.6.2026,13:32:4.891,20490,28277,42.0,16947,15436,52.3,11.3,16384,1859,0.871,0.869,0.874,0.874,0.871,0.871,0.870,0.868,0.868,0.860,0.863,0.868,0.868,0.864,0.889,0.818,0.783,2778.9,3192.2,3092.4,3092.4,3092.4,3092.4,3192.2,2593.7,2593.7,2493.9,2493.9,2493.9,2493.9,2493.9,2493.9,99.8,2593.7,2864.6,3109.9,3105.7,3112.7,3115.9,3111.2,3116.8,3098.0,3098.5,3115.0,3116.9,3118.5,3119.1,2485.6,2506.4,2502.6,2506.5,2485.1,2489.3,2488.9,2489.5,2958.7,100.0,100.0,99.9,99.9,100.0,100.0,100.0,99.9,100.0,99.9,100.0,100.0,100.0,99.9,100.0,100.0,100.0,99.9,100.0,99.9,99.9,100.0,100.0,100.0,123.9,118.5,118.4,118.4,118.5,118.5,118.5,117.8,117.9,118.4,118.5,118.5,118.5,132.6,132.7,132.7,132.7,131.7,131.7,131.7,131.7,123.9,27.9,32.0,31.0,31.0,31.0,31.0,32.0,26.0,26.0,25.0,25.0,25.0,25.0,25.0,25.0,26.0,67,68,67,69,64,66,68,68,68,68,68,65,65,65,65,33,32,33,31,36,34,32,32,32,32,32,35,35,35,35,76,69,No,No,No,No,No,No,No,No,No,No,No,No,No,No,No,No,No,No,No,No,No,No,No,No,No,No,No,No,No,No,Yes,Yes,Yes,Yes,Yes,Yes,Yes,Yes,Yes,Yes,Yes,Yes,Yes,Yes,Yes,No,No,Yes,76,69,64,1.100,42.188,47.220,39.997,0.001,5.566,0.722,175.0,175.0,175.0,175.0,0,0.0,99.6,99.6,99.5,99.7,99.8,99.6,99.8,99.7,99.8,99.7,99.8,99.8,99.8,98.7,99.5,99.4,99.5,99.5,99.7,99.6,99.7,0.0,0.0,0.0,0.0,0.0,0.0,0.0,0.1,0.0,0.0,0.0,0.0,0.0,0.0,0.1,0.0,0.0,0.0,0.0,0.0,0.0,0.0,0.0,0.0,0.0,0.0,0.0,0.0,0.0,0.0,0.0,0.0,0.0,0.0,0.0,0.0,0.0,2394.1,24.00,36,35,35,68,103,383,2,2,Yes,No,No,No,No,No,No,No,Yes,No,No,No,No,Yes,No,No,No,No,No,No,No,Yes,No,No,No,No,No,No,No,No,No,No,No,No,No,No,No,No,84.0,4260,2460,4080,67.8,1.095,1.110,1.800,1.815,1.005,5.110,2.000,No,No,No,68.0,1.110,1.110,1.800,1.815,1.005,5.110,1.750,No,No,No,41,41,94.0,100.0,No,No,32155,47955,36,70,99.0,100.0,No,No,1844,3246,0.4,1.4,1.8,0.044,0.042,63615,48899,0.0,0.0,0.0,0.000,0.000,164001,82786,58.1,62.0,65.4,83.0,0.870,20.682,20.672,20.691,21.290,9.568,9.675,8.703,18.394,3.000,11.713,7.727,7.761,100.000,140.000,2175.0,2150.2,1875.0,2175.0,1890.0,0.0,0.0,0.0,0.0,11.3,0.0,0.1,0.0,0.0,0.0,Yes,No,No,No,No,Yes,No,0,0,0,0,0,0,0,0,0,0,0,0,0,0,0,0,0,0,0,0,0,0,0,0,0,0,0,0,0,0,7264,924,690,74,16.0,64,0.300,46.388,600.0,2394.0,0.1,0.0,0.0,0.0,0.0,0.0,0.0,0.0,0.8,127,16065,127,No,No,No,No,No,No,No,No,16.747,68.277,100.0,0.000,24.1,0,0,0,0.0,2.3,24.8,1.2,1.2,1.2,1.2,2.3,24.8,1.3,1.3,1.3,1.3,439.97,811.66,40.28,32.39,818.64,818.64,0.49,439.49,439.97,0.00,506.57,647,7,0.1,0.3,0,0,0.0,0.0,0,
9.6.2026,13:32:6.902,20490,28277,42.0,16947,15436,52.3,11.3,16384,1859,0.869,0.869,0.867,0.869,0.880,0.880,0.880,0.887,0.864,0.861,0.851,0.861,0.865,0.865,0.872,0.808,0.781,2750.4,3092.4,3092.4,3092.4,3092.4,3092.4,3092.4,2493.9,2493.9,2493.9,2493.9,2493.9,2493.9,2493.9,2493.9,99.8,2493.9,2852.4,3088.9,3090.3,3099.1,3096.8,3092.1,3097.8,3088.0,3089.4,3088.5,3098.1,3099.6,3099.4,2471.9,2484.9,2492.1,2497.8,2492.9,2493.4,2493.2,2494.4,2942.2,99.9,99.8,99.8,100.0,99.9,99.9,99.9,99.8,99.9,99.6,99.9,100.0,100.0,99.8,99.9,100.0,99.9,99.9,99.9,99.9,99.9,100.0,99.9,100.0,123.5,117.6,117.7,117.9,117.8,117.8,117.8,117.5,117.5,117.5,117.8,117.9,117.9,132.1,132.3,132.3,132.3,132.0,132.0,131.9,132.0,123.5,27.6,31.0,31.0,31.0,31.0,31.0,31.0,25.0,25.0,25.0,25.0,25.0,25.0,25.0,25.0,25.0,67,69,67,69,66,68,68,67,67,68,67,66,66,66,66,33,31,33,31,34,32,32,33,33,32,33,34,34,34,34,76,69,No,No,No,No,No,No,No,No,No,No,No,No,No,No,No,No,No,No,No,No,No,No,No,No,No,No,No,No,No,No,Yes,Yes,Yes,Yes,Yes,Yes,Yes,Yes,Yes,Yes,Yes,Yes,Yes,Yes,Yes,No,No,Yes,76,69,63,1.100,43.876,45.006,37.810,0.002,5.587,0.722,175.0,175.0,175.0,175.0,0,0.0,99.6,99.5,99.5,99.8,99.7,99.6,99.8,99.7,99.7,99.4,99.7,99.8,99.8,98.6,99.1,99.4,99.6,99.6,99.6,99.6,99.7,0.0,0.0,0.0,0.0,0.0,0.0,0.0,0.2,0.0,0.0,0.1,0.0,0.1,0.1,0.1,0.0,0.0,0.0,0.0,0.0,0.0,0.0,0.0,0.0,0.0,0.0,0.0,0.0,0.0,0.0,0.0,0.0,0.0,0.0,0.0,0.0,0.0,2394.1,24.00,36,35,35,68,103,383,2,2,Yes,No,No,No,No,No,No,No,Yes,No,No,No,No,Yes,No,No,No,No,No,No,No,Yes,No,No,No,No,No,No,No,No,No,No,No,No,No,No,No,No,83.0,4260,2460,4020,68.0,1.110,1.110,1.800,1.815,1.005,5.110,1.375,No,No,No,68.0,1.110,1.110,1.800,1.815,1.005,5.110,1.000,No,No,No,41,41,94.0,100.0,No,No,32155,47955,36,70,99.0,100.0,No,No,1844,3246,0.3,0.9,1.2,0.205,0.026,63615,48899,0.0,0.0,0.0,0.000,0.000,164001,82786,58.0,64.0,65.4,83.0,0.870,20.688,20.677,20.698,21.174,9.485,9.521,8.622,18.152,3.000,11.634,7.717,7.750,100.000,140.000,2175.0,2150.2,1875.0,2175.0,1890.0,0.0,0.0,0.0,0.0,11.3,0.0,0.0,0.0,0.0,0.0,Yes,No,No,No,No,Yes,No,0,0,0,0,0,0,0,0,0,0,0,0,0,0,0,0,0,0,0,0,0,0,0,0,0,0,0,0,0,0,7265,923,689,74,16.0,64,0.300,45.526,600.0,2394.0,0.2,0.0,0.0,0.0,0.0,0.0,0.0,0.0,0.8,127,16065,127,No,No,No,No,No,No,No,No,16.746,68.277,100.0,0.000,24.1,0,0,0,0.0,2.3,24.8,1.2,1.2,1.2,1.2,2.3,24.8,1.3,1.3,1.3,1.3,439.97,811.66,40.28,32.39,818.64,818.64,0.49,439.49,439.97,0.00,506.57,647,7,0.5,0.1,0,0,0.0,0.0,0,
9.6.2026,13:32:8.899,20483,28284,42.0,16941,15443,52.3,11.3,16384,1859,0.868,0.870,0.878,0.879,0.861,0.872,0.871,0.865,0.868,0.873,0.858,0.859,0.866,0.866,0.867,0.808,0.781,2750.4,3092.4,3092.4,3092.4,3092.4,3092.4,3092.4,2493.9,2493.9,2493.9,2493.9,2493.9,2493.9,2493.9,2493.9,99.8,2493.9,2855.1,3098.2,3097.7,3099.8,3100.5,3095.8,3100.4,3087.8,3087.3,3099.4,3100.1,3100.3,3100.2,2470.9,2480.8,2493.2,2497.3,2498.0,2498.6,2498.4,2498.1,2944.4,100.0,100.0,100.0,100.0,100.0,100.0,100.0,100.0,100.0,100.0,100.0,100.0,100.0,100.0,99.9,99.9,99.9,100.0,100.0,100.0,100.0,100.0,100.0,100.0,123.6,117.9,117.9,117.9,117.9,117.9,117.9,117.5,117.5,117.9,117.9,117.9,117.9,132.3,132.3,132.3,132.3,132.2,132.2,132.2,132.2,123.6,27.6,31.0,31.0,31.0,31.0,31.0,31.0,25.0,25.0,25.0,25.0,25.0,25.0,25.0,25.0,25.0,67,69,67,68,66,68,67,67,67,66,67,65,66,66,66,33,31,33,32,34,32,33,33,33,34,33,35,34,34,34,76,69,No,No,No,No,No,No,No,No,No,No,No,No,No,No,No,No,No,No,No,No,No,No,No,No,No,No,No,No,No,No,Yes,Yes,Yes,Yes,Yes,Yes,Yes,Yes,Yes,Yes,Yes,Yes,Yes,Yes,Yes,No,No,Yes,76,69,65,1.100,43.032,46.819,39.756,0.001,5.491,0.669,175.0,175.0,175.0,175.0,0,0.0,99.6,99.7,99.7,99.8,99.8,99.6,99.8,99.8,99.8,99.8,99.8,99.8,99.8,98.5,98.9,99.4,99.5,99.7,99.7,99.7,99.7,0.0,0.0,0.0,0.0,0.0,0.0,0.0,0.0,0.0,0.0,0.0,0.0,0.0,0.0,0.0,0.0,0.0,0.0,0.0,0.0,0.0,0.0,0.0,0.0,0.0,0.0,0.0,0.0,0.0,0.0,0.0,0.0,0.0,0.0,0.0,0.0,0.0,2194.6,22.00,32,32,32,62,103,351,2,2,Yes,No,No,No,No,No,No,No,Yes,No,No,No,No,Yes,No,No,No,No,No,No,No,Yes,No,No,No,No,No,No,No,No,No,No,No,No,No,No,No,No,84.0,4260,2460,4080,68.0,1.110,1.110,1.815,1.815,1.005,5.110,1.125,No,No,No,68.0,1.110,1.110,1.800,1.815,1.005,5.110,1.875,No,No,No,41,41,94.0,100.0,No,No,32155,47955,36,70,99.0,100.0,No,No,1844,3246,0.0,1.6,1.6,0.008,0.921,63615,48900,0.0,0.0,0.0,0.000,0.000,164001,82786,58.1,62.0,65.5,83.0,0.870,20.681,20.671,20.690,21.234,9.504,9.545,8.641,18.207,3.000,11.653,7.723,7.756,100.000,140.000,2175.0,2150.2,1875.0,2175.0,1890.0,0.0,0.0,0.0,0.0,11.3,0.0,0.0,0.0,0.0,0.0,Yes,No,No,No,No,Yes,No,0,0,0,0,0,0,0,0,0,0,0,0,0,0,0,0,0,0,0,0,0,0,0,0,0,0,0,0,0,0,7265,923,689,74,16.0,64,0.300,47.790,600.0,2194.0,0.1,0.0,0.0,0.0,0.0,0.0,0.0,0.0,0.8,127,16065,127,No,No,No,No,No,No,No,No,16.746,68.277,100.0,0.000,24.1,0,0,0,0.0,2.3,24.8,1.2,1.2,1.2,1.2,2.3,24.8,1.3,1.3,1.3,1.3,439.97,811.66,40.28,32.39,818.64,818.64,0.49,439.49,439.97,0.00,506.57,647,7,0.0,0.0,0,0,0.0,0.0,0,
9.6.2026,13:32:10.895,20494,28273,42.0,16957,15427,52.3,11.3,16384,1859,0.866,0.865,0.857,0.871,0.857,0.865,0.873,0.870,0.870,0.870,0.868,0.860,0.864,0.867,0.871,0.798,0.783,2729.0,2992.7,2992.7,3092.4,2992.7,3092.4,3092.4,2493.9,2493.9,2493.9,2493.9,2493.9,2493.9,2493.9,2493.9,99.8,2394.1,2854.6,3094.3,3097.8,3100.7,3094.2,3095.6,3097.1,3094.2,3091.4,3095.1,3094.8,3098.8,3098.7,2472.9,2482.9,2494.6,2500.5,2497.1,2496.8,2496.8,2497.1,2944.0,99.9,99.9,100.0,100.0,99.8,100.0,99.9,100.0,99.9,99.9,99.8,100.0,100.0,99.8,99.9,99.9,100.0,100.0,100.0,100.0,100.0,100.0,99.9,100.0,123.6,117.8,117.9,118.0,117.7,118.0,117.9,117.8,117.7,117.8,117.8,117.9,117.9,132.2,132.3,132.3,132.4,132.2,132.2,132.2,132.2,123.6,27.4,30.0,30.0,31.0,30.0,31.0,31.0,25.0,25.0,25.0,25.0,25.0,25.0,25.0,25.0,24.0,66,69,66,68,64,67,68,67,66,66,68,65,65,66,65,34,31,34,32,36,33,32,33,34,34,32,35,35,34,35,76,69,No,No,No,No,No,No,No,No,No,No,No,No,No,No,No,No,No,No,No,No,No,No,No,No,No,No,No,No,No,No,Yes,Yes,Yes,Yes,Yes,Yes,Yes,Yes,Yes,Yes,Yes,Yes,Yes,Yes,Yes,No,No,Yes,76,69,63,1.100,40.501,48.081,40.947,0.002,5.541,0.708,175.0,175.0,175.0,175.0,0,0.0,99.6,99.6,99.7,99.8,99.6,99.6,99.7,99.8,99.7,99.7,99.7,99.8,99.8,98.5,98.9,99.4,99.6,99.7,99.7,99.7,99.7,0.0,0.0,0.0,0.0,0.0,0.0,0.0,0.2,0.1,0.1,0.0,0.0,0.0,0.0,0.0,0.0,0.0,0.0,0.0,0.0,0.0,0.0,0.0,0.0,0.0,0.0,0.0,0.0,0.0,0.0,0.0,0.0,0.0,0.0,0.0,0.0,0.0,2194.6,22.00,32,32,32,62,103,351,2,2,Yes,No,No,No,No,No,No,No,Yes,No,No,No,No,Yes,No,No,No,No,No,No,No,Yes,No,No,No,No,No,No,No,No,No,No,No,No,No,No,No,No,83.0,4260,2460,4020,68.0,1.110,1.110,1.815,1.815,1.005,5.110,1.375,No,No,No,68.2,1.110,1.110,1.815,1.815,1.005,5.110,1.500,No,No,No,41,41,94.0,100.0,No,No,32155,47955,36,70,99.0,100.0,No,No,1844,3246,0.1,0.7,0.9,0.032,0.041,63615,48901,0.0,0.0,0.0,0.000,0.000,164001,82786,58.1,62.0,65.5,83.0,0.870,20.676,20.669,20.684,21.223,9.491,9.520,8.640,18.160,3.000,11.646,7.717,7.752,100.000,140.000,2175.0,2150.2,1875.0,2175.0,1890.0,0.0,0.0,0.0,0.0,11.3,0.0,0.1,0.0,0.0,0.0,Yes,No,No,No,No,Yes,No,0,0,0,0,0,0,0,0,0,0,0,0,0,0,0,0,0,0,0,0,0,0,0,0,0,0,0,0,0,0,7265,923,689,74,16.0,63,0.300,46.294,600.0,2194.0,0.2,0.0,0.0,0.0,0.0,0.0,0.0,0.0,0.8,127,16065,127,No,No,No,No,No,No,No,No,16.747,68.277,100.0,0.000,24.1,0,0,0,0.0,1.3,1.3,1.3,1.3,1.3,1.3,1.3,1.3,1.3,1.3,1.3,1.3,746.70,746.70,746.70,746.70,746.70,746.70,1.15,745.52,745.93,0.77,237.61,647,7,0.1,0.1,0,0,0.0,0.0,0,
9.6.2026,13:32:12.892,20484,28284,42.0,16951,15432,52.3,11.3,16384,1859,0.871,0.866,0.876,0.874,0.870,0.872,0.874,0.871,0.870,0.869,0.870,0.869,0.869,0.869,0.874,0.808,0.783,2650.7,3092.4,3092.4,3092.4,3092.4,3092.4,3092.4,2493.9,2493.9,2493.9,2493.9,2493.9,2493.9,1097.3,2493.9,99.8,2493.9,2841.7,3081.7,3081.5,3084.4,3083.5,3079.3,3084.7,3071.0,3072.9,3085.1,3085.8,3085.9,3085.3,2465.2,2474.3,2482.5,2488.2,2484.9,2485.8,2485.8,2486.1,2930.7,100.0,100.0,100.0,100.0,100.0,100.0,100.0,99.9,100.0,100.0,100.0,100.0,100.0,100.0,100.0,100.0,100.0,100.0,100.0,100.0,100.0,100.0,100.0,100.0,122.9,117.3,117.3,117.3,117.3,117.3,117.3,116.7,116.8,117.3,117.3,117.3,117.3,131.6,131.6,131.6,131.6,131.4,131.4,131.4,131.4,122.9,26.6,31.0,31.0,31.0,31.0,31.0,31.0,25.0,25.0,25.0,25.0,25.0,25.0,11.0,25.0,25.0,67,69,67,68,64,68,68,68,67,68,67,65,65,66,66,33,31,33,32,36,32,32,32,33,32,33,35,35,34,34,76,69,No,No,No,No,No,No,No,No,No,No,No,No,No,No,No,No,No,No,No,No,No,No,No,No,No,No,No,No,No,No,Yes,Yes,Yes,Yes,Yes,Yes,Yes,Yes,Yes,Yes,Yes,Yes,Yes,Yes,Yes,No,No,Yes,76,68,64,1.100,40.501,44.009,36.856,0.002,5.621,0.754,175.0,175.0,175.0,175.0,0,0.0,99.6,99.7,99.7,99.8,99.7,99.6,99.8,99.7,99.8,99.8,99.8,99.8,99.8,98.7,99.1,99.4,99.7,99.7,99.7,99.7,99.7,0.0,0.0,0.0,0.0,0.0,0.0,0.0,0.0,0.0,0.0,0.0,0.0,0.0,0.0,0.0,0.0,0.0,0.0,0.0,0.0,0.0,0.0,0.0,0.0,0.0,0.0,0.0,0.0,0.0,0.0,0.0,0.0,0.0,0.0,0.0,0.0,0.0,2394.1,24.00,36,35,35,68,103,383,2,2,Yes,No,No,No,No,No,No,No,Yes,No,No,No,No,Yes,No,No,No,No,No,No,No,Yes,No,No,No,No,No,No,No,No,No,No,No,No,No,No,No,No,84.0,4260,2460,4020,68.0,1.110,1.110,1.815,1.815,0.990,5.110,1.375,No,No,No,68.2,1.110,1.110,1.815,1.815,1.005,5.110,1.375,No,No,No,41,41,94.0,100.0,No,No,32155,47955,36,70,99.0,100.0,No,No,1844,3246,0.0,1.1,1.1,0.000,0.022,63615,48901,0.0,0.0,0.0,0.000,0.000,164001,82786,58.1,64.0,65.5,83.0,0.870,20.678,20.670,20.685,21.249,9.493,9.523,8.640,18.162,3.000,11.643,7.722,7.758,100.000,140.000,2175.0,2150.2,1875.0,2175.0,1890.0,0.0,0.0,0.0,0.0,11.3,0.0,0.0,0.0,0.0,0.0,Yes,No,No,No,No,Yes,No,0,0,0,0,0,0,0,0,0,0,0,0,0,0,0,0,0,0,0,0,0,0,0,0,0,0,0,0,0,0,7265,923,689,74,16.0,65,0.300,44.094,600.0,2394.0,0.2,0.0,0.0,0.0,0.0,0.0,0.0,0.0,0.8,127,16065,127,No,No,No,No,No,No,No,No,16.746,68.277,100.0,0.000,24.1,0,0,0,0.0,1.3,1.3,1.3,1.3,1.3,1.3,1.3,1.3,1.3,1.3,1.3,1.3,746.70,746.70,746.70,746.70,746.70,746.70,1.15,745.52,745.93,0.77,237.61,647,7,0.0,0.0,0,0,0.0,0.0,0,
9.6.2026,13:32:14.902,20510,28258,42.0,16976,15408,52.4,11.3,16384,1859,0.871,0.875,0.872,0.870,0.864,0.871,0.870,0.871,0.886,0.874,0.870,0.865,0.869,0.871,0.871,0.808,0.783,2750.4,3092.4,3092.4,3092.4,3092.4,3092.4,3092.4,2493.9,2493.9,2493.9,2493.9,2493.9,2493.9,2493.9,2493.9,99.8,2493.9,2867.0,3109.2,3100.5,3113.8,3115.7,3111.9,3117.5,3104.0,3106.3,3112.7,3111.0,3116.8,3116.7,2492.4,2500.4,2506.6,2511.9,2494.9,2499.4,2498.3,2499.5,2959.2,99.9,99.9,99.6,99.9,100.0,100.0,100.0,99.8,99.9,99.9,99.8,100.0,100.0,99.9,99.8,100.0,99.9,100.0,100.0,99.9,99.9,100.0,99.9,100.0,124.1,118.5,118.1,118.5,118.5,118.5,118.6,118.1,118.2,118.4,118.3,118.5,118.5,133.0,132.9,133.1,133.1,132.3,132.3,132.2,132.3,124.1,27.6,31.0,31.0,31.0,31.0,31.0,31.0,25.0,25.0,25.0,25.0,25.0,25.0,25.0,25.0,25.0,67,69,67,68,66,67,68,67,67,67,66,66,66,65,66,33,31,33,32,34,33,32,33,33,33,34,34,34,35,34,76,69,No,No,No,No,No,No,No,No,No,No,No,No,No,No,No,No,No,No,No,No,No,No,No,No,No,No,No,No,No,No,Yes,Yes,Yes,Yes,Yes,Yes,Yes,Yes,Yes,Yes,Yes,Yes,Yes,Yes,Yes,No,No,Yes,76,69,64,1.100,36.282,45.792,38.427,0.002,5.619,0.747,175.0,175.0,175.0,175.0,0,0.0,99.5,99.6,99.3,99.7,99.8,99.6,99.8,99.6,99.7,99.7,99.6,99.8,99.8,98.7,99.1,99.3,99.5,99.5,99.6,99.6,99.7,0.0,0.0,0.0,0.0,0.0,0.0,0.0,0.1,0.2,0.0,0.1,0.0,0.0,0.1,0.0,0.0,0.0,0.0,0.0,0.0,0.0,0.0,0.0,0.0,0.0,0.0,0.0,0.0,0.0,0.0,0.0,0.0,0.0,0.0,0.0,0.0,0.0,2394.1,24.00,36,35,35,68,103,383,2,2,Yes,No,No,No,No,No,No,No,Yes,No,No,No,No,Yes,No,No,No,No,No,No,No,Yes,No,No,No,No,No,No,No,No,No,No,No,No,No,No,No,No,84.0,4200,2460,4080,68.0,1.110,1.110,1.815,1.815,1.005,5.110,2.000,No,No,No,68.2,1.110,1.110,1.815,1.815,1.005,5.110,2.125,No,No,No,41,41,94.0,100.0,No,No,32155,47955,36,70,99.0,100.0,No,No,1844,3246,1.3,0.8,2.2,0.848,0.287,63617,48901,0.0,0.0,0.0,0.000,0.000,164001,82786,58.1,62.0,65.5,83.0,0.870,20.674,20.666,20.681,21.220,9.519,9.547,8.659,18.220,3.000,11.661,7.789,7.758,100.000,140.000,2175.0,2150.2,1875.0,2175.0,1890.0,0.0,0.0,0.0,0.0,11.3,0.0,0.1,0.0,0.0,0.0,Yes,No,No,No,No,Yes,No,0,0,0,0,0,0,0,0,0,0,0,0,0,0,0,0,0,0,0,0,0,0,0,0,0,0,0,0,0,0,7265,923,689,74,16.0,64,0.300,45.318,600.0,2394.0,0.2,0.0,0.0,0.0,0.0,0.0,0.0,0.0,0.8,127,16065,127,No,No,No,No,No,No,No,No,16.747,68.277,100.0,0.000,24.1,0,0,0,0.0,1.4,1.4,1.4,1.4,1.4,1.4,1.4,1.4,1.4,1.4,1.4,1.4,732.84,732.84,732.84,732.84,732.84,732.84,1.04,731.73,731.76,1.09,273.78,647,7,4.2,3.2,0,0,0.0,0.0,0,
9.6.2026,13:32:16.893,20504,28264,42.0,16973,15410,52.4,11.3,16384,1859,0.872,0.866,0.879,0.871,0.874,0.881,0.880,0.866,0.866,0.866,0.866,0.866,0.866,0.886,0.873,0.808,0.781,2757.5,3092.4,3192.2,3092.4,3092.4,3092.4,3092.4,2493.9,2493.9,2493.9,2493.9,2493.9,2493.9,2493.9,2493.9,99.8,2493.9,2859.2,3103.1,3098.4,3106.7,3107.2,3100.9,3107.0,3099.5,3096.9,3104.9,3107.3,3107.5,3107.6,2481.3,2493.6,2491.9,2503.4,2492.7,2491.7,2492.4,2489.1,2951.1,100.0,100.0,99.8,100.0,100.0,100.0,100.0,100.0,99.9,99.9,100.0,100.0,100.0,99.9,99.9,99.9,100.0,100.0,99.9,99.9,100.0,100.0,100.0,100.0,123.8,118.2,118.0,118.2,118.2,118.1,118.2,117.9,117.8,118.1,118.2,118.2,118.2,132.6,132.6,132.6,132.6,131.9,131.8,131.9,131.9,123.8,27.6,31.0,32.0,31.0,31.0,31.0,31.0,25.0,25.0,25.0,25.0,25.0,25.0,25.0,25.0,25.0,67,68,66,69,64,66,66,68,68,68,68,66,66,66,66,33,32,34,31,36,34,34,32,32,32,32,34,34,34,34,76,69,No,No,No,No,No,No,No,No,No,No,No,No,No,No,No,No,No,No,No,No,No,No,No,No,No,No,No,No,No,No,Yes,Yes,Yes,Yes,Yes,Yes,Yes,Yes,Yes,Yes,Yes,Yes,Yes,Yes,Yes,No,No,Yes,76,69,64,1.100,42.188,43.934,36.660,0.003,5.632,0.754,175.0,175.0,175.0,175.0,0,0.0,99.6,99.7,99.5,99.8,99.8,99.6,99.8,99.8,99.7,99.7,99.8,99.8,99.8,98.7,99.1,99.1,99.5,99.7,99.6,99.6,99.5,0.0,0.0,0.0,0.0,0.0,0.0,0.0,0.0,0.0,0.1,0.1,0.0,0.1,0.1,0.0,0.0,0.0,0.0,0.0,0.0,0.0,0.0,0.0,0.0,0.0,0.0,0.0,0.0,0.0,0.0,0.0,0.0,0.0,0.0,0.0,0.0,0.0,2194.6,22.00,32,32,32,62,103,351,2,2,Yes,No,No,No,No,No,No,No,Yes,No,No,No,No,Yes,No,No,No,No,No,No,No,Yes,No,No,No,No,No,No,No,No,No,No,No,No,No,No,No,No,83.0,4320,2460,4080,68.2,1.095,1.110,1.815,1.815,1.005,5.110,1.375,No,No,No,68.2,1.110,1.110,1.815,1.815,1.005,5.110,2.000,No,No,No,41,41,94.0,100.0,No,No,32155,47955,36,70,99.0,100.0,No,No,1844,3246,1.1,1.6,2.7,0.066,0.088,63617,48901,0.0,0.0,0.0,0.000,0.000,164001,82786,58.1,62.0,65.5,83.0,0.870,20.676,20.668,20.683,21.174,9.501,9.522,8.660,18.181,3.000,11.665,7.721,7.758,100.000,140.000,2175.0,2150.2,1875.0,2175.0,1890.0,0.0,0.0,0.0,0.0,11.3,0.0,0.0,0.0,0.0,0.0,Yes,No,No,No,No,Yes,No,0,0,0,0,0,0,0,0,0,0,0,0,0,0,0,0,0,0,0,0,0,0,0,0,0,0,0,0,0,0,7265,923,689,74,16.0,64,0.300,43.814,600.0,2194.0,0.2,0.0,0.0,0.0,0.0,0.0,0.0,0.0,0.8,127,16065,127,No,No,No,No,No,No,No,No,16.746,68.277,100.0,0.000,24.1,0,0,0,0.0,1.4,1.4,1.4,1.4,1.4,1.4,1.4,1.4,1.4,1.4,1.4,1.4,732.84,732.84,732.84,732.84,732.84,732.84,1.04,731.73,731.76,1.09,273.78,647,7,13.2,8.5,0,0,0.0,0.0,0,
9.6.2026,13:32:18.899,20500,28268,42.0,16976,15408,52.4,11.3,16384,1859,0.873,0.869,0.876,0.871,0.870,0.869,0.861,0.867,0.871,0.871,0.873,0.872,0.892,0.880,0.878,0.808,0.783,2757.5,3092.4,3092.4,3192.2,3092.4,3092.4,3092.4,2493.9,2493.9,2493.9,2493.9,2493.9,2493.9,2493.9,2493.9,99.8,2493.9,2865.9,3112.6,3112.4,3115.1,3114.9,3109.3,3114.7,3105.2,3104.9,3115.6,3115.8,3116.6,3116.5,2488.3,2503.4,2505.4,2507.0,2487.9,2490.4,2491.2,2491.5,2959.9,100.0,100.0,100.0,100.0,100.0,100.0,100.0,100.0,100.0,100.0,100.0,100.0,100.0,99.9,100.0,99.9,100.0,100.0,100.0,100.0,100.0,100.0,100.0,100.0,124.0,118.5,118.5,118.5,118.5,118.4,118.4,118.1,118.1,118.5,118.5,118.5,118.5,132.9,133.0,132.9,132.9,131.8,131.8,131.8,131.8,124.0,27.6,31.0,31.0,32.0,31.0,31.0,31.0,25.0,25.0,25.0,25.0,25.0,25.0,25.0,25.0,25.0,67,69,67,69,64,68,68,67,67,67,67,66,65,64,65,33,31,33,31,36,32,32,33,33,33,33,34,35,36,35,76,69,No,No,No,No,No,No,No,No,No,No,No,No,No,No,No,No,No,No,No,No,No,No,No,No,No,No,No,No,No,No,Yes,Yes,Yes,Yes,Yes,Yes,Yes,Yes,Yes,Yes,Yes,Yes,Yes,Yes,Yes,No,No,Yes,76,69,63,1.100,46.407,44.846,37.570,0.002,5.621,0.758,175.0,175.0,175.0,175.0,0,0.0,99.6,99.7,99.7,99.8,99.8,99.6,99.8,99.8,99.8,99.8,99.8,99.8,99.8,98.7,99.3,99.4,99.5,99.6,99.7,99.7,99.7,0.0,0.0,0.0,0.0,0.0,0.0,0.0,0.1,0.0,0.1,0.0,0.0,0.0,0.0,0.0,0.0,0.0,0.0,0.0,0.0,0.0,0.0,0.0,0.0,0.0,0.0,0.0,0.0,0.0,0.0,0.0,0.0,0.0,0.0,0.0,0.0,0.0,2394.1,24.00,36,35,35,68,103,383,2,2,Yes,No,No,No,No,No,No,No,Yes,No,No,No,No,Yes,No,No,No,No,No,No,No,Yes,No,No,No,No,No,No,No,No,No,No,No,No,No,No,No,No,83.0,4320,2460,4140,68.2,1.095,1.110,1.815,1.815,1.005,5.110,1.875,No,No,No,68.5,1.095,1.110,1.815,1.815,1.005,5.110,3.000,No,No,No,41,41,94.0,100.0,No,No,32155,47955,36,70,99.0,100.0,No,No,1844,3246,0.2,0.6,0.9,0.069,0.021,63617,48901,0.0,0.0,0.0,0.000,0.000,164001,82786,58.1,64.0,65.5,83.0,0.870,20.679,20.670,20.687,21.257,9.518,9.569,8.661,18.246,3.000,11.667,7.722,7.758,100.000,140.000,2175.0,2150.2,1875.0,2175.0,1890.0,0.0,0.0,0.0,0.0,11.3,0.0,0.0,0.0,0.0,0.0,Yes,No,No,No,No,Yes,No,0,0,0,0,0,0,0,0,0,0,0,0,0,0,0,0,0,0,0,0,0,0,0,0,0,0,0,0,0,0,7265,923,689,74,16.0,63,0.300,44.131,600.0,2394.0,0.2,0.0,0.0,0.0,0.0,0.0,0.0,0.0,0.8,127,16065,127,No,No,No,No,No,No,No,No,16.746,68.277,100.0,0.000,24.1,0,0,0,0.0,1.4,1.4,1.4,1.4,1.4,1.4,1.4,1.4,1.4,1.4,1.4,1.4,732.84,732.84,732.84,732.84,732.84,732.84,1.04,731.73,731.76,1.09,273.78,647,7,3.6,1.4,0,0,0.0,0.0,0,
9.6.2026,13:32:20.894,20495,28272,42.0,16979,15404,52.4,11.3,16384,1859,0.899,0.889,0.876,0.906,0.901,0.902,0.899,0.892,0.891,0.893,0.899,0.908,0.908,0.908,0.908,0.818,0.783,2843.0,3192.2,3092.4,3192.2,3192.2,3192.2,3192.2,2593.7,2593.7,2593.7,2593.7,2593.7,2593.7,2593.7,2593.7,99.8,2593.7,2866.4,3107.1,3107.5,3108.3,3109.4,3105.1,3110.5,3107.9,3107.9,3111.7,3111.6,3113.2,3113.3,2488.4,2493.7,2510.3,2513.2,2502.9,2501.8,2500.9,2504.1,2957.4,100.0,99.9,100.0,99.9,99.9,100.0,100.0,100.0,100.0,100.0,100.0,100.0,100.0,100.0,99.9,100.0,100.0,100.0,99.9,100.0,100.0,100.0,100.0,100.0,124.0,118.3,118.3,118.2,118.3,118.3,118.3,118.2,118.2,118.3,118.3,118.3,118.3,132.9,132.8,132.9,132.9,132.4,132.3,132.3,132.4,124.0,28.5,32.0,31.0,32.0,32.0,32.0,32.0,26.0,26.0,26.0,26.0,26.0,26.0,26.0,26.0,26.0,66,69,68,65,66,67,68,67,66,66,66,65,65,65,65,34,31,32,35,34,33,32,33,34,34,34,35,35,35,35,76,69,No,No,No,No,No,No,No,No,No,No,No,No,No,No,No,No,No,No,No,No,No,No,No,No,No,No,No,No,No,No,Yes,Yes,Yes,Yes,Yes,Yes,Yes,Yes,Yes,Yes,Yes,Yes,Yes,Yes,Yes,No,No,Yes,76,68,64,1.100,37.126,43.786,36.575,0.002,5.594,0.736,175.0,175.0,175.0,175.0,0,0.0,99.6,99.7,99.7,99.7,99.7,99.6,99.8,99.8,99.8,99.8,99.8,99.8,99.8,98.7,98.9,99.6,99.7,99.7,99.6,99.6,99.7,0.0,0.0,0.0,0.0,0.0,0.0,0.0,0.1,0.1,0.0,0.0,0.0,0.1,0.1,0.0,0.0,0.0,0.0,0.0,0.0,0.0,0.0,0.0,0.0,0.0,0.0,0.0,0.0,0.0,0.0,0.0,0.0,0.0,0.0,0.0,0.0,0.0,2394.1,24.00,36,35,35,68,103,383,2,2,Yes,No,No,No,No,No,No,No,Yes,No,No,No,No,Yes,No,No,No,No,No,No,No,Yes,No,No,No,No,No,No,No,No,No,No,No,No,No,No,No,No,83.0,4380,2460,4140,68.2,1.095,1.110,1.800,1.815,1.005,5.110,1.375,No,No,No,68.5,1.095,1.110,1.800,1.815,1.005,5.110,1.500,No,No,No,41,41,94.0,100.0,No,No,32155,47955,36,70,99.0,100.0,No,No,1844,3246,0.3,0.8,1.0,0.052,0.042,63617,48901,0.0,0.0,0.0,0.000,0.000,164001,82786,58.1,62.0,65.5,83.0,0.870,20.683,20.674,20.692,21.251,9.499,9.546,8.642,18.188,3.000,11.642,7.722,7.756,100.000,140.000,2175.0,2150.2,1875.0,2175.0,1890.0,0.0,0.0,0.0,0.0,11.3,0.0,0.0,0.0,0.0,0.0,Yes,No,No,No,No,Yes,No,0,0,0,0,0,0,0,0,0,0,0,0,0,0,0,0,0,0,0,0,0,0,0,0,0,0,0,0,0,0,7265,923,689,74,16.0,64,0.300,45.184,600.0,2394.0,0.2,0.0,0.0,0.0,0.0,0.0,0.0,0.0,0.8,127,16065,127,No,No,No,No,No,No,No,No,16.748,68.277,100.0,0.000,24.1,0,0,0,0.0,1.4,1.4,1.4,1.4,1.4,1.4,1.4,1.4,1.4,1.4,1.4,1.4,732.84,732.84,732.84,732.84,732.84,732.84,1.04,731.73,731.76,1.09,273.78,647,7,0.2,0.0,0,0,0.0,0.0,0,
9.6.2026,13:32:22.889,20499,28269,42.0,16985,15398,52.4,11.3,16384,1859,0.871,0.874,0.871,0.872,0.871,0.871,0.871,0.873,0.872,0.866,0.866,0.872,0.871,0.871,0.877,0.808,0.783,2750.4,3092.4,3092.4,3092.4,3092.4,3092.4,3092.4,2493.9,2493.9,2493.9,2493.9,2493.9,2493.9,2493.9,2493.9,99.8,2493.9,2866.1,3112.0,3109.2,3115.4,3111.4,3109.5,3112.7,3110.7,3110.1,3107.8,3108.2,3113.2,3112.6,2481.6,2489.4,2504.6,2507.2,2501.8,2501.6,2502.4,2501.4,2957.2,99.9,100.0,99.9,100.0,99.9,100.0,100.0,100.0,100.0,99.8,99.8,100.0,100.0,99.8,99.9,100.0,100.0,100.0,100.0,99.9,99.9,100.0,99.9,100.0,124.1,118.4,118.4,118.5,118.4,118.5,118.5,118.4,118.4,118.3,118.3,118.5,118.5,132.7,132.8,132.9,132.9,132.5,132.5,132.4,132.4,124.1,27.6,31.0,31.0,31.0,31.0,31.0,31.0,25.0,25.0,25.0,25.0,25.0,25.0,25.0,25.0,25.0,67,68,67,69,66,68,67,67,67,67,67,66,65,66,65,33,32,33,31,34,32,33,33,33,33,33,34,35,34,35,76,69,No,No,No,No,No,No,No,No,No,No,No,No,No,No,No,No,No,No,No,No,No,No,No,No,No,No,No,No,No,No,Yes,Yes,Yes,Yes,Yes,Yes,Yes,Yes,Yes,Yes,Yes,Yes,Yes,Yes,Yes,No,No,Yes,76,69,64,1.100,44.719,45.190,38.021,0.002,5.567,0.716,175.0,175.0,175.0,175.0,0,0.0,99.6,99.7,99.6,99.8,99.7,99.6,99.8,99.8,99.8,99.6,99.7,99.8,99.8,98.6,98.9,99.5,99.6,99.7,99.7,99.7,99.7,0.0,0.0,0.0,0.0,0.0,0.0,0.0,0.1,0.1,0.0,0.0,0.0,0.0,0.0,0.0,0.0,0.0,0.0,0.0,0.0,0.0,0.0,0.0,0.0,0.0,0.0,0.0,0.0,0.0,0.0,0.0,0.0,0.0,0.0,0.0,0.0,0.0,2394.1,24.00,36,35,35,68,103,383,2,2,Yes,No,No,No,No,No,No,No,Yes,No,No,No,No,Yes,No,No,No,No,No,No,No,Yes,No,No,No,No,No,No,No,No,No,No,No,No,No,No,No,No,84.0,4320,2460,4140,68.2,1.095,1.110,1.800,1.800,1.005,5.110,2.250,No,No,No,68.5,1.095,1.110,1.800,1.800,1.005,5.110,1.375,No,No,No,41,41,94.0,100.0,No,No,32155,47955,36,70,99.0,100.0,No,No,1844,3246,0.5,1.4,1.9,0.013,0.117,63617,48902,0.0,0.0,0.0,0.000,0.000,164001,82786,58.1,62.0,65.5,83.0,0.870,20.680,20.671,20.689,21.201,9.482,9.504,8.620,18.144,3.000,11.627,7.722,7.755,100.000,140.000,2175.0,2150.2,1875.0,2175.0,1890.0,0.0,0.0,0.0,0.0,11.3,0.0,0.0,0.0,0.0,0.0,Yes,No,No,No,No,Yes,No,0,0,0,0,0,0,0,0,0,0,0,0,0,0,0,0,0,0,0,0,0,0,0,0,0,0,0,0,0,0,7265,923,689,74,16.0,64,0.300,45.809,600.0,2394.0,0.2,0.0,0.0,0.0,0.0,0.0,0.0,0.0,0.8,127,16065,127,No,No,No,No,No,No,No,No,16.747,68.277,100.0,0.000,24.1,0,0,0,0.0,1.4,1.4,1.4,1.4,1.4,1.4,1.4,1.4,1.4,1.4,1.4,1.4,732.84,732.84,732.84,732.84,732.84,732.84,1.04,731.73,731.76,1.09,273.78,647,7,1.6,0.0,0,0,0.0,0.0,0,
9.6.2026,13:32:24.899,20499,28269,42.0,16987,15396,52.4,11.3,16384,1859,0.878,0.879,0.870,0.862,0.875,0.873,0.872,0.877,0.868,0.906,0.906,0.906,0.878,0.858,0.867,0.818,0.783,2778.9,3192.2,3092.4,3092.4,3092.4,3092.4,3092.4,2493.9,2493.9,2593.7,2593.7,2593.7,2493.9,2493.9,2493.9,99.8,2593.7,2863.3,3108.5,3107.2,3111.6,3110.5,3107.1,3111.8,3103.3,3103.2,3112.5,3112.6,3112.2,3112.6,2484.3,2494.2,2501.0,2506.3,2490.3,2491.7,2492.2,2492.4,2956.2,100.0,100.0,99.9,100.0,100.0,100.0,100.0,100.0,100.0,100.0,100.0,100.0,100.0,100.0,100.0,100.0,100.0,100.0,100.0,100.0,100.0,100.0,100.0,100.0,123.8,118.3,118.3,118.3,118.3,118.3,118.3,118.0,118.0,118.3,118.3,118.3,118.3,132.5,132.5,132.5,132.5,131.8,131.8,131.8,131.8,123.8,27.9,32.0,31.0,31.0,31.0,31.0,31.0,25.0,25.0,26.0,26.0,26.0,25.0,25.0,25.0,26.0,66,68,67,68,66,66,68,67,66,66,66,65,65,66,66,34,32,33,32,34,34,32,33,34,34,34,35,35,34,34,75,68,No,No,No,No,No,No,No,No,No,No,No,No,No,No,No,No,No,No,No,No,No,No,No,No,No,No,No,No,No,No,Yes,Yes,Yes,Yes,Yes,Yes,Yes,Yes,Yes,Yes,Yes,Yes,Yes,Yes,Yes,No,No,Yes,76,69,64,1.100,37.969,45.056,37.786,0.002,5.629,0.751,175.0,175.0,175.0,175.0,0,0.0,99.7,99.7,99.7,99.8,99.8,99.6,99.8,99.8,99.8,99.8,99.8,99.8,99.8,98.8,99.2,99.5,99.7,99.7,99.7,99.7,99.7,0.0,0.0,0.0,0.0,0.0,0.0,0.0,0.0,0.0,0.0,0.0,0.0,0.0,0.0,0.0,0.0,0.0,0.0,0.0,0.0,0.0,0.0,0.0,0.0,0.0,0.0,0.0,0.0,0.0,0.0,0.0,0.0,0.0,0.0,0.0,0.0,0.0,2394.1,24.00,36,35,35,68,103,383,2,2,Yes,No,No,No,No,No,No,No,Yes,No,No,No,No,Yes,No,No,No,No,No,No,No,Yes,No,No,No,No,No,No,No,No,No,No,No,No,No,No,No,No,84.0,4320,2520,4140,68.5,1.095,1.110,1.800,1.800,0.990,5.110,1.375,No,No,No,68.5,1.095,1.110,1.800,1.800,1.005,5.110,2.000,No,No,No,41,41,94.0,100.0,No,No,32155,47955,36,70,99.0,100.0,No,No,1844,3246,0.0,0.9,0.9,0.000,0.059,63617,48902,0.0,0.0,0.0,0.000,0.000,164001,82786,58.1,64.0,65.5,83.0,0.870,20.685,20.675,20.694,21.199,9.492,9.511,8.642,18.170,3.000,11.652,7.716,7.750,100.000,140.000,2175.0,2150.2,1875.0,2175.0,1890.0,0.0,0.0,0.0,0.0,11.3,0.0,0.0,0.0,0.0,0.0,Yes,No,No,No,No,Yes,No,0,0,0,0,0,0,0,0,0,0,0,0,0,0,0,0,0,0,0,0,0,0,0,0,0,0,0,0,0,0,7265,923,689,74,16.0,64,0.300,44.319,600.0,2394.0,0.2,0.0,0.0,0.0,0.0,0.0,0.0,0.0,0.8,127,16065,127,No,No,No,No,No,No,No,No,16.747,68.277,100.0,0.000,24.1,0,0,0,0.0,1.4,1.4,1.4,1.4,1.4,1.4,1.4,1.4,1.4,1.4,1.4,1.4,732.84,732.84,732.84,732.84,732.84,732.84,1.04,731.73,731.76,1.09,273.78,647,7,0.3,0.1,0,0,0.0,0.0,0,
9.6.2026,13:32:26.899,20505,28262,42.0,16999,15384,52.4,11.3,16384,1859,0.874,0.870,0.886,0.887,0.873,0.894,0.869,0.872,0.869,0.872,0.871,0.868,0.871,0.868,0.868,0.808,0.778,2771.8,3092.4,3092.4,3192.2,3192.2,3192.2,3092.4,2493.9,2493.9,2493.9,2493.9,2493.9,2493.9,2493.9,2493.9,99.8,2493.9,2871.3,3114.5,3114.2,3117.0,3117.5,3112.9,3118.4,3108.2,3110.1,3116.7,3118.4,3119.1,3119.1,2493.0,2502.6,2509.9,2516.7,2504.0,2503.9,2504.3,2504.6,2963.0,100.0,100.0,100.0,100.0,100.0,100.0,100.0,99.9,100.0,99.9,99.9,100.0,100.0,99.9,100.0,100.0,100.0,100.0,100.0,100.0,100.0,100.0,100.0,100.0,124.2,118.5,118.6,118.6,118.6,118.5,118.6,118.2,118.3,118.5,118.5,118.6,118.6,133.1,133.1,133.1,133.1,132.5,132.5,132.5,132.5,124.2,27.8,31.0,31.0,32.0,32.0,32.0,31.0,25.0,25.0,25.0,25.0,25.0,25.0,25.0,25.0,25.0,66,69,67,68,64,67,67,66,66,67,66,66,65,66,66,34,31,33,32,36,33,33,34,34,33,34,34,35,34,34,76,69,No,No,No,No,No,No,No,No,No,No,No,No,No,No,No,No,No,No,No,No,No,No,No,No,No,No,No,No,No,No,Yes,Yes,Yes,Yes,Yes,Yes,Yes,Yes,Yes,Yes,Yes,Yes,Yes,Yes,Yes,No,No,Yes,76,69,64,1.100,36.282,46.309,39.146,0.002,5.557,0.711,175.0,175.0,175.0,175.0,0,0.0,99.6,99.7,99.7,99.8,99.8,99.6,99.8,99.7,99.8,99.7,99.8,99.8,99.8,98.7,99.1,99.4,99.7,99.7,99.7,99.7,99.7,0.0,0.0,0.0,0.0,0.0,0.0,0.0,0.0,0.0,0.0,0.0,0.0,0.0,0.0,0.0,0.0,0.0,0.0,0.0,0.0,0.0,0.0,0.0,0.0,0.0,0.0,0.0,0.0,0.0,0.0,0.0,0.0,0.0,0.0,0.0,0.0,0.0,2194.6,22.00,32,32,32,62,103,351,2,2,Yes,No,No,No,No,No,No,No,Yes,No,No,No,No,Yes,No,No,No,No,No,No,No,Yes,No,No,No,No,No,No,No,No,No,No,No,No,No,No,No,No,83.0,4380,2460,4140,68.5,1.095,1.110,1.800,1.800,0.990,5.110,1.500,No,No,No,68.8,1.095,1.110,1.800,1.800,0.990,5.110,1.250,No,No,No,41,41,94.0,100.0,No,No,32155,47955,36,70,99.0,100.0,No,No,1844,3246,0.0,1.5,1.5,0.000,0.252,63617,48902,0.0,0.0,0.0,0.000,0.000,164001,82786,58.1,64.0,65.5,83.0,0.870,20.683,20.674,20.692,21.189,9.507,9.546,8.662,18.209,3.000,11.666,7.718,7.750,100.000,140.000,2175.0,2150.2,1875.0,2175.0,1890.0,0.0,0.0,0.0,0.0,11.3,0.0,0.0,0.0,0.0,0.0,Yes,No,No,No,No,Yes,No,0,0,0,0,0,0,0,0,0,0,0,0,0,0,0,0,0,0,0,0,0,0,0,0,0,0,0,0,0,0,7265,923,689,74,16.0,65,0.300,44.622,550.0,2194.0,0.2,0.0,0.0,0.0,0.0,0.0,0.0,0.0,0.8,127,16065,127,No,No,No,No,No,No,No,No,16.747,68.277,100.0,0.000,24.1,0,0,0,0.0,1.0,1.0,1.0,1.0,1.0,1.0,1.0,1.0,1.0,1.0,1.0,1.0,1004.58,1004.58,1004.58,1004.58,1004.58,1004.58,0.33,1004.15,1004.58,0.00,841.40,647,7,0.1,0.0,0,0,0.0,0.0,0,
9.6.2026,13:32:28.893,20505,28263,42.0,17008,15376,52.5,11.3,16384,1859,0.870,0.871,0.872,0.870,0.869,0.870,0.869,0.869,0.871,0.873,0.859,0.871,0.874,0.867,0.867,0.808,0.781,2750.4,3092.4,3092.4,3092.4,3092.4,3092.4,3092.4,2493.9,2493.9,2493.9,2493.9,2493.9,2493.9,2493.9,2493.9,99.8,2493.9,2863.8,3109.9,3108.7,3109.9,3109.6,3107.1,3109.4,3103.1,3101.7,3111.1,3111.4,3111.2,3111.2,2484.7,2492.5,2500.6,2509.4,2496.3,2495.3,2496.8,2495.7,2955.7,99.9,99.9,99.9,99.9,99.9,100.0,99.9,100.0,100.0,100.0,100.0,100.0,100.0,99.9,99.8,99.9,100.0,100.0,99.9,100.0,99.9,100.0,99.9,100.0,123.9,118.4,118.3,118.3,118.3,118.4,118.3,118.1,118.0,118.4,118.4,118.4,118.4,132.8,132.8,132.8,132.9,132.1,132.0,132.1,132.0,123.9,27.6,31.0,31.0,31.0,31.0,31.0,31.0,25.0,25.0,25.0,25.0,25.0,25.0,25.0,25.0,25.0,67,69,68,69,64,68,68,67,67,67,67,65,65,66,65,33,31,32,31,36,32,32,33,33,33,33,35,35,34,35,76,69,No,No,No,No,No,No,No,No,No,No,No,No,No,No,No,No,No,No,No,No,No,No,No,No,No,No,No,No,No,No,Yes,Yes,Yes,Yes,Yes,Yes,Yes,Yes,Yes,Yes,Yes,Yes,Yes,Yes,Yes,No,No,Yes,76,69,64,1.100,42.188,44.436,37.633,0.002,5.471,0.671,175.0,175.0,175.0,175.0,0,0.0,99.6,99.7,99.6,99.7,99.7,99.6,99.7,99.8,99.8,99.8,99.8,99.8,99.8,98.7,99.0,99.3,99.7,99.7,99.7,99.7,99.7,0.0,0.0,0.0,0.0,0.0,0.0,0.0,0.1,0.1,0.1,0.0,0.0,0.1,0.0,0.1,0.0,0.0,0.0,0.0,0.0,0.0,0.0,0.0,0.0,0.0,0.0,0.0,0.0,0.0,0.0,0.0,0.0,0.0,0.0,0.0,0.0,0.0,2394.1,24.00,36,35,35,68,103,383,2,2,Yes,No,No,No,No,No,No,No,Yes,No,No,No,No,Yes,No,No,No,No,No,No,No,Yes,No,No,No,No,No,No,No,No,No,No,No,No,No,No,No,No,84.0,4320,2460,4080,68.5,1.110,1.110,1.800,1.800,0.990,5.110,1.250,No,No,No,68.8,1.110,1.110,1.800,1.800,0.990,5.110,1.125,No,No,No,41,41,94.0,100.0,No,No,32155,47955,36,70,99.0,100.0,No,No,1844,3246,0.0,0.6,0.6,0.000,0.017,63617,48902,0.0,0.0,0.0,0.000,0.000,164001,82786,58.1,64.0,65.5,83.0,0.870,20.680,20.672,20.689,21.188,9.486,9.495,8.641,18.144,3.000,11.647,7.722,7.755,100.000,140.000,2175.0,2150.2,1875.0,2175.0,1890.0,0.0,0.0,0.0,0.0,11.3,0.0,0.0,0.0,0.0,0.0,Yes,No,No,No,No,Yes,No,0,0,0,0,0,0,0,0,0,0,0,0,0,0,0,0,0,0,0,0,0,0,0,0,0,0,0,0,0,0,7265,923,689,74,16.0,64,0.300,44.728,600.0,2394.0,0.2,0.0,0.0,0.0,0.0,0.0,0.0,0.0,0.8,127,16065,127,No,No,No,No,No,No,No,No,16.746,68.277,100.0,0.000,24.1,0,0,0,0.0,1.0,1.0,1.0,1.0,1.0,1.0,1.0,1.0,1.0,1.0,1.0,1.0,1008.11,1008.11,1008.11,1008.11,1008.11,1008.11,0.39,1007.79,1007.44,0.66,279.86,647,7,0.3,0.0,0,0,0.0,0.0,0,
9.6.2026,13:32:30.887,20500,28268,42.0,17001,15383,52.4,11.3,16384,1859,0.872,0.874,0.861,0.871,0.888,0.873,0.871,0.870,0.873,0.871,0.866,0.870,0.872,0.874,0.873,0.808,0.783,2650.7,3092.4,3092.4,3092.4,3092.4,3092.4,3092.4,2493.9,2493.9,2493.9,1097.3,2493.9,2493.9,2493.9,2493.9,99.8,2493.9,2838.3,3079.1,3076.5,3081.6,3081.1,3077.1,3081.4,3074.8,3075.0,3081.3,3081.2,3079.3,3079.2,2459.9,2469.2,2477.1,2482.4,2482.6,2482.6,2482.7,2482.8,2927.3,100.0,100.0,99.9,100.0,100.0,100.0,100.0,100.0,100.0,100.0,100.0,100.0,100.0,100.0,100.0,100.0,100.0,100.0,100.0,100.0,100.0,100.0,100.0,100.0,122.8,117.2,117.1,117.2,117.2,117.2,117.2,117.0,117.0,117.2,117.2,117.1,117.1,131.4,131.4,131.4,131.4,131.3,131.3,131.3,131.3,122.8,26.6,31.0,31.0,31.0,31.0,31.0,31.0,25.0,25.0,25.0,11.0,25.0,25.0,25.0,25.0,25.0,67,69,67,69,64,67,67,67,67,66,66,66,66,66,66,33,31,33,31,36,33,33,33,33,34,34,34,34,34,34,76,69,No,No,No,No,No,No,No,No,No,No,No,No,No,No,No,No,No,No,No,No,No,No,No,No,No,No,No,No,No,No,Yes,Yes,Yes,Yes,Yes,Yes,Yes,Yes,Yes,Yes,Yes,Yes,Yes,Yes,Yes,No,No,Yes,76,68,64,1.100,43.876,43.757,36.376,0.001,5.562,0.710,175.0,175.0,175.0,175.0,0,0.0,99.7,99.7,99.7,99.8,99.8,99.7,99.8,99.8,99.8,99.8,99.8,99.8,99.8,98.8,99.2,99.5,99.7,99.7,99.7,99.7,99.7,0.0,0.0,0.0,0.0,0.0,0.0,0.0,0.0,0.0,0.0,0.0,0.0,0.0,0.0,0.0,0.0,0.0,0.0,0.0,0.0,0.0,0.0,0.0,0.0,0.0,0.0,0.0,0.0,0.0,0.0,0.0,0.0,0.0,0.0,0.0,0.0,0.0,2194.6,22.00,32,32,32,62,103,351,2,2,Yes,No,No,No,No,No,No,No,Yes,No,No,No,No,Yes,No,No,No,No,No,No,No,Yes,No,No,No,No,No,No,No,No,No,No,No,No,No,No,No,No,83.0,4320,2460,4080,68.5,1.110,1.110,1.800,1.800,0.990,5.110,1.500,No,No,No,68.8,1.110,1.110,1.800,1.800,0.990,5.110,1.500,No,No,No,41,41,94.0,100.0,No,No,32155,47955,36,70,99.0,100.0,No,No,1844,3246,0.1,1.0,1.2,0.032,0.021,63617,48902,0.0,0.0,0.0,0.000,0.000,164001,82786,58.1,64.0,65.4,83.0,0.870,20.679,20.671,20.687,21.209,9.514,9.538,8.682,18.226,3.000,11.687,7.717,7.750,100.000,140.000,2175.0,2150.2,1875.0,2175.0,1890.0,0.0,0.0,0.0,0.0,11.3,0.0,0.0,0.0,0.0,0.0,Yes,No,No,No,No,Yes,No,0,0,0,0,0,0,0,0,0,0,0,0,0,0,0,0,0,0,0,0,0,0,0,0,0,0,0,0,0,0,7265,923,689,74,16.0,64,0.300,44.339,600.0,2194.0,0.2,0.0,0.0,0.0,0.0,0.0,0.0,0.0,0.8,127,16065,127,No,No,No,No,No,No,No,No,16.747,68.277,100.0,0.000,24.1,0,0,0,0.0,1.0,1.0,1.0,1.0,1.0,1.0,1.0,1.0,1.0,1.0,1.0,1.0,1008.11,1008.11,1008.11,1008.11,1008.11,1008.11,0.39,1007.79,1007.44,0.66,279.86,647,7,0.0,0.0,0,0,0.0,0.0,0,
9.6.2026,13:32:32.894,20497,28270,42.0,17001,15383,52.4,11.3,16384,1859,0.872,0.875,0.872,0.870,0.871,0.871,0.873,0.864,0.868,0.869,0.872,0.879,0.879,0.870,0.871,0.808,0.781,2771.8,3092.4,3092.4,3092.4,3092.4,3092.4,3092.4,2493.9,2593.7,2493.9,2493.9,2593.7,2593.7,2493.9,2493.9,99.8,2493.9,2858.8,3102.1,3102.4,3102.2,3104.3,3100.4,3105.3,3094.3,3097.4,3102.2,3105.0,3105.7,3105.9,2481.4,2490.0,2496.0,2499.8,2495.2,2495.3,2495.2,2496.1,2949.7,100.0,100.0,100.0,99.9,100.0,100.0,100.0,99.9,100.0,99.9,100.0,100.0,100.0,100.0,100.0,100.0,99.9,100.0,100.0,100.0,100.0,100.0,100.0,100.0,123.7,118.1,118.1,118.0,118.1,118.1,118.1,117.7,117.8,118.0,118.1,118.1,118.1,132.4,132.3,132.4,132.3,132.0,132.0,132.0,132.0,123.7,27.8,31.0,31.0,31.0,31.0,31.0,31.0,25.0,26.0,25.0,25.0,26.0,26.0,25.0,25.0,25.0,67,70,67,68,66,66,67,67,68,67,67,66,66,66,66,33,30,33,32,34,34,33,33,32,33,33,34,34,34,34,76,70,No,No,No,No,No,No,No,No,No,No,No,No,No,No,No,No,No,No,No,No,No,No,No,No,No,No,No,No,No,No,Yes,Yes,Yes,Yes,Yes,Yes,Yes,Yes,Yes,Yes,Yes,Yes,Yes,Yes,Yes,No,No,Yes,74,69,64,1.100,43.876,42.631,35.421,0.002,5.583,0.731,175.0,175.0,175.0,175.0,0,0.0,99.6,99.7,99.7,99.7,99.8,99.6,99.8,99.7,99.8,99.7,99.8,99.8,99.8,98.8,99.2,99.4,99.6,99.7,99.7,99.7,99.7,0.0,0.0,0.0,0.0,0.0,0.0,0.0,0.0,0.0,0.0,0.1,0.0,0.0,0.0,0.0,0.0,0.0,0.0,0.0,0.0,0.0,0.0,0.0,0.0,0.0,0.0,0.0,0.0,0.0,0.0,0.0,0.0,0.0,0.0,0.0,0.0,0.0,2194.6,22.00,32,32,32,62,103,351,2,2,Yes,No,No,No,No,No,No,No,Yes,No,No,No,No,Yes,No,No,No,No,No,No,No,Yes,No,No,No,No,No,No,No,No,No,No,No,No,No,No,No,No,83.0,4320,2460,4080,68.5,1.110,1.110,1.815,1.800,0.990,5.110,1.250,No,No,No,68.8,1.110,1.110,1.800,1.800,0.990,5.110,1.250,No,No,No,41,41,94.0,100.0,No,No,32155,47955,36,70,99.0,100.0,No,No,1844,3246,0.0,0.8,0.8,0.000,0.018,63617,48902,0.0,0.0,0.0,0.000,0.000,164001,82786,58.1,64.0,65.4,83.0,0.870,20.694,20.682,20.705,21.196,9.517,9.551,8.666,18.241,3.000,11.685,7.722,7.755,100.000,140.000,2175.0,2150.2,1875.0,2175.0,1890.0,0.0,0.0,0.0,0.0,11.3,0.0,0.0,0.0,0.0,0.0,Yes,No,No,No,No,Yes,No,0,0,0,0,0,0,0,0,0,0,0,0,0,0,0,0,0,0,0,0,0,0,0,0,0,0,0,0,0,0,7265,923,689,74,16.0,64,0.300,43.286,600.0,2194.0,0.2,0.0,0.0,0.0,0.0,0.0,0.0,0.0,0.8,127,16065,127,No,No,No,No,No,No,No,No,16.748,68.277,100.0,0.000,24.1,0,0,0,0.0,1.0,1.0,1.0,1.0,1.0,1.0,1.0,1.0,1.0,1.0,1.0,1.0,1008.11,1008.11,1008.11,1008.11,1008.11,1008.11,0.39,1007.79,1007.44,0.66,279.86,647,7,0.0,0.0,0,0,0.0,0.0,0,
9.6.2026,13:32:34.891,20496,28272,42.0,17004,15379,52.5,11.3,16384,1859,0.869,0.866,0.870,0.868,0.874,0.872,0.871,0.876,0.872,0.873,0.872,0.848,0.861,0.872,0.866,0.808,0.778,2650.7,3092.4,3092.4,3092.4,3092.4,3092.4,3092.4,2493.9,2493.9,2493.9,2493.9,1097.3,2493.9,2493.9,2493.9,99.8,2493.9,2882.5,3126.8,3126.0,3125.7,3120.7,3127.0,3130.9,3125.5,3124.1,3126.1,3130.2,3131.3,3131.2,2499.7,2508.3,2514.8,2524.7,2517.8,2519.7,2518.4,2520.3,2973.3,99.9,99.9,99.9,99.8,99.6,100.0,99.9,99.9,99.9,99.8,99.9,100.0,100.0,99.8,99.8,99.8,99.9,99.9,99.9,99.9,99.9,100.0,99.9,100.0,124.7,119.0,119.0,118.9,118.7,119.1,119.1,118.9,118.8,118.9,119.0,119.1,119.1,133.4,133.4,133.4,133.6,133.2,133.3,133.2,133.3,124.7,26.6,31.0,31.0,31.0,31.0,31.0,31.0,25.0,25.0,25.0,25.0,11.0,25.0,25.0,25.0,25.0,67,69,67,69,64,68,67,67,67,68,67,65,65,65,65,33,31,33,31,36,32,33,33,33,32,33,35,35,35,35,76,69,No,No,No,No,No,No,No,No,No,No,No,No,No,No,No,No,No,No,No,No,No,No,No,No,No,No,No,No,No,No,Yes,Yes,Yes,Yes,Yes,Yes,Yes,Yes,Yes,Yes,Yes,Yes,Yes,Yes,Yes,No,No,Yes,75,68,64,1.100,43.876,45.572,38.580,0.001,5.432,0.674,175.0,175.0,175.0,175.0,0,0.0,99.6,99.6,99.6,99.6,99.4,99.6,99.8,99.8,99.7,99.6,99.7,99.8,99.8,98.7,99.0,99.2,99.6,99.6,99.7,99.6,99.7,0.1,0.0,0.0,0.0,0.0,0.0,0.0,0.2,0.2,0.2,0.1,0.1,0.0,0.1,0.1,0.0,0.0,0.0,0.0,0.0,0.0,0.0,0.0,0.0,0.0,0.0,0.0,0.0,0.0,0.0,0.0,0.0,0.0,0.0,0.0,0.0,0.0,2394.1,24.00,36,35,35,68,103,383,2,2,Yes,No,No,No,No,No,No,No,Yes,No,No,No,No,Yes,No,No,No,No,No,No,No,Yes,No,No,No,No,No,No,No,No,No,No,No,No,No,No,No,No,84.0,4380,2460,4140,68.5,1.110,1.110,1.800,1.815,0.990,5.110,1.250,No,No,No,68.8,1.110,1.110,1.800,1.800,0.990,5.110,1.000,No,No,No,41,41,94.0,100.0,No,No,32155,47955,36,70,99.0,100.0,No,No,1844,3246,0.3,1.0,1.3,0.057,0.065,63617,48902,0.0,0.0,0.0,0.000,0.000,164001,82786,58.1,64.0,65.5,83.0,0.870,20.681,20.673,20.689,21.240,9.514,9.556,8.662,18.227,3.000,11.677,7.721,7.755,100.000,140.000,2175.0,2150.2,1875.0,2175.0,1890.0,0.0,0.0,0.0,0.0,11.3,0.0,0.0,0.0,0.0,0.0,Yes,No,No,No,No,Yes,No,0,0,0,0,0,0,0,0,0,0,0,0,0,0,0,0,0,0,0,0,0,0,0,0,0,0,0,0,0,0,7265,923,689,74,16.0,64,0.300,44.945,600.0,2394.0,0.2,0.0,0.0,0.0,0.0,0.0,0.0,0.0,0.8,127,16065,127,No,No,No,No,No,No,No,No,16.747,68.277,100.0,0.000,24.1,0,0,0,0.0,1.0,1.0,1.0,1.0,1.0,1.0,1.0,1.0,1.0,1.0,1.0,1.0,1008.11,1008.11,1008.11,1008.11,1008.11,1008.11,0.39,1007.79,1007.44,0.66,279.86,647,7,0.3,0.2,0,0,0.0,0.0,0,
9.6.2026,13:32:36.903,20501,28266,42.0,17013,15371,52.5,11.3,16384,1859,0.869,0.871,0.867,0.872,0.877,0.867,0.865,0.872,0.873,0.863,0.872,0.868,0.869,0.868,0.869,0.808,0.783,2650.7,3092.4,3092.4,3092.4,3092.4,3092.4,3092.4,2493.9,2493.9,1097.3,2493.9,2493.9,2493.9,2493.9,2493.9,99.8,2493.9,2868.8,3111.0,3099.4,3111.1,3114.8,3107.9,3113.3,3109.7,3109.2,3112.4,3105.3,3115.9,3114.7,2488.7,2497.9,2509.1,2511.7,2510.1,2512.0,2510.0,2512.2,2958.3,99.9,99.9,99.6,99.8,100.0,99.9,99.9,100.0,99.9,99.9,99.7,100.0,100.0,99.9,99.9,99.9,99.9,99.9,100.0,99.9,100.0,100.0,99.9,100.0,124.1,118.4,117.9,118.3,118.4,118.3,118.4,118.3,118.3,118.3,118.1,118.5,118.4,132.9,133.0,133.0,133.0,132.8,132.9,132.8,132.9,124.2,26.6,31.0,31.0,31.0,31.0,31.0,31.0,25.0,25.0,11.0,25.0,25.0,25.0,25.0,25.0,25.0,67,69,67,68,64,66,68,67,67,67,67,66,66,66,66,33,31,33,32,36,34,32,33,33,33,33,34,34,34,34,76,69,No,No,No,No,No,No,No,No,No,No,No,No,No,No,No,No,No,No,No,No,No,No,No,No,No,No,No,No,No,No,Yes,Yes,Yes,Yes,Yes,Yes,Yes,Yes,Yes,Yes,Yes,Yes,Yes,Yes,Yes,No,No,Yes,76,69,64,1.100,43.876,44.928,38.135,0.002,5.305,0.613,175.0,175.0,175.0,175.0,0,0.0,99.6,99.7,99.3,99.7,99.8,99.6,99.8,99.8,99.8,99.7,99.5,99.8,99.8,98.7,99.0,99.5,99.6,99.7,99.7,99.6,99.7,0.0,0.0,0.0,0.0,0.0,0.0,0.0,0.1,0.1,0.0,0.1,0.1,0.0,0.1,0.0,0.0,0.0,0.0,0.0,0.0,0.0,0.0,0.0,0.0,0.0,0.0,0.0,0.0,0.0,0.0,0.0,0.0,0.0,0.0,0.0,0.0,0.0,2194.6,22.00,32,32,32,62,103,351,2,2,Yes,No,No,No,No,No,No,No,Yes,No,No,No,No,Yes,No,No,No,No,No,No,No,Yes,No,No,No,No,No,No,No,No,No,No,No,No,No,No,No,No,84.0,4380,2460,4140,68.5,1.110,1.110,1.800,1.815,0.990,5.110,1.375,No,No,No,68.8,1.110,1.110,1.800,1.815,1.005,5.110,1.375,No,No,No,41,41,94.0,100.0,No,No,32155,47955,36,70,99.0,100.0,No,No,1844,3246,0.0,0.8,0.8,0.000,0.027,63617,48903,0.0,0.0,0.0,0.000,0.000,164001,82786,58.1,62.0,65.4,83.0,0.870,20.677,20.669,20.685,21.259,9.510,9.542,8.660,18.224,3.000,11.680,7.717,7.750,100.000,140.000,2175.0,2150.2,1875.0,2175.0,1890.0,0.0,0.0,0.0,0.0,11.3,0.0,0.0,0.0,0.0,0.0,Yes,No,No,No,No,Yes,No,0,0,0,0,0,0,0,0,0,0,0,0,0,0,0,0,0,0,0,0,0,0,0,0,0,0,0,0,0,0,7265,923,689,74,16.0,64,0.300,46.336,600.0,2194.0,0.2,0.0,0.0,0.0,0.0,0.0,0.0,0.0,0.8,127,16065,127,No,No,No,No,No,No,No,No,16.747,68.277,100.0,0.000,24.1,0,0,0,0.0,4.8,4.8,4.8,4.8,4.8,4.8,4.9,4.9,4.9,4.9,4.9,4.9,207.05,207.05,207.05,207.05,207.05,207.05,0.38,206.67,207.05,0.00,594.66,647,7,0.1,0.0,0,0,0.0,0.0,0,
9.6.2026,13:32:38.914,20479,28288,41.9,16996,15388,52.4,11.3,16384,1859,0.872,0.872,0.868,0.874,0.874,0.872,0.867,0.881,0.867,0.868,0.865,0.868,0.872,0.874,0.886,0.808,0.781,2750.4,3092.4,3092.4,3092.4,3092.4,3092.4,3092.4,2493.9,2493.9,2493.9,2493.9,2493.9,2493.9,2493.9,2493.9,99.8,2493.9,2843.1,3082.9,3082.2,3085.3,3085.7,3082.2,3086.7,3083.6,3084.1,3085.4,3085.8,3086.0,3085.8,2462.8,2472.2,2480.1,2485.7,2485.8,2485.8,2486.3,2486.5,2932.3,100.0,100.0,100.0,100.0,100.0,100.0,100.0,100.0,100.0,100.0,100.0,100.0,100.0,100.0,100.0,100.0,100.0,100.0,100.0,100.0,100.0,100.0,100.0,100.0,123.0,117.3,117.3,117.4,117.4,117.4,117.4,117.3,117.3,117.4,117.4,117.4,117.4,131.5,131.6,131.5,131.6,131.5,131.5,131.5,131.5,123.0,27.6,31.0,31.0,31.0,31.0,31.0,31.0,25.0,25.0,25.0,25.0,25.0,25.0,25.0,25.0,25.0,66,68,67,68,63,66,67,67,68,67,66,65,66,66,65,34,32,33,32,37,34,33,33,32,33,34,35,34,34,35,76,68,No,No,No,No,No,No,No,No,No,No,No,No,No,No,No,No,No,No,No,No,No,No,No,No,No,No,No,No,No,No,Yes,Yes,Yes,Yes,Yes,Yes,Yes,Yes,Yes,Yes,Yes,Yes,Yes,Yes,Yes,No,No,Yes,76,68,64,1.100,43.032,44.670,37.404,0.001,5.621,0.751,175.0,175.0,175.0,175.0,0,0.0,99.7,99.7,99.7,99.8,99.8,99.7,99.8,99.8,99.8,99.8,99.8,99.8,99.8,98.8,99.1,99.4,99.7,99.7,99.7,99.7,99.7,0.0,0.0,0.0,0.0,0.0,0.0,0.0,0.0,0.0,0.0,0.0,0.0,0.0,0.0,0.0,0.0,0.0,0.0,0.0,0.0,0.0,0.0,0.0,0.0,0.0,0.0,0.0,0.0,0.0,0.0,0.0,0.0,0.0,0.0,0.0,0.0,0.0,2394.1,24.00,36,35,35,68,103,383,2,2,Yes,No,No,No,No,No,No,No,Yes,No,No,No,No,Yes,No,No,No,No,No,No,No,Yes,No,No,No,No,No,No,No,No,No,No,No,No,No,No,No,No,84.0,4320,2460,4080,68.5,1.110,1.110,1.800,1.815,1.005,5.110,1.625,No,No,No,68.8,1.110,1.110,1.800,1.815,1.005,5.110,2.375,No,No,No,41,41,94.0,100.0,No,No,32155,47955,36,70,99.0,100.0,No,No,1844,3246,0.2,1.4,1.6,0.081,0.029,63617,48903,0.0,0.0,0.0,0.000,0.000,164001,82786,58.1,64.0,65.4,83.0,0.870,20.682,20.672,20.691,21.248,9.513,9.544,8.662,18.229,3.000,11.681,7.721,7.756,100.000,140.000,2175.0,2150.2,1875.0,2175.0,1890.0,0.0,0.0,0.0,0.0,11.3,0.0,0.0,0.0,0.0,0.0,Yes,No,No,No,No,Yes,No,0,0,0,0,0,0,0,0,0,0,0,0,0,0,0,0,0,0,0,0,0,0,0,0,0,0,0,0,0,0,7265,923,689,74,16.0,65,0.300,45.437,600.0,2394.0,0.2,0.0,0.0,0.0,0.0,0.0,0.0,0.0,0.8,127,16065,127,No,No,No,No,No,No,No,No,16.746,68.277,100.0,0.000,24.1,0,0,0,0.0,4.8,4.8,4.8,4.8,4.8,4.8,4.9,4.9,4.9,4.9,4.9,4.9,207.05,207.05,207.05,207.05,207.05,207.05,0.38,206.67,207.05,0.00,594.66,647,7,0.0,0.0,0,0,0.0,0.0,0,
9.6.2026,13:32:40.911,20480,28288,41.9,16996,15388,52.4,11.3,16384,1859,0.873,0.874,0.870,0.858,0.867,0.866,0.886,0.878,0.874,0.874,0.880,0.874,0.864,0.878,0.874,0.808,0.783,2764.7,3092.4,3092.4,3092.4,3092.4,3092.4,3192.2,2593.7,2493.9,2493.9,2493.9,2493.9,2493.9,2493.9,2493.9,99.8,2493.9,2870.5,3117.7,3118.0,3119.0,3120.1,3115.0,3118.9,3099.4,3100.1,3119.5,3119.0,3120.1,3120.2,2495.6,2507.0,2506.6,2513.3,2499.9,2500.2,2499.8,2500.1,2963.1,100.0,100.0,100.0,99.9,100.0,100.0,100.0,99.9,100.0,100.0,100.0,100.0,100.0,100.0,100.0,100.0,100.0,100.0,100.0,100.0,100.0,100.0,100.0,100.0,124.2,118.7,118.7,118.6,118.7,118.7,118.6,117.9,117.9,118.7,118.6,118.7,118.7,133.0,133.0,133.0,133.0,132.3,132.3,132.3,132.3,124.2,27.7,31.0,31.0,31.0,31.0,31.0,32.0,26.0,25.0,25.0,25.0,25.0,25.0,25.0,25.0,25.0,67,68,67,69,66,68,68,68,68,68,68,65,65,65,65,33,32,33,31,34,32,32,32,32,32,32,35,35,35,35,76,69,No,No,No,No,No,No,No,No,No,No,No,No,No,No,No,No,No,No,No,No,No,No,No,No,No,No,No,No,No,No,Yes,Yes,Yes,Yes,Yes,Yes,Yes,Yes,Yes,Yes,Yes,Yes,Yes,Yes,Yes,No,No,Yes,76,69,65,1.100,43.032,45.695,38.367,0.002,5.661,0.774,175.0,175.0,175.0,175.0,0,0.0,99.7,99.7,99.7,99.7,99.8,99.6,99.8,99.7,99.8,99.8,99.8,99.8,99.8,98.9,99.4,99.4,99.6,99.7,99.7,99.7,99.7,0.0,0.0,0.0,0.0,0.0,0.0,0.0,0.0,0.0,0.0,0.0,0.0,0.0,0.0,0.0,0.0,0.0,0.0,0.0,0.0,0.0,0.0,0.0,0.0,0.0,0.0,0.0,0.0,0.0,0.0,0.0,0.0,0.0,0.0,0.0,0.0,0.0,2394.1,24.00,36,35,35,68,103,383,2,2,Yes,No,No,No,No,No,No,No,Yes,No,No,No,No,Yes,No,No,No,No,No,No,No,Yes,No,No,No,No,No,No,No,No,No,No,No,No,No,No,No,No,84.0,4260,2460,4080,68.5,1.110,1.110,1.800,1.815,1.005,5.110,0.750,No,No,No,68.8,1.095,1.110,1.800,1.815,1.005,5.110,1.125,No,No,No,41,41,94.0,100.0,No,No,32155,47955,36,70,99.0,100.0,No,No,1844,3246,0.0,0.7,0.7,0.000,0.017,63617,48903,0.0,0.0,0.0,0.000,0.000,164001,82786,58.1,64.0,65.4,83.0,0.870,20.678,20.669,20.686,21.260,9.537,9.609,8.681,18.307,3.000,11.693,7.718,7.750,100.000,140.000,2175.0,2150.2,1875.0,2175.0,1890.0,0.0,0.0,0.0,0.0,11.3,0.0,0.0,0.0,0.0,0.0,Yes,No,No,No,No,Yes,No,0,0,0,0,0,0,0,0,0,0,0,0,0,0,0,0,0,0,0,0,0,0,0,0,0,0,0,0,0,0,7265,923,689,74,16.0,65,0.300,42.485,600.0,2394.0,0.2,0.0,0.0,0.0,0.0,0.0,0.0,0.0,0.8,127,16065,127,No,No,No,No,No,No,No,No,16.746,68.277,100.0,0.000,24.1,0,0,0,0.0,1.0,1.0,1.0,1.0,1.0,1.0,1.0,1.0,1.0,1.0,1.0,1.0,1005.92,1005.92,1005.92,1005.92,1005.92,1005.92,0.49,1005.44,1005.92,0.00,806.66,647,7,0.5,0.1,0,0,0.0,0.0,0,
9.6.2026,13:32:42.907,20480,28287,41.9,16999,15384,52.4,11.3,16384,1859,0.869,0.872,0.866,0.867,0.862,0.861,0.870,0.870,0.862,0.868,0.874,0.870,0.885,0.870,0.870,0.808,0.781,2764.7,3092.4,3092.4,3092.4,3092.4,3092.4,3092.4,2493.9,2493.9,2593.7,2593.7,2493.9,2493.9,2493.9,2493.9,99.8,2493.9,2878.8,3123.8,3122.3,3128.8,3126.8,3124.5,3127.9,3110.5,3112.4,3129.4,3126.0,3129.4,3128.9,2500.4,2505.4,2522.4,2525.4,2508.1,2507.8,2507.9,2507.7,2971.5,100.0,99.9,99.9,100.0,99.9,100.0,100.0,99.9,100.0,100.0,99.9,100.0,100.0,99.9,99.9,99.9,100.0,100.0,99.9,99.9,99.9,100.0,100.0,100.0,124.5,118.9,118.8,119.0,118.9,119.0,118.9,118.3,118.4,119.0,118.8,119.0,119.0,133.6,133.6,133.6,133.6,132.7,132.6,132.6,132.6,124.5,27.7,31.0,31.0,31.0,31.0,31.0,31.0,25.0,25.0,26.0,26.0,25.0,25.0,25.0,25.0,25.0,67,69,67,68,66,68,68,66,67,67,66,65,64,66,66,33,31,33,32,34,32,32,34,33,33,34,35,36,34,34,76,69,No,No,No,No,No,No,No,No,No,No,No,No,No,No,No,No,No,No,No,No,No,No,No,No,No,No,No,No,No,No,Yes,Yes,Yes,Yes,Yes,Yes,Yes,Yes,Yes,Yes,Yes,Yes,Yes,Yes,Yes,No,No,Yes,75,69,64,1.100,43.032,43.688,36.525,0.002,5.541,0.728,175.0,175.0,175.0,175.0,0,0.0,99.6,99.7,99.6,99.8,99.7,99.7,99.8,99.7,99.8,99.8,99.7,99.8,99.8,98.7,98.9,99.6,99.7,99.7,99.7,99.7,99.7,0.0,0.0,0.0,0.0,0.0,0.0,0.0,0.0,0.1,0.0,0.0,0.0,0.1,0.0,0.1,0.0,0.0,0.0,0.0,0.0,0.0,0.0,0.0,0.0,0.0,0.0,0.0,0.0,0.0,0.0,0.0,0.0,0.0,0.0,0.0,0.0,0.0,2194.6,22.00,32,32,32,62,103,351,2,2,Yes,No,No,No,No,No,No,No,Yes,No,No,No,No,Yes,No,No,No,No,No,No,No,Yes,No,No,No,No,No,No,No,No,No,No,No,No,No,No,No,No,84.0,4200,2460,4080,68.5,1.110,1.110,1.800,1.815,1.005,5.110,1.750,No,No,No,68.8,1.110,1.110,1.800,1.815,1.005,5.110,1.125,No,No,No,41,41,94.0,100.0,No,No,32155,47955,36,70,99.0,100.0,No,No,1844,3246,0.0,2.2,2.2,0.004,0.114,63617,48903,0.0,0.0,0.0,0.000,0.000,164001,82786,58.1,62.0,65.5,83.0,0.870,20.686,20.676,20.697,21.261,9.521,9.556,8.684,18.255,3.000,11.688,7.716,7.749,100.000,140.000,2175.0,2150.2,1875.0,2175.0,1890.0,0.0,0.0,0.0,0.0,11.3,0.0,0.0,0.0,0.0,0.0,Yes,No,No,No,No,Yes,No,0,0,0,0,0,0,0,0,0,0,0,0,0,0,0,0,0,0,0,0,0,0,0,0,0,0,0,0,0,0,7265,923,689,74,16.0,65,0.300,46.224,600.0,2194.0,0.2,0.0,0.0,0.0,0.0,0.0,0.0,0.0,0.8,127,16065,127,No,No,No,No,No,No,No,No,16.746,68.277,100.0,0.000,24.1,0,0,0,0.0,1.0,1.0,1.0,1.0,1.0,1.0,1.0,1.0,1.0,1.0,1.0,1.0,1005.92,1005.92,1005.92,1005.92,1005.92,1005.92,0.49,1005.44,1005.92,0.00,806.66,647,7,0.0,0.0,0,0,0.0,0.0,0,
9.6.2026,13:32:44.906,20479,28289,41.9,16999,15384,52.4,11.3,16384,1859,0.874,0.868,0.867,0.878,0.867,0.870,0.893,0.871,0.871,0.871,0.876,0.876,0.876,0.881,0.872,0.808,0.778,2750.4,3092.4,3092.4,3092.4,3092.4,3092.4,3092.4,2493.9,2493.9,2493.9,2493.9,2493.9,2493.9,2493.9,2493.9,99.8,2493.9,2884.3,3125.6,3121.9,3122.7,3131.6,3131.8,3138.7,3109.4,3121.5,3131.2,3107.0,3137.5,3140.1,2509.3,2518.1,2524.1,2527.1,2520.2,2525.2,2520.6,2522.4,2974.8,99.7,99.6,99.5,99.4,99.7,99.8,99.9,99.5,99.9,99.7,99.0,99.9,100.0,99.7,99.7,99.8,99.7,99.7,99.9,99.7,99.8,100.0,99.7,100.0,124.8,118.9,118.8,118.8,119.1,119.3,119.4,118.3,118.8,119.1,118.2,119.4,119.5,133.8,133.9,133.9,133.8,133.4,133.6,133.3,133.5,124.8,27.6,31.0,31.0,31.0,31.0,31.0,31.0,25.0,25.0,25.0,25.0,25.0,25.0,25.0,25.0,25.0,67,69,67,68,64,68,67,67,68,67,68,66,66,66,65,33,31,33,32,36,32,33,33,32,33,32,34,34,34,35,76,69,No,No,No,No,No,No,No,No,No,No,No,No,No,No,No,No,No,No,No,No,No,No,No,No,No,No,No,No,No,No,Yes,Yes,Yes,Yes,Yes,Yes,Yes,Yes,Yes,Yes,Yes,Yes,Yes,Yes,Yes,No,No,Yes,76,69,64,1.100,43.032,43.942,36.963,0.001,5.418,0.675,175.0,175.0,175.0,175.0,0,0.0,99.4,99.3,99.2,99.3,99.5,99.5,99.7,99.3,99.7,99.5,98.8,99.7,99.8,98.7,99.0,99.3,99.4,99.4,99.6,99.5,99.5,0.1,0.0,0.0,0.0,0.0,0.0,0.0,0.3,0.2,0.2,0.3,0.3,0.1,0.3,0.2,0.0,0.0,0.0,0.0,0.0,0.0,0.0,0.0,0.0,0.0,0.0,0.0,0.0,0.0,0.0,0.0,0.0,0.0,0.0,0.0,0.0,0.0,2394.1,24.00,36,35,35,68,103,383,2,2,Yes,No,No,No,No,No,No,No,Yes,No,No,No,No,Yes,No,No,No,No,No,No,No,Yes,No,No,No,No,No,No,No,No,No,No,No,No,No,No,No,No,84.0,4200,2460,4080,68.5,1.110,1.110,1.800,1.815,1.005,5.110,1.250,No,No,No,68.8,1.110,1.110,1.800,1.815,1.005,5.110,1.375,No,No,No,41,41,94.0,100.0,No,No,32155,47955,36,70,99.0,100.0,No,No,1844,3246,0.0,0.9,0.9,0.000,0.047,63617,48903,0.0,0.0,0.0,0.000,0.000,164001,82786,58.1,64.0,65.5,83.0,0.870,20.680,20.671,20.689,21.249,9.519,9.556,8.661,18.248,3.000,11.678,7.727,7.760,100.000,140.000,2175.0,2150.2,1875.0,2175.0,1890.0,0.0,0.0,0.0,0.0,11.3,0.0,0.1,0.0,0.0,0.0,Yes,No,No,No,No,Yes,No,0,0,0,0,0,0,0,0,0,0,0,0,0,0,0,0,0,0,0,0,0,0,0,0,0,0,0,0,0,0,7265,923,689,74,16.0,64,0.300,42.718,550.0,2394.0,0.1,0.0,0.0,0.0,0.0,0.0,0.0,0.0,0.8,127,16065,127,No,No,No,No,No,No,No,No,16.746,68.277,100.0,0.000,24.1,0,0,0,0.0,1.0,1.0,1.0,1.0,1.0,1.0,1.0,1.0,1.0,1.0,1.0,1.0,1005.92,1005.92,1005.92,1005.92,1005.92,1005.92,0.49,1005.44,1005.92,0.00,806.66,647,7,0.0,0.0,0,0,0.0,0.0,0,
9.6.2026,13:32:46.934,20479,28288,41.9,16997,15387,52.4,11.3,16384,1859,0.868,0.873,0.872,0.879,0.864,0.869,0.864,0.871,0.871,0.871,0.866,0.866,0.856,0.865,0.872,0.808,0.778,2650.7,3092.4,3092.4,3092.4,3092.4,3092.4,3092.4,2493.9,2493.9,2493.9,2493.9,2493.9,1097.3,2493.9,2493.9,99.8,2493.9,2860.3,3101.4,3095.0,3090.4,3107.1,3104.0,3107.6,3098.3,3095.9,3092.1,3094.0,3111.0,3110.4,2485.7,2492.0,2501.4,2506.9,2504.4,2503.5,2502.1,2503.8,2949.6,99.8,99.8,99.6,99.4,99.9,99.9,99.9,100.0,99.9,99.5,99.5,100.0,100.0,99.7,99.8,99.8,99.9,99.9,99.9,99.8,99.9,100.0,99.8,100.0,123.8,118.0,117.8,117.5,118.2,118.2,118.2,117.8,117.8,117.6,117.7,118.3,118.3,132.3,132.5,132.5,132.7,132.5,132.5,132.4,132.4,123.8,26.6,31.0,31.0,31.0,31.0,31.0,31.0,25.0,25.0,25.0,25.0,25.0,11.0,25.0,25.0,25.0,67,69,68,68,66,67,67,67,67,67,67,66,66,65,66,33,31,32,32,34,33,33,33,33,33,33,34,34,35,34,76,69,No,No,No,No,No,No,No,No,No,No,No,No,No,No,No,No,No,No,No,No,No,No,No,No,No,No,No,No,No,No,Yes,Yes,Yes,Yes,Yes,Yes,Yes,Yes,Yes,Yes,Yes,Yes,Yes,Yes,Yes,No,No,Yes,76,70,63,1.100,29.532,44.608,37.630,0.001,5.508,0.690,175.0,175.0,175.0,175.0,0,0.0,99.5,99.6,99.4,99.2,99.7,99.6,99.7,99.8,99.7,99.3,99.3,99.8,99.8,98.8,99.1,99.4,99.6,99.6,99.6,99.6,99.6,0.1,0.0,0.0,0.0,0.0,0.0,0.0,0.3,0.2,0.2,0.1,0.1,0.1,0.2,0.1,0.0,0.0,0.0,0.0,0.0,0.0,0.0,0.0,0.0,0.0,0.0,0.0,0.0,0.0,0.0,0.0,0.0,0.0,0.0,0.0,0.0,0.0,2394.1,24.00,36,35,35,68,103,383,2,2,Yes,No,No,No,No,No,No,No,Yes,No,No,No,No,Yes,No,No,No,No,No,No,No,Yes,No,No,No,No,No,No,No,No,No,No,No,No,No,No,No,No,84.0,4200,2460,4080,68.5,1.110,1.110,1.800,1.815,1.005,5.110,2.500,No,No,No,68.8,1.110,1.110,1.800,1.815,1.005,5.110,2.250,No,No,No,41,41,94.0,100.0,No,No,32155,47955,36,70,99.0,100.0,No,No,1844,3246,0.0,1.3,1.3,0.000,0.028,63617,48903,0.0,0.0,0.0,0.000,0.000,164001,82786,58.1,62.0,65.5,83.0,0.870,20.684,20.674,20.693,21.216,9.498,9.502,8.663,18.168,3.000,11.664,7.727,7.761,100.000,140.000,2175.0,2150.2,1875.0,2175.0,1890.0,0.0,0.0,0.0,0.0,11.3,0.0,0.0,0.0,0.0,0.0,Yes,No,No,No,No,Yes,No,0,0,0,0,0,0,0,0,0,0,0,0,0,0,0,0,0,0,0,0,0,0,0,0,0,0,0,0,0,0,7265,923,689,74,16.0,63,0.300,45.759,600.0,2394.0,0.1,0.0,0.0,0.0,0.0,0.0,0.0,0.0,0.8,127,16065,127,No,No,No,No,No,No,No,No,16.747,68.277,100.0,0.000,24.1,0,0,0,0.0,1.4,1.4,1.4,1.4,1.4,1.4,1.4,1.4,1.4,1.4,1.4,1.4,711.89,711.89,711.89,711.89,711.89,711.89,0.41,711.48,711.89,0.00,412.64,647,7,0.1,0.0,0,0,0.0,0.0,0,
9.6.2026,13:32:48.933,20476,28292,41.9,16995,15388,52.4,11.3,16384,1859,0.882,0.873,0.877,0.881,0.878,0.873,0.873,0.887,0.871,0.874,0.874,0.897,0.898,0.911,0.886,0.808,0.783,2786.0,3092.4,3092.4,3192.2,3192.2,3192.2,3092.4,2593.7,2493.9,2493.9,2493.9,2493.9,2493.9,2493.9,2593.7,99.8,2493.9,2854.6,3094.4,3094.1,3096.0,3097.1,3092.9,3097.7,3090.9,3090.7,3099.4,3099.4,3100.2,3100.4,2480.9,2489.2,2494.8,2499.2,2493.1,2493.0,2493.1,2494.5,2944.8,100.0,100.0,100.0,100.0,100.0,100.0,100.0,100.0,100.0,100.0,100.0,100.0,100.0,100.0,100.0,100.0,100.0,100.0,100.0,100.0,100.0,100.0,100.0,100.0,123.4,117.8,117.8,117.7,117.8,117.7,117.7,117.5,117.5,117.8,117.7,117.8,117.8,132.0,132.1,132.0,132.1,131.8,131.7,131.7,131.8,123.4,27.9,31.0,31.0,32.0,32.0,32.0,31.0,26.0,25.0,25.0,25.0,25.0,25.0,25.0,26.0,25.0,66,69,67,68,64,67,67,67,68,66,66,65,65,65,66,34,31,33,32,36,33,33,33,32,34,34,35,35,35,34,76,69,No,No,No,No,No,No,No,No,No,No,No,No,No,No,No,No,No,No,No,No,No,No,No,No,No,No,No,No,No,No,Yes,Yes,Yes,Yes,Yes,Yes,Yes,Yes,Yes,Yes,Yes,Yes,Yes,Yes,Yes,No,No,Yes,76,69,64,1.100,43.876,44.576,37.155,0.001,5.652,0.769,175.0,175.0,175.0,175.0,0,0.0,99.7,99.7,99.7,99.8,99.8,99.6,99.8,99.8,99.8,99.8,99.8,99.8,99.8,99.0,99.3,99.5,99.7,99.7,99.7,99.7,99.7,0.0,0.0,0.0,0.0,0.0,0.0,0.0,0.0,0.0,0.0,0.0,0.0,0.0,0.0,0.0,0.0,0.0,0.0,0.0,0.0,0.0,0.0,0.0,0.0,0.0,0.0,0.0,0.0,0.0,0.0,0.0,0.0,0.0,0.0,0.0,0.0,0.0,2194.6,22.00,32,32,32,62,103,351,2,2,Yes,No,No,No,No,No,No,No,Yes,No,No,No,No,Yes,No,No,No,No,No,No,No,Yes,No,No,No,No,No,No,No,No,No,No,No,No,No,No,No,No,83.0,4320,2460,4080,68.8,1.110,1.110,1.800,1.815,1.005,5.110,1.875,No,No,No,68.8,1.110,1.110,1.800,1.815,1.005,5.110,1.375,No,No,No,41,41,94.0,100.0,No,No,32155,47955,36,70,99.0,100.0,No,No,1844,3246,0.0,0.4,0.5,0.032,0.012,63617,48903,0.0,0.0,0.0,0.000,0.000,164001,82786,58.1,64.0,65.4,83.0,0.870,20.686,20.676,20.697,21.244,9.496,9.510,8.642,18.172,3.000,11.657,7.727,7.762,100.000,140.000,2175.0,2150.2,1875.0,2175.0,1890.0,0.0,0.0,0.0,0.0,11.3,0.0,0.0,0.0,0.0,0.0,Yes,No,No,No,No,Yes,No,0,0,0,0,0,0,0,0,0,0,0,0,0,0,0,0,0,0,0,0,0,0,0,0,0,0,0,0,0,0,7265,923,689,74,16.0,64,0.300,42.883,600.0,2194.0,0.2,0.0,0.0,0.0,0.0,0.0,0.0,0.0,0.8,127,16065,127,No,No,No,No,No,No,No,No,16.747,68.277,100.0,0.000,24.1,0,0,0,0.0,1.0,1.0,1.0,1.0,1.0,1.0,1.0,1.0,1.0,1.0,1.0,1.0,1005.24,1005.24,1005.24,1005.24,1005.24,1005.24,0.35,1004.78,1005.24,0.00,806.37,647,7,0.0,0.0,0,0,0.0,0.0,0,
9.6.2026,13:32:50.931,20476,28292,41.9,16998,15386,52.4,11.3,16384,1858,0.873,0.871,0.868,0.871,0.870,0.874,0.876,0.871,0.874,0.862,0.876,0.862,0.878,0.886,0.886,0.808,0.781,2657.8,3092.4,3092.4,3092.4,3092.4,3092.4,3092.4,2493.9,2493.9,1097.3,2593.7,2493.9,2493.9,2493.9,2493.9,99.8,2493.9,2876.8,3124.2,3121.0,3125.9,3124.5,3119.8,3124.4,3112.4,3113.8,3123.9,3123.8,3123.9,3124.6,2499.9,2509.5,2515.5,2521.4,2506.7,2506.6,2507.5,2505.9,2969.3,100.0,100.0,99.9,100.0,99.9,100.0,100.0,99.9,100.0,100.0,100.0,100.0,100.0,100.0,100.0,100.0,100.0,100.0,100.0,100.0,100.0,100.0,100.0,100.0,124.6,118.9,118.8,118.9,118.9,118.9,118.9,118.5,118.5,118.9,118.9,118.9,118.9,133.6,133.6,133.6,133.6,132.7,132.7,132.8,132.7,124.6,26.6,31.0,31.0,31.0,31.0,31.0,31.0,25.0,25.0,11.0,26.0,25.0,25.0,25.0,25.0,25.0,67,69,67,69,64,68,67,66,67,67,67,66,65,65,66,33,31,33,31,36,32,33,34,33,33,33,34,35,35,34,76,69,No,No,No,No,No,No,No,No,No,No,No,No,No,No,No,No,No,No,No,No,No,No,No,No,No,No,No,No,No,No,Yes,Yes,Yes,Yes,Yes,Yes,Yes,Yes,Yes,Yes,Yes,Yes,Yes,Yes,Yes,No,No,Yes,76,69,64,1.100,36.282,42.508,35.282,0.002,5.602,0.735,175.0,175.0,175.0,175.0,0,0.0,99.6,99.7,99.6,99.8,99.7,99.6,99.8,99.7,99.8,99.8,99.8,99.8,99.8,98.8,99.2,99.4,99.7,99.7,99.7,99.7,99.7,0.0,0.0,0.0,0.0,0.0,0.0,0.0,0.0,0.0,0.0,0.0,0.0,0.0,0.0,0.0,0.0,0.0,0.0,0.0,0.0,0.0,0.0,0.0,0.0,0.0,0.0,0.0,0.0,0.0,0.0,0.0,0.0,0.0,0.0,0.0,0.0,0.0,2394.1,24.00,36,35,35,68,103,383,2,2,Yes,No,No,No,No,No,No,No,Yes,No,No,No,No,Yes,No,No,No,No,No,No,No,Yes,No,No,No,No,No,No,No,No,No,No,No,No,No,No,No,No,84.0,4380,2460,4140,68.8,1.110,1.110,1.800,1.815,1.005,5.110,2.250,No,No,No,68.8,1.110,1.110,1.800,1.815,1.005,5.110,1.375,No,No,No,41,41,94.0,100.0,No,No,32155,47955,36,70,99.0,100.0,No,No,1844,3246,0.1,0.8,0.9,0.012,0.093,63617,48903,0.0,0.0,0.0,0.000,0.000,164001,82786,58.1,62.0,65.3,83.0,0.870,20.690,20.680,20.700,21.200,9.510,9.540,8.665,18.216,3.000,11.666,7.727,7.760,100.000,140.000,2175.0,2150.2,1875.0,2175.0,1890.0,0.0,0.0,0.0,0.0,11.3,0.0,0.0,0.0,0.0,0.0,Yes,No,No,No,No,Yes,No,0,0,0,0,0,0,0,0,0,0,0,0,0,0,0,0,0,0,0,0,0,0,0,0,0,0,0,0,0,0,7265,923,689,74,16.0,65,0.300,41.749,600.0,2394.0,0.2,0.0,0.0,0.0,0.0,0.0,0.0,0.0,0.8,127,16065,127,No,No,No,No,No,No,No,No,16.747,68.277,100.0,0.000,24.1,0,0,0,0.0,1.1,1.2,1.0,1.0,1.0,1.0,1.1,1.2,1.0,1.0,1.0,1.0,927.29,1006.70,847.89,846.43,1008.32,1008.32,0.52,926.78,927.29,0.00,500.64,647,7,1.3,0.0,0,0,0.0,0.0,0,
9.6.2026,13:32:52.923,20483,28285,42.0,17006,15378,52.5,11.3,16384,1858,0.873,0.882,0.872,0.883,0.871,0.871,0.869,0.869,0.869,0.870,0.872,0.867,0.887,0.886,0.861,0.818,0.781,2664.9,3192.2,3092.4,3192.2,3092.4,3092.4,3092.4,2493.9,2493.9,2493.9,2493.9,2493.9,2493.9,2493.9,1097.3,99.8,2593.7,2883.9,3125.8,3129.1,3133.3,3129.6,3128.7,3132.5,3120.1,3121.8,3122.7,3133.1,3136.2,3136.5,2496.6,2508.1,2520.0,2529.6,2518.3,2518.9,2519.1,2517.4,2975.2,99.8,99.8,99.9,100.0,99.8,100.0,99.9,99.9,99.9,99.6,99.9,100.0,100.0,99.4,99.7,99.6,99.9,99.9,99.9,99.9,99.8,100.0,99.8,100.0,124.8,119.0,119.1,119.2,119.0,119.1,119.1,118.6,118.7,118.7,119.1,119.2,119.2,133.6,133.9,133.6,133.8,133.2,133.2,133.2,133.1,124.8,26.7,32.0,31.0,32.0,31.0,31.0,31.0,25.0,25.0,25.0,25.0,25.0,25.0,25.0,11.0,26.0,67,69,68,68,64,68,68,68,67,67,67,66,65,65,66,33,31,32,32,36,32,32,32,33,33,33,34,35,35,34,76,69,No,No,No,No,No,No,No,No,No,No,No,No,No,No,No,No,No,No,No,No,No,No,No,No,No,No,No,No,No,No,Yes,Yes,Yes,Yes,Yes,Yes,Yes,Yes,Yes,Yes,Yes,Yes,Yes,Yes,Yes,No,No,Yes,76,69,63,1.100,45.563,44.406,37.342,0.001,5.495,0.681,175.0,175.0,175.0,175.0,0,0.0,99.5,99.5,99.6,99.8,99.6,99.6,99.7,99.7,99.8,99.4,99.8,99.8,99.8,98.3,98.7,99.2,99.5,99.6,99.6,99.6,99.6,0.1,0.0,0.0,0.0,0.0,0.0,0.0,0.2,0.1,0.2,0.1,0.1,0.1,0.1,0.2,0.0,0.0,0.0,0.0,0.0,0.0,0.0,0.0,0.0,0.0,0.0,0.0,0.0,0.0,0.0,0.0,0.0,0.0,0.0,0.0,0.0,0.0,2194.6,22.00,32,32,32,62,103,351,2,2,Yes,No,No,No,No,No,No,No,Yes,No,No,No,No,Yes,No,No,No,No,No,No,No,Yes,No,No,No,No,No,No,No,No,No,No,No,No,No,No,No,No,84.0,4380,2460,4140,68.8,1.095,1.110,1.800,1.815,1.005,5.110,2.000,No,No,No,68.8,1.095,1.110,1.800,1.815,1.005,5.110,2.000,No,No,No,41,41,94.0,100.0,No,No,32155,47955,36,70,99.0,100.0,No,No,1844,3246,0.2,0.4,0.6,0.010,0.008,63617,48903,0.0,0.0,0.0,0.000,0.000,164001,82786,58.1,64.0,65.5,83.0,0.870,20.680,20.671,20.689,21.193,9.483,9.505,8.620,18.144,3.000,11.633,7.723,7.755,100.000,140.000,2175.0,2150.2,1875.0,2175.0,1890.0,0.0,0.0,0.0,0.0,11.3,0.0,0.1,0.0,0.0,0.0,Yes,No,No,No,No,Yes,No,0,0,0,0,0,0,0,0,0,0,0,0,0,0,0,0,0,0,0,0,0,0,0,0,0,0,0,0,0,0,7265,923,689,74,16.0,64,0.300,46.018,550.0,2194.0,0.1,0.0,0.0,0.0,0.0,0.0,0.0,0.0,0.8,127,16065,127,No,No,No,No,No,No,No,No,16.747,68.277,100.0,0.000,24.1,0,0,0,0.0,2.2,18.0,1.0,1.0,1.0,1.0,2.1,25.4,1.0,1.0,1.0,1.0,464.01,993.12,55.54,48.82,1008.29,1008.29,0.38,463.65,464.01,0.00,570.36,647,7,1.0,0.0,0,0,0.0,0.0,0,
9.6.2026,13:32:54.920,20476,28291,41.9,17003,15381,52.5,11.3,16384,1858,0.870,0.873,0.875,0.873,0.863,0.867,0.871,0.872,0.870,0.866,0.873,0.883,0.860,0.862,0.872,0.808,0.778,2743.3,3092.4,3092.4,3092.4,2992.7,3092.4,3092.4,2493.9,2493.9,2493.9,2493.9,2493.9,2493.9,2493.9,2493.9,99.8,2493.9,2833.5,3075.1,3075.5,3078.0,3078.0,3073.1,3077.7,3045.8,3045.2,3078.0,3077.3,3077.1,3077.1,2462.5,2476.4,2474.5,2480.9,2479.7,2479.8,2479.5,2479.3,2922.0,100.0,100.0,100.0,100.0,100.0,100.0,100.0,100.0,100.0,100.0,100.0,100.0,100.0,100.0,100.0,100.0,100.0,100.0,100.0,100.0,100.0,100.0,100.0,100.0,122.6,117.1,117.1,117.1,117.1,117.1,117.1,115.9,115.9,117.1,117.0,117.0,117.0,131.4,131.4,131.4,131.4,131.2,131.2,131.2,131.1,122.6,27.5,31.0,31.0,31.0,30.0,31.0,31.0,25.0,25.0,25.0,25.0,25.0,25.0,25.0,25.0,25.0,66,69,67,68,66,67,67,66,67,67,66,65,65,65,66,34,31,33,32,34,33,33,34,33,33,34,35,35,35,34,76,69,No,No,No,No,No,No,No,No,No,No,No,No,No,No,No,No,No,No,No,No,No,No,No,No,No,No,No,No,No,No,Yes,Yes,Yes,Yes,Yes,Yes,Yes,Yes,Yes,Yes,Yes,Yes,Yes,Yes,Yes,No,No,Yes,75,68,64,1.100,42.188,44.623,37.391,0.002,5.606,0.735,175.0,175.0,175.0,175.0,0,0.0,99.7,99.7,99.7,99.8,99.8,99.7,99.8,99.8,99.8,99.8,99.8,99.8,99.8,98.9,99.4,99.4,99.6,99.7,99.7,99.7,99.7,0.0,0.0,0.0,0.0,0.0,0.0,0.0,0.0,0.0,0.0,0.0,0.0,0.0,0.0,0.0,0.0,0.0,0.0,0.0,0.0,0.0,0.0,0.0,0.0,0.0,0.0,0.0,0.0,0.0,0.0,0.0,0.0,0.0,0.0,0.0,0.0,0.0,2194.6,22.00,32,32,32,62,103,351,2,2,Yes,No,No,No,No,No,No,No,Yes,No,No,No,No,Yes,No,No,No,No,No,No,No,Yes,No,No,No,No,No,No,No,No,No,No,No,No,No,No,No,No,84.0,4380,2460,4140,68.8,1.095,1.110,1.800,1.815,1.005,5.110,1.625,No,No,No,69.0,1.095,1.110,1.800,1.815,1.005,5.110,1.125,No,No,No,41,41,94.0,100.0,No,No,32155,47955,36,70,99.0,100.0,No,No,1844,3246,0.0,1.2,1.2,0.000,0.053,63617,48903,0.0,0.0,0.0,0.000,0.000,164001,82786,58.1,62.0,65.6,83.0,0.870,20.681,20.672,20.691,21.227,9.522,9.574,8.662,18.249,3.000,11.678,7.728,7.760,100.000,140.000,2175.0,2150.2,1875.0,2175.0,1890.0,0.0,0.0,0.0,0.0,11.3,0.0,0.0,0.0,0.0,0.0,Yes,No,No,No,No,Yes,No,0,0,0,0,0,0,0,0,0,0,0,0,0,0,0,0,0,0,0,0,0,0,0,0,0,0,0,0,0,0,7265,923,689,74,16.0,64,0.300,44.729,600.0,2194.0,0.2,0.0,0.0,0.0,0.0,0.0,0.0,0.0,0.8,127,16065,127,No,No,No,No,No,No,No,No,16.747,68.277,100.0,0.000,24.1,0,0,0,0.0,1.0,1.0,1.0,1.0,1.0,1.0,1.0,1.0,1.0,1.0,1.0,1.0,987.48,987.48,987.48,987.48,987.48,987.48,0.42,987.06,987.48,0.00,829.42,647,7,0.2,0.1,0,0,0.0,0.0,0,
9.6.2026,13:32:56.927,20477,28291,41.9,17001,15383,52.4,11.3,16384,1858,0.871,0.864,0.869,0.864,0.871,0.869,0.870,0.866,0.871,0.860,0.870,0.876,0.876,0.876,0.892,0.808,0.781,2750.4,3092.4,3092.4,3092.4,3092.4,3092.4,3092.4,2493.9,2493.9,2493.9,2493.9,2493.9,2493.9,2493.9,2493.9,99.8,2493.9,2859.6,3102.4,3101.9,3105.7,3105.1,3101.0,3105.8,3092.7,3092.8,3105.6,3105.9,3105.5,3105.7,2485.7,2493.6,2499.5,2502.3,2495.0,2495.2,2494.7,2495.8,2950.7,100.0,100.0,100.0,100.0,100.0,100.0,100.0,100.0,100.0,100.0,100.0,100.0,100.0,100.0,100.0,100.0,100.0,100.0,100.0,100.0,100.0,100.0,100.0,100.0,123.7,118.1,118.1,118.1,118.1,118.1,118.1,117.5,117.5,118.1,118.1,118.1,118.1,132.4,132.5,132.5,132.5,132.0,132.0,132.0,132.0,123.7,27.6,31.0,31.0,31.0,31.0,31.0,31.0,25.0,25.0,25.0,25.0,25.0,25.0,25.0,25.0,25.0,67,69,67,69,64,68,68,67,67,68,68,66,66,66,65,33,31,33,31,36,32,32,33,33,32,32,34,34,34,35,76,69,No,No,No,No,No,No,No,No,No,No,No,No,No,No,No,No,No,No,No,No,No,No,No,No,No,No,No,No,No,No,Yes,Yes,Yes,Yes,Yes,Yes,Yes,Yes,Yes,Yes,Yes,Yes,Yes,Yes,Yes,No,No,Yes,75,69,64,1.100,31.219,44.576,37.301,0.001,5.639,0.758,175.0,175.0,175.0,175.0,0,0.0,99.7,99.7,99.7,99.8,99.8,99.6,99.8,99.8,99.8,99.8,99.8,99.8,99.8,99.0,99.3,99.5,99.6,99.7,99.7,99.7,99.7,0.0,0.0,0.0,0.0,0.0,0.0,0.0,0.0,0.0,0.0,0.0,0.0,0.0,0.0,0.0,0.0,0.0,0.0,0.0,0.0,0.0,0.0,0.0,0.0,0.0,0.0,0.0,0.0,0.0,0.0,0.0,0.0,0.0,0.0,0.0,0.0,0.0,2394.1,24.00,36,35,35,68,103,383,2,2,Yes,No,No,No,No,No,No,No,Yes,No,No,No,No,Yes,No,No,No,No,No,No,No,Yes,No,No,No,No,No,No,No,No,No,No,No,No,No,No,No,No,84.0,4320,2460,4140,68.8,1.095,1.110,1.800,1.815,1.005,5.110,1.750,No,No,No,69.0,1.095,1.110,1.800,1.815,1.005,5.110,1.500,No,No,No,41,41,94.0,100.0,No,No,32155,47955,36,70,99.0,100.0,No,No,1844,3246,0.1,0.6,0.7,0.037,0.035,63618,48903,0.0,0.0,0.0,0.000,0.000,164001,82786,58.1,64.0,65.4,83.0,0.870,20.684,20.674,20.695,21.280,9.529,9.566,8.683,18.273,3.000,11.700,7.722,7.755,100.000,140.000,2175.0,2150.2,1875.0,2175.0,1890.0,0.0,0.0,0.0,0.0,11.3,0.0,0.0,0.0,0.0,0.0,Yes,No,No,No,No,Yes,No,0,0,0,0,0,0,0,0,0,0,0,0,0,0,0,0,0,0,0,0,0,0,0,0,0,0,0,0,0,0,7265,923,689,74,16.0,64,0.300,44.072,600.0,2394.0,0.1,0.0,0.0,0.0,0.0,0.0,0.0,0.0,0.8,127,16065,127,No,No,No,No,No,No,No,No,16.748,68.277,100.0,0.000,24.1,0,0,0,0.0,1.0,1.0,1.0,1.0,1.0,1.0,1.0,1.0,1.0,1.0,1.0,1.0,1005.19,1005.19,1005.19,1005.19,1005.19,1005.19,0.41,1004.79,1005.19,0.00,847.17,647,7,0.3,0.0,0,0,0.0,0.0,0,
9.6.2026,13:32:58.928,20477,28291,41.9,17003,15380,52.5,11.3,16384,1858,0.878,0.873,0.872,0.868,0.882,0.871,0.873,0.868,0.868,0.868,0.886,0.878,0.882,0.904,0.904,0.808,0.783,2764.7,3092.4,3092.4,3092.4,3092.4,3092.4,3092.4,2493.9,2493.9,2493.9,2493.9,2493.9,2493.9,2593.7,2593.7,99.8,2493.9,2865.3,3109.3,3106.8,3111.5,3109.0,3107.0,3112.2,3102.8,3102.1,3111.5,3112.4,3113.3,3113.3,2491.0,2496.8,2510.7,2511.3,2494.5,2495.9,2497.0,2496.7,2957.6,99.9,100.0,99.9,99.9,99.9,99.9,100.0,100.0,99.9,99.9,100.0,100.0,100.0,99.9,99.9,100.0,100.0,99.9,99.9,99.9,99.9,100.0,99.9,100.0,123.9,118.3,118.2,118.3,118.2,118.3,118.4,118.0,118.0,118.3,118.4,118.4,118.4,132.8,132.8,132.9,132.9,132.0,132.0,132.1,132.0,123.9,27.7,31.0,31.0,31.0,31.0,31.0,31.0,25.0,25.0,25.0,25.0,25.0,25.0,26.0,26.0,25.0,67,69,67,68,66,68,67,67,67,67,67,65,65,65,65,33,31,33,32,34,32,33,33,33,33,33,35,35,35,35,76,69,No,No,No,No,No,No,No,No,No,No,No,No,No,No,No,No,No,No,No,No,No,No,No,No,No,No,No,No,No,No,Yes,Yes,Yes,Yes,Yes,Yes,Yes,Yes,Yes,Yes,Yes,Yes,Yes,Yes,Yes,No,No,Yes,76,68,64,1.100,41.344,46.303,39.074,0.001,5.605,0.738,175.0,175.0,175.0,175.0,0,0.0,99.6,99.7,99.6,99.8,99.7,99.6,99.8,99.8,99.7,99.7,99.8,99.8,99.8,98.9,99.1,99.6,99.7,99.6,99.6,99.7,99.7,0.0,0.0,0.0,0.0,0.0,0.0,0.0,0.1,0.1,0.0,0.0,0.1,0.1,0.0,0.1,0.0,0.0,0.0,0.0,0.0,0.0,0.0,0.0,0.0,0.0,0.0,0.0,0.0,0.0,0.0,0.0,0.0,0.0,0.0,0.0,0.0,0.0,2394.1,24.00,36,35,35,68,103,383,2,2,Yes,No,No,No,No,No,No,No,Yes,No,No,No,No,Yes,No,No,No,No,No,No,No,Yes,No,No,No,No,No,No,No,No,No,No,No,No,No,No,No,No,84.0,4380,2460,4140,69.0,1.095,1.110,1.800,1.815,1.005,5.110,2.625,No,No,No,69.0,1.095,1.110,1.800,1.815,1.005,5.110,1.375,No,No,No,41,41,94.0,100.0,No,No,32155,47955,36,70,99.0,100.0,No,No,1844,3246,0.0,1.0,1.0,0.000,0.052,63618,48903,0.0,0.0,0.0,0.000,0.000,164001,82786,58.1,64.0,65.5,83.0,0.870,20.681,20.672,20.690,21.261,9.516,9.553,8.662,18.228,3.000,11.680,7.727,7.760,100.000,140.000,2175.0,2150.2,1875.0,2175.0,1890.0,0.0,0.0,0.0,0.0,11.3,0.0,0.0,0.0,0.0,0.0,Yes,No,No,No,No,Yes,No,0,0,0,0,0,0,0,0,0,0,0,0,0,0,0,0,0,0,0,0,0,0,0,0,0,0,0,0,0,0,7265,923,689,74,16.0,64,0.300,45.755,600.0,2394.0,0.1,0.0,0.0,0.0,0.0,0.0,0.0,0.0,0.8,127,16065,127,No,No,No,No,No,No,No,No,16.747,68.277,100.0,0.000,24.1,0,0,0,0.0,1.1,1.2,1.0,1.0,1.0,1.0,1.1,1.2,1.0,1.0,1.0,1.0,925.65,1005.49,845.81,844.34,1007.12,1007.12,0.46,925.19,925.65,0.00,480.06,647,7,0.2,0.0,0,0,0.0,0.0,0,
9.6.2026,13:33:0.925,20479,28289,41.9,17006,15377,52.5,11.3,16384,1858,0.872,0.861,0.861,0.870,0.865,0.870,0.878,0.883,0.875,0.872,0.872,0.862,0.874,0.890,0.880,0.808,0.781,2664.9,3092.4,3092.4,3092.4,3092.4,3092.4,3192.2,2593.7,2493.9,2493.9,2493.9,1097.3,2493.9,2493.9,2493.9,99.8,2493.9,2862.3,3095.2,3103.3,3101.8,3095.5,3104.0,3107.5,3104.0,3104.8,3106.6,3102.3,3108.7,3109.8,2481.1,2495.6,2503.6,2507.5,2505.4,2501.5,2503.1,2504.9,2951.9,99.9,99.6,99.9,99.7,99.5,100.0,99.9,99.9,100.0,99.9,99.8,100.0,100.0,99.7,100.0,99.9,99.9,100.0,99.8,99.9,99.9,100.0,99.9,100.0,123.9,117.8,118.1,118.0,117.7,118.2,118.2,118.1,118.1,118.2,118.0,118.2,118.3,132.5,132.7,132.7,132.7,132.6,132.4,132.5,132.5,123.9,26.7,31.0,31.0,31.0,31.0,31.0,32.0,26.0,25.0,25.0,25.0,11.0,25.0,25.0,25.0,25.0,67,69,67,68,66,67,65,68,68,68,67,65,65,65,65,33,31,33,32,34,33,35,32,32,32,33,35,35,35,35,76,69,No,No,No,No,No,No,No,No,No,No,No,No,No,No,No,No,No,No,No,No,No,No,No,No,No,No,No,No,No,No,Yes,Yes,Yes,Yes,Yes,Yes,Yes,Yes,Yes,Yes,Yes,Yes,Yes,Yes,Yes,No,No,Yes,76,69,64,1.100,28.688,43.858,36.603,0.002,5.620,0.746,175.0,175.0,175.0,175.0,0,0.0,99.5,99.3,99.6,99.5,99.4,99.6,99.7,99.7,99.8,99.7,99.6,99.8,99.8,98.6,99.1,99.5,99.6,99.7,99.5,99.6,99.7,0.1,0.0,0.0,0.0,0.0,0.0,0.0,0.2,0.0,0.1,0.1,0.0,0.2,0.1,0.0,0.0,0.0,0.0,0.0,0.0,0.0,0.0,0.0,0.0,0.0,0.0,0.0,0.0,0.0,0.0,0.0,0.0,0.0,0.0,0.0,0.0,0.0,2394.1,24.00,36,35,35,68,103,383,2,2,Yes,No,No,No,No,No,No,No,Yes,No,No,No,No,Yes,No,No,No,No,No,No,No,Yes,No,No,No,No,No,No,No,No,No,No,No,No,No,No,No,No,84.0,4380,2460,4140,69.0,1.095,1.110,1.800,1.815,1.005,5.110,1.375,No,No,No,69.0,1.095,1.110,1.800,1.815,1.005,5.110,2.875,No,No,No,41,41,94.0,100.0,No,No,32155,47955,36,70,99.0,100.0,No,No,1844,3246,0.0,0.7,0.7,0.000,0.008,63618,48903,0.0,0.0,0.0,0.000,0.000,164001,82786,58.1,64.0,65.5,83.0,0.870,20.674,20.667,20.680,21.249,9.534,9.574,8.701,18.282,3.000,11.708,7.722,7.755,100.000,140.000,2175.0,2150.2,1875.0,2175.0,1890.0,0.0,0.0,0.0,0.0,11.3,0.0,0.0,0.0,0.0,0.0,Yes,No,No,No,No,Yes,No,0,0,0,0,0,0,0,0,0,0,0,0,0,0,0,0,0,0,0,0,0,0,0,0,0,0,0,0,0,0,7265,923,689,74,16.0,64,0.300,44.464,600.0,2394.0,0.2,0.0,0.0,0.0,0.0,0.0,0.0,0.0,0.8,127,16065,127,No,No,No,No,No,No,No,No,16.748,68.277,100.0,0.000,24.1,0,0,0,0.0,1.1,1.2,1.0,1.0,1.0,1.0,1.1,1.2,1.0,1.0,1.0,1.0,925.65,1005.49,845.81,844.34,1007.12,1007.12,0.46,925.19,925.65,0.00,480.06,647,7,4.3,3.0,0,0,0.0,0.0,0,
9.6.2026,13:33:2.920,20483,28284,42.0,17014,15370,52.5,11.3,16384,1858,0.875,0.875,0.872,0.871,0.880,0.872,0.876,0.890,0.884,0.878,0.878,0.866,0.866,0.872,0.872,0.808,0.783,2679.2,3092.4,3092.4,3092.4,3092.4,3092.4,3092.4,2593.7,2593.7,2593.7,2593.7,2493.9,1097.3,2493.9,2493.9,99.8,2493.9,2876.6,3128.7,3129.7,3104.5,3119.6,3126.2,3133.0,3119.9,3113.6,3107.2,3117.1,3132.3,3132.1,2496.1,2514.9,2519.6,2527.2,2502.6,2501.5,2503.4,2503.4,2970.1,99.8,100.0,100.0,99.2,99.6,99.9,100.0,100.0,99.8,99.2,99.5,100.0,100.0,99.4,99.9,99.7,99.9,99.9,99.9,99.9,99.9,100.0,99.8,100.0,124.4,119.1,119.1,118.1,118.6,119.1,119.1,118.7,118.4,118.2,118.5,119.1,119.1,133.1,133.7,133.5,133.7,132.4,132.4,132.4,132.4,124.4,26.9,31.0,31.0,31.0,31.0,31.0,31.0,26.0,26.0,26.0,26.0,25.0,11.0,25.0,25.0,25.0,66,68,67,69,64,66,67,67,67,67,67,66,65,64,66,34,32,33,31,36,34,33,33,33,33,33,34,35,36,34,76,69,No,No,No,No,No,No,No,No,No,No,No,No,No,No,No,No,No,No,No,No,No,No,No,No,No,No,No,No,No,No,Yes,Yes,Yes,Yes,Yes,Yes,Yes,Yes,Yes,Yes,Yes,Yes,Yes,Yes,Yes,No,No,Yes,76,69,64,1.100,46.407,44.580,37.302,0.001,5.630,0.759,175.0,175.0,175.0,175.0,0,0.0,99.5,99.7,99.7,99.0,99.4,99.6,99.8,99.8,99.6,99.0,99.3,99.8,99.8,98.4,99.1,99.3,99.6,99.6,99.6,99.6,99.6,0.1,0.0,0.0,0.0,0.0,0.0,0.0,0.5,0.1,0.3,0.1,0.1,0.1,0.1,0.1,0.0,0.0,0.0,0.0,0.0,0.0,0.0,0.0,0.0,0.0,0.0,0.0,0.0,0.0,0.0,0.0,0.0,0.0,0.0,0.0,0.0,0.0,2194.6,22.00,32,32,32,62,103,351,2,2,Yes,No,No,No,No,No,No,No,Yes,No,No,No,No,Yes,No,No,No,No,No,No,No,Yes,No,No,No,No,No,No,No,No,No,No,No,No,No,No,No,No,84.0,4320,2460,4140,69.0,1.095,1.110,1.800,1.815,1.005,5.110,2.625,No,No,No,69.2,1.095,1.110,1.800,1.815,1.005,5.110,2.000,No,No,No,41,41,94.0,100.0,No,No,32155,47955,36,70,99.0,100.0,No,No,1844,3246,0.0,0.7,0.7,0.000,0.051,63618,48904,0.0,0.0,0.0,0.000,0.000,164001,82786,58.1,64.0,65.5,83.0,0.870,20.679,20.670,20.687,21.298,9.523,9.556,8.681,18.246,3.000,11.687,7.729,7.760,100.000,140.000,2175.0,2150.2,1875.0,2175.0,1890.0,0.0,0.0,0.0,0.0,11.3,0.0,0.1,0.0,0.0,0.0,Yes,No,No,No,No,Yes,No,0,0,0,0,0,0,0,0,0,0,0,0,0,0,0,0,0,0,0,0,0,0,0,0,0,0,0,0,0,0,7265,923,689,75,16.0,64,0.300,45.300,600.0,2194.0,0.1,0.0,0.0,0.0,0.0,0.0,0.0,0.0,0.8,127,16065,127,No,No,No,No,No,No,No,No,16.746,68.277,100.0,0.000,24.1,0,0,0,0.0,2.2,84.9,1.0,1.0,1.0,1.0,2.1,26.5,1.0,1.0,1.0,1.0,460.66,977.49,11.78,2.03,992.65,992.65,0.36,460.31,460.66,0.00,499.89,647,7,0.4,0.1,0,0,0.0,0.0,0,
9.6.2026,13:33:4.930,20477,28290,41.9,17007,15377,52.5,11.3,16384,1858,0.883,0.882,0.881,0.877,0.887,0.870,0.882,0.894,0.890,0.894,0.887,0.883,0.883,0.883,0.869,0.818,0.783,2700.5,3192.2,3192.2,3192.2,3192.2,3092.4,3192.2,2493.9,1097.3,2593.7,2593.7,2493.9,2493.9,2493.9,2493.9,99.8,2593.7,2852.7,3092.8,3093.2,3095.4,3095.4,3092.1,3097.8,3093.2,3093.5,3098.0,3098.2,3099.1,3098.8,2480.8,2490.0,2491.0,2496.0,2487.0,2486.8,2487.0,2487.2,2944.1,100.0,100.0,100.0,100.0,100.0,100.0,100.0,100.0,100.0,100.0,100.0,100.0,100.0,100.0,100.0,100.0,100.0,100.0,100.0,100.0,100.0,100.0,100.0,100.0,123.3,117.7,117.7,117.7,117.7,117.8,117.8,117.6,117.6,117.7,117.7,117.8,117.8,132.0,132.0,132.0,132.0,131.5,131.6,131.6,131.5,123.3,27.1,32.0,32.0,32.0,32.0,31.0,32.0,25.0,11.0,26.0,26.0,25.0,25.0,25.0,25.0,26.0,66,69,67,69,67,66,67,67,67,66,66,65,65,65,65,34,31,33,31,33,34,33,33,33,34,34,35,35,35,35,76,69,No,No,No,No,No,No,No,No,No,No,No,No,No,No,No,No,No,No,No,No,No,No,No,No,No,No,No,No,No,No,Yes,Yes,Yes,Yes,Yes,Yes,Yes,Yes,Yes,Yes,Yes,Yes,Yes,Yes,Yes,No,No,Yes,76,69,65,1.100,31.219,46.112,38.761,0.001,5.673,0.788,175.0,175.0,175.0,175.0,0,0.0,99.7,99.7,99.7,99.8,99.8,99.6,99.8,99.8,99.8,99.8,99.8,99.8,99.8,99.1,99.4,99.5,99.7,99.7,99.7,99.7,99.7,0.0,0.0,0.0,0.0,0.0,0.0,0.0,0.0,0.0,0.0,0.0,0.0,0.0,0.0,0.0,0.0,0.0,0.0,0.0,0.0,0.0,0.0,0.0,0.0,0.0,0.0,0.0,0.0,0.0,0.0,0.0,0.0,0.0,0.0,0.0,0.0,0.0,2394.1,24.00,36,35,35,68,103,383,2,2,Yes,No,No,No,No,No,No,No,Yes,No,No,No,No,Yes,No,No,No,No,No,No,No,Yes,No,No,No,No,No,No,No,No,No,No,No,No,No,No,No,No,83.0,4380,2460,4140,69.0,1.110,1.110,1.800,1.815,1.005,5.110,2.250,No,No,No,69.2,1.110,1.110,1.800,1.815,1.005,5.110,2.125,No,No,No,41,41,94.0,100.0,No,No,32155,47955,36,70,99.0,100.0,No,No,1844,3246,0.2,1.1,1.3,0.014,0.045,63618,48904,0.0,0.0,0.0,0.000,0.000,164001,82786,58.1,62.0,65.5,83.0,0.870,20.683,20.673,20.692,21.282,9.515,9.546,8.662,18.230,3.000,11.681,7.728,7.760,100.000,140.000,2175.0,2150.2,1875.0,2175.0,1890.0,0.0,0.0,0.0,0.0,11.3,0.0,0.0,0.0,0.0,0.0,Yes,No,No,No,No,Yes,No,0,0,0,0,0,0,0,0,0,0,0,0,0,0,0,0,0,0,0,0,0,0,0,0,0,0,0,0,0,0,7265,923,689,75,16.0,65,0.300,44.852,550.0,2394.0,0.1,0.0,0.0,0.0,0.0,0.0,0.0,0.0,0.8,127,16065,127,No,No,No,No,No,No,No,No,16.747,68.277,100.0,0.000,24.1,0,0,0,0.0,2.2,84.9,1.0,1.0,1.0,1.0,2.1,26.5,1.0,1.0,1.0,1.0,460.66,977.49,11.78,2.03,992.65,992.65,0.36,460.31,460.66,0.00,499.89,647,7,0.2,0.3,0,0,0.0,0.0,0,
9.6.2026,13:33:6.925,20480,28288,41.9,17008,15376,52.5,11.3,16384,1858,0.871,0.860,0.869,0.899,0.873,0.868,0.882,0.859,0.867,0.867,0.865,0.863,0.864,0.873,0.881,0.808,0.783,2764.7,3092.4,3092.4,3192.2,3092.4,3092.4,3192.2,2493.9,2493.9,2493.9,2493.9,2493.9,2493.9,2493.9,2493.9,99.8,2493.9,2878.8,3125.4,3124.6,3128.1,3125.0,3123.6,3129.1,3115.0,3116.6,3127.9,3124.7,3129.4,3129.9,2501.2,2518.7,2514.4,2520.9,2504.5,2505.9,2505.8,2506.0,2972.2,100.0,100.0,99.9,99.9,99.8,100.0,100.0,99.9,100.0,100.0,99.9,100.0,100.0,100.0,100.0,100.0,100.0,100.0,100.0,100.0,100.0,100.0,100.0,100.0,124.6,119.0,119.0,119.0,118.9,119.1,119.1,118.6,118.6,119.0,118.9,119.1,119.1,133.7,133.7,133.7,133.7,132.6,132.6,132.6,132.6,124.6,27.7,31.0,31.0,32.0,31.0,31.0,32.0,25.0,25.0,25.0,25.0,25.0,25.0,25.0,25.0,25.0,67,70,67,68,66,66,67,68,68,68,67,66,66,66,65,33,30,33,32,34,34,33,32,32,32,33,34,34,34,35,76,70,No,No,No,No,No,No,No,No,No,No,No,No,No,No,No,No,No,No,No,No,No,No,No,No,No,No,No,No,No,No,Yes,Yes,Yes,Yes,Yes,Yes,Yes,Yes,Yes,Yes,Yes,Yes,Yes,Yes,Yes,No,No,Yes,76,70,64,1.100,42.188,42.069,34.981,0.001,5.684,0.787,175.0,175.0,175.0,175.0,0,0.0,99.6,99.7,99.7,99.7,99.6,99.6,99.8,99.7,99.8,99.8,99.7,99.8,99.8,98.7,99.4,99.2,99.5,99.6,99.7,99.7,99.7,0.0,0.0,0.0,0.0,0.0,0.0,0.0,0.0,0.0,0.0,0.0,0.0,0.0,0.0,0.0,0.0,0.0,0.0,0.0,0.0,0.0,0.0,0.0,0.0,0.0,0.0,0.0,0.0,0.0,0.0,0.0,0.0,0.0,0.0,0.0,0.0,0.0,2394.1,24.00,36,35,35,68,103,383,2,2,Yes,No,No,No,No,No,No,No,Yes,No,No,No,No,Yes,No,No,No,No,No,No,No,Yes,No,No,No,No,No,No,No,No,No,No,No,No,No,No,No,No,83.0,4380,2460,4140,69.2,1.110,1.110,1.800,1.815,1.005,5.110,1.375,No,No,No,69.2,1.110,1.110,1.800,1.815,1.005,5.110,1.250,No,No,No,41,41,94.0,100.0,No,No,32155,47955,36,70,99.0,100.0,No,No,1844,3246,0.1,0.6,0.8,0.040,0.110,63618,48904,0.0,0.0,0.0,0.000,0.000,164001,82786,58.2,62.0,65.5,83.0,0.870,20.682,20.673,20.691,21.290,9.522,9.560,8.682,18.249,3.000,11.685,7.721,7.755,100.000,140.000,2175.0,2150.2,1875.0,2175.0,1890.0,0.0,0.0,0.0,0.0,11.3,0.0,0.0,0.0,0.0,0.0,Yes,No,No,No,No,Yes,No,0,0,0,0,0,0,0,0,0,0,0,0,0,0,0,0,0,0,0,0,0,0,0,0,0,0,0,0,0,0,7265,923,689,75,16.0,64,0.300,43.798,550.0,2394.0,0.1,0.0,0.0,0.0,0.0,0.0,0.0,0.0,0.8,127,16065,127,No,No,No,No,No,No,No,No,16.747,68.277,100.0,0.000,24.1,0,0,0,0.0,2.2,84.9,1.0,1.0,1.0,1.0,2.1,26.5,1.0,1.0,1.0,1.0,460.66,977.49,11.78,2.03,992.65,992.65,0.36,460.31,460.66,0.00,499.89,647,7,4.7,1.0,0,0,0.0,0.0,0,
9.6.2026,13:33:8.919,20487,28281,42.0,17012,15372,52.5,11.3,16384,1858,0.872,0.872,0.875,0.868,0.874,0.872,0.870,0.884,0.876,0.867,0.867,0.858,0.882,0.871,0.868,0.808,0.783,2550.9,3092.4,3092.4,3092.4,3092.4,3092.4,3092.4,2493.9,2493.9,2493.9,2493.9,1097.3,2493.9,1097.3,2493.9,99.8,2493.9,2876.2,3117.6,3113.6,3124.3,3106.4,3119.7,3117.9,3115.2,3114.2,3123.2,3117.3,3122.6,3123.0,2502.0,2516.2,2517.2,2523.0,2512.4,2513.6,2511.2,2512.7,2967.1,99.9,99.8,99.7,100.0,99.4,100.0,99.8,99.9,99.9,99.9,99.7,100.0,100.0,99.6,99.9,99.8,100.0,100.0,100.0,99.9,99.9,100.0,99.9,100.0,124.4,118.7,118.5,118.8,118.2,118.9,118.6,118.5,118.5,118.8,118.6,118.8,118.8,133.1,133.4,133.3,133.5,132.9,133.0,132.8,132.9,124.4,25.6,31.0,31.0,31.0,31.0,31.0,31.0,25.0,25.0,25.0,25.0,11.0,25.0,11.0,25.0,25.0,66,69,67,68,64,67,68,66,66,66,67,65,66,66,65,34,31,33,32,36,33,32,34,34,34,33,35,34,34,35,76,69,No,No,No,No,No,No,No,No,No,No,No,No,No,No,No,No,No,No,No,No,No,No,No,No,No,No,No,No,No,No,Yes,Yes,Yes,Yes,Yes,Yes,Yes,Yes,Yes,Yes,Yes,Yes,Yes,Yes,Yes,No,No,Yes,76,68,65,1.100,43.876,47.644,40.074,0.001,5.636,0.765,175.0,175.0,175.0,175.0,0,0.0,99.6,99.6,99.4,99.8,99.2,99.6,99.6,99.7,99.7,99.7,99.6,99.8,99.8,98.9,99.4,99.5,99.7,99.7,99.7,99.6,99.7,0.1,0.0,0.0,0.0,0.0,0.0,0.0,0.4,0.1,0.2,0.0,0.0,0.0,0.1,0.0,0.0,0.0,0.0,0.0,0.0,0.0,0.0,0.0,0.0,0.0,0.0,0.0,0.0,0.0,0.0,0.0,0.0,0.0,0.0,0.0,0.0,0.0,2394.1,24.00,36,35,35,68,103,383,2,2,Yes,No,No,No,No,No,No,No,Yes,No,No,No,No,Yes,No,No,No,No,No,No,No,Yes,No,No,No,No,No,No,No,No,No,No,No,No,No,No,No,No,85.0,4380,2460,4140,69.2,1.110,1.110,1.815,1.815,1.005,5.110,2.125,No,No,No,69.5,1.110,1.110,1.800,1.815,1.005,5.110,2.000,No,No,No,41,41,94.0,100.0,No,No,32155,47955,36,70,99.0,100.0,No,No,1844,3246,0.0,1.2,1.2,0.000,0.030,63618,48904,0.0,0.0,0.0,0.000,0.000,164001,82786,58.1,64.0,65.6,83.0,0.870,20.683,20.675,20.692,21.221,9.495,9.519,8.642,18.168,3.000,11.649,7.727,7.760,100.000,140.000,2175.0,2150.2,1875.0,2175.0,1890.0,0.0,0.0,0.0,0.0,11.3,0.0,0.0,0.0,0.0,0.0,Yes,No,No,No,No,Yes,No,0,0,0,0,0,0,0,0,0,0,0,0,0,0,0,0,0,0,0,0,0,0,0,0,0,0,0,0,0,0,7265,923,689,75,16.0,64,0.300,46.934,600.0,2394.0,0.1,0.0,0.0,0.0,0.0,0.0,0.0,0.0,0.8,127,16065,127,No,No,No,No,No,No,No,No,16.748,68.277,100.0,0.000,24.1,0,0,0,0.0,2.4,2.8,2.1,2.1,2.1,2.1,2.4,2.8,2.1,2.1,2.1,2.1,424.10,484.98,363.22,362.10,486.22,486.22,0.48,423.63,424.10,0.00,368.20,647,7,1.1,0.0,0,0,0.0,0.0,0,
9.6.2026,13:33:10.919,20482,28286,41.9,17006,15378,52.5,11.3,16384,1858,0.875,0.868,0.874,0.877,0.869,0.871,0.894,0.872,0.872,0.874,0.869,0.874,0.874,0.874,0.884,0.811,0.783,2657.8,3092.4,3092.4,3092.4,3092.4,3092.4,3192.2,2493.9,2493.9,1097.3,2493.9,2493.9,2493.9,2493.9,2493.9,99.8,2493.9,2849.4,3089.0,3090.1,3092.3,3092.5,3086.5,3091.5,3092.2,3089.9,3091.3,3089.1,3093.2,3095.2,2473.6,2487.2,2487.1,2494.0,2487.9,2489.3,2489.2,2488.1,2939.7,100.0,99.9,100.0,100.0,100.0,100.0,100.0,100.0,99.9,100.0,99.9,100.0,100.0,99.9,100.0,99.9,100.0,100.0,100.0,100.0,99.9,100.0,100.0,100.0,123.3,117.6,117.6,117.6,117.6,117.6,117.6,117.6,117.5,117.6,117.5,117.6,117.7,131.8,131.9,131.9,131.9,131.6,131.7,131.7,131.6,123.3,26.6,31.0,31.0,31.0,31.0,31.0,32.0,25.0,25.0,11.0,25.0,25.0,25.0,25.0,25.0,25.0,67,68,67,69,64,67,66,67,67,67,66,66,66,66,66,33,32,33,31,36,33,34,33,33,33,34,34,34,34,34,76,69,No,No,No,No,No,No,No,No,No,No,No,No,No,No,No,No,No,No,No,No,No,No,No,No,No,No,No,No,No,No,Yes,Yes,Yes,Yes,Yes,Yes,Yes,Yes,Yes,Yes,Yes,Yes,Yes,Yes,Yes,No,No,Yes,76,69,64,1.100,42.188,44.939,37.630,0.001,5.658,0.770,175.0,175.0,175.0,175.0,0,0.0,99.6,99.7,99.7,99.8,99.8,99.6,99.8,99.8,99.7,99.8,99.7,99.8,99.8,98.8,99.4,99.4,99.6,99.7,99.7,99.7,99.7,0.0,0.0,0.0,0.0,0.0,0.0,0.0,0.1,0.0,0.1,0.0,0.0,0.0,0.0,0.1,0.0,0.0,0.0,0.0,0.0,0.0,0.0,0.0,0.0,0.0,0.0,0.0,0.0,0.0,0.0,0.0,0.0,0.0,0.0,0.0,0.0,0.0,2394.1,24.00,36,35,35,68,103,383,2,2,Yes,No,No,No,No,No,No,No,Yes,No,No,No,No,Yes,No,No,No,No,No,No,No,Yes,No,No,No,No,No,No,No,No,No,No,No,No,No,No,No,No,84.0,4320,2460,4140,69.2,1.110,1.110,1.815,1.815,1.005,5.110,1.000,No,No,No,69.5,1.110,1.110,1.815,1.800,1.005,5.110,1.250,No,No,No,41,41,94.0,100.0,No,No,32155,47955,36,70,99.0,100.0,No,No,1844,3246,0.0,0.2,0.2,0.000,0.009,63618,48904,0.0,0.0,0.0,0.000,0.000,164001,82786,58.1,64.0,65.5,83.0,0.870,20.678,20.670,20.686,21.237,9.507,9.528,8.661,18.204,3.000,11.669,7.727,7.760,100.000,140.000,2175.0,2150.2,1875.0,2175.0,1890.0,0.0,0.0,0.0,0.0,11.3,0.0,0.0,0.0,0.0,0.0,Yes,No,No,No,No,Yes,No,0,0,0,0,0,0,0,0,0,0,0,0,0,0,0,0,0,0,0,0,0,0,0,0,0,0,0,0,0,0,7265,923,689,75,16.0,63,0.300,44.647,550.0,2394.0,0.1,0.0,0.0,0.0,0.0,0.0,0.0,0.0,0.8,127,16065,127,No,No,No,No,No,No,No,No,16.747,68.277,100.0,0.000,24.1,0,0,0,0.0,2.4,2.8,2.1,2.1,2.1,2.1,2.4,2.8,2.1,2.1,2.1,2.1,424.10,484.98,363.22,362.10,486.22,486.22,0.48,423.63,424.10,0.00,368.20,647,7,1.0,0.0,0,0,0.0,0.0,0,
9.6.2026,13:33:12.933,20483,28285,42.0,17009,15375,52.5,11.3,16384,1858,0.885,0.872,0.867,0.875,0.886,0.875,0.867,0.876,0.883,0.884,0.903,0.903,0.903,0.903,0.896,0.818,0.781,2764.7,3192.2,3092.4,3092.4,3192.2,3092.4,3092.4,2493.9,2493.9,2493.9,2493.9,2493.9,2493.9,2493.9,2493.9,99.8,2593.7,2864.6,3106.7,3106.8,3109.3,3109.5,3103.7,3109.7,3105.9,3105.3,3110.8,3109.6,3111.2,3110.5,2496.8,2501.9,2505.0,2507.1,2494.9,2495.7,2496.0,2495.6,2956.9,100.0,100.0,100.0,100.0,100.0,100.0,100.0,100.0,100.0,100.0,100.0,100.0,100.0,100.0,100.0,99.9,99.9,100.0,100.0,100.0,100.0,100.0,100.0,100.0,123.9,118.3,118.2,118.2,118.3,118.3,118.3,118.1,118.1,118.3,118.2,118.3,118.3,132.7,132.7,132.6,132.6,132.0,132.0,132.0,132.0,123.9,27.7,32.0,31.0,31.0,32.0,31.0,31.0,25.0,25.0,25.0,25.0,25.0,25.0,25.0,25.0,26.0,67,68,68,68,66,67,66,67,66,67,67,66,66,66,65,33,32,32,32,34,33,34,33,34,33,33,34,34,34,35,76,68,No,No,No,No,No,No,No,No,No,No,No,No,No,No,No,No,No,No,No,No,No,No,No,No,No,No,No,No,No,No,Yes,Yes,Yes,Yes,Yes,Yes,Yes,Yes,Yes,Yes,Yes,Yes,Yes,Yes,Yes,No,No,Yes,76,68,64,1.100,44.719,44.208,36.880,0.001,5.662,0.779,175.0,175.0,175.0,175.0,0,0.0,99.7,99.7,99.7,99.8,99.8,99.6,99.8,99.8,99.8,99.8,99.8,99.8,99.8,99.2,99.4,99.5,99.6,99.6,99.7,99.7,99.7,0.0,0.0,0.0,0.0,0.0,0.0,0.0,0.0,0.0,0.1,0.1,0.1,0.0,0.0,0.1,0.0,0.0,0.0,0.0,0.0,0.0,0.0,0.0,0.0,0.0,0.0,0.0,0.0,0.0,0.0,0.0,0.0,0.0,0.0,0.0,0.0,0.0,2394.1,24.00,36,35,35,68,103,383,2,2,Yes,No,No,No,No,No,No,No,Yes,No,No,No,No,Yes,No,No,No,No,No,No,No,Yes,No,No,No,No,No,No,No,No,No,No,No,No,No,No,No,No,83.0,4380,2460,4140,69.5,1.110,1.110,1.815,1.815,0.990,5.110,1.625,No,No,No,69.5,1.110,1.110,1.815,1.815,1.005,5.110,2.000,No,No,No,41,41,94.0,100.0,No,No,32155,47955,36,70,99.0,100.0,No,No,1844,3246,0.3,0.7,1.0,0.028,0.015,63618,48904,0.0,0.0,0.0,0.000,0.000,164001,82786,58.1,64.0,65.5,83.0,0.870,20.678,20.670,20.686,21.247,9.507,9.531,8.661,18.204,3.000,11.676,7.721,7.754,100.000,140.000,2175.0,2150.2,1875.0,2175.0,1890.0,0.0,0.0,0.0,0.0,11.3,0.0,0.0,0.0,0.0,0.0,Yes,No,No,No,No,Yes,No,0,0,0,0,0,0,0,0,0,0,0,0,0,0,0,0,0,0,0,0,0,0,0,0,0,0,0,0,0,0,7265,923,689,75,16.0,64,0.300,45.145,550.0,2394.0,0.1,0.0,0.0,0.0,0.0,0.0,0.0,0.0,0.8,127,16065,127,No,No,No,No,No,No,No,No,16.746,68.277,100.0,0.000,24.1,0,0,0,0.0,1.2,1.2,1.2,1.2,1.2,1.2,1.2,1.2,1.2,1.2,1.2,1.2,816.57,816.57,816.57,816.57,816.57,816.57,0.56,816.12,816.57,0.00,182.31,647,7,0.3,0.1,0,0,0.0,0.0,0,
9.6.2026,13:33:14.931,20479,28289,41.9,17002,15381,52.5,11.3,16384,1858,0.872,0.872,0.861,0.866,0.866,0.883,0.871,0.871,0.874,0.875,0.874,0.878,0.869,0.871,0.873,0.808,0.783,2757.5,3092.4,3092.4,3092.4,3092.4,3192.2,3092.4,2493.9,2493.9,2493.9,2493.9,2493.9,2493.9,2493.9,2493.9,99.8,2493.9,2867.6,3114.2,3112.5,3113.9,3113.0,3110.0,3114.2,3110.2,3109.8,3114.0,3111.9,3115.4,3114.8,2502.3,2507.5,2509.5,2510.0,2492.7,2492.7,2492.6,2491.3,2961.5,100.0,100.0,100.0,100.0,99.9,100.0,100.0,100.0,100.0,100.0,99.9,100.0,100.0,100.0,100.0,100.0,100.0,100.0,100.0,100.0,99.9,100.0,100.0,100.0,124.1,118.5,118.5,118.5,118.4,118.5,118.5,118.4,118.4,118.5,118.4,118.5,118.5,133.0,132.9,132.9,132.9,131.9,132.0,132.0,131.9,124.1,27.6,31.0,31.0,31.0,31.0,32.0,31.0,25.0,25.0,25.0,25.0,25.0,25.0,25.0,25.0,25.0,66,68,67,68,64,68,68,67,67,67,66,65,65,65,66,34,32,33,32,36,32,32,33,33,33,34,35,35,35,34,76,68,No,No,No,No,No,No,No,No,No,No,No,No,No,No,No,No,No,No,No,No,No,No,No,No,No,No,No,No,No,No,Yes,Yes,Yes,Yes,Yes,Yes,Yes,Yes,Yes,Yes,Yes,Yes,Yes,Yes,Yes,No,No,Yes,75,69,64,1.100,45.563,45.826,38.513,0.001,5.645,0.775,175.0,175.0,175.0,175.0,0,0.0,99.7,99.7,99.7,99.8,99.7,99.6,99.8,99.8,99.8,99.8,99.7,99.8,99.8,99.3,99.6,99.6,99.7,99.7,99.7,99.7,99.6,0.0,0.0,0.0,0.0,0.0,0.0,0.0,0.0,0.0,0.0,0.0,0.0,0.0,0.0,0.1,0.0,0.0,0.0,0.0,0.0,0.0,0.0,0.0,0.0,0.0,0.0,0.0,0.0,0.0,0.0,0.0,0.0,0.0,0.0,0.0,0.0,0.0,2194.6,22.00,32,32,32,62,103,351,2,2,Yes,No,No,No,No,No,No,No,Yes,No,No,No,No,Yes,No,No,No,No,No,No,No,Yes,No,No,No,No,No,No,No,No,No,No,No,No,No,No,No,No,84.0,4380,2460,4140,69.5,1.110,1.110,1.815,1.815,0.990,5.110,1.750,No,No,No,69.8,1.110,1.110,1.815,1.815,0.990,5.110,1.750,No,No,No,40,40,94.0,100.0,No,No,32155,47955,36,70,99.0,100.0,No,No,1844,3246,0.4,1.2,1.7,0.049,0.132,63618,48904,0.0,0.0,0.0,0.000,0.000,164001,82786,58.1,64.0,65.5,83.0,0.870,20.682,20.673,20.691,21.224,9.508,9.527,8.662,18.208,3.000,11.675,7.727,7.759,100.000,140.000,2175.0,2150.2,1875.0,2175.0,1890.0,0.0,0.0,0.0,0.0,11.3,0.0,0.0,0.0,0.0,0.0,Yes,No,No,No,No,Yes,No,0,0,0,0,0,0,0,0,0,0,0,0,0,0,0,0,0,0,0,0,0,0,0,0,0,0,0,0,0,0,7265,923,689,75,16.0,65,0.300,45.030,550.0,2194.0,0.1,0.0,0.0,0.0,0.0,0.0,0.0,0.0,0.8,127,16065,127,No,No,No,No,No,No,No,No,16.747,68.277,100.0,0.000,24.1,0,0,0,0.0,2.4,108.1,1.2,1.2,1.2,1.2,2.3,25.4,1.2,1.2,1.2,1.2,417.44,825.63,9.25,1.75,833.96,833.96,0.31,417.13,417.44,0.00,481.67,647,7,0.2,0.4,0,0,0.0,0.0,0,
9.6.2026,13:33:16.927,20484,28284,42.0,17009,15375,52.5,11.3,16384,1858,0.875,0.871,0.871,0.868,0.859,0.881,0.871,0.872,0.875,0.890,0.890,0.874,0.871,0.884,0.868,0.808,0.783,2664.9,3092.4,3092.4,3092.4,3092.4,3192.2,3092.4,2493.9,2493.9,2493.9,2493.9,2493.9,1097.3,2593.7,2493.9,99.8,2493.9,2883.0,3126.2,3130.4,3131.8,3132.0,3127.3,3129.0,3128.5,3128.0,3131.0,3127.7,3132.8,3132.9,2495.6,2507.0,2514.1,2523.9,2515.6,2515.0,2515.5,2516.6,2974.9,99.9,99.8,99.9,99.9,99.9,99.9,99.8,99.9,99.9,99.9,99.8,100.0,100.0,99.7,99.8,99.8,99.9,100.0,99.9,99.9,100.0,100.0,99.9,100.0,124.8,119.0,119.2,119.1,119.1,119.1,119.0,119.0,119.0,119.1,118.9,119.2,119.2,133.7,133.7,133.7,133.7,133.1,133.1,133.1,133.1,124.8,26.7,31.0,31.0,31.0,31.0,32.0,31.0,25.0,25.0,25.0,25.0,25.0,11.0,26.0,25.0,25.0,67,69,68,69,66,67,68,67,67,67,67,65,66,66,66,33,31,32,31,34,33,32,33,33,33,33,35,34,34,34,76,69,No,No,No,No,No,No,No,No,No,No,No,No,No,No,No,No,No,No,No,No,No,No,No,No,No,No,No,No,No,No,Yes,Yes,Yes,Yes,Yes,Yes,Yes,Yes,Yes,Yes,Yes,Yes,Yes,Yes,Yes,No,No,Yes,76,68,64,1.100,43.876,45.308,38.049,0.002,5.622,0.752,175.0,175.0,175.0,175.0,0,0.0,99.5,99.6,99.7,99.7,99.7,99.6,99.6,99.7,99.7,99.7,99.6,99.8,99.8,98.4,98.8,99.1,99.4,99.7,99.6,99.7,99.7,0.0,0.0,0.0,0.0,0.0,0.0,0.0,0.1,0.1,0.1,0.1,0.0,0.1,0.1,0.0,0.0,0.0,0.0,0.0,0.0,0.0,0.0,0.0,0.0,0.0,0.0,0.0,0.0,0.0,0.0,0.0,0.0,0.0,0.0,0.0,0.0,0.0,2394.1,24.00,36,35,35,68,103,383,2,2,Yes,No,No,No,No,No,No,No,Yes,No,No,No,No,Yes,No,No,No,No,No,No,No,Yes,No,No,No,No,No,No,No,No,No,No,No,No,No,No,No,No,83.0,4320,2460,4140,69.5,1.095,1.110,1.815,1.815,0.990,5.110,1.250,No,No,No,69.8,1.110,1.110,1.815,1.815,0.990,5.110,1.875,No,No,No,41,41,94.0,100.0,No,No,32155,47955,36,70,99.0,100.0,No,No,1844,3246,0.0,1.3,1.3,0.000,0.034,63618,48904,0.0,0.0,0.0,0.000,0.000,164001,82786,58.1,62.0,65.3,83.0,0.870,20.672,20.665,20.679,21.256,9.519,9.556,8.679,18.239,3.000,11.686,7.721,7.755,100.000,140.000,2175.0,2150.2,1875.0,2175.0,1890.0,0.0,0.0,0.0,0.0,11.3,0.0,0.0,0.0,0.0,0.0,Yes,No,No,No,No,Yes,No,0,0,0,0,0,0,0,0,0,0,0,0,0,0,0,0,0,0,0,0,0,0,0,0,0,0,0,0,0,0,7265,923,689,75,16.0,64,0.300,45.503,600.0,2394.0,0.2,0.0,0.0,0.0,0.0,0.0,0.0,0.0,0.8,127,16065,127,No,No,No,No,No,No,No,No,16.746,68.277,100.0,0.000,24.1,0,0,0,0.0,2.7,2.7,2.7,2.7,2.7,2.7,2.5,2.5,2.5,2.5,2.5,2.5,363.82,363.82,363.82,363.82,363.82,363.82,0.95,363.05,363.10,0.72,605.73,647,7,0.5,0.3,0,0,0.0,0.0,0,
9.6.2026,13:33:18.926,20477,28291,41.9,17000,15384,52.4,11.3,16384,1858,0.871,0.861,0.862,0.869,0.870,0.862,0.863,0.878,0.870,0.876,0.877,0.870,0.888,0.887,0.865,0.811,0.781,2778.9,3092.4,3092.4,3092.4,3092.4,3092.4,3092.4,2593.7,2593.7,2593.7,2593.7,2493.9,2493.9,2493.9,2493.9,99.8,2493.9,2857.9,3099.5,3099.8,3103.0,3103.0,3097.6,3102.5,3099.7,3099.8,3102.1,3102.4,3102.3,3102.3,2472.5,2486.2,2490.5,2501.3,2498.1,2498.1,2497.7,2499.2,2947.8,100.0,100.0,100.0,100.0,100.0,100.0,100.0,100.0,100.0,100.0,100.0,100.0,100.0,99.9,100.0,100.0,100.0,100.0,100.0,100.0,100.0,100.0,100.0,100.0,123.7,118.0,118.0,118.0,118.0,118.0,117.9,117.9,117.9,118.0,118.0,118.0,118.0,132.4,132.4,132.4,132.4,132.1,132.1,132.1,132.2,123.7,27.9,31.0,31.0,31.0,31.0,31.0,31.0,26.0,26.0,26.0,26.0,25.0,25.0,25.0,25.0,25.0,66,68,67,69,66,68,67,66,68,67,67,64,64,64,65,34,32,33,31,34,32,33,34,32,33,33,36,36,36,35,76,69,No,No,No,No,No,No,No,No,No,No,No,No,No,No,No,No,No,No,No,No,No,No,No,No,No,No,No,No,No,No,Yes,Yes,Yes,Yes,Yes,Yes,Yes,Yes,Yes,Yes,Yes,Yes,Yes,Yes,Yes,No,No,Yes,76,68,65,1.100,43.032,44.862,37.609,0.002,5.615,0.748,175.0,175.0,175.0,175.0,0,0.0,99.6,99.7,99.7,99.8,99.8,99.6,99.8,99.8,99.8,99.8,99.8,99.8,99.8,98.5,99.0,99.2,99.6,99.7,99.7,99.7,99.7,0.0,0.0,0.0,0.0,0.0,0.0,0.0,0.0,0.0,0.0,0.0,0.0,0.0,0.0,0.0,0.0,0.0,0.0,0.0,0.0,0.0,0.0,0.0,0.0,0.0,0.0,0.0,0.0,0.0,0.0,0.0,0.0,0.0,0.0,0.0,0.0,0.0,2394.1,24.00,36,35,35,68,103,383,2,2,Yes,No,No,No,No,No,No,No,Yes,No,No,No,No,Yes,No,No,No,No,No,No,No,Yes,No,No,No,No,No,No,No,No,No,No,No,No,No,No,No,No,84.0,4380,2520,4140,69.5,1.095,1.110,1.815,1.815,0.990,5.110,2.625,No,No,No,69.8,1.095,1.110,1.815,1.815,0.990,5.110,1.875,No,No,No,41,41,94.0,100.0,No,No,32155,47955,37,70,99.0,100.0,No,No,1844,3246,0.0,0.7,0.7,0.000,0.077,63618,48904,0.0,0.0,0.0,0.000,0.000,164001,82786,58.1,62.0,65.5,83.0,0.870,20.675,20.668,20.683,21.244,9.531,9.561,8.701,18.263,3.000,11.705,7.727,7.760,100.000,140.000,2175.0,2150.2,1875.0,2175.0,1890.0,0.0,0.0,0.0,0.0,11.3,0.0,0.0,0.0,0.0,0.0,Yes,No,No,No,No,Yes,No,0,0,0,0,0,0,0,0,0,0,0,0,0,0,0,0,0,0,0,0,0,0,0,0,0,0,0,0,0,0,7265,923,689,74,16.0,64,0.300,44.860,600.0,2394.0,0.2,0.0,0.0,0.0,0.0,0.0,0.0,0.0,0.8,127,16065,127,No,No,No,No,No,No,No,No,16.747,68.277,100.0,0.000,24.1,0,0,0,0.0,1.2,1.2,1.2,1.2,1.2,1.2,1.1,1.1,1.1,1.1,1.1,1.1,850.12,850.12,850.12,850.12,850.12,850.12,0.72,849.51,850.12,0.00,113.94,647,7,0.2,0.3,0,0,0.0,0.0,0,
9.6.2026,13:33:20.922,20477,28291,41.9,17000,15384,52.4,11.3,16384,1858,0.877,0.871,0.877,0.871,0.873,0.875,0.889,0.875,0.871,0.870,0.893,0.879,0.882,0.871,0.885,0.808,0.783,2672.0,3092.4,3092.4,3092.4,3092.4,3092.4,3092.4,2493.9,2493.9,2493.9,2593.7,2593.7,2593.7,1097.3,2493.9,99.8,2493.9,2862.8,3108.5,3107.7,3109.9,3109.5,3104.8,3110.0,3102.5,3102.0,3108.9,3109.1,3109.4,3109.2,2477.7,2491.5,2496.2,2504.3,2498.2,2498.6,2499.2,2499.6,2953.8,100.0,100.0,100.0,100.0,100.0,100.0,100.0,100.0,100.0,100.0,100.0,100.0,100.0,100.0,100.0,100.0,100.0,100.0,100.0,100.0,100.0,100.0,100.0,100.0,123.9,118.3,118.3,118.3,118.3,118.3,118.3,118.0,118.0,118.3,118.3,118.3,118.3,132.7,132.7,132.7,132.7,132.2,132.2,132.2,132.2,123.9,26.8,31.0,31.0,31.0,31.0,31.0,31.0,25.0,25.0,25.0,26.0,26.0,26.0,11.0,25.0,25.0,67,68,67,69,64,68,66,67,67,67,66,66,66,65,66,33,32,33,31,36,32,34,33,33,33,34,34,34,35,34,76,69,No,No,No,No,No,No,No,No,No,No,No,No,No,No,No,No,No,No,No,No,No,No,No,No,No,No,No,No,No,No,Yes,Yes,Yes,Yes,Yes,Yes,Yes,Yes,Yes,Yes,Yes,Yes,Yes,Yes,Yes,No,No,Yes,76,69,64,1.100,43.032,46.160,38.856,0.002,5.649,0.763,175.0,175.0,175.0,175.0,0,0.0,99.6,99.7,99.7,99.8,99.8,99.6,99.8,99.8,99.8,99.8,99.8,99.8,99.8,98.5,99.1,99.3,99.6,99.7,99.7,99.7,99.7,0.0,0.0,0.0,0.0,0.0,0.0,0.0,0.0,0.0,0.0,0.0,0.0,0.0,0.0,0.0,0.0,0.0,0.0,0.0,0.0,0.0,0.0,0.0,0.0,0.0,0.0,0.0,0.0,0.0,0.0,0.0,0.0,0.0,0.0,0.0,0.0,0.0,2194.6,22.00,32,32,32,62,103,351,2,2,Yes,No,No,No,No,No,No,No,Yes,No,No,No,No,Yes,No,No,No,No,No,No,No,Yes,No,No,No,No,No,No,No,No,No,No,No,No,No,No,No,No,84.0,4380,2460,4140,69.8,1.095,1.110,1.815,1.815,0.990,5.110,1.125,No,No,No,69.8,1.095,1.110,1.800,1.815,0.990,5.110,1.625,No,No,No,41,41,94.0,100.0,No,No,32155,47955,36,70,99.0,100.0,No,No,1844,3246,0.0,0.9,0.9,0.000,0.021,63618,48904,0.0,0.0,0.0,0.000,0.000,164001,82786,58.1,62.0,65.5,83.0,0.870,20.676,20.669,20.684,21.239,9.512,9.542,8.660,18.222,3.000,11.671,7.727,7.759,100.000,140.000,2175.0,2150.2,1875.0,2175.0,1890.0,0.0,0.0,0.0,0.0,11.3,0.0,0.0,0.0,0.0,0.0,Yes,No,No,No,No,Yes,No,0,0,0,0,0,0,0,0,0,0,0,0,0,0,0,0,0,0,0,0,0,0,0,0,0,0,0,0,0,0,7265,923,689,74,16.0,63,0.300,45.672,600.0,2194.0,0.2,0.0,0.0,0.0,0.0,0.0,0.0,0.0,0.8,127,16065,127,No,No,No,No,No,No,No,No,16.747,68.277,100.0,0.000,24.1,0,0,0,0.0,2.4,105.9,1.2,1.2,1.2,1.2,2.3,25.4,1.2,1.2,1.2,1.2,423.40,837.36,9.45,1.84,845.80,845.80,0.45,422.94,423.40,0.00,476.38,647,7,0.3,0.2,0,0,0.0,0.0,0,
9.6.2026,13:33:22.932,20475,28293,41.9,17001,15383,52.4,11.3,16384,1858,0.886,0.885,0.880,0.884,0.866,0.911,0.896,0.911,0.889,0.881,0.886,0.891,0.876,0.870,0.880,0.818,0.783,2607.9,3192.2,3192.2,3192.2,3092.4,3192.2,1396.6,2593.7,2593.7,2593.7,2593.7,2593.7,2593.7,1097.3,2593.7,99.8,2593.7,2864.8,3105.8,3106.1,3108.6,3109.0,3104.7,3110.2,3106.9,3108.2,3110.5,3111.1,3110.7,3110.2,2487.8,2494.8,2500.5,2507.1,2499.7,2501.2,2502.4,2501.4,2955.8,100.0,100.0,100.0,100.0,100.0,100.0,100.0,99.9,100.0,100.0,100.0,100.0,100.0,100.0,99.9,99.9,100.0,100.0,100.0,100.0,100.0,100.0,100.0,100.0,123.9,118.2,118.2,118.2,118.2,118.2,118.2,118.1,118.1,118.2,118.2,118.2,118.2,132.5,132.5,132.5,132.5,132.2,132.2,132.2,132.2,123.9,26.1,32.0,32.0,32.0,31.0,32.0,14.0,26.0,26.0,26.0,26.0,26.0,26.0,11.0,26.0,26.0,66,68,67,68,64,65,65,67,67,67,67,66,66,66,66,34,32,33,32,36,35,35,33,33,33,33,34,34,34,34,76,68,No,No,No,No,No,No,No,No,No,No,No,No,No,No,No,No,No,No,No,No,No,No,No,No,No,No,No,No,No,No,Yes,Yes,Yes,Yes,Yes,Yes,Yes,Yes,Yes,Yes,Yes,Yes,Yes,Yes,Yes,No,No,Yes,76,68,63,1.100,43.032,43.404,36.072,0.001,5.665,0.781,175.0,175.0,175.0,175.0,0,0.0,99.6,99.7,99.7,99.8,99.8,99.6,99.8,99.7,99.8,99.8,99.8,99.8,99.8,98.9,99.1,99.4,99.6,99.6,99.7,99.7,99.7,0.0,0.0,0.0,0.0,0.0,0.0,0.0,0.0,0.1,0.1,0.0,0.1,0.0,0.0,0.1,0.0,0.0,0.0,0.0,0.0,0.0,0.0,0.0,0.0,0.0,0.0,0.0,0.0,0.0,0.0,0.0,0.0,0.0,0.0,0.0,0.0,0.0,2194.6,22.00,32,32,32,62,103,351,2,2,Yes,No,No,No,No,No,No,No,Yes,No,No,No,No,Yes,No,No,No,No,No,No,No,Yes,No,No,No,No,No,No,No,No,No,No,No,No,No,No,No,No,84.0,4320,2460,4140,69.8,1.095,1.110,1.815,1.800,0.990,5.110,1.500,No,No,No,70.0,1.095,1.110,1.815,1.815,0.990,5.110,2.000,No,No,No,41,41,94.0,100.0,No,No,32155,47955,36,70,99.0,100.0,No,No,1844,3246,0.1,0.5,0.6,0.014,0.012,63618,48905,0.0,0.0,0.0,0.000,0.000,164001,82786,58.1,64.0,65.5,83.0,0.870,20.673,20.666,20.680,21.256,9.526,9.562,8.680,18.260,3.000,11.692,7.729,7.759,100.000,140.000,2175.0,2150.2,1875.0,2175.0,1890.0,0.0,0.0,0.0,0.0,11.3,0.0,0.1,0.0,0.0,0.0,Yes,No,No,No,No,Yes,No,0,0,0,0,0,0,0,0,0,0,0,0,0,0,0,0,0,0,0,0,0,0,0,0,0,0,0,0,0,0,7265,923,689,74,16.0,64,0.300,44.787,550.0,2194.0,0.1,0.0,0.0,0.0,0.0,0.0,0.0,0.0,0.8,127,16065,127,No,No,No,No,No,No,No,No,16.748,68.277,100.0,0.000,24.1,0,0,0,0.0,1.2,1.2,1.2,1.2,1.2,1.2,1.2,1.2,1.2,1.2,1.2,1.2,846.53,846.53,846.53,846.53,846.53,846.53,0.79,845.73,846.53,0.00,142.49,647,7,0.0,0.0,0,0,0.0,0.0,0,
9.6.2026,13:33:24.928,20476,28292,41.9,17001,15383,52.4,11.3,16384,1858,0.871,0.872,0.874,0.881,0.862,0.861,0.875,0.883,0.883,0.869,0.865,0.865,0.870,0.870,0.870,0.808,0.783,2786.0,3092.4,3192.2,3192.2,3092.4,3092.4,3192.2,2593.7,2593.7,2493.9,2493.9,2493.9,2493.9,2493.9,2493.9,99.8,2493.9,2860.7,3095.3,3096.3,3100.8,3105.3,3103.7,3106.4,3103.9,3102.1,3107.1,3087.1,3107.6,3107.7,2485.3,2496.1,2496.4,2505.4,2502.9,2499.9,2502.6,2502.9,2950.4,99.9,99.6,99.7,99.7,99.9,100.0,99.9,100.0,99.9,100.0,99.3,100.0,100.0,99.8,99.9,99.7,99.9,100.0,99.9,100.0,99.9,100.0,99.9,100.0,123.8,117.8,117.9,117.9,118.1,118.2,118.2,118.1,118.1,118.2,117.4,118.2,118.2,132.4,132.6,132.3,132.6,132.5,132.4,132.5,132.4,123.8,27.9,31.0,32.0,32.0,31.0,31.0,32.0,26.0,26.0,25.0,25.0,25.0,25.0,25.0,25.0,25.0,67,68,67,69,64,68,67,68,67,67,68,65,65,65,65,33,32,33,31,36,32,33,32,33,33,32,35,35,35,35,76,69,No,No,No,No,No,No,No,No,No,No,No,No,No,No,No,No,No,No,No,No,No,No,No,No,No,No,No,No,No,No,Yes,Yes,Yes,Yes,Yes,Yes,Yes,Yes,Yes,Yes,Yes,Yes,Yes,Yes,Yes,No,No,Yes,76,68,64,1.100,44.719,44.894,37.646,0.001,5.609,0.744,175.0,175.0,175.0,175.0,0,0.0,99.6,99.4,99.4,99.6,99.7,99.6,99.8,99.8,99.7,99.8,99.2,99.8,99.8,98.8,99.3,99.3,99.6,99.7,99.6,99.7,99.7,0.1,0.0,0.0,0.0,0.0,0.0,0.0,0.2,0.1,0.3,0.0,0.0,0.1,0.0,0.0,0.0,0.0,0.0,0.0,0.0,0.0,0.0,0.0,0.0,0.0,0.0,0.0,0.0,0.0,0.0,0.0,0.0,0.0,0.0,0.0,0.0,0.0,2194.6,22.00,32,32,32,62,103,351,2,2,Yes,No,No,No,No,No,No,No,Yes,No,No,No,No,Yes,No,No,No,No,No,No,No,Yes,No,No,No,No,No,No,No,No,No,No,No,No,No,No,No,No,83.0,4320,2460,4140,69.8,1.095,1.110,1.815,1.800,0.990,5.110,1.500,No,No,No,70.0,1.095,1.110,1.815,1.800,1.005,5.110,1.500,No,No,No,41,41,94.0,100.0,No,No,32155,47955,36,70,99.0,100.0,No,No,1844,3246,0.0,0.9,0.9,0.000,0.016,63618,48905,0.0,0.0,0.0,0.000,0.000,164001,82786,58.1,64.0,65.4,83.0,0.870,20.678,20.669,20.686,21.277,9.521,9.541,8.681,18.245,3.000,11.691,7.726,7.760,100.000,140.000,2175.0,2150.2,1875.0,2175.0,1890.0,0.0,0.0,0.0,0.0,11.3,0.0,0.0,0.0,0.0,0.0,Yes,No,No,No,No,Yes,No,0,0,0,0,0,0,0,0,0,0,0,0,0,0,0,0,0,0,0,0,0,0,0,0,0,0,0,0,0,0,7265,923,689,74,16.0,65,0.300,44.040,600.0,2194.0,0.1,0.0,0.0,0.0,0.0,0.0,0.0,0.0,0.8,127,16065,127,No,No,No,No,No,No,No,No,16.747,68.277,100.0,0.000,24.1,0,0,0,0.0,1.2,1.2,1.2,1.2,1.2,1.2,1.2,1.2,1.2,1.2,1.2,1.2,848.87,848.87,848.87,848.87,848.87,848.87,0.73,848.16,848.87,0.00,224.08,647,7,0.4,0.0,0,0,0.0,0.0,0,
9.6.2026,13:33:26.927,20475,28292,41.9,17000,15383,52.4,11.3,16384,1858,0.869,0.866,0.866,0.866,0.854,0.874,0.873,0.871,0.871,0.871,0.872,0.871,0.869,0.883,0.865,0.808,0.783,2750.4,3092.4,3092.4,3092.4,3092.4,3092.4,3092.4,2493.9,2493.9,2493.9,2493.9,2493.9,2493.9,2493.9,2493.9,99.8,2493.9,2859.8,3104.6,3105.3,3106.4,3106.1,3100.1,3104.8,3102.4,3102.1,3104.2,3104.5,3105.8,3105.3,2472.0,2484.1,2494.1,2500.6,2497.2,2498.5,2498.5,2498.9,2950.2,100.0,100.0,100.0,100.0,100.0,100.0,100.0,100.0,100.0,100.0,100.0,100.0,100.0,100.0,100.0,100.0,100.0,100.0,100.0,100.0,100.0,100.0,100.0,100.0,123.8,118.2,118.2,118.2,118.2,118.2,118.2,118.0,118.0,118.1,118.1,118.2,118.2,132.6,132.6,132.6,132.6,132.2,132.2,132.2,132.2,123.8,27.6,31.0,31.0,31.0,31.0,31.0,31.0,25.0,25.0,25.0,25.0,25.0,25.0,25.0,25.0,25.0,67,70,67,68,67,67,68,68,67,67,67,66,65,65,65,33,30,33,32,33,33,32,32,33,33,33,34,35,35,35,76,70,No,No,No,No,No,No,No,No,No,No,No,No,No,No,No,No,No,No,No,No,No,No,No,No,No,No,No,No,No,No,Yes,Yes,Yes,Yes,Yes,Yes,Yes,Yes,Yes,Yes,Yes,Yes,Yes,Yes,Yes,No,No,Yes,76,68,64,1.100,43.032,45.649,38.389,0.002,5.624,0.745,175.0,175.0,175.0,175.0,0,0.0,99.6,99.7,99.7,99.8,99.8,99.6,99.8,99.8,99.8,99.8,99.8,99.8,99.8,98.4,98.9,99.3,99.6,99.7,99.7,99.7,99.7,0.0,0.0,0.0,0.0,0.0,0.0,0.0,0.0,0.0,0.0,0.0,0.0,0.0,0.0,0.0,0.0,0.0,0.0,0.0,0.0,0.0,0.0,0.0,0.0,0.0,0.0,0.0,0.0,0.0,0.0,0.0,0.0,0.0,0.0,0.0,0.0,0.0,2394.1,24.00,36,35,35,68,103,383,2,2,Yes,No,No,No,No,No,No,No,Yes,No,No,No,No,Yes,No,No,No,No,No,No,No,Yes,No,No,No,No,No,No,No,No,No,No,No,No,No,No,No,No,83.0,4380,2460,4140,69.8,1.095,1.110,1.815,1.800,0.990,5.110,1.625,No,No,No,70.0,1.095,1.110,1.815,1.800,0.990,5.110,2.000,No,No,No,41,41,94.0,100.0,No,No,32155,47955,36,70,99.0,100.0,No,No,1844,3246,0.3,1.0,1.3,0.041,0.163,63618,48905,0.0,0.0,0.0,0.000,0.000,164001,82786,58.1,62.0,65.5,83.0,0.870,20.679,20.671,20.687,21.250,9.527,9.565,8.682,18.266,3.000,11.692,7.725,7.761,100.000,140.000,2175.0,2150.2,1875.0,2175.0,1890.0,0.0,0.0,0.0,0.0,11.3,0.0,0.0,0.0,0.0,0.0,Yes,No,No,No,No,Yes,No,0,0,0,0,0,0,0,0,0,0,0,0,0,0,0,0,0,0,0,0,0,0,0,0,0,0,0,0,0,0,7265,923,689,74,16.0,64,0.300,44.446,600.0,2394.0,0.2,0.0,0.0,0.0,0.0,0.0,0.0,0.0,0.8,127,16065,127,No,No,No,No,No,No,No,No,16.746,68.277,100.0,0.000,24.1,0,0,0,0.0,1.2,1.2,1.2,1.2,1.2,1.2,1.2,1.2,1.2,1.2,1.2,1.2,844.83,844.83,844.83,844.83,844.83,844.83,0.83,844.11,844.83,0.00,161.49,647,7,0.0,0.0,0,0,0.0,0.0,0,
9.6.2026,13:33:28.920,20482,28286,41.9,17014,15370,52.5,11.3,16384,1858,0.871,0.870,0.870,0.868,0.871,0.871,0.872,0.875,0.875,0.870,0.871,0.866,0.865,0.876,0.872,0.808,0.781,2750.4,3092.4,3092.4,3092.4,3092.4,3092.4,3092.4,2493.9,2493.9,2493.9,2493.9,2493.9,2493.9,2493.9,2493.9,99.8,2493.9,2868.9,3112.9,3107.7,3114.8,3114.3,3109.7,3114.9,3109.0,3111.9,3113.8,3110.8,3114.8,3114.7,2482.7,2491.6,2506.7,2513.9,2507.9,2508.5,2508.5,2509.0,2959.0,100.0,100.0,99.8,100.0,100.0,100.0,100.0,99.9,100.0,100.0,99.9,100.0,100.0,99.9,99.9,100.0,100.0,100.0,100.0,100.0,100.0,100.0,100.0,100.0,124.2,118.5,118.3,118.5,118.4,118.5,118.5,118.3,118.4,118.4,118.3,118.5,118.5,133.0,133.0,133.0,133.1,132.7,132.7,132.7,132.7,124.2,27.6,31.0,31.0,31.0,31.0,31.0,31.0,25.0,25.0,25.0,25.0,25.0,25.0,25.0,25.0,25.0,67,69,68,68,66,68,67,66,66,67,67,65,65,66,66,33,31,32,32,34,32,33,34,34,33,33,35,35,34,34,76,69,No,No,No,No,No,No,No,No,No,No,No,No,No,No,No,No,No,No,No,No,No,No,No,No,No,No,No,No,No,No,Yes,Yes,Yes,Yes,Yes,Yes,Yes,Yes,Yes,Yes,Yes,Yes,Yes,Yes,Yes,No,No,Yes,76,69,64,1.100,45.563,42.759,35.513,0.002,5.620,0.750,175.0,175.0,175.0,175.0,0,0.0,99.6,99.7,99.6,99.8,99.8,99.6,99.8,99.7,99.8,99.8,99.7,99.8,99.8,98.4,98.8,99.4,99.6,99.7,99.7,99.7,99.7,0.0,0.0,0.0,0.0,0.0,0.0,0.0,0.1,0.1,0.0,0.0,0.0,0.0,0.0,0.0,0.0,0.0,0.0,0.0,0.0,0.0,0.0,0.0,0.0,0.0,0.0,0.0,0.0,0.0,0.0,0.0,0.0,0.0,0.0,0.0,0.0,0.0,2194.6,22.00,32,32,32,62,103,351,2,2,Yes,No,No,No,No,No,No,No,Yes,No,No,No,No,Yes,No,No,No,No,No,No,No,Yes,No,No,No,No,No,No,No,No,No,No,No,No,No,No,No,No,83.0,4320,2460,4140,70.0,1.095,1.110,1.815,1.800,0.990,5.110,1.375,No,No,No,70.0,1.095,1.110,1.815,1.800,0.990,5.110,2.125,No,No,No,41,41,94.0,100.0,No,No,32155,47955,36,70,99.0,100.0,No,No,1844,3246,0.0,1.1,1.1,0.000,0.055,63618,48905,0.0,0.0,0.0,0.000,0.000,164001,82786,58.1,62.0,65.6,83.0,0.870,20.687,20.678,20.695,21.264,9.517,9.551,8.664,18.233,3.000,11.684,7.727,7.761,100.000,140.000,2175.0,2150.2,1875.0,2175.0,1890.0,0.0,0.0,0.0,0.0,11.3,0.0,0.1,0.0,0.0,0.0,Yes,No,No,No,No,Yes,No,0,0,0,0,0,0,0,0,0,0,0,0,0,0,0,0,0,0,0,0,0,0,0,0,0,0,0,0,0,0,7265,923,689,74,16.0,63,0.300,43.946,600.0,2194.0,0.2,0.0,0.0,0.0,0.0,0.0,0.0,0.0,0.8,127,16065,127,No,No,No,No,No,No,No,No,16.747,68.277,100.0,0.000,24.1,0,0,0,0.0,2.3,22.1,1.2,1.2,1.2,1.2,2.2,25.3,1.2,1.1,1.1,1.1,442.79,840.27,45.31,38.01,848.39,848.39,0.55,440.28,442.79,0.00,466.59,647,7,0.0,0.0,0,0,0.0,0.0,0,
9.6.2026,13:33:30.932,20479,28289,41.9,17014,15370,52.5,11.3,16384,1858,0.865,0.871,0.870,0.867,0.864,0.861,0.875,0.861,0.867,0.856,0.867,0.866,0.854,0.864,0.864,0.808,0.783,2757.5,3092.4,3092.4,3092.4,3092.4,3092.4,3192.2,2493.9,2493.9,2493.9,2493.9,2493.9,2493.9,2493.9,2493.9,99.8,2493.9,2859.4,3100.3,3099.3,3104.7,3089.7,3101.1,3106.6,3107.0,3104.4,3086.3,3106.2,3107.1,3107.9,2470.8,2484.9,2496.8,2503.7,2502.9,2502.8,2502.6,2503.1,2948.6,99.9,99.9,99.8,99.9,99.4,100.0,100.0,100.0,99.9,99.3,99.9,100.0,100.0,99.8,99.9,99.9,100.0,100.0,100.0,100.0,100.0,100.0,99.9,100.0,123.8,118.0,118.0,118.1,117.5,118.1,118.2,118.2,118.1,117.4,118.1,118.1,118.1,132.2,132.4,132.4,132.4,132.4,132.4,132.4,132.4,123.8,27.6,31.0,31.0,31.0,31.0,31.0,32.0,25.0,25.0,25.0,25.0,25.0,25.0,25.0,25.0,25.0,67,68,67,68,67,68,69,67,66,67,67,66,66,66,66,33,32,33,32,33,32,31,33,34,33,33,34,34,34,34,76,69,No,No,No,No,No,No,No,No,No,No,No,No,No,No,No,No,No,No,No,No,No,No,No,No,No,No,No,No,No,No,Yes,Yes,Yes,Yes,Yes,Yes,Yes,Yes,Yes,Yes,Yes,Yes,Yes,Yes,Yes,No,No,Yes,76,69,64,1.100,43.032,44.842,37.642,0.001,5.583,0.729,175.0,175.0,175.0,175.0,0,0.0,99.5,99.6,99.6,99.7,99.2,99.6,99.8,99.8,99.7,99.1,99.8,99.8,99.8,98.4,98.9,99.4,99.6,99.7,99.7,99.7,99.7,0.0,0.0,0.0,0.0,0.0,0.0,0.0,0.2,0.1,0.1,0.0,0.0,0.0,0.0,0.0,0.0,0.0,0.0,0.0,0.0,0.0,0.0,0.0,0.0,0.0,0.0,0.0,0.0,0.0,0.0,0.0,0.0,0.0,0.0,0.0,0.0,0.0,2194.6,22.00,32,32,32,62,103,351,2,2,Yes,No,No,No,No,No,No,No,Yes,No,No,No,No,Yes,No,No,No,No,No,No,No,Yes,No,No,No,No,No,No,No,No,No,No,No,No,No,No,No,No,84.0,4320,2520,4140,70.0,1.095,1.110,1.815,1.800,0.990,5.110,2.000,No,No,No,70.0,1.095,1.110,1.815,1.800,0.990,5.110,1.375,No,No,No,41,41,94.0,100.0,No,No,32155,47955,36,70,99.0,100.0,No,No,1844,3246,0.0,0.7,0.7,0.000,0.068,63618,48905,0.0,0.0,0.0,0.000,0.000,164001,82786,58.1,62.0,65.5,83.0,0.870,20.680,20.671,20.688,21.267,9.511,9.560,8.640,18.226,3.000,11.659,7.727,7.761,100.000,140.000,2175.0,2150.2,1875.0,2175.0,1890.0,0.0,0.0,0.0,0.0,11.3,0.0,0.0,0.0,0.0,0.0,Yes,No,No,No,No,Yes,No,0,0,0,0,0,0,0,0,0,0,0,0,0,0,0,0,0,0,0,0,0,0,0,0,0,0,0,0,0,0,7265,923,689,74,16.0,64,0.300,44.967,600.0,2194.0,0.1,0.0,0.0,0.0,0.0,0.0,0.0,0.0,0.8,127,16065,127,No,No,No,No,No,No,No,No,16.749,68.277,100.0,0.000,24.1,0,0,0,0.0,2.4,108.6,1.2,1.2,1.2,1.2,2.3,25.5,1.2,1.2,1.2,1.2,415.08,820.95,9.21,1.75,829.23,829.23,0.38,414.65,415.08,0.00,758.47,647,7,0.1,0.1,0,0,0.0,0.0,0,
9.6.2026,13:33:32.923,20477,28291,41.9,17019,15365,52.5,11.3,16384,1858,0.874,0.875,0.867,0.870,0.867,0.866,0.859,0.881,0.881,0.881,0.881,0.883,0.883,0.871,0.871,0.808,0.778,2750.4,3092.4,3092.4,3092.4,3092.4,3092.4,3092.4,2493.9,2493.9,2493.9,2493.9,2493.9,2493.9,2493.9,2493.9,99.8,2493.9,2849.0,3092.0,3091.9,3094.7,3094.6,3090.2,3094.7,3091.0,3090.8,3094.2,3094.1,3092.8,3092.4,2461.1,2472.7,2489.1,2492.1,2487.5,2487.8,2487.8,2488.3,2939.3,100.0,100.0,100.0,100.0,100.0,100.0,100.0,100.0,100.0,100.0,100.0,100.0,100.0,100.0,100.0,100.0,100.0,100.0,100.0,100.0,100.0,100.0,100.0,100.0,123.3,117.7,117.7,117.7,117.7,117.7,117.7,117.5,117.6,117.7,117.6,117.6,117.6,132.0,132.0,132.0,132.0,131.6,131.6,131.6,131.6,123.3,27.6,31.0,31.0,31.0,31.0,31.0,31.0,25.0,25.0,25.0,25.0,25.0,25.0,25.0,25.0,25.0,67,68,67,69,66,68,68,66,66,66,66,66,66,66,65,33,32,33,31,34,32,32,34,34,34,34,34,34,34,35,76,69,No,No,No,No,No,No,No,No,No,No,No,No,No,No,No,No,No,No,No,No,No,No,No,No,No,No,No,No,No,No,Yes,Yes,Yes,Yes,Yes,Yes,Yes,Yes,Yes,Yes,Yes,Yes,Yes,Yes,Yes,No,No,Yes,77,69,64,1.100,43.876,45.347,38.188,0.002,5.561,0.706,175.0,175.0,175.0,175.0,0,0.0,99.6,99.7,99.7,99.8,99.8,99.6,99.8,99.8,99.8,99.8,99.8,99.8,99.8,98.4,98.9,99.5,99.6,99.7,99.7,99.7,99.7,0.0,0.0,0.0,0.0,0.0,0.0,0.0,0.0,0.0,0.0,0.0,0.0,0.0,0.0,0.0,0.0,0.0,0.0,0.0,0.0,0.0,0.0,0.0,0.0,0.0,0.0,0.0,0.0,0.0,0.0,0.0,0.0,0.0,0.0,0.0,0.0,0.0,2194.6,22.00,32,32,32,62,103,351,2,2,Yes,No,No,No,No,No,No,No,Yes,No,No,No,No,Yes,No,No,No,No,No,No,No,Yes,No,No,No,No,No,No,No,No,No,No,No,No,No,No,No,No,84.0,4320,2460,4140,70.0,1.095,1.110,1.800,1.800,0.990,5.110,1.750,No,No,No,70.0,1.095,1.110,1.800,1.800,0.990,5.110,1.625,No,No,No,41,41,94.0,100.0,No,No,32155,47955,36,70,99.0,100.0,No,No,1844,3246,0.0,1.4,1.4,0.000,0.026,63618,48905,0.0,0.0,0.0,0.000,0.000,164001,82786,58.1,62.0,65.5,83.0,0.870,20.676,20.668,20.684,21.295,9.518,9.557,8.660,18.243,3.000,11.677,7.727,7.761,100.000,140.000,2175.0,2150.2,1875.0,2175.0,1890.0,0.0,0.0,0.0,0.0,11.3,0.0,0.0,0.0,0.0,0.0,Yes,No,No,No,No,Yes,No,0,0,0,0,0,0,0,0,0,0,0,0,0,0,0,0,0,0,0,0,0,0,0,0,0,0,0,0,0,0,7265,923,689,74,16.0,64,0.300,44.292,600.0,2194.0,0.2,0.0,0.0,0.0,0.0,0.0,0.0,0.0,0.8,127,16065,127,No,No,No,No,No,No,No,No,16.748,68.277,100.0,0.000,24.1,0,0,0,0.0,2.4,106.6,1.2,1.2,1.2,1.2,2.2,25.3,1.2,1.2,1.2,1.2,424.65,839.92,9.38,1.76,848.40,848.40,0.48,424.13,424.65,0.00,481.46,647,7,0.1,0.0,0,0,0.0,0.0,0,
9.6.2026,13:33:34.931,20480,28288,41.9,17025,15359,52.5,11.3,16384,1858,0.868,0.864,0.866,0.872,0.866,0.866,0.871,0.868,0.869,0.873,0.871,0.871,0.870,0.860,0.870,0.808,0.781,2750.4,3092.4,3092.4,3092.4,3092.4,3092.4,3092.4,2493.9,2493.9,2493.9,2493.9,2493.9,2493.9,2493.9,2493.9,99.8,2493.9,2867.2,3110.3,3110.4,3113.4,3113.4,3108.2,3113.4,3110.1,3107.9,3113.7,3113.3,3113.4,3113.9,2486.4,2500.2,2501.7,2510.4,2501.2,2498.6,2503.1,2501.2,2958.8,100.0,100.0,100.0,100.0,100.0,100.0,100.0,100.0,99.9,100.0,100.0,100.0,100.0,99.9,99.9,99.8,100.0,99.9,99.8,100.0,99.9,100.0,100.0,100.0,124.1,118.4,118.4,118.4,118.4,118.4,118.4,118.3,118.2,118.4,118.4,118.4,118.4,132.9,132.9,132.8,133.0,132.3,132.2,132.4,132.3,124.1,27.6,31.0,31.0,31.0,31.0,31.0,31.0,25.0,25.0,25.0,25.0,25.0,25.0,25.0,25.0,25.0,67,68,67,68,66,68,66,68,68,68,68,66,66,65,65,33,32,33,32,34,32,34,32,32,32,32,34,34,35,35,76,68,No,No,No,No,No,No,No,No,No,No,No,No,No,No,No,No,No,No,No,No,No,No,No,No,No,No,No,No,No,No,Yes,Yes,Yes,Yes,Yes,Yes,Yes,Yes,Yes,Yes,Yes,Yes,Yes,Yes,Yes,No,No,Yes,76,69,64,1.100,43.032,43.323,36.113,0.002,5.594,0.726,175.0,175.0,175.0,175.0,0,0.0,99.6,99.7,99.7,99.8,99.8,99.6,99.8,99.8,99.7,99.8,99.8,99.8,99.8,98.6,99.2,99.2,99.6,99.6,99.5,99.7,99.6,0.0,0.0,0.0,0.0,0.0,0.0,0.0,0.1,0.1,0.1,0.0,0.1,0.2,0.0,0.1,0.0,0.0,0.0,0.0,0.0,0.0,0.0,0.0,0.0,0.0,0.0,0.0,0.0,0.0,0.0,0.0,0.0,0.0,0.0,0.0,0.0,0.0,2394.1,24.00,36,35,35,68,103,383,2,2,Yes,No,No,No,No,No,No,No,Yes,No,No,No,No,Yes,No,No,No,No,No,No,No,Yes,No,No,No,No,No,No,No,No,No,No,No,No,No,No,No,No,84.0,4380,2520,4140,70.0,1.095,1.110,1.800,1.800,0.990,5.110,2.500,No,No,No,70.0,1.095,1.110,1.800,1.815,0.990,5.110,1.375,No,No,No,41,41,94.0,100.0,No,No,32155,47955,36,70,99.0,100.0,No,No,1844,3246,0.0,0.5,0.5,0.000,0.016,63618,48905,0.0,0.0,0.0,0.000,0.000,164001,82786,58.1,64.0,65.5,83.0,0.870,20.677,20.668,20.685,21.293,9.507,9.529,8.660,18.203,3.000,11.673,7.726,7.761,100.000,140.000,2175.0,2150.2,1875.0,2175.0,1890.0,0.0,0.0,0.0,0.0,11.3,0.0,0.0,0.0,0.0,0.0,Yes,No,No,No,No,Yes,No,0,0,0,0,0,0,0,0,0,0,0,0,0,0,0,0,0,0,0,0,0,0,0,0,0,0,0,0,0,0,7265,923,689,74,16.0,64,0.300,44.541,600.0,2394.0,0.2,0.0,0.0,0.0,0.0,0.0,0.0,0.0,0.8,127,16065,127,No,No,No,No,No,No,No,No,16.748,68.277,100.0,0.000,24.1,0,0,0,0.0,3.4,723.7,1.2,1.2,1.2,1.2,3.2,31.9,1.2,1.2,1.2,1.2,295.30,830.57,1.38,0.70,846.74,846.74,0.31,294.98,295.30,0.00,315.92,647,7,1.0,0.2,0,0,0.0,0.0,0,
9.6.2026,13:33:36.929,20472,28296,41.9,17025,15358,52.5,11.3,16384,1858,0.871,0.870,0.869,0.859,0.870,0.877,0.870,0.871,0.870,0.870,0.870,0.876,0.876,0.876,0.876,0.808,0.781,2750.4,3092.4,3092.4,3092.4,3092.4,3092.4,3092.4,2493.9,2493.9,2493.9,2493.9,2493.9,2493.9,2493.9,2493.9,99.8,2493.9,2843.6,3084.9,3084.4,3087.6,3087.6,3082.0,3087.3,3085.1,3084.7,3086.6,3086.9,3086.9,3086.6,2458.8,2467.8,2478.7,2486.3,2487.0,2487.4,2487.6,2488.0,2932.6,100.0,100.0,100.0,100.0,100.0,100.0,100.0,100.0,100.0,100.0,100.0,100.0,100.0,100.0,100.0,100.0,100.0,100.0,100.0,100.0,100.0,100.0,100.0,100.0,123.1,117.4,117.4,117.4,117.4,117.4,117.4,117.3,117.3,117.4,117.4,117.4,117.4,131.6,131.6,131.6,131.6,131.6,131.6,131.6,131.6,123.1,27.6,31.0,31.0,31.0,31.0,31.0,31.0,25.0,25.0,25.0,25.0,25.0,25.0,25.0,25.0,25.0,67,69,67,69,64,68,68,68,68,67,67,66,66,66,66,33,31,33,31,36,32,32,32,32,33,33,34,34,34,34,77,69,No,No,No,No,No,No,No,No,No,No,No,No,No,No,No,No,No,No,No,No,No,No,No,No,No,No,No,No,No,No,Yes,Yes,Yes,Yes,Yes,Yes,Yes,Yes,Yes,Yes,Yes,Yes,Yes,Yes,Yes,No,No,Yes,76,68,63,1.100,43.032,44.918,37.704,0.002,5.594,0.729,175.0,175.0,175.0,175.0,0,0.0,99.6,99.7,99.7,99.8,99.8,99.6,99.8,99.8,99.8,99.8,99.8,99.8,99.8,98.5,98.9,99.3,99.6,99.7,99.7,99.7,99.7,0.0,0.0,0.0,0.0,0.0,0.0,0.0,0.0,0.0,0.0,0.0,0.0,0.0,0.0,0.0,0.0,0.0,0.0,0.0,0.0,0.0,0.0,0.0,0.0,0.0,0.0,0.0,0.0,0.0,0.0,0.0,0.0,0.0,0.0,0.0,0.0,0.0,2194.6,22.00,32,32,32,62,103,351,2,2,Yes,No,No,No,No,No,No,No,Yes,No,No,No,No,Yes,No,No,No,No,No,No,No,Yes,No,No,No,No,No,No,No,No,No,No,No,No,No,No,No,No,84.0,4320,2460,4140,70.0,1.095,1.110,1.800,1.800,0.990,5.110,2.625,No,No,No,70.2,1.095,1.110,1.800,1.800,0.990,5.110,1.500,No,No,No,41,41,94.0,100.0,No,No,32155,47955,36,70,99.0,100.0,No,No,1844,3246,0.0,1.2,1.2,0.000,0.023,63618,48905,0.0,0.0,0.0,0.000,0.000,164001,82786,58.2,64.0,65.6,83.0,0.870,20.682,20.673,20.690,21.275,9.524,9.553,8.683,18.249,3.000,11.695,7.728,7.761,100.000,140.000,2175.0,2150.2,1875.0,2175.0,1890.0,0.0,0.0,0.0,0.0,11.3,0.0,0.0,0.0,0.0,0.0,Yes,No,No,No,No,Yes,No,0,0,0,0,0,0,0,0,0,0,0,0,0,0,0,0,0,0,0,0,0,0,0,0,0,0,0,0,0,0,7265,923,689,74,16.0,63,0.300,43.459,600.0,2194.0,0.2,0.0,0.0,0.0,0.0,0.0,0.0,0.0,0.8,127,16065,127,No,No,No,No,No,No,No,No,16.748,68.277,100.0,0.000,24.1,0,0,0,0.0,1.2,1.2,1.2,1.2,1.2,1.2,1.2,1.2,1.2,1.2,1.2,1.2,847.11,847.11,847.11,847.11,847.11,847.11,0.68,846.42,847.11,0.00,152.68,647,7,0.0,0.0,0,0,0.0,0.0,0,
9.6.2026,13:33:38.921,20470,28297,41.9,17024,15359,52.5,11.3,16384,1858,0.878,0.864,0.870,0.869,0.870,0.895,0.887,0.883,0.883,0.883,0.883,0.866,0.881,0.882,0.872,0.808,0.781,2700.5,3092.4,3092.4,3092.4,3192.2,3092.4,3192.2,2593.7,2593.7,2593.7,2593.7,1097.3,2493.9,2593.7,2493.9,99.8,2493.9,2858.4,3101.3,3100.7,3103.7,3103.9,3097.9,3103.3,3097.7,3098.1,3103.1,3103.4,3104.2,3104.2,2472.4,2484.1,2498.1,2501.9,2497.1,2497.3,2497.9,2498.0,2948.6,100.0,100.0,100.0,100.0,100.0,100.0,100.0,100.0,100.0,100.0,100.0,100.0,100.0,100.0,100.0,100.0,100.0,100.0,100.0,100.0,100.0,100.0,100.0,100.0,123.7,118.0,118.0,118.1,118.1,118.0,118.0,117.8,117.8,118.0,118.0,118.0,118.0,132.5,132.5,132.5,132.5,132.1,132.1,132.1,132.1,123.7,27.1,31.0,31.0,31.0,32.0,31.0,32.0,26.0,26.0,26.0,26.0,11.0,25.0,26.0,25.0,25.0,67,69,67,69,66,66,68,67,67,67,67,66,66,66,66,33,31,33,31,34,34,32,33,33,33,33,34,34,34,34,76,69,No,No,No,No,No,No,No,No,No,No,No,No,No,No,No,No,No,No,No,No,No,No,No,No,No,No,No,No,No,No,Yes,Yes,Yes,Yes,Yes,Yes,Yes,Yes,Yes,Yes,Yes,Yes,Yes,Yes,Yes,No,No,Yes,76,68,65,1.100,44.719,42.498,35.295,0.002,5.586,0.720,175.0,175.0,175.0,175.0,0,0.0,99.6,99.7,99.7,99.8,99.8,99.6,99.8,99.8,99.8,99.8,99.8,99.8,99.8,98.4,98.9,99.4,99.6,99.7,99.7,99.7,99.7,0.0,0.0,0.0,0.0,0.0,0.0,0.0,0.0,0.0,0.0,0.0,0.0,0.0,0.0,0.0,0.0,0.0,0.0,0.0,0.0,0.0,0.0,0.0,0.0,0.0,0.0,0.0,0.0,0.0,0.0,0.0,0.0,0.0,0.0,0.0,0.0,0.0,2394.1,24.00,36,35,35,68,103,383,2,2,Yes,No,No,No,No,No,No,No,Yes,No,No,No,No,Yes,No,No,No,No,No,No,No,Yes,No,No,No,No,No,No,No,No,No,No,No,No,No,No,No,No,83.0,4380,2520,4140,70.0,1.095,1.110,1.800,1.800,0.990,5.110,3.000,No,No,No,70.2,1.095,1.110,1.800,1.800,0.990,5.110,2.375,No,No,No,41,41,94.0,100.0,No,No,32155,47955,36,70,99.0,100.0,No,No,1844,3246,0.8,0.8,1.6,0.046,0.054,63618,48905,0.0,0.0,0.0,0.000,0.000,164001,82786,58.2,64.0,65.6,83.0,0.870,20.676,20.668,20.684,21.259,9.514,9.554,8.660,18.223,3.000,11.669,7.732,7.760,100.000,140.000,2175.0,2150.2,1875.0,2175.0,1890.0,0.0,0.0,0.0,0.0,11.3,0.0,0.0,0.0,0.0,0.0,Yes,No,No,No,No,Yes,No,0,0,0,0,0,0,0,0,0,0,0,0,0,0,0,0,0,0,0,0,0,0,0,0,0,0,0,0,0,0,7265,923,689,74,16.0,64,0.300,44.025,600.0,2394.0,0.2,0.0,0.0,0.0,0.0,0.0,0.0,0.0,0.8,127,16065,127,No,No,No,No,No,No,No,No,16.747,68.277,100.0,0.000,24.1,0,0,0,0.0,2.4,105.6,1.2,1.2,1.2,1.2,2.2,25.2,1.2,1.2,1.2,1.2,424.08,838.69,9.47,1.86,847.15,847.15,0.36,423.67,424.08,0.00,474.83,647,7,0.3,0.1,0,0,0.0,0.0,0,
9.6.2026,13:33:40.933,20470,28298,41.9,17027,15357,52.5,11.3,16384,1858,0.892,0.868,0.868,0.883,0.879,0.877,0.903,0.903,0.900,0.900,0.900,0.900,0.900,0.910,0.894,0.808,0.781,2835.9,3092.4,3092.4,3192.2,3192.2,3192.2,3192.2,2593.7,2593.7,2593.7,2593.7,2593.7,2593.7,2593.7,2593.7,99.8,2493.9,2861.6,3105.2,3105.3,3108.0,3106.0,3104.6,3109.1,3099.2,3099.4,3107.2,3107.2,3107.8,3107.4,2479.8,2495.7,2493.1,2505.1,2497.3,2498.2,2497.7,2498.5,2952.5,100.0,100.0,100.0,100.0,99.9,100.0,100.0,100.0,100.0,100.0,100.0,100.0,100.0,100.0,100.0,100.0,100.0,100.0,100.0,100.0,100.0,100.0,100.0,100.0,123.8,118.2,118.2,118.2,118.1,118.2,118.2,117.8,117.9,118.1,118.1,118.2,118.2,132.6,132.6,132.6,132.6,132.1,132.1,132.1,132.1,123.8,28.4,31.0,31.0,32.0,32.0,32.0,32.0,26.0,26.0,26.0,26.0,26.0,26.0,26.0,26.0,25.0,67,68,68,68,67,67,67,67,67,67,67,66,66,66,66,33,32,32,32,33,33,33,33,33,33,33,34,34,34,34,76,68,No,No,No,No,No,No,No,No,No,No,No,No,No,No,No,No,No,No,No,No,No,No,No,No,No,No,No,No,No,No,Yes,Yes,Yes,Yes,Yes,Yes,Yes,Yes,Yes,Yes,Yes,Yes,Yes,Yes,Yes,No,No,Yes,76,69,64,1.100,28.688,42.863,35.732,0.002,5.551,0.695,175.0,175.0,175.0,175.0,0,0.0,99.6,99.8,99.7,99.8,99.7,99.7,99.8,99.8,99.8,99.8,99.8,99.8,99.8,98.6,99.3,99.2,99.6,99.7,99.7,99.7,99.7,0.0,0.0,0.0,0.0,0.0,0.0,0.0,0.0,0.0,0.0,0.0,0.0,0.0,0.0,0.0,0.0,0.0,0.0,0.0,0.0,0.0,0.0,0.0,0.0,0.0,0.0,0.0,0.0,0.0,0.0,0.0,0.0,0.0,0.0,0.0,0.0,0.0,2194.6,22.00,32,32,32,62,103,351,2,2,Yes,No,No,No,No,No,No,No,Yes,No,No,No,No,Yes,No,No,No,No,No,No,No,Yes,No,No,No,No,No,No,No,No,No,No,No,No,No,No,No,No,83.0,4320,2460,4140,70.0,1.110,1.110,1.800,1.800,0.990,5.110,1.750,No,No,No,70.2,1.095,1.110,1.800,1.800,0.990,5.110,1.625,No,No,No,41,41,94.0,100.0,No,No,32155,47955,36,70,99.0,100.0,No,No,1844,3246,0.0,0.6,0.6,0.000,0.016,63618,48905,0.0,0.0,0.0,0.000,0.000,164001,82786,58.2,64.0,65.5,83.0,0.870,20.678,20.670,20.686,21.239,9.500,9.503,8.661,18.183,3.000,11.667,7.729,7.760,100.000,140.000,2175.0,2150.2,1875.0,2175.0,1890.0,0.0,0.0,0.0,0.0,11.3,0.0,0.0,0.0,0.0,0.0,Yes,No,No,No,No,Yes,No,0,0,0,0,0,0,0,0,0,0,0,0,0,0,0,0,0,0,0,0,0,0,0,0,0,0,0,0,0,0,7265,923,689,74,16.0,64,0.300,41.299,550.0,2194.0,0.2,0.0,0.0,0.0,0.0,0.0,0.0,0.0,0.8,127,16065,127,No,No,No,No,No,No,No,No,16.746,68.277,100.0,0.000,24.1,0,0,0,0.0,2.4,108.4,1.2,1.2,1.2,1.2,2.3,25.0,1.2,1.2,1.2,1.2,415.99,822.76,9.23,1.76,831.06,831.06,0.30,415.65,415.99,0.00,480.16,647,7,0.1,0.0,0,0,0.0,0.0,0,
9.6.2026,13:33:42.927,20475,28292,41.9,17040,15344,52.6,11.3,16384,1858,0.870,0.871,0.878,0.869,0.869,0.866,0.865,0.870,0.870,0.870,0.871,0.870,0.871,0.871,0.871,0.818,0.781,2764.7,3192.2,3192.2,3092.4,3092.4,3092.4,3092.4,2493.9,2493.9,2493.9,2493.9,2493.9,2493.9,2493.9,2493.9,99.8,2593.7,2860.8,3100.7,3101.7,3104.8,3107.4,3103.0,3106.7,3104.1,3103.0,3107.0,3106.1,3105.6,3105.5,2473.4,2492.6,2492.3,2502.9,2499.4,2499.8,2500.4,2500.3,2951.0,100.0,99.9,99.9,99.9,100.0,100.0,100.0,100.0,100.0,100.0,100.0,100.0,100.0,99.8,99.9,99.9,99.9,100.0,100.0,100.0,100.0,100.0,100.0,100.0,123.8,118.0,118.0,118.1,118.1,118.1,118.1,118.0,118.0,118.1,118.1,118.1,118.1,132.5,132.6,132.6,132.6,132.2,132.3,132.3,132.3,123.8,27.7,32.0,32.0,31.0,31.0,31.0,31.0,25.0,25.0,25.0,25.0,25.0,25.0,25.0,25.0,26.0,67,69,67,69,67,68,68,68,68,68,68,66,66,66,65,33,31,33,31,33,32,32,32,32,32,32,34,34,34,35,76,69,No,No,No,No,No,No,No,No,No,No,No,No,No,No,No,No,No,No,No,No,No,No,No,No,No,No,No,No,No,No,Yes,Yes,Yes,Yes,Yes,Yes,Yes,Yes,Yes,Yes,Yes,Yes,Yes,Yes,Yes,No,No,Yes,76,69,64,1.100,44.719,44.638,37.564,0.002,5.506,0.683,175.0,175.0,175.0,175.0,0,0.0,99.6,99.7,99.7,99.7,99.8,99.6,99.8,99.8,99.8,99.8,99.8,99.8,99.8,98.4,99.1,99.1,99.6,99.7,99.7,99.7,99.7,0.0,0.0,0.0,0.0,0.0,0.0,0.0,0.1,0.0,0.0,0.1,0.0,0.0,0.0,0.0,0.0,0.0,0.0,0.0,0.0,0.0,0.0,0.0,0.0,0.0,0.0,0.0,0.0,0.0,0.0,0.0,0.0,0.0,0.0,0.0,0.0,0.0,2194.6,22.00,32,32,32,62,103,351,2,2,Yes,No,No,No,No,No,No,No,Yes,No,No,No,No,Yes,No,No,No,No,No,No,No,Yes,No,No,No,No,No,No,No,No,No,No,No,No,No,No,No,No,84.0,4320,2460,4140,70.0,1.110,1.110,1.800,1.800,0.990,5.110,2.500,No,No,No,70.2,1.110,1.110,1.800,1.800,0.990,5.110,2.000,No,No,No,41,41,94.0,100.0,No,No,32155,47955,36,70,99.0,100.0,No,No,1844,3246,0.0,1.1,1.1,0.000,0.018,63618,48905,0.0,0.0,0.0,0.000,0.000,164001,82786,58.2,64.0,65.6,83.0,0.870,20.679,20.670,20.688,21.250,9.488,9.503,8.640,18.143,3.000,11.646,7.726,7.760,100.000,140.000,2175.0,2150.2,1875.0,2175.0,1890.0,0.0,0.0,0.0,0.0,11.3,0.0,0.0,0.0,0.0,0.0,Yes,No,No,No,No,Yes,No,0,0,0,0,0,0,0,0,0,0,0,0,0,0,0,0,0,0,0,0,0,0,0,0,0,0,0,0,0,0,7265,923,689,74,16.0,63,0.300,46.469,600.0,2194.0,0.2,0.0,0.0,0.0,0.0,0.0,0.0,0.0,0.8,127,16065,127,No,No,No,No,No,No,No,No,16.748,68.277,100.0,0.000,24.1,0,0,0,0.0,3.4,703.6,1.2,1.2,1.2,1.2,3.3,82.2,1.2,1.2,1.2,1.2,291.38,830.29,1.42,0.96,846.69,846.69,0.42,290.96,291.38,0.00,367.98,647,7,0.0,0.0,0,0,0.0,0.0,0,
9.6.2026,13:33:44.920,20469,28299,41.9,17035,15348,52.6,11.3,16384,1858,0.874,0.861,0.864,0.868,0.868,0.874,0.873,0.872,0.874,0.874,0.883,0.883,0.883,0.883,0.879,0.808,0.781,2750.4,3092.4,3092.4,3092.4,3092.4,3092.4,3092.4,2493.9,2493.9,2493.9,2493.9,2493.9,2493.9,2493.9,2493.9,99.8,2493.9,2838.3,3080.6,3080.0,3082.1,3081.4,3076.7,3081.1,3076.9,3076.7,3080.8,3080.9,3081.6,3081.4,2455.4,2466.5,2474.0,2481.2,2481.7,2481.9,2482.4,2482.7,2927.3,100.0,100.0,100.0,100.0,100.0,100.0,100.0,100.0,100.0,100.0,100.0,100.0,100.0,100.0,100.0,100.0,100.0,100.0,100.0,100.0,100.0,100.0,100.0,100.0,122.9,117.2,117.2,117.2,117.2,117.2,117.2,117.1,117.1,117.2,117.2,117.3,117.3,131.5,131.5,131.5,131.5,131.3,131.3,131.3,131.3,122.9,27.6,31.0,31.0,31.0,31.0,31.0,31.0,25.0,25.0,25.0,25.0,25.0,25.0,25.0,25.0,25.0,67,69,68,69,66,68,66,67,67,67,67,65,65,65,65,33,31,32,31,34,32,34,33,33,33,33,35,35,35,35,76,69,No,No,No,No,No,No,No,No,No,No,No,No,No,No,No,No,No,No,No,No,No,No,No,No,No,No,No,No,No,No,Yes,Yes,Yes,Yes,Yes,Yes,Yes,Yes,Yes,Yes,Yes,Yes,Yes,Yes,Yes,No,No,Yes,76,69,64,1.100,43.032,46.035,38.877,0.002,5.562,0.709,175.0,175.0,175.0,175.0,0,0.0,99.6,99.7,99.7,99.8,99.8,99.7,99.8,99.8,99.8,99.8,99.8,99.8,99.8,98.6,99.0,99.3,99.6,99.7,99.7,99.7,99.7,0.0,0.0,0.0,0.0,0.0,0.0,0.0,0.0,0.0,0.0,0.0,0.0,0.0,0.0,0.0,0.0,0.0,0.0,0.0,0.0,0.0,0.0,0.0,0.0,0.0,0.0,0.0,0.0,0.0,0.0,0.0,0.0,0.0,0.0,0.0,0.0,0.0,2394.1,24.00,36,35,35,68,103,383,2,2,Yes,No,No,No,No,No,No,No,Yes,No,No,No,No,Yes,No,No,No,No,No,No,No,Yes,No,No,No,No,No,No,No,No,No,No,No,No,No,No,No,No,84.0,4320,2460,4140,70.0,1.110,1.110,1.800,1.800,0.990,5.110,1.500,No,No,No,70.0,1.110,1.110,1.800,1.800,0.990,5.110,1.000,No,No,No,41,41,94.0,100.0,No,No,32155,47955,36,70,99.0,100.0,No,No,1844,3246,0.0,1.2,1.2,0.000,0.018,63618,48905,0.0,0.0,0.0,0.000,0.000,164001,82786,58.2,62.0,65.5,83.0,0.870,20.678,20.670,20.687,21.232,9.522,9.536,8.661,18.225,3.000,11.680,7.793,7.762,100.000,140.000,2175.0,2150.2,1875.0,2175.0,1890.0,0.0,0.0,0.0,0.0,11.3,0.0,0.0,0.0,0.0,0.0,Yes,No,No,No,No,Yes,No,0,0,0,0,0,0,0,0,0,0,0,0,0,0,0,0,0,0,0,0,0,0,0,0,0,0,0,0,0,0,7265,923,689,74,16.0,64,0.300,44.463,550.0,2394.0,0.2,0.0,0.0,0.0,0.0,0.0,0.0,0.0,0.8,127,16065,127,No,No,No,No,No,No,No,No,16.748,68.277,100.0,0.000,24.1,0,0,0,0.0,1.2,1.2,1.2,1.2,1.2,1.2,1.1,1.1,1.1,1.1,1.1,1.1,848.79,848.79,848.79,848.79,848.79,848.79,0.67,848.02,848.79,0.00,114.25,647,7,0.3,0.0,0,0,0.0,0.0,0,
9.6.2026,13:33:46.933,20467,28301,41.9,17039,15345,52.6,11.3,16384,1858,0.879,0.891,0.901,0.901,0.906,0.877,0.868,0.871,0.871,0.871,0.871,0.873,0.872,0.874,0.859,0.818,0.783,2786.0,3192.2,3192.2,3192.2,3192.2,3192.2,3092.4,2493.9,2493.9,2493.9,2493.9,2493.9,2493.9,2493.9,2493.9,99.8,2593.7,2852.3,3094.6,3095.1,3098.0,3098.1,3094.1,3098.3,3095.8,3096.0,3098.8,3099.6,3100.5,3100.4,2467.2,2476.2,2489.7,2496.4,2484.5,2487.4,2487.6,2487.8,2943.7,100.0,100.0,100.0,100.0,100.0,100.0,100.0,100.0,100.0,100.0,100.0,100.0,100.0,100.0,100.0,100.0,100.0,100.0,100.0,100.0,100.0,100.0,100.0,100.0,123.4,117.8,117.8,117.8,117.8,117.8,117.8,117.7,117.7,117.8,117.8,117.8,117.8,132.1,132.1,132.1,132.1,131.6,131.6,131.6,131.6,123.4,27.9,32.0,32.0,32.0,32.0,32.0,31.0,25.0,25.0,25.0,25.0,25.0,25.0,25.0,25.0,26.0,67,69,67,70,63,68,68,68,68,66,67,65,65,65,64,33,31,33,30,37,32,32,32,32,34,33,35,35,35,36,76,70,No,No,No,No,No,No,No,No,No,No,No,No,No,No,No,No,No,No,No,No,No,No,No,No,No,No,No,No,No,No,Yes,Yes,Yes,Yes,Yes,Yes,Yes,Yes,Yes,Yes,Yes,Yes,Yes,Yes,Yes,No,No,Yes,76,69,64,1.100,43.032,44.305,37.082,0.002,5.602,0.731,175.0,175.0,175.0,175.0,0,0.0,99.6,99.7,99.7,99.8,99.8,99.7,99.8,99.8,99.8,99.8,99.8,99.8,99.8,98.4,98.8,99.3,99.6,99.6,99.7,99.7,99.7,0.0,0.0,0.0,0.0,0.0,0.0,0.0,0.0,0.0,0.0,0.0,0.0,0.0,0.0,0.0,0.0,0.0,0.0,0.0,0.0,0.0,0.0,0.0,0.0,0.0,0.0,0.0,0.0,0.0,0.0,0.0,0.0,0.0,0.0,0.0,0.0,0.0,2394.1,24.00,36,35,35,68,103,383,2,2,Yes,No,No,No,No,No,No,No,Yes,No,No,No,No,Yes,No,No,No,No,No,No,No,Yes,No,No,No,No,No,No,No,No,No,No,No,No,No,No,No,No,84.0,4380,2520,4140,70.0,1.110,1.110,1.800,1.815,0.990,5.110,1.750,No,No,No,70.2,1.110,1.110,1.800,1.800,0.990,5.110,1.000,No,No,No,41,41,94.0,100.0,No,No,32155,47955,36,70,99.0,100.0,No,No,1844,3246,0.0,1.3,1.3,0.000,0.055,63618,48906,0.0,0.0,0.0,0.000,0.000,164001,82786,58.2,64.0,65.6,83.0,0.870,20.685,20.675,20.694,21.245,9.496,9.520,8.642,18.169,3.000,11.653,7.727,7.759,100.000,140.000,2175.0,2150.2,1875.0,2175.0,1890.0,0.0,0.0,0.0,0.0,11.3,0.0,0.0,0.0,0.0,0.0,Yes,No,No,No,No,Yes,No,0,0,0,0,0,0,0,0,0,0,0,0,0,0,0,0,0,0,0,0,0,0,0,0,0,0,0,0,0,0,7265,923,689,74,16.0,64,0.300,46.309,600.0,2394.0,0.2,0.0,0.0,0.0,0.0,0.0,0.0,0.0,0.8,127,16065,127,No,No,No,No,No,No,No,No,16.747,68.277,100.0,0.000,24.1,0,0,0,0.0,2.4,106.3,1.2,1.2,1.2,1.2,2.4,25.5,1.2,1.2,1.2,1.2,415.62,821.83,9.41,1.95,830.12,830.12,0.46,415.12,415.62,0.00,493.25,647,7,0.2,0.0,0,0,0.0,0.0,0,
9.6.2026,13:33:48.925,20468,28300,41.9,17041,15343,52.6,11.3,16384,1858,0.881,0.878,0.876,0.877,0.875,0.874,0.878,0.871,0.893,0.886,0.886,0.886,0.892,0.892,0.877,0.818,0.778,2821.7,3192.2,3192.2,3192.2,3192.2,3192.2,3192.2,2593.7,2593.7,2593.7,2593.7,2493.9,2493.9,2493.9,2493.9,99.8,2593.7,2878.1,3123.2,3124.3,3121.0,3124.8,3124.1,3129.4,3123.7,3123.4,3124.4,3118.2,3130.7,3131.0,2489.5,2502.9,2512.8,2520.6,2509.5,2509.3,2508.8,2509.7,2970.2,99.9,99.9,99.9,99.7,99.8,100.0,100.0,99.9,99.9,99.8,99.6,100.0,100.0,99.8,100.0,99.9,99.9,100.0,100.0,99.9,100.0,100.0,99.9,100.0,124.5,118.9,118.9,118.7,118.8,118.9,119.0,118.8,118.8,118.8,118.5,119.0,119.0,133.2,133.4,133.3,133.3,132.5,132.5,132.4,132.5,124.5,28.3,32.0,32.0,32.0,32.0,32.0,32.0,26.0,26.0,26.0,26.0,25.0,25.0,25.0,25.0,26.0,67,69,67,68,67,68,68,68,66,67,67,66,66,66,66,33,31,33,32,33,32,32,32,34,33,33,34,34,34,34,75,69,No,No,No,No,No,No,No,No,No,No,No,No,No,No,No,No,No,No,No,No,No,No,No,No,No,No,No,No,No,No,Yes,Yes,Yes,Yes,Yes,Yes,Yes,Yes,Yes,Yes,Yes,Yes,Yes,Yes,Yes,No,No,Yes,76,68,64,1.100,42.188,46.514,39.480,0.002,5.473,0.672,175.0,175.0,175.0,175.0,0,0.0,99.6,99.6,99.7,99.5,99.7,99.6,99.8,99.8,99.8,99.6,99.4,99.8,99.8,98.4,98.9,99.3,99.6,99.7,99.7,99.7,99.7,0.0,0.0,0.0,0.0,0.0,0.0,0.0,0.1,0.0,0.1,0.1,0.0,0.0,0.1,0.0,0.0,0.0,0.0,0.0,0.0,0.0,0.0,0.0,0.0,0.0,0.0,0.0,0.0,0.0,0.0,0.0,0.0,0.0,0.0,0.0,0.0,0.0,2394.1,24.00,36,35,35,68,103,383,2,2,Yes,No,No,No,No,No,No,No,Yes,No,No,No,No,Yes,No,No,No,No,No,No,No,Yes,No,No,No,No,No,No,No,No,No,No,No,No,No,No,No,No,83.0,4380,2520,4140,70.0,1.110,1.110,1.800,1.815,0.990,5.110,1.625,No,No,No,70.0,1.110,1.110,1.800,1.815,0.990,5.110,1.375,No,No,No,41,41,94.0,100.0,No,No,32155,47955,36,70,99.0,100.0,No,No,1844,3246,0.0,0.5,0.5,0.000,0.048,63618,48906,0.0,0.0,0.0,0.000,0.000,164001,82786,58.2,64.0,65.5,83.0,0.870,20.677,20.669,20.684,21.265,9.523,9.553,8.681,18.244,3.000,11.680,7.735,7.768,100.000,140.000,2175.0,2150.2,1875.0,2175.0,1890.0,0.0,0.0,0.0,0.0,11.3,0.0,0.0,0.0,0.0,0.0,Yes,No,No,No,No,Yes,No,0,0,0,0,0,0,0,0,0,0,0,0,0,0,0,0,0,0,0,0,0,0,0,0,0,0,0,0,0,0,7265,923,689,74,16.0,64,0.300,43.764,550.0,2394.0,0.2,0.0,0.0,0.0,0.0,0.0,0.0,0.0,0.8,127,16065,127,No,No,No,No,No,No,No,No,16.746,68.277,100.0,0.000,24.1,0,0,0,0.0,2.4,105.4,1.2,1.2,1.2,1.2,2.2,25.5,1.2,1.2,1.2,1.2,424.59,839.70,9.49,1.86,848.17,848.17,0.42,424.12,424.59,0.00,482.06,647,7,0.0,0.0,0,0,0.0,0.0,0,
9.6.2026,13:33:50.920,20469,28299,41.9,17037,15346,52.6,11.3,16384,1858,0.867,0.854,0.876,0.861,0.868,0.867,0.867,0.866,0.866,0.866,0.866,0.871,0.875,0.871,0.870,0.808,0.783,2750.4,3092.4,3092.4,3092.4,3092.4,3092.4,3092.4,2493.9,2493.9,2493.9,2493.9,2493.9,2493.9,2493.9,2493.9,99.8,2493.9,2835.1,3077.3,3076.6,3080.4,3080.0,3074.8,3079.0,3073.1,3072.7,3075.4,3077.4,3076.0,3075.9,2455.2,2460.8,2475.7,2477.8,2477.9,2478.1,2478.4,2478.7,2924.3,100.0,100.0,100.0,100.0,100.0,100.0,100.0,100.0,100.0,99.9,100.0,100.0,100.0,100.0,100.0,100.0,100.0,100.0,100.0,100.0,100.0,100.0,100.0,100.0,122.8,117.1,117.1,117.2,117.2,117.2,117.2,117.0,117.0,117.1,117.2,117.1,117.1,131.4,131.4,131.4,131.4,131.3,131.3,131.3,131.3,122.8,27.6,31.0,31.0,31.0,31.0,31.0,31.0,25.0,25.0,25.0,25.0,25.0,25.0,25.0,25.0,25.0,67,69,68,68,67,68,68,66,66,66,66,65,65,66,65,33,31,32,32,33,32,32,34,34,34,34,35,35,34,35,76,69,No,No,No,No,No,No,No,No,No,No,No,No,No,No,No,No,No,No,No,No,No,No,No,No,No,No,No,No,No,No,Yes,Yes,Yes,Yes,Yes,Yes,Yes,Yes,Yes,Yes,Yes,Yes,Yes,Yes,Yes,No,No,Yes,76,68,63,1.100,43.032,42.536,35.285,0.002,5.614,0.746,175.0,175.0,175.0,175.0,0,0.0,99.7,99.7,99.7,99.8,99.8,99.7,99.8,99.8,99.8,99.7,99.8,99.8,99.8,98.7,99.0,99.6,99.6,99.7,99.7,99.7,99.7,0.0,0.0,0.0,0.0,0.0,0.0,0.0,0.0,0.0,0.0,0.0,0.0,0.0,0.0,0.0,0.0,0.0,0.0,0.0,0.0,0.0,0.0,0.0,0.0,0.0,0.0,0.0,0.0,0.0,0.0,0.0,0.0,0.0,0.0,0.0,0.0,0.0,2394.1,24.00,36,35,35,68,103,383,2,2,Yes,No,No,No,No,No,No,No,Yes,No,No,No,No,Yes,No,No,No,No,No,No,No,Yes,No,No,No,No,No,No,No,No,No,No,No,No,No,No,No,No,84.0,4380,2520,4140,70.0,1.110,1.110,1.800,1.815,0.990,5.110,1.500,No,No,No,70.2,1.110,1.110,1.800,1.815,0.990,5.110,2.125,No,No,No,41,41,94.0,100.0,No,No,32155,47955,36,70,99.0,100.0,No,No,1844,3246,0.0,0.9,0.9,0.000,0.018,63618,48906,0.0,0.0,0.0,0.000,0.000,164001,82786,58.2,62.0,65.5,83.0,0.870,20.680,20.671,20.690,21.205,9.522,9.573,8.661,18.249,3.000,11.680,7.733,7.762,100.000,140.000,2175.0,2150.2,1875.0,2175.0,1890.0,0.0,0.0,0.0,0.0,11.3,0.0,0.0,0.0,0.0,0.0,Yes,No,No,No,No,Yes,No,0,0,0,0,0,0,0,0,0,0,0,0,0,0,0,0,0,0,0,0,0,0,0,0,0,0,0,0,0,0,7265,923,689,74,16.0,64,0.300,44.231,600.0,2394.0,0.2,0.0,0.0,0.0,0.0,0.0,0.0,0.0,0.8,127,16065,127,No,No,No,No,No,No,No,No,16.747,68.277,100.0,0.000,24.1,0,0,0,0.0,2.4,106.4,1.2,1.2,1.2,1.2,2.3,25.3,1.2,1.2,1.2,1.2,422.36,835.32,9.40,1.82,843.75,843.75,0.48,421.88,422.36,0.00,524.54,647,7,0.1,0.1,0,0,0.0,0.0,0,
9.6.2026,13:33:52.932,20470,28297,41.9,17039,15345,52.6,11.3,16384,1858,0.871,0.874,0.871,0.869,0.861,0.877,0.869,0.871,0.864,0.874,0.872,0.872,0.871,0.872,0.876,0.808,0.783,2750.4,3092.4,3092.4,3092.4,3092.4,3092.4,3092.4,2493.9,2493.9,2493.9,2493.9,2493.9,2493.9,2493.9,2493.9,99.8,2493.9,2850.7,3094.4,3093.6,3097.2,3097.5,3092.3,3097.4,3093.5,3093.4,3096.7,3097.3,3097.9,3097.4,2464.5,2474.6,2487.7,2493.7,2485.6,2486.6,2486.5,2486.9,2941.8,100.0,100.0,100.0,100.0,100.0,100.0,100.0,100.0,100.0,100.0,100.0,100.0,100.0,100.0,100.0,100.0,100.0,100.0,100.0,100.0,100.0,100.0,100.0,100.0,123.4,117.8,117.8,117.8,117.8,117.8,117.8,117.7,117.7,117.8,117.8,117.8,117.8,132.0,132.1,132.1,132.1,131.5,131.6,131.5,131.5,123.4,27.6,31.0,31.0,31.0,31.0,31.0,31.0,25.0,25.0,25.0,25.0,25.0,25.0,25.0,25.0,25.0,67,69,67,68,66,66,68,67,67,67,67,66,64,65,66,33,31,33,32,34,34,32,33,33,33,33,34,36,35,34,76,69,No,No,No,No,No,No,No,No,No,No,No,No,No,No,No,No,No,No,No,No,No,No,No,No,No,No,No,No,No,No,Yes,Yes,Yes,Yes,Yes,Yes,Yes,Yes,Yes,Yes,Yes,Yes,Yes,Yes,Yes,No,No,Yes,76,69,64,1.100,41.344,45.257,38.009,0.002,5.627,0.746,175.0,175.0,175.0,175.0,0,0.0,99.6,99.7,99.7,99.8,99.8,99.6,99.8,99.8,99.8,99.8,99.8,99.8,99.8,98.4,98.9,99.4,99.6,99.7,99.7,99.7,99.7,0.0,0.0,0.0,0.0,0.0,0.0,0.0,0.0,0.0,0.0,0.0,0.0,0.0,0.0,0.0,0.0,0.0,0.0,0.0,0.0,0.0,0.0,0.0,0.0,0.0,0.0,0.0,0.0,0.0,0.0,0.0,0.0,0.0,0.0,0.0,0.0,0.0,2394.1,24.00,36,35,35,68,103,383,2,2,Yes,No,No,No,No,No,No,No,Yes,No,No,No,No,Yes,No,No,No,No,No,No,No,Yes,No,No,No,No,No,No,No,No,No,No,No,No,No,No,No,No,85.0,4380,2520,4140,70.0,1.095,1.110,1.800,1.815,0.990,5.110,1.500,No,No,No,70.2,1.110,1.110,1.800,1.815,0.990,5.110,1.250,No,No,No,41,41,94.0,100.0,No,No,32155,47955,36,70,99.0,100.0,No,No,1844,3246,0.0,0.6,0.6,0.000,0.042,63618,48906,0.0,0.0,0.0,0.000,0.000,164001,82786,58.2,64.0,65.6,83.0,0.870,20.682,20.673,20.692,21.249,9.507,9.530,8.641,18.188,3.000,11.660,7.768,7.762,100.000,140.000,2175.0,2150.2,1875.0,2175.0,1890.0,0.0,0.0,0.0,0.0,11.3,0.0,0.0,0.0,0.0,0.0,Yes,No,No,No,No,Yes,No,0,0,0,0,0,0,0,0,0,0,0,0,0,0,0,0,0,0,0,0,0,0,0,0,0,0,0,0,0,0,7265,923,689,74,16.0,65,0.300,44.881,600.0,2394.0,0.2,0.0,0.0,0.0,0.0,0.0,0.0,0.0,0.8,127,16065,127,No,No,No,No,No,No,No,No,16.747,68.277,100.0,0.000,24.1,0,0,0,0.0,1.2,1.2,1.2,1.2,1.2,1.2,1.2,1.2,1.2,1.2,1.2,1.2,813.88,813.88,813.88,813.88,813.88,813.88,0.48,813.48,813.88,0.00,163.30,647,7,0.0,0.0,0,0,0.0,0.0,0,
9.6.2026,13:33:54.925,20471,28296,41.9,17077,15307,52.7,11.3,16384,1858,0.873,0.872,0.908,0.871,0.865,0.862,0.871,0.884,0.879,0.864,0.868,0.868,0.868,0.868,0.871,0.808,0.778,2771.8,3092.4,3192.2,3092.4,3092.4,3092.4,3092.4,2593.7,2593.7,2493.9,2493.9,2493.9,2493.9,2493.9,2493.9,99.8,2493.9,2866.8,3113.4,3114.0,3113.5,3116.1,3113.1,3116.6,3113.7,3113.4,3117.0,3117.1,3117.0,3117.3,2479.9,2489.3,2502.0,2510.8,2493.0,2493.6,2492.8,2493.1,2960.3,100.0,100.0,100.0,99.9,100.0,100.0,100.0,100.0,100.0,100.0,100.0,100.0,100.0,100.0,100.0,100.0,100.0,100.0,100.0,100.0,100.0,100.0,100.0,100.0,124.1,118.6,118.6,118.5,118.5,118.6,118.6,118.4,118.5,118.6,118.6,118.6,118.6,133.0,133.0,133.0,133.0,132.0,132.0,132.0,132.0,124.1,27.8,31.0,32.0,31.0,31.0,31.0,31.0,26.0,26.0,25.0,25.0,25.0,25.0,25.0,25.0,25.0,67,69,65,69,66,68,68,67,66,66,66,66,66,66,66,33,31,35,31,34,32,32,33,34,34,34,34,34,34,34,76,69,No,No,No,No,No,No,No,No,No,No,No,No,No,No,No,No,No,No,No,No,No,No,No,No,No,No,No,No,No,No,Yes,Yes,Yes,Yes,Yes,Yes,Yes,Yes,Yes,Yes,Yes,Yes,Yes,Yes,Yes,No,No,Yes,76,70,66,1.100,39.657,43.268,35.941,0.002,5.658,0.769,175.0,175.0,175.0,175.0,0,0.0,99.5,99.7,99.7,99.7,99.8,99.6,99.7,99.7,99.7,99.8,99.8,99.8,99.8,98.3,98.6,99.1,99.5,99.6,99.6,99.6,99.6,0.0,0.0,0.0,0.0,0.0,0.0,0.0,0.0,0.0,0.0,0.0,0.0,0.0,0.0,0.0,0.0,0.0,0.0,0.0,0.0,0.0,0.0,0.0,0.0,0.0,0.0,0.0,0.0,0.0,0.0,0.0,0.0,0.0,0.0,0.0,0.0,0.0,2394.1,24.00,36,35,35,68,103,383,2,2,Yes,No,No,No,No,No,No,No,Yes,No,No,No,No,Yes,No,No,No,No,No,No,No,Yes,No,No,No,No,No,No,No,No,No,No,No,No,No,No,No,No,84.0,4320,2520,4140,70.0,1.095,1.110,1.800,1.815,0.990,5.110,1.750,No,No,No,70.2,1.095,1.110,1.800,1.815,0.990,5.110,2.000,No,No,No,41,41,94.0,100.0,No,No,32155,47955,36,70,99.0,100.0,No,No,1844,3246,0.0,1.2,1.2,0.000,0.015,63618,48906,0.0,0.0,0.0,0.000,0.000,164001,82786,58.2,62.0,65.5,83.0,0.870,20.676,20.668,20.684,21.158,9.494,9.522,8.639,18.161,3.000,11.642,7.730,7.762,100.000,140.000,2175.0,2150.2,1875.0,2175.0,1890.0,0.0,0.0,0.0,0.0,11.3,0.0,0.0,0.0,0.0,0.0,Yes,No,No,No,No,Yes,No,0,0,0,0,0,0,0,0,0,0,0,0,0,0,0,0,0,0,0,0,0,0,0,0,0,0,0,0,0,0,7265,923,689,74,16.0,65,0.300,43.062,550.0,2394.0,0.2,0.0,0.0,0.0,0.0,0.0,0.0,0.0,0.8,127,16065,127,No,No,No,No,No,No,No,No,16.746,68.277,100.0,0.000,24.1,0,0,0,0.0,2.4,107.4,1.2,1.2,1.2,1.2,2.2,25.0,1.2,1.2,1.2,1.2,424.39,839.47,9.31,1.69,847.94,847.94,0.27,424.12,424.39,0.00,481.46,647,7,0.0,0.0,0,0,0.0,0.0,0,
9.6.2026,13:33:56.924,20475,28292,41.9,17047,15337,52.6,11.3,16384,1858,0.869,0.880,0.874,0.864,0.871,0.873,0.871,0.865,0.869,0.876,0.861,0.867,0.862,0.870,0.869,0.818,0.781,2657.8,3192.2,3092.4,3092.4,3092.4,3092.4,3092.4,2493.9,2493.9,2493.9,1097.3,2493.9,2493.9,2493.9,2493.9,99.8,2593.7,2874.4,3114.6,3117.3,3122.7,3110.6,3120.2,3125.2,3119.7,3118.4,3122.4,3116.2,3124.7,3124.7,2486.6,2504.5,2506.7,2516.4,2508.7,2508.3,2510.9,2509.6,2965.7,99.8,99.7,99.8,99.9,99.5,100.0,100.0,99.9,99.9,99.9,99.7,100.0,100.0,99.7,99.8,99.8,99.9,99.8,99.8,99.9,99.9,100.0,99.8,100.0,124.5,118.6,118.7,118.8,118.3,118.9,118.9,118.7,118.7,118.8,118.6,118.9,118.9,133.4,133.4,133.4,133.5,132.8,132.7,132.9,132.8,124.5,26.6,32.0,31.0,31.0,31.0,31.0,31.0,25.0,25.0,25.0,11.0,25.0,25.0,25.0,25.0,26.0,67,68,68,69,66,67,67,67,66,66,67,65,66,65,65,33,32,32,31,34,33,33,33,34,34,33,35,34,35,35,76,69,No,No,No,No,No,No,No,No,No,No,No,No,No,No,No,No,No,No,No,No,No,No,No,No,No,No,No,No,No,No,Yes,Yes,Yes,Yes,Yes,Yes,Yes,Yes,Yes,Yes,Yes,Yes,Yes,Yes,Yes,No,No,Yes,76,69,64,1.100,42.188,43.585,36.292,0.002,5.642,0.760,175.0,175.0,175.0,175.0,0,0.0,99.5,99.4,99.5,99.7,99.3,99.6,99.8,99.7,99.7,99.7,99.5,99.8,99.8,98.2,98.9,99.0,99.4,99.5,99.5,99.6,99.6,0.1,0.0,0.0,0.0,0.0,0.0,0.0,0.2,0.1,0.2,0.1,0.1,0.2,0.1,0.1,0.0,0.0,0.0,0.0,0.0,0.0,0.0,0.0,0.0,0.0,0.0,0.0,0.0,0.0,0.0,0.0,0.0,0.0,0.0,0.0,0.0,0.0,2194.6,22.00,32,32,32,62,103,351,2,2,Yes,No,No,No,No,No,No,No,Yes,No,No,No,No,Yes,No,No,No,No,No,No,No,Yes,No,No,No,No,No,No,No,No,No,No,No,No,No,No,No,No,85.0,4320,2460,4140,70.2,1.095,1.110,1.800,1.815,0.990,5.110,2.875,No,No,No,70.2,1.095,1.110,1.800,1.815,0.990,5.110,2.000,No,No,No,41,41,94.0,100.0,No,No,32155,47955,36,70,99.0,100.0,No,No,1844,3246,0.1,0.6,0.7,0.038,0.098,63618,48906,0.0,0.0,0.0,0.000,0.000,164001,82786,58.2,62.0,65.5,83.0,0.870,20.679,20.670,20.687,21.235,9.479,9.484,8.620,18.122,3.000,11.636,7.730,7.763,100.000,140.000,2175.0,2150.2,1875.0,2175.0,1890.0,0.0,0.0,0.0,0.0,11.3,0.0,0.0,0.0,0.0,0.0,Yes,No,No,No,No,Yes,No,0,0,0,0,0,0,0,0,0,0,0,0,0,0,0,0,0,0,0,0,0,0,0,0,0,0,0,0,0,0,7265,923,689,74,16.0,65,0.300,42.964,600.0,2194.0,0.2,0.0,0.0,0.0,0.0,0.0,0.0,0.0,0.8,127,16065,127,No,No,No,No,No,No,No,No,16.748,68.277,100.0,0.000,24.1,0,0,0,0.0,2.3,20.4,1.2,1.2,1.2,1.2,2.3,41.8,1.2,1.2,1.2,1.2,444.30,839.58,49.02,41.76,847.65,847.65,0.60,443.76,444.30,0.00,485.79,647,7,0.3,0.0,0,0,0.0,0.0,0,
9.6.2026,13:33:58.921,20470,28298,41.9,17039,15345,52.6,11.3,16384,1858,0.873,0.873,0.880,0.878,0.875,0.872,0.871,0.870,0.867,0.874,0.871,0.871,0.873,0.871,0.868,0.818,0.783,2778.9,3192.2,3192.2,3192.2,3192.2,3092.4,3092.4,2493.9,2493.9,2493.9,2493.9,2493.9,2493.9,2493.9,2493.9,99.8,2593.7,2852.1,3092.6,3093.7,3094.4,3096.8,3092.6,3097.8,3092.5,3094.9,3096.5,3095.4,3097.2,3095.9,2470.0,2480.8,2486.3,2495.5,2491.6,2491.3,2493.2,2493.3,2942.1,100.0,100.0,100.0,99.9,100.0,100.0,100.0,99.9,100.0,100.0,99.9,100.0,99.9,99.9,100.0,99.9,100.0,100.0,99.9,100.0,100.0,100.0,100.0,100.0,123.4,117.7,117.7,117.7,117.7,117.7,117.8,117.6,117.7,117.7,117.6,117.7,117.7,131.9,132.0,131.9,132.0,131.8,131.7,131.8,131.8,123.4,27.9,32.0,32.0,32.0,32.0,31.0,31.0,25.0,25.0,25.0,25.0,25.0,25.0,25.0,25.0,26.0,67,67,68,69,67,67,67,67,66,66,67,66,65,65,66,33,33,32,31,33,33,33,33,34,34,33,34,35,35,34,76,69,No,No,No,No,No,No,No,No,No,No,No,No,No,No,No,No,No,No,No,No,No,No,No,No,No,No,No,No,No,No,Yes,Yes,Yes,Yes,Yes,Yes,Yes,Yes,Yes,Yes,Yes,Yes,Yes,Yes,Yes,No,No,Yes,76,70,64,1.100,42.188,42.612,35.324,0.002,5.641,0.761,175.0,175.0,175.0,175.0,0,0.0,99.6,99.7,99.7,99.7,99.8,99.7,99.8,99.7,99.8,99.8,99.7,99.8,99.7,98.6,99.0,99.3,99.6,99.7,99.6,99.7,99.7,0.0,0.0,0.0,0.0,0.0,0.0,0.0,0.1,0.0,0.1,0.0,0.0,0.1,0.0,0.0,0.0,0.0,0.0,0.0,0.0,0.0,0.0,0.0,0.0,0.0,0.0,0.0,0.0,0.0,0.0,0.0,0.0,0.0,0.0,0.0,0.0,0.0,2394.1,24.00,36,35,35,68,103,383,2,2,Yes,No,No,No,No,No,No,No,Yes,No,No,No,No,Yes,No,No,No,No,No,No,No,Yes,No,No,No,No,No,No,No,No,No,No,No,No,No,No,No,No,85.0,4380,2460,4140,70.2,1.095,1.110,1.800,1.815,0.990,5.110,1.500,No,No,No,70.2,1.095,1.110,1.800,1.815,0.990,5.110,2.750,No,No,No,41,41,94.0,100.0,No,No,32155,47955,36,70,99.0,100.0,No,No,1844,3246,0.0,1.5,1.6,0.016,0.095,63618,48906,0.0,0.0,0.0,0.000,0.000,164001,82786,58.2,64.0,65.6,83.0,0.870,20.674,20.667,20.682,21.211,9.562,9.654,8.701,18.365,3.000,11.718,7.730,7.763,100.000,140.000,2175.0,2150.2,1875.0,2175.0,1890.0,1.0,0.0,0.0,0.0,11.3,0.0,0.1,0.0,0.0,0.0,Yes,No,No,No,No,Yes,No,0,0,0,0,0,0,0,0,0,0,0,0,0,0,0,0,0,0,0,0,0,0,0,0,0,0,0,0,0,0,7265,923,689,74,16.0,64,0.300,42.586,550.0,2394.0,0.2,0.0,0.0,0.0,0.0,0.0,0.0,0.0,0.8,127,16065,127,No,No,No,No,No,No,No,No,16.748,68.277,100.0,0.000,24.1,0,0,0,0.0,1.2,1.2,1.2,1.2,1.2,1.2,1.2,1.2,1.2,1.2,1.2,1.2,845.33,845.33,845.33,845.33,845.33,845.33,0.47,844.86,845.33,0.00,145.76,647,7,0.0,0.0,0,0,0.0,0.0,0,
9.6.2026,13:34:0.929,20474,28294,41.9,17043,15341,52.6,11.3,16384,1858,0.870,0.856,0.872,0.871,0.870,0.870,0.874,0.873,0.873,0.873,0.869,0.863,0.878,0.862,0.873,0.808,0.781,2750.4,3092.4,3092.4,3092.4,3092.4,3092.4,3092.4,2493.9,2493.9,2493.9,2493.9,2493.9,2493.9,2493.9,2493.9,99.8,2493.9,2860.1,3091.1,3098.4,3109.4,3106.5,3100.9,3106.0,3103.4,3103.6,3100.1,3087.8,3106.1,3106.3,2481.2,2496.6,2495.1,2498.6,2501.4,2503.8,2501.5,2504.6,2949.4,99.8,99.5,99.7,100.0,99.9,99.9,100.0,100.0,100.0,99.8,99.4,100.0,100.0,99.6,99.8,99.9,99.9,99.9,100.0,99.9,100.0,100.0,99.8,100.0,123.8,117.7,118.0,118.3,118.2,118.2,118.2,118.1,118.2,118.0,117.5,118.2,118.2,132.2,132.4,132.5,132.5,132.4,132.6,132.4,132.6,123.8,27.6,31.0,31.0,31.0,31.0,31.0,31.0,25.0,25.0,25.0,25.0,25.0,25.0,25.0,25.0,25.0,66,69,66,69,67,67,68,66,66,66,66,65,64,66,65,34,31,34,31,33,33,32,34,34,34,34,35,36,34,35,76,69,No,No,No,No,No,No,No,No,No,No,No,No,No,No,No,No,No,No,No,No,No,No,No,No,No,No,No,No,No,No,Yes,Yes,Yes,Yes,Yes,Yes,Yes,Yes,Yes,Yes,Yes,Yes,Yes,Yes,Yes,No,No,Yes,77,68,63,1.100,43.032,43.005,35.726,0.001,5.630,0.763,175.0,175.0,175.0,175.0,0,0.0,99.5,99.2,99.5,99.8,99.7,99.6,99.8,99.8,99.8,99.6,99.2,99.8,99.8,98.8,99.4,99.3,99.4,99.6,99.7,99.6,99.7,0.1,0.0,0.0,0.0,0.0,0.1,0.0,0.4,0.2,0.1,0.1,0.1,0.0,0.1,0.0,0.0,0.0,0.0,0.0,0.0,0.0,0.0,0.0,0.0,0.0,0.0,0.0,0.0,0.0,0.0,0.0,0.0,0.0,0.0,0.0,0.0,0.0,2394.1,24.00,36,35,35,68,103,383,2,2,Yes,No,No,No,No,No,No,No,Yes,No,No,No,No,Yes,No,No,No,No,No,No,No,Yes,No,No,No,No,No,No,No,No,No,No,No,No,No,No,No,No,85.0,4380,2460,4140,70.2,1.095,1.110,1.800,1.815,1.005,5.110,2.250,No,No,No,70.2,1.095,1.110,1.800,1.815,1.005,5.110,1.625,No,No,No,41,41,94.0,100.0,No,No,32155,47955,36,70,99.0,100.0,No,No,1844,3246,0.2,0.5,0.7,0.075,0.011,63618,48906,0.0,0.0,0.0,0.000,0.000,164001,82786,58.2,64.0,65.6,83.0,0.870,20.682,20.673,20.691,21.225,9.509,9.538,8.662,18.208,3.000,11.663,7.731,7.763,100.000,140.000,2175.0,2150.2,1875.0,2175.0,1890.0,0.0,0.0,0.0,0.0,11.3,0.0,0.0,0.0,0.0,0.0,Yes,No,No,No,No,Yes,No,0,0,0,0,0,0,0,0,0,0,0,0,0,0,0,0,0,0,0,0,0,0,0,0,0,0,0,0,0,0,7265,923,689,74,16.0,65,0.300,44.804,600.0,2394.0,0.1,0.0,0.0,0.0,0.0,0.0,0.0,0.0,0.8,127,16065,127,No,No,No,No,No,No,No,No,16.747,68.277,100.0,0.000,24.1,0,0,0,0.0,2.4,107.0,1.2,1.2,1.2,1.2,2.4,25.3,1.2,1.2,1.2,1.2,416.38,823.42,9.34,1.87,831.73,831.73,0.38,415.95,416.38,0.00,749.99,647,7,0.1,0.1,0,0,0.0,0.0,0,
9.6.2026,13:34:2.924,20459,28309,41.9,17029,15354,52.5,11.3,16384,1858,0.869,0.872,0.877,0.868,0.883,0.876,0.862,0.862,0.863,0.863,0.869,0.858,0.862,0.867,0.878,0.811,0.781,2672.0,3092.4,3192.2,3092.4,3192.2,3192.2,3092.4,2493.9,2493.9,2493.9,2493.9,1097.3,2493.9,2493.9,2493.9,99.8,2493.9,2866.9,3113.0,3112.8,3116.7,3116.5,3111.7,3116.3,3112.1,3111.7,3115.9,3115.9,3116.9,3116.9,2487.1,2497.9,2505.9,2512.2,2489.5,2489.5,2489.9,2490.4,2961.2,100.0,100.0,100.0,100.0,100.0,100.0,100.0,100.0,100.0,100.0,100.0,100.0,100.0,100.0,100.0,100.0,100.0,100.0,100.0,100.0,100.0,100.0,100.0,100.0,124.0,118.5,118.5,118.5,118.5,118.5,118.5,118.3,118.3,118.5,118.5,118.5,118.5,133.0,133.0,133.0,133.0,131.7,131.7,131.7,131.7,124.0,26.8,31.0,32.0,31.0,32.0,32.0,31.0,25.0,25.0,25.0,25.0,11.0,25.0,25.0,25.0,25.0,67,69,67,68,67,68,68,68,67,67,67,65,65,66,66,33,31,33,32,33,32,32,32,33,33,33,35,35,34,34,77,69,No,No,No,No,No,No,No,No,No,No,No,No,No,No,No,No,No,No,No,No,No,No,No,No,No,No,No,No,No,No,Yes,Yes,Yes,Yes,Yes,Yes,Yes,Yes,Yes,Yes,Yes,Yes,Yes,Yes,Yes,No,No,Yes,76,69,64,1.100,37.969,44.877,37.474,0.002,5.711,0.800,175.0,175.0,175.0,175.0,0,0.0,99.6,99.7,99.7,99.8,99.8,99.6,99.8,99.8,99.8,99.8,99.8,99.8,99.8,98.6,99.0,99.3,99.6,99.7,99.7,99.7,99.7,0.0,0.0,0.0,0.0,0.0,0.0,0.0,0.0,0.0,0.0,0.0,0.0,0.0,0.0,0.0,0.0,0.0,0.0,0.0,0.0,0.0,0.0,0.0,0.0,0.0,0.0,0.0,0.0,0.0,0.0,0.0,0.0,0.0,0.0,0.0,0.0,0.0,2194.6,22.00,32,32,32,62,103,351,2,2,Yes,No,No,No,No,No,No,No,Yes,No,No,No,No,Yes,No,No,No,No,No,No,No,Yes,No,No,No,No,No,No,No,No,No,No,No,No,No,No,No,No,84.0,4320,2460,4140,70.2,1.095,1.110,1.800,1.815,1.005,5.110,2.000,No,No,No,70.5,1.095,1.110,1.800,1.815,1.005,5.110,1.500,No,No,No,41,41,94.0,100.0,No,No,32155,47955,36,70,99.0,100.0,No,No,1844,3246,0.0,1.2,1.2,0.000,0.040,63618,48906,0.0,0.0,0.0,0.000,0.000,164001,82786,58.2,64.0,65.5,83.0,0.870,20.678,20.670,20.686,21.200,9.560,9.609,8.723,18.349,3.000,11.737,7.735,7.769,100.000,140.000,2175.0,2150.2,1875.0,2175.0,1890.0,0.0,0.0,0.0,0.0,11.3,0.0,0.0,0.0,0.0,0.0,Yes,No,No,No,No,Yes,No,0,0,0,0,0,0,0,0,0,0,0,0,0,0,0,0,0,0,0,0,0,0,0,0,0,0,0,0,0,0,7265,923,689,74,16.0,65,0.300,43.742,600.0,2194.0,0.2,0.0,0.0,0.0,0.0,0.0,0.0,0.0,0.8,127,16065,127,No,No,No,No,No,No,No,No,16.747,68.277,100.0,0.000,24.1,0,0,0,0.0,3.5,122.8,2.1,2.1,2.1,2.1,3.4,26.2,2.1,2.1,2.1,2.1,282.18,483.06,8.14,1.68,485.58,485.58,0.42,281.72,282.18,0.00,393.97,647,7,0.1,0.1,0,0,0.0,0.0,0,
9.6.2026,13:34:4.919,20366,28402,41.7,16977,15406,52.4,11.3,16384,1850,0.871,0.873,0.877,0.862,0.871,0.873,0.881,0.875,0.872,0.872,0.860,0.872,0.872,0.866,0.873,0.808,0.783,2558.0,3092.4,3192.2,3092.4,3092.4,3092.4,3092.4,2493.9,2493.9,2493.9,2493.9,2493.9,2493.9,1097.3,1097.3,99.8,2493.9,2876.1,3122.7,3125.1,3128.2,3124.6,3123.2,3126.6,3119.5,3119.6,3126.8,3126.9,3126.4,3126.5,2490.9,2502.3,2517.8,2520.2,2498.5,2498.8,2497.8,2499.1,2970.5,100.0,99.9,100.0,100.0,99.9,100.0,99.9,100.0,100.0,100.0,100.0,100.0,100.0,99.9,100.0,100.0,100.0,100.0,100.0,99.9,100.0,100.0,100.0,100.0,124.5,118.9,119.0,119.0,118.9,119.0,119.0,118.7,118.7,119.0,119.0,119.0,119.0,133.5,133.6,133.6,133.6,132.2,132.2,132.2,132.2,124.5,25.6,31.0,32.0,31.0,31.0,31.0,31.0,25.0,25.0,25.0,25.0,25.0,25.0,11.0,11.0,25.0,66,68,68,68,66,66,67,67,66,66,67,64,65,65,66,34,32,32,32,34,34,33,33,34,34,33,36,35,35,34,76,68,No,No,No,No,No,No,No,No,No,No,No,No,No,No,No,No,No,No,No,No,No,No,No,No,No,No,No,No,No,No,Yes,Yes,Yes,Yes,Yes,Yes,Yes,Yes,Yes,Yes,Yes,Yes,Yes,Yes,Yes,No,No,Yes,76,68,64,1.100,43.032,45.892,38.499,0.002,5.699,0.801,175.0,175.0,175.0,175.0,0,0.0,99.6,99.6,99.7,99.8,99.7,99.6,99.7,99.8,99.8,99.8,99.8,99.8,99.8,98.4,98.9,99.5,99.6,99.7,99.7,99.6,99.7,0.0,0.0,0.0,0.0,0.0,0.0,0.0,0.0,0.0,0.0,0.0,0.0,0.0,0.1,0.0,0.0,0.0,0.0,0.0,0.0,0.0,0.0,0.0,0.0,0.0,0.0,0.0,0.0,0.0,0.0,0.0,0.0,0.0,0.0,0.0,0.0,0.0,2394.1,24.00,36,35,35,68,103,383,2,2,Yes,No,No,No,No,No,No,No,Yes,No,No,No,No,Yes,No,No,No,No,No,No,No,Yes,No,No,No,No,No,No,No,No,No,No,No,No,No,No,No,No,83.0,4380,2460,4140,70.5,1.095,1.110,1.800,1.815,1.005,5.110,2.000,No,No,No,70.5,1.110,1.110,1.800,1.815,1.005,5.110,1.375,No,No,No,41,41,94.0,100.0,No,No,32155,47955,36,70,99.0,100.0,No,No,1844,3246,0.1,0.8,0.8,0.010,0.044,63618,48906,0.0,0.0,0.0,0.000,0.000,164001,82786,58.2,62.0,65.6,83.0,0.870,20.679,20.671,20.687,21.216,9.557,9.639,8.702,18.350,3.000,11.703,7.739,7.769,100.000,140.000,2175.0,2150.2,1875.0,2175.0,1890.0,0.0,0.0,0.0,0.0,11.3,0.0,0.0,0.0,0.0,0.0,Yes,No,No,No,No,Yes,No,0,0,0,0,0,0,0,0,0,0,0,0,0,0,0,0,0,0,0,0,0,0,0,0,0,0,0,0,0,0,7265,923,689,74,16.0,64,0.300,48.043,600.0,2394.0,0.2,0.0,0.0,0.0,0.0,0.0,0.0,0.0,0.8,127,16065,127,No,No,No,No,No,No,No,No,16.746,68.277,100.0,0.000,24.1,0,0,0,0.0,1.2,1.2,1.2,1.2,1.2,1.2,1.2,1.2,1.2,1.2,1.2,1.2,847.67,847.67,847.67,847.67,847.67,847.67,0.50,847.18,847.67,0.00,140.34,647,7,0.1,0.3,0,0,0.0,0.0,0,
9.6.2026,13:34:6.928,20363,28404,41.7,16981,15403,52.4,11.3,16384,1850,0.871,0.871,0.868,0.868,0.873,0.862,0.871,0.873,0.868,0.872,0.876,0.866,0.872,0.872,0.888,0.808,0.783,2650.7,3092.4,3092.4,3092.4,3092.4,3092.4,3092.4,2493.9,2493.9,2493.9,2493.9,1097.3,2493.9,2493.9,2493.9,99.8,2493.9,2873.1,3121.2,3117.9,3121.6,3121.7,3118.9,3122.7,3117.0,3118.9,3122.6,3123.5,3124.3,3123.7,2489.7,2501.7,2512.2,2519.3,2495.9,2496.7,2495.5,2497.7,2967.3,99.9,99.9,99.8,99.9,99.9,100.0,100.0,99.9,100.0,99.9,100.0,100.0,100.0,99.9,100.0,100.0,100.0,99.9,100.0,99.9,100.0,100.0,99.9,100.0,124.4,118.8,118.7,118.8,118.8,118.8,118.8,118.6,118.7,118.8,118.8,118.8,118.8,133.4,133.4,133.4,133.5,132.1,132.1,132.1,132.1,124.4,26.6,31.0,31.0,31.0,31.0,31.0,31.0,25.0,25.0,25.0,25.0,11.0,25.0,25.0,25.0,25.0,67,68,67,68,66,66,68,67,67,68,67,66,65,65,65,33,32,33,32,34,34,32,33,33,32,33,34,35,35,35,76,68,No,No,No,No,No,No,No,No,No,No,No,No,No,No,No,No,No,No,No,No,No,No,No,No,No,No,No,No,No,No,Yes,Yes,Yes,Yes,Yes,Yes,Yes,Yes,Yes,Yes,Yes,Yes,Yes,Yes,Yes,No,No,Yes,76,69,64,1.100,43.876,46.639,39.300,0.001,5.665,0.784,175.0,175.0,175.0,175.0,0,0.0,99.6,99.7,99.6,99.7,99.7,99.6,99.8,99.7,99.8,99.7,99.8,99.8,99.8,98.4,98.9,99.3,99.6,99.6,99.7,99.6,99.7,0.0,0.0,0.0,0.0,0.0,0.0,0.0,0.1,0.0,0.0,0.0,0.1,0.0,0.1,0.0,0.0,0.0,0.0,0.0,0.0,0.0,0.0,0.0,0.0,0.0,0.0,0.0,0.0,0.0,0.0,0.0,0.0,0.0,0.0,0.0,0.0,0.0,2394.1,24.00,36,35,35,68,103,383,2,2,Yes,No,No,No,No,No,No,No,Yes,No,No,No,No,Yes,No,No,No,No,No,No,No,Yes,No,No,No,No,No,No,No,No,No,No,No,No,No,No,No,No,84.0,4380,2520,4140,70.5,1.095,1.110,1.800,1.815,1.005,5.110,2.250,No,No,No,70.5,1.095,1.110,1.800,1.815,1.005,5.110,1.375,No,No,No,41,41,94.0,100.0,No,No,32155,47955,36,70,99.0,100.0,No,No,1844,3246,0.0,1.2,1.2,0.000,0.024,63618,48906,0.0,0.0,0.0,0.000,0.000,164001,82786,58.2,64.0,65.6,83.0,0.870,20.680,20.670,20.689,21.265,9.516,9.555,8.661,18.227,3.000,11.675,7.731,7.762,100.000,140.000,2175.0,2150.2,1875.0,2175.0,1890.0,0.0,0.0,0.0,0.0,11.3,0.0,0.0,0.0,0.0,0.0,Yes,No,No,No,No,Yes,No,0,0,0,0,0,0,0,0,0,0,0,0,0,0,0,0,0,0,0,0,0,0,0,0,0,0,0,0,0,0,7265,923,689,73,16.0,64,0.300,46.062,550.0,2394.0,0.1,0.0,0.0,0.0,0.0,0.0,0.0,0.0,0.8,127,16065,127,No,No,No,No,No,No,No,No,16.748,68.277,100.0,0.000,24.1,0,0,0,0.0,2.4,107.7,1.2,1.2,1.2,1.2,2.3,25.1,1.2,1.2,1.2,1.2,416.94,824.58,9.29,1.80,832.90,832.90,0.41,416.47,416.94,0.00,480.78,647,7,0.5,0.1,0,0,0.0,0.0,0,
9.6.2026,13:34:8.925,20371,28396,41.7,16988,15396,52.4,11.3,16384,1850,0.871,0.873,0.882,0.858,0.868,0.867,0.871,0.876,0.862,0.872,0.878,0.873,0.867,0.868,0.871,0.808,0.783,2558.0,3092.4,3192.2,3092.4,3092.4,3092.4,3092.4,2493.9,1097.3,2493.9,2493.9,2493.9,1097.3,2493.9,2493.9,99.8,2493.9,2878.3,3118.2,3118.6,3121.7,3126.9,3125.2,3124.5,3126.7,3125.8,3128.8,3125.6,3129.8,3128.1,2492.9,2503.0,2513.9,2519.7,2506.5,2510.1,2509.4,2509.8,2970.6,99.9,99.7,99.7,99.8,99.9,100.0,99.8,100.0,99.9,99.9,99.8,100.0,99.9,99.7,99.8,99.9,99.9,99.8,99.9,99.9,99.9,100.0,99.9,100.0,124.5,118.7,118.7,118.7,118.9,119.0,118.8,118.9,118.9,119.0,118.9,119.0,119.0,133.2,133.2,133.4,133.5,132.6,132.8,132.7,132.7,124.5,25.6,31.0,32.0,31.0,31.0,31.0,31.0,25.0,11.0,25.0,25.0,25.0,11.0,25.0,25.0,25.0,67,69,67,69,67,68,67,67,66,66,68,65,65,65,65,33,31,33,31,33,32,33,33,34,34,32,35,35,35,35,76,69,No,No,No,No,No,No,No,No,No,No,No,No,No,No,No,No,No,No,No,No,No,No,No,No,No,No,No,No,No,No,Yes,Yes,Yes,Yes,Yes,Yes,Yes,Yes,Yes,Yes,Yes,Yes,Yes,Yes,Yes,No,No,Yes,76,69,64,1.100,42.188,46.344,39.032,0.002,5.654,0.771,175.0,175.0,175.0,175.0,0,0.0,99.5,99.4,99.5,99.6,99.7,99.6,99.6,99.8,99.7,99.7,99.7,99.8,99.7,98.5,98.9,99.3,99.5,99.5,99.7,99.6,99.6,0.1,0.0,0.0,0.0,0.0,0.0,0.0,0.3,0.2,0.1,0.1,0.2,0.0,0.1,0.1,0.0,0.0,0.0,0.0,0.0,0.0,0.0,0.0,0.0,0.0,0.0,0.0,0.0,0.0,0.0,0.0,0.0,0.0,0.0,0.0,0.0,0.0,2394.1,24.00,36,35,35,68,103,383,2,2,Yes,No,No,No,No,No,No,No,Yes,No,No,No,No,Yes,No,No,No,No,No,No,No,Yes,No,No,No,No,No,No,No,No,No,No,No,No,No,No,No,No,85.0,4380,2460,4140,70.5,1.095,1.110,1.800,1.815,1.005,5.110,1.750,No,No,No,70.5,1.095,1.110,1.800,1.815,1.005,5.110,2.500,No,No,No,41,41,94.0,100.0,No,No,32155,47955,36,70,99.0,100.0,No,No,1844,3246,0.0,0.8,0.8,0.000,0.020,63618,48906,0.0,0.0,0.0,0.000,0.000,164001,82786,58.2,64.0,65.5,83.0,0.870,20.676,20.668,20.683,21.213,9.538,9.623,8.660,18.305,3.000,11.678,7.735,7.768,100.000,140.000,2175.0,2150.2,1875.0,2175.0,1890.0,0.0,0.0,0.0,0.0,11.3,0.0,0.0,0.0,0.0,0.0,Yes,No,No,No,No,Yes,No,0,0,0,0,0,0,0,0,0,0,0,0,0,0,0,0,0,0,0,0,0,0,0,0,0,0,0,0,0,0,7265,923,689,74,16.0,64,0.300,47.113,600.0,2394.0,0.2,0.0,0.0,0.0,0.0,0.0,0.0,0.0,0.8,127,16065,127,No,No,No,No,No,No,No,No,16.748,68.277,100.0,0.000,24.1,0,0,0,0.0,3.4,613.5,1.2,1.2,1.2,1.2,3.3,56.1,1.2,1.2,1.2,1.2,294.37,832.59,1.63,1.05,848.90,848.90,0.43,293.95,294.37,0.00,334.21,647,7,0.0,0.0,0,0,0.0,0.0,0,
9.6.2026,13:34:10.922,20365,28403,41.7,16983,15401,52.4,11.3,16384,1850,0.875,0.878,0.886,0.873,0.875,0.874,0.889,0.872,0.871,0.872,0.875,0.873,0.878,0.870,0.871,0.808,0.783,2765.3,3093.2,3193.0,3093.2,3093.2,3093.2,3193.0,2494.5,2494.5,2494.5,2494.5,2494.5,2494.5,2494.5,2494.5,99.8,2494.5,2851.2,3092.8,3092.0,3094.7,3094.8,3090.2,3095.8,3092.4,3093.9,3094.3,3094.5,3095.6,3095.4,2469.8,2480.0,2486.3,2495.5,2490.7,2491.1,2491.4,2491.8,2941.1,100.0,100.0,100.0,100.0,100.0,100.0,100.0,99.9,100.0,100.0,100.0,100.0,100.0,100.0,100.0,100.0,100.0,100.0,100.0,100.0,100.0,100.0,100.0,100.0,123.4,117.7,117.7,117.7,117.7,117.7,117.7,117.6,117.7,117.7,117.7,117.7,117.7,132.0,132.1,132.1,132.1,131.8,131.8,131.8,131.8,123.4,27.7,31.0,32.0,31.0,31.0,31.0,32.0,25.0,25.0,25.0,25.0,25.0,25.0,25.0,25.0,25.0,66,68,67,68,64,67,67,67,66,67,66,65,65,64,65,34,32,33,32,36,33,33,33,34,33,34,35,35,36,35,76,68,No,No,No,No,No,No,No,No,No,No,No,No,No,No,No,No,No,No,No,No,No,No,No,No,No,No,No,No,No,No,Yes,Yes,Yes,Yes,Yes,Yes,Yes,Yes,Yes,Yes,Yes,Yes,Yes,Yes,Yes,No,No,Yes,76,68,64,1.100,40.501,45.892,38.605,0.002,5.660,0.768,175.0,175.0,175.0,175.0,0,0.0,99.6,99.7,99.7,99.8,99.8,99.6,99.8,99.7,99.8,99.8,99.8,99.8,99.8,98.6,99.1,99.3,99.7,99.7,99.7,99.7,99.7,0.0,0.0,0.0,0.0,0.0,0.0,0.0,0.0,0.0,0.0,0.0,0.0,0.0,0.0,0.0,0.0,0.0,0.0,0.0,0.0,0.0,0.0,0.0,0.0,0.0,0.0,0.0,0.0,0.0,0.0,0.0,0.0,0.0,0.0,0.0,0.0,0.0,2394.7,24.00,36,35,35,68,103,383,2,2,Yes,No,No,No,No,No,No,No,Yes,No,No,No,No,Yes,No,No,No,No,No,No,No,Yes,No,No,No,No,No,No,No,No,No,No,No,No,No,No,No,No,84.0,4380,2460,4140,70.5,1.095,1.110,1.800,1.800,1.005,5.110,3.000,No,No,No,70.8,1.095,1.110,1.800,1.800,1.005,5.110,2.875,No,No,No,41,41,94.0,100.0,No,No,32155,47955,36,70,99.0,100.0,No,No,1844,3246,0.0,1.0,1.0,0.000,0.056,63618,48907,0.0,0.0,0.0,0.000,0.000,164001,82786,58.2,64.0,65.6,83.0,0.870,20.686,20.677,20.696,21.187,9.519,9.564,8.643,18.213,3.000,11.651,7.802,7.762,100.000,140.000,2175.0,2150.2,1875.0,2175.0,1890.0,0.0,0.0,0.0,0.0,11.3,0.0,0.0,0.0,0.0,0.0,Yes,No,No,No,No,Yes,No,0,0,0,0,0,0,0,0,0,0,0,0,0,0,0,0,0,0,0,0,0,0,0,0,0,0,0,0,0,0,7265,923,689,74,16.0,64,0.300,41.028,600.0,2394.0,0.2,0.0,0.0,0.0,0.0,0.0,0.0,0.0,0.8,127,16065,127,No,No,No,No,No,No,No,No,16.746,68.277,100.0,0.000,24.1,0,0,0,0.0,1.2,1.2,1.2,1.2,1.2,1.2,1.2,1.2,1.2,1.2,1.2,1.2,846.70,846.70,846.70,846.70,846.70,846.70,0.47,846.22,846.70,0.00,141.56,647,7,0.1,0.1,0,0,0.0,0.0,0,
9.6.2026,13:34:12.934,20366,28402,41.7,16981,15403,52.4,11.3,16384,1850,0.868,0.872,0.873,0.871,0.872,0.859,0.870,0.870,0.870,0.863,0.872,0.867,0.867,0.867,0.861,0.808,0.783,2750.4,3092.4,3092.4,3092.4,3092.4,3092.4,3092.4,2493.9,2493.9,2493.9,2493.9,2493.9,2493.9,2493.9,2493.9,99.8,2493.9,2869.3,3117.0,3116.7,3119.7,3119.4,3114.8,3119.1,3107.0,3109.0,3118.5,3119.2,3119.6,3119.7,2488.5,2497.7,2511.4,2514.3,2493.6,2493.8,2493.2,2494.4,2963.2,100.0,100.0,100.0,100.0,100.0,100.0,100.0,99.9,100.0,100.0,100.0,100.0,100.0,100.0,100.0,100.0,100.0,100.0,100.0,100.0,100.0,100.0,100.0,100.0,124.2,118.6,118.6,118.7,118.7,118.6,118.6,118.2,118.3,118.6,118.6,118.6,118.6,133.2,133.2,133.1,133.1,131.9,131.9,131.9,131.9,124.2,27.6,31.0,31.0,31.0,31.0,31.0,31.0,25.0,25.0,25.0,25.0,25.0,25.0,25.0,25.0,25.0,66,69,68,68,64,67,68,67,67,66,67,65,65,65,65,34,31,32,32,36,33,32,33,33,34,33,35,35,35,35,76,69,No,No,No,No,No,No,No,No,No,No,No,No,No,No,No,No,No,No,No,No,No,No,No,No,No,No,No,No,No,No,Yes,Yes,Yes,Yes,Yes,Yes,Yes,Yes,Yes,Yes,Yes,Yes,Yes,Yes,Yes,No,No,Yes,76,69,63,1.100,44.719,43.129,35.737,0.002,5.675,0.784,175.0,175.0,175.0,175.0,0,0.0,99.6,99.7,99.7,99.8,99.8,99.7,99.8,99.7,99.8,99.8,99.8,99.8,99.8,98.6,98.9,99.5,99.6,99.7,99.7,99.7,99.7,0.0,0.0,0.0,0.0,0.0,0.0,0.0,0.0,0.0,0.0,0.0,0.0,0.0,0.0,0.0,0.0,0.0,0.0,0.0,0.0,0.0,0.0,0.0,0.0,0.0,0.0,0.0,0.0,0.0,0.0,0.0,0.0,0.0,0.0,0.0,0.0,0.0,2394.1,24.00,36,35,35,68,103,383,2,2,Yes,No,No,No,No,No,No,No,Yes,No,No,No,No,Yes,No,No,No,No,No,No,No,Yes,No,No,No,No,No,No,No,No,No,No,No,No,No,No,No,No,84.0,4380,2460,4140,70.5,1.095,1.110,1.800,1.800,0.990,5.110,2.000,No,No,No,70.8,1.095,1.110,1.800,1.800,1.005,5.110,2.875,No,No,No,41,41,94.0,100.0,No,No,32155,47955,36,70,99.0,100.0,No,No,1844,3246,0.0,0.3,0.3,0.000,0.010,63618,48907,0.0,0.0,0.0,0.000,0.000,164001,82786,58.2,64.0,65.7,83.0,0.870,20.681,20.672,20.690,21.201,9.523,9.573,8.661,18.248,3.000,11.677,7.735,7.768,100.000,140.000,2175.0,2150.2,1875.0,2175.0,1890.0,0.0,0.0,0.0,0.0,11.3,0.0,0.0,0.0,0.0,0.0,Yes,No,No,No,No,Yes,No,0,0,0,0,0,0,0,0,0,0,0,0,0,0,0,0,0,0,0,0,0,0,0,0,0,0,0,0,0,0,7265,923,689,74,16.0,64,0.300,47.842,600.0,2394.0,0.2,0.0,0.0,0.0,0.0,0.0,0.0,0.0,0.8,127,16065,127,No,No,No,No,No,No,No,No,16.747,68.277,100.0,0.000,24.1,0,0,0,0.0,2.4,108.2,1.2,1.2,1.2,1.2,2.3,25.2,1.2,1.2,1.2,1.2,417.96,826.68,9.24,1.73,835.02,835.02,0.42,417.49,417.96,0.00,493.51,647,7,0.0,0.0,0,0,0.0,0.0,0,
9.6.2026,13:34:14.943,20365,28403,41.7,16979,15404,52.4,11.3,16384,1850,0.872,0.883,0.867,0.872,0.872,0.878,0.882,0.871,0.871,0.871,0.870,0.872,0.862,0.864,0.874,0.818,0.778,2693.4,3192.2,3192.2,3192.2,3192.2,3192.2,3192.2,2493.9,2493.9,2493.9,2493.9,2493.9,2493.9,1097.3,2493.9,99.8,2593.7,2866.4,3108.7,3106.5,3110.8,3112.0,3107.3,3111.2,3102.6,3103.6,3113.5,3111.5,3114.7,3114.5,2494.4,2500.8,2508.5,2512.5,2498.0,2498.7,2498.7,2499.4,2958.3,100.0,100.0,99.9,100.0,100.0,100.0,100.0,100.0,100.0,100.0,99.9,100.0,100.0,100.0,100.0,100.0,100.0,100.0,100.0,100.0,100.0,100.0,100.0,100.0,123.9,118.3,118.3,118.3,118.3,118.3,118.3,118.0,118.0,118.3,118.3,118.4,118.4,132.8,132.8,132.8,132.8,132.0,132.0,132.0,132.0,123.9,27.0,32.0,32.0,32.0,32.0,32.0,32.0,25.0,25.0,25.0,25.0,25.0,25.0,11.0,25.0,26.0,67,68,67,69,67,66,68,66,68,67,67,66,66,65,65,33,32,33,31,33,34,32,34,32,33,33,34,34,35,35,76,69,No,No,No,No,No,No,No,No,No,No,No,No,No,No,No,No,No,No,No,No,No,No,No,No,No,No,No,No,No,No,Yes,Yes,Yes,Yes,Yes,Yes,Yes,Yes,Yes,Yes,Yes,Yes,Yes,Yes,Yes,No,No,Yes,76,69,64,1.100,44.719,44.736,37.348,0.001,5.700,0.804,175.0,175.0,175.0,175.0,0,0.0,99.7,99.7,99.6,99.8,99.8,99.7,99.8,99.7,99.8,99.8,99.7,99.8,99.8,98.9,99.2,99.5,99.6,99.7,99.7,99.7,99.7,0.0,0.0,0.0,0.0,0.0,0.0,0.0,0.0,0.0,0.0,0.0,0.0,0.0,0.0,0.0,0.0,0.0,0.0,0.0,0.0,0.0,0.0,0.0,0.0,0.0,0.0,0.0,0.0,0.0,0.0,0.0,0.0,0.0,0.0,0.0,0.0,0.0,2394.1,24.00,36,35,35,68,103,383,2,2,Yes,No,No,No,No,No,No,No,Yes,No,No,No,No,Yes,No,No,No,No,No,No,No,Yes,No,No,No,No,No,No,No,No,No,No,No,No,No,No,No,No,85.0,4320,2460,4140,70.8,1.095,1.110,1.800,1.800,0.990,5.110,2.500,No,No,No,70.8,1.095,1.110,1.800,1.800,0.990,5.110,1.750,No,No,No,41,41,94.0,100.0,No,No,32155,47955,36,70,99.0,100.0,No,No,1844,3246,0.1,1.4,1.5,0.033,0.058,63618,48907,0.0,0.0,0.0,0.000,0.000,164001,82786,58.2,64.0,65.5,83.0,0.870,20.686,20.676,20.696,21.220,9.525,9.583,8.663,18.254,3.000,11.674,7.735,7.768,100.000,140.000,2175.0,2150.2,1875.0,2175.0,1890.0,1.0,0.0,0.0,0.0,11.3,0.0,0.1,0.0,0.0,0.0,Yes,No,No,No,No,Yes,No,0,0,0,0,0,0,0,0,0,0,0,0,0,0,0,0,0,0,0,0,0,0,0,0,0,0,0,0,0,0,7265,923,689,74,16.0,64,0.300,42.606,600.0,2394.0,0.1,0.0,0.0,0.0,0.0,0.0,0.0,0.0,0.8,127,16065,127,No,No,No,No,No,No,No,No,16.747,68.277,100.0,0.000,24.1,0,0,0,0.0,1.2,1.2,1.2,1.2,1.2,1.2,1.1,1.1,1.1,1.1,1.1,1.1,848.41,848.41,848.41,848.41,848.41,848.41,0.77,847.63,848.41,0.00,130.39,647,7,0.2,0.0,0,0,0.0,0.0,0,
9.6.2026,13:34:16.935,20365,28403,41.7,16981,15402,52.4,11.3,16384,1850,0.872,0.871,0.871,0.871,0.867,0.871,0.871,0.871,0.867,0.870,0.881,0.872,0.870,0.876,0.872,0.808,0.783,2650.7,3092.4,3092.4,3092.4,3092.4,3092.4,3092.4,2493.9,2493.9,2493.9,2493.9,2493.9,1097.3,2493.9,2493.9,99.8,2493.9,2866.7,3095.3,3109.1,3119.7,3111.4,3110.7,3115.5,3111.7,3113.4,3096.8,3104.5,3116.6,3116.8,2482.7,2492.3,2507.4,2506.3,2506.1,2506.2,2504.7,2507.4,2956.9,99.8,99.3,99.7,100.0,99.8,99.9,99.9,99.9,100.0,99.4,99.6,100.0,100.0,99.6,99.9,100.0,99.9,99.9,99.9,100.0,100.0,100.0,99.8,100.0,124.2,117.8,118.4,118.7,118.4,118.6,118.6,118.4,118.5,117.9,118.2,118.6,118.7,132.6,132.9,133.0,132.9,132.8,132.8,132.8,132.8,124.2,26.6,31.0,31.0,31.0,31.0,31.0,31.0,25.0,25.0,25.0,25.0,25.0,11.0,25.0,25.0,25.0,67,68,68,69,66,68,68,67,67,67,67,66,65,66,66,33,32,32,31,34,32,32,33,33,33,33,34,35,34,34,76,69,No,No,No,No,No,No,No,No,No,No,No,No,No,No,No,No,No,No,No,No,No,No,No,No,No,No,No,No,No,No,Yes,Yes,Yes,Yes,Yes,Yes,Yes,Yes,Yes,Yes,Yes,Yes,Yes,Yes,Yes,No,No,Yes,76,69,64,1.100,43.032,45.523,38.328,0.001,5.580,0.727,175.0,175.0,175.0,175.0,0,0.0,99.5,99.0,99.5,99.8,99.6,99.6,99.7,99.7,99.8,99.2,99.4,99.8,99.8,98.6,98.9,99.5,99.5,99.7,99.7,99.6,99.7,0.1,0.0,0.0,0.0,0.0,0.0,0.0,0.3,0.1,0.0,0.1,0.0,0.0,0.0,0.0,0.0,0.0,0.0,0.0,0.0,0.0,0.0,0.0,0.0,0.0,0.0,0.0,0.0,0.0,0.0,0.0,0.0,0.0,0.0,0.0,0.0,0.0,2394.1,24.00,36,35,35,68,103,383,2,2,Yes,No,No,No,No,No,No,No,Yes,No,No,No,No,Yes,No,No,No,No,No,No,No,Yes,No,No,No,No,No,No,No,No,No,No,No,No,No,No,No,No,83.0,4320,2460,4140,70.8,1.095,1.110,1.800,1.800,0.990,5.110,3.125,No,No,No,70.8,1.110,1.110,1.800,1.800,0.990,5.110,1.375,No,No,No,41,41,94.0,100.0,No,No,32155,47955,36,70,99.0,100.0,No,No,1844,3246,0.0,0.6,0.6,0.000,0.013,63618,48907,0.0,0.0,0.0,0.000,0.000,164001,82786,58.2,62.0,65.6,83.0,0.870,20.681,20.673,20.690,21.236,9.551,9.605,8.703,18.331,3.000,11.714,7.736,7.768,100.000,140.000,2175.0,2150.2,1875.0,2175.0,1890.0,0.0,0.0,0.0,0.0,11.3,0.0,0.0,0.0,0.0,0.0,Yes,No,No,No,No,Yes,No,0,0,0,0,0,0,0,0,0,0,0,0,0,0,0,0,0,0,0,0,0,0,0,0,0,0,0,0,0,0,7265,923,689,74,16.0,65,0.300,45.878,550.0,2394.0,0.1,0.0,0.0,0.0,0.0,0.0,0.0,0.0,0.8,127,16065,127,No,No,No,No,No,No,No,No,16.747,68.277,100.0,0.000,24.1,0,0,0,0.0,2.3,105.4,1.2,1.2,1.2,1.2,2.2,25.3,1.2,1.1,1.1,1.1,430.44,851.39,9.49,1.76,859.98,859.98,0.39,430.00,430.44,0.00,801.10,647,7,0.1,0.0,0,0,0.0,0.0,0,
9.6.2026,13:34:18.948,20364,28403,41.7,16981,15402,52.4,11.3,16384,1850,0.871,0.857,0.871,0.864,0.859,0.866,0.883,0.871,0.861,0.871,0.874,0.875,0.878,0.894,0.875,0.808,0.778,2757.5,3092.4,3092.4,3092.4,3092.4,3092.4,3192.2,2493.9,2493.9,2493.9,2493.9,2493.9,2493.9,2493.9,2493.9,99.8,2493.9,2852.5,3094.9,3094.5,3096.0,3097.5,3089.7,3097.1,3088.6,3088.4,3098.1,3098.4,3099.1,3098.9,2475.5,2483.4,2492.6,2495.6,2491.0,2490.8,2489.8,2490.6,2943.0,100.0,100.0,100.0,99.9,100.0,99.9,100.0,100.0,100.0,100.0,100.0,100.0,100.0,100.0,99.9,100.0,99.9,100.0,100.0,99.9,99.9,100.0,100.0,100.0,123.4,117.8,117.8,117.7,117.8,117.7,117.8,117.5,117.5,117.8,117.8,117.8,117.8,132.2,132.1,132.2,132.1,131.8,131.8,131.7,131.7,123.4,27.6,31.0,31.0,31.0,31.0,31.0,32.0,25.0,25.0,25.0,25.0,25.0,25.0,25.0,25.0,25.0,67,69,68,68,64,68,68,67,67,66,66,65,65,66,65,33,31,32,32,36,32,32,33,33,34,34,35,35,34,35,76,69,No,No,No,No,No,No,No,No,No,No,No,No,No,No,No,No,No,No,No,No,No,No,No,No,No,No,No,No,No,No,Yes,Yes,Yes,Yes,Yes,Yes,Yes,Yes,Yes,Yes,Yes,Yes,Yes,Yes,Yes,No,No,Yes,76,69,64,1.100,43.032,45.263,37.937,0.002,5.662,0.771,175.0,175.0,175.0,175.0,0,0.0,99.6,99.7,99.7,99.7,99.8,99.6,99.8,99.8,99.8,99.8,99.8,99.8,99.8,98.8,99.1,99.4,99.6,99.7,99.7,99.6,99.7,0.0,0.0,0.0,0.0,0.0,0.0,0.0,0.0,0.0,0.0,0.0,0.0,0.0,0.1,0.0,0.0,0.0,0.0,0.0,0.0,0.0,0.0,0.0,0.0,0.0,0.0,0.0,0.0,0.0,0.0,0.0,0.0,0.0,0.0,0.0,0.0,0.0,2394.1,24.00,36,35,35,68,103,383,2,2,Yes,No,No,No,No,No,No,No,Yes,No,No,No,No,Yes,No,No,No,No,No,No,No,Yes,No,No,No,No,No,No,No,No,No,No,No,No,No,No,No,No,85.0,4380,2460,4140,70.8,1.095,1.110,1.800,1.800,0.990,5.110,1.375,No,No,No,70.8,1.095,1.110,1.800,1.800,0.990,5.110,1.250,No,No,No,41,41,94.0,100.0,No,No,32155,47955,36,70,99.0,100.0,No,No,1844,3246,0.0,1.5,1.6,0.001,0.088,63618,48907,0.0,0.0,0.0,0.000,0.000,164001,82786,58.2,62.0,65.6,83.0,0.870,20.686,20.676,20.695,21.238,9.539,9.606,8.684,18.295,3.000,11.689,7.732,7.767,100.000,140.000,2175.0,2150.2,1875.0,2175.0,1890.0,0.0,0.0,0.0,0.0,11.3,0.0,0.0,0.0,0.0,0.0,Yes,No,No,No,No,Yes,No,0,0,0,0,0,0,0,0,0,0,0,0,0,0,0,0,0,0,0,0,0,0,0,0,0,0,0,0,0,0,7265,923,689,74,16.0,64,0.300,45.471,600.0,2394.0,0.2,0.0,0.0,0.0,0.0,0.0,0.0,0.0,0.8,127,16065,127,No,No,No,No,No,No,No,No,16.748,68.277,100.0,0.000,24.1,0,0,0,0.0,1.2,1.2,1.2,1.2,1.2,1.2,1.2,1.2,1.2,1.2,1.2,1.2,844.73,844.73,844.73,844.73,844.73,844.73,0.46,844.26,844.73,0.00,158.69,647,7,0.9,0.0,0,0,0.0,0.0,0,
9.6.2026,13:34:20.945,20363,28404,41.7,16978,15406,52.4,11.3,16384,1850,0.873,0.876,0.885,0.883,0.871,0.865,0.884,0.880,0.874,0.877,0.867,0.862,0.869,0.859,0.865,0.811,0.783,2786.0,3092.4,3092.4,3192.2,3092.4,3092.4,3192.2,2593.7,2593.7,2593.7,2493.9,2493.9,2493.9,2493.9,2493.9,99.8,2493.9,2862.9,3108.7,3109.2,3110.2,3112.1,3107.9,3113.8,3095.3,3096.3,3113.3,3113.5,3112.7,3112.9,2480.0,2485.0,2505.7,2507.9,2492.7,2493.5,2493.7,2493.9,2955.3,100.0,100.0,100.0,100.0,100.0,100.0,100.0,100.0,100.0,100.0,100.0,100.0,100.0,100.0,100.0,100.0,100.0,100.0,100.0,100.0,100.0,100.0,100.0,100.0,123.8,118.3,118.3,118.3,118.3,118.3,118.3,117.6,117.7,118.3,118.3,118.3,118.3,132.7,132.7,132.7,132.7,131.9,131.9,131.9,131.9,123.8,27.9,31.0,31.0,32.0,31.0,31.0,32.0,26.0,26.0,26.0,25.0,25.0,25.0,25.0,25.0,25.0,67,69,67,69,66,67,68,67,68,67,67,66,66,66,66,33,31,33,31,34,33,32,33,32,33,33,34,34,34,34,76,69,No,No,No,No,No,No,No,No,No,No,No,No,No,No,No,No,No,No,No,No,No,No,No,No,No,No,No,No,No,No,Yes,Yes,Yes,Yes,Yes,Yes,Yes,Yes,Yes,Yes,Yes,Yes,Yes,Yes,Yes,No,No,Yes,76,69,64,1.100,43.876,45.038,37.714,0.002,5.667,0.775,175.0,175.0,175.0,175.0,0,0.0,99.6,99.7,99.7,99.8,99.8,99.6,99.8,99.8,99.8,99.8,99.8,99.8,99.8,98.6,98.7,99.5,99.6,99.7,99.7,99.7,99.7,0.0,0.0,0.0,0.0,0.0,0.0,0.0,0.0,0.0,0.0,0.0,0.0,0.0,0.0,0.0,0.0,0.0,0.0,0.0,0.0,0.0,0.0,0.0,0.0,0.0,0.0,0.0,0.0,0.0,0.0,0.0,0.0,0.0,0.0,0.0,0.0,0.0,2194.6,22.00,32,32,32,62,103,351,2,2,Yes,No,No,No,No,No,No,No,Yes,No,No,No,No,Yes,No,No,No,No,No,No,No,Yes,No,No,No,No,No,No,No,No,No,No,No,No,No,No,No,No,83.0,4380,2460,4140,70.8,1.095,1.110,1.800,1.800,0.990,5.110,1.500,No,No,No,71.0,1.095,1.110,1.800,1.800,0.990,5.110,1.500,No,No,No,41,41,94.0,100.0,No,No,32155,47955,36,70,99.0,100.0,No,No,1844,3246,0.0,0.5,0.5,0.000,0.010,63618,48907,0.0,0.0,0.0,0.000,0.000,164001,82786,58.2,62.0,65.6,83.0,0.870,20.678,20.670,20.686,21.232,9.541,9.611,8.682,18.307,3.000,11.685,7.735,7.768,100.000,140.000,2175.0,2150.2,1875.0,2175.0,1890.0,0.0,0.0,0.0,0.0,11.3,0.0,0.0,0.0,0.0,0.0,Yes,No,No,No,No,Yes,No,0,0,0,0,0,0,0,0,0,0,0,0,0,0,0,0,0,0,0,0,0,0,0,0,0,0,0,0,0,0,7265,923,689,74,16.0,64,0.300,43.777,600.0,2194.0,0.2,0.0,0.0,0.0,0.0,0.0,0.0,0.0,0.8,127,16065,127,No,No,No,No,No,No,No,No,16.748,68.277,100.0,0.000,24.1,0,0,0,0.0,1.2,1.2,1.2,1.2,1.2,1.2,1.1,1.1,1.1,1.1,1.1,1.1,863.95,863.95,863.95,863.95,863.95,863.95,0.46,863.48,863.95,0.00,116.80,647,7,0.3,0.6,0,0,0.0,0.0,0,
9.6.2026,13:34:22.942,20365,28403,41.7,16981,15402,52.4,11.3,16384,1850,0.873,0.872,0.862,0.858,0.874,0.866,0.871,0.883,0.879,0.879,0.876,0.866,0.866,0.891,0.882,0.808,0.781,2771.8,3092.4,3092.4,3092.4,3092.4,3092.4,3092.4,2493.9,2593.7,2593.7,2593.7,2493.9,2493.9,2493.9,2493.9,99.8,2493.9,2860.0,3103.8,3104.3,3106.5,3106.2,3099.6,3105.2,3094.8,3097.4,3103.8,3103.6,3105.5,3105.4,2486.9,2499.1,2497.2,2503.1,2495.1,2494.3,2492.7,2495.4,2951.4,100.0,100.0,100.0,100.0,100.0,100.0,100.0,99.9,100.0,100.0,99.9,100.0,100.0,99.9,100.0,100.0,100.0,100.0,100.0,99.9,100.0,100.0,100.0,100.0,123.8,118.1,118.1,118.2,118.2,118.1,118.2,117.8,117.9,118.1,118.1,118.2,118.2,132.6,132.6,132.6,132.6,132.0,132.0,131.9,132.0,123.8,27.8,31.0,31.0,31.0,31.0,31.0,31.0,25.0,26.0,26.0,26.0,25.0,25.0,25.0,25.0,25.0,66,68,68,68,66,67,68,66,66,67,66,66,66,64,65,34,32,32,32,34,33,32,34,34,33,34,34,34,36,35,76,68,No,No,No,No,No,No,No,No,No,No,No,No,No,No,No,No,No,No,No,No,No,No,No,No,No,No,No,No,No,No,Yes,Yes,Yes,Yes,Yes,Yes,Yes,Yes,Yes,Yes,Yes,Yes,Yes,Yes,Yes,No,No,Yes,76,69,64,1.100,44.719,45.177,37.938,0.001,5.608,0.740,175.0,175.0,175.0,175.0,0,0.0,99.7,99.7,99.7,99.8,99.8,99.6,99.8,99.7,99.8,99.8,99.8,99.8,99.8,99.0,99.5,99.4,99.6,99.7,99.7,99.6,99.7,0.0,0.0,0.0,0.0,0.0,0.0,0.0,0.0,0.0,0.0,0.0,0.0,0.0,0.1,0.0,0.0,0.0,0.0,0.0,0.0,0.0,0.0,0.0,0.0,0.0,0.0,0.0,0.0,0.0,0.0,0.0,0.0,0.0,0.0,0.0,0.0,0.0,2394.1,24.00,36,35,35,68,103,383,2,2,Yes,No,No,No,No,No,No,No,Yes,No,No,No,No,Yes,No,No,No,No,No,No,No,Yes,No,No,No,No,No,No,No,No,No,No,No,No,No,No,No,No,84.0,4380,2520,4140,70.8,1.095,1.110,1.800,1.800,0.990,5.110,1.375,No,No,No,71.0,1.095,1.110,1.800,1.800,0.990,5.110,1.625,No,No,No,41,41,94.0,100.0,No,No,32155,47955,36,70,99.0,100.0,No,No,1844,3246,0.0,0.6,0.6,0.000,0.043,63618,48907,0.0,0.0,0.0,0.000,0.000,164001,82786,58.2,64.0,65.6,83.0,0.870,20.678,20.670,20.687,21.212,9.491,9.527,8.619,18.163,3.000,11.627,7.735,7.767,100.000,140.000,2175.0,2150.2,1875.0,2175.0,1890.0,0.0,0.0,0.0,0.0,11.3,0.0,0.0,0.0,0.0,0.0,Yes,No,No,No,No,Yes,No,0,0,0,0,0,0,0,0,0,0,0,0,0,0,0,0,0,0,0,0,0,0,0,0,0,0,0,0,0,0,7265,923,689,73,16.0,63,0.300,48.723,600.0,2394.0,0.1,0.0,0.0,0.0,0.0,0.0,0.0,0.0,0.8,127,16065,127,No,No,No,No,No,No,No,No,16.747,68.277,100.0,0.000,24.1,0,0,0,0.0,2.3,104.5,1.2,1.2,1.2,1.2,2.2,25.1,1.2,1.1,1.1,1.1,432.25,854.93,9.57,1.81,863.55,863.55,0.37,431.82,432.25,0.00,481.75,647,7,0.2,0.0,0,0,0.0,0.0,0,
9.6.2026,13:34:24.938,20364,28404,41.7,16977,15406,52.4,11.3,16384,1850,0.870,0.864,0.867,0.874,0.874,0.858,0.876,0.873,0.872,0.873,0.873,0.868,0.870,0.869,0.870,0.808,0.778,2750.4,3092.4,3092.4,3092.4,3092.4,3092.4,3092.4,2493.9,2493.9,2493.9,2493.9,2493.9,2493.9,2493.9,2493.9,99.8,2493.9,2865.1,3111.0,3110.9,3111.8,3112.1,3107.9,3113.2,3103.7,3102.8,3110.9,3112.7,3111.9,3111.7,2485.8,2496.5,2503.2,2504.5,2497.3,2497.6,2498.1,2498.3,2956.9,100.0,100.0,100.0,100.0,100.0,100.0,100.0,100.0,100.0,99.9,100.0,100.0,100.0,100.0,100.0,100.0,100.0,100.0,100.0,100.0,100.0,100.0,100.0,100.0,124.0,118.4,118.4,118.4,118.4,118.4,118.4,118.1,118.0,118.3,118.4,118.4,118.4,132.7,132.8,132.8,132.7,132.2,132.2,132.2,132.2,124.0,27.6,31.0,31.0,31.0,31.0,31.0,31.0,25.0,25.0,25.0,25.0,25.0,25.0,25.0,25.0,25.0,67,69,68,69,66,66,68,67,67,67,67,66,65,66,66,33,31,32,31,34,34,32,33,33,33,33,34,35,34,34,76,69,No,No,No,No,No,No,No,No,No,No,No,No,No,No,No,No,No,No,No,No,No,No,No,No,No,No,No,No,No,No,Yes,Yes,Yes,Yes,Yes,Yes,Yes,Yes,Yes,Yes,Yes,Yes,Yes,Yes,Yes,No,No,Yes,76,70,64,1.100,39.657,46.988,39.676,0.001,5.653,0.761,175.0,175.0,175.0,175.0,0,0.0,99.7,99.7,99.7,99.8,99.8,99.6,99.8,99.8,99.8,99.7,99.8,99.8,99.8,98.8,99.2,99.5,99.6,99.7,99.7,99.7,99.7,0.0,0.0,0.0,0.0,0.0,0.0,0.0,0.0,0.0,0.0,0.0,0.0,0.0,0.0,0.0,0.0,0.0,0.0,0.0,0.0,0.0,0.0,0.0,0.0,0.0,0.0,0.0,0.0,0.0,0.0,0.0,0.0,0.0,0.0,0.0,0.0,0.0,2194.6,22.00,32,32,32,62,103,351,2,2,Yes,No,No,No,No,No,No,No,Yes,No,No,No,No,Yes,No,No,No,No,No,No,No,Yes,No,No,No,No,No,No,No,No,No,No,No,No,No,No,No,No,84.0,4380,2520,4140,71.0,1.095,1.110,1.800,1.800,0.975,5.110,1.500,No,No,No,71.0,1.095,1.110,1.800,1.800,1.005,5.110,1.250,No,No,No,41,41,94.0,100.0,No,No,32155,47955,36,70,99.0,100.0,No,No,1844,3246,0.0,0.5,0.5,0.000,0.017,63618,48907,0.0,0.0,0.0,0.000,0.000,164001,82786,58.2,64.0,65.6,83.0,0.870,20.682,20.673,20.692,21.238,9.503,9.548,8.641,18.188,3.000,11.641,7.735,7.768,100.000,140.000,2175.0,2150.2,1875.0,2175.0,1890.0,0.0,0.0,0.0,0.0,11.3,0.0,0.0,0.0,0.0,0.0,Yes,No,No,No,No,Yes,No,0,0,0,0,0,0,0,0,0,0,0,0,0,0,0,0,0,0,0,0,0,0,0,0,0,0,0,0,0,0,7265,923,689,72,16.0,63,0.300,45.615,600.0,2194.0,0.1,0.0,0.0,0.0,0.0,0.0,0.0,0.0,0.8,127,16065,127,No,No,No,No,No,No,No,No,16.746,68.277,100.0,0.000,24.1,0,0,0,0.0,2.3,103.8,1.2,1.2,1.2,1.2,2.2,25.1,1.2,1.1,1.1,1.1,431.73,853.83,9.63,1.88,862.45,862.45,0.31,431.38,431.73,0.00,473.54,647,7,0.0,0.0,0,0,0.0,0.0,0,
9.6.2026,13:34:26.949,20364,28404,41.7,16977,15407,52.4,11.3,16384,1850,0.882,0.889,0.867,0.889,0.871,0.871,0.863,0.890,0.899,0.881,0.899,0.884,0.874,0.884,0.883,0.818,0.783,2821.7,3192.2,3092.4,3192.2,3092.4,3092.4,3092.4,2593.7,2593.7,2593.7,2593.7,2593.7,2593.7,2593.7,2593.7,99.8,2593.7,2870.2,3115.6,3115.8,3116.1,3117.2,3110.2,3117.3,3110.3,3110.5,3117.4,3118.0,3117.4,3117.3,2492.8,2503.4,2506.9,2510.8,2499.0,2501.2,2502.3,2504.6,2962.3,100.0,100.0,100.0,100.0,100.0,99.9,100.0,100.0,100.0,100.0,100.0,100.0,100.0,100.0,99.9,100.0,100.0,100.0,100.0,100.0,100.0,100.0,100.0,100.0,124.2,118.6,118.6,118.6,118.6,118.5,118.5,118.3,118.3,118.5,118.5,118.5,118.5,133.0,132.9,133.0,133.0,132.3,132.3,132.3,132.3,124.2,28.3,32.0,31.0,32.0,31.0,31.0,31.0,26.0,26.0,26.0,26.0,26.0,26.0,26.0,26.0,26.0,67,68,68,68,66,68,67,67,66,67,67,66,66,66,65,33,32,32,32,34,32,33,33,34,33,33,34,34,34,35,76,68,No,No,No,No,No,No,No,No,No,No,No,No,No,No,No,No,No,No,No,No,No,No,No,No,No,No,No,No,No,No,Yes,Yes,Yes,Yes,Yes,Yes,Yes,Yes,Yes,Yes,Yes,Yes,Yes,Yes,Yes,No,No,Yes,76,70,64,1.100,46.407,46.034,38.723,0.001,5.656,0.769,175.0,175.0,175.0,175.0,0,0.0,99.6,99.7,99.7,99.8,99.8,99.6,99.8,99.8,99.8,99.8,99.8,99.8,99.8,98.9,99.3,99.4,99.5,99.6,99.7,99.7,99.7,0.0,0.0,0.0,0.0,0.0,0.0,0.0,0.0,0.1,0.0,0.0,0.0,0.0,0.0,0.0,0.0,0.0,0.0,0.0,0.0,0.0,0.0,0.0,0.0,0.0,0.0,0.0,0.0,0.0,0.0,0.0,0.0,0.0,0.0,0.0,0.0,0.0,2194.6,22.00,32,32,32,62,103,351,2,2,Yes,No,No,No,No,No,No,No,Yes,No,No,No,No,Yes,No,No,No,No,No,No,No,Yes,No,No,No,No,No,No,No,No,No,No,No,No,No,No,No,No,85.0,4320,2460,4140,71.0,1.095,1.110,1.800,1.800,0.975,5.110,1.250,No,No,No,71.0,1.095,1.110,1.800,1.800,0.975,5.110,1.375,No,No,No,41,41,94.0,100.0,No,No,32155,47955,36,70,99.0,100.0,No,No,1844,3246,0.1,0.3,0.4,0.007,0.035,63618,48907,0.0,0.0,0.0,0.000,0.000,164001,82786,58.2,64.0,65.7,83.0,0.870,20.687,20.678,20.695,21.206,9.499,9.528,8.643,18.170,3.000,11.647,7.735,7.767,100.000,140.000,2175.0,2150.2,1875.0,2175.0,1890.0,0.0,0.0,0.0,0.0,11.3,0.0,0.0,0.0,0.0,0.0,Yes,No,No,No,No,Yes,No,0,0,0,0,0,0,0,0,0,0,0,0,0,0,0,0,0,0,0,0,0,0,0,0,0,0,0,0,0,0,7265,923,689,71,16.0,64,0.300,43.370,600.0,2194.0,0.1,0.0,0.0,0.0,0.0,0.0,0.0,0.0,0.8,127,16065,127,No,No,No,No,No,No,No,No,16.747,68.277,100.0,0.000,24.1,0,0,0,0.0,2.3,105.2,1.2,1.2,1.2,1.2,2.3,25.5,1.2,1.2,1.2,1.2,430.66,851.80,9.51,1.77,860.40,860.40,0.40,430.21,430.66,0.00,487.22,647,7,0.1,0.0,0,0,0.0,0.0,0,
9.6.2026,13:34:28.958,20370,28398,41.7,16986,15398,52.4,11.3,16384,1850,0.871,0.868,0.874,0.851,0.870,0.870,0.871,0.872,0.873,0.872,0.874,0.889,0.870,0.866,0.874,0.811,0.781,2750.4,3092.4,3092.4,3092.4,3092.4,3092.4,3092.4,2493.9,2493.9,2493.9,2493.9,2493.9,2493.9,2493.9,2493.9,99.8,2493.9,2869.4,3110.8,3106.6,3121.1,3112.8,3115.7,3119.7,3112.3,3112.6,3111.8,3114.8,3120.7,3120.7,2490.2,2498.8,2503.1,2513.5,2501.9,2500.4,2501.9,2498.8,2961.6,99.9,99.7,99.6,100.0,99.7,100.0,100.0,100.0,100.0,99.7,99.8,100.0,100.0,99.6,99.7,99.7,100.0,99.9,99.9,99.9,99.9,100.0,99.9,100.0,124.2,118.4,118.3,118.7,118.4,118.7,118.7,118.4,118.4,118.4,118.5,118.7,118.7,132.7,132.9,132.8,133.2,132.4,132.3,132.4,132.3,124.2,27.6,31.0,31.0,31.0,31.0,31.0,31.0,25.0,25.0,25.0,25.0,25.0,25.0,25.0,25.0,25.0,67,70,67,68,64,67,68,67,67,67,67,66,66,66,66,33,30,33,32,36,33,32,33,33,33,33,34,34,34,34,76,70,No,No,No,No,No,No,No,No,No,No,No,No,No,No,No,No,No,No,No,No,No,No,No,No,No,No,No,No,No,No,Yes,Yes,Yes,Yes,Yes,Yes,Yes,Yes,Yes,Yes,Yes,Yes,Yes,Yes,Yes,No,No,Yes,76,70,64,1.100,37.969,41.797,34.579,0.001,5.598,0.737,175.0,175.0,175.0,175.0,0,0.0,99.5,99.5,99.3,99.8,99.6,99.7,99.8,99.8,99.8,99.6,99.6,99.8,99.8,98.7,99.0,99.2,99.6,99.6,99.6,99.7,99.6,0.1,0.0,0.0,0.0,0.0,0.0,0.0,0.4,0.3,0.3,0.0,0.1,0.1,0.1,0.1,0.0,0.0,0.0,0.0,0.0,0.0,0.0,0.0,0.0,0.0,0.0,0.0,0.0,0.0,0.0,0.0,0.0,0.0,0.0,0.0,0.0,0.0,2394.1,24.00,36,35,35,68,103,383,2,2,Yes,No,No,No,No,No,No,No,Yes,No,No,No,No,Yes,No,No,No,No,No,No,No,Yes,No,No,No,No,No,No,No,No,No,No,No,No,No,No,No,No,83.0,4320,2520,4140,71.0,1.095,1.110,1.800,1.800,0.975,5.110,1.500,No,No,No,71.0,1.095,1.110,1.800,1.800,0.975,5.110,2.000,No,No,No,41,41,94.0,100.0,No,No,32155,47955,36,70,99.0,100.0,No,No,1844,3246,0.0,1.6,1.6,0.000,0.030,63618,48907,0.0,0.0,0.0,0.000,0.000,164001,82786,58.2,64.0,65.6,83.0,0.870,20.677,20.669,20.686,21.202,9.495,9.523,8.640,18.162,3.000,11.642,7.734,7.767,100.000,140.000,2175.0,2150.2,1875.0,2175.0,1890.0,0.0,0.0,0.0,0.0,11.3,0.0,0.0,0.0,0.0,0.0,Yes,No,No,No,No,Yes,No,0,0,0,0,0,0,0,0,0,0,0,0,0,0,0,0,0,0,0,0,0,0,0,0,0,0,0,0,0,0,7265,923,689,74,16.0,65,0.300,42.263,600.0,2394.0,0.1,0.0,0.0,0.0,0.0,0.0,0.0,0.0,0.8,127,16065,127,No,No,No,No,No,No,No,No,16.748,68.277,100.0,0.000,24.1,0,0,0,0.0,5.1,207.1,2.6,2.6,2.6,2.6,4.9,28.8,2.7,2.7,2.7,2.7,196.40,387.96,4.83,1.31,391.87,391.87,0.38,195.97,196.40,0.00,226.81,647,7,0.3,0.0,0,0,0.0,0.0,0,
9.6.2026,13:34:30.952,20363,28405,41.7,16982,15401,52.4,11.3,16384,1850,0.876,0.871,0.870,0.872,0.874,0.869,0.874,0.876,0.878,0.891,0.875,0.881,0.874,0.873,0.881,0.811,0.783,2750.4,3092.4,3092.4,3092.4,3092.4,3092.4,3092.4,2493.9,2493.9,2493.9,2493.9,2493.9,2493.9,2493.9,2493.9,99.8,2493.9,2850.3,3092.3,3091.7,3093.9,3093.9,3089.3,3094.2,3092.1,3092.1,3094.0,3094.1,3094.3,3094.1,2470.5,2477.9,2489.2,2492.4,2489.9,2490.0,2490.3,2490.5,2940.4,100.0,100.0,100.0,100.0,100.0,100.0,100.0,100.0,100.0,100.0,100.0,100.0,100.0,100.0,100.0,100.0,100.0,100.0,100.0,100.0,100.0,100.0,100.0,100.0,123.3,117.7,117.7,117.7,117.7,117.7,117.7,117.6,117.6,117.7,117.7,117.7,117.7,131.9,131.9,131.9,131.9,131.7,131.7,131.7,131.7,123.3,27.6,31.0,31.0,31.0,31.0,31.0,31.0,25.0,25.0,25.0,25.0,25.0,25.0,25.0,25.0,25.0,67,69,67,69,66,68,68,66,66,66,67,66,66,66,65,33,31,33,31,34,32,32,34,34,34,33,34,34,34,35,76,69,No,No,No,No,No,No,No,No,No,No,No,No,No,No,No,No,No,No,No,No,No,No,No,No,No,No,No,No,No,No,Yes,Yes,Yes,Yes,Yes,Yes,Yes,Yes,Yes,Yes,Yes,Yes,Yes,Yes,Yes,No,No,Yes,76,69,64,1.100,43.032,42.778,35.443,0.001,5.671,0.765,175.0,175.0,175.0,175.0,0,0.0,99.7,99.7,99.7,99.8,99.8,99.6,99.8,99.8,99.8,99.8,99.8,99.8,99.8,98.8,99.1,99.5,99.6,99.7,99.7,99.7,99.7,0.0,0.0,0.0,0.0,0.0,0.0,0.0,0.0,0.0,0.0,0.0,0.0,0.0,0.0,0.0,0.0,0.0,0.0,0.0,0.0,0.0,0.0,0.0,0.0,0.0,0.0,0.0,0.0,0.0,0.0,0.0,0.0,0.0,0.0,0.0,0.0,0.0,2394.1,24.00,36,35,35,68,103,383,2,2,Yes,No,No,No,No,No,No,No,Yes,No,No,No,No,Yes,No,No,No,No,No,No,No,Yes,No,No,No,No,No,No,No,No,No,No,No,No,No,No,No,No,85.0,4380,2520,4140,71.0,1.095,1.110,1.800,1.800,0.975,5.110,1.250,No,No,No,71.0,1.095,1.110,1.800,1.800,0.975,5.110,1.375,No,No,No,41,41,94.0,100.0,No,No,32155,47955,37,70,99.0,100.0,No,No,1844,3246,0.0,0.3,0.3,0.000,0.006,63618,48907,0.0,0.0,0.0,0.000,0.000,164001,82786,58.2,62.0,65.7,83.0,0.870,20.677,20.670,20.685,21.199,9.516,9.559,8.661,18.224,3.000,11.669,7.735,7.767,100.000,140.000,2175.0,2150.2,1875.0,2175.0,1890.0,0.0,0.0,0.0,0.0,11.3,0.0,0.0,0.0,0.0,0.0,Yes,No,No,No,No,Yes,No,0,0,0,0,0,0,0,0,0,0,0,0,0,0,0,0,0,0,0,0,0,0,0,0,0,0,0,0,0,0,7265,923,689,74,16.0,64,0.300,43.290,600.0,2394.0,0.1,0.0,0.0,0.0,0.0,0.0,0.0,0.0,0.8,127,16065,127,No,No,No,No,No,No,No,No,16.748,68.277,100.0,0.000,24.1,0,0,0,0.0,1.1,1.1,1.1,1.1,1.1,1.1,1.1,1.1,1.1,1.1,1.1,1.1,877.43,877.43,877.43,877.43,877.43,877.43,0.73,876.71,877.43,0.00,84.60,647,7,0.1,0.1,0,0,0.0,0.0,0,
9.6.2026,13:34:32.961,20369,28399,41.7,16995,15389,52.4,11.3,16384,1850,0.872,0.881,0.872,0.871,0.870,0.870,0.871,0.873,0.868,0.867,0.872,0.872,0.880,0.877,0.870,0.808,0.778,2750.4,3092.4,3092.4,3092.4,3092.4,3092.4,3092.4,2493.9,2493.9,2493.9,2493.9,2493.9,2493.9,2493.9,2493.9,99.8,2493.9,2879.2,3114.9,3119.2,3127.9,3125.7,3123.6,3130.3,3126.8,3129.9,3117.2,3116.3,3131.6,3131.7,2481.6,2497.9,2514.0,2520.3,2516.1,2517.0,2520.9,2520.9,2969.3,99.8,99.6,99.7,99.9,99.9,99.9,100.0,99.9,100.0,99.6,99.5,100.0,100.0,99.7,99.9,99.9,100.0,99.8,99.8,100.0,100.0,100.0,99.8,100.0,124.6,118.6,118.7,119.0,118.9,119.0,119.1,118.9,119.0,118.5,118.5,119.1,119.1,133.0,133.3,133.3,133.4,133.1,133.2,133.4,133.3,124.6,27.6,31.0,31.0,31.0,31.0,31.0,31.0,25.0,25.0,25.0,25.0,25.0,25.0,25.0,25.0,25.0,67,68,67,68,66,68,67,68,67,68,68,66,66,66,66,33,32,33,32,34,32,33,32,33,32,32,34,34,34,34,76,68,No,No,No,No,No,No,No,No,No,No,No,No,No,No,No,No,No,No,No,No,No,No,No,No,No,No,No,No,No,No,Yes,Yes,Yes,Yes,Yes,Yes,Yes,Yes,Yes,Yes,Yes,Yes,Yes,Yes,Yes,No,No,Yes,76,69,64,1.100,43.032,43.964,36.761,0.002,5.591,0.726,175.0,175.0,175.0,175.0,0,0.0,99.5,99.3,99.4,99.7,99.7,99.6,99.8,99.7,99.8,99.4,99.4,99.8,99.8,98.1,98.7,99.4,99.6,99.5,99.6,99.7,99.7,0.1,0.0,0.0,0.0,0.0,0.0,0.0,0.3,0.1,0.1,0.0,0.2,0.1,0.0,0.0,0.0,0.0,0.0,0.0,0.0,0.0,0.0,0.0,0.0,0.0,0.0,0.0,0.0,0.0,0.0,0.0,0.0,0.0,0.0,0.0,0.0,0.0,2394.1,24.00,36,35,35,68,103,383,2,2,Yes,No,No,No,No,No,No,No,Yes,No,No,No,No,Yes,No,No,No,No,No,No,No,Yes,No,No,No,No,No,No,No,No,No,No,No,No,No,No,No,No,84.0,4320,2520,4140,71.0,1.095,1.110,1.800,1.800,0.975,5.110,1.625,No,No,No,71.0,1.095,1.110,1.800,1.800,0.975,5.110,2.000,No,No,No,41,41,94.0,100.0,No,No,32155,47955,37,70,99.0,100.0,No,No,1844,3246,0.0,1.6,1.6,0.000,0.086,63618,48907,0.0,0.0,0.0,0.000,0.000,164001,82786,58.2,64.0,65.7,83.0,0.870,20.681,20.672,20.690,21.237,9.527,9.569,8.682,18.249,3.000,11.682,7.736,7.769,100.000,140.000,2175.0,2150.2,1875.0,2175.0,1890.0,0.0,0.0,0.0,0.0,11.3,0.0,0.0,0.0,0.0,0.0,Yes,No,No,No,No,Yes,No,0,0,0,0,0,0,0,0,0,0,0,0,0,0,0,0,0,0,0,0,0,0,0,0,0,0,0,0,0,0,7265,923,689,74,16.0,65,0.300,42.356,600.0,2394.0,0.2,0.0,0.0,0.0,0.0,0.0,0.0,0.0,0.8,127,16065,127,No,No,No,No,No,No,No,No,16.746,68.277,100.0,0.000,24.1,0,0,0,0.0,3.0,48.6,1.2,1.2,1.2,1.2,2.9,22.9,1.1,1.1,1.1,1.1,335.10,848.24,20.60,18.70,863.02,863.02,0.46,334.68,335.10,0.00,315.42,647,7,0.0,0.0,0,0,0.0,0.0,0,
9.6.2026,13:34:34.958,20364,28404,41.7,16988,15395,52.4,11.3,16384,1850,0.870,0.871,0.873,0.868,0.869,0.872,0.874,0.868,0.868,0.868,0.869,0.869,0.867,0.867,0.870,0.808,0.783,2750.4,3092.4,3092.4,3092.4,3092.4,3092.4,3092.4,2493.9,2493.9,2493.9,2493.9,2493.9,2493.9,2493.9,2493.9,99.8,2493.9,2839.2,3079.2,3078.8,3081.8,3082.0,3076.5,3082.2,3078.4,3077.8,3081.8,3081.9,3082.5,3082.0,2456.1,2464.2,2478.8,2482.9,2484.2,2484.3,2484.3,2484.9,2927.9,100.0,100.0,100.0,100.0,100.0,100.0,100.0,100.0,100.0,100.0,100.0,100.0,100.0,100.0,100.0,100.0,100.0,100.0,100.0,100.0,100.0,100.0,100.0,100.0,122.9,117.2,117.2,117.2,117.2,117.2,117.2,117.1,117.1,117.2,117.2,117.2,117.2,131.4,131.4,131.4,131.4,131.4,131.4,131.4,131.4,122.9,27.6,31.0,31.0,31.0,31.0,31.0,31.0,25.0,25.0,25.0,25.0,25.0,25.0,25.0,25.0,25.0,67,69,67,69,64,67,68,67,67,67,67,65,65,66,66,33,31,33,31,36,33,32,33,33,33,33,35,35,34,34,76,69,No,No,No,No,No,No,No,No,No,No,No,No,No,No,No,No,No,No,No,No,No,No,No,No,No,No,No,No,No,No,Yes,Yes,Yes,Yes,Yes,Yes,Yes,Yes,Yes,Yes,Yes,Yes,Yes,Yes,Yes,No,No,Yes,76,69,64,1.100,37.969,44.571,37.386,0.002,5.582,0.718,175.0,175.0,175.0,175.0,0,0.0,99.6,99.7,99.7,99.8,99.8,99.6,99.8,99.8,99.8,99.8,99.8,99.8,99.8,98.6,98.9,99.5,99.6,99.7,99.7,99.7,99.7,0.0,0.0,0.0,0.0,0.0,0.0,0.0,0.0,0.0,0.0,0.0,0.0,0.0,0.0,0.0,0.0,0.0,0.0,0.0,0.0,0.0,0.0,0.0,0.0,0.0,0.0,0.0,0.0,0.0,0.0,0.0,0.0,0.0,0.0,0.0,0.0,0.0,2394.1,24.00,36,35,35,68,103,383,2,2,Yes,No,No,No,No,No,No,No,Yes,No,No,No,No,Yes,No,No,No,No,No,No,No,Yes,No,No,No,No,No,No,No,No,No,No,No,No,No,No,No,No,85.0,4380,2520,4140,71.0,1.095,1.110,1.800,1.815,0.975,5.110,1.750,No,No,No,71.0,1.095,1.110,1.800,1.815,0.975,5.110,1.375,No,No,No,41,41,94.0,100.0,No,No,32155,47955,36,70,99.0,100.0,No,No,1844,3246,0.1,0.7,0.9,0.010,0.028,63618,48907,0.0,0.0,0.0,0.000,0.000,164001,82786,58.2,64.0,65.7,83.0,0.870,20.686,20.675,20.696,21.228,9.498,9.514,8.642,18.171,3.000,11.653,7.734,7.769,100.000,140.000,2175.0,2150.2,1875.0,2175.0,1890.0,0.0,0.0,0.0,0.0,11.3,0.0,0.0,0.0,0.0,0.0,Yes,No,No,No,No,Yes,No,0,0,0,0,0,0,0,0,0,0,0,0,0,0,0,0,0,0,0,0,0,0,0,0,0,0,0,0,0,0,7265,923,689,74,16.0,64,0.300,44.327,600.0,2394.0,0.2,0.0,0.0,0.0,0.0,0.0,0.0,0.0,0.8,127,16065,127,No,No,No,No,No,No,No,No,16.748,68.277,100.0,0.000,24.1,0,0,0,0.0,2.3,103.5,1.2,1.1,1.1,1.1,2.2,25.2,1.1,1.1,1.1,1.1,439.00,868.34,9.67,1.78,877.11,877.11,0.41,438.54,439.00,0.00,479.60,647,7,0.3,0.2,0,0,0.0,0.0,0,
9.6.2026,13:34:36.957,20362,28406,41.7,16987,15397,52.4,11.3,16384,1850,0.874,0.865,0.865,0.871,0.869,0.871,0.866,0.873,0.871,0.870,0.865,0.875,0.876,0.897,0.897,0.808,0.783,2664.9,3092.4,3092.4,3092.4,3092.4,3092.4,3092.4,2493.9,2493.9,2493.9,1097.3,2493.9,2493.9,2593.7,2593.7,99.8,2493.9,2844.5,3084.3,3084.4,3087.0,3086.2,3082.5,3087.6,3084.6,3084.5,3086.6,3086.7,3086.8,3086.5,2467.0,2476.7,2482.7,2484.7,2487.0,2487.5,2488.2,2488.3,2933.7,100.0,100.0,100.0,100.0,100.0,100.0,100.0,100.0,100.0,100.0,100.0,100.0,100.0,100.0,100.0,100.0,100.0,100.0,100.0,100.0,100.0,100.0,100.0,100.0,123.1,117.4,117.4,117.4,117.4,117.4,117.4,117.3,117.3,117.4,117.4,117.4,117.4,131.6,131.6,131.6,131.6,131.6,131.6,131.6,131.6,123.1,26.7,31.0,31.0,31.0,31.0,31.0,31.0,25.0,25.0,25.0,11.0,25.0,25.0,26.0,26.0,25.0,67,68,67,69,66,67,68,67,67,67,67,66,66,66,66,33,32,33,31,34,33,32,33,33,33,33,34,34,34,34,76,69,No,No,No,No,No,No,No,No,No,No,No,No,No,No,No,No,No,No,No,No,No,No,No,No,No,No,No,No,No,No,Yes,Yes,Yes,Yes,Yes,Yes,Yes,Yes,Yes,Yes,Yes,Yes,Yes,Yes,Yes,No,No,Yes,76,68,64,1.100,46.407,42.451,35.180,0.001,5.630,0.749,175.0,175.0,175.0,175.0,0,0.0,99.7,99.7,99.7,99.8,99.8,99.6,99.8,99.8,99.8,99.8,99.8,99.8,99.8,98.9,99.3,99.5,99.6,99.7,99.7,99.7,99.7,0.0,0.0,0.0,0.0,0.0,0.0,0.0,0.0,0.0,0.0,0.0,0.0,0.0,0.0,0.0,0.0,0.0,0.0,0.0,0.0,0.0,0.0,0.0,0.0,0.0,0.0,0.0,0.0,0.0,0.0,0.0,0.0,0.0,0.0,0.0,0.0,0.0,2394.1,24.00,36,35,35,68,103,383,2,2,Yes,No,No,No,No,No,No,No,Yes,No,No,No,No,Yes,No,No,No,No,No,No,No,Yes,No,No,No,No,No,No,No,No,No,No,No,No,No,No,No,No,85.0,4380,2520,4140,71.0,1.095,1.110,1.800,1.815,0.990,5.110,0.875,No,No,No,71.0,1.095,1.110,1.800,1.815,0.990,5.110,1.750,No,No,No,41,41,94.0,100.0,No,No,32155,47955,36,70,99.0,100.0,No,No,1844,3246,0.0,1.4,1.4,0.000,0.150,63618,48908,0.0,0.0,0.0,0.000,0.000,164001,82786,58.3,64.0,65.6,83.0,0.870,20.685,20.676,20.695,21.244,9.527,9.557,8.684,18.253,3.000,11.684,7.740,7.773,100.000,140.000,2175.0,2150.2,1875.0,2175.0,1890.0,0.0,0.0,0.0,0.0,11.3,0.0,0.0,0.0,0.0,0.0,Yes,No,No,No,No,Yes,No,0,0,0,0,0,0,0,0,0,0,0,0,0,0,0,0,0,0,0,0,0,0,0,0,0,0,0,0,0,0,7265,923,689,74,16.0,64,0.300,44.050,600.0,2394.0,0.1,0.0,0.0,0.0,0.0,0.0,0.0,0.0,0.8,127,16065,127,No,No,No,No,No,No,No,No,16.746,68.277,100.0,0.000,24.1,0,0,0,0.0,1.1,1.1,1.1,1.1,1.1,1.1,1.1,1.1,1.1,1.1,1.1,1.1,880.81,880.81,880.81,880.81,880.81,880.81,0.46,880.35,880.81,0.00,81.53,647,7,0.1,0.0,0,0,0.0,0.0,0,
9.6.2026,13:34:38.952,20366,28402,41.7,17000,15384,52.4,11.3,16384,1850,0.870,0.861,0.881,0.870,0.860,0.870,0.869,0.871,0.880,0.869,0.872,0.871,0.871,0.862,0.872,0.808,0.778,2750.4,3092.4,3092.4,3092.4,3092.4,3092.4,3092.4,2493.9,2493.9,2493.9,2493.9,2493.9,2493.9,2493.9,2493.9,99.8,2493.9,2867.6,3110.6,3108.9,3110.2,3109.9,3107.6,3112.8,3105.6,3104.7,3113.9,3114.0,3114.0,3113.6,2486.5,2494.1,2508.5,2512.1,2505.9,2506.4,2506.9,2506.5,2957.9,100.0,100.0,99.9,99.9,99.9,100.0,100.0,100.0,100.0,100.0,100.0,100.0,100.0,99.9,99.9,100.0,100.0,100.0,100.0,100.0,100.0,100.0,100.0,100.0,124.1,118.4,118.3,118.3,118.3,118.4,118.4,118.1,118.1,118.4,118.4,118.4,118.4,132.9,132.9,133.0,133.0,132.6,132.6,132.6,132.6,124.1,27.6,31.0,31.0,31.0,31.0,31.0,31.0,25.0,25.0,25.0,25.0,25.0,25.0,25.0,25.0,25.0,67,69,68,68,66,68,68,66,66,66,66,66,66,65,66,33,31,32,32,34,32,32,34,34,34,34,34,34,35,34,76,69,No,No,No,No,No,No,No,No,No,No,No,No,No,No,No,No,No,No,No,No,No,No,No,No,No,No,No,No,No,No,Yes,Yes,Yes,Yes,Yes,Yes,Yes,Yes,Yes,Yes,Yes,Yes,Yes,Yes,Yes,No,No,Yes,76,70,63,1.100,45.563,45.702,38.574,0.001,5.576,0.715,175.0,175.0,175.0,175.0,0,0.0,99.6,99.7,99.7,99.7,99.7,99.6,99.8,99.8,99.8,99.8,99.8,99.8,99.8,98.6,98.9,99.5,99.6,99.7,99.7,99.7,99.7,0.0,0.0,0.0,0.0,0.0,0.0,0.0,0.0,0.0,0.0,0.0,0.0,0.0,0.0,0.0,0.0,0.0,0.0,0.0,0.0,0.0,0.0,0.0,0.0,0.0,0.0,0.0,0.0,0.0,0.0,0.0,0.0,0.0,0.0,0.0,0.0,0.0,2194.6,22.00,32,32,32,62,103,351,2,2,Yes,No,No,No,No,No,No,No,Yes,No,No,No,No,Yes,No,No,No,No,No,No,No,Yes,No,No,No,No,No,No,No,No,No,No,No,No,No,No,No,No,85.0,4380,2460,4140,71.0,1.095,1.110,1.800,1.815,0.990,5.110,1.000,No,No,No,71.0,1.095,1.110,1.800,1.815,0.990,5.110,1.125,No,No,No,41,41,94.0,100.0,No,No,32155,47955,37,70,99.0,100.0,No,No,1844,3246,0.2,0.9,1.2,0.071,0.630,63618,48909,0.0,0.0,0.0,0.000,0.000,164001,82786,58.3,64.0,65.7,83.0,0.870,20.677,20.669,20.685,21.268,9.529,9.570,8.681,18.265,3.000,11.686,7.734,7.768,100.000,140.000,2175.0,2150.2,1875.0,2175.0,1890.0,0.0,0.0,0.0,0.0,11.3,0.0,0.0,0.0,0.0,0.0,Yes,No,No,No,No,Yes,No,0,0,0,0,0,0,0,0,0,0,0,0,0,0,0,0,0,0,0,0,0,0,0,0,0,0,0,0,0,0,7265,923,689,74,16.0,63,0.300,47.282,600.0,2194.0,0.1,0.0,0.0,0.0,0.0,0.0,0.0,0.0,0.8,127,16065,127,No,No,No,No,No,No,No,No,16.746,68.277,100.0,0.000,24.1,0,0,0,0.0,2.0,6.7,1.1,1.1,1.1,1.1,2.0,8.1,1.1,1.1,1.1,1.1,510.96,872.56,149.36,142.72,879.94,879.94,0.40,510.51,510.96,0.00,436.45,647,7,0.6,0.0,0,0,0.0,0.0,0,
9.6.2026,13:34:40.966,20358,28410,41.7,16994,15390,52.4,11.3,16384,1849,0.870,0.860,0.862,0.872,0.873,0.866,0.872,0.869,0.875,0.875,0.871,0.863,0.883,0.871,0.873,0.808,0.781,2757.5,3092.4,3092.4,3092.4,3092.4,3092.4,3092.4,2593.7,2493.9,2493.9,2493.9,2493.9,2493.9,2493.9,2493.9,99.8,2493.9,2851.2,3092.1,3091.9,3095.6,3095.0,3089.4,3094.5,3088.8,3089.5,3093.2,3093.4,3094.0,3094.6,2476.3,2481.4,2489.7,2495.5,2492.0,2492.1,2492.3,2492.9,2940.9,100.0,100.0,100.0,100.0,100.0,100.0,100.0,100.0,100.0,100.0,100.0,100.0,100.0,100.0,100.0,100.0,100.0,100.0,100.0,100.0,100.0,100.0,100.0,100.0,123.4,117.7,117.7,117.7,117.7,117.7,117.7,117.5,117.5,117.7,117.7,117.7,117.7,132.0,132.0,132.0,132.0,131.9,131.9,131.9,131.9,123.4,27.6,31.0,31.0,31.0,31.0,31.0,31.0,26.0,25.0,25.0,25.0,25.0,25.0,25.0,25.0,25.0,67,69,68,68,66,66,67,67,68,68,67,66,66,66,65,33,31,32,32,34,34,33,33,32,32,33,34,34,34,35,76,69,No,No,No,No,No,No,No,No,No,No,No,No,No,No,No,No,No,No,No,No,No,No,No,No,No,No,No,No,No,No,Yes,Yes,Yes,Yes,Yes,Yes,Yes,Yes,Yes,Yes,Yes,Yes,Yes,Yes,Yes,No,No,Yes,76,69,64,1.100,43.876,45.812,38.520,0.001,5.616,0.743,175.0,175.0,175.0,175.0,0,0.0,99.7,99.7,99.7,99.8,99.8,99.6,99.8,99.8,99.8,99.8,99.8,99.8,99.8,98.9,99.1,99.5,99.7,99.7,99.7,99.7,99.7,0.0,0.0,0.0,0.0,0.0,0.0,0.0,0.0,0.0,0.0,0.0,0.0,0.0,0.0,0.0,0.0,0.0,0.0,0.0,0.0,0.0,0.0,0.0,0.0,0.0,0.0,0.0,0.0,0.0,0.0,0.0,0.0,0.0,0.0,0.0,0.0,0.0,2194.6,22.00,32,32,32,62,103,351,2,2,Yes,No,No,No,No,No,No,No,Yes,No,No,No,No,Yes,No,No,No,No,No,No,No,Yes,No,No,No,No,No,No,No,No,No,No,No,No,No,No,No,No,85.0,4320,2460,4140,71.0,1.110,1.110,1.800,1.815,0.990,5.110,2.250,No,No,No,71.0,1.110,1.110,1.800,1.815,0.990,5.110,2.000,No,No,No,41,41,94.0,100.0,No,No,32155,47955,37,70,99.0,100.0,No,No,1844,3246,0.1,1.0,1.1,0.024,0.275,63619,48909,0.0,0.0,0.0,0.000,0.000,164001,82786,58.3,64.0,65.7,83.0,0.870,20.689,20.678,20.699,21.198,9.504,9.540,8.643,18.194,3.000,11.645,7.735,7.768,100.000,140.000,2175.0,2150.2,1875.0,2175.0,1890.0,0.0,0.0,0.0,0.0,11.3,0.0,0.0,0.0,0.0,0.0,Yes,No,No,No,No,Yes,No,0,0,0,0,0,0,0,0,0,0,0,0,0,0,0,0,0,0,0,0,0,0,0,0,0,0,0,0,0,0,7265,923,689,74,16.0,64,0.300,45.262,600.0,2194.0,0.1,0.0,0.0,0.0,0.0,0.0,0.0,0.0,0.8,127,16065,127,No,No,No,No,No,No,No,No,16.748,68.277,100.0,0.000,24.1,0,0,0,0.0,3.0,296.7,1.2,1.2,1.2,1.2,3.0,30.1,1.2,1.1,1.1,1.1,329.66,847.56,3.37,1.12,862.29,862.29,0.37,329.29,329.66,0.00,349.99,647,7,2.3,0.0,0,0,0.0,0.0,0,
9.6.2026,13:34:42.977,20357,28411,41.7,16993,15391,52.4,11.3,16384,1849,0.871,0.878,0.885,0.871,0.872,0.874,0.871,0.861,0.868,0.865,0.872,0.872,0.881,0.861,0.868,0.808,0.783,2657.8,3092.4,3192.2,3092.4,3092.4,3092.4,3092.4,2493.9,2493.9,1097.3,2493.9,2493.9,2493.9,2493.9,2493.9,99.8,2493.9,2853.7,3093.4,3094.1,3096.7,3096.9,3092.4,3097.8,3089.1,3089.7,3098.0,3098.0,3097.9,3097.1,2484.7,2490.2,2493.2,2496.9,2491.6,2491.6,2492.1,2492.4,2944.1,100.0,100.0,100.0,100.0,100.0,100.0,100.0,99.9,100.0,100.0,100.0,100.0,100.0,100.0,100.0,100.0,100.0,100.0,100.0,100.0,100.0,100.0,100.0,100.0,123.4,117.7,117.8,117.8,117.8,117.8,117.8,117.5,117.5,117.8,117.8,117.8,117.8,132.1,132.1,132.1,132.1,131.8,131.8,131.8,131.8,123.4,26.6,31.0,32.0,31.0,31.0,31.0,31.0,25.0,25.0,11.0,25.0,25.0,25.0,25.0,25.0,25.0,67,69,68,69,66,66,67,68,67,67,66,66,65,66,66,33,31,32,31,34,34,33,32,33,33,34,34,35,34,34,76,69,No,No,No,No,No,No,No,No,No,No,No,No,No,No,No,No,No,No,No,No,No,No,No,No,No,No,No,No,No,No,Yes,Yes,Yes,Yes,Yes,Yes,Yes,Yes,Yes,Yes,Yes,Yes,Yes,Yes,Yes,No,No,Yes,76,69,64,1.100,43.876,43.712,36.491,0.001,5.597,0.734,175.0,175.0,175.0,175.0,0,0.0,99.7,99.7,99.7,99.8,99.8,99.6,99.8,99.8,99.8,99.8,99.8,99.8,99.8,99.2,99.4,99.5,99.7,99.7,99.7,99.7,99.7,0.0,0.0,0.0,0.0,0.0,0.0,0.0,0.0,0.0,0.0,0.0,0.0,0.0,0.0,0.0,0.0,0.0,0.0,0.0,0.0,0.0,0.0,0.0,0.0,0.0,0.0,0.0,0.0,0.0,0.0,0.0,0.0,0.0,0.0,0.0,0.0,0.0,2194.6,22.00,32,32,32,62,103,351,2,2,Yes,No,No,No,No,No,No,No,Yes,No,No,No,No,Yes,No,No,No,No,No,No,No,Yes,No,No,No,No,No,No,No,No,No,No,No,No,No,No,No,No,85.0,4380,2520,4140,71.0,1.110,1.110,1.800,1.815,0.990,5.110,1.375,No,No,No,71.0,1.110,1.110,1.800,1.815,0.990,5.110,1.500,No,No,No,41,41,94.0,100.0,No,No,32155,47955,36,70,99.0,100.0,No,No,1844,3246,0.0,0.5,0.5,0.000,0.055,63619,48910,0.0,0.0,0.0,0.000,0.000,164001,82786,58.3,62.0,65.6,83.0,0.870,20.686,20.675,20.696,21.239,9.540,9.601,8.684,18.295,3.000,11.684,7.742,7.773,100.000,140.000,2175.0,2150.2,1875.0,2175.0,1890.0,0.0,0.0,0.0,0.0,11.3,0.0,0.0,0.0,0.0,0.0,Yes,No,No,No,No,Yes,No,0,0,0,0,0,0,0,0,0,0,0,0,0,0,0,0,0,0,0,0,0,0,0,0,0,0,0,0,0,0,7265,923,689,74,16.0,64,0.300,43.002,600.0,2194.0,0.1,0.0,0.0,0.0,0.0,0.0,0.0,0.0,0.8,127,16065,127,No,No,No,No,No,No,No,No,16.750,68.277,100.0,0.000,24.1,0,0,0,0.0,2.0,8.4,1.1,1.1,1.1,1.1,2.0,8.4,1.1,1.1,1.1,1.1,495.48,871.68,119.27,112.36,879.36,879.36,0.49,494.98,495.48,0.00,434.55,647,7,0.1,0.0,0,0,0.0,0.0,0,
9.6.2026,13:34:44.972,20357,28411,41.7,16998,15385,52.4,11.3,16384,1849,0.869,0.869,0.859,0.870,0.871,0.870,0.870,0.872,0.864,0.872,0.873,0.859,0.872,0.871,0.872,0.808,0.781,2750.4,3092.4,3092.4,3092.4,3092.4,3092.4,3092.4,2493.9,2493.9,2493.9,2493.9,2493.9,2493.9,2493.9,2493.9,99.8,2493.9,2859.2,3102.9,3093.3,3106.0,3087.4,3103.0,3107.4,3104.0,3104.0,3106.1,3098.7,3106.7,3106.4,2471.1,2487.9,2496.7,2503.6,2498.3,2500.0,2500.0,2500.2,2949.1,99.9,99.9,99.6,99.9,99.4,100.0,100.0,100.0,100.0,100.0,99.7,100.0,100.0,99.6,99.9,100.0,100.0,99.9,100.0,100.0,100.0,100.0,99.9,100.0,123.8,118.1,117.8,118.2,117.5,118.2,118.2,118.1,118.1,118.2,117.9,118.2,118.2,132.1,132.5,132.5,132.5,132.2,132.3,132.3,132.3,123.8,27.6,31.0,31.0,31.0,31.0,31.0,31.0,25.0,25.0,25.0,25.0,25.0,25.0,25.0,25.0,25.0,67,70,68,68,66,66,68,68,68,66,66,66,66,65,65,33,30,32,32,34,34,32,32,32,34,34,34,34,35,35,76,70,No,No,No,No,No,No,No,No,No,No,No,No,No,No,No,No,No,No,No,No,No,No,No,No,No,No,No,No,No,No,Yes,Yes,Yes,Yes,Yes,Yes,Yes,Yes,Yes,Yes,Yes,Yes,Yes,Yes,Yes,No,No,Yes,76,69,64,1.100,42.188,44.779,37.556,0.002,5.605,0.730,175.0,175.0,175.0,175.0,0,0.0,99.6,99.6,99.3,99.7,99.2,99.6,99.8,99.8,99.8,99.8,99.5,99.8,99.8,98.4,99.0,99.4,99.7,99.6,99.7,99.7,99.7,0.0,0.0,0.0,0.0,0.0,0.0,0.0,0.3,0.0,0.0,0.0,0.1,0.0,0.0,0.0,0.0,0.0,0.0,0.0,0.0,0.0,0.0,0.0,0.0,0.0,0.0,0.0,0.0,0.0,0.0,0.0,0.0,0.0,0.0,0.0,0.0,0.0,2394.1,24.00,36,35,35,68,103,383,2,2,Yes,No,No,No,No,No,No,No,Yes,No,No,No,No,Yes,No,No,No,No,No,No,No,Yes,No,No,No,No,No,No,No,No,No,No,No,No,No,No,No,No,85.0,4320,2460,4140,71.0,1.110,1.110,1.800,1.815,0.990,5.110,1.375,No,No,No,71.0,1.110,1.110,1.800,1.815,0.990,5.110,1.125,No,No,No,41,41,94.0,100.0,No,No,32155,47955,36,70,99.0,100.0,No,No,1844,3246,0.0,1.4,1.4,0.000,0.026,63619,48910,0.0,0.0,0.0,0.000,0.000,164001,82786,58.3,64.0,65.7,83.0,0.870,20.686,20.676,20.696,21.257,9.505,9.539,8.643,18.192,3.000,11.651,7.740,7.773,100.000,140.000,2175.0,2150.2,1875.0,2175.0,1890.0,0.0,0.0,0.0,0.0,11.3,0.0,0.0,0.0,0.0,0.0,Yes,No,No,No,No,Yes,No,0,0,0,0,0,0,0,0,0,0,0,0,0,0,0,0,0,0,0,0,0,0,0,0,0,0,0,0,0,0,7265,923,689,74,16.0,64,0.300,46.611,600.0,2394.0,0.2,0.0,0.0,0.0,0.0,0.0,0.0,0.0,0.8,127,16065,127,No,No,No,No,No,No,No,No,16.748,68.277,100.0,0.000,24.1,0,0,0,0.0,1.1,1.1,1.1,1.1,1.1,1.1,1.1,1.1,1.1,1.1,1.1,1.1,877.58,877.58,877.58,877.58,877.58,877.58,0.72,876.86,877.58,0.00,876.93,647,7,0.1,0.1,0,0,0.0,0.0,0,
9.6.2026,13:34:46.970,20363,28405,41.7,17001,15383,52.4,11.3,16384,1849,0.876,0.871,0.871,0.875,0.872,0.878,0.869,0.870,0.871,0.871,0.875,0.872,0.894,0.890,0.886,0.808,0.783,2750.4,3092.4,3092.4,3092.4,3092.4,3092.4,3092.4,2493.9,2493.9,2493.9,2493.9,2493.9,2493.9,2493.9,2493.9,99.8,2493.9,2842.4,3081.3,3083.4,3084.3,3084.2,3080.8,3085.4,3084.8,3084.3,3084.9,3083.9,3086.3,3086.0,2460.9,2471.5,2480.4,2484.2,2484.5,2485.6,2485.0,2486.5,2931.7,100.0,99.9,100.0,100.0,100.0,100.0,100.0,100.0,100.0,100.0,100.0,100.0,100.0,99.9,100.0,100.0,100.0,99.9,100.0,99.9,100.0,100.0,100.0,100.0,123.0,117.3,117.4,117.3,117.3,117.4,117.4,117.3,117.3,117.3,117.3,117.4,117.4,131.5,131.6,131.6,131.6,131.5,131.5,131.5,131.5,123.0,27.6,31.0,31.0,31.0,31.0,31.0,31.0,25.0,25.0,25.0,25.0,25.0,25.0,25.0,25.0,25.0,67,69,67,68,66,67,66,67,67,66,67,65,66,66,68,33,31,33,32,34,33,34,33,33,34,33,35,34,34,32,76,69,No,No,No,No,No,No,No,No,No,No,No,No,No,No,No,No,No,No,No,No,No,No,No,No,No,No,No,No,No,No,Yes,Yes,Yes,Yes,Yes,Yes,Yes,Yes,Yes,Yes,Yes,Yes,Yes,Yes,Yes,No,No,Yes,76,70,64,1.100,42.188,45.969,38.846,0.002,5.611,0.732,175.0,175.0,175.0,175.0,0,0.0,99.6,99.7,99.7,99.8,99.8,99.6,99.8,99.8,99.8,99.8,99.8,99.8,99.8,98.7,99.1,99.4,99.6,99.6,99.7,99.7,99.7,0.0,0.0,0.0,0.0,0.0,0.0,0.0,0.0,0.0,0.0,0.0,0.1,0.0,0.0,0.0,0.0,0.0,0.0,0.0,0.0,0.0,0.0,0.0,0.0,0.0,0.0,0.0,0.0,0.0,0.0,0.0,0.0,0.0,0.0,0.0,0.0,0.0,2394.1,24.00,36,35,35,68,103,383,2,2,Yes,No,No,No,No,No,No,No,Yes,No,No,No,No,Yes,No,No,No,No,No,No,No,Yes,No,No,No,No,No,No,No,No,No,No,No,No,No,No,No,No,85.0,4320,2520,4140,71.0,1.110,1.110,1.800,1.800,0.990,5.110,1.375,No,No,No,71.0,1.110,1.110,1.800,1.800,0.990,5.110,1.750,No,No,No,41,41,94.0,100.0,No,No,32155,47955,36,70,99.0,100.0,No,No,1844,3246,0.0,0.3,0.3,0.000,0.008,63619,48910,0.0,0.0,0.0,0.000,0.000,164001,82786,58.3,64.0,65.6,83.0,0.870,20.687,20.677,20.697,21.221,9.517,9.567,8.643,18.234,3.000,11.660,7.740,7.773,100.000,140.000,2175.0,2150.2,1875.0,2175.0,1890.0,0.0,0.0,0.0,0.0,11.3,0.0,0.0,0.0,0.0,0.0,Yes,No,No,No,No,Yes,No,0,0,0,0,0,0,0,0,0,0,0,0,0,0,0,0,0,0,0,0,0,0,0,0,0,0,0,0,0,0,7265,923,689,74,16.0,64,0.300,44.760,600.0,2394.0,0.2,0.0,0.0,0.0,0.0,0.0,0.0,0.0,0.8,127,16065,127,No,No,No,No,No,No,No,No,16.746,68.277,100.0,0.000,24.1,0,0,0,0.0,2.2,101.9,1.1,1.1,1.1,1.1,2.2,25.0,1.1,1.1,1.1,1.1,446.10,882.38,9.82,1.80,891.28,891.28,0.40,445.64,446.10,0.00,485.96,647,7,0.1,0.0,0,0,0.0,0.0,0,
9.6.2026,13:34:48.981,20356,28412,41.7,17001,15383,52.4,11.3,16384,1849,0.870,0.861,0.857,0.867,0.872,0.871,0.868,0.872,0.874,0.861,0.878,0.860,0.871,0.878,0.887,0.798,0.781,2736.2,2992.7,2992.7,3092.4,3092.4,3092.4,3092.4,2493.9,2493.9,2493.9,2493.9,2493.9,2493.9,2493.9,2493.9,99.8,2394.1,2857.4,3096.7,3097.7,3097.6,3101.5,3096.4,3100.8,3099.6,3100.2,3101.4,3095.5,3101.6,3101.1,2477.6,2486.2,2498.1,2499.2,2498.8,2499.1,2499.0,2499.5,2947.0,100.0,99.9,100.0,99.9,100.0,100.0,100.0,100.0,100.0,100.0,99.8,100.0,100.0,100.0,99.9,100.0,100.0,100.0,100.0,100.0,100.0,100.0,100.0,100.0,123.7,117.9,117.9,117.8,118.0,118.0,117.9,117.9,117.9,118.0,117.7,118.0,118.0,132.4,132.4,132.4,132.4,132.2,132.2,132.2,132.2,123.7,27.4,30.0,30.0,31.0,31.0,31.0,31.0,25.0,25.0,25.0,25.0,25.0,25.0,25.0,25.0,24.0,67,69,68,68,67,68,67,66,67,67,67,66,66,66,66,33,31,32,32,33,32,33,34,33,33,33,34,34,34,34,76,69,No,No,No,No,No,No,No,No,No,No,No,No,No,No,No,No,No,No,No,No,No,No,No,No,No,No,No,No,No,No,Yes,Yes,Yes,Yes,Yes,Yes,Yes,Yes,Yes,Yes,Yes,Yes,Yes,Yes,Yes,No,No,Yes,76,70,64,1.100,41.344,45.917,38.656,0.001,5.559,0.705,175.0,175.0,175.0,175.0,0,0.0,99.6,99.7,99.7,99.7,99.8,99.6,99.8,99.8,99.8,99.8,99.6,99.8,99.8,98.7,99.0,99.5,99.6,99.7,99.7,99.7,99.7,0.0,0.0,0.0,0.0,0.0,0.0,0.0,0.0,0.1,0.0,0.0,0.0,0.0,0.0,0.0,0.0,0.0,0.0,0.0,0.0,0.0,0.0,0.0,0.0,0.0,0.0,0.0,0.0,0.0,0.0,0.0,0.0,0.0,0.0,0.0,0.0,0.0,2394.1,24.00,36,35,35,68,103,383,2,2,Yes,No,No,No,No,No,No,No,Yes,No,No,No,No,Yes,No,No,No,No,No,No,No,Yes,No,No,No,No,No,No,No,No,No,No,No,No,No,No,No,No,85.0,4320,2460,4140,71.0,1.110,1.110,1.800,1.800,1.005,5.110,1.125,No,No,No,71.0,1.110,1.110,1.800,1.800,1.005,5.110,2.250,No,No,No,41,41,94.0,100.0,No,No,32155,47955,36,70,99.0,100.0,No,No,1844,3246,0.0,1.2,1.2,0.000,0.034,63619,48910,0.0,0.0,0.0,0.000,0.000,164001,82786,58.3,64.0,65.7,83.0,0.870,20.681,20.672,20.690,21.182,9.526,9.604,8.641,18.269,3.000,11.652,7.742,7.772,100.000,140.000,2175.0,2150.2,1875.0,2175.0,1890.0,0.0,0.0,0.0,0.0,11.3,0.0,0.0,0.0,0.0,0.0,Yes,No,No,No,No,Yes,No,0,0,0,0,0,0,0,0,0,0,0,0,0,0,0,0,0,0,0,0,0,0,0,0,0,0,0,0,0,0,7265,923,689,74,16.0,65,0.300,45.852,550.0,2394.0,0.2,0.0,0.0,0.0,0.0,0.0,0.0,0.0,0.8,127,16065,127,No,No,No,No,No,No,No,No,16.745,68.277,100.0,0.000,24.1,0,0,0,0.0,2.3,105.2,1.2,1.2,1.2,1.2,2.3,25.5,1.2,1.2,1.2,1.2,428.97,848.43,9.51,1.80,856.99,856.99,0.43,428.49,428.97,0.00,833.57,647,7,0.1,0.1,0,0,0.0,0.0,0,
9.6.2026,13:34:50.971,20354,28414,41.7,16999,15385,52.4,11.3,16384,1849,0.870,0.875,0.866,0.871,0.865,0.861,0.874,0.869,0.873,0.867,0.874,0.871,0.871,0.871,0.874,0.808,0.783,2750.4,3092.4,3092.4,3092.4,3092.4,3092.4,3092.4,2493.9,2493.9,2493.9,2493.9,2493.9,2493.9,2493.9,2493.9,99.8,2493.9,2840.4,3077.4,3078.3,3081.9,3079.7,3076.9,3081.3,3078.1,3078.7,3080.4,3081.1,3081.6,3081.9,2469.8,2477.0,2482.3,2483.8,2483.7,2484.4,2484.3,2485.1,2929.4,100.0,99.9,100.0,100.0,99.9,100.0,100.0,100.0,100.0,99.9,100.0,100.0,100.0,99.9,100.0,100.0,100.0,100.0,100.0,100.0,100.0,100.0,100.0,100.0,122.9,117.1,117.2,117.2,117.1,117.2,117.2,117.1,117.1,117.1,117.2,117.2,117.2,131.4,131.4,131.4,131.4,131.4,131.4,131.4,131.4,122.9,27.6,31.0,31.0,31.0,31.0,31.0,31.0,25.0,25.0,25.0,25.0,25.0,25.0,25.0,25.0,25.0,67,68,67,68,66,68,67,67,67,67,67,66,66,66,66,33,32,33,32,34,32,33,33,33,33,33,34,34,34,34,76,68,No,No,No,No,No,No,No,No,No,No,No,No,No,No,No,No,No,No,No,No,No,No,No,No,No,No,No,No,No,No,Yes,Yes,Yes,Yes,Yes,Yes,Yes,Yes,Yes,Yes,Yes,Yes,Yes,Yes,Yes,No,No,Yes,76,69,64,1.100,45.563,45.207,38.089,0.001,5.594,0.728,175.0,175.0,175.0,175.0,0,0.0,99.7,99.7,99.7,99.8,99.7,99.6,99.8,99.8,99.8,99.8,99.8,99.8,99.8,99.1,99.4,99.6,99.7,99.7,99.7,99.7,99.7,0.0,0.0,0.0,0.0,0.0,0.0,0.0,0.1,0.0,0.0,0.0,0.0,0.0,0.0,0.0,0.0,0.0,0.0,0.0,0.0,0.0,0.0,0.0,0.0,0.0,0.0,0.0,0.0,0.0,0.0,0.0,0.0,0.0,0.0,0.0,0.0,0.0,2394.1,24.00,36,35,35,68,103,383,2,2,Yes,No,No,No,No,No,No,No,Yes,No,No,No,No,Yes,No,No,No,No,No,No,No,Yes,No,No,No,No,No,No,No,No,No,No,No,No,No,No,No,No,84.0,4320,2460,4140,71.0,1.110,1.110,1.800,1.800,1.005,5.110,1.750,No,No,No,71.2,1.110,1.110,1.800,1.800,1.005,5.110,2.250,No,No,No,41,41,94.0,100.0,No,No,32155,47955,36,70,99.0,100.0,No,No,1844,3246,0.1,0.5,0.6,0.008,0.096,63619,48910,0.0,0.0,0.0,0.000,0.000,164001,82786,58.3,64.0,65.7,83.0,0.870,20.684,20.675,20.693,21.248,9.531,9.587,8.663,18.272,3.000,11.673,7.747,7.777,100.000,140.000,2175.0,2150.2,1875.0,2175.0,1890.0,0.0,0.0,0.0,0.0,11.3,0.0,0.0,0.0,0.0,0.0,Yes,No,No,No,No,Yes,No,0,0,0,0,0,0,0,0,0,0,0,0,0,0,0,0,0,0,0,0,0,0,0,0,0,0,0,0,0,0,7265,923,689,74,16.0,65,0.300,45.816,600.0,2394.0,0.1,0.0,0.0,0.0,0.0,0.0,0.0,0.0,0.8,127,16065,127,No,No,No,No,No,No,No,No,16.746,68.277,100.0,0.000,24.1,0,0,0,0.0,1.1,1.1,1.1,1.1,1.1,1.1,1.1,1.1,1.1,1.1,1.1,1.1,908.29,908.29,908.29,908.29,908.29,908.29,0.77,907.62,908.29,0.00,96.31,647,7,0.3,0.0,0,0,0.0,0.0,0,
9.6.2026,13:34:52.979,17104,31664,35.0,13985,18399,43.1,11.3,16384,1849,1.026,0.987,0.989,0.992,0.989,0.987,1.020,1.041,1.068,1.058,1.032,1.058,1.048,1.057,1.040,0.918,0.781,3448.7,3790.7,3790.7,3790.7,3790.7,3790.7,3790.7,3192.2,3192.2,3192.2,3192.2,3192.2,3192.2,3192.2,3192.2,99.8,3192.2,2636.0,2837.2,2764.2,2832.8,2757.7,2988.6,2799.0,2925.0,3041.8,2839.3,2791.2,2809.2,2906.5,2289.1,2305.7,2297.6,2284.8,2307.8,2314.0,2305.2,2323.9,2716.8,86.9,87.5,85.1,86.5,84.6,91.5,85.5,89.0,91.8,86.1,85.2,85.5,90.1,86.0,86.3,86.0,85.5,86.1,86.4,86.1,86.6,91.8,86.9,100.0,113.2,108.2,105.0,107.3,104.3,113.9,105.8,110.7,115.2,106.9,105.0,105.7,109.6,120.8,121.1,120.5,119.7,120.7,121.0,120.6,121.3,113.2,34.6,38.0,38.0,38.0,38.0,38.0,38.0,32.0,32.0,32.0,32.0,32.0,32.0,32.0,32.0,32.0,71,74,72,74,72,74,72,70,69,69,68,69,69,69,70,29,26,28,26,28,26,28,30,31,31,32,31,31,31,30,75,74,No,No,No,No,No,No,No,No,No,No,No,No,No,No,No,No,No,No,No,No,No,No,No,No,No,No,No,No,No,No,Yes,Yes,Yes,Yes,Yes,Yes,Yes,Yes,Yes,Yes,Yes,Yes,Yes,Yes,Yes,No,No,Yes,74,71,65,1.100,28.688,42.977,36.127,0.001,5.251,0.605,175.0,175.0,175.0,175.0,0,0.8,86.6,87.3,85.0,86.5,84.6,91.3,85.5,88.8,91.6,86.2,85.3,85.6,90.0,85.1,85.7,85.4,85.1,85.7,85.9,85.6,86.2,3.2,4.9,2.7,5.0,1.8,2.7,1.6,3.3,3.0,3.2,3.2,3.3,3.0,3.3,2.9,6.4,0.0,0.0,0.0,1.3,0.0,2.2,10.5,10.5,10.7,11.3,10.7,10.7,10.8,10.6,6.1,6.3,10.4,2.0,1.8,10.3,5.6,2394.1,24.00,36,35,35,68,103,383,2,2,Yes,No,No,No,No,No,No,No,Yes,Yes,Yes,No,No,Yes,No,No,No,No,No,No,No,Yes,No,No,No,No,No,No,No,No,No,No,No,No,No,No,No,No,85.0,4380,2460,4140,71.0,1.110,1.110,1.800,1.800,1.005,5.110,0.875,No,No,No,71.0,1.110,1.110,1.800,1.800,1.005,5.110,0.500,No,No,No,41,41,94.0,100.0,No,No,32155,47955,36,70,99.0,100.0,No,No,1844,3246,0.3,1.4,1.8,0.031,0.115,63619,48910,0.0,0.0,0.0,0.000,0.000,164001,82786,58.3,64.0,65.7,83.0,0.870,20.697,20.686,20.709,21.278,9.531,9.633,8.626,18.286,3.000,11.646,7.745,7.778,100.000,140.000,2175.0,2150.2,1875.0,2175.0,1890.0,0.0,0.0,0.0,0.0,11.3,0.0,0.1,0.0,0.0,0.0,Yes,No,No,No,No,Yes,No,0,0,0,0,0,0,0,0,0,0,0,0,0,0,0,0,0,0,0,0,0,0,0,0,0,0,0,0,0,0,7265,923,689,74,16.0,64,0.300,44.994,550.0,2394.0,0.1,0.0,0.0,0.0,0.0,0.0,0.0,0.0,0.8,127,16065,127,No,No,No,No,No,No,No,No,16.749,68.277,100.0,0.000,24.1,0,0,0,0.0,4.1,2935.0,1.2,1.1,1.1,1.1,4.1,33.1,1.2,1.2,1.2,1.2,241.33,848.56,0.34,0.33,871.95,871.95,0.30,241.01,241.33,0.00,451.80,647,7,0.8,1.3,0,0,0.0,0.0,0,
9.6.2026,13:34:54.973,17898,30870,36.7,14768,17616,45.6,11.3,16384,1849,1.097,1.151,1.191,1.170,1.190,1.170,1.170,1.195,1.200,1.205,1.195,1.195,0.775,0.780,0.780,1.141,0.783,2757.5,4489.0,1396.6,4688.5,4888.0,4688.5,4688.5,1097.3,3591.2,3591.2,1097.3,1097.3,1097.3,1097.3,1097.3,99.8,4289.5,2435.2,2638.2,2472.8,2719.2,2425.3,2881.8,2973.7,2556.1,3372.5,2623.5,2370.1,2511.7,2589.9,1996.6,2020.2,2019.5,1994.0,2068.8,2061.5,2086.2,2322.3,2510.3,72.6,72.5,67.6,74.7,66.7,77.7,79.4,69.4,88.1,71.9,66.1,70.7,72.1,68.0,69.1,68.5,67.4,70.7,70.3,71.0,90.7,90.7,72.6,100.0,106.8,100.8,94.5,104.4,93.2,110.5,113.9,98.4,128.9,101.6,92.3,97.4,100.4,109.2,110.2,109.8,108.1,112.2,111.8,113.0,125.2,106.8,27.6,45.0,14.0,47.0,49.0,47.0,47.0,11.0,36.0,36.0,11.0,11.0,11.0,11.0,11.0,43.0,63,63,61,63,78,58,62,62,62,62,61,62,62,62,62,37,37,39,37,22,42,38,38,38,38,39,38,38,38,38,78,78,No,No,No,No,No,No,No,No,No,No,No,No,No,No,No,No,No,No,No,No,No,No,No,No,No,No,No,No,No,No,Yes,Yes,Yes,Yes,Yes,Yes,Yes,Yes,Yes,Yes,Yes,Yes,Yes,Yes,Yes,No,No,Yes,76,70,64,1.100,51.470,44.903,38.453,0.002,5.056,0.624,175.0,175.0,175.0,175.0,0,0.0,71.9,72.5,67.6,74.4,66.5,77.2,79.0,69.5,87.6,71.1,65.1,70.3,71.0,66.3,67.5,67.2,66.4,69.6,69.1,70.0,89.9,5.4,7.0,7.3,3.6,6.7,6.9,4.7,6.5,2.2,4.6,6.4,7.0,4.6,4.8,3.5,14.8,4.1,4.9,1.8,2.4,3.3,2.3,25.9,29.0,27.3,26.7,22.6,25.5,24.6,6.2,10.5,13.8,11.0,4.5,0.0,17.4,16.1,2394.1,24.00,36,35,35,68,103,383,2,2,Yes,No,No,No,No,No,No,No,Yes,Yes,Yes,No,No,Yes,No,No,No,No,No,No,No,Yes,No,No,No,No,No,No,No,No,No,No,No,No,No,No,No,No,85.0,4260,2460,4080,70.8,1.110,1.110,1.800,1.800,1.005,5.110,2.500,No,No,No,71.0,1.110,1.110,1.800,1.800,1.005,5.110,1.625,No,No,No,41,41,94.0,100.0,No,No,32155,47955,36,70,99.0,100.0,No,No,1844,3246,0.1,0.6,0.7,0.010,0.034,63619,48910,0.0,0.0,0.0,0.000,0.000,164001,82786,58.2,64.0,65.5,83.0,0.870,20.618,20.620,20.617,21.241,9.596,9.724,8.722,18.473,3.000,11.735,7.741,7.774,100.000,140.000,2175.0,2150.2,1875.0,2175.0,1890.0,0.0,0.0,0.0,0.0,11.3,0.0,0.2,0.0,0.0,0.0,Yes,No,No,No,No,Yes,No,0,0,0,0,0,0,0,0,0,0,0,0,0,0,0,0,0,0,0,0,0,0,0,0,0,0,0,0,0,0,7265,923,689,75,16.0,64,0.300,35.060,600.0,2394.0,0.1,0.0,0.0,0.0,0.0,0.0,0.0,0.0,0.8,127,16065,127,No,No,No,No,No,No,No,No,16.748,68.277,100.0,0.000,24.1,0,0,0,0.0,7.0,932.1,2.2,2.1,2.1,2.1,7.2,163.3,2.2,2.1,2.1,2.1,142.93,464.67,1.07,0.65,470.77,470.77,0.36,142.58,142.93,0.00,250.59,647,7,0.2,0.1,0,0,0.0,0.0,0,
9.6.2026,13:34:56.972,18024,30744,36.9,14327,18057,44.2,11.3,16384,1849,1.040,1.174,1.023,1.013,1.065,0.993,0.998,1.040,1.038,1.037,1.037,1.036,1.037,1.038,1.038,1.063,0.778,3356.1,4489.0,3890.5,3890.5,3890.5,3890.5,1396.6,3192.2,3192.2,3192.2,3192.2,3192.2,3192.2,3192.2,3192.2,99.8,3890.5,2019.8,1681.3,1986.5,2185.5,1956.2,2504.9,2178.1,2095.7,4153.9,2086.0,1918.0,2029.0,2339.5,1615.0,1629.8,1690.0,1653.3,1653.5,1617.7,1684.5,1738.4,2106.4,53.8,45.5,49.6,56.3,48.3,62.3,53.2,52.3,94.9,51.0,47.1,50.7,58.3,49.7,49.8,53.6,50.7,50.1,48.4,50.3,53.1,94.9,53.8,100.0,86.4,65.3,75.6,83.7,74.0,95.9,82.5,79.4,158.5,78.6,72.0,76.3,88.8,85.3,85.9,88.4,87.3,86.4,84.5,88.0,90.9,86.3,33.6,45.0,39.0,39.0,39.0,39.0,14.0,32.0,32.0,32.0,32.0,32.0,32.0,32.0,32.0,39.0,71,73,72,75,67,75,72,72,72,72,71,68,68,68,68,29,27,28,25,33,25,28,28,28,28,29,32,32,32,32,77,75,No,No,No,No,No,No,No,No,No,No,No,No,No,No,No,No,No,No,No,No,No,No,No,No,No,No,No,No,No,No,Yes,Yes,Yes,Yes,Yes,Yes,Yes,Yes,Yes,Yes,Yes,Yes,Yes,Yes,Yes,No,No,Yes,77,77,64,1.100,36.282,43.471,36.861,0.002,5.052,0.548,175.0,175.0,175.0,175.0,0,0.0,53.6,45.2,49.0,56.3,48.0,62.3,52.9,51.2,94.7,50.9,47.1,49.9,58.6,49.5,49.8,53.6,50.8,50.1,48.5,50.4,53.5,3.7,10.3,9.3,5.4,3.7,0.3,5.8,2.1,2.0,0.3,2.4,3.2,2.0,2.4,3.1,27.3,1.9,2.6,3.2,0.1,3.1,0.8,46.8,47.0,45.9,45.4,46.2,49.1,46.8,42.9,24.9,24.8,27.5,22.3,0.0,43.7,31.0,997.6,10.00,22,15,15,28,103,160,2,2,Yes,No,No,No,No,No,No,No,Yes,Yes,Yes,No,No,Yes,No,No,No,No,No,No,No,Yes,No,No,No,No,No,Yes,No,No,No,No,No,No,No,Yes,No,No,84.0,4380,2520,4080,70.5,1.110,1.110,1.815,1.800,1.005,5.110,1.000,No,No,No,70.8,1.110,1.110,1.800,1.800,1.005,5.110,0.875,No,No,No,41,41,94.0,100.0,No,No,32155,47955,37,70,99.0,100.0,No,No,1844,3246,0.2,0.9,1.1,0.020,0.185,63619,48910,0.0,0.0,0.0,0.000,0.000,164001,82786,58.4,64.0,65.8,83.0,0.870,20.662,20.656,20.667,21.301,9.542,9.616,8.676,18.290,3.000,11.681,7.748,7.782,100.000,140.000,2175.0,2150.2,1875.0,2175.0,1890.0,0.0,0.0,0.0,0.0,11.3,0.0,0.0,0.0,0.0,0.0,Yes,No,No,No,No,Yes,No,0,0,0,0,0,0,0,0,0,0,0,0,0,0,0,0,0,0,0,0,0,0,0,0,0,0,0,0,0,0,7265,923,689,75,16.0,64,0.300,57.296,550.0,997.0,0.1,0.0,0.0,0.0,0.0,0.0,0.0,0.0,0.8,127,16065,127,No,No,No,No,No,No,No,No,16.748,68.277,100.0,0.000,24.1,0,0,0,0.0,7.0,932.1,2.2,2.1,2.1,2.1,7.2,163.3,2.2,2.1,2.1,2.1,142.93,464.67,1.07,0.65,470.77,470.77,0.36,142.58,142.93,0.00,250.59,647,7,0.0,0.0,0,0,0.0,0.0,0,
9.6.2026,13:34:58.973,20452,28316,41.9,16691,15693,51.5,11.3,16384,1849,0.953,0.925,0.942,0.945,0.959,0.952,0.968,0.991,0.964,0.970,0.977,0.936,0.932,0.941,0.946,0.878,0.781,3249.2,3591.2,3591.2,3591.2,3691.0,3591.2,3691.0,2992.7,2992.7,2992.7,2992.7,2992.7,2992.7,2892.9,2892.9,99.8,2992.7,2520.8,1545.2,2687.2,2686.1,2679.8,2868.9,2748.4,2685.5,4126.3,2691.8,2684.1,2717.6,2755.6,2158.9,2182.0,2188.5,2191.7,2203.6,2206.8,2198.4,2210.5,2599.8,66.6,38.3,65.7,65.6,65.4,71.9,67.1,65.4,95.9,65.6,65.4,67.4,69.0,65.6,65.6,65.6,65.8,67.0,66.8,65.6,66.6,95.9,66.6,100.0,109.5,59.5,102.8,102.6,102.3,110.2,104.9,102.5,158.5,102.6,102.3,103.4,105.0,116.3,116.3,116.3,116.4,117.3,117.1,116.3,117.0,109.5,32.6,36.0,36.0,36.0,37.0,36.0,37.0,30.0,30.0,30.0,30.0,30.0,30.0,29.0,29.0,30.0,69,73,71,71,70,70,70,69,68,68,68,68,68,68,68,31,27,29,29,30,30,30,31,32,32,32,32,32,32,32,75,73,No,No,No,No,No,No,No,No,No,No,No,No,No,No,No,No,No,No,No,No,No,No,No,No,No,No,No,No,No,No,Yes,Yes,Yes,Yes,Yes,Yes,Yes,Yes,Yes,Yes,Yes,Yes,Yes,Yes,Yes,No,No,Yes,76,74,63,1.100,49.782,43.447,37.507,0.001,4.909,0.503,175.0,175.0,175.0,175.0,0,0.0,66.4,37.7,65.2,65.3,65.2,71.6,66.9,65.4,95.3,65.6,65.4,67.5,69.1,64.5,65.3,65.5,65.8,66.9,66.9,66.0,67.1,2.3,2.7,2.1,3.9,3.8,2.1,1.2,2.1,2.1,2.1,1.8,2.1,2.1,2.1,2.0,18.0,0.0,0.0,3.8,0.0,0.0,4.2,31.3,31.1,31.1,31.0,29.5,29.6,30.5,29.2,22.2,30.8,31.9,16.6,0.0,31.5,22.5,2194.6,22.00,32,32,32,62,103,351,2,2,Yes,No,No,No,No,No,No,No,Yes,Yes,Yes,No,No,Yes,No,No,No,No,No,No,No,Yes,No,No,No,No,No,No,No,No,No,No,No,No,No,No,No,No,84.0,4320,2460,4080,70.5,1.110,1.110,1.815,1.815,1.005,5.110,1.875,No,No,No,70.5,1.110,1.110,1.815,1.800,1.005,5.110,2.000,No,No,No,41,41,94.0,100.0,No,No,32155,47955,36,70,99.0,100.0,No,No,1844,3246,0.0,1.6,1.6,0.000,0.278,63619,48911,0.0,0.0,0.0,0.000,0.000,164001,82786,58.4,64.0,65.7,83.0,0.870,20.621,20.626,20.616,21.321,9.587,9.750,8.684,18.452,3.000,11.700,7.746,7.779,100.000,140.000,2175.0,2150.2,1875.0,2175.0,1890.0,0.0,0.0,0.0,0.0,11.3,0.0,0.1,0.0,0.0,0.0,Yes,No,No,No,No,Yes,No,0,0,0,0,0,0,0,0,0,0,0,0,0,0,0,0,0,0,0,0,0,0,0,0,0,0,0,0,0,0,7265,923,689,75,16.0,64,0.300,44.729,550.0,2194.0,0.1,0.0,0.0,0.0,0.0,0.0,0.0,0.0,0.8,127,16065,127,No,No,No,No,No,No,No,No,16.746,68.277,100.0,0.000,24.1,0,0,0,0.0,1.2,92.1,0.5,0.5,0.5,0.5,1.2,61.6,0.5,0.5,0.5,0.5,834.39,1952.94,10.85,1.49,1982.17,1982.17,0.44,833.94,834.39,0.00,1036.31,647,7,1.9,0.0,0,0,0.0,0.0,0,
9.6.2026,13:35:0.972,20441,28327,41.9,16670,15714,51.4,11.3,16384,1849,0.869,0.861,0.867,0.878,0.877,0.869,0.861,0.870,0.868,0.878,0.868,0.863,0.868,0.869,0.869,0.808,0.783,2750.4,3092.4,3092.4,3092.4,3092.4,3092.4,3092.4,2493.9,2493.9,2493.9,2493.9,2493.9,2493.9,2493.9,2493.9,99.8,2493.9,3063.9,3339.7,3355.4,3355.4,3353.2,3343.7,3348.0,3347.9,3343.5,3343.5,3341.4,3340.1,3338.6,2614.9,2646.3,2620.3,2632.7,2640.7,2660.0,2662.8,2649.8,3166.5,100.0,100.0,100.0,100.0,100.0,100.0,100.0,100.0,100.0,100.0,100.0,100.0,100.0,100.0,100.0,100.0,100.0,100.0,100.0,100.0,100.0,100.0,100.0,100.0,137.7,131.1,131.0,131.1,131.1,131.0,131.1,131.0,131.0,131.0,131.0,131.0,131.0,147.6,147.6,147.6,147.6,147.8,147.8,147.8,147.8,137.7,27.6,31.0,31.0,31.0,31.0,31.0,31.0,25.0,25.0,25.0,25.0,25.0,25.0,25.0,25.0,25.0,67,70,68,68,66,67,68,67,67,67,67,68,66,66,66,33,30,32,32,34,33,32,33,33,33,33,32,34,34,34,76,70,No,No,No,No,No,No,No,No,No,No,No,No,No,No,No,No,No,No,No,No,No,No,No,No,No,No,No,No,No,No,Yes,Yes,Yes,Yes,Yes,Yes,Yes,Yes,Yes,Yes,Yes,Yes,Yes,Yes,Yes,No,No,Yes,76,68,65,1.100,43.876,56.316,48.793,0.001,5.561,0.726,175.0,175.0,175.0,175.0,0,0.0,96.7,96.8,97.4,97.5,97.4,97.3,97.4,97.5,97.4,97.5,97.5,97.5,97.6,94.4,95.6,94.8,95.2,95.5,96.3,96.4,96.1,0.0,0.0,0.0,0.0,0.0,0.0,0.0,0.0,0.0,0.0,0.0,0.0,0.0,0.0,0.0,0.0,0.0,0.0,0.0,0.0,0.0,0.0,0.0,0.0,0.0,0.0,0.0,0.0,0.0,0.0,0.0,0.0,0.0,0.0,0.0,0.0,0.0,2194.6,22.00,32,32,32,62,103,351,2,2,Yes,No,No,No,No,No,No,No,Yes,Yes,No,No,No,Yes,No,No,No,No,No,No,No,Yes,No,No,No,No,No,No,No,No,No,No,No,No,No,No,No,No,84.0,4440,2460,4260,70.2,1.110,1.110,1.815,1.815,1.005,5.110,2.000,No,No,No,70.2,1.110,1.110,1.815,1.815,0.975,5.110,2.500,No,No,No,41,41,94.0,100.0,No,No,32155,47955,37,70,99.0,100.0,No,No,1844,3246,0.3,0.9,1.2,0.040,0.039,63619,48911,0.0,0.0,0.0,0.000,0.000,164001,82786,58.4,64.0,65.8,83.0,0.870,20.686,20.677,20.696,21.187,9.522,9.578,8.643,18.233,3.000,11.659,7.754,7.786,100.000,140.000,2175.0,2150.2,1875.0,2175.0,1890.0,0.0,0.0,0.0,0.0,11.3,0.0,0.0,0.0,0.0,0.0,Yes,No,No,No,No,Yes,No,0,0,0,0,0,0,0,0,0,0,0,0,0,0,0,0,0,0,0,0,0,0,0,0,0,0,0,0,0,0,7265,923,689,67,16.0,64,0.300,47.878,600.0,2194.0,0.1,0.0,0.0,0.0,0.0,0.0,0.0,0.0,0.8,127,16065,127,No,No,No,No,No,No,No,No,16.747,68.277,100.0,0.000,24.1,0,0,0,0.0,2.2,101.4,1.1,1.1,1.1,1.1,2.2,24.9,1.1,1.1,1.1,1.1,447.16,884.47,9.86,1.83,893.39,893.39,0.43,446.73,447.16,0.00,645.93,647,7,0.1,0.1,0,0,0.0,0.0,0,
9.6.2026,13:35:2.969,20442,28326,41.9,16694,15690,51.5,11.3,16384,1849,0.870,0.867,0.872,0.872,0.872,0.856,0.877,0.867,0.867,0.872,0.872,0.868,0.867,0.879,0.873,0.808,0.781,2750.4,3092.4,3092.4,3092.4,3092.4,3092.4,3092.4,2493.9,2493.9,2493.9,2493.9,2493.9,2493.9,2493.9,2493.9,99.8,2493.9,2845.9,3081.3,3086.7,3089.8,3090.5,3086.8,3091.6,3082.7,3082.3,3090.7,3090.8,3090.8,3091.4,2466.1,2474.0,2483.6,2490.9,2487.4,2486.8,2486.9,2487.6,2935.6,100.0,100.0,99.9,100.0,100.0,100.0,100.0,100.0,100.0,100.0,99.9,100.0,100.0,100.0,100.0,100.0,100.0,100.0,100.0,100.0,100.0,100.0,100.0,100.0,123.2,117.6,117.5,117.6,117.6,117.6,117.6,117.3,117.3,117.6,117.6,117.6,117.6,131.9,131.9,131.9,131.9,131.7,131.6,131.6,131.7,123.2,27.6,31.0,31.0,31.0,31.0,31.0,31.0,25.0,25.0,25.0,25.0,25.0,25.0,25.0,25.0,25.0,67,69,68,70,66,68,68,68,66,66,66,66,65,65,66,33,31,32,30,34,32,32,32,34,34,34,34,35,35,34,76,70,No,No,No,No,No,No,No,No,No,No,No,No,No,No,No,No,No,No,No,No,No,No,No,No,No,No,No,No,No,No,Yes,Yes,Yes,Yes,Yes,Yes,Yes,Yes,Yes,Yes,Yes,Yes,Yes,Yes,Yes,No,No,Yes,76,69,65,1.100,43.876,43.958,36.829,0.002,5.536,0.708,175.0,175.0,175.0,175.0,0,0.0,99.6,99.5,99.6,99.7,99.8,99.6,99.8,99.8,99.7,99.7,99.7,99.8,99.8,98.6,99.0,99.3,99.6,99.7,99.6,99.6,99.7,0.0,0.0,0.0,0.0,0.0,0.0,0.0,0.0,0.0,0.0,0.0,0.0,0.0,0.0,0.0,0.0,0.0,0.0,0.0,0.0,0.0,0.0,0.0,0.0,0.0,0.0,0.0,0.0,0.0,0.0,0.0,0.0,0.0,0.0,0.0,0.0,0.0,2194.6,22.00,32,32,32,62,103,351,2,2,Yes,No,No,No,No,No,No,No,Yes,No,No,No,No,Yes,No,No,No,No,No,No,No,Yes,No,No,No,No,No,No,No,No,No,No,No,No,No,No,No,No,85.0,4380,2460,4200,70.2,1.110,1.110,1.815,1.815,1.005,5.110,1.500,No,No,No,70.2,1.110,1.110,1.815,1.815,1.005,5.110,1.125,No,No,No,41,41,94.0,100.0,No,No,32155,47955,37,70,99.0,100.0,No,No,1844,3246,0.1,0.5,0.6,0.008,0.068,63619,48911,0.0,0.0,0.0,0.000,0.000,164001,82786,58.4,62.0,65.8,83.0,0.870,20.692,20.681,20.703,21.177,9.516,9.561,8.645,18.219,3.000,11.653,7.752,7.786,100.000,140.000,2175.0,2150.2,1875.0,2175.0,1890.0,0.0,0.0,0.0,0.0,11.3,0.0,0.0,0.0,0.0,0.0,Yes,No,No,No,No,Yes,No,0,0,0,0,0,0,0,0,0,0,0,0,0,0,0,0,0,0,0,0,0,0,0,0,0,0,0,0,0,0,7265,923,689,67,16.0,64,0.300,45.480,600.0,2194.0,0.2,0.0,0.0,0.0,0.0,0.0,0.0,0.0,0.8,127,16065,127,No,No,No,No,No,No,No,No,16.747,68.277,100.0,0.000,24.1,0,0,0,0.0,3.9,163.6,2.0,1.9,1.9,1.9,3.7,27.8,2.0,2.0,2.0,2.0,259.28,512.44,6.11,1.46,517.61,517.61,0.42,258.85,259.28,0.00,306.98,647,7,0.4,0.2,0,0,0.0,0.0,0,
9.6.2026,13:35:4.978,20438,28330,41.9,16700,15683,51.5,11.3,16384,1849,0.877,0.880,0.886,0.889,0.896,0.887,0.877,0.874,0.863,0.864,0.869,0.871,0.875,0.872,0.868,0.808,0.783,2786.0,3092.4,3192.2,3192.2,3192.2,3192.2,3092.4,2593.7,2493.9,2493.9,2493.9,2493.9,2493.9,2493.9,2493.9,99.8,2493.9,2852.7,3093.6,3094.6,3098.2,3096.7,3092.9,3097.6,3094.0,3094.5,3098.5,3098.9,3099.2,3100.1,2476.4,2480.8,2494.8,2497.5,2486.7,2486.8,2486.1,2487.1,2944.3,100.0,100.0,100.0,100.0,99.9,100.0,100.0,100.0,100.0,100.0,100.0,100.0,100.0,100.0,100.0,100.0,100.0,100.0,100.0,100.0,100.0,100.0,100.0,100.0,123.4,117.8,117.8,117.8,117.8,117.8,117.8,117.7,117.7,117.9,117.8,117.9,117.9,132.1,132.1,132.2,132.1,131.6,131.6,131.6,131.6,123.4,27.9,31.0,32.0,32.0,32.0,32.0,31.0,26.0,25.0,25.0,25.0,25.0,25.0,25.0,25.0,25.0,67,68,67,68,67,68,67,68,68,68,67,65,65,66,66,33,32,33,32,33,32,33,32,32,32,33,35,35,34,34,76,68,No,No,No,No,No,No,No,No,No,No,No,No,No,No,No,No,No,No,No,No,No,No,No,No,No,No,No,No,No,No,Yes,Yes,Yes,Yes,Yes,Yes,Yes,Yes,Yes,Yes,Yes,Yes,Yes,Yes,Yes,No,No,Yes,76,69,64,1.100,43.032,44.704,37.464,0.001,5.718,0.803,175.0,175.0,175.0,175.0,0,0.0,99.6,99.7,99.7,99.8,99.7,99.6,99.7,99.7,99.7,99.7,99.7,99.8,99.8,98.8,99.0,99.5,99.6,99.6,99.7,99.6,99.7,0.0,0.0,0.0,0.0,0.0,0.0,0.0,0.0,0.0,0.0,0.0,0.0,0.0,0.0,0.0,0.0,0.0,0.0,0.0,0.0,0.0,0.0,0.0,0.0,0.0,0.0,0.0,0.0,0.0,0.0,0.0,0.0,0.0,0.0,0.0,0.0,0.0,2394.1,24.00,36,35,35,68,103,383,2,2,Yes,No,No,No,No,No,No,No,Yes,No,No,No,No,Yes,No,No,No,No,No,No,No,Yes,No,No,No,No,No,No,No,No,No,No,No,No,No,No,No,No,84.0,4380,2520,4200,70.2,1.095,1.110,1.815,1.815,1.005,5.110,2.000,No,No,No,70.2,1.095,1.110,1.815,1.815,1.005,5.110,1.500,No,No,No,41,41,94.0,100.0,No,No,32155,47955,36,70,99.0,100.0,No,No,1844,3246,0.0,0.5,0.5,0.025,0.047,63619,48911,0.0,0.0,0.0,0.000,0.000,164001,82786,58.4,64.0,65.8,83.0,0.870,20.689,20.679,20.700,21.197,9.492,9.499,8.623,18.154,3.000,11.643,7.747,7.781,100.000,140.000,2175.0,2150.2,1875.0,2175.0,1890.0,0.0,0.0,0.0,0.0,11.3,0.0,0.0,0.0,0.0,0.0,Yes,No,No,No,No,Yes,No,0,0,0,0,0,0,0,0,0,0,0,0,0,0,0,0,0,0,0,0,0,0,0,0,0,0,0,0,0,0,7265,923,689,66,16.0,64,0.300,43.096,600.0,2394.0,0.1,0.0,0.0,0.0,0.0,0.0,0.0,0.0,0.8,127,16065,127,No,No,No,No,No,No,No,No,16.748,68.277,100.0,0.000,24.1,0,0,0,0.0,2.2,102.2,1.1,1.1,1.1,1.1,2.2,24.9,1.2,1.1,1.1,1.1,446.40,883.02,9.78,1.77,891.93,891.93,0.39,445.95,446.40,0.00,486.81,647,7,0.1,0.0,0,0,0.0,0.0,0,
9.6.2026,13:35:6.974,20441,28327,41.9,16704,15680,51.5,11.3,16384,1849,0.872,0.888,0.884,0.884,0.857,0.868,0.871,0.871,0.871,0.869,0.871,0.871,0.869,0.869,0.869,0.818,0.783,2771.8,3192.2,3192.2,3192.2,3092.4,3092.4,3092.4,2493.9,2493.9,2493.9,2493.9,2493.9,2493.9,2493.9,2493.9,99.8,2593.7,2847.8,3089.8,3090.2,3093.0,3094.0,3089.4,3094.0,3091.2,3090.9,3092.3,3092.8,3092.8,3093.1,2461.2,2475.7,2483.7,2491.0,2484.4,2485.5,2485.6,2485.2,2938.4,100.0,100.0,100.0,100.0,100.0,100.0,100.0,100.0,100.0,100.0,100.0,100.0,100.0,100.0,100.0,100.0,100.0,100.0,100.0,100.0,100.0,100.0,100.0,100.0,123.2,117.6,117.6,117.6,117.6,117.6,117.6,117.5,117.5,117.6,117.6,117.6,117.6,131.8,131.9,131.9,131.9,131.5,131.5,131.5,131.5,123.2,27.8,32.0,32.0,32.0,31.0,31.0,31.0,25.0,25.0,25.0,25.0,25.0,25.0,25.0,25.0,26.0,67,68,67,69,66,68,67,67,67,67,66,66,65,66,66,33,32,33,31,34,32,33,33,33,33,34,34,35,34,34,76,69,No,No,No,No,No,No,No,No,No,No,No,No,No,No,No,No,No,No,No,No,No,No,No,No,No,No,No,No,No,No,Yes,Yes,Yes,Yes,Yes,Yes,Yes,Yes,Yes,Yes,Yes,Yes,Yes,Yes,Yes,No,No,Yes,77,69,64,1.100,43.876,45.454,38.067,0.002,5.603,0.728,175.0,175.0,175.0,175.0,0,0.0,99.6,99.7,99.7,99.8,99.8,99.7,99.8,99.8,99.8,99.8,99.8,99.8,99.8,98.4,99.0,99.3,99.6,99.7,99.7,99.7,99.7,0.0,0.0,0.0,0.0,0.0,0.0,0.0,0.0,0.0,0.0,0.0,0.0,0.0,0.0,0.0,0.0,0.0,0.0,0.0,0.0,0.0,0.0,0.0,0.0,0.0,0.0,0.0,0.0,0.0,0.0,0.0,0.0,0.0,0.0,0.0,0.0,0.0,2194.6,22.00,32,32,32,62,103,351,2,2,Yes,No,No,No,No,No,No,No,Yes,No,No,No,No,Yes,No,No,No,No,No,No,No,Yes,No,No,No,No,No,No,No,No,No,No,No,No,No,No,No,No,85.0,4380,2520,4140,70.5,1.095,1.110,1.815,1.815,1.005,5.110,1.000,No,No,No,70.5,1.095,1.110,1.815,1.815,1.005,5.110,1.750,No,No,No,41,41,94.0,100.0,No,No,32155,47955,37,70,99.0,100.0,No,No,1844,3246,0.1,0.8,0.9,0.008,0.033,63619,48911,0.0,0.0,0.0,0.000,0.000,164001,82786,58.4,64.0,65.8,83.0,0.870,20.686,20.676,20.695,21.236,9.518,9.538,8.663,18.212,3.000,11.678,7.752,7.786,100.000,140.000,2175.0,2150.2,1875.0,2175.0,1890.0,0.0,0.0,0.0,0.0,11.3,0.0,0.0,0.0,0.0,0.0,Yes,No,No,No,No,Yes,No,0,0,0,0,0,0,0,0,0,0,0,0,0,0,0,0,0,0,0,0,0,0,0,0,0,0,0,0,0,0,7265,923,689,65,16.0,64,0.300,46.184,600.0,2194.0,0.2,0.0,0.0,0.0,0.0,0.0,0.0,0.0,0.8,127,16065,127,No,No,No,No,No,No,No,No,16.748,68.277,100.0,0.000,24.1,0,0,0,0.0,2.2,100.7,1.1,1.1,1.1,1.1,2.1,24.7,1.1,1.1,1.1,1.1,448.51,887.09,9.93,1.88,896.04,896.04,0.41,448.05,448.51,0.00,480.58,647,7,0.3,0.1,0,0,0.0,0.0,0,
9.6.2026,13:35:8.971,20439,28329,41.9,16705,15679,51.5,11.3,16384,1849,0.873,0.875,0.872,0.873,0.872,0.873,0.870,0.872,0.873,0.872,0.879,0.880,0.879,0.875,0.862,0.808,0.778,2650.7,3092.4,3092.4,3092.4,3092.4,3092.4,3092.4,2493.9,2493.9,2493.9,2493.9,2493.9,2493.9,2493.9,1097.3,99.8,2493.9,2854.0,3100.5,3099.7,3102.4,3099.1,3094.6,3100.3,3097.5,3098.3,3100.8,3100.5,3099.1,3100.3,2469.3,2478.7,2494.5,2499.8,2486.1,2486.9,2485.7,2485.7,2946.0,100.0,100.0,100.0,100.0,99.9,99.9,100.0,99.9,100.0,100.0,100.0,99.9,100.0,99.9,100.0,100.0,100.0,100.0,100.0,100.0,99.9,100.0,100.0,100.0,123.6,118.0,118.0,118.0,117.9,118.0,118.0,117.9,117.9,118.0,118.0,118.0,118.0,132.3,132.4,132.4,132.4,131.6,131.6,131.5,131.5,123.6,26.6,31.0,31.0,31.0,31.0,31.0,31.0,25.0,25.0,25.0,25.0,25.0,25.0,25.0,11.0,25.0,67,70,68,69,67,66,68,68,68,68,68,65,65,65,65,33,30,32,31,33,34,32,32,32,32,32,35,35,35,35,76,70,No,No,No,No,No,No,No,No,No,No,No,No,No,No,No,No,No,No,No,No,No,No,No,No,No,No,No,No,No,No,Yes,Yes,Yes,Yes,Yes,Yes,Yes,Yes,Yes,Yes,Yes,Yes,Yes,Yes,Yes,No,No,Yes,76,69,64,1.100,43.032,45.529,38.289,0.002,5.604,0.740,175.0,175.0,175.0,175.0,0,0.0,99.6,99.7,99.7,99.8,99.7,99.6,99.8,99.8,99.8,99.8,99.8,99.7,99.8,98.4,98.8,99.4,99.6,99.7,99.7,99.7,99.7,0.0,0.0,0.0,0.0,0.0,0.0,0.0,0.1,0.0,0.0,0.0,0.0,0.0,0.0,0.0,0.0,0.0,0.0,0.0,0.0,0.0,0.0,0.0,0.0,0.0,0.0,0.0,0.0,0.0,0.0,0.0,0.0,0.0,0.0,0.0,0.0,0.0,2394.1,24.00,36,35,35,68,103,383,2,2,Yes,No,No,No,No,No,No,No,Yes,No,No,No,No,Yes,No,No,No,No,No,No,No,Yes,No,No,No,No,No,No,No,No,No,No,No,No,No,No,No,No,85.0,4380,2520,4140,70.5,1.095,1.110,1.800,1.815,1.005,5.110,2.000,No,No,No,70.5,1.095,1.110,1.800,1.815,1.005,5.110,2.000,No,No,No,41,41,94.0,100.0,No,No,32155,47955,36,70,99.0,100.0,No,No,1844,3246,0.0,0.6,0.6,0.000,0.187,63619,48912,0.0,0.0,0.0,0.000,0.000,164001,82786,58.4,62.0,65.8,83.0,0.870,20.686,20.675,20.696,21.215,9.532,9.590,8.663,18.274,3.000,11.672,7.747,7.781,100.000,140.000,2175.0,2150.2,1875.0,2175.0,1890.0,0.0,0.0,0.0,0.0,11.3,0.0,0.0,0.0,0.0,0.0,Yes,No,No,No,No,Yes,No,0,0,0,0,0,0,0,0,0,0,0,0,0,0,0,0,0,0,0,0,0,0,0,0,0,0,0,0,0,0,7265,923,689,64,16.0,66,0.300,45.855,600.0,2394.0,0.2,0.0,0.0,0.0,0.0,0.0,0.0,0.0,0.8,127,16065,127,No,No,No,No,No,No,No,No,16.747,68.277,100.0,0.000,24.1,0,0,0,0.0,2.2,101.3,1.1,1.1,1.1,1.1,2.1,25.1,1.1,1.1,1.1,1.1,447.44,885.01,9.88,1.84,893.94,893.94,0.42,446.97,447.44,0.00,473.87,647,7,0.1,0.1,0,0,0.0,0.0,0,
9.6.2026,13:35:10.977,20442,28325,41.9,16709,15675,51.5,11.3,16384,1849,0.871,0.892,0.878,0.887,0.877,0.879,0.873,0.863,0.863,0.866,0.862,0.860,0.872,0.866,0.861,0.818,0.783,2786.0,3192.2,3192.2,3192.2,3192.2,3192.2,3092.4,2493.9,2493.9,2493.9,2493.9,2493.9,2493.9,2493.9,2493.9,99.8,2593.7,2868.9,3112.8,3114.3,3115.9,3117.3,3112.1,3118.0,3110.5,3111.4,3118.0,3115.6,3119.0,3119.3,2491.6,2501.2,2509.4,2514.8,2494.0,2493.9,2494.9,2494.5,2962.6,100.0,100.0,100.0,99.9,100.0,100.0,100.0,99.9,100.0,100.0,99.9,100.0,100.0,100.0,100.0,100.0,99.9,100.0,100.0,100.0,100.0,100.0,100.0,100.0,124.1,118.5,118.6,118.5,118.5,118.5,118.6,118.3,118.3,118.5,118.4,118.5,118.5,133.1,133.1,133.1,133.1,131.9,131.9,131.9,131.9,124.1,27.9,32.0,32.0,32.0,32.0,32.0,31.0,25.0,25.0,25.0,25.0,25.0,25.0,25.0,25.0,26.0,67,69,67,68,66,68,68,68,68,68,67,66,66,65,65,33,31,33,32,34,32,32,32,32,32,33,34,34,35,35,76,69,No,No,No,No,No,No,No,No,No,No,No,No,No,No,No,No,No,No,No,No,No,No,No,No,No,No,No,No,No,No,Yes,Yes,Yes,Yes,Yes,Yes,Yes,Yes,Yes,Yes,Yes,Yes,Yes,Yes,Yes,No,No,Yes,77,68,64,1.100,37.126,44.658,37.511,0.002,5.689,0.783,175.0,175.0,175.0,175.0,0,0.0,99.6,99.7,99.7,99.7,99.8,99.6,99.8,99.7,99.7,99.8,99.7,99.8,99.8,98.6,99.0,99.3,99.5,99.6,99.6,99.7,99.6,0.0,0.0,0.0,0.0,0.0,0.0,0.0,0.0,0.0,0.0,0.1,0.0,0.0,0.0,0.0,0.0,0.0,0.0,0.0,0.0,0.0,0.0,0.0,0.0,0.0,0.0,0.0,0.0,0.0,0.0,0.0,0.0,0.0,0.0,0.0,0.0,0.0,2194.6,22.00,32,32,32,62,103,351,2,2,Yes,No,No,No,No,No,No,No,Yes,No,No,No,No,Yes,No,No,No,No,No,No,No,Yes,No,No,No,No,No,No,No,No,No,No,No,No,No,No,No,No,85.0,4320,2520,4140,70.5,1.095,1.110,1.800,1.815,1.005,5.110,2.500,No,No,No,70.5,1.095,1.110,1.800,1.800,1.005,5.110,2.625,No,No,No,41,41,94.0,100.0,No,No,32155,47955,37,70,99.0,100.0,No,No,1844,3246,0.0,0.7,0.7,0.000,0.113,63619,48912,0.0,0.0,0.0,0.000,0.000,164001,82786,58.4,64.0,65.8,83.0,0.870,20.679,20.671,20.687,21.268,9.580,9.678,8.702,18.391,3.000,11.715,7.746,7.825,100.000,140.000,2175.0,2150.2,1875.0,2175.0,1890.0,0.0,0.0,0.0,0.0,11.3,0.0,0.0,0.0,0.0,0.0,Yes,No,No,No,No,Yes,No,0,0,0,0,0,0,0,0,0,0,0,0,0,0,0,0,0,0,0,0,0,0,0,0,0,0,0,0,0,0,7259,929,695,64,16.0,64,0.300,43.573,550.0,2194.0,0.2,0.0,0.0,0.0,0.0,0.0,0.0,0.0,0.8,127,16065,127,No,No,No,No,No,No,No,No,16.746,68.277,100.0,0.000,24.1,0,0,0,0.0,2.9,232.9,1.1,1.1,1.1,1.1,2.9,30.9,1.2,1.1,1.1,1.1,349.05,878.36,4.29,1.32,893.45,893.45,0.39,348.65,349.05,0.00,337.28,647,7,1.2,2.4,0,0,0.0,0.0,0,
9.6.2026,13:35:12.968,20483,28285,42.0,16903,15481,52.1,10.6,16384,1738,0.886,0.895,0.896,0.886,0.873,0.866,0.869,0.872,0.889,0.889,0.896,0.896,0.896,0.896,0.888,0.818,0.783,2786.0,3192.2,3192.2,3192.2,3192.2,3192.2,3092.4,2493.9,2493.9,2493.9,2493.9,2493.9,2493.9,2493.9,2493.9,99.8,2593.7,2879.1,3142.2,3141.6,3147.7,3149.0,3144.5,3150.3,3139.6,3138.7,3145.9,3149.3,3149.5,3150.7,2483.4,2491.4,2494.8,2499.1,2463.3,2466.4,2466.6,2468.8,2982.3,99.9,100.0,99.9,99.9,99.9,100.0,100.0,99.9,99.9,99.9,100.0,100.0,100.0,100.0,100.0,100.0,100.0,100.0,100.0,99.9,100.0,100.0,99.9,100.0,124.5,119.8,119.8,119.8,119.8,119.8,119.8,119.5,119.5,119.7,119.8,119.8,119.8,132.7,132.7,132.7,132.7,130.9,130.9,130.8,130.8,124.5,27.9,32.0,32.0,32.0,32.0,32.0,31.0,25.0,25.0,25.0,25.0,25.0,25.0,25.0,25.0,26.0,67,68,67,68,67,68,68,67,67,67,67,66,66,66,66,33,32,33,32,33,32,32,33,33,33,33,34,34,34,34,77,68,No,No,No,No,No,No,No,No,No,No,No,No,No,No,No,No,No,No,No,No,No,No,No,No,No,No,No,No,No,No,Yes,Yes,Yes,Yes,Yes,Yes,Yes,Yes,Yes,Yes,Yes,Yes,Yes,Yes,Yes,No,No,Yes,76,69,64,1.100,39.657,43.713,36.164,0.001,5.671,0.781,175.0,175.0,175.0,175.0,0,0.0,99.5,99.5,99.5,99.7,99.7,99.6,99.7,99.7,99.6,99.6,99.7,99.7,99.8,98.7,99.0,99.1,99.3,99.3,99.4,99.4,99.5,0.0,0.0,0.0,0.0,0.0,0.0,0.0,0.0,0.0,0.0,0.0,0.1,0.0,0.1,0.0,0.0,0.0,0.0,0.0,0.0,0.0,0.0,0.0,0.0,0.0,0.0,0.0,0.0,0.0,0.0,0.0,0.0,0.0,0.0,0.0,0.0,0.0,2394.1,24.00,36,35,35,68,103,383,2,2,Yes,No,No,No,No,No,No,No,Yes,No,No,No,No,Yes,No,No,No,No,No,No,No,Yes,No,No,No,No,No,No,No,No,No,No,No,No,No,No,No,No,84.0,4320,2520,4140,70.5,1.095,1.110,1.800,1.815,1.005,5.110,1.375,No,No,No,70.5,1.095,1.110,1.800,1.815,1.005,5.110,1.125,No,No,No,41,41,94.0,100.0,No,No,32155,47955,37,70,99.0,100.0,No,No,1844,3246,3.5,1.0,4.5,2.519,1.178,63624,48914,0.0,0.0,0.0,0.000,0.000,164001,82786,58.4,64.0,65.7,83.0,0.870,20.684,20.674,20.694,21.425,9.556,9.636,8.683,18.335,3.000,11.701,7.753,7.786,100.000,140.000,2175.0,2150.2,1875.0,2175.0,1890.0,0.0,0.0,0.0,0.0,11.5,0.0,0.1,0.0,0.0,0.0,Yes,No,No,No,No,Yes,No,0,0,0,0,0,0,0,0,0,0,0,0,0,0,0,0,0,0,0,0,0,0,0,0,0,0,0,0,0,0,7244,944,711,82,16.0,64,0.300,44.301,600.0,2394.0,0.1,0.0,0.0,0.0,0.0,0.0,0.0,0.0,0.8,127,16065,127,No,No,No,No,No,No,No,No,16.746,68.277,100.0,0.000,24.1,0,0,0,0.0,4.7,1093.6,1.7,1.6,1.6,1.6,4.5,32.6,1.7,1.7,1.7,1.7,211.34,605.62,0.91,0.64,617.66,617.66,0.39,210.91,211.34,0.00,312.52,647,7,85.9,13.9,0,0,0.0,0.0,0,
9.6.2026,13:35:14.979,20481,28287,41.9,16918,15465,52.2,10.5,16384,1725,0.873,0.868,0.869,0.878,0.868,0.870,0.876,0.875,0.875,0.874,0.877,0.872,0.871,0.875,0.870,0.808,0.781,2750.4,3092.4,3092.4,3092.4,3092.4,3092.4,3092.4,2493.9,2493.9,2493.9,2493.9,2493.9,2493.9,2493.9,2493.9,99.8,2493.9,2861.6,3110.9,3107.4,3116.2,3115.4,3111.4,3116.0,3108.0,3106.9,3110.9,3110.6,3114.0,3114.1,2474.0,2488.2,2491.5,2497.3,2483.9,2484.7,2485.3,2485.8,2955.8,99.9,99.9,99.8,99.9,99.9,100.0,100.0,99.9,99.9,99.8,99.9,100.0,99.9,99.9,99.9,99.9,99.9,99.9,99.9,99.9,99.9,100.0,99.9,100.0,123.9,118.5,118.4,118.6,118.6,118.6,118.6,118.4,118.3,118.4,118.5,118.6,118.6,132.6,132.6,132.6,132.6,131.6,131.6,131.6,131.6,123.9,27.6,31.0,31.0,31.0,31.0,31.0,31.0,25.0,25.0,25.0,25.0,25.0,25.0,25.0,25.0,25.0,67,69,68,68,67,68,65,67,67,67,67,66,66,66,66,33,31,32,32,33,32,35,33,33,33,33,34,34,34,34,76,69,No,No,No,No,No,No,No,No,No,No,No,No,No,No,No,No,No,No,No,No,No,No,No,No,No,No,No,No,No,No,Yes,Yes,Yes,Yes,Yes,Yes,Yes,Yes,Yes,Yes,Yes,Yes,Yes,Yes,Yes,No,No,Yes,76,68,64,1.100,41.344,45.317,38.044,0.001,5.633,0.750,175.0,175.0,175.0,175.0,0,0.0,99.5,99.6,99.5,99.7,99.7,99.6,99.8,99.7,99.7,99.7,99.7,99.8,99.8,98.5,99.1,99.2,99.4,99.5,99.6,99.6,99.6,0.0,0.0,0.0,0.0,0.0,0.0,0.0,0.1,0.1,0.1,0.1,0.1,0.1,0.1,0.1,0.0,0.0,0.0,0.0,0.0,0.0,0.0,0.0,0.0,0.0,0.0,0.0,0.0,0.0,0.0,0.0,0.0,0.0,0.0,0.0,0.0,0.0,2394.1,24.00,36,35,35,68,103,383,2,2,Yes,No,No,No,No,No,No,No,Yes,No,No,No,No,Yes,No,No,No,No,No,No,No,Yes,No,No,No,No,No,No,No,No,No,No,No,No,No,No,No,No,85.0,4320,2460,4140,70.5,1.095,1.110,1.800,1.815,1.005,5.110,2.000,No,No,No,70.5,1.095,1.110,1.800,1.815,1.005,5.110,1.500,No,No,No,41,41,94.0,100.0,No,No,32155,47955,36,70,99.0,100.0,No,No,1844,3246,1.4,1.1,2.6,0.905,0.351,63625,48915,0.0,0.0,0.0,0.000,0.000,164001,82786,58.4,64.0,65.7,83.0,0.870,20.678,20.670,20.685,21.485,9.583,9.673,8.702,18.389,3.000,11.713,7.819,7.788,100.000,140.000,2175.0,2150.2,1875.0,2175.0,1890.0,1.0,0.0,0.0,0.0,12.1,0.0,0.2,0.0,0.0,0.0,Yes,No,No,No,No,Yes,No,0,0,0,0,0,0,0,0,0,0,0,0,0,0,0,0,0,0,0,0,0,0,0,0,0,0,0,0,0,0,7199,989,755,91,16.0,65,0.300,44.896,600.0,2394.0,0.1,0.0,0.0,0.0,0.0,0.0,0.0,0.0,0.8,127,16065,127,No,No,No,No,No,No,No,No,16.747,68.277,100.0,0.000,24.1,0,0,0,0.0,1.1,1.1,1.1,1.1,1.1,1.1,1.1,1.1,1.1,1.1,1.1,1.1,889.05,889.05,889.05,889.05,889.05,889.05,0.73,888.33,889.05,0.00,83.33,647,7,78.0,5.4,0,0,0.0,0.0,0,
9.6.2026,13:35:16.969,20416,28351,41.8,16903,15481,52.1,10.5,16384,1718,0.870,0.864,0.868,0.884,0.868,0.871,0.874,0.870,0.868,0.859,0.869,0.869,0.875,0.875,0.870,0.808,0.781,2650.7,3092.4,3092.4,3092.4,3092.4,3092.4,3092.4,2493.9,2493.9,1097.3,2493.9,2493.9,2493.9,2493.9,2493.9,99.8,2493.9,2875.8,3110.2,3111.5,3125.4,3106.5,3120.9,3120.8,3124.4,3117.9,3119.3,3124.3,3128.1,3121.6,2503.4,2514.8,2518.2,2521.9,2507.9,2510.4,2506.1,2503.4,2968.1,99.8,99.6,99.6,99.9,99.3,99.9,99.8,99.9,99.8,99.7,99.9,100.0,99.8,99.6,99.9,99.9,99.9,99.8,99.9,99.7,99.6,100.0,99.8,100.0,124.4,118.4,118.5,118.9,118.2,118.9,118.7,118.8,118.6,118.7,118.8,119.0,118.7,133.1,133.5,133.5,133.5,132.7,132.8,132.6,132.5,124.4,26.6,31.0,31.0,31.0,31.0,31.0,31.0,25.0,25.0,11.0,25.0,25.0,25.0,25.0,25.0,25.0,67,69,68,68,66,68,68,67,67,67,67,66,66,66,66,33,31,32,32,34,32,32,33,33,33,33,34,34,34,34,76,69,No,No,No,No,No,No,No,No,No,No,No,No,No,No,No,No,No,No,No,No,No,No,No,No,No,No,No,No,No,No,Yes,Yes,Yes,Yes,Yes,Yes,Yes,Yes,Yes,Yes,Yes,Yes,Yes,Yes,Yes,No,No,Yes,76,69,64,1.100,43.876,42.232,34.933,0.001,5.639,0.764,175.0,175.0,175.0,175.0,0,0.0,99.4,99.3,99.3,99.7,99.1,99.6,99.5,99.7,99.5,99.5,99.7,99.8,99.6,98.8,99.2,99.4,99.5,99.5,99.6,99.4,99.3,0.1,0.0,0.0,0.0,0.0,0.0,0.0,0.4,0.1,0.1,0.1,0.2,0.1,0.3,0.4,0.0,0.0,0.0,0.0,0.0,0.0,0.0,0.0,0.0,0.0,0.0,0.0,0.0,0.0,0.0,0.0,0.0,0.0,0.0,0.0,0.0,0.0,2194.6,22.00,32,32,32,62,103,351,2,2,Yes,No,No,No,No,No,No,No,Yes,No,No,No,No,Yes,No,No,No,No,No,No,No,Yes,No,No,No,No,No,No,No,No,No,No,No,No,No,No,No,No,85.0,4320,2520,4140,70.5,1.095,1.110,1.800,1.815,1.005,5.110,1.250,No,No,No,70.5,1.095,1.110,1.800,1.815,1.005,5.110,1.250,No,No,No,41,41,94.0,100.0,No,No,32155,47955,37,70,99.0,100.0,No,No,1844,3246,2.7,9.5,12.2,1.255,0.148,63628,48915,0.0,0.0,0.0,0.000,0.000,164001,82786,58.4,64.0,65.8,83.0,0.870,20.687,20.676,20.697,21.295,9.524,9.584,8.643,18.255,3.000,11.660,7.748,7.781,100.000,140.000,2175.0,2150.2,1875.0,2175.0,1890.0,0.0,0.0,0.0,0.0,12.1,0.0,0.1,0.0,0.0,0.0,Yes,No,No,No,No,Yes,No,0,0,0,0,0,0,0,0,0,0,0,0,0,0,0,0,0,0,0,0,0,0,0,0,0,0,0,0,0,0,7199,989,755,91,16.0,64,0.300,42.183,600.0,2194.0,0.1,0.0,0.0,0.0,0.0,0.0,0.0,0.0,0.8,127,16065,127,No,No,No,No,No,No,No,No,16.748,68.277,100.0,0.000,24.1,0,0,0,0.0,3.3,323.1,1.3,1.2,1.2,1.2,3.5,31.4,1.3,1.3,1.3,1.3,306.50,794.43,3.09,1.13,808.39,808.39,0.44,306.06,306.50,0.00,534.58,647,7,0.1,0.4,0,0,0.0,0.0,0,
9.6.2026,13:35:18.973,20400,28368,41.8,16888,15496,52.1,10.5,16384,1716,0.872,0.872,0.868,0.861,0.868,0.869,0.868,0.867,0.872,0.872,0.872,0.872,0.893,0.891,0.866,0.808,0.778,2650.7,3092.4,3092.4,3092.4,3092.4,3092.4,3092.4,1097.3,2493.9,2493.9,2493.9,2493.9,2493.9,2493.9,2493.9,99.8,2493.9,2847.1,3086.8,3086.1,3090.3,3090.3,3085.7,3090.6,3083.8,3084.3,3088.4,3090.0,3089.3,3090.4,2480.3,2485.7,2491.5,2491.8,2483.8,2483.9,2484.4,2484.6,2937.8,100.0,100.0,100.0,100.0,100.0,100.0,100.0,100.0,100.0,99.9,100.0,100.0,100.0,100.0,100.0,100.0,100.0,100.0,100.0,100.0,100.0,100.0,100.0,100.0,123.1,117.5,117.5,117.5,117.5,117.5,117.5,117.3,117.3,117.5,117.5,117.5,117.5,131.8,131.8,131.8,131.8,131.4,131.4,131.4,131.4,123.1,26.6,31.0,31.0,31.0,31.0,31.0,31.0,11.0,25.0,25.0,25.0,25.0,25.0,25.0,25.0,25.0,67,69,67,70,67,68,68,68,68,68,68,65,66,66,66,33,31,33,30,33,32,32,32,32,32,32,35,34,34,34,76,70,No,No,No,No,No,No,No,No,No,No,No,No,No,No,No,No,No,No,No,No,No,No,No,No,No,No,No,No,No,No,Yes,Yes,Yes,Yes,Yes,Yes,Yes,Yes,Yes,Yes,Yes,Yes,Yes,Yes,Yes,No,No,Yes,76,69,65,1.100,41.344,45.739,38.627,0.001,5.523,0.705,175.0,175.0,175.0,175.0,0,0.0,99.7,99.7,99.7,99.8,99.8,99.7,99.8,99.8,99.8,99.8,99.8,99.8,99.8,99.2,99.5,99.7,99.7,99.7,99.7,99.7,99.7,0.0,0.0,0.0,0.0,0.0,0.0,0.0,0.0,0.0,0.0,0.0,0.0,0.0,0.0,0.0,0.0,0.0,0.0,0.0,0.0,0.0,0.0,0.0,0.0,0.0,0.0,0.0,0.0,0.0,0.0,0.0,0.0,0.0,0.0,0.0,0.0,0.0,2194.6,22.00,32,32,32,62,103,351,2,2,Yes,No,No,No,No,No,No,No,Yes,No,No,No,No,Yes,No,No,No,No,No,No,No,Yes,No,No,No,No,No,No,No,No,No,No,No,No,No,No,No,No,84.0,4380,2460,4140,70.5,1.095,1.110,1.800,1.815,1.005,5.110,1.500,No,No,No,70.5,1.095,1.110,1.800,1.815,1.005,5.110,1.625,No,No,No,41,41,94.0,100.0,No,No,32155,47955,36,70,99.0,100.0,No,No,1844,3246,0.0,1.6,1.7,0.001,0.578,63628,48916,0.0,0.0,0.0,0.000,0.000,164001,82786,58.4,64.0,65.8,83.0,0.870,20.689,20.678,20.700,21.269,9.540,9.579,8.685,18.278,3.000,11.698,7.753,7.786,100.000,140.000,2175.0,2150.2,1875.0,2175.0,1890.0,0.0,0.0,0.0,0.0,12.1,0.0,0.1,0.0,0.0,0.0,Yes,No,No,No,No,Yes,No,0,0,0,0,0,0,0,0,0,0,0,0,0,0,0,0,0,0,0,0,0,0,0,0,0,0,0,0,0,0,7199,989,755,91,16.0,64,0.300,46.319,600.0,2194.0,0.1,0.0,0.0,0.0,0.0,0.0,0.0,0.0,0.8,127,16065,127,No,No,No,No,No,No,No,No,16.748,68.277,100.0,0.000,24.1,0,0,0,0.0,2.2,100.1,1.1,1.1,1.1,1.1,2.3,25.2,1.2,1.2,1.2,1.2,449.50,889.01,9.99,1.91,897.98,897.98,0.48,449.02,449.50,0.00,859.58,647,7,0.6,0.0,0,0,0.0,0.0,0,
9.6.2026,13:35:20.967,20392,28376,41.8,16885,15499,52.1,10.5,16384,1716,0.883,0.869,0.896,0.893,0.878,0.872,0.885,0.890,0.888,0.882,0.886,0.873,0.883,0.882,0.879,0.808,0.783,2729.0,3092.4,3192.2,3192.2,3192.2,3192.2,3192.2,2593.7,2593.7,2593.7,2593.7,2593.7,2593.7,1097.3,2493.9,99.8,2493.9,2865.1,3105.4,3105.5,3106.6,3106.3,3103.8,3110.2,3104.3,3104.8,3110.6,3111.4,3114.4,3114.8,2495.7,2503.1,2509.9,2513.7,2495.0,2495.3,2495.3,2495.5,2957.5,100.0,100.0,100.0,100.0,99.9,100.0,100.0,100.0,100.0,100.0,100.0,100.0,100.0,100.0,100.0,100.0,100.0,100.0,100.0,100.0,100.0,100.0,100.0,100.0,123.8,118.2,118.2,118.1,118.1,118.2,118.2,118.0,118.0,118.2,118.1,118.2,118.2,132.7,132.7,132.7,132.7,131.9,131.9,131.9,131.9,123.8,27.4,31.0,32.0,32.0,32.0,32.0,32.0,26.0,26.0,26.0,26.0,26.0,26.0,11.0,25.0,25.0,67,70,67,67,66,68,67,67,67,67,68,66,65,68,65,33,30,33,33,34,32,33,33,33,33,32,34,35,32,35,77,70,No,No,No,No,No,No,No,No,No,No,No,No,No,No,No,No,No,No,No,No,No,No,No,No,No,No,No,No,No,No,Yes,Yes,Yes,Yes,Yes,Yes,Yes,Yes,Yes,Yes,Yes,Yes,Yes,Yes,Yes,No,No,Yes,76,69,63,1.100,42.188,43.007,35.790,0.001,5.591,0.736,175.0,175.0,175.0,175.0,0,0.0,99.7,99.7,99.7,99.8,99.7,99.6,99.8,99.8,99.8,99.8,99.8,99.8,99.8,99.0,99.3,99.5,99.7,99.7,99.7,99.7,99.7,0.0,0.0,0.0,0.0,0.0,0.0,0.0,0.0,0.0,0.0,0.0,0.0,0.0,0.0,0.0,0.0,0.0,0.0,0.0,0.0,0.0,0.0,0.0,0.0,0.0,0.0,0.0,0.0,0.0,0.0,0.0,0.0,0.0,0.0,0.0,0.0,0.0,2394.1,24.00,36,35,35,68,103,383,2,2,Yes,No,No,No,No,No,No,No,Yes,No,No,No,No,Yes,No,No,No,No,No,No,No,Yes,No,No,No,No,No,No,No,No,No,No,No,No,No,No,No,No,84.0,4320,2460,4140,70.5,1.095,1.110,1.800,1.815,1.005,5.110,1.375,No,No,No,70.5,1.095,1.110,1.800,1.815,1.005,5.110,1.125,No,No,No,41,41,94.0,100.0,No,No,32155,47955,37,70,99.0,100.0,No,No,1844,3246,0.1,0.4,0.6,0.012,0.012,63628,48916,0.0,0.0,0.0,0.000,0.000,164001,82786,58.4,64.0,65.7,83.0,0.870,20.675,20.667,20.682,21.218,9.514,9.552,8.639,18.221,3.000,11.658,7.748,7.781,100.000,140.000,2175.0,2150.2,1875.0,2175.0,1890.0,0.0,0.0,0.0,0.0,12.1,0.0,0.0,0.0,0.0,0.0,Yes,No,No,No,No,Yes,No,0,0,0,0,0,0,0,0,0,0,0,0,0,0,0,0,0,0,0,0,0,0,0,0,0,0,0,0,0,0,7199,989,755,91,16.0,64,0.300,43.492,600.0,2394.0,0.1,0.0,0.0,0.0,0.0,0.0,0.0,0.0,0.8,127,16065,127,No,No,No,No,No,No,No,No,16.746,68.277,100.0,0.000,24.1,0,0,0,0.0,2.2,102.1,1.1,1.1,1.1,1.1,2.1,25.0,1.1,1.1,1.1,1.1,446.88,883.96,9.80,1.77,892.88,892.88,0.41,446.41,446.88,0.00,474.48,647,7,0.2,0.0,0,0,0.0,0.0,0,
9.6.2026,13:35:22.978,20394,28374,41.8,16887,15496,52.1,10.5,16384,1716,0.876,0.871,0.887,0.889,0.874,0.868,0.865,0.869,0.865,0.873,0.870,0.882,0.882,0.882,0.882,0.808,0.783,2672.0,3092.4,3192.2,3192.2,3192.2,3092.4,3092.4,1097.3,2493.9,2493.9,2493.9,2493.9,2493.9,2493.9,2493.9,99.8,2493.9,2895.7,3143.6,3142.7,3146.9,3146.3,3142.5,3145.7,3143.1,3142.5,3144.5,3145.8,3144.9,3144.7,2511.9,2520.3,2535.3,2541.4,2517.2,2517.7,2517.9,2518.7,2990.1,100.0,100.0,100.0,100.0,99.9,100.0,99.9,100.0,100.0,99.9,100.0,100.0,100.0,100.0,100.0,100.0,100.0,100.0,100.0,100.0,100.0,100.0,100.0,100.0,125.4,119.7,119.7,119.7,119.7,119.7,119.7,119.6,119.6,119.7,119.7,119.7,119.7,134.7,134.7,134.8,134.7,133.3,133.3,133.3,133.3,125.4,26.8,31.0,32.0,32.0,32.0,31.0,31.0,11.0,25.0,25.0,25.0,25.0,25.0,25.0,25.0,25.0,67,68,67,68,66,68,68,68,67,67,67,66,66,66,66,33,32,33,32,34,32,32,32,33,33,33,34,34,34,34,76,68,No,No,No,No,No,No,No,No,No,No,No,No,No,No,No,No,No,No,No,No,No,No,No,No,No,No,No,No,No,No,Yes,Yes,Yes,Yes,Yes,Yes,Yes,Yes,Yes,Yes,Yes,Yes,Yes,Yes,Yes,No,No,Yes,76,71,63,1.100,43.876,44.436,36.905,0.002,5.787,0.854,175.0,175.0,175.0,175.0,0,0.0,99.6,99.7,99.6,99.7,99.7,99.6,99.7,99.8,99.8,99.7,99.8,99.8,99.8,98.4,98.8,99.4,99.6,99.6,99.7,99.7,99.7,0.0,0.0,0.0,0.0,0.0,0.0,0.0,0.0,0.0,0.0,0.0,0.0,0.0,0.0,0.0,0.0,0.0,0.0,0.0,0.0,0.0,0.0,0.0,0.0,0.0,0.0,0.0,0.0,0.0,0.0,0.0,0.0,0.0,0.0,0.0,0.0,0.0,2394.1,24.00,36,35,35,68,103,383,2,2,Yes,No,No,No,No,No,No,No,Yes,No,No,No,No,Yes,No,No,No,No,No,No,No,Yes,No,No,No,No,No,No,No,No,No,No,No,No,No,No,No,No,85.0,4440,2460,4200,70.8,1.095,1.110,1.800,1.815,1.005,5.110,1.125,No,No,No,70.8,1.095,1.110,1.800,1.815,1.005,5.110,1.375,No,No,No,41,41,94.0,100.0,No,No,32155,47955,36,70,99.0,100.0,No,No,1844,3246,0.4,1.4,1.8,0.143,0.102,63628,48917,0.0,0.0,0.0,0.000,0.000,164001,82786,58.4,64.0,65.8,83.0,0.870,20.689,20.679,20.699,21.251,9.506,9.547,8.623,18.195,3.000,11.639,7.751,7.786,100.000,140.000,2175.0,2150.2,1875.0,2175.0,1890.0,0.0,0.0,0.0,0.0,12.1,0.0,0.0,0.0,0.0,0.0,Yes,No,No,No,No,Yes,No,0,0,0,0,0,0,0,0,0,0,0,0,0,0,0,0,0,0,0,0,0,0,0,0,0,0,0,0,0,0,7199,989,755,90,16.0,64,0.300,44.221,600.0,2394.0,0.2,0.0,0.0,0.0,0.0,0.0,0.0,0.0,0.8,127,16065,127,No,No,No,No,No,No,No,No,16.747,68.277,100.0,0.000,24.1,0,0,0,0.0,4.5,1554.0,1.2,1.2,1.2,1.2,4.4,32.6,1.2,1.1,1.1,1.1,222.42,835.89,0.64,0.63,863.45,863.45,0.35,222.09,222.42,0.00,288.04,647,7,0.2,0.5,0,0,0.0,0.0,0,
9.6.2026,13:35:24.975,20392,28376,41.8,16885,15498,52.1,10.5,16384,1716,0.883,0.877,0.881,0.877,0.881,0.865,0.881,0.876,0.888,0.887,0.895,0.892,0.887,0.889,0.889,0.808,0.783,2793.2,3092.4,3092.4,3192.2,3192.2,3092.4,3192.2,2493.9,2593.7,2593.7,2593.7,2493.9,2493.9,2493.9,2493.9,99.8,2493.9,2862.3,3104.4,3103.1,3106.0,3106.7,3102.3,3106.4,3104.7,3102.5,3106.9,3105.7,3108.5,3108.8,2491.6,2494.7,2507.4,2506.5,2494.2,2494.5,2494.5,2496.7,2954.1,100.0,100.0,99.9,100.0,100.0,100.0,100.0,100.0,99.9,100.0,99.9,100.0,100.0,100.0,99.9,100.0,100.0,99.9,99.9,99.9,100.0,100.0,100.0,100.0,123.8,118.2,118.1,118.2,118.2,118.2,118.2,118.1,118.0,118.2,118.1,118.2,118.2,132.6,132.6,132.7,132.7,132.0,132.0,132.0,132.1,123.8,28.0,31.0,31.0,32.0,32.0,31.0,32.0,25.0,26.0,26.0,26.0,25.0,25.0,25.0,25.0,25.0,67,68,67,68,66,68,68,67,67,67,67,65,65,65,65,33,32,33,32,34,32,32,33,33,33,33,35,35,35,35,76,68,No,No,No,No,No,No,No,No,No,No,No,No,No,No,No,No,No,No,No,No,No,No,No,No,No,No,No,No,No,No,Yes,Yes,Yes,Yes,Yes,Yes,Yes,Yes,Yes,Yes,Yes,Yes,Yes,Yes,Yes,No,No,Yes,76,70,64,1.100,37.126,45.878,38.789,0.001,5.493,0.703,175.0,175.0,175.0,175.0,0,0.0,99.6,99.7,99.7,99.8,99.8,99.6,99.8,99.8,99.7,99.8,99.8,99.8,99.8,99.0,99.1,99.6,99.6,99.6,99.6,99.6,99.7,0.0,0.0,0.0,0.0,0.0,0.0,0.0,0.0,0.1,0.0,0.0,0.1,0.1,0.1,0.0,0.0,0.0,0.0,0.0,0.0,0.0,0.0,0.0,0.0,0.0,0.0,0.0,0.0,0.0,0.0,0.0,0.0,0.0,0.0,0.0,0.0,0.0,2394.1,24.00,36,35,35,68,103,383,2,2,Yes,No,No,No,No,No,No,No,Yes,No,No,No,No,Yes,No,No,No,No,No,No,No,Yes,No,No,No,No,No,No,No,No,No,No,No,No,No,No,No,No,85.0,4440,2460,4260,70.8,1.095,1.110,1.800,1.815,1.005,5.110,1.250,No,No,No,70.8,1.095,1.110,1.800,1.815,1.005,5.110,1.375,No,No,No,41,41,94.0,100.0,No,No,32155,47955,36,70,99.0,100.0,No,No,1844,3246,0.2,0.8,1.0,0.001,0.436,63628,48917,0.0,0.0,0.0,0.000,0.000,164001,82786,58.4,64.0,65.7,83.0,0.870,20.685,20.675,20.694,21.211,9.519,9.575,8.642,18.232,3.000,11.657,7.746,7.779,100.000,140.000,2175.0,2150.2,1875.0,2175.0,1890.0,0.0,0.0,0.0,0.0,12.1,0.0,0.0,0.0,0.0,0.0,Yes,No,No,No,No,Yes,No,0,0,0,0,0,0,0,0,0,0,0,0,0,0,0,0,0,0,0,0,0,0,0,0,0,0,0,0,0,0,7199,989,755,89,16.0,63,0.300,45.462,600.0,2394.0,0.1,0.0,0.0,0.0,0.0,0.0,0.0,0.0,0.8,127,16065,127,No,No,No,No,No,No,No,No,16.746,68.277,100.0,0.000,24.1,0,0,0,0.0,2.2,99.3,1.1,1.1,1.1,1.1,2.1,24.7,1.1,1.1,1.1,1.1,447.33,884.59,10.07,2.03,893.51,893.51,0.49,446.83,447.33,0.00,820.35,647,7,0.5,0.2,0,0,0.0,0.0,0,
9.6.2026,13:35:26.969,20389,28379,41.8,16883,15501,52.1,10.5,16384,1716,0.877,0.871,0.868,0.874,0.873,0.874,0.877,0.869,0.872,0.878,0.879,0.888,0.883,0.884,0.884,0.808,0.783,2650.7,3092.4,3092.4,3092.4,3092.4,3092.4,3092.4,2493.9,2493.9,1097.3,2493.9,2493.9,2493.9,2493.9,2493.9,99.8,2493.9,2881.9,3127.0,3124.9,3127.3,3126.0,3121.6,3127.4,3122.8,3125.5,3127.4,3125.9,3126.5,3126.0,2514.8,2522.8,2523.9,2526.8,2510.2,2510.9,2509.9,2510.5,2974.8,100.0,100.0,99.9,99.9,99.9,99.9,100.0,99.9,100.0,100.0,99.9,100.0,99.9,99.9,100.0,100.0,100.0,100.0,100.0,100.0,100.0,100.0,100.0,100.0,124.7,119.0,118.9,118.9,118.9,119.0,119.0,118.8,118.9,119.0,119.0,119.0,119.0,133.8,133.8,133.8,133.8,132.9,132.9,132.8,132.9,124.7,26.6,31.0,31.0,31.0,31.0,31.0,31.0,25.0,25.0,11.0,25.0,25.0,25.0,25.0,25.0,25.0,67,70,68,67,66,67,68,67,68,67,67,66,66,66,66,33,30,32,33,34,33,32,33,32,33,33,34,34,34,34,76,70,No,No,No,No,No,No,No,No,No,No,No,No,No,No,No,No,No,No,No,No,No,No,No,No,No,No,No,No,No,No,Yes,Yes,Yes,Yes,Yes,Yes,Yes,Yes,Yes,Yes,Yes,Yes,Yes,Yes,Yes,No,No,Yes,77,68,65,1.100,43.876,44.765,37.415,0.001,5.669,0.795,175.0,175.0,175.0,175.0,0,0.0,99.7,99.7,99.7,99.7,99.7,99.6,99.8,99.7,99.8,99.8,99.7,99.8,99.8,99.2,99.5,99.6,99.7,99.7,99.7,99.7,99.7,0.0,0.0,0.0,0.0,0.0,0.0,0.0,0.1,0.0,0.0,0.0,0.0,0.0,0.0,0.0,0.0,0.0,0.0,0.0,0.0,0.0,0.0,0.0,0.0,0.0,0.0,0.0,0.0,0.0,0.0,0.0,0.0,0.0,0.0,0.0,0.0,0.0,2394.1,24.00,36,35,35,68,103,383,2,2,Yes,No,No,No,No,No,No,No,Yes,No,No,No,No,Yes,No,No,No,No,No,No,No,Yes,No,No,No,No,No,No,No,No,No,No,No,No,No,No,No,No,85.0,4440,2520,4320,70.8,1.095,1.110,1.800,1.815,1.005,5.110,1.250,No,No,No,70.8,1.095,1.110,1.800,1.815,1.005,5.040,2.625,No,No,No,41,41,94.0,100.0,No,No,32155,47955,36,70,99.0,100.0,No,No,1844,3246,0.1,0.8,1.0,0.008,0.043,63628,48917,0.0,0.0,0.0,0.000,0.000,164001,82786,58.4,64.0,65.8,83.0,0.870,20.678,20.670,20.687,21.230,9.501,9.540,8.619,18.183,3.000,11.638,7.748,7.781,100.000,140.000,2175.0,2150.2,1875.0,2175.0,1890.0,0.0,0.0,0.0,0.0,12.1,0.0,0.0,0.0,0.0,0.0,Yes,No,No,No,No,Yes,No,0,0,0,0,0,0,0,0,0,0,0,0,0,0,0,0,0,0,0,0,0,0,0,0,0,0,0,0,0,0,7199,989,755,88,16.0,64,0.300,44.270,600.0,2394.0,0.1,0.0,0.0,0.0,0.0,0.0,0.0,0.0,0.8,127,16065,127,No,No,No,No,No,No,No,No,16.748,68.277,100.0,0.000,24.1,0,0,0,0.0,2.2,100.0,1.1,1.1,1.1,1.1,2.2,24.9,1.1,1.1,1.1,1.1,447.86,885.73,10.00,1.95,894.66,894.66,0.30,447.51,447.86,0.00,486.37,647,7,0.2,0.1,0,0,0.0,0.0,0,
9.6.2026,13:35:28.966,20389,28379,41.8,16883,15501,52.1,10.5,16384,1716,0.874,0.864,0.874,0.868,0.878,0.886,0.880,0.887,0.863,0.868,0.868,0.875,0.876,0.876,0.879,0.808,0.783,2771.8,3092.4,3092.4,3092.4,3092.4,3192.2,3192.2,2593.7,2493.9,2493.9,2493.9,2493.9,2493.9,2493.9,2493.9,99.8,2493.9,2887.5,3131.6,3132.5,3135.4,3132.2,3131.5,3136.0,3130.6,3132.8,3133.4,3136.3,3137.8,3137.9,2510.1,2523.9,2525.7,2532.8,2511.0,2512.5,2513.2,2512.5,2981.3,100.0,99.9,100.0,100.0,99.9,100.0,100.0,99.9,100.0,99.9,100.0,100.0,100.0,99.9,99.9,99.9,100.0,99.9,100.0,100.0,100.0,100.0,100.0,100.0,124.9,119.2,119.3,119.3,119.1,119.3,119.3,119.1,119.2,119.2,119.3,119.3,119.3,134.1,134.1,134.1,134.1,132.9,133.0,133.0,133.0,124.9,27.8,31.0,31.0,31.0,31.0,32.0,32.0,26.0,25.0,25.0,25.0,25.0,25.0,25.0,25.0,25.0,67,69,68,69,67,68,68,68,67,68,68,66,66,66,66,33,31,32,31,33,32,32,32,33,32,32,34,34,34,34,76,69,No,No,No,No,No,No,No,No,No,No,No,No,No,No,No,No,No,No,No,No,No,No,No,No,No,No,No,No,No,No,Yes,Yes,Yes,Yes,Yes,Yes,Yes,Yes,Yes,Yes,Yes,Yes,Yes,Yes,Yes,No,No,Yes,76,68,64,1.100,45.563,46.166,38.732,0.001,5.726,0.819,175.0,175.0,175.0,175.0,0,0.0,99.6,99.7,99.7,99.8,99.7,99.6,99.8,99.7,99.8,99.7,99.8,99.8,99.8,98.6,99.2,99.3,99.5,99.6,99.7,99.7,99.7,0.0,0.0,0.0,0.0,0.0,0.0,0.0,0.1,0.0,0.1,0.0,0.0,0.0,0.0,0.0,0.0,0.0,0.0,0.0,0.0,0.0,0.0,0.0,0.0,0.0,0.0,0.0,0.0,0.0,0.0,0.0,0.0,0.0,0.0,0.0,0.0,0.0,2394.1,24.00,36,35,35,68,103,383,2,2,Yes,No,No,No,No,No,No,No,Yes,No,No,No,No,Yes,No,No,No,No,No,No,No,Yes,No,No,No,No,No,No,No,No,No,No,No,No,No,No,No,No,84.0,4440,2460,4260,70.8,1.095,1.110,1.800,1.815,1.005,5.110,2.500,No,No,No,70.8,1.095,1.110,1.800,1.815,1.005,5.110,2.500,No,No,No,41,41,94.0,100.0,No,No,32155,47955,36,70,99.0,100.0,No,No,1844,3246,0.1,0.7,0.9,0.002,0.045,63628,48918,0.0,0.0,0.0,0.000,0.000,164001,82786,58.3,64.0,65.6,83.0,0.870,20.681,20.672,20.690,21.266,9.546,9.578,8.661,18.249,3.000,11.667,7.884,7.781,100.000,140.000,2175.0,2150.2,1875.0,2175.0,1890.0,0.0,0.0,0.0,0.0,12.1,0.0,0.0,0.0,0.0,0.0,Yes,No,No,No,No,Yes,No,0,0,0,0,0,0,0,0,0,0,0,0,0,0,0,0,0,0,0,0,0,0,0,0,0,0,0,0,0,0,7199,989,755,87,16.0,63,0.300,45.687,600.0,2394.0,0.1,0.0,0.0,0.0,0.0,0.0,0.0,0.0,0.8,127,16065,127,No,No,No,No,No,No,No,No,16.748,68.277,100.0,0.000,24.1,0,0,0,0.0,1.1,1.1,1.1,1.1,1.1,1.1,1.1,1.1,1.1,1.1,1.1,1.1,878.40,878.40,878.40,878.40,878.40,878.40,0.52,877.88,878.40,0.00,99.15,647,7,0.1,0.1,0,0,0.0,0.0,0,
9.6.2026,13:35:30.979,20388,28379,41.8,16881,15503,52.1,10.5,16384,1716,0.872,0.869,0.877,0.881,0.886,0.880,0.881,0.869,0.864,0.871,0.859,0.870,0.869,0.869,0.869,0.818,0.783,2693.4,3192.2,3192.2,3192.2,3192.2,3192.2,3192.2,2493.9,2493.9,2493.9,1097.3,2493.9,2493.9,2493.9,2493.9,99.8,2593.7,2890.4,3136.8,3133.1,3139.3,3141.9,3137.0,3139.8,3133.5,3136.7,3142.4,3143.3,3144.0,3143.3,2512.4,2526.3,2529.1,2538.3,2507.8,2507.7,2508.2,2507.8,2986.1,99.9,99.9,99.8,99.9,100.0,100.0,99.9,99.9,100.0,99.9,100.0,100.0,100.0,100.0,100.0,99.9,100.0,100.0,99.9,100.0,99.9,100.0,99.9,100.0,125.0,119.4,119.3,119.4,119.5,119.5,119.4,119.1,119.3,119.4,119.5,119.5,119.5,134.4,134.4,134.3,134.4,132.6,132.5,132.6,132.5,125.0,27.0,32.0,32.0,32.0,32.0,32.0,32.0,25.0,25.0,25.0,11.0,25.0,25.0,25.0,25.0,26.0,67,69,67,69,66,68,69,67,68,67,67,66,66,66,66,33,31,33,31,34,32,31,33,32,33,33,34,34,34,34,77,69,No,No,No,No,No,No,No,No,No,No,No,No,No,No,No,No,No,No,No,No,No,No,No,No,No,No,No,No,No,No,Yes,Yes,Yes,Yes,Yes,Yes,Yes,Yes,Yes,Yes,Yes,Yes,Yes,Yes,Yes,No,No,Yes,77,69,65,1.100,43.876,42.149,34.689,0.002,5.740,0.831,175.0,175.0,175.0,175.0,0,0.0,99.6,99.7,99.5,99.7,99.8,99.6,99.7,99.7,99.8,99.7,99.8,99.8,99.8,98.5,99.1,99.2,99.6,99.6,99.6,99.6,99.6,0.0,0.0,0.0,0.0,0.0,0.0,0.0,0.0,0.0,0.1,0.0,0.0,0.1,0.0,0.1,0.0,0.0,0.0,0.0,0.0,0.0,0.0,0.0,0.0,0.0,0.0,0.0,0.0,0.0,0.0,0.0,0.0,0.0,0.0,0.0,0.0,0.0,2194.6,22.00,32,32,32,62,103,351,2,2,Yes,No,No,No,No,No,No,No,Yes,No,No,No,No,Yes,No,No,No,No,No,No,No,Yes,No,No,No,No,No,No,No,No,No,No,No,No,No,No,No,No,85.0,4320,2460,4140,70.8,1.095,1.110,1.800,1.815,1.005,5.110,1.625,No,No,No,70.8,1.095,1.110,1.800,1.815,1.005,5.110,1.625,No,No,No,41,41,94.0,100.0,No,No,32155,47955,37,70,99.0,100.0,No,No,1844,3246,0.0,0.6,0.6,0.000,0.027,63628,48918,0.0,0.0,0.0,0.000,0.000,164001,82786,58.3,64.0,65.7,83.0,0.870,20.684,20.675,20.693,21.231,9.525,9.575,8.663,18.251,3.000,11.664,7.745,7.779,100.000,140.000,2175.0,2150.2,1875.0,2175.0,1890.0,0.0,0.0,0.0,0.0,12.1,0.0,0.0,0.0,0.0,0.0,Yes,No,No,No,No,Yes,No,0,0,0,0,0,0,0,0,0,0,0,0,0,0,0,0,0,0,0,0,0,0,0,0,0,0,0,0,0,0,7199,989,755,86,16.0,64,0.300,41.768,550.0,2194.0,0.2,0.0,0.0,0.0,0.0,0.0,0.0,0.0,0.8,127,16065,127,No,No,No,No,No,No,No,No,16.748,68.277,100.0,0.000,24.1,0,0,0,0.0,2.4,105.3,1.2,1.2,1.2,1.2,2.2,25.1,1.2,1.2,1.2,1.2,424.81,840.12,9.50,1.87,848.59,848.59,0.41,424.35,424.81,0.00,481.98,647,7,0.2,0.2,0,0,0.0,0.0,0,
9.6.2026,13:35:32.974,20394,28374,41.8,16890,15494,52.1,10.5,16384,1716,0.881,0.878,0.870,0.877,0.885,0.891,0.878,0.882,0.878,0.878,0.881,0.881,0.881,0.887,0.886,0.818,0.778,2850.2,3192.2,3192.2,3192.2,3192.2,3192.2,3192.2,2593.7,2593.7,2593.7,2593.7,2593.7,2593.7,2593.7,2593.7,99.8,2593.7,2885.7,3115.4,3129.2,3139.3,3117.9,3134.6,3139.7,3132.5,3134.4,3120.0,3140.2,3137.6,3136.1,2514.2,2527.1,2526.8,2532.2,2508.3,2512.4,2505.4,2510.9,2979.8,99.7,99.2,99.6,99.9,99.2,99.9,99.9,99.8,99.9,99.3,99.9,99.8,99.8,99.6,99.8,99.8,99.9,99.8,99.9,99.7,99.9,99.9,99.7,100.0,124.8,118.6,119.1,119.4,118.6,119.4,119.4,119.2,119.3,118.7,119.5,119.4,119.3,133.7,133.8,133.9,134.0,132.7,132.9,132.5,132.8,124.8,28.6,32.0,32.0,32.0,32.0,32.0,32.0,26.0,26.0,26.0,26.0,26.0,26.0,26.0,26.0,26.0,68,70,68,70,66,68,67,67,68,68,68,68,68,66,66,32,30,32,30,34,32,33,33,32,32,32,32,32,34,34,76,70,No,No,No,No,No,No,No,No,No,No,No,No,No,No,No,No,No,No,No,No,No,No,No,No,No,No,No,No,No,No,Yes,Yes,Yes,Yes,Yes,Yes,Yes,Yes,Yes,Yes,Yes,Yes,Yes,Yes,Yes,No,No,Yes,76,70,64,1.100,46.407,43.126,35.946,0.001,5.563,0.728,175.0,175.0,175.0,175.0,0,0.0,99.4,99.0,99.4,99.7,99.0,99.5,99.7,99.6,99.7,99.1,99.7,99.6,99.6,98.9,99.4,99.4,99.6,99.5,99.7,99.4,99.6,0.1,0.0,0.0,0.0,0.0,0.0,0.0,0.3,0.2,0.1,0.1,0.2,0.0,0.3,0.1,0.0,0.0,0.0,0.0,0.0,0.0,0.0,0.0,0.0,0.0,0.0,0.0,0.0,0.0,0.0,0.0,0.0,0.0,0.0,0.0,0.0,0.0,2394.1,24.00,36,35,35,68,103,383,2,2,Yes,No,No,No,No,No,No,No,Yes,No,No,No,No,Yes,No,No,No,No,No,No,No,Yes,No,No,No,No,No,No,No,No,No,No,No,No,No,No,No,No,84.0,4380,2460,4140,70.8,1.095,1.110,1.815,1.815,1.005,5.110,1.875,No,No,No,70.8,1.095,1.110,1.800,1.815,1.005,5.110,1.375,No,No,No,41,41,94.0,100.0,No,No,32155,47955,36,70,99.0,100.0,No,No,1844,3246,0.0,0.9,0.9,0.000,0.051,63628,48918,0.0,0.0,0.0,0.000,0.000,164001,82786,58.4,64.0,65.8,83.0,0.870,20.695,20.684,20.705,21.257,9.503,9.521,8.646,18.179,3.000,11.647,7.748,7.781,100.000,140.000,2175.0,2150.2,1875.0,2175.0,1890.0,0.0,0.0,0.0,0.0,12.1,0.0,0.0,0.0,0.0,0.0,Yes,No,No,No,No,Yes,No,0,0,0,0,0,0,0,0,0,0,0,0,0,0,0,0,0,0,0,0,0,0,0,0,0,0,0,0,0,0,7199,989,755,90,16.0,64,0.300,45.272,600.0,2394.0,0.1,0.0,0.0,0.0,0.0,0.0,0.0,0.0,0.8,127,16065,127,No,No,No,No,No,No,No,No,16.748,68.277,100.0,0.000,24.1,0,0,0,0.0,2.0,7.5,1.1,1.1,1.1,1.1,2.0,9.2,1.1,1.1,1.1,1.1,502.82,871.45,134.19,127.42,878.98,878.98,0.45,502.37,502.82,0.00,438.60,647,7,0.0,0.3,0,0,0.0,0.0,0,
9.6.2026,13:35:34.973,20387,28381,41.8,16886,15497,52.1,10.5,16384,1716,0.870,0.867,0.870,0.871,0.871,0.871,0.869,0.865,0.879,0.867,0.871,0.871,0.861,0.871,0.875,0.808,0.783,2750.4,3092.4,3092.4,3092.4,3092.4,3092.4,3092.4,2493.9,2493.9,2493.9,2493.9,2493.9,2493.9,2493.9,2493.9,99.8,2493.9,2862.1,3081.5,3108.2,3107.6,3101.4,3106.9,3112.6,3106.3,3105.3,3095.1,3091.3,3110.9,3110.8,2484.4,2494.7,2502.1,2507.1,2504.2,2504.2,2503.4,2503.2,2951.6,99.8,99.0,99.9,99.8,99.6,99.9,100.0,99.9,99.9,99.5,99.3,100.0,100.0,99.9,100.0,99.9,100.0,100.0,100.0,100.0,99.9,100.0,99.8,100.0,124.0,117.3,118.4,118.2,118.0,118.4,118.5,118.3,118.3,117.8,117.7,118.5,118.5,132.9,133.1,133.0,133.1,132.8,132.8,132.8,132.7,124.0,27.6,31.0,31.0,31.0,31.0,31.0,31.0,25.0,25.0,25.0,25.0,25.0,25.0,25.0,25.0,25.0,67,69,67,69,66,68,68,67,67,68,68,66,66,66,65,33,31,33,31,34,32,32,33,33,32,32,34,34,34,35,76,69,No,No,No,No,No,No,No,No,No,No,No,No,No,No,No,No,No,No,No,No,No,No,No,No,No,No,No,No,No,No,Yes,Yes,Yes,Yes,Yes,Yes,Yes,Yes,Yes,Yes,Yes,Yes,Yes,Yes,Yes,No,No,Yes,76,69,64,1.100,16.875,45.943,38.755,0.001,5.582,0.715,175.0,175.0,175.0,175.0,0,0.0,99.5,98.7,99.6,99.6,99.4,99.6,99.8,99.7,99.7,99.3,99.2,99.8,99.8,98.6,99.1,99.4,99.6,99.7,99.7,99.7,99.7,0.0,0.0,0.0,0.0,0.0,0.0,0.0,0.1,0.0,0.1,0.0,0.0,0.0,0.0,0.0,0.0,0.0,0.0,0.0,0.0,0.0,0.0,0.0,0.0,0.0,0.0,0.0,0.0,0.0,0.0,0.0,0.0,0.0,0.0,0.0,0.0,0.0,2194.6,22.00,32,32,32,62,103,351,2,2,Yes,No,No,No,No,No,No,No,Yes,No,No,No,No,Yes,No,No,No,No,No,No,No,Yes,No,No,No,No,No,No,No,No,No,No,No,No,No,No,No,No,85.0,4380,2460,4140,70.8,1.095,1.110,1.815,1.815,1.005,5.110,2.250,No,No,No,71.0,1.095,1.110,1.815,1.815,1.005,5.110,1.375,No,No,No,41,41,94.0,100.0,No,No,32155,47955,36,70,99.0,100.0,No,No,1844,3246,0.0,1.4,1.4,0.000,0.055,63628,48918,0.0,0.0,0.0,0.000,0.000,164001,82786,58.4,64.0,65.7,83.0,0.870,20.686,20.676,20.696,21.217,9.511,9.531,8.663,18.192,3.000,11.665,7.747,7.781,100.000,140.000,2175.0,2150.2,1875.0,2175.0,1890.0,0.0,0.0,0.0,0.0,12.1,0.0,0.0,0.0,0.0,0.0,Yes,No,No,No,No,Yes,No,0,0,0,0,0,0,0,0,0,0,0,0,0,0,0,0,0,0,0,0,0,0,0,0,0,0,0,0,0,0,7199,989,755,91,16.0,65,0.300,44.613,600.0,2194.0,0.2,0.0,0.0,0.0,0.0,0.0,0.0,0.0,0.8,127,16065,127,No,No,No,No,No,No,No,No,16.748,68.277,100.0,0.000,24.1,0,0,0,0.0,8.2,301.2,4.2,4.1,4.1,4.1,7.9,30.3,4.6,4.5,4.5,4.5,121.52,239.72,3.32,1.15,242.13,242.13,0.40,121.07,121.52,0.00,304.80,647,7,0.7,0.1,0,0,0.0,0.0,0,
9.6.2026,13:35:36.970,20387,28380,41.8,16885,15499,52.1,10.5,16384,1716,0.881,0.866,0.860,0.889,0.897,0.892,0.892,0.897,0.897,0.884,0.878,0.867,0.882,0.874,0.866,0.808,0.783,2693.4,3092.4,3092.4,3092.4,3192.2,3192.2,3192.2,2593.7,2593.7,2593.7,1097.3,2493.9,2493.9,2493.9,2493.9,99.8,2493.9,2845.1,3084.0,3083.2,3086.4,3086.2,3080.0,3086.1,3083.9,3083.9,3087.2,3087.7,3086.5,3086.8,2476.7,2483.8,2485.8,2488.6,2485.9,2486.1,2486.3,2486.8,2934.8,100.0,100.0,100.0,100.0,100.0,100.0,100.0,100.0,100.0,100.0,100.0,100.0,100.0,100.0,100.0,100.0,100.0,100.0,100.0,100.0,100.0,100.0,100.0,100.0,123.0,117.4,117.4,117.4,117.4,117.3,117.3,117.2,117.2,117.4,117.4,117.3,117.3,131.6,131.6,131.6,131.6,131.5,131.5,131.5,131.5,123.0,27.0,31.0,31.0,31.0,32.0,32.0,32.0,26.0,26.0,26.0,11.0,25.0,25.0,25.0,25.0,25.0,67,69,68,69,66,67,68,67,67,68,67,66,66,66,65,33,31,32,31,34,33,32,33,33,32,33,34,34,34,35,77,69,No,No,No,No,No,No,No,No,No,No,No,No,No,No,No,No,No,No,No,No,No,No,No,No,No,No,No,No,No,No,Yes,Yes,Yes,Yes,Yes,Yes,Yes,Yes,Yes,Yes,Yes,Yes,Yes,Yes,Yes,No,No,Yes,76,70,64,1.100,43.032,43.202,35.915,0.001,5.640,0.759,175.0,175.0,175.0,175.0,0,0.0,99.7,99.7,99.7,99.8,99.8,99.6,99.8,99.8,99.8,99.8,99.8,99.8,99.8,99.2,99.5,99.6,99.7,99.7,99.7,99.7,99.7,0.0,0.0,0.0,0.0,0.0,0.0,0.0,0.0,0.0,0.0,0.0,0.0,0.0,0.0,0.0,0.0,0.0,0.0,0.0,0.0,0.0,0.0,0.0,0.0,0.0,0.0,0.0,0.0,0.0,0.0,0.0,0.0,0.0,0.0,0.0,0.0,0.0,2194.6,22.00,32,32,32,62,103,351,2,2,Yes,No,No,No,No,No,No,No,Yes,No,No,No,No,Yes,No,No,No,No,No,No,No,Yes,No,No,No,No,No,No,No,No,No,No,No,No,No,No,No,No,85.0,4320,2520,4140,71.0,1.095,1.110,1.815,1.815,1.005,5.110,1.625,No,No,No,71.0,1.095,1.110,1.815,1.815,1.005,5.110,1.500,No,No,No,41,41,94.0,100.0,No,No,32155,47955,37,70,99.0,100.0,No,No,1844,3246,0.0,0.6,0.6,0.000,0.013,63628,48918,0.0,0.0,0.0,0.000,0.000,164001,82786,58.4,64.0,65.7,83.0,0.870,20.679,20.671,20.687,21.210,9.515,9.572,8.640,18.225,3.000,11.644,7.746,7.781,100.000,140.000,2175.0,2150.2,1875.0,2175.0,1890.0,0.0,0.0,0.0,0.0,12.1,0.0,0.0,0.0,0.0,0.0,Yes,No,No,No,No,Yes,No,0,0,0,0,0,0,0,0,0,0,0,0,0,0,0,0,0,0,0,0,0,0,0,0,0,0,0,0,0,0,7199,989,755,91,16.0,64,0.300,45.751,600.0,2194.0,0.1,0.0,0.0,0.0,0.0,0.0,0.0,0.0,0.8,127,16065,127,No,No,No,No,No,No,No,No,16.747,68.277,100.0,0.000,24.1,0,0,0,0.0,1.2,1.2,1.2,1.2,1.2,1.2,1.1,1.1,1.1,1.1,1.1,1.1,864.55,864.55,864.55,864.55,864.55,864.55,0.72,863.83,864.55,0.00,99.56,647,7,0.0,0.0,0,0,0.0,0.0,0,
9.6.2026,13:35:38.968,20386,28381,41.8,16891,15493,52.1,10.5,16384,1716,0.873,0.883,0.866,0.869,0.878,0.886,0.871,0.872,0.872,0.869,0.873,0.875,0.872,0.870,0.870,0.818,0.781,2778.9,3192.2,3092.4,3192.2,3192.2,3192.2,3092.4,2493.9,2493.9,2493.9,2493.9,2493.9,2493.9,2493.9,2493.9,99.8,2593.7,2861.9,3107.9,3106.8,3111.5,3111.0,3104.2,3110.4,3106.0,3103.9,3109.6,3109.3,3111.4,3111.2,2479.2,2494.2,2494.3,2504.2,2490.7,2490.8,2490.2,2491.4,2954.7,99.9,99.9,99.9,100.0,99.9,99.9,99.9,100.0,99.9,99.9,99.9,100.0,100.0,99.9,99.9,99.9,99.9,100.0,99.9,99.9,99.9,100.0,99.9,100.0,123.9,118.3,118.3,118.3,118.3,118.3,118.3,118.2,118.1,118.3,118.3,118.3,118.3,132.7,132.7,132.7,132.7,131.9,131.8,131.7,131.8,123.9,27.9,32.0,31.0,32.0,32.0,32.0,31.0,25.0,25.0,25.0,25.0,25.0,25.0,25.0,25.0,26.0,67,70,67,68,66,68,67,67,67,67,68,66,66,66,66,33,30,33,32,34,32,33,33,33,33,32,34,34,34,34,76,70,No,No,No,No,No,No,No,No,No,No,No,No,No,No,No,No,No,No,No,No,No,No,No,No,No,No,No,No,No,No,Yes,Yes,Yes,Yes,Yes,Yes,Yes,Yes,Yes,Yes,Yes,Yes,Yes,Yes,Yes,No,No,Yes,76,69,64,1.100,42.188,48.741,41.452,0.002,5.647,0.749,175.0,175.0,175.0,175.0,0,0.0,99.6,99.7,99.6,99.8,99.8,99.5,99.8,99.8,99.7,99.7,99.7,99.8,99.8,98.5,99.1,99.1,99.5,99.6,99.6,99.6,99.7,0.0,0.0,0.0,0.0,0.0,0.0,0.0,0.0,0.0,0.0,0.1,0.0,0.1,0.1,0.1,0.0,0.0,0.0,0.0,0.0,0.0,0.0,0.0,0.0,0.0,0.0,0.0,0.0,0.0,0.0,0.0,0.0,0.0,0.0,0.0,0.0,0.0,2394.1,24.00,36,35,35,68,103,383,2,2,Yes,No,No,No,No,No,No,No,Yes,No,No,No,No,Yes,No,No,No,No,No,No,No,Yes,No,No,No,No,No,No,No,No,No,No,No,No,No,No,No,No,84.0,4320,2460,4140,71.0,1.095,1.110,1.815,1.815,1.005,5.110,2.250,No,No,No,71.0,1.095,1.110,1.815,1.815,1.005,5.110,1.500,No,No,No,41,41,94.0,100.0,No,No,32155,47955,36,70,99.0,100.0,No,No,1844,3246,0.0,1.1,1.1,0.000,0.050,63628,48918,0.0,0.0,0.0,0.000,0.000,164001,82786,58.4,64.0,65.7,83.0,0.870,20.684,20.675,20.694,21.211,9.545,9.636,8.663,18.314,3.000,11.676,7.747,7.781,100.000,140.000,2175.0,2150.2,1875.0,2175.0,1890.0,0.0,0.0,0.0,0.0,12.1,0.0,0.0,0.0,0.0,0.0,Yes,No,No,No,No,Yes,No,0,0,0,0,0,0,0,0,0,0,0,0,0,0,0,0,0,0,0,0,0,0,0,0,0,0,0,0,0,0,7199,989,755,91,16.0,64,0.300,47.096,600.0,2394.0,0.2,0.0,0.0,0.0,0.0,0.0,0.0,0.0,0.8,127,16065,127,No,No,No,No,No,No,No,No,16.748,68.277,100.0,0.000,24.1,0,0,0,0.0,2.3,105.0,1.2,1.2,1.2,1.2,2.3,25.5,1.2,1.2,1.2,1.2,431.35,853.18,9.53,1.78,861.79,861.79,0.41,430.94,431.35,0.00,487.62,647,7,0.1,0.0,0,0,0.0,0.0,0,
9.6.2026,13:35:40.977,20385,28382,41.8,16895,15489,52.1,10.5,16384,1716,0.876,0.868,0.880,0.872,0.881,0.881,0.890,0.872,0.870,0.880,0.881,0.867,0.868,0.879,0.870,0.808,0.778,2815.2,3093.2,3193.0,3193.0,3193.0,3193.0,3193.0,2594.3,2594.3,2594.3,2594.3,2494.5,2494.5,2494.5,2494.5,99.8,2494.5,2865.6,3110.5,3108.5,3113.3,3113.8,3107.6,3113.9,3106.7,3106.7,3113.3,3113.9,3115.7,3116.4,2482.7,2494.2,2505.3,2511.2,2493.8,2495.1,2495.3,2493.3,2958.4,100.0,100.0,99.9,100.0,100.0,100.0,100.0,100.0,100.0,100.0,100.0,100.0,100.0,100.0,100.0,100.0,100.0,99.9,100.0,100.0,99.9,100.0,100.0,100.0,123.9,118.4,118.3,118.4,118.4,118.4,118.4,118.1,118.1,118.4,118.4,118.4,118.4,132.8,132.9,132.9,132.9,131.8,131.8,131.9,131.7,123.9,28.2,31.0,32.0,32.0,32.0,32.0,32.0,26.0,26.0,26.0,26.0,25.0,25.0,25.0,25.0,25.0,67,69,68,69,66,68,68,68,68,68,68,66,66,66,66,33,31,32,31,34,32,32,32,32,32,32,34,34,34,34,76,69,No,No,No,No,No,No,No,No,No,No,No,No,No,No,No,No,No,No,No,No,No,No,No,No,No,No,No,No,No,No,Yes,Yes,Yes,Yes,Yes,Yes,Yes,Yes,Yes,Yes,Yes,Yes,Yes,Yes,Yes,No,No,Yes,77,69,64,1.100,37.969,45.207,38.037,0.002,5.630,0.742,175.0,175.0,175.0,175.0,0,0.0,99.6,99.7,99.6,99.8,99.8,99.6,99.8,99.8,99.8,99.8,99.8,99.8,99.8,98.4,98.9,99.3,99.6,99.6,99.7,99.7,99.6,0.0,0.0,0.0,0.0,0.0,0.0,0.0,0.0,0.0,0.0,0.0,0.1,0.0,0.0,0.1,0.0,0.0,0.0,0.0,0.0,0.0,0.0,0.0,0.0,0.0,0.0,0.0,0.0,0.0,0.0,0.0,0.0,0.0,0.0,0.0,0.0,0.0,2195.2,22.00,32,32,32,62,103,351,2,2,Yes,No,No,No,No,No,No,No,Yes,No,No,No,No,Yes,No,No,No,No,No,No,No,Yes,No,No,No,No,No,No,No,No,No,No,No,No,No,No,No,No,85.0,4380,2460,4140,71.0,1.110,1.110,1.815,1.815,1.005,5.110,1.500,No,No,No,71.0,1.095,1.110,1.815,1.815,1.005,5.110,1.625,No,No,No,41,41,94.0,100.0,No,No,32155,47955,37,70,99.0,100.0,No,No,1844,3246,0.0,0.9,0.9,0.000,0.092,63628,48918,0.0,0.0,0.0,0.000,0.000,164001,82786,58.4,64.0,65.8,83.0,0.870,20.681,20.672,20.690,21.214,9.521,9.547,8.641,18.207,3.000,11.649,7.819,7.781,100.000,140.000,2175.0,2150.2,1875.0,2175.0,1890.0,0.0,0.0,0.0,0.0,12.1,0.0,0.0,0.0,0.0,0.0,Yes,No,No,No,No,Yes,No,0,0,0,0,0,0,0,0,0,0,0,0,0,0,0,0,0,0,0,0,0,0,0,0,0,0,0,0,0,0,7199,989,755,90,16.0,64,0.300,44.093,600.0,2195.0,0.2,0.0,0.0,0.0,0.0,0.0,0.0,0.0,0.8,127,16065,127,No,No,No,No,No,No,No,No,16.749,68.277,100.0,0.000,24.1,0,0,0,0.0,2.4,108.0,1.2,1.2,1.2,1.2,2.4,25.4,1.2,1.2,1.2,1.2,415.99,822.72,9.26,1.79,831.02,831.02,0.45,415.54,415.99,0.00,494.23,647,7,0.0,0.1,0,0,0.0,0.0,0,
9.6.2026,13:35:42.969,20387,28381,41.8,16892,15492,52.1,10.5,16384,1716,0.884,0.891,0.890,0.881,0.879,0.881,0.881,0.896,0.896,0.896,0.880,0.882,0.877,0.877,0.873,0.818,0.783,2636.4,3192.2,3192.2,3192.2,3192.2,3192.2,3192.2,2593.7,2593.7,2593.7,1097.3,2593.7,2593.7,2593.7,1097.3,99.8,2593.7,2870.6,3115.7,3115.7,3118.1,3117.8,3113.6,3118.7,3111.8,3112.0,3118.9,3119.2,3119.4,3119.7,2486.7,2502.3,2503.5,2515.8,2500.5,2500.8,2500.2,2501.1,2963.1,100.0,100.0,100.0,100.0,100.0,100.0,100.0,100.0,100.0,100.0,100.0,100.0,100.0,100.0,100.0,99.9,100.0,100.0,100.0,99.9,100.0,100.0,100.0,100.0,124.2,118.6,118.6,118.6,118.6,118.6,118.6,118.4,118.4,118.6,118.6,118.6,118.6,133.2,133.2,133.2,133.2,132.3,132.3,132.3,132.3,124.2,26.4,32.0,32.0,32.0,32.0,32.0,32.0,26.0,26.0,26.0,11.0,26.0,26.0,26.0,11.0,26.0,67,69,67,68,66,67,67,67,67,67,67,66,66,66,66,33,31,33,32,34,33,33,33,33,33,33,34,34,34,34,76,69,No,No,No,No,No,No,No,No,No,No,No,No,No,No,No,No,No,No,No,No,No,No,No,No,No,No,No,No,No,No,Yes,Yes,Yes,Yes,Yes,Yes,Yes,Yes,Yes,Yes,Yes,Yes,Yes,Yes,Yes,No,No,Yes,76,70,64,1.100,32.063,43.974,36.678,0.002,5.592,0.721,175.0,175.0,175.0,175.0,0,0.0,99.6,99.7,99.7,99.8,99.8,99.6,99.8,99.8,99.8,99.8,99.8,99.8,99.8,98.5,99.1,99.1,99.6,99.7,99.7,99.6,99.7,0.0,0.0,0.0,0.0,0.0,0.0,0.0,0.0,0.0,0.1,0.0,0.0,0.0,0.1,0.0,0.0,0.0,0.0,0.0,0.0,0.0,0.0,0.0,0.0,0.0,0.0,0.0,0.0,0.0,0.0,0.0,0.0,0.0,0.0,0.0,0.0,0.0,2194.6,22.00,32,32,32,62,103,351,2,2,Yes,No,No,No,No,No,No,No,Yes,No,No,No,No,Yes,No,No,No,No,No,No,No,Yes,No,No,No,No,No,No,No,No,No,No,No,No,No,No,No,No,84.0,4380,2460,4140,71.0,1.110,1.110,1.815,1.815,1.005,5.110,1.375,No,No,No,71.0,1.110,1.110,1.815,1.815,1.005,5.110,2.250,No,No,No,41,41,94.0,100.0,No,No,32155,47955,36,70,99.0,100.0,No,No,1844,3246,0.2,0.6,0.8,0.079,0.102,63628,48918,0.0,0.0,0.0,0.000,0.000,164001,82786,58.4,64.0,65.7,83.0,0.870,20.681,20.672,20.690,21.203,9.512,9.548,8.641,18.207,3.000,11.650,7.752,7.787,100.000,140.000,2175.0,2150.2,1875.0,2175.0,1890.0,0.0,0.0,0.0,0.0,12.1,0.0,0.1,0.0,0.0,0.0,Yes,No,No,No,No,Yes,No,0,0,0,0,0,0,0,0,0,0,0,0,0,0,0,0,0,0,0,0,0,0,0,0,0,0,0,0,0,0,7199,989,755,91,16.0,64,0.300,44.399,550.0,2194.0,0.2,0.0,0.0,0.0,0.0,0.0,0.0,0.0,0.8,127,16065,127,No,No,No,No,No,No,No,No,16.749,68.277,100.0,0.000,24.1,0,0,0,0.0,1.2,1.2,1.2,1.2,1.2,1.2,1.1,1.1,1.1,1.1,1.1,1.1,862.25,862.25,862.25,862.25,862.25,862.25,0.72,861.55,862.25,0.00,115.52,647,7,0.0,0.0,0,0,0.0,0.0,0,
9.6.2026,13:35:44.971,20385,28382,41.8,16897,15487,52.1,10.5,16384,1716,0.871,0.869,0.874,0.871,0.871,0.885,0.871,0.872,0.872,0.874,0.858,0.871,0.869,0.870,0.868,0.808,0.781,2751.1,3093.2,3093.2,3093.2,3093.2,3093.2,3093.2,2494.5,2494.5,2494.5,2494.5,2494.5,2494.5,2494.5,2494.5,99.8,2494.5,2861.1,3106.0,3106.5,3109.4,3108.4,3103.8,3108.9,3101.1,3101.2,3106.9,3107.8,3107.1,3106.2,2480.3,2490.2,2497.2,2503.6,2494.5,2494.4,2494.4,2494.2,2952.8,100.0,99.9,100.0,100.0,100.0,100.0,100.0,99.9,100.0,100.0,100.0,100.0,100.0,99.9,99.8,99.9,100.0,100.0,100.0,100.0,100.0,100.0,100.0,100.0,123.9,118.2,118.3,118.3,118.3,118.3,118.3,118.1,118.1,118.3,118.3,118.3,118.3,132.7,132.6,132.7,132.8,132.2,132.2,132.1,132.1,123.9,27.6,31.0,31.0,31.0,31.0,31.0,31.0,25.0,25.0,25.0,25.0,25.0,25.0,25.0,25.0,25.0,67,70,67,68,67,68,68,67,67,67,67,66,65,66,65,33,30,33,32,33,32,32,33,33,33,33,34,35,34,35,76,70,No,No,No,No,No,No,No,No,No,No,No,No,No,No,No,No,No,No,No,No,No,No,No,No,No,No,No,No,No,No,Yes,Yes,Yes,Yes,Yes,Yes,Yes,Yes,Yes,Yes,Yes,Yes,Yes,Yes,Yes,No,No,Yes,76,69,63,1.100,42.188,46.589,39.427,0.001,5.564,0.709,175.0,175.0,175.0,175.0,0,0.0,99.6,99.7,99.7,99.8,99.8,99.6,99.8,99.7,99.8,99.8,99.8,99.8,99.8,98.7,99.1,99.4,99.6,99.7,99.7,99.7,99.7,0.0,0.0,0.0,0.0,0.0,0.0,0.0,0.1,0.1,0.0,0.0,0.0,0.0,0.0,0.0,0.0,0.0,0.0,0.0,0.0,0.0,0.0,0.0,0.0,0.0,0.0,0.0,0.0,0.0,0.0,0.0,0.0,0.0,0.0,0.0,0.0,0.0,2394.7,24.00,36,35,35,68,103,383,2,2,Yes,No,No,No,No,No,No,No,Yes,No,No,No,No,Yes,No,No,No,No,No,No,No,Yes,No,No,No,No,No,No,No,No,No,No,No,No,No,No,No,No,85.0,4380,2460,4140,71.0,1.110,1.110,1.800,1.815,1.005,5.110,2.000,No,No,No,71.0,1.110,1.110,1.800,1.815,1.005,5.110,1.750,No,No,No,41,41,94.0,100.0,No,No,32155,47955,36,70,99.0,100.0,No,No,1844,3246,0.1,1.3,1.4,0.015,0.899,63628,48920,0.0,0.0,0.0,0.000,0.000,164001,82786,58.4,64.0,65.7,83.0,0.870,20.672,20.665,20.679,21.207,9.530,9.578,8.659,18.259,3.000,11.676,7.752,7.788,100.000,140.000,2175.0,2150.2,1875.0,2175.0,1890.0,0.0,0.0,0.0,0.0,12.1,0.0,0.0,0.0,0.0,0.0,Yes,No,No,No,No,Yes,No,0,0,0,0,0,0,0,0,0,0,0,0,0,0,0,0,0,0,0,0,0,0,0,0,0,0,0,0,0,0,7199,989,755,91,16.0,64,0.300,47.204,600.0,2394.0,0.1,0.0,0.0,0.0,0.0,0.0,0.0,0.0,0.8,127,16065,127,No,No,No,No,No,No,No,No,16.747,68.277,100.0,0.000,24.1,0,0,0,0.0,1.2,1.2,1.2,1.2,1.2,1.2,1.1,1.1,1.1,1.1,1.1,1.1,862.25,862.25,862.25,862.25,862.25,862.25,0.72,861.55,862.25,0.00,115.52,647,7,0.1,0.1,0,0,0.0,0.0,0,
9.6.2026,13:35:46.967,20387,28381,41.8,16905,15479,52.2,10.5,16384,1716,0.870,0.887,0.872,0.872,0.872,0.872,0.871,0.872,0.884,0.868,0.868,0.849,0.861,0.861,0.868,0.818,0.783,2771.8,3192.2,3092.4,3092.4,3192.2,3092.4,3092.4,2493.9,2593.7,2493.9,2493.9,2493.9,2493.9,2493.9,2493.9,99.8,2593.7,2861.4,3106.7,3106.1,3109.0,3108.5,3103.5,3109.1,3102.5,3103.6,3108.8,3109.5,3107.9,3108.3,2479.1,2494.7,2498.5,2502.1,2492.5,2493.0,2493.2,2492.3,2953.6,100.0,100.0,100.0,100.0,100.0,100.0,100.0,100.0,100.0,100.0,100.0,100.0,100.0,100.0,100.0,100.0,100.0,100.0,100.0,100.0,100.0,100.0,100.0,100.0,123.8,118.2,118.2,118.2,118.2,118.2,118.2,118.0,118.0,118.2,118.2,118.2,118.2,132.7,132.7,132.7,132.7,131.9,131.9,131.9,131.9,123.8,27.8,32.0,31.0,31.0,32.0,31.0,31.0,25.0,26.0,25.0,25.0,25.0,25.0,25.0,25.0,26.0,67,69,68,68,67,68,68,67,67,67,67,66,66,66,66,33,31,32,32,33,32,32,33,33,33,33,34,34,34,34,76,69,No,No,No,No,No,No,No,No,No,No,No,No,No,No,No,No,No,No,No,No,No,No,No,No,No,No,No,No,No,No,Yes,Yes,Yes,Yes,Yes,Yes,Yes,Yes,Yes,Yes,Yes,Yes,Yes,Yes,Yes,No,No,Yes,76,69,64,1.100,43.032,44.056,36.827,0.002,5.609,0.732,175.0,175.0,175.0,175.0,0,0.0,99.6,99.7,99.7,99.8,99.8,99.6,99.8,99.8,99.8,99.8,99.8,99.8,99.8,98.5,99.1,99.3,99.4,99.7,99.7,99.7,99.7,0.0,0.0,0.0,0.0,0.0,0.0,0.0,0.0,0.0,0.0,0.0,0.0,0.0,0.0,0.0,0.0,0.0,0.0,0.0,0.0,0.0,0.0,0.0,0.0,0.0,0.0,0.0,0.0,0.0,0.0,0.0,0.0,0.0,0.0,0.0,0.0,0.0,2394.1,24.00,36,35,35,68,103,383,2,2,Yes,No,No,No,No,No,No,No,Yes,No,No,No,No,Yes,No,No,No,No,No,No,No,Yes,No,No,No,No,No,No,No,No,No,No,No,No,No,No,No,No,85.0,4320,2460,4140,71.0,1.110,1.110,1.800,1.800,1.005,5.110,2.125,No,No,No,71.0,1.110,1.110,1.800,1.815,1.005,5.110,1.625,No,No,No,41,41,94.0,100.0,No,No,32155,47955,36,70,99.0,100.0,No,No,1844,3246,0.1,0.2,0.3,0.034,0.010,63628,48920,0.0,0.0,0.0,0.000,0.000,164001,82786,58.4,64.0,65.8,83.0,0.870,20.672,20.671,20.687,21.243,9.530,9.587,8.640,18.246,3.000,11.657,7.749,7.784,100.000,140.000,2175.0,2150.2,1875.0,2175.0,1890.0,0.0,0.0,0.0,0.0,12.1,0.0,0.0,0.0,0.0,0.0,Yes,No,No,No,No,Yes,No,0,0,0,0,0,0,0,0,0,0,0,0,0,0,0,0,0,0,0,0,0,0,0,0,0,0,0,0,0,0,7199,989,755,91,16.0,64,0.300,43.881,600.0,2394.0,0.1,0.0,0.0,0.0,0.0,0.0,0.0,0.0,0.8,127,16065,127,No,No,No,No,No,No,No,No,16.747,68.277,100.0,0.000,24.1,0,0,0,0.0,1.2,1.2,1.2,1.2,1.2,1.2,1.2,1.2,1.2,1.2,1.2,1.2,849.99,849.99,849.99,849.99,849.99,849.99,0.60,849.49,849.99,0.00,146.72,647,7,0.8,0.0,0,0,0.0,0.0,0,
9.6.2026,13:35:48.977,20385,28383,41.8,16889,15494,52.1,10.5,16384,1716,0.888,0.862,0.872,0.873,0.891,0.881,0.890,0.886,0.888,0.896,0.902,0.901,0.901,0.899,0.896,0.808,0.783,2721.9,3092.4,3092.4,3092.4,3192.2,3192.2,3192.2,2593.7,2593.7,1097.3,2593.7,2593.7,2593.7,2593.7,2593.7,99.8,2493.9,2868.7,3113.2,3113.3,3113.9,3114.4,3110.9,3117.0,3104.0,3106.7,3117.2,3117.1,3118.2,3118.6,2486.2,2495.6,2510.7,2515.9,2500.0,2500.0,2500.1,2500.7,2960.8,100.0,100.0,100.0,100.0,100.0,100.0,100.0,99.9,100.0,100.0,100.0,100.0,100.0,100.0,100.0,100.0,100.0,100.0,100.0,100.0,100.0,100.0,100.0,100.0,124.1,118.5,118.5,118.4,118.4,118.5,118.5,118.1,118.2,118.5,118.5,118.5,118.5,133.0,133.0,133.0,133.0,132.1,132.1,132.1,132.1,124.1,27.3,31.0,31.0,31.0,32.0,32.0,32.0,26.0,26.0,11.0,26.0,26.0,26.0,26.0,26.0,25.0,67,68,67,69,64,66,68,67,67,68,67,66,66,66,66,33,32,33,31,36,34,32,33,33,32,33,34,34,34,34,76,69,No,No,No,No,No,No,No,No,No,No,No,No,No,No,No,No,No,No,No,No,No,No,No,No,No,No,No,No,No,No,Yes,Yes,Yes,Yes,Yes,Yes,Yes,Yes,Yes,Yes,Yes,Yes,Yes,Yes,Yes,No,No,Yes,77,69,64,1.100,39.657,43.474,36.280,0.002,5.586,0.713,175.0,175.0,175.0,175.0,0,0.0,99.6,99.7,99.7,99.8,99.8,99.6,99.8,99.7,99.8,99.8,99.8,99.8,99.8,98.5,98.9,99.5,99.6,99.7,99.7,99.7,99.7,0.0,0.0,0.0,0.0,0.0,0.0,0.0,0.0,0.0,0.0,0.0,0.0,0.0,0.0,0.0,0.0,0.0,0.0,0.0,0.0,0.0,0.0,0.0,0.0,0.0,0.0,0.0,0.0,0.0,0.0,0.0,0.0,0.0,0.0,0.0,0.0,0.0,2394.1,24.00,36,35,35,68,103,383,2,2,Yes,No,No,No,No,No,No,No,Yes,No,No,No,No,Yes,No,No,No,No,No,No,No,Yes,No,No,No,No,No,No,No,No,No,No,No,No,No,No,No,No,85.0,4320,2520,4140,71.0,1.110,1.110,1.800,1.800,0.990,5.110,2.375,No,No,No,71.0,1.110,1.110,1.800,1.800,0.975,5.110,2.250,No,No,No,41,41,94.0,100.0,No,No,32155,47955,36,70,99.0,100.0,No,No,1844,3246,0.0,0.9,0.9,0.000,0.017,63628,48920,0.0,0.0,0.0,0.000,0.000,164001,82786,58.4,64.0,65.7,83.0,0.870,20.682,20.673,20.691,21.251,9.528,9.560,8.662,18.250,3.000,11.681,7.754,7.789,100.000,140.000,2175.0,2150.2,1875.0,2175.0,1890.0,0.0,0.0,0.0,0.0,12.1,0.0,0.0,0.0,0.0,0.0,Yes,No,No,No,No,Yes,No,0,0,0,0,0,0,0,0,0,0,0,0,0,0,0,0,0,0,0,0,0,0,0,0,0,0,0,0,0,0,7199,989,755,91,16.0,64,0.300,44.528,600.0,2394.0,0.2,0.0,0.0,0.0,0.0,0.0,0.0,0.0,0.8,127,16065,127,No,No,No,No,No,No,No,No,16.746,68.277,100.0,0.000,24.1,0,0,0,0.0,1.2,1.2,1.2,1.2,1.2,1.2,1.2,1.2,1.2,1.2,1.2,1.2,849.99,849.99,849.99,849.99,849.99,849.99,0.60,849.49,849.99,0.00,146.72,647,7,0.0,0.0,0,0,0.0,0.0,0,
9.6.2026,13:35:50.970,20384,28384,41.7,16899,15485,52.1,10.5,16384,1716,0.874,0.872,0.869,0.889,0.870,0.862,0.866,0.867,0.866,0.867,0.871,0.867,0.882,0.894,0.887,0.808,0.783,2757.5,3092.4,3092.4,3092.4,3192.2,3092.4,3092.4,2493.9,2493.9,2493.9,2493.9,2493.9,2493.9,2493.9,2493.9,99.8,2493.9,2857.2,3089.4,3099.6,3095.4,3101.8,3098.1,3103.6,3101.2,3098.4,3091.8,3097.8,3102.4,3102.2,2486.0,2496.2,2495.7,2500.6,2495.6,2494.4,2497.1,2496.4,2947.5,99.9,99.6,100.0,99.7,99.9,100.0,100.0,99.9,99.9,99.6,99.8,100.0,100.0,99.8,100.0,99.9,100.0,99.9,99.9,100.0,100.0,100.0,99.9,100.0,123.7,117.6,118.0,117.7,118.0,118.0,118.0,118.0,117.9,117.6,117.8,118.0,118.0,132.3,132.5,132.3,132.5,132.2,132.1,132.2,132.2,123.7,27.6,31.0,31.0,31.0,32.0,31.0,31.0,25.0,25.0,25.0,25.0,25.0,25.0,25.0,25.0,25.0,67,69,67,68,67,66,67,67,67,68,67,65,66,66,66,33,31,33,32,33,34,33,33,33,32,33,35,34,34,34,76,69,No,No,No,No,No,No,No,No,No,No,No,No,No,No,No,No,No,No,No,No,No,No,No,No,No,No,No,No,No,No,Yes,Yes,Yes,Yes,Yes,Yes,Yes,Yes,Yes,Yes,Yes,Yes,Yes,Yes,Yes,No,No,Yes,76,70,63,1.100,44.719,46.465,39.231,0.001,5.606,0.739,175.0,175.0,175.0,175.0,0,0.0,99.6,99.4,99.7,99.5,99.7,99.6,99.8,99.7,99.7,99.4,99.6,99.8,99.8,99.1,99.5,99.5,99.7,99.6,99.6,99.7,99.7,0.0,0.0,0.0,0.0,0.0,0.0,0.0,0.2,0.0,0.1,0.0,0.1,0.1,0.0,0.0,0.0,0.0,0.0,0.0,0.0,0.0,0.0,0.0,0.0,0.0,0.0,0.0,0.0,0.0,0.0,0.0,0.0,0.0,0.0,0.0,0.0,0.0,2394.1,24.00,36,35,35,68,103,383,2,2,Yes,No,No,No,No,No,No,No,Yes,No,No,No,No,Yes,No,No,No,No,No,No,No,Yes,No,No,No,No,No,No,No,No,No,No,No,No,No,No,No,No,85.0,4320,2460,4140,71.0,1.110,1.110,1.800,1.800,0.990,5.110,1.250,No,No,No,71.0,1.110,1.110,1.800,1.800,0.990,5.110,1.125,No,No,No,41,41,94.0,100.0,No,No,32155,47955,36,70,99.0,100.0,No,No,1844,3246,0.0,0.2,0.2,0.000,0.007,63628,48920,0.0,0.0,0.0,0.000,0.000,164001,82786,58.4,64.0,65.8,83.0,0.870,20.686,20.677,20.695,21.256,9.510,9.546,8.643,18.191,3.000,11.651,7.753,7.789,100.000,140.000,2175.0,2150.2,1875.0,2175.0,1890.0,0.0,0.0,0.0,0.0,12.1,0.0,0.0,0.0,0.0,0.0,Yes,No,No,No,No,Yes,No,0,0,0,0,0,0,0,0,0,0,0,0,0,0,0,0,0,0,0,0,0,0,0,0,0,0,0,0,0,0,7199,989,755,91,16.0,64,0.300,45.487,600.0,2394.0,0.1,0.0,0.0,0.0,0.0,0.0,0.0,0.0,0.8,127,16065,127,No,No,No,No,No,No,No,No,16.748,68.277,100.0,0.000,24.1,0,0,0,0.0,1.4,1.4,1.4,1.4,1.4,1.4,1.4,1.4,1.4,1.4,1.4,1.4,725.47,725.47,725.47,725.47,725.47,725.47,0.71,724.75,725.47,0.00,600.62,647,7,0.4,0.0,0,0,0.0,0.0,0,
9.6.2026,13:35:52.966,20382,28386,41.7,16873,15510,52.1,10.5,16384,1716,0.872,0.881,0.872,0.871,0.872,0.867,0.872,0.871,0.898,0.874,0.861,0.872,0.864,0.867,0.863,0.808,0.783,2558.0,3092.4,3092.4,3092.4,3092.4,3092.4,3092.4,2493.9,2593.7,2493.9,1097.3,2493.9,1097.3,2493.9,2493.9,99.8,2493.9,2865.7,3108.9,3108.9,3110.9,3111.3,3105.8,3111.2,3106.5,3105.9,3110.6,3111.0,3110.1,3110.1,2498.0,2506.6,2504.8,2509.2,2496.2,2496.3,2496.2,2495.8,2958.1,100.0,100.0,100.0,100.0,100.0,100.0,100.0,100.0,100.0,100.0,100.0,100.0,100.0,99.9,100.0,99.9,100.0,100.0,100.0,100.0,100.0,100.0,100.0,100.0,124.0,118.3,118.3,118.3,118.3,118.3,118.3,118.2,118.2,118.3,118.3,118.3,118.3,132.8,132.8,132.8,132.8,132.1,132.1,132.1,132.1,124.0,25.6,31.0,31.0,31.0,31.0,31.0,31.0,25.0,26.0,25.0,11.0,25.0,11.0,25.0,25.0,25.0,67,68,68,69,66,68,67,67,68,67,68,65,65,66,66,33,32,32,31,34,32,33,33,32,33,32,35,35,34,34,76,69,No,No,No,No,No,No,No,No,No,No,No,No,No,No,No,No,No,No,No,No,No,No,No,No,No,No,No,No,No,No,Yes,Yes,Yes,Yes,Yes,Yes,Yes,Yes,Yes,Yes,Yes,Yes,Yes,Yes,Yes,No,No,Yes,76,70,64,1.100,43.876,44.416,37.236,0.001,5.567,0.725,175.0,175.0,175.0,175.0,0,0.0,99.7,99.7,99.7,99.8,99.8,99.6,99.8,99.8,99.8,99.8,99.8,99.8,99.8,99.2,99.6,99.5,99.7,99.7,99.7,99.7,99.7,0.0,0.0,0.0,0.0,0.0,0.0,0.0,0.1,0.0,0.0,0.0,0.0,0.0,0.0,0.0,0.0,0.0,0.0,0.0,0.0,0.0,0.0,0.0,0.0,0.0,0.0,0.0,0.0,0.0,0.0,0.0,0.0,0.0,0.0,0.0,0.0,0.0,2194.6,22.00,32,32,32,62,103,351,2,2,Yes,No,No,No,No,No,No,No,Yes,No,No,No,No,Yes,No,No,No,No,No,No,No,Yes,No,No,No,No,No,No,No,No,No,No,No,No,No,No,No,No,85.0,4380,2460,4140,71.0,1.095,1.110,1.800,1.800,0.990,5.110,1.250,No,No,No,71.0,1.110,1.110,1.800,1.800,0.990,5.110,2.000,No,No,No,41,41,94.0,100.0,No,No,32155,47955,36,70,99.0,100.0,No,No,1844,3246,0.0,1.1,1.1,0.000,0.050,63628,48920,0.0,0.0,0.0,0.000,0.000,164001,82786,58.4,64.0,65.9,83.0,0.870,20.685,20.675,20.694,21.230,9.513,9.545,8.642,18.211,3.000,11.659,7.748,7.784,100.000,140.000,2175.0,2150.2,1875.0,2175.0,1890.0,0.0,0.0,0.0,0.0,12.1,0.0,0.0,0.0,0.0,0.0,Yes,No,No,No,No,Yes,No,0,0,0,0,0,0,0,0,0,0,0,0,0,0,0,0,0,0,0,0,0,0,0,0,0,0,0,0,0,0,7199,989,755,91,16.0,63,0.300,43.671,550.0,2194.0,0.1,0.0,0.0,0.0,0.0,0.0,0.0,0.0,0.8,127,16065,127,No,No,No,No,No,No,No,No,16.748,68.277,100.0,0.000,24.1,0,0,0,0.0,1.4,1.4,1.4,1.4,1.4,1.4,1.4,1.4,1.4,1.4,1.4,1.4,725.47,725.47,725.47,725.47,725.47,725.47,0.71,724.75,725.47,0.00,600.62,647,7,0.3,0.2,0,0,0.0,0.0,0,
9.6.2026,13:35:54.966,20384,28383,41.7,16871,15513,52.0,10.5,16384,1716,0.868,0.861,0.865,0.873,0.856,0.880,0.861,0.862,0.873,0.871,0.871,0.873,0.868,0.869,0.869,0.808,0.781,2765.3,3093.2,3093.2,3093.2,3093.2,3193.0,3093.2,2494.5,2594.3,2494.5,2494.5,2494.5,2494.5,2494.5,2494.5,99.8,2494.5,2865.8,3106.7,3108.0,3110.6,3111.4,3105.6,3111.3,3107.0,3106.8,3110.6,3111.0,3111.4,3111.5,2495.6,2504.8,2506.6,2510.1,2496.6,2496.7,2497.1,2497.2,2958.0,100.0,99.9,100.0,100.0,100.0,100.0,100.0,100.0,100.0,100.0,100.0,100.0,100.0,100.0,100.0,100.0,100.0,100.0,100.0,100.0,100.0,100.0,100.0,100.0,123.9,118.2,118.3,118.3,118.3,118.3,118.3,118.1,118.1,118.3,118.3,118.3,118.3,132.8,132.8,132.8,132.7,132.0,132.0,132.0,132.0,123.9,27.7,31.0,31.0,31.0,31.0,32.0,31.0,25.0,26.0,25.0,25.0,25.0,25.0,25.0,25.0,25.0,67,69,68,68,66,67,68,68,67,68,67,66,66,66,65,33,31,32,32,34,33,32,32,33,32,33,34,34,34,35,76,69,No,No,No,No,No,No,No,No,No,No,No,No,No,No,No,No,No,No,No,No,No,No,No,No,No,No,No,No,No,No,Yes,Yes,Yes,Yes,Yes,Yes,Yes,Yes,Yes,Yes,Yes,Yes,Yes,Yes,Yes,No,No,Yes,75,69,64,1.100,44.719,44.493,37.301,0.001,5.578,0.722,175.0,175.0,175.0,175.0,0,0.0,99.7,99.7,99.7,99.8,99.8,99.6,99.8,99.8,99.8,99.8,99.8,99.8,99.8,99.1,99.5,99.5,99.7,99.7,99.7,99.7,99.7,0.0,0.0,0.0,0.0,0.0,0.0,0.0,0.0,0.0,0.0,0.0,0.0,0.0,0.0,0.0,0.0,0.0,0.0,0.0,0.0,0.0,0.0,0.0,0.0,0.0,0.0,0.0,0.0,0.0,0.0,0.0,0.0,0.0,0.0,0.0,0.0,0.0,2394.7,24.00,36,35,35,68,103,383,2,2,Yes,No,No,No,No,No,No,No,Yes,No,No,No,No,Yes,No,No,No,No,No,No,No,Yes,No,No,No,No,No,No,No,No,No,No,No,No,No,No,No,No,84.0,4380,2460,4140,71.0,1.095,1.110,1.800,1.800,0.990,5.110,2.250,No,No,No,71.0,1.095,1.110,1.800,1.800,0.990,5.110,2.375,No,No,No,41,41,94.0,100.0,No,No,32155,47955,37,70,99.0,100.0,No,No,1844,3246,0.3,0.4,0.6,0.016,0.051,63628,48920,0.0,0.0,0.0,0.000,0.000,164001,82786,58.4,64.0,65.8,83.0,0.870,20.689,20.678,20.700,21.220,9.518,9.538,8.664,18.216,3.000,11.667,7.753,7.787,100.000,140.000,2175.0,2150.2,1875.0,2175.0,1890.0,0.0,0.0,0.0,0.0,12.1,0.0,0.0,0.0,0.0,0.0,Yes,No,No,No,No,Yes,No,0,0,0,0,0,0,0,0,0,0,0,0,0,0,0,0,0,0,0,0,0,0,0,0,0,0,0,0,0,0,7199,989,755,91,16.0,64,0.300,45.100,600.0,2394.0,0.1,0.0,0.0,0.0,0.0,0.0,0.0,0.0,0.8,127,16065,127,No,No,No,No,No,No,No,No,16.747,68.277,100.0,0.000,24.1,0,0,0,0.0,1.4,1.4,1.4,1.4,1.4,1.4,1.4,1.4,1.4,1.4,1.4,1.4,725.47,725.47,725.47,725.47,725.47,725.47,0.71,724.75,725.47,0.00,600.62,647,7,0.2,0.0,0,0,0.0,0.0,0,
9.6.2026,13:35:56.977,20389,28379,41.8,16879,15505,52.1,10.5,16384,1716,0.870,0.877,0.871,0.869,0.869,0.866,0.870,0.867,0.866,0.866,0.874,0.874,0.871,0.871,0.877,0.808,0.783,2750.4,3092.4,3092.4,3092.4,3092.4,3092.4,3092.4,2493.9,2493.9,2493.9,2493.9,2493.9,2493.9,2493.9,2493.9,99.8,2493.9,2863.9,3102.6,3103.2,3111.7,3098.3,3102.7,3110.5,3108.0,3107.7,3097.8,3102.8,3110.8,3106.6,2500.4,2504.9,2509.4,2510.3,2493.7,2497.5,2499.6,2499.0,2955.5,99.8,99.7,99.8,100.0,99.6,99.9,100.0,100.0,100.0,99.6,99.7,100.0,99.8,99.8,99.8,99.9,99.9,99.7,99.8,99.9,99.9,100.0,99.8,100.0,123.9,118.1,118.1,118.4,117.9,118.2,118.3,118.3,118.3,117.9,118.1,118.4,118.2,132.8,132.8,132.9,132.9,132.0,132.2,132.3,132.3,123.9,27.6,31.0,31.0,31.0,31.0,31.0,31.0,25.0,25.0,25.0,25.0,25.0,25.0,25.0,25.0,25.0,67,69,68,69,66,68,68,67,66,68,67,66,66,66,65,33,31,32,31,34,32,32,33,34,32,33,34,34,34,35,76,69,No,No,No,No,No,No,No,No,No,No,No,No,No,No,No,No,No,No,No,No,No,No,No,No,No,No,No,No,No,No,Yes,Yes,Yes,Yes,Yes,Yes,Yes,Yes,Yes,Yes,Yes,Yes,Yes,Yes,Yes,No,No,Yes,76,69,64,1.100,43.032,45.816,38.649,0.001,5.566,0.716,175.0,175.0,175.0,175.0,0,0.0,99.6,99.5,99.5,99.8,99.4,99.5,99.8,99.8,99.7,99.4,99.5,99.8,99.7,99.2,99.4,99.6,99.6,99.4,99.6,99.7,99.6,0.1,0.0,0.0,0.0,0.0,0.0,0.0,0.1,0.2,0.1,0.0,0.3,0.1,0.1,0.1,0.0,0.0,0.0,0.0,0.0,0.0,0.0,0.0,0.0,0.0,0.0,0.0,0.0,0.0,0.0,0.0,0.0,0.0,0.0,0.0,0.0,0.0,2394.1,24.00,36,35,35,68,103,383,2,2,Yes,No,No,No,No,No,No,No,Yes,No,No,No,No,Yes,No,No,No,No,No,No,No,Yes,No,No,No,No,No,No,No,No,No,No,No,No,No,No,No,No,85.0,4320,2520,4140,71.0,1.095,1.110,1.800,1.800,0.990,5.110,2.000,No,No,No,71.0,1.095,1.110,1.800,1.800,0.990,5.110,2.125,No,No,No,41,41,94.0,100.0,No,No,32155,47955,37,70,99.0,100.0,No,No,1844,3246,0.0,1.2,1.2,0.000,0.071,63628,48921,0.0,0.0,0.0,0.000,0.000,164001,82786,58.4,64.0,65.7,83.0,0.870,20.681,20.672,20.690,21.324,9.544,9.577,8.703,18.290,3.000,11.708,7.748,7.781,100.000,140.000,2175.0,2150.2,1875.0,2175.0,1890.0,0.0,0.0,0.0,0.0,12.1,0.0,0.0,0.0,0.0,0.0,Yes,No,No,No,No,Yes,No,0,0,0,0,0,0,0,0,0,0,0,0,0,0,0,0,0,0,0,0,0,0,0,0,0,0,0,0,0,0,7199,989,755,91,16.0,66,0.300,44.096,600.0,2394.0,0.1,0.0,0.0,0.0,0.0,0.0,0.0,0.0,0.8,127,16065,127,No,No,No,No,No,No,No,No,16.746,68.277,100.0,0.000,24.1,0,0,0,0.0,5.8,5.8,5.8,5.8,5.8,5.8,5.8,5.8,5.8,5.8,5.8,5.8,173.11,173.11,173.11,173.11,173.11,173.11,0.32,172.69,173.11,0.00,645.65,647,7,0.3,0.0,0,0,0.0,0.0,0,
9.6.2026,13:35:58.972,20385,28383,41.7,16877,15507,52.1,10.5,16384,1716,0.868,0.870,0.873,0.868,0.880,0.876,0.865,0.868,0.867,0.855,0.865,0.865,0.873,0.872,0.856,0.808,0.781,2664.9,3092.4,3092.4,3192.2,3092.4,3192.2,3092.4,2493.9,2493.9,1097.3,2493.9,2493.9,2493.9,2493.9,2493.9,99.8,2493.9,2849.7,3089.6,3089.4,3092.0,3091.8,3085.8,3091.5,3087.2,3088.5,3091.3,3091.7,3092.9,3092.3,2483.6,2489.5,2491.7,2492.3,2487.9,2488.1,2488.2,2487.9,2940.1,100.0,100.0,100.0,100.0,100.0,100.0,100.0,99.9,100.0,100.0,100.0,100.0,100.0,100.0,100.0,100.0,100.0,100.0,100.0,100.0,100.0,100.0,100.0,100.0,123.2,117.6,117.6,117.6,117.6,117.6,117.6,117.4,117.5,117.6,117.6,117.6,117.6,131.8,131.8,131.8,131.8,131.6,131.6,131.6,131.6,123.2,26.7,31.0,31.0,32.0,31.0,32.0,31.0,25.0,25.0,11.0,25.0,25.0,25.0,25.0,25.0,25.0,67,69,68,68,66,67,67,67,66,67,67,65,65,65,66,33,31,32,32,34,33,33,33,34,33,33,35,35,35,34,77,69,No,No,No,No,No,No,No,No,No,No,No,No,No,No,No,No,No,No,No,No,No,No,No,No,No,No,No,No,No,No,Yes,Yes,Yes,Yes,Yes,Yes,Yes,Yes,Yes,Yes,Yes,Yes,Yes,Yes,Yes,No,No,Yes,76,70,64,1.100,42.188,43.406,36.116,0.001,5.639,0.760,175.0,175.0,175.0,175.0,0,0.0,99.7,99.7,99.7,99.8,99.8,99.6,99.8,99.7,99.8,99.8,99.8,99.8,99.8,99.3,99.6,99.7,99.7,99.7,99.7,99.7,99.7,0.0,0.0,0.0,0.0,0.0,0.0,0.0,0.0,0.0,0.0,0.0,0.0,0.0,0.0,0.0,0.0,0.0,0.0,0.0,0.0,0.0,0.0,0.0,0.0,0.0,0.0,0.0,0.0,0.0,0.0,0.0,0.0,0.0,0.0,0.0,0.0,0.0,2194.6,22.00,32,32,32,62,103,351,2,2,Yes,No,No,No,No,No,No,No,Yes,No,No,No,No,Yes,No,No,No,No,No,No,No,Yes,No,No,No,No,No,No,No,No,No,No,No,No,No,No,No,No,84.0,4380,2520,4140,71.0,1.095,1.110,1.800,1.800,0.990,5.110,1.125,No,No,No,71.0,1.095,1.110,1.800,1.815,0.990,5.110,1.375,No,No,No,41,41,94.0,100.0,No,No,32155,47955,36,70,99.0,100.0,No,No,1844,3246,0.0,0.8,0.8,0.000,0.019,63628,48921,0.0,0.0,0.0,0.000,0.000,164001,82786,58.4,64.0,65.7,83.0,0.870,20.684,20.675,20.693,21.233,9.532,9.589,8.663,18.272,3.000,11.676,7.747,7.781,100.000,140.000,2175.0,2150.2,1875.0,2175.0,1890.0,0.0,0.0,0.0,0.0,12.1,0.0,0.0,0.0,0.0,0.0,Yes,No,No,No,No,Yes,No,0,0,0,0,0,0,0,0,0,0,0,0,0,0,0,0,0,0,0,0,0,0,0,0,0,0,0,0,0,0,7199,989,755,91,16.0,64,0.300,44.434,550.0,2194.0,0.1,0.0,0.0,0.0,0.0,0.0,0.0,0.0,0.8,127,16065,127,No,No,No,No,No,No,No,No,16.747,68.277,100.0,0.000,24.1,0,0,0,0.0,5.8,5.8,5.8,5.8,5.8,5.8,5.8,5.8,5.8,5.8,5.8,5.8,173.11,173.11,173.11,173.11,173.11,173.11,0.32,172.69,173.11,0.00,645.65,647,7,4.6,4.0,0,0,0.0,0.0,0,
9.6.2026,13:36:0.970,20386,28382,41.8,16884,15500,52.1,10.5,16384,1716,0.871,0.864,0.871,0.873,0.871,0.872,0.877,0.876,0.871,0.854,0.875,0.871,0.874,0.871,0.874,0.808,0.778,2650.7,3092.4,3092.4,3092.4,3092.4,3092.4,3092.4,2493.9,2493.9,1097.3,2493.9,2493.9,2493.9,2493.9,2493.9,99.8,2493.9,2862.0,3108.8,3106.9,3110.5,3111.1,3105.2,3109.9,3103.0,3103.1,3109.1,3109.6,3109.4,3109.3,2490.1,2497.6,2502.4,2503.6,2487.5,2487.5,2488.0,2487.6,2955.6,100.0,100.0,99.9,100.0,100.0,100.0,100.0,100.0,100.0,100.0,100.0,100.0,100.0,99.9,100.0,100.0,100.0,100.0,100.0,100.0,100.0,100.0,100.0,100.0,123.8,118.3,118.3,118.3,118.3,118.3,118.3,118.0,118.0,118.3,118.3,118.3,118.3,132.5,132.5,132.6,132.5,131.6,131.6,131.7,131.6,123.8,26.6,31.0,31.0,31.0,31.0,31.0,31.0,25.0,25.0,11.0,25.0,25.0,25.0,25.0,25.0,25.0,67,69,68,69,67,68,67,67,66,67,67,65,66,66,64,33,31,32,31,33,32,33,33,34,33,33,35,34,34,36,76,69,No,No,No,No,No,No,No,No,No,No,No,No,No,No,No,No,No,No,No,No,No,No,No,No,No,No,No,No,No,No,Yes,Yes,Yes,Yes,Yes,Yes,Yes,Yes,Yes,Yes,Yes,Yes,Yes,Yes,Yes,No,No,Yes,76,69,64,1.100,42.188,43.691,36.434,0.001,5.624,0.747,175.0,175.0,175.0,175.0,0,0.0,99.7,99.7,99.7,99.8,99.8,99.6,99.8,99.8,99.8,99.8,99.8,99.8,99.8,99.1,99.4,99.6,99.7,99.7,99.7,99.7,99.7,0.0,0.0,0.0,0.0,0.0,0.0,0.0,0.0,0.0,0.0,0.0,0.0,0.0,0.0,0.0,0.0,0.0,0.0,0.0,0.0,0.0,0.0,0.0,0.0,0.0,0.0,0.0,0.0,0.0,0.0,0.0,0.0,0.0,0.0,0.0,0.0,0.0,2394.1,24.00,36,35,35,68,103,383,2,2,Yes,No,No,No,No,No,No,No,Yes,No,No,No,No,Yes,No,No,No,No,No,No,No,Yes,No,No,No,No,No,No,No,No,No,No,No,No,No,No,No,No,85.0,4320,2460,4140,71.0,1.095,1.110,1.800,1.800,0.990,5.110,1.375,No,No,No,71.0,1.095,1.110,1.800,1.800,0.990,5.110,1.250,No,No,No,41,41,94.0,100.0,No,No,32155,47955,36,70,99.0,100.0,No,No,1844,3246,0.1,0.6,0.8,0.016,0.116,63628,48921,0.0,0.0,0.0,0.000,0.000,164001,82786,58.4,64.0,65.8,83.0,0.870,20.680,20.671,20.689,21.257,9.536,9.580,8.682,18.268,3.000,11.685,7.753,7.786,100.000,140.000,2175.0,2150.2,1875.0,2175.0,1890.0,0.0,0.0,0.0,0.0,12.1,0.0,0.0,0.0,0.0,0.0,Yes,No,No,No,No,Yes,No,0,0,0,0,0,0,0,0,0,0,0,0,0,0,0,0,0,0,0,0,0,0,0,0,0,0,0,0,0,0,7199,989,755,91,16.0,64,0.300,44.434,550.0,2194.0,0.1,0.0,0.0,0.0,0.0,0.0,0.0,0.0,0.8,127,16065,127,No,No,No,No,No,No,No,No,16.747,68.277,100.0,0.000,24.1,0,0,0,0.0,5.8,5.8,5.8,5.8,5.8,5.8,5.8,5.8,5.8,5.8,5.8,5.8,173.11,173.11,173.11,173.11,173.11,173.11,0.32,172.69,173.11,0.00,645.65,647,7,0.1,0.0,0,0,0.0,0.0,0,
9.6.2026,13:36:2.980,20383,28385,41.7,16885,15498,52.1,10.5,16384,1716,0.873,0.878,0.871,0.878,0.870,0.870,0.884,0.873,0.870,0.870,0.870,0.879,0.861,0.870,0.871,0.808,0.783,2550.9,3092.4,3092.4,3092.4,3092.4,3092.4,3092.4,2493.9,1097.3,2493.9,2493.9,2493.9,2493.9,1097.3,2493.9,99.8,2493.9,2865.4,3109.9,3110.3,3114.3,3113.6,3108.3,3113.7,3099.7,3101.0,3113.2,3113.0,3113.1,3113.2,2501.0,2508.8,2507.7,2510.1,2488.9,2489.0,2489.4,2490.1,2959.4,100.0,99.9,100.0,100.0,100.0,100.0,100.0,99.9,100.0,100.0,100.0,100.0,100.0,100.0,100.0,100.0,100.0,100.0,100.0,100.0,100.0,100.0,100.0,100.0,123.9,118.4,118.4,118.4,118.4,118.4,118.4,117.9,118.0,118.4,118.4,118.4,118.4,132.8,132.8,132.8,132.8,131.7,131.7,131.7,131.7,123.9,25.6,31.0,31.0,31.0,31.0,31.0,31.0,25.0,11.0,25.0,25.0,25.0,25.0,11.0,25.0,25.0,67,66,68,69,66,68,67,68,68,68,68,66,66,66,66,33,34,32,31,34,32,33,32,32,32,32,34,34,34,34,76,69,No,No,No,No,No,No,No,No,No,No,No,No,No,No,No,No,No,No,No,No,No,No,No,No,No,No,No,No,No,No,Yes,Yes,Yes,Yes,Yes,Yes,Yes,Yes,Yes,Yes,Yes,Yes,Yes,Yes,Yes,No,No,Yes,76,70,66,1.100,42.188,43.595,36.315,0.001,5.633,0.759,175.0,175.0,175.0,175.0,0,0.0,99.7,99.7,99.7,99.8,99.8,99.6,99.8,99.7,99.8,99.8,99.8,99.8,99.8,99.3,99.6,99.6,99.7,99.7,99.7,99.7,99.7,0.0,0.0,0.0,0.0,0.0,0.0,0.0,0.0,0.0,0.0,0.0,0.0,0.0,0.0,0.0,0.0,0.0,0.0,0.0,0.0,0.0,0.0,0.0,0.0,0.0,0.0,0.0,0.0,0.0,0.0,0.0,0.0,0.0,0.0,0.0,0.0,0.0,2194.6,22.00,32,32,32,62,103,351,2,2,Yes,No,No,No,No,No,No,No,Yes,No,No,No,No,Yes,No,No,No,No,No,No,No,Yes,No,No,No,No,No,No,No,No,No,No,No,No,No,No,No,No,84.0,4380,2460,4140,71.0,1.095,1.110,1.800,1.800,0.990,5.110,1.375,No,No,No,71.0,1.095,1.110,1.800,1.800,0.990,5.110,1.250,No,No,No,41,41,94.0,100.0,No,No,32155,47955,36,70,99.0,100.0,No,No,1844,3246,0.0,0.8,0.8,0.000,0.042,63628,48921,0.0,0.0,0.0,0.000,0.000,164001,82786,58.4,64.0,65.8,83.0,0.870,20.687,20.677,20.696,21.240,9.537,9.578,8.684,18.275,3.000,11.686,7.753,7.786,100.000,140.000,2175.0,2150.2,1875.0,2175.0,1890.0,0.0,0.0,0.0,0.0,12.1,0.0,0.0,0.0,0.0,0.0,Yes,No,No,No,No,Yes,No,0,0,0,0,0,0,0,0,0,0,0,0,0,0,0,0,0,0,0,0,0,0,0,0,0,0,0,0,0,0,7199,989,755,91,16.0,65,0.300,42.685,600.0,2394.0,0.1,0.0,0.0,0.0,0.0,0.0,0.0,0.0,0.8,127,16065,127,No,No,No,No,No,No,No,No,16.747,68.277,100.0,0.000,24.1,0,0,0,0.0,5.8,5.8,5.8,5.8,5.8,5.8,5.8,5.8,5.8,5.8,5.8,5.8,173.11,173.11,173.11,173.11,173.11,173.11,0.32,172.69,173.11,0.00,645.65,647,7,0.2,0.2,0,0,0.0,0.0,0,
9.6.2026,13:36:4.978,20476,28292,41.9,16959,15425,52.3,10.5,16384,1716,0.885,0.885,0.884,0.894,0.884,0.880,0.892,0.873,0.887,0.887,0.887,0.887,0.881,0.882,0.883,0.818,0.783,2686.3,3192.2,3192.2,3192.2,3192.2,3192.2,3092.4,2493.9,2493.9,2493.9,2493.9,2493.9,1097.3,2493.9,2493.9,99.8,2593.7,2875.7,3112.8,3112.9,3121.8,3124.2,3119.7,3126.7,3119.4,3118.6,3119.6,3125.9,3128.8,3129.3,2504.4,2517.9,2519.1,2519.9,2497.7,2499.9,2496.8,2499.5,2970.1,99.9,99.9,99.9,99.9,99.9,99.9,100.0,100.0,100.0,99.8,99.9,100.0,100.0,99.9,99.9,99.9,99.9,99.9,99.9,99.8,99.9,100.0,99.9,100.0,124.4,118.7,118.7,118.8,118.8,118.8,118.9,118.7,118.7,118.6,118.8,118.9,118.9,133.3,133.4,133.4,133.4,132.3,132.3,132.1,132.2,124.4,26.9,32.0,32.0,32.0,32.0,32.0,31.0,25.0,25.0,25.0,25.0,25.0,11.0,25.0,25.0,26.0,67,69,67,69,66,68,67,67,66,66,67,66,66,66,66,33,31,33,31,34,32,33,33,34,34,33,34,34,34,34,76,69,No,No,No,No,No,No,No,No,No,No,No,No,No,No,No,No,No,No,No,No,No,No,No,No,No,No,No,No,No,No,Yes,Yes,Yes,Yes,Yes,Yes,Yes,Yes,Yes,Yes,Yes,Yes,Yes,Yes,Yes,No,No,Yes,76,69,66,1.100,42.188,43.595,36.315,0.001,5.633,0.759,175.0,175.0,175.0,175.0,0,0.0,99.6,99.4,99.4,99.6,99.7,99.6,99.8,99.7,99.7,99.5,99.7,99.8,99.8,98.9,99.4,99.4,99.5,99.5,99.6,99.5,99.6,0.1,0.0,0.0,0.0,0.0,0.0,0.0,0.1,0.1,0.0,0.1,0.1,0.0,0.2,0.1,0.0,0.0,0.0,0.0,0.0,0.0,0.0,0.0,0.0,0.0,0.0,0.0,0.0,0.0,0.0,0.0,0.0,0.0,0.0,0.0,0.0,0.0,2394.1,24.00,36,35,35,68,103,383,2,2,Yes,No,No,No,No,No,No,No,Yes,No,No,No,No,Yes,No,No,No,No,No,No,No,Yes,No,No,No,No,No,No,No,No,No,No,No,No,No,No,No,No,86.0,4320,2520,4140,71.0,1.095,1.110,1.800,1.800,0.990,5.110,2.750,No,No,No,71.0,1.110,1.110,1.800,1.800,0.990,5.110,2.750,No,No,No,41,41,94.0,100.0,No,No,32155,47955,36,70,99.0,100.0,No,No,1844,3246,23.9,0.6,24.6,8.790,0.316,63644,48921,0.0,0.0,0.0,0.000,0.000,164001,82786,58.4,64.0,65.9,83.0,0.870,20.687,20.674,20.693,21.244,9.537,9.551,8.662,18.230,3.000,11.670,7.753,7.786,100.000,140.000,2175.0,2150.2,1875.0,2175.0,1890.0,0.0,0.0,0.0,0.0,12.1,0.0,0.0,0.0,0.0,0.0,Yes,No,No,No,No,Yes,No,0,0,0,0,0,0,0,0,0,0,0,0,0,0,0,0,0,0,0,0,0,0,0,0,0,0,0,0,0,0,7199,989,755,91,16.0,65,0.300,46.261,600.0,2194.0,0.1,0.0,0.0,0.0,0.0,0.0,0.0,0.0,0.8,127,16065,127,No,No,No,No,No,No,No,No,16.748,68.277,100.0,0.000,24.1,0,0,0,0.0,5.8,5.8,5.8,5.8,5.8,5.8,5.8,5.8,5.8,5.8,5.8,5.8,173.11,173.11,173.11,173.11,173.11,173.11,0.32,172.69,173.11,0.00,645.65,647,7,0.4,0.4,0,0,0.0,0.0,0,
9.6.2026,13:36:6.972,20467,28301,41.9,16953,15430,52.3,10.5,16384,1715,0.873,0.871,0.868,0.879,0.870,0.870,0.870,0.865,0.866,0.873,0.863,0.881,0.881,0.881,0.881,0.808,0.783,2650.7,3092.4,3092.4,3092.4,3092.4,3092.4,3092.4,2493.9,2493.9,2493.9,1097.3,2493.9,2493.9,2493.9,2493.9,99.8,2493.9,2874.7,3115.9,3117.7,3127.4,3128.4,3123.8,3129.8,3119.5,3118.4,3128.4,3128.6,3131.2,3129.8,2484.5,2505.5,2509.5,2515.7,2491.2,2495.0,2496.1,2497.1,2969.6,99.9,100.0,99.9,99.9,99.9,99.9,99.9,100.0,99.9,100.0,99.9,100.0,99.9,99.9,99.9,99.9,100.0,99.9,99.9,99.9,99.9,100.0,99.9,100.0,124.7,119.1,119.1,119.1,119.1,119.1,119.1,118.9,118.8,119.1,119.1,119.2,119.1,133.9,133.8,133.9,133.9,132.2,132.2,132.2,132.2,124.7,26.6,31.0,31.0,31.0,31.0,31.0,31.0,25.0,25.0,25.0,11.0,25.0,25.0,25.0,25.0,25.0,67,69,68,68,66,68,68,67,67,67,68,66,66,66,66,33,31,32,32,34,32,32,33,33,33,32,34,34,34,34,76,69,No,No,No,No,No,No,No,No,No,No,No,No,No,No,No,No,No,No,No,No,No,No,No,No,No,No,No,No,No,No,Yes,Yes,Yes,Yes,Yes,Yes,Yes,Yes,Yes,Yes,Yes,Yes,Yes,Yes,Yes,No,No,Yes,76,69,65,1.100,45.563,45.454,38.247,0.001,5.592,0.723,175.0,175.0,175.0,175.0,0,0.0,99.4,99.3,99.3,99.6,99.7,99.5,99.7,99.6,99.6,99.7,99.7,99.8,99.7,97.9,98.8,98.9,99.2,99.4,99.5,99.6,99.6,0.0,0.0,0.0,0.0,0.0,0.0,0.0,0.0,0.1,0.0,0.0,0.1,0.0,0.0,0.0,0.0,0.0,0.0,0.0,0.0,0.0,0.0,0.0,0.0,0.0,0.0,0.0,0.0,0.0,0.0,0.0,0.0,0.0,0.0,0.0,0.0,0.0,2394.1,24.00,36,35,35,68,103,383,2,2,Yes,No,No,No,No,No,No,No,Yes,No,No,No,No,Yes,No,No,No,No,No,No,No,Yes,No,No,No,No,No,No,No,No,No,No,No,No,No,No,No,No,86.0,4380,2460,4140,71.2,1.095,1.110,1.800,1.800,0.990,5.110,2.750,No,No,No,71.0,1.095,1.110,1.800,1.800,0.990,5.110,3.375,No,No,No,41,41,94.0,100.0,No,No,32155,47955,36,70,99.0,100.0,No,No,1844,3246,15.3,1.2,16.5,5.284,0.706,63654,48923,0.0,0.0,0.0,0.000,0.000,164001,82786,58.4,64.0,65.7,83.0,0.870,20.683,20.666,20.679,21.251,9.522,9.521,8.639,18.176,3.000,11.652,7.753,7.786,100.000,140.000,2175.0,2150.2,1875.0,2175.0,1890.0,0.0,0.0,0.0,0.0,12.1,0.0,0.0,0.0,0.0,0.0,Yes,No,No,No,No,Yes,No,0,0,0,0,0,0,0,0,0,0,0,0,0,0,0,0,0,0,0,0,0,0,0,0,0,0,0,0,0,0,7199,989,755,91,16.0,64,0.300,43.620,600.0,2394.0,0.1,0.0,0.0,0.0,0.0,0.0,0.0,0.0,0.8,127,16065,127,No,No,No,No,No,No,No,No,16.747,68.277,100.0,0.000,24.1,0,0,0,0.0,5.8,5.8,5.8,5.8,5.8,5.8,5.8,5.8,5.8,5.8,5.8,5.8,173.11,173.11,173.11,173.11,173.11,173.11,0.32,172.69,173.11,0.00,645.65,647,7,36.8,7.4,0,0,0.0,0.0,0,
9.6.2026,13:36:8.970,20497,28271,42.0,16979,15405,52.4,10.5,16384,1715,0.873,0.868,0.871,0.893,0.872,0.867,0.874,0.874,0.871,0.872,0.872,0.871,0.871,0.871,0.871,0.808,0.783,2750.4,3092.4,3092.4,3092.4,3092.4,3092.4,3092.4,2493.9,2493.9,2493.9,2493.9,2493.9,2493.9,2493.9,2493.9,99.8,2493.9,2860.6,3105.8,3106.8,3110.0,3109.4,3104.8,3109.0,3103.5,3103.3,3108.8,3109.4,3109.2,3109.2,2469.9,2498.8,2501.4,2500.4,2486.4,2488.9,2488.8,2488.7,2953.7,100.0,100.0,100.0,100.0,100.0,100.0,100.0,100.0,100.0,100.0,100.0,100.0,100.0,100.0,100.0,100.0,100.0,100.0,100.0,100.0,100.0,100.0,100.0,100.0,123.8,118.3,118.3,118.3,118.3,118.3,118.3,118.1,118.1,118.3,118.3,118.3,118.3,132.7,132.7,132.7,132.7,131.7,131.7,131.7,131.7,123.8,27.6,31.0,31.0,31.0,31.0,31.0,31.0,25.0,25.0,25.0,25.0,25.0,25.0,25.0,25.0,25.0,67,70,67,68,66,67,68,67,67,67,67,65,65,65,65,33,30,33,32,34,33,32,33,33,33,33,35,35,35,35,76,70,No,No,No,No,No,No,No,No,No,No,No,No,No,No,No,No,No,No,No,No,No,No,No,No,No,No,No,No,No,No,Yes,Yes,Yes,Yes,Yes,Yes,Yes,Yes,Yes,Yes,Yes,Yes,Yes,Yes,Yes,No,No,Yes,76,69,65,1.100,44.719,44.238,36.948,0.001,5.647,0.752,175.0,175.0,175.0,175.0,0,0.0,99.6,99.7,99.7,99.8,99.8,99.6,99.8,99.8,99.8,99.8,99.8,99.8,99.8,98.2,99.3,99.4,99.4,99.6,99.7,99.7,99.7,0.0,0.0,0.0,0.0,0.0,0.0,0.0,0.0,0.0,0.0,0.0,0.0,0.0,0.0,0.0,0.0,0.0,0.0,0.0,0.0,0.0,0.0,0.0,0.0,0.0,0.0,0.0,0.0,0.0,0.0,0.0,0.0,0.0,0.0,0.0,0.0,0.0,2394.1,24.00,36,35,35,68,103,383,2,2,Yes,No,No,No,No,No,No,No,Yes,No,No,No,No,Yes,No,No,No,No,No,No,No,Yes,No,No,No,No,No,No,No,No,No,No,No,No,No,No,No,No,88.0,4380,2460,4140,71.2,1.095,1.110,1.800,1.800,0.990,5.110,2.375,No,No,No,71.2,1.095,1.110,1.800,1.800,0.990,5.110,2.875,No,No,No,41,41,94.0,100.0,No,No,32155,47955,37,70,99.0,100.0,No,No,1844,3246,7.3,0.1,7.4,4.214,0.114,63663,48923,0.0,0.0,0.0,0.000,0.000,164001,82786,58.4,64.0,65.8,83.0,0.870,20.672,20.666,20.679,21.230,9.504,9.558,8.659,18.239,3.000,11.675,7.753,7.786,100.000,140.000,2175.0,2150.2,1875.0,2175.0,1890.0,0.0,0.0,0.0,0.0,12.1,0.0,0.0,0.0,0.0,0.0,Yes,No,No,No,No,Yes,No,0,0,0,0,0,0,0,0,0,0,0,0,0,0,0,0,0,0,0,0,0,0,0,0,0,0,0,0,0,0,7199,989,755,91,16.0,65,0.300,46.043,600.0,2394.0,0.1,0.0,0.0,0.0,0.0,0.0,0.0,0.0,0.8,127,16065,127,No,No,No,No,No,No,No,No,16.746,68.277,100.0,0.000,24.1,0,0,0,0.0,5.8,5.8,5.8,5.8,5.8,5.8,5.8,5.8,5.8,5.8,5.8,5.8,173.11,173.11,173.11,173.11,173.11,173.11,0.32,172.69,173.11,0.00,645.65,647,7,7.5,1.6,0,0,0.0,0.0,0,
9.6.2026,13:36:10.980,20535,28232,42.1,17018,15366,52.5,10.5,16384,1715,0.869,0.871,0.868,0.873,0.856,0.863,0.862,0.858,0.885,0.870,0.880,0.869,0.869,0.869,0.869,0.818,0.781,2786.0,3192.2,3092.4,3192.2,3092.4,3092.4,3092.4,2493.9,2593.7,2593.7,2593.7,2493.9,2493.9,2493.9,2493.9,99.8,2593.7,2869.5,3112.3,3112.2,3114.8,3117.3,3110.8,3116.7,3110.1,3111.0,3116.8,3116.5,3115.5,3116.9,2489.5,2515.0,2516.2,2517.1,2495.0,2495.1,2495.8,2495.0,2963.0,100.0,99.9,99.9,99.9,100.0,99.9,99.9,99.9,100.0,100.0,100.0,99.9,99.9,100.0,100.0,100.0,100.0,100.0,100.0,100.0,100.0,100.0,100.0,100.0,124.1,118.5,118.5,118.5,118.5,118.5,118.5,118.3,118.3,118.5,118.5,118.4,118.5,133.2,133.2,133.2,133.2,132.0,132.0,132.1,132.0,124.1,27.9,32.0,31.0,32.0,31.0,31.0,31.0,25.0,26.0,26.0,26.0,25.0,25.0,25.0,25.0,26.0,67,69,68,69,66,68,68,67,67,67,67,66,65,65,65,33,31,32,31,34,32,32,33,33,33,33,34,35,35,35,76,69,No,No,No,No,No,No,No,No,No,No,No,No,No,No,No,No,No,No,No,No,No,No,No,No,No,No,No,No,No,No,Yes,Yes,Yes,Yes,Yes,Yes,Yes,Yes,Yes,Yes,Yes,Yes,Yes,Yes,Yes,No,No,Yes,76,68,65,1.100,41.344,46.448,39.193,0.001,5.625,0.743,175.0,175.0,175.0,175.0,0,0.0,99.6,99.7,99.7,99.7,99.8,99.6,99.7,99.7,99.8,99.8,99.8,99.7,99.8,98.6,99.6,99.6,99.6,99.6,99.6,99.7,99.6,0.0,0.0,0.0,0.0,0.0,0.0,0.0,0.0,0.0,0.0,0.0,0.0,0.0,0.0,0.0,0.0,0.0,0.0,0.0,0.0,0.0,0.0,0.0,0.0,0.0,0.0,0.0,0.0,0.0,0.0,0.0,0.0,0.0,0.0,0.0,0.0,0.0,2394.1,24.00,36,35,35,68,103,383,2,2,Yes,No,No,No,No,No,No,No,Yes,No,No,No,No,Yes,No,No,No,No,No,No,No,Yes,No,No,No,No,No,No,No,No,No,No,No,No,No,No,No,No,88.0,4320,2460,4140,71.2,1.095,1.110,1.815,1.800,0.990,5.110,1.750,No,No,No,71.2,1.095,1.110,1.815,1.815,0.990,5.110,1.500,No,No,No,41,41,94.0,100.0,No,No,32155,47955,37,70,99.0,100.0,No,No,1844,3246,10.8,0.1,10.9,5.777,0.064,63674,48923,0.0,0.0,0.0,0.000,0.000,164001,82786,58.4,64.0,65.8,83.0,0.870,20.673,20.672,20.689,21.223,9.524,9.514,8.641,18.165,3.000,11.653,7.754,7.786,100.000,140.000,2175.0,2150.2,1875.0,2175.0,1890.0,0.0,0.0,0.0,0.0,12.1,0.0,0.0,0.0,0.0,0.0,Yes,No,No,No,No,Yes,No,0,0,0,0,0,0,0,0,0,0,0,0,0,0,0,0,0,0,0,0,0,0,0,0,0,0,0,0,0,0,7199,989,755,91,16.0,66,0.300,46.977,600.0,2394.0,0.1,0.0,0.0,0.0,0.0,0.0,0.0,0.0,0.8,127,16065,127,No,No,No,No,No,No,No,No,16.747,68.277,100.0,0.000,24.1,0,0,0,0.0,5.8,5.8,5.8,5.8,5.8,5.8,5.8,5.8,5.8,5.8,5.8,5.8,173.11,173.11,173.11,173.11,173.11,173.11,0.32,172.69,173.11,0.00,645.65,647,7,3.2,0.1,0,0,0.0,0.0,0,
9.6.2026,13:36:12.974,20549,28219,42.1,17031,15352,52.5,10.5,16384,1715,0.871,0.866,0.879,0.889,0.865,0.868,0.865,0.883,0.881,0.880,0.862,0.865,0.871,0.865,0.859,0.808,0.783,2672.0,3092.4,3092.4,3192.2,3092.4,3092.4,3092.4,2493.9,2593.7,2593.7,2493.9,2493.9,2493.9,2493.9,1097.3,99.8,2493.9,2870.9,3119.4,3118.8,3119.5,3119.1,3116.2,3120.2,3109.5,3109.4,3120.9,3120.7,3119.5,3119.7,2469.1,2510.2,2513.4,2514.3,2499.5,2499.3,2499.6,2499.7,2963.7,100.0,100.0,100.0,99.9,99.9,100.0,99.9,100.0,100.0,100.0,100.0,99.9,100.0,99.9,99.9,100.0,100.0,100.0,100.0,100.0,100.0,100.0,100.0,100.0,124.2,118.7,118.7,118.7,118.7,118.7,118.7,118.3,118.3,118.7,118.7,118.7,118.7,133.1,133.0,133.1,133.1,132.3,132.2,132.3,132.3,124.2,26.8,31.0,31.0,32.0,31.0,31.0,31.0,25.0,26.0,26.0,25.0,25.0,25.0,25.0,11.0,25.0,67,70,67,69,67,68,67,67,68,66,67,66,66,66,66,33,30,33,31,33,32,33,33,32,34,33,34,34,34,34,76,70,No,No,No,No,No,No,No,No,No,No,No,No,No,No,No,No,No,No,No,No,No,No,No,No,No,No,No,No,No,No,Yes,Yes,Yes,Yes,Yes,Yes,Yes,Yes,Yes,Yes,Yes,Yes,Yes,Yes,Yes,No,No,Yes,76,68,64,1.100,39.657,44.676,37.431,0.001,5.611,0.745,175.0,175.0,175.0,175.0,0,0.0,99.6,99.7,99.7,99.7,99.7,99.6,99.7,99.8,99.8,99.8,99.8,99.8,99.8,97.8,99.5,99.6,99.6,99.7,99.7,99.7,99.7,0.0,0.0,0.0,0.0,0.0,0.0,0.0,0.0,0.1,0.0,0.0,0.0,0.0,0.0,0.0,0.0,0.0,0.0,0.0,0.0,0.0,0.0,0.0,0.0,0.0,0.0,0.0,0.0,0.0,0.0,0.0,0.0,0.0,0.0,0.0,0.0,0.0,2194.6,22.00,32,32,32,62,103,351,2,2,Yes,No,No,No,No,No,No,No,Yes,No,No,No,No,Yes,No,No,No,No,No,No,No,Yes,No,No,No,No,No,No,No,No,No,No,No,No,No,No,No,No,89.0,4320,2460,4140,71.2,1.095,1.110,1.815,1.800,0.990,5.110,1.375,No,No,No,71.2,1.095,1.110,1.815,1.800,1.005,5.110,1.500,No,No,No,41,41,94.0,100.0,No,No,32155,47955,37,70,99.0,100.0,No,No,1844,3246,24.0,0.1,24.1,22.202,0.095,63717,48923,0.0,0.0,0.0,0.000,0.000,164001,82786,58.4,64.0,65.8,83.0,0.870,20.681,20.667,20.680,21.252,9.502,9.565,8.659,18.240,3.000,11.676,7.754,7.787,100.000,140.000,2175.0,2150.2,1875.0,2175.0,1890.0,0.0,0.0,0.0,0.0,12.1,0.0,0.0,0.0,0.0,0.0,Yes,No,No,No,No,Yes,No,0,0,0,0,0,0,0,0,0,0,0,0,0,0,0,0,0,0,0,0,0,0,0,0,0,0,0,0,0,0,7199,989,755,90,16.0,66,0.300,44.395,600.0,2394.0,0.1,0.0,0.0,0.0,0.0,0.0,0.0,0.0,0.8,127,16065,127,No,No,No,No,No,No,No,No,16.747,68.277,100.0,0.000,24.1,0,0,0,0.0,5.8,5.8,5.8,5.8,5.8,5.8,5.8,5.8,5.8,5.8,5.8,5.8,173.11,173.11,173.11,173.11,173.11,173.11,0.32,172.69,173.11,0.00,645.65,647,7,0.1,0.1,0,0,0.0,0.0,0,
9.6.2026,13:36:14.971,20551,28217,42.1,17039,15344,52.6,10.5,16384,1715,0.873,0.871,0.879,0.871,0.873,0.882,0.870,0.873,0.872,0.872,0.872,0.872,0.872,0.872,0.872,0.808,0.783,2750.4,3092.4,3092.4,3092.4,3092.4,3092.4,3092.4,2493.9,2493.9,2493.9,2493.9,2493.9,2493.9,2493.9,2493.9,99.8,2493.9,2892.1,3134.5,3131.9,3136.3,3134.4,3133.3,3140.5,3136.0,3135.1,3131.1,3140.2,3140.5,3141.3,2509.6,2535.3,2536.4,2538.1,2520.8,2521.7,2522.6,2522.1,2984.7,99.9,99.8,99.8,99.8,99.8,99.9,100.0,100.0,100.0,99.7,99.9,99.9,100.0,99.8,99.9,99.9,99.9,99.9,99.9,99.9,99.9,100.0,99.9,100.0,125.1,119.3,119.2,119.3,119.2,119.3,119.5,119.3,119.3,119.1,119.4,119.4,119.4,134.2,134.3,134.3,134.3,133.4,133.4,133.4,133.4,125.1,27.6,31.0,31.0,31.0,31.0,31.0,31.0,25.0,25.0,25.0,25.0,25.0,25.0,25.0,25.0,25.0,67,69,68,69,66,67,68,67,67,67,67,66,66,66,66,33,31,32,31,34,33,32,33,33,33,33,34,34,34,34,76,69,No,No,No,No,No,No,No,No,No,No,No,No,No,No,No,No,No,No,No,No,No,No,No,No,No,No,No,No,No,No,Yes,Yes,Yes,Yes,Yes,Yes,Yes,Yes,Yes,Yes,Yes,Yes,Yes,Yes,Yes,No,No,Yes,76,69,64,1.100,41.344,46.605,39.458,0.001,5.551,0.708,175.0,175.0,175.0,175.0,0,0.0,99.6,99.6,99.5,99.7,99.6,99.6,99.8,99.8,99.8,99.5,99.8,99.8,99.8,98.5,99.5,99.6,99.6,99.6,99.6,99.6,99.6,0.0,0.0,0.0,0.0,0.0,0.0,0.0,0.1,0.0,0.1,0.0,0.1,0.1,0.0,0.1,0.0,0.0,0.0,0.0,0.0,0.0,0.0,0.0,0.0,0.0,0.0,0.0,0.0,0.0,0.0,0.0,0.0,0.0,0.0,0.0,0.0,0.0,2394.1,24.00,36,35,35,68,103,383,2,2,Yes,No,No,No,No,No,No,No,Yes,No,No,No,No,Yes,No,No,No,No,No,No,No,Yes,No,No,No,No,No,No,No,No,No,No,No,No,No,No,No,No,87.0,4320,2460,4140,71.2,1.095,1.110,1.815,1.800,1.005,5.110,2.000,No,No,No,71.2,1.095,1.110,1.815,1.800,1.005,5.110,2.875,No,No,No,41,41,94.0,100.0,No,No,32155,47955,36,70,99.0,100.0,No,No,1844,3246,9.9,1.0,10.9,8.166,0.127,63732,48924,0.0,0.0,0.0,0.000,0.000,164001,82786,58.4,64.0,65.8,83.0,0.870,20.673,20.667,20.680,21.252,9.526,9.565,8.659,18.240,3.000,11.676,7.754,7.787,100.000,140.000,2175.0,2150.2,1875.0,2175.0,1890.0,0.0,0.0,0.0,0.0,12.1,0.0,0.0,0.0,0.0,0.0,Yes,No,No,No,No,Yes,No,0,0,0,0,0,0,0,0,0,0,0,0,0,0,0,0,0,0,0,0,0,0,0,0,0,0,0,0,0,0,7199,989,755,89,16.0,64,0.300,46.387,600.0,2194.0,0.1,0.0,0.0,0.0,0.0,0.0,0.0,0.0,0.8,127,16065,127,No,No,No,No,No,No,No,No,16.747,68.277,100.0,0.000,24.1,0,0,0,0.0,7.1,9.5,5.7,5.7,5.7,5.7,7.1,7.5,6.7,6.7,6.7,6.7,140.13,174.47,105.79,105.16,175.18,175.18,0.37,139.71,140.13,0.00,362.80,647,7,1.0,0.4,0,0,0.0,0.0,0,
9.6.2026,13:36:16.970,20554,28214,42.1,17044,15339,52.6,10.5,16384,1715,0.862,0.872,0.863,0.861,0.858,0.861,0.861,0.860,0.860,0.860,0.860,0.860,0.860,0.864,0.864,0.818,0.778,2757.5,3192.2,3092.4,3092.4,3092.4,3092.4,3092.4,2493.9,2493.9,2493.9,2493.9,2493.9,2493.9,2493.9,2493.9,99.8,2593.7,2850.7,3092.2,3092.0,3095.7,3095.5,3090.5,3095.6,3093.3,3092.5,3096.0,3096.1,3096.5,3096.6,2467.7,2487.4,2485.3,2489.1,2488.8,2487.8,2485.5,2489.4,2941.4,100.0,100.0,100.0,100.0,100.0,100.0,100.0,100.0,100.0,100.0,100.0,100.0,100.0,100.0,100.0,100.0,100.0,100.0,100.0,100.0,100.0,100.0,100.0,100.0,123.3,117.7,117.7,117.7,117.7,117.7,117.7,117.6,117.6,117.7,117.7,117.7,117.7,131.9,131.9,131.9,131.9,131.7,131.7,131.7,131.7,123.3,27.6,32.0,31.0,31.0,31.0,31.0,31.0,25.0,25.0,25.0,25.0,25.0,25.0,25.0,25.0,26.0,67,69,68,69,66,68,68,67,67,67,67,66,66,66,66,33,31,32,31,34,32,32,33,33,33,33,34,34,34,34,77,69,No,No,No,No,No,No,No,No,No,No,No,No,No,No,No,No,No,No,No,No,No,No,No,No,No,No,No,No,No,No,Yes,Yes,Yes,Yes,Yes,Yes,Yes,Yes,Yes,Yes,Yes,Yes,Yes,Yes,Yes,No,No,Yes,76,69,64,1.100,34.594,47.384,40.400,0.001,5.451,0.658,175.0,175.0,175.0,175.0,0,0.0,99.6,99.7,99.7,99.8,99.8,99.6,99.8,99.8,99.8,99.8,99.8,99.8,99.8,98.6,99.4,99.3,99.5,99.7,99.6,99.5,99.7,0.0,0.0,0.0,0.0,0.0,0.0,0.0,0.0,0.0,0.0,0.0,0.0,0.0,0.0,0.0,0.0,0.0,0.0,0.0,0.0,0.0,0.0,0.0,0.0,0.0,0.0,0.0,0.0,0.0,0.0,0.0,0.0,0.0,0.0,0.0,0.0,0.0,2394.1,24.00,36,35,35,68,103,383,2,2,Yes,No,No,No,No,No,No,No,Yes,No,No,No,No,Yes,No,No,No,No,No,No,No,Yes,No,No,No,No,No,No,No,No,No,No,No,No,No,No,No,No,86.0,4380,2460,4140,71.0,1.095,1.110,1.815,1.800,1.005,5.110,1.500,No,No,No,71.0,1.095,1.110,1.815,1.800,1.005,5.110,1.625,No,No,No,41,41,94.0,100.0,No,No,32155,47955,36,70,99.0,100.0,No,No,1844,3246,0.1,0.8,0.9,0.015,0.020,63732,48924,0.0,0.0,0.0,0.000,0.000,164001,82786,58.4,64.0,65.8,83.0,0.870,20.683,20.674,20.692,21.258,9.514,9.543,8.642,18.209,3.000,11.661,7.754,7.788,100.000,140.000,2175.0,2150.2,1875.0,2175.0,1890.0,0.0,0.0,0.0,0.0,12.1,0.0,0.1,0.0,0.0,0.0,Yes,No,No,No,No,Yes,No,0,0,0,0,0,0,0,0,0,0,0,0,0,0,0,0,0,0,0,0,0,0,0,0,0,0,0,0,0,0,7199,989,755,91,16.0,64,0.300,46.630,600.0,2394.0,0.1,0.0,0.0,0.0,0.0,0.0,0.0,0.0,0.8,127,16065,127,No,No,No,No,No,No,No,No,16.747,68.277,100.0,0.000,24.1,0,0,0,0.0,7.1,9.5,5.7,5.7,5.7,5.7,7.1,7.5,6.7,6.7,6.7,6.7,140.13,174.47,105.79,105.16,175.18,175.18,0.37,139.71,140.13,0.00,362.80,647,7,0.1,0.1,0,0,0.0,0.0,0,
9.6.2026,13:36:18.968,20481,28287,41.9,17054,15330,52.6,10.5,16384,1715,0.870,0.871,0.885,0.865,0.875,0.875,0.880,0.867,0.867,0.867,0.867,0.867,0.867,0.867,0.867,0.808,0.783,2764.7,3092.4,3092.4,3092.4,3092.4,3192.2,3192.2,2493.9,2493.9,2493.9,2493.9,2493.9,2493.9,2493.9,2493.9,99.8,2493.9,2874.4,3121.8,3123.7,3125.6,3124.2,3120.7,3127.0,3114.5,3110.9,3125.9,3126.4,3124.9,3125.3,2502.8,2519.3,2518.8,2521.4,2487.9,2488.8,2490.1,2489.0,2970.8,100.0,99.9,100.0,99.9,99.9,99.9,100.0,100.0,99.9,100.0,100.0,99.9,100.0,100.0,100.0,100.0,100.0,100.0,100.0,100.0,100.0,100.0,100.0,100.0,124.4,118.9,118.9,118.9,118.9,118.9,119.0,118.5,118.5,118.9,118.9,118.9,118.9,133.6,133.6,133.6,133.6,131.8,131.8,131.8,131.8,124.4,27.7,31.0,31.0,31.0,31.0,32.0,32.0,25.0,25.0,25.0,25.0,25.0,25.0,25.0,25.0,25.0,67,69,68,69,67,68,69,67,67,67,67,66,66,66,66,33,31,32,31,33,32,31,33,33,33,33,34,34,34,34,76,69,No,No,No,No,No,No,No,No,No,No,No,No,No,No,No,No,No,No,No,No,No,No,No,No,No,No,No,No,No,No,Yes,Yes,Yes,Yes,Yes,Yes,Yes,Yes,Yes,Yes,Yes,Yes,Yes,Yes,Yes,No,No,Yes,76,69,64,1.100,31.219,43.946,36.705,0.002,5.601,0.731,175.0,175.0,175.0,175.0,0,0.0,99.6,99.6,99.7,99.7,99.7,99.6,99.8,99.7,99.6,99.7,99.8,99.7,99.8,98.8,99.5,99.5,99.6,99.6,99.6,99.6,99.6,0.0,0.0,0.0,0.0,0.0,0.0,0.0,0.0,0.0,0.0,0.0,0.0,0.0,0.0,0.0,0.0,0.0,0.0,0.0,0.0,0.0,0.0,0.0,0.0,0.0,0.0,0.0,0.0,0.0,0.0,0.0,0.0,0.0,0.0,0.0,0.0,0.0,2194.6,22.00,32,32,32,62,103,351,2,2,Yes,No,No,No,No,No,No,No,Yes,No,No,No,No,Yes,No,No,No,No,No,No,No,Yes,No,No,No,No,No,No,No,No,No,No,No,No,No,No,No,No,87.0,4380,2520,4140,71.0,1.095,1.110,1.815,1.800,1.005,5.110,2.125,No,No,No,71.0,1.110,1.110,1.815,1.800,1.005,5.110,1.625,No,No,No,42,42,94.0,100.0,No,No,32155,47955,36,70,99.0,100.0,No,No,1844,3246,2.6,1.9,4.5,0.517,2.874,63733,48929,0.0,0.0,0.0,0.000,0.000,164001,82786,58.4,64.0,65.8,83.0,0.870,20.676,20.668,20.683,21.215,9.531,9.558,8.681,18.243,3.000,11.691,7.754,7.789,100.000,140.000,2175.0,2150.2,1875.0,2175.0,1890.0,0.0,0.0,0.0,0.0,12.1,0.0,0.0,0.0,0.0,0.0,Yes,No,No,No,No,Yes,No,0,0,0,0,0,0,0,0,0,0,0,0,0,0,0,0,0,0,0,0,0,0,0,0,0,0,0,0,0,0,7199,989,755,91,16.0,64,0.300,43.846,550.0,2394.0,0.2,0.0,0.0,0.0,0.0,0.0,0.0,0.0,0.8,127,16065,127,No,No,No,No,No,No,No,No,16.748,68.277,100.0,0.000,24.1,0,0,0,0.0,7.1,9.5,5.7,5.7,5.7,5.7,7.1,7.5,6.7,6.7,6.7,6.7,140.13,174.47,105.79,105.16,175.18,175.18,0.37,139.71,140.13,0.00,362.80,647,7,0.8,0.2,0,0,0.0,0.0,0,
9.6.2026,13:36:20.976,20507,28261,42.0,17106,15278,52.8,10.5,16384,1715,0.865,0.878,0.856,0.884,0.862,0.867,0.863,0.862,0.862,0.862,0.863,0.863,0.863,0.863,0.863,0.818,0.783,2771.8,3192.2,3092.4,3192.2,3092.4,3192.2,3092.4,2493.9,2493.9,2493.9,2493.9,2493.9,2493.9,2493.9,2493.9,99.8,2593.7,2878.0,3123.8,3125.4,3127.7,3130.0,3123.8,3129.3,3124.6,3117.8,3127.8,3130.9,3129.9,3128.4,2499.3,2520.4,2521.6,2525.5,2492.7,2493.2,2494.0,2494.3,2974.1,99.9,99.9,99.9,99.9,99.9,99.9,99.9,100.0,99.9,99.9,99.9,99.9,99.8,99.9,100.0,99.9,100.0,100.0,100.0,100.0,99.9,100.0,99.9,100.0,124.6,119.0,119.0,119.0,119.0,119.0,119.0,118.9,118.8,119.0,119.1,119.0,118.9,133.8,133.8,133.7,133.8,132.1,132.1,132.1,132.1,124.6,27.8,32.0,31.0,32.0,31.0,32.0,31.0,25.0,25.0,25.0,25.0,25.0,25.0,25.0,25.0,26.0,67,69,68,69,67,68,68,67,67,67,67,66,66,66,66,33,31,32,31,33,32,32,33,33,33,33,34,34,34,34,77,69,No,No,No,No,No,No,No,No,No,No,No,No,No,No,No,No,No,No,No,No,No,No,No,No,No,No,No,No,No,No,Yes,Yes,Yes,Yes,Yes,Yes,Yes,Yes,Yes,Yes,Yes,Yes,Yes,Yes,Yes,No,No,Yes,76,69,64,1.100,47.251,45.475,38.172,0.001,5.652,0.767,175.0,175.0,175.0,175.0,0,0.0,99.5,99.6,99.6,99.7,99.7,99.6,99.7,99.7,99.5,99.7,99.8,99.7,99.7,98.5,99.3,99.4,99.5,99.5,99.5,99.6,99.6,0.0,0.0,0.0,0.0,0.0,0.0,0.0,0.0,0.0,0.1,0.0,0.0,0.0,0.0,0.0,0.0,0.0,0.0,0.0,0.0,0.0,0.0,0.0,0.0,0.0,0.0,0.0,0.0,0.0,0.0,0.0,0.0,0.0,0.0,0.0,0.0,0.0,2194.6,22.00,32,32,32,62,103,351,2,2,Yes,No,No,No,No,No,No,No,Yes,No,No,No,No,Yes,No,No,No,No,No,No,No,Yes,No,No,No,No,No,No,No,No,No,No,No,No,No,No,No,No,88.0,4320,2460,4140,71.2,1.095,1.110,1.815,1.800,1.005,5.110,2.875,No,No,No,71.0,1.095,1.110,1.815,1.800,1.005,5.110,2.375,No,No,No,42,42,94.0,100.0,No,No,32155,47955,36,70,99.0,100.0,No,No,1844,3246,3.1,2.2,5.3,0.752,6.176,63734,48941,0.0,0.0,0.0,0.000,0.000,164001,82786,58.4,64.0,65.8,83.0,0.870,20.672,20.666,20.679,21.233,9.523,9.586,8.638,18.239,3.000,11.657,7.754,7.789,100.000,140.000,2175.0,2150.2,1875.0,2175.0,1890.0,0.0,0.0,0.0,0.0,12.1,0.0,0.0,0.0,0.0,0.0,Yes,No,No,No,No,Yes,No,0,0,0,0,0,0,0,0,0,0,0,0,0,0,0,0,0,0,0,0,0,0,0,0,0,0,0,0,0,0,7199,989,755,91,16.0,64,0.300,44.578,600.0,2194.0,0.1,0.0,0.0,0.0,0.0,0.0,0.0,0.0,0.8,127,16065,127,No,No,No,No,No,No,No,No,16.746,68.277,100.0,0.000,24.1,0,0,0,0.0,7.1,9.5,5.7,5.7,5.7,5.7,7.1,7.5,6.7,6.7,6.7,6.7,140.13,174.47,105.79,105.16,175.18,175.18,0.37,139.71,140.13,0.00,362.80,647,7,0.7,0.2,0,0,0.0,0.0,0,
9.6.2026,13:36:22.970,20533,28235,42.1,17110,15274,52.8,10.5,16384,1715,0.872,0.875,0.856,0.865,0.865,0.879,0.871,0.874,0.874,0.874,0.874,0.874,0.874,0.874,0.874,0.808,0.783,2757.5,3092.4,3092.4,3092.4,3092.4,3192.2,3092.4,2493.9,2493.9,2493.9,2493.9,2493.9,2493.9,2493.9,2493.9,99.8,2493.9,2881.6,3121.2,3120.6,3122.5,3125.0,3124.0,3126.2,3119.3,3118.0,3129.3,3129.0,3127.9,3128.5,2507.9,2520.5,2520.1,2522.6,2515.1,2517.8,2517.3,2518.4,2972.7,99.9,99.9,99.9,99.8,99.9,99.9,99.9,99.9,99.9,99.9,99.9,99.9,99.9,100.0,100.0,100.0,99.9,100.0,100.0,99.9,100.0,100.0,99.9,100.0,124.8,119.0,119.0,118.8,119.0,119.0,119.0,118.8,118.9,119.1,119.1,119.0,119.0,133.9,133.9,133.9,133.9,133.3,133.3,133.3,133.3,124.8,27.6,31.0,31.0,31.0,31.0,32.0,31.0,25.0,25.0,25.0,25.0,25.0,25.0,25.0,25.0,25.0,67,68,67,69,67,68,68,67,67,67,67,65,65,65,65,33,32,33,31,33,32,32,33,33,33,33,35,35,35,35,76,69,No,No,No,No,No,No,No,No,No,No,No,No,No,No,No,No,No,No,No,No,No,No,No,No,No,No,No,No,No,No,Yes,Yes,Yes,Yes,Yes,Yes,Yes,Yes,Yes,Yes,Yes,Yes,Yes,Yes,Yes,No,No,Yes,77,69,64,1.100,31.219,47.142,39.861,0.001,5.636,0.754,175.0,175.0,175.0,175.0,0,0.0,99.5,99.5,99.5,99.5,99.6,99.6,99.6,99.5,99.5,99.7,99.7,99.7,99.7,98.8,99.3,99.3,99.4,99.5,99.6,99.6,99.6,0.0,0.0,0.0,0.0,0.0,0.0,0.0,0.0,0.0,0.0,0.0,0.0,0.0,0.1,0.0,0.0,0.0,0.0,0.0,0.0,0.0,0.0,0.0,0.0,0.0,0.0,0.0,0.0,0.0,0.0,0.0,0.0,0.0,0.0,0.0,0.0,0.0,2394.1,24.00,36,35,35,68,103,383,2,2,Yes,No,No,No,No,No,No,No,Yes,No,No,No,No,Yes,No,No,No,No,No,No,No,Yes,No,No,No,No,No,No,No,No,No,No,No,No,No,No,No,No,87.0,4380,2520,4140,71.2,1.095,1.110,1.800,1.800,1.005,5.110,2.250,No,No,No,71.2,1.095,1.110,1.800,1.800,1.005,5.110,1.500,No,No,No,42,42,94.0,100.0,No,No,32155,47955,36,70,99.0,100.0,No,No,1844,3246,2.5,4.4,6.9,0.890,8.704,63736,48958,0.0,0.0,0.0,0.000,0.000,164001,82786,58.4,64.0,65.8,83.0,0.870,20.678,20.670,20.686,21.215,9.511,9.541,8.640,18.204,3.000,11.651,7.752,7.788,100.000,140.000,2175.0,2150.2,1875.0,2175.0,1890.0,0.0,0.0,0.0,0.0,12.1,0.0,0.0,0.0,0.0,0.0,Yes,No,No,No,No,Yes,No,0,0,0,0,0,0,0,0,0,0,0,0,0,0,0,0,0,0,0,0,0,0,0,0,0,0,0,0,0,0,7199,989,755,91,16.0,64,0.300,46.113,600.0,2194.0,0.1,0.0,0.0,0.0,0.0,0.0,0.0,0.0,0.8,127,16065,127,No,No,No,No,No,No,No,No,16.747,68.277,100.0,0.000,24.1,0,0,0,0.0,7.1,9.5,5.7,5.7,5.7,5.7,7.1,7.5,6.7,6.7,6.7,6.7,140.13,174.47,105.79,105.16,175.18,175.18,0.37,139.71,140.13,0.00,362.80,648,7,39.2,7.5,0,0,0.0,0.0,0,
9.6.2026,13:36:24.970,20567,28200,42.1,17139,15244,52.9,10.5,16384,1715,0.870,0.878,0.869,0.875,0.869,0.869,0.869,0.869,0.869,0.869,0.870,0.870,0.870,0.870,0.870,0.808,0.783,2764.7,3092.4,3192.2,3192.2,3092.4,3092.4,3092.4,2493.9,2493.9,2493.9,2493.9,2493.9,2493.9,2493.9,2493.9,99.8,2493.9,2881.5,3123.4,3122.3,3128.7,3127.2,3124.8,3131.3,3127.6,3126.8,3129.1,3130.8,3130.7,3128.9,2500.5,2522.4,2522.9,2523.6,2507.6,2506.4,2507.3,2507.1,2975.0,99.9,100.0,99.9,99.9,99.9,99.9,100.0,100.0,99.9,99.9,100.0,100.0,99.9,99.9,99.9,99.9,100.0,100.0,100.0,100.0,100.0,100.0,99.9,100.0,124.6,119.0,119.0,119.0,118.9,119.0,119.0,118.9,118.9,119.0,119.0,119.0,118.9,133.6,133.6,133.6,133.6,132.8,132.7,132.7,132.8,124.6,27.7,31.0,32.0,32.0,31.0,31.0,31.0,25.0,25.0,25.0,25.0,25.0,25.0,25.0,25.0,25.0,67,69,67,69,67,68,68,67,67,67,67,66,66,66,66,33,31,33,31,33,32,32,33,33,33,33,34,34,34,34,77,69,No,No,No,No,No,No,No,No,No,No,No,No,No,No,No,No,No,No,No,No,No,No,No,No,No,No,No,No,No,No,Yes,Yes,Yes,Yes,Yes,Yes,Yes,Yes,Yes,Yes,Yes,Yes,Yes,Yes,Yes,No,No,Yes,76,69,65,1.100,41.344,43.780,36.686,0.001,5.516,0.688,175.0,175.0,175.0,175.0,0,0.0,99.6,99.6,99.5,99.7,99.7,99.6,99.7,99.7,99.7,99.7,99.8,99.8,99.7,98.6,99.5,99.5,99.5,99.6,99.6,99.6,99.6,0.0,0.0,0.0,0.0,0.0,0.0,0.0,0.1,0.0,0.1,0.0,0.0,0.0,0.0,0.0,0.0,0.0,0.0,0.0,0.0,0.0,0.0,0.0,0.0,0.0,0.0,0.0,0.0,0.0,0.0,0.0,0.0,0.0,0.0,0.0,0.0,0.0,2194.6,22.00,32,32,32,62,103,351,2,2,Yes,No,No,No,No,No,No,No,Yes,No,No,No,No,Yes,No,No,No,No,No,No,No,Yes,No,No,No,No,No,No,No,No,No,No,No,No,No,No,No,No,88.0,4380,2520,4140,71.2,1.095,1.110,1.800,1.800,1.005,5.110,2.500,No,No,No,71.2,1.095,1.110,1.800,1.815,1.005,5.110,1.875,No,No,No,42,42,94.0,100.0,No,No,32155,47955,36,70,99.0,100.0,No,No,1844,3246,10.1,0.9,11.0,5.026,4.421,63746,48966,0.0,0.0,0.0,0.000,0.000,164001,82786,58.5,64.0,65.8,83.0,0.870,20.674,20.667,20.681,21.254,9.558,9.654,8.680,18.344,3.000,11.685,7.754,7.788,100.000,140.000,2175.0,2150.2,1875.0,2175.0,1890.0,0.0,0.0,0.0,0.0,12.1,0.0,0.0,0.0,0.0,0.0,Yes,No,No,No,No,Yes,No,0,0,0,0,0,0,0,0,0,0,0,0,0,0,0,0,0,0,0,0,0,0,0,0,0,0,0,0,0,0,7199,989,755,91,16.0,65,0.300,45.148,600.0,2394.0,0.1,0.0,0.0,0.0,0.0,0.0,0.0,0.0,0.8,127,16065,127,No,No,No,No,No,No,No,No,16.748,68.277,100.0,0.000,24.1,0,0,0,0.0,7.1,9.5,5.7,5.7,5.7,5.7,7.1,7.5,6.7,6.7,6.7,6.7,140.13,174.47,105.79,105.16,175.18,175.18,0.37,139.71,140.13,0.00,362.80,648,7,0.1,0.1,0,0,0.0,0.0,0,
9.6.2026,13:36:26.968,20737,28031,42.5,17320,15064,53.4,10.5,16384,1715,0.868,0.869,0.870,0.869,0.869,0.868,0.872,0.872,0.872,0.866,0.867,0.855,0.865,0.870,0.865,0.808,0.781,2650.7,3092.4,3092.4,3092.4,3092.4,3092.4,3092.4,2493.9,2493.9,2493.9,2493.9,1097.3,2493.9,2493.9,2493.9,99.8,2493.9,2883.7,3130.3,3130.4,3132.2,3131.6,3127.1,3130.7,3129.5,3129.6,3130.9,3131.0,3131.4,3131.3,2492.3,2509.4,2513.4,2519.0,2516.9,2518.3,2519.0,2518.7,2975.0,100.0,100.0,100.0,100.0,100.0,100.0,100.0,100.0,100.0,100.0,100.0,100.0,100.0,100.0,100.0,100.0,100.0,100.0,100.0,100.0,100.0,100.0,100.0,100.0,124.9,119.2,119.2,119.2,119.2,119.2,119.2,119.1,119.1,119.2,119.2,119.2,119.2,133.8,133.8,133.8,133.8,133.4,133.4,133.4,133.4,124.9,26.6,31.0,31.0,31.0,31.0,31.0,31.0,25.0,25.0,25.0,25.0,11.0,25.0,25.0,25.0,25.0,67,69,68,70,67,69,68,67,67,67,68,66,66,66,66,33,31,32,30,33,31,32,33,33,33,32,34,34,34,34,76,70,No,No,No,No,No,No,No,No,No,No,No,No,No,No,No,No,No,No,No,No,No,No,No,No,No,No,No,No,No,No,Yes,Yes,Yes,Yes,Yes,Yes,Yes,Yes,Yes,Yes,Yes,Yes,Yes,Yes,Yes,No,No,Yes,76,70,64,1.100,43.876,44.637,37.323,0.001,5.651,0.773,175.0,175.0,175.0,175.0,0,0.0,99.6,99.7,99.7,99.8,99.8,99.7,99.8,99.8,99.8,99.8,99.8,99.8,99.8,98.4,99.1,99.2,99.5,99.6,99.6,99.7,99.7,0.0,0.0,0.0,0.0,0.0,0.0,0.0,0.0,0.0,0.0,0.0,0.0,0.0,0.0,0.0,0.0,0.0,0.0,0.0,0.0,0.0,0.0,0.0,0.0,0.0,0.0,0.0,0.0,0.0,0.0,0.0,0.0,0.0,0.0,0.0,0.0,0.0,2194.6,22.00,32,32,32,62,103,351,2,2,Yes,No,No,No,No,No,No,No,Yes,No,No,No,No,Yes,No,No,No,No,No,No,No,Yes,No,No,No,No,No,No,No,No,No,No,No,No,No,No,No,No,87.0,4320,2520,4140,71.2,1.095,1.110,1.800,1.800,0.990,5.110,1.000,No,No,No,71.2,1.095,1.110,1.800,1.800,1.005,5.110,1.000,No,No,No,42,42,94.0,100.0,No,No,32155,47955,37,70,99.0,100.0,No,No,1844,3246,2.7,5.2,7.9,0.834,6.122,63747,48978,0.0,0.0,0.0,0.000,0.000,164001,82786,58.5,64.0,65.8,83.0,0.870,20.693,20.681,20.704,21.250,9.512,9.548,8.645,18.199,3.000,11.656,7.752,7.786,100.000,140.000,2175.0,2150.2,1875.0,2175.0,1890.0,0.0,0.0,0.0,0.0,12.1,0.0,0.0,0.0,0.0,0.0,Yes,No,No,No,No,Yes,No,0,0,0,0,0,0,0,0,0,0,0,0,0,0,0,0,0,0,0,0,0,0,0,0,0,0,0,0,0,0,7199,989,755,91,16.0,63,0.300,45.735,600.0,2194.0,0.1,0.0,0.0,0.0,0.0,0.0,0.0,0.0,0.8,127,16065,127,No,No,No,No,No,No,No,No,16.748,68.277,100.0,0.000,24.1,0,0,0,0.0,7.1,9.5,5.7,5.7,5.7,5.7,7.1,7.5,6.7,6.7,6.7,6.7,140.13,174.47,105.79,105.16,175.18,175.18,0.37,139.71,140.13,0.00,362.80,648,7,0.5,0.1,0,0,0.0,0.0,0,
9.6.2026,13:36:28.979,20642,28125,42.3,17221,15163,53.1,10.5,16384,1715,0.889,0.889,0.886,0.883,0.875,0.884,0.873,0.894,0.894,0.896,0.896,0.896,0.896,0.892,0.890,0.818,0.783,2814.5,3192.2,3192.2,3192.2,3192.2,3192.2,3092.4,2593.7,2593.7,2593.7,2593.7,2493.9,2493.9,2493.9,2493.9,99.8,2593.7,2894.0,3141.3,3142.0,3145.8,3146.0,3141.9,3146.7,3144.0,3143.1,3147.3,3148.0,3147.3,3146.8,2527.2,2533.5,2536.5,2537.7,2500.7,2501.1,2501.3,2501.4,2992.2,100.0,100.0,100.0,100.0,100.0,100.0,100.0,100.0,100.0,100.0,100.0,100.0,100.0,100.0,100.0,100.0,100.0,100.0,100.0,100.0,100.0,100.0,100.0,100.0,125.0,119.6,119.6,119.6,119.6,119.6,119.6,119.4,119.4,119.6,119.6,119.5,119.5,134.1,134.0,134.1,134.1,132.1,132.2,132.1,132.2,125.0,28.2,32.0,32.0,32.0,32.0,32.0,31.0,26.0,26.0,26.0,26.0,25.0,25.0,25.0,25.0,26.0,67,67,68,68,67,68,68,67,67,67,67,65,65,65,65,33,33,32,32,33,32,32,33,33,33,33,35,35,35,35,77,68,No,No,No,No,No,No,No,No,No,No,No,No,No,No,No,No,No,No,No,No,No,No,No,No,No,No,No,No,No,No,Yes,Yes,Yes,Yes,Yes,Yes,Yes,Yes,Yes,Yes,Yes,Yes,Yes,Yes,Yes,No,No,Yes,76,69,65,1.100,40.501,46.369,39.206,0.001,5.549,0.724,175.0,175.0,175.0,175.0,0,0.0,99.7,99.7,99.7,99.8,99.8,99.6,99.8,99.8,99.8,99.8,99.8,99.8,99.8,99.2,99.5,99.6,99.6,99.6,99.7,99.7,99.7,0.0,0.0,0.0,0.0,0.0,0.0,0.0,0.0,0.0,0.0,0.0,0.0,0.0,0.0,0.0,0.0,0.0,0.0,0.0,0.0,0.0,0.0,0.0,0.0,0.0,0.0,0.0,0.0,0.0,0.0,0.0,0.0,0.0,0.0,0.0,0.0,0.0,2394.1,24.00,36,35,35,68,103,383,2,2,Yes,No,No,No,No,No,No,No,Yes,No,No,No,No,Yes,No,No,No,No,No,No,No,Yes,No,No,No,No,No,No,No,No,No,No,No,No,No,No,No,No,87.0,4380,2460,4200,71.2,1.095,1.110,1.800,1.800,0.990,5.110,1.000,No,No,No,71.2,1.095,1.110,1.800,1.800,0.990,5.110,1.125,No,No,No,42,42,94.0,100.0,No,No,32155,47955,37,70,99.0,100.0,No,No,1844,3246,1.3,2.6,3.9,0.163,3.227,63748,48984,0.0,0.0,0.0,0.000,0.000,164001,82786,58.4,64.0,65.8,83.0,0.870,20.689,20.679,20.700,21.261,9.521,9.544,8.665,18.216,3.000,11.675,7.758,7.792,100.000,140.000,2175.0,2150.2,1875.0,2175.0,1890.0,0.0,0.0,0.0,0.0,12.1,0.0,0.0,0.0,0.0,0.0,Yes,No,No,No,No,Yes,No,0,0,0,0,0,0,0,0,0,0,0,0,0,0,0,0,0,0,0,0,0,0,0,0,0,0,0,0,0,0,7199,989,755,91,16.0,65,0.300,46.080,600.0,2194.0,0.1,0.0,0.0,0.0,0.0,0.0,0.0,0.0,0.8,127,16065,127,No,No,No,No,No,No,No,No,16.748,68.277,100.0,0.000,24.1,0,0,0,0.0,7.1,9.5,5.7,5.7,5.7,5.7,7.1,7.5,6.7,6.7,6.7,6.7,140.13,174.47,105.79,105.16,175.18,175.18,0.37,139.71,140.13,0.00,362.80,648,7,0.5,0.2,0,0,0.0,0.0,0,
9.6.2026,13:36:30.973,20650,28117,42.3,17219,15165,53.1,10.5,16384,1715,0.883,0.888,0.870,0.872,0.872,0.877,0.888,0.888,0.888,0.886,0.886,0.886,0.886,0.886,0.881,0.818,0.783,2793.2,3192.2,3092.4,3092.4,3092.4,3092.4,3192.2,2593.7,2593.7,2593.7,2593.7,2493.9,2493.9,2493.9,2493.9,99.8,2593.7,2897.6,3149.6,3149.3,3152.0,3151.8,3147.0,3151.6,3146.1,3145.2,3151.3,3151.2,3151.2,3151.6,2521.9,2539.6,2543.7,2544.7,2500.9,2500.6,2501.1,2502.2,2996.7,100.0,100.0,100.0,100.0,100.0,100.0,100.0,100.0,100.0,100.0,100.0,100.0,100.0,100.0,100.0,100.0,100.0,100.0,100.0,100.0,100.0,100.0,100.0,100.0,125.5,120.0,119.9,119.9,119.9,120.0,119.9,119.8,119.7,119.9,119.9,119.9,119.9,135.0,135.0,135.0,135.0,132.7,132.7,132.7,132.7,125.5,28.0,32.0,31.0,31.0,31.0,31.0,32.0,26.0,26.0,26.0,26.0,25.0,25.0,25.0,25.0,26.0,67,68,68,69,67,68,68,66,66,66,66,65,65,65,65,33,32,32,31,33,32,32,34,34,34,34,35,35,35,35,76,69,No,No,No,No,No,No,No,No,No,No,No,No,No,No,No,No,No,No,No,No,No,No,No,No,No,No,No,No,No,No,Yes,Yes,Yes,Yes,Yes,Yes,Yes,Yes,Yes,Yes,Yes,Yes,Yes,Yes,Yes,No,No,Yes,76,69,65,1.100,41.344,46.558,39.306,0.001,5.604,0.760,175.0,175.0,175.0,175.0,0,0.0,99.6,99.7,99.7,99.8,99.8,99.6,99.8,99.8,99.7,99.8,99.8,99.8,99.8,98.5,99.2,99.4,99.4,99.6,99.6,99.6,99.6,0.0,0.0,0.0,0.0,0.0,0.0,0.0,0.0,0.0,0.0,0.0,0.0,0.0,0.0,0.0,0.0,0.0,0.0,0.0,0.0,0.0,0.0,0.0,0.0,0.0,0.0,0.0,0.0,0.0,0.0,0.0,0.0,0.0,0.0,0.0,0.0,0.0,2394.1,24.00,36,35,35,68,103,383,2,2,Yes,No,No,No,No,No,No,No,Yes,No,No,No,No,Yes,No,No,No,No,No,No,No,Yes,No,No,No,No,No,No,No,No,No,No,No,No,No,No,No,No,86.0,4440,2460,4200,71.2,1.095,1.110,1.800,1.800,0.990,5.110,2.750,No,No,No,71.2,1.095,1.110,1.800,1.800,0.990,5.110,1.375,No,No,No,42,42,94.0,100.0,No,No,32155,47955,37,70,99.0,100.0,No,No,1844,3246,2.9,3.3,6.2,0.643,5.925,63749,48995,0.0,0.0,0.0,0.000,0.000,164001,82786,58.5,64.0,65.8,83.0,0.870,20.675,20.666,20.683,21.316,9.549,9.590,8.701,18.304,3.000,11.701,7.759,7.792,100.000,140.000,2175.0,2150.2,1875.0,2175.0,1890.0,0.0,0.0,0.0,0.0,12.1,0.0,0.0,0.0,0.0,0.0,Yes,No,No,No,No,Yes,No,0,0,0,0,0,0,0,0,0,0,0,0,0,0,0,0,0,0,0,0,0,0,0,0,0,0,0,0,0,0,7199,989,755,91,16.0,65,0.300,45.226,600.0,2394.0,0.1,0.0,0.0,0.0,0.0,0.0,0.0,0.0,0.8,127,16065,127,No,No,No,No,No,No,No,No,16.747,68.277,100.0,0.000,24.1,0,0,0,0.0,7.1,9.5,5.7,5.7,5.7,5.7,7.1,7.5,6.7,6.7,6.7,6.7,140.13,174.47,105.79,105.16,175.18,175.18,0.37,139.71,140.13,0.00,362.80,648,7,2.4,0.0,0,0,0.0,0.0,0,
9.6.2026,13:36:32.972,20659,28109,42.3,17224,15159,53.1,10.5,16384,1715,0.885,0.885,0.889,0.884,0.889,0.865,0.888,0.891,0.884,0.889,0.889,0.884,0.885,0.885,0.885,0.818,0.783,2814.5,3192.2,3192.2,3192.2,3192.2,3092.4,3192.2,2593.7,2593.7,2593.7,2593.7,2493.9,2493.9,2493.9,2493.9,99.8,2593.7,2886.3,3136.8,3135.3,3140.3,3138.8,3133.8,3140.6,3138.2,3136.9,3140.4,3140.0,3141.7,3141.5,2494.9,2525.0,2532.1,2532.0,2494.1,2493.1,2495.4,2495.8,2984.3,100.0,100.0,99.9,100.0,99.9,99.9,100.0,100.0,99.9,100.0,100.0,100.0,100.0,100.0,99.9,100.0,100.0,100.0,99.9,100.0,100.0,100.0,100.0,100.0,124.9,119.4,119.3,119.4,119.4,119.4,119.4,119.4,119.3,119.4,119.4,119.4,119.4,134.4,134.3,134.4,134.3,132.1,132.1,132.1,132.1,124.9,28.2,32.0,32.0,32.0,32.0,31.0,32.0,26.0,26.0,26.0,26.0,25.0,25.0,25.0,25.0,26.0,67,69,67,69,67,68,67,67,67,68,68,66,66,66,66,33,31,33,31,33,32,33,33,33,32,32,34,34,34,34,76,69,No,No,No,No,No,No,No,No,No,No,No,No,No,No,No,No,No,No,No,No,No,No,No,No,No,No,No,No,No,No,Yes,Yes,Yes,Yes,Yes,Yes,Yes,Yes,Yes,Yes,Yes,Yes,Yes,Yes,Yes,No,No,Yes,75,69,65,1.100,38.813,44.784,37.193,0.001,5.821,0.880,175.0,175.0,175.0,175.0,0,0.0,99.6,99.7,99.6,99.8,99.7,99.6,99.8,99.7,99.7,99.8,99.8,99.8,99.8,97.9,99.1,99.4,99.4,99.6,99.6,99.6,99.7,0.0,0.0,0.0,0.0,0.0,0.0,0.0,0.0,0.0,0.0,0.0,0.0,0.0,0.0,0.0,0.0,0.0,0.0,0.0,0.0,0.0,0.0,0.0,0.0,0.0,0.0,0.0,0.0,0.0,0.0,0.0,0.0,0.0,0.0,0.0,0.0,0.0,2394.1,24.00,36,35,35,68,103,383,2,2,Yes,No,No,No,No,No,No,No,Yes,No,No,No,No,Yes,No,No,No,No,No,No,No,Yes,No,No,No,No,No,No,No,No,No,No,No,No,No,No,No,No,88.0,4440,2460,4260,71.2,1.095,1.110,1.800,1.800,0.990,5.110,1.625,No,No,No,71.2,1.095,1.110,1.800,1.800,0.990,5.110,1.625,No,No,No,42,42,94.0,100.0,No,No,32155,47955,37,70,99.0,100.0,No,No,1844,3246,12.9,1.6,14.5,3.006,2.906,63755,49001,0.0,0.0,0.0,0.000,0.000,164001,82786,58.5,64.0,65.8,83.0,0.870,20.674,20.667,20.681,21.264,9.534,9.563,8.680,18.262,3.000,11.686,7.758,7.792,100.000,140.000,2175.0,2150.2,1875.0,2175.0,1890.0,0.0,0.0,0.0,0.0,12.1,0.0,0.0,0.0,0.0,0.0,Yes,No,No,No,No,Yes,No,0,0,0,0,0,0,0,0,0,0,0,0,0,0,0,0,0,0,0,0,0,0,0,0,0,0,0,0,0,0,7199,989,755,90,16.0,64,0.300,46.406,600.0,2394.0,0.1,0.0,0.0,0.0,0.0,0.0,0.0,0.0,0.8,127,16065,127,No,No,No,No,No,No,No,No,16.747,68.277,100.0,0.000,24.1,0,0,0,0.0,7.1,9.5,5.7,5.7,5.7,5.7,7.1,7.5,6.7,6.7,6.7,6.7,140.13,174.47,105.79,105.16,175.18,175.18,0.37,139.71,140.13,0.00,362.80,648,7,3.1,0.3,0,0,0.0,0.0,0,
9.6.2026,13:36:34.968,20655,28113,42.3,17219,15165,53.1,10.5,16384,1715,0.886,0.895,0.896,0.883,0.878,0.884,0.886,0.885,0.885,0.885,0.886,0.886,0.886,0.886,0.888,0.818,0.783,2857.3,3192.2,3291.9,3192.2,3192.2,3192.2,3192.2,2593.7,2593.7,2593.7,2593.7,2593.7,2593.7,2593.7,2593.7,99.8,2593.7,2899.6,3142.3,3147.2,3151.0,3152.9,3148.8,3153.3,3147.7,3147.3,3152.2,3153.9,3153.8,3153.8,2500.2,2526.3,2525.6,2534.1,2523.8,2525.4,2525.7,2526.6,2993.1,100.0,99.9,100.0,100.0,100.0,100.0,100.0,100.0,100.0,100.0,100.0,100.0,100.0,100.0,100.0,100.0,100.0,100.0,100.0,100.0,100.0,100.0,100.0,100.0,125.5,119.8,119.9,119.9,119.9,119.9,119.9,119.8,119.8,119.9,119.9,119.9,119.9,134.4,134.5,134.4,134.4,133.5,133.5,133.5,133.5,125.5,28.6,32.0,33.0,32.0,32.0,32.0,32.0,26.0,26.0,26.0,26.0,26.0,26.0,26.0,26.0,26.0,67,68,67,68,67,66,67,68,68,68,68,66,66,66,66,33,32,33,32,33,34,33,32,32,32,32,34,34,34,34,76,68,No,No,No,No,No,No,No,No,No,No,No,No,No,No,No,No,No,No,No,No,No,No,No,No,No,No,No,No,No,No,Yes,Yes,Yes,Yes,Yes,Yes,Yes,Yes,Yes,Yes,Yes,Yes,Yes,Yes,Yes,No,No,Yes,76,70,64,1.100,44.719,45.053,37.812,0.001,5.606,0.747,175.0,175.0,175.0,175.0,0,0.0,99.5,99.5,99.6,99.7,99.8,99.6,99.8,99.7,99.7,99.7,99.8,99.8,99.8,98.0,99.1,99.0,99.4,99.5,99.6,99.6,99.6,0.0,0.0,0.0,0.0,0.0,0.0,0.0,0.0,0.0,0.0,0.0,0.0,0.0,0.0,0.0,0.0,0.0,0.0,0.0,0.0,0.0,0.0,0.0,0.0,0.0,0.0,0.0,0.0,0.0,0.0,0.0,0.0,0.0,0.0,0.0,0.0,0.0,2394.1,24.00,36,35,35,68,103,383,2,2,Yes,No,No,No,No,No,No,No,Yes,No,No,No,No,Yes,No,No,No,No,No,No,No,Yes,No,No,No,No,No,No,No,No,No,No,No,No,No,No,No,No,87.0,4440,2520,4260,71.2,1.095,1.110,1.800,1.800,0.990,5.110,1.375,No,No,No,71.2,1.095,1.110,1.800,1.800,0.990,5.110,2.375,No,No,No,42,42,94.0,100.0,No,No,32155,47955,37,70,99.0,100.0,No,No,1844,3246,7.0,3.8,10.8,1.317,7.405,63757,49015,0.0,0.0,0.0,0.000,0.000,164001,82786,58.5,64.0,65.8,83.0,0.870,20.678,20.669,20.687,21.280,9.541,9.566,8.681,18.245,3.000,11.685,7.821,7.792,100.000,140.000,2175.0,2150.2,1875.0,2175.0,1890.0,0.0,0.0,0.0,0.0,12.1,0.0,0.0,0.0,0.0,0.0,Yes,No,No,No,No,Yes,No,0,0,0,0,0,0,0,0,0,0,0,0,0,0,0,0,0,0,0,0,0,0,0,0,0,0,0,0,0,0,7199,989,755,89,16.0,63,0.300,44.801,600.0,2394.0,0.1,0.0,0.0,0.0,0.0,0.0,0.0,0.0,0.8,127,16065,127,No,No,No,No,No,No,No,No,16.746,68.277,100.0,0.000,24.1,0,0,0,0.0,7.1,9.5,5.7,5.7,5.7,5.7,7.1,7.5,6.7,6.7,6.7,6.7,140.13,174.47,105.79,105.16,175.18,175.18,0.37,139.71,140.13,0.00,362.80,648,7,0.3,0.0,0,0,0.0,0.0,0,
9.6.2026,13:36:36.966,20654,28114,42.3,17219,15164,53.1,10.5,16384,1715,0.880,0.904,0.880,0.890,0.891,0.892,0.883,0.875,0.877,0.892,0.871,0.866,0.866,0.866,0.866,0.818,0.783,2793.2,3192.2,3192.2,3192.2,3192.2,3192.2,3192.2,2493.9,2493.9,2493.9,2493.9,2493.9,2493.9,2493.9,2493.9,99.8,2593.7,2903.5,3157.3,3159.7,3162.3,3162.0,3138.3,3161.2,3158.1,3157.6,3160.7,3161.1,3160.6,3160.9,2510.8,2543.7,2545.2,2549.6,2501.9,2506.4,2507.0,2506.4,3003.1,100.0,100.0,100.0,100.0,100.0,100.0,100.0,100.0,100.0,100.0,100.0,100.0,100.0,100.0,100.0,100.0,100.0,100.0,100.0,100.0,100.0,100.0,100.0,100.0,125.8,120.3,120.3,120.3,120.3,120.3,120.3,120.2,120.2,120.3,120.3,120.3,120.3,135.2,135.2,135.2,135.2,133.0,133.0,133.0,133.0,125.8,28.0,32.0,32.0,32.0,32.0,32.0,32.0,25.0,25.0,25.0,25.0,25.0,25.0,25.0,25.0,26.0,66,69,68,68,64,68,67,66,66,66,67,65,65,65,65,34,31,32,32,36,32,33,34,34,34,33,35,35,35,35,76,69,No,No,No,No,No,No,No,No,No,No,No,No,No,No,No,No,No,No,No,No,No,No,No,No,No,No,No,No,No,No,Yes,Yes,Yes,Yes,Yes,Yes,Yes,Yes,Yes,Yes,Yes,Yes,Yes,Yes,Yes,No,No,Yes,77,69,65,1.100,41.344,44.971,37.636,0.001,5.655,0.791,175.0,175.0,175.0,175.0,0,0.0,99.5,99.6,99.7,99.8,99.8,99.1,99.8,99.8,99.8,99.8,99.8,99.8,99.8,98.0,99.3,99.3,99.5,99.4,99.6,99.6,99.6,0.0,0.0,0.0,0.0,0.0,0.0,0.0,0.0,0.0,0.0,0.0,0.0,0.0,0.0,0.0,0.0,0.0,0.0,0.0,0.0,0.0,0.0,0.0,0.0,0.0,0.0,0.0,0.0,0.0,0.0,0.0,0.0,0.0,0.0,0.0,0.0,0.0,2394.1,24.00,36,35,35,68,103,383,2,2,Yes,No,No,No,No,No,No,No,Yes,No,No,No,No,Yes,No,No,No,No,No,No,No,Yes,No,No,No,No,No,No,No,No,No,No,No,No,No,No,No,No,88.0,4380,2520,4200,71.2,1.095,1.110,1.800,1.815,0.990,5.110,2.375,No,No,No,71.2,1.095,1.110,1.800,1.815,0.990,5.110,2.250,No,No,No,42,42,94.0,100.0,No,No,32155,47955,36,70,99.0,100.0,No,No,1844,3246,100.0,3.5,100.0,15.415,2.820,63787,49021,0.0,0.0,0.0,0.000,0.000,164001,82786,58.4,64.0,65.8,83.0,0.870,20.674,20.666,20.682,21.280,9.533,9.570,8.680,18.262,3.000,11.681,7.753,7.786,100.000,140.000,2175.0,2150.2,1875.0,2175.0,1890.0,0.0,0.0,0.0,0.0,12.1,0.0,0.0,0.0,0.0,0.0,Yes,No,No,No,No,Yes,No,0,0,0,0,0,0,0,0,0,0,0,0,0,0,0,0,0,0,0,0,0,0,0,0,0,0,0,0,0,0,7199,989,755,88,16.0,64,0.300,44.201,600.0,2394.0,0.1,0.0,0.0,0.0,0.0,0.0,0.0,0.0,0.8,127,16065,127,No,No,No,No,No,No,No,No,16.746,68.277,100.0,0.000,24.1,0,0,0,0.0,7.1,9.5,5.7,5.7,5.7,5.7,7.1,7.5,6.7,6.7,6.7,6.7,140.13,174.47,105.79,105.16,175.18,175.18,0.37,139.71,140.13,0.00,362.80,648,7,0.0,0.0,0,0,0.0,0.0,0,
9.6.2026,13:36:38.978,20654,28113,42.3,17210,15174,53.1,10.5,16384,1715,0.893,0.896,0.875,0.893,0.893,0.893,0.898,0.893,0.898,0.898,0.898,0.898,0.899,0.899,0.876,0.828,0.783,2857.3,3291.9,3192.2,3192.2,3192.2,3192.2,3192.2,2593.7,2593.7,2593.7,2593.7,2593.7,2593.7,2593.7,2593.7,99.8,2693.4,2889.6,3138.3,3142.3,3147.1,3145.7,3102.3,3147.0,3142.3,3141.8,3146.8,3147.8,3147.9,3147.6,2472.5,2528.8,2534.2,2538.8,2504.6,2505.5,2505.6,2506.1,2985.7,100.0,99.9,100.0,100.0,99.9,100.0,100.0,100.0,100.0,100.0,100.0,100.0,100.0,100.0,100.0,100.0,100.0,100.0,100.0,100.0,100.0,100.0,100.0,100.0,125.2,119.7,119.7,119.7,119.7,119.7,119.7,119.5,119.5,119.7,119.7,119.7,119.7,134.6,134.6,134.6,134.6,132.5,132.5,132.5,132.5,125.2,28.6,33.0,32.0,32.0,32.0,32.0,32.0,26.0,26.0,26.0,26.0,26.0,26.0,26.0,26.0,27.0,67,69,69,69,66,66,66,67,67,67,67,66,66,66,66,33,31,31,31,34,34,34,33,33,33,33,34,34,34,34,77,69,No,No,No,No,No,No,No,No,No,No,No,No,No,No,No,No,No,No,No,No,No,No,No,No,No,No,No,No,No,No,Yes,Yes,Yes,Yes,Yes,Yes,Yes,Yes,Yes,Yes,Yes,Yes,Yes,Yes,Yes,No,No,Yes,76,70,64,1.100,44.719,44.266,36.816,0.001,5.732,0.830,175.0,175.0,175.0,175.0,0,0.0,99.4,99.5,99.6,99.7,99.7,98.3,99.7,99.7,99.7,99.7,99.8,99.8,99.7,96.9,99.1,99.3,99.4,99.5,99.6,99.6,99.6,0.0,0.0,0.0,0.0,0.0,0.0,0.0,0.0,0.0,0.0,0.0,0.0,0.0,0.0,0.0,0.0,0.0,0.0,0.0,0.0,0.0,0.0,0.0,0.0,0.0,0.0,0.0,0.0,0.0,0.0,0.0,0.0,0.0,0.0,0.0,0.0,0.0,2394.1,24.00,36,35,35,68,103,383,2,2,Yes,No,No,No,No,No,No,No,Yes,No,No,No,No,Yes,No,No,No,No,No,No,No,Yes,No,No,No,No,No,No,No,No,No,No,No,No,No,No,No,No,89.0,4320,2460,4200,71.2,1.095,1.110,1.800,1.815,1.005,5.110,1.375,No,No,No,71.2,1.095,1.110,1.800,1.815,1.005,5.110,1.125,No,No,No,42,42,94.0,100.0,No,No,32155,47955,36,70,99.0,100.0,No,No,1844,3246,100.0,4.6,100.0,26.925,5.797,63838,49031,0.0,0.0,0.0,0.000,0.000,164001,82786,58.5,64.0,65.8,83.0,0.870,20.667,20.662,20.673,21.233,9.534,9.577,8.678,18.254,3.000,11.681,7.758,7.792,100.000,140.000,2175.0,2150.2,1875.0,2175.0,1890.0,0.0,0.0,0.0,0.0,12.1,0.0,0.0,0.0,0.0,0.0,Yes,No,No,No,No,Yes,No,0,0,0,0,0,0,0,0,0,0,0,0,0,0,0,0,0,0,0,0,0,0,0,0,0,0,0,0,0,0,7199,989,755,87,16.0,65,0.300,45.099,550.0,2394.0,0.1,0.0,0.0,0.0,0.0,0.0,0.0,0.0,0.8,127,16065,127,No,No,No,No,No,No,No,No,16.747,68.277,100.0,0.000,24.1,0,0,0,0.0,7.1,9.5,5.7,5.7,5.7,5.7,7.1,7.5,6.7,6.7,6.7,6.7,140.13,174.47,105.79,105.16,175.18,175.18,0.37,139.71,140.13,0.00,362.80,648,7,0.2,0.1,0,0,0.0,0.0,0,
9.6.2026,13:36:40.975,20660,28108,42.3,17211,15173,53.1,10.5,16384,1715,0.891,0.891,0.900,0.890,0.892,0.892,0.883,0.878,0.894,0.889,0.899,0.895,0.895,0.895,0.884,0.818,0.781,2850.2,3192.2,3192.2,3192.2,3192.2,3192.2,3192.2,2593.7,2593.7,2593.7,2593.7,2593.7,2593.7,2593.7,2593.7,99.8,2593.7,2885.8,3141.9,3142.2,3145.2,3145.0,3101.6,3142.6,3135.2,3135.7,3142.6,3143.9,3144.3,3144.0,2448.0,2514.4,2523.8,2530.5,2505.4,2509.5,2509.4,2510.5,2980.1,99.9,99.9,99.9,99.9,99.9,99.9,99.9,99.9,99.9,99.9,99.9,99.9,99.9,99.7,99.8,99.9,99.9,99.9,99.9,99.9,99.9,99.9,99.9,100.0,125.2,119.6,119.6,119.7,119.6,119.7,119.6,119.3,119.4,119.6,119.6,119.6,119.6,134.2,134.3,134.4,134.4,132.9,132.9,132.9,132.9,125.2,28.6,32.0,32.0,32.0,32.0,32.0,32.0,26.0,26.0,26.0,26.0,26.0,26.0,26.0,26.0,26.0,67,69,67,69,66,67,68,67,67,67,68,65,65,65,66,33,31,33,31,34,33,32,33,33,33,32,35,35,35,34,77,69,No,No,No,No,No,No,No,No,No,No,No,No,No,No,No,No,No,No,No,No,No,No,No,No,No,No,No,No,No,No,Yes,Yes,Yes,Yes,Yes,Yes,Yes,Yes,Yes,Yes,Yes,Yes,Yes,Yes,Yes,No,No,Yes,76,69,65,1.100,30.375,43.841,36.303,0.001,5.786,0.859,175.0,175.0,175.0,175.0,0,0.0,99.3,99.6,99.6,99.7,99.7,98.4,99.7,99.7,99.7,99.7,99.7,99.7,99.7,96.1,98.7,99.0,99.3,99.4,99.6,99.6,99.6,0.1,0.0,0.0,0.0,0.0,0.0,0.0,0.2,0.1,0.1,0.1,0.1,0.1,0.1,0.0,0.0,0.0,0.0,0.0,0.0,0.0,0.0,0.0,0.0,0.0,0.0,0.0,0.0,0.0,0.0,0.0,0.0,0.0,0.0,0.0,0.0,0.0,2394.1,24.00,36,35,35,68,103,383,2,2,Yes,No,No,No,No,No,No,No,Yes,No,No,No,No,Yes,No,No,No,No,No,No,No,Yes,No,No,No,No,No,No,No,No,No,No,No,No,No,No,No,No,90.0,4440,2460,4260,71.2,1.095,1.110,1.800,1.815,1.005,5.110,2.375,No,No,No,71.5,1.095,1.110,1.800,1.815,1.005,5.110,2.000,No,No,No,43,43,94.0,100.0,No,No,32155,47955,36,70,99.0,100.0,No,No,1844,3246,100.0,1.3,100.0,27.417,2.585,63890,49036,0.0,0.0,0.0,0.000,0.000,164001,82786,58.5,64.0,65.8,83.0,0.870,20.668,20.663,20.672,21.260,9.537,9.605,8.658,18.274,3.000,11.675,7.759,7.792,100.000,140.000,2175.0,2150.2,1875.0,2175.0,1890.0,0.0,0.0,0.0,0.0,12.1,0.0,0.0,0.0,0.0,0.0,Yes,No,No,No,No,Yes,No,0,0,0,0,0,0,0,0,0,0,0,0,0,0,0,0,0,0,0,0,0,0,0,0,0,0,0,0,0,0,7199,989,755,86,16.0,64,0.300,44.063,550.0,2394.0,0.1,0.0,0.0,0.0,0.0,0.0,0.0,0.0,0.8,127,16065,127,No,No,No,No,No,No,No,No,16.746,68.277,100.0,0.000,24.1,0,0,0,0.0,7.1,9.5,5.7,5.7,5.7,5.7,7.1,7.5,6.7,6.7,6.7,6.7,140.13,174.47,105.79,105.16,175.18,175.18,0.37,139.71,140.13,0.00,362.80,648,7,0.3,0.0,0,0,0.0,0.0,0,
9.6.2026,13:36:42.972,20666,28102,42.3,17215,15169,53.1,10.5,16384,1715,0.874,0.880,0.881,0.881,0.881,0.871,0.871,0.871,0.871,0.871,0.871,0.871,0.871,0.871,0.871,0.818,0.781,2778.9,3192.2,3192.2,3192.2,3192.2,3092.4,3092.4,2493.9,2493.9,2493.9,2493.9,2493.9,2493.9,2493.9,2493.9,99.8,2593.7,2918.6,3177.7,3167.6,3181.0,3185.2,3142.7,3184.9,3182.9,3179.7,3183.7,3179.6,3183.1,3183.9,2475.7,2538.8,2555.7,2558.1,2529.3,2529.3,2527.6,2525.1,3016.3,99.8,99.8,99.5,99.8,99.9,100.0,99.9,99.9,99.8,99.9,99.8,99.9,99.9,99.3,99.5,99.7,99.8,99.9,99.8,99.7,99.7,100.0,99.8,100.0,126.5,121.0,120.6,121.0,121.2,121.2,121.1,121.1,120.9,121.1,120.9,121.1,121.2,135.1,135.3,135.6,135.6,134.0,134.0,133.8,133.7,126.5,27.9,32.0,32.0,32.0,32.0,31.0,31.0,25.0,25.0,25.0,25.0,25.0,25.0,25.0,25.0,26.0,68,70,68,69,68,68,68,68,68,68,68,66,66,66,66,32,30,32,31,32,32,32,32,32,32,32,34,34,34,34,76,70,No,No,No,No,No,No,No,No,No,No,No,No,No,No,No,No,No,No,No,No,No,No,No,No,No,No,No,No,No,No,Yes,Yes,Yes,Yes,Yes,Yes,Yes,Yes,Yes,Yes,Yes,Yes,Yes,Yes,Yes,No,No,Yes,77,70,64,1.100,43.032,44.809,37.497,0.001,5.655,0.761,175.0,175.0,175.0,175.0,0,0.0,99.3,99.5,99.2,99.6,99.7,98.4,99.7,99.7,99.6,99.7,99.6,99.7,99.8,96.1,98.6,99.3,99.4,99.5,99.5,99.4,99.3,0.2,0.0,0.0,0.0,0.0,0.0,0.0,0.6,0.4,0.2,0.2,0.1,0.1,0.3,0.3,0.0,0.0,0.0,0.0,0.0,0.0,0.0,0.0,0.0,0.0,0.0,0.0,0.0,0.0,0.0,0.0,0.0,0.0,0.0,0.0,0.0,0.0,2194.6,22.00,32,32,32,62,103,351,2,2,Yes,No,No,No,No,No,No,No,Yes,No,No,No,No,Yes,No,No,No,No,No,No,No,Yes,No,No,No,No,No,No,No,No,No,No,No,No,No,No,No,No,90.0,4500,2520,4320,71.5,1.095,1.110,1.800,1.815,1.005,5.110,1.375,No,No,No,71.5,1.095,1.110,1.800,1.815,1.005,5.110,2.375,No,No,No,43,43,94.0,100.0,No,No,32155,47955,37,70,99.0,100.0,No,No,1844,3246,100.0,0.6,100.0,28.067,3.576,63945,49043,0.0,0.0,0.0,0.000,0.000,164001,82786,58.5,64.0,65.8,83.0,0.870,20.669,20.663,20.675,21.325,9.579,9.657,8.720,18.401,3.000,11.733,7.753,7.787,100.000,140.000,2175.0,2150.2,1875.0,2175.0,1890.0,0.0,0.0,0.0,0.0,12.1,0.0,0.0,0.0,0.0,0.0,Yes,No,No,No,No,Yes,No,0,0,0,0,0,0,0,0,0,0,0,0,0,0,0,0,0,0,0,0,0,0,0,0,0,0,0,0,0,0,7199,989,755,86,16.0,65,0.300,44.332,600.0,2394.0,0.1,0.0,0.0,0.0,0.0,0.0,0.0,0.0,0.8,127,16065,127,No,No,No,No,No,No,No,No,16.748,68.277,100.0,0.000,24.1,0,0,0,0.0,1.5,1.5,1.5,1.5,1.5,1.5,1.6,1.6,1.6,1.6,1.6,1.6,646.33,646.33,646.33,646.33,646.33,646.33,0.35,645.87,646.33,0.00,437.96,648,7,0.0,0.0,0,0,0.0,0.0,0,
9.6.2026,13:36:44.982,20660,28108,42.3,17203,15181,53.1,10.5,16384,1715,0.869,0.868,0.870,0.871,0.869,0.866,0.866,0.866,0.866,0.871,0.869,0.869,0.869,0.871,0.871,0.808,0.781,2750.4,3092.4,3092.4,3092.4,3092.4,3092.4,3092.4,2493.9,2493.9,2493.9,2493.9,2493.9,2493.9,2493.9,2493.9,99.8,2493.9,2841.5,3091.8,3091.2,3093.3,3091.8,3046.9,3090.5,3088.8,3088.0,3089.7,3090.0,3090.2,3090.1,2410.3,2476.1,2478.7,2484.8,2482.8,2485.5,2484.9,2485.6,2930.8,100.0,100.0,100.0,100.0,100.0,100.0,100.0,100.0,100.0,100.0,100.0,100.0,100.0,100.0,100.0,100.0,100.0,100.0,100.0,100.0,100.0,100.0,100.0,100.0,123.4,117.7,117.7,117.7,117.7,117.7,117.7,117.6,117.6,117.7,117.7,117.7,117.7,132.0,132.0,132.0,132.0,131.8,131.8,131.7,131.7,123.4,27.6,31.0,31.0,31.0,31.0,31.0,31.0,25.0,25.0,25.0,25.0,25.0,25.0,25.0,25.0,25.0,67,70,68,68,67,68,68,66,66,67,67,66,66,66,66,33,30,32,32,33,32,32,34,34,33,33,34,34,34,34,76,70,No,No,No,No,No,No,No,No,No,No,No,No,No,No,No,No,No,No,No,No,No,No,No,No,No,No,No,No,No,No,Yes,Yes,Yes,Yes,Yes,Yes,Yes,Yes,Yes,Yes,Yes,Yes,Yes,Yes,Yes,No,No,Yes,76,69,64,1.100,40.501,45.624,38.735,0.001,5.529,0.716,175.0,175.0,175.0,175.0,0,0.0,99.4,99.7,99.7,99.8,99.8,98.4,99.8,99.8,99.8,99.8,99.8,99.8,99.8,96.5,99.1,99.2,99.4,99.5,99.7,99.6,99.7,0.0,0.0,0.0,0.0,0.0,0.0,0.0,0.0,0.0,0.0,0.0,0.0,0.0,0.0,0.0,0.0,0.0,0.0,0.0,0.0,0.0,0.0,0.0,0.0,0.0,0.0,0.0,0.0,0.0,0.0,0.0,0.0,0.0,0.0,0.0,0.0,0.0,2394.1,24.00,36,35,35,68,103,383,2,2,Yes,No,No,No,No,No,No,No,Yes,No,No,No,No,Yes,No,No,No,No,No,No,No,Yes,No,No,No,No,No,No,No,No,No,No,No,No,No,No,No,No,89.0,4500,2520,4320,71.5,1.095,1.110,1.800,1.815,1.005,5.110,1.625,No,No,No,71.5,1.095,1.110,1.800,1.815,1.005,5.110,2.000,No,No,No,43,43,94.0,100.0,No,No,32155,47955,36,70,99.0,100.0,No,No,1844,3246,100.0,0.5,100.0,27.177,2.235,63996,49048,0.0,0.0,0.0,0.000,0.000,164001,82786,58.4,64.0,65.8,83.0,0.870,20.674,20.667,20.681,21.319,9.576,9.646,8.722,18.385,3.000,11.729,7.758,7.793,100.000,140.000,2175.0,2150.2,1875.0,2175.0,1890.0,0.0,0.0,0.0,0.0,12.1,0.0,0.0,0.0,0.0,0.0,Yes,No,No,No,No,Yes,No,0,0,0,0,0,0,0,0,0,0,0,0,0,0,0,0,0,0,0,0,0,0,0,0,0,0,0,0,0,0,7199,989,755,91,16.0,65,0.300,45.630,600.0,2194.0,0.1,0.0,0.0,0.0,0.0,0.0,0.0,0.0,0.8,127,16065,127,No,No,No,No,No,No,No,No,16.747,68.277,100.0,0.000,24.1,0,0,0,0.0,1.5,1.5,1.5,1.5,1.5,1.5,1.6,1.6,1.6,1.6,1.6,1.6,646.33,646.33,646.33,646.33,646.33,646.33,0.35,645.87,646.33,0.00,437.96,648,7,0.0,0.0,0,0,0.0,0.0,0,
9.6.2026,13:36:46.992,20660,28108,42.3,17198,15186,53.1,10.5,16384,1715,0.884,0.877,0.867,0.871,0.872,0.886,0.904,0.899,0.882,0.882,0.882,0.882,0.890,0.885,0.902,0.808,0.783,2786.7,3093.2,3093.2,3093.2,3093.2,3093.2,3193.0,2594.3,2594.3,2594.3,2594.3,2494.5,2494.5,2494.5,2494.5,99.8,2494.5,2868.7,3118.7,3122.7,3125.8,3124.9,3080.8,3126.0,3119.4,3117.7,3124.9,3127.1,3126.5,3124.8,2435.9,2496.3,2509.8,2515.1,2494.5,2492.8,2495.9,2493.8,2962.3,100.0,99.9,100.0,100.0,99.9,100.0,100.0,100.0,99.9,99.9,100.0,100.0,99.9,99.9,99.9,100.0,100.0,100.0,100.0,100.0,99.9,100.0,100.0,100.0,124.5,118.8,118.9,119.0,118.9,119.0,119.0,118.7,118.6,118.9,119.0,119.0,118.9,133.5,133.5,133.5,133.6,132.2,132.2,132.2,132.2,124.5,27.9,31.0,31.0,31.0,31.0,31.0,32.0,26.0,26.0,26.0,26.0,25.0,25.0,25.0,25.0,25.0,67,68,68,69,67,68,67,66,67,67,67,65,65,65,65,33,32,32,31,33,32,33,34,33,33,33,35,35,35,35,76,69,No,No,No,No,No,No,No,No,No,No,No,No,No,No,No,No,No,No,No,No,No,No,No,No,No,No,No,No,No,No,Yes,Yes,Yes,Yes,Yes,Yes,Yes,Yes,Yes,Yes,Yes,Yes,Yes,Yes,Yes,No,No,Yes,76,69,64,1.100,40.501,43.803,36.351,0.001,5.591,0.730,175.0,175.0,175.0,175.0,0,0.0,99.3,99.5,99.6,99.7,99.7,98.3,99.7,99.7,99.7,99.7,99.7,99.7,99.7,96.2,98.5,99.1,99.3,99.5,99.4,99.5,99.5,0.0,0.0,0.0,0.0,0.0,0.0,0.0,0.0,0.1,0.0,0.0,0.0,0.0,0.0,0.1,0.0,0.0,0.0,0.0,0.0,0.0,0.0,0.0,0.0,0.0,0.0,0.0,0.0,0.0,0.0,0.0,0.0,0.0,0.0,0.0,0.0,0.0,2394.7,24.00,36,35,35,68,103,383,2,2,Yes,No,No,No,No,No,No,No,Yes,No,No,No,No,Yes,No,No,No,No,No,No,No,Yes,No,No,No,No,No,No,No,No,No,No,No,No,No,No,No,No,90.0,4380,2520,4200,71.2,1.095,1.110,1.800,1.815,1.005,5.110,1.250,No,No,No,71.5,1.095,1.110,1.800,1.815,1.005,5.110,1.125,No,No,No,43,43,94.0,100.0,No,No,32155,47955,37,70,99.0,100.0,No,No,1844,3246,100.0,0.5,100.0,27.657,3.632,64048,49055,0.0,0.0,0.0,0.000,0.000,164001,82786,58.5,64.0,65.8,83.0,0.870,20.681,20.672,20.690,21.263,9.556,9.611,8.703,18.332,3.000,11.709,7.754,7.786,100.000,140.000,2175.0,2150.2,1875.0,2175.0,1890.0,0.0,0.0,0.0,0.0,12.1,0.0,0.0,0.0,0.0,0.0,Yes,No,No,No,No,Yes,No,0,0,0,0,0,0,0,0,0,0,0,0,0,0,0,0,0,0,0,0,0,0,0,0,0,0,0,0,0,0,7199,989,755,91,16.0,64,0.300,43.236,600.0,2394.0,0.1,0.0,0.0,0.0,0.0,0.0,0.0,0.0,0.8,127,16065,127,No,No,No,No,No,No,No,No,16.746,68.277,100.0,0.000,24.1,0,0,0,0.0,1.5,1.5,1.5,1.5,1.5,1.5,1.6,1.6,1.6,1.6,1.6,1.6,646.33,646.33,646.33,646.33,646.33,646.33,0.35,645.87,646.33,0.00,437.96,648,7,4.3,3.2,0,0,0.0,0.0,0,
9.6.2026,13:36:48.980,20660,28108,42.3,17206,15178,53.1,10.5,16384,1715,0.870,0.872,0.872,0.887,0.891,0.880,0.863,0.871,0.858,0.868,0.868,0.868,0.868,0.858,0.858,0.808,0.781,2786.0,3092.4,3092.4,3092.4,3092.4,3192.2,3092.4,2593.7,2593.7,2593.7,2593.7,2493.9,2493.9,2493.9,2493.9,99.8,2493.9,2874.6,3127.2,3121.5,3130.7,3130.4,3095.1,3131.0,3123.5,3122.4,3130.2,3132.0,3132.0,3131.7,2469.2,2513.8,2519.9,2521.9,2488.7,2486.6,2492.4,2492.5,2970.8,100.0,100.0,99.9,100.0,99.9,100.0,100.0,100.0,100.0,99.9,100.0,100.0,100.0,100.0,100.0,100.0,100.0,100.0,100.0,100.0,100.0,100.0,100.0,100.0,124.5,119.1,119.0,119.1,119.1,119.1,119.1,118.8,118.8,119.0,119.1,119.1,119.1,133.7,133.7,133.7,133.7,131.9,132.0,132.0,131.9,124.5,27.9,31.0,31.0,31.0,31.0,32.0,31.0,26.0,26.0,26.0,26.0,25.0,25.0,25.0,25.0,25.0,67,69,67,68,66,67,68,67,68,68,68,66,66,66,66,33,31,33,32,34,33,32,33,32,32,32,34,34,34,34,76,69,No,No,No,No,No,No,No,No,No,No,No,No,No,No,No,No,No,No,No,No,No,No,No,No,No,No,No,No,No,No,Yes,Yes,Yes,Yes,Yes,Yes,Yes,Yes,Yes,Yes,Yes,Yes,Yes,Yes,Yes,No,No,Yes,76,69,64,1.100,34.594,44.292,37.190,0.001,5.532,0.685,175.0,175.0,175.0,175.0,0,0.0,99.5,99.7,99.5,99.8,99.8,98.6,99.8,99.8,99.7,99.7,99.8,99.8,99.8,97.4,99.1,99.4,99.5,99.5,99.4,99.6,99.6,0.0,0.0,0.0,0.0,0.0,0.0,0.0,0.0,0.0,0.0,0.0,0.0,0.0,0.0,0.0,0.0,0.0,0.0,0.0,0.0,0.0,0.0,0.0,0.0,0.0,0.0,0.0,0.0,0.0,0.0,0.0,0.0,0.0,0.0,0.0,0.0,0.0,2194.6,22.00,32,32,32,62,103,351,2,2,Yes,No,No,No,No,No,No,No,Yes,No,No,No,No,Yes,No,No,No,No,No,No,No,Yes,No,No,No,No,No,No,No,No,No,No,No,No,No,No,No,No,90.0,4380,2460,4140,71.2,1.095,1.110,1.800,1.815,1.005,5.110,2.250,No,No,No,71.5,1.095,1.110,1.800,1.800,1.005,5.110,2.625,No,No,No,43,43,94.0,100.0,No,No,32155,47956,37,70,99.0,100.0,No,No,1844,3246,100.0,2.1,100.0,26.531,1.334,64100,49057,0.0,0.0,0.0,0.000,0.000,164001,82786,58.5,62.0,65.8,83.0,0.870,20.671,20.665,20.676,21.280,9.544,9.602,8.679,18.299,3.000,11.687,7.753,7.787,100.000,140.000,2175.0,2150.2,1875.0,2175.0,1890.0,0.0,0.0,0.0,0.0,12.1,0.0,0.0,0.0,0.0,0.0,Yes,No,No,No,No,Yes,No,0,0,0,0,0,0,0,0,0,0,0,0,0,0,0,0,0,0,0,0,0,0,0,0,0,0,0,0,0,0,7199,989,755,91,16.0,64,0.300,44.334,600.0,2394.0,0.1,0.0,0.0,0.0,0.0,0.0,0.0,0.0,0.8,127,16065,127,No,No,No,No,No,No,No,No,16.747,68.277,100.0,0.000,24.1,0,0,0,0.0,1.5,1.5,1.5,1.5,1.5,1.5,1.6,1.6,1.6,1.6,1.6,1.6,646.33,646.33,646.33,646.33,646.33,646.33,0.35,645.87,646.33,0.00,437.96,648,7,2.3,0.0,0,0,0.0,0.0,0,
9.6.2026,13:36:50.989,20655,28112,42.3,17196,15187,53.1,10.5,16384,1715,0.886,0.887,0.869,0.895,0.890,0.894,0.887,0.886,0.886,0.893,0.891,0.890,0.876,0.879,0.882,0.818,0.783,2814.5,3192.2,3092.4,3192.2,3192.2,3192.2,3192.2,2593.7,2593.7,2593.7,2593.7,2493.9,2493.9,2493.9,2493.9,99.8,2593.7,2868.9,3121.9,3116.6,3124.7,3125.2,3086.5,3124.8,3120.6,3119.7,3124.9,3125.0,3125.2,3126.0,2445.0,2499.8,2504.2,2513.3,2492.2,2489.2,2496.2,2497.1,2962.7,100.0,100.0,100.0,100.0,100.0,100.0,100.0,100.0,100.0,100.0,100.0,100.0,100.0,100.0,100.0,100.0,100.0,100.0,100.0,100.0,100.0,100.0,100.0,100.0,124.4,118.8,118.8,118.8,118.9,118.9,118.9,118.7,118.7,118.9,118.8,118.8,118.8,133.3,133.3,133.3,133.3,132.2,132.2,132.2,132.2,124.4,28.2,32.0,31.0,32.0,32.0,32.0,32.0,26.0,26.0,26.0,26.0,25.0,25.0,25.0,25.0,26.0,67,68,68,67,67,66,68,67,67,67,68,65,65,65,66,33,32,32,33,33,34,32,33,33,33,32,35,35,35,34,76,68,No,No,No,No,No,No,No,No,No,No,No,No,No,No,No,No,No,No,No,No,No,No,No,No,No,No,No,No,No,No,Yes,Yes,Yes,Yes,Yes,Yes,Yes,Yes,Yes,Yes,Yes,Yes,Yes,Yes,Yes,No,No,Yes,76,69,65,1.100,39.657,44.131,36.874,0.001,5.663,0.766,175.0,175.0,175.0,175.0,0,0.0,99.4,99.7,99.5,99.8,99.8,98.6,99.8,99.8,99.8,99.8,99.8,99.8,99.8,96.7,98.9,99.1,99.4,99.4,99.3,99.6,99.6,0.0,0.0,0.0,0.0,0.0,0.0,0.0,0.0,0.0,0.0,0.0,0.0,0.0,0.0,0.0,0.0,0.0,0.0,0.0,0.0,0.0,0.0,0.0,0.0,0.0,0.0,0.0,0.0,0.0,0.0,0.0,0.0,0.0,0.0,0.0,0.0,0.0,2394.1,24.00,36,35,35,68,103,383,2,2,Yes,No,No,No,No,No,No,No,Yes,No,No,No,No,Yes,No,No,No,No,No,No,No,Yes,No,No,No,No,No,No,No,No,No,No,No,No,No,No,No,No,91.0,4380,2520,4140,71.2,1.095,1.110,1.800,1.815,0.990,5.110,2.250,No,No,No,71.5,1.095,1.110,1.800,1.815,1.005,5.110,1.875,No,No,No,43,43,94.0,100.0,No,No,32155,47956,37,70,99.0,100.0,No,No,1844,3246,100.0,2.7,100.0,26.885,2.567,64152,49062,0.0,0.0,0.0,0.000,0.000,164001,82786,58.5,64.0,65.8,83.0,0.870,20.676,20.668,20.683,21.290,9.556,9.622,8.701,18.325,3.000,11.704,7.753,7.787,100.000,140.000,2175.0,2150.2,1875.0,2175.0,1890.0,0.0,0.0,0.0,0.0,12.1,0.0,0.0,0.0,0.0,0.0,Yes,No,No,No,No,Yes,No,0,0,0,0,0,0,0,0,0,0,0,0,0,0,0,0,0,0,0,0,0,0,0,0,0,0,0,0,0,0,7199,989,755,91,16.0,64,0.300,43.903,600.0,2194.0,0.1,0.0,0.0,0.0,0.0,0.0,0.0,0.0,0.8,127,16065,127,No,No,No,No,No,No,No,No,16.748,68.277,100.0,0.000,24.1,0,0,0,0.0,1.5,1.5,1.5,1.5,1.5,1.5,1.6,1.6,1.6,1.6,1.6,1.6,646.33,646.33,646.33,646.33,646.33,646.33,0.35,645.87,646.33,0.00,437.96,648,7,0.2,0.0,0,0,0.0,0.0,0,
9.6.2026,13:36:52.989,20658,28110,42.3,17198,15186,53.1,10.5,16384,1715,0.882,0.873,0.887,0.890,0.881,0.884,0.871,0.894,0.880,0.883,0.883,0.882,0.881,0.881,0.881,0.818,0.778,2821.7,3192.2,3192.2,3192.2,3192.2,3192.2,3192.2,2593.7,2593.7,2593.7,2593.7,2493.9,2493.9,2493.9,2493.9,99.8,2593.7,2876.5,3134.5,3134.6,3137.9,3138.1,3092.0,3138.8,3133.4,3133.2,3138.7,3138.9,3139.1,3138.1,2447.2,2504.5,2516.2,2521.1,2483.5,2485.3,2487.7,2487.6,2974.1,100.0,100.0,100.0,100.0,100.0,100.0,100.0,100.0,100.0,100.0,100.0,100.0,99.9,99.9,99.9,99.9,100.0,100.0,100.0,100.0,100.0,100.0,100.0,100.0,124.7,119.3,119.3,119.3,119.3,119.3,119.3,119.2,119.1,119.3,119.3,119.3,119.3,133.7,133.7,133.8,133.8,131.6,131.6,131.6,131.7,124.7,28.3,32.0,32.0,32.0,32.0,32.0,32.0,26.0,26.0,26.0,26.0,25.0,25.0,25.0,25.0,26.0,67,69,68,69,66,68,68,68,68,68,68,65,65,65,65,33,31,32,31,34,32,32,32,32,32,32,35,35,35,35,77,69,No,No,No,No,No,No,No,No,No,No,No,No,No,No,No,No,No,No,No,No,No,No,No,No,No,No,No,No,No,No,Yes,Yes,Yes,Yes,Yes,Yes,Yes,Yes,Yes,Yes,Yes,Yes,Yes,Yes,Yes,No,No,Yes,76,70,65,1.100,43.032,44.052,36.991,0.002,5.587,0.717,175.0,175.0,175.0,175.0,0,0.0,99.4,99.7,99.7,99.8,99.8,98.3,99.8,99.8,99.8,99.8,99.8,99.8,99.7,96.4,98.7,99.1,99.3,99.5,99.6,99.7,99.7,0.0,0.0,0.0,0.0,0.0,0.0,0.0,0.1,0.1,0.0,0.0,0.0,0.0,0.0,0.0,0.0,0.0,0.0,0.0,0.0,0.0,0.0,0.0,0.0,0.0,0.0,0.0,0.0,0.0,0.0,0.0,0.0,0.0,0.0,0.0,0.0,0.0,2194.6,22.00,32,32,32,62,103,351,2,2,Yes,No,No,No,No,No,No,No,Yes,No,No,No,No,Yes,No,No,No,No,No,No,No,Yes,No,No,No,No,No,No,No,No,No,No,No,No,No,No,No,No,91.0,4380,2460,4140,71.2,1.095,1.110,1.800,1.815,0.990,5.110,1.375,No,No,No,71.5,1.095,1.110,1.800,1.815,0.990,5.110,1.125,No,No,No,44,44,94.0,100.0,No,No,32155,47956,37,70,99.0,100.0,No,No,1844,3246,100.0,1.7,100.0,27.133,1.393,64204,49065,0.0,0.0,0.0,0.000,0.000,164001,82786,58.5,64.0,65.9,83.0,0.870,20.685,20.675,20.694,21.278,9.544,9.599,8.684,18.294,3.000,11.683,7.759,7.792,100.000,140.000,2175.0,2150.2,1875.0,2175.0,1890.0,0.0,0.0,0.0,0.0,12.1,0.0,0.0,0.0,0.0,0.0,Yes,No,No,No,No,Yes,No,0,0,0,0,0,0,0,0,0,0,0,0,0,0,0,0,0,0,0,0,0,0,0,0,0,0,0,0,0,0,7199,989,755,90,16.0,65,0.300,44.317,600.0,2394.0,0.2,0.0,0.0,0.0,0.0,0.0,0.0,0.0,0.8,127,16065,127,No,No,No,No,No,No,No,No,16.748,68.277,100.0,0.000,24.1,0,0,0,0.0,1.5,1.5,1.5,1.5,1.5,1.5,1.6,1.6,1.6,1.6,1.6,1.6,646.33,646.33,646.33,646.33,646.33,646.33,0.35,645.87,646.33,0.00,437.96,648,7,1.8,0.4,0,0,0.0,0.0,0,
9.6.2026,13:36:54.982,20651,28117,42.3,17182,15202,53.0,10.5,16384,1715,0.875,0.871,0.875,0.875,0.875,0.906,0.868,0.867,0.871,0.871,0.871,0.876,0.876,0.876,0.876,0.808,0.778,2650.7,3092.4,3092.4,3092.4,3092.4,3092.4,3092.4,2493.9,2493.9,2493.9,1097.3,2493.9,2493.9,2493.9,2493.9,99.8,2493.9,2878.1,3134.3,3134.0,3135.8,3134.4,3092.9,3136.4,3126.5,3127.0,3133.8,3134.4,3131.3,3131.5,2463.3,2515.9,2522.9,2525.7,2494.9,2494.0,2496.2,2496.1,2973.7,99.9,99.9,99.9,99.9,99.9,100.0,100.0,99.9,100.0,100.0,100.0,99.9,99.9,99.9,99.9,99.9,100.0,100.0,99.9,100.0,100.0,100.0,99.9,100.0,124.8,119.3,119.3,119.3,119.3,119.4,119.4,119.0,119.1,119.3,119.3,119.2,119.3,134.0,134.0,134.0,134.1,132.1,132.0,132.1,132.1,124.8,26.6,31.0,31.0,31.0,31.0,31.0,31.0,25.0,25.0,25.0,11.0,25.0,25.0,25.0,25.0,25.0,67,69,68,68,66,68,68,67,67,67,67,66,66,66,66,33,31,32,32,34,32,32,33,33,33,33,34,34,34,34,76,69,No,No,No,No,No,No,No,No,No,No,No,No,No,No,No,No,No,No,No,No,No,No,No,No,No,No,No,No,No,No,Yes,Yes,Yes,Yes,Yes,Yes,Yes,Yes,Yes,Yes,Yes,Yes,Yes,Yes,Yes,No,No,Yes,76,70,64,1.100,43.032,45.981,38.554,0.001,5.614,0.729,175.0,175.0,175.0,175.0,0,0.0,99.5,99.7,99.7,99.7,99.7,98.4,99.8,99.7,99.8,99.8,99.8,99.7,99.8,97.1,99.2,99.4,99.6,99.6,99.6,99.7,99.7,0.0,0.0,0.0,0.0,0.0,0.0,0.0,0.1,0.0,0.1,0.0,0.0,0.1,0.0,0.0,0.0,0.0,0.0,0.0,0.0,0.0,0.0,0.0,0.0,0.0,0.0,0.0,0.0,0.0,0.0,0.0,0.0,0.0,0.0,0.0,0.0,0.0,2394.1,24.00,36,35,35,68,103,383,2,2,Yes,No,No,No,No,No,No,No,Yes,No,No,No,No,Yes,No,No,No,No,No,No,No,Yes,No,No,No,No,No,No,No,No,No,No,No,No,No,No,No,No,91.0,4380,2460,4140,71.2,1.110,1.110,1.800,1.815,0.990,5.110,1.500,No,No,No,71.2,1.095,1.110,1.800,1.815,0.990,5.110,1.875,No,No,No,44,44,94.0,100.0,No,No,32155,47956,37,70,99.0,100.0,No,No,1844,3246,100.0,1.7,100.0,27.537,2.213,64257,49069,0.0,0.0,0.0,0.000,0.000,164001,82786,58.5,64.0,65.8,83.0,0.870,20.682,20.673,20.692,21.265,9.535,9.585,8.662,18.271,3.000,11.673,7.758,7.793,100.000,140.000,2175.0,2150.2,1875.0,2175.0,1890.0,0.0,0.0,0.0,0.0,12.1,0.0,0.0,0.0,0.0,0.0,Yes,No,No,No,No,Yes,No,0,0,0,0,0,0,0,0,0,0,0,0,0,0,0,0,0,0,0,0,0,0,0,0,0,0,0,0,0,0,7199,989,755,89,16.0,64,0.300,46.944,600.0,2194.0,0.1,0.0,0.0,0.0,0.0,0.0,0.0,0.0,0.8,127,16065,127,No,No,No,No,No,No,No,No,16.747,68.277,100.0,0.000,24.1,0,0,0,0.0,1.5,1.5,1.5,1.5,1.5,1.5,1.6,1.6,1.6,1.6,1.6,1.6,646.33,646.33,646.33,646.33,646.33,646.33,0.35,645.87,646.33,0.00,437.96,648,7,0.7,0.2,0,0,0.0,0.0,0,
9.6.2026,13:36:56.998,20659,28109,42.3,17199,15185,53.1,10.5,16384,1715,0.901,0.888,0.902,0.897,0.899,0.904,0.895,0.903,0.903,0.903,0.903,0.903,0.907,0.908,0.908,0.818,0.781,2864.4,3192.2,3192.2,3192.2,3192.2,3291.9,3291.9,2593.7,2593.7,2593.7,2593.7,2593.7,2593.7,2593.7,2593.7,99.8,2593.7,2893.2,3138.1,3147.1,3144.1,3144.9,3111.2,3153.7,3146.2,3146.3,3145.5,3152.3,3150.4,3133.1,2460.6,2514.1,2535.9,2546.4,2525.7,2526.1,2516.9,2526.1,2985.6,99.7,99.6,99.9,99.7,99.7,99.9,100.0,99.8,99.8,99.7,99.9,99.8,99.3,99.4,99.3,99.7,99.9,99.8,99.8,99.7,99.8,100.0,99.7,100.0,125.3,119.5,119.8,119.6,119.5,119.8,119.9,119.6,119.6,119.6,119.8,119.7,119.1,134.1,133.9,134.4,134.7,133.5,133.5,133.3,133.5,125.3,28.7,32.0,32.0,32.0,32.0,33.0,33.0,26.0,26.0,26.0,26.0,26.0,26.0,26.0,26.0,26.0,67,69,69,69,67,67,67,66,66,66,66,65,65,65,65,33,31,31,31,33,33,33,34,34,34,34,35,35,35,35,76,69,No,No,No,No,No,No,No,No,No,No,No,No,No,No,No,No,No,No,No,No,No,No,No,No,No,No,No,No,No,No,Yes,Yes,Yes,Yes,Yes,Yes,Yes,Yes,Yes,Yes,Yes,Yes,Yes,Yes,Yes,No,No,Yes,77,70,64,1.100,43.032,45.936,38.816,0.001,5.533,0.700,175.0,175.0,175.0,175.0,0,0.0,99.2,99.4,99.6,99.5,99.5,98.4,99.8,99.6,99.6,99.5,99.7,99.6,99.1,96.2,98.3,99.1,99.5,99.5,99.5,99.1,99.5,0.2,0.0,0.0,0.0,0.0,0.0,0.0,0.6,0.7,0.3,0.1,0.1,0.2,0.5,0.2,0.0,0.0,0.0,0.0,0.0,0.0,0.0,0.0,0.0,0.0,0.0,0.0,0.0,0.0,0.0,0.0,0.0,0.0,0.0,0.0,0.0,0.0,2194.6,22.00,32,32,32,62,103,351,2,2,Yes,No,No,No,No,No,No,No,Yes,No,No,No,No,Yes,No,No,No,No,No,No,No,Yes,No,No,No,No,No,No,No,No,No,No,No,No,No,No,No,No,91.0,4320,2460,4140,71.2,1.110,1.110,1.800,1.815,0.990,5.110,1.375,No,No,No,71.2,1.110,1.110,1.800,1.815,0.990,5.110,1.500,No,No,No,44,44,94.0,100.0,No,No,32155,47956,37,70,99.0,100.0,No,No,1844,3246,100.0,0.9,100.0,28.780,1.151,64310,49071,0.0,0.0,0.0,0.000,0.000,164001,82786,58.5,64.0,65.8,83.0,0.870,20.676,20.669,20.683,21.209,9.524,9.582,8.640,18.242,3.000,11.653,7.758,7.792,100.000,140.000,2175.0,2150.2,1875.0,2175.0,1890.0,0.0,0.0,0.0,0.0,12.1,0.0,0.0,0.0,0.0,0.0,Yes,No,No,No,No,Yes,No,0,0,0,0,0,0,0,0,0,0,0,0,0,0,0,0,0,0,0,0,0,0,0,0,0,0,0,0,0,0,7199,989,755,88,16.0,65,0.300,45.587,600.0,2394.0,0.1,0.0,0.0,0.0,0.0,0.0,0.0,0.0,0.8,127,16065,127,No,No,No,No,No,No,No,No,16.746,68.277,100.0,0.000,24.1,0,0,0,0.0,1.5,1.5,1.5,1.5,1.5,1.5,1.6,1.6,1.6,1.6,1.6,1.6,646.33,646.33,646.33,646.33,646.33,646.33,0.35,645.87,646.33,0.00,437.96,648,7,0.2,0.1,0,0,0.0,0.0,0,
9.6.2026,13:36:59.002,20653,28115,42.3,17194,15190,53.0,10.5,16384,1715,0.873,0.869,0.868,0.872,0.874,0.869,0.869,0.877,0.877,0.877,0.875,0.875,0.875,0.875,0.874,0.808,0.781,2750.4,3092.4,3092.4,3092.4,3092.4,3092.4,3092.4,2493.9,2493.9,2493.9,2493.9,2493.9,2493.9,2493.9,2493.9,99.8,2493.9,2857.2,3109.7,3103.8,3112.8,3110.4,3067.7,3112.5,3107.8,3107.8,3111.2,3105.9,3111.4,3108.4,2417.7,2481.2,2490.6,2494.4,2494.1,2498.5,2497.9,2499.3,2947.1,99.9,100.0,99.8,100.0,99.9,100.0,100.0,100.0,99.9,99.9,99.8,100.0,99.8,99.7,99.8,99.9,99.9,99.9,100.0,99.7,100.0,100.0,99.9,100.0,123.9,118.4,118.2,118.4,118.3,118.4,118.4,118.3,118.3,118.3,118.2,118.4,118.2,132.3,132.4,132.5,132.6,132.3,132.4,132.0,132.4,123.9,27.6,31.0,31.0,31.0,31.0,31.0,31.0,25.0,25.0,25.0,25.0,25.0,25.0,25.0,25.0,25.0,68,69,68,69,67,68,68,68,68,68,68,66,66,66,66,32,31,32,31,33,32,32,32,32,32,32,34,34,34,34,76,69,No,No,No,No,No,No,No,No,No,No,No,No,No,No,No,No,No,No,No,No,No,No,No,No,No,No,No,No,No,No,Yes,Yes,Yes,Yes,Yes,Yes,Yes,Yes,Yes,Yes,Yes,Yes,Yes,Yes,Yes,No,No,Yes,76,69,64,1.100,45.563,44.842,37.806,0.001,5.476,0.670,175.0,175.0,175.0,175.0,0,0.0,99.4,99.7,99.5,99.8,99.7,98.4,99.8,99.8,99.8,99.8,99.7,99.8,99.7,96.2,98.7,99.1,99.3,99.4,99.6,99.6,99.7,0.0,0.0,0.0,0.0,0.0,0.0,0.0,0.1,0.1,0.1,0.0,0.1,0.0,0.1,0.0,0.0,0.0,0.0,0.0,0.0,0.0,0.0,0.0,0.0,0.0,0.0,0.0,0.0,0.0,0.0,0.0,0.0,0.0,0.0,0.0,0.0,0.0,2194.6,22.00,32,32,32,62,103,351,2,2,Yes,No,No,No,No,No,No,No,Yes,No,No,No,No,Yes,No,No,No,No,No,No,No,Yes,No,No,No,No,No,No,No,No,No,No,No,No,No,No,No,No,92.0,4320,2460,4140,71.2,1.110,1.110,1.815,1.815,0.990,5.110,1.250,No,No,No,71.2,1.110,1.110,1.800,1.815,0.990,5.110,1.875,No,No,No,44,44,94.0,100.0,No,No,32155,47956,36,70,99.0,100.0,No,No,1844,3246,100.0,1.6,100.0,28.435,1.084,64366,49073,0.0,0.0,0.0,0.000,0.000,164001,82786,58.5,62.0,65.9,83.0,0.870,20.687,20.677,20.697,21.250,9.537,9.592,8.664,18.275,3.000,11.679,7.758,7.793,100.000,140.000,2175.0,2150.2,1875.0,2175.0,1890.0,0.0,0.0,0.0,0.0,12.1,0.0,0.1,0.0,0.0,0.0,Yes,No,No,No,No,Yes,No,0,0,0,0,0,0,0,0,0,0,0,0,0,0,0,0,0,0,0,0,0,0,0,0,0,0,0,0,0,0,7199,989,755,91,16.0,65,0.300,44.943,600.0,2194.0,0.1,0.0,0.0,0.0,0.0,0.0,0.0,0.0,0.8,127,16065,127,No,No,No,No,No,No,No,No,16.746,68.277,100.0,0.000,24.1,0,0,0,0.0,1.5,1.5,1.5,1.5,1.5,1.5,1.6,1.6,1.6,1.6,1.6,1.6,646.33,646.33,646.33,646.33,646.33,646.33,0.35,645.87,646.33,0.00,437.96,648,7,0.5,3.2,0,0,0.0,0.0,0,
9.6.2026,13:37:1.000,20658,28110,42.3,17195,15189,53.0,10.5,16384,1715,0.881,0.890,0.885,0.871,0.871,0.887,0.875,0.879,0.877,0.882,0.882,0.882,0.882,0.882,0.882,0.818,0.783,2778.9,3192.2,3192.2,3092.4,3092.4,3192.2,3092.4,2593.7,2493.9,2493.9,2493.9,2493.9,2493.9,2493.9,2493.9,99.8,2593.7,2859.8,3112.0,3112.3,3108.2,3114.9,3079.3,3115.5,3105.7,3105.2,3114.2,3114.2,3114.7,3114.8,2438.1,2494.6,2497.8,2503.8,2488.6,2488.7,2483.0,2491.2,2952.8,100.0,100.0,100.0,100.0,100.0,100.0,100.0,100.0,100.0,100.0,100.0,100.0,100.0,100.0,100.0,100.0,100.0,100.0,100.0,100.0,100.0,100.0,100.0,100.0,124.0,118.5,118.5,118.4,118.4,118.5,118.5,118.1,118.1,118.4,118.4,118.4,118.4,133.0,133.0,133.0,133.0,131.9,131.9,131.9,131.9,124.0,27.9,32.0,32.0,31.0,31.0,32.0,31.0,26.0,25.0,25.0,25.0,25.0,25.0,25.0,25.0,26.0,67,69,68,68,67,67,68,66,68,68,67,65,65,65,65,33,31,32,32,33,33,32,34,32,32,33,35,35,35,35,77,69,No,No,No,No,No,No,No,No,No,No,No,No,No,No,No,No,No,No,No,No,No,No,No,No,No,No,No,No,No,No,Yes,Yes,Yes,Yes,Yes,Yes,Yes,Yes,Yes,Yes,Yes,Yes,Yes,Yes,Yes,No,No,Yes,76,69,64,1.100,43.876,44.866,37.827,0.001,5.486,0.668,175.0,175.0,175.0,175.0,0,0.0,99.4,99.7,99.7,99.6,99.8,98.6,99.8,99.8,99.8,99.8,99.8,99.8,99.8,96.7,98.9,99.1,99.3,99.5,99.5,99.3,99.6,0.0,0.0,0.0,0.0,0.0,0.0,0.0,0.0,0.0,0.0,0.0,0.0,0.0,0.0,0.0,0.0,0.0,0.0,0.0,0.0,0.0,0.0,0.0,0.0,0.0,0.0,0.0,0.0,0.0,0.0,0.0,0.0,0.0,0.0,0.0,0.0,0.0,2394.1,24.00,36,35,35,68,103,383,2,2,Yes,No,No,No,No,No,No,No,Yes,No,No,No,No,Yes,No,No,No,No,No,No,No,Yes,No,No,No,No,No,No,No,No,No,No,No,No,No,No,No,No,91.0,4440,2520,4200,71.2,1.110,1.110,1.815,1.800,0.990,5.110,1.375,No,No,No,71.2,1.110,1.110,1.815,1.800,0.990,5.110,1.500,No,No,No,44,44,94.0,100.0,No,No,32155,47956,37,70,99.0,100.0,No,No,1844,3246,100.0,1.6,100.0,26.520,2.007,64417,49077,0.0,0.0,0.0,0.000,0.000,164001,82786,58.5,64.0,65.9,83.0,0.870,20.676,20.669,20.683,21.239,9.600,9.620,8.681,18.325,3.000,11.696,8.080,7.801,100.000,140.000,2175.0,2150.2,1875.0,2175.0,1890.0,0.0,0.0,0.0,0.0,12.1,0.0,0.0,0.0,0.0,0.0,Yes,No,No,No,No,Yes,No,0,0,0,0,0,0,0,0,0,0,0,0,0,0,0,0,0,0,0,0,0,0,0,0,0,0,0,0,0,0,7199,989,755,91,16.0,64,0.300,45.219,600.0,2194.0,0.1,0.0,0.0,0.0,0.0,0.0,0.0,0.0,0.8,127,16065,127,No,No,No,No,No,No,No,No,16.747,68.277,100.0,0.000,24.1,0,0,0,0.0,1.5,1.5,1.5,1.5,1.5,1.5,1.6,1.6,1.6,1.6,1.6,1.6,646.33,646.33,646.33,646.33,646.33,646.33,0.35,645.87,646.33,0.00,437.96,648,7,0.5,0.2,0,0,0.0,0.0,0,
9.6.2026,13:37:3.009,20654,28114,42.3,17199,15185,53.1,10.5,16384,1715,0.872,0.871,0.870,0.878,0.868,0.864,0.862,0.871,0.871,0.861,0.871,0.871,0.884,0.884,0.884,0.808,0.778,2657.8,3092.4,3092.4,3192.2,3092.4,3092.4,3092.4,2493.9,2493.9,1097.3,2493.9,2493.9,2493.9,2493.9,2493.9,99.8,2493.9,2878.9,3133.7,3133.3,3135.4,3134.4,3092.3,3134.4,3126.3,3125.2,3136.1,3135.5,3137.6,3137.6,2449.1,2514.4,2518.9,2525.1,2499.2,2502.7,2503.4,2503.4,2973.1,100.0,100.0,100.0,100.0,99.9,100.0,99.9,100.0,100.0,100.0,99.9,100.0,100.0,100.0,100.0,100.0,100.0,100.0,100.0,100.0,100.0,100.0,100.0,100.0,124.8,119.3,119.3,119.3,119.2,119.3,119.2,118.9,118.9,119.3,119.2,119.3,119.3,134.1,134.1,134.1,134.1,132.5,132.5,132.5,132.5,124.8,26.6,31.0,31.0,32.0,31.0,31.0,31.0,25.0,25.0,11.0,25.0,25.0,25.0,25.0,25.0,25.0,67,70,68,69,66,68,68,67,67,68,68,65,65,65,65,33,30,32,31,34,32,32,33,33,32,32,35,35,35,35,76,70,No,No,No,No,No,No,No,No,No,No,No,No,No,No,No,No,No,No,No,No,No,No,No,No,No,No,No,No,No,No,Yes,Yes,Yes,Yes,Yes,Yes,Yes,Yes,Yes,Yes,Yes,Yes,Yes,Yes,Yes,No,No,Yes,77,70,63,1.100,43.032,45.096,38.027,0.001,5.644,0.746,175.0,175.0,175.0,175.0,0,0.0,99.4,99.7,99.7,99.8,99.8,98.4,99.7,99.8,99.8,99.8,99.8,99.8,99.8,96.3,98.9,99.0,99.3,99.5,99.7,99.7,99.7,0.0,0.0,0.0,0.0,0.0,0.0,0.0,0.0,0.0,0.0,0.0,0.0,0.0,0.0,0.0,0.0,0.0,0.0,0.0,0.0,0.0,0.0,0.0,0.0,0.0,0.0,0.0,0.0,0.0,0.0,0.0,0.0,0.0,0.0,0.0,0.0,0.0,2194.6,22.00,32,32,32,62,103,351,2,2,Yes,No,No,No,No,No,No,No,Yes,No,No,No,No,Yes,No,No,No,No,No,No,No,Yes,No,No,No,No,No,No,No,No,No,No,No,No,No,No,No,No,92.0,4440,2460,4200,71.2,1.110,1.110,1.815,1.800,1.005,5.110,1.625,No,No,No,71.2,1.110,1.110,1.815,1.800,0.990,5.110,1.750,No,No,No,45,45,94.0,100.0,No,No,32155,47956,37,70,99.0,100.0,No,No,1844,3246,100.0,0.9,100.0,27.555,1.471,64469,49080,0.0,0.0,0.0,0.000,0.000,164001,82786,58.5,64.0,65.8,83.0,0.870,20.676,20.669,20.683,21.237,9.534,9.594,8.660,18.263,3.000,11.660,7.763,7.797,100.000,140.000,2175.0,2150.2,1875.0,2175.0,1890.0,0.0,0.0,0.0,0.0,12.1,0.0,0.0,0.0,0.0,0.0,Yes,No,No,No,No,Yes,No,0,0,0,0,0,0,0,0,0,0,0,0,0,0,0,0,0,0,0,0,0,0,0,0,0,0,0,0,0,0,7199,989,755,91,16.0,64,0.300,44.376,600.0,2394.0,0.1,0.0,0.0,0.0,0.0,0.0,0.0,0.0,0.8,127,16065,127,No,No,No,No,No,No,No,No,16.745,68.277,100.0,0.000,24.1,0,0,0,0.0,1.5,1.5,1.5,1.5,1.5,1.5,1.6,1.6,1.6,1.6,1.6,1.6,646.33,646.33,646.33,646.33,646.33,646.33,0.35,645.87,646.33,0.00,437.96,648,7,0.4,0.2,0,0,0.0,0.0,0,
9.6.2026,13:37:5.000,20661,28107,42.3,17200,15184,53.1,10.5,16384,1715,0.872,0.868,0.872,0.867,0.870,0.881,0.875,0.869,0.869,0.870,0.870,0.870,0.870,0.877,0.877,0.808,0.781,2750.4,3092.4,3092.4,3092.4,3092.4,3092.4,3092.4,2493.9,2493.9,2493.9,2493.9,2493.9,2493.9,2493.9,2493.9,99.8,2493.9,2875.0,3129.4,3129.8,3131.6,3131.4,3087.8,3131.3,3126.3,3125.8,3130.9,3130.6,3130.9,3131.4,2448.5,2514.4,2514.2,2520.0,2492.6,2496.6,2498.1,2497.7,2969.6,100.0,100.0,100.0,100.0,100.0,100.0,100.0,100.0,100.0,100.0,100.0,100.0,100.0,99.8,100.0,100.0,100.0,100.0,100.0,100.0,100.0,100.0,100.0,100.0,124.7,119.1,119.1,119.1,119.1,119.1,119.1,118.9,118.9,119.1,119.1,119.1,119.1,133.8,133.9,134.0,133.9,132.3,132.3,132.3,132.3,124.7,27.6,31.0,31.0,31.0,31.0,31.0,31.0,25.0,25.0,25.0,25.0,25.0,25.0,25.0,25.0,25.0,67,69,67,69,67,68,68,67,67,67,67,65,65,65,65,33,31,33,31,33,32,32,33,33,33,33,35,35,35,35,76,69,No,No,No,No,No,No,No,No,No,No,No,No,No,No,No,No,No,No,No,No,No,No,No,No,No,No,No,No,No,No,Yes,Yes,Yes,Yes,Yes,Yes,Yes,Yes,Yes,Yes,Yes,Yes,Yes,Yes,Yes,No,No,Yes,77,70,65,1.100,33.751,46.919,39.414,0.001,5.654,0.749,175.0,175.0,175.0,175.0,0,0.0,99.4,99.7,99.7,99.8,99.8,98.4,99.8,99.8,99.8,99.8,99.8,99.8,99.8,96.5,99.1,99.1,99.3,99.4,99.6,99.6,99.6,0.0,0.0,0.0,0.0,0.0,0.0,0.0,0.1,0.0,0.0,0.0,0.0,0.0,0.0,0.0,0.0,0.0,0.0,0.0,0.0,0.0,0.0,0.0,0.0,0.0,0.0,0.0,0.0,0.0,0.0,0.0,0.0,0.0,0.0,0.0,0.0,0.0,2394.1,24.00,36,35,35,68,103,383,2,2,Yes,No,No,No,No,No,No,No,Yes,No,No,No,No,Yes,No,No,No,No,No,No,No,Yes,No,No,No,No,No,No,No,No,No,No,No,No,No,No,No,No,92.0,4320,2460,4200,71.2,1.110,1.110,1.815,1.800,1.005,5.110,1.625,No,No,No,71.2,1.110,1.110,1.815,1.800,1.005,5.110,1.500,No,No,No,45,45,94.0,100.0,No,No,32155,47956,37,70,99.0,100.0,No,No,1844,3246,100.0,0.9,100.0,26.986,2.412,64521,49085,0.0,0.0,0.0,0.000,0.000,164001,82786,58.5,64.0,65.8,83.0,0.870,20.683,20.674,20.691,21.246,9.538,9.589,8.662,18.270,3.000,11.674,7.763,7.804,100.000,140.000,2175.0,2150.2,1875.0,2175.0,1890.0,0.0,0.0,0.0,0.0,12.1,0.0,0.0,0.0,0.0,0.0,Yes,No,No,No,No,Yes,No,0,0,0,0,0,0,0,0,0,0,0,0,0,0,0,0,0,0,0,0,0,0,0,0,0,0,0,0,0,0,7199,989,755,91,16.0,64,0.300,47.042,600.0,2194.0,0.1,0.0,0.0,0.0,0.0,0.0,0.0,0.0,0.8,127,16065,127,No,No,No,No,No,No,No,No,16.748,68.277,100.0,0.000,24.1,0,0,0,0.0,6.3,6.3,6.3,6.3,6.3,6.3,7.6,7.6,7.6,7.6,7.6,7.6,157.59,157.59,157.59,157.59,157.59,157.59,0.35,157.14,157.59,0.00,74.84,648,7,0.3,0.1,0,0,0.0,0.0,0,
9.6.2026,13:37:7.011,20638,28130,42.3,17179,15205,53.0,10.5,16384,1715,0.886,0.885,0.883,0.899,0.883,0.883,0.886,0.886,0.886,0.886,0.886,0.886,0.886,0.886,0.886,0.818,0.781,2850.2,3192.2,3192.2,3192.2,3192.2,3192.2,3192.2,2593.7,2593.7,2593.7,2593.7,2593.7,2593.7,2593.7,2593.7,99.8,2593.7,2887.1,3133.9,3139.5,3143.1,3134.9,3103.3,3142.8,3135.3,3136.7,3144.8,3115.3,3145.6,3140.6,2464.8,2522.4,2532.1,2540.7,2516.2,2517.7,2517.4,2514.7,2979.7,99.8,99.8,99.9,100.0,99.7,100.0,99.9,99.9,99.9,100.0,99.0,99.9,99.8,99.0,99.6,99.8,100.0,99.9,99.9,99.9,99.8,100.0,99.8,100.0,125.0,119.3,119.5,119.5,119.2,119.6,119.5,119.3,119.3,119.5,118.4,119.5,119.3,133.3,133.9,134.2,134.4,133.1,133.1,133.1,132.9,125.0,28.6,32.0,32.0,32.0,32.0,32.0,32.0,26.0,26.0,26.0,26.0,26.0,26.0,26.0,26.0,26.0,68,69,67,68,68,70,68,68,68,68,68,66,66,66,65,32,31,33,32,32,30,32,32,32,32,32,34,34,34,35,76,70,No,No,No,No,No,No,No,No,No,No,No,No,No,No,No,No,No,No,No,No,No,No,No,No,No,No,No,No,No,No,Yes,Yes,Yes,Yes,Yes,Yes,Yes,Yes,Yes,Yes,Yes,Yes,Yes,Yes,Yes,No,No,Yes,76,69,64,1.100,43.032,45.468,38.265,0.001,5.600,0.715,175.0,175.0,175.0,175.0,0,0.0,99.3,99.5,99.6,99.8,99.5,98.4,99.7,99.7,99.7,99.8,98.8,99.7,99.6,96.6,98.8,99.2,99.6,99.6,99.6,99.6,99.5,0.1,0.0,0.0,0.0,0.0,0.0,0.0,0.8,0.4,0.2,0.0,0.1,0.0,0.0,0.2,0.0,0.0,0.0,0.0,0.0,0.0,0.0,0.0,0.0,0.0,0.0,0.0,0.0,0.0,0.0,0.0,0.0,0.0,0.0,0.0,0.0,0.0,2194.6,22.00,32,32,32,62,103,351,2,2,Yes,No,No,No,No,No,No,No,Yes,No,No,No,No,Yes,No,No,No,No,No,No,No,Yes,No,No,No,No,No,No,No,No,No,No,No,No,No,No,No,No,91.0,4380,2520,4140,71.2,1.095,1.110,1.815,1.800,1.005,5.110,2.250,No,No,No,71.2,1.110,1.110,1.815,1.800,1.005,5.110,2.125,No,No,No,45,45,94.0,100.0,No,No,32155,47956,36,70,99.0,100.0,No,No,1844,3246,100.0,0.1,100.0,28.173,1.127,64574,49087,0.0,0.0,0.0,0.000,0.000,164001,82786,58.5,64.0,65.9,83.0,0.870,20.671,20.665,20.678,21.217,9.549,9.613,8.679,18.300,3.000,11.686,7.764,7.799,100.000,140.000,2175.0,2150.2,1875.0,2175.0,1890.0,0.0,0.0,0.0,0.0,12.1,0.0,0.0,0.0,0.0,0.0,Yes,No,No,No,No,Yes,No,0,0,0,0,0,0,0,0,0,0,0,0,0,0,0,0,0,0,0,0,0,0,0,0,0,0,0,0,0,0,7199,989,755,91,16.0,64,0.300,43.744,600.0,2394.0,0.1,0.0,0.0,0.0,0.0,0.0,0.0,0.0,0.8,127,16065,127,No,No,No,No,No,No,No,No,16.747,68.277,100.0,0.000,24.1,0,0,0,0.0,6.3,6.3,6.3,6.3,6.3,6.3,7.6,7.6,7.6,7.6,7.6,7.6,157.59,157.59,157.59,157.59,157.59,157.59,0.35,157.14,157.59,0.00,74.84,648,7,0.4,0.1,0,0,0.0,0.0,0,
9.6.2026,13:37:9.006,20639,28129,42.3,17159,15224,52.9,10.5,16384,1715,0.874,0.872,0.874,0.879,0.889,0.872,0.871,0.872,0.872,0.872,0.872,0.872,0.872,0.872,0.872,0.808,0.781,2750.4,3092.4,3092.4,3092.4,3092.4,3092.4,3092.4,2493.9,2493.9,2493.9,2493.9,2493.9,2493.9,2493.9,2493.9,99.8,2493.9,2861.3,3111.4,3111.5,3114.9,3113.7,3071.3,3114.9,3107.5,3106.6,3113.1,3113.0,3111.3,3111.4,2451.9,2499.3,2504.0,2506.2,2490.5,2490.2,2491.6,2492.2,2953.9,100.0,100.0,100.0,100.0,100.0,100.0,100.0,100.0,100.0,100.0,100.0,100.0,100.0,100.0,100.0,100.0,100.0,100.0,100.0,100.0,100.0,100.0,100.0,100.0,124.1,118.5,118.5,118.5,118.5,118.5,118.5,118.2,118.2,118.5,118.5,118.4,118.5,133.0,133.0,133.0,133.0,132.1,132.1,132.1,132.1,124.1,27.6,31.0,31.0,31.0,31.0,31.0,31.0,25.0,25.0,25.0,25.0,25.0,25.0,25.0,25.0,25.0,66,68,67,69,67,68,68,66,66,66,66,65,65,65,65,34,32,33,31,33,32,32,34,34,34,34,35,35,35,35,77,69,No,No,No,No,No,No,No,No,No,No,No,No,No,No,No,No,No,No,No,No,No,No,No,No,No,No,No,No,No,No,Yes,Yes,Yes,Yes,Yes,Yes,Yes,Yes,Yes,Yes,Yes,Yes,Yes,Yes,Yes,No,No,Yes,76,70,64,1.100,32.907,43.040,35.852,0.001,5.578,0.715,175.0,175.0,175.0,175.0,0,0.0,99.5,99.7,99.7,99.8,99.8,98.4,99.8,99.8,99.8,99.8,99.8,99.8,99.8,97.4,99.3,99.4,99.5,99.6,99.6,99.6,99.6,0.0,0.0,0.0,0.0,0.0,0.0,0.0,0.0,0.0,0.0,0.0,0.0,0.0,0.0,0.0,0.0,0.0,0.0,0.0,0.0,0.0,0.0,0.0,0.0,0.0,0.0,0.0,0.0,0.0,0.0,0.0,0.0,0.0,0.0,0.0,0.0,0.0,2194.6,22.00,32,32,32,62,103,351,2,2,Yes,No,No,No,No,No,No,No,Yes,No,No,No,No,Yes,No,No,No,No,No,No,No,Yes,No,No,No,No,No,No,No,No,No,No,No,No,No,No,No,No,91.0,4380,2460,4200,71.2,1.095,1.110,1.815,1.800,1.005,5.110,1.750,No,No,No,71.2,1.095,1.110,1.815,1.800,1.005,5.110,2.000,No,No,No,45,45,94.0,100.0,No,No,32155,47956,37,70,99.0,100.0,No,No,1844,3246,100.0,1.9,100.0,27.505,7.900,64627,49102,0.0,0.0,0.0,0.000,0.000,164001,82786,58.5,64.0,65.8,83.0,0.870,20.680,20.672,20.688,21.239,9.551,9.605,8.682,18.309,3.000,11.692,7.766,7.806,100.000,140.000,2175.0,2150.2,1875.0,2175.0,1890.0,0.0,0.0,0.0,0.0,12.1,0.0,0.0,0.0,0.0,0.0,Yes,No,No,No,No,Yes,No,0,0,0,0,0,0,0,0,0,0,0,0,0,0,0,0,0,0,0,0,0,0,0,0,0,0,0,0,0,0,7199,989,755,91,16.0,64,0.300,44.980,600.0,2194.0,0.1,0.0,0.0,0.0,0.0,0.0,0.0,0.0,0.8,127,16065,127,No,No,No,No,No,No,No,No,16.748,68.277,100.0,0.000,24.1,0,0,0,0.0,6.3,6.3,6.3,6.3,6.3,6.3,7.6,7.6,7.6,7.6,7.6,7.6,157.59,157.59,157.59,157.59,157.59,157.59,0.35,157.14,157.59,0.00,74.84,648,7,0.1,0.0,0,0,0.0,0.0,0,
9.6.2026,13:37:10.997,20642,28126,42.3,17189,15195,53.0,10.5,16384,1715,0.876,0.861,0.888,0.873,0.869,0.869,0.872,0.872,0.873,0.881,0.881,0.881,0.882,0.882,0.882,0.808,0.781,2771.8,3092.4,3192.2,3092.4,3092.4,3092.4,3092.4,2493.9,2493.9,2593.7,2593.7,2493.9,2493.9,2493.9,2493.9,99.8,2493.9,2865.4,3118.9,3118.7,3120.6,3121.4,3080.0,3122.3,3114.9,3113.4,3121.6,3122.9,3123.2,3123.2,2443.3,2499.0,2504.5,2506.5,2483.7,2488.7,2490.1,2490.7,2959.7,100.0,100.0,100.0,99.9,100.0,100.0,100.0,100.0,100.0,100.0,100.0,100.0,100.0,99.9,100.0,100.0,100.0,100.0,100.0,100.0,100.0,100.0,100.0,100.0,124.2,118.7,118.7,118.7,118.7,118.7,118.7,118.5,118.4,118.7,118.7,118.7,118.8,133.2,133.3,133.3,133.3,131.9,131.9,131.9,131.9,124.2,27.8,31.0,32.0,31.0,31.0,31.0,31.0,25.0,25.0,26.0,26.0,25.0,25.0,25.0,25.0,25.0,67,70,68,69,67,67,68,68,68,66,66,66,66,66,66,33,30,32,31,33,33,32,32,32,34,34,34,34,34,34,77,70,No,No,No,No,No,No,No,No,No,No,No,No,No,No,No,No,No,No,No,No,No,No,No,No,No,No,No,No,No,No,Yes,Yes,Yes,Yes,Yes,Yes,Yes,Yes,Yes,Yes,Yes,Yes,Yes,Yes,Yes,No,No,Yes,76,70,64,1.100,43.032,45.499,38.327,0.001,5.571,0.708,175.0,175.0,175.0,175.0,0,0.0,99.4,99.7,99.7,99.7,99.8,98.4,99.8,99.8,99.7,99.8,99.8,99.8,99.8,96.7,98.9,99.1,99.2,99.3,99.5,99.6,99.6,0.0,0.0,0.0,0.0,0.0,0.0,0.0,0.0,0.0,0.0,0.0,0.0,0.0,0.0,0.0,0.0,0.0,0.0,0.0,0.0,0.0,0.0,0.0,0.0,0.0,0.0,0.0,0.0,0.0,0.0,0.0,0.0,0.0,0.0,0.0,0.0,0.0,2194.6,22.00,32,32,32,62,103,351,2,2,Yes,No,No,No,No,No,No,No,Yes,No,No,No,No,Yes,No,No,No,No,No,No,No,Yes,No,No,No,No,No,No,No,No,No,No,No,No,No,No,No,No,92.0,4320,2460,4200,71.2,1.095,1.110,1.800,1.800,1.005,5.110,1.875,No,No,No,71.2,1.095,1.110,1.800,1.800,1.005,5.110,1.750,No,No,No,45,45,94.0,100.0,No,No,32155,47956,36,70,99.0,100.0,No,No,1844,3246,100.0,0.4,100.0,27.566,0.229,64680,49102,0.0,0.0,0.0,0.000,0.000,164001,82786,58.5,64.0,65.9,83.0,0.870,20.680,20.671,20.689,21.244,9.532,9.583,8.661,18.248,3.000,11.667,7.763,7.804,100.000,140.000,2175.0,2150.2,1875.0,2175.0,1890.0,0.0,0.0,0.0,0.0,12.1,0.0,0.0,0.0,0.0,0.0,Yes,No,No,No,No,Yes,No,0,0,0,0,0,0,0,0,0,0,0,0,0,0,0,0,0,0,0,0,0,0,0,0,0,0,0,0,0,0,7199,989,755,91,16.0,63,0.300,44.576,600.0,2194.0,0.1,0.0,0.0,0.0,0.0,0.0,0.0,0.0,0.8,127,16065,127,No,No,No,No,No,No,No,No,16.748,68.277,100.0,0.000,24.1,0,0,0,0.0,6.3,6.3,6.3,6.3,6.3,6.3,7.6,7.6,7.6,7.6,7.6,7.6,157.59,157.59,157.59,157.59,157.59,157.59,0.35,157.14,157.59,0.00,74.84,648,7,0.0,0.0,0,0,0.0,0.0,0,
9.6.2026,13:37:13.010,20641,28127,42.3,17177,15206,53.0,10.5,16384,1715,0.883,0.886,0.871,0.864,0.889,0.891,0.880,0.881,0.866,0.888,0.891,0.891,0.888,0.888,0.888,0.818,0.783,2793.2,3192.2,3092.4,3092.4,3092.4,3192.2,3192.2,2593.7,2493.9,2593.7,2593.7,2493.9,2493.9,2493.9,2493.9,99.8,2593.7,2869.2,3120.5,3119.1,3121.9,3122.7,3080.7,3122.7,3116.4,3116.5,3123.9,3124.3,3123.5,3125.0,2451.6,2505.8,2513.4,2517.7,2493.4,2495.0,2495.0,2495.6,2962.9,100.0,100.0,99.9,100.0,100.0,100.0,100.0,100.0,100.0,100.0,100.0,99.9,100.0,99.9,100.0,100.0,100.0,100.0,100.0,100.0,100.0,100.0,100.0,100.0,124.3,118.8,118.7,118.7,118.8,118.8,118.7,118.5,118.6,118.8,118.8,118.8,118.8,133.3,133.4,133.4,133.4,132.1,132.1,132.1,132.1,124.3,28.0,32.0,31.0,31.0,31.0,32.0,32.0,26.0,25.0,26.0,26.0,25.0,25.0,25.0,25.0,26.0,67,69,68,68,66,68,68,68,68,67,67,66,66,66,66,33,31,32,32,34,32,32,32,32,33,33,34,34,34,34,76,69,No,No,No,No,No,No,No,No,No,No,No,No,No,No,No,No,No,No,No,No,No,No,No,No,No,No,No,No,No,No,Yes,Yes,Yes,Yes,Yes,Yes,Yes,Yes,Yes,Yes,Yes,Yes,Yes,Yes,Yes,No,No,Yes,77,69,64,1.100,32.907,43.161,35.975,0.001,5.601,0.720,175.0,175.0,175.0,175.0,0,0.0,99.5,99.7,99.7,99.8,99.8,98.4,99.8,99.8,99.8,99.8,99.8,99.8,99.8,96.9,99.1,99.4,99.5,99.6,99.7,99.7,99.7,0.0,0.0,0.0,0.0,0.0,0.0,0.0,0.1,0.0,0.0,0.0,0.0,0.0,0.0,0.0,0.0,0.0,0.0,0.0,0.0,0.0,0.0,0.0,0.0,0.0,0.0,0.0,0.0,0.0,0.0,0.0,0.0,0.0,0.0,0.0,0.0,0.0,2394.1,24.00,36,35,35,68,103,383,2,2,Yes,No,No,No,No,No,No,No,Yes,No,No,No,No,Yes,No,No,No,No,No,No,No,Yes,No,No,No,No,No,No,No,No,No,No,No,No,No,No,No,No,90.0,4380,2520,4200,71.2,1.095,1.110,1.800,1.815,1.005,5.110,1.750,No,No,No,71.2,1.095,1.110,1.800,1.800,1.005,5.110,1.750,No,No,No,45,45,94.0,100.0,No,No,32155,47956,37,70,99.0,100.0,No,No,1844,3246,100.0,0.2,100.0,27.423,0.387,64733,49103,0.0,0.0,0.0,0.000,0.000,164001,82786,58.5,64.0,65.8,83.0,0.870,20.674,20.667,20.681,21.260,9.595,9.678,8.722,18.427,3.000,11.738,7.765,7.839,100.000,140.000,2175.0,2150.2,1875.0,2175.0,1890.0,0.0,0.0,0.0,0.0,12.1,0.0,0.0,0.0,0.0,0.0,Yes,No,No,No,No,Yes,No,0,0,0,0,0,0,0,0,0,0,0,0,0,0,0,0,0,0,0,0,0,0,0,0,0,0,0,0,0,0,7199,989,755,91,16.0,64,0.300,43.408,550.0,2194.0,0.1,0.0,0.0,0.0,0.0,0.0,0.0,0.0,0.8,127,16065,127,No,No,No,No,No,No,No,No,16.748,68.277,100.0,0.000,24.1,0,0,0,0.0,6.3,6.3,6.3,6.3,6.3,6.3,7.6,7.6,7.6,7.6,7.6,7.6,157.59,157.59,157.59,157.59,157.59,157.59,0.35,157.14,157.59,0.00,74.84,648,7,0.0,0.1,0,0,0.0,0.0,0,
9.6.2026,13:37:15.010,20643,28125,42.3,17176,15208,53.0,10.5,16384,1715,0.876,0.868,0.878,0.868,0.875,0.875,0.876,0.881,0.881,0.881,0.881,0.876,0.876,0.876,0.876,0.818,0.778,2850.2,3192.2,3192.2,3192.2,3192.2,3192.2,3192.2,2593.7,2593.7,2593.7,2593.7,2593.7,2593.7,2593.7,2593.7,99.8,2593.7,2892.5,3145.5,3146.3,3149.8,3148.4,3104.5,3149.3,3144.8,3144.5,3145.4,3150.0,3150.3,3150.3,2460.0,2516.7,2532.3,2536.0,2516.5,2519.4,2519.5,2520.0,2985.9,99.9,100.0,100.0,100.0,99.9,100.0,100.0,100.0,100.0,99.8,100.0,100.0,100.0,99.8,99.8,99.9,100.0,100.0,100.0,100.0,100.0,100.0,99.9,100.0,125.3,119.7,119.7,119.8,119.7,119.7,119.7,119.5,119.5,119.6,119.7,119.7,119.7,134.4,134.4,134.5,134.6,133.2,133.2,133.2,133.2,125.3,28.6,32.0,32.0,32.0,32.0,32.0,32.0,26.0,26.0,26.0,26.0,26.0,26.0,26.0,26.0,26.0,67,70,67,69,66,68,68,67,67,67,67,66,66,66,66,33,30,33,31,34,32,32,33,33,33,33,34,34,34,34,76,70,No,No,No,No,No,No,No,No,No,No,No,No,No,No,No,No,No,No,No,No,No,No,No,No,No,No,No,No,No,No,Yes,Yes,Yes,Yes,Yes,Yes,Yes,Yes,Yes,Yes,Yes,Yes,Yes,Yes,Yes,No,No,Yes,76,69,64,1.100,45.563,44.746,37.561,0.001,5.566,0.707,175.0,175.0,175.0,175.0,0,0.0,99.4,99.7,99.7,99.8,99.8,98.4,99.8,99.8,99.8,99.6,99.8,99.8,99.8,96.3,98.6,99.2,99.3,99.5,99.6,99.6,99.7,0.0,0.0,0.0,0.0,0.0,0.0,0.0,0.1,0.1,0.1,0.0,0.0,0.0,0.0,0.0,0.0,0.0,0.0,0.0,0.0,0.0,0.0,0.0,0.0,0.0,0.0,0.0,0.0,0.0,0.0,0.0,0.0,0.0,0.0,0.0,0.0,0.0,2194.6,22.00,32,32,32,62,103,351,2,2,Yes,No,No,No,No,No,No,No,Yes,No,No,No,No,Yes,No,No,No,No,No,No,No,Yes,No,No,No,No,No,No,No,No,No,No,No,No,No,No,No,No,92.0,4500,2520,4260,71.2,1.095,1.110,1.800,1.815,0.990,5.110,1.000,No,No,No,71.2,1.095,1.110,1.800,1.815,1.005,5.110,1.125,No,No,No,45,45,94.0,100.0,No,No,32155,47956,36,70,99.0,100.0,No,No,1844,3246,100.0,0.6,100.0,27.880,0.230,64786,49104,0.0,0.0,0.0,0.000,0.000,164001,82786,58.5,62.0,65.8,83.0,0.870,20.678,20.670,20.686,21.282,9.560,9.614,8.702,18.327,3.000,11.706,7.765,7.804,100.000,140.000,2175.0,2150.2,1875.0,2175.0,1890.0,0.0,0.0,0.0,0.0,12.1,0.0,0.0,0.0,0.0,0.0,Yes,No,No,No,No,Yes,No,0,0,0,0,0,0,0,0,0,0,0,0,0,0,0,0,0,0,0,0,0,0,0,0,0,0,0,0,0,0,7199,989,755,91,16.0,64,0.300,45.011,600.0,2394.0,0.1,0.0,0.0,0.0,0.0,0.0,0.0,0.0,0.8,127,16065,127,No,No,No,No,No,No,No,No,16.748,68.277,100.0,0.000,24.1,0,0,0,0.0,6.3,6.3,6.3,6.3,6.3,6.3,7.6,7.6,7.6,7.6,7.6,7.6,157.59,157.59,157.59,157.59,157.59,157.59,0.35,157.14,157.59,0.00,74.84,648,7,0.6,0.3,0,0,0.0,0.0,0,
9.6.2026,13:37:17.003,20638,28130,42.3,17172,15212,53.0,10.5,16384,1715,0.866,0.866,0.865,0.870,0.866,0.866,0.864,0.864,0.859,0.866,0.872,0.866,0.861,0.872,0.872,0.808,0.783,2650.7,3092.4,3092.4,3092.4,3092.4,3092.4,3092.4,2493.9,2493.9,2493.9,2493.9,2493.9,1097.3,2493.9,2493.9,99.8,2493.9,2863.2,3113.9,3112.5,3115.3,3115.7,3070.2,3113.4,3107.4,3107.3,3114.5,3113.9,3115.5,3113.4,2438.1,2504.8,2508.0,2511.1,2497.2,2497.5,2495.6,2498.8,2954.7,100.0,100.0,100.0,100.0,100.0,100.0,100.0,100.0,100.0,100.0,100.0,100.0,99.9,99.9,100.0,100.0,100.0,100.0,100.0,100.0,100.0,100.0,100.0,100.0,124.2,118.5,118.5,118.5,118.5,118.5,118.5,118.3,118.3,118.5,118.5,118.6,118.5,133.1,133.1,133.1,133.2,132.4,132.3,132.4,132.4,124.2,26.6,31.0,31.0,31.0,31.0,31.0,31.0,25.0,25.0,25.0,25.0,25.0,11.0,25.0,25.0,25.0,67,70,68,68,66,67,68,67,67,68,67,66,66,66,66,33,30,32,32,34,33,32,33,33,32,33,34,34,34,34,76,70,No,No,No,No,No,No,No,No,No,No,No,No,No,No,No,No,No,No,No,No,No,No,No,No,No,No,No,No,No,No,Yes,Yes,Yes,Yes,Yes,Yes,Yes,Yes,Yes,Yes,Yes,Yes,Yes,Yes,Yes,No,No,Yes,76,69,64,1.100,43.032,44.315,37.282,0.001,5.491,0.661,175.0,175.0,175.0,175.0,0,0.0,99.5,99.7,99.7,99.8,99.8,98.4,99.8,99.8,99.8,99.8,99.8,99.8,99.8,96.7,99.3,99.5,99.6,99.6,99.7,99.6,99.7,0.0,0.0,0.0,0.0,0.0,0.0,0.0,0.1,0.0,0.0,0.0,0.0,0.0,0.0,0.0,0.0,0.0,0.0,0.0,0.0,0.0,0.0,0.0,0.0,0.0,0.0,0.0,0.0,0.0,0.0,0.0,0.0,0.0,0.0,0.0,0.0,0.0,2394.1,24.00,36,35,35,68,103,383,2,2,Yes,No,No,No,No,No,No,No,Yes,No,No,No,No,Yes,No,No,No,No,No,No,No,Yes,No,No,No,No,No,No,No,No,No,No,No,No,No,No,No,No,91.0,4440,2460,4260,71.2,1.095,1.110,1.800,1.815,0.990,5.110,1.000,No,No,No,71.2,1.095,1.110,1.800,1.815,0.990,5.110,1.250,No,No,No,45,45,94.0,100.0,No,No,32155,47956,37,70,99.0,100.0,No,No,1844,3246,100.0,0.2,100.0,28.105,0.202,64840,49104,0.0,0.0,0.0,0.000,0.000,164001,82786,58.5,64.0,65.8,83.0,0.870,20.676,20.669,20.683,21.325,9.585,9.658,8.722,18.408,3.000,11.738,7.764,7.806,100.000,140.000,2175.0,2150.2,1875.0,2175.0,1890.0,0.0,0.0,0.0,0.0,12.1,0.0,0.0,0.0,0.0,0.0,Yes,No,No,No,No,Yes,No,0,0,0,0,0,0,0,0,0,0,0,0,0,0,0,0,0,0,0,0,0,0,0,0,0,0,0,0,0,0,7199,989,755,91,16.0,64,0.300,45.678,600.0,2194.0,0.1,0.0,0.0,0.0,0.0,0.0,0.0,0.0,0.8,127,16065,127,No,No,No,No,No,No,No,No,16.748,68.277,100.0,0.000,24.1,0,0,0,0.0,6.3,6.3,6.3,6.3,6.3,6.3,7.6,7.6,7.6,7.6,7.6,7.6,157.59,157.59,157.59,157.59,157.59,157.59,0.35,157.14,157.59,0.00,74.84,648,7,0.3,0.3,0,0,0.0,0.0,0,
9.6.2026,13:37:19.020,20640,28128,42.3,17179,15205,53.0,10.5,16384,1715,0.876,0.879,0.869,0.880,0.880,0.880,0.880,0.872,0.872,0.872,0.879,0.875,0.879,0.883,0.863,0.818,0.781,2764.7,3192.2,3092.4,3092.4,3092.4,3092.4,3092.4,2493.9,2493.9,2493.9,2593.7,2493.9,2493.9,2493.9,2493.9,99.8,2593.7,2873.5,3124.6,3121.1,3120.2,3131.2,3086.0,3127.3,3122.0,3126.9,3124.1,3131.9,3131.9,3132.2,2424.8,2500.8,2514.2,2521.3,2506.3,2506.8,2505.7,2511.2,2965.0,99.8,99.8,99.7,99.6,100.0,100.0,99.8,99.8,100.0,99.8,100.0,100.0,100.0,99.4,99.7,99.8,99.9,100.0,99.9,99.8,100.0,100.0,99.8,100.0,124.6,118.9,118.8,118.6,119.1,119.1,118.9,118.7,118.9,118.8,119.1,119.1,119.1,133.2,133.5,133.7,133.8,132.8,132.7,132.6,132.8,124.6,27.7,32.0,31.0,31.0,31.0,31.0,31.0,25.0,25.0,25.0,26.0,25.0,25.0,25.0,25.0,26.0,67,70,68,68,66,66,68,67,67,67,67,66,66,66,66,33,30,32,32,34,34,32,33,33,33,33,34,34,34,34,76,70,No,No,No,No,No,No,No,No,No,No,No,No,No,No,No,No,No,No,No,No,No,No,No,No,No,No,No,No,No,No,Yes,Yes,Yes,Yes,Yes,Yes,Yes,Yes,Yes,Yes,Yes,Yes,Yes,Yes,Yes,No,No,Yes,76,70,64,1.100,42.188,44.095,37.063,0.001,5.477,0.663,175.0,175.0,175.0,175.0,0,0.0,99.3,99.6,99.4,99.4,99.8,98.3,99.7,99.6,99.8,99.6,99.8,99.8,99.8,95.5,98.5,99.1,99.3,99.5,99.5,99.5,99.7,0.1,0.0,0.0,0.0,0.0,0.0,0.0,0.5,0.3,0.2,0.1,0.0,0.1,0.2,0.0,0.0,0.0,0.0,0.0,0.0,0.0,0.0,0.0,0.0,0.0,0.0,0.0,0.0,0.0,0.0,0.0,0.0,0.0,0.0,0.0,0.0,0.0,2194.6,22.00,32,32,32,62,103,351,2,2,Yes,No,No,No,No,No,No,No,Yes,No,No,No,No,Yes,No,No,No,No,No,No,No,Yes,No,No,No,No,No,No,No,No,No,No,No,No,No,No,No,No,92.0,4380,2520,4200,71.2,1.095,1.110,1.800,1.815,0.990,5.110,1.000,No,No,No,71.2,1.095,1.110,1.800,1.815,0.990,5.110,1.250,No,No,No,45,45,94.0,100.0,No,No,32155,47956,36,70,99.0,100.0,No,No,1844,3246,100.0,0.1,100.0,29.396,0.088,64896,49104,0.0,0.0,0.0,0.000,0.000,164001,82786,58.5,64.0,65.9,83.0,0.870,20.681,20.672,20.690,21.210,9.546,9.600,8.682,18.290,3.000,11.688,7.764,7.797,100.000,140.000,2175.0,2150.2,1875.0,2175.0,1890.0,0.0,0.0,0.0,0.0,12.1,0.0,0.0,0.0,0.0,0.0,Yes,No,No,No,No,Yes,No,0,0,0,0,0,0,0,0,0,0,0,0,0,0,0,0,0,0,0,0,0,0,0,0,0,0,0,0,0,0,7199,989,755,91,16.0,64,0.300,42.486,600.0,2394.0,0.1,0.0,0.0,0.0,0.0,0.0,0.0,0.0,0.8,127,16065,127,No,No,No,No,No,No,No,No,16.746,68.277,100.0,0.000,24.1,0,0,0,0.0,6.3,6.3,6.3,6.3,6.3,6.3,7.6,7.6,7.6,7.6,7.6,7.6,157.59,157.59,157.59,157.59,157.59,157.59,0.35,157.14,157.59,0.00,74.84,648,7,0.0,0.0,0,0,0.0,0.0,0,
9.6.2026,13:37:21.013,20638,28130,42.3,17181,15202,53.0,10.5,16384,1715,0.879,0.866,0.878,0.878,0.885,0.885,0.882,0.882,0.882,0.882,0.882,0.882,0.881,0.870,0.870,0.808,0.778,2814.5,3092.4,3192.2,3192.2,3192.2,3192.2,3192.2,2593.7,2593.7,2593.7,2593.7,2493.9,2493.9,2493.9,2493.9,99.8,2493.9,2847.6,3096.3,3095.6,3099.6,3098.5,3055.3,3099.8,3094.9,3094.8,3100.0,3099.2,3099.4,3099.7,2416.1,2485.3,2484.3,2487.5,2483.7,2486.3,2487.8,2488.7,2937.9,100.0,100.0,100.0,100.0,99.9,100.0,100.0,100.0,100.0,100.0,100.0,100.0,100.0,100.0,100.0,100.0,100.0,100.0,100.0,100.0,100.0,100.0,100.0,100.0,123.5,117.9,117.9,117.9,117.8,117.9,117.9,117.7,117.7,117.9,117.8,117.8,117.9,132.2,132.2,132.2,132.2,131.7,131.7,131.7,131.7,123.5,28.2,31.0,32.0,32.0,32.0,32.0,32.0,26.0,26.0,26.0,26.0,25.0,25.0,25.0,25.0,25.0,67,70,68,68,66,68,68,67,67,67,67,65,65,66,66,33,30,32,32,34,32,32,33,33,33,33,35,35,34,34,76,70,No,No,No,No,No,No,No,No,No,No,No,No,No,No,No,No,No,No,No,No,No,No,No,No,No,No,No,No,No,No,Yes,Yes,Yes,Yes,Yes,Yes,Yes,Yes,Yes,Yes,Yes,Yes,Yes,Yes,Yes,No,No,Yes,76,69,64,1.100,43.876,45.658,38.582,0.001,5.511,0.672,175.0,175.0,175.0,175.0,0,0.0,99.4,99.7,99.7,99.8,99.8,98.4,99.8,99.8,99.8,99.8,99.8,99.8,99.8,96.4,99.2,99.1,99.2,99.5,99.6,99.6,99.7,0.0,0.0,0.0,0.0,0.0,0.0,0.0,0.0,0.0,0.0,0.0,0.0,0.0,0.0,0.0,0.0,0.0,0.0,0.0,0.0,0.0,0.0,0.0,0.0,0.0,0.0,0.0,0.0,0.0,0.0,0.0,0.0,0.0,0.0,0.0,0.0,0.0,2194.6,22.00,32,32,32,62,103,351,2,2,Yes,No,No,No,No,No,No,No,Yes,No,No,No,No,Yes,No,No,No,No,No,No,No,Yes,No,No,No,No,No,No,No,No,No,No,No,No,No,No,No,No,93.0,4380,2520,4140,71.0,1.095,1.110,1.800,1.815,0.990,5.110,2.000,No,No,No,71.0,1.095,1.110,1.800,1.815,0.990,5.110,1.375,No,No,No,46,46,94.0,100.0,No,No,32155,47956,37,70,99.0,100.0,No,No,1844,3246,100.0,0.2,100.0,27.561,0.166,64948,49104,0.0,0.0,0.0,0.000,0.000,164001,82786,58.5,64.0,65.9,83.0,0.870,20.683,20.674,20.692,21.237,9.546,9.602,8.683,18.292,3.000,11.687,7.764,7.797,100.000,140.000,2175.0,2150.2,1875.0,2175.0,1890.0,0.0,0.0,0.0,0.0,12.1,0.0,0.0,0.0,0.0,0.0,Yes,No,No,No,No,Yes,No,0,0,0,0,0,0,0,0,0,0,0,0,0,0,0,0,0,0,0,0,0,0,0,0,0,0,0,0,0,0,7199,989,755,91,16.0,64,0.300,46.400,550.0,2194.0,0.1,0.0,0.0,0.0,0.0,0.0,0.0,0.0,0.8,127,16065,127,No,No,No,No,No,No,No,No,16.747,68.277,100.0,0.000,24.1,0,0,0,0.0,6.3,6.3,6.3,6.3,6.3,6.3,7.6,7.6,7.6,7.6,7.6,7.6,157.59,157.59,157.59,157.59,157.59,157.59,0.35,157.14,157.59,0.00,74.84,648,7,0.1,0.2,0,0,0.0,0.0,0,
9.6.2026,13:37:23.023,20640,28128,42.3,17189,15195,53.0,10.5,16384,1715,0.870,0.861,0.865,0.867,0.867,0.869,0.869,0.873,0.873,0.873,0.873,0.873,0.873,0.873,0.873,0.808,0.783,2750.4,3092.4,3092.4,3092.4,3092.4,3092.4,3092.4,2493.9,2493.9,2493.9,2493.9,2493.9,2493.9,2493.9,2493.9,99.8,2493.9,2864.8,3119.2,3119.6,3120.8,3121.0,3077.2,3121.5,3112.6,3112.6,3118.5,3117.7,3120.0,3121.0,2431.4,2492.6,2502.6,2510.0,2492.6,2494.1,2495.3,2496.1,2957.4,100.0,100.0,100.0,100.0,100.0,100.0,100.0,100.0,100.0,100.0,99.9,99.9,100.0,99.9,99.9,99.9,100.0,100.0,99.9,100.0,100.0,100.0,100.0,100.0,124.2,118.7,118.7,118.7,118.7,118.7,118.7,118.4,118.4,118.6,118.6,118.7,118.7,133.3,133.2,133.3,133.3,132.0,132.0,132.0,132.1,124.2,27.6,31.0,31.0,31.0,31.0,31.0,31.0,25.0,25.0,25.0,25.0,25.0,25.0,25.0,25.0,25.0,67,69,68,68,66,68,68,68,67,67,67,66,66,66,66,33,31,32,32,34,32,32,32,33,33,33,34,34,34,34,76,69,No,No,No,No,No,No,No,No,No,No,No,No,No,No,No,No,No,No,No,No,No,No,No,No,No,No,No,No,No,No,Yes,Yes,Yes,Yes,Yes,Yes,Yes,Yes,Yes,Yes,Yes,Yes,Yes,Yes,Yes,No,No,Yes,76,70,64,1.100,43.876,46.333,39.151,0.001,5.585,0.713,175.0,175.0,175.0,175.0,0,0.0,99.4,99.7,99.7,99.8,99.8,98.4,99.8,99.8,99.8,99.8,99.8,99.8,99.8,96.2,98.7,99.1,99.3,99.6,99.6,99.7,99.7,0.0,0.0,0.0,0.0,0.0,0.0,0.0,0.0,0.1,0.0,0.0,0.0,0.1,0.0,0.0,0.0,0.0,0.0,0.0,0.0,0.0,0.0,0.0,0.0,0.0,0.0,0.0,0.0,0.0,0.0,0.0,0.0,0.0,0.0,0.0,0.0,0.0,2194.6,22.00,32,32,32,62,103,351,2,2,Yes,No,No,No,No,No,No,No,Yes,No,No,No,No,Yes,No,No,No,No,No,No,No,Yes,No,No,No,No,No,No,No,No,No,No,No,No,No,No,No,No,91.0,4440,2460,4200,71.0,1.095,1.110,1.800,1.815,0.990,5.110,1.250,No,No,No,71.0,1.095,1.110,1.800,1.815,0.990,5.110,1.875,No,No,No,46,46,94.0,100.0,No,No,32155,47956,37,70,99.0,100.0,No,No,1844,3246,100.0,0.4,100.0,28.126,0.233,65002,49105,0.0,0.0,0.0,0.000,0.000,164001,82786,58.5,64.0,65.8,83.0,0.870,20.679,20.671,20.687,21.267,9.567,9.645,8.703,18.349,3.000,11.707,7.765,7.797,100.000,140.000,2175.0,2150.2,1875.0,2175.0,1890.0,0.0,0.0,0.0,0.0,12.1,0.0,0.0,0.0,0.0,0.0,Yes,No,No,No,No,Yes,No,0,0,0,0,0,0,0,0,0,0,0,0,0,0,0,0,0,0,0,0,0,0,0,0,0,0,0,0,0,0,7199,989,755,91,16.0,65,0.300,45.746,600.0,2194.0,0.1,0.0,0.0,0.0,0.0,0.0,0.0,0.0,0.8,127,16065,127,No,No,No,No,No,No,No,No,16.746,68.277,100.0,0.000,24.1,0,0,0,0.0,6.3,6.3,6.3,6.3,6.3,6.3,7.6,7.6,7.6,7.6,7.6,7.6,157.59,157.59,157.59,157.59,157.59,157.59,0.35,157.14,157.59,0.00,74.84,648,7,0.4,0.2,0,0,0.0,0.0,0,
9.6.2026,13:37:25.015,20639,28129,42.3,17184,15200,53.0,10.5,16384,1715,0.871,0.867,0.870,0.867,0.870,0.882,0.873,0.869,0.869,0.868,0.868,0.868,0.868,0.868,0.880,0.808,0.781,2764.7,3092.4,3092.4,3092.4,3092.4,3192.2,3192.2,2493.9,2493.9,2493.9,2493.9,2493.9,2493.9,2493.9,2493.9,99.8,2493.9,2864.7,3120.6,3119.9,3121.1,3122.9,3078.1,3122.5,3110.8,3110.5,3122.2,3122.3,3121.0,3122.9,2441.0,2498.9,2505.0,2512.6,2483.5,2485.2,2485.8,2486.8,2959.5,100.0,100.0,100.0,99.9,100.0,100.0,100.0,100.0,100.0,100.0,100.0,99.9,100.0,99.9,99.9,99.9,99.9,100.0,100.0,100.0,100.0,100.0,100.0,100.0,124.2,118.8,118.7,118.7,118.8,118.7,118.7,118.3,118.3,118.7,118.7,118.7,118.7,133.3,133.3,133.3,133.3,131.6,131.6,131.6,131.6,124.2,27.7,31.0,31.0,31.0,31.0,32.0,32.0,25.0,25.0,25.0,25.0,25.0,25.0,25.0,25.0,25.0,67,69,67,68,66,68,68,67,67,67,67,66,66,66,66,33,31,33,32,34,32,32,33,33,33,33,34,34,34,34,76,69,No,No,No,No,No,No,No,No,No,No,No,No,No,No,No,No,No,No,No,No,No,No,No,No,No,No,No,No,No,No,Yes,Yes,Yes,Yes,Yes,Yes,Yes,Yes,Yes,Yes,Yes,Yes,Yes,Yes,Yes,No,No,Yes,76,70,63,1.100,43.876,44.432,37.349,0.001,5.518,0.678,175.0,175.0,175.0,175.0,0,0.0,99.4,99.7,99.7,99.7,99.8,98.4,99.8,99.8,99.8,99.8,99.8,99.7,99.8,96.5,98.8,99.1,99.4,99.5,99.6,99.6,99.7,0.0,0.0,0.0,0.0,0.0,0.0,0.0,0.1,0.1,0.1,0.0,0.0,0.0,0.0,0.0,0.0,0.0,0.0,0.0,0.0,0.0,0.0,0.0,0.0,0.0,0.0,0.0,0.0,0.0,0.0,0.0,0.0,0.0,0.0,0.0,0.0,0.0,2194.6,22.00,32,32,32,62,103,351,2,2,Yes,No,No,No,No,No,No,No,Yes,No,No,No,No,Yes,No,No,No,No,No,No,No,Yes,No,No,No,No,No,No,No,No,No,No,No,No,No,No,No,No,91.0,4380,2520,4200,71.0,1.095,1.110,1.800,1.815,0.990,5.110,1.250,No,No,No,71.0,1.095,1.110,1.800,1.815,0.990,5.110,1.250,No,No,No,46,46,94.0,100.0,No,No,32155,47956,36,70,99.0,100.0,No,No,1844,3246,100.0,0.3,100.0,27.723,0.169,65058,49105,0.0,0.0,0.0,0.000,0.000,164001,82786,58.5,64.0,65.9,83.0,0.870,20.680,20.672,20.688,21.280,9.565,9.632,8.703,18.351,3.000,11.711,7.764,7.797,100.000,140.000,2175.0,2150.2,1875.0,2175.0,1890.0,0.0,0.0,0.0,0.0,12.1,0.0,0.0,0.0,0.0,0.0,Yes,No,No,No,No,Yes,No,0,0,0,0,0,0,0,0,0,0,0,0,0,0,0,0,0,0,0,0,0,0,0,0,0,0,0,0,0,0,7199,989,755,91,16.0,63,0.300,45.488,600.0,2194.0,0.1,0.0,0.0,0.0,0.0,0.0,0.0,0.0,0.8,127,16065,127,No,No,No,No,No,No,No,No,16.748,68.277,100.0,0.000,24.1,0,0,0,0.0,6.3,6.3,6.3,6.3,6.3,6.3,7.6,7.6,7.6,7.6,7.6,7.6,157.59,157.59,157.59,157.59,157.59,157.59,0.35,157.14,157.59,0.00,74.84,648,7,0.4,0.1,0,0,0.0,0.0,0,
9.6.2026,13:37:27.015,20640,28128,42.3,17189,15195,53.0,10.5,16384,1715,0.869,0.881,0.876,0.871,0.869,0.876,0.865,0.862,0.862,0.865,0.866,0.870,0.870,0.865,0.865,0.818,0.781,2771.8,3192.2,3192.2,3092.4,3092.4,3192.2,3092.4,2493.9,2493.9,2493.9,2493.9,2493.9,2493.9,2493.9,2493.9,99.8,2593.7,2877.3,3121.9,3132.8,3134.8,3134.9,3103.7,3135.7,3124.4,3124.4,3136.1,3137.0,3136.1,3136.0,2453.3,2513.6,2515.6,2523.9,2483.3,2498.5,2499.9,2500.7,2972.8,100.0,100.0,100.0,100.0,100.0,100.0,100.0,100.0,100.0,100.0,100.0,100.0,100.0,99.9,100.0,100.0,100.0,100.0,100.0,100.0,100.0,100.0,100.0,100.0,124.7,119.2,119.2,119.2,119.2,119.2,119.2,118.8,118.8,119.2,119.2,119.2,119.2,134.0,134.0,134.0,134.0,132.3,132.3,132.3,132.3,124.7,27.8,32.0,32.0,31.0,31.0,32.0,31.0,25.0,25.0,25.0,25.0,25.0,25.0,25.0,25.0,26.0,67,69,69,70,67,67,67,67,67,67,67,66,66,65,65,33,31,31,30,33,33,33,33,33,33,33,34,34,35,35,76,70,No,No,No,No,No,No,No,No,No,No,No,No,No,No,No,No,No,No,No,No,No,No,No,No,No,No,No,No,No,No,Yes,Yes,Yes,Yes,Yes,Yes,Yes,Yes,Yes,Yes,Yes,Yes,Yes,Yes,Yes,No,No,Yes,76,70,65,1.100,43.876,44.015,36.951,0.001,5.503,0.670,175.0,175.0,175.0,175.0,0,0.0,99.4,99.4,99.7,99.8,99.8,98.8,99.8,99.8,99.8,99.8,99.8,99.8,99.8,96.5,98.9,99.0,99.3,99.0,99.6,99.7,99.7,0.0,0.0,0.0,0.0,0.0,0.0,0.0,0.0,0.0,0.0,0.0,0.0,0.0,0.0,0.0,0.0,0.0,0.0,0.0,0.0,0.0,0.0,0.0,0.0,0.0,0.0,0.0,0.0,0.0,0.0,0.0,0.0,0.0,0.0,0.0,0.0,0.0,2194.6,22.00,32,32,32,62,103,351,2,2,Yes,No,No,No,No,No,No,No,Yes,No,No,No,No,Yes,No,No,No,No,No,No,No,Yes,No,No,No,No,No,No,No,No,No,No,No,No,No,No,No,No,92.0,4380,2460,4200,71.0,1.095,1.110,1.800,1.815,1.005,5.110,1.500,No,No,No,71.0,1.095,1.110,1.800,1.815,1.005,5.110,1.125,No,No,No,46,46,94.0,100.0,No,No,32155,47957,36,70,99.0,100.0,No,No,1844,3246,100.0,0.4,100.0,27.500,0.072,65110,49105,0.0,0.0,0.0,0.000,0.000,164001,82786,58.5,64.0,65.8,83.0,0.870,20.684,20.675,20.692,21.274,9.567,9.627,8.704,18.354,3.000,11.719,7.765,7.799,100.000,140.000,2175.0,2150.2,1875.0,2175.0,1890.0,0.0,0.0,0.0,0.0,12.1,0.0,0.0,0.0,0.0,0.0,Yes,No,No,No,No,Yes,No,0,0,0,0,0,0,0,0,0,0,0,0,0,0,0,0,0,0,0,0,0,0,0,0,0,0,0,0,0,0,7199,989,755,90,16.0,65,0.300,44.098,600.0,2194.0,0.1,0.0,0.0,0.0,0.0,0.0,0.0,0.0,0.8,127,16065,127,No,No,No,No,No,No,No,No,16.747,68.277,100.0,0.000,24.1,0,0,0,0.0,6.3,6.3,6.3,6.3,6.3,6.3,7.6,7.6,7.6,7.6,7.6,7.6,157.59,157.59,157.59,157.59,157.59,157.59,0.35,157.14,157.59,0.00,74.84,648,7,0.1,0.1,0,0,0.0,0.0,0,
9.6.2026,13:37:29.013,20638,28130,42.3,17192,15192,53.0,10.5,16384,1715,0.872,0.876,0.861,0.871,0.870,0.870,0.870,0.875,0.875,0.875,0.875,0.872,0.872,0.872,0.872,0.811,0.783,2750.4,3092.4,3092.4,3092.4,3092.4,3092.4,3092.4,2493.9,2493.9,2493.9,2493.9,2493.9,2493.9,2493.9,2493.9,99.8,2493.9,2860.1,3109.6,3111.8,3113.6,3113.3,3071.5,3113.6,3105.0,3104.3,3114.0,3113.7,3114.0,3114.2,2440.4,2498.2,2501.4,2505.1,2488.3,2489.6,2490.1,2489.8,2952.7,100.0,100.0,100.0,100.0,100.0,100.0,100.0,100.0,100.0,100.0,100.0,100.0,100.0,100.0,100.0,100.0,100.0,100.0,100.0,100.0,100.0,100.0,100.0,100.0,124.0,118.4,118.4,118.4,118.4,118.4,118.4,118.1,118.1,118.5,118.4,118.5,118.5,132.9,132.9,132.9,132.9,131.7,131.8,131.8,131.8,124.0,27.6,31.0,31.0,31.0,31.0,31.0,31.0,25.0,25.0,25.0,25.0,25.0,25.0,25.0,25.0,25.0,67,68,68,68,66,68,68,67,67,67,67,66,65,65,65,33,32,32,32,34,32,32,33,33,33,33,34,35,35,35,76,68,No,No,No,No,No,No,No,No,No,No,No,No,No,No,No,No,No,No,No,No,No,No,No,No,No,No,No,No,No,No,Yes,Yes,Yes,Yes,Yes,Yes,Yes,Yes,Yes,Yes,Yes,Yes,Yes,Yes,Yes,No,No,Yes,76,70,65,1.100,42.188,45.497,38.504,0.001,5.452,0.645,175.0,175.0,175.0,175.0,0,0.0,99.5,99.7,99.7,99.8,99.8,98.5,99.8,99.8,99.8,99.8,99.8,99.8,99.8,96.9,99.2,99.4,99.5,99.6,99.7,99.7,99.7,0.0,0.0,0.0,0.0,0.0,0.0,0.0,0.0,0.0,0.0,0.0,0.0,0.0,0.0,0.0,0.0,0.0,0.0,0.0,0.0,0.0,0.0,0.0,0.0,0.0,0.0,0.0,0.0,0.0,0.0,0.0,0.0,0.0,0.0,0.0,0.0,0.0,2194.6,22.00,32,32,32,62,103,351,2,2,Yes,No,No,No,No,No,No,No,Yes,No,No,No,No,Yes,No,No,No,No,No,No,No,Yes,No,No,No,No,No,No,No,No,No,No,No,No,No,No,No,No,93.0,4380,2460,4140,71.0,1.095,1.110,1.800,1.815,1.005,5.110,2.750,No,No,No,71.0,1.095,1.110,1.800,1.815,1.005,5.040,2.000,No,No,No,46,46,94.0,100.0,No,No,32155,47957,36,70,99.0,100.0,No,No,1844,3246,100.0,0.4,100.0,27.638,0.158,65161,49106,0.0,0.0,0.0,0.000,0.000,164001,82786,58.5,64.0,65.8,83.0,0.870,20.676,20.669,20.684,21.271,9.569,9.641,8.701,18.367,3.000,11.714,7.764,7.797,100.000,140.000,2175.0,2150.2,1875.0,2175.0,1890.0,0.0,0.0,0.0,0.0,12.1,0.0,0.0,0.0,0.0,0.0,Yes,No,No,No,No,Yes,No,0,0,0,0,0,0,0,0,0,0,0,0,0,0,0,0,0,0,0,0,0,0,0,0,0,0,0,0,0,0,7199,989,755,89,16.0,64,0.300,46.018,600.0,2194.0,0.1,0.0,0.0,0.0,0.0,0.0,0.0,0.0,0.8,127,16065,127,No,No,No,No,No,No,No,No,16.747,68.277,100.0,0.000,24.1,0,0,0,0.0,6.3,6.3,6.3,6.3,6.3,6.3,7.6,7.6,7.6,7.6,7.6,7.6,157.59,157.59,157.59,157.59,157.59,157.59,0.35,157.14,157.59,0.00,74.84,648,7,0.1,0.0,0,0,0.0,0.0,0,
9.6.2026,13:37:31.024,20643,28125,42.3,17198,15185,53.1,10.5,16384,1715,0.888,0.871,0.877,0.870,0.885,0.884,0.887,0.880,0.896,0.896,0.896,0.896,0.898,0.898,0.898,0.808,0.781,2793.2,3092.4,3092.4,3092.4,3092.4,3192.2,3192.2,2593.7,2593.7,2593.7,2593.7,2493.9,2493.9,2493.9,2493.9,99.8,2493.9,2859.2,3109.6,3110.2,3111.2,3110.0,3070.3,3113.7,3108.2,3109.3,3112.8,3114.7,3115.1,3114.1,2414.3,2487.3,2498.9,2505.2,2492.5,2493.9,2495.9,2495.8,2950.3,99.9,99.9,99.9,99.9,99.9,100.0,100.0,99.9,100.0,99.9,100.0,100.0,99.9,99.7,99.8,99.8,99.9,100.0,99.9,100.0,99.9,100.0,99.9,100.0,124.0,118.4,118.4,118.3,118.3,118.5,118.4,118.3,118.3,118.4,118.4,118.5,118.4,132.7,132.8,132.8,133.0,132.1,132.1,132.1,132.1,124.0,28.0,31.0,31.0,31.0,31.0,32.0,32.0,26.0,26.0,26.0,26.0,25.0,25.0,25.0,25.0,25.0,66,70,68,69,64,68,67,66,66,66,66,65,65,65,65,34,30,32,31,36,32,33,34,34,34,34,35,35,35,35,76,70,No,No,No,No,No,No,No,No,No,No,No,No,No,No,No,No,No,No,No,No,No,No,No,No,No,No,No,No,No,No,Yes,Yes,Yes,Yes,Yes,Yes,Yes,Yes,Yes,Yes,Yes,Yes,Yes,Yes,Yes,No,No,Yes,76,69,64,1.100,40.501,45.066,38.001,0.001,5.502,0.674,175.0,175.0,175.0,175.0,0,0.0,99.3,99.7,99.7,99.7,99.7,98.4,99.8,99.7,99.8,99.7,99.8,99.8,99.8,95.7,98.6,99.1,99.3,99.5,99.5,99.6,99.6,0.1,0.0,0.0,0.0,0.0,0.0,0.0,0.3,0.2,0.2,0.1,0.0,0.1,0.0,0.1,0.0,0.0,0.0,0.0,0.0,0.0,0.0,0.0,0.0,0.0,0.0,0.0,0.0,0.0,0.0,0.0,0.0,0.0,0.0,0.0,0.0,0.0,2394.1,24.00,36,35,35,68,103,383,2,2,Yes,No,No,No,No,No,No,No,Yes,No,No,No,No,Yes,No,No,No,No,No,No,No,Yes,No,No,No,No,No,No,No,No,No,No,No,No,No,No,No,No,93.0,4320,2520,4140,71.0,1.095,1.110,1.800,1.815,1.005,5.110,1.625,No,No,No,71.0,1.095,1.110,1.800,1.815,1.005,5.110,1.125,No,No,No,46,46,94.0,100.0,No,No,32155,47957,36,70,99.0,100.0,No,No,1844,3246,100.0,0.1,100.0,27.992,0.078,65216,49106,0.0,0.0,0.0,0.000,0.000,164001,82786,58.5,64.0,65.9,83.0,0.870,20.684,20.675,20.694,21.283,9.548,9.597,8.683,18.293,3.000,11.683,7.772,7.805,100.000,140.000,2175.0,2150.2,1875.0,2175.0,1890.0,0.0,0.0,0.0,0.0,12.1,0.0,0.0,0.0,0.0,0.0,Yes,No,No,No,No,Yes,No,0,0,0,0,0,0,0,0,0,0,0,0,0,0,0,0,0,0,0,0,0,0,0,0,0,0,0,0,0,0,7199,989,755,88,16.0,65,0.300,43.392,600.0,2194.0,0.1,0.0,0.0,0.0,0.0,0.0,0.0,0.0,0.8,127,16065,127,No,No,No,No,No,No,No,No,16.746,68.277,100.0,0.000,24.1,0,0,0,0.0,1.4,1.4,1.4,1.4,1.4,1.4,1.4,1.4,1.4,1.4,1.4,1.4,701.12,701.12,701.12,701.12,701.12,701.12,0.40,700.71,701.12,0.00,496.36,648,7,0.1,0.1,0,0,0.0,0.0,0,
9.6.2026,13:37:33.020,20638,28129,42.3,17197,15187,53.1,10.5,16384,1715,0.870,0.877,0.881,0.866,0.867,0.882,0.862,0.866,0.866,0.866,0.866,0.867,0.867,0.884,0.871,0.818,0.781,2778.9,3192.2,3192.2,3092.4,3092.4,3192.2,3092.4,2493.9,2493.9,2493.9,2493.9,2493.9,2493.9,2593.7,2493.9,99.8,2593.7,2857.3,3100.1,3102.1,3110.4,3108.5,3067.1,3110.9,3106.1,3104.5,3109.6,3106.8,3110.9,3098.2,2436.0,2495.8,2504.4,2506.1,2491.7,2490.6,2494.5,2492.2,2948.6,99.9,99.7,99.8,99.9,99.9,100.0,100.0,100.0,100.0,100.0,99.9,100.0,99.6,99.3,99.7,99.9,99.9,99.9,99.8,99.9,99.9,100.0,99.9,100.0,123.8,118.0,118.1,118.3,118.2,118.3,118.3,118.1,118.1,118.3,118.2,118.3,117.8,132.0,132.5,132.7,132.7,131.9,131.9,132.0,131.9,123.8,27.9,32.0,32.0,31.0,31.0,32.0,31.0,25.0,25.0,25.0,25.0,25.0,25.0,26.0,25.0,26.0,67,69,67,69,66,68,68,68,68,68,68,66,65,65,66,33,31,33,31,34,32,32,32,32,32,32,34,35,35,34,76,69,No,No,No,No,No,No,No,No,No,No,No,No,No,No,No,No,No,No,No,No,No,No,No,No,No,No,No,No,No,No,Yes,Yes,Yes,Yes,Yes,Yes,Yes,Yes,Yes,Yes,Yes,Yes,Yes,Yes,Yes,No,No,Yes,77,68,64,1.100,40.501,45.140,38.055,0.001,5.520,0.679,175.0,175.0,175.0,175.0,0,0.0,99.4,99.5,99.5,99.8,99.7,98.4,99.8,99.8,99.7,99.8,99.7,99.8,99.4,96.8,99.2,99.5,99.6,99.6,99.5,99.7,99.6,0.1,0.0,0.0,0.0,0.0,0.0,0.0,0.5,0.1,0.0,0.1,0.1,0.1,0.0,0.1,0.0,0.0,0.0,0.0,0.0,0.0,0.0,0.0,0.0,0.0,0.0,0.0,0.0,0.0,0.0,0.0,0.0,0.0,0.0,0.0,0.0,0.0,2394.1,24.00,36,35,35,68,103,383,2,2,Yes,No,No,No,No,No,No,No,Yes,No,No,No,No,Yes,No,No,No,No,No,No,No,Yes,No,No,No,No,No,No,No,No,No,No,No,No,No,No,No,No,93.0,4380,2520,4140,70.8,1.095,1.110,1.800,1.815,1.005,5.110,1.375,No,No,No,71.0,1.095,1.110,1.800,1.815,1.005,5.110,1.875,No,No,No,46,46,94.0,100.0,No,No,32155,47957,37,70,99.0,100.0,No,No,1844,3246,100.0,1.0,100.0,27.246,0.202,65270,49106,0.0,0.0,0.0,0.000,0.000,164001,82786,58.5,64.0,65.8,83.0,0.870,20.667,20.662,20.672,21.266,9.582,9.677,8.719,18.398,3.000,11.720,7.763,7.798,100.000,140.000,2175.0,2150.2,1875.0,2175.0,1890.0,1.0,0.0,0.0,0.0,12.1,0.0,0.1,0.0,0.0,0.0,Yes,No,No,No,No,Yes,No,0,0,0,0,0,0,0,0,0,0,0,0,0,0,0,0,0,0,0,0,0,0,0,0,0,0,0,0,0,0,7199,989,755,91,16.0,64,0.300,46.252,550.0,2394.0,0.1,0.0,0.0,0.0,0.0,0.0,0.0,0.0,0.8,127,16065,127,No,No,No,No,No,No,No,No,16.746,68.277,100.0,0.000,24.1,0,0,0,0.0,1.4,1.4,1.4,1.4,1.4,1.4,1.4,1.4,1.4,1.4,1.4,1.4,701.12,701.12,701.12,701.12,701.12,701.12,0.40,700.71,701.12,0.00,496.36,648,7,0.2,0.2,0,0,0.0,0.0,0,
9.6.2026,13:37:35.015,20639,28129,42.3,17197,15187,53.1,10.5,16384,1715,0.873,0.870,0.877,0.871,0.875,0.881,0.872,0.871,0.869,0.869,0.873,0.873,0.873,0.873,0.874,0.808,0.783,2750.4,3092.4,3092.4,3092.4,3092.4,3092.4,3092.4,2493.9,2493.9,2493.9,2493.9,2493.9,2493.9,2493.9,2493.9,99.8,2493.9,2853.1,3102.6,3102.1,3103.1,3103.4,3061.5,3104.1,3099.0,3098.2,3103.4,3103.3,3103.0,3103.5,2429.2,2495.2,2498.8,2500.5,2487.3,2487.5,2488.4,2488.1,2944.4,100.0,100.0,100.0,100.0,100.0,100.0,100.0,100.0,100.0,100.0,100.0,100.0,100.0,99.9,100.0,100.0,100.0,100.0,100.0,100.0,100.0,100.0,100.0,100.0,123.7,118.1,118.1,118.0,118.1,118.1,118.1,117.9,117.9,118.1,118.1,118.0,118.1,132.5,132.5,132.5,132.5,131.7,131.7,131.7,131.7,123.7,27.6,31.0,31.0,31.0,31.0,31.0,31.0,25.0,25.0,25.0,25.0,25.0,25.0,25.0,25.0,25.0,67,69,67,68,66,68,68,67,67,67,67,65,65,65,65,33,31,33,32,34,32,32,33,33,33,33,35,35,35,35,76,69,No,No,No,No,No,No,No,No,No,No,No,No,No,No,No,No,No,No,No,No,No,No,No,No,No,No,No,No,No,No,Yes,Yes,Yes,Yes,Yes,Yes,Yes,Yes,Yes,Yes,Yes,Yes,Yes,Yes,Yes,No,No,Yes,76,69,64,1.100,43.876,46.235,39.035,0.001,5.584,0.728,175.0,175.0,175.0,175.0,0,0.0,99.5,99.7,99.7,99.8,99.8,98.4,99.8,99.8,99.8,99.8,99.8,99.8,99.8,96.7,99.4,99.5,99.6,99.6,99.6,99.7,99.7,0.0,0.0,0.0,0.0,0.0,0.0,0.0,0.0,0.0,0.0,0.0,0.0,0.0,0.0,0.0,0.0,0.0,0.0,0.0,0.0,0.0,0.0,0.0,0.0,0.0,0.0,0.0,0.0,0.0,0.0,0.0,0.0,0.0,0.0,0.0,0.0,0.0,2394.1,24.00,36,35,35,68,103,383,2,2,Yes,No,No,No,No,No,No,No,Yes,No,No,No,No,Yes,No,No,No,No,No,No,No,Yes,No,No,No,No,No,No,No,No,No,No,No,No,No,No,No,No,92.0,4380,2520,4140,70.8,1.095,1.110,1.800,1.815,1.005,5.110,2.250,No,No,No,71.0,1.095,1.110,1.800,1.815,1.005,5.110,1.375,No,No,No,46,46,94.0,100.0,No,No,32155,47957,36,70,99.0,100.0,No,No,1844,3246,100.0,0.8,100.0,27.131,0.147,65321,49107,0.0,0.0,0.0,0.000,0.000,164001,82786,58.5,64.0,65.8,83.0,0.870,20.673,20.666,20.679,21.296,9.550,9.595,8.680,18.301,3.000,11.697,7.772,7.807,100.000,140.000,2175.0,2150.2,1875.0,2175.0,1890.0,0.0,0.0,0.0,0.0,12.1,0.0,0.0,0.0,0.0,0.0,Yes,No,No,No,No,Yes,No,0,0,0,0,0,0,0,0,0,0,0,0,0,0,0,0,0,0,0,0,0,0,0,0,0,0,0,0,0,0,7199,989,755,91,16.0,64,0.300,45.093,550.0,2394.0,0.1,0.0,0.0,0.0,0.0,0.0,0.0,0.0,0.8,127,16065,127,No,No,No,No,No,No,No,No,16.747,68.277,100.0,0.000,24.1,0,0,0,0.0,1.4,1.4,1.4,1.4,1.4,1.4,1.4,1.4,1.4,1.4,1.4,1.4,701.12,701.12,701.12,701.12,701.12,701.12,0.40,700.71,701.12,0.00,496.36,648,7,0.5,0.0,0,0,0.0,0.0,0,
9.6.2026,13:37:37.019,20637,28131,42.3,17201,15182,53.1,10.5,16384,1715,0.887,0.871,0.871,0.873,0.870,0.875,0.890,0.898,0.898,0.898,0.898,0.898,0.898,0.898,0.885,0.808,0.783,2686.9,3093.2,3093.2,3093.2,3093.2,3093.2,3193.0,2594.3,2594.3,2594.3,2594.3,2494.5,2494.5,2494.5,1097.6,99.8,2494.5,2860.2,3108.1,3108.5,3108.4,3110.8,3066.3,3111.7,3103.9,3103.5,3111.4,3111.8,3110.0,3112.2,2441.1,2504.2,2507.4,2510.8,2492.3,2493.6,2493.6,2493.4,2951.9,100.0,99.9,100.0,99.9,100.0,100.0,100.0,100.0,100.0,100.0,100.0,99.9,100.0,99.9,100.0,99.9,100.0,99.9,100.0,100.0,100.0,100.0,100.0,100.0,123.9,118.3,118.3,118.2,118.3,118.3,118.3,118.1,118.0,118.3,118.3,118.3,118.3,132.7,132.9,132.8,132.8,131.9,131.9,131.9,131.9,123.9,26.9,31.0,31.0,31.0,31.0,31.0,32.0,26.0,26.0,26.0,26.0,25.0,25.0,25.0,11.0,25.0,67,69,68,68,66,67,66,68,68,68,68,65,65,65,66,33,31,32,32,34,33,34,32,32,32,32,35,35,35,34,76,69,No,No,No,No,No,No,No,No,No,No,No,No,No,No,No,No,No,No,No,No,No,No,No,No,No,No,No,No,No,No,Yes,Yes,Yes,Yes,Yes,Yes,Yes,Yes,Yes,Yes,Yes,Yes,Yes,Yes,Yes,No,No,Yes,77,70,65,1.100,44.719,45.281,38.044,0.001,5.603,0.739,175.0,175.0,175.0,175.0,0,0.0,99.5,99.7,99.7,99.7,99.8,98.3,99.8,99.8,99.8,99.8,99.8,99.8,99.8,96.9,99.4,99.5,99.6,99.6,99.7,99.7,99.7,0.0,0.0,0.0,0.0,0.0,0.0,0.0,0.1,0.0,0.1,0.0,0.0,0.0,0.0,0.0,0.0,0.0,0.0,0.0,0.0,0.0,0.0,0.0,0.0,0.0,0.0,0.0,0.0,0.0,0.0,0.0,0.0,0.0,0.0,0.0,0.0,0.0,2394.7,24.00,36,35,35,68,103,383,2,2,Yes,No,No,No,No,No,No,No,Yes,No,No,No,No,Yes,No,No,No,No,No,No,No,Yes,No,No,No,No,No,No,No,No,No,No,No,No,No,No,No,No,93.0,4380,2460,4140,71.0,1.095,1.110,1.800,1.815,1.005,5.110,1.750,No,No,No,71.0,1.095,1.110,1.800,1.815,1.005,5.110,2.375,No,No,No,46,46,94.0,100.0,No,No,32155,47957,36,70,99.0,100.0,No,No,1844,3246,100.0,0.1,100.0,27.949,0.044,65374,49107,0.0,0.0,0.0,0.000,0.000,164001,82786,58.6,64.0,66.0,83.0,0.870,20.677,20.669,20.685,21.341,9.552,9.598,8.681,18.306,3.000,11.699,7.771,7.807,100.000,140.000,2175.0,2150.2,1875.0,2175.0,1890.0,0.0,0.0,0.0,0.0,12.1,0.0,0.0,0.0,0.0,0.0,Yes,No,No,No,No,Yes,No,0,0,0,0,0,0,0,0,0,0,0,0,0,0,0,0,0,0,0,0,0,0,0,0,0,0,0,0,0,0,7199,989,755,91,16.0,64,0.300,45.749,600.0,2394.0,0.1,0.0,0.0,0.0,0.0,0.0,0.0,0.0,0.8,127,16065,127,No,No,No,No,No,No,No,No,16.748,68.277,100.0,0.000,24.1,0,0,0,0.0,1.4,1.4,1.4,1.4,1.4,1.4,1.4,1.4,1.4,1.4,1.4,1.4,701.12,701.12,701.12,701.12,701.12,701.12,0.40,700.71,701.12,0.00,496.36,648,7,0.1,0.0,0,0,0.0,0.0,0,
9.6.2026,13:37:39.026,20637,28130,42.3,17199,15185,53.1,10.5,16384,1715,0.871,0.878,0.891,0.872,0.864,0.868,0.869,0.872,0.872,0.871,0.891,0.866,0.861,0.861,0.861,0.818,0.783,2793.2,3192.2,3192.2,3092.4,3092.4,3092.4,3092.4,2593.7,2593.7,2593.7,2593.7,2493.9,2493.9,2493.9,2493.9,99.8,2593.7,2855.2,3101.6,3101.8,3104.5,3105.7,3064.9,3107.6,3101.3,3101.2,3106.7,3105.9,3106.7,3106.9,2429.9,2493.3,2504.2,2505.2,2488.9,2486.9,2490.0,2489.8,2946.7,100.0,100.0,100.0,100.0,100.0,100.0,100.0,100.0,100.0,100.0,100.0,100.0,100.0,99.8,99.9,100.0,100.0,100.0,100.0,100.0,100.0,100.0,100.0,100.0,123.7,118.1,118.1,118.1,118.1,118.1,118.1,117.9,117.9,118.1,118.1,118.1,118.1,132.4,132.6,132.7,132.6,131.8,131.7,131.8,131.7,123.7,28.0,32.0,32.0,31.0,31.0,31.0,31.0,26.0,26.0,26.0,26.0,25.0,25.0,25.0,25.0,26.0,68,69,68,69,67,68,68,68,68,68,68,66,66,66,66,32,31,32,31,33,32,32,32,32,32,32,34,34,34,34,77,69,No,No,No,No,No,No,No,No,No,No,No,No,No,No,No,No,No,No,No,No,No,No,No,No,No,No,No,No,No,No,Yes,Yes,Yes,Yes,Yes,Yes,Yes,Yes,Yes,Yes,Yes,Yes,Yes,Yes,Yes,No,No,Yes,76,70,66,1.100,43.032,44.997,37.786,0.001,5.596,0.730,175.0,175.0,175.0,175.0,0,0.0,99.5,99.7,99.7,99.8,99.8,98.4,99.8,99.8,99.8,99.8,99.8,99.8,99.8,96.6,99.1,99.5,99.6,99.7,99.6,99.7,99.7,0.0,0.0,0.0,0.0,0.0,0.0,0.0,0.2,0.0,0.0,0.0,0.0,0.0,0.0,0.0,0.0,0.0,0.0,0.0,0.0,0.0,0.0,0.0,0.0,0.0,0.0,0.0,0.0,0.0,0.0,0.0,0.0,0.0,0.0,0.0,0.0,0.0,2194.6,22.00,32,32,32,62,103,351,2,2,Yes,No,No,No,No,No,No,No,Yes,No,No,No,No,Yes,No,No,No,No,No,No,No,Yes,No,No,No,No,No,No,No,No,No,No,No,No,No,No,No,No,92.0,4380,2520,4140,71.0,1.095,1.110,1.800,1.815,0.990,5.110,1.750,No,No,No,71.0,1.095,1.110,1.800,1.815,1.005,5.110,1.375,No,No,No,46,46,94.0,100.0,No,No,32155,47957,37,70,99.0,100.0,No,No,1844,3246,100.0,0.2,100.0,27.459,0.106,65427,49107,0.0,0.0,0.0,0.000,0.000,164001,82786,58.5,64.0,65.9,83.0,0.870,20.677,20.670,20.685,21.335,9.563,9.612,8.702,18.327,3.000,11.718,7.772,7.807,100.000,140.000,2175.0,2150.2,1875.0,2175.0,1890.0,0.0,0.0,0.0,0.0,12.1,0.0,0.0,0.0,0.0,0.0,Yes,No,No,No,No,Yes,No,0,0,0,0,0,0,0,0,0,0,0,0,0,0,0,0,0,0,0,0,0,0,0,0,0,0,0,0,0,0,7199,989,755,91,16.0,65,0.300,43.270,600.0,2394.0,0.1,0.0,0.0,0.0,0.0,0.0,0.0,0.0,0.8,127,16065,127,No,No,No,No,No,No,No,No,16.748,68.277,100.0,0.000,24.1,0,0,0,0.0,1.4,1.4,1.4,1.4,1.4,1.4,1.4,1.4,1.4,1.4,1.4,1.4,701.12,701.12,701.12,701.12,701.12,701.12,0.40,700.71,701.12,0.00,496.36,648,7,0.2,0.1,0,0,0.0,0.0,0,
9.6.2026,13:37:41.021,20641,28127,42.3,17207,15176,53.1,10.5,16384,1715,0.869,0.867,0.867,0.869,0.880,0.870,0.871,0.863,0.863,0.871,0.871,0.871,0.871,0.868,0.868,0.808,0.781,2750.4,3092.4,3092.4,3092.4,3092.4,3092.4,3092.4,2493.9,2493.9,2493.9,2493.9,2493.9,2493.9,2493.9,2493.9,99.8,2493.9,2862.5,3117.1,3116.4,3118.4,3118.1,3074.2,3118.5,3107.6,3107.2,3118.1,3118.0,3118.1,3118.3,2435.4,2503.5,2505.4,2507.6,2484.1,2486.5,2488.5,2489.8,2956.4,100.0,100.0,100.0,100.0,100.0,100.0,100.0,100.0,100.0,100.0,100.0,100.0,100.0,99.9,100.0,100.0,100.0,100.0,100.0,100.0,100.0,100.0,100.0,100.0,124.1,118.6,118.6,118.6,118.6,118.6,118.6,118.2,118.2,118.6,118.6,118.6,118.6,133.2,133.2,133.2,133.2,131.7,131.7,131.7,131.7,124.1,27.6,31.0,31.0,31.0,31.0,31.0,31.0,25.0,25.0,25.0,25.0,25.0,25.0,25.0,25.0,25.0,67,70,68,68,67,68,67,67,67,67,67,66,66,66,66,33,30,32,32,33,32,33,33,33,33,33,34,34,34,34,76,70,No,No,No,No,No,No,No,No,No,No,No,No,No,No,No,No,No,No,No,No,No,No,No,No,No,No,No,No,No,No,Yes,Yes,Yes,Yes,Yes,Yes,Yes,Yes,Yes,Yes,Yes,Yes,Yes,Yes,Yes,No,No,Yes,76,70,65,1.100,40.501,46.276,39.080,0.001,5.580,0.724,175.0,175.0,175.0,175.0,0,0.0,99.4,99.7,99.7,99.8,99.8,98.4,99.8,99.8,99.8,99.8,99.8,99.8,99.8,96.5,99.2,99.3,99.4,99.5,99.6,99.6,99.7,0.0,0.0,0.0,0.0,0.0,0.0,0.0,0.1,0.0,0.0,0.0,0.0,0.0,0.0,0.0,0.0,0.0,0.0,0.0,0.0,0.0,0.0,0.0,0.0,0.0,0.0,0.0,0.0,0.0,0.0,0.0,0.0,0.0,0.0,0.0,0.0,0.0,2394.1,24.00,36,35,35,68,103,383,2,2,Yes,No,No,No,No,No,No,No,Yes,No,No,No,No,Yes,No,No,No,No,No,No,No,Yes,No,No,No,No,No,No,No,No,No,No,No,No,No,No,No,No,92.0,4380,2520,4140,71.0,1.095,1.110,1.800,1.815,0.990,5.110,1.500,No,No,No,71.0,1.095,1.110,1.800,1.815,0.990,5.110,1.375,No,No,No,46,46,94.0,100.0,No,No,32155,47957,37,70,99.0,100.0,No,No,1844,3246,100.0,1.0,100.0,28.262,0.054,65481,49107,0.0,0.0,0.0,0.000,0.000,164001,82786,58.6,64.0,65.9,83.0,0.870,20.676,20.668,20.683,21.354,9.560,9.611,8.701,18.325,3.000,11.702,7.771,7.807,100.000,140.000,2175.0,2150.2,1875.0,2175.0,1890.0,0.0,0.0,0.0,0.0,12.1,0.0,0.0,0.0,0.0,0.0,Yes,No,No,No,No,Yes,No,0,0,0,0,0,0,0,0,0,0,0,0,0,0,0,0,0,0,0,0,0,0,0,0,0,0,0,0,0,0,7199,989,755,90,16.0,64,0.300,47.662,600.0,2194.0,0.1,0.0,0.0,0.0,0.0,0.0,0.0,0.0,0.8,127,16065,127,No,No,No,No,No,No,No,No,16.746,68.277,100.0,0.000,24.1,0,0,0,0.0,1.4,1.4,1.4,1.4,1.4,1.4,1.4,1.4,1.4,1.4,1.4,1.4,701.12,701.12,701.12,701.12,701.12,701.12,0.40,700.71,701.12,0.00,496.36,648,7,0.0,0.0,0,0,0.0,0.0,0,
9.6.2026,13:37:43.015,20642,28126,42.3,17198,15185,53.1,10.5,16384,1715,0.871,0.860,0.865,0.869,0.871,0.871,0.875,0.870,0.869,0.875,0.875,0.875,0.873,0.873,0.873,0.808,0.781,2751.1,3093.2,3093.2,3093.2,3093.2,3093.2,3093.2,2494.5,2494.5,2494.5,2494.5,2494.5,2494.5,2494.5,2494.5,99.8,2494.5,2853.5,3097.7,3099.5,3104.0,3102.7,3062.1,3103.6,3098.1,3097.5,3103.5,3103.5,3104.2,3103.8,2438.2,2495.2,2502.0,2504.3,2484.2,2489.1,2489.2,2488.3,2945.0,100.0,100.0,99.9,100.0,99.9,100.0,100.0,100.0,100.0,100.0,100.0,100.0,100.0,99.8,100.0,99.9,100.0,100.0,100.0,100.0,100.0,100.0,100.0,100.0,123.7,118.0,118.0,118.1,118.0,118.0,118.1,117.9,117.8,118.1,118.1,118.1,118.1,132.4,132.6,132.6,132.6,131.7,131.7,131.7,131.7,123.7,27.6,31.0,31.0,31.0,31.0,31.0,31.0,25.0,25.0,25.0,25.0,25.0,25.0,25.0,25.0,25.0,67,70,68,70,66,68,68,66,67,67,67,65,65,65,65,33,30,32,30,34,32,32,34,33,33,33,35,35,35,35,76,70,No,No,No,No,No,No,No,No,No,No,No,No,No,No,No,No,No,No,No,No,No,No,No,No,No,No,No,No,No,No,Yes,Yes,Yes,Yes,Yes,Yes,Yes,Yes,Yes,Yes,Yes,Yes,Yes,Yes,Yes,No,No,Yes,77,69,65,1.100,43.876,43.805,36.687,0.001,5.541,0.692,175.0,175.0,175.0,175.0,0,0.0,99.5,99.6,99.7,99.8,99.7,98.5,99.8,99.8,99.8,99.8,99.8,99.8,99.8,97.0,99.3,99.5,99.6,99.5,99.7,99.7,99.7,0.0,0.0,0.0,0.0,0.0,0.0,0.0,0.1,0.0,0.0,0.0,0.0,0.0,0.0,0.0,0.0,0.0,0.0,0.0,0.0,0.0,0.0,0.0,0.0,0.0,0.0,0.0,0.0,0.0,0.0,0.0,0.0,0.0,0.0,0.0,0.0,0.0,2394.7,24.00,36,35,35,68,103,383,2,2,Yes,No,No,No,No,No,No,No,Yes,No,No,No,No,Yes,No,No,No,No,No,No,No,Yes,No,No,No,No,No,No,No,No,No,No,No,No,No,No,No,No,93.0,4320,2520,4200,71.0,1.095,1.110,1.800,1.815,0.990,5.110,1.625,No,No,No,71.0,1.110,1.110,1.800,1.815,0.990,5.110,2.000,No,No,No,47,47,94.0,100.0,No,No,32155,47957,36,70,99.0,100.0,No,No,1844,3246,100.0,0.1,100.0,28.087,0.048,65534,49107,0.0,0.0,0.0,0.000,0.000,164001,82786,58.6,64.0,65.9,83.0,0.870,20.678,20.670,20.686,21.304,9.553,9.610,8.681,18.307,3.000,11.696,7.773,7.806,100.000,140.000,2175.0,2150.2,1875.0,2175.0,1890.0,0.0,0.0,0.0,0.0,12.1,0.0,0.0,0.0,0.0,0.0,Yes,No,No,No,No,Yes,No,0,0,0,0,0,0,0,0,0,0,0,0,0,0,0,0,0,0,0,0,0,0,0,0,0,0,0,0,0,0,7199,989,755,89,16.0,66,0.300,43.675,600.0,2394.0,0.1,0.0,0.0,0.0,0.0,0.0,0.0,0.0,0.8,127,16065,127,No,No,No,No,No,No,No,No,16.746,68.277,100.0,0.000,24.1,0,0,0,0.0,1.4,1.4,1.4,1.4,1.4,1.4,1.4,1.4,1.4,1.4,1.4,1.4,701.12,701.12,701.12,701.12,701.12,701.12,0.40,700.71,701.12,0.00,496.36,648,7,0.0,0.0,0,0,0.0,0.0,0,
9.6.2026,13:37:45.023,20640,28128,42.3,17211,15173,53.1,10.5,16384,1715,0.872,0.883,0.872,0.869,0.862,0.871,0.879,0.872,0.872,0.872,0.872,0.871,0.870,0.871,0.871,0.818,0.778,2757.5,3192.2,3092.4,3092.4,3092.4,3092.4,3092.4,2493.9,2493.9,2493.9,2493.9,2493.9,2493.9,2493.9,2493.9,99.8,2593.7,2862.4,3110.5,3106.9,3113.1,3113.1,3068.6,3113.5,3107.8,3108.6,3111.1,3113.5,3111.7,3111.7,2439.0,2499.3,2508.9,2508.6,2500.6,2501.2,2501.3,2499.7,2952.9,100.0,100.0,99.9,100.0,100.0,100.0,100.0,99.9,100.0,99.9,100.0,100.0,100.0,99.8,99.9,100.0,100.0,100.0,100.0,100.0,99.9,100.0,100.0,100.0,124.0,118.4,118.3,118.4,118.4,118.4,118.4,118.2,118.3,118.3,118.4,118.3,118.3,132.7,132.8,132.9,132.9,132.4,132.4,132.4,132.3,124.0,27.6,32.0,31.0,31.0,31.0,31.0,31.0,25.0,25.0,25.0,25.0,25.0,25.0,25.0,25.0,26.0,67,70,68,69,66,68,66,67,67,67,67,66,66,66,66,33,30,32,31,34,32,34,33,33,33,33,34,34,34,34,77,70,No,No,No,No,No,No,No,No,No,No,No,No,No,No,No,No,No,No,No,No,No,No,No,No,No,No,No,No,No,No,Yes,Yes,Yes,Yes,Yes,Yes,Yes,Yes,Yes,Yes,Yes,Yes,Yes,Yes,Yes,No,No,Yes,77,69,65,1.100,43.032,44.210,36.996,0.001,5.589,0.730,175.0,175.0,175.0,175.0,0,0.0,99.5,99.7,99.6,99.8,99.8,98.4,99.8,99.7,99.8,99.7,99.8,99.8,99.8,96.8,99.2,99.6,99.5,99.7,99.7,99.7,99.6,0.0,0.0,0.0,0.0,0.0,0.0,0.0,0.2,0.1,0.0,0.0,0.0,0.0,0.0,0.1,0.0,0.0,0.0,0.0,0.0,0.0,0.0,0.0,0.0,0.0,0.0,0.0,0.0,0.0,0.0,0.0,0.0,0.0,0.0,0.0,0.0,0.0,2194.6,22.00,32,32,32,62,103,351,2,2,Yes,No,No,No,No,No,No,No,Yes,No,No,No,No,Yes,No,No,No,No,No,No,No,Yes,No,No,No,No,No,No,No,No,No,No,No,No,No,No,No,No,93.0,4380,2460,4200,71.0,1.095,1.110,1.800,1.815,0.990,5.110,1.750,No,No,No,71.0,1.095,1.110,1.800,1.815,0.990,5.110,2.000,No,No,No,47,47,94.0,100.0,No,No,32155,47957,37,70,99.0,100.0,No,No,1844,3246,100.0,0.2,100.0,28.392,0.142,65590,49107,0.0,0.0,0.0,0.000,0.000,164001,82786,58.6,64.0,65.9,83.0,0.870,20.675,20.668,20.682,21.292,9.539,9.576,8.680,18.262,3.000,11.688,7.766,7.799,100.000,140.000,2175.0,2150.2,1875.0,2175.0,1890.0,1.0,0.0,0.0,0.0,12.1,0.0,0.0,0.0,0.0,0.0,Yes,No,No,No,No,Yes,No,0,0,0,0,0,0,0,0,0,0,0,0,0,0,0,0,0,0,0,0,0,0,0,0,0,0,0,0,0,0,7199,989,755,90,16.0,64,0.300,44.658,600.0,2394.0,0.1,0.0,0.0,0.0,0.0,0.0,0.0,0.0,0.8,127,16065,127,No,No,No,No,No,No,No,No,16.747,68.277,100.0,0.000,24.1,0,0,0,0.0,1.4,1.4,1.4,1.4,1.4,1.4,1.4,1.4,1.4,1.4,1.4,1.4,701.12,701.12,701.12,701.12,701.12,701.12,0.40,700.71,701.12,0.00,496.36,648,7,0.2,0.1,0,0,0.0,0.0,0,
9.6.2026,13:37:47.017,20643,28125,42.3,17214,15170,53.1,10.5,16384,1715,0.872,0.871,0.871,0.874,0.881,0.873,0.860,0.871,0.872,0.872,0.872,0.872,0.875,0.875,0.875,0.808,0.778,2764.7,3092.4,3092.4,3092.4,3192.2,3192.2,3092.4,2493.9,2493.9,2493.9,2493.9,2493.9,2493.9,2493.9,2493.9,99.8,2493.9,2856.3,3103.8,3103.6,3105.7,3105.2,3063.2,3106.8,3099.4,3099.8,3107.0,3107.4,3107.7,3107.6,2458.0,2495.6,2500.8,2503.4,2486.9,2486.8,2488.6,2488.7,2948.4,100.0,100.0,100.0,100.0,100.0,100.0,100.0,100.0,100.0,100.0,100.0,100.0,100.0,100.0,100.0,100.0,100.0,100.0,99.9,100.0,100.0,100.0,100.0,100.0,123.7,118.1,118.1,118.1,118.1,118.2,118.1,117.9,117.9,118.1,118.1,118.1,118.1,132.6,132.6,132.6,132.6,131.7,131.7,131.7,131.7,123.7,27.7,31.0,31.0,31.0,32.0,32.0,31.0,25.0,25.0,25.0,25.0,25.0,25.0,25.0,25.0,25.0,67,70,68,68,67,68,68,66,68,68,68,66,65,65,65,33,30,32,32,33,32,32,34,32,32,32,34,35,35,35,76,70,No,No,No,No,No,No,No,No,No,No,No,No,No,No,No,No,No,No,No,No,No,No,No,No,No,No,No,No,No,No,Yes,Yes,Yes,Yes,Yes,Yes,Yes,Yes,Yes,Yes,Yes,Yes,Yes,Yes,Yes,No,No,Yes,76,70,64,1.100,46.407,44.341,37.190,0.001,5.554,0.711,175.0,175.0,175.0,175.0,0,0.0,99.5,99.7,99.7,99.8,99.8,98.4,99.8,99.8,99.8,99.8,99.8,99.8,99.8,97.7,99.2,99.4,99.5,99.6,99.6,99.6,99.6,0.0,0.0,0.0,0.0,0.0,0.0,0.0,0.0,0.0,0.0,0.0,0.0,0.0,0.0,0.0,0.0,0.0,0.0,0.0,0.0,0.0,0.0,0.0,0.0,0.0,0.0,0.0,0.0,0.0,0.0,0.0,0.0,0.0,0.0,0.0,0.0,0.0,2394.1,24.00,36,35,35,68,103,383,2,2,Yes,No,No,No,No,No,No,No,Yes,No,No,No,No,Yes,No,No,No,No,No,No,No,Yes,No,No,No,No,No,No,No,No,No,No,No,No,No,No,No,No,93.0,4440,2520,4200,71.0,1.095,1.110,1.800,1.815,0.990,5.110,1.625,No,No,No,71.0,1.095,1.110,1.800,1.815,0.990,5.110,1.375,No,No,No,47,47,94.0,100.0,No,No,32155,47957,37,70,99.0,100.0,No,No,1844,3246,100.0,1.9,100.0,27.126,0.093,65641,49107,0.0,0.0,0.0,0.000,0.000,164001,82786,58.6,64.0,66.0,83.0,0.870,20.677,20.669,20.684,21.289,9.561,9.608,8.702,18.326,3.000,11.712,7.771,7.805,100.000,140.000,2175.0,2150.2,1875.0,2175.0,1890.0,0.0,0.0,0.0,0.0,12.1,0.0,0.0,0.0,0.0,0.0,Yes,No,No,No,No,Yes,No,0,0,0,0,0,0,0,0,0,0,0,0,0,0,0,0,0,0,0,0,0,0,0,0,0,0,0,0,0,0,7199,989,755,90,16.0,65,0.300,43.646,600.0,2194.0,0.1,0.0,0.0,0.0,0.0,0.0,0.0,0.0,0.8,127,16065,127,No,No,No,No,No,No,No,No,16.746,68.277,100.0,0.000,24.1,0,0,0,0.0,1.4,1.4,1.4,1.4,1.4,1.4,1.4,1.4,1.4,1.4,1.4,1.4,701.12,701.12,701.12,701.12,701.12,701.12,0.40,700.71,701.12,0.00,496.36,648,7,0.7,0.3,0,0,0.0,0.0,0,
9.6.2026,13:37:49.028,20647,28121,42.3,17214,15169,53.1,10.5,16384,1715,0.892,0.871,0.880,0.906,0.906,0.906,0.904,0.904,0.904,0.904,0.877,0.877,0.877,0.882,0.882,0.808,0.783,2843.0,3092.4,3192.2,3192.2,3192.2,3192.2,3192.2,2593.7,2593.7,2593.7,2593.7,2593.7,2593.7,2593.7,2593.7,99.8,2493.9,2874.9,3125.2,3129.1,3131.4,3127.4,3101.4,3132.3,3126.2,3125.7,3120.8,3126.0,3133.8,3126.8,2438.7,2505.4,2500.1,2518.8,2505.7,2509.1,2508.7,2506.0,2966.8,99.8,99.8,99.9,100.0,99.8,99.9,99.9,100.0,99.9,99.6,99.7,100.0,99.7,99.4,99.8,99.8,99.7,99.9,100.0,99.9,99.8,100.0,99.8,100.0,124.6,118.9,119.1,119.1,118.9,119.1,119.1,118.9,118.9,118.7,118.9,119.1,118.9,133.2,133.7,133.7,133.5,132.7,132.7,132.7,132.6,124.6,28.5,31.0,32.0,32.0,32.0,32.0,32.0,26.0,26.0,26.0,26.0,26.0,26.0,26.0,26.0,25.0,67,70,68,67,64,66,67,67,67,67,68,66,66,66,66,33,30,32,33,36,34,33,33,33,33,32,34,34,34,34,77,70,No,No,No,No,No,No,No,No,No,No,No,No,No,No,No,No,No,No,No,No,No,No,No,No,No,No,No,No,No,No,Yes,Yes,Yes,Yes,Yes,Yes,Yes,Yes,Yes,Yes,Yes,Yes,Yes,Yes,Yes,No,No,Yes,76,70,65,1.100,39.657,43.464,36.456,0.001,5.582,0.721,175.0,175.0,175.0,175.0,0,0.0,99.3,99.5,99.7,99.8,99.6,98.7,99.7,99.8,99.7,99.4,99.6,99.8,99.6,96.1,98.7,98.5,99.2,99.5,99.6,99.6,99.5,0.1,0.0,0.0,0.0,0.0,0.0,0.0,0.5,0.2,0.1,0.3,0.1,0.0,0.1,0.2,0.0,0.0,0.0,0.0,0.0,0.0,0.0,0.0,0.0,0.0,0.0,0.0,0.0,0.0,0.0,0.0,0.0,0.0,0.0,0.0,0.0,0.0,2394.1,24.00,36,35,35,68,103,383,2,2,Yes,No,No,No,No,No,No,No,Yes,No,No,No,No,Yes,No,No,No,No,No,No,No,Yes,No,No,No,No,No,No,No,No,No,No,No,No,No,No,No,No,91.0,4380,2460,4200,71.0,1.095,1.110,1.800,1.815,0.990,5.110,1.375,No,No,No,71.0,1.095,1.110,1.800,1.800,0.990,5.110,1.375,No,No,No,47,47,94.0,100.0,No,No,32155,47957,36,70,99.0,100.0,No,No,1844,3246,100.0,0.3,100.0,27.478,0.064,65692,49108,0.0,0.0,0.0,0.000,0.000,164001,82786,58.6,64.0,65.9,83.0,0.870,20.681,20.673,20.690,21.357,9.573,9.628,8.724,18.352,3.000,11.727,7.772,7.805,100.000,140.000,2175.0,2150.2,1875.0,2175.0,1890.0,0.0,0.0,0.0,0.0,12.1,0.0,0.0,0.0,0.0,0.0,Yes,No,No,No,No,Yes,No,0,0,0,0,0,0,0,0,0,0,0,0,0,0,0,0,0,0,0,0,0,0,0,0,0,0,0,0,0,0,7199,989,755,90,16.0,64,0.300,44.697,600.0,2394.0,0.1,0.0,0.0,0.0,0.0,0.0,0.0,0.0,0.8,127,16065,127,No,No,No,No,No,No,No,No,16.748,68.277,100.0,0.000,24.1,0,0,0,0.0,1.4,1.4,1.4,1.4,1.4,1.4,1.4,1.4,1.4,1.4,1.4,1.4,701.12,701.12,701.12,701.12,701.12,701.12,0.40,700.71,701.12,0.00,496.36,648,7,0.3,0.2,0,0,0.0,0.0,0,
9.6.2026,13:37:51.020,20640,28128,42.3,17215,15169,53.1,10.5,16384,1715,0.867,0.870,0.870,0.863,0.866,0.861,0.871,0.866,0.866,0.866,0.866,0.866,0.871,0.872,0.872,0.818,0.783,2757.5,3192.2,3092.4,3092.4,3092.4,3092.4,3092.4,2493.9,2493.9,2493.9,2493.9,2493.9,2493.9,2493.9,2493.9,99.8,2593.7,2848.5,3095.7,3096.2,3098.9,3098.9,3055.2,3097.3,3091.7,3091.9,3098.0,3097.9,3098.6,3098.7,2422.2,2485.6,2491.3,2495.7,2488.3,2488.8,2489.7,2489.6,2938.4,100.0,100.0,100.0,100.0,100.0,100.0,99.9,100.0,100.0,100.0,100.0,100.0,100.0,99.9,100.0,100.0,100.0,100.0,100.0,100.0,100.0,100.0,100.0,100.0,123.5,117.8,117.8,117.8,117.8,117.9,117.8,117.6,117.6,117.8,117.8,117.9,117.9,132.2,132.2,132.2,132.3,131.7,131.7,131.7,131.7,123.5,27.6,32.0,31.0,31.0,31.0,31.0,31.0,25.0,25.0,25.0,25.0,25.0,25.0,25.0,25.0,26.0,68,70,68,68,67,68,68,68,68,68,68,66,66,66,66,32,30,32,32,33,32,32,32,32,32,32,34,34,34,34,76,70,No,No,No,No,No,No,No,No,No,No,No,No,No,No,No,No,No,No,No,No,No,No,No,No,No,No,No,No,No,No,Yes,Yes,Yes,Yes,Yes,Yes,Yes,Yes,Yes,Yes,Yes,Yes,Yes,Yes,Yes,No,No,Yes,76,70,65,1.100,43.032,46.147,38.889,0.001,5.507,0.678,175.0,175.0,175.0,175.0,0,0.0,99.5,99.7,99.7,99.8,99.8,98.4,99.8,99.8,99.8,99.8,99.8,99.8,99.8,96.6,99.2,99.4,99.6,99.7,99.7,99.7,99.7,0.0,0.0,0.0,0.0,0.0,0.0,0.0,0.0,0.0,0.0,0.0,0.0,0.0,0.0,0.0,0.0,0.0,0.0,0.0,0.0,0.0,0.0,0.0,0.0,0.0,0.0,0.0,0.0,0.0,0.0,0.0,0.0,0.0,0.0,0.0,0.0,0.0,2394.1,24.00,36,35,35,68,103,383,2,2,Yes,No,No,No,No,No,No,No,Yes,No,No,No,No,Yes,No,No,No,No,No,No,No,Yes,No,No,No,No,No,No,No,No,No,No,No,No,No,No,No,No,93.0,4440,2520,4260,71.0,1.095,1.110,1.800,1.815,0.975,5.110,1.375,No,No,No,71.0,1.095,1.110,1.800,1.815,0.990,5.110,3.375,No,No,No,47,47,94.0,100.0,No,No,32155,47957,36,70,99.0,100.0,No,No,1844,3246,100.0,0.0,100.0,27.519,0.068,65747,49108,0.0,0.0,0.0,0.000,0.000,164001,82786,58.6,64.0,66.1,83.0,0.870,20.670,20.664,20.677,21.318,9.565,9.627,8.700,18.340,3.000,11.710,7.771,7.805,100.000,140.000,2175.0,2150.2,1875.0,2175.0,1890.0,0.0,0.0,0.0,0.0,12.1,0.0,0.0,0.0,0.0,0.0,Yes,No,No,No,No,Yes,No,0,0,0,0,0,0,0,0,0,0,0,0,0,0,0,0,0,0,0,0,0,0,0,0,0,0,0,0,0,0,7199,989,755,91,16.0,65,0.300,45.347,550.0,2394.0,0.1,0.0,0.0,0.0,0.0,0.0,0.0,0.0,0.8,127,16065,127,No,No,No,No,No,No,No,No,16.748,68.277,100.0,0.000,24.1,0,0,0,0.0,1.4,1.4,1.4,1.4,1.4,1.4,1.4,1.4,1.4,1.4,1.4,1.4,701.12,701.12,701.12,701.12,701.12,701.12,0.40,700.71,701.12,0.00,496.36,648,7,0.1,0.0,0,0,0.0,0.0,0,
9.6.2026,13:37:53.014,20641,28127,42.3,17221,15163,53.1,10.5,16384,1715,0.884,0.871,0.874,0.870,0.870,0.866,0.882,0.885,0.885,0.898,0.897,0.897,0.897,0.891,0.891,0.818,0.778,2829.5,3193.0,3193.0,3093.2,3093.2,3093.2,3193.0,2594.3,2594.3,2594.3,2594.3,2594.3,2594.3,2594.3,2594.3,99.8,2594.3,2866.1,3116.1,3113.8,3118.6,3119.3,3079.5,3119.3,3106.3,3107.7,3117.9,3120.1,3120.1,3120.9,2455.4,2504.5,2512.2,2517.5,2492.3,2493.5,2493.7,2492.7,2959.3,100.0,100.0,99.9,100.0,100.0,100.0,100.0,100.0,100.0,99.9,100.0,100.0,100.0,99.9,99.9,99.9,100.0,100.0,100.0,100.0,100.0,100.0,100.0,100.0,124.1,118.6,118.5,118.6,118.6,118.6,118.6,118.1,118.2,118.6,118.6,118.6,118.6,133.1,133.1,133.1,133.2,131.8,131.9,131.8,131.9,124.1,28.4,32.0,32.0,31.0,31.0,31.0,32.0,26.0,26.0,26.0,26.0,26.0,26.0,26.0,26.0,26.0,67,70,68,69,66,67,68,68,68,67,67,66,66,66,66,33,30,32,31,34,33,32,32,32,33,33,34,34,34,34,76,70,No,No,No,No,No,No,No,No,No,No,No,No,No,No,No,No,No,No,No,No,No,No,No,No,No,No,No,No,No,No,Yes,Yes,Yes,Yes,Yes,Yes,Yes,Yes,Yes,Yes,Yes,Yes,Yes,Yes,Yes,No,No,Yes,76,69,64,1.100,42.188,44.476,37.330,0.001,5.554,0.703,175.0,175.0,175.0,175.0,0,0.0,99.5,99.7,99.6,99.8,99.8,98.5,99.8,99.8,99.8,99.7,99.8,99.8,99.8,97.2,99.1,99.4,99.6,99.6,99.7,99.7,99.6,0.0,0.0,0.0,0.0,0.0,0.0,0.0,0.1,0.1,0.1,0.0,0.0,0.0,0.0,0.0,0.0,0.0,0.0,0.0,0.0,0.0,0.0,0.0,0.0,0.0,0.0,0.0,0.0,0.0,0.0,0.0,0.0,0.0,0.0,0.0,0.0,0.0,997.8,10.00,22,15,15,28,103,160,2,2,Yes,No,No,No,No,No,No,No,Yes,No,No,No,No,No,No,No,No,No,No,No,No,No,No,No,No,No,No,No,No,No,No,No,No,No,No,No,No,No,93.0,4380,2460,4200,71.0,1.095,1.110,1.800,1.815,0.975,5.110,1.500,No,No,No,71.0,1.095,1.110,1.800,1.815,0.975,5.110,1.500,No,No,No,47,47,94.0,100.0,No,No,32155,47957,37,70,99.0,100.0,No,No,1844,3246,100.0,0.0,100.0,27.763,0.013,65800,49108,0.0,0.0,0.0,0.000,0.000,164001,82786,58.6,64.0,65.9,83.0,0.870,20.674,20.667,20.681,21.351,9.574,9.620,8.701,18.344,3.000,11.713,7.837,7.805,100.000,140.000,2175.0,2150.2,1875.0,2175.0,1890.0,0.0,0.0,0.0,0.0,12.1,0.0,0.0,0.0,0.0,0.0,Yes,No,No,No,No,Yes,No,0,0,0,0,0,0,0,0,0,0,0,0,0,0,0,0,0,0,0,0,0,0,0,0,0,0,0,0,0,0,7199,989,755,91,16.0,65,0.300,43.675,550.0,2394.0,0.1,0.0,0.0,0.0,0.0,0.0,0.0,0.0,0.8,127,16065,127,No,No,No,No,No,No,No,No,16.746,68.277,100.0,0.000,24.1,0,0,0,0.0,1.4,1.4,1.4,1.4,1.4,1.4,1.4,1.4,1.4,1.4,1.4,1.4,701.12,701.12,701.12,701.12,701.12,701.12,0.40,700.71,701.12,0.00,496.36,648,7,0.1,0.0,0,0,0.0,0.0,0,
9.6.2026,13:37:55.026,20647,28120,42.3,17217,15167,53.1,10.5,16384,1715,0.865,0.861,0.862,0.859,0.864,0.865,0.866,0.867,0.867,0.867,0.867,0.867,0.868,0.868,0.868,0.811,0.781,2750.4,3092.4,3092.4,3092.4,3092.4,3092.4,3092.4,2493.9,2493.9,2493.9,2493.9,2493.9,2493.9,2493.9,2493.9,99.8,2493.9,2857.6,3102.9,3104.6,3107.8,3108.3,3064.1,3107.9,3100.6,3100.6,3103.5,3107.0,3107.8,3105.8,2442.0,2494.4,2501.6,2505.8,2496.7,2497.1,2496.2,2497.8,2947.8,99.9,99.9,99.9,100.0,100.0,100.0,100.0,99.9,100.0,99.9,100.0,100.0,99.9,99.8,99.8,99.8,100.0,99.9,100.0,99.9,99.9,100.0,99.9,100.0,123.9,118.1,118.2,118.2,118.3,118.2,118.3,118.0,118.0,118.1,118.2,118.3,118.2,132.6,132.6,132.7,132.8,132.2,132.2,132.2,132.2,123.9,27.6,31.0,31.0,31.0,31.0,31.0,31.0,25.0,25.0,25.0,25.0,25.0,25.0,25.0,25.0,25.0,68,70,68,68,66,68,68,68,68,68,68,68,68,66,66,32,30,32,32,34,32,32,32,32,32,32,32,32,34,34,76,70,No,No,No,No,No,No,No,No,No,No,No,No,No,No,No,No,No,No,No,No,No,No,No,No,No,No,No,No,No,No,Yes,Yes,Yes,Yes,Yes,Yes,Yes,Yes,Yes,Yes,Yes,Yes,Yes,Yes,Yes,No,No,Yes,76,69,65,1.100,37.126,44.205,37.036,0.001,5.568,0.711,175.0,175.0,175.0,175.0,0,0.0,99.5,99.6,99.7,99.8,99.8,98.4,99.8,99.7,99.7,99.7,99.8,99.8,99.8,97.0,99.1,99.4,99.6,99.6,99.6,99.6,99.7,0.1,0.0,0.0,0.0,0.0,0.0,0.0,0.2,0.2,0.1,0.0,0.1,0.0,0.1,0.0,0.0,0.0,0.0,0.0,0.0,0.0,0.0,0.0,0.0,0.0,0.0,0.0,0.0,0.0,0.0,0.0,0.0,0.0,0.0,0.0,0.0,0.0,2194.6,22.00,32,32,32,62,103,351,2,2,Yes,No,No,No,No,No,No,No,Yes,No,No,No,No,Yes,No,No,No,No,No,No,No,Yes,No,No,No,No,No,No,No,No,No,No,No,No,No,No,No,No,92.0,4380,2520,4200,71.0,1.095,1.110,1.800,1.815,0.975,5.110,1.500,No,No,No,71.0,1.095,1.110,1.800,1.815,0.975,5.110,1.375,No,No,No,47,47,94.0,100.0,No,No,32155,47957,37,70,99.0,100.0,No,No,1844,3246,100.0,0.7,100.0,27.214,0.279,65851,49108,0.0,0.0,0.0,0.000,0.000,164001,82786,58.6,64.0,65.9,83.0,0.870,20.670,20.664,20.676,21.327,9.582,9.685,8.700,18.401,3.000,11.711,7.771,7.805,100.000,140.000,2175.0,2150.2,1875.0,2175.0,1890.0,0.0,0.0,0.0,0.0,12.1,0.0,0.0,0.0,0.0,0.0,Yes,No,No,No,No,Yes,No,0,0,0,0,0,0,0,0,0,0,0,0,0,0,0,0,0,0,0,0,0,0,0,0,0,0,0,0,0,0,7199,989,755,91,16.0,66,0.300,45.118,550.0,997.0,0.1,0.0,0.0,0.0,0.0,0.0,0.0,0.0,0.8,127,16065,127,No,No,No,No,No,No,No,No,16.747,68.277,100.0,0.000,24.1,0,0,0,0.0,1.4,1.4,1.4,1.4,1.4,1.4,1.4,1.4,1.4,1.4,1.4,1.4,701.12,701.12,701.12,701.12,701.12,701.12,0.40,700.71,701.12,0.00,496.36,648,7,0.0,0.0,0,0,0.0,0.0,0,
9.6.2026,13:37:57.020,20640,28128,42.3,17215,15169,53.1,10.5,16384,1715,0.867,0.861,0.869,0.861,0.883,0.880,0.871,0.865,0.865,0.865,0.865,0.865,0.865,0.861,0.861,0.808,0.781,2764.7,3092.4,3092.4,3092.4,3192.2,3192.2,3092.4,2493.9,2493.9,2493.9,2493.9,2493.9,2493.9,2493.9,2493.9,99.8,2493.9,2866.9,3114.8,3115.1,3117.8,3118.3,3073.7,3119.2,3106.2,3106.1,3119.0,3119.5,3119.4,3119.2,2445.1,2512.6,2515.8,2518.5,2499.5,2499.7,2499.2,2499.5,2958.8,100.0,100.0,100.0,100.0,100.0,100.0,100.0,100.0,100.0,100.0,100.0,100.0,100.0,99.9,100.0,100.0,100.0,100.0,100.0,100.0,100.0,100.0,100.0,100.0,124.2,118.5,118.5,118.6,118.6,118.6,118.6,118.1,118.1,118.6,118.6,118.6,118.6,133.2,133.3,133.2,133.2,132.2,132.2,132.2,132.2,124.2,27.7,31.0,31.0,31.0,32.0,32.0,31.0,25.0,25.0,25.0,25.0,25.0,25.0,25.0,25.0,25.0,68,69,68,69,67,68,68,68,68,68,68,68,66,65,65,32,31,32,31,33,32,32,32,32,32,32,32,34,35,35,76,69,No,No,No,No,No,No,No,No,No,No,No,No,No,No,No,No,No,No,No,No,No,No,No,No,No,No,No,No,No,No,Yes,Yes,Yes,Yes,Yes,Yes,Yes,Yes,Yes,Yes,Yes,Yes,Yes,Yes,Yes,No,No,Yes,76,70,65,1.100,43.032,45.124,37.939,0.001,5.576,0.720,175.0,175.0,175.0,175.0,0,0.0,99.5,99.7,99.8,99.8,99.8,98.4,99.8,99.8,99.8,99.8,99.8,99.8,99.8,96.8,99.4,99.5,99.7,99.7,99.7,99.7,99.7,0.0,0.0,0.0,0.0,0.0,0.0,0.0,0.1,0.0,0.0,0.0,0.0,0.0,0.0,0.0,0.0,0.0,0.0,0.0,0.0,0.0,0.0,0.0,0.0,0.0,0.0,0.0,0.0,0.0,0.0,0.0,0.0,0.0,0.0,0.0,0.0,0.0,2394.1,24.00,36,35,35,68,103,383,2,2,Yes,No,No,No,No,No,No,No,Yes,No,No,No,No,Yes,No,No,No,No,No,No,No,Yes,No,No,No,No,No,No,No,No,No,No,No,No,No,No,No,No,92.0,4380,2520,4200,71.0,1.095,1.095,1.800,1.815,0.975,5.110,1.500,No,No,No,71.0,1.095,1.110,1.800,1.815,0.975,5.110,1.250,No,No,No,47,47,94.0,100.0,No,No,32155,47957,36,70,99.0,100.0,No,No,1844,3246,100.0,0.1,100.0,28.124,0.033,65906,49108,0.0,0.0,0.0,0.000,0.000,164001,82786,58.6,64.0,65.9,83.0,0.870,20.682,20.673,20.691,21.270,9.570,9.635,8.703,18.353,3.000,11.720,7.771,7.805,100.000,140.000,2175.0,2150.2,1875.0,2175.0,1890.0,0.0,0.0,0.0,0.0,12.1,0.0,0.0,0.0,0.0,0.0,Yes,No,No,No,No,Yes,No,0,0,0,0,0,0,0,0,0,0,0,0,0,0,0,0,0,0,0,0,0,0,0,0,0,0,0,0,0,0,7199,989,755,91,16.0,65,0.300,44.533,600.0,2194.0,0.1,0.0,0.0,0.0,0.0,0.0,0.0,0.0,0.8,127,16065,127,No,No,No,No,No,No,No,No,16.746,68.277,100.0,0.000,24.1,0,0,0,0.0,1.4,1.4,1.4,1.4,1.4,1.4,1.4,1.4,1.4,1.4,1.4,1.4,701.12,701.12,701.12,701.12,701.12,701.12,0.40,700.71,701.12,0.00,496.36,648,7,0.5,0.2,0,0,0.0,0.0,0,
9.6.2026,13:37:59.017,20647,28121,42.3,17232,15152,53.2,10.5,16384,1715,0.869,0.871,0.869,0.872,0.871,0.872,0.860,0.865,0.865,0.868,0.877,0.862,0.872,0.874,0.874,0.808,0.783,2650.7,3092.4,3092.4,3092.4,3092.4,3092.4,3092.4,2493.9,2493.9,2493.9,2493.9,1097.3,2493.9,2493.9,2493.9,99.8,2493.9,2868.1,3115.6,3116.5,3121.1,3121.4,3077.8,3118.2,3111.3,3110.7,3119.5,3113.8,3121.2,3116.0,2450.5,2505.8,2512.5,2516.4,2503.2,2501.8,2504.2,2503.8,2959.3,99.9,99.9,100.0,100.0,100.0,100.0,99.9,100.0,100.0,100.0,99.8,100.0,99.8,99.8,99.8,99.9,100.0,100.0,99.9,100.0,100.0,100.0,99.9,100.0,124.3,118.6,118.6,118.7,118.7,118.7,118.6,118.4,118.4,118.7,118.5,118.7,118.5,133.2,133.2,133.3,133.4,132.5,132.5,132.5,132.5,124.3,26.6,31.0,31.0,31.0,31.0,31.0,31.0,25.0,25.0,25.0,25.0,11.0,25.0,25.0,25.0,25.0,67,69,68,68,66,68,68,67,68,68,67,66,66,66,66,33,31,32,32,34,32,32,33,32,32,33,34,34,34,34,76,69,No,No,No,No,No,No,No,No,No,No,No,No,No,No,No,No,No,No,No,No,No,No,No,No,No,No,No,No,No,No,Yes,Yes,Yes,Yes,Yes,Yes,Yes,Yes,Yes,Yes,Yes,Yes,Yes,Yes,Yes,No,No,Yes,76,70,64,1.100,43.876,44.827,37.741,0.001,5.516,0.686,175.0,175.0,175.0,175.0,0,0.0,99.5,99.7,99.7,99.8,99.8,98.4,99.7,99.8,99.8,99.8,99.6,99.8,99.7,96.9,99.1,99.4,99.5,99.6,99.6,99.7,99.7,0.0,0.0,0.0,0.0,0.0,0.0,0.0,0.2,0.1,0.1,0.0,0.0,0.1,0.0,0.0,0.0,0.0,0.0,0.0,0.0,0.0,0.0,0.0,0.0,0.0,0.0,0.0,0.0,0.0,0.0,0.0,0.0,0.0,0.0,0.0,0.0,0.0,2194.6,22.00,32,32,32,62,103,351,2,2,Yes,No,No,No,No,No,No,No,Yes,No,No,No,No,Yes,No,No,No,No,No,No,No,Yes,No,No,No,No,No,No,No,No,No,No,No,No,No,No,No,No,93.0,4380,2520,4140,71.0,1.095,1.095,1.815,1.815,0.975,5.110,1.875,No,No,No,71.0,1.095,1.095,1.800,1.815,0.975,5.110,1.625,No,No,No,47,47,94.0,100.0,No,No,32155,47957,36,70,99.0,100.0,No,No,1844,3246,100.0,0.1,100.0,27.534,0.058,65958,49108,0.0,0.0,0.0,0.000,0.000,164001,82786,58.6,64.0,65.9,83.0,0.870,20.668,20.662,20.673,21.350,9.592,9.688,8.720,18.420,3.000,11.731,7.777,7.810,100.000,140.000,2175.0,2150.2,1875.0,2175.0,1890.0,0.0,0.0,0.0,0.0,12.1,0.0,0.0,0.0,0.0,0.0,Yes,No,No,No,No,Yes,No,0,0,0,0,0,0,0,0,0,0,0,0,0,0,0,0,0,0,0,0,0,0,0,0,0,0,0,0,0,0,7199,989,755,91,16.0,65,0.300,45.776,550.0,2394.0,0.1,0.0,0.0,0.0,0.0,0.0,0.0,0.0,0.8,127,16065,127,No,No,No,No,No,No,No,No,16.747,68.277,100.0,0.000,24.1,0,0,0,0.0,1.5,1.5,1.5,1.5,1.5,1.5,1.4,1.4,1.4,1.4,1.4,1.4,686.72,686.72,686.72,686.72,686.72,686.72,0.39,686.29,686.72,0.00,530.28,648,7,0.1,0.1,0,0,0.0,0.0,0,
9.6.2026,13:38:1.028,20645,28123,42.3,17231,15153,53.2,10.5,16384,1715,0.870,0.882,0.867,0.884,0.869,0.859,0.871,0.868,0.868,0.868,0.868,0.867,0.867,0.867,0.869,0.818,0.778,2771.8,3192.2,3092.4,3192.2,3092.4,3092.4,3192.2,2493.9,2493.9,2493.9,2493.9,2493.9,2493.9,2493.9,2493.9,99.8,2593.7,2866.7,3112.1,3113.5,3118.0,3117.7,3075.5,3117.0,3108.6,3107.4,3118.3,3119.0,3118.9,3118.6,2472.2,2506.5,2512.2,2515.0,2495.8,2496.4,2495.3,2496.5,2959.4,100.0,99.9,100.0,100.0,100.0,100.0,100.0,100.0,100.0,100.0,100.0,100.0,99.9,100.0,100.0,100.0,100.0,100.0,100.0,100.0,100.0,100.0,100.0,100.0,124.1,118.5,118.5,118.6,118.6,118.5,118.5,118.2,118.2,118.6,118.6,118.6,118.5,133.1,133.1,133.1,133.1,132.1,132.1,132.1,132.1,124.1,27.8,32.0,31.0,32.0,31.0,31.0,32.0,25.0,25.0,25.0,25.0,25.0,25.0,25.0,25.0,26.0,67,69,68,68,66,68,68,68,68,68,68,66,66,66,66,33,31,32,32,34,32,32,32,32,32,32,34,34,34,34,76,69,No,No,No,No,No,No,No,No,No,No,No,No,No,No,No,No,No,No,No,No,No,No,No,No,No,No,No,No,No,No,Yes,Yes,Yes,Yes,Yes,Yes,Yes,Yes,Yes,Yes,Yes,Yes,Yes,Yes,Yes,No,No,Yes,76,69,64,1.100,32.063,47.940,40.801,0.001,5.547,0.705,175.0,175.0,175.0,175.0,0,0.0,99.5,99.7,99.7,99.8,99.8,98.4,99.8,99.8,99.7,99.8,99.8,99.8,99.7,97.9,99.2,99.4,99.6,99.6,99.6,99.6,99.6,0.0,0.0,0.0,0.0,0.0,0.0,0.0,0.0,0.0,0.0,0.0,0.0,0.0,0.0,0.0,0.0,0.0,0.0,0.0,0.0,0.0,0.0,0.0,0.0,0.0,0.0,0.0,0.0,0.0,0.0,0.0,0.0,0.0,0.0,0.0,0.0,0.0,2194.6,22.00,32,32,32,62,103,351,2,2,Yes,No,No,No,No,No,No,No,Yes,No,No,No,No,Yes,No,No,No,No,No,No,No,Yes,No,No,No,No,No,No,No,No,No,No,No,No,No,No,No,No,92.0,4380,2460,4140,71.0,1.095,1.095,1.815,1.815,0.975,5.110,1.500,No,No,No,71.0,1.095,1.095,1.815,1.815,0.975,5.110,2.750,No,No,No,47,47,94.0,100.0,No,No,32155,47957,37,70,99.0,100.0,No,No,1844,3246,100.0,0.6,100.0,26.911,0.181,66009,49109,0.0,0.0,0.0,0.000,0.000,164001,82786,58.6,64.0,66.0,83.0,0.870,20.668,20.663,20.674,21.307,9.576,9.666,8.699,18.379,3.000,11.712,7.770,7.805,100.000,140.000,2175.0,2150.2,1875.0,2175.0,1890.0,0.0,0.0,0.0,0.0,12.1,0.0,0.1,0.0,0.0,0.0,Yes,No,No,No,No,Yes,No,0,0,0,0,0,0,0,0,0,0,0,0,0,0,0,0,0,0,0,0,0,0,0,0,0,0,0,0,0,0,7199,989,755,91,16.0,64,0.300,49.006,550.0,2194.0,0.1,0.0,0.0,0.0,0.0,0.0,0.0,0.0,0.8,127,16065,127,No,No,No,No,No,No,No,No,16.748,68.277,100.0,0.000,24.1,0,0,0,0.0,1.5,1.5,1.5,1.5,1.5,1.5,1.4,1.4,1.4,1.4,1.4,1.4,686.72,686.72,686.72,686.72,686.72,686.72,0.39,686.29,686.72,0.00,530.28,648,7,0.1,0.1,0,0,0.0,0.0,0,
9.6.2026,13:38:3.018,20637,28131,42.3,17229,15154,53.2,10.5,16384,1715,0.879,0.871,0.873,0.872,0.874,0.870,0.881,0.884,0.884,0.884,0.884,0.884,0.884,0.884,0.884,0.808,0.781,2807.4,3092.4,3092.4,3092.4,3092.4,3092.4,3092.4,2593.7,2593.7,2593.7,2593.7,2593.7,2593.7,2593.7,2593.7,99.8,2493.9,2870.4,3124.0,3123.0,3123.5,3125.0,3081.7,3124.6,3115.7,3115.5,3123.3,3124.7,3124.0,3124.5,2434.3,2499.4,2504.7,2511.8,2504.3,2507.8,2507.1,2510.0,2961.2,100.0,100.0,100.0,100.0,100.0,100.0,100.0,100.0,100.0,99.9,100.0,100.0,100.0,99.9,100.0,100.0,100.0,100.0,100.0,100.0,100.0,100.0,100.0,100.0,124.6,118.9,118.9,118.9,118.9,118.9,118.9,118.6,118.6,118.9,118.9,118.9,118.9,133.5,133.5,133.5,133.5,132.9,132.9,132.9,132.9,124.6,28.1,31.0,31.0,31.0,31.0,31.0,31.0,26.0,26.0,26.0,26.0,26.0,26.0,26.0,26.0,25.0,67,70,68,68,66,68,68,67,66,66,66,66,66,66,66,33,30,32,32,34,32,32,33,34,34,34,34,34,34,34,76,70,No,No,No,No,No,No,No,No,No,No,No,No,No,No,No,No,No,No,No,No,No,No,No,No,No,No,No,No,No,No,Yes,Yes,Yes,Yes,Yes,Yes,Yes,Yes,Yes,Yes,Yes,Yes,Yes,Yes,Yes,No,No,Yes,76,71,64,1.100,44.719,44.496,37.184,0.001,5.653,0.768,175.0,175.0,175.0,175.0,0,0.0,99.4,99.7,99.7,99.7,99.8,98.4,99.8,99.8,99.8,99.7,99.8,99.8,99.8,96.2,98.8,99.0,99.3,99.4,99.6,99.5,99.6,0.0,0.0,0.0,0.0,0.0,0.0,0.0,0.1,0.0,0.0,0.0,0.0,0.0,0.0,0.0,0.0,0.0,0.0,0.0,0.0,0.0,0.0,0.0,0.0,0.0,0.0,0.0,0.0,0.0,0.0,0.0,0.0,0.0,0.0,0.0,0.0,0.0,2394.1,24.00,36,35,35,68,103,383,2,2,Yes,No,No,No,No,No,No,No,Yes,No,No,No,No,Yes,No,No,No,No,No,No,No,Yes,No,No,No,No,No,No,No,No,No,No,No,No,No,No,No,No,93.0,4320,2520,4140,71.0,1.095,1.095,1.815,1.815,0.990,5.110,1.750,No,No,No,71.0,1.095,1.095,1.815,1.815,1.005,5.110,1.500,No,No,No,47,47,94.0,100.0,No,No,32155,47958,37,70,99.0,100.0,No,No,1844,3246,100.0,0.2,100.0,27.299,0.222,66061,49109,0.0,0.0,0.0,0.000,0.000,164001,82786,58.6,64.0,65.9,83.0,0.870,20.668,20.662,20.673,21.356,9.586,9.661,8.719,18.399,3.000,11.735,7.776,7.812,100.000,140.000,2175.0,2150.2,1875.0,2175.0,1890.0,0.0,0.0,0.0,0.0,12.1,0.0,0.0,0.0,0.0,0.0,Yes,No,No,No,No,Yes,No,0,0,0,0,0,0,0,0,0,0,0,0,0,0,0,0,0,0,0,0,0,0,0,0,0,0,0,0,0,0,7199,989,755,65,16.0,65,0.300,42.046,550.0,2194.0,0.1,0.0,0.0,0.0,0.0,0.0,0.0,0.0,0.8,127,16065,127,No,No,No,No,No,No,No,No,16.748,68.277,100.0,0.000,24.1,0,0,0,0.0,1.5,1.5,1.5,1.5,1.5,1.5,1.4,1.4,1.4,1.4,1.4,1.4,686.72,686.72,686.72,686.72,686.72,686.72,0.39,686.29,686.72,0.00,530.28,648,7,0.3,0.4,0,0,0.0,0.0,0,
9.6.2026,13:38:5.015,20647,28121,42.3,17249,15134,53.2,10.5,16384,1715,0.895,0.876,0.871,0.875,0.874,0.882,0.871,0.908,0.913,0.913,0.913,0.913,0.913,0.907,0.907,0.808,0.783,2793.2,3092.4,3092.4,3192.2,3092.4,3192.2,3092.4,2593.7,2593.7,2593.7,2593.7,2493.9,2493.9,2493.9,2493.9,99.8,2493.9,2872.3,3120.6,3120.3,3124.0,3123.6,3081.8,3124.9,3118.5,3117.3,3124.5,3123.6,3126.1,3125.9,2460.8,2510.6,2516.0,2522.3,2501.9,2500.7,2501.4,2501.6,2965.1,100.0,100.0,99.9,100.0,99.9,100.0,100.0,100.0,100.0,100.0,99.9,100.0,100.0,99.9,100.0,99.9,100.0,100.0,99.9,99.9,100.0,100.0,100.0,100.0,124.5,118.8,118.8,118.8,118.8,118.9,118.8,118.6,118.6,118.8,118.8,118.9,118.9,133.5,133.6,133.5,133.6,132.5,132.4,132.4,132.4,124.5,28.0,31.0,31.0,32.0,31.0,32.0,31.0,26.0,26.0,26.0,26.0,25.0,25.0,25.0,25.0,25.0,67,68,68,70,64,66,67,68,67,67,67,66,66,66,66,33,32,32,30,36,34,33,32,33,33,33,34,34,34,34,76,70,No,No,No,No,No,No,No,No,No,No,No,No,No,No,No,No,No,No,No,No,No,No,No,No,No,No,No,No,No,No,Yes,Yes,Yes,Yes,Yes,Yes,Yes,Yes,Yes,Yes,Yes,Yes,Yes,Yes,Yes,No,No,Yes,76,70,65,1.100,42.188,45.239,38.021,0.001,5.644,0.744,175.0,175.0,175.0,175.0,0,0.0,99.4,99.7,99.6,99.8,99.7,98.4,99.8,99.8,99.7,99.7,99.7,99.8,99.8,97.1,99.1,99.3,99.6,99.6,99.6,99.6,99.6,0.0,0.0,0.0,0.0,0.0,0.0,0.0,0.1,0.0,0.0,0.0,0.0,0.1,0.1,0.0,0.0,0.0,0.0,0.0,0.0,0.0,0.0,0.0,0.0,0.0,0.0,0.0,0.0,0.0,0.0,0.0,0.0,0.0,0.0,0.0,0.0,0.0,2194.6,22.00,32,32,32,62,103,351,2,2,Yes,No,No,No,No,No,No,No,Yes,No,No,No,No,Yes,No,No,No,No,No,No,No,Yes,No,No,No,No,No,No,No,No,No,No,No,No,No,No,No,No,93.0,4320,2520,4140,71.0,1.095,1.095,1.815,1.815,0.990,5.110,1.750,No,No,No,71.2,1.095,1.095,1.815,1.815,0.990,5.110,3.000,No,No,No,47,47,94.0,100.0,No,No,32155,47958,37,70,99.0,100.0,No,No,1844,3246,100.0,0.1,100.0,27.986,0.118,66116,49109,0.0,0.0,0.0,0.000,0.000,164001,82786,58.7,64.0,66.0,83.0,0.870,20.676,20.668,20.683,21.304,9.588,9.646,8.722,18.367,3.000,11.722,7.847,7.813,100.000,140.000,2175.0,2150.2,1875.0,2175.0,1890.0,0.0,0.0,0.0,0.0,12.1,0.0,0.0,0.0,0.0,0.0,Yes,No,No,No,No,Yes,No,0,0,0,0,0,0,0,0,0,0,0,0,0,0,0,0,0,0,0,0,0,0,0,0,0,0,0,0,0,0,7199,989,755,65,16.0,64,0.300,44.943,600.0,2394.0,0.1,0.0,0.0,0.0,0.0,0.0,0.0,0.0,0.8,127,16065,127,No,No,No,No,No,No,No,No,16.747,68.277,100.0,0.000,24.1,0,0,0,0.0,1.5,1.5,1.5,1.5,1.5,1.5,1.4,1.4,1.4,1.4,1.4,1.4,686.72,686.72,686.72,686.72,686.72,686.72,0.39,686.29,686.72,0.00,530.28,648,7,4.2,1.0,0,0,0.0,0.0,0,
9.6.2026,13:38:7.023,20641,28127,42.3,17246,15138,53.2,10.5,16384,1715,0.870,0.876,0.874,0.871,0.860,0.868,0.865,0.869,0.871,0.871,0.871,0.871,0.871,0.871,0.866,0.818,0.781,2764.7,3192.2,3192.2,3092.4,3092.4,3092.4,3092.4,2493.9,2493.9,2493.9,2493.9,2493.9,2493.9,2493.9,2493.9,99.8,2593.7,2870.5,3121.1,3119.9,3122.7,3122.3,3090.6,3124.4,3115.1,3113.6,3124.2,3123.0,3124.0,3123.7,2466.6,2511.0,2516.6,2520.2,2492.7,2492.3,2493.6,2493.3,2964.9,100.0,100.0,100.0,100.0,99.9,100.0,100.0,100.0,100.0,100.0,100.0,100.0,100.0,100.0,100.0,100.0,100.0,100.0,100.0,100.0,100.0,100.0,100.0,100.0,124.6,119.1,119.1,119.0,119.0,119.1,119.1,118.7,118.7,119.1,119.0,119.1,119.1,133.8,133.8,133.9,133.9,132.3,132.2,132.3,132.3,124.6,27.7,32.0,32.0,31.0,31.0,31.0,31.0,25.0,25.0,25.0,25.0,25.0,25.0,25.0,25.0,26.0,68,71,69,70,64,67,68,68,68,68,68,66,66,66,66,32,29,31,30,36,33,32,32,32,32,32,34,34,34,34,77,71,No,No,No,No,No,No,No,No,No,No,No,No,No,No,No,No,No,No,No,No,No,No,No,No,No,No,No,No,No,No,Yes,Yes,Yes,Yes,Yes,Yes,Yes,Yes,Yes,Yes,Yes,Yes,Yes,Yes,Yes,No,No,Yes,76,70,65,1.100,35.438,42.567,35.161,0.001,5.679,0.775,175.0,175.0,175.0,175.0,0,0.0,99.3,99.5,99.4,99.6,99.5,98.5,99.6,99.6,99.5,99.6,99.6,99.6,99.6,97.2,99.0,99.2,99.4,99.4,99.4,99.4,99.4,0.0,0.0,0.0,0.0,0.0,0.0,0.0,0.0,0.0,0.0,0.0,0.0,0.0,0.0,0.0,0.0,0.0,0.0,0.0,0.0,0.0,0.0,0.0,0.0,0.0,0.0,0.0,0.0,0.0,0.0,0.0,0.0,0.0,0.0,0.0,0.0,0.0,2194.6,22.00,32,32,32,62,103,351,2,2,Yes,No,No,No,No,No,No,No,Yes,No,No,No,No,Yes,No,No,No,No,No,No,No,Yes,No,No,No,No,No,No,No,No,No,No,No,No,No,No,No,No,93.0,4380,2520,4200,71.0,1.095,1.095,1.815,1.815,0.990,5.110,1.625,No,No,No,71.2,1.110,1.095,1.815,1.815,0.990,5.110,2.375,No,No,No,47,47,94.0,100.0,No,No,32155,47958,37,70,99.0,100.0,No,No,1844,3246,100.0,0.6,100.0,20.790,2.456,66155,49114,0.0,0.0,0.0,0.000,0.000,164001,82786,58.6,64.0,65.9,83.0,0.870,20.669,20.664,20.675,21.307,9.564,9.625,8.700,18.339,3.000,11.703,7.772,7.807,100.000,140.000,2175.0,2150.2,1875.0,2175.0,1890.0,0.0,0.0,0.0,0.0,12.1,0.0,0.0,0.0,0.0,0.0,Yes,No,No,No,No,Yes,No,0,0,0,0,0,0,0,0,0,0,0,0,0,0,0,0,0,0,0,0,0,0,0,0,0,0,0,0,0,0,7199,989,755,65,16.0,65,0.300,43.693,600.0,2194.0,0.1,0.0,0.0,0.0,0.0,0.0,0.0,0.0,0.8,127,16065,127,No,No,No,No,No,No,No,No,16.746,68.277,100.0,0.000,24.1,0,0,0,0.0,1.5,1.5,1.5,1.5,1.5,1.5,1.4,1.4,1.4,1.4,1.4,1.4,686.72,686.72,686.72,686.72,686.72,686.72,0.39,686.29,686.72,0.00,530.28,648,7,0.1,0.0,0,0,0.0,0.0,0,
9.6.2026,13:38:9.015,20643,28124,42.3,17257,15127,53.2,10.5,16384,1715,0.879,0.888,0.884,0.876,0.859,0.880,0.879,0.872,0.874,0.876,0.888,0.884,0.884,0.884,0.871,0.818,0.783,2800.3,3192.2,3192.2,3192.2,3192.2,3192.2,3192.2,2493.9,2493.9,2493.9,2593.7,2493.9,2493.9,2493.9,2493.9,99.8,2593.7,2851.5,3095.1,3096.4,3101.5,3100.9,3069.0,3101.4,3093.9,3093.8,3101.6,3102.2,3104.3,3102.4,2446.8,2493.4,2498.0,2500.2,2481.0,2482.2,2483.1,2483.4,2943.8,100.0,99.9,100.0,100.0,100.0,100.0,100.0,100.0,100.0,100.0,100.0,100.0,100.0,99.9,99.9,100.0,100.0,100.0,100.0,100.0,100.0,100.0,100.0,100.0,124.0,118.4,118.4,118.4,118.4,118.4,118.4,118.1,118.1,118.4,118.4,118.4,118.4,132.9,132.9,132.9,132.9,131.9,131.9,131.9,131.9,124.0,28.1,32.0,32.0,32.0,32.0,32.0,32.0,25.0,25.0,25.0,26.0,25.0,25.0,25.0,25.0,26.0,67,68,67,69,66,68,69,68,67,68,68,66,66,66,66,33,32,33,31,34,32,31,32,33,32,32,34,34,34,34,77,69,No,No,No,No,No,No,No,No,No,No,No,No,No,No,No,No,No,No,No,No,No,No,No,No,No,No,No,No,No,No,Yes,Yes,Yes,Yes,Yes,Yes,Yes,Yes,Yes,Yes,Yes,Yes,Yes,Yes,Yes,No,No,Yes,76,69,65,1.100,43.032,46.037,38.726,0.001,5.654,0.763,175.0,175.0,175.0,175.0,0,0.0,99.1,99.2,99.3,99.4,99.3,98.3,99.3,99.4,99.3,99.4,99.4,99.4,99.3,96.9,98.8,99.0,99.0,99.1,99.1,99.2,99.2,0.0,0.0,0.0,0.0,0.0,0.0,0.0,0.0,0.1,0.0,0.0,0.0,0.0,0.0,0.0,0.0,0.0,0.0,0.0,0.0,0.0,0.0,0.0,0.0,0.0,0.0,0.0,0.0,0.0,0.0,0.0,0.0,0.0,0.0,0.0,0.0,0.0,2394.1,24.00,36,35,35,68,103,383,2,2,Yes,No,No,No,No,No,No,No,Yes,No,No,No,No,Yes,No,No,No,No,No,No,No,Yes,No,No,No,No,No,No,No,No,No,No,No,No,No,No,No,No,93.0,4320,2460,4140,71.2,1.095,1.110,1.815,1.815,0.990,5.110,2.750,No,No,No,71.2,1.095,1.110,1.815,1.815,0.990,5.110,2.000,No,No,No,48,48,94.0,100.0,No,No,32155,47958,37,70,99.0,100.0,No,No,1844,3246,100.0,0.5,100.0,20.944,2.252,66197,49119,0.0,0.0,0.0,0.000,0.000,164001,82786,58.6,64.0,65.9,83.0,0.870,20.675,20.668,20.681,21.322,9.582,9.664,8.722,18.386,3.000,11.727,7.770,7.807,100.000,140.000,2175.0,2150.2,1875.0,2175.0,1890.0,0.0,0.0,0.0,0.0,12.1,0.0,0.0,0.0,0.0,0.0,Yes,No,No,No,No,Yes,No,0,0,0,0,0,0,0,0,0,0,0,0,0,0,0,0,0,0,0,0,0,0,0,0,0,0,0,0,0,0,7199,989,755,65,16.0,64,0.300,45.488,600.0,2194.0,0.1,0.0,0.0,0.0,0.0,0.0,0.0,0.0,0.8,127,16065,127,No,No,No,No,No,No,No,No,16.747,68.277,100.0,0.000,24.1,0,0,0,0.0,1.5,1.5,1.5,1.5,1.5,1.5,1.4,1.4,1.4,1.4,1.4,1.4,686.72,686.72,686.72,686.72,686.72,686.72,0.39,686.29,686.72,0.00,530.28,648,7,5.5,1.1,0,0,0.0,0.0,0,
9.6.2026,13:38:11.023,20641,28127,42.3,17249,15135,53.2,10.5,16384,1715,0.868,0.879,0.861,0.869,0.874,0.869,0.865,0.866,0.866,0.866,0.866,0.866,0.867,0.867,0.867,0.818,0.778,2757.5,3192.2,3092.4,3092.4,3092.4,3092.4,3092.4,2493.9,2493.9,2493.9,2493.9,2493.9,2493.9,2493.9,2493.9,99.8,2593.7,2858.6,3112.3,3113.9,3113.9,3114.9,3079.9,3115.3,3109.3,3110.1,3112.4,3113.4,3107.7,3106.6,2415.3,2475.7,2488.1,2506.0,2490.8,2493.7,2495.6,2496.1,2949.7,99.8,99.9,100.0,99.9,100.0,100.0,99.9,99.9,99.9,99.9,99.9,99.8,99.7,99.3,99.6,99.5,99.9,99.8,99.9,99.9,99.9,100.0,99.8,100.0,124.6,119.0,119.0,119.0,119.1,119.1,119.0,118.9,118.9,119.0,119.0,118.9,118.8,133.2,133.4,133.3,133.9,132.8,132.9,133.0,133.0,124.7,27.6,32.0,31.0,31.0,31.0,31.0,31.0,25.0,25.0,25.0,25.0,25.0,25.0,25.0,25.0,26.0,67,70,67,69,67,67,67,67,67,67,68,66,66,66,66,33,30,33,31,33,33,33,33,33,33,32,34,34,34,34,77,70,No,No,No,No,No,No,No,No,No,No,No,No,No,No,No,No,No,No,No,No,No,No,No,No,No,No,No,No,No,No,Yes,Yes,Yes,Yes,Yes,Yes,Yes,Yes,Yes,Yes,Yes,Yes,Yes,Yes,Yes,No,No,Yes,76,70,65,1.100,44.719,43.477,36.237,0.001,5.615,0.743,175.0,175.0,175.0,175.0,0,0.0,98.8,99.2,99.3,99.3,99.3,98.2,99.4,99.3,99.3,99.3,99.4,99.2,99.2,95.4,97.7,98.2,98.9,98.9,99.0,99.1,99.1,0.1,0.0,0.0,0.0,0.0,0.0,0.0,0.5,0.3,0.4,0.0,0.2,0.1,0.1,0.1,0.0,0.0,0.0,0.0,0.0,0.0,0.0,0.0,0.0,0.0,0.0,0.0,0.0,0.0,0.0,0.0,0.0,0.0,0.0,0.0,0.0,0.0,2194.6,22.00,32,32,32,62,103,351,2,2,Yes,No,No,No,No,No,No,No,Yes,No,No,No,No,Yes,No,No,No,No,No,No,No,Yes,No,No,No,No,No,No,No,No,No,No,No,No,No,No,No,No,92.0,4320,2520,4140,71.2,1.095,1.110,1.800,1.815,0.990,5.110,1.250,No,No,No,71.2,1.095,1.110,1.800,1.815,0.990,5.110,1.250,No,No,No,47,47,94.0,100.0,No,No,32155,47958,37,70,99.0,100.0,No,No,1844,3246,100.0,0.5,100.0,22.173,2.503,66239,49123,0.0,0.0,0.0,0.000,0.000,164001,82786,58.7,64.0,66.0,83.0,0.870,20.685,20.676,20.694,21.339,9.560,9.626,8.684,18.335,3.000,11.695,7.771,7.807,100.000,140.000,2175.0,2150.2,1875.0,2175.0,1890.0,0.0,0.0,0.0,0.0,12.1,0.0,0.0,0.0,0.0,0.0,Yes,No,No,No,No,Yes,No,0,0,0,0,0,0,0,0,0,0,0,0,0,0,0,0,0,0,0,0,0,0,0,0,0,0,0,0,0,0,7199,989,755,64,16.0,65,0.300,42.602,600.0,2394.0,0.1,0.0,0.0,0.0,0.0,0.0,0.0,0.0,0.8,127,16065,127,No,No,No,No,No,No,No,No,16.747,68.277,100.0,0.000,24.1,0,0,0,0.0,1.5,1.5,1.5,1.5,1.5,1.5,1.4,1.4,1.4,1.4,1.4,1.4,686.72,686.72,686.72,686.72,686.72,686.72,0.39,686.29,686.72,0.00,530.28,648,7,3.7,1.3,0,0,0.0,0.0,0,
9.6.2026,13:38:13.017,20642,28126,42.3,17259,15125,53.2,10.5,16384,1715,0.866,0.875,0.871,0.873,0.872,0.870,0.862,0.861,0.861,0.861,0.864,0.864,0.864,0.864,0.864,0.818,0.781,2764.7,3192.2,3192.2,3092.4,3092.4,3092.4,3092.4,2493.9,2493.9,2493.9,2493.9,2493.9,2493.9,2493.9,2493.9,99.8,2593.7,2850.1,3096.0,3095.8,3099.4,3099.3,3064.6,3100.9,3094.9,3095.1,3099.9,3101.0,3101.1,3102.3,2428.2,2486.1,2496.5,2498.2,2484.6,2485.4,2486.6,2486.3,2941.2,100.0,100.0,100.0,100.0,100.0,100.0,100.0,100.0,100.0,99.9,100.0,100.0,100.0,99.9,100.0,100.0,100.0,100.0,100.0,100.0,100.0,100.0,100.0,100.0,124.0,118.4,118.3,118.4,118.4,118.4,118.4,118.2,118.2,118.3,118.4,118.4,118.4,132.9,132.9,132.9,132.9,132.3,132.2,132.2,132.2,124.0,27.7,32.0,32.0,31.0,31.0,31.0,31.0,25.0,25.0,25.0,25.0,25.0,25.0,25.0,25.0,26.0,67,70,68,69,66,68,68,67,67,67,67,66,66,66,65,33,30,32,31,34,32,32,33,33,33,33,34,34,34,35,76,70,No,No,No,No,No,No,No,No,No,No,No,No,No,No,No,No,No,No,No,No,No,No,No,No,No,No,No,No,No,No,Yes,Yes,Yes,Yes,Yes,Yes,Yes,Yes,Yes,Yes,Yes,Yes,Yes,Yes,Yes,No,No,Yes,76,70,64,1.100,43.876,44.235,37.040,0.001,5.587,0.720,175.0,175.0,175.0,175.0,0,0.0,99.0,99.3,99.3,99.3,99.3,98.2,99.4,99.4,99.4,99.4,99.4,99.4,99.4,96.3,98.6,99.0,99.1,99.1,99.1,99.2,99.2,0.0,0.0,0.0,0.0,0.0,0.0,0.0,0.1,0.0,0.0,0.0,0.0,0.0,0.0,0.0,0.0,0.0,0.0,0.0,0.0,0.0,0.0,0.0,0.0,0.0,0.0,0.0,0.0,0.0,0.0,0.0,0.0,0.0,0.0,0.0,0.0,0.0,2194.6,22.00,32,32,32,62,103,351,2,2,Yes,No,No,No,No,No,No,No,Yes,No,No,No,No,Yes,No,No,No,No,No,No,No,Yes,No,No,No,No,No,No,No,No,No,No,No,No,No,No,No,No,93.0,4320,2520,4200,71.2,1.095,1.110,1.800,1.800,0.990,5.110,1.625,No,No,No,71.2,1.095,1.110,1.800,1.815,0.990,5.110,1.625,No,No,No,47,47,94.0,100.0,No,No,32155,47958,36,70,99.0,100.0,No,No,1844,3246,100.0,0.4,100.0,22.316,2.202,66281,49127,0.0,0.0,0.0,0.000,0.000,164001,82786,58.7,64.0,65.9,83.0,0.870,20.669,20.663,20.674,21.308,9.574,9.645,8.720,18.359,3.000,11.719,7.772,7.806,100.000,140.000,2175.0,2150.2,1875.0,2175.0,1890.0,0.0,0.0,0.0,0.0,12.1,0.0,0.0,0.0,0.0,0.0,Yes,No,No,No,No,Yes,No,0,0,0,0,0,0,0,0,0,0,0,0,0,0,0,0,0,0,0,0,0,0,0,0,0,0,0,0,0,0,7199,989,755,64,16.0,66,0.300,47.143,600.0,2194.0,0.1,0.0,0.0,0.0,0.0,0.0,0.0,0.0,0.8,127,16065,127,No,No,No,No,No,No,No,No,16.748,68.277,100.0,0.000,24.1,0,0,0,0.0,1.5,1.5,1.5,1.5,1.5,1.5,1.4,1.4,1.4,1.4,1.4,1.4,686.72,686.72,686.72,686.72,686.72,686.72,0.39,686.29,686.72,0.00,530.28,648,7,0.4,0.2,0,0,0.0,0.0,0,
9.6.2026,13:38:15.025,20646,28122,42.3,17271,15113,53.3,10.5,16384,1715,0.871,0.871,0.869,0.871,0.876,0.872,0.870,0.872,0.872,0.872,0.870,0.870,0.870,0.870,0.872,0.808,0.778,2750.4,3092.4,3092.4,3092.4,3092.4,3092.4,3092.4,2493.9,2493.9,2493.9,2493.9,2493.9,2493.9,2493.9,2493.9,99.8,2493.9,2852.4,3101.8,3100.2,3103.2,3100.8,3067.7,3103.4,3093.4,3093.7,3102.5,3098.5,3100.4,3103.0,2439.6,2493.3,2499.3,2499.6,2485.5,2486.5,2487.6,2487.9,2943.8,100.0,100.0,100.0,100.0,99.9,100.0,100.0,100.0,100.0,100.0,99.8,99.9,100.0,99.9,99.9,100.0,100.0,99.9,100.0,100.0,100.0,100.0,100.0,100.0,124.2,118.5,118.5,118.5,118.5,118.6,118.6,118.2,118.2,118.6,118.4,118.5,118.5,133.2,133.1,133.2,133.2,132.2,132.2,132.3,132.3,124.2,27.6,31.0,31.0,31.0,31.0,31.0,31.0,25.0,25.0,25.0,25.0,25.0,25.0,25.0,25.0,25.0,67,70,68,69,67,68,67,67,67,67,67,66,66,66,66,33,30,32,31,33,32,33,33,33,33,33,34,34,34,34,77,70,No,No,No,No,No,No,No,No,No,No,No,No,No,No,No,No,No,No,No,No,No,No,No,No,No,No,No,No,No,No,Yes,Yes,Yes,Yes,Yes,Yes,Yes,Yes,Yes,Yes,Yes,Yes,Yes,Yes,Yes,No,No,Yes,76,70,64,1.100,45.563,46.211,38.943,0.001,5.629,0.749,175.0,175.0,175.0,175.0,0,0.0,99.1,99.3,99.3,99.4,99.3,98.2,99.4,99.4,99.4,99.4,99.2,99.3,99.4,96.7,98.8,99.0,99.0,99.1,99.2,99.2,99.2,0.0,0.0,0.0,0.0,0.0,0.0,0.0,0.0,0.1,0.0,0.0,0.1,0.0,0.0,0.0,0.0,0.0,0.0,0.0,0.0,0.0,0.0,0.0,0.0,0.0,0.0,0.0,0.0,0.0,0.0,0.0,0.0,0.0,0.0,0.0,0.0,0.0,2194.6,22.00,32,32,32,62,103,351,2,2,Yes,No,No,No,No,No,No,No,Yes,No,No,No,No,Yes,No,No,No,No,No,No,No,Yes,No,No,No,No,No,No,No,No,No,No,No,No,No,No,No,No,93.0,4380,2520,4200,71.2,1.095,1.110,1.800,1.800,1.005,5.110,1.375,No,No,No,71.2,1.095,1.110,1.800,1.800,1.005,5.110,2.875,No,No,No,48,48,94.0,100.0,No,No,32155,47958,37,70,99.0,100.0,No,No,1844,3246,100.0,0.5,100.0,22.220,2.192,66323,49132,0.0,0.0,0.0,0.000,0.000,164001,82786,58.6,64.0,66.0,83.0,0.870,20.668,20.663,20.674,21.338,9.612,9.742,8.740,18.482,3.000,11.741,7.771,7.805,100.000,140.000,2175.0,2150.2,1875.0,2175.0,1890.0,0.0,0.0,0.0,0.0,12.1,0.0,0.0,0.0,0.0,0.0,Yes,No,No,No,No,Yes,No,0,0,0,0,0,0,0,0,0,0,0,0,0,0,0,0,0,0,0,0,0,0,0,0,0,0,0,0,0,0,7199,989,755,64,16.0,64,0.300,45.221,600.0,2194.0,0.1,0.0,0.0,0.0,0.0,0.0,0.0,0.0,0.8,127,16065,127,No,No,No,No,No,No,No,No,16.748,68.277,100.0,0.000,24.1,0,0,0,0.0,1.0,1.0,1.0,1.0,1.0,1.0,1.0,1.0,1.0,1.0,1.0,1.0,1004.98,1004.98,1004.98,1004.98,1004.98,1004.98,0.35,1004.62,1004.17,0.82,0.57,648,7,0.2,0.0,0,0,0.0,0.0,0,
9.6.2026,13:38:17.019,20642,28126,42.3,17274,15110,53.3,10.5,16384,1715,0.872,0.888,0.890,0.871,0.871,0.876,0.866,0.869,0.869,0.869,0.865,0.866,0.866,0.866,0.870,0.818,0.783,2786.0,3192.2,3192.2,3192.2,3192.2,3192.2,3092.4,2493.9,2493.9,2493.9,2493.9,2493.9,2493.9,2493.9,2493.9,99.8,2593.7,2837.7,3080.6,3081.6,3082.7,3083.7,3051.9,3087.7,3083.5,3084.7,3087.5,3087.7,3086.9,3087.8,2424.4,2472.3,2483.0,2485.6,2476.0,2475.8,2475.6,2475.6,2928.2,100.0,100.0,100.0,99.9,99.9,100.0,100.0,99.9,100.0,100.0,100.0,100.0,100.0,99.8,99.9,99.9,100.0,100.0,100.0,100.0,100.0,100.0,100.0,100.0,123.4,117.8,117.8,117.7,117.7,117.8,117.8,117.6,117.7,117.8,117.8,117.8,117.7,131.9,131.9,132.0,132.0,131.7,131.7,131.7,131.7,123.4,27.9,32.0,32.0,32.0,32.0,32.0,31.0,25.0,25.0,25.0,25.0,25.0,25.0,25.0,25.0,26.0,68,68,68,70,68,68,68,68,68,68,67,66,66,66,66,32,32,32,30,32,32,32,32,32,32,33,34,34,34,34,76,70,No,No,No,No,No,No,No,No,No,No,No,No,No,No,No,No,No,No,No,No,No,No,No,No,No,No,No,No,No,No,Yes,Yes,Yes,Yes,Yes,Yes,Yes,Yes,Yes,Yes,Yes,Yes,Yes,Yes,Yes,No,No,Yes,76,70,64,1.100,43.876,43.490,36.344,0.001,5.550,0.707,175.0,175.0,175.0,175.0,0,0.0,99.1,99.3,99.3,99.3,99.3,98.3,99.4,99.3,99.4,99.4,99.4,99.4,99.4,96.7,98.6,99.0,99.1,99.2,99.2,99.2,99.2,0.0,0.0,0.0,0.0,0.0,0.0,0.0,0.1,0.1,0.0,0.0,0.0,0.0,0.0,0.0,0.0,0.0,0.0,0.0,0.0,0.0,0.0,0.0,0.0,0.0,0.0,0.0,0.0,0.0,0.0,0.0,0.0,0.0,0.0,0.0,0.0,0.0,2194.6,22.00,32,32,32,62,103,351,2,2,Yes,No,No,No,No,No,No,No,Yes,No,No,No,No,Yes,No,No,No,No,No,No,No,Yes,No,No,No,No,No,No,No,No,No,No,No,No,No,No,No,No,93.0,4380,2520,4200,71.2,1.095,1.110,1.800,1.800,1.005,5.110,1.375,No,No,No,71.2,1.095,1.110,1.800,1.800,1.005,5.110,1.625,No,No,No,48,48,94.0,100.0,No,No,32155,47958,36,70,99.0,100.0,No,No,1844,3246,100.0,0.5,100.0,20.711,2.358,66364,49136,0.0,0.0,0.0,0.000,0.000,164001,82786,58.6,64.0,65.9,83.0,0.870,20.672,20.666,20.678,21.333,9.558,9.627,8.680,18.321,3.000,11.693,7.776,7.810,100.000,140.000,2175.0,2150.2,1875.0,2175.0,1890.0,0.0,0.0,0.0,0.0,12.1,0.0,0.0,0.0,0.0,0.0,Yes,No,No,No,No,Yes,No,0,0,0,0,0,0,0,0,0,0,0,0,0,0,0,0,0,0,0,0,0,0,0,0,0,0,0,0,0,0,7199,989,755,65,16.0,64,0.300,43.135,550.0,2194.0,0.1,0.0,0.0,0.0,0.0,0.0,0.0,0.0,0.8,127,16065,127,No,No,No,No,No,No,No,No,16.747,68.277,100.0,0.000,24.1,0,0,0,0.0,1.0,1.0,1.0,1.0,1.0,1.0,1.0,1.0,1.0,1.0,1.0,1.0,1004.98,1004.98,1004.98,1004.98,1004.98,1004.98,0.35,1004.62,1004.17,0.82,0.57,648,7,0.2,0.0,0,0,0.0,0.0,0,
9.6.2026,13:38:19.028,20640,28128,42.3,17273,15111,53.3,10.5,16384,1715,0.874,0.880,0.872,0.871,0.864,0.865,0.864,0.870,0.870,0.870,0.870,0.884,0.884,0.884,0.884,0.808,0.783,2750.4,3092.4,3092.4,3092.4,3092.4,3092.4,3092.4,2493.9,2493.9,2493.9,2493.9,2493.9,2493.9,2493.9,2493.9,99.8,2493.9,2846.3,3092.1,3095.5,3097.6,3097.3,3061.1,3094.8,3091.3,3090.6,3095.6,3095.3,3095.2,3095.5,2422.6,2480.3,2485.9,2491.0,2485.6,2485.9,2485.9,2486.9,2936.4,100.0,99.9,100.0,100.0,100.0,100.0,100.0,100.0,100.0,100.0,100.0,100.0,100.0,99.9,99.9,100.0,100.0,100.0,100.0,100.0,100.0,100.0,100.0,100.0,124.0,118.2,118.3,118.3,118.3,118.3,118.3,118.2,118.2,118.3,118.3,118.3,118.3,132.7,132.7,132.8,132.8,132.2,132.2,132.1,132.2,124.0,27.6,31.0,31.0,31.0,31.0,31.0,31.0,25.0,25.0,25.0,25.0,25.0,25.0,25.0,25.0,25.0,67,69,67,69,67,68,68,67,67,67,67,66,66,66,66,33,31,33,31,33,32,32,33,33,33,33,34,34,34,34,76,69,No,No,No,No,No,No,No,No,No,No,No,No,No,No,No,No,No,No,No,No,No,No,No,No,No,No,No,No,No,No,Yes,Yes,Yes,Yes,Yes,Yes,Yes,Yes,Yes,Yes,Yes,Yes,Yes,Yes,Yes,No,No,Yes,75,70,64,1.100,41.344,45.012,37.814,0.001,5.583,0.723,175.0,175.0,175.0,175.0,0,0.0,99.1,99.2,99.3,99.4,99.4,98.3,99.4,99.4,99.4,99.4,99.4,99.4,99.4,96.4,98.7,98.9,99.1,99.2,99.2,99.2,99.2,0.0,0.0,0.0,0.0,0.0,0.0,0.0,0.0,0.0,0.0,0.0,0.0,0.0,0.0,0.0,0.0,0.0,0.0,0.0,0.0,0.0,0.0,0.0,0.0,0.0,0.0,0.0,0.0,0.0,0.0,0.0,0.0,0.0,0.0,0.0,0.0,0.0,2394.1,24.00,36,35,35,68,103,383,2,2,Yes,No,No,No,No,No,No,No,Yes,No,No,No,No,Yes,No,No,No,No,No,No,No,Yes,No,No,No,No,No,No,No,No,No,No,No,No,No,No,No,No,92.0,4380,2460,4200,71.2,1.095,1.110,1.800,1.800,1.005,5.110,1.000,No,No,No,71.5,1.110,1.110,1.800,1.800,1.005,5.110,1.000,No,No,No,47,47,94.0,100.0,No,No,32155,47958,37,70,99.0,100.0,No,No,1844,3246,100.0,0.4,100.0,21.853,2.248,66405,49140,0.0,0.0,0.0,0.000,0.000,164001,82786,58.7,64.0,66.0,83.0,0.870,20.679,20.671,20.688,21.330,9.534,9.580,8.661,18.247,3.000,11.663,7.778,7.812,100.000,140.000,2175.0,2150.2,1875.0,2175.0,1890.0,0.0,0.0,0.0,0.0,12.1,0.0,0.0,0.0,0.0,0.0,Yes,No,No,No,No,Yes,No,0,0,0,0,0,0,0,0,0,0,0,0,0,0,0,0,0,0,0,0,0,0,0,0,0,0,0,0,0,0,7199,989,755,65,16.0,65,0.300,45.769,600.0,2194.0,0.1,0.0,0.0,0.0,0.0,0.0,0.0,0.0,0.8,127,16065,127,No,No,No,No,No,No,No,No,16.746,68.277,100.0,0.000,24.1,0,0,0,0.0,1.0,1.0,1.0,1.0,1.0,1.0,1.0,1.0,1.0,1.0,1.0,1.0,1004.98,1004.98,1004.98,1004.98,1004.98,1004.98,0.35,1004.62,1004.17,0.82,0.57,648,7,0.3,0.0,0,0,0.0,0.0,0,
9.6.2026,13:38:21.035,20640,28128,42.3,17270,15114,53.3,10.5,16384,1715,0.883,0.872,0.891,0.886,0.880,0.890,0.894,0.899,0.899,0.890,0.876,0.876,0.872,0.872,0.870,0.808,0.781,2807.4,3092.4,3092.4,3092.4,3192.2,3192.2,3192.2,2593.7,2593.7,2593.7,2593.7,2593.7,2493.9,2493.9,2493.9,99.8,2493.9,2836.0,3079.4,3079.9,3081.8,3080.9,3046.6,3082.5,3079.4,3081.0,3081.0,3082.2,3080.1,3081.8,2427.5,2476.6,2481.2,2482.9,2478.2,2478.4,2478.7,2479.3,2925.3,100.0,100.0,100.0,100.0,100.0,100.0,100.0,99.9,100.0,100.0,100.0,100.0,100.0,99.9,100.0,100.0,100.0,100.0,100.0,100.0,100.0,100.0,100.0,100.0,123.4,117.7,117.7,117.7,117.7,117.7,117.7,117.6,117.7,117.7,117.7,117.6,117.6,132.0,132.1,132.1,132.1,131.8,131.8,131.8,131.8,123.4,28.1,31.0,31.0,31.0,32.0,32.0,32.0,26.0,26.0,26.0,26.0,26.0,25.0,25.0,25.0,25.0,67,69,67,69,67,66,68,67,67,67,68,68,65,68,66,33,31,33,31,33,34,32,33,33,33,32,32,35,32,34,76,69,No,No,No,No,No,No,No,No,No,No,No,No,No,No,No,No,No,No,No,No,No,No,No,No,No,No,No,No,No,No,Yes,Yes,Yes,Yes,Yes,Yes,Yes,Yes,Yes,Yes,Yes,Yes,Yes,Yes,Yes,No,No,Yes,76,70,65,1.100,43.876,46.335,39.370,0.001,5.460,0.659,175.0,175.0,175.0,175.0,0,0.0,99.1,99.3,99.3,99.4,99.4,98.3,99.4,99.3,99.4,99.3,99.4,99.3,99.4,96.9,98.9,99.1,99.1,99.2,99.2,99.2,99.2,0.0,0.0,0.0,0.0,0.0,0.0,0.0,0.0,0.0,0.0,0.0,0.0,0.0,0.0,0.0,0.0,0.0,0.0,0.0,0.0,0.0,0.0,0.0,0.0,0.0,0.0,0.0,0.0,0.0,0.0,0.0,0.0,0.0,0.0,0.0,0.0,0.0,2394.1,24.00,36,35,35,68,103,383,2,2,Yes,No,No,No,No,No,No,No,Yes,No,No,No,No,Yes,No,No,No,No,No,No,No,Yes,No,No,No,No,No,No,No,No,No,No,No,No,No,No,No,No,93.0,4380,2460,4200,71.2,1.095,1.110,1.800,1.800,1.005,5.110,1.375,No,No,No,71.2,1.095,1.110,1.800,1.800,1.005,5.110,1.500,No,No,No,48,48,94.0,100.0,No,No,32155,47958,37,70,99.0,100.0,No,No,1844,3246,100.0,0.4,100.0,20.754,2.152,66444,49145,0.0,0.0,0.0,0.000,0.000,164001,82786,58.6,64.0,65.9,83.0,0.870,20.669,20.663,20.675,21.316,9.563,9.637,8.678,18.339,3.000,11.694,7.780,7.812,100.000,140.000,2175.0,2150.2,1875.0,2175.0,1890.0,0.0,0.0,0.0,0.0,12.1,0.0,0.0,0.0,0.0,0.0,Yes,No,No,No,No,Yes,No,0,0,0,0,0,0,0,0,0,0,0,0,0,0,0,0,0,0,0,0,0,0,0,0,0,0,0,0,0,0,7199,989,755,65,16.0,65,0.300,44.585,600.0,2394.0,0.1,0.0,0.0,0.0,0.0,0.0,0.0,0.0,0.8,127,16065,127,No,No,No,No,No,No,No,No,16.746,68.277,100.0,0.000,24.1,0,0,0,0.0,1.0,1.0,1.0,1.0,1.0,1.0,1.0,1.0,1.0,1.0,1.0,1.0,1004.98,1004.98,1004.98,1004.98,1004.98,1004.98,0.35,1004.62,1004.17,0.82,0.57,648,7,2.2,0.0,0,0,0.0,0.0,0,
9.6.2026,13:38:23.043,20648,28120,42.3,17283,15101,53.3,10.5,16384,1714,0.869,0.860,0.871,0.873,0.872,0.870,0.874,0.869,0.868,0.868,0.868,0.868,0.868,0.868,0.868,0.808,0.778,2750.4,3092.4,3092.4,3092.4,3092.4,3092.4,3092.4,2493.9,2493.9,2493.9,2493.9,2493.9,2493.9,2493.9,2493.9,99.8,2493.9,2865.9,3115.4,3114.6,3116.8,3120.8,3085.6,3117.2,3110.8,3113.6,3118.1,3118.3,3116.9,3115.0,2444.1,2492.1,2509.6,2512.5,2497.5,2499.4,2499.4,2501.3,2957.6,99.9,99.9,99.9,99.9,100.0,100.0,99.9,99.9,100.0,99.9,100.0,99.9,99.8,99.6,99.7,99.9,99.9,99.9,99.9,99.9,100.0,100.0,99.9,100.0,124.8,119.1,119.0,119.0,119.2,119.2,119.1,118.8,119.0,119.1,119.1,119.0,119.0,133.6,133.7,133.9,133.9,133.0,133.0,132.9,133.0,124.8,27.6,31.0,31.0,31.0,31.0,31.0,31.0,25.0,25.0,25.0,25.0,25.0,25.0,25.0,25.0,25.0,67,69,68,69,67,68,68,67,67,68,68,66,66,66,66,33,31,32,31,33,32,32,33,33,32,32,34,34,34,34,76,69,No,No,No,No,No,No,No,No,No,No,No,No,No,No,No,No,No,No,No,No,No,No,No,No,No,No,No,No,No,No,Yes,Yes,Yes,Yes,Yes,Yes,Yes,Yes,Yes,Yes,Yes,Yes,Yes,Yes,Yes,No,No,Yes,76,69,64,1.100,41.344,43.176,35.968,0.001,5.564,0.712,175.0,175.0,175.0,175.0,0,0.0,99.0,99.2,99.2,99.3,99.4,98.3,99.3,99.3,99.4,99.4,99.4,99.3,99.3,96.3,98.2,98.9,99.0,99.1,99.1,99.1,99.2,0.1,0.0,0.0,0.0,0.0,0.0,0.0,0.3,0.3,0.1,0.0,0.1,0.0,0.1,0.0,0.0,0.0,0.0,0.0,0.0,0.0,0.0,0.0,0.0,0.0,0.0,0.0,0.0,0.0,0.0,0.0,0.0,0.0,0.0,0.0,0.0,0.0,2194.6,22.00,32,32,32,62,103,351,2,2,Yes,No,No,No,No,No,No,No,Yes,No,No,No,No,Yes,No,No,No,No,No,No,No,Yes,No,No,No,No,No,No,No,No,No,No,No,No,No,No,No,No,92.0,4320,2460,4200,71.2,1.095,1.110,1.800,1.800,1.005,5.110,1.750,No,No,No,71.2,1.095,1.110,1.800,1.800,1.005,5.110,1.500,No,No,No,48,48,94.0,100.0,No,No,32155,47958,37,70,99.0,100.0,No,No,1844,3246,100.0,0.5,100.0,21.183,2.226,66485,49149,0.0,0.0,0.0,0.000,0.000,164001,82786,58.7,64.0,66.1,83.0,0.870,20.679,20.671,20.686,21.287,9.534,9.577,8.661,18.245,3.000,11.666,7.779,7.812,100.000,140.000,2175.0,2150.2,1875.0,2175.0,1890.0,0.0,0.0,0.0,0.0,12.1,0.0,0.0,0.0,0.0,0.0,Yes,No,No,No,No,Yes,No,0,0,0,0,0,0,0,0,0,0,0,0,0,0,0,0,0,0,0,0,0,0,0,0,0,0,0,0,0,0,7199,989,755,65,16.0,64,0.300,43.845,600.0,2394.0,0.1,0.0,0.0,0.0,0.0,0.0,0.0,0.0,0.8,127,16065,127,No,No,No,No,No,No,No,No,16.748,68.277,100.0,0.000,24.1,0,0,0,0.0,1.3,1.3,1.3,1.3,1.3,1.3,1.3,1.3,1.3,1.3,1.3,1.3,748.97,748.97,748.97,748.97,748.97,748.97,0.36,748.51,748.97,0.00,604.75,648,7,0.4,0.1,0,0,0.0,0.0,0,
9.6.2026,13:38:25.039,20642,28126,42.3,17276,15108,53.3,10.5,16384,1714,0.880,0.868,0.880,0.873,0.889,0.884,0.884,0.879,0.879,0.870,0.885,0.885,0.885,0.885,0.868,0.808,0.781,2750.4,3092.4,3092.4,3092.4,3092.4,3092.4,3092.4,2493.9,2493.9,2493.9,2493.9,2493.9,2493.9,2493.9,2493.9,99.8,2493.9,2834.0,3079.9,3079.2,3082.2,3080.1,3046.5,3081.7,3080.5,3079.6,3081.7,3082.6,3082.1,3081.8,2422.2,2471.1,2473.2,2476.6,2474.6,2473.7,2475.2,2475.5,2923.8,100.0,100.0,100.0,100.0,99.9,100.0,100.0,100.0,100.0,100.0,100.0,100.0,100.0,99.9,100.0,100.0,100.0,100.0,100.0,100.0,100.0,100.0,100.0,100.0,123.3,117.7,117.7,117.7,117.6,117.7,117.7,117.6,117.6,117.7,117.7,117.7,117.7,131.9,132.0,132.0,132.0,131.7,131.6,131.7,131.6,123.3,27.6,31.0,31.0,31.0,31.0,31.0,31.0,25.0,25.0,25.0,25.0,25.0,25.0,25.0,25.0,25.0,67,70,67,68,67,68,68,67,67,66,67,65,65,65,66,33,30,33,32,33,32,32,33,33,34,33,35,35,35,34,76,70,No,No,No,No,No,No,No,No,No,No,No,No,No,No,No,No,No,No,No,No,No,No,No,No,No,No,No,No,No,No,Yes,Yes,Yes,Yes,Yes,Yes,Yes,Yes,Yes,Yes,Yes,Yes,Yes,Yes,Yes,No,No,Yes,76,69,66,1.100,32.907,44.697,37.536,0.001,5.565,0.708,175.0,175.0,175.0,175.0,0,0.0,99.1,99.3,99.3,99.4,99.3,98.2,99.4,99.4,99.4,99.4,99.4,99.4,99.4,96.8,98.7,98.8,99.0,99.1,99.1,99.2,99.2,0.0,0.0,0.0,0.0,0.0,0.0,0.0,0.1,0.0,0.0,0.0,0.0,0.1,0.0,0.0,0.0,0.0,0.0,0.0,0.0,0.0,0.0,0.0,0.0,0.0,0.0,0.0,0.0,0.0,0.0,0.0,0.0,0.0,0.0,0.0,0.0,0.0,2194.6,22.00,32,32,32,62,103,351,2,2,Yes,No,No,No,No,No,No,No,Yes,No,No,No,No,Yes,No,No,No,No,No,No,No,Yes,No,No,No,No,No,No,No,No,No,No,No,No,No,No,No,No,93.0,4380,2520,4200,71.2,1.095,1.110,1.800,1.815,1.005,5.110,1.625,No,No,No,71.2,1.095,1.110,1.800,1.815,1.005,5.110,1.625,No,No,No,48,48,94.0,100.0,No,No,32155,47958,37,70,99.0,100.0,No,No,1844,3246,100.0,0.5,100.0,20.766,2.404,66524,49153,0.0,0.0,0.0,0.000,0.000,164001,82786,58.7,64.0,66.1,83.0,0.870,20.672,20.666,20.678,21.281,9.558,9.629,8.680,18.321,3.000,11.686,7.779,7.812,100.000,140.000,2175.0,2150.2,1875.0,2175.0,1890.0,0.0,0.0,0.0,0.0,12.1,0.0,0.0,0.0,0.0,0.0,Yes,No,No,No,No,Yes,No,0,0,0,0,0,0,0,0,0,0,0,0,0,0,0,0,0,0,0,0,0,0,0,0,0,0,0,0,0,0,7199,989,755,64,16.0,64,0.300,45.675,600.0,2194.0,0.1,0.0,0.0,0.0,0.0,0.0,0.0,0.0,0.8,127,16065,127,No,No,No,No,No,No,No,No,16.748,68.277,100.0,0.000,24.1,0,0,0,0.0,1.3,1.3,1.3,1.3,1.3,1.3,1.3,1.3,1.3,1.3,1.3,1.3,748.97,748.97,748.97,748.97,748.97,748.97,0.36,748.51,748.97,0.00,604.75,648,7,0.3,0.2,0,0,0.0,0.0,0,
9.6.2026,13:38:27.050,20643,28125,42.3,17281,15103,53.3,10.5,16384,1714,0.873,0.870,0.890,0.885,0.873,0.868,0.870,0.872,0.877,0.870,0.865,0.870,0.868,0.868,0.870,0.808,0.783,2750.4,3092.4,3092.4,3092.4,3092.4,3092.4,3092.4,2493.9,2493.9,2493.9,2493.9,2493.9,2493.9,2493.9,2493.9,99.8,2493.9,2860.1,3109.8,3102.4,3103.3,3113.3,3080.6,3110.6,3111.5,3112.5,3105.3,3109.5,3113.5,3106.4,2424.9,2482.5,2493.8,2505.1,2504.3,2503.3,2505.3,2504.1,2949.1,99.8,99.9,99.7,99.7,100.0,99.9,99.8,100.0,100.0,99.7,99.8,100.0,99.8,99.6,99.7,99.8,99.9,100.0,99.8,100.0,99.9,100.0,99.8,100.0,124.6,118.8,118.6,118.5,118.9,118.9,118.8,118.9,118.9,118.6,118.7,118.9,118.6,133.2,133.3,133.3,133.4,133.3,133.1,133.3,133.2,124.6,27.6,31.0,31.0,31.0,31.0,31.0,31.0,25.0,25.0,25.0,25.0,25.0,25.0,25.0,25.0,25.0,67,69,68,69,64,66,68,67,68,68,67,66,66,66,66,33,31,32,31,36,34,32,33,32,32,33,34,34,34,34,77,69,No,No,No,No,No,No,No,No,No,No,No,No,No,No,No,No,No,No,No,No,No,No,No,No,No,No,No,No,No,No,Yes,Yes,Yes,Yes,Yes,Yes,Yes,Yes,Yes,Yes,Yes,Yes,Yes,Yes,Yes,No,No,Yes,76,70,64,1.100,45.563,45.295,38.347,0.001,5.478,0.675,175.0,175.0,175.0,175.0,0,0.0,98.9,99.3,99.0,99.1,99.4,98.3,99.3,99.3,99.4,99.1,99.2,99.4,99.2,95.8,98.1,98.5,99.0,99.1,99.1,99.2,99.1,0.1,0.0,0.0,0.0,0.0,0.0,0.0,0.2,0.2,0.2,0.1,0.0,0.1,0.0,0.1,0.0,0.0,0.0,0.0,0.0,0.0,0.0,0.0,0.0,0.0,0.0,0.0,0.0,0.0,0.0,0.0,0.0,0.0,0.0,0.0,0.0,0.0,2194.6,22.00,32,32,32,62,103,351,2,2,Yes,No,No,No,No,No,No,No,Yes,No,No,No,No,Yes,No,No,No,No,No,No,No,Yes,No,No,No,No,No,No,No,No,No,No,No,No,No,No,No,No,93.0,4380,2520,4200,71.0,1.095,1.110,1.800,1.815,1.005,5.110,1.250,No,No,No,71.2,1.095,1.110,1.800,1.815,0.990,5.110,1.125,No,No,No,48,48,94.0,100.0,No,No,32155,47958,36,70,99.0,100.0,No,No,1844,3246,100.0,1.2,100.0,20.530,2.279,66565,49158,0.0,0.0,0.0,0.000,0.000,164001,82786,58.7,64.0,66.0,83.0,0.870,20.676,20.669,20.684,21.280,9.544,9.611,8.660,18.285,3.000,11.662,7.777,7.810,100.000,140.000,2175.0,2150.2,1875.0,2175.0,1890.0,0.0,0.0,0.0,0.0,12.1,0.0,0.0,0.0,0.0,0.0,Yes,No,No,No,No,Yes,No,0,0,0,0,0,0,0,0,0,0,0,0,0,0,0,0,0,0,0,0,0,0,0,0,0,0,0,0,0,0,7199,989,755,64,16.0,64,0.300,45.217,550.0,2194.0,0.1,0.0,0.0,0.0,0.0,0.0,0.0,0.0,0.8,127,16065,127,No,No,No,No,No,No,No,No,16.748,68.277,100.0,0.000,24.1,0,0,0,0.0,1.3,1.3,1.3,1.3,1.3,1.3,1.3,1.3,1.3,1.3,1.3,1.3,748.97,748.97,748.97,748.97,748.97,748.97,0.36,748.51,748.97,0.00,604.75,648,7,0.0,0.2,0,0,0.0,0.0,0,
9.6.2026,13:38:29.056,20644,28123,42.3,17281,15102,53.3,10.5,16384,1714,0.883,0.881,0.890,0.886,0.880,0.878,0.910,0.890,0.882,0.882,0.881,0.881,0.881,0.873,0.873,0.818,0.783,2843.0,3192.2,3192.2,3192.2,3092.4,3192.2,3192.2,2593.7,2593.7,2593.7,2593.7,2593.7,2593.7,2593.7,2593.7,99.8,2593.7,2839.2,3085.5,3085.1,3088.1,3086.7,3054.3,3089.6,3084.3,3085.5,3088.6,3089.9,3091.7,3091.6,2408.7,2468.2,2485.3,2484.7,2475.9,2479.5,2480.8,2480.1,2929.2,100.0,100.0,100.0,100.0,100.0,100.0,100.0,100.0,100.0,100.0,100.0,100.0,100.0,100.0,100.0,100.0,100.0,100.0,100.0,100.0,100.0,100.0,100.0,100.0,123.6,117.9,117.9,117.9,117.9,117.9,118.0,117.8,117.8,117.9,117.9,118.0,118.0,132.4,132.4,132.4,132.4,131.8,131.9,131.8,131.8,123.6,28.5,32.0,32.0,32.0,31.0,32.0,32.0,26.0,26.0,26.0,26.0,26.0,26.0,26.0,26.0,26.0,67,68,68,68,66,66,68,67,67,67,67,66,66,66,68,33,32,32,32,34,34,32,33,33,33,33,34,34,34,32,77,68,No,No,No,No,No,No,No,No,No,No,No,No,No,No,No,No,No,No,No,No,No,No,No,No,No,No,No,No,No,No,Yes,Yes,Yes,Yes,Yes,Yes,Yes,Yes,Yes,Yes,Yes,Yes,Yes,Yes,Yes,No,No,Yes,76,69,64,1.100,36.282,45.000,37.926,0.001,5.439,0.648,175.0,175.0,175.0,175.0,0,0.0,99.0,99.3,99.3,99.4,99.3,98.2,99.4,99.3,99.4,99.4,99.4,99.4,99.4,95.9,98.2,98.9,98.9,99.0,99.2,99.2,99.2,0.0,0.0,0.0,0.0,0.0,0.0,0.0,0.0,0.0,0.0,0.0,0.0,0.0,0.0,0.0,0.0,0.0,0.0,0.0,0.0,0.0,0.0,0.0,0.0,0.0,0.0,0.0,0.0,0.0,0.0,0.0,0.0,0.0,0.0,0.0,0.0,0.0,2194.6,22.00,32,32,32,62,103,351,2,2,Yes,No,No,No,No,No,No,No,Yes,No,No,No,No,Yes,No,No,No,No,No,No,No,Yes,No,No,No,No,No,No,No,No,No,No,No,No,No,No,No,No,92.0,4380,2460,4140,71.0,1.095,1.110,1.800,1.815,1.005,5.110,2.125,No,No,No,71.2,1.095,1.110,1.800,1.815,1.005,5.110,2.125,No,No,No,48,48,94.0,100.0,No,No,32155,47958,37,70,99.0,100.0,No,No,1844,3246,100.0,0.3,100.0,20.612,2.152,66605,49162,0.0,0.0,0.0,0.000,0.000,164001,82786,58.7,64.0,66.1,83.0,0.870,20.668,20.663,20.673,21.258,9.556,9.617,8.678,18.316,3.000,11.690,7.778,7.812,100.000,140.000,2175.0,2150.2,1875.0,2175.0,1890.0,0.0,0.0,0.0,0.0,12.1,0.0,0.0,0.0,0.0,0.0,Yes,No,No,No,No,Yes,No,0,0,0,0,0,0,0,0,0,0,0,0,0,0,0,0,0,0,0,0,0,0,0,0,0,0,0,0,0,0,7199,989,755,64,16.0,64,0.300,44.239,600.0,2194.0,0.1,0.0,0.0,0.0,0.0,0.0,0.0,0.0,0.8,127,16065,127,No,No,No,No,No,No,No,No,16.746,68.277,100.0,0.000,24.1,0,0,0,0.0,1.3,1.3,1.3,1.3,1.3,1.3,1.3,1.3,1.3,1.3,1.3,1.3,748.97,748.97,748.97,748.97,748.97,748.97,0.36,748.51,748.97,0.00,604.75,648,7,0.1,0.0,0,0,0.0,0.0,0,
9.6.2026,13:38:31.053,20644,28124,42.3,17276,15107,53.3,10.5,16384,1714,0.878,0.895,0.887,0.866,0.882,0.873,0.867,0.875,0.874,0.880,0.880,0.879,0.880,0.880,0.880,0.818,0.783,2800.3,3192.2,3192.2,3092.4,3092.4,3192.2,3092.4,2593.7,2593.7,2593.7,2593.7,2493.9,2493.9,2493.9,2493.9,99.8,2593.7,2859.3,3110.5,3110.3,3114.2,3112.4,3077.9,3112.1,3103.6,3104.6,3113.0,3113.8,3113.1,3112.1,2442.2,2499.6,2506.6,2509.4,2481.8,2483.0,2483.2,2483.3,2953.5,100.0,100.0,100.0,100.0,100.0,100.0,100.0,99.9,100.0,100.0,100.0,100.0,100.0,99.9,100.0,100.0,100.0,100.0,100.0,100.0,100.0,100.0,100.0,100.0,124.4,118.9,118.9,118.9,118.9,118.9,118.9,118.6,118.6,118.9,118.9,118.9,118.9,133.5,133.6,133.6,133.6,132.1,132.1,132.1,132.1,124.4,28.1,32.0,32.0,31.0,31.0,32.0,31.0,26.0,26.0,26.0,26.0,25.0,25.0,25.0,25.0,26.0,67,66,68,70,67,68,68,67,68,68,68,66,66,66,66,33,34,32,30,33,32,32,33,32,32,32,34,34,34,34,76,70,No,No,No,No,No,No,No,No,No,No,No,No,No,No,No,No,No,No,No,No,No,No,No,No,No,No,No,No,No,No,Yes,Yes,Yes,Yes,Yes,Yes,Yes,Yes,Yes,Yes,Yes,Yes,Yes,Yes,Yes,No,No,Yes,76,69,64,1.100,43.032,43.614,36.277,0.002,5.698,0.776,175.0,175.0,175.0,175.0,0,0.0,99.1,99.3,99.3,99.4,99.3,98.3,99.4,99.3,99.4,99.4,99.4,99.4,99.4,96.5,98.7,99.0,99.1,99.1,99.2,99.2,99.2,0.0,0.0,0.0,0.0,0.0,0.0,0.0,0.1,0.0,0.0,0.0,0.0,0.0,0.0,0.0,0.0,0.0,0.0,0.0,0.0,0.0,0.0,0.0,0.0,0.0,0.0,0.0,0.0,0.0,0.0,0.0,0.0,0.0,0.0,0.0,0.0,0.0,2394.1,24.00,36,35,35,68,103,383,2,2,Yes,No,No,No,No,No,No,No,Yes,No,No,No,No,Yes,No,No,No,No,No,No,No,Yes,No,No,No,No,No,No,No,No,No,No,No,No,No,No,No,No,92.0,4320,2460,4200,71.0,1.095,1.110,1.800,1.815,1.005,5.110,1.250,No,No,No,71.2,1.095,1.110,1.800,1.815,1.005,5.110,1.375,No,No,No,48,48,94.0,100.0,No,No,32155,47958,36,70,99.0,100.0,No,No,1844,3246,100.0,0.4,100.0,21.050,2.154,66645,49166,0.0,0.0,0.0,0.000,0.000,164001,82786,58.7,64.0,66.1,83.0,0.870,20.679,20.671,20.687,21.283,9.529,9.541,8.640,18.205,3.000,11.653,7.849,7.812,100.000,140.000,2175.0,2150.2,1875.0,2175.0,1890.0,0.0,0.0,0.0,0.0,12.1,0.0,0.0,0.0,0.0,0.0,Yes,No,No,No,No,Yes,No,0,0,0,0,0,0,0,0,0,0,0,0,0,0,0,0,0,0,0,0,0,0,0,0,0,0,0,0,0,0,7199,989,755,64,16.0,64,0.300,43.576,550.0,2194.0,0.2,0.0,0.0,0.0,0.0,0.0,0.0,0.0,0.8,127,16065,127,No,No,No,No,No,No,No,No,16.746,68.277,100.0,0.000,24.1,0,0,0,0.0,1.3,1.3,1.3,1.3,1.3,1.3,1.3,1.3,1.3,1.3,1.3,1.3,748.97,748.97,748.97,748.97,748.97,748.97,0.36,748.51,748.97,0.00,604.75,648,7,0.3,0.0,0,0,0.0,0.0,0,
9.6.2026,13:38:33.044,20649,28119,42.3,17285,15098,53.3,10.5,16384,1714,0.873,0.878,0.876,0.882,0.881,0.872,0.870,0.870,0.870,0.870,0.873,0.873,0.873,0.868,0.868,0.818,0.783,2771.8,3192.2,3092.4,3192.2,3192.2,3092.4,3092.4,2493.9,2493.9,2493.9,2493.9,2493.9,2493.9,2493.9,2493.9,99.8,2593.7,2875.1,3115.1,3136.9,3128.0,3119.6,3102.3,3139.5,3133.0,3123.5,3129.0,3123.6,3139.6,3132.8,2426.5,2495.5,2511.7,2515.2,2507.6,2508.3,2506.7,2508.4,2967.0,99.7,99.3,100.0,99.6,99.4,99.9,99.9,99.9,99.6,99.6,99.4,100.0,99.7,99.0,99.5,99.6,99.6,100.0,99.9,99.8,99.8,100.0,99.7,100.0,125.2,119.1,119.9,119.5,119.1,119.8,119.8,119.6,119.2,119.5,119.2,119.8,119.6,133.3,133.9,134.1,134.1,133.6,133.4,133.3,133.4,125.2,27.8,32.0,31.0,32.0,32.0,31.0,31.0,25.0,25.0,25.0,25.0,25.0,25.0,25.0,25.0,26.0,68,70,67,69,68,67,68,68,68,68,68,66,66,66,66,32,30,33,31,32,33,32,32,32,32,32,34,34,34,34,76,70,No,No,No,No,No,No,No,No,No,No,No,No,No,No,No,No,No,No,No,No,No,No,No,No,No,No,No,No,No,No,Yes,Yes,Yes,Yes,Yes,Yes,Yes,Yes,Yes,Yes,Yes,Yes,Yes,Yes,Yes,No,No,Yes,76,70,64,1.100,44.719,44.325,36.995,0.001,5.652,0.763,175.0,175.0,175.0,175.0,0,0.0,98.7,98.6,99.3,99.0,98.8,98.2,99.3,99.4,99.1,99.0,98.8,99.4,99.2,95.1,97.9,98.5,98.6,99.0,99.0,99.0,99.0,0.2,0.0,0.1,0.0,0.0,0.0,0.0,0.8,0.4,0.3,0.3,0.0,0.1,0.2,0.2,0.0,0.0,0.0,0.0,0.0,0.0,0.0,0.0,0.0,0.0,0.0,0.0,0.0,0.0,0.0,0.0,0.0,0.0,0.0,0.0,0.0,0.0,2394.1,24.00,36,35,35,68,103,383,2,2,Yes,No,No,No,No,No,No,No,Yes,No,No,No,No,Yes,No,No,No,No,No,No,No,Yes,No,No,No,No,No,No,No,No,No,No,No,No,No,No,No,No,94.0,4380,2460,4200,71.0,1.095,1.110,1.800,1.815,1.005,5.110,1.125,No,No,No,71.2,1.095,1.110,1.800,1.815,1.005,5.110,1.375,No,No,No,48,48,94.0,100.0,No,No,32155,47958,37,70,99.0,100.0,No,No,1844,3246,100.0,0.5,100.0,20.570,2.461,66684,49171,0.0,0.0,0.0,0.000,0.000,164001,82786,58.7,64.0,66.0,83.0,0.870,20.677,20.669,20.684,21.291,9.544,9.585,8.681,18.264,3.000,11.685,7.779,7.812,100.000,140.000,2175.0,2150.2,1875.0,2175.0,1890.0,0.0,0.0,0.0,0.0,12.1,0.0,0.0,0.0,0.0,0.0,Yes,No,No,No,No,Yes,No,0,0,0,0,0,0,0,0,0,0,0,0,0,0,0,0,0,0,0,0,0,0,0,0,0,0,0,0,0,0,7199,989,755,64,16.0,65,0.300,42.067,600.0,2394.0,0.1,0.0,0.0,0.0,0.0,0.0,0.0,0.0,0.8,127,16065,127,No,No,No,No,No,No,No,No,16.746,68.277,100.0,0.000,24.1,0,0,0,0.0,1.0,1.0,1.0,1.0,1.0,1.0,1.0,1.0,1.0,1.0,1.0,1.0,1002.63,1002.63,1002.63,1002.63,1002.63,1002.63,0.46,1002.19,1002.63,0.00,868.99,648,7,0.3,0.3,0,0,0.0,0.0,0,
9.6.2026,13:38:35.051,20644,28124,42.3,17280,15104,53.3,10.5,16384,1714,0.879,0.873,0.869,0.869,0.871,0.871,0.874,0.879,0.879,0.872,0.891,0.891,0.891,0.891,0.891,0.808,0.783,2750.4,3092.4,3092.4,3092.4,3092.4,3092.4,3092.4,2493.9,2493.9,2493.9,2493.9,2493.9,2493.9,2493.9,2493.9,99.8,2493.9,2839.2,3088.8,3085.8,3087.6,3089.0,3055.5,3088.7,3086.2,3084.6,3087.5,3088.6,3088.2,3087.0,2417.8,2478.8,2482.0,2484.6,2475.0,2475.8,2476.2,2476.1,2930.0,100.0,100.0,99.9,99.9,100.0,100.0,99.9,100.0,100.0,100.0,100.0,100.0,100.0,99.8,99.9,100.0,100.0,100.0,100.0,100.0,100.0,100.0,100.0,100.0,123.6,118.0,118.0,117.9,118.0,118.0,118.0,117.9,117.9,118.0,118.0,118.0,118.0,132.3,132.4,132.5,132.4,131.7,131.7,131.7,131.7,123.6,27.6,31.0,31.0,31.0,31.0,31.0,31.0,25.0,25.0,25.0,25.0,25.0,25.0,25.0,25.0,25.0,67,68,68,69,66,68,67,67,67,67,67,66,66,66,66,33,32,32,31,34,32,33,33,33,33,33,34,34,34,34,76,69,No,No,No,No,No,No,No,No,No,No,No,No,No,No,No,No,No,No,No,No,No,No,No,No,No,No,No,No,No,No,Yes,Yes,Yes,Yes,Yes,Yes,Yes,Yes,Yes,Yes,Yes,Yes,Yes,Yes,Yes,No,No,Yes,76,69,64,1.100,32.063,42.336,35.184,0.001,5.559,0.701,175.0,175.0,175.0,175.0,0,0.0,99.0,99.3,99.2,99.3,99.4,98.3,99.4,99.4,99.4,99.3,99.4,99.4,99.4,96.4,98.8,98.9,99.0,99.1,99.2,99.2,99.2,0.0,0.0,0.0,0.0,0.0,0.0,0.0,0.1,0.1,0.0,0.0,0.0,0.0,0.0,0.0,0.0,0.0,0.0,0.0,0.0,0.0,0.0,0.0,0.0,0.0,0.0,0.0,0.0,0.0,0.0,0.0,0.0,0.0,0.0,0.0,0.0,0.0,2394.1,24.00,36,35,35,68,103,383,2,2,Yes,No,No,No,No,No,No,No,Yes,No,No,No,No,Yes,No,No,No,No,No,No,No,Yes,No,No,No,No,No,No,No,No,No,No,No,No,No,No,No,No,92.0,4380,2520,4200,71.0,1.095,1.110,1.815,1.815,1.005,5.110,1.625,No,No,No,71.2,1.095,1.110,1.800,1.815,1.005,5.110,1.625,No,No,No,48,48,94.0,100.0,No,No,32155,47958,37,70,99.0,100.0,No,No,1844,3246,100.0,0.6,100.0,21.090,2.465,66724,49176,0.0,0.0,0.0,0.000,0.000,164001,82786,58.7,64.0,66.0,83.0,0.870,20.675,20.668,20.682,21.299,9.546,9.598,8.660,18.283,3.000,11.676,7.786,7.817,100.000,140.000,2175.0,2150.2,1875.0,2175.0,1890.0,0.0,0.0,0.0,0.0,12.1,0.0,0.0,0.0,0.0,0.0,Yes,No,No,No,No,Yes,No,0,0,0,0,0,0,0,0,0,0,0,0,0,0,0,0,0,0,0,0,0,0,0,0,0,0,0,0,0,0,7199,989,755,64,16.0,65,0.300,45.623,600.0,2394.0,0.1,0.0,0.0,0.0,0.0,0.0,0.0,0.0,0.8,127,16065,127,No,No,No,No,No,No,No,No,16.749,68.277,100.0,0.000,24.1,0,0,0,0.0,1.0,1.0,1.0,1.0,1.0,1.0,1.0,1.0,1.0,1.0,1.0,1.0,1002.63,1002.63,1002.63,1002.63,1002.63,1002.63,0.46,1002.19,1002.63,0.00,868.99,648,7,4.6,3.3,0,0,0.0,0.0,0,
9.6.2026,13:38:37.057,20646,28122,42.3,17284,15099,53.3,10.5,16384,1714,0.871,0.875,0.873,0.872,0.869,0.877,0.873,0.873,0.873,0.868,0.868,0.868,0.868,0.868,0.868,0.808,0.783,2750.4,3092.4,3092.4,3092.4,3092.4,3092.4,3092.4,2493.9,2493.9,2493.9,2493.9,2493.9,2493.9,2493.9,2493.9,99.8,2493.9,2851.9,3093.0,3096.5,3104.6,3098.4,3072.2,3108.1,3102.9,3098.4,3100.5,3096.1,3105.6,3103.4,2422.3,2479.0,2491.1,2500.2,2488.7,2492.8,2491.8,2493.0,2942.0,99.8,99.6,99.7,99.9,99.7,99.9,100.0,99.9,99.8,99.8,99.6,99.9,99.8,99.5,99.6,99.7,99.9,99.7,99.9,99.8,99.9,100.0,99.8,100.0,124.1,118.2,118.3,118.5,118.3,118.7,118.7,118.5,118.4,118.4,118.3,118.6,118.5,132.7,132.8,132.8,133.1,132.4,132.5,132.5,132.6,124.1,27.6,31.0,31.0,31.0,31.0,31.0,31.0,25.0,25.0,25.0,25.0,25.0,25.0,25.0,25.0,25.0,67,68,68,69,67,68,68,67,67,67,67,66,66,66,66,33,32,32,31,33,32,32,33,33,33,33,34,34,34,34,76,69,No,No,No,No,No,No,No,No,No,No,No,No,No,No,No,No,No,No,No,No,No,No,No,No,No,No,No,No,No,No,Yes,Yes,Yes,Yes,Yes,Yes,Yes,Yes,Yes,Yes,Yes,Yes,Yes,Yes,Yes,No,No,Yes,76,69,66,1.100,47.251,45.666,38.572,0.001,5.513,0.695,175.0,175.0,175.0,175.0,0,0.0,98.9,99.0,99.1,99.3,99.1,98.2,99.4,99.3,99.2,99.2,99.0,99.3,99.2,95.9,98.2,98.7,99.0,98.9,99.1,99.1,99.1,0.1,0.1,0.0,0.0,0.0,0.0,0.0,0.4,0.3,0.3,0.1,0.2,0.1,0.1,0.1,0.0,0.0,0.0,0.0,0.0,0.0,0.0,0.0,0.0,0.0,0.0,0.0,0.0,0.0,0.0,0.0,0.0,0.0,0.0,0.0,0.0,0.0,2194.6,22.00,32,32,32,62,103,351,2,2,Yes,No,No,No,No,No,No,No,Yes,No,No,No,No,Yes,No,No,No,No,No,No,No,Yes,No,No,No,No,No,No,No,No,No,No,No,No,No,No,No,No,93.0,4320,2520,4200,71.0,1.095,1.110,1.815,1.815,1.005,5.110,2.250,No,No,No,71.2,1.095,1.110,1.815,1.800,1.005,5.110,1.500,No,No,No,48,48,94.0,100.0,No,No,32155,47958,37,70,99.0,100.0,No,No,1844,3246,100.0,0.5,100.0,22.521,3.654,66767,49183,0.0,0.0,0.0,0.000,0.000,164001,82786,58.7,64.0,66.1,83.0,0.870,20.676,20.669,20.684,21.323,9.532,9.565,8.660,18.243,3.000,11.669,7.778,7.811,100.000,140.000,2175.0,2150.2,1875.0,2175.0,1890.0,0.0,0.0,0.0,0.0,12.1,0.0,0.0,0.0,0.0,0.0,Yes,No,No,No,No,Yes,No,0,0,0,0,0,0,0,0,0,0,0,0,0,0,0,0,0,0,0,0,0,0,0,0,0,0,0,0,0,0,7199,989,755,64,16.0,65,0.300,44.343,600.0,2394.0,0.1,0.0,0.0,0.0,0.0,0.0,0.0,0.0,0.8,127,16065,127,No,No,No,No,No,No,No,No,16.749,68.277,100.0,0.000,24.1,0,0,0,0.0,1.0,1.0,1.0,1.0,1.0,1.0,1.0,1.0,1.0,1.0,1.0,1.0,1002.63,1002.63,1002.63,1002.63,1002.63,1002.63,0.46,1002.19,1002.63,0.00,868.99,648,7,0.0,0.0,0,0,0.0,0.0,0,
9.6.2026,13:38:39.055,20643,28125,42.3,17286,15098,53.3,10.5,16384,1714,0.875,0.881,0.915,0.878,0.871,0.891,0.871,0.867,0.867,0.872,0.867,0.864,0.868,0.868,0.868,0.808,0.783,2764.7,3092.4,3192.2,3192.2,3092.4,3092.4,3092.4,2493.9,2493.9,2493.9,2493.9,2493.9,2493.9,2493.9,2493.9,99.8,2493.9,2847.6,3093.0,3091.8,3094.0,3096.3,3062.3,3095.2,3091.0,3091.9,3097.1,3098.6,3098.3,3097.1,2439.0,2488.7,2491.9,2494.0,2481.1,2482.9,2484.1,2483.5,2938.8,100.0,100.0,99.9,99.9,100.0,100.0,99.9,99.9,100.0,100.0,100.0,100.0,99.9,99.9,100.0,100.0,100.0,100.0,100.0,100.0,100.0,100.0,100.0,100.0,123.9,118.2,118.2,118.2,118.2,118.2,118.2,118.0,118.1,118.2,118.3,118.3,118.2,132.7,132.7,132.7,132.7,132.1,132.1,132.1,132.1,123.9,27.7,31.0,32.0,32.0,31.0,31.0,31.0,25.0,25.0,25.0,25.0,25.0,25.0,25.0,25.0,25.0,67,69,67,69,67,67,68,67,67,67,66,66,66,66,66,33,31,33,31,33,33,32,33,33,33,34,34,34,34,34,76,69,No,No,No,No,No,No,No,No,No,No,No,No,No,No,No,No,No,No,No,No,No,No,No,No,No,No,No,No,No,No,Yes,Yes,Yes,Yes,Yes,Yes,Yes,Yes,Yes,Yes,Yes,Yes,Yes,Yes,Yes,No,No,Yes,76,68,65,1.100,31.219,43.405,36.285,0.001,5.533,0.695,175.0,175.0,175.0,175.0,0,0.0,99.1,99.3,99.3,99.3,99.4,98.3,99.3,99.3,99.4,99.4,99.4,99.4,99.3,96.8,98.8,98.9,99.0,99.0,99.1,99.2,99.1,0.0,0.0,0.0,0.0,0.0,0.0,0.0,0.0,0.0,0.0,0.0,0.0,0.0,0.0,0.0,0.0,0.0,0.0,0.0,0.0,0.0,0.0,0.0,0.0,0.0,0.0,0.0,0.0,0.0,0.0,0.0,0.0,0.0,0.0,0.0,0.0,0.0,2394.1,24.00,36,35,35,68,103,383,2,2,Yes,No,No,No,No,No,No,No,Yes,No,No,No,No,Yes,No,No,No,No,No,No,No,Yes,No,No,No,No,No,No,No,No,No,No,No,No,No,No,No,No,92.0,4320,2520,4140,71.0,1.095,1.110,1.815,1.815,0.990,5.110,1.500,No,No,No,71.2,1.095,1.110,1.815,1.815,1.005,5.110,1.500,No,No,No,48,48,94.0,100.0,No,No,32155,47958,37,70,99.0,100.0,No,No,1844,3246,100.0,0.4,100.0,21.159,2.154,66808,49187,0.0,0.0,0.0,0.000,0.000,164001,82786,58.7,64.0,66.0,83.0,0.870,20.679,20.671,20.687,21.261,9.529,9.564,8.661,18.225,3.000,11.662,7.778,7.814,100.000,140.000,2175.0,2150.2,1875.0,2175.0,1890.0,0.0,0.0,0.0,0.0,12.1,0.0,0.0,0.0,0.0,0.0,Yes,No,No,No,No,Yes,No,0,0,0,0,0,0,0,0,0,0,0,0,0,0,0,0,0,0,0,0,0,0,0,0,0,0,0,0,0,0,7199,989,755,64,16.0,65,0.300,42.680,600.0,2194.0,0.1,0.0,0.0,0.0,0.0,0.0,0.0,0.0,0.8,127,16065,127,No,No,No,No,No,No,No,No,16.748,68.277,100.0,0.000,24.1,0,0,0,0.0,1.0,1.0,1.0,1.0,1.0,1.0,1.0,1.0,1.0,1.0,1.0,1.0,1002.63,1002.63,1002.63,1002.63,1002.63,1002.63,0.46,1002.19,1002.63,0.00,868.99,648,7,2.1,0.1,0,0,0.0,0.0,0,
9.6.2026,13:38:41.047,20643,28125,42.3,17279,15105,53.3,10.5,16384,1714,0.882,0.872,0.885,0.875,0.869,0.878,0.897,0.892,0.882,0.892,0.897,0.880,0.885,0.872,0.871,0.808,0.783,2800.3,3092.4,3192.2,3092.4,3092.4,3192.2,3192.2,2593.7,2593.7,2593.7,2593.7,2493.9,2493.9,2493.9,2493.9,99.8,2493.9,2857.5,3110.3,3108.4,3112.9,3112.5,3079.0,3112.7,3100.6,3100.0,3111.7,3112.9,3112.4,3113.0,2444.8,2497.7,2503.0,2504.9,2476.9,2478.4,2479.0,2479.3,2952.3,99.9,100.0,99.9,99.9,100.0,100.0,100.0,99.9,99.9,99.9,100.0,99.9,99.9,99.9,99.9,99.9,100.0,100.0,100.0,99.9,100.0,100.0,99.9,100.0,124.4,118.9,118.9,118.9,118.9,118.9,118.9,118.5,118.5,118.9,118.9,118.9,118.9,133.4,133.5,133.5,133.5,131.9,131.9,131.8,131.9,124.4,28.1,31.0,32.0,31.0,31.0,32.0,32.0,26.0,26.0,26.0,26.0,25.0,25.0,25.0,25.0,25.0,67,68,68,69,67,68,65,67,67,67,67,66,66,66,66,33,32,32,31,33,32,35,33,33,33,33,34,34,34,34,76,69,No,No,No,No,No,No,No,No,No,No,No,No,No,No,No,No,No,No,No,No,No,No,No,No,No,No,No,No,No,No,Yes,Yes,Yes,Yes,Yes,Yes,Yes,Yes,Yes,Yes,Yes,Yes,Yes,Yes,Yes,No,No,Yes,76,69,65,1.100,42.188,42.914,35.937,0.001,5.616,0.740,175.0,175.0,175.0,175.0,0,0.0,99.0,99.3,99.2,99.3,99.3,98.3,99.3,99.3,99.3,99.3,99.4,99.3,99.3,96.6,98.7,98.9,99.0,99.1,99.1,99.2,99.2,0.0,0.0,0.0,0.0,0.0,0.0,0.0,0.1,0.0,0.0,0.0,0.0,0.0,0.0,0.0,0.0,0.0,0.0,0.0,0.0,0.0,0.0,0.0,0.0,0.0,0.0,0.0,0.0,0.0,0.0,0.0,0.0,0.0,0.0,0.0,0.0,0.0,2194.6,22.00,32,32,32,62,103,351,2,2,Yes,No,No,No,No,No,No,No,Yes,No,No,No,No,Yes,No,No,No,No,No,No,No,Yes,No,No,No,No,No,No,No,No,No,No,No,No,No,No,No,No,93.0,4380,2460,4140,71.0,1.095,1.110,1.815,1.815,0.990,5.110,1.625,No,No,No,71.2,1.095,1.110,1.815,1.815,0.990,5.110,1.625,No,No,No,48,48,94.0,100.0,No,No,32155,47958,37,70,99.0,100.0,No,No,1844,3246,100.0,1.8,100.0,20.758,2.383,66847,49191,0.0,0.0,0.0,0.000,0.000,164001,82786,58.7,64.0,66.1,83.0,0.870,20.672,20.666,20.679,21.264,9.533,9.567,8.659,18.239,3.000,11.675,7.780,7.814,100.000,140.000,2175.0,2150.2,1875.0,2175.0,1890.0,0.0,0.0,0.0,0.0,12.1,0.0,0.0,0.0,0.0,0.0,Yes,No,No,No,No,Yes,No,0,0,0,0,0,0,0,0,0,0,0,0,0,0,0,0,0,0,0,0,0,0,0,0,0,0,0,0,0,0,7199,989,755,64,16.0,65,0.300,45.307,600.0,2394.0,0.1,0.0,0.0,0.0,0.0,0.0,0.0,0.0,0.8,127,16065,127,No,No,No,No,No,No,No,No,16.747,68.277,100.0,0.000,24.1,0,0,0,0.0,1.0,1.0,1.0,1.0,1.0,1.0,1.0,1.0,1.0,1.0,1.0,1.0,1002.63,1002.63,1002.63,1002.63,1002.63,1002.63,0.46,1002.19,1002.63,0.00,868.99,648,7,0.3,0.0,0,0,0.0,0.0,0,
9.6.2026,13:38:43.044,20644,28124,42.3,17274,15110,53.3,10.5,16384,1714,0.890,0.866,0.868,0.867,0.882,0.896,0.897,0.897,0.897,0.897,0.899,0.899,0.899,0.899,0.899,0.808,0.778,2800.3,3092.4,3092.4,3092.4,3192.2,3192.2,3192.2,2593.7,2593.7,2593.7,2593.7,2493.9,2493.9,2493.9,2493.9,99.8,2493.9,2868.3,3116.3,3115.5,3115.5,3125.8,3088.3,3127.3,3112.2,3118.9,3126.4,3113.3,3112.4,3125.7,2438.4,2491.9,2509.5,2516.4,2502.9,2502.8,2503.8,2502.8,2959.6,99.7,99.7,99.7,99.5,99.9,99.8,99.9,99.8,100.0,99.9,99.5,99.6,100.0,99.2,99.4,99.7,99.9,99.9,99.9,99.9,99.8,100.0,99.7,100.0,124.9,119.1,119.1,119.0,119.4,119.3,119.5,118.9,119.1,119.4,118.9,118.9,119.4,133.4,133.6,133.9,134.2,133.2,133.2,133.2,133.1,124.9,28.1,31.0,31.0,31.0,32.0,32.0,32.0,26.0,26.0,26.0,26.0,25.0,25.0,25.0,25.0,25.0,67,69,67,69,68,69,67,66,66,66,66,66,66,66,66,33,31,33,31,32,31,33,34,34,34,34,34,34,34,34,76,69,No,No,No,No,No,No,No,No,No,No,No,No,No,No,No,No,No,No,No,No,No,No,No,No,No,No,No,No,No,No,Yes,Yes,Yes,Yes,Yes,Yes,Yes,Yes,Yes,Yes,Yes,Yes,Yes,Yes,Yes,No,No,Yes,76,70,64,1.100,45.563,45.564,38.256,0.001,5.645,0.756,175.0,175.0,175.0,175.0,0,0.0,98.8,99.0,99.0,99.0,99.3,98.1,99.4,99.2,99.4,99.4,99.0,98.9,99.4,95.9,98.0,98.7,98.9,99.0,99.0,99.1,99.0,0.2,0.0,0.0,0.0,0.0,0.0,0.0,0.7,0.5,0.2,0.1,0.1,0.1,0.1,0.2,0.0,0.0,0.0,0.0,0.0,0.0,0.0,0.0,0.0,0.0,0.0,0.0,0.0,0.0,0.0,0.0,0.0,0.0,0.0,0.0,0.0,0.0,2194.6,22.00,32,32,32,62,103,351,2,2,Yes,No,No,No,No,No,No,No,Yes,No,No,No,No,Yes,No,No,No,No,No,No,No,Yes,No,No,No,No,No,No,No,No,No,No,No,No,No,No,No,No,93.0,4380,2460,4140,71.2,1.095,1.110,1.815,1.815,0.990,5.110,1.375,No,No,No,71.2,1.110,1.110,1.815,1.815,0.990,5.110,1.000,No,No,No,48,48,94.0,100.0,No,No,32155,47958,37,70,99.0,100.0,No,No,1844,3246,100.0,0.3,100.0,21.875,2.214,66890,49195,0.0,0.0,0.0,0.000,0.000,164001,82786,58.7,64.0,66.0,83.0,0.870,20.687,20.677,20.697,21.251,9.517,9.533,8.643,18.193,3.000,11.660,7.779,7.812,100.000,140.000,2175.0,2150.2,1875.0,2175.0,1890.0,0.0,0.0,0.0,0.0,12.1,0.0,0.0,0.0,0.0,0.0,Yes,No,No,No,No,Yes,No,0,0,0,0,0,0,0,0,0,0,0,0,0,0,0,0,0,0,0,0,0,0,0,0,0,0,0,0,0,0,7199,989,755,64,16.0,65,0.300,42.992,600.0,2194.0,0.1,0.0,0.0,0.0,0.0,0.0,0.0,0.0,0.8,127,16065,127,No,No,No,No,No,No,No,No,16.746,68.277,100.0,0.000,24.1,0,0,0,0.0,1.0,1.0,1.0,1.0,1.0,1.0,1.0,1.0,1.0,1.0,1.0,1.0,1002.63,1002.63,1002.63,1002.63,1002.63,1002.63,0.46,1002.19,1002.63,0.00,868.99,648,7,0.0,0.0,0,0,0.0,0.0,0,
9.6.2026,13:38:45.053,20644,28124,42.3,17272,15111,53.3,10.5,16384,1714,0.874,0.876,0.872,0.869,0.866,0.872,0.888,0.874,0.874,0.874,0.874,0.874,0.874,0.874,0.874,0.808,0.783,2750.4,3092.4,3092.4,3092.4,3092.4,3092.4,3092.4,2493.9,2493.9,2493.9,2493.9,2493.9,2493.9,2493.9,2493.9,99.8,2493.9,2834.1,3083.5,3079.9,3085.3,3083.6,3050.9,3086.8,3081.4,3079.1,3084.5,3084.4,3084.3,3084.6,2403.0,2467.1,2469.9,2474.1,2474.0,2475.3,2473.7,2476.6,2923.9,100.0,100.0,99.9,100.0,99.9,100.0,100.0,100.0,100.0,100.0,100.0,99.9,100.0,99.9,99.9,100.0,99.9,100.0,99.9,100.0,100.0,100.0,100.0,100.0,123.4,117.8,117.7,117.8,117.8,117.9,117.9,117.7,117.7,117.8,117.9,117.8,117.8,132.1,132.1,132.2,132.1,131.7,131.6,131.7,131.7,123.4,27.6,31.0,31.0,31.0,31.0,31.0,31.0,25.0,25.0,25.0,25.0,25.0,25.0,25.0,25.0,25.0,67,69,67,69,67,68,65,67,67,67,67,66,66,66,66,33,31,33,31,33,32,35,33,33,33,33,34,34,34,34,76,69,No,No,No,No,No,No,No,No,No,No,No,No,No,No,No,No,No,No,No,No,No,No,No,No,No,No,No,No,No,No,Yes,Yes,Yes,Yes,Yes,Yes,Yes,Yes,Yes,Yes,Yes,Yes,Yes,Yes,Yes,No,No,Yes,76,70,64,1.100,43.876,43.260,35.916,0.001,5.508,0.696,175.0,175.0,175.0,175.0,0,0.0,99.0,99.3,99.2,99.4,99.3,98.3,99.4,99.4,99.4,99.4,99.4,99.4,99.4,96.0,98.5,98.6,98.8,99.1,99.2,99.1,99.2,0.0,0.0,0.0,0.0,0.0,0.0,0.0,0.0,0.0,0.0,0.0,0.0,0.0,0.0,0.0,0.0,0.0,0.0,0.0,0.0,0.0,0.0,0.0,0.0,0.0,0.0,0.0,0.0,0.0,0.0,0.0,0.0,0.0,0.0,0.0,0.0,0.0,2394.1,24.00,36,35,35,68,103,383,2,2,Yes,No,No,No,No,No,No,No,Yes,No,No,No,No,Yes,No,No,No,No,No,No,No,Yes,No,No,No,No,No,No,No,No,No,No,No,No,No,No,No,No,92.0,4380,2520,4140,71.2,1.095,1.110,1.815,1.815,0.990,5.110,1.000,No,No,No,71.2,1.095,1.110,1.815,1.815,0.990,5.110,1.250,No,No,No,48,48,94.0,100.0,No,No,32155,47958,37,70,99.0,100.0,No,No,1844,3246,100.0,0.4,100.0,21.835,2.323,66932,49200,0.0,0.0,0.0,0.000,0.000,164001,82786,58.7,64.0,66.1,83.0,0.870,20.678,20.671,20.686,21.271,9.536,9.552,8.682,18.245,3.000,11.683,7.778,7.812,100.000,140.000,2175.0,2150.2,1875.0,2175.0,1890.0,0.0,0.0,0.0,0.0,12.1,0.0,0.0,0.0,0.0,0.0,Yes,No,No,No,No,Yes,No,0,0,0,0,0,0,0,0,0,0,0,0,0,0,0,0,0,0,0,0,0,0,0,0,0,0,0,0,0,0,7199,989,755,64,16.0,64,0.300,44.875,600.0,2194.0,0.1,0.0,0.0,0.0,0.0,0.0,0.0,0.0,0.8,127,16065,127,No,No,No,No,No,No,No,No,16.746,68.277,100.0,0.000,24.1,0,0,0,0.0,1.0,1.0,1.0,1.0,1.0,1.0,1.0,1.0,1.0,1.0,1.0,1.0,1002.63,1002.63,1002.63,1002.63,1002.63,1002.63,0.46,1002.19,1002.63,0.00,868.99,648,7,0.1,0.0,0,0,0.0,0.0,0,
9.6.2026,13:38:47.050,20644,28123,42.3,17279,15105,53.3,10.5,16384,1714,0.873,0.871,0.874,0.884,0.880,0.871,0.872,0.871,0.871,0.871,0.871,0.871,0.871,0.872,0.872,0.808,0.783,2757.5,3092.4,3092.4,3192.2,3092.4,3092.4,3092.4,2493.9,2493.9,2493.9,2493.9,2493.9,2493.9,2493.9,2493.9,99.8,2493.9,2844.7,3092.3,3091.2,3094.2,3094.3,3059.7,3095.0,3086.3,3086.0,3094.9,3095.0,3095.5,3095.7,2423.7,2478.7,2484.4,2488.8,2483.2,2484.6,2485.1,2485.5,2934.7,100.0,100.0,100.0,100.0,100.0,100.0,100.0,100.0,100.0,100.0,100.0,100.0,100.0,100.0,100.0,100.0,100.0,100.0,100.0,100.0,100.0,100.0,100.0,100.0,123.8,118.2,118.2,118.2,118.2,118.2,118.2,117.9,117.9,118.2,118.2,118.2,118.2,132.5,132.5,132.5,132.5,132.1,132.1,132.1,132.1,123.8,27.6,31.0,31.0,32.0,31.0,31.0,31.0,25.0,25.0,25.0,25.0,25.0,25.0,25.0,25.0,25.0,68,69,68,70,67,67,69,67,67,67,67,68,68,68,68,32,31,32,30,33,33,31,33,33,33,33,32,32,32,32,76,70,No,No,No,No,No,No,No,No,No,No,No,No,No,No,No,No,No,No,No,No,No,No,No,No,No,No,No,No,No,No,Yes,Yes,Yes,Yes,Yes,Yes,Yes,Yes,Yes,Yes,Yes,Yes,Yes,Yes,Yes,No,No,Yes,76,70,64,1.100,44.719,44.824,37.611,0.001,5.597,0.721,175.0,175.0,175.0,175.0,0,0.0,99.1,99.3,99.3,99.4,99.4,98.2,99.4,99.4,99.4,99.4,99.4,99.4,99.4,96.5,98.7,98.9,99.1,99.1,99.2,99.2,99.2,0.0,0.0,0.0,0.0,0.0,0.0,0.0,0.0,0.0,0.0,0.0,0.0,0.0,0.0,0.0,0.0,0.0,0.0,0.0,0.0,0.0,0.0,0.0,0.0,0.0,0.0,0.0,0.0,0.0,0.0,0.0,0.0,0.0,0.0,0.0,0.0,0.0,2394.1,24.00,36,35,35,68,103,383,2,2,Yes,No,No,No,No,No,No,No,Yes,No,No,No,No,Yes,No,No,No,No,No,No,No,Yes,No,No,No,No,No,No,No,No,No,No,No,No,No,No,No,No,92.0,4320,2520,4140,71.2,1.095,1.110,1.815,1.815,0.990,5.110,2.875,No,No,No,71.2,1.095,1.110,1.800,1.815,0.990,5.110,2.375,No,No,No,48,48,94.0,100.0,No,No,32155,47958,37,70,99.0,100.0,No,No,1844,3246,100.0,0.4,100.0,21.236,2.342,66972,49204,0.0,0.0,0.0,0.000,0.000,164001,82786,58.7,64.0,66.1,83.0,0.870,20.677,20.669,20.685,21.330,9.562,9.599,8.702,18.327,3.000,11.718,7.779,7.811,100.000,140.000,2175.0,2150.2,1875.0,2175.0,1890.0,0.0,0.0,0.0,0.0,12.1,0.0,0.0,0.0,0.0,0.0,Yes,No,No,No,No,Yes,No,0,0,0,0,0,0,0,0,0,0,0,0,0,0,0,0,0,0,0,0,0,0,0,0,0,0,0,0,0,0,7199,989,755,64,16.0,64,0.300,43.426,600.0,2394.0,0.1,0.0,0.0,0.0,0.0,0.0,0.0,0.0,0.8,127,16065,127,No,No,No,No,No,No,No,No,16.747,68.277,100.0,0.000,24.1,0,0,0,0.0,1.0,1.0,1.0,1.0,1.0,1.0,1.0,1.0,1.0,1.0,1.0,1.0,1002.63,1002.63,1002.63,1002.63,1002.63,1002.63,0.46,1002.19,1002.63,0.00,868.99,648,7,0.0,0.0,0,0,0.0,0.0,0,
9.6.2026,13:38:49.058,20647,28120,42.3,17278,15106,53.3,10.5,16384,1714,0.870,0.864,0.855,0.859,0.873,0.877,0.877,0.881,0.881,0.878,0.879,0.866,0.873,0.855,0.865,0.808,0.783,2778.9,3092.4,3092.4,3092.4,3092.4,3092.4,3092.4,2593.7,2593.7,2593.7,2593.7,2493.9,2493.9,2493.9,2493.9,99.8,2493.9,2866.9,3112.2,3115.1,3114.4,3115.5,3085.0,3118.7,3105.7,3107.7,3111.1,3118.7,3120.8,3119.9,2439.2,2498.5,2506.7,2512.9,2508.4,2509.0,2508.4,2511.0,2956.4,99.9,99.8,99.9,99.8,99.8,99.9,99.9,99.8,99.9,99.8,99.9,100.0,99.9,99.6,99.7,99.9,99.9,99.9,99.9,99.9,99.9,100.0,99.9,100.0,124.8,119.0,119.1,118.9,119.0,119.1,119.1,118.7,118.7,118.9,119.1,119.2,119.1,133.5,133.5,133.8,133.8,133.5,133.4,133.4,133.5,124.8,27.9,31.0,31.0,31.0,31.0,31.0,31.0,26.0,26.0,26.0,26.0,25.0,25.0,25.0,25.0,25.0,68,70,68,68,66,68,68,68,68,68,68,66,65,68,68,32,30,32,32,34,32,32,32,32,32,32,34,35,32,32,75,70,No,No,No,No,No,No,No,No,No,No,No,No,No,No,No,No,No,No,No,No,No,No,No,No,No,No,No,No,No,No,Yes,Yes,Yes,Yes,Yes,Yes,Yes,Yes,Yes,Yes,Yes,Yes,Yes,Yes,Yes,No,No,Yes,76,70,64,1.100,44.719,43.117,35.829,0.001,5.642,0.761,175.0,175.0,175.0,175.0,0,0.0,98.9,99.1,99.2,99.2,99.2,98.2,99.3,99.2,99.3,99.1,99.4,99.4,99.4,96.1,98.4,98.7,99.0,99.0,99.1,99.1,99.2,0.1,0.0,0.0,0.0,0.0,0.0,0.0,0.3,0.3,0.1,0.1,0.1,0.1,0.1,0.1,0.0,0.0,0.0,0.0,0.0,0.0,0.0,0.0,0.0,0.0,0.0,0.0,0.0,0.0,0.0,0.0,0.0,0.0,0.0,0.0,0.0,0.0,2194.6,22.00,32,32,32,62,103,351,2,2,Yes,No,No,No,No,No,No,No,Yes,No,No,No,No,Yes,No,No,No,No,No,No,No,Yes,No,No,No,No,No,No,No,No,No,No,No,No,No,No,No,No,92.0,4380,2520,4140,71.2,1.095,1.110,1.815,1.815,0.990,5.110,2.000,No,No,No,71.5,1.095,1.110,1.815,1.800,0.990,5.110,1.875,No,No,No,48,48,94.0,100.0,No,No,32155,47958,36,70,99.0,100.0,No,No,1844,3246,100.0,0.4,100.0,20.797,2.202,67012,49209,0.0,0.0,0.0,0.000,0.000,164001,82786,58.7,64.0,66.1,83.0,0.870,20.675,20.668,20.681,21.285,9.553,9.613,8.681,18.303,3.000,11.687,7.779,7.811,100.000,140.000,2175.0,2150.2,1875.0,2175.0,1890.0,0.0,0.0,0.0,0.0,12.1,0.0,0.0,0.0,0.0,0.0,Yes,No,No,No,No,Yes,No,0,0,0,0,0,0,0,0,0,0,0,0,0,0,0,0,0,0,0,0,0,0,0,0,0,0,0,0,0,0,7199,989,755,64,16.0,64,0.300,43.837,550.0,2394.0,0.1,0.0,0.0,0.0,0.0,0.0,0.0,0.0,0.8,127,16065,127,No,No,No,No,No,No,No,No,16.748,68.277,100.0,0.000,24.1,0,0,0,0.0,1.0,1.0,1.0,1.0,1.0,1.0,1.0,1.0,1.0,1.0,1.0,1.0,1002.63,1002.63,1002.63,1002.63,1002.63,1002.63,0.46,1002.19,1002.63,0.00,868.99,648,7,0.3,0.1,0,0,0.0,0.0,0,
9.6.2026,13:38:51.051,20644,28124,42.3,17279,15105,53.3,10.5,16384,1714,0.875,0.861,0.874,0.872,0.871,0.871,0.872,0.878,0.879,0.867,0.880,0.878,0.886,0.875,0.883,0.808,0.778,2764.7,3092.4,3092.4,3092.4,3092.4,3092.4,3092.4,2593.7,2593.7,2493.9,2493.9,2493.9,2493.9,2493.9,2493.9,99.8,2493.9,2837.1,3084.6,3082.7,3086.6,3088.0,3054.8,3087.1,3080.4,3080.7,3085.9,3084.7,3086.8,3087.6,2411.8,2464.6,2479.0,2482.7,2478.4,2477.8,2479.0,2479.2,2926.8,100.0,100.0,100.0,100.0,100.0,100.0,100.0,100.0,100.0,100.0,99.9,100.0,100.0,99.9,100.0,100.0,100.0,100.0,100.0,100.0,100.0,100.0,100.0,100.0,123.5,117.9,117.9,117.9,117.9,117.9,117.9,117.7,117.7,117.9,117.8,117.9,117.9,132.3,132.3,132.3,132.3,131.8,131.9,131.8,131.9,123.5,27.7,31.0,31.0,31.0,31.0,31.0,31.0,26.0,26.0,25.0,25.0,25.0,25.0,25.0,25.0,25.0,67,69,67,68,66,68,67,67,67,68,68,66,66,66,66,33,31,33,32,34,32,33,33,33,32,32,34,34,34,34,77,69,No,No,No,No,No,No,No,No,No,No,No,No,No,No,No,No,No,No,No,No,No,No,No,No,No,No,No,No,No,No,Yes,Yes,Yes,Yes,Yes,Yes,Yes,Yes,Yes,Yes,Yes,Yes,Yes,Yes,Yes,No,No,Yes,76,70,64,1.100,42.188,45.674,38.429,0.001,5.614,0.740,175.0,175.0,175.0,175.0,0,0.0,99.0,99.3,99.3,99.4,99.4,98.3,99.4,99.4,99.4,99.4,99.3,99.4,99.4,96.2,98.3,98.9,99.0,99.2,99.1,99.2,99.2,0.0,0.0,0.0,0.0,0.0,0.0,0.0,0.0,0.0,0.0,0.0,0.0,0.0,0.0,0.0,0.0,0.0,0.0,0.0,0.0,0.0,0.0,0.0,0.0,0.0,0.0,0.0,0.0,0.0,0.0,0.0,0.0,0.0,0.0,0.0,0.0,0.0,2394.1,24.00,36,35,35,68,103,383,2,2,Yes,No,No,No,No,No,No,No,Yes,No,No,No,No,Yes,No,No,No,No,No,No,No,Yes,No,No,No,No,No,No,No,No,No,No,No,No,No,No,No,No,93.0,4320,2520,4200,71.2,1.095,1.110,1.815,1.815,0.990,5.110,1.500,No,No,No,71.5,1.095,1.110,1.815,1.815,1.005,5.110,1.500,No,No,No,48,48,94.0,100.0,No,No,32155,47958,37,70,99.0,100.0,No,No,1844,3246,100.0,0.4,100.0,20.519,2.217,67051,49213,0.0,0.0,0.0,0.000,0.000,164001,82786,58.7,64.0,66.0,83.0,0.870,20.675,20.668,20.682,21.299,9.549,9.610,8.660,18.283,3.000,11.679,7.789,7.821,100.000,140.000,2175.0,2150.2,1875.0,2175.0,1890.0,0.0,0.0,0.0,0.0,12.1,0.0,0.0,0.0,0.0,0.0,Yes,No,No,No,No,Yes,No,0,0,0,0,0,0,0,0,0,0,0,0,0,0,0,0,0,0,0,0,0,0,0,0,0,0,0,0,0,0,7199,989,755,64,16.0,66,0.300,45.548,600.0,2194.0,0.1,0.0,0.0,0.0,0.0,0.0,0.0,0.0,0.8,127,16065,127,No,No,No,No,No,No,No,No,16.747,68.277,100.0,0.000,24.1,0,0,0,0.0,1.0,1.0,1.0,1.0,1.0,1.0,1.0,1.0,1.0,1.0,1.0,1.0,1002.63,1002.63,1002.63,1002.63,1002.63,1002.63,0.46,1002.19,1002.63,0.00,868.99,648,7,0.0,0.0,0,0,0.0,0.0,0,
9.6.2026,13:38:53.044,20642,28126,42.3,17275,15109,53.3,10.5,16384,1714,0.877,0.878,0.881,0.879,0.874,0.869,0.870,0.872,0.872,0.872,0.888,0.883,0.883,0.874,0.880,0.818,0.783,2807.4,3192.2,3192.2,3192.2,3092.4,3092.4,3092.4,2493.9,2493.9,2493.9,2593.7,2593.7,2593.7,2593.7,2593.7,99.8,2593.7,2854.9,3107.8,3108.1,3112.2,3108.4,3077.6,3112.3,3100.2,3099.2,3112.7,3113.0,3112.4,3112.0,2426.5,2487.7,2494.4,2503.5,2475.5,2476.8,2478.6,2479.2,2949.3,100.0,100.0,100.0,100.0,99.9,100.0,100.0,100.0,100.0,100.0,100.0,100.0,100.0,99.9,100.0,99.9,100.0,100.0,100.0,100.0,100.0,100.0,100.0,100.0,124.3,118.8,118.8,118.8,118.7,118.8,118.8,118.4,118.4,118.8,118.8,118.8,118.8,133.3,133.4,133.3,133.4,131.8,131.8,131.7,131.8,124.3,28.1,32.0,32.0,32.0,31.0,31.0,31.0,25.0,25.0,25.0,26.0,26.0,26.0,26.0,26.0,26.0,68,71,68,70,67,68,68,68,68,68,67,65,66,65,66,32,29,32,30,33,32,32,32,32,32,33,35,34,35,34,77,71,No,No,No,No,No,No,No,No,No,No,No,No,No,No,No,No,No,No,No,No,No,No,No,No,No,No,No,No,No,No,Yes,Yes,Yes,Yes,Yes,Yes,Yes,Yes,Yes,Yes,Yes,Yes,Yes,Yes,Yes,No,No,Yes,77,70,64,1.100,43.876,43.451,36.285,0.001,5.678,0.767,175.0,175.0,175.0,175.0,0,0.0,99.0,99.3,99.3,99.4,99.2,98.3,99.4,99.4,99.3,99.4,99.4,99.4,99.4,95.9,98.3,98.6,98.9,99.1,99.1,99.2,99.2,0.0,0.0,0.0,0.0,0.0,0.0,0.0,0.1,0.0,0.0,0.0,0.0,0.0,0.0,0.0,0.0,0.0,0.0,0.0,0.0,0.0,0.0,0.0,0.0,0.0,0.0,0.0,0.0,0.0,0.0,0.0,0.0,0.0,0.0,0.0,0.0,0.0,2194.6,22.00,32,32,32,62,103,351,2,2,Yes,No,No,No,No,No,No,No,Yes,No,No,No,No,Yes,No,No,No,No,No,No,No,Yes,No,No,No,No,No,No,No,No,No,No,No,No,No,No,No,No,92.0,4320,2520,4140,71.2,1.095,1.110,1.815,1.815,0.990,5.110,1.750,No,No,No,71.5,1.095,1.110,1.815,1.815,0.990,5.110,1.625,No,No,No,48,48,94.0,100.0,No,No,32155,47958,37,70,99.0,100.0,No,No,1844,3246,100.0,0.4,100.0,21.280,2.250,67093,49217,0.0,0.0,0.0,0.000,0.000,164001,82786,58.8,64.0,66.1,83.0,0.870,20.676,20.669,20.683,21.273,9.526,9.560,8.640,18.222,3.000,11.651,7.789,7.821,100.000,140.000,2175.0,2150.2,1875.0,2175.0,1890.0,0.0,0.0,0.0,0.0,12.1,0.0,0.0,0.0,0.0,0.0,Yes,No,No,No,No,Yes,No,0,0,0,0,0,0,0,0,0,0,0,0,0,0,0,0,0,0,0,0,0,0,0,0,0,0,0,0,0,0,7199,989,755,64,16.0,65,0.300,44.342,550.0,2394.0,0.1,0.0,0.0,0.0,0.0,0.0,0.0,0.0,0.8,127,16065,127,No,No,No,No,No,No,No,No,16.746,68.277,100.0,0.000,24.1,0,0,0,0.0,1.0,1.0,1.0,1.0,1.0,1.0,1.0,1.0,1.0,1.0,1.0,1.0,1002.63,1002.63,1002.63,1002.63,1002.63,1002.63,0.46,1002.19,1002.63,0.00,868.99,648,7,0.4,0.0,0,0,0.0,0.0,0,
9.6.2026,13:38:55.052,20640,28128,42.3,17271,15113,53.3,10.5,16384,1714,0.869,0.872,0.871,0.874,0.873,0.878,0.876,0.864,0.864,0.864,0.864,0.868,0.868,0.868,0.868,0.808,0.783,2750.4,3092.4,3092.4,3092.4,3092.4,3092.4,3092.4,2493.9,2493.9,2493.9,2493.9,2493.9,2493.9,2493.9,2493.9,99.8,2493.9,2846.9,3098.4,3100.7,3098.0,3085.0,3070.3,3102.5,3100.1,3097.6,3101.0,3094.3,3103.6,3090.8,2403.5,2473.8,2481.5,2492.0,2486.5,2484.6,2487.6,2485.6,2937.1,99.8,99.8,99.9,99.7,99.4,100.0,99.9,100.0,99.9,99.9,99.7,100.0,99.6,99.2,99.7,99.8,99.9,99.9,99.8,99.9,99.9,100.0,99.8,100.0,124.0,118.4,118.6,118.3,117.9,118.6,118.5,118.4,118.4,118.5,118.2,118.6,118.1,132.1,132.7,132.8,133.0,132.3,132.2,132.3,132.3,124.0,27.6,31.0,31.0,31.0,31.0,31.0,31.0,25.0,25.0,25.0,25.0,25.0,25.0,25.0,25.0,25.0,67,69,69,69,66,68,68,67,67,67,67,65,65,65,65,33,31,31,31,34,32,32,33,33,33,33,35,35,35,35,77,69,No,No,No,No,No,No,No,No,No,No,No,No,No,No,No,No,No,No,No,No,No,No,No,No,No,No,No,No,No,No,Yes,Yes,Yes,Yes,Yes,Yes,Yes,Yes,Yes,Yes,Yes,Yes,Yes,Yes,Yes,No,No,Yes,77,70,64,1.100,45.563,48.021,40.508,0.001,5.681,0.775,175.0,175.0,175.0,175.0,0,0.0,98.8,99.2,99.2,99.1,98.8,98.3,99.3,99.4,99.3,99.3,99.1,99.4,99.0,95.4,98.1,98.4,98.9,99.1,99.0,99.2,99.1,0.1,0.0,0.0,0.0,0.0,0.0,0.0,0.7,0.3,0.2,0.1,0.0,0.1,0.0,0.1,0.0,0.0,0.0,0.0,0.0,0.0,0.0,0.0,0.0,0.0,0.0,0.0,0.0,0.0,0.0,0.0,0.0,0.0,0.0,0.0,0.0,0.0,2394.1,24.00,36,35,35,68,103,383,2,2,Yes,No,No,No,No,No,No,No,Yes,No,No,No,No,Yes,No,No,No,No,No,No,No,Yes,No,No,No,No,No,No,No,No,No,No,No,No,No,No,No,No,94.0,4320,2520,4200,71.2,1.095,1.110,1.815,1.815,0.990,5.110,1.750,No,No,No,71.5,1.110,1.110,1.815,1.815,0.990,5.110,1.500,No,No,No,48,48,94.0,100.0,No,No,32155,47958,37,70,99.0,100.0,No,No,1844,3246,100.0,0.5,100.0,19.897,2.534,67130,49222,0.0,0.0,0.0,0.000,0.000,164001,82786,58.8,64.0,66.1,83.0,0.870,20.671,20.665,20.677,21.273,9.603,9.719,8.720,18.444,3.000,11.724,7.789,7.821,100.000,140.000,2175.0,2150.2,1875.0,2175.0,1890.0,0.0,0.0,0.0,0.0,12.1,0.0,0.0,0.0,0.0,0.0,Yes,No,No,No,No,Yes,No,0,0,0,0,0,0,0,0,0,0,0,0,0,0,0,0,0,0,0,0,0,0,0,0,0,0,0,0,0,0,7199,989,755,64,16.0,64,0.300,47.897,600.0,2194.0,0.1,0.0,0.0,0.0,0.0,0.0,0.0,0.0,0.8,127,16065,127,No,No,No,No,No,No,No,No,16.745,68.277,100.0,0.000,24.1,0,0,0,0.0,1.0,1.0,1.0,1.0,1.0,1.0,1.0,1.0,1.0,1.0,1.0,1.0,1002.63,1002.63,1002.63,1002.63,1002.63,1002.63,0.46,1002.19,1002.63,0.00,868.99,648,7,0.0,0.0,0,0,0.0,0.0,0,
9.6.2026,13:38:57.058,20642,28126,42.3,17276,15108,53.3,10.5,16384,1714,0.881,0.873,0.873,0.867,0.869,0.888,0.887,0.877,0.877,0.877,0.877,0.893,0.893,0.893,0.893,0.808,0.783,2757.5,3092.4,3092.4,3092.4,3092.4,3092.4,3192.2,2493.9,2493.9,2493.9,2493.9,2493.9,2493.9,2493.9,2493.9,99.8,2493.9,2852.6,3104.6,3104.3,3106.7,3107.7,3074.7,3107.0,3101.5,3101.7,3107.1,3105.3,3106.3,3108.1,2426.5,2487.0,2491.5,2499.8,2475.9,2478.6,2479.1,2479.4,2946.2,100.0,100.0,100.0,99.9,100.0,100.0,100.0,100.0,100.0,100.0,99.9,99.9,100.0,99.9,100.0,100.0,100.0,100.0,100.0,100.0,100.0,100.0,100.0,100.0,124.2,118.7,118.7,118.7,118.7,118.7,118.7,118.5,118.5,118.7,118.6,118.6,118.7,133.2,133.2,133.3,133.3,131.8,131.9,131.8,131.9,124.2,27.6,31.0,31.0,31.0,31.0,31.0,32.0,25.0,25.0,25.0,25.0,25.0,25.0,25.0,25.0,25.0,67,69,67,68,67,67,67,68,68,68,68,66,66,66,66,33,31,33,32,33,33,33,32,32,32,32,34,34,34,34,76,69,No,No,No,No,No,No,No,No,No,No,No,No,No,No,No,No,No,No,No,No,No,No,No,No,No,No,No,No,No,No,Yes,Yes,Yes,Yes,Yes,Yes,Yes,Yes,Yes,Yes,Yes,Yes,Yes,Yes,Yes,No,No,Yes,77,70,64,1.100,42.188,42.883,35.589,0.001,5.650,0.754,175.0,175.0,175.0,175.0,0,0.0,99.0,99.3,99.3,99.3,99.4,98.3,99.4,99.3,99.3,99.4,99.3,99.3,99.4,96.0,98.4,98.6,98.9,99.0,99.2,99.2,99.2,0.0,0.0,0.0,0.0,0.0,0.0,0.0,0.1,0.0,0.0,0.0,0.0,0.0,0.0,0.0,0.0,0.0,0.0,0.0,0.0,0.0,0.0,0.0,0.0,0.0,0.0,0.0,0.0,0.0,0.0,0.0,0.0,0.0,0.0,0.0,0.0,0.0,2394.1,24.00,36,35,35,68,103,383,2,2,Yes,No,No,No,No,No,No,No,Yes,No,No,No,No,Yes,No,No,No,No,No,No,No,Yes,No,No,No,No,No,No,No,No,No,No,No,No,No,No,No,No,93.0,4440,2460,4200,71.2,1.095,1.110,1.815,1.815,0.990,5.110,1.375,No,No,No,71.5,1.095,1.110,1.815,1.815,0.990,5.110,2.625,No,No,No,48,48,94.0,100.0,No,No,32155,47958,37,70,99.0,100.0,No,No,1844,3246,100.0,0.4,100.0,20.650,2.108,67170,49226,0.0,0.0,0.0,0.000,0.000,164001,82786,58.8,64.0,66.1,83.0,0.870,20.682,20.673,20.691,21.275,9.527,9.545,8.662,18.208,3.000,11.664,7.789,7.821,100.000,140.000,2175.0,2150.2,1875.0,2175.0,1890.0,0.0,0.0,0.0,0.0,12.1,0.0,0.0,0.0,0.0,0.0,Yes,No,No,No,No,Yes,No,0,0,0,0,0,0,0,0,0,0,0,0,0,0,0,0,0,0,0,0,0,0,0,0,0,0,0,0,0,0,7199,989,755,64,16.0,65,0.300,41.452,550.0,2394.0,0.1,0.0,0.0,0.0,0.0,0.0,0.0,0.0,0.8,127,16065,127,No,No,No,No,No,No,No,No,16.747,68.277,100.0,0.000,24.1,0,0,0,0.0,1.0,1.0,1.0,1.0,1.0,1.0,1.0,1.0,1.0,1.0,1.0,1.0,1002.63,1002.63,1002.63,1002.63,1002.63,1002.63,0.46,1002.19,1002.63,0.00,868.99,648,7,0.0,0.0,0,0,0.0,0.0,0,
9.6.2026,13:38:59.045,20648,28119,42.3,17281,15103,53.3,10.5,16384,1714,0.871,0.866,0.866,0.873,0.865,0.870,0.871,0.873,0.873,0.873,0.872,0.876,0.872,0.872,0.872,0.808,0.778,2750.4,3092.4,3092.4,3092.4,3092.4,3092.4,3092.4,2493.9,2493.9,2493.9,2493.9,2493.9,2493.9,2493.9,2493.9,99.8,2493.9,2862.7,3115.4,3109.4,3113.2,3117.7,3085.4,3118.3,3111.8,3112.1,3115.3,3116.9,3110.6,3118.3,2427.5,2493.6,2503.9,2510.0,2491.3,2494.4,2494.6,2494.5,2955.0,99.9,100.0,99.8,99.8,100.0,100.0,100.0,99.9,99.9,99.9,99.9,99.7,100.0,99.5,99.9,99.8,99.9,99.9,100.0,100.0,100.0,100.0,99.9,100.0,124.7,119.1,118.9,118.9,119.1,119.1,119.1,118.9,118.9,119.0,119.1,118.8,119.1,133.3,133.8,133.7,133.8,132.6,132.7,132.7,132.6,124.7,27.6,31.0,31.0,31.0,31.0,31.0,31.0,25.0,25.0,25.0,25.0,25.0,25.0,25.0,25.0,25.0,67,69,67,69,66,67,68,68,67,68,68,66,66,66,66,33,31,33,31,34,33,32,32,33,32,32,34,34,34,34,77,69,No,No,No,No,No,No,No,No,No,No,No,No,No,No,No,No,No,No,No,No,No,No,No,No,No,No,No,No,No,No,Yes,Yes,Yes,Yes,Yes,Yes,Yes,Yes,Yes,Yes,Yes,Yes,Yes,Yes,Yes,No,No,Yes,77,70,64,1.100,38.813,43.272,36.178,0.001,5.700,0.780,175.0,175.0,175.0,175.0,0,0.0,98.9,99.3,99.1,99.2,99.3,98.3,99.4,99.3,99.3,99.3,99.3,99.1,99.4,95.7,98.3,98.7,98.9,99.1,99.2,99.2,99.2,0.1,0.0,0.0,0.0,0.0,0.0,0.0,0.4,0.1,0.1,0.0,0.1,0.0,0.0,0.0,0.0,0.0,0.0,0.0,0.0,0.0,0.0,0.0,0.0,0.0,0.0,0.0,0.0,0.0,0.0,0.0,0.0,0.0,0.0,0.0,0.0,0.0,2394.1,24.00,36,35,35,68,103,383,2,2,Yes,No,No,No,No,No,No,No,Yes,No,No,No,No,Yes,No,No,No,No,No,No,No,Yes,No,No,No,No,No,No,No,No,No,No,No,No,No,No,No,No,93.0,4500,2520,4260,71.5,1.095,1.110,1.800,1.815,0.990,5.110,1.125,No,No,No,71.5,1.095,1.110,1.800,1.815,0.990,5.110,2.125,No,No,No,48,48,94.0,100.0,No,No,32155,47958,37,70,99.0,100.0,No,No,1844,3246,100.0,0.5,100.0,20.378,2.337,67209,49231,0.0,0.0,0.0,0.000,0.000,164001,82786,58.7,64.0,65.9,83.0,0.870,20.675,20.669,20.682,21.279,9.534,9.564,8.660,18.241,3.000,11.665,7.789,7.821,100.000,140.000,2175.0,2150.2,1875.0,2175.0,1890.0,0.0,0.0,0.0,0.0,12.1,0.0,0.0,0.0,0.0,0.0,Yes,No,No,No,No,Yes,No,0,0,0,0,0,0,0,0,0,0,0,0,0,0,0,0,0,0,0,0,0,0,0,0,0,0,0,0,0,0,7199,989,755,64,16.0,65,0.300,45.917,550.0,2394.0,0.1,0.0,0.0,0.0,0.0,0.0,0.0,0.0,0.8,127,16065,127,No,No,No,No,No,No,No,No,16.748,68.277,100.0,0.000,24.1,0,0,0,0.0,1.0,1.0,1.0,1.0,1.0,1.0,1.0,1.0,1.0,1.0,1.0,1.0,986.20,986.20,986.20,986.20,986.20,986.20,0.47,985.70,986.20,0.00,853.48,648,7,0.1,0.1,0,0,0.0,0.0,0,
9.6.2026,13:39:1.056,20645,28123,42.3,17274,15110,53.3,10.5,16384,1714,0.872,0.867,0.880,0.868,0.862,0.869,0.880,0.872,0.872,0.872,0.872,0.876,0.876,0.872,0.872,0.808,0.778,2764.7,3092.4,3192.2,3092.4,3092.4,3092.4,3192.2,2493.9,2493.9,2493.9,2493.9,2493.9,2493.9,2493.9,2493.9,99.8,2493.9,2841.8,3088.1,3089.2,3093.2,3089.1,3067.2,3093.4,3086.1,3086.2,3091.9,3093.4,3089.9,3093.7,2429.4,2475.1,2487.2,2492.3,2471.8,2473.2,2472.9,2472.6,2934.1,100.0,99.9,100.0,100.0,99.9,100.0,100.0,100.0,100.0,100.0,100.0,99.9,100.0,99.8,99.9,100.0,100.0,100.0,100.0,100.0,100.0,100.0,100.0,100.0,123.6,118.0,118.1,118.1,118.0,118.1,118.1,117.9,117.9,118.1,118.1,118.0,118.1,132.4,132.5,132.6,132.6,131.5,131.5,131.5,131.5,123.6,27.7,31.0,32.0,31.0,31.0,31.0,32.0,25.0,25.0,25.0,25.0,25.0,25.0,25.0,25.0,25.0,67,70,67,68,66,67,68,68,68,68,68,66,66,66,66,33,30,33,32,34,33,32,32,32,32,32,34,34,34,34,76,70,No,No,No,No,No,No,No,No,No,No,No,No,No,No,No,No,No,No,No,No,No,No,No,No,No,No,No,No,No,No,Yes,Yes,Yes,Yes,Yes,Yes,Yes,Yes,Yes,Yes,Yes,Yes,Yes,Yes,Yes,No,No,Yes,77,70,63,1.100,46.407,46.489,38.880,0.001,5.677,0.767,175.0,175.0,175.0,175.0,0,0.0,99.0,99.2,99.3,99.4,99.3,98.5,99.4,99.4,99.4,99.4,99.4,99.3,99.4,96.6,98.4,98.9,99.1,99.1,99.2,99.2,99.2,0.0,0.0,0.0,0.0,0.0,0.0,0.0,0.1,0.1,0.0,0.0,0.0,0.0,0.0,0.0,0.0,0.0,0.0,0.0,0.0,0.0,0.0,0.0,0.0,0.0,0.0,0.0,0.0,0.0,0.0,0.0,0.0,0.0,0.0,0.0,0.0,0.0,2194.6,22.00,32,32,32,62,103,351,2,2,Yes,No,No,No,No,No,No,No,Yes,No,No,No,No,Yes,No,No,No,No,No,No,No,Yes,No,No,No,No,No,No,No,No,No,No,No,No,No,No,No,No,94.0,4380,2520,4320,71.5,1.095,1.110,1.800,1.815,0.990,5.110,2.000,No,No,No,71.8,1.095,1.110,1.800,1.815,0.990,5.110,2.750,No,No,No,48,48,94.0,100.0,No,No,32155,47958,37,70,99.0,100.0,No,No,1844,3246,100.0,1.5,100.0,18.565,2.240,67245,49235,0.0,0.0,0.0,0.000,0.000,164001,82786,58.7,64.0,66.0,83.0,0.870,20.669,20.664,20.675,21.308,9.548,9.582,8.679,18.276,3.000,11.688,7.789,7.821,100.000,140.000,2175.0,2150.2,1875.0,2175.0,1890.0,0.0,0.0,0.0,0.0,12.1,0.0,0.0,0.0,0.0,0.0,Yes,No,No,No,No,Yes,No,0,0,0,0,0,0,0,0,0,0,0,0,0,0,0,0,0,0,0,0,0,0,0,0,0,0,0,0,0,0,7199,989,755,64,16.0,65,0.300,46.182,600.0,2394.0,0.1,0.0,0.0,0.0,0.0,0.0,0.0,0.0,0.8,127,16065,127,No,No,No,No,No,No,No,No,16.748,68.277,100.0,0.000,24.1,0,0,0,0.0,1.0,1.0,1.0,1.0,1.0,1.0,1.0,1.0,1.0,1.0,1.0,1.0,1004.12,1004.12,1004.12,1004.12,1004.12,1004.12,0.44,1003.69,1004.12,0.00,820.99,648,7,0.1,0.1,0,0,0.0,0.0,0,
9.6.2026,13:39:3.049,20645,28123,42.3,17274,15110,53.3,10.5,16384,1714,0.872,0.867,0.880,0.868,0.862,0.869,0.880,0.872,0.872,0.872,0.872,0.876,0.876,0.872,0.872,0.808,0.778,2764.7,3092.4,3192.2,3092.4,3092.4,3092.4,3192.2,2493.9,2493.9,2493.9,2493.9,2493.9,2493.9,2493.9,2493.9,99.8,2493.9,2841.8,3088.1,3089.2,3093.2,3089.1,3067.2,3093.4,3086.1,3086.2,3091.9,3093.4,3089.9,3093.7,2429.4,2475.1,2487.2,2492.3,2471.8,2473.2,2472.9,2472.6,2934.1,100.0,99.9,100.0,100.0,99.9,100.0,100.0,100.0,100.0,100.0,100.0,99.9,100.0,99.8,99.9,100.0,100.0,100.0,100.0,100.0,100.0,100.0,100.0,100.0,123.6,118.0,118.1,118.1,118.0,118.1,118.1,117.9,117.9,118.1,118.1,118.0,118.1,132.4,132.5,132.6,132.6,131.5,131.5,131.5,131.5,123.6,27.7,31.0,32.0,31.0,31.0,31.0,32.0,25.0,25.0,25.0,25.0,25.0,25.0,25.0,25.0,25.0,67,70,67,68,66,67,68,68,68,68,68,66,66,66,66,33,30,33,32,34,33,32,32,32,32,32,34,34,34,34,76,70,No,No,No,No,No,No,No,No,No,No,No,No,No,No,No,No,No,No,No,No,No,No,No,No,No,No,No,No,No,No,Yes,Yes,Yes,Yes,Yes,Yes,Yes,Yes,Yes,Yes,Yes,Yes,Yes,Yes,Yes,No,No,Yes,76,70,64,1.100,42.188,45.705,38.379,0.001,5.668,0.769,175.0,175.0,175.0,175.0,0,0.0,99.0,99.2,99.3,99.4,99.3,98.5,99.4,99.4,99.4,99.4,99.4,99.3,99.4,96.6,98.4,98.9,99.1,99.1,99.2,99.2,99.2,0.0,0.0,0.0,0.0,0.0,0.0,0.0,0.1,0.1,0.0,0.0,0.0,0.0,0.0,0.0,0.0,0.0,0.0,0.0,0.0,0.0,0.0,0.0,0.0,0.0,0.0,0.0,0.0,0.0,0.0,0.0,0.0,0.0,0.0,0.0,0.0,0.0,2194.6,22.00,32,32,32,62,103,351,2,2,Yes,No,No,No,No,No,No,No,Yes,No,No,No,No,Yes,No,No,No,No,No,No,No,Yes,No,No,No,No,No,No,No,No,No,No,No,No,No,No,No,No,94.0,4500,2520,4260,71.5,1.095,1.110,1.800,1.815,0.990,5.110,2.250,No,No,No,71.8,1.095,1.110,1.800,1.815,1.005,5.110,1.250,No,No,No,48,48,94.0,100.0,No,No,32155,47958,37,70,99.0,100.0,No,No,1844,3246,100.0,1.5,100.0,18.565,2.240,67245,49235,0.0,0.0,0.0,0.000,0.000,164001,82786,58.8,64.0,66.1,83.0,0.870,20.678,20.670,20.685,21.273,9.537,9.573,8.661,18.244,3.000,11.674,7.789,7.821,100.000,140.000,2175.0,2150.2,1875.0,2175.0,1890.0,0.0,0.0,0.0,0.0,12.1,0.0,0.0,0.0,0.0,0.0,Yes,No,No,No,No,Yes,No,0,0,0,0,0,0,0,0,0,0,0,0,0,0,0,0,0,0,0,0,0,0,0,0,0,0,0,0,0,0,7199,989,755,65,16.0,64,0.300,44.648,550.0,2194.0,0.1,0.0,0.0,0.0,0.0,0.0,0.0,0.0,0.8,127,16065,127,No,No,No,No,No,No,No,No,16.746,68.277,100.0,0.000,24.1,0,0,0,0.0,1.0,1.0,1.0,1.0,1.0,1.0,1.0,1.0,1.0,1.0,1.0,1.0,1004.12,1004.12,1004.12,1004.12,1004.12,1004.12,0.44,1003.69,1004.12,0.00,820.99,648,7,0.1,0.1,0,0,0.0,0.0,0,
9.6.2026,13:39:5.054,20645,28123,42.3,17274,15109,53.3,10.5,16384,1714,0.879,0.904,0.884,0.868,0.861,0.867,0.887,0.880,0.880,0.880,0.880,0.880,0.880,0.880,0.880,0.818,0.783,2800.3,3192.2,3192.2,3092.4,3092.4,3092.4,3192.2,2593.7,2593.7,2593.7,2593.7,2493.9,2493.9,2493.9,2493.9,99.8,2593.7,2849.7,3102.0,3100.5,3105.8,3106.1,3082.3,3105.6,3092.8,3092.2,3105.2,3105.0,3103.7,3107.0,2426.7,2481.4,2486.3,2497.2,2471.5,2473.5,2474.6,2475.3,2943.7,100.0,100.0,99.9,100.0,100.0,100.0,100.0,100.0,100.0,100.0,100.0,99.9,100.0,100.0,100.0,99.9,100.0,99.9,99.9,100.0,100.0,100.0,100.0,100.0,124.0,118.6,118.5,118.6,118.6,118.6,118.6,118.1,118.1,118.6,118.6,118.5,118.6,133.1,133.1,133.1,133.1,131.6,131.6,131.6,131.6,124.0,28.1,32.0,32.0,31.0,31.0,31.0,32.0,26.0,26.0,26.0,26.0,25.0,25.0,25.0,25.0,26.0,67,68,67,69,67,68,68,67,67,67,67,66,66,66,66,33,32,33,31,33,32,32,33,33,33,33,34,34,34,34,77,69,No,No,No,No,No,No,No,No,No,No,No,No,No,No,No,No,No,No,No,No,No,No,No,No,No,No,No,No,No,No,Yes,Yes,Yes,Yes,Yes,Yes,Yes,Yes,Yes,Yes,Yes,Yes,Yes,Yes,Yes,No,No,Yes,76,70,66,1.100,43.876,44.015,36.734,0.001,5.679,0.776,175.0,175.0,175.0,175.0,0,0.0,99.0,99.3,99.2,99.4,99.4,98.6,99.4,99.4,99.4,99.4,99.4,99.3,99.4,96.1,98.3,98.5,98.9,99.0,99.1,99.1,99.2,0.0,0.0,0.0,0.0,0.0,0.0,0.0,0.0,0.0,0.0,0.0,0.0,0.0,0.0,0.0,0.0,0.0,0.0,0.0,0.0,0.0,0.0,0.0,0.0,0.0,0.0,0.0,0.0,0.0,0.0,0.0,0.0,0.0,0.0,0.0,0.0,0.0,2194.6,22.00,32,32,32,62,103,351,2,2,Yes,No,No,No,No,No,No,No,Yes,No,No,No,No,Yes,No,No,No,No,No,No,No,Yes,No,No,No,No,No,No,No,No,No,No,No,No,No,No,No,No,93.0,4440,2520,4320,71.5,1.095,1.110,1.800,1.815,0.990,5.110,1.625,No,No,No,71.8,1.095,1.110,1.800,1.815,0.990,5.110,1.750,No,No,No,48,48,94.0,100.0,No,No,32155,47958,37,70,99.0,100.0,No,No,1844,3246,100.0,1.4,100.0,18.470,2.376,67315,49244,0.0,0.0,0.0,0.000,0.000,164001,82786,58.8,64.0,66.0,83.0,0.870,20.678,20.670,20.685,21.277,9.550,9.591,8.681,18.286,3.000,11.682,7.789,7.821,100.000,140.000,2175.0,2150.2,1875.0,2175.0,1890.0,0.0,0.0,0.0,0.0,12.1,0.0,0.0,0.0,0.0,0.0,Yes,No,No,No,No,Yes,No,0,0,0,0,0,0,0,0,0,0,0,0,0,0,0,0,0,0,0,0,0,0,0,0,0,0,0,0,0,0,7199,989,755,65,16.0,65,0.300,43.467,600.0,2194.0,0.1,0.0,0.0,0.0,0.0,0.0,0.0,0.0,0.8,127,16065,127,No,No,No,No,No,No,No,No,16.747,68.277,100.0,0.000,24.1,0,0,0,0.0,1.0,1.0,1.0,1.0,1.0,1.0,1.0,1.0,1.0,1.0,1.0,1.0,1004.12,1004.12,1004.12,1004.12,1004.12,1004.12,0.44,1003.69,1004.12,0.00,820.99,648,7,0.2,0.1,0,0,0.0,0.0,0,
9.6.2026,13:39:7.047,20643,28125,42.3,17281,15103,53.3,10.5,16384,1714,0.884,0.896,0.899,0.883,0.897,0.877,0.878,0.886,0.881,0.873,0.886,0.886,0.878,0.879,0.874,0.818,0.783,2821.7,3192.2,3192.2,3192.2,3192.2,3192.2,3192.2,2593.7,2593.7,2593.7,2593.7,2493.9,2493.9,2493.9,2493.9,99.8,2593.7,2858.0,3109.3,3106.2,3107.3,3109.4,3100.5,3111.6,3103.1,3102.0,3113.3,3112.2,3114.1,3113.2,2446.8,2490.9,2498.3,2506.8,2478.1,2478.5,2478.6,2478.8,2952.8,99.9,100.0,99.9,99.8,100.0,100.0,100.0,100.0,99.9,100.0,99.9,100.0,100.0,99.8,99.9,99.9,100.0,100.0,100.0,99.9,100.0,100.0,99.9,100.0,124.3,118.9,118.8,118.7,118.8,118.9,118.9,118.5,118.5,118.9,118.8,118.8,118.9,133.4,133.5,133.5,133.5,131.9,131.9,131.9,132.0,124.3,28.3,32.0,32.0,32.0,32.0,32.0,32.0,26.0,26.0,26.0,26.0,25.0,25.0,25.0,25.0,26.0,67,68,67,69,67,68,68,67,67,67,68,65,66,66,66,33,32,33,31,33,32,32,33,33,33,32,35,34,34,34,76,69,No,No,No,No,No,No,No,No,No,No,No,No,No,No,No,No,No,No,No,No,No,No,No,No,No,No,No,No,No,No,Yes,Yes,Yes,Yes,Yes,Yes,Yes,Yes,Yes,Yes,Yes,Yes,Yes,Yes,Yes,No,No,Yes,76,70,64,1.100,45.563,44.515,37.109,0.002,5.682,0.771,175.0,175.0,175.0,175.0,0,0.0,99.0,99.3,99.2,99.2,99.3,99.0,99.3,99.3,99.3,99.3,99.3,99.4,99.3,96.6,98.3,98.6,98.9,99.1,99.1,99.1,99.1,0.0,0.0,0.0,0.0,0.0,0.0,0.0,0.1,0.1,0.0,0.0,0.0,0.0,0.1,0.0,0.0,0.0,0.0,0.0,0.0,0.0,0.0,0.0,0.0,0.0,0.0,0.0,0.0,0.0,0.0,0.0,0.0,0.0,0.0,0.0,0.0,0.0,2394.1,24.00,36,35,35,68,103,383,2,2,Yes,No,No,No,No,No,No,No,Yes,No,No,No,No,Yes,No,No,No,No,No,No,No,Yes,No,No,No,No,No,No,No,No,No,No,No,No,No,No,No,No,93.0,4500,2520,4320,71.5,1.110,1.110,1.800,1.815,0.990,5.110,1.250,No,No,No,71.8,1.095,1.110,1.800,1.815,0.990,5.110,2.125,No,No,No,48,48,94.0,100.0,No,No,32156,47958,37,70,99.0,100.0,No,No,1844,3246,100.0,0.6,100.0,14.866,2.467,67343,49248,0.0,0.0,0.0,0.000,0.000,164001,82786,58.8,64.0,66.1,83.0,0.870,20.677,20.670,20.685,21.323,9.545,9.572,8.681,18.265,3.000,11.695,7.786,7.815,100.000,140.000,2175.0,2150.2,1875.0,2175.0,1890.0,0.0,0.0,0.0,0.0,12.1,0.0,0.0,0.0,0.0,0.0,Yes,No,No,No,No,Yes,No,0,0,0,0,0,0,0,0,0,0,0,0,0,0,0,0,0,0,0,0,0,0,0,0,0,0,0,0,0,0,7199,989,755,65,16.0,66,0.300,44.352,600.0,2194.0,0.2,0.0,0.0,0.0,0.0,0.0,0.0,0.0,0.8,127,16065,127,No,No,No,No,No,No,No,No,16.746,68.277,100.0,0.000,24.1,0,0,0,0.0,1.0,1.0,1.0,1.0,1.0,1.0,1.0,1.0,1.0,1.0,1.0,1.0,1004.12,1004.12,1004.12,1004.12,1004.12,1004.12,0.44,1003.69,1004.12,0.00,820.99,648,7,0.0,0.0,0,0,0.0,0.0,0,
9.6.2026,13:39:9.048,20643,28125,42.3,17281,15103,53.3,10.5,16384,1714,0.884,0.896,0.899,0.883,0.897,0.877,0.878,0.886,0.881,0.873,0.886,0.886,0.878,0.879,0.874,0.818,0.783,2821.7,3192.2,3192.2,3192.2,3192.2,3192.2,3192.2,2593.7,2593.7,2593.7,2593.7,2493.9,2493.9,2493.9,2493.9,99.8,2593.7,2858.0,3109.3,3106.2,3107.3,3109.4,3100.5,3111.6,3103.1,3102.0,3113.3,3112.2,3114.1,3113.2,2446.8,2490.9,2498.3,2506.8,2478.1,2478.5,2478.6,2478.8,2952.8,99.9,100.0,99.9,99.8,100.0,100.0,100.0,100.0,99.9,100.0,99.9,100.0,100.0,99.8,99.9,99.9,100.0,100.0,100.0,99.9,100.0,100.0,99.9,100.0,124.3,118.9,118.8,118.7,118.8,118.9,118.9,118.5,118.5,118.9,118.8,118.8,118.9,133.4,133.5,133.5,133.5,131.9,131.9,131.9,132.0,124.3,28.3,32.0,32.0,32.0,32.0,32.0,32.0,26.0,26.0,26.0,26.0,25.0,25.0,25.0,25.0,26.0,67,68,67,69,67,68,68,67,67,67,68,65,66,66,66,33,32,33,31,33,32,32,33,33,33,32,35,34,34,34,76,69,No,No,No,No,No,No,No,No,No,No,No,No,No,No,No,No,No,No,No,No,No,No,No,No,No,No,No,No,No,No,Yes,Yes,Yes,Yes,Yes,Yes,Yes,Yes,Yes,Yes,Yes,Yes,Yes,Yes,Yes,No,No,Yes,76,70,65,1.100,43.876,45.436,38.076,0.001,5.689,0.775,175.0,175.0,175.0,175.0,0,0.0,99.0,99.3,99.2,99.2,99.3,99.0,99.3,99.3,99.3,99.3,99.3,99.4,99.3,96.6,98.3,98.6,98.9,99.1,99.1,99.1,99.1,0.0,0.0,0.0,0.0,0.0,0.0,0.0,0.1,0.1,0.0,0.0,0.0,0.0,0.1,0.0,0.0,0.0,0.0,0.0,0.0,0.0,0.0,0.0,0.0,0.0,0.0,0.0,0.0,0.0,0.0,0.0,0.0,0.0,0.0,0.0,0.0,0.0,2394.1,24.00,36,35,35,68,103,383,2,2,Yes,No,No,No,No,No,No,No,Yes,No,No,No,No,Yes,No,No,No,No,No,No,No,Yes,No,No,No,No,No,No,No,No,No,No,No,No,No,No,No,No,93.0,4440,2520,4320,71.8,1.110,1.110,1.800,1.815,0.990,5.110,1.500,No,No,No,71.8,1.110,1.110,1.800,1.815,0.990,5.110,1.500,No,No,No,48,48,94.0,100.0,No,No,32156,47958,37,70,99.0,100.0,No,No,1844,3246,100.0,0.6,100.0,14.866,2.467,67343,49248,0.0,0.0,0.0,0.000,0.000,164001,82786,58.7,64.0,66.1,83.0,0.870,20.677,20.669,20.684,21.261,9.629,9.682,8.722,18.430,3.000,11.737,7.790,8.040,100.000,140.000,2175.0,2150.2,1875.0,2175.0,1890.0,0.0,0.0,0.0,0.0,12.1,0.0,0.1,0.0,0.0,0.0,Yes,No,No,No,No,Yes,No,0,0,0,0,0,0,0,0,0,0,0,0,0,0,0,0,0,0,0,0,0,0,0,0,0,0,0,0,0,0,7199,989,755,65,16.0,65,0.300,46.113,550.0,2394.0,0.1,0.0,0.0,0.0,0.0,0.0,0.0,0.0,0.8,127,16065,127,No,No,No,No,No,No,No,No,16.748,68.277,100.0,0.000,24.1,0,0,0,0.0,1.0,1.0,1.0,1.0,1.0,1.0,1.0,1.0,1.0,1.0,1.0,1.0,1004.12,1004.12,1004.12,1004.12,1004.12,1004.12,0.44,1003.69,1004.12,0.00,820.99,648,7,0.0,0.0,0,0,0.0,0.0,0,
9.6.2026,13:39:11.054,20653,28115,42.3,17285,15098,53.3,10.5,16384,1714,0.884,0.882,0.866,0.891,0.880,0.885,0.885,0.886,0.886,0.885,0.885,0.885,0.885,0.886,0.886,0.818,0.783,2843.0,3192.2,3092.4,3192.2,3192.2,3192.2,3192.2,2593.7,2593.7,2593.7,2593.7,2593.7,2593.7,2593.7,2593.7,99.8,2593.7,2870.9,3123.1,3122.6,3125.3,3125.7,3119.9,3125.2,3114.1,3105.5,3125.0,3125.9,3125.9,3127.3,2457.9,2502.9,2509.9,2516.5,2490.9,2491.8,2493.0,2490.1,2965.8,100.0,100.0,100.0,100.0,100.0,100.0,100.0,100.0,100.0,100.0,100.0,100.0,100.0,100.0,100.0,100.0,100.0,100.0,100.0,100.0,100.0,100.0,100.0,100.0,124.4,118.9,118.9,118.9,118.9,118.9,118.9,118.7,118.7,118.9,118.9,118.9,118.9,133.6,133.6,133.6,133.6,131.8,131.8,131.8,131.8,124.4,28.5,32.0,31.0,32.0,32.0,32.0,32.0,26.0,26.0,26.0,26.0,26.0,26.0,26.0,26.0,26.0,67,68,68,68,67,66,69,67,67,67,67,66,66,66,68,33,32,32,32,33,34,31,33,33,33,33,34,34,34,32,77,69,No,No,No,No,No,No,No,No,No,No,No,No,No,No,No,No,No,No,No,No,No,No,No,No,No,No,No,No,No,No,Yes,Yes,Yes,Yes,Yes,Yes,Yes,Yes,Yes,Yes,Yes,Yes,Yes,Yes,Yes,No,No,Yes,76,68,64,1.100,39.657,45.852,38.561,0.001,5.649,0.753,175.0,175.0,175.0,175.0,0,0.0,99.5,99.7,99.7,99.8,99.8,99.6,99.8,99.6,99.3,99.8,99.8,99.8,99.8,97.0,98.8,99.1,99.3,99.6,99.6,99.7,99.6,0.0,0.0,0.0,0.0,0.0,0.0,0.0,0.0,0.0,0.0,0.0,0.0,0.0,0.0,0.0,0.0,0.0,0.0,0.0,0.0,0.0,0.0,0.0,0.0,0.0,0.0,0.0,0.0,0.0,0.0,0.0,0.0,0.0,0.0,0.0,0.0,0.0,997.6,10.00,22,15,15,28,103,160,2,2,Yes,No,No,No,No,No,No,No,Yes,No,No,No,No,Yes,No,No,No,No,No,No,No,Yes,No,No,No,No,No,No,No,No,No,No,No,No,No,No,No,No,92.0,4440,2520,4200,71.8,1.110,1.110,1.800,1.815,0.990,5.110,1.625,No,No,No,71.8,1.110,1.110,1.800,1.815,0.990,5.110,1.375,No,No,No,48,48,94.0,100.0,No,No,32156,47958,37,70,99.0,100.0,No,No,1844,3246,100.0,0.5,100.0,19.199,2.390,67380,49253,0.0,0.0,0.0,0.000,0.000,164001,82786,58.7,64.0,66.1,83.0,0.870,20.681,20.673,20.689,21.263,9.523,9.548,8.641,18.207,3.000,11.657,7.788,7.821,100.000,140.000,2175.0,2150.2,1875.0,2175.0,1890.0,0.0,0.0,0.0,0.0,12.1,0.0,0.0,0.0,0.0,0.0,Yes,No,No,No,No,Yes,No,0,0,0,0,0,0,0,0,0,0,0,0,0,0,0,0,0,0,0,0,0,0,0,0,0,0,0,0,0,0,7199,989,755,65,16.0,64,0.300,46.269,600.0,2394.0,0.1,0.0,0.0,0.0,0.0,0.0,0.0,0.0,0.8,127,16065,127,No,No,No,No,No,No,No,No,16.748,68.277,100.0,0.000,24.1,0,0,0,0.0,1.0,1.0,1.0,1.0,1.0,1.0,1.0,1.0,1.0,1.0,1.0,1.0,1004.12,1004.12,1004.12,1004.12,1004.12,1004.12,0.44,1003.69,1004.12,0.00,820.99,648,7,0.0,0.0,0,0,0.0,0.0,0,
9.6.2026,13:39:13.052,20643,28125,42.3,17281,15103,53.3,10.5,16384,1714,0.884,0.881,0.880,0.872,0.874,0.875,0.867,0.871,0.871,0.871,0.871,0.871,0.871,0.871,0.871,0.818,0.783,2843.0,3192.2,3192.2,3092.4,3092.4,3192.2,3092.4,2493.9,2493.9,2493.9,2493.9,2493.9,2493.9,2493.9,2493.9,99.8,2593.7,2870.9,3138.1,3139.1,3142.0,3142.7,3136.6,3141.9,3138.9,3133.4,3140.7,3141.1,3142.0,3141.1,2445.7,2493.0,2496.2,2517.0,2491.2,2495.9,2497.2,2497.6,2976.8,100.0,100.0,100.0,100.0,100.0,100.0,100.0,100.0,100.0,100.0,100.0,100.0,100.0,100.0,100.0,100.0,100.0,100.0,100.0,100.0,100.0,100.0,100.0,100.0,124.4,119.5,119.5,119.5,119.5,119.5,119.5,119.4,119.4,119.5,119.5,119.5,119.5,134.3,134.3,134.3,134.3,132.3,132.3,132.4,132.4,125.0,28.5,32.0,31.0,32.0,32.0,32.0,32.0,26.0,26.0,26.0,26.0,26.0,26.0,26.0,26.0,26.0,67,68,68,68,67,66,69,67,67,67,67,66,66,66,68,33,32,32,32,33,34,31,33,33,33,33,34,34,34,32,77,69,No,No,No,No,No,No,No,No,No,No,No,No,No,No,No,No,No,No,No,No,No,No,No,No,No,No,No,No,No,No,Yes,Yes,Yes,Yes,Yes,Yes,Yes,Yes,Yes,Yes,Yes,Yes,Yes,Yes,Yes,No,No,Yes,77,70,66,1.100,39.657,45.481,38.209,0.001,5.638,0.747,175.0,175.0,175.0,175.0,0,0.0,99.5,99.7,99.7,99.8,99.8,99.6,99.8,99.6,99.3,99.8,99.8,99.8,99.8,97.0,98.8,99.1,99.3,99.6,99.6,99.7,99.6,0.0,0.0,0.0,0.0,0.0,0.0,0.0,0.0,0.0,0.0,0.0,0.0,0.0,0.0,0.0,0.0,0.0,0.0,0.0,0.0,0.0,0.0,0.0,0.0,0.0,0.0,0.0,0.0,0.0,0.0,0.0,0.0,0.0,0.0,0.0,0.0,0.0,997.6,10.00,22,15,15,28,103,160,2,2,Yes,No,No,No,No,No,No,No,Yes,No,No,No,No,Yes,No,No,No,No,No,No,No,Yes,No,No,No,No,No,No,No,No,No,No,No,No,No,No,No,No,93.0,4440,2520,4320,71.8,1.110,1.110,1.800,1.815,0.990,5.110,1.625,No,No,No,72.0,1.110,1.110,1.800,1.815,0.990,5.110,1.750,No,No,No,48,48,94.0,100.0,No,No,32156,47958,37,70,99.0,100.0,No,No,1844,3246,100.0,0.2,100.0,74.546,0.102,67522,49253,0.0,0.0,0.0,0.000,0.000,164001,82786,58.7,64.0,66.1,83.0,0.870,20.676,20.670,20.683,21.285,9.542,9.596,8.661,18.263,3.000,11.666,7.789,7.821,100.000,140.000,2175.0,2150.2,1875.0,2175.0,1890.0,0.0,0.0,0.0,0.0,12.1,0.0,0.0,0.0,0.0,0.0,Yes,No,No,No,No,Yes,No,0,0,0,0,0,0,0,0,0,0,0,0,0,0,0,0,0,0,0,0,0,0,0,0,0,0,0,0,0,0,7199,989,755,65,16.0,66,0.300,45.967,600.0,997.0,0.1,0.0,0.0,0.0,0.0,0.0,0.0,0.0,0.8,127,16065,127,No,No,No,No,No,No,No,No,16.747,68.277,100.0,0.000,24.1,0,0,0,0.0,1.0,1.0,1.0,1.0,1.0,1.0,1.0,1.0,1.0,1.0,1.0,1.0,1004.12,1004.12,1004.12,1004.12,1004.12,1004.12,0.44,1003.69,1004.12,0.00,820.99,648,7,0.0,0.1,0,0,0.0,0.0,0,
9.6.2026,13:39:15.046,20643,28125,42.3,17281,15103,53.3,10.5,16384,1714,0.873,0.881,0.880,0.872,0.874,0.875,0.867,0.871,0.871,0.871,0.871,0.871,0.871,0.871,0.871,0.818,0.783,2771.8,3192.2,3192.2,3092.4,3092.4,3192.2,3092.4,2493.9,2493.9,2493.9,2493.9,2493.9,2493.9,2493.9,2493.9,99.8,2593.7,2880.6,3138.1,3139.1,3142.0,3142.7,3136.6,3141.9,3138.9,3133.4,3140.7,3141.1,3142.0,3141.1,2445.7,2493.0,2496.2,2517.0,2491.2,2495.9,2497.2,2497.6,2976.8,100.0,100.0,100.0,100.0,100.0,100.0,100.0,100.0,100.0,100.0,100.0,100.0,100.0,100.0,100.0,100.0,100.0,100.0,100.0,100.0,100.0,100.0,100.0,100.0,125.0,119.5,119.5,119.5,119.5,119.5,119.5,119.4,119.4,119.5,119.5,119.5,119.5,134.3,134.3,134.3,134.3,132.3,132.3,132.4,132.4,125.0,27.8,32.0,32.0,31.0,31.0,32.0,31.0,25.0,25.0,25.0,25.0,25.0,25.0,25.0,25.0,26.0,67,70,67,70,68,68,67,67,67,67,67,66,66,66,66,33,30,33,30,32,32,33,33,33,33,33,34,34,34,34,77,70,No,No,No,No,No,No,No,No,No,No,No,No,No,No,No,No,No,No,No,No,No,No,No,No,No,No,No,No,No,No,Yes,Yes,Yes,Yes,Yes,Yes,Yes,Yes,Yes,Yes,Yes,Yes,Yes,Yes,Yes,No,No,Yes,76,69,64,1.100,45.563,45.462,38.236,0.001,5.707,0.782,175.0,175.0,175.0,175.0,0,0.0,99.3,99.7,99.7,99.7,99.8,99.6,99.8,99.8,99.6,99.8,99.8,99.8,99.8,96.1,98.0,98.1,98.9,99.4,99.6,99.6,99.6,0.0,0.0,0.0,0.0,0.0,0.0,0.0,0.0,0.0,0.0,0.0,0.0,0.0,0.0,0.0,0.0,0.0,0.0,0.0,0.0,0.0,0.0,0.0,0.0,0.0,0.0,0.0,0.0,0.0,0.0,0.0,0.0,0.0,0.0,0.0,0.0,0.0,2194.6,22.00,32,32,32,62,103,351,2,2,Yes,No,No,No,No,No,No,No,Yes,No,No,No,No,Yes,No,No,No,No,No,No,No,Yes,No,No,No,No,No,No,No,No,No,No,No,No,No,No,No,No,92.0,4380,2520,4260,71.8,1.110,1.110,1.800,1.815,0.990,5.110,1.125,No,No,No,72.0,1.110,1.110,1.800,1.815,1.005,5.110,1.500,No,No,No,48,48,94.0,100.0,No,No,32156,47958,36,70,99.0,100.0,No,No,1844,3246,100.0,0.4,100.0,25.815,0.359,67572,49254,0.0,0.0,0.0,0.000,0.000,164001,82786,58.7,64.0,66.1,83.0,0.870,20.682,20.673,20.691,21.258,9.554,9.602,8.683,18.291,3.000,11.693,7.790,7.821,100.000,140.000,2175.0,2150.2,1875.0,2175.0,1890.0,0.0,0.0,0.0,0.0,12.1,0.0,0.0,0.0,0.0,0.0,Yes,No,No,No,No,Yes,No,0,0,0,0,0,0,0,0,0,0,0,0,0,0,0,0,0,0,0,0,0,0,0,0,0,0,0,0,0,0,7199,989,755,65,16.0,64,0.300,42.987,550.0,2194.0,0.1,0.0,0.0,0.0,0.0,0.0,0.0,0.0,0.8,127,16065,127,No,No,No,No,No,No,No,No,16.746,68.277,100.0,0.000,24.1,0,0,0,0.0,1.0,1.0,1.0,1.0,1.0,1.0,1.0,1.0,1.0,1.0,1.0,1.0,1004.12,1004.12,1004.12,1004.12,1004.12,1004.12,0.44,1003.69,1004.12,0.00,820.99,648,7,0.2,0.4,0,0,0.0,0.0,0,
9.6.2026,13:39:17.058,20648,28120,42.3,17290,15094,53.3,10.5,16384,1714,0.865,0.881,0.865,0.868,0.878,0.869,0.867,0.867,0.867,0.867,0.857,0.857,0.857,0.857,0.862,0.818,0.778,2757.5,3192.2,3092.4,3092.4,3092.4,3092.4,3092.4,2493.9,2493.9,2493.9,2493.9,2493.9,2493.9,2493.9,2493.9,99.8,2593.7,2872.5,3117.5,3123.6,3128.1,3126.8,3121.5,3127.7,3123.7,3125.6,3126.8,3128.5,3128.2,3116.3,2427.1,2502.3,2510.6,2516.5,2497.6,2499.0,2501.8,2501.6,2965.7,99.9,99.7,99.9,99.9,99.9,100.0,100.0,99.9,100.0,99.9,100.0,100.0,99.6,99.4,99.8,99.8,99.9,99.9,100.0,99.9,100.0,100.0,99.9,100.0,124.5,118.7,118.9,119.0,119.0,119.0,119.0,118.9,118.9,119.0,119.0,119.0,118.6,133.0,133.4,133.5,133.6,132.3,132.4,132.4,132.5,124.5,27.6,32.0,31.0,31.0,31.0,31.0,31.0,25.0,25.0,25.0,25.0,25.0,25.0,25.0,25.0,26.0,68,70,68,69,67,68,68,67,68,68,68,66,66,66,66,32,30,32,31,33,32,32,33,32,32,32,34,34,34,34,76,70,No,No,No,No,No,No,No,No,No,No,No,No,No,No,No,No,No,No,No,No,No,No,No,No,No,No,No,No,No,No,Yes,Yes,Yes,Yes,Yes,Yes,Yes,Yes,Yes,Yes,Yes,Yes,Yes,Yes,Yes,No,No,Yes,76,71,64,1.100,42.188,43.531,36.088,0.001,5.647,0.751,175.0,175.0,175.0,175.0,0,0.0,99.4,99.4,99.6,99.7,99.7,99.6,99.8,99.7,99.8,99.7,99.8,99.8,99.4,95.8,98.8,99.1,99.3,99.5,99.5,99.6,99.6,0.1,0.0,0.0,0.0,0.0,0.0,0.0,0.5,0.2,0.1,0.1,0.1,0.0,0.1,0.0,0.0,0.0,0.0,0.0,0.0,0.0,0.0,0.0,0.0,0.0,0.0,0.0,0.0,0.0,0.0,0.0,0.0,0.0,0.0,0.0,0.0,0.0,2194.6,22.00,32,32,32,62,103,351,2,2,Yes,No,No,No,No,No,No,No,Yes,No,No,No,No,Yes,No,No,No,No,No,No,No,Yes,No,No,No,No,No,No,No,No,No,No,No,No,No,No,No,No,92.0,4440,2520,4260,71.8,1.110,1.110,1.800,1.815,0.990,5.110,1.625,No,No,No,72.0,1.110,1.110,1.800,1.815,0.990,5.110,2.750,No,No,No,48,48,94.0,100.0,No,No,32156,47958,37,70,99.0,100.0,No,No,1844,3246,100.0,0.4,100.0,25.483,0.267,67620,49255,0.0,0.0,0.0,0.000,0.000,164001,82786,58.7,64.0,66.1,83.0,0.870,20.666,20.661,20.671,21.300,9.581,9.630,8.719,18.376,3.000,11.736,7.788,7.821,100.000,140.000,2175.0,2150.2,1875.0,2175.0,1890.0,0.0,0.0,0.0,0.0,12.1,0.0,0.1,0.0,0.0,0.0,Yes,No,No,No,No,Yes,No,0,0,0,0,0,0,0,0,0,0,0,0,0,0,0,0,0,0,0,0,0,0,0,0,0,0,0,0,0,0,7199,989,755,65,16.0,64,0.300,43.028,600.0,2194.0,0.1,0.0,0.0,0.0,0.0,0.0,0.0,0.0,0.8,127,16065,127,No,No,No,No,No,No,No,No,16.747,68.277,100.0,0.000,24.1,0,0,0,0.0,1.2,1.2,1.2,1.2,1.2,1.2,1.2,1.2,1.2,1.2,1.2,1.2,851.43,851.43,851.43,851.43,851.43,851.43,1.12,850.27,850.67,0.76,156.34,648,7,0.4,0.3,0,0,0.0,0.0,0,
9.6.2026,13:39:19.051,20643,28125,42.3,17292,15091,53.3,10.5,16384,1714,0.863,0.872,0.858,0.870,0.866,0.865,0.869,0.865,0.860,0.860,0.860,0.861,0.861,0.861,0.861,0.808,0.783,2750.4,3092.4,3092.4,3092.4,3092.4,3092.4,3092.4,2493.9,2493.9,2493.9,2493.9,2493.9,2493.9,2493.9,2493.9,99.8,2493.9,2863.2,3109.5,3110.7,3114.1,3114.1,3108.6,3114.7,3111.3,3111.0,3114.1,3114.1,3114.5,3114.5,2436.1,2497.6,2507.6,2509.4,2488.8,2490.7,2491.3,2491.3,2956.4,100.0,100.0,100.0,100.0,100.0,100.0,100.0,100.0,100.0,100.0,100.0,100.0,100.0,100.0,100.0,100.0,100.0,100.0,100.0,100.0,100.0,100.0,100.0,100.0,124.0,118.4,118.4,118.5,118.5,118.4,118.4,118.3,118.3,118.4,118.4,118.4,118.4,133.0,133.1,133.1,133.1,131.9,131.9,131.8,131.9,124.0,27.6,31.0,31.0,31.0,31.0,31.0,31.0,25.0,25.0,25.0,25.0,25.0,25.0,25.0,25.0,25.0,67,70,68,69,66,67,67,67,67,67,67,65,65,65,66,33,30,32,31,34,33,33,33,33,33,33,35,35,35,34,76,70,No,No,No,No,No,No,No,No,No,No,No,No,No,No,No,No,No,No,No,No,No,No,No,No,No,No,No,No,No,No,Yes,Yes,Yes,Yes,Yes,Yes,Yes,Yes,Yes,Yes,Yes,Yes,Yes,Yes,Yes,No,No,Yes,76,70,64,1.100,44.719,43.467,36.156,0.001,5.657,0.767,175.0,175.0,175.0,175.0,0,0.0,99.5,99.6,99.7,99.8,99.8,99.6,99.8,99.8,99.8,99.8,99.8,99.8,99.8,96.6,99.0,99.4,99.5,99.6,99.6,99.7,99.7,0.0,0.0,0.0,0.0,0.0,0.0,0.0,0.0,0.0,0.0,0.0,0.0,0.0,0.0,0.0,0.0,0.0,0.0,0.0,0.0,0.0,0.0,0.0,0.0,0.0,0.0,0.0,0.0,0.0,0.0,0.0,0.0,0.0,0.0,0.0,0.0,0.0,2394.1,24.00,36,35,35,68,103,383,2,2,Yes,No,No,No,No,No,No,No,Yes,No,No,No,No,Yes,No,No,No,No,No,No,No,Yes,No,No,No,No,No,No,No,No,No,No,No,No,No,No,No,No,93.0,4380,2520,4200,71.8,1.095,1.110,1.800,1.815,0.990,5.110,1.500,No,No,No,72.0,1.095,1.110,1.800,1.815,0.990,5.110,1.375,No,No,No,49,49,94.0,100.0,No,No,32156,47958,37,70,99.0,100.0,No,No,1844,3246,100.0,0.1,100.0,25.762,0.040,67670,49255,0.0,0.0,0.0,0.000,0.000,164001,82786,58.7,64.0,66.0,83.0,0.870,20.671,20.665,20.676,21.339,9.569,9.629,8.700,18.340,3.000,11.705,7.791,7.821,100.000,140.000,2175.0,2150.2,1875.0,2175.0,1890.0,0.0,0.0,0.0,0.0,12.1,0.0,0.0,0.0,0.0,0.0,Yes,No,No,No,No,Yes,No,0,0,0,0,0,0,0,0,0,0,0,0,0,0,0,0,0,0,0,0,0,0,0,0,0,0,0,0,0,0,7199,989,755,65,16.0,65,0.300,46.214,550.0,2394.0,0.1,0.0,0.0,0.0,0.0,0.0,0.0,0.0,0.8,127,16065,127,No,No,No,No,No,No,No,No,16.746,68.277,100.0,0.000,24.1,0,0,0,0.0,1.2,1.2,1.2,1.2,1.2,1.2,1.2,1.2,1.2,1.2,1.2,1.2,851.43,851.43,851.43,851.43,851.43,851.43,1.12,850.27,850.67,0.76,156.34,648,7,0.1,0.0,0,0,0.0,0.0,0,
9.6.2026,13:39:21.046,20641,28126,42.3,17278,15105,53.3,10.5,16384,1714,0.873,0.878,0.877,0.866,0.877,0.865,0.873,0.875,0.865,0.865,0.865,0.865,0.885,0.883,0.885,0.818,0.783,2672.0,3192.2,3192.2,3092.4,3192.2,3092.4,3092.4,2493.9,2493.9,2493.9,2493.9,2493.9,2493.9,2493.9,1097.3,99.8,2593.7,2868.3,3117.1,3116.8,3118.4,3119.5,3114.3,3120.2,3114.8,3115.2,3120.6,3120.7,3120.2,3120.6,2438.4,2504.3,2514.8,2516.4,2492.5,2493.2,2492.7,2494.7,2962.0,100.0,100.0,100.0,100.0,100.0,100.0,100.0,100.0,100.0,100.0,100.0,100.0,100.0,99.9,100.0,100.0,100.0,100.0,100.0,100.0,100.0,100.0,100.0,100.0,124.2,118.7,118.7,118.7,118.7,118.6,118.6,118.5,118.5,118.6,118.6,118.6,118.6,133.3,133.3,133.3,133.3,132.0,132.0,132.0,132.0,124.2,26.8,32.0,32.0,31.0,32.0,31.0,31.0,25.0,25.0,25.0,25.0,25.0,25.0,25.0,11.0,26.0,67,70,68,68,67,69,67,68,67,68,68,66,66,66,66,33,30,32,32,33,31,33,32,33,32,32,34,34,34,34,76,70,No,No,No,No,No,No,No,No,No,No,No,No,No,No,No,No,No,No,No,No,No,No,No,No,No,No,No,No,No,No,Yes,Yes,Yes,Yes,Yes,Yes,Yes,Yes,Yes,Yes,Yes,Yes,Yes,Yes,Yes,No,No,Yes,76,69,65,1.100,45.563,45.849,38.569,0.001,5.632,0.747,175.0,175.0,175.0,175.0,0,0.0,99.5,99.7,99.7,99.7,99.8,99.6,99.8,99.8,99.8,99.8,99.8,99.8,99.8,96.4,99.0,99.4,99.5,99.6,99.6,99.6,99.7,0.0,0.0,0.0,0.0,0.0,0.0,0.0,0.0,0.0,0.0,0.0,0.0,0.0,0.0,0.0,0.0,0.0,0.0,0.0,0.0,0.0,0.0,0.0,0.0,0.0,0.0,0.0,0.0,0.0,0.0,0.0,0.0,0.0,0.0,0.0,0.0,0.0,2394.1,24.00,36,35,35,68,103,383,2,2,Yes,No,No,No,No,No,No,No,Yes,No,No,No,No,Yes,No,No,No,No,No,No,No,Yes,No,No,No,No,No,No,No,No,No,No,No,No,No,No,No,No,92.0,4320,2520,4200,72.0,1.095,1.110,1.800,1.815,0.990,5.110,1.375,No,No,No,72.0,1.095,1.110,1.800,1.815,0.990,5.110,1.000,No,No,No,48,48,94.0,100.0,No,No,32156,47958,37,70,99.0,100.0,No,No,1844,3246,100.0,0.2,100.0,26.224,0.060,67721,49255,0.0,0.0,0.0,0.000,0.000,164001,82786,58.8,64.0,66.1,83.0,0.870,20.674,20.667,20.681,21.346,9.634,9.689,8.804,18.509,3.000,11.809,7.807,7.822,100.000,140.000,2175.0,2150.2,1875.0,2175.0,1890.0,1.0,0.0,0.0,0.0,12.1,0.0,0.0,0.0,0.0,0.0,Yes,No,No,No,No,Yes,No,0,0,0,0,0,0,0,0,0,0,0,0,0,0,0,0,0,0,0,0,0,0,0,0,0,0,0,0,0,0,7199,989,755,64,16.0,64,0.300,44.712,600.0,2394.0,0.1,0.0,0.0,0.0,0.0,0.0,0.0,0.0,0.8,127,16065,127,No,No,No,No,No,No,No,No,16.748,68.277,100.0,0.000,24.1,0,0,0,0.0,1.2,1.2,1.2,1.2,1.2,1.2,1.2,1.2,1.2,1.2,1.2,1.2,851.43,851.43,851.43,851.43,851.43,851.43,1.12,850.27,850.67,0.76,156.34,648,7,0.0,0.0,0,0,0.0,0.0,0,
9.6.2026,13:39:23.056,20642,28125,42.3,17285,15099,53.3,10.5,16384,1714,0.869,0.896,0.869,0.880,0.868,0.861,0.867,0.868,0.869,0.869,0.867,0.860,0.860,0.867,0.869,0.816,0.781,2757.5,3192.2,3092.4,3092.4,3092.4,3092.4,3092.4,2493.9,2493.9,2493.9,2493.9,2493.9,2493.9,2493.9,2493.9,99.8,2593.7,2871.1,3121.6,3119.9,3123.3,3123.6,3116.7,3123.6,3118.2,3121.8,3122.9,3122.9,3121.5,3122.7,2424.6,2493.5,2509.9,2516.8,2503.5,2502.6,2505.8,2506.0,2962.7,100.0,100.0,100.0,100.0,100.0,100.0,100.0,99.9,100.0,100.0,100.0,99.9,100.0,99.7,99.9,100.0,100.0,100.0,99.9,100.0,100.0,100.0,100.0,100.0,124.5,118.8,118.8,118.8,118.8,118.8,118.8,118.7,118.8,118.8,118.8,118.8,118.8,133.2,133.5,133.6,133.6,132.6,132.6,132.7,132.6,124.5,27.6,32.0,31.0,31.0,31.0,31.0,31.0,25.0,25.0,25.0,25.0,25.0,25.0,25.0,25.0,26.0,68,68,69,69,67,68,69,67,67,67,67,66,66,68,68,32,32,31,31,33,32,31,33,33,33,33,34,34,32,32,77,69,No,No,No,No,No,No,No,No,No,No,No,No,No,No,No,No,No,No,No,No,No,No,No,No,No,No,No,No,No,No,Yes,Yes,Yes,Yes,Yes,Yes,Yes,Yes,Yes,Yes,Yes,Yes,Yes,Yes,Yes,No,No,Yes,76,70,64,1.100,48.938,45.429,38.149,0.001,5.647,0.750,175.0,175.0,175.0,175.0,0,0.0,99.4,99.7,99.7,99.8,99.8,99.6,99.8,99.7,99.8,99.8,99.8,99.8,99.8,95.8,98.5,99.2,99.5,99.6,99.5,99.7,99.7,0.0,0.0,0.0,0.0,0.0,0.0,0.0,0.3,0.1,0.0,0.0,0.0,0.0,0.0,0.0,0.0,0.0,0.0,0.0,0.0,0.0,0.0,0.0,0.0,0.0,0.0,0.0,0.0,0.0,0.0,0.0,0.0,0.0,0.0,0.0,0.0,0.0,2194.6,22.00,32,32,32,62,103,351,2,2,Yes,No,No,No,No,No,No,No,Yes,No,No,No,No,Yes,No,No,No,No,No,No,No,Yes,No,No,No,No,No,No,No,No,No,No,No,No,No,No,No,No,93.0,4440,2460,4200,72.0,1.095,1.110,1.815,1.815,0.990,5.110,1.625,No,No,No,72.0,1.095,1.110,1.800,1.815,0.990,5.110,1.875,No,No,No,48,48,94.0,100.0,No,No,32156,47958,37,70,99.0,100.0,No,No,1844,3246,100.0,0.1,100.0,25.981,0.024,67771,49255,0.0,0.0,0.0,0.000,0.000,164001,82786,58.7,64.0,66.1,83.0,0.870,20.679,20.672,20.687,21.272,9.560,9.593,8.703,18.308,3.000,11.704,7.789,7.821,100.000,140.000,2175.0,2150.2,1875.0,2175.0,1890.0,0.0,0.0,0.0,0.0,12.1,0.0,0.0,0.0,0.0,0.0,Yes,No,No,No,No,Yes,No,0,0,0,0,0,0,0,0,0,0,0,0,0,0,0,0,0,0,0,0,0,0,0,0,0,0,0,0,0,0,7199,989,755,64,16.0,65,0.300,47.707,600.0,2194.0,0.1,0.0,0.0,0.0,0.0,0.0,0.0,0.0,0.8,127,16065,127,No,No,No,No,No,No,No,No,16.748,68.277,100.0,0.000,24.1,0,0,0,0.0,1.2,1.2,1.2,1.2,1.2,1.2,1.2,1.2,1.2,1.2,1.2,1.2,851.43,851.43,851.43,851.43,851.43,851.43,1.12,850.27,850.67,0.76,156.34,648,7,0.0,0.0,0,0,0.0,0.0,0,
9.6.2026,13:39:25.049,20645,28122,42.3,17291,15093,53.3,10.5,16384,1714,0.870,0.874,0.874,0.885,0.881,0.876,0.867,0.866,0.866,0.867,0.867,0.867,0.862,0.862,0.862,0.808,0.783,2764.7,3092.4,3092.4,3092.4,3192.2,3192.2,3092.4,2493.9,2493.9,2493.9,2493.9,2493.9,2493.9,2493.9,2493.9,99.8,2493.9,2874.5,3120.2,3120.7,3124.6,3125.7,3119.8,3126.5,3122.6,3123.0,3128.1,3128.3,3125.1,3128.1,2439.7,2506.2,2516.2,2520.2,2501.6,2504.2,2503.6,2505.5,2967.2,100.0,100.0,100.0,100.0,100.0,100.0,100.0,100.0,100.0,100.0,100.0,99.9,100.0,99.7,99.8,100.0,100.0,100.0,100.0,99.9,100.0,100.0,100.0,100.0,124.5,118.8,118.8,118.9,118.9,118.9,118.9,118.7,118.7,118.9,118.9,118.8,118.9,133.3,133.4,133.5,133.5,132.4,132.4,132.4,132.4,124.5,27.7,31.0,31.0,31.0,32.0,32.0,31.0,25.0,25.0,25.0,25.0,25.0,25.0,25.0,25.0,25.0,67,69,68,68,67,69,68,68,68,68,67,66,66,66,66,33,31,32,32,33,31,32,32,32,32,33,34,34,34,34,76,69,No,No,No,No,No,No,No,No,No,No,No,No,No,No,No,No,No,No,No,No,No,No,No,No,No,No,No,No,No,No,Yes,Yes,Yes,Yes,Yes,Yes,Yes,Yes,Yes,Yes,Yes,Yes,Yes,Yes,Yes,No,No,Yes,76,70,64,1.100,44.719,45.818,38.677,0.001,5.554,0.700,175.0,175.0,175.0,175.0,0,0.0,99.5,99.6,99.7,99.8,99.8,99.6,99.8,99.8,99.8,99.8,99.8,99.7,99.8,96.3,98.9,99.3,99.5,99.6,99.7,99.6,99.7,0.0,0.0,0.0,0.0,0.0,0.0,0.0,0.2,0.1,0.0,0.0,0.0,0.0,0.1,0.0,0.0,0.0,0.0,0.0,0.0,0.0,0.0,0.0,0.0,0.0,0.0,0.0,0.0,0.0,0.0,0.0,0.0,0.0,0.0,0.0,0.0,0.0,2394.1,24.00,36,35,35,68,103,383,2,2,Yes,No,No,No,No,No,No,No,Yes,No,No,No,No,Yes,No,No,No,No,No,No,No,Yes,No,No,No,No,No,No,No,No,No,No,No,No,No,No,No,No,94.0,4380,2520,4200,72.0,1.095,1.110,1.815,1.815,0.990,5.110,1.750,No,No,No,72.0,1.095,1.110,1.815,1.815,0.990,5.110,2.750,No,No,No,49,49,94.0,100.0,No,No,32156,47958,37,70,99.0,100.0,No,No,1844,3246,100.0,0.1,100.0,25.762,0.043,67819,49255,0.0,0.0,0.0,0.000,0.000,164001,82786,58.8,64.0,66.1,83.0,0.870,20.675,20.668,20.683,21.333,9.551,9.600,8.680,18.283,3.000,11.685,7.790,7.821,100.000,140.000,2175.0,2150.2,1875.0,2175.0,1890.0,0.0,0.0,0.0,0.0,12.1,0.0,0.0,0.0,0.0,0.0,Yes,No,No,No,No,Yes,No,0,0,0,0,0,0,0,0,0,0,0,0,0,0,0,0,0,0,0,0,0,0,0,0,0,0,0,0,0,0,7199,989,755,64,16.0,64,0.300,44.114,600.0,2394.0,0.1,0.0,0.0,0.0,0.0,0.0,0.0,0.0,0.8,127,16065,127,No,No,No,No,No,No,No,No,16.748,68.277,100.0,0.000,24.1,0,0,0,0.0,1.2,1.2,1.2,1.2,1.2,1.2,1.2,1.2,1.2,1.2,1.2,1.2,852.52,852.52,852.52,852.52,852.52,852.52,1.14,851.33,851.80,0.72,153.99,648,7,0.0,0.0,0,0,0.0,0.0,0,
9.6.2026,13:39:27.045,20642,28126,42.3,17301,15082,53.4,10.5,16384,1714,0.869,0.871,0.877,0.859,0.869,0.861,0.873,0.862,0.877,0.880,0.862,0.863,0.863,0.878,0.869,0.818,0.783,2793.2,3192.2,3192.2,3092.4,3192.2,3092.4,3192.2,2493.9,2593.7,2593.7,2493.9,2493.9,2493.9,2493.9,2493.9,99.8,2593.7,2856.6,3104.6,3105.9,3106.9,3107.8,3102.6,3108.1,3103.4,3103.7,3107.1,3107.1,3107.9,3108.0,2418.9,2484.2,2495.8,2502.2,2488.2,2490.4,2489.2,2490.7,2948.4,100.0,100.0,100.0,100.0,100.0,100.0,100.0,100.0,100.0,100.0,100.0,100.0,100.0,100.0,100.0,100.0,100.0,100.0,100.0,100.0,100.0,100.0,100.0,100.0,123.8,118.2,118.2,118.2,118.2,118.2,118.2,118.1,118.1,118.2,118.2,118.2,118.2,132.7,132.8,132.8,132.8,131.9,131.9,131.9,131.9,123.8,28.0,32.0,32.0,31.0,32.0,31.0,32.0,25.0,26.0,26.0,25.0,25.0,25.0,25.0,25.0,26.0,67,70,69,69,68,68,68,67,68,67,67,66,65,66,66,33,30,31,31,32,32,32,33,32,33,33,34,35,34,34,76,70,No,No,No,No,No,No,No,No,No,No,No,No,No,No,No,No,No,No,No,No,No,No,No,No,No,No,No,No,No,No,Yes,Yes,Yes,Yes,Yes,Yes,Yes,Yes,Yes,Yes,Yes,Yes,Yes,Yes,Yes,No,No,Yes,76,70,64,1.100,43.876,45.058,37.795,0.001,5.633,0.738,175.0,175.0,175.0,175.0,0,0.0,99.5,99.7,99.7,99.8,99.8,99.6,99.8,99.8,99.8,99.8,99.8,99.8,99.8,96.1,98.7,99.2,99.5,99.6,99.7,99.6,99.7,0.0,0.0,0.0,0.0,0.0,0.0,0.0,0.0,0.0,0.0,0.0,0.0,0.0,0.0,0.0,0.0,0.0,0.0,0.0,0.0,0.0,0.0,0.0,0.0,0.0,0.0,0.0,0.0,0.0,0.0,0.0,0.0,0.0,0.0,0.0,0.0,0.0,2194.6,22.00,32,32,32,62,103,351,2,2,Yes,No,No,No,No,No,No,No,Yes,No,No,No,No,Yes,No,No,No,No,No,No,No,Yes,No,No,No,No,No,No,No,No,No,No,No,No,No,No,No,No,93.0,4440,2520,4200,72.0,1.095,1.110,1.815,1.815,1.005,5.110,3.250,No,No,No,72.0,1.095,1.110,1.815,1.815,1.005,5.110,1.375,No,No,No,49,49,94.0,100.0,No,No,32156,47958,37,70,99.0,100.0,No,No,1844,3246,100.0,0.2,100.0,25.276,0.151,67868,49255,0.0,0.0,0.0,0.000,0.000,164001,82786,58.8,64.0,66.1,83.0,0.870,20.670,20.665,20.676,21.306,9.546,9.579,8.679,18.257,3.000,11.684,7.794,7.827,100.000,140.000,2175.0,2150.2,1875.0,2175.0,1890.0,0.0,0.0,0.0,0.0,12.1,0.0,0.0,0.0,0.0,0.0,Yes,No,No,No,No,Yes,No,0,0,0,0,0,0,0,0,0,0,0,0,0,0,0,0,0,0,0,0,0,0,0,0,0,0,0,0,0,0,7199,989,755,64,16.0,63,0.300,45.170,550.0,2194.0,0.1,0.0,0.0,0.0,0.0,0.0,0.0,0.0,0.8,127,16065,127,No,No,No,No,No,No,No,No,16.747,68.277,100.0,0.000,24.1,0,0,0,0.0,1.2,1.2,1.2,1.2,1.2,1.2,1.2,1.2,1.2,1.2,1.2,1.2,852.52,852.52,852.52,852.52,852.52,852.52,1.14,851.33,851.80,0.72,153.99,648,7,0.7,0.0,0,0,0.0,0.0,0,
9.6.2026,13:39:29.054,20645,28123,42.3,17300,15084,53.4,10.5,16384,1714,0.876,0.874,0.875,0.900,0.871,0.880,0.868,0.870,0.870,0.879,0.879,0.880,0.880,0.872,0.869,0.818,0.783,2807.4,3192.2,3192.2,3192.2,3092.4,3092.4,3192.2,2593.7,2593.7,2593.7,2593.7,2493.9,2493.9,2493.9,2493.9,99.8,2593.7,2864.2,3109.3,3109.7,3111.6,3113.3,3107.1,3113.8,3110.5,3110.4,3113.8,3114.4,3113.9,3114.9,2433.5,2492.5,2506.0,2512.4,2499.8,2500.4,2498.8,2498.7,2955.5,100.0,100.0,100.0,100.0,100.0,100.0,100.0,100.0,100.0,100.0,100.0,100.0,100.0,99.9,99.8,99.9,100.0,100.0,100.0,99.9,99.9,100.0,100.0,100.0,124.0,118.4,118.4,118.3,118.4,118.3,118.4,118.2,118.2,118.4,118.4,118.4,118.4,132.9,132.7,132.9,133.0,132.2,132.2,132.1,132.1,124.0,28.1,32.0,32.0,32.0,31.0,31.0,32.0,26.0,26.0,26.0,26.0,25.0,25.0,25.0,25.0,26.0,67,69,68,69,66,68,68,68,68,68,68,66,66,66,66,33,31,32,31,34,32,32,32,32,32,32,34,34,34,34,76,69,No,No,No,No,No,No,No,No,No,No,No,No,No,No,No,No,No,No,No,No,No,No,No,No,No,No,No,No,No,No,Yes,Yes,Yes,Yes,Yes,Yes,Yes,Yes,Yes,Yes,Yes,Yes,Yes,Yes,Yes,No,No,Yes,76,70,64,1.100,34.594,45.100,37.878,0.001,5.607,0.725,175.0,175.0,175.0,175.0,0,0.0,99.5,99.7,99.7,99.7,99.8,99.6,99.8,99.8,99.8,99.8,99.8,99.8,99.8,96.4,98.8,99.3,99.5,99.6,99.6,99.6,99.6,0.0,0.0,0.0,0.0,0.0,0.0,0.0,0.1,0.2,0.1,0.0,0.0,0.0,0.1,0.1,0.0,0.0,0.0,0.0,0.0,0.0,0.0,0.0,0.0,0.0,0.0,0.0,0.0,0.0,0.0,0.0,0.0,0.0,0.0,0.0,0.0,0.0,2194.6,22.00,32,32,32,62,103,351,2,2,Yes,No,No,No,No,No,No,No,Yes,No,No,No,No,Yes,No,No,No,No,No,No,No,Yes,No,No,No,No,No,No,No,No,No,No,No,No,No,No,No,No,93.0,4440,2460,4260,72.0,1.095,1.110,1.815,1.815,1.005,5.040,2.750,No,No,No,72.0,1.095,1.110,1.815,1.815,1.005,5.040,1.625,No,No,No,49,49,94.0,100.0,No,No,32156,47958,37,70,99.0,100.0,No,No,1844,3246,100.0,0.2,100.0,25.309,0.204,67917,49256,0.0,0.0,0.0,0.000,0.000,164001,82786,58.7,64.0,66.0,83.0,0.870,20.670,20.664,20.677,21.330,9.570,9.624,8.700,18.340,3.000,11.709,7.793,7.827,100.000,140.000,2175.0,2150.2,1875.0,2175.0,1890.0,0.0,0.0,0.0,0.0,12.1,0.0,0.0,0.0,0.0,0.0,Yes,No,No,No,No,Yes,No,0,0,0,0,0,0,0,0,0,0,0,0,0,0,0,0,0,0,0,0,0,0,0,0,0,0,0,0,0,0,7199,989,755,64,16.0,65,0.300,44.849,550.0,2194.0,0.1,0.0,0.0,0.0,0.0,0.0,0.0,0.0,0.8,127,16065,127,No,No,No,No,No,No,No,No,16.746,68.277,100.0,0.000,24.1,0,0,0,0.0,1.2,1.2,1.2,1.2,1.2,1.2,1.2,1.2,1.2,1.2,1.2,1.2,852.52,852.52,852.52,852.52,852.52,852.52,1.14,851.33,851.80,0.72,153.99,648,7,0.0,0.2,0,0,0.0,0.0,0,
9.6.2026,13:39:31.046,20640,28127,42.3,17304,15080,53.4,10.5,16384,1714,0.882,0.881,0.875,0.865,0.868,0.879,0.885,0.887,0.887,0.888,0.881,0.886,0.868,0.892,0.902,0.818,0.783,2793.2,3192.2,3192.2,3092.4,3092.4,3092.4,3092.4,2593.7,2593.7,2593.7,2593.7,2493.9,2493.9,2493.9,2493.9,99.8,2593.7,2852.1,3097.7,3098.3,3100.9,3100.6,3097.1,3102.4,3097.5,3097.3,3102.1,3102.2,3101.5,3100.9,2422.1,2481.4,2490.7,2495.8,2486.8,2487.7,2489.0,2489.3,2943.0,100.0,100.0,100.0,100.0,100.0,100.0,100.0,100.0,100.0,100.0,100.0,100.0,100.0,100.0,100.0,100.0,100.0,100.0,100.0,100.0,100.0,100.0,100.0,100.0,123.7,118.0,118.0,118.0,118.0,118.1,118.0,117.9,117.9,118.0,118.1,118.0,118.0,132.4,132.4,132.4,132.4,131.9,131.9,131.9,131.9,123.7,28.0,32.0,32.0,31.0,31.0,31.0,31.0,26.0,26.0,26.0,26.0,25.0,25.0,25.0,25.0,26.0,67,69,69,69,67,66,68,67,67,67,67,66,66,66,66,33,31,31,31,33,34,32,33,33,33,33,34,34,34,34,76,69,No,No,No,No,No,No,No,No,No,No,No,No,No,No,No,No,No,No,No,No,No,No,No,No,No,No,No,No,No,No,Yes,Yes,Yes,Yes,Yes,Yes,Yes,Yes,Yes,Yes,Yes,Yes,Yes,Yes,Yes,No,No,Yes,77,69,65,1.100,43.032,44.750,37.544,0.001,5.597,0.723,175.0,175.0,175.0,175.0,0,0.0,99.5,99.7,99.7,99.8,99.8,99.6,99.8,99.8,99.8,99.8,99.8,99.8,99.8,96.6,99.0,99.4,99.6,99.5,99.6,99.6,99.6,0.0,0.0,0.0,0.0,0.0,0.0,0.0,0.0,0.0,0.0,0.0,0.0,0.0,0.0,0.0,0.0,0.0,0.0,0.0,0.0,0.0,0.0,0.0,0.0,0.0,0.0,0.0,0.0,0.0,0.0,0.0,0.0,0.0,0.0,0.0,0.0,0.0,2394.1,24.00,36,35,35,68,103,383,2,2,Yes,No,No,No,No,No,No,No,Yes,No,No,No,No,Yes,No,No,No,No,No,No,No,Yes,No,No,No,No,No,No,No,No,No,No,No,No,No,No,No,No,92.0,4440,2460,4260,72.0,1.095,1.110,1.815,1.815,1.005,5.040,1.875,No,No,No,72.2,1.095,1.110,1.815,1.815,1.005,5.040,1.750,No,No,No,49,49,94.0,100.0,No,No,32156,47958,37,70,99.0,100.0,No,No,1844,3246,100.0,0.0,100.0,25.871,0.130,67965,49256,0.0,0.0,0.0,0.000,0.000,164001,82786,58.8,64.0,66.1,83.0,0.870,20.674,20.667,20.681,21.310,9.558,9.604,8.680,18.303,3.000,11.698,7.795,7.827,100.000,140.000,2175.0,2150.2,1875.0,2175.0,1890.0,0.0,0.0,0.0,0.0,12.1,0.0,0.0,0.0,0.0,0.0,Yes,No,No,No,No,Yes,No,0,0,0,0,0,0,0,0,0,0,0,0,0,0,0,0,0,0,0,0,0,0,0,0,0,0,0,0,0,0,7199,989,755,64,16.0,65,0.300,46.670,550.0,2394.0,0.1,0.0,0.0,0.0,0.0,0.0,0.0,0.0,0.8,127,16065,127,No,No,No,No,No,No,No,No,16.746,68.277,100.0,0.000,24.1,0,0,0,0.0,1.2,1.2,1.2,1.2,1.2,1.2,1.2,1.2,1.2,1.2,1.2,1.2,852.52,852.52,852.52,852.52,852.52,852.52,1.14,851.33,851.80,0.72,153.99,648,7,0.1,0.3,0,0,0.0,0.0,0,
9.6.2026,13:39:33.055,20641,28126,42.3,17305,15079,53.4,10.5,16384,1714,0.874,0.874,0.872,0.878,0.884,0.896,0.879,0.868,0.868,0.869,0.869,0.869,0.869,0.869,0.869,0.818,0.781,2793.2,3192.2,3192.2,3192.2,3192.2,3192.2,3192.2,2493.9,2493.9,2493.9,2493.9,2493.9,2493.9,2493.9,2493.9,99.8,2593.7,2863.2,3112.0,3112.8,3112.4,3115.1,3110.8,3116.1,3108.5,3109.4,3115.6,3116.4,3117.3,3117.0,2435.6,2497.4,2510.4,2514.5,2485.7,2485.9,2485.6,2486.5,2957.6,100.0,100.0,100.0,100.0,100.0,100.0,100.0,100.0,100.0,100.0,100.0,100.0,100.0,99.9,100.0,100.0,100.0,100.0,100.0,100.0,100.0,100.0,100.0,100.0,124.0,118.5,118.5,118.4,118.5,118.5,118.5,118.2,118.2,118.4,118.5,118.5,118.4,133.0,133.1,133.1,133.1,131.6,131.6,131.6,131.6,124.0,28.0,32.0,32.0,32.0,32.0,32.0,32.0,25.0,25.0,25.0,25.0,25.0,25.0,25.0,25.0,26.0,67,69,69,69,68,68,68,67,67,67,67,66,66,66,66,33,31,31,31,32,32,32,33,33,33,33,34,34,34,34,76,69,No,No,No,No,No,No,No,No,No,No,No,No,No,No,No,No,No,No,No,No,No,No,No,No,No,No,No,No,No,No,Yes,Yes,Yes,Yes,Yes,Yes,Yes,Yes,Yes,Yes,Yes,Yes,Yes,Yes,Yes,No,No,Yes,76,69,64,1.100,32.907,49.208,42.004,0.001,5.585,0.718,175.0,175.0,175.0,175.0,0,0.0,99.5,99.7,99.7,99.7,99.8,99.6,99.8,99.8,99.8,99.8,99.8,99.8,99.8,96.5,98.9,99.4,99.6,99.7,99.7,99.6,99.7,0.0,0.0,0.0,0.0,0.0,0.0,0.0,0.1,0.0,0.0,0.0,0.0,0.0,0.0,0.0,0.0,0.0,0.0,0.0,0.0,0.0,0.0,0.0,0.0,0.0,0.0,0.0,0.0,0.0,0.0,0.0,0.0,0.0,0.0,0.0,0.0,0.0,2194.6,22.00,32,32,32,62,103,351,2,2,Yes,No,No,No,No,No,No,No,Yes,No,No,No,No,Yes,No,No,No,No,No,No,No,Yes,No,No,No,No,No,No,No,No,No,No,No,No,No,No,No,No,93.0,4440,2520,4260,72.0,1.095,1.095,1.815,1.815,1.005,5.040,1.375,No,No,No,72.2,1.095,1.110,1.815,1.815,1.005,5.040,1.625,No,No,No,49,49,94.0,100.0,No,No,32156,47959,37,70,99.0,100.0,No,No,1844,3246,100.0,0.2,100.0,25.232,0.041,68014,49256,0.0,0.0,0.0,0.000,0.000,164001,82786,58.8,64.0,66.2,83.0,0.870,20.674,20.667,20.681,21.318,9.557,9.606,8.680,18.302,3.000,11.694,7.793,7.826,100.000,140.000,2175.0,2150.2,1875.0,2175.0,1890.0,0.0,0.0,0.0,0.0,12.1,0.0,0.0,0.0,0.0,0.0,Yes,No,No,No,No,Yes,No,0,0,0,0,0,0,0,0,0,0,0,0,0,0,0,0,0,0,0,0,0,0,0,0,0,0,0,0,0,0,7199,989,755,64,16.0,64,0.300,44.829,550.0,2194.0,0.1,0.0,0.0,0.0,0.0,0.0,0.0,0.0,0.8,127,16065,127,No,No,No,No,No,No,No,No,16.748,68.277,100.0,0.000,24.1,0,0,0,0.0,1.2,1.2,1.2,1.2,1.2,1.2,1.2,1.2,1.2,1.2,1.2,1.2,852.52,852.52,852.52,852.52,852.52,852.52,1.14,851.33,851.80,0.72,153.99,648,7,0.1,0.0,0,0,0.0,0.0,0,
9.6.2026,13:39:35.051,20650,28118,42.3,17318,15065,53.4,10.5,16384,1714,0.872,0.873,0.869,0.869,0.869,0.871,0.871,0.870,0.870,0.871,0.871,0.871,0.870,0.887,0.880,0.808,0.781,2750.4,3092.4,3092.4,3092.4,3092.4,3092.4,3092.4,2493.9,2493.9,2493.9,2493.9,2493.9,2493.9,2493.9,2493.9,99.8,2493.9,2876.4,3128.3,3127.5,3130.2,3127.9,3124.8,3130.4,3122.4,3122.7,3128.8,3128.3,3129.2,3129.5,2447.0,2513.0,2516.4,2523.7,2498.0,2499.7,2500.3,2499.5,2970.6,100.0,100.0,100.0,100.0,99.9,100.0,100.0,100.0,100.0,100.0,100.0,100.0,100.0,99.9,100.0,100.0,100.0,100.0,100.0,100.0,100.0,100.0,100.0,100.0,124.7,119.1,119.1,119.1,119.0,119.1,119.1,118.8,118.8,119.1,119.0,119.1,119.1,133.9,133.9,133.9,133.9,132.3,132.3,132.3,132.3,124.7,27.6,31.0,31.0,31.0,31.0,31.0,31.0,25.0,25.0,25.0,25.0,25.0,25.0,25.0,25.0,25.0,67,69,69,70,67,67,69,68,67,67,67,66,66,66,66,33,31,31,30,33,33,31,32,33,33,33,34,34,34,34,76,70,No,No,No,No,No,No,No,No,No,No,No,No,No,No,No,No,No,No,No,No,No,No,No,No,No,No,No,No,No,No,Yes,Yes,Yes,Yes,Yes,Yes,Yes,Yes,Yes,Yes,Yes,Yes,Yes,Yes,Yes,No,No,Yes,76,69,64,1.100,46.407,42.839,35.714,0.001,5.538,0.698,175.0,175.0,175.0,175.0,0,0.0,99.5,99.7,99.7,99.8,99.7,99.6,99.8,99.8,99.8,99.8,99.8,99.8,99.8,96.5,99.1,99.2,99.5,99.6,99.7,99.7,99.7,0.0,0.0,0.0,0.0,0.0,0.0,0.0,0.0,0.0,0.0,0.0,0.0,0.0,0.0,0.0,0.0,0.0,0.0,0.0,0.0,0.0,0.0,0.0,0.0,0.0,0.0,0.0,0.0,0.0,0.0,0.0,0.0,0.0,0.0,0.0,0.0,0.0,2394.1,24.00,36,35,35,68,103,383,2,2,Yes,No,No,No,No,No,No,No,Yes,No,No,No,No,Yes,No,No,No,No,No,No,No,Yes,No,No,No,No,No,No,No,No,No,No,No,No,No,No,No,No,93.0,4440,2460,4200,72.0,1.095,1.095,1.800,1.815,1.005,5.040,2.750,No,No,No,72.0,1.095,1.095,1.800,1.815,1.005,5.040,1.500,No,No,No,49,49,94.0,100.0,No,No,32156,47959,37,70,99.0,100.0,No,No,1844,3246,100.0,0.1,100.0,26.018,0.037,68064,49256,0.0,0.0,0.0,0.000,0.000,164001,82786,58.8,64.0,66.1,83.0,0.870,20.681,20.672,20.689,21.279,9.540,9.571,8.662,18.248,3.000,11.678,7.794,7.827,100.000,140.000,2175.0,2150.2,1875.0,2175.0,1890.0,0.0,0.0,0.0,0.0,12.1,0.0,0.0,0.0,0.0,0.0,Yes,No,No,No,No,Yes,No,0,0,0,0,0,0,0,0,0,0,0,0,0,0,0,0,0,0,0,0,0,0,0,0,0,0,0,0,0,0,7199,989,755,64,16.0,65,0.300,45.048,550.0,2394.0,0.1,0.0,0.0,0.0,0.0,0.0,0.0,0.0,0.8,127,16065,127,No,No,No,No,No,No,No,No,16.748,68.277,100.0,0.000,24.1,0,0,0,0.0,1.2,1.2,1.2,1.2,1.2,1.2,1.2,1.2,1.2,1.2,1.2,1.2,852.52,852.52,852.52,852.52,852.52,852.52,1.14,851.33,851.80,0.72,153.99,648,7,0.3,0.2,0,0,0.0,0.0,0,
9.6.2026,13:39:37.056,20641,28127,42.3,17311,15073,53.4,10.5,16384,1714,0.872,0.881,0.864,0.867,0.861,0.870,0.873,0.866,0.866,0.877,0.877,0.877,0.877,0.878,0.878,0.818,0.783,2757.5,3192.2,3092.4,3092.4,3092.4,3092.4,3092.4,2493.9,2493.9,2493.9,2493.9,2493.9,2493.9,2493.9,2493.9,99.8,2593.7,2851.6,3099.3,3099.9,3102.8,3103.3,3097.3,3103.7,3100.0,3100.4,3102.6,3104.6,3103.4,3103.1,2411.3,2476.1,2490.2,2497.7,2482.1,2484.9,2485.1,2484.6,2943.5,100.0,100.0,100.0,100.0,100.0,100.0,100.0,100.0,100.0,99.9,100.0,100.0,100.0,99.9,100.0,100.0,99.9,100.0,100.0,100.0,100.0,100.0,100.0,100.0,123.6,118.0,118.0,118.0,118.0,118.0,118.0,117.9,117.9,118.0,118.0,118.0,118.0,132.4,132.5,132.5,132.4,131.5,131.5,131.5,131.5,123.6,27.6,32.0,31.0,31.0,31.0,31.0,31.0,25.0,25.0,25.0,25.0,25.0,25.0,25.0,25.0,26.0,67,69,67,69,66,68,68,67,67,67,67,66,66,66,66,33,31,33,31,34,32,32,33,33,33,33,34,34,34,34,77,69,No,No,No,No,No,No,No,No,No,No,No,No,No,No,No,No,No,No,No,No,No,No,No,No,No,No,No,No,No,No,Yes,Yes,Yes,Yes,Yes,Yes,Yes,Yes,Yes,Yes,Yes,Yes,Yes,Yes,Yes,No,No,Yes,76,70,65,1.100,43.032,45.400,38.197,0.001,5.595,0.726,175.0,175.0,175.0,175.0,0,0.0,99.4,99.7,99.7,99.8,99.8,99.6,99.8,99.8,99.8,99.7,99.8,99.8,99.8,96.0,98.6,99.1,99.4,99.5,99.7,99.7,99.6,0.0,0.0,0.0,0.0,0.0,0.0,0.0,0.1,0.0,0.0,0.1,0.0,0.0,0.0,0.0,0.0,0.0,0.0,0.0,0.0,0.0,0.0,0.0,0.0,0.0,0.0,0.0,0.0,0.0,0.0,0.0,0.0,0.0,0.0,0.0,0.0,0.0,2394.1,24.00,36,35,35,68,103,383,2,2,Yes,No,No,No,No,No,No,No,Yes,No,No,No,No,Yes,No,No,No,No,No,No,No,Yes,No,No,No,No,No,No,No,No,No,No,No,No,No,No,No,No,93.0,4380,2520,4200,72.0,1.095,1.095,1.800,1.815,1.005,5.040,1.125,No,No,No,72.0,1.095,1.095,1.800,1.800,1.005,5.040,1.250,No,No,No,49,49,94.0,100.0,No,No,32156,47959,37,70,99.0,100.0,No,No,1844,3246,100.0,0.1,100.0,25.549,0.103,68113,49256,0.0,0.0,0.0,0.000,0.000,164001,82786,58.8,64.0,66.1,83.0,0.870,20.674,20.667,20.680,21.354,9.629,9.599,8.721,18.323,3.000,11.729,8.203,7.826,100.000,140.000,2175.0,2150.2,1875.0,2175.0,1890.0,1.0,0.0,0.0,0.0,12.1,0.0,0.0,0.0,0.0,0.0,Yes,No,No,No,No,Yes,No,0,0,0,0,0,0,0,0,0,0,0,0,0,0,0,0,0,0,0,0,0,0,0,0,0,0,0,0,0,0,7199,989,755,64,16.0,65,0.300,46.111,550.0,2394.0,0.1,0.0,0.0,0.0,0.0,0.0,0.0,0.0,0.8,127,16065,127,No,No,No,No,No,No,No,No,16.747,68.277,100.0,0.000,24.1,0,0,0,0.0,1.2,1.2,1.2,1.2,1.2,1.2,1.2,1.2,1.2,1.2,1.2,1.2,852.52,852.52,852.52,852.52,852.52,852.52,1.14,851.33,851.80,0.72,153.99,648,7,0.1,0.0,0,0,0.0,0.0,0,
9.6.2026,13:39:39.054,20640,28128,42.3,17312,15071,53.4,10.5,16384,1714,0.874,0.859,0.871,0.892,0.861,0.867,0.887,0.882,0.887,0.871,0.870,0.871,0.869,0.872,0.872,0.808,0.781,2750.4,3092.4,3092.4,3092.4,3092.4,3092.4,3092.4,2493.9,2493.9,2493.9,2493.9,2493.9,2493.9,2493.9,2493.9,99.8,2493.9,2865.7,3112.8,3113.4,3112.4,3115.9,3109.9,3116.4,3114.2,3114.0,3114.3,3114.3,3114.4,3114.9,2426.3,2492.2,2501.9,2509.4,2502.9,2505.2,2502.9,2506.7,2956.0,100.0,100.0,100.0,100.0,100.0,100.0,100.0,100.0,100.0,100.0,100.0,100.0,100.0,99.9,99.9,100.0,100.0,100.0,100.0,100.0,100.0,100.0,100.0,100.0,124.2,118.5,118.5,118.5,118.5,118.5,118.5,118.5,118.5,118.5,118.5,118.5,118.5,133.0,133.0,133.1,133.1,132.6,132.6,132.6,132.6,124.2,27.6,31.0,31.0,31.0,31.0,31.0,31.0,25.0,25.0,25.0,25.0,25.0,25.0,25.0,25.0,25.0,68,70,68,70,67,67,68,67,67,68,68,66,68,68,66,32,30,32,30,33,33,32,33,33,32,32,34,32,32,34,76,70,No,No,No,No,No,No,No,No,No,No,No,No,No,No,No,No,No,No,No,No,No,No,No,No,No,No,No,No,No,No,Yes,Yes,Yes,Yes,Yes,Yes,Yes,Yes,Yes,Yes,Yes,Yes,Yes,Yes,Yes,No,No,Yes,77,70,65,1.100,42.188,46.755,39.635,0.001,5.541,0.688,175.0,175.0,175.0,175.0,0,0.0,99.5,99.7,99.7,99.7,99.8,99.6,99.8,99.8,99.8,99.8,99.8,99.8,99.8,96.2,98.8,99.2,99.5,99.5,99.6,99.6,99.7,0.0,0.0,0.0,0.0,0.0,0.0,0.0,0.0,0.0,0.0,0.0,0.0,0.0,0.0,0.0,0.0,0.0,0.0,0.0,0.0,0.0,0.0,0.0,0.0,0.0,0.0,0.0,0.0,0.0,0.0,0.0,0.0,0.0,0.0,0.0,0.0,0.0,2194.6,22.00,32,32,32,62,103,351,2,2,Yes,No,No,No,No,No,No,No,Yes,No,No,No,No,Yes,No,No,No,No,No,No,No,Yes,No,No,No,No,No,No,No,No,No,No,No,No,No,No,No,No,93.0,4320,2520,4200,71.8,1.095,1.095,1.800,1.815,1.005,5.040,1.625,No,No,No,72.0,1.095,1.095,1.800,1.815,1.005,5.040,1.500,No,No,No,49,49,94.0,100.0,No,No,32156,47959,37,70,99.0,100.0,No,No,1844,3246,100.0,0.1,100.0,25.514,0.029,68162,49256,0.0,0.0,0.0,0.000,0.000,164001,82786,58.8,64.0,66.1,83.0,0.870,20.674,20.668,20.681,21.373,9.576,9.615,8.722,18.344,3.000,11.728,7.795,7.826,100.000,140.000,2175.0,2150.2,1875.0,2175.0,1890.0,0.0,0.0,0.0,0.0,12.1,0.0,0.0,0.0,0.0,0.0,Yes,No,No,No,No,Yes,No,0,0,0,0,0,0,0,0,0,0,0,0,0,0,0,0,0,0,0,0,0,0,0,0,0,0,0,0,0,0,7199,989,755,64,16.0,65,0.300,46.308,550.0,2194.0,0.1,0.0,0.0,0.0,0.0,0.0,0.0,0.0,0.8,127,16065,127,No,No,No,No,No,No,No,No,16.746,68.277,100.0,0.000,24.1,0,0,0,0.0,1.2,1.2,1.2,1.2,1.2,1.2,1.2,1.2,1.2,1.2,1.2,1.2,852.52,852.52,852.52,852.52,852.52,852.52,1.14,851.33,851.80,0.72,153.99,648,7,0.4,0.0,0,0,0.0,0.0,0,
9.6.2026,13:39:41.046,20641,28127,42.3,17311,15073,53.4,10.5,16384,1714,0.879,0.884,0.876,0.871,0.870,0.879,0.874,0.884,0.878,0.883,0.883,0.885,0.885,0.885,0.870,0.818,0.783,2814.5,3192.2,3192.2,3092.4,3092.4,3192.2,3092.4,2493.9,2593.7,2593.7,2593.7,2593.7,2593.7,2593.7,2493.9,99.8,2593.7,2855.3,3103.0,3099.2,3105.2,3106.0,3100.8,3106.7,3105.1,3105.1,3107.1,3106.6,3106.3,3106.4,2417.1,2486.4,2493.9,2501.8,2488.0,2483.6,2488.8,2489.6,2947.3,100.0,100.0,100.0,100.0,100.0,100.0,100.0,100.0,100.0,100.0,100.0,100.0,100.0,100.0,100.0,100.0,100.0,100.0,100.0,100.0,100.0,100.0,100.0,100.0,123.7,118.1,118.1,118.1,118.1,118.2,118.1,118.1,118.1,118.1,118.1,118.1,118.1,132.6,132.6,132.6,132.6,131.7,131.7,131.7,131.7,123.7,28.2,32.0,32.0,31.0,31.0,32.0,31.0,25.0,26.0,26.0,26.0,26.0,26.0,26.0,25.0,26.0,68,69,69,69,67,68,68,67,68,68,68,68,68,68,68,32,31,31,31,33,32,32,33,32,32,32,32,32,32,32,77,69,No,No,No,No,No,No,No,No,No,No,No,No,No,No,No,No,No,No,No,No,No,No,No,No,No,No,No,No,No,No,Yes,Yes,Yes,Yes,Yes,Yes,Yes,Yes,Yes,Yes,Yes,Yes,Yes,Yes,Yes,No,No,Yes,77,71,66,1.100,45.563,45.842,38.603,0.001,5.618,0.733,175.0,175.0,175.0,175.0,0,0.0,99.5,99.7,99.6,99.8,99.8,99.6,99.8,99.8,99.8,99.8,99.8,99.8,99.8,96.1,98.9,99.2,99.5,99.6,99.4,99.6,99.7,0.0,0.0,0.0,0.0,0.0,0.0,0.0,0.0,0.0,0.0,0.0,0.0,0.0,0.0,0.0,0.0,0.0,0.0,0.0,0.0,0.0,0.0,0.0,0.0,0.0,0.0,0.0,0.0,0.0,0.0,0.0,0.0,0.0,0.0,0.0,0.0,0.0,2394.1,24.00,36,35,35,68,103,383,2,2,Yes,No,No,No,No,No,No,No,Yes,No,No,No,No,Yes,No,No,No,No,No,No,No,Yes,No,No,No,No,No,No,No,No,No,No,No,No,No,No,No,No,93.0,4440,2520,4260,71.8,1.095,1.095,1.800,1.815,1.005,5.110,1.625,No,No,No,72.0,1.095,1.095,1.800,1.815,1.005,5.110,3.000,No,No,No,49,49,94.0,100.0,No,No,32156,47959,37,70,99.0,100.0,No,No,1844,3246,100.0,0.1,100.0,25.305,0.030,68210,49256,0.0,0.0,0.0,0.000,0.000,164001,82786,58.8,64.0,66.1,83.0,0.870,20.670,20.664,20.676,21.343,9.572,9.605,8.720,18.340,3.000,11.724,7.788,7.827,100.000,140.000,2175.0,2150.2,1875.0,2175.0,1890.0,0.0,0.0,0.0,0.0,12.1,0.0,0.0,0.0,0.0,0.0,Yes,No,No,No,No,Yes,No,0,0,0,0,0,0,0,0,0,0,0,0,0,0,0,0,0,0,0,0,0,0,0,0,0,0,0,0,0,0,7199,989,755,64,16.0,64,0.300,46.983,600.0,2394.0,0.1,0.0,0.0,0.0,0.0,0.0,0.0,0.0,0.8,127,16065,127,No,No,No,No,No,No,No,No,16.747,68.277,100.0,0.000,24.1,0,0,0,0.0,1.2,1.2,1.2,1.2,1.2,1.2,1.2,1.2,1.2,1.2,1.2,1.2,852.52,852.52,852.52,852.52,852.52,852.52,1.14,851.33,851.80,0.72,153.99,648,7,0.0,0.0,0,0,0.0,0.0,0,
9.6.2026,13:39:43.057,20643,28124,42.3,17320,15063,53.4,10.5,16384,1714,0.876,0.902,0.877,0.881,0.881,0.880,0.871,0.876,0.876,0.869,0.869,0.869,0.870,0.870,0.870,0.818,0.783,2786.0,3192.2,3192.2,3192.2,3192.2,3192.2,3092.4,2493.9,2493.9,2493.9,2493.9,2493.9,2493.9,2493.9,2493.9,99.8,2593.7,2882.9,3127.1,3123.6,3129.0,3131.8,3127.3,3132.5,3127.7,3129.5,3131.6,3132.9,3133.4,3134.1,2447.6,2513.2,2526.3,2531.9,2519.1,2519.3,2519.4,2521.2,2973.7,99.9,100.0,99.9,99.9,100.0,100.0,100.0,99.9,100.0,99.9,99.9,100.0,100.0,99.7,99.9,99.9,100.0,100.0,100.0,100.0,100.0,100.0,99.9,100.0,124.8,119.1,118.9,119.0,119.1,119.1,119.1,118.9,119.0,119.0,119.0,119.0,119.1,133.7,133.9,133.9,133.9,133.2,133.2,133.2,133.2,124.8,27.9,32.0,32.0,32.0,32.0,32.0,31.0,25.0,25.0,25.0,25.0,25.0,25.0,25.0,25.0,26.0,68,68,67,70,68,70,68,67,67,67,67,68,68,68,68,32,32,33,30,32,30,32,33,33,33,33,32,32,32,32,76,70,No,No,No,No,No,No,No,No,No,No,No,No,No,No,No,No,No,No,No,No,No,No,No,No,No,No,No,No,No,No,Yes,Yes,Yes,Yes,Yes,Yes,Yes,Yes,Yes,Yes,Yes,Yes,Yes,Yes,Yes,No,No,Yes,77,70,64,1.100,43.032,45.525,38.554,0.001,5.538,0.699,175.0,175.0,175.0,175.0,0,0.0,99.5,99.7,99.6,99.7,99.8,99.6,99.8,99.7,99.8,99.7,99.8,99.8,99.8,96.3,98.9,99.4,99.6,99.6,99.6,99.6,99.7,0.0,0.0,0.0,0.0,0.0,0.0,0.0,0.2,0.0,0.0,0.0,0.0,0.0,0.0,0.0,0.0,0.0,0.0,0.0,0.0,0.0,0.0,0.0,0.0,0.0,0.0,0.0,0.0,0.0,0.0,0.0,0.0,0.0,0.0,0.0,0.0,0.0,2394.1,24.00,36,35,35,68,103,383,2,2,Yes,No,No,No,No,No,No,No,Yes,No,No,No,No,Yes,No,No,No,No,No,No,No,Yes,No,No,No,No,No,No,No,No,No,No,No,No,No,No,No,No,92.0,4500,2460,4320,71.8,1.095,1.095,1.800,1.815,1.005,5.110,2.875,No,No,No,72.0,1.095,1.095,1.800,1.815,1.005,5.110,1.375,No,No,No,49,49,94.0,100.0,No,No,32156,47959,37,70,99.0,100.0,No,No,1844,3246,100.0,0.1,100.0,25.694,0.037,68260,49256,0.0,0.0,0.0,0.000,0.000,164001,82786,58.8,64.0,66.2,83.0,0.870,20.677,20.670,20.685,21.406,9.583,9.632,8.723,18.368,3.000,11.739,7.792,7.827,100.000,140.000,2175.0,2150.2,1875.0,2175.0,1890.0,1.0,0.0,0.0,0.0,12.1,0.0,0.1,0.0,0.0,0.0,Yes,No,No,No,No,Yes,No,0,0,0,0,0,0,0,0,0,0,0,0,0,0,0,0,0,0,0,0,0,0,0,0,0,0,0,0,0,0,7199,989,755,64,16.0,65,0.300,44.470,600.0,2394.0,0.1,0.0,0.0,0.0,0.0,0.0,0.0,0.0,0.8,127,16065,127,No,No,No,No,No,No,No,No,16.748,68.277,100.0,0.000,24.1,0,0,0,0.0,1.2,1.2,1.2,1.2,1.2,1.2,1.2,1.2,1.2,1.2,1.2,1.2,852.52,852.52,852.52,852.52,852.52,852.52,1.14,851.33,851.80,0.72,153.99,648,7,0.0,0.0,0,0,0.0,0.0,0,
9.6.2026,13:39:45.050,20644,28124,42.3,17303,15080,53.4,10.5,16384,1714,0.870,0.876,0.872,0.871,0.885,0.875,0.872,0.872,0.872,0.865,0.862,0.862,0.862,0.867,0.867,0.808,0.778,2750.4,3092.4,3092.4,3092.4,3092.4,3092.4,3092.4,2493.9,2493.9,2493.9,2493.9,2493.9,2493.9,2493.9,2493.9,99.8,2493.9,2853.6,3100.4,3099.1,3103.9,3106.2,3100.3,3106.4,3104.5,3103.6,3104.0,3103.5,3102.0,3103.2,2420.7,2483.5,2493.5,2498.8,2484.1,2484.7,2484.5,2485.7,2945.9,99.9,99.9,99.8,99.9,100.0,100.0,100.0,100.0,100.0,100.0,100.0,99.9,99.9,99.7,99.9,99.9,100.0,100.0,99.9,100.0,99.9,100.0,99.9,100.0,123.8,118.1,118.0,118.2,118.2,118.2,118.2,118.2,118.1,118.2,118.2,118.1,118.2,132.4,132.7,132.6,132.7,131.8,131.7,131.8,131.7,123.8,27.6,31.0,31.0,31.0,31.0,31.0,31.0,25.0,25.0,25.0,25.0,25.0,25.0,25.0,25.0,25.0,67,69,67,69,67,67,67,67,67,68,68,66,66,66,66,33,31,33,31,33,33,33,33,33,32,32,34,34,34,34,77,69,No,No,No,No,No,No,No,No,No,No,No,No,No,No,No,No,No,No,No,No,No,No,No,No,No,No,No,No,No,No,Yes,Yes,Yes,Yes,Yes,Yes,Yes,Yes,Yes,Yes,Yes,Yes,Yes,Yes,Yes,No,No,Yes,77,70,65,1.100,41.344,44.981,37.623,0.001,5.589,0.721,175.0,175.0,175.0,175.0,0,0.0,99.4,99.6,99.5,99.7,99.8,99.6,99.8,99.8,99.8,99.8,99.8,99.7,99.8,96.4,98.8,99.2,99.5,99.6,99.6,99.6,99.7,0.0,0.0,0.0,0.0,0.0,0.0,0.0,0.2,0.1,0.1,0.0,0.0,0.1,0.0,0.0,0.0,0.0,0.0,0.0,0.0,0.0,0.0,0.0,0.0,0.0,0.0,0.0,0.0,0.0,0.0,0.0,0.0,0.0,0.0,0.0,0.0,0.0,2394.1,24.00,36,35,35,68,103,383,2,2,Yes,No,No,No,No,No,No,No,Yes,No,No,No,No,Yes,No,No,No,No,No,No,No,Yes,No,No,No,No,No,No,No,No,No,No,No,No,No,No,No,No,93.0,4440,2520,4380,71.8,1.095,1.110,1.800,1.815,1.005,5.110,2.000,No,No,No,72.0,1.095,1.110,1.800,1.815,1.005,5.110,2.125,No,No,No,49,49,94.0,100.0,No,No,32156,47959,37,70,99.0,100.0,No,No,1844,3246,100.0,0.0,100.0,25.334,0.028,68308,49256,0.0,0.0,0.0,0.000,0.000,164001,82786,58.8,64.0,66.1,83.0,0.870,20.668,20.662,20.673,21.392,9.593,9.645,8.740,18.399,3.000,11.749,7.794,7.827,100.000,140.000,2175.0,2150.2,1875.0,2175.0,1890.0,0.0,0.0,0.0,0.0,12.1,0.0,0.0,0.0,0.0,0.0,Yes,No,No,No,No,Yes,No,0,0,0,0,0,0,0,0,0,0,0,0,0,0,0,0,0,0,0,0,0,0,0,0,0,0,0,0,0,0,7199,989,755,64,16.0,64,0.300,45.351,550.0,2394.0,0.1,0.0,0.0,0.0,0.0,0.0,0.0,0.0,0.8,127,16065,127,No,No,No,No,No,No,No,No,16.746,68.277,100.0,0.000,24.1,0,0,0,0.0,1.2,1.2,1.2,1.2,1.2,1.2,1.2,1.2,1.2,1.2,1.2,1.2,852.52,852.52,852.52,852.52,852.52,852.52,1.14,851.33,851.80,0.72,153.99,648,7,0.1,0.1,0,0,0.0,0.0,0,
9.6.2026,13:39:47.046,20640,28127,42.3,17305,15079,53.4,10.5,16384,1714,0.877,0.883,0.887,0.886,0.865,0.873,0.874,0.876,0.876,0.876,0.876,0.876,0.876,0.876,0.876,0.818,0.783,2814.5,3192.2,3192.2,3192.2,3092.4,3192.2,3192.2,2593.7,2593.7,2593.7,2593.7,2493.9,2493.9,2493.9,2493.9,99.8,2593.7,2854.4,3097.4,3102.0,3104.2,3104.1,3100.0,3106.2,3103.8,3103.9,3106.3,3106.7,3106.0,3106.4,2416.9,2484.1,2494.5,2495.8,2483.5,2488.6,2488.9,2488.8,2946.1,100.0,100.0,100.0,100.0,100.0,100.0,100.0,100.0,100.0,100.0,100.0,100.0,100.0,100.0,99.9,100.0,100.0,100.0,100.0,100.0,100.0,100.0,100.0,100.0,123.7,118.1,118.1,118.1,118.1,118.1,118.1,118.0,118.0,118.1,118.1,118.1,118.1,132.5,132.4,132.5,132.5,131.6,131.7,131.7,131.7,123.7,28.2,32.0,32.0,32.0,31.0,32.0,32.0,26.0,26.0,26.0,26.0,25.0,25.0,25.0,25.0,26.0,68,69,67,69,68,68,68,68,68,68,68,66,66,66,66,32,31,33,31,32,32,32,32,32,32,32,34,34,34,34,76,69,No,No,No,No,No,No,No,No,No,No,No,No,No,No,No,No,No,No,No,No,No,No,No,No,No,No,No,No,No,No,Yes,Yes,Yes,Yes,Yes,Yes,Yes,Yes,Yes,Yes,Yes,Yes,Yes,Yes,Yes,No,No,Yes,76,69,64,1.100,36.282,46.584,39.260,0.001,5.666,0.764,175.0,175.0,175.0,175.0,0,0.0,99.4,99.5,99.7,99.8,99.7,99.6,99.8,99.8,99.8,99.8,99.8,99.8,99.8,96.1,98.8,99.2,99.3,99.4,99.6,99.6,99.6,0.0,0.0,0.0,0.0,0.0,0.0,0.0,0.0,0.1,0.0,0.0,0.0,0.0,0.0,0.0,0.0,0.0,0.0,0.0,0.0,0.0,0.0,0.0,0.0,0.0,0.0,0.0,0.0,0.0,0.0,0.0,0.0,0.0,0.0,0.0,0.0,0.0,2194.6,22.00,32,32,32,62,103,351,2,2,Yes,No,No,No,No,No,No,No,Yes,No,No,No,No,Yes,No,No,No,No,No,No,No,Yes,No,No,No,No,No,No,No,No,No,No,No,No,No,No,No,No,93.0,4440,2520,4380,71.8,1.095,1.110,1.800,1.815,1.005,5.110,1.875,No,No,No,72.0,1.095,1.110,1.800,1.815,1.005,5.110,1.375,No,No,No,49,49,94.0,100.0,No,No,32156,47959,37,70,99.0,100.0,No,No,1844,3246,100.0,1.3,100.0,25.366,1.709,68357,49260,0.0,0.0,0.0,0.000,0.000,164001,82786,58.8,64.0,66.1,83.0,0.870,20.668,20.663,20.673,21.343,9.558,9.575,8.699,18.296,3.000,11.714,7.794,7.826,100.000,140.000,2175.0,2150.2,1875.0,2175.0,1890.0,0.0,0.0,0.0,0.0,12.1,0.0,0.0,0.0,0.0,0.0,Yes,No,No,No,No,Yes,No,0,0,0,0,0,0,0,0,0,0,0,0,0,0,0,0,0,0,0,0,0,0,0,0,0,0,0,0,0,0,7199,989,755,64,16.0,64,0.300,45.230,600.0,2194.0,0.1,0.0,0.0,0.0,0.0,0.0,0.0,0.0,0.8,127,16065,127,No,No,No,No,No,No,No,No,16.748,68.277,100.0,0.000,24.1,0,0,0,0.0,1.2,1.2,1.2,1.2,1.2,1.2,1.2,1.2,1.2,1.2,1.2,1.2,852.52,852.52,852.52,852.52,852.52,852.52,1.14,851.33,851.80,0.72,153.99,648,7,0.1,0.0,0,0,0.0,0.0,0,
9.6.2026,13:39:49.047,20643,28125,42.3,17310,15074,53.4,10.5,16384,1714,0.873,0.880,0.865,0.874,0.889,0.872,0.879,0.872,0.872,0.867,0.867,0.867,0.867,0.867,0.883,0.808,0.783,2757.5,3092.4,3092.4,3092.4,3092.4,3092.4,3192.2,2493.9,2493.9,2493.9,2493.9,2493.9,2493.9,2493.9,2493.9,99.8,2493.9,2869.6,3120.7,3122.3,3122.4,3123.5,3116.7,3124.5,3116.1,3116.7,3124.4,3124.5,3124.5,3123.1,2440.7,2501.8,2513.2,2513.0,2490.2,2491.8,2490.0,2490.8,2964.3,100.0,100.0,100.0,100.0,100.0,100.0,100.0,100.0,100.0,100.0,100.0,100.0,99.9,99.9,100.0,100.0,100.0,100.0,100.0,100.0,100.0,100.0,100.0,100.0,124.4,118.8,118.8,118.9,118.9,118.9,118.9,118.5,118.6,118.8,118.8,118.8,118.8,133.3,133.4,133.4,133.4,132.1,132.0,132.1,132.1,124.4,27.6,31.0,31.0,31.0,31.0,31.0,32.0,25.0,25.0,25.0,25.0,25.0,25.0,25.0,25.0,25.0,67,69,67,69,67,68,67,67,67,67,68,66,66,66,66,33,31,33,31,33,32,33,33,33,33,32,34,34,34,34,76,69,No,No,No,No,No,No,No,No,No,No,No,No,No,No,No,No,No,No,No,No,No,No,No,No,No,No,No,No,No,No,Yes,Yes,Yes,Yes,Yes,Yes,Yes,Yes,Yes,Yes,Yes,Yes,Yes,Yes,Yes,No,No,Yes,77,69,64,1.100,35.438,45.696,38.374,0.001,5.666,0.768,175.0,175.0,175.0,175.0,0,0.0,99.5,99.7,99.7,99.7,99.7,99.5,99.8,99.8,99.8,99.8,99.8,99.8,99.8,96.5,99.0,99.4,99.4,99.6,99.6,99.6,99.6,0.0,0.0,0.0,0.0,0.0,0.0,0.0,0.0,0.0,0.0,0.0,0.0,0.0,0.0,0.0,0.0,0.0,0.0,0.0,0.0,0.0,0.0,0.0,0.0,0.0,0.0,0.0,0.0,0.0,0.0,0.0,0.0,0.0,0.0,0.0,0.0,0.0,2394.1,24.00,36,35,35,68,103,383,2,2,Yes,No,No,No,No,No,No,No,Yes,No,No,No,No,Yes,No,No,No,No,No,No,No,Yes,No,No,No,No,No,No,No,No,No,No,No,No,No,No,No,No,94.0,4440,2460,4320,72.0,1.095,1.110,1.800,1.815,1.005,5.110,2.250,No,No,No,72.0,1.095,1.110,1.800,1.800,1.005,5.110,1.125,No,No,No,49,49,94.0,100.0,No,No,32156,47959,37,70,99.0,100.0,No,No,1844,3246,100.0,0.0,100.0,26.287,0.019,68409,49260,0.0,0.0,0.0,0.000,0.000,164001,82786,58.8,64.0,66.2,83.0,0.870,20.675,20.668,20.681,21.339,9.622,9.639,8.743,18.385,3.000,11.750,8.008,7.829,100.000,140.000,2175.0,2150.2,1875.0,2175.0,1890.0,0.0,0.0,0.0,0.0,12.1,0.0,0.0,0.0,0.0,0.0,Yes,No,No,No,No,Yes,No,0,0,0,0,0,0,0,0,0,0,0,0,0,0,0,0,0,0,0,0,0,0,0,0,0,0,0,0,0,0,7199,989,755,64,16.0,64,0.300,46.362,550.0,2394.0,0.1,0.0,0.0,0.0,0.0,0.0,0.0,0.0,0.8,127,16065,127,No,No,No,No,No,No,No,No,16.747,68.277,100.0,0.000,24.1,0,0,0,0.0,1.2,1.2,1.2,1.2,1.2,1.2,1.2,1.2,1.2,1.2,1.2,1.2,852.52,852.52,852.52,852.52,852.52,852.52,1.14,851.33,851.80,0.72,153.99,648,7,0.3,0.0,0,0,0.0,0.0,0,
9.6.2026,13:39:51.060,20652,28116,42.3,17316,15068,53.4,10.5,16384,1714,0.872,0.871,0.871,0.873,0.870,0.871,0.874,0.871,0.872,0.872,0.872,0.871,0.871,0.871,0.871,0.808,0.783,2750.4,3092.4,3092.4,3092.4,3092.4,3092.4,3092.4,2493.9,2493.9,2493.9,2493.9,2493.9,2493.9,2493.9,2493.9,99.8,2493.9,2867.3,3120.6,3120.4,3123.0,3123.8,3120.4,3123.1,3120.6,3119.5,3122.2,3124.6,3122.9,3120.2,2423.1,2491.6,2503.3,2509.0,2487.2,2490.0,2490.7,2489.5,2961.8,99.9,99.9,99.9,99.9,100.0,100.0,99.9,100.0,99.9,99.9,100.0,100.0,99.9,99.8,99.9,99.9,99.9,100.0,100.0,100.0,100.0,100.0,99.9,100.0,124.3,118.8,118.8,118.8,118.9,118.9,118.8,118.8,118.8,118.8,118.9,118.9,118.8,133.2,133.3,133.3,133.3,131.8,131.8,131.8,131.8,124.3,27.6,31.0,31.0,31.0,31.0,31.0,31.0,25.0,25.0,25.0,25.0,25.0,25.0,25.0,25.0,25.0,68,70,68,70,67,67,68,68,68,68,68,65,66,66,66,32,30,32,30,33,33,32,32,32,32,32,35,34,34,34,77,70,No,No,No,No,No,No,No,No,No,No,No,No,No,No,No,No,No,No,No,No,No,No,No,No,No,No,No,No,No,No,Yes,Yes,Yes,Yes,Yes,Yes,Yes,Yes,Yes,Yes,Yes,Yes,Yes,Yes,Yes,No,No,Yes,76,69,65,1.100,47.251,43.774,36.515,0.001,5.623,0.743,175.0,175.0,175.0,175.0,0,0.0,99.4,99.6,99.6,99.7,99.7,99.6,99.7,99.8,99.7,99.7,99.8,99.8,99.7,95.9,98.6,99.1,99.3,99.5,99.6,99.6,99.6,0.0,0.0,0.0,0.0,0.0,0.0,0.0,0.1,0.1,0.1,0.1,0.0,0.0,0.0,0.0,0.0,0.0,0.0,0.0,0.0,0.0,0.0,0.0,0.0,0.0,0.0,0.0,0.0,0.0,0.0,0.0,0.0,0.0,0.0,0.0,0.0,0.0,2194.6,22.00,32,32,32,62,103,351,2,2,Yes,No,No,No,No,No,No,No,Yes,No,No,No,No,Yes,No,No,No,No,No,No,No,Yes,No,No,No,No,No,No,No,No,No,No,No,No,No,No,No,No,93.0,4380,2520,4200,72.0,1.095,1.110,1.800,1.815,0.990,5.110,2.500,No,No,No,72.0,1.095,1.110,1.800,1.815,1.005,5.110,3.125,No,No,No,49,49,94.0,100.0,No,No,32156,47959,37,70,99.0,100.0,No,No,1844,3246,100.0,0.1,100.0,25.154,0.036,68455,49260,0.0,0.0,0.0,0.000,0.000,164001,82786,58.8,64.0,66.2,83.0,0.870,20.673,20.666,20.680,21.336,9.586,9.642,8.721,18.385,3.000,11.730,7.793,7.828,100.000,140.000,2175.0,2150.2,1875.0,2175.0,1890.0,0.0,0.0,0.0,0.0,12.1,0.0,0.0,0.0,0.0,0.0,Yes,No,No,No,No,Yes,No,0,0,0,0,0,0,0,0,0,0,0,0,0,0,0,0,0,0,0,0,0,0,0,0,0,0,0,0,0,0,7199,989,755,64,16.0,65,0.300,43.813,550.0,2194.0,0.1,0.0,0.0,0.0,0.0,0.0,0.0,0.0,0.8,127,16065,127,No,No,No,No,No,No,No,No,16.747,68.277,100.0,0.000,24.1,0,0,0,0.0,0.9,0.9,0.9,0.9,0.9,0.9,0.9,0.9,0.9,0.9,0.9,0.9,1120.47,1120.47,1120.47,1120.47,1120.47,1120.47,0.33,1120.04,1120.47,0.00,818.71,648,7,0.0,0.0,0,0,0.0,0.0,0,
9.6.2026,13:39:53.053,20642,28125,42.3,17302,15082,53.4,10.5,16384,1714,0.881,0.874,0.867,0.888,0.872,0.866,0.894,0.884,0.884,0.884,0.884,0.882,0.882,0.882,0.885,0.808,0.783,2793.2,3092.4,3092.4,3192.2,3092.4,3092.4,3192.2,2593.7,2593.7,2593.7,2593.7,2493.9,2493.9,2493.9,2493.9,99.8,2493.9,2862.2,3109.1,3111.9,3114.3,3113.4,3109.8,3115.5,3111.2,3110.9,3116.0,3115.8,3116.3,3112.0,2431.6,2494.5,2506.7,2510.4,2482.4,2486.2,2488.2,2486.8,2956.2,100.0,100.0,100.0,100.0,100.0,100.0,100.0,100.0,100.0,100.0,100.0,100.0,99.8,99.8,99.9,100.0,100.0,100.0,100.0,100.0,100.0,100.0,100.0,100.0,124.0,118.5,118.5,118.4,118.5,118.5,118.5,118.3,118.3,118.5,118.4,118.4,118.2,132.8,132.8,133.0,133.0,131.7,131.6,131.7,131.7,124.0,28.0,31.0,31.0,32.0,31.0,31.0,32.0,26.0,26.0,26.0,26.0,25.0,25.0,25.0,25.0,25.0,67,69,68,69,66,67,68,67,67,68,68,66,66,66,66,33,31,32,31,34,33,32,33,33,32,32,34,34,34,34,77,69,No,No,No,No,No,No,No,No,No,No,No,No,No,No,No,No,No,No,No,No,No,No,No,No,No,No,No,No,No,No,Yes,Yes,Yes,Yes,Yes,Yes,Yes,Yes,Yes,Yes,Yes,Yes,Yes,Yes,Yes,No,No,Yes,77,70,65,1.100,43.876,43.506,36.172,0.001,5.670,0.774,175.0,175.0,175.0,175.0,0,0.0,99.5,99.6,99.7,99.8,99.8,99.6,99.8,99.8,99.8,99.8,99.8,99.8,99.6,96.3,98.8,99.3,99.5,99.5,99.6,99.7,99.6,0.0,0.0,0.0,0.0,0.0,0.0,0.0,0.1,0.1,0.0,0.0,0.0,0.0,0.0,0.0,0.0,0.0,0.0,0.0,0.0,0.0,0.0,0.0,0.0,0.0,0.0,0.0,0.0,0.0,0.0,0.0,0.0,0.0,0.0,0.0,0.0,0.0,2394.1,24.00,36,35,35,68,103,383,2,2,Yes,No,No,No,No,No,No,No,Yes,No,No,No,No,Yes,No,No,No,No,No,No,No,Yes,No,No,No,No,No,No,No,No,No,No,No,No,No,No,No,No,92.0,4320,2520,4200,72.0,1.095,1.110,1.800,1.815,0.990,5.110,1.750,No,No,No,72.2,1.095,1.110,1.800,1.815,0.990,5.110,1.500,No,No,No,49,49,94.0,100.0,No,No,32156,47959,37,70,99.0,100.0,No,No,1844,3246,100.0,0.0,100.0,26.076,0.018,68505,49260,0.0,0.0,0.0,0.000,0.000,164001,82786,58.8,64.0,66.1,83.0,0.870,20.671,20.665,20.677,21.334,9.551,9.589,8.679,18.279,3.000,11.690,7.793,7.828,100.000,140.000,2175.0,2150.2,1875.0,2175.0,1890.0,0.0,0.0,0.0,0.0,12.1,0.0,0.0,0.0,0.0,0.0,Yes,No,No,No,No,Yes,No,0,0,0,0,0,0,0,0,0,0,0,0,0,0,0,0,0,0,0,0,0,0,0,0,0,0,0,0,0,0,7199,989,755,64,16.0,66,0.300,43.730,550.0,2394.0,0.1,0.0,0.0,0.0,0.0,0.0,0.0,0.0,0.8,127,16065,127,No,No,No,No,No,No,No,No,16.745,68.277,100.0,0.000,24.1,0,0,0,0.0,0.5,0.5,0.5,0.5,0.5,0.5,0.5,0.5,0.5,0.5,0.5,0.5,1995.14,1995.14,1995.14,1995.14,1995.14,1995.14,0.34,1994.80,1995.14,0.00,1165.63,648,7,0.0,0.0,0,0,0.0,0.0,0,
9.6.2026,13:39:55.051,20645,28122,42.3,17312,15072,53.4,10.5,16384,1714,0.887,0.890,0.910,0.909,0.897,0.887,0.872,0.881,0.881,0.881,0.881,0.881,0.881,0.881,0.881,0.828,0.781,2885.8,3291.9,3291.9,3291.9,3291.9,3291.9,3192.2,2593.7,2593.7,2593.7,2593.7,2593.7,2593.7,2593.7,2593.7,99.8,2693.4,2882.8,3137.3,3132.5,3140.7,3141.2,3138.2,3145.8,3133.3,3130.6,3145.0,3143.9,3145.3,3141.8,2441.8,2507.0,2517.0,2523.8,2499.3,2498.3,2496.3,2497.3,2979.1,99.8,99.9,99.8,99.9,99.9,100.0,100.0,100.0,99.9,99.9,99.9,99.9,99.8,99.4,99.7,99.6,99.8,99.9,99.9,99.7,99.8,100.0,99.8,100.0,124.7,119.5,119.3,119.5,119.5,119.6,119.6,119.1,119.0,119.5,119.5,119.5,119.4,133.2,133.6,133.5,133.7,132.1,132.0,131.9,131.9,124.7,28.9,33.0,33.0,33.0,33.0,33.0,32.0,26.0,26.0,26.0,26.0,26.0,26.0,26.0,26.0,27.0,68,70,68,71,67,70,68,68,68,68,68,66,66,66,66,32,30,32,29,33,30,32,32,32,32,32,34,34,34,34,77,71,No,No,No,No,No,No,No,No,No,No,No,No,No,No,No,No,No,No,No,No,No,No,No,No,No,No,No,No,No,No,Yes,Yes,Yes,Yes,Yes,Yes,Yes,Yes,Yes,Yes,Yes,Yes,Yes,Yes,Yes,No,No,Yes,76,70,66,1.100,46.407,43.987,36.596,0.001,5.704,0.796,175.0,175.0,175.0,175.0,0,0.0,99.3,99.6,99.4,99.7,99.7,99.6,99.8,99.8,99.7,99.7,99.7,99.7,99.6,96.1,98.6,99.0,99.3,99.5,99.5,99.4,99.4,0.1,0.0,0.0,0.0,0.0,0.0,0.0,0.5,0.3,0.3,0.2,0.1,0.1,0.2,0.2,0.0,0.0,0.0,0.0,0.0,0.0,0.0,0.0,0.0,0.0,0.0,0.0,0.0,0.0,0.0,0.0,0.0,0.0,0.0,0.0,0.0,0.0,2194.6,22.00,32,32,32,62,103,351,2,2,Yes,No,No,No,No,No,No,No,Yes,No,No,No,No,Yes,No,No,No,No,No,No,No,Yes,No,No,No,No,No,No,No,No,No,No,No,No,No,No,No,No,92.0,4500,2520,4260,72.0,1.095,1.110,1.800,1.815,0.990,5.110,1.500,No,No,No,72.2,1.095,1.110,1.800,1.815,0.990,5.110,1.500,No,No,No,49,49,94.0,100.0,No,No,32156,47959,37,70,99.0,100.0,No,No,1844,3246,100.0,0.0,100.0,25.681,0.028,68555,49260,0.0,0.0,0.0,0.000,0.000,164001,82786,58.8,64.0,66.2,83.0,0.870,20.680,20.672,20.689,21.392,9.578,9.622,8.724,18.351,3.000,11.723,7.795,7.828,100.000,140.000,2175.0,2150.2,1875.0,2175.0,1890.0,0.0,0.0,0.0,0.0,12.1,0.0,0.0,0.0,0.0,0.0,Yes,No,No,No,No,Yes,No,0,0,0,0,0,0,0,0,0,0,0,0,0,0,0,0,0,0,0,0,0,0,0,0,0,0,0,0,0,0,7199,989,755,64,16.0,65,0.300,45.023,600.0,2194.0,0.1,0.0,0.0,0.0,0.0,0.0,0.0,0.0,0.8,127,16065,127,No,No,No,No,No,No,No,No,16.748,68.277,100.0,0.000,24.1,0,0,0,0.0,0.5,0.5,0.5,0.5,0.5,0.5,0.5,0.5,0.5,0.5,0.5,0.5,1995.14,1995.14,1995.14,1995.14,1995.14,1995.14,0.34,1994.80,1995.14,0.00,1165.63,648,7,0.8,1.4,0,0,0.0,0.0,0,
9.6.2026,13:39:57.058,20641,28127,42.3,17318,15066,53.4,10.5,16384,1714,0.875,0.875,0.888,0.873,0.863,0.856,0.866,0.880,0.880,0.880,0.880,0.879,0.878,0.878,0.878,0.808,0.783,2757.5,3092.4,3192.2,3092.4,3092.4,3092.4,3092.4,2493.9,2493.9,2493.9,2493.9,2493.9,2493.9,2493.9,2493.9,99.8,2493.9,2864.9,3119.0,3117.9,3122.3,3123.8,3117.4,3121.1,3112.5,3111.7,3118.9,3119.0,3118.3,3116.8,2427.5,2494.1,2499.8,2500.4,2486.9,2488.6,2490.8,2491.9,2958.8,100.0,100.0,100.0,100.0,100.0,100.0,100.0,100.0,100.0,100.0,100.0,100.0,100.0,100.0,100.0,100.0,100.0,100.0,100.0,100.0,100.0,100.0,100.0,100.0,124.3,118.8,118.7,118.8,118.8,118.8,118.8,118.5,118.5,118.8,118.8,118.8,118.8,133.2,133.2,133.2,133.2,132.2,132.2,132.2,132.2,124.3,27.6,31.0,32.0,31.0,31.0,31.0,31.0,25.0,25.0,25.0,25.0,25.0,25.0,25.0,25.0,25.0,67,69,67,70,67,67,68,67,67,67,67,66,66,66,66,33,31,33,30,33,33,32,33,33,33,33,34,34,34,34,77,70,No,No,No,No,No,No,No,No,No,No,No,No,No,No,No,No,No,No,No,No,No,No,No,No,No,No,No,No,No,No,Yes,Yes,Yes,Yes,Yes,Yes,Yes,Yes,Yes,Yes,Yes,Yes,Yes,Yes,Yes,No,No,Yes,77,70,65,1.100,45.563,47.126,39.783,0.001,5.682,0.776,175.0,175.0,175.0,175.0,0,0.0,99.4,99.7,99.7,99.8,99.8,99.6,99.8,99.8,99.8,99.8,99.8,99.8,99.8,96.3,98.9,99.2,99.2,99.5,99.6,99.6,99.7,0.0,0.0,0.0,0.0,0.0,0.0,0.0,0.0,0.0,0.0,0.0,0.0,0.0,0.0,0.0,0.0,0.0,0.0,0.0,0.0,0.0,0.0,0.0,0.0,0.0,0.0,0.0,0.0,0.0,0.0,0.0,0.0,0.0,0.0,0.0,0.0,0.0,2194.6,22.00,32,32,32,62,103,351,2,2,Yes,No,No,No,No,No,No,No,Yes,No,No,No,No,Yes,No,No,No,No,No,No,No,Yes,No,No,No,No,No,No,No,No,No,No,No,No,No,No,No,No,94.0,4500,2520,4320,72.0,1.095,1.110,1.800,1.815,0.990,5.110,1.375,No,No,No,72.2,1.095,1.110,1.800,1.815,0.990,5.110,1.500,No,No,No,49,49,94.0,100.0,No,No,32156,47959,36,70,99.0,100.0,No,No,1844,3246,100.0,0.1,100.0,25.293,0.047,68603,49260,0.0,0.0,0.0,0.000,0.000,164001,82786,58.8,64.0,66.2,83.0,0.870,20.672,20.666,20.678,21.341,9.575,9.615,8.721,18.341,3.000,11.725,7.792,7.828,100.000,140.000,2175.0,2150.2,1875.0,2175.0,1890.0,0.0,0.0,0.0,0.0,12.1,0.0,0.0,0.0,0.0,0.0,Yes,No,No,No,No,Yes,No,0,0,0,0,0,0,0,0,0,0,0,0,0,0,0,0,0,0,0,0,0,0,0,0,0,0,0,0,0,0,7199,989,755,64,16.0,66,0.300,44.449,600.0,2194.0,0.1,0.0,0.0,0.0,0.0,0.0,0.0,0.0,0.8,127,16065,127,No,No,No,No,No,No,No,No,16.748,68.277,100.0,0.000,24.1,0,0,0,0.0,0.5,0.5,0.5,0.5,0.5,0.5,0.5,0.5,0.5,0.5,0.5,0.5,1995.14,1995.14,1995.14,1995.14,1995.14,1995.14,0.34,1994.80,1995.14,0.00,1165.63,648,7,0.2,0.0,0,0,0.0,0.0,0,
9.6.2026,13:39:59.055,20642,28126,42.3,17313,15071,53.4,10.5,16384,1714,0.877,0.871,0.881,0.868,0.873,0.880,0.872,0.874,0.878,0.891,0.877,0.882,0.872,0.878,0.878,0.808,0.783,2786.0,3092.4,3192.2,3092.4,3092.4,3192.2,3092.4,2593.7,2593.7,2493.9,2593.7,2493.9,2493.9,2493.9,2493.9,99.8,2493.9,2877.7,3133.8,3133.3,3136.5,3135.8,3130.8,3135.7,3126.9,3126.7,3134.8,3136.0,3135.4,3134.0,2452.9,2516.0,2523.5,2525.0,2483.6,2483.5,2485.4,2485.3,2976.1,100.0,100.0,100.0,100.0,100.0,100.0,100.0,100.0,100.0,100.0,100.0,100.0,99.9,99.9,99.9,100.0,100.0,100.0,100.0,100.0,100.0,100.0,100.0,100.0,124.6,119.3,119.3,119.3,119.3,119.3,119.3,119.0,119.0,119.3,119.3,119.3,119.2,133.9,133.9,134.0,134.0,131.5,131.5,131.5,131.5,124.6,27.9,31.0,32.0,31.0,31.0,32.0,31.0,26.0,26.0,25.0,26.0,25.0,25.0,25.0,25.0,25.0,67,66,68,70,67,68,68,68,67,66,67,66,66,66,66,33,34,32,30,33,32,32,32,33,34,33,34,34,34,34,76,70,No,No,No,No,No,No,No,No,No,No,No,No,No,No,No,No,No,No,No,No,No,No,No,No,No,No,No,No,No,No,Yes,Yes,Yes,Yes,Yes,Yes,Yes,Yes,Yes,Yes,Yes,Yes,Yes,Yes,Yes,No,No,Yes,76,70,65,1.100,43.032,43.862,36.467,0.001,5.708,0.794,175.0,175.0,175.0,175.0,0,0.0,99.5,99.7,99.7,99.8,99.8,99.6,99.8,99.8,99.8,99.8,99.8,99.8,99.7,96.6,99.1,99.4,99.4,99.6,99.6,99.7,99.7,0.0,0.0,0.0,0.0,0.0,0.0,0.0,0.0,0.1,0.0,0.0,0.0,0.0,0.0,0.0,0.0,0.0,0.0,0.0,0.0,0.0,0.0,0.0,0.0,0.0,0.0,0.0,0.0,0.0,0.0,0.0,0.0,0.0,0.0,0.0,0.0,0.0,2394.1,24.00,36,35,35,68,103,383,2,2,Yes,No,No,No,No,No,No,No,Yes,No,No,No,No,Yes,No,No,No,No,No,No,No,Yes,No,No,No,No,No,No,No,No,No,No,No,No,No,No,No,No,93.0,4500,2520,4320,72.0,1.095,1.110,1.800,1.815,0.990,5.110,1.625,No,No,No,72.2,1.095,1.110,1.800,1.815,0.990,5.110,2.000,No,No,No,49,49,94.0,100.0,No,No,32156,47959,36,70,99.0,100.0,No,No,1844,3246,100.0,0.1,100.0,25.407,0.099,68653,49260,0.0,0.0,0.0,0.000,0.000,164001,82786,58.8,64.0,66.1,83.0,0.870,20.677,20.669,20.685,21.326,9.555,9.578,8.702,18.285,3.000,11.709,7.788,7.823,100.000,140.000,2175.0,2150.2,1875.0,2175.0,1890.0,0.0,0.0,0.0,0.0,12.1,0.0,0.0,0.0,0.0,0.0,Yes,No,No,No,No,Yes,No,0,0,0,0,0,0,0,0,0,0,0,0,0,0,0,0,0,0,0,0,0,0,0,0,0,0,0,0,0,0,7199,989,755,64,16.0,65,0.300,46.628,600.0,2394.0,0.1,0.0,0.0,0.0,0.0,0.0,0.0,0.0,0.8,127,16065,127,No,No,No,No,No,No,No,No,16.747,68.277,100.0,0.000,24.1,0,0,0,0.0,0.5,0.5,0.5,0.5,0.5,0.5,0.5,0.5,0.5,0.5,0.5,0.5,1995.14,1995.14,1995.14,1995.14,1995.14,1995.14,0.34,1994.80,1995.14,0.00,1165.63,648,7,0.0,0.0,0,0,0.0,0.0,0,
9.6.2026,13:40:1.046,20642,28126,42.3,17315,15069,53.4,10.5,16384,1714,0.891,0.896,0.880,0.879,0.903,0.888,0.879,0.892,0.894,0.894,0.900,0.899,0.894,0.894,0.889,0.818,0.783,2821.7,3192.2,3192.2,3192.2,3192.2,3192.2,3192.2,2593.7,2593.7,2593.7,2593.7,2493.9,2493.9,2493.9,2493.9,99.8,2593.7,2876.2,3130.6,3131.6,3132.6,3133.4,3130.0,3135.6,3117.2,3119.1,3133.6,3136.1,3136.3,3136.3,2446.9,2514.1,2524.6,2528.1,2483.6,2484.1,2485.1,2485.0,2974.1,100.0,100.0,100.0,99.9,100.0,100.0,100.0,99.9,100.0,99.9,100.0,100.0,100.0,99.9,100.0,100.0,100.0,100.0,100.0,100.0,100.0,100.0,100.0,100.0,124.5,119.2,119.2,119.1,119.2,119.2,119.2,118.5,118.6,119.1,119.2,119.2,119.2,133.7,133.7,133.8,133.8,131.6,131.6,131.6,131.6,124.5,28.3,32.0,32.0,32.0,32.0,32.0,32.0,26.0,26.0,26.0,26.0,25.0,25.0,25.0,25.0,26.0,67,68,68,69,67,69,68,67,67,67,68,66,65,65,65,33,32,32,31,33,31,32,33,33,33,32,34,35,35,35,76,69,No,No,No,No,No,No,No,No,No,No,No,No,No,No,No,No,No,No,No,No,No,No,No,No,No,No,No,No,No,No,Yes,Yes,Yes,Yes,Yes,Yes,Yes,Yes,Yes,Yes,Yes,Yes,Yes,Yes,Yes,No,No,Yes,76,69,65,1.100,36.282,46.425,39.029,0.001,5.711,0.799,175.0,175.0,175.0,175.0,0,0.0,99.5,99.7,99.7,99.7,99.8,99.6,99.8,99.7,99.8,99.7,99.8,99.8,99.8,96.4,99.0,99.4,99.6,99.6,99.6,99.6,99.6,0.0,0.0,0.0,0.0,0.0,0.0,0.0,0.1,0.0,0.0,0.0,0.0,0.0,0.0,0.0,0.0,0.0,0.0,0.0,0.0,0.0,0.0,0.0,0.0,0.0,0.0,0.0,0.0,0.0,0.0,0.0,0.0,0.0,0.0,0.0,0.0,0.0,2394.1,24.00,36,35,35,68,103,383,2,2,Yes,No,No,No,No,No,No,No,Yes,No,No,No,No,Yes,No,No,No,No,No,No,No,Yes,No,No,No,No,No,No,No,No,No,No,No,No,No,No,No,No,93.0,4500,2520,4320,72.2,1.095,1.110,1.800,1.815,0.990,5.110,1.500,No,No,No,72.5,1.095,1.110,1.800,1.800,0.990,5.110,2.500,No,No,No,49,49,94.0,100.0,No,No,32156,47959,37,70,99.0,100.0,No,No,1844,3246,100.0,0.0,100.0,26.170,0.018,68701,49260,0.0,0.0,0.0,0.000,0.000,164001,82786,58.8,64.0,66.0,83.0,0.870,20.675,20.669,20.681,21.356,9.582,9.609,8.743,18.365,3.000,11.746,7.790,7.824,100.000,140.000,2175.0,2150.2,1875.0,2175.0,1890.0,0.0,0.0,0.0,0.0,12.1,0.0,0.0,0.0,0.0,0.0,Yes,No,No,No,No,Yes,No,0,0,0,0,0,0,0,0,0,0,0,0,0,0,0,0,0,0,0,0,0,0,0,0,0,0,0,0,0,0,7199,989,755,64,16.0,65,0.300,46.036,600.0,2394.0,0.1,0.0,0.0,0.0,0.0,0.0,0.0,0.0,0.8,127,16065,127,No,No,No,No,No,No,No,No,16.747,68.277,100.0,0.000,24.1,0,0,0,0.0,0.5,0.5,0.5,0.5,0.5,0.5,0.5,0.5,0.5,0.5,0.5,0.5,1995.14,1995.14,1995.14,1995.14,1995.14,1995.14,0.34,1994.80,1995.14,0.00,1165.63,648,7,0.4,0.1,0,0,0.0,0.0,0,
9.6.2026,13:40:3.053,20644,28123,42.3,17314,15070,53.4,10.5,16384,1714,0.873,0.869,0.883,0.870,0.872,0.871,0.881,0.874,0.874,0.870,0.870,0.870,0.870,0.870,0.873,0.808,0.783,2757.5,3092.4,3192.2,3092.4,3092.4,3092.4,3092.4,2493.9,2493.9,2493.9,2493.9,2493.9,2493.9,2493.9,2493.9,99.8,2493.9,2881.7,3137.4,3133.8,3138.8,3139.8,3137.4,3139.6,3129.1,3131.8,3138.1,3139.6,3138.4,3140.2,2449.7,2509.1,2517.8,2527.8,2495.5,2495.8,2496.6,2497.9,2978.0,99.9,99.9,99.8,99.9,99.9,100.0,99.9,99.8,99.9,99.9,99.9,99.9,100.0,99.6,99.8,99.8,99.9,99.9,99.9,99.8,99.9,100.0,99.9,100.0,124.9,119.5,119.4,119.5,119.5,119.6,119.5,119.1,119.2,119.5,119.5,119.5,119.6,134.0,134.1,134.1,134.2,132.2,132.2,132.2,132.2,124.9,27.6,31.0,32.0,31.0,31.0,31.0,31.0,25.0,25.0,25.0,25.0,25.0,25.0,25.0,25.0,25.0,68,70,68,70,67,68,68,68,68,67,67,66,66,66,66,32,30,32,30,33,32,32,32,32,33,33,34,34,34,34,77,70,No,No,No,No,No,No,No,No,No,No,No,No,No,No,No,No,No,No,No,No,No,No,No,No,No,No,No,No,No,No,Yes,Yes,Yes,Yes,Yes,Yes,Yes,Yes,Yes,Yes,Yes,Yes,Yes,Yes,Yes,No,No,Yes,76,70,65,1.100,41.344,46.424,39.074,0.001,5.674,0.777,175.0,175.0,175.0,175.0,0,0.0,99.4,99.6,99.5,99.6,99.7,99.6,99.7,99.6,99.7,99.7,99.7,99.7,99.8,96.4,98.7,99.1,99.5,99.5,99.5,99.5,99.6,0.1,0.0,0.0,0.0,0.0,0.0,0.0,0.2,0.2,0.1,0.1,0.1,0.1,0.1,0.1,0.0,0.0,0.0,0.0,0.0,0.0,0.0,0.0,0.0,0.0,0.0,0.0,0.0,0.0,0.0,0.0,0.0,0.0,0.0,0.0,0.0,0.0,2194.6,22.00,32,32,32,62,103,351,2,2,Yes,No,No,No,No,No,No,No,Yes,No,No,No,No,Yes,No,No,No,No,No,No,No,Yes,No,No,No,No,No,No,No,No,No,No,No,No,No,No,No,No,92.0,4500,2520,4380,72.2,1.095,1.110,1.800,1.815,1.005,5.110,1.500,No,No,No,72.5,1.095,1.110,1.800,1.815,1.005,5.110,1.500,No,No,No,49,49,94.0,100.0,No,No,32156,47959,37,70,99.0,100.0,No,No,1844,3246,100.0,0.2,100.0,26.096,0.064,68753,49260,0.0,0.0,0.0,0.000,0.000,164001,82786,58.8,64.0,66.1,83.0,0.870,20.669,20.664,20.675,21.308,9.577,9.622,8.720,18.359,3.000,11.727,7.790,7.821,100.000,140.000,2175.0,2150.2,1875.0,2175.0,1890.0,0.0,0.0,0.0,0.0,12.1,0.0,0.0,0.0,0.0,0.0,Yes,No,No,No,No,Yes,No,0,0,0,0,0,0,0,0,0,0,0,0,0,0,0,0,0,0,0,0,0,0,0,0,0,0,0,0,0,0,7199,989,755,65,16.0,64,0.300,45.716,600.0,2194.0,0.1,0.0,0.0,0.0,0.0,0.0,0.0,0.0,0.8,127,16065,127,No,No,No,No,No,No,No,No,16.746,68.277,100.0,0.000,24.1,0,0,0,0.0,2.0,13.1,0.9,0.9,0.9,0.9,2.0,22.0,0.9,0.8,0.8,0.8,504.26,1129.60,76.43,70.75,1148.53,1148.53,0.47,503.81,504.26,0.00,598.96,648,7,0.1,0.1,0,0,0.0,0.0,0,
9.6.2026,13:40:5.059,20643,28125,42.3,17316,15067,53.4,10.5,16384,1714,0.872,0.871,0.877,0.870,0.861,0.876,0.878,0.871,0.871,0.871,0.871,0.871,0.873,0.873,0.872,0.808,0.783,2657.8,3092.4,3092.4,3092.4,3092.4,3092.4,3192.2,2493.9,2493.9,2493.9,2493.9,2493.9,2493.9,2493.9,1097.3,99.8,2493.9,2858.2,3109.2,3109.4,3110.3,3110.6,3105.6,3110.4,3096.0,3096.2,3110.8,3110.8,3111.8,3112.0,2431.9,2492.4,2504.3,2506.9,2482.2,2484.3,2484.4,2484.6,2951.8,100.0,100.0,100.0,100.0,100.0,100.0,100.0,100.0,100.0,100.0,100.0,100.0,100.0,100.0,100.0,100.0,100.0,100.0,100.0,100.0,100.0,100.0,100.0,100.0,123.8,118.4,118.4,118.3,118.3,118.3,118.3,117.8,117.8,118.3,118.3,118.3,118.3,132.8,132.8,132.8,132.8,131.5,131.5,131.5,131.5,123.8,26.6,31.0,31.0,31.0,31.0,31.0,32.0,25.0,25.0,25.0,25.0,25.0,25.0,25.0,11.0,25.0,68,69,68,69,67,68,68,68,68,68,68,66,66,66,66,32,31,32,31,33,32,32,32,32,32,32,34,34,34,34,77,69,No,No,No,No,No,No,No,No,No,No,No,No,No,No,No,No,No,No,No,No,No,No,No,No,No,No,No,No,No,No,Yes,Yes,Yes,Yes,Yes,Yes,Yes,Yes,Yes,Yes,Yes,Yes,Yes,Yes,Yes,No,No,Yes,77,70,64,1.100,45.563,44.806,37.444,0.001,5.699,0.777,175.0,175.0,175.0,175.0,0,0.0,99.5,99.7,99.7,99.8,99.8,99.6,99.8,99.8,99.8,99.8,99.8,99.8,99.8,96.6,99.0,99.4,99.5,99.6,99.6,99.6,99.7,0.0,0.0,0.0,0.0,0.0,0.0,0.0,0.0,0.0,0.0,0.0,0.0,0.0,0.0,0.0,0.0,0.0,0.0,0.0,0.0,0.0,0.0,0.0,0.0,0.0,0.0,0.0,0.0,0.0,0.0,0.0,0.0,0.0,0.0,0.0,0.0,0.0,2394.1,24.00,36,35,35,68,103,383,2,2,Yes,No,No,No,No,No,No,No,Yes,No,No,No,No,Yes,No,No,No,No,No,No,No,Yes,No,No,No,No,No,No,No,No,No,No,No,No,No,No,No,No,93.0,4500,2520,4380,72.2,1.095,1.110,1.800,1.815,1.005,5.110,2.250,No,No,No,72.5,1.095,1.110,1.800,1.815,1.005,5.110,1.250,No,No,No,49,49,94.0,100.0,No,No,32156,47959,37,70,99.0,100.0,No,No,1844,3246,100.0,0.0,100.0,25.658,0.011,68801,49260,0.0,0.0,0.0,0.000,0.000,164001,82786,58.8,64.0,66.1,83.0,0.870,20.675,20.668,20.682,21.352,9.575,9.615,8.722,18.345,3.000,11.732,7.788,7.821,100.000,140.000,2175.0,2150.2,1875.0,2175.0,1890.0,0.0,0.0,0.0,0.0,12.1,0.0,0.0,0.0,0.0,0.0,Yes,No,No,No,No,Yes,No,0,0,0,0,0,0,0,0,0,0,0,0,0,0,0,0,0,0,0,0,0,0,0,0,0,0,0,0,0,0,7199,989,755,65,16.0,65,0.300,45.888,600.0,2394.0,0.1,0.0,0.0,0.0,0.0,0.0,0.0,0.0,0.8,127,16065,127,No,No,No,No,No,No,No,No,16.745,68.277,100.0,0.000,24.1,0,0,0,0.0,0.5,0.5,0.5,0.5,0.5,0.5,0.5,0.5,0.5,0.5,0.5,0.5,2006.67,2006.67,2006.67,2006.67,2006.67,2006.67,0.67,2006.11,2006.67,0.00,1963.76,648,7,0.0,0.2,0,0,0.0,0.0,0,
9.6.2026,13:40:7.053,20641,28127,42.3,17318,15065,53.4,10.5,16384,1714,0.870,0.872,0.872,0.871,0.861,0.872,0.878,0.868,0.868,0.868,0.868,0.869,0.869,0.869,0.869,0.808,0.783,2750.4,3092.4,3092.4,3092.4,3092.4,3092.4,3092.4,2493.9,2493.9,2493.9,2493.9,2493.9,2493.9,2493.9,2493.9,99.8,2493.9,2867.7,3124.1,3124.1,3126.1,3124.8,3121.4,3126.8,3114.1,3113.5,3127.1,3126.9,3125.9,3126.6,2432.0,2498.4,2505.3,2511.4,2479.3,2481.7,2482.2,2481.5,2964.3,100.0,100.0,100.0,100.0,100.0,100.0,100.0,100.0,100.0,100.0,100.0,100.0,100.0,99.9,100.0,100.0,100.0,99.9,100.0,100.0,100.0,100.0,100.0,100.0,124.3,118.9,118.9,119.0,118.9,119.0,118.9,118.4,118.4,118.9,118.9,118.9,118.9,133.3,133.4,133.4,133.4,131.4,131.4,131.5,131.4,124.3,27.6,31.0,31.0,31.0,31.0,31.0,31.0,25.0,25.0,25.0,25.0,25.0,25.0,25.0,25.0,25.0,67,68,67,69,66,68,67,68,68,68,68,66,66,64,64,33,32,33,31,34,32,33,32,32,32,32,34,34,36,36,77,69,No,No,No,No,No,No,No,No,No,No,No,No,No,No,No,No,No,No,No,No,No,No,No,No,No,No,No,No,No,No,Yes,Yes,Yes,Yes,Yes,Yes,Yes,Yes,Yes,Yes,Yes,Yes,Yes,Yes,Yes,No,No,Yes,77,69,64,1.100,47.251,45.913,38.525,0.001,5.714,0.783,175.0,175.0,175.0,175.0,0,0.0,99.4,99.7,99.7,99.8,99.7,99.6,99.8,99.8,99.8,99.8,99.8,99.8,99.8,96.2,98.8,99.1,99.3,99.5,99.6,99.6,99.6,0.0,0.0,0.0,0.0,0.0,0.0,0.0,0.0,0.0,0.0,0.0,0.0,0.0,0.0,0.0,0.0,0.0,0.0,0.0,0.0,0.0,0.0,0.0,0.0,0.0,0.0,0.0,0.0,0.0,0.0,0.0,0.0,0.0,0.0,0.0,0.0,0.0,2394.1,24.00,36,35,35,68,103,383,2,2,Yes,No,No,No,No,No,No,No,Yes,No,No,No,No,Yes,No,No,No,No,No,No,No,Yes,No,No,No,No,No,No,No,No,No,No,No,No,No,No,No,No,93.0,4500,2520,4380,72.2,1.095,1.110,1.800,1.815,1.005,5.110,1.625,No,No,No,72.5,1.095,1.110,1.800,1.815,1.005,5.110,1.750,No,No,No,49,49,94.0,100.0,No,No,32156,47959,37,70,99.0,100.0,No,No,1844,3246,100.0,0.2,100.0,25.008,0.170,68848,49261,0.0,0.0,0.0,0.000,0.000,164001,82786,58.8,64.0,66.1,83.0,0.870,20.670,20.664,20.676,21.427,9.638,9.636,8.844,18.505,3.000,11.857,7.791,7.830,100.000,140.000,2175.0,2150.2,1875.0,2175.0,1890.0,0.0,0.0,0.0,0.0,12.1,0.0,0.0,0.0,0.0,0.0,Yes,No,No,No,No,Yes,No,0,0,0,0,0,0,0,0,0,0,0,0,0,0,0,0,0,0,0,0,0,0,0,0,0,0,0,0,0,0,7199,989,755,65,16.0,64,0.300,43.250,550.0,2394.0,0.1,0.0,0.0,0.0,0.0,0.0,0.0,0.0,0.8,127,16065,127,No,No,No,No,No,No,No,No,16.757,68.277,100.0,0.000,24.1,0,0,0,0.0,0.5,0.5,0.5,0.5,0.5,0.5,0.5,0.5,0.5,0.5,0.5,0.5,2006.67,2006.67,2006.67,2006.67,2006.67,2006.67,0.67,2006.11,2006.67,0.00,1963.76,648,7,0.2,0.1,0,0,0.0,0.0,0,
9.6.2026,13:40:9.046,20642,28126,42.3,17325,15059,53.4,10.5,16384,1714,0.874,0.882,0.878,0.880,0.868,0.871,0.873,0.873,0.873,0.873,0.873,0.873,0.873,0.874,0.874,0.818,0.783,2764.7,3192.2,3192.2,3092.4,3092.4,3092.4,3092.4,2493.9,2493.9,2493.9,2493.9,2493.9,2493.9,2493.9,2493.9,99.8,2593.7,2877.7,3131.2,3128.1,3134.2,3134.7,3131.0,3136.4,3125.2,3123.8,3135.6,3133.5,3135.7,3136.1,2448.0,2513.0,2521.1,2528.1,2490.2,2487.7,2490.6,2490.6,2974.7,100.0,100.0,100.0,100.0,100.0,100.0,100.0,100.0,100.0,100.0,99.9,100.0,100.0,99.9,100.0,100.0,100.0,100.0,100.0,100.0,100.0,100.0,100.0,100.0,124.6,119.2,119.2,119.2,119.2,119.3,119.3,118.9,118.8,119.3,119.2,119.2,119.2,133.7,133.9,133.9,133.9,131.9,131.9,131.9,131.8,124.6,27.7,32.0,32.0,31.0,31.0,31.0,31.0,25.0,25.0,25.0,25.0,25.0,25.0,25.0,25.0,26.0,67,69,68,69,67,68,68,67,67,67,67,65,65,65,65,33,31,32,31,33,32,32,33,33,33,33,35,35,35,35,76,69,No,No,No,No,No,No,No,No,No,No,No,No,No,No,No,No,No,No,No,No,No,No,No,No,No,No,No,No,No,No,Yes,Yes,Yes,Yes,Yes,Yes,Yes,Yes,Yes,Yes,Yes,Yes,Yes,Yes,Yes,No,No,Yes,76,70,64,1.100,39.657,43.463,36.084,0.001,5.700,0.786,175.0,175.0,175.0,175.0,0,0.0,99.5,99.7,99.6,99.8,99.8,99.6,99.8,99.8,99.7,99.8,99.7,99.8,99.8,96.4,99.0,99.3,99.6,99.6,99.5,99.6,99.6,0.0,0.0,0.0,0.0,0.0,0.0,0.0,0.1,0.0,0.0,0.0,0.0,0.0,0.0,0.0,0.0,0.0,0.0,0.0,0.0,0.0,0.0,0.0,0.0,0.0,0.0,0.0,0.0,0.0,0.0,0.0,0.0,0.0,0.0,0.0,0.0,0.0,2194.6,22.00,32,32,32,62,103,351,2,2,Yes,No,No,No,No,No,No,No,Yes,No,No,No,No,Yes,No,No,No,No,No,No,No,Yes,No,No,No,No,No,No,No,No,No,No,No,No,No,No,No,No,93.0,4500,2520,4380,72.2,1.095,1.110,1.800,1.815,1.005,5.110,2.750,No,No,No,72.5,1.095,1.110,1.800,1.815,1.005,5.110,1.500,No,No,No,49,49,94.0,100.0,No,No,32156,47959,37,70,99.0,100.0,No,No,1844,3246,100.0,0.1,100.0,26.283,0.084,68898,49261,0.0,0.0,0.0,0.000,0.000,164001,82786,58.7,64.0,66.2,83.0,0.870,20.677,20.670,20.685,21.406,9.546,9.557,8.681,18.265,3.000,11.695,7.802,7.821,100.000,140.000,2175.0,2150.2,1875.0,2175.0,1890.0,0.0,0.0,0.0,0.0,12.1,0.0,0.0,0.0,0.0,0.0,Yes,No,No,No,No,Yes,No,0,0,0,0,0,0,0,0,0,0,0,0,0,0,0,0,0,0,0,0,0,0,0,0,0,0,0,0,0,0,7199,989,755,65,16.0,64,0.300,43.749,600.0,2194.0,0.1,0.0,0.0,0.0,0.0,0.0,0.0,0.0,0.8,127,16065,127,No,No,No,No,No,No,No,No,16.748,68.277,100.0,0.000,24.1,0,0,0,0.0,0.5,0.5,0.5,0.5,0.5,0.5,0.5,0.5,0.5,0.5,0.5,0.5,2006.67,2006.67,2006.67,2006.67,2006.67,2006.67,0.67,2006.11,2006.67,0.00,1963.76,648,7,0.0,0.0,0,0,0.0,0.0,0,
9.6.2026,13:40:11.054,20643,28125,42.3,17320,15064,53.4,10.5,16384,1714,0.877,0.883,0.871,0.876,0.879,0.867,0.879,0.874,0.874,0.874,0.873,0.873,0.884,0.886,0.889,0.818,0.781,2757.5,3192.2,3092.4,3092.4,3092.4,3092.4,3092.4,2493.9,2493.9,2493.9,2493.9,2493.9,2493.9,2493.9,2493.9,99.8,2593.7,2875.3,3130.4,3130.6,3132.1,3130.7,3127.7,3133.8,3118.9,3118.5,3133.7,3133.2,3133.4,3133.5,2447.3,2516.2,2520.2,2526.2,2484.1,2484.7,2486.2,2483.9,2972.9,100.0,100.0,100.0,100.0,100.0,100.0,100.0,100.0,100.0,100.0,100.0,100.0,100.0,99.9,100.0,100.0,100.0,100.0,100.0,100.0,100.0,100.0,100.0,100.0,124.5,119.2,119.1,119.1,119.1,119.1,119.2,118.7,118.7,119.2,119.2,119.2,119.2,133.7,133.8,133.8,133.9,131.5,131.5,131.6,131.5,124.5,27.6,32.0,31.0,31.0,31.0,31.0,31.0,25.0,25.0,25.0,25.0,25.0,25.0,25.0,25.0,26.0,67,69,67,68,67,68,68,67,67,67,67,65,65,65,66,33,31,33,32,33,32,32,33,33,33,33,35,35,35,34,76,69,No,No,No,No,No,No,No,No,No,No,No,No,No,No,No,No,No,No,No,No,No,No,No,No,No,No,No,No,No,No,Yes,Yes,Yes,Yes,Yes,Yes,Yes,Yes,Yes,Yes,Yes,Yes,Yes,Yes,Yes,No,No,Yes,76,69,64,1.100,41.344,43.250,35.926,0.001,5.672,0.767,175.0,175.0,175.0,175.0,0,0.0,99.5,99.7,99.7,99.8,99.7,99.6,99.8,99.8,99.8,99.8,99.8,99.8,99.8,96.4,99.2,99.3,99.5,99.6,99.6,99.7,99.6,0.0,0.0,0.0,0.0,0.0,0.0,0.0,0.1,0.0,0.0,0.0,0.0,0.0,0.0,0.0,0.0,0.0,0.0,0.0,0.0,0.0,0.0,0.0,0.0,0.0,0.0,0.0,0.0,0.0,0.0,0.0,0.0,0.0,0.0,0.0,0.0,0.0,2394.1,24.00,36,35,35,68,103,383,2,2,Yes,No,No,No,No,No,No,No,Yes,No,No,No,No,Yes,No,No,No,No,No,No,No,Yes,No,No,No,No,No,No,No,No,No,No,No,No,No,No,No,No,93.0,4500,2520,4320,72.2,1.095,1.110,1.815,1.815,1.005,5.110,1.750,No,No,No,72.5,1.095,1.110,1.800,1.815,1.005,5.110,1.000,No,No,No,49,49,94.0,100.0,No,No,32156,47959,37,70,99.0,100.0,No,No,1844,3246,100.0,0.1,100.0,25.154,0.065,68948,49261,0.0,0.0,0.0,0.000,0.000,164001,82786,58.7,64.0,66.1,83.0,0.870,20.678,20.671,20.685,21.321,9.572,9.627,8.703,18.347,3.000,11.713,7.790,7.821,100.000,140.000,2175.0,2150.2,1875.0,2175.0,1890.0,0.0,0.0,0.0,0.0,12.1,0.0,0.0,0.0,0.0,0.0,Yes,No,No,No,No,Yes,No,0,0,0,0,0,0,0,0,0,0,0,0,0,0,0,0,0,0,0,0,0,0,0,0,0,0,0,0,0,0,7199,989,755,65,16.0,64,0.300,44.677,600.0,2394.0,0.1,0.0,0.0,0.0,0.0,0.0,0.0,0.0,0.8,127,16065,127,No,No,No,No,No,No,No,No,16.747,68.277,100.0,0.000,24.1,0,0,0,0.0,0.5,0.5,0.5,0.5,0.5,0.5,0.5,0.5,0.5,0.5,0.5,0.5,2006.67,2006.67,2006.67,2006.67,2006.67,2006.67,0.67,2006.11,2006.67,0.00,1963.76,648,7,1.2,0.0,0,0,0.0,0.0,0,
9.6.2026,13:40:13.046,20640,28128,42.3,17316,15068,53.4,10.5,16384,1714,0.871,0.871,0.868,0.868,0.877,0.872,0.875,0.873,0.871,0.871,0.869,0.867,0.867,0.871,0.872,0.808,0.781,2750.4,3092.4,3092.4,3092.4,3092.4,3092.4,3092.4,2493.9,2493.9,2493.9,2493.9,2493.9,2493.9,2493.9,2493.9,99.8,2493.9,2893.7,3135.7,3143.6,3150.3,3149.3,3145.8,3151.4,3145.6,3146.7,3149.1,3147.5,3132.8,3149.1,2431.4,2514.4,2528.2,2538.4,2528.5,2527.1,2528.6,2529.9,2985.0,99.7,99.5,99.8,99.9,99.9,99.9,99.9,99.9,99.9,99.8,99.8,99.3,99.8,98.8,99.7,99.7,99.9,99.9,99.8,99.9,99.9,99.9,99.7,100.0,125.5,119.4,119.7,119.8,119.8,119.9,119.9,119.7,119.7,119.8,119.7,119.2,119.8,133.6,134.6,134.5,134.8,133.9,133.8,133.9,133.9,125.5,27.6,31.0,31.0,31.0,31.0,31.0,31.0,25.0,25.0,25.0,25.0,25.0,25.0,25.0,25.0,25.0,67,69,67,69,66,68,68,67,67,67,68,65,65,66,65,33,31,33,31,34,32,32,33,33,33,32,35,35,34,35,76,69,No,No,No,No,No,No,No,No,No,No,No,No,No,No,No,No,No,No,No,No,No,No,No,No,No,No,No,No,No,No,Yes,Yes,Yes,Yes,Yes,Yes,Yes,Yes,Yes,Yes,Yes,Yes,Yes,Yes,Yes,No,No,Yes,77,69,64,1.100,40.501,44.328,37.025,0.001,5.655,0.757,175.0,175.0,175.0,175.0,0,0.0,99.2,99.2,99.5,99.7,99.7,99.5,99.7,99.7,99.7,99.7,99.6,99.1,99.6,95.1,98.4,98.9,99.3,99.5,99.5,99.5,99.6,0.1,0.0,0.0,0.0,0.0,0.0,0.0,0.9,0.2,0.3,0.1,0.1,0.1,0.1,0.1,0.0,0.0,0.0,0.0,0.0,0.0,0.0,0.0,0.0,0.0,0.0,0.0,0.0,0.0,0.0,0.0,0.0,0.0,0.0,0.0,0.0,0.0,2394.1,24.00,36,35,35,68,103,383,2,2,Yes,No,No,No,No,No,No,No,Yes,No,No,No,No,Yes,No,No,No,No,No,No,No,Yes,No,No,No,No,No,No,No,No,No,No,No,No,No,No,No,No,94.0,4500,2520,4260,72.2,1.095,1.110,1.815,1.800,1.005,5.110,1.625,No,No,No,72.5,1.095,1.110,1.815,1.800,1.005,5.110,2.625,No,No,No,49,49,94.0,100.0,No,No,32156,47959,37,70,99.0,100.0,No,No,1844,3246,100.0,0.0,100.0,25.477,0.032,68997,49261,0.0,0.0,0.0,0.000,0.000,164001,82786,58.7,64.0,66.1,83.0,0.870,20.674,20.668,20.680,21.316,9.558,9.600,8.701,18.302,3.000,11.705,7.784,7.816,100.000,140.000,2175.0,2150.2,1875.0,2175.0,1890.0,0.0,0.0,0.0,0.0,12.1,0.0,0.0,0.0,0.0,0.0,Yes,No,No,No,No,Yes,No,0,0,0,0,0,0,0,0,0,0,0,0,0,0,0,0,0,0,0,0,0,0,0,0,0,0,0,0,0,0,7199,989,755,65,16.0,65,0.300,45.058,550.0,2394.0,0.1,0.0,0.0,0.0,0.0,0.0,0.0,0.0,0.8,127,16065,127,No,No,No,No,No,No,No,No,16.746,68.277,100.0,0.000,24.1,0,0,0,0.0,0.6,0.6,0.6,0.6,0.6,0.6,0.6,0.6,0.6,0.6,0.6,0.6,1665.17,1665.17,1665.17,1665.17,1665.17,1665.17,0.45,1664.72,1665.17,0.00,282.21,648,7,1.0,0.0,0,0,0.0,0.0,0,
9.6.2026,13:40:15.056,20639,28128,42.3,17312,15071,53.4,10.5,16384,1714,0.879,0.882,0.869,0.884,0.876,0.871,0.889,0.889,0.889,0.889,0.889,0.876,0.862,0.872,0.872,0.818,0.781,2679.2,3192.2,3192.2,3192.2,3192.2,3092.4,3092.4,2493.9,2493.9,2493.9,2493.9,2493.9,1097.3,2493.9,2493.9,99.8,2593.7,2861.3,3109.9,3109.8,3113.0,3112.5,3108.5,3114.0,3108.5,3108.1,3115.0,3114.8,3115.2,3115.4,2432.1,2497.2,2505.0,2508.1,2483.9,2485.5,2485.4,2484.6,2955.4,100.0,100.0,100.0,100.0,100.0,100.0,100.0,100.0,100.0,100.0,100.0,100.0,100.0,100.0,100.0,100.0,100.0,100.0,100.0,100.0,100.0,100.0,100.0,100.0,123.9,118.4,118.4,118.4,118.4,118.4,118.4,118.2,118.2,118.4,118.4,118.4,118.4,132.8,132.8,132.8,132.8,131.5,131.5,131.6,131.5,123.9,26.9,32.0,32.0,32.0,32.0,31.0,31.0,25.0,25.0,25.0,25.0,25.0,11.0,25.0,25.0,26.0,67,69,69,71,68,67,67,67,67,67,67,66,66,66,66,33,31,31,29,32,33,33,33,33,33,33,34,34,34,34,76,71,No,No,No,No,No,No,No,No,No,No,No,No,No,No,No,No,No,No,No,No,No,No,No,No,No,No,No,No,No,No,Yes,Yes,Yes,Yes,Yes,Yes,Yes,Yes,Yes,Yes,Yes,Yes,Yes,Yes,Yes,No,No,Yes,76,70,64,1.100,47.251,47.817,40.464,0.001,5.686,0.778,175.0,175.0,175.0,175.0,0,0.0,99.5,99.7,99.7,99.8,99.8,99.6,99.8,99.8,99.8,99.8,99.8,99.8,99.8,96.5,99.1,99.4,99.5,99.6,99.7,99.7,99.6,0.0,0.0,0.0,0.0,0.0,0.0,0.0,0.0,0.0,0.0,0.0,0.0,0.0,0.0,0.0,0.0,0.0,0.0,0.0,0.0,0.0,0.0,0.0,0.0,0.0,0.0,0.0,0.0,0.0,0.0,0.0,0.0,0.0,0.0,0.0,0.0,0.0,2194.6,22.00,32,32,32,62,103,351,2,2,Yes,No,No,No,No,No,No,No,Yes,No,No,No,No,Yes,No,No,No,No,No,No,No,Yes,No,No,No,No,No,No,No,No,No,No,No,No,No,No,No,No,94.0,4440,2520,4200,72.5,1.095,1.110,1.815,1.800,0.990,5.110,1.625,No,No,No,72.5,1.095,1.110,1.815,1.800,1.005,5.110,2.000,No,No,No,49,49,94.0,100.0,No,No,32156,47960,37,70,99.0,100.0,No,No,1844,3246,100.0,0.1,100.0,26.003,0.093,69046,49261,0.0,0.0,0.0,0.000,0.000,164001,82786,58.7,66.0,66.1,83.0,0.870,20.667,20.662,20.672,21.363,9.572,9.617,8.719,18.336,3.000,11.726,7.788,7.821,100.000,140.000,2175.0,2150.2,1875.0,2175.0,1890.0,0.0,0.0,0.0,0.0,12.1,0.0,0.0,0.0,0.0,0.0,Yes,No,No,No,No,Yes,No,0,0,0,0,0,0,0,0,0,0,0,0,0,0,0,0,0,0,0,0,0,0,0,0,0,0,0,0,0,0,7199,989,755,65,16.0,63,0.300,48.394,550.0,2194.0,0.1,0.0,0.0,0.0,0.0,0.0,0.0,0.0,0.8,127,16065,127,No,No,No,No,No,No,No,No,16.746,68.277,100.0,0.000,24.1,0,0,0,0.0,0.6,0.6,0.6,0.6,0.6,0.6,0.6,0.6,0.6,0.6,0.6,0.6,1800.43,1800.43,1800.43,1800.43,1800.43,1800.43,0.53,1799.89,1800.43,0.00,1611.26,648,7,0.1,0.1,0,0,0.0,0.0,0,
9.6.2026,13:40:17.051,20639,28129,42.3,17313,15070,53.4,10.5,16384,1714,0.875,0.869,0.873,0.873,0.881,0.871,0.875,0.875,0.875,0.875,0.875,0.876,0.876,0.876,0.876,0.808,0.781,2757.5,3092.4,3092.4,3092.4,3192.2,3092.4,3092.4,2493.9,2493.9,2493.9,2493.9,2493.9,2493.9,2493.9,2493.9,99.8,2493.9,2866.4,3122.1,3121.1,3124.1,3123.5,3119.2,3123.3,3116.6,3116.4,3122.0,3122.6,3123.0,3123.0,2421.7,2487.0,2497.6,2504.2,2488.4,2488.9,2491.5,2490.9,2960.5,100.0,100.0,100.0,100.0,100.0,100.0,100.0,100.0,100.0,100.0,100.0,100.0,100.0,100.0,100.0,100.0,100.0,100.0,100.0,100.0,100.0,100.0,100.0,100.0,124.3,118.8,118.8,118.8,118.8,118.9,118.9,118.6,118.6,118.8,118.8,118.9,118.9,133.1,133.1,133.1,133.1,131.8,131.8,131.8,131.8,124.3,27.6,31.0,31.0,31.0,32.0,31.0,31.0,25.0,25.0,25.0,25.0,25.0,25.0,25.0,25.0,25.0,67,69,67,69,67,67,68,66,66,66,66,66,66,66,66,33,31,33,31,33,33,32,34,34,34,34,34,34,34,34,77,69,No,No,No,No,No,No,No,No,No,No,No,No,No,No,No,No,No,No,No,No,No,No,No,No,No,No,No,No,No,No,Yes,Yes,Yes,Yes,Yes,Yes,Yes,Yes,Yes,Yes,Yes,Yes,Yes,Yes,Yes,No,No,Yes,77,70,64,1.100,43.032,46.471,39.346,0.001,5.686,0.772,175.0,175.0,175.0,175.0,0,0.0,99.4,99.7,99.7,99.8,99.8,99.6,99.8,99.8,99.8,99.8,99.8,99.8,99.8,96.1,98.7,99.1,99.3,99.6,99.6,99.7,99.7,0.0,0.0,0.0,0.0,0.0,0.0,0.0,0.0,0.0,0.0,0.0,0.0,0.0,0.0,0.0,0.0,0.0,0.0,0.0,0.0,0.0,0.0,0.0,0.0,0.0,0.0,0.0,0.0,0.0,0.0,0.0,0.0,0.0,0.0,0.0,0.0,0.0,2394.1,24.00,36,35,35,68,103,383,2,2,Yes,No,No,No,No,No,No,No,Yes,No,No,No,No,Yes,No,No,No,No,No,No,No,Yes,No,No,No,No,No,No,No,No,No,No,No,No,No,No,No,No,93.0,4440,2520,4260,72.5,1.095,1.110,1.815,1.800,0.990,5.110,1.875,No,No,No,72.8,1.095,1.110,1.815,1.800,0.990,5.110,1.625,No,No,No,49,49,94.0,100.0,No,No,32156,47960,37,70,99.0,100.0,No,No,1844,3246,100.0,0.1,100.0,25.616,0.068,69095,49261,0.0,0.0,0.0,0.000,0.000,164001,82786,58.8,64.0,66.1,83.0,0.870,20.670,20.664,20.676,21.310,9.553,9.578,8.700,18.278,3.000,11.705,7.789,7.821,100.000,140.000,2175.0,2150.2,1875.0,2175.0,1890.0,0.0,0.0,0.0,0.0,12.1,0.0,0.0,0.0,0.0,0.0,Yes,No,No,No,No,Yes,No,0,0,0,0,0,0,0,0,0,0,0,0,0,0,0,0,0,0,0,0,0,0,0,0,0,0,0,0,0,0,7199,989,755,65,16.0,65,0.300,46.240,600.0,2394.0,0.1,0.0,0.0,0.0,0.0,0.0,0.0,0.0,0.8,127,16065,127,No,No,No,No,No,No,No,No,16.746,68.277,100.0,0.000,24.1,0,0,0,0.0,0.6,0.6,0.6,0.6,0.6,0.6,0.6,0.6,0.6,0.6,0.6,0.6,1800.43,1800.43,1800.43,1800.43,1800.43,1800.43,0.53,1799.89,1800.43,0.00,1611.26,648,7,0.1,0.0,0,0,0.0,0.0,0,
9.6.2026,13:40:19.060,20638,28130,42.3,17316,15068,53.4,10.5,16384,1714,0.874,0.899,0.882,0.882,0.876,0.873,0.877,0.867,0.867,0.867,0.867,0.868,0.868,0.869,0.869,0.818,0.783,2793.2,3192.2,3192.2,3192.2,3192.2,3192.2,3192.2,2493.9,2493.9,2493.9,2493.9,2493.9,2493.9,2493.9,2493.9,99.8,2593.7,2867.2,3116.7,3117.1,3120.6,3118.6,3116.0,3122.1,3113.6,3113.8,3121.5,3122.2,3123.2,3123.6,2437.5,2503.3,2505.9,2511.9,2488.5,2490.0,2490.4,2488.6,2961.7,100.0,100.0,100.0,100.0,100.0,100.0,100.0,100.0,100.0,100.0,100.0,100.0,100.0,100.0,100.0,100.0,100.0,100.0,100.0,100.0,100.0,100.0,100.0,100.0,124.1,118.7,118.6,118.7,118.6,118.7,118.7,118.3,118.4,118.6,118.6,118.7,118.7,132.9,133.0,132.9,133.0,131.8,131.8,131.8,131.8,124.1,28.0,32.0,32.0,32.0,32.0,32.0,32.0,25.0,25.0,25.0,25.0,25.0,25.0,25.0,25.0,26.0,67,69,67,69,67,68,68,66,66,66,66,66,66,65,65,33,31,33,31,33,32,32,34,34,34,34,34,34,35,35,77,69,No,No,No,No,No,No,No,No,No,No,No,No,No,No,No,No,No,No,No,No,No,No,No,No,No,No,No,No,No,No,Yes,Yes,Yes,Yes,Yes,Yes,Yes,Yes,Yes,Yes,Yes,Yes,Yes,Yes,Yes,No,No,Yes,76,69,66,1.100,43.032,45.650,38.047,0.001,5.697,0.788,175.0,175.0,175.0,175.0,0,0.0,99.5,99.7,99.7,99.8,99.7,99.6,99.8,99.8,99.8,99.8,99.8,99.8,99.8,96.6,99.2,99.3,99.5,99.6,99.7,99.7,99.6,0.0,0.0,0.0,0.0,0.0,0.0,0.0,0.0,0.0,0.0,0.0,0.0,0.0,0.0,0.0,0.0,0.0,0.0,0.0,0.0,0.0,0.0,0.0,0.0,0.0,0.0,0.0,0.0,0.0,0.0,0.0,0.0,0.0,0.0,0.0,0.0,0.0,2194.6,22.00,32,32,32,62,103,351,2,2,Yes,No,No,No,No,No,No,No,Yes,No,No,No,No,Yes,No,No,No,No,No,No,No,Yes,No,No,No,No,No,No,No,No,No,No,No,No,No,No,No,No,94.0,4440,2460,4320,72.5,1.095,1.110,1.815,1.800,0.990,5.110,2.000,No,No,No,72.8,1.095,1.110,1.815,1.800,0.990,5.110,1.375,No,No,No,49,49,94.0,100.0,No,No,32156,47960,37,70,99.0,100.0,No,No,1844,3246,100.0,0.3,100.0,25.860,0.167,69145,49262,0.0,0.0,0.0,0.000,0.000,164001,82786,58.8,64.0,66.2,83.0,0.870,20.672,20.666,20.678,21.548,9.726,9.672,9.031,18.713,3.000,12.033,7.790,7.845,100.000,140.000,2175.0,2150.2,1875.0,2175.0,1890.0,0.0,1.0,0.0,0.0,12.1,0.0,0.0,0.0,0.0,0.0,Yes,No,No,No,No,Yes,No,0,0,0,0,0,0,0,0,0,0,0,0,0,0,0,0,0,0,0,0,0,0,0,0,0,0,0,0,0,0,7199,989,755,65,16.0,64,0.300,46.169,600.0,2194.0,0.1,0.0,0.0,0.0,0.0,0.0,0.0,0.0,0.8,127,16065,127,No,No,No,No,No,No,No,No,16.748,68.277,100.0,0.000,24.1,0,0,0,0.0,0.6,0.6,0.6,0.6,0.6,0.6,0.6,0.6,0.6,0.6,0.6,0.6,1800.43,1800.43,1800.43,1800.43,1800.43,1800.43,0.53,1799.89,1800.43,0.00,1611.26,648,7,0.1,0.0,0,0,0.0,0.0,0,
9.6.2026,13:40:21.060,20637,28130,42.3,17309,15075,53.4,10.5,16384,1714,0.874,0.877,0.866,0.872,0.877,0.869,0.873,0.870,0.865,0.875,0.875,0.879,0.879,0.879,0.875,0.818,0.781,2764.7,3192.2,3092.4,3092.4,3192.2,3092.4,3092.4,2493.9,2493.9,2493.9,2493.9,2493.9,2493.9,2493.9,2493.9,99.8,2593.7,2879.8,3135.7,3134.3,3134.8,3136.5,3130.4,3136.3,3125.9,3125.5,3135.8,3133.4,3135.1,3134.8,2446.7,2513.9,2520.6,2527.0,2496.8,2497.2,2496.1,2498.8,2975.4,100.0,100.0,99.9,100.0,100.0,99.9,100.0,99.9,100.0,100.0,99.9,100.0,100.0,99.8,99.9,100.0,100.0,100.0,100.0,100.0,100.0,100.0,100.0,100.0,124.8,119.4,119.3,119.3,119.3,119.3,119.4,119.0,119.0,119.3,119.3,119.4,119.4,134.0,134.1,134.1,134.1,132.2,132.2,132.2,132.2,124.8,27.7,32.0,31.0,31.0,32.0,31.0,31.0,25.0,25.0,25.0,25.0,25.0,25.0,25.0,25.0,26.0,68,70,68,69,67,68,68,67,68,68,68,66,66,66,66,32,30,32,31,33,32,32,33,32,32,32,34,34,34,34,76,70,No,No,No,No,No,No,No,No,No,No,No,No,No,No,No,No,No,No,No,No,No,No,No,No,No,No,No,No,No,No,Yes,Yes,Yes,Yes,Yes,Yes,Yes,Yes,Yes,Yes,Yes,Yes,Yes,Yes,Yes,No,No,Yes,76,69,66,1.100,43.876,47.805,40.527,0.001,5.639,0.752,175.0,175.0,175.0,175.0,0,0.0,99.5,99.7,99.7,99.7,99.8,99.6,99.8,99.7,99.7,99.8,99.8,99.8,99.8,96.4,99.0,99.3,99.5,99.6,99.6,99.6,99.7,0.0,0.0,0.0,0.0,0.0,0.0,0.0,0.1,0.0,0.0,0.0,0.0,0.0,0.0,0.0,0.0,0.0,0.0,0.0,0.0,0.0,0.0,0.0,0.0,0.0,0.0,0.0,0.0,0.0,0.0,0.0,0.0,0.0,0.0,0.0,0.0,0.0,2394.1,24.00,36,35,35,68,103,383,2,2,Yes,No,No,No,No,No,No,No,Yes,No,No,No,No,Yes,No,No,No,No,No,No,No,Yes,No,No,No,No,No,No,No,No,No,No,No,No,No,No,No,No,93.0,4500,2520,4320,72.5,1.095,1.110,1.815,1.800,0.990,5.110,1.500,No,No,No,72.8,1.095,1.110,1.815,1.800,0.990,5.110,2.250,No,No,No,49,49,94.0,100.0,No,No,32156,47960,36,70,99.0,100.0,No,No,1844,3246,100.0,0.1,100.0,26.160,0.030,69196,49262,0.0,0.0,0.0,0.000,0.000,164001,82786,58.8,64.0,66.0,83.0,0.870,20.673,20.667,20.680,21.495,9.574,9.611,8.721,18.343,3.000,11.728,7.792,7.822,100.000,140.000,2175.0,2150.2,1875.0,2175.0,1890.0,1.0,0.0,0.0,0.0,12.1,0.0,0.0,0.0,0.0,0.0,Yes,No,No,No,No,Yes,No,0,0,0,0,0,0,0,0,0,0,0,0,0,0,0,0,0,0,0,0,0,0,0,0,0,0,0,0,0,0,7199,989,755,65,16.0,65,0.300,45.499,550.0,2394.0,0.1,0.0,0.0,0.0,0.0,0.0,0.0,0.0,0.8,127,16065,127,No,No,No,No,No,No,No,No,16.748,68.277,100.0,0.000,24.1,0,0,0,0.0,0.6,0.6,0.6,0.6,0.6,0.6,0.6,0.6,0.6,0.6,0.6,0.6,1800.43,1800.43,1800.43,1800.43,1800.43,1800.43,0.53,1799.89,1800.43,0.00,1611.26,648,7,0.0,0.0,0,0,0.0,0.0,0,
9.6.2026,13:40:23.073,20640,28128,42.3,17309,15075,53.4,10.5,16384,1714,0.867,0.868,0.868,0.858,0.863,0.882,0.867,0.873,0.867,0.865,0.865,0.862,0.867,0.867,0.869,0.818,0.781,2672.0,3192.2,3192.2,3092.4,3092.4,3192.2,3092.4,2493.9,2493.9,2493.9,2493.9,1097.3,2493.9,2493.9,2493.9,99.8,2593.7,2878.9,3126.1,3130.1,3131.3,3134.0,3131.3,3136.6,3128.0,3130.5,3124.8,3130.3,3137.3,3134.7,2430.5,2490.7,2513.3,2521.4,2512.0,2507.7,2513.6,2514.3,2970.7,99.8,99.8,100.0,99.9,99.9,100.0,100.0,99.8,99.9,99.6,99.8,100.0,99.9,99.6,99.4,99.9,99.9,99.9,99.8,100.0,99.9,100.0,99.8,100.0,124.8,119.0,119.2,119.1,119.2,119.3,119.3,119.0,119.1,118.8,119.0,119.3,119.1,133.4,133.1,133.7,133.7,133.0,132.9,133.1,133.0,124.8,26.8,32.0,32.0,31.0,31.0,32.0,31.0,25.0,25.0,25.0,25.0,11.0,25.0,25.0,25.0,26.0,68,69,67,70,67,68,69,68,67,67,67,68,68,66,66,32,31,33,30,33,32,31,32,33,33,33,32,32,34,34,76,70,No,No,No,No,No,No,No,No,No,No,No,No,No,No,No,No,No,No,No,No,No,No,No,No,No,No,No,No,No,No,Yes,Yes,Yes,Yes,Yes,Yes,Yes,Yes,Yes,Yes,Yes,Yes,Yes,Yes,Yes,No,No,Yes,77,68,65,1.100,36.282,44.539,37.236,0.001,5.658,0.750,175.0,175.0,175.0,175.0,0,0.0,99.3,99.5,99.6,99.6,99.7,99.6,99.8,99.6,99.7,99.4,99.6,99.8,99.7,95.7,98.1,99.0,99.3,99.5,99.4,99.6,99.6,0.1,0.0,0.0,0.0,0.0,0.0,0.0,0.3,0.5,0.1,0.1,0.1,0.2,0.0,0.1,0.0,0.0,0.0,0.0,0.0,0.0,0.0,0.0,0.0,0.0,0.0,0.0,0.0,0.0,0.0,0.0,0.0,0.0,0.0,0.0,0.0,0.0,2394.1,24.00,36,35,35,68,103,383,2,2,Yes,No,No,No,No,No,No,No,Yes,No,No,No,No,Yes,No,No,No,No,No,No,No,Yes,No,No,No,No,No,No,No,No,No,No,No,No,No,No,No,No,92.0,4380,2520,4260,72.5,1.095,1.110,1.800,1.800,0.990,5.110,1.500,No,No,No,72.8,1.095,1.110,1.800,1.800,0.990,5.110,2.500,No,No,No,49,49,94.0,100.0,No,No,32156,47960,37,70,99.0,100.0,No,No,1844,3246,100.0,0.1,100.0,25.676,0.071,69244,49262,0.0,0.0,0.0,0.000,0.000,164001,82786,58.8,64.0,66.1,83.0,0.870,20.674,20.667,20.681,21.361,9.544,9.562,8.680,18.261,3.000,11.692,7.788,7.823,100.000,140.000,2175.0,2150.2,1875.0,2175.0,1890.0,0.0,0.0,0.0,0.0,12.1,0.0,0.0,0.0,0.0,0.0,Yes,No,No,No,No,Yes,No,0,0,0,0,0,0,0,0,0,0,0,0,0,0,0,0,0,0,0,0,0,0,0,0,0,0,0,0,0,0,7199,989,755,64,16.0,65,0.300,45.125,600.0,2394.0,0.1,0.0,0.0,0.0,0.0,0.0,0.0,0.0,0.8,127,16065,127,No,No,No,No,No,No,No,No,16.748,68.277,100.0,0.000,24.1,0,0,0,0.0,1.6,1.6,1.6,1.6,1.6,1.6,1.6,1.6,1.6,1.6,1.6,1.6,617.72,617.72,617.72,617.72,617.72,617.72,0.40,617.23,617.72,0.00,36.81,648,7,0.3,0.0,0,0,0.0,0.0,0,
9.6.2026,13:40:25.083,20640,28128,42.3,17305,15078,53.4,10.5,16384,1714,0.877,0.861,0.874,0.874,0.870,0.878,0.879,0.883,0.881,0.881,0.881,0.881,0.881,0.881,0.870,0.808,0.783,2693.4,3092.4,3092.4,3092.4,3092.4,3192.2,3192.2,2593.7,2593.7,2593.7,2593.7,2493.9,2493.9,2493.9,1097.3,99.8,2493.9,2865.4,3116.8,3114.6,3119.2,3117.5,3115.0,3119.6,3112.8,3111.9,3118.8,3119.0,3120.0,3120.9,2432.9,2494.9,2505.2,2515.4,2488.3,2487.4,2490.0,2488.5,2959.7,100.0,100.0,100.0,100.0,100.0,100.0,100.0,100.0,100.0,100.0,100.0,100.0,100.0,100.0,100.0,100.0,100.0,100.0,100.0,100.0,100.0,100.0,100.0,100.0,124.2,118.7,118.7,118.7,118.7,118.7,118.7,118.4,118.4,118.7,118.7,118.7,118.7,133.3,133.3,133.3,133.3,131.8,131.8,131.8,131.8,124.2,27.0,31.0,31.0,31.0,31.0,32.0,32.0,26.0,26.0,26.0,26.0,25.0,25.0,25.0,11.0,25.0,67,69,67,69,67,68,67,66,67,67,67,66,66,66,66,33,31,33,31,33,32,33,34,33,33,33,34,34,34,34,76,69,No,No,No,No,No,No,No,No,No,No,No,No,No,No,No,No,No,No,No,No,No,No,No,No,No,No,No,No,No,No,Yes,Yes,Yes,Yes,Yes,Yes,Yes,Yes,Yes,Yes,Yes,Yes,Yes,Yes,Yes,No,No,Yes,76,69,65,1.100,45.563,47.288,40.090,0.001,5.672,0.764,175.0,175.0,175.0,175.0,0,0.0,99.5,99.7,99.6,99.8,99.7,99.6,99.8,99.8,99.8,99.8,99.8,99.8,99.8,96.3,98.8,99.2,99.6,99.6,99.5,99.6,99.6,0.0,0.0,0.0,0.0,0.0,0.0,0.0,0.0,0.0,0.0,0.0,0.0,0.0,0.0,0.0,0.0,0.0,0.0,0.0,0.0,0.0,0.0,0.0,0.0,0.0,0.0,0.0,0.0,0.0,0.0,0.0,0.0,0.0,0.0,0.0,0.0,0.0,2194.6,22.00,32,32,32,62,103,351,2,2,Yes,No,No,No,No,No,No,No,Yes,No,No,No,No,Yes,No,No,No,No,No,No,No,Yes,No,No,No,No,No,No,No,No,No,No,No,No,No,No,No,No,94.0,4380,2520,4260,72.5,1.095,1.110,1.800,1.815,0.990,5.110,1.125,No,No,No,72.8,1.095,1.110,1.800,1.800,0.990,5.110,2.000,No,No,No,49,49,94.0,100.0,No,No,32156,47960,37,70,99.0,100.0,No,No,1844,3246,100.0,0.1,100.0,26.308,0.126,69295,49262,0.0,0.0,0.0,0.000,0.000,164001,82786,58.8,64.0,66.2,83.0,0.870,20.669,20.663,20.675,21.354,9.593,9.645,8.740,18.400,3.000,11.753,7.790,7.822,100.000,140.000,2175.0,2150.2,1875.0,2175.0,1890.0,0.0,0.0,0.0,0.0,12.1,0.0,0.0,0.0,0.0,0.0,Yes,No,No,No,No,Yes,No,0,0,0,0,0,0,0,0,0,0,0,0,0,0,0,0,0,0,0,0,0,0,0,0,0,0,0,0,0,0,7199,989,755,64,16.0,64,0.300,46.331,600.0,2194.0,0.1,0.0,0.0,0.0,0.0,0.0,0.0,0.0,0.8,127,16065,127,No,No,No,No,No,No,No,No,16.746,68.277,100.0,0.000,24.1,0,0,0,0.0,0.5,0.5,0.5,0.5,0.5,0.5,0.5,0.5,0.5,0.5,0.5,0.5,2028.55,2028.55,2028.55,2028.55,2028.55,2028.55,0.57,2027.98,2028.55,0.00,1250.12,648,7,0.1,0.1,0,0,0.0,0.0,0,
9.6.2026,13:40:27.079,20646,28121,42.3,17323,15060,53.4,10.5,16384,1714,0.872,0.866,0.878,0.872,0.875,0.871,0.872,0.870,0.870,0.870,0.870,0.870,0.870,0.875,0.872,0.808,0.783,2750.4,3092.4,3092.4,3092.4,3092.4,3092.4,3092.4,2493.9,2493.9,2493.9,2493.9,2493.9,2493.9,2493.9,2493.9,99.8,2493.9,2885.7,3134.6,3134.8,3138.7,3139.4,3132.7,3138.4,3132.4,3132.9,3138.2,3138.3,3139.0,3136.8,2451.9,2517.5,2527.3,2531.4,2510.8,2511.9,2513.9,2513.1,2979.0,100.0,99.9,100.0,100.0,100.0,100.0,100.0,100.0,100.0,100.0,100.0,100.0,99.9,99.9,100.0,100.0,100.0,100.0,100.0,100.0,99.9,100.0,100.0,100.0,125.0,119.4,119.4,119.4,119.4,119.4,119.4,119.2,119.2,119.4,119.4,119.4,119.4,134.1,134.2,134.2,134.2,133.0,133.0,133.0,132.9,125.0,27.6,31.0,31.0,31.0,31.0,31.0,31.0,25.0,25.0,25.0,25.0,25.0,25.0,25.0,25.0,25.0,67,70,67,70,67,67,68,66,66,66,66,66,66,66,66,33,30,33,30,33,33,32,34,34,34,34,34,34,34,34,77,70,No,No,No,No,No,No,No,No,No,No,No,No,No,No,No,No,No,No,No,No,No,No,No,No,No,No,No,No,No,No,Yes,Yes,Yes,Yes,Yes,Yes,Yes,Yes,Yes,Yes,Yes,Yes,Yes,Yes,Yes,No,No,Yes,76,69,64,1.100,38.813,44.608,37.280,0.001,5.593,0.723,175.0,175.0,175.0,175.0,0,0.0,99.5,99.6,99.7,99.8,99.8,99.6,99.8,99.8,99.8,99.8,99.8,99.8,99.8,96.4,99.0,99.4,99.6,99.6,99.6,99.7,99.7,0.0,0.0,0.0,0.0,0.0,0.0,0.0,0.1,0.0,0.0,0.0,0.0,0.0,0.0,0.1,0.0,0.0,0.0,0.0,0.0,0.0,0.0,0.0,0.0,0.0,0.0,0.0,0.0,0.0,0.0,0.0,0.0,0.0,0.0,0.0,0.0,0.0,2394.1,24.00,36,35,35,68,103,383,2,2,Yes,No,No,No,No,No,No,No,Yes,No,No,No,No,Yes,No,No,No,No,No,No,No,Yes,No,No,No,No,No,No,No,No,No,No,No,No,No,No,No,No,93.0,4380,2520,4200,72.5,1.095,1.110,1.800,1.815,1.005,5.110,2.250,No,No,No,72.8,1.095,1.110,1.800,1.815,1.005,5.110,1.750,No,No,No,49,49,94.0,100.0,No,No,32156,47960,37,70,99.0,100.0,No,No,1844,3246,100.0,0.1,100.0,25.938,0.030,69344,49262,0.0,0.0,0.0,0.000,0.000,164001,82786,58.8,64.0,66.2,83.0,0.870,20.672,20.666,20.679,21.408,9.584,9.616,8.742,18.363,3.000,11.746,7.793,7.828,100.000,140.000,2175.0,2150.2,1875.0,2175.0,1890.0,0.0,0.0,0.0,0.0,12.1,0.0,0.0,0.0,0.0,0.0,Yes,No,No,No,No,Yes,No,0,0,0,0,0,0,0,0,0,0,0,0,0,0,0,0,0,0,0,0,0,0,0,0,0,0,0,0,0,0,7199,989,755,64,16.0,65,0.300,45.377,600.0,2394.0,0.1,0.0,0.0,0.0,0.0,0.0,0.0,0.0,0.8,127,16065,127,No,No,No,No,No,No,No,No,16.746,68.277,100.0,0.000,24.1,0,0,0,0.0,1.3,2.5,0.8,0.8,0.8,0.8,1.2,2.5,0.8,0.8,0.8,0.8,799.37,1201.31,397.42,390.04,1209.51,1209.51,0.43,798.98,799.37,0.00,1022.34,648,7,0.1,0.0,0,0,0.0,0.0,0,
9.6.2026,13:40:29.085,20639,28129,42.3,17319,15065,53.4,10.5,16384,1714,0.874,0.872,0.870,0.856,0.872,0.870,0.866,0.865,0.866,0.883,0.883,0.883,0.883,0.883,0.883,0.808,0.778,2764.7,3092.4,3092.4,3092.4,3092.4,3092.4,3092.4,2493.9,2493.9,2593.7,2593.7,2493.9,2493.9,2493.9,2493.9,99.8,2493.9,2860.5,3110.4,3111.1,3113.3,3111.8,3108.0,3113.6,3106.9,3106.7,3113.8,3113.9,3113.8,3113.7,2420.2,2490.7,2496.7,2503.1,2489.6,2491.6,2492.0,2490.0,2953.0,100.0,100.0,100.0,100.0,100.0,100.0,100.0,100.0,100.0,100.0,100.0,100.0,100.0,100.0,100.0,100.0,100.0,100.0,100.0,100.0,100.0,100.0,100.0,100.0,123.9,118.4,118.4,118.4,118.4,118.4,118.4,118.2,118.2,118.4,118.4,118.4,118.4,132.7,132.8,132.8,132.8,131.8,131.8,131.8,131.8,123.9,27.7,31.0,31.0,31.0,31.0,31.0,31.0,25.0,25.0,26.0,26.0,25.0,25.0,25.0,25.0,25.0,67,69,68,69,67,68,68,67,66,67,67,66,66,66,66,33,31,32,31,33,32,32,33,34,33,33,34,34,34,34,76,69,No,No,No,No,No,No,No,No,No,No,No,No,No,No,No,No,No,No,No,No,No,No,No,No,No,No,No,No,No,No,Yes,Yes,Yes,Yes,Yes,Yes,Yes,Yes,Yes,Yes,Yes,Yes,Yes,Yes,Yes,No,No,Yes,76,69,66,1.100,43.876,42.699,35.427,0.001,5.640,0.742,175.0,175.0,175.0,175.0,0,0.0,99.5,99.7,99.7,99.8,99.8,99.6,99.8,99.8,99.8,99.8,99.8,99.8,99.8,96.2,99.0,99.2,99.5,99.6,99.7,99.7,99.6,0.0,0.0,0.0,0.0,0.0,0.0,0.0,0.0,0.0,0.0,0.0,0.0,0.0,0.0,0.0,0.0,0.0,0.0,0.0,0.0,0.0,0.0,0.0,0.0,0.0,0.0,0.0,0.0,0.0,0.0,0.0,0.0,0.0,0.0,0.0,0.0,0.0,2394.1,24.00,36,35,35,68,103,383,2,2,Yes,No,No,No,No,No,No,No,Yes,No,No,No,No,Yes,No,No,No,No,No,No,No,Yes,No,No,No,No,No,No,No,No,No,No,No,No,No,No,No,No,93.0,4440,2520,4260,72.5,1.095,1.110,1.800,1.815,1.005,5.110,1.625,No,No,No,72.8,1.095,1.110,1.800,1.815,1.005,5.110,1.625,No,No,No,49,49,94.0,100.0,No,No,32156,47960,37,70,99.0,100.0,No,No,1844,3246,100.0,0.2,100.0,25.331,0.052,69393,49262,0.0,0.0,0.0,0.000,0.000,164001,82786,58.7,64.0,66.1,83.0,0.870,20.662,20.658,20.666,21.386,9.595,9.658,8.738,18.413,3.000,11.743,7.788,7.821,100.000,140.000,2175.0,2150.2,1875.0,2175.0,1890.0,0.0,0.0,0.0,0.0,12.1,0.0,0.0,0.0,0.0,0.0,Yes,No,No,No,No,Yes,No,0,0,0,0,0,0,0,0,0,0,0,0,0,0,0,0,0,0,0,0,0,0,0,0,0,0,0,0,0,0,7199,989,755,64,16.0,65,0.300,41.073,550.0,2394.0,0.1,0.0,0.0,0.0,0.0,0.0,0.0,0.0,0.8,127,16065,127,No,No,No,No,No,No,No,No,16.747,68.277,100.0,0.000,24.1,0,0,0,0.0,0.5,0.5,0.5,0.5,0.5,0.5,0.5,0.5,0.5,0.5,0.5,0.5,1994.46,1994.46,1994.46,1994.46,1994.46,1994.46,0.57,1993.90,1994.46,0.00,1558.17,648,7,1.3,0.2,0,0,0.0,0.0,0,
9.6.2026,13:40:31.080,20644,28124,42.3,17321,15063,53.4,10.5,16384,1714,0.875,0.861,0.872,0.866,0.889,0.880,0.865,0.874,0.874,0.874,0.874,0.877,0.877,0.883,0.883,0.808,0.778,2750.4,3092.4,3092.4,3092.4,3092.4,3092.4,3092.4,2493.9,2493.9,2493.9,2493.9,2493.9,2493.9,2493.9,2493.9,99.8,2493.9,2886.2,3139.8,3136.7,3140.8,3137.6,3138.0,3141.7,3135.5,3134.1,3141.8,3141.0,3143.8,3135.5,2430.1,2504.1,2522.5,2526.0,2517.4,2519.5,2517.8,2521.0,2978.1,99.9,100.0,99.8,100.0,99.9,100.0,99.9,100.0,99.9,100.0,99.9,100.0,99.7,99.3,99.5,99.8,99.8,100.0,99.9,99.8,100.0,100.0,99.9,100.0,125.1,119.5,119.4,119.5,119.4,119.5,119.5,119.3,119.2,119.5,119.4,119.5,119.2,133.5,133.7,134.0,134.0,133.4,133.3,133.3,133.5,125.1,27.6,31.0,31.0,31.0,31.0,31.0,31.0,25.0,25.0,25.0,25.0,25.0,25.0,25.0,25.0,25.0,67,70,67,68,66,68,68,68,67,67,67,66,66,66,66,33,30,33,32,34,32,32,32,33,33,33,34,34,34,34,77,70,No,No,No,No,No,No,No,No,No,No,No,No,No,No,No,No,No,No,No,No,No,No,No,No,No,No,No,No,No,No,Yes,Yes,Yes,Yes,Yes,Yes,Yes,Yes,Yes,Yes,Yes,Yes,Yes,Yes,Yes,No,No,Yes,76,69,64,1.100,44.719,43.371,36.090,0.001,5.648,0.744,175.0,175.0,175.0,175.0,0,0.0,99.3,99.7,99.6,99.8,99.6,99.6,99.7,99.8,99.7,99.8,99.7,99.8,99.5,95.4,98.4,99.1,99.2,99.5,99.6,99.5,99.6,0.1,0.0,0.0,0.0,0.0,0.0,0.0,0.6,0.4,0.2,0.2,0.0,0.1,0.1,0.0,0.0,0.0,0.0,0.0,0.0,0.0,0.0,0.0,0.0,0.0,0.0,0.0,0.0,0.0,0.0,0.0,0.0,0.0,0.0,0.0,0.0,0.0,2394.1,24.00,36,35,35,68,103,383,2,2,Yes,No,No,No,No,No,No,No,Yes,No,No,No,No,Yes,No,No,No,No,No,No,No,Yes,No,No,No,No,No,No,No,No,No,No,No,No,No,No,No,No,93.0,4440,2520,4260,72.5,1.095,1.110,1.800,1.815,1.005,5.110,1.375,No,No,No,72.8,1.095,1.110,1.800,1.815,1.005,5.110,2.250,No,No,No,49,49,94.0,100.0,No,No,32156,47960,37,70,99.0,100.0,No,No,1844,3246,100.0,0.1,100.0,26.216,0.015,69442,49262,0.0,0.0,0.0,0.000,0.000,164001,82786,58.8,64.0,66.1,83.0,0.870,20.666,20.661,20.671,21.397,9.599,9.664,8.740,18.418,3.000,11.749,7.795,7.827,100.000,140.000,2175.0,2150.2,1875.0,2175.0,1890.0,0.0,0.0,0.0,0.0,12.1,0.0,0.0,0.0,0.0,0.0,Yes,No,No,No,No,Yes,No,0,0,0,0,0,0,0,0,0,0,0,0,0,0,0,0,0,0,0,0,0,0,0,0,0,0,0,0,0,0,7199,989,755,64,16.0,65,0.300,46.019,550.0,2394.0,0.1,0.0,0.0,0.0,0.0,0.0,0.0,0.0,0.8,127,16065,127,No,No,No,No,No,No,No,No,16.746,68.277,100.0,0.000,24.1,0,0,0,0.0,0.5,0.5,0.5,0.5,0.5,0.5,0.5,0.5,0.5,0.5,0.5,0.5,1994.46,1994.46,1994.46,1994.46,1994.46,1994.46,0.57,1993.90,1994.46,0.00,1558.17,648,7,1.0,0.2,0,0,0.0,0.0,0,
9.6.2026,13:40:33.090,20642,28126,42.3,17324,15060,53.4,10.5,16384,1714,0.868,0.873,0.886,0.859,0.861,0.866,0.865,0.865,0.869,0.869,0.869,0.872,0.867,0.867,0.867,0.818,0.783,2764.7,3192.2,3192.2,3092.4,3092.4,3092.4,3092.4,2493.9,2493.9,2493.9,2493.9,2493.9,2493.9,2493.9,2493.9,99.8,2593.7,2858.8,3106.3,3107.0,3109.3,3108.9,3106.4,3112.2,3103.8,3103.7,3111.7,3112.0,3112.0,3112.3,2422.8,2486.5,2498.4,2505.0,2489.2,2490.0,2489.4,2488.9,2951.1,100.0,100.0,100.0,100.0,100.0,100.0,100.0,100.0,100.0,100.0,100.0,100.0,100.0,100.0,100.0,100.0,100.0,100.0,100.0,100.0,100.0,100.0,100.0,100.0,123.8,118.3,118.3,118.3,118.3,118.3,118.3,118.0,118.0,118.3,118.3,118.3,118.3,132.7,132.7,132.7,132.7,131.8,131.8,131.8,131.8,123.8,27.7,32.0,32.0,31.0,31.0,31.0,31.0,25.0,25.0,25.0,25.0,25.0,25.0,25.0,25.0,26.0,67,70,68,69,67,70,68,67,67,67,67,66,66,66,66,33,30,32,31,33,30,32,33,33,33,33,34,34,34,34,76,70,No,No,No,No,No,No,No,No,No,No,No,No,No,No,No,No,No,No,No,No,No,No,No,No,No,No,No,No,No,No,Yes,Yes,Yes,Yes,Yes,Yes,Yes,Yes,Yes,Yes,Yes,Yes,Yes,Yes,Yes,No,No,Yes,76,69,64,1.100,46.407,46.150,38.851,0.002,5.659,0.750,175.0,175.0,175.0,175.0,0,0.0,99.5,99.7,99.7,99.7,99.7,99.6,99.8,99.8,99.8,99.8,99.8,99.8,99.8,96.2,98.7,99.2,99.5,99.6,99.6,99.6,99.6,0.0,0.0,0.0,0.0,0.0,0.0,0.0,0.0,0.0,0.0,0.0,0.0,0.0,0.0,0.0,0.0,0.0,0.0,0.0,0.0,0.0,0.0,0.0,0.0,0.0,0.0,0.0,0.0,0.0,0.0,0.0,0.0,0.0,0.0,0.0,0.0,0.0,2194.6,22.00,32,32,32,62,103,351,2,2,Yes,No,No,No,No,No,No,No,Yes,No,No,No,No,Yes,No,No,No,No,No,No,No,Yes,No,No,No,No,No,No,No,No,No,No,No,No,No,No,No,No,94.0,4440,2520,4380,72.5,1.095,1.110,1.800,1.815,1.005,5.110,1.500,No,No,No,72.8,1.095,1.110,1.800,1.815,1.005,5.110,1.250,No,No,No,49,49,94.0,100.0,No,No,32156,47960,37,70,99.0,100.0,No,No,1844,3246,100.0,0.1,100.0,25.402,0.091,69491,49262,0.0,0.0,0.0,0.000,0.000,164001,82786,58.8,64.0,66.2,83.0,0.870,20.670,20.664,20.675,21.362,9.581,9.642,8.720,18.360,3.000,11.720,7.798,7.827,100.000,140.000,2175.0,2150.2,1875.0,2175.0,1890.0,0.0,0.0,0.0,0.0,12.1,0.0,0.0,0.0,0.0,0.0,Yes,No,No,No,No,Yes,No,0,0,0,0,0,0,0,0,0,0,0,0,0,0,0,0,0,0,0,0,0,0,0,0,0,0,0,0,0,0,7199,989,755,64,16.0,65,0.300,42.887,550.0,2194.0,0.2,0.0,0.0,0.0,0.0,0.0,0.0,0.0,0.8,127,16065,127,No,No,No,No,No,No,No,No,16.748,68.277,100.0,0.000,24.1,0,0,0,0.0,0.6,0.6,0.6,0.6,0.6,0.6,0.6,0.6,0.6,0.6,0.6,0.6,1788.84,1788.84,1788.84,1788.84,1788.84,1788.84,0.70,1788.25,1788.84,0.00,1686.58,648,7,0.4,0.1,0,0,0.0,0.0,0,
9.6.2026,13:40:35.077,20642,28125,42.3,17329,15054,53.5,10.5,16384,1714,0.873,0.881,0.868,0.862,0.877,0.882,0.872,0.872,0.872,0.872,0.872,0.873,0.873,0.873,0.873,0.818,0.783,2764.7,3192.2,3092.4,3092.4,3092.4,3192.2,3092.4,2493.9,2493.9,2493.9,2493.9,2493.9,2493.9,2493.9,2493.9,99.8,2593.7,2864.1,3114.8,3115.7,3115.9,3118.4,3112.8,3119.0,3110.4,3110.4,3119.1,3119.4,3120.2,3119.8,2429.8,2485.6,2497.9,2506.4,2488.8,2491.3,2493.0,2492.7,2957.2,100.0,99.9,100.0,99.9,100.0,100.0,100.0,100.0,100.0,100.0,100.0,100.0,100.0,100.0,100.0,100.0,100.0,100.0,100.0,100.0,100.0,100.0,100.0,100.0,124.2,118.6,118.7,118.6,118.7,118.7,118.7,118.4,118.4,118.7,118.7,118.7,118.7,133.1,133.1,133.1,133.1,131.9,131.9,131.9,131.9,124.2,27.7,32.0,31.0,31.0,31.0,32.0,31.0,25.0,25.0,25.0,25.0,25.0,25.0,25.0,25.0,26.0,67,69,67,68,67,67,68,66,66,66,66,66,66,66,66,33,31,33,32,33,33,32,34,34,34,34,34,34,34,34,76,69,No,No,No,No,No,No,No,No,No,No,No,No,No,No,No,No,No,No,No,No,No,No,No,No,No,No,No,No,No,No,Yes,Yes,Yes,Yes,Yes,Yes,Yes,Yes,Yes,Yes,Yes,Yes,Yes,Yes,Yes,No,No,Yes,76,70,66,1.100,43.032,40.825,33.577,0.001,5.628,0.729,175.0,175.0,175.0,175.0,0,0.0,99.4,99.6,99.6,99.7,99.8,99.6,99.8,99.8,99.8,99.8,99.8,99.8,99.8,96.4,98.6,99.0,99.4,99.5,99.6,99.7,99.7,0.0,0.0,0.0,0.0,0.0,0.0,0.0,0.0,0.0,0.0,0.0,0.0,0.0,0.0,0.0,0.0,0.0,0.0,0.0,0.0,0.0,0.0,0.0,0.0,0.0,0.0,0.0,0.0,0.0,0.0,0.0,0.0,0.0,0.0,0.0,0.0,0.0,2394.1,24.00,36,35,35,68,103,383,2,2,Yes,No,No,No,No,No,No,No,Yes,No,No,No,No,Yes,No,No,No,No,No,No,No,Yes,No,No,No,No,No,No,No,No,No,No,No,No,No,No,No,No,94.0,4440,2520,4320,72.5,1.095,1.110,1.815,1.815,1.005,5.110,1.625,No,No,No,72.8,1.095,1.110,1.800,1.815,1.005,5.110,1.625,No,No,No,49,49,94.0,100.0,No,No,32156,47960,37,70,99.0,100.0,No,No,1844,3246,100.0,0.1,100.0,28.594,0.074,69547,49263,0.0,0.0,0.0,0.000,0.000,164001,82786,58.8,64.0,66.2,83.0,0.870,20.666,20.661,20.670,21.298,9.576,9.637,8.698,18.355,3.000,11.713,7.806,7.827,100.000,140.000,2175.0,2150.2,1875.0,2175.0,1890.0,0.0,0.0,0.0,0.0,12.1,0.0,0.0,0.0,0.0,0.0,Yes,No,No,No,No,Yes,No,0,0,0,0,0,0,0,0,0,0,0,0,0,0,0,0,0,0,0,0,0,0,0,0,0,0,0,0,0,0,7199,989,755,64,16.0,65,0.300,43.696,550.0,2394.0,0.2,0.0,0.0,0.0,0.0,0.0,0.0,0.0,0.8,127,16065,127,No,No,No,No,No,No,No,No,16.747,68.277,100.0,0.000,24.1,0,0,0,0.0,0.6,0.6,0.6,0.6,0.6,0.6,0.6,0.6,0.6,0.6,0.6,0.6,1788.84,1788.84,1788.84,1788.84,1788.84,1788.84,0.70,1788.25,1788.84,0.00,1686.58,648,7,0.4,0.3,0,0,0.0,0.0,0,
9.6.2026,13:40:37.084,20645,28123,42.3,17340,15044,53.5,10.5,16384,1714,0.881,0.871,0.876,0.873,0.871,0.891,0.868,0.887,0.887,0.887,0.887,0.882,0.882,0.887,0.887,0.808,0.783,2814.5,3092.4,3092.4,3092.4,3092.4,3192.2,3092.4,2593.7,2593.7,2593.7,2593.7,2593.7,2593.7,2593.7,2593.7,99.8,2493.9,2876.4,3130.2,3129.8,3130.5,3130.7,3126.5,3130.1,3120.9,3118.5,3129.4,3127.6,3132.2,3133.0,2436.0,2502.5,2516.3,2522.2,2500.1,2502.8,2504.5,2503.3,2969.8,100.0,100.0,100.0,100.0,100.0,100.0,99.9,100.0,99.9,99.9,99.9,100.0,100.0,99.9,99.9,99.9,100.0,100.0,100.0,100.0,99.9,100.0,100.0,100.0,124.7,119.1,119.1,119.1,119.1,119.2,119.1,118.8,118.7,119.1,119.0,119.2,119.2,133.7,133.8,133.7,133.8,132.5,132.5,132.5,132.4,124.7,28.2,31.0,31.0,31.0,31.0,32.0,31.0,26.0,26.0,26.0,26.0,26.0,26.0,26.0,26.0,25.0,67,70,67,70,67,68,68,67,67,67,67,66,66,66,66,33,30,33,30,33,32,32,33,33,33,33,34,34,34,34,76,70,No,No,No,No,No,No,No,No,No,No,No,No,No,No,No,No,No,No,No,No,No,No,No,No,No,No,No,No,No,No,Yes,Yes,Yes,Yes,Yes,Yes,Yes,Yes,Yes,Yes,Yes,Yes,Yes,Yes,Yes,No,No,Yes,75,69,64,1.100,45.563,45.623,38.431,0.002,5.589,0.713,175.0,175.0,175.0,175.0,0,0.0,99.4,99.7,99.7,99.8,99.8,99.6,99.8,99.8,99.7,99.7,99.7,99.8,99.8,96.0,98.7,99.2,99.4,99.5,99.6,99.7,99.6,0.0,0.0,0.0,0.0,0.0,0.0,0.0,0.1,0.0,0.0,0.0,0.0,0.0,0.0,0.1,0.0,0.0,0.0,0.0,0.0,0.0,0.0,0.0,0.0,0.0,0.0,0.0,0.0,0.0,0.0,0.0,0.0,0.0,0.0,0.0,0.0,0.0,2394.1,24.00,36,35,35,68,103,383,2,2,Yes,No,No,No,No,No,No,No,Yes,No,No,No,No,Yes,No,No,No,No,No,No,No,Yes,No,No,No,No,No,No,No,No,No,No,No,No,No,No,No,No,94.0,4500,2520,4320,72.5,1.095,1.110,1.815,1.800,1.005,5.110,1.375,No,No,No,72.8,1.095,1.110,1.815,1.815,1.005,5.110,1.250,No,No,No,49,49,94.0,100.0,No,No,32156,47960,37,70,99.0,100.0,No,No,1844,3246,54.9,0.1,55.0,32.807,0.051,69609,49263,0.0,0.0,0.0,0.000,0.000,164001,82786,58.8,64.0,66.2,83.0,0.870,20.677,20.670,20.684,21.454,9.567,9.605,8.702,18.326,3.000,11.713,7.796,7.828,100.000,140.000,2175.0,2150.2,1875.0,2175.0,1890.0,0.0,0.0,0.0,0.0,12.1,0.0,0.0,0.0,0.0,0.0,Yes,No,No,No,No,Yes,No,0,0,0,0,0,0,0,0,0,0,0,0,0,0,0,0,0,0,0,0,0,0,0,0,0,0,0,0,0,0,7199,989,755,64,16.0,64,0.300,43.351,600.0,2394.0,0.2,0.0,0.0,0.0,0.0,0.0,0.0,0.0,0.8,127,16065,127,No,No,No,No,No,No,No,No,16.747,68.277,100.0,0.000,24.1,0,0,0,0.0,0.5,0.5,0.5,0.5,0.5,0.5,0.5,0.5,0.5,0.5,0.5,0.5,1947.17,1947.17,1947.17,1947.17,1947.17,1947.17,0.64,1946.52,1947.17,0.00,55.82,648,7,0.0,0.0,0,0,0.0,0.0,0,
9.6.2026,13:40:39.095,20644,28124,42.3,17342,15041,53.5,10.5,16384,1714,0.870,0.869,0.872,0.869,0.873,0.872,0.868,0.869,0.869,0.869,0.869,0.870,0.870,0.870,0.870,0.808,0.778,2786.0,3092.4,3192.2,3092.4,3092.4,3092.4,3092.4,2593.7,2593.7,2593.7,2593.7,2493.9,2493.9,2493.9,2493.9,99.8,2493.9,2861.1,3109.2,3106.3,3102.5,3111.6,3108.3,3113.3,3105.7,3109.6,3112.8,3108.9,3112.8,3113.5,2414.0,2483.0,2496.1,2504.2,2501.9,2499.6,2503.9,2503.8,2950.7,99.9,100.0,99.9,99.7,99.9,100.0,100.0,99.9,100.0,100.0,99.9,100.0,100.0,99.6,99.8,99.9,99.9,100.0,99.9,100.0,100.0,100.0,99.9,100.0,124.0,118.4,118.3,118.0,118.3,118.4,118.4,118.1,118.3,118.4,118.2,118.4,118.4,132.6,132.8,132.9,132.8,132.5,132.3,132.5,132.5,124.0,27.9,31.0,32.0,31.0,31.0,31.0,31.0,26.0,26.0,26.0,26.0,25.0,25.0,25.0,25.0,25.0,67,69,67,69,67,68,68,67,67,67,67,66,66,66,66,33,31,33,31,33,32,32,33,33,33,33,34,34,34,34,76,69,No,No,No,No,No,No,No,No,No,No,No,No,No,No,No,No,No,No,No,No,No,No,No,No,No,No,No,No,No,No,Yes,Yes,Yes,Yes,Yes,Yes,Yes,Yes,Yes,Yes,Yes,Yes,Yes,Yes,Yes,No,No,Yes,76,69,65,1.100,42.188,42.632,35.346,0.002,5.647,0.747,175.0,175.0,175.0,175.0,0,0.0,99.4,99.7,99.6,99.5,99.7,99.6,99.8,99.7,99.8,99.8,99.7,99.8,99.8,95.8,98.5,99.1,99.4,99.6,99.5,99.7,99.7,0.0,0.0,0.0,0.0,0.0,0.0,0.0,0.2,0.1,0.0,0.1,0.0,0.1,0.0,0.0,0.0,0.0,0.0,0.0,0.0,0.0,0.0,0.0,0.0,0.0,0.0,0.0,0.0,0.0,0.0,0.0,0.0,0.0,0.0,0.0,0.0,0.0,2194.6,22.00,32,32,32,62,103,351,2,2,Yes,No,No,No,No,No,No,No,Yes,No,No,No,No,Yes,No,No,No,No,No,No,No,Yes,No,No,No,No,No,No,No,No,No,No,No,No,No,No,No,No,92.0,4380,2520,4260,72.5,1.095,1.110,1.815,1.800,0.990,5.110,1.500,No,No,No,72.8,1.095,1.110,1.815,1.800,1.005,5.110,1.125,No,No,No,49,49,94.0,100.0,No,No,32156,47960,37,70,99.0,100.0,No,No,1844,3246,54.6,0.1,54.7,32.808,0.082,69672,49263,0.0,0.0,0.0,0.000,0.000,164001,82786,58.8,64.0,66.2,83.0,0.870,20.677,20.670,20.685,21.342,9.556,9.577,8.702,18.285,3.000,11.702,7.797,7.829,100.000,140.000,2175.0,2150.2,1875.0,2175.0,1890.0,0.0,0.0,0.0,0.0,12.1,0.0,0.0,0.0,0.0,0.0,Yes,No,No,No,No,Yes,No,0,0,0,0,0,0,0,0,0,0,0,0,0,0,0,0,0,0,0,0,0,0,0,0,0,0,0,0,0,0,7199,989,755,64,16.0,64,0.300,44.185,600.0,2194.0,0.2,0.0,0.0,0.0,0.0,0.0,0.0,0.0,0.8,127,16065,127,No,No,No,No,No,No,No,No,16.747,68.277,100.0,0.000,24.1,0,0,0,0.0,2.2,8.2,1.3,1.3,1.3,1.3,2.2,8.6,1.3,1.3,1.3,1.3,456.56,790.72,122.39,116.25,797.54,797.54,0.39,456.18,456.56,0.00,724.03,648,7,0.1,0.0,0,0,0.0,0.0,0,
9.6.2026,13:40:41.091,20638,28129,42.3,17341,15043,53.5,10.5,16384,1714,0.874,0.868,0.867,0.876,0.883,0.871,0.873,0.872,0.872,0.872,0.874,0.874,0.874,0.877,0.878,0.808,0.778,2764.7,3092.4,3092.4,3192.2,3192.2,3092.4,3092.4,2493.9,2493.9,2493.9,2493.9,2493.9,2493.9,2493.9,2493.9,99.8,2493.9,2862.3,3113.2,3113.5,3115.4,3115.1,3110.5,3116.1,3110.6,3110.6,3116.0,3116.5,3116.0,3115.7,2408.9,2485.8,2494.8,2503.2,2495.4,2496.4,2496.4,2496.6,2953.9,100.0,100.0,100.0,100.0,100.0,100.0,100.0,100.0,100.0,100.0,100.0,100.0,100.0,100.0,100.0,100.0,100.0,100.0,100.0,100.0,100.0,100.0,100.0,100.0,124.1,118.5,118.5,118.5,118.5,118.5,118.5,118.4,118.4,118.5,118.5,118.5,118.5,132.9,132.9,132.9,132.9,132.2,132.2,132.2,132.2,124.1,27.7,31.0,31.0,32.0,32.0,31.0,31.0,25.0,25.0,25.0,25.0,25.0,25.0,25.0,25.0,25.0,67,70,67,68,67,66,67,66,66,67,67,66,66,66,66,33,30,33,32,33,34,33,34,34,33,33,34,34,34,34,76,70,No,No,No,No,No,No,No,No,No,No,No,No,No,No,No,No,No,No,No,No,No,No,No,No,No,No,No,No,No,No,Yes,Yes,Yes,Yes,Yes,Yes,Yes,Yes,Yes,Yes,Yes,Yes,Yes,Yes,Yes,No,No,Yes,76,69,64,1.100,43.876,44.926,37.853,0.001,5.664,0.750,175.0,175.0,175.0,175.0,0,0.0,99.4,99.7,99.7,99.8,99.8,99.6,99.8,99.8,99.8,99.8,99.8,99.8,99.8,95.7,98.7,99.1,99.4,99.6,99.7,99.7,99.7,0.0,0.0,0.0,0.0,0.0,0.0,0.0,0.0,0.0,0.0,0.0,0.0,0.0,0.0,0.0,0.0,0.0,0.0,0.0,0.0,0.0,0.0,0.0,0.0,0.0,0.0,0.0,0.0,0.0,0.0,0.0,0.0,0.0,0.0,0.0,0.0,0.0,2394.1,24.00,36,35,35,68,103,383,2,2,Yes,No,No,No,No,No,No,No,Yes,No,No,No,No,Yes,No,No,No,No,No,No,No,Yes,No,No,No,No,No,No,No,No,No,No,No,No,No,No,No,No,94.0,4380,2520,4200,72.5,1.095,1.110,1.815,1.800,0.990,5.110,1.625,No,No,No,72.8,1.095,1.110,1.815,1.800,0.990,5.110,1.875,No,No,No,49,49,94.0,100.0,No,No,32156,47960,37,70,99.0,100.0,No,No,1844,3246,52.9,0.1,53.0,31.726,0.069,69734,49263,0.0,0.0,0.0,0.000,0.000,164001,82786,58.8,64.0,66.1,83.0,0.870,20.667,20.662,20.673,21.291,9.575,9.610,8.699,18.316,3.000,11.706,7.865,7.827,100.000,140.000,2175.0,2150.2,1875.0,2175.0,1890.0,0.0,0.0,0.0,0.0,12.1,0.0,0.0,0.0,0.0,0.0,Yes,No,No,No,No,Yes,No,0,0,0,0,0,0,0,0,0,0,0,0,0,0,0,0,0,0,0,0,0,0,0,0,0,0,0,0,0,0,7199,989,755,64,16.0,64,0.300,43.424,550.0,2394.0,0.1,0.0,0.0,0.0,0.0,0.0,0.0,0.0,0.8,127,16065,127,No,No,No,No,No,No,No,No,16.748,68.277,100.0,0.000,24.1,0,0,0,0.0,0.5,0.5,0.5,0.5,0.5,0.5,0.5,0.5,0.5,0.5,0.5,0.5,2009.82,2009.82,2009.82,2009.82,2009.82,2009.82,0.35,2009.57,2009.82,0.00,1969.90,648,7,0.0,0.0,0,0,0.0,0.0,0,
9.6.2026,13:40:43.102,20636,28132,42.3,17329,15055,53.5,10.5,16384,1714,0.874,0.871,0.883,0.889,0.872,0.872,0.872,0.872,0.872,0.873,0.873,0.873,0.873,0.873,0.873,0.808,0.781,2764.7,3092.4,3192.2,3192.2,3092.4,3092.4,3092.4,2493.9,2493.9,2493.9,2493.9,2493.9,2493.9,2493.9,2493.9,99.8,2493.9,2858.2,3108.8,3108.7,3110.6,3110.4,3106.4,3110.0,3104.8,3104.4,3110.6,3110.6,3111.5,3112.0,2412.0,2479.6,2495.0,2500.1,2491.4,2491.1,2493.3,2493.4,2949.7,100.0,100.0,100.0,100.0,100.0,100.0,100.0,100.0,100.0,100.0,100.0,100.0,100.0,100.0,100.0,100.0,100.0,100.0,100.0,100.0,100.0,100.0,100.0,100.0,123.9,118.3,118.3,118.3,118.3,118.3,118.3,118.1,118.1,118.3,118.3,118.3,118.3,132.6,132.7,132.7,132.7,131.9,131.9,131.9,131.9,123.9,27.7,31.0,32.0,32.0,31.0,31.0,31.0,25.0,25.0,25.0,25.0,25.0,25.0,25.0,25.0,25.0,68,70,67,69,67,68,68,68,68,68,68,68,68,68,68,32,30,33,31,33,32,32,32,32,32,32,32,32,32,32,76,70,No,No,No,No,No,No,No,No,No,No,No,No,No,No,No,No,No,No,No,No,No,No,No,No,No,No,No,No,No,No,Yes,Yes,Yes,Yes,Yes,Yes,Yes,Yes,Yes,Yes,Yes,Yes,Yes,Yes,Yes,No,No,Yes,77,70,65,1.100,44.719,42.880,35.369,0.001,5.644,0.743,175.0,175.0,175.0,175.0,0,0.0,99.4,99.7,99.7,99.8,99.8,99.6,99.8,99.8,99.8,99.8,99.8,99.8,99.8,95.9,98.6,99.2,99.4,99.6,99.6,99.7,99.7,0.0,0.0,0.0,0.0,0.0,0.0,0.0,0.0,0.0,0.0,0.0,0.0,0.0,0.0,0.0,0.0,0.0,0.0,0.0,0.0,0.0,0.0,0.0,0.0,0.0,0.0,0.0,0.0,0.0,0.0,0.0,0.0,0.0,0.0,0.0,0.0,0.0,2394.1,24.00,36,35,35,68,103,383,2,2,Yes,No,No,No,No,No,No,No,Yes,No,No,No,No,Yes,No,No,No,No,No,No,No,Yes,No,No,No,No,No,No,No,No,No,No,No,No,No,No,No,No,93.0,4380,2520,4200,72.5,1.110,1.110,1.815,1.800,0.990,5.110,1.500,No,No,No,72.8,1.110,1.110,1.815,1.800,0.990,5.110,2.250,No,No,No,49,49,94.0,100.0,No,No,32156,47960,37,70,99.0,100.0,No,No,1844,3246,53.9,0.1,53.9,31.760,0.074,69791,49263,0.0,0.0,0.0,0.000,0.000,164001,82786,58.8,64.0,66.1,83.0,0.870,20.664,20.659,20.669,21.604,9.733,9.694,9.028,18.726,3.000,12.031,7.799,7.850,100.000,140.000,2175.0,2150.2,1875.0,2175.0,1890.0,0.0,1.0,0.0,0.0,12.1,0.0,0.0,0.0,0.0,0.0,Yes,No,No,No,No,Yes,No,0,0,0,0,0,0,0,0,0,0,0,0,0,0,0,0,0,0,0,0,0,0,0,0,0,0,0,0,0,0,7199,989,755,64,16.0,65,0.300,44.424,600.0,2394.0,0.1,0.0,0.0,0.0,0.0,0.0,0.0,0.0,0.8,127,16065,127,No,No,No,No,No,No,No,No,16.748,68.277,100.0,0.000,24.1,0,0,0,0.0,0.5,0.5,0.5,0.5,0.5,0.5,0.5,0.5,0.5,0.5,0.5,0.5,2009.82,2009.82,2009.82,2009.82,2009.82,2009.82,0.35,2009.57,2009.82,0.00,1969.90,648,7,0.0,0.0,0,0,0.0,0.0,0,
9.6.2026,13:40:45.098,20635,28133,42.3,17324,15060,53.4,10.5,16384,1714,0.868,0.862,0.861,0.861,0.871,0.865,0.866,0.871,0.871,0.871,0.871,0.871,0.871,0.871,0.871,0.808,0.781,2751.1,3093.2,3093.2,3093.2,3093.2,3093.2,3093.2,2494.5,2494.5,2494.5,2494.5,2494.5,2494.5,2494.5,2494.5,99.8,2494.5,2858.9,3104.3,3106.3,3108.7,3109.5,3103.3,3108.5,3103.5,3103.7,3107.6,3108.2,3109.4,3109.4,2418.5,2484.2,2497.2,2502.4,2497.7,2498.0,2498.6,2498.5,2949.1,100.0,100.0,100.0,100.0,100.0,100.0,100.0,100.0,100.0,100.0,100.0,100.0,100.0,99.9,100.0,100.0,100.0,100.0,100.0,100.0,100.0,100.0,100.0,100.0,123.9,118.2,118.2,118.2,118.3,118.2,118.2,118.1,118.1,118.2,118.2,118.3,118.3,132.6,132.7,132.7,132.7,132.2,132.2,132.2,132.2,123.9,27.6,31.0,31.0,31.0,31.0,31.0,31.0,25.0,25.0,25.0,25.0,25.0,25.0,25.0,25.0,25.0,68,69,68,69,67,67,69,66,66,66,66,68,68,68,68,32,31,32,31,33,33,31,34,34,34,34,32,32,32,32,77,69,No,No,No,No,No,No,No,No,No,No,No,No,No,No,No,No,No,No,No,No,No,No,No,No,No,No,No,No,No,No,Yes,Yes,Yes,Yes,Yes,Yes,Yes,Yes,Yes,Yes,Yes,Yes,Yes,Yes,Yes,No,No,Yes,77,69,66,1.100,48.094,44.475,37.236,0.001,5.623,0.731,175.0,175.0,175.0,175.0,0,0.0,99.5,99.7,99.7,99.8,99.8,99.6,99.8,99.8,99.8,99.8,99.8,99.8,99.8,96.2,98.8,99.3,99.5,99.6,99.7,99.7,99.7,0.0,0.0,0.0,0.0,0.0,0.0,0.0,0.0,0.0,0.0,0.0,0.0,0.0,0.0,0.0,0.0,0.0,0.0,0.0,0.0,0.0,0.0,0.0,0.0,0.0,0.0,0.0,0.0,0.0,0.0,0.0,0.0,0.0,0.0,0.0,0.0,0.0,2394.7,24.00,36,35,35,68,103,383,2,2,Yes,No,No,No,No,No,No,No,Yes,No,No,No,No,Yes,No,No,No,No,No,No,No,Yes,No,No,No,No,No,No,No,No,No,No,No,No,No,No,No,No,94.0,4380,2460,4200,72.5,1.110,1.110,1.815,1.800,0.990,5.110,1.125,No,No,No,72.8,1.110,1.110,1.815,1.800,0.990,5.110,1.625,No,No,No,49,49,94.0,100.0,No,No,32156,47960,37,70,99.0,100.0,No,No,1844,3246,54.4,0.0,54.4,33.134,0.031,69856,49263,0.0,0.0,0.0,0.000,0.000,164001,82786,58.8,64.0,66.2,83.0,0.870,20.664,20.660,20.668,21.575,9.605,9.618,8.780,18.415,3.000,11.794,7.797,7.830,100.000,140.000,2175.0,2150.2,1875.0,2175.0,1890.0,0.0,0.0,0.0,0.0,12.1,0.0,0.0,0.0,0.0,0.0,Yes,No,No,No,No,Yes,No,0,0,0,0,0,0,0,0,0,0,0,0,0,0,0,0,0,0,0,0,0,0,0,0,0,0,0,0,0,0,7199,989,755,64,16.0,65,0.300,44.753,600.0,2394.0,0.1,0.0,0.0,0.0,0.0,0.0,0.0,0.0,0.8,127,16065,127,No,No,No,No,No,No,No,No,16.746,68.277,100.0,0.000,24.1,0,0,0,0.0,0.5,0.5,0.5,0.5,0.5,0.5,0.5,0.5,0.5,0.5,0.5,0.5,2009.82,2009.82,2009.82,2009.82,2009.82,2009.82,0.35,2009.57,2009.82,0.00,1969.90,648,7,0.4,0.1,0,0,0.0,0.0,0,
9.6.2026,13:40:47.092,20651,28117,42.3,17349,15035,53.5,10.5,16384,1714,0.878,0.883,0.871,0.868,0.871,0.878,0.869,0.886,0.896,0.873,0.880,0.880,0.875,0.878,0.887,0.818,0.783,2807.4,3192.2,3092.4,3092.4,3092.4,3192.2,3092.4,2493.9,2493.9,2593.7,2593.7,2593.7,2593.7,2593.7,2593.7,99.8,2593.7,2860.2,3133.9,3148.0,3105.7,3123.9,3149.8,3065.9,3136.0,3092.4,3129.6,3119.3,3140.8,3106.0,2406.2,2472.0,2468.3,2472.4,2489.9,2480.6,2496.7,2466.7,2954.4,98.7,99.4,99.8,98.5,99.1,100.0,97.3,99.6,98.3,99.2,99.0,99.6,98.5,98.6,98.1,97.6,97.4,98.4,98.2,98.7,97.7,100.0,98.7,100.0,123.8,119.3,119.8,118.1,118.8,120.0,116.6,119.3,117.6,119.0,118.6,119.4,118.1,132.5,131.9,131.2,131.0,131.8,131.3,132.2,130.4,123.8,28.1,32.0,31.0,31.0,31.0,32.0,31.0,25.0,25.0,26.0,26.0,26.0,26.0,26.0,26.0,26.0,67,69,68,69,67,68,67,66,66,66,66,66,66,68,68,33,31,32,31,33,32,33,34,34,34,34,34,34,32,32,76,69,No,No,No,No,No,No,No,No,No,No,No,No,No,No,No,No,No,No,No,No,No,No,No,No,No,No,No,No,No,No,Yes,Yes,Yes,Yes,Yes,Yes,Yes,Yes,Yes,Yes,Yes,Yes,Yes,Yes,Yes,No,No,Yes,76,68,66,1.100,14.344,44.275,37.196,0.002,5.505,0.681,175.0,175.0,175.0,175.0,0,0.0,98.2,99.2,99.6,98.3,98.9,99.7,97.2,99.4,98.1,99.1,98.8,99.4,98.4,94.6,97.0,96.9,97.0,98.0,97.9,98.4,97.5,0.9,0.0,0.0,0.0,0.0,0.0,0.1,1.1,1.8,2.2,2.4,1.6,1.6,1.0,1.2,0.1,0.0,0.0,0.0,0.0,0.0,0.0,0.0,0.0,0.0,0.1,0.0,0.1,0.1,1.0,0.0,0.0,0.0,0.0,0.0,0.0,0.0,2194.6,22.00,32,32,32,62,103,351,2,2,Yes,No,No,No,No,No,No,No,Yes,No,No,No,No,Yes,No,No,No,No,No,No,No,Yes,No,No,No,No,No,No,No,No,No,No,No,No,No,No,No,No,94.0,4380,2520,4200,72.5,1.110,1.110,1.800,1.800,0.990,5.110,1.750,No,No,No,72.8,1.110,1.110,1.800,1.800,0.990,5.110,1.500,No,No,No,49,49,94.0,100.0,No,No,32156,47960,37,70,99.0,100.0,No,No,1844,3246,54.7,0.0,54.8,33.566,0.078,69922,49263,0.0,0.0,0.0,0.000,0.000,164001,82786,58.8,64.0,66.1,83.0,0.870,20.669,20.664,20.673,21.414,9.572,9.626,8.700,18.337,3.000,11.715,7.796,7.828,100.000,140.000,2175.0,2150.2,1875.0,2175.0,1890.0,0.0,0.0,0.0,0.0,12.1,0.0,0.1,0.0,0.0,0.0,Yes,No,No,No,No,Yes,No,0,0,0,0,0,0,0,0,0,0,0,0,0,0,0,0,0,0,0,0,0,0,0,0,0,0,0,0,0,0,7199,989,755,64,16.0,65,0.300,44.290,600.0,2194.0,0.1,0.0,0.0,0.0,0.0,0.0,0.0,0.0,0.8,127,16065,127,No,No,No,No,No,No,No,No,16.746,68.277,100.0,0.000,24.1,0,0,0,0.0,3.7,115.1,2.3,2.3,2.3,2.3,3.6,26.0,2.4,2.4,2.4,2.4,272.48,426.51,8.69,1.70,427.27,427.27,0.41,272.05,272.48,0.00,231.12,648,7,0.1,0.0,0,0,0.0,0.0,0,
9.6.2026,13:40:49.102,20632,28135,42.3,17331,15053,53.5,10.5,16384,1714,0.908,0.906,0.884,0.931,0.927,0.927,0.917,0.917,0.917,0.922,0.922,0.885,0.895,0.875,0.882,0.818,0.783,2850.2,3192.2,3192.2,3192.2,3192.2,3192.2,3192.2,2593.7,2593.7,2593.7,2593.7,2593.7,2593.7,2593.7,2593.7,99.8,2593.7,2914.9,3162.8,3159.4,3165.2,3163.7,3160.5,3167.1,3159.0,3161.4,3164.5,3166.9,3167.8,3167.3,2461.8,2538.0,2554.9,2561.6,2552.9,2553.7,2555.1,2555.2,3005.1,99.9,99.9,99.9,100.0,99.9,99.9,100.0,99.9,100.0,99.9,99.9,99.9,99.9,99.9,99.9,100.0,99.9,99.9,99.9,99.9,99.9,100.0,99.9,100.0,126.3,120.4,120.3,120.4,120.3,120.4,120.4,120.2,120.2,120.3,120.4,120.4,120.4,135.7,135.7,135.8,135.6,135.0,135.0,135.1,135.1,126.3,28.6,32.0,32.0,32.0,32.0,32.0,32.0,26.0,26.0,26.0,26.0,26.0,26.0,26.0,26.0,26.0,67,69,67,67,64,65,65,66,66,66,66,68,68,68,68,33,31,33,33,36,35,35,34,34,34,34,32,32,32,32,76,69,No,No,No,No,No,No,No,No,No,No,No,No,No,No,No,No,No,No,No,No,No,No,No,No,No,No,No,No,No,No,Yes,Yes,Yes,Yes,Yes,Yes,Yes,Yes,Yes,Yes,Yes,Yes,Yes,Yes,Yes,No,No,Yes,75,71,64,1.100,45.563,45.954,38.838,0.001,5.541,0.686,175.0,175.0,175.0,175.0,0,0.0,99.4,99.7,99.6,99.8,99.7,99.6,99.8,99.7,99.7,99.7,99.7,99.8,99.7,95.5,98.5,99.2,99.4,99.5,99.5,99.6,99.6,0.1,0.0,0.0,0.0,0.0,0.1,0.0,0.1,0.1,0.1,0.1,0.1,0.2,0.1,0.1,0.0,0.0,0.0,0.0,0.0,0.0,0.0,0.0,0.0,0.0,0.0,0.0,0.0,0.0,0.0,0.0,0.0,0.0,0.0,0.0,0.0,0.0,2194.6,22.00,32,32,32,62,103,351,2,2,Yes,No,No,No,No,No,No,No,Yes,No,No,No,No,Yes,No,No,No,No,No,No,No,Yes,No,No,No,No,No,No,No,No,No,No,No,No,No,No,No,No,93.0,4380,2460,4200,72.5,1.110,1.110,1.800,1.815,0.990,5.110,0.875,No,No,No,72.8,1.110,1.110,1.800,1.815,0.990,5.110,0.750,No,No,No,50,50,94.0,100.0,No,No,32156,47960,37,70,99.0,100.0,No,No,1844,3246,54.7,0.0,54.7,34.277,0.019,69986,49263,0.0,0.0,0.0,0.000,0.000,164001,82786,58.8,64.0,66.1,83.0,0.870,20.644,20.645,20.642,21.409,9.582,9.637,8.712,18.371,3.000,11.730,7.796,7.828,100.000,140.000,2175.0,2150.2,1875.0,2175.0,1890.0,0.0,0.0,0.0,0.0,12.1,0.0,0.0,0.0,0.0,0.0,Yes,No,No,No,No,Yes,No,0,0,0,0,0,0,0,0,0,0,0,0,0,0,0,0,0,0,0,0,0,0,0,0,0,0,0,0,0,0,7199,989,755,64,16.0,64,0.300,42.909,550.0,2194.0,0.1,0.0,0.0,0.0,0.0,0.0,0.0,0.0,0.8,127,16065,127,No,No,No,No,No,No,No,No,16.746,68.277,100.0,0.000,24.1,0,0,0,0.0,3.7,115.1,2.3,2.3,2.3,2.3,3.6,26.0,2.4,2.4,2.4,2.4,272.48,426.51,8.69,1.70,427.27,427.27,0.41,272.05,272.48,0.00,231.12,648,7,0.0,0.0,0,0,0.0,0.0,0,
9.6.2026,13:40:51.097,17206,31561,35.2,14193,18190,43.8,10.5,16384,1714,1.051,1.072,1.050,1.050,1.050,1.050,1.052,1.052,1.052,1.047,1.046,1.046,1.044,1.044,1.054,0.981,0.783,1667.4,1396.6,2194.6,4090.0,4090.0,1396.6,1396.6,1097.3,1097.3,1097.3,1097.3,1097.3,1097.3,1097.3,1097.3,99.8,3491.5,2877.1,3164.3,3086.2,3087.3,3130.7,3253.1,3108.9,3113.6,3320.5,3090.6,3072.9,3088.4,3081.7,2468.0,2505.5,2489.6,2522.0,2489.3,2489.7,2490.8,2489.8,2974.0,91.0,93.9,89.6,89.5,92.7,95.4,91.1,90.2,96.0,89.8,89.0,89.8,89.3,91.5,91.3,90.0,92.1,89.5,89.5,89.9,89.6,96.0,91.0,100.0,124.7,120.9,117.8,117.5,119.6,124.0,118.3,118.6,126.3,117.7,117.0,117.6,117.4,133.5,133.3,132.6,133.8,132.0,132.0,132.2,132.1,124.7,16.7,14.0,22.0,41.0,41.0,14.0,14.0,11.0,11.0,11.0,11.0,11.0,11.0,11.0,11.0,35.0,63,64,64,74,59,64,62,62,62,62,62,62,62,62,62,37,36,36,26,41,36,38,38,38,38,38,38,38,38,38,76,74,No,No,No,No,No,No,No,No,No,No,No,No,No,No,No,No,No,No,No,No,No,No,No,No,No,No,No,No,No,No,Yes,Yes,Yes,Yes,Yes,Yes,Yes,Yes,Yes,Yes,Yes,Yes,Yes,Yes,Yes,No,No,Yes,75,59,64,1.100,2.531,41.867,35.529,0.001,4.973,0.488,175.0,175.0,175.0,175.0,0,0.0,90.5,93.7,89.3,89.4,92.4,95.0,90.8,89.9,95.7,89.4,88.7,89.4,89.1,89.3,90.4,89.2,91.6,89.1,89.1,89.3,89.0,4.0,4.5,5.8,2.7,2.9,7.8,5.2,2.6,2.5,4.0,2.6,4.1,4.1,3.7,4.1,3.8,0.0,0.0,0.0,0.0,2.1,2.4,5.7,6.2,6.0,5.2,6.4,6.4,6.5,6.5,0.4,0.0,0.0,0.0,0.0,0.1,2.4,2394.1,24.00,36,35,35,68,103,383,2,2,Yes,No,No,No,No,No,No,No,Yes,Yes,Yes,No,No,Yes,No,No,No,No,No,No,No,Yes,No,No,No,No,No,No,No,No,No,No,No,No,No,No,No,No,93.0,4380,2520,4140,72.2,1.110,1.110,1.800,1.815,1.005,5.110,1.250,No,No,No,72.5,1.110,1.110,1.800,1.815,1.005,5.110,0.625,No,No,No,52,52,94.0,100.0,No,No,32156,47960,37,70,99.0,100.0,No,No,1844,3246,25.1,4.8,29.8,14.324,0.214,70013,49264,0.0,0.0,0.0,0.000,0.000,164001,82786,58.7,64.0,66.1,83.0,0.870,20.815,20.821,20.810,21.478,9.614,9.681,8.766,18.458,3.000,11.780,7.790,7.822,100.000,140.000,2175.0,2150.2,1875.0,2175.0,1890.0,0.0,0.0,0.0,0.0,12.1,0.0,0.1,0.0,0.0,0.0,Yes,No,No,No,No,Yes,No,0,0,0,0,0,0,0,0,0,0,0,0,0,0,0,0,0,0,0,0,0,0,0,0,0,0,0,0,0,0,7194,994,761,66,16.0,64,0.300,27.337,600.0,2394.0,0.1,0.0,0.0,0.0,0.0,0.0,0.0,0.0,0.8,127,16065,127,No,No,No,No,No,No,No,No,16.746,68.277,100.0,0.000,24.1,0,0,0,0.0,9.6,9.6,9.6,9.6,9.6,9.6,14.4,14.4,14.4,14.4,14.4,14.4,104.59,104.59,104.59,104.59,104.59,104.59,0.37,104.22,104.59,0.00,1028.98,648,7,0.0,0.0,0,0,0.0,0.0,0,
Date,Time,"Virtual Memory Committed [MB]","Virtual Memory Available [MB]","Virtual Memory Load [%]","Physical Memory Used [MB]","Physical Memory Available [MB]","Physical Memory Load [%]","Page File Usage [%]","Page File Total [MB]","Page File Used [MB]","Core VIDs (avg) [V]","P-core 0 VID [V]","P-core 1 VID [V]","P-core 2 VID [V]","P-core 3 VID [V]","P-core 4 VID [V]","P-core 5 VID [V]","E-core 6 VID [V]","E-core 7 VID [V]","E-core 8 VID [V]","E-core 9 VID [V]","E-core 10 VID [V]","E-core 11 VID [V]","E-core 12 VID [V]","E-core 13 VID [V]","Uncore VID [V]","SA VID [V]","Core Clocks (avg) [MHz]","P-core 0 Clock [MHz]","P-core 1 Clock [MHz]","P-core 2 Clock [MHz]","P-core 3 Clock [MHz]","P-core 4 Clock [MHz]","P-core 5 Clock [MHz]","E-core 6 Clock [MHz]","E-core 7 Clock [MHz]","E-core 8 Clock [MHz]","E-core 9 Clock [MHz]","E-core 10 Clock [MHz]","E-core 11 Clock [MHz]","E-core 12 Clock [MHz]","E-core 13 Clock [MHz]","Bus Clock [MHz]","Ring/LLC Clock [MHz]","Core Effective Clocks (avg) [MHz]","P-core 0 T0 Effective Clock [MHz]","P-core 0 T1 Effective Clock [MHz]","P-core 1 T0 Effective Clock [MHz]","P-core 1 T1 Effective Clock [MHz]","P-core 2 T0 Effective Clock [MHz]","P-core 2 T1 Effective Clock [MHz]","P-core 3 T0 Effective Clock [MHz]","P-core 3 T1 Effective Clock [MHz]","P-core 4 T0 Effective Clock [MHz]","P-core 4 T1 Effective Clock [MHz]","P-core 5 T0 Effective Clock [MHz]","P-core 5 T1 Effective Clock [MHz]","E-core 6 T0 Effective Clock [MHz]","E-core 7 T0 Effective Clock [MHz]","E-core 8 T0 Effective Clock [MHz]","E-core 9 T0 Effective Clock [MHz]","E-core 10 T0 Effective Clock [MHz]","E-core 11 T0 Effective Clock [MHz]","E-core 12 T0 Effective Clock [MHz]","E-core 13 T0 Effective Clock [MHz]","Average Effective Clock [MHz]","Core Usage (avg) [%]","P-core 0 T0 Usage [%]","P-core 0 T1 Usage [%]","P-core 1 T0 Usage [%]","P-core 1 T1 Usage [%]","P-core 2 T0 Usage [%]","P-core 2 T1 Usage [%]","P-core 3 T0 Usage [%]","P-core 3 T1 Usage [%]","P-core 4 T0 Usage [%]","P-core 4 T1 Usage [%]","P-core 5 T0 Usage [%]","P-core 5 T1 Usage [%]","E-core 6 T0 Usage [%]","E-core 7 T0 Usage [%]","E-core 8 T0 Usage [%]","E-core 9 T0 Usage [%]","E-core 10 T0 Usage [%]","E-core 11 T0 Usage [%]","E-core 12 T0 Usage [%]","E-core 13 T0 Usage [%]","Max CPU/Thread Usage [%]","Total CPU Usage [%]","On-Demand Clock Modulation [%]","Core Utility (avg) [%]","P-core 0 T0 Utility [%]","P-core 0 T1 Utility [%]","P-core 1 T0 Utility [%]","P-core 1 T1 Utility [%]","P-core 2 T0 Utility [%]","P-core 2 T1 Utility [%]","P-core 3 T0 Utility [%]","P-core 3 T1 Utility [%]","P-core 4 T0 Utility [%]","P-core 4 T1 Utility [%]","P-core 5 T0 Utility [%]","P-core 5 T1 Utility [%]","E-core 6 T0 Utility [%]","E-core 7 T0 Utility [%]","E-core 8 T0 Utility [%]","E-core 9 T0 Utility [%]","E-core 10 T0 Utility [%]","E-core 11 T0 Utility [%]","E-core 12 T0 Utility [%]","E-core 13 T0 Utility [%]","Total CPU Utility [%]","Core Ratios (avg) [x]","P-core 0 Ratio [x]","P-core 1 Ratio [x]","P-core 2 Ratio [x]","P-core 3 Ratio [x]","P-core 4 Ratio [x]","P-core 5 Ratio [x]","E-core 6 Ratio [x]","E-core 7 Ratio [x]","E-core 8 Ratio [x]","E-core 9 Ratio [x]","E-core 10 Ratio [x]","E-core 11 Ratio [x]","E-core 12 Ratio [x]","E-core 13 Ratio [x]","Uncore Ratio [x]","Core Temperatures (avg) [°C]","P-core 0 [°C]","P-core 1 [°C]","P-core 2 [°C]","P-core 3 [°C]","P-core 4 [°C]","P-core 5 [°C]","E-core 6 [°C]","E-core 7 [°C]","E-core 8 [°C]","E-core 9 [°C]","E-core 10 [°C]","E-core 11 [°C]","E-core 12 [°C]","E-core 13 [°C]","Core Distance to TjMAX (avg) [°C]","P-core 0 Distance to TjMAX [°C]","P-core 1 Distance to TjMAX [°C]","P-core 2 Distance to TjMAX [°C]","P-core 3 Distance to TjMAX [°C]","P-core 4 Distance to TjMAX [°C]","P-core 5 Distance to TjMAX [°C]","E-core 6 Distance to TjMAX [°C]","E-core 7 Distance to TjMAX [°C]","E-core 8 Distance to TjMAX [°C]","E-core 9 Distance to TjMAX [°C]","E-core 10 Distance to TjMAX [°C]","E-core 11 Distance to TjMAX [°C]","E-core 12 Distance to TjMAX [°C]","E-core 13 Distance to TjMAX [°C]","CPU Package [°C]","Core Max [°C]","Core Thermal Throttling (avg) [Yes/No]","P-core 0 Thermal Throttling [Yes/No]","P-core 1 Thermal Throttling [Yes/No]","P-core 2 Thermal Throttling [Yes/No]","P-core 3 Thermal Throttling [Yes/No]","P-core 4 Thermal Throttling [Yes/No]","P-core 5 Thermal Throttling [Yes/No]","E-core 6 Thermal Throttling [Yes/No]","E-core 7 Thermal Throttling [Yes/No]","E-core 8 Thermal Throttling [Yes/No]","E-core 9 Thermal Throttling [Yes/No]","E-core 10 Thermal Throttling [Yes/No]","E-core 11 Thermal Throttling [Yes/No]","E-core 12 Thermal Throttling [Yes/No]","E-core 13 Thermal Throttling [Yes/No]","Core Critical Temperature (avg) [Yes/No]","P-core 0 Critical Temperature [Yes/No]","P-core 1 Critical Temperature [Yes/No]","P-core 2 Critical Temperature [Yes/No]","P-core 3 Critical Temperature [Yes/No]","P-core 4 Critical Temperature [Yes/No]","P-core 5 Critical Temperature [Yes/No]","E-core 6 Critical Temperature [Yes/No]","E-core 7 Critical Temperature [Yes/No]","E-core 8 Critical Temperature [Yes/No]","E-core 9 Critical Temperature [Yes/No]","E-core 10 Critical Temperature [Yes/No]","E-core 11 Critical Temperature [Yes/No]","E-core 12 Critical Temperature [Yes/No]","E-core 13 Critical Temperature [Yes/No]","Core Power Limit Exceeded (avg) [Yes/No]","P-core 0 Power Limit Exceeded [Yes/No]","P-core 1 Power Limit Exceeded [Yes/No]","P-core 2 Power Limit Exceeded [Yes/No]","P-core 3 Power Limit Exceeded [Yes/No]","P-core 4 Power Limit Exceeded [Yes/No]","P-core 5 Power Limit Exceeded [Yes/No]","E-core 6 Power Limit Exceeded [Yes/No]","E-core 7 Power Limit Exceeded [Yes/No]","E-core 8 Power Limit Exceeded [Yes/No]","E-core 9 Power Limit Exceeded [Yes/No]","E-core 10 Power Limit Exceeded [Yes/No]","E-core 11 Power Limit Exceeded [Yes/No]","E-core 12 Power Limit Exceeded [Yes/No]","E-core 13 Power Limit Exceeded [Yes/No]","Package/Ring Thermal Throttling [Yes/No]","Package/Ring Critical Temperature [Yes/No]","Package/Ring Power Limit Exceeded [Yes/No]","CPU Package [°C]","CPU IA Cores [°C]","CPU GT Cores (Graphics) [°C]","VDDQ TX Voltage [V]","VR VCC Current (SVID IOUT) [A]","CPU Package Power [W]","IA Cores Power [W]","GT Cores Power [W]","System Agent Power [W]","Rest-of-Chip Power [W]","PL1 Power Limit (Static) [W]","PL1 Power Limit (Dynamic) [W]","PL2 Power Limit (Static) [W]","PL2 Power Limit (Dynamic) [W]","Current cTDP Level []","Package C2 Residency [%]","Core C0 Residency (avg) [%]","P-core 0 T0 C0 Residency [%]","P-core 0 T1 C0 Residency [%]","P-core 1 T0 C0 Residency [%]","P-core 1 T1 C0 Residency [%]","P-core 2 T0 C0 Residency [%]","P-core 2 T1 C0 Residency [%]","P-core 3 T0 C0 Residency [%]","P-core 3 T1 C0 Residency [%]","P-core 4 T0 C0 Residency [%]","P-core 4 T1 C0 Residency [%]","P-core 5 T0 C0 Residency [%]","P-core 5 T1 C0 Residency [%]","E-core 6 T0 C0 Residency [%]","E-core 7 T0 C0 Residency [%]","E-core 8 T0 C0 Residency [%]","E-core 9 T0 C0 Residency [%]","E-core 10 T0 C0 Residency [%]","E-core 11 T0 C0 Residency [%]","E-core 12 T0 C0 Residency [%]","E-core 13 T0 C0 Residency [%]","Core C1 Residency (avg) [%]","P-core 0 C1 Residency [%]","P-core 1 C1 Residency [%]","P-core 2 C1 Residency [%]","P-core 3 C1 Residency [%]","P-core 4 C1 Residency [%]","P-core 5 C1 Residency [%]","E-core 6 C1 Residency [%]","E-core 7 C1 Residency [%]","E-core 8 C1 Residency [%]","E-core 9 C1 Residency [%]","E-core 10 C1 Residency [%]","E-core 11 C1 Residency [%]","E-core 12 C1 Residency [%]","E-core 13 C1 Residency [%]","Core C6 Residency (avg) [%]","P-core 0 C6 Residency [%]","P-core 1 C6 Residency [%]","P-core 2 C6 Residency [%]","P-core 3 C6 Residency [%]","P-core 4 C6 Residency [%]","P-core 5 C6 Residency [%]","E-core 6 C6 Residency [%]","E-core 7 C6 Residency [%]","E-core 8 C6 Residency [%]","E-core 9 C6 Residency [%]","E-core 10 C6 Residency [%]","E-core 11 C6 Residency [%]","E-core 12 C6 Residency [%]","E-core 13 C6 Residency [%]","Core C7 Residency (avg) [%]","P-core 0 C7 Residency [%]","P-core 1 C7 Residency [%]","P-core 2 C7 Residency [%]","P-core 3 C7 Residency [%]","P-core 4 C7 Residency [%]","P-core 5 C7 Residency [%]","Memory Clock [MHz]","Memory Clock Ratio [x]","Tcas [T]","Trcd [T]","Trp [T]","Tras [T]","Trc [T]","Trfc [T]","Command Rate [T]","Gear Mode []","IA Limit Reasons (avg) [Yes/No]","IA: PROCHOT [Yes/No]","IA: Thermal Event [Yes/No]","IA: Residency State Regulation [Yes/No]","IA: Running Average Thermal Limit [Yes/No]","IA: VR Thermal Alert [Yes/No]","IA: VR TDC [Yes/No]","IA: Electrical Design Point/Other (ICCmax PL4 SVID DDR RAPL) [Yes/No]","IA: Package-Level RAPL/PBM PL1 [Yes/No]","IA: Package-Level RAPL/PBM PL2 PL3 [Yes/No]","IA: Max Turbo Limit [Yes/No]","IA: Turbo Attenuation (MCT) [Yes/No]","IA: Thermal Velocity Boost [Yes/No]","GT Limit Reasons (avg) [Yes/No]","GT: PROCHOT [Yes/No]","GT: Thermal Event [Yes/No]","GT: DDR RAPL [Yes/No]","GT: Residency State Regulation [Yes/No]","GT: Running Average Thermal Limit [Yes/No]","GT: VR Thermal Alert [Yes/No]","GT: VR TDC [Yes/No]","GT: Max VR Voltage  ICCmax  PL4 [Yes/No]","GT: Domain-Level PBM PLGT [Yes/No]","GT: Package-Level RAPL/PBM PL1 [Yes/No]","GT: Package-Level RAPL/PBM PL2 PL3 [Yes/No]","GT: Inefficient Operation [Yes/No]","GT: Fuses limit [Yes/No]","Ring Limit Reasons (avg) [Yes/No]","RING: PROCHOT [Yes/No]","RING: Thermal Event [Yes/No]","RING: DDR RAPL [Yes/No]","RING: Residency State Regulation [Yes/No]","RING: Running Average Thermal Limit [Yes/No]","RING: VR Thermal Alert [Yes/No]","RING: VR TDC [Yes/No]","RING: Max VR Voltage  ICCmax  PL4 [Yes/No]","RING: Package-Level RAPL/PBM PL1 [Yes/No]","RING: Package-Level RAPL/PBM PL2 PL3 [Yes/No]","PCH Temperature [°C]","CPU [RPM]","GPU [RPM]","GPU [RPM]","SPD Hub Temperature [°C]","VDD (SWA) Voltage [V]","VDDQ (SWB) Voltage [V]","VPP (SWC) Voltage [V]","1.8V VOUT Voltage [V]","1.0V VOUT Voltage [V]","VIN Voltage [V]","Total Power [W]","PMIC High Temperature [Yes/No]","PMIC Over Voltage [Yes/No]","PMIC Under Voltage [Yes/No]","SPD Hub Temperature [°C]","VDD (SWA) Voltage [V]","VDDQ (SWB) Voltage [V]","VPP (SWC) Voltage [V]","1.8V VOUT Voltage [V]","1.0V VOUT Voltage [V]","VIN Voltage [V]","Total Power [W]","PMIC High Temperature [Yes/No]","PMIC Over Voltage [Yes/No]","PMIC Under Voltage [Yes/No]","Drive Temperature [°C]","Drive Temperature 2 [°C]","Drive Remaining Life [%]","Drive Available Spare [%]","Drive Failure [Yes/No]","Drive Warning [Yes/No]","Total Host Writes [GB]","Total Host Reads [GB]","Drive Temperature [°C]","Drive Temperature 3 [°C]","Drive Remaining Life [%]","Drive Available Spare [%]","Drive Failure [Yes/No]","Drive Warning [Yes/No]","Total Host Writes [GB]","Total Host Reads [GB]","Read Activity [%]","Write Activity [%]","Total Activity [%]","Read Rate [MB/s]","Write Rate [MB/s]","Read Total [MB]","Write Total [MB]","Read Activity [%]","Write Activity [%]","Total Activity [%]","Read Rate [MB/s]","Write Rate [MB/s]","Read Total [MB]","Write Total [MB]","GPU Temperature [°C]","GPU Memory Junction Temperature [°C]","GPU Hot Spot Temperature [°C]","GPU Thermal Limit [°C]","GPU Core Voltage [V]","GPU Rail Voltages (avg) [V]","GPU FBVDD Input Voltage [V]","GPU 12VHPWR Voltage [V]","GPU Power [W]","GPU Rail Powers (avg) [W]","GPU Core (NVVDD) Input Power (sum) [W]","GPU FBVDD Input Power [W]","GPU 12VHPWR Power [W]","GPU PCIe +3.3V Input Power (est) [W]","GPU Input PP Source Power (sum) [W]","GPU Core (NVVDD) Output Power [W]","GPU Core (NVVDD) Output Power [W]","GPU Power Limit (rated) [W]","GPU Power Limit (max) [W]","GPU Clock [MHz]","GPU Memory Clock [MHz]","GPU Video Clock [MHz]","GPU Effective Clock [MHz]","GPU Crossbar Clock [MHz]","GPU Core Load [%]","GPU Memory Controller Load [%]","GPU Video Engine Load [%]","GPU Bus Load [%]","GPU Memory Usage [%]","GPU D3D Usages (avg) [%]","GPU D3D Usage [%]","GPU Video Decode 0 Usage [%]","GPU Video Encode 0 Usage [%]","GPU VR Usage [%]","GPU Performance Limiters (avg) [Yes/No]","Performance Limit - Power [Yes/No]","Performance Limit - Thermal [Yes/No]","Performance Limit - Reliability Voltage [Yes/No]","Performance Limit - Max Operating Voltage [Yes/No]","Performance Limit - Utilization [Yes/No]","Performance Limit - SLI GPUBoost Sync [Yes/No]","PCI Express Error Counters (avg) []","Receiver Errors []","Replay Count []","Replay Rollover Count []","Bad DLLP Count []","Bad TLP Count []","LCRC Error Count []","NAKs Sent Count []","NAKs Received Count []","Recovery Count []","Correctable Error Count []","Non-Fatal Error Count []","Fatal Error Count []","Unsupported Request Count []","PCIe Lane 0 Errors []","PCIe Lane 1 Errors []","PCIe Lane 2 Errors []","PCIe Lane 3 Errors []","PCIe Lane 4 Errors []","PCIe Lane 5 Errors []","PCIe Lane 6 Errors []","PCIe Lane 7 Errors []","PCIe Lane 8 Errors []","PCIe Lane 9 Errors []","PCIe Lane 10 Errors []","PCIe Lane 11 Errors []","PCIe Lane 12 Errors []","PCIe Lane 13 Errors []","PCIe Lane 14 Errors []","PCIe Lane 15 Errors []","GPU Memory Available [MB]","GPU Memory Allocated [MB]","GPU D3D Memory Dedicated [MB]","GPU D3D Memory Dynamic [MB]","PCIe Link Speed [GT/s]","GPU Core Temperature [°C]","iGPU VID [V]","IGPU Power [W]","GPU Clock [MHz]","GPU Memory Clock [MHz]","GPU Total Usage [%]","GPU Computing Usage [%]","GPU Media Engine Usage [%]","GPU D3D Utilizations (avg) [%]","GPU D3D Usage [%]","GPU Video Decode 0 Usage [%]","GPU Video Processing 0 Usage [%]","GPU Copy Engine Usage [%]","GPU Memory Usage [%]","GPU Memory Allocated [MB]","GPU Memory Available [MB]","GPU D3D Memory Dynamic [MB]","GPU Throttle Reasons (avg) [Yes/No]","Avg. Power (PL1) [Yes/No]","Burst Power (PL2) [Yes/No]","Current (PL4) [Yes/No]","Thermal [Yes/No]","Power Supply [Yes/No]","Software Limit [Yes/No]","Hardware Limit [Yes/No]","Battery Voltage [V]","Remaining Capacity [Wh]","Charge Level [%]","Charge Rate [W]","Wear Level [%]","Framerate [FPS]","Framerate 1% Low [FPS]","Framerate 0.1% Low [FPS]","Frame Time [ms]","Framerate Presented (avg) [FPS]","Framerate Presented (99%) [FPS]","Framerate Presented (1%) [FPS]","Framerate Presented (0.1%) [FPS]","Framerate Presented (1% low) [FPS]","Framerate Presented (0.1% low) [FPS]","Framerate Displayed (avg) [FPS]","Framerate Displayed (99%) [FPS]","Framerate Displayed (1%) [FPS]","Framerate Displayed (0.1%) [FPS]","Framerate Displayed (1% low) [FPS]","Framerate Displayed (0.1% low) [FPS]","Frame Time Presented (avg) [ms]","Frame Time Presented (99%) [ms]","Frame Time Presented (1%) [ms]","Frame Time Presented (0.1%) [ms]","Frame Time Displayed (1% high) [ms]","Frame Time Displayed (0.1% high) [ms]","GPU Busy (avg) [ms]","GPU Wait (avg) [ms]","CPU Busy (avg) [ms]","CPU Wait (avg) [ms]","Animation Error (avg) [ms]","Total DL [MB]","Total UP [MB]","Current DL rate [KB/s]","Current UP rate [KB/s]","Total DL [MB]","Total UP [MB]","Current DL rate [KB/s]","Current UP rate [KB/s]","Total Errors []",
,,System: ASUS ROG Strix G614JI_G614JI,System: ASUS ROG Strix G614JI_G614JI,System: ASUS ROG Strix G614JI_G614JI,System: ASUS ROG Strix G614JI_G614JI,System: ASUS ROG Strix G614JI_G614JI,System: ASUS ROG Strix G614JI_G614JI,System: ASUS ROG Strix G614JI_G614JI,System: ASUS ROG Strix G614JI_G614JI,System: ASUS ROG Strix G614JI_G614JI,CPU [#0]: Intel Core i7-13650HX,CPU [#0]: Intel Core i7-13650HX,CPU [#0]: Intel Core i7-13650HX,CPU [#0]: Intel Core i7-13650HX,CPU [#0]: Intel Core i7-13650HX,CPU [#0]: Intel Core i7-13650HX,CPU [#0]: Intel Core i7-13650HX,CPU [#0]: Intel Core i7-13650HX,CPU [#0]: Intel Core i7-13650HX,CPU [#0]: Intel Core i7-13650HX,CPU [#0]: Intel Core i7-13650HX,CPU [#0]: Intel Core i7-13650HX,CPU [#0]: Intel Core i7-13650HX,CPU [#0]: Intel Core i7-13650HX,CPU [#0]: Intel Core i7-13650HX,CPU [#0]: Intel Core i7-13650HX,CPU [#0]: Intel Core i7-13650HX,CPU [#0]: Intel Core i7-13650HX,CPU [#0]: Intel Core i7-13650HX,CPU [#0]: Intel Core i7-13650HX,CPU [#0]: Intel Core i7-13650HX,CPU [#0]: Intel Core i7-13650HX,CPU [#0]: Intel Core i7-13650HX,CPU [#0]: Intel Core i7-13650HX,CPU [#0]: Intel Core i7-13650HX,CPU [#0]: Intel Core i7-13650HX,CPU [#0]: Intel Core i7-13650HX,CPU [#0]: Intel Core i7-13650HX,CPU [#0]: Intel Core i7-13650HX,CPU [#0]: Intel Core i7-13650HX,CPU [#0]: Intel Core i7-13650HX,CPU [#0]: Intel Core i7-13650HX,CPU [#0]: Intel Core i7-13650HX,CPU [#0]: Intel Core i7-13650HX,CPU [#0]: Intel Core i7-13650HX,CPU [#0]: Intel Core i7-13650HX,CPU [#0]: Intel Core i7-13650HX,CPU [#0]: Intel Core i7-13650HX,CPU [#0]: Intel Core i7-13650HX,CPU [#0]: Intel Core i7-13650HX,CPU [#0]: Intel Core i7-13650HX,CPU [#0]: Intel Core i7-13650HX,CPU [#0]: Intel Core i7-13650HX,CPU [#0]: Intel Core i7-13650HX,CPU [#0]: Intel Core i7-13650HX,CPU [#0]: Intel Core i7-13650HX,CPU [#0]: Intel Core i7-13650HX,CPU [#0]: Intel Core i7-13650HX,CPU [#0]: Intel Core i7-13650HX,CPU [#0]: Intel Core i7-13650HX,CPU [#0]: Intel Core i7-13650HX,CPU [#0]: Intel Core i7-13650HX,CPU [#0]: Intel Core i7-13650HX,CPU [#0]: Intel Core i7-13650HX,CPU [#0]: Intel Core i7-13650HX,CPU [#0]: Intel Core i7-13650HX,CPU [#0]: Intel Core i7-13650HX,CPU [#0]: Intel Core i7-13650HX,CPU [#0]: Intel Core i7-13650HX,CPU [#0]: Intel Core i7-13650HX,CPU [#0]: Intel Core i7-13650HX,CPU [#0]: Intel Core i7-13650HX,CPU [#0]: Intel Core i7-13650HX,CPU [#0]: Intel Core i7-13650HX,CPU [#0]: Intel Core i7-13650HX,CPU [#0]: Intel Core i7-13650HX,CPU [#0]: Intel Core i7-13650HX,CPU [#0]: Intel Core i7-13650HX,CPU [#0]: Intel Core i7-13650HX,CPU [#0]: Intel Core i7-13650HX,CPU [#0]: Intel Core i7-13650HX,CPU [#0]: Intel Core i7-13650HX,CPU [#0]: Intel Core i7-13650HX,CPU [#0]: Intel Core i7-13650HX,CPU [#0]: Intel Core i7-13650HX,CPU [#0]: Intel Core i7-13650HX,CPU [#0]: Intel Core i7-13650HX,CPU [#0]: Intel Core i7-13650HX,CPU [#0]: Intel Core i7-13650HX,CPU [#0]: Intel Core i7-13650HX,CPU [#0]: Intel Core i7-13650HX,CPU [#0]: Intel Core i7-13650HX,CPU [#0]: Intel Core i7-13650HX,CPU [#0]: Intel Core i7-13650HX,CPU [#0]: Intel Core i7-13650HX,CPU [#0]: Intel Core i7-13650HX,CPU [#0]: Intel Core i7-13650HX,CPU [#0]: Intel Core i7-13650HX,CPU [#0]: Intel Core i7-13650HX,CPU [#0]: Intel Core i7-13650HX,CPU [#0]: Intel Core i7-13650HX,CPU [#0]: Intel Core i7-13650HX,CPU [#0]: Intel Core i7-13650HX,CPU [#0]: Intel Core i7-13650HX,CPU [#0]: Intel Core i7-13650HX,CPU [#0]: Intel Core i7-13650HX,CPU [#0]: Intel Core i7-13650HX,CPU [#0]: Intel Core i7-13650HX,CPU [#0]: Intel Core i7-13650HX,CPU [#0]: Intel Core i7-13650HX,CPU [#0]: Intel Core i7-13650HX,CPU [#0]: Intel Core i7-13650HX,CPU [#0]: Intel Core i7-13650HX,CPU [#0]: Intel Core i7-13650HX,CPU [#0]: Intel Core i7-13650HX,CPU [#0]: Intel Core i7-13650HX,CPU [#0]: Intel Core i7-13650HX,CPU [#0]: Intel Core i7-13650HX,CPU [#0]: Intel Core i7-13650HX,CPU [#0]: Intel Core i7-13650HX,CPU [#0]: Intel Core i7-13650HX,CPU [#0]: Intel Core i7-13650HX,CPU [#0]: Intel Core i7-13650HX,CPU [#0]: Intel Core i7-13650HX,CPU [#0]: Intel Core i7-13650HX,CPU [#0]: Intel Core i7-13650HX,CPU [#0]: Intel Core i7-13650HX,CPU [#0]: Intel Core i7-13650HX,CPU [#0]: Intel Core i7-13650HX: DTS,CPU [#0]: Intel Core i7-13650HX: DTS,CPU [#0]: Intel Core i7-13650HX: DTS,CPU [#0]: Intel Core i7-13650HX: DTS,CPU [#0]: Intel Core i7-13650HX: DTS,CPU [#0]: Intel Core i7-13650HX: DTS,CPU [#0]: Intel Core i7-13650HX: DTS,CPU [#0]: Intel Core i7-13650HX: DTS,CPU [#0]: Intel Core i7-13650HX: DTS,CPU [#0]: Intel Core i7-13650HX: DTS,CPU [#0]: Intel Core i7-13650HX: DTS,CPU [#0]: Intel Core i7-13650HX: DTS,CPU [#0]: Intel Core i7-13650HX: DTS,CPU [#0]: Intel Core i7-13650HX: DTS,CPU [#0]: Intel Core i7-13650HX: DTS,CPU [#0]: Intel Core i7-13650HX: DTS,CPU [#0]: Intel Core i7-13650HX: DTS,CPU [#0]: Intel Core i7-13650HX: DTS,CPU [#0]: Intel Core i7-13650HX: DTS,CPU [#0]: Intel Core i7-13650HX: DTS,CPU [#0]: Intel Core i7-13650HX: DTS,CPU [#0]: Intel Core i7-13650HX: DTS,CPU [#0]: Intel Core i7-13650HX: DTS,CPU [#0]: Intel Core i7-13650HX: DTS,CPU [#0]: Intel Core i7-13650HX: DTS,CPU [#0]: Intel Core i7-13650HX: DTS,CPU [#0]: Intel Core i7-13650HX: DTS,CPU [#0]: Intel Core i7-13650HX: DTS,CPU [#0]: Intel Core i7-13650HX: DTS,CPU [#0]: Intel Core i7-13650HX: DTS,CPU [#0]: Intel Core i7-13650HX: DTS,CPU [#0]: Intel Core i7-13650HX: DTS,CPU [#0]: Intel Core i7-13650HX: DTS,CPU [#0]: Intel Core i7-13650HX: DTS,CPU [#0]: Intel Core i7-13650HX: DTS,CPU [#0]: Intel Core i7-13650HX: DTS,CPU [#0]: Intel Core i7-13650HX: DTS,CPU [#0]: Intel Core i7-13650HX: DTS,CPU [#0]: Intel Core i7-13650HX: DTS,CPU [#0]: Intel Core i7-13650HX: DTS,CPU [#0]: Intel Core i7-13650HX: DTS,CPU [#0]: Intel Core i7-13650HX: DTS,CPU [#0]: Intel Core i7-13650HX: DTS,CPU [#0]: Intel Core i7-13650HX: DTS,CPU [#0]: Intel Core i7-13650HX: DTS,CPU [#0]: Intel Core i7-13650HX: DTS,CPU [#0]: Intel Core i7-13650HX: DTS,CPU [#0]: Intel Core i7-13650HX: DTS,CPU [#0]: Intel Core i7-13650HX: DTS,CPU [#0]: Intel Core i7-13650HX: DTS,CPU [#0]: Intel Core i7-13650HX: DTS,CPU [#0]: Intel Core i7-13650HX: DTS,CPU [#0]: Intel Core i7-13650HX: DTS,CPU [#0]: Intel Core i7-13650HX: DTS,CPU [#0]: Intel Core i7-13650HX: DTS,CPU [#0]: Intel Core i7-13650HX: DTS,CPU [#0]: Intel Core i7-13650HX: DTS,CPU [#0]: Intel Core i7-13650HX: DTS,CPU [#0]: Intel Core i7-13650HX: DTS,CPU [#0]: Intel Core i7-13650HX: DTS,CPU [#0]: Intel Core i7-13650HX: DTS,CPU [#0]: Intel Core i7-13650HX: DTS,CPU [#0]: Intel Core i7-13650HX: DTS,CPU [#0]: Intel Core i7-13650HX: DTS,CPU [#0]: Intel Core i7-13650HX: DTS,CPU [#0]: Intel Core i7-13650HX: DTS,CPU [#0]: Intel Core i7-13650HX: DTS,CPU [#0]: Intel Core i7-13650HX: DTS,CPU [#0]: Intel Core i7-13650HX: DTS,CPU [#0]: Intel Core i7-13650HX: DTS,CPU [#0]: Intel Core i7-13650HX: DTS,CPU [#0]: Intel Core i7-13650HX: DTS,CPU [#0]: Intel Core i7-13650HX: DTS,CPU [#0]: Intel Core i7-13650HX: DTS,CPU [#0]: Intel Core i7-13650HX: DTS,CPU [#0]: Intel Core i7-13650HX: DTS,CPU [#0]: Intel Core i7-13650HX: DTS,CPU [#0]: Intel Core i7-13650HX: DTS,CPU [#0]: Intel Core i7-13650HX: DTS,CPU [#0]: Intel Core i7-13650HX: DTS,CPU [#0]: Intel Core i7-13650HX: Enhanced,CPU [#0]: Intel Core i7-13650HX: Enhanced,CPU [#0]: Intel Core i7-13650HX: Enhanced,CPU [#0]: Intel Core i7-13650HX: Enhanced,CPU [#0]: Intel Core i7-13650HX: Enhanced,CPU [#0]: Intel Core i7-13650HX: Enhanced,CPU [#0]: Intel Core i7-13650HX: Enhanced,CPU [#0]: Intel Core i7-13650HX: Enhanced,CPU [#0]: Intel Core i7-13650HX: Enhanced,CPU [#0]: Intel Core i7-13650HX: Enhanced,CPU [#0]: Intel Core i7-13650HX: Enhanced,CPU [#0]: Intel Core i7-13650HX: Enhanced,CPU [#0]: Intel Core i7-13650HX: Enhanced,CPU [#0]: Intel Core i7-13650HX: Enhanced,CPU [#0]: Intel Core i7-13650HX: Enhanced,CPU [#0]: Intel Core i7-13650HX: C-State Residency,CPU [#0]: Intel Core i7-13650HX: C-State Residency,CPU [#0]: Intel Core i7-13650HX: C-State Residency,CPU [#0]: Intel Core i7-13650HX: C-State Residency,CPU [#0]: Intel Core i7-13650HX: C-State Residency,CPU [#0]: Intel Core i7-13650HX: C-State Residency,CPU [#0]: Intel Core i7-13650HX: C-State Residency,CPU [#0]: Intel Core i7-13650HX: C-State Residency,CPU [#0]: Intel Core i7-13650HX: C-State Residency,CPU [#0]: Intel Core i7-13650HX: C-State Residency,CPU [#0]: Intel Core i7-13650HX: C-State Residency,CPU [#0]: Intel Core i7-13650HX: C-State Residency,CPU [#0]: Intel Core i7-13650HX: C-State Residency,CPU [#0]: Intel Core i7-13650HX: C-State Residency,CPU [#0]: Intel Core i7-13650HX: C-State Residency,CPU [#0]: Intel Core i7-13650HX: C-State Residency,CPU [#0]: Intel Core i7-13650HX: C-State Residency,CPU [#0]: Intel Core i7-13650HX: C-State Residency,CPU [#0]: Intel Core i7-13650HX: C-State Residency,CPU [#0]: Intel Core i7-13650HX: C-State Residency,CPU [#0]: Intel Core i7-13650HX: C-State Residency,CPU [#0]: Intel Core i7-13650HX: C-State Residency,CPU [#0]: Intel Core i7-13650HX: C-State Residency,CPU [#0]: Intel Core i7-13650HX: C-State Residency,CPU [#0]: Intel Core i7-13650HX: C-State Residency,CPU [#0]: Intel Core i7-13650HX: C-State Residency,CPU [#0]: Intel Core i7-13650HX: C-State Residency,CPU [#0]: Intel Core i7-13650HX: C-State Residency,CPU [#0]: Intel Core i7-13650HX: C-State Residency,CPU [#0]: Intel Core i7-13650HX: C-State Residency,CPU [#0]: Intel Core i7-13650HX: C-State Residency,CPU [#0]: Intel Core i7-13650HX: C-State Residency,CPU [#0]: Intel Core i7-13650HX: C-State Residency,CPU [#0]: Intel Core i7-13650HX: C-State Residency,CPU [#0]: Intel Core i7-13650HX: C-State Residency,CPU [#0]: Intel Core i7-13650HX: C-State Residency,CPU [#0]: Intel Core i7-13650HX: C-State Residency,CPU [#0]: Intel Core i7-13650HX: C-State Residency,CPU [#0]: Intel Core i7-13650HX: C-State Residency,CPU [#0]: Intel Core i7-13650HX: C-State Residency,CPU [#0]: Intel Core i7-13650HX: C-State Residency,CPU [#0]: Intel Core i7-13650HX: C-State Residency,CPU [#0]: Intel Core i7-13650HX: C-State Residency,CPU [#0]: Intel Core i7-13650HX: C-State Residency,CPU [#0]: Intel Core i7-13650HX: C-State Residency,CPU [#0]: Intel Core i7-13650HX: C-State Residency,CPU [#0]: Intel Core i7-13650HX: C-State Residency,CPU [#0]: Intel Core i7-13650HX: C-State Residency,CPU [#0]: Intel Core i7-13650HX: C-State Residency,CPU [#0]: Intel Core i7-13650HX: C-State Residency,CPU [#0]: Intel Core i7-13650HX: C-State Residency,CPU [#0]: Intel Core i7-13650HX: C-State Residency,CPU [#0]: Intel Core i7-13650HX: C-State Residency,CPU [#0]: Intel Core i7-13650HX: C-State Residency,CPU [#0]: Intel Core i7-13650HX: C-State Residency,CPU [#0]: Intel Core i7-13650HX: C-State Residency,CPU [#0]: Intel Core i7-13650HX: C-State Residency,CPU [#0]: Intel Core i7-13650HX: C-State Residency,CPU [#0]: Intel Core i7-13650HX: C-State Residency,Memory Timings,Memory Timings,Memory Timings,Memory Timings,Memory Timings,Memory Timings,Memory Timings,Memory Timings,Memory Timings,Memory Timings,CPU [#0]: Intel Core i7-13650HX: Performance Limit Reasons,CPU [#0]: Intel Core i7-13650HX: Performance Limit Reasons,CPU [#0]: Intel Core i7-13650HX: Performance Limit Reasons,CPU [#0]: Intel Core i7-13650HX: Performance Limit Reasons,CPU [#0]: Intel Core i7-13650HX: Performance Limit Reasons,CPU [#0]: Intel Core i7-13650HX: Performance Limit Reasons,CPU [#0]: Intel Core i7-13650HX: Performance Limit Reasons,CPU [#0]: Intel Core i7-13650HX: Performance Limit Reasons,CPU [#0]: Intel Core i7-13650HX: Performance Limit Reasons,CPU [#0]: Intel Core i7-13650HX: Performance Limit Reasons,CPU [#0]: Intel Core i7-13650HX: Performance Limit Reasons,CPU [#0]: Intel Core i7-13650HX: Performance Limit Reasons,CPU [#0]: Intel Core i7-13650HX: Performance Limit Reasons,CPU [#0]: Intel Core i7-13650HX: Performance Limit Reasons,CPU [#0]: Intel Core i7-13650HX: Performance Limit Reasons,CPU [#0]: Intel Core i7-13650HX: Performance Limit Reasons,CPU [#0]: Intel Core i7-13650HX: Performance Limit Reasons,CPU [#0]: Intel Core i7-13650HX: Performance Limit Reasons,CPU [#0]: Intel Core i7-13650HX: Performance Limit Reasons,CPU [#0]: Intel Core i7-13650HX: Performance Limit Reasons,CPU [#0]: Intel Core i7-13650HX: Performance Limit Reasons,CPU [#0]: Intel Core i7-13650HX: Performance Limit Reasons,CPU [#0]: Intel Core i7-13650HX: Performance Limit Reasons,CPU [#0]: Intel Core i7-13650HX: Performance Limit Reasons,CPU [#0]: Intel Core i7-13650HX: Performance Limit Reasons,CPU [#0]: Intel Core i7-13650HX: Performance Limit Reasons,CPU [#0]: Intel Core i7-13650HX: Performance Limit Reasons,CPU [#0]: Intel Core i7-13650HX: Performance Limit Reasons,CPU [#0]: Intel Core i7-13650HX: Performance Limit Reasons,CPU [#0]: Intel Core i7-13650HX: Performance Limit Reasons,CPU [#0]: Intel Core i7-13650HX: Performance Limit Reasons,CPU [#0]: Intel Core i7-13650HX: Performance Limit Reasons,CPU [#0]: Intel Core i7-13650HX: Performance Limit Reasons,CPU [#0]: Intel Core i7-13650HX: Performance Limit Reasons,CPU [#0]: Intel Core i7-13650HX: Performance Limit Reasons,CPU [#0]: Intel Core i7-13650HX: Performance Limit Reasons,CPU [#0]: Intel Core i7-13650HX: Performance Limit Reasons,CPU [#0]: Intel Core i7-13650HX: Performance Limit Reasons,ASUS G614JI (Intel PCH),ASUS NB EC: ASUS ROG Strix G614JI_G614JI,ASUS NB EC: ASUS ROG Strix G614JI_G614JI,ASUS NB EC: ASUS ROG Strix G614JI_G614JI,DDR5 DIMM [#0]: Kingston KF556S40-16 (BANK 0/Controller0-ChannelA-DIMM0),DDR5 DIMM [#0]: Kingston KF556S40-16 (BANK 0/Controller0-ChannelA-DIMM0),DDR5 DIMM [#0]: Kingston KF556S40-16 (BANK 0/Controller0-ChannelA-DIMM0),DDR5 DIMM [#0]: Kingston KF556S40-16 (BANK 0/Controller0-ChannelA-DIMM0),DDR5 DIMM [#0]: Kingston KF556S40-16 (BANK 0/Controller0-ChannelA-DIMM0),DDR5 DIMM [#0]: Kingston KF556S40-16 (BANK 0/Controller0-ChannelA-DIMM0),DDR5 DIMM [#0]: Kingston KF556S40-16 (BANK 0/Controller0-ChannelA-DIMM0),DDR5 DIMM [#0]: Kingston KF556S40-16 (BANK 0/Controller0-ChannelA-DIMM0),DDR5 DIMM [#0]: Kingston KF556S40-16 (BANK 0/Controller0-ChannelA-DIMM0),DDR5 DIMM [#0]: Kingston KF556S40-16 (BANK 0/Controller0-ChannelA-DIMM0),DDR5 DIMM [#0]: Kingston KF556S40-16 (BANK 0/Controller0-ChannelA-DIMM0),DDR5 DIMM [#2]: Kingston KF556S40-16 (BANK 0/Controller1-ChannelA-DIMM0),DDR5 DIMM [#2]: Kingston KF556S40-16 (BANK 0/Controller1-ChannelA-DIMM0),DDR5 DIMM [#2]: Kingston KF556S40-16 (BANK 0/Controller1-ChannelA-DIMM0),DDR5 DIMM [#2]: Kingston KF556S40-16 (BANK 0/Controller1-ChannelA-DIMM0),DDR5 DIMM [#2]: Kingston KF556S40-16 (BANK 0/Controller1-ChannelA-DIMM0),DDR5 DIMM [#2]: Kingston KF556S40-16 (BANK 0/Controller1-ChannelA-DIMM0),DDR5 DIMM [#2]: Kingston KF556S40-16 (BANK 0/Controller1-ChannelA-DIMM0),DDR5 DIMM [#2]: Kingston KF556S40-16 (BANK 0/Controller1-ChannelA-DIMM0),DDR5 DIMM [#2]: Kingston KF556S40-16 (BANK 0/Controller1-ChannelA-DIMM0),DDR5 DIMM [#2]: Kingston KF556S40-16 (BANK 0/Controller1-ChannelA-DIMM0),DDR5 DIMM [#2]: Kingston KF556S40-16 (BANK 0/Controller1-ChannelA-DIMM0),S.M.A.R.T.: Micron_2400_MTFDKBA1T0QFM (22383CE6F7AC) [C:  D:],S.M.A.R.T.: Micron_2400_MTFDKBA1T0QFM (22383CE6F7AC) [C:  D:],S.M.A.R.T.: Micron_2400_MTFDKBA1T0QFM (22383CE6F7AC) [C:  D:],S.M.A.R.T.: Micron_2400_MTFDKBA1T0QFM (22383CE6F7AC) [C:  D:],S.M.A.R.T.: Micron_2400_MTFDKBA1T0QFM (22383CE6F7AC) [C:  D:],S.M.A.R.T.: Micron_2400_MTFDKBA1T0QFM (22383CE6F7AC) [C:  D:],S.M.A.R.T.: Micron_2400_MTFDKBA1T0QFM (22383CE6F7AC) [C:  D:],S.M.A.R.T.: Micron_2400_MTFDKBA1T0QFM (22383CE6F7AC) [C:  D:],S.M.A.R.T.: KINGSTON SNV3S1000G (50026B768769C551) [E:],S.M.A.R.T.: KINGSTON SNV3S1000G (50026B768769C551) [E:],S.M.A.R.T.: KINGSTON SNV3S1000G (50026B768769C551) [E:],S.M.A.R.T.: KINGSTON SNV3S1000G (50026B768769C551) [E:],S.M.A.R.T.: KINGSTON SNV3S1000G (50026B768769C551) [E:],S.M.A.R.T.: KINGSTON SNV3S1000G (50026B768769C551) [E:],S.M.A.R.T.: KINGSTON SNV3S1000G (50026B768769C551) [E:],S.M.A.R.T.: KINGSTON SNV3S1000G (50026B768769C551) [E:],Drive: Micron_2400_MTFDKBA1T0QFM (22383CE6F7AC) [C:  D:],Drive: Micron_2400_MTFDKBA1T0QFM (22383CE6F7AC) [C:  D:],Drive: Micron_2400_MTFDKBA1T0QFM (22383CE6F7AC) [C:  D:],Drive: Micron_2400_MTFDKBA1T0QFM (22383CE6F7AC) [C:  D:],Drive: Micron_2400_MTFDKBA1T0QFM (22383CE6F7AC) [C:  D:],Drive: Micron_2400_MTFDKBA1T0QFM (22383CE6F7AC) [C:  D:],Drive: Micron_2400_MTFDKBA1T0QFM (22383CE6F7AC) [C:  D:],Drive: KINGSTON SNV3S1000G (50026B768769C551) [E:],Drive: KINGSTON SNV3S1000G (50026B768769C551) [E:],Drive: KINGSTON SNV3S1000G (50026B768769C551) [E:],Drive: KINGSTON SNV3S1000G (50026B768769C551) [E:],Drive: KINGSTON SNV3S1000G (50026B768769C551) [E:],Drive: KINGSTON SNV3S1000G (50026B768769C551) [E:],Drive: KINGSTON SNV3S1000G (50026B768769C551) [E:],dGPU [#1]: NVIDIA GeForce RTX 4070 Laptop,dGPU [#1]: NVIDIA GeForce RTX 4070 Laptop,dGPU [#1]: NVIDIA GeForce RTX 4070 Laptop,dGPU [#1]: NVIDIA GeForce RTX 4070 Laptop,dGPU [#1]: NVIDIA GeForce RTX 4070 Laptop,dGPU [#1]: NVIDIA GeForce RTX 4070 Laptop,dGPU [#1]: NVIDIA GeForce RTX 4070 Laptop,dGPU [#1]: NVIDIA GeForce RTX 4070 Laptop,dGPU [#1]: NVIDIA GeForce RTX 4070 Laptop,dGPU [#1]: NVIDIA GeForce RTX 4070 Laptop,dGPU [#1]: NVIDIA GeForce RTX 4070 Laptop,dGPU [#1]: NVIDIA GeForce RTX 4070 Laptop,dGPU [#1]: NVIDIA GeForce RTX 4070 Laptop,dGPU [#1]: NVIDIA GeForce RTX 4070 Laptop,dGPU [#1]: NVIDIA GeForce RTX 4070 Laptop,dGPU [#1]: NVIDIA GeForce RTX 4070 Laptop,dGPU [#1]: NVIDIA GeForce RTX 4070 Laptop,dGPU [#1]: NVIDIA GeForce RTX 4070 Laptop,dGPU [#1]: NVIDIA GeForce RTX 4070 Laptop,dGPU [#1]: NVIDIA GeForce RTX 4070 Laptop,dGPU [#1]: NVIDIA GeForce RTX 4070 Laptop,dGPU [#1]: NVIDIA GeForce RTX 4070 Laptop,dGPU [#1]: NVIDIA GeForce RTX 4070 Laptop,dGPU [#1]: NVIDIA GeForce RTX 4070 Laptop,dGPU [#1]: NVIDIA GeForce RTX 4070 Laptop,dGPU [#1]: NVIDIA GeForce RTX 4070 Laptop,dGPU [#1]: NVIDIA GeForce RTX 4070 Laptop,dGPU [#1]: NVIDIA GeForce RTX 4070 Laptop,dGPU [#1]: NVIDIA GeForce RTX 4070 Laptop,dGPU [#1]: NVIDIA GeForce RTX 4070 Laptop,dGPU [#1]: NVIDIA GeForce RTX 4070 Laptop,dGPU [#1]: NVIDIA GeForce RTX 4070 Laptop,dGPU [#1]: NVIDIA GeForce RTX 4070 Laptop,dGPU [#1]: NVIDIA GeForce RTX 4070 Laptop,dGPU [#1]: NVIDIA GeForce RTX 4070 Laptop,dGPU [#1]: NVIDIA GeForce RTX 4070 Laptop,dGPU [#1]: NVIDIA GeForce RTX 4070 Laptop,dGPU [#1]: NVIDIA GeForce RTX 4070 Laptop,dGPU [#1]: NVIDIA GeForce RTX 4070 Laptop,dGPU [#1]: NVIDIA GeForce RTX 4070 Laptop,dGPU [#1]: NVIDIA GeForce RTX 4070 Laptop,dGPU [#1]: NVIDIA GeForce RTX 4070 Laptop,dGPU [#1]: NVIDIA GeForce RTX 4070 Laptop,dGPU [#1]: NVIDIA GeForce RTX 4070 Laptop,dGPU [#1]: NVIDIA GeForce RTX 4070 Laptop,dGPU [#1]: NVIDIA GeForce RTX 4070 Laptop,dGPU [#1]: NVIDIA GeForce RTX 4070 Laptop,dGPU [#1]: NVIDIA GeForce RTX 4070 Laptop,dGPU [#1]: NVIDIA GeForce RTX 4070 Laptop,dGPU [#1]: NVIDIA GeForce RTX 4070 Laptop,dGPU [#1]: NVIDIA GeForce RTX 4070 Laptop,dGPU [#1]: NVIDIA GeForce RTX 4070 Laptop,dGPU [#1]: NVIDIA GeForce RTX 4070 Laptop,dGPU [#1]: NVIDIA GeForce RTX 4070 Laptop,dGPU [#1]: NVIDIA GeForce RTX 4070 Laptop,dGPU [#1]: NVIDIA GeForce RTX 4070 Laptop,dGPU [#1]: NVIDIA GeForce RTX 4070 Laptop,dGPU [#1]: NVIDIA GeForce RTX 4070 Laptop,dGPU [#1]: NVIDIA GeForce RTX 4070 Laptop,dGPU [#1]: NVIDIA GeForce RTX 4070 Laptop,dGPU [#1]: NVIDIA GeForce RTX 4070 Laptop,dGPU [#1]: NVIDIA GeForce RTX 4070 Laptop,dGPU [#1]: NVIDIA GeForce RTX 4070 Laptop,dGPU [#1]: NVIDIA GeForce RTX 4070 Laptop,dGPU [#1]: NVIDIA GeForce RTX 4070 Laptop,dGPU [#1]: NVIDIA GeForce RTX 4070 Laptop,dGPU [#1]: NVIDIA GeForce RTX 4070 Laptop,dGPU [#1]: NVIDIA GeForce RTX 4070 Laptop,dGPU [#1]: NVIDIA GeForce RTX 4070 Laptop,dGPU [#1]: NVIDIA GeForce RTX 4070 Laptop,dGPU [#1]: NVIDIA GeForce RTX 4070 Laptop,dGPU [#1]: NVIDIA GeForce RTX 4070 Laptop,dGPU [#1]: NVIDIA GeForce RTX 4070 Laptop,dGPU [#1]: NVIDIA GeForce RTX 4070 Laptop,dGPU [#1]: NVIDIA GeForce RTX 4070 Laptop,dGPU [#1]: NVIDIA GeForce RTX 4070 Laptop,iGPU [#0]: Intel UHD Graphics,iGPU [#0]: Intel UHD Graphics,iGPU [#0]: Intel UHD Graphics,iGPU [#0]: Intel UHD Graphics,iGPU [#0]: Intel UHD Graphics,iGPU [#0]: Intel UHD Graphics,iGPU [#0]: Intel UHD Graphics,iGPU [#0]: Intel UHD Graphics,iGPU [#0]: Intel UHD Graphics,iGPU [#0]: Intel UHD Graphics,iGPU [#0]: Intel UHD Graphics,iGPU [#0]: Intel UHD Graphics,iGPU [#0]: Intel UHD Graphics,iGPU [#0]: Intel UHD Graphics,iGPU [#0]: Intel UHD Graphics,iGPU [#0]: Intel UHD Graphics,iGPU [#0]: Intel UHD Graphics,iGPU [#0]: Intel UHD Graphics,iGPU [#0]: Intel UHD Graphics,iGPU [#0]: Intel UHD Graphics,iGPU [#0]: Intel UHD Graphics,iGPU [#0]: Intel UHD Graphics,iGPU [#0]: Intel UHD Graphics,iGPU [#0]: Intel UHD Graphics,iGPU [#0]: Intel UHD Graphics,Battery: AS3GYFG3KC R220358,Battery: AS3GYFG3KC R220358,Battery: AS3GYFG3KC R220358,Battery: AS3GYFG3KC R220358,Battery: AS3GYFG3KC R220358,RTSS,RTSS,RTSS,RTSS,PresentMon [dwm.exe],PresentMon [dwm.exe],PresentMon [dwm.exe],PresentMon [dwm.exe],PresentMon [dwm.exe],PresentMon [dwm.exe],PresentMon [dwm.exe],PresentMon [dwm.exe],PresentMon [dwm.exe],PresentMon [dwm.exe],PresentMon [dwm.exe],PresentMon [dwm.exe],PresentMon [dwm.exe],PresentMon [dwm.exe],PresentMon [dwm.exe],PresentMon [dwm.exe],PresentMon [dwm.exe],PresentMon [dwm.exe],PresentMon [dwm.exe],PresentMon [dwm.exe],PresentMon [dwm.exe],PresentMon [dwm.exe],PresentMon [dwm.exe],Network: Intel Wi-Fi 6E AX211 160MHz - Wi-Fi,Network: Intel Wi-Fi 6E AX211 160MHz - Wi-Fi,Network: Intel Wi-Fi 6E AX211 160MHz - Wi-Fi,Network: Intel Wi-Fi 6E AX211 160MHz - Wi-Fi,Network: RealTek Semiconductor RTL8168/8111 PCI-E Gigabit Ethernet NIC - Ethernet,Network: RealTek Semiconductor RTL8168/8111 PCI-E Gigabit Ethernet NIC - Ethernet,Network: RealTek Semiconductor RTL8168/8111 PCI-E Gigabit Ethernet NIC - Ethernet,Network: RealTek Semiconductor RTL8168/8111 PCI-E Gigabit Ethernet NIC - Ethernet,Windows Hardware Errors (WHEA),
