Date,Time,"Virtual Memory Committed [MB]","Virtual Memory Available [MB]","Virtual Memory Load [%]","Physical Memory Used [MB]","Physical Memory Available [MB]","Physical Memory Load [%]","Page File Usage [%]","Page File Total [MB]","Page File Used [MB]","Core VIDs (avg) [V]","P-core 0 VID [V]","P-core 1 VID [V]","P-core 2 VID [V]","P-core 3 VID [V]","P-core 4 VID [V]","P-core 5 VID [V]","E-core 6 VID [V]","E-core 7 VID [V]","E-core 8 VID [V]","E-core 9 VID [V]","E-core 10 VID [V]","E-core 11 VID [V]","E-core 12 VID [V]","E-core 13 VID [V]","Uncore VID [V]","SA VID [V]","Core Clocks (avg) [MHz]","P-core 0 Clock [MHz]","P-core 1 Clock [MHz]","P-core 2 Clock [MHz]","P-core 3 Clock [MHz]","P-core 4 Clock [MHz]","P-core 5 Clock [MHz]","E-core 6 Clock [MHz]","E-core 7 Clock [MHz]","E-core 8 Clock [MHz]","E-core 9 Clock [MHz]","E-core 10 Clock [MHz]","E-core 11 Clock [MHz]","E-core 12 Clock [MHz]","E-core 13 Clock [MHz]","Bus Clock [MHz]","Ring/LLC Clock [MHz]","Core Effective Clocks (avg) [MHz]","P-core 0 T0 Effective Clock [MHz]","P-core 0 T1 Effective Clock [MHz]","P-core 1 T0 Effective Clock [MHz]","P-core 1 T1 Effective Clock [MHz]","P-core 2 T0 Effective Clock [MHz]","P-core 2 T1 Effective Clock [MHz]","P-core 3 T0 Effective Clock [MHz]","P-core 3 T1 Effective Clock [MHz]","P-core 4 T0 Effective Clock [MHz]","P-core 4 T1 Effective Clock [MHz]","P-core 5 T0 Effective Clock [MHz]","P-core 5 T1 Effective Clock [MHz]","E-core 6 T0 Effective Clock [MHz]","E-core 7 T0 Effective Clock [MHz]","E-core 8 T0 Effective Clock [MHz]","E-core 9 T0 Effective Clock [MHz]","E-core 10 T0 Effective Clock [MHz]","E-core 11 T0 Effective Clock [MHz]","E-core 12 T0 Effective Clock [MHz]","E-core 13 T0 Effective Clock [MHz]","Average Effective Clock [MHz]","Core Usage (avg) [%]","P-core 0 T0 Usage [%]","P-core 0 T1 Usage [%]","P-core 1 T0 Usage [%]","P-core 1 T1 Usage [%]","P-core 2 T0 Usage [%]","P-core 2 T1 Usage [%]","P-core 3 T0 Usage [%]","P-core 3 T1 Usage [%]","P-core 4 T0 Usage [%]","P-core 4 T1 Usage [%]","P-core 5 T0 Usage [%]","P-core 5 T1 Usage [%]","E-core 6 T0 Usage [%]","E-core 7 T0 Usage [%]","E-core 8 T0 Usage [%]","E-core 9 T0 Usage [%]","E-core 10 T0 Usage [%]","E-core 11 T0 Usage [%]","E-core 12 T0 Usage [%]","E-core 13 T0 Usage [%]","Max CPU/Thread Usage [%]","Total CPU Usage [%]","On-Demand Clock Modulation [%]","Core Utility (avg) [%]","P-core 0 T0 Utility [%]","P-core 0 T1 Utility [%]","P-core 1 T0 Utility [%]","P-core 1 T1 Utility [%]","P-core 2 T0 Utility [%]","P-core 2 T1 Utility [%]","P-core 3 T0 Utility [%]","P-core 3 T1 Utility [%]","P-core 4 T0 Utility [%]","P-core 4 T1 Utility [%]","P-core 5 T0 Utility [%]","P-core 5 T1 Utility [%]","E-core 6 T0 Utility [%]","E-core 7 T0 Utility [%]","E-core 8 T0 Utility [%]","E-core 9 T0 Utility [%]","E-core 10 T0 Utility [%]","E-core 11 T0 Utility [%]","E-core 12 T0 Utility [%]","E-core 13 T0 Utility [%]","Total CPU Utility [%]","Core Ratios (avg) [x]","P-core 0 Ratio [x]","P-core 1 Ratio [x]","P-core 2 Ratio [x]","P-core 3 Ratio [x]","P-core 4 Ratio [x]","P-core 5 Ratio [x]","E-core 6 Ratio [x]","E-core 7 Ratio [x]","E-core 8 Ratio [x]","E-core 9 Ratio [x]","E-core 10 Ratio [x]","E-core 11 Ratio [x]","E-core 12 Ratio [x]","E-core 13 Ratio [x]","Uncore Ratio [x]","Core Temperatures (avg) [°C]","P-core 0 [°C]","P-core 1 [°C]","P-core 2 [°C]","P-core 3 [°C]","P-core 4 [°C]","P-core 5 [°C]","E-core 6 [°C]","E-core 7 [°C]","E-core 8 [°C]","E-core 9 [°C]","E-core 10 [°C]","E-core 11 [°C]","E-core 12 [°C]","E-core 13 [°C]","Core Distance to TjMAX (avg) [°C]","P-core 0 Distance to TjMAX [°C]","P-core 1 Distance to TjMAX [°C]","P-core 2 Distance to TjMAX [°C]","P-core 3 Distance to TjMAX [°C]","P-core 4 Distance to TjMAX [°C]","P-core 5 Distance to TjMAX [°C]","E-core 6 Distance to TjMAX [°C]","E-core 7 Distance to TjMAX [°C]","E-core 8 Distance to TjMAX [°C]","E-core 9 Distance to TjMAX [°C]","E-core 10 Distance to TjMAX [°C]","E-core 11 Distance to TjMAX [°C]","E-core 12 Distance to TjMAX [°C]","E-core 13 Distance to TjMAX [°C]","CPU Package [°C]","Core Max [°C]","Core Thermal Throttling (avg) [Yes/No]","P-core 0 Thermal Throttling [Yes/No]","P-core 1 Thermal Throttling [Yes/No]","P-core 2 Thermal Throttling [Yes/No]","P-core 3 Thermal Throttling [Yes/No]","P-core 4 Thermal Throttling [Yes/No]","P-core 5 Thermal Throttling [Yes/No]","E-core 6 Thermal Throttling [Yes/No]","E-core 7 Thermal Throttling [Yes/No]","E-core 8 Thermal Throttling [Yes/No]","E-core 9 Thermal Throttling [Yes/No]","E-core 10 Thermal Throttling [Yes/No]","E-core 11 Thermal Throttling [Yes/No]","E-core 12 Thermal Throttling [Yes/No]","E-core 13 Thermal Throttling [Yes/No]","Core Critical Temperature (avg) [Yes/No]","P-core 0 Critical Temperature [Yes/No]","P-core 1 Critical Temperature [Yes/No]","P-core 2 Critical Temperature [Yes/No]","P-core 3 Critical Temperature [Yes/No]","P-core 4 Critical Temperature [Yes/No]","P-core 5 Critical Temperature [Yes/No]","E-core 6 Critical Temperature [Yes/No]","E-core 7 Critical Temperature [Yes/No]","E-core 8 Critical Temperature [Yes/No]","E-core 9 Critical Temperature [Yes/No]","E-core 10 Critical Temperature [Yes/No]","E-core 11 Critical Temperature [Yes/No]","E-core 12 Critical Temperature [Yes/No]","E-core 13 Critical Temperature [Yes/No]","Core Power Limit Exceeded (avg) [Yes/No]","P-core 0 Power Limit Exceeded [Yes/No]","P-core 1 Power Limit Exceeded [Yes/No]","P-core 2 Power Limit Exceeded [Yes/No]","P-core 3 Power Limit Exceeded [Yes/No]","P-core 4 Power Limit Exceeded [Yes/No]","P-core 5 Power Limit Exceeded [Yes/No]","E-core 6 Power Limit Exceeded [Yes/No]","E-core 7 Power Limit Exceeded [Yes/No]","E-core 8 Power Limit Exceeded [Yes/No]","E-core 9 Power Limit Exceeded [Yes/No]","E-core 10 Power Limit Exceeded [Yes/No]","E-core 11 Power Limit Exceeded [Yes/No]","E-core 12 Power Limit Exceeded [Yes/No]","E-core 13 Power Limit Exceeded [Yes/No]","Package/Ring Thermal Throttling [Yes/No]","Package/Ring Critical Temperature [Yes/No]","Package/Ring Power Limit Exceeded [Yes/No]","CPU Package [°C]","CPU IA Cores [°C]","CPU GT Cores (Graphics) [°C]","VDDQ TX Voltage [V]","VR VCC Current (SVID IOUT) [A]","CPU Package Power [W]","IA Cores Power [W]","GT Cores Power [W]","System Agent Power [W]","Rest-of-Chip Power [W]","PL1 Power Limit (Static) [W]","PL1 Power Limit (Dynamic) [W]","PL2 Power Limit (Static) [W]","PL2 Power Limit (Dynamic) [W]","Current cTDP Level []","Package C2 Residency [%]","Core C0 Residency (avg) [%]","P-core 0 T0 C0 Residency [%]","P-core 0 T1 C0 Residency [%]","P-core 1 T0 C0 Residency [%]","P-core 1 T1 C0 Residency [%]","P-core 2 T0 C0 Residency [%]","P-core 2 T1 C0 Residency [%]","P-core 3 T0 C0 Residency [%]","P-core 3 T1 C0 Residency [%]","P-core 4 T0 C0 Residency [%]","P-core 4 T1 C0 Residency [%]","P-core 5 T0 C0 Residency [%]","P-core 5 T1 C0 Residency [%]","E-core 6 T0 C0 Residency [%]","E-core 7 T0 C0 Residency [%]","E-core 8 T0 C0 Residency [%]","E-core 9 T0 C0 Residency [%]","E-core 10 T0 C0 Residency [%]","E-core 11 T0 C0 Residency [%]","E-core 12 T0 C0 Residency [%]","E-core 13 T0 C0 Residency [%]","Core C1 Residency (avg) [%]","P-core 0 C1 Residency [%]","P-core 1 C1 Residency [%]","P-core 2 C1 Residency [%]","P-core 3 C1 Residency [%]","P-core 4 C1 Residency [%]","P-core 5 C1 Residency [%]","E-core 6 C1 Residency [%]","E-core 7 C1 Residency [%]","E-core 8 C1 Residency [%]","E-core 9 C1 Residency [%]","E-core 10 C1 Residency [%]","E-core 11 C1 Residency [%]","E-core 12 C1 Residency [%]","E-core 13 C1 Residency [%]","Core C6 Residency (avg) [%]","P-core 0 C6 Residency [%]","P-core 1 C6 Residency [%]","P-core 2 C6 Residency [%]","P-core 3 C6 Residency [%]","P-core 4 C6 Residency [%]","P-core 5 C6 Residency [%]","E-core 6 C6 Residency [%]","E-core 7 C6 Residency [%]","E-core 8 C6 Residency [%]","E-core 9 C6 Residency [%]","E-core 10 C6 Residency [%]","E-core 11 C6 Residency [%]","E-core 12 C6 Residency [%]","E-core 13 C6 Residency [%]","Core C7 Residency (avg) [%]","P-core 0 C7 Residency [%]","P-core 1 C7 Residency [%]","P-core 2 C7 Residency [%]","P-core 3 C7 Residency [%]","P-core 4 C7 Residency [%]","P-core 5 C7 Residency [%]","Memory Clock [MHz]","Memory Clock Ratio [x]","Tcas [T]","Trcd [T]","Trp [T]","Tras [T]","Trc [T]","Trfc [T]","Command Rate [T]","Gear Mode []","IA Limit Reasons (avg) [Yes/No]","IA: PROCHOT [Yes/No]","IA: Thermal Event [Yes/No]","IA: Residency State Regulation [Yes/No]","IA: Running Average Thermal Limit [Yes/No]","IA: VR Thermal Alert [Yes/No]","IA: VR TDC [Yes/No]","IA: Electrical Design Point/Other (ICCmax PL4 SVID DDR RAPL) [Yes/No]","IA: Package-Level RAPL/PBM PL1 [Yes/No]","IA: Package-Level RAPL/PBM PL2 PL3 [Yes/No]","IA: Max Turbo Limit [Yes/No]","IA: Turbo Attenuation (MCT) [Yes/No]","IA: Thermal Velocity Boost [Yes/No]","GT Limit Reasons (avg) [Yes/No]","GT: PROCHOT [Yes/No]","GT: Thermal Event [Yes/No]","GT: DDR RAPL [Yes/No]","GT: Residency State Regulation [Yes/No]","GT: Running Average Thermal Limit [Yes/No]","GT: VR Thermal Alert [Yes/No]","GT: VR TDC [Yes/No]","GT: Max VR Voltage  ICCmax  PL4 [Yes/No]","GT: Domain-Level PBM PLGT [Yes/No]","GT: Package-Level RAPL/PBM PL1 [Yes/No]","GT: Package-Level RAPL/PBM PL2 PL3 [Yes/No]","GT: Inefficient Operation [Yes/No]","GT: Fuses limit [Yes/No]","Ring Limit Reasons (avg) [Yes/No]","RING: PROCHOT [Yes/No]","RING: Thermal Event [Yes/No]","RING: DDR RAPL [Yes/No]","RING: Residency State Regulation [Yes/No]","RING: Running Average Thermal Limit [Yes/No]","RING: VR Thermal Alert [Yes/No]","RING: VR TDC [Yes/No]","RING: Max VR Voltage  ICCmax  PL4 [Yes/No]","RING: Package-Level RAPL/PBM PL1 [Yes/No]","RING: Package-Level RAPL/PBM PL2 PL3 [Yes/No]","PCH Temperature [°C]","CPU [RPM]","GPU [RPM]","GPU [RPM]","SPD Hub Temperature [°C]","VDD (SWA) Voltage [V]","VDDQ (SWB) Voltage [V]","VPP (SWC) Voltage [V]","1.8V VOUT Voltage [V]","1.0V VOUT Voltage [V]","VIN Voltage [V]","Total Power [W]","PMIC High Temperature [Yes/No]","PMIC Over Voltage [Yes/No]","PMIC Under Voltage [Yes/No]","SPD Hub Temperature [°C]","VDD (SWA) Voltage [V]","VDDQ (SWB) Voltage [V]","VPP (SWC) Voltage [V]","1.8V VOUT Voltage [V]","1.0V VOUT Voltage [V]","VIN Voltage [V]","Total Power [W]","PMIC High Temperature [Yes/No]","PMIC Over Voltage [Yes/No]","PMIC Under Voltage [Yes/No]","Drive Temperature [°C]","Drive Temperature 2 [°C]","Drive Remaining Life [%]","Drive Available Spare [%]","Drive Failure [Yes/No]","Drive Warning [Yes/No]","Total Host Writes [GB]","Total Host Reads [GB]","Drive Temperature [°C]","Drive Temperature 3 [°C]","Drive Remaining Life [%]","Drive Available Spare [%]","Drive Failure [Yes/No]","Drive Warning [Yes/No]","Total Host Writes [GB]","Total Host Reads [GB]","Read Activity [%]","Write Activity [%]","Total Activity [%]","Read Rate [MB/s]","Write Rate [MB/s]","Read Total [MB]","Write Total [MB]","Read Activity [%]","Write Activity [%]","Total Activity [%]","Read Rate [MB/s]","Write Rate [MB/s]","Read Total [MB]","Write Total [MB]","GPU Temperature [°C]","GPU Memory Junction Temperature [°C]","GPU Hot Spot Temperature [°C]","GPU Thermal Limit [°C]","GPU Core Voltage [V]","GPU Rail Voltages (avg) [V]","GPU FBVDD Input Voltage [V]","GPU 12VHPWR Voltage [V]","GPU Power [W]","GPU Rail Powers (avg) [W]","GPU Core (NVVDD) Input Power (sum) [W]","GPU FBVDD Input Power [W]","GPU 12VHPWR Power [W]","GPU PCIe +3.3V Input Power (est) [W]","GPU Input PP Source Power (sum) [W]","GPU Core (NVVDD) Output Power [W]","GPU Core (NVVDD) Output Power [W]","GPU Power Limit (rated) [W]","GPU Power Limit (max) [W]","GPU Clock [MHz]","GPU Memory Clock [MHz]","GPU Video Clock [MHz]","GPU Effective Clock [MHz]","GPU Crossbar Clock [MHz]","GPU Core Load [%]","GPU Memory Controller Load [%]","GPU Video Engine Load [%]","GPU Bus Load [%]","GPU Memory Usage [%]","GPU D3D Usages (avg) [%]","GPU D3D Usage [%]","GPU Video Decode 0 Usage [%]","GPU Video Encode 0 Usage [%]","GPU VR Usage [%]","GPU Performance Limiters (avg) [Yes/No]","Performance Limit - Power [Yes/No]","Performance Limit - Thermal [Yes/No]","Performance Limit - Reliability Voltage [Yes/No]","Performance Limit - Max Operating Voltage [Yes/No]","Performance Limit - Utilization [Yes/No]","Performance Limit - SLI GPUBoost Sync [Yes/No]","PCI Express Error Counters (avg) []","Receiver Errors []","Replay Count []","Replay Rollover Count []","Bad DLLP Count []","Bad TLP Count []","LCRC Error Count []","NAKs Sent Count []","NAKs Received Count []","Recovery Count []","Correctable Error Count []","Non-Fatal Error Count []","Fatal Error Count []","Unsupported Request Count []","PCIe Lane 0 Errors []","PCIe Lane 1 Errors []","PCIe Lane 2 Errors []","PCIe Lane 3 Errors []","PCIe Lane 4 Errors []","PCIe Lane 5 Errors []","PCIe Lane 6 Errors []","PCIe Lane 7 Errors []","PCIe Lane 8 Errors []","PCIe Lane 9 Errors []","PCIe Lane 10 Errors []","PCIe Lane 11 Errors []","PCIe Lane 12 Errors []","PCIe Lane 13 Errors []","PCIe Lane 14 Errors []","PCIe Lane 15 Errors []","GPU Memory Available [MB]","GPU Memory Allocated [MB]","GPU D3D Memory Dedicated [MB]","GPU D3D Memory Dynamic [MB]","PCIe Link Speed [GT/s]","GPU Core Temperature [°C]","iGPU VID [V]","IGPU Power [W]","GPU Clock [MHz]","GPU Memory Clock [MHz]","GPU Total Usage [%]","GPU Computing Usage [%]","GPU Media Engine Usage [%]","GPU D3D Utilizations (avg) [%]","GPU D3D Usage [%]","GPU Video Decode 0 Usage [%]","GPU Video Processing 0 Usage [%]","GPU Copy Engine Usage [%]","GPU Memory Usage [%]","GPU Memory Allocated [MB]","GPU Memory Available [MB]","GPU D3D Memory Dynamic [MB]","GPU Throttle Reasons (avg) [Yes/No]","Avg. Power (PL1) [Yes/No]","Burst Power (PL2) [Yes/No]","Current (PL4) [Yes/No]","Thermal [Yes/No]","Power Supply [Yes/No]","Software Limit [Yes/No]","Hardware Limit [Yes/No]","Battery Voltage [V]","Remaining Capacity [Wh]","Charge Level [%]","Charge Rate [W]","Wear Level [%]","Framerate [FPS]","Framerate 1% Low [FPS]","Framerate 0.1% Low [FPS]","Frame Time [ms]","Framerate Presented (avg) [FPS]","Framerate Presented (99%) [FPS]","Framerate Presented (1%) [FPS]","Framerate Presented (0.1%) [FPS]","Framerate Presented (1% low) [FPS]","Framerate Presented (0.1% low) [FPS]","Framerate Displayed (avg) [FPS]","Framerate Displayed (99%) [FPS]","Framerate Displayed (1%) [FPS]","Framerate Displayed (0.1%) [FPS]","Framerate Displayed (1% low) [FPS]","Framerate Displayed (0.1% low) [FPS]","Frame Time Presented (avg) [ms]","Frame Time Presented (99%) [ms]","Frame Time Presented (1%) [ms]","Frame Time Presented (0.1%) [ms]","Frame Time Displayed (1% high) [ms]","Frame Time Displayed (0.1% high) [ms]","GPU Busy (avg) [ms]","GPU Wait (avg) [ms]","CPU Busy (avg) [ms]","CPU Wait (avg) [ms]","Animation Error (avg) [ms]","Total DL [MB]","Total UP [MB]","Current DL rate [KB/s]","Current UP rate [KB/s]","Total DL [MB]","Total UP [MB]","Current DL rate [KB/s]","Current UP rate [KB/s]","Total Errors []",
9.6.2026,14:10:49.394,15933,32835,32.6,12627,19757,38.9,11.5,16384,1880,0.754,0.758,0.744,0.748,0.748,0.749,0.754,0.754,0.754,0.754,0.759,0.759,0.754,0.753,0.758,0.706,0.788,1460.7,1197.1,1296.8,1296.8,1396.6,1396.6,1496.3,1496.3,1496.3,1496.3,1496.3,1596.1,1596.1,1596.1,1596.1,99.8,798.0,43.5,57.9,35.5,53.0,0.2,206.9,0.3,6.3,340.4,1.1,0.2,0.6,17.0,8.4,0.5,0.3,0.3,28.4,42.3,6.4,63.1,45.6,2.3,4.0,2.5,1.9,0.0,10.8,0.0,0.3,18.0,0.0,0.0,0.0,1.0,0.0,0.0,0.0,0.0,1.0,3.0,0.0,4.1,18.0,2.3,100.0,2.0,3.0,1.5,2.7,0.0,8.6,0.0,0.5,14.5,0.0,0.0,0.0,0.8,0.5,0.0,0.0,0.0,1.5,2.3,0.4,3.4,2.0,14.6,12.0,13.0,13.0,14.0,14.0,15.0,15.0,15.0,15.0,15.0,16.0,16.0,16.0,16.0,8.0,51,51,51,52,46,48,49,52,52,52,52,52,52,51,51,49,49,49,48,54,52,51,48,48,48,48,48,48,49,49,67,52,No,No,No,No,No,No,No,No,No,No,No,No,No,No,No,No,No,No,No,No,No,No,No,No,No,No,No,No,No,No,No,No,No,No,No,No,No,No,No,No,No,No,No,No,No,No,No,No,67,52,58,1.100,13.500,7.230,1.630,0.001,4.357,0.428,175.0,175.0,175.0,175.0,0,54.0,2.7,4.1,2.6,3.5,0.0,10.7,0.0,0.5,18.1,0.1,0.0,0.0,1.1,0.7,0.0,0.0,0.0,2.5,3.7,0.5,5.5,2.0,4.9,4.9,5.3,11.7,0.0,0.7,0.0,0.0,0.0,0.0,0.0,0.0,0.0,0.0,56.2,0.0,0.0,0.0,0.0,0.0,0.0,99.2,99.9,100.0,100.0,97.4,96.2,99.4,94.1,86.3,85.3,89.7,80.9,64.8,99.8,97.4,2394.1,24.00,36,35,35,68,103,383,2,2,Yes,No,No,No,No,No,No,No,No,No,Yes,No,No,Yes,No,No,No,No,No,No,No,Yes,No,No,No,No,No,No,No,No,No,No,No,No,No,No,No,No,88.0,2520,1980,2460,56.5,1.110,1.110,1.815,1.815,1.005,5.110,0.875,No,No,No,57.8,1.110,1.110,1.815,1.815,1.005,5.110,0.750,No,No,No,50,50,94.0,100.0,No,No,32158,47983,38,70,99.0,100.0,No,No,1844,3246,0.3,1.1,1.4,0.060,0.089,92407,51261,0.0,0.0,0.0,0.000,0.000,164001,82786,52.9,60.0,60.2,83.0,0.870,20.780,20.787,20.773,21.150,9.337,9.299,8.751,18.052,3.000,11.758,7.232,7.265,100.000,140.000,2175.0,2150.2,1875.0,2175.0,1890.0,0.0,0.0,0.0,0.0,13.2,0.0,0.0,0.0,0.0,0.0,Yes,No,No,No,No,Yes,No,0,0,0,0,0,0,0,0,0,0,0,0,0,0,0,0,0,0,0,0,0,0,0,0,0,0,0,0,0,0,7109,1079,846,80,16.0,58,0.305,5.826,550.0,2394.0,0.1,0.0,0.0,0.0,0.0,0.0,0.0,0.0,0.8,127,16065,127,No,No,No,No,No,No,No,No,16.746,68.277,100.0,0.000,24.1,0,0,0,0.0,5.0,91.9,2.3,2.3,2.3,2.3,5.0,82.6,2.3,2.3,2.3,2.3,200.90,438.49,10.88,10.85,441.56,441.56,0.50,200.42,200.90,0.00,201.55,650,9,0.7,0.2,0,0,0.0,0.0,0,
9.6.2026,14:10:51.389,15943,32825,32.6,12644,19740,39.0,11.5,16384,1880,1.190,1.191,1.191,1.181,1.166,1.176,1.201,1.206,1.202,1.147,1.147,1.187,1.222,1.212,1.227,1.104,0.788,3512.8,4688.5,4688.5,4688.5,4688.5,4489.0,4688.5,3591.2,3591.2,3591.2,3591.2,1097.3,1097.3,1097.3,3591.2,99.8,4090.0,158.3,265.2,84.0,227.7,0.3,951.9,0.3,7.4,919.1,21.1,0.2,2.1,340.8,0.5,0.2,0.2,0.2,70.8,81.7,89.9,101.9,176.3,5.2,7.3,3.6,6.8,0.6,26.1,0.6,0.8,28.6,1.1,0.5,2.1,9.1,0.6,0.6,0.6,0.6,3.0,2.9,3.8,4.4,28.6,5.2,100.0,6.5,10.8,3.5,9.2,0.0,37.2,0.0,0.6,36.2,0.9,0.0,0.2,13.4,0.0,0.0,0.0,0.0,3.9,4.5,5.0,5.4,6.5,35.2,47.0,47.0,47.0,47.0,45.0,47.0,36.0,36.0,36.0,36.0,11.0,11.0,11.0,36.0,41.0,55,56,54,63,54,54,55,54,54,54,54,54,54,54,55,45,44,46,37,46,46,45,46,46,46,46,46,46,46,45,68,63,No,No,No,No,No,No,No,No,No,No,No,No,No,No,No,No,No,No,No,No,No,No,No,No,No,No,No,No,No,No,No,No,No,No,No,No,No,No,No,No,No,No,No,No,No,No,No,No,68,58,58,1.100,16.875,5.997,0.610,0.001,4.278,0.426,175.0,175.0,175.0,175.0,0,45.4,4.8,7.6,3.1,6.3,0.0,26.3,0.0,0.5,28.9,0.6,0.0,0.1,9.4,0.0,0.0,0.0,0.0,2.6,3.1,3.2,4.1,4.1,12.6,6.5,6.7,11.8,1.7,11.9,0.0,0.0,0.0,0.0,2.1,1.7,1.5,0.9,56.1,0.0,0.0,3.4,3.1,0.0,0.0,99.9,100.0,100.0,100.0,95.0,95.1,95.0,94.6,74.5,74.3,86.1,60.7,51.7,97.3,76.6,2394.1,24.00,36,35,35,68,103,383,2,2,Yes,No,No,No,No,No,No,No,No,No,Yes,No,No,Yes,No,No,No,No,No,No,No,Yes,No,No,No,No,No,Yes,No,No,No,No,No,No,No,Yes,No,No,87.0,2520,1980,2460,56.5,1.110,1.110,1.815,1.815,1.005,5.110,1.000,No,No,No,57.8,1.110,1.110,1.815,1.815,1.005,5.110,1.250,No,No,No,50,50,94.0,100.0,No,No,32158,47983,38,70,99.0,100.0,No,No,1844,3246,0.8,1.3,2.1,0.112,0.283,92407,51262,0.0,0.0,0.0,0.000,0.000,164001,82786,52.9,58.0,60.3,83.0,0.870,20.765,20.770,20.759,21.232,8.676,10.012,6.605,16.628,3.000,9.622,7.279,7.586,100.000,140.000,2175.0,1750.2,1875.0,2175.0,1890.0,13.0,0.0,0.0,2.0,13.2,0.5,1.9,0.0,0.0,0.0,Yes,No,No,No,No,Yes,No,0,0,0,0,0,0,0,0,0,0,0,0,0,0,0,0,0,0,0,0,0,0,0,0,0,0,0,0,0,0,7111,1077,844,80,16.0,58,0.302,7.709,500.0,2394.0,0.1,0.0,0.0,0.0,0.0,0.0,0.0,0.0,0.8,127,16065,127,No,No,No,No,No,No,No,No,16.746,68.277,100.0,0.000,24.1,0,0,0,0.0,119.6,213.3,14.4,7.9,9.7,7.5,119.6,168.8,14.7,7.9,9.7,7.5,8.36,69.42,4.69,4.40,103.43,133.01,0.41,7.95,8.36,0.00,4.71,650,9,0.0,0.0,0,0,0.0,0.0,0,
9.6.2026,14:10:53.392,15940,32828,32.6,12645,19739,39.0,11.5,16384,1880,1.140,0.820,1.206,1.206,1.201,1.221,1.206,1.222,1.222,1.222,1.222,1.212,1.095,1.110,0.800,0.751,0.786,3185.1,2394.1,4688.5,4688.5,4688.5,4688.5,4688.5,3591.2,3591.2,3591.2,3591.2,1097.3,1097.3,1097.3,1097.3,99.8,1795.6,117.4,78.9,32.2,26.5,0.2,433.0,0.2,4.0,472.6,3.0,0.1,1.1,71.1,0.6,0.2,0.2,0.2,389.3,227.3,44.3,562.7,70.2,7.7,3.7,1.3,0.0,0.0,15.9,0.0,2.4,16.8,0.0,0.0,0.0,3.7,0.0,0.0,0.0,0.0,34.8,20.6,3.9,50.9,50.9,7.7,100.0,5.6,3.5,1.3,1.2,0.0,17.4,0.0,0.3,19.1,0.1,0.0,0.1,3.1,0.0,0.0,0.0,0.0,20.8,12.0,2.4,30.2,5.6,31.9,24.0,47.0,47.0,47.0,47.0,47.0,36.0,36.0,36.0,36.0,11.0,11.0,11.0,11.0,18.0,51,52,51,52,49,51,51,52,52,52,52,51,51,51,51,49,48,49,48,51,49,49,48,48,48,48,49,49,49,49,67,52,No,No,No,No,No,No,No,No,No,No,No,No,No,No,No,No,No,No,No,No,No,No,No,No,No,No,No,No,No,No,No,No,No,No,No,No,No,No,No,No,No,No,No,No,No,No,No,No,65,54,58,1.100,10.969,10.513,4.912,0.001,4.381,0.441,175.0,175.0,175.0,175.0,0,0.2,7.6,3.7,1.3,1.5,0.0,16.0,0.0,0.2,16.8,0.1,0.0,0.1,3.6,0.0,0.0,0.0,0.0,34.1,20.0,3.8,50.0,2.4,5.2,2.7,12.1,11.7,0.2,1.7,0.0,0.0,0.0,0.0,0.0,0.0,0.0,0.0,49.4,0.0,0.0,0.0,1.8,0.0,0.0,99.9,100.0,100.0,100.0,65.2,79.6,96.1,49.2,84.7,87.6,95.2,68.0,64.9,99.5,92.8,2394.1,24.00,36,35,35,68,103,383,2,2,Yes,No,No,No,No,No,No,No,No,No,Yes,No,No,Yes,No,No,No,No,No,No,No,Yes,No,No,No,No,No,Yes,No,No,No,No,No,No,No,Yes,No,No,88.0,2520,2040,2460,56.5,1.110,1.110,1.815,1.815,1.005,5.110,0.750,No,No,No,57.8,1.110,1.110,1.800,1.815,1.005,5.110,0.500,No,No,No,49,49,94.0,100.0,No,No,32158,47983,37,70,99.0,100.0,No,No,1844,3246,0.2,4.1,4.3,0.203,6.259,92407,51274,0.0,0.0,0.0,0.000,0.000,164001,82786,52.9,58.0,60.1,83.0,0.870,20.780,20.787,20.773,20.985,9.333,9.313,8.731,18.051,3.000,11.737,7.232,7.265,100.000,140.000,2175.0,2150.2,1875.0,2175.0,1890.0,0.0,0.0,0.0,0.0,13.2,0.2,0.7,0.0,0.0,0.0,Yes,No,No,No,No,Yes,No,0,0,0,0,0,0,0,0,0,0,0,0,0,0,0,0,0,0,0,0,0,0,0,0,0,0,0,0,0,0,7111,1077,844,80,16.0,58,0.305,10.137,550.0,2394.0,0.1,0.0,0.0,0.0,0.0,0.0,0.0,0.0,0.8,127,16065,127,No,No,No,No,No,No,No,No,16.747,68.277,100.0,0.000,24.1,0,0,0,0.0,4.3,121.7,1.7,1.7,1.7,1.7,4.3,127.3,1.7,1.7,1.7,1.7,231.35,580.63,8.21,6.58,590.50,590.50,0.52,230.79,231.35,0.00,420.84,650,9,0.0,0.0,0,0,0.0,0.0,0,
9.6.2026,14:10:55.401,15945,32823,32.6,12651,19733,39.0,11.5,16384,1880,0.973,0.967,0.985,0.980,0.965,0.965,0.965,0.971,0.971,0.971,0.971,0.971,0.966,0.976,0.991,0.883,0.788,2850.2,3591.2,3691.0,3691.0,3691.0,3691.0,3691.0,2693.4,2693.4,2693.4,2693.4,1097.3,1097.3,2194.6,2693.4,99.8,2992.7,144.9,123.3,47.9,64.8,0.5,564.6,0.3,4.1,629.4,3.1,0.2,1.4,113.0,6.7,7.1,9.4,0.2,413.9,230.1,126.1,552.6,98.5,12.5,4.5,0.7,30.1,0.0,18.3,28.4,0.0,18.9,0.7,0.6,25.5,3.5,1.0,1.2,1.4,0.6,36.1,20.1,10.8,47.8,47.8,12.5,100.0,6.8,5.4,2.0,2.8,0.0,22.6,0.0,0.3,25.0,0.2,0.0,0.1,4.8,0.4,0.4,0.5,0.0,22.2,12.4,6.7,29.4,6.8,28.6,36.0,37.0,37.0,37.0,37.0,37.0,27.0,27.0,27.0,27.0,11.0,11.0,22.0,27.0,30.0,52,54,52,52,47,51,51,53,53,53,53,54,54,54,54,48,46,48,48,53,49,49,47,47,47,47,46,46,46,46,67,54,No,No,No,No,No,No,No,No,No,No,No,No,No,No,No,No,No,No,No,No,No,No,No,No,No,No,No,No,No,No,No,No,No,No,No,No,No,No,No,No,No,No,No,No,No,No,No,No,67,55,58,1.100,11.813,7.326,1.859,0.001,4.181,0.424,175.0,175.0,175.0,175.0,0,0.1,8.4,4.8,1.7,2.5,0.0,18.5,0.0,0.2,19.1,0.1,0.0,0.1,4.6,0.4,0.6,0.9,0.0,35.9,19.9,10.9,47.8,3.1,5.8,1.9,16.2,17.4,0.3,1.7,0.0,0.0,0.0,0.0,0.0,0.0,0.0,0.0,48.7,0.0,0.0,0.0,0.8,0.0,0.0,99.5,99.3,99.1,100.0,63.3,79.6,88.9,51.3,81.2,84.5,94.1,60.6,57.8,99.3,90.8,2394.1,24.00,36,35,35,68,103,383,2,2,Yes,No,No,No,No,No,No,No,No,No,Yes,No,No,Yes,No,No,No,No,No,No,No,Yes,No,No,No,No,No,Yes,No,No,No,No,No,No,No,Yes,No,No,88.0,2520,2040,2400,56.5,1.110,1.110,1.815,1.815,1.005,5.110,0.875,No,No,No,57.8,1.110,1.110,1.815,1.815,1.005,5.110,1.000,No,No,No,49,49,94.0,100.0,No,No,32158,47983,38,70,99.0,100.0,No,No,1844,3246,0.1,5.6,5.8,0.024,4.538,92407,51282,0.0,0.0,0.0,0.000,0.000,164001,82786,52.9,60.0,60.1,83.0,0.870,20.764,20.771,20.757,21.187,9.453,9.494,8.786,18.308,3.000,11.804,7.233,7.545,100.000,140.000,2175.0,2150.2,1875.0,2175.0,1890.0,2.0,0.0,0.0,0.0,13.2,0.1,0.5,0.0,0.0,0.0,Yes,No,No,No,No,Yes,No,0,0,0,0,0,0,0,0,0,0,0,0,0,0,0,0,0,0,0,0,0,0,0,0,0,0,0,0,0,0,7111,1077,844,80,16.0,58,0.305,7.726,550.0,2394.0,0.1,0.0,0.0,0.0,0.0,0.0,0.0,0.0,0.8,127,16065,127,No,No,No,No,No,No,No,No,16.747,68.277,100.0,0.000,24.1,0,0,0,0.0,71.9,214.3,7.9,5.8,5.7,5.7,72.2,168.0,8.0,5.9,5.7,5.7,13.90,127.17,4.67,3.48,176.07,176.07,0.33,13.57,13.90,0.00,17.59,650,9,0.0,0.0,0,0,0.0,0.0,0,
9.6.2026,14:10:57.409,17130,31638,35.1,13299,19085,41.0,11.5,16384,1879,1.062,1.175,1.184,1.167,0.744,0.744,0.755,0.753,1.098,1.193,1.194,1.219,1.189,1.229,1.229,1.066,0.788,1774.2,4489.0,1396.6,4688.5,798.0,1396.6,798.0,1097.3,1097.3,1097.3,3591.2,1097.3,1097.3,1097.3,1097.3,99.8,3890.5,1001.0,1098.4,794.8,1185.7,807.6,2247.1,928.5,918.9,2195.8,895.1,804.9,801.8,1097.2,682.9,675.8,676.6,677.9,891.9,807.3,740.2,1091.6,1030.6,31.2,31.9,21.0,34.3,0.0,53.5,15.7,38.0,53.6,24.6,21.5,35.6,35.1,24.0,24.2,24.2,23.5,41.4,34.5,28.5,58.9,58.9,31.2,100.0,43.6,43.4,30.4,46.6,30.9,85.5,36.0,35.7,85.3,34.9,31.2,31.1,42.9,37.0,36.6,36.6,36.6,48.3,43.8,40.0,58.4,43.6,17.8,45.0,14.0,47.0,8.0,14.0,8.0,11.0,11.0,11.0,36.0,11.0,11.0,11.0,11.0,39.0,56,57,57,65,53,56,53,55,55,55,55,55,55,55,55,44,43,43,35,47,44,47,45,45,45,45,45,45,45,45,70,65,No,No,No,No,No,No,No,No,No,No,No,No,No,No,No,No,No,No,No,No,No,No,No,No,No,No,No,No,No,No,Yes,Yes,Yes,Yes,Yes,Yes,Yes,Yes,Yes,Yes,Yes,Yes,Yes,Yes,Yes,No,No,Yes,70,58,58,1.100,14.344,8.101,2.532,0.001,4.273,0.428,175.0,175.0,175.0,175.0,0,0.2,30.8,31.6,20.8,34.0,21.1,53.8,23.7,23.5,52.8,23.6,21.0,21.0,33.9,23.3,23.6,23.6,22.9,40.7,33.6,27.8,58.8,6.9,21.4,14.5,10.9,15.3,2.9,9.1,0.8,2.1,2.3,0.7,4.5,5.0,4.1,3.4,38.7,1.5,4.2,5.5,5.0,4.3,4.9,75.2,73.8,73.5,75.7,53.5,60.4,67.4,36.3,40.1,39.3,42.4,23.0,21.5,65.8,48.5,2394.1,24.00,36,35,35,68,103,383,2,2,Yes,No,No,No,No,No,No,No,No,Yes,Yes,No,No,Yes,No,No,No,No,No,No,No,Yes,No,No,No,No,No,Yes,No,No,No,No,No,No,No,Yes,No,No,88.0,2520,1980,2400,56.5,1.110,1.110,1.815,1.815,1.005,5.110,1.125,No,No,No,57.8,1.110,1.110,1.815,1.815,0.990,5.110,1.375,No,No,No,49,49,94.0,100.0,No,No,32158,47983,38,70,99.0,100.0,No,No,1844,3246,0.5,4.2,4.7,0.021,6.603,92407,51295,0.0,0.0,0.0,0.000,0.000,164001,82786,53.3,58.0,60.4,83.0,0.870,20.698,20.693,20.704,21.220,9.776,10.042,9.250,19.296,3.000,12.258,7.261,7.324,100.000,140.000,2175.0,2150.2,1875.0,2175.0,1890.0,10.0,2.0,0.0,3.0,18.5,3.6,14.6,0.0,0.0,0.0,Yes,No,No,No,No,Yes,No,0,0,0,0,0,0,0,0,0,0,0,0,0,0,0,0,0,0,0,0,0,0,0,0,0,0,0,0,0,0,6670,1518,1389,461,16.0,58,0.302,24.673,600.0,2394.0,0.1,0.0,0.0,0.0,0.0,0.0,0.0,0.0,0.8,127,16065,127,No,No,No,No,No,No,No,No,16.746,68.277,100.0,0.000,24.1,0,0,0,0.0,4.2,5.4,3.4,3.4,3.4,3.4,4.2,6.5,3.1,3.1,3.1,3.1,239.30,294.29,184.32,183.31,295.41,295.41,0.32,238.98,239.30,0.00,121.12,650,9,0.0,0.0,0,0,0.0,0.0,0,
9.6.2026,14:10:59.390,23910,24858,49.0,13715,18669,42.3,11.5,16384,1879,1.195,1.202,1.156,1.186,1.176,1.173,1.173,1.203,1.208,1.203,1.218,1.238,1.208,1.203,1.187,1.066,0.788,2607.9,4688.5,1396.6,4489.0,4489.0,4489.0,4688.5,1097.3,3591.2,1097.3,1097.3,1097.3,1097.3,1097.3,2094.9,99.8,3890.5,614.4,765.9,235.3,1119.7,166.2,3696.7,273.6,166.7,1973.5,439.4,48.5,241.4,649.3,136.0,149.6,187.0,127.9,457.9,384.3,321.0,748.1,648.5,22.1,27.4,7.5,43.3,16.6,82.7,14.0,5.5,44.8,10.8,1.5,6.7,19.1,6.9,8.6,10.7,7.3,30.2,24.4,17.9,56.7,82.7,22.1,100.0,25.8,32.3,9.3,46.3,6.4,142.0,10.4,6.4,76.5,16.9,1.9,9.2,25.5,7.3,7.9,9.9,6.8,24.5,20.3,16.9,40.2,25.8,26.1,47.0,14.0,45.0,45.0,45.0,47.0,11.0,36.0,11.0,11.0,11.0,11.0,11.0,21.0,39.0,56,58,57,59,54,55,56,56,56,56,56,56,56,56,55,44,42,43,41,46,45,44,44,44,44,44,44,44,44,45,69,59,No,No,No,No,No,No,No,No,No,No,No,No,No,No,No,No,No,No,No,No,No,No,No,No,No,No,No,No,No,No,Yes,Yes,Yes,Yes,Yes,Yes,Yes,Yes,Yes,Yes,Yes,Yes,Yes,Yes,Yes,No,No,Yes,69,60,58,1.100,6.750,27.107,20.716,0.002,4.874,0.639,175.0,175.0,175.0,175.0,0,0.0,20.6,27.1,8.4,41.9,3.9,82.2,6.4,4.5,45.0,10.7,1.2,5.7,19.1,5.9,7.6,9.8,6.3,29.9,24.5,17.1,55.6,11.1,41.7,24.3,13.0,35.2,7.9,24.6,0.0,0.3,0.0,0.0,0.5,0.4,2.0,5.6,45.9,1.2,4.0,1.8,2.9,1.4,2.0,93.4,91.7,89.9,93.4,68.1,74.2,80.3,37.6,30.0,17.8,21.8,0.0,12.4,77.9,50.1,1795.6,18.00,26,26,26,51,103,287,2,2,Yes,No,No,No,No,No,No,No,No,Yes,Yes,No,No,Yes,No,No,No,No,No,No,No,Yes,No,No,No,No,No,Yes,No,No,No,No,No,No,No,Yes,No,No,87.0,2520,2040,2460,56.8,1.110,1.110,1.815,1.815,0.990,5.110,1.125,No,No,No,57.8,1.110,1.110,1.815,1.815,0.990,5.110,0.750,No,No,No,49,49,94.0,100.0,No,No,32158,47983,38,70,99.0,100.0,No,No,1844,3246,0.9,4.0,4.9,0.939,8.717,92409,51312,0.0,0.0,0.0,0.000,0.000,164001,82786,55.5,58.0,61.1,83.0,0.875,20.682,20.677,20.687,21.784,16.425,20.946,8.457,29.479,3.000,11.466,28.061,13.564,100.000,140.000,2250.0,1750.2,1890.0,2175.0,1905.0,21.0,3.0,0.0,13.0,31.9,17.5,70.2,0.0,0.0,0.0,Yes,No,No,No,No,Yes,No,0,0,0,0,0,0,0,0,0,0,0,0,0,0,0,0,0,0,0,0,0,0,0,0,0,0,0,0,0,0,5574,2614,2642,581,16.0,58,0.302,24.854,550.0,2394.0,0.1,0.0,0.0,0.0,0.0,0.0,0.0,0.0,0.8,127,16065,127,No,No,No,No,No,No,No,No,16.746,68.277,100.0,0.000,24.1,0,0,0,0.0,4.2,5.4,3.4,3.4,3.4,3.4,4.2,6.5,3.1,3.1,3.1,3.1,239.30,294.29,184.32,183.31,295.41,295.41,0.32,238.98,239.30,0.00,121.12,650,9,0.4,0.0,0,0,0.0,0.0,0,
9.6.2026,14:11:1.400,23877,24891,48.9,13846,18538,42.7,11.5,16384,1879,1.201,1.227,1.197,1.167,1.182,1.212,1.198,1.193,1.193,1.223,1.196,1.231,1.221,1.191,1.189,1.101,0.783,2536.7,4688.5,4688.5,4688.5,4688.5,798.0,4688.5,1097.3,1097.3,1097.3,3591.2,1097.3,1097.3,1097.3,1097.3,99.8,4090.0,435.1,350.1,179.7,865.0,0.4,3919.4,0.4,0.7,1736.3,26.8,0.3,0.6,109.6,32.4,11.7,0.6,0.5,399.3,246.3,142.2,679.5,452.1,16.3,14.5,2.9,41.0,2.1,83.6,7.7,0.0,39.3,0.0,0.0,0.0,5.1,1.2,0.0,0.0,0.0,35.5,22.0,10.9,60.8,83.6,16.3,100.0,18.3,16.4,7.5,36.3,0.0,149.7,0.0,0.0,68.8,1.2,0.0,0.0,4.7,1.8,0.7,0.1,0.0,21.5,13.3,7.6,36.3,18.3,25.4,47.0,47.0,47.0,47.0,8.0,47.0,11.0,11.0,11.0,36.0,11.0,11.0,11.0,11.0,41.0,56,56,56,61,53,55,53,56,56,56,56,55,56,56,56,44,44,44,39,47,45,47,44,44,44,44,45,44,44,44,68,61,No,No,No,No,No,No,No,No,No,No,No,No,No,No,No,No,No,No,No,No,No,No,No,No,No,No,No,No,No,No,No,No,No,No,No,No,No,No,No,No,No,No,No,No,No,No,No,No,69,59,58,1.100,5.906,25.121,19.072,0.001,4.660,0.520,175.0,175.0,175.0,175.0,0,0.0,16.2,14.7,4.5,39.8,0.0,83.6,0.0,0.0,39.5,0.8,0.0,0.0,6.1,2.9,1.1,0.0,0.0,35.4,21.9,12.4,60.6,11.2,46.5,33.1,15.4,55.9,1.5,4.0,0.0,0.0,0.0,0.0,0.0,0.0,0.0,0.0,47.5,0.0,0.0,0.0,0.9,0.0,1.7,96.8,98.8,99.8,99.8,63.6,77.5,87.3,38.2,38.3,27.3,20.3,0.1,0.4,96.5,85.2,2394.1,24.00,36,35,35,68,103,383,2,2,Yes,No,No,No,No,No,No,No,No,No,Yes,No,No,Yes,No,No,No,No,No,No,No,Yes,No,No,No,No,No,Yes,No,No,No,No,No,No,No,Yes,No,No,87.0,2640,2040,2520,57.0,1.095,1.110,1.815,1.815,0.990,5.110,0.625,No,No,No,58.0,1.110,1.110,1.815,1.815,0.990,5.110,0.500,No,No,No,49,49,94.0,100.0,No,No,32158,47983,38,70,99.0,100.0,No,No,1844,3246,0.2,2.8,2.9,0.026,3.650,92409,51319,0.0,0.0,0.0,0.000,0.000,164001,82786,63.5,66.0,67.9,83.0,0.875,20.620,20.608,20.633,57.182,31.516,36.208,20.649,56.947,3.000,23.637,42.420,37.748,100.000,140.000,2250.0,2150.2,1890.0,2236.2,1905.0,90.0,56.0,0.0,0.0,93.2,25.0,100.0,0.0,0.0,0.0,Yes,No,No,No,No,Yes,No,0,0,0,0,0,0,0,0,0,0,0,0,0,0,0,0,0,0,0,0,0,0,0,0,0,0,0,0,0,0,554,7634,7402,581,16.0,58,0.302,18.053,550.0,1795.0,0.1,0.0,0.0,0.0,0.0,0.0,0.0,0.0,0.8,127,16065,127,No,No,No,No,No,No,No,No,16.746,68.277,100.0,0.000,24.1,0,0,0,0.0,4.3,196.1,2.2,2.2,2.2,2.2,4.1,28.7,2.2,2.2,2.2,2.2,230.00,454.91,5.10,0.97,459.50,459.50,0.75,228.57,230.00,0.00,282.25,650,9,0.0,0.0,0,0,0.0,0.0,0,
9.6.2026,14:11:3.407,23929,24839,49.0,13912,18471,42.9,11.5,16384,1879,1.196,1.206,1.203,1.183,1.193,1.178,1.193,1.188,1.188,1.209,1.179,1.214,1.204,1.210,1.188,1.101,0.783,2387.0,4688.5,1396.6,4688.5,4688.5,4489.0,4688.5,1097.3,1097.3,1097.3,1097.3,1097.3,1097.3,1097.3,1097.3,99.8,4090.0,409.7,216.9,143.7,684.9,0.5,2483.7,0.5,0.9,2808.6,18.8,0.3,0.9,85.5,43.2,54.8,10.1,1.4,342.6,304.6,222.4,770.7,409.7,16.7,9.4,12.7,28.5,4.2,53.5,0.0,0.5,60.1,1.8,0.0,0.5,3.7,4.4,5.5,1.4,0.6,30.2,27.1,20.4,69.4,69.4,16.7,100.0,17.3,9.9,6.0,28.5,0.0,95.9,0.0,0.1,108.0,0.8,0.0,0.1,3.7,2.4,3.0,0.6,0.1,18.5,16.4,11.9,41.1,17.4,23.9,47.0,14.0,47.0,47.0,45.0,47.0,11.0,11.0,11.0,11.0,11.0,11.0,11.0,11.0,41.0,55,57,54,57,58,51,52,55,55,55,55,56,56,56,56,45,43,46,43,42,49,48,45,45,45,45,44,44,44,44,69,58,No,No,No,No,No,No,No,No,No,No,No,No,No,No,No,No,No,No,No,No,No,No,No,No,No,No,No,No,No,No,No,No,No,No,No,No,No,No,No,No,No,No,No,No,No,No,No,No,69,62,60,1.100,12.656,17.056,11.416,0.001,4.334,0.438,175.0,175.0,175.0,175.0,0,0.0,16.0,9.8,9.3,27.8,0.0,53.7,0.0,0.0,60.3,0.6,0.0,0.0,3.3,3.9,5.0,0.9,0.1,30.3,27.0,19.9,68.9,11.8,40.1,44.4,42.7,35.7,0.4,1.9,0.0,0.0,0.0,0.0,0.0,0.3,0.0,0.0,45.8,0.0,0.0,1.1,1.6,0.0,0.0,95.7,94.7,98.9,99.7,68.5,72.0,79.7,29.9,41.6,35.2,23.1,0.6,0.5,98.1,92.1,1795.6,18.00,26,26,26,51,103,287,2,2,Yes,No,No,No,No,No,No,No,No,No,Yes,No,No,Yes,No,No,No,No,No,No,No,Yes,No,No,No,No,No,Yes,No,No,No,No,No,No,No,Yes,No,No,87.0,2760,2160,2640,57.0,1.095,1.110,1.815,1.815,0.990,5.110,0.750,No,No,No,58.0,1.095,1.110,1.815,1.815,0.990,5.110,0.750,No,No,No,49,49,94.0,100.0,No,No,32158,47983,38,70,99.0,100.0,No,No,1844,3246,0.1,3.8,3.9,0.014,3.715,92409,51326,0.0,0.0,0.0,0.000,0.000,164001,82786,64.3,68.0,69.1,83.0,0.875,20.642,20.631,20.654,50.244,24.774,33.810,21.910,55.787,3.000,24.888,11.584,22.440,100.000,140.000,2250.0,2150.2,1890.0,2238.8,1905.0,92.0,58.0,0.0,0.0,93.7,24.9,99.5,0.0,0.0,0.0,Yes,No,No,No,No,Yes,No,0,0,0,0,0,0,0,0,0,0,0,0,0,0,0,0,0,0,0,0,0,0,0,0,0,0,0,0,0,0,514,7674,7442,582,16.0,60,0.302,16.193,500.0,2394.0,0.1,0.0,0.0,0.0,0.0,0.0,0.0,0.0,0.8,127,16065,127,No,No,No,No,No,No,No,No,16.746,68.277,100.0,0.000,24.1,0,0,0,0.0,3.5,122.8,2.2,2.2,2.2,2.2,3.5,26.1,2.2,2.2,2.2,2.2,282.32,462.59,8.14,1.27,464.23,464.23,0.35,281.80,282.32,0.00,340.91,650,9,0.1,0.2,0,0,0.0,0.0,0,
9.6.2026,14:11:5.406,23930,24838,49.0,13948,18436,43.0,11.5,16384,1879,1.209,1.193,1.184,1.204,1.210,1.185,1.225,1.210,1.214,1.219,1.219,1.214,1.214,1.214,1.214,1.141,0.783,3021.2,4688.5,4688.5,4888.0,4888.0,4688.5,4688.5,1097.3,1097.3,3591.2,3591.2,1097.3,1097.3,1097.3,1097.3,99.8,4289.5,395.6,186.8,117.8,615.1,0.5,2866.8,0.4,0.8,2250.7,37.3,0.2,0.6,36.5,30.8,17.3,1.8,0.7,440.5,318.4,204.3,784.9,385.3,15.3,9.2,5.1,19.3,0.0,61.3,2.0,0.0,48.8,0.0,0.5,0.0,1.9,2.5,1.3,0.0,0.0,39.1,27.5,18.3,70.0,70.0,15.3,100.0,16.8,8.7,5.0,25.8,0.0,109.9,0.0,0.1,86.8,1.5,0.0,0.0,1.9,1.7,1.0,0.1,0.1,23.8,17.1,10.9,41.9,16.8,30.3,47.0,47.0,49.0,49.0,47.0,47.0,11.0,11.0,36.0,36.0,11.0,11.0,11.0,11.0,43.0,56,55,56,62,53,51,53,56,56,56,56,56,56,56,56,44,45,44,38,47,49,47,44,44,44,44,44,44,44,44,70,62,No,No,No,No,No,No,No,No,No,No,No,No,No,No,No,No,No,No,No,No,No,No,No,No,No,No,No,No,No,No,No,No,No,No,No,No,No,No,No,No,No,No,No,No,No,No,No,No,70,62,59,1.100,8.438,15.777,10.125,0.001,4.337,0.438,175.0,175.0,175.0,175.0,0,0.0,15.1,8.8,4.5,18.5,0.0,61.2,0.0,0.0,48.5,1.0,0.0,0.0,1.5,2.7,1.6,0.2,0.1,38.4,28.1,17.7,69.3,11.6,35.6,49.2,32.0,42.8,0.0,2.5,0.0,0.0,0.0,0.0,0.0,0.0,0.0,0.2,46.0,0.0,0.0,4.3,2.5,0.0,0.0,97.0,98.3,99.7,99.8,60.3,71.3,81.9,29.4,44.9,45.2,27.4,0.8,4.1,98.2,93.4,2194.6,22.00,32,32,32,62,103,351,2,2,Yes,No,No,No,No,No,No,No,No,No,Yes,No,No,Yes,No,No,No,No,No,No,No,Yes,No,No,No,No,No,Yes,No,No,No,No,No,No,No,Yes,No,No,87.0,2700,2280,2580,57.0,1.095,1.110,1.815,1.815,0.990,5.110,0.875,No,No,No,58.0,1.095,1.110,1.800,1.815,0.990,5.110,0.875,No,No,No,48,48,94.0,100.0,No,No,32158,47983,38,70,99.0,100.0,No,No,1844,3246,0.0,1.8,1.8,0.000,0.534,92409,51327,0.0,0.0,0.0,0.000,0.000,164001,82786,65.3,70.0,70.0,83.0,0.875,20.619,20.605,20.633,58.748,30.529,38.885,24.417,63.383,3.000,27.405,28.906,27.708,100.000,140.000,2250.0,2150.2,1890.0,2236.5,1905.0,96.0,43.0,0.0,0.0,93.7,24.8,99.2,0.0,0.0,0.0,Yes,No,No,No,No,Yes,No,0,0,0,0,0,0,0,0,0,0,0,0,0,0,0,0,0,0,0,0,0,0,0,0,0,0,0,0,0,0,514,7674,7442,582,16.0,60,0.302,14.908,500.0,1795.0,0.1,0.0,0.0,0.0,0.0,0.0,0.0,0.0,0.8,127,16065,127,No,No,No,No,No,No,No,No,16.747,68.277,100.0,0.000,24.1,0,0,0,0.0,5.6,244.4,2.9,2.8,2.8,2.8,5.1,29.3,2.8,2.8,2.8,2.8,177.17,350.26,4.09,0.91,353.79,353.79,0.99,176.24,177.17,0.00,255.39,650,9,0.2,0.1,0,0,0.0,0.0,0,
9.6.2026,14:11:7.404,23932,24836,49.0,13980,18404,43.1,11.5,16384,1879,1.194,1.217,1.187,1.180,1.185,1.210,1.200,1.195,1.195,1.189,1.189,1.189,1.204,1.189,1.189,1.101,0.786,2401.3,4688.5,4688.5,4688.5,4688.5,4688.5,1396.6,1097.3,1097.3,1097.3,1097.3,1097.3,1097.3,1097.3,1097.3,99.8,4090.0,377.8,176.7,177.2,543.1,0.3,2568.9,0.3,0.6,2540.6,9.8,0.1,0.5,84.3,7.5,8.1,6.2,0.4,291.0,255.2,125.6,759.8,382.8,14.2,8.4,9.5,15.6,0.8,55.8,0.0,2.3,54.5,3.3,0.0,0.0,3.6,0.7,0.7,0.6,0.0,25.2,23.9,10.5,68.5,68.5,14.2,100.0,15.8,7.9,7.5,22.7,0.0,98.9,0.0,0.0,97.9,0.4,0.0,0.0,3.6,0.4,0.5,0.3,0.0,15.7,13.6,6.7,40.6,15.8,24.1,47.0,47.0,47.0,47.0,47.0,14.0,11.0,11.0,11.0,11.0,11.0,11.0,11.0,11.0,41.0,57,57,57,63,53,55,55,56,56,56,56,58,58,58,58,43,43,43,37,47,45,45,44,44,44,44,42,42,42,42,70,63,No,No,No,No,No,No,No,No,No,No,No,No,No,No,No,No,No,No,No,No,No,No,No,No,No,No,No,No,No,No,No,No,No,No,No,No,No,No,No,No,No,No,No,No,No,No,No,No,70,62,60,1.100,5.906,14.739,9.100,0.001,4.334,0.433,175.0,175.0,175.0,175.0,0,0.0,14.1,8.4,12.0,15.3,0.0,55.8,0.0,0.0,54.5,0.3,0.0,0.0,5.2,0.7,0.7,0.6,0.0,25.6,22.7,11.1,67.9,11.1,37.5,36.4,37.9,40.3,0.0,3.7,0.0,0.0,0.0,0.0,0.0,0.0,0.0,0.0,47.9,0.0,0.0,2.0,0.8,0.0,1.2,99.1,99.1,99.3,99.8,73.2,76.9,88.6,31.2,45.5,37.6,44.3,2.1,2.2,99.5,87.3,997.6,10.00,22,15,15,28,103,160,2,2,Yes,No,No,No,No,No,No,No,No,No,Yes,No,No,Yes,No,No,No,No,No,No,No,Yes,No,No,No,No,No,Yes,No,No,No,No,No,No,No,Yes,No,No,86.0,2700,2400,2580,57.0,1.095,1.110,1.815,1.800,0.990,5.110,1.000,No,No,No,58.0,1.095,1.110,1.815,1.815,0.990,5.110,0.750,No,No,No,48,48,94.0,100.0,No,No,32158,47983,38,70,99.0,100.0,No,No,1844,3246,0.3,3.1,3.4,0.034,3.219,92409,51333,0.0,0.0,0.0,0.000,0.000,164001,82786,65.0,70.0,70.0,83.0,0.875,20.632,20.617,20.646,57.601,32.864,38.639,24.534,63.239,3.000,27.516,38.015,35.105,100.000,140.000,2250.0,2150.2,1890.0,2237.8,1905.0,90.0,60.0,0.0,1.0,93.7,24.9,99.6,0.0,0.0,0.0,Yes,No,No,No,No,Yes,No,0,0,0,0,0,0,0,0,0,0,0,0,0,0,0,0,0,0,0,0,0,0,0,0,0,0,0,0,0,0,514,7674,7442,582,16.0,60,0.302,14.882,600.0,2194.0,0.1,0.0,0.0,0.0,0.0,0.0,0.0,0.0,0.8,127,16065,127,No,No,No,No,No,No,No,No,16.746,68.277,100.0,0.000,24.1,0,0,0,0.0,4.5,291.9,1.9,1.9,1.9,1.9,4.6,31.2,2.0,1.9,1.9,1.9,224.36,520.60,3.43,0.84,528.28,528.28,0.77,223.75,224.36,0.00,357.92,650,9,0.1,0.1,0,0,0.0,0.0,0,
9.6.2026,14:11:9.404,23931,24837,49.0,14035,18348,43.3,11.5,16384,1879,1.192,1.198,1.172,1.172,1.172,1.186,1.176,1.171,1.171,1.210,1.210,1.210,1.210,1.216,1.216,1.063,0.786,1695.9,1396.6,1396.6,1396.6,4688.5,4688.5,1396.6,1097.3,1097.3,1097.3,1097.3,1097.3,1097.3,1097.3,1097.3,99.8,3890.5,382.0,204.2,199.2,538.5,0.3,1919.8,0.2,0.6,3199.8,24.8,0.1,0.5,50.4,8.2,23.5,6.9,0.8,354.3,231.1,131.8,744.5,386.1,15.1,8.7,14.8,15.9,0.5,41.6,4.9,1.3,67.9,1.8,0.5,1.3,3.3,2.0,3.3,1.9,1.3,31.5,20.4,12.9,66.6,67.9,15.1,100.0,16.1,9.2,8.4,22.5,0.0,74.6,0.0,0.0,122.5,1.0,0.0,0.0,2.3,0.5,1.3,0.4,0.1,19.1,12.4,7.1,39.6,16.1,17.0,14.0,14.0,14.0,47.0,47.0,14.0,11.0,11.0,11.0,11.0,11.0,11.0,11.0,11.0,39.0,57,58,58,58,60,55,55,57,57,56,56,56,56,56,56,43,42,42,42,40,45,45,43,43,44,44,44,44,44,44,70,60,No,No,No,No,No,No,No,No,No,No,No,No,No,No,No,No,No,No,No,No,No,No,No,No,No,No,No,No,No,No,No,No,No,No,No,No,No,No,No,No,No,No,No,No,No,No,No,No,70,62,60,1.100,5.906,14.941,9.342,0.001,4.296,0.430,175.0,175.0,175.0,175.0,0,0.0,14.2,9.0,12.7,15.8,0.0,41.8,0.0,0.0,68.1,0.6,0.0,0.0,2.1,0.8,2.1,0.6,0.1,31.0,20.4,11.7,66.3,11.4,36.7,44.1,50.2,26.3,0.0,1.9,0.0,0.0,0.0,0.0,0.0,0.0,0.0,0.0,47.8,0.0,0.0,2.1,3.0,0.0,0.0,99.1,97.8,99.3,99.8,67.8,79.2,88.0,32.6,44.8,36.0,36.0,3.1,1.1,99.2,93.4,997.6,10.00,22,15,15,28,103,160,2,2,Yes,No,No,No,No,No,No,No,No,No,Yes,No,No,Yes,No,No,No,No,No,No,No,Yes,No,No,No,No,No,Yes,No,No,No,No,No,No,No,Yes,No,No,85.0,2820,2400,2640,56.8,1.095,1.110,1.815,1.800,0.990,5.110,0.500,No,No,No,58.0,1.095,1.110,1.815,1.800,1.005,5.110,0.750,No,No,No,48,48,94.0,100.0,No,No,32158,47983,38,70,99.0,100.0,No,No,1844,3246,0.0,3.0,3.0,0.000,3.623,92409,51340,0.0,0.0,0.0,0.000,0.000,164001,82786,65.8,72.0,70.4,83.0,0.875,20.655,20.641,20.670,59.088,25.172,35.211,22.189,57.482,3.000,25.178,10.021,23.125,100.000,140.000,2250.0,2150.2,1890.0,2236.3,1905.0,94.0,59.0,0.0,0.0,93.7,25.0,100.0,0.0,0.0,0.0,Yes,No,No,No,No,Yes,No,0,0,0,0,0,0,0,0,0,0,0,0,0,0,0,0,0,0,0,0,0,0,0,0,0,0,0,0,0,0,514,7674,7442,582,16.0,60,0.302,14.591,500.0,997.0,0.1,0.0,0.0,0.0,0.0,0.0,0.0,0.0,0.8,127,16065,127,No,No,No,No,No,No,No,No,16.747,68.277,100.0,0.000,24.1,0,0,0,0.0,5.3,232.5,2.7,2.7,2.7,2.7,5.0,28.9,2.7,2.7,2.7,2.7,187.84,371.38,4.30,0.93,375.13,375.13,0.93,187.17,187.84,0.00,273.01,650,9,0.0,0.0,0,0,0.0,0.0,0,
9.6.2026,14:11:11.418,23932,24836,49.0,14045,18339,43.3,11.5,16384,1879,1.197,1.220,1.195,1.216,1.206,1.166,1.203,1.213,1.187,1.192,1.192,1.191,1.191,1.191,1.192,1.101,0.786,2415.5,4688.5,4688.5,4888.0,4688.5,1396.6,4688.5,1097.3,1097.3,1097.3,1097.3,1097.3,1097.3,1097.3,1097.3,99.8,4090.0,403.3,219.5,209.8,545.7,0.5,3278.3,0.2,0.7,1850.7,7.1,0.1,0.5,85.8,45.7,34.1,30.4,5.3,400.0,330.9,224.2,796.0,394.6,15.9,9.3,4.2,17.4,0.0,69.6,11.2,0.0,40.2,0.4,0.1,0.0,3.9,4.1,2.9,2.0,0.0,34.7,28.7,19.3,70.9,70.9,15.9,100.0,17.1,9.8,8.7,22.9,0.0,125.2,0.0,0.0,71.8,0.4,0.0,0.0,3.7,2.5,1.8,1.7,0.3,21.5,17.7,12.0,42.5,17.1,24.2,47.0,47.0,49.0,47.0,14.0,47.0,11.0,11.0,11.0,11.0,11.0,11.0,11.0,11.0,41.0,58,58,61,64,54,58,56,58,58,58,58,58,60,60,58,42,42,39,36,46,42,44,42,42,42,42,42,40,40,42,70,64,No,No,No,No,No,No,No,No,No,No,No,No,No,No,No,No,No,No,No,No,No,No,No,No,No,No,No,No,No,No,No,No,No,No,No,No,No,No,No,No,No,No,No,No,No,No,No,No,70,63,60,1.100,12.656,14.485,8.881,0.001,4.300,0.431,175.0,175.0,175.0,175.0,0,0.0,15.5,9.2,7.0,17.0,0.0,69.6,0.0,0.0,40.2,0.3,0.0,0.0,3.8,3.9,3.0,2.7,0.5,34.6,28.4,19.1,70.3,12.6,45.9,46.1,26.8,54.5,0.0,3.0,0.0,0.0,0.0,0.0,0.0,0.0,0.0,0.0,45.3,0.0,0.0,0.9,0.7,0.0,0.0,95.7,96.8,97.2,99.4,64.1,70.9,80.4,28.5,43.2,33.1,32.6,1.3,2.3,99.0,90.5,2394.1,24.00,36,35,35,68,103,383,2,2,Yes,No,No,No,No,No,No,No,No,No,Yes,No,No,Yes,No,No,No,No,No,No,No,Yes,No,No,No,No,No,Yes,No,No,No,No,No,No,No,Yes,No,No,86.0,2820,2520,2700,56.8,1.095,1.110,1.815,1.800,0.990,5.110,0.625,No,No,No,58.0,1.095,1.110,1.815,1.800,0.990,5.110,0.500,No,No,No,48,48,94.0,100.0,No,No,32158,47983,38,70,99.0,100.0,No,No,1844,3246,0.3,5.0,5.3,0.032,4.222,92409,51348,0.0,0.0,0.0,0.000,0.000,164001,82786,67.0,74.0,71.7,83.0,0.875,20.620,20.605,20.635,65.711,33.308,39.972,25.591,65.640,3.000,28.590,38.671,31.696,100.000,140.000,2250.0,2150.2,1890.0,2234.0,1905.0,93.0,54.0,0.0,0.0,93.7,25.0,100.0,0.0,0.0,0.0,Yes,No,No,No,No,Yes,No,0,0,0,0,0,0,0,0,0,0,0,0,0,0,0,0,0,0,0,0,0,0,0,0,0,0,0,0,0,0,514,7674,7442,582,16.0,61,0.302,14.649,550.0,997.0,0.1,0.0,0.0,0.0,0.0,0.0,0.0,0.0,0.8,127,16065,127,No,No,No,No,No,No,No,No,16.746,68.277,100.0,0.000,24.1,0,0,0,0.0,6.3,530.4,3.8,3.8,3.8,3.8,6.3,32.7,3.8,3.7,3.7,3.7,159.12,266.18,1.89,0.83,266.61,266.61,0.92,158.35,159.12,0.00,186.14,650,9,44.5,2.1,0,0,0.0,0.0,0,
9.6.2026,14:11:13.422,23922,24846,49.0,14218,18166,43.9,10.6,16384,1740,1.206,1.203,1.196,1.181,1.206,1.181,1.196,1.221,1.221,1.207,1.207,1.222,1.207,1.222,1.212,1.101,0.786,2828.8,4688.5,4688.5,4688.5,4888.0,4688.5,4688.5,1097.3,1097.3,1097.3,1097.3,1097.3,1097.3,1097.3,3591.2,99.8,4090.0,481.4,269.7,23.0,804.5,1.0,4148.2,3.7,255.9,1041.6,96.2,0.2,0.9,80.4,283.4,314.7,229.4,220.5,453.5,434.6,331.6,634.8,485.8,21.5,11.3,0.0,24.5,4.8,87.9,33.4,6.8,2.9,1.6,0.0,0.0,1.1,25.0,27.9,20.4,18.9,39.8,37.9,28.7,56.7,87.9,21.5,100.0,20.9,11.9,1.0,33.3,0.1,158.1,0.2,10.2,40.7,4.0,0.0,0.1,3.4,15.3,16.9,12.3,11.8,24.5,23.3,17.8,34.0,20.9,28.4,47.0,47.0,47.0,49.0,47.0,47.0,11.0,11.0,11.0,11.0,11.0,11.0,11.0,36.0,41.0,58,58,57,64,53,57,56,58,58,58,58,58,58,58,58,42,42,43,36,47,43,44,42,42,42,42,42,42,42,42,70,64,No,No,No,No,No,No,No,No,No,No,No,No,No,No,No,No,No,No,No,No,No,No,No,No,No,No,No,No,No,No,No,No,No,No,No,No,No,No,No,No,No,No,No,No,No,No,No,No,70,64,60,1.100,6.750,15.412,9.786,0.001,4.315,0.432,175.0,175.0,175.0,175.0,0,0.0,20.7,11.0,1.4,23.8,0.0,87.8,0.1,5.8,23.1,2.9,0.0,0.0,2.4,24.6,27.3,20.0,19.2,40.0,38.4,29.3,56.5,13.9,37.3,59.9,11.6,64.2,4.3,3.6,0.6,0.8,1.0,0.0,2.9,2.4,2.9,3.5,37.5,0.0,0.0,0.0,0.5,0.0,0.0,73.8,71.2,78.4,80.4,55.9,58.3,67.0,39.1,40.5,44.6,11.8,0.0,3.8,91.2,91.8,2394.1,24.00,36,35,35,68,103,383,2,2,Yes,No,No,No,No,No,No,No,No,No,Yes,No,No,Yes,No,No,No,No,No,No,No,Yes,No,No,No,No,No,Yes,No,No,No,No,No,No,No,Yes,No,No,87.0,2940,2460,2760,56.8,1.110,1.110,1.815,1.800,0.990,5.110,0.750,No,No,No,58.0,1.110,1.110,1.815,1.800,0.990,5.110,0.750,No,No,No,48,48,94.0,100.0,No,No,32158,47983,38,70,99.0,100.0,No,No,1844,3246,1.2,1.1,2.3,0.522,4.251,92410,51356,0.0,0.0,0.0,0.000,0.000,164001,82786,67.9,74.0,73.1,83.0,0.875,20.638,20.622,20.655,65.886,31.989,39.552,25.736,65.351,3.000,28.735,28.993,32.558,100.000,140.000,2250.0,2150.2,1890.0,2233.2,1905.0,95.0,63.0,0.0,0.0,93.8,24.7,98.7,0.0,0.0,0.0,Yes,No,No,No,No,Yes,No,0,0,0,0,0,0,0,0,0,0,0,0,0,0,0,0,0,0,0,0,0,0,0,0,0,0,0,0,0,0,509,7679,7447,604,16.0,61,0.302,19.270,600.0,2394.0,0.1,0.0,0.0,0.0,0.0,0.0,0.0,0.0,0.8,127,16065,127,No,No,No,No,No,No,No,No,16.746,68.277,100.0,0.000,24.1,0,0,0,0.0,1.8,1.8,1.8,1.8,1.8,1.8,1.9,1.9,1.9,1.9,1.9,1.9,544.57,544.57,544.57,544.57,544.57,544.57,1.99,543.20,544.57,0.00,516.00,650,9,30.8,9.7,0,0,0.0,0.0,0,
9.6.2026,14:11:15.418,23973,24795,49.1,14261,18123,44.0,10.6,16384,1735,1.201,1.209,1.162,1.162,1.162,1.187,1.202,1.212,1.212,1.212,1.212,1.220,1.215,1.225,1.220,1.101,0.783,2465.4,4489.0,1396.6,4688.5,4688.5,4688.5,798.0,1097.3,1097.3,1097.3,1097.3,1097.3,1097.3,3591.2,3591.2,99.8,4090.0,408.4,302.0,0.4,728.6,0.3,2216.8,0.4,3086.4,0.4,51.6,0.3,28.6,0.2,420.5,661.7,343.4,178.2,98.8,34.6,14.0,0.9,501.2,18.1,11.7,4.1,21.8,0.0,47.7,8.9,66.0,0.0,2.6,38.2,4.8,0.4,36.5,58.6,30.4,16.0,9.3,3.5,1.6,0.4,66.0,18.1,100.0,17.3,13.2,0.0,30.6,0.0,86.3,0.0,119.0,0.0,2.2,0.0,1.2,0.0,22.7,35.4,18.4,9.6,5.3,1.9,0.8,0.1,17.3,24.7,45.0,14.0,47.0,47.0,47.0,8.0,11.0,11.0,11.0,11.0,11.0,11.0,36.0,36.0,41.0,59,63,58,64,58,57,57,59,58,58,58,58,58,58,58,41,37,42,36,42,43,43,41,42,42,42,42,42,42,42,70,64,No,No,No,No,No,No,No,No,No,No,No,No,No,No,No,No,No,No,No,No,No,No,No,No,No,No,No,No,No,No,No,No,No,No,No,No,No,No,No,No,No,No,No,No,No,No,No,No,71,64,61,1.100,6.750,19.096,13.328,0.001,4.445,0.450,175.0,175.0,175.0,175.0,0,0.0,15.2,12.1,0.0,21.8,0.0,48.0,0.0,65.8,0.0,1.5,0.0,0.8,0.0,36.5,58.3,30.1,15.5,8.9,3.1,1.3,0.1,12.8,41.4,55.2,48.3,30.6,2.1,1.9,0.0,0.0,0.0,0.0,0.0,0.0,0.0,0.0,46.0,0.0,0.2,0.5,1.4,0.0,0.0,61.9,40.5,69.2,84.1,90.7,96.6,98.6,99.8,41.7,40.4,17.4,0.8,0.4,94.7,96.5,2394.1,24.00,36,35,35,68,103,383,2,2,Yes,No,No,No,No,No,No,No,No,No,Yes,No,No,Yes,No,No,No,No,No,No,No,Yes,No,No,No,No,No,Yes,No,No,No,No,No,No,No,Yes,No,No,85.0,3060,2520,2880,56.8,1.110,1.110,1.815,1.800,0.990,5.110,0.750,No,No,No,57.8,1.110,1.110,1.815,1.800,0.990,5.110,0.750,No,No,No,48,48,94.0,100.0,No,No,32158,47983,38,70,99.0,100.0,No,No,1844,3246,0.3,2.3,2.6,0.119,3.594,92410,51363,0.0,0.0,0.0,0.000,0.000,164001,82786,64.4,72.0,68.6,83.0,0.875,20.741,20.738,20.743,61.257,12.820,16.759,10.452,27.235,3.000,13.460,9.270,9.564,100.000,140.000,2250.0,2150.2,1890.0,2235.1,1905.0,68.0,22.0,0.0,1.0,94.2,25.0,100.0,0.0,0.0,0.0,Yes,No,No,No,No,Yes,No,0,0,0,0,0,0,0,0,0,0,0,0,0,0,0,0,0,0,0,0,0,0,0,0,0,0,0,0,0,0,475,7713,7481,606,16.0,61,0.302,16.523,600.0,2394.0,0.1,0.0,0.0,0.0,0.0,0.0,0.0,0.0,0.8,127,16065,127,No,No,No,No,No,No,No,No,16.746,68.277,100.0,0.000,24.1,0,0,0,0.0,2.0,2.2,1.8,1.8,1.8,1.8,2.1,2.3,1.9,1.9,1.9,1.9,501.87,546.49,457.24,456.43,547.40,547.40,0.39,501.54,501.87,0.00,314.20,651,9,41.7,2.8,0,0,0.0,0.0,0,
9.6.2026,14:11:17.418,23962,24806,49.1,14299,18085,44.1,10.6,16384,1734,1.194,1.194,1.166,1.176,1.181,1.176,1.181,1.201,1.201,1.210,1.210,1.210,1.210,1.215,1.190,1.101,0.786,2607.9,4489.0,4489.0,4688.5,4688.5,4688.5,4688.5,1097.3,1097.3,1097.3,1097.3,1097.3,1097.3,1097.3,1097.3,99.8,4090.0,388.0,189.5,3.3,565.2,1.5,2939.6,2.5,2307.5,2.5,20.0,2.1,22.8,1.5,452.8,632.8,299.9,185.1,37.0,21.1,53.0,20.6,476.8,14.4,8.5,0.0,17.8,0.0,62.0,0.1,49.7,0.0,0.8,0.0,0.6,0.1,39.9,55.9,26.5,16.9,3.2,1.0,3.9,1.8,62.0,14.4,100.0,16.4,8.8,0.1,23.8,0.1,113.0,0.1,89.3,0.1,1.0,0.1,0.9,0.1,24.4,33.8,16.0,9.9,2.0,1.2,2.8,1.1,16.4,26.1,45.0,45.0,47.0,47.0,47.0,47.0,11.0,11.0,11.0,11.0,11.0,11.0,11.0,11.0,41.0,59,61,61,64,62,58,57,58,58,58,59,58,58,58,58,41,39,39,36,38,42,43,42,42,42,41,42,42,42,42,71,64,No,No,No,No,No,No,No,No,No,No,No,No,No,No,No,No,No,No,No,No,No,No,No,No,No,No,No,No,No,No,No,No,No,No,No,No,No,No,No,No,No,No,No,No,No,No,No,No,71,64,61,1.100,6.750,17.003,11.337,0.001,4.379,0.437,175.0,175.0,175.0,175.0,0,0.0,14.4,8.5,0.1,17.5,0.0,62.0,0.1,49.4,0.1,0.8,0.0,0.7,0.0,39.6,55.5,26.2,16.1,3.1,1.7,4.6,1.7,11.3,31.8,50.5,35.2,38.7,1.0,0.5,0.0,0.0,0.0,0.0,0.0,0.0,0.0,0.0,46.5,0.0,0.0,1.2,3.2,0.0,0.0,58.9,43.4,73.2,83.5,96.5,98.1,95.2,98.1,47.0,53.6,27.1,0.0,6.3,96.7,98.1,2394.1,24.00,36,35,35,68,103,383,2,2,Yes,No,No,No,No,No,No,No,No,No,Yes,No,No,Yes,No,No,No,No,No,No,No,Yes,No,No,No,No,No,Yes,No,No,No,No,No,No,No,Yes,No,No,87.0,3180,2580,3000,56.8,1.110,1.110,1.815,1.800,0.990,5.110,0.750,No,No,No,57.8,1.110,1.110,1.800,1.800,0.990,5.110,0.750,No,No,No,47,47,94.0,100.0,No,No,32158,47983,38,70,99.0,100.0,No,No,1844,3246,0.1,2.3,2.4,0.077,1.375,92411,51366,0.0,0.0,0.0,0.000,0.000,164001,82786,67.6,72.0,72.7,83.0,0.875,20.669,20.653,20.686,61.108,29.741,38.485,17.514,56.059,3.000,20.510,39.661,32.961,100.000,140.000,2250.0,2150.2,1890.0,2235.6,1905.0,95.0,44.0,0.0,0.0,94.2,24.1,96.5,0.0,0.0,0.0,Yes,No,No,No,No,Yes,No,0,0,0,0,0,0,0,0,0,0,0,0,0,0,0,0,0,0,0,0,0,0,0,0,0,0,0,0,0,0,475,7713,7481,606,16.0,62,0.302,15.653,600.0,2394.0,0.1,0.0,0.0,0.0,0.0,0.0,0.0,0.0,0.8,127,16065,127,No,No,No,No,No,No,No,No,16.746,68.277,100.0,0.000,24.1,0,0,0,0.0,3.2,124.9,1.8,1.8,1.8,1.8,3.3,26.0,2.0,1.9,1.9,1.9,313.22,560.36,8.01,1.27,564.15,564.15,0.77,312.22,313.22,0.00,469.94,651,9,0.1,0.4,0,0,0.0,0.0,0,
9.6.2026,14:11:19.427,23960,24808,49.1,14318,18065,44.2,10.6,16384,1734,1.183,1.192,1.186,1.186,1.176,1.141,1.174,1.189,1.186,1.191,1.190,1.195,1.185,1.185,1.190,1.101,0.783,1874.0,1396.6,1396.6,4688.5,4688.5,1396.6,1396.6,1097.3,1097.3,1097.3,1097.3,3591.2,1097.3,1097.3,1097.3,99.8,4090.0,375.8,195.9,0.3,487.9,0.2,4146.8,0.1,1235.3,0.2,18.3,0.1,2.9,0.1,427.9,605.8,257.8,109.1,12.3,15.1,0.4,0.6,468.0,13.3,8.5,0.0,15.2,0.0,86.6,0.0,27.3,0.0,0.7,0.0,0.0,0.0,37.9,54.1,22.8,9.5,1.0,2.0,0.7,0.0,86.6,13.3,100.0,15.7,9.1,0.0,20.7,0.0,158.1,0.0,48.8,0.0,0.8,0.0,0.3,0.0,22.9,32.3,13.8,5.8,0.7,0.8,0.0,0.0,15.7,18.8,14.0,14.0,47.0,47.0,14.0,14.0,11.0,11.0,11.0,11.0,36.0,11.0,11.0,11.0,41.0,58,61,58,64,56,58,56,59,58,58,58,58,58,58,58,42,39,42,36,44,42,44,41,42,42,42,42,42,42,42,71,64,No,No,No,No,No,No,No,No,No,No,No,No,No,No,No,No,No,No,No,No,No,No,No,No,No,No,No,No,No,No,No,No,No,No,No,No,No,No,No,No,No,No,No,No,No,No,No,No,71,65,62,1.100,5.906,15.240,9.555,0.001,4.344,0.432,175.0,175.0,175.0,175.0,0,0.0,13.3,8.8,0.0,15.1,0.0,86.6,0.0,27.4,0.0,0.8,0.0,0.2,0.0,37.9,53.8,22.6,9.5,1.1,1.4,0.0,0.1,10.1,32.1,40.1,12.6,55.9,0.8,0.3,0.0,0.0,0.0,0.0,0.0,0.0,0.0,0.0,48.1,0.0,0.0,0.1,2.6,0.0,0.0,61.0,45.3,76.9,90.3,98.7,98.5,99.8,99.8,50.0,53.0,39.6,0.0,10.8,97.6,99.1,2394.1,24.00,36,35,35,68,103,383,2,2,Yes,No,No,No,No,No,No,No,No,No,Yes,No,No,Yes,No,No,No,No,No,No,No,Yes,No,No,No,No,No,Yes,No,No,No,No,No,No,No,Yes,No,No,86.0,3240,2580,3060,56.8,1.110,1.110,1.815,1.815,0.990,5.110,1.125,No,No,No,57.8,1.110,1.110,1.815,1.815,0.990,5.110,0.750,No,No,No,47,47,94.0,100.0,No,No,32158,47983,38,70,99.0,100.0,No,No,1844,3246,0.1,2.5,2.6,0.008,3.244,92411,51372,0.0,0.0,0.0,0.000,0.000,164001,82786,67.5,72.0,72.3,83.0,0.875,20.643,20.627,20.659,58.642,28.905,39.005,24.855,63.918,3.000,27.846,12.126,31.586,100.000,140.000,2250.0,2150.2,1890.0,2235.7,1905.0,93.0,57.0,0.0,0.0,94.2,25.0,100.0,0.0,0.0,0.0,Yes,No,No,No,No,Yes,No,0,0,0,0,0,0,0,0,0,0,0,0,0,0,0,0,0,0,0,0,0,0,0,0,0,0,0,0,0,0,475,7713,7481,606,16.0,61,0.302,14.896,600.0,2394.0,0.1,0.0,0.0,0.0,0.0,0.0,0.0,0.0,0.8,127,16065,127,No,No,No,No,No,No,No,No,16.746,68.277,100.0,0.000,24.1,0,0,0,0.0,4.2,286.0,1.8,1.8,1.8,1.8,4.2,30.8,1.8,1.8,1.8,1.8,235.88,556.41,3.50,0.95,564.86,564.86,1.14,234.95,235.88,0.00,289.31,651,9,0.2,0.1,0,0,0.0,0.0,0,
9.6.2026,14:11:21.411,23963,24805,49.1,14343,18040,44.2,10.6,16384,1734,1.161,1.197,1.147,1.142,1.132,1.147,1.147,1.177,1.151,1.151,1.151,1.161,1.192,1.172,1.187,1.101,0.781,2593.7,4688.5,4489.0,4489.0,4489.0,4688.5,4688.5,1097.3,1097.3,1097.3,1097.3,1097.3,1097.3,1097.3,1097.3,99.8,4090.0,395.8,184.1,1.4,745.4,0.6,2840.4,1.4,2482.8,0.9,23.1,0.8,15.9,0.5,418.0,543.7,242.1,214.5,147.2,23.7,14.6,14.3,482.2,24.9,9.4,38.3,24.0,41.2,60.4,42.0,53.8,39.2,0.6,44.0,1.0,0.0,37.4,48.5,21.9,19.3,13.7,1.8,0.9,0.9,60.4,24.9,100.0,16.7,8.7,0.1,31.2,0.0,109.2,0.1,96.0,0.0,1.1,0.0,0.7,0.0,22.6,29.1,13.0,11.4,7.9,1.3,0.8,0.8,16.7,26.0,47.0,45.0,45.0,45.0,47.0,47.0,11.0,11.0,11.0,11.0,11.0,11.0,11.0,11.0,41.0,60,61,62,64,67,59,55,59,59,59,59,60,60,60,60,40,39,38,36,33,41,45,41,41,41,41,40,40,40,40,72,67,No,No,No,No,No,No,No,No,No,No,No,No,No,No,No,No,No,No,No,No,No,No,No,No,No,No,No,No,No,No,No,No,No,No,No,No,No,No,No,No,No,No,No,No,No,No,No,No,71,64,62,1.100,9.281,14.633,9.030,0.001,4.297,0.428,175.0,175.0,175.0,175.0,0,0.0,14.5,9.7,0.0,23.1,0.0,60.3,0.0,53.5,0.0,0.8,0.0,0.5,0.0,36.6,48.2,21.3,18.8,13.2,2.0,1.2,1.1,12.3,39.6,56.2,35.3,41.3,0.4,0.0,0.0,0.0,0.0,0.0,0.0,0.0,0.0,0.0,46.9,0.0,0.0,1.6,1.9,0.0,0.0,61.9,50.8,78.0,80.7,86.5,97.8,98.7,98.7,43.1,44.6,15.7,1.1,1.3,97.3,98.7,1795.6,18.00,26,26,26,51,103,287,2,2,Yes,No,No,No,No,No,No,No,No,No,Yes,No,No,Yes,No,No,No,No,No,No,No,Yes,No,No,No,No,No,Yes,No,No,No,No,No,No,No,Yes,No,No,86.0,3240,2640,3120,56.8,1.110,1.110,1.815,1.815,0.990,5.110,0.625,No,No,No,57.8,1.110,1.110,1.815,1.815,1.005,5.110,0.750,No,No,No,47,47,94.0,100.0,No,No,32158,47983,38,70,99.0,100.0,No,No,1844,3246,0.5,3.2,3.7,0.110,3.415,92411,51378,0.0,0.0,0.0,0.000,0.000,164001,82786,64.8,72.0,69.5,83.0,0.875,20.696,20.687,20.706,59.509,17.909,26.316,15.722,42.096,3.000,18.712,9.180,10.337,100.000,140.000,2250.0,2150.2,1890.0,2236.1,1905.0,86.0,38.0,0.0,0.0,94.2,24.7,98.7,0.0,0.0,0.0,Yes,No,No,No,No,Yes,No,0,0,0,0,0,0,0,0,0,0,0,0,0,0,0,0,0,0,0,0,0,0,0,0,0,0,0,0,0,0,475,7713,7481,606,16.0,62,0.302,15.034,550.0,2394.0,0.1,0.0,0.0,0.0,0.0,0.0,0.0,0.0,0.8,127,16065,127,No,No,No,No,No,No,No,No,16.746,68.277,100.0,0.000,24.1,0,0,0,0.0,5.6,248.4,2.8,2.8,2.8,2.8,5.1,29.1,2.8,2.8,2.8,2.8,178.22,352.42,4.03,0.83,355.98,355.98,1.36,177.11,178.22,0.00,241.89,651,9,2.1,0.0,0,0,0.0,0.0,0,
9.6.2026,14:11:23.408,23960,24808,49.1,14388,17995,44.4,10.6,16384,1734,1.202,1.208,1.198,1.183,1.173,1.191,1.176,1.211,1.206,1.221,1.181,1.225,1.210,1.225,1.225,1.101,0.781,2814.5,4688.5,4688.5,4688.5,4688.5,4688.5,4688.5,3591.2,1097.3,1097.3,1097.3,1097.3,1097.3,1097.3,1097.3,99.8,4090.0,308.3,238.0,0.3,292.2,0.2,1229.2,0.3,4144.0,0.3,51.8,0.2,18.2,0.1,67.7,55.7,56.9,5.8,4.0,0.5,0.5,0.6,385.1,9.1,10.6,0.0,11.4,6.6,29.6,0.0,87.5,16.9,1.4,0.0,0.4,0.0,5.5,4.7,4.1,0.0,0.4,0.8,0.8,0.8,87.5,9.1,100.0,12.3,10.1,0.0,12.4,0.0,49.9,0.0,159.1,0.0,2.1,0.0,0.7,0.0,3.7,3.0,3.1,0.4,0.2,0.1,0.1,0.1,12.3,28.2,47.0,47.0,47.0,47.0,47.0,47.0,36.0,11.0,11.0,11.0,11.0,11.0,11.0,11.0,41.0,58,59,59,60,63,57,54,58,58,58,58,58,58,58,58,42,41,41,40,37,43,46,42,42,42,42,42,42,42,42,72,63,No,No,No,No,No,No,No,No,No,No,No,No,No,No,No,No,No,No,No,No,No,No,No,No,No,No,No,No,No,No,No,No,No,No,No,No,No,No,No,No,No,No,No,No,No,No,No,No,71,62,62,1.100,8.438,15.575,9.894,0.001,4.356,0.431,175.0,175.0,175.0,175.0,0,0.0,7.8,10.0,0.0,11.8,0.0,29.8,0.0,86.8,0.0,1.4,0.0,0.4,0.0,5.4,4.6,4.9,0.5,0.4,0.1,0.1,0.1,9.0,36.4,13.3,64.4,11.1,1.5,0.0,0.0,0.0,0.0,0.0,0.0,0.0,0.0,0.0,56.0,0.0,0.1,0.8,0.6,0.0,0.0,94.1,95.1,94.9,99.4,99.5,99.8,99.8,99.8,52.9,49.9,71.1,1.1,0.2,96.2,99.3,997.6,10.00,22,15,15,28,103,160,2,2,Yes,No,No,No,No,No,No,No,No,No,Yes,No,No,Yes,No,No,No,No,No,No,No,Yes,No,No,No,No,No,Yes,No,No,No,No,No,No,No,Yes,No,No,86.0,3300,2700,3120,56.8,1.110,1.110,1.815,1.815,0.990,5.110,0.625,No,No,No,57.8,1.110,1.110,1.815,1.815,0.990,5.110,0.750,No,No,No,47,47,94.0,100.0,No,No,32158,47983,38,70,99.0,100.0,No,No,1844,3246,0.0,2.0,2.0,0.000,1.397,92411,51381,0.0,0.0,0.0,0.000,0.000,164001,82786,67.3,72.0,72.0,83.0,0.875,20.661,20.646,20.676,56.932,26.319,35.871,23.124,59.070,3.000,26.115,8.770,28.286,100.000,140.000,2250.0,2150.2,1890.0,2234.0,1905.0,84.0,54.0,0.0,1.0,94.2,25.0,100.0,0.0,0.0,0.0,Yes,No,No,No,No,Yes,No,0,0,0,0,0,0,0,0,0,0,0,0,0,0,0,0,0,0,0,0,0,0,0,0,0,0,0,0,0,0,475,7713,7481,606,16.0,62,0.302,14.695,550.0,1795.0,0.1,0.0,0.0,0.0,0.0,0.0,0.0,0.0,0.8,127,16065,127,No,No,No,No,No,No,No,No,16.746,68.277,100.0,0.000,24.1,0,0,0,0.0,8.6,427.8,3.7,3.6,3.6,3.6,8.6,33.1,3.4,3.3,3.3,3.3,116.05,273.11,2.34,0.73,277.22,277.22,0.53,115.56,116.05,0.00,178.60,651,9,0.3,0.0,0,0,0.0,0.0,0,
9.6.2026,14:11:25.414,23227,25541,47.6,14313,18071,44.1,10.6,16384,1734,1.096,1.256,1.138,0.801,0.796,0.816,1.101,1.121,1.121,1.131,1.206,1.216,1.216,1.211,1.211,1.063,0.786,2622.2,4489.0,1396.6,3291.9,3291.9,3291.9,4688.5,1097.3,1097.3,3591.2,1097.3,3591.2,3591.2,1097.3,1097.3,99.8,3890.5,298.7,216.9,27.2,141.8,24.1,1268.3,48.1,3812.2,25.4,31.9,22.3,30.6,25.7,115.1,55.1,23.3,25.4,21.3,22.8,19.9,15.8,368.3,10.8,7.9,22.5,6.4,12.4,29.6,23.7,81.6,11.6,0.8,1.3,0.7,1.4,7.8,3.3,0.8,1.0,0.7,0.7,0.7,0.5,81.6,10.8,100.0,12.0,9.4,1.1,6.0,0.9,51.7,1.8,147.1,1.0,1.2,0.9,1.2,1.0,6.2,3.0,1.3,1.4,1.2,1.2,1.1,0.9,11.9,26.3,45.0,14.0,33.0,33.0,33.0,47.0,11.0,11.0,36.0,11.0,36.0,36.0,11.0,11.0,39.0,60,61,65,70,64,60,59,59,59,59,59,58,58,58,58,40,39,35,30,36,40,41,41,41,41,41,42,42,42,42,71,70,No,No,No,No,No,No,No,No,No,No,No,No,No,No,No,No,No,No,No,No,No,No,No,No,No,No,No,No,No,No,No,No,No,No,No,No,No,No,No,No,No,No,No,No,No,No,No,No,75,75,62,1.100,14.344,13.708,8.093,0.001,4.323,0.431,175.0,175.0,175.0,175.0,0,3.2,7.4,8.7,0.7,6.4,0.8,30.5,1.1,80.7,0.6,0.8,0.5,0.7,0.6,8.4,3.3,0.8,1.0,0.7,0.7,0.7,0.5,7.5,29.0,9.0,55.1,11.8,0.0,0.0,0.0,0.0,0.0,0.0,0.0,0.0,0.0,0.0,56.2,0.0,0.0,1.9,2.9,0.0,0.0,91.1,96.4,98.9,98.8,99.1,99.1,99.1,99.3,58.0,58.6,82.4,7.2,2.5,98.6,98.6,2394.1,24.00,36,35,35,68,103,383,2,2,Yes,No,No,No,No,No,No,No,No,No,Yes,No,No,Yes,No,No,No,No,No,No,No,Yes,No,No,No,No,No,Yes,No,No,No,No,No,No,No,Yes,No,No,86.0,3300,2700,3120,56.8,1.110,1.110,1.815,1.815,0.990,5.110,0.625,No,No,No,57.8,1.110,1.110,1.815,1.815,0.990,5.110,0.500,No,No,No,47,47,94.0,100.0,No,No,32158,47983,38,70,99.0,100.0,No,No,1844,3246,0.0,0.6,0.6,0.000,0.008,92411,51381,0.0,0.0,0.0,0.000,0.000,164001,82786,60.5,70.0,66.9,83.0,0.875,20.762,20.762,20.761,58.896,11.058,13.447,9.447,22.941,3.000,12.459,8.039,8.073,100.000,140.000,2250.0,2150.2,1890.0,2236.1,1905.0,6.0,1.0,0.0,1.0,87.4,25.0,100.0,0.0,0.0,0.0,Yes,No,No,No,No,Yes,No,0,0,0,0,0,0,0,0,0,0,0,0,0,0,0,0,0,0,0,0,0,0,0,0,0,0,0,0,0,0,1033,7155,6923,606,16.0,62,0.302,12.756,550.0,997.0,0.1,0.0,0.0,0.0,0.0,0.0,0.0,0.0,0.8,127,16065,127,No,No,No,No,No,No,No,No,16.746,68.277,100.0,0.000,24.1,0,0,0,0.0,4.4,265.3,2.2,2.2,2.2,2.2,4.4,72.1,2.3,2.3,2.3,2.3,225.89,454.27,3.77,0.70,458.08,458.08,0.68,225.22,225.89,0.00,160.33,651,9,5.1,0.0,0,0,0.0,0.0,0,
9.6.2026,14:11:27.434,18750,30018,38.4,13945,18439,43.0,10.6,16384,1734,1.187,1.186,1.156,1.156,1.171,1.193,1.213,1.198,1.198,1.188,1.198,1.193,1.183,1.183,1.208,1.101,0.781,1931.0,1396.6,1396.6,1396.6,4688.5,4688.5,4688.5,1097.3,1097.3,1097.3,1097.3,1097.3,1097.3,1097.3,1097.3,99.8,4090.0,1171.1,1260.4,1015.3,1565.9,1020.9,3025.9,1366.4,2863.6,1020.7,1171.3,992.9,1154.4,856.4,799.3,818.2,776.4,760.8,793.6,716.0,711.4,731.6,1279.3,31.2,36.5,16.6,51.2,18.2,72.0,26.8,65.9,16.7,30.1,21.0,28.6,21.0,31.4,32.2,28.5,27.6,28.8,23.5,22.5,24.1,72.0,31.2,100.0,50.0,50.0,39.1,61.9,39.2,116.5,52.6,110.4,39.3,45.1,38.2,44.4,32.9,43.6,44.3,42.1,41.2,42.6,38.7,38.2,39.3,50.0,19.4,14.0,14.0,14.0,47.0,47.0,47.0,11.0,11.0,11.0,11.0,11.0,11.0,11.0,11.0,41.0,60,62,62,63,63,58,59,60,60,60,60,60,60,60,60,40,38,38,37,37,42,41,40,40,40,40,40,40,40,40,74,63,No,No,No,No,No,No,No,No,No,No,No,No,No,No,No,No,No,No,No,No,No,No,No,No,No,No,No,No,No,No,Yes,Yes,Yes,Yes,Yes,Yes,Yes,Yes,Yes,Yes,Yes,Yes,Yes,Yes,Yes,No,No,Yes,74,71,62,1.100,10.969,13.000,7.376,0.001,4.318,0.436,175.0,175.0,175.0,175.0,0,0.0,32.8,36.2,25.4,50.1,25.6,71.4,33.2,65.3,25.4,29.8,25.0,28.8,21.9,30.8,31.8,28.5,27.3,28.9,23.5,22.7,24.2,6.9,21.4,14.0,15.5,15.3,1.8,5.0,4.0,3.6,6.4,2.4,3.5,1.8,2.4,0.0,41.3,2.4,2.5,2.0,9.6,7.6,6.3,63.1,62.8,63.7,68.8,66.5,73.5,74.1,74.9,28.6,29.6,25.6,1.2,3.1,54.7,57.2,2394.1,24.00,36,35,35,68,103,383,2,2,Yes,No,No,No,No,No,No,No,No,Yes,Yes,No,No,Yes,No,No,No,No,No,No,No,Yes,No,No,No,No,No,Yes,No,No,No,No,No,No,No,Yes,No,No,86.0,3360,2580,3120,56.8,1.110,1.110,1.815,1.815,0.990,5.110,2.750,No,No,No,57.8,1.110,1.110,1.815,1.815,0.990,5.110,0.625,No,No,No,47,47,94.0,100.0,No,No,32158,47983,38,70,99.0,100.0,No,No,1844,3246,0.3,0.9,1.2,0.006,0.022,92411,51381,0.0,0.0,0.0,0.000,0.000,164001,82786,58.1,66.0,65.4,83.0,0.870,20.737,20.736,20.739,21.633,9.017,10.257,7.092,17.359,3.000,10.106,7.598,7.709,100.000,140.000,2175.0,1750.2,1875.0,2241.8,1890.0,15.0,2.0,0.0,8.0,29.1,1.2,4.8,0.0,0.0,0.0,Yes,No,No,No,No,Yes,No,0,0,0,0,0,0,0,0,0,0,0,0,0,0,0,0,0,0,0,0,0,0,0,0,0,0,0,0,0,0,5807,2381,2163,608,16.0,62,0.302,31.198,550.0,2394.0,0.1,0.0,0.0,0.0,0.0,0.0,0.0,0.0,0.8,127,16065,127,No,No,No,No,No,No,No,No,16.747,68.277,100.0,0.000,24.1,0,0,0,0.0,2.8,2.8,2.8,2.8,2.8,2.8,2.9,2.9,2.9,2.9,2.9,2.9,354.99,354.99,354.99,354.99,354.99,354.99,0.42,354.58,354.99,0.00,198.46,651,9,0.1,0.0,0,0,0.0,0.0,0,
9.6.2026,14:11:29.411,23815,24953,48.8,14021,18362,43.2,10.6,16384,1734,1.187,1.205,1.175,1.190,1.175,1.164,1.194,1.189,1.189,1.202,1.187,1.187,1.187,1.187,1.190,1.101,0.781,2451.1,4688.5,2294.4,4688.5,4688.5,4489.0,4688.5,1097.3,1097.3,1097.3,1097.3,1097.3,1097.3,1097.3,1097.3,99.8,4090.0,358.7,448.9,0.2,517.1,0.2,2588.7,0.3,3321.3,0.4,23.1,0.1,2.9,0.1,100.2,135.5,30.8,3.1,0.4,0.4,0.4,0.5,448.3,9.6,14.6,0.0,25.1,0.0,57.9,0.0,75.0,0.0,0.0,0.0,0.0,0.5,5.8,10.8,2.3,0.0,0.0,0.0,0.0,0.0,75.0,9.6,100.0,14.3,19.2,0.0,21.1,0.0,101.3,0.0,128.6,0.0,1.0,0.0,0.1,0.0,5.4,7.3,1.7,0.2,0.0,0.0,0.0,0.0,14.3,24.6,47.0,23.0,47.0,47.0,45.0,47.0,11.0,11.0,11.0,11.0,11.0,11.0,11.0,11.0,41.0,59,59,61,60,64,57,58,58,58,58,58,58,58,58,58,41,41,39,40,36,43,42,42,42,42,42,42,42,42,42,71,64,No,No,No,No,No,No,No,No,No,No,No,No,No,No,No,No,No,No,No,No,No,No,No,No,No,No,No,No,No,No,No,No,No,No,No,No,No,No,No,No,No,No,No,No,No,No,No,No,72,65,62,1.100,6.750,37.635,31.075,0.001,5.054,0.686,175.0,175.0,175.0,175.0,0,0.0,9.6,14.3,0.0,23.9,0.0,57.8,0.0,74.0,0.0,0.8,0.0,0.1,0.0,7.4,10.9,2.6,0.1,0.0,0.0,0.0,0.0,9.3,49.4,13.9,38.0,23.4,5.4,0.0,0.0,0.0,0.0,0.0,0.0,0.0,0.0,0.0,55.6,0.0,0.0,0.8,0.2,0.0,0.0,92.2,88.8,97.2,99.8,99.8,99.9,99.9,99.8,47.2,31.2,58.4,0.5,0.3,93.0,99.8,1795.6,18.00,26,26,26,51,103,287,2,2,Yes,No,No,No,No,No,No,No,No,No,Yes,No,No,Yes,No,No,No,No,No,No,No,Yes,No,No,No,No,No,Yes,No,No,No,No,No,No,No,Yes,No,No,86.0,3600,2580,3360,57.0,1.110,1.110,1.815,1.815,0.990,5.110,0.750,No,No,No,58.0,1.110,1.110,1.800,1.815,0.990,5.110,0.875,No,No,No,47,47,94.0,100.0,No,No,32158,47983,38,70,99.0,100.0,No,No,1844,3246,0.0,0.9,1.0,0.002,0.262,92411,51382,0.0,0.0,0.0,0.000,0.000,164001,82786,66.9,70.0,71.5,83.0,0.875,20.657,20.644,20.671,46.753,25.286,35.095,21.697,56.885,3.000,24.686,8.753,26.888,100.000,140.000,2250.0,2150.2,1890.0,2233.1,1905.0,78.0,49.0,0.0,0.0,93.4,25.0,100.0,0.0,0.0,0.0,Yes,No,No,No,No,Yes,No,0,0,0,0,0,0,0,0,0,0,0,0,0,0,0,0,0,0,0,0,0,0,0,0,0,0,0,0,0,0,539,7649,7417,608,16.0,62,0.302,22.198,550.0,2394.0,0.1,0.0,0.0,0.0,0.0,0.0,0.0,0.0,0.8,127,16065,127,No,No,No,No,No,No,No,No,16.746,68.277,100.0,0.000,24.1,0,0,0,0.0,4.7,211.1,2.4,2.4,2.4,2.4,4.3,28.4,2.3,2.3,2.3,2.3,210.90,417.06,4.74,0.95,421.27,421.27,1.01,209.70,210.90,0.00,399.36,651,9,0.1,0.1,0,0,0.0,0.0,0,
9.6.2026,14:11:31.426,23744,25024,48.6,14077,18307,43.4,10.6,16384,1734,1.185,1.203,1.177,1.167,1.157,1.187,1.202,1.186,1.171,1.171,1.186,1.186,1.211,1.191,1.201,1.101,0.783,2479.6,1396.6,798.0,4688.5,4688.5,4688.5,4688.5,1097.3,1097.3,1097.3,1097.3,1097.3,1097.3,3591.2,3591.2,99.8,4090.0,311.0,301.3,0.2,141.0,0.2,1144.1,0.2,4401.5,0.2,38.7,0.1,6.6,0.3,79.2,65.0,30.4,8.2,0.7,0.6,0.5,0.8,388.6,13.1,10.9,22.7,6.8,31.8,28.6,12.7,93.2,13.3,2.3,17.8,0.7,0.5,8.8,5.9,3.0,1.2,0.6,0.6,0.6,0.6,93.2,13.1,100.0,12.5,13.5,0.0,6.5,0.0,48.5,0.0,169.9,0.0,1.6,0.0,0.3,0.0,4.3,3.5,1.7,0.5,0.1,0.1,0.0,0.1,12.5,24.9,14.0,8.0,47.0,47.0,47.0,47.0,11.0,11.0,11.0,11.0,11.0,11.0,36.0,36.0,41.0,58,59,59,60,63,57,57,58,58,58,58,58,58,58,58,42,41,41,40,37,43,43,42,42,42,42,42,42,42,42,71,63,No,No,No,No,No,No,No,No,No,No,No,No,No,No,No,No,No,No,No,No,No,No,No,No,No,No,No,No,No,No,No,No,No,No,No,No,No,No,No,No,No,No,No,No,No,No,No,No,71,63,62,1.100,12.656,15.540,9.815,0.001,4.360,0.436,175.0,175.0,175.0,175.0,0,0.0,7.8,11.2,0.0,7.0,0.0,29.2,0.0,91.8,0.0,1.0,0.0,0.2,0.0,6.2,5.4,2.4,0.7,0.1,0.0,0.0,0.1,8.7,37.4,10.9,64.6,6.5,1.9,0.0,0.0,0.0,0.0,0.0,0.0,0.0,0.0,0.0,56.0,0.0,0.0,0.2,0.0,0.0,0.0,93.3,94.3,97.4,99.2,99.8,99.8,99.9,99.8,53.7,46.8,78.4,0.6,0.0,96.5,99.6,2394.1,24.00,36,35,35,68,103,383,2,2,Yes,No,No,No,No,No,No,No,No,No,Yes,No,No,Yes,No,No,No,No,No,No,No,Yes,No,No,No,No,No,Yes,No,No,No,No,No,No,No,Yes,No,No,85.0,3660,2520,3480,57.0,1.110,1.110,1.815,1.815,0.990,5.110,0.625,No,No,No,58.0,1.110,1.110,1.815,1.815,0.990,5.110,0.750,No,No,No,46,46,94.0,100.0,No,No,32158,47983,38,70,99.0,100.0,No,No,1844,3246,0.0,0.8,0.8,0.000,0.225,92411,51382,0.0,0.0,0.0,0.000,0.000,164001,82786,67.0,72.0,71.8,83.0,0.875,20.644,20.630,20.658,47.067,29.869,36.596,23.271,59.950,3.000,26.258,29.880,30.131,100.000,140.000,2250.0,2150.2,1890.0,2238.5,1905.0,84.0,58.0,0.0,0.0,92.5,25.0,100.0,0.0,0.0,0.0,Yes,No,No,No,No,Yes,No,0,0,0,0,0,0,0,0,0,0,0,0,0,0,0,0,0,0,0,0,0,0,0,0,0,0,0,0,0,0,617,7571,7339,608,16.0,62,0.300,14.196,550.0,1795.0,0.1,0.0,0.0,0.0,0.0,0.0,0.0,0.0,0.8,127,16065,127,No,No,No,No,No,No,No,No,16.747,68.277,100.0,0.000,24.1,0,0,0,0.0,4.7,244.2,2.2,2.2,2.2,2.2,4.7,30.1,2.2,2.1,2.1,2.1,212.60,448.84,4.09,0.81,454.27,454.27,0.59,211.98,212.60,0.00,366.59,651,9,0.1,0.0,0,0,0.0,0.0,0,
9.6.2026,14:11:33.415,23739,25029,48.6,14106,18278,43.5,10.6,16384,1734,1.188,1.187,1.206,1.206,1.186,1.165,1.190,1.190,1.190,1.175,1.189,1.189,1.179,1.189,1.189,1.101,0.783,2144.8,1396.6,4688.5,4688.5,4688.5,1396.6,4688.5,1097.3,1097.3,1097.3,1097.3,798.0,1097.3,1097.3,1097.3,99.8,4090.0,300.0,248.3,0.2,100.5,0.1,979.9,0.3,4432.8,0.2,17.0,0.1,1.6,0.1,96.5,52.5,42.8,25.0,0.5,0.4,0.4,0.5,374.9,13.6,8.7,21.7,1.7,17.7,25.5,34.5,93.7,23.6,0.0,31.3,0.0,0.0,7.0,3.3,3.2,0.9,0.0,0.0,0.0,0.0,93.7,13.6,100.0,11.9,10.5,0.0,4.3,0.0,40.8,0.0,170.3,0.0,0.7,0.0,0.1,0.0,5.3,2.9,2.3,1.4,0.0,0.0,0.0,0.1,11.9,21.5,14.0,47.0,47.0,47.0,14.0,47.0,11.0,11.0,11.0,11.0,8.0,11.0,11.0,11.0,41.0,59,58,59,60,63,57,57,59,59,59,59,58,60,60,60,41,42,41,40,37,43,43,41,41,41,41,42,40,40,40,71,63,No,No,No,No,No,No,No,No,No,No,No,No,No,No,No,No,No,No,No,No,No,No,No,No,No,No,No,No,No,No,No,No,No,No,No,No,No,No,No,No,No,No,No,No,No,No,No,No,72,64,62,1.100,4.219,14.139,8.506,0.001,4.318,0.434,175.0,175.0,175.0,175.0,0,0.0,7.5,9.0,0.0,4.3,0.0,26.1,0.0,92.7,0.0,0.5,0.0,0.1,0.0,7.3,4.3,3.5,2.0,0.0,0.0,0.0,0.0,7.8,32.2,5.8,65.5,6.1,0.0,0.0,0.0,0.0,0.0,0.0,0.0,0.0,0.0,0.0,55.8,0.0,0.0,0.4,0.0,0.0,0.0,92.2,95.5,96.3,97.9,99.8,99.8,99.8,99.8,57.8,55.7,88.5,3.6,0.0,99.1,99.8,2394.1,24.00,36,35,35,68,103,383,2,2,Yes,No,No,No,No,No,No,No,No,No,Yes,No,No,Yes,No,No,No,No,No,No,No,Yes,No,No,No,No,No,Yes,No,No,No,No,No,No,No,Yes,No,No,85.0,3540,2520,3480,57.0,1.110,1.110,1.815,1.815,0.990,5.110,0.625,No,No,No,58.0,1.110,1.110,1.815,1.815,1.005,5.110,0.500,No,No,No,47,47,94.0,100.0,No,No,32158,47983,38,70,99.0,100.0,No,No,1844,3246,0.1,1.5,1.6,0.002,0.088,92411,51382,0.0,0.0,0.0,0.000,0.000,164001,82786,67.4,70.0,72.2,83.0,0.875,20.680,20.666,20.694,55.813,27.320,36.107,17.236,53.411,3.000,20.226,31.943,29.315,100.000,140.000,2250.0,2150.2,1890.0,2236.3,1905.0,91.0,31.0,0.0,0.0,92.5,24.8,99.3,0.0,0.0,0.0,Yes,No,No,No,No,Yes,No,0,0,0,0,0,0,0,0,0,0,0,0,0,0,0,0,0,0,0,0,0,0,0,0,0,0,0,0,0,0,617,7571,7339,608,16.0,63,0.300,12.886,550.0,2394.0,0.1,0.0,0.0,0.0,0.0,0.0,0.0,0.0,0.8,127,16065,127,No,No,No,No,No,No,No,No,16.746,68.277,100.0,0.000,24.1,0,0,0,0.0,4.7,230.0,2.0,2.0,2.0,2.0,4.9,31.6,2.1,2.0,2.0,2.0,213.36,489.47,4.35,1.82,496.56,496.56,0.53,212.80,213.36,0.00,356.84,651,9,0.3,0.3,0,0,0.0,0.0,0,
9.6.2026,14:11:35.419,23744,25024,48.6,14130,18254,43.6,10.6,16384,1734,1.135,1.176,1.199,1.189,1.174,0.781,1.161,0.783,1.208,1.208,1.193,1.213,1.213,1.198,1.195,1.101,0.781,2821.7,1396.6,4688.5,4688.5,4688.5,798.0,4489.0,1097.3,1097.3,1097.3,1097.3,3591.2,3591.2,3591.2,3591.2,99.8,4090.0,299.8,263.7,0.4,79.0,0.2,1520.1,0.4,3970.8,0.4,19.1,0.2,4.8,0.2,67.0,27.6,32.4,1.0,6.4,0.6,0.6,1.3,374.2,10.7,10.3,17.8,6.0,17.3,35.2,7.1,86.6,23.2,0.0,0.0,0.0,0.0,5.2,2.7,2.3,0.6,0.4,0.0,0.0,0.0,86.6,10.7,100.0,11.8,11.0,0.0,3.4,0.0,61.0,0.0,152.9,0.0,0.8,0.0,0.2,0.0,3.7,1.5,1.8,0.1,0.4,0.1,0.1,0.1,11.8,28.3,14.0,47.0,47.0,47.0,8.0,45.0,11.0,11.0,11.0,11.0,36.0,36.0,36.0,36.0,41.0,59,61,59,60,63,58,58,58,58,58,58,58,58,58,58,41,39,41,40,37,42,42,42,42,42,42,42,42,42,42,71,63,No,No,No,No,No,No,No,No,No,No,No,No,No,No,No,No,No,No,No,No,No,No,No,No,No,No,No,No,No,No,No,No,No,No,No,No,No,No,No,No,No,No,No,No,No,No,No,No,71,65,62,1.100,4.219,12.745,7.130,0.001,4.306,0.429,175.0,175.0,175.0,175.0,0,0.0,7.2,9.8,0.0,3.3,0.0,35.2,0.0,85.6,0.0,0.6,0.0,0.1,0.0,4.6,2.1,2.5,0.1,0.6,0.1,0.1,0.1,7.6,30.8,8.3,54.1,12.8,0.0,0.0,0.0,0.0,0.0,0.0,0.0,0.0,0.0,0.0,56.5,0.0,0.0,1.8,0.0,0.0,0.0,95.0,97.6,97.4,99.8,99.3,99.8,99.8,99.8,57.8,56.1,87.0,4.7,0.0,99.1,99.7,1795.6,18.00,26,26,26,51,103,287,2,2,Yes,No,No,No,No,No,No,No,No,No,Yes,No,No,Yes,No,No,No,No,No,No,No,Yes,No,No,No,No,No,Yes,No,No,No,No,No,No,No,Yes,No,No,85.0,3480,2580,3240,57.0,1.110,1.110,1.815,1.815,0.990,5.110,0.750,No,No,No,57.8,1.110,1.110,1.815,1.815,0.990,5.110,0.750,No,No,No,46,46,94.0,100.0,No,No,32158,47983,38,70,99.0,100.0,No,No,1844,3246,0.3,0.8,1.0,0.034,0.028,92411,51382,0.0,0.0,0.0,0.000,0.000,164001,82786,63.6,72.0,68.2,83.0,0.875,20.759,20.760,20.757,59.737,11.317,14.253,9.051,23.331,3.000,12.061,8.715,8.805,100.000,140.000,2250.0,2150.2,1890.0,2236.5,1905.0,63.0,11.0,0.0,0.0,92.5,25.0,100.0,0.0,0.0,0.0,Yes,No,No,No,No,Yes,No,0,0,0,0,0,0,0,0,0,0,0,0,0,0,0,0,0,0,0,0,0,0,0,0,0,0,0,0,0,0,617,7571,7339,608,16.0,62,0.302,12.338,600.0,2394.0,0.1,0.0,0.0,0.0,0.0,0.0,0.0,0.0,0.8,127,16065,127,No,No,No,No,No,No,No,No,16.746,68.277,100.0,0.000,24.1,0,0,0,0.0,3.0,101.0,1.9,1.9,1.9,1.9,3.0,25.2,2.0,2.0,2.0,2.0,334.79,528.54,9.90,1.37,529.64,529.64,0.57,334.02,334.79,0.00,478.69,651,9,0.4,0.0,0,0,0.0,0.0,0,
9.6.2026,14:11:37.423,23736,25031,48.6,14197,18186,43.8,10.6,16384,1734,1.191,1.225,1.195,1.185,1.170,1.190,1.186,1.211,1.211,1.181,1.185,1.185,1.185,1.185,1.185,1.101,0.781,2123.4,4688.5,4688.5,798.0,4688.5,4688.5,1396.6,1097.3,1097.3,1097.3,1097.3,1097.3,1097.3,1097.3,1097.3,99.8,4090.0,294.3,183.7,0.2,93.2,0.1,1008.0,0.2,4394.8,0.2,24.0,0.1,0.4,0.1,83.6,70.3,21.5,3.8,0.5,0.4,0.4,0.5,367.8,8.7,6.9,0.0,4.2,0.0,23.9,18.2,92.7,0.0,2.5,0.4,2.0,0.4,6.2,7.0,2.9,1.5,1.2,1.2,1.2,1.2,92.7,8.7,100.0,11.7,8.1,0.0,4.1,0.0,42.3,0.0,169.2,0.0,0.9,0.0,0.0,0.0,4.6,3.8,1.2,0.2,0.0,0.0,0.0,0.1,11.7,21.3,47.0,47.0,8.0,47.0,47.0,14.0,11.0,11.0,11.0,11.0,11.0,11.0,11.0,11.0,41.0,59,61,61,60,63,57,58,58,58,58,58,60,60,60,60,41,39,39,40,37,43,42,42,42,42,42,40,40,40,40,71,63,No,No,No,No,No,No,No,No,No,No,No,No,No,No,No,No,No,No,No,No,No,No,No,No,No,No,No,No,No,No,No,No,No,No,No,No,No,No,No,No,No,No,No,No,No,No,No,No,71,64,63,1.100,4.219,13.035,7.398,0.001,4.326,0.429,175.0,175.0,175.0,175.0,0,0.0,7.2,7.3,0.0,4.5,0.0,24.6,0.0,91.6,0.0,0.6,0.0,0.0,0.0,6.4,5.9,1.7,0.3,0.0,0.0,0.0,0.1,8.8,32.5,14.3,69.9,7.0,0.0,0.0,0.0,0.0,0.0,0.0,0.0,0.0,0.0,0.0,56.0,0.0,0.0,0.3,0.0,0.0,0.0,93.1,93.9,98.1,99.6,99.8,99.8,99.8,99.8,55.9,56.6,79.4,0.5,0.0,99.2,99.8,2394.1,24.00,36,35,35,68,103,383,2,2,Yes,No,No,No,No,No,No,No,No,No,Yes,No,No,Yes,No,No,No,No,No,No,No,Yes,No,No,No,No,No,Yes,No,No,No,No,No,No,No,Yes,No,No,86.0,3360,2640,3180,56.8,1.095,1.110,1.815,1.815,0.990,5.110,1.250,No,No,No,57.8,1.110,1.110,1.815,1.815,0.990,5.110,0.750,No,No,No,46,46,94.0,100.0,No,No,32158,47983,38,70,99.0,100.0,No,No,1844,3246,0.0,1.2,1.2,0.000,0.035,92411,51382,0.0,0.0,0.0,0.000,0.000,164001,82786,62.7,72.0,68.3,83.0,0.875,20.753,20.754,20.752,60.962,11.275,14.300,9.007,23.326,3.000,12.020,8.437,8.835,100.000,140.000,2250.0,2150.2,1890.0,2235.3,1905.0,60.0,10.0,0.0,0.0,92.5,24.8,99.4,0.0,0.0,0.0,Yes,No,No,No,No,Yes,No,0,0,0,0,0,0,0,0,0,0,0,0,0,0,0,0,0,0,0,0,0,0,0,0,0,0,0,0,0,0,617,7571,7339,608,16.0,62,0.302,12.918,550.0,1795.0,0.1,0.0,0.0,0.0,0.0,0.0,0.0,0.0,0.8,127,16065,127,No,No,No,No,No,No,No,No,16.746,68.277,100.0,0.000,24.1,0,0,0,0.0,4.3,192.1,2.2,2.2,2.2,2.2,4.1,29.1,2.2,2.2,2.2,2.2,231.12,457.04,5.20,1.06,461.65,461.65,0.71,230.79,231.12,0.00,420.77,651,9,0.1,0.0,0,0,0.0,0.0,0,
9.6.2026,14:11:39.425,23745,25023,48.6,14209,18175,43.8,10.6,16384,1734,1.198,1.192,1.189,1.189,1.189,1.186,1.191,1.181,1.206,1.211,1.212,1.217,1.182,1.212,1.212,1.101,0.781,2935.7,1396.6,4688.5,4688.5,4688.5,4688.5,4688.5,3591.2,1097.3,3591.2,1097.3,3591.2,1097.3,1097.3,1097.3,99.8,4090.0,294.1,204.1,0.2,29.8,0.1,948.1,0.3,4526.9,0.1,15.2,0.1,1.4,0.1,89.5,53.2,9.4,1.1,0.7,0.4,0.4,0.5,367.5,6.7,7.6,0.0,0.0,0.0,22.4,0.0,95.5,0.0,0.0,0.0,0.0,0.0,6.4,3.1,0.0,0.0,0.0,0.0,0.0,0.0,95.5,6.7,100.0,11.6,8.6,0.0,1.2,0.0,39.6,0.0,173.8,0.0,0.6,0.0,0.1,0.0,4.9,2.9,0.5,0.1,0.1,0.0,0.0,0.0,11.6,29.4,14.0,47.0,47.0,47.0,47.0,47.0,36.0,11.0,36.0,11.0,36.0,11.0,11.0,11.0,41.0,59,59,60,59,64,58,58,59,59,59,59,58,60,60,60,41,41,40,41,36,42,42,41,41,41,41,42,40,40,40,71,64,No,No,No,No,No,No,No,No,No,No,No,No,No,No,No,No,No,No,No,No,No,No,No,No,No,No,No,No,No,No,No,No,No,No,No,No,No,No,No,No,No,No,No,No,No,No,No,No,72,64,63,1.100,7.594,12.923,7.292,0.001,4.320,0.429,175.0,175.0,175.0,175.0,0,0.0,6.9,7.8,0.0,0.9,0.0,22.9,0.0,94.5,0.0,0.4,0.0,0.1,0.0,6.5,4.0,0.7,0.1,0.1,0.0,0.0,0.0,7.1,25.4,2.3,67.4,4.3,0.0,0.0,0.0,0.0,0.0,0.0,0.0,0.0,0.0,0.0,56.2,0.0,0.0,0.0,0.0,0.0,0.0,93.1,95.8,99.2,99.8,99.8,99.9,99.9,99.8,60.7,63.6,96.3,4.9,0.0,99.5,99.8,997.6,10.00,22,15,15,28,103,160,2,2,Yes,No,No,No,No,No,No,No,No,No,Yes,No,No,Yes,No,No,No,No,No,No,No,Yes,No,No,No,No,No,Yes,No,No,No,No,No,No,No,Yes,No,No,85.0,3360,2700,3180,56.8,1.095,1.110,1.815,1.815,0.990,5.110,0.750,No,No,No,57.8,1.095,1.110,1.815,1.815,0.990,5.110,0.625,No,No,No,46,46,94.0,100.0,No,No,32158,47983,38,70,99.0,100.0,No,No,1844,3246,0.0,1.0,1.0,0.000,0.104,92411,51382,0.0,0.0,0.0,0.000,0.000,164001,82786,67.7,74.0,72.6,83.0,0.875,20.678,20.666,20.689,56.382,25.983,31.684,20.686,52.447,3.000,23.669,32.322,18.069,100.000,140.000,2250.0,2150.2,1890.0,2233.9,1905.0,83.0,50.0,0.0,0.0,92.5,23.3,93.0,0.0,0.0,0.0,Yes,No,No,No,No,Yes,No,0,0,0,0,0,0,0,0,0,0,0,0,0,0,0,0,0,0,0,0,0,0,0,0,0,0,0,0,0,0,617,7571,7339,608,16.0,63,0.300,12.703,550.0,2394.0,0.1,0.0,0.0,0.0,0.0,0.0,0.0,0.0,0.8,127,16065,127,No,No,No,No,No,No,No,No,16.747,68.277,100.0,0.000,24.1,0,0,0,0.0,4.7,284.9,2.0,2.0,2.0,2.0,4.7,31.3,2.0,2.0,2.0,2.0,212.83,499.77,3.51,1.18,507.31,507.31,0.50,212.18,212.83,0.00,239.85,651,9,0.1,0.0,0,0,0.0,0.0,0,
9.6.2026,14:11:41.421,23745,25023,48.6,14209,18175,43.8,10.6,16384,1733,1.200,1.174,1.180,1.180,1.180,1.176,1.221,1.181,1.221,1.208,1.228,1.223,1.213,1.228,1.188,1.101,0.781,2878.7,1396.6,1396.6,4688.5,4688.5,4688.5,4688.5,1097.3,1097.3,1097.3,3591.2,1097.3,3591.2,3591.2,3591.2,99.8,4090.0,294.8,258.1,0.3,84.7,0.1,1182.4,0.2,4239.8,0.3,9.1,0.1,6.9,0.1,45.2,49.7,6.2,2.7,8.9,0.5,0.5,0.6,367.9,9.6,9.8,25.9,2.8,0.0,29.9,13.3,90.5,10.3,0.0,0.0,0.0,0.0,3.4,4.8,0.9,0.0,0.6,0.0,0.0,0.0,90.5,9.6,100.0,11.6,10.9,0.0,3.5,0.0,48.1,0.0,163.0,0.0,0.4,0.0,0.3,0.0,2.5,2.7,0.4,0.2,0.5,0.0,0.0,0.1,11.6,28.9,14.0,14.0,47.0,47.0,47.0,47.0,11.0,11.0,11.0,36.0,11.0,36.0,36.0,36.0,41.0,60,61,61,60,63,57,58,60,60,60,59,60,60,60,60,40,39,39,40,37,43,42,40,40,40,41,40,40,40,40,71,63,No,No,No,No,No,No,No,No,No,No,No,No,No,No,No,No,No,No,No,No,No,No,No,No,No,No,No,No,No,No,No,No,No,No,No,No,No,No,No,No,No,No,No,No,No,No,No,No,71,63,63,1.100,4.219,12.058,6.484,0.001,4.265,0.427,175.0,175.0,175.0,175.0,0,0.0,7.1,9.3,0.0,3.0,0.0,29.9,0.0,89.5,0.0,0.2,0.0,0.2,0.0,3.5,4.2,0.4,0.2,0.8,0.0,0.0,0.0,7.4,24.6,6.5,62.8,9.1,0.0,0.0,0.0,0.0,0.0,0.0,0.0,0.0,0.0,0.0,56.5,0.0,0.0,1.0,0.0,0.0,0.0,96.0,95.6,99.5,99.7,99.1,99.9,99.9,99.8,58.7,61.4,89.5,2.2,0.0,99.6,99.7,997.6,10.00,22,15,15,28,103,160,2,2,Yes,No,No,No,No,No,No,No,No,No,Yes,No,No,No,No,No,No,No,No,No,No,No,No,No,No,No,No,Yes,No,No,No,No,No,No,No,Yes,No,No,84.0,3420,2760,3240,56.8,1.095,1.110,1.800,1.815,0.990,5.110,0.625,No,No,No,57.8,1.095,1.110,1.800,1.815,0.990,5.110,0.750,No,No,No,46,46,94.0,100.0,No,No,32158,47983,38,70,99.0,100.0,No,No,1844,3246,0.0,1.5,1.5,0.000,0.046,92411,51383,0.0,0.0,0.0,0.000,0.000,164001,82786,66.6,74.0,71.9,83.0,0.875,20.660,20.644,20.675,58.197,31.938,37.479,24.256,61.799,3.000,27.246,35.212,34.573,100.000,140.000,2250.0,2150.2,1890.0,2234.2,1905.0,89.0,58.0,0.0,0.0,92.5,25.0,100.0,0.0,0.0,0.0,Yes,No,No,No,No,Yes,No,0,0,0,0,0,0,0,0,0,0,0,0,0,0,0,0,0,0,0,0,0,0,0,0,0,0,0,0,0,0,617,7571,7339,608,16.0,63,0.302,12.547,550.0,997.0,0.1,0.0,0.0,0.0,0.0,0.0,0.0,0.0,0.8,127,16065,127,No,No,No,No,No,No,No,No,16.746,68.277,100.0,0.000,24.1,0,0,0,0.0,3.0,89.9,2.0,2.0,2.0,2.0,3.0,26.0,1.9,1.9,1.9,1.9,333.69,501.58,11.13,2.18,501.65,501.65,0.39,333.38,333.69,0.00,468.40,651,9,2.0,0.0,0,0,0.0,0.0,0,
9.6.2026,14:11:43.426,23738,25030,48.6,14210,18174,43.8,10.6,16384,1733,1.188,1.171,1.183,1.183,1.205,1.200,1.190,1.215,1.214,1.169,1.169,1.184,1.184,1.186,1.186,1.101,0.783,1945.2,1396.6,1396.6,4688.5,4888.0,4688.5,1396.6,1097.3,1097.3,1097.3,1097.3,1097.3,1097.3,1097.3,1097.3,99.8,4090.0,299.8,160.7,81.7,44.6,0.1,980.3,459.0,4152.6,0.2,17.4,0.1,0.4,0.1,24.0,62.3,3.0,8.2,0.5,0.4,0.4,0.5,374.6,12.8,5.7,40.0,1.2,34.5,22.5,51.5,87.3,4.2,0.1,0.5,0.0,0.5,0.8,5.8,0.0,1.2,0.0,0.0,0.0,0.5,87.3,12.8,100.0,11.7,6.7,3.5,1.9,0.0,39.3,18.2,158.8,0.0,0.7,0.0,0.0,0.0,1.4,3.4,0.2,0.5,0.0,0.0,0.0,0.0,11.7,19.5,14.0,14.0,47.0,49.0,47.0,14.0,11.0,11.0,11.0,11.0,11.0,11.0,11.0,11.0,41.0,60,61,61,60,64,58,58,59,59,58,58,60,60,60,60,40,39,39,40,36,42,42,41,41,42,42,40,40,40,40,72,64,No,No,No,No,No,No,No,No,No,No,No,No,No,No,No,No,No,No,No,No,No,No,No,No,No,No,No,No,No,No,No,No,No,No,No,No,No,No,No,No,No,No,No,No,No,No,No,No,72,64,63,1.100,4.219,12.563,7.007,0.001,4.266,0.427,175.0,175.0,175.0,175.0,0,0.0,7.0,6.0,3.2,1.5,0.0,23.0,11.6,86.9,0.0,0.4,0.0,0.0,0.0,1.8,5.2,0.3,0.7,0.0,0.0,0.0,0.0,6.6,21.0,2.9,56.8,11.8,0.0,0.0,0.0,0.0,0.0,0.0,0.0,0.0,0.0,0.0,56.7,0.0,0.0,2.6,0.3,0.0,0.0,97.9,94.5,99.6,99.1,99.8,99.8,99.8,99.8,60.5,66.7,94.6,2.5,0.0,99.4,99.8,997.6,10.00,22,15,15,28,103,160,2,2,Yes,No,No,No,No,No,No,No,No,No,Yes,No,No,Yes,No,No,No,No,No,No,No,Yes,No,No,No,No,No,Yes,No,No,No,No,No,No,No,Yes,No,No,85.0,3480,2820,3300,56.8,1.095,1.110,1.800,1.815,0.990,5.110,0.750,No,No,No,57.8,1.095,1.110,1.800,1.815,0.990,5.110,0.500,No,No,No,46,46,94.0,100.0,No,No,32158,47983,38,70,99.0,100.0,No,No,1844,3246,0.0,1.4,1.4,0.000,0.144,92411,51383,0.0,0.0,0.0,0.000,0.000,164001,82786,64.7,74.0,69.7,83.0,0.875,20.703,20.695,20.712,62.817,18.965,26.372,16.473,42.914,3.000,19.458,11.363,13.176,100.000,140.000,2250.0,2150.2,1890.0,2234.2,1905.0,87.0,40.0,0.0,0.0,92.5,25.0,100.0,0.0,0.0,0.0,Yes,No,No,No,No,Yes,No,0,0,0,0,0,0,0,0,0,0,0,0,0,0,0,0,0,0,0,0,0,0,0,0,0,0,0,0,0,0,617,7571,7339,608,16.0,63,0.302,12.156,550.0,997.0,0.1,0.0,0.0,0.0,0.0,0.0,0.0,0.0,0.8,127,16065,127,No,No,No,No,No,No,No,No,16.746,68.277,100.0,0.000,24.1,0,0,0,0.0,4.3,188.6,2.2,2.1,2.1,2.1,3.9,28.2,2.1,2.1,2.1,2.1,234.67,464.04,5.30,1.09,468.72,468.72,0.50,234.04,234.67,0.00,403.11,651,9,0.4,0.1,0,0,0.0,0.0,0,
9.6.2026,14:11:45.424,23742,25026,48.6,14265,18119,44.0,10.6,16384,1733,1.194,1.185,1.178,1.183,1.184,1.189,1.189,1.224,1.214,1.210,1.180,1.195,1.195,1.195,1.195,1.101,0.783,3349.0,2194.6,4688.5,4688.5,4688.5,4688.5,4688.5,3591.2,1097.3,1097.3,1097.3,3591.2,3591.2,3591.2,3591.2,99.8,4090.0,318.6,75.6,386.1,80.4,0.3,27.2,1379.2,4261.3,0.4,15.5,0.2,9.4,0.3,1.2,66.6,37.4,27.2,0.6,0.6,0.6,1.0,398.0,10.9,3.2,14.9,5.2,14.3,1.3,34.6,90.2,38.5,0.1,0.0,0.0,0.0,1.2,4.7,3.5,2.6,1.2,1.1,1.1,0.0,90.2,10.9,100.0,12.5,3.1,16.1,3.4,0.0,1.8,54.4,162.8,0.0,0.6,0.0,0.4,0.0,0.1,3.6,2.0,1.5,0.1,0.1,0.1,0.1,12.5,33.6,22.0,47.0,47.0,47.0,47.0,47.0,36.0,11.0,11.0,11.0,36.0,36.0,36.0,36.0,41.0,60,61,63,62,63,58,58,58,58,58,58,60,60,60,60,40,39,37,38,37,42,42,42,42,42,42,40,40,40,40,72,63,No,No,No,No,No,No,No,No,No,No,No,No,No,No,No,No,No,No,No,No,No,No,No,No,No,No,No,No,No,No,No,No,No,No,No,No,No,No,No,No,No,No,No,No,No,No,No,No,72,64,63,1.100,5.063,12.653,7.088,0.001,4.284,0.426,175.0,175.0,175.0,175.0,0,0.0,7.9,2.9,14.5,3.5,0.0,0.9,34.2,90.0,0.0,0.6,0.0,0.2,0.0,0.1,5.1,3.2,2.3,0.1,0.1,0.1,0.1,8.1,38.9,7.4,57.4,9.2,0.0,0.0,0.0,0.0,0.0,0.0,0.0,0.0,0.0,0.0,56.3,0.0,0.0,0.9,0.0,0.0,0.0,99.8,94.5,96.6,97.5,99.8,99.8,99.8,99.8,55.0,40.3,87.5,3.6,0.0,99.1,99.6,2394.1,24.00,36,35,35,68,103,383,2,2,Yes,No,No,No,No,No,No,No,No,No,Yes,No,No,Yes,No,No,No,No,No,No,No,Yes,No,No,No,No,No,Yes,No,No,No,No,No,No,No,Yes,No,No,84.0,3480,2820,3300,56.8,1.095,1.110,1.800,1.815,0.990,5.110,0.750,No,No,No,57.5,1.095,1.110,1.800,1.815,1.005,5.110,0.875,No,No,No,46,46,94.0,100.0,No,No,32158,47983,38,70,99.0,100.0,No,No,1844,3246,0.0,1.4,1.4,0.000,0.030,92411,51383,0.0,0.0,0.0,0.000,0.000,164001,82786,68.7,74.0,73.6,83.0,0.875,20.663,20.649,20.676,59.163,30.201,34.240,22.404,56.714,3.000,25.393,37.976,31.677,100.000,140.000,2250.0,2150.2,1890.0,2235.0,1905.0,91.0,51.0,0.0,0.0,92.5,23.0,91.9,0.0,0.0,0.0,Yes,No,No,No,No,Yes,No,0,0,0,0,0,0,0,0,0,0,0,0,0,0,0,0,0,0,0,0,0,0,0,0,0,0,0,0,0,0,617,7571,7339,608,16.0,63,0.300,14.223,550.0,997.0,0.1,0.0,0.0,0.0,0.0,0.0,0.0,0.0,0.8,127,16065,127,No,No,No,No,No,No,No,No,16.746,68.277,100.0,0.000,24.1,0,0,0,0.0,4.7,299.0,2.0,2.0,2.0,2.0,4.7,31.3,2.0,2.0,1.9,1.9,213.41,491.00,3.34,0.81,498.14,498.14,0.38,212.82,213.41,0.00,237.82,651,9,0.0,0.0,0,0,0.0,0.0,0,
9.6.2026,14:11:47.421,23741,25027,48.6,14285,18098,44.1,10.6,16384,1733,1.208,1.199,1.178,1.211,1.204,1.193,1.193,1.220,1.221,1.221,1.221,1.201,1.215,1.215,1.217,1.101,0.781,1988.0,2194.6,1396.6,1396.6,4688.5,4688.5,4688.5,1097.3,1097.3,1097.3,1097.3,1097.3,1097.3,1097.3,1097.3,99.8,4090.0,311.3,73.8,290.7,88.9,0.1,24.4,1312.3,4302.0,0.2,8.3,0.1,1.9,0.2,0.5,59.1,36.5,23.9,0.5,0.5,0.5,0.5,388.9,7.8,2.9,10.5,4.0,0.0,0.9,33.7,89.6,0.0,1.6,0.0,1.4,0.0,0.0,5.0,3.0,2.0,0.0,0.0,0.0,0.6,89.6,7.8,100.0,12.2,3.0,12.2,3.8,0.0,1.7,51.8,163.7,0.0,0.3,0.0,0.1,0.0,0.1,3.0,2.0,1.3,0.0,0.0,0.0,0.1,12.2,19.9,22.0,14.0,14.0,47.0,47.0,47.0,11.0,11.0,11.0,11.0,11.0,11.0,11.0,11.0,41.0,60,59,62,62,63,58,58,58,59,59,59,58,58,60,60,40,41,38,38,37,42,42,42,41,41,41,42,42,40,40,71,63,No,No,No,No,No,No,No,No,No,No,No,No,No,No,No,No,No,No,No,No,No,No,No,No,No,No,No,No,No,No,No,No,No,No,No,No,No,No,No,No,No,No,No,No,No,No,No,No,72,64,63,1.100,6.750,13.595,7.853,0.001,4.391,0.431,175.0,175.0,175.0,175.0,0,0.0,7.6,3.1,10.5,4.1,0.0,1.1,33.6,89.6,0.0,0.2,0.0,0.1,0.0,0.1,4.9,3.1,2.1,0.0,0.0,0.0,0.1,6.5,27.8,4.3,50.4,8.8,0.0,0.0,0.0,0.0,0.0,0.0,0.0,0.0,0.0,0.0,56.4,0.0,0.0,0.4,1.2,0.0,0.0,99.8,94.8,96.7,97.7,99.8,99.8,99.8,99.8,59.3,55.0,90.1,11.2,0.0,99.6,99.8,2394.1,24.00,36,35,35,68,103,383,2,2,Yes,No,No,No,No,No,No,No,No,No,Yes,No,No,Yes,No,No,No,No,No,No,No,Yes,No,No,No,No,No,Yes,No,No,No,No,No,No,No,Yes,No,No,84.0,3480,2820,3300,56.8,1.095,1.110,1.800,1.815,0.990,5.110,0.625,No,No,No,57.5,1.095,1.110,1.800,1.815,0.990,5.110,0.375,No,No,No,46,46,94.0,100.0,No,No,32158,47983,38,70,99.0,100.0,No,No,1844,3246,0.0,0.7,0.7,0.000,0.016,92411,51383,0.0,0.0,0.0,0.000,0.000,164001,82786,69.7,74.0,75.1,83.0,0.875,20.656,20.638,20.674,60.208,31.746,39.370,24.436,63.862,3.000,27.442,32.612,31.501,100.000,140.000,2250.0,2150.2,1890.0,2236.9,1905.0,94.0,56.0,0.0,0.0,92.5,24.9,99.5,0.0,0.0,0.0,Yes,No,No,No,No,Yes,No,0,0,0,0,0,0,0,0,0,0,0,0,0,0,0,0,0,0,0,0,0,0,0,0,0,0,0,0,0,0,617,7571,7339,608,16.0,63,0.300,12.355,550.0,2394.0,0.1,0.0,0.0,0.0,0.0,0.0,0.0,0.0,0.8,127,16065,127,No,No,No,No,No,No,No,No,16.746,68.277,100.0,0.000,24.1,0,0,0,0.0,3.1,6.5,2.0,2.0,2.0,2.0,3.1,7.7,2.0,1.9,1.9,1.9,320.86,488.04,153.68,150.61,491.45,491.45,0.44,319.96,320.86,0.00,426.21,651,9,0.1,0.0,0,0,0.0,0.0,0,
9.6.2026,14:11:49.434,23731,25037,48.6,14296,18087,44.1,10.5,16384,1721,1.194,1.170,1.201,1.171,1.181,1.181,1.180,1.205,1.185,1.210,1.210,1.210,1.210,1.210,1.185,1.101,0.781,2166.1,1396.6,4688.5,1396.6,4688.5,4688.5,4688.5,1097.3,1097.3,1097.3,1097.3,1097.3,1097.3,1097.3,1097.3,99.8,4090.0,320.8,72.5,400.9,49.9,0.1,10.2,1836.9,3849.6,0.2,17.8,0.1,0.8,0.1,1.0,73.7,82.0,17.3,0.5,0.5,0.4,0.5,400.8,8.7,2.4,13.1,1.5,19.8,0.0,44.1,80.5,0.0,0.1,0.0,0.0,0.0,0.0,5.3,6.8,1.2,0.0,0.0,0.0,0.0,80.5,8.7,100.0,12.6,3.0,16.7,2.1,0.0,0.9,71.8,147.2,0.0,0.7,0.0,0.0,0.0,0.1,4.2,4.4,1.0,0.0,0.0,0.0,0.1,12.6,21.7,14.0,47.0,14.0,47.0,47.0,47.0,11.0,11.0,11.0,11.0,11.0,11.0,11.0,11.0,41.0,59,61,60,60,63,58,57,59,59,59,59,58,58,58,58,41,39,40,40,37,42,43,41,41,41,41,42,42,42,42,72,63,No,No,No,No,No,No,No,No,No,No,No,No,No,No,No,No,No,No,No,No,No,No,No,No,No,No,No,No,No,No,No,No,No,No,No,No,No,No,No,No,No,No,No,No,No,No,No,No,71,67,63,1.100,5.906,12.318,6.729,0.001,4.322,0.428,175.0,175.0,175.0,175.0,0,0.0,7.9,2.7,13.3,1.8,0.0,0.4,44.1,80.5,0.0,0.4,0.0,0.0,0.0,0.1,5.9,7.0,1.5,0.1,0.0,0.0,0.1,7.3,36.0,5.1,43.0,18.5,0.0,0.0,0.0,0.1,0.0,0.0,0.0,0.0,0.0,0.0,56.2,0.0,0.0,2.8,0.1,0.0,0.0,99.8,93.6,92.8,98.4,99.8,99.8,99.8,99.8,56.9,43.8,91.9,6.3,0.0,99.4,99.8,997.6,10.00,22,15,15,28,103,160,2,2,Yes,No,No,No,No,No,No,No,No,No,Yes,No,No,Yes,No,No,No,No,No,No,No,Yes,No,No,No,No,No,Yes,No,No,No,No,No,No,No,Yes,No,No,86.0,3480,2880,3300,56.8,1.095,1.110,1.800,1.815,0.990,5.110,0.875,No,No,No,57.5,1.110,1.110,1.800,1.815,0.990,5.110,0.625,No,No,No,45,45,94.0,100.0,No,No,32158,47983,38,70,99.0,100.0,No,No,1844,3246,7.8,1.1,8.9,7.727,0.087,92426,51383,0.0,0.0,0.0,0.000,0.000,164001,82786,69.4,76.0,74.5,83.0,0.875,20.669,20.654,20.683,63.992,27.971,37.032,21.625,58.740,3.000,24.620,9.803,40.979,100.000,140.000,2250.0,2150.2,1890.0,2236.6,1905.0,91.0,53.0,0.0,0.0,92.5,24.9,99.6,0.0,0.0,0.0,Yes,No,No,No,No,Yes,No,0,0,0,0,0,0,0,0,0,0,0,0,0,0,0,0,0,0,0,0,0,0,0,0,0,0,0,0,0,0,617,7571,7339,608,16.0,63,0.300,13.066,600.0,2394.0,0.1,0.0,0.0,0.0,0.0,0.0,0.0,0.0,0.8,127,16065,127,No,No,No,No,No,No,No,No,16.746,68.277,100.0,0.000,24.1,0,0,0,0.0,5.3,235.5,2.7,2.6,2.6,2.6,4.7,29.2,2.6,2.5,2.5,2.5,189.60,374.96,4.25,0.84,378.74,378.74,1.30,188.61,189.60,0.00,298.47,651,9,0.0,0.0,0,0,0.0,0.0,0,
9.6.2026,14:11:51.426,23737,25031,48.6,14350,18034,44.3,10.5,16384,1721,1.161,1.153,1.179,1.179,1.139,1.139,1.183,1.168,1.173,1.138,1.173,1.200,1.150,1.140,1.140,1.101,0.783,1681.6,1396.6,1396.6,4688.5,4489.0,1396.6,1396.6,1097.3,1097.3,1097.3,1097.3,1097.3,1097.3,1097.3,1097.3,99.8,4090.0,373.7,71.1,871.8,117.9,0.3,2.3,1922.6,3410.4,0.3,31.3,0.1,10.7,0.1,76.4,307.6,389.3,224.1,35.2,1.0,0.8,0.8,464.8,13.1,3.2,29.8,6.3,0.0,2.4,43.7,72.6,6.6,1.7,0.8,0.3,0.0,6.8,27.8,35.4,20.9,3.2,0.1,0.1,0.9,72.6,13.1,100.0,15.4,2.8,36.3,5.7,0.0,0.2,74.6,130.5,0.0,1.3,0.0,0.4,0.0,4.1,16.6,20.9,12.0,1.9,0.1,0.1,0.1,15.4,16.9,14.0,14.0,47.0,45.0,14.0,14.0,11.0,11.0,11.0,11.0,11.0,11.0,11.0,11.0,41.0,60,63,61,65,57,59,58,60,60,60,60,60,60,60,60,40,37,39,35,43,41,42,40,40,40,40,40,40,40,40,72,65,No,No,No,No,No,No,No,No,No,No,No,No,No,No,No,No,No,No,No,No,No,No,No,No,No,No,No,No,No,No,No,No,No,No,No,No,No,No,No,No,No,No,No,No,No,No,No,No,74,64,63,1.100,8.438,13.575,7.852,0.001,4.363,0.429,175.0,175.0,175.0,175.0,0,0.0,12.4,3.2,29.2,6.3,0.0,0.1,43.8,72.5,0.0,0.9,0.0,0.3,0.0,6.7,27.0,34.6,20.1,3.2,0.1,0.1,0.1,10.6,52.7,19.7,50.0,23.5,0.1,0.0,0.0,0.5,1.1,0.4,0.0,0.0,0.0,0.0,50.5,0.0,0.0,1.6,2.5,0.0,0.0,93.0,71.3,63.5,79.0,96.6,99.8,99.8,99.8,46.7,10.4,69.8,2.0,0.3,98.0,99.4,2394.1,24.00,36,35,35,68,103,383,2,2,Yes,No,No,No,No,No,No,No,No,No,Yes,No,No,No,No,No,No,No,No,No,No,No,No,No,No,No,No,Yes,No,No,No,No,No,No,No,Yes,No,No,86.0,3480,2880,3300,56.8,1.095,1.110,1.800,1.815,0.990,5.110,1.000,No,No,No,57.5,1.095,1.110,1.800,1.815,0.990,5.110,0.750,No,No,No,45,45,94.0,100.0,No,No,32158,47983,38,70,99.0,100.0,No,No,1844,3246,0.5,3.5,4.0,0.399,2.882,92426,51389,0.0,0.0,0.0,0.000,0.000,164001,82786,69.1,76.0,74.0,83.0,0.875,20.656,20.642,20.670,60.384,27.601,35.406,22.191,57.668,3.000,25.166,25.099,24.679,100.000,140.000,2250.0,2150.2,1890.0,2234.5,1905.0,89.0,57.0,0.0,1.0,92.5,25.0,100.0,0.0,0.0,0.0,Yes,No,No,No,No,Yes,No,0,0,0,0,0,0,0,0,0,0,0,0,0,0,0,0,0,0,0,0,0,0,0,0,0,0,0,0,0,0,617,7571,7339,608,16.0,64,0.300,15.239,550.0,997.0,0.1,0.0,0.0,0.0,0.0,0.0,0.0,0.0,0.8,127,16065,127,No,No,No,No,No,No,No,No,16.746,68.277,100.0,0.000,24.1,0,0,0,0.0,3.0,102.9,1.9,1.9,1.9,1.9,3.1,26.3,1.9,1.9,1.9,1.9,332.12,534.68,9.72,1.45,536.22,536.22,0.81,331.04,332.12,0.00,364.65,651,9,0.0,0.0,0,0,0.0,0.0,0,
9.6.2026,14:11:53.423,23736,25032,48.6,14377,18007,44.3,10.5,16384,1721,1.204,1.189,1.204,1.180,1.210,1.200,1.200,1.215,1.215,1.214,1.214,1.214,1.214,1.169,1.218,1.101,0.781,2651.3,4689.7,4689.7,4689.7,4889.2,4689.7,4689.7,1097.6,1097.6,1097.6,1097.6,1097.6,1097.6,1097.6,1097.6,99.8,4091.0,327.6,62.5,492.0,58.6,0.2,6.1,1170.8,4584.8,0.3,21.8,0.0,0.6,0.0,1.9,68.4,48.2,33.7,0.5,0.4,0.4,0.5,409.4,10.4,3.9,18.5,2.1,44.9,0.0,29.9,96.2,3.5,0.0,0.0,0.0,0.5,0.0,2.4,3.2,1.9,0.0,0.0,0.0,0.0,96.2,10.4,100.0,12.8,2.6,20.4,2.7,0.0,0.6,46.8,174.4,0.0,0.9,0.0,0.0,0.0,0.1,3.7,2.6,1.8,0.0,0.0,0.0,0.0,12.9,26.6,47.0,47.0,47.0,49.0,47.0,47.0,11.0,11.0,11.0,11.0,11.0,11.0,11.0,11.0,41.0,59,62,62,62,63,58,58,58,58,58,59,58,58,58,58,41,38,38,38,37,42,42,42,42,42,41,42,42,42,42,74,63,No,No,No,No,No,No,No,No,No,No,No,No,No,No,No,No,No,No,No,No,No,No,No,No,No,No,No,No,No,No,No,No,No,No,No,No,No,No,No,No,No,No,No,No,No,No,No,No,72,64,63,1.100,5.906,15.685,9.979,0.001,4.392,0.431,175.0,175.0,175.0,175.0,0,0.0,8.2,3.4,18.5,3.1,0.0,0.2,29.5,96.1,0.0,0.6,0.0,0.0,0.0,0.1,5.7,4.2,3.0,0.1,0.0,0.0,0.0,8.1,36.6,5.8,64.7,3.6,0.6,0.0,0.0,0.0,2.0,0.0,0.0,0.0,0.0,0.0,56.0,0.3,0.0,0.3,0.0,0.0,0.0,99.7,94.0,93.6,96.9,99.8,99.9,99.9,99.8,54.5,37.6,89.5,1.8,0.0,98.3,99.8,1796.0,18.00,26,26,26,51,103,287,2,2,Yes,No,No,No,No,No,No,No,No,No,Yes,No,No,Yes,No,No,No,No,No,No,No,Yes,No,No,No,No,No,Yes,No,No,No,No,No,No,No,Yes,No,No,85.0,3480,2940,3300,56.5,1.095,1.110,1.800,1.815,0.990,5.110,0.625,No,No,No,57.5,1.095,1.110,1.800,1.815,0.990,5.110,0.625,No,No,No,45,45,94.0,100.0,No,No,32158,47983,38,70,99.0,100.0,No,No,1844,3246,0.1,2.3,2.4,0.002,1.546,92426,51392,0.0,0.0,0.0,0.000,0.000,164001,82786,68.9,76.0,73.8,83.0,0.875,20.712,20.705,20.719,60.435,24.143,26.437,15.363,41.872,3.000,18.358,31.273,32.698,100.000,140.000,2250.0,2150.2,1890.0,2233.3,1905.0,82.0,39.0,0.0,1.0,92.5,25.0,100.0,0.0,0.0,0.0,Yes,No,No,No,No,Yes,No,0,0,0,0,0,0,0,0,0,0,0,0,0,0,0,0,0,0,0,0,0,0,0,0,0,0,0,0,0,0,617,7571,7339,608,16.0,63,0.300,14.249,600.0,2394.0,0.1,0.0,0.0,0.0,0.0,0.0,0.0,0.0,0.8,127,16065,127,No,No,No,No,No,No,No,No,16.746,68.277,100.0,0.000,24.1,0,0,0,0.0,2.3,2.5,2.2,2.2,2.2,2.2,2.4,2.5,2.3,2.3,2.3,2.3,426.82,458.16,395.47,394.90,458.80,458.80,1.01,425.32,426.82,0.00,141.30,651,9,0.2,0.2,0,0,0.0,0.0,0,
9.6.2026,14:11:55.426,24020,24748,49.2,15195,17189,46.9,10.5,16384,1721,1.205,1.234,1.207,1.187,1.207,1.207,1.219,1.199,1.199,1.199,1.199,1.209,1.199,1.199,1.200,1.063,0.781,2664.9,4688.5,4688.5,4888.0,4888.0,4688.5,4688.5,1097.3,1097.3,1097.3,1097.3,1097.3,1097.3,1097.3,1097.3,99.8,3890.5,971.1,745.3,1057.3,875.7,803.3,1094.8,1855.4,3373.9,1103.8,846.4,760.2,882.6,697.1,667.8,727.9,720.8,684.6,628.0,674.1,608.2,615.8,1056.0,28.7,19.4,27.6,24.5,20.2,28.7,48.6,76.2,58.0,22.7,19.2,23.2,18.3,24.1,28.0,28.0,24.1,20.2,24.3,19.7,19.8,76.2,28.7,100.0,41.3,28.6,41.0,33.7,30.7,42.1,72.2,128.9,42.1,32.5,29.0,33.8,26.6,35.7,38.9,38.4,36.5,33.5,36.0,32.5,32.8,41.3,26.7,47.0,47.0,49.0,49.0,47.0,47.0,11.0,11.0,11.0,11.0,11.0,11.0,11.0,11.0,39.0,63,61,63,77,59,65,62,63,63,63,63,62,62,62,62,37,39,37,23,41,35,38,37,37,37,37,38,38,38,38,77,77,No,No,No,No,No,No,No,No,No,No,No,No,No,No,No,No,No,No,No,No,No,No,No,No,No,No,No,No,No,No,Yes,Yes,Yes,Yes,Yes,Yes,Yes,Yes,Yes,Yes,Yes,Yes,Yes,Yes,Yes,No,No,Yes,77,77,64,1.100,12.656,13.696,8.004,0.001,4.380,0.430,175.0,175.0,175.0,175.0,0,3.6,26.8,19.9,27.5,23.8,20.7,26.9,48.6,76.1,26.9,22.0,19.7,22.5,18.2,23.2,25.6,27.3,23.4,20.0,24.1,19.6,19.6,5.6,14.0,4.7,29.1,7.1,3.0,2.8,2.3,2.0,2.5,4.5,3.8,2.3,0.0,0.0,44.7,5.7,4.5,7.3,4.7,4.3,4.6,73.8,71.5,69.6,71.5,75.5,72.9,79.6,79.8,42.5,47.3,63.5,4.4,3.6,67.6,68.3,1795.6,18.00,26,26,26,51,103,287,2,2,Yes,No,No,No,No,No,No,No,No,Yes,Yes,No,No,Yes,No,No,No,No,No,No,No,Yes,No,No,No,No,No,No,No,No,No,No,No,No,No,No,No,No,85.0,3480,2940,3300,56.5,1.095,1.110,1.800,1.815,0.990,5.110,3.125,No,No,No,57.5,1.095,1.110,1.800,1.815,0.990,5.110,0.750,No,No,No,45,45,94.0,100.0,No,No,32158,47983,38,70,99.0,100.0,No,No,1844,3246,0.0,1.2,1.2,0.000,0.127,92426,51392,0.0,0.0,0.0,0.000,0.000,164001,82786,60.2,70.0,67.3,83.0,0.875,20.684,20.680,20.688,22.749,9.700,9.766,8.768,18.557,3.000,11.778,7.997,8.032,100.000,140.000,2250.0,2150.2,1890.0,2236.5,1905.0,1.0,0.0,0.0,0.0,85.6,13.4,53.6,0.0,0.0,0.0,Yes,No,No,No,No,Yes,No,0,0,0,0,0,0,0,0,0,0,0,0,0,0,0,0,0,0,0,0,0,0,0,0,0,0,0,0,0,0,1175,7013,6781,608,16.0,64,0.300,18.721,600.0,1796.0,0.1,0.0,0.0,0.0,0.0,0.0,0.0,0.0,0.8,127,16065,127,No,No,No,No,No,No,No,No,16.746,68.277,100.0,0.000,24.1,0,0,0,0.0,6.7,448.2,2.4,2.4,2.4,2.4,6.7,32.3,2.6,2.5,2.5,2.5,149.71,411.08,2.23,0.59,419.90,419.90,0.41,149.32,149.71,0.00,123.94,651,9,0.7,0.1,0,0,0.0,0.0,0,
9.6.2026,14:11:57.434,23812,24955,48.8,13911,18473,42.9,10.5,16384,1721,1.190,1.185,1.195,1.180,1.180,1.190,1.190,1.180,1.190,1.185,1.210,1.185,1.204,1.204,1.189,1.101,0.783,2465.4,2294.4,4688.5,4688.5,4688.5,4688.5,4688.5,1097.3,1097.3,1097.3,1097.3,1097.3,1097.3,1097.3,1097.3,99.8,4090.0,456.0,23.3,1131.9,526.7,3.1,5.7,2225.5,3992.0,54.9,361.1,2.2,235.8,1.3,95.4,172.3,122.3,74.0,29.9,25.7,25.5,11.0,564.2,12.5,1.8,51.4,14.9,0.0,0.5,51.1,86.2,0.0,8.2,0.0,5.2,0.4,6.0,10.1,6.7,3.7,1.3,1.2,1.2,0.8,86.2,12.5,100.0,18.2,1.0,45.6,21.0,0.1,0.4,86.9,152.5,2.2,14.0,0.1,9.1,0.1,5.1,9.3,6.6,4.0,1.6,1.4,1.4,0.6,18.2,24.7,23.0,47.0,47.0,47.0,47.0,47.0,11.0,11.0,11.0,11.0,11.0,11.0,11.0,11.0,41.0,60,61,61,61,63,59,59,59,59,59,59,60,60,60,60,40,39,39,39,37,41,41,41,41,41,41,40,40,40,40,72,63,No,No,No,No,No,No,No,No,No,No,No,No,No,No,No,No,No,No,No,No,No,No,No,No,No,No,No,No,No,No,No,No,No,No,No,No,No,No,No,No,No,No,No,No,No,No,No,No,74,67,64,1.100,4.219,26.622,20.290,0.001,4.846,0.621,175.0,175.0,175.0,175.0,0,0.0,12.4,1.4,49.4,14.6,0.1,0.2,50.9,86.0,1.2,8.5,0.1,5.6,0.0,6.3,9.6,7.0,4.0,0.9,0.7,0.7,0.3,6.9,27.5,20.9,34.7,8.3,4.5,0.0,0.0,0.0,0.0,0.0,0.0,0.0,0.0,0.0,56.2,0.5,2.6,5.1,3.0,2.8,3.7,93.6,89.7,92.5,95.7,99.0,99.1,99.2,99.6,42.9,18.2,58.4,6.5,1.5,83.2,90.0,997.6,10.00,22,15,15,28,103,160,2,2,Yes,No,No,No,No,No,No,No,No,No,Yes,No,No,Yes,No,No,No,No,No,No,No,Yes,No,No,No,No,No,Yes,No,No,No,No,No,No,No,Yes,No,No,85.0,3540,2820,3420,56.8,1.095,1.110,1.800,1.815,1.005,5.110,0.750,No,No,No,57.5,1.095,1.110,1.800,1.815,1.005,5.110,0.500,No,No,No,45,45,94.0,100.0,No,No,32158,47983,38,70,99.0,100.0,No,No,1844,3246,0.0,1.6,1.6,0.000,0.288,92426,51392,0.0,0.0,0.0,0.000,0.000,164001,82786,64.6,68.0,68.9,83.0,0.875,20.671,20.659,20.683,25.456,25.770,33.590,17.065,50.734,3.000,20.067,34.285,21.650,100.000,140.000,2250.0,1750.2,1890.0,2221.0,1905.0,31.0,13.0,0.0,2.0,93.4,18.6,74.4,0.0,0.0,0.0,Yes,No,No,No,No,Yes,No,0,0,0,0,0,0,0,0,0,0,0,0,0,0,0,0,0,0,0,0,0,0,0,0,0,0,0,0,0,0,539,7649,7417,608,16.0,64,0.300,27.918,600.0,1795.0,0.1,0.0,0.0,0.0,0.0,0.0,0.0,0.0,0.8,127,16065,127,No,No,No,No,No,No,No,No,16.746,68.277,100.0,0.000,24.1,0,0,0,0.0,0.9,0.9,0.9,0.9,0.9,0.9,0.9,0.9,0.9,0.9,0.9,0.9,1110.37,1110.37,1110.37,1110.37,1110.37,1110.37,0.53,1109.85,1110.37,0.00,750.46,651,9,0.0,0.0,0,0,0.0,0.0,0,
9.6.2026,14:11:59.419,23841,24927,48.8,13969,18415,43.1,10.5,16384,1721,1.167,1.151,1.162,1.172,1.137,1.153,1.178,1.173,1.173,1.198,1.160,1.160,1.175,1.190,1.150,1.063,0.781,2087.8,1396.6,4489.0,1396.6,4489.0,4489.0,4489.0,1097.3,1097.3,1097.3,1097.3,798.0,1097.3,1097.3,1097.3,99.8,3890.5,353.1,74.3,822.3,151.6,0.3,5.0,1579.2,4155.4,0.2,56.4,0.1,10.9,0.1,5.3,74.1,87.3,38.1,0.6,0.5,0.5,0.5,441.3,10.0,2.7,33.2,6.6,7.6,1.3,38.4,88.0,0.0,1.8,0.0,1.0,0.0,0.8,5.5,8.0,3.5,0.5,0.4,0.4,0.4,88.0,10.0,100.0,13.9,3.0,33.4,6.6,0.0,0.5,61.6,158.2,0.0,2.2,0.0,0.5,0.0,0.3,4.1,4.8,2.1,0.1,0.0,0.0,0.0,13.9,20.9,14.0,45.0,14.0,45.0,45.0,45.0,11.0,11.0,11.0,11.0,8.0,11.0,11.0,11.0,39.0,60,65,61,63,64,59,59,60,60,60,60,60,58,58,58,40,35,39,37,36,41,41,40,40,40,40,40,42,42,42,74,65,No,No,No,No,No,No,No,No,No,No,No,No,No,No,No,No,No,No,No,No,No,No,No,No,No,No,No,No,No,No,No,No,No,No,No,No,No,No,No,No,No,No,No,No,No,No,No,No,74,63,64,1.100,8.438,20.370,14.397,0.001,4.606,0.483,175.0,175.0,175.0,175.0,0,0.0,9.5,3.0,33.4,7.0,0.0,0.2,38.9,88.1,0.0,1.5,0.0,0.6,0.0,0.4,5.7,7.4,3.1,0.1,0.1,0.1,0.0,8.4,38.4,11.3,55.7,11.2,0.9,0.0,0.0,0.0,0.0,0.0,0.0,0.0,0.0,0.0,55.9,0.0,0.0,0.8,0.0,0.0,0.0,99.4,93.8,92.3,96.8,99.8,99.8,99.8,99.8,49.6,22.3,78.5,1.2,0.0,96.8,99.1,2394.1,24.00,36,35,35,68,103,383,2,2,Yes,No,No,No,No,No,No,No,No,No,Yes,No,No,Yes,No,No,No,No,No,No,No,Yes,No,No,No,No,No,Yes,No,No,No,No,No,No,No,Yes,No,No,85.0,3720,2640,3540,56.8,1.095,1.110,1.800,1.815,1.005,5.110,0.625,No,No,No,57.8,1.095,1.110,1.800,1.815,1.005,5.180,0.500,No,No,No,45,45,94.0,100.0,No,No,32158,47983,38,70,99.0,100.0,No,No,1844,3246,0.1,0.9,1.1,0.002,0.030,92426,51392,0.0,0.0,0.0,0.000,0.000,164001,82786,63.3,72.0,69.1,83.0,0.875,20.755,20.757,20.753,59.647,11.162,13.398,9.216,22.642,3.000,12.232,8.802,8.844,100.000,140.000,2250.0,2150.2,1890.0,2234.6,1905.0,80.0,28.0,0.0,1.0,92.5,25.0,100.0,0.0,0.0,0.0,Yes,No,No,No,No,Yes,No,0,0,0,0,0,0,0,0,0,0,0,0,0,0,0,0,0,0,0,0,0,0,0,0,0,0,0,0,0,0,617,7571,7338,557,16.0,64,0.300,14.746,600.0,997.0,0.1,0.0,0.0,0.0,0.0,0.0,0.0,0.0,0.8,127,16065,127,No,No,No,No,No,No,No,No,16.746,68.277,100.0,0.000,24.1,0,0,0,0.0,1.8,1.8,1.8,1.8,1.8,1.8,1.8,1.8,1.8,1.8,1.8,1.8,546.30,546.30,546.30,546.30,546.30,546.30,0.93,545.61,546.30,0.00,34.22,651,9,0.1,0.0,0,0,0.0,0.0,0,
9.6.2026,14:12:1.419,23717,25051,48.6,14011,18372,43.2,10.5,16384,1721,1.192,1.193,1.197,1.187,1.167,1.187,1.174,1.184,1.199,1.199,1.169,1.230,1.200,1.200,1.210,1.101,0.781,2864.4,1396.6,4688.5,4688.5,4688.5,1396.6,4489.0,1097.3,1097.3,1097.3,1097.3,3591.2,3591.2,3591.2,3591.2,99.8,4090.0,323.5,71.2,526.9,84.3,0.3,6.9,1327.6,4231.4,0.4,26.0,0.2,2.3,0.4,1.1,70.2,79.9,37.0,0.8,0.7,0.7,1.3,404.1,14.2,2.9,20.6,4.6,34.3,0.0,33.5,88.6,44.8,0.0,39.9,0.0,0.0,0.0,5.6,6.1,2.4,0.0,0.0,0.0,0.0,88.6,14.2,100.0,12.8,2.9,22.2,3.7,0.0,0.7,53.0,161.4,0.0,1.2,0.0,0.1,0.0,0.1,3.8,4.3,2.0,0.1,0.1,0.1,0.1,12.8,28.7,14.0,47.0,47.0,47.0,14.0,45.0,11.0,11.0,11.0,11.0,36.0,36.0,36.0,36.0,41.0,60,62,61,62,62,58,59,59,59,59,59,60,60,60,58,40,38,39,38,38,42,41,41,41,41,41,40,40,40,42,74,62,No,No,No,No,No,No,No,No,No,No,No,No,No,No,No,No,No,No,No,No,No,No,No,No,No,No,No,No,No,No,No,No,No,No,No,No,No,No,No,No,No,No,No,No,No,No,No,No,72,64,64,1.100,11.813,14.660,8.922,0.001,4.419,0.434,175.0,175.0,175.0,175.0,0,0.0,8.2,2.9,19.1,3.9,0.0,0.3,33.2,88.4,0.0,0.8,0.0,0.1,0.0,0.1,5.6,6.9,3.3,0.1,0.1,0.1,0.1,8.3,36.0,8.4,59.8,10.8,1.5,0.0,0.0,0.0,0.0,0.0,0.0,0.0,0.0,0.0,56.0,0.1,0.0,1.1,0.2,0.0,0.0,99.8,94.0,92.8,96.5,99.8,99.8,99.8,99.8,53.8,38.1,85.5,2.5,0.0,97.1,99.7,997.6,10.00,22,15,15,28,103,160,2,2,Yes,No,No,No,No,No,No,No,No,No,Yes,No,No,Yes,No,No,No,No,No,No,No,Yes,No,No,No,No,No,Yes,No,No,No,No,No,No,No,Yes,No,No,84.0,3720,2640,3600,56.8,1.110,1.110,1.800,1.815,1.005,5.110,0.750,No,No,No,57.8,1.110,1.110,1.800,1.815,1.005,5.110,0.625,No,No,No,45,45,94.0,100.0,No,No,32158,47983,37,70,99.0,100.0,No,No,1844,3246,0.0,0.6,0.6,0.000,0.015,92426,51392,0.0,0.0,0.0,0.000,0.000,164001,82786,66.4,74.0,71.3,83.0,0.875,20.705,20.696,20.714,63.513,20.009,27.602,17.406,45.073,3.000,20.383,9.913,16.687,100.000,140.000,2250.0,2150.2,1890.0,2235.3,1905.0,88.0,52.0,0.0,0.0,92.5,23.7,94.8,0.0,0.0,0.0,Yes,No,No,No,No,Yes,No,0,0,0,0,0,0,0,0,0,0,0,0,0,0,0,0,0,0,0,0,0,0,0,0,0,0,0,0,0,0,617,7571,7338,563,16.0,64,0.300,13.730,550.0,2394.0,0.1,0.0,0.0,0.0,0.0,0.0,0.0,0.0,0.8,127,16065,127,No,No,No,No,No,No,No,No,16.746,68.277,100.0,0.000,24.1,0,0,0,0.0,4.0,177.7,2.0,2.0,2.0,2.0,3.7,28.4,2.0,2.0,1.9,1.9,248.24,490.85,5.63,1.17,495.80,495.80,0.65,247.75,248.24,0.00,284.60,651,9,0.0,0.0,0,0,0.0,0.0,0,
9.6.2026,14:12:3.427,23717,25050,48.6,14044,18340,43.3,10.5,16384,1721,1.193,1.197,1.187,1.198,1.188,1.148,1.188,1.203,1.201,1.186,1.186,1.201,1.201,1.206,1.211,1.101,0.783,2565.2,4688.5,1396.6,4688.5,4688.5,4489.0,4688.5,1097.3,1097.3,1097.3,1097.3,1097.3,1097.3,3591.2,1097.3,99.8,4090.0,333.5,67.8,520.0,155.4,0.2,5.4,1336.1,4164.9,0.3,31.0,0.2,27.0,0.2,20.0,164.9,94.9,63.7,13.0,4.1,0.7,0.6,415.8,9.3,3.7,20.6,6.7,0.0,2.1,34.8,87.9,0.0,1.3,1.2,0.3,0.0,1.3,12.3,7.8,5.2,0.7,0.0,0.0,0.0,87.9,9.3,100.0,13.3,2.8,21.7,6.9,0.0,0.5,52.3,158.8,0.0,1.3,0.0,1.1,0.0,1.1,9.0,5.1,3.4,0.7,0.3,0.1,0.1,13.3,25.7,47.0,14.0,47.0,47.0,45.0,47.0,11.0,11.0,11.0,11.0,11.0,11.0,36.0,11.0,41.0,61,61,61,62,64,59,59,61,61,60,60,60,60,60,60,39,39,39,38,36,41,41,39,39,40,40,40,40,40,40,72,64,No,No,No,No,No,No,No,No,No,No,No,No,No,No,No,No,No,No,No,No,No,No,No,No,No,No,No,No,No,No,No,No,No,No,No,No,No,No,No,No,No,No,No,No,No,No,No,No,72,64,63,1.100,4.219,13.581,7.861,0.001,4.406,0.434,175.0,175.0,175.0,175.0,0,0.0,9.2,3.4,20.0,7.0,0.0,0.2,34.5,87.8,0.0,0.9,0.0,0.7,0.0,1.7,13.2,8.1,5.5,1.1,0.4,0.1,0.1,8.1,37.2,11.0,48.9,11.6,2.0,2.2,0.0,0.0,0.0,0.0,0.0,0.0,0.0,0.0,55.0,0.0,0.0,2.2,0.0,0.0,0.0,98.1,86.0,91.6,94.3,98.7,99.5,99.8,99.8,53.0,35.1,79.0,10.6,0.0,96.5,96.6,997.6,10.00,22,15,15,28,103,160,2,2,Yes,No,No,No,No,No,No,No,No,No,Yes,No,No,Yes,No,No,No,No,No,No,No,Yes,No,No,No,No,No,Yes,No,No,No,No,No,No,No,Yes,No,No,86.0,3660,2820,3600,56.8,1.110,1.110,1.800,1.815,1.005,5.110,0.750,No,No,No,57.5,1.110,1.110,1.800,1.815,1.005,5.110,0.625,No,No,No,45,45,94.0,100.0,No,No,32158,47983,37,70,99.0,100.0,No,No,1844,3246,0.1,1.5,1.7,0.012,0.100,92426,51393,0.0,0.0,0.0,0.000,0.000,164001,82786,68.8,74.0,73.8,83.0,0.875,20.658,20.643,20.673,61.935,30.921,38.359,23.698,62.122,3.000,26.681,33.834,28.754,100.000,140.000,2250.0,2150.2,1890.0,2236.0,1905.0,91.0,43.0,0.0,0.0,92.5,24.9,99.6,0.0,0.0,0.0,Yes,No,No,No,No,Yes,No,0,0,0,0,0,0,0,0,0,0,0,0,0,0,0,0,0,0,0,0,0,0,0,0,0,0,0,0,0,0,617,7571,7338,567,16.0,64,0.300,13.928,550.0,997.0,0.1,0.0,0.0,0.0,0.0,0.0,0.0,0.0,0.8,127,16065,127,No,No,No,No,No,No,No,No,16.746,68.277,100.0,0.000,24.1,0,0,0,0.0,3.9,177.7,2.0,2.0,2.0,2.0,3.7,28.1,2.0,2.0,2.0,2.0,254.10,502.58,5.63,1.06,507.65,507.65,0.47,253.37,254.10,0.00,443.06,651,9,0.1,0.3,0,0,0.0,0.0,0,
9.6.2026,14:12:5.451,23712,25055,48.6,14117,18267,43.5,10.5,16384,1721,1.188,1.201,1.164,1.164,1.164,1.179,1.164,1.172,1.217,1.162,1.202,1.207,1.213,1.213,1.213,1.101,0.781,3291.9,4688.5,1396.6,4688.5,4688.5,4688.5,4688.5,3591.2,1097.3,1097.3,1097.3,3591.2,3591.2,3591.2,3591.2,99.8,4090.0,327.3,71.7,536.1,90.1,0.3,6.4,1707.5,3917.1,0.5,27.8,0.3,2.3,0.3,7.3,113.8,31.6,20.1,6.8,0.8,0.8,3.8,408.3,9.1,2.7,20.9,3.6,1.3,0.0,41.7,82.3,8.4,0.5,0.5,0.6,0.5,1.0,10.3,3.1,2.0,1.1,0.6,0.6,0.0,82.3,9.1,100.0,12.9,3.0,22.4,4.1,0.0,0.6,66.9,149.5,0.0,1.2,0.0,0.1,0.0,0.4,6.2,1.7,1.1,0.4,0.1,0.1,0.2,12.9,33.0,47.0,14.0,47.0,47.0,47.0,47.0,36.0,11.0,11.0,11.0,36.0,36.0,36.0,36.0,41.0,60,58,60,68,58,59,59,60,58,58,58,60,60,60,60,40,42,40,32,42,41,41,40,42,42,42,40,40,40,40,72,68,No,No,No,No,No,No,No,No,No,No,No,No,No,No,No,No,No,No,No,No,No,No,No,No,No,No,No,No,No,No,No,No,No,No,No,No,No,No,No,No,No,No,No,No,No,No,No,No,72,66,64,1.100,4.219,13.404,7.660,0.001,4.427,0.432,175.0,175.0,175.0,175.0,0,0.0,8.4,2.9,20.7,4.6,0.0,0.2,41.7,82.3,0.0,0.8,0.0,0.1,0.0,0.5,9.1,2.6,1.4,0.6,0.1,0.1,0.2,8.4,37.3,12.9,50.2,16.8,0.1,0.0,0.0,0.0,0.0,0.0,0.0,0.0,0.0,0.0,56.1,0.0,0.0,1.8,0.1,0.0,0.0,99.4,90.5,97.2,98.4,99.2,99.8,99.8,99.7,52.7,34.9,80.3,2.9,0.0,98.5,99.7,2394.1,24.00,36,35,35,68,103,383,2,2,Yes,No,No,No,No,No,No,No,No,No,Yes,No,No,Yes,No,No,No,No,No,No,No,Yes,No,No,No,No,No,Yes,No,No,No,No,No,No,No,Yes,No,No,84.0,3600,2940,3480,56.8,1.110,1.110,1.800,1.815,1.005,5.110,0.625,No,No,No,57.5,1.110,1.110,1.800,1.815,1.005,5.110,0.625,No,No,No,45,45,94.0,100.0,No,No,32158,47983,38,70,99.0,100.0,No,No,1844,3246,0.0,0.2,0.2,0.000,0.038,92426,51393,0.0,0.0,0.0,0.000,0.000,164001,82786,68.8,76.0,73.9,83.0,0.875,20.660,20.647,20.673,64.367,26.708,37.531,22.175,59.787,3.000,25.159,9.188,30.117,100.000,140.000,2250.0,2150.2,1890.0,2236.2,1905.0,88.0,54.0,0.0,0.0,92.5,25.0,100.0,0.0,0.0,0.0,Yes,No,No,No,No,Yes,No,0,0,0,0,0,0,0,0,0,0,0,0,0,0,0,0,0,0,0,0,0,0,0,0,0,0,0,0,0,0,617,7571,7338,567,16.0,64,0.300,13.099,600.0,997.0,0.1,0.0,0.0,0.0,0.0,0.0,0.0,0.0,0.8,127,16065,127,No,No,No,No,No,No,No,No,16.746,68.277,100.0,0.000,24.1,0,0,0,0.0,3.9,176.1,2.0,1.9,1.9,1.9,3.6,27.9,1.9,1.9,1.9,1.9,258.14,510.60,5.68,1.04,515.75,515.75,0.34,257.83,258.14,0.00,447.46,651,9,0.4,0.0,0,0,0.0,0.0,0,
9.6.2026,14:12:7.446,23722,25045,48.6,14134,18249,43.6,10.5,16384,1721,1.196,1.183,1.191,1.176,1.171,1.176,1.183,1.213,1.223,1.204,1.224,1.204,1.184,1.225,1.185,1.101,0.781,2465.4,2294.4,4688.5,4688.5,4688.5,4688.5,4688.5,1097.3,1097.3,1097.3,1097.3,1097.3,1097.3,1097.3,1097.3,99.8,4090.0,320.5,73.7,484.4,52.7,0.1,6.2,1273.8,4312.7,0.2,22.0,0.1,2.9,0.1,1.9,103.7,50.0,11.1,12.5,0.5,0.5,0.5,399.7,8.5,3.6,17.9,3.4,0.0,2.8,33.2,90.2,0.0,0.9,0.0,0.4,0.0,0.4,9.2,4.6,1.2,1.4,0.3,0.3,1.1,90.2,8.5,100.0,12.6,3.1,20.3,2.3,0.0,0.6,50.5,164.2,0.0,0.9,0.0,0.1,0.0,0.1,5.6,2.7,0.6,0.7,0.0,0.0,0.0,12.6,24.7,23.0,47.0,47.0,47.0,47.0,47.0,11.0,11.0,11.0,11.0,11.0,11.0,11.0,11.0,41.0,60,62,61,62,64,59,59,60,60,60,60,60,60,60,60,40,38,39,38,36,41,41,40,40,40,40,40,40,40,40,72,64,No,No,No,No,No,No,No,No,No,No,No,No,No,No,No,No,No,No,No,No,No,No,No,No,No,No,No,No,No,No,No,No,No,No,No,No,No,No,No,No,No,No,No,No,No,No,No,No,72,64,64,1.100,5.906,13.665,7.946,0.001,4.417,0.432,175.0,175.0,175.0,175.0,0,0.0,8.1,3.3,17.4,2.4,0.0,0.2,32.8,90.1,0.0,0.6,0.0,0.1,0.0,0.1,8.9,4.3,0.8,1.1,0.0,0.0,0.1,8.2,41.5,6.3,57.3,9.4,0.0,0.0,0.0,0.0,0.0,0.0,0.0,0.0,0.0,0.0,56.0,0.0,0.0,0.6,0.0,0.0,0.0,99.8,90.8,95.5,99.0,98.7,99.8,99.8,99.8,54.6,33.5,89.7,5.3,0.0,99.2,99.8,997.6,10.00,22,15,15,28,103,160,2,2,Yes,No,No,No,No,No,No,No,No,No,Yes,No,No,Yes,No,No,No,No,No,No,No,Yes,No,No,No,No,No,Yes,No,No,No,No,No,No,No,Yes,No,No,85.0,3600,3000,3480,56.8,1.110,1.110,1.800,1.815,1.005,5.110,0.625,No,No,No,57.5,1.110,1.110,1.800,1.815,1.005,5.110,0.625,No,No,No,45,45,94.0,100.0,No,No,32158,47983,38,70,99.0,100.0,No,No,1844,3246,0.0,1.2,1.2,0.000,0.033,92426,51393,0.0,0.0,0.0,0.000,0.000,164001,82786,69.7,76.0,74.8,83.0,0.875,20.651,20.635,20.667,61.356,31.581,39.046,24.411,63.531,3.000,27.409,32.157,31.516,100.000,140.000,2250.0,2150.2,1890.0,2235.5,1905.0,95.0,64.0,0.0,0.0,92.5,24.9,99.5,0.0,0.0,0.0,Yes,No,No,No,No,Yes,No,0,0,0,0,0,0,0,0,0,0,0,0,0,0,0,0,0,0,0,0,0,0,0,0,0,0,0,0,0,0,617,7571,7338,567,16.0,64,0.300,13.245,600.0,2394.0,0.1,0.0,0.0,0.0,0.0,0.0,0.0,0.0,0.8,127,16065,127,No,No,No,No,No,No,No,No,16.746,68.277,100.0,0.000,24.1,0,0,0,0.0,2.3,3.1,1.8,1.8,1.8,1.8,2.3,3.3,1.7,1.7,1.7,1.7,442.29,558.98,325.60,323.45,561.36,561.36,0.88,441.09,442.29,0.00,366.46,651,9,1.5,0.4,0,0,0.0,0.0,0,
9.6.2026,14:12:9.441,23725,25043,48.6,14132,18252,43.6,10.5,16384,1721,1.105,1.195,1.191,1.166,1.166,0.771,0.775,0.775,1.210,1.225,1.207,1.187,1.227,1.187,1.187,1.101,0.781,1589.0,1396.6,4688.5,1396.6,4688.5,798.0,798.0,798.0,1097.3,1097.3,1097.3,1097.3,1097.3,1097.3,1097.3,99.8,4090.0,313.3,66.4,374.9,53.5,0.1,7.4,1423.1,4192.1,0.2,29.1,0.1,5.2,0.1,14.9,48.0,42.3,7.7,0.4,0.4,0.4,0.5,391.6,9.2,3.0,13.5,2.2,24.9,2.1,36.9,87.4,0.4,1.2,0.4,0.5,0.4,1.7,3.6,4.0,1.0,0.4,0.4,0.4,0.4,87.4,9.2,100.0,12.2,2.7,15.6,2.3,0.0,0.7,55.9,159.7,0.0,1.2,0.0,0.2,0.0,0.8,2.6,2.3,0.4,0.0,0.0,0.0,0.0,12.2,15.9,14.0,47.0,14.0,47.0,8.0,8.0,8.0,11.0,11.0,11.0,11.0,11.0,11.0,11.0,41.0,60,62,61,60,66,59,59,60,60,60,60,58,58,58,58,40,38,39,40,34,41,41,40,40,40,40,42,42,42,42,74,66,No,No,No,No,No,No,No,No,No,No,No,No,No,No,No,No,No,No,No,No,No,No,No,No,No,No,No,No,No,No,No,No,No,No,No,No,No,No,No,No,No,No,No,No,No,No,No,No,74,66,64,1.100,6.750,13.090,7.404,0.001,4.361,0.428,175.0,175.0,175.0,175.0,0,0.0,7.7,3.3,13.6,2.6,0.0,0.3,37.0,87.3,0.0,0.8,0.0,0.1,0.0,1.3,4.0,3.7,0.6,0.0,0.0,0.0,0.0,6.4,22.7,2.9,52.8,11.7,0.0,0.0,0.0,0.0,0.0,0.0,0.0,0.0,0.0,0.0,56.4,0.0,0.0,1.0,0.1,0.0,0.0,98.6,95.6,96.2,99.3,99.8,99.8,99.8,99.8,59.0,56.3,93.4,5.4,0.2,98.8,99.7,2194.6,22.00,32,32,32,62,103,351,2,2,Yes,No,No,No,No,No,No,No,No,No,Yes,No,No,Yes,No,No,No,No,No,No,No,Yes,No,No,No,No,No,Yes,No,No,No,No,No,No,No,Yes,No,No,84.0,3600,3000,3420,56.8,1.110,1.110,1.800,1.815,1.005,5.110,0.625,No,No,No,57.5,1.110,1.110,1.800,1.815,1.005,5.110,0.875,No,No,No,45,45,94.0,100.0,No,No,32158,47983,38,70,99.0,100.0,No,No,1844,3246,0.0,0.8,0.8,0.000,0.025,92426,51393,0.0,0.0,0.0,0.000,0.000,164001,82786,69.9,76.0,74.9,83.0,0.875,20.666,20.651,20.680,61.774,28.186,35.215,22.654,57.945,3.000,25.640,31.247,21.604,100.000,140.000,2250.0,2150.2,1890.0,2235.0,1905.0,94.0,62.0,0.0,0.0,92.5,25.0,99.9,0.0,0.0,0.0,Yes,No,No,No,No,Yes,No,0,0,0,0,0,0,0,0,0,0,0,0,0,0,0,0,0,0,0,0,0,0,0,0,0,0,0,0,0,0,617,7571,7338,567,16.0,64,0.300,13.036,550.0,997.0,0.1,0.0,0.0,0.0,0.0,0.0,0.0,0.0,0.8,127,16065,127,No,No,No,No,No,No,No,No,16.746,68.277,100.0,0.000,24.1,0,0,0,0.0,3.4,121.7,2.0,2.0,2.0,2.0,3.3,26.8,1.9,1.9,1.9,1.9,298.49,507.37,8.22,1.30,509.86,509.86,0.54,297.68,298.49,0.00,443.78,651,9,0.0,0.0,0,0,0.0,0.0,0,
9.6.2026,14:12:11.448,23712,25056,48.6,14134,18250,43.6,10.5,16384,1721,1.191,1.211,1.176,1.176,1.182,1.142,1.181,1.206,1.206,1.201,1.216,1.216,1.181,1.194,1.194,1.101,0.781,3291.9,4688.5,4688.5,4688.5,4688.5,1396.6,4688.5,1097.3,1097.3,3591.2,3591.2,3591.2,1097.3,3591.2,3591.2,99.8,4090.0,310.3,76.1,333.9,19.5,0.2,7.4,1493.8,4155.9,0.2,1.9,0.1,0.6,0.1,2.2,61.6,43.7,5.7,0.6,0.6,0.5,0.6,387.7,10.8,3.5,12.4,1.2,38.0,0.0,38.8,86.7,27.4,0.0,0.0,0.0,0.0,0.0,5.3,3.1,0.0,0.0,0.0,0.0,0.0,86.7,10.8,100.0,12.1,3.1,13.8,0.9,0.0,0.8,58.6,158.3,0.0,0.1,0.0,0.0,0.0,0.1,3.4,2.4,0.3,0.1,0.1,0.0,0.1,12.1,33.0,47.0,47.0,47.0,47.0,14.0,47.0,11.0,11.0,36.0,36.0,36.0,11.0,36.0,36.0,41.0,61,62,61,68,62,59,59,59,59,59,59,60,60,60,61,39,38,39,32,38,41,41,41,41,41,41,40,40,40,39,74,68,No,No,No,No,No,No,No,No,No,No,No,No,No,No,No,No,No,No,No,No,No,No,No,No,No,No,No,No,No,No,No,No,No,No,No,No,No,No,No,No,No,No,No,No,No,No,No,No,72,64,64,1.100,8.438,12.962,7.290,0.001,4.356,0.427,175.0,175.0,175.0,175.0,0,0.0,7.6,3.4,12.2,1.0,0.0,0.3,38.5,86.6,0.0,0.1,0.0,0.0,0.0,0.1,5.1,3.7,0.5,0.0,0.0,0.0,0.0,7.0,31.9,2.0,52.0,12.5,0.0,0.0,0.0,0.0,0.0,0.0,0.0,0.0,0.0,0.0,56.5,0.0,0.0,1.7,0.1,0.0,0.0,99.8,94.5,96.2,99.4,99.8,99.9,99.9,99.9,58.3,49.3,96.3,4.4,0.2,99.8,99.8,1795.6,18.00,26,26,26,51,103,287,2,2,Yes,No,No,No,No,No,No,No,No,No,Yes,No,No,Yes,No,No,No,No,No,No,No,Yes,No,No,No,No,No,Yes,No,No,No,No,No,No,No,Yes,No,No,84.0,3600,3120,3480,56.8,1.110,1.110,1.800,1.815,1.005,5.110,0.500,No,No,No,57.5,1.110,1.110,1.800,1.815,1.005,5.110,0.625,No,No,No,45,45,94.0,100.0,No,No,32158,47983,38,70,99.0,100.0,No,No,1844,3246,0.0,1.1,1.1,0.000,0.019,92426,51393,0.0,0.0,0.0,0.000,0.000,164001,82786,69.4,76.0,74.5,83.0,0.875,20.657,20.640,20.674,62.785,29.353,39.746,23.860,63.677,3.000,26.869,15.837,32.479,100.000,140.000,2250.0,2150.2,1890.0,2235.1,1905.0,79.0,20.0,0.0,1.0,92.5,25.0,100.0,0.0,0.0,0.0,Yes,No,No,No,No,Yes,No,0,0,0,0,0,0,0,0,0,0,0,0,0,0,0,0,0,0,0,0,0,0,0,0,0,0,0,0,0,0,617,7571,7338,567,16.0,64,0.300,12.553,600.0,2194.0,0.1,0.0,0.0,0.0,0.0,0.0,0.0,0.0,0.8,127,16065,127,No,No,No,No,No,No,No,No,16.746,68.277,100.0,0.000,24.1,0,0,0,0.0,4.0,185.1,2.0,2.0,2.0,2.0,3.7,28.2,2.0,1.9,1.9,1.9,249.83,494.25,5.40,0.91,499.24,499.24,0.95,249.13,249.83,0.00,474.85,651,9,0.0,0.0,0,0,0.0,0.0,0,
9.6.2026,14:12:13.444,23722,25046,48.6,14201,18183,43.8,10.5,16384,1721,1.178,1.199,1.177,1.174,1.164,1.169,1.179,1.164,1.170,1.170,1.170,1.185,1.174,1.199,1.199,1.101,0.781,1931.0,1396.6,1396.6,4688.5,4688.5,1396.6,4688.5,1097.3,1097.3,1097.3,1097.3,1097.3,1097.3,1097.3,1097.3,99.8,4090.0,331.7,72.8,394.3,292.3,0.3,477.8,1033.4,3925.2,0.3,89.2,0.2,6.8,0.2,9.3,101.0,156.5,68.0,4.2,0.5,0.5,0.6,414.2,9.3,3.7,15.3,13.6,0.0,15.3,0.0,82.9,20.8,4.1,0.0,0.0,0.5,0.6,8.1,15.1,5.8,0.1,0.0,0.0,0.0,82.9,9.3,100.0,13.2,2.9,16.9,12.6,0.0,19.4,40.5,150.0,0.0,3.6,0.0,0.3,0.0,0.5,5.5,8.4,3.7,0.3,0.1,0.1,0.1,13.2,19.4,14.0,14.0,47.0,47.0,14.0,47.0,11.0,11.0,11.0,11.0,11.0,11.0,11.0,11.0,41.0,60,61,63,62,64,59,59,60,60,60,60,60,60,58,58,40,39,37,38,36,41,41,40,40,40,40,40,40,42,42,72,64,No,No,No,No,No,No,No,No,No,No,No,No,No,No,No,No,No,No,No,No,No,No,No,No,No,No,No,No,No,No,No,No,No,No,No,No,No,No,No,No,No,No,No,No,No,No,No,No,72,66,64,1.100,10.969,12.768,7.111,0.001,4.347,0.426,175.0,175.0,175.0,175.0,0,0.0,9.3,3.1,15.9,13.0,0.0,12.9,24.7,82.6,0.0,3.6,0.0,0.2,0.0,0.8,8.9,13.9,6.0,0.3,0.1,0.1,0.1,9.5,30.3,24.2,56.1,16.0,6.1,0.0,0.0,0.0,0.0,0.0,0.0,0.0,0.0,0.0,55.0,0.4,0.0,1.7,0.3,0.1,0.0,99.0,90.7,85.7,93.8,99.5,99.8,99.8,99.8,49.2,46.7,58.6,1.2,0.1,89.2,99.5,997.6,10.00,22,15,15,28,103,160,2,2,Yes,No,No,No,No,No,No,No,No,No,Yes,No,No,Yes,No,No,No,No,No,No,No,Yes,No,No,No,No,No,Yes,No,No,No,No,No,No,No,Yes,No,No,85.0,3660,3060,3480,56.8,1.110,1.110,1.800,1.815,1.005,5.110,0.500,No,No,No,57.5,1.110,1.110,1.800,1.815,1.005,5.110,0.500,No,No,No,45,45,94.0,100.0,No,No,32158,47983,38,70,99.0,100.0,No,No,1844,3246,0.0,0.9,0.9,0.000,0.025,92426,51393,0.0,0.0,0.0,0.000,0.000,164001,82786,69.5,76.0,74.6,83.0,0.875,20.659,20.646,20.673,60.096,26.393,37.025,22.814,59.930,3.000,25.805,9.123,27.054,100.000,140.000,2250.0,2150.2,1890.0,2237.4,1905.0,90.0,53.0,0.0,1.0,92.5,24.2,96.7,0.0,0.0,0.0,Yes,No,No,No,No,Yes,No,0,0,0,0,0,0,0,0,0,0,0,0,0,0,0,0,0,0,0,0,0,0,0,0,0,0,0,0,0,0,617,7571,7338,567,16.0,65,0.300,14.602,600.0,1795.0,0.1,0.0,0.0,0.0,0.0,0.0,0.0,0.0,0.8,127,16065,127,No,No,No,No,No,No,No,No,16.746,68.277,100.0,0.000,24.1,0,0,0,0.0,3.4,138.4,1.8,1.8,1.8,1.8,3.4,27.7,1.8,1.7,1.7,1.7,297.53,550.60,7.23,1.17,554.95,554.95,0.62,296.96,297.53,0.00,286.19,651,9,0.1,0.1,0,0,0.0,0.0,0,
9.6.2026,14:12:15.434,23711,25057,48.6,14215,18168,43.8,10.5,16384,1721,1.200,1.218,1.182,1.182,1.172,1.178,1.178,1.213,1.213,1.186,1.186,1.221,1.221,1.221,1.221,1.101,0.783,3427.3,4688.5,798.0,4688.5,4688.5,4688.5,4688.5,3591.2,3591.2,1097.3,1097.3,3591.2,3591.2,3591.2,3591.2,99.8,4090.0,302.3,60.7,0.2,384.8,0.3,1345.8,0.4,3990.6,0.3,56.4,0.3,43.4,0.2,20.2,6.7,52.9,68.6,12.2,0.6,0.6,0.7,377.0,11.0,2.5,0.4,13.2,17.1,32.0,6.2,84.6,23.0,2.2,23.5,2.3,0.4,1.2,0.2,3.4,6.8,0.6,0.0,0.0,0.4,84.6,11.0,100.0,11.9,2.4,0.0,16.2,0.0,54.2,0.0,153.2,0.0,2.2,0.0,1.7,0.0,1.1,0.4,2.9,3.7,0.7,0.1,0.1,0.1,11.9,34.4,47.0,8.0,47.0,47.0,47.0,47.0,36.0,36.0,11.0,11.0,36.0,36.0,36.0,36.0,41.0,61,62,65,59,72,61,59,60,60,60,60,60,60,60,60,39,38,35,41,28,39,41,40,40,40,40,40,40,40,40,74,72,No,No,No,No,No,No,No,No,No,No,No,No,No,No,No,No,No,No,No,No,No,No,No,No,No,No,No,No,No,No,No,No,No,No,No,No,No,No,No,No,No,No,No,No,No,No,No,No,72,66,64,1.100,7.594,14.470,8.736,0.001,4.419,0.432,175.0,175.0,175.0,175.0,0,0.0,7.4,2.9,0.0,13.4,0.0,32.4,0.0,84.1,0.0,1.9,0.0,1.2,0.0,1.6,0.6,3.8,5.7,1.0,0.0,0.0,0.1,8.1,0.0,39.1,56.4,13.4,1.8,2.5,0.0,0.0,0.0,0.0,0.0,0.0,0.0,0.0,56.2,0.0,0.0,0.5,0.6,0.0,0.0,98.2,99.3,95.7,94.1,98.8,99.8,99.8,99.8,56.4,96.8,43.9,6.4,0.3,95.3,95.7,2394.1,24.00,36,35,35,68,103,383,2,2,Yes,No,No,No,No,No,No,No,No,No,Yes,No,No,Yes,No,No,No,No,No,No,No,Yes,No,No,No,No,No,Yes,No,No,No,No,No,No,No,Yes,No,No,86.0,3600,3060,3420,56.8,1.110,1.110,1.800,1.815,1.005,5.110,0.500,No,No,No,57.5,1.110,1.110,1.800,1.815,1.005,5.110,0.500,No,No,No,45,45,94.0,100.0,No,No,32158,47983,38,70,99.0,100.0,No,No,1844,3246,0.0,1.4,1.4,0.000,0.114,92426,51393,0.0,0.0,0.0,0.000,0.000,164001,82786,70.0,74.0,75.1,83.0,0.875,20.686,20.669,20.704,58.210,25.572,37.422,18.478,55.962,3.000,21.473,9.184,33.485,100.000,140.000,2250.0,2150.2,1890.0,2236.7,1905.0,86.0,51.0,0.0,0.0,92.5,24.9,99.5,0.0,0.0,0.0,Yes,No,No,No,No,Yes,No,0,0,0,0,0,0,0,0,0,0,0,0,0,0,0,0,0,0,0,0,0,0,0,0,0,0,0,0,0,0,617,7571,7338,567,16.0,64,0.300,13.120,550.0,997.0,0.1,0.0,0.0,0.0,0.0,0.0,0.0,0.0,0.8,127,16065,127,No,No,No,No,No,No,No,No,16.746,68.277,100.0,0.000,24.1,0,0,0,0.0,3.6,6.4,2.5,2.5,2.5,2.5,3.5,5.5,2.5,2.5,2.5,2.5,274.45,393.54,155.35,153.17,395.97,395.97,0.95,273.20,274.45,0.00,409.13,651,9,0.3,0.0,0,0,0.0,0.0,0,
9.6.2026,14:12:17.438,23717,25051,48.6,14239,18145,43.9,10.5,16384,1721,1.204,1.209,1.186,1.191,1.181,1.188,1.199,1.214,1.214,1.213,1.195,1.230,1.201,1.231,1.207,1.101,0.783,2166.1,4688.5,1396.6,4688.5,4688.5,1396.6,4688.5,1097.3,1097.3,1097.3,1097.3,1097.3,1097.3,1097.3,1097.3,99.8,4090.0,300.0,75.1,0.1,253.3,0.2,1093.9,0.2,4341.3,0.2,52.8,0.1,39.1,0.2,11.4,6.6,64.8,42.5,16.0,0.5,0.4,0.5,373.9,8.5,3.6,0.0,11.5,0.0,27.4,19.3,91.3,0.0,1.7,0.0,0.9,0.0,1.3,1.0,5.3,3.5,1.9,0.5,0.5,0.0,91.3,8.5,100.0,11.9,3.1,0.0,11.0,0.0,45.7,0.0,166.6,0.0,2.3,0.0,1.6,0.0,0.6,0.4,3.4,2.1,0.9,0.1,0.0,0.1,11.9,21.7,47.0,14.0,47.0,47.0,14.0,47.0,11.0,11.0,11.0,11.0,11.0,11.0,11.0,11.0,41.0,61,61,63,61,64,59,59,61,61,61,61,60,60,60,60,39,39,37,39,36,41,41,39,39,39,39,40,40,40,40,74,64,No,No,No,No,No,No,No,No,No,No,No,No,No,No,No,No,No,No,No,No,No,No,No,No,No,No,No,No,No,No,No,No,No,No,No,No,No,No,No,No,No,No,No,No,No,No,No,No,72,64,64,1.100,5.906,12.553,6.867,0.001,4.368,0.428,175.0,175.0,175.0,175.0,0,0.0,7.4,3.8,0.0,11.0,0.0,27.2,0.0,90.4,0.0,2.0,0.0,2.0,0.0,0.9,0.6,5.0,3.4,1.4,0.1,0.0,0.1,7.6,1.9,31.0,64.2,8.5,1.2,0.0,0.0,0.0,0.0,0.0,0.0,0.0,0.0,0.0,56.2,0.0,0.0,0.1,0.0,0.0,0.0,99.0,99.3,94.6,96.4,98.4,99.8,99.8,99.8,57.3,93.4,53.8,3.4,0.0,95.5,97.5,1795.6,18.00,26,26,26,51,103,287,2,2,Yes,No,No,No,No,No,No,No,No,No,Yes,No,No,Yes,No,No,No,No,No,No,No,Yes,No,No,No,No,No,Yes,No,No,No,No,No,No,No,Yes,No,No,85.0,3600,3000,3420,56.8,1.110,1.110,1.815,1.815,1.005,5.110,0.625,No,No,No,57.5,1.110,1.110,1.800,1.815,1.005,5.110,0.750,No,No,No,44,44,94.0,100.0,No,No,32158,47983,37,70,99.0,100.0,No,No,1844,3246,0.0,1.0,1.0,0.000,0.031,92426,51393,0.0,0.0,0.0,0.000,0.000,164001,82786,68.6,74.0,73.8,83.0,0.875,20.658,20.643,20.673,62.211,32.368,38.340,23.905,62.330,3.000,26.896,36.011,36.092,100.000,140.000,2250.0,2150.2,1890.0,2234.7,1905.0,82.0,45.0,0.0,0.0,92.5,24.9,99.7,0.0,0.0,0.0,Yes,No,No,No,No,Yes,No,0,0,0,0,0,0,0,0,0,0,0,0,0,0,0,0,0,0,0,0,0,0,0,0,0,0,0,0,0,0,617,7571,7338,567,16.0,64,0.300,13.228,550.0,2394.0,0.1,0.0,0.0,0.0,0.0,0.0,0.0,0.0,0.8,127,16065,127,No,No,No,No,No,No,No,No,16.746,68.277,100.0,0.000,24.1,0,0,0,0.0,4.1,10.4,2.6,2.5,2.5,2.5,3.9,8.2,2.6,2.5,2.5,2.5,243.20,390.46,95.94,93.24,393.46,393.46,0.96,242.02,243.20,0.00,440.21,651,9,0.6,0.3,0,0,0.0,0.0,0,
9.6.2026,14:12:19.459,23715,25052,48.6,14250,18134,44.0,10.5,16384,1721,1.180,1.163,1.160,1.176,1.166,1.166,1.146,1.191,1.201,1.207,1.187,1.187,1.187,1.202,1.187,1.063,0.783,2729.0,4489.0,1396.6,4688.5,4688.5,4688.5,4489.0,3591.2,1097.3,3591.2,1097.3,1097.3,1097.3,1097.3,1097.3,99.8,3890.5,308.6,64.7,0.1,553.8,0.2,1293.6,0.2,4039.9,0.2,92.8,0.1,4.5,0.1,3.6,3.0,66.0,46.3,0.5,0.5,0.5,0.5,385.6,7.7,3.2,0.4,19.5,0.0,30.7,0.0,87.4,0.0,3.0,0.0,0.6,0.4,0.7,0.7,3.7,2.2,0.5,0.5,0.5,0.5,87.4,7.7,100.0,12.2,2.5,0.0,23.1,0.0,52.6,0.0,154.9,0.0,3.7,0.0,0.2,0.0,0.2,0.2,3.7,2.7,0.0,0.0,0.0,0.1,12.2,27.4,45.0,14.0,47.0,47.0,47.0,45.0,36.0,11.0,36.0,11.0,11.0,11.0,11.0,11.0,39.0,61,61,63,60,66,59,59,60,60,60,60,60,60,60,60,39,39,37,40,34,41,41,40,40,40,40,40,40,40,40,72,66,No,No,No,No,No,No,No,No,No,No,No,No,No,No,No,No,No,No,No,No,No,No,No,No,No,No,No,No,No,No,No,No,No,No,No,No,No,No,No,No,No,No,No,No,No,No,No,No,72,66,64,1.100,10.125,13.724,8.040,0.001,4.376,0.428,175.0,175.0,175.0,175.0,0,0.0,7.6,2.7,0.0,19.4,0.0,31.1,0.0,86.8,0.0,2.6,0.0,0.1,0.0,0.2,0.3,4.5,3.0,0.1,0.0,0.0,0.1,9.0,0.4,47.5,63.7,12.1,2.7,0.0,0.0,0.0,0.2,0.0,0.0,0.0,0.0,0.0,56.5,0.0,0.2,0.3,0.0,0.0,0.0,99.6,99.6,94.9,96.8,99.8,99.8,99.8,99.8,53.3,96.6,28.9,0.8,0.0,93.6,99.7,997.6,10.00,22,15,15,28,103,160,2,2,Yes,No,No,No,No,No,No,No,No,No,Yes,No,No,Yes,No,No,No,No,No,No,No,Yes,No,No,No,No,No,Yes,No,No,No,No,No,No,No,Yes,No,No,85.0,3600,2940,3420,56.8,1.110,1.110,1.815,1.815,1.005,5.110,0.625,No,No,No,57.2,1.110,1.110,1.815,1.815,1.005,5.110,0.750,No,No,No,45,45,94.0,100.0,No,No,32158,47983,37,70,99.0,100.0,No,No,1844,3246,0.0,1.2,1.2,0.000,0.039,92426,51393,0.0,0.0,0.0,0.000,0.000,164001,82786,69.5,76.0,74.4,83.0,0.875,20.657,20.641,20.674,57.994,28.329,38.283,24.852,63.199,3.000,27.840,8.746,32.386,100.000,140.000,2250.0,2150.2,1890.0,2234.6,1905.0,77.0,36.0,0.0,0.0,92.5,24.9,99.7,0.0,0.0,0.0,Yes,No,No,No,No,Yes,No,0,0,0,0,0,0,0,0,0,0,0,0,0,0,0,0,0,0,0,0,0,0,0,0,0,0,0,0,0,0,617,7571,7338,567,16.0,64,0.300,13.613,600.0,1795.0,0.1,0.0,0.0,0.0,0.0,0.0,0.0,0.0,0.8,127,16065,127,No,No,No,No,No,No,No,No,16.746,68.277,100.0,0.000,24.1,0,0,0,0.0,4.2,192.7,2.1,2.1,2.1,2.1,4.1,29.1,2.2,2.2,2.2,2.2,237.39,469.59,5.19,0.92,474.33,474.33,0.69,236.83,237.39,0.00,402.47,651,9,0.0,0.2,0,0,0.0,0.0,0,
9.6.2026,14:12:21.434,23726,25042,48.6,14336,18048,44.2,10.5,16384,1721,1.175,1.158,1.183,1.183,1.172,1.132,1.147,1.177,1.177,1.162,1.208,1.186,1.196,1.176,1.196,1.101,0.781,1916.7,1396.6,1396.6,4688.5,4688.5,1396.6,4489.0,1097.3,1097.3,1097.3,1097.3,1097.3,1097.3,1097.3,1097.3,99.8,4090.0,379.3,147.8,0.2,835.5,0.2,1498.8,0.3,3833.9,0.2,99.7,0.2,59.2,0.1,138.0,53.4,404.3,436.1,19.5,29.7,21.0,8.0,469.3,15.1,7.8,0.0,42.2,27.2,37.7,0.0,82.4,0.0,3.3,0.0,3.7,0.0,12.2,4.5,36.6,38.2,1.6,2.5,1.8,0.0,82.4,15.1,100.0,15.9,6.6,0.0,36.9,0.0,61.9,0.0,146.9,0.0,4.4,0.0,2.4,0.0,7.5,2.9,21.7,23.3,1.1,1.6,1.1,0.5,15.9,19.2,14.0,14.0,47.0,47.0,14.0,45.0,11.0,11.0,11.0,11.0,11.0,11.0,11.0,11.0,41.0,61,63,63,67,58,59,59,61,61,61,61,60,60,60,60,39,37,37,33,42,41,41,39,39,39,39,40,40,40,40,74,67,No,No,No,No,No,No,No,No,No,No,No,No,No,No,No,No,No,No,No,No,No,No,No,No,No,No,No,No,No,No,No,No,No,No,No,No,No,No,No,No,No,No,No,No,No,No,No,No,72,67,64,1.100,10.125,13.535,7.864,0.001,4.360,0.428,175.0,175.0,175.0,175.0,0,0.0,13.7,7.8,0.0,41.6,0.0,37.6,0.0,82.2,0.0,3.5,0.0,3.1,0.0,12.2,4.6,35.9,39.0,1.7,2.6,1.9,0.7,9.4,13.7,39.9,54.4,16.5,7.1,0.0,0.0,0.0,0.0,0.0,0.0,0.0,0.0,0.0,49.9,0.0,0.0,0.4,0.1,0.0,0.0,87.2,95.1,63.1,60.2,98.0,97.2,98.0,99.2,44.4,75.5,8.1,1.0,0.0,86.2,95.4,997.6,10.00,22,15,15,28,103,160,2,2,Yes,No,No,No,No,No,No,No,No,No,Yes,No,No,Yes,No,No,No,No,No,No,No,Yes,No,No,No,No,No,Yes,No,No,No,No,No,No,No,Yes,No,No,84.0,3540,2940,3420,56.8,1.110,1.110,1.815,1.815,0.990,5.110,0.875,No,No,No,57.2,1.110,1.110,1.815,1.815,0.990,5.110,0.875,No,No,No,44,44,94.0,100.0,No,No,32158,47983,38,70,99.0,100.0,No,No,1844,3246,0.0,3.3,3.3,0.000,5.368,92426,51404,0.0,0.0,0.0,0.000,0.000,164001,82786,69.5,76.0,74.3,83.0,0.875,20.675,20.663,20.687,59.956,27.398,32.808,21.241,54.118,3.000,24.223,26.906,29.489,100.000,140.000,2250.0,2150.2,1890.0,2234.5,1905.0,88.0,50.0,0.0,0.0,92.5,24.7,98.9,0.0,0.0,0.0,Yes,No,No,No,No,Yes,No,0,0,0,0,0,0,0,0,0,0,0,0,0,0,0,0,0,0,0,0,0,0,0,0,0,0,0,0,0,0,617,7571,7338,567,16.0,63,0.300,14.836,600.0,997.0,0.1,0.0,0.0,0.0,0.0,0.0,0.0,0.0,0.8,127,16065,127,No,No,No,No,No,No,No,No,16.746,68.277,100.0,0.000,24.1,0,0,0,0.0,5.4,274.7,2.5,2.5,2.5,2.5,5.0,29.5,2.6,2.5,2.5,2.5,186.11,392.96,3.64,0.77,397.71,397.71,0.50,185.58,186.11,0.00,185.38,651,9,0.1,0.1,0,0,0.0,0.0,0,
9.6.2026,14:12:23.444,24045,24723,49.3,15239,17145,47.0,10.5,16384,1721,0.973,0.975,0.971,0.971,0.971,0.971,0.971,0.971,0.966,0.966,0.966,0.978,0.974,0.981,0.988,0.898,0.783,3349.0,3691.0,3691.0,3691.0,3691.0,3691.0,3691.0,3092.4,3092.4,3092.4,3092.4,3092.4,3092.4,3092.4,3092.4,99.8,3092.4,841.0,730.7,529.5,1059.9,558.6,1844.7,625.7,3722.0,631.4,742.1,591.5,740.0,556.2,529.3,532.7,612.8,586.1,566.7,565.6,555.6,539.1,912.1,30.5,20.0,52.2,33.1,15.3,45.7,55.5,82.1,47.3,19.2,55.1,18.8,15.2,18.0,18.5,22.9,21.6,18.0,17.6,17.3,16.9,82.1,30.5,100.0,35.2,28.2,20.2,42.1,21.3,72.9,23.9,142.6,24.0,28.5,22.5,28.3,21.2,28.2,28.3,32.5,30.2,28.3,28.1,27.5,26.0,35.2,33.6,37.0,37.0,37.0,37.0,37.0,37.0,31.0,31.0,31.0,31.0,31.0,31.0,31.0,31.0,31.0,70,73,69,74,72,70,71,70,70,70,69,68,68,68,68,30,27,31,26,28,30,29,30,30,30,31,32,32,32,32,76,74,No,No,No,No,No,No,No,No,No,No,No,No,No,No,No,No,No,No,No,No,No,No,No,No,No,No,No,No,No,No,Yes,Yes,Yes,Yes,Yes,Yes,Yes,Yes,Yes,Yes,Yes,Yes,Yes,Yes,Yes,No,No,Yes,77,74,64,1.100,54.001,15.373,9.641,0.001,4.445,0.432,175.0,175.0,175.0,175.0,0,0.0,22.8,19.7,13.9,32.7,14.5,45.6,16.0,81.6,16.1,19.1,15.3,18.7,14.5,17.2,17.7,22.7,20.2,18.4,18.0,17.8,17.1,6.8,3.1,33.5,41.3,13.0,4.1,0.0,0.0,0.0,0.0,0.0,0.0,0.0,0.0,0.0,46.7,0.0,1.4,2.1,2.7,0.0,1.4,82.2,81.7,76.6,79.2,81.0,81.5,81.7,82.5,43.8,75.6,27.7,5.7,0.7,74.4,78.8,2394.1,24.00,36,35,35,68,103,383,2,2,Yes,No,No,No,No,No,No,No,No,Yes,Yes,No,No,Yes,No,No,No,No,No,No,No,Yes,No,No,No,No,No,Yes,No,No,No,No,No,No,No,Yes,No,No,84.0,3600,2940,3420,56.5,1.110,1.110,1.815,1.815,0.990,5.110,0.750,No,No,No,57.2,1.110,1.110,1.815,1.815,0.990,5.110,1.250,No,No,No,44,44,94.0,100.0,No,No,32158,47983,37,70,99.0,100.0,No,No,1844,3246,0.0,3.1,3.1,0.000,0.985,92426,51406,0.0,0.0,0.0,0.000,0.000,164001,82786,61.3,70.0,68.3,83.0,0.875,20.604,20.608,20.600,37.826,9.819,9.896,8.862,18.767,3.000,11.872,8.149,8.185,100.000,140.000,2250.0,2150.2,1890.0,2243.2,1905.0,1.0,0.0,0.0,0.0,85.7,20.8,83.2,0.0,0.0,0.0,Yes,No,No,No,No,Yes,No,0,0,0,0,0,0,0,0,0,0,0,0,0,0,0,0,0,0,0,0,0,0,0,0,0,0,0,0,0,0,1169,7019,6786,567,16.0,64,0.300,14.888,600.0,997.0,0.1,0.0,0.0,0.0,0.0,0.0,0.0,0.0,0.8,127,16065,127,No,No,No,No,No,No,No,No,16.746,68.277,100.0,0.000,24.1,0,0,0,0.0,7.0,3217.8,2.2,2.2,2.1,2.1,7.2,39.4,2.2,2.2,2.2,2.2,142.75,454.34,0.31,0.30,465.75,465.75,0.29,142.47,142.75,0.00,195.26,651,9,0.0,2.0,0,0,0.0,0.0,0,
9.6.2026,14:12:25.429,23919,24849,49.0,13998,18386,43.2,10.5,16384,1721,1.175,1.195,1.132,1.162,1.186,1.145,1.155,1.185,1.190,1.185,1.190,1.172,1.187,1.182,1.182,1.063,0.783,2436.9,4489.0,1396.6,1396.6,4688.5,1396.6,4489.0,1097.3,3591.2,1097.3,1097.3,3591.2,3591.2,1097.3,1097.3,99.8,3890.5,570.2,350.3,165.5,1296.5,179.1,2313.8,268.9,3733.6,414.1,659.7,172.0,492.0,184.3,155.3,158.4,229.4,237.5,95.8,93.3,107.1,97.8,688.1,14.7,9.2,3.0,55.4,0.0,54.7,0.0,81.5,6.7,17.3,0.0,13.1,0.0,4.8,5.1,10.9,12.6,3.9,3.9,5.9,5.7,81.5,14.7,100.0,23.7,13.7,6.5,52.6,7.0,90.6,10.5,142.9,16.0,25.9,6.7,19.3,7.2,8.4,8.6,12.5,13.8,7.4,7.4,8.1,8.4,23.7,24.4,45.0,14.0,14.0,47.0,14.0,45.0,11.0,36.0,11.0,11.0,36.0,36.0,11.0,11.0,39.0,62,62,64,63,64,62,60,61,61,61,61,61,61,61,60,38,38,36,37,36,38,40,39,39,39,39,39,39,39,40,74,64,No,No,No,No,No,No,No,No,No,No,No,No,No,No,No,No,No,No,No,No,No,No,No,No,No,No,No,No,No,No,No,No,No,No,No,No,No,No,No,No,No,No,No,No,No,No,No,No,74,65,64,1.100,10.969,23.438,17.149,0.001,4.781,0.577,175.0,175.0,175.0,175.0,0,0.0,15.7,9.2,4.4,53.6,4.6,54.6,6.5,81.2,9.5,17.3,4.4,13.0,4.8,5.5,5.7,10.7,12.6,3.3,3.2,5.2,4.5,9.4,9.8,22.8,33.8,12.0,23.0,11.5,4.5,1.7,2.2,4.0,2.1,2.4,2.3,0.0,53.4,2.5,3.1,4.5,0.4,5.2,4.9,89.7,92.3,86.5,83.1,94.3,94.2,92.3,95.3,35.0,76.1,14.2,1.6,0.0,50.5,67.8,2394.1,24.00,36,35,35,68,103,383,2,2,Yes,No,No,No,No,No,No,No,No,Yes,Yes,No,No,Yes,No,No,No,No,No,No,No,Yes,No,No,No,No,No,Yes,No,No,No,No,No,No,No,Yes,No,No,84.0,3600,2820,3420,56.8,1.095,1.110,1.815,1.815,0.990,5.110,0.625,No,No,No,57.5,1.110,1.110,1.815,1.815,0.990,5.110,0.500,No,No,No,44,44,94.0,100.0,No,No,32158,47983,37,70,99.0,100.0,No,No,1844,3246,0.0,1.1,1.1,0.000,0.250,92426,51406,0.0,0.0,0.0,0.000,0.000,164001,82786,61.3,68.0,67.8,83.0,0.875,20.757,20.759,20.754,25.397,10.798,13.016,9.093,22.124,3.000,12.104,8.091,8.162,100.000,140.000,2250.0,2150.2,1890.0,2199.7,1905.0,16.0,1.0,0.0,2.0,93.4,7.7,30.8,0.0,0.0,0.0,Yes,No,No,No,No,Yes,No,0,0,0,0,0,0,0,0,0,0,0,0,0,0,0,0,0,0,0,0,0,0,0,0,0,0,0,0,0,0,539,7649,7416,567,16.0,64,0.300,31.997,600.0,2394.0,0.1,0.0,0.0,0.0,0.0,0.0,0.0,0.0,0.8,127,16065,127,No,No,No,No,No,No,No,No,16.746,68.277,100.0,0.000,24.1,0,0,0,0.0,1.2,1.2,1.2,1.2,1.2,1.2,1.2,1.2,1.2,1.2,1.2,1.2,811.78,811.78,811.78,811.78,811.78,811.78,0.24,811.57,811.78,0.00,334.59,651,9,0.1,0.8,0,0,0.0,0.0,0,
9.6.2026,14:12:27.436,23811,24956,48.8,13987,18397,43.1,10.5,16384,1721,1.188,1.201,1.185,1.175,1.190,1.195,1.185,1.185,1.185,1.200,1.195,1.195,1.180,1.175,1.181,1.101,0.783,2878.7,4688.5,1396.6,4688.5,4688.5,4688.5,1396.6,3591.2,3591.2,3591.2,1097.3,1097.3,1097.3,3591.2,1097.3,99.8,4090.0,314.5,86.5,1.2,364.5,1.0,1369.0,1.7,4143.1,1.5,76.9,1.2,33.5,0.7,19.0,7.7,70.6,84.9,10.7,11.9,2.5,1.9,391.4,9.5,4.2,0.5,14.6,0.0,33.7,0.0,88.6,0.0,1.3,13.3,0.1,19.3,0.8,0.1,4.9,6.5,0.5,0.6,0.0,0.0,88.6,9.5,100.0,12.5,3.7,0.0,15.8,0.0,55.4,0.1,159.3,0.1,3.2,0.0,1.3,0.0,1.1,0.4,3.9,4.6,0.6,0.7,0.2,0.1,12.5,28.9,47.0,14.0,47.0,47.0,47.0,14.0,36.0,36.0,36.0,11.0,11.0,11.0,36.0,11.0,41.0,61,62,63,60,66,59,59,60,60,60,60,60,60,60,60,39,38,37,40,34,41,41,40,40,40,40,40,40,40,40,74,66,No,No,No,No,No,No,No,No,No,No,No,No,No,No,No,No,No,No,No,No,No,No,No,No,No,No,No,No,No,No,No,No,No,No,No,No,No,No,No,No,No,No,No,No,No,No,No,No,74,66,64,1.100,21.094,23.814,17.665,0.001,4.756,0.524,175.0,175.0,175.0,175.0,0,0.0,8.0,4.4,0.0,14.7,0.0,34.2,0.0,87.8,0.0,2.4,0.0,1.2,0.0,1.1,0.4,5.1,6.8,0.8,0.9,0.1,0.1,8.7,3.2,42.4,59.5,10.5,5.7,0.4,0.0,0.0,0.0,0.0,0.0,0.0,0.0,0.0,56.0,0.0,0.0,1.2,0.2,0.0,0.0,98.8,99.4,94.4,92.9,99.1,99.0,99.8,99.8,53.2,91.2,38.7,1.0,0.0,90.7,97.9,2394.1,24.00,36,35,35,68,103,383,2,2,Yes,No,No,No,No,No,No,No,No,No,Yes,No,No,Yes,No,No,No,No,No,No,No,Yes,No,No,No,No,No,Yes,No,No,No,No,No,No,No,Yes,No,No,84.0,3780,2760,3720,56.8,1.095,1.110,1.815,1.815,0.990,5.110,0.625,No,No,No,57.5,1.095,1.110,1.815,1.815,0.990,5.110,0.625,No,No,No,44,44,94.0,100.0,No,No,32158,47983,37,70,99.0,100.0,No,No,1844,3246,0.1,1.5,1.6,0.002,0.037,92426,51406,0.0,0.0,0.0,0.000,0.000,164001,82786,68.7,74.0,73.5,83.0,0.875,20.675,20.663,20.686,61.370,27.936,35.112,19.733,54.943,3.000,22.719,41.326,18.720,100.000,140.000,2250.0,2150.2,1890.0,2235.4,1905.0,78.0,44.0,0.0,0.0,93.4,25.0,100.0,0.0,0.0,0.0,Yes,No,No,No,No,Yes,No,0,0,0,0,0,0,0,0,0,0,0,0,0,0,0,0,0,0,0,0,0,0,0,0,0,0,0,0,0,0,539,7649,7416,567,16.0,64,0.300,14.726,550.0,2394.0,0.1,0.0,0.0,0.0,0.0,0.0,0.0,0.0,0.8,127,16065,127,No,No,No,No,No,No,No,No,16.746,68.277,100.0,0.000,24.1,0,0,0,0.0,2.1,2.1,2.1,2.1,2.1,2.1,2.0,2.0,2.0,2.0,2.0,2.0,465.60,465.60,465.60,465.60,465.60,465.60,0.77,464.81,465.60,0.00,189.03,651,9,4.0,3.8,0,0,0.0,0.0,0,
9.6.2026,14:12:29.441,23730,25038,48.6,14045,18339,43.3,10.5,16384,1721,1.183,1.157,1.152,1.176,1.176,1.196,1.196,1.181,1.178,1.203,1.173,1.203,1.173,1.203,1.203,1.063,0.781,2330.0,4489.0,1396.6,4688.5,4688.5,1396.6,4688.5,1097.3,3591.2,1097.3,1097.3,1097.3,1097.3,1097.3,1097.3,99.8,3890.5,324.9,66.1,0.1,587.6,0.1,991.4,0.2,4507.6,0.2,168.4,0.1,21.2,0.0,13.5,0.6,48.1,90.0,0.5,0.4,0.4,0.5,405.9,9.2,3.8,0.0,27.7,0.0,26.1,0.0,95.5,13.9,5.9,0.0,1.8,0.0,0.6,0.0,2.1,6.9,0.0,0.0,0.0,0.0,95.5,9.2,100.0,12.8,2.6,0.0,24.3,0.0,40.8,0.0,172.5,0.0,6.7,0.0,0.9,0.0,0.8,0.1,2.7,4.8,0.0,0.0,0.0,0.0,12.8,23.4,45.0,14.0,47.0,47.0,14.0,47.0,11.0,36.0,11.0,11.0,11.0,11.0,11.0,11.0,39.0,61,61,63,62,63,57,60,60,60,60,61,61,61,61,61,39,39,37,38,37,43,40,40,40,40,39,39,39,39,39,74,63,No,No,No,No,No,No,No,No,No,No,No,No,No,No,No,No,No,No,No,No,No,No,No,No,No,No,No,No,No,No,No,No,No,No,No,No,No,No,No,No,No,No,No,No,No,No,No,No,72,67,64,1.100,7.594,13.941,8.152,0.001,4.472,0.433,175.0,175.0,175.0,175.0,0,0.0,8.4,3.3,0.0,26.6,0.0,26.0,0.0,94.9,0.0,4.8,0.0,0.6,0.0,0.9,0.0,3.2,7.1,0.1,0.0,0.0,0.1,8.0,0.0,36.5,67.9,4.2,3.5,0.0,0.0,0.0,0.0,0.0,0.0,0.0,0.0,0.0,56.3,0.0,0.0,0.4,0.0,0.0,0.0,99.0,99.9,96.4,92.7,99.8,99.8,99.8,99.8,53.2,96.4,32.7,1.5,0.0,89.7,98.8,2394.1,24.00,36,35,35,68,103,383,2,2,Yes,No,No,No,No,No,No,No,No,No,Yes,No,No,Yes,No,No,No,No,No,No,No,Yes,No,No,No,No,No,Yes,No,No,No,No,No,No,No,Yes,No,No,86.0,3900,2820,3720,56.8,1.095,1.110,1.815,1.815,0.990,5.110,0.625,No,No,No,57.5,1.095,1.110,1.800,1.815,0.990,5.110,0.500,No,No,No,44,44,94.0,100.0,No,No,32158,47983,37,70,99.0,100.0,No,No,1844,3246,0.0,1.0,1.0,0.000,0.029,92426,51406,0.0,0.0,0.0,0.000,0.000,164001,82786,68.1,76.0,73.1,83.0,0.875,20.678,20.667,20.688,61.639,23.682,33.863,20.915,54.865,3.000,23.889,9.223,20.016,100.000,140.000,2250.0,2150.2,1890.0,2234.6,1905.0,84.0,51.0,0.0,0.0,92.5,24.9,99.8,0.0,0.0,0.0,Yes,No,No,No,No,Yes,No,0,0,0,0,0,0,0,0,0,0,0,0,0,0,0,0,0,0,0,0,0,0,0,0,0,0,0,0,0,0,617,7571,7338,567,16.0,64,0.300,14.404,600.0,2394.0,0.1,0.0,0.0,0.0,0.0,0.0,0.0,0.0,0.8,127,16065,127,No,No,No,No,No,No,No,No,16.746,68.277,100.0,0.000,24.1,0,0,0,0.0,3.3,3.3,3.3,3.3,3.3,3.3,3.0,3.0,3.0,3.0,3.0,3.0,305.45,305.45,305.45,305.45,305.45,305.45,1.08,304.94,305.45,0.00,135.58,651,9,0.0,0.7,0,0,0.0,0.0,0,
9.6.2026,14:12:31.443,23733,25035,48.6,14079,18305,43.4,10.5,16384,1721,1.183,1.223,1.197,1.177,1.177,1.197,1.182,1.172,1.172,1.167,1.182,1.167,1.172,1.187,1.187,1.101,0.781,3527.1,4688.5,4688.5,4688.5,4688.5,4688.5,4688.5,3591.2,3591.2,1097.3,1097.3,1097.3,3591.2,3591.2,3591.2,99.8,4090.0,303.7,67.4,0.1,368.4,0.3,1116.9,1.0,4300.5,0.3,95.6,0.2,9.5,0.3,3.5,6.8,60.4,34.2,1.9,1.8,2.0,2.4,379.1,11.1,2.5,0.6,12.8,6.4,28.5,38.4,90.7,0.0,1.9,30.3,0.0,0.6,0.0,0.2,5.4,3.3,0.0,0.0,0.0,0.7,90.7,11.1,100.0,11.9,2.6,0.0,15.5,0.0,45.2,0.1,164.6,0.0,3.9,0.0,0.4,0.0,0.2,0.4,3.3,1.9,0.1,0.1,0.1,0.2,11.9,35.4,47.0,47.0,47.0,47.0,47.0,47.0,36.0,36.0,11.0,11.0,11.0,36.0,36.0,36.0,41.0,61,61,62,60,66,59,60,61,61,61,61,61,61,61,61,39,39,38,40,34,41,40,39,39,39,39,39,39,39,39,74,66,No,No,No,No,No,No,No,No,No,No,No,No,No,No,No,No,No,No,No,No,No,No,No,No,No,No,No,No,No,No,No,No,No,No,No,No,No,No,No,No,No,No,No,No,No,No,No,No,74,66,64,1.100,3.375,14.148,8.388,0.001,4.442,0.434,175.0,175.0,175.0,175.0,0,0.0,7.3,2.6,0.0,12.8,0.0,28.9,0.0,90.1,0.0,3.6,0.0,0.3,0.0,0.1,0.4,4.1,2.7,0.1,0.1,0.1,0.1,7.6,0.0,36.6,57.0,8.9,3.5,0.0,0.0,0.0,0.0,0.0,0.0,0.0,0.0,0.0,56.6,0.0,0.0,1.1,0.0,0.0,0.0,99.7,99.5,95.6,97.1,99.8,99.8,99.8,99.8,57.3,97.1,46.8,8.8,0.0,91.5,99.5,2394.1,24.00,36,35,35,68,103,383,2,2,Yes,No,No,No,No,No,No,No,No,No,Yes,No,No,Yes,No,No,No,No,No,No,No,Yes,No,No,No,No,No,Yes,No,No,No,No,No,No,No,Yes,No,No,84.0,3840,2940,3720,56.8,1.095,1.110,1.815,1.815,0.990,5.110,0.625,No,No,No,57.5,1.095,1.110,1.815,1.815,0.990,5.110,0.625,No,No,No,44,44,94.0,100.0,No,No,32158,47983,37,70,99.0,100.0,No,No,1844,3246,0.2,1.0,1.2,0.028,0.025,92426,51406,0.0,0.0,0.0,0.000,0.000,164001,82786,69.7,74.0,74.8,83.0,0.875,20.682,20.668,20.696,61.321,29.558,37.842,18.435,56.355,3.000,21.421,37.102,32.752,100.000,140.000,2250.0,2150.2,1890.0,2236.5,1905.0,91.0,35.0,0.0,0.0,92.5,24.9,99.5,0.0,0.0,0.0,Yes,No,No,No,No,Yes,No,0,0,0,0,0,0,0,0,0,0,0,0,0,0,0,0,0,0,0,0,0,0,0,0,0,0,0,0,0,0,617,7571,7338,567,16.0,64,0.300,13.146,600.0,2394.0,0.1,0.0,0.0,0.0,0.0,0.0,0.0,0.0,0.8,127,16065,127,No,No,No,No,No,No,No,No,16.746,68.277,100.0,0.000,24.1,0,0,0,0.0,7.0,296.3,3.6,3.5,3.5,3.5,6.5,30.0,3.7,3.6,3.6,3.6,141.94,280.51,3.37,0.83,283.33,283.33,0.56,141.43,141.94,0.00,166.43,651,9,0.1,0.7,0,0,0.0,0.0,0,
9.6.2026,14:12:33.433,23734,25034,48.6,14119,18265,43.5,10.5,16384,1721,1.190,1.206,1.206,1.180,1.170,1.180,1.205,1.195,1.185,1.190,1.190,1.190,1.190,1.190,1.180,1.101,0.778,2814.5,4688.5,4688.5,4688.5,4688.5,4688.5,4688.5,3591.2,1097.3,1097.3,1097.3,1097.3,1097.3,1097.3,1097.3,99.8,4090.0,313.6,81.0,0.1,335.2,0.2,1413.2,0.4,4007.4,0.2,65.1,0.1,9.1,0.1,32.4,50.3,116.9,157.3,1.2,0.5,0.5,0.6,391.8,13.6,3.4,0.0,12.5,39.0,33.0,3.6,85.2,34.6,2.5,25.0,0.9,0.0,3.3,5.0,9.0,13.1,0.7,0.7,0.7,0.0,85.2,13.6,100.0,12.6,3.3,0.0,14.4,0.0,57.1,0.0,154.4,0.0,2.8,0.0,0.4,0.0,1.8,2.7,6.3,8.4,0.1,0.1,0.1,0.1,12.6,28.2,47.0,47.0,47.0,47.0,47.0,47.0,36.0,11.0,11.0,11.0,11.0,11.0,11.0,11.0,41.0,61,59,63,62,64,59,59,61,61,61,61,60,60,60,60,39,41,37,38,36,41,41,39,39,39,39,40,40,40,40,74,64,No,No,No,No,No,No,No,No,No,No,No,No,No,No,No,No,No,No,No,No,No,No,No,No,No,No,No,No,No,No,No,No,No,No,No,No,No,No,No,No,No,No,No,No,No,No,No,No,74,66,64,1.100,10.969,13.057,7.348,0.001,4.396,0.429,175.0,175.0,175.0,175.0,0,0.0,8.3,3.6,0.0,12.5,0.0,33.5,0.0,84.4,0.0,1.9,0.0,0.3,0.0,2.7,4.4,9.1,13.1,0.1,0.1,0.1,0.1,8.4,3.6,39.1,58.7,13.5,2.6,0.1,0.0,0.0,0.3,0.0,0.0,0.0,0.0,0.0,55.0,0.0,0.0,0.9,0.1,0.0,0.0,97.1,95.4,90.1,86.5,99.7,99.8,99.8,99.8,55.3,92.2,44.3,2.4,0.2,93.8,99.1,2394.1,24.00,36,35,35,68,103,383,2,2,Yes,No,No,No,No,No,No,No,No,No,Yes,No,No,Yes,No,No,No,No,No,No,No,Yes,No,No,No,No,No,Yes,No,No,No,No,No,No,No,Yes,No,No,84.0,3720,3060,3600,56.8,1.095,1.110,1.815,1.815,1.005,5.110,0.625,No,No,No,57.5,1.095,1.110,1.815,1.815,1.005,5.110,0.875,No,No,No,44,44,94.0,100.0,No,No,32158,47983,37,70,99.0,100.0,No,No,1844,3246,0.0,0.6,0.6,0.000,0.089,92426,51406,0.0,0.0,0.0,0.000,0.000,164001,82786,69.7,76.0,74.7,83.0,0.875,20.669,20.655,20.683,58.541,30.675,36.312,23.031,59.424,3.000,26.022,37.942,28.992,100.000,140.000,2250.0,2150.2,1890.0,2236.4,1905.0,81.0,55.0,0.0,0.0,92.5,24.9,99.4,0.0,0.0,0.0,Yes,No,No,No,No,Yes,No,0,0,0,0,0,0,0,0,0,0,0,0,0,0,0,0,0,0,0,0,0,0,0,0,0,0,0,0,0,0,617,7571,7338,567,16.0,64,0.300,13.655,600.0,2394.0,0.1,0.0,0.0,0.0,0.0,0.0,0.0,0.0,0.8,127,16065,127,No,No,No,No,No,No,No,No,16.745,68.277,100.0,0.000,24.1,0,0,0,0.0,4.3,295.6,1.8,1.8,1.8,1.8,4.3,31.6,1.8,1.8,1.8,1.8,231.33,541.18,3.38,0.80,549.28,549.28,0.53,230.79,231.33,0.00,357.00,651,9,0.1,0.2,0,0,0.0,0.0,0,
9.6.2026,14:12:35.441,23730,25037,48.6,14171,18213,43.7,10.5,16384,1721,1.203,1.208,1.203,1.178,1.178,1.183,1.183,1.213,1.218,1.213,1.218,1.219,1.219,1.219,1.189,1.101,0.783,3470.1,1396.6,4688.5,4688.5,4688.5,4688.5,4688.5,1097.3,3591.2,1097.3,3591.2,3591.2,3591.2,3591.2,3591.2,99.8,4090.0,301.0,70.5,0.2,380.4,0.2,1044.3,0.3,4363.0,0.3,88.7,0.2,13.6,0.2,1.0,0.6,31.1,22.3,0.6,0.6,0.6,0.8,376.1,9.6,3.3,4.2,15.6,9.6,26.1,8.9,93.4,10.8,2.7,13.3,0.2,0.0,0.0,0.0,2.9,1.3,0.0,0.0,0.0,0.0,93.4,9.6,100.0,11.9,2.7,0.0,15.9,0.0,43.4,0.0,167.3,0.0,3.7,0.0,0.5,0.0,0.1,0.1,1.8,1.2,0.1,0.1,0.1,0.1,11.9,34.8,14.0,47.0,47.0,47.0,47.0,47.0,11.0,36.0,11.0,36.0,36.0,36.0,36.0,36.0,41.0,61,61,63,62,66,57,59,60,60,60,60,61,61,61,60,39,39,37,38,34,43,41,40,40,40,40,39,39,39,40,72,66,No,No,No,No,No,No,No,No,No,No,No,No,No,No,No,No,No,No,No,No,No,No,No,No,No,No,No,No,No,No,No,No,No,No,No,No,No,No,No,No,No,No,No,No,No,No,No,No,72,66,64,1.100,7.594,13.959,8.216,0.001,4.438,0.429,175.0,175.0,175.0,175.0,0,0.0,7.2,2.8,0.0,14.9,0.0,26.0,0.0,92.6,0.0,3.0,0.0,0.5,0.0,0.1,0.0,2.4,1.6,0.1,0.1,0.1,0.1,8.0,0.0,35.8,65.7,6.3,3.8,0.0,0.0,0.0,0.9,0.0,0.0,0.0,0.0,0.0,56.7,0.0,0.0,0.1,0.0,0.0,0.0,99.8,99.8,96.5,98.2,99.8,99.8,99.8,99.8,56.2,96.9,46.1,3.2,0.0,91.5,99.3,2394.1,24.00,36,35,35,68,103,383,2,2,Yes,No,No,No,No,No,No,No,No,No,Yes,No,No,Yes,No,No,No,No,No,No,No,Yes,No,No,No,No,No,Yes,No,No,No,No,No,No,No,Yes,No,No,85.0,3660,3000,3480,56.8,1.095,1.110,1.815,1.815,1.005,5.110,0.750,No,No,No,57.5,1.095,1.110,1.815,1.815,1.005,5.110,0.625,No,No,No,44,44,94.0,100.0,No,No,32158,47983,37,70,99.0,100.0,No,No,1844,3246,0.0,0.6,0.6,0.000,0.015,92426,51406,0.0,0.0,0.0,0.000,0.000,164001,82786,69.1,76.0,74.3,83.0,0.875,20.679,20.664,20.695,57.250,26.344,36.171,22.669,58.918,3.000,25.657,9.360,28.637,100.000,140.000,2250.0,2150.2,1890.0,2235.7,1905.0,88.0,54.0,0.0,0.0,92.5,25.0,99.9,0.0,0.0,0.0,Yes,No,No,No,No,Yes,No,0,0,0,0,0,0,0,0,0,0,0,0,0,0,0,0,0,0,0,0,0,0,0,0,0,0,0,0,0,0,617,7571,7338,567,16.0,64,0.300,13.180,600.0,2394.0,0.1,0.0,0.0,0.0,0.0,0.0,0.0,0.0,0.8,127,16065,127,No,No,No,No,No,No,No,No,16.745,68.277,100.0,0.000,24.1,0,0,0,0.0,4.3,207.5,2.1,2.1,2.1,2.1,4.1,29.8,2.1,2.0,2.0,2.0,234.55,479.77,4.82,0.90,485.11,485.11,0.68,234.00,234.55,0.00,388.82,651,9,0.3,0.1,0,0,0.0,0.0,0,
9.6.2026,14:12:37.442,23722,25045,48.6,14169,18214,43.7,10.5,16384,1721,1.156,1.174,1.194,1.179,1.183,1.183,1.178,1.188,1.183,1.178,1.178,1.068,1.068,1.113,1.113,1.141,0.783,2579.4,1396.6,4688.5,4688.5,4688.5,4688.5,4688.5,3591.2,1097.3,1097.3,1097.3,1097.3,1097.3,1097.3,1097.3,99.8,4289.5,294.0,63.0,0.1,373.5,0.2,913.4,0.2,4405.5,0.1,42.6,0.1,2.6,0.1,7.3,0.5,39.0,30.0,0.4,0.4,0.5,0.5,367.4,7.1,2.6,0.4,13.5,0.0,23.8,0.0,92.5,0.0,2.1,0.0,0.0,0.4,0.2,0.0,2.4,2.7,0.0,0.0,0.0,0.5,92.5,7.1,100.0,11.6,2.4,0.0,15.7,0.0,37.8,0.0,168.7,0.0,1.8,0.0,0.1,0.0,0.4,0.0,2.1,1.6,0.0,0.0,0.0,0.0,11.5,25.9,14.0,47.0,47.0,47.0,47.0,47.0,36.0,11.0,11.0,11.0,11.0,11.0,11.0,11.0,43.0,60,61,61,63,63,59,59,60,60,60,61,60,60,60,60,40,39,39,37,37,41,41,40,40,40,39,40,40,40,40,72,63,No,No,No,No,No,No,No,No,No,No,No,No,No,No,No,No,No,No,No,No,No,No,No,No,No,No,No,No,No,No,No,No,No,No,No,No,No,No,No,No,No,No,No,No,No,No,No,No,74,66,63,1.100,5.063,12.963,7.263,0.001,4.398,0.429,175.0,175.0,175.0,175.0,0,0.0,7.0,2.9,0.0,13.6,0.0,24.3,0.0,91.9,0.0,1.7,0.0,0.1,0.0,0.6,0.0,2.7,2.3,0.0,0.0,0.0,0.0,7.7,0.0,26.8,68.2,7.1,5.2,0.0,0.0,0.0,0.0,0.0,0.0,0.0,0.0,0.0,56.7,0.0,0.0,0.7,0.0,0.0,0.0,99.3,99.9,97.0,97.6,99.8,99.8,99.8,99.8,57.9,96.8,56.2,2.5,0.0,92.1,99.8,2394.1,24.00,36,35,35,68,103,383,2,2,Yes,No,No,No,No,No,No,No,No,No,Yes,No,No,Yes,No,No,No,No,No,No,No,Yes,No,No,No,No,No,Yes,No,No,No,No,No,No,No,Yes,No,No,85.0,3660,3000,3540,56.8,1.110,1.110,1.815,1.815,1.005,5.110,0.500,No,No,No,57.2,1.110,1.110,1.815,1.815,1.005,5.110,0.625,No,No,No,44,44,94.0,100.0,No,No,32158,47983,37,70,99.0,100.0,No,No,1844,3246,0.0,1.4,1.4,0.000,0.217,92426,51407,0.0,0.0,0.0,0.000,0.000,164001,82786,68.8,76.0,74.2,83.0,0.875,20.674,20.658,20.690,62.464,30.166,37.262,23.674,61.014,3.000,26.666,33.313,26.230,100.000,140.000,2250.0,2150.2,1890.0,2234.9,1905.0,90.0,57.0,0.0,0.0,92.5,24.7,99.0,0.0,0.0,0.0,Yes,No,No,No,No,Yes,No,0,0,0,0,0,0,0,0,0,0,0,0,0,0,0,0,0,0,0,0,0,0,0,0,0,0,0,0,0,0,617,7571,7338,567,16.0,63,0.300,12.807,600.0,2394.0,0.1,0.0,0.0,0.0,0.0,0.0,0.0,0.0,0.8,127,16065,127,No,No,No,No,No,No,No,No,16.745,68.277,100.0,0.000,24.1,0,0,0,0.0,4.2,191.2,2.1,2.1,2.1,2.1,3.8,28.3,2.0,2.0,2.0,2.0,239.56,473.89,5.23,0.93,478.68,478.68,0.38,239.15,239.56,0.00,319.78,651,9,0.0,0.0,0,0,0.0,0.0,0,
9.6.2026,14:12:39.435,23728,25040,48.6,14173,18211,43.7,10.5,16384,1721,1.195,1.204,1.182,1.167,1.209,1.194,1.189,1.175,1.185,1.190,1.195,1.220,1.215,1.216,1.186,1.101,0.783,2301.5,4688.5,1396.6,1396.6,4888.0,1396.6,4688.5,1097.3,1097.3,3591.2,1097.3,3591.2,1097.3,1097.3,1097.3,99.8,4090.0,292.8,67.5,0.1,269.5,0.2,910.0,0.2,4458.0,0.2,57.9,0.1,10.4,0.1,2.2,10.8,23.2,43.6,0.6,0.5,0.5,0.6,365.9,8.3,2.8,0.0,10.9,7.2,23.0,9.2,93.7,0.0,1.9,5.9,1.0,0.0,0.9,1.6,1.7,3.6,0.8,0.8,0.8,0.0,93.7,8.3,100.0,11.5,2.6,0.0,11.5,0.0,37.9,0.0,171.1,0.0,2.4,0.0,0.4,0.0,0.1,0.6,1.4,2.4,0.1,0.1,0.0,0.1,11.5,23.1,47.0,14.0,14.0,49.0,14.0,47.0,11.0,11.0,36.0,11.0,36.0,11.0,11.0,11.0,41.0,61,61,63,62,66,59,59,60,61,61,61,60,60,60,60,39,39,37,38,34,41,41,40,39,39,39,40,40,40,40,74,66,No,No,No,No,No,No,No,No,No,No,No,No,No,No,No,No,No,No,No,No,No,No,No,No,No,No,No,No,No,No,No,No,No,No,No,No,No,No,No,No,No,No,No,No,No,No,No,No,72,64,64,1.100,10.969,12.672,6.989,0.001,4.353,0.425,175.0,175.0,175.0,175.0,0,0.0,6.9,2.8,0.0,11.0,0.0,23.4,0.0,92.9,0.0,1.9,0.0,0.3,0.0,0.1,0.8,1.6,3.6,0.0,0.0,0.0,0.0,7.6,0.0,28.1,69.2,5.8,3.5,0.0,0.0,0.0,0.0,0.0,0.0,0.0,0.0,0.0,56.7,0.0,0.1,1.2,0.0,0.0,0.0,99.7,99.1,98.1,96.2,99.8,99.8,99.9,99.8,58.2,96.9,57.0,1.9,0.0,93.6,99.6,2394.1,24.00,22,15,15,28,103,383,2,2,Yes,No,No,No,No,No,No,No,No,No,Yes,No,No,Yes,No,No,No,No,No,No,No,Yes,No,No,No,No,No,Yes,No,No,No,No,No,No,No,Yes,No,No,85.0,3660,3060,3540,56.8,1.110,1.110,1.815,1.815,1.005,5.110,0.750,No,No,No,57.2,1.110,1.110,1.815,1.815,1.005,5.110,0.875,No,No,No,44,44,94.0,100.0,No,No,32158,47983,37,70,99.0,100.0,No,No,1844,3246,0.0,0.6,0.6,0.000,0.011,92426,51407,0.0,0.0,0.0,0.000,0.000,164001,82786,70.4,78.0,75.3,83.0,0.875,20.653,20.635,20.670,64.863,33.978,40.277,25.072,65.441,3.000,28.076,41.161,34.822,100.000,140.000,2250.0,2150.2,1890.0,2233.7,1905.0,91.0,59.0,0.0,0.0,92.5,25.0,100.0,0.0,0.0,0.0,Yes,No,No,No,No,Yes,No,0,0,0,0,0,0,0,0,0,0,0,0,0,0,0,0,0,0,0,0,0,0,0,0,0,0,0,0,0,0,617,7571,7338,567,16.0,64,0.300,12.700,600.0,2394.0,0.1,0.0,0.0,0.0,0.0,0.0,0.0,0.0,0.8,127,16065,127,No,No,No,No,No,No,No,No,16.746,68.277,100.0,0.000,24.1,0,0,0,0.0,3.2,3.2,3.2,3.2,3.2,3.2,3.0,3.0,3.0,3.0,3.0,3.0,309.03,309.03,309.03,309.03,309.03,309.03,0.85,308.09,309.03,0.00,126.19,651,9,0.3,0.0,0,0,0.0,0.0,0,
9.6.2026,14:12:41.434,23732,25036,48.6,14197,18187,43.8,10.5,16384,1721,1.199,1.191,1.195,1.185,1.169,1.179,1.204,1.199,1.199,1.222,1.222,1.177,1.212,1.227,1.212,1.101,0.783,3113.8,1396.6,4688.5,4688.5,4688.5,4688.5,4688.5,1097.3,1097.3,1097.3,1097.3,3591.2,3591.2,3591.2,3591.2,99.8,4090.0,289.6,70.6,0.1,164.4,0.2,1159.3,0.3,4228.9,0.2,45.8,0.2,4.2,0.1,8.3,2.2,87.2,15.8,1.1,1.1,1.3,1.5,361.7,7.8,2.8,0.0,6.0,0.0,26.9,0.0,89.4,0.0,0.9,21.8,0.0,0.0,0.4,0.0,6.6,0.9,0.0,0.0,0.0,0.0,89.4,7.8,100.0,11.4,2.7,0.0,7.0,0.0,47.7,0.0,162.6,0.0,1.8,0.0,0.2,0.0,0.5,0.2,4.7,0.9,0.1,0.1,0.1,0.1,11.4,31.2,14.0,47.0,47.0,47.0,47.0,47.0,11.0,11.0,11.0,11.0,36.0,36.0,36.0,36.0,41.0,61,59,61,63,64,59,58,61,61,61,60,61,61,61,61,39,41,39,37,36,41,42,39,39,39,40,39,39,39,39,74,64,No,No,No,No,No,No,No,No,No,No,No,No,No,No,No,No,No,No,No,No,No,No,No,No,No,No,No,No,No,No,No,No,No,No,No,No,No,No,No,No,No,No,No,No,No,No,No,No,74,66,64,1.100,4.219,12.951,7.295,0.001,4.342,0.426,175.0,175.0,175.0,175.0,0,0.0,6.8,3.0,0.0,6.1,0.0,27.4,0.0,88.4,0.0,1.2,0.0,0.1,0.0,0.6,0.1,6.8,1.2,0.1,0.1,0.1,0.1,7.4,0.0,25.5,66.4,10.1,1.6,0.0,0.0,0.0,0.0,0.0,0.0,0.0,0.0,0.0,56.5,0.0,0.0,0.5,0.2,0.0,0.0,99.2,99.8,92.9,98.7,99.8,99.8,99.8,99.8,60.1,96.7,66.3,1.2,0.0,96.6,99.7,997.6,10.00,22,15,15,28,103,160,2,2,Yes,No,No,No,No,No,No,No,No,No,Yes,No,No,Yes,No,No,No,No,No,No,No,Yes,No,No,No,No,No,Yes,No,No,No,No,No,No,No,Yes,No,No,85.0,3660,3000,3480,56.8,1.110,1.110,1.800,1.815,1.005,5.110,0.625,No,No,No,57.2,1.110,1.110,1.800,1.815,1.005,5.110,0.625,No,No,No,44,44,94.0,100.0,No,No,32158,47983,38,70,99.0,100.0,No,No,1844,3246,0.0,1.0,1.0,0.000,0.017,92426,51407,0.0,0.0,0.0,0.000,0.000,164001,82786,69.4,78.0,74.2,83.0,0.875,20.677,20.664,20.689,57.346,24.679,34.966,21.574,56.625,3.000,24.557,9.278,22.757,100.000,140.000,2250.0,2150.2,1890.0,2235.8,1905.0,80.0,50.0,0.0,0.0,92.5,24.9,99.6,0.0,0.0,0.0,Yes,No,No,No,No,Yes,No,0,0,0,0,0,0,0,0,0,0,0,0,0,0,0,0,0,0,0,0,0,0,0,0,0,0,0,0,0,0,617,7571,7338,567,16.0,64,0.300,12.975,600.0,2394.0,0.1,0.0,0.0,0.0,0.0,0.0,0.0,0.0,0.8,127,16065,127,No,No,No,No,No,No,No,No,16.746,68.277,100.0,0.000,24.1,0,0,0,0.0,4.3,258.3,1.9,1.9,1.9,1.9,4.4,30.0,2.0,1.9,1.9,1.9,234.57,526.19,3.87,0.82,533.46,533.46,0.64,233.99,234.57,0.00,372.10,651,9,0.0,0.0,0,0,0.0,0.0,0,
9.6.2026,14:12:43.446,23733,25035,48.6,14237,18147,43.9,10.5,16384,1721,1.177,1.199,1.196,1.175,1.165,1.125,1.173,1.183,1.183,1.188,1.192,1.192,1.162,1.152,1.192,1.101,0.783,2066.4,798.0,4688.5,4688.5,4688.5,1396.6,1396.6,1097.3,1097.3,3591.2,1097.3,1097.3,1097.3,1097.3,1097.3,99.8,4090.0,296.7,65.6,136.6,177.6,66.5,782.3,0.2,2853.5,1727.8,87.1,0.1,2.9,0.0,8.8,0.5,9.3,12.5,0.4,0.4,0.4,0.5,370.7,11.3,3.5,11.5,4.1,50.0,22.4,0.0,60.2,66.9,3.5,0.0,0.0,1.2,0.5,0.0,0.0,2.3,0.0,0.0,0.0,0.0,66.9,11.3,100.0,11.6,2.6,5.8,7.4,2.9,32.3,0.0,110.3,65.2,3.5,0.0,0.1,0.0,0.5,0.0,0.6,0.7,0.0,0.0,0.0,0.0,11.6,20.7,8.0,47.0,47.0,47.0,14.0,14.0,11.0,11.0,36.0,11.0,11.0,11.0,11.0,11.0,41.0,61,62,62,71,64,61,56,60,60,60,60,60,60,60,60,39,38,38,29,36,39,44,40,40,40,40,40,40,40,40,74,71,No,No,No,No,No,No,No,No,No,No,No,No,No,No,No,No,No,No,No,No,No,No,No,No,No,No,No,No,No,No,No,No,No,No,No,No,No,No,No,No,No,No,No,No,No,No,No,No,74,66,64,1.100,5.906,12.915,7.287,0.001,4.367,0.427,175.0,175.0,175.0,175.0,0,0.0,7.3,3.1,9.5,6.6,3.0,22.6,0.0,59.1,36.1,2.5,0.0,0.2,0.0,0.8,0.0,0.6,1.1,0.0,0.0,0.0,0.0,7.2,7.9,20.2,66.0,4.1,2.2,0.0,0.0,0.0,0.0,0.0,0.0,0.0,0.0,0.0,56.9,0.0,0.0,0.8,0.0,0.0,0.0,99.1,99.9,99.2,98.7,99.8,99.8,99.9,99.8,57.2,76.6,66.7,6.3,0.0,93.9,99.6,997.6,10.00,22,15,15,28,103,160,2,2,Yes,No,No,No,No,No,No,No,No,No,Yes,No,No,Yes,No,No,No,No,No,No,No,Yes,No,No,No,No,No,Yes,No,No,No,No,No,No,No,Yes,No,No,84.0,3660,3060,3540,56.8,1.110,1.110,1.800,1.815,1.005,5.110,0.625,No,No,No,57.2,1.110,1.110,1.800,1.815,1.005,5.110,0.875,No,No,No,44,44,94.0,100.0,No,No,32158,47983,37,70,99.0,100.0,No,No,1844,3246,0.0,0.6,0.6,0.000,0.038,92426,51407,0.0,0.0,0.0,0.000,0.000,164001,82786,69.1,76.0,73.9,83.0,0.875,20.664,20.648,20.679,62.063,31.084,38.079,23.456,61.604,3.000,26.444,35.328,29.677,100.000,140.000,2250.0,2150.2,1890.0,2236.2,1905.0,87.0,45.0,0.0,0.0,92.5,24.9,99.6,0.0,0.0,0.0,Yes,No,No,No,No,Yes,No,0,0,0,0,0,0,0,0,0,0,0,0,0,0,0,0,0,0,0,0,0,0,0,0,0,0,0,0,0,0,617,7571,7338,567,16.0,64,0.300,12.596,600.0,997.0,0.1,0.0,0.0,0.0,0.0,0.0,0.0,0.0,0.8,127,16065,127,No,No,No,No,No,No,No,No,16.746,68.277,100.0,0.000,24.1,0,0,0,0.0,6.7,293.0,3.4,3.4,3.4,3.4,6.6,30.9,3.7,3.7,3.7,3.7,148.44,293.48,3.41,0.75,296.44,296.44,0.45,147.83,148.44,0.00,169.99,651,9,0.0,0.0,0,0,0.0,0.0,0,
9.6.2026,14:12:45.435,23729,25038,48.6,14264,18120,44.0,10.5,16384,1721,1.207,1.193,1.189,1.169,1.208,1.198,1.198,1.223,1.213,1.218,1.215,1.220,1.220,1.220,1.220,1.101,0.783,3071.1,1396.6,4688.5,1396.6,4888.0,4688.5,4688.5,1097.3,1097.3,3591.2,1097.3,3591.2,3591.2,3591.2,3591.2,99.8,4090.0,314.7,77.1,586.6,2.8,147.7,1043.8,0.4,28.2,4142.3,67.0,0.3,56.1,0.2,32.8,7.4,0.8,97.0,0.6,0.7,0.7,1.8,393.2,13.0,3.6,24.9,2.3,5.4,26.4,42.8,0.6,87.4,1.7,43.8,2.4,0.0,4.3,2.1,0.8,8.4,0.8,0.8,0.8,0.8,87.4,13.0,100.0,12.5,3.2,24.4,0.2,6.7,42.1,0.0,1.7,157.8,2.8,0.0,2.3,0.0,1.8,0.4,0.1,5.2,0.1,0.1,0.1,0.1,12.5,30.8,14.0,47.0,14.0,49.0,47.0,47.0,11.0,11.0,36.0,11.0,36.0,36.0,36.0,36.0,41.0,61,63,62,63,66,59,59,61,61,61,61,60,60,60,60,39,37,38,37,34,41,41,39,39,39,39,40,40,40,40,74,66,No,No,No,No,No,No,No,No,No,No,No,No,No,No,No,No,No,No,No,No,No,No,No,No,No,No,No,No,No,No,No,No,No,No,No,No,No,No,No,No,No,No,No,No,No,No,No,No,74,66,64,1.100,4.219,12.483,6.730,0.001,4.393,0.428,175.0,175.0,175.0,175.0,0,0.0,8.3,3.7,24.4,0.2,6.3,26.4,0.0,0.7,87.3,2.5,0.0,1.7,0.0,2.9,0.6,0.1,8.5,0.1,0.1,0.1,0.1,10.6,41.8,29.4,61.7,10.3,1.4,3.8,0.0,0.0,0.0,0.0,0.0,0.0,0.0,0.0,56.2,0.0,0.0,0.4,0.3,0.0,0.0,96.9,99.2,99.8,91.2,99.8,99.8,99.8,99.8,47.1,25.0,59.7,7.6,1.3,94.8,94.1,997.6,10.00,22,15,15,28,103,160,2,2,Yes,No,No,No,No,No,No,No,No,No,Yes,No,No,Yes,No,No,No,No,No,No,No,Yes,No,No,No,No,No,Yes,No,No,No,No,No,No,No,Yes,No,No,85.0,3660,3060,3480,56.8,1.110,1.110,1.800,1.815,0.990,5.110,1.000,No,No,No,57.2,1.110,1.110,1.800,1.815,1.005,5.110,0.625,No,No,No,44,44,94.0,100.0,No,No,32158,47983,37,70,99.0,100.0,No,No,1844,3246,0.0,0.6,0.6,0.000,0.020,92426,51407,0.0,0.0,0.0,0.000,0.000,164001,82786,68.8,74.0,73.8,83.0,0.875,20.751,20.751,20.751,63.661,18.997,16.620,10.209,26.852,3.000,13.207,46.191,16.898,100.000,140.000,2250.0,2150.2,1890.0,2237.4,1905.0,79.0,17.0,0.0,1.0,92.5,25.0,100.0,0.0,0.0,0.0,Yes,No,No,No,No,Yes,No,0,0,0,0,0,0,0,0,0,0,0,0,0,0,0,0,0,0,0,0,0,0,0,0,0,0,0,0,0,0,617,7571,7338,567,16.0,65,0.300,13.102,600.0,997.0,0.1,0.0,0.0,0.0,0.0,0.0,0.0,0.0,0.8,127,16065,127,No,No,No,No,No,No,No,No,16.746,68.277,100.0,0.000,24.1,0,0,0,0.0,3.7,172.0,1.9,1.9,1.9,1.9,3.5,28.0,1.9,1.8,1.8,1.8,269.69,533.57,5.82,0.97,538.95,538.95,0.73,269.04,269.69,0.00,376.50,651,9,0.5,4.8,0,0,0.0,0.0,0,
9.6.2026,14:12:47.437,23735,25033,48.6,14306,18077,44.1,10.5,16384,1721,1.175,1.153,1.188,1.188,1.148,1.138,1.168,1.193,1.173,1.188,1.178,1.183,1.183,1.188,1.182,1.063,0.783,2672.0,4489.0,1396.6,4688.5,4688.5,1396.6,4489.0,1097.3,1097.3,3591.2,1097.3,1097.3,1097.3,3591.2,3591.2,99.8,3890.5,330.1,97.0,624.9,2.8,218.1,1865.9,1.0,15.0,3406.8,120.2,0.1,134.0,0.6,36.8,22.4,3.2,45.2,2.0,2.2,1.8,2.2,412.1,8.2,4.3,19.0,0.0,11.4,44.0,0.0,0.0,73.4,4.4,0.0,3.9,0.0,1.4,1.0,0.1,0.5,0.0,0.0,0.0,0.0,73.4,8.2,100.0,13.1,4.3,25.8,0.3,9.8,72.7,0.1,1.0,130.4,5.0,0.0,5.5,0.0,2.0,1.2,0.2,2.5,0.1,0.1,0.1,0.1,13.1,26.8,45.0,14.0,47.0,47.0,14.0,45.0,11.0,11.0,36.0,11.0,11.0,11.0,36.0,36.0,39.0,61,62,63,63,66,60,59,60,60,60,60,61,61,61,61,39,38,37,37,34,40,41,40,40,40,40,39,39,39,39,74,66,No,No,No,No,No,No,No,No,No,No,No,No,No,No,No,No,No,No,No,No,No,No,No,No,No,No,No,No,No,No,No,No,No,No,No,No,No,No,No,No,No,No,No,No,No,No,No,No,74,67,64,1.100,3.375,13.710,8.007,0.001,4.384,0.429,175.0,175.0,175.0,175.0,0,0.0,8.5,4.4,18.6,0.2,10.8,44.2,0.0,0.4,73.4,3.9,0.0,3.9,0.0,3.0,1.8,0.1,3.6,0.1,0.1,0.1,0.1,12.9,56.0,31.1,47.9,24.7,7.8,13.2,0.0,0.0,0.0,0.0,0.0,0.0,0.0,0.0,56.6,0.0,0.0,2.3,0.3,0.0,0.0,96.7,98.0,99.7,96.0,99.8,99.8,99.8,99.8,40.1,17.2,52.9,2.6,0.0,85.8,82.0,2394.1,24.00,36,35,35,68,103,383,2,2,Yes,No,No,No,No,No,No,No,No,No,Yes,No,No,Yes,No,No,No,No,No,No,No,Yes,No,No,No,No,No,Yes,No,No,No,No,No,No,No,Yes,No,No,85.0,3660,3120,3480,56.5,1.110,1.110,1.800,1.815,0.990,5.110,0.625,No,No,No,57.2,1.110,1.110,1.800,1.815,0.990,5.180,0.625,No,No,No,44,44,94.0,100.0,No,No,32158,47983,37,70,99.0,100.0,No,No,1844,3246,0.0,0.9,0.9,0.000,0.023,92426,51407,0.0,0.0,0.0,0.000,0.000,164001,82786,70.6,76.0,75.6,83.0,0.875,20.651,20.636,20.665,60.380,27.273,37.826,23.525,61.438,3.000,26.523,9.246,29.352,100.000,140.000,2250.0,2150.2,1890.0,2236.3,1905.0,90.0,60.0,0.0,1.0,92.5,24.5,97.8,0.0,0.0,0.0,Yes,No,No,No,No,Yes,No,0,0,0,0,0,0,0,0,0,0,0,0,0,0,0,0,0,0,0,0,0,0,0,0,0,0,0,0,0,0,617,7571,7338,567,16.0,65,0.300,14.737,600.0,997.0,0.1,0.0,0.0,0.0,0.0,0.0,0.0,0.0,0.8,127,16065,127,No,No,No,No,No,No,No,No,16.746,68.277,100.0,0.000,24.1,0,0,0,0.0,2.0,2.0,2.0,2.0,2.0,2.0,2.0,2.1,1.9,1.9,1.9,1.9,499.46,499.99,498.94,498.93,500.00,500.00,1.19,498.67,499.46,0.00,126.15,651,9,0.1,2.2,0,0,0.0,0.0,0,
9.6.2026,14:12:49.449,23735,25033,48.6,14338,18046,44.2,10.5,16384,1721,1.169,1.155,1.171,1.171,1.146,1.136,1.156,1.211,1.151,1.184,1.184,1.184,1.184,1.184,1.150,1.101,0.783,1902.5,1396.6,1396.6,4688.5,4489.0,1396.6,4489.0,1097.3,1097.3,1097.3,1097.3,1097.3,1097.3,1097.3,1097.3,99.8,4090.0,309.1,66.3,440.8,2.5,173.1,1166.5,0.3,7.8,4013.1,102.4,0.2,87.4,0.1,49.8,5.1,7.1,55.4,2.3,0.5,0.4,0.5,386.1,10.1,3.5,31.9,2.1,7.7,28.4,8.9,2.1,86.7,3.0,12.0,2.2,0.0,4.7,0.0,0.2,7.3,0.0,0.0,0.0,0.5,86.7,10.1,100.0,12.2,2.8,18.5,0.2,7.7,46.1,0.0,0.6,153.0,4.3,0.0,3.5,0.0,2.7,0.3,0.4,3.0,0.1,0.0,0.0,0.0,12.2,19.1,14.0,14.0,47.0,45.0,14.0,45.0,11.0,11.0,11.0,11.0,11.0,11.0,11.0,11.0,41.0,61,63,62,67,59,57,59,61,61,61,61,61,61,61,61,39,37,38,33,41,43,41,39,39,39,39,39,39,39,39,74,67,No,No,No,No,No,No,No,No,No,No,No,No,No,No,No,No,No,No,No,No,No,No,No,No,No,No,No,No,No,No,No,No,No,No,No,No,No,No,No,No,No,No,No,No,No,No,No,No,74,64,65,1.100,5.906,14.233,8.512,0.001,4.408,0.430,175.0,175.0,175.0,175.0,0,0.0,8.7,3.9,31.1,0.2,8.1,28.9,0.0,0.2,86.6,3.4,0.0,2.5,0.0,4.2,0.3,0.5,4.7,0.2,0.0,0.0,0.0,10.7,46.7,19.9,63.8,12.7,4.9,2.6,0.0,0.0,0.0,0.0,0.0,0.0,0.0,0.0,56.4,0.0,0.0,0.4,0.1,0.0,0.0,95.5,99.5,99.3,95.0,99.7,99.8,99.8,99.8,44.7,13.4,67.1,3.5,0.0,89.6,94.5,997.6,10.00,22,15,15,28,103,160,2,2,Yes,No,No,No,No,No,No,No,No,No,Yes,No,No,Yes,No,No,No,No,No,No,No,Yes,No,No,No,No,No,Yes,No,No,No,No,No,No,No,Yes,No,No,85.0,3660,3120,3540,56.5,1.110,1.110,1.800,1.815,0.990,5.110,0.625,No,No,No,57.2,1.110,1.110,1.800,1.815,0.990,5.110,0.375,No,No,No,44,44,94.0,100.0,No,No,32158,47983,37,70,99.0,100.0,No,No,1844,3246,0.0,1.3,1.3,0.000,0.023,92426,51407,0.0,0.0,0.0,0.000,0.000,164001,82786,69.7,78.0,74.5,83.0,0.875,20.677,20.663,20.690,59.876,26.093,35.168,21.903,57.147,3.000,24.874,10.485,30.073,100.000,140.000,2250.0,2150.2,1890.0,2234.1,1905.0,83.0,49.0,0.0,0.0,92.5,22.3,89.4,0.0,0.0,0.0,Yes,No,No,No,No,Yes,No,0,0,0,0,0,0,0,0,0,0,0,0,0,0,0,0,0,0,0,0,0,0,0,0,0,0,0,0,0,0,617,7571,7338,567,16.0,64,0.300,13.633,600.0,2394.0,0.1,0.0,0.0,0.0,0.0,0.0,0.0,0.0,0.8,127,16065,127,No,No,No,No,No,No,No,No,16.746,68.277,100.0,0.000,24.1,0,0,0,0.0,6.7,294.0,3.4,3.4,3.4,3.4,6.5,30.3,3.7,3.6,3.6,3.6,148.21,293.02,3.40,0.74,295.97,295.97,0.46,147.74,148.21,0.00,168.21,651,9,0.0,1.0,0,0,0.0,0.0,0,
9.6.2026,14:12:51.438,23734,25034,48.6,14386,17998,44.4,10.5,16384,1721,1.197,1.199,1.199,1.177,1.172,1.167,1.177,1.167,1.210,1.210,1.210,1.210,1.210,1.216,1.231,1.063,0.783,2344.3,1396.6,4688.5,4688.5,4688.5,1396.6,4688.5,1097.3,1097.3,1097.3,1097.3,1097.3,1097.3,1097.3,3591.2,99.8,3890.5,391.3,140.4,276.7,1.4,323.7,3144.4,0.3,2.2,2151.1,89.9,0.2,565.0,0.2,289.0,183.1,100.0,488.0,56.5,8.5,5.4,1.1,484.7,14.2,7.1,7.7,1.2,18.2,69.7,0.0,1.1,49.5,4.4,0.0,16.0,0.0,26.5,17.1,10.0,43.9,6.2,1.9,1.6,1.2,69.7,14.2,100.0,16.4,6.5,11.5,0.1,16.4,121.1,0.0,0.2,85.1,4.0,0.0,23.1,0.0,15.6,9.9,5.4,26.1,3.0,0.5,0.3,0.1,16.4,23.5,14.0,47.0,47.0,47.0,14.0,47.0,11.0,11.0,11.0,11.0,11.0,11.0,11.0,36.0,39.0,61,65,59,67,59,58,62,62,62,61,61,61,61,61,61,39,35,41,33,41,42,38,38,38,39,39,39,39,39,39,74,67,No,No,No,No,No,No,No,No,No,No,No,No,No,No,No,No,No,No,No,No,No,No,No,No,No,No,No,No,No,No,No,No,No,No,No,No,No,No,No,No,No,No,No,No,No,No,No,No,74,68,64,1.100,6.750,13.757,8.087,0.001,4.401,0.429,175.0,175.0,175.0,175.0,0,0.0,13.6,6.8,8.6,0.1,17.8,69.6,0.0,0.1,49.4,4.2,0.0,14.8,0.0,25.4,16.1,8.9,43.4,5.1,0.8,0.5,0.1,13.8,42.4,35.5,27.6,44.8,5.4,37.3,0.0,0.0,0.0,0.0,0.0,0.0,0.0,0.0,49.8,0.0,0.0,0.5,0.6,0.0,0.0,73.6,83.3,90.8,55.5,94.7,99.1,99.4,99.8,34.6,38.3,36.3,0.1,0.4,86.7,45.5,2394.1,24.00,36,35,35,68,103,383,2,2,Yes,No,No,No,No,No,No,No,No,No,Yes,No,No,Yes,No,No,No,No,No,No,No,Yes,No,No,No,No,No,Yes,No,No,No,No,No,No,No,Yes,No,No,85.0,3780,3180,3600,56.5,1.110,1.110,1.800,1.815,0.990,5.110,0.500,No,No,No,57.0,1.110,1.110,1.800,1.815,0.990,5.110,0.500,No,No,No,44,44,94.0,100.0,No,No,32158,47983,37,70,99.0,100.0,No,No,1844,3246,0.0,1.7,1.7,0.000,6.286,92426,51419,0.0,0.0,0.0,0.000,0.000,164001,82786,70.3,78.0,75.4,83.0,0.875,20.654,20.640,20.667,63.155,29.534,37.515,22.002,59.605,3.000,24.990,36.256,23.372,100.000,140.000,2250.0,2150.2,1890.0,2234.0,1905.0,90.0,55.0,0.0,0.0,92.5,24.8,99.3,0.0,0.0,0.0,Yes,No,No,No,No,Yes,No,0,0,0,0,0,0,0,0,0,0,0,0,0,0,0,0,0,0,0,0,0,0,0,0,0,0,0,0,0,0,617,7571,7338,567,16.0,64,0.300,15.884,600.0,997.0,0.1,0.0,0.0,0.0,0.0,0.0,0.0,0.0,0.8,127,16065,127,No,No,No,No,No,No,No,No,16.746,68.277,100.0,0.000,24.1,0,0,0,0.0,4.2,277.3,1.8,1.8,1.8,1.8,4.2,30.5,1.8,1.8,1.7,1.7,238.13,548.11,3.61,0.77,556.07,556.07,0.67,237.44,238.13,0.00,303.63,651,9,0.3,5.2,0,0,0.0,0.0,0,
9.6.2026,14:12:53.436,23208,25560,47.5,13755,18629,42.4,10.5,16384,1721,1.172,1.166,1.168,1.159,1.144,1.159,1.144,1.187,1.182,1.182,1.182,1.182,1.182,1.182,1.184,1.063,0.778,2565.2,4489.0,4489.0,4489.0,4489.0,4489.0,4688.5,1097.3,1097.3,1097.3,1097.3,1097.3,1097.3,1097.3,1097.3,99.8,3890.5,997.6,922.8,812.4,683.3,1140.7,2686.6,945.4,796.1,2843.6,1032.3,704.1,1270.2,681.6,926.6,700.1,643.0,749.6,617.8,610.3,619.3,566.6,1096.2,33.3,27.6,24.3,7.8,35.6,67.6,54.7,5.8,66.3,27.0,54.2,35.9,54.3,47.2,25.8,21.7,29.4,20.4,20.4,22.6,17.0,67.6,33.3,100.0,42.8,35.6,31.3,26.2,45.8,105.6,36.1,30.5,110.0,40.0,26.9,49.1,26.1,50.4,37.8,34.6,40.3,33.1,32.7,33.3,30.3,42.8,25.7,45.0,45.0,45.0,45.0,45.0,47.0,11.0,11.0,11.0,11.0,11.0,11.0,11.0,11.0,39.0,62,63,62,64,64,62,64,61,61,62,62,61,61,61,62,38,37,38,36,36,38,36,39,39,38,38,39,39,39,38,75,64,No,No,No,No,No,No,No,No,No,No,No,No,No,No,No,No,No,No,No,No,No,No,No,No,No,No,No,No,No,No,Yes,Yes,Yes,Yes,Yes,Yes,Yes,Yes,Yes,Yes,Yes,Yes,Yes,Yes,Yes,No,No,Yes,75,65,65,1.100,8.438,16.891,11.044,0.001,4.481,0.432,175.0,175.0,175.0,175.0,0,0.7,29.2,27.6,23.5,17.9,35.4,66.6,23.2,20.5,65.7,27.0,18.3,35.8,17.8,45.4,25.7,22.0,29.0,20.9,21.4,22.8,18.3,7.3,8.7,19.8,18.4,18.2,10.1,7.7,4.8,2.1,2.1,2.6,2.0,2.6,1.5,1.9,42.2,3.4,5.2,3.5,6.7,2.6,3.6,47.7,70.8,74.9,67.0,76.3,75.3,74.9,79.3,32.7,51.4,32.4,1.2,4.8,56.2,50.3,997.6,10.00,22,15,15,28,103,160,2,2,Yes,No,No,No,No,No,No,No,No,Yes,Yes,No,No,Yes,No,No,No,No,No,No,No,Yes,No,No,No,No,No,Yes,No,No,No,No,No,No,No,Yes,No,No,85.0,3900,3120,3720,56.8,1.110,1.110,1.815,1.815,0.990,5.110,0.875,No,No,No,57.2,1.110,1.110,1.800,1.815,0.990,5.110,0.875,No,No,No,44,44,94.0,100.0,No,No,32158,47983,37,70,99.0,100.0,No,No,1844,3246,0.1,1.4,1.6,0.002,0.667,92426,51420,0.0,0.0,0.0,0.000,0.000,164001,82786,61.2,70.0,68.0,83.0,0.870,20.744,20.744,20.745,21.756,9.783,9.939,8.816,18.774,3.000,11.822,8.051,8.080,100.000,140.000,2175.0,2150.2,1875.0,2244.5,1890.0,1.0,0.0,0.0,0.0,85.7,10.7,42.8,0.0,0.0,0.0,Yes,No,No,No,No,Yes,No,0,0,0,0,0,0,0,0,0,0,0,0,0,0,0,0,0,0,0,0,0,0,0,0,0,0,0,0,0,0,1169,7019,6786,567,16.0,65,0.300,29.681,600.0,2394.0,0.1,0.0,0.0,0.0,0.0,0.0,0.0,0.0,0.8,127,16065,127,No,No,No,No,No,No,No,No,16.746,68.277,100.0,0.000,24.1,0,0,0,0.0,7.6,7.6,7.6,7.6,7.6,7.6,6.4,6.4,6.4,6.4,6.4,6.4,131.67,131.67,131.67,131.67,131.67,131.67,0.51,131.17,131.67,0.00,193.99,651,9,0.1,0.5,0,0,0.0,0.0,0,
9.6.2026,14:12:55.444,23878,24890,48.9,14008,18375,43.2,10.5,16384,1721,1.171,1.181,1.186,1.147,1.147,1.132,1.161,1.179,1.163,1.183,1.177,1.167,1.202,1.162,1.202,1.063,0.783,3014.1,1396.6,4688.5,4489.0,4489.0,1396.6,4489.0,1097.3,1097.3,3591.2,1097.3,3591.2,3591.2,3591.2,3591.2,99.8,3890.5,510.9,354.4,670.7,45.3,783.0,2325.3,78.3,198.3,3426.9,618.6,16.7,527.7,48.0,222.4,235.8,149.2,250.0,90.5,72.6,58.9,45.6,621.9,16.0,9.9,36.5,11.2,23.8,54.1,0.0,17.5,75.3,17.6,0.0,16.1,7.3,8.9,10.1,6.4,10.4,4.0,4.2,3.1,3.5,75.3,16.0,100.0,20.8,13.8,27.3,1.9,31.9,91.2,3.1,7.8,131.6,24.3,0.7,21.1,1.9,11.9,12.4,8.1,13.2,4.9,4.0,3.2,2.5,20.8,30.2,14.0,47.0,45.0,45.0,14.0,45.0,11.0,11.0,36.0,11.0,36.0,36.0,36.0,36.0,39.0,62,65,63,64,64,57,61,61,62,62,61,61,61,61,61,38,35,37,36,36,43,39,39,38,38,39,39,39,39,39,74,65,No,No,No,No,No,No,No,No,No,No,No,No,No,No,No,No,No,No,No,No,No,No,No,No,No,No,No,No,No,No,Yes,Yes,Yes,Yes,Yes,Yes,Yes,Yes,Yes,Yes,Yes,Yes,Yes,Yes,Yes,No,No,Yes,75,66,66,1.100,8.438,30.993,24.421,0.001,5.053,0.635,175.0,175.0,175.0,175.0,0,0.0,14.0,9.6,34.4,1.2,23.7,53.8,1.8,4.3,75.1,17.3,0.4,14.9,1.1,8.7,9.4,5.2,10.3,2.9,2.2,1.9,1.6,11.0,31.4,38.7,40.8,19.4,14.2,7.3,2.1,0.3,0.5,0.0,0.0,0.0,0.0,0.0,54.5,2.1,2.9,1.0,0.8,2.5,1.6,88.7,89.8,93.9,89.0,96.8,97.5,97.9,98.2,31.0,19.8,28.5,0.5,0.0,62.5,75.0,2394.1,24.00,36,35,35,68,103,383,2,2,Yes,No,No,No,No,No,No,No,No,Yes,Yes,No,No,Yes,No,No,No,No,No,No,No,Yes,No,No,No,No,No,Yes,No,No,No,No,No,No,No,Yes,No,No,86.0,3960,2940,3840,56.8,1.110,1.110,1.815,1.815,0.990,5.110,0.750,No,No,No,57.2,1.110,1.110,1.815,1.815,0.990,5.110,0.625,No,No,No,44,44,94.0,100.0,No,No,32158,47983,37,70,99.0,100.0,No,No,1844,3246,0.0,1.1,1.1,0.000,0.031,92426,51420,0.0,0.0,0.0,0.000,0.000,164001,82786,68.8,74.0,73.6,83.0,0.875,20.641,20.626,20.656,39.540,33.083,38.640,23.637,62.380,3.000,26.629,44.543,32.751,100.000,140.000,2250.0,2150.2,1890.0,2239.4,1905.0,90.0,63.0,0.0,0.0,93.4,21.9,87.6,0.0,0.0,0.0,Yes,No,No,No,No,Yes,No,0,0,0,0,0,0,0,0,0,0,0,0,0,0,0,0,0,0,0,0,0,0,0,0,0,0,0,0,0,0,539,7649,7416,567,16.0,64,0.300,23.437,600.0,997.0,0.1,0.0,0.0,0.0,0.0,0.0,0.0,0.0,0.8,127,16065,127,No,No,No,No,No,No,No,No,16.746,68.277,100.0,0.000,24.1,0,0,0,0.0,1.8,46.2,0.6,0.6,0.6,0.6,1.8,44.6,0.6,0.6,0.6,0.6,543.31,1613.11,21.63,17.64,1652.54,1652.54,0.48,542.82,543.31,0.00,784.32,651,9,0.1,0.1,0,0,0.0,0.0,0,
9.6.2026,14:12:57.441,23791,24977,48.7,14046,18338,43.3,10.5,16384,1721,1.186,1.205,1.181,1.186,1.181,1.182,1.147,1.167,1.218,1.223,1.208,1.169,1.184,1.169,1.184,1.101,0.783,2508.2,1396.6,4688.5,4688.5,4688.5,1396.6,4489.0,1097.3,3591.2,3591.2,1097.3,1097.3,1097.3,1097.3,1097.3,99.8,4090.0,342.2,107.3,413.1,4.3,327.1,1339.9,1.7,7.4,4017.0,161.3,0.3,293.6,0.4,59.3,17.0,4.6,82.2,2.3,2.3,1.8,1.8,427.3,9.4,4.6,27.4,0.0,13.0,32.6,0.0,0.0,85.8,4.5,0.0,9.6,0.0,4.0,0.4,0.0,6.3,0.0,0.0,0.0,0.0,85.8,9.4,100.0,13.6,4.6,17.2,0.3,14.5,53.5,0.1,0.6,153.5,6.6,0.0,11.8,0.0,3.4,1.2,0.3,4.8,0.1,0.1,0.1,0.1,13.7,25.1,14.0,47.0,47.0,47.0,14.0,45.0,11.0,36.0,36.0,11.0,11.0,11.0,11.0,11.0,41.0,61,62,62,62,63,59,63,61,61,61,61,61,61,61,61,39,38,38,38,37,41,37,39,39,39,39,39,39,39,39,74,63,No,No,No,No,No,No,No,No,No,No,No,No,No,No,No,No,No,No,No,No,No,No,No,No,No,No,No,No,No,No,No,No,No,No,No,No,No,No,No,No,No,No,No,No,No,No,No,No,74,67,63,1.100,15.188,21.058,15.011,0.001,4.664,0.497,175.0,175.0,175.0,175.0,0,0.0,9.7,5.2,27.9,0.2,13.5,33.1,0.0,0.2,85.7,5.1,0.0,9.9,0.0,4.3,1.2,0.2,6.3,0.1,0.1,0.1,0.1,11.4,40.6,30.4,60.0,13.0,3.2,12.1,0.0,0.0,0.0,0.0,0.0,0.0,0.0,0.0,56.3,0.0,0.0,1.2,0.4,0.0,0.1,95.4,98.6,99.7,93.2,99.7,99.7,99.8,99.8,39.8,21.3,49.6,2.1,0.0,88.9,76.7,2394.1,24.00,36,35,35,68,103,383,2,2,Yes,No,No,No,No,No,No,No,No,No,Yes,No,No,Yes,No,No,No,No,No,No,No,Yes,No,No,No,No,No,Yes,No,No,No,No,No,No,No,Yes,No,No,85.0,4080,2940,3900,56.8,1.110,1.110,1.815,1.815,0.990,5.110,0.875,No,No,No,57.2,1.110,1.110,1.815,1.815,0.990,5.110,1.000,No,No,No,44,44,94.0,100.0,No,No,32158,47983,37,70,99.0,100.0,No,No,1844,3246,0.0,1.1,1.1,0.000,0.028,92426,51420,0.0,0.0,0.0,0.000,0.000,164001,82786,68.7,74.0,73.8,83.0,0.875,20.639,20.624,20.654,49.694,31.420,39.000,23.738,62.829,3.000,26.737,31.182,33.452,100.000,140.000,2250.0,2150.2,1890.0,2240.1,1905.0,86.0,58.0,0.0,1.0,92.5,25.0,100.0,0.0,0.0,0.0,Yes,No,No,No,No,Yes,No,0,0,0,0,0,0,0,0,0,0,0,0,0,0,0,0,0,0,0,0,0,0,0,0,0,0,0,0,0,0,617,7571,7338,567,16.0,64,0.300,14.032,600.0,2394.0,0.1,0.0,0.0,0.0,0.0,0.0,0.0,0.0,0.8,127,16065,127,No,No,No,No,No,No,No,No,16.746,68.277,100.0,0.000,24.1,0,0,0,0.0,4.0,199.0,2.0,2.0,2.0,2.0,4.1,29.1,2.0,2.0,2.0,2.0,250.52,506.84,5.03,0.97,512.04,512.04,0.64,249.90,250.52,0.00,369.60,651,9,0.0,0.0,0,0,0.0,0.0,0,
9.6.2026,14:12:59.435,23788,24980,48.7,14093,18291,43.5,10.5,16384,1721,1.195,1.183,1.166,1.179,1.179,1.184,1.174,1.198,1.198,1.207,1.202,1.202,1.232,1.202,1.217,1.101,0.783,2123.4,1396.6,1396.6,4489.0,4489.0,4489.0,4688.5,1097.3,1097.3,1097.3,1097.3,1097.3,1097.3,1097.3,1097.3,99.8,4090.0,315.2,72.6,349.7,3.0,251.6,1112.8,0.2,7.8,4152.9,89.2,0.1,171.3,0.1,23.7,10.4,3.2,53.9,1.1,0.4,0.4,0.5,393.9,9.6,4.2,25.6,2.9,12.0,29.0,0.0,2.9,90.2,4.1,0.0,6.5,0.0,2.4,1.6,1.5,3.8,1.4,1.3,1.3,1.3,90.2,9.6,100.0,12.4,3.0,14.8,0.3,11.1,44.1,0.0,0.6,158.5,3.6,0.0,6.8,0.0,1.3,0.3,0.2,2.4,0.1,0.0,0.0,0.0,12.4,21.3,14.0,14.0,45.0,45.0,45.0,47.0,11.0,11.0,11.0,11.0,11.0,11.0,11.0,11.0,41.0,62,62,63,67,63,59,61,61,61,61,61,61,61,60,61,38,38,37,33,37,41,39,39,39,39,39,39,39,40,39,74,67,No,No,No,No,No,No,No,No,No,No,No,No,No,No,No,No,No,No,No,No,No,No,No,No,No,No,No,No,No,No,No,No,No,No,No,No,No,No,No,No,No,No,No,No,No,No,No,No,74,67,64,1.100,3.375,14.319,8.534,0.001,4.466,0.435,175.0,175.0,175.0,175.0,0,0.0,8.8,3.7,24.5,0.2,11.8,29.0,0.0,0.2,90.0,3.6,0.0,5.9,0.0,1.9,0.8,0.2,4.2,0.1,0.0,0.0,0.0,10.0,38.5,20.9,63.6,9.0,1.1,7.4,0.0,0.0,0.0,0.0,0.0,0.0,0.0,0.0,56.6,0.0,0.0,1.1,0.1,0.0,0.0,97.9,99.0,99.6,95.5,99.8,99.8,99.8,99.8,45.2,28.4,61.3,2.5,0.0,93.6,85.6,2394.1,24.00,36,35,35,68,103,383,2,2,Yes,No,No,No,No,No,No,No,No,No,Yes,No,No,Yes,No,No,No,No,No,No,No,Yes,No,No,No,No,No,Yes,No,No,No,No,No,No,No,Yes,No,No,84.0,4020,2880,3840,56.8,1.110,1.110,1.815,1.815,0.990,5.110,0.625,No,No,No,57.2,1.110,1.110,1.815,1.815,0.990,5.110,0.500,No,No,No,44,44,94.0,100.0,No,No,32158,47983,37,70,99.0,100.0,No,No,1844,3246,0.0,0.7,0.7,0.000,0.033,92426,51421,0.0,0.0,0.0,0.000,0.000,164001,82786,69.4,76.0,74.4,83.0,0.875,20.657,20.642,20.672,58.741,30.843,37.600,24.007,61.686,3.000,27.002,29.887,32.718,100.000,140.000,2250.0,2150.2,1890.0,2237.3,1905.0,90.0,57.0,0.0,0.0,92.5,20.8,83.0,0.0,0.0,0.0,Yes,No,No,No,No,Yes,No,0,0,0,0,0,0,0,0,0,0,0,0,0,0,0,0,0,0,0,0,0,0,0,0,0,0,0,0,0,0,617,7571,7338,547,16.0,64,0.300,13.620,600.0,2394.0,0.1,0.0,0.0,0.0,0.0,0.0,0.0,0.0,0.8,127,16065,127,No,No,No,No,No,No,No,No,16.746,68.277,100.0,0.000,24.1,0,0,0,0.0,3.0,94.0,2.0,2.0,2.0,2.0,3.0,25.6,1.9,1.9,1.9,1.9,335.53,506.61,10.63,1.66,506.77,506.77,0.71,334.82,335.53,0.00,358.11,651,9,0.0,0.0,0,0,0.0,0.0,0,
9.6.2026,14:13:1.440,23788,24980,48.7,14113,18270,43.5,10.5,16384,1720,1.203,1.204,1.206,1.200,1.180,1.206,1.216,1.214,1.229,1.232,1.192,1.202,1.192,1.187,1.182,1.141,0.783,3349.0,4688.5,4688.5,4688.5,4688.5,4688.5,4688.5,1097.3,1097.3,1097.3,1097.3,3591.2,3591.2,3591.2,3591.2,99.8,4289.5,331.7,73.8,647.1,3.1,276.8,2083.4,0.4,6.8,3098.5,124.6,0.2,118.0,0.4,44.0,30.0,6.7,117.9,0.6,0.6,0.6,0.9,414.5,15.3,2.9,18.1,0.0,11.6,49.4,42.5,0.0,67.4,3.1,45.9,0.4,47.7,3.4,2.8,0.0,10.3,0.0,0.0,0.0,0.0,67.4,15.3,100.0,13.3,3.1,26.7,0.3,12.6,81.7,0.0,0.6,118.6,5.1,0.0,5.0,0.0,2.3,1.9,0.4,6.5,0.1,0.1,0.1,0.1,13.3,33.6,47.0,47.0,47.0,47.0,47.0,47.0,11.0,11.0,11.0,11.0,36.0,36.0,36.0,36.0,43.0,61,63,62,62,64,59,59,62,62,62,61,60,60,60,60,39,37,38,38,36,41,41,38,38,38,39,40,40,40,40,74,64,No,No,No,No,No,No,No,No,No,No,No,No,No,No,No,No,No,No,No,No,No,No,No,No,No,No,No,No,No,No,No,No,No,No,No,No,No,No,No,No,No,No,No,No,No,No,No,No,74,64,65,1.100,10.125,13.470,7.732,0.001,4.437,0.430,175.0,175.0,175.0,175.0,0,0.0,8.7,3.1,16.7,0.2,11.5,49.3,0.0,0.2,67.6,4.0,0.0,3.5,0.0,3.7,2.5,0.6,10.1,0.0,0.0,0.0,0.1,12.2,51.9,37.4,42.4,28.3,4.3,6.4,0.0,0.0,0.0,0.0,0.0,0.0,0.0,0.0,56.0,0.0,0.0,1.1,1.3,0.0,0.0,96.0,97.3,99.3,89.4,99.8,99.8,99.8,99.8,42.3,25.1,44.9,3.9,0.6,89.7,89.3,2394.1,24.00,36,35,35,68,103,383,2,2,Yes,No,No,No,No,No,No,No,No,No,Yes,No,No,Yes,No,No,No,No,No,No,No,Yes,No,No,No,No,No,Yes,No,No,No,No,No,No,No,Yes,No,No,84.0,3840,3000,3720,56.8,1.095,1.110,1.815,1.815,0.990,5.110,0.625,No,No,No,57.2,1.110,1.110,1.815,1.815,0.990,5.110,0.750,No,No,No,44,44,94.0,100.0,No,No,32158,47983,37,70,99.0,100.0,No,No,1844,3246,0.2,0.8,1.0,0.166,0.078,92427,51421,0.0,0.0,0.0,0.000,0.000,164001,82786,66.6,76.0,71.5,83.0,0.875,20.675,20.663,20.688,63.022,23.971,32.734,20.043,52.837,3.000,23.027,11.453,24.702,100.000,140.000,2250.0,2150.2,1890.0,2236.6,1905.0,91.0,48.0,0.0,0.0,92.5,25.0,100.0,0.0,0.0,0.0,Yes,No,No,No,No,Yes,No,0,0,0,0,0,0,0,0,0,0,0,0,0,0,0,0,0,0,0,0,0,0,0,0,0,0,0,0,0,0,617,7571,7338,564,16.0,64,0.300,13.622,550.0,2394.0,0.1,0.0,0.0,0.0,0.0,0.0,0.0,0.0,0.8,127,16065,127,No,No,No,No,No,No,No,No,16.746,68.277,100.0,0.000,24.1,0,0,0,0.0,4.0,180.0,2.0,2.0,2.0,2.0,3.7,28.2,2.0,2.0,2.0,2.0,247.80,490.05,5.56,1.11,494.99,494.99,0.45,247.18,247.80,0.00,308.20,651,9,0.5,0.2,0,0,0.0,0.0,0,
9.6.2026,14:13:3.436,23794,24973,48.7,14200,18184,43.8,10.5,16384,1720,1.171,1.164,1.162,1.182,1.167,1.162,1.168,1.168,1.172,1.177,1.177,1.137,1.190,1.185,1.185,1.063,0.783,1874.0,4489.0,1396.6,4688.5,4688.5,798.0,1396.6,1097.3,1097.3,1097.3,1097.3,1097.3,1097.3,1097.3,1097.3,99.8,3890.5,342.9,77.2,692.0,3.3,263.7,1252.1,0.5,7.4,3976.6,108.7,0.5,186.5,0.4,71.1,40.9,5.0,167.0,2.4,0.8,0.8,0.8,428.3,9.8,2.4,16.7,2.0,11.5,31.6,0.0,2.0,84.9,4.0,0.0,8.6,6.8,5.1,2.3,2.3,14.7,0.0,0.0,0.0,0.4,84.9,9.8,100.0,13.7,3.2,28.6,0.3,11.9,50.0,0.0,0.6,151.9,4.6,0.0,7.5,0.0,4.0,2.2,0.3,9.3,0.2,0.1,0.1,0.1,13.7,18.8,45.0,14.0,47.0,47.0,8.0,14.0,11.0,11.0,11.0,11.0,11.0,11.0,11.0,11.0,39.0,61,61,63,63,63,59,63,60,60,60,60,60,60,60,60,39,39,37,37,37,41,37,40,40,40,40,40,40,40,40,74,63,No,No,No,No,No,No,No,No,No,No,No,No,No,No,No,No,No,No,No,No,No,No,No,No,No,No,No,No,No,No,No,No,No,No,No,No,No,No,No,No,No,No,No,No,No,No,No,No,74,67,66,1.100,7.594,14.258,8.482,0.001,4.446,0.431,175.0,175.0,175.0,175.0,0,0.0,9.2,2.8,18.1,0.2,12.0,32.1,0.0,0.2,84.7,3.8,0.0,5.5,0.0,6.0,3.5,0.4,14.4,0.2,0.1,0.1,0.1,13.3,57.5,38.8,60.6,14.4,4.4,10.9,0.0,0.0,0.0,0.0,0.0,0.0,0.0,0.0,55.3,0.0,0.0,0.5,0.1,0.0,0.0,93.6,96.2,99.4,85.1,99.6,99.7,99.7,99.7,39.4,18.7,43.0,2.7,0.0,89.2,82.5,2394.1,24.00,36,35,35,68,103,383,2,2,Yes,No,No,No,No,No,No,No,No,No,Yes,No,No,Yes,No,No,No,No,No,No,No,Yes,No,No,No,No,No,Yes,No,No,No,No,No,No,No,Yes,No,No,84.0,3780,3060,3660,56.8,1.095,1.110,1.815,1.815,0.990,5.110,0.625,No,No,No,57.2,1.095,1.110,1.815,1.815,0.990,5.110,0.625,No,No,No,44,44,94.0,100.0,No,No,32158,47983,37,70,99.0,100.0,No,No,1844,3246,0.0,1.2,1.2,0.000,0.154,92427,51421,0.0,0.0,0.0,0.000,0.000,164001,82786,69.6,74.0,74.7,83.0,0.875,20.692,20.680,20.703,63.832,28.192,31.520,19.254,50.845,3.000,22.244,36.728,33.756,100.000,140.000,2250.0,2150.2,1890.0,2238.2,1905.0,82.0,27.0,0.0,1.0,92.5,25.0,100.0,0.0,0.0,0.0,Yes,No,No,No,No,Yes,No,0,0,0,0,0,0,0,0,0,0,0,0,0,0,0,0,0,0,0,0,0,0,0,0,0,0,0,0,0,0,617,7571,7338,567,16.0,66,0.300,15.274,550.0,2394.0,0.1,0.0,0.0,0.0,0.0,0.0,0.0,0.0,0.8,127,16065,127,No,No,No,No,No,No,No,No,16.746,68.277,100.0,0.000,24.1,0,0,0,0.0,3.0,94.3,2.0,2.0,2.0,2.0,2.9,25.3,1.9,1.9,1.9,1.9,333.55,501.60,10.61,1.65,501.67,501.67,0.81,332.83,333.55,0.00,449.57,651,9,0.0,0.2,0,0,0.0,0.0,0,
9.6.2026,14:13:5.439,23789,24979,48.7,14202,18182,43.8,10.5,16384,1720,1.205,1.207,1.228,1.182,1.185,1.180,1.237,1.187,1.187,1.212,1.212,1.222,1.192,1.217,1.217,1.101,0.781,3334.7,4688.5,4688.5,4688.5,4688.5,4489.0,4688.5,1097.3,1097.3,1097.3,1097.3,3591.2,3591.2,3591.2,3591.2,99.8,4090.0,338.0,93.8,401.2,2.8,301.6,1461.9,0.4,5.5,3917.3,199.6,0.3,206.1,0.3,37.7,31.3,6.1,90.3,0.6,1.1,0.6,0.7,422.3,10.8,5.0,20.8,0.0,13.4,43.6,5.9,0.0,84.4,7.2,9.9,7.7,0.0,4.5,3.8,0.5,8.3,0.0,0.1,0.1,0.1,84.4,10.8,100.0,13.3,4.0,17.0,0.2,13.0,57.5,0.0,0.5,149.2,8.2,0.0,8.4,0.0,1.9,1.4,0.4,4.7,0.1,0.1,0.1,0.1,13.3,33.4,47.0,47.0,47.0,47.0,45.0,47.0,11.0,11.0,11.0,11.0,36.0,36.0,36.0,36.0,41.0,62,63,62,60,64,61,59,62,62,62,62,61,61,61,61,38,37,38,40,36,39,41,38,38,38,38,39,39,39,39,74,64,No,No,No,No,No,No,No,No,No,No,No,No,No,No,No,No,No,No,No,No,No,No,No,No,No,No,No,No,No,No,No,No,No,No,No,No,No,No,No,No,No,No,No,No,No,No,No,No,74,64,64,1.100,9.281,15.369,9.580,0.001,4.470,0.433,175.0,175.0,175.0,175.0,0,0.0,9.8,4.3,19.3,0.2,13.4,43.4,0.0,0.1,84.4,7.2,0.0,8.8,0.0,3.3,2.8,0.5,7.8,0.1,0.1,0.1,0.1,9.7,30.9,32.6,46.9,13.6,6.3,5.6,0.0,0.0,0.0,0.0,0.0,0.0,0.0,0.0,56.2,0.0,0.0,1.2,0.8,0.0,1.3,96.4,97.0,99.4,91.7,99.8,99.8,99.8,99.8,43.2,38.4,48.5,5.0,0.3,83.7,83.1,2394.1,24.00,36,35,35,68,103,383,2,2,Yes,No,No,No,No,No,No,No,No,No,Yes,No,No,Yes,No,No,No,No,No,No,No,Yes,No,No,No,No,No,Yes,No,No,No,No,No,No,No,Yes,No,No,85.0,3780,3120,3600,56.8,1.095,1.110,1.800,1.815,0.990,5.110,0.625,No,No,No,57.2,1.095,1.110,1.800,1.815,0.990,5.110,1.000,No,No,No,44,44,94.0,100.0,No,No,32158,47983,37,70,99.0,100.0,No,No,1844,3246,0.0,1.0,1.0,0.000,0.030,92427,51421,0.0,0.0,0.0,0.000,0.000,164001,82786,70.3,78.0,75.6,83.0,0.875,20.644,20.627,20.661,59.998,33.669,39.574,25.350,65.001,3.000,28.347,42.545,31.867,100.000,140.000,2250.0,2150.2,1890.0,2236.4,1905.0,95.0,67.0,0.0,0.0,92.5,22.8,91.1,0.0,0.0,0.0,Yes,No,No,No,No,Yes,No,0,0,0,0,0,0,0,0,0,0,0,0,0,0,0,0,0,0,0,0,0,0,0,0,0,0,0,0,0,0,617,7571,7338,567,16.0,65,0.300,15.436,600.0,2394.0,0.1,0.0,0.0,0.0,0.0,0.0,0.0,0.0,0.8,127,16065,127,No,No,No,No,No,No,No,No,16.746,68.277,100.0,0.000,24.1,0,0,0,0.0,3.5,131.3,2.0,2.0,2.0,2.0,3.5,27.9,2.0,1.9,1.9,1.9,284.59,498.06,7.62,1.29,501.04,501.04,0.66,283.87,284.59,0.00,301.11,651,9,4.1,1.1,0,0,0.0,0.0,0,
9.6.2026,14:13:7.437,23788,24980,48.7,14205,18179,43.8,10.5,16384,1720,1.187,1.199,1.194,1.184,1.169,1.144,1.147,1.202,1.177,1.162,1.167,1.215,1.215,1.225,1.215,1.101,0.783,2743.3,4688.5,4688.5,4688.5,4688.5,1396.6,4489.0,1097.3,1097.3,1097.3,3591.2,1097.3,1097.3,3591.2,1097.3,99.8,4090.0,315.5,84.9,405.1,3.7,207.1,1344.1,1.6,9.5,3835.3,53.4,0.1,214.9,1.3,41.8,12.9,18.2,65.2,4.0,2.1,2.5,2.1,393.7,9.1,3.3,20.7,2.9,9.5,33.2,0.0,3.0,81.2,2.1,0.0,5.9,5.0,3.7,0.5,2.0,5.7,1.5,0.6,0.7,0.6,81.2,9.1,100.0,12.5,3.6,17.1,0.3,9.3,52.7,0.1,0.7,146.5,2.3,0.0,8.6,0.1,2.5,1.0,1.0,3.7,0.3,0.1,0.2,0.1,12.5,27.5,47.0,47.0,47.0,47.0,14.0,45.0,11.0,11.0,11.0,36.0,11.0,11.0,36.0,11.0,41.0,61,63,62,63,63,59,59,60,60,60,60,60,61,61,61,39,37,38,37,37,41,41,40,40,40,40,40,39,39,39,74,63,No,No,No,No,No,No,No,No,No,No,No,No,No,No,No,No,No,No,No,No,No,No,No,No,No,No,No,No,No,No,No,No,No,No,No,No,No,No,No,No,No,No,No,No,No,No,No,No,74,67,65,1.100,5.063,15.532,9.746,0.001,4.472,0.432,175.0,175.0,175.0,175.0,0,0.0,8.3,3.6,19.9,0.2,9.1,33.1,0.0,0.2,81.1,2.4,0.0,5.3,0.0,3.5,1.0,1.5,5.5,0.2,0.1,0.1,0.1,10.7,42.5,22.9,55.5,17.9,2.9,8.1,0.0,0.0,0.0,0.0,0.0,0.0,0.0,0.0,56.3,0.0,0.0,1.6,0.1,0.0,0.4,96.1,98.8,98.2,94.1,99.6,99.8,99.8,99.8,45.8,28.0,62.5,5.9,0.0,93.0,85.3,997.6,10.00,22,15,15,28,103,160,2,2,Yes,No,No,No,No,No,No,No,No,No,Yes,No,No,Yes,No,No,No,No,No,No,No,Yes,No,No,No,No,No,Yes,No,No,No,No,No,No,No,Yes,No,No,85.0,3780,3240,3600,56.8,1.095,1.110,1.800,1.815,0.990,5.110,0.375,No,No,No,57.2,1.095,1.110,1.800,1.815,0.990,5.110,0.750,No,No,No,44,44,94.0,100.0,No,No,32158,47983,37,70,99.0,100.0,No,No,1844,3246,0.0,0.7,0.7,0.000,0.081,92427,51421,0.0,0.0,0.0,0.000,0.000,164001,82786,70.9,78.0,76.1,83.0,0.875,20.650,20.633,20.668,61.426,35.436,40.086,25.069,65.227,3.000,28.057,53.995,32.617,100.000,140.000,2250.0,2150.2,1890.0,2235.9,1905.0,95.0,63.0,0.0,0.0,92.5,24.7,98.7,0.0,0.0,0.0,Yes,No,No,No,No,Yes,No,0,0,0,0,0,0,0,0,0,0,0,0,0,0,0,0,0,0,0,0,0,0,0,0,0,0,0,0,0,0,617,7571,7338,567,16.0,64,0.300,14.401,600.0,2394.0,0.1,0.0,0.0,0.0,0.0,0.0,0.0,0.0,0.8,127,16065,127,No,No,No,No,No,No,No,No,16.746,68.277,100.0,0.000,24.1,0,0,0,0.0,2.4,2.8,2.1,2.0,2.0,2.0,2.4,3.0,2.0,1.9,1.9,1.9,422.87,487.76,357.98,356.79,489.09,489.09,1.00,421.64,422.87,0.00,323.88,651,9,1.4,0.8,0,0,0.0,0.0,0,
9.6.2026,14:13:9.432,23791,24977,48.7,14223,18161,43.9,10.5,16384,1720,1.190,1.208,1.197,1.197,1.151,1.177,1.182,1.177,1.207,1.162,1.202,1.211,1.211,1.171,1.211,1.101,0.781,2151.9,4688.5,1396.6,4688.5,4489.0,1396.6,4688.5,1097.3,1097.3,1097.3,1097.3,1097.3,1097.3,1097.3,1097.3,99.8,4090.0,307.7,71.9,380.7,3.1,218.5,1324.0,0.2,7.3,3927.8,112.8,0.1,53.8,0.1,13.6,6.7,0.6,30.8,0.5,0.4,0.4,0.5,384.5,8.4,3.8,26.4,0.0,10.5,32.2,0.0,0.0,85.7,4.2,0.0,2.9,0.0,1.3,0.0,0.0,1.4,0.0,0.0,0.0,0.0,85.7,8.4,100.0,12.1,3.0,16.2,0.3,9.9,52.3,0.0,0.6,149.7,4.6,0.0,2.2,0.0,0.7,0.4,0.1,1.7,0.0,0.0,0.0,0.0,12.1,21.6,47.0,14.0,47.0,45.0,14.0,47.0,11.0,11.0,11.0,11.0,11.0,11.0,11.0,11.0,41.0,61,61,63,62,66,59,60,61,61,61,61,60,60,60,60,39,39,37,38,34,41,40,39,39,39,39,40,40,40,40,74,66,No,No,No,No,No,No,No,No,No,No,No,No,No,No,No,No,No,No,No,No,No,No,No,No,No,No,No,No,No,No,No,No,No,No,No,No,No,No,No,No,No,No,No,No,No,No,No,No,74,67,64,1.100,5.906,13.699,7.986,0.001,4.402,0.428,175.0,175.0,175.0,175.0,0,0.0,8.5,3.6,26.7,0.2,10.3,32.2,0.0,0.2,85.7,4.0,0.0,1.9,0.0,1.2,0.6,0.0,2.7,0.0,0.0,0.0,0.0,9.5,36.6,22.5,57.1,12.1,1.3,3.8,0.0,0.0,0.0,0.0,0.0,0.0,0.0,0.0,56.8,0.0,0.0,0.5,0.5,0.0,0.0,98.7,99.3,99.9,97.0,99.8,99.9,99.9,99.8,46.9,26.5,61.2,6.2,0.8,92.7,93.7,1795.6,18.00,26,26,26,51,103,287,2,2,Yes,No,No,No,No,No,No,No,No,No,Yes,No,No,Yes,No,No,No,No,No,No,No,Yes,No,No,No,No,No,Yes,No,No,No,No,No,No,No,Yes,No,No,85.0,3780,3180,3600,56.8,1.095,1.110,1.800,1.815,1.005,5.110,0.625,No,No,No,57.2,1.095,1.110,1.800,1.815,1.005,5.110,0.625,No,No,No,44,44,94.0,100.0,No,No,32158,47983,37,70,99.0,100.0,No,No,1844,3246,0.0,0.3,0.3,0.000,0.005,92427,51421,0.0,0.0,0.0,0.000,0.000,164001,82786,70.6,78.0,75.7,83.0,0.875,20.657,20.642,20.671,61.011,28.381,39.416,22.851,62.364,3.000,25.840,15.050,30.144,100.000,140.000,2250.0,2150.2,1890.0,2236.3,1905.0,89.0,58.0,0.0,0.0,92.5,25.0,100.0,0.0,0.0,0.0,Yes,No,No,No,No,Yes,No,0,0,0,0,0,0,0,0,0,0,0,0,0,0,0,0,0,0,0,0,0,0,0,0,0,0,0,0,0,0,617,7571,7338,567,16.0,64,0.300,13.121,600.0,997.0,0.1,0.0,0.0,0.0,0.0,0.0,0.0,0.0,0.8,127,16065,127,No,No,No,No,No,No,No,No,16.745,68.277,100.0,0.000,24.1,0,0,0,0.0,3.0,93.7,2.0,2.0,2.0,2.0,3.0,25.3,1.9,1.9,1.9,1.9,332.58,500.00,10.67,1.74,500.07,500.07,0.66,331.89,332.58,0.00,467.74,651,9,0.0,0.0,0,0,0.0,0.0,0,
9.6.2026,14:13:11.440,23790,24978,48.7,14263,18121,44.0,10.5,16384,1720,1.193,1.202,1.201,1.191,1.171,1.161,1.221,1.176,1.200,1.190,1.185,1.190,1.190,1.215,1.215,1.101,0.783,3277.7,1396.6,4688.5,4688.5,4688.5,4489.0,4688.5,1097.3,1097.3,3591.2,1097.3,3591.2,3591.2,3591.2,3591.2,99.8,4090.0,315.4,71.9,633.6,3.4,262.3,811.7,0.3,8.8,4420.1,48.4,0.1,10.8,0.1,6.0,10.8,0.5,17.2,0.5,0.6,0.5,0.8,394.1,12.6,3.5,25.8,2.3,10.1,21.8,7.8,2.3,93.5,2.8,38.1,0.0,35.3,0.1,2.1,0.7,2.7,0.7,0.7,0.7,0.7,93.5,12.6,100.0,12.3,3.1,26.4,0.3,11.0,32.1,0.0,0.7,168.8,1.9,0.0,0.5,0.0,0.2,0.5,0.1,1.0,0.1,0.1,0.0,0.1,12.3,32.9,14.0,47.0,47.0,47.0,45.0,47.0,11.0,11.0,36.0,11.0,36.0,36.0,36.0,36.0,41.0,62,62,63,67,62,61,59,61,61,61,62,61,61,61,61,38,38,37,33,38,39,41,39,39,39,38,39,39,39,39,74,67,No,No,No,No,No,No,No,No,No,No,No,No,No,No,No,No,No,No,No,No,No,No,No,No,No,No,No,No,No,No,No,No,No,No,No,No,No,No,No,No,No,No,No,No,No,No,No,No,74,66,64,1.100,11.813,13.248,7.552,0.001,4.382,0.428,175.0,175.0,175.0,175.0,0,0.0,8.0,3.6,24.2,0.2,10.4,22.5,0.0,0.2,93.1,2.2,0.0,0.5,0.0,0.5,0.9,0.0,1.3,0.0,0.0,0.0,0.0,9.9,42.2,21.0,67.9,6.3,0.0,1.9,0.0,0.0,0.0,0.0,0.0,0.0,0.0,0.0,57.0,0.0,1.5,0.3,0.0,0.0,0.0,99.4,98.9,99.9,98.5,99.8,99.9,99.9,99.8,47.7,24.3,61.9,5.7,0.0,97.2,97.5,2394.1,24.00,36,35,35,68,103,383,2,2,Yes,No,No,No,No,No,No,No,No,No,Yes,No,No,Yes,No,No,No,No,No,No,No,Yes,No,No,No,No,No,Yes,No,No,No,No,No,No,No,Yes,No,No,84.0,3720,3180,3600,56.8,1.095,1.110,1.800,1.815,1.005,5.110,0.875,No,No,No,57.2,1.095,1.110,1.800,1.815,1.005,5.110,0.750,No,No,No,44,44,94.0,100.0,No,No,32158,47983,37,70,99.0,100.0,No,No,1844,3246,0.0,1.3,1.3,0.000,0.101,92427,51421,0.0,0.0,0.0,0.000,0.000,164001,82786,70.7,76.0,75.8,83.0,0.875,20.668,20.654,20.682,60.889,30.490,39.082,20.819,59.977,3.000,23.796,33.568,33.186,100.000,140.000,2250.0,2150.2,1890.0,2236.9,1905.0,93.0,38.0,0.0,0.0,92.5,20.6,82.3,0.0,0.0,0.0,Yes,No,No,No,No,Yes,No,0,0,0,0,0,0,0,0,0,0,0,0,0,0,0,0,0,0,0,0,0,0,0,0,0,0,0,0,0,0,617,7571,7338,567,16.0,65,0.300,14.043,600.0,1795.0,0.1,0.0,0.0,0.0,0.0,0.0,0.0,0.0,0.8,127,16065,127,No,No,No,No,No,No,No,No,16.746,68.277,100.0,0.000,24.1,0,0,0,0.0,14.7,523.9,7.5,7.4,7.4,7.4,11.1,32.0,6.7,6.6,6.6,6.6,68.03,134.15,1.91,0.69,135.50,135.50,0.61,67.30,68.03,0.00,151.01,651,9,2.3,0.0,0,0,0.0,0.0,0,
9.6.2026,14:13:13.432,23790,24978,48.7,14284,18100,44.1,10.5,16384,1720,1.206,1.227,1.203,1.228,1.223,1.183,1.183,1.208,1.201,1.221,1.221,1.221,1.166,1.221,1.183,1.101,0.783,2429.8,4688.5,1396.6,4888.0,4888.0,4688.5,4688.5,1097.3,1097.3,1097.3,1097.3,1097.3,1097.3,1097.3,1097.3,99.8,4090.0,311.1,84.6,199.9,1.5,119.4,1180.1,0.3,1729.4,2332.3,141.7,0.2,139.3,0.1,42.5,51.3,28.1,59.1,65.8,25.2,20.1,1.4,381.9,7.5,4.0,13.0,0.0,3.7,27.9,0.0,36.7,35.0,5.0,0.0,3.7,0.0,2.4,3.2,1.6,3.6,6.2,2.4,1.6,0.0,36.7,7.5,100.0,12.4,3.5,8.4,0.1,5.5,46.8,0.0,66.4,89.5,6.0,0.0,5.7,0.0,2.5,2.9,1.5,3.2,3.5,1.0,1.1,0.1,12.4,24.4,47.0,14.0,49.0,49.0,47.0,47.0,11.0,11.0,11.0,11.0,11.0,11.0,11.0,11.0,41.0,61,61,60,68,59,58,59,61,61,61,61,61,61,61,61,39,39,40,32,41,42,41,39,39,39,39,39,39,39,39,74,68,No,No,No,No,No,No,No,No,No,No,No,No,No,No,No,No,No,No,No,No,No,No,No,No,No,No,No,No,No,No,No,No,No,No,No,No,No,No,No,No,No,No,No,No,No,No,No,No,74,66,64,1.100,7.594,13.484,7.774,0.001,4.394,0.429,175.0,175.0,175.0,175.0,0,0.0,8.6,4.0,13.9,0.1,5.0,28.3,0.0,36.0,49.4,5.1,0.0,4.4,0.0,3.6,4.5,2.4,5.1,5.6,2.2,1.7,0.1,8.8,19.2,9.7,59.5,12.8,14.2,8.2,0.0,0.0,0.0,0.0,0.0,0.0,0.0,0.0,55.4,0.0,0.0,1.8,0.5,0.0,0.0,96.2,95.3,97.4,94.6,94.1,97.6,98.2,99.8,52.1,59.5,82.1,6.5,0.5,78.1,86.1,997.6,10.00,22,15,15,28,103,160,2,2,Yes,No,No,No,No,No,No,No,No,No,Yes,No,No,Yes,No,No,No,No,No,No,No,Yes,No,No,No,No,No,Yes,No,No,No,No,No,No,No,Yes,No,No,84.0,3660,3180,3540,56.8,1.110,1.110,1.800,1.815,1.005,5.110,0.750,No,No,No,57.2,1.110,1.110,1.800,1.815,1.005,5.110,0.500,No,No,No,44,44,94.0,100.0,No,No,32158,47983,37,70,99.0,100.0,No,No,1844,3246,0.0,0.8,0.8,0.000,0.058,92427,51422,0.0,0.0,0.0,0.000,0.000,164001,82786,70.3,76.0,75.2,83.0,0.875,20.668,20.652,20.684,59.292,30.287,37.864,23.027,60.955,3.000,26.007,31.756,29.399,100.000,140.000,2250.0,2150.2,1890.0,2235.8,1905.0,84.0,46.0,0.0,0.0,92.5,24.9,99.7,0.0,0.0,0.0,Yes,No,No,No,No,Yes,No,0,0,0,0,0,0,0,0,0,0,0,0,0,0,0,0,0,0,0,0,0,0,0,0,0,0,0,0,0,0,617,7571,7338,567,16.0,64,0.300,12.829,550.0,2394.0,0.1,0.0,0.0,0.0,0.0,0.0,0.0,0.0,0.8,127,16065,127,No,No,No,No,No,No,No,No,16.745,68.277,100.0,0.000,24.1,0,0,0,0.0,6.5,6.5,6.5,6.5,6.5,6.5,5.6,5.6,5.6,5.6,5.6,5.6,153.53,153.53,153.53,153.53,153.53,153.53,1.79,151.14,153.53,0.00,158.78,651,9,0.0,0.1,0,0,0.0,0.0,0,
9.6.2026,14:13:15.436,23791,24977,48.7,14303,18081,44.1,10.5,16384,1720,1.195,1.211,1.216,1.191,1.206,1.192,1.162,1.217,1.187,1.187,1.177,1.202,1.182,1.192,1.207,1.101,0.783,3291.9,4688.5,4688.5,4688.5,1396.6,4688.5,4688.5,3591.2,3591.2,3591.2,3591.2,1097.3,1097.3,1097.3,3591.2,99.8,4090.0,291.8,74.8,0.2,0.6,0.2,866.3,0.2,4497.1,0.3,281.7,0.3,59.5,0.2,0.6,0.6,0.5,0.6,36.0,13.0,2.6,1.0,361.5,13.3,2.7,0.0,0.0,0.0,21.5,46.3,94.4,0.0,7.9,38.9,3.6,47.2,0.0,0.0,0.0,0.0,2.6,1.3,0.6,0.0,94.4,13.3,100.0,11.5,2.9,0.0,0.0,0.0,38.4,0.0,172.1,0.0,11.4,0.0,2.3,0.0,0.1,0.1,0.1,0.1,2.1,1.1,0.1,0.1,11.5,33.0,47.0,47.0,47.0,14.0,47.0,47.0,36.0,36.0,36.0,36.0,11.0,11.0,11.0,36.0,41.0,61,61,59,63,64,62,61,61,61,61,61,61,61,61,61,39,39,41,37,36,38,39,39,39,39,39,39,39,39,39,74,64,No,No,No,No,No,No,No,No,No,No,No,No,No,No,No,No,No,No,No,No,No,No,No,No,No,No,No,No,No,No,No,No,No,No,No,No,No,No,No,No,No,No,No,No,No,No,No,No,74,67,64,1.100,5.063,12.822,7.085,0.001,4.427,0.429,175.0,175.0,175.0,175.0,0,0.0,6.7,3.0,0.0,0.0,0.0,21.6,0.0,93.8,0.0,8.3,0.0,2.5,0.0,0.1,0.1,0.0,0.0,2.7,1.0,0.2,0.1,6.7,0.0,0.0,69.3,4.4,18.4,1.7,0.0,0.0,0.0,0.0,0.0,0.0,0.0,0.0,56.8,0.0,0.0,0.1,0.3,0.0,0.0,99.8,99.8,99.8,99.8,97.0,98.8,99.6,99.8,60.9,96.6,99.8,3.7,0.0,70.4,95.1,2394.1,24.00,36,35,35,68,103,383,2,2,Yes,No,No,No,No,No,No,No,No,No,Yes,No,No,Yes,No,No,No,No,No,No,No,Yes,No,No,No,No,No,Yes,No,No,No,No,No,No,No,Yes,No,No,85.0,3660,3060,3540,56.8,1.110,1.110,1.800,1.815,1.005,5.110,0.875,No,No,No,57.0,1.110,1.110,1.800,1.815,1.005,5.110,0.500,No,No,No,44,44,94.0,100.0,No,No,32158,47983,37,70,99.0,100.0,No,No,1844,3246,0.0,1.2,1.2,0.000,0.038,92427,51422,0.0,0.0,0.0,0.000,0.000,164001,82786,68.7,76.0,73.7,83.0,0.875,20.677,20.665,20.689,61.907,26.730,34.221,20.169,54.454,3.000,23.143,34.827,17.297,100.000,140.000,2250.0,2150.2,1890.0,2234.8,1905.0,81.0,43.0,0.0,0.0,92.5,25.0,99.9,0.0,0.0,0.0,Yes,No,No,No,No,Yes,No,0,0,0,0,0,0,0,0,0,0,0,0,0,0,0,0,0,0,0,0,0,0,0,0,0,0,0,0,0,0,617,7571,7338,567,16.0,64,0.300,12.839,600.0,997.0,0.1,0.0,0.0,0.0,0.0,0.0,0.0,0.0,0.8,127,16065,127,No,No,No,No,No,No,No,No,16.746,68.277,100.0,0.000,24.1,0,0,0,0.0,2.1,2.1,2.1,2.1,2.1,2.1,2.0,2.0,2.0,2.0,2.0,2.0,466.08,466.08,466.08,466.08,466.08,466.08,1.33,464.64,466.08,0.00,337.29,651,9,0.1,0.4,0,0,0.0,0.0,0,
9.6.2026,14:13:17.435,23794,24974,48.7,14346,18037,44.3,10.5,16384,1720,1.180,1.198,1.158,1.168,1.193,1.203,1.176,1.196,1.196,1.181,1.166,1.166,1.172,1.151,1.202,1.101,0.783,2094.9,798.0,1396.6,4489.0,4688.5,4688.5,4489.0,1097.3,1097.3,1097.3,1097.3,1097.3,1097.3,1097.3,1097.3,99.8,4090.0,298.1,89.0,0.1,1.0,0.0,916.2,0.1,4549.0,0.1,281.4,0.2,24.6,0.2,0.4,0.4,0.4,0.4,61.2,24.1,12.5,0.5,366.5,7.6,4.3,0.6,1.5,0.6,22.4,0.0,96.5,0.0,8.0,0.0,0.8,8.4,0.7,0.7,0.7,0.7,4.1,0.7,0.0,0.7,96.5,7.6,100.0,11.8,3.8,0.0,0.1,0.0,39.7,0.0,175.1,0.0,11.4,0.0,1.2,0.0,0.0,0.0,0.0,0.0,3.3,1.3,0.8,0.1,11.8,21.0,8.0,14.0,45.0,47.0,47.0,45.0,11.0,11.0,11.0,11.0,11.0,11.0,11.0,11.0,41.0,61,62,62,63,66,57,58,61,61,61,61,61,61,61,61,39,38,38,37,34,43,42,39,39,39,39,39,39,39,39,74,66,No,No,No,No,No,No,No,No,No,No,No,No,No,No,No,No,No,No,No,No,No,No,No,No,No,No,No,No,No,No,No,No,No,No,No,No,No,No,No,No,No,No,No,No,No,No,No,No,74,68,64,1.100,8.438,13.457,7.722,0.001,4.417,0.428,175.0,175.0,175.0,175.0,0,0.0,6.9,4.3,0.0,0.1,0.0,22.9,0.0,95.2,0.0,8.2,0.0,1.0,0.0,0.0,0.0,0.0,0.0,4.2,1.6,0.8,0.0,7.7,3.3,0.0,70.3,3.3,29.0,1.5,0.0,0.0,0.0,0.0,0.0,0.0,0.0,0.0,56.6,0.0,0.0,0.0,0.0,0.0,0.0,99.8,99.8,99.8,99.8,95.5,98.3,99.1,99.9,58.2,91.2,99.8,1.2,0.0,60.4,96.8,2394.1,24.00,36,35,35,68,103,383,2,2,Yes,No,No,No,No,No,No,No,No,No,Yes,No,No,Yes,No,No,No,No,No,No,No,Yes,No,No,No,No,No,Yes,No,No,No,No,No,No,No,Yes,No,No,85.0,3600,3000,3540,56.8,1.110,1.110,1.815,1.815,1.005,5.110,0.500,No,No,No,57.0,1.110,1.110,1.800,1.815,1.005,5.110,0.750,No,No,No,44,44,94.0,100.0,No,No,32158,47983,37,70,99.0,100.0,No,No,1844,3246,0.0,0.6,0.6,0.000,0.007,92427,51422,0.0,0.0,0.0,0.000,0.000,164001,82786,68.3,76.0,73.8,83.0,0.875,20.667,20.655,20.680,55.833,28.220,33.359,21.915,55.360,3.000,24.895,37.392,21.619,100.000,140.000,2250.0,2150.2,1890.0,2235.6,1905.0,87.0,59.0,0.0,0.0,92.5,25.0,100.0,0.0,0.0,0.0,Yes,No,No,No,No,Yes,No,0,0,0,0,0,0,0,0,0,0,0,0,0,0,0,0,0,0,0,0,0,0,0,0,0,0,0,0,0,0,617,7571,7338,567,16.0,64,0.300,13.812,600.0,2394.0,0.1,0.0,0.0,0.0,0.0,0.0,0.0,0.0,0.8,127,16065,127,No,No,No,No,No,No,No,No,16.746,68.277,100.0,0.000,24.1,0,0,0,0.0,3.0,103.5,1.9,1.9,1.9,1.9,2.8,25.1,1.9,1.9,1.9,1.9,335.50,538.77,9.67,1.29,540.26,540.26,0.80,334.74,335.50,0.00,307.61,651,9,0.6,0.4,0,0,0.0,0.0,0,
9.6.2026,14:13:19.453,23793,24975,48.7,14380,18004,44.4,10.5,16384,1720,1.171,1.153,1.174,1.174,1.189,1.179,1.164,1.175,1.170,1.160,1.160,1.175,1.180,1.166,1.181,1.063,0.783,2109.1,1396.6,1396.6,4688.5,4688.5,4688.5,1396.6,1097.3,1097.3,1097.3,1097.3,1097.3,1097.3,1097.3,3591.2,99.8,3890.5,292.2,71.3,0.1,0.6,0.1,874.1,0.1,4487.1,0.2,257.3,0.2,41.3,0.1,1.6,0.4,0.4,0.4,39.1,43.7,24.2,2.1,358.5,8.3,4.5,0.0,0.0,0.0,21.8,12.7,94.4,14.4,9.7,0.0,2.0,0.0,0.0,0.0,0.0,0.0,1.7,3.2,1.7,0.6,94.4,8.3,100.0,11.6,2.8,0.0,0.0,0.0,37.5,0.0,172.6,0.0,10.6,0.0,1.7,0.0,0.1,0.0,0.0,0.0,2.2,2.4,1.3,0.1,11.6,21.1,14.0,14.0,47.0,47.0,47.0,14.0,11.0,11.0,11.0,11.0,11.0,11.0,11.0,36.0,39.0,61,61,63,63,64,61,58,61,61,61,61,60,60,60,61,39,39,37,37,36,39,42,39,39,39,39,40,40,40,39,74,64,No,No,No,No,No,No,No,No,No,No,No,No,No,No,No,No,No,No,No,No,No,No,No,No,No,No,No,No,No,No,No,No,No,No,No,No,No,No,No,No,No,No,No,No,No,No,No,No,72,66,64,1.100,12.656,13.316,7.595,0.001,4.409,0.429,175.0,175.0,175.0,175.0,0,0.0,6.9,4.0,0.0,0.1,0.0,21.9,0.0,93.3,0.0,9.4,0.0,1.6,0.0,0.1,0.0,0.0,0.0,2.8,3.4,2.0,0.1,7.6,2.6,0.0,72.1,5.3,24.3,2.3,0.0,0.0,0.0,0.0,0.0,0.0,0.0,0.0,56.5,0.0,0.0,0.2,0.0,0.2,0.0,99.8,99.8,99.8,99.8,96.9,96.4,97.9,99.8,58.7,92.9,99.8,0.8,0.0,63.5,95.2,997.6,10.00,22,15,15,28,103,160,2,2,Yes,No,No,No,No,No,No,No,No,No,Yes,No,No,Yes,No,No,No,No,No,No,No,Yes,No,No,No,No,No,Yes,No,No,No,No,No,No,No,Yes,No,No,85.0,3660,3000,3540,56.5,1.110,1.110,1.815,1.815,1.005,5.110,0.625,No,No,No,57.0,1.110,1.110,1.815,1.815,1.005,5.110,0.875,No,No,No,44,44,94.0,100.0,No,No,32158,47983,37,70,99.0,100.0,No,No,1844,3246,0.0,1.0,1.0,0.000,0.037,92427,51422,0.0,0.0,0.0,0.000,0.000,164001,82786,69.2,76.0,74.3,83.0,0.875,20.671,20.658,20.685,56.175,28.969,34.458,21.918,56.448,3.000,24.904,32.515,29.538,100.000,140.000,2250.0,2150.2,1890.0,2235.3,1905.0,81.0,49.0,0.0,0.0,92.5,20.7,82.9,0.0,0.0,0.0,Yes,No,No,No,No,Yes,No,0,0,0,0,0,0,0,0,0,0,0,0,0,0,0,0,0,0,0,0,0,0,0,0,0,0,0,0,0,0,617,7571,7338,567,16.0,65,0.300,13.070,600.0,2394.0,0.1,0.0,0.0,0.0,0.0,0.0,0.0,0.0,0.8,127,16065,127,No,No,No,No,No,No,No,No,16.747,68.277,100.0,0.000,24.1,0,0,0,0.0,3.5,134.9,2.0,2.0,2.0,2.0,3.5,27.6,2.0,1.9,1.9,1.9,282.79,495.67,7.42,1.14,498.66,498.66,0.56,282.15,282.79,0.00,302.09,651,9,0.0,0.0,0,0,0.0,0.0,0,
9.6.2026,14:13:21.441,23852,24916,48.9,15031,17352,46.4,10.5,16384,1720,0.977,0.990,0.995,0.993,0.974,0.969,0.990,0.970,0.970,1.006,0.960,0.965,0.962,0.965,0.965,0.918,0.783,3370.3,3790.7,3790.7,3790.7,3691.0,3691.0,3790.7,3092.4,3092.4,3092.4,3092.4,3092.4,3092.4,3092.4,2992.7,99.8,3192.2,794.1,705.2,383.4,634.6,421.8,2429.2,558.4,2873.2,578.8,757.6,504.5,678.7,480.7,493.6,482.4,484.6,499.5,796.4,784.3,668.8,666.1,810.4,31.0,21.1,41.7,18.5,10.8,54.1,51.5,64.9,51.9,17.1,50.3,14.4,40.6,15.0,13.8,13.1,13.1,38.7,37.4,27.0,24.9,64.9,31.0,100.0,30.4,28.9,14.1,24.5,14.8,94.0,18.6,110.4,18.8,26.7,15.5,22.0,13.3,20.8,20.1,19.5,19.7,36.1,35.0,28.4,27.6,30.4,33.8,38.0,38.0,38.0,37.0,37.0,38.0,31.0,31.0,31.0,31.0,31.0,31.0,31.0,30.0,32.0,70,71,71,74,72,71,70,70,70,70,72,68,68,68,68,30,29,29,26,28,29,30,30,30,30,28,32,32,32,32,77,74,No,No,No,No,No,No,No,No,No,No,No,No,No,No,No,No,No,No,No,No,No,No,No,No,No,No,No,No,No,No,Yes,Yes,Yes,Yes,Yes,Yes,Yes,Yes,Yes,Yes,Yes,Yes,Yes,Yes,Yes,No,No,Yes,76,74,64,1.100,53.157,13.188,7.478,0.001,4.414,0.428,175.0,175.0,175.0,175.0,0,0.0,23.8,21.2,9.7,18.0,10.7,55.3,14.0,65.2,14.4,19.8,12.9,17.8,12.4,17.3,16.2,15.9,16.3,40.8,39.8,30.0,28.8,7.5,16.0,8.1,32.6,21.2,20.5,7.0,0.0,0.0,0.0,0.0,0.0,0.0,0.0,0.0,43.0,1.6,0.0,5.2,4.9,0.0,1.8,82.0,83.2,83.6,83.2,57.9,59.0,69.1,70.6,43.2,56.9,70.3,1.8,4.3,54.8,71.0,2394.1,24.00,36,35,35,68,103,383,2,2,Yes,No,No,No,No,No,No,No,No,Yes,Yes,No,No,Yes,No,No,No,No,No,No,No,Yes,No,No,No,No,No,Yes,No,No,No,No,No,No,No,Yes,No,No,85.0,3660,3060,3540,56.5,1.110,1.110,1.815,1.815,1.005,5.110,0.750,No,No,No,57.0,1.110,1.110,1.815,1.815,1.005,5.110,1.125,No,No,No,44,44,94.0,100.0,No,No,32158,47983,37,70,99.0,100.0,No,No,1844,3246,0.0,2.5,2.5,0.000,3.132,92427,51428,0.0,0.0,0.0,0.000,0.000,164001,82786,61.8,72.0,68.8,83.0,0.875,20.671,20.674,20.669,45.338,9.828,9.894,8.848,18.768,3.000,11.864,8.195,8.224,100.000,140.000,2250.0,2150.2,1890.0,2242.3,1905.0,0.0,0.0,0.0,0.0,85.6,23.0,92.0,0.0,0.0,0.0,Yes,No,No,No,No,Yes,No,0,0,0,0,0,0,0,0,0,0,0,0,0,0,0,0,0,0,0,0,0,0,0,0,0,0,0,0,0,0,1175,7013,6780,567,16.0,65,0.300,15.536,600.0,997.0,0.1,0.0,0.0,0.0,0.0,0.0,0.0,0.0,0.8,127,16065,127,No,No,No,No,No,No,No,No,16.746,68.277,100.0,0.000,24.1,0,0,0,0.0,16.0,2744.8,3.6,3.4,3.4,3.4,16.4,86.1,3.7,3.5,3.5,3.5,62.44,279.31,0.36,0.36,294.23,294.23,0.29,62.07,62.44,0.00,93.95,651,9,0.0,0.2,0,0,0.0,0.0,0,
9.6.2026,14:13:23.448,24298,24470,49.8,14207,18177,43.8,10.5,16384,1720,1.191,1.202,1.167,1.157,1.177,1.194,1.194,1.174,1.211,1.206,1.206,1.197,1.182,1.222,1.192,1.101,0.781,2786.0,4688.5,4489.0,4489.0,4688.5,4688.5,4688.5,1097.3,1097.3,1097.3,1097.3,1097.3,1097.3,3591.2,1097.3,99.8,4090.0,730.4,771.8,507.3,633.5,514.4,2021.4,553.7,3761.0,473.1,1373.3,328.2,928.1,268.8,301.8,282.5,326.7,210.8,393.8,319.8,322.3,314.7,828.5,19.2,20.5,12.7,16.1,13.3,48.6,0.0,91.2,0.0,36.4,0.0,25.4,0.0,14.3,12.7,16.6,10.8,19.3,15.8,14.4,15.9,91.2,19.2,100.0,34.5,29.8,20.2,25.6,21.1,81.5,24.2,145.3,21.7,56.3,16.6,39.6,15.7,22.4,21.3,24.2,19.1,28.8,25.5,25.7,26.0,34.6,27.9,47.0,45.0,45.0,47.0,47.0,47.0,11.0,11.0,11.0,11.0,11.0,11.0,36.0,11.0,41.0,63,65,61,68,63,63,60,62,62,62,62,62,62,62,62,37,35,39,32,37,37,40,38,38,38,38,38,38,38,38,74,68,No,No,No,No,No,No,No,No,No,No,No,No,No,No,No,No,No,No,No,No,No,No,No,No,No,No,No,No,No,No,Yes,Yes,Yes,Yes,Yes,Yes,Yes,Yes,Yes,Yes,Yes,Yes,Yes,Yes,Yes,No,No,Yes,74,65,64,1.100,16.031,23.538,17.319,0.001,4.762,0.533,175.0,175.0,175.0,175.0,0,0.0,19.3,19.9,13.0,16.0,13.1,47.4,13.8,89.4,11.8,34.0,8.6,22.1,7.0,11.4,9.8,13.4,7.0,14.5,11.8,10.1,11.2,6.3,7.9,5.6,26.9,7.5,29.2,10.3,0.3,0.3,0.0,0.0,0.7,0.0,0.0,0.0,51.4,2.9,1.1,5.5,0.0,2.4,2.9,87.7,89.2,86.1,92.5,83.8,87.5,89.3,88.3,41.1,66.4,74.0,12.9,0.0,30.9,62.1,2394.1,24.00,36,35,35,68,103,383,2,2,Yes,No,No,No,No,No,No,No,No,Yes,Yes,No,No,Yes,No,No,No,No,No,No,No,Yes,No,No,No,No,No,Yes,No,No,No,No,No,No,No,Yes,No,No,85.0,3780,3060,3600,56.8,1.110,1.110,1.815,1.815,1.005,5.110,0.875,No,No,No,57.2,1.110,1.110,1.815,1.815,1.005,5.110,1.000,No,No,No,44,44,94.0,100.0,No,No,32158,47983,37,70,99.0,100.0,No,No,1844,3246,0.0,1.6,1.6,0.000,2.193,92427,51432,0.0,0.0,0.0,0.000,0.000,164001,82786,61.7,70.0,68.4,83.0,0.875,20.749,20.749,20.749,22.749,10.994,12.915,9.524,22.471,3.000,12.543,8.235,8.271,100.000,140.000,2250.0,2150.2,1890.0,2190.4,1905.0,79.0,22.0,0.0,0.0,93.4,4.0,16.1,0.0,0.0,0.0,Yes,No,No,No,No,Yes,No,0,0,0,0,0,0,0,0,0,0,0,0,0,0,0,0,0,0,0,0,0,0,0,0,0,0,0,0,0,0,539,7649,7416,567,16.0,65,0.300,31.825,600.0,2394.0,0.1,0.0,0.0,0.0,0.0,0.0,0.0,0.0,0.8,127,16065,127,No,No,No,No,No,No,No,No,16.746,68.277,100.0,0.000,24.1,0,0,0,0.0,16.0,2744.8,3.6,3.4,3.4,3.4,16.4,86.1,3.7,3.5,3.5,3.5,62.44,279.31,0.36,0.36,294.23,294.23,0.29,62.07,62.44,0.00,93.95,651,9,0.4,0.0,0,0,0.0,0.0,0,
9.6.2026,14:13:25.451,23851,24916,48.9,14028,18355,43.3,10.5,16384,1720,1.186,1.213,1.200,1.135,1.175,1.183,1.183,1.183,1.183,1.183,1.203,1.192,1.202,1.182,1.182,1.101,0.781,2878.7,4688.5,4688.5,1396.6,4688.5,1396.6,4688.5,3591.2,3591.2,3591.2,3591.2,1097.3,1097.3,1097.3,1097.3,99.8,4090.0,325.0,162.8,0.4,19.7,0.2,1444.4,0.3,3936.5,0.4,580.2,0.3,160.6,0.3,0.6,0.6,0.6,0.5,78.6,48.9,21.3,43.2,394.3,11.1,5.4,0.5,1.1,0.0,33.2,8.3,90.2,13.9,15.2,9.6,4.3,21.7,0.6,0.6,0.6,0.5,4.4,4.7,2.4,4.4,90.2,11.1,100.0,13.0,6.7,0.0,0.8,0.0,59.2,0.0,151.8,0.0,23.2,0.0,6.5,0.0,0.1,0.1,0.1,0.1,4.5,2.8,1.2,2.3,13.0,28.9,47.0,47.0,14.0,47.0,14.0,47.0,36.0,36.0,36.0,36.0,11.0,11.0,11.0,11.0,41.0,62,63,63,63,66,61,61,61,61,61,61,60,60,60,60,38,37,37,37,34,39,39,39,39,39,39,40,40,40,40,75,66,No,No,No,No,No,No,No,No,No,No,No,No,No,No,No,No,No,No,No,No,No,No,No,No,No,No,No,No,No,No,No,No,No,No,No,No,No,No,No,No,No,No,No,No,No,No,No,No,74,66,64,1.100,5.906,24.758,18.383,0.001,4.920,0.584,175.0,175.0,175.0,175.0,0,0.0,8.2,5.7,0.0,0.6,0.0,33.5,0.0,88.9,0.0,15.5,0.0,4.5,0.0,0.1,0.1,0.1,0.0,5.7,4.0,1.9,3.9,8.7,9.0,1.1,61.2,9.2,35.7,5.3,0.0,0.0,0.0,0.0,0.0,0.0,0.0,0.0,56.0,0.0,0.0,0.0,0.0,1.8,0.0,99.8,99.8,99.8,99.8,93.9,95.8,97.9,95.9,52.3,84.1,97.9,0.7,0.0,43.2,88.0,997.6,10.00,22,15,15,28,103,160,2,2,Yes,No,No,No,No,No,No,No,No,No,Yes,No,No,Yes,No,No,No,No,No,No,No,Yes,No,No,No,No,No,Yes,No,No,No,No,No,No,No,Yes,No,No,85.0,3960,2820,3780,56.8,1.110,1.110,1.815,1.815,1.005,5.110,0.625,No,No,No,57.2,1.110,1.110,1.815,1.815,1.005,5.110,0.375,No,No,No,44,44,94.0,100.0,No,No,32158,47983,37,70,99.0,100.0,No,No,1844,3246,0.0,0.6,0.6,0.000,0.020,92427,51432,0.0,0.0,0.0,0.000,0.000,164001,82786,68.0,76.0,72.8,83.0,0.875,20.652,20.639,20.666,60.780,26.564,37.834,22.868,60.780,3.000,25.850,9.172,26.441,100.000,140.000,2250.0,2150.2,1890.0,2235.6,1905.0,81.0,51.0,0.0,0.0,93.4,25.0,100.0,0.0,0.0,0.0,Yes,No,No,No,No,Yes,No,0,0,0,0,0,0,0,0,0,0,0,0,0,0,0,0,0,0,0,0,0,0,0,0,0,0,0,0,0,0,539,7649,7416,567,16.0,64,0.300,16.240,600.0,2394.0,0.1,0.0,0.0,0.0,0.0,0.0,0.0,0.0,0.8,127,16065,127,No,No,No,No,No,No,No,No,16.746,68.277,100.0,0.000,24.1,0,0,0,0.0,16.0,2744.8,3.6,3.4,3.4,3.4,16.4,86.1,3.7,3.5,3.5,3.5,62.44,279.31,0.36,0.36,294.23,294.23,0.29,62.07,62.44,0.00,93.95,651,9,0.1,0.1,0,0,0.0,0.0,0,
9.6.2026,14:13:27.460,23763,25005,48.7,14075,18309,43.4,10.5,16384,1720,1.189,1.190,1.199,1.189,1.199,1.195,1.185,1.220,1.185,1.180,1.180,1.180,1.180,1.180,1.180,1.101,0.781,2636.4,4688.5,4688.5,4688.5,4688.5,4688.5,4688.5,1097.3,1097.3,1097.3,1097.3,1097.3,1097.3,1097.3,1097.3,99.8,4090.0,294.8,67.5,0.1,0.9,0.1,871.9,0.1,4559.9,0.1,296.8,0.3,51.6,0.1,0.4,0.4,0.4,0.4,27.5,15.7,0.6,0.5,365.7,6.8,2.4,0.0,0.0,0.5,20.6,0.0,97.0,0.0,9.2,0.0,1.9,0.0,0.0,0.0,0.0,0.0,2.7,1.2,0.0,0.0,97.0,6.8,100.0,11.8,2.6,0.0,0.0,0.0,39.4,0.0,176.1,0.0,12.3,0.0,2.2,0.0,0.0,0.0,0.0,0.0,1.5,0.9,0.1,0.0,11.8,26.4,47.0,47.0,47.0,47.0,47.0,47.0,11.0,11.0,11.0,11.0,11.0,11.0,11.0,11.0,41.0,61,62,61,62,66,56,60,61,61,61,61,60,60,60,60,39,38,39,38,34,44,40,39,39,39,39,40,40,40,40,74,66,No,No,No,No,No,No,No,No,No,No,No,No,No,No,No,No,No,No,No,No,No,No,No,No,No,No,No,No,No,No,No,No,No,No,No,No,No,No,No,No,No,No,No,No,No,No,No,No,74,67,63,1.100,12.656,15.174,9.334,0.001,4.520,0.437,175.0,175.0,175.0,175.0,0,0.0,6.8,2.6,0.0,0.1,0.0,21.5,0.0,95.4,0.0,9.6,0.0,2.1,0.0,0.0,0.0,0.0,0.0,2.2,1.4,0.1,0.0,8.2,0.0,0.0,71.4,2.8,38.4,1.8,0.0,0.0,0.0,0.0,0.0,0.0,0.0,0.0,56.8,0.0,0.0,0.1,0.0,0.0,0.0,99.8,99.8,99.8,99.9,97.6,98.5,99.8,99.9,56.9,97.1,99.8,0.5,0.0,48.8,94.9,2194.6,22.00,32,32,32,62,103,351,2,2,Yes,No,No,No,No,No,No,No,No,No,Yes,No,No,Yes,No,No,No,No,No,No,No,Yes,No,No,No,No,No,Yes,No,No,No,No,No,No,No,Yes,No,No,84.0,4020,2820,3840,56.8,1.110,1.110,1.815,1.815,1.005,5.110,0.625,No,No,No,57.2,1.110,1.110,1.815,1.815,1.005,5.110,0.750,No,No,No,43,43,94.0,100.0,No,No,32158,47983,37,70,99.0,100.0,No,No,1844,3246,0.0,1.4,1.4,0.000,0.148,92427,51432,0.0,0.0,0.0,0.000,0.000,164001,82786,69.4,74.0,74.2,83.0,0.875,20.641,20.626,20.656,50.116,34.099,39.639,22.916,62.628,3.000,25.894,54.740,29.879,100.000,140.000,2250.0,2150.2,1890.0,2236.2,1905.0,80.0,48.0,0.0,1.0,92.5,24.9,99.5,0.0,0.0,0.0,Yes,No,No,No,No,Yes,No,0,0,0,0,0,0,0,0,0,0,0,0,0,0,0,0,0,0,0,0,0,0,0,0,0,0,0,0,0,0,617,7571,7338,567,16.0,64,0.300,13.734,600.0,997.0,0.1,0.0,0.0,0.0,0.0,0.0,0.0,0.0,0.8,127,16065,127,No,No,No,No,No,No,No,No,16.746,68.277,100.0,0.000,24.1,0,0,0,0.0,16.0,2744.8,3.6,3.4,3.4,3.4,16.4,86.1,3.7,3.5,3.5,3.5,62.44,279.31,0.36,0.36,294.23,294.23,0.29,62.07,62.44,0.00,93.95,651,9,0.1,0.0,0,0,0.0,0.0,0,
9.6.2026,14:13:29.452,23759,25009,48.7,14105,18279,43.5,10.5,16384,1720,0.982,1.179,1.137,1.163,1.163,1.163,0.786,0.781,0.786,1.221,1.219,0.784,0.784,0.784,0.799,1.101,0.783,1817.0,4489.0,1396.6,1396.6,1396.6,4688.5,798.0,1097.3,1097.3,3591.2,1097.3,1097.3,1097.3,1097.3,1097.3,99.8,4090.0,296.2,123.4,0.1,3.7,0.1,905.0,0.5,4340.8,0.2,272.6,0.2,73.6,0.1,1.1,0.6,0.6,0.5,56.5,87.6,43.8,12.1,357.7,9.9,5.8,0.0,0.0,0.0,22.6,33.6,92.7,8.4,9.2,7.8,0.0,0.6,0.0,0.0,0.0,0.0,3.9,7.3,3.5,1.6,92.7,9.9,100.0,11.8,5.3,0.0,0.2,0.0,38.4,0.0,167.0,0.0,11.2,0.0,3.1,0.0,0.1,0.1,0.1,0.1,3.1,4.7,2.4,0.7,11.8,18.2,45.0,14.0,14.0,14.0,47.0,8.0,11.0,11.0,36.0,11.0,11.0,11.0,11.0,11.0,41.0,61,61,62,63,63,61,59,61,61,61,61,60,60,60,60,39,39,38,37,37,39,41,39,39,39,39,40,40,40,40,72,63,No,No,No,No,No,No,No,No,No,No,No,No,No,No,No,No,No,No,No,No,No,No,No,No,No,No,No,No,No,No,No,No,No,No,No,No,No,No,No,No,No,No,No,No,No,No,No,No,74,66,64,1.100,3.375,13.573,7.820,0.001,4.436,0.432,175.0,175.0,175.0,175.0,0,0.0,7.4,5.9,0.0,0.1,0.0,22.5,0.0,91.7,0.0,8.8,0.0,2.5,0.0,0.1,0.1,0.1,0.0,4.1,7.3,3.6,1.0,8.8,5.1,0.0,67.3,6.7,39.3,4.4,0.0,0.0,0.0,0.0,0.0,0.0,0.0,0.0,55.9,0.0,0.0,0.0,0.0,0.0,0.0,99.8,99.8,99.8,99.8,95.5,92.4,96.2,98.9,55.4,87.6,99.7,4.9,0.0,48.7,91.7,997.6,10.00,22,15,15,28,103,160,2,2,Yes,No,No,No,No,No,No,No,No,No,Yes,No,No,Yes,No,No,No,No,No,No,No,Yes,No,No,No,No,No,Yes,No,No,No,No,No,No,No,Yes,No,No,84.0,3840,2940,3720,56.8,1.110,1.110,1.815,1.815,1.005,5.110,0.625,No,No,No,57.2,1.110,1.110,1.800,1.815,1.005,5.110,0.500,No,No,No,43,43,94.0,100.0,No,No,32158,47983,37,70,99.0,100.0,No,No,1844,3246,0.0,1.0,1.0,0.000,0.051,92427,51432,0.0,0.0,0.0,0.000,0.000,164001,82786,69.4,76.0,74.2,83.0,0.875,20.675,20.659,20.691,56.062,28.687,34.626,22.519,57.210,3.000,25.514,26.320,31.621,100.000,140.000,2250.0,2150.2,1890.0,2238.3,1905.0,84.0,48.0,0.0,0.0,92.5,24.9,99.5,0.0,0.0,0.0,Yes,No,No,No,No,Yes,No,0,0,0,0,0,0,0,0,0,0,0,0,0,0,0,0,0,0,0,0,0,0,0,0,0,0,0,0,0,0,617,7571,7338,567,16.0,65,0.300,13.228,600.0,2194.0,0.1,0.0,0.0,0.0,0.0,0.0,0.0,0.0,0.8,127,16065,127,No,No,No,No,No,No,No,No,16.746,68.277,100.0,0.000,24.1,0,0,0,0.0,5.5,687.7,2.0,2.0,2.0,2.0,5.4,32.7,2.1,2.1,2.1,2.1,182.20,489.29,1.45,0.60,498.30,498.30,0.83,181.53,182.20,0.00,328.16,651,9,0.2,0.1,0,0,0.0,0.0,0,
9.6.2026,14:13:31.456,23761,25007,48.7,14130,18254,43.6,10.5,16384,1720,1.191,1.213,1.193,1.193,1.179,1.164,1.184,1.199,1.179,1.214,1.199,1.189,1.199,1.179,1.189,1.101,0.783,2935.7,1396.6,4688.5,4688.5,4688.5,4688.5,4688.5,1097.3,1097.3,3591.2,3591.2,1097.3,3591.2,1097.3,1097.3,99.8,4090.0,296.9,83.7,0.1,5.0,0.1,1040.4,0.2,4248.6,0.3,364.6,0.3,60.6,0.3,0.6,4.7,0.5,0.5,57.9,52.4,16.5,0.9,363.2,11.9,3.8,37.9,1.3,0.3,24.7,0.0,89.7,8.2,12.1,1.1,4.3,35.7,1.2,1.5,1.2,1.1,4.9,5.1,2.5,1.2,89.7,11.9,100.0,11.7,3.2,0.0,0.2,0.0,43.2,0.0,163.4,0.0,14.9,0.0,2.4,0.0,0.1,0.3,0.1,0.0,3.2,2.8,0.9,0.1,11.7,29.4,14.0,47.0,47.0,47.0,47.0,47.0,11.0,11.0,36.0,36.0,11.0,36.0,11.0,11.0,41.0,61,62,62,62,66,60,59,61,61,61,61,60,60,60,60,39,38,38,38,34,40,41,39,39,39,39,40,40,40,40,74,66,No,No,No,No,No,No,No,No,No,No,No,No,No,No,No,No,No,No,No,No,No,No,No,No,No,No,No,No,No,No,No,No,No,No,No,No,No,No,No,No,No,No,No,No,No,No,No,No,74,67,64,1.100,2.531,13.170,7.445,0.001,4.408,0.429,175.0,175.0,175.0,175.0,0,0.0,7.1,3.5,0.0,0.1,0.0,25.4,0.0,88.8,0.0,12.6,0.0,1.7,0.0,0.0,0.4,0.0,0.0,3.7,4.0,1.4,0.0,7.0,0.0,0.0,63.9,9.7,23.0,1.0,0.0,0.0,0.0,0.0,0.0,0.0,0.0,0.0,56.5,0.0,0.0,0.4,0.0,0.9,0.0,99.8,99.5,99.9,99.9,95.8,95.8,98.4,99.8,59.6,96.1,99.7,5.3,0.0,59.9,96.3,2394.1,24.00,36,35,35,68,103,383,2,2,Yes,No,No,No,No,No,No,No,No,No,Yes,No,No,Yes,No,No,No,No,No,No,No,Yes,No,No,No,No,No,Yes,No,No,No,No,No,No,No,Yes,No,No,85.0,3720,3060,3540,56.8,1.110,1.110,1.815,1.815,1.005,5.110,0.750,No,No,No,57.2,1.110,1.110,1.815,1.815,1.005,5.110,0.625,No,No,No,43,43,94.0,100.0,No,No,32158,47983,37,70,99.0,100.0,No,No,1844,3246,0.0,1.1,1.1,0.000,0.032,92427,51433,0.0,0.0,0.0,0.000,0.000,164001,82786,70.4,76.0,75.6,83.0,0.875,20.659,20.645,20.673,54.187,25.641,36.330,22.586,59.000,3.000,25.567,9.045,23.957,100.000,140.000,2250.0,2150.2,1890.0,2238.4,1905.0,88.0,63.0,0.0,0.0,92.5,25.0,100.0,0.0,0.0,0.0,Yes,No,No,No,No,Yes,No,0,0,0,0,0,0,0,0,0,0,0,0,0,0,0,0,0,0,0,0,0,0,0,0,0,0,0,0,0,0,617,7571,7338,567,16.0,65,0.300,12.869,600.0,997.0,0.1,0.0,0.0,0.0,0.0,0.0,0.0,0.0,0.8,127,16065,127,No,No,No,No,No,No,No,No,16.746,68.277,100.0,0.000,24.1,0,0,0,0.0,1.9,1.9,1.9,1.9,1.9,1.9,2.0,2.0,2.0,2.0,2.0,2.0,519.85,519.85,519.85,519.85,519.85,519.85,1.05,518.92,519.85,0.00,6.99,651,9,2.1,0.0,0,0,0.0,0.0,0,
9.6.2026,14:13:33.449,23754,25014,48.7,14190,18194,43.8,10.5,16384,1720,1.202,1.191,1.185,1.190,1.220,1.197,1.186,1.221,1.221,1.221,1.181,1.221,1.221,1.196,1.181,1.101,0.781,2180.4,1396.6,1396.6,4688.5,4888.0,4688.5,4688.5,1097.3,1097.3,1097.3,1097.3,1097.3,1097.3,1097.3,1097.3,99.8,4090.0,298.1,102.8,0.1,1.4,0.1,1060.3,0.2,4324.7,0.2,205.6,0.2,56.7,0.4,0.5,0.5,0.4,0.4,100.7,60.2,45.8,1.4,359.7,11.7,4.3,0.0,0.0,0.0,24.8,34.7,92.8,27.7,6.6,31.9,0.8,0.0,0.0,0.0,0.0,0.0,5.5,3.5,2.3,0.0,92.8,11.7,100.0,11.9,4.4,0.0,0.1,0.0,44.7,0.0,166.6,0.0,8.8,0.0,2.3,0.0,0.0,0.0,0.0,0.0,5.5,3.3,2.5,0.1,11.9,21.9,14.0,14.0,47.0,49.0,47.0,47.0,11.0,11.0,11.0,11.0,11.0,11.0,11.0,11.0,41.0,61,61,62,62,66,61,60,60,60,60,60,61,61,60,60,39,39,38,38,34,39,40,40,40,40,40,39,39,40,40,74,66,No,No,No,No,No,No,No,No,No,No,No,No,No,No,No,No,No,No,No,No,No,No,No,No,No,No,No,No,No,No,No,No,No,No,No,No,No,No,No,No,No,No,No,No,No,No,No,No,72,64,64,1.100,4.219,13.149,7.425,0.001,4.421,0.428,175.0,175.0,175.0,175.0,0,0.0,7.3,4.3,0.0,0.1,0.0,25.2,0.0,91.6,0.0,6.7,0.0,1.7,0.0,0.0,0.0,0.0,0.0,7.6,5.0,3.8,0.1,7.9,2.8,0.0,68.7,6.4,31.5,0.9,0.0,0.0,0.0,0.0,0.0,0.0,0.0,0.0,55.9,0.0,0.0,0.0,0.1,0.0,0.0,99.8,99.8,99.8,99.8,92.0,94.8,96.0,99.8,58.0,92.0,99.8,1.0,0.0,59.1,96.0,2194.6,22.00,32,32,32,62,103,351,2,2,Yes,No,No,No,No,No,No,No,No,No,Yes,No,No,Yes,No,No,No,No,No,No,No,Yes,No,No,No,No,No,Yes,No,No,No,No,No,No,No,Yes,No,No,85.0,3660,3120,3540,56.8,1.110,1.110,1.815,1.815,1.005,5.110,0.750,No,No,No,57.2,1.110,1.110,1.815,1.815,1.005,5.110,0.625,No,No,No,43,43,94.0,100.0,No,No,32158,47983,37,70,99.0,100.0,No,No,1844,3246,1.2,0.5,1.6,0.016,0.013,92427,51433,0.0,0.0,0.0,0.000,0.000,164001,82786,69.2,74.0,74.3,83.0,0.875,20.649,20.632,20.666,53.754,32.118,40.537,24.407,65.014,3.000,27.398,29.084,35.389,100.000,140.000,2250.0,2150.2,1890.0,2238.5,1905.0,90.0,64.0,0.0,0.0,92.5,24.7,98.6,0.0,0.0,0.0,Yes,No,No,No,No,Yes,No,0,0,0,0,0,0,0,0,0,0,0,0,0,0,0,0,0,0,0,0,0,0,0,0,0,0,0,0,0,0,617,7571,7338,567,16.0,63,0.300,13.652,600.0,2394.0,0.1,0.0,0.0,0.0,0.0,0.0,0.0,0.0,0.8,127,16065,127,No,No,No,No,No,No,No,No,16.746,68.277,100.0,0.000,24.1,0,0,0,0.0,1.9,1.9,1.9,1.9,1.9,1.9,2.0,2.0,2.0,2.0,2.0,2.0,519.85,519.85,519.85,519.85,519.85,519.85,1.05,518.92,519.85,0.00,6.99,651,9,0.5,0.2,0,0,0.0,0.0,0,
9.6.2026,14:13:35.450,23756,25012,48.7,14194,18190,43.8,10.5,16384,1720,1.186,1.181,1.202,1.187,1.172,1.177,1.162,1.177,1.177,1.177,1.183,1.183,1.208,1.208,1.208,1.101,0.778,3869.1,4489.0,4688.5,4688.5,4688.5,4688.5,4688.5,3591.2,3591.2,3591.2,3591.2,1097.3,3591.2,3591.2,3591.2,99.8,4090.0,291.6,68.6,0.2,2.5,0.2,750.1,0.2,4651.1,0.2,255.7,0.3,60.3,0.2,0.6,0.6,0.6,0.6,31.0,8.0,0.6,0.9,362.0,10.3,3.7,4.9,0.0,0.0,19.4,13.8,97.5,29.4,8.1,16.1,2.8,4.9,0.0,0.0,0.0,0.0,3.3,0.8,0.5,0.0,97.5,10.3,100.0,11.5,2.7,0.0,0.1,0.0,32.4,0.0,178.5,0.0,10.5,0.0,2.5,0.0,0.1,0.1,0.1,0.1,1.7,0.5,0.1,0.1,11.5,38.8,45.0,47.0,47.0,47.0,47.0,47.0,36.0,36.0,36.0,36.0,11.0,36.0,36.0,36.0,41.0,62,61,63,62,67,62,57,62,62,62,62,61,61,61,61,38,39,37,38,33,38,43,38,38,38,38,39,39,39,39,74,67,No,No,No,No,No,No,No,No,No,No,No,No,No,No,No,No,No,No,No,No,No,No,No,No,No,No,No,No,No,No,No,No,No,No,No,No,No,No,No,No,No,No,No,No,No,No,No,No,72,64,64,1.100,4.219,13.139,7.389,0.001,4.426,0.428,175.0,175.0,175.0,175.0,0,0.0,6.6,3.3,0.0,0.1,0.0,19.4,0.0,96.5,0.0,7.8,0.0,1.6,0.0,0.1,0.1,0.1,0.1,2.1,0.4,0.0,0.1,7.3,0.0,0.0,73.6,2.4,22.8,3.8,0.0,0.0,0.0,0.0,0.0,0.0,0.0,0.0,56.9,0.0,0.0,0.0,0.0,0.0,0.0,99.8,99.8,99.8,99.8,97.6,99.5,99.8,99.8,59.8,96.4,99.7,2.1,0.0,67.0,93.8,2394.1,24.00,36,35,35,68,103,383,2,2,Yes,No,No,No,No,No,No,No,No,No,Yes,No,No,Yes,No,No,No,No,No,No,No,Yes,No,No,No,No,No,Yes,No,No,No,No,No,No,No,Yes,No,No,85.0,3660,3120,3540,56.8,1.110,1.110,1.815,1.815,1.005,5.110,0.625,No,No,No,57.2,1.110,1.110,1.815,1.815,1.005,5.110,0.625,No,No,No,43,43,94.0,100.0,No,No,32158,47983,37,70,99.0,100.0,No,No,1844,3246,0.0,1.0,1.0,0.008,0.049,92427,51433,0.0,0.0,0.0,0.000,0.000,164001,82786,70.2,78.0,75.1,83.0,0.875,20.655,20.639,20.670,56.922,32.971,38.588,23.797,62.465,3.000,26.794,47.223,28.928,100.000,140.000,2250.0,2150.2,1890.0,2236.1,1905.0,89.0,63.0,0.0,0.0,92.5,24.8,99.4,0.0,0.0,0.0,Yes,No,No,No,No,Yes,No,0,0,0,0,0,0,0,0,0,0,0,0,0,0,0,0,0,0,0,0,0,0,0,0,0,0,0,0,0,0,617,7571,7338,567,16.0,64,0.300,12.582,600.0,2194.0,0.1,0.0,0.0,0.0,0.0,0.0,0.0,0.0,0.8,127,16065,127,No,No,No,No,No,No,No,No,16.746,68.277,100.0,0.000,24.1,0,0,0,0.0,1.9,1.9,1.9,1.9,1.9,1.9,2.0,2.0,2.0,2.0,2.0,2.0,519.85,519.85,519.85,519.85,519.85,519.85,1.05,518.92,519.85,0.00,6.99,651,9,0.4,0.0,0,0,0.0,0.0,0,
9.6.2026,14:13:37.468,23754,25014,48.7,14190,18194,43.8,10.5,16384,1720,1.191,1.169,1.213,1.183,1.208,1.168,1.188,1.182,1.182,1.193,1.213,1.224,1.189,1.184,1.184,1.101,0.781,2137.6,1396.6,4688.5,798.0,4888.0,4688.5,4688.5,1097.3,1097.3,1097.3,1097.3,1097.3,1097.3,1097.3,1097.3,99.8,4090.0,288.4,70.4,0.1,0.6,0.1,762.3,0.1,4554.3,0.1,289.1,0.2,41.1,0.1,0.5,0.4,0.4,0.4,28.0,13.2,6.6,0.6,357.5,6.6,2.6,0.5,0.0,0.5,19.1,0.0,96.5,0.0,8.1,0.0,0.8,0.0,0.0,0.0,0.0,0.0,3.2,0.8,0.3,0.0,96.5,6.6,100.0,11.3,2.7,0.0,0.0,0.0,32.3,0.0,174.8,0.0,11.7,0.0,1.7,0.0,0.0,0.0,0.0,0.0,1.6,0.7,0.4,0.1,11.3,21.4,14.0,47.0,8.0,49.0,47.0,47.0,11.0,11.0,11.0,11.0,11.0,11.0,11.0,11.0,41.0,61,61,62,62,66,60,58,60,60,60,60,60,61,61,61,39,39,38,38,34,40,42,40,40,40,40,40,39,39,39,74,66,No,No,No,No,No,No,No,No,No,No,No,No,No,No,No,No,No,No,No,No,No,No,No,No,No,No,No,No,No,No,No,No,No,No,No,No,No,No,No,No,No,No,No,No,No,No,No,No,74,64,64,1.100,11.813,12.648,6.939,0.001,4.394,0.428,175.0,175.0,175.0,175.0,0,0.0,6.6,2.9,0.0,0.0,0.0,19.7,0.0,95.5,0.0,8.5,0.0,1.1,0.0,0.1,0.0,0.0,0.0,2.0,1.1,0.6,0.0,7.0,0.0,0.0,73.6,3.3,20.7,1.0,0.0,0.0,0.0,0.0,0.0,0.0,0.0,0.0,56.8,0.0,0.0,0.3,0.0,0.0,0.0,99.8,99.9,99.8,99.8,97.7,98.8,99.3,99.9,60.6,96.7,99.8,2.0,0.0,68.2,97.0,1795.6,18.00,26,26,26,51,103,287,2,2,Yes,No,No,No,No,No,No,No,No,No,Yes,No,No,Yes,No,No,No,No,No,No,No,Yes,No,No,No,No,No,Yes,No,No,No,No,No,No,No,Yes,No,No,85.0,3660,3120,3540,56.8,1.095,1.110,1.815,1.815,1.005,5.110,0.625,No,No,No,57.0,1.110,1.110,1.815,1.815,1.005,5.110,0.875,No,No,No,43,43,94.0,100.0,No,No,32158,47983,37,70,99.0,100.0,No,No,1844,3246,0.0,0.6,0.6,0.000,0.013,92427,51433,0.0,0.0,0.0,0.000,0.000,164001,82786,70.6,76.0,75.7,83.0,0.875,20.649,20.634,20.665,58.235,32.796,39.122,24.657,63.856,3.000,27.643,38.735,32.558,100.000,140.000,2250.0,2150.2,1890.0,2236.2,1905.0,89.0,64.0,0.0,0.0,92.5,25.0,100.0,0.0,0.0,0.0,Yes,No,No,No,No,Yes,No,0,0,0,0,0,0,0,0,0,0,0,0,0,0,0,0,0,0,0,0,0,0,0,0,0,0,0,0,0,0,617,7571,7338,567,16.0,63,0.300,12.259,550.0,2394.0,0.1,0.0,0.0,0.0,0.0,0.0,0.0,0.0,0.8,127,16065,127,No,No,No,No,No,No,No,No,16.746,68.277,100.0,0.000,24.1,0,0,0,0.0,2.0,2.0,2.0,2.0,2.0,2.0,2.1,2.1,2.1,2.1,2.1,2.1,509.97,509.97,509.97,509.97,509.97,509.97,0.78,509.28,509.97,0.00,484.26,651,9,0.2,0.0,0,0,0.0,0.0,0,
9.6.2026,14:13:39.458,23754,25013,48.7,14200,18184,43.8,10.5,16384,1720,1.198,1.187,1.206,1.211,1.186,1.167,1.177,1.198,1.203,1.213,1.213,1.208,1.198,1.193,1.208,1.063,0.783,3634.0,4489.0,4688.5,4688.5,4688.5,4688.5,1396.6,3591.2,3591.2,3591.2,3591.2,1097.3,3591.2,3591.2,3591.2,99.8,3890.5,293.8,78.8,0.1,0.8,0.1,1283.9,0.2,4004.3,0.2,255.7,0.2,56.3,0.2,0.6,0.6,0.5,0.5,79.8,87.0,6.7,19.9,355.2,16.8,3.9,0.0,0.6,0.0,29.1,48.9,85.4,49.1,6.9,49.9,1.6,35.2,1.4,1.4,1.4,1.4,6.1,9.0,1.9,3.1,85.4,16.8,100.0,11.7,3.2,0.0,0.0,0.0,52.0,0.0,154.1,0.0,10.6,0.0,2.4,0.0,0.1,0.1,0.1,0.0,4.3,4.7,0.4,1.1,11.6,36.4,45.0,47.0,47.0,47.0,47.0,14.0,36.0,36.0,36.0,36.0,11.0,36.0,36.0,36.0,39.0,61,61,61,63,63,61,58,60,60,60,60,61,61,61,61,39,39,39,37,37,39,42,40,40,40,40,39,39,39,39,72,63,No,No,No,No,No,No,No,No,No,No,No,No,No,No,No,No,No,No,No,No,No,No,No,No,No,No,No,No,No,No,No,No,No,No,No,No,No,No,No,No,No,No,No,No,No,No,No,No,74,67,64,1.100,5.906,12.249,6.582,0.001,4.358,0.425,175.0,175.0,175.0,175.0,0,0.0,7.2,4.0,0.0,0.1,0.0,29.6,0.0,84.5,0.0,7.2,0.0,1.8,0.0,0.1,0.1,0.1,0.0,6.2,7.6,0.6,1.7,7.3,1.9,0.0,62.9,12.1,22.8,2.8,0.0,0.0,0.0,0.0,0.0,0.0,0.0,0.0,56.0,0.0,0.0,0.3,1.4,0.0,0.0,99.8,99.8,99.8,99.8,93.4,92.1,99.3,98.1,59.6,93.6,99.8,2.9,0.3,66.8,94.0,2394.1,24.00,36,35,35,68,103,383,2,2,Yes,No,No,No,No,No,No,No,No,No,Yes,No,No,Yes,No,No,No,No,No,No,No,Yes,No,No,No,No,No,Yes,No,No,No,No,No,No,No,Yes,No,No,85.0,3660,3060,3480,56.8,1.095,1.110,1.815,1.815,1.005,5.110,0.875,No,No,No,57.0,1.095,1.110,1.815,1.815,1.005,5.110,0.625,No,No,No,43,43,94.0,100.0,No,No,32158,47983,37,70,99.0,100.0,No,No,1844,3246,0.0,1.3,1.3,0.000,0.076,92427,51433,0.0,0.0,0.0,0.000,0.000,164001,82786,69.6,76.0,74.7,83.0,0.875,20.651,20.635,20.666,59.361,32.539,38.594,24.948,63.611,3.000,27.932,36.628,33.058,100.000,140.000,2250.0,2150.2,1890.0,2236.1,1905.0,72.0,34.0,0.0,0.0,92.5,25.0,100.0,0.0,0.0,0.0,Yes,No,No,No,No,Yes,No,0,0,0,0,0,0,0,0,0,0,0,0,0,0,0,0,0,0,0,0,0,0,0,0,0,0,0,0,0,0,617,7571,7338,567,16.0,64,0.300,12.296,600.0,1795.0,0.1,0.0,0.0,0.0,0.0,0.0,0.0,0.0,0.8,127,16065,127,No,No,No,No,No,No,No,No,16.747,68.277,100.0,0.000,24.1,0,0,0,0.0,3.5,163.1,1.8,1.8,1.8,1.8,3.3,27.6,1.8,1.8,1.7,1.7,282.52,558.90,6.13,1.06,564.54,564.54,0.94,281.47,282.52,0.00,473.45,651,9,0.2,0.1,0,0,0.0,0.0,0,
9.6.2026,14:13:41.453,23760,25007,48.7,14259,18125,44.0,10.5,16384,1720,1.062,1.204,1.169,1.174,1.174,0.775,0.780,0.775,0.775,1.173,1.173,1.173,1.178,1.173,1.168,1.101,0.778,1695.9,4688.5,1396.6,1396.6,4688.5,1396.6,1396.6,1097.3,1097.3,1097.3,1097.3,1097.3,1097.3,1097.3,1097.3,99.8,4090.0,293.2,67.5,0.1,2.9,0.1,864.9,0.2,4447.8,0.6,316.4,0.3,83.0,0.1,0.5,0.4,0.4,0.4,51.7,16.6,6.4,3.5,361.6,6.8,3.7,0.0,0.0,0.0,21.2,0.0,93.8,0.0,12.2,0.0,2.8,0.0,0.0,0.0,0.0,0.0,3.1,0.0,0.0,0.0,93.8,6.8,100.0,11.6,2.7,0.0,0.1,0.0,37.2,0.0,171.0,0.0,13.4,0.0,3.4,0.0,0.0,0.0,0.0,0.0,2.8,0.9,0.4,0.2,11.6,17.0,47.0,14.0,14.0,47.0,14.0,14.0,11.0,11.0,11.0,11.0,11.0,11.0,11.0,11.0,41.0,61,58,62,62,63,59,59,61,61,61,62,61,61,61,61,39,42,38,38,37,41,41,39,39,39,38,39,39,39,39,74,63,No,No,No,No,No,No,No,No,No,No,No,No,No,No,No,No,No,No,No,No,No,No,No,No,No,No,No,No,No,No,No,No,No,No,No,No,No,No,No,No,No,No,No,No,No,No,No,No,75,66,64,1.100,7.594,12.789,7.095,0.001,4.390,0.426,175.0,175.0,175.0,175.0,0,0.0,6.9,3.5,0.0,0.2,0.0,21.5,0.0,92.7,0.0,12.1,0.0,2.6,0.0,0.0,0.0,0.0,0.0,3.6,1.2,0.4,0.1,8.2,0.9,0.0,72.0,5.5,33.9,2.6,0.0,0.0,0.0,0.0,0.4,0.0,0.0,0.0,56.7,0.0,0.0,0.2,0.4,0.5,0.0,99.8,99.8,99.8,99.9,95.7,98.6,99.5,99.7,56.6,95.0,99.7,1.2,0.0,50.0,93.6,2194.6,22.00,32,32,32,62,103,351,2,2,Yes,No,No,No,No,No,No,No,No,No,Yes,No,No,Yes,No,No,No,No,No,No,No,Yes,No,No,No,No,No,Yes,No,No,No,No,No,No,No,Yes,No,No,85.0,3660,3000,3480,56.8,1.095,1.110,1.815,1.815,1.005,5.110,0.875,No,No,No,57.0,1.095,1.110,1.800,1.815,1.005,5.110,0.750,No,No,No,43,43,94.0,100.0,No,No,32158,47983,37,70,99.0,100.0,No,No,1844,3246,0.0,0.6,0.6,0.000,0.017,92427,51433,0.0,0.0,0.0,0.000,0.000,164001,82786,69.7,76.0,74.8,83.0,0.875,20.663,20.648,20.678,56.331,31.355,36.840,22.693,59.616,3.000,25.680,37.911,33.745,100.000,140.000,2250.0,2150.2,1890.0,2238.3,1905.0,84.0,51.0,0.0,1.0,92.5,23.9,95.5,0.0,0.0,0.0,Yes,No,No,No,No,Yes,No,0,0,0,0,0,0,0,0,0,0,0,0,0,0,0,0,0,0,0,0,0,0,0,0,0,0,0,0,0,0,617,7571,7338,567,16.0,63,0.300,13.747,600.0,2394.0,0.1,0.0,0.0,0.0,0.0,0.0,0.0,0.0,0.8,127,16065,127,No,No,No,No,No,No,No,No,16.746,68.277,100.0,0.000,24.1,0,0,0,0.0,2.0,2.0,2.0,2.0,2.0,2.0,2.2,2.2,2.2,2.2,2.2,2.2,506.98,506.98,506.98,506.98,506.98,506.98,0.66,506.17,506.98,0.00,461.25,651,9,0.1,0.0,0,0,0.0,0.0,0,
9.6.2026,14:13:43.451,23763,25005,48.7,14278,18106,44.0,10.5,16384,1720,1.192,1.208,1.170,1.180,1.220,1.165,1.185,1.207,1.212,1.212,1.182,1.187,1.187,1.190,1.190,1.101,0.781,2123.4,4688.5,1396.6,4688.5,4888.0,1396.6,1396.6,1097.3,1097.3,1097.3,1097.3,3591.2,1097.3,1097.3,1097.3,99.8,4090.0,302.3,72.5,0.1,1.4,0.1,533.6,504.5,4397.8,0.2,117.2,124.0,141.4,0.1,0.5,0.5,0.5,0.4,31.4,59.0,30.9,30.7,368.4,12.2,2.7,28.5,0.1,0.0,12.7,55.2,92.2,0.0,0.4,36.6,4.7,0.0,0.1,0.1,0.1,0.1,1.6,4.4,1.9,1.9,92.2,12.2,100.0,11.9,2.8,0.0,0.1,0.0,22.8,20.0,168.4,0.0,4.9,5.2,5.6,0.0,0.1,0.0,0.0,0.0,1.7,3.2,1.7,1.7,11.9,21.3,47.0,14.0,47.0,49.0,14.0,14.0,11.0,11.0,11.0,11.0,36.0,11.0,11.0,11.0,41.0,61,62,62,60,66,61,57,60,60,60,60,61,61,61,61,39,38,38,40,34,39,43,40,40,40,40,39,39,39,39,74,66,No,No,No,No,No,No,No,No,No,No,No,No,No,No,No,No,No,No,No,No,No,No,No,No,No,No,No,No,No,No,No,No,No,No,No,No,No,No,No,No,No,No,No,No,No,No,No,No,74,66,64,1.100,5.063,13.463,7.734,0.001,4.409,0.428,175.0,175.0,175.0,175.0,0,0.0,7.2,2.6,0.0,0.1,0.0,12.9,13.2,91.6,0.0,3.5,3.9,4.7,0.0,0.1,0.1,0.0,0.0,2.3,4.3,2.6,2.7,6.5,0.0,0.0,60.0,7.4,20.4,3.4,0.0,0.0,0.0,0.0,0.0,0.0,0.0,0.0,56.2,0.0,0.0,0.5,0.0,0.0,0.0,99.8,99.8,99.8,99.8,97.5,95.4,97.2,97.2,60.9,97.0,99.8,9.0,0.0,68.8,90.7,1795.6,18.00,26,26,26,51,103,287,2,2,Yes,No,No,No,No,No,No,No,No,No,Yes,No,No,Yes,No,No,No,No,No,No,No,Yes,No,No,No,No,No,Yes,No,No,No,No,No,No,No,Yes,No,No,84.0,3720,3000,3540,56.8,1.095,1.110,1.815,1.815,1.005,5.110,0.875,No,No,No,57.0,1.095,1.110,1.815,1.815,1.005,5.110,0.625,No,No,No,43,43,94.0,100.0,No,No,32158,47983,37,70,99.0,100.0,No,No,1844,3246,0.0,0.8,0.8,0.000,0.068,92427,51433,0.0,0.0,0.0,0.000,0.000,164001,82786,70.9,76.0,76.4,83.0,0.875,20.651,20.634,20.667,56.899,31.594,40.700,23.214,63.985,3.000,26.212,30.863,33.183,100.000,140.000,2250.0,2150.2,1890.0,2238.0,1905.0,96.0,49.0,0.0,0.0,92.5,25.0,99.9,0.0,0.0,0.0,Yes,No,No,No,No,Yes,No,0,0,0,0,0,0,0,0,0,0,0,0,0,0,0,0,0,0,0,0,0,0,0,0,0,0,0,0,0,0,617,7571,7338,567,16.0,65,0.300,12.998,550.0,2194.0,0.1,0.0,0.0,0.0,0.0,0.0,0.0,0.0,0.8,127,16065,127,No,No,No,No,No,No,No,No,16.746,68.277,100.0,0.000,24.1,0,0,0,0.0,2.0,2.0,2.0,2.0,2.0,2.0,2.1,2.1,2.1,2.1,2.1,2.1,502.82,502.82,502.82,502.82,502.82,502.82,0.28,502.57,502.82,0.00,17.41,651,9,0.1,0.0,0,0,0.0,0.0,0,
9.6.2026,14:13:45.454,23758,25010,48.7,14309,18074,44.1,10.5,16384,1720,1.192,1.165,1.170,1.175,1.175,1.160,1.220,1.200,1.220,1.195,1.205,1.219,1.194,1.194,1.194,1.101,0.783,2672.0,1396.6,4489.0,4489.0,4688.5,1396.6,4688.5,1097.3,3591.2,3591.2,3591.2,1097.3,1097.3,1097.3,1097.3,99.8,4090.0,319.1,78.0,0.3,1.4,0.2,8.6,1612.7,3990.2,0.4,3.4,367.9,168.0,0.2,2.6,0.6,0.6,0.6,15.9,53.8,53.1,22.6,389.7,12.8,4.0,0.0,1.1,0.2,0.0,43.4,84.0,41.4,2.6,10.6,5.3,43.7,1.2,1.0,1.0,1.0,2.4,5.7,5.1,2.8,84.0,12.8,100.0,12.5,3.2,0.0,0.1,0.0,0.8,63.9,152.5,0.0,0.3,15.5,6.7,0.0,0.2,0.1,0.1,0.1,0.9,2.8,2.3,1.2,12.5,26.8,14.0,45.0,45.0,47.0,14.0,47.0,11.0,36.0,36.0,36.0,11.0,11.0,11.0,11.0,41.0,62,65,62,63,64,60,60,61,61,61,61,64,64,64,64,38,35,38,37,36,40,40,39,39,39,39,36,36,36,36,74,65,No,No,No,No,No,No,No,No,No,No,No,No,No,No,No,No,No,No,No,No,No,No,No,No,No,No,No,No,No,No,No,No,No,No,No,No,No,No,No,No,No,No,No,No,No,No,No,No,74,68,64,1.100,6.750,13.117,7.418,0.001,4.416,0.428,175.0,175.0,175.0,175.0,0,0.0,7.9,3.8,0.0,0.1,0.0,0.3,42.8,84.0,0.0,0.2,10.4,5.1,0.0,0.2,0.1,0.1,0.0,1.4,4.2,4.3,1.8,6.5,1.8,0.0,43.6,14.8,28.2,2.2,0.0,0.0,0.0,0.0,0.0,0.0,0.0,0.0,56.3,0.0,0.0,1.7,0.0,0.0,0.0,99.7,99.8,99.8,99.8,98.4,95.5,95.5,98.0,58.0,93.6,99.7,6.9,0.0,56.6,91.0,2394.1,24.00,36,35,35,68,103,383,2,2,Yes,No,No,No,No,No,No,No,No,No,Yes,No,No,Yes,No,No,No,No,No,No,No,Yes,No,No,No,No,No,Yes,No,No,No,No,No,No,No,Yes,No,No,84.0,3720,3000,3540,56.5,1.095,1.110,1.815,1.815,1.005,5.110,0.875,No,No,No,57.0,1.095,1.110,1.815,1.815,1.005,5.110,0.625,No,No,No,43,43,94.0,100.0,No,No,32158,47983,37,70,99.0,100.0,No,No,1844,3246,0.0,1.6,1.6,0.000,0.035,92427,51433,0.0,0.0,0.0,0.000,0.000,164001,82786,71.1,76.0,76.4,83.0,0.875,20.644,20.628,20.660,60.494,33.154,39.356,24.898,64.314,3.000,27.885,39.991,32.637,100.000,140.000,2250.0,2150.2,1890.0,2235.9,1905.0,90.0,52.0,0.0,0.0,92.5,24.6,98.2,0.0,0.0,0.0,Yes,No,No,No,No,Yes,No,0,0,0,0,0,0,0,0,0,0,0,0,0,0,0,0,0,0,0,0,0,0,0,0,0,0,0,0,0,0,617,7571,7338,567,16.0,64,0.300,13.115,550.0,1795.0,0.1,0.0,0.0,0.0,0.0,0.0,0.0,0.0,0.8,127,16065,127,No,No,No,No,No,No,No,No,16.746,68.277,100.0,0.000,24.1,0,0,0,0.0,2.0,2.0,2.0,2.0,2.0,2.0,2.1,2.1,2.1,2.1,2.1,2.1,502.82,502.82,502.82,502.82,502.82,502.82,0.28,502.57,502.82,0.00,17.41,651,9,0.4,0.0,0,0,0.0,0.0,0,
9.6.2026,14:13:47.464,23761,25007,48.7,14352,18032,44.3,10.5,16384,1720,1.179,1.214,1.186,1.184,1.188,1.161,1.189,1.184,1.174,1.174,1.184,1.184,1.167,1.167,1.147,1.063,0.783,1916.7,4489.0,1396.6,1396.6,4688.5,1396.6,4688.5,1097.3,1097.3,1097.3,1097.3,1097.3,1097.3,1097.3,1097.3,99.8,3890.5,335.7,118.8,0.2,2.4,0.1,7.0,1693.9,4061.0,0.3,2.9,375.0,191.7,0.2,3.4,0.5,0.5,0.4,11.7,97.5,94.9,52.1,403.7,8.8,5.7,0.0,0.0,0.0,0.0,46.3,85.4,0.0,0.0,11.2,5.3,0.0,0.7,0.0,0.0,0.0,1.3,7.3,8.3,4.9,85.4,8.8,100.0,13.3,5.3,0.0,0.1,0.0,0.7,67.6,155.6,0.0,0.3,15.6,7.5,0.0,0.1,0.1,0.0,0.0,0.5,5.3,5.4,2.8,13.3,19.2,45.0,14.0,14.0,47.0,14.0,47.0,11.0,11.0,11.0,11.0,11.0,11.0,11.0,11.0,39.0,62,63,62,63,64,61,61,61,61,61,61,62,62,62,62,38,37,38,37,36,39,39,39,39,39,39,38,38,38,38,74,64,No,No,No,No,No,No,No,No,No,No,No,No,No,No,No,No,No,No,No,No,No,No,No,No,No,No,No,No,No,No,No,No,No,No,No,No,No,No,No,No,No,No,No,No,No,No,No,No,74,67,64,1.100,5.906,13.301,7.540,0.001,4.411,0.429,175.0,175.0,175.0,175.0,0,0.0,8.8,5.8,0.0,0.1,0.0,0.3,45.7,85.3,0.0,0.1,11.5,5.7,0.0,0.3,0.1,0.1,0.0,0.9,7.4,8.0,4.4,7.8,7.6,0.0,48.1,13.4,37.5,2.3,0.0,0.0,0.0,0.0,0.0,0.0,0.0,0.0,55.5,0.0,0.0,0.0,0.0,0.0,0.0,99.5,99.8,99.8,99.8,98.9,92.2,91.8,95.4,53.6,84.7,99.7,1.3,0.0,46.3,89.7,2394.1,24.00,36,35,35,68,103,383,2,2,Yes,No,No,No,No,No,No,No,No,No,Yes,No,No,Yes,No,No,No,No,No,No,No,Yes,No,No,No,No,No,Yes,No,No,No,No,No,No,No,Yes,No,No,85.0,3780,3060,3600,56.5,1.095,1.110,1.815,1.815,1.005,5.110,0.750,No,No,No,57.0,1.095,1.110,1.815,1.815,1.005,5.180,0.625,No,No,No,43,43,94.0,100.0,No,No,32158,47983,37,70,99.0,100.0,No,No,1844,3246,0.0,0.8,0.8,0.000,0.017,92427,51433,0.0,0.0,0.0,0.000,0.000,164001,82786,70.2,78.0,75.1,83.0,0.875,20.659,20.643,20.676,60.771,29.130,39.086,24.874,64.055,3.000,27.876,9.221,35.796,100.000,140.000,2250.0,2150.2,1890.0,2234.5,1905.0,90.0,59.0,0.0,1.0,92.5,25.0,100.0,0.0,0.0,0.0,Yes,No,No,No,No,Yes,No,0,0,0,0,0,0,0,0,0,0,0,0,0,0,0,0,0,0,0,0,0,0,0,0,0,0,0,0,0,0,617,7571,7338,567,16.0,64,0.300,15.188,600.0,2394.0,0.1,0.0,0.0,0.0,0.0,0.0,0.0,0.0,0.8,127,16065,127,No,No,No,No,No,No,No,No,16.746,68.277,100.0,0.000,24.1,0,0,0,0.0,3.9,39.4,2.1,2.0,2.0,2.0,3.9,20.7,2.2,2.2,2.2,2.2,255.57,485.77,25.37,21.14,490.46,490.46,0.58,255.01,255.57,0.00,238.60,651,9,0.2,0.1,0,0,0.0,0.0,0,
9.6.2026,14:13:49.473,23767,25000,48.7,14402,17981,44.4,10.5,16384,1720,1.179,1.167,1.208,1.188,1.214,1.159,1.144,1.149,1.188,1.173,1.178,1.168,1.183,1.193,1.198,1.063,0.783,2864.4,1396.6,4489.0,4489.0,4489.0,4489.0,4489.0,1097.3,1097.3,1097.3,3591.2,1097.3,3591.2,1097.3,3591.2,99.8,3890.5,354.9,171.3,0.8,26.4,0.3,4.9,1478.5,4268.1,0.4,2.3,326.2,196.4,0.2,23.1,1.6,0.8,0.7,34.5,206.0,231.1,125.1,406.4,15.2,8.0,21.7,2.2,0.0,2.1,42.5,89.3,41.1,2.1,9.9,7.5,22.2,1.9,0.6,0.5,0.5,2.7,17.9,20.5,10.5,89.3,15.2,100.0,14.4,7.8,0.0,1.2,0.0,0.5,59.6,163.0,0.0,0.2,13.5,7.8,0.0,1.4,0.1,0.1,0.1,1.9,11.1,12.4,6.6,14.4,28.7,14.0,45.0,45.0,45.0,45.0,45.0,11.0,11.0,11.0,36.0,11.0,36.0,11.0,36.0,39.0,64,63,67,67,74,64,64,61,61,61,61,65,65,65,65,36,37,33,33,26,36,36,39,39,39,39,35,35,35,35,79,74,No,No,No,No,No,No,No,No,No,No,No,No,No,No,No,No,No,No,No,No,No,No,No,No,No,No,No,No,No,No,No,No,No,No,No,No,No,No,No,No,No,No,No,No,No,No,No,No,75,68,64,1.100,8.438,14.918,9.157,0.001,4.446,0.431,175.0,175.0,175.0,175.0,0,0.0,10.7,8.3,0.0,1.0,0.0,0.2,42.0,89.3,0.0,0.1,10.4,7.9,0.0,2.0,0.1,0.1,0.1,2.9,18.1,20.5,10.8,8.7,10.7,2.3,51.0,9.9,42.8,4.9,0.0,0.0,0.0,0.0,0.0,0.1,0.0,0.0,53.2,0.0,0.0,0.8,0.0,0.0,1.0,97.8,99.7,99.8,99.8,96.9,81.1,79.0,88.8,50.3,77.8,96.0,0.9,0.0,42.8,84.1,2394.1,24.00,36,35,35,68,103,383,2,2,Yes,No,No,No,No,No,No,No,No,No,Yes,No,No,Yes,No,No,No,No,No,No,No,Yes,No,No,No,No,No,Yes,No,No,No,No,No,No,No,Yes,No,No,85.0,3780,3120,3660,56.5,1.110,1.110,1.815,1.815,1.005,5.110,0.750,No,No,No,57.0,1.110,1.110,1.815,1.815,1.005,5.110,0.750,No,No,No,43,43,94.0,100.0,No,No,32158,47983,37,70,99.0,100.0,No,No,1844,3246,0.8,1.0,1.9,1.119,1.891,92429,51437,0.0,0.0,0.0,0.000,0.000,164001,82786,69.2,78.0,73.9,83.0,0.875,20.671,20.662,20.679,60.607,22.427,29.084,17.335,46.486,3.000,20.308,8.858,31.915,100.000,140.000,2250.0,2150.2,1890.0,2234.5,1905.0,78.0,37.0,0.0,1.0,92.5,25.0,100.0,0.0,0.0,0.0,Yes,No,No,No,No,Yes,No,0,0,0,0,0,0,0,0,0,0,0,0,0,0,0,0,0,0,0,0,0,0,0,0,0,0,0,0,0,0,617,7571,7338,567,16.0,64,0.300,13.785,550.0,2394.0,0.1,0.0,0.0,0.0,0.0,0.0,0.0,0.0,0.8,127,16065,127,No,No,No,No,No,No,No,No,16.746,68.277,100.0,0.000,24.1,0,0,0,0.0,2.1,2.1,2.1,2.1,2.1,2.1,2.2,2.2,2.2,2.2,2.2,2.2,481.28,481.28,481.28,481.28,481.28,481.28,0.31,480.60,481.28,0.00,452.85,651,9,0.2,0.1,0,0,0.0,0.0,0,
9.6.2026,14:13:51.472,24037,24731,49.2,15199,17185,46.9,10.5,16384,1720,1.204,1.203,1.183,1.169,1.199,1.184,1.179,1.224,1.224,1.224,1.224,1.234,1.208,1.200,1.205,1.101,0.781,3541.3,4688.5,4688.5,4688.5,4888.0,4688.5,4688.5,3591.2,3591.2,3591.2,3591.2,3591.2,1097.3,1097.3,1097.3,99.8,4090.0,1081.9,1102.2,776.9,973.0,824.2,990.4,2407.1,3288.5,986.9,801.4,1119.9,941.4,786.7,713.2,693.3,699.3,701.3,776.8,1031.8,1134.4,889.2,1112.9,34.2,33.8,21.4,27.1,22.5,24.9,64.4,75.0,26.0,20.7,31.4,25.0,21.5,27.1,25.1,26.0,25.3,30.4,52.6,62.6,40.6,75.0,34.2,100.0,14.4,7.8,0.0,1.2,0.0,0.5,59.6,163.0,0.0,0.2,13.5,7.8,0.0,1.4,0.1,0.1,0.1,1.9,11.1,12.4,6.6,14.4,35.5,47.0,47.0,47.0,49.0,47.0,47.0,36.0,36.0,36.0,36.0,36.0,11.0,11.0,11.0,41.0,68,68,69,81,77,68,64,65,65,65,65,65,65,66,66,32,32,31,19,23,32,36,35,35,35,35,35,35,34,34,81,81,No,No,No,No,No,No,No,No,No,No,No,No,No,No,No,No,No,No,No,No,No,No,No,No,No,No,No,No,No,No,Yes,Yes,Yes,Yes,Yes,Yes,Yes,Yes,Yes,Yes,Yes,Yes,Yes,Yes,Yes,No,No,Yes,77,74,66,1.100,54.845,15.295,9.484,0.001,4.489,0.431,175.0,175.0,175.0,175.0,0,0.0,33.6,33.3,20.2,26.6,21.4,24.8,63.3,74.5,24.9,20.8,30.8,25.1,20.4,27.0,25.0,25.5,25.3,30.3,52.1,61.9,39.8,8.3,20.1,9.8,19.6,13.9,32.7,6.6,2.0,1.7,0.4,2.4,2.7,0.0,1.9,2.0,36.3,2.2,0.5,4.6,6.1,0.2,2.2,70.1,72.5,73.0,71.7,66.1,46.4,34.9,57.2,32.0,38.2,58.9,2.0,0.0,30.7,62.2,2394.1,24.00,36,35,35,68,103,383,2,2,Yes,No,No,No,No,No,No,No,No,Yes,Yes,No,No,Yes,No,No,No,No,No,No,No,Yes,No,No,No,No,No,Yes,No,No,No,No,No,No,No,Yes,No,No,86.0,3900,3120,3720,56.5,1.110,1.110,1.815,1.815,1.005,5.110,1.000,No,No,No,57.0,1.110,1.110,1.815,1.815,1.005,5.110,2.375,No,No,No,43,43,94.0,100.0,No,No,32158,47983,37,70,99.0,100.0,No,No,1844,3246,0.2,3.6,3.8,0.050,4.519,92429,51445,0.0,0.0,0.0,0.000,0.000,164001,82786,61.7,72.0,68.7,83.0,0.875,20.606,20.613,20.599,37.877,9.873,10.005,8.905,18.910,3.000,11.906,8.176,8.209,100.000,140.000,2250.0,2150.2,1890.0,2244.6,1905.0,0.0,0.0,0.0,0.0,85.6,14.6,58.2,0.0,0.0,0.0,Yes,No,No,No,No,Yes,No,0,0,0,0,0,0,0,0,0,0,0,0,0,0,0,0,0,0,0,0,0,0,0,0,0,0,0,0,0,0,1175,7013,6780,567,16.0,64,0.300,21.319,600.0,2394.0,0.1,0.0,0.0,0.0,0.0,0.0,0.0,0.0,0.8,127,16065,127,No,No,No,No,No,No,No,No,16.746,68.277,100.0,0.000,24.1,0,0,0,0.0,9.1,493.1,3.7,3.6,3.6,3.6,9.1,107.4,3.5,3.4,3.4,3.4,110.09,270.44,2.03,0.56,275.40,275.40,0.31,109.80,110.09,0.00,110.32,651,9,0.1,0.2,0,0,0.0,0.0,0,
9.6.2026,14:13:53.473,23816,24952,48.8,13938,18446,43.0,10.5,16384,1720,1.177,1.163,1.182,1.182,1.167,1.167,1.181,1.181,1.181,1.181,1.166,1.181,1.186,1.181,1.186,1.063,0.778,2187.5,2094.9,1396.6,4688.5,4688.5,4489.0,4489.0,1097.3,1097.3,1097.3,1097.3,1097.3,1097.3,1097.3,1097.3,99.8,3890.5,642.2,568.0,136.2,595.9,241.8,249.5,3368.7,2733.4,423.2,166.9,755.8,557.6,183.8,134.9,189.9,182.3,144.4,352.9,642.1,749.4,466.4,664.5,20.6,16.9,0.0,22.0,0.0,6.0,78.3,59.6,0.0,4.2,19.1,14.9,0.0,6.0,9.3,9.0,7.0,20.7,48.2,57.2,32.9,78.3,20.6,100.0,27.5,23.9,5.3,24.1,9.3,9.6,131.5,107.2,16.3,6.4,30.6,22.6,7.1,7.4,10.3,9.9,7.9,19.4,35.3,41.1,25.3,27.5,21.9,21.0,14.0,47.0,47.0,45.0,45.0,11.0,11.0,11.0,11.0,11.0,11.0,11.0,11.0,39.0,63,66,64,69,60,61,60,62,62,62,62,65,65,65,63,37,34,36,31,40,39,40,38,38,38,38,35,35,35,37,75,69,No,No,No,No,No,No,No,No,No,No,No,No,No,No,No,No,No,No,No,No,No,No,No,No,No,No,No,No,No,No,Yes,Yes,Yes,Yes,Yes,Yes,Yes,Yes,Yes,Yes,Yes,Yes,Yes,Yes,Yes,No,No,Yes,76,70,64,1.100,23.625,30.043,23.515,0.001,5.012,0.629,175.0,175.0,175.0,175.0,0,0.0,21.3,17.2,3.2,21.8,5.7,5.7,76.8,59.5,9.5,3.9,19.3,14.7,4.4,5.7,8.9,8.4,6.6,19.6,47.0,55.4,32.5,10.8,29.3,10.5,16.2,25.0,41.1,25.9,0.0,0.0,1.4,0.0,0.3,0.0,1.9,0.0,44.3,3.2,2.3,2.5,4.7,3.5,3.2,93.4,90.4,89.5,92.8,78.5,50.1,39.9,65.9,31.7,43.9,59.8,0.1,4.0,31.2,51.2,2394.1,24.00,36,35,35,68,103,383,2,2,Yes,No,No,No,No,No,No,No,No,Yes,Yes,No,No,Yes,No,No,No,No,No,No,No,Yes,No,No,No,No,No,Yes,No,No,No,No,No,No,No,Yes,No,No,86.0,3960,3180,3840,56.8,1.110,1.110,1.815,1.815,1.005,5.110,0.875,No,No,No,57.0,1.110,1.110,1.800,1.815,1.005,5.110,0.875,No,No,No,43,43,94.0,100.0,No,No,32158,47983,37,70,99.0,100.0,No,No,1844,3246,0.0,4.7,4.7,0.008,104.476,92429,51645,0.0,0.0,0.0,0.000,0.000,164001,82786,61.6,70.0,68.3,83.0,0.875,20.727,20.723,20.731,24.453,10.936,13.390,9.139,22.535,3.000,12.142,8.129,8.216,100.000,140.000,2250.0,2150.2,1890.0,2186.3,1905.0,20.0,1.0,0.0,2.0,93.4,5.4,21.5,0.0,0.0,0.0,Yes,No,No,No,No,Yes,No,0,0,0,0,0,0,0,0,0,0,0,0,0,0,0,0,0,0,0,0,0,0,0,0,0,0,0,0,0,0,539,7649,7416,567,16.0,65,0.300,34.158,600.0,2394.0,0.1,0.0,0.0,0.0,0.0,0.0,0.0,0.0,0.8,127,16065,127,No,No,No,No,No,No,No,No,16.746,68.277,100.0,0.000,24.1,0,0,0,0.0,9.1,493.1,3.7,3.6,3.6,3.6,9.1,107.4,3.5,3.4,3.4,3.4,110.09,270.44,2.03,0.56,275.40,275.40,0.31,109.80,110.09,0.00,110.32,651,9,0.1,0.0,0,0,0.0,0.0,0,
9.6.2026,14:13:55.471,23804,24964,48.8,14101,18283,43.5,10.5,16384,1720,1.195,1.187,1.204,1.189,1.174,1.177,1.182,1.192,1.197,1.227,1.197,1.222,1.192,1.193,1.193,1.101,0.781,3156.6,4489.0,4688.5,4688.5,4688.5,4688.5,4688.5,1097.3,3591.2,3591.2,3591.2,1097.3,1097.3,1097.3,1097.3,99.8,4090.0,375.6,113.6,0.4,15.2,0.2,0.9,2745.1,2867.1,0.4,0.7,208.2,60.9,0.2,17.7,1.3,0.7,0.6,67.9,405.7,712.8,292.6,377.1,17.4,5.0,19.3,0.0,16.7,0.0,61.0,60.6,21.3,0.0,7.0,0.0,25.4,0.6,0.0,0.0,0.0,5.0,36.2,64.2,26.2,64.2,17.4,100.0,15.9,4.8,0.0,0.7,0.0,0.1,107.3,111.3,0.0,0.1,9.8,2.8,0.0,1.0,0.1,0.1,0.1,3.7,22.0,38.1,15.7,15.9,31.6,45.0,47.0,47.0,47.0,47.0,47.0,11.0,36.0,36.0,36.0,11.0,11.0,11.0,11.0,41.0,62,63,61,69,59,61,60,61,61,61,61,62,62,62,62,38,37,39,31,41,39,40,39,39,39,39,38,38,38,38,74,69,No,No,No,No,No,No,No,No,No,No,No,No,No,No,No,No,No,No,No,No,No,No,No,No,No,No,No,No,No,No,No,No,No,No,No,No,No,No,No,No,No,No,No,No,No,No,No,No,74,67,64,1.100,6.750,26.000,19.657,0.001,4.934,0.525,175.0,175.0,175.0,175.0,0,0.0,13.3,4.5,0.0,0.7,0.0,0.0,60.0,60.6,0.0,0.0,6.6,2.0,0.0,1.6,0.1,0.1,0.0,5.9,35.4,63.4,25.6,10.0,6.8,1.5,35.6,34.9,59.2,1.4,0.0,0.0,0.0,0.0,0.0,0.3,0.0,0.0,47.6,0.0,0.0,1.1,1.1,0.0,0.0,98.2,99.7,99.8,99.8,93.8,63.0,35.6,73.8,51.3,86.8,97.3,0.2,0.7,29.2,93.8,2394.1,24.00,36,35,35,68,103,383,2,2,Yes,No,No,No,No,No,No,No,No,No,Yes,No,No,Yes,No,No,No,No,No,No,No,Yes,No,No,No,No,No,Yes,No,No,No,No,No,No,No,Yes,No,No,85.0,4020,2940,3960,56.8,1.110,1.110,1.815,1.800,1.005,5.110,0.625,No,No,No,57.2,1.110,1.110,1.815,1.815,1.005,5.110,0.625,No,No,No,43,43,94.0,100.0,No,No,32158,47983,37,70,99.0,100.0,No,No,1844,3246,0.0,0.8,0.8,0.000,2.116,92429,51649,0.0,0.0,0.0,0.000,0.000,164001,82786,69.1,76.0,73.7,83.0,0.875,20.664,20.652,20.676,62.817,23.763,33.668,20.425,54.171,3.000,23.402,11.197,20.475,100.000,140.000,2250.0,2150.2,1890.0,2235.6,1905.0,88.0,49.0,0.0,0.0,93.4,25.0,100.0,0.0,0.0,0.0,Yes,No,No,No,No,Yes,No,0,0,0,0,0,0,0,0,0,0,0,0,0,0,0,0,0,0,0,0,0,0,0,0,0,0,0,0,0,0,539,7649,7416,567,16.0,64,0.300,17.161,600.0,2394.0,0.1,0.0,0.0,0.0,0.0,0.0,0.0,0.0,0.8,127,16065,127,No,No,No,No,No,No,No,No,16.746,68.277,100.0,0.000,24.1,0,0,0,0.0,9.1,493.1,3.7,3.6,3.6,3.6,9.1,107.4,3.5,3.4,3.4,3.4,110.09,270.44,2.03,0.56,275.40,275.40,0.31,109.80,110.09,0.00,110.32,651,9,0.4,0.0,0,0,0.0,0.0,0,
9.6.2026,14:13:57.496,23729,25039,48.6,14150,18233,43.6,10.5,16384,1720,1.149,1.197,1.128,1.133,0.738,1.181,1.181,1.196,1.191,1.178,1.178,1.178,1.204,1.193,1.208,1.101,0.781,1681.6,1396.6,1396.6,4489.0,1396.6,1396.6,4688.5,1097.3,1097.3,1097.3,1097.3,1097.3,1097.3,1097.3,1097.3,99.8,4090.0,390.6,181.0,0.3,40.8,0.1,0.7,1889.1,3896.2,0.2,0.7,333.4,121.9,0.2,1.8,0.4,0.4,0.4,60.8,390.0,613.8,280.7,404.2,13.9,8.5,0.5,1.9,0.0,1.3,48.4,81.8,0.0,0.0,10.0,7.7,0.0,0.0,0.0,0.0,0.0,5.0,33.8,54.6,24.7,81.8,13.9,100.0,16.4,8.4,0.0,1.8,0.0,0.1,75.4,149.5,0.0,0.1,14.5,5.3,0.0,0.1,0.0,0.0,0.0,3.3,20.9,32.9,15.0,16.4,16.9,14.0,14.0,45.0,14.0,14.0,47.0,11.0,11.0,11.0,11.0,11.0,11.0,11.0,11.0,41.0,62,63,62,67,62,63,60,62,62,62,61,62,62,62,61,38,37,38,33,38,37,40,38,38,38,39,38,38,38,39,74,67,No,No,No,No,No,No,No,No,No,No,No,No,No,No,No,No,No,No,No,No,No,No,No,No,No,No,No,No,No,No,No,No,No,No,No,No,No,No,No,No,No,No,No,No,No,No,No,No,74,74,64,1.100,10.125,15.750,9.810,0.001,4.622,0.436,175.0,175.0,175.0,175.0,0,0.0,13.7,8.8,0.0,1.5,0.0,0.0,47.7,81.9,0.0,0.0,10.3,5.3,0.0,0.2,0.0,0.0,0.0,5.3,34.0,54.0,24.7,11.3,20.3,8.1,43.7,16.4,37.6,10.4,5.1,5.1,5.1,5.1,0.8,0.0,0.4,0.8,47.0,0.0,0.0,1.6,0.2,0.0,0.0,94.7,94.8,94.8,94.8,93.7,64.9,44.7,74.1,47.8,67.2,89.5,2.3,0.0,46.6,80.9,997.6,10.00,22,15,15,28,103,160,2,2,Yes,No,No,No,No,No,No,No,No,No,Yes,No,No,Yes,No,No,No,No,No,No,No,Yes,No,No,No,No,No,Yes,No,No,No,No,No,No,No,Yes,No,No,86.0,4080,2940,3960,56.8,1.110,1.110,1.815,1.800,1.005,5.110,0.750,No,No,No,57.2,1.110,1.110,1.815,1.800,1.005,5.110,0.750,No,No,No,43,43,94.0,100.0,No,No,32158,47983,37,70,99.0,100.0,No,No,1844,3246,0.2,4.4,4.5,0.048,103.561,92429,51849,0.0,0.0,0.0,0.000,0.000,164001,82786,70.2,76.0,75.1,83.0,0.875,20.648,20.634,20.663,64.361,31.046,37.267,22.614,59.963,3.000,25.592,32.447,36.441,100.000,140.000,2250.0,2150.2,1890.0,2234.9,1905.0,91.0,59.0,0.0,0.0,92.5,24.9,99.7,0.0,0.0,0.0,Yes,No,No,No,No,Yes,No,0,0,0,0,0,0,0,0,0,0,0,0,0,0,0,0,0,0,0,0,0,0,0,0,0,0,0,0,0,0,617,7571,7338,567,16.0,66,0.300,15.981,600.0,2394.0,0.1,0.0,0.0,0.0,0.0,0.0,0.0,0.0,0.8,127,16065,127,No,No,No,No,No,No,No,No,16.746,68.277,100.0,0.000,24.1,0,0,0,0.0,9.1,493.1,3.7,3.6,3.6,3.6,9.1,107.4,3.5,3.4,3.4,3.4,110.09,270.44,2.03,0.56,275.40,275.40,0.31,109.80,110.09,0.00,110.32,651,9,0.1,0.0,0,0,0.0,0.0,0,
9.6.2026,14:13:59.467,23726,25041,48.6,14077,18307,43.4,10.5,16384,1720,1.204,1.201,1.168,1.168,1.208,1.187,1.177,1.222,1.207,1.222,1.222,1.217,1.207,1.222,1.228,1.063,0.783,3427.3,1396.6,4688.5,4688.5,4888.0,4688.5,1396.6,3591.2,3591.2,3591.2,3591.2,1097.3,3591.2,3591.2,3591.2,99.8,3890.5,348.6,201.2,3.9,92.0,1.7,4.0,2122.5,3391.0,0.3,1.8,218.1,126.7,0.2,27.1,3.3,12.9,0.5,15.6,263.0,373.2,113.7,387.9,16.5,9.7,0.0,5.1,10.2,1.3,50.2,71.9,45.8,1.2,7.1,3.6,48.2,3.6,1.4,2.3,1.2,2.4,22.9,32.8,9.4,71.9,16.5,100.0,14.4,9.7,0.3,4.5,0.1,0.4,82.8,131.0,0.0,0.2,9.8,5.2,0.0,1.5,0.2,0.7,0.0,0.9,14.3,19.9,6.1,14.4,34.4,14.0,47.0,47.0,49.0,47.0,14.0,36.0,36.0,36.0,36.0,11.0,36.0,36.0,36.0,39.0,61,63,61,63,64,59,60,59,59,59,59,61,61,61,61,39,37,39,37,36,41,40,41,41,41,41,39,39,39,39,74,64,No,No,No,No,No,No,No,No,No,No,No,No,No,No,No,No,No,No,No,No,No,No,No,No,No,No,No,No,No,No,No,No,No,No,No,No,No,No,No,No,No,No,No,No,No,No,No,No,74,66,65,1.100,5.906,16.475,10.509,0.001,4.640,0.442,175.0,175.0,175.0,175.0,0,0.0,11.0,9.9,0.2,4.7,0.1,0.2,49.8,72.1,0.0,0.1,7.6,4.0,0.0,2.4,0.3,1.2,0.0,1.3,22.8,32.9,9.7,8.5,11.3,9.0,38.1,23.7,34.8,2.7,0.0,0.0,0.0,0.0,0.0,0.0,0.0,0.0,52.2,0.0,0.0,3.9,0.8,0.0,0.0,97.4,99.6,98.7,99.8,98.6,76.3,66.5,89.9,51.4,74.7,84.0,4.7,0.8,52.6,91.3,2394.1,24.00,36,35,35,68,103,383,2,2,Yes,No,No,No,No,No,No,No,No,No,Yes,No,No,Yes,No,No,No,No,No,No,No,Yes,No,No,No,No,No,Yes,No,No,No,No,No,No,No,Yes,No,No,86.0,3960,3000,3900,56.8,1.110,1.110,1.815,1.800,1.005,5.110,0.625,No,No,No,57.2,1.110,1.110,1.815,1.800,1.005,5.110,0.750,No,No,No,43,43,94.0,100.0,No,No,32158,47983,37,70,99.0,100.0,No,No,1844,3246,0.0,7.4,7.4,0.000,103.069,92429,52044,0.0,0.0,0.0,0.000,0.000,164001,82786,70.0,76.0,74.9,83.0,0.875,20.663,20.649,20.677,62.213,28.744,35.900,22.178,58.164,3.000,25.170,34.066,22.735,100.000,140.000,2250.0,2150.2,1890.0,2236.6,1905.0,91.0,52.0,0.0,0.0,92.5,25.0,100.0,0.0,0.0,0.0,Yes,No,No,No,No,Yes,No,0,0,0,0,0,0,0,0,0,0,0,0,0,0,0,0,0,0,0,0,0,0,0,0,0,0,0,0,0,0,617,7571,7338,557,16.0,64,0.300,16.134,600.0,997.0,0.1,0.0,0.0,0.0,0.0,0.0,0.0,0.0,0.8,127,16065,127,No,No,No,No,No,No,No,No,16.745,68.277,100.0,0.000,24.1,0,0,0,0.0,3.3,149.0,1.7,1.7,1.7,1.7,3.3,27.6,1.7,1.7,1.7,1.7,299.37,592.03,6.71,1.34,598.00,598.00,0.44,299.02,299.37,0.00,425.97,651,9,0.1,0.0,0,0,0.0,0.0,0,
9.6.2026,14:14:1.472,23736,25031,48.6,14158,18226,43.7,10.5,16384,1720,1.201,1.153,1.168,1.178,1.203,1.170,1.200,1.210,1.213,1.213,1.213,1.228,1.228,1.208,1.231,1.063,0.781,1931.0,4489.0,1396.6,4688.5,4888.0,1396.6,1396.6,1097.3,1097.3,1097.3,1097.3,1097.3,1097.3,1097.3,1097.3,99.8,3890.5,355.5,201.5,0.5,74.8,0.4,5.7,2169.0,3475.9,0.4,2.8,368.6,172.4,0.3,9.9,3.9,6.8,0.4,68.0,199.1,212.7,136.8,405.8,10.5,9.6,0.0,2.2,0.0,0.0,54.4,73.7,0.0,0.0,13.5,7.1,0.0,0.0,0.0,0.0,0.0,4.6,17.3,17.3,10.7,73.7,10.5,100.0,14.5,9.1,0.0,3.7,0.0,0.5,85.1,133.9,0.0,0.3,15.2,7.0,0.0,0.6,0.2,0.4,0.0,3.7,11.0,11.5,7.5,14.5,19.4,45.0,14.0,47.0,49.0,14.0,14.0,11.0,11.0,11.0,11.0,11.0,11.0,11.0,11.0,39.0,62,63,63,63,66,57,63,61,61,61,61,62,62,62,62,38,37,37,37,34,43,37,39,39,39,39,38,38,38,38,74,66,No,No,No,No,No,No,No,No,No,No,No,No,No,No,No,No,No,No,No,No,No,No,No,No,No,No,No,No,No,No,No,No,No,No,No,No,No,No,No,No,No,No,No,No,No,No,No,No,74,66,64,1.100,5.906,14.702,8.834,0.001,4.552,0.435,175.0,175.0,175.0,175.0,0,0.0,10.6,9.0,0.0,3.9,0.0,0.2,53.4,73.5,0.0,0.1,13.1,6.6,0.0,0.9,0.4,0.6,0.0,5.4,16.5,17.8,11.2,9.0,15.6,9.5,40.9,24.1,32.9,3.0,0.0,0.0,0.0,0.0,0.0,0.1,0.0,0.0,53.2,0.0,0.0,1.0,0.3,0.0,0.0,98.9,99.5,99.3,99.8,94.3,82.1,81.4,88.1,49.2,72.4,84.4,1.2,0.1,49.3,87.9,1795.6,18.00,26,26,26,51,103,287,2,2,Yes,No,No,No,No,No,No,No,No,No,Yes,No,No,Yes,No,No,No,No,No,No,No,Yes,No,No,No,No,No,Yes,No,No,No,No,No,No,No,Yes,No,No,87.0,3900,3180,3720,56.8,1.095,1.110,1.815,1.800,1.005,5.110,0.625,No,No,No,57.2,1.110,1.110,1.815,1.800,1.005,5.110,0.750,No,No,No,43,43,94.0,100.0,No,No,32158,47983,37,70,99.0,100.0,No,No,1844,3246,1.1,2.4,3.5,0.729,1.890,92430,52048,0.0,0.0,0.0,0.000,0.000,164001,82786,69.9,76.0,74.8,83.0,0.875,20.647,20.633,20.660,61.552,24.745,33.754,21.583,55.409,3.000,24.568,9.149,25.752,100.000,140.000,2250.0,2150.2,1890.0,2234.9,1905.0,82.0,51.0,0.0,1.0,92.5,24.6,98.2,0.0,0.0,0.0,Yes,No,No,No,No,Yes,No,0,0,0,0,0,0,0,0,0,0,0,0,0,0,0,0,0,0,0,0,0,0,0,0,0,0,0,0,0,0,617,7571,7338,563,16.0,66,0.300,13.647,600.0,2394.0,0.1,0.0,0.0,0.0,0.0,0.0,0.0,0.0,0.8,127,16065,127,No,No,No,No,No,No,No,No,16.746,68.277,100.0,0.000,24.1,0,0,0,0.0,3.3,149.0,1.7,1.7,1.7,1.7,3.3,27.6,1.7,1.7,1.7,1.7,299.37,592.03,6.71,1.34,598.00,598.00,0.44,299.02,299.37,0.00,425.97,651,9,0.1,0.2,0,0,0.0,0.0,0,
9.6.2026,14:14:3.481,23737,25030,48.6,14190,18194,43.8,10.5,16384,1720,1.198,1.180,1.176,1.166,1.204,1.179,1.179,1.209,1.209,1.209,1.209,1.209,1.209,1.209,1.213,1.101,0.781,1710.1,1396.6,4688.5,1396.6,4888.0,1396.6,1396.6,1097.3,1097.3,1097.3,1097.3,1097.3,1097.3,1097.3,1097.3,99.8,4090.0,338.1,144.3,0.3,64.2,0.2,6.2,1679.0,4055.0,0.2,2.8,312.6,140.5,0.1,4.1,0.5,0.5,0.5,40.8,156.1,97.8,56.4,400.7,9.9,7.1,0.5,5.1,0.0,2.9,45.2,85.2,0.0,2.9,10.2,5.3,0.0,0.9,0.5,0.5,0.5,4.1,12.4,9.1,5.2,85.2,9.9,100.0,13.6,6.6,0.0,3.5,0.0,0.6,66.7,155.2,0.0,0.3,13.5,5.7,0.0,0.3,0.1,0.0,0.0,2.2,8.4,5.3,3.1,13.6,17.1,14.0,47.0,14.0,49.0,14.0,14.0,11.0,11.0,11.0,11.0,11.0,11.0,11.0,11.0,41.0,62,61,62,63,64,61,59,61,61,62,62,62,62,62,62,38,39,38,37,36,39,41,39,39,38,38,38,38,38,38,74,64,No,No,No,No,No,No,No,No,No,No,No,No,No,No,No,No,No,No,No,No,No,No,No,No,No,No,No,No,No,No,No,No,No,No,No,No,No,No,No,No,No,No,No,No,No,No,No,No,74,64,64,1.100,6.750,15.228,9.389,0.001,4.512,0.434,175.0,175.0,175.0,175.0,0,0.0,9.5,7.3,0.0,3.9,0.0,0.2,44.8,85.1,0.0,0.1,11.2,6.3,0.0,0.4,0.1,0.0,0.0,3.6,13.1,8.4,4.7,8.1,6.9,5.7,44.9,13.2,39.1,2.9,0.0,0.0,0.0,0.0,0.0,0.0,0.0,0.0,54.9,0.0,0.0,0.6,0.0,0.0,0.0,99.5,99.8,99.8,99.8,96.3,86.4,91.3,95.1,51.6,83.1,88.1,4.9,0.4,44.5,88.8,997.6,10.00,22,15,15,28,103,160,2,2,Yes,No,No,No,No,No,No,No,No,No,Yes,No,No,Yes,No,No,No,No,No,No,No,Yes,No,No,No,No,No,Yes,No,No,No,No,No,No,No,Yes,No,No,84.0,3840,3180,3720,56.8,1.095,1.110,1.815,1.800,1.005,5.110,0.625,No,No,No,57.2,1.095,1.110,1.815,1.800,1.005,5.110,0.625,No,No,No,43,43,94.0,100.0,No,No,32158,47983,37,70,99.0,100.0,No,No,1844,3246,0.2,1.2,1.4,0.131,0.324,92431,52048,0.0,0.0,0.0,0.000,0.000,164001,82786,69.7,76.0,74.5,83.0,0.875,20.678,20.666,20.690,64.920,29.799,32.898,20.294,53.276,3.000,23.287,41.878,33.963,100.000,140.000,2250.0,2150.2,1890.0,2234.7,1905.0,83.0,31.0,0.0,0.0,92.5,25.0,100.0,0.0,0.0,0.0,Yes,No,No,No,No,Yes,No,0,0,0,0,0,0,0,0,0,0,0,0,0,0,0,0,0,0,0,0,0,0,0,0,0,0,0,0,0,0,617,7571,7338,567,16.0,64,0.300,15.155,600.0,1795.0,0.1,0.0,0.0,0.0,0.0,0.0,0.0,0.0,0.8,127,16065,127,No,No,No,No,No,No,No,No,16.746,68.277,100.0,0.000,24.1,0,0,0,0.0,3.3,149.0,1.7,1.7,1.7,1.7,3.3,27.6,1.7,1.7,1.7,1.7,299.37,592.03,6.71,1.34,598.00,598.00,0.44,299.02,299.37,0.00,425.97,651,9,0.2,0.4,0,0,0.0,0.0,0,
9.6.2026,14:14:5.475,23726,25041,48.6,14176,18208,43.7,10.5,16384,1720,1.192,1.203,1.198,1.183,1.223,1.190,1.190,1.185,1.200,1.200,1.185,1.185,1.210,1.165,1.177,1.101,0.781,3719.5,4688.5,4688.5,4688.5,4888.0,4688.5,4688.5,3591.2,3591.2,3591.2,3591.2,3591.2,1097.3,1097.3,3591.2,99.8,4090.0,320.4,72.7,0.3,1.3,0.2,7.2,1302.0,4436.7,0.3,3.1,309.3,110.5,0.2,0.6,0.6,0.6,0.6,1.2,73.5,79.3,8.1,390.4,10.9,3.7,0.0,0.0,0.9,0.0,35.7,92.8,37.0,0.0,10.1,2.1,22.5,0.0,0.0,0.0,0.0,0.0,6.9,6.4,0.6,92.8,10.9,100.0,12.6,3.0,0.0,0.1,0.0,0.7,51.8,168.9,0.0,0.3,12.8,4.4,0.0,0.1,0.1,0.1,0.1,0.1,4.0,4.3,0.5,12.6,37.3,47.0,47.0,47.0,49.0,47.0,47.0,36.0,36.0,36.0,36.0,36.0,11.0,11.0,36.0,41.0,61,61,63,62,67,61,59,60,60,60,60,61,61,61,61,39,39,37,38,33,39,41,40,40,40,40,39,39,39,39,74,67,No,No,No,No,No,No,No,No,No,No,No,No,No,No,No,No,No,No,No,No,No,No,No,No,No,No,No,No,No,No,No,No,No,No,No,No,No,No,No,No,No,No,No,No,No,No,No,No,74,69,65,1.100,7.594,13.898,8.118,0.001,4.467,0.430,175.0,175.0,175.0,175.0,0,0.0,7.9,3.5,0.0,0.1,0.0,0.3,35.2,92.7,0.0,0.1,9.4,2.8,0.0,0.1,0.1,0.1,0.0,0.1,6.0,6.9,0.5,7.1,1.9,0.0,55.1,6.8,33.8,1.8,0.0,0.0,0.0,0.0,0.0,0.0,0.0,0.0,56.1,0.0,0.0,1.2,0.0,0.0,0.0,99.8,99.8,99.8,99.8,99.8,93.6,92.8,99.3,57.4,93.9,99.7,4.3,0.0,52.3,94.2,997.6,10.00,22,15,15,28,103,160,2,2,Yes,No,No,No,No,No,No,No,No,No,Yes,No,No,Yes,No,No,No,No,No,No,No,Yes,No,No,No,No,No,Yes,No,No,No,No,No,No,No,Yes,No,No,86.0,3840,3120,3720,56.8,1.095,1.110,1.815,1.800,1.005,5.110,0.750,No,No,No,57.2,1.095,1.110,1.800,1.800,1.005,5.110,1.000,No,No,No,43,43,94.0,100.0,No,No,32158,47983,37,70,99.0,100.0,No,No,1844,3246,0.0,1.7,1.7,0.000,0.202,92431,52049,0.0,0.0,0.0,0.000,0.000,164001,82786,70.7,76.0,75.8,83.0,0.875,20.639,20.621,20.657,65.227,34.847,40.691,26.209,66.969,3.000,29.205,40.152,37.703,100.000,140.000,2250.0,2150.2,1890.0,2235.0,1905.0,90.0,58.0,0.0,0.0,92.5,24.0,96.0,0.0,0.0,0.0,Yes,No,No,No,No,Yes,No,0,0,0,0,0,0,0,0,0,0,0,0,0,0,0,0,0,0,0,0,0,0,0,0,0,0,0,0,0,0,617,7571,7338,567,16.0,63,0.300,13.558,600.0,997.0,0.1,0.0,0.0,0.0,0.0,0.0,0.0,0.0,0.8,127,16065,127,No,No,No,No,No,No,No,No,16.746,68.277,100.0,0.000,24.1,0,0,0,0.0,3.3,149.0,1.7,1.7,1.7,1.7,3.3,27.6,1.7,1.7,1.7,1.7,299.37,592.03,6.71,1.34,598.00,598.00,0.44,299.02,299.37,0.00,425.97,651,9,0.1,0.0,0,0,0.0,0.0,0,
9.6.2026,14:14:7.480,23726,25042,48.6,14177,18207,43.7,10.5,16384,1720,1.189,1.167,1.175,1.190,1.189,1.189,1.209,1.189,1.185,1.185,1.185,1.203,1.203,1.203,1.173,1.101,0.783,2622.2,4489.0,4688.5,4688.5,4688.5,4688.5,4688.5,1097.3,1097.3,1097.3,1097.3,1097.3,1097.3,1097.3,1097.3,99.8,4090.0,310.2,84.6,0.1,0.9,0.1,8.4,1367.5,4203.6,0.3,2.7,259.5,125.5,0.1,1.2,0.7,0.4,0.4,2.6,74.5,59.7,12.3,378.5,8.1,3.2,0.0,0.5,0.4,3.0,36.2,88.4,0.0,2.8,8.6,4.4,0.0,0.6,0.5,0.5,0.5,0.6,5.0,5.5,0.7,88.4,8.1,100.0,12.2,3.4,0.0,0.1,0.0,0.8,54.1,160.4,0.0,0.2,10.8,4.9,0.0,0.1,0.1,0.0,0.0,0.2,4.0,3.2,0.7,12.2,26.3,45.0,47.0,47.0,47.0,47.0,47.0,11.0,11.0,11.0,11.0,11.0,11.0,11.0,11.0,41.0,62,62,61,65,63,61,61,62,62,62,62,61,61,61,61,38,38,39,35,37,39,39,38,38,38,38,39,39,39,39,75,65,No,No,No,No,No,No,No,No,No,No,No,No,No,No,No,No,No,No,No,No,No,No,No,No,No,No,No,No,No,No,No,No,No,No,No,No,No,No,No,No,No,No,No,No,No,No,No,No,74,64,64,1.100,9.281,13.813,8.073,0.001,4.427,0.428,175.0,175.0,175.0,175.0,0,0.0,7.7,3.5,0.0,0.1,0.0,0.3,36.1,88.4,0.0,0.1,9.0,3.3,0.0,0.1,0.1,0.0,0.0,0.2,6.0,5.1,1.0,6.5,2.0,0.0,55.5,10.8,21.1,1.5,0.0,0.0,0.0,0.0,0.0,0.0,0.0,0.0,56.3,0.0,0.0,1.6,0.0,0.0,0.0,99.8,99.8,99.8,99.8,99.7,93.7,94.7,98.8,59.4,93.8,99.8,2.7,0.0,65.7,94.1,997.6,10.00,22,15,15,28,103,160,2,2,Yes,No,No,No,No,No,No,No,No,No,Yes,No,No,Yes,No,No,No,No,No,No,No,Yes,No,No,No,No,No,Yes,No,No,No,No,No,No,No,Yes,No,No,85.0,3900,3120,3720,56.8,1.095,1.110,1.815,1.800,1.005,5.110,0.625,No,No,No,57.2,1.095,1.110,1.815,1.815,1.005,5.110,0.500,No,No,No,44,44,94.0,100.0,No,No,32158,47983,37,70,99.0,100.0,No,No,1844,3246,0.0,0.6,0.6,0.000,0.008,92431,52049,0.0,0.0,0.0,0.000,0.000,164001,82786,70.5,78.0,75.9,83.0,0.875,20.646,20.629,20.663,67.112,29.958,39.735,25.106,64.924,3.000,28.108,10.126,38.704,100.000,140.000,2250.0,2150.2,1890.0,2233.7,1905.0,94.0,61.0,0.0,0.0,92.5,21.9,87.5,0.0,0.0,0.0,Yes,No,No,No,No,Yes,No,0,0,0,0,0,0,0,0,0,0,0,0,0,0,0,0,0,0,0,0,0,0,0,0,0,0,0,0,0,0,617,7571,7338,567,16.0,64,0.300,12.962,600.0,997.0,0.1,0.0,0.0,0.0,0.0,0.0,0.0,0.0,0.8,127,16065,127,No,No,No,No,No,No,No,No,16.746,68.277,100.0,0.000,24.1,0,0,0,0.0,3.3,149.0,1.7,1.7,1.7,1.7,3.3,27.6,1.7,1.7,1.7,1.7,299.37,592.03,6.71,1.34,598.00,598.00,0.44,299.02,299.37,0.00,425.97,651,9,0.5,0.1,0,0,0.0,0.0,0,
9.6.2026,14:14:9.474,23735,25033,48.6,14232,18152,43.9,10.5,16384,1720,1.200,1.208,1.191,1.166,1.216,1.191,1.166,1.177,1.212,1.212,1.212,1.212,1.212,1.212,1.212,1.101,0.783,3605.5,1396.6,4688.5,4688.5,4888.0,4688.5,1396.6,3591.2,3591.2,3591.2,3591.2,3591.2,3591.2,3591.2,3591.2,99.8,4090.0,326.2,117.6,0.2,38.5,0.1,7.4,1555.7,4186.4,0.2,2.7,304.7,123.0,0.1,10.1,0.5,0.5,0.5,9.4,61.2,62.1,42.2,396.8,15.3,6.5,31.5,3.0,0.2,1.2,41.4,87.7,48.9,1.1,10.5,3.3,48.5,1.9,1.0,1.0,1.0,1.8,6.0,5.6,4.7,87.7,15.3,100.0,12.9,5.2,0.0,2.0,0.0,0.7,61.6,159.9,0.0,0.2,12.7,4.9,0.0,0.6,0.0,0.0,0.0,0.5,3.3,3.3,2.3,12.9,36.1,14.0,47.0,47.0,49.0,47.0,14.0,36.0,36.0,36.0,36.0,36.0,36.0,36.0,36.0,41.0,62,64,63,63,66,59,60,61,61,61,61,61,61,61,61,38,36,37,37,34,41,40,39,39,39,39,39,39,39,39,74,66,No,No,No,No,No,No,No,No,No,No,No,No,No,No,No,No,No,No,No,No,No,No,No,No,No,No,No,No,No,No,No,No,No,No,No,No,No,No,No,No,No,No,No,No,No,No,No,No,75,66,66,1.100,4.219,12.635,6.926,0.001,4.396,0.427,175.0,175.0,175.0,175.0,0,0.0,8.3,6.3,0.0,2.1,0.0,0.3,40.8,87.6,0.0,0.1,11.1,3.2,0.0,0.9,0.0,0.0,0.0,0.8,5.1,4.6,3.7,7.5,3.9,2.4,50.5,11.0,34.2,2.5,0.0,0.0,0.0,0.0,0.0,0.0,0.0,0.0,56.1,0.0,0.0,1.4,0.5,0.0,0.0,98.9,99.8,99.8,99.8,99.0,94.6,95.2,96.1,54.8,88.1,94.2,3.0,0.0,50.6,92.6,2394.1,24.00,36,35,35,68,103,383,2,2,Yes,No,No,No,No,No,No,No,No,No,Yes,No,No,Yes,No,No,No,No,No,No,No,Yes,No,No,No,No,No,Yes,No,No,No,No,No,No,No,Yes,No,No,84.0,3780,3240,3660,56.8,1.095,1.110,1.815,1.800,0.990,5.110,0.750,No,No,No,57.0,1.095,1.110,1.815,1.800,1.005,5.110,0.625,No,No,No,43,43,94.0,100.0,No,No,32158,47983,37,70,99.0,100.0,No,No,1844,3246,0.0,1.2,1.2,0.000,0.032,92431,52049,0.0,0.0,0.0,0.000,0.000,164001,82786,70.7,78.0,75.7,83.0,0.875,20.654,20.639,20.669,60.904,31.968,38.363,22.950,61.388,3.000,25.942,38.942,33.190,100.000,140.000,2250.0,2150.2,1890.0,2236.5,1905.0,93.0,55.0,0.0,1.0,92.5,25.0,100.0,0.0,0.0,0.0,Yes,No,No,No,No,Yes,No,0,0,0,0,0,0,0,0,0,0,0,0,0,0,0,0,0,0,0,0,0,0,0,0,0,0,0,0,0,0,617,7571,7338,567,16.0,64,0.300,14.279,600.0,997.0,0.1,0.0,0.0,0.0,0.0,0.0,0.0,0.0,0.8,127,16065,127,No,No,No,No,No,No,No,No,16.745,68.277,100.0,0.000,24.1,0,0,0,0.0,2.2,2.2,2.2,2.2,2.2,2.2,2.3,2.3,2.3,2.3,2.3,2.3,451.81,451.81,451.81,451.81,451.81,451.81,0.29,451.47,451.81,0.00,119.51,651,9,0.1,0.0,0,0,0.0,0.0,0,
9.6.2026,14:14:11.472,23731,25036,48.6,14263,18121,44.0,10.5,16384,1720,1.161,1.183,1.164,1.164,0.729,1.162,1.218,1.203,1.203,1.203,1.207,1.207,1.212,1.212,1.182,1.101,0.781,2166.1,4688.5,1396.6,4688.5,1396.6,4688.5,4688.5,1097.3,1097.3,1097.3,1097.3,1097.3,1097.3,1097.3,1097.3,99.8,4090.0,315.1,101.7,0.2,21.9,0.1,6.9,1034.3,4600.0,0.2,2.3,199.3,114.9,0.1,18.1,6.7,0.6,0.4,9.9,66.6,78.9,39.1,381.7,7.9,4.8,0.0,0.2,0.0,0.0,29.8,95.7,0.0,0.0,8.1,2.4,2.7,0.5,0.0,0.0,0.0,0.0,5.4,6.0,2.3,95.7,7.9,100.0,12.4,4.3,0.0,1.1,0.0,0.7,41.5,175.1,0.0,0.2,8.4,4.5,0.0,1.0,0.4,0.1,0.0,0.6,3.6,4.2,2.1,12.4,21.7,47.0,14.0,47.0,14.0,47.0,47.0,11.0,11.0,11.0,11.0,11.0,11.0,11.0,11.0,41.0,61,61,63,62,64,59,60,60,60,60,60,61,61,61,61,39,39,37,38,36,41,40,40,40,40,40,39,39,39,39,74,64,No,No,No,No,No,No,No,No,No,No,No,No,No,No,No,No,No,No,No,No,No,No,No,No,No,No,No,No,No,No,No,No,No,No,No,No,No,No,No,No,No,No,No,No,No,No,No,No,74,64,65,1.100,5.906,14.746,8.975,0.001,4.452,0.430,175.0,175.0,175.0,175.0,0,0.0,8.1,5.1,0.0,1.3,0.0,0.3,29.7,95.6,0.0,0.1,7.8,2.7,0.0,1.6,0.5,0.0,0.0,0.8,5.6,6.9,3.4,6.6,5.4,4.1,54.4,4.0,23.8,0.9,0.0,0.0,0.0,0.0,0.0,0.0,0.0,0.0,55.7,0.0,0.0,0.0,0.0,0.0,0.0,98.3,99.3,99.8,99.9,99.0,94.0,92.8,96.4,58.9,88.1,93.7,11.4,0.0,65.0,95.3,997.6,10.00,22,15,15,28,103,160,2,2,Yes,No,No,No,No,No,No,No,No,No,Yes,No,No,Yes,No,No,No,No,No,No,No,Yes,No,No,No,No,No,Yes,No,No,No,No,No,No,No,Yes,No,No,85.0,3780,3240,3600,56.8,1.095,1.110,1.815,1.800,0.990,5.110,0.500,No,No,No,57.0,1.095,1.110,1.815,1.800,0.990,5.110,0.500,No,No,No,43,43,94.0,100.0,No,No,32158,47983,37,70,99.0,100.0,No,No,1844,3246,0.0,0.6,0.6,0.000,0.014,92431,52049,0.0,0.0,0.0,0.000,0.000,164001,82786,72.0,76.0,78.0,83.0,0.875,20.649,20.634,20.664,59.746,30.414,40.280,23.068,63.418,3.000,26.049,24.567,32.518,100.000,140.000,2250.0,2150.2,1890.0,2237.2,1905.0,94.0,43.0,0.0,0.0,92.5,24.7,98.8,0.0,0.0,0.0,Yes,No,No,No,No,Yes,No,0,0,0,0,0,0,0,0,0,0,0,0,0,0,0,0,0,0,0,0,0,0,0,0,0,0,0,0,0,0,617,7571,7338,567,16.0,64,0.300,13.197,600.0,2394.0,0.1,0.0,0.0,0.0,0.0,0.0,0.0,0.0,0.8,127,16065,127,No,No,No,No,No,No,No,No,16.746,68.277,100.0,0.000,24.1,0,0,0,0.0,2.1,2.1,2.1,2.1,2.1,2.1,2.2,2.2,2.2,2.2,2.2,2.2,471.39,471.39,471.39,471.39,471.39,471.39,0.83,469.27,471.39,0.00,449.05,651,9,0.1,0.1,0,0,0.0,0.0,0,
9.6.2026,14:14:13.471,23734,25034,48.6,14289,18095,44.1,10.5,16384,1720,1.203,1.200,1.175,1.175,1.172,1.169,1.219,1.183,1.223,1.223,1.223,1.223,1.209,1.229,1.219,1.101,0.781,2066.4,4688.5,1396.6,4688.5,4688.5,1396.6,798.0,1097.3,1097.3,1097.3,1097.3,1097.3,1097.3,3591.2,1097.3,99.8,4090.0,313.2,100.6,0.1,1.6,0.1,693.7,1079.8,3727.1,0.3,1.4,160.8,201.7,0.2,0.5,0.5,0.4,0.4,13.1,50.4,133.8,97.8,373.1,8.0,4.9,0.0,0.0,6.2,18.5,13.7,78.7,0.0,2.0,6.0,5.7,0.0,0.0,0.0,0.0,0.0,0.8,3.0,12.6,8.3,78.7,8.0,100.0,12.4,4.1,0.0,0.1,0.0,28.1,42.4,143.0,0.0,0.1,6.7,8.2,0.0,0.1,0.0,0.0,0.0,0.7,2.8,7.2,5.3,12.4,20.7,47.0,14.0,47.0,47.0,14.0,8.0,11.0,11.0,11.0,11.0,11.0,11.0,36.0,11.0,41.0,61,62,63,63,67,59,60,60,60,60,60,61,61,61,60,39,38,37,37,33,41,40,40,40,40,40,39,39,39,40,74,67,No,No,No,No,No,No,No,No,No,No,No,No,No,No,No,No,No,No,No,No,No,No,No,No,No,No,No,No,No,No,No,No,No,No,No,No,No,No,No,No,No,No,No,No,No,No,No,No,75,67,64,1.100,4.219,12.668,6.924,0.001,4.434,0.428,175.0,175.0,175.0,175.0,0,0.0,8.1,4.5,0.0,0.1,0.0,15.8,25.7,78.2,0.0,0.1,7.0,5.3,0.0,0.1,0.0,0.0,0.0,1.1,4.0,11.5,8.6,7.4,5.6,0.0,48.9,18.3,15.8,14.7,0.0,0.0,0.0,0.0,0.0,0.0,0.0,0.0,55.5,0.0,0.0,1.0,1.4,1.6,0.0,99.8,99.8,99.8,99.9,98.8,95.7,88.2,91.2,57.4,88.6,99.7,4.5,0.5,73.8,77.3,2394.1,24.00,36,35,35,68,103,383,2,2,Yes,No,No,No,No,No,No,No,No,No,Yes,No,No,Yes,No,No,No,No,No,No,No,Yes,No,No,No,No,No,Yes,No,No,No,No,No,No,No,Yes,No,No,85.0,3780,3180,3600,56.8,1.110,1.110,1.815,1.800,0.990,5.110,0.625,No,No,No,57.0,1.110,1.110,1.815,1.800,0.990,5.110,0.625,No,No,No,43,43,94.0,100.0,No,No,32158,47983,37,70,99.0,100.0,No,No,1844,3246,0.2,1.1,1.2,0.013,0.025,92431,52049,0.0,0.0,0.0,0.000,0.000,164001,82786,70.9,76.0,75.9,83.0,0.875,20.660,20.648,20.672,58.034,30.163,35.485,19.409,54.987,3.000,22.402,43.351,32.504,100.000,140.000,2250.0,2150.2,1890.0,2237.3,1905.0,84.0,47.0,0.0,0.0,92.5,22.3,89.3,0.0,0.0,0.0,Yes,No,No,No,No,Yes,No,0,0,0,0,0,0,0,0,0,0,0,0,0,0,0,0,0,0,0,0,0,0,0,0,0,0,0,0,0,0,617,7571,7338,567,16.0,65,0.300,13.203,600.0,997.0,0.1,0.0,0.0,0.0,0.0,0.0,0.0,0.0,0.8,127,16065,127,No,No,No,No,No,No,No,No,16.745,68.277,100.0,0.000,24.1,0,0,0,0.0,4.8,4.8,4.8,4.8,4.8,4.8,6.0,6.0,6.0,6.0,6.0,6.0,209.94,209.94,209.94,209.94,209.94,209.94,0.54,209.29,209.94,0.00,165.46,651,9,0.9,0.2,0,0,0.0,0.0,0,
9.6.2026,14:14:15.464,23738,25029,48.6,14310,18074,44.1,10.5,16384,1720,1.194,1.210,1.180,1.180,1.170,1.180,1.182,1.227,1.212,1.177,1.212,1.222,1.202,1.184,1.169,1.101,0.783,2935.7,4688.5,1396.6,4688.5,4688.5,4688.5,2194.6,3591.2,3591.2,3591.2,3591.2,1097.3,1097.3,1097.3,1097.3,99.8,4090.0,301.2,131.4,0.3,44.8,0.2,948.3,0.2,4501.4,0.3,13.4,0.2,230.1,0.4,0.6,0.6,0.6,0.6,4.4,1.6,78.8,66.6,367.1,13.7,5.8,39.9,3.1,0.0,22.8,0.0,95.0,43.6,1.1,0.8,7.0,42.9,0.8,0.8,0.8,0.8,1.1,0.9,2.2,5.4,95.0,13.7,100.0,12.0,5.7,0.0,2.1,0.0,40.8,0.0,173.4,0.0,0.5,0.0,9.5,0.0,0.1,0.1,0.1,0.1,0.3,0.1,4.3,3.6,12.0,29.4,47.0,14.0,47.0,47.0,47.0,22.0,36.0,36.0,36.0,36.0,11.0,11.0,11.0,11.0,41.0,61,62,63,63,66,59,60,61,60,60,60,61,61,61,61,39,38,37,37,34,41,40,39,40,40,40,39,39,39,39,74,66,No,No,No,No,No,No,No,No,No,No,No,No,No,No,No,No,No,No,No,No,No,No,No,No,No,No,No,No,No,No,No,No,No,No,No,No,No,No,No,No,No,No,No,No,No,No,No,No,74,67,66,1.100,6.750,13.437,7.698,0.001,4.424,0.428,175.0,175.0,175.0,175.0,0,0.0,7.2,5.8,0.0,2.3,0.0,23.2,0.0,93.8,0.0,0.3,0.0,7.1,0.0,0.1,0.0,0.0,0.0,0.3,0.1,6.0,5.3,8.8,16.0,5.8,70.3,4.7,0.0,25.7,0.0,0.0,0.0,0.0,0.0,0.0,0.3,0.0,56.2,0.0,0.0,0.4,0.0,0.0,0.0,99.8,99.8,99.8,99.8,99.5,99.7,93.3,94.4,55.2,76.5,91.0,0.8,0.0,99.5,63.7,2394.1,24.00,36,35,35,68,103,383,2,2,Yes,No,No,No,No,No,No,No,No,No,Yes,No,No,Yes,No,No,No,No,No,No,No,Yes,No,No,No,No,No,Yes,No,No,No,No,No,No,No,Yes,No,No,86.0,3720,3180,3600,56.8,1.110,1.110,1.815,1.800,0.990,5.110,0.625,No,No,No,57.0,1.110,1.110,1.815,1.800,0.990,5.110,0.500,No,No,No,43,43,94.0,100.0,No,No,32158,47983,37,70,99.0,100.0,No,No,1844,3246,0.4,0.8,1.2,0.036,0.093,92431,52049,0.0,0.0,0.0,0.000,0.000,164001,82786,67.1,76.0,71.5,83.0,0.875,20.742,20.738,20.746,60.092,12.448,16.315,10.058,26.389,3.000,13.059,8.854,9.465,100.000,140.000,2250.0,2150.2,1890.0,2233.0,1905.0,62.0,16.0,0.0,1.0,92.5,25.0,100.0,0.0,0.0,0.0,Yes,No,No,No,No,Yes,No,0,0,0,0,0,0,0,0,0,0,0,0,0,0,0,0,0,0,0,0,0,0,0,0,0,0,0,0,0,0,617,7571,7338,567,16.0,64,0.300,13.627,600.0,2394.0,0.1,0.0,0.0,0.0,0.0,0.0,0.0,0.0,0.8,127,16065,127,No,No,No,No,No,No,No,No,16.746,68.277,100.0,0.000,24.1,0,0,0,0.0,4.8,4.8,4.8,4.8,4.8,4.8,6.0,6.0,6.0,6.0,6.0,6.0,209.94,209.94,209.94,209.94,209.94,209.94,0.54,209.29,209.94,0.00,165.46,651,9,1.2,0.5,0,0,0.0,0.0,0,
9.6.2026,14:14:17.471,23740,25027,48.6,14360,18024,44.3,10.5,16384,1720,1.186,1.190,1.211,1.196,1.176,1.202,1.197,1.164,1.179,1.179,1.184,1.184,1.184,1.169,1.184,1.101,0.783,2401.3,4688.5,4688.5,4688.5,4688.5,4688.5,1396.6,1097.3,1097.3,1097.3,1097.3,1097.3,1097.3,1097.3,1097.3,99.8,4090.0,303.9,172.5,0.2,40.3,0.2,1012.2,0.4,4368.1,0.2,12.5,0.1,271.7,0.5,0.6,0.5,0.5,0.5,12.4,2.3,101.5,81.5,367.6,11.6,7.2,19.9,1.1,5.0,24.2,16.7,93.5,17.8,0.1,0.0,7.8,18.8,0.0,0.0,0.0,0.0,0.8,0.0,11.0,7.2,93.5,11.6,100.0,12.2,7.6,0.0,2.0,0.0,43.2,0.0,168.1,0.0,0.5,0.0,11.0,0.0,0.1,0.1,0.1,0.1,0.7,0.1,5.5,4.4,12.2,24.1,47.0,47.0,47.0,47.0,47.0,14.0,11.0,11.0,11.0,11.0,11.0,11.0,11.0,11.0,41.0,62,62,63,62,66,61,64,61,61,61,61,61,61,61,61,38,38,37,38,34,39,36,39,39,39,39,39,39,39,39,74,66,No,No,No,No,No,No,No,No,No,No,No,No,No,No,No,No,No,No,No,No,No,No,No,No,No,No,No,No,No,No,No,No,No,No,No,No,No,No,No,No,No,No,No,No,No,No,No,No,74,67,64,1.100,6.750,13.939,8.257,0.001,4.417,0.429,175.0,175.0,175.0,175.0,0,0.0,7.5,7.4,0.0,2.1,0.0,24.6,0.0,92.4,0.0,0.3,0.0,8.1,0.0,0.1,0.1,0.1,0.1,1.0,0.2,7.6,6.6,7.4,12.9,2.6,68.4,6.1,0.0,13.5,0.0,0.0,0.0,0.0,0.0,0.0,0.3,0.0,55.9,0.0,0.0,0.3,0.0,0.0,0.0,99.8,99.8,99.8,99.8,98.8,99.7,91.6,93.1,57.8,77.0,94.1,1.3,0.0,99.5,74.7,2394.1,24.00,36,35,35,68,103,383,2,2,Yes,No,No,No,No,No,No,No,No,No,Yes,No,No,Yes,No,No,No,No,No,No,No,Yes,No,No,No,No,No,Yes,No,No,No,No,No,No,No,Yes,No,No,84.0,3840,3060,3660,56.8,1.110,1.110,1.815,1.800,0.990,5.110,0.500,No,No,No,57.0,1.110,1.110,1.800,1.800,0.990,5.110,0.500,No,No,No,43,43,94.0,100.0,No,No,32158,47983,37,70,99.0,100.0,No,No,1844,3246,0.0,1.1,1.1,0.000,0.015,92431,52049,0.0,0.0,0.0,0.000,0.000,164001,82786,70.1,76.0,75.1,83.0,0.875,20.656,20.640,20.672,56.021,32.444,37.284,24.087,61.436,3.000,27.084,45.503,28.715,100.000,140.000,2250.0,2150.2,1890.0,2236.3,1905.0,85.0,56.0,0.0,1.0,92.5,22.1,88.4,0.0,0.0,0.0,Yes,No,No,No,No,Yes,No,0,0,0,0,0,0,0,0,0,0,0,0,0,0,0,0,0,0,0,0,0,0,0,0,0,0,0,0,0,0,617,7571,7338,567,16.0,66,0.300,14.762,600.0,2394.0,0.1,0.0,0.0,0.0,0.0,0.0,0.0,0.0,0.8,127,16065,127,No,No,No,No,No,No,No,No,16.746,68.277,100.0,0.000,24.1,0,0,0,0.0,1.9,1.9,1.9,1.9,1.9,1.9,2.0,2.0,2.0,2.0,2.0,2.0,538.54,538.54,538.54,538.54,538.54,538.54,1.29,537.21,538.54,0.00,491.98,651,9,0.4,0.0,0,0,0.0,0.0,0,
9.6.2026,14:14:19.474,23141,25627,47.4,14313,18070,44.1,10.5,16384,1720,1.233,1.147,1.206,1.226,1.206,1.201,1.201,1.251,1.251,1.276,1.276,1.255,1.255,1.255,1.250,1.063,0.783,3170.8,1396.6,1396.6,4888.0,4888.0,1396.6,4489.0,2194.6,2194.6,3591.2,3591.2,3591.2,3591.2,3591.2,3591.2,99.8,3890.5,327.6,178.2,26.2,114.5,3.1,1006.3,92.5,4015.6,67.8,80.3,36.1,350.0,26.6,41.2,60.6,51.4,39.0,64.2,68.7,128.4,101.4,386.8,9.1,7.6,2.2,5.5,0.0,24.1,2.9,86.1,2.3,2.7,1.6,9.9,1.4,2.5,4.0,3.5,2.3,3.6,4.6,8.2,6.6,86.1,9.1,100.0,13.3,7.5,1.0,4.8,0.1,42.5,3.5,154.6,2.6,3.1,1.4,14.0,1.0,2.3,3.3,2.7,2.1,3.5,3.8,6.9,5.4,13.3,31.8,14.0,14.0,49.0,49.0,14.0,45.0,22.0,22.0,36.0,36.0,36.0,36.0,36.0,36.0,39.0,64,64,63,64,70,64,61,63,63,63,63,64,64,64,64,36,36,37,36,30,36,39,37,37,37,37,36,36,36,36,75,70,No,No,No,No,No,No,No,No,No,No,No,No,No,No,No,No,No,No,No,No,No,No,No,No,No,No,No,No,No,No,No,No,No,No,No,No,No,No,No,No,No,No,No,No,No,No,No,No,75,74,64,1.100,13.500,14.541,8.707,0.001,4.469,0.431,175.0,175.0,175.0,175.0,0,0.3,8.4,7.5,0.6,4.0,0.1,24.2,2.1,85.1,1.5,2.0,0.8,9.9,0.6,1.7,3.2,2.7,1.6,2.8,3.8,8.1,5.9,7.0,8.0,2.4,63.3,9.8,0.9,12.8,0.0,0.0,0.0,0.0,0.0,0.0,0.0,0.0,55.1,0.0,0.0,1.3,2.5,0.0,0.0,97.9,96.5,97.0,98.2,96.7,95.7,91.3,93.7,58.2,82.0,91.8,4.8,0.3,96.0,74.1,2394.1,24.00,36,35,35,68,103,383,2,2,Yes,No,No,No,No,No,No,No,No,No,Yes,No,No,Yes,No,No,No,No,No,No,No,Yes,No,No,No,No,No,Yes,No,No,No,No,No,No,No,Yes,No,No,85.0,3840,2940,3660,56.8,1.110,1.110,1.815,1.815,0.990,5.110,0.625,No,No,No,57.0,1.110,1.110,1.815,1.815,0.990,5.110,0.750,No,No,No,43,43,94.0,100.0,No,No,32158,47983,37,70,99.0,100.0,No,No,1844,3246,0.8,1.2,1.9,0.024,0.024,92431,52049,0.0,0.0,0.0,0.000,0.000,164001,82786,63.2,72.0,69.8,83.0,0.875,20.768,20.768,20.768,59.537,11.245,13.581,9.553,23.177,3.000,12.559,8.396,8.450,100.000,140.000,2250.0,2150.2,1890.0,2235.8,1905.0,6.0,1.0,0.0,1.0,85.6,25.0,100.0,0.0,0.0,0.0,Yes,No,No,No,No,Yes,No,0,0,0,0,0,0,0,0,0,0,0,0,0,0,0,0,0,0,0,0,0,0,0,0,0,0,0,0,0,0,1175,7013,6780,567,16.0,64,0.300,13.208,550.0,2394.0,0.1,0.0,0.0,0.0,0.0,0.0,0.0,0.0,0.8,127,16065,127,No,No,No,No,No,No,No,No,16.746,68.277,100.0,0.000,24.1,0,0,0,0.0,3.2,32.2,1.9,1.9,1.9,1.9,3.3,69.7,2.1,2.1,2.1,2.1,317.21,519.89,31.05,24.16,522.21,522.21,0.50,316.57,317.21,0.00,328.37,651,9,2.4,0.4,0,0,0.0,0.0,0,
9.6.2026,14:14:21.472,19251,29516,39.4,14051,18333,43.3,10.5,16384,1720,1.183,1.176,1.166,1.211,1.165,1.175,1.160,1.175,1.187,1.192,1.167,1.207,1.187,1.198,1.198,1.101,0.781,2315.8,1396.6,4489.0,4688.5,4688.5,1396.6,4489.0,1097.3,1097.3,3591.2,1097.3,1097.3,1097.3,1097.3,1097.3,99.8,4090.0,1201.8,1366.5,834.5,1460.5,817.2,2238.9,1281.4,3278.3,1128.6,1237.2,879.0,1467.2,963.9,792.4,848.5,723.1,766.8,869.0,876.9,1140.0,1065.7,1255.3,35.1,37.0,21.1,39.9,22.5,55.1,30.9,79.9,21.6,31.2,22.1,40.4,25.7,26.7,28.8,22.5,24.8,34.3,35.2,55.4,46.5,79.9,35.1,100.0,52.1,53.9,32.1,57.1,31.4,87.5,49.1,128.0,43.4,47.7,33.7,57.5,37.0,42.8,45.7,38.8,41.3,47.2,47.7,62.6,57.9,52.1,23.2,14.0,45.0,47.0,47.0,14.0,45.0,11.0,11.0,36.0,11.0,11.0,11.0,11.0,11.0,41.0,63,66,66,64,67,62,63,61,61,61,61,64,64,64,64,37,34,34,36,33,38,37,39,39,39,39,36,36,36,36,76,67,No,No,No,No,No,No,No,No,No,No,No,No,No,No,No,No,No,No,No,No,No,No,No,No,No,No,No,No,No,No,Yes,Yes,Yes,Yes,Yes,Yes,Yes,Yes,Yes,Yes,Yes,Yes,Yes,Yes,Yes,No,No,Yes,76,70,64,1.100,12.656,14.065,8.216,0.001,4.502,0.441,175.0,175.0,175.0,175.0,0,0.0,34.9,36.6,21.6,39.4,21.2,54.2,31.3,78.0,28.1,31.0,22.6,39.2,26.1,26.8,28.8,23.0,24.9,33.2,34.3,52.9,44.9,8.8,24.4,13.1,13.5,11.1,6.3,18.3,3.5,2.6,3.8,4.3,3.4,2.5,7.8,8.4,36.1,4.8,2.4,8.3,2.2,3.7,2.6,68.5,67.5,72.5,69.9,61.4,61.1,35.8,44.6,28.5,29.0,40.5,12.8,0.7,55.7,32.5,2394.1,24.00,36,35,35,68,103,383,2,2,Yes,No,No,No,No,No,No,No,No,Yes,Yes,No,No,Yes,No,No,No,No,No,No,No,Yes,No,No,No,No,No,Yes,No,No,No,No,No,No,No,Yes,No,No,85.0,3900,2880,3720,56.8,1.110,1.110,1.815,1.815,1.005,5.110,1.750,No,No,No,57.0,1.110,1.110,1.815,1.815,1.005,5.110,0.875,No,No,No,43,43,94.0,100.0,No,No,32158,47983,37,70,99.0,100.0,No,No,1844,3246,1.3,0.9,2.3,0.782,0.038,92432,52049,0.0,0.0,0.0,0.000,0.000,164001,82786,60.9,68.0,68.1,83.0,0.870,20.733,20.731,20.736,22.326,9.255,10.708,7.152,17.874,3.000,10.154,7.927,7.972,100.000,140.000,2175.0,1750.2,1875.0,2235.2,1890.0,16.0,3.0,0.0,8.0,29.6,0.6,2.2,0.0,0.0,0.0,Yes,No,No,No,No,Yes,No,0,0,0,0,0,0,0,0,0,0,0,0,0,0,0,0,0,0,0,0,0,0,0,0,0,0,0,0,0,0,5767,2421,2344,567,16.0,65,0.300,29.179,600.0,2394.0,0.1,0.0,0.0,0.0,0.0,0.0,0.0,0.0,0.8,127,16065,127,No,No,No,No,No,No,No,No,16.746,68.277,100.0,0.000,24.1,0,0,0,0.0,3.2,32.2,1.9,1.9,1.9,1.9,3.3,69.7,2.1,2.1,2.1,2.1,317.21,519.89,31.05,24.16,522.21,522.21,0.50,316.57,317.21,0.00,328.37,651,9,1.2,1.8,0,0,0.0,0.0,0,
9.6.2026,14:14:23.469,23812,24956,48.8,13987,18397,43.1,10.5,16384,1720,1.198,1.207,1.205,1.170,1.210,1.192,1.228,1.209,1.185,1.185,1.210,1.210,1.185,1.190,1.185,1.101,0.781,2622.2,2294.4,4688.5,4489.0,4888.0,4688.5,4688.5,1097.3,1097.3,1097.3,1097.3,1097.3,1097.3,2194.6,2194.6,99.8,4090.0,339.4,356.9,0.2,54.5,0.1,1901.5,0.3,3552.7,0.4,20.5,0.1,717.3,0.4,0.7,8.6,0.5,0.4,10.2,11.9,79.4,70.6,413.4,8.7,11.9,0.0,1.1,0.0,44.0,0.0,86.0,0.0,0.3,0.0,19.1,0.0,0.1,0.8,0.0,0.0,0.0,1.0,5.6,4.7,86.0,8.7,100.0,13.7,15.2,0.0,2.4,0.0,78.5,0.0,138.2,0.0,0.9,0.0,29.1,0.0,0.1,0.5,0.1,0.0,0.6,0.7,4.0,3.4,13.7,26.3,23.0,47.0,45.0,49.0,47.0,47.0,11.0,11.0,11.0,11.0,11.0,11.0,22.0,22.0,41.0,62,63,62,63,64,61,60,60,60,60,60,62,62,62,62,38,37,38,37,36,39,40,40,40,40,40,38,38,38,38,74,64,No,No,No,No,No,No,No,No,No,No,No,No,No,No,No,No,No,No,No,No,No,No,No,No,No,No,No,No,No,No,No,No,No,No,No,No,No,No,No,No,No,No,No,No,No,No,No,No,74,66,65,1.100,9.281,33.746,26.935,0.001,5.252,0.690,175.0,175.0,175.0,175.0,0,0.0,8.9,11.9,0.0,1.9,0.0,44.2,0.0,84.2,0.0,1.1,0.0,19.1,0.0,0.1,0.8,0.1,0.0,0.8,1.0,6.1,6.0,10.0,34.1,4.9,49.1,12.7,2.5,36.7,0.0,0.0,0.0,0.0,0.0,0.0,0.0,0.0,56.1,0.0,0.0,0.5,0.5,0.0,0.9,99.8,99.1,99.8,99.8,99.0,98.9,93.4,93.7,46.3,50.6,92.5,0.4,0.0,96.0,38.5,2394.1,24.00,36,35,35,68,103,383,2,2,Yes,No,No,No,No,No,No,No,No,No,Yes,No,No,Yes,No,No,No,No,No,No,No,Yes,No,No,No,No,No,Yes,No,No,No,No,No,No,No,Yes,No,No,86.0,4020,2820,3900,56.8,1.110,1.110,1.815,1.815,1.005,5.110,0.750,No,No,No,57.2,1.110,1.110,1.815,1.815,1.005,5.110,0.750,No,No,No,43,43,94.0,100.0,No,No,32158,47983,37,70,99.0,100.0,No,No,1844,3246,0.0,1.9,2.0,0.002,0.374,92432,52050,0.0,0.0,0.0,0.000,0.000,164001,82786,69.1,72.0,73.9,83.0,0.875,20.661,20.649,20.674,51.164,25.913,35.412,20.649,56.130,3.000,23.627,8.909,33.665,100.000,140.000,2250.0,2150.2,1890.0,2236.5,1905.0,81.0,51.0,0.0,0.0,93.4,25.0,100.0,0.0,0.0,0.0,Yes,No,No,No,No,Yes,No,0,0,0,0,0,0,0,0,0,0,0,0,0,0,0,0,0,0,0,0,0,0,0,0,0,0,0,0,0,0,539,7649,7416,568,16.0,64,0.300,21.569,600.0,2394.0,0.1,0.0,0.0,0.0,0.0,0.0,0.0,0.0,0.8,127,16065,127,No,No,No,No,No,No,No,No,16.746,68.277,100.0,0.000,24.1,0,0,0,0.0,1.9,1.9,1.9,1.9,1.9,1.9,2.1,2.1,2.1,2.1,2.1,2.1,518.42,518.42,518.42,518.42,518.42,518.42,1.40,515.83,518.42,0.00,485.33,651,9,1.0,0.5,0,0,0.0,0.0,0,
9.6.2026,14:14:25.477,23735,25033,48.6,14048,18336,43.3,10.5,16384,1720,1.211,1.209,1.191,1.190,1.176,1.195,1.220,1.230,1.235,1.220,1.219,1.214,1.229,1.214,1.209,1.063,0.783,2465.4,1396.6,1396.6,4688.5,4688.5,1396.6,4688.5,1097.3,3591.2,3591.2,3591.2,1097.3,1097.3,1097.3,1097.3,99.8,3890.5,326.0,233.7,0.7,88.0,0.4,1588.8,2.5,3988.9,1.8,18.4,1.5,394.3,0.8,3.7,2.3,2.3,2.6,14.5,13.5,65.1,96.5,395.7,19.1,10.3,41.4,5.0,23.6,36.9,35.8,88.1,38.3,1.8,27.1,11.5,37.1,1.4,1.3,1.3,1.3,2.3,2.2,6.0,8.9,88.1,19.1,100.0,13.1,10.3,0.0,4.2,0.0,65.2,0.1,154.0,0.1,0.8,0.1,15.8,0.0,0.2,0.2,0.2,0.2,0.8,0.8,3.9,5.0,13.1,24.7,14.0,14.0,47.0,47.0,14.0,47.0,11.0,36.0,36.0,36.0,11.0,11.0,11.0,11.0,39.0,62,63,63,62,66,59,60,61,61,61,61,62,62,62,62,38,37,37,38,34,41,40,39,39,39,39,38,38,38,38,74,66,No,No,No,No,No,No,No,No,No,No,No,No,No,No,No,No,No,No,No,No,No,No,No,No,No,No,No,No,No,No,No,No,No,No,No,No,No,No,No,No,No,No,No,No,No,No,No,No,74,67,64,1.100,7.594,16.121,10.279,0.001,4.521,0.437,175.0,175.0,175.0,175.0,0,0.0,8.2,9.8,0.0,3.8,0.0,36.7,0.1,86.7,0.0,0.6,0.0,11.2,0.0,0.2,0.1,0.1,0.1,1.1,1.0,5.0,8.1,8.7,21.1,7.6,56.6,11.2,1.4,23.7,0.0,0.0,0.0,0.0,0.0,0.0,0.0,0.0,56.1,0.0,0.0,0.5,0.1,0.0,2.3,99.6,99.7,99.7,99.7,98.7,98.8,94.4,91.5,51.8,65.8,86.6,1.4,0.0,97.4,59.6,997.6,10.00,22,15,15,28,103,160,2,2,Yes,No,No,No,No,No,No,No,No,No,Yes,No,No,Yes,No,No,No,No,No,No,No,Yes,No,No,No,No,No,Yes,No,No,No,No,No,No,No,Yes,No,No,85.0,4140,2760,3960,56.8,1.110,1.110,1.815,1.815,1.005,5.110,0.500,No,No,No,57.2,1.110,1.110,1.815,1.815,1.005,5.110,0.625,No,No,No,43,43,94.0,100.0,No,No,32158,47983,37,70,99.0,100.0,No,No,1844,3246,0.0,1.1,1.1,0.000,0.096,92432,52050,0.0,0.0,0.0,0.000,0.000,164001,82786,69.5,74.0,74.6,83.0,0.875,20.651,20.637,20.665,48.860,30.305,37.382,23.340,60.797,3.000,26.315,32.646,28.655,100.000,140.000,2250.0,2150.2,1890.0,2239.5,1905.0,84.0,58.0,0.0,0.0,92.5,24.9,99.7,0.0,0.0,0.0,Yes,No,No,No,No,Yes,No,0,0,0,0,0,0,0,0,0,0,0,0,0,0,0,0,0,0,0,0,0,0,0,0,0,0,0,0,0,0,617,7571,7338,567,16.0,64,0.300,14.885,600.0,2394.0,0.1,0.0,0.0,0.0,0.0,0.0,0.0,0.0,0.8,127,16065,127,No,No,No,No,No,No,No,No,16.746,68.277,100.0,0.000,24.1,0,0,0,0.0,2.0,2.0,2.0,2.0,2.0,2.0,2.1,2.1,2.1,2.1,2.1,2.1,497.20,497.20,497.20,497.20,497.20,497.20,0.50,496.91,497.20,0.00,15.75,651,9,0.1,0.0,0,0,0.0,0.0,0,
9.6.2026,14:14:27.486,23729,25039,48.6,14073,18311,43.4,10.5,16384,1720,1.180,1.176,1.186,1.166,1.166,1.186,1.166,1.205,1.185,1.190,1.185,1.185,1.170,1.170,1.180,1.101,0.781,2344.3,1396.6,4688.5,1396.6,4688.5,4688.5,4688.5,1097.3,1097.3,3591.2,1097.3,1097.3,1097.3,1097.3,1097.3,99.8,4090.0,300.3,175.6,0.2,35.3,0.1,986.5,0.4,4363.7,0.2,6.2,0.1,172.2,0.2,21.2,1.3,0.6,5.8,17.9,17.9,112.1,88.1,360.6,7.3,7.4,0.0,1.9,0.0,23.5,0.0,92.9,0.0,0.0,0.0,5.2,0.0,0.0,0.0,0.0,0.0,0.0,0.0,8.9,7.2,92.9,7.3,100.0,12.1,7.7,0.0,1.7,0.0,41.7,0.0,167.8,0.0,0.3,0.0,7.2,0.0,1.1,0.1,0.1,0.3,1.0,1.0,6.1,5.4,12.1,23.5,14.0,47.0,14.0,47.0,47.0,47.0,11.0,11.0,36.0,11.0,11.0,11.0,11.0,11.0,41.0,61,60,59,62,66,59,60,61,61,61,61,61,61,61,61,39,40,41,38,34,41,40,39,39,39,39,39,39,39,39,74,66,No,No,No,No,No,No,No,No,No,No,No,No,No,No,No,No,No,No,No,No,No,No,No,No,No,No,No,No,No,No,No,No,No,No,No,No,No,No,No,No,No,No,No,No,No,No,No,No,74,67,64,1.100,16.875,14.695,8.937,0.001,4.479,0.436,175.0,175.0,175.0,175.0,0,0.0,7.6,7.4,0.0,1.8,0.0,23.8,0.0,91.8,0.0,0.2,0.0,5.3,0.0,1.5,0.1,0.0,0.5,1.4,1.4,8.6,7.4,8.4,15.8,5.2,66.2,6.7,0.0,23.7,0.0,0.0,0.0,0.0,0.0,0.0,0.0,0.0,55.5,0.0,0.0,0.2,0.0,0.0,0.0,98.4,99.8,99.8,99.4,98.4,98.4,90.9,92.3,56.4,74.3,91.9,4.6,0.0,99.7,67.9,997.6,10.00,22,15,15,28,103,160,2,2,Yes,No,No,No,No,No,No,No,No,No,Yes,No,No,Yes,No,No,No,No,No,No,No,Yes,No,No,No,No,No,Yes,No,No,No,No,No,No,No,Yes,No,No,85.0,4080,2880,3960,56.8,1.110,1.110,1.815,1.815,1.005,5.110,0.750,No,No,No,57.2,1.110,1.110,1.815,1.815,1.005,5.110,0.750,No,No,No,43,43,94.0,100.0,No,No,32158,47983,37,70,99.0,100.0,No,No,1844,3246,0.0,1.5,1.5,0.000,0.035,92432,52050,0.0,0.0,0.0,0.000,0.000,164001,82786,69.9,74.0,74.9,83.0,0.875,20.677,20.663,20.691,56.871,30.431,37.082,17.625,54.791,3.000,20.620,48.609,31.292,100.000,140.000,2250.0,2150.2,1890.0,2237.4,1905.0,90.0,34.0,0.0,0.0,92.5,25.0,100.0,0.0,0.0,0.0,Yes,No,No,No,No,Yes,No,0,0,0,0,0,0,0,0,0,0,0,0,0,0,0,0,0,0,0,0,0,0,0,0,0,0,0,0,0,0,617,7571,7338,568,16.0,64,0.300,13.632,550.0,997.0,0.1,0.0,0.0,0.0,0.0,0.0,0.0,0.0,0.8,127,16065,127,No,No,No,No,No,No,No,No,16.746,68.277,100.0,0.000,24.1,0,0,0,0.0,2.3,2.3,2.3,2.3,2.3,2.3,2.4,2.4,2.4,2.4,2.4,2.4,437.49,437.49,437.49,437.49,437.49,437.49,1.80,436.65,437.49,0.00,106.84,651,9,0.1,0.0,0,0,0.0,0.0,0,
9.6.2026,14:14:29.473,23724,25043,48.6,14089,18295,43.5,10.5,16384,1720,1.213,1.172,1.205,1.185,1.215,1.220,1.220,1.235,1.215,1.230,1.235,1.230,1.230,1.195,1.195,1.101,0.783,2358.5,1396.6,4688.5,4688.5,4888.0,4688.5,1396.6,1097.3,1097.3,1097.3,3591.2,1097.3,1097.3,1097.3,1097.3,99.8,4090.0,300.7,152.4,0.2,44.2,0.1,970.9,0.3,4229.7,0.3,21.3,0.1,339.0,0.3,7.6,1.2,1.9,0.5,38.0,5.1,104.2,97.1,360.6,19.8,6.9,49.4,2.1,49.8,22.9,33.5,90.4,49.0,3.2,0.0,10.9,49.0,1.9,1.3,1.4,1.3,4.4,1.6,7.5,9.0,90.4,19.8,100.0,12.0,6.8,0.0,2.2,0.0,41.0,0.0,162.6,0.0,0.8,0.0,13.8,0.0,0.4,0.1,0.1,0.0,2.1,0.3,5.3,5.1,12.0,23.6,14.0,47.0,47.0,49.0,47.0,14.0,11.0,11.0,11.0,36.0,11.0,11.0,11.0,11.0,41.0,62,64,65,63,66,61,59,61,61,61,61,62,62,62,62,38,36,35,37,34,39,41,39,39,39,39,38,38,38,38,75,66,No,No,No,No,No,No,No,No,No,No,No,No,No,No,No,No,No,No,No,No,No,No,No,No,No,No,No,No,No,No,No,No,No,No,No,No,No,No,No,No,No,No,No,No,No,No,No,No,74,66,65,1.100,4.219,13.354,7.547,0.001,4.450,0.429,175.0,175.0,175.0,175.0,0,0.0,7.8,7.2,0.0,2.5,0.0,23.3,0.0,89.4,0.0,1.2,0.0,11.2,0.0,0.7,0.1,0.2,0.0,3.2,0.4,8.2,8.0,8.1,13.5,2.6,64.8,8.6,0.0,23.9,0.0,0.0,0.0,0.0,0.0,0.0,0.0,0.0,55.7,0.0,0.0,0.6,0.4,0.0,1.7,99.2,99.8,99.7,99.8,96.6,99.5,91.3,91.7,55.9,76.5,93.8,6.3,0.0,98.6,60.0,2394.1,24.00,36,35,35,68,103,383,2,2,Yes,No,No,No,No,No,No,No,No,No,Yes,No,No,Yes,No,No,No,No,No,No,No,Yes,No,No,No,No,No,Yes,No,No,No,No,No,No,No,Yes,No,No,84.0,3900,3000,3720,56.8,1.110,1.110,1.815,1.815,1.005,5.110,0.625,No,No,No,57.2,1.110,1.110,1.800,1.815,1.005,5.110,0.750,No,No,No,43,43,94.0,100.0,No,No,32158,47983,37,70,99.0,100.0,No,No,1844,3246,0.0,0.6,0.6,0.000,0.019,92432,52050,0.0,0.0,0.0,0.000,0.000,164001,82786,65.1,74.0,70.4,83.0,0.875,20.741,20.739,20.742,59.717,13.738,16.856,10.328,27.214,3.000,13.329,8.957,16.483,100.000,140.000,2250.0,2150.2,1890.0,2237.7,1905.0,68.0,22.0,0.0,0.0,92.5,25.0,100.0,0.0,0.0,0.0,Yes,No,No,No,No,Yes,No,0,0,0,0,0,0,0,0,0,0,0,0,0,0,0,0,0,0,0,0,0,0,0,0,0,0,0,0,0,0,617,7571,7338,568,16.0,65,0.300,12.473,600.0,997.0,0.1,0.0,0.0,0.0,0.0,0.0,0.0,0.0,0.8,127,16065,127,No,No,No,No,No,No,No,No,16.747,68.277,100.0,0.000,24.1,0,0,0,0.0,2.3,2.3,2.3,2.3,2.3,2.3,2.4,2.4,2.4,2.4,2.4,2.4,437.49,437.49,437.49,437.49,437.49,437.49,1.80,436.65,437.49,0.00,106.84,651,9,0.4,0.1,0,0,0.0,0.0,0,
9.6.2026,14:14:31.478,23725,25042,48.6,14164,18219,43.7,10.5,16384,1720,1.194,1.207,1.200,1.159,1.189,1.189,1.174,1.184,1.194,1.224,1.194,1.194,1.184,1.224,1.208,1.101,0.781,2387.0,1396.6,4688.5,4489.0,4688.5,4688.5,4688.5,1097.3,1097.3,1097.3,1097.3,1097.3,1097.3,1097.3,1097.3,99.8,4090.0,296.6,142.3,0.2,6.8,0.1,1180.3,0.2,4204.4,0.3,2.0,0.1,272.7,0.3,0.4,0.5,0.4,0.4,26.4,0.8,50.7,43.7,363.2,7.0,5.6,0.0,0.0,0.0,27.8,0.0,89.4,0.0,0.0,0.5,7.3,0.0,0.0,0.0,0.0,0.0,1.3,0.0,4.4,3.0,89.4,7.0,100.0,11.8,6.1,0.0,0.3,0.0,49.4,0.0,162.2,0.0,0.1,0.0,11.0,0.0,0.0,0.0,0.0,0.0,1.4,0.1,3.1,2.5,11.8,23.9,14.0,47.0,45.0,47.0,47.0,47.0,11.0,11.0,11.0,11.0,11.0,11.0,11.0,11.0,41.0,61,63,63,62,63,59,63,60,60,60,60,61,61,61,61,39,37,37,38,37,41,37,40,40,40,40,39,39,39,39,74,63,No,No,No,No,No,No,No,No,No,No,No,No,No,No,No,No,No,No,No,No,No,No,No,No,No,No,No,No,No,No,No,No,No,No,No,No,No,No,No,No,No,No,No,No,No,No,No,No,74,66,64,1.100,5.906,13.106,7.373,0.001,4.416,0.428,175.0,175.0,175.0,175.0,0,0.0,7.0,5.8,0.0,0.2,0.0,28.3,0.0,88.3,0.0,0.1,0.0,7.8,0.0,0.0,0.0,0.0,0.0,2.3,0.1,4.0,3.8,8.2,12.9,0.8,63.3,9.6,0.0,28.4,0.0,0.0,0.0,0.0,0.0,0.0,0.0,0.0,56.4,0.0,0.0,1.0,0.5,0.0,0.0,99.8,99.8,99.8,99.9,97.6,99.8,95.7,96.0,56.8,79.7,98.8,2.0,0.0,99.8,60.8,2394.1,24.00,36,35,35,68,103,383,2,2,Yes,No,No,No,No,No,No,No,No,No,Yes,No,No,Yes,No,No,No,No,No,No,No,Yes,No,No,No,No,No,Yes,No,No,No,No,No,No,No,Yes,No,No,85.0,3840,3180,3720,56.8,1.110,1.110,1.815,1.815,1.005,5.110,0.875,No,No,No,57.0,1.110,1.110,1.815,1.815,1.005,5.110,0.875,No,No,No,43,43,94.0,100.0,No,No,32158,47983,37,70,99.0,100.0,No,No,1844,3246,0.0,1.6,1.6,0.000,0.402,92432,52051,0.0,0.0,0.0,0.000,0.000,164001,82786,64.9,74.0,70.5,83.0,0.875,20.752,20.752,20.752,60.289,11.645,14.558,9.172,23.761,3.000,12.190,9.324,9.512,100.000,140.000,2250.0,2150.2,1890.0,2236.9,1905.0,70.0,28.0,0.0,0.0,92.5,25.0,99.9,0.0,0.0,0.0,Yes,No,No,No,No,Yes,No,0,0,0,0,0,0,0,0,0,0,0,0,0,0,0,0,0,0,0,0,0,0,0,0,0,0,0,0,0,0,617,7571,7338,568,16.0,64,0.300,13.303,600.0,2394.0,0.1,0.0,0.0,0.0,0.0,0.0,0.0,0.0,0.8,127,16065,127,No,No,No,No,No,No,No,No,16.745,68.277,100.0,0.000,24.1,0,0,0,0.0,2.3,2.3,2.3,2.3,2.3,2.3,2.4,2.4,2.4,2.4,2.4,2.4,437.49,437.49,437.49,437.49,437.49,437.49,1.80,436.65,437.49,0.00,106.84,651,9,0.2,0.1,0,0,0.0,0.0,0,
9.6.2026,14:14:33.493,23735,25033,48.6,14181,18203,43.7,10.5,16384,1720,1.203,1.224,1.169,1.204,1.199,1.174,1.179,1.205,1.205,1.210,1.205,1.219,1.219,1.219,1.207,1.063,0.783,2664.9,4688.5,4688.5,4888.0,4888.0,4688.5,4688.5,1097.3,1097.3,1097.3,1097.3,1097.3,1097.3,1097.3,1097.3,99.8,3890.5,308.4,181.3,0.2,64.7,0.1,886.4,0.3,4479.9,0.1,7.5,0.1,214.8,0.3,6.7,14.4,0.5,0.5,41.1,37.6,111.9,119.2,366.1,10.2,8.6,0.0,4.0,0.0,21.9,5.5,94.5,28.2,1.4,0.0,7.0,0.0,1.7,0.9,0.0,0.0,4.6,4.2,9.8,11.1,94.5,10.2,100.0,12.4,8.2,0.0,3.3,0.0,37.9,0.0,172.1,0.0,0.4,0.0,9.0,0.0,0.4,0.8,0.0,0.0,2.2,2.0,6.0,6.2,12.4,26.7,47.0,47.0,49.0,49.0,47.0,47.0,11.0,11.0,11.0,11.0,11.0,11.0,11.0,11.0,39.0,62,61,58,67,63,57,64,61,61,61,61,62,62,62,62,38,39,42,33,37,43,36,39,39,39,39,38,38,38,38,74,67,No,No,No,No,No,No,No,No,No,No,No,No,No,No,No,No,No,No,No,No,No,No,No,No,No,No,No,No,No,No,No,No,No,No,No,No,No,No,No,No,No,No,No,No,No,No,No,No,74,66,64,1.100,7.594,13.253,7.543,0.001,4.438,0.429,175.0,175.0,175.0,175.0,0,0.0,8.2,8.2,0.0,3.7,0.0,22.0,0.0,93.5,0.0,0.3,0.0,6.8,0.0,0.6,1.3,0.1,0.0,3.5,3.2,9.5,10.5,8.8,11.5,4.4,70.9,5.1,1.5,29.5,0.0,0.0,0.0,0.0,0.0,0.0,0.0,0.0,55.0,0.0,0.0,0.0,0.1,0.0,0.0,99.2,98.5,99.8,99.8,96.3,96.6,90.0,89.2,54.4,76.9,89.8,2.0,0.0,97.7,59.8,2394.1,24.00,36,35,35,68,103,383,2,2,Yes,No,No,No,No,No,No,No,No,No,Yes,No,No,Yes,No,No,No,No,No,No,No,Yes,No,No,No,No,No,Yes,No,No,No,No,No,No,No,Yes,No,No,84.0,3840,3120,3660,56.8,1.110,1.110,1.815,1.815,1.005,5.110,0.750,No,No,No,57.0,1.110,1.110,1.815,1.815,1.005,5.110,0.625,No,No,No,43,43,94.0,100.0,No,No,32158,47983,37,70,99.0,100.0,No,No,1844,3246,0.0,0.8,0.8,0.000,0.076,92432,52051,0.0,0.0,0.0,0.000,0.000,164001,82786,69.3,76.0,74.2,83.0,0.875,20.674,20.661,20.687,56.647,28.466,32.859,20.599,53.537,3.000,23.583,40.967,24.717,100.000,140.000,2250.0,2150.2,1890.0,2236.9,1905.0,87.0,56.0,0.0,0.0,92.5,19.1,76.3,0.0,0.0,0.0,Yes,No,No,No,No,Yes,No,0,0,0,0,0,0,0,0,0,0,0,0,0,0,0,0,0,0,0,0,0,0,0,0,0,0,0,0,0,0,617,7571,7338,568,16.0,65,0.300,13.911,600.0,2394.0,0.1,0.0,0.0,0.0,0.0,0.0,0.0,0.0,0.8,127,16065,127,No,No,No,No,No,No,No,No,16.746,68.277,100.0,0.000,24.1,0,0,0,0.0,3.7,19.8,2.0,2.0,2.0,2.0,3.7,13.4,2.1,2.1,2.1,2.1,272.76,494.99,50.52,46.44,499.53,499.53,0.35,272.39,272.76,0.00,224.13,651,9,0.3,0.2,0,0,0.0,0.0,0,
9.6.2026,14:14:35.483,23729,25039,48.6,14176,18208,43.7,10.5,16384,1720,1.198,1.216,1.184,1.174,1.178,1.188,1.173,1.193,1.233,1.203,1.203,1.197,1.192,1.222,1.222,1.101,0.783,2935.7,4688.5,4688.5,1396.6,4688.5,4688.5,4688.5,1097.3,3591.2,3591.2,3591.2,1097.3,1097.3,1097.3,1097.3,99.8,4090.0,299.0,122.4,0.3,48.6,0.2,1076.9,0.3,4241.4,0.2,17.9,0.2,207.2,0.4,0.6,0.8,0.5,0.5,14.4,12.3,104.6,129.6,357.4,17.0,5.9,32.3,1.1,40.5,25.0,35.1,89.4,30.5,0.0,23.4,6.4,30.9,0.0,0.1,0.1,0.1,0.5,0.0,8.1,10.6,89.4,17.0,100.0,12.0,5.4,0.0,2.3,0.0,45.2,0.0,163.0,0.0,0.7,0.0,8.7,0.0,0.1,0.1,0.1,0.1,0.8,0.7,5.7,7.2,12.0,29.4,47.0,47.0,14.0,47.0,47.0,47.0,11.0,36.0,36.0,36.0,11.0,11.0,11.0,11.0,41.0,62,62,63,62,66,59,61,61,61,61,61,61,61,61,61,38,38,37,38,34,41,39,39,39,39,39,39,39,39,39,74,66,No,No,No,No,No,No,No,No,No,No,No,No,No,No,No,No,No,No,No,No,No,No,No,No,No,No,No,No,No,No,No,No,No,No,No,No,No,No,No,No,No,No,No,No,No,No,No,No,72,64,64,1.100,17.719,13.767,7.977,0.001,4.433,0.428,175.0,175.0,175.0,175.0,0,0.0,7.5,5.8,0.0,2.6,0.0,25.2,0.0,88.4,0.0,0.4,0.0,6.3,0.0,0.1,0.1,0.0,0.0,1.2,1.0,7.9,10.8,8.5,12.2,5.1,68.5,9.7,0.0,23.4,0.0,0.0,0.0,0.0,0.0,0.0,0.0,0.0,55.5,0.0,0.0,0.0,0.2,0.0,0.0,99.8,99.8,99.8,99.8,98.6,98.8,91.6,88.9,56.4,79.7,90.8,1.4,0.2,99.3,67.1,2394.1,24.00,36,35,35,68,103,383,2,2,Yes,No,No,No,No,No,No,No,No,No,Yes,No,No,Yes,No,No,No,No,No,No,No,Yes,No,No,No,No,No,Yes,No,No,No,No,No,No,No,Yes,No,No,85.0,3780,3120,3600,56.8,1.110,1.110,1.815,1.815,1.005,5.110,0.750,No,No,No,57.0,1.110,1.110,1.815,1.815,1.005,5.110,1.000,No,No,No,43,43,94.0,100.0,No,No,32158,47983,36,70,99.0,100.0,No,No,1844,3246,0.0,1.6,1.6,0.000,0.031,92432,52051,0.0,0.0,0.0,0.000,0.000,164001,82786,69.7,76.0,75.0,83.0,0.875,20.638,20.624,20.653,56.859,34.395,37.545,24.047,61.671,3.000,27.040,53.922,33.539,100.000,140.000,2250.0,2150.2,1890.0,2237.9,1905.0,89.0,59.0,0.0,0.0,92.5,25.0,100.0,0.0,0.0,0.0,Yes,No,No,No,No,Yes,No,0,0,0,0,0,0,0,0,0,0,0,0,0,0,0,0,0,0,0,0,0,0,0,0,0,0,0,0,0,0,617,7571,7338,568,16.0,64,0.300,13.527,600.0,2394.0,0.1,0.0,0.0,0.0,0.0,0.0,0.0,0.0,0.8,127,16065,127,No,No,No,No,No,No,No,No,16.746,68.277,100.0,0.000,24.1,0,0,0,0.0,2.1,2.1,2.1,2.1,2.1,2.1,2.2,2.2,2.2,2.2,2.2,2.2,471.00,471.00,471.00,471.00,471.00,471.00,0.47,470.24,471.00,0.00,448.83,651,9,0.2,0.0,0,0,0.0,0.0,0,
9.6.2026,14:14:37.489,23729,25039,48.6,14170,18214,43.7,10.5,16384,1720,1.181,1.201,1.153,1.182,1.190,1.158,1.158,1.203,1.198,1.198,1.175,1.180,1.175,1.175,1.185,1.101,0.781,2714.8,4688.5,4489.0,1396.6,4688.5,4489.0,4489.0,3591.2,1097.3,1097.3,1097.3,3591.2,1097.3,1097.3,1097.3,99.8,4090.0,289.1,117.0,0.1,25.6,0.1,947.5,0.2,4271.6,0.2,0.8,0.1,252.2,0.2,0.5,0.5,0.5,0.5,8.8,20.8,57.8,77.1,351.1,8.3,5.9,18.6,1.9,2.6,23.2,0.0,90.5,0.0,0.4,0.3,8.6,0.0,0.4,0.4,0.4,0.4,0.2,2.2,4.7,5.9,90.5,8.3,100.0,11.5,4.8,0.0,1.3,0.0,39.8,0.0,164.0,0.0,0.0,0.0,10.2,0.0,0.1,0.1,0.0,0.0,0.5,1.1,3.2,4.2,11.5,27.2,47.0,45.0,14.0,47.0,45.0,45.0,36.0,11.0,11.0,11.0,36.0,11.0,11.0,11.0,41.0,62,62,63,62,67,59,64,61,61,61,61,61,61,61,61,38,38,37,38,33,41,36,39,39,39,39,39,39,39,39,74,67,No,No,No,No,No,No,No,No,No,No,No,No,No,No,No,No,No,No,No,No,No,No,No,No,No,No,No,No,No,No,No,No,No,No,No,No,No,No,No,No,No,No,No,No,No,No,No,No,74,67,64,1.100,6.750,13.376,7.651,0.001,4.416,0.427,175.0,175.0,175.0,175.0,0,0.0,7.1,5.5,0.0,1.5,0.0,23.2,0.0,89.6,0.0,0.0,0.0,8.5,0.0,0.0,0.0,0.0,0.0,0.7,1.8,4.4,6.3,7.4,3.4,2.3,69.6,8.7,0.0,19.3,0.0,0.0,0.0,0.0,0.0,0.0,0.1,0.0,56.1,0.0,0.0,0.3,0.3,0.0,0.0,99.8,99.8,99.8,99.9,99.2,98.1,95.1,93.5,59.4,89.9,95.3,2.2,0.1,99.8,69.3,2394.1,24.00,36,35,35,68,103,383,2,2,Yes,No,No,No,No,No,No,No,No,No,Yes,No,No,Yes,No,No,No,No,No,No,No,Yes,No,No,No,No,No,Yes,No,No,No,No,No,No,No,Yes,No,No,85.0,3720,3120,3540,56.8,1.095,1.110,1.815,1.815,1.005,5.110,0.625,No,No,No,57.0,1.110,1.110,1.815,1.815,1.005,5.110,0.625,No,No,No,43,43,94.0,100.0,No,No,32158,47983,37,70,99.0,100.0,No,No,1844,3246,0.0,0.6,0.6,0.000,0.011,92432,52051,0.0,0.0,0.0,0.000,0.000,164001,82786,67.8,78.0,73.0,83.0,0.875,20.699,20.690,20.708,63.977,20.844,28.037,17.442,45.537,3.000,20.415,9.911,21.568,100.000,140.000,2250.0,2150.2,1890.0,2235.2,1905.0,86.0,55.0,0.0,0.0,92.5,19.4,77.5,0.0,0.0,0.0,Yes,No,No,No,No,Yes,No,0,0,0,0,0,0,0,0,0,0,0,0,0,0,0,0,0,0,0,0,0,0,0,0,0,0,0,0,0,0,617,7571,7338,568,16.0,65,0.300,13.038,600.0,2394.0,0.1,0.0,0.0,0.0,0.0,0.0,0.0,0.0,0.8,127,16065,127,No,No,No,No,No,No,No,No,16.746,68.277,100.0,0.000,24.1,0,0,0,0.0,2.1,2.1,2.1,2.1,2.1,2.1,2.2,2.2,2.2,2.2,2.2,2.2,471.00,471.00,471.00,471.00,471.00,471.00,0.47,470.24,471.00,0.00,448.83,651,9,0.1,0.0,0,0,0.0,0.0,0,
9.6.2026,14:14:39.495,23735,25033,48.6,14226,18158,43.9,10.5,16384,1720,1.194,1.205,1.194,1.184,1.164,1.194,1.184,1.174,1.209,1.209,1.179,1.204,1.209,1.204,1.197,1.101,0.778,3113.8,4688.5,4688.5,4688.5,4688.5,4688.5,1396.6,1097.3,3591.2,3591.2,3591.2,1097.3,3591.2,1097.3,1097.3,99.8,4090.0,298.5,121.1,0.2,9.5,0.1,955.8,0.2,4388.5,0.4,0.5,0.1,336.6,0.3,3.9,4.3,0.7,0.6,18.3,8.6,85.2,34.4,363.9,12.5,5.3,0.0,1.0,5.0,22.8,28.7,93.6,34.6,0.6,0.0,10.6,30.7,0.8,0.9,0.6,0.6,2.0,1.2,6.2,3.9,93.6,12.5,100.0,11.9,5.2,0.0,0.5,0.0,40.6,0.0,168.8,0.0,0.0,0.0,13.5,0.0,0.2,0.3,0.1,0.1,1.0,0.5,4.6,1.9,11.9,31.2,47.0,47.0,47.0,47.0,47.0,14.0,11.0,36.0,36.0,36.0,11.0,36.0,11.0,11.0,41.0,62,62,62,63,66,59,61,61,61,61,61,61,61,61,61,38,38,38,37,34,41,39,39,39,39,39,39,39,39,39,74,66,No,No,No,No,No,No,No,No,No,No,No,No,No,No,No,No,No,No,No,No,No,No,No,No,No,No,No,No,No,No,No,No,No,No,No,No,No,No,No,No,No,No,No,No,No,No,No,No,75,66,66,1.100,5.906,12.740,7.073,0.001,4.358,0.425,175.0,175.0,175.0,175.0,0,0.0,7.2,5.5,0.0,0.4,0.0,23.2,0.0,92.5,0.0,0.0,0.0,10.9,0.0,0.3,0.4,0.1,0.0,1.4,0.6,6.3,2.6,7.8,10.0,1.9,70.5,6.0,0.0,21.1,0.0,0.0,0.0,0.0,0.0,0.0,0.0,0.0,56.4,0.0,0.0,0.0,0.0,0.0,2.2,99.6,99.5,99.8,99.8,98.4,99.3,93.3,97.2,57.4,82.8,97.2,1.3,0.0,99.8,63.3,997.6,10.00,22,15,15,28,103,160,2,2,Yes,No,No,No,No,No,No,No,No,No,Yes,No,No,Yes,No,No,No,No,No,No,No,Yes,No,No,No,No,No,Yes,No,No,No,No,No,No,No,Yes,No,No,84.0,3720,3120,3540,56.8,1.095,1.110,1.815,1.815,1.005,5.110,0.625,No,No,No,57.0,1.095,1.110,1.815,1.815,1.005,5.110,0.750,No,No,No,43,43,94.0,100.0,No,No,32158,47983,37,70,99.0,100.0,No,No,1844,3246,0.0,1.1,1.1,0.000,0.035,92432,52051,0.0,0.0,0.0,0.000,0.000,164001,82786,69.9,76.0,74.8,83.0,0.875,20.645,20.631,20.658,59.147,27.056,36.880,23.479,60.445,3.000,26.468,9.031,30.090,100.000,140.000,2250.0,2150.2,1890.0,2237.9,1905.0,89.0,57.0,0.0,0.0,92.5,25.0,100.0,0.0,0.0,0.0,Yes,No,No,No,No,Yes,No,0,0,0,0,0,0,0,0,0,0,0,0,0,0,0,0,0,0,0,0,0,0,0,0,0,0,0,0,0,0,617,7571,7338,568,16.0,64,0.300,12.363,600.0,2394.0,0.1,0.0,0.0,0.0,0.0,0.0,0.0,0.0,0.8,127,16065,127,No,No,No,No,No,No,No,No,16.747,68.277,100.0,0.000,24.1,0,0,0,0.0,1.9,1.9,1.9,1.9,1.9,1.9,2.1,2.1,2.1,2.1,2.1,2.1,521.31,521.31,521.31,521.31,521.31,521.31,1.64,519.06,521.31,0.00,474.80,651,9,0.4,0.1,0,0,0.0,0.0,0,
9.6.2026,14:14:41.490,23731,25037,48.6,14259,18125,44.0,10.5,16384,1720,1.200,1.185,1.193,1.178,1.173,1.193,1.178,1.210,1.210,1.210,1.210,1.210,1.217,1.217,1.217,1.101,0.781,2401.3,4688.5,1396.6,4688.5,4688.5,4688.5,4688.5,1097.3,1097.3,1097.3,1097.3,1097.3,1097.3,1097.3,1097.3,99.8,4090.0,295.1,141.5,0.1,45.0,0.1,943.1,0.2,4412.2,0.1,5.7,0.0,139.7,0.2,1.8,0.5,0.4,0.4,15.0,11.1,93.1,90.8,355.7,7.3,7.0,0.0,1.6,0.0,22.4,0.0,93.2,0.0,0.0,0.7,4.7,0.0,0.0,0.0,0.0,0.0,1.1,1.7,7.5,7.0,93.2,7.3,100.0,11.8,6.4,0.0,2.2,0.0,40.1,0.0,169.4,0.0,0.2,0.0,5.8,0.0,0.1,0.0,0.0,0.0,0.8,0.6,5.1,4.9,11.8,24.1,47.0,14.0,47.0,47.0,47.0,47.0,11.0,11.0,11.0,11.0,11.0,11.0,11.0,11.0,41.0,61,64,62,63,66,59,59,61,61,61,61,61,61,60,60,39,36,38,37,34,41,41,39,39,39,39,39,39,40,40,75,66,No,No,No,No,No,No,No,No,No,No,No,No,No,No,No,No,No,No,No,No,No,No,No,No,No,No,No,No,No,No,No,No,No,No,No,No,No,No,No,No,No,No,No,No,No,No,No,No,74,68,64,1.100,5.906,12.966,7.231,0.001,4.420,0.429,175.0,175.0,175.0,175.0,0,0.0,7.4,7.0,0.0,2.5,0.0,22.6,0.0,92.3,0.0,0.4,0.0,4.8,0.0,0.2,0.0,0.0,0.0,1.2,1.0,7.6,7.7,7.8,9.2,6.5,67.4,6.5,0.0,18.6,0.0,0.0,0.0,0.0,0.0,0.0,0.3,0.0,55.7,0.0,0.0,0.0,0.0,0.0,0.0,99.7,99.8,99.9,99.9,98.6,98.9,91.7,92.0,58.3,81.4,89.7,4.7,0.0,99.5,74.3,2394.1,24.00,36,35,35,68,103,383,2,2,Yes,No,No,No,No,No,No,No,No,No,Yes,No,No,Yes,No,No,No,No,No,No,No,Yes,No,No,No,No,No,Yes,No,No,No,No,No,No,No,Yes,No,No,85.0,3720,3180,3600,56.8,1.095,1.110,1.815,1.815,1.005,5.110,0.750,No,No,No,57.0,1.095,1.110,1.800,1.815,1.005,5.110,0.500,No,No,No,43,43,94.0,100.0,No,No,32158,47983,37,70,99.0,100.0,No,No,1844,3246,0.0,0.4,0.4,0.000,0.006,92432,52051,0.0,0.0,0.0,0.000,0.000,164001,82786,70.4,74.0,75.3,83.0,0.875,20.638,20.625,20.651,54.382,32.076,37.860,22.419,60.363,3.000,25.405,47.276,28.210,100.000,140.000,2250.0,2150.2,1890.0,2239.4,1905.0,91.0,41.0,0.0,0.0,92.5,20.1,80.3,0.0,0.0,0.0,Yes,No,No,No,No,Yes,No,0,0,0,0,0,0,0,0,0,0,0,0,0,0,0,0,0,0,0,0,0,0,0,0,0,0,0,0,0,0,617,7571,7338,568,16.0,64,0.300,13.094,600.0,997.0,0.1,0.0,0.0,0.0,0.0,0.0,0.0,0.0,0.8,127,16065,127,No,No,No,No,No,No,No,No,16.746,68.277,100.0,0.000,24.1,0,0,0,0.0,2.1,2.1,2.1,2.1,2.1,2.1,2.3,2.3,2.3,2.3,2.3,2.3,472.46,472.46,472.46,472.46,472.46,472.46,1.49,470.27,472.46,0.00,433.47,651,9,0.1,0.0,0,0,0.0,0.0,0,
9.6.2026,14:14:43.491,23728,25040,48.6,14281,18103,44.0,10.5,16384,1720,1.166,1.155,1.170,1.145,1.170,1.155,1.140,1.166,1.176,1.176,1.176,1.171,1.176,1.176,1.176,1.101,0.783,2301.5,1396.6,1396.6,4489.0,4688.5,4489.0,4489.0,1097.3,1097.3,1097.3,1097.3,1097.3,3591.2,1097.3,1097.3,99.8,4090.0,306.7,162.0,192.9,73.4,0.2,1108.4,0.2,2190.4,1985.4,25.8,0.1,97.2,114.3,0.7,0.5,5.5,0.4,45.4,1.9,44.9,84.0,372.3,18.1,7.8,55.1,5.1,49.6,26.9,29.0,46.4,70.4,1.8,0.0,0.9,50.7,2.8,0.0,0.2,0.0,4.4,0.0,2.3,7.6,70.4,18.1,100.0,12.2,7.1,8.1,3.2,0.0,44.9,0.0,84.5,75.7,1.0,0.0,4.1,4.7,0.1,0.0,0.3,0.0,2.5,0.1,2.4,4.5,12.2,23.1,14.0,14.0,45.0,47.0,45.0,45.0,11.0,11.0,11.0,11.0,11.0,36.0,11.0,11.0,41.0,61,63,62,67,58,60,60,60,60,61,61,61,61,61,61,39,37,38,33,42,40,40,40,40,39,39,39,39,39,39,74,67,No,No,No,No,No,No,No,No,No,No,No,No,No,No,No,No,No,No,No,No,No,No,No,No,No,No,No,No,No,No,No,No,No,No,No,No,No,No,No,No,No,No,No,No,No,No,No,No,75,66,64,1.100,6.750,13.021,7.311,0.001,4.396,0.427,175.0,175.0,175.0,175.0,0,0.0,8.1,8.1,13.0,3.9,0.0,27.3,0.0,46.1,41.9,0.6,0.0,2.8,3.4,0.1,0.0,0.5,0.0,3.9,0.1,3.4,7.1,8.4,23.5,3.1,62.3,10.3,0.0,18.9,0.0,0.0,0.0,0.0,0.0,0.0,0.0,0.0,56.0,0.0,0.0,0.7,0.6,0.0,0.0,99.8,99.8,99.4,99.8,95.9,99.8,96.4,92.5,53.3,51.9,91.7,5.5,0.2,99.2,71.4,997.6,10.00,22,15,15,28,103,160,2,2,Yes,No,No,No,No,No,No,No,No,No,Yes,No,No,Yes,No,No,No,No,No,No,No,Yes,No,No,No,No,No,Yes,No,No,No,No,No,No,No,Yes,No,No,86.0,3780,3120,3660,56.5,1.095,1.110,1.815,1.815,1.005,5.110,0.875,No,No,No,57.0,1.095,1.110,1.815,1.815,1.005,5.110,0.750,No,No,No,43,43,94.0,100.0,No,No,32158,47983,36,70,99.0,100.0,No,No,1844,3246,0.0,1.5,1.5,0.000,0.078,92432,52051,0.0,0.0,0.0,0.000,0.000,164001,82786,70.5,76.0,75.5,83.0,0.875,20.635,20.620,20.651,56.769,32.960,43.189,23.074,66.351,3.000,26.084,35.926,33.094,100.000,140.000,2250.0,2150.2,1890.0,2238.8,1905.0,86.0,45.0,0.0,0.0,92.5,19.1,76.4,0.0,0.0,0.0,Yes,No,No,No,No,Yes,No,0,0,0,0,0,0,0,0,0,0,0,0,0,0,0,0,0,0,0,0,0,0,0,0,0,0,0,0,0,0,617,7571,7338,568,16.0,64,0.300,13.375,600.0,2394.0,0.1,0.0,0.0,0.0,0.0,0.0,0.0,0.0,0.8,127,16065,127,No,No,No,No,No,No,No,No,16.746,68.277,100.0,0.000,24.1,0,0,0,0.0,2.0,2.0,2.0,2.0,2.0,2.0,2.1,2.1,2.1,2.1,2.1,2.1,491.12,491.12,491.12,491.12,491.12,491.12,0.44,490.51,491.12,0.00,0.69,651,9,0.1,0.0,0,0,0.0,0.0,0,
9.6.2026,14:14:45.502,23738,25030,48.6,14324,18060,44.2,10.5,16384,1720,1.179,1.157,1.171,1.181,1.131,1.192,1.192,1.182,1.182,1.189,1.189,1.184,1.184,1.184,1.184,1.063,0.783,2679.2,3790.7,1396.6,4688.5,4489.0,4688.5,4688.5,1097.3,1097.3,3591.2,3591.2,1097.3,1097.3,1097.3,1097.3,99.8,3890.5,360.1,305.5,413.9,392.3,0.4,1553.7,0.4,28.8,3724.2,71.3,0.3,2.2,242.6,1.5,1.2,0.7,4.5,125.0,69.4,44.1,220.6,421.5,12.2,12.2,15.9,16.7,0.0,37.0,19.2,1.1,80.7,3.6,0.0,2.0,7.4,1.3,1.2,1.2,1.5,11.3,7.1,5.0,19.9,80.7,12.2,100.0,14.6,13.5,17.2,16.5,0.0,61.3,0.0,1.7,142.4,2.8,0.0,0.2,10.1,0.1,0.1,0.1,0.3,6.8,3.8,2.4,11.9,14.6,26.9,38.0,14.0,47.0,45.0,47.0,47.0,11.0,11.0,36.0,36.0,11.0,11.0,11.0,11.0,39.0,62,63,65,62,67,59,59,61,61,61,61,62,62,62,62,38,37,35,38,33,41,41,39,39,39,39,38,38,38,38,75,67,No,No,No,No,No,No,No,No,No,No,No,No,No,No,No,No,No,No,No,No,No,No,No,No,No,No,No,No,No,No,No,No,No,No,No,No,No,No,No,No,No,No,No,No,No,No,No,No,74,64,64,1.100,18.563,12.928,7.188,0.001,4.430,0.429,175.0,175.0,175.0,175.0,0,0.0,10.7,11.9,17.7,16.0,0.0,36.8,0.0,0.7,80.6,1.8,0.0,0.1,7.1,0.1,0.1,0.1,0.4,10.9,6.0,3.9,19.4,11.6,51.3,19.5,57.0,17.9,0.8,15.3,0.0,0.0,0.0,0.0,0.0,0.0,0.0,0.6,54.1,0.0,0.0,0.5,0.3,0.0,0.0,99.7,99.7,99.8,99.5,88.6,93.7,95.9,79.3,41.1,13.7,61.2,2.2,0.1,96.5,73.0,2394.1,24.00,36,35,35,68,103,383,2,2,Yes,No,No,No,No,No,No,No,No,No,Yes,No,No,Yes,No,No,No,No,No,No,No,Yes,No,No,No,No,No,Yes,No,No,No,No,No,No,No,Yes,No,No,84.0,3900,3060,3720,56.5,1.095,1.110,1.815,1.815,1.005,5.110,0.625,No,No,No,57.0,1.095,1.110,1.815,1.815,1.005,5.110,0.625,No,No,No,43,43,94.0,100.0,No,No,32158,47983,37,70,99.0,100.0,No,No,1844,3246,8.0,0.0,8.0,11.152,0.023,92454,52051,0.0,0.0,0.0,0.000,0.000,164001,82786,70.2,78.0,75.0,83.0,0.875,20.648,20.633,20.663,59.201,31.629,37.776,24.202,62.031,3.000,27.185,36.347,30.862,100.000,140.000,2250.0,2150.2,1890.0,2235.8,1905.0,90.0,50.0,0.0,0.0,92.5,25.0,99.8,0.0,0.0,0.0,Yes,No,No,No,No,Yes,No,0,0,0,0,0,0,0,0,0,0,0,0,0,0,0,0,0,0,0,0,0,0,0,0,0,0,0,0,0,0,617,7571,7338,568,16.0,64,0.300,15.113,600.0,997.0,0.1,0.0,0.0,0.0,0.0,0.0,0.0,0.0,0.8,127,16065,127,No,No,No,No,No,No,No,No,16.746,68.277,100.0,0.000,24.1,0,0,0,0.0,2.0,2.0,2.0,2.0,2.0,2.0,2.1,2.1,2.1,2.1,2.1,2.1,491.12,491.12,491.12,491.12,491.12,491.12,0.44,490.51,491.12,0.00,0.69,651,9,0.1,0.0,0,0,0.0,0.0,0,
9.6.2026,14:14:47.502,23744,25024,48.6,14384,18000,44.4,10.5,16384,1720,1.191,1.189,1.200,1.190,1.190,1.200,1.185,1.186,1.181,1.181,1.181,1.211,1.181,1.181,1.214,1.101,0.781,2166.1,1396.6,4688.5,4688.5,4688.5,4688.5,1396.6,1097.3,1097.3,1097.3,1097.3,1097.3,1097.3,1097.3,1097.3,99.8,4090.0,315.4,190.2,333.6,178.8,0.2,1233.5,0.2,28.6,3912.4,40.2,0.1,2.0,188.4,0.6,0.5,0.4,0.5,40.7,19.1,10.8,126.6,381.9,8.8,9.4,26.8,7.9,0.0,29.4,0.0,0.7,83.3,0.0,0.8,0.0,5.5,0.0,0.0,0.0,0.0,2.1,0.1,0.0,11.1,83.3,8.8,100.0,12.5,8.2,14.0,7.5,0.0,49.0,0.0,1.7,149.2,1.6,0.0,0.2,7.9,0.1,0.0,0.0,0.0,2.2,1.0,0.6,6.8,12.5,21.7,14.0,47.0,47.0,47.0,47.0,14.0,11.0,11.0,11.0,11.0,11.0,11.0,11.0,11.0,41.0,61,63,62,67,59,59,59,60,60,60,60,62,62,62,62,39,37,38,33,41,41,41,40,40,40,40,38,38,38,38,75,67,No,No,No,No,No,No,No,No,No,No,No,No,No,No,No,No,No,No,No,No,No,No,No,No,No,No,No,No,No,No,No,No,No,No,No,No,No,No,No,No,No,No,No,No,No,No,No,No,74,66,64,1.100,6.750,15.719,9.913,0.001,4.482,0.434,175.0,175.0,175.0,175.0,0,0.0,8.9,9.4,22.6,8.3,0.0,29.4,0.0,0.7,83.2,1.1,0.0,0.1,6.4,0.1,0.1,0.0,0.0,3.6,1.7,0.9,11.1,13.5,52.6,11.5,65.6,15.6,0.8,7.2,5.1,5.1,5.1,5.1,4.9,5.1,5.1,0.3,53.3,0.0,0.0,0.7,0.0,0.0,0.0,94.7,94.7,94.7,94.7,91.2,93.0,93.8,88.2,45.3,12.1,78.2,1.0,0.3,97.8,82.3,1795.6,18.00,26,26,26,51,103,287,2,2,Yes,No,No,No,No,No,No,No,No,No,Yes,No,No,Yes,No,No,No,No,No,No,No,Yes,No,No,No,No,No,Yes,No,No,No,No,No,No,No,Yes,No,No,84.0,3840,3060,3720,56.5,1.095,1.110,1.815,1.815,1.005,5.110,0.750,No,No,No,56.8,1.095,1.110,1.815,1.815,1.005,5.110,0.625,No,No,No,43,43,94.0,100.0,No,No,32158,47983,37,70,99.0,100.0,No,No,1844,3246,0.0,1.5,1.5,0.000,0.113,92454,52051,0.0,0.0,0.0,0.000,0.000,164001,82786,70.5,76.0,75.5,83.0,0.875,20.645,20.629,20.660,58.713,32.825,37.998,24.549,62.600,3.000,27.539,42.044,32.044,100.000,140.000,2250.0,2150.2,1890.0,2234.6,1905.0,90.0,58.0,0.0,0.0,92.5,25.0,100.0,0.0,0.0,0.0,Yes,No,No,No,No,Yes,No,0,0,0,0,0,0,0,0,0,0,0,0,0,0,0,0,0,0,0,0,0,0,0,0,0,0,0,0,0,0,617,7571,7338,568,16.0,65,0.300,13.670,600.0,2394.0,0.1,0.0,0.0,0.0,0.0,0.0,0.0,0.0,0.8,127,16065,127,No,No,No,No,No,No,No,No,16.746,68.277,100.0,0.000,24.1,0,0,0,0.0,2.1,2.1,2.1,2.1,2.1,2.1,2.3,2.3,2.3,2.3,2.3,2.3,471.80,471.80,471.80,471.80,471.80,471.80,0.39,471.29,471.80,0.00,425.27,651,9,0.1,0.0,0,0,0.0,0.0,0,
9.6.2026,14:14:49.532,22454,26314,46.0,13640,18744,42.1,10.5,16384,1720,1.181,1.181,1.165,1.150,1.175,1.190,1.170,1.165,1.165,1.165,1.165,1.175,1.224,1.224,1.224,1.063,0.783,2194.6,1396.6,4489.0,4489.0,4688.5,4688.5,2194.6,1097.3,1097.3,1097.3,1097.3,1097.3,1097.3,1097.3,1097.3,99.8,3890.5,345.6,185.7,359.3,190.5,24.8,1163.5,130.3,50.7,3744.9,89.6,12.2,21.4,327.1,42.3,39.2,39.1,34.2,107.7,164.5,81.1,104.8,403.4,13.6,7.7,23.6,6.8,24.4,29.0,40.8,0.7,80.6,3.2,0.0,3.1,11.6,2.7,2.3,2.3,2.2,7.3,12.2,5.2,6.5,80.6,13.6,100.0,14.0,7.8,15.1,7.7,1.0,46.2,5.0,2.5,143.1,3.5,0.5,0.9,13.2,2.4,2.2,2.2,1.9,5.9,8.8,4.5,5.8,14.0,22.0,14.0,45.0,45.0,47.0,47.0,22.0,11.0,11.0,11.0,11.0,11.0,11.0,11.0,11.0,39.0,62,64,62,69,60,61,58,61,61,61,61,62,62,62,62,38,36,38,31,40,39,42,39,39,39,39,38,38,38,38,75,69,No,No,No,No,No,No,No,No,No,No,No,No,No,No,No,No,No,No,No,No,No,No,No,No,No,No,No,No,No,No,No,No,No,No,No,No,No,No,No,No,No,No,No,No,No,No,No,No,75,73,64,1.100,9.281,13.186,7.436,0.001,4.437,0.430,175.0,175.0,175.0,175.0,0,2.3,9.9,7.5,23.2,6.3,0.6,28.8,2.8,1.2,80.4,2.1,0.3,0.6,10.7,1.6,1.3,1.3,1.1,6.3,11.2,4.2,6.2,9.0,34.8,6.1,55.6,13.7,0.0,13.6,0.0,0.2,0.5,0.2,0.6,0.0,0.7,0.6,54.7,0.0,0.0,1.7,4.2,0.0,0.0,98.0,98.2,97.9,98.4,92.5,88.6,94.4,92.4,48.7,29.4,85.7,8.1,0.4,97.3,71.4,2394.1,24.00,36,35,35,68,103,383,2,2,Yes,No,No,No,No,No,No,No,No,No,Yes,No,No,Yes,No,No,No,No,No,No,No,Yes,No,No,No,No,No,Yes,No,No,No,No,No,No,No,Yes,No,No,85.0,3840,3120,3720,56.5,1.095,1.110,1.815,1.815,1.005,5.110,0.750,No,No,No,56.8,1.110,1.110,1.815,1.815,1.005,5.110,0.750,No,No,No,43,43,94.0,100.0,No,No,32158,47983,37,70,99.0,100.0,No,No,1844,3246,0.0,0.9,0.9,0.000,0.018,92454,52052,0.0,0.0,0.0,0.000,0.000,164001,82786,62.9,72.0,69.7,83.0,0.875,20.723,20.722,20.724,61.530,10.173,10.409,9.138,19.564,3.000,12.154,8.425,8.524,100.000,140.000,2250.0,2150.2,1890.0,2234.4,1905.0,6.0,1.0,0.0,1.0,85.6,23.7,94.8,0.0,0.0,0.0,Yes,No,No,No,No,Yes,No,0,0,0,0,0,0,0,0,0,0,0,0,0,0,0,0,0,0,0,0,0,0,0,0,0,0,0,0,0,0,1175,7013,6780,568,16.0,66,0.300,13.409,600.0,1795.0,0.1,0.0,0.0,0.0,0.0,0.0,0.0,0.0,0.8,127,16065,127,No,No,No,No,No,No,No,No,16.747,68.277,100.0,0.000,24.1,0,0,0,0.0,5.4,733.1,2.0,2.0,2.0,2.0,5.3,107.8,2.1,2.1,2.1,2.1,186.88,496.40,1.36,0.59,501.33,501.33,0.40,186.38,186.88,0.00,189.81,651,9,0.2,0.1,0,0,0.0,0.0,0,
9.6.2026,14:14:51.514,24317,24451,49.8,14208,18176,43.8,10.5,16384,1720,1.169,1.188,1.163,1.170,1.175,1.185,1.145,1.184,1.154,1.154,1.154,1.166,1.171,1.171,1.186,1.063,0.778,2771.8,4489.0,4489.0,4688.5,4688.5,4688.5,4489.0,1097.3,1097.3,1097.3,1097.3,3591.2,1097.3,1097.3,1097.3,99.8,3890.5,1138.2,1240.7,1075.0,1275.2,827.5,2543.0,989.9,1195.3,3291.3,1065.8,748.3,753.1,1527.9,665.9,702.6,665.1,664.3,893.5,870.0,798.6,971.7,1201.9,29.0,32.2,34.0,33.6,4.6,60.0,9.1,25.9,74.4,25.3,19.7,15.8,38.3,20.4,24.6,21.1,20.7,30.0,28.1,25.3,35.9,74.4,29.0,100.0,48.4,48.2,41.7,49.3,31.6,98.4,37.9,45.8,126.0,40.8,28.6,28.9,59.1,35.7,37.4,35.4,35.4,47.7,46.3,42.5,51.7,48.4,27.8,45.0,45.0,47.0,47.0,47.0,45.0,11.0,11.0,11.0,11.0,36.0,11.0,11.0,11.0,39.0,63,66,66,68,62,61,62,62,62,62,62,62,62,62,62,37,34,34,32,38,39,38,38,38,38,38,38,38,38,38,76,68,No,No,No,No,No,No,No,No,No,No,No,No,No,No,No,No,No,No,No,No,No,No,No,No,No,No,No,No,No,No,Yes,Yes,Yes,Yes,Yes,Yes,Yes,Yes,Yes,Yes,Yes,Yes,Yes,Yes,Yes,No,No,Yes,76,67,65,1.100,9.281,15.867,10.056,0.001,4.494,0.443,175.0,175.0,175.0,175.0,0,0.0,31.2,32.4,35.7,33.1,21.3,59.9,25.0,29.0,74.3,26.7,19.4,19.4,38.6,21.3,24.9,21.4,21.0,30.7,28.4,26.1,36.0,7.4,16.3,10.0,28.0,8.1,3.6,20.7,2.8,0.0,0.3,2.1,4.5,3.3,3.9,0.0,42.9,7.2,3.6,4.8,3.9,6.1,6.2,75.2,74.5,77.8,76.5,63.8,67.8,69.4,63.2,29.2,25.7,50.0,2.3,5.0,61.3,31.2,2394.1,24.00,36,35,35,68,103,383,2,2,Yes,No,No,No,No,No,No,No,No,Yes,Yes,No,No,Yes,No,No,No,No,No,No,No,Yes,No,No,No,No,No,No,No,No,No,No,No,No,No,No,No,No,85.0,3840,3060,3720,56.8,1.095,1.110,1.815,1.815,1.005,5.110,2.500,No,No,No,57.0,1.095,1.110,1.815,1.815,1.005,5.110,1.625,No,No,No,43,43,94.0,100.0,No,No,32158,47983,37,70,99.0,100.0,No,No,1844,3246,0.0,1.1,1.1,0.000,0.107,92454,52052,0.0,0.0,0.0,0.000,0.000,164001,82786,63.1,68.0,68.2,83.0,0.870,20.726,20.723,20.729,22.300,11.990,15.990,7.978,24.025,3.000,10.989,7.923,14.022,100.000,140.000,2175.0,1750.2,1875.0,2235.5,1890.0,15.0,2.0,0.0,9.0,33.2,1.6,6.4,0.0,0.0,0.0,Yes,No,No,No,No,Yes,No,0,0,0,0,0,0,0,0,0,0,0,0,0,0,0,0,0,0,0,0,0,0,0,0,0,0,0,0,0,0,5469,2719,2508,568,16.0,66,0.300,31.287,600.0,2394.0,0.1,0.0,0.0,0.0,0.0,0.0,0.0,0.0,0.8,127,16065,127,No,No,No,No,No,No,No,No,16.746,68.277,100.0,0.000,24.1,0,0,0,0.0,5.4,733.1,2.0,2.0,2.0,2.0,5.3,107.8,2.1,2.1,2.1,2.1,186.88,496.40,1.36,0.59,501.33,501.33,0.40,186.38,186.88,0.00,189.81,651,9,0.3,0.0,0,0,0.0,0.0,0,
9.6.2026,14:14:53.503,23838,24930,48.8,13991,18392,43.2,10.5,16384,1720,1.163,1.209,1.174,1.164,1.179,1.174,1.199,1.184,1.209,1.206,1.181,1.176,1.231,1.215,0.780,1.101,0.783,2493.9,1396.6,1396.6,4489.0,4688.5,4489.0,4688.5,1097.3,1097.3,1097.3,1097.3,3591.2,3591.2,1097.3,1097.3,99.8,4090.0,358.7,264.4,560.0,171.7,0.1,1474.3,0.3,5.9,4187.9,4.7,0.1,1.8,318.0,6.2,0.6,0.4,0.4,51.9,27.1,9.9,89.3,437.3,11.8,11.8,39.9,8.3,14.0,34.3,0.0,3.0,89.8,1.6,0.7,3.0,11.7,1.2,0.0,0.0,0.0,5.1,2.1,1.4,7.3,89.8,11.8,100.0,14.2,11.5,22.9,7.2,0.0,58.7,0.0,0.5,159.7,0.2,0.0,0.1,13.2,0.4,0.1,0.0,0.0,2.8,1.5,0.6,4.8,14.2,25.0,14.0,14.0,45.0,47.0,45.0,47.0,11.0,11.0,11.0,11.0,36.0,36.0,11.0,11.0,41.0,61,62,62,62,64,61,60,61,61,61,61,61,61,61,62,39,38,38,38,36,39,40,39,39,39,39,39,39,39,38,74,64,No,No,No,No,No,No,No,No,No,No,No,No,No,No,No,No,No,No,No,No,No,No,No,No,No,No,No,No,No,No,No,No,No,No,No,No,No,No,No,No,No,No,No,No,No,No,No,No,75,64,63,1.100,10.969,32.922,26.284,0.001,5.149,0.675,175.0,175.0,175.0,175.0,0,0.0,10.4,11.9,36.0,8.8,0.0,34.4,0.0,0.1,89.7,0.2,0.0,0.1,11.8,0.6,0.1,0.0,0.0,4.4,2.2,0.8,7.3,10.5,44.7,7.2,60.1,9.6,0.0,26.0,0.0,0.0,0.0,0.0,0.0,0.0,0.0,0.0,56.0,0.0,0.0,0.6,0.0,0.0,0.0,99.3,99.8,99.8,99.8,95.3,97.7,99.1,92.3,41.2,6.0,82.6,1.3,0.0,99.5,57.8,997.6,10.00,22,15,15,28,103,160,2,2,Yes,No,No,No,No,No,No,No,No,No,Yes,No,No,Yes,No,No,No,No,No,No,No,Yes,No,No,No,No,No,Yes,No,No,No,No,No,No,No,Yes,No,No,84.0,4020,2880,3840,56.8,1.095,1.110,1.815,1.815,1.005,5.110,0.625,No,No,No,57.0,1.095,1.110,1.800,1.815,1.005,5.110,0.625,No,No,No,43,43,94.0,100.0,No,No,32158,47983,36,70,99.0,100.0,No,No,1844,3246,0.0,15.8,15.8,0.000,0.303,92454,52052,0.0,0.0,0.0,0.000,0.000,164001,82786,69.8,74.0,74.7,83.0,0.875,20.661,20.648,20.673,54.089,30.167,35.749,20.937,56.769,3.000,23.914,35.570,35.232,100.000,140.000,2250.0,2150.2,1890.0,2235.6,1905.0,87.0,54.0,0.0,0.0,93.4,25.0,100.0,0.0,0.0,0.0,Yes,No,No,No,No,Yes,No,0,0,0,0,0,0,0,0,0,0,0,0,0,0,0,0,0,0,0,0,0,0,0,0,0,0,0,0,0,0,539,7649,7416,568,16.0,64,0.300,19.204,600.0,2394.0,0.1,0.0,0.0,0.0,0.0,0.0,0.0,0.0,0.8,127,16065,127,No,No,No,No,No,No,No,No,16.746,68.277,100.0,0.000,24.1,0,0,0,0.0,5.4,733.1,2.0,2.0,2.0,2.0,5.3,107.8,2.1,2.1,2.1,2.1,186.88,496.40,1.36,0.59,501.33,501.33,0.40,186.38,186.88,0.00,189.81,651,9,0.1,0.0,0,0,0.0,0.0,0,
9.6.2026,14:14:55.496,23759,25008,48.7,14059,18325,43.4,10.5,16384,1720,1.188,1.184,1.197,1.187,1.167,1.197,1.197,1.187,1.217,1.177,1.188,1.182,1.182,1.188,1.188,1.101,0.783,3705.2,4688.5,4688.5,4688.5,4688.5,4688.5,4688.5,3591.2,3591.2,3591.2,3591.2,1097.3,1097.3,3591.2,3591.2,99.8,4090.0,339.6,222.4,583.7,208.8,0.2,1356.0,0.3,7.9,3967.1,12.5,0.2,2.5,231.8,0.6,0.6,0.6,0.6,45.9,33.4,1.9,115.1,412.2,11.5,8.2,23.4,9.7,0.7,32.6,46.4,0.0,85.0,0.3,0.0,0.0,6.8,0.0,0.0,0.0,0.0,3.7,2.7,0.0,10.6,85.0,11.5,100.0,13.5,10.0,24.2,8.6,0.0,53.9,0.0,0.6,151.6,0.5,0.0,0.2,9.6,0.1,0.1,0.1,0.1,2.5,1.8,0.1,6.2,13.5,37.1,47.0,47.0,47.0,47.0,47.0,47.0,36.0,36.0,36.0,36.0,11.0,11.0,36.0,36.0,41.0,62,64,63,62,66,58,59,61,61,61,61,62,62,62,62,38,36,37,38,34,42,41,39,39,39,39,38,38,38,38,75,66,No,No,No,No,No,No,No,No,No,No,No,No,No,No,No,No,No,No,No,No,No,No,No,No,No,No,No,No,No,No,No,No,No,No,No,No,No,No,No,No,No,No,No,No,No,No,No,No,74,66,66,1.100,13.500,14.838,8.999,0.001,4.483,0.436,175.0,175.0,175.0,175.0,0,0.0,9.1,8.3,22.8,8.8,0.0,32.2,0.0,0.2,84.9,0.4,0.0,0.1,7.7,0.0,0.0,0.0,0.0,3.8,2.8,0.1,10.0,11.2,61.9,1.3,63.9,14.2,0.4,14.9,0.0,0.0,0.0,0.0,0.0,0.0,0.0,0.0,55.8,0.0,0.0,0.3,0.0,0.0,0.0,99.8,99.8,99.8,99.8,95.9,97.0,99.8,89.6,44.0,4.2,87.7,0.2,0.0,98.8,72.9,2394.1,24.00,36,35,35,68,103,383,2,2,Yes,No,No,No,No,No,No,No,No,No,Yes,No,No,Yes,No,No,No,No,No,No,No,Yes,No,No,No,No,No,Yes,No,No,No,No,No,No,No,Yes,No,No,85.0,4020,2820,3840,56.8,1.095,1.110,1.815,1.815,1.005,5.110,0.625,No,No,No,57.0,1.095,1.110,1.815,1.815,1.005,5.110,0.750,No,No,No,43,43,94.0,100.0,No,No,32158,47983,36,70,99.0,100.0,No,No,1844,3246,0.0,0.8,0.8,0.000,0.014,92454,52052,0.0,0.0,0.0,0.000,0.000,164001,82786,70.2,76.0,75.2,83.0,0.875,20.639,20.624,20.653,51.759,33.812,39.280,23.305,62.662,3.000,26.302,43.979,38.158,100.000,140.000,2250.0,2150.2,1890.0,2238.1,1905.0,90.0,58.0,0.0,1.0,92.5,24.9,99.5,0.0,0.0,0.0,Yes,No,No,No,No,Yes,No,0,0,0,0,0,0,0,0,0,0,0,0,0,0,0,0,0,0,0,0,0,0,0,0,0,0,0,0,0,0,617,7571,7338,568,16.0,64,0.300,14.311,600.0,997.0,0.1,0.0,0.0,0.0,0.0,0.0,0.0,0.0,0.8,127,16065,127,No,No,No,No,No,No,No,No,16.746,68.277,100.0,0.000,24.1,0,0,0,0.0,2.5,2.5,2.5,2.5,2.5,2.5,2.5,2.5,2.5,2.5,2.5,2.5,402.63,402.63,402.63,402.63,402.63,402.63,0.31,402.30,402.63,0.00,314.65,651,9,0.1,0.0,0,0,0.0,0.0,0,
9.6.2026,14:14:57.497,23874,24894,48.9,14189,18194,43.8,10.5,16384,1720,1.182,1.172,1.187,1.187,1.172,1.149,1.159,1.194,1.194,1.189,1.188,1.188,1.188,1.188,1.188,1.101,0.783,2493.9,1396.6,1396.6,4688.5,4688.5,4489.0,4489.0,3591.2,3591.2,1097.3,1097.3,1097.3,1097.3,1097.3,1097.3,99.8,4090.0,499.6,602.6,259.1,857.9,0.5,1882.5,42.9,5.9,4150.4,514.8,0.4,3.2,695.8,31.3,9.7,2.1,1.0,287.2,222.2,98.3,323.9,566.3,14.7,18.3,5.8,21.9,1.3,44.6,4.5,2.9,89.6,13.2,0.0,4.4,19.7,2.0,0.3,1.4,0.0,19.3,15.7,7.2,21.7,89.6,14.7,100.0,20.4,24.7,11.0,34.2,0.0,73.6,1.7,0.5,158.6,20.3,0.0,0.2,27.6,1.8,0.6,0.2,0.1,16.2,12.1,5.5,18.2,20.4,25.0,14.0,14.0,47.0,47.0,45.0,45.0,36.0,36.0,11.0,11.0,11.0,11.0,11.0,11.0,41.0,65,67,66,67,67,64,63,64,64,64,63,64,64,64,64,35,33,34,33,33,36,37,36,36,36,37,36,36,36,36,76,67,No,No,No,No,No,No,No,No,No,No,No,No,No,No,No,No,No,No,No,No,No,No,No,No,No,No,No,No,No,No,No,No,No,No,No,No,No,No,No,No,No,No,No,No,No,No,No,No,77,77,64,1.100,34.594,14.576,8.742,0.001,4.471,0.434,175.0,175.0,175.0,175.0,0,0.0,14.3,17.8,17.3,21.2,0.0,44.6,1.0,0.1,89.5,12.0,0.0,0.1,18.7,2.2,0.5,0.1,0.1,17.9,14.5,6.0,21.7,11.4,42.1,13.1,46.2,9.4,12.1,21.2,0.5,0.0,0.0,0.0,7.4,1.5,1.0,5.4,51.5,0.5,0.5,0.7,0.0,2.4,1.9,96.7,99.2,99.7,99.8,73.1,83.0,92.2,70.8,35.1,17.7,61.8,5.0,0.1,72.0,54.1,2394.1,24.00,36,35,35,68,103,383,2,2,Yes,No,No,No,No,No,No,No,No,No,Yes,No,No,No,No,No,No,No,No,No,No,No,No,No,No,No,No,Yes,No,No,No,No,No,No,No,Yes,No,No,86.0,3960,2940,3840,56.8,1.095,1.110,1.815,1.815,0.990,5.110,0.875,No,No,No,57.0,1.095,1.110,1.815,1.815,1.005,5.110,0.875,No,No,No,43,43,94.0,100.0,No,No,32158,47983,37,70,99.0,100.0,No,No,1844,3246,20.5,1.0,21.5,4.768,0.173,92463,52053,0.0,0.0,0.0,0.000,0.000,164001,82786,70.6,76.0,75.8,83.0,0.875,20.580,20.571,20.589,58.936,29.095,38.252,17.752,56.044,3.000,20.737,34.816,33.066,100.000,140.000,2250.0,2150.2,1890.0,2237.9,1905.0,93.0,44.0,0.0,0.0,92.5,24.7,98.9,0.0,0.0,0.0,Yes,No,No,No,No,Yes,No,0,0,0,0,0,0,0,0,0,0,0,0,0,0,0,0,0,0,0,0,0,0,0,0,0,0,0,0,0,0,617,7571,7338,568,16.0,64,0.300,12.822,600.0,2394.0,0.1,0.0,0.0,0.0,0.0,0.0,0.0,0.0,0.8,127,16065,127,No,No,No,No,No,No,No,No,16.746,68.277,100.0,0.000,24.1,0,0,0,0.0,4.1,17.8,2.3,2.3,2.3,2.3,4.1,11.2,2.5,2.5,2.5,2.5,244.91,433.74,56.07,52.61,437.59,437.59,0.59,244.10,244.91,0.00,375.75,651,9,27.6,5.3,0,0,0.0,0.0,0,
9.6.2026,14:14:59.515,23880,24888,48.9,14225,18159,43.9,10.5,16384,1720,1.169,1.193,1.143,1.184,1.129,1.166,1.146,1.196,1.181,1.171,1.196,1.186,1.172,1.152,1.152,1.063,0.781,2949.9,4688.5,2194.6,4688.5,4489.0,4489.0,4489.0,3591.2,3591.2,1097.3,3591.2,1097.3,1097.3,1097.3,1097.3,99.8,3890.5,461.8,433.3,176.3,763.8,0.7,2977.7,0.7,3.1,3738.9,195.7,0.4,1.7,594.3,3.1,0.8,0.9,0.6,72.5,74.6,19.6,178.3,555.8,13.3,16.1,19.8,26.5,0.0,66.5,4.4,0.0,80.2,5.1,10.4,0.0,15.5,0.2,0.0,0.0,0.0,3.4,4.7,0.0,13.6,80.2,13.3,100.0,18.3,18.7,7.5,31.5,0.0,114.6,0.0,0.3,143.2,7.6,0.0,0.1,23.6,0.2,0.1,0.1,0.1,4.1,4.1,1.1,9.8,18.3,29.6,47.0,22.0,47.0,45.0,45.0,45.0,36.0,36.0,11.0,36.0,11.0,11.0,11.0,11.0,39.0,63,65,65,69,68,64,60,62,62,62,62,62,62,62,62,37,35,35,31,32,36,40,38,38,38,38,38,38,38,38,75,69,No,No,No,No,No,No,No,No,No,No,No,No,No,No,No,No,No,No,No,No,No,No,No,No,No,No,No,No,No,No,No,No,No,No,No,No,No,No,No,No,No,No,No,No,No,No,No,No,75,73,64,1.100,14.344,20.347,14.395,0.001,4.613,0.453,175.0,175.0,175.0,175.0,0,0.0,12.4,16.2,10.3,26.0,0.0,66.5,0.0,0.1,80.1,5.3,0.0,0.1,16.3,0.3,0.1,0.1,0.1,5.0,6.2,1.4,14.2,10.1,43.7,31.5,27.1,18.0,6.9,11.5,0.0,0.0,0.0,0.0,0.0,0.3,0.0,2.2,55.1,0.0,0.1,1.0,0.6,0.0,2.4,99.5,99.7,99.7,99.7,94.3,93.2,98.4,82.6,36.1,24.6,37.3,3.3,0.0,86.5,64.9,2394.1,24.00,36,35,35,68,103,383,2,2,Yes,No,No,No,No,No,No,No,No,No,Yes,No,No,Yes,No,No,No,No,No,No,No,Yes,No,No,No,No,No,Yes,No,No,No,No,No,No,No,Yes,No,No,86.0,3900,3120,3780,56.8,1.095,1.110,1.815,1.815,0.990,5.110,0.750,No,No,No,57.0,1.095,1.110,1.815,1.815,0.990,5.110,0.875,No,No,No,43,43,94.0,100.0,No,No,32158,47983,36,70,99.0,100.0,No,No,1844,3246,8.7,1.3,10.1,5.103,0.722,92473,52054,0.0,0.0,0.0,0.000,0.000,164001,82786,70.4,76.0,75.4,83.0,0.875,20.623,20.608,20.638,57.532,24.376,34.103,21.927,56.114,3.000,24.906,9.376,21.205,100.000,140.000,2250.0,2150.2,1890.0,2237.8,1905.0,89.0,58.0,0.0,1.0,92.5,25.0,100.0,0.0,0.0,0.0,Yes,No,No,No,No,Yes,No,0,0,0,0,0,0,0,0,0,0,0,0,0,0,0,0,0,0,0,0,0,0,0,0,0,0,0,0,0,0,617,7571,7338,554,16.0,64,0.300,25.551,600.0,2394.0,0.1,0.0,0.0,0.0,0.0,0.0,0.0,0.0,0.8,127,16065,127,No,No,No,No,No,No,No,No,16.746,68.277,100.0,0.000,24.1,0,0,0,0.0,3.7,18.8,2.0,2.0,2.0,2.0,3.9,19.5,2.2,2.1,2.1,2.1,272.04,490.91,53.18,49.16,495.38,495.38,0.88,270.07,272.04,0.00,227.97,651,9,26.8,10.8,0,0,0.0,0.0,0,
9.6.2026,14:15:1.499,23919,24849,49.0,14328,18056,44.2,10.5,16384,1720,1.188,1.180,1.196,1.176,1.161,1.196,1.183,1.183,1.219,1.183,1.183,1.220,1.185,1.185,1.185,1.101,0.783,2401.3,1396.6,4688.5,4688.5,4688.5,4688.5,4688.5,1097.3,1097.3,1097.3,1097.3,1097.3,1097.3,1097.3,1097.3,99.8,4090.0,420.8,311.9,410.1,539.3,2.7,2527.8,1.8,3.1,3253.5,62.8,1.5,2.5,243.1,35.0,24.4,18.6,3.5,298.0,125.7,75.1,474.6,465.1,14.9,14.0,15.9,23.5,6.5,56.8,0.0,0.7,70.5,1.7,0.0,0.7,9.8,3.6,2.6,2.1,0.8,27.4,12.1,7.1,42.6,70.5,14.9,100.0,17.4,13.9,17.0,23.3,0.2,98.1,0.1,0.2,124.7,2.7,0.1,0.1,10.0,1.9,1.4,1.0,0.2,16.2,6.8,4.1,25.6,17.4,24.1,14.0,47.0,47.0,47.0,47.0,47.0,11.0,11.0,11.0,11.0,11.0,11.0,11.0,11.0,41.0,62,66,63,62,66,59,60,61,61,61,61,61,62,62,62,38,34,37,38,34,41,40,39,39,39,39,39,38,38,38,75,66,No,No,No,No,No,No,No,No,No,No,No,No,No,No,No,No,No,No,No,No,No,No,No,No,No,No,No,No,No,No,No,No,No,No,No,No,No,No,No,No,No,No,No,No,No,No,No,No,74,66,66,1.100,7.594,21.647,15.667,0.001,4.634,0.452,175.0,175.0,175.0,175.0,0,0.0,14.1,14.1,14.4,23.2,0.1,56.9,0.0,0.1,70.6,1.8,0.0,0.1,9.3,3.0,2.0,1.5,0.2,26.1,10.7,6.4,42.0,12.7,60.4,32.1,39.1,27.7,0.8,13.1,0.0,0.0,0.0,0.0,0.5,0.8,0.0,2.8,50.0,0.0,0.0,0.8,0.1,0.0,0.0,96.6,97.7,98.2,99.6,72.0,87.8,93.1,53.7,35.9,6.1,38.1,0.9,0.3,96.2,73.7,2394.1,24.00,36,35,35,68,103,383,2,2,Yes,No,No,No,No,No,No,No,No,No,Yes,No,No,Yes,No,No,No,No,No,No,No,Yes,No,No,No,No,No,Yes,No,No,No,No,No,No,No,Yes,No,No,87.0,3900,3240,3720,56.8,1.110,1.110,1.815,1.815,0.990,5.110,0.750,No,No,No,57.0,1.095,1.110,1.815,1.815,0.990,5.110,0.875,No,No,No,43,43,94.0,100.0,No,No,32158,47983,37,70,99.0,100.0,No,No,1844,3246,16.6,0.6,17.1,11.907,0.188,92495,52054,0.0,0.0,0.0,0.000,0.000,164001,82786,71.9,78.0,77.4,83.0,0.875,20.615,20.600,20.631,59.751,29.469,41.945,24.762,66.781,3.000,27.769,9.420,32.608,100.000,140.000,2250.0,2150.2,1890.0,2236.6,1905.0,95.0,59.0,0.0,0.0,92.5,24.5,98.0,0.0,0.0,0.0,Yes,No,No,No,No,Yes,No,0,0,0,0,0,0,0,0,0,0,0,0,0,0,0,0,0,0,0,0,0,0,0,0,0,0,0,0,0,0,617,7571,7338,566,16.0,66,0.300,21.143,600.0,2394.0,0.1,0.0,0.0,0.0,0.0,0.0,0.0,0.0,0.8,127,16065,127,No,No,No,No,No,No,No,No,16.746,68.277,100.0,0.000,24.1,0,0,0,0.0,2.6,2.6,2.6,2.6,2.6,2.6,2.9,2.9,2.9,2.9,2.9,2.9,390.68,390.68,390.68,390.68,390.68,390.68,0.42,390.16,390.68,0.00,342.14,651,9,2.7,0.2,0,0,0.0,0.0,0,
9.6.2026,14:15:3.514,23911,24857,49.0,14319,18065,44.2,10.5,16384,1720,1.193,1.184,1.174,1.184,1.214,1.188,1.218,1.213,1.188,1.214,1.189,1.189,1.189,1.189,1.174,1.101,0.781,1945.2,1396.6,1396.6,4688.5,4888.0,4688.5,1396.6,1097.3,1097.3,1097.3,1097.3,1097.3,1097.3,1097.3,1097.3,99.8,4090.0,371.8,286.9,242.9,366.9,2.3,1483.9,0.3,0.8,3795.6,39.4,0.2,0.6,677.9,8.4,2.8,3.7,0.8,143.9,77.6,35.3,266.4,432.1,13.2,14.8,15.9,18.3,0.0,46.0,0.0,0.0,83.0,0.0,1.0,0.0,41.0,0.2,0.0,0.0,0.0,11.7,5.5,2.3,23.6,83.0,13.2,100.0,14.9,12.1,10.3,15.4,0.1,57.9,0.0,0.1,144.7,1.5,0.0,0.0,26.6,0.5,0.2,0.2,0.1,7.8,4.2,1.9,14.3,14.9,19.5,14.0,14.0,47.0,49.0,47.0,14.0,11.0,11.0,11.0,11.0,11.0,11.0,11.0,11.0,41.0,62,64,63,63,66,59,60,60,60,61,61,61,61,61,61,38,36,37,37,34,41,40,40,40,39,39,39,39,39,39,74,66,No,No,No,No,No,No,No,No,No,No,No,No,No,No,No,No,No,No,No,No,No,No,No,No,No,No,No,No,No,No,No,No,No,No,No,No,No,No,No,No,No,No,No,No,No,No,No,No,75,67,64,1.100,10.125,18.463,12.469,0.001,4.661,0.448,175.0,175.0,175.0,175.0,0,0.0,13.3,14.6,15.3,17.7,0.2,46.0,0.0,0.0,82.9,1.0,0.0,0.0,41.0,0.8,0.3,0.3,0.1,12.7,6.7,2.8,23.2,9.8,31.7,32.9,44.3,16.0,0.0,12.7,0.0,0.0,0.0,0.0,0.0,0.0,0.0,0.0,54.6,0.0,0.0,3.6,0.3,0.0,9.3,99.1,99.6,99.5,99.7,86.7,92.9,97.1,76.0,35.7,34.5,45.0,3.1,0.0,98.6,33.2,2394.1,24.00,36,35,35,68,103,383,2,2,Yes,No,No,No,No,No,No,No,No,No,Yes,No,No,No,No,No,No,No,No,No,No,No,No,No,No,No,No,Yes,No,No,No,No,No,No,No,Yes,No,No,88.0,3960,3300,3840,56.8,1.110,1.110,1.815,1.815,0.990,5.110,0.625,No,No,No,57.0,1.110,1.110,1.815,1.815,0.990,5.110,0.750,No,No,No,43,43,94.0,100.0,No,No,32158,47983,37,70,99.0,100.0,No,No,1844,3246,14.0,0.1,14.0,10.500,0.083,92515,52055,0.0,0.0,0.0,0.000,0.000,164001,82786,71.3,78.0,76.5,83.0,0.875,20.631,20.617,20.646,62.068,32.840,39.108,24.142,63.322,3.000,27.132,40.233,32.945,100.000,140.000,2250.0,2150.2,1890.0,2233.7,1905.0,94.0,60.0,0.0,0.0,92.5,25.0,100.0,0.0,0.0,0.0,Yes,No,No,No,No,Yes,No,0,0,0,0,0,0,0,0,0,0,0,0,0,0,0,0,0,0,0,0,0,0,0,0,0,0,0,0,0,0,617,7571,7338,567,16.0,64,0.300,16.048,550.0,2394.0,0.1,0.0,0.0,0.0,0.0,0.0,0.0,0.0,0.8,127,16065,127,No,No,No,No,No,No,No,No,16.746,68.277,100.0,0.000,24.1,0,0,0,0.0,2.6,2.6,2.6,2.6,2.6,2.6,2.9,2.9,2.9,2.9,2.9,2.9,390.68,390.68,390.68,390.68,390.68,390.68,0.42,390.16,390.68,0.00,342.14,651,9,1.3,1.8,0,0,0.0,0.0,0,
9.6.2026,14:15:5.511,23913,24855,49.0,14327,18057,44.2,10.5,16384,1720,1.178,1.191,1.176,1.176,1.171,1.176,1.152,1.187,1.187,1.192,1.147,1.185,1.185,1.185,1.185,1.101,0.783,2066.4,1396.6,1396.6,4688.5,4688.5,798.0,2194.6,1097.3,1097.3,3591.2,3591.2,1097.3,1097.3,1097.3,1097.3,99.8,4090.0,376.2,317.9,391.5,315.7,2.6,2078.4,0.4,0.9,3213.4,35.9,0.2,0.7,674.6,1.7,4.0,0.5,0.6,140.6,65.5,26.2,252.3,439.9,14.0,14.3,14.0,13.1,3.2,55.2,23.4,0.0,70.8,1.8,0.0,1.6,39.2,0.2,0.4,0.0,0.0,12.3,5.6,2.3,22.5,70.8,14.0,100.0,15.1,13.3,16.4,13.2,0.2,80.5,0.0,0.1,122.9,1.5,0.0,0.1,26.6,0.1,0.2,0.1,0.1,7.6,3.6,1.4,13.7,15.1,20.7,14.0,14.0,47.0,47.0,8.0,22.0,11.0,11.0,36.0,36.0,11.0,11.0,11.0,11.0,41.0,61,63,64,67,59,59,59,61,61,61,61,62,61,61,61,39,37,36,33,41,41,41,39,39,39,39,38,39,39,39,75,67,No,No,No,No,No,No,No,No,No,No,No,No,No,No,No,No,No,No,No,No,No,No,No,No,No,No,No,No,No,No,No,No,No,No,No,No,No,No,No,No,No,No,No,No,No,No,No,No,74,66,64,1.100,5.906,15.663,9.931,0.001,4.418,0.430,175.0,175.0,175.0,175.0,0,0.0,12.6,14.3,15.0,12.9,0.2,55.3,0.0,0.0,70.8,1.1,0.0,0.0,39.4,0.2,0.4,0.0,0.0,12.2,5.5,2.2,22.2,11.0,50.5,18.4,37.0,26.5,0.2,19.9,0.0,0.0,0.0,0.0,0.9,0.0,0.0,0.0,55.0,0.0,0.0,2.5,0.6,0.0,12.9,99.7,99.5,99.8,99.8,86.4,94.1,97.5,76.9,34.7,18.0,64.5,2.4,0.9,98.0,24.2,2394.1,24.00,36,35,35,68,103,383,2,2,Yes,No,No,No,No,No,No,No,No,No,Yes,No,No,Yes,No,No,No,No,No,No,No,Yes,No,No,No,No,No,Yes,No,No,No,No,No,No,No,Yes,No,No,89.0,3900,3240,3840,56.8,1.110,1.110,1.800,1.815,0.990,5.110,0.500,No,No,No,57.0,1.110,1.110,1.800,1.815,0.990,5.110,0.750,No,No,No,43,43,94.0,100.0,No,No,32158,47983,37,70,99.0,100.0,No,No,1844,3246,16.3,0.1,16.4,10.265,0.042,92535,52055,0.0,0.0,0.0,0.000,0.000,164001,82786,71.7,80.0,76.9,83.0,0.875,20.625,20.608,20.642,64.393,33.243,41.730,25.802,67.602,3.000,28.798,33.362,32.406,100.000,140.000,2250.0,2150.2,1890.0,2232.9,1905.0,96.0,63.0,0.0,0.0,92.5,24.9,99.5,0.0,0.0,0.0,Yes,No,No,No,No,Yes,No,0,0,0,0,0,0,0,0,0,0,0,0,0,0,0,0,0,0,0,0,0,0,0,0,0,0,0,0,0,0,617,7571,7338,567,16.0,66,0.300,16.315,600.0,2394.0,0.1,0.0,0.0,0.0,0.0,0.0,0.0,0.0,0.8,127,16065,127,No,No,No,No,No,No,No,No,16.747,68.277,100.0,0.000,24.1,0,0,0,0.0,2.6,2.6,2.6,2.6,2.6,2.6,2.9,2.9,2.9,2.9,2.9,2.9,390.68,390.68,390.68,390.68,390.68,390.68,0.42,390.16,390.68,0.00,342.14,651,9,0.8,0.3,0,0,0.0,0.0,0,
9.6.2026,14:15:7.517,23922,24846,49.0,14362,18022,44.3,10.5,16384,1720,1.195,1.212,1.173,1.215,1.175,1.180,1.220,1.214,1.154,1.189,1.214,1.189,1.216,1.191,1.188,1.063,0.781,1653.1,1396.6,4688.5,798.0,4688.5,1396.6,1396.6,1097.3,1097.3,1097.3,1097.3,1097.3,1097.3,1097.3,1097.3,99.8,3890.5,395.4,252.7,320.4,432.0,5.4,3064.1,6.4,11.9,2066.4,13.9,5.0,5.4,72.3,44.3,38.9,14.7,8.4,355.0,275.0,204.2,711.0,397.6,16.4,11.7,9.7,14.9,0.5,67.1,23.2,0.7,45.2,0.0,0.5,0.6,2.0,5.2,4.0,1.8,1.2,32.0,25.4,19.2,63.5,67.1,16.4,100.0,16.7,11.0,13.5,18.2,0.2,117.4,0.3,0.6,79.8,0.6,0.2,0.2,3.2,2.4,2.1,0.8,0.5,19.1,14.7,10.9,37.9,16.7,16.6,14.0,47.0,8.0,47.0,14.0,14.0,11.0,11.0,11.0,11.0,11.0,11.0,11.0,11.0,39.0,62,63,65,62,67,59,60,61,61,60,60,62,62,62,63,38,37,35,38,33,41,40,39,39,40,40,38,38,38,37,75,67,No,No,No,No,No,No,No,No,No,No,No,No,No,No,No,No,No,No,No,No,No,No,No,No,No,No,No,No,No,No,No,No,No,No,No,No,No,No,No,No,No,No,No,No,No,No,No,No,75,68,64,1.100,8.438,16.419,10.624,0.001,4.478,0.431,175.0,175.0,175.0,175.0,0,0.0,15.2,12.1,13.3,14.8,0.1,67.2,0.1,0.3,45.6,0.5,0.1,0.1,3.2,4.1,3.6,1.4,0.8,31.1,24.3,18.1,63.3,11.4,48.5,28.6,30.2,50.2,0.0,2.7,0.0,0.0,0.0,0.0,0.0,0.0,0.0,0.0,46.5,0.4,0.0,1.2,0.4,0.0,0.0,95.5,96.2,98.4,99.0,67.8,75.0,81.5,35.6,44.2,21.4,52.6,0.1,1.4,98.6,91.2,1795.6,18.00,26,26,26,51,103,287,2,2,Yes,No,No,No,No,No,No,No,No,No,Yes,No,No,Yes,No,No,No,No,No,No,No,Yes,No,No,No,No,No,Yes,No,No,No,No,No,No,No,Yes,No,No,86.0,3960,3120,3720,56.8,1.110,1.110,1.800,1.800,0.990,5.110,0.750,No,No,No,57.0,1.110,1.110,1.800,1.815,0.990,5.110,0.625,No,No,No,43,43,94.0,100.0,No,No,32158,47983,36,70,99.0,100.0,No,No,1844,3246,1.8,0.6,2.4,1.110,0.070,92537,52055,0.0,0.0,0.0,0.000,0.000,164001,82786,71.3,78.0,76.7,83.0,0.875,20.646,20.632,20.660,61.998,27.034,38.311,21.766,60.163,3.000,24.759,9.245,31.995,100.000,140.000,2250.0,2150.2,1890.0,2235.6,1905.0,90.0,51.0,0.0,0.0,92.5,24.9,99.7,0.0,0.0,0.0,Yes,No,No,No,No,Yes,No,0,0,0,0,0,0,0,0,0,0,0,0,0,0,0,0,0,0,0,0,0,0,0,0,0,0,0,0,0,0,617,7571,7338,567,16.0,65,0.300,15.432,600.0,2394.0,0.1,0.0,0.0,0.0,0.0,0.0,0.0,0.0,0.8,127,16065,127,No,No,No,No,No,No,No,No,16.746,68.277,100.0,0.000,24.1,0,0,0,0.0,2.6,2.6,2.6,2.6,2.6,2.6,2.9,2.9,2.9,2.9,2.9,2.9,390.68,390.68,390.68,390.68,390.68,390.68,0.42,390.16,390.68,0.00,342.14,651,9,0.2,0.1,0,0,0.0,0.0,0,
9.6.2026,14:15:9.511,23923,24845,49.0,14414,17969,44.5,10.5,16384,1720,1.215,1.228,1.187,1.217,1.217,1.227,1.229,1.214,1.214,1.214,1.214,1.214,1.214,1.214,1.211,1.141,0.778,2664.9,4688.5,4688.5,4888.0,4888.0,4688.5,4688.5,1097.3,1097.3,1097.3,1097.3,1097.3,1097.3,1097.3,1097.3,99.8,4289.5,443.6,165.6,24.1,784.5,0.3,2253.5,0.4,0.7,2842.9,32.5,0.1,0.4,24.5,102.7,76.6,30.0,16.1,384.8,644.3,579.9,907.8,397.2,19.6,9.0,0.0,25.0,0.0,48.4,0.0,0.0,60.5,1.5,0.0,0.0,0.0,9.6,6.5,2.3,1.0,35.0,58.2,52.3,82.3,82.3,19.6,100.0,19.4,7.8,1.0,32.9,0.0,86.7,0.0,0.0,109.2,1.6,0.0,0.0,1.2,5.5,4.1,1.6,0.9,20.8,34.5,30.8,48.4,19.4,26.7,47.0,47.0,49.0,49.0,47.0,47.0,11.0,11.0,11.0,11.0,11.0,11.0,11.0,11.0,43.0,62,63,61,68,59,60,60,62,62,62,62,63,64,64,64,38,37,39,32,41,40,40,38,38,38,38,37,36,36,36,75,68,No,No,No,No,No,No,No,No,No,No,No,No,No,No,No,No,No,No,No,No,No,No,No,No,No,No,No,No,No,No,No,No,No,No,No,No,No,No,No,No,No,No,No,No,No,No,No,No,75,68,66,1.100,7.594,16.047,10.234,0.001,4.497,0.431,175.0,175.0,175.0,175.0,0,0.0,19.6,8.8,1.6,24.2,0.0,48.3,0.0,0.0,60.3,1.2,0.0,0.0,0.9,9.3,6.9,2.7,1.4,34.3,57.8,52.0,81.5,12.8,34.9,62.6,44.9,36.0,0.5,0.5,0.0,0.0,0.0,0.0,0.0,0.0,0.0,0.1,39.4,0.0,0.0,1.4,2.3,0.0,0.0,90.0,92.7,97.1,98.4,64.4,41.1,47.2,17.4,42.2,49.1,8.5,3.3,0.0,95.7,96.8,2394.1,24.00,36,35,35,68,103,383,2,2,Yes,No,No,No,No,No,No,No,No,No,Yes,No,No,Yes,No,No,No,No,No,No,No,Yes,No,No,No,No,No,Yes,No,No,No,No,No,No,No,Yes,No,No,86.0,3900,3180,3780,56.8,1.110,1.110,1.800,1.800,1.005,5.110,0.625,No,No,No,57.0,1.110,1.110,1.800,1.800,1.005,5.110,1.125,No,No,No,43,43,94.0,100.0,No,No,32158,47983,36,70,99.0,100.0,No,No,1844,3246,1.0,0.9,1.9,1.852,0.082,92541,52055,0.0,0.0,0.0,0.000,0.000,164001,82786,68.9,78.0,73.7,83.0,0.875,20.699,20.692,20.707,63.318,23.014,24.580,13.181,37.832,3.000,16.169,29.587,36.751,100.000,140.000,2250.0,2150.2,1890.0,2236.2,1905.0,80.0,26.0,0.0,1.0,92.5,25.0,100.0,0.0,0.0,0.0,Yes,No,No,No,No,Yes,No,0,0,0,0,0,0,0,0,0,0,0,0,0,0,0,0,0,0,0,0,0,0,0,0,0,0,0,0,0,0,617,7571,7338,567,16.0,65,0.300,17.126,600.0,1795.0,0.1,0.0,0.0,0.0,0.0,0.0,0.0,0.0,0.8,127,16065,127,No,No,No,No,No,No,No,No,16.746,68.277,100.0,0.000,24.1,0,0,0,0.0,2.6,2.6,2.6,2.6,2.6,2.6,2.9,2.9,2.9,2.9,2.9,2.9,390.68,390.68,390.68,390.68,390.68,390.68,0.42,390.16,390.68,0.00,342.14,651,9,0.0,0.0,0,0,0.0,0.0,0,
9.6.2026,14:15:11.518,23941,24826,49.0,14456,17928,44.6,10.5,16384,1720,1.197,1.222,1.185,1.180,1.170,1.185,1.225,1.218,1.221,1.196,1.196,1.188,1.188,1.193,1.193,1.101,0.781,2401.3,4688.5,1396.6,4688.5,4688.5,4688.5,4688.5,1097.3,1097.3,1097.3,1097.3,1097.3,1097.3,1097.3,1097.3,99.8,4090.0,450.3,164.2,31.1,750.3,1.6,4254.6,2.7,3.2,879.5,21.9,1.0,2.5,27.9,141.1,104.0,44.2,9.0,493.7,667.5,540.9,865.0,402.4,20.2,8.8,0.0,22.5,0.0,89.6,0.0,3.7,19.4,0.7,0.0,0.7,0.8,12.7,9.8,4.4,1.1,43.9,60.3,48.3,77.9,89.6,20.2,100.0,19.7,7.9,1.3,31.4,0.1,161.9,0.1,0.2,35.0,1.1,0.0,0.1,1.3,7.7,5.6,2.4,0.5,26.6,35.6,28.8,46.1,19.7,24.1,47.0,14.0,47.0,47.0,47.0,47.0,11.0,11.0,11.0,11.0,11.0,11.0,11.0,11.0,41.0,63,63,65,69,59,61,59,62,62,62,62,63,64,64,64,37,37,35,31,41,39,41,38,38,38,38,37,36,36,36,75,69,No,No,No,No,No,No,No,No,No,No,No,No,No,No,No,No,No,No,No,No,No,No,No,No,No,No,No,No,No,No,No,No,No,No,No,No,No,No,No,No,No,No,No,No,No,No,No,No,75,69,65,1.100,6.750,17.072,11.154,0.001,4.597,0.435,175.0,175.0,175.0,175.0,0,0.0,20.0,9.1,1.2,22.3,0.0,89.5,0.1,0.1,19.8,0.9,0.0,0.1,1.1,12.6,9.2,3.8,0.6,43.6,59.8,48.2,77.4,14.1,34.4,59.7,9.5,69.8,3.0,5.1,0.8,0.8,5.1,5.1,0.0,0.0,0.5,3.3,37.5,0.0,0.0,0.2,1.8,0.0,0.0,85.7,89.5,90.9,94.1,54.9,39.0,50.4,18.3,42.5,49.7,12.6,0.3,5.8,94.3,92.1,997.6,10.00,22,15,15,28,103,160,2,2,Yes,No,No,No,No,No,No,No,No,No,Yes,No,No,Yes,No,No,No,No,No,No,No,Yes,No,No,No,No,No,Yes,No,No,No,No,No,No,No,Yes,No,No,86.0,3900,3180,3720,56.8,1.110,1.110,1.800,1.800,1.005,5.110,0.625,No,No,No,57.0,1.110,1.110,1.800,1.800,1.005,5.110,0.750,No,No,No,43,43,94.0,100.0,No,No,32158,47983,36,70,99.0,100.0,No,No,1844,3246,1.0,1.0,2.0,2.089,0.083,92545,52055,0.0,0.0,0.0,0.000,0.000,164001,82786,71.3,76.0,76.5,83.0,0.875,20.642,20.627,20.658,59.952,27.011,38.926,21.142,60.135,3.000,24.121,9.349,32.405,100.000,140.000,2250.0,2150.2,1890.0,2237.2,1905.0,92.0,50.0,0.0,0.0,92.5,24.4,97.4,0.0,0.0,0.0,Yes,No,No,No,No,Yes,No,0,0,0,0,0,0,0,0,0,0,0,0,0,0,0,0,0,0,0,0,0,0,0,0,0,0,0,0,0,0,617,7571,7338,567,16.0,64,0.300,17.646,600.0,2394.0,0.1,0.0,0.0,0.0,0.0,0.0,0.0,0.0,0.8,127,16065,127,No,No,No,No,No,No,No,No,16.746,68.277,100.0,0.000,24.1,0,0,0,0.0,2.2,2.2,2.2,2.2,2.2,2.2,2.2,2.2,2.2,2.2,2.2,2.2,450.42,450.42,450.42,450.42,450.42,450.42,0.32,449.56,450.42,0.00,101.63,651,9,0.0,0.5,0,0,0.0,0.0,0,
9.6.2026,14:15:13.521,23939,24828,49.0,14470,17914,44.6,10.5,16384,1720,1.188,1.195,1.166,1.175,1.180,1.147,1.162,1.172,1.182,1.182,1.179,1.224,1.224,1.224,1.221,1.101,0.783,1902.5,1396.6,1396.6,1396.6,4688.5,4489.0,4489.0,1097.3,1097.3,1097.3,1097.3,1097.3,1097.3,1097.3,1097.3,99.8,4090.0,451.6,157.6,6.3,836.7,0.1,3863.5,0.1,784.1,452.0,31.7,0.1,15.1,6.5,269.4,420.8,374.9,290.3,402.1,404.3,310.9,404.9,469.3,21.5,7.6,0.0,24.7,1.2,81.6,0.0,17.3,0.0,2.3,32.4,0.9,1.5,24.2,38.6,34.4,26.4,36.3,36.6,28.3,36.7,81.6,21.5,100.0,19.8,7.4,0.3,34.9,0.0,147.4,0.0,30.5,17.9,1.5,0.0,0.7,0.4,14.5,22.5,20.0,15.3,21.6,21.7,16.8,21.8,19.8,19.1,14.0,14.0,14.0,47.0,45.0,45.0,11.0,11.0,11.0,11.0,11.0,11.0,11.0,11.0,41.0,62,64,66,63,66,61,57,62,62,62,62,62,62,62,62,38,36,34,37,34,39,43,38,38,38,38,38,38,38,38,75,66,No,No,No,No,No,No,No,No,No,No,No,No,No,No,No,No,No,No,No,No,No,No,No,No,No,No,No,No,No,No,No,No,No,No,No,No,No,No,No,No,No,No,No,No,No,No,No,No,76,67,64,1.100,12.656,17.657,11.766,0.001,4.621,0.437,175.0,175.0,175.0,175.0,0,0.0,20.1,8.0,0.5,24.4,0.0,81.5,0.0,17.1,10.1,1.1,0.0,0.5,0.3,24.3,38.0,33.9,26.2,36.1,36.3,27.9,36.4,13.0,29.9,67.4,17.5,66.7,0.0,0.0,0.0,0.0,0.4,0.0,0.0,0.0,0.0,0.0,38.2,0.0,0.2,0.0,0.2,0.0,0.0,74.5,61.2,65.0,73.4,62.9,63.0,71.5,63.0,42.9,55.6,3.5,0.2,3.2,97.2,97.7,2394.1,24.00,36,35,35,68,103,383,2,2,Yes,No,No,No,No,No,No,No,No,No,Yes,No,No,Yes,No,No,No,No,No,No,No,Yes,No,No,No,No,No,Yes,No,No,No,No,No,No,No,Yes,No,No,86.0,3840,3300,3720,56.8,1.095,1.110,1.800,1.800,1.005,5.110,0.875,No,No,No,57.0,1.110,1.110,1.800,1.800,1.005,5.110,0.875,No,No,No,43,43,94.0,100.0,No,No,32158,47983,37,70,99.0,100.0,No,No,1844,3246,1.0,0.9,2.0,2.090,0.073,92549,52055,0.0,0.0,0.0,0.000,0.000,164001,82786,70.0,78.0,75.4,83.0,0.875,20.649,20.635,20.663,60.830,28.288,35.645,22.059,57.793,3.000,25.044,36.587,17.885,100.000,140.000,2250.0,2150.2,1890.0,2235.8,1905.0,91.0,54.0,0.0,0.0,92.5,19.3,77.0,0.0,0.0,0.0,Yes,No,No,No,No,Yes,No,0,0,0,0,0,0,0,0,0,0,0,0,0,0,0,0,0,0,0,0,0,0,0,0,0,0,0,0,0,0,617,7571,7338,567,16.0,66,0.300,17.224,550.0,997.0,0.1,0.0,0.0,0.0,0.0,0.0,0.0,0.0,0.8,127,16065,127,No,No,No,No,No,No,No,No,16.746,68.277,100.0,0.000,24.1,0,0,0,0.0,2.5,2.5,2.5,2.5,2.5,2.5,2.5,2.5,2.5,2.5,2.5,2.5,398.41,398.41,398.41,398.41,398.41,398.41,0.31,397.90,398.41,0.00,162.94,651,9,0.3,0.5,0,0,0.0,0.0,0,
9.6.2026,14:15:15.519,23868,24900,48.9,14483,17901,44.7,10.5,16384,1720,1.203,1.212,1.230,1.224,1.175,1.195,1.205,1.213,1.213,1.188,1.188,1.214,1.204,1.194,1.194,1.101,0.783,2344.3,4489.0,4688.5,798.0,4688.5,4688.5,4688.5,1097.3,1097.3,1097.3,1097.3,1097.3,1097.3,1097.3,1097.3,99.8,4090.0,480.7,278.9,0.5,1049.9,0.2,2061.4,261.6,2825.0,0.5,33.0,0.2,28.1,0.2,551.3,697.8,600.3,530.1,359.3,176.4,113.9,45.8,557.4,29.1,14.4,43.7,37.3,34.5,44.9,48.2,60.7,18.8,0.0,0.0,0.0,0.0,50.2,63.4,54.5,48.5,33.0,15.8,10.0,3.7,63.4,29.1,100.0,21.3,13.3,0.0,44.5,0.0,79.9,10.0,108.7,0.0,1.8,0.0,1.4,0.0,30.1,37.5,32.2,28.6,19.2,9.5,6.1,2.5,21.3,23.5,45.0,47.0,8.0,47.0,47.0,47.0,11.0,11.0,11.0,11.0,11.0,11.0,11.0,11.0,41.0,64,63,66,63,67,62,60,64,64,64,64,62,62,64,64,36,37,34,37,33,38,40,36,36,36,36,38,38,36,36,75,67,No,No,No,No,No,No,No,No,No,No,No,No,No,No,No,No,No,No,No,No,No,No,No,No,No,No,No,No,No,No,No,No,No,No,No,No,No,No,No,No,No,No,No,No,No,No,No,No,75,68,66,1.100,7.594,17.436,11.458,0.001,4.596,0.435,175.0,175.0,175.0,175.0,0,0.0,22.0,14.1,0.0,36.3,0.0,44.7,5.6,60.6,0.0,1.5,0.0,1.1,0.0,49.4,62.7,53.8,47.6,32.5,15.9,10.2,4.0,13.4,41.1,56.4,46.3,36.6,3.0,1.2,0.9,0.7,0.9,0.0,0.0,0.0,0.0,0.0,36.7,0.0,0.0,1.4,0.8,0.0,0.0,46.9,34.7,43.8,51.2,66.6,83.6,89.4,95.7,37.5,36.8,0.0,0.2,0.2,92.0,95.7,2394.1,24.00,36,35,35,68,103,383,2,2,Yes,No,No,No,No,No,No,No,No,No,Yes,No,No,Yes,No,No,No,No,No,No,No,Yes,No,No,No,No,No,Yes,No,No,No,No,No,No,No,Yes,No,No,88.0,3960,3300,3840,56.8,1.095,1.110,1.800,1.800,1.005,5.110,0.875,No,No,No,57.0,1.095,1.110,1.800,1.800,1.005,5.110,0.750,No,No,No,44,44,94.0,100.0,No,No,32158,47983,36,70,99.0,100.0,No,No,1844,3246,11.5,4.6,16.1,19.662,1.945,92586,52059,0.0,0.0,0.0,0.000,0.000,164001,82786,70.4,76.0,75.5,83.0,0.875,20.635,20.622,20.649,64.748,29.799,35.714,22.312,58.107,3.000,25.303,36.839,27.318,100.000,140.000,2250.0,2150.2,1890.0,2233.5,1905.0,91.0,57.0,0.0,1.0,92.5,25.0,100.0,0.0,0.0,0.0,Yes,No,No,No,No,Yes,No,0,0,0,0,0,0,0,0,0,0,0,0,0,0,0,0,0,0,0,0,0,0,0,0,0,0,0,0,0,0,617,7571,7338,567,16.0,64,0.300,19.103,550.0,2394.0,0.1,0.0,0.0,0.0,0.0,0.0,0.0,0.0,0.8,127,16065,127,No,No,No,No,No,No,No,No,16.746,68.277,100.0,0.000,24.1,0,0,0,0.0,2.3,2.3,2.3,2.3,2.3,2.3,2.4,2.4,2.4,2.4,2.4,2.4,440.24,440.24,440.24,440.24,440.24,440.24,0.76,438.81,440.24,0.00,417.14,651,9,0.1,0.3,0,0,0.0,0.0,0,
9.6.2026,14:15:17.513,23217,25551,47.6,14407,17977,44.4,10.5,16384,1720,1.217,1.243,1.183,1.223,1.203,1.188,1.228,1.218,1.223,1.215,1.220,1.220,1.220,1.225,1.228,1.141,0.783,2664.9,4688.5,4688.5,4888.0,4888.0,4688.5,4688.5,1097.3,1097.3,1097.3,1097.3,1097.3,1097.3,1097.3,1097.3,99.8,4289.5,494.5,283.1,38.1,892.5,42.5,2541.9,118.6,2385.4,69.4,131.1,27.3,112.6,8.9,657.7,779.2,618.4,465.7,263.8,243.0,128.9,82.9,573.3,24.4,10.9,7.3,27.7,1.7,54.8,4.1,51.8,19.7,6.5,16.8,5.9,7.4,56.8,68.1,52.8,39.3,21.3,20.2,9.7,5.8,68.1,24.4,100.0,21.8,12.5,1.5,37.1,1.6,97.8,4.6,92.2,2.7,5.5,1.1,4.6,0.3,35.8,42.0,33.2,25.1,14.2,13.1,7.0,4.5,21.8,26.7,47.0,47.0,49.0,49.0,47.0,47.0,11.0,11.0,11.0,11.0,11.0,11.0,11.0,11.0,43.0,64,65,63,65,67,61,60,64,64,63,64,64,64,64,64,36,35,37,35,33,39,40,36,36,37,36,36,36,36,36,76,67,No,No,No,No,No,No,No,No,No,No,No,No,No,No,No,No,No,No,No,No,No,No,No,No,No,No,No,No,No,No,No,No,No,No,No,No,No,No,No,No,No,No,No,No,No,No,No,No,76,69,66,1.100,91.970,19.228,13.125,0.001,4.769,0.447,175.0,175.0,175.0,175.0,0,0.0,21.4,11.1,0.9,27.3,1.0,55.0,2.7,51.8,1.6,3.7,0.7,3.1,0.2,56.0,67.2,52.4,38.9,21.2,19.5,9.0,5.1,12.1,28.5,59.9,31.4,40.3,2.7,1.7,4.5,0.9,0.0,0.0,0.0,0.0,0.0,0.0,37.1,0.0,0.0,3.5,2.3,0.0,0.0,36.5,29.9,45.8,59.7,77.7,79.7,90.5,94.4,42.0,53.4,7.2,5.8,2.8,90.1,92.9,2394.1,24.00,36,35,35,68,103,383,2,2,Yes,No,No,No,No,No,No,No,No,No,Yes,No,No,Yes,No,No,No,No,No,No,No,Yes,No,No,No,No,No,Yes,No,No,No,No,No,No,No,Yes,No,No,88.0,4020,3300,3840,56.8,1.095,1.110,1.815,1.800,1.005,5.110,0.750,No,No,No,57.0,1.095,1.110,1.800,1.800,1.005,5.110,0.625,No,No,No,44,44,94.0,100.0,No,No,32158,47983,37,70,99.0,100.0,No,No,1844,3246,8.7,3.6,12.3,35.977,5.535,92655,52070,0.0,0.0,0.0,0.000,0.000,164001,82786,63.6,76.0,70.3,83.0,0.875,20.699,20.697,20.702,63.068,10.186,10.512,9.107,19.646,3.000,12.123,8.433,8.482,100.000,140.000,2250.0,2150.2,1890.0,2234.5,1905.0,7.0,1.0,0.0,1.0,85.6,24.7,98.9,0.0,0.0,0.0,Yes,No,No,No,No,Yes,No,0,0,0,0,0,0,0,0,0,0,0,0,0,0,0,0,0,0,0,0,0,0,0,0,0,0,0,0,0,0,1175,7013,6780,567,16.0,67,0.300,19.297,600.0,2394.0,0.1,0.0,0.0,0.0,0.0,0.0,0.0,0.0,0.8,127,16065,127,No,No,No,No,No,No,No,No,16.746,68.277,100.0,0.000,24.1,0,0,0,0.0,5.3,746.4,2.3,2.3,2.3,2.3,5.4,107.8,2.2,2.2,2.2,2.2,187.65,444.14,1.34,0.53,444.28,444.28,0.39,187.25,187.65,0.00,176.51,651,9,0.1,0.3,0,0,0.0,0.0,0,
9.6.2026,14:15:19.515,23965,24802,49.1,14054,18330,43.3,10.5,16384,1720,1.199,1.207,1.176,1.176,1.176,1.191,1.176,1.168,1.193,1.238,1.238,1.238,1.205,1.210,1.195,1.063,0.783,2372.8,4489.0,1396.6,4688.5,4688.5,4688.5,4489.0,1097.3,1097.3,1097.3,1097.3,1097.3,1097.3,1097.3,1097.3,99.8,3890.5,1333.0,1404.0,898.2,1754.2,1040.2,2508.9,1611.3,2821.4,1254.9,1241.4,1112.8,1331.2,924.1,1306.5,1387.5,1211.8,1199.8,958.8,928.4,909.5,855.3,1438.0,42.5,38.8,19.4,47.3,18.2,58.7,36.3,66.1,31.1,31.8,22.3,33.9,18.7,73.9,78.5,62.4,63.4,41.2,39.0,36.9,32.0,78.5,42.5,100.0,58.0,55.3,34.4,69.5,39.7,97.1,61.5,108.5,47.9,47.9,42.5,51.2,35.3,70.4,74.2,64.9,64.0,51.2,49.6,48.5,45.6,58.0,23.8,45.0,14.0,47.0,47.0,47.0,45.0,11.0,11.0,11.0,11.0,11.0,11.0,11.0,11.0,39.0,64,66,64,69,62,63,62,64,63,63,63,64,64,64,64,36,34,36,31,38,37,38,36,37,37,37,36,36,36,36,76,69,No,No,No,No,No,No,No,No,No,No,No,No,No,No,No,No,No,No,No,No,No,No,No,No,No,No,No,No,No,No,Yes,Yes,Yes,Yes,Yes,Yes,Yes,Yes,Yes,Yes,Yes,Yes,Yes,Yes,Yes,No,No,Yes,76,67,66,1.100,10.969,20.478,14.380,0.001,4.757,0.456,175.0,175.0,175.0,175.0,0,0.0,43.7,38.7,23.1,46.8,26.5,58.6,38.7,65.8,31.5,31.8,28.3,33.8,23.8,73.1,78.0,61.8,63.0,41.1,39.3,37.2,32.5,10.8,26.1,23.7,22.3,13.0,15.4,14.0,10.8,6.2,4.7,4.6,4.1,3.1,1.7,1.5,25.0,6.3,4.9,2.4,2.9,2.7,7.2,13.5,14.1,31.3,30.8,53.1,56.2,60.0,65.1,22.6,23.4,16.5,2.0,9.0,42.9,41.7,2394.1,24.00,36,35,35,68,103,383,2,2,Yes,No,No,No,No,No,No,No,No,Yes,Yes,No,No,Yes,No,No,No,No,No,No,No,Yes,No,No,No,No,No,No,No,No,No,No,No,No,No,No,No,No,88.0,4080,3300,3960,56.8,1.095,1.110,1.815,1.815,1.005,5.110,2.500,No,No,No,57.2,1.095,1.110,1.815,1.800,1.005,5.110,2.375,No,No,No,44,44,94.0,100.0,No,No,32158,47983,36,70,99.0,100.0,No,No,1844,3246,16.4,4.7,21.1,48.916,2.845,92748,52075,0.0,0.0,0.0,0.000,0.000,164001,82786,63.7,68.0,68.7,83.0,0.870,20.683,20.676,20.689,22.091,14.453,23.031,8.746,31.861,3.000,11.738,7.984,14.811,100.000,140.000,2250.0,1750.2,1890.0,2235.4,1905.0,45.0,8.0,0.0,7.0,33.4,0.1,0.6,0.0,0.0,0.0,Yes,No,No,No,No,Yes,No,0,0,0,0,0,0,0,0,0,0,0,0,0,0,0,0,0,0,0,0,0,0,0,0,0,0,0,0,0,0,5457,2731,2512,567,16.0,66,0.300,36.747,600.0,2394.0,0.1,0.0,0.0,0.0,0.0,0.0,0.0,0.0,0.8,127,16065,127,No,No,No,No,No,No,No,No,16.746,68.277,100.0,0.000,24.1,0,0,0,0.0,5.3,746.4,2.3,2.3,2.3,2.3,5.4,107.8,2.2,2.2,2.2,2.2,187.65,444.14,1.34,0.53,444.28,444.28,0.39,187.25,187.65,0.00,176.51,651,9,0.3,0.0,0,0,0.0,0.0,0,
9.6.2026,14:15:21.518,23997,24771,49.2,14251,18133,44.0,10.5,16384,1720,1.188,1.204,1.178,1.173,1.164,1.169,1.194,1.194,1.194,1.201,1.186,1.186,1.201,1.201,1.191,1.101,0.781,2166.1,4688.5,1396.6,4688.5,4688.5,1396.6,4688.5,1097.3,1097.3,1097.3,1097.3,1097.3,1097.3,1097.3,1097.3,99.8,4090.0,597.7,337.8,1.0,1218.6,0.5,2903.3,1.0,3251.1,0.6,201.6,0.2,276.0,0.3,663.8,873.9,753.8,543.9,289.3,249.3,209.9,177.8,689.2,27.1,11.6,0.0,47.1,7.8,63.1,2.9,70.4,0.0,4.4,0.0,6.8,0.0,57.5,75.9,65.0,46.6,25.3,22.3,18.9,15.9,75.9,27.1,100.0,26.2,14.7,0.1,49.7,0.0,112.2,0.1,124.9,0.0,8.4,0.0,11.4,0.0,36.2,46.9,40.6,29.4,15.7,13.4,11.3,9.5,26.2,21.7,47.0,14.0,47.0,47.0,14.0,47.0,11.0,11.0,11.0,11.0,11.0,11.0,11.0,11.0,41.0,63,64,67,63,67,59,60,63,63,63,62,62,62,62,62,37,36,33,37,33,41,40,37,37,37,38,38,38,38,38,75,67,No,No,No,No,No,No,No,No,No,No,No,No,No,No,No,No,No,No,No,No,No,No,No,No,No,No,No,No,No,No,No,No,No,No,No,No,No,No,No,No,No,No,No,No,No,No,No,No,75,67,66,1.100,8.438,39.449,32.499,0.001,5.355,0.705,175.0,175.0,175.0,175.0,0,0.0,26.5,11.9,0.1,45.7,0.0,63.1,0.0,70.4,0.0,5.3,0.0,7.0,0.0,56.8,75.3,64.6,46.7,25.7,22.2,18.9,16.0,13.7,44.6,48.5,34.1,27.4,6.7,12.4,9.5,5.4,3.7,0.0,0.0,0.0,0.0,0.0,32.1,0.0,0.6,0.0,0.7,2.4,1.2,31.1,17.5,29.9,51.4,72.9,76.9,80.5,83.6,32.7,37.4,0.3,0.8,0.1,82.3,75.4,2394.1,24.00,36,35,35,68,103,383,2,2,Yes,No,No,No,No,No,No,No,No,No,Yes,No,No,Yes,No,No,No,No,No,No,No,Yes,No,No,No,No,No,Yes,No,No,No,No,No,No,No,Yes,No,No,88.0,4260,3180,4080,57.0,1.095,1.110,1.815,1.815,1.005,5.110,1.250,No,No,No,57.2,1.095,1.110,1.815,1.815,1.005,5.110,0.750,No,No,No,44,44,94.0,100.0,No,No,32158,47983,36,70,99.0,100.0,No,No,1844,3246,7.7,4.3,12.0,10.713,9.469,92768,52093,0.0,0.0,0.0,0.000,0.000,164001,82786,69.5,74.0,74.6,83.0,0.875,20.618,20.602,20.634,54.149,27.632,39.056,23.198,62.356,3.000,26.186,10.185,29.440,100.000,140.000,2250.0,2150.2,1890.0,2236.1,1905.0,88.0,54.0,0.0,0.0,93.4,25.0,100.0,0.0,0.0,0.0,Yes,No,No,No,No,Yes,No,0,0,0,0,0,0,0,0,0,0,0,0,0,0,0,0,0,0,0,0,0,0,0,0,0,0,0,0,0,0,539,7649,7416,567,16.0,66,0.300,25.472,600.0,2394.0,0.1,0.0,0.0,0.0,0.0,0.0,0.0,0.0,0.8,127,16065,127,No,No,No,No,No,No,No,No,16.746,68.277,100.0,0.000,24.1,0,0,0,0.0,5.3,746.4,2.3,2.3,2.3,2.3,5.4,107.8,2.2,2.2,2.2,2.2,187.65,444.14,1.34,0.53,444.28,444.28,0.39,187.25,187.65,0.00,176.51,651,9,32.7,5.9,0,0,0.0,0.0,0,
9.6.2026,14:15:23.526,24119,24649,49.4,14520,17864,44.8,10.5,16384,1720,1.154,1.179,1.130,1.134,1.134,1.138,1.138,1.143,1.153,1.138,1.148,1.193,1.178,1.178,1.178,1.063,0.783,2109.1,4489.0,1396.6,4489.0,4489.0,1396.6,4489.0,1097.3,1097.3,1097.3,1097.3,1097.3,1097.3,1097.3,1097.3,99.8,3890.5,572.5,457.3,0.5,1113.8,0.4,4309.7,1.7,3285.3,1.3,158.1,0.2,247.2,0.2,418.9,561.7,470.2,230.3,89.8,52.9,38.9,12.0,703.6,19.7,15.8,0.0,42.2,0.0,92.3,0.0,70.7,0.0,4.9,0.0,5.7,0.0,36.6,49.7,41.3,20.4,8.2,3.7,2.6,0.4,92.3,19.7,100.0,23.8,20.1,0.0,46.2,0.0,164.4,0.1,126.6,0.1,6.7,0.0,10.1,0.0,22.7,30.2,25.1,12.3,4.8,2.9,2.1,0.7,23.8,21.1,45.0,14.0,45.0,45.0,14.0,45.0,11.0,11.0,11.0,11.0,11.0,11.0,11.0,11.0,39.0,65,66,69,69,78,63,63,63,63,63,63,64,64,64,64,35,34,31,31,22,37,37,37,37,37,37,36,36,36,36,78,78,No,No,No,No,No,No,No,No,No,No,No,No,No,No,No,No,No,No,No,No,No,No,No,No,No,No,No,No,No,No,No,No,No,No,No,No,No,No,No,No,No,No,No,No,No,No,No,No,76,70,66,1.100,10.969,23.206,17.040,0.001,4.812,0.461,175.0,175.0,175.0,175.0,0,0.0,19.6,16.0,0.0,41.0,0.0,92.2,0.0,70.8,0.0,4.4,0.0,6.0,0.0,36.4,49.3,40.7,19.8,7.6,3.8,2.8,0.5,12.3,61.8,52.3,7.0,26.9,7.9,15.8,0.4,0.4,0.0,0.0,0.0,0.0,0.0,0.0,45.2,0.0,0.0,0.2,0.3,0.0,0.0,61.3,49.0,58.6,79.7,92.0,95.9,97.0,99.3,29.5,16.2,0.7,0.0,0.4,83.9,75.5,2394.1,24.00,36,35,35,68,103,383,2,2,Yes,No,No,No,No,No,No,No,No,No,Yes,No,No,Yes,No,No,No,No,No,No,No,Yes,No,No,No,No,No,Yes,No,No,No,No,No,No,No,Yes,No,No,87.0,4320,3000,4080,57.0,1.095,1.110,1.815,1.815,1.005,5.110,1.000,No,No,No,57.2,1.095,1.110,1.815,1.815,1.005,5.110,0.750,No,No,No,44,44,94.0,100.0,No,No,32158,47983,37,70,99.0,100.0,No,No,1844,3246,7.9,2.9,10.8,5.063,4.713,92778,52102,0.0,0.0,0.0,0.000,0.000,164001,82786,70.5,76.0,75.4,83.0,0.875,20.591,20.573,20.609,50.503,34.961,41.475,24.544,66.094,3.000,27.535,48.328,33.750,100.000,140.000,2250.0,2150.2,1890.0,2239.2,1905.0,91.0,59.0,0.0,0.0,92.5,25.0,100.0,0.0,0.0,0.0,Yes,No,No,No,No,Yes,No,0,0,0,0,0,0,0,0,0,0,0,0,0,0,0,0,0,0,0,0,0,0,0,0,0,0,0,0,0,0,617,7571,7338,567,16.0,66,0.300,23.489,600.0,2394.0,0.1,0.0,0.0,0.0,0.0,0.0,0.0,0.0,0.8,127,16065,127,No,No,No,No,No,No,No,No,16.746,68.277,100.0,0.000,24.1,0,0,0,0.0,2.2,2.2,2.2,2.2,2.2,2.2,2.4,2.4,2.4,2.4,2.4,2.4,448.96,448.96,448.96,448.96,448.96,448.96,0.77,447.87,448.96,0.00,413.36,651,9,9.0,2.4,0,0,0.0,0.0,0,
9.6.2026,14:15:25.538,24011,24757,49.2,14433,17951,44.5,10.5,16384,1720,0.987,1.225,1.172,1.172,1.176,1.216,1.231,1.211,0.774,0.774,0.775,0.775,0.775,0.775,0.774,1.101,0.778,1931.0,4688.5,1396.6,1396.6,4688.5,1396.6,4688.5,1097.3,1097.3,1097.3,1097.3,1097.3,1097.3,1097.3,1097.3,99.8,4090.0,472.9,240.2,2.7,810.3,1.6,2684.9,75.4,2655.2,2.5,43.1,1.5,49.8,1.7,490.3,650.3,584.5,476.1,292.5,289.5,67.6,38.6,548.1,29.6,10.6,26.2,25.2,17.1,57.4,33.8,56.8,34.4,1.8,30.5,1.9,35.7,43.6,58.6,52.1,42.9,26.1,26.5,6.3,3.6,58.6,29.6,100.0,20.6,10.9,0.1,33.9,0.1,103.1,2.9,101.9,0.1,2.0,0.1,2.4,0.1,26.5,34.9,31.3,25.6,15.7,15.6,3.7,2.1,20.6,19.4,47.0,14.0,14.0,47.0,14.0,47.0,11.0,11.0,11.0,11.0,11.0,11.0,11.0,11.0,41.0,62,63,65,62,67,59,59,63,63,63,63,62,62,62,62,38,37,35,38,33,41,41,37,37,37,37,38,38,38,38,75,67,No,No,No,No,No,No,No,No,No,No,No,No,No,No,No,No,No,No,No,No,No,No,No,No,No,No,No,No,No,No,No,No,No,No,No,No,No,No,No,No,No,No,No,No,No,No,No,No,75,68,66,1.100,7.594,24.007,17.847,0.001,4.799,0.469,175.0,175.0,175.0,175.0,0,0.0,20.5,10.4,0.1,24.4,0.0,57.3,1.6,56.7,0.1,1.5,0.0,1.6,0.0,43.0,57.9,51.7,42.4,26.3,26.0,5.9,3.3,12.5,34.8,63.9,34.1,35.5,1.9,2.1,2.5,0.6,0.0,0.0,0.0,0.0,0.0,0.0,38.4,0.0,0.0,2.0,1.9,0.0,0.0,52.8,40.1,47.0,56.6,73.0,73.4,93.7,96.5,41.8,48.6,6.5,3.4,4.3,94.2,93.5,2394.1,24.00,36,35,35,68,103,383,2,2,Yes,No,No,No,No,No,No,No,No,No,Yes,No,No,Yes,No,No,No,No,No,No,No,Yes,No,No,No,No,No,Yes,No,No,No,No,No,No,No,Yes,No,No,87.0,4320,3000,4140,57.0,1.095,1.110,1.815,1.815,1.005,5.110,0.750,No,No,No,57.2,1.110,1.110,1.815,1.815,1.005,5.110,1.000,No,No,No,44,44,94.0,100.0,No,No,32158,47983,36,70,99.0,100.0,No,No,1844,3246,1.8,5.2,7.0,0.467,3.647,92779,52109,0.0,0.0,0.0,0.000,0.000,164001,82786,70.9,76.0,75.8,83.0,0.875,20.611,20.595,20.626,63.484,32.701,40.298,24.528,64.911,3.000,27.522,39.798,28.847,100.000,140.000,2250.0,2150.2,1890.0,2236.9,1905.0,93.0,49.0,0.0,0.0,92.5,24.9,99.5,0.0,0.0,0.0,Yes,No,No,No,No,Yes,No,0,0,0,0,0,0,0,0,0,0,0,0,0,0,0,0,0,0,0,0,0,0,0,0,0,0,0,0,0,0,617,7571,7338,567,16.0,65,0.300,21.483,600.0,2394.0,0.1,0.0,0.0,0.0,0.0,0.0,0.0,0.0,0.8,127,16065,127,No,No,No,No,No,No,No,No,16.746,68.277,100.0,0.000,24.1,0,0,0,0.0,2.2,2.2,2.2,2.2,2.2,2.2,2.4,2.4,2.4,2.4,2.4,2.4,448.96,448.96,448.96,448.96,448.96,448.96,0.77,447.87,448.96,0.00,413.36,651,9,0.0,0.2,0,0,0.0,0.0,0,
9.6.2026,14:15:27.531,24028,24740,49.2,14487,17897,44.7,10.5,16384,1720,1.213,1.236,1.209,1.209,1.215,1.222,1.233,1.193,1.215,1.229,1.199,1.202,1.217,1.202,1.202,1.101,0.783,2194.6,4688.5,1396.6,4888.0,4888.0,1396.6,4688.5,1097.3,1097.3,1097.3,1097.3,1097.3,1097.3,1097.3,1097.3,99.8,4090.0,451.4,191.9,0.3,841.5,0.1,3956.1,0.3,1126.5,0.2,26.3,0.1,17.4,0.1,489.9,653.1,624.2,496.5,239.5,247.4,65.6,50.6,526.5,20.2,9.9,0.0,27.9,0.0,83.6,0.0,24.9,0.0,0.0,0.0,0.0,0.1,43.7,59.0,56.3,44.2,20.4,22.8,6.0,4.7,83.6,20.2,100.0,19.8,9.2,0.0,35.4,0.0,150.8,0.0,44.4,0.0,1.3,0.0,1.0,0.0,26.4,34.8,33.4,26.3,12.7,13.3,3.6,2.7,19.8,22.0,47.0,14.0,49.0,49.0,14.0,47.0,11.0,11.0,11.0,11.0,11.0,11.0,11.0,11.0,41.0,63,63,64,69,59,62,59,63,63,63,63,62,62,62,62,37,37,36,31,41,38,41,37,37,37,37,38,38,38,38,75,69,No,No,No,No,No,No,No,No,No,No,No,No,No,No,No,No,No,No,No,No,No,No,No,No,No,No,No,No,No,No,No,No,No,No,No,No,No,No,No,No,No,No,No,No,No,No,No,No,75,69,66,1.100,10.969,19.189,13.140,0.001,4.723,0.446,175.0,175.0,175.0,175.0,0,0.0,20.2,10.0,0.0,27.2,0.0,83.6,0.0,25.0,0.0,1.1,0.0,0.9,0.0,43.4,58.6,55.7,44.2,21.7,22.4,5.9,4.6,12.9,36.2,63.0,15.2,65.2,0.9,0.0,0.3,0.0,0.0,0.0,0.0,0.0,0.0,0.0,38.6,0.0,0.0,0.4,2.5,0.0,0.0,54.6,40.1,43.3,55.0,77.7,77.1,93.9,95.3,41.4,47.1,4.0,0.1,4.6,96.0,96.7,2394.1,24.00,36,35,35,68,103,383,2,2,Yes,No,No,No,No,No,No,No,No,No,Yes,No,No,No,No,No,No,No,No,No,No,No,No,No,No,No,No,Yes,No,No,No,No,No,No,No,Yes,No,No,85.0,4140,3180,4020,57.0,1.095,1.110,1.815,1.815,1.005,5.110,1.000,No,No,No,57.2,1.095,1.110,1.815,1.815,1.005,5.110,0.750,No,No,No,44,44,94.0,100.0,No,No,32158,47983,37,70,99.0,100.0,No,No,1844,3246,0.9,4.2,5.1,0.168,6.480,92779,52121,0.0,0.0,0.0,0.000,0.000,164001,82786,70.8,78.0,76.0,83.0,0.875,20.616,20.601,20.632,59.292,30.131,40.771,25.483,66.332,3.000,28.475,9.527,37.326,100.000,140.000,2250.0,2150.2,1890.0,2237.0,1905.0,94.0,67.0,0.0,0.0,92.5,25.0,100.0,0.0,0.0,0.0,Yes,No,No,No,No,Yes,No,0,0,0,0,0,0,0,0,0,0,0,0,0,0,0,0,0,0,0,0,0,0,0,0,0,0,0,0,0,0,617,7571,7338,567,16.0,65,0.300,18.114,600.0,2394.0,0.1,0.0,0.0,0.0,0.0,0.0,0.0,0.0,0.8,127,16065,127,No,No,No,No,No,No,No,No,16.746,68.277,100.0,0.000,24.1,0,0,0,0.0,2.4,2.4,2.4,2.4,2.4,2.4,2.5,2.5,2.5,2.5,2.5,2.5,420.55,420.55,420.55,420.55,420.55,420.55,0.33,420.04,420.55,0.00,154.10,651,9,0.5,0.3,0,0,0.0,0.0,0,
9.6.2026,14:15:29.532,24033,24735,49.2,14542,17842,44.9,10.5,16384,1720,1.184,1.167,1.185,1.187,1.177,1.147,1.202,1.172,1.172,1.187,1.179,1.188,1.208,1.208,1.193,1.101,0.781,2330.0,1995.1,1396.6,4688.5,4688.5,1396.6,4688.5,1097.3,1097.3,1097.3,1097.3,1097.3,1097.3,3591.2,3591.2,99.8,4090.0,448.5,152.3,0.4,838.0,0.2,3122.2,0.4,1970.4,0.2,25.1,0.1,25.9,0.1,401.5,649.7,549.0,556.5,330.8,162.3,99.9,86.1,518.2,30.9,8.6,47.5,27.9,47.3,66.4,26.0,42.1,42.8,3.2,42.0,3.2,0.0,36.6,59.2,49.9,50.7,31.9,15.3,9.7,8.4,66.4,30.9,100.0,19.6,7.3,0.0,34.9,0.0,119.6,0.0,76.0,0.0,1.2,0.0,1.4,0.0,22.0,34.9,29.5,29.8,17.8,8.6,5.3,4.6,19.6,23.4,20.0,14.0,47.0,47.0,14.0,47.0,11.0,11.0,11.0,11.0,11.0,11.0,36.0,36.0,41.0,62,62,65,63,67,61,60,62,62,62,62,62,62,62,62,38,38,35,37,33,39,40,38,38,38,38,38,38,38,38,75,67,No,No,No,No,No,No,No,No,No,No,No,No,No,No,No,No,No,No,No,No,No,No,No,No,No,No,No,No,No,No,No,No,No,No,No,No,No,No,No,No,No,No,No,No,No,No,No,No,75,67,66,1.100,18.563,17.903,11.818,0.001,4.752,0.444,175.0,175.0,175.0,175.0,0,0.0,20.1,8.8,0.0,27.4,0.0,66.4,0.0,42.4,0.0,1.0,0.0,1.0,0.0,35.9,58.5,49.4,50.2,30.0,14.7,9.0,7.8,12.7,26.7,65.8,29.4,54.7,0.8,0.1,0.0,0.3,0.0,0.0,0.0,0.0,0.0,0.0,38.5,0.0,0.0,1.5,0.1,0.0,0.0,62.2,39.9,49.5,49.0,69.3,84.9,90.7,92.0,42.6,58.5,2.1,1.4,0.9,96.1,96.5,997.6,10.00,22,15,15,28,103,160,2,2,Yes,No,No,No,No,No,No,No,No,No,Yes,No,No,No,No,No,No,No,No,No,No,No,No,No,No,No,No,Yes,No,No,No,No,No,No,No,Yes,No,No,86.0,4080,3300,4020,57.2,1.095,1.110,1.800,1.815,1.005,5.110,0.750,No,No,No,57.2,1.095,1.110,1.800,1.815,1.005,5.110,0.750,No,No,No,44,44,94.0,100.0,No,No,32158,47983,37,70,99.0,100.0,No,No,1844,3246,0.5,1.2,1.7,0.041,3.298,92779,52128,0.0,0.0,0.0,0.000,0.000,164001,82786,69.6,78.0,75.2,83.0,0.875,20.636,20.621,20.651,61.496,27.031,37.613,23.405,61.106,3.000,26.404,9.406,28.287,100.000,140.000,2250.0,2150.2,1890.0,2236.5,1905.0,93.0,56.0,0.0,0.0,92.5,24.7,98.9,0.0,0.0,0.0,Yes,No,No,No,No,Yes,No,0,0,0,0,0,0,0,0,0,0,0,0,0,0,0,0,0,0,0,0,0,0,0,0,0,0,0,0,0,0,617,7571,7338,567,16.0,65,0.300,17.827,600.0,2394.0,0.1,0.0,0.0,0.0,0.0,0.0,0.0,0.0,0.8,127,16065,127,No,No,No,No,No,No,No,No,16.746,68.277,100.0,0.000,24.1,0,0,0,0.0,2.4,2.4,2.4,2.4,2.4,2.4,2.5,2.5,2.5,2.5,2.5,2.5,423.42,423.42,423.42,423.42,423.42,423.42,0.24,423.18,423.42,0.00,150.45,651,9,3.3,0.4,0,0,0.0,0.0,0,
9.6.2026,14:15:31.539,24033,24735,49.2,14530,17854,44.8,10.5,16384,1720,1.194,1.219,1.190,1.178,1.163,1.138,1.193,1.189,1.214,1.184,1.204,1.219,1.220,1.210,1.190,1.101,0.783,2401.3,4688.5,4688.5,4688.5,4688.5,1396.6,4688.5,1097.3,1097.3,1097.3,1097.3,1097.3,1097.3,1097.3,1097.3,99.8,4090.0,440.3,159.3,0.3,769.1,0.1,3278.3,0.3,1778.2,0.2,20.7,0.1,28.9,0.2,420.6,648.4,630.4,468.9,322.6,175.5,91.4,11.5,512.8,19.6,8.3,0.0,24.5,0.6,69.2,0.0,38.3,0.0,0.0,0.6,0.8,0.6,37.7,58.8,56.6,42.8,29.4,15.2,7.4,0.1,69.2,19.6,100.0,19.2,7.5,0.0,32.4,0.0,125.2,0.0,68.8,0.0,1.0,0.0,1.4,0.0,22.7,34.7,33.5,25.2,17.3,9.4,4.9,0.7,19.2,24.1,47.0,47.0,47.0,47.0,14.0,47.0,11.0,11.0,11.0,11.0,11.0,11.0,11.0,11.0,41.0,62,63,65,68,58,62,59,62,62,63,63,62,62,62,62,38,37,35,32,42,38,41,38,38,37,37,38,38,38,38,75,68,No,No,No,No,No,No,No,No,No,No,No,No,No,No,No,No,No,No,No,No,No,No,No,No,No,No,No,No,No,No,No,No,No,No,No,No,No,No,No,No,No,No,No,No,No,No,No,No,75,68,65,1.100,5.906,17.696,11.617,0.001,4.740,0.445,175.0,175.0,175.0,175.0,0,0.0,19.6,8.5,0.0,23.9,0.0,69.4,0.0,38.5,0.0,0.9,0.0,1.0,0.0,37.6,58.3,56.6,42.3,29.2,15.9,8.2,1.0,13.9,28.9,71.5,26.7,55.8,0.1,0.1,0.0,0.5,0.1,0.3,0.8,1.9,2.9,5.0,38.4,0.0,0.0,1.6,1.7,0.0,0.0,60.8,40.1,42.4,56.7,69.3,81.9,88.7,93.8,42.4,56.8,0.0,1.1,2.0,97.2,97.1,2394.1,24.00,36,35,35,68,103,383,2,2,Yes,No,No,No,No,No,No,No,No,No,Yes,No,No,Yes,No,No,No,No,No,No,No,Yes,No,No,No,No,No,Yes,No,No,No,No,No,No,No,Yes,No,No,86.0,4080,3300,3960,57.2,1.095,1.110,1.800,1.815,1.005,5.110,0.750,No,No,No,57.2,1.095,1.110,1.800,1.800,1.005,5.110,0.750,No,No,No,44,44,94.0,100.0,No,No,32158,47983,36,70,99.0,100.0,No,No,1844,3246,1.3,3.1,4.4,0.204,5.902,92780,52139,0.0,0.0,0.0,0.000,0.000,164001,82786,72.0,78.0,77.3,83.0,0.875,20.626,20.610,20.642,66.764,34.403,42.291,25.515,67.872,3.000,28.505,38.771,34.869,100.000,140.000,2250.0,2150.2,1890.0,2233.6,1905.0,93.0,56.0,0.0,0.0,92.5,25.0,100.0,0.0,0.0,0.0,Yes,No,No,No,No,Yes,No,0,0,0,0,0,0,0,0,0,0,0,0,0,0,0,0,0,0,0,0,0,0,0,0,0,0,0,0,0,0,617,7571,7338,567,16.0,66,0.300,17.890,600.0,997.0,0.1,0.0,0.0,0.0,0.0,0.0,0.0,0.0,0.8,127,16065,127,No,No,No,No,No,No,No,No,16.746,68.277,100.0,0.000,24.1,0,0,0,0.0,2.4,2.4,2.4,2.4,2.4,2.4,2.5,2.5,2.5,2.5,2.5,2.5,423.42,423.42,423.42,423.42,423.42,423.42,0.24,423.18,423.42,0.00,150.45,651,9,0.1,0.1,0,0,0.0,0.0,0,
9.6.2026,14:15:33.545,24033,24735,49.2,14527,17857,44.8,10.5,16384,1720,1.176,1.164,1.184,1.171,1.136,1.147,1.187,1.187,1.187,1.187,1.185,1.185,1.175,1.175,1.189,1.101,0.783,1681.6,1396.6,1396.6,1396.6,4489.0,1396.6,4688.5,1097.3,1097.3,1097.3,1097.3,1097.3,1097.3,1097.3,1097.3,99.8,4090.0,438.2,178.0,0.4,760.6,0.1,3086.5,802.7,1182.6,0.2,20.4,0.1,18.7,0.1,546.7,650.1,567.3,411.6,285.3,136.7,100.0,15.1,514.1,25.0,9.8,49.7,25.3,0.1,65.5,37.5,26.0,33.4,4.0,0.0,0.9,0.1,49.5,59.1,51.4,37.2,26.1,13.2,9.9,2.2,65.5,25.0,100.0,19.2,8.4,0.0,32.3,0.0,117.8,30.5,46.2,0.0,1.0,0.0,1.0,0.0,29.6,34.9,30.3,22.0,15.3,7.3,5.4,0.8,19.2,16.9,14.0,14.0,14.0,45.0,14.0,47.0,11.0,11.0,11.0,11.0,11.0,11.0,11.0,11.0,41.0,63,63,65,63,66,61,60,63,63,64,64,64,64,64,64,37,37,35,37,34,39,40,37,37,36,36,36,36,36,36,75,66,No,No,No,No,No,No,No,No,No,No,No,No,No,No,No,No,No,No,No,No,No,No,No,No,No,No,No,No,No,No,No,No,No,No,No,No,No,No,No,No,No,No,No,No,No,No,No,No,75,67,66,1.100,11.813,17.715,11.676,0.001,4.712,0.444,175.0,175.0,175.0,175.0,0,0.0,19.4,9.8,0.0,24.6,0.0,65.4,16.9,26.2,0.0,0.9,0.0,0.8,0.0,49.0,58.4,51.0,36.8,25.8,12.3,9.0,1.3,13.5,31.9,70.3,16.1,68.7,0.8,0.4,0.0,0.5,0.0,0.0,0.0,0.0,0.0,0.0,39.3,0.0,0.0,0.4,0.9,0.0,0.0,48.7,39.7,47.9,62.4,73.6,87.3,90.8,98.5,41.4,52.3,0.0,0.7,1.8,96.5,96.9,2394.1,24.00,36,35,35,68,103,383,2,2,Yes,No,No,No,No,No,No,No,No,No,Yes,No,No,Yes,No,No,No,No,No,No,No,Yes,No,No,No,No,No,Yes,No,No,No,No,No,No,No,Yes,No,No,88.0,4020,3300,3840,57.2,1.095,1.110,1.800,1.815,1.005,5.110,0.750,No,No,No,57.2,1.095,1.110,1.800,1.815,0.990,5.110,0.875,No,No,No,44,44,94.0,100.0,No,No,32158,47983,36,70,99.0,100.0,No,No,1844,3246,3.3,1.4,4.7,0.354,2.243,92781,52143,0.0,0.0,0.0,0.000,0.000,164001,82786,72.1,78.0,77.6,83.0,0.875,20.627,20.611,20.642,67.920,32.696,40.066,25.722,65.849,3.000,28.714,34.576,30.948,100.000,140.000,2250.0,2150.2,1890.0,2233.8,1905.0,93.0,59.0,0.0,0.0,92.5,24.9,99.7,0.0,0.0,0.0,Yes,No,No,No,No,Yes,No,0,0,0,0,0,0,0,0,0,0,0,0,0,0,0,0,0,0,0,0,0,0,0,0,0,0,0,0,0,0,617,7571,7338,567,16.0,66,0.300,17.124,600.0,2394.0,0.1,0.0,0.0,0.0,0.0,0.0,0.0,0.0,0.8,127,16065,127,No,No,No,No,No,No,No,No,16.746,68.277,100.0,0.000,24.1,0,0,0,0.0,2.4,2.4,2.4,2.4,2.4,2.4,2.5,2.5,2.5,2.5,2.5,2.5,423.42,423.42,423.42,423.42,423.42,423.42,0.24,423.18,423.42,0.00,150.45,651,9,0.2,0.3,0,0,0.0,0.0,0,
9.6.2026,14:15:35.543,24039,24729,49.2,14555,17828,44.9,10.5,16384,1720,1.184,1.228,1.176,1.188,1.173,1.148,1.158,1.188,1.190,1.175,1.175,1.192,1.196,1.191,1.196,1.101,0.783,2372.8,4688.5,1396.6,4688.5,4688.5,4489.0,4489.0,1097.3,1097.3,1097.3,1097.3,1097.3,1097.3,1097.3,1097.3,99.8,4090.0,427.7,165.2,0.6,892.8,0.2,3162.8,0.3,1958.9,0.3,17.8,0.2,22.7,0.2,571.1,631.8,573.9,316.8,129.9,72.5,18.2,17.8,519.7,20.0,8.1,0.0,26.7,0.0,67.0,0.0,42.0,27.4,0.0,20.7,0.0,0.0,51.5,56.8,51.7,27.9,11.2,6.2,1.3,1.2,67.0,20.0,100.0,18.5,7.7,0.0,37.4,0.0,121.1,0.0,75.8,0.0,0.9,0.0,1.3,0.0,31.1,33.8,30.8,16.8,6.8,3.9,1.0,1.0,18.5,23.8,47.0,14.0,47.0,47.0,45.0,45.0,11.0,11.0,11.0,11.0,11.0,11.0,11.0,11.0,41.0,62,63,64,68,59,57,59,63,63,63,63,62,62,64,64,38,37,36,32,41,43,41,37,37,37,37,38,38,36,36,75,68,No,No,No,No,No,No,No,No,No,No,No,No,No,No,No,No,No,No,No,No,No,No,No,No,No,No,No,No,No,No,No,No,No,No,No,No,No,No,No,No,No,No,No,No,No,No,No,No,75,67,66,1.100,8.438,17.369,11.327,0.001,4.712,0.441,175.0,175.0,175.0,175.0,0,0.0,17.8,8.6,0.0,26.2,0.0,67.2,0.0,42.3,0.0,0.9,0.0,1.0,0.0,50.9,56.8,51.4,28.3,11.8,6.5,1.6,1.6,13.6,35.7,69.5,30.6,53.5,0.7,0.9,0.0,0.0,0.0,0.0,0.0,0.0,0.0,0.0,41.7,0.0,0.0,0.4,0.5,0.0,0.0,46.4,41.5,47.4,71.0,87.6,93.2,98.2,98.2,40.7,49.9,0.0,0.5,1.6,96.6,95.7,2394.1,24.00,36,35,35,68,103,383,2,2,Yes,No,No,No,No,No,No,No,No,No,Yes,No,No,Yes,No,No,No,No,No,No,No,Yes,No,No,No,No,No,Yes,No,No,No,No,No,No,No,Yes,No,No,89.0,4020,3360,3900,57.2,1.095,1.110,1.800,1.815,1.005,5.110,0.625,No,No,No,57.2,1.095,1.110,1.800,1.815,1.005,5.110,0.875,No,No,No,44,44,94.0,100.0,No,No,32158,47983,36,70,99.0,100.0,No,No,1844,3246,8.0,4.3,12.3,1.218,4.559,92783,52152,0.0,0.0,0.0,0.000,0.000,164001,82786,68.8,78.0,73.4,83.0,0.875,20.712,20.703,20.720,62.291,14.472,20.128,11.863,32.034,3.000,14.860,9.527,9.896,100.000,140.000,2250.0,2150.2,1890.0,2235.7,1905.0,83.0,28.0,0.0,0.0,92.5,25.0,100.0,0.0,0.0,0.0,Yes,No,No,No,No,Yes,No,0,0,0,0,0,0,0,0,0,0,0,0,0,0,0,0,0,0,0,0,0,0,0,0,0,0,0,0,0,0,617,7571,7338,567,16.0,66,0.300,17.790,600.0,2394.0,0.1,0.0,0.0,0.0,0.0,0.0,0.0,0.0,0.8,127,16065,127,No,No,No,No,No,No,No,No,16.746,68.277,100.0,0.000,24.1,0,0,0,0.0,2.4,2.4,2.4,2.4,2.4,2.4,2.5,2.5,2.5,2.5,2.5,2.5,423.42,423.42,423.42,423.42,423.42,423.42,0.24,423.18,423.42,0.00,150.45,651,9,0.5,0.0,0,0,0.0,0.0,0,
9.6.2026,14:15:37.541,24039,24728,49.2,14608,17776,45.1,10.5,16384,1720,1.197,1.218,1.195,1.185,1.170,1.215,1.230,1.215,1.178,1.178,1.173,1.188,1.208,1.183,1.214,1.101,0.783,2401.3,4688.5,4688.5,4688.5,4688.5,1396.6,4688.5,1097.3,1097.3,1097.3,1097.3,1097.3,1097.3,1097.3,1097.3,99.8,4090.0,424.5,182.3,0.4,783.1,0.2,2694.4,0.3,2382.7,0.3,46.2,0.1,26.6,0.1,545.2,613.2,497.2,379.6,193.4,100.5,28.6,16.5,509.5,19.3,10.6,21.2,26.6,0.0,57.7,0.0,51.0,0.0,2.7,0.0,1.4,0.0,49.7,55.5,45.3,34.8,17.1,8.2,2.3,1.2,57.7,19.3,100.0,18.4,8.8,0.0,33.2,0.0,103.4,0.0,91.7,0.0,2.0,0.0,1.4,0.0,29.7,33.0,26.7,20.4,10.5,5.4,1.6,0.9,18.4,24.1,47.0,47.0,47.0,47.0,14.0,47.0,11.0,11.0,11.0,11.0,11.0,11.0,11.0,11.0,41.0,63,61,63,63,66,61,62,63,63,63,63,62,62,62,62,37,39,37,37,34,39,38,37,37,37,37,38,38,38,38,75,66,No,No,No,No,No,No,No,No,No,No,No,No,No,No,No,No,No,No,No,No,No,No,No,No,No,No,No,No,No,No,No,No,No,No,No,No,No,No,No,No,No,No,No,No,No,No,No,No,76,68,66,1.100,10.969,18.058,12.076,0.001,4.674,0.439,175.0,175.0,175.0,175.0,0,0.0,18.0,10.3,0.0,25.6,0.0,57.5,0.0,50.9,0.0,1.6,0.0,1.0,0.0,48.8,54.9,44.7,34.0,17.6,9.1,2.6,1.5,12.7,33.1,64.0,37.3,41.5,1.4,1.0,0.0,0.0,0.0,0.0,0.0,0.0,0.0,0.0,41.8,0.0,0.0,2.7,2.5,0.0,0.0,48.8,43.4,54.1,65.2,81.9,90.6,97.2,98.3,41.6,50.0,4.6,1.0,3.1,95.1,95.7,997.6,10.00,22,15,15,28,103,160,2,2,Yes,No,No,No,No,No,No,No,No,No,Yes,No,No,Yes,No,No,No,No,No,No,No,Yes,No,No,No,No,No,Yes,No,No,No,No,No,No,No,Yes,No,No,89.0,4080,3360,3900,57.0,1.095,1.110,1.800,1.815,1.005,5.110,0.750,No,No,No,57.2,1.095,1.110,1.800,1.815,1.005,5.110,0.750,No,No,No,44,44,94.0,100.0,No,No,32158,47983,36,70,99.0,100.0,No,No,1844,3246,6.4,2.3,8.7,1.117,2.124,92785,52156,0.0,0.0,0.0,0.000,0.000,164001,82786,71.3,76.0,76.6,83.0,0.875,20.631,20.616,20.647,58.899,27.363,40.990,20.822,61.899,3.000,23.819,9.404,31.605,100.000,140.000,2250.0,2150.2,1890.0,2236.3,1905.0,96.0,44.0,0.0,0.0,92.5,24.5,97.9,0.0,0.0,0.0,Yes,No,No,No,No,Yes,No,0,0,0,0,0,0,0,0,0,0,0,0,0,0,0,0,0,0,0,0,0,0,0,0,0,0,0,0,0,0,617,7571,7338,567,16.0,66,0.300,17.479,600.0,2394.0,0.1,0.0,0.0,0.0,0.0,0.0,0.0,0.0,0.8,127,16065,127,No,No,No,No,No,No,No,No,16.747,68.277,100.0,0.000,24.1,0,0,0,0.0,2.2,2.2,2.2,2.2,2.2,2.2,2.3,2.3,2.3,2.3,2.3,2.3,458.87,458.87,458.87,458.87,458.87,458.87,0.84,458.00,458.87,0.00,436.26,651,9,0.1,0.0,0,0,0.0,0.0,0,
9.6.2026,14:15:39.544,24048,24720,49.3,14624,17760,45.1,10.5,16384,1720,1.210,1.214,1.190,1.178,1.178,1.172,1.237,1.193,1.213,1.216,1.221,1.222,1.242,1.227,1.237,1.101,0.783,2565.2,1396.6,4688.5,4688.5,4688.5,4489.0,4688.5,1097.3,1097.3,1097.3,1097.3,1097.3,1097.3,1097.3,3591.2,99.8,4090.0,448.8,154.6,0.4,759.8,0.3,2601.5,0.5,1887.4,631.1,30.6,0.2,20.7,0.2,416.4,722.5,598.5,534.6,314.1,179.3,90.8,31.9,522.4,29.0,8.4,0.0,25.8,15.8,55.2,48.0,40.3,56.0,1.8,24.3,0.8,41.8,37.1,65.3,54.1,48.5,29.4,17.6,7.5,2.1,65.3,29.0,100.0,19.7,7.5,0.0,32.1,0.0,99.8,0.0,72.8,24.0,1.4,0.0,1.1,0.0,22.5,38.6,32.0,28.6,16.6,9.6,4.9,1.7,19.7,25.7,14.0,47.0,47.0,47.0,45.0,47.0,11.0,11.0,11.0,11.0,11.0,11.0,11.0,36.0,41.0,63,63,64,69,58,61,60,63,63,63,63,64,64,64,64,37,37,36,31,42,39,40,37,37,37,37,36,36,36,36,75,69,No,No,No,No,No,No,No,No,No,No,No,No,No,No,No,No,No,No,No,No,No,No,No,No,No,No,No,No,No,No,No,No,No,No,No,No,No,No,No,No,No,No,No,No,No,No,No,No,75,69,66,1.100,7.594,17.378,11.362,0.001,4.674,0.439,175.0,175.0,175.0,175.0,0,0.0,20.2,8.4,0.0,25.1,0.0,55.3,0.0,40.3,13.3,1.1,0.0,0.9,0.0,36.9,64.7,53.6,48.1,28.5,16.1,8.2,2.8,12.3,29.2,61.6,36.3,40.2,0.2,0.3,4.3,0.0,0.0,0.0,0.0,0.0,0.0,0.0,38.4,0.0,0.0,4.6,2.0,0.0,0.0,57.2,34.2,45.4,51.1,70.9,83.4,91.5,97.0,43.6,56.1,7.7,2.1,2.6,96.7,96.6,2394.1,24.00,36,35,35,68,103,383,2,2,Yes,No,No,No,No,No,No,No,No,No,Yes,No,No,Yes,No,No,No,No,No,No,No,Yes,No,No,No,No,No,Yes,No,No,No,No,No,No,No,Yes,No,No,87.0,4080,3300,3960,57.0,1.095,1.110,1.800,1.815,1.005,5.110,0.750,No,No,No,57.2,1.095,1.110,1.800,1.815,1.005,5.110,0.750,No,No,No,44,44,94.0,100.0,No,No,32158,47983,36,70,99.0,100.0,No,No,1844,3246,0.8,3.4,4.2,0.185,4.758,92785,52165,0.0,0.0,0.0,0.000,0.000,164001,82786,71.2,78.0,76.4,83.0,0.875,20.641,20.626,20.655,59.306,32.283,41.103,22.256,63.452,3.000,25.265,37.418,33.490,100.000,140.000,2250.0,2150.2,1890.0,2238.0,1905.0,92.0,54.0,0.0,0.0,92.5,18.9,75.6,0.0,0.0,0.0,Yes,No,No,No,No,Yes,No,0,0,0,0,0,0,0,0,0,0,0,0,0,0,0,0,0,0,0,0,0,0,0,0,0,0,0,0,0,0,617,7571,7338,567,16.0,66,0.300,17.183,600.0,997.0,0.1,0.0,0.0,0.0,0.0,0.0,0.0,0.0,0.8,127,16065,127,No,No,No,No,No,No,No,No,16.746,68.277,100.0,0.000,24.1,0,0,0,0.0,2.3,2.3,2.3,2.3,2.3,2.3,2.5,2.5,2.5,2.5,2.5,2.5,434.70,434.70,434.70,434.70,434.70,434.70,2.23,433.67,434.70,0.00,399.66,651,9,4.2,3.3,0,0,0.0,0.0,0,
9.6.2026,14:15:41.541,24046,24722,49.3,14640,17744,45.2,10.5,16384,1720,1.200,1.212,1.197,1.182,1.220,1.190,1.230,1.190,1.190,1.189,1.189,1.219,1.199,1.194,1.204,1.101,0.781,2358.5,4489.0,4688.5,798.0,4888.0,4688.5,4688.5,1097.3,1097.3,1097.3,1097.3,1097.3,1097.3,1097.3,1097.3,99.8,4090.0,446.1,165.9,0.3,967.0,0.1,2443.1,0.2,2603.7,0.2,19.1,0.1,23.2,0.1,346.3,675.5,656.6,500.6,321.6,133.9,52.1,12.2,525.1,19.5,8.6,0.0,28.7,0.0,52.1,0.0,55.4,0.0,0.0,0.0,0.0,0.0,31.2,61.4,59.3,44.9,29.5,12.1,4.7,1.8,61.4,19.5,100.0,19.4,7.7,0.0,40.3,0.0,94.1,0.0,99.9,0.0,1.0,0.0,1.2,0.0,18.9,36.2,35.0,26.6,17.2,7.2,2.8,0.7,19.4,23.6,45.0,47.0,8.0,49.0,47.0,47.0,11.0,11.0,11.0,11.0,11.0,11.0,11.0,11.0,41.0,63,63,66,62,67,61,60,62,62,62,63,62,62,64,64,37,37,34,38,33,39,40,38,38,38,37,38,38,36,36,75,67,No,No,No,No,No,No,No,No,No,No,No,No,No,No,No,No,No,No,No,No,No,No,No,No,No,No,No,No,No,No,No,No,No,No,No,No,No,No,No,No,No,No,No,No,No,No,No,No,75,67,65,1.100,18.563,17.157,11.150,0.001,4.677,0.440,175.0,175.0,175.0,175.0,0,0.0,19.4,8.7,0.0,28.0,0.0,52.2,0.0,55.6,0.0,0.9,0.0,0.9,0.0,30.9,60.8,59.0,44.8,29.2,12.1,4.7,1.1,13.4,37.3,65.9,44.0,40.6,0.2,0.1,0.0,0.0,0.0,0.0,0.0,0.0,0.0,0.0,39.4,0.0,0.3,0.0,0.0,0.0,0.0,67.5,38.1,40.1,54.5,70.2,87.5,95.1,98.8,41.2,48.4,1.1,2.0,2.2,96.8,96.8,2394.1,24.00,36,35,35,68,103,383,2,2,Yes,No,No,No,No,No,No,No,No,No,Yes,No,No,Yes,No,No,No,No,No,No,No,Yes,No,No,No,No,No,Yes,No,No,No,No,No,No,No,Yes,No,No,85.0,4080,3300,3960,57.0,1.095,1.110,1.815,1.815,1.005,5.110,0.625,No,No,No,57.2,1.095,1.110,1.800,1.815,1.005,5.110,0.750,No,No,No,44,44,94.0,100.0,No,No,32158,47983,36,70,99.0,100.0,No,No,1844,3246,0.0,1.2,1.2,0.000,1.971,92785,52169,0.0,0.0,0.0,0.000,0.000,164001,82786,68.4,78.0,73.4,83.0,0.875,20.659,20.645,20.672,65.362,29.253,34.532,21.409,56.021,3.000,24.401,37.805,27.600,100.000,140.000,2250.0,2150.2,1890.0,2236.3,1905.0,91.0,52.0,0.0,0.0,92.5,25.0,100.0,0.0,0.0,0.0,Yes,No,No,No,No,Yes,No,0,0,0,0,0,0,0,0,0,0,0,0,0,0,0,0,0,0,0,0,0,0,0,0,0,0,0,0,0,0,617,7571,7338,567,16.0,65,0.300,17.515,600.0,2394.0,0.1,0.0,0.0,0.0,0.0,0.0,0.0,0.0,0.8,127,16065,127,No,No,No,No,No,No,No,No,16.747,68.277,100.0,0.000,24.1,0,0,0,0.0,2.3,2.3,2.3,2.3,2.3,2.3,2.5,2.5,2.5,2.5,2.5,2.5,434.70,434.70,434.70,434.70,434.70,434.70,2.23,433.67,434.70,0.00,399.66,651,9,0.0,0.0,0,0,0.0,0.0,0,
9.6.2026,14:15:43.548,24057,24711,49.3,14685,17699,45.3,10.5,16384,1720,1.206,1.239,1.199,1.181,1.206,1.176,1.226,1.211,1.211,1.181,1.211,1.219,1.214,1.214,1.189,1.101,0.783,2344.3,3691.0,4688.5,4688.5,4888.0,1396.6,4688.5,1097.3,1097.3,1097.3,1097.3,1097.3,1097.3,1097.3,1097.3,99.8,4090.0,475.4,125.0,399.8,510.7,0.3,598.3,1325.5,3210.2,0.7,19.9,0.1,23.8,0.2,427.6,726.5,679.4,633.0,399.9,241.4,98.2,86.7,542.6,29.8,5.9,57.5,17.9,31.9,13.1,58.5,69.2,35.4,2.4,0.0,2.5,0.0,38.6,65.6,61.5,57.3,36.9,22.2,10.4,8.7,69.2,29.8,100.0,21.1,5.6,16.8,22.5,0.0,23.4,50.9,122.8,0.0,1.0,0.0,1.3,0.0,23.5,39.6,36.6,34.0,21.6,12.9,5.3,4.7,21.1,23.5,37.0,47.0,47.0,49.0,14.0,47.0,11.0,11.0,11.0,11.0,11.0,11.0,11.0,11.0,41.0,63,64,62,69,58,63,60,62,63,63,63,64,64,64,64,37,36,38,31,42,37,40,38,37,37,37,36,36,36,36,75,69,No,No,No,No,No,No,No,No,No,No,No,No,No,No,No,No,No,No,No,No,No,No,No,No,No,No,No,No,No,No,No,No,No,No,No,No,No,No,No,No,No,No,No,No,No,No,No,No,75,67,66,1.100,14.344,17.796,11.808,0.001,4.666,0.438,175.0,175.0,175.0,175.0,0,0.0,22.3,5.9,14.6,17.5,0.0,13.2,28.5,69.1,0.0,0.9,0.0,1.0,0.0,38.1,65.1,60.9,56.8,36.4,22.0,8.9,7.9,14.7,47.9,65.9,53.7,28.6,0.4,0.4,1.8,2.2,0.9,0.3,3.1,0.0,0.0,0.0,34.8,0.0,1.0,1.1,0.6,0.0,0.0,57.8,29.5,36.3,41.4,59.3,77.4,90.7,91.9,38.6,26.2,10.5,1.4,0.5,96.7,96.0,2194.6,22.00,32,32,32,62,103,351,2,2,Yes,No,No,No,No,No,No,No,No,No,Yes,No,No,Yes,No,No,No,No,No,No,No,Yes,No,No,No,No,No,Yes,No,No,No,No,No,No,No,Yes,No,No,87.0,4080,3360,3960,57.0,1.095,1.110,1.815,1.815,1.005,5.110,0.875,No,No,No,57.2,1.095,1.110,1.815,1.815,1.005,5.110,0.875,No,No,No,44,44,94.0,100.0,No,No,32158,47983,36,70,99.0,100.0,No,No,1844,3246,100.0,1.5,100.0,10.530,4.357,92805,52177,0.0,0.0,0.0,0.000,0.000,164001,82786,70.9,78.0,76.1,83.0,0.875,20.612,20.596,20.627,60.577,33.126,39.444,24.922,64.439,3.000,27.923,38.397,33.755,100.000,140.000,2250.0,2150.2,1890.0,2235.8,1905.0,94.0,63.0,0.0,1.0,92.5,25.0,100.0,0.0,0.0,0.0,Yes,No,No,No,No,Yes,No,0,0,0,0,0,0,0,0,0,0,0,0,0,0,0,0,0,0,0,0,0,0,0,0,0,0,0,0,0,0,617,7571,7338,567,16.0,64,0.300,18.206,600.0,2394.0,0.1,0.0,0.0,0.0,0.0,0.0,0.0,0.0,0.8,127,16065,127,No,No,No,No,No,No,No,No,16.746,68.277,100.0,0.000,24.1,0,0,0,0.0,2.2,2.2,2.2,2.2,2.2,2.2,2.4,2.4,2.4,2.4,2.4,2.4,459.65,459.65,459.65,459.65,459.65,459.65,0.44,459.18,459.65,0.00,413.86,651,9,0.0,0.0,0,0,0.0,0.0,0,
9.6.2026,14:15:45.542,24086,24681,49.3,15281,17103,47.1,10.5,16384,1720,0.988,0.976,0.966,0.989,0.979,0.967,0.988,1.000,0.996,0.996,0.996,0.996,0.996,0.996,0.996,0.918,0.783,3363.2,3790.7,3691.0,3790.7,3691.0,3691.0,3691.0,3092.4,3092.4,3092.4,3092.4,3092.4,3092.4,3092.4,3092.4,99.8,3192.2,817.7,419.2,1149.7,590.9,410.9,468.1,3162.4,2176.6,535.0,560.5,483.0,548.0,472.8,540.0,1027.4,979.5,901.0,527.5,493.6,468.9,438.7,901.6,29.3,11.4,30.5,15.6,34.7,10.9,68.4,47.6,20.0,12.1,43.8,11.4,10.5,21.7,65.7,62.1,53.8,20.2,16.8,15.3,12.7,68.4,29.3,100.0,33.0,16.1,45.7,23.4,14.9,17.0,120.9,83.0,18.5,18.7,15.3,17.7,14.0,25.0,53.0,48.9,44.3,23.6,21.7,20.3,18.6,33.0,33.7,38.0,37.0,38.0,37.0,37.0,37.0,31.0,31.0,31.0,31.0,31.0,31.0,31.0,31.0,32.0,71,74,72,74,71,70,71,69,70,70,70,70,70,70,70,29,26,28,26,29,30,29,31,30,30,30,30,30,30,30,78,74,No,No,No,No,No,No,No,No,No,No,No,No,No,No,No,No,No,No,No,No,No,No,No,No,No,No,No,No,No,No,Yes,Yes,Yes,Yes,Yes,Yes,Yes,Yes,Yes,Yes,Yes,Yes,Yes,Yes,Yes,No,No,Yes,80,80,66,1.100,88.595,18.269,12.180,0.001,4.755,0.445,175.0,175.0,175.0,175.0,0,0.0,27.3,11.3,30.3,15.7,10.3,11.6,68.7,48.4,13.2,14.3,12.2,14.0,12.0,23.9,66.3,62.9,55.1,22.9,19.5,18.1,15.6,11.0,50.8,16.0,26.2,39.0,2.6,2.3,4.1,7.7,1.4,1.0,1.7,0.7,0.0,0.0,35.1,1.6,1.5,2.6,0.4,1.3,0.0,69.9,20.3,33.3,42.0,74.3,78.8,81.0,83.6,40.3,12.3,61.7,0.0,7.9,78.7,81.0,2394.1,24.00,36,35,35,68,103,383,2,2,Yes,No,No,No,No,No,No,No,No,Yes,Yes,No,No,Yes,No,No,No,No,No,No,No,Yes,No,No,No,No,No,Yes,No,No,No,No,No,No,No,Yes,No,No,90.0,4020,3300,3960,57.0,1.095,1.110,1.815,1.815,0.990,5.110,1.000,No,No,No,57.2,1.095,1.110,1.815,1.815,1.005,5.110,0.875,No,No,No,44,44,94.0,100.0,No,No,32158,47983,37,70,99.0,100.0,No,No,1844,3246,100.0,0.3,100.0,16.195,1.522,92837,52180,0.0,0.0,0.0,0.000,0.000,164001,82786,62.6,72.0,69.5,83.0,0.875,20.701,20.698,20.704,43.170,9.905,10.024,8.879,18.923,3.000,11.897,8.291,8.323,100.000,140.000,2250.0,2150.2,1890.0,2236.0,1905.0,0.0,0.0,0.0,0.0,85.6,20.3,81.3,0.0,0.0,0.0,Yes,No,No,No,No,Yes,No,0,0,0,0,0,0,0,0,0,0,0,0,0,0,0,0,0,0,0,0,0,0,0,0,0,0,0,0,0,0,1175,7013,6780,567,16.0,65,0.300,16.849,600.0,2194.0,0.1,0.0,0.0,0.0,0.0,0.0,0.0,0.0,0.8,127,16065,127,No,No,No,No,No,No,No,No,16.746,68.277,100.0,0.000,24.1,0,0,0,0.0,6.9,120.3,2.3,2.3,2.3,2.3,7.4,161.2,2.5,2.5,2.5,2.5,144.03,432.33,8.31,7.92,442.51,442.51,0.57,143.42,144.03,0.00,210.53,651,9,0.1,0.1,0,0,0.0,0.0,0,
9.6.2026,14:15:47.548,24304,24463,49.8,14313,18071,44.1,10.5,16384,1720,1.202,1.229,1.185,1.207,1.167,1.197,1.187,1.192,1.192,1.232,1.202,1.201,1.201,1.206,1.231,1.063,0.783,2650.7,4688.5,4688.5,4888.0,4688.5,4688.5,4688.5,1097.3,1097.3,1097.3,1097.3,1097.3,1097.3,1097.3,1097.3,99.8,3890.5,962.4,584.2,1889.8,927.0,555.0,819.5,2225.4,3395.0,642.6,736.2,571.1,619.2,543.9,600.3,1012.7,1037.9,867.3,656.6,583.2,532.8,448.7,1064.2,34.1,15.6,50.6,30.2,0.0,21.0,51.2,76.3,14.8,20.9,0.0,18.5,0.0,37.2,73.4,75.5,61.1,43.1,36.3,31.4,23.9,76.3,34.1,100.0,45.1,23.0,76.7,39.4,22.3,32.7,87.5,131.6,26.8,31.9,25.4,28.2,25.0,38.2,60.2,60.7,51.8,40.6,36.7,33.9,29.5,45.1,26.6,47.0,47.0,49.0,47.0,47.0,47.0,11.0,11.0,11.0,11.0,11.0,11.0,11.0,11.0,39.0,63,66,64,69,60,59,60,64,64,63,63,64,62,62,62,37,34,36,31,40,41,40,36,36,37,37,36,38,38,38,76,69,No,No,No,No,No,No,No,No,No,No,No,No,No,No,No,No,No,No,No,No,No,No,No,No,No,No,No,No,No,No,Yes,Yes,Yes,Yes,Yes,Yes,Yes,Yes,Yes,Yes,Yes,Yes,Yes,Yes,Yes,No,No,Yes,76,71,65,1.100,17.719,24.265,18.036,0.000,4.888,0.535,175.0,175.0,175.0,175.0,0,0.0,34.5,15.3,49.4,29.6,14.3,20.1,50.3,75.2,15.9,18.8,14.4,16.0,13.6,34.2,70.9,72.6,58.3,39.9,33.4,27.9,20.8,14.9,31.7,41.3,26.8,16.7,11.3,17.1,11.5,15.5,9.0,3.6,6.6,11.9,3.1,2.6,26.5,1.0,1.6,6.1,2.8,4.6,3.9,50.2,8.0,14.2,34.4,50.3,51.9,67.2,74.8,25.2,9.4,19.2,7.0,0.0,59.3,56.3,2394.1,24.00,36,35,35,68,103,383,2,2,Yes,No,No,No,No,No,No,No,No,Yes,Yes,No,No,No,No,No,No,No,No,No,No,No,No,No,No,No,No,Yes,No,No,No,No,No,No,No,Yes,No,No,90.0,4140,3180,3960,57.2,1.095,1.110,1.815,1.815,0.990,5.110,0.875,No,No,No,57.5,1.095,1.110,1.815,1.815,0.990,5.110,0.875,No,No,No,44,44,94.0,100.0,No,No,32158,47983,36,70,99.0,100.0,No,No,1844,3246,100.0,1.9,100.0,20.736,2.973,92876,52186,0.0,0.0,0.0,0.000,0.000,164001,82786,62.1,68.0,68.7,83.0,0.875,20.722,20.717,20.728,25.383,10.806,12.729,9.219,21.972,3.000,12.237,8.202,8.285,100.000,140.000,2250.0,2150.2,1890.0,2234.0,1905.0,25.0,1.0,0.0,2.0,93.4,1.6,6.5,0.0,0.0,0.0,Yes,No,No,No,No,Yes,No,0,0,0,0,0,0,0,0,0,0,0,0,0,0,0,0,0,0,0,0,0,0,0,0,0,0,0,0,0,0,539,7649,7416,567,16.0,66,0.300,39.708,600.0,2394.0,0.1,0.0,0.0,0.0,0.0,0.0,0.0,0.0,0.8,127,16065,127,No,No,No,No,No,No,No,No,16.746,68.277,100.0,0.000,24.1,0,0,0,0.0,6.9,120.3,2.3,2.3,2.3,2.3,7.4,161.2,2.5,2.5,2.5,2.5,144.03,432.33,8.31,7.92,442.51,442.51,0.57,143.42,144.03,0.00,210.53,651,9,0.0,0.0,0,0,0.0,0.0,0,
9.6.2026,14:15:49.548,24105,24663,49.4,14296,18087,44.1,10.5,16384,1720,1.187,1.178,1.202,1.185,1.190,1.190,1.205,1.187,1.182,1.184,1.184,1.184,1.184,1.184,1.185,1.101,0.783,2622.2,4489.0,4688.5,4688.5,4688.5,4688.5,4688.5,1097.3,1097.3,1097.3,1097.3,1097.3,1097.3,1097.3,1097.3,99.8,4090.0,457.3,65.5,1031.0,286.3,0.7,0.6,3963.6,1191.9,0.2,38.9,0.2,58.4,0.1,185.4,748.0,775.1,493.6,184.6,71.4,29.4,21.8,552.5,22.6,3.3,41.8,16.9,20.3,0.0,84.8,25.9,0.0,1.3,10.9,1.6,21.3,17.1,67.5,70.0,44.9,16.1,5.6,1.7,0.3,84.8,22.6,100.0,20.0,2.5,44.6,14.8,0.0,0.0,151.6,45.6,0.0,1.9,0.0,2.7,0.0,10.3,41.9,41.7,26.8,10.0,3.9,1.6,0.8,20.0,26.3,45.0,47.0,47.0,47.0,47.0,47.0,11.0,11.0,11.0,11.0,11.0,11.0,11.0,11.0,41.0,64,71,64,66,66,62,60,64,64,64,63,62,62,62,62,36,29,36,34,34,38,40,36,36,36,37,38,38,38,38,76,71,No,No,No,No,No,No,No,No,No,No,No,No,No,No,No,No,No,No,No,No,No,No,No,No,No,No,No,No,No,No,No,No,No,No,No,No,No,No,No,No,No,No,No,No,No,No,No,No,75,69,65,1.100,12.656,34.781,27.992,0.001,5.214,0.607,175.0,145.0,175.0,175.0,0,0.0,20.0,2.8,41.2,16.1,0.0,0.0,84.4,26.6,0.0,1.6,0.0,1.9,0.0,16.5,67.0,69.5,44.1,16.7,6.5,2.7,2.0,12.9,47.4,31.6,14.4,70.2,2.0,1.1,3.3,5.3,0.9,3.7,0.0,0.6,0.0,0.0,39.1,0.0,0.0,0.3,0.6,0.0,0.0,78.4,21.1,27.0,50.1,82.6,92.5,97.1,97.8,38.4,0.0,42.0,0.2,0.1,94.0,94.2,2194.6,22.00,32,32,32,62,103,351,2,2,Yes,No,No,No,No,No,No,No,No,No,Yes,No,No,Yes,No,No,No,No,No,No,No,Yes,No,No,No,No,No,Yes,No,No,No,No,No,No,No,Yes,No,No,88.0,4320,3000,4080,57.2,1.095,1.110,1.815,1.815,0.990,5.110,0.625,No,No,No,57.5,1.110,1.110,1.815,1.815,0.990,5.110,0.750,No,No,No,44,44,94.0,100.0,No,No,32158,47983,36,70,99.0,100.0,No,No,1844,3246,100.0,1.4,100.0,14.288,1.340,92903,52188,0.0,0.0,0.0,0.000,0.000,164001,82786,67.0,76.0,71.8,83.0,0.875,20.654,20.642,20.666,63.456,27.275,32.653,19.775,52.512,3.000,22.749,35.906,24.334,100.000,140.000,2250.0,2150.2,1890.0,2235.5,1905.0,88.0,50.0,0.0,0.0,93.4,25.0,100.0,0.0,0.0,0.0,Yes,No,No,No,No,Yes,No,0,0,0,0,0,0,0,0,0,0,0,0,0,0,0,0,0,0,0,0,0,0,0,0,0,0,0,0,0,0,539,7649,7416,567,16.0,65,0.300,20.696,550.0,2394.0,0.1,0.0,0.0,0.0,0.0,0.0,0.0,0.0,0.8,127,16065,127,No,No,No,No,No,No,No,No,16.746,68.277,100.0,0.000,24.1,0,0,0,0.0,2.2,2.2,2.2,2.2,2.2,2.2,2.2,2.2,2.2,2.2,2.2,2.2,450.42,450.42,450.42,450.42,450.42,450.42,0.32,449.88,450.42,0.00,96.48,651,9,0.1,0.1,0,0,0.0,0.0,0,
9.6.2026,14:15:51.546,23974,24794,49.1,14324,18059,44.2,10.5,16384,1720,1.196,1.227,1.203,1.175,1.190,1.175,1.215,1.184,1.179,1.189,1.184,1.185,1.205,1.210,1.216,1.101,0.783,2401.8,4689.7,4689.7,4689.7,4689.7,1396.9,4689.7,1097.6,1097.6,1097.6,1097.6,1097.6,1097.6,1097.6,1097.6,99.8,4091.0,423.5,71.5,835.3,139.7,1.0,0.6,1842.6,3389.8,0.3,24.0,0.1,40.4,0.1,113.9,612.3,730.0,455.2,127.4,45.7,20.5,20.6,516.0,18.5,2.7,30.8,6.1,0.0,1.3,40.0,72.2,0.0,0.8,10.3,1.0,9.7,10.2,55.4,66.4,40.7,12.7,5.3,2.4,3.1,72.2,18.5,100.0,18.3,2.8,34.9,6.9,0.1,0.0,72.1,130.1,0.0,1.2,0.0,1.8,0.0,6.5,34.5,39.6,24.4,6.8,2.4,1.1,1.5,18.3,24.1,47.0,47.0,47.0,47.0,14.0,47.0,11.0,11.0,11.0,11.0,11.0,11.0,11.0,11.0,41.0,62,64,63,62,67,61,57,62,62,62,62,62,62,62,62,38,36,37,38,33,39,43,38,38,38,38,38,38,38,38,76,67,No,No,No,No,No,No,No,No,No,No,No,No,No,No,No,No,No,No,No,No,No,No,No,No,No,No,No,No,No,No,No,No,No,No,No,No,No,No,No,No,No,No,No,No,No,No,No,No,75,66,66,1.100,12.656,18.172,12.125,0.001,4.712,0.442,175.0,155.0,175.0,175.0,0,0.0,17.2,2.9,29.4,6.3,0.1,0.0,39.9,71.9,0.0,1.0,0.0,1.2,0.0,10.1,55.0,65.7,40.7,11.6,4.2,1.9,1.9,12.6,63.4,22.2,56.7,26.0,0.4,0.6,2.0,2.5,0.7,1.5,0.5,0.0,0.0,0.0,42.2,0.0,0.0,1.0,0.7,0.0,0.0,86.7,36.7,30.8,56.3,87.3,95.6,97.9,97.9,43.3,0.4,65.7,0.4,0.3,96.5,96.5,2394.7,24.00,36,35,35,68,103,383,2,2,Yes,No,No,No,No,No,No,No,No,No,Yes,No,No,No,No,No,No,No,No,No,No,No,No,No,No,No,No,Yes,No,No,No,No,No,No,No,Yes,No,No,90.0,4320,3000,4140,57.2,1.095,1.110,1.815,1.815,0.990,5.110,0.625,No,No,No,57.5,1.095,1.110,1.815,1.815,0.990,5.110,0.875,No,No,No,44,44,94.0,100.0,No,No,32158,47983,37,70,99.0,100.0,No,No,1844,3246,100.0,2.0,100.0,11.641,2.463,92925,52193,0.0,0.0,0.0,0.000,0.000,164001,82786,70.7,76.0,75.7,83.0,0.875,20.656,20.643,20.668,64.463,27.309,33.780,20.499,54.377,3.000,23.487,37.402,18.619,100.000,140.000,2250.0,2150.2,1890.0,2235.2,1905.0,91.0,53.0,0.0,0.0,92.5,24.9,99.7,0.0,0.0,0.0,Yes,No,No,No,No,Yes,No,0,0,0,0,0,0,0,0,0,0,0,0,0,0,0,0,0,0,0,0,0,0,0,0,0,0,0,0,0,0,617,7571,7338,567,16.0,65,0.300,17.874,600.0,2194.0,0.1,0.0,0.0,0.0,0.0,0.0,0.0,0.0,0.8,127,16065,127,No,No,No,No,No,No,No,No,16.747,68.277,100.0,0.000,24.1,0,0,0,0.0,2.2,2.2,2.2,2.2,2.2,2.2,2.2,2.2,2.2,2.2,2.2,2.2,450.42,450.42,450.42,450.42,450.42,450.42,0.32,449.88,450.42,0.00,96.48,651,9,0.0,0.0,0,0,0.0,0.0,0,
9.6.2026,14:15:53.543,23977,24791,49.1,14357,18027,44.3,10.5,16384,1720,1.204,1.205,1.195,1.210,1.210,1.185,1.187,1.187,1.207,1.212,1.212,1.212,1.212,1.212,1.212,1.101,0.783,2415.5,4688.5,4688.5,1396.6,4888.0,4688.5,4688.5,1097.3,1097.3,1097.3,1097.3,1097.3,1097.3,1097.3,1097.3,99.8,4090.0,425.9,69.0,696.7,145.7,0.4,0.6,2433.1,2637.5,0.2,31.1,0.2,22.3,0.1,168.6,671.8,735.5,530.3,219.4,93.8,45.3,17.2,508.9,19.4,2.3,20.0,5.6,29.1,0.0,51.6,56.0,0.0,1.8,0.0,1.5,0.5,14.6,60.3,66.0,47.5,19.9,7.0,4.0,0.6,66.0,19.4,100.0,18.6,2.7,28.8,6.8,0.0,0.0,93.4,101.1,0.0,1.4,0.0,1.2,0.0,9.4,37.4,39.6,29.0,11.8,5.2,2.5,1.0,18.6,24.2,47.0,47.0,14.0,49.0,47.0,47.0,11.0,11.0,11.0,11.0,11.0,11.0,11.0,11.0,41.0,62,64,59,62,66,61,60,62,62,62,62,61,61,61,61,38,36,41,38,34,39,40,38,38,38,38,39,39,39,39,75,66,No,No,No,No,No,No,No,No,No,No,No,No,No,No,No,No,No,No,No,No,No,No,No,No,No,No,No,No,No,No,No,No,No,No,No,No,No,No,No,No,No,No,No,No,No,No,No,No,74,66,65,1.100,13.500,17.441,11.461,0.001,4.660,0.439,175.0,165.0,175.0,175.0,0,0.0,18.0,2.5,19.8,5.7,0.0,0.0,51.8,56.2,0.0,1.3,0.0,1.0,0.0,14.6,59.8,65.6,47.0,19.9,8.5,4.1,1.6,12.1,64.2,18.8,39.2,36.7,0.1,0.2,1.6,3.9,0.6,3.0,0.1,0.9,0.0,0.0,40.2,0.0,0.0,3.8,3.3,0.0,0.0,82.4,30.9,31.5,47.5,79.3,90.1,95.5,98.3,46.7,10.0,70.8,3.4,2.4,96.8,96.5,2394.1,24.00,36,35,35,68,103,383,2,2,Yes,No,No,No,No,No,No,No,No,No,Yes,No,No,Yes,No,No,No,No,No,No,No,Yes,No,No,No,No,No,Yes,No,No,No,No,No,No,No,Yes,No,No,89.0,4320,3120,4080,57.2,1.095,1.110,1.800,1.815,0.990,5.110,0.625,No,No,No,57.5,1.095,1.110,1.800,1.815,0.990,5.110,0.750,No,No,No,45,45,94.0,100.0,No,No,32158,47983,36,70,99.0,100.0,No,No,1844,3246,100.0,1.0,100.0,14.312,1.206,92953,52195,0.0,0.0,0.0,0.000,0.000,164001,82786,70.4,76.0,75.5,83.0,0.875,20.658,20.645,20.671,63.083,24.056,35.598,20.047,55.729,3.000,23.038,9.327,21.657,100.000,140.000,2250.0,2150.2,1890.0,2236.4,1905.0,90.0,45.0,0.0,0.0,92.5,24.9,99.5,0.0,0.0,0.0,Yes,No,No,No,No,Yes,No,0,0,0,0,0,0,0,0,0,0,0,0,0,0,0,0,0,0,0,0,0,0,0,0,0,0,0,0,0,0,617,7571,7338,567,16.0,64,0.300,16.540,600.0,2394.0,0.1,0.0,0.0,0.0,0.0,0.0,0.0,0.0,0.8,127,16065,127,No,No,No,No,No,No,No,No,16.746,68.277,100.0,0.000,24.1,0,0,0,0.0,2.2,2.2,2.2,2.2,2.2,2.2,2.2,2.2,2.2,2.2,2.2,2.2,450.42,450.42,450.42,450.42,450.42,450.42,0.32,449.88,450.42,0.00,96.48,651,9,0.0,0.0,0,0,0.0,0.0,0,
9.6.2026,14:15:55.543,23978,24790,49.1,14433,17950,44.5,10.5,16384,1720,1.212,1.202,1.189,1.229,1.214,1.199,1.229,1.209,1.209,1.209,1.209,1.214,1.214,1.214,1.219,1.101,0.781,2664.9,4688.5,4688.5,4888.0,4888.0,4688.5,4688.5,1097.3,1097.3,1097.3,1097.3,1097.3,1097.3,1097.3,1097.3,99.8,4090.0,423.9,72.8,905.4,139.2,0.7,0.7,3700.8,1390.0,0.4,33.1,0.3,42.5,0.2,119.3,641.7,698.4,546.3,105.3,54.3,18.8,8.2,518.2,20.0,2.8,25.4,5.3,21.9,0.0,78.4,30.2,37.8,0.5,0.0,0.4,0.0,10.4,57.4,62.5,48.5,9.4,5.6,1.6,1.4,78.4,20.0,100.0,18.3,2.8,37.3,6.5,0.0,0.0,141.3,54.5,0.0,1.6,0.0,1.9,0.0,6.7,35.8,37.7,29.4,5.6,3.0,1.1,0.5,18.3,26.7,47.0,47.0,49.0,49.0,47.0,47.0,11.0,11.0,11.0,11.0,11.0,11.0,11.0,11.0,41.0,62,65,63,63,66,61,59,62,62,62,62,62,62,62,62,38,35,37,37,34,39,41,38,38,38,38,38,38,38,38,75,66,No,No,No,No,No,No,No,No,No,No,No,No,No,No,No,No,No,No,No,No,No,No,No,No,No,No,No,No,No,No,No,No,No,No,No,No,No,No,No,No,No,No,No,No,No,No,No,No,76,67,66,1.100,15.188,16.499,10.498,0.001,4.677,0.438,175.0,175.0,175.0,175.0,0,0.0,17.0,2.9,25.1,5.4,0.0,0.0,78.4,30.4,0.0,1.4,0.0,1.3,0.0,10.4,57.0,62.0,48.4,9.6,5.0,1.7,0.7,13.0,67.3,20.7,20.0,64.9,1.2,1.6,1.1,2.2,1.9,0.6,0.0,0.0,0.3,0.0,42.0,0.0,0.0,0.8,0.7,0.0,0.0,87.4,35.1,33.8,49.1,89.8,94.7,97.7,99.0,43.7,1.9,68.9,0.0,1.5,95.1,95.0,2394.1,24.00,36,35,35,68,103,383,2,2,Yes,No,No,No,No,No,No,No,No,No,Yes,No,No,Yes,No,No,No,No,No,No,No,Yes,No,No,No,No,No,Yes,No,No,No,No,No,No,No,Yes,No,No,89.0,4080,3300,3960,57.2,1.095,1.110,1.800,1.815,0.990,5.110,0.625,No,No,No,57.5,1.095,1.110,1.800,1.815,0.990,5.110,0.875,No,No,No,45,45,94.0,100.0,No,No,32158,47983,36,70,99.0,100.0,No,No,1844,3246,100.0,1.0,100.0,11.066,1.115,92974,52197,0.0,0.0,0.0,0.000,0.000,164001,82786,71.3,78.0,76.5,83.0,0.875,20.632,20.617,20.647,65.651,28.088,39.115,23.874,63.076,3.000,26.862,9.331,31.356,100.000,140.000,2250.0,2150.2,1890.0,2235.6,1905.0,89.0,56.0,0.0,0.0,92.5,25.0,99.8,0.0,0.0,0.0,Yes,No,No,No,No,Yes,No,0,0,0,0,0,0,0,0,0,0,0,0,0,0,0,0,0,0,0,0,0,0,0,0,0,0,0,0,0,0,617,7571,7338,567,16.0,65,0.300,17.555,550.0,2394.0,0.1,0.0,0.0,0.0,0.0,0.0,0.0,0.0,0.8,127,16065,127,No,No,No,No,No,No,No,No,16.746,68.277,100.0,0.000,24.1,0,0,0,0.0,2.2,2.2,2.2,2.2,2.2,2.2,2.2,2.2,2.2,2.2,2.2,2.2,450.42,450.42,450.42,450.42,450.42,450.42,0.32,449.88,450.42,0.00,96.48,651,9,0.0,0.0,0,0,0.0,0.0,0,
9.6.2026,14:15:57.533,23970,24797,49.1,14441,17943,44.5,10.5,16384,1720,1.186,1.164,1.159,1.178,1.153,1.183,1.203,1.183,1.203,1.210,1.215,1.190,1.185,1.185,1.189,1.063,0.781,1973.7,2194.6,1396.6,1396.6,4489.0,4688.5,4688.5,1097.3,1097.3,1097.3,1097.3,1097.3,1097.3,1097.3,1097.3,99.8,3890.5,407.9,68.9,886.8,154.6,0.7,0.9,2798.8,2299.0,0.3,52.2,0.1,28.5,0.2,103.0,585.5,633.9,435.2,38.0,35.2,13.4,22.2,503.0,18.0,2.7,27.1,6.7,21.5,0.0,59.9,49.5,21.0,2.9,1.5,1.9,1.5,9.3,52.3,56.6,38.3,3.6,2.4,0.4,1.2,59.9,18.0,100.0,17.4,2.7,36.4,7.3,0.1,0.1,107.4,88.5,0.0,2.4,0.0,1.3,0.0,5.8,32.7,34.3,23.6,2.2,1.9,0.7,1.2,17.4,19.8,22.0,14.0,14.0,45.0,47.0,47.0,11.0,11.0,11.0,11.0,11.0,11.0,11.0,11.0,39.0,62,63,63,64,67,61,58,62,62,62,61,61,61,61,61,38,37,37,36,33,39,42,38,38,38,39,39,39,39,39,75,67,No,No,No,No,No,No,No,No,No,No,No,No,No,No,No,No,No,No,No,No,No,No,No,No,No,No,No,No,No,No,No,No,No,No,No,No,No,No,No,No,No,No,No,No,No,No,No,No,75,68,64,1.100,8.438,17.241,11.269,0.001,4.644,0.439,175.0,175.0,175.0,175.0,0,0.0,15.8,2.7,26.7,6.6,0.1,0.0,60.0,49.6,0.0,2.2,0.0,1.1,0.0,9.2,52.1,56.8,38.8,3.4,3.2,1.2,2.0,13.4,66.2,24.8,36.5,45.5,3.8,2.6,1.5,5.5,0.0,0.7,0.0,0.0,0.0,0.0,44.1,0.0,0.0,2.0,1.1,0.0,0.0,88.1,36.9,40.6,58.7,96.2,96.6,98.6,97.8,42.1,1.4,63.2,0.0,2.0,91.5,94.7,997.6,10.00,22,15,15,28,103,160,2,2,Yes,No,No,No,No,No,No,No,No,No,Yes,No,No,Yes,No,No,No,No,No,No,No,Yes,No,No,No,No,No,Yes,No,No,No,No,No,No,No,Yes,No,No,90.0,4020,3300,3840,57.2,1.095,1.110,1.800,1.815,1.005,5.110,0.875,No,No,No,57.5,1.095,1.110,1.800,1.815,1.005,5.110,0.500,No,No,No,45,45,94.0,100.0,No,No,32158,47983,36,70,99.0,100.0,No,No,1844,3246,100.0,1.7,100.0,13.315,2.366,92999,52202,0.0,0.0,0.0,0.000,0.000,164001,82786,71.2,78.0,76.3,83.0,0.875,20.635,20.620,20.650,62.376,31.811,38.997,25.136,64.201,3.000,28.128,33.717,29.498,100.000,140.000,2250.0,2150.2,1890.0,2234.2,1905.0,95.0,62.0,0.0,0.0,92.5,25.0,100.0,0.0,0.0,0.0,Yes,No,No,No,No,Yes,No,0,0,0,0,0,0,0,0,0,0,0,0,0,0,0,0,0,0,0,0,0,0,0,0,0,0,0,0,0,0,617,7571,7338,567,16.0,65,0.300,16.295,600.0,2394.0,0.1,0.0,0.0,0.0,0.0,0.0,0.0,0.0,0.8,127,16065,127,No,No,No,No,No,No,No,No,16.746,68.277,100.0,0.000,24.1,0,0,0,0.0,2.2,2.2,2.2,2.2,2.2,2.2,2.4,2.4,2.4,2.4,2.4,2.4,451.09,451.09,451.09,451.09,451.09,451.09,0.96,450.52,451.09,0.00,20.59,651,9,0.3,0.0,0,0,0.0,0.0,0,
9.6.2026,14:15:59.544,23955,24813,49.1,14417,17967,44.5,10.5,16384,1720,1.178,1.184,1.165,1.180,1.165,1.190,1.198,1.183,1.153,1.193,1.158,1.193,1.189,1.199,1.149,1.063,0.783,2743.3,4489.0,1396.6,4688.5,4688.5,4688.5,4688.5,1097.3,1097.3,1097.3,1097.3,1097.3,1097.3,3591.2,3591.2,99.8,3890.5,352.5,70.7,794.1,365.7,0.3,2.7,1457.5,3698.4,0.3,98.6,0.3,19.5,0.2,18.9,235.7,226.4,53.1,4.7,1.5,0.6,0.8,440.1,11.8,4.0,35.8,19.9,2.1,0.6,34.9,79.9,0.6,4.4,0.6,1.4,0.6,0.5,21.3,21.6,5.1,0.0,0.7,0.6,0.6,79.9,11.8,100.0,14.3,2.9,32.8,16.3,0.0,0.2,56.9,141.1,0.0,4.2,0.0,0.9,0.0,1.1,13.6,12.5,2.9,0.3,0.1,0.1,0.1,14.3,27.5,45.0,14.0,47.0,47.0,47.0,47.0,11.0,11.0,11.0,11.0,11.0,11.0,36.0,36.0,39.0,62,63,63,67,59,62,60,62,62,62,62,61,61,61,61,38,37,37,33,41,38,40,38,38,38,38,39,39,39,39,75,67,No,No,No,No,No,No,No,No,No,No,No,No,No,No,No,No,No,No,No,No,No,No,No,No,No,No,No,No,No,No,No,No,No,No,No,No,No,No,No,No,No,No,No,No,No,No,No,No,75,66,66,1.100,10.125,16.722,10.789,0.001,4.614,0.435,175.0,175.0,175.0,175.0,0,0.0,11.2,3.5,34.8,19.5,0.0,0.1,34.7,79.7,0.0,3.9,0.0,0.9,0.0,1.5,20.5,19.6,4.5,0.4,0.1,0.1,0.1,16.1,57.3,56.6,59.8,18.5,12.1,2.5,0.3,13.2,5.5,0.0,0.0,0.0,0.0,0.0,52.1,0.0,0.0,0.2,0.5,0.0,0.0,98.0,63.6,73.5,95.1,99.4,99.7,99.8,99.8,33.4,1.9,18.3,2.2,0.5,81.8,95.6,2394.1,24.00,36,35,35,68,103,383,2,2,Yes,No,No,No,No,No,No,No,No,No,Yes,No,No,Yes,No,No,No,No,No,No,No,Yes,No,No,No,No,No,Yes,No,No,No,No,No,No,No,Yes,No,No,91.0,3900,3240,3780,57.2,1.095,1.110,1.800,1.815,1.005,5.110,0.875,No,No,No,57.5,1.095,1.110,1.800,1.815,1.005,5.110,0.750,No,No,No,45,45,94.0,100.0,No,No,32158,47983,36,70,99.0,100.0,No,No,1844,3246,100.0,1.3,100.0,22.456,3.270,93042,52208,0.0,0.0,0.0,0.000,0.000,164001,82786,70.1,78.0,75.5,83.0,0.875,20.628,20.612,20.643,61.826,33.769,40.278,25.044,65.398,3.000,28.030,37.706,36.926,100.000,140.000,2250.0,2150.2,1890.0,2235.7,1905.0,94.0,63.0,0.0,0.0,92.5,24.2,96.7,0.0,0.0,0.0,Yes,No,No,No,No,Yes,No,0,0,0,0,0,0,0,0,0,0,0,0,0,0,0,0,0,0,0,0,0,0,0,0,0,0,0,0,0,0,617,7571,7338,556,16.0,64,0.300,15.916,600.0,997.0,0.1,0.0,0.0,0.0,0.0,0.0,0.0,0.0,0.8,127,16065,127,No,No,No,No,No,No,No,No,16.746,68.277,100.0,0.000,24.1,0,0,0,0.0,2.2,2.2,2.2,2.2,2.2,2.2,2.4,2.4,2.4,2.4,2.4,2.4,453.39,453.39,453.39,453.39,453.39,453.39,0.37,452.45,453.39,0.00,417.21,651,9,0.2,0.3,0,0,0.0,0.0,0,
9.6.2026,14:16:1.540,23958,24810,49.1,14417,17967,44.5,10.5,16384,1720,1.194,1.189,1.169,1.184,1.174,1.184,1.179,1.203,1.203,1.203,1.208,1.178,1.213,1.213,1.213,1.063,0.783,2387.0,1396.6,4489.0,4688.5,4688.5,4688.5,4688.5,1097.3,1097.3,1097.3,1097.3,1097.3,1097.3,1097.3,1097.3,99.8,3890.5,391.5,71.4,803.7,167.5,0.3,1.8,2536.5,2436.3,238.2,44.0,0.3,31.3,0.3,126.1,439.2,378.3,330.7,137.5,58.7,15.6,12.9,475.4,15.0,2.6,27.4,8.1,0.0,1.2,56.9,52.1,6.1,1.8,1.1,0.5,1.1,12.3,39.9,34.1,30.7,13.6,6.4,2.5,2.3,56.9,15.0,100.0,16.5,2.8,33.0,7.2,0.0,0.2,97.8,93.5,9.1,2.0,0.0,1.4,0.0,7.1,25.1,20.9,18.2,7.4,3.2,0.9,0.7,16.5,23.9,14.0,45.0,47.0,47.0,47.0,47.0,11.0,11.0,11.0,11.0,11.0,11.0,11.0,11.0,39.0,62,64,65,63,66,59,62,62,62,62,62,62,62,62,62,38,36,35,37,34,41,38,38,38,38,38,38,38,38,38,76,66,No,No,No,No,No,No,No,No,No,No,No,No,No,No,No,No,No,No,No,No,No,No,No,No,No,No,No,No,No,No,No,No,No,No,No,No,No,No,No,No,No,No,No,No,No,No,No,No,76,66,64,1.100,14.344,15.694,9.899,0.001,4.473,0.432,175.0,175.0,175.0,175.0,0,0.0,14.6,3.0,27.4,8.6,0.0,0.1,57.1,52.4,5.0,2.3,0.0,1.0,0.0,11.1,39.4,33.9,29.6,12.5,5.3,1.4,1.2,14.5,66.4,23.8,37.7,37.5,3.1,1.7,1.8,19.4,5.2,6.0,0.0,0.0,0.0,0.0,44.6,0.0,0.0,1.8,1.8,0.0,0.0,85.8,36.5,58.2,62.4,87.0,94.4,98.4,98.7,42.8,0.9,64.5,1.2,1.6,92.6,95.9,2394.1,24.00,36,35,35,68,103,383,2,2,Yes,No,No,No,No,No,No,No,No,No,Yes,No,No,Yes,No,No,No,No,No,No,No,Yes,No,No,No,No,No,Yes,No,No,No,No,No,No,No,Yes,No,No,91.0,3960,3300,3780,57.2,1.110,1.110,1.800,1.815,1.005,5.110,0.875,No,No,No,57.5,1.110,1.110,1.800,1.815,1.005,5.110,0.875,No,No,No,45,45,94.0,100.0,No,No,32158,47983,36,70,99.0,100.0,No,No,1844,3246,100.0,1.4,100.0,22.021,2.206,93084,52212,0.0,0.0,0.0,0.000,0.000,164001,82786,69.9,78.0,74.8,83.0,0.875,20.728,20.721,20.735,63.157,15.902,16.739,10.133,26.893,3.000,13.142,30.712,10.697,100.000,140.000,2250.0,2150.2,1890.0,2234.4,1905.0,80.0,21.0,0.0,1.0,92.5,25.0,100.0,0.0,0.0,0.0,Yes,No,No,No,No,Yes,No,0,0,0,0,0,0,0,0,0,0,0,0,0,0,0,0,0,0,0,0,0,0,0,0,0,0,0,0,0,0,617,7571,7338,563,16.0,64,0.300,15.081,550.0,2394.0,0.1,0.0,0.0,0.0,0.0,0.0,0.0,0.0,0.8,127,16065,127,No,No,No,No,No,No,No,No,16.747,68.277,100.0,0.000,24.1,0,0,0,0.0,2.3,2.3,2.3,2.3,2.3,2.3,2.6,2.6,2.6,2.6,2.6,2.6,431.30,431.30,431.30,431.30,431.30,431.30,0.51,430.56,431.30,0.00,384.74,651,9,2.2,4.4,0,0,0.0,0.0,0,
9.6.2026,14:16:3.535,23959,24809,49.1,14462,17922,44.6,10.5,16384,1720,1.202,1.197,1.203,1.183,1.218,1.188,1.229,1.189,1.189,1.210,1.215,1.190,1.213,1.193,1.218,1.101,0.783,2650.7,4688.5,4688.5,4688.5,4888.0,4688.5,4688.5,1097.3,1097.3,1097.3,1097.3,1097.3,1097.3,1097.3,1097.3,99.8,4090.0,461.7,68.1,815.5,96.7,0.6,1.3,2178.0,2962.2,1.4,37.1,0.1,33.6,0.1,240.1,767.0,719.4,576.0,322.5,170.6,110.3,133.4,531.1,20.9,2.9,23.8,4.4,0.0,0.0,47.3,63.2,0.0,1.6,0.0,1.2,0.0,21.8,69.7,65.8,52.2,29.4,15.4,7.9,10.8,69.7,20.9,100.0,20.5,2.7,33.5,4.4,0.0,0.1,84.2,113.6,0.1,1.8,0.0,1.7,0.0,13.8,42.6,39.7,31.5,17.4,9.2,5.9,7.1,20.5,26.6,47.0,47.0,47.0,49.0,47.0,47.0,11.0,11.0,11.0,11.0,11.0,11.0,11.0,11.0,41.0,63,61,65,64,66,61,60,64,64,64,64,62,62,64,64,37,39,35,36,34,39,40,36,36,36,36,38,38,36,36,75,66,No,No,No,No,No,No,No,No,No,No,No,No,No,No,No,No,No,No,No,No,No,No,No,No,No,No,No,No,No,No,No,No,No,No,No,No,No,No,No,No,No,No,No,No,No,No,No,No,75,67,65,1.100,9.281,15.261,9.381,0.001,4.560,0.434,175.0,175.0,175.0,175.0,0,0.0,20.8,2.9,23.4,4.5,0.0,0.0,47.3,63.2,0.0,1.7,0.0,1.2,0.0,21.4,68.6,64.5,51.5,29.1,15.4,10.0,12.1,14.3,69.9,14.6,48.9,33.7,1.3,0.0,8.9,7.4,7.2,5.7,1.6,1.0,0.0,0.0,34.3,0.0,0.0,0.8,1.0,0.0,0.0,66.8,19.4,24.2,39.9,68.0,82.9,89.7,87.6,45.3,1.7,77.7,1.0,0.5,94.9,96.2,2394.1,24.00,36,35,35,68,103,383,2,2,Yes,No,No,No,No,No,No,No,No,No,Yes,No,No,No,No,No,No,No,No,No,No,No,No,No,No,No,No,Yes,No,No,No,No,No,No,No,Yes,No,No,90.0,3840,3360,3720,57.2,1.110,1.110,1.800,1.815,1.005,5.110,0.875,No,No,No,57.5,1.110,1.110,1.800,1.815,1.005,5.110,0.750,No,No,No,45,45,94.0,100.0,No,No,32158,47984,36,70,99.0,100.0,No,No,1844,3246,100.0,7.1,100.0,21.355,10.337,93125,52232,0.0,0.0,0.0,0.000,0.000,164001,82786,71.4,78.0,76.6,83.0,0.875,20.636,20.620,20.651,61.276,30.980,38.668,23.445,62.200,3.000,26.447,30.923,32.178,100.000,140.000,2250.0,2150.2,1890.0,2236.7,1905.0,92.0,54.0,0.0,1.0,92.5,20.7,82.9,0.0,0.0,0.0,Yes,No,No,No,No,Yes,No,0,0,0,0,0,0,0,0,0,0,0,0,0,0,0,0,0,0,0,0,0,0,0,0,0,0,0,0,0,0,617,7571,7338,567,16.0,65,0.300,17.276,600.0,2394.0,0.1,0.0,0.0,0.0,0.0,0.0,0.0,0.0,0.8,127,16065,127,No,No,No,No,No,No,No,No,16.747,68.277,100.0,0.000,24.1,0,0,0,0.0,2.2,2.2,2.2,2.2,2.2,2.2,2.4,2.4,2.4,2.4,2.4,2.4,453.78,453.78,453.78,453.78,453.78,453.78,0.56,453.21,453.78,0.00,409.52,651,9,2.4,2.1,0,0,0.0,0.0,0,
9.6.2026,14:16:5.550,23952,24816,49.1,14476,17908,44.7,10.5,16384,1720,1.179,1.194,1.187,1.175,1.155,1.135,1.145,1.200,1.210,1.185,1.160,1.189,1.189,1.194,1.184,1.101,0.778,3085.3,4688.5,4688.5,4688.5,1396.6,4489.0,4489.0,1097.3,3591.2,3591.2,1097.3,1097.3,1097.3,3591.2,3591.2,99.8,4090.0,365.5,74.1,787.8,253.0,0.4,1.9,1548.1,3729.5,0.4,94.6,0.3,20.8,0.2,44.4,319.8,224.6,188.0,15.6,1.5,4.1,0.9,455.5,14.9,3.5,35.1,14.2,22.1,0.0,38.0,82.8,0.0,2.7,10.1,0.0,22.6,2.5,27.0,20.2,15.9,0.2,0.0,1.5,0.4,82.8,14.9,100.0,15.0,2.9,32.4,10.7,0.0,0.2,60.2,142.2,0.0,3.9,0.0,0.9,0.0,2.5,18.8,12.5,10.8,0.9,0.2,0.2,0.1,15.0,30.9,47.0,47.0,47.0,14.0,45.0,45.0,11.0,36.0,36.0,11.0,11.0,11.0,36.0,36.0,41.0,62,66,63,62,63,61,60,62,62,62,62,62,62,62,62,38,34,37,38,37,39,40,38,38,38,38,38,38,38,38,76,66,No,No,No,No,No,No,No,No,No,No,No,No,No,No,No,No,No,No,No,No,No,No,No,No,No,No,No,No,No,No,No,No,No,No,No,No,No,No,No,No,No,No,No,No,No,No,No,No,75,67,65,1.100,12.656,17.544,11.485,0.001,4.720,0.442,175.0,175.0,175.0,175.0,0,0.0,12.3,3.1,34.4,14.1,0.0,0.1,38.1,82.7,0.0,3.9,0.0,1.2,0.0,3.6,26.3,19.6,16.6,1.4,0.1,0.4,0.1,15.4,55.7,38.6,56.5,16.0,10.1,1.2,0.0,22.6,4.0,10.9,0.0,0.0,0.0,0.0,49.1,0.3,0.0,0.9,0.5,0.0,0.0,96.0,47.2,74.6,70.4,98.4,99.7,99.5,99.8,38.2,3.7,42.6,1.8,0.0,84.5,96.7,2394.1,24.00,36,35,35,68,103,383,2,2,Yes,No,No,No,No,No,No,No,No,No,Yes,No,No,Yes,No,No,No,No,No,No,No,Yes,No,No,No,No,No,Yes,No,No,No,No,No,No,No,Yes,No,No,91.0,3900,3300,3840,57.2,1.110,1.110,1.800,1.815,1.005,5.110,0.625,No,No,No,57.5,1.110,1.110,1.800,1.815,1.005,5.110,0.875,No,No,No,45,45,94.0,100.0,No,No,32158,47984,36,70,99.0,100.0,No,No,1844,3246,100.0,0.8,100.0,21.498,0.322,93166,52233,0.0,0.0,0.0,0.000,0.000,164001,82786,70.9,78.0,75.8,83.0,0.875,20.656,20.640,20.672,59.695,29.901,39.297,18.968,58.315,3.000,21.954,33.780,33.991,100.000,140.000,2250.0,2150.2,1890.0,2237.0,1905.0,96.0,50.0,0.0,0.0,92.5,23.2,93.0,0.0,0.0,0.0,Yes,No,No,No,No,Yes,No,0,0,0,0,0,0,0,0,0,0,0,0,0,0,0,0,0,0,0,0,0,0,0,0,0,0,0,0,0,0,617,7571,7338,567,16.0,66,0.300,16.005,600.0,2394.0,0.1,0.0,0.0,0.0,0.0,0.0,0.0,0.0,0.8,127,16065,127,No,No,No,No,No,No,No,No,16.745,68.277,100.0,0.000,24.1,0,0,0,0.0,2.2,2.2,2.2,2.2,2.2,2.2,2.4,2.4,2.4,2.4,2.4,2.4,453.78,453.78,453.78,453.78,453.78,453.78,0.56,453.21,453.78,0.00,409.52,651,9,0.1,0.1,0,0,0.0,0.0,0,
9.6.2026,14:16:7.547,23961,24807,49.1,14505,17879,44.7,10.5,16384,1720,1.191,1.204,1.199,1.174,1.185,1.170,1.171,1.186,1.206,1.196,1.211,1.211,1.211,1.171,1.176,1.101,0.778,2729.0,4688.5,4688.5,1396.6,4688.5,4489.0,4489.0,1097.3,3591.2,3591.2,1097.3,1097.3,1097.3,1097.3,1097.3,99.8,4090.0,405.7,67.3,924.9,268.5,0.3,1.6,2529.4,2770.4,0.3,71.5,0.1,27.3,0.1,96.1,542.7,396.8,278.4,86.3,46.1,5.0,0.5,498.5,15.5,2.5,31.0,12.3,0.0,0.0,56.1,59.8,0.0,3.1,14.3,1.3,0.0,9.0,47.2,34.9,25.0,8.3,4.6,0.8,0.4,59.8,15.5,100.0,17.0,2.7,37.8,10.7,0.0,0.1,97.4,106.5,0.0,3.0,0.0,1.3,0.0,5.4,31.3,21.7,15.0,4.7,2.5,0.3,0.0,17.0,27.4,47.0,47.0,14.0,47.0,45.0,45.0,11.0,36.0,36.0,11.0,11.0,11.0,11.0,11.0,41.0,63,66,68,69,63,61,60,61,61,61,61,62,62,62,62,37,34,32,31,37,39,40,39,39,39,39,38,38,38,38,75,69,No,No,No,No,No,No,No,No,No,No,No,No,No,No,No,No,No,No,No,No,No,No,No,No,No,No,No,No,No,No,No,No,No,No,No,No,No,No,No,No,No,No,No,No,No,No,No,No,75,66,65,1.100,9.281,15.209,9.330,0.001,4.555,0.434,175.0,175.0,175.0,175.0,0,0.0,14.7,2.8,30.8,13.2,0.0,0.1,56.4,60.0,0.0,2.8,0.0,0.9,0.0,8.5,46.6,35.0,24.5,7.9,4.2,0.5,0.1,14.9,62.0,30.8,40.1,36.3,4.1,2.1,2.1,27.0,3.0,0.1,0.6,0.0,0.0,0.0,45.1,0.2,0.0,0.6,0.6,0.0,0.0,88.4,20.7,59.9,74.6,91.1,95.6,99.4,99.8,40.5,1.5,52.3,0.7,1.5,91.8,95.3,2394.1,24.00,36,35,35,68,103,383,2,2,Yes,No,No,No,No,No,No,No,No,No,Yes,No,No,Yes,No,No,No,No,No,No,No,Yes,No,No,No,No,No,Yes,No,No,No,No,No,No,No,Yes,No,No,91.0,3960,3360,3900,57.2,1.110,1.110,1.800,1.815,1.005,5.110,0.625,No,No,No,57.5,1.110,1.110,1.800,1.815,1.005,5.110,0.875,No,No,No,46,46,94.0,100.0,No,No,32158,47984,36,70,99.0,100.0,No,No,1844,3246,100.0,0.1,100.0,19.634,0.053,93204,52233,0.0,0.0,0.0,0.000,0.000,164001,82786,71.0,78.0,76.1,83.0,0.875,20.630,20.615,20.645,65.467,28.185,39.873,24.634,64.578,3.000,27.624,9.479,28.107,100.000,140.000,2250.0,2150.2,1890.0,2236.0,1905.0,93.0,53.0,0.0,0.0,92.5,24.9,99.8,0.0,0.0,0.0,Yes,No,No,No,No,Yes,No,0,0,0,0,0,0,0,0,0,0,0,0,0,0,0,0,0,0,0,0,0,0,0,0,0,0,0,0,0,0,617,7571,7338,567,16.0,64,0.300,16.999,600.0,2394.0,0.1,0.0,0.0,0.0,0.0,0.0,0.0,0.0,0.8,127,16065,127,No,No,No,No,No,No,No,No,16.746,68.277,100.0,0.000,24.1,0,0,0,0.0,2.2,2.2,2.2,2.2,2.2,2.2,2.4,2.4,2.4,2.4,2.4,2.4,453.78,453.78,453.78,453.78,453.78,453.78,0.56,453.21,453.78,0.00,409.52,651,9,0.4,0.0,0,0,0.0,0.0,0,
9.6.2026,14:16:9.554,23969,24799,49.1,14548,17836,44.9,10.5,16384,1720,1.189,1.177,1.171,1.186,1.176,1.186,1.193,1.213,1.188,1.186,1.186,1.196,1.196,1.196,1.196,1.101,0.778,2878.7,1396.6,1396.6,4688.5,4688.5,4688.5,4688.5,1097.3,1097.3,1097.3,1097.3,3591.2,3591.2,3591.2,3591.2,99.8,4090.0,364.3,79.6,874.0,238.8,0.3,3.0,1201.2,4191.9,0.3,82.4,0.2,24.0,0.1,34.9,182.0,134.0,226.5,5.1,3.5,3.7,0.7,454.6,15.5,2.9,38.5,13.2,37.8,2.2,32.7,89.5,36.8,3.7,0.6,1.1,0.6,3.0,15.6,11.8,20.3,0.3,0.2,0.2,0.0,89.5,15.5,100.0,14.8,3.2,36.0,10.7,0.0,0.3,48.5,159.6,0.0,3.4,0.0,1.0,0.0,1.9,10.1,7.6,12.6,0.3,0.2,0.3,0.1,14.8,28.9,14.0,14.0,47.0,47.0,47.0,47.0,11.0,11.0,11.0,11.0,36.0,36.0,36.0,36.0,41.0,61,63,63,62,66,59,59,60,60,60,60,62,62,62,62,39,37,37,38,34,41,41,40,40,40,40,38,38,38,38,74,66,No,No,No,No,No,No,No,No,No,No,No,No,No,No,No,No,No,No,No,No,No,No,No,No,No,No,No,No,No,No,No,No,No,No,No,No,No,No,No,No,No,No,No,No,No,No,No,No,74,66,65,1.100,7.594,17.015,11.116,0.001,4.584,0.435,175.0,175.0,175.0,175.0,0,0.0,11.6,3.0,37.8,13.2,0.0,0.1,32.6,89.4,0.0,4.0,0.0,1.2,0.0,3.1,15.5,11.7,20.0,0.5,0.3,0.3,0.1,12.6,51.4,33.5,61.8,9.7,6.8,0.0,0.0,3.3,3.1,5.5,0.0,0.0,1.4,0.0,52.2,0.3,0.0,0.3,0.3,0.0,0.0,96.6,80.0,84.0,73.1,99.4,99.6,97.9,99.8,40.3,4.3,50.0,1.6,0.0,87.6,98.2,1795.6,18.00,26,26,26,51,103,287,2,2,Yes,No,No,No,No,No,No,No,No,No,Yes,No,No,Yes,No,No,No,No,No,No,No,Yes,No,No,No,No,No,Yes,No,No,No,No,No,No,No,Yes,No,No,90.0,4080,3300,3960,57.2,1.110,1.110,1.800,1.815,1.005,5.110,0.625,No,No,No,57.5,1.110,1.110,1.800,1.815,1.005,5.110,0.750,No,No,No,46,46,94.0,100.0,No,No,32158,47984,36,70,99.0,100.0,No,No,1844,3246,100.0,0.8,100.0,21.806,0.112,93245,52233,0.0,0.0,0.0,0.000,0.000,164001,82786,71.2,78.0,76.3,83.0,0.875,20.636,20.621,20.652,60.067,29.158,39.971,24.642,64.701,3.000,27.635,10.546,33.608,100.000,140.000,2250.0,2150.2,1890.0,2235.7,1905.0,89.0,58.0,0.0,1.0,92.5,25.0,100.0,0.0,0.0,0.0,Yes,No,No,No,No,Yes,No,0,0,0,0,0,0,0,0,0,0,0,0,0,0,0,0,0,0,0,0,0,0,0,0,0,0,0,0,0,0,617,7571,7338,567,16.0,64,0.300,15.991,600.0,2394.0,0.1,0.0,0.0,0.0,0.0,0.0,0.0,0.0,0.8,127,16065,127,No,No,No,No,No,No,No,No,16.746,68.277,100.0,0.000,24.1,0,0,0,0.0,3.4,7.0,2.3,2.3,2.3,2.3,3.6,6.0,2.5,2.5,2.5,2.5,290.27,437.56,142.98,140.28,440.56,440.56,0.48,289.77,290.27,0.00,335.75,651,9,4.5,1.1,0,0,0.0,0.0,0,
9.6.2026,14:16:11.546,23968,24800,49.1,14600,17783,45.0,10.5,16384,1720,1.167,1.201,1.153,1.128,1.177,1.141,1.151,1.146,1.172,1.172,1.182,1.172,1.188,1.172,1.177,1.063,0.778,2137.6,2194.6,4489.0,1396.6,4688.5,1396.6,4489.0,1097.3,1097.3,1097.3,3591.2,1097.3,1097.3,1097.3,1097.3,99.8,3890.5,376.6,70.9,845.1,194.0,0.2,2.0,1678.3,3663.3,0.2,56.5,0.1,21.0,0.1,43.2,380.9,291.9,233.9,28.1,21.5,0.5,0.5,467.6,13.3,3.6,34.9,11.3,0.0,0.0,40.8,78.7,0.0,3.5,0.0,2.0,0.0,4.3,34.0,26.4,21.8,2.2,1.7,0.0,0.5,78.7,13.3,100.0,15.6,2.9,35.0,8.3,0.0,0.2,65.5,140.0,0.0,2.4,0.0,1.0,0.0,2.4,21.7,16.6,12.9,1.6,1.2,0.0,0.0,15.6,21.4,22.0,45.0,14.0,47.0,14.0,45.0,11.0,11.0,11.0,36.0,11.0,11.0,11.0,11.0,39.0,62,63,63,64,66,58,62,61,61,61,61,62,62,62,62,38,37,37,36,34,42,38,39,39,39,39,38,38,38,38,75,66,No,No,No,No,No,No,No,No,No,No,No,No,No,No,No,No,No,No,No,No,No,No,No,No,No,No,No,No,No,No,No,No,No,No,No,No,No,No,No,No,No,No,No,No,No,No,No,No,75,66,65,1.100,5.906,15.479,9.636,0.001,4.526,0.435,175.0,175.0,175.0,175.0,0,0.0,12.9,3.1,34.0,11.1,0.0,0.1,40.6,78.5,0.0,2.4,0.0,0.8,0.0,3.7,33.2,26.0,20.9,2.5,2.0,0.0,0.0,13.8,57.8,29.2,54.8,20.3,6.8,0.4,0.0,12.5,8.9,1.5,1.0,0.0,0.0,0.0,48.5,0.1,0.0,0.6,0.2,0.0,0.0,95.8,50.6,62.1,76.4,96.1,97.9,99.8,99.8,41.0,2.1,56.1,1.2,0.0,89.2,97.6,2394.1,24.00,36,35,35,68,103,383,2,2,Yes,No,No,No,No,No,No,No,No,No,Yes,No,No,Yes,No,No,No,No,No,No,No,Yes,No,No,No,No,No,Yes,No,No,No,No,No,No,No,Yes,No,No,91.0,4140,3300,3960,57.0,1.110,1.110,1.800,1.815,1.005,5.110,0.500,No,No,No,57.2,1.110,1.110,1.800,1.815,1.005,5.110,0.750,No,No,No,46,46,94.0,100.0,No,No,32158,47984,36,70,99.0,100.0,No,No,1844,3246,100.0,0.0,100.0,22.692,0.043,93289,52233,0.0,0.0,0.0,0.000,0.000,164001,82786,70.9,76.0,76.0,83.0,0.875,20.629,20.614,20.645,61.859,31.886,41.332,24.180,65.588,3.000,27.167,30.389,31.548,100.000,140.000,2250.0,2150.2,1890.0,2235.1,1905.0,79.0,40.0,0.0,1.0,92.5,25.0,100.0,0.0,0.0,0.0,Yes,No,No,No,No,Yes,No,0,0,0,0,0,0,0,0,0,0,0,0,0,0,0,0,0,0,0,0,0,0,0,0,0,0,0,0,0,0,617,7571,7338,567,16.0,65,0.300,15.181,600.0,1795.0,0.1,0.0,0.0,0.0,0.0,0.0,0.0,0.0,0.8,127,16065,127,No,No,No,No,No,No,No,No,16.747,68.277,100.0,0.000,24.1,0,0,0,0.0,2.8,2.8,2.8,2.8,2.8,2.8,2.8,2.8,2.8,2.8,2.8,2.8,354.29,354.29,354.29,354.29,354.29,354.29,348.65,5.87,353.92,0.36,300.88,651,9,0.3,0.1,0,0,0.0,0.0,0,
9.6.2026,14:16:13.554,24240,24528,49.7,15407,16977,47.5,10.5,16384,1720,1.208,1.246,1.179,1.204,1.199,1.223,1.188,1.208,1.208,1.203,1.208,1.208,1.208,1.208,1.218,1.101,0.781,2843.0,4688.5,4688.5,4888.0,4888.0,4688.5,4688.5,1097.3,1097.3,1097.3,1097.3,1097.3,1097.3,1097.3,3591.2,99.8,4090.0,1039.4,961.6,1131.1,1071.1,907.2,1501.2,1872.0,2696.4,915.1,996.3,830.5,997.1,821.0,741.6,807.3,870.3,919.3,734.0,696.0,666.6,652.3,1127.4,37.1,26.2,30.2,30.8,59.4,40.3,43.0,63.8,58.8,27.2,60.6,25.9,21.7,31.5,36.2,41.8,46.1,28.8,25.2,23.4,21.1,63.8,37.1,100.0,45.1,37.1,44.9,42.0,34.9,58.5,72.2,104.1,35.1,38.6,31.9,38.5,31.5,41.4,44.1,48.1,50.5,39.4,37.8,35.9,35.1,45.1,28.5,47.0,47.0,49.0,49.0,47.0,47.0,11.0,11.0,11.0,11.0,11.0,11.0,11.0,36.0,41.0,65,66,65,77,62,65,62,63,63,63,63,65,65,65,65,35,34,35,23,38,35,38,37,37,37,37,35,35,35,35,77,77,No,No,No,No,No,No,No,No,No,No,No,No,No,No,No,No,No,No,No,No,No,No,No,No,No,No,No,No,No,No,Yes,Yes,Yes,Yes,Yes,Yes,Yes,Yes,Yes,Yes,Yes,Yes,Yes,Yes,Yes,No,No,Yes,81,81,66,1.100,16.031,15.813,9.949,0.001,4.541,0.434,175.0,175.0,175.0,175.0,0,0.0,31.3,26.1,33.6,30.8,23.1,37.1,45.9,63.4,23.0,27.2,21.4,25.8,21.0,30.3,35.5,40.0,44.3,28.1,24.3,22.7,21.6,12.8,32.6,26.8,25.0,26.2,15.2,5.2,8.7,7.3,8.7,7.8,3.5,4.5,4.3,3.7,36.4,2.9,3.1,6.0,1.8,4.9,5.4,57.7,54.1,47.2,44.3,67.5,69.6,71.7,73.5,28.4,20.9,33.0,3.4,2.4,49.4,61.6,2394.1,24.00,36,35,35,68,103,383,2,2,Yes,No,No,No,No,No,No,No,No,Yes,Yes,No,No,Yes,No,No,No,No,No,No,No,Yes,No,No,No,No,No,No,No,No,No,No,No,No,No,No,No,No,91.0,4140,3360,3960,57.0,1.095,1.110,1.800,1.815,1.005,5.110,3.375,No,No,No,57.2,1.110,1.110,1.800,1.815,1.005,5.110,0.875,No,No,No,46,46,94.0,100.0,No,No,32158,47984,36,70,99.0,100.0,No,No,1844,3246,100.0,0.8,100.0,23.904,0.176,93335,52233,0.0,0.0,0.0,0.000,0.000,164001,82786,61.7,70.0,68.8,83.0,0.875,20.689,20.684,20.695,22.688,9.809,9.879,8.853,18.729,3.000,11.856,8.157,8.190,100.000,140.000,2250.0,2150.2,1890.0,2243.5,1905.0,0.0,0.0,0.0,0.0,85.7,13.9,55.6,0.0,0.0,0.0,Yes,No,No,No,No,Yes,No,0,0,0,0,0,0,0,0,0,0,0,0,0,0,0,0,0,0,0,0,0,0,0,0,0,0,0,0,0,0,1169,7019,6786,567,16.0,66,0.300,20.111,600.0,2394.0,0.1,0.0,0.0,0.0,0.0,0.0,0.0,0.0,0.8,127,16065,127,No,No,No,No,No,No,No,No,16.747,68.277,100.0,0.000,24.1,0,0,0,0.0,3.7,3.7,3.7,3.7,3.7,3.7,3.4,3.4,3.4,3.4,3.4,3.4,271.60,271.60,271.60,271.60,271.60,271.60,0.25,271.36,271.15,0.45,287.93,651,9,0.0,0.0,0,0,0.0,0.0,0,
9.6.2026,14:16:15.536,24105,24663,49.4,14226,18158,43.9,10.5,16384,1720,1.193,1.207,1.186,1.176,1.176,1.209,1.194,1.194,1.195,1.190,1.195,1.195,1.189,1.189,1.204,1.101,0.783,2636.4,4688.5,4688.5,4688.5,4688.5,4688.5,4688.5,1097.3,1097.3,1097.3,1097.3,1097.3,1097.3,1097.3,1097.3,99.8,4090.0,545.4,402.2,30.8,1262.7,73.1,2285.2,117.5,3168.9,683.9,533.7,44.6,524.0,39.3,314.8,137.9,549.8,492.4,87.8,61.4,54.0,45.0,666.3,18.3,15.1,0.0,62.7,0.8,53.8,0.0,69.6,0.0,16.1,0.0,16.6,0.8,24.5,8.4,43.9,39.5,5.2,3.4,2.9,3.0,69.6,18.3,100.0,23.1,17.5,1.3,52.9,3.0,90.1,4.7,122.2,26.4,21.5,1.8,21.2,1.6,18.0,7.9,31.3,27.7,4.9,3.4,3.0,2.5,23.1,26.4,47.0,47.0,47.0,47.0,47.0,47.0,11.0,11.0,11.0,11.0,11.0,11.0,11.0,11.0,41.0,62,62,63,63,66,60,59,62,62,61,61,61,61,61,61,38,38,37,37,34,40,41,38,38,39,39,39,39,39,39,75,66,No,No,No,No,No,No,No,No,No,No,No,No,No,No,No,No,No,No,No,No,No,No,No,No,No,No,No,No,No,No,No,No,No,No,No,No,No,No,No,No,No,No,No,No,No,No,No,No,75,69,66,1.100,12.656,28.686,22.159,0.001,5.018,0.628,175.0,175.0,175.0,175.0,0,0.0,18.9,15.2,0.8,60.7,1.6,53.7,2.6,69.4,14.6,16.2,1.1,16.7,0.9,23.8,8.4,42.8,38.2,4.6,2.8,2.3,1.6,14.8,30.5,26.9,34.0,14.7,29.1,27.4,7.9,5.6,15.3,6.4,2.5,2.1,2.5,2.9,44.5,1.3,0.0,3.4,0.2,2.3,2.5,64.9,84.5,36.3,51.6,92.2,94.5,94.5,95.0,25.0,47.4,2.5,3.3,0.2,47.7,48.6,2394.1,24.00,36,35,35,68,103,383,2,2,Yes,No,No,No,No,No,No,No,No,No,Yes,No,No,Yes,No,No,No,No,No,No,No,Yes,No,No,No,No,No,Yes,No,No,No,No,No,No,No,Yes,No,No,92.0,4260,3240,3960,57.2,1.095,1.110,1.800,1.815,1.005,5.110,0.625,No,No,No,57.5,1.095,1.110,1.800,1.815,1.005,5.110,0.750,No,No,No,46,46,94.0,100.0,No,No,32158,47984,36,70,99.0,100.0,No,No,1844,3246,100.0,0.2,100.0,20.874,0.373,93375,52234,0.0,0.0,0.0,0.000,0.000,164001,82786,66.1,70.0,70.5,83.0,0.875,20.690,20.683,20.698,27.238,19.193,22.116,12.658,34.855,3.000,15.644,8.200,37.881,100.000,140.000,2250.0,2150.2,1890.0,2199.6,1905.0,28.0,9.0,0.0,2.0,93.4,18.1,72.3,0.0,0.0,0.0,Yes,No,No,No,No,Yes,No,0,0,0,0,0,0,0,0,0,0,0,0,0,0,0,0,0,0,0,0,0,0,0,0,0,0,0,0,0,0,539,7649,7416,567,16.0,66,0.300,31.874,600.0,2394.0,0.1,0.0,0.0,0.0,0.0,0.0,0.0,0.0,0.8,127,16065,127,No,No,No,No,No,No,No,No,16.747,68.277,100.0,0.000,24.1,0,0,0,0.0,3.7,3.7,3.7,3.7,3.7,3.7,3.4,3.4,3.4,3.4,3.4,3.4,271.60,271.60,271.60,271.60,271.60,271.60,0.25,271.36,271.15,0.45,287.93,651,9,0.0,0.0,0,0,0.0,0.0,0,
9.6.2026,14:16:17.542,24136,24632,49.4,14275,18108,44.0,10.5,16384,1720,1.157,1.176,1.151,1.135,1.135,1.135,1.151,1.166,1.156,1.156,1.176,1.176,1.173,1.163,1.153,1.063,0.781,2244.5,4489.0,1396.6,1396.6,4489.0,1396.6,4489.0,3591.2,1097.3,1097.3,3591.2,1097.3,1097.3,1097.3,1097.3,99.8,3890.5,367.5,72.2,0.1,955.7,0.1,1935.1,0.3,3511.9,0.3,368.5,0.2,147.1,0.1,33.0,6.5,184.5,133.2,1.2,0.4,0.4,0.5,459.3,11.2,2.5,4.5,50.6,0.0,45.3,0.0,76.0,0.0,14.7,0.0,5.1,0.0,1.6,0.0,14.2,10.1,0.0,0.0,0.0,0.0,76.0,11.2,100.0,14.6,2.8,0.0,39.3,0.0,75.2,0.0,134.3,0.0,13.7,0.0,4.9,0.0,1.8,0.4,11.0,7.8,0.1,0.0,0.0,0.0,14.6,22.5,45.0,14.0,14.0,45.0,14.0,45.0,36.0,11.0,11.0,36.0,11.0,11.0,11.0,11.0,39.0,63,62,65,73,63,64,63,62,62,62,62,61,61,62,62,37,38,35,27,37,36,37,38,38,38,38,39,39,38,38,74,73,No,No,No,No,No,No,No,No,No,No,No,No,No,No,No,No,No,No,No,No,No,No,No,No,No,No,No,No,No,No,No,No,No,No,No,No,No,No,No,No,No,No,No,No,No,No,No,No,75,67,65,1.100,8.438,23.700,17.534,0.001,4.797,0.492,175.0,175.0,175.0,175.0,0,0.0,11.3,2.5,0.0,50.7,0.0,46.1,0.0,76.2,0.0,16.0,0.0,6.4,0.0,2.5,0.5,14.1,11.4,0.1,0.0,0.0,0.0,14.0,0.0,43.3,49.7,21.6,34.0,10.4,3.5,0.0,21.6,12.1,0.0,0.0,0.0,0.0,52.1,0.0,0.1,0.5,0.5,0.1,0.0,93.4,99.4,61.2,74.6,99.8,99.9,99.9,99.8,37.7,97.1,0.0,0.4,0.1,46.8,81.8,2394.1,24.00,36,35,35,68,103,383,2,2,Yes,No,No,No,No,No,No,No,No,No,Yes,No,No,Yes,No,No,No,No,No,No,No,Yes,No,No,No,No,No,Yes,No,No,No,No,No,No,No,Yes,No,No,91.0,4260,3000,4080,57.2,1.095,1.110,1.815,1.815,1.005,5.110,0.500,No,No,No,57.5,1.095,1.110,1.800,1.815,1.005,5.110,0.625,No,No,No,46,46,94.0,100.0,No,No,32158,47984,36,70,99.0,100.0,No,No,1844,3246,100.0,0.1,100.0,23.384,0.044,93420,52234,0.0,0.0,0.0,0.000,0.000,164001,82786,64.7,74.0,70.6,83.0,0.875,20.738,20.735,20.741,59.917,11.385,13.819,9.289,23.127,3.000,12.297,9.061,9.104,100.000,140.000,2250.0,2150.2,1890.0,2235.1,1905.0,79.0,31.0,0.0,0.0,92.5,25.0,100.0,0.0,0.0,0.0,Yes,No,No,No,No,Yes,No,0,0,0,0,0,0,0,0,0,0,0,0,0,0,0,0,0,0,0,0,0,0,0,0,0,0,0,0,0,0,617,7571,7338,567,16.0,65,0.300,15.661,600.0,2394.0,0.1,0.0,0.0,0.0,0.0,0.0,0.0,0.0,0.8,127,16065,127,No,No,No,No,No,No,No,No,16.746,68.277,100.0,0.000,24.1,0,0,0,0.0,2.2,2.2,2.2,2.2,2.2,2.2,2.4,2.4,2.4,2.4,2.4,2.4,449.62,449.62,449.62,449.62,449.62,449.62,0.41,448.77,449.62,0.00,413.69,651,9,0.0,0.0,0,0,0.0,0.0,0,
9.6.2026,14:16:19.545,24008,24760,49.2,14310,18073,44.1,10.5,16384,1720,1.177,1.162,1.152,1.184,1.174,1.174,1.189,1.147,1.188,1.172,1.188,1.172,1.177,1.198,1.198,1.063,0.783,2408.4,4489.0,1396.6,4688.5,4688.5,1396.6,798.0,1097.3,1097.3,1097.3,1097.3,1097.3,3591.2,3591.2,3591.2,99.8,3890.5,412.2,208.9,0.2,903.7,0.1,1801.2,0.3,3392.8,0.3,76.6,0.1,56.1,0.2,209.2,95.4,642.2,670.5,124.6,24.1,22.4,14.7,503.6,28.5,11.6,0.0,43.7,48.0,42.0,46.7,73.8,46.7,4.6,45.8,4.2,47.4,18.1,7.8,56.9,59.9,10.5,1.5,1.3,0.5,73.8,28.5,100.0,18.0,9.9,0.0,40.0,0.0,72.5,0.0,130.5,0.0,4.9,0.0,3.8,0.0,11.7,5.2,35.4,36.5,6.7,1.3,1.2,0.8,18.0,24.1,45.0,14.0,47.0,47.0,14.0,8.0,11.0,11.0,11.0,11.0,11.0,36.0,36.0,36.0,39.0,62,62,63,62,64,61,60,61,61,61,61,62,62,62,62,38,38,37,38,36,39,40,39,39,39,39,38,38,38,38,74,64,No,No,No,No,No,No,No,No,No,No,No,No,No,No,No,No,No,No,No,No,No,No,No,No,No,No,No,No,No,No,No,No,No,No,No,No,No,No,No,No,No,No,No,No,No,No,No,No,75,65,64,1.100,21.094,15.619,9.770,0.002,4.524,0.433,175.0,175.0,175.0,175.0,0,0.0,16.7,11.6,0.0,41.1,0.0,41.2,0.0,73.4,0.0,3.4,0.0,3.0,0.0,18.5,8.4,57.1,59.6,11.2,2.2,2.0,1.2,12.3,19.3,48.8,52.9,24.4,7.9,4.7,1.3,0.0,4.7,7.2,1.0,0.0,0.0,0.0,44.2,0.0,0.0,1.0,0.6,0.0,2.8,78.7,91.0,34.0,29.4,87.2,97.7,97.8,98.6,39.2,63.9,0.1,0.7,0.0,84.7,86.0,2394.1,24.00,36,35,35,68,103,383,2,2,Yes,No,No,No,No,No,No,No,No,No,Yes,No,No,Yes,No,No,No,No,No,No,No,Yes,No,No,No,No,No,Yes,No,No,No,No,No,No,No,Yes,No,No,92.0,4260,2940,4020,57.2,1.095,1.110,1.815,1.815,1.005,5.110,0.625,No,No,No,57.5,1.095,1.110,1.815,1.815,1.005,5.110,0.750,No,No,No,46,46,94.0,100.0,No,No,32158,47984,36,70,99.0,100.0,No,No,1844,3246,100.0,0.1,100.0,21.600,0.050,93460,52234,0.0,0.0,0.0,0.000,0.000,164001,82786,69.1,76.0,74.2,83.0,0.875,20.648,20.635,20.661,63.679,24.752,34.130,21.337,55.536,3.000,24.319,9.429,25.511,100.000,140.000,2250.0,2150.2,1890.0,2234.6,1905.0,92.0,52.0,0.0,0.0,92.5,18.5,73.8,0.0,0.0,0.0,Yes,No,No,No,No,Yes,No,0,0,0,0,0,0,0,0,0,0,0,0,0,0,0,0,0,0,0,0,0,0,0,0,0,0,0,0,0,0,617,7571,7338,567,16.0,66,0.300,16.245,550.0,2394.0,0.1,0.0,0.0,0.0,0.0,0.0,0.0,0.0,0.8,127,16065,127,No,No,No,No,No,No,No,No,16.746,68.277,100.0,0.000,24.1,0,0,0,0.0,2.2,2.2,2.2,2.2,2.2,2.2,2.4,2.4,2.4,2.4,2.4,2.4,449.62,449.62,449.62,449.62,449.62,449.62,0.41,448.77,449.62,0.00,413.69,651,9,0.4,0.1,0,0,0.0,0.0,0,
9.6.2026,14:16:21.546,24007,24761,49.2,14335,18048,44.2,10.5,16384,1720,1.180,1.172,1.169,1.179,1.172,1.172,1.148,1.203,1.213,1.213,1.173,1.173,1.173,1.173,1.191,1.063,0.783,2137.6,4489.0,1396.6,4688.5,1396.6,4688.5,4489.0,1097.3,1097.3,1097.3,1097.3,1097.3,1097.3,1097.3,1097.3,99.8,3890.5,350.4,76.6,0.2,702.2,1.7,1583.2,0.3,3491.9,0.3,262.8,0.2,103.5,0.2,77.0,63.1,346.7,256.5,17.0,8.8,1.8,14.7,435.4,14.1,4.4,9.0,32.9,0.0,40.5,9.0,75.6,10.2,12.7,12.1,3.1,0.0,7.0,6.1,31.4,22.5,2.0,1.3,0.6,1.8,75.6,14.1,100.0,14.4,3.1,0.0,29.1,0.1,61.5,0.0,133.5,0.0,10.8,0.0,4.3,0.0,4.4,3.5,20.0,14.7,1.0,0.5,0.1,0.9,14.4,21.4,45.0,14.0,47.0,14.0,47.0,45.0,11.0,11.0,11.0,11.0,11.0,11.0,11.0,11.0,39.0,61,61,63,62,62,61,56,61,61,61,61,61,61,61,61,39,39,37,38,38,39,44,39,39,39,39,39,39,39,39,74,63,No,No,No,No,No,No,No,No,No,No,No,No,No,No,No,No,No,No,No,No,No,No,No,No,No,No,No,No,No,No,No,No,No,No,No,No,No,No,No,No,No,No,No,No,No,No,No,No,74,68,65,1.100,18.563,16.238,10.309,0.001,4.605,0.439,175.0,175.0,175.0,175.0,0,0.0,11.9,3.9,0.0,32.0,0.1,40.4,0.0,75.4,0.0,12.5,0.0,4.2,0.0,6.5,5.6,30.7,21.9,1.6,0.8,0.2,1.3,15.0,3.4,59.8,50.8,22.4,26.6,7.3,1.3,0.3,20.9,14.7,0.6,0.0,0.0,1.4,48.9,0.0,0.0,1.3,0.5,0.0,0.0,91.2,93.7,44.0,60.6,97.5,99.0,99.7,97.0,40.5,91.5,3.4,4.5,0.5,56.6,86.5,2394.1,24.00,36,35,35,68,103,383,2,2,Yes,No,No,No,No,No,No,No,No,No,Yes,No,No,Yes,No,No,No,No,No,No,No,Yes,No,No,No,No,No,Yes,No,No,No,No,No,No,No,Yes,No,No,92.0,4020,3060,3900,57.2,1.095,1.110,1.815,1.815,0.990,5.110,0.625,No,No,No,57.5,1.095,1.110,1.815,1.815,1.005,5.110,0.625,No,No,No,46,46,94.0,100.0,No,No,32158,47984,36,70,99.0,100.0,No,No,1844,3246,100.0,0.3,100.0,20.874,0.135,93500,52235,0.0,0.0,0.0,0.000,0.000,164001,82786,70.4,76.0,75.2,83.0,0.875,20.636,20.621,20.652,62.468,28.023,39.207,22.518,61.791,3.000,25.508,13.881,30.259,100.000,140.000,2250.0,2150.2,1890.0,2236.8,1905.0,87.0,43.0,0.0,0.0,92.5,24.8,99.2,0.0,0.0,0.0,Yes,No,No,No,No,Yes,No,0,0,0,0,0,0,0,0,0,0,0,0,0,0,0,0,0,0,0,0,0,0,0,0,0,0,0,0,0,0,617,7571,7338,567,16.0,64,0.300,14.732,600.0,2394.0,0.1,0.0,0.0,0.0,0.0,0.0,0.0,0.0,0.8,127,16065,127,No,No,No,No,No,No,No,No,16.746,68.277,100.0,0.000,24.1,0,0,0,0.0,2.2,2.2,2.2,2.2,2.2,2.2,2.4,2.4,2.4,2.4,2.4,2.4,449.62,449.62,449.62,449.62,449.62,449.62,0.41,448.77,449.62,0.00,413.69,651,9,0.4,0.2,0,0,0.0,0.0,0,
9.6.2026,14:16:23.554,24003,24765,49.2,14411,17973,44.4,10.5,16384,1720,1.197,1.216,1.183,1.188,1.173,1.211,1.206,1.191,1.185,1.185,1.190,1.199,1.194,1.219,1.219,1.101,0.781,2622.2,4489.0,4688.5,4688.5,4688.5,4688.5,4688.5,1097.3,1097.3,1097.3,1097.3,1097.3,1097.3,1097.3,1097.3,99.8,4090.0,390.8,88.9,0.1,941.0,0.1,2346.4,0.3,2833.3,0.3,356.3,0.2,92.0,0.1,133.4,98.7,514.7,325.4,59.2,22.4,2.5,0.5,483.2,14.4,2.9,0.0,35.8,0.0,54.6,0.0,62.8,0.0,18.6,0.0,4.5,0.0,13.0,9.8,46.1,30.0,5.8,2.4,0.6,0.4,62.8,14.4,100.0,16.3,3.5,0.0,38.5,0.0,91.0,0.0,108.7,0.0,14.4,0.0,3.8,0.0,7.5,5.7,29.0,18.3,3.2,1.2,0.2,0.1,16.3,26.3,45.0,47.0,47.0,47.0,47.0,47.0,11.0,11.0,11.0,11.0,11.0,11.0,11.0,11.0,41.0,62,63,61,68,58,61,60,62,62,62,62,61,61,61,61,38,37,39,32,42,39,40,38,38,38,38,39,39,39,39,75,68,No,No,No,No,No,No,No,No,No,No,No,No,No,No,No,No,No,No,No,No,No,No,No,No,No,No,No,No,No,No,No,No,No,No,No,No,No,No,No,No,No,No,No,No,No,No,No,No,75,68,66,1.100,8.438,14.228,8.380,0.001,4.529,0.432,175.0,175.0,175.0,175.0,0,0.0,14.0,3.3,0.0,35.3,0.0,54.8,0.0,62.9,0.0,19.1,0.0,4.2,0.0,11.7,8.6,44.3,28.8,5.4,2.0,0.2,0.1,13.5,1.8,59.6,41.0,34.6,21.9,3.2,0.6,3.2,11.7,10.8,0.0,0.0,0.0,0.0,47.7,0.0,0.2,0.6,0.5,2.5,1.6,86.4,87.0,40.1,57.6,94.3,97.7,99.6,99.8,39.8,94.0,0.7,1.0,0.4,53.2,89.3,2394.1,24.00,36,35,35,68,103,383,2,2,Yes,No,No,No,No,No,No,No,No,No,Yes,No,No,Yes,No,No,No,No,No,No,No,Yes,No,No,No,No,No,Yes,No,No,No,No,No,No,No,Yes,No,No,92.0,3900,3180,3780,57.2,1.095,1.110,1.815,1.815,0.990,5.110,0.625,No,No,No,57.5,1.095,1.110,1.815,1.815,0.990,5.110,0.875,No,No,No,47,47,94.0,100.0,No,No,32158,47984,36,70,99.0,100.0,No,No,1844,3246,100.0,0.2,100.0,24.138,0.075,93547,52235,0.0,0.0,0.0,0.000,0.000,164001,82786,70.6,78.0,75.8,83.0,0.875,20.644,20.630,20.657,65.331,29.572,35.015,22.116,57.221,3.000,25.098,37.359,27.196,100.000,140.000,2250.0,2150.2,1890.0,2234.9,1905.0,88.0,50.0,0.0,1.0,92.5,24.3,97.1,0.0,0.0,0.0,Yes,No,No,No,No,Yes,No,0,0,0,0,0,0,0,0,0,0,0,0,0,0,0,0,0,0,0,0,0,0,0,0,0,0,0,0,0,0,617,7571,7338,567,16.0,66,0.300,16.228,600.0,2394.0,0.1,0.0,0.0,0.0,0.0,0.0,0.0,0.0,0.8,127,16065,127,No,No,No,No,No,No,No,No,16.746,68.277,100.0,0.000,24.1,0,0,0,0.0,2.2,2.2,2.2,2.2,2.2,2.2,2.4,2.4,2.4,2.4,2.4,2.4,449.62,449.62,449.62,449.62,449.62,449.62,0.41,448.77,449.62,0.00,413.69,651,9,0.2,0.1,0,0,0.0,0.0,0,
9.6.2026,14:16:25.545,24008,24759,49.2,14428,17956,44.5,10.5,16384,1720,1.182,1.188,1.184,1.164,1.164,1.169,1.194,1.179,1.204,1.174,1.204,1.167,1.207,1.167,1.177,1.101,0.783,2109.1,1396.6,2194.6,4688.5,4688.5,1396.6,1396.6,1097.3,1097.3,3591.2,1097.3,1097.3,1097.3,1097.3,3591.2,99.8,4090.0,381.1,69.3,0.2,833.1,0.2,2373.2,0.4,2820.1,0.4,161.4,0.3,69.9,0.2,142.6,72.9,519.1,517.3,30.2,7.9,2.2,0.9,473.8,20.4,3.6,37.3,32.0,28.2,52.8,23.1,60.7,18.2,6.6,21.2,3.2,3.4,12.4,6.3,46.2,47.0,3.0,1.1,0.6,0.5,60.7,20.4,100.0,16.0,2.7,0.0,34.4,0.0,91.8,0.0,108.2,0.0,7.0,0.0,3.1,0.0,7.9,4.1,29.8,28.7,1.7,0.5,0.1,0.1,16.0,21.1,14.0,22.0,47.0,47.0,14.0,14.0,11.0,11.0,36.0,11.0,11.0,11.0,11.0,36.0,41.0,61,61,63,62,64,59,59,61,61,61,61,61,61,61,61,39,39,37,38,36,41,41,39,39,39,39,39,39,39,39,75,64,No,No,No,No,No,No,No,No,No,No,No,No,No,No,No,No,No,No,No,No,No,No,No,No,No,No,No,No,No,No,No,No,No,No,No,No,No,No,No,No,No,No,No,No,No,No,No,No,75,66,64,1.100,16.031,16.333,10.444,0.001,4.566,0.436,175.0,175.0,175.0,175.0,0,0.0,13.6,3.2,0.0,31.0,0.0,52.7,0.0,60.6,0.0,7.1,0.0,2.9,0.0,12.6,6.5,45.4,46.1,2.6,0.7,0.2,0.1,13.4,1.1,61.6,42.9,34.6,21.9,6.8,0.0,0.3,16.0,3.1,0.0,0.0,0.0,0.0,47.0,0.0,0.1,1.2,1.8,0.0,0.0,86.3,92.6,33.0,47.5,97.1,99.1,99.7,99.8,42.6,95.1,3.1,1.1,1.2,67.1,88.0,2394.1,24.00,36,35,35,68,103,383,2,2,Yes,No,No,No,No,No,No,No,No,No,Yes,No,No,Yes,No,No,No,No,No,No,No,Yes,No,No,No,No,No,Yes,No,No,No,No,No,No,No,Yes,No,No,91.0,3900,3180,3780,57.2,1.095,1.110,1.815,1.815,0.990,5.110,0.625,No,No,No,57.5,1.110,1.110,1.815,1.815,0.990,5.110,0.500,No,No,No,46,46,94.0,100.0,No,No,32158,47984,36,70,99.0,100.0,No,No,1844,3246,100.0,0.2,100.0,22.859,0.197,93590,52235,0.0,0.0,0.0,0.000,0.000,164001,82786,71.0,76.0,76.2,83.0,0.875,20.631,20.615,20.646,61.294,33.249,39.799,24.697,64.581,3.000,27.691,43.025,29.949,100.000,140.000,2250.0,2150.2,1890.0,2233.1,1905.0,95.0,69.0,0.0,0.0,92.5,25.0,100.0,0.0,0.0,0.0,Yes,No,No,No,No,Yes,No,0,0,0,0,0,0,0,0,0,0,0,0,0,0,0,0,0,0,0,0,0,0,0,0,0,0,0,0,0,0,617,7571,7338,567,16.0,66,0.300,15.937,600.0,2394.0,0.1,0.0,0.0,0.0,0.0,0.0,0.0,0.0,0.8,127,16065,127,No,No,No,No,No,No,No,No,16.747,68.277,100.0,0.000,24.1,0,0,0,0.0,2.2,2.2,2.2,2.2,2.2,2.2,2.4,2.4,2.4,2.4,2.4,2.4,449.62,449.62,449.62,449.62,449.62,449.62,0.41,448.77,449.62,0.00,413.69,651,9,0.0,0.3,0,0,0.0,0.0,0,
9.6.2026,14:16:27.553,24013,24755,49.2,14426,17958,44.5,10.5,16384,1720,1.201,1.218,1.201,1.181,1.181,1.186,1.196,1.221,1.206,1.202,1.202,1.202,1.202,1.202,1.211,1.101,0.781,2401.3,4688.5,4688.5,4688.5,4688.5,1396.6,4688.5,1097.3,1097.3,1097.3,1097.3,1097.3,1097.3,1097.3,1097.3,99.8,4090.0,392.5,90.0,1.3,835.4,0.1,3701.6,0.2,1341.9,0.2,111.3,0.1,37.7,0.1,207.8,129.1,574.3,669.6,104.0,29.2,7.4,9.6,481.3,14.7,4.0,0.0,24.0,0.0,78.6,0.0,29.8,0.0,4.1,0.0,1.2,0.0,18.1,10.8,52.4,60.6,8.7,1.7,0.0,0.0,78.6,14.7,100.0,16.8,3.9,0.1,34.6,0.0,141.2,0.0,52.5,0.0,4.8,0.0,1.8,0.0,11.8,7.0,32.2,36.6,6.1,1.6,0.4,0.5,16.8,24.1,47.0,47.0,47.0,47.0,14.0,47.0,11.0,11.0,11.0,11.0,11.0,11.0,11.0,11.0,41.0,62,61,63,63,66,61,59,61,61,61,61,61,61,61,61,38,39,37,37,34,39,41,39,39,39,39,39,39,39,39,74,66,No,No,No,No,No,No,No,No,No,No,No,No,No,No,No,No,No,No,No,No,No,No,No,No,No,No,No,No,No,No,No,No,No,No,No,No,No,No,No,No,No,No,No,No,No,No,No,No,74,66,64,1.100,10.125,15.274,9.414,0.001,4.537,0.433,175.0,175.0,175.0,175.0,0,0.0,14.8,4.2,0.1,23.7,0.0,78.5,0.0,30.2,0.0,4.4,0.0,1.4,0.0,18.5,11.5,51.0,59.5,9.5,2.7,0.7,0.9,15.5,15.8,71.6,19.3,65.0,14.4,2.5,6.2,0.0,11.0,1.4,9.3,0.8,0.0,0.0,43.3,0.0,0.0,0.4,1.2,0.0,0.0,73.1,87.9,33.3,36.2,79.6,96.1,99.2,99.0,42.3,78.6,1.2,0.9,1.2,77.9,93.9,997.6,10.00,22,15,15,28,103,160,2,2,Yes,No,No,No,No,No,No,No,No,No,Yes,No,No,Yes,No,No,No,No,No,No,No,Yes,No,No,No,No,No,Yes,No,No,No,No,No,No,No,Yes,No,No,91.0,3840,3120,3720,57.2,1.095,1.110,1.815,1.815,0.990,5.110,0.750,No,No,No,57.5,1.095,1.110,1.815,1.815,0.990,5.110,0.625,No,No,No,47,47,94.0,100.0,No,No,32158,47984,36,70,99.0,100.0,No,No,1844,3246,100.0,0.1,100.0,22.354,0.049,93633,52235,0.0,0.0,0.0,0.000,0.000,164001,82786,70.5,78.0,76.0,83.0,0.875,20.629,20.615,20.644,62.692,31.455,38.885,24.821,63.768,3.000,27.807,29.806,32.102,100.000,140.000,2250.0,2150.2,1890.0,2234.8,1905.0,95.0,64.0,0.0,0.0,92.5,24.9,99.7,0.0,0.0,0.0,Yes,No,No,No,No,Yes,No,0,0,0,0,0,0,0,0,0,0,0,0,0,0,0,0,0,0,0,0,0,0,0,0,0,0,0,0,0,0,617,7571,7338,567,16.0,65,0.300,15.156,600.0,2394.0,0.1,0.0,0.0,0.0,0.0,0.0,0.0,0.0,0.8,127,16065,127,No,No,No,No,No,No,No,No,16.747,68.277,100.0,0.000,24.1,0,0,0,0.0,2.3,2.3,2.3,2.3,2.3,2.3,2.4,2.4,2.4,2.4,2.4,2.4,438.93,438.93,438.93,438.93,438.93,438.93,0.34,438.22,438.93,0.00,143.96,651,9,0.0,0.0,0,0,0.0,0.0,0,
9.6.2026,14:16:29.542,24009,24759,49.2,14427,17957,44.5,10.5,16384,1720,1.188,1.214,1.209,1.197,1.152,1.157,1.187,1.177,1.222,1.168,1.183,1.183,1.193,1.198,1.193,1.063,0.781,2372.8,4688.5,4688.5,4688.5,4489.0,4489.0,1396.6,1097.3,1097.3,1097.3,1097.3,1097.3,1097.3,1097.3,1097.3,99.8,3890.5,367.2,86.6,0.2,807.0,0.1,1599.4,0.3,3554.3,0.3,144.6,0.2,26.5,0.1,199.9,123.7,445.3,247.5,72.8,24.1,4.0,6.1,452.3,26.6,3.7,36.5,31.6,43.0,37.3,44.3,76.0,45.2,8.5,48.3,0.9,49.7,19.0,12.0,39.1,23.7,8.0,2.8,1.0,1.2,76.0,26.6,100.0,15.3,3.7,0.0,33.5,0.0,62.2,0.0,135.9,0.0,6.1,0.0,1.3,0.0,11.0,6.9,25.5,13.6,4.3,1.3,0.2,0.4,15.3,23.8,47.0,47.0,47.0,45.0,45.0,14.0,11.0,11.0,11.0,11.0,11.0,11.0,11.0,11.0,39.0,62,63,63,63,66,61,57,61,61,61,61,61,61,61,62,38,37,37,37,34,39,43,39,39,39,39,39,39,39,38,75,66,No,No,No,No,No,No,No,No,No,No,No,No,No,No,No,No,No,No,No,No,No,No,No,No,No,No,No,No,No,No,No,No,No,No,No,No,No,No,No,No,No,No,No,No,No,No,No,No,75,64,66,1.100,11.813,16.069,10.256,0.001,4.499,0.431,175.0,175.0,175.0,175.0,0,0.0,12.8,3.8,0.0,31.2,0.0,37.6,0.0,76.0,0.0,8.1,0.0,1.1,0.0,17.5,11.2,38.4,22.3,6.6,2.2,0.4,0.6,15.3,11.6,64.5,56.1,22.6,25.2,0.0,1.2,1.6,21.1,4.4,5.5,0.0,0.0,0.0,47.2,0.0,0.0,1.4,0.3,1.4,0.0,80.2,86.3,36.5,71.8,86.7,97.6,99.5,99.3,41.0,83.7,0.0,2.2,0.0,62.5,97.3,2394.1,24.00,36,35,35,68,103,383,2,2,Yes,No,No,No,No,No,No,No,No,No,Yes,No,No,Yes,No,No,No,No,No,No,No,Yes,No,No,No,No,No,Yes,No,No,No,No,No,No,No,Yes,No,No,91.0,3900,3180,3780,57.2,1.095,1.110,1.800,1.815,0.990,5.110,0.875,No,No,No,57.5,1.095,1.110,1.800,1.815,0.990,5.110,0.750,No,No,No,47,47,94.0,100.0,No,No,32158,47984,36,70,99.0,100.0,No,No,1844,3246,100.0,1.1,100.0,20.986,0.061,93673,52235,0.0,0.0,0.0,0.000,0.000,164001,82786,69.9,76.0,74.8,83.0,0.875,20.663,20.653,20.673,64.239,27.623,32.172,18.381,50.629,3.000,21.364,35.720,32.097,100.000,140.000,2250.0,2150.2,1890.0,2234.4,1905.0,85.0,30.0,0.0,0.0,92.5,25.0,100.0,0.0,0.0,0.0,Yes,No,No,No,No,Yes,No,0,0,0,0,0,0,0,0,0,0,0,0,0,0,0,0,0,0,0,0,0,0,0,0,0,0,0,0,0,0,617,7571,7338,567,16.0,66,0.300,15.254,600.0,997.0,0.1,0.0,0.0,0.0,0.0,0.0,0.0,0.0,0.8,127,16065,127,No,No,No,No,No,No,No,No,16.746,68.277,100.0,0.000,24.1,0,0,0,0.0,2.3,2.3,2.3,2.3,2.3,2.3,2.4,2.4,2.4,2.4,2.4,2.4,438.93,438.93,438.93,438.93,438.93,438.93,0.34,438.22,438.93,0.00,143.96,651,9,0.4,0.1,0,0,0.0,0.0,0,
9.6.2026,14:16:31.547,24017,24751,49.2,14486,17898,44.7,10.5,16384,1720,1.178,1.199,1.183,1.168,1.183,1.188,1.186,1.171,1.171,1.171,1.175,1.170,1.170,1.170,1.188,1.101,0.783,1874.0,1396.6,1396.6,4688.5,4688.5,1396.6,1396.6,1097.3,1097.3,1097.3,3591.2,1097.3,1097.3,1097.3,1097.3,99.8,4090.0,394.0,107.0,0.2,868.1,0.1,2513.9,0.4,2604.0,0.3,205.4,0.2,90.0,0.3,247.8,77.9,569.9,455.1,86.4,32.8,15.0,6.0,483.8,15.0,5.6,0.0,30.6,0.0,56.9,0.0,57.5,0.0,8.6,0.0,4.6,0.0,22.2,7.3,52.3,41.6,7.6,3.4,1.7,1.0,57.5,15.0,100.0,16.7,4.4,0.0,36.0,0.0,96.9,0.0,100.2,0.0,8.7,0.0,3.9,0.0,13.8,4.3,32.0,25.4,4.9,1.8,0.8,0.3,16.7,18.8,14.0,14.0,47.0,47.0,14.0,14.0,11.0,11.0,11.0,36.0,11.0,11.0,11.0,11.0,41.0,61,62,63,62,66,61,57,60,60,60,60,61,61,61,61,39,38,37,38,34,39,43,40,40,40,40,39,39,39,39,74,66,No,No,No,No,No,No,No,No,No,No,No,No,No,No,No,No,No,No,No,No,No,No,No,No,No,No,No,No,No,No,No,No,No,No,No,No,No,No,No,No,No,No,No,No,No,No,No,No,75,66,66,1.100,4.219,15.919,10.077,0.001,4.524,0.431,175.0,175.0,175.0,175.0,0,0.0,14.8,5.2,0.0,29.6,0.0,56.7,0.0,57.3,0.0,9.0,0.0,4.3,0.0,21.9,6.8,51.0,40.6,7.8,3.0,1.3,0.5,14.5,8.6,66.1,39.6,39.2,17.1,7.9,2.2,0.0,7.0,12.0,3.8,0.0,0.0,0.0,45.2,0.0,0.0,1.1,1.2,0.0,0.0,74.1,92.6,37.3,44.1,87.7,96.8,98.5,99.3,40.1,84.7,0.3,0.6,0.4,69.9,84.8,2394.1,24.00,36,35,35,68,103,383,2,2,Yes,No,No,No,No,No,No,No,No,No,Yes,No,No,Yes,No,No,No,No,No,No,No,Yes,No,No,No,No,No,Yes,No,No,No,No,No,No,No,Yes,No,No,91.0,3900,3180,3780,57.0,1.095,1.110,1.800,1.815,0.990,5.110,0.500,No,No,No,57.2,1.095,1.110,1.800,1.815,0.990,5.110,0.750,No,No,No,47,47,94.0,100.0,No,No,32158,47984,36,70,99.0,100.0,No,No,1844,3246,100.0,0.7,100.0,21.711,0.472,93714,52236,0.0,0.0,0.0,0.000,0.000,164001,82786,71.3,78.0,76.4,83.0,0.875,20.637,20.622,20.651,60.575,33.754,39.120,23.654,62.862,3.000,26.652,48.651,32.339,100.000,140.000,2250.0,2150.2,1890.0,2236.8,1905.0,91.0,54.0,0.0,1.0,92.5,22.2,89.0,0.0,0.0,0.0,Yes,No,No,No,No,Yes,No,0,0,0,0,0,0,0,0,0,0,0,0,0,0,0,0,0,0,0,0,0,0,0,0,0,0,0,0,0,0,617,7571,7338,567,16.0,64,0.300,17.597,550.0,2394.0,0.1,0.0,0.0,0.0,0.0,0.0,0.0,0.0,0.8,127,16065,127,No,No,No,No,No,No,No,No,16.746,68.277,100.0,0.000,24.1,0,0,0,0.0,2.2,2.2,2.2,2.2,2.2,2.2,2.3,2.3,2.3,2.3,2.3,2.3,462.67,462.67,462.67,462.67,462.67,462.67,0.77,462.22,462.67,0.00,111.94,651,9,0.1,0.0,0,0,0.0,0.0,0,
9.6.2026,14:16:33.535,24013,24755,49.2,14505,17879,44.7,10.5,16384,1720,1.082,1.202,1.225,1.184,1.209,1.184,1.189,1.214,1.214,1.214,1.210,0.777,0.777,0.777,0.777,1.063,0.778,2636.4,4489.0,4688.5,4688.5,4888.0,4688.5,4688.5,1097.3,1097.3,1097.3,1097.3,1097.3,1097.3,1097.3,1097.3,99.8,3890.5,352.3,70.5,0.1,773.4,0.2,1927.2,0.3,3265.6,0.3,196.8,0.2,51.3,0.1,86.5,38.5,277.9,328.3,7.3,19.8,0.4,0.5,438.6,18.4,3.0,20.8,31.5,19.8,45.0,34.2,71.5,29.5,9.1,36.5,0.8,0.0,6.8,3.1,25.0,29.5,0.4,1.5,0.0,0.0,71.5,18.4,100.0,14.4,2.8,0.0,32.4,0.0,75.3,0.0,125.1,0.0,8.1,0.0,2.2,0.0,4.9,2.1,15.9,17.9,0.4,1.1,0.0,0.0,14.4,26.4,45.0,47.0,47.0,49.0,47.0,47.0,11.0,11.0,11.0,11.0,11.0,11.0,11.0,11.0,39.0,62,62,65,63,67,61,59,61,61,61,61,61,61,61,61,38,38,35,37,33,39,41,39,39,39,39,39,39,39,39,74,67,No,No,No,No,No,No,No,No,No,No,No,No,No,No,No,No,No,No,No,No,No,No,No,No,No,No,No,No,No,No,No,No,No,No,No,No,No,No,No,No,No,No,No,No,No,No,No,No,75,68,64,1.100,6.750,16.461,10.532,0.001,4.606,0.436,175.0,175.0,175.0,175.0,0,0.0,11.5,3.3,0.0,31.3,0.0,45.2,0.0,71.4,0.0,8.8,0.0,1.9,0.0,7.7,3.4,24.8,29.3,0.7,1.8,0.0,0.0,13.1,1.9,61.4,48.9,25.6,22.6,2.3,2.7,0.7,14.6,2.9,0.0,0.0,0.0,0.0,50.5,0.0,0.0,1.3,0.9,0.0,0.0,88.9,95.6,57.6,66.4,99.2,98.1,99.8,99.8,43.1,94.2,2.3,1.5,0.7,65.7,94.1,997.6,10.00,22,15,15,28,103,160,2,2,Yes,No,No,No,No,No,No,No,No,No,Yes,No,No,Yes,No,No,No,No,No,No,No,Yes,No,No,No,No,No,Yes,No,No,No,No,No,No,No,Yes,No,No,92.0,3900,3300,3720,57.0,1.095,1.110,1.800,1.815,1.005,5.110,0.750,No,No,No,57.2,1.095,1.110,1.800,1.815,1.005,5.110,0.750,No,No,No,47,47,94.0,100.0,No,No,32158,47984,36,70,99.0,100.0,No,No,1844,3246,100.0,0.0,100.0,22.366,0.049,93758,52236,0.0,0.0,0.0,0.000,0.000,164001,82786,71.0,78.0,76.3,83.0,0.875,20.649,20.634,20.664,60.105,31.050,40.366,20.985,61.413,3.000,23.970,33.349,34.265,100.000,140.000,2250.0,2150.2,1890.0,2237.3,1905.0,95.0,51.0,0.0,0.0,92.5,21.7,86.7,0.0,0.0,0.0,Yes,No,No,No,No,Yes,No,0,0,0,0,0,0,0,0,0,0,0,0,0,0,0,0,0,0,0,0,0,0,0,0,0,0,0,0,0,0,617,7571,7338,567,16.0,64,0.300,15.267,600.0,2394.0,0.1,0.0,0.0,0.0,0.0,0.0,0.0,0.0,0.8,127,16065,127,No,No,No,No,No,No,No,No,16.745,68.277,100.0,0.000,24.1,0,0,0,0.0,2.2,2.2,2.2,2.2,2.2,2.2,2.3,2.3,2.3,2.3,2.3,2.3,462.67,462.67,462.67,462.67,462.67,462.67,0.77,462.22,462.67,0.00,111.94,651,9,0.3,0.2,0,0,0.0,0.0,0,
9.6.2026,14:16:35.539,24007,24761,49.2,14520,17864,44.8,10.5,16384,1720,1.197,1.185,1.179,1.179,1.204,1.187,1.202,1.187,1.198,1.183,1.208,1.208,1.208,1.230,1.200,1.101,0.778,3249.2,4688.5,1396.6,4688.5,4888.0,1396.6,4688.5,1097.3,3591.2,1097.3,3591.2,3591.2,3591.2,3591.2,3591.2,99.8,4090.0,336.1,69.1,0.2,691.1,0.2,1792.8,0.4,3547.3,0.5,284.2,0.3,69.5,0.3,10.8,0.8,163.4,89.5,0.6,0.6,0.6,0.8,420.0,16.7,2.6,35.8,36.0,31.0,43.3,15.5,79.4,21.7,11.5,8.9,3.2,22.6,1.4,0.0,13.3,6.8,0.0,0.0,0.0,0.0,79.4,16.7,100.0,13.4,2.7,0.0,29.2,0.0,70.1,0.0,136.2,0.0,11.6,0.0,2.9,0.0,0.7,0.1,10.1,5.1,0.1,0.1,0.1,0.1,13.4,32.6,47.0,14.0,47.0,49.0,14.0,47.0,11.0,36.0,11.0,36.0,36.0,36.0,36.0,36.0,41.0,61,62,65,65,63,59,60,61,61,60,60,61,61,61,61,39,38,35,35,37,41,40,39,39,40,40,39,39,39,39,74,65,No,No,No,No,No,No,No,No,No,No,No,No,No,No,No,No,No,No,No,No,No,No,No,No,No,No,No,No,No,No,No,No,No,No,No,No,No,No,No,No,No,No,No,No,No,No,No,No,74,66,66,1.100,4.219,14.882,9.073,0.001,4.489,0.431,175.0,175.0,175.0,175.0,0,0.0,10.0,2.9,0.0,35.8,0.0,43.7,0.0,79.0,0.0,12.7,0.0,2.9,0.0,0.9,0.1,13.6,7.5,0.0,0.0,0.0,0.1,13.4,0.0,56.4,50.0,18.8,29.0,7.8,0.9,0.0,22.5,1.9,0.0,0.0,0.0,0.0,53.6,0.0,0.0,2.2,0.7,0.0,0.0,97.8,99.8,60.8,89.9,99.8,99.8,99.8,99.8,40.6,96.8,2.1,0.9,0.0,55.7,88.3,2194.6,22.00,32,32,32,62,103,351,2,2,Yes,No,No,No,No,No,No,No,No,No,Yes,No,No,Yes,No,No,No,No,No,No,No,Yes,No,No,No,No,No,Yes,No,No,No,No,No,No,No,Yes,No,No,92.0,3900,3240,3780,57.0,1.095,1.110,1.800,1.815,1.005,5.110,1.000,No,No,No,57.2,1.095,1.110,1.800,1.815,1.005,5.110,0.625,No,No,No,47,47,94.0,100.0,No,No,32158,47984,36,70,99.0,100.0,No,No,1844,3246,100.0,0.6,100.0,22.814,0.154,93801,52237,0.0,0.0,0.0,0.000,0.000,164001,82786,71.1,78.0,76.1,83.0,0.875,20.634,20.619,20.648,63.389,32.293,41.802,23.176,65.062,3.000,26.173,30.962,35.873,100.000,140.000,2250.0,2150.2,1890.0,2237.0,1905.0,89.0,53.0,0.0,0.0,92.5,25.0,99.9,0.0,0.0,0.0,Yes,No,No,No,No,Yes,No,0,0,0,0,0,0,0,0,0,0,0,0,0,0,0,0,0,0,0,0,0,0,0,0,0,0,0,0,0,0,617,7571,7338,567,16.0,65,0.300,13.745,600.0,997.0,0.1,0.0,0.0,0.0,0.0,0.0,0.0,0.0,0.8,127,16065,127,No,No,No,No,No,No,No,No,16.747,68.277,100.0,0.000,24.1,0,0,0,0.0,2.2,2.2,2.2,2.2,2.2,2.2,2.3,2.3,2.3,2.3,2.3,2.3,462.67,462.67,462.67,462.67,462.67,462.67,0.77,462.22,462.67,0.00,111.94,651,9,0.1,0.0,0,0,0.0,0.0,0,
9.6.2026,14:16:37.538,24018,24750,49.2,14565,17818,44.9,10.5,16384,1720,1.202,1.207,1.185,1.215,1.175,1.172,1.172,1.199,1.199,1.209,1.214,1.214,1.216,1.216,1.231,1.101,0.781,1945.2,4688.5,1396.6,4888.0,4688.5,1396.6,1396.6,1097.3,1097.3,1097.3,1097.3,1097.3,1097.3,1097.3,1097.3,99.8,4090.0,356.8,81.3,0.1,842.1,0.1,1582.2,0.3,3635.4,0.2,199.7,0.2,33.0,0.1,61.5,80.5,295.6,277.5,32.0,2.7,10.7,0.6,443.1,11.8,3.4,0.0,38.7,1.5,37.2,0.0,77.8,0.0,8.1,0.0,1.4,0.0,5.5,7.3,26.8,25.1,2.9,0.2,0.8,0.1,77.8,11.8,100.0,14.7,3.2,0.0,35.0,0.0,62.1,0.0,139.0,0.0,8.3,0.0,1.5,0.0,3.5,4.8,17.6,15.4,1.8,0.2,0.6,0.1,14.7,19.5,47.0,14.0,49.0,47.0,14.0,14.0,11.0,11.0,11.0,11.0,11.0,11.0,11.0,11.0,41.0,61,62,62,63,63,61,59,61,61,61,61,61,61,61,61,39,38,38,37,37,39,41,39,39,39,39,39,39,39,39,74,63,No,No,No,No,No,No,No,No,No,No,No,No,No,No,No,No,No,No,No,No,No,No,No,No,No,No,No,No,No,No,No,No,No,No,No,No,No,No,No,No,No,No,No,No,No,No,No,No,74,66,66,1.100,11.813,14.121,8.345,0.001,4.461,0.431,175.0,175.0,175.0,175.0,0,0.0,11.7,3.4,0.0,37.8,0.0,37.4,0.0,77.7,0.0,9.0,0.0,1.5,0.0,5.4,7.2,26.4,24.8,2.9,0.2,0.8,0.1,15.1,3.1,56.1,56.3,20.6,31.7,4.5,0.4,5.2,26.2,7.0,0.0,0.0,0.0,0.0,49.0,0.0,0.2,1.8,0.1,0.0,0.0,93.5,86.3,42.8,66.3,96.8,99.7,99.0,99.8,40.8,92.8,0.9,1.3,0.5,56.4,92.7,997.6,10.00,22,15,15,28,103,160,2,2,Yes,No,No,No,No,No,No,No,No,No,Yes,No,No,Yes,No,No,No,No,No,No,No,Yes,No,No,No,No,No,Yes,No,No,No,No,No,No,No,Yes,No,No,92.0,3900,3300,3720,57.0,1.095,1.110,1.800,1.815,1.005,5.110,0.875,No,No,No,57.2,1.110,1.110,1.800,1.815,1.005,5.110,0.625,No,No,No,47,47,94.0,100.0,No,No,32158,47984,36,70,99.0,100.0,No,No,1844,3246,100.0,0.2,100.0,20.604,0.027,93840,52237,0.0,0.0,0.0,0.000,0.000,164001,82786,70.4,76.0,75.4,83.0,0.875,20.655,20.642,20.668,60.237,29.363,34.734,22.129,56.941,3.000,25.114,31.136,32.488,100.000,140.000,2250.0,2150.2,1890.0,2233.9,1905.0,91.0,61.0,0.0,0.0,92.5,25.0,100.0,0.0,0.0,0.0,Yes,No,No,No,No,Yes,No,0,0,0,0,0,0,0,0,0,0,0,0,0,0,0,0,0,0,0,0,0,0,0,0,0,0,0,0,0,0,617,7571,7338,567,16.0,64,0.300,15.441,600.0,2194.0,0.1,0.0,0.0,0.0,0.0,0.0,0.0,0.0,0.8,127,16065,127,No,No,No,No,No,No,No,No,16.746,68.277,100.0,0.000,24.1,0,0,0,0.0,2.2,2.2,2.2,2.2,2.2,2.2,2.3,2.3,2.3,2.3,2.3,2.3,458.62,458.62,458.62,458.62,458.62,458.62,0.91,457.37,458.62,0.00,159.12,651,9,0.2,0.1,0,0,0.0,0.0,0,
9.6.2026,14:16:39.545,24019,24749,49.2,14621,17763,45.1,10.5,16384,1720,1.178,1.167,1.159,1.149,1.174,1.167,1.152,1.167,1.202,1.197,1.197,1.207,1.207,1.177,1.177,1.063,0.781,3470.1,4489.0,4489.0,4489.0,4688.5,4688.5,4489.0,1097.3,3591.2,1097.3,1097.3,3591.2,3591.2,3591.2,3591.2,99.8,3890.5,349.3,69.2,0.1,926.9,0.2,1706.9,0.3,3575.0,0.4,266.0,0.2,70.8,0.1,6.4,16.4,200.7,143.0,0.5,0.5,0.5,1.0,436.4,19.6,3.8,8.2,41.0,0.0,40.7,44.8,77.8,42.9,13.2,45.1,3.1,37.3,0.8,1.8,16.0,12.9,0.4,0.4,0.4,0.4,77.8,19.6,100.0,14.1,2.7,0.0,38.3,0.0,67.3,0.0,136.6,0.0,11.0,0.0,3.0,0.0,0.4,0.9,12.9,8.1,0.1,0.0,0.0,0.1,14.1,34.8,45.0,45.0,45.0,47.0,47.0,45.0,11.0,36.0,11.0,11.0,36.0,36.0,36.0,36.0,39.0,62,63,63,67,62,64,59,61,61,61,61,61,61,62,62,38,37,37,33,38,36,41,39,39,39,39,39,39,38,38,74,67,No,No,No,No,No,No,No,No,No,No,No,No,No,No,No,No,No,No,No,No,No,No,No,No,No,No,No,No,No,No,No,No,No,No,No,No,No,No,No,No,No,No,No,No,No,No,No,No,74,67,66,1.100,13.500,15.363,9.560,0.001,4.486,0.431,175.0,175.0,175.0,175.0,0,0.0,10.3,3.4,0.0,40.0,0.0,40.6,0.0,77.7,0.0,11.8,0.0,2.8,0.0,0.5,1.4,16.1,12.5,0.0,0.0,0.0,0.1,15.3,0.0,55.0,54.2,20.8,35.1,7.3,0.0,0.3,33.8,7.4,0.0,0.0,0.0,0.0,51.6,0.0,0.0,0.7,0.5,0.0,0.0,99.3,98.1,45.5,78.8,99.8,99.8,99.9,99.8,39.3,96.3,0.0,0.9,0.0,49.9,88.6,997.6,10.00,22,15,15,28,103,160,2,2,Yes,No,No,No,No,No,No,No,No,No,Yes,No,No,Yes,No,No,No,No,No,No,No,Yes,No,No,No,No,No,Yes,No,No,No,No,No,No,No,Yes,No,No,91.0,3840,3240,3720,57.0,1.095,1.110,1.800,1.815,1.005,5.110,0.750,No,No,No,57.2,1.095,1.110,1.800,1.815,1.005,5.110,0.625,No,No,No,47,47,94.0,100.0,No,No,32158,47984,36,70,99.0,100.0,No,No,1844,3246,100.0,0.5,100.0,23.661,0.043,93886,52237,0.0,0.0,0.0,0.000,0.000,164001,82786,69.8,76.0,75.0,83.0,0.875,20.683,20.674,20.693,59.855,26.043,29.522,17.531,47.139,3.000,20.521,31.964,32.622,100.000,140.000,2250.0,2150.2,1890.0,2234.2,1905.0,87.0,49.0,0.0,0.0,92.5,25.0,100.0,0.0,0.0,0.0,Yes,No,No,No,No,Yes,No,0,0,0,0,0,0,0,0,0,0,0,0,0,0,0,0,0,0,0,0,0,0,0,0,0,0,0,0,0,0,617,7571,7338,567,16.0,66,0.300,14.549,600.0,997.0,0.1,0.0,0.0,0.0,0.0,0.0,0.0,0.0,0.8,127,16065,127,No,No,No,No,No,No,No,No,16.746,68.277,100.0,0.000,24.1,0,0,0,0.0,4.5,4.5,4.5,4.5,4.5,4.5,4.4,4.4,4.4,4.4,4.4,4.4,220.73,220.73,220.73,220.73,220.73,220.73,217.25,3.78,220.28,0.45,552.74,651,9,0.4,0.3,0,0,0.0,0.0,0,
9.6.2026,14:16:41.554,23615,25152,48.4,14821,17562,45.7,10.5,16384,1720,1.201,1.164,1.160,1.168,1.173,1.173,1.229,1.224,1.223,1.208,1.223,1.213,1.218,1.218,1.218,1.101,0.783,3234.9,1396.6,4688.5,4688.5,4688.5,1396.6,4688.5,3591.2,3591.2,1097.3,3591.2,1097.3,3591.2,3591.2,3591.2,99.8,4090.0,1042.3,919.5,859.7,1401.8,824.5,2398.0,974.1,2980.4,1011.4,1005.3,813.6,995.5,827.8,681.7,692.4,907.2,800.7,709.4,683.8,676.9,682.8,1130.8,32.4,25.7,22.4,44.5,18.3,58.5,35.7,69.1,36.0,28.8,31.3,26.5,32.6,24.8,24.3,42.9,32.6,25.8,22.8,22.1,23.1,69.1,32.4,100.0,44.6,35.4,32.8,55.1,31.5,93.7,37.2,114.4,38.6,38.8,31.1,38.1,31.6,37.2,37.3,49.4,43.1,38.0,36.5,36.2,36.5,44.6,32.4,14.0,47.0,47.0,47.0,14.0,47.0,36.0,36.0,11.0,36.0,11.0,36.0,36.0,36.0,41.0,65,68,71,67,68,64,64,64,64,63,63,64,64,64,64,35,32,29,33,32,36,36,36,36,37,37,36,36,36,36,77,71,No,No,No,No,No,No,No,No,No,No,No,No,No,No,No,No,No,No,No,No,No,No,No,No,No,No,No,No,No,No,Yes,Yes,Yes,Yes,Yes,Yes,Yes,Yes,Yes,Yes,Yes,Yes,Yes,Yes,Yes,No,No,Yes,78,77,66,1.100,41.344,14.775,8.959,0.001,4.498,0.432,175.0,175.0,175.0,175.0,0,0.0,30.2,25.5,22.2,44.0,21.3,58.1,24.5,68.9,25.3,28.7,21.0,25.7,21.3,24.3,24.2,42.1,32.3,25.0,23.2,22.5,23.5,10.7,4.3,30.4,34.4,20.0,14.8,6.3,6.7,5.3,13.6,7.1,2.3,1.9,1.1,1.7,39.3,4.0,3.9,0.9,2.8,5.1,3.9,67.0,68.9,40.5,58.4,71.5,73.8,75.3,73.7,32.1,62.6,17.4,0.1,2.1,48.0,62.2,2394.1,24.00,36,35,35,68,103,383,2,2,Yes,No,No,No,No,No,No,No,No,Yes,Yes,No,No,Yes,No,No,No,No,No,No,No,Yes,No,No,No,No,No,Yes,No,No,No,No,No,No,No,Yes,No,No,92.0,3840,3240,3780,57.0,1.095,1.110,1.815,1.815,1.005,5.110,1.000,No,No,No,57.2,1.095,1.110,1.800,1.815,1.005,5.110,2.250,No,No,No,47,47,94.0,100.0,No,No,32158,47984,36,70,99.0,100.0,No,No,1844,3246,100.0,0.1,100.0,25.211,0.050,93934,52237,0.0,0.0,0.0,0.000,0.000,164001,82786,61.8,72.0,69.0,83.0,0.875,20.607,20.612,20.601,26.032,9.861,9.968,8.884,18.870,3.000,11.903,8.182,8.217,100.000,140.000,2250.0,2150.2,1890.0,2241.5,1905.0,0.0,0.0,0.0,0.0,85.7,15.5,62.0,0.0,0.0,0.0,Yes,No,No,No,No,Yes,No,0,0,0,0,0,0,0,0,0,0,0,0,0,0,0,0,0,0,0,0,0,0,0,0,0,0,0,0,0,0,1169,7019,6786,567,16.0,66,0.300,18.248,600.0,997.0,0.1,0.0,0.0,0.0,0.0,0.0,0.0,0.0,0.8,127,16065,127,No,No,No,No,No,No,No,No,16.746,68.277,100.0,0.000,24.1,0,0,0,0.0,16.4,573.3,7.7,7.6,7.6,7.6,16.5,33.9,8.3,8.2,8.2,8.2,61.10,129.62,1.74,0.83,131.22,131.22,0.35,60.75,61.10,0.00,57.31,651,9,0.3,0.0,0,0,0.0,0.0,0,
9.6.2026,14:16:43.538,24117,24651,49.4,14259,18124,44.0,10.5,16384,1720,1.182,1.169,1.173,1.146,1.181,1.146,1.196,1.184,1.179,1.204,1.182,1.205,1.205,1.190,1.190,1.063,0.783,2358.5,4489.0,4489.0,4489.0,4688.5,1396.6,4688.5,1097.3,1097.3,1097.3,1097.3,1097.3,1097.3,1097.3,1097.3,99.8,3890.5,651.9,640.0,207.8,661.2,416.0,3676.2,336.6,1350.8,959.3,496.9,300.7,1176.8,210.5,412.0,373.2,458.6,824.7,147.7,144.6,123.6,120.7,781.3,21.5,24.7,6.5,19.1,22.6,81.1,0.0,28.3,24.1,13.5,0.0,31.7,0.0,31.1,24.8,30.5,68.7,6.0,7.5,5.2,5.0,81.1,21.5,100.0,28.3,28.5,8.3,26.4,20.2,142.3,13.2,52.6,39.1,20.3,11.8,47.2,8.3,23.4,21.1,26.0,46.8,8.5,8.4,7.2,7.1,28.3,23.6,45.0,45.0,45.0,47.0,14.0,47.0,11.0,11.0,11.0,11.0,11.0,11.0,11.0,11.0,39.0,63,64,64,68,62,59,63,63,63,63,63,62,62,62,62,37,36,36,32,38,41,37,37,37,37,37,38,38,38,38,76,68,No,No,No,No,No,No,No,No,No,No,No,No,No,No,No,No,No,No,No,No,No,No,No,No,No,No,No,No,No,No,Yes,Yes,Yes,Yes,Yes,Yes,Yes,Yes,Yes,Yes,Yes,Yes,Yes,Yes,Yes,No,No,Yes,76,69,65,1.100,7.594,27.457,20.915,0.001,5.006,0.630,175.0,175.0,175.0,175.0,0,0.0,22.1,24.7,5.9,21.2,18.5,80.2,7.8,29.3,22.4,13.7,7.0,31.1,5.0,29.6,24.6,30.9,65.0,7.3,7.2,5.1,5.0,15.3,26.7,34.7,11.9,45.3,27.9,31.1,3.6,2.7,7.3,7.3,0.8,2.0,5.9,6.6,41.3,0.3,0.6,2.2,1.1,4.1,2.1,62.9,70.0,58.8,21.6,90.6,89.5,88.0,87.1,22.6,35.9,16.5,1.6,1.4,48.3,32.2,2394.1,24.00,36,35,35,68,103,383,2,2,Yes,No,No,No,No,No,No,No,No,Yes,Yes,No,No,Yes,No,No,No,No,No,No,No,Yes,No,No,No,No,No,Yes,No,No,No,No,No,No,No,Yes,No,No,91.0,4020,3180,3840,57.0,1.095,1.110,1.815,1.815,1.005,5.110,1.000,No,No,No,57.5,1.095,1.110,1.815,1.815,1.005,5.110,0.875,No,No,No,47,47,94.0,100.0,No,No,32158,47984,36,70,99.0,100.0,No,No,1844,3246,100.0,1.2,100.0,15.710,0.402,93964,52238,0.0,0.0,0.0,0.000,0.000,164001,82786,66.8,70.0,71.2,83.0,0.875,20.632,20.620,20.644,24.676,29.352,33.487,20.146,53.715,3.000,23.140,39.491,32.483,100.000,140.000,2250.0,2150.2,1890.0,2192.5,1905.0,23.0,1.0,0.0,2.0,93.4,17.7,71.0,0.0,0.0,0.0,Yes,No,No,No,No,Yes,No,0,0,0,0,0,0,0,0,0,0,0,0,0,0,0,0,0,0,0,0,0,0,0,0,0,0,0,0,0,0,539,7649,7416,567,16.0,66,0.300,34.433,600.0,2394.0,0.1,0.0,0.0,0.0,0.0,0.0,0.0,0.0,0.8,127,16065,127,No,No,No,No,No,No,No,No,16.746,68.277,100.0,0.000,24.1,0,0,0,0.0,16.4,573.3,7.7,7.6,7.6,7.6,16.5,33.9,8.3,8.2,8.2,8.2,61.10,129.62,1.74,0.83,131.22,131.22,0.35,60.75,61.10,0.00,57.31,651,9,0.0,0.0,0,0,0.0,0.0,0,
9.6.2026,14:16:45.532,24144,24623,49.5,14338,18046,44.2,10.5,16384,1720,1.181,1.180,1.199,1.189,1.194,1.194,1.179,1.180,1.225,1.220,1.220,1.220,1.222,1.222,0.886,1.063,0.783,2109.1,4489.0,4688.5,1396.6,4688.5,4688.5,798.0,1097.3,1097.3,1097.3,1097.3,1097.3,1097.3,1097.3,1097.3,99.8,3890.5,383.5,99.7,552.9,1.2,274.0,2249.6,0.4,1.9,3115.5,310.2,0.4,371.8,0.4,200.7,106.2,22.9,342.1,15.8,1.2,0.8,1.4,478.1,17.5,4.5,24.7,1.4,13.7,52.2,28.0,0.0,71.4,13.6,33.6,14.5,32.9,17.8,9.3,1.8,29.6,1.3,0.0,0.0,0.0,71.4,17.5,100.0,15.7,4.0,22.7,0.1,11.9,87.7,0.0,0.1,119.7,12.9,0.0,15.2,0.0,12.1,5.8,1.3,19.5,0.9,0.1,0.1,0.1,15.7,21.1,45.0,47.0,14.0,47.0,47.0,8.0,11.0,11.0,11.0,11.0,11.0,11.0,11.0,11.0,39.0,63,63,63,63,66,61,63,63,63,63,63,62,62,62,62,37,37,37,37,34,39,37,37,37,37,37,38,38,38,38,76,66,No,No,No,No,No,No,No,No,No,No,No,No,No,No,No,No,No,No,No,No,No,No,No,No,No,No,No,No,No,No,No,No,No,No,No,No,No,No,No,No,No,No,No,No,No,No,No,No,75,67,64,1.100,9.281,27.549,21.236,0.001,4.931,0.518,175.0,175.0,175.0,175.0,0,0.0,12.7,4.6,24.0,0.1,14.1,52.2,0.0,0.1,71.4,14.1,0.0,14.3,0.0,17.6,9.3,1.9,29.2,1.4,0.1,0.1,0.1,18.6,36.5,49.2,42.7,26.1,43.4,24.0,19.6,1.3,0.9,16.6,0.0,0.0,0.0,0.0,49.7,0.0,0.0,1.9,0.6,0.0,0.0,59.3,88.8,96.9,51.1,98.4,99.7,99.8,99.8,26.9,31.6,31.4,0.5,0.2,38.2,59.7,1795.6,18.00,26,26,26,51,103,287,2,2,Yes,No,No,No,No,No,No,No,No,No,Yes,No,No,Yes,No,No,No,No,No,No,No,Yes,No,No,No,No,No,Yes,No,No,No,No,No,No,No,Yes,No,No,91.0,4200,3000,4080,57.2,1.095,1.110,1.815,1.815,0.990,5.110,0.875,No,No,No,57.5,1.095,1.110,1.815,1.815,1.005,5.110,0.750,No,No,No,48,48,94.0,100.0,No,No,32158,47984,36,70,99.0,100.0,No,No,1844,3246,100.0,0.1,100.0,21.643,0.114,94006,52238,0.0,0.0,0.0,0.000,0.000,164001,82786,64.7,74.0,70.5,83.0,0.875,20.744,20.741,20.746,61.739,11.506,14.166,9.292,23.464,3.000,12.295,9.128,9.198,100.000,140.000,2250.0,2150.2,1890.0,2235.0,1905.0,87.0,43.0,0.0,0.0,92.5,24.3,97.1,0.0,0.0,0.0,Yes,No,No,No,No,Yes,No,0,0,0,0,0,0,0,0,0,0,0,0,0,0,0,0,0,0,0,0,0,0,0,0,0,0,0,0,0,0,617,7571,7338,567,16.0,65,0.300,18.000,600.0,2394.0,0.1,0.0,0.0,0.0,0.0,0.0,0.0,0.0,0.8,127,16065,127,No,No,No,No,No,No,No,No,16.746,68.277,100.0,0.000,24.1,0,0,0,0.0,16.4,573.3,7.7,7.6,7.6,7.6,16.5,33.9,8.3,8.2,8.2,8.2,61.10,129.62,1.74,0.83,131.22,131.22,0.35,60.75,61.10,0.00,57.31,651,9,0.4,0.3,0,0,0.0,0.0,0,
9.6.2026,14:16:47.549,24020,24747,49.2,14351,18032,44.3,10.5,16384,1720,1.202,1.200,1.192,1.217,1.212,1.187,1.203,1.188,1.188,1.186,1.187,1.217,1.217,1.216,1.216,1.101,0.781,2429.8,4688.5,1396.6,4888.0,4888.0,4688.5,4688.5,1097.3,1097.3,1097.3,1097.3,1097.3,1097.3,1097.3,1097.3,99.8,4090.0,355.4,75.1,245.3,1.3,251.1,1577.3,0.3,1.9,3576.7,212.0,0.2,399.5,0.2,109.6,151.8,50.8,443.0,1.7,9.2,0.4,0.5,443.5,12.3,3.9,18.8,0.7,12.7,38.6,0.0,0.0,77.8,9.2,0.0,11.1,0.0,9.5,14.5,5.4,40.1,0.8,1.5,0.7,0.7,77.8,12.3,100.0,14.6,3.0,10.5,0.1,11.0,61.5,0.0,0.1,136.9,9.0,0.0,16.6,0.0,6.4,8.4,2.8,25.0,0.1,0.5,0.0,0.0,14.6,24.4,47.0,14.0,49.0,49.0,47.0,47.0,11.0,11.0,11.0,11.0,11.0,11.0,11.0,11.0,41.0,62,61,59,68,58,61,60,62,62,62,62,62,62,62,62,38,39,41,32,42,39,40,38,38,38,38,38,38,38,38,75,68,No,No,No,No,No,No,No,No,No,No,No,No,No,No,No,No,No,No,No,No,No,No,No,No,No,No,No,No,No,No,No,No,No,No,No,No,No,No,No,No,No,No,No,No,No,No,No,No,75,67,64,1.100,10.969,16.893,10.998,0.001,4.570,0.438,175.0,175.0,175.0,175.0,0,0.0,12.1,4.0,17.9,0.1,12.9,38.7,0.0,0.0,77.7,11.0,0.0,12.4,0.0,9.4,13.4,4.6,39.3,0.2,0.8,0.0,0.0,16.9,26.3,44.1,54.8,20.6,30.9,35.8,6.7,1.0,0.0,16.4,0.0,0.0,0.0,0.0,50.2,0.0,0.0,1.4,0.1,0.0,0.0,82.3,84.6,95.1,40.9,99.7,99.0,99.8,99.8,31.7,46.3,38.2,2.2,0.3,53.8,49.2,2194.6,22.00,32,32,32,62,103,351,2,2,Yes,No,No,No,No,No,No,No,No,No,Yes,No,No,Yes,No,No,No,No,No,No,No,Yes,No,No,No,No,No,Yes,No,No,No,No,No,No,No,Yes,No,No,92.0,4320,3060,4140,57.2,1.095,1.110,1.815,1.815,0.990,5.110,0.750,No,No,No,57.5,1.095,1.110,1.815,1.815,0.990,5.180,0.625,No,No,No,48,48,94.0,100.0,No,No,32158,47984,36,70,99.0,100.0,No,No,1844,3246,100.0,0.3,100.0,22.539,0.178,94049,52238,0.0,0.0,0.0,0.000,0.000,164001,82786,68.8,76.0,73.8,83.0,0.875,20.690,20.681,20.700,63.466,18.802,27.109,16.752,43.925,3.000,19.727,9.243,11.859,100.000,140.000,2250.0,2150.2,1890.0,2235.1,1905.0,88.0,41.0,0.0,0.0,92.5,17.9,71.6,0.0,0.0,0.0,Yes,No,No,No,No,Yes,No,0,0,0,0,0,0,0,0,0,0,0,0,0,0,0,0,0,0,0,0,0,0,0,0,0,0,0,0,0,0,617,7571,7338,567,16.0,65,0.300,16.506,600.0,1795.0,0.1,0.0,0.0,0.0,0.0,0.0,0.0,0.0,0.8,127,16065,127,No,No,No,No,No,No,No,No,16.747,68.277,100.0,0.000,24.1,0,0,0,0.0,16.4,573.3,7.7,7.6,7.6,7.6,16.5,33.9,8.3,8.2,8.2,8.2,61.10,129.62,1.74,0.83,131.22,131.22,0.35,60.75,61.10,0.00,57.31,651,9,0.0,0.0,0,0,0.0,0.0,0,
9.6.2026,14:16:49.538,24024,24743,49.2,14378,18006,44.3,10.5,16384,1720,1.189,1.177,1.202,1.192,1.152,1.187,1.186,1.211,1.186,1.186,1.211,1.214,1.179,1.179,1.179,1.063,0.783,3142.3,4489.0,4688.5,4688.5,4489.0,4688.5,4688.5,1097.3,1097.3,1097.3,1097.3,1097.3,3591.2,3591.2,3591.2,99.8,3890.5,355.8,80.3,251.9,1.6,243.2,2327.0,0.4,2.2,2748.4,235.8,0.2,340.8,0.2,153.1,82.1,46.8,541.6,16.5,22.8,18.7,1.3,441.0,13.2,4.5,14.6,0.0,12.4,53.7,6.4,1.4,60.4,13.7,0.0,15.2,0.0,13.0,8.0,4.8,48.9,2.1,2.7,2.3,0.7,60.4,13.2,100.0,14.7,3.2,10.8,0.1,10.6,89.9,0.0,0.2,105.3,9.8,0.0,13.8,0.0,8.9,4.6,2.6,30.4,0.9,1.3,1.0,0.1,14.7,31.5,45.0,47.0,47.0,45.0,47.0,47.0,11.0,11.0,11.0,11.0,11.0,36.0,36.0,36.0,39.0,62,63,63,62,64,62,59,61,61,61,61,61,62,62,62,38,37,37,38,36,38,41,39,39,39,39,39,38,38,38,75,64,No,No,No,No,No,No,No,No,No,No,No,No,No,No,No,No,No,No,No,No,No,No,No,No,No,No,No,No,No,No,No,No,No,No,No,No,No,No,No,No,No,No,No,No,No,No,No,No,75,64,65,1.100,7.594,15.123,9.297,0.001,4.509,0.432,175.0,175.0,175.0,175.0,0,0.0,12.4,3.9,13.9,0.1,12.0,53.4,0.0,0.1,60.3,12.1,0.0,14.5,0.0,13.3,7.2,4.2,47.3,1.5,2.1,1.7,0.1,13.8,13.0,37.2,36.1,32.1,29.2,19.9,6.5,2.3,0.8,15.1,0.0,0.9,0.0,0.0,50.0,0.0,0.0,5.0,4.4,0.0,1.1,78.5,89.6,94.7,33.9,98.3,96.7,98.2,99.8,38.5,63.6,45.4,3.2,1.3,54.9,62.4,997.6,10.00,22,15,15,28,103,160,2,2,Yes,No,No,No,No,No,No,No,No,No,Yes,No,No,Yes,No,No,No,No,No,No,No,Yes,No,No,No,No,No,Yes,No,No,No,No,No,No,No,Yes,No,No,91.0,4260,3120,4020,57.2,1.095,1.110,1.815,1.815,0.990,5.110,0.750,No,No,No,57.5,1.110,1.110,1.815,1.815,0.990,5.110,0.625,No,No,No,48,48,94.0,100.0,No,No,32158,47984,36,70,99.0,100.0,No,No,1844,3246,100.0,0.5,100.0,23.002,0.042,94092,52238,0.0,0.0,0.0,0.000,0.000,164001,82786,70.5,76.0,75.4,83.0,0.875,20.637,20.622,20.652,62.448,34.093,39.264,24.292,63.628,3.000,27.279,48.311,32.879,100.000,140.000,2250.0,2150.2,1890.0,2236.5,1905.0,91.0,50.0,0.0,0.0,92.5,24.9,99.8,0.0,0.0,0.0,Yes,No,No,No,No,Yes,No,0,0,0,0,0,0,0,0,0,0,0,0,0,0,0,0,0,0,0,0,0,0,0,0,0,0,0,0,0,0,617,7571,7338,567,16.0,65,0.300,15.050,600.0,2194.0,0.1,0.0,0.0,0.0,0.0,0.0,0.0,0.0,0.8,127,16065,127,No,No,No,No,No,No,No,No,16.746,68.277,100.0,0.000,24.1,0,0,0,0.0,16.4,573.3,7.7,7.6,7.6,7.6,16.5,33.9,8.3,8.2,8.2,8.2,61.10,129.62,1.74,0.83,131.22,131.22,0.35,60.75,61.10,0.00,57.31,651,9,0.1,0.1,0,0,0.0,0.0,0,
9.6.2026,14:16:51.547,24018,24749,49.2,14455,17929,44.6,10.5,16384,1720,1.204,1.206,1.189,1.189,1.174,1.184,1.184,1.213,1.233,1.218,1.208,1.218,1.214,1.214,1.219,1.101,0.783,2344.3,1396.6,1396.6,4688.5,4688.5,4688.5,4688.5,1097.3,3591.2,1097.3,1097.3,1097.3,1097.3,1097.3,1097.3,99.8,4090.0,366.7,88.1,228.9,0.9,197.5,1864.0,0.3,1.2,3282.7,236.5,0.3,505.0,0.2,235.2,62.4,39.1,415.3,26.4,149.9,0.4,0.5,447.4,13.2,3.7,16.6,1.5,10.7,43.7,0.0,1.5,70.8,11.5,0.0,20.3,0.0,21.0,5.4,3.4,37.5,2.4,14.1,0.0,0.0,70.8,13.2,100.0,15.2,3.5,9.9,0.1,8.5,72.4,0.0,0.1,125.7,10.0,0.0,20.6,0.0,13.2,3.4,2.2,24.4,1.5,8.1,0.0,0.0,15.2,23.5,14.0,14.0,47.0,47.0,47.0,47.0,11.0,36.0,11.0,11.0,11.0,11.0,11.0,11.0,41.0,62,63,63,62,66,61,60,61,61,61,61,64,64,62,62,38,37,37,38,34,39,40,39,39,39,39,36,36,38,38,75,66,No,No,No,No,No,No,No,No,No,No,No,No,No,No,No,No,No,No,No,No,No,No,No,No,No,No,No,No,No,No,No,No,No,No,No,No,No,No,No,No,No,No,No,No,No,No,No,No,75,67,64,1.100,10.125,15.018,9.211,0.001,4.507,0.432,175.0,175.0,175.0,175.0,0,0.0,12.9,3.7,16.3,0.1,11.0,43.8,0.0,0.0,70.8,11.8,0.0,19.4,0.0,20.1,5.4,3.4,36.8,2.4,13.3,0.0,0.0,17.6,24.4,38.7,50.1,25.8,33.9,30.6,7.6,0.6,0.8,32.1,1.4,0.6,0.0,0.0,47.8,0.0,0.0,1.4,1.4,0.0,0.7,70.3,93.6,95.4,25.4,95.8,85.6,99.8,99.8,32.6,50.5,45.9,2.0,0.6,49.6,46.9,997.6,10.00,22,15,15,28,103,160,2,2,Yes,No,No,No,No,No,No,No,No,No,Yes,No,No,Yes,No,No,No,No,No,No,No,Yes,No,No,No,No,No,Yes,No,No,No,No,No,No,No,Yes,No,No,92.0,4020,3240,3900,57.2,1.095,1.110,1.815,1.815,0.990,5.110,0.875,No,No,No,57.5,1.095,1.110,1.815,1.815,0.990,5.110,0.625,No,No,No,48,48,94.0,100.0,No,No,32158,47985,36,70,99.0,100.0,No,No,1844,3246,100.0,0.1,100.0,20.080,0.066,94131,52238,0.0,0.0,0.0,0.000,0.000,164001,82786,70.5,78.0,75.5,83.0,0.875,20.632,20.618,20.647,64.520,29.892,41.344,23.607,65.037,3.000,26.602,11.304,38.350,100.000,140.000,2250.0,2150.2,1890.0,2237.1,1905.0,87.0,55.0,0.0,1.0,92.5,25.0,100.0,0.0,0.0,0.0,Yes,No,No,No,No,Yes,No,0,0,0,0,0,0,0,0,0,0,0,0,0,0,0,0,0,0,0,0,0,0,0,0,0,0,0,0,0,0,617,7571,7338,567,16.0,64,0.300,15.770,600.0,997.0,0.1,0.0,0.0,0.0,0.0,0.0,0.0,0.0,0.8,127,16065,127,No,No,No,No,No,No,No,No,16.747,68.277,100.0,0.000,24.1,0,0,0,0.0,16.4,573.3,7.7,7.6,7.6,7.6,16.5,33.9,8.3,8.2,8.2,8.2,61.10,129.62,1.74,0.83,131.22,131.22,0.35,60.75,61.10,0.00,57.31,651,9,2.3,0.0,0,0,0.0,0.0,0,
9.6.2026,14:16:53.549,24032,24736,49.2,14481,17903,44.7,10.5,16384,1720,1.204,1.189,1.180,1.215,1.210,1.195,1.200,1.189,1.219,1.219,1.202,1.208,1.208,1.213,1.213,1.101,0.783,1959.5,1396.6,1396.6,4888.0,4888.0,1396.6,4688.5,1097.3,1097.3,1097.3,1097.3,1097.3,1097.3,1097.3,1097.3,99.8,4090.0,396.3,78.3,161.7,0.6,55.3,1973.6,0.3,0.5,3189.0,47.3,0.1,593.3,0.1,402.8,302.8,170.6,830.9,78.2,23.9,16.8,0.5,488.0,16.9,3.6,0.0,0.0,0.0,42.2,1.9,0.0,67.3,0.0,27.8,14.9,12.6,37.2,27.9,16.0,76.1,6.7,2.0,1.2,0.0,76.1,16.9,100.0,17.0,3.2,7.0,0.0,2.7,76.4,0.0,0.0,122.1,2.3,0.0,24.2,0.0,22.8,16.6,9.4,45.5,4.3,1.5,0.9,0.0,17.0,19.6,14.0,14.0,49.0,49.0,14.0,47.0,11.0,11.0,11.0,11.0,11.0,11.0,11.0,11.0,41.0,62,62,60,69,58,61,60,62,62,62,62,62,62,62,62,38,38,40,31,42,39,40,38,38,38,38,38,38,38,38,74,69,No,No,No,No,No,No,No,No,No,No,No,No,No,No,No,No,No,No,No,No,No,No,No,No,No,No,No,No,No,No,No,No,No,No,No,No,No,No,No,No,No,No,No,No,No,No,No,No,74,67,65,1.100,6.750,16.096,10.200,0.000,4.559,0.434,175.0,175.0,175.0,175.0,0,0.0,15.4,3.9,11.7,0.0,2.3,42.5,0.0,0.0,67.4,1.6,0.0,14.3,0.0,36.0,27.0,15.3,74.2,7.0,2.2,1.5,0.0,12.1,13.6,13.9,51.6,30.4,4.6,41.8,7.9,1.6,0.6,1.4,0.5,1.6,0.0,0.0,43.8,0.0,0.0,1.4,0.4,0.0,0.0,51.9,69.6,82.9,20.6,92.0,95.8,98.3,99.8,47.0,65.9,80.8,2.2,0.6,90.9,41.4,2394.1,24.00,36,35,35,68,103,383,2,2,Yes,No,No,No,No,No,No,No,No,No,Yes,No,No,Yes,No,No,No,No,No,No,No,Yes,No,No,No,No,No,Yes,No,No,No,No,No,No,No,Yes,No,No,92.0,3960,3360,3840,57.2,1.095,1.110,1.800,1.815,0.990,5.110,0.875,No,No,No,57.5,1.095,1.110,1.800,1.815,0.990,5.110,1.000,No,No,No,48,48,94.0,100.0,No,No,32158,47985,36,70,99.0,100.0,No,No,1844,3246,100.0,0.2,100.0,21.982,0.085,94173,52239,0.0,0.0,0.0,0.000,0.000,164001,82786,70.8,78.0,76.0,83.0,0.875,20.635,20.619,20.650,61.359,31.186,39.036,25.279,64.386,3.000,28.266,26.543,31.794,100.000,140.000,2250.0,2150.2,1890.0,2234.8,1905.0,95.0,62.0,0.0,0.0,92.5,25.0,100.0,0.0,0.0,0.0,Yes,No,No,No,No,Yes,No,0,0,0,0,0,0,0,0,0,0,0,0,0,0,0,0,0,0,0,0,0,0,0,0,0,0,0,0,0,0,617,7571,7338,567,16.0,64,0.300,15.767,600.0,997.0,0.1,0.0,0.0,0.0,0.0,0.0,0.0,0.0,0.8,127,16065,127,No,No,No,No,No,No,No,No,16.746,68.277,100.0,0.000,24.1,0,0,0,0.0,2.3,2.3,2.3,2.3,2.3,2.3,2.5,2.5,2.5,2.5,2.5,2.5,437.28,437.28,437.28,437.28,437.28,437.28,0.81,436.43,437.28,0.00,400.97,651,9,0.0,0.0,0,0,0.0,0.0,0,
9.6.2026,14:16:55.542,24026,24742,49.2,14474,17909,44.6,10.5,16384,1720,1.195,1.195,1.207,1.161,1.146,1.176,1.161,1.191,1.196,1.216,1.216,1.218,1.228,1.198,1.228,1.063,0.778,2615.0,798.0,4688.5,4489.0,4489.0,1396.6,4489.0,1097.3,1097.3,1097.3,1097.3,1097.3,3591.2,3591.2,3591.2,99.8,3890.5,357.4,93.3,378.8,2.0,281.1,2455.1,0.4,2.9,2686.3,221.6,0.4,319.7,0.2,176.6,82.9,35.3,350.8,32.6,27.4,0.6,0.8,443.0,16.8,5.1,22.2,0.0,18.0,55.2,41.6,0.0,59.1,15.0,7.6,9.1,41.3,15.7,7.0,2.4,31.6,3.3,2.1,0.4,0.4,59.1,16.8,100.0,14.7,3.9,15.8,0.2,12.0,94.9,0.0,0.2,103.1,9.3,0.0,13.1,0.0,10.2,4.8,2.0,20.6,1.8,1.5,0.1,0.1,14.7,26.2,8.0,47.0,45.0,45.0,14.0,45.0,11.0,11.0,11.0,11.0,11.0,36.0,36.0,36.0,39.0,62,63,63,63,66,61,59,61,62,62,62,61,61,62,62,38,37,37,37,34,39,41,39,38,38,38,39,39,38,38,74,66,No,No,No,No,No,No,No,No,No,No,No,No,No,No,No,No,No,No,No,No,No,No,No,No,No,No,No,No,No,No,No,No,No,No,No,No,No,No,No,No,No,No,No,No,No,No,No,No,75,66,65,1.100,5.063,16.028,10.196,0.001,4.539,0.433,175.0,175.0,175.0,175.0,0,0.0,11.5,4.8,12.7,0.1,14.9,54.9,0.0,0.1,59.1,11.6,0.0,10.0,0.0,15.2,7.1,2.7,30.7,3.0,2.5,0.0,0.1,19.8,45.2,54.3,41.2,37.5,31.3,21.5,10.1,4.3,0.3,23.5,1.0,2.0,2.0,2.0,49.1,0.0,0.0,0.7,1.1,1.2,0.0,72.3,87.5,96.7,41.0,95.8,95.3,97.8,97.8,29.9,32.8,26.2,0.8,0.6,51.8,67.1,997.6,10.00,22,15,15,28,103,160,2,2,Yes,No,No,No,No,No,No,No,No,No,Yes,No,No,Yes,No,No,No,No,No,No,No,Yes,No,No,No,No,No,Yes,No,No,No,No,No,No,No,Yes,No,No,92.0,3900,3300,3720,57.0,1.095,1.110,1.800,1.815,0.990,5.110,0.875,No,No,No,57.5,1.095,1.110,1.800,1.815,0.990,5.110,1.000,No,No,No,48,48,94.0,100.0,No,No,32158,47985,36,70,99.0,100.0,No,No,1844,3246,100.0,0.4,100.0,21.239,0.124,94214,52239,0.0,0.0,0.0,0.000,0.000,164001,82786,71.4,78.0,76.5,83.0,0.875,20.628,20.612,20.644,61.878,32.158,40.217,25.477,65.751,3.000,28.468,31.145,31.050,100.000,140.000,2250.0,2150.2,1890.0,2234.6,1905.0,94.0,63.0,0.0,0.0,92.5,25.0,100.0,0.0,0.0,0.0,Yes,No,No,No,No,Yes,No,0,0,0,0,0,0,0,0,0,0,0,0,0,0,0,0,0,0,0,0,0,0,0,0,0,0,0,0,0,0,617,7571,7338,567,16.0,64,0.300,15.626,600.0,2394.0,0.1,0.0,0.0,0.0,0.0,0.0,0.0,0.0,0.8,127,16065,127,No,No,No,No,No,No,No,No,16.746,68.277,100.0,0.000,24.1,0,0,0,0.0,2.3,2.3,2.3,2.3,2.3,2.3,2.4,2.4,2.4,2.4,2.4,2.4,439.83,439.83,439.83,439.83,439.83,439.83,0.36,438.57,439.83,0.00,143.70,651,9,0.0,0.0,0,0,0.0,0.0,0,
9.6.2026,14:16:57.531,24027,24741,49.2,14479,17905,44.7,10.5,16384,1720,1.196,1.155,1.212,1.187,1.177,1.192,1.202,1.186,1.186,1.186,1.219,1.214,1.224,1.184,1.224,1.063,0.783,2387.0,4489.0,1396.6,4688.5,4688.5,4688.5,4688.5,1097.3,1097.3,1097.3,1097.3,1097.3,1097.3,1097.3,1097.3,99.8,3890.5,339.1,76.4,291.2,1.8,321.4,1707.5,0.3,2.5,3395.1,263.8,0.2,259.7,0.1,211.9,27.3,37.4,170.0,13.2,2.3,0.4,0.5,422.9,11.3,3.6,21.2,1.5,18.5,41.6,0.0,1.5,74.0,14.4,0.0,9.3,0.0,18.2,2.4,3.3,15.2,1.1,0.1,0.0,0.0,74.0,11.3,100.0,13.7,3.0,12.6,0.2,13.7,67.1,0.0,0.2,129.6,11.0,0.0,10.6,0.0,12.3,1.5,2.2,9.8,0.7,0.1,0.0,0.0,13.7,23.9,45.0,14.0,47.0,47.0,47.0,47.0,11.0,11.0,11.0,11.0,11.0,11.0,11.0,11.0,39.0,62,61,63,63,66,61,59,61,61,61,61,62,62,62,62,38,39,37,37,34,39,41,39,39,39,39,38,38,38,38,74,66,No,No,No,No,No,No,No,No,No,No,No,No,No,No,No,No,No,No,No,No,No,No,No,No,No,No,No,No,No,No,No,No,No,No,No,No,No,No,No,No,No,No,No,No,No,No,No,No,74,67,64,1.100,16.875,15.587,9.789,0.001,4.489,0.431,175.0,175.0,175.0,175.0,0,0.0,11.2,3.7,20.9,0.1,19.0,41.6,0.0,0.1,74.1,14.7,0.0,8.5,0.0,18.5,2.4,3.4,15.1,1.2,0.2,0.0,0.0,16.0,24.1,50.8,53.1,22.4,32.1,15.2,12.3,0.0,2.4,11.8,0.0,0.0,0.0,0.0,52.3,0.0,0.0,1.3,2.0,2.0,0.0,66.9,97.3,93.7,70.9,98.6,99.6,99.8,99.8,32.0,43.8,25.3,0.9,0.4,46.6,74.9,997.6,10.00,22,15,15,28,103,160,2,2,Yes,No,No,No,No,No,No,No,No,No,Yes,No,No,Yes,No,No,No,No,No,No,No,Yes,No,No,No,No,No,Yes,No,No,No,No,No,No,No,Yes,No,No,92.0,3900,3300,3720,57.0,1.095,1.110,1.800,1.815,1.005,5.110,0.750,No,No,No,57.2,1.095,1.110,1.800,1.815,1.005,5.110,0.750,No,No,No,48,48,94.0,100.0,No,No,32158,47985,36,70,99.0,100.0,No,No,1844,3246,100.0,0.1,100.0,23.365,0.053,94258,52239,0.0,0.0,0.0,0.000,0.000,164001,82786,67.3,78.0,72.2,83.0,0.875,20.684,20.674,20.694,67.394,27.952,29.859,19.061,48.983,3.000,22.040,40.547,32.171,100.000,140.000,2250.0,2150.2,1890.0,2234.2,1905.0,75.0,20.0,0.0,0.0,92.5,20.1,80.2,0.0,0.0,0.0,Yes,No,No,No,No,Yes,No,0,0,0,0,0,0,0,0,0,0,0,0,0,0,0,0,0,0,0,0,0,0,0,0,0,0,0,0,0,0,617,7571,7338,567,16.0,64,0.300,14.360,600.0,997.0,0.1,0.0,0.0,0.0,0.0,0.0,0.0,0.0,0.8,127,16065,127,No,No,No,No,No,No,No,No,16.746,68.277,100.0,0.000,24.1,0,0,0,0.0,2.3,2.3,2.3,2.3,2.3,2.3,2.4,2.4,2.4,2.4,2.4,2.4,439.83,439.83,439.83,439.83,439.83,439.83,0.36,438.57,439.83,0.00,143.70,651,9,0.0,0.0,0,0,0.0,0.0,0,
9.6.2026,14:16:59.548,24028,24739,49.2,14536,17847,44.8,10.5,16384,1720,1.199,1.229,1.191,1.216,1.188,1.208,1.188,1.188,1.184,1.189,1.184,1.184,1.220,1.188,1.223,1.101,0.783,2536.7,4688.5,4688.5,798.0,4688.5,4688.5,4688.5,1097.3,1097.3,1097.3,1097.3,1097.3,1097.3,1097.3,3591.2,99.8,4090.0,391.2,78.6,184.8,1.2,166.6,1490.4,0.3,1.4,3766.5,96.1,0.3,509.6,0.2,411.4,222.8,140.2,617.5,75.1,30.6,17.0,13.1,480.5,21.4,3.5,1.9,0.0,7.7,33.8,43.5,0.0,80.2,3.6,49.5,14.5,47.9,38.0,20.7,13.4,56.1,7.4,3.4,1.8,1.0,80.2,21.4,100.0,16.6,3.2,7.9,0.1,7.3,59.1,0.0,0.1,143.8,4.3,0.0,20.8,0.0,23.0,12.3,7.9,34.1,4.1,1.7,0.8,0.7,16.6,25.4,47.0,47.0,8.0,47.0,47.0,47.0,11.0,11.0,11.0,11.0,11.0,11.0,11.0,36.0,41.0,62,61,63,62,67,61,61,62,62,62,62,62,62,62,62,38,39,37,38,33,39,39,38,38,38,38,38,38,38,38,75,67,No,No,No,No,No,No,No,No,No,No,No,No,No,No,No,No,No,No,No,No,No,No,No,No,No,No,No,No,No,No,No,No,No,No,No,No,No,No,No,No,No,No,No,No,No,No,No,No,75,69,65,1.100,14.344,14.187,8.411,0.001,4.432,0.428,175.0,175.0,175.0,175.0,0,0.0,14.7,3.7,12.5,0.1,8.1,33.9,0.0,0.0,80.2,4.7,0.0,13.8,0.0,36.8,19.9,12.5,54.9,6.8,2.8,1.5,1.2,14.7,21.2,34.8,60.1,18.5,17.7,40.5,5.0,0.4,1.5,5.5,0.9,0.0,0.0,0.0,45.8,0.0,0.0,1.0,0.4,0.0,0.0,54.7,78.3,84.7,36.0,91.7,97.0,98.3,98.7,38.6,58.4,53.2,1.8,0.0,74.4,43.6,2394.1,24.00,36,35,35,68,103,383,2,2,Yes,No,No,No,No,No,No,No,No,No,Yes,No,No,Yes,No,No,No,No,No,No,No,Yes,No,No,No,No,No,Yes,No,No,No,No,No,No,No,Yes,No,No,92.0,3900,3300,3780,57.0,1.095,1.110,1.800,1.815,1.005,5.110,0.875,No,No,No,57.2,1.095,1.110,1.800,1.815,1.005,5.110,0.625,No,No,No,48,48,94.0,100.0,No,No,32158,47985,36,70,99.0,100.0,No,No,1844,3246,100.0,0.2,100.0,22.767,0.086,94302,52239,0.0,0.0,0.0,0.000,0.000,164001,82786,70.6,78.0,75.6,83.0,0.875,20.639,20.626,20.653,61.155,34.326,38.154,23.554,61.774,3.000,26.548,55.933,31.322,100.000,140.000,2250.0,2150.2,1890.0,2236.2,1905.0,92.0,55.0,0.0,1.0,92.5,25.0,100.0,0.0,0.0,0.0,Yes,No,No,No,No,Yes,No,0,0,0,0,0,0,0,0,0,0,0,0,0,0,0,0,0,0,0,0,0,0,0,0,0,0,0,0,0,0,617,7571,7338,554,16.0,64,0.300,15.749,600.0,997.0,0.1,0.0,0.0,0.0,0.0,0.0,0.0,0.0,0.8,127,16065,127,No,No,No,No,No,No,No,No,16.746,68.277,100.0,0.000,24.1,0,0,0,0.0,2.2,2.2,2.2,2.2,2.2,2.2,2.3,2.3,2.3,2.3,2.3,2.3,459.14,459.14,459.14,459.14,459.14,459.14,0.52,457.87,459.14,0.00,113.37,651,9,0.1,0.1,0,0,0.0,0.0,0,
9.6.2026,14:17:1.545,24031,24737,49.2,14564,17820,44.9,10.5,16384,1720,1.172,1.209,1.173,1.153,1.193,1.133,1.169,1.154,1.189,1.159,1.159,1.194,1.191,1.166,1.166,1.101,0.783,2137.6,1396.6,4688.5,4489.0,4688.5,1396.6,4489.0,1097.3,1097.3,1097.3,1097.3,1097.3,1097.3,1097.3,1097.3,99.8,4090.0,343.7,80.1,232.9,2.2,280.9,1602.3,0.6,2.7,3544.2,205.8,0.5,324.6,0.8,185.2,58.3,44.8,275.9,28.5,1.4,1.0,0.8,427.6,12.2,4.2,24.9,1.4,16.2,37.9,5.0,0.6,76.8,10.4,0.0,11.8,0.0,16.8,5.2,3.9,25.0,2.4,0.0,0.2,0.6,76.8,12.2,100.0,14.1,3.4,10.0,0.2,12.1,63.4,0.0,0.2,135.3,8.7,0.0,13.3,0.0,11.1,3.3,2.5,15.6,1.6,0.1,0.3,0.1,14.1,21.4,14.0,47.0,45.0,47.0,14.0,45.0,11.0,11.0,11.0,11.0,11.0,11.0,11.0,11.0,41.0,61,65,61,62,63,58,56,62,62,62,62,61,61,61,61,39,35,39,38,37,42,44,38,38,38,38,39,39,39,39,75,65,No,No,No,No,No,No,No,No,No,No,No,No,No,No,No,No,No,No,No,No,No,No,No,No,No,No,No,No,No,No,No,No,No,No,No,No,No,No,No,No,No,No,No,No,No,No,No,No,74,66,64,1.100,9.281,16.148,10.255,0.001,4.570,0.434,175.0,175.0,175.0,175.0,0,0.0,11.4,4.5,16.6,0.1,16.9,38.1,0.0,0.1,76.9,10.2,0.0,11.8,0.0,16.6,5.2,4.0,24.7,2.6,0.1,0.1,0.1,16.0,8.5,56.1,52.4,20.7,35.7,24.8,15.3,0.0,0.0,9.9,0.9,0.0,0.0,0.0,51.2,0.0,0.0,2.8,1.5,0.0,0.0,65.0,94.1,95.6,62.9,96.1,99.7,99.7,99.7,33.4,64.6,22.2,3.2,0.0,49.7,60.8,2394.1,24.00,36,35,35,68,103,383,2,2,Yes,No,No,No,No,No,No,No,No,No,Yes,No,No,Yes,No,No,No,No,No,No,No,Yes,No,No,No,No,No,Yes,No,No,No,No,No,No,No,Yes,No,No,91.0,3840,3300,3720,57.0,1.110,1.110,1.800,1.815,1.005,5.110,0.625,No,No,No,57.2,1.110,1.110,1.800,1.815,1.005,5.110,0.500,No,No,No,48,48,94.0,100.0,No,No,32158,47985,36,70,99.0,100.0,No,No,1844,3246,100.0,0.2,100.0,23.529,0.066,94346,52239,0.0,0.0,0.0,0.000,0.000,164001,82786,71.2,76.0,76.3,83.0,0.875,20.637,20.622,20.652,58.393,32.275,40.117,24.499,64.683,3.000,27.509,34.457,31.658,100.000,140.000,2250.0,2150.2,1890.0,2238.1,1905.0,92.0,54.0,0.0,0.0,92.5,20.2,80.6,0.0,0.0,0.0,Yes,No,No,No,No,Yes,No,0,0,0,0,0,0,0,0,0,0,0,0,0,0,0,0,0,0,0,0,0,0,0,0,0,0,0,0,0,0,617,7571,7338,566,16.0,64,0.300,15.330,600.0,2394.0,0.1,0.0,0.0,0.0,0.0,0.0,0.0,0.0,0.8,127,16065,127,No,No,No,No,No,No,No,No,16.746,68.277,100.0,0.000,24.1,0,0,0,0.0,4.6,9.6,3.0,3.0,3.0,3.0,4.9,9.7,3.3,3.2,3.2,3.2,218.66,333.06,104.27,102.17,335.39,335.39,0.33,218.12,218.66,0.00,241.31,651,9,0.2,0.2,0,0,0.0,0.0,0,
9.6.2026,14:17:3.552,24029,24739,49.2,14586,17798,45.0,10.5,16384,1720,1.195,1.195,1.180,1.210,1.200,1.180,1.190,1.205,1.205,1.188,1.188,1.194,1.184,1.184,1.224,1.101,0.781,2244.5,2094.9,1396.6,4888.0,4888.0,4688.5,4688.5,1097.3,1097.3,1097.3,1097.3,1097.3,1097.3,1097.3,1097.3,99.8,4090.0,383.9,78.6,162.5,1.6,166.9,2232.8,0.3,1.0,2889.3,176.7,0.2,552.1,0.2,402.0,226.4,90.7,577.1,58.0,54.1,6.2,0.5,472.4,14.3,4.7,12.3,0.0,5.9,48.9,0.0,0.0,62.4,8.6,0.0,15.3,0.0,36.9,21.3,7.4,53.1,4.4,4.0,0.0,0.0,62.4,14.3,100.0,16.2,3.1,7.0,0.1,7.4,85.9,0.0,0.1,110.6,7.4,0.0,22.7,0.0,22.9,12.7,5.0,32.2,3.2,3.0,0.4,0.1,16.2,22.5,21.0,14.0,49.0,49.0,47.0,47.0,11.0,11.0,11.0,11.0,11.0,11.0,11.0,11.0,41.0,63,60,63,74,66,61,60,62,62,62,62,62,62,62,62,37,40,37,26,34,39,40,38,38,38,38,38,38,38,38,74,74,No,No,No,No,No,No,No,No,No,No,No,No,No,No,No,No,No,No,No,No,No,No,No,No,No,No,No,No,No,No,No,No,No,No,No,No,No,No,No,No,No,No,No,No,No,No,No,No,75,67,64,1.100,7.594,14.156,8.349,0.001,4.491,0.432,175.0,175.0,175.0,175.0,0,0.0,14.4,4.1,11.7,0.1,8.5,48.8,0.0,0.0,62.3,9.0,0.0,15.8,0.0,35.8,20.4,8.2,52.0,5.3,4.9,0.6,0.1,15.4,6.1,35.5,45.7,33.1,17.7,45.2,13.2,2.8,0.0,15.1,0.0,0.6,0.5,0.0,45.3,0.0,0.0,1.8,1.5,1.7,0.0,46.8,74.9,91.3,28.8,94.4,94.1,98.7,99.8,38.6,72.5,51.7,1.5,1.4,68.0,36.2,2394.1,24.00,36,35,35,68,103,383,2,2,Yes,No,No,No,No,No,No,No,No,No,Yes,No,No,Yes,No,No,No,No,No,No,No,Yes,No,No,No,No,No,Yes,No,No,No,No,No,No,No,Yes,No,No,92.0,3840,3360,3720,57.0,1.110,1.110,1.800,1.815,1.005,5.110,0.750,No,No,No,57.2,1.110,1.110,1.800,1.815,1.005,5.110,0.750,No,No,No,48,48,94.0,100.0,No,No,32158,47985,36,70,99.0,100.0,No,No,1844,3246,100.0,0.2,100.0,20.548,0.119,94386,52239,0.0,0.0,0.0,0.000,0.000,164001,82786,70.9,78.0,76.0,83.0,0.875,20.644,20.630,20.658,61.398,29.605,37.414,23.477,60.962,3.000,26.463,27.786,28.134,100.000,140.000,2250.0,2150.2,1890.0,2237.6,1905.0,92.0,55.0,0.0,0.0,92.5,25.0,100.0,0.0,0.0,0.0,Yes,No,No,No,No,Yes,No,0,0,0,0,0,0,0,0,0,0,0,0,0,0,0,0,0,0,0,0,0,0,0,0,0,0,0,0,0,0,617,7571,7338,567,16.0,64,0.300,15.500,600.0,2394.0,0.1,0.0,0.0,0.0,0.0,0.0,0.0,0.0,0.8,127,16065,127,No,No,No,No,No,No,No,No,16.747,68.277,100.0,0.000,24.1,0,0,0,0.0,3.1,3.1,3.1,3.1,3.1,3.1,3.6,3.6,3.6,3.6,3.6,3.6,325.94,325.94,325.94,325.94,325.94,325.94,0.89,325.40,325.94,0.00,279.54,651,9,0.6,0.9,0,0,0.0,0.0,0,
9.6.2026,14:17:5.551,24037,24731,49.2,14627,17756,45.1,10.5,16384,1720,1.195,1.195,1.190,1.190,1.195,1.185,1.175,1.200,1.205,1.175,1.216,1.186,1.216,1.195,1.200,1.101,0.781,2800.3,4489.0,4688.5,4688.5,4688.5,4688.5,4688.5,1097.3,1097.3,1097.3,1097.3,1097.3,1097.3,1097.3,3591.2,99.8,4090.0,417.7,100.6,116.3,1.0,70.3,2221.7,0.4,0.7,3007.4,70.3,0.3,872.4,0.3,532.7,304.1,196.1,794.1,50.8,10.8,2.4,1.0,518.0,17.3,4.8,2.9,0.5,5.0,47.5,3.5,0.0,64.1,1.1,0.0,22.1,24.0,48.4,27.1,17.3,72.4,4.3,0.7,0.0,0.0,72.4,17.3,100.0,18.0,4.1,4.9,0.1,3.5,86.7,0.0,0.1,115.5,3.3,0.0,35.3,0.0,30.3,16.6,11.4,44.0,2.8,0.6,0.2,0.1,18.0,28.1,45.0,47.0,47.0,47.0,47.0,47.0,11.0,11.0,11.0,11.0,11.0,11.0,11.0,36.0,41.0,63,62,61,68,66,61,65,62,62,62,62,61,61,61,62,37,38,39,32,34,39,35,38,38,38,38,39,39,39,38,75,68,No,No,No,No,No,No,No,No,No,No,No,No,No,No,No,No,No,No,No,No,No,No,No,No,No,No,No,No,No,No,No,No,No,No,No,No,No,No,No,No,No,No,No,No,No,No,No,No,75,64,65,1.100,6.750,16.020,10.186,0.001,4.514,0.432,175.0,175.0,175.0,175.0,0,0.0,15.8,5.1,3.8,0.1,3.1,47.6,0.0,0.0,64.2,2.3,0.0,21.0,0.0,47.3,26.8,17.3,70.7,4.6,1.0,0.2,0.1,15.1,17.6,22.0,48.2,34.0,9.4,55.9,9.4,0.0,12.5,2.8,0.0,0.0,0.0,0.0,42.4,0.0,0.0,1.4,0.4,0.0,0.0,37.9,71.4,67.8,21.0,94.9,98.8,99.6,99.8,41.3,71.4,71.1,0.4,0.0,84.7,20.0,997.6,10.00,22,15,15,28,103,160,2,2,Yes,No,No,No,No,No,No,No,No,No,Yes,No,No,Yes,No,No,No,No,No,No,No,Yes,No,No,No,No,No,Yes,No,No,No,No,No,No,No,Yes,No,No,92.0,3900,3240,3720,57.0,1.110,1.110,1.815,1.815,1.005,5.110,0.750,No,No,No,57.2,1.110,1.110,1.800,1.815,1.005,5.110,0.750,No,No,No,48,48,94.0,100.0,No,No,32158,47985,36,70,99.0,100.0,No,No,1844,3246,100.0,0.4,100.0,22.635,0.230,94429,52240,0.0,0.0,0.0,0.000,0.000,164001,82786,70.4,78.0,75.3,83.0,0.875,20.656,20.642,20.670,61.993,27.092,35.674,22.252,58.001,3.000,25.243,15.512,29.966,100.000,140.000,2250.0,2150.2,1890.0,2233.7,1905.0,89.0,57.0,0.0,1.0,92.5,25.0,100.0,0.0,0.0,0.0,Yes,No,No,No,No,Yes,No,0,0,0,0,0,0,0,0,0,0,0,0,0,0,0,0,0,0,0,0,0,0,0,0,0,0,0,0,0,0,617,7571,7338,567,16.0,65,0.300,16.541,600.0,2394.0,0.1,0.0,0.0,0.0,0.0,0.0,0.0,0.0,0.8,127,16065,127,No,No,No,No,No,No,No,No,16.746,68.277,100.0,0.000,24.1,0,0,0,0.0,2.3,2.3,2.3,2.3,2.3,2.3,2.5,2.5,2.5,2.5,2.5,2.5,438.05,438.05,438.05,438.05,438.05,438.05,1.00,437.12,438.05,0.00,392.97,651,9,1.5,0.4,0,0,0.0,0.0,0,
9.6.2026,14:17:7.546,24025,24743,49.2,14669,17714,45.2,10.5,16384,1720,1.201,1.213,1.155,1.190,1.170,1.210,1.177,1.207,1.202,1.213,1.221,1.216,1.203,1.214,1.224,1.063,0.783,2387.0,1396.6,4489.0,4688.5,4688.5,4688.5,4688.5,1097.3,1097.3,1097.3,1097.3,1097.3,1097.3,1097.3,1097.3,99.8,3890.5,371.0,81.2,215.8,1.1,240.1,2185.3,0.3,1.3,2948.6,245.6,0.2,535.0,0.2,274.2,114.9,55.7,513.2,5.6,0.5,0.4,0.5,463.3,13.9,4.1,16.6,1.7,13.8,50.6,0.0,1.7,64.1,13.9,0.0,15.5,0.0,24.9,10.6,6.5,46.1,2.2,1.7,1.7,1.7,64.1,13.9,100.0,15.4,3.4,9.2,0.1,10.3,84.9,0.0,0.1,113.1,10.2,0.0,22.2,0.0,15.7,6.4,3.1,29.1,0.3,0.0,0.0,0.0,15.4,23.9,14.0,45.0,47.0,47.0,47.0,47.0,11.0,11.0,11.0,11.0,11.0,11.0,11.0,11.0,39.0,63,63,62,71,64,61,60,63,63,63,63,61,61,62,62,37,37,38,29,36,39,40,37,37,37,37,39,39,38,38,75,71,No,No,No,No,No,No,No,No,No,No,No,No,No,No,No,No,No,No,No,No,No,No,No,No,No,No,No,No,No,No,No,No,No,No,No,No,No,No,No,No,No,No,No,No,No,No,No,No,75,68,64,1.100,5.906,17.352,11.440,0.001,4.589,0.436,175.0,175.0,175.0,175.0,0,0.0,13.0,3.9,15.5,0.1,13.3,50.5,0.0,0.0,64.0,12.7,0.0,14.9,0.0,24.4,10.2,4.9,44.9,0.5,0.1,0.0,0.0,16.2,17.9,40.5,43.7,33.7,26.8,35.1,12.3,0.0,2.1,15.0,0.0,0.0,0.0,0.0,48.5,0.0,0.0,1.8,0.5,1.2,0.0,60.1,89.1,92.5,35.6,99.3,99.8,99.9,99.8,34.0,58.0,41.9,1.3,0.2,55.0,47.6,2394.1,24.00,36,35,35,68,103,383,2,2,Yes,No,No,No,No,No,No,No,No,No,Yes,No,No,Yes,No,No,No,No,No,No,No,Yes,No,No,No,No,No,Yes,No,No,No,No,No,No,No,Yes,No,No,93.0,3840,3180,3780,57.0,1.110,1.110,1.815,1.815,1.005,5.110,0.625,No,No,No,57.2,1.110,1.110,1.815,1.815,1.005,5.110,0.750,No,No,No,48,48,94.0,100.0,No,No,32158,47985,36,70,99.0,100.0,No,No,1844,3246,100.0,0.3,100.0,21.645,0.064,94471,52240,0.0,0.0,0.0,0.000,0.000,164001,82786,67.8,78.0,72.3,83.0,0.875,20.704,20.695,20.713,60.059,17.248,24.237,15.170,39.457,3.000,18.146,9.204,11.521,100.000,140.000,2250.0,2150.2,1890.0,2234.6,1905.0,79.0,36.0,0.0,1.0,92.5,25.0,100.0,0.0,0.0,0.0,Yes,No,No,No,No,Yes,No,0,0,0,0,0,0,0,0,0,0,0,0,0,0,0,0,0,0,0,0,0,0,0,0,0,0,0,0,0,0,617,7571,7338,567,16.0,64,0.300,16.865,600.0,997.0,0.1,0.0,0.0,0.0,0.0,0.0,0.0,0.0,0.8,127,16065,127,No,No,No,No,No,No,No,No,16.746,68.277,100.0,0.000,24.1,0,0,0,0.0,3.0,3.0,3.0,3.0,3.0,3.0,3.2,3.2,3.2,3.2,3.2,3.2,336.93,336.93,336.93,336.93,336.93,336.93,0.71,336.65,336.93,0.00,250.30,651,9,0.3,0.2,0,0,0.0,0.0,0,
9.6.2026,14:17:9.554,23905,24862,49.0,14983,17401,46.2,10.5,16384,1720,1.073,1.194,1.194,1.184,1.209,1.219,1.219,1.199,1.199,1.199,0.819,0.827,0.827,0.857,0.877,1.101,0.781,2750.4,4688.5,4688.5,4688.5,4888.0,4688.5,4688.5,1097.3,1097.3,1097.3,1097.3,1097.3,1097.3,1097.3,2493.9,99.8,4090.0,1129.0,1066.9,920.8,854.3,1030.4,2951.0,1008.1,1064.0,2380.0,1033.0,844.0,1311.4,848.3,1050.8,949.5,841.3,1277.7,801.6,840.4,766.7,739.1,1214.5,41.3,29.6,27.4,21.9,27.5,68.1,61.6,26.6,55.4,27.0,59.2,33.7,61.2,53.8,44.5,35.7,74.0,31.7,34.2,28.0,25.8,74.0,41.3,100.0,49.6,41.5,36.0,33.1,40.5,114.7,38.9,41.1,92.2,40.3,32.6,51.4,32.8,58.2,51.6,46.4,69.8,44.0,45.7,41.9,40.0,49.6,27.6,47.0,47.0,47.0,49.0,47.0,47.0,11.0,11.0,11.0,11.0,11.0,11.0,11.0,25.0,41.0,67,67,69,68,80,65,66,67,67,67,67,65,65,65,65,33,33,31,32,20,35,34,33,33,33,33,35,35,35,35,82,80,No,No,No,No,No,No,No,No,No,No,No,No,No,No,No,No,No,No,No,No,No,No,No,No,No,No,No,No,No,No,Yes,Yes,Yes,Yes,Yes,Yes,Yes,Yes,Yes,Yes,Yes,Yes,Yes,Yes,Yes,No,No,Yes,78,74,66,1.100,52.313,15.726,9.877,0.001,4.555,0.437,175.0,175.0,175.0,175.0,0,0.0,35.3,29.2,27.4,22.1,27.7,67.1,25.5,26.8,54.9,26.6,21.9,33.2,22.0,52.4,43.8,34.6,72.0,31.2,33.9,27.9,26.0,10.3,11.4,16.9,22.7,26.7,8.6,21.0,12.8,4.4,3.0,2.7,7.0,0.7,3.6,2.9,31.4,2.2,2.6,3.7,3.2,2.5,3.6,30.4,49.6,59.6,21.8,59.3,64.0,66.7,69.8,33.7,46.8,48.2,1.4,8.1,58.4,39.1,2394.1,24.00,36,35,35,68,103,383,2,2,Yes,No,No,No,No,No,No,No,No,Yes,Yes,No,No,Yes,No,No,No,No,No,No,No,Yes,No,No,No,No,No,Yes,No,No,No,No,No,No,No,Yes,No,No,91.0,3900,3240,3720,57.0,1.110,1.110,1.815,1.815,1.005,5.110,1.000,No,No,No,57.2,1.110,1.110,1.815,1.815,1.005,5.110,0.750,No,No,No,48,48,94.0,100.0,No,No,32158,47985,36,70,99.0,100.0,No,No,1844,3246,100.0,0.1,100.0,24.859,0.058,94518,52240,0.0,0.0,0.0,0.000,0.000,164001,82786,61.9,72.0,68.9,83.0,0.875,20.604,20.611,20.596,31.747,9.862,9.953,8.904,18.887,3.000,11.921,8.169,8.203,100.000,140.000,2250.0,2150.2,1890.0,2239.6,1905.0,1.0,0.0,0.0,0.0,85.6,15.5,62.2,0.0,0.0,0.0,Yes,No,No,No,No,Yes,No,0,0,0,0,0,0,0,0,0,0,0,0,0,0,0,0,0,0,0,0,0,0,0,0,0,0,0,0,0,0,1175,7013,6780,567,16.0,65,0.300,18.937,550.0,2394.0,0.1,0.0,0.0,0.0,0.0,0.0,0.0,0.0,0.8,127,16065,127,No,No,No,No,No,No,No,No,16.746,68.277,100.0,0.000,24.1,0,0,0,0.0,15.8,2917.4,3.1,2.9,2.9,2.9,14.8,161.9,3.3,3.2,3.2,3.2,63.21,323.33,0.34,0.34,341.06,341.06,0.29,62.93,63.21,0.00,87.18,651,9,0.3,0.2,0,0,0.0,0.0,0,
9.6.2026,14:17:11.537,24153,24615,49.5,14207,18177,43.8,10.5,16384,1720,1.199,1.155,1.187,1.177,1.177,1.192,1.144,1.234,1.219,1.220,1.220,1.200,1.220,1.220,1.220,1.063,0.783,2109.1,1396.6,4688.5,1396.6,4688.5,4688.5,1396.6,3591.2,1097.3,1097.3,1097.3,1097.3,1097.3,1097.3,1097.3,99.8,3890.5,625.8,527.6,217.1,110.9,831.7,2693.0,173.6,178.5,3120.3,706.2,125.6,1153.0,116.9,464.3,337.5,284.6,663.6,297.4,209.6,167.4,136.4,731.5,19.4,18.4,11.2,2.1,29.6,61.9,0.0,3.7,69.5,20.7,0.0,39.4,0.0,28.0,17.2,13.2,44.4,13.0,7.6,4.9,3.6,69.5,19.4,100.0,26.6,21.8,8.7,4.3,34.6,104.9,6.7,6.9,120.8,28.0,4.8,45.7,4.5,25.8,18.7,15.6,37.3,16.2,11.3,9.0,7.3,26.7,21.1,14.0,47.0,14.0,47.0,47.0,14.0,36.0,11.0,11.0,11.0,11.0,11.0,11.0,11.0,39.0,62,63,63,64,63,62,60,61,61,61,61,62,61,61,61,38,37,37,36,37,38,40,39,39,39,39,38,39,39,39,75,64,No,No,No,No,No,No,No,No,No,No,No,No,No,No,No,No,No,No,No,No,No,No,No,No,No,No,No,No,No,No,Yes,Yes,Yes,Yes,Yes,Yes,Yes,Yes,Yes,Yes,Yes,Yes,Yes,Yes,Yes,No,No,Yes,75,66,66,1.100,9.281,31.601,24.961,0.001,5.084,0.636,175.0,140.0,175.0,175.0,0,0.0,20.1,18.3,10.2,2.8,29.2,61.6,4.3,4.4,69.3,20.8,3.1,39.0,2.9,28.7,18.3,14.3,43.6,13.9,8.3,5.5,4.3,15.8,28.0,51.2,30.1,25.3,33.6,11.7,3.7,9.1,2.6,23.1,1.8,1.1,0.1,0.1,44.9,4.6,3.8,2.9,2.0,5.3,1.7,64.7,70.7,82.1,28.6,83.4,90.0,94.0,95.2,21.3,36.1,9.1,2.0,0.0,36.1,44.8,997.6,10.00,22,15,15,28,103,160,2,2,Yes,No,No,No,No,No,No,No,No,Yes,Yes,No,No,Yes,No,No,No,No,No,No,No,Yes,No,No,No,No,No,Yes,No,No,No,No,No,No,No,Yes,No,No,92.0,4020,3120,3840,57.0,1.110,1.110,1.815,1.815,1.005,5.110,1.000,No,No,No,57.5,1.110,1.110,1.815,1.815,1.005,5.110,0.750,No,No,No,48,48,94.0,100.0,No,No,32158,47985,36,70,99.0,100.0,No,No,1844,3246,100.0,0.2,100.0,22.881,0.545,94562,52241,0.0,0.0,0.0,0.000,0.000,164001,82786,62.0,70.0,68.5,83.0,0.875,20.739,20.737,20.741,25.652,10.936,13.340,9.145,22.504,3.000,12.153,8.171,8.241,100.000,140.000,2250.0,2150.2,1890.0,2207.3,1905.0,17.0,1.0,0.0,2.0,93.4,2.1,8.3,0.0,0.0,0.0,Yes,No,No,No,No,Yes,No,0,0,0,0,0,0,0,0,0,0,0,0,0,0,0,0,0,0,0,0,0,0,0,0,0,0,0,0,0,0,539,7649,7416,567,16.0,65,0.300,35.177,600.0,2394.0,0.1,0.0,0.0,0.0,0.0,0.0,0.0,0.0,0.8,127,16065,127,No,No,No,No,No,No,No,No,16.747,68.277,100.0,0.000,24.1,0,0,0,0.0,15.8,2917.4,3.1,2.9,2.9,2.9,14.8,161.9,3.3,3.2,3.2,3.2,63.21,323.33,0.34,0.34,341.06,341.06,0.29,62.93,63.21,0.00,87.18,651,9,2.0,0.0,0,0,0.0,0.0,0,
9.6.2026,14:17:13.543,24071,24697,49.3,14211,18173,43.8,10.5,16384,1720,1.181,1.183,1.175,1.197,1.197,1.171,1.146,1.198,1.198,1.163,1.178,1.178,1.178,1.178,1.187,1.063,0.781,2372.8,4489.0,4688.5,4688.5,4688.5,1396.6,4489.0,1097.3,1097.3,1097.3,1097.3,1097.3,1097.3,1097.3,1097.3,99.8,3890.5,370.5,241.0,102.1,58.4,156.0,1296.0,0.3,2506.8,1496.2,336.3,0.4,340.2,0.2,74.8,26.2,31.9,117.0,223.9,156.6,194.7,50.3,424.0,12.2,12.2,5.8,4.5,0.0,31.8,20.3,55.9,0.0,14.3,2.1,14.3,0.0,7.0,2.6,3.3,9.4,21.3,14.6,19.0,5.1,55.9,12.2,100.0,15.6,11.9,4.5,3.2,6.9,54.3,0.0,96.8,57.1,14.3,0.0,14.0,0.0,4.3,1.4,1.7,6.5,13.1,8.7,10.7,2.7,15.6,23.8,45.0,47.0,47.0,47.0,14.0,45.0,11.0,11.0,11.0,11.0,11.0,11.0,11.0,11.0,39.0,62,62,65,64,64,62,62,62,62,61,61,62,62,62,62,38,38,35,36,36,38,38,38,38,39,39,38,38,38,38,75,65,No,No,No,No,No,No,No,No,No,No,No,No,No,No,No,No,No,No,No,No,No,No,No,No,No,No,No,No,No,No,No,No,No,No,No,No,No,No,No,No,No,No,No,No,No,No,No,No,75,64,64,1.100,9.281,23.964,17.715,0.001,4.865,0.515,175.0,150.0,175.0,175.0,0,0.0,12.8,12.3,7.2,3.2,8.2,32.1,0.0,54.7,32.2,14.8,0.0,14.5,0.0,6.4,2.1,2.7,10.0,19.8,14.0,17.6,4.5,18.8,52.4,31.3,61.8,10.4,43.5,34.2,4.6,0.0,0.0,1.4,14.7,5.5,3.9,0.0,49.2,0.0,0.0,0.6,0.2,0.0,2.2,88.0,97.7,97.1,88.0,62.4,79.2,77.4,95.3,26.2,21.1,52.3,0.0,1.1,36.9,46.1,2394.1,24.00,36,35,35,68,103,383,2,2,Yes,No,No,No,No,No,No,No,No,No,Yes,No,No,Yes,No,No,No,No,No,No,No,Yes,No,No,No,No,No,Yes,No,No,No,No,No,No,No,Yes,No,No,93.0,4200,3000,4020,57.2,1.095,1.110,1.815,1.815,1.005,5.110,0.625,No,No,No,57.5,1.110,1.110,1.815,1.815,1.005,5.110,0.750,No,No,No,48,48,94.0,100.0,No,No,32159,47985,36,70,99.0,100.0,No,No,1844,3246,100.0,10.3,100.0,20.098,0.784,94600,52243,0.0,0.0,0.0,0.000,0.000,164001,82786,68.8,76.0,73.4,83.0,0.875,20.663,20.652,20.674,61.706,22.706,32.008,19.392,51.478,3.000,22.370,9.007,21.684,100.000,140.000,2250.0,2150.2,1890.0,2236.0,1905.0,78.0,47.0,0.0,0.0,93.4,25.0,100.0,0.0,0.0,0.0,Yes,No,No,No,No,Yes,No,0,0,0,0,0,0,0,0,0,0,0,0,0,0,0,0,0,0,0,0,0,0,0,0,0,0,0,0,0,0,539,7649,7416,567,16.0,65,0.300,17.879,550.0,997.0,0.1,0.0,0.0,0.0,0.0,0.0,0.0,0.0,0.8,127,16065,127,No,No,No,No,No,No,No,No,16.747,68.277,100.0,0.000,24.1,0,0,0,0.0,15.8,2917.4,3.1,2.9,2.9,2.9,14.8,161.9,3.3,3.2,3.2,3.2,63.21,323.33,0.34,0.34,341.06,341.06,0.29,62.93,63.21,0.00,87.18,651,9,0.3,0.2,0,0,0.0,0.0,0,
9.6.2026,14:17:15.547,23999,24768,49.2,14272,18111,44.0,10.5,16384,1720,1.206,1.211,1.177,1.178,1.178,1.193,1.193,1.224,1.229,1.229,1.227,1.217,1.222,1.217,1.192,1.101,0.781,2935.7,4688.5,1396.6,4688.5,4688.5,4688.5,4688.5,1097.3,3591.2,3591.2,3591.2,1097.3,1097.3,1097.3,1097.3,99.8,4090.0,372.4,177.9,13.5,64.4,6.2,2017.1,0.3,3374.5,0.4,375.4,0.5,352.0,0.5,13.5,0.6,0.6,0.6,177.7,264.3,494.3,113.2,399.9,15.3,7.7,0.3,2.6,5.1,44.8,0.0,77.9,17.2,11.9,0.0,9.4,35.9,1.0,0.0,0.0,0.0,15.4,23.7,44.3,9.5,77.9,15.3,100.0,15.7,8.0,0.9,3.4,0.4,80.6,0.0,131.0,0.0,15.9,0.0,14.5,0.0,0.9,0.1,0.1,0.1,9.9,14.5,26.7,6.2,15.7,29.4,47.0,14.0,47.0,47.0,47.0,47.0,11.0,36.0,36.0,36.0,11.0,11.0,11.0,11.0,41.0,62,61,62,67,59,61,60,61,61,61,61,64,64,64,64,38,39,38,33,41,39,40,39,39,39,39,36,36,36,36,75,67,No,No,No,No,No,No,No,No,No,No,No,No,No,No,No,No,No,No,No,No,No,No,No,No,No,No,No,No,No,No,No,No,No,No,No,No,No,No,No,No,No,No,No,No,No,No,No,No,74,64,64,1.100,5.063,17.128,11.223,0.001,4.565,0.436,175.0,160.0,175.0,175.0,0,0.0,12.5,7.9,0.6,2.8,0.2,45.1,0.0,76.5,0.0,12.3,0.0,10.5,0.0,1.2,0.0,0.0,0.0,15.5,23.3,43.5,9.5,16.1,31.7,37.7,49.1,19.7,45.8,28.5,3.2,0.0,0.0,0.0,4.5,3.1,1.0,1.6,49.3,0.0,0.0,1.3,0.8,0.0,0.4,95.0,99.8,99.8,99.8,78.6,72.3,54.1,88.3,34.7,56.7,56.9,0.1,0.3,37.3,56.6,2394.1,24.00,36,35,35,68,103,383,2,2,Yes,No,No,No,No,No,No,No,No,No,Yes,No,No,Yes,No,No,No,No,No,No,No,Yes,No,No,No,No,No,Yes,No,No,No,No,No,No,No,Yes,No,No,91.0,4260,2820,4080,57.2,1.095,1.110,1.815,1.815,1.005,5.110,0.750,No,No,No,57.5,1.095,1.110,1.815,1.815,1.005,5.110,0.625,No,No,No,48,48,94.0,100.0,No,No,32159,47985,36,70,99.0,100.0,No,No,1844,3246,100.0,0.1,100.0,20.064,0.073,94639,52243,0.0,0.0,0.0,0.000,0.000,164001,82786,71.0,76.0,76.2,83.0,0.875,20.647,20.634,20.660,61.426,30.237,36.196,21.625,57.910,3.000,24.615,31.735,36.579,100.000,140.000,2250.0,2150.2,1890.0,2237.4,1905.0,92.0,59.0,0.0,0.0,92.5,25.0,100.0,0.0,0.0,0.0,Yes,No,No,No,No,Yes,No,0,0,0,0,0,0,0,0,0,0,0,0,0,0,0,0,0,0,0,0,0,0,0,0,0,0,0,0,0,0,617,7571,7338,567,16.0,65,0.300,16.904,550.0,2394.0,0.1,0.0,0.0,0.0,0.0,0.0,0.0,0.0,0.8,127,16065,127,No,No,No,No,No,No,No,No,16.747,68.277,100.0,0.000,24.1,0,0,0,0.0,15.8,2917.4,3.1,2.9,2.9,2.9,14.8,161.9,3.3,3.2,3.2,3.2,63.21,323.33,0.34,0.34,341.06,341.06,0.29,62.93,63.21,0.00,87.18,651,9,0.1,0.3,0,0,0.0,0.0,0,
9.6.2026,14:17:17.548,23992,24775,49.1,14296,18088,44.1,10.5,16384,1720,1.183,1.188,1.156,1.156,1.181,1.196,1.154,1.194,1.194,1.194,1.169,1.187,1.197,1.197,1.197,1.101,0.783,2194.6,2194.6,4489.0,4489.0,4688.5,4688.5,1396.6,1097.3,1097.3,1097.3,1097.3,1097.3,1097.3,1097.3,1097.3,99.8,4090.0,396.8,156.3,31.2,245.6,10.9,3408.8,0.2,1934.4,0.3,151.4,0.2,119.9,0.1,24.7,18.5,7.8,0.8,554.6,597.6,397.3,275.6,382.0,17.3,8.0,3.7,9.2,13.5,73.6,0.0,44.0,0.0,5.8,6.6,7.0,0.0,3.0,2.4,1.5,0.8,50.4,54.7,36.1,25.2,73.6,17.3,100.0,17.2,7.1,2.1,10.7,0.7,131.1,0.0,75.4,0.0,6.5,0.0,5.4,0.0,1.4,1.0,0.4,0.1,31.1,33.6,21.7,15.3,17.2,22.0,22.0,45.0,45.0,47.0,47.0,14.0,11.0,11.0,11.0,11.0,11.0,11.0,11.0,11.0,41.0,62,62,63,63,64,62,60,61,61,61,61,62,62,62,62,38,38,37,37,36,38,40,39,39,39,39,38,38,38,38,74,64,No,No,No,No,No,No,No,No,No,No,No,No,No,No,No,No,No,No,No,No,No,No,No,No,No,No,No,No,No,No,No,No,No,No,No,No,No,No,No,No,No,No,No,No,No,No,No,No,74,66,64,1.100,5.906,16.980,11.089,0.001,4.565,0.438,175.0,170.0,175.0,175.0,0,0.0,15.8,7.9,2.2,9.1,0.7,73.4,0.0,43.7,0.0,6.0,0.0,5.0,0.0,2.2,1.7,0.7,0.1,49.5,53.3,35.5,24.4,15.6,62.3,32.5,24.1,43.4,14.8,14.9,0.0,0.0,0.0,0.0,6.9,10.1,2.2,8.0,42.3,0.0,0.0,0.6,1.4,0.0,0.0,97.2,98.1,99.1,99.8,38.9,31.3,60.6,65.6,39.4,22.6,53.7,0.1,8.7,75.6,75.7,997.6,10.00,22,15,15,28,103,160,2,2,Yes,No,No,No,No,No,No,No,No,No,Yes,No,No,Yes,No,No,No,No,No,No,No,Yes,No,No,No,No,No,Yes,No,No,No,No,No,No,No,Yes,No,No,91.0,4020,2760,3960,57.2,1.095,1.110,1.815,1.815,1.005,5.110,0.875,No,No,No,57.5,1.095,1.110,1.800,1.815,1.005,5.110,0.500,No,No,No,48,48,94.0,100.0,No,No,32159,47985,36,70,99.0,100.0,No,No,1844,3246,100.0,0.2,100.0,20.816,0.155,94678,52243,0.0,0.0,0.0,0.000,0.000,164001,82786,70.5,76.0,75.4,83.0,0.875,20.638,20.626,20.651,62.844,29.689,39.349,19.656,59.083,3.000,22.651,32.526,31.561,100.000,140.000,2250.0,2150.2,1890.0,2237.7,1905.0,92.0,37.0,0.0,0.0,92.5,25.0,100.0,0.0,0.0,0.0,Yes,No,No,No,No,Yes,No,0,0,0,0,0,0,0,0,0,0,0,0,0,0,0,0,0,0,0,0,0,0,0,0,0,0,0,0,0,0,617,7571,7338,567,16.0,64,0.300,16.340,600.0,2394.0,0.1,0.0,0.0,0.0,0.0,0.0,0.0,0.0,0.8,127,16065,127,No,No,No,No,No,No,No,No,16.746,68.277,100.0,0.000,24.1,0,0,0,0.0,15.8,2917.4,3.1,2.9,2.9,2.9,14.8,161.9,3.3,3.2,3.2,3.2,63.21,323.33,0.34,0.34,341.06,341.06,0.29,62.93,63.21,0.00,87.18,651,9,0.0,0.0,0,0,0.0,0.0,0,
9.6.2026,14:17:19.542,23998,24770,49.2,14355,18028,44.3,10.5,16384,1720,1.191,1.200,1.197,1.177,1.167,1.182,1.157,1.193,1.208,1.208,1.208,1.198,1.198,1.200,1.180,1.101,0.783,3512.8,4688.5,4688.5,4688.5,4688.5,4688.5,4489.0,3591.2,3591.2,3591.2,3591.2,1097.3,1097.3,1097.3,3591.2,99.8,4090.0,348.8,130.8,16.2,97.9,4.9,2030.0,0.2,3179.4,0.4,474.7,0.2,204.3,0.2,4.8,0.6,0.5,0.5,280.2,174.0,162.1,214.1,384.1,18.0,6.5,1.4,2.5,4.6,46.5,43.0,72.2,42.7,18.6,0.0,7.7,41.4,0.1,0.0,0.0,0.0,24.0,15.9,14.3,18.5,72.2,18.0,100.0,14.5,6.0,1.1,4.2,0.3,80.5,0.0,123.0,0.0,19.4,0.0,8.7,0.0,0.3,0.1,0.0,0.0,16.3,10.0,8.8,11.5,14.5,35.2,47.0,47.0,47.0,47.0,47.0,45.0,36.0,36.0,36.0,36.0,11.0,11.0,11.0,36.0,41.0,62,62,62,63,67,62,61,61,61,61,61,62,62,62,62,38,38,38,37,33,38,39,39,39,39,39,38,38,38,38,74,67,No,No,No,No,No,No,No,No,No,No,No,No,No,No,No,No,No,No,No,No,No,No,No,No,No,No,No,No,No,No,No,No,No,No,No,No,No,No,No,No,No,No,No,No,No,No,No,No,74,63,64,1.100,5.906,15.743,9.831,0.001,4.591,0.435,175.0,175.0,175.0,175.0,0,0.0,11.3,6.0,0.9,2.7,0.3,46.4,0.0,71.3,0.0,18.5,0.0,8.9,0.0,0.4,0.1,0.0,0.0,23.3,15.2,14.2,18.3,17.7,53.4,22.7,48.8,24.5,41.1,25.9,1.0,0.0,0.0,0.0,20.4,9.6,1.2,0.0,49.4,0.0,0.0,0.1,2.0,0.0,0.0,98.4,99.8,99.8,99.9,53.2,73.3,84.1,81.2,34.6,36.7,72.8,0.9,0.1,35.9,61.5,997.6,10.00,22,15,15,28,103,160,2,2,Yes,No,No,No,No,No,No,No,No,No,Yes,No,No,Yes,No,No,No,No,No,No,No,Yes,No,No,No,No,No,Yes,No,No,No,No,No,No,No,Yes,No,No,92.0,3900,2940,3720,57.2,1.095,1.110,1.815,1.815,1.005,5.110,0.625,No,No,No,57.5,1.095,1.110,1.815,1.815,1.005,5.110,0.750,No,No,No,48,48,94.0,100.0,No,No,32159,47985,36,70,99.0,100.0,No,No,1844,3246,100.0,0.0,100.0,23.022,0.034,94722,52243,0.0,0.0,0.0,0.000,0.000,164001,82786,70.2,76.0,75.2,83.0,0.875,20.641,20.627,20.655,59.183,30.897,36.435,22.773,59.280,3.000,25.750,37.330,31.709,100.000,140.000,2250.0,2150.2,1890.0,2238.0,1905.0,83.0,57.0,0.0,0.0,92.5,25.0,99.9,0.0,0.0,0.0,Yes,No,No,No,No,Yes,No,0,0,0,0,0,0,0,0,0,0,0,0,0,0,0,0,0,0,0,0,0,0,0,0,0,0,0,0,0,0,617,7571,7338,567,16.0,64,0.300,15.635,600.0,997.0,0.1,0.0,0.0,0.0,0.0,0.0,0.0,0.0,0.8,127,16065,127,No,No,No,No,No,No,No,No,16.746,68.277,100.0,0.000,24.1,0,0,0,0.0,2.3,2.3,2.3,2.3,2.3,2.3,2.6,2.6,2.6,2.6,2.6,2.6,430.10,430.10,430.10,430.10,430.10,430.10,0.87,429.69,430.10,0.00,384.03,651,9,0.1,0.1,0,0,0.0,0.0,0,
9.6.2026,14:17:21.553,23995,24773,49.2,14382,18002,44.4,10.5,16384,1720,1.193,1.217,1.187,1.161,1.196,1.181,1.166,1.181,1.183,1.213,1.183,1.183,1.213,1.216,1.221,1.101,0.781,2372.8,4688.5,1396.6,4489.0,4688.5,4688.5,4489.0,1097.3,1097.3,1097.3,1097.3,1097.3,1097.3,1097.3,1097.3,99.8,4090.0,342.9,146.1,10.3,10.6,10.3,1145.5,0.2,3967.3,0.2,445.5,0.2,135.9,0.2,22.8,0.7,1.6,0.4,383.2,250.0,112.3,213.8,368.6,11.4,6.8,0.0,0.3,0.0,27.2,0.0,88.0,0.0,16.4,0.0,5.6,0.0,1.6,0.0,0.0,0.0,31.4,21.4,9.9,19.3,88.0,11.4,100.0,14.5,7.1,0.7,0.6,0.7,47.8,0.0,153.0,0.0,18.1,0.0,6.1,0.0,1.3,0.1,0.1,0.0,22.5,13.8,6.1,11.7,14.5,23.8,47.0,14.0,45.0,47.0,47.0,45.0,11.0,11.0,11.0,11.0,11.0,11.0,11.0,11.0,41.0,62,63,63,63,66,61,60,61,61,61,61,61,61,62,62,38,37,37,37,34,39,40,39,39,39,39,39,39,38,38,72,66,No,No,No,No,No,No,No,No,No,No,No,No,No,No,No,No,No,No,No,No,No,No,No,No,No,No,No,No,No,No,No,No,No,No,No,No,No,No,No,No,No,No,No,No,No,No,No,No,74,64,64,1.100,6.750,15.651,9.805,0.001,4.526,0.433,175.0,175.0,175.0,175.0,0,0.0,11.5,7.0,0.7,0.6,0.7,27.6,0.0,86.9,0.0,16.9,0.0,5.4,0.0,1.9,0.1,0.2,0.0,30.9,21.8,10.0,19.1,19.5,65.8,17.6,65.4,11.3,37.0,37.8,0.0,0.0,0.0,0.0,31.0,4.0,2.0,1.1,48.2,0.0,0.0,1.3,0.0,2.9,0.0,97.9,99.8,99.7,99.8,33.7,72.9,87.4,78.9,32.7,23.2,79.5,0.8,0.0,38.6,53.8,997.6,10.00,22,15,15,28,103,160,2,2,Yes,No,No,No,No,No,No,No,No,No,Yes,No,No,Yes,No,No,No,No,No,No,No,Yes,No,No,No,No,No,Yes,No,No,No,No,No,No,No,Yes,No,No,93.0,3840,3180,3780,57.2,1.095,1.110,1.815,1.815,1.005,5.110,0.875,No,No,No,57.5,1.095,1.110,1.815,1.815,1.005,5.110,0.750,No,No,No,48,48,94.0,100.0,No,No,32159,47985,36,70,99.0,100.0,No,No,1844,3246,100.0,0.3,100.0,22.341,0.252,94765,52244,0.0,0.0,0.0,0.000,0.000,164001,82786,70.1,78.0,75.1,83.0,0.875,20.672,20.660,20.683,57.219,28.585,30.445,18.945,49.474,3.000,21.929,55.312,20.991,100.000,140.000,2250.0,2150.2,1890.0,2238.6,1905.0,81.0,44.0,0.0,0.0,92.5,25.0,100.0,0.0,0.0,0.0,Yes,No,No,No,No,Yes,No,0,0,0,0,0,0,0,0,0,0,0,0,0,0,0,0,0,0,0,0,0,0,0,0,0,0,0,0,0,0,617,7571,7338,567,16.0,64,0.300,15.441,600.0,997.0,0.1,0.0,0.0,0.0,0.0,0.0,0.0,0.0,0.8,127,16065,127,No,No,No,No,No,No,No,No,16.746,68.277,100.0,0.000,24.1,0,0,0,0.0,2.2,2.2,2.2,2.2,2.2,2.2,2.3,2.3,2.3,2.3,2.3,2.3,458.00,458.00,458.00,458.00,458.00,458.00,1.12,457.25,458.00,0.00,429.18,651,9,0.2,0.1,0,0,0.0,0.0,0,
9.6.2026,14:17:23.546,23987,24781,49.1,14381,18003,44.4,10.5,16384,1720,1.199,1.171,1.191,1.193,1.183,1.188,1.148,1.203,1.203,1.221,1.221,1.221,1.221,1.223,1.193,1.063,0.781,2151.9,1396.6,1396.6,4688.5,4688.5,4688.5,4489.0,1097.3,1097.3,1097.3,1097.3,1097.3,1097.3,1097.3,1097.3,99.8,3890.5,328.2,108.9,11.5,6.1,8.7,1554.5,0.2,3574.4,0.2,535.6,0.1,164.5,0.1,1.8,0.4,0.4,0.4,187.9,209.4,79.0,119.0,373.0,12.3,5.8,0.5,0.8,7.5,36.5,0.4,81.1,8.2,20.3,3.4,6.6,17.1,0.6,0.5,0.5,0.5,17.6,19.7,7.6,11.9,81.1,12.3,100.0,13.5,5.0,0.8,0.4,0.6,62.9,0.0,137.9,0.0,21.9,0.0,6.8,0.0,0.1,0.0,0.0,0.0,11.2,11.7,4.4,6.7,13.5,21.6,14.0,14.0,47.0,47.0,47.0,45.0,11.0,11.0,11.0,11.0,11.0,11.0,11.0,11.0,39.0,62,62,61,69,58,62,60,61,61,61,61,62,62,62,61,38,38,39,31,42,38,40,39,39,39,39,38,38,38,39,74,69,No,No,No,No,No,No,No,No,No,No,No,No,No,No,No,No,No,No,No,No,No,No,No,No,No,No,No,No,No,No,No,No,No,No,No,No,No,No,No,No,No,No,No,No,No,No,No,No,74,69,64,1.100,9.281,15.739,9.946,0.001,4.504,0.431,175.0,175.0,175.0,175.0,0,0.0,10.2,5.4,0.8,0.4,0.6,36.6,0.0,80.1,0.0,20.3,0.0,6.4,0.0,0.2,0.0,0.0,0.0,16.8,18.7,7.1,10.8,15.8,41.1,11.8,58.4,17.6,47.3,18.6,0.0,0.0,0.0,0.0,16.2,4.0,0.9,5.7,51.0,0.0,0.0,0.5,0.4,0.0,0.0,99.7,99.8,99.8,99.8,63.8,75.8,91.5,82.3,39.5,50.1,85.7,0.2,0.1,28.2,72.6,997.6,10.00,22,15,15,28,103,160,2,2,Yes,No,No,No,No,No,No,No,No,No,Yes,No,No,Yes,No,No,No,No,No,No,No,Yes,No,No,No,No,No,Yes,No,No,No,No,No,No,No,Yes,No,No,93.0,3960,3240,3780,57.0,1.095,1.110,1.815,1.815,1.005,5.110,0.750,No,No,No,57.5,1.095,1.110,1.815,1.815,1.005,5.110,0.750,No,No,No,48,48,94.0,100.0,No,No,32159,47985,36,70,99.0,100.0,No,No,1844,3246,100.0,0.0,100.0,23.446,0.018,94810,52244,0.0,0.0,0.0,0.000,0.000,164001,82786,69.7,78.0,75.2,83.0,0.875,20.642,20.627,20.656,62.493,31.614,37.965,24.443,62.485,3.000,27.438,36.061,29.909,100.000,140.000,2250.0,2150.2,1890.0,2235.9,1905.0,90.0,58.0,0.0,0.0,92.5,24.4,97.4,0.0,0.0,0.0,Yes,No,No,No,No,Yes,No,0,0,0,0,0,0,0,0,0,0,0,0,0,0,0,0,0,0,0,0,0,0,0,0,0,0,0,0,0,0,617,7571,7338,567,16.0,64,0.300,14.929,600.0,997.0,0.1,0.0,0.0,0.0,0.0,0.0,0.0,0.0,0.8,127,16065,127,No,No,No,No,No,No,No,No,16.747,68.277,100.0,0.000,24.1,0,0,0,0.0,2.2,2.2,2.2,2.2,2.2,2.2,2.3,2.3,2.3,2.3,2.3,2.3,458.00,458.00,458.00,458.00,458.00,458.00,1.12,457.25,458.00,0.00,429.18,651,9,0.5,0.2,0,0,0.0,0.0,0,
9.6.2026,14:17:25.549,23989,24778,49.1,14379,18005,44.4,10.5,16384,1720,1.181,1.191,1.153,1.161,1.186,1.186,1.136,1.196,1.201,1.189,1.189,1.189,1.189,1.189,1.188,1.101,0.781,2330.0,4688.5,1396.6,4489.0,4688.5,4688.5,1396.6,3591.2,1097.3,1097.3,1097.3,1097.3,1097.3,1097.3,1097.3,99.8,4090.0,383.1,157.5,28.1,81.3,3.3,2435.6,0.3,2947.5,0.4,267.3,0.3,192.1,0.3,25.1,27.6,12.4,0.7,505.7,519.8,281.2,174.3,386.2,21.9,6.3,0.0,2.4,0.0,54.0,44.1,65.8,39.1,10.3,38.8,5.2,33.0,2.3,2.5,1.1,0.1,45.2,47.4,25.3,15.1,65.8,21.9,100.0,16.4,7.0,1.8,3.6,0.2,94.5,0.0,113.9,0.0,11.1,0.0,8.3,0.0,1.4,1.8,0.7,0.1,28.8,29.1,15.4,9.6,16.4,23.4,47.0,14.0,45.0,47.0,47.0,14.0,36.0,11.0,11.0,11.0,11.0,11.0,11.0,11.0,41.0,62,63,63,63,66,59,60,61,61,61,61,61,61,61,61,38,37,37,37,34,41,40,39,39,39,39,39,39,39,39,74,66,No,No,No,No,No,No,No,No,No,No,No,No,No,No,No,No,No,No,No,No,No,No,No,No,No,No,No,No,No,No,No,No,No,No,No,No,No,No,No,No,No,No,No,No,No,No,No,No,74,66,65,1.100,10.969,14.870,9.082,0.001,4.444,0.429,175.0,175.0,175.0,175.0,0,0.0,14.2,6.2,1.2,2.4,0.1,54.0,0.0,65.3,0.0,10.4,0.0,6.8,0.0,2.3,2.5,1.1,0.1,44.3,46.4,24.9,15.3,17.0,65.6,19.0,42.8,32.0,24.9,19.7,0.0,5.1,0.0,0.0,17.0,8.9,1.1,1.3,44.1,0.0,0.0,0.5,0.4,0.0,0.0,97.4,91.5,98.7,99.8,33.4,40.3,72.6,82.5,38.5,23.8,77.2,0.3,0.5,60.8,68.5,997.6,10.00,22,15,15,28,103,160,2,2,Yes,No,No,No,No,No,No,No,No,No,Yes,No,No,Yes,No,No,No,No,No,No,No,Yes,No,No,No,No,No,Yes,No,No,No,No,No,No,No,Yes,No,No,91.0,3840,3180,3720,57.0,1.110,1.110,1.815,1.815,1.005,5.110,0.750,No,No,No,57.5,1.095,1.110,1.815,1.815,1.005,5.110,0.625,No,No,No,48,48,94.0,100.0,No,No,32159,47985,36,70,99.0,100.0,No,No,1844,3246,100.0,0.3,100.0,21.962,0.268,94852,52244,0.0,0.0,0.0,0.000,0.000,164001,82786,70.5,78.0,75.9,83.0,0.875,20.625,20.610,20.641,64.883,33.556,40.598,25.309,65.988,3.000,28.308,34.421,37.266,100.000,140.000,2250.0,2150.2,1890.0,2234.7,1905.0,94.0,64.0,0.0,0.0,92.5,25.0,100.0,0.0,0.0,0.0,Yes,No,No,No,No,Yes,No,0,0,0,0,0,0,0,0,0,0,0,0,0,0,0,0,0,0,0,0,0,0,0,0,0,0,0,0,0,0,617,7571,7338,567,16.0,65,0.300,16.773,600.0,997.0,0.1,0.0,0.0,0.0,0.0,0.0,0.0,0.0,0.8,127,16065,127,No,No,No,No,No,No,No,No,16.747,68.277,100.0,0.000,24.1,0,0,0,0.0,2.2,2.2,2.2,2.2,2.2,2.2,2.3,2.3,2.3,2.3,2.3,2.3,458.00,458.00,458.00,458.00,458.00,458.00,1.12,457.25,458.00,0.00,429.18,651,9,0.0,0.2,0,0,0.0,0.0,0,
9.6.2026,14:17:27.548,23994,24774,49.1,14410,17973,44.4,10.5,16384,1720,1.203,1.213,1.161,1.179,1.169,1.184,1.193,1.218,1.218,1.218,1.218,1.218,1.218,1.218,1.218,1.101,0.781,2387.0,4489.0,1396.6,4688.5,4688.5,4688.5,4688.5,1097.3,1097.3,1097.3,1097.3,1097.3,1097.3,1097.3,1097.3,99.8,4090.0,360.4,137.8,31.9,9.9,0.2,1217.7,0.1,3910.2,0.2,238.0,0.2,200.9,0.2,32.3,12.5,1.8,0.4,352.2,585.8,226.5,250.0,362.1,13.5,5.8,0.0,0.0,0.0,27.7,0.0,86.1,0.0,9.0,0.0,9.6,0.0,3.3,1.4,0.0,0.0,31.8,52.3,20.9,22.9,86.1,13.5,100.0,15.5,6.0,2.2,0.6,0.0,49.9,0.0,151.0,0.0,10.0,0.0,8.8,0.0,1.8,0.7,0.1,0.0,19.9,32.6,12.3,13.4,15.5,23.9,45.0,14.0,47.0,47.0,47.0,47.0,11.0,11.0,11.0,11.0,11.0,11.0,11.0,11.0,41.0,62,63,61,62,63,62,60,61,61,61,61,64,64,64,64,38,37,39,38,37,38,40,39,39,39,39,36,36,36,36,75,64,No,No,No,No,No,No,No,No,No,No,No,No,No,No,No,No,No,No,No,No,No,No,No,No,No,No,No,No,No,No,No,No,No,No,No,No,No,No,No,No,No,No,No,No,No,No,No,No,75,66,64,1.100,14.344,16.627,10.759,0.001,4.549,0.433,175.0,175.0,175.0,175.0,0,0.0,13.5,6.3,2.2,0.5,0.0,28.4,0.0,84.9,0.0,9.7,0.0,8.2,0.0,3.0,1.1,0.2,0.0,31.6,51.2,20.5,22.6,16.8,60.1,3.4,67.0,13.3,30.8,37.4,0.4,0.0,0.0,0.0,8.8,13.4,0.2,0.0,45.5,0.0,0.0,0.3,0.0,0.1,0.0,96.2,98.6,99.7,99.9,56.2,31.5,78.3,76.7,38.0,27.3,95.0,0.2,0.0,55.9,49.5,1795.6,18.00,26,26,26,51,103,287,2,2,Yes,No,No,No,No,No,No,No,No,No,Yes,No,No,Yes,No,No,No,No,No,No,No,Yes,No,No,No,No,No,Yes,No,No,No,No,No,No,No,Yes,No,No,93.0,3840,3120,3720,57.0,1.110,1.110,1.815,1.815,1.005,5.110,0.750,No,No,No,57.2,1.110,1.110,1.815,1.815,1.005,5.110,0.750,No,No,No,48,48,94.0,100.0,No,No,32159,47985,36,70,99.0,100.0,No,No,1844,3246,100.0,0.1,100.0,23.232,0.033,94896,52244,0.0,0.0,0.0,0.000,0.000,164001,82786,70.1,78.0,75.1,83.0,0.875,20.669,20.657,20.680,57.384,27.573,31.164,18.488,49.735,3.000,21.478,39.667,29.481,100.000,140.000,2250.0,2150.2,1890.0,2237.2,1905.0,77.0,44.0,0.0,0.0,92.5,24.8,99.4,0.0,0.0,0.0,Yes,No,No,No,No,Yes,No,0,0,0,0,0,0,0,0,0,0,0,0,0,0,0,0,0,0,0,0,0,0,0,0,0,0,0,0,0,0,617,7571,7338,567,16.0,65,0.300,15.000,550.0,997.0,0.1,0.0,0.0,0.0,0.0,0.0,0.0,0.0,0.8,127,16065,127,No,No,No,No,No,No,No,No,16.747,68.277,100.0,0.000,24.1,0,0,0,0.0,2.3,2.3,2.3,2.3,2.3,2.3,2.5,2.5,2.5,2.5,2.5,2.5,430.87,430.87,430.87,430.87,430.87,430.87,0.48,430.37,430.87,0.00,395.45,651,9,0.0,0.0,0,0,0.0,0.0,0,
9.6.2026,14:17:29.530,23989,24779,49.1,14446,17937,44.6,10.5,16384,1720,1.181,1.219,1.208,1.188,1.188,1.164,1.169,1.174,1.174,1.189,1.174,1.164,1.164,1.179,1.179,1.063,0.781,2942.8,2294.4,4688.5,4688.5,4688.5,4688.5,1396.6,3591.2,3591.2,3591.2,3591.2,1097.3,1097.3,1097.3,1097.3,99.8,3890.5,356.6,138.6,29.0,134.0,7.2,1771.3,0.3,3386.5,0.4,408.3,0.2,200.0,0.2,19.5,13.8,8.3,0.9,330.4,325.0,174.3,184.4,382.4,23.3,6.2,22.4,5.0,41.2,40.3,45.0,75.8,39.6,15.7,28.8,8.4,42.3,1.7,1.1,1.4,0.7,29.1,29.7,15.7,16.6,75.8,23.3,100.0,15.0,6.2,2.0,5.6,0.5,69.9,0.0,130.9,0.0,16.9,0.0,8.4,0.0,1.1,0.8,0.5,0.1,19.0,19.1,9.5,10.3,15.0,29.5,23.0,47.0,47.0,47.0,47.0,14.0,36.0,36.0,36.0,36.0,11.0,11.0,11.0,11.0,39.0,62,63,63,63,67,61,60,62,62,62,62,62,62,61,61,38,37,37,37,33,39,40,38,38,38,38,38,38,39,39,75,67,No,No,No,No,No,No,No,No,No,No,No,No,No,No,No,No,No,No,No,No,No,No,No,No,No,No,No,No,No,No,No,No,No,No,No,No,No,No,No,No,No,No,No,No,No,No,No,No,75,66,65,1.100,9.281,15.513,9.654,0.001,4.535,0.432,175.0,175.0,175.0,175.0,0,0.0,12.3,6.3,1.9,3.6,0.5,40.6,0.0,75.0,0.0,16.2,0.0,8.7,0.0,1.8,1.2,0.8,0.1,28.5,29.0,15.5,16.5,19.0,60.8,16.3,54.9,21.9,42.7,28.4,0.0,0.0,0.0,0.0,11.3,23.1,0.0,6.2,46.9,0.0,0.0,0.4,1.1,0.0,0.0,97.9,98.6,99.1,99.8,56.7,43.3,83.8,75.9,33.6,27.4,77.7,0.7,0.1,36.6,59.3,997.6,10.00,22,15,15,28,103,160,2,2,Yes,No,No,No,No,No,No,No,No,No,Yes,No,No,Yes,No,No,No,No,No,No,No,Yes,No,No,No,No,No,Yes,No,No,No,No,No,No,No,Yes,No,No,92.0,3900,3240,3780,57.0,1.110,1.110,1.815,1.815,1.005,5.110,0.875,No,No,No,57.2,1.110,1.110,1.800,1.815,1.005,5.110,0.750,No,No,No,48,48,94.0,100.0,No,No,32159,47985,36,70,99.0,100.0,No,No,1844,3246,100.0,0.4,100.0,22.902,0.101,94940,52244,0.0,0.0,0.0,0.000,0.000,164001,82786,70.4,76.0,75.3,83.0,0.875,20.669,20.657,20.681,61.093,26.215,32.883,20.450,53.399,3.000,23.425,18.867,31.483,100.000,140.000,2250.0,2150.2,1890.0,2238.2,1905.0,81.0,44.0,0.0,0.0,92.5,24.9,99.4,0.0,0.0,0.0,Yes,No,No,No,No,Yes,No,0,0,0,0,0,0,0,0,0,0,0,0,0,0,0,0,0,0,0,0,0,0,0,0,0,0,0,0,0,0,617,7571,7338,567,16.0,64,0.300,15.643,550.0,1795.0,0.1,0.0,0.0,0.0,0.0,0.0,0.0,0.0,0.8,127,16065,127,No,No,No,No,No,No,No,No,16.746,68.277,100.0,0.000,24.1,0,0,0,0.0,2.3,2.3,2.3,2.3,2.3,2.3,2.5,2.5,2.5,2.5,2.5,2.5,430.87,430.87,430.87,430.87,430.87,430.87,0.48,430.37,430.87,0.00,395.45,651,9,0.1,0.1,0,0,0.0,0.0,0,
9.6.2026,14:17:31.547,23994,24773,49.2,14479,17904,44.7,10.5,16384,1720,1.176,1.198,1.182,1.167,1.167,1.168,1.188,1.188,1.178,1.168,1.178,1.170,1.170,1.170,1.170,1.101,0.778,2935.7,4688.5,4688.5,1396.6,4688.5,4688.5,4688.5,3591.2,3591.2,1097.3,3591.2,1097.3,1097.3,1097.3,1097.3,99.8,4090.0,327.6,124.7,18.0,2.9,0.1,1309.6,0.2,3778.9,0.3,625.2,0.1,405.0,0.4,0.9,0.9,0.6,0.6,148.0,112.0,22.9,0.8,391.8,9.6,6.2,0.0,0.0,0.0,33.5,0.0,85.9,0.0,25.4,0.0,16.9,0.0,0.0,0.0,0.0,0.0,13.2,9.2,0.7,0.0,85.9,9.6,100.0,13.3,5.7,1.2,0.1,0.0,53.8,0.0,145.6,0.0,25.4,0.0,16.5,0.0,0.1,0.1,0.1,0.1,9.3,7.0,1.3,0.1,13.3,29.4,47.0,47.0,14.0,47.0,47.0,47.0,36.0,36.0,11.0,36.0,11.0,11.0,11.0,11.0,41.0,62,63,62,62,64,61,59,61,61,61,61,61,62,62,62,38,37,38,38,36,39,41,39,39,39,39,39,38,38,38,75,64,No,No,No,No,No,No,No,No,No,No,No,No,No,No,No,No,No,No,No,No,No,No,No,No,No,No,No,No,No,No,No,No,No,No,No,No,No,No,No,No,No,No,No,No,No,No,No,No,75,64,64,1.100,10.125,15.249,9.367,0.001,4.561,0.433,175.0,175.0,175.0,175.0,0,0.0,9.8,6.2,1.3,0.2,0.0,33.8,0.0,85.0,0.0,25.8,0.0,18.5,0.0,0.1,0.1,0.0,0.0,13.0,9.7,1.5,0.1,18.6,52.5,0.0,59.2,12.6,58.6,35.7,0.0,0.0,0.0,0.0,24.4,17.3,0.0,0.0,52.1,0.0,0.0,0.7,0.6,0.2,0.1,99.8,99.8,99.9,99.9,59.1,70.5,98.3,99.8,31.9,36.6,99.6,1.3,0.0,11.4,42.5,2394.1,24.00,36,35,35,68,103,383,2,2,Yes,No,No,No,No,No,No,No,No,No,Yes,No,No,Yes,No,No,No,No,No,No,No,Yes,No,No,No,No,No,Yes,No,No,No,No,No,No,No,Yes,No,No,93.0,3900,3360,3780,57.0,1.110,1.110,1.815,1.815,1.005,5.110,0.875,No,No,No,57.2,1.110,1.110,1.815,1.815,1.005,5.110,0.500,No,No,No,49,49,94.0,100.0,No,No,32159,47985,37,70,99.0,100.0,No,No,1844,3246,100.0,0.0,100.0,24.133,0.020,94986,52244,0.0,0.0,0.0,0.000,0.000,164001,82786,68.4,74.0,73.3,83.0,0.875,20.751,20.750,20.751,61.367,11.718,14.910,9.296,24.217,3.000,12.305,8.967,9.334,100.000,140.000,2250.0,2150.2,1890.0,2236.6,1905.0,64.0,11.0,0.0,0.0,92.5,25.0,100.0,0.0,0.0,0.0,Yes,No,No,No,No,Yes,No,0,0,0,0,0,0,0,0,0,0,0,0,0,0,0,0,0,0,0,0,0,0,0,0,0,0,0,0,0,0,617,7571,7338,567,16.0,64,0.300,15.087,600.0,997.0,0.1,0.0,0.0,0.0,0.0,0.0,0.0,0.0,0.8,127,16065,127,No,No,No,No,No,No,No,No,16.746,68.277,100.0,0.000,24.1,0,0,0,0.0,2.3,2.3,2.3,2.3,2.3,2.3,2.5,2.5,2.5,2.5,2.5,2.5,430.87,430.87,430.87,430.87,430.87,430.87,0.48,430.37,430.87,0.00,395.45,651,9,0.1,0.0,0,0,0.0,0.0,0,
9.6.2026,14:17:33.546,24001,24767,49.2,14498,17885,44.7,10.5,16384,1720,1.179,1.208,1.171,1.166,1.166,1.166,1.196,1.181,1.183,1.183,1.183,1.183,1.168,1.169,1.184,1.101,0.783,1695.9,1396.6,1396.6,1396.6,4688.5,1396.6,4688.5,1097.3,1097.3,1097.3,1097.3,1097.3,1097.3,1097.3,1097.3,99.8,4090.0,334.0,110.0,8.6,21.6,1.9,1361.0,0.1,3867.6,0.3,609.8,0.2,130.4,0.2,1.7,1.9,0.6,0.6,202.3,183.4,117.0,60.3,382.3,12.4,5.6,0.0,1.0,0.0,32.5,16.9,86.1,12.9,22.0,15.2,6.2,0.0,0.1,0.1,0.0,0.0,17.9,16.4,10.3,5.4,86.1,12.4,100.0,13.8,5.0,0.6,1.0,0.1,56.3,0.0,149.2,0.0,25.0,0.0,5.6,0.0,0.1,0.1,0.1,0.1,11.8,10.3,6.4,3.3,13.8,17.0,14.0,14.0,14.0,47.0,14.0,47.0,11.0,11.0,11.0,11.0,11.0,11.0,11.0,11.0,41.0,61,62,61,62,66,61,60,61,61,61,61,61,61,61,61,39,38,39,38,34,39,40,39,39,39,39,39,39,39,39,74,66,No,No,No,No,No,No,No,No,No,No,No,No,No,No,No,No,No,No,No,No,No,No,No,No,No,No,No,No,No,No,No,No,No,No,No,No,No,No,No,No,No,No,No,No,No,No,No,No,74,64,64,1.100,5.906,14.920,9.142,0.001,4.466,0.431,175.0,175.0,175.0,175.0,0,0.0,10.1,5.6,0.6,1.0,0.1,32.9,0.0,85.1,0.0,22.4,0.0,4.8,0.0,0.2,0.2,0.1,0.1,17.7,16.3,10.2,5.3,15.4,36.9,8.8,61.5,12.0,51.8,21.2,0.0,0.0,0.0,0.0,13.4,8.6,1.1,0.0,51.6,0.0,0.0,0.6,1.0,0.0,0.0,99.7,99.6,99.8,99.8,66.0,73.5,88.1,94.3,39.2,53.9,89.1,0.1,0.0,20.7,71.4,997.6,10.00,22,15,15,28,103,160,2,2,Yes,No,No,No,No,No,No,No,No,No,Yes,No,No,Yes,No,No,No,No,No,No,No,Yes,No,No,No,No,No,Yes,No,No,No,No,No,No,No,Yes,No,No,93.0,3900,3300,3720,57.0,1.110,1.110,1.815,1.815,0.990,5.110,0.625,No,No,No,57.2,1.110,1.110,1.815,1.815,1.005,5.110,0.750,No,No,No,49,49,94.0,100.0,No,No,32159,47985,36,70,99.0,100.0,No,No,1844,3246,100.0,0.1,100.0,22.961,0.059,95030,52245,0.0,0.0,0.0,0.000,0.000,164001,82786,69.8,76.0,74.8,83.0,0.875,20.652,20.639,20.666,56.535,25.677,34.969,22.992,58.029,3.000,25.988,9.067,25.698,100.000,140.000,2250.0,2150.2,1890.0,2236.7,1905.0,81.0,52.0,0.0,1.0,92.5,22.9,91.6,0.0,0.0,0.0,Yes,No,No,No,No,Yes,No,0,0,0,0,0,0,0,0,0,0,0,0,0,0,0,0,0,0,0,0,0,0,0,0,0,0,0,0,0,0,617,7571,7338,567,16.0,64,0.300,14.232,550.0,2394.0,0.1,0.0,0.0,0.0,0.0,0.0,0.0,0.0,0.8,127,16065,127,No,No,No,No,No,No,No,No,16.746,68.277,100.0,0.000,24.1,0,0,0,0.0,2.1,2.1,2.1,2.1,2.1,2.1,2.4,2.4,2.4,2.4,2.4,2.4,467.57,467.57,467.57,467.57,467.57,467.57,0.83,467.21,467.57,0.00,423.06,651,9,0.4,0.3,0,0,0.0,0.0,0,
9.6.2026,14:17:35.536,23999,24769,49.2,14534,17849,44.8,10.5,16384,1720,1.186,1.204,1.179,1.189,1.185,1.187,1.157,1.187,1.192,1.177,1.192,1.189,1.184,1.189,1.189,1.101,0.783,2465.4,4688.5,1396.6,798.0,4688.5,4688.5,4489.0,1097.3,3591.2,1097.3,3591.2,1097.3,1097.3,1097.3,1097.3,99.8,4090.0,320.5,104.0,18.0,2.8,0.2,1027.1,0.2,4051.1,0.4,691.5,0.3,158.9,0.2,1.7,1.3,0.5,0.5,183.8,129.8,24.2,13.0,378.7,19.0,4.4,7.2,0.1,33.3,25.8,42.9,91.3,38.2,23.1,33.7,6.5,42.9,0.1,0.1,0.0,0.0,15.9,12.2,2.1,1.0,91.3,19.0,100.0,13.1,4.7,1.2,0.2,0.0,44.1,0.0,156.2,0.0,28.0,0.0,6.6,0.0,0.1,0.1,0.1,0.1,10.7,7.7,1.3,0.7,13.1,24.7,47.0,14.0,8.0,47.0,47.0,45.0,11.0,36.0,11.0,36.0,11.0,11.0,11.0,11.0,41.0,62,64,63,63,63,64,60,61,61,61,61,62,61,61,61,38,36,37,37,37,36,40,39,39,39,39,38,39,39,39,74,64,No,No,No,No,No,No,No,No,No,No,No,No,No,No,No,No,No,No,No,No,No,No,No,No,No,No,No,No,No,No,No,No,No,No,No,No,No,No,No,No,No,No,No,No,No,No,No,No,74,64,64,1.100,5.906,14.958,9.173,0.001,4.468,0.431,175.0,175.0,175.0,175.0,0,0.0,9.1,4.4,0.6,0.1,0.0,26.3,0.0,90.0,0.0,23.5,0.0,6.7,0.0,0.1,0.1,0.0,0.0,15.8,11.5,2.1,0.9,16.3,37.3,0.3,68.0,8.2,61.2,27.0,0.0,0.0,0.0,0.0,13.0,12.9,0.3,0.0,52.7,0.0,0.0,0.0,0.0,0.0,0.0,99.8,99.8,99.8,99.8,68.8,73.4,97.3,98.9,38.3,55.4,99.2,0.1,0.0,10.7,64.3,2394.1,24.00,36,35,35,68,103,383,2,2,Yes,No,No,No,No,No,No,No,No,No,Yes,No,No,Yes,No,No,No,No,No,No,No,Yes,No,No,No,No,No,Yes,No,No,No,No,No,No,No,Yes,No,No,93.0,3900,3240,3780,57.0,1.110,1.110,1.815,1.815,0.990,5.110,1.250,No,No,No,57.2,1.110,1.110,1.815,1.815,0.990,5.180,0.875,No,No,No,49,49,94.0,100.0,No,No,32159,47985,36,70,99.0,100.0,No,No,1844,3246,100.0,0.0,100.0,23.313,0.048,95075,52245,0.0,0.0,0.0,0.000,0.000,164001,82786,70.8,78.0,76.0,83.0,0.875,20.641,20.628,20.655,56.801,31.696,37.236,22.175,59.485,3.000,25.161,41.554,33.262,100.000,140.000,2250.0,2150.2,1890.0,2236.7,1905.0,85.0,55.0,0.0,0.0,92.5,18.7,74.8,0.0,0.0,0.0,Yes,No,No,No,No,Yes,No,0,0,0,0,0,0,0,0,0,0,0,0,0,0,0,0,0,0,0,0,0,0,0,0,0,0,0,0,0,0,617,7571,7338,567,16.0,64,0.300,15.629,600.0,997.0,0.1,0.0,0.0,0.0,0.0,0.0,0.0,0.0,0.8,127,16065,127,No,No,No,No,No,No,No,No,16.747,68.277,100.0,0.000,24.1,0,0,0,0.0,4.3,38.5,2.3,2.3,2.3,2.3,4.6,31.3,2.5,2.4,2.4,2.4,230.63,435.29,25.97,22.21,439.47,439.47,0.70,229.66,230.63,0.00,410.95,651,9,0.0,0.0,0,0,0.0,0.0,0,
9.6.2026,14:17:37.527,23998,24770,49.2,14576,17808,45.0,10.5,16384,1720,1.139,1.205,1.158,1.183,1.174,1.174,1.197,1.222,1.222,1.220,1.220,0.780,0.780,1.187,1.222,1.101,0.781,1845.5,4688.5,1396.6,798.0,4688.5,798.0,4688.5,1097.3,1097.3,1097.3,1097.3,1097.3,1097.3,1097.3,1097.3,99.8,4090.0,324.1,126.2,8.1,9.1,0.6,1191.2,0.2,3946.6,0.3,708.5,0.2,267.5,0.2,0.6,0.5,0.5,0.4,109.0,70.3,39.0,3.4,391.3,10.0,6.3,1.3,0.3,0.0,30.1,0.0,90.2,5.1,25.8,10.4,9.4,0.7,0.0,0.0,0.0,0.0,10.3,5.5,3.4,0.2,90.2,10.0,100.0,13.2,5.6,0.5,0.4,0.0,50.5,0.0,152.3,0.0,29.0,0.0,11.0,0.0,0.1,0.0,0.0,0.0,6.9,4.2,2.1,0.2,13.2,18.5,47.0,14.0,8.0,47.0,8.0,47.0,11.0,11.0,11.0,11.0,11.0,11.0,11.0,11.0,41.0,62,61,63,63,64,61,60,61,61,61,61,62,62,62,62,38,39,37,37,36,39,40,39,39,39,39,38,38,38,38,74,64,No,No,No,No,No,No,No,No,No,No,No,No,No,No,No,No,No,No,No,No,No,No,No,No,No,No,No,No,No,No,No,No,No,No,No,No,No,No,No,No,No,No,No,No,No,No,No,No,74,63,64,1.100,5.906,14.989,9.219,0.001,4.468,0.431,175.0,175.0,175.0,175.0,0,0.0,9.0,5.6,0.6,0.4,0.0,30.0,0.0,88.8,0.0,25.7,0.0,10.4,0.0,0.1,0.0,0.0,0.0,9.5,4.9,3.5,0.3,15.7,36.2,0.0,63.8,9.1,56.5,30.4,0.0,0.0,0.0,0.0,16.2,8.1,0.0,0.0,53.8,0.0,0.0,0.1,0.0,0.0,0.0,99.8,99.8,99.8,99.8,71.6,86.2,96.3,99.5,37.4,55.3,99.3,0.4,0.0,13.1,56.4,997.6,10.00,22,15,15,28,103,160,2,2,Yes,No,No,No,No,No,No,No,No,No,Yes,No,No,Yes,No,No,No,No,No,No,No,Yes,No,No,No,No,No,Yes,No,No,No,No,No,No,No,Yes,No,No,91.0,3900,3180,3780,57.0,1.095,1.110,1.815,1.815,0.990,5.110,0.750,No,No,No,57.2,1.110,1.110,1.815,1.815,0.990,5.110,0.625,No,No,No,49,49,94.0,100.0,No,No,32159,47986,36,70,99.0,100.0,No,No,1844,3246,100.0,0.2,100.0,25.939,0.073,95124,52245,0.0,0.0,0.0,0.000,0.000,164001,82786,70.4,76.0,75.4,83.0,0.875,20.638,20.624,20.653,57.741,31.331,37.523,23.779,61.380,3.000,26.778,36.104,30.752,100.000,140.000,2250.0,2150.2,1890.0,2236.8,1905.0,79.0,48.0,0.0,1.0,92.5,25.0,100.0,0.0,0.0,0.0,Yes,No,No,No,No,Yes,No,0,0,0,0,0,0,0,0,0,0,0,0,0,0,0,0,0,0,0,0,0,0,0,0,0,0,0,0,0,0,617,7571,7338,567,16.0,65,0.300,14.896,600.0,2394.0,0.1,0.0,0.0,0.0,0.0,0.0,0.0,0.0,0.8,127,16065,127,No,No,No,No,No,No,No,No,16.747,68.277,100.0,0.000,24.1,0,0,0,0.0,2.1,2.1,2.1,2.1,2.1,2.1,2.3,2.3,2.3,2.3,2.3,2.3,472.81,472.81,472.81,472.81,472.81,472.81,0.35,472.74,472.81,0.00,440.17,651,9,3.8,3.1,0,0,0.0,0.0,0,
9.6.2026,14:17:39.535,23330,25437,47.8,14499,17885,44.7,10.5,16384,1720,1.170,1.175,1.169,1.174,1.169,1.169,1.182,1.167,1.167,1.167,1.167,1.177,1.167,1.167,1.167,1.101,0.778,1931.0,1396.6,1396.6,4688.5,4688.5,1396.6,4688.5,1097.3,1097.3,1097.3,1097.3,1097.3,1097.3,1097.3,1097.3,99.8,4090.0,1089.7,1032.8,929.0,1094.6,856.1,2509.2,1156.7,2845.7,1080.2,1229.7,917.2,1048.0,916.5,709.1,748.6,717.0,717.2,914.2,841.5,786.9,744.6,1156.7,34.0,30.1,23.1,32.3,23.4,60.7,33.9,68.0,37.6,34.5,31.5,29.1,34.6,26.9,27.5,27.1,26.1,41.4,34.8,31.6,26.7,68.0,34.0,100.0,47.9,41.9,36.3,43.2,33.4,98.4,44.9,110.8,42.0,48.5,35.8,41.2,35.7,40.3,40.9,40.1,39.6,52.7,46.9,43.8,41.5,47.9,19.4,14.0,14.0,47.0,47.0,14.0,47.0,11.0,11.0,11.0,11.0,11.0,11.0,11.0,11.0,41.0,65,66,64,77,60,65,62,64,64,64,64,64,65,65,65,35,34,36,23,40,35,38,36,36,36,36,36,35,35,35,79,77,No,No,No,No,No,No,No,No,No,No,No,No,No,No,No,No,No,No,No,No,No,No,No,No,No,No,No,No,No,No,Yes,Yes,Yes,Yes,Yes,Yes,Yes,Yes,Yes,Yes,Yes,Yes,Yes,Yes,Yes,No,No,Yes,79,79,66,1.100,15.188,14.754,8.939,0.001,4.477,0.431,175.0,175.0,175.0,175.0,0,0.0,31.3,29.6,23.9,30.8,22.5,60.2,28.8,66.9,27.0,34.2,23.6,27.7,23.5,24.6,26.0,25.1,24.3,39.8,33.9,29.6,24.7,13.5,39.1,9.1,22.1,16.4,23.5,13.6,5.3,6.8,5.6,3.4,24.3,8.8,6.7,4.6,36.3,1.9,2.9,1.6,7.3,6.7,5.2,66.9,65.0,66.8,70.4,30.4,54.1,61.0,68.3,26.4,21.6,52.8,6.3,0.5,29.2,48.0,2194.6,22.00,32,32,32,62,103,351,2,2,Yes,No,No,No,No,No,No,No,No,Yes,Yes,No,No,Yes,No,No,No,No,No,No,No,Yes,No,No,No,No,No,No,No,No,No,No,No,No,No,No,No,No,92.0,3900,3120,3780,56.8,1.095,1.110,1.815,1.815,0.990,5.110,2.875,No,No,No,57.2,1.095,1.110,1.815,1.815,0.990,5.110,2.375,No,No,No,49,49,94.0,100.0,No,No,32159,47986,36,70,99.0,100.0,No,No,1844,3246,100.0,0.0,100.0,22.422,0.032,95167,52245,0.0,0.0,0.0,0.000,0.000,164001,82786,61.6,72.0,68.7,83.0,0.875,20.624,20.626,20.622,24.392,9.850,9.974,8.890,18.870,3.000,11.896,8.145,8.179,100.000,140.000,2250.0,2150.2,1890.0,2241.8,1905.0,0.0,0.0,0.0,0.0,85.6,15.7,62.6,0.0,0.0,0.0,Yes,No,No,No,No,Yes,No,0,0,0,0,0,0,0,0,0,0,0,0,0,0,0,0,0,0,0,0,0,0,0,0,0,0,0,0,0,0,1175,7013,6780,567,16.0,66,0.300,20.860,600.0,997.0,0.1,0.0,0.0,0.0,0.0,0.0,0.0,0.0,0.8,127,16065,127,No,No,No,No,No,No,No,No,16.747,68.277,100.0,0.000,24.1,0,0,0,0.0,4.0,6.9,2.9,2.9,2.9,2.9,4.0,6.9,2.8,2.8,2.8,2.8,247.08,348.50,145.66,143.79,350.57,350.57,0.47,246.67,247.08,0.00,155.32,651,9,0.1,0.1,0,0,0.0,0.0,0,
9.6.2026,14:17:41.528,24158,24609,49.5,14230,18154,43.9,10.5,16384,1720,1.200,1.201,1.192,1.187,1.174,1.194,1.189,1.219,1.226,1.226,1.196,1.196,1.203,1.203,1.189,1.101,0.783,2636.4,4688.5,4688.5,4688.5,4688.5,4688.5,4688.5,1097.3,1097.3,1097.3,1097.3,1097.3,1097.3,1097.3,1097.3,99.8,4090.0,599.7,647.8,108.3,587.6,153.8,2544.6,282.8,3110.1,206.3,760.7,73.7,935.7,60.0,109.0,98.8,100.6,76.8,615.9,451.3,612.7,458.2,616.0,18.9,21.8,0.0,18.0,4.5,59.0,0.0,79.6,0.0,20.7,0.0,22.9,0.0,3.3,3.2,3.1,1.7,42.7,27.4,42.2,27.8,79.6,18.9,100.0,26.3,28.4,4.5,24.9,6.2,102.0,11.3,122.3,8.2,31.0,3.0,37.7,2.4,6.5,5.9,5.7,4.4,35.6,25.7,35.1,25.8,26.3,26.4,47.0,47.0,47.0,47.0,47.0,47.0,11.0,11.0,11.0,11.0,11.0,11.0,11.0,11.0,41.0,62,64,62,69,62,61,62,61,61,61,61,62,62,62,62,38,36,38,31,38,39,38,39,39,39,39,38,38,38,38,76,69,No,No,No,No,No,No,No,No,No,No,No,No,No,No,No,No,No,No,No,No,No,No,No,No,No,No,No,No,No,No,Yes,Yes,Yes,Yes,Yes,Yes,Yes,Yes,Yes,Yes,Yes,Yes,Yes,Yes,Yes,No,No,Yes,75,65,66,1.100,10.969,28.169,21.547,0.001,5.095,0.639,175.0,175.0,175.0,175.0,0,0.0,19.5,21.5,2.7,19.6,3.8,58.4,6.5,77.5,4.8,20.8,1.8,22.9,1.5,3.9,3.7,3.8,2.5,40.6,26.5,40.2,26.2,16.3,49.1,30.0,27.5,14.3,36.9,47.8,1.0,0.0,0.6,0.0,8.8,4.6,7.6,0.0,44.5,1.2,0.4,4.6,1.6,0.6,2.2,94.3,95.4,94.9,97.0,45.2,66.2,48.3,71.5,20.9,20.7,43.4,1.3,0.5,36.4,23.1,2394.1,24.00,36,35,35,68,103,383,2,2,Yes,No,No,No,No,No,No,No,No,Yes,Yes,No,No,Yes,No,No,No,No,No,No,No,Yes,No,No,No,No,No,Yes,No,No,No,No,No,No,No,Yes,No,No,93.0,3960,2940,3840,57.0,1.095,1.110,1.815,1.815,0.990,5.110,1.000,No,No,No,57.5,1.095,1.110,1.800,1.815,0.990,5.110,1.250,No,No,No,49,49,94.0,100.0,No,No,32159,47986,36,70,99.0,100.0,No,No,1844,3246,100.0,0.1,100.0,13.945,0.245,95194,52245,0.0,0.0,0.0,0.000,0.000,164001,82786,65.0,70.0,69.3,83.0,0.875,20.658,20.649,20.667,25.717,24.882,27.967,16.602,44.661,3.000,19.592,31.388,30.963,100.000,140.000,2250.0,2150.2,1890.0,2205.9,1905.0,17.0,1.0,0.0,1.0,93.4,3.1,12.5,0.0,0.0,0.0,Yes,No,No,No,No,Yes,No,0,0,0,0,0,0,0,0,0,0,0,0,0,0,0,0,0,0,0,0,0,0,0,0,0,0,0,0,0,0,539,7649,7416,567,16.0,64,0.300,30.449,600.0,2194.0,0.1,0.0,0.0,0.0,0.0,0.0,0.0,0.0,0.8,127,16065,127,No,No,No,No,No,No,No,No,16.746,68.277,100.0,0.000,24.1,0,0,0,0.0,0.8,0.8,0.8,0.8,0.8,0.8,0.8,0.8,0.8,0.8,0.8,0.8,1268.27,1268.27,1268.27,1268.27,1268.27,1268.27,0.66,1267.94,1268.27,0.00,503.78,651,9,0.0,0.1,0,0,0.0,0.0,0,
9.6.2026,14:17:43.550,24141,24626,49.5,14271,18113,44.0,10.5,16384,1720,1.188,1.179,1.146,1.198,1.158,1.183,1.173,1.219,1.194,1.204,1.184,1.184,1.199,1.191,1.214,1.063,0.783,2151.9,1396.6,1396.6,4688.5,4688.5,4688.5,4489.0,1097.3,1097.3,1097.3,1097.3,1097.3,1097.3,1097.3,1097.3,99.8,3890.5,394.3,196.9,27.3,159.6,2.0,637.0,1046.7,4039.0,0.9,125.4,216.9,265.5,0.2,52.6,32.9,22.3,6.4,268.5,319.4,245.5,220.0,427.0,18.0,8.3,5.5,8.3,0.0,15.1,53.0,87.9,32.9,4.5,36.7,11.6,0.0,4.5,2.8,1.8,1.1,23.4,26.8,19.5,16.9,87.9,18.0,100.0,16.0,8.7,1.8,4.5,0.1,26.9,38.5,153.5,0.0,5.5,9.5,11.6,0.0,2.4,1.4,0.8,0.3,15.7,17.4,11.9,10.3,16.0,21.6,14.0,14.0,47.0,47.0,47.0,45.0,11.0,11.0,11.0,11.0,11.0,11.0,11.0,11.0,39.0,63,63,65,63,66,62,63,62,62,62,62,64,64,64,64,37,37,35,37,34,38,37,38,38,38,38,36,36,36,36,75,66,No,No,No,No,No,No,No,No,No,No,No,No,No,No,No,No,No,No,No,No,No,No,No,No,No,No,No,No,No,No,No,No,No,No,No,No,No,No,No,No,No,No,No,No,No,No,No,No,74,67,64,1.100,16.875,25.003,18.686,0.001,4.916,0.514,175.0,175.0,175.0,175.0,0,0.0,14.1,8.4,1.9,10.4,0.2,14.4,28.3,88.0,0.0,4.5,11.5,11.6,0.0,4.7,2.9,2.0,0.5,23.6,28.2,21.9,19.5,20.3,68.1,14.9,51.7,10.2,51.4,39.2,0.0,0.0,0.0,0.0,16.3,26.1,6.6,0.0,45.4,0.0,0.0,0.4,0.2,0.0,0.8,94.7,96.6,97.8,99.3,54.8,41.4,69.6,79.7,27.2,17.1,72.4,1.2,0.4,28.1,44.3,2394.1,24.00,36,35,35,68,103,383,2,2,Yes,No,No,No,No,No,No,No,No,No,Yes,No,No,Yes,No,No,No,No,No,No,No,Yes,No,No,No,No,No,Yes,No,No,No,No,No,No,No,Yes,No,No,93.0,4080,2880,3960,57.2,1.095,1.110,1.815,1.800,0.990,5.110,0.625,No,No,No,57.5,1.095,1.110,1.815,1.815,0.990,5.110,0.750,No,No,No,49,49,94.0,100.0,No,No,32159,47986,36,70,99.0,100.0,No,No,1844,3246,100.0,0.1,100.0,18.934,0.037,95232,52245,0.0,0.0,0.0,0.000,0.000,164001,82786,66.6,76.0,71.5,83.0,0.875,20.692,20.683,20.701,62.801,16.572,23.305,14.581,37.945,3.000,17.564,9.582,10.024,100.000,140.000,2250.0,2150.2,1890.0,2237.0,1905.0,87.0,48.0,0.0,0.0,93.4,25.0,100.0,0.0,0.0,0.0,Yes,No,No,No,No,Yes,No,0,0,0,0,0,0,0,0,0,0,0,0,0,0,0,0,0,0,0,0,0,0,0,0,0,0,0,0,0,0,539,7649,7400,567,16.0,66,0.300,17.038,600.0,2394.0,0.1,0.0,0.0,0.0,0.0,0.0,0.0,0.0,0.8,127,16065,127,No,No,No,No,No,No,No,No,16.746,68.277,100.0,0.000,24.1,0,0,0,0.0,1.2,1.2,1.2,1.2,1.2,1.2,1.3,1.3,1.3,1.3,1.3,1.3,817.48,817.48,817.48,817.48,817.48,817.48,794.23,23.73,817.04,0.44,216.60,651,9,0.1,0.0,0,0,0.0,0.0,0,
9.6.2026,14:17:45.553,24027,24740,49.2,14299,18084,44.1,10.5,16384,1720,1.196,1.200,1.208,1.202,1.187,1.182,1.202,1.202,1.192,1.197,1.197,1.197,1.192,1.197,1.194,1.101,0.778,2358.5,798.0,4688.5,4688.5,4688.5,4688.5,4688.5,1097.3,1097.3,1097.3,1097.3,1097.3,1097.3,1097.3,1097.3,99.8,4090.0,429.2,161.5,26.4,362.2,12.6,0.9,2637.2,2716.2,0.4,0.8,74.2,74.3,0.5,121.4,89.3,55.3,16.2,253.4,717.2,689.6,574.8,396.8,21.7,7.6,2.8,14.5,2.4,0.0,58.0,60.4,0.0,0.0,3.8,4.0,46.3,11.4,8.3,5.3,1.2,24.5,66.0,63.8,53.6,66.0,21.7,100.0,19.4,7.3,1.7,17.4,0.8,0.1,102.4,108.4,0.0,0.1,3.4,3.5,0.0,7.2,5.3,3.5,1.0,15.6,40.3,38.4,32.0,19.4,23.6,8.0,47.0,47.0,47.0,47.0,47.0,11.0,11.0,11.0,11.0,11.0,11.0,11.0,11.0,41.0,62,63,61,69,59,62,57,61,61,61,62,64,64,64,64,38,37,39,31,41,38,43,39,39,39,38,36,36,36,36,74,69,No,No,No,No,No,No,No,No,No,No,No,No,No,No,No,No,No,No,No,No,No,No,No,No,No,No,No,No,No,No,No,No,No,No,No,No,No,No,No,No,No,No,No,No,No,No,No,No,75,68,64,1.100,10.969,16.895,10.967,0.001,4.601,0.437,175.0,175.0,175.0,175.0,0,0.0,18.4,7.2,0.9,10.1,0.5,0.0,57.3,58.2,0.0,0.1,3.5,3.6,0.0,10.9,8.1,5.0,1.5,22.6,64.4,61.9,51.6,18.5,67.1,63.6,39.5,38.5,10.7,7.0,2.6,2.6,0.9,0.0,10.7,8.0,4.1,3.5,37.5,0.0,0.1,1.0,1.1,0.0,2.0,85.2,88.3,93.6,98.3,62.1,21.8,29.8,42.2,35.2,21.0,22.8,0.2,0.3,83.0,84.1,2394.1,24.00,36,35,35,68,103,383,2,2,Yes,No,No,No,No,No,No,No,No,No,Yes,No,No,Yes,No,No,No,No,No,No,No,Yes,No,No,No,No,No,Yes,No,No,No,No,No,No,No,Yes,No,No,93.0,4140,2700,4020,57.2,1.095,1.110,1.815,1.800,0.990,5.110,1.125,No,No,No,57.5,1.095,1.110,1.815,1.800,1.005,5.110,0.875,No,No,No,49,49,94.0,100.0,No,No,32159,47986,37,70,99.0,100.0,No,No,1844,3246,100.0,0.2,100.0,20.958,0.125,95270,52246,0.0,0.0,0.0,0.000,0.000,164001,82786,70.4,76.0,75.4,83.0,0.875,20.640,20.626,20.654,64.458,31.232,38.445,22.193,60.722,3.000,25.180,37.134,31.949,100.000,140.000,2250.0,2150.2,1890.0,2235.3,1905.0,93.0,58.0,0.0,0.0,92.5,15.3,61.1,0.0,0.0,0.0,Yes,No,No,No,No,Yes,No,0,0,0,0,0,0,0,0,0,0,0,0,0,0,0,0,0,0,0,0,0,0,0,0,0,0,0,0,0,0,617,7571,7338,567,16.0,65,0.300,18.757,550.0,2394.0,0.1,0.0,0.0,0.0,0.0,0.0,0.0,0.0,0.8,127,16065,127,No,No,No,No,No,No,No,No,16.746,68.277,100.0,0.000,24.1,0,0,0,0.0,1.2,1.2,1.2,1.2,1.2,1.2,1.3,1.3,1.3,1.3,1.3,1.3,817.48,817.48,817.48,817.48,817.48,817.48,794.23,23.73,817.04,0.44,216.60,651,9,0.1,0.0,0,0,0.0,0.0,0,
9.6.2026,14:17:47.553,24019,24749,49.2,14317,18067,44.2,10.5,16384,1720,1.129,1.191,1.187,1.142,1.167,0.772,0.773,1.213,1.223,1.168,1.173,1.193,1.187,1.192,1.217,1.101,0.783,1888.2,4688.5,4688.5,1396.6,4688.5,1396.6,798.0,1097.3,1097.3,1097.3,1097.3,1097.3,1097.3,1097.3,1097.3,99.8,4090.0,343.9,100.6,14.6,53.7,4.4,3.8,1925.8,3450.9,0.3,2.9,446.8,181.3,0.2,6.2,18.0,0.4,0.4,41.4,253.3,239.3,134.2,388.1,11.1,4.9,0.8,2.4,0.0,0.6,49.3,74.1,0.0,1.4,18.3,7.7,0.0,1.1,2.1,0.5,0.5,3.5,22.3,21.1,11.7,74.1,11.1,100.0,14.1,4.2,1.0,2.5,0.3,0.3,75.5,132.2,0.0,0.3,18.4,7.6,0.0,0.4,1.0,0.0,0.0,3.1,14.5,13.3,7.5,14.1,18.9,47.0,47.0,14.0,47.0,14.0,8.0,11.0,11.0,11.0,11.0,11.0,11.0,11.0,11.0,41.0,61,62,62,63,64,61,56,61,61,61,61,61,61,61,62,39,38,38,37,36,39,44,39,39,39,39,39,39,39,38,75,64,No,No,No,No,No,No,No,No,No,No,No,No,No,No,No,No,No,No,No,No,No,No,No,No,No,No,No,No,No,No,No,No,No,No,No,No,No,No,No,No,No,No,No,No,No,No,No,No,75,66,64,1.100,6.750,17.257,11.266,0.001,4.660,0.441,175.0,175.0,175.0,175.0,0,0.0,11.0,5.2,1.1,1.9,0.3,0.1,48.8,74.2,0.0,0.2,18.9,8.1,0.0,0.6,1.6,0.0,0.0,3.6,22.2,20.9,11.7,14.3,30.9,23.7,40.5,23.1,47.4,17.8,0.0,0.0,0.0,0.0,2.6,7.9,3.6,2.7,51.2,0.0,0.0,3.3,0.7,0.0,0.0,99.3,98.3,99.8,99.9,90.7,66.4,73.5,84.5,39.4,59.7,72.3,3.9,0.5,29.0,71.1,2394.1,24.00,36,35,35,68,103,383,2,2,Yes,No,No,No,No,No,No,No,No,No,Yes,No,No,Yes,No,No,No,No,No,No,No,Yes,No,No,No,No,No,Yes,No,No,No,No,No,No,No,Yes,No,No,93.0,4020,2760,3960,57.2,1.095,1.110,1.815,1.800,0.990,5.110,0.625,No,No,No,57.5,1.095,1.110,1.815,1.800,0.990,5.110,0.875,No,No,No,49,49,94.0,100.0,No,No,32159,47986,36,70,99.0,100.0,No,No,1844,3246,100.0,1.1,100.0,21.080,0.060,95310,52246,0.0,0.0,0.0,0.000,0.000,164001,82786,70.5,76.0,75.4,83.0,0.875,20.659,20.646,20.673,63.033,28.514,35.505,20.502,56.064,3.000,23.481,31.907,29.139,100.000,140.000,2250.0,2150.2,1890.0,2237.5,1905.0,90.0,52.0,0.0,0.0,92.5,25.0,100.0,0.0,0.0,0.0,Yes,No,No,No,No,Yes,No,0,0,0,0,0,0,0,0,0,0,0,0,0,0,0,0,0,0,0,0,0,0,0,0,0,0,0,0,0,0,617,7571,7338,567,16.0,63,0.300,14.950,600.0,2394.0,0.1,0.0,0.0,0.0,0.0,0.0,0.0,0.0,0.8,127,16065,127,No,No,No,No,No,No,No,No,16.747,68.277,100.0,0.000,24.1,0,0,0,0.0,1.2,1.2,1.2,1.2,1.2,1.2,1.3,1.3,1.3,1.3,1.3,1.3,817.48,817.48,817.48,817.48,817.48,817.48,794.23,23.73,817.04,0.44,216.60,651,9,0.3,0.0,0,0,0.0,0.0,0,
9.6.2026,14:17:49.539,24031,24737,49.2,14398,17986,44.4,10.5,16384,1720,1.189,1.216,1.198,1.163,1.173,1.163,1.208,1.203,1.198,1.193,1.183,1.193,1.180,1.190,1.185,1.101,0.778,3056.8,4688.5,4688.5,1396.6,4688.5,1396.6,4688.5,3591.2,3591.2,3591.2,3591.2,3591.2,1097.3,1097.3,1097.3,99.8,4090.0,343.2,82.5,9.3,16.1,1.8,4.8,1522.4,4076.1,0.4,3.6,587.8,234.4,0.2,0.6,0.5,0.5,0.5,37.5,89.4,122.1,73.6,408.8,14.1,4.7,1.1,0.0,0.0,0.0,43.8,87.2,43.0,0.0,24.9,8.1,42.5,0.0,0.0,0.0,0.0,3.6,8.0,9.9,5.4,87.2,14.1,100.0,13.7,3.5,0.6,0.7,0.1,0.5,60.7,155.6,0.0,0.3,24.4,9.7,0.0,0.1,0.0,0.0,0.0,2.7,5.2,6.6,4.0,13.7,30.6,47.0,47.0,14.0,47.0,14.0,47.0,36.0,36.0,36.0,36.0,36.0,11.0,11.0,11.0,41.0,62,61,63,63,66,61,60,61,61,61,61,62,62,62,62,38,39,37,37,34,39,40,39,39,39,39,38,38,38,38,74,66,No,No,No,No,No,No,No,No,No,No,No,No,No,No,No,No,No,No,No,No,No,No,No,No,No,No,No,No,No,No,No,No,No,No,No,No,No,No,No,No,No,No,No,No,No,No,No,No,74,66,64,1.100,7.594,14.320,8.476,0.001,4.531,0.432,175.0,175.0,175.0,175.0,0,0.0,9.9,4.2,0.6,0.5,0.1,0.2,42.9,87.0,0.0,0.2,24.9,9.9,0.0,0.1,0.0,0.0,0.0,3.1,7.4,10.7,6.3,12.7,12.6,3.8,51.9,12.1,62.7,25.7,0.0,0.0,0.0,0.0,1.6,5.8,1.2,0.8,54.2,0.0,0.0,1.0,0.0,0.0,0.0,99.8,99.8,99.8,99.8,92.6,85.3,87.6,92.6,40.7,79.9,94.9,0.2,0.0,7.3,61.9,997.6,10.00,22,15,15,28,103,160,2,2,Yes,No,No,No,No,No,No,No,No,No,Yes,No,No,Yes,No,No,No,No,No,No,No,Yes,No,No,No,No,No,Yes,No,No,No,No,No,No,No,Yes,No,No,92.0,3900,2880,3780,57.2,1.095,1.110,1.815,1.800,0.990,5.110,0.875,No,No,No,57.5,1.110,1.110,1.815,1.800,0.990,5.110,0.500,No,No,No,49,49,94.0,100.0,No,No,32159,47986,36,70,99.0,100.0,No,No,1844,3246,100.0,0.0,100.0,22.832,0.019,95354,52246,0.0,0.0,0.0,0.000,0.000,164001,82786,71.4,76.0,76.6,83.0,0.875,20.640,20.626,20.654,66.332,32.916,40.142,22.318,62.561,3.000,25.307,41.747,35.337,100.000,140.000,2250.0,2150.2,1890.0,2237.7,1905.0,86.0,54.0,0.0,1.0,92.5,24.9,99.5,0.0,0.0,0.0,Yes,No,No,No,No,Yes,No,0,0,0,0,0,0,0,0,0,0,0,0,0,0,0,0,0,0,0,0,0,0,0,0,0,0,0,0,0,0,617,7571,7338,567,16.0,65,0.300,14.395,600.0,2394.0,0.1,0.0,0.0,0.0,0.0,0.0,0.0,0.0,0.8,127,16065,127,No,No,No,No,No,No,No,No,16.747,68.277,100.0,0.000,24.1,0,0,0,0.0,1.2,1.2,1.2,1.2,1.2,1.2,1.3,1.3,1.3,1.3,1.3,1.3,817.48,817.48,817.48,817.48,817.48,817.48,794.23,23.73,817.04,0.44,216.60,651,9,0.1,0.1,0,0,0.0,0.0,0,
9.6.2026,14:17:51.558,24033,24734,49.2,14417,17967,44.5,10.5,16384,1720,1.137,1.187,1.152,1.137,1.186,1.176,0.736,1.175,1.170,1.181,1.166,1.161,1.161,1.166,1.171,1.101,0.783,2137.6,4489.0,4489.0,1396.6,4688.5,4688.5,1396.6,1097.3,1097.3,1097.3,1097.3,1097.3,1097.3,1097.3,1097.3,99.8,4090.0,346.1,104.4,8.2,4.4,0.7,4.0,1207.4,4490.9,0.2,3.1,575.3,274.6,0.1,0.4,0.4,0.4,0.4,22.7,171.2,46.4,6.0,417.2,10.2,4.6,0.0,0.8,4.3,0.0,40.1,95.8,0.0,0.0,23.7,13.1,0.0,0.0,0.0,0.0,0.0,1.9,14.5,5.2,0.1,95.8,10.2,100.0,13.8,4.3,0.6,0.2,0.1,0.4,48.9,171.0,0.0,0.3,23.8,11.4,0.0,0.0,0.0,0.0,0.0,1.9,9.5,2.6,0.4,13.8,21.4,45.0,45.0,14.0,47.0,47.0,14.0,11.0,11.0,11.0,11.0,11.0,11.0,11.0,11.0,41.0,62,63,61,65,60,64,61,61,61,61,61,61,61,61,61,38,37,39,35,40,36,39,39,39,39,39,39,39,39,39,74,65,No,No,No,No,No,No,No,No,No,No,No,No,No,No,No,No,No,No,No,No,No,No,No,No,No,No,No,No,No,No,No,No,No,No,No,No,No,No,No,No,No,No,No,No,No,No,No,No,74,64,65,1.100,5.063,14.642,8.833,0.001,4.491,0.432,175.0,175.0,175.0,175.0,0,0.0,9.9,4.9,0.7,0.3,0.1,0.2,39.6,95.6,0.0,0.2,24.5,11.5,0.0,0.0,0.0,0.0,0.0,2.1,14.6,3.9,0.4,13.6,13.8,3.1,56.1,4.0,57.4,27.8,5.1,5.1,5.1,5.1,0.6,6.3,0.4,0.9,53.2,0.0,0.0,0.0,0.0,0.0,0.0,94.7,94.7,94.7,94.8,94.6,77.6,95.3,98.4,40.9,78.0,95.9,0.0,0.0,13.0,58.3,2394.1,24.00,36,35,35,68,103,383,2,2,Yes,No,No,No,No,No,No,No,No,No,Yes,No,No,Yes,No,No,No,No,No,No,No,Yes,No,No,No,No,No,Yes,No,No,No,No,No,No,No,Yes,No,No,93.0,3960,3060,3720,57.2,1.095,1.110,1.815,1.800,0.990,5.110,0.625,No,No,No,57.5,1.095,1.110,1.815,1.800,0.990,5.110,0.500,No,No,No,49,49,94.0,100.0,No,No,32159,47986,36,70,99.0,100.0,No,No,1844,3246,100.0,0.1,100.0,23.876,0.042,95399,52246,0.0,0.0,0.0,0.000,0.000,164001,82786,71.2,76.0,76.4,83.0,0.875,20.628,20.613,20.643,61.497,33.168,39.666,25.952,65.687,3.000,28.946,38.622,30.304,100.000,140.000,2250.0,2150.2,1890.0,2236.5,1905.0,82.0,32.0,0.0,0.0,92.5,25.0,100.0,0.0,0.0,0.0,Yes,No,No,No,No,Yes,No,0,0,0,0,0,0,0,0,0,0,0,0,0,0,0,0,0,0,0,0,0,0,0,0,0,0,0,0,0,0,617,7571,7338,567,16.0,64,0.300,14.188,550.0,997.0,0.1,0.0,0.0,0.0,0.0,0.0,0.0,0.0,0.8,127,16065,127,No,No,No,No,No,No,No,No,16.746,68.277,100.0,0.000,24.1,0,0,0,0.0,2.1,2.1,2.1,2.1,2.1,2.1,2.4,2.4,2.4,2.4,2.4,2.4,467.98,467.98,467.98,467.98,467.98,467.98,0.78,467.53,467.98,0.00,421.31,651,9,0.0,0.0,0,0,0.0,0.0,0,
9.6.2026,14:17:53.536,24030,24738,49.2,14414,17970,44.5,10.5,16384,1720,1.196,1.210,1.202,1.212,1.171,1.171,1.186,1.216,1.176,1.216,1.197,1.192,1.187,1.217,1.187,1.101,0.778,1945.2,2194.6,4688.5,1396.6,4688.5,798.0,4688.5,1097.3,1097.3,1097.3,1097.3,1097.3,1097.3,1097.3,1097.3,99.8,4090.0,332.4,99.2,10.7,22.3,0.5,4.9,1481.6,3944.1,0.4,3.5,585.9,248.2,0.1,5.3,0.4,0.4,0.4,35.0,129.2,65.0,10.9,400.5,10.0,4.6,4.3,1.8,0.0,2.9,43.6,84.7,0.0,2.9,23.6,11.1,0.0,0.2,0.0,0.0,0.0,2.7,10.9,5.3,0.6,84.7,10.0,100.0,13.3,4.1,0.7,1.0,0.0,0.5,59.0,150.6,0.0,0.3,24.1,10.3,0.0,0.3,0.0,0.0,0.0,2.6,7.4,3.5,0.6,13.3,19.5,22.0,47.0,14.0,47.0,8.0,47.0,11.0,11.0,11.0,11.0,11.0,11.0,11.0,11.0,41.0,62,63,62,64,62,62,59,61,61,61,61,62,62,62,62,38,37,38,36,38,38,41,39,39,39,39,38,38,38,38,75,64,No,No,No,No,No,No,No,No,No,No,No,No,No,No,No,No,No,No,No,No,No,No,No,No,No,No,No,No,No,No,No,No,No,No,No,No,No,No,No,No,No,No,No,No,No,No,No,No,74,64,65,1.100,7.594,14.847,9.070,0.001,4.460,0.431,175.0,175.0,175.0,175.0,0,0.0,9.6,4.9,0.8,1.4,0.0,0.2,43.1,84.7,0.0,0.2,24.2,11.5,0.0,0.5,0.0,0.0,0.0,2.9,11.3,5.7,0.9,13.8,21.4,3.5,51.0,14.3,61.9,28.8,0.0,0.0,0.0,0.0,2.4,8.8,1.2,0.0,54.4,0.0,0.0,0.8,0.0,0.0,0.0,99.3,99.8,99.8,99.8,91.8,78.0,92.6,98.9,38.7,70.4,94.3,0.8,0.0,9.1,57.4,2394.1,24.00,36,35,35,68,103,383,2,2,Yes,No,No,No,No,No,No,No,No,No,Yes,No,No,Yes,No,No,No,No,No,No,No,Yes,No,No,No,No,No,Yes,No,No,No,No,No,No,No,Yes,No,No,93.0,3900,3240,3780,57.0,1.095,1.110,1.800,1.800,0.990,5.110,0.750,No,No,No,57.5,1.095,1.110,1.800,1.800,0.990,5.110,0.625,No,No,No,49,49,94.0,100.0,No,No,32159,47986,36,70,99.0,100.0,No,No,1844,3246,100.0,0.2,100.0,23.225,0.153,95444,52246,0.0,0.0,0.0,0.000,0.000,164001,82786,71.2,78.0,76.4,83.0,0.875,20.634,20.617,20.651,60.251,33.332,41.074,25.668,66.826,3.000,28.666,30.742,37.349,100.000,140.000,2250.0,2150.2,1890.0,2234.7,1905.0,86.0,53.0,0.0,0.0,92.5,24.1,96.4,0.0,0.0,0.0,Yes,No,No,No,No,Yes,No,0,0,0,0,0,0,0,0,0,0,0,0,0,0,0,0,0,0,0,0,0,0,0,0,0,0,0,0,0,0,617,7571,7338,567,16.0,65,0.300,15.138,550.0,2394.0,0.1,0.0,0.0,0.0,0.0,0.0,0.0,0.0,0.8,127,16065,127,No,No,No,No,No,No,No,No,16.746,68.277,100.0,0.000,24.1,0,0,0,0.0,2.2,2.2,2.2,2.2,2.2,2.2,2.4,2.4,2.4,2.4,2.4,2.4,455.13,455.13,455.13,455.13,455.13,455.13,2.26,453.05,455.13,0.00,418.72,651,9,0.0,0.0,0,0,0.0,0.0,0,
9.6.2026,14:17:55.534,24022,24746,49.2,14412,17971,44.5,10.5,16384,1720,1.182,1.192,1.157,1.147,1.182,1.182,1.197,1.199,1.204,1.189,1.189,1.184,1.174,1.184,1.170,1.063,0.781,2672.0,1396.6,4489.0,4489.0,4688.5,1396.6,4688.5,1097.3,3591.2,3591.2,3591.2,1097.3,1097.3,1097.3,1097.3,99.8,3890.5,335.9,113.4,12.8,21.1,1.2,5.1,1422.6,4048.4,0.3,3.5,488.2,273.8,0.3,1.7,0.6,0.6,0.6,32.4,136.8,108.6,45.7,399.6,15.1,6.1,0.0,0.3,19.9,0.0,40.9,87.2,40.3,0.0,21.4,11.7,43.5,0.7,0.6,0.6,0.6,3.6,10.7,9.0,4.6,87.2,15.1,100.0,13.5,4.7,0.8,1.1,0.1,0.5,56.8,154.5,0.0,0.3,20.3,11.3,0.0,0.1,0.1,0.1,0.1,2.4,8.0,6.1,2.5,13.5,26.8,14.0,45.0,45.0,47.0,14.0,47.0,11.0,36.0,36.0,36.0,11.0,11.0,11.0,11.0,39.0,62,62,63,63,64,62,62,61,61,61,61,62,62,62,62,38,38,37,37,36,38,38,39,39,39,39,38,38,38,38,75,64,No,No,No,No,No,No,No,No,No,No,No,No,No,No,No,No,No,No,No,No,No,No,No,No,No,No,No,No,No,No,No,No,No,No,No,No,No,No,No,No,No,No,No,No,No,No,No,No,74,67,64,1.100,9.281,14.907,9.173,0.001,4.420,0.428,175.0,175.0,175.0,175.0,0,0.0,9.8,5.6,0.5,1.3,0.1,0.2,40.1,87.1,0.0,0.2,21.4,11.4,0.0,0.2,0.0,0.0,0.0,3.0,12.2,9.7,4.1,13.9,21.8,9.2,52.9,12.1,56.5,29.0,0.0,0.0,0.0,0.0,0.2,8.5,4.5,0.0,53.7,0.0,0.0,1.2,0.0,0.0,0.0,99.7,99.8,99.8,99.8,94.0,77.4,84.8,95.7,38.9,70.0,88.0,1.5,0.0,17.3,56.6,997.6,10.00,22,15,15,28,103,160,2,2,Yes,No,No,No,No,No,No,No,No,No,Yes,No,No,No,No,No,No,No,No,No,No,No,No,No,No,No,No,Yes,No,No,No,No,No,No,No,Yes,No,No,91.0,3900,3300,3720,57.0,1.095,1.110,1.800,1.800,0.990,5.110,0.875,No,No,No,57.5,1.095,1.110,1.800,1.815,0.990,5.110,0.625,No,No,No,49,49,94.0,100.0,No,No,32159,47986,36,70,99.0,100.0,No,No,1844,3246,100.0,0.1,100.0,23.980,0.067,95489,52246,0.0,0.0,0.0,0.000,0.000,164001,82786,69.5,78.0,74.9,83.0,0.875,20.662,20.648,20.676,67.312,25.358,34.661,22.094,56.817,3.000,25.072,9.541,26.323,100.000,140.000,2250.0,2150.2,1890.0,2234.3,1905.0,94.0,62.0,0.0,0.0,92.5,18.8,75.3,0.0,0.0,0.0,Yes,No,No,No,No,Yes,No,0,0,0,0,0,0,0,0,0,0,0,0,0,0,0,0,0,0,0,0,0,0,0,0,0,0,0,0,0,0,617,7571,7338,567,16.0,66,0.300,14.811,550.0,2394.0,0.1,0.0,0.0,0.0,0.0,0.0,0.0,0.0,0.8,127,16065,127,No,No,No,No,No,No,No,No,16.746,68.277,100.0,0.000,24.1,0,0,0,0.0,2.2,2.2,2.2,2.2,2.2,2.2,2.4,2.4,2.4,2.4,2.4,2.4,455.13,455.13,455.13,455.13,455.13,455.13,2.26,453.05,455.13,0.00,418.72,651,9,0.0,0.0,0,0,0.0,0.0,0,
9.6.2026,14:17:57.544,24028,24739,49.2,14468,17916,44.6,10.5,16384,1720,1.183,1.205,1.161,1.161,1.196,1.196,1.216,1.180,1.170,1.180,1.180,1.180,1.167,1.182,1.182,1.101,0.783,2372.8,1396.6,4489.0,4489.0,4688.5,4688.5,4688.5,1097.3,1097.3,1097.3,1097.3,1097.3,1097.3,1097.3,1097.3,99.8,4090.0,337.9,113.6,7.0,4.9,0.3,5.0,1232.0,4417.5,0.2,3.2,567.7,215.9,0.1,0.5,0.4,0.4,0.4,23.2,81.1,62.6,21.1,410.6,10.5,4.5,2.6,1.5,0.0,2.9,45.4,95.3,0.0,2.9,20.9,7.5,0.0,1.3,1.3,1.3,1.3,2.0,8.8,6.7,3.1,95.3,10.5,100.0,13.4,4.5,0.5,0.3,0.0,0.5,50.0,168.2,0.0,0.3,23.6,8.8,0.0,0.0,0.0,0.0,0.0,1.9,4.7,3.5,1.2,13.4,23.8,14.0,45.0,45.0,47.0,47.0,47.0,11.0,11.0,11.0,11.0,11.0,11.0,11.0,11.0,41.0,63,63,63,63,66,62,60,61,61,61,61,64,64,64,64,37,37,37,37,34,38,40,39,39,39,39,36,36,36,36,74,66,No,No,No,No,No,No,No,No,No,No,No,No,No,No,No,No,No,No,No,No,No,No,No,No,No,No,No,No,No,No,No,No,No,No,No,No,No,No,No,No,No,No,No,No,No,No,No,No,74,64,64,1.100,5.063,14.424,8.710,0.001,4.399,0.428,175.0,175.0,175.0,175.0,0,0.0,9.6,4.7,0.5,0.2,0.0,0.2,44.9,95.2,0.0,0.2,21.4,7.8,0.0,0.0,0.0,0.0,0.0,2.1,6.8,5.4,1.9,11.7,9.7,2.3,49.5,4.3,67.4,24.5,0.0,0.0,0.0,0.0,0.0,4.3,2.1,0.0,55.2,0.0,0.0,0.5,0.0,0.0,0.0,99.8,99.8,99.8,99.8,95.1,87.6,91.9,98.0,42.2,83.2,97.0,0.2,0.0,6.8,65.7,2394.1,24.00,36,35,35,68,103,383,2,2,Yes,No,No,No,No,No,No,No,No,No,Yes,No,No,No,No,No,No,No,No,No,No,No,No,No,No,No,No,Yes,No,No,No,No,No,No,No,Yes,No,No,92.0,3900,3300,3780,57.0,1.095,1.110,1.800,1.800,0.990,5.110,0.625,No,No,No,57.5,1.095,1.110,1.800,1.800,1.005,5.110,0.625,No,No,No,49,49,94.0,100.0,No,No,32159,47986,36,70,99.0,100.0,No,No,1844,3246,100.0,0.0,100.0,25.512,0.022,95538,52246,0.0,0.0,0.0,0.000,0.000,164001,82786,69.9,80.0,75.2,83.0,0.875,20.648,20.634,20.663,61.235,31.948,38.188,23.440,61.699,3.000,26.426,41.863,29.023,100.000,140.000,2250.0,2150.2,1890.0,2234.6,1905.0,91.0,55.0,0.0,0.0,92.5,25.0,100.0,0.0,0.0,0.0,Yes,No,No,No,No,Yes,No,0,0,0,0,0,0,0,0,0,0,0,0,0,0,0,0,0,0,0,0,0,0,0,0,0,0,0,0,0,0,617,7571,7338,567,16.0,64,0.300,14.625,600.0,997.0,0.1,0.0,0.0,0.0,0.0,0.0,0.0,0.0,0.8,127,16065,127,No,No,No,No,No,No,No,No,16.746,68.277,100.0,0.000,24.1,0,0,0,0.0,2.0,2.0,2.0,2.0,2.0,2.0,2.2,2.2,2.2,2.2,2.2,2.2,497.74,497.74,497.74,497.74,497.74,497.74,1.92,496.12,497.74,0.00,450.93,651,9,0.0,0.0,0,0,0.0,0.0,0,
9.6.2026,14:17:59.555,24037,24730,49.2,14503,17881,44.7,10.5,16384,1720,1.179,1.181,1.145,1.180,1.180,1.170,1.170,1.190,1.185,1.185,1.185,1.185,1.180,1.182,1.182,1.063,0.783,3042.6,4489.0,1396.6,4688.5,4688.5,1396.6,4688.5,3591.2,3591.2,3591.2,3591.2,3591.2,1097.3,1097.3,1097.3,99.8,3890.5,332.5,91.8,9.6,13.2,1.2,5.0,1516.4,4022.6,0.4,3.0,513.2,219.7,0.2,0.8,0.5,0.4,0.5,28.3,113.8,96.0,13.1,399.9,14.6,5.0,0.1,0.0,35.4,0.0,49.9,86.3,33.0,0.0,19.5,9.0,35.4,0.0,0.0,0.0,0.0,2.5,9.6,7.0,0.0,86.3,14.6,100.0,13.3,3.8,0.6,0.7,0.1,0.5,60.5,153.7,0.0,0.3,21.3,9.1,0.0,0.1,0.0,0.0,0.0,2.3,6.5,5.3,0.8,13.3,30.5,45.0,14.0,47.0,47.0,14.0,47.0,36.0,36.0,36.0,36.0,36.0,11.0,11.0,11.0,39.0,62,61,63,63,63,61,61,61,61,61,61,62,62,62,62,38,39,37,37,37,39,39,39,39,39,39,38,38,38,38,74,63,No,No,No,No,No,No,No,No,No,No,No,No,No,No,No,No,No,No,No,No,No,No,No,No,No,No,No,No,No,No,No,No,No,No,No,No,No,No,No,No,No,No,No,No,No,No,No,No,75,66,65,1.100,12.656,14.811,9.027,0.001,4.464,0.431,175.0,175.0,175.0,175.0,0,0.0,9.6,4.7,0.6,0.7,0.1,0.2,49.1,86.2,0.0,0.2,19.6,8.9,0.0,0.1,0.0,0.0,0.0,2.2,9.3,8.2,0.9,13.1,14.9,5.8,44.6,12.9,65.3,27.8,0.0,0.0,0.0,0.0,1.3,7.3,3.6,0.5,54.4,0.0,0.0,1.5,0.0,0.0,0.0,99.8,99.9,99.9,99.8,93.8,81.8,87.4,98.4,40.2,77.5,92.4,0.1,0.0,10.6,60.6,997.6,10.00,22,15,15,28,103,160,2,2,Yes,No,No,No,No,No,No,No,No,No,Yes,No,No,Yes,No,No,No,No,No,No,No,Yes,No,No,No,No,No,Yes,No,No,No,No,No,No,No,Yes,No,No,93.0,3900,3240,3780,57.0,1.095,1.110,1.800,1.800,0.990,5.110,0.750,No,No,No,57.2,1.095,1.110,1.800,1.800,0.990,5.110,0.625,No,No,No,49,49,94.0,100.0,No,No,32159,47986,36,70,99.0,100.0,No,No,1844,3246,100.0,0.1,100.0,23.933,0.032,95584,52246,0.0,0.0,0.0,0.000,0.000,164001,82786,71.5,76.0,77.0,83.0,0.875,20.652,20.639,20.666,58.458,29.347,37.251,21.650,58.980,3.000,24.626,31.019,28.903,100.000,140.000,2250.0,2150.2,1890.0,2237.6,1905.0,94.0,40.0,0.0,0.0,92.5,24.9,99.6,0.0,0.0,0.0,Yes,No,No,No,No,Yes,No,0,0,0,0,0,0,0,0,0,0,0,0,0,0,0,0,0,0,0,0,0,0,0,0,0,0,0,0,0,0,617,7571,7338,553,16.0,64,0.300,14.347,550.0,2394.0,0.1,0.0,0.0,0.0,0.0,0.0,0.0,0.0,0.8,127,16065,127,No,No,No,No,No,No,No,No,16.746,68.277,100.0,0.000,24.1,0,0,0,0.0,2.1,2.1,2.1,2.1,2.1,2.1,2.3,2.3,2.3,2.3,2.3,2.3,465.63,465.63,465.63,465.63,465.63,465.63,0.26,465.27,465.63,0.00,86.51,651,9,0.1,0.1,0,0,0.0,0.0,0,
9.6.2026,14:18:1.576,24035,24733,49.2,14521,17862,44.8,10.5,16384,1720,1.185,1.216,1.191,1.162,1.172,1.172,1.207,1.177,1.177,1.183,1.193,1.183,1.193,1.183,1.180,1.101,0.778,2401.3,4688.5,4688.5,1396.6,4688.5,4688.5,4688.5,1097.3,1097.3,1097.3,1097.3,1097.3,1097.3,1097.3,1097.3,99.8,4090.0,337.8,110.1,6.2,11.6,0.8,4.9,1412.7,4236.1,0.3,3.0,481.6,196.7,0.6,0.6,0.5,0.5,0.5,27.2,108.0,109.2,44.5,404.2,11.4,5.0,0.0,0.2,1.2,0.0,49.8,90.1,19.7,0.0,18.7,5.6,14.4,0.0,0.0,0.0,0.0,2.0,7.4,9.4,3.5,90.1,11.4,100.0,13.5,4.6,0.4,0.6,0.1,0.5,56.8,161.5,0.0,0.3,20.1,8.1,0.0,0.1,0.1,0.1,0.1,2.2,6.1,6.0,2.4,13.5,24.1,47.0,47.0,14.0,47.0,47.0,47.0,11.0,11.0,11.0,11.0,11.0,11.0,11.0,11.0,41.0,62,62,63,62,64,61,60,61,61,61,61,62,62,62,62,38,38,37,38,36,39,40,39,39,39,39,38,38,38,38,75,64,No,No,No,No,No,No,No,No,No,No,No,No,No,No,No,No,No,No,No,No,No,No,No,No,No,No,No,No,No,No,No,No,No,No,No,No,No,No,No,No,No,No,No,No,No,No,No,No,75,64,65,1.100,10.125,14.215,8.504,0.001,4.451,0.429,175.0,175.0,175.0,175.0,0,0.0,9.9,5.4,0.5,0.5,0.1,0.2,49.3,90.1,0.0,0.2,19.3,6.7,0.0,0.1,0.1,0.1,0.1,2.3,9.1,9.7,3.9,11.6,16.4,5.0,44.5,9.1,63.6,18.7,0.0,0.0,0.0,0.0,0.5,2.7,2.5,0.0,54.6,0.0,0.0,0.5,0.1,0.0,0.0,99.8,99.8,99.8,99.8,94.4,87.0,87.1,95.9,42.6,75.6,93.5,0.7,0.0,12.8,72.7,2394.1,24.00,36,35,35,68,103,383,2,2,Yes,No,No,No,No,No,No,No,No,No,Yes,No,No,Yes,No,No,No,No,No,No,No,Yes,No,No,No,No,No,Yes,No,No,No,No,No,No,No,Yes,No,No,92.0,3840,3240,3780,57.0,1.110,1.110,1.800,1.800,0.990,5.110,0.625,No,No,No,57.2,1.110,1.110,1.800,1.800,0.990,5.110,0.750,No,No,No,49,49,94.0,100.0,No,No,32159,47986,36,70,99.0,100.0,No,No,1844,3246,100.0,0.1,100.0,23.742,0.031,95629,52246,0.0,0.0,0.0,0.000,0.000,164001,82786,71.5,78.0,76.6,83.0,0.875,20.624,20.609,20.640,59.517,35.100,43.913,23.061,67.058,3.000,26.058,52.340,30.270,100.000,140.000,2250.0,2150.2,1890.0,2238.3,1905.0,89.0,52.0,0.0,0.0,92.5,25.0,100.0,0.0,0.0,0.0,Yes,No,No,No,No,Yes,No,0,0,0,0,0,0,0,0,0,0,0,0,0,0,0,0,0,0,0,0,0,0,0,0,0,0,0,0,0,0,617,7571,7338,567,16.0,65,0.300,14.317,600.0,997.0,0.1,0.0,0.0,0.0,0.0,0.0,0.0,0.0,0.8,127,16065,127,No,No,No,No,No,No,No,No,16.746,68.277,100.0,0.000,24.1,0,0,0,0.0,5.9,5.9,5.9,5.9,5.9,5.9,5.9,5.9,5.9,5.9,5.9,5.9,168.07,168.07,168.07,168.07,168.07,168.07,0.93,167.78,168.07,0.00,131.87,651,9,0.0,0.0,0,0,0.0,0.0,0,
9.6.2026,14:18:3.564,24038,24730,49.2,14560,17824,44.9,10.5,16384,1720,1.202,1.181,1.197,1.196,1.166,1.206,1.196,1.220,1.220,1.211,1.201,1.216,1.228,1.171,1.216,1.101,0.783,2387.0,1396.6,4688.5,4688.5,4489.0,4688.5,4688.5,1097.3,1097.3,1097.3,1097.3,1097.3,1097.3,1097.3,1097.3,99.8,4090.0,362.1,107.4,12.4,22.6,2.3,3.6,1749.7,4016.0,0.3,2.4,485.0,247.5,0.3,6.5,5.0,17.4,1.9,34.6,210.4,232.4,84.7,417.5,12.2,4.7,2.1,0.6,0.7,2.9,55.5,85.9,0.0,2.9,17.4,10.1,0.0,1.7,1.6,2.9,1.5,3.1,19.7,21.7,8.8,85.9,12.2,100.0,14.7,4.5,0.8,1.2,0.2,0.3,69.8,153.8,0.0,0.2,20.1,10.3,0.0,0.3,0.2,1.0,0.1,2.7,11.7,12.5,4.6,14.7,23.9,14.0,47.0,47.0,45.0,47.0,47.0,11.0,11.0,11.0,11.0,11.0,11.0,11.0,11.0,41.0,64,63,63,65,64,63,63,63,63,63,63,64,64,64,64,36,37,37,35,36,37,37,37,37,37,37,36,36,36,36,75,65,No,No,No,No,No,No,No,No,No,No,No,No,No,No,No,No,No,No,No,No,No,No,No,No,No,No,No,No,No,No,No,No,No,No,No,No,No,No,No,No,No,No,No,No,No,No,No,No,74,66,65,1.100,4.219,14.418,8.569,0.001,4.475,0.430,175.0,175.0,175.0,175.0,0,0.0,11.4,4.9,0.8,0.8,0.2,0.2,54.6,85.9,0.0,0.1,17.9,9.8,0.0,0.6,0.5,1.6,0.2,3.1,18.7,20.6,7.5,12.9,20.4,14.2,39.8,12.9,56.3,28.5,0.0,0.0,0.0,0.0,0.6,6.1,1.3,0.0,52.3,0.0,0.0,0.5,0.0,0.0,0.0,99.2,99.4,98.3,99.7,93.0,73.1,76.9,92.0,39.2,71.0,83.3,0.5,0.0,21.5,58.9,2394.1,24.00,36,35,35,68,103,383,2,2,Yes,No,No,No,No,No,No,No,No,No,Yes,No,No,Yes,No,No,No,No,No,No,No,Yes,No,No,No,No,No,Yes,No,No,No,No,No,No,No,Yes,No,No,92.0,3900,3240,3780,57.0,1.110,1.110,1.800,1.800,0.990,5.110,0.750,No,No,No,57.2,1.110,1.110,1.800,1.800,0.990,5.110,0.625,No,No,No,49,49,94.0,100.0,No,No,32159,47986,36,70,99.0,100.0,No,No,1844,3246,100.0,0.0,100.0,22.936,0.056,95674,52247,0.0,0.0,0.0,0.000,0.000,164001,82786,70.3,78.0,75.3,83.0,0.875,20.627,20.612,20.643,60.108,33.281,40.935,25.971,66.966,3.000,28.960,33.033,34.103,100.000,140.000,2250.0,2150.2,1890.0,2236.4,1905.0,67.0,28.0,0.0,0.0,92.5,22.0,88.1,0.0,0.0,0.0,Yes,No,No,No,No,Yes,No,0,0,0,0,0,0,0,0,0,0,0,0,0,0,0,0,0,0,0,0,0,0,0,0,0,0,0,0,0,0,617,7571,7338,567,16.0,64,0.300,15.947,600.0,2394.0,0.1,0.0,0.0,0.0,0.0,0.0,0.0,0.0,0.8,127,16065,127,No,No,No,No,No,No,No,No,16.746,68.277,100.0,0.000,24.1,0,0,0,0.0,2.1,2.1,2.1,2.1,2.1,2.1,2.3,2.3,2.3,2.3,2.3,2.3,478.57,478.57,478.57,478.57,478.57,478.57,0.72,477.65,478.57,0.00,432.33,651,9,0.0,0.2,0,0,0.0,0.0,0,
9.6.2026,14:18:5.572,24044,24724,49.3,14603,17781,45.0,10.5,16384,1720,1.174,1.157,1.192,1.157,1.152,1.182,1.152,1.192,1.182,1.177,1.182,1.152,1.177,1.192,1.192,1.101,0.781,2550.9,1396.6,4688.5,4489.0,4489.0,4688.5,4688.5,1097.3,1097.3,3591.2,1097.3,1097.3,1097.3,1097.3,1097.3,99.8,4090.0,369.3,156.5,14.7,25.1,2.1,3.1,1915.2,3758.9,0.6,1.8,478.7,328.5,0.4,4.2,1.7,0.6,0.5,41.6,254.5,264.8,132.5,418.3,15.2,7.5,1.2,2.5,0.0,0.7,56.7,81.3,25.0,0.7,20.1,14.2,34.9,0.0,0.0,0.0,0.0,3.7,22.3,22.8,10.7,81.3,15.2,100.0,15.1,6.4,0.9,1.3,0.1,0.3,76.0,143.9,0.0,0.2,19.8,13.8,0.0,0.4,0.2,0.1,0.1,2.9,14.4,14.5,7.2,15.1,25.6,14.0,47.0,45.0,45.0,47.0,47.0,11.0,11.0,36.0,11.0,11.0,11.0,11.0,11.0,41.0,62,60,62,63,66,61,60,62,62,62,62,62,62,62,62,38,40,38,37,34,39,40,38,38,38,38,38,38,38,38,74,66,No,No,No,No,No,No,No,No,No,No,No,No,No,No,No,No,No,No,No,No,No,No,No,No,No,No,No,No,No,No,No,No,No,No,No,No,No,No,No,No,No,No,No,No,No,No,No,No,75,66,66,1.100,5.063,16.387,10.577,0.001,4.490,0.432,175.0,175.0,175.0,175.0,0,0.0,11.9,6.9,0.6,1.2,0.1,0.1,55.4,81.2,0.0,0.1,19.9,13.8,0.0,0.3,0.1,0.0,0.0,3.0,21.4,23.0,11.5,12.9,22.4,7.0,40.4,17.5,51.8,32.5,0.0,0.0,0.0,0.0,0.0,6.3,2.0,0.5,51.8,0.0,0.0,0.1,0.0,1.2,0.0,99.5,99.7,99.8,99.8,94.5,69.9,73.8,87.5,38.2,67.2,90.1,0.0,0.0,22.5,49.7,2394.1,24.00,36,35,35,68,103,383,2,2,Yes,No,No,No,No,No,No,No,No,No,Yes,No,No,Yes,No,No,No,No,No,No,No,Yes,No,No,No,No,No,Yes,No,No,No,No,No,No,No,Yes,No,No,93.0,3900,3180,3780,57.0,1.110,1.110,1.815,1.800,0.990,5.110,0.750,No,No,No,57.2,1.110,1.110,1.800,1.800,0.990,5.110,0.625,No,No,No,49,49,94.0,100.0,No,No,32159,47986,36,70,99.0,100.0,No,No,1844,3246,100.0,0.1,100.0,18.367,0.077,95708,52247,0.0,0.0,0.0,0.000,0.000,164001,82786,70.5,78.0,75.7,83.0,0.875,20.666,20.654,20.679,59.633,26.735,32.922,20.840,53.827,3.000,23.818,30.288,22.452,100.000,140.000,2250.0,2150.2,1890.0,2235.8,1905.0,89.0,57.0,0.0,0.0,92.5,22.4,89.6,0.0,0.0,0.0,Yes,No,No,No,No,Yes,No,0,0,0,0,0,0,0,0,0,0,0,0,0,0,0,0,0,0,0,0,0,0,0,0,0,0,0,0,0,0,617,7571,7338,567,16.0,66,0.300,16.366,600.0,2394.0,0.1,0.0,0.0,0.0,0.0,0.0,0.0,0.0,0.8,127,16065,127,No,No,No,No,No,No,No,No,16.747,68.277,100.0,0.000,24.1,0,0,0,0.0,2.2,2.2,2.2,2.2,2.2,2.2,2.4,2.4,2.4,2.4,2.4,2.4,456.48,456.48,456.48,456.48,456.48,456.48,0.87,455.57,456.48,0.00,419.45,651,9,4.2,1.1,0,0,0.0,0.0,0,
9.6.2026,14:18:7.568,24064,24704,49.3,15182,17202,46.8,10.5,16384,1720,0.979,0.976,0.964,0.979,0.997,0.965,0.972,1.000,0.988,0.987,0.987,0.987,0.968,0.968,0.970,0.896,0.781,3356.1,3691.0,3691.0,3691.0,3790.7,3691.0,3691.0,3092.4,3092.4,3092.4,3092.4,3092.4,3092.4,3092.4,3092.4,99.8,3092.4,890.3,799.7,563.8,647.9,611.4,765.9,1948.9,3362.3,845.1,611.8,1014.3,876.9,647.7,634.4,641.7,615.5,606.8,607.3,748.6,623.1,632.1,949.6,26.8,23.6,15.4,16.9,19.9,19.5,54.6,75.6,38.5,15.5,27.7,23.1,24.0,23.7,22.8,21.9,21.1,18.3,31.0,20.9,22.0,75.6,26.8,100.0,35.6,31.2,21.8,24.1,22.2,28.2,76.2,129.0,30.7,21.1,37.9,31.4,20.7,30.0,29.5,28.5,28.0,28.2,36.2,28.8,29.2,35.6,33.6,37.0,37.0,37.0,38.0,37.0,37.0,31.0,31.0,31.0,31.0,31.0,31.0,31.0,31.0,31.0,70,73,72,73,71,71,72,70,69,69,69,70,69,69,70,30,27,28,27,29,29,28,30,31,31,31,30,31,31,30,78,73,No,No,No,No,No,No,No,No,No,No,No,No,No,No,No,No,No,No,No,No,No,No,No,No,No,No,No,No,No,No,Yes,Yes,Yes,Yes,Yes,Yes,Yes,Yes,Yes,Yes,Yes,Yes,Yes,Yes,Yes,No,No,Yes,77,77,66,1.100,66.657,16.158,10.272,0.001,4.562,0.435,175.0,175.0,175.0,175.0,0,0.0,26.1,23.4,15.4,16.9,15.7,19.1,54.9,75.5,20.8,15.8,29.3,25.0,16.8,24.6,24.4,23.2,22.5,20.9,33.0,22.3,23.3,9.9,16.7,6.7,35.3,13.3,35.4,15.6,0.4,1.7,2.3,1.2,1.6,5.3,2.1,0.4,42.1,1.1,1.4,2.3,3.6,2.1,1.8,73.5,72.8,73.3,75.1,74.8,59.1,74.0,74.9,35.3,54.7,71.9,0.7,0.8,28.6,54.9,2394.1,24.00,36,35,35,68,103,383,2,2,Yes,No,No,No,No,No,No,No,No,Yes,Yes,No,No,Yes,No,No,No,No,No,No,No,Yes,No,No,No,No,No,Yes,No,No,No,No,No,No,No,Yes,No,No,92.0,3960,3300,3840,57.0,1.110,1.110,1.815,1.815,0.990,5.110,1.000,No,No,No,57.2,1.110,1.110,1.815,1.815,0.990,5.110,0.750,No,No,No,49,49,94.0,100.0,No,No,32159,47986,36,70,99.0,100.0,No,No,1844,3246,100.0,0.1,100.0,24.487,0.101,95757,52247,0.0,0.0,0.0,0.000,0.000,164001,82786,62.3,72.0,69.2,83.0,0.875,20.710,20.707,20.713,41.485,9.868,9.952,8.863,18.828,3.000,11.877,8.267,8.293,100.000,140.000,2250.0,2150.2,1890.0,2234.8,1905.0,0.0,0.0,0.0,0.0,85.6,24.5,97.9,0.0,0.0,0.0,Yes,No,No,No,No,Yes,No,0,0,0,0,0,0,0,0,0,0,0,0,0,0,0,0,0,0,0,0,0,0,0,0,0,0,0,0,0,0,1175,7013,6780,567,16.0,64,0.300,15.251,600.0,2394.0,0.1,0.0,0.0,0.0,0.0,0.0,0.0,0.0,0.8,127,16065,127,No,No,No,No,No,No,No,No,16.746,68.277,100.0,0.000,24.1,0,0,0,0.0,9.2,111.3,3.5,3.4,3.4,3.4,9.2,161.9,3.3,3.2,3.2,3.2,109.06,287.85,8.98,8.68,293.21,293.21,0.28,108.74,109.06,0.00,149.73,651,9,0.0,0.0,0,0,0.0,0.0,0,
9.6.2026,14:18:9.560,24211,24557,49.6,14113,18270,43.5,10.5,16384,1720,1.181,1.218,1.193,1.168,1.163,1.138,1.195,1.210,1.172,1.172,1.177,1.172,1.183,1.188,1.183,1.101,0.783,2565.2,4688.5,1396.6,4688.5,4688.5,4489.0,4688.5,1097.3,1097.3,1097.3,3591.2,1097.3,1097.3,1097.3,1097.3,99.8,4090.0,827.8,1062.0,376.6,1161.7,444.3,660.6,2659.8,3172.1,476.1,319.7,775.4,758.0,209.8,340.6,340.2,316.8,271.1,500.7,1011.3,913.9,784.7,834.0,29.8,30.2,10.6,42.4,11.9,13.4,65.8,71.7,1.8,5.9,20.8,21.5,0.0,18.0,18.7,17.9,15.6,29.2,72.4,68.3,59.1,72.4,29.8,100.0,39.6,43.0,15.9,48.5,19.2,27.4,104.6,124.0,20.8,15.6,33.2,33.4,13.4,24.7,24.5,23.5,21.0,33.5,61.2,56.4,49.1,39.7,25.7,47.0,14.0,47.0,47.0,45.0,47.0,11.0,11.0,11.0,36.0,11.0,11.0,11.0,11.0,41.0,63,64,65,70,60,63,60,62,63,62,62,62,62,64,64,37,36,35,30,40,37,40,38,37,38,38,38,38,36,36,76,70,No,No,No,No,No,No,No,No,No,No,No,No,No,No,No,No,No,No,No,No,No,No,No,No,No,No,No,No,No,No,Yes,Yes,Yes,Yes,Yes,Yes,Yes,Yes,Yes,Yes,Yes,Yes,Yes,Yes,Yes,No,No,Yes,76,68,65,1.100,12.656,25.602,19.278,0.001,4.857,0.568,175.0,175.0,175.0,175.0,0,0.0,29.1,29.9,10.2,40.7,11.3,16.1,63.9,70.2,11.6,8.1,19.5,19.3,5.3,17.0,16.4,15.6,13.3,26.4,69.0,63.4,54.4,15.4,54.2,43.2,13.9,21.7,14.1,33.0,4.3,1.7,2.5,1.6,7.3,6.5,8.1,3.3,34.5,0.5,1.2,3.4,2.4,4.7,5.6,76.9,80.9,80.6,84.1,63.9,18.6,22.7,37.6,20.3,8.0,6.9,11.3,0.2,57.4,38.0,2394.1,24.00,36,35,35,68,103,383,2,2,Yes,No,No,No,No,No,No,No,No,Yes,Yes,No,No,Yes,No,No,No,No,No,No,No,Yes,No,No,No,No,No,Yes,No,No,No,No,No,No,No,Yes,No,No,92.0,4080,3240,3960,57.0,1.110,1.110,1.815,1.815,1.005,5.110,1.250,No,No,No,57.5,1.110,1.110,1.815,1.815,1.005,5.110,1.625,No,No,No,49,49,94.0,100.0,No,No,32159,47986,36,70,99.0,100.0,No,No,1844,3246,41.7,0.2,41.9,18.538,0.383,95791,52248,0.0,0.0,0.0,0.000,0.000,164001,82786,62.1,70.0,68.8,83.0,0.875,20.719,20.713,20.725,23.159,10.808,12.772,9.176,21.968,3.000,12.191,8.267,8.283,100.000,140.000,2250.0,1750.2,1890.0,2236.2,1905.0,76.0,21.0,0.0,0.0,93.4,0.4,1.7,0.0,0.0,0.0,Yes,No,No,No,No,Yes,No,0,0,0,0,0,0,0,0,0,0,0,0,0,0,0,0,0,0,0,0,0,0,0,0,0,0,0,0,0,0,539,7649,7416,567,16.0,65,0.300,38.638,600.0,2394.0,0.1,0.0,0.0,0.0,0.0,0.0,0.0,0.0,0.8,127,16065,127,No,No,No,No,No,No,No,No,16.746,68.277,100.0,0.000,24.1,0,0,0,0.0,9.2,111.3,3.5,3.4,3.4,3.4,9.2,161.9,3.3,3.2,3.2,3.2,109.06,287.85,8.98,8.68,293.21,293.21,0.28,108.74,109.06,0.00,149.73,651,9,0.2,0.1,0,0,0.0,0.0,0,
9.6.2026,14:18:11.588,24054,24713,49.3,14198,18186,43.8,10.5,16384,1720,1.203,1.200,1.190,1.195,1.181,1.166,1.181,1.214,1.209,1.214,1.214,1.214,1.222,1.222,1.222,1.101,0.778,2173.3,2294.4,4688.5,4688.5,4688.5,4489.0,798.0,1097.3,1097.3,1097.3,1097.3,1097.3,1097.3,1097.3,1097.3,99.8,4090.0,410.8,183.8,34.2,318.9,8.5,0.7,2045.5,3711.2,0.3,0.6,129.3,124.2,0.3,20.8,8.5,6.0,1.9,55.3,586.3,662.4,317.4,412.2,16.2,8.7,2.2,16.9,0.4,3.6,46.8,79.0,0.0,2.9,5.4,4.0,0.0,3.9,1.3,1.1,0.8,5.7,52.7,59.7,28.4,79.0,16.2,100.0,17.5,8.0,2.3,14.0,0.6,0.0,80.5,142.5,0.0,0.0,6.0,5.7,0.0,1.2,0.5,0.4,0.1,3.1,32.3,36.1,17.3,17.5,21.8,23.0,47.0,47.0,47.0,45.0,8.0,11.0,11.0,11.0,11.0,11.0,11.0,11.0,11.0,41.0,62,62,63,64,66,58,58,61,61,61,61,64,62,62,62,38,38,37,36,34,42,42,39,39,39,39,36,38,38,38,75,66,No,No,No,No,No,No,No,No,No,No,No,No,No,No,No,No,No,No,No,No,No,No,No,No,No,No,No,No,No,No,No,No,No,No,No,No,No,No,No,No,No,No,No,No,No,No,No,No,75,67,66,1.100,11.813,29.567,23.000,0.001,5.107,0.585,175.0,175.0,175.0,175.0,0,0.0,15.5,8.9,2.5,16.4,0.6,0.0,46.5,79.1,0.0,0.0,4.9,4.3,0.0,1.8,0.7,0.5,0.2,4.4,51.9,58.7,27.9,16.2,55.0,64.4,48.5,19.4,19.7,19.8,0.0,0.0,0.0,0.0,0.0,0.5,0.2,0.0,46.1,0.0,0.0,1.2,0.1,0.0,0.0,97.9,99.1,99.3,99.7,95.1,43.9,38.4,71.0,30.5,27.1,13.4,0.7,0.0,70.6,71.1,997.6,10.00,22,15,15,28,103,160,2,2,Yes,No,No,No,No,No,No,No,No,No,Yes,No,No,Yes,No,No,No,No,No,No,No,Yes,No,No,No,No,No,Yes,No,No,No,No,No,No,No,Yes,No,No,92.0,4320,3060,4080,57.2,1.110,1.110,1.815,1.815,1.005,5.110,0.625,No,No,No,57.5,1.110,1.110,1.815,1.815,1.005,5.110,0.750,No,No,No,49,49,94.0,100.0,No,No,32159,47986,36,70,99.0,100.0,No,No,1844,3246,41.0,0.1,41.1,16.793,0.055,95823,52248,0.0,0.0,0.0,0.000,0.000,164001,82786,70.2,74.0,75.2,83.0,0.875,20.647,20.634,20.659,64.023,30.567,35.091,20.758,55.924,3.000,23.733,51.677,23.785,100.000,140.000,2250.0,2150.2,1890.0,2237.7,1905.0,89.0,55.0,0.0,0.0,93.4,25.0,100.0,0.0,0.0,0.0,Yes,No,No,No,No,Yes,No,0,0,0,0,0,0,0,0,0,0,0,0,0,0,0,0,0,0,0,0,0,0,0,0,0,0,0,0,0,0,539,7649,7416,567,16.0,65,0.300,18.608,600.0,2394.0,0.1,0.0,0.0,0.0,0.0,0.0,0.0,0.0,0.8,127,16065,127,No,No,No,No,No,No,No,No,16.746,68.277,100.0,0.000,24.1,0,0,0,0.0,9.2,111.3,3.5,3.4,3.4,3.4,9.2,161.9,3.3,3.2,3.2,3.2,109.06,287.85,8.98,8.68,293.21,293.21,0.28,108.74,109.06,0.00,149.73,651,9,0.0,0.0,0,0,0.0,0.0,0,
9.6.2026,14:18:13.579,23982,24786,49.1,14251,18133,44.0,10.5,16384,1720,1.206,1.192,1.168,1.193,1.217,1.190,1.175,1.220,1.220,1.220,1.224,1.219,1.219,1.219,1.204,1.101,0.778,2358.5,4688.5,4688.5,1396.6,4888.0,4688.5,1396.6,1097.3,1097.3,1097.3,3591.2,1097.3,1097.3,1097.3,1097.3,99.8,4090.0,386.8,186.0,10.5,256.1,14.5,1497.2,932.0,3127.1,0.3,9.1,47.6,305.6,0.2,10.0,11.7,2.2,0.9,108.9,241.6,500.0,475.5,400.7,14.6,8.0,0.0,10.1,0.8,33.9,21.0,67.4,12.2,1.7,0.0,13.6,0.0,1.5,1.6,0.8,0.7,9.4,21.3,45.0,42.5,67.4,14.6,100.0,16.4,8.2,0.7,11.0,1.0,59.0,36.8,121.3,0.0,0.4,2.1,13.1,0.0,0.6,0.7,0.1,0.1,6.0,13.6,27.5,25.9,16.4,23.6,47.0,47.0,14.0,49.0,47.0,14.0,11.0,11.0,11.0,36.0,11.0,11.0,11.0,11.0,41.0,62,63,63,64,66,59,60,61,61,61,61,62,62,62,62,38,37,37,36,34,41,40,39,39,39,39,38,38,38,38,74,66,No,No,No,No,No,No,No,No,No,No,No,No,No,No,No,No,No,No,No,No,No,No,No,No,No,No,No,No,No,No,No,No,No,No,No,No,No,No,No,No,No,No,No,No,No,No,No,No,75,66,64,1.100,5.906,17.619,11.714,0.001,4.581,0.439,175.0,175.0,175.0,175.0,0,0.0,13.7,8.1,0.7,10.0,0.9,33.6,20.6,67.2,0.0,0.3,1.4,13.9,0.0,0.9,1.0,0.2,0.1,9.3,21.0,43.9,41.6,14.1,39.7,49.5,41.7,28.5,10.6,26.0,0.0,0.0,0.0,0.0,0.0,1.0,0.3,0.0,48.3,0.0,0.0,0.8,0.9,0.0,0.0,98.9,98.9,99.7,99.8,90.0,76.2,53.7,56.8,37.7,47.2,36.0,0.2,0.8,86.2,55.6,1795.6,18.00,26,26,26,51,103,287,2,2,Yes,No,No,No,No,No,No,No,No,No,Yes,No,No,Yes,No,No,No,No,No,No,No,Yes,No,No,No,No,No,Yes,No,No,No,No,No,No,No,Yes,No,No,91.0,4320,3060,4140,57.2,1.095,1.110,1.815,1.815,1.005,5.110,0.625,No,No,No,57.5,1.110,1.110,1.815,1.815,1.005,5.110,0.750,No,No,No,49,49,94.0,100.0,No,No,32159,47986,36,70,99.0,100.0,No,No,1844,3246,45.2,0.8,46.1,23.743,0.079,95869,52248,0.0,0.0,0.0,0.000,0.000,164001,82786,70.3,76.0,75.3,83.0,0.875,20.654,20.643,20.666,59.154,30.306,34.688,20.746,55.529,3.000,23.734,38.286,36.160,100.000,140.000,2250.0,2150.2,1890.0,2240.0,1905.0,85.0,55.0,0.0,0.0,92.5,24.9,99.7,0.0,0.0,0.0,Yes,No,No,No,No,Yes,No,0,0,0,0,0,0,0,0,0,0,0,0,0,0,0,0,0,0,0,0,0,0,0,0,0,0,0,0,0,0,617,7571,7338,567,16.0,66,0.300,17.515,550.0,997.0,0.1,0.0,0.0,0.0,0.0,0.0,0.0,0.0,0.8,127,16065,127,No,No,No,No,No,No,No,No,16.747,68.277,100.0,0.000,24.1,0,0,0,0.0,9.2,111.3,3.5,3.4,3.4,3.4,9.2,161.9,3.3,3.2,3.2,3.2,109.06,287.85,8.98,8.68,293.21,293.21,0.28,108.74,109.06,0.00,149.73,651,9,0.0,0.0,0,0,0.0,0.0,0,
9.6.2026,14:18:15.587,23972,24796,49.1,14313,18070,44.1,10.5,16384,1720,1.214,1.202,1.178,1.218,1.208,1.183,1.230,1.215,1.200,1.220,1.220,1.229,1.234,1.229,1.224,1.101,0.783,3199.3,4688.5,4688.5,4888.0,4888.0,4688.5,4688.5,1097.3,3591.2,3591.2,3591.2,1097.3,1097.3,1097.3,1097.3,99.8,4090.0,346.9,234.2,0.5,57.0,1.5,2286.0,22.6,3023.2,0.5,5.3,0.2,887.5,0.4,1.3,0.6,0.6,0.6,21.5,24.8,276.0,94.7,407.6,14.6,11.4,0.0,1.0,0.1,51.4,0.7,70.6,37.9,0.0,0.0,39.7,45.8,0.0,0.0,0.0,0.0,0.3,0.6,23.9,8.2,70.6,14.6,100.0,14.0,9.8,0.0,2.5,0.1,89.4,1.2,117.2,0.0,0.2,0.0,36.0,0.0,0.1,0.1,0.1,0.1,1.2,1.4,14.8,5.0,14.0,32.1,47.0,47.0,49.0,49.0,47.0,47.0,11.0,36.0,36.0,36.0,11.0,11.0,11.0,11.0,41.0,62,62,62,63,63,61,60,61,61,61,61,64,64,64,64,38,38,38,37,37,39,40,39,39,39,39,36,36,36,36,75,64,No,No,No,No,No,No,No,No,No,No,No,No,No,No,No,No,No,No,No,No,No,No,No,No,No,No,No,No,No,No,No,No,No,No,No,No,No,No,No,No,No,No,No,No,No,No,No,No,75,67,65,1.100,5.063,16.769,10.941,0.001,4.565,0.438,175.0,175.0,175.0,175.0,0,0.0,10.6,11.5,0.0,2.5,0.1,51.5,0.7,69.7,0.0,0.2,0.0,40.4,0.0,0.1,0.1,0.0,0.0,1.8,2.1,23.8,8.4,9.7,27.0,7.0,43.1,23.5,0.0,34.6,0.0,0.0,0.0,0.0,0.0,0.0,0.0,0.0,54.8,0.0,0.0,0.7,2.8,0.0,2.1,99.7,99.8,99.8,99.8,97.9,97.7,75.5,91.2,44.5,58.5,89.1,1.2,1.6,99.6,16.7,997.6,10.00,22,15,15,28,103,160,2,2,Yes,No,No,No,No,No,No,No,No,No,Yes,No,No,Yes,No,No,No,No,No,No,No,Yes,No,No,No,No,No,Yes,No,No,No,No,No,No,No,Yes,No,No,93.0,4140,3000,4080,57.2,1.095,1.110,1.815,1.815,1.005,5.110,0.750,No,No,No,57.5,1.095,1.110,1.815,1.815,1.005,5.110,0.750,No,No,No,49,49,94.0,100.0,No,No,32159,47986,36,70,99.0,100.0,No,No,1844,3246,44.6,0.1,44.7,29.006,0.088,95924,52248,0.0,0.0,0.0,0.000,0.000,164001,82786,71.1,76.0,76.3,83.0,0.875,20.631,20.616,20.646,58.961,31.169,39.005,23.935,63.010,3.000,26.912,34.635,27.686,100.000,140.000,2250.0,2150.2,1890.0,2238.0,1905.0,94.0,44.0,0.0,0.0,92.5,24.9,99.6,0.0,0.0,0.0,Yes,No,No,No,No,Yes,No,0,0,0,0,0,0,0,0,0,0,0,0,0,0,0,0,0,0,0,0,0,0,0,0,0,0,0,0,0,0,617,7571,7338,567,16.0,66,0.300,14.692,600.0,1795.0,0.1,0.0,0.0,0.0,0.0,0.0,0.0,0.0,0.8,127,16065,127,No,No,No,No,No,No,No,No,16.746,68.277,100.0,0.000,24.1,0,0,0,0.0,9.2,111.3,3.5,3.4,3.4,3.4,9.2,161.9,3.3,3.2,3.2,3.2,109.06,287.85,8.98,8.68,293.21,293.21,0.28,108.74,109.06,0.00,149.73,651,9,8.7,2.2,0,0,0.0,0.0,0,
9.6.2026,14:18:17.592,23963,24805,49.1,14322,18062,44.2,10.5,16384,1720,1.210,1.201,1.185,1.185,1.211,1.221,1.221,1.207,1.207,1.225,1.210,1.225,1.205,1.219,1.224,1.141,0.778,2650.7,4688.5,4688.5,4688.5,4888.0,4688.5,4688.5,1097.3,1097.3,1097.3,1097.3,1097.3,1097.3,1097.3,1097.3,99.8,4289.5,372.4,153.0,0.3,127.6,0.1,2963.6,20.7,2626.3,0.3,9.7,0.1,93.9,0.3,3.8,21.9,0.4,0.4,166.8,63.2,653.7,541.4,376.4,13.3,7.3,0.0,4.8,0.0,62.0,0.4,56.9,0.0,0.9,0.6,2.7,0.0,0.8,2.5,0.6,0.6,15.1,5.9,57.2,47.3,62.0,13.3,100.0,15.7,7.1,0.0,5.6,0.0,114.8,1.1,102.3,0.0,0.4,0.0,4.5,0.0,0.2,1.2,0.0,0.0,8.9,3.4,34.8,29.0,15.7,26.6,47.0,47.0,47.0,49.0,47.0,47.0,11.0,11.0,11.0,11.0,11.0,11.0,11.0,11.0,43.0,62,60,62,63,63,61,60,61,61,61,61,64,64,64,64,38,40,38,37,37,39,40,39,39,39,39,36,36,36,36,75,64,No,No,No,No,No,No,No,No,No,No,No,No,No,No,No,No,No,No,No,No,No,No,No,No,No,No,No,No,No,No,No,No,No,No,No,No,No,No,No,No,No,No,No,No,No,No,No,No,75,69,64,1.100,8.438,14.661,8.725,0.001,4.550,0.434,175.0,175.0,175.0,175.0,0,0.0,13.0,7.5,0.0,4.3,0.0,62.2,0.6,56.3,0.0,0.3,0.0,3.0,0.0,0.3,1.9,0.0,0.0,14.5,5.3,56.8,46.9,10.1,24.6,14.6,35.2,33.6,0.4,20.2,0.4,0.8,5.1,5.1,0.4,0.4,0.0,0.4,47.5,0.0,0.0,0.1,5.3,0.0,0.0,99.2,97.1,94.7,94.7,84.8,94.1,42.4,52.2,52.7,63.4,79.1,0.1,2.2,99.0,72.4,2394.1,24.00,36,35,35,68,103,383,2,2,Yes,No,No,No,No,No,No,No,No,No,Yes,No,No,No,No,No,No,No,No,No,No,No,No,No,No,No,No,Yes,No,No,No,No,No,No,No,Yes,No,No,90.0,4020,3120,3840,57.2,1.095,1.110,1.800,1.815,1.005,5.110,0.750,No,No,No,57.5,1.095,1.110,1.800,1.815,1.005,5.110,0.750,No,No,No,49,49,94.0,100.0,No,No,32159,47986,36,70,99.0,100.0,No,No,1844,3246,0.1,1.5,1.7,0.004,0.100,95924,52248,0.0,0.0,0.0,0.000,0.000,164001,82786,70.6,76.0,75.8,83.0,0.875,20.652,20.636,20.669,58.977,28.409,37.653,24.846,62.564,3.000,27.850,11.384,31.567,100.000,140.000,2250.0,2150.2,1890.0,2238.5,1905.0,87.0,53.0,0.0,1.0,92.5,25.0,100.0,0.0,0.0,0.0,Yes,No,No,No,No,Yes,No,0,0,0,0,0,0,0,0,0,0,0,0,0,0,0,0,0,0,0,0,0,0,0,0,0,0,0,0,0,0,617,7571,7338,567,16.0,65,0.300,15.234,600.0,997.0,0.1,0.0,0.0,0.0,0.0,0.0,0.0,0.0,0.8,127,16065,127,No,No,No,No,No,No,No,No,16.746,68.277,100.0,0.000,24.1,0,0,0,0.0,2.2,2.2,2.2,2.2,2.2,2.2,2.2,2.2,2.2,2.2,2.2,2.2,461.19,461.19,461.19,461.19,461.19,461.19,0.82,460.56,461.19,0.00,447.65,651,9,0.1,0.1,0,0,0.0,0.0,0,
9.6.2026,14:18:19.595,23966,24802,49.1,14410,17974,44.4,10.5,16384,1720,1.211,1.229,1.186,1.206,1.211,1.211,1.221,1.206,1.206,1.211,1.211,1.206,1.211,1.211,1.233,1.141,0.778,2786.0,4688.5,4688.5,4888.0,4888.0,1396.6,4688.5,1097.3,1097.3,3591.2,3591.2,1097.3,1097.3,1097.3,1097.3,99.8,4289.5,364.0,161.1,0.3,42.2,0.2,2247.9,22.3,3166.1,0.3,6.0,0.1,304.1,0.3,1.7,5.8,0.6,0.5,163.8,69.6,325.4,762.1,372.5,19.6,8.4,42.5,2.4,0.0,48.1,1.3,69.5,42.0,0.8,0.0,14.8,41.2,0.8,1.2,0.7,0.7,15.4,7.4,28.1,67.0,69.5,19.6,100.0,15.3,7.3,0.0,2.0,0.0,88.6,1.1,123.1,0.0,0.3,0.0,12.5,0.0,0.1,0.3,0.1,0.0,8.8,3.7,17.5,40.6,15.3,27.9,47.0,47.0,49.0,49.0,14.0,47.0,11.0,11.0,36.0,36.0,11.0,11.0,11.0,11.0,43.0,62,62,61,68,59,61,60,62,62,62,62,62,62,62,64,38,38,39,32,41,39,40,38,38,38,38,38,38,38,36,74,68,No,No,No,No,No,No,No,No,No,No,No,No,No,No,No,No,No,No,No,No,No,No,No,No,No,No,No,No,No,No,No,No,No,No,No,No,No,No,No,No,No,No,No,No,No,No,No,No,75,69,64,1.100,9.281,15.767,9.869,0.001,4.578,0.434,175.0,175.0,175.0,175.0,0,0.0,12.8,7.8,0.0,1.8,0.0,48.0,0.6,68.3,0.0,0.2,0.0,14.4,0.0,0.2,0.5,0.0,0.0,14.0,6.1,27.4,66.2,9.7,31.2,6.2,45.3,26.2,0.0,26.4,0.0,0.0,0.0,0.0,0.0,0.0,0.0,0.0,49.1,0.0,0.0,1.8,1.6,0.0,2.3,99.7,99.3,99.8,99.9,85.5,93.7,71.6,32.8,50.4,57.2,90.5,1.1,1.1,99.5,52.9,1795.6,18.00,26,26,26,51,103,287,2,2,Yes,No,No,No,No,No,No,No,No,No,Yes,No,No,Yes,No,No,No,No,No,No,No,Yes,No,No,No,No,No,Yes,No,No,No,No,No,No,No,Yes,No,No,89.0,3900,3180,3780,57.2,1.095,1.110,1.800,1.815,1.005,5.110,0.750,No,No,No,57.5,1.095,1.110,1.800,1.815,1.005,5.110,0.875,No,No,No,49,49,94.0,100.0,No,No,32159,47986,36,70,99.0,100.0,No,No,1844,3246,0.0,1.1,1.1,0.000,0.081,95924,52248,0.0,0.0,0.0,0.000,0.000,164001,82786,71.1,76.0,76.2,83.0,0.875,20.639,20.625,20.653,57.059,31.223,38.551,23.533,62.166,3.000,26.532,32.864,31.918,100.000,140.000,2250.0,2150.2,1890.0,2238.8,1905.0,84.0,54.0,0.0,0.0,92.5,24.9,99.7,0.0,0.0,0.0,Yes,No,No,No,No,Yes,No,0,0,0,0,0,0,0,0,0,0,0,0,0,0,0,0,0,0,0,0,0,0,0,0,0,0,0,0,0,0,617,7571,7338,567,16.0,64,0.300,15.558,600.0,2394.0,0.1,0.0,0.0,0.0,0.0,0.0,0.0,0.0,0.8,127,16065,127,No,No,No,No,No,No,No,No,16.746,68.277,100.0,0.000,24.1,0,0,0,0.0,2.2,2.2,2.2,2.2,2.2,2.2,2.2,2.2,2.2,2.2,2.2,2.2,450.40,450.40,450.40,450.40,450.40,450.40,0.70,449.48,450.40,0.00,102.58,651,9,0.0,0.0,0,0,0.0,0.0,0,
9.6.2026,14:18:21.595,23966,24802,49.1,14400,17983,44.4,10.5,16384,1720,1.211,1.197,1.184,1.188,1.193,1.213,1.193,1.228,1.218,1.233,1.222,1.222,1.222,1.222,1.213,1.101,0.781,2636.4,4688.5,4688.5,4688.5,4688.5,4688.5,4688.5,1097.3,1097.3,1097.3,1097.3,1097.3,1097.3,1097.3,1097.3,99.8,4090.0,371.2,191.7,0.3,74.0,0.3,3185.0,22.4,2369.5,0.3,6.5,0.1,155.7,0.2,18.6,0.8,0.5,0.5,135.6,55.9,414.5,791.6,376.6,15.4,8.0,10.4,1.7,17.4,66.7,0.6,52.2,13.4,0.0,0.0,7.5,7.8,0.9,0.0,0.0,0.0,11.8,3.3,36.1,71.1,71.1,15.4,100.0,15.6,8.6,0.0,3.4,0.0,123.1,1.2,92.4,0.0,0.3,0.0,6.8,0.0,1.0,0.1,0.0,0.0,7.4,3.1,22.4,42.4,15.6,26.4,47.0,47.0,47.0,47.0,47.0,47.0,11.0,11.0,11.0,11.0,11.0,11.0,11.0,11.0,41.0,62,63,62,68,58,61,58,61,61,61,61,62,62,62,64,38,37,38,32,42,39,42,39,39,39,39,38,38,38,36,75,68,No,No,No,No,No,No,No,No,No,No,No,No,No,No,No,No,No,No,No,No,No,No,No,No,No,No,No,No,No,No,No,No,No,No,No,No,No,No,No,No,No,No,No,No,No,No,No,No,75,69,64,1.100,9.281,14.898,8.989,0.001,4.587,0.435,175.0,175.0,175.0,175.0,0,0.0,13.1,8.1,0.0,2.6,0.0,66.8,0.6,51.7,0.0,0.2,0.0,7.7,0.0,1.7,0.1,0.0,0.0,11.7,4.9,35.9,70.3,8.9,30.4,9.9,29.0,40.1,0.6,15.1,0.0,0.0,0.0,0.0,0.0,0.0,0.1,0.0,48.2,0.0,0.0,1.2,2.5,0.0,1.1,98.1,99.8,99.8,99.8,87.7,94.9,62.2,28.4,52.8,57.3,85.3,0.5,3.0,98.8,71.7,1795.6,18.00,26,26,26,51,103,287,2,2,Yes,No,No,No,No,No,No,No,No,No,Yes,No,No,No,No,No,No,No,No,No,No,No,No,No,No,No,No,Yes,No,No,No,No,No,No,No,Yes,No,No,88.0,3960,3120,3780,57.0,1.095,1.110,1.800,1.815,0.990,5.110,0.500,No,No,No,57.5,1.095,1.110,1.800,1.815,1.005,5.110,0.750,No,No,No,49,49,94.0,100.0,No,No,32159,47986,36,70,99.0,100.0,No,No,1844,3246,0.3,1.2,1.4,0.032,0.139,95924,52249,0.0,0.0,0.0,0.000,0.000,164001,82786,71.3,78.0,76.5,83.0,0.875,20.654,20.641,20.666,65.642,29.904,35.423,21.446,56.955,3.000,24.421,31.236,36.845,100.000,140.000,2250.0,2150.2,1890.0,2235.7,1905.0,94.0,61.0,0.0,0.0,92.5,20.9,83.8,0.0,0.0,0.0,Yes,No,No,No,No,Yes,No,0,0,0,0,0,0,0,0,0,0,0,0,0,0,0,0,0,0,0,0,0,0,0,0,0,0,0,0,0,0,617,7571,7338,567,16.0,66,0.300,14.862,600.0,1795.0,0.1,0.0,0.0,0.0,0.0,0.0,0.0,0.0,0.8,127,16065,127,No,No,No,No,No,No,No,No,16.747,68.277,100.0,0.000,24.1,0,0,0,0.0,2.2,2.2,2.2,2.2,2.2,2.2,2.2,2.2,2.2,2.2,2.2,2.2,450.40,450.40,450.40,450.40,450.40,450.40,0.70,449.48,450.40,0.00,102.58,651,9,0.2,0.1,0,0,0.0,0.0,0,
9.6.2026,14:18:23.591,23964,24804,49.1,14394,17990,44.4,10.5,16384,1720,1.135,1.198,1.163,1.163,1.203,0.809,1.179,1.219,1.223,1.183,1.093,1.083,1.083,1.093,1.188,1.063,0.781,1888.2,1396.6,4489.0,4688.5,4888.0,798.0,1396.6,1097.3,1097.3,1097.3,1097.3,1097.3,1097.3,1097.3,1097.3,99.8,3890.5,371.6,186.3,0.3,85.9,0.2,3306.0,22.9,2263.1,0.3,2.3,0.1,108.5,0.2,29.8,9.5,8.1,0.6,103.5,78.4,458.4,767.8,376.5,13.6,8.1,0.0,4.3,0.0,69.7,0.3,49.7,0.0,1.3,0.4,4.2,0.0,3.9,2.0,1.9,1.2,8.4,8.0,40.2,67.8,69.7,13.6,100.0,15.6,8.3,0.0,3.9,0.0,127.2,1.2,88.3,0.0,0.1,0.0,5.0,0.0,1.6,0.5,0.5,0.1,5.6,4.2,24.8,41.0,15.6,18.9,14.0,45.0,47.0,49.0,8.0,14.0,11.0,11.0,11.0,11.0,11.0,11.0,11.0,11.0,39.0,62,63,61,67,59,61,60,61,61,61,61,62,62,62,62,38,37,39,33,41,39,40,39,39,39,39,38,38,38,38,74,67,No,No,No,No,No,No,No,No,No,No,No,No,No,No,No,No,No,No,No,No,No,No,No,No,No,No,No,No,No,No,No,No,No,No,No,No,No,No,No,No,No,No,No,No,No,No,No,No,75,68,64,1.100,16.031,15.287,9.429,0.001,4.539,0.432,175.0,175.0,175.0,175.0,0,0.0,13.2,8.4,0.0,3.2,0.0,69.8,0.6,49.4,0.0,0.1,0.0,4.6,0.0,2.7,0.8,0.7,0.1,8.6,6.9,39.9,67.5,9.0,27.1,13.5,27.8,40.4,0.0,16.2,0.0,0.0,0.0,0.0,0.0,0.0,0.4,0.0,48.3,0.0,0.0,0.4,5.2,0.0,1.7,97.1,99.0,99.1,99.8,90.9,92.9,58.2,31.3,52.7,59.9,81.2,0.2,2.3,99.6,73.1,2394.1,24.00,36,35,35,68,103,383,2,2,Yes,No,No,No,No,No,No,No,No,No,Yes,No,No,Yes,No,No,No,No,No,No,No,Yes,No,No,No,No,No,Yes,No,No,No,No,No,No,No,Yes,No,No,88.0,3900,3120,3780,57.0,1.095,1.110,1.800,1.815,0.990,5.110,0.750,No,No,No,57.5,1.095,1.110,1.800,1.815,0.990,5.110,1.000,No,No,No,49,49,94.0,100.0,No,No,32159,47986,36,70,99.0,100.0,No,No,1844,3246,0.0,1.0,1.0,0.000,0.153,95924,52249,0.0,0.0,0.0,0.000,0.000,164001,82786,71.4,78.0,76.5,83.0,0.875,20.648,20.634,20.663,66.613,32.540,38.157,23.770,62.009,3.000,26.757,40.965,33.123,100.000,140.000,2250.0,2150.2,1890.0,2235.7,1905.0,93.0,58.0,0.0,0.0,92.5,25.0,99.9,0.0,0.0,0.0,Yes,No,No,No,No,Yes,No,0,0,0,0,0,0,0,0,0,0,0,0,0,0,0,0,0,0,0,0,0,0,0,0,0,0,0,0,0,0,617,7571,7338,567,16.0,65,0.300,15.258,550.0,1795.0,0.1,0.0,0.0,0.0,0.0,0.0,0.0,0.0,0.8,127,16065,127,No,No,No,No,No,No,No,No,16.747,68.277,100.0,0.000,24.1,0,0,0,0.0,2.2,2.2,2.2,2.2,2.2,2.2,2.2,2.2,2.2,2.2,2.2,2.2,450.40,450.40,450.40,450.40,450.40,450.40,0.70,449.48,450.40,0.00,102.58,651,9,0.2,0.1,0,0,0.0,0.0,0,
9.6.2026,14:18:25.578,23794,24974,48.7,14257,18127,44.0,10.5,16384,1720,1.192,1.206,1.187,1.187,1.192,1.187,1.182,1.182,1.162,1.177,1.195,1.200,1.215,1.215,1.194,1.101,0.781,2066.4,4688.5,1396.6,4688.5,4688.5,1396.6,798.0,1097.3,1097.3,1097.3,3591.2,1097.3,1097.3,1097.3,1097.3,99.8,4090.0,384.0,217.3,0.5,161.9,0.5,2242.7,23.7,3298.9,0.4,11.1,0.2,151.1,0.4,23.9,5.3,0.8,0.7,194.6,103.6,550.3,691.7,383.7,20.7,10.4,22.0,5.8,16.9,48.8,0.7,71.3,49.0,0.0,0.0,6.7,46.2,0.6,0.0,0.0,0.0,17.1,7.7,48.7,61.2,71.3,20.7,100.0,16.3,10.1,0.0,7.3,0.0,88.4,1.2,127.4,0.0,0.5,0.0,6.7,0.0,1.3,0.3,0.1,0.1,10.5,5.6,29.6,37.2,16.3,20.7,47.0,14.0,47.0,47.0,14.0,8.0,11.0,11.0,11.0,36.0,11.0,11.0,11.0,11.0,41.0,62,63,63,63,67,61,60,61,61,61,61,62,62,62,64,38,37,37,37,33,39,40,39,39,39,39,38,38,38,36,76,67,No,No,No,No,No,No,No,No,No,No,No,No,No,No,No,No,No,No,No,No,No,No,No,No,No,No,No,No,No,No,No,No,No,No,No,No,No,No,No,No,No,No,No,No,No,No,No,No,76,67,64,1.100,14.344,15.108,9.231,0.001,4.552,0.432,175.0,175.0,175.0,175.0,0,0.0,14.1,10.5,0.0,7.2,0.0,48.8,0.6,70.6,0.0,0.4,0.0,6.8,0.0,2.1,0.5,0.1,0.1,16.9,9.0,48.4,60.5,10.7,36.9,20.2,46.6,25.3,0.7,20.2,0.0,0.0,0.0,0.0,0.0,0.0,0.0,0.0,47.1,0.0,0.0,0.6,0.9,0.0,0.0,97.6,99.4,99.8,99.8,82.4,90.5,50.0,38.1,47.5,47.4,69.4,0.3,1.3,98.2,68.5,997.6,10.00,22,15,15,28,103,160,2,2,Yes,No,No,No,No,No,No,No,No,No,Yes,No,No,Yes,No,No,No,No,No,No,No,Yes,No,No,No,No,No,Yes,No,No,No,No,No,No,No,Yes,No,No,88.0,3900,3180,3720,57.0,1.095,1.110,1.800,1.815,0.990,5.110,0.875,No,No,No,57.5,1.110,1.110,1.800,1.815,0.990,5.110,0.750,No,No,No,49,49,94.0,100.0,No,No,32159,47986,36,70,99.0,100.0,No,No,1844,3246,0.6,2.1,2.7,0.221,0.355,95925,52250,0.0,0.0,0.0,0.000,0.000,164001,82786,70.8,78.0,75.9,83.0,0.875,20.654,20.641,20.667,59.268,24.566,33.479,20.229,53.777,3.000,23.203,9.538,28.737,100.000,140.000,2250.0,2150.2,1890.0,2236.4,1905.0,90.0,59.0,0.0,0.0,92.5,24.8,99.2,0.0,0.0,0.0,Yes,No,No,No,No,Yes,No,0,0,0,0,0,0,0,0,0,0,0,0,0,0,0,0,0,0,0,0,0,0,0,0,0,0,0,0,0,0,617,7571,7338,567,16.0,66,0.300,15.611,550.0,2394.0,0.1,0.0,0.0,0.0,0.0,0.0,0.0,0.0,0.8,127,16065,127,No,No,No,No,No,No,No,No,16.746,68.277,100.0,0.000,24.1,0,0,0,0.0,2.2,2.2,2.2,2.2,2.2,2.2,2.2,2.2,2.2,2.2,2.2,2.2,450.40,450.40,450.40,450.40,450.40,450.40,0.70,449.48,450.40,0.00,102.58,651,9,0.4,0.5,0,0,0.0,0.0,0,
9.6.2026,14:18:27.594,23783,24984,48.7,14284,18099,44.1,10.5,16384,1720,1.201,1.190,1.185,1.175,1.219,1.187,1.192,1.182,1.200,1.200,1.215,1.215,1.215,1.220,1.224,1.101,0.781,2358.5,1396.6,1396.6,4688.5,4888.0,4688.5,4688.5,1097.3,1097.3,1097.3,1097.3,1097.3,1097.3,3591.2,1097.3,99.8,4090.0,339.5,226.4,0.2,195.4,0.2,2240.8,5.9,3257.2,0.3,11.0,0.1,253.6,0.4,1.6,1.9,0.6,0.5,59.6,10.0,191.8,333.2,387.2,10.2,11.4,0.0,9.4,0.0,49.7,0.0,70.0,0.0,0.1,0.0,8.7,0.0,0.8,0.8,0.7,0.6,4.3,1.4,16.0,29.2,70.0,10.2,100.0,13.9,10.6,0.0,9.3,0.0,87.7,0.3,125.5,0.0,0.4,0.0,10.7,0.0,0.1,0.1,0.1,0.1,3.3,0.6,10.6,18.0,13.9,23.6,14.0,14.0,47.0,49.0,47.0,47.0,11.0,11.0,11.0,11.0,11.0,11.0,36.0,11.0,41.0,62,62,65,63,70,59,61,61,61,61,61,62,62,62,62,38,38,35,37,30,41,39,39,39,39,39,38,38,38,38,75,70,No,No,No,No,No,No,No,No,No,No,No,No,No,No,No,No,No,No,No,No,No,No,No,No,No,No,No,No,No,No,No,No,No,No,No,No,No,No,No,No,No,No,No,No,No,No,No,No,74,67,64,1.100,12.656,16.111,10.174,0.001,4.615,0.437,175.0,175.0,175.0,175.0,0,0.0,10.1,11.5,0.0,8.8,0.0,50.0,0.2,69.6,0.0,0.3,0.0,9.7,0.0,0.2,0.2,0.1,0.1,5.1,0.8,15.7,29.2,8.7,17.2,13.3,42.9,26.4,0.0,21.5,0.0,0.0,0.0,0.0,0.0,0.0,0.0,0.0,53.4,0.0,0.0,1.0,0.9,0.0,0.0,99.7,99.7,99.8,99.8,94.6,99.0,83.5,70.2,51.2,65.9,73.7,2.7,0.9,99.6,64.4,1795.6,18.00,26,26,26,51,103,287,2,2,Yes,No,No,No,No,No,No,No,No,No,Yes,No,No,Yes,No,No,No,No,No,No,No,Yes,No,No,No,No,No,Yes,No,No,No,No,No,No,No,Yes,No,No,88.0,3900,3300,3840,57.0,1.095,1.110,1.800,1.815,0.990,5.110,0.875,No,No,No,57.5,1.095,1.110,1.800,1.815,0.990,5.110,0.875,No,No,No,48,48,94.0,100.0,No,No,32159,47986,37,70,99.0,100.0,No,No,1844,3246,0.0,1.3,1.3,0.000,0.096,95925,52250,0.0,0.0,0.0,0.000,0.000,164001,82786,70.4,76.0,75.6,83.0,0.875,20.663,20.650,20.676,61.673,29.555,34.895,21.331,56.302,3.000,24.320,33.456,33.585,100.000,140.000,2250.0,2150.2,1890.0,2237.4,1905.0,89.0,48.0,0.0,0.0,92.5,25.0,100.0,0.0,0.0,0.0,Yes,No,No,No,No,Yes,No,0,0,0,0,0,0,0,0,0,0,0,0,0,0,0,0,0,0,0,0,0,0,0,0,0,0,0,0,0,0,617,7571,7338,567,16.0,64,0.300,14.920,550.0,997.0,0.1,0.0,0.0,0.0,0.0,0.0,0.0,0.0,0.8,127,16065,127,No,No,No,No,No,No,No,No,16.746,68.277,100.0,0.000,24.1,0,0,0,0.0,2.2,2.2,2.2,2.2,2.2,2.2,2.2,2.2,2.2,2.2,2.2,2.2,450.40,450.40,450.40,450.40,450.40,450.40,0.70,449.48,450.40,0.00,102.58,651,9,0.0,0.0,0,0,0.0,0.0,0,
9.6.2026,14:18:29.574,23728,25039,48.6,14279,18104,44.0,10.5,16384,1720,1.204,1.187,1.179,1.179,1.204,1.172,1.172,1.223,1.223,1.223,1.211,1.221,1.221,1.221,1.221,1.101,0.781,3071.1,1396.6,1396.6,4688.5,4888.0,4688.5,4688.5,3591.2,3591.2,3591.2,3591.2,1097.3,3591.2,1097.3,1097.3,99.8,4090.0,310.8,144.1,0.3,40.1,0.2,1308.9,0.4,4093.3,0.2,15.4,0.2,328.0,0.2,1.9,1.2,0.6,0.6,54.9,23.2,95.3,106.0,371.0,8.8,8.5,0.0,1.7,5.2,31.7,0.0,87.8,0.0,0.3,0.0,10.2,0.0,0.9,0.8,0.8,0.8,5.5,2.8,8.6,9.7,87.8,8.8,100.0,12.4,6.4,0.0,2.1,0.0,53.2,0.0,157.7,0.0,0.6,0.0,13.2,0.0,0.1,0.1,0.1,0.1,2.9,1.3,5.2,5.6,12.4,30.8,14.0,14.0,47.0,49.0,47.0,47.0,36.0,36.0,36.0,36.0,11.0,36.0,11.0,11.0,41.0,62,62,63,62,66,57,60,61,61,61,61,62,62,62,62,38,38,37,38,34,43,40,39,39,39,39,38,38,38,38,75,66,No,No,No,No,No,No,No,No,No,No,No,No,No,No,No,No,No,No,No,No,No,No,No,No,No,No,No,No,No,No,No,No,No,No,No,No,No,No,No,No,No,No,No,No,No,No,No,No,75,67,66,1.100,7.594,14.507,8.698,0.001,4.492,0.431,175.0,175.0,175.0,175.0,0,0.0,8.2,7.7,0.0,2.5,0.0,31.5,0.0,86.7,0.0,0.4,0.0,10.5,0.0,0.2,0.1,0.1,0.1,4.8,2.1,8.0,9.1,7.9,10.2,4.0,59.3,11.8,0.0,24.6,0.0,0.0,0.0,0.0,0.0,0.0,0.0,0.0,55.3,0.0,0.0,0.8,0.0,0.0,0.0,99.7,99.7,99.8,99.8,94.9,97.7,91.5,90.6,56.1,79.5,92.0,3.9,0.0,99.3,61.8,1795.6,18.00,26,26,26,51,103,287,2,2,Yes,No,No,No,No,No,No,No,No,No,Yes,No,No,Yes,No,No,No,No,No,No,No,Yes,No,No,No,No,No,Yes,No,No,No,No,No,No,No,Yes,No,No,87.0,3960,3300,3900,57.0,1.095,1.110,1.800,1.815,0.990,5.110,0.625,No,No,No,57.5,1.095,1.110,1.800,1.815,0.990,5.110,0.625,No,No,No,48,48,94.0,100.0,No,No,32159,47986,36,70,99.0,100.0,No,No,1844,3246,1.0,1.0,1.9,0.608,0.150,95926,52250,0.0,0.0,0.0,0.000,0.000,164001,82786,68.5,74.0,73.3,83.0,0.875,20.761,20.764,20.757,61.458,11.746,14.766,9.281,24.058,3.000,12.292,9.258,9.569,100.000,140.000,2250.0,2150.2,1890.0,2236.9,1905.0,74.0,27.0,0.0,0.0,92.5,25.0,100.0,0.0,0.0,0.0,Yes,No,No,No,No,Yes,No,0,0,0,0,0,0,0,0,0,0,0,0,0,0,0,0,0,0,0,0,0,0,0,0,0,0,0,0,0,0,617,7571,7338,567,16.0,65,0.300,13.975,600.0,1795.0,0.1,0.0,0.0,0.0,0.0,0.0,0.0,0.0,0.8,127,16065,127,No,No,No,No,No,No,No,No,16.746,68.277,100.0,0.000,24.1,0,0,0,0.0,2.3,2.3,2.3,2.3,2.3,2.3,2.5,2.5,2.5,2.5,2.5,2.5,443.50,443.50,443.50,443.50,443.50,443.50,0.65,443.13,443.50,0.00,397.28,651,9,0.0,0.0,0,0,0.0,0.0,0,
9.6.2026,14:18:31.582,23729,25038,48.6,14301,18083,44.1,10.5,16384,1720,1.193,1.190,1.137,1.142,1.142,1.214,1.194,1.194,1.214,1.214,1.213,1.213,1.213,1.213,1.213,1.101,0.778,2273.0,798.0,1396.6,4489.0,4489.0,4688.5,4688.5,3591.2,1097.3,1097.3,1097.3,1097.3,1097.3,1097.3,1097.3,99.8,4090.0,298.0,128.0,0.1,28.8,0.1,1164.6,0.3,4329.0,0.2,6.2,0.1,153.9,0.3,0.6,0.5,0.5,0.5,2.6,5.7,62.6,75.9,363.4,7.2,5.7,0.0,3.0,0.0,26.8,0.0,91.4,0.0,0.0,0.0,6.4,0.0,0.0,0.0,0.0,0.0,0.0,0.1,3.8,6.2,91.4,7.2,100.0,11.8,5.6,0.0,1.4,0.0,48.0,0.0,166.5,0.0,0.3,0.0,6.4,0.0,0.1,0.1,0.1,0.1,0.2,0.3,3.4,4.1,11.8,22.8,8.0,14.0,45.0,45.0,47.0,47.0,36.0,11.0,11.0,11.0,11.0,11.0,11.0,11.0,41.0,62,63,63,63,67,59,63,60,60,60,60,62,62,62,62,38,37,37,37,33,41,37,40,40,40,40,38,38,38,38,75,67,No,No,No,No,No,No,No,No,No,No,No,No,No,No,No,No,No,No,No,No,No,No,No,No,No,No,No,No,No,No,No,No,No,No,No,No,No,No,No,No,No,No,No,No,No,No,No,No,75,66,64,1.100,10.969,13.898,8.168,0.001,4.448,0.430,175.0,175.0,175.0,175.0,0,0.0,7.1,5.9,0.0,1.8,0.0,27.4,0.0,90.4,0.0,0.2,0.0,5.3,0.0,0.0,0.0,0.0,0.0,0.1,0.4,4.8,6.4,7.8,12.2,3.7,65.0,8.1,0.0,19.9,0.0,0.0,0.0,0.0,0.0,0.0,0.0,0.0,56.3,0.0,0.0,0.9,0.2,0.0,0.0,99.8,99.8,99.8,99.8,99.7,99.5,94.8,93.3,58.0,80.1,93.4,2.2,0.0,99.6,72.4,997.6,10.00,22,15,15,28,103,160,2,2,Yes,No,No,No,No,No,No,No,No,No,Yes,No,No,Yes,No,No,No,No,No,No,No,Yes,No,No,No,No,No,Yes,No,No,No,No,No,No,No,Yes,No,No,87.0,3960,3240,3840,57.0,1.095,1.110,1.800,1.815,0.990,5.110,0.750,No,No,No,57.5,1.095,1.110,1.800,1.815,0.990,5.110,0.750,No,No,No,48,48,94.0,100.0,No,No,32159,47986,36,70,99.0,100.0,No,No,1844,3246,0.0,1.2,1.2,0.000,0.043,95926,52250,0.0,0.0,0.0,0.000,0.000,164001,82786,69.7,76.0,74.8,83.0,0.875,20.655,20.641,20.669,56.347,27.385,36.057,23.263,59.383,3.000,26.247,9.089,34.657,100.000,140.000,2250.0,2150.2,1890.0,2235.8,1905.0,86.0,59.0,0.0,0.0,92.5,22.0,87.8,0.0,0.0,0.0,Yes,No,No,No,No,Yes,No,0,0,0,0,0,0,0,0,0,0,0,0,0,0,0,0,0,0,0,0,0,0,0,0,0,0,0,0,0,0,617,7571,7338,567,16.0,65,0.300,13.050,550.0,1795.0,0.1,0.0,0.0,0.0,0.0,0.0,0.0,0.0,0.8,127,16065,127,No,No,No,No,No,No,No,No,16.746,68.277,100.0,0.000,24.1,0,0,0,0.0,1.9,1.9,1.9,1.9,1.9,1.9,2.1,2.1,2.1,2.1,2.1,2.1,521.12,521.12,521.12,521.12,521.12,521.12,0.69,520.35,521.12,0.00,475.25,651,9,0.3,0.0,0,0,0.0,0.0,0,
9.6.2026,14:18:33.582,23728,25039,48.6,14334,18050,44.2,10.5,16384,1720,1.200,1.204,1.189,1.179,1.214,1.185,1.180,1.170,1.215,1.210,1.210,1.210,1.211,1.211,1.206,1.101,0.783,3185.1,4688.5,4688.5,4688.5,4888.0,4688.5,4688.5,1097.3,3591.2,1097.3,1097.3,1097.3,3591.2,3591.2,1097.3,99.8,4090.0,309.5,121.3,0.1,68.4,0.1,1049.8,0.3,4246.0,0.3,7.6,0.1,339.6,0.2,13.9,9.6,9.4,0.6,52.5,53.0,106.6,110.1,366.7,12.2,5.7,21.3,2.8,41.4,24.2,5.6,91.8,4.2,1.5,0.0,11.2,0.0,1.7,1.4,1.3,0.6,5.0,5.0,9.1,9.8,91.8,12.2,100.0,12.4,5.1,0.0,2.9,0.0,43.7,0.0,163.4,0.0,0.4,0.0,13.8,0.0,0.8,0.5,0.5,0.1,2.9,2.9,5.8,5.9,12.4,31.9,47.0,47.0,47.0,49.0,47.0,47.0,11.0,36.0,11.0,11.0,11.0,36.0,36.0,11.0,41.0,61,61,63,64,67,59,60,59,59,59,59,61,61,61,61,39,39,37,36,33,41,40,41,41,41,41,39,39,39,39,75,67,No,No,No,No,No,No,No,No,No,No,No,No,No,No,No,No,No,No,No,No,No,No,No,No,No,No,No,No,No,No,No,No,No,No,No,No,No,No,No,No,No,No,No,No,No,No,No,No,75,66,64,1.100,7.594,13.034,7.303,0.001,4.417,0.428,175.0,175.0,175.0,175.0,0,0.0,8.3,5.9,0.0,2.3,0.0,24.9,0.0,90.7,0.0,0.3,0.0,11.6,0.0,1.2,0.9,0.8,0.1,4.5,4.5,8.6,9.3,8.4,8.7,6.8,68.6,7.8,0.0,25.5,0.0,0.0,0.0,0.0,0.0,0.0,0.0,0.0,54.9,0.0,0.0,0.2,0.0,0.0,0.0,98.6,99.0,99.0,99.8,95.3,95.3,90.9,90.4,55.7,83.4,90.1,1.5,0.0,99.2,59.7,2394.1,24.00,36,35,35,68,103,383,2,2,Yes,No,No,No,No,No,No,No,No,No,Yes,No,No,Yes,No,No,No,No,No,No,No,Yes,No,No,No,No,No,Yes,No,No,No,No,No,No,No,Yes,No,No,86.0,3900,3180,3780,57.0,1.095,1.110,1.800,1.815,1.005,5.110,0.750,No,No,No,57.2,1.095,1.110,1.800,1.815,0.990,5.110,0.625,No,No,No,48,48,94.0,100.0,No,No,32159,47986,36,70,99.0,100.0,No,No,1844,3246,0.3,0.6,0.9,0.032,0.023,95926,52250,0.0,0.0,0.0,0.000,0.000,164001,82786,70.5,76.0,75.4,83.0,0.875,20.650,20.636,20.665,57.093,31.469,38.618,22.514,61.208,3.000,25.497,34.794,34.654,100.000,140.000,2250.0,2150.2,1890.0,2236.2,1905.0,83.0,60.0,0.0,0.0,92.5,23.0,92.0,0.0,0.0,0.0,Yes,No,No,No,No,Yes,No,0,0,0,0,0,0,0,0,0,0,0,0,0,0,0,0,0,0,0,0,0,0,0,0,0,0,0,0,0,0,617,7571,7338,567,16.0,64,0.300,13.675,550.0,997.0,0.1,0.0,0.0,0.0,0.0,0.0,0.0,0.0,0.8,127,16065,127,No,No,No,No,No,No,No,No,16.746,68.277,100.0,0.000,24.1,0,0,0,0.0,2.2,2.2,2.2,2.2,2.2,2.2,2.3,2.3,2.3,2.3,2.3,2.3,456.71,456.71,456.71,456.71,456.71,456.71,0.79,456.15,456.71,0.00,119.90,651,9,0.5,0.3,0,0,0.0,0.0,0,
9.6.2026,14:18:35.581,23733,25035,48.6,14380,18003,44.4,10.5,16384,1720,1.210,1.205,1.179,1.179,1.204,1.194,1.194,1.225,1.225,1.225,1.225,1.220,1.220,1.223,1.223,1.101,0.778,3128.1,4688.5,1396.6,4688.5,4888.0,4688.5,4688.5,3591.2,3591.2,3591.2,3591.2,1097.3,1097.3,1097.3,1097.3,99.8,4090.0,301.0,125.9,0.3,24.9,0.2,1235.0,0.3,4203.0,0.3,10.9,0.2,258.1,0.3,0.6,0.6,0.6,0.6,3.2,11.5,78.2,65.6,366.4,12.7,5.8,20.9,0.0,0.0,28.2,30.4,89.6,30.7,0.0,0.7,6.6,30.7,0.0,0.0,0.0,0.0,0.0,0.1,5.9,4.7,89.6,12.7,100.0,12.0,5.4,0.0,1.1,0.0,50.8,0.0,161.9,0.0,0.4,0.0,10.4,0.0,0.1,0.1,0.1,0.1,0.2,0.6,4.3,3.5,12.0,31.4,47.0,14.0,47.0,49.0,47.0,47.0,36.0,36.0,36.0,36.0,11.0,11.0,11.0,11.0,41.0,62,61,63,63,67,61,60,60,61,61,61,62,62,62,61,38,39,37,37,33,39,40,40,39,39,39,38,38,38,39,75,67,No,No,No,No,No,No,No,No,No,No,No,No,No,No,No,No,No,No,No,No,No,No,No,No,No,No,No,No,No,No,No,No,No,No,No,No,No,No,No,No,No,No,No,No,No,No,No,No,74,66,64,1.100,5.063,13.519,7.708,0.001,4.459,0.429,175.0,175.0,175.0,175.0,0,0.0,7.2,5.9,0.0,1.1,0.0,28.7,0.0,88.5,0.0,0.3,0.0,7.5,0.0,0.0,0.0,0.0,0.0,0.2,1.0,6.0,5.6,8.4,9.3,4.7,66.2,8.7,0.0,28.9,0.0,0.0,0.0,0.0,0.0,0.0,0.2,0.0,56.2,0.0,0.0,0.1,0.8,0.0,0.0,99.8,99.8,99.8,99.8,99.6,98.8,93.4,94.2,56.4,83.2,93.6,0.5,0.3,99.5,61.5,1795.6,18.00,26,26,26,51,103,287,2,2,Yes,No,No,No,No,No,No,No,No,No,Yes,No,No,Yes,No,No,No,No,No,No,No,Yes,No,No,No,No,No,Yes,No,No,No,No,No,No,No,Yes,No,No,87.0,3840,3180,3780,57.0,1.095,1.110,1.800,1.815,1.005,5.110,0.625,No,No,No,57.2,1.095,1.110,1.800,1.815,1.005,5.110,0.625,No,No,No,48,48,94.0,100.0,No,No,32159,47986,36,70,99.0,100.0,No,No,1844,3246,0.0,1.1,1.1,0.000,0.083,95926,52250,0.0,0.0,0.0,0.000,0.000,164001,82786,70.4,76.0,75.4,83.0,0.875,20.648,20.634,20.662,58.616,30.852,38.538,23.357,61.964,3.000,26.342,36.565,26.195,100.000,140.000,2250.0,2150.2,1890.0,2236.1,1905.0,85.0,54.0,0.0,0.0,92.5,25.0,100.0,0.0,0.0,0.0,Yes,No,No,No,No,Yes,No,0,0,0,0,0,0,0,0,0,0,0,0,0,0,0,0,0,0,0,0,0,0,0,0,0,0,0,0,0,0,617,7571,7338,567,16.0,64,0.300,13.538,550.0,2394.0,0.1,0.0,0.0,0.0,0.0,0.0,0.0,0.0,0.8,127,16065,127,No,No,No,No,No,No,No,No,16.747,68.277,100.0,0.000,24.1,0,0,0,0.0,2.1,2.1,2.1,2.1,2.1,2.1,2.4,2.4,2.4,2.4,2.4,2.4,468.46,468.46,468.46,468.46,468.46,468.46,0.79,467.48,468.46,0.00,422.87,651,9,0.0,0.0,0,0,0.0,0.0,0,
9.6.2026,14:18:37.653,23566,25202,48.3,14774,17610,45.6,10.5,16384,1720,1.167,1.182,1.162,1.164,1.159,1.174,1.164,1.163,1.163,1.163,1.168,1.178,1.165,1.165,1.165,1.101,0.781,1931.0,1396.6,1396.6,4688.5,4688.5,4688.5,1396.6,1097.3,1097.3,1097.3,1097.3,1097.3,1097.3,1097.3,1097.3,99.8,4090.0,994.4,1063.8,722.9,986.0,728.0,2250.7,828.8,3208.7,935.5,999.9,741.0,1043.7,851.3,669.1,649.5,634.1,642.2,660.4,699.7,794.1,778.4,1059.7,32.4,33.0,35.7,30.9,36.2,55.7,30.9,74.2,34.7,25.4,19.7,29.6,37.8,24.2,22.5,22.2,20.9,23.4,26.1,33.3,31.2,74.2,32.4,100.0,43.2,42.5,28.1,39.3,28.2,88.4,32.2,124.5,36.2,38.7,28.7,40.8,33.0,36.7,35.4,34.9,35.1,36.4,38.5,43.5,42.7,43.2,19.4,14.0,14.0,47.0,47.0,47.0,14.0,11.0,11.0,11.0,11.0,11.0,11.0,11.0,11.0,41.0,64,65,64,77,59,64,62,62,62,62,62,65,65,64,64,36,35,36,23,41,36,38,38,38,38,38,35,35,36,36,77,77,No,No,No,No,No,No,No,No,No,No,No,No,No,No,No,No,No,No,No,No,No,No,No,No,No,No,No,No,No,No,Yes,Yes,Yes,Yes,Yes,Yes,Yes,Yes,Yes,Yes,Yes,Yes,Yes,Yes,Yes,No,No,Yes,76,75,66,1.100,39.657,13.519,7.765,0.001,4.444,0.429,175.0,175.0,175.0,175.0,0,0.6,28.1,32.3,18.8,29.1,18.9,55.0,21.2,72.9,23.5,25.4,19.2,28.4,22.7,23.1,21.6,21.2,20.2,21.9,24.3,32.1,29.3,6.6,11.5,9.4,28.7,13.1,0.7,14.2,2.1,0.0,1.7,1.6,3.4,1.2,2.8,2.1,42.8,4.9,2.4,4.7,6.2,0.2,1.0,73.4,77.3,76.0,77.2,73.3,73.0,63.4,66.8,38.1,46.0,54.3,5.8,0.7,72.0,50.1,2394.1,24.00,36,35,35,68,103,383,2,2,Yes,No,No,No,No,No,No,No,No,Yes,Yes,No,No,Yes,No,No,No,No,No,No,No,Yes,No,No,No,No,No,No,No,No,No,No,No,No,No,No,No,No,87.0,3840,3240,3780,57.0,1.095,1.110,1.800,1.815,1.005,5.110,2.875,No,No,No,57.2,1.095,1.110,1.800,1.815,1.005,5.110,3.500,No,No,No,48,48,94.0,100.0,No,No,32159,47986,36,70,99.0,100.0,No,No,1844,3246,0.0,1.1,1.1,0.000,0.020,95926,52250,0.0,0.0,0.0,0.000,0.000,164001,82786,61.5,70.0,68.6,83.0,0.875,20.728,20.723,20.732,24.486,9.817,9.874,8.870,18.763,3.000,11.888,8.145,8.180,100.000,140.000,2250.0,2150.2,1890.0,2241.1,1905.0,0.0,0.0,0.0,0.0,85.6,17.5,70.0,0.0,0.0,0.0,Yes,No,No,No,No,Yes,No,0,0,0,0,0,0,0,0,0,0,0,0,0,0,0,0,0,0,0,0,0,0,0,0,0,0,0,0,0,0,1175,7013,6780,567,16.0,64,0.300,21.605,600.0,1795.0,0.1,0.0,0.0,0.0,0.0,0.0,0.0,0.0,0.8,127,16065,127,No,No,No,No,No,No,No,No,16.747,68.277,100.0,0.000,24.1,0,0,0,0.0,3.2,3.2,3.2,3.2,3.2,3.2,3.3,3.3,3.3,3.3,3.3,3.3,311.33,311.33,311.33,311.33,311.33,311.33,1.33,309.98,310.57,0.75,111.53,651,9,0.1,0.0,0,0,0.0,0.0,0,
9.6.2026,14:18:39.616,23902,24866,49.0,13988,18395,43.1,10.5,16384,1720,1.208,1.189,1.193,1.178,1.203,1.193,1.178,1.223,1.223,1.227,1.227,1.222,1.227,1.222,1.207,1.101,0.783,2714.8,1396.6,4688.5,4688.5,4888.0,4688.5,1396.6,1097.3,1097.3,3591.2,3591.2,1097.3,3591.2,1097.3,1097.3,99.8,4090.0,572.0,868.9,115.2,659.1,124.6,2451.0,320.6,3237.2,254.7,363.0,308.0,1043.9,106.4,123.2,152.0,112.2,113.9,236.4,178.0,390.8,280.5,647.1,15.9,25.2,0.0,22.5,0.0,55.2,13.1,84.0,0.0,9.6,0.0,24.5,0.0,5.5,6.5,4.1,4.2,13.4,7.2,26.3,16.0,84.0,15.9,100.0,24.0,35.5,4.5,27.2,4.8,98.6,12.5,126.6,9.9,14.3,11.9,41.4,4.1,6.8,8.3,6.2,6.5,13.2,10.1,21.9,15.6,24.0,27.2,14.0,47.0,47.0,49.0,47.0,14.0,11.0,11.0,36.0,36.0,11.0,36.0,11.0,11.0,41.0,61,61,63,62,67,59,60,60,60,60,60,62,62,62,62,39,39,37,38,33,41,40,40,40,40,40,38,38,38,38,75,67,No,No,No,No,No,No,No,No,No,No,No,No,No,No,No,No,No,No,No,No,No,No,No,No,No,No,No,No,No,No,Yes,Yes,Yes,Yes,Yes,Yes,Yes,Yes,Yes,Yes,Yes,Yes,Yes,Yes,Yes,No,No,Yes,75,67,64,1.100,5.063,27.595,21.052,0.001,5.018,0.633,175.0,175.0,175.0,175.0,0,0.0,16.5,25.1,2.8,22.5,3.1,55.1,7.6,81.9,6.1,8.8,7.3,25.1,2.6,5.4,6.5,4.1,4.0,13.4,7.4,24.9,16.0,10.0,28.1,18.8,37.4,11.6,3.1,33.0,0.4,0.0,0.8,0.0,1.1,0.2,3.9,1.6,51.0,0.4,0.3,0.6,1.9,4.0,3.8,93.6,93.1,94.5,95.4,84.4,91.5,69.2,81.2,35.2,40.5,53.5,0.4,0.2,82.6,33.9,2394.1,24.00,36,35,35,68,103,383,2,2,Yes,No,No,No,No,No,No,No,No,Yes,Yes,No,No,Yes,No,No,No,No,No,No,No,Yes,No,No,No,No,No,Yes,No,No,No,No,No,No,No,Yes,No,No,87.0,4080,3180,3840,57.0,1.095,1.110,1.800,1.815,1.005,5.110,1.625,No,No,No,57.5,1.095,1.110,1.800,1.815,1.005,5.110,0.625,No,No,No,47,47,94.0,100.0,No,No,32159,47986,36,70,99.0,100.0,No,No,1844,3246,0.1,1.2,1.3,0.002,0.268,95926,52251,0.0,0.0,0.0,0.000,0.000,164001,82786,65.0,70.0,69.2,83.0,0.875,20.674,20.666,20.683,25.062,25.524,28.295,16.864,45.254,3.000,19.856,34.505,30.896,100.000,140.000,2250.0,2150.2,1890.0,2206.7,1905.0,38.0,19.0,0.0,2.0,93.4,18.9,75.6,0.0,0.0,0.0,Yes,No,No,No,No,Yes,No,0,0,0,0,0,0,0,0,0,0,0,0,0,0,0,0,0,0,0,0,0,0,0,0,0,0,0,0,0,0,539,7649,7416,567,16.0,63,0.300,28.197,600.0,2394.0,0.1,0.0,0.0,0.0,0.0,0.0,0.0,0.0,0.8,127,16065,127,No,No,No,No,No,No,No,No,16.747,68.277,100.0,0.000,24.1,0,0,0,0.0,0.8,0.8,0.8,0.8,0.8,0.8,0.9,0.9,0.9,0.9,0.9,0.9,1192.68,1192.68,1192.68,1192.68,1192.68,1192.68,0.35,1192.32,1192.68,0.00,1149.58,651,9,0.0,0.0,0,0,0.0,0.0,0,
9.6.2026,14:18:41.634,23866,24902,48.9,14002,18382,43.2,10.5,16384,1720,1.201,1.192,1.184,1.167,1.207,1.169,1.184,1.214,1.214,1.214,1.214,1.214,1.219,1.219,1.214,1.101,0.781,2771.8,4688.5,4688.5,4688.5,4888.0,1396.6,4688.5,1097.3,1097.3,1097.3,1097.3,1097.3,3591.2,3591.2,1097.3,99.8,4090.0,290.5,107.2,0.1,25.1,0.1,692.7,0.2,4702.7,0.1,0.4,0.0,144.8,0.2,9.8,0.4,0.4,0.4,12.5,10.0,56.4,47.4,355.3,9.0,4.6,21.1,0.8,0.0,17.3,0.0,98.9,16.0,0.0,6.8,5.3,0.0,0.5,0.0,0.0,0.0,0.4,0.4,4.1,3.4,98.9,9.0,100.0,11.6,4.5,0.0,1.2,0.0,31.0,0.0,180.8,0.0,0.0,0.0,6.1,0.0,0.5,0.0,0.0,0.0,0.7,0.6,3.1,2.6,11.6,27.8,47.0,47.0,47.0,49.0,14.0,47.0,11.0,11.0,11.0,11.0,11.0,36.0,36.0,11.0,41.0,62,61,65,65,68,61,60,60,60,60,60,61,61,61,61,38,39,35,35,32,39,40,40,40,40,40,39,39,39,39,74,68,No,No,No,No,No,No,No,No,No,No,No,No,No,No,No,No,No,No,No,No,No,No,No,No,No,No,No,No,No,No,No,No,No,No,No,No,No,No,No,No,No,No,No,No,No,No,No,No,74,66,64,1.100,10.125,23.273,17.107,0.001,4.776,0.506,175.0,175.0,175.0,175.0,0,0.0,6.8,4.3,0.0,1.2,0.0,17.5,0.0,97.6,0.0,0.0,0.0,4.3,0.0,0.9,0.0,0.0,0.0,0.8,0.8,3.8,3.8,7.7,6.1,2.1,76.0,1.1,0.0,23.0,0.0,0.0,0.0,0.0,0.0,0.0,0.0,0.0,56.3,0.0,0.0,0.0,0.0,0.0,0.0,99.0,99.9,99.9,99.9,99.1,99.0,95.9,96.0,59.3,88.6,96.1,1.2,0.0,99.8,70.4,2394.1,24.00,36,35,35,68,103,383,2,2,Yes,No,No,No,No,No,No,No,No,No,Yes,No,No,Yes,No,No,No,No,No,No,No,Yes,No,No,No,No,No,Yes,No,No,No,No,No,No,No,Yes,No,No,86.0,4200,3000,4020,57.2,1.095,1.110,1.815,1.815,1.005,5.110,0.500,No,No,No,57.5,1.095,1.110,1.800,1.815,1.005,5.110,0.625,No,No,No,47,47,94.0,100.0,No,No,32159,47986,36,70,99.0,100.0,No,No,1844,3246,0.0,1.1,1.1,0.000,0.040,95926,52251,0.0,0.0,0.0,0.000,0.000,164001,82786,68.7,74.0,73.4,83.0,0.875,20.663,20.651,20.674,60.395,27.528,34.073,20.754,54.911,3.000,23.744,27.461,28.754,100.000,140.000,2250.0,2150.2,1890.0,2235.2,1905.0,79.0,46.0,0.0,0.0,93.4,15.1,60.3,0.0,0.0,0.0,Yes,No,No,No,No,Yes,No,0,0,0,0,0,0,0,0,0,0,0,0,0,0,0,0,0,0,0,0,0,0,0,0,0,0,0,0,0,0,539,7649,7416,567,16.0,64,0.300,15.137,550.0,2394.0,0.1,0.0,0.0,0.0,0.0,0.0,0.0,0.0,0.8,127,16065,127,No,No,No,No,No,No,No,No,16.746,68.277,100.0,0.000,24.1,0,0,0,0.0,0.8,0.8,0.8,0.8,0.8,0.8,0.9,0.9,0.9,0.9,0.9,0.9,1192.68,1192.68,1192.68,1192.68,1192.68,1192.68,0.35,1192.32,1192.68,0.00,1149.58,651,9,2.3,0.0,0,0,0.0,0.0,0,
9.6.2026,14:18:43.624,23769,24998,48.7,14065,18318,43.4,10.5,16384,1720,1.183,1.208,1.178,1.168,1.163,1.187,1.147,1.212,1.197,1.197,1.174,1.184,1.179,1.184,1.179,1.101,0.781,2358.5,1396.6,4489.0,4489.0,4688.5,4688.5,4489.0,1097.3,1097.3,1097.3,1097.3,1097.3,1097.3,1097.3,1097.3,99.8,4090.0,320.2,186.1,259.9,78.2,0.1,981.0,0.2,853.5,3369.8,17.6,0.1,345.0,147.7,0.4,0.4,0.4,0.4,25.3,3.8,43.8,89.9,390.0,12.4,8.3,20.1,4.0,20.7,23.7,0.4,23.6,71.5,0.9,0.4,7.0,51.7,0.5,0.4,0.4,0.4,2.5,0.7,2.2,8.4,71.5,12.4,100.0,12.7,8.1,11.0,3.4,0.0,40.3,0.0,33.9,128.0,0.7,0.0,13.5,6.0,0.0,0.0,0.0,0.0,1.4,0.2,2.4,4.9,12.7,23.6,14.0,45.0,45.0,47.0,47.0,45.0,11.0,11.0,11.0,11.0,11.0,11.0,11.0,11.0,41.0,61,62,63,64,66,59,61,60,60,60,60,62,61,61,61,39,38,37,36,34,41,39,40,40,40,40,38,39,39,39,75,66,No,No,No,No,No,No,No,No,No,No,No,No,No,No,No,No,No,No,No,No,No,No,No,No,No,No,No,No,No,No,No,No,No,No,No,No,No,No,No,No,No,No,No,No,No,No,No,No,75,66,63,1.100,8.438,13.728,8.010,0.001,4.398,0.428,175.0,175.0,175.0,175.0,0,0.0,8.8,8.7,18.0,3.6,0.0,24.3,0.0,23.1,71.2,0.4,0.0,8.1,5.0,0.0,0.0,0.0,0.0,2.1,0.3,3.2,7.2,12.4,44.5,6.7,67.8,4.4,5.0,15.1,5.0,5.0,5.0,5.0,0.8,3.1,5.0,0.8,54.2,0.0,0.0,0.1,0.2,0.0,2.5,94.8,94.8,94.9,94.9,96.9,96.5,91.5,91.6,46.1,24.6,88.4,3.5,0.5,94.4,65.3,2394.1,24.00,36,35,35,68,103,383,2,2,Yes,No,No,No,No,No,No,No,No,No,Yes,No,No,Yes,No,No,No,No,No,No,No,Yes,No,No,No,No,No,Yes,No,No,No,No,No,No,No,Yes,No,No,86.0,4200,2940,4020,57.2,1.095,1.110,1.815,1.815,1.005,5.110,0.625,No,No,No,57.5,1.095,1.110,1.815,1.815,1.005,5.110,0.750,No,No,No,47,47,94.0,100.0,No,No,32159,47986,36,70,99.0,100.0,No,No,1844,3246,0.0,0.9,0.9,0.000,0.022,95926,52251,0.0,0.0,0.0,0.000,0.000,164001,82786,70.7,76.0,76.1,83.0,0.875,20.667,20.656,20.678,63.408,30.443,34.016,20.718,54.796,3.000,23.688,44.429,32.455,100.000,140.000,2250.0,2150.2,1890.0,2238.7,1905.0,89.0,54.0,0.0,0.0,92.5,24.9,99.4,0.0,0.0,0.0,Yes,No,No,No,No,Yes,No,0,0,0,0,0,0,0,0,0,0,0,0,0,0,0,0,0,0,0,0,0,0,0,0,0,0,0,0,0,0,617,7571,7338,567,16.0,65,0.300,13.400,600.0,2394.0,0.1,0.0,0.0,0.0,0.0,0.0,0.0,0.0,0.8,127,16065,127,No,No,No,No,No,No,No,No,16.746,68.277,100.0,0.000,24.1,0,0,0,0.0,0.8,0.8,0.8,0.8,0.8,0.8,0.9,0.9,0.9,0.9,0.9,0.9,1192.68,1192.68,1192.68,1192.68,1192.68,1192.68,0.35,1192.32,1192.68,0.00,1149.58,651,9,0.1,0.1,0,0,0.0,0.0,0,
9.6.2026,14:18:45.623,23772,24995,48.7,14100,18284,43.5,10.5,16384,1720,1.172,1.194,1.153,1.178,1.174,1.149,1.149,1.163,1.173,1.178,1.178,1.173,1.180,1.180,1.185,1.101,0.778,3128.1,4688.5,4489.0,4688.5,4688.5,4489.0,4489.0,1097.3,1097.3,3591.2,3591.2,1097.3,1097.3,1097.3,3591.2,99.8,4090.0,318.8,216.1,467.1,108.2,0.3,849.2,0.6,28.0,4317.6,14.1,0.2,2.3,179.8,2.3,25.0,0.6,0.6,33.3,29.3,9.3,91.8,388.2,10.1,10.3,15.9,5.0,0.0,22.7,32.6,0.5,91.1,0.3,0.0,0.0,6.8,0.1,2.1,0.0,0.0,2.8,2.4,0.7,7.8,91.1,10.1,100.0,12.7,9.6,19.4,4.8,0.0,34.3,0.0,1.6,164.3,0.6,0.0,0.2,7.8,0.2,1.4,0.1,0.1,1.8,1.6,0.5,4.9,12.7,31.4,47.0,45.0,47.0,47.0,45.0,45.0,11.0,11.0,36.0,36.0,11.0,11.0,11.0,36.0,41.0,61,63,63,62,66,59,60,60,60,60,60,61,61,61,61,39,37,37,38,34,41,40,40,40,40,40,39,39,39,39,74,66,No,No,No,No,No,No,No,No,No,No,No,No,No,No,No,No,No,No,No,No,No,No,No,No,No,No,No,No,No,No,No,No,No,No,No,No,No,No,No,No,No,No,No,No,No,No,No,No,74,66,65,1.100,8.438,13.571,7.817,0.001,4.445,0.433,175.0,175.0,175.0,175.0,0,0.0,8.5,10.4,15.6,5.0,0.0,22.9,0.0,0.6,91.1,0.4,0.0,0.1,7.0,0.2,2.1,0.1,0.0,2.9,2.5,0.8,7.8,9.7,50.7,7.9,60.2,8.5,0.0,9.0,0.0,0.0,0.0,0.0,0.0,0.0,0.0,0.0,55.9,0.0,0.0,0.5,0.0,0.0,0.0,99.7,97.7,99.8,99.8,96.9,97.4,99.1,91.7,49.1,19.0,85.4,11.9,0.0,99.3,79.0,2394.1,24.00,36,35,35,68,103,383,2,2,Yes,No,No,No,No,No,No,No,No,No,Yes,No,No,Yes,No,No,No,No,No,No,No,Yes,No,No,No,No,No,Yes,No,No,No,No,No,No,No,Yes,No,No,85.0,4020,3000,3900,57.2,1.095,1.110,1.815,1.815,1.005,5.110,0.750,No,No,No,57.5,1.095,1.110,1.815,1.815,1.005,5.110,0.875,No,No,No,47,47,94.0,100.0,No,No,32159,47986,36,70,99.0,100.0,No,No,1844,3246,0.0,0.7,0.7,0.000,0.071,95926,52251,0.0,0.0,0.0,0.000,0.000,164001,82786,71.2,76.0,76.4,83.0,0.875,20.648,20.633,20.662,63.942,27.854,40.012,22.470,62.566,3.000,25.461,9.378,32.094,100.000,140.000,2250.0,2150.2,1890.0,2237.3,1905.0,93.0,43.0,0.0,0.0,92.5,24.8,99.3,0.0,0.0,0.0,Yes,No,No,No,No,Yes,No,0,0,0,0,0,0,0,0,0,0,0,0,0,0,0,0,0,0,0,0,0,0,0,0,0,0,0,0,0,0,617,7571,7338,567,16.0,64,0.300,13.706,600.0,2394.0,0.1,0.0,0.0,0.0,0.0,0.0,0.0,0.0,0.8,127,16065,127,No,No,No,No,No,No,No,No,16.746,68.277,100.0,0.000,24.1,0,0,0,0.0,0.8,0.8,0.8,0.8,0.8,0.8,0.9,0.9,0.9,0.9,0.9,0.9,1192.68,1192.68,1192.68,1192.68,1192.68,1192.68,0.35,1192.32,1192.68,0.00,1149.58,651,9,0.1,0.0,0,0,0.0,0.0,0,
9.6.2026,14:18:47.624,23776,24992,48.7,14170,18214,43.7,10.5,16384,1720,1.181,1.188,1.165,1.183,1.183,1.148,1.178,1.168,1.184,1.184,1.184,1.214,1.184,1.184,1.184,1.101,0.783,2151.9,1396.6,1396.6,4688.5,4688.5,4489.0,4688.5,1097.3,1097.3,1097.3,1097.3,1097.3,1097.3,1097.3,1097.3,99.8,4090.0,309.4,166.8,415.7,87.5,0.1,1156.4,0.2,28.4,3939.7,3.3,0.1,2.1,248.9,0.6,0.4,0.4,0.4,32.3,17.7,6.6,80.1,378.2,9.0,8.6,29.7,3.6,0.0,29.2,0.0,1.1,84.9,0.0,0.5,2.1,9.0,0.0,0.0,0.0,0.0,2.5,1.3,0.3,7.4,84.9,9.0,100.0,12.2,7.1,17.5,3.8,0.0,46.0,0.0,1.7,150.2,0.1,0.0,0.2,10.3,0.1,0.0,0.0,0.0,1.8,1.0,0.4,4.4,12.2,21.6,14.0,14.0,47.0,47.0,45.0,47.0,11.0,11.0,11.0,11.0,11.0,11.0,11.0,11.0,41.0,61,62,63,63,64,59,57,60,60,61,61,61,61,61,60,39,38,37,37,36,41,43,40,40,39,39,39,39,39,40,74,64,No,No,No,No,No,No,No,No,No,No,No,No,No,No,No,No,No,No,No,No,No,No,No,No,No,No,No,No,No,No,No,No,No,No,No,No,No,No,No,No,No,No,No,No,No,No,No,No,74,66,64,1.100,4.219,13.562,7.825,0.001,4.421,0.429,175.0,175.0,175.0,175.0,0,0.0,8.8,8.2,28.4,3.9,0.0,28.9,0.0,0.7,84.7,0.1,0.0,0.1,8.5,0.1,0.0,0.0,0.0,2.8,1.6,0.6,6.9,13.3,44.0,11.1,62.2,14.4,5.0,13.8,5.0,5.0,5.0,5.0,5.0,5.0,5.0,0.8,53.7,0.0,0.0,1.3,0.0,0.0,0.0,94.9,94.9,94.9,94.9,92.0,93.3,94.3,91.9,45.0,14.4,83.7,4.2,0.0,94.8,72.9,2394.1,24.00,36,35,35,68,103,383,2,2,Yes,No,No,No,No,No,No,No,No,No,Yes,No,No,Yes,No,No,No,No,No,No,No,Yes,No,No,No,No,No,Yes,No,No,No,No,No,No,No,Yes,No,No,86.0,3900,3120,3780,57.0,1.095,1.110,1.815,1.815,1.005,5.110,0.750,No,No,No,57.5,1.095,1.110,1.815,1.815,1.005,5.110,0.750,No,No,No,47,47,94.0,100.0,No,No,32159,47986,36,70,99.0,100.0,No,No,1844,3246,0.0,1.2,1.2,0.000,0.026,95926,52251,0.0,0.0,0.0,0.000,0.000,164001,82786,70.5,76.0,75.5,83.0,0.875,20.650,20.637,20.664,59.695,26.903,36.756,23.444,60.276,3.000,26.419,9.242,29.183,100.000,140.000,2250.0,2150.2,1890.0,2237.1,1905.0,85.0,57.0,0.0,1.0,92.5,24.8,99.2,0.0,0.0,0.0,Yes,No,No,No,No,Yes,No,0,0,0,0,0,0,0,0,0,0,0,0,0,0,0,0,0,0,0,0,0,0,0,0,0,0,0,0,0,0,617,7571,7338,567,16.0,63,0.300,13.511,600.0,2394.0,0.1,0.0,0.0,0.0,0.0,0.0,0.0,0.0,0.8,127,16065,127,No,No,No,No,No,No,No,No,16.747,68.277,100.0,0.000,24.1,0,0,0,0.0,0.8,0.8,0.8,0.8,0.8,0.8,0.9,0.9,0.9,0.9,0.9,0.9,1192.68,1192.68,1192.68,1192.68,1192.68,1192.68,0.35,1192.32,1192.68,0.00,1149.58,651,9,0.0,0.0,0,0,0.0,0.0,0,
9.6.2026,14:18:49.621,23780,24988,48.7,14195,18188,43.8,10.5,16384,1720,1.184,1.203,1.158,1.148,1.167,1.172,1.162,1.187,1.187,1.217,1.187,1.182,1.214,1.214,1.174,1.101,0.783,3085.3,4688.5,4489.0,4489.0,4688.5,1396.6,4688.5,3591.2,3591.2,3591.2,3591.2,1097.3,1097.3,1097.3,1097.3,99.8,4090.0,310.6,148.8,554.4,70.0,0.1,600.7,0.2,8.6,4499.3,5.0,0.1,2.7,220.6,0.5,0.5,0.4,0.5,14.4,27.8,0.5,56.6,382.0,11.6,6.8,25.4,4.4,24.6,16.8,39.5,0.0,95.2,0.7,0.0,0.0,7.1,0.6,0.6,0.6,0.6,1.8,2.9,0.6,3.8,95.2,11.6,100.0,12.2,6.5,23.1,2.9,0.0,25.0,0.0,0.7,171.2,0.2,0.0,0.2,9.2,0.0,0.0,0.0,0.0,0.8,1.5,0.0,3.1,12.2,30.9,47.0,45.0,45.0,47.0,14.0,47.0,36.0,36.0,36.0,36.0,11.0,11.0,11.0,11.0,41.0,61,62,62,63,66,57,61,60,60,60,60,61,61,61,61,39,38,38,37,34,43,39,40,40,40,40,39,39,39,39,74,66,No,No,No,No,No,No,No,No,No,No,No,No,No,No,No,No,No,No,No,No,No,No,No,No,No,No,No,No,No,No,No,No,No,No,No,No,No,No,No,No,No,No,No,No,No,No,No,No,74,67,64,1.100,9.281,13.606,7.875,0.001,4.415,0.430,175.0,175.0,175.0,175.0,0,0.0,8.2,7.0,24.8,3.7,0.0,17.2,0.0,0.2,95.1,0.2,0.0,0.1,7.4,0.0,0.0,0.0,0.0,1.2,2.3,0.0,4.7,10.8,53.0,1.2,74.6,4.6,0.0,17.4,0.0,0.0,0.0,0.0,0.0,0.0,0.0,0.0,56.5,0.0,0.0,0.0,0.0,0.0,0.0,99.8,99.9,99.9,99.9,98.6,97.6,99.9,94.9,46.6,11.1,94.4,4.3,0.0,99.7,70.4,2394.1,24.00,36,35,35,68,103,383,2,2,Yes,No,No,No,No,No,No,No,No,No,Yes,No,No,Yes,No,No,No,No,No,No,No,Yes,No,No,No,No,No,Yes,No,No,No,No,No,No,No,Yes,No,No,85.0,3840,3180,3780,57.0,1.110,1.110,1.815,1.815,1.005,5.110,0.750,No,No,No,57.5,1.110,1.110,1.815,1.815,1.005,5.110,0.750,No,No,No,47,47,94.0,100.0,No,No,32159,47986,36,70,99.0,100.0,No,No,1844,3246,0.1,0.9,1.0,0.002,0.014,95926,52251,0.0,0.0,0.0,0.000,0.000,164001,82786,67.8,76.0,72.8,83.0,0.875,20.678,20.666,20.690,60.847,21.871,31.918,19.199,51.187,3.000,22.185,10.544,15.065,100.000,140.000,2250.0,2150.2,1890.0,2236.8,1905.0,90.0,42.0,0.0,0.0,92.5,24.9,99.7,0.0,0.0,0.0,Yes,No,No,No,No,Yes,No,0,0,0,0,0,0,0,0,0,0,0,0,0,0,0,0,0,0,0,0,0,0,0,0,0,0,0,0,0,0,617,7571,7338,567,16.0,65,0.300,12.981,550.0,2394.0,0.1,0.0,0.0,0.0,0.0,0.0,0.0,0.0,0.8,127,16065,127,No,No,No,No,No,No,No,No,16.746,68.277,100.0,0.000,24.1,0,0,0,0.0,0.8,0.8,0.8,0.8,0.8,0.8,0.9,0.9,0.9,0.9,0.9,0.9,1192.68,1192.68,1192.68,1192.68,1192.68,1192.68,0.35,1192.32,1192.68,0.00,1149.58,651,9,0.0,0.0,0,0,0.0,0.0,0,
9.6.2026,14:18:51.641,23780,24988,48.7,14195,18189,43.8,10.5,16384,1720,1.051,1.227,1.185,1.170,1.205,1.211,1.211,1.177,1.217,1.217,0.782,0.782,0.777,0.777,0.784,1.101,0.783,1389.5,798.0,1396.6,1396.6,4888.0,798.0,1396.6,1097.3,1097.3,1097.3,1097.3,1097.3,1097.3,1097.3,1097.3,99.8,4090.0,304.2,148.9,351.7,102.8,0.1,1125.7,0.2,7.7,3985.7,10.9,0.1,2.0,225.4,0.4,0.4,0.4,0.4,20.9,7.7,1.4,91.0,372.7,8.5,6.7,24.9,4.7,0.0,28.0,0.0,2.1,84.8,0.0,0.0,2.0,7.2,0.0,0.0,0.0,0.0,1.6,0.4,0.0,8.5,84.8,8.5,100.0,11.9,6.3,14.9,4.4,0.0,44.2,0.0,0.6,151.9,0.4,0.0,0.2,9.2,0.0,0.0,0.0,0.0,1.2,0.4,0.1,4.9,11.9,13.9,8.0,14.0,14.0,49.0,8.0,14.0,11.0,11.0,11.0,11.0,11.0,11.0,11.0,11.0,41.0,61,62,62,62,66,57,60,60,59,59,59,61,61,61,61,39,38,38,38,34,43,40,40,41,41,41,39,39,39,39,75,66,No,No,No,No,No,No,No,No,No,No,No,No,No,No,No,No,No,No,No,No,No,No,No,No,No,No,No,No,No,No,No,No,No,No,No,No,No,No,No,No,No,No,No,No,No,No,No,No,74,66,64,1.100,5.906,13.378,7.674,0.001,4.393,0.427,175.0,175.0,175.0,175.0,0,0.0,8.4,7.0,24.4,4.9,0.0,28.4,0.0,0.2,84.8,0.3,0.0,0.1,7.6,0.0,0.0,0.0,0.0,1.9,0.7,0.1,8.0,9.8,44.6,7.6,63.1,13.6,0.0,8.7,0.0,0.0,0.0,0.0,0.0,0.0,0.0,0.0,56.5,0.0,0.0,2.0,0.8,0.0,0.0,99.8,99.8,99.8,99.9,97.9,99.2,99.8,91.6,48.0,19.0,86.2,3.5,0.0,99.6,79.7,997.6,10.00,22,15,15,28,103,160,2,2,Yes,No,No,No,No,No,No,No,No,No,Yes,No,No,Yes,No,No,No,No,No,No,No,Yes,No,No,No,No,No,Yes,No,No,No,No,No,No,No,Yes,No,No,86.0,3960,3180,3720,57.0,1.110,1.110,1.815,1.815,1.005,5.110,0.625,No,No,No,57.5,1.110,1.110,1.815,1.815,1.005,5.110,0.750,No,No,No,47,47,94.0,100.0,No,No,32159,47986,36,70,99.0,100.0,No,No,1844,3246,0.0,0.8,0.8,0.000,0.019,95926,52251,0.0,0.0,0.0,0.000,0.000,164001,82786,66.0,76.0,71.4,83.0,0.875,20.754,20.754,20.754,65.651,12.345,15.933,9.754,25.714,3.000,12.766,9.549,9.699,100.000,140.000,2250.0,2150.2,1890.0,2233.5,1905.0,74.0,22.0,0.0,0.0,92.5,25.0,100.0,0.0,0.0,0.0,Yes,No,No,No,No,Yes,No,0,0,0,0,0,0,0,0,0,0,0,0,0,0,0,0,0,0,0,0,0,0,0,0,0,0,0,0,0,0,617,7571,7338,567,16.0,64,0.300,13.346,600.0,2394.0,0.1,0.0,0.0,0.0,0.0,0.0,0.0,0.0,0.8,127,16065,127,No,No,No,No,No,No,No,No,16.746,68.277,100.0,0.000,24.1,0,0,0,0.0,0.8,0.8,0.8,0.8,0.8,0.8,0.9,0.9,0.9,0.9,0.9,0.9,1192.68,1192.68,1192.68,1192.68,1192.68,1192.68,0.35,1192.32,1192.68,0.00,1149.58,651,9,0.0,0.0,0,0,0.0,0.0,0,
9.6.2026,14:18:53.642,23773,24994,48.7,14188,18196,43.8,10.5,16384,1720,1.197,1.196,1.196,1.181,1.186,1.186,1.171,1.166,1.206,1.214,1.189,1.214,1.214,1.214,1.217,1.101,0.781,2223.1,2194.6,4688.5,4688.5,4688.5,4688.5,1396.6,1097.3,1097.3,1097.3,1097.3,1097.3,1097.3,1097.3,1097.3,99.8,4090.0,295.9,118.7,325.4,46.4,0.1,952.1,0.2,7.8,4136.0,6.2,0.2,2.1,146.6,0.4,0.4,0.4,0.4,39.5,14.7,3.3,116.9,359.0,11.5,6.6,23.8,1.3,47.4,23.7,18.8,0.0,87.1,0.0,0.0,0.0,6.1,0.0,0.0,0.0,0.0,3.3,1.1,0.1,11.0,87.1,11.5,100.0,11.6,5.0,13.9,1.9,0.0,37.7,0.0,0.6,157.4,0.3,0.0,0.2,6.2,0.0,0.0,0.0,0.0,2.1,0.8,0.2,6.3,11.6,22.3,22.0,47.0,47.0,47.0,47.0,14.0,11.0,11.0,11.0,11.0,11.0,11.0,11.0,11.0,41.0,61,62,63,62,66,59,57,60,60,60,60,61,61,61,61,39,38,37,38,34,41,43,40,40,40,40,39,39,39,39,74,66,No,No,No,No,No,No,No,No,No,No,No,No,No,No,No,No,No,No,No,No,No,No,No,No,No,No,No,No,No,No,No,No,No,No,No,No,No,No,No,No,No,No,No,No,No,No,No,No,74,66,64,1.100,7.594,12.931,7.231,0.001,4.389,0.427,175.0,175.0,175.0,175.0,0,0.0,8.2,6.2,22.9,1.5,0.0,23.5,0.0,0.2,86.9,0.2,0.0,0.1,5.7,0.0,0.0,0.0,0.0,3.5,1.3,0.3,10.5,9.7,45.8,2.4,68.1,10.3,0.0,9.6,0.0,0.0,0.0,0.0,0.0,0.0,0.0,0.0,56.0,0.0,0.0,0.3,1.5,0.0,0.0,99.8,99.8,99.8,99.8,96.3,98.6,99.6,89.1,50.1,19.5,95.5,4.8,0.7,99.7,80.5,2394.1,24.00,36,35,35,68,103,383,2,2,Yes,No,No,No,No,No,No,No,No,No,Yes,No,No,Yes,No,No,No,No,No,No,No,Yes,No,No,No,No,No,Yes,No,No,No,No,No,No,No,Yes,No,No,85.0,3840,3240,3780,57.0,1.110,1.110,1.815,1.815,1.005,5.110,0.750,No,No,No,57.5,1.110,1.110,1.800,1.815,1.005,5.110,0.625,No,No,No,47,47,94.0,100.0,No,No,32159,47986,36,70,99.0,100.0,No,No,1844,3246,0.1,1.5,1.5,0.016,0.552,95926,52252,0.0,0.0,0.0,0.000,0.000,164001,82786,71.2,78.0,76.3,83.0,0.875,20.667,20.653,20.681,66.209,32.535,35.924,22.491,58.487,3.000,25.482,49.199,33.164,100.000,140.000,2250.0,2150.2,1890.0,2233.1,1905.0,91.0,59.0,0.0,0.0,92.5,14.5,57.9,0.0,0.0,0.0,Yes,No,No,No,No,Yes,No,0,0,0,0,0,0,0,0,0,0,0,0,0,0,0,0,0,0,0,0,0,0,0,0,0,0,0,0,0,0,617,7571,7338,567,16.0,64,0.300,12.825,600.0,997.0,0.1,0.0,0.0,0.0,0.0,0.0,0.0,0.0,0.8,127,16065,127,No,No,No,No,No,No,No,No,16.746,68.277,100.0,0.000,24.1,0,0,0,0.0,0.8,0.8,0.8,0.8,0.8,0.8,0.9,0.9,0.9,0.9,0.9,0.9,1192.68,1192.68,1192.68,1192.68,1192.68,1192.68,0.35,1192.32,1192.68,0.00,1149.58,651,9,0.1,0.1,0,0,0.0,0.0,0,
9.6.2026,14:18:55.635,23781,24987,48.7,14240,18144,43.9,10.5,16384,1720,1.188,1.208,1.225,1.170,1.170,1.173,1.178,1.178,1.178,1.188,1.229,1.183,1.184,1.189,1.184,1.101,0.783,2778.9,1396.6,4688.5,1396.6,4688.5,798.0,4688.5,3591.2,3591.2,3591.2,3591.2,1097.3,1097.3,3591.2,1097.3,99.8,4090.0,325.3,168.3,701.4,37.3,0.2,615.9,0.2,8.5,4581.3,3.2,0.2,2.7,267.9,0.6,0.6,0.6,0.6,28.8,23.9,0.6,63.4,399.3,10.3,7.3,24.9,1.8,5.9,16.7,28.9,2.4,96.7,0.1,0.8,2.4,8.7,0.1,0.1,0.1,0.1,2.5,2.2,0.1,5.2,96.7,10.3,100.0,12.9,7.5,29.0,1.7,0.0,26.0,0.0,0.7,174.2,0.1,0.0,0.2,11.0,0.1,0.1,0.1,0.1,1.6,1.3,0.1,3.4,12.9,27.9,14.0,47.0,14.0,47.0,8.0,47.0,36.0,36.0,36.0,36.0,11.0,11.0,36.0,11.0,41.0,61,62,62,63,64,62,59,60,60,60,60,61,61,61,62,39,38,38,37,36,38,41,40,40,40,40,39,39,39,38,74,64,No,No,No,No,No,No,No,No,No,No,No,No,No,No,No,No,No,No,No,No,No,No,No,No,No,No,No,No,No,No,No,No,No,No,No,No,No,No,No,No,No,No,No,No,No,No,No,No,75,66,64,1.100,6.750,12.360,6.717,0.001,4.376,0.426,175.0,175.0,175.0,175.0,0,0.0,8.3,7.3,24.2,1.8,0.0,16.9,0.0,0.2,96.6,0.1,0.0,0.1,8.8,0.1,0.0,0.0,0.0,2.5,2.1,0.0,5.1,13.1,61.0,4.8,77.0,3.1,1.9,20.9,1.9,1.9,1.9,1.9,1.9,1.9,1.9,0.9,55.3,0.0,0.0,0.0,0.0,0.0,0.0,97.9,97.9,97.9,97.9,95.4,95.8,97.9,93.7,43.8,4.4,92.7,2.1,0.0,97.8,65.9,2394.1,24.00,36,35,35,68,103,383,2,2,Yes,No,No,No,No,No,No,No,No,No,Yes,No,No,Yes,No,No,No,No,No,No,No,Yes,No,No,No,No,No,Yes,No,No,No,No,No,No,No,Yes,No,No,86.0,3840,3240,3780,57.0,1.110,1.110,1.815,1.815,1.005,5.110,0.625,No,No,No,57.2,1.110,1.110,1.815,1.815,1.005,5.110,0.625,No,No,No,46,46,94.0,100.0,No,No,32159,47986,36,70,99.0,100.0,No,No,1844,3246,0.0,1.1,1.1,0.000,0.060,95926,52252,0.0,0.0,0.0,0.000,0.000,164001,82786,70.7,78.0,75.7,83.0,0.875,20.647,20.632,20.663,65.664,32.408,38.040,24.098,62.196,3.000,27.094,38.526,33.906,100.000,140.000,2250.0,2150.2,1890.0,2235.4,1905.0,90.0,51.0,0.0,1.0,92.5,25.0,100.0,0.0,0.0,0.0,Yes,No,No,No,No,Yes,No,0,0,0,0,0,0,0,0,0,0,0,0,0,0,0,0,0,0,0,0,0,0,0,0,0,0,0,0,0,0,617,7571,7338,567,16.0,64,0.300,13.505,600.0,2394.0,0.1,0.0,0.0,0.0,0.0,0.0,0.0,0.0,0.8,127,16065,127,No,No,No,No,No,No,No,No,16.746,68.277,100.0,0.000,24.1,0,0,0,0.0,1.1,1.1,1.1,1.1,1.1,1.1,1.1,1.1,1.1,1.1,1.1,1.1,891.07,891.07,891.07,891.07,891.07,891.07,881.41,10.53,890.73,0.34,261.58,651,9,0.0,0.0,0,0,0.0,0.0,0,
9.6.2026,14:18:57.626,23786,24982,48.7,14283,18101,44.1,10.5,16384,1720,1.182,1.198,1.175,1.160,1.160,1.175,1.165,1.169,1.169,1.214,1.214,1.177,1.192,1.182,1.192,1.101,0.783,1931.0,1396.6,1396.6,4688.5,4688.5,4688.5,1396.6,1097.3,1097.3,1097.3,1097.3,1097.3,1097.3,1097.3,1097.3,99.8,4090.0,304.1,135.0,371.2,59.5,0.2,911.1,0.3,7.6,4275.7,6.0,0.0,2.2,181.9,0.4,0.4,0.4,0.4,35.1,14.3,0.4,80.0,372.0,10.2,6.4,25.9,4.3,0.0,23.0,22.6,2.0,89.9,1.3,0.0,2.0,7.1,1.2,1.2,1.2,1.2,4.2,2.3,1.2,6.9,89.9,10.2,100.0,12.0,5.9,15.8,2.6,0.0,36.3,0.0,0.6,162.8,0.2,0.0,0.2,7.7,0.0,0.0,0.0,0.0,1.9,0.8,0.0,4.3,12.0,19.4,14.0,14.0,47.0,47.0,47.0,14.0,11.0,11.0,11.0,11.0,11.0,11.0,11.0,11.0,41.0,61,63,62,65,62,59,61,60,60,60,60,61,61,61,61,39,37,38,35,38,41,39,40,40,40,40,39,39,39,39,75,65,No,No,No,No,No,No,No,No,No,No,No,No,No,No,No,No,No,No,No,No,No,No,No,No,No,No,No,No,No,No,No,No,No,No,No,No,No,No,No,No,No,No,No,No,No,No,No,No,75,66,64,1.100,16.031,14.545,8.746,0.001,4.438,0.430,175.0,175.0,175.0,175.0,0,0.0,8.4,6.9,25.5,3.1,0.0,23.5,0.0,0.2,89.8,0.2,0.0,0.1,7.6,0.0,0.0,0.0,0.0,3.1,1.2,0.0,7.2,8.2,26.5,5.7,63.7,9.6,0.0,9.4,0.0,0.0,0.0,0.0,0.0,0.0,0.0,0.0,56.2,0.0,0.0,0.1,0.0,0.0,0.0,99.8,99.8,99.8,99.8,96.7,98.7,99.9,92.5,51.8,34.0,90.2,8.6,0.0,99.7,78.3,2394.1,24.00,36,35,35,68,103,383,2,2,Yes,No,No,No,No,No,No,No,No,No,Yes,No,No,Yes,No,No,No,No,No,No,No,Yes,No,No,No,No,No,Yes,No,No,No,No,No,No,No,Yes,No,No,86.0,3840,3240,3780,57.0,1.110,1.110,1.815,1.815,0.975,5.110,1.000,No,No,No,57.2,1.110,1.110,1.815,1.815,1.005,5.110,0.750,No,No,No,46,46,94.0,100.0,No,No,32159,47986,36,70,99.0,100.0,No,No,1844,3246,0.0,1.1,1.1,0.000,0.023,95926,52253,0.0,0.0,0.0,0.000,0.000,164001,82786,71.2,76.0,76.3,83.0,0.875,20.647,20.633,20.661,57.097,32.324,41.058,22.862,63.987,3.000,25.843,31.164,38.357,100.000,140.000,2250.0,2150.2,1890.0,2236.6,1905.0,90.0,50.0,0.0,0.0,92.5,22.4,89.7,0.0,0.0,0.0,Yes,No,No,No,No,Yes,No,0,0,0,0,0,0,0,0,0,0,0,0,0,0,0,0,0,0,0,0,0,0,0,0,0,0,0,0,0,0,617,7571,7338,567,16.0,64,0.300,13.751,550.0,2394.0,0.1,0.0,0.0,0.0,0.0,0.0,0.0,0.0,0.8,127,16065,127,No,No,No,No,No,No,No,No,16.746,68.277,100.0,0.000,24.1,0,0,0,0.0,1.1,1.1,1.1,1.1,1.1,1.1,1.1,1.1,1.1,1.1,1.1,1.1,887.65,887.65,887.65,887.65,887.65,887.65,877.89,9.99,886.21,1.44,114.24,651,9,0.0,0.0,0,0,0.0,0.0,0,
9.6.2026,14:18:59.632,23780,24988,48.7,14301,18083,44.1,10.5,16384,1720,1.188,1.207,1.156,1.176,1.170,1.185,1.135,1.190,1.190,1.190,1.175,1.210,1.210,1.223,1.213,1.101,0.783,3277.7,4688.5,1396.6,4688.5,4688.5,4688.5,4489.0,3591.2,3591.2,3591.2,3591.2,1097.3,1097.3,3591.2,1097.3,99.8,4090.0,310.5,178.2,492.0,41.6,0.1,722.9,0.3,7.8,4475.3,13.6,0.1,2.4,223.5,0.5,0.5,0.5,0.5,13.7,1.4,1.2,33.4,385.0,9.5,9.8,26.0,1.3,26.7,20.4,0.0,0.0,94.1,0.0,0.0,0.0,7.8,0.0,0.0,0.0,0.0,0.1,0.0,0.0,3.1,94.1,9.5,100.0,12.2,7.6,20.7,1.9,0.0,29.4,0.0,0.6,170.2,0.5,0.0,0.2,9.3,0.0,0.0,0.0,0.0,0.8,0.1,0.1,1.8,12.2,32.9,47.0,14.0,47.0,47.0,47.0,45.0,36.0,36.0,36.0,36.0,11.0,11.0,36.0,11.0,41.0,62,63,63,63,66,59,61,60,60,60,60,62,62,62,62,38,37,37,37,34,41,39,40,40,40,40,38,38,38,38,74,66,No,No,No,No,No,No,No,No,No,No,No,No,No,No,No,No,No,No,No,No,No,No,No,No,No,No,No,No,No,No,No,No,No,No,No,No,No,No,No,No,No,No,No,No,No,No,No,No,75,66,64,1.100,11.813,13.103,7.377,0.001,4.409,0.428,175.0,175.0,175.0,175.0,0,0.0,8.1,9.3,25.0,2.2,0.0,20.1,0.0,0.2,94.0,0.3,0.0,0.1,7.4,0.0,0.0,0.0,0.0,1.1,0.1,0.1,2.6,9.2,37.3,2.9,70.9,5.5,0.0,12.3,0.0,0.0,0.0,0.0,0.0,0.0,0.0,0.0,56.8,0.0,0.0,0.2,0.2,0.0,0.0,99.8,99.8,99.8,99.9,98.7,99.8,99.8,97.1,49.5,23.1,93.9,5.1,0.0,99.5,75.3,2394.1,24.00,36,35,35,68,103,383,2,2,Yes,No,No,No,No,No,No,No,No,No,Yes,No,No,Yes,No,No,No,No,No,No,No,Yes,No,No,No,No,No,Yes,No,No,No,No,No,No,No,Yes,No,No,85.0,3900,3300,3720,57.0,1.110,1.110,1.815,1.815,0.975,5.110,0.750,No,No,No,57.2,1.110,1.110,1.815,1.815,0.975,5.110,0.875,No,No,No,46,46,94.0,100.0,No,No,32159,47986,36,70,99.0,100.0,No,No,1844,3246,0.1,1.1,1.3,0.020,0.023,95926,52253,0.0,0.0,0.0,0.000,0.000,164001,82786,70.9,76.0,76.0,83.0,0.875,20.650,20.633,20.668,58.041,32.858,40.021,24.986,65.062,3.000,27.989,36.236,32.711,100.000,140.000,2250.0,2150.2,1890.0,2236.9,1905.0,93.0,57.0,0.0,0.0,92.5,24.6,98.3,0.0,0.0,0.0,Yes,No,No,No,No,Yes,No,0,0,0,0,0,0,0,0,0,0,0,0,0,0,0,0,0,0,0,0,0,0,0,0,0,0,0,0,0,0,617,7571,7338,553,16.0,64,0.300,12.796,600.0,2394.0,0.1,0.0,0.0,0.0,0.0,0.0,0.0,0.0,0.8,127,16065,127,No,No,No,No,No,No,No,No,16.747,68.277,100.0,0.000,24.1,0,0,0,0.0,2.5,2.5,2.5,2.5,2.5,2.5,2.5,2.5,2.5,2.5,2.5,2.5,394.84,394.84,394.84,394.84,394.84,394.84,389.02,6.78,394.48,0.36,604.50,651,9,1.0,0.0,0,0,0.0,0.0,0,
9.6.2026,14:19:1.634,23789,24979,48.7,14325,18059,44.2,10.5,16384,1720,1.181,1.192,1.172,1.168,1.163,1.143,1.153,1.198,1.198,1.202,1.187,1.172,1.187,1.187,1.212,1.101,0.783,1902.5,1396.6,1396.6,1396.6,4688.5,4489.0,4489.0,1097.3,1097.3,1097.3,1097.3,1097.3,1097.3,1097.3,1097.3,99.8,4090.0,315.2,179.7,482.1,51.6,0.5,1005.3,0.5,6.9,4179.2,3.3,0.5,2.4,196.0,0.7,0.7,0.7,0.7,39.9,0.7,0.7,152.0,381.9,10.5,9.3,33.9,4.2,7.6,24.9,0.0,3.5,89.0,1.3,0.0,3.5,6.6,1.3,1.3,1.3,1.3,4.7,1.3,1.3,13.1,89.0,10.5,100.0,12.5,7.8,20.2,2.4,0.0,40.3,0.0,0.6,159.2,0.2,0.0,0.2,8.3,0.1,0.1,0.1,0.1,2.2,0.1,0.1,8.2,12.5,19.1,14.0,14.0,14.0,47.0,45.0,45.0,11.0,11.0,11.0,11.0,11.0,11.0,11.0,11.0,41.0,61,62,63,62,66,61,57,60,60,60,60,61,61,61,61,39,38,37,38,34,39,43,40,40,40,40,39,39,39,39,75,66,No,No,No,No,No,No,No,No,No,No,No,No,No,No,No,No,No,No,No,No,No,No,No,No,No,No,No,No,No,No,No,No,No,No,No,No,No,No,No,No,No,No,No,No,No,No,No,No,74,64,64,1.100,8.438,12.921,7.230,0.001,4.384,0.427,175.0,175.0,175.0,175.0,0,0.0,9.2,9.6,32.9,2.9,0.0,25.3,0.0,0.2,89.0,0.1,0.0,0.1,7.1,0.1,0.1,0.1,0.1,3.5,0.1,0.1,13.2,9.6,39.8,1.9,67.6,10.5,0.0,15.2,0.0,0.0,0.0,0.0,0.0,0.0,0.0,0.0,55.8,0.0,0.0,0.1,0.0,0.0,0.0,99.7,99.7,99.7,99.7,96.2,99.7,99.8,86.3,47.1,13.0,94.0,3.3,0.0,99.6,72.9,1795.6,18.00,26,26,26,51,103,287,2,2,Yes,No,No,No,No,No,No,No,No,No,Yes,No,No,Yes,No,No,No,No,No,No,No,Yes,No,No,No,No,No,Yes,No,No,No,No,No,No,No,Yes,No,No,86.0,3840,3300,3780,56.8,1.095,1.110,1.815,1.815,0.975,5.110,0.625,No,No,No,57.2,1.110,1.110,1.815,1.815,0.975,5.110,0.875,No,No,No,46,46,94.0,100.0,No,No,32159,47986,36,70,99.0,100.0,No,No,1844,3246,0.0,1.1,1.1,0.000,0.026,95926,52253,0.0,0.0,0.0,0.000,0.000,164001,82786,68.9,78.0,73.9,83.0,0.875,20.661,20.648,20.675,59.112,26.054,35.069,21.536,56.690,3.000,24.526,22.083,19.472,100.000,140.000,2250.0,2150.2,1890.0,2236.0,1905.0,86.0,48.0,0.0,0.0,92.5,25.0,100.0,0.0,0.0,0.0,Yes,No,No,No,No,Yes,No,0,0,0,0,0,0,0,0,0,0,0,0,0,0,0,0,0,0,0,0,0,0,0,0,0,0,0,0,0,0,617,7571,7338,567,16.0,64,0.300,13.398,600.0,2394.0,0.1,0.0,0.0,0.0,0.0,0.0,0.0,0.0,0.8,127,16065,127,No,No,No,No,No,No,No,No,16.747,68.277,100.0,0.000,24.1,0,0,0,0.0,1.3,1.3,1.3,1.3,1.3,1.3,1.3,1.3,1.3,1.3,1.3,1.3,763.03,763.03,763.03,763.03,763.03,763.03,0.91,762.68,763.03,0.00,697.34,651,9,1.1,0.1,0,0,0.0,0.0,0,
9.6.2026,14:19:3.625,23782,24985,48.7,14380,18003,44.4,10.5,16384,1720,1.193,1.217,1.189,1.174,1.179,1.184,1.214,1.212,1.167,1.207,1.212,1.182,1.186,1.186,1.186,1.101,0.778,2166.1,4688.5,4688.5,1396.6,4688.5,4688.5,1396.6,1097.3,1097.3,1097.3,1097.3,1097.3,1097.3,1097.3,1097.3,99.8,4090.0,324.9,198.6,320.1,226.2,0.3,1267.4,0.3,7.0,3877.6,12.7,0.1,2.3,219.2,7.9,11.4,0.5,0.4,96.1,54.6,22.0,172.5,384.5,9.4,9.3,22.7,8.6,0.6,30.3,0.0,0.0,82.2,0.0,0.6,0.0,7.4,0.0,0.0,0.0,0.0,7.6,3.2,0.2,15.4,82.2,9.4,100.0,13.0,8.4,13.5,9.6,0.0,49.8,0.0,0.6,147.9,0.5,0.0,0.2,9.1,0.5,0.6,0.0,0.0,5.2,2.9,1.2,9.3,13.0,21.7,47.0,47.0,14.0,47.0,47.0,14.0,11.0,11.0,11.0,11.0,11.0,11.0,11.0,11.0,41.0,61,62,62,62,66,61,57,60,60,60,60,61,61,61,61,39,38,38,38,34,39,43,40,40,40,40,39,39,39,39,75,66,No,No,No,No,No,No,No,No,No,No,No,No,No,No,No,No,No,No,No,No,No,No,No,No,No,No,No,No,No,No,No,No,No,No,No,No,No,No,No,No,No,No,No,No,No,No,No,No,75,66,64,1.100,7.594,13.593,7.835,0.001,4.440,0.429,175.0,175.0,175.0,175.0,0,0.0,9.8,9.5,22.1,10.0,0.0,30.6,0.0,0.2,82.2,0.4,0.0,0.1,7.7,0.7,1.0,0.1,0.0,8.5,4.9,1.9,15.4,10.4,44.1,11.3,63.6,15.7,0.0,11.3,0.0,0.0,0.0,0.0,0.0,0.0,0.0,0.0,54.8,0.0,0.0,0.4,0.7,0.0,0.0,99.1,98.8,99.8,99.8,91.2,94.9,97.9,84.1,45.5,18.9,76.1,2.2,0.5,99.3,76.1,1795.6,18.00,26,26,26,51,103,287,2,2,Yes,No,No,No,No,No,No,No,No,No,Yes,No,No,Yes,No,No,No,No,No,No,No,Yes,No,No,No,No,No,Yes,No,No,No,No,No,No,No,Yes,No,No,86.0,3840,3240,3780,56.8,1.095,1.110,1.815,1.815,0.975,5.110,0.625,No,No,No,57.2,1.095,1.110,1.815,1.815,0.975,5.110,0.625,No,No,No,46,46,94.0,100.0,No,No,32159,47986,36,70,99.0,100.0,No,No,1844,3246,0.2,1.2,1.4,0.016,0.020,95926,52253,0.0,0.0,0.0,0.000,0.000,164001,82786,70.6,78.0,75.7,83.0,0.875,20.651,20.634,20.668,59.298,31.901,38.434,24.822,63.326,3.000,27.819,34.366,31.537,100.000,140.000,2250.0,2150.2,1890.0,2232.3,1905.0,89.0,58.0,0.0,1.0,92.5,20.5,82.2,0.0,0.0,0.0,Yes,No,No,No,No,Yes,No,0,0,0,0,0,0,0,0,0,0,0,0,0,0,0,0,0,0,0,0,0,0,0,0,0,0,0,0,0,0,617,7571,7338,567,16.0,64,0.300,13.183,550.0,1795.0,0.1,0.0,0.0,0.0,0.0,0.0,0.0,0.0,0.8,127,16065,127,No,No,No,No,No,No,No,No,16.747,68.277,100.0,0.000,24.1,0,0,0,0.0,2.5,2.5,2.5,2.5,2.5,2.5,2.5,2.5,2.5,2.5,2.5,2.5,396.11,396.11,396.11,396.11,396.11,396.11,0.28,395.82,396.11,0.00,15.87,651,9,0.0,0.2,0,0,0.0,0.0,0,
9.6.2026,14:19:5.634,23925,24843,49.0,15122,17261,46.6,10.5,16384,1720,0.987,0.969,0.998,0.999,1.027,1.004,1.009,0.985,0.969,0.970,0.970,0.980,0.980,0.980,0.980,0.898,0.783,3199.3,3691.0,3790.7,3790.7,3890.5,3790.7,3790.7,2992.7,1097.3,2992.7,2992.7,2992.7,2992.7,2992.7,2992.7,99.8,3092.4,668.3,425.3,792.4,425.9,330.3,1417.2,514.3,375.8,3701.9,484.7,376.4,403.1,774.3,399.8,411.3,405.6,381.2,427.8,429.5,417.9,470.9,726.2,16.7,12.3,24.8,12.3,5.9,32.6,47.3,8.1,79.8,9.0,5.7,8.4,16.0,9.0,9.2,9.1,7.2,7.9,8.8,8.3,11.7,79.8,16.7,100.0,21.9,17.1,31.9,14.8,8.3,52.8,14.4,8.9,141.3,12.4,8.0,9.0,22.9,11.5,11.4,11.1,9.7,12.5,12.6,11.9,15.0,21.8,32.1,37.0,38.0,38.0,39.0,38.0,38.0,30.0,11.0,30.0,30.0,30.0,30.0,30.0,30.0,31.0,70,71,73,73,70,72,70,70,70,70,70,68,68,68,68,30,29,27,27,30,28,30,30,30,30,30,32,32,32,32,77,73,No,No,No,No,No,No,No,No,No,No,No,No,No,No,No,No,No,No,No,No,No,No,No,No,No,No,No,No,No,No,Yes,Yes,Yes,Yes,Yes,Yes,Yes,Yes,Yes,Yes,Yes,Yes,Yes,Yes,Yes,No,No,Yes,77,77,65,1.100,49.782,13.122,7.387,0.001,4.421,0.430,175.0,175.0,175.0,175.0,0,0.0,18.0,12.5,24.6,12.4,8.3,35.1,12.4,9.4,80.6,12.0,9.5,10.2,21.4,13.5,14.1,14.0,12.3,13.6,13.7,13.3,17.8,10.2,46.2,5.9,52.8,16.9,0.0,20.9,0.0,0.0,0.0,0.0,0.0,0.0,0.2,0.5,49.3,0.1,2.1,1.5,1.3,0.0,2.0,86.0,85.5,85.6,87.3,85.9,85.6,85.9,81.0,39.5,17.8,76.4,4.1,0.0,86.6,51.8,2394.1,24.00,36,35,35,68,103,383,2,2,Yes,No,No,No,No,No,No,No,No,Yes,Yes,No,No,Yes,No,No,No,No,No,No,No,Yes,No,No,No,No,No,Yes,No,No,No,No,No,No,No,Yes,No,No,86.0,3840,3240,3780,56.8,1.095,1.110,1.800,1.815,0.975,5.110,0.750,No,No,No,57.2,1.095,1.110,1.800,1.815,0.975,5.110,0.750,No,No,No,46,46,94.0,100.0,No,No,32159,47986,36,70,99.0,100.0,No,No,1844,3246,0.0,0.6,0.6,0.000,0.078,95926,52253,0.0,0.0,0.0,0.000,0.000,164001,82786,62.7,74.0,69.6,83.0,0.875,20.726,20.726,20.725,59.466,9.942,10.114,8.891,19.005,3.000,11.892,8.329,8.364,100.000,140.000,2250.0,2150.2,1890.0,2233.5,1905.0,1.0,0.0,0.0,0.0,85.6,25.0,100.0,0.0,0.0,0.0,Yes,No,No,No,No,Yes,No,0,0,0,0,0,0,0,0,0,0,0,0,0,0,0,0,0,0,0,0,0,0,0,0,0,0,0,0,0,0,1175,7013,6780,567,16.0,64,0.300,14.568,550.0,1795.0,0.1,0.0,0.0,0.0,0.0,0.0,0.0,0.0,0.8,127,16065,127,No,No,No,No,No,No,No,No,16.746,68.277,100.0,0.000,24.1,0,0,0,0.0,5.0,825.7,1.8,1.8,1.8,1.8,5.0,38.8,1.8,1.8,1.8,1.8,198.87,560.84,1.21,0.44,568.99,568.99,0.39,198.40,198.87,0.00,267.90,651,9,0.2,0.1,0,0,0.0,0.0,0,
9.6.2026,14:19:7.628,23930,24837,49.0,13914,18470,42.9,10.5,16384,1720,1.179,1.152,1.190,1.175,1.175,1.200,1.198,1.168,1.183,1.198,1.168,1.168,1.193,1.158,1.178,1.101,0.778,2935.7,1396.6,4688.5,4688.5,4688.5,4688.5,4688.5,1097.3,1097.3,1097.3,1097.3,3591.2,3591.2,1097.3,3591.2,99.8,4090.0,858.0,942.8,1311.1,1016.0,732.7,2562.9,933.8,645.2,3265.5,726.8,391.2,510.3,1131.6,316.0,331.6,326.8,295.4,367.3,407.9,396.1,548.8,965.0,25.5,28.1,40.3,31.6,22.1,64.8,0.0,0.0,75.7,22.4,14.0,0.0,37.4,16.7,17.4,18.2,15.8,20.9,22.2,22.9,38.6,75.7,25.5,100.0,42.5,37.7,51.9,42.5,32.4,101.9,41.1,30.5,128.4,34.2,21.5,26.2,52.4,27.6,29.0,28.8,27.1,30.9,33.0,32.5,41.3,42.6,29.4,14.0,47.0,47.0,47.0,47.0,47.0,11.0,11.0,11.0,11.0,36.0,36.0,11.0,36.0,41.0,62,65,62,69,60,61,58,61,61,61,61,62,62,62,62,38,35,38,31,40,39,42,39,39,39,39,38,38,38,38,75,69,No,No,No,No,No,No,No,No,No,No,No,No,No,No,No,No,No,No,No,No,No,No,No,No,No,No,No,No,No,No,Yes,Yes,Yes,Yes,Yes,Yes,Yes,Yes,Yes,Yes,Yes,Yes,Yes,Yes,Yes,No,No,Yes,76,67,65,1.100,20.250,21.283,15.233,0.001,4.641,0.495,175.0,175.0,175.0,175.0,0,0.0,24.3,27.4,39.6,30.5,18.6,62.2,22.7,16.2,73.2,18.2,10.4,13.2,31.1,11.1,11.4,12.2,9.8,14.4,16.2,16.5,30.4,8.7,20.9,11.0,18.0,21.1,6.4,25.0,3.3,2.1,3.1,2.3,3.0,1.6,2.2,1.8,47.5,3.5,4.0,3.5,0.4,0.5,5.1,84.8,85.7,83.8,87.3,81.6,81.1,79.9,64.4,29.8,19.7,47.9,6.3,0.0,73.4,31.3,2394.1,24.00,36,35,35,68,103,383,2,2,Yes,No,No,No,No,No,No,No,No,Yes,Yes,No,No,Yes,No,No,No,No,No,No,No,Yes,No,No,No,No,No,Yes,No,No,No,No,No,No,No,Yes,No,No,86.0,3900,3120,3780,57.0,1.095,1.110,1.800,1.800,0.975,5.110,1.000,No,No,No,57.2,1.095,1.110,1.800,1.800,0.975,5.110,2.000,No,No,No,46,46,94.0,100.0,No,No,32159,47986,36,70,99.0,100.0,No,No,1844,3246,0.0,1.4,1.4,0.000,0.274,95926,52253,0.0,0.0,0.0,0.000,0.000,164001,82786,62.4,70.0,68.8,83.0,0.875,20.717,20.714,20.721,22.267,16.574,21.299,8.638,30.004,3.000,11.640,26.938,14.501,100.000,140.000,2250.0,2150.2,1890.0,2245.5,1905.0,60.0,13.0,0.0,5.0,77.8,0.1,0.3,0.0,0.0,0.0,Yes,No,No,No,No,Yes,No,0,0,0,0,0,0,0,0,0,0,0,0,0,0,0,0,0,0,0,0,0,0,0,0,0,0,0,0,0,0,1815,6373,7100,567,16.0,64,0.300,35.920,550.0,2394.0,0.1,0.0,0.0,0.0,0.0,0.0,0.0,0.0,0.8,127,16065,127,No,No,No,No,No,No,No,No,16.746,68.277,100.0,0.000,24.1,0,0,0,0.0,5.0,825.7,1.8,1.8,1.8,1.8,5.0,38.8,1.8,1.8,1.8,1.8,198.87,560.84,1.21,0.44,568.99,568.99,0.39,198.40,198.87,0.00,267.90,651,9,0.1,0.1,0,0,0.0,0.0,0,
9.6.2026,14:19:9.638,23829,24939,48.8,14056,18328,43.4,10.5,16384,1720,1.202,1.195,1.216,1.171,1.201,1.186,1.186,1.181,1.221,1.221,1.188,1.223,1.208,1.213,1.213,1.101,0.783,3441.6,4688.5,798.0,4688.5,4888.0,4688.5,4688.5,3591.2,3591.2,3591.2,3591.2,1097.3,1097.3,3591.2,3591.2,99.8,4090.0,347.8,166.0,842.0,111.5,3.1,1285.4,0.2,7.4,3979.6,14.8,0.1,2.9,298.6,11.7,0.6,0.5,0.5,55.6,36.5,17.6,120.7,420.3,11.8,6.1,32.0,7.9,0.0,31.0,0.0,21.4,85.3,0.0,0.4,21.4,9.1,1.4,0.4,0.4,0.4,4.1,3.4,1.9,10.3,85.3,11.8,100.0,13.9,7.2,35.2,5.0,0.2,52.4,0.0,0.6,151.6,0.6,0.0,0.2,12.4,0.6,0.1,0.0,0.0,3.0,2.0,1.0,6.5,13.9,34.5,47.0,8.0,47.0,49.0,47.0,47.0,36.0,36.0,36.0,36.0,11.0,11.0,36.0,36.0,41.0,61,60,63,63,62,59,60,61,61,61,61,61,61,61,61,39,40,37,37,38,41,40,39,39,39,39,39,39,39,39,75,63,No,No,No,No,No,No,No,No,No,No,No,No,No,No,No,No,No,No,No,No,No,No,No,No,No,No,No,No,No,No,No,No,No,No,No,No,No,No,No,No,No,No,No,No,No,No,No,No,75,64,64,1.100,6.750,31.539,25.008,0.001,5.043,0.627,175.0,175.0,175.0,175.0,0,0.0,9.5,6.5,30.4,6.0,0.1,30.8,0.0,0.2,85.4,0.4,0.0,0.1,9.6,1.0,0.0,0.0,0.0,4.5,3.1,1.5,10.4,12.2,55.9,10.1,64.9,13.5,0.0,26.6,0.0,0.0,0.0,0.0,0.0,0.0,0.0,0.0,55.6,0.4,0.0,0.2,0.1,0.0,0.0,98.9,99.8,99.8,99.8,95.2,96.7,98.3,89.1,40.4,2.4,81.5,0.8,0.0,99.4,58.3,2394.1,24.00,36,35,35,68,103,383,2,2,Yes,No,No,No,No,No,No,No,No,No,Yes,No,No,Yes,No,No,No,No,No,No,No,Yes,No,No,No,No,No,Yes,No,No,No,No,No,No,No,Yes,No,No,84.0,4140,3000,3960,57.0,1.095,1.110,1.800,1.800,1.005,5.110,1.000,No,No,No,57.5,1.095,1.110,1.800,1.800,1.005,5.110,0.750,No,No,No,46,46,94.0,100.0,No,No,32159,47986,36,70,99.0,100.0,No,No,1844,3246,0.0,1.1,1.1,0.000,0.306,95926,52254,0.0,0.0,0.0,0.000,0.000,164001,82786,70.1,76.0,75.0,83.0,0.875,20.647,20.633,20.660,64.544,26.772,36.812,21.355,58.241,3.000,24.339,11.495,32.159,100.000,140.000,2250.0,2150.2,1890.0,2239.9,1905.0,92.0,58.0,0.0,0.0,93.4,25.0,100.0,0.0,0.0,0.0,Yes,No,No,No,No,Yes,No,0,0,0,0,0,0,0,0,0,0,0,0,0,0,0,0,0,0,0,0,0,0,0,0,0,0,0,0,0,0,539,7649,7416,567,16.0,65,0.300,16.877,550.0,2394.0,0.1,0.0,0.0,0.0,0.0,0.0,0.0,0.0,0.8,127,16065,127,No,No,No,No,No,No,No,No,16.746,68.277,100.0,0.000,24.1,0,0,0,0.0,5.0,825.7,1.8,1.8,1.8,1.8,5.0,38.8,1.8,1.8,1.8,1.8,198.87,560.84,1.21,0.44,568.99,568.99,0.39,198.40,198.87,0.00,267.90,651,9,0.1,0.0,0,0,0.0,0.0,0,
9.6.2026,14:19:11.632,23739,25029,48.6,14108,18276,43.5,10.5,16384,1720,1.174,1.190,1.141,1.141,1.166,1.151,1.141,1.197,1.197,1.182,1.182,1.182,1.182,1.195,1.190,1.101,0.778,2301.5,1396.6,4489.0,4489.0,4688.5,4489.0,1396.6,1097.3,1097.3,1097.3,1097.3,1097.3,1097.3,3591.2,1097.3,99.8,4090.0,334.1,173.2,349.3,273.1,0.2,1140.9,0.2,7.1,4301.8,29.2,0.0,2.2,208.8,0.4,0.4,0.4,0.4,42.2,14.7,4.9,133.4,405.5,10.6,8.6,24.8,16.8,0.0,27.9,0.0,2.8,91.1,3.4,0.0,2.8,7.9,1.2,1.2,1.2,1.2,4.7,2.3,1.5,12.0,91.1,10.6,100.0,13.2,7.5,14.7,11.4,0.0,45.5,0.0,0.6,163.8,1.2,0.0,0.2,8.9,0.0,0.0,0.0,0.0,2.3,0.8,0.3,7.2,13.2,23.1,14.0,45.0,45.0,47.0,45.0,14.0,11.0,11.0,11.0,11.0,11.0,11.0,36.0,11.0,41.0,61,63,63,62,64,59,61,60,60,60,60,61,61,61,61,39,37,37,38,36,41,39,40,40,40,40,39,39,39,39,74,64,No,No,No,No,No,No,No,No,No,No,No,No,No,No,No,No,No,No,No,No,No,No,No,No,No,No,No,No,No,No,No,No,No,No,No,No,No,No,No,No,No,No,No,No,No,No,No,No,75,66,64,1.100,10.125,14.910,9.069,0.001,4.520,0.437,175.0,175.0,175.0,175.0,0,0.0,9.6,8.3,23.7,15.9,0.0,27.8,0.0,0.2,91.0,0.7,0.0,0.1,7.7,0.0,0.0,0.0,0.0,3.6,1.1,0.4,11.5,9.8,41.8,7.5,66.5,8.4,0.0,13.3,0.0,0.0,0.0,0.0,0.0,0.0,0.0,0.0,55.9,0.0,0.0,0.4,0.0,0.0,0.0,99.8,99.8,99.8,99.8,96.1,98.7,99.5,88.1,44.9,21.9,73.2,1.9,0.0,98.8,73.7,2194.6,22.00,32,32,32,62,103,351,2,2,Yes,No,No,No,No,No,No,No,No,No,Yes,No,No,Yes,No,No,No,No,No,No,No,Yes,No,No,No,No,No,Yes,No,No,No,No,No,No,No,Yes,No,No,86.0,4140,3000,4020,57.0,1.095,1.110,1.800,1.800,1.005,5.110,0.625,No,No,No,57.5,1.095,1.110,1.800,1.800,1.005,5.110,0.750,No,No,No,46,46,94.0,100.0,No,No,32159,47986,36,70,99.0,100.0,No,No,1844,3246,0.0,1.1,1.1,0.000,0.022,95926,52254,0.0,0.0,0.0,0.000,0.000,164001,82786,70.2,76.0,75.2,83.0,0.875,20.633,20.617,20.648,54.272,29.036,40.042,24.349,64.463,3.000,27.335,9.249,34.815,100.000,140.000,2250.0,2150.2,1890.0,2240.1,1905.0,88.0,55.0,0.0,0.0,92.5,25.0,100.0,0.0,0.0,0.0,Yes,No,No,No,No,Yes,No,0,0,0,0,0,0,0,0,0,0,0,0,0,0,0,0,0,0,0,0,0,0,0,0,0,0,0,0,0,0,617,7571,7338,567,16.0,64,0.300,14.206,600.0,2394.0,0.1,0.0,0.0,0.0,0.0,0.0,0.0,0.0,0.8,127,16065,127,No,No,No,No,No,No,No,No,16.747,68.277,100.0,0.000,24.1,0,0,0,0.0,9.0,9.0,9.0,9.0,9.0,9.0,9.0,9.0,9.0,9.0,9.0,9.0,111.44,111.44,111.44,111.44,111.44,111.44,110.91,1.34,111.12,0.32,269.97,651,9,0.1,0.0,0,0,0.0,0.0,0,
9.6.2026,14:19:13.626,23734,25034,48.6,14128,18256,43.6,10.5,16384,1720,1.182,1.208,1.193,1.183,1.159,1.179,1.179,1.181,1.181,1.186,1.176,1.166,1.181,1.185,1.185,1.101,0.783,2636.4,4688.5,4688.5,4688.5,4688.5,4688.5,4688.5,1097.3,1097.3,1097.3,1097.3,1097.3,1097.3,1097.3,1097.3,99.8,4090.0,306.9,205.6,90.4,172.1,0.2,954.7,0.2,3339.8,985.9,16.7,0.1,0.9,27.5,63.5,96.4,25.8,32.0,19.7,19.7,1.0,85.4,375.7,7.1,8.8,0.0,7.2,11.3,22.5,0.0,70.0,0.0,0.0,0.0,0.0,0.6,5.4,7.1,0.9,1.5,0.3,0.4,0.0,6.3,70.0,7.1,100.0,12.3,8.9,3.8,7.6,0.0,38.9,0.0,128.0,37.6,0.7,0.0,0.1,1.2,3.5,5.2,1.4,1.7,1.1,1.1,0.1,4.6,12.3,26.4,47.0,47.0,47.0,47.0,47.0,47.0,11.0,11.0,11.0,11.0,11.0,11.0,11.0,11.0,41.0,61,61,59,63,66,59,60,61,60,60,60,61,61,61,60,39,39,41,37,34,41,40,39,40,40,40,39,39,39,40,74,66,No,No,No,No,No,No,No,No,No,No,No,No,No,No,No,No,No,No,No,No,No,No,No,No,No,No,No,No,No,No,No,No,No,No,No,No,No,No,No,No,No,No,No,No,No,No,No,No,74,67,64,1.100,8.438,13.798,8.018,0.001,4.456,0.434,175.0,175.0,175.0,175.0,0,0.0,8.3,8.7,6.1,7.0,0.0,22.7,0.0,69.4,20.8,0.5,0.0,0.1,1.2,5.2,8.4,2.2,2.8,1.7,1.7,0.1,7.6,8.3,29.3,11.6,62.6,8.5,1.0,3.3,0.0,0.0,0.0,0.0,0.0,0.0,0.0,0.0,55.0,0.0,0.0,0.8,0.3,0.0,0.0,94.4,91.4,97.6,97.0,98.1,98.1,99.8,92.2,55.3,52.2,77.6,9.6,0.1,98.0,94.4,997.6,10.00,22,15,15,28,103,160,2,2,Yes,No,No,No,No,No,No,No,No,No,Yes,No,No,Yes,No,No,No,No,No,No,No,Yes,No,No,No,No,No,Yes,No,No,No,No,No,No,No,Yes,No,No,84.0,4080,3060,3960,57.0,1.095,1.110,1.800,1.800,1.005,5.110,0.875,No,No,No,57.2,1.110,1.110,1.800,1.800,1.005,5.110,0.750,No,No,No,45,45,94.0,100.0,No,No,32159,47986,36,70,99.0,100.0,No,No,1844,3246,0.0,0.8,0.8,0.000,0.088,95926,52254,0.0,0.0,0.0,0.000,0.000,164001,82786,70.3,76.0,75.2,83.0,0.875,20.647,20.635,20.660,57.598,30.235,37.312,22.719,60.100,3.000,25.701,33.480,29.333,100.000,140.000,2250.0,2150.2,1890.0,2237.4,1905.0,90.0,44.0,0.0,0.0,92.5,25.0,99.9,0.0,0.0,0.0,Yes,No,No,No,No,Yes,No,0,0,0,0,0,0,0,0,0,0,0,0,0,0,0,0,0,0,0,0,0,0,0,0,0,0,0,0,0,0,617,7571,7338,567,16.0,63,0.300,13.476,600.0,2194.0,0.1,0.0,0.0,0.0,0.0,0.0,0.0,0.0,0.8,127,16065,127,No,No,No,No,No,No,No,No,16.746,68.277,100.0,0.000,24.1,0,0,0,0.0,8.9,8.9,8.9,8.9,8.9,8.9,11.1,11.1,11.1,11.1,11.1,11.1,112.47,112.47,112.47,112.47,112.47,112.47,0.26,112.23,112.47,0.00,325.41,651,9,0.0,0.2,0,0,0.0,0.0,0,
9.6.2026,14:19:15.627,23741,25027,48.6,14163,18221,43.7,10.5,16384,1720,1.206,1.190,1.177,1.177,1.202,1.192,1.197,1.227,1.207,1.222,1.222,1.222,1.215,1.215,1.215,1.063,0.783,2892.9,1396.6,1396.6,4688.5,4888.0,4688.5,4688.5,3591.2,1097.3,1097.3,1097.3,1097.3,3591.2,3591.2,3591.2,99.8,3890.5,299.5,222.5,0.4,91.1,0.3,1203.6,0.4,4194.9,0.4,8.9,0.2,3.5,0.3,97.6,112.1,34.8,12.6,4.0,0.6,0.6,1.3,374.0,17.8,8.8,39.8,2.9,28.0,28.0,47.2,88.8,39.0,1.3,40.1,1.8,0.0,6.9,10.1,3.9,2.0,2.0,1.7,1.7,1.7,88.8,17.8,100.0,12.0,9.6,0.0,3.9,0.0,49.9,0.0,161.4,0.0,0.4,0.0,0.2,0.0,5.3,6.0,1.9,0.7,0.2,0.1,0.1,0.1,12.0,29.0,14.0,14.0,47.0,49.0,47.0,47.0,36.0,11.0,11.0,11.0,11.0,36.0,36.0,36.0,39.0,62,61,62,62,66,61,59,61,62,62,62,62,62,62,61,38,39,38,38,34,39,41,39,38,38,38,38,38,38,39,75,66,No,No,No,No,No,No,No,No,No,No,No,No,No,No,No,No,No,No,No,No,No,No,No,No,No,No,No,No,No,No,No,No,No,No,No,No,No,No,No,No,No,No,No,No,No,No,No,No,75,64,64,1.100,8.438,13.354,7.609,0.001,4.432,0.428,175.0,175.0,175.0,175.0,0,0.0,7.5,8.7,0.0,3.5,0.0,28.6,0.0,87.8,0.0,0.4,0.0,0.1,0.0,7.4,9.1,3.0,1.1,0.4,0.1,0.1,0.1,8.5,40.1,5.6,61.6,10.8,0.8,0.0,0.0,0.0,0.0,0.0,0.0,0.0,0.0,0.0,55.6,0.0,0.0,1.7,0.0,0.0,0.0,92.1,90.5,96.8,98.7,99.5,99.8,99.8,99.8,56.4,47.5,89.4,3.2,0.0,98.4,99.7,2394.1,24.00,36,35,35,68,103,383,2,2,Yes,No,No,No,No,No,No,No,No,No,Yes,No,No,Yes,No,No,No,No,No,No,No,Yes,No,No,No,No,No,Yes,No,No,No,No,No,No,No,Yes,No,No,85.0,3900,3180,3780,57.0,1.095,1.110,1.800,1.800,1.005,5.110,0.750,No,No,No,57.2,1.095,1.110,1.800,1.800,1.005,5.110,0.750,No,No,No,45,45,94.0,100.0,No,No,32159,47986,36,70,99.0,100.0,No,No,1844,3246,0.0,1.2,1.2,0.000,0.077,95926,52254,0.0,0.0,0.0,0.000,0.000,164001,82786,69.7,74.0,74.6,83.0,0.875,20.664,20.650,20.677,54.518,31.025,33.294,21.538,54.898,3.000,24.518,50.921,29.007,100.000,140.000,2250.0,2150.2,1890.0,2237.0,1905.0,84.0,50.0,0.0,1.0,92.5,25.0,100.0,0.0,0.0,0.0,Yes,No,No,No,No,Yes,No,0,0,0,0,0,0,0,0,0,0,0,0,0,0,0,0,0,0,0,0,0,0,0,0,0,0,0,0,0,0,617,7571,7338,567,16.0,64,0.300,12.531,600.0,997.0,0.1,0.0,0.0,0.0,0.0,0.0,0.0,0.0,0.8,127,16065,127,No,No,No,No,No,No,No,No,16.746,68.277,100.0,0.000,24.1,0,0,0,0.0,1.6,1.6,1.6,1.6,1.6,1.6,1.6,1.6,1.6,1.6,1.6,1.6,612.11,612.11,612.11,612.11,612.11,612.11,0.79,611.16,612.11,0.00,181.76,651,9,0.1,0.3,0,0,0.0,0.0,0,
9.6.2026,14:19:17.627,23734,25034,48.6,14219,18165,43.9,10.5,16384,1720,1.189,1.185,1.200,1.185,1.200,1.211,1.196,1.201,1.185,1.190,1.180,1.165,1.165,1.210,1.182,1.101,0.778,2757.5,4688.5,4688.5,4688.5,4688.5,4688.5,1396.6,3591.2,3591.2,1097.3,1097.3,1097.3,1097.3,1097.3,1097.3,99.8,4090.0,293.4,176.4,0.2,71.2,0.2,953.1,0.3,4514.0,0.2,11.4,0.1,0.5,0.1,120.7,15.7,1.0,0.4,0.4,0.4,0.4,0.5,366.6,6.8,6.5,0.0,2.3,0.0,23.1,0.0,94.8,0.1,0.0,0.0,0.0,0.1,9.4,0.4,0.0,0.0,0.0,0.0,0.0,0.0,94.8,6.8,100.0,11.7,7.7,0.0,3.0,0.0,40.9,0.0,173.6,0.0,0.5,0.0,0.0,0.0,6.5,0.9,0.1,0.0,0.0,0.0,0.0,0.0,11.7,27.6,47.0,47.0,47.0,47.0,47.0,14.0,36.0,36.0,11.0,11.0,11.0,11.0,11.0,11.0,41.0,61,62,63,62,66,61,58,61,61,61,61,61,61,61,61,39,38,37,38,34,39,42,39,39,39,39,39,39,39,39,74,66,No,No,No,No,No,No,No,No,No,No,No,No,No,No,No,No,No,No,No,No,No,No,No,No,No,No,No,No,No,No,No,No,No,No,No,No,No,No,No,No,No,No,No,No,No,No,No,No,74,69,64,1.100,4.219,12.777,7.002,0.001,4.462,0.429,175.0,175.0,175.0,175.0,0,0.0,6.9,7.1,0.0,2.9,0.0,23.2,0.0,93.7,0.0,0.4,0.0,0.0,0.0,9.2,1.0,0.1,0.0,0.0,0.0,0.0,0.0,7.8,26.4,7.8,69.6,5.0,0.8,0.0,0.0,0.0,0.0,0.0,0.0,0.0,0.0,0.0,56.3,0.0,0.0,0.1,0.0,0.0,0.0,90.4,98.8,99.8,99.9,99.8,99.8,99.8,99.8,58.6,63.3,88.2,1.8,0.0,98.5,99.8,1795.6,18.00,26,26,26,51,103,287,2,2,Yes,No,No,No,No,No,No,No,No,No,Yes,No,No,Yes,No,No,No,No,No,No,No,Yes,No,No,No,No,No,Yes,No,No,No,No,No,No,No,Yes,No,No,86.0,3840,3180,3720,57.0,1.095,1.110,1.815,1.800,1.005,5.110,0.875,No,No,No,57.2,1.095,1.110,1.800,1.800,1.005,5.110,0.625,No,No,No,45,45,94.0,100.0,No,No,32159,47986,36,70,99.0,100.0,No,No,1844,3246,0.0,0.9,0.9,0.000,0.035,95926,52254,0.0,0.0,0.0,0.000,0.000,164001,82786,69.9,76.0,74.8,83.0,0.875,20.661,20.649,20.672,54.043,29.633,34.715,20.793,55.588,3.000,23.777,32.989,36.568,100.000,140.000,2250.0,2150.2,1890.0,2236.6,1905.0,84.0,51.0,0.0,0.0,92.5,25.0,100.0,0.0,0.0,0.0,Yes,No,No,No,No,Yes,No,0,0,0,0,0,0,0,0,0,0,0,0,0,0,0,0,0,0,0,0,0,0,0,0,0,0,0,0,0,0,617,7571,7338,567,16.0,64,0.300,13.206,600.0,2394.0,0.1,0.0,0.0,0.0,0.0,0.0,0.0,0.0,0.8,127,16065,127,No,No,No,No,No,No,No,No,16.746,68.277,100.0,0.000,24.1,0,0,0,0.0,1.6,1.6,1.6,1.6,1.6,1.6,1.7,1.7,1.7,1.7,1.7,1.7,617.07,617.07,617.07,617.07,617.07,617.07,570.93,46.46,616.70,0.37,417.04,651,9,0.1,0.1,0,0,0.0,0.0,0,
9.6.2026,14:19:19.618,23733,25035,48.6,14218,18165,43.9,10.5,16384,1720,1.192,1.197,1.173,1.173,1.163,1.183,1.178,1.214,1.214,1.213,1.218,1.218,1.188,1.177,1.177,1.101,0.781,3883.4,4688.5,4688.5,4688.5,4688.5,4688.5,4688.5,3591.2,3591.2,1097.3,3591.2,3591.2,3591.2,3591.2,3591.2,99.8,4090.0,288.4,178.4,0.3,19.1,0.1,851.4,0.3,4582.2,0.1,6.6,0.1,0.7,0.1,67.7,44.0,11.3,2.8,0.6,0.5,0.5,0.9,360.3,7.1,6.8,0.0,0.5,5.6,22.4,0.0,96.2,0.0,0.0,4.2,0.0,0.0,3.4,3.2,0.6,0.0,0.0,0.0,0.0,0.0,96.2,7.1,100.0,11.4,7.5,0.0,0.8,0.0,36.5,0.0,176.0,0.0,0.3,0.0,0.0,0.0,3.7,2.4,0.6,0.2,0.1,0.1,0.0,0.1,11.4,38.9,47.0,47.0,47.0,47.0,47.0,47.0,36.0,36.0,11.0,36.0,36.0,36.0,36.0,36.0,41.0,61,61,62,62,63,59,58,61,61,61,61,61,61,61,61,39,39,38,38,37,41,42,39,39,39,39,39,39,39,39,74,63,No,No,No,No,No,No,No,No,No,No,No,No,No,No,No,No,No,No,No,No,No,No,No,No,No,No,No,No,No,No,No,No,No,No,No,No,No,No,No,No,No,No,No,No,No,No,No,No,75,69,66,1.100,3.375,13.001,7.275,0.001,4.412,0.429,175.0,175.0,175.0,175.0,0,0.0,6.7,6.4,0.0,0.7,0.0,22.2,0.0,95.1,0.0,0.2,0.0,0.0,0.0,4.3,3.4,0.9,0.2,0.1,0.1,0.0,0.1,10.2,22.2,1.4,69.6,3.7,5.0,5.0,0.8,5.0,5.0,5.0,5.0,5.0,5.0,5.0,53.8,0.0,0.0,0.0,0.0,0.0,0.0,94.5,91.4,94.0,94.6,94.8,94.8,94.8,94.8,59.8,68.6,97.4,3.2,0.0,94.6,94.8,2394.1,24.00,36,35,35,68,103,383,2,2,Yes,No,No,No,No,No,No,No,No,No,Yes,No,No,Yes,No,No,No,No,No,No,No,Yes,No,No,No,No,No,Yes,No,No,No,No,No,No,No,Yes,No,No,86.0,3840,3180,3780,57.0,1.095,1.110,1.815,1.815,1.005,5.110,0.625,No,No,No,57.2,1.095,1.110,1.815,1.815,1.005,5.110,0.500,No,No,No,45,45,94.0,100.0,No,No,32159,47986,36,70,99.0,100.0,No,No,1844,3246,0.0,0.7,0.7,0.000,0.009,95926,52254,0.0,0.0,0.0,0.000,0.000,164001,82786,70.1,76.0,75.1,83.0,0.875,20.665,20.652,20.678,57.430,31.786,35.195,21.272,56.533,3.000,24.251,49.848,32.402,100.000,140.000,2250.0,2150.2,1890.0,2236.2,1905.0,82.0,50.0,0.0,0.0,92.5,18.7,74.6,0.0,0.0,0.0,Yes,No,No,No,No,Yes,No,0,0,0,0,0,0,0,0,0,0,0,0,0,0,0,0,0,0,0,0,0,0,0,0,0,0,0,0,0,0,617,7571,7338,567,16.0,64,0.300,13.123,600.0,1795.0,0.1,0.0,0.0,0.0,0.0,0.0,0.0,0.0,0.8,127,16065,127,No,No,No,No,No,No,No,No,16.746,68.277,100.0,0.000,24.1,0,0,0,0.0,8.7,8.7,8.7,8.7,8.7,8.7,8.7,8.7,8.7,8.7,8.7,8.7,114.42,114.42,114.42,114.42,114.42,114.42,109.95,4.60,114.04,0.38,884.17,651,9,0.0,0.0,0,0,0.0,0.0,0,
9.6.2026,14:19:21.623,23734,25034,48.6,14219,18165,43.9,10.5,16384,1720,1.188,1.197,1.177,1.186,1.166,1.196,1.186,1.185,1.185,1.185,1.185,1.170,1.185,1.216,1.216,1.101,0.778,1931.0,4688.5,1396.6,4688.5,1396.6,4688.5,1396.6,1097.3,1097.3,1097.3,1097.3,1097.3,1097.3,1097.3,1097.3,99.8,4090.0,285.9,173.6,0.2,22.2,0.1,1020.9,0.2,4420.8,0.1,4.7,0.1,0.4,0.1,53.2,19.1,0.7,0.4,0.4,0.4,0.4,0.5,357.3,6.9,5.6,0.0,1.3,0.0,25.3,0.0,93.0,0.0,0.0,0.5,0.6,0.5,5.0,2.0,0.6,0.6,0.6,0.6,0.6,0.6,93.0,6.9,100.0,11.3,7.3,0.0,0.9,0.0,42.8,0.0,169.8,0.0,0.2,0.0,0.0,0.0,2.9,1.1,0.1,0.0,0.0,0.0,0.0,0.0,11.3,19.4,47.0,14.0,47.0,14.0,47.0,14.0,11.0,11.0,11.0,11.0,11.0,11.0,11.0,11.0,41.0,61,61,62,63,63,59,58,61,61,61,61,61,61,61,61,39,39,38,37,37,41,42,39,39,39,39,39,39,39,39,74,63,No,No,No,No,No,No,No,No,No,No,No,No,No,No,No,No,No,No,No,No,No,No,No,No,No,No,No,No,No,No,No,No,No,No,No,No,No,No,No,No,No,No,No,No,No,No,No,No,75,67,64,1.100,5.906,13.111,7.413,0.001,4.388,0.426,175.0,175.0,175.0,175.0,0,0.0,6.5,5.9,0.0,0.8,0.0,25.7,0.0,92.0,0.0,0.1,0.0,0.0,0.0,3.8,1.5,0.1,0.0,0.0,0.0,0.0,0.0,6.9,23.4,0.7,66.6,6.3,0.0,0.0,0.0,0.0,0.0,0.0,0.0,0.0,0.0,0.0,56.8,0.0,0.0,0.8,0.4,0.0,0.0,95.9,98.3,99.8,99.9,99.8,99.9,99.9,99.8,61.3,68.0,98.0,2.1,0.0,99.7,99.8,997.6,10.00,22,15,15,28,103,160,2,2,Yes,No,No,No,No,No,No,No,No,No,Yes,No,No,Yes,No,No,No,No,No,No,No,Yes,No,No,No,No,No,Yes,No,No,No,No,No,No,No,Yes,No,No,84.0,3840,3180,3720,57.0,1.095,1.110,1.815,1.815,1.005,5.110,0.500,No,No,No,57.2,1.095,1.110,1.815,1.815,1.005,5.110,0.625,No,No,No,45,45,94.0,100.0,No,No,32159,47986,36,70,99.0,100.0,No,No,1844,3246,0.0,0.6,0.6,0.000,0.029,95926,52254,0.0,0.0,0.0,0.000,0.000,164001,82786,69.7,76.0,74.8,83.0,0.875,20.671,20.659,20.684,58.078,27.964,32.408,21.402,53.881,3.000,24.378,27.217,33.464,100.000,140.000,2250.0,2150.2,1890.0,2237.7,1905.0,88.0,58.0,0.0,0.0,92.5,24.9,99.4,0.0,0.0,0.0,Yes,No,No,No,No,Yes,No,0,0,0,0,0,0,0,0,0,0,0,0,0,0,0,0,0,0,0,0,0,0,0,0,0,0,0,0,0,0,617,7571,7338,567,16.0,65,0.300,12.583,550.0,2394.0,0.1,0.0,0.0,0.0,0.0,0.0,0.0,0.0,0.8,127,16065,127,No,No,No,No,No,No,No,No,16.747,68.277,100.0,0.000,24.1,0,0,0,0.0,8.6,8.6,8.6,8.6,8.6,8.6,8.5,8.5,8.5,8.5,8.5,8.5,116.66,116.66,116.66,116.66,116.66,116.66,113.71,3.26,116.25,0.41,888.58,651,9,0.0,0.0,0,0,0.0,0.0,0,
9.6.2026,14:19:23.632,23736,25032,48.6,14240,18144,43.9,10.5,16384,1720,1.188,1.197,1.211,1.196,1.176,1.186,1.171,1.185,1.185,1.180,1.180,1.182,1.182,1.182,1.213,1.101,0.783,2757.5,4688.5,4688.5,4688.5,4688.5,4688.5,1396.6,3591.2,3591.2,1097.3,1097.3,1097.3,1097.3,1097.3,1097.3,99.8,4090.0,288.3,172.4,0.2,24.9,0.1,992.1,0.2,4416.5,0.2,29.2,0.0,0.5,0.0,54.9,65.0,6.6,0.5,0.4,0.4,0.4,0.5,360.2,7.4,6.3,0.0,0.8,12.3,23.5,1.5,93.5,0.7,0.6,0.0,0.0,0.0,4.1,4.4,0.0,0.0,0.0,0.0,0.0,0.0,93.5,7.4,100.0,11.4,7.4,0.0,1.1,0.0,41.7,0.0,169.6,0.0,1.1,0.0,0.0,0.0,3.0,3.5,0.4,0.0,0.0,0.0,0.0,0.0,11.4,27.6,47.0,47.0,47.0,47.0,47.0,14.0,36.0,36.0,11.0,11.0,11.0,11.0,11.0,11.0,41.0,61,62,63,63,66,59,59,61,61,61,61,61,61,61,61,39,38,37,37,34,41,41,39,39,39,39,39,39,39,39,75,66,No,No,No,No,No,No,No,No,No,No,No,No,No,No,No,No,No,No,No,No,No,No,No,No,No,No,No,No,No,No,No,No,No,No,No,No,No,No,No,No,No,No,No,No,No,No,No,No,74,66,64,1.100,8.438,12.269,6.589,0.001,4.369,0.425,175.0,175.0,175.0,175.0,0,0.0,6.7,6.4,0.0,0.8,0.0,23.8,0.0,92.6,0.0,0.7,0.0,0.0,0.0,4.1,5.1,0.6,0.0,0.0,0.0,0.0,0.1,7.4,28.3,0.6,68.0,6.0,0.0,0.0,0.2,0.0,0.0,0.0,0.0,0.0,0.0,0.0,56.4,0.0,0.0,0.5,0.1,0.0,0.0,95.3,94.7,99.3,99.9,99.8,99.8,99.8,99.8,60.3,62.4,97.8,2.8,0.0,99.1,99.8,1795.6,18.00,26,26,26,51,103,287,2,2,Yes,No,No,No,No,No,No,No,No,No,Yes,No,No,Yes,No,No,No,No,No,No,No,Yes,No,No,No,No,No,Yes,No,No,No,No,No,No,No,Yes,No,No,85.0,3840,3240,3720,56.8,1.095,1.110,1.815,1.815,1.005,5.110,0.750,No,No,No,57.2,1.095,1.110,1.815,1.815,1.005,5.110,0.625,No,No,No,45,45,94.0,100.0,No,No,32159,47986,36,70,99.0,100.0,No,No,1844,3246,0.0,0.3,0.3,0.000,0.004,95926,52254,0.0,0.0,0.0,0.000,0.000,164001,82786,70.5,78.0,75.6,83.0,0.875,20.660,20.647,20.673,58.607,26.155,36.744,21.680,58.505,3.000,24.654,9.167,29.337,100.000,140.000,2250.0,2150.2,1890.0,2234.1,1905.0,85.0,55.0,0.0,1.0,92.5,25.0,100.0,0.0,0.0,0.0,Yes,No,No,No,No,Yes,No,0,0,0,0,0,0,0,0,0,0,0,0,0,0,0,0,0,0,0,0,0,0,0,0,0,0,0,0,0,0,617,7571,7338,567,16.0,65,0.300,12.650,600.0,997.0,0.1,0.0,0.0,0.0,0.0,0.0,0.0,0.0,0.8,127,16065,127,No,No,No,No,No,No,No,No,16.746,68.277,100.0,0.000,24.1,0,0,0,0.0,1.6,1.6,1.6,1.6,1.6,1.6,1.5,1.5,1.5,1.5,1.5,1.5,628.54,628.54,628.54,628.54,628.54,628.54,0.34,627.71,628.54,0.00,193.72,651,9,0.0,0.0,0,0,0.0,0.0,0,
9.6.2026,14:19:25.631,23739,25029,48.6,14283,18100,44.1,10.5,16384,1720,1.211,1.198,1.179,1.169,1.204,1.194,1.194,1.229,1.224,1.224,1.224,1.229,1.229,1.228,1.228,1.101,0.783,3306.2,4688.5,4688.5,1396.6,4888.0,4688.5,4688.5,3591.2,1097.3,1097.3,1097.3,3591.2,3591.2,3591.2,3591.2,99.8,4090.0,293.0,202.6,0.3,48.2,0.2,855.8,0.3,4571.0,0.2,13.5,0.2,4.6,0.2,121.7,32.2,5.9,0.6,0.6,0.6,0.6,1.3,366.1,15.8,8.4,39.1,1.2,44.1,21.1,39.6,96.3,49.2,0.6,0.0,0.5,0.3,10.2,2.8,0.8,0.4,0.4,0.4,0.4,0.4,96.3,15.8,100.0,11.6,8.6,0.0,2.1,0.0,36.7,0.0,175.5,0.0,0.5,0.0,0.2,0.0,6.6,1.8,0.3,0.1,0.1,0.1,0.1,0.1,11.6,33.1,47.0,47.0,14.0,49.0,47.0,47.0,36.0,11.0,11.0,11.0,36.0,36.0,36.0,36.0,41.0,61,61,63,62,66,59,59,61,60,60,60,61,61,61,61,39,39,37,38,34,41,41,39,40,40,40,39,39,39,39,74,66,No,No,No,No,No,No,No,No,No,No,No,No,No,No,No,No,No,No,No,No,No,No,No,No,No,No,No,No,No,No,No,No,No,No,No,No,No,No,No,No,No,No,No,No,No,No,No,No,74,68,65,1.100,13.500,12.991,7.305,0.001,4.375,0.426,175.0,175.0,175.0,175.0,0,0.0,7.0,8.1,0.0,1.7,0.0,21.2,0.0,95.3,0.0,0.3,0.0,0.1,0.0,9.8,2.5,0.5,0.0,0.1,0.0,0.0,0.1,7.8,30.5,5.4,69.1,3.5,0.0,0.0,0.0,0.0,0.0,0.0,0.0,0.0,0.0,0.0,56.1,0.0,0.0,0.0,0.0,0.0,0.0,89.7,97.3,99.4,99.8,99.8,99.8,99.8,99.8,59.0,58.6,92.0,4.6,0.0,99.5,99.7,2394.1,24.00,36,35,35,68,103,383,2,2,Yes,No,No,No,No,No,No,No,No,No,Yes,No,No,Yes,No,No,No,No,No,No,No,Yes,No,No,No,No,No,Yes,No,No,No,No,No,No,No,Yes,No,No,85.0,3840,3240,3780,56.8,1.110,1.110,1.815,1.815,1.005,5.110,0.750,No,No,No,57.2,1.110,1.110,1.815,1.815,1.005,5.110,0.625,No,No,No,45,45,94.0,100.0,No,No,32159,47986,36,70,99.0,100.0,No,No,1844,3246,0.1,1.2,1.4,0.002,0.125,95926,52255,0.0,0.0,0.0,0.000,0.000,164001,82786,70.2,76.0,75.4,83.0,0.875,20.661,20.646,20.675,56.480,29.326,37.605,20.605,58.263,3.000,23.583,28.930,33.296,100.000,140.000,2250.0,2150.2,1890.0,2237.2,1905.0,84.0,52.0,0.0,1.0,92.5,18.6,74.3,0.0,0.0,0.0,Yes,No,No,No,No,Yes,No,0,0,0,0,0,0,0,0,0,0,0,0,0,0,0,0,0,0,0,0,0,0,0,0,0,0,0,0,0,0,617,7571,7338,567,16.0,64,0.300,13.315,600.0,1795.0,0.1,0.0,0.0,0.0,0.0,0.0,0.0,0.0,0.8,127,16065,127,No,No,No,No,No,No,No,No,16.746,68.277,100.0,0.000,24.1,0,0,0,0.0,8.4,8.4,8.4,8.4,8.4,8.4,8.4,8.4,8.4,8.4,8.4,8.4,118.35,118.35,118.35,118.35,118.35,118.35,114.41,4.24,118.01,0.34,876.50,651,9,0.6,0.2,0,0,0.0,0.0,0,
9.6.2026,14:19:27.622,23733,25034,48.6,14304,18080,44.1,10.5,16384,1720,1.179,1.197,1.193,1.185,1.225,1.170,1.190,1.216,1.210,1.205,1.107,1.107,1.107,1.187,1.212,1.101,0.783,2415.5,4688.5,4688.5,4688.5,4888.0,1396.6,4688.5,1097.3,1097.3,1097.3,1097.3,1097.3,1097.3,1097.3,1097.3,99.8,4090.0,289.4,193.6,0.2,35.6,0.1,828.7,0.3,4595.0,0.1,7.6,0.1,2.1,0.0,57.7,48.8,16.4,0.5,0.4,0.4,0.4,0.5,361.7,7.1,6.9,0.0,1.8,0.0,21.6,0.0,95.9,0.0,0.8,0.5,0.6,0.5,3.7,5.2,2.0,0.6,0.6,0.6,0.6,0.6,95.9,7.1,100.0,11.4,8.2,0.0,1.5,0.0,35.3,0.0,176.3,0.0,0.3,0.0,0.1,0.0,3.0,2.6,0.9,0.1,0.0,0.0,0.0,0.1,11.4,24.2,47.0,47.0,47.0,49.0,14.0,47.0,11.0,11.0,11.0,11.0,11.0,11.0,11.0,11.0,41.0,62,61,63,65,66,59,60,61,61,61,61,61,61,61,61,38,39,37,35,34,41,40,39,39,39,39,39,39,39,39,74,66,No,No,No,No,No,No,No,No,No,No,No,No,No,No,No,No,No,No,No,No,No,No,No,No,No,No,No,No,No,No,No,No,No,No,No,No,No,No,No,No,No,No,No,No,No,No,No,No,74,67,64,1.100,4.219,12.947,7.198,0.001,4.438,0.429,175.0,175.0,175.0,175.0,0,0.0,6.8,7.1,0.0,1.2,0.0,22.1,0.0,95.0,0.0,0.2,0.0,0.1,0.0,4.0,4.0,1.4,0.0,0.0,0.0,0.0,0.1,7.3,29.7,2.7,65.3,3.9,0.6,0.0,0.0,0.0,0.0,0.0,0.0,0.0,0.0,0.0,56.4,0.0,0.0,0.3,0.0,0.0,0.0,95.6,95.8,98.5,99.9,99.8,99.8,99.8,99.8,60.2,60.5,95.3,7.2,0.0,98.8,99.8,2394.1,24.00,36,35,35,68,103,383,2,2,Yes,No,No,No,No,No,No,No,No,No,Yes,No,No,Yes,No,No,No,No,No,No,No,Yes,No,No,No,No,No,Yes,No,No,No,No,No,No,No,Yes,No,No,86.0,3900,3120,3720,56.8,1.110,1.110,1.815,1.815,1.005,5.110,0.500,No,No,No,57.0,1.110,1.110,1.815,1.815,1.005,5.110,0.625,No,No,No,45,45,94.0,100.0,No,No,32159,47986,36,70,99.0,100.0,No,No,1844,3246,0.0,1.1,1.1,0.000,0.026,95926,52255,0.0,0.0,0.0,0.000,0.000,164001,82786,70.1,74.0,74.9,83.0,0.875,20.657,20.643,20.672,55.677,30.711,38.001,21.758,59.824,3.000,24.741,33.281,34.374,100.000,140.000,2250.0,2150.2,1890.0,2239.1,1905.0,89.0,47.0,0.0,0.0,92.5,24.8,99.4,0.0,0.0,0.0,Yes,No,No,No,No,Yes,No,0,0,0,0,0,0,0,0,0,0,0,0,0,0,0,0,0,0,0,0,0,0,0,0,0,0,0,0,0,0,617,7571,7338,567,16.0,64,0.300,12.579,600.0,2394.0,0.1,0.0,0.0,0.0,0.0,0.0,0.0,0.0,0.8,127,16065,127,No,No,No,No,No,No,No,No,16.746,68.277,100.0,0.000,24.1,0,0,0,0.0,8.5,8.5,8.5,8.5,8.5,8.5,6.9,6.9,6.9,6.9,6.9,6.9,118.33,118.33,118.33,118.33,118.33,118.33,0.78,117.56,118.33,0.00,318.34,651,9,0.3,0.3,0,0,0.0,0.0,0,
9.6.2026,14:19:29.622,23735,25033,48.6,14324,18060,44.2,10.5,16384,1720,1.191,1.172,1.202,1.178,1.163,1.178,1.178,1.198,1.219,1.198,1.202,1.217,1.187,1.187,1.187,1.101,0.783,3648.2,1396.6,4688.5,4688.5,4688.5,4688.5,4688.5,3591.2,1097.3,3591.2,3591.2,3591.2,3591.2,3591.2,3591.2,99.8,4090.0,288.7,211.7,0.2,48.8,0.2,1014.9,0.5,4448.8,0.3,3.1,0.1,0.4,0.1,30.4,7.7,3.3,0.5,0.5,0.5,0.5,0.8,360.7,12.1,7.7,38.9,1.8,33.6,24.6,38.1,94.5,0.0,0.0,0.0,0.0,0.0,2.2,0.6,0.1,0.0,0.0,0.0,0.0,0.0,94.5,12.1,100.0,11.4,9.0,0.0,2.0,0.0,42.9,0.0,171.0,0.0,0.1,0.0,0.0,0.0,1.9,0.5,0.2,0.0,0.0,0.0,0.0,0.1,11.4,36.6,14.0,47.0,47.0,47.0,47.0,47.0,36.0,11.0,36.0,36.0,36.0,36.0,36.0,36.0,41.0,61,62,62,62,66,58,59,60,60,60,60,61,61,61,61,39,38,38,38,34,42,41,40,40,40,40,39,39,39,39,74,66,No,No,No,No,No,No,No,No,No,No,No,No,No,No,No,No,No,No,No,No,No,No,No,No,No,No,No,No,No,No,No,No,No,No,No,No,No,No,No,No,No,No,No,No,No,No,No,No,74,66,64,1.100,5.063,12.548,6.834,0.001,4.399,0.427,175.0,175.0,175.0,175.0,0,0.0,6.6,7.9,0.0,2.0,0.0,25.0,0.0,93.4,0.0,0.1,0.0,0.0,0.0,2.2,0.7,0.3,0.0,0.0,0.0,0.0,0.1,7.7,33.4,5.2,63.6,5.2,0.0,0.0,0.0,0.0,0.0,0.0,0.0,0.0,0.0,0.0,56.8,0.0,0.0,0.1,0.0,0.0,0.0,97.4,99.2,99.6,99.9,99.8,99.8,99.8,99.8,58.9,55.9,92.1,6.1,0.0,99.7,99.8,2394.1,24.00,36,35,35,68,103,383,2,2,Yes,No,No,No,No,No,No,No,No,No,Yes,No,No,Yes,No,No,No,No,No,No,No,Yes,No,No,No,No,No,Yes,No,No,No,No,No,No,No,Yes,No,No,85.0,3900,3180,3720,56.8,1.110,1.110,1.815,1.815,1.005,5.110,0.375,No,No,No,57.0,1.110,1.110,1.800,1.815,1.005,5.110,0.750,No,No,No,45,45,94.0,100.0,No,No,32159,47986,36,70,99.0,100.0,No,No,1844,3246,0.0,1.1,1.1,0.000,0.014,95926,52255,0.0,0.0,0.0,0.000,0.000,164001,82786,68.9,76.0,74.3,83.0,0.875,20.647,20.633,20.661,55.739,31.722,37.399,23.749,61.239,3.000,26.745,38.999,30.927,100.000,140.000,2250.0,2150.2,1890.0,2238.6,1905.0,84.0,47.0,0.0,0.0,92.5,23.6,94.3,0.0,0.0,0.0,Yes,No,No,No,No,Yes,No,0,0,0,0,0,0,0,0,0,0,0,0,0,0,0,0,0,0,0,0,0,0,0,0,0,0,0,0,0,0,617,7571,7338,567,16.0,64,0.300,12.402,600.0,2394.0,0.1,0.0,0.0,0.0,0.0,0.0,0.0,0.0,0.8,127,16065,127,No,No,No,No,No,No,No,No,16.746,68.277,100.0,0.000,24.1,0,0,0,0.0,8.5,8.5,8.5,8.5,8.5,8.5,6.9,6.9,6.9,6.9,6.9,6.9,118.33,118.33,118.33,118.33,118.33,118.33,0.78,117.56,118.33,0.00,318.34,651,9,0.0,0.0,0,0,0.0,0.0,0,
9.6.2026,14:19:31.627,23741,25027,48.6,14344,18040,44.2,10.5,16384,1720,1.188,1.201,1.188,1.173,1.179,1.149,1.187,1.172,1.177,1.202,1.202,1.206,1.181,1.206,1.206,1.101,0.781,2387.0,4688.5,4688.5,4688.5,4688.5,4489.0,1396.6,1097.3,1097.3,1097.3,1097.3,1097.3,1097.3,1097.3,1097.3,99.8,4090.0,292.1,206.2,0.2,46.3,0.1,1093.2,0.3,4382.7,0.2,3.7,0.1,0.8,0.2,32.2,63.1,9.7,0.5,0.4,0.4,0.4,0.5,365.0,6.7,7.2,0.0,1.3,0.0,25.5,0.0,93.6,0.0,0.0,0.6,0.0,0.6,1.9,3.7,0.6,0.0,0.0,0.0,0.0,0.0,93.6,6.7,100.0,11.6,9.1,0.0,1.9,0.0,46.4,0.0,168.7,0.0,0.2,0.0,0.0,0.0,1.6,3.4,0.6,0.1,0.0,0.0,0.0,0.0,11.6,23.9,47.0,47.0,47.0,47.0,45.0,14.0,11.0,11.0,11.0,11.0,11.0,11.0,11.0,11.0,41.0,61,61,62,62,66,61,59,60,61,61,61,61,61,61,61,39,39,38,38,34,39,41,40,39,39,39,39,39,39,39,74,66,No,No,No,No,No,No,No,No,No,No,No,No,No,No,No,No,No,No,No,No,No,No,No,No,No,No,No,No,No,No,No,No,No,No,No,No,No,No,No,No,No,No,No,No,No,No,No,No,74,64,65,1.100,3.375,12.516,6.829,0.001,4.375,0.427,175.0,175.0,175.0,175.0,0,0.0,6.8,7.5,0.0,1.5,0.0,26.0,0.0,92.4,0.0,0.1,0.0,0.0,0.0,2.2,4.6,0.7,0.0,0.0,0.0,0.0,0.0,8.1,38.6,2.8,66.4,6.0,0.0,0.0,0.0,0.0,0.0,0.0,0.0,0.0,0.0,0.0,56.5,0.0,0.0,0.2,0.0,0.0,0.0,97.5,95.2,99.2,99.9,99.9,99.9,99.9,99.8,57.8,50.2,95.0,1.9,0.0,99.7,99.8,2394.1,24.00,36,35,35,68,103,383,2,2,Yes,No,No,No,No,No,No,No,No,No,Yes,No,No,Yes,No,No,No,No,No,No,No,Yes,No,No,No,No,No,Yes,No,No,No,No,No,No,No,Yes,No,No,85.0,3840,3120,3720,56.8,1.110,1.110,1.815,1.815,1.005,5.110,0.625,No,No,No,57.0,1.110,1.110,1.815,1.815,1.005,5.110,0.500,No,No,No,45,45,94.0,100.0,No,No,32159,47986,36,70,99.0,100.0,No,No,1844,3246,0.0,1.1,1.1,0.000,0.057,95926,52255,0.0,0.0,0.0,0.000,0.000,164001,82786,68.5,74.0,73.3,83.0,0.875,20.678,20.668,20.689,61.255,27.501,30.648,20.192,50.895,3.000,23.173,33.359,31.236,100.000,140.000,2250.0,2150.2,1890.0,2237.3,1905.0,54.0,11.0,0.0,0.0,92.5,25.0,100.0,0.0,0.0,0.0,Yes,No,No,No,No,Yes,No,0,0,0,0,0,0,0,0,0,0,0,0,0,0,0,0,0,0,0,0,0,0,0,0,0,0,0,0,0,0,617,7571,7338,567,16.0,64,0.300,13.107,600.0,2394.0,0.1,0.0,0.0,0.0,0.0,0.0,0.0,0.0,0.8,127,16065,127,No,No,No,No,No,No,No,No,16.746,68.277,100.0,0.000,24.1,0,0,0,0.0,8.5,8.5,8.5,8.5,8.5,8.5,6.9,6.9,6.9,6.9,6.9,6.9,118.33,118.33,118.33,118.33,118.33,118.33,0.78,117.56,118.33,0.00,318.34,651,9,0.1,0.0,0,0,0.0,0.0,0,
9.6.2026,14:19:33.628,23750,25018,48.6,14409,17975,44.4,10.5,16384,1720,1.213,1.194,1.190,1.175,1.231,1.211,1.201,1.220,1.225,1.228,1.223,1.208,1.223,1.223,1.226,1.101,0.783,3006.9,4688.5,4688.5,4688.5,4888.0,4688.5,4688.5,1097.3,3591.2,3591.2,1097.3,1097.3,1097.3,1097.3,1097.3,99.8,4090.0,302.3,215.7,0.2,74.4,0.1,937.9,0.2,4575.8,0.2,18.2,0.1,1.1,0.1,78.1,88.1,27.9,25.0,0.6,0.6,0.4,0.5,377.7,10.1,9.0,18.7,2.9,0.0,24.1,15.5,96.4,18.2,0.3,0.0,0.0,0.0,6.0,6.2,2.0,1.7,0.0,0.0,0.0,0.0,96.4,10.1,100.0,12.1,9.6,0.0,3.4,0.0,40.1,0.0,175.9,0.0,0.8,0.0,0.1,0.0,4.4,4.8,1.5,1.4,0.1,0.1,0.0,0.1,12.1,30.1,47.0,47.0,47.0,49.0,47.0,47.0,11.0,36.0,36.0,11.0,11.0,11.0,11.0,11.0,41.0,61,61,63,62,64,59,59,60,60,60,60,61,61,61,61,39,39,37,38,36,41,41,40,40,40,40,39,39,39,39,74,64,No,No,No,No,No,No,No,No,No,No,No,No,No,No,No,No,No,No,No,No,No,No,No,No,No,No,No,No,No,No,No,No,No,No,No,No,No,No,No,No,No,No,No,No,No,No,No,No,74,70,64,1.100,5.906,13.653,7.933,0.001,4.408,0.427,175.0,175.0,175.0,175.0,0,0.0,7.4,8.7,0.0,3.2,0.0,24.1,0.0,95.2,0.0,0.7,0.0,0.1,0.0,5.4,6.5,2.3,2.1,0.1,0.1,0.0,0.1,8.5,41.1,4.5,69.4,3.5,0.5,0.0,0.0,0.0,0.0,0.0,0.0,0.0,0.0,0.0,55.9,0.0,0.0,0.2,0.0,0.0,0.0,94.1,93.3,97.5,97.8,99.8,99.8,99.8,99.8,56.0,46.2,90.5,1.1,0.0,98.2,99.8,2394.1,24.00,36,35,35,68,103,383,2,2,Yes,No,No,No,No,No,No,No,No,No,Yes,No,No,Yes,No,No,No,No,No,No,No,Yes,No,No,No,No,No,Yes,No,No,No,No,No,No,No,Yes,No,No,86.0,3900,3240,3780,56.8,1.110,1.110,1.815,1.815,0.990,5.110,0.625,No,No,No,57.0,1.110,1.110,1.815,1.815,1.005,5.110,0.750,No,No,No,45,45,94.0,100.0,No,No,32159,47986,36,70,99.0,100.0,No,No,1844,3246,0.0,1.4,1.4,0.000,0.034,95926,52255,0.0,0.0,0.0,0.000,0.000,164001,82786,70.0,76.0,74.9,83.0,0.875,20.648,20.635,20.662,56.026,29.857,36.817,23.359,60.249,3.000,26.338,25.030,34.209,100.000,140.000,2250.0,2150.2,1890.0,2236.3,1905.0,83.0,54.0,0.0,1.0,92.5,22.9,91.7,0.0,0.0,0.0,Yes,No,No,No,No,Yes,No,0,0,0,0,0,0,0,0,0,0,0,0,0,0,0,0,0,0,0,0,0,0,0,0,0,0,0,0,0,0,617,7571,7338,567,16.0,63,0.300,13.978,550.0,2394.0,0.1,0.0,0.0,0.0,0.0,0.0,0.0,0.0,0.8,127,16065,127,No,No,No,No,No,No,No,No,16.747,68.277,100.0,0.000,24.1,0,0,0,0.0,1.6,1.6,1.6,1.6,1.6,1.6,1.7,1.7,1.7,1.7,1.7,1.7,623.65,623.65,623.65,623.65,623.65,623.65,574.94,48.96,623.29,0.37,268.19,651,9,0.4,0.2,0,0,0.0,0.0,0,
9.6.2026,14:19:35.628,23247,25521,47.6,14389,17994,44.4,10.5,16384,1720,1.032,1.140,1.145,1.027,0.997,1.009,0.999,1.014,1.019,1.019,1.024,1.024,1.004,1.019,1.009,1.101,0.783,3769.4,4489.0,4688.5,4189.8,4090.0,4090.0,4090.0,3391.7,3391.7,3391.7,3391.7,3391.7,3391.7,3391.7,3391.7,99.8,4090.0,394.3,319.3,75.0,219.9,94.1,1456.7,131.1,3830.8,160.7,183.2,111.8,196.6,119.9,158.5,182.1,123.4,104.0,101.5,107.1,105.6,103.8,466.7,18.0,9.7,44.4,6.7,41.5,33.2,37.1,81.5,44.7,5.0,3.3,5.3,3.5,6.6,10.5,5.9,4.6,3.7,4.4,4.2,4.2,81.5,18.0,100.0,15.6,13.2,2.9,8.6,3.6,58.8,4.4,147.6,5.5,6.4,3.6,6.9,3.9,7.8,9.1,5.9,4.8,4.6,5.1,4.9,4.7,15.6,37.8,45.0,47.0,42.0,41.0,41.0,41.0,34.0,34.0,34.0,34.0,34.0,34.0,34.0,34.0,41.0,71,63,63,77,79,77,79,69,69,69,69,71,71,71,71,29,37,37,23,21,23,21,31,31,31,31,29,29,29,29,76,79,No,No,No,No,No,No,No,No,No,No,No,No,No,No,No,No,No,No,No,No,No,No,No,No,No,No,No,No,No,No,Yes,Yes,Yes,Yes,Yes,Yes,Yes,Yes,Yes,Yes,Yes,Yes,Yes,Yes,Yes,No,No,Yes,75,72,64,1.100,34.594,13.802,8.060,0.001,4.445,0.430,175.0,175.0,175.0,175.0,0,1.0,9.7,10.0,1.8,5.6,2.2,33.8,3.0,80.7,3.6,4.2,2.6,4.5,2.7,7.3,9.7,5.2,3.9,3.0,3.7,3.5,3.5,5.9,20.9,1.7,47.2,12.4,0.0,0.0,0.0,0.0,0.0,0.0,0.0,0.0,0.0,0.0,54.1,0.0,0.0,0.9,0.6,0.0,0.0,92.0,89.8,94.4,95.7,96.7,95.7,96.0,96.1,60.3,65.3,90.8,12.9,3.3,94.5,94.8,2194.6,22.00,32,32,32,62,103,351,2,2,Yes,No,No,No,No,No,No,No,No,Yes,Yes,No,No,Yes,No,No,No,No,No,No,No,Yes,No,No,No,No,No,Yes,No,No,No,No,No,No,No,Yes,No,No,85.0,3900,3240,3780,56.8,1.110,1.110,1.815,1.815,0.990,5.110,0.750,No,No,No,57.0,1.110,1.110,1.815,1.815,0.990,5.110,0.625,No,No,No,45,45,94.0,100.0,No,No,32159,47986,36,70,99.0,100.0,No,No,1844,3246,0.0,0.2,0.2,0.000,0.052,95926,52255,0.0,0.0,0.0,0.000,0.000,164001,82786,62.6,72.0,69.3,83.0,0.875,20.730,20.730,20.730,59.646,10.146,10.383,9.121,19.528,3.000,12.135,8.381,8.472,100.000,140.000,2250.0,2150.2,1890.0,2241.1,1905.0,7.0,1.0,0.0,1.0,85.6,25.0,100.0,0.0,0.0,0.0,Yes,No,No,No,No,Yes,No,0,0,0,0,0,0,0,0,0,0,0,0,0,0,0,0,0,0,0,0,0,0,0,0,0,0,0,0,0,0,1175,7013,6780,567,16.0,65,0.300,13.118,600.0,2394.0,0.1,0.0,0.0,0.0,0.0,0.0,0.0,0.0,0.8,127,16065,127,No,No,No,No,No,No,No,No,16.746,68.277,100.0,0.000,24.1,0,0,0,0.0,5.8,810.3,1.6,1.6,1.6,1.6,5.6,39.7,1.6,1.5,1.5,1.5,172.71,614.01,1.23,0.42,632.39,632.39,0.39,172.19,172.71,0.00,187.94,651,9,0.3,0.0,0,0,0.0,0.0,0,
9.6.2026,14:19:37.652,19501,29267,39.9,14064,18320,43.4,10.5,16384,1720,1.187,1.177,1.166,1.166,1.166,1.186,1.192,1.217,1.217,1.167,1.197,1.197,1.197,1.180,1.195,1.101,0.778,2636.4,4688.5,4688.5,4688.5,4688.5,4688.5,4688.5,1097.3,1097.3,1097.3,1097.3,1097.3,1097.3,1097.3,1097.3,99.8,4090.0,1132.2,1336.4,1010.6,1530.9,1009.0,2313.2,1129.3,3490.4,1208.4,1090.6,833.3,1088.0,754.0,865.8,834.9,829.4,679.7,674.8,650.2,656.5,657.6,1250.3,30.4,43.0,10.0,55.5,14.9,55.6,12.3,81.2,17.2,23.5,21.4,27.6,19.5,40.7,36.0,35.7,24.0,24.5,21.7,21.3,22.1,81.2,30.4,100.0,49.4,54.7,39.1,62.1,39.0,90.9,44.1,136.0,47.1,42.8,32.6,42.7,29.6,48.6,46.9,47.2,37.6,37.5,35.9,36.2,36.4,49.4,26.4,47.0,47.0,47.0,47.0,47.0,47.0,11.0,11.0,11.0,11.0,11.0,11.0,11.0,11.0,41.0,62,63,63,62,66,59,60,62,61,61,61,62,62,62,62,38,37,37,38,34,41,40,38,39,39,39,38,38,38,38,75,66,No,No,No,No,No,No,No,No,No,No,No,No,No,No,No,No,No,No,No,No,No,No,No,No,No,No,No,No,No,No,Yes,Yes,Yes,Yes,Yes,Yes,Yes,Yes,Yes,Yes,Yes,Yes,Yes,Yes,Yes,No,No,Yes,76,69,65,1.100,10.125,15.484,9.549,0.001,4.564,0.460,175.0,175.0,175.0,175.0,0,0.0,32.6,42.2,26.4,54.1,25.8,54.6,28.0,79.4,30.0,27.5,21.4,27.4,19.5,37.9,33.4,33.2,23.4,23.9,21.5,21.0,22.2,8.7,28.1,18.0,18.4,11.0,6.3,5.6,0.8,6.2,6.4,4.2,3.9,5.2,4.5,2.9,39.0,1.2,1.3,6.4,0.9,0.1,1.7,58.0,57.6,57.1,71.2,71.0,72.4,73.5,73.8,27.5,15.6,14.6,10.3,0.0,61.6,62.8,2394.1,24.00,36,35,35,68,103,383,2,2,Yes,No,No,No,No,No,No,No,No,Yes,Yes,No,No,Yes,No,No,No,No,No,No,No,Yes,No,No,No,No,No,Yes,No,No,No,No,No,No,No,Yes,No,No,85.0,3960,3120,3720,56.8,1.095,1.110,1.815,1.815,0.990,5.110,2.375,No,No,No,57.0,1.095,1.110,1.815,1.815,0.990,5.110,0.875,No,No,No,45,45,94.0,100.0,No,No,32159,47986,36,70,99.0,100.0,No,No,1844,3246,0.0,0.8,0.8,0.000,0.262,95926,52255,0.0,0.0,0.0,0.000,0.000,164001,82786,60.6,68.0,67.9,83.0,0.870,20.729,20.726,20.733,22.231,9.283,10.795,7.171,17.976,3.000,10.173,7.874,7.993,100.000,140.000,2175.0,1750.2,1875.0,2206.9,1890.0,15.0,2.0,0.0,7.0,31.5,1.3,5.3,0.0,0.0,0.0,Yes,No,No,No,No,Yes,No,0,0,0,0,0,0,0,0,0,0,0,0,0,0,0,0,0,0,0,0,0,0,0,0,0,0,0,0,0,0,5611,2577,2350,567,16.0,64,0.300,31.698,600.0,2194.0,0.1,0.0,0.0,0.0,0.0,0.0,0.0,0.0,0.8,127,16065,127,No,No,No,No,No,No,No,No,16.746,68.277,100.0,0.000,24.1,0,0,0,0.0,5.8,810.3,1.6,1.6,1.6,1.6,5.6,39.7,1.6,1.5,1.5,1.5,172.71,614.01,1.23,0.42,632.39,632.39,0.39,172.19,172.71,0.00,187.94,651,9,0.1,0.0,0,0,0.0,0.0,0,
9.6.2026,14:19:39.635,23867,24901,48.9,14019,18365,43.2,10.5,16384,1720,1.178,1.201,1.169,1.184,1.169,1.154,1.184,1.172,1.167,1.182,1.182,1.182,1.182,1.190,1.185,1.101,0.783,2273.0,4688.5,1396.6,1396.6,4688.5,4489.0,1396.6,3591.2,1097.3,1097.3,1097.3,1097.3,1097.3,3591.2,1097.3,99.8,4090.0,337.6,329.6,0.2,262.8,0.3,1479.5,0.2,4300.6,0.2,35.2,0.1,28.4,0.1,120.1,95.8,42.9,19.6,32.2,2.0,1.9,1.0,419.7,9.6,11.0,0.0,16.5,0.0,33.8,0.0,92.1,0.0,6.8,0.0,1.4,0.0,9.5,7.8,4.3,2.1,3.1,0.8,0.8,1.4,92.1,9.6,100.0,13.7,14.5,0.0,11.4,0.0,61.4,0.0,165.9,0.0,1.6,0.0,1.2,0.0,6.5,5.2,2.3,1.1,1.7,0.1,0.1,0.1,13.7,22.8,47.0,14.0,14.0,47.0,45.0,14.0,36.0,11.0,11.0,11.0,11.0,11.0,36.0,11.0,41.0,61,62,63,62,66,59,59,61,61,61,61,61,61,61,61,39,38,37,38,34,41,41,39,39,39,39,39,39,39,39,74,66,No,No,No,No,No,No,No,No,No,No,No,No,No,No,No,No,No,No,No,No,No,No,No,No,No,No,No,No,No,No,No,No,No,No,No,No,No,No,No,No,No,No,No,No,No,No,No,No,75,66,64,1.100,11.813,35.744,29.036,0.001,5.157,0.670,175.0,175.0,175.0,175.0,0,0.0,9.0,11.2,0.0,15.5,0.0,34.1,0.0,90.8,0.0,1.2,0.0,0.8,0.0,9.6,7.8,3.6,1.5,2.5,0.2,0.2,0.1,9.6,47.5,15.7,57.2,7.6,2.5,3.5,0.0,0.0,0.0,0.0,0.0,0.0,0.0,0.0,55.2,0.0,0.0,0.4,0.0,0.0,0.0,89.8,91.8,96.1,98.4,97.4,99.7,99.7,99.8,49.1,37.1,64.9,2.7,0.0,94.8,95.2,2394.1,24.00,36,35,35,68,103,383,2,2,Yes,No,No,No,No,No,No,No,No,No,Yes,No,No,Yes,No,No,No,No,No,No,No,Yes,No,No,No,No,No,Yes,No,No,No,No,No,No,No,Yes,No,No,85.0,4080,2880,3900,57.0,1.095,1.110,1.815,1.815,0.990,5.110,0.625,No,No,No,57.2,1.095,1.110,1.815,1.815,0.990,5.110,0.875,No,No,No,44,44,94.0,100.0,No,No,32159,47986,36,70,99.0,100.0,No,No,1844,3246,0.0,0.6,0.6,0.000,0.022,95926,52256,0.0,0.0,0.0,0.000,0.000,164001,82786,68.9,74.0,73.6,83.0,0.875,20.637,20.624,20.651,49.316,31.334,39.207,22.748,62.036,3.000,25.728,33.103,33.517,100.000,140.000,2250.0,2150.2,1890.0,2235.0,1905.0,80.0,51.0,0.0,0.0,93.4,22.2,88.9,0.0,0.0,0.0,Yes,No,No,No,No,Yes,No,0,0,0,0,0,0,0,0,0,0,0,0,0,0,0,0,0,0,0,0,0,0,0,0,0,0,0,0,0,0,539,7649,7416,567,16.0,65,0.300,21.342,600.0,2394.0,0.1,0.0,0.0,0.0,0.0,0.0,0.0,0.0,0.8,127,16065,127,No,No,No,No,No,No,No,No,16.746,68.277,100.0,0.000,24.1,0,0,0,0.0,5.8,810.3,1.6,1.6,1.6,1.6,5.6,39.7,1.6,1.5,1.5,1.5,172.71,614.01,1.23,0.42,632.39,632.39,0.39,172.19,172.71,0.00,187.94,651,9,0.1,0.1,0,0,0.0,0.0,0,
9.6.2026,14:19:41.622,23784,24983,48.7,14069,18315,43.4,10.5,16384,1720,1.207,1.199,1.192,1.173,1.213,1.188,1.188,1.203,1.223,1.227,1.227,1.222,1.222,1.222,1.207,1.101,0.781,3185.1,4688.5,4688.5,4688.5,4888.0,4688.5,4688.5,1097.3,3591.2,3591.2,3591.2,1097.3,1097.3,1097.3,1097.3,99.8,4090.0,303.5,240.5,0.2,85.5,0.1,1354.6,0.2,4198.1,0.2,12.1,0.1,1.5,0.0,75.4,90.6,2.4,6.4,0.6,0.5,0.4,0.5,379.2,7.7,9.3,0.0,4.3,0.0,31.6,0.0,89.5,0.0,0.0,5.8,0.0,0.7,6.4,6.1,0.0,0.0,0.0,0.0,0.0,0.0,89.5,7.7,100.0,12.3,10.7,0.0,3.9,0.0,57.8,0.0,162.5,0.0,0.5,0.0,0.1,0.0,4.1,4.9,0.2,0.4,0.1,0.0,0.0,0.0,12.3,31.9,47.0,47.0,47.0,49.0,47.0,47.0,11.0,36.0,36.0,36.0,11.0,11.0,11.0,11.0,41.0,61,58,62,62,66,59,59,61,61,61,61,61,61,61,61,39,42,38,38,34,41,41,39,39,39,39,39,39,39,39,74,66,No,No,No,No,No,No,No,No,No,No,No,No,No,No,No,No,No,No,No,No,No,No,No,No,No,No,No,No,No,No,No,No,No,No,No,No,No,No,No,No,No,No,No,No,No,No,No,No,74,64,64,1.100,3.375,15.056,9.246,0.001,4.488,0.436,175.0,175.0,175.0,175.0,0,0.0,7.3,8.8,0.0,3.6,0.0,31.5,0.0,87.9,0.0,0.3,0.0,0.1,0.0,5.6,6.8,0.1,0.3,0.1,0.0,0.0,0.0,8.8,46.1,6.1,61.3,10.2,0.0,0.0,0.0,0.0,0.0,0.0,0.0,0.0,0.0,0.0,56.2,0.0,0.0,0.6,0.0,0.0,0.0,94.0,92.9,99.8,99.6,99.8,99.8,99.9,99.8,54.7,41.1,87.1,0.5,0.0,99.5,99.8,2394.1,24.00,36,35,35,68,103,383,2,2,Yes,No,No,No,No,No,No,No,No,No,Yes,No,No,Yes,No,No,No,No,No,No,No,Yes,No,No,No,No,No,Yes,No,No,No,No,No,No,No,Yes,No,No,85.0,4080,2700,3960,57.0,1.095,1.110,1.800,1.815,0.990,5.110,1.000,No,No,No,57.2,1.095,1.110,1.800,1.815,0.990,5.110,0.750,No,No,No,44,44,94.0,100.0,No,No,32159,47986,36,70,99.0,100.0,No,No,1844,3246,0.0,1.1,1.1,0.000,0.137,95926,52256,0.0,0.0,0.0,0.000,0.000,164001,82786,69.2,74.0,74.2,83.0,0.875,20.631,20.615,20.647,46.698,33.121,40.476,24.800,65.347,3.000,27.788,40.027,30.409,100.000,140.000,2250.0,2150.2,1890.0,2239.5,1905.0,86.0,54.0,0.0,1.0,92.5,25.0,100.0,0.0,0.0,0.0,Yes,No,No,No,No,Yes,No,0,0,0,0,0,0,0,0,0,0,0,0,0,0,0,0,0,0,0,0,0,0,0,0,0,0,0,0,0,0,617,7571,7338,567,16.0,65,0.300,14.405,550.0,2394.0,0.1,0.0,0.0,0.0,0.0,0.0,0.0,0.0,0.8,127,16065,127,No,No,No,No,No,No,No,No,16.746,68.277,100.0,0.000,24.1,0,0,0,0.0,2.7,2.7,2.7,2.7,2.7,2.7,2.9,2.9,2.9,2.9,2.9,2.9,369.38,369.38,369.38,369.38,369.38,369.38,0.22,369.10,369.38,0.00,79.88,651,9,0.0,0.0,0,0,0.0,0.0,0,
9.6.2026,14:19:43.625,23780,24987,48.7,14098,18285,43.5,10.5,16384,1720,1.207,1.207,1.192,1.177,1.217,1.192,1.173,1.218,1.218,1.223,1.231,1.211,1.211,1.211,1.226,1.063,0.783,2828.8,2194.6,4688.5,4688.5,4888.0,4688.5,4688.5,1097.3,1097.3,3591.2,3591.2,1097.3,1097.3,1097.3,1097.3,99.8,3890.5,318.8,94.6,264.6,172.3,0.2,273.6,1425.9,3847.6,0.5,32.5,0.1,7.0,0.1,29.4,101.6,95.6,14.0,15.1,0.5,0.5,0.5,397.5,15.8,3.9,54.3,6.6,20.6,6.1,65.3,80.5,47.1,2.0,0.0,1.2,0.0,2.0,9.3,9.4,2.2,2.4,1.1,1.1,1.1,80.5,15.8,100.0,12.6,4.0,11.2,7.6,0.0,11.4,55.7,147.0,0.0,1.3,0.0,0.3,0.0,1.6,5.5,5.2,0.8,0.8,0.0,0.0,0.1,12.6,28.4,22.0,47.0,47.0,49.0,47.0,47.0,11.0,11.0,36.0,36.0,11.0,11.0,11.0,11.0,39.0,61,62,61,63,64,59,59,61,61,61,61,61,61,61,61,39,38,39,37,36,41,41,39,39,39,39,39,39,39,39,74,64,No,No,No,No,No,No,No,No,No,No,No,No,No,No,No,No,No,No,No,No,No,No,No,No,No,No,No,No,No,No,No,No,No,No,No,No,No,No,No,No,No,No,No,No,No,No,No,No,74,66,65,1.100,9.281,14.378,8.612,0.001,4.448,0.432,175.0,175.0,175.0,175.0,0,0.0,8.2,4.3,9.6,7.0,0.0,6.6,33.2,80.4,0.0,0.9,0.0,0.2,0.0,2.4,8.2,8.4,1.1,1.4,0.0,0.0,0.1,8.5,36.6,16.2,47.9,17.9,0.0,0.0,0.0,0.0,0.0,0.0,0.0,0.0,0.0,0.0,55.8,0.0,0.0,3.4,0.7,0.0,0.0,97.3,91.4,91.3,98.7,98.5,99.8,99.8,99.8,53.8,45.9,73.5,5.5,0.0,98.5,99.7,2394.1,24.00,36,35,35,68,103,383,2,2,Yes,No,No,No,No,No,No,No,No,No,Yes,No,No,Yes,No,No,No,No,No,No,No,Yes,No,No,No,No,No,Yes,No,No,No,No,No,No,No,Yes,No,No,85.0,4020,2760,3840,57.0,1.095,1.110,1.800,1.815,0.990,5.110,0.625,No,No,No,57.2,1.095,1.110,1.800,1.815,0.990,5.110,0.750,No,No,No,44,44,94.0,100.0,No,No,32159,47986,36,70,99.0,100.0,No,No,1844,3246,0.0,0.9,0.9,0.000,0.022,95926,52256,0.0,0.0,0.0,0.000,0.000,164001,82786,70.1,74.0,75.1,83.0,0.875,20.664,20.649,20.679,60.425,29.580,39.157,19.204,58.419,3.000,22.194,32.154,32.936,100.000,140.000,2250.0,2150.2,1890.0,2238.0,1905.0,93.0,37.0,0.0,0.0,92.5,25.0,100.0,0.0,0.0,0.0,Yes,No,No,No,No,Yes,No,0,0,0,0,0,0,0,0,0,0,0,0,0,0,0,0,0,0,0,0,0,0,0,0,0,0,0,0,0,0,617,7571,7338,567,16.0,65,0.300,14.194,550.0,2394.0,0.1,0.0,0.0,0.0,0.0,0.0,0.0,0.0,0.8,127,16065,127,No,No,No,No,No,No,No,No,16.746,68.277,100.0,0.000,24.1,0,0,0,0.0,2.7,2.7,2.7,2.7,2.7,2.7,2.9,2.9,2.9,2.9,2.9,2.9,370.29,370.29,370.29,370.29,370.29,370.29,365.00,6.48,369.92,0.37,655.08,651,9,0.0,0.0,0,0,0.0,0.0,0,
9.6.2026,14:19:45.633,23783,24985,48.7,14130,18254,43.6,10.5,16384,1720,1.218,1.201,1.217,1.217,1.217,1.219,1.179,1.224,1.225,1.210,1.225,1.225,1.229,1.229,1.229,1.141,0.778,3199.3,4688.5,4688.5,4888.0,4888.0,4688.5,4688.5,1097.3,1097.3,1097.3,1097.3,1097.3,3591.2,3591.2,3591.2,99.8,4289.5,322.1,72.9,479.8,80.4,0.3,6.6,1439.4,4076.3,0.3,24.6,0.3,0.7,0.3,3.8,83.8,117.2,43.9,8.7,0.6,0.6,1.7,401.9,9.3,2.8,16.6,3.4,23.2,0.0,34.2,85.9,0.0,0.0,0.0,0.0,0.6,0.0,6.8,9.2,2.9,0.0,0.0,0.0,0.0,85.9,9.3,100.0,12.7,3.0,19.9,3.7,0.0,0.6,56.5,155.3,0.0,1.0,0.0,0.0,0.0,0.2,4.6,6.3,2.4,0.5,0.1,0.1,0.1,12.7,32.1,47.0,47.0,49.0,49.0,47.0,47.0,11.0,11.0,11.0,11.0,11.0,36.0,36.0,36.0,43.0,61,61,62,62,66,59,59,61,61,60,60,61,61,61,61,39,39,38,38,34,41,41,39,39,40,40,39,39,39,39,75,66,No,No,No,No,No,No,No,No,No,No,No,No,No,No,No,No,No,No,No,No,No,No,No,No,No,No,No,No,No,No,No,No,No,No,No,No,No,No,No,No,No,No,No,No,No,No,No,No,74,66,64,1.100,6.750,13.950,8.191,0.001,4.440,0.430,175.0,175.0,175.0,175.0,0,0.0,8.3,2.9,16.4,4.3,0.0,0.3,34.3,85.9,0.0,0.9,0.0,0.0,0.0,0.2,6.8,10.0,3.8,0.7,0.1,0.0,0.1,8.3,38.8,12.3,52.0,12.7,0.0,0.0,0.0,0.0,0.0,0.0,0.0,0.0,0.0,0.0,55.6,0.0,0.0,1.7,0.4,0.0,0.0,99.6,92.8,89.7,96.0,99.1,99.8,99.8,99.8,54.5,38.8,81.1,8.3,0.4,98.7,99.8,997.6,10.00,22,15,15,28,103,160,2,2,Yes,No,No,No,No,No,No,No,No,No,Yes,No,No,Yes,No,No,No,No,No,No,No,Yes,No,No,No,No,No,Yes,No,No,No,No,No,No,No,Yes,No,No,85.0,3900,2940,3780,56.8,1.095,1.110,1.800,1.815,0.990,5.110,0.875,No,No,No,57.2,1.095,1.110,1.800,1.815,1.005,5.110,0.625,No,No,No,44,44,94.0,100.0,No,No,32159,47986,36,70,99.0,100.0,No,No,1844,3246,0.0,1.5,1.5,0.000,0.082,95926,52256,0.0,0.0,0.0,0.000,0.000,164001,82786,70.4,76.0,75.5,83.0,0.875,20.626,20.610,20.641,62.470,29.858,40.174,24.959,65.205,3.000,27.961,8.630,39.076,100.000,140.000,2250.0,2150.2,1890.0,2238.0,1905.0,77.0,24.0,0.0,1.0,92.5,25.0,100.0,0.0,0.0,0.0,Yes,No,No,No,No,Yes,No,0,0,0,0,0,0,0,0,0,0,0,0,0,0,0,0,0,0,0,0,0,0,0,0,0,0,0,0,0,0,617,7571,7338,567,16.0,63,0.300,12.855,600.0,2394.0,0.1,0.0,0.0,0.0,0.0,0.0,0.0,0.0,0.8,127,16065,127,No,No,No,No,No,No,No,No,16.746,68.277,100.0,0.000,24.1,0,0,0,0.0,1.2,1.2,1.2,1.2,1.2,1.2,1.2,1.2,1.2,1.2,1.2,1.2,867.98,867.98,867.98,867.98,867.98,867.98,858.87,8.96,867.47,0.51,135.69,651,9,0.1,0.0,0,0,0.0,0.0,0,
9.6.2026,14:19:47.644,23782,24985,48.7,14199,18185,43.8,10.5,16384,1720,1.196,1.180,1.202,1.192,1.172,1.183,1.198,1.183,1.193,1.203,1.188,1.213,1.213,1.213,1.213,1.101,0.783,2401.3,1396.6,4688.5,4688.5,4688.5,4688.5,4688.5,1097.3,1097.3,1097.3,1097.3,1097.3,1097.3,1097.3,1097.3,99.8,4090.0,317.7,76.5,521.3,106.1,0.1,7.0,1189.3,4357.5,0.2,10.6,0.1,0.5,0.1,5.8,25.9,22.8,27.8,1.7,0.4,0.4,0.5,397.0,8.0,3.7,19.1,6.1,0.0,1.4,32.4,91.2,0.0,0.0,1.2,0.0,0.4,0.1,0.0,1.7,2.1,0.0,0.0,0.0,0.0,91.2,8.0,100.0,12.4,3.2,21.6,4.4,0.0,0.7,47.3,165.9,0.0,0.5,0.0,0.0,0.0,0.3,1.4,1.2,1.5,0.1,0.0,0.0,0.1,12.4,24.1,14.0,47.0,47.0,47.0,47.0,47.0,11.0,11.0,11.0,11.0,11.0,11.0,11.0,11.0,41.0,61,61,63,62,64,61,60,61,61,61,61,61,61,61,61,39,39,37,38,36,39,40,39,39,39,39,39,39,39,39,75,64,No,No,No,No,No,No,No,No,No,No,No,No,No,No,No,No,No,No,No,No,No,No,No,No,No,No,No,No,No,No,No,No,No,No,No,No,No,No,No,No,No,No,No,No,No,No,No,No,74,66,64,1.100,5.906,13.225,7.473,0.001,4.443,0.430,175.0,175.0,175.0,175.0,0,0.0,7.8,3.3,17.8,5.0,0.0,0.3,32.0,91.0,0.0,0.3,0.0,0.0,0.0,0.5,1.9,2.0,2.4,0.2,0.0,0.0,0.1,8.7,47.6,5.6,60.2,8.5,0.0,0.0,0.0,0.0,0.0,0.0,0.0,0.0,0.0,0.0,56.7,0.0,1.2,0.6,0.0,0.0,0.0,99.4,97.8,97.8,97.4,99.7,99.8,99.8,99.8,52.9,28.3,86.3,3.4,0.0,99.4,99.8,997.6,10.00,22,15,15,28,103,160,2,2,Yes,No,No,No,No,No,No,No,No,No,Yes,No,No,Yes,No,No,No,No,No,No,No,Yes,No,No,No,No,No,Yes,No,No,No,No,No,No,No,Yes,No,No,85.0,3900,3120,3780,56.8,1.095,1.110,1.800,1.815,0.990,5.110,0.625,No,No,No,57.2,1.095,1.110,1.800,1.815,0.990,5.110,0.750,No,No,No,44,44,94.0,100.0,No,No,32159,47986,36,70,99.0,100.0,No,No,1844,3246,0.0,0.6,0.6,0.000,0.017,95926,52256,0.0,0.0,0.0,0.000,0.000,164001,82786,71.0,76.0,76.1,83.0,0.875,20.640,20.623,20.656,60.296,34.688,40.830,24.397,65.295,3.000,27.390,41.968,39.935,100.000,140.000,2250.0,2150.2,1890.0,2237.0,1905.0,95.0,63.0,0.0,0.0,92.5,25.0,100.0,0.0,0.0,0.0,Yes,No,No,No,No,Yes,No,0,0,0,0,0,0,0,0,0,0,0,0,0,0,0,0,0,0,0,0,0,0,0,0,0,0,0,0,0,0,617,7571,7338,567,16.0,64,0.300,13.576,600.0,997.0,0.1,0.0,0.0,0.0,0.0,0.0,0.0,0.0,0.8,127,16065,127,No,No,No,No,No,No,No,No,16.746,68.277,100.0,0.000,24.1,0,0,0,0.0,1.1,1.1,1.1,1.1,1.1,1.1,1.1,1.1,1.1,1.1,1.1,1.1,878.38,878.38,878.38,878.38,878.38,878.38,864.36,15.17,877.66,0.72,121.80,651,9,0.4,0.1,0,0,0.0,0.0,0,
9.6.2026,14:19:49.640,23783,24985,48.7,14203,18181,43.8,10.5,16384,1720,1.201,1.191,1.178,1.178,1.178,1.193,1.178,1.228,1.223,1.220,1.220,1.225,1.220,1.175,1.210,1.101,0.781,3307.0,1396.9,4689.7,4689.7,4889.2,4689.7,4689.7,3592.1,1097.6,1097.6,1097.6,3592.1,3592.1,3592.1,3592.1,99.8,4091.0,309.7,77.0,447.7,78.8,0.2,7.1,1450.9,4039.0,0.3,19.0,0.1,1.0,0.1,0.5,32.6,35.9,1.7,0.5,0.5,0.5,0.8,387.0,10.5,3.7,17.0,3.2,7.5,2.0,36.7,85.3,36.6,1.9,0.0,1.1,0.0,1.1,4.4,4.2,1.2,1.1,1.1,1.1,1.1,85.3,10.5,100.0,12.1,3.3,18.6,3.3,0.0,0.7,56.8,154.0,0.0,0.8,0.0,0.1,0.0,0.0,1.8,1.9,0.1,0.0,0.0,0.0,0.1,12.1,33.1,14.0,47.0,47.0,49.0,47.0,47.0,36.0,11.0,11.0,11.0,36.0,36.0,36.0,36.0,41.0,61,62,63,62,66,59,60,60,60,60,60,61,61,61,61,39,38,37,38,34,41,40,40,40,40,40,39,39,39,39,74,66,No,No,No,No,No,No,No,No,No,No,No,No,No,No,No,No,No,No,No,No,No,No,No,No,No,No,No,No,No,No,No,No,No,No,No,No,No,No,No,No,No,No,No,No,No,No,No,No,74,68,63,1.100,4.219,13.317,7.579,0.001,4.421,0.430,175.0,175.0,175.0,175.0,0,0.0,7.6,3.4,16.5,3.7,0.0,0.3,36.4,85.2,0.0,0.8,0.0,0.1,0.0,0.0,2.6,3.2,0.1,0.0,0.0,0.0,0.1,8.3,45.0,3.9,54.0,13.5,0.0,0.0,0.0,0.0,0.0,0.0,0.0,0.0,0.0,0.0,56.8,0.0,0.0,2.2,0.5,0.0,0.0,99.9,97.1,96.7,99.7,99.8,99.9,99.9,99.8,54.2,31.6,90.8,3.9,0.0,98.8,99.8,997.8,10.00,22,15,15,28,103,160,2,2,Yes,No,No,No,No,No,No,No,No,No,Yes,No,No,Yes,No,No,No,No,No,No,No,Yes,No,No,No,No,No,Yes,No,No,No,No,No,No,No,Yes,No,No,84.0,3840,3240,3720,56.8,1.095,1.110,1.800,1.815,0.990,5.110,0.500,No,No,No,57.0,1.110,1.110,1.800,1.815,0.990,5.110,1.125,No,No,No,44,44,94.0,100.0,No,No,32159,47986,36,70,99.0,100.0,No,No,1844,3246,0.0,1.5,1.5,0.000,0.030,95926,52256,0.0,0.0,0.0,0.000,0.000,164001,82786,70.8,76.0,76.0,83.0,0.875,20.663,20.647,20.679,61.655,32.740,37.524,23.021,60.631,3.000,26.015,43.950,35.039,100.000,140.000,2250.0,2150.2,1890.0,2234.3,1905.0,89.0,53.0,0.0,0.0,92.5,13.9,55.4,0.0,0.0,0.0,Yes,No,No,No,No,Yes,No,0,0,0,0,0,0,0,0,0,0,0,0,0,0,0,0,0,0,0,0,0,0,0,0,0,0,0,0,0,0,617,7571,7338,567,16.0,64,0.300,13.478,600.0,997.0,0.1,0.0,0.0,0.0,0.0,0.0,0.0,0.0,0.8,127,16065,127,No,No,No,No,No,No,No,No,16.747,68.277,100.0,0.000,24.1,0,0,0,0.0,1.1,1.1,1.1,1.1,1.1,1.1,1.1,1.1,1.1,1.1,1.1,1.1,878.38,878.38,878.38,878.38,878.38,878.38,864.36,15.17,877.66,0.72,121.80,651,9,0.1,0.1,0,0,0.0,0.0,0,
9.6.2026,14:19:51.639,23783,24985,48.7,14201,18183,43.8,10.5,16384,1720,1.187,1.178,1.196,1.166,1.176,1.203,1.213,1.193,1.183,1.193,1.196,1.186,1.176,1.176,1.176,1.101,0.781,2408.4,2294.4,4688.5,1396.6,4688.5,4688.5,4688.5,1097.3,1097.3,1097.3,3591.2,1097.3,1097.3,1097.3,1097.3,99.8,4090.0,310.2,66.3,450.6,48.5,0.1,7.1,1016.9,4539.8,0.1,4.8,0.1,0.5,0.1,0.4,35.4,22.8,8.2,0.4,0.4,0.4,0.5,387.6,7.4,3.2,14.6,1.5,0.0,0.0,28.4,94.7,0.0,0.0,0.0,0.0,0.0,0.0,3.6,2.0,0.0,0.0,0.0,0.0,0.0,94.7,7.4,100.0,12.1,2.8,18.7,2.2,0.0,0.7,40.4,172.7,0.0,0.2,0.0,0.0,0.0,0.0,1.9,1.2,0.5,0.0,0.0,0.0,0.0,12.1,24.1,23.0,47.0,14.0,47.0,47.0,47.0,11.0,11.0,11.0,36.0,11.0,11.0,11.0,11.0,41.0,61,62,61,62,66,59,59,60,60,60,60,61,61,61,61,39,38,39,38,34,41,41,40,40,40,40,39,39,39,39,74,66,No,No,No,No,No,No,No,No,No,No,No,No,No,No,No,No,No,No,No,No,No,No,No,No,No,No,No,No,No,No,No,No,No,No,No,No,No,No,No,No,No,No,No,No,No,No,No,No,74,64,65,1.100,11.813,13.201,7.519,0.001,4.371,0.427,175.0,175.0,175.0,175.0,0,0.0,7.5,3.3,14.4,2.3,0.0,0.3,28.4,94.6,0.0,0.1,0.0,0.0,0.0,0.0,2.9,2.0,0.7,0.0,0.0,0.0,0.0,7.5,31.7,6.4,61.5,5.1,0.0,0.0,0.0,0.0,0.0,0.0,0.0,0.0,0.0,0.0,56.7,0.0,0.0,0.8,0.0,0.0,0.0,99.9,96.9,97.8,99.1,99.8,99.8,99.9,99.8,57.0,47.1,89.9,5.3,0.0,99.7,99.8,997.6,10.00,22,15,15,28,103,160,2,2,Yes,No,No,No,No,No,No,No,No,No,Yes,No,No,No,No,No,No,No,No,No,No,No,No,No,No,No,No,Yes,No,No,No,No,No,No,No,Yes,No,No,84.0,3840,3300,3780,56.8,1.095,1.110,1.800,1.815,0.990,5.110,0.625,No,No,No,57.0,1.095,1.110,1.800,1.815,0.990,5.110,0.500,No,No,No,44,44,94.0,100.0,No,No,32159,47986,36,70,99.0,100.0,No,No,1844,3246,0.0,0.6,0.6,0.000,0.009,95926,52256,0.0,0.0,0.0,0.000,0.000,164001,82786,71.6,78.0,77.0,83.0,0.875,20.643,20.626,20.661,62.991,33.983,41.607,25.803,67.479,3.000,28.797,38.703,32.493,100.000,140.000,2250.0,2150.2,1890.0,2234.0,1905.0,92.0,59.0,0.0,0.0,92.5,25.0,100.0,0.0,0.0,0.0,Yes,No,No,No,No,Yes,No,0,0,0,0,0,0,0,0,0,0,0,0,0,0,0,0,0,0,0,0,0,0,0,0,0,0,0,0,0,0,617,7571,7338,567,16.0,64,0.300,12.423,600.0,997.0,0.1,0.0,0.0,0.0,0.0,0.0,0.0,0.0,0.8,127,16065,127,No,No,No,No,No,No,No,No,16.746,68.277,100.0,0.000,24.1,0,0,0,0.0,1.1,1.1,1.1,1.1,1.1,1.1,1.1,1.1,1.1,1.1,1.1,1.1,878.38,878.38,878.38,878.38,878.38,878.38,864.36,15.17,877.66,0.72,121.80,651,9,0.0,0.0,0,0,0.0,0.0,0,
9.6.2026,14:19:53.646,23782,24985,48.7,14227,18156,43.9,10.5,16384,1720,1.218,1.231,1.221,1.221,1.206,1.219,1.169,1.224,1.224,1.214,1.224,1.224,1.224,1.224,1.224,1.141,0.783,2607.9,4688.5,4688.5,4888.0,4888.0,4688.5,1396.6,1097.3,1097.3,3591.2,1097.3,1097.3,1097.3,1097.3,1097.3,99.8,4289.5,309.3,74.7,272.8,20.2,0.1,8.2,1273.5,4500.6,0.2,7.7,0.1,0.4,0.1,0.5,20.3,3.4,1.8,0.5,0.4,0.4,0.5,386.5,8.3,2.6,4.4,0.6,23.2,2.3,35.1,93.4,1.3,0.0,0.5,0.0,0.5,0.0,1.1,0.0,0.0,0.0,0.0,0.0,0.0,93.4,8.3,100.0,12.0,3.0,11.3,0.9,0.0,0.8,50.4,171.4,0.0,0.3,0.0,0.0,0.0,0.0,1.1,0.2,0.1,0.0,0.0,0.0,0.0,12.0,26.1,47.0,47.0,49.0,49.0,47.0,14.0,11.0,11.0,36.0,11.0,11.0,11.0,11.0,11.0,43.0,61,62,63,60,66,58,60,60,60,60,61,61,61,61,61,39,38,37,40,34,42,40,40,40,40,39,39,39,39,39,74,66,No,No,No,No,No,No,No,No,No,No,No,No,No,No,No,No,No,No,No,No,No,No,No,No,No,No,No,No,No,No,No,No,No,No,No,No,No,No,No,No,No,No,No,No,No,No,No,No,74,66,65,1.100,6.750,12.269,6.591,0.001,4.366,0.426,175.0,175.0,175.0,175.0,0,0.0,7.2,2.9,9.8,0.8,0.0,0.3,35.0,93.3,0.0,0.2,0.0,0.0,0.0,0.0,1.3,0.2,0.1,0.0,0.0,0.0,0.1,6.2,24.7,0.2,55.4,6.2,0.0,0.0,0.0,0.0,0.0,0.0,0.0,0.0,0.0,0.0,57.0,0.0,0.0,0.3,0.0,0.0,0.0,99.9,98.4,99.6,99.8,99.8,99.8,99.8,99.8,60.5,60.0,98.5,5.2,0.0,99.6,99.8,997.6,10.00,22,15,15,28,103,160,2,2,Yes,No,No,No,No,No,No,No,No,No,Yes,No,No,Yes,No,No,No,No,No,No,No,Yes,No,No,No,No,No,Yes,No,No,No,No,No,No,No,Yes,No,No,84.0,3840,3300,3780,56.8,1.095,1.110,1.800,1.815,0.990,5.110,0.500,No,No,No,57.0,1.095,1.110,1.800,1.815,0.990,5.110,1.000,No,No,No,44,44,94.0,100.0,No,No,32159,47986,36,70,99.0,100.0,No,No,1844,3246,0.0,0.6,0.6,0.000,0.016,95926,52256,0.0,0.0,0.0,0.000,0.000,164001,82786,71.6,78.0,76.9,83.0,0.875,20.644,20.628,20.659,62.694,35.445,40.059,24.403,64.540,3.000,27.395,54.975,33.740,100.000,140.000,2250.0,2150.2,1890.0,2236.0,1905.0,93.0,63.0,0.0,1.0,92.5,25.0,100.0,0.0,0.0,0.0,Yes,No,No,No,No,Yes,No,0,0,0,0,0,0,0,0,0,0,0,0,0,0,0,0,0,0,0,0,0,0,0,0,0,0,0,0,0,0,617,7571,7338,567,16.0,64,0.300,12.722,600.0,997.0,0.1,0.0,0.0,0.0,0.0,0.0,0.0,0.0,0.8,127,16065,127,No,No,No,No,No,No,No,No,16.746,68.277,100.0,0.000,24.1,0,0,0,0.0,2.6,2.6,2.6,2.6,2.6,2.6,2.7,2.7,2.7,2.7,2.7,2.7,389.66,389.66,389.66,389.66,389.66,389.66,1.23,388.88,389.66,0.00,84.00,651,9,0.0,0.0,0,0,0.0,0.0,0,
9.6.2026,14:19:55.637,23785,24983,48.7,14266,18117,44.0,10.5,16384,1720,1.185,1.184,1.182,1.187,1.174,1.179,1.194,1.199,1.189,1.189,1.188,1.183,1.183,1.183,1.183,1.101,0.778,3291.9,4688.5,1396.6,4688.5,4688.5,4688.5,4688.5,3591.2,1097.3,1097.3,1097.3,3591.2,3591.2,3591.2,3591.2,99.8,4090.0,314.5,73.6,272.6,84.5,0.3,8.1,1314.4,4485.9,0.6,8.9,0.2,2.9,0.2,0.6,19.4,10.9,5.6,0.6,0.6,0.6,0.7,393.0,11.7,2.6,13.8,4.7,28.9,0.0,33.5,94.1,45.5,1.0,0.0,0.8,0.0,0.8,1.3,2.2,1.2,0.8,0.8,0.8,0.8,94.1,11.7,100.0,12.2,3.0,11.5,3.6,0.0,0.8,52.0,170.8,0.0,0.4,0.0,0.1,0.0,0.1,1.1,0.6,0.3,0.1,0.1,0.1,0.1,12.2,33.0,47.0,14.0,47.0,47.0,47.0,47.0,36.0,11.0,11.0,11.0,36.0,36.0,36.0,36.0,41.0,61,61,63,64,66,59,59,60,60,60,60,61,61,61,61,39,39,37,36,34,41,41,40,40,40,40,39,39,39,39,75,66,No,No,No,No,No,No,No,No,No,No,No,No,No,No,No,No,No,No,No,No,No,No,No,No,No,No,No,No,No,No,No,No,No,No,No,No,No,No,No,No,No,No,No,No,No,No,No,No,74,67,64,1.100,18.563,12.911,7.225,0.001,4.375,0.427,175.0,175.0,175.0,175.0,0,0.0,7.3,2.7,9.1,4.0,0.0,0.3,33.2,94.0,0.0,0.2,0.0,0.1,0.0,0.0,1.3,0.7,0.5,0.0,0.0,0.0,0.0,6.9,29.9,6.4,55.3,5.5,0.0,0.0,0.0,0.0,0.0,0.0,0.0,0.0,0.0,0.0,57.0,0.0,1.5,0.1,0.0,0.0,0.0,99.8,98.4,99.1,99.4,99.8,99.8,99.8,99.8,58.1,55.4,86.8,7.4,0.0,99.6,99.7,2394.1,24.00,36,35,35,68,103,383,2,2,Yes,No,No,No,No,No,No,No,No,No,Yes,No,No,Yes,No,No,No,No,No,No,No,Yes,No,No,No,No,No,Yes,No,No,No,No,No,No,No,Yes,No,No,84.0,3840,3300,3780,56.8,1.095,1.110,1.800,1.815,0.990,5.110,0.875,No,No,No,57.0,1.095,1.110,1.800,1.815,0.990,5.110,0.500,No,No,No,44,44,94.0,100.0,No,No,32159,47986,36,70,99.0,100.0,No,No,1844,3246,0.0,1.5,1.5,0.000,0.056,95926,52256,0.0,0.0,0.0,0.000,0.000,164001,82786,70.0,76.0,74.8,83.0,0.875,20.661,20.648,20.675,60.317,31.333,35.948,22.486,58.509,3.000,25.476,41.763,32.152,100.000,140.000,2250.0,2150.2,1890.0,2236.7,1905.0,87.0,43.0,0.0,0.0,92.5,20.1,80.6,0.0,0.0,0.0,Yes,No,No,No,No,Yes,No,0,0,0,0,0,0,0,0,0,0,0,0,0,0,0,0,0,0,0,0,0,0,0,0,0,0,0,0,0,0,617,7571,7338,567,16.0,64,0.300,12.728,550.0,997.0,0.1,0.0,0.0,0.0,0.0,0.0,0.0,0.0,0.8,127,16065,127,No,No,No,No,No,No,No,No,16.746,68.277,100.0,0.000,24.1,0,0,0,0.0,2.6,2.6,2.6,2.6,2.6,2.6,2.7,2.7,2.7,2.7,2.7,2.7,389.66,389.66,389.66,389.66,389.66,389.66,1.23,388.88,389.66,0.00,84.00,651,9,0.0,0.0,0,0,0.0,0.0,0,
9.6.2026,14:19:57.650,23787,24981,48.7,14301,18083,44.1,10.5,16384,1720,1.204,1.181,1.221,1.186,1.205,1.185,1.190,1.209,1.209,1.209,1.213,1.213,1.213,1.213,1.213,1.101,0.781,2415.5,1396.6,4688.5,4688.5,4888.0,4688.5,4688.5,1097.3,1097.3,1097.3,1097.3,1097.3,1097.3,1097.3,1097.3,99.8,4090.0,311.2,78.8,294.7,59.4,0.1,8.4,1381.2,4335.0,0.2,17.7,0.1,1.4,0.1,2.4,25.2,14.4,2.3,0.5,0.5,0.4,0.5,388.8,7.3,2.9,10.8,2.1,0.0,2.2,36.8,90.2,0.0,0.2,0.0,0.0,0.0,0.0,0.1,0.2,0.0,0.0,0.0,0.0,0.0,90.2,7.3,100.0,12.1,3.2,12.3,2.5,0.0,0.8,54.6,165.4,0.0,0.8,0.0,0.1,0.0,0.2,1.4,0.8,0.1,0.0,0.0,0.0,0.0,12.1,24.2,14.0,47.0,47.0,49.0,47.0,47.0,11.0,11.0,11.0,11.0,11.0,11.0,11.0,11.0,41.0,61,62,62,62,66,56,59,60,60,60,60,62,62,62,62,39,38,38,38,34,44,41,40,40,40,40,38,38,38,38,74,66,No,No,No,No,No,No,No,No,No,No,No,No,No,No,No,No,No,No,No,No,No,No,No,No,No,No,No,No,No,No,No,No,No,No,No,No,No,No,No,No,No,No,No,No,No,No,No,No,75,64,65,1.100,8.438,13.145,7.437,0.001,4.424,0.428,175.0,175.0,175.0,175.0,0,0.0,7.4,3.1,11.1,2.4,0.0,0.3,36.6,90.2,0.0,0.5,0.0,0.1,0.0,0.2,1.9,1.2,0.2,0.1,0.0,0.0,0.0,6.4,26.3,6.2,46.9,9.0,1.3,0.0,0.0,0.0,0.0,0.0,0.0,0.0,0.0,0.0,57.0,0.5,0.0,1.9,0.0,0.0,0.0,99.7,97.9,98.6,99.7,99.8,99.8,99.8,99.8,59.0,55.8,90.3,10.3,0.0,97.7,99.8,1795.6,18.00,26,26,26,51,103,287,2,2,Yes,No,No,No,No,No,No,No,No,No,Yes,No,No,Yes,No,No,No,No,No,No,No,Yes,No,No,No,No,No,Yes,No,No,No,No,No,No,No,Yes,No,No,85.0,3900,3240,3780,56.8,1.095,1.110,1.800,1.815,0.990,5.110,0.625,No,No,No,57.0,1.095,1.110,1.800,1.815,0.990,5.110,0.625,No,No,No,44,44,94.0,100.0,No,No,32159,47986,36,70,99.0,100.0,No,No,1844,3246,0.1,0.8,0.9,0.008,0.037,95926,52256,0.0,0.0,0.0,0.000,0.000,164001,82786,69.4,76.0,74.4,83.0,0.875,20.686,20.677,20.695,64.195,26.726,31.880,16.996,48.965,3.000,19.991,32.842,33.407,100.000,140.000,2250.0,2150.2,1890.0,2237.1,1905.0,89.0,43.0,0.0,1.0,92.5,25.0,100.0,0.0,0.0,0.0,Yes,No,No,No,No,Yes,No,0,0,0,0,0,0,0,0,0,0,0,0,0,0,0,0,0,0,0,0,0,0,0,0,0,0,0,0,0,0,617,7571,7338,567,16.0,65,0.300,12.855,600.0,2394.0,0.1,0.0,0.0,0.0,0.0,0.0,0.0,0.0,0.8,127,16065,127,No,No,No,No,No,No,No,No,16.747,68.277,100.0,0.000,24.1,0,0,0,0.0,1.1,1.1,1.1,1.1,1.1,1.1,1.1,1.1,1.1,1.1,1.1,1.1,897.32,897.32,897.32,897.32,897.32,897.32,0.33,896.19,897.32,0.00,465.88,651,9,0.0,0.0,0,0,0.0,0.0,0,
9.6.2026,14:19:59.655,23787,24980,48.7,14320,18064,44.2,10.5,16384,1720,1.208,1.195,1.175,1.175,1.217,1.192,1.192,1.220,1.225,1.225,1.220,1.228,1.228,1.213,1.213,1.101,0.783,3484.3,4688.5,4688.5,1396.6,4888.0,4688.5,4688.5,1097.3,3591.2,3591.2,1097.3,3591.2,3591.2,3591.2,3591.2,99.8,4090.0,317.2,71.4,352.4,59.7,0.2,7.2,1314.3,4418.7,0.2,32.0,0.1,12.5,0.1,1.1,30.8,38.2,2.4,0.5,0.5,0.5,0.6,396.3,11.5,3.5,11.5,1.9,36.5,0.0,34.6,92.6,39.8,1.3,0.0,0.1,0.0,0.0,4.3,4.7,0.0,0.0,0.0,0.0,0.0,92.6,11.5,100.0,12.3,3.0,14.5,2.6,0.0,0.7,51.9,168.2,0.0,1.3,0.0,0.5,0.0,0.1,1.7,2.1,0.2,0.0,0.0,0.0,0.1,12.3,34.9,47.0,47.0,14.0,49.0,47.0,47.0,11.0,36.0,36.0,11.0,36.0,36.0,36.0,36.0,41.0,61,62,63,63,66,59,59,60,60,60,60,61,61,61,61,39,38,37,37,34,41,41,40,40,40,40,39,39,39,39,75,66,No,No,No,No,No,No,No,No,No,No,No,No,No,No,No,No,No,No,No,No,No,No,No,No,No,No,No,No,No,No,No,No,No,No,No,No,No,No,No,No,No,No,No,No,No,No,No,No,75,67,64,1.100,9.281,12.959,7.234,0.001,4.381,0.428,175.0,175.0,175.0,175.0,0,0.0,7.7,3.0,13.0,2.2,0.0,0.3,34.1,92.5,0.0,1.5,0.0,0.3,0.0,0.1,2.3,3.4,0.2,0.0,0.0,0.0,0.1,7.5,33.7,6.5,57.2,7.1,0.5,0.0,0.0,0.0,0.0,0.0,0.0,0.0,0.0,0.0,56.7,0.0,0.0,0.9,0.0,0.0,0.0,99.8,97.3,96.4,99.7,99.8,99.9,99.9,99.8,56.5,47.7,90.0,4.1,0.0,97.6,99.5,2194.6,22.00,32,32,32,62,103,351,2,2,Yes,No,No,No,No,No,No,No,No,No,Yes,No,No,Yes,No,No,No,No,No,No,No,Yes,No,No,No,No,No,Yes,No,No,No,No,No,No,No,Yes,No,No,85.0,3900,3300,3720,56.8,1.095,1.110,1.800,1.815,0.990,5.110,0.500,No,No,No,57.0,1.095,1.110,1.800,1.815,0.990,5.110,0.750,No,No,No,44,44,94.0,100.0,No,No,32159,47986,36,70,99.0,100.0,No,No,1844,3246,0.1,1.7,1.9,0.016,0.203,95926,52257,0.0,0.0,0.0,0.000,0.000,164001,82786,71.8,76.0,77.6,83.0,0.875,20.643,20.628,20.658,60.443,32.312,38.937,24.300,63.317,3.000,27.284,39.086,30.262,100.000,140.000,2250.0,2150.2,1890.0,2236.5,1905.0,91.0,61.0,0.0,0.0,92.5,25.0,100.0,0.0,0.0,0.0,Yes,No,No,No,No,Yes,No,0,0,0,0,0,0,0,0,0,0,0,0,0,0,0,0,0,0,0,0,0,0,0,0,0,0,0,0,0,0,617,7571,7338,553,16.0,64,0.300,13.115,600.0,1795.0,0.1,0.0,0.0,0.0,0.0,0.0,0.0,0.0,0.8,127,16065,127,No,No,No,No,No,No,No,No,16.746,68.277,100.0,0.000,24.1,0,0,0,0.0,1.1,1.1,1.1,1.1,1.1,1.1,1.1,1.1,1.1,1.1,1.1,1.1,896.39,896.39,896.39,896.39,896.39,896.39,888.92,8.92,895.94,0.45,104.04,651,9,0.1,0.1,0,0,0.0,0.0,0,
9.6.2026,14:20:1.642,23785,24983,48.7,14361,18023,44.3,10.5,16384,1720,1.196,1.203,1.198,1.162,1.177,1.197,1.213,1.193,1.203,1.223,1.213,1.183,1.213,1.184,1.184,1.101,0.781,2344.3,4688.5,1396.6,1396.6,4688.5,4688.5,4688.5,1097.3,3591.2,1097.3,1097.3,1097.3,1097.3,1097.3,1097.3,99.8,4090.0,323.8,77.5,627.9,72.4,0.3,6.2,1222.6,4285.2,0.4,19.5,0.2,3.0,0.3,0.6,95.8,32.0,29.2,0.6,0.6,0.6,0.6,404.6,10.8,3.2,22.9,3.3,11.0,3.8,31.9,90.3,12.2,0.4,25.9,0.0,0.0,0.0,7.7,0.9,2.2,0.0,0.0,0.0,0.0,90.3,10.8,100.0,12.8,3.3,26.1,3.3,0.0,0.6,48.7,163.3,0.0,0.9,0.0,0.1,0.0,0.1,5.1,1.7,1.6,0.1,0.1,0.1,0.1,12.8,23.5,47.0,14.0,14.0,47.0,47.0,47.0,11.0,36.0,11.0,11.0,11.0,11.0,11.0,11.0,41.0,61,63,63,62,64,61,60,60,60,60,60,61,61,60,60,39,37,37,38,36,39,40,40,40,40,40,39,39,40,40,74,64,No,No,No,No,No,No,No,No,No,No,No,No,No,No,No,No,No,No,No,No,No,No,No,No,No,No,No,No,No,No,No,No,No,No,No,No,No,No,No,No,No,No,No,No,No,No,No,No,75,67,64,1.100,6.750,12.909,7.175,0.001,4.422,0.428,175.0,175.0,175.0,175.0,0,0.0,8.2,3.4,20.9,3.5,0.0,0.2,31.9,90.2,0.0,0.6,0.0,0.1,0.0,0.1,7.8,2.6,2.3,0.1,0.1,0.1,0.1,9.4,50.3,10.5,60.7,9.2,1.0,0.0,0.0,0.0,0.0,0.0,0.0,0.0,0.0,0.0,56.2,0.0,0.0,1.3,0.0,0.0,0.0,99.8,91.8,97.2,97.5,99.8,99.8,99.8,99.8,50.9,21.9,83.9,2.4,0.0,97.7,99.7,2394.1,24.00,36,35,35,68,103,383,2,2,Yes,No,No,No,No,No,No,No,No,No,Yes,No,No,Yes,No,No,No,No,No,No,No,Yes,No,No,No,No,No,Yes,No,No,No,No,No,No,No,Yes,No,No,85.0,3900,3300,3780,56.5,1.095,1.110,1.800,1.815,0.990,5.110,0.750,No,No,No,57.0,1.110,1.110,1.800,1.815,0.990,5.110,0.625,No,No,No,44,44,94.0,100.0,No,No,32159,47986,36,70,99.0,100.0,No,No,1844,3246,0.0,0.9,0.9,0.000,0.014,95926,52257,0.0,0.0,0.0,0.000,0.000,164001,82786,67.0,78.0,71.8,83.0,0.875,20.659,20.646,20.673,60.754,26.002,35.903,21.905,57.884,3.000,24.887,13.891,24.546,100.000,140.000,2250.0,2150.2,1890.0,2234.4,1905.0,83.0,31.0,0.0,0.0,92.5,23.2,92.8,0.0,0.0,0.0,Yes,No,No,No,No,Yes,No,0,0,0,0,0,0,0,0,0,0,0,0,0,0,0,0,0,0,0,0,0,0,0,0,0,0,0,0,0,0,617,7571,7338,566,16.0,64,0.300,13.633,600.0,2194.0,0.1,0.0,0.0,0.0,0.0,0.0,0.0,0.0,0.8,127,16065,127,No,No,No,No,No,No,No,No,16.746,68.277,100.0,0.000,24.1,0,0,0,0.0,1.3,1.3,1.3,1.3,1.3,1.3,1.3,1.3,1.3,1.3,1.3,1.3,769.57,769.57,769.57,769.57,769.57,769.57,0.35,768.94,769.57,0.00,658.35,651,9,0.0,0.0,0,0,0.0,0.0,0,
9.6.2026,14:20:3.648,23300,25468,47.7,14404,17979,44.4,10.5,16384,1720,1.123,1.190,1.177,1.166,1.161,0.760,0.760,1.080,1.200,1.200,1.200,1.208,1.208,1.208,1.208,1.101,0.783,1546.2,4688.5,1396.6,798.0,4688.5,798.0,798.0,798.0,1097.3,1097.3,1097.3,1097.3,1097.3,1097.3,1097.3,99.8,4090.0,323.5,66.5,555.9,146.7,0.2,6.6,1530.6,3910.6,0.3,25.6,0.1,8.5,0.1,24.2,76.3,38.2,26.4,18.0,0.6,34.5,0.5,401.0,9.8,3.3,21.8,7.0,15.2,0.0,39.8,83.3,0.0,1.5,0.0,1.0,0.0,2.7,6.1,3.6,2.8,2.3,0.8,3.8,0.8,83.3,9.8,100.0,12.8,2.8,23.6,6.5,0.0,0.6,60.4,149.2,0.0,1.1,0.0,0.4,0.0,1.3,4.2,2.1,1.4,1.0,0.1,1.9,0.1,12.8,15.5,47.0,14.0,8.0,47.0,8.0,8.0,8.0,11.0,11.0,11.0,11.0,11.0,11.0,11.0,41.0,60,63,61,62,67,58,59,58,58,58,58,60,60,60,60,40,37,39,38,33,42,41,42,42,42,42,40,40,40,40,74,67,No,No,No,No,No,No,No,No,No,No,No,No,No,No,No,No,No,No,No,No,No,No,No,No,No,No,No,No,No,No,No,No,No,No,No,No,No,No,No,No,No,No,No,No,No,No,No,No,74,67,64,1.100,14.344,13.632,7.891,0.001,4.425,0.430,175.0,175.0,175.0,175.0,0,0.2,8.7,3.3,21.5,7.1,0.0,0.3,39.7,83.2,0.0,0.8,0.0,0.3,0.0,2.0,6.1,2.9,2.1,1.6,0.1,3.1,0.1,8.5,39.5,12.4,51.6,14.9,0.2,0.0,0.0,0.0,0.0,0.0,0.0,0.0,0.0,0.0,55.9,0.4,0.0,0.9,0.9,0.0,0.0,97.8,93.5,96.9,97.7,98.3,99.8,96.8,99.8,51.6,30.1,78.0,3.7,0.1,98.4,99.4,2194.6,22.00,32,32,32,62,103,351,2,2,Yes,No,No,No,No,No,No,No,No,No,Yes,No,No,Yes,No,No,No,No,No,No,No,Yes,No,No,No,No,No,Yes,No,No,No,No,No,No,No,Yes,No,No,85.0,3840,3180,3780,56.5,1.095,1.110,1.800,1.815,0.990,5.110,0.750,No,No,No,56.8,1.095,1.110,1.800,1.815,0.990,5.110,0.750,No,No,No,44,44,94.0,100.0,No,No,32159,47986,36,70,99.0,100.0,No,No,1844,3246,0.1,1.2,1.4,0.067,0.029,95926,52257,0.0,0.0,0.0,0.000,0.000,164001,82786,69.3,78.0,74.3,83.0,0.875,20.643,20.629,20.657,62.594,27.688,36.599,23.063,59.741,3.000,26.058,9.458,35.895,100.000,140.000,2250.0,2150.2,1890.0,2234.8,1905.0,87.0,45.0,0.0,0.0,92.5,20.4,81.4,0.0,0.0,0.0,Yes,No,No,No,No,Yes,No,0,0,0,0,0,0,0,0,0,0,0,0,0,0,0,0,0,0,0,0,0,0,0,0,0,0,0,0,0,0,617,7571,7338,567,16.0,65,0.300,13.386,600.0,2394.0,0.1,0.0,0.0,0.0,0.0,0.0,0.0,0.0,0.8,127,16065,127,No,No,No,No,No,No,No,No,16.746,68.277,100.0,0.000,24.1,0,0,0,0.0,2.6,2.6,2.6,2.6,2.6,2.6,2.7,2.7,2.7,2.7,2.7,2.7,389.87,389.87,389.87,389.87,389.87,389.87,385.26,5.33,389.51,0.36,243.15,651,9,0.4,1.5,0,0,0.0,0.0,0,
9.6.2026,14:20:5.662,18847,29921,38.6,14076,18308,43.4,10.5,16384,1720,1.196,1.190,1.162,1.157,1.163,1.168,1.223,1.208,1.208,1.208,1.207,1.212,1.213,1.213,1.213,1.101,0.781,2151.9,4489.0,1396.6,4688.5,4688.5,1396.6,4688.5,1097.3,1097.3,1097.3,1097.3,1097.3,1097.3,1097.3,1097.3,99.8,4090.0,1179.5,714.3,1763.1,1405.2,789.3,936.4,2682.6,3237.3,1127.1,1368.0,839.0,1159.9,774.3,792.9,963.2,985.9,991.9,837.9,732.2,700.4,789.9,1283.1,34.3,19.0,50.5,40.7,17.1,19.7,62.7,73.7,57.9,34.5,15.4,27.2,19.8,26.7,35.9,38.1,39.3,30.4,26.4,20.6,30.4,73.7,34.3,100.0,50.6,27.6,69.6,55.1,30.2,36.1,102.8,124.3,43.2,52.6,32.1,44.5,29.6,42.6,51.7,52.9,52.9,44.9,39.2,37.4,42.1,50.6,21.6,45.0,14.0,47.0,47.0,14.0,47.0,11.0,11.0,11.0,11.0,11.0,11.0,11.0,11.0,41.0,64,67,64,77,59,65,62,63,63,63,63,62,64,64,64,36,33,36,23,41,35,38,37,37,37,37,38,36,36,36,77,77,No,No,No,No,No,No,No,No,No,No,No,No,No,No,No,No,No,No,No,No,No,No,No,No,No,No,No,No,No,No,Yes,Yes,Yes,Yes,Yes,Yes,Yes,Yes,Yes,Yes,Yes,Yes,Yes,Yes,Yes,No,No,Yes,77,74,66,1.100,27.844,13.853,8.082,0.001,4.453,0.432,175.0,175.0,175.0,175.0,0,0.0,33.5,19.0,49.9,39.8,20.5,23.5,62.6,73.5,27.7,34.0,21.5,29.0,19.9,26.1,35.9,37.7,38.9,29.8,25.8,23.7,30.9,7.6,12.7,17.0,15.9,15.9,10.4,8.1,0.4,5.4,7.6,2.6,4.7,2.0,3.4,0.0,38.6,5.7,4.8,6.8,2.7,2.1,2.3,72.3,56.9,53.1,57.5,64.2,71.2,72.2,68.5,29.5,25.1,33.0,9.4,1.1,50.3,58.0,2394.1,24.00,36,35,35,68,103,383,2,2,Yes,No,No,No,No,No,No,No,No,Yes,Yes,No,No,Yes,No,No,No,No,No,No,No,Yes,No,No,No,No,No,Yes,No,No,No,No,No,No,No,Yes,No,No,85.0,3900,3180,3780,56.8,1.095,1.110,1.800,1.815,0.990,5.110,1.250,No,No,No,57.0,1.095,1.110,1.800,1.815,0.990,5.110,0.875,No,No,No,44,44,94.0,100.0,No,No,32159,47986,36,70,99.0,100.0,No,No,1844,3246,0.3,0.4,0.7,0.016,0.041,95926,52257,0.0,0.0,0.0,0.000,0.000,164001,82786,61.1,70.0,68.3,83.0,0.870,20.601,20.605,20.597,21.899,9.477,10.775,7.480,18.270,3.000,10.485,8.019,8.312,100.000,140.000,2175.0,1750.2,1875.0,2236.4,1890.0,11.0,2.0,0.0,6.0,69.3,11.5,46.0,0.0,0.0,0.0,Yes,No,No,No,No,Yes,No,0,0,0,0,0,0,0,0,0,0,0,0,0,0,0,0,0,0,0,0,0,0,0,0,0,0,0,0,0,0,2515,5673,1920,567,16.0,65,0.300,29.512,550.0,2194.0,0.1,0.0,0.0,0.0,0.0,0.0,0.0,0.0,0.8,127,16065,127,No,No,No,No,No,No,No,No,16.746,68.277,100.0,0.000,24.1,0,0,0,0.0,2.6,2.6,2.6,2.6,2.6,2.6,2.7,2.7,2.7,2.7,2.7,2.7,389.87,389.87,389.87,389.87,389.87,389.87,385.26,5.33,389.51,0.36,243.15,651,9,0.8,0.3,0,0,0.0,0.0,0,
9.6.2026,14:20:7.651,23831,24937,48.8,14057,18327,43.4,10.5,16384,1720,1.204,1.207,1.185,1.170,1.172,1.187,1.232,1.217,1.216,1.221,1.215,1.215,1.220,1.190,1.215,1.101,0.783,2216.0,2094.9,1396.6,4688.5,4688.5,4688.5,4688.5,1097.3,1097.3,1097.3,1097.3,1097.3,1097.3,1097.3,1097.3,99.8,4090.0,444.1,58.2,1086.0,263.5,0.2,0.6,3069.2,2510.7,0.3,49.8,0.7,89.0,0.1,79.3,412.7,625.6,456.1,125.5,46.4,8.5,0.5,543.9,18.7,2.6,51.8,14.0,0.0,7.8,66.0,54.3,0.0,1.7,7.1,5.2,0.0,7.3,37.1,56.3,41.2,11.4,4.1,5.1,1.4,66.0,18.7,100.0,18.9,2.2,46.5,13.2,0.0,0.0,117.9,97.1,0.0,2.4,0.0,3.9,0.0,4.3,22.3,33.5,24.4,6.7,2.5,0.5,0.0,18.9,22.2,21.0,14.0,47.0,47.0,47.0,47.0,11.0,11.0,11.0,11.0,11.0,11.0,11.0,11.0,41.0,61,64,61,67,58,57,60,62,61,61,61,61,61,61,61,39,36,39,33,42,43,40,38,39,39,39,39,39,39,39,75,67,No,No,No,No,No,No,No,No,No,No,No,No,No,No,No,No,No,No,No,No,No,No,No,No,No,No,No,No,No,No,No,No,No,No,No,No,No,No,No,No,No,No,No,No,No,No,No,No,74,66,65,1.100,6.750,35.542,28.748,0.001,5.217,0.684,175.0,175.0,175.0,175.0,0,0.0,17.3,2.0,49.8,13.5,0.0,0.0,65.8,54.1,0.0,1.9,0.0,2.5,0.0,6.8,36.4,55.4,40.4,11.4,4.2,0.8,0.0,12.2,38.6,47.6,32.2,41.9,3.6,6.4,0.0,0.0,0.0,0.0,0.0,0.0,0.0,0.0,45.8,0.0,0.0,0.4,0.6,0.0,0.0,92.8,62.0,43.5,58.9,88.2,95.6,99.1,99.9,35.6,1.4,30.7,0.2,1.4,91.2,88.5,2394.1,24.00,36,35,35,68,103,383,2,2,Yes,No,No,No,No,No,No,No,No,No,Yes,No,No,Yes,No,No,No,No,No,No,No,Yes,No,No,No,No,No,Yes,No,No,No,No,No,No,No,Yes,No,No,85.0,4020,3000,3900,56.8,1.095,1.110,1.800,1.815,0.990,5.110,0.625,No,No,No,57.0,1.095,1.110,1.800,1.815,0.990,5.110,0.875,No,No,No,44,44,94.0,100.0,No,No,32159,47986,36,70,99.0,100.0,No,No,1844,3246,0.0,1.2,1.2,0.000,0.262,95926,52257,0.0,0.0,0.0,0.000,0.000,164001,82786,69.9,74.0,74.8,83.0,0.875,20.631,20.616,20.645,45.639,33.678,38.409,22.163,60.656,3.000,25.158,55.373,30.988,100.000,140.000,2250.0,2150.2,1890.0,2234.3,1905.0,90.0,57.0,0.0,0.0,93.4,20.6,82.3,0.0,0.0,0.0,Yes,No,No,No,No,Yes,No,0,0,0,0,0,0,0,0,0,0,0,0,0,0,0,0,0,0,0,0,0,0,0,0,0,0,0,0,0,0,539,7649,7416,567,16.0,65,0.300,23.146,600.0,2394.0,0.1,0.0,0.0,0.0,0.0,0.0,0.0,0.0,0.8,127,16065,127,No,No,No,No,No,No,No,No,16.746,68.277,100.0,0.000,24.1,0,0,0,0.0,4.0,4.0,4.0,4.0,4.0,4.0,4.0,4.0,4.0,4.0,4.0,4.0,251.57,251.57,251.57,251.57,251.57,251.57,0.33,251.21,251.57,0.00,149.37,651,9,0.0,0.0,0,0,0.0,0.0,0,
9.6.2026,14:20:9.651,23734,25033,48.6,14098,18285,43.5,10.5,16384,1720,1.196,1.203,1.207,1.188,1.175,1.185,1.190,1.220,1.200,1.195,1.195,1.195,1.195,1.200,1.200,1.101,0.783,2757.5,4688.5,4688.5,4688.5,4688.5,1396.6,4688.5,1097.3,1097.3,1097.3,1097.3,1097.3,1097.3,3591.2,3591.2,99.8,4090.0,410.5,66.9,960.3,131.0,0.4,0.6,2878.1,2414.0,0.3,44.1,0.1,14.1,0.1,77.8,470.7,645.7,412.3,74.2,12.1,6.1,1.4,507.3,15.7,2.7,35.3,5.9,0.0,0.0,61.4,51.6,0.0,0.6,0.0,0.0,7.9,6.6,42.0,57.4,36.4,6.7,0.3,0.0,0.0,61.4,15.7,100.0,17.3,2.6,40.0,6.8,0.0,0.0,110.8,92.8,0.0,2.0,0.0,0.7,0.0,4.3,25.4,34.4,21.9,4.0,0.7,0.4,0.1,17.3,27.6,47.0,47.0,47.0,47.0,14.0,47.0,11.0,11.0,11.0,11.0,11.0,11.0,36.0,36.0,41.0,62,63,63,63,66,59,59,63,63,63,62,61,61,61,61,38,37,37,37,34,41,41,37,37,37,38,39,39,39,39,74,66,No,No,No,No,No,No,No,No,No,No,No,No,No,No,No,No,No,No,No,No,No,No,No,No,No,No,No,No,No,No,No,No,No,No,No,No,No,No,No,No,No,No,No,No,No,No,No,No,75,69,64,1.100,25.313,17.831,11.836,0.001,4.668,0.445,175.0,175.0,175.0,175.0,0,0.0,15.5,2.8,34.3,6.7,0.0,0.0,61.4,51.8,0.0,1.4,0.0,0.6,0.0,6.5,41.6,57.2,36.4,6.7,1.1,0.6,0.1,13.4,59.2,40.4,36.0,45.7,3.8,2.0,0.0,0.0,0.0,0.0,0.0,0.0,0.0,0.0,46.2,0.0,0.0,0.8,0.5,0.0,0.0,93.1,57.0,41.7,63.0,93.0,98.7,99.3,99.8,39.4,0.0,46.9,0.2,0.3,93.0,96.2,2394.1,24.00,36,35,35,68,103,383,2,2,Yes,No,No,No,No,No,No,No,No,No,Yes,No,No,Yes,No,No,No,No,No,No,No,Yes,No,No,No,No,No,Yes,No,No,No,No,No,No,No,Yes,No,No,84.0,4080,2820,3960,56.8,1.095,1.110,1.800,1.815,1.005,5.110,0.625,No,No,No,57.0,1.095,1.110,1.800,1.815,1.005,5.110,0.625,No,No,No,44,44,94.0,100.0,No,No,32159,47986,36,70,99.0,100.0,No,No,1844,3246,0.1,1.1,1.3,0.008,0.102,95926,52258,0.0,0.0,0.0,0.000,0.000,164001,82786,70.4,74.0,75.4,83.0,0.875,20.633,20.618,20.648,51.984,31.032,38.991,24.123,63.202,3.000,27.121,27.322,33.468,100.000,140.000,2250.0,2150.2,1890.0,2237.9,1905.0,90.0,60.0,0.0,1.0,92.5,25.0,100.0,0.0,0.0,0.0,Yes,No,No,No,No,Yes,No,0,0,0,0,0,0,0,0,0,0,0,0,0,0,0,0,0,0,0,0,0,0,0,0,0,0,0,0,0,0,617,7571,7338,567,16.0,64,0.300,17.291,600.0,2394.0,0.1,0.0,0.0,0.0,0.0,0.0,0.0,0.0,0.8,127,16065,127,No,No,No,No,No,No,No,No,16.746,68.277,100.0,0.000,24.1,0,0,0,0.0,3.8,3.8,3.8,3.8,3.8,3.8,4.1,4.1,4.1,4.1,4.1,4.1,264.09,264.09,264.09,264.09,264.09,264.09,255.92,8.70,263.73,0.36,758.77,651,9,0.1,0.1,0,0,0.0,0.0,0,
9.6.2026,14:20:11.653,23729,25039,48.6,14129,18254,43.6,10.5,16384,1720,1.201,1.205,1.200,1.180,1.175,1.190,1.184,1.204,1.219,1.228,1.205,1.205,1.205,1.205,1.205,1.101,0.778,2401.3,4688.5,4688.5,4688.5,4688.5,1396.6,4688.5,1097.3,1097.3,1097.3,1097.3,1097.3,1097.3,1097.3,1097.3,99.8,4090.0,383.5,68.7,739.7,123.6,0.3,0.6,3472.2,1603.9,0.2,15.8,0.1,8.3,0.1,69.9,413.5,664.8,423.8,62.9,1.1,0.6,0.6,475.3,14.5,2.4,24.9,6.8,0.0,0.3,73.0,34.4,0.0,0.2,0.0,0.6,0.3,5.7,36.5,59.8,37.8,6.0,0.4,0.4,0.4,73.0,14.5,100.0,16.2,2.7,31.1,6.4,0.0,0.0,132.4,62.4,0.0,0.8,0.0,0.4,0.0,3.8,22.2,35.4,22.6,3.4,0.1,0.1,0.1,16.2,24.1,47.0,47.0,47.0,47.0,14.0,47.0,11.0,11.0,11.0,11.0,11.0,11.0,11.0,11.0,41.0,62,63,61,63,64,59,59,63,63,63,63,61,61,61,61,38,37,39,37,36,41,41,37,37,37,37,39,39,39,39,75,64,No,No,No,No,No,No,No,No,No,No,No,No,No,No,No,No,No,No,No,No,No,No,No,No,No,No,No,No,No,No,No,No,No,No,No,No,No,No,No,No,No,No,No,No,No,No,No,No,75,64,65,1.100,8.438,16.882,10.951,0.001,4.605,0.439,175.0,175.0,175.0,175.0,0,0.0,14.5,2.8,24.7,6.7,0.0,0.0,73.2,34.8,0.0,0.7,0.0,0.3,0.0,6.1,36.7,59.6,37.8,5.7,0.1,0.1,0.1,12.6,61.2,35.1,24.7,54.5,0.4,0.5,0.0,0.1,0.0,0.0,0.0,0.0,0.0,0.0,46.7,0.0,0.0,1.2,2.0,0.0,0.0,93.6,62.0,39.4,61.6,94.0,99.7,99.8,99.8,43.5,7.1,52.0,0.0,6.3,97.3,98.4,997.6,10.00,22,15,15,28,103,160,2,2,Yes,No,No,No,No,No,No,No,No,No,Yes,No,No,Yes,No,No,No,No,No,No,No,Yes,No,No,No,No,No,Yes,No,No,No,No,No,No,No,Yes,No,No,84.0,4080,2760,3900,56.8,1.095,1.110,1.800,1.815,1.005,5.110,0.750,No,No,No,57.0,1.095,1.110,1.800,1.815,1.005,5.110,0.625,No,No,No,44,44,94.0,100.0,No,No,32159,47986,36,70,99.0,100.0,No,No,1844,3246,0.0,0.8,0.8,0.000,0.026,95926,52258,0.0,0.0,0.0,0.000,0.000,164001,82786,70.5,76.0,75.5,83.0,0.875,20.645,20.631,20.659,60.601,31.105,35.953,23.024,59.043,3.000,26.008,39.023,31.687,100.000,140.000,2250.0,2150.2,1890.0,2237.6,1905.0,92.0,54.0,0.0,0.0,92.5,15.7,62.9,0.0,0.0,0.0,Yes,No,No,No,No,Yes,No,0,0,0,0,0,0,0,0,0,0,0,0,0,0,0,0,0,0,0,0,0,0,0,0,0,0,0,0,0,0,617,7571,7338,567,16.0,66,0.300,15.869,600.0,2394.0,0.1,0.0,0.0,0.0,0.0,0.0,0.0,0.0,0.8,127,16065,127,No,No,No,No,No,No,No,No,16.746,68.277,100.0,0.000,24.1,0,0,0,0.0,4.0,4.0,4.0,4.0,4.0,4.0,3.9,3.9,3.9,3.9,3.9,3.9,252.76,252.76,252.76,252.76,252.76,252.76,248.56,4.80,252.42,0.34,751.17,651,9,0.0,0.0,0,0,0.0,0.0,0,
9.6.2026,14:20:13.658,23737,25031,48.6,14164,18220,43.7,10.5,16384,1720,1.136,1.212,1.163,1.173,1.163,1.178,1.220,1.205,0.765,0.771,1.216,1.211,1.211,1.211,1.212,1.101,0.783,1931.0,1396.6,1396.6,1396.6,4688.5,4688.5,4688.5,1097.3,1097.3,1097.3,1097.3,1097.3,1097.3,1097.3,1097.3,99.8,4090.0,394.6,74.4,96.9,747.8,0.2,1692.8,348.2,3069.0,0.3,75.9,0.2,19.9,0.1,187.0,203.4,433.3,676.6,128.2,89.0,42.7,6.2,476.6,15.8,3.6,1.7,22.9,10.2,37.6,0.0,65.1,3.5,5.6,0.0,1.9,0.0,17.1,18.6,39.3,61.1,12.1,9.3,5.1,1.8,65.1,15.8,100.0,16.7,3.0,4.0,31.1,0.0,65.7,13.4,117.6,0.0,3.6,0.0,1.0,0.0,10.1,11.0,23.4,36.1,6.8,4.7,2.3,0.4,16.7,19.4,14.0,14.0,14.0,47.0,47.0,47.0,11.0,11.0,11.0,11.0,11.0,11.0,11.0,11.0,41.0,62,63,64,62,66,61,59,61,61,61,61,61,61,61,61,38,37,36,38,34,39,41,39,39,39,39,39,39,39,39,75,66,No,No,No,No,No,No,No,No,No,No,No,No,No,No,No,No,No,No,No,No,No,No,No,No,No,No,No,No,No,No,No,No,No,No,No,No,No,No,No,No,No,No,No,No,No,No,No,No,74,68,64,1.100,13.500,15.864,9.973,0.001,4.571,0.433,175.0,175.0,175.0,175.0,0,0.0,15.0,3.1,2.7,22.2,0.0,36.9,7.4,65.0,0.0,3.8,0.0,0.7,0.0,16.6,17.9,38.5,60.6,11.6,8.1,3.9,0.6,11.1,12.4,56.2,47.8,30.9,6.2,2.1,0.0,0.0,0.0,0.0,0.0,0.0,0.0,0.0,45.7,0.0,0.0,1.0,1.2,0.0,0.0,82.8,81.6,60.3,38.5,88.1,91.7,96.0,99.3,47.5,80.5,16.8,4.3,1.4,86.1,95.7,997.6,10.00,22,15,15,28,103,160,2,2,Yes,No,No,No,No,No,No,No,No,No,Yes,No,No,Yes,No,No,No,No,No,No,No,Yes,No,No,No,No,No,Yes,No,No,No,No,No,No,No,Yes,No,No,85.0,3900,2940,3780,56.8,1.095,1.110,1.800,1.815,1.005,5.110,0.625,No,No,No,57.0,1.110,1.110,1.800,1.815,1.005,5.110,0.750,No,No,No,44,44,94.0,100.0,No,No,32159,47986,36,70,99.0,100.0,No,No,1844,3246,0.0,0.5,0.5,0.000,0.012,95926,52258,0.0,0.0,0.0,0.000,0.000,164001,82786,71.4,76.0,76.6,83.0,0.875,20.620,20.603,20.636,59.131,33.595,44.592,23.859,68.553,3.000,26.859,39.954,28.349,100.000,140.000,2250.0,2150.2,1890.0,2237.0,1905.0,91.0,57.0,0.0,0.0,92.5,25.0,100.0,0.0,0.0,0.0,Yes,No,No,No,No,Yes,No,0,0,0,0,0,0,0,0,0,0,0,0,0,0,0,0,0,0,0,0,0,0,0,0,0,0,0,0,0,0,617,7571,7338,567,16.0,64,0.300,15.736,600.0,997.0,0.1,0.0,0.0,0.0,0.0,0.0,0.0,0.0,0.8,127,16065,127,No,No,No,No,No,No,No,No,16.746,68.277,100.0,0.000,24.1,0,0,0,0.0,1.3,1.3,1.3,1.3,1.3,1.3,1.4,1.4,1.4,1.4,1.4,1.4,757.56,757.56,757.56,757.56,757.56,757.56,748.73,9.33,757.14,0.42,269.68,651,9,0.1,0.0,0,0,0.0,0.0,0,
9.6.2026,14:20:15.654,23739,25029,48.6,14233,18151,43.9,10.5,16384,1720,1.182,1.189,1.188,1.193,1.178,1.178,1.153,1.178,1.178,1.193,1.181,1.186,1.186,1.183,1.183,1.063,0.781,2786.0,4489.0,4688.5,4688.5,4688.5,4688.5,4489.0,1097.3,1097.3,3591.2,1097.3,1097.3,1097.3,1097.3,1097.3,99.8,3890.5,393.8,78.5,0.2,877.5,0.2,2425.6,0.7,2735.6,0.3,45.7,0.3,21.1,0.4,166.1,131.1,543.7,743.2,79.2,24.3,0.7,0.8,485.6,24.8,4.3,0.0,26.4,39.2,52.2,32.1,58.3,41.4,1.2,45.2,0.0,47.9,14.2,10.5,48.7,66.9,6.0,0.9,0.0,0.0,66.9,24.8,100.0,16.7,3.4,0.0,36.6,0.0,94.0,0.0,105.2,0.0,2.5,0.0,1.1,0.0,9.0,7.0,29.2,39.7,4.3,1.3,0.1,0.1,16.7,27.9,45.0,47.0,47.0,47.0,47.0,45.0,11.0,11.0,36.0,11.0,11.0,11.0,11.0,11.0,39.0,62,62,65,62,67,61,59,61,61,61,61,62,62,62,62,38,38,35,38,33,39,41,39,39,39,39,38,38,38,38,74,67,No,No,No,No,No,No,No,No,No,No,No,No,No,No,No,No,No,No,No,No,No,No,No,No,No,No,No,No,No,No,No,No,No,No,No,No,No,No,No,No,No,No,No,No,No,No,No,No,74,68,66,1.100,13.500,15.702,9.791,0.001,4.590,0.434,175.0,175.0,175.0,175.0,0,0.0,14.8,4.8,0.0,26.2,0.0,52.5,0.0,58.6,0.0,1.8,0.0,0.8,0.0,14.5,11.6,48.5,66.6,7.2,2.2,0.1,0.1,11.9,5.2,66.8,42.0,38.4,13.8,0.0,0.0,0.0,0.3,0.0,0.0,0.0,0.0,0.0,46.1,0.0,0.0,0.4,0.7,0.0,0.0,84.8,88.0,49.9,32.2,92.5,97.6,99.8,99.8,45.2,88.6,2.0,2.4,0.5,80.3,97.3,997.6,10.00,22,15,15,28,103,160,2,2,Yes,No,No,No,No,No,No,No,No,No,Yes,No,No,Yes,No,No,No,No,No,No,No,Yes,No,No,No,No,No,Yes,No,No,No,No,No,No,No,Yes,No,No,85.0,3840,3120,3780,56.8,1.095,1.110,1.800,1.815,1.005,5.110,0.875,No,No,No,57.0,1.095,1.110,1.800,1.815,1.005,5.110,0.500,No,No,No,44,44,94.0,100.0,No,No,32159,47986,36,70,99.0,100.0,No,No,1844,3246,0.0,1.9,1.9,0.000,0.231,95926,52258,0.0,0.0,0.0,0.000,0.000,164001,82786,71.2,76.0,76.2,83.0,0.875,20.633,20.617,20.648,59.823,32.544,40.606,24.843,65.517,3.000,27.835,32.138,33.871,100.000,140.000,2250.0,2150.2,1890.0,2235.8,1905.0,94.0,62.0,0.0,1.0,92.5,25.0,99.9,0.0,0.0,0.0,Yes,No,No,No,No,Yes,No,0,0,0,0,0,0,0,0,0,0,0,0,0,0,0,0,0,0,0,0,0,0,0,0,0,0,0,0,0,0,617,7571,7338,567,16.0,66,0.300,15.546,600.0,997.0,0.1,0.0,0.0,0.0,0.0,0.0,0.0,0.0,0.8,127,16065,127,No,No,No,No,No,No,No,No,16.746,68.277,100.0,0.000,24.1,0,0,0,0.0,1.3,1.3,1.3,1.3,1.3,1.3,1.3,1.3,1.3,1.3,1.3,1.3,761.78,761.78,761.78,761.78,761.78,761.78,753.40,9.12,761.41,0.37,243.09,651,9,0.0,0.0,0,0,0.0,0.0,0,
9.6.2026,14:20:17.655,23730,25037,48.6,14231,18153,43.9,10.5,16384,1720,1.190,1.207,1.203,1.183,1.168,1.172,1.202,1.187,1.187,1.187,1.188,1.186,1.186,1.211,1.186,1.141,0.778,2401.3,4688.5,4688.5,4688.5,4688.5,1396.6,4688.5,1097.3,1097.3,1097.3,1097.3,1097.3,1097.3,1097.3,1097.3,99.8,4289.5,380.2,71.7,0.1,769.9,0.1,3432.7,0.1,1648.5,0.2,31.9,0.1,21.8,0.1,195.2,104.5,501.5,764.6,38.3,7.9,0.5,14.0,471.4,14.2,3.7,0.0,23.6,0.0,72.9,0.0,36.0,0.0,1.1,0.0,0.6,0.0,17.3,9.8,44.9,68.9,3.4,0.6,0.0,1.1,72.9,14.2,100.0,16.0,2.8,0.0,32.0,0.0,131.4,0.0,64.5,0.0,1.7,0.0,1.2,0.0,10.6,5.6,26.9,40.8,2.1,0.4,0.1,0.8,16.1,24.1,47.0,47.0,47.0,47.0,14.0,47.0,11.0,11.0,11.0,11.0,11.0,11.0,11.0,11.0,43.0,62,63,61,68,58,61,59,62,62,62,62,61,61,61,61,38,37,39,32,42,39,41,38,38,38,38,39,39,39,39,75,68,No,No,No,No,No,No,No,No,No,No,No,No,No,No,No,No,No,No,No,No,No,No,No,No,No,No,No,No,No,No,No,No,No,No,No,No,No,No,No,No,No,No,No,No,No,No,No,No,74,68,64,1.100,6.750,15.560,9.658,0.001,4.573,0.435,175.0,175.0,175.0,175.0,0,0.0,14.2,3.8,0.0,23.2,0.0,73.0,0.0,36.2,0.0,1.4,0.0,0.8,0.0,17.3,9.1,44.7,68.3,3.5,0.7,0.1,1.3,11.6,1.4,71.1,23.4,57.7,5.7,2.9,0.1,0.0,0.0,0.1,0.0,0.0,0.0,0.0,46.6,0.0,0.0,1.2,0.5,0.0,0.0,82.0,90.6,54.0,30.6,96.3,99.1,99.8,98.6,47.2,94.1,1.5,0.9,2.8,89.8,94.3,2194.6,22.00,32,32,32,62,103,351,2,2,Yes,No,No,No,No,No,No,No,No,No,Yes,No,No,Yes,No,No,No,No,No,No,No,Yes,No,No,No,No,No,Yes,No,No,No,No,No,No,No,Yes,No,No,86.0,3900,3240,3720,56.8,1.095,1.110,1.815,1.815,1.005,5.110,0.625,No,No,No,57.0,1.095,1.110,1.800,1.815,1.005,5.110,0.625,No,No,No,44,44,94.0,100.0,No,No,32159,47986,36,70,99.0,100.0,No,No,1844,3246,0.0,0.9,0.9,0.000,0.018,95926,52258,0.0,0.0,0.0,0.000,0.000,164001,82786,71.3,78.0,76.5,83.0,0.875,20.625,20.608,20.641,63.060,34.616,42.015,26.131,68.219,3.000,29.125,38.167,35.656,100.000,140.000,2250.0,2150.2,1890.0,2234.1,1905.0,94.0,57.0,0.0,0.0,92.5,12.6,50.3,0.0,0.0,0.0,Yes,No,No,No,No,Yes,No,0,0,0,0,0,0,0,0,0,0,0,0,0,0,0,0,0,0,0,0,0,0,0,0,0,0,0,0,0,0,617,7571,7338,567,16.0,65,0.300,15.654,600.0,997.0,0.1,0.0,0.0,0.0,0.0,0.0,0.0,0.0,0.8,127,16065,127,No,No,No,No,No,No,No,No,16.746,68.277,100.0,0.000,24.1,0,0,0,0.0,1.3,1.3,1.3,1.3,1.3,1.3,1.3,1.3,1.3,1.3,1.3,1.3,761.78,761.78,761.78,761.78,761.78,761.78,753.40,9.12,761.41,0.37,243.09,651,9,0.0,0.0,0,0,0.0,0.0,0,
9.6.2026,14:20:19.655,23732,25036,48.6,14230,18153,43.9,10.5,16384,1720,1.055,1.219,1.202,1.182,1.162,1.208,1.218,1.203,1.208,1.208,0.786,0.791,0.791,0.801,0.800,1.101,0.783,2543.8,4688.5,4688.5,4688.5,4688.5,1396.6,4688.5,1097.3,1097.3,1097.3,1097.3,1097.3,1097.3,2094.9,2094.9,99.8,4090.0,380.6,80.4,0.2,723.6,0.1,2222.1,0.3,2908.1,0.3,36.9,0.1,21.2,0.1,193.1,103.0,477.5,725.8,77.8,39.5,0.6,1.2,468.3,23.5,3.3,36.9,23.3,32.6,48.0,14.0,62.1,31.1,1.3,25.1,1.4,45.5,17.6,8.3,42.7,65.5,7.7,3.5,0.0,0.0,65.5,23.5,100.0,16.0,3.3,0.0,30.2,0.0,85.8,0.0,111.8,0.0,2.0,0.0,1.0,0.0,10.4,5.5,25.7,38.7,4.2,2.1,0.1,0.1,16.0,25.5,47.0,47.0,47.0,47.0,14.0,47.0,11.0,11.0,11.0,11.0,11.0,11.0,21.0,21.0,41.0,62,61,65,62,66,61,60,62,62,62,61,61,61,61,61,38,39,35,38,34,39,40,38,38,38,39,39,39,39,39,75,66,No,No,No,No,No,No,No,No,No,No,No,No,No,No,No,No,No,No,No,No,No,No,No,No,No,No,No,No,No,No,No,No,No,No,No,No,No,No,No,No,No,No,No,No,No,No,No,No,75,69,64,1.100,6.750,15.537,9.702,0.001,4.522,0.431,175.0,175.0,175.0,175.0,0,0.0,14.1,3.3,0.0,22.9,0.0,48.0,0.0,62.0,0.0,1.5,0.0,0.7,0.0,17.0,9.0,42.3,65.0,7.0,3.6,0.0,0.1,11.8,3.9,72.7,44.3,34.7,8.9,0.4,0.0,0.0,0.0,0.0,0.0,0.0,0.0,0.0,46.8,0.0,0.0,2.2,0.4,0.0,0.0,82.4,90.7,56.4,33.9,92.8,96.3,99.8,99.8,46.7,91.9,0.5,3.1,1.0,86.2,97.6,997.6,10.00,22,15,15,28,103,160,2,2,Yes,No,No,No,No,No,No,No,No,No,Yes,No,No,Yes,No,No,No,No,No,No,No,Yes,No,No,No,No,No,Yes,No,No,No,No,No,No,No,Yes,No,No,85.0,3900,3300,3780,56.8,1.095,1.110,1.815,1.815,1.005,5.110,0.500,No,No,No,57.0,1.095,1.110,1.815,1.815,1.005,5.110,0.750,No,No,No,44,44,94.0,100.0,No,No,32159,47986,36,70,99.0,100.0,No,No,1844,3246,0.0,0.8,0.8,0.000,0.066,95926,52258,0.0,0.0,0.0,0.000,0.000,164001,82786,71.8,78.0,76.9,83.0,0.875,20.631,20.616,20.647,63.091,33.042,41.189,25.481,66.732,3.000,28.476,35.103,31.313,100.000,140.000,2250.0,2150.2,1890.0,2233.5,1905.0,96.0,65.0,0.0,0.0,92.5,24.9,99.8,0.0,0.0,0.0,Yes,No,No,No,No,Yes,No,0,0,0,0,0,0,0,0,0,0,0,0,0,0,0,0,0,0,0,0,0,0,0,0,0,0,0,0,0,0,617,7571,7338,567,16.0,65,0.300,15.325,550.0,2194.0,0.1,0.0,0.0,0.0,0.0,0.0,0.0,0.0,0.8,127,16065,127,No,No,No,No,No,No,No,No,16.746,68.277,100.0,0.000,24.1,0,0,0,0.0,1.3,1.3,1.3,1.3,1.3,1.3,1.3,1.3,1.3,1.3,1.3,1.3,761.78,761.78,761.78,761.78,761.78,761.78,753.40,9.12,761.41,0.37,243.09,651,9,0.5,0.1,0,0,0.0,0.0,0,
9.6.2026,14:20:21.672,23742,25025,48.6,14262,18122,44.0,10.5,16384,1720,1.192,1.174,1.220,1.194,1.179,1.194,1.154,1.169,1.219,1.203,1.214,1.204,1.184,1.184,1.199,1.063,0.783,2771.8,4489.0,4688.5,4688.5,4489.0,4688.5,4489.0,1097.3,3591.2,1097.3,1097.3,1097.3,1097.3,1097.3,1097.3,99.8,3890.5,388.8,70.4,0.1,885.6,0.1,2188.5,0.3,2932.6,0.2,50.5,0.2,34.2,0.1,187.5,109.6,510.1,748.8,32.0,0.7,23.4,0.5,482.4,18.9,4.4,26.8,26.2,28.1,47.7,12.3,62.5,11.1,2.4,12.3,0.0,0.0,16.8,9.8,46.1,67.8,2.1,0.0,2.0,0.0,67.8,18.9,100.0,16.4,2.9,0.0,36.7,0.0,84.6,0.0,112.7,0.0,2.7,0.0,1.6,0.0,10.2,5.9,27.4,40.0,1.7,0.1,1.3,0.1,16.4,27.8,45.0,47.0,47.0,45.0,47.0,45.0,11.0,36.0,11.0,11.0,11.0,11.0,11.0,11.0,39.0,62,62,67,69,59,62,57,63,63,63,63,61,61,61,61,38,38,33,31,41,38,43,37,37,37,37,39,39,39,39,75,69,No,No,No,No,No,No,No,No,No,No,No,No,No,No,No,No,No,No,No,No,No,No,No,No,No,No,No,No,No,No,No,No,No,No,No,No,No,No,No,No,No,No,No,No,No,No,No,No,74,67,64,1.100,9.281,15.287,9.428,0.001,4.542,0.431,175.0,175.0,175.0,175.0,0,0.0,14.3,3.6,0.0,25.2,0.0,47.4,0.0,62.5,0.0,1.9,0.0,1.1,0.0,16.6,9.7,45.5,67.0,2.9,0.1,2.1,0.0,12.6,2.5,69.9,48.7,33.6,15.2,5.2,0.0,0.0,0.3,0.1,0.4,0.0,0.0,0.0,46.7,0.0,0.0,1.3,1.6,0.0,0.0,82.7,89.9,52.8,31.7,96.5,99.8,97.8,99.8,44.3,93.1,0.9,0.4,0.5,78.9,92.0,2394.1,24.00,36,35,35,68,103,383,2,2,Yes,No,No,No,No,No,No,No,No,No,Yes,No,No,Yes,No,No,No,No,No,No,No,Yes,No,No,No,No,No,Yes,No,No,No,No,No,No,No,Yes,No,No,84.0,3900,3240,3780,56.8,1.095,1.110,1.815,1.815,1.005,5.110,0.750,No,No,No,57.0,1.095,1.110,1.815,1.815,1.005,5.110,0.750,No,No,No,44,44,94.0,100.0,No,No,32159,47986,36,70,99.0,100.0,No,No,1844,3246,2.5,0.3,2.8,0.251,0.021,95927,52258,0.0,0.0,0.0,0.000,0.000,164001,82786,71.4,78.0,76.6,83.0,0.875,20.648,20.633,20.662,62.815,32.142,40.437,21.665,62.192,3.000,24.664,32.641,40.396,100.000,140.000,2250.0,2150.2,1890.0,2233.7,1905.0,91.0,51.0,0.0,0.0,92.5,25.0,100.0,0.0,0.0,0.0,Yes,No,No,No,No,Yes,No,0,0,0,0,0,0,0,0,0,0,0,0,0,0,0,0,0,0,0,0,0,0,0,0,0,0,0,0,0,0,617,7571,7338,567,16.0,64,0.300,15.476,600.0,997.0,0.1,0.0,0.0,0.0,0.0,0.0,0.0,0.0,0.8,127,16065,127,No,No,No,No,No,No,No,No,16.746,68.277,100.0,0.000,24.1,0,0,0,0.0,3.8,3.8,3.8,3.8,3.8,3.8,3.8,3.8,3.8,3.8,3.8,3.8,266.21,266.21,266.21,266.21,266.21,266.21,0.83,265.22,266.21,0.00,119.77,651,9,0.1,0.0,0,0,0.0,0.0,0,
9.6.2026,14:20:23.660,23740,25028,48.6,14313,18071,44.1,10.5,16384,1720,1.196,1.234,1.212,1.167,1.167,1.182,1.184,1.209,1.209,1.189,1.209,1.209,1.184,1.209,1.184,1.141,0.778,2123.4,4688.5,798.0,1396.6,4688.5,4688.5,4688.5,1097.3,1097.3,1097.3,1097.3,1097.3,1097.3,1097.3,1097.3,99.8,4289.5,384.7,97.1,0.1,746.1,0.1,2853.2,0.3,2251.8,0.2,35.2,0.1,35.2,0.1,206.6,113.7,478.6,687.6,140.4,34.3,12.6,0.5,469.1,14.4,4.2,0.0,23.0,0.0,60.7,0.0,48.3,0.0,0.6,0.0,1.7,0.0,17.6,10.7,43.0,61.9,12.7,3.0,1.0,0.0,61.9,14.4,100.0,16.3,4.0,0.0,31.2,0.0,109.7,0.0,86.9,0.0,2.0,0.0,1.6,0.0,11.1,6.1,25.7,36.7,7.5,1.9,0.7,0.1,16.3,21.3,47.0,8.0,14.0,47.0,47.0,47.0,11.0,11.0,11.0,11.0,11.0,11.0,11.0,11.0,43.0,62,63,62,62,66,59,60,62,62,62,62,61,61,62,62,38,37,38,38,34,41,40,38,38,38,38,39,39,38,38,75,66,No,No,No,No,No,No,No,No,No,No,No,No,No,No,No,No,No,No,No,No,No,No,No,No,No,No,No,No,No,No,No,No,No,No,No,No,No,No,No,No,No,No,No,No,No,No,No,No,75,68,65,1.100,6.750,16.306,10.420,0.001,4.565,0.433,175.0,175.0,175.0,175.0,0,0.0,14.4,4.3,0.0,22.6,0.0,60.7,0.0,48.5,0.0,1.5,0.0,1.1,0.0,18.2,10.0,42.7,61.6,12.7,3.1,1.1,0.1,11.4,5.1,64.4,34.6,44.2,9.3,2.1,0.0,0.0,0.0,0.0,0.0,0.0,0.0,0.0,46.5,0.0,0.0,2.1,2.0,0.0,0.0,81.1,89.6,56.1,37.3,87.0,96.7,98.7,99.8,47.0,89.4,8.0,0.8,2.9,85.6,95.2,2394.1,24.00,36,35,35,68,103,383,2,2,Yes,No,No,No,No,No,No,No,No,No,Yes,No,No,Yes,No,No,No,No,No,No,No,Yes,No,No,No,No,No,Yes,No,No,No,No,No,No,No,Yes,No,No,84.0,3960,3360,3780,56.8,1.095,1.110,1.815,1.815,1.005,5.110,0.625,No,No,No,57.0,1.095,1.110,1.815,1.815,1.005,5.110,0.625,No,No,No,44,44,94.0,100.0,No,No,32159,47986,36,70,99.0,100.0,No,No,1844,3246,0.1,0.9,1.1,0.008,0.041,95927,52258,0.0,0.0,0.0,0.000,0.000,164001,82786,69.3,76.0,74.1,83.0,0.875,20.698,20.690,20.707,63.597,24.220,25.749,14.007,39.840,3.000,16.998,32.223,37.720,100.000,140.000,2250.0,2150.2,1890.0,2237.5,1905.0,82.0,27.0,0.0,1.0,92.5,25.0,100.0,0.0,0.0,0.0,Yes,No,No,No,No,Yes,No,0,0,0,0,0,0,0,0,0,0,0,0,0,0,0,0,0,0,0,0,0,0,0,0,0,0,0,0,0,0,617,7571,7338,567,16.0,66,0.300,15.945,600.0,2394.0,0.1,0.0,0.0,0.0,0.0,0.0,0.0,0.0,0.8,127,16065,127,No,No,No,No,No,No,No,No,16.746,68.277,100.0,0.000,24.1,0,0,0,0.0,3.8,3.8,3.8,3.8,3.8,3.8,3.8,3.8,3.8,3.8,3.8,3.8,266.21,266.21,266.21,266.21,266.21,266.21,0.83,265.22,266.21,0.00,119.77,651,9,0.1,0.0,0,0,0.0,0.0,0,
9.6.2026,14:20:25.660,23745,25023,48.6,14340,18044,44.2,10.5,16384,1720,1.210,1.226,1.226,1.211,1.171,1.171,1.226,1.211,1.211,1.211,1.207,1.214,1.214,1.214,1.229,1.101,0.778,2123.4,4688.5,4688.5,798.0,4688.5,1396.6,4688.5,1097.3,1097.3,1097.3,1097.3,1097.3,1097.3,1097.3,1097.3,99.8,4090.0,387.3,69.2,0.3,765.9,0.2,1803.3,0.4,3402.5,0.4,69.3,0.2,30.7,0.3,186.9,147.3,522.6,699.4,20.2,22.5,2.2,1.4,481.2,26.1,3.2,38.9,23.5,40.9,39.3,43.2,72.0,38.9,2.0,38.9,1.5,36.5,16.7,13.6,46.3,62.5,3.1,1.7,0.0,0.0,72.0,26.1,100.0,16.3,2.8,0.0,32.1,0.0,70.5,0.0,130.2,0.0,3.3,0.0,1.5,0.0,10.0,7.9,28.1,37.4,1.1,1.2,0.1,0.1,16.3,21.3,47.0,47.0,8.0,47.0,14.0,47.0,11.0,11.0,11.0,11.0,11.0,11.0,11.0,11.0,41.0,62,61,65,62,66,61,59,62,62,62,62,61,62,62,62,38,39,35,38,34,39,41,38,38,38,38,39,38,38,38,75,66,No,No,No,No,No,No,No,No,No,No,No,No,No,No,No,No,No,No,No,No,No,No,No,No,No,No,No,No,No,No,No,No,No,No,No,No,No,No,No,No,No,No,No,No,No,No,No,No,75,67,65,1.100,6.750,15.407,9.503,0.001,4.586,0.434,175.0,175.0,175.0,175.0,0,0.0,14.2,3.4,0.0,23.2,0.0,39.5,0.0,72.1,0.0,2.4,0.0,1.0,0.0,16.3,13.1,46.0,62.2,1.8,2.0,0.2,0.1,11.2,1.3,63.2,51.4,23.3,13.2,3.4,0.0,0.0,0.0,0.2,0.0,0.0,0.0,0.0,47.0,0.0,0.4,0.6,3.0,0.0,0.0,83.1,86.6,52.5,36.4,97.9,97.9,99.7,99.8,47.1,94.7,8.1,5.1,0.4,80.8,93.5,2394.1,24.00,36,35,35,68,103,383,2,2,Yes,No,No,No,No,No,No,No,No,No,Yes,No,No,Yes,No,No,No,No,No,No,No,Yes,No,No,No,No,No,Yes,No,No,No,No,No,No,No,Yes,No,No,85.0,3960,3300,3840,56.8,1.110,1.110,1.815,1.815,1.005,5.110,0.875,No,No,No,57.0,1.110,1.110,1.815,1.815,1.005,5.110,0.875,No,No,No,44,44,94.0,100.0,No,No,32159,47986,36,70,99.0,100.0,No,No,1844,3246,0.0,1.1,1.1,0.000,0.030,95927,52258,0.0,0.0,0.0,0.000,0.000,164001,82786,70.9,76.0,76.1,83.0,0.875,20.651,20.635,20.666,59.879,27.236,39.241,21.172,60.470,3.000,24.152,9.643,32.974,100.000,140.000,2250.0,2150.2,1890.0,2236.4,1905.0,92.0,50.0,0.0,0.0,92.5,24.9,99.5,0.0,0.0,0.0,Yes,No,No,No,No,Yes,No,0,0,0,0,0,0,0,0,0,0,0,0,0,0,0,0,0,0,0,0,0,0,0,0,0,0,0,0,0,0,617,7571,7338,567,16.0,64,0.300,15.849,600.0,2394.0,0.1,0.0,0.0,0.0,0.0,0.0,0.0,0.0,0.8,127,16065,127,No,No,No,No,No,No,No,No,16.746,68.277,100.0,0.000,24.1,0,0,0,0.0,1.3,1.3,1.3,1.3,1.3,1.3,1.3,1.3,1.3,1.3,1.3,1.3,767.90,767.90,767.90,767.90,767.90,767.90,0.75,767.09,767.90,0.00,417.03,651,9,0.0,0.0,0,0,0.0,0.0,0,
9.6.2026,14:20:27.652,23748,25020,48.6,14361,18022,44.3,10.5,16384,1720,1.193,1.214,1.195,1.183,1.170,1.200,1.200,1.185,1.185,1.183,1.188,1.188,1.208,1.200,1.200,1.101,0.778,2636.4,4688.5,4688.5,4688.5,4688.5,4688.5,4688.5,1097.3,1097.3,1097.3,1097.3,1097.3,1097.3,1097.3,1097.3,99.8,4090.0,390.3,82.5,0.1,898.3,0.1,2225.0,0.2,2864.9,0.2,59.0,0.1,21.0,0.1,188.7,95.5,535.9,742.0,63.4,24.4,3.5,0.5,482.1,14.3,3.6,0.0,25.0,0.0,47.5,0.0,60.9,0.0,0.9,0.0,0.0,0.0,16.6,7.6,47.6,66.9,4.8,2.7,0.8,0.6,66.9,14.3,100.0,16.5,3.4,0.0,37.0,0.0,85.9,0.0,110.1,0.0,3.0,0.0,1.1,0.0,10.2,5.2,28.7,39.7,3.4,1.3,0.2,0.0,16.5,26.4,47.0,47.0,47.0,47.0,47.0,47.0,11.0,11.0,11.0,11.0,11.0,11.0,11.0,11.0,41.0,62,63,66,68,59,61,57,63,63,63,63,61,61,61,62,38,37,34,32,41,39,43,37,37,37,37,39,39,39,38,76,68,No,No,No,No,No,No,No,No,No,No,No,No,No,No,No,No,No,No,No,No,No,No,No,No,No,No,No,No,No,No,No,No,No,No,No,No,No,No,No,No,No,No,No,No,No,No,No,No,75,67,66,1.100,10.125,15.734,9.859,0.001,4.556,0.434,175.0,175.0,175.0,175.0,0,0.0,14.4,3.8,0.0,24.8,0.0,47.8,0.0,61.0,0.0,2.1,0.0,0.8,0.0,16.6,8.5,47.6,66.3,5.8,2.2,0.3,0.1,12.4,4.8,69.8,47.2,36.0,13.8,1.7,0.0,0.0,0.3,0.0,0.0,0.0,0.0,0.0,46.5,0.0,0.5,1.2,1.0,0.0,0.0,82.7,91.2,50.8,32.6,94.0,97.6,99.6,99.8,44.9,90.3,1.2,1.6,0.5,80.2,95.7,1795.6,18.00,26,26,26,51,103,287,2,2,Yes,No,No,No,No,No,No,No,No,No,Yes,No,No,Yes,No,No,No,No,No,No,No,Yes,No,No,No,No,No,Yes,No,No,No,No,No,No,No,Yes,No,No,85.0,3960,3360,3840,56.8,1.110,1.110,1.815,1.815,1.005,5.110,0.625,No,No,No,57.0,1.110,1.110,1.815,1.815,1.005,5.110,0.750,No,No,No,44,44,94.0,100.0,No,No,32159,47986,36,70,99.0,100.0,No,No,1844,3246,0.0,0.9,0.9,0.000,0.020,95927,52258,0.0,0.0,0.0,0.000,0.000,164001,82786,71.5,78.0,77.0,83.0,0.875,20.644,20.629,20.658,60.786,25.852,36.111,22.445,58.628,3.000,25.431,10.268,25.084,100.000,140.000,2250.0,2150.2,1890.0,2233.8,1905.0,91.0,54.0,0.0,0.0,92.5,24.9,99.7,0.0,0.0,0.0,Yes,No,No,No,No,Yes,No,0,0,0,0,0,0,0,0,0,0,0,0,0,0,0,0,0,0,0,0,0,0,0,0,0,0,0,0,0,0,617,7571,7338,567,16.0,65,0.300,16.088,600.0,2394.0,0.1,0.0,0.0,0.0,0.0,0.0,0.0,0.0,0.8,127,16065,127,No,No,No,No,No,No,No,No,16.746,68.277,100.0,0.000,24.1,0,0,0,0.0,3.7,3.7,3.7,3.7,3.7,3.7,3.7,3.7,3.7,3.7,3.7,3.7,270.64,270.64,270.64,270.64,270.64,270.64,1.37,270.03,270.64,0.00,101.81,651,9,0.5,0.0,0,0,0.0,0.0,0,
9.6.2026,14:20:29.660,23745,25023,48.6,14417,17967,44.5,10.5,16384,1720,1.206,1.199,1.216,1.171,1.204,1.204,1.229,1.214,1.219,1.200,1.214,1.193,1.193,1.218,1.203,1.063,0.783,2700.5,4489.0,798.0,4688.5,4688.5,4688.5,4688.5,1097.3,1097.3,1097.3,1097.3,1097.3,1097.3,3591.2,3591.2,99.8,3890.5,393.9,78.8,0.2,917.0,0.1,3021.8,0.3,2187.9,0.3,58.3,0.2,21.5,0.1,178.3,107.0,529.8,718.0,56.0,0.8,0.5,0.6,488.7,27.2,3.9,48.4,28.2,41.1,64.7,47.8,47.6,36.1,4.0,40.3,1.1,35.8,16.1,10.6,47.7,64.4,6.2,0.0,0.0,0.0,64.7,27.2,100.0,16.6,3.2,0.0,38.2,0.0,116.2,0.0,85.2,0.0,3.1,0.0,1.1,0.0,9.6,5.8,28.5,38.3,3.0,0.1,0.0,0.1,16.6,27.1,45.0,8.0,47.0,47.0,47.0,47.0,11.0,11.0,11.0,11.0,11.0,11.0,36.0,36.0,39.0,62,63,62,69,58,61,59,63,63,63,63,62,62,62,62,38,37,38,31,42,39,41,37,37,37,37,38,38,38,38,75,69,No,No,No,No,No,No,No,No,No,No,No,No,No,No,No,No,No,No,No,No,No,No,No,No,No,No,No,No,No,No,No,No,No,No,No,No,No,No,No,No,No,No,No,No,No,No,No,No,75,68,64,1.100,5.906,16.170,10.277,0.001,4.571,0.433,175.0,175.0,175.0,175.0,0,0.0,14.4,3.5,0.0,27.3,0.0,64.5,0.0,47.5,0.0,2.2,0.0,0.7,0.0,15.7,9.5,47.0,64.0,5.1,0.1,0.0,0.0,12.2,3.1,68.3,33.4,48.7,16.4,0.2,0.0,0.0,0.0,0.5,0.0,0.0,0.0,0.0,46.8,0.0,0.0,0.4,0.6,0.0,0.0,83.7,90.2,51.6,34.3,94.7,99.8,99.9,99.8,44.6,92.7,0.0,0.0,0.5,76.7,97.5,2394.1,24.00,36,35,35,68,103,383,2,2,Yes,No,No,No,No,No,No,No,No,No,Yes,No,No,Yes,No,No,No,No,No,No,No,Yes,No,No,No,No,No,Yes,No,No,No,No,No,No,No,Yes,No,No,85.0,3960,3360,3840,56.8,1.110,1.110,1.815,1.815,1.005,5.110,0.625,No,No,No,57.0,1.110,1.110,1.800,1.815,1.005,5.110,0.625,No,No,No,44,44,94.0,100.0,No,No,32159,47986,36,70,99.0,100.0,No,No,1844,3246,0.0,1.4,1.4,0.000,0.063,95927,52259,0.0,0.0,0.0,0.000,0.000,164001,82786,70.8,76.0,75.8,83.0,0.875,20.649,20.635,20.663,65.010,33.100,36.135,22.472,58.684,3.000,25.466,51.048,34.896,100.000,140.000,2250.0,2150.2,1890.0,2232.8,1905.0,92.0,57.0,0.0,1.0,92.5,25.0,100.0,0.0,0.0,0.0,Yes,No,No,No,No,Yes,No,0,0,0,0,0,0,0,0,0,0,0,0,0,0,0,0,0,0,0,0,0,0,0,0,0,0,0,0,0,0,617,7571,7338,567,16.0,65,0.300,16.171,600.0,1795.0,0.1,0.0,0.0,0.0,0.0,0.0,0.0,0.0,0.8,127,16065,127,No,No,No,No,No,No,No,No,16.746,68.277,100.0,0.000,24.1,0,0,0,0.0,1.3,1.3,1.3,1.3,1.3,1.3,1.3,1.3,1.3,1.3,1.3,1.3,769.73,769.73,769.73,769.73,769.73,769.73,0.57,769.43,769.73,0.00,536.48,651,9,0.1,0.3,0,0,0.0,0.0,0,
9.6.2026,14:20:31.640,23623,25144,48.4,14845,17538,45.8,10.5,16384,1720,1.018,1.149,0.973,0.994,0.971,1.003,1.015,1.001,1.036,1.032,1.032,1.028,1.011,1.015,0.998,1.063,0.781,3477.2,4489.0,3691.0,3691.0,3691.0,3790.7,3790.7,3192.2,3192.2,3192.2,3192.2,3192.2,3192.2,3192.2,3192.2,99.8,3890.5,614.3,277.4,126.8,967.8,185.2,1894.2,473.8,3038.9,304.3,348.2,283.1,342.7,284.9,418.2,400.8,724.0,854.5,378.6,375.0,301.8,306.9,682.8,20.8,9.0,3.8,26.8,3.8,40.8,15.4,65.2,27.9,5.9,27.3,6.4,4.2,18.1,16.1,45.4,57.4,13.2,14.7,7.6,7.5,65.2,20.8,100.0,21.9,11.0,4.1,37.8,4.1,72.2,14.6,115.9,7.5,9.9,6.0,8.3,4.8,15.9,14.1,32.3,39.4,12.6,12.2,8.0,8.0,21.9,34.9,45.0,37.0,37.0,37.0,38.0,38.0,32.0,32.0,32.0,32.0,32.0,32.0,32.0,32.0,39.0,69,70,72,70,68,71,71,69,70,68,68,68,68,68,68,31,30,28,30,32,29,29,31,30,32,32,32,32,32,32,77,72,No,No,No,No,No,No,No,No,No,No,No,No,No,No,No,No,No,No,No,No,No,No,No,No,No,No,No,No,No,No,Yes,Yes,Yes,Yes,Yes,Yes,Yes,Yes,Yes,Yes,Yes,Yes,Yes,Yes,Yes,No,No,Yes,76,70,64,1.100,5.063,16.319,10.431,0.001,4.570,0.435,175.0,175.0,175.0,175.0,0,0.0,20.4,9.1,2.9,27.5,4.4,42.1,10.6,66.1,7.2,9.0,6.9,8.6,7.0,21.7,20.1,47.7,59.0,17.5,17.8,11.0,11.1,10.1,5.1,51.7,39.5,29.1,12.3,2.1,0.1,0.0,0.5,1.6,0.0,0.0,0.0,0.0,42.6,0.0,2.9,3.8,1.1,1.9,2.2,77.3,79.1,50.3,38.2,81.8,81.5,88.4,88.2,43.3,84.1,12.8,6.3,0.3,71.8,84.3,2394.1,24.00,36,35,35,68,103,383,2,2,Yes,No,No,No,No,No,No,No,No,Yes,Yes,No,No,Yes,No,No,No,No,No,No,No,Yes,No,No,No,No,No,Yes,No,No,No,No,No,No,No,Yes,No,No,85.0,4080,3360,3900,56.8,1.110,1.110,1.815,1.815,1.005,5.110,0.625,No,No,No,57.0,1.110,1.110,1.815,1.815,1.005,5.110,0.750,No,No,No,44,44,94.0,100.0,No,No,32159,47986,36,70,99.0,100.0,No,No,1844,3246,0.0,0.8,0.8,0.009,0.039,95927,52259,0.0,0.0,0.0,0.000,0.000,164001,82786,63.3,74.0,69.9,83.0,0.875,20.710,20.712,20.708,62.977,10.052,10.269,8.989,19.279,3.000,12.003,8.397,8.429,100.000,140.000,2250.0,2150.2,1890.0,2237.6,1905.0,2.0,1.0,0.0,1.0,85.6,22.0,88.0,0.0,0.0,0.0,Yes,No,No,No,No,Yes,No,0,0,0,0,0,0,0,0,0,0,0,0,0,0,0,0,0,0,0,0,0,0,0,0,0,0,0,0,0,0,1175,7013,6780,567,16.0,65,0.300,16.648,600.0,2394.0,0.1,0.0,0.0,0.0,0.0,0.0,0.0,0.0,0.8,127,16065,127,No,No,No,No,No,No,No,No,16.746,68.277,100.0,0.000,24.1,0,0,0,0.0,6.9,2805.8,1.4,1.3,1.3,1.3,6.4,45.1,1.3,1.3,1.3,1.3,144.92,733.69,0.36,0.36,769.94,769.94,0.25,144.58,144.92,0.00,230.31,651,9,2.3,0.3,0,0,0.0,0.0,0,
9.6.2026,14:20:33.657,24249,24519,49.7,14135,18249,43.6,10.5,16384,1720,1.173,1.213,1.168,1.173,1.173,1.132,1.172,1.162,1.162,1.212,1.172,1.172,1.167,1.172,1.167,1.063,0.783,2907.2,4489.0,4688.5,1396.6,4688.5,4489.0,4688.5,3591.2,3591.2,1097.3,1097.3,1097.3,1097.3,3591.2,1097.3,99.8,3890.5,1080.0,1145.8,744.8,1883.1,674.1,3286.1,1099.6,2633.6,812.5,991.6,843.6,957.0,746.3,717.0,722.9,924.5,1000.5,656.9,622.9,538.1,598.9,1198.9,28.8,31.5,0.0,56.2,0.0,76.0,3.5,62.0,0.0,27.9,2.2,27.7,0.0,36.4,33.8,54.5,57.1,28.6,29.8,22.7,26.0,76.0,28.8,100.0,50.3,44.9,29.2,76.0,28.4,127.2,45.0,103.3,34.7,41.9,36.4,41.4,33.9,44.4,45.2,55.8,59.4,42.0,40.3,36.2,39.6,50.3,29.1,45.0,47.0,14.0,47.0,45.0,47.0,36.0,36.0,11.0,11.0,11.0,11.0,36.0,11.0,39.0,62,63,65,64,64,57,58,63,63,63,63,62,62,62,64,38,37,35,36,36,43,42,37,37,37,37,38,38,38,36,75,65,No,No,No,No,No,No,No,No,No,No,No,No,No,No,No,No,No,No,No,No,No,No,No,No,No,No,No,No,No,No,Yes,Yes,Yes,Yes,Yes,Yes,Yes,Yes,Yes,Yes,Yes,Yes,Yes,Yes,Yes,No,No,Yes,76,69,65,1.100,20.250,19.619,13.481,0.001,4.735,0.473,175.0,175.0,175.0,175.0,0,0.0,33.0,31.3,19.5,54.6,17.8,75.2,27.2,60.8,21.1,25.6,21.6,24.9,19.2,33.1,30.2,51.7,54.4,24.7,26.1,19.0,22.2,9.9,20.5,25.3,16.3,23.5,19.8,14.5,3.3,2.9,2.8,2.4,2.7,2.6,2.7,0.0,38.0,3.5,1.5,0.1,5.9,5.4,3.5,62.4,65.9,43.6,41.8,71.8,70.8,77.8,77.2,25.2,40.2,12.3,0.0,3.7,43.8,51.2,2394.1,24.00,36,35,35,68,103,383,2,2,Yes,No,No,No,No,No,No,No,No,Yes,Yes,No,No,Yes,No,No,No,No,No,No,No,Yes,No,No,No,No,No,Yes,No,No,No,No,No,No,No,Yes,No,No,85.0,4140,3360,4020,56.8,1.110,1.110,1.815,1.815,1.005,5.110,0.875,No,No,No,57.0,1.110,1.110,1.815,1.815,1.005,5.110,2.375,No,No,No,43,43,94.0,100.0,No,No,32159,47986,36,70,99.0,100.0,No,No,1844,3246,0.0,1.7,1.7,0.000,0.275,95927,52259,0.0,0.0,0.0,0.000,0.000,164001,82786,62.3,70.0,68.8,83.0,0.875,20.710,20.705,20.715,22.190,13.644,19.888,10.580,30.534,3.000,13.586,8.903,9.015,100.000,140.000,2250.0,1750.2,1890.0,2206.0,1905.0,75.0,20.0,0.0,0.0,82.5,1.2,5.0,0.0,0.0,0.0,Yes,No,No,No,No,Yes,No,0,0,0,0,0,0,0,0,0,0,0,0,0,0,0,0,0,0,0,0,0,0,0,0,0,0,0,0,0,0,1431,6757,7228,567,16.0,65,0.300,36.648,600.0,2394.0,0.1,0.0,0.0,0.0,0.0,0.0,0.0,0.0,0.8,127,16065,127,No,No,No,No,No,No,No,No,16.746,68.277,100.0,0.000,24.1,0,0,0,0.0,6.9,2805.8,1.4,1.3,1.3,1.3,6.4,45.1,1.3,1.3,1.3,1.3,144.92,733.69,0.36,0.36,769.94,769.94,0.25,144.58,144.92,0.00,230.31,651,9,4.5,3.7,0,0,0.0,0.0,0,
9.6.2026,14:20:35.652,23843,24925,48.8,14063,18321,43.4,10.5,16384,1720,1.199,1.222,1.195,1.175,1.160,1.187,1.182,1.207,1.207,1.207,1.210,1.210,1.190,1.230,1.215,1.063,0.778,2636.4,4688.5,4688.5,4688.5,4688.5,4688.5,4688.5,1097.3,1097.3,1097.3,1097.3,1097.3,1097.3,1097.3,1097.3,99.8,3890.5,419.8,136.0,0.2,943.8,0.2,1836.3,0.7,3596.2,0.4,65.9,0.3,44.8,0.2,176.3,121.6,491.2,741.7,146.4,67.7,11.9,14.3,509.7,19.4,7.2,17.2,42.8,17.8,41.7,5.7,77.0,1.3,2.8,0.0,1.9,18.8,15.4,9.2,43.8,66.4,11.7,4.5,1.5,1.0,77.0,19.4,100.0,17.9,6.0,0.0,40.5,0.0,72.9,0.0,137.6,0.0,3.1,0.0,2.1,0.0,9.6,6.6,26.5,39.6,7.8,3.7,0.7,0.8,17.9,26.4,47.0,47.0,47.0,47.0,47.0,47.0,11.0,11.0,11.0,11.0,11.0,11.0,11.0,11.0,39.0,61,61,63,62,66,59,60,61,61,61,61,61,61,61,61,39,39,37,38,34,41,40,39,39,39,39,39,39,39,39,74,66,No,No,No,No,No,No,No,No,No,No,No,No,No,No,No,No,No,No,No,No,No,No,No,No,No,No,No,No,No,No,No,No,No,No,No,No,No,No,No,No,No,No,No,No,No,No,No,No,75,68,64,1.100,11.813,35.234,28.534,0.001,5.186,0.662,175.0,175.0,175.0,175.0,0,0.0,16.3,6.7,0.0,41.1,0.0,41.3,0.0,76.9,0.0,2.4,0.0,1.5,0.0,14.8,10.1,43.1,65.9,13.2,6.1,1.0,1.2,10.8,12.4,51.0,53.3,21.9,7.0,3.2,0.0,0.0,0.0,2.2,0.0,0.0,0.0,0.0,45.6,0.0,0.0,0.8,0.0,0.0,0.0,84.4,89.5,55.2,30.7,86.4,93.6,98.8,98.6,43.1,78.4,0.1,0.5,0.0,86.8,92.7,2394.1,24.00,36,35,35,68,103,383,2,2,Yes,No,No,No,No,No,No,No,No,No,Yes,No,No,Yes,No,No,No,No,No,No,No,Yes,No,No,No,No,No,Yes,No,No,No,No,No,No,No,Yes,No,No,85.0,4320,3180,4080,57.0,1.110,1.110,1.815,1.815,1.005,5.110,0.875,No,No,No,57.2,1.110,1.110,1.815,1.815,1.005,5.110,0.875,No,No,No,44,44,94.0,100.0,No,No,32159,47986,36,70,99.0,100.0,No,No,1844,3246,0.0,1.0,1.0,0.000,0.036,95927,52259,0.0,0.0,0.0,0.000,0.000,164001,82786,70.0,76.0,75.0,83.0,0.875,20.623,20.608,20.638,58.679,34.545,39.877,24.359,64.308,3.000,27.348,54.510,28.413,100.000,140.000,2250.0,2150.2,1890.0,2234.9,1905.0,89.0,56.0,0.0,0.0,93.4,25.0,100.0,0.0,0.0,0.0,Yes,No,No,No,No,Yes,No,0,0,0,0,0,0,0,0,0,0,0,0,0,0,0,0,0,0,0,0,0,0,0,0,0,0,0,0,0,0,539,7649,7416,567,16.0,64,0.300,18.988,550.0,2394.0,0.1,0.0,0.0,0.0,0.0,0.0,0.0,0.0,0.8,127,16065,127,No,No,No,No,No,No,No,No,16.746,68.277,100.0,0.000,24.1,0,0,0,0.0,6.9,2805.8,1.4,1.3,1.3,1.3,6.4,45.1,1.3,1.3,1.3,1.3,144.92,733.69,0.36,0.36,769.94,769.94,0.25,144.58,144.92,0.00,230.31,651,9,0.0,0.0,0,0,0.0,0.0,0,
9.6.2026,14:20:37.655,23762,25005,48.7,14121,18262,43.6,10.5,16384,1720,1.205,1.204,1.208,1.188,1.173,1.193,1.204,1.199,1.191,1.214,1.220,1.220,1.218,1.218,1.218,1.101,0.783,2622.2,4489.0,4688.5,4688.5,4688.5,4688.5,4688.5,1097.3,1097.3,1097.3,1097.3,1097.3,1097.3,1097.3,1097.3,99.8,4090.0,406.0,99.1,0.1,965.2,0.1,3186.8,0.3,2103.4,0.5,69.2,0.2,45.8,0.1,197.7,136.6,496.6,679.4,62.4,54.7,14.8,6.1,498.8,15.7,4.6,0.6,36.3,0.0,68.5,0.0,45.6,0.0,2.1,0.0,1.2,0.0,17.6,13.4,44.5,61.5,7.7,6.7,1.9,1.9,68.5,15.7,100.0,17.1,4.1,0.0,40.0,0.0,122.8,0.0,82.0,0.0,3.3,0.0,2.2,0.0,10.7,7.3,26.6,36.4,3.4,2.9,0.8,0.4,17.1,26.3,45.0,47.0,47.0,47.0,47.0,47.0,11.0,11.0,11.0,11.0,11.0,11.0,11.0,11.0,41.0,61,61,62,63,58,59,60,62,62,63,63,61,61,61,61,39,39,38,37,42,41,40,38,38,37,37,39,39,39,39,74,63,No,No,No,No,No,No,No,No,No,No,No,No,No,No,No,No,No,No,No,No,No,No,No,No,No,No,No,No,No,No,No,No,No,No,No,No,No,No,No,No,No,No,No,No,No,No,No,No,75,64,65,1.100,13.500,17.435,11.461,0.001,4.648,0.441,175.0,175.0,175.0,175.0,0,0.0,15.3,4.8,0.0,35.3,0.0,68.5,0.0,45.7,0.0,2.4,0.0,1.6,0.0,17.6,12.3,44.5,61.0,5.7,4.9,1.3,0.5,11.4,6.8,58.8,28.6,49.4,8.4,6.6,0.0,0.0,0.1,0.2,0.0,0.0,0.0,0.0,46.4,0.0,0.1,0.7,1.2,0.0,0.0,81.7,87.3,53.8,37.6,94.0,94.9,98.5,99.3,43.9,87.3,0.6,0.1,0.8,85.2,89.1,2394.1,24.00,36,35,35,68,103,383,2,2,Yes,No,No,No,No,No,No,No,No,No,Yes,No,No,Yes,No,No,No,No,No,No,No,Yes,No,No,No,No,No,Yes,No,No,No,No,No,No,No,Yes,No,No,85.0,4260,3000,4080,57.0,1.110,1.110,1.815,1.815,1.005,5.110,0.750,No,No,No,57.2,1.110,1.110,1.815,1.815,1.005,5.110,0.750,No,No,No,44,44,94.0,100.0,No,No,32159,47986,36,70,99.0,100.0,No,No,1844,3246,0.1,1.0,1.1,0.024,0.051,95927,52259,0.0,0.0,0.0,0.000,0.000,164001,82786,70.3,74.0,75.5,83.0,0.875,20.616,20.600,20.632,52.389,33.387,41.283,25.256,66.621,3.000,28.254,34.381,34.918,100.000,140.000,2250.0,2150.2,1890.0,2234.4,1905.0,91.0,58.0,0.0,0.0,92.5,24.8,99.4,0.0,0.0,0.0,Yes,No,No,No,No,Yes,No,0,0,0,0,0,0,0,0,0,0,0,0,0,0,0,0,0,0,0,0,0,0,0,0,0,0,0,0,0,0,617,7571,7338,567,16.0,64,0.300,16.516,600.0,2394.0,0.1,0.0,0.0,0.0,0.0,0.0,0.0,0.0,0.8,127,16065,127,No,No,No,No,No,No,No,No,16.746,68.277,100.0,0.000,24.1,0,0,0,0.0,6.9,2805.8,1.4,1.3,1.3,1.3,6.4,45.1,1.3,1.3,1.3,1.3,144.92,733.69,0.36,0.36,769.94,769.94,0.25,144.58,144.92,0.00,230.31,651,9,0.2,0.1,0,0,0.0,0.0,0,
9.6.2026,14:20:39.660,23761,25007,48.7,14152,18232,43.7,10.5,16384,1720,1.199,1.205,1.197,1.182,1.182,1.162,1.187,1.202,1.202,1.217,1.198,1.198,1.229,1.229,1.194,1.101,0.783,2579.4,1396.6,4688.5,4688.5,4688.5,4688.5,4688.5,1097.3,1097.3,1097.3,1097.3,1097.3,1097.3,1097.3,3591.2,99.8,4090.0,384.0,75.9,0.1,745.4,0.2,2500.8,0.2,2593.3,0.3,49.0,0.2,35.2,0.1,210.8,109.2,552.7,667.4,85.8,35.7,13.8,3.0,471.3,23.7,3.9,0.0,22.2,35.0,53.6,33.7,55.4,36.9,1.6,41.0,0.2,42.8,18.8,9.2,49.8,59.9,7.0,2.7,0.4,0.0,59.9,23.7,100.0,16.2,3.0,0.0,31.1,0.0,96.4,0.0,100.1,0.0,2.5,0.0,1.6,0.0,11.3,6.0,29.7,35.5,4.6,2.0,0.8,0.2,16.2,25.9,14.0,47.0,47.0,47.0,47.0,47.0,11.0,11.0,11.0,11.0,11.0,11.0,11.0,36.0,41.0,62,61,62,67,59,61,59,62,62,62,63,62,62,62,62,38,39,38,33,41,39,41,38,38,38,37,38,38,38,38,75,67,No,No,No,No,No,No,No,No,No,No,No,No,No,No,No,No,No,No,No,No,No,No,No,No,No,No,No,No,No,No,No,No,No,No,No,No,No,No,No,No,No,No,No,No,No,No,No,No,74,66,64,1.100,6.750,16.579,10.657,0.001,4.597,0.439,175.0,175.0,175.0,175.0,0,0.0,14.4,3.9,0.0,21.8,0.0,53.7,0.0,55.4,0.0,1.8,0.0,1.0,0.0,18.7,9.7,49.3,59.7,7.8,3.2,1.2,0.3,10.3,2.3,61.0,37.3,37.1,6.3,0.6,0.0,0.0,0.0,0.0,0.0,0.0,0.0,0.0,46.5,0.0,0.0,2.1,2.3,0.0,0.0,80.7,90.0,49.5,39.3,92.0,96.6,98.6,99.6,49.7,93.0,12.2,4.6,2.8,88.2,97.1,2394.1,24.00,36,35,35,68,103,383,2,2,Yes,No,No,No,No,No,No,No,No,No,Yes,No,No,Yes,No,No,No,No,No,No,No,Yes,No,No,No,No,No,Yes,No,No,No,No,No,No,No,Yes,No,No,84.0,4140,3060,4020,57.0,1.110,1.110,1.815,1.815,1.005,5.110,0.625,No,No,No,57.2,1.110,1.110,1.815,1.815,1.005,5.110,0.750,No,No,No,43,43,94.0,100.0,No,No,32159,47986,36,70,99.0,100.0,No,No,1844,3246,0.0,1.1,1.1,0.000,0.075,95927,52259,0.0,0.0,0.0,0.000,0.000,164001,82786,70.7,76.0,75.8,83.0,0.875,20.649,20.634,20.664,59.761,32.067,39.081,21.088,60.235,3.000,24.083,43.644,33.341,100.000,140.000,2250.0,2150.2,1890.0,2236.0,1905.0,93.0,50.0,0.0,0.0,92.5,24.9,99.5,0.0,0.0,0.0,Yes,No,No,No,No,Yes,No,0,0,0,0,0,0,0,0,0,0,0,0,0,0,0,0,0,0,0,0,0,0,0,0,0,0,0,0,0,0,617,7571,7338,567,16.0,64,0.300,15.880,550.0,2394.0,0.1,0.0,0.0,0.0,0.0,0.0,0.0,0.0,0.8,127,16065,127,No,No,No,No,No,No,No,No,16.746,68.277,100.0,0.000,24.1,0,0,0,0.0,6.9,2805.8,1.4,1.3,1.3,1.3,6.4,45.1,1.3,1.3,1.3,1.3,144.92,733.69,0.36,0.36,769.94,769.94,0.25,144.58,144.92,0.00,230.31,651,9,0.0,0.0,0,0,0.0,0.0,0,
9.6.2026,14:20:41.660,23767,25001,48.7,14215,18169,43.8,10.5,16384,1720,1.191,1.186,1.206,1.189,1.189,1.159,1.159,1.204,1.214,1.204,1.201,1.191,1.196,1.191,1.185,1.063,0.778,2786.0,4489.0,4688.5,4688.5,4688.5,4489.0,4688.5,1097.3,3591.2,1097.3,1097.3,1097.3,1097.3,1097.3,1097.3,99.8,3890.5,391.5,71.2,0.1,897.4,0.1,1662.2,0.2,3445.5,0.3,49.6,0.2,19.2,0.1,173.9,129.1,533.6,759.3,59.2,24.3,1.4,2.3,483.9,14.6,3.4,0.0,25.4,0.0,36.2,0.0,73.0,0.0,1.7,0.0,1.3,0.0,15.3,12.0,47.9,68.7,5.8,2.1,0.0,0.0,73.0,14.6,100.0,16.5,2.9,0.0,37.1,0.0,65.2,0.0,131.9,0.0,2.7,0.0,1.0,0.0,9.4,6.9,28.6,40.5,3.1,1.3,0.1,0.1,16.6,27.9,45.0,47.0,47.0,47.0,45.0,47.0,11.0,36.0,11.0,11.0,11.0,11.0,11.0,11.0,39.0,62,61,65,63,64,61,60,62,62,62,62,62,62,62,62,38,39,35,37,36,39,40,38,38,38,38,38,38,38,38,75,65,No,No,No,No,No,No,No,No,No,No,No,No,No,No,No,No,No,No,No,No,No,No,No,No,No,No,No,No,No,No,No,No,No,No,No,No,No,No,No,No,No,No,No,No,No,No,No,No,74,66,64,1.100,6.750,15.340,9.453,0.001,4.566,0.433,175.0,175.0,175.0,175.0,0,0.0,14.6,3.6,0.0,25.0,0.0,36.4,0.0,73.0,0.0,1.9,0.0,0.8,0.0,15.3,11.4,47.6,68.2,5.4,2.2,0.1,0.2,11.9,2.8,66.9,56.6,25.5,12.8,2.3,0.0,0.0,0.0,0.0,0.0,0.0,0.0,0.0,46.3,0.0,0.9,1.2,0.3,0.0,0.0,84.0,88.3,51.2,30.8,94.4,97.6,99.7,99.7,45.8,92.9,2.9,2.7,0.0,81.1,95.0,2394.1,24.00,36,35,35,68,103,383,2,2,Yes,No,No,No,No,No,No,No,No,No,Yes,No,No,Yes,No,No,No,No,No,No,No,Yes,No,No,No,No,No,Yes,No,No,No,No,No,No,No,Yes,No,No,83.0,3960,3180,3840,57.0,1.110,1.110,1.815,1.815,1.005,5.110,0.625,No,No,No,57.2,1.110,1.110,1.800,1.815,1.005,5.110,0.750,No,No,No,44,44,94.0,100.0,No,No,32159,47986,36,70,99.0,100.0,No,No,1844,3246,0.1,1.2,1.4,0.004,0.021,95927,52260,0.0,0.0,0.0,0.000,0.000,164001,82786,70.9,76.0,75.9,83.0,0.875,20.629,20.614,20.644,61.801,32.749,39.990,24.717,64.781,3.000,27.708,35.267,33.780,100.000,140.000,2250.0,2150.2,1890.0,2236.2,1905.0,91.0,62.0,0.0,0.0,92.5,24.9,99.7,0.0,0.0,0.0,Yes,No,No,No,No,Yes,No,0,0,0,0,0,0,0,0,0,0,0,0,0,0,0,0,0,0,0,0,0,0,0,0,0,0,0,0,0,0,617,7571,7338,567,16.0,66,0.300,15.305,600.0,2394.0,0.1,0.0,0.0,0.0,0.0,0.0,0.0,0.0,0.8,127,16065,127,No,No,No,No,No,No,No,No,16.746,68.277,100.0,0.000,24.1,0,0,0,0.0,2.6,2.6,2.6,2.6,2.6,2.6,2.8,2.8,2.8,2.8,2.8,2.8,383.84,383.84,383.84,383.84,383.84,383.84,378.48,6.70,383.45,0.39,636.82,651,9,0.0,0.0,0,0,0.0,0.0,0,
9.6.2026,14:20:43.660,23765,25003,48.7,14247,18137,43.9,10.5,16384,1720,1.192,1.203,1.230,1.209,1.184,1.184,1.174,1.174,1.176,1.216,1.190,1.190,1.186,1.186,1.186,1.101,0.778,2237.9,1396.9,4689.7,4889.2,4689.7,4689.7,2195.2,1097.6,1097.6,1097.6,1097.6,1097.6,1097.6,1097.6,1097.6,99.8,4091.0,394.4,85.7,119.3,122.7,99.7,2680.4,0.2,350.7,2128.7,107.9,0.1,604.4,0.2,292.0,258.7,202.3,685.9,114.5,28.8,5.6,0.6,483.7,18.5,4.0,20.9,1.5,42.1,57.7,3.6,7.6,72.8,5.4,0.0,14.7,0.0,25.9,21.9,17.4,62.0,10.1,2.4,0.3,0.0,72.8,18.5,100.0,16.6,3.6,5.1,5.2,4.8,103.0,0.0,13.9,82.2,4.7,0.0,24.8,0.0,15.8,13.8,10.8,36.6,6.0,1.6,0.3,0.1,16.6,22.4,14.0,47.0,49.0,47.0,47.0,22.0,11.0,11.0,11.0,11.0,11.0,11.0,11.0,11.0,41.0,62,62,62,68,58,62,60,62,62,62,62,62,62,62,62,38,38,38,32,42,38,40,38,38,38,38,38,38,38,38,74,68,No,No,No,No,No,No,No,No,No,No,No,No,No,No,No,No,No,No,No,No,No,No,No,No,No,No,No,No,No,No,No,No,No,No,No,No,No,No,No,No,No,No,No,No,No,No,No,No,74,66,64,1.100,9.281,15.496,9.558,0.001,4.617,0.435,175.0,175.0,175.0,175.0,0,0.0,14.8,4.2,8.6,3.9,4.8,57.9,0.0,7.7,45.8,5.7,0.0,14.6,0.0,25.9,23.1,18.1,61.6,10.4,2.6,0.5,0.1,11.9,7.6,29.6,34.8,43.0,13.0,38.8,0.0,0.0,0.0,0.0,0.0,0.0,0.0,0.0,47.2,0.0,0.0,3.5,1.0,2.6,0.0,73.0,76.4,81.5,37.3,89.3,97.2,99.4,99.8,42.3,75.4,57.4,1.9,0.3,75.4,43.5,2394.7,24.00,36,35,35,68,103,383,2,2,Yes,No,No,No,No,No,No,No,No,No,Yes,No,No,Yes,No,No,No,No,No,No,No,Yes,No,No,No,No,No,Yes,No,No,No,No,No,No,No,Yes,No,No,84.0,3900,3180,3780,57.0,1.110,1.110,1.815,1.815,1.005,5.110,0.625,No,No,No,57.2,1.110,1.110,1.815,1.815,1.005,5.110,0.625,No,No,No,43,43,94.0,100.0,No,No,32159,47986,36,70,99.0,100.0,No,No,1844,3246,0.5,0.8,1.4,0.069,0.041,95927,52260,0.0,0.0,0.0,0.000,0.000,164001,82786,70.8,76.0,75.8,83.0,0.875,20.654,20.642,20.667,64.942,25.474,35.478,21.921,57.475,3.000,24.902,9.907,25.638,100.000,140.000,2250.0,2150.2,1890.0,2233.6,1905.0,88.0,47.0,0.0,0.0,92.5,24.9,99.5,0.0,0.0,0.0,Yes,No,No,No,No,Yes,No,0,0,0,0,0,0,0,0,0,0,0,0,0,0,0,0,0,0,0,0,0,0,0,0,0,0,0,0,0,0,617,7571,7338,567,16.0,64,0.300,15.428,550.0,2394.0,0.1,0.0,0.0,0.0,0.0,0.0,0.0,0.0,0.8,127,16065,127,No,No,No,No,No,No,No,No,16.746,68.277,100.0,0.000,24.1,0,0,0,0.0,2.6,2.6,2.6,2.6,2.6,2.6,2.8,2.8,2.8,2.8,2.8,2.8,383.84,383.84,383.84,383.84,383.84,383.84,378.48,6.70,383.45,0.39,636.82,651,9,0.0,0.0,0,0,0.0,0.0,0,
9.6.2026,14:20:45.651,23759,25008,48.7,14245,18139,43.9,10.5,16384,1720,1.200,1.208,1.195,1.180,1.173,1.173,1.213,1.213,1.186,1.186,1.211,1.214,1.214,1.215,1.220,1.101,0.783,2166.1,4688.5,4688.5,4688.5,4688.5,1396.6,1396.6,1097.3,1097.3,1097.3,1097.3,1097.3,1097.3,1097.3,1097.3,99.8,4090.0,385.3,85.1,468.9,0.9,114.1,3668.4,0.3,18.5,1438.6,48.3,0.4,236.4,0.3,326.4,240.7,131.1,839.2,58.1,19.3,2.2,8.6,476.1,20.5,4.1,15.9,1.1,5.5,77.7,40.5,0.9,31.8,0.5,43.6,4.9,37.9,29.0,22.5,12.2,75.8,4.4,1.2,0.0,0.2,77.7,20.5,100.0,16.3,3.5,19.5,0.1,5.6,140.0,0.0,1.0,56.5,2.5,0.0,9.8,0.0,17.6,12.9,7.0,44.8,3.3,1.1,0.2,0.5,16.3,21.7,47.0,47.0,47.0,47.0,14.0,14.0,11.0,11.0,11.0,11.0,11.0,11.0,11.0,11.0,41.0,62,63,61,68,59,61,59,63,63,63,63,61,61,61,61,38,37,39,32,41,39,41,37,37,37,37,39,39,39,39,74,68,No,No,No,No,No,No,No,No,No,No,No,No,No,No,No,No,No,No,No,No,No,No,No,No,No,No,No,No,No,No,No,No,No,No,No,No,No,No,No,No,No,No,No,No,No,No,No,No,74,68,64,1.100,11.813,15.794,9.889,0.001,4.586,0.434,175.0,175.0,175.0,175.0,0,0.0,14.2,3.8,14.0,0.1,5.3,77.6,0.0,0.5,31.7,1.8,0.0,5.9,0.0,28.7,20.9,11.3,75.1,5.2,1.7,0.2,0.7,13.7,48.2,24.2,19.6,63.1,11.7,24.8,0.0,0.0,0.0,0.0,0.0,0.0,0.0,0.0,46.7,0.0,0.0,1.1,0.7,0.0,0.0,70.1,78.5,88.3,23.8,94.5,98.1,99.7,99.1,41.5,30.5,65.9,0.7,1.2,83.0,67.8,997.6,10.00,22,15,15,28,103,160,2,2,Yes,No,No,No,No,No,No,No,No,No,Yes,No,No,Yes,No,No,No,No,No,No,No,Yes,No,No,No,No,No,Yes,No,No,No,No,No,No,No,Yes,No,No,85.0,3840,3120,3720,57.0,1.110,1.110,1.815,1.815,0.990,5.110,0.750,No,No,No,57.2,1.110,1.110,1.815,1.815,1.005,5.110,0.750,No,No,No,43,43,94.0,100.0,No,No,32159,47986,36,70,99.0,100.0,No,No,1844,3246,0.2,1.1,1.2,0.014,0.023,95927,52260,0.0,0.0,0.0,0.000,0.000,164001,82786,67.4,78.0,72.3,83.0,0.875,20.652,20.638,20.666,65.810,25.231,35.264,22.206,57.534,3.000,25.184,9.569,23.857,100.000,140.000,2250.0,2150.2,1890.0,2234.1,1905.0,93.0,54.0,0.0,0.0,92.5,25.0,99.8,0.0,0.0,0.0,Yes,No,No,No,No,Yes,No,0,0,0,0,0,0,0,0,0,0,0,0,0,0,0,0,0,0,0,0,0,0,0,0,0,0,0,0,0,0,617,7571,7338,567,16.0,65,0.300,16.167,600.0,2394.0,0.1,0.0,0.0,0.0,0.0,0.0,0.0,0.0,0.8,127,16065,127,No,No,No,No,No,No,No,No,16.746,68.277,100.0,0.000,24.1,0,0,0,0.0,2.6,2.6,2.6,2.6,2.6,2.6,2.8,2.8,2.8,2.8,2.8,2.8,383.84,383.84,383.84,383.84,383.84,383.84,378.48,6.70,383.45,0.39,636.82,651,9,0.1,0.0,0,0,0.0,0.0,0,
9.6.2026,14:20:47.654,23760,25008,48.7,14245,18138,43.9,10.5,16384,1720,1.195,1.181,1.177,1.194,1.144,1.169,1.204,1.209,1.216,1.211,1.211,1.211,1.186,1.211,1.213,1.063,0.783,1681.6,1396.6,1396.6,4688.5,4489.0,1396.6,1396.6,1097.3,1097.3,1097.3,1097.3,1097.3,1097.3,1097.3,1097.3,99.8,3890.5,371.7,76.8,150.1,0.6,73.5,1714.7,0.2,19.6,3379.2,43.0,0.1,377.5,0.2,354.6,235.5,159.0,756.3,57.7,19.8,15.1,0.5,458.8,14.7,4.8,10.0,1.2,4.3,37.7,0.0,0.2,71.5,3.3,0.0,11.4,0.0,32.0,20.7,13.8,68.3,7.0,3.6,3.2,1.9,71.5,14.7,100.0,15.7,3.2,6.5,0.0,3.8,66.7,0.0,1.0,129.0,2.1,0.0,15.6,0.0,19.1,12.6,8.6,40.3,3.1,1.1,0.8,0.1,15.7,16.9,14.0,14.0,47.0,45.0,14.0,14.0,11.0,11.0,11.0,11.0,11.0,11.0,11.0,11.0,39.0,62,63,63,63,66,59,62,62,62,61,61,62,62,62,62,38,37,37,37,34,41,38,38,38,39,39,38,38,38,38,75,66,No,No,No,No,No,No,No,No,No,No,No,No,No,No,No,No,No,No,No,No,No,No,No,No,No,No,No,No,No,No,No,No,No,No,No,No,No,No,No,No,No,No,No,No,No,No,No,No,75,66,64,1.100,8.438,16.303,10.452,0.001,4.531,0.433,175.0,175.0,175.0,175.0,0,0.0,14.1,4.4,10.9,0.0,4.0,37.6,0.0,0.5,71.5,1.6,0.0,9.5,0.0,31.5,20.9,14.0,67.8,5.2,1.8,1.3,0.0,12.8,15.6,20.6,52.0,25.6,2.6,41.9,0.2,0.0,0.3,0.0,5.1,5.1,5.1,5.1,45.4,0.0,0.0,1.9,1.1,0.0,0.0,67.2,78.5,85.4,31.2,89.5,93.0,93.4,94.8,46.7,63.9,71.5,5.5,0.5,93.1,45.7,2394.1,24.00,36,35,35,68,103,383,2,2,Yes,No,No,No,No,No,No,No,No,No,Yes,No,No,Yes,No,No,No,No,No,No,No,Yes,No,No,No,No,No,Yes,No,No,No,No,No,No,No,Yes,No,No,85.0,3900,3180,3780,57.0,1.110,1.110,1.815,1.815,0.990,5.110,0.875,No,No,No,57.0,1.110,1.110,1.815,1.815,0.990,5.110,0.750,No,No,No,43,43,94.0,100.0,No,No,32159,47986,36,70,99.0,100.0,No,No,1844,3246,0.0,1.1,1.1,0.000,0.119,95927,52260,0.0,0.0,0.0,0.000,0.000,164001,82786,71.6,78.0,76.8,83.0,0.875,20.632,20.617,20.647,66.993,32.286,39.282,24.864,64.214,3.000,27.850,31.835,34.955,100.000,140.000,2250.0,2150.2,1890.0,2232.9,1905.0,93.0,60.0,0.0,0.0,92.5,24.9,99.5,0.0,0.0,0.0,Yes,No,No,No,No,Yes,No,0,0,0,0,0,0,0,0,0,0,0,0,0,0,0,0,0,0,0,0,0,0,0,0,0,0,0,0,0,0,617,7571,7338,567,16.0,66,0.300,16.166,550.0,997.0,0.1,0.0,0.0,0.0,0.0,0.0,0.0,0.0,0.8,127,16065,127,No,No,No,No,No,No,No,No,16.746,68.277,100.0,0.000,24.1,0,0,0,0.0,2.6,2.6,2.6,2.6,2.6,2.6,2.8,2.8,2.8,2.8,2.8,2.8,383.84,383.84,383.84,383.84,383.84,383.84,378.48,6.70,383.45,0.39,636.82,651,9,0.1,0.1,0,0,0.0,0.0,0,
9.6.2026,14:20:49.653,23768,24999,48.7,14294,18090,44.1,10.5,16384,1720,1.191,1.217,1.211,1.186,1.211,1.186,1.186,1.182,1.182,1.182,1.182,1.187,1.188,1.188,1.193,1.141,0.781,2828.8,4688.5,4688.5,4688.5,4888.0,4688.5,4688.5,1097.3,1097.3,1097.3,1097.3,1097.3,1097.3,1097.3,3591.2,99.8,4289.5,396.8,77.0,264.0,0.8,91.6,2742.5,0.3,19.9,2419.2,52.8,0.2,600.0,0.2,376.2,275.0,122.3,766.8,90.1,23.9,12.0,0.8,488.1,19.1,3.6,10.4,0.0,3.6,58.6,34.0,1.3,52.0,1.0,21.4,14.5,36.0,33.4,25.0,10.1,68.9,6.7,0.6,0.0,0.0,68.9,19.1,100.0,16.8,3.1,11.0,0.1,4.6,105.4,0.0,1.0,93.7,2.6,0.0,24.6,0.0,20.3,14.7,6.6,40.9,4.8,1.3,0.7,0.1,16.8,28.4,47.0,47.0,47.0,49.0,47.0,47.0,11.0,11.0,11.0,11.0,11.0,11.0,11.0,36.0,43.0,62,62,59,68,58,61,62,61,61,61,61,62,62,62,62,38,38,41,32,42,39,38,39,39,39,39,38,38,38,38,75,68,No,No,No,No,No,No,No,No,No,No,No,No,No,No,No,No,No,No,No,No,No,No,No,No,No,No,No,No,No,No,No,No,No,No,No,No,No,No,No,No,No,No,No,No,No,No,No,No,75,66,65,1.100,6.750,15.571,9.735,0.001,4.518,0.431,175.0,175.0,175.0,175.0,0,0.0,14.7,3.7,10.3,0.1,4.4,58.7,0.0,0.6,52.1,1.9,0.0,14.3,0.0,33.2,24.3,10.7,68.5,8.2,2.2,1.1,0.1,12.9,23.9,27.6,36.0,44.3,6.1,42.1,0.0,0.0,0.0,0.0,0.0,0.0,0.0,0.0,46.5,0.0,0.0,2.7,0.7,0.0,0.0,65.5,75.1,88.9,30.4,91.6,97.7,98.8,99.8,42.1,58.8,64.0,0.7,0.2,88.2,41.0,997.6,10.00,22,15,15,28,103,160,2,2,Yes,No,No,No,No,No,No,No,No,No,Yes,No,No,Yes,No,No,No,No,No,No,No,Yes,No,No,No,No,No,Yes,No,No,No,No,No,No,No,Yes,No,No,84.0,3840,3300,3780,56.8,1.110,1.110,1.815,1.815,0.990,5.110,0.875,No,No,No,57.0,1.110,1.110,1.815,1.815,0.990,5.110,0.750,No,No,No,43,43,94.0,100.0,No,No,32159,47986,36,70,99.0,100.0,No,No,1844,3246,0.0,1.2,1.2,0.000,0.138,95927,52260,0.0,0.0,0.0,0.000,0.000,164001,82786,70.8,78.0,75.9,83.0,0.875,20.631,20.617,20.645,61.347,27.596,36.814,24.121,61.006,3.000,27.124,9.158,31.951,100.000,140.000,2250.0,2150.2,1890.0,2236.3,1905.0,87.0,38.0,0.0,1.0,92.5,25.0,99.9,0.0,0.0,0.0,Yes,No,No,No,No,Yes,No,0,0,0,0,0,0,0,0,0,0,0,0,0,0,0,0,0,0,0,0,0,0,0,0,0,0,0,0,0,0,617,7571,7338,567,16.0,64,0.300,15.747,550.0,2394.0,0.1,0.0,0.0,0.0,0.0,0.0,0.0,0.0,0.8,127,16065,127,No,No,No,No,No,No,No,No,16.746,68.277,100.0,0.000,24.1,0,0,0,0.0,1.1,1.1,1.1,1.1,1.1,1.1,1.1,1.1,1.1,1.1,1.1,1.1,891.73,891.73,891.73,891.73,891.73,891.73,881.13,10.67,891.36,0.37,783.15,651,9,2.2,0.0,0,0,0.0,0.0,0,
9.6.2026,14:20:51.657,23764,25004,48.7,14328,18056,44.2,10.5,16384,1720,1.195,1.208,1.196,1.186,1.176,1.166,1.207,1.207,1.207,1.182,1.182,1.182,1.213,1.213,1.213,1.101,0.778,1888.2,1396.6,1396.6,4688.5,4688.5,4688.5,798.0,1097.3,1097.3,1097.3,1097.3,1097.3,1097.3,1097.3,1097.3,99.8,4090.0,379.4,68.2,170.9,0.7,89.2,3336.2,0.2,18.5,1829.4,38.1,0.1,456.6,0.3,382.9,329.3,110.8,739.5,15.0,0.5,0.5,0.5,473.2,14.3,2.9,12.2,1.4,4.3,70.9,0.0,0.5,39.6,1.2,0.0,10.9,0.0,34.3,29.5,9.6,66.8,1.2,0.0,0.0,0.0,70.9,14.3,100.0,16.0,2.6,7.4,0.1,4.4,127.7,0.0,1.0,71.0,2.1,0.0,18.8,0.0,20.6,17.6,5.9,39.4,0.8,0.1,0.1,0.1,16.0,18.9,14.0,14.0,47.0,47.0,47.0,8.0,11.0,11.0,11.0,11.0,11.0,11.0,11.0,11.0,41.0,62,61,61,69,59,61,60,63,63,63,63,62,62,62,62,38,39,39,31,41,39,40,37,37,37,37,38,38,38,38,75,69,No,No,No,No,No,No,No,No,No,No,No,No,No,No,No,No,No,No,No,No,No,No,No,No,No,No,No,No,No,No,No,No,No,No,No,No,No,No,No,No,No,No,No,No,No,No,No,No,75,66,65,1.100,5.906,16.710,10.802,0.001,4.585,0.435,175.0,175.0,175.0,175.0,0,0.0,14.3,3.1,12.2,0.0,4.5,71.0,0.0,0.7,39.9,1.6,0.0,11.0,0.0,34.2,29.4,9.7,66.4,1.4,0.1,0.1,0.1,9.8,0.6,17.9,24.0,52.9,8.3,33.9,0.0,0.0,0.0,0.0,0.0,0.0,0.0,0.0,46.9,0.0,0.0,0.8,0.6,0.0,0.0,64.7,70.0,90.0,32.5,98.4,99.8,99.8,99.8,49.6,78.9,73.9,2.5,3.5,86.7,52.3,2394.1,24.00,36,35,35,68,103,383,2,2,Yes,No,No,No,No,No,No,No,No,No,Yes,No,No,Yes,No,No,No,No,No,No,No,Yes,No,No,No,No,No,Yes,No,No,No,No,No,No,No,Yes,No,No,85.0,3900,3300,3720,56.8,1.110,1.110,1.815,1.815,0.990,5.110,0.875,No,No,No,57.0,1.110,1.110,1.815,1.815,0.990,5.110,1.000,No,No,No,43,43,94.0,100.0,No,No,32159,47986,36,70,99.0,100.0,No,No,1844,3246,0.0,0.8,0.8,0.000,0.017,95927,52260,0.0,0.0,0.0,0.000,0.000,164001,82786,70.9,76.0,76.0,83.0,0.875,20.630,20.614,20.645,59.047,30.937,39.694,23.665,63.441,3.000,26.663,28.679,31.417,100.000,140.000,2250.0,2150.2,1890.0,2237.5,1905.0,92.0,54.0,0.0,1.0,92.5,25.0,99.9,0.0,0.0,0.0,Yes,No,No,No,No,Yes,No,0,0,0,0,0,0,0,0,0,0,0,0,0,0,0,0,0,0,0,0,0,0,0,0,0,0,0,0,0,0,617,7571,7338,567,16.0,65,0.300,16.644,550.0,997.0,0.1,0.0,0.0,0.0,0.0,0.0,0.0,0.0,0.8,127,16065,127,No,No,No,No,No,No,No,No,16.746,68.277,100.0,0.000,24.1,0,0,0,0.0,1.1,1.1,1.1,1.1,1.1,1.1,1.1,1.1,1.1,1.1,1.1,1.1,889.95,889.95,889.95,889.95,889.95,889.95,0.99,889.39,889.95,0.00,512.86,651,9,0.0,0.0,0,0,0.0,0.0,0,
9.6.2026,14:20:53.656,23757,25010,48.7,14344,18039,44.2,10.5,16384,1720,1.163,1.199,1.154,1.154,1.139,1.168,1.143,1.158,1.158,1.183,1.158,1.148,1.189,1.189,1.149,1.063,0.783,2109.1,1396.6,1396.6,4489.0,4489.0,4489.0,4489.0,1097.3,1097.3,1097.3,1097.3,1097.3,1097.3,1097.3,1097.3,99.8,3890.5,387.8,81.2,139.4,0.7,86.8,1827.7,0.3,20.8,3311.6,57.1,0.2,535.0,0.2,351.3,303.7,169.8,819.8,40.6,2.7,0.7,6.5,481.6,22.6,4.1,11.4,1.3,5.0,39.7,49.7,0.3,69.7,2.4,49.9,12.8,48.2,30.8,26.7,16.0,73.5,4.9,1.5,1.3,1.8,73.5,22.6,100.0,16.4,3.4,6.0,0.1,4.4,70.9,0.0,1.1,126.7,2.8,0.0,22.0,0.0,19.0,16.2,9.1,43.8,2.2,0.2,0.1,0.4,16.4,21.1,14.0,14.0,45.0,45.0,45.0,45.0,11.0,11.0,11.0,11.0,11.0,11.0,11.0,11.0,39.0,62,63,62,67,59,61,60,62,62,62,62,61,61,62,62,38,37,38,33,41,39,40,38,38,38,38,39,39,38,38,75,67,No,No,No,No,No,No,No,No,No,No,No,No,No,No,No,No,No,No,No,No,No,No,No,No,No,No,No,No,No,No,No,No,No,No,No,No,No,No,No,No,No,No,No,No,No,No,No,No,75,66,65,1.100,17.719,15.702,9.843,0.001,4.541,0.433,175.0,175.0,175.0,175.0,0,0.0,14.7,4.3,10.1,0.1,4.6,40.0,0.0,0.5,69.8,2.0,0.0,12.9,0.0,30.8,26.8,14.9,73.0,3.7,0.2,0.1,0.6,10.9,7.2,21.0,49.8,27.2,7.9,39.8,0.0,0.0,0.0,0.0,0.0,0.0,0.0,0.0,46.4,0.0,0.0,2.6,1.0,0.0,0.0,68.0,72.5,84.8,26.0,96.0,99.6,99.8,99.3,46.6,73.2,70.3,4.8,0.5,86.4,44.2,2394.1,24.00,36,35,35,68,103,383,2,2,Yes,No,No,No,No,No,No,No,No,No,Yes,No,No,Yes,No,No,No,No,No,No,No,Yes,No,No,No,No,No,Yes,No,No,No,No,No,No,No,Yes,No,No,85.0,3960,3300,3840,56.8,1.110,1.110,1.800,1.815,0.990,5.110,0.750,No,No,No,57.0,1.110,1.110,1.800,1.815,0.990,5.110,0.625,No,No,No,43,43,94.0,100.0,No,No,32159,47986,36,70,99.0,100.0,No,No,1844,3246,0.0,1.0,1.0,0.000,0.019,95927,52260,0.0,0.0,0.0,0.000,0.000,164001,82786,70.8,76.0,76.1,83.0,0.875,20.635,20.620,20.650,59.473,34.210,38.756,24.394,63.229,3.000,27.378,54.712,28.001,100.000,140.000,2250.0,2150.2,1890.0,2236.2,1905.0,94.0,61.0,0.0,0.0,92.5,24.9,99.4,0.0,0.0,0.0,Yes,No,No,No,No,Yes,No,0,0,0,0,0,0,0,0,0,0,0,0,0,0,0,0,0,0,0,0,0,0,0,0,0,0,0,0,0,0,617,7571,7338,567,16.0,65,0.300,15.785,600.0,2394.0,0.1,0.0,0.0,0.0,0.0,0.0,0.0,0.0,0.8,127,16065,127,No,No,No,No,No,No,No,No,16.746,68.277,100.0,0.000,24.1,0,0,0,0.0,2.5,2.5,2.5,2.5,2.5,2.5,2.5,2.5,2.5,2.5,2.5,2.5,393.24,393.24,393.24,393.24,393.24,393.24,385.02,8.47,392.83,0.41,603.17,651,9,0.4,0.0,0,0,0.0,0.0,0,
9.6.2026,14:20:55.650,23766,25002,48.7,14366,18018,44.3,10.5,16384,1720,1.202,1.227,1.174,1.199,1.181,1.196,1.186,1.211,1.181,1.212,1.183,1.213,1.219,1.219,1.219,1.101,0.778,2693.4,4688.5,4489.0,4688.5,4688.5,4688.5,4688.5,1097.3,1097.3,1097.3,2094.9,1097.3,1097.3,1097.3,1097.3,99.8,4090.0,403.5,94.9,262.5,0.8,90.2,2824.2,0.3,19.7,2326.0,57.6,0.3,699.3,0.3,377.2,253.7,175.6,763.3,92.9,22.2,6.1,2.7,496.6,14.6,4.3,5.5,0.0,4.4,60.4,0.0,0.5,49.9,1.9,0.0,17.0,0.0,33.6,22.6,15.0,68.5,7.6,1.2,0.0,0.0,68.5,14.6,100.0,17.1,3.9,10.8,0.1,4.7,108.6,0.0,1.0,90.1,3.0,0.0,28.8,0.0,20.3,13.6,9.4,40.6,4.9,1.2,0.4,0.2,17.1,27.0,47.0,45.0,47.0,47.0,47.0,47.0,11.0,11.0,11.0,21.0,11.0,11.0,11.0,11.0,41.0,62,63,63,63,66,61,60,62,62,62,63,62,62,62,62,38,37,37,37,34,39,40,38,38,38,37,38,38,38,38,75,66,No,No,No,No,No,No,No,No,No,No,No,No,No,No,No,No,No,No,No,No,No,No,No,No,No,No,No,No,No,No,No,No,No,No,No,No,No,No,No,No,No,No,No,No,No,No,No,No,75,69,64,1.100,5.063,15.570,9.665,0.001,4.582,0.434,175.0,175.0,175.0,175.0,0,0.0,14.8,4.4,6.2,0.1,4.5,60.4,0.0,0.5,50.1,2.0,0.0,16.8,0.0,33.4,22.5,15.6,68.3,8.4,2.0,0.5,0.2,14.9,24.3,29.4,35.8,46.0,18.6,53.5,0.0,0.0,0.0,0.3,0.0,0.0,0.0,0.0,46.1,0.0,0.0,0.5,0.8,0.0,0.0,65.3,76.9,84.0,30.2,91.3,97.8,99.3,99.6,38.2,63.1,61.6,1.5,0.4,75.5,26.8,2394.1,24.00,36,35,35,68,103,383,2,2,Yes,No,No,No,No,No,No,No,No,No,Yes,No,No,Yes,No,No,No,No,No,No,No,Yes,No,No,No,No,No,Yes,No,No,No,No,No,No,No,Yes,No,No,84.0,4020,3300,3840,56.8,1.110,1.110,1.800,1.815,0.990,5.110,1.000,No,No,No,57.0,1.110,1.110,1.800,1.815,0.990,5.110,0.625,No,No,No,43,43,94.0,100.0,No,No,32159,47986,36,70,99.0,100.0,No,No,1844,3246,0.1,1.1,1.2,0.002,0.034,95927,52260,0.0,0.0,0.0,0.000,0.000,164001,82786,69.7,76.0,74.5,83.0,0.875,20.644,20.631,20.657,62.347,31.528,35.344,22.942,58.356,3.000,25.926,43.518,31.612,100.000,140.000,2250.0,2150.2,1890.0,2233.2,1905.0,80.0,23.0,0.0,1.0,92.5,24.8,99.1,0.0,0.0,0.0,Yes,No,No,No,No,Yes,No,0,0,0,0,0,0,0,0,0,0,0,0,0,0,0,0,0,0,0,0,0,0,0,0,0,0,0,0,0,0,617,7571,7338,567,16.0,65,0.300,16.121,600.0,2394.0,0.1,0.0,0.0,0.0,0.0,0.0,0.0,0.0,0.8,127,16065,127,No,No,No,No,No,No,No,No,16.746,68.277,100.0,0.000,24.1,0,0,0,0.0,2.5,2.5,2.5,2.5,2.5,2.5,2.5,2.5,2.5,2.5,2.5,2.5,393.24,393.24,393.24,393.24,393.24,393.24,385.02,8.47,392.83,0.41,603.17,651,9,0.0,0.0,0,0,0.0,0.0,0,
9.6.2026,14:20:57.655,23767,25001,48.7,14425,17959,44.5,10.5,16384,1720,1.185,1.177,1.205,1.160,1.150,1.190,1.180,1.183,1.183,1.188,1.182,1.188,1.218,1.203,1.188,1.063,0.781,1859.7,1396.6,798.0,4489.0,4489.0,4688.5,1396.6,1097.3,1097.3,1097.3,1097.3,1097.3,1097.3,1097.3,1097.3,99.8,3890.5,396.2,83.8,131.9,0.7,124.6,3145.5,0.2,19.8,2016.7,57.7,0.1,682.5,0.2,313.2,253.6,158.7,849.6,35.7,33.8,14.3,0.7,489.9,15.5,4.6,9.5,1.4,6.1,67.1,0.0,1.2,44.3,2.6,2.1,17.1,0.0,28.4,23.3,14.7,77.3,4.0,3.7,1.9,0.7,77.3,15.5,100.0,16.8,3.4,5.7,0.1,6.0,120.5,0.0,1.0,78.7,2.8,0.0,28.0,0.0,17.0,13.6,8.5,45.5,2.0,1.9,0.8,0.1,16.8,18.6,14.0,8.0,45.0,45.0,47.0,14.0,11.0,11.0,11.0,11.0,11.0,11.0,11.0,11.0,39.0,62,61,63,68,60,62,68,61,61,61,61,62,62,62,62,38,39,37,32,40,38,32,39,39,39,39,38,38,38,38,76,68,No,No,No,No,No,No,No,No,No,No,No,No,No,No,No,No,No,No,No,No,No,No,No,No,No,No,No,No,No,No,No,No,No,No,No,No,No,No,No,No,No,No,No,No,No,No,No,No,75,62,65,1.100,5.063,16.869,10.952,0.001,4.595,0.435,175.0,175.0,175.0,175.0,0,0.0,14.9,4.0,9.5,0.0,5.6,67.0,0.0,0.6,44.0,2.2,0.0,16.5,0.0,27.7,22.7,14.1,76.3,3.2,3.1,1.3,0.1,13.0,9.1,24.5,31.4,50.1,12.4,54.2,0.3,0.0,0.0,0.0,0.0,0.0,0.0,0.0,46.3,0.0,0.0,0.1,1.0,0.0,0.0,70.7,76.7,85.5,22.5,96.5,96.7,98.5,99.8,41.5,73.3,65.6,0.1,1.6,82.1,26.4,2394.1,24.00,36,35,35,68,103,383,2,2,Yes,No,No,No,No,No,No,No,No,No,Yes,No,No,Yes,No,No,No,No,No,No,No,Yes,No,No,No,No,No,Yes,No,No,No,No,No,No,No,Yes,No,No,84.0,4080,3360,3900,56.8,1.110,1.110,1.800,1.815,1.005,5.110,0.625,No,No,No,57.0,1.110,1.110,1.800,1.815,1.005,5.110,0.750,No,No,No,43,43,94.0,100.0,No,No,32159,47986,36,70,99.0,100.0,No,No,1844,3246,0.0,1.1,1.1,0.000,0.020,95927,52260,0.0,0.0,0.0,0.000,0.000,164001,82786,70.6,78.0,75.7,83.0,0.875,20.642,20.628,20.657,60.623,31.124,36.716,22.918,59.718,3.000,25.915,35.340,34.263,100.000,140.000,2250.0,2150.2,1890.0,2234.4,1905.0,90.0,58.0,0.0,0.0,92.5,24.9,99.4,0.0,0.0,0.0,Yes,No,No,No,No,Yes,No,0,0,0,0,0,0,0,0,0,0,0,0,0,0,0,0,0,0,0,0,0,0,0,0,0,0,0,0,0,0,617,7571,7338,567,16.0,65,0.300,16.456,600.0,2394.0,0.1,0.0,0.0,0.0,0.0,0.0,0.0,0.0,0.8,127,16065,127,No,No,No,No,No,No,No,No,16.746,68.277,100.0,0.000,24.1,0,0,0,0.0,2.5,2.5,2.5,2.5,2.5,2.5,2.5,2.5,2.5,2.5,2.5,2.5,398.33,398.33,398.33,398.33,398.33,398.33,390.83,7.59,397.95,0.38,211.00,651,9,0.2,0.1,0,0,0.0,0.0,0,
9.6.2026,14:20:59.654,23995,24772,49.2,15141,17242,46.7,10.5,16384,1720,1.206,1.207,1.173,1.216,1.216,1.171,1.171,1.211,1.213,1.218,1.218,1.218,1.218,1.218,1.218,1.063,0.781,1945.2,4489.0,1396.6,4888.0,4888.0,1396.6,1396.6,1097.3,1097.3,1097.3,1097.3,1097.3,1097.3,1097.3,1097.3,99.8,3890.5,1072.9,973.3,846.0,759.6,971.0,1856.3,893.3,1030.4,3749.2,923.7,817.2,1353.6,788.9,933.7,873.7,811.8,1152.3,697.0,671.7,685.8,669.4,1170.9,35.8,28.2,26.1,20.3,27.2,44.6,39.5,25.8,83.3,23.9,37.6,35.0,40.7,45.7,40.5,34.7,65.2,26.3,22.9,24.9,23.6,83.3,35.8,100.0,46.1,37.8,32.6,29.0,38.3,72.2,34.1,39.7,143.1,35.7,31.2,52.9,30.1,49.9,46.6,43.2,61.4,37.1,35.7,36.4,35.6,46.1,19.5,45.0,14.0,49.0,49.0,14.0,14.0,11.0,11.0,11.0,11.0,11.0,11.0,11.0,11.0,39.0,68,68,68,75,70,66,64,66,66,66,66,68,68,68,68,32,32,32,25,30,34,36,34,34,34,34,32,32,32,32,77,75,No,No,No,No,No,No,No,No,No,No,No,No,No,No,No,No,No,No,No,No,No,No,No,No,No,No,No,No,No,No,Yes,Yes,Yes,Yes,Yes,Yes,Yes,Yes,Yes,Yes,Yes,Yes,Yes,Yes,Yes,No,No,Yes,78,73,66,1.100,48.094,16.065,10.128,0.001,4.608,0.436,175.0,175.0,175.0,175.0,0,0.0,33.0,28.3,25.0,19.8,28.0,44.7,23.1,25.8,83.0,24.1,21.1,34.8,20.9,45.6,40.3,34.2,64.8,25.8,22.4,24.5,23.2,10.4,13.5,22.5,43.6,9.2,10.3,29.3,3.5,3.2,2.5,2.8,0.0,2.1,2.0,1.1,35.9,0.0,0.5,1.6,3.0,0.0,2.0,49.7,55.5,62.5,31.2,73.5,74.9,73.0,75.3,31.3,47.7,43.2,5.4,0.0,60.9,30.6,2394.1,24.00,36,35,35,68,103,383,2,2,Yes,No,No,No,No,No,No,No,No,Yes,Yes,No,No,Yes,No,No,No,No,No,No,No,Yes,No,No,No,No,No,Yes,No,No,No,No,No,No,No,Yes,No,No,85.0,4080,3360,3960,56.8,1.110,1.110,1.800,1.815,1.005,5.040,3.625,No,No,No,57.0,1.110,1.110,1.800,1.815,1.005,5.110,1.000,No,No,No,43,43,94.0,100.0,No,No,32159,47986,36,70,99.0,100.0,No,No,1844,3246,0.0,1.3,1.3,0.000,0.143,95927,52261,0.0,0.0,0.0,0.000,0.000,164001,82786,62.3,72.0,69.2,83.0,0.875,20.606,20.613,20.599,38.083,9.947,10.122,8.946,19.075,3.000,11.952,8.251,8.283,100.000,140.000,2250.0,2150.2,1890.0,2242.4,1905.0,0.0,0.0,0.0,0.0,85.6,17.5,70.0,0.0,0.0,0.0,Yes,No,No,No,No,Yes,No,0,0,0,0,0,0,0,0,0,0,0,0,0,0,0,0,0,0,0,0,0,0,0,0,0,0,0,0,0,0,1175,7013,6780,556,16.0,64,0.300,17.376,550.0,2394.0,0.1,0.0,0.0,0.0,0.0,0.0,0.0,0.0,0.8,127,16065,127,No,No,No,No,No,No,No,No,16.746,68.277,100.0,0.000,24.1,0,0,0,0.0,7.0,3236.8,2.0,2.0,2.0,2.0,7.0,43.0,2.3,2.3,2.3,2.3,142.67,489.02,0.31,0.31,494.81,494.81,0.35,142.32,142.67,0.00,129.46,651,9,0.1,0.0,0,0,0.0,0.0,0,
9.6.2026,14:21:1.663,23862,24906,48.9,13980,18404,43.1,10.5,16384,1720,1.188,1.203,1.204,1.184,1.189,1.189,1.197,1.182,1.182,1.182,1.183,1.186,1.186,1.181,1.178,1.101,0.783,2636.4,4688.5,4688.5,4688.5,4688.5,4688.5,4688.5,1097.3,1097.3,1097.3,1097.3,1097.3,1097.3,1097.3,1097.3,99.8,4090.0,693.1,574.3,601.1,203.3,709.1,3931.9,309.4,360.5,2132.2,537.0,80.7,861.0,264.8,619.9,429.7,382.5,911.2,335.3,216.3,196.2,206.3,806.8,25.0,21.3,26.4,2.0,25.2,86.8,0.0,8.9,48.4,14.7,0.0,24.4,6.5,45.8,30.5,25.8,74.4,24.3,11.7,11.4,11.4,86.8,25.0,100.0,30.4,25.3,24.1,8.1,30.7,152.7,12.3,14.7,84.2,21.9,3.3,34.6,10.6,34.8,24.4,21.4,50.0,18.7,12.5,11.2,12.0,30.4,26.4,47.0,47.0,47.0,47.0,47.0,47.0,11.0,11.0,11.0,11.0,11.0,11.0,11.0,11.0,41.0,63,65,63,66,62,61,60,63,63,63,63,64,64,64,64,37,35,37,34,38,39,40,37,37,37,37,36,36,36,36,76,66,No,No,No,No,No,No,No,No,No,No,No,No,No,No,No,No,No,No,No,No,No,No,No,No,No,No,No,No,No,No,Yes,Yes,Yes,Yes,Yes,Yes,Yes,Yes,Yes,Yes,Yes,Yes,Yes,Yes,Yes,No,No,Yes,76,68,65,1.100,19.407,31.131,24.571,0.001,5.044,0.624,175.0,175.0,175.0,175.0,0,0.0,25.1,21.0,25.3,5.0,24.4,85.4,7.3,8.5,48.0,14.5,2.0,24.8,6.5,43.5,29.0,24.8,72.2,23.9,12.1,12.0,11.8,11.1,20.2,38.9,8.4,36.2,20.5,23.1,1.9,0.6,1.6,3.3,0.8,0.0,0.5,0.1,39.7,1.4,0.9,1.6,2.8,3.2,0.7,51.1,67.8,72.0,21.4,73.3,86.5,86.5,86.7,28.9,35.1,27.1,0.8,6.0,57.6,46.6,2394.1,24.00,36,35,35,68,103,383,2,2,Yes,No,No,No,No,No,No,No,No,Yes,Yes,No,No,Yes,No,No,No,No,No,No,No,Yes,No,No,No,No,No,Yes,No,No,No,No,No,No,No,Yes,No,No,85.0,4140,3240,4020,57.0,1.110,1.110,1.800,1.815,1.005,5.040,0.625,No,No,No,57.0,1.095,1.110,1.800,1.815,1.005,5.040,0.875,No,No,No,43,43,94.0,100.0,No,No,32159,47986,36,70,99.0,100.0,No,No,1844,3246,0.3,0.6,0.9,0.004,0.048,95927,52261,0.0,0.0,0.0,0.000,0.000,164001,82786,61.8,68.0,68.6,83.0,0.875,20.738,20.734,20.741,24.511,9.631,12.154,6.863,19.040,3.000,9.876,8.233,8.254,100.000,140.000,2250.0,1750.2,1890.0,2200.4,1905.0,38.0,6.0,0.0,1.0,93.4,12.0,48.2,0.0,0.0,0.0,Yes,No,No,No,No,Yes,No,0,0,0,0,0,0,0,0,0,0,0,0,0,0,0,0,0,0,0,0,0,0,0,0,0,0,0,0,0,0,539,7649,7416,567,16.0,65,0.300,38.686,600.0,2394.0,0.1,0.0,0.0,0.0,0.0,0.0,0.0,0.0,0.8,127,16065,127,No,No,No,No,No,No,No,No,16.746,68.277,100.0,0.000,24.1,0,0,0,0.0,7.0,3236.8,2.0,2.0,2.0,2.0,7.0,43.0,2.3,2.3,2.3,2.3,142.67,489.02,0.31,0.31,494.81,494.81,0.35,142.32,142.67,0.00,129.46,651,9,0.1,0.0,0,0,0.0,0.0,0,
9.6.2026,14:21:3.665,23811,24957,48.8,14019,18365,43.2,10.5,16384,1720,1.155,1.198,1.167,1.154,1.149,1.184,1.154,1.136,1.151,1.136,1.151,1.136,1.142,1.142,1.167,1.063,0.783,2109.1,1396.6,1396.6,4489.0,4489.0,4489.0,4489.0,1097.3,1097.3,1097.3,1097.3,1097.3,1097.3,1097.3,1097.3,99.8,3890.5,403.2,96.7,165.7,0.7,125.0,1874.3,0.3,23.7,3319.2,95.2,0.2,513.8,6.1,426.7,319.4,171.7,740.8,94.1,51.3,12.5,27.5,492.5,18.0,5.1,10.6,2.9,6.2,41.2,22.3,0.4,70.6,4.4,14.5,13.8,0.0,37.2,28.2,15.1,66.0,9.4,5.9,2.4,3.8,70.6,18.0,100.0,17.2,4.3,7.1,0.1,6.3,72.9,0.0,1.2,127.2,4.3,0.0,21.1,0.3,23.0,17.3,9.2,39.6,5.6,2.7,0.7,1.5,17.2,21.1,14.0,14.0,45.0,45.0,45.0,45.0,11.0,11.0,11.0,11.0,11.0,11.0,11.0,11.0,39.0,63,65,62,69,59,62,64,63,62,62,62,62,62,62,62,37,35,38,31,41,38,36,37,38,38,38,38,38,38,38,75,69,No,No,No,No,No,No,No,No,No,No,No,No,No,No,No,No,No,No,No,No,No,No,No,No,No,No,No,No,No,No,No,No,No,No,No,No,No,No,No,No,No,No,No,No,No,No,No,No,74,69,65,1.100,10.969,27.040,20.693,0.001,4.948,0.522,175.0,175.0,175.0,175.0,0,0.0,15.8,5.2,11.8,0.1,6.5,41.5,0.0,0.6,70.7,4.7,0.0,12.5,0.2,37.0,28.0,15.1,65.6,8.5,4.6,1.1,2.5,13.2,21.8,26.6,54.0,27.4,7.4,46.2,0.0,0.0,0.0,1.7,0.0,0.0,0.0,0.0,45.2,0.0,0.0,0.5,0.2,1.7,0.0,61.5,70.9,84.4,31.5,91.1,95.1,98.7,97.3,40.2,57.0,61.6,1.4,0.0,82.5,38.4,2394.1,24.00,36,35,35,68,103,383,2,2,Yes,No,No,No,No,No,No,No,No,No,Yes,No,No,No,No,No,No,No,No,No,No,No,No,No,No,No,No,Yes,No,No,No,No,No,No,No,Yes,No,No,84.0,4260,3060,4080,57.0,1.110,1.110,1.800,1.815,1.005,5.040,0.625,No,No,No,57.2,1.110,1.110,1.800,1.815,1.005,5.040,0.625,No,No,No,43,43,94.0,100.0,No,No,32159,47986,36,70,99.0,100.0,No,No,1844,3246,0.1,1.2,1.3,0.002,0.317,95927,52261,0.0,0.0,0.0,0.000,0.000,164001,82786,70.3,76.0,75.3,83.0,0.875,20.635,20.619,20.650,64.336,28.693,37.674,22.125,59.905,3.000,25.120,18.352,34.672,100.000,140.000,2250.0,2150.2,1890.0,2235.0,1905.0,89.0,55.0,0.0,0.0,93.4,25.0,100.0,0.0,0.0,0.0,Yes,No,No,No,No,Yes,No,0,0,0,0,0,0,0,0,0,0,0,0,0,0,0,0,0,0,0,0,0,0,0,0,0,0,0,0,0,0,539,7649,7416,567,16.0,64,0.300,17.732,550.0,2394.0,0.1,0.0,0.0,0.0,0.0,0.0,0.0,0.0,0.8,127,16065,127,No,No,No,No,No,No,No,No,16.746,68.277,100.0,0.000,24.1,0,0,0,0.0,7.0,3236.8,2.0,2.0,2.0,2.0,7.0,43.0,2.3,2.3,2.3,2.3,142.67,489.02,0.31,0.31,494.81,494.81,0.35,142.32,142.67,0.00,129.46,651,9,0.3,0.2,0,0,0.0,0.0,0,
9.6.2026,14:21:5.678,23731,25037,48.6,14078,18305,43.4,10.5,16384,1720,1.200,1.187,1.222,1.205,1.190,1.167,1.222,1.217,1.192,1.187,1.212,1.195,1.195,1.205,1.205,1.101,0.783,2387.0,4489.0,4688.5,4688.5,4688.5,1396.6,4688.5,1097.3,1097.3,1097.3,1097.3,1097.3,1097.3,1097.3,1097.3,99.8,4090.0,419.8,94.3,261.7,2.6,133.5,2892.6,0.4,22.1,2327.4,60.6,0.2,774.4,0.2,402.1,285.4,201.8,813.3,72.7,33.3,15.8,1.5,517.0,15.8,4.4,7.2,0.0,6.3,62.4,0.0,0.5,50.7,2.0,0.0,19.1,0.0,35.9,25.8,18.0,73.5,6.8,2.9,0.5,0.0,73.5,15.8,100.0,17.9,3.9,10.9,0.1,6.7,111.3,0.0,1.1,90.7,3.2,0.0,31.6,0.0,21.8,15.2,10.8,43.6,3.7,1.8,0.9,0.1,17.9,23.9,45.0,47.0,47.0,47.0,14.0,47.0,11.0,11.0,11.0,11.0,11.0,11.0,11.0,11.0,41.0,62,62,61,69,59,62,63,62,62,62,62,62,62,62,62,38,38,39,31,41,38,37,38,38,38,38,38,38,38,38,74,69,No,No,No,No,No,No,No,No,No,No,No,No,No,No,No,No,No,No,No,No,No,No,No,No,No,No,No,No,No,No,No,No,No,No,No,No,No,No,No,No,No,No,No,No,No,No,No,No,75,66,64,1.100,6.750,16.513,10.554,0.001,4.629,0.438,175.0,175.0,175.0,175.0,0,0.0,15.7,4.5,6.5,0.1,6.5,62.2,0.0,0.6,50.4,2.3,0.0,18.2,0.0,35.5,25.3,18.0,72.8,6.6,3.0,1.4,0.1,14.7,34.1,32.1,32.3,45.6,15.4,44.5,0.0,0.0,0.0,1.5,0.0,0.0,0.0,0.0,45.3,0.0,0.0,1.9,0.8,0.0,0.0,63.0,73.9,81.6,24.3,93.1,96.8,98.4,99.8,37.2,52.3,56.3,1.4,0.2,78.1,34.6,2394.1,24.00,36,35,35,68,103,383,2,2,Yes,No,No,No,No,No,No,No,No,No,Yes,No,No,Yes,No,No,No,No,No,No,No,Yes,No,No,No,No,No,Yes,No,No,No,No,No,No,No,Yes,No,No,85.0,4260,3000,4080,57.0,1.110,1.110,1.815,1.815,1.005,5.040,0.875,No,No,No,57.2,1.110,1.110,1.800,1.815,1.005,5.040,0.625,No,No,No,43,43,94.0,100.0,No,No,32159,47986,36,70,99.0,100.0,No,No,1844,3246,0.1,1.4,1.5,0.002,0.034,95927,52261,0.0,0.0,0.0,0.000,0.000,164001,82786,71.0,76.0,76.0,83.0,0.875,20.616,20.600,20.632,64.706,32.592,42.052,24.740,66.889,3.000,27.745,28.875,34.839,100.000,140.000,2250.0,2150.2,1890.0,2234.3,1905.0,93.0,58.0,0.0,0.0,92.5,25.0,99.9,0.0,0.0,0.0,Yes,No,No,No,No,Yes,No,0,0,0,0,0,0,0,0,0,0,0,0,0,0,0,0,0,0,0,0,0,0,0,0,0,0,0,0,0,0,617,7571,7338,567,16.0,64,0.300,18.373,550.0,2394.0,0.1,0.0,0.0,0.0,0.0,0.0,0.0,0.0,0.8,127,16065,127,No,No,No,No,No,No,No,No,16.746,68.277,100.0,0.000,24.1,0,0,0,0.0,7.0,3236.8,2.0,2.0,2.0,2.0,7.0,43.0,2.3,2.3,2.3,2.3,142.67,489.02,0.31,0.31,494.81,494.81,0.35,142.32,142.67,0.00,129.46,651,9,0.2,0.1,0,0,0.0,0.0,0,
9.6.2026,14:21:7.674,23729,25038,48.6,14112,18272,43.5,10.5,16384,1720,1.172,1.178,1.181,1.141,1.131,1.141,1.160,1.185,1.185,1.202,1.197,1.217,1.193,1.147,1.149,1.101,0.783,1888.2,1396.6,1396.6,4489.0,4489.0,1396.6,4489.0,1097.3,1097.3,1097.3,1097.3,1097.3,1097.3,1097.3,1097.3,99.8,4090.0,388.9,76.2,123.2,0.6,82.4,2448.6,0.3,21.6,2721.4,50.9,0.1,477.1,0.2,362.2,262.4,194.9,790.9,65.3,64.3,11.7,23.4,475.8,15.4,4.9,10.3,2.2,5.0,52.7,0.0,1.3,57.7,2.4,0.0,10.8,0.0,32.8,23.4,17.5,71.3,5.5,5.6,1.2,2.7,71.3,15.4,100.0,16.5,3.1,5.3,0.1,4.3,94.6,0.0,1.1,104.3,2.6,0.0,19.7,0.0,19.6,14.2,10.2,42.2,3.8,3.4,0.4,1.3,16.5,18.9,14.0,14.0,45.0,45.0,14.0,45.0,11.0,11.0,11.0,11.0,11.0,11.0,11.0,11.0,41.0,63,61,65,63,66,61,60,63,63,63,63,62,62,62,62,37,39,35,37,34,39,40,37,37,37,37,38,38,38,38,75,66,No,No,No,No,No,No,No,No,No,No,No,No,No,No,No,No,No,No,No,No,No,No,No,No,No,No,No,No,No,No,No,No,No,No,No,No,No,No,No,No,No,No,No,No,No,No,No,No,75,63,64,1.100,6.750,17.722,11.760,0.001,4.636,0.440,175.0,175.0,175.0,175.0,0,0.0,15.0,4.2,8.9,0.0,4.5,52.6,0.0,0.6,58.0,1.9,0.0,11.5,0.0,32.2,23.2,17.3,70.8,5.9,5.8,1.1,2.1,10.3,1.8,24.0,38.0,32.7,5.8,40.6,0.2,0.0,0.0,0.4,0.0,0.0,0.0,0.0,45.7,0.0,0.0,3.2,0.8,0.0,0.0,66.2,76.2,82.2,27.3,93.8,94.0,98.8,97.7,48.5,80.6,67.2,3.7,6.0,88.6,45.1,2394.1,24.00,36,35,35,68,103,383,2,2,Yes,No,No,No,No,No,No,No,No,No,Yes,No,No,No,No,No,No,No,No,No,No,No,No,No,No,No,No,Yes,No,No,No,No,No,No,No,Yes,No,No,85.0,4080,3180,3960,57.0,1.110,1.110,1.815,1.815,1.005,5.040,0.750,No,No,No,57.2,1.110,1.110,1.815,1.815,1.005,5.040,0.500,No,No,No,43,43,94.0,100.0,No,No,32159,47986,36,70,99.0,100.0,No,No,1844,3246,0.0,1.1,1.1,0.000,0.018,95927,52261,0.0,0.0,0.0,0.000,0.000,164001,82786,70.0,76.0,75.1,83.0,0.875,20.628,20.613,20.643,62.839,30.918,38.846,23.169,62.094,3.000,26.164,34.574,28.576,100.000,140.000,2250.0,2150.2,1890.0,2237.1,1905.0,92.0,48.0,0.0,0.0,92.5,24.7,98.7,0.0,0.0,0.0,Yes,No,No,No,No,Yes,No,0,0,0,0,0,0,0,0,0,0,0,0,0,0,0,0,0,0,0,0,0,0,0,0,0,0,0,0,0,0,617,7571,7338,567,16.0,64,0.300,15.889,550.0,2394.0,0.1,0.0,0.0,0.0,0.0,0.0,0.0,0.0,0.8,127,16065,127,No,No,No,No,No,No,No,No,16.749,68.277,100.0,0.000,24.1,0,0,0,0.0,7.0,3236.8,2.0,2.0,2.0,2.0,7.0,43.0,2.3,2.3,2.3,2.3,142.67,489.02,0.31,0.31,494.81,494.81,0.35,142.32,142.67,0.00,129.46,651,9,0.0,0.0,0,0,0.0,0.0,0,
9.6.2026,14:21:9.682,23732,25035,48.6,14184,18200,43.7,10.5,16384,1719,1.209,1.204,1.198,1.233,1.194,1.190,1.210,1.215,1.214,1.209,1.209,1.218,1.218,1.196,1.215,1.101,0.783,2180.4,1396.6,4688.5,4888.0,4688.5,4688.5,1396.6,1097.3,1097.3,1097.3,1097.3,1097.3,1097.3,1097.3,1097.3,99.8,4090.0,397.2,85.4,187.3,0.7,87.1,2500.1,0.4,20.9,2564.0,52.0,0.2,677.8,0.2,347.7,236.5,152.8,812.1,125.4,48.5,27.8,17.6,482.8,20.0,4.4,7.1,0.0,3.7,53.9,34.0,0.6,54.6,0.9,28.1,17.4,35.7,31.2,20.9,14.0,73.6,11.6,4.6,2.2,0.8,73.6,20.0,100.0,16.9,3.6,7.8,0.1,4.6,96.8,0.0,1.1,98.7,2.6,0.0,27.8,0.0,18.9,12.6,8.5,43.6,6.4,2.7,1.8,1.0,16.9,21.9,14.0,47.0,49.0,47.0,47.0,14.0,11.0,11.0,11.0,11.0,11.0,11.0,11.0,11.0,41.0,62,63,63,63,66,62,60,62,62,62,62,62,62,62,62,38,37,37,37,34,38,40,38,38,38,38,38,38,38,38,75,66,No,No,No,No,No,No,No,No,No,No,No,No,No,No,No,No,No,No,No,No,No,No,No,No,No,No,No,No,No,No,No,No,No,No,No,No,No,No,No,No,No,No,No,No,No,No,No,No,75,69,65,1.100,5.906,15.915,9.994,0.001,4.601,0.434,175.0,175.0,175.0,175.0,0,0.0,15.1,4.3,7.0,0.0,4.5,53.9,0.0,0.6,54.9,1.8,0.0,16.5,0.0,30.8,20.9,13.5,72.8,11.4,4.4,2.5,1.6,13.6,22.4,30.8,40.3,40.6,3.9,52.9,0.0,0.0,0.0,0.1,0.0,0.0,0.0,0.0,45.8,0.0,0.0,1.9,1.6,0.0,0.0,67.8,78.4,86.1,25.7,88.4,95.4,97.3,98.3,40.7,63.1,60.2,1.5,0.8,90.9,27.8,2394.1,24.00,36,35,35,68,103,383,2,2,Yes,No,No,No,No,No,No,No,No,No,Yes,No,No,Yes,No,No,No,No,No,No,No,Yes,No,No,No,No,No,Yes,No,No,No,No,No,No,No,Yes,No,No,84.0,3960,3300,3840,57.0,1.110,1.110,1.815,1.815,1.005,5.040,0.625,No,No,No,57.2,1.110,1.110,1.815,1.815,1.005,5.040,0.625,No,No,No,43,43,94.0,100.0,No,No,32159,47986,36,70,99.0,100.0,No,No,1844,3246,0.0,1.1,1.1,0.000,0.073,95927,52262,0.0,0.0,0.0,0.000,0.000,164001,82786,70.9,78.0,76.1,83.0,0.875,20.656,20.642,20.669,66.503,29.869,34.137,21.158,55.373,3.000,24.151,49.274,21.988,100.000,140.000,2250.0,2150.2,1890.0,2234.9,1905.0,85.0,56.0,0.0,1.0,92.5,25.0,100.0,0.0,0.0,0.0,Yes,No,No,No,No,Yes,No,0,0,0,0,0,0,0,0,0,0,0,0,0,0,0,0,0,0,0,0,0,0,0,0,0,0,0,0,0,0,617,7571,7338,567,16.0,65,0.300,16.998,600.0,2394.0,0.1,0.0,0.0,0.0,0.0,0.0,0.0,0.0,0.8,127,16065,127,No,No,No,No,No,No,No,No,16.746,68.277,100.0,0.000,24.1,0,0,0,0.0,7.0,3236.8,2.0,2.0,2.0,2.0,7.0,43.0,2.3,2.3,2.3,2.3,142.67,489.02,0.31,0.31,494.81,494.81,0.35,142.32,142.67,0.00,129.46,651,9,0.1,0.1,0,0,0.0,0.0,0,
9.6.2026,14:21:11.687,23737,25031,48.6,14205,18179,43.8,10.5,16384,1719,1.204,1.195,1.216,1.211,1.211,1.206,1.206,1.208,1.208,1.183,1.183,1.198,1.228,1.208,1.198,1.101,0.783,2387.0,4489.0,1396.6,4688.5,4688.5,4688.5,4688.5,1097.3,1097.3,1097.3,1097.3,1097.3,1097.3,1097.3,1097.3,99.8,4090.0,393.0,70.9,119.7,0.6,93.3,3742.0,0.2,18.3,1451.3,94.8,0.1,687.6,0.2,360.1,278.9,145.0,714.8,68.3,11.9,0.6,2.2,486.1,14.7,4.1,8.6,1.3,5.5,79.3,0.0,0.4,32.5,4.5,0.0,16.4,0.0,31.9,25.0,12.2,64.5,5.8,0.8,0.5,0.7,79.3,14.7,100.0,16.6,2.9,5.2,0.1,4.7,142.8,0.0,1.0,57.5,4.3,0.0,28.1,0.0,19.4,15.1,7.6,38.1,3.6,0.7,0.1,0.1,16.6,23.9,45.0,14.0,47.0,47.0,47.0,47.0,11.0,11.0,11.0,11.0,11.0,11.0,11.0,11.0,41.0,63,63,64,69,58,61,58,63,63,63,63,64,64,64,64,37,37,36,31,42,39,42,37,37,37,37,36,36,36,36,75,69,No,No,No,No,No,No,No,No,No,No,No,No,No,No,No,No,No,No,No,No,No,No,No,No,No,No,No,No,No,No,No,No,No,No,No,No,No,No,No,No,No,No,No,No,No,No,No,No,75,66,64,1.100,5.906,16.866,10.911,0.001,4.630,0.435,175.0,175.0,175.0,175.0,0,0.0,14.7,4.3,8.7,0.0,5.0,79.5,0.0,0.7,32.5,4.9,0.0,16.3,0.0,31.9,24.7,12.6,64.2,6.2,1.1,0.1,0.2,12.1,5.9,26.8,17.5,59.1,13.4,46.2,0.0,0.0,0.0,0.0,0.0,0.0,0.0,0.0,47.1,0.0,0.0,1.6,1.1,1.6,0.0,66.9,74.7,87.0,34.7,93.6,98.8,99.8,99.7,42.7,77.2,64.3,0.0,3.7,76.8,34.3,2394.1,24.00,36,35,35,68,103,383,2,2,Yes,No,No,No,No,No,No,No,No,No,Yes,No,No,Yes,No,No,No,No,No,No,No,Yes,No,No,No,No,No,Yes,No,No,No,No,No,No,No,Yes,No,No,84.0,3900,3240,3720,57.0,1.110,1.110,1.815,1.815,1.005,5.110,0.625,No,No,No,57.2,1.110,1.110,1.815,1.815,1.005,5.110,0.500,No,No,No,43,43,94.0,100.0,No,No,32159,47986,36,70,99.0,100.0,No,No,1844,3246,0.0,1.1,1.1,0.000,0.014,95927,52262,0.0,0.0,0.0,0.000,0.000,164001,82786,70.4,76.0,75.5,83.0,0.875,20.627,20.611,20.642,61.328,28.954,38.914,26.012,65.001,3.000,29.022,8.927,31.805,100.000,140.000,2250.0,2150.2,1890.0,2236.2,1905.0,81.0,24.0,0.0,0.0,92.5,25.0,100.0,0.0,0.0,0.0,Yes,No,No,No,No,Yes,No,0,0,0,0,0,0,0,0,0,0,0,0,0,0,0,0,0,0,0,0,0,0,0,0,0,0,0,0,0,0,617,7571,7338,567,16.0,64,0.300,16.416,550.0,2394.0,0.1,0.0,0.0,0.0,0.0,0.0,0.0,0.0,0.8,127,16065,127,No,No,No,No,No,No,No,No,16.746,68.277,100.0,0.000,24.1,0,0,0,0.0,1.0,1.0,1.0,1.0,1.0,1.0,1.1,1.1,1.1,1.1,1.1,1.1,968.93,968.93,968.93,968.93,968.93,968.93,0.63,968.10,968.93,0.00,945.18,651,9,0.0,0.0,0,0,0.0,0.0,0,
9.6.2026,14:21:13.683,23734,25034,48.6,14202,18182,43.8,10.5,16384,1719,1.201,1.197,1.159,1.159,1.184,1.184,1.169,1.189,1.219,1.219,1.228,1.228,1.213,1.233,1.234,1.101,0.783,2315.8,1396.6,4489.0,4489.0,4688.5,1396.6,4688.5,1097.3,1097.3,1097.3,1097.3,1097.3,1097.3,3591.2,1097.3,99.8,4090.0,379.2,126.4,0.3,12.8,4.5,2423.8,0.3,2966.8,42.9,93.6,0.3,162.9,0.2,103.9,88.1,22.1,89.7,402.6,569.9,302.2,171.1,383.7,21.5,5.8,0.0,1.0,0.0,51.7,49.1,63.6,0.0,3.9,44.4,4.4,48.9,9.2,7.8,2.0,8.0,36.4,51.3,27.4,15.4,63.6,21.5,100.0,16.2,5.6,0.0,0.7,0.3,94.9,0.0,114.3,1.9,4.5,0.0,7.3,0.0,5.6,4.7,1.4,4.8,21.9,30.2,16.1,9.0,16.2,23.2,14.0,45.0,45.0,47.0,14.0,47.0,11.0,11.0,11.0,11.0,11.0,11.0,36.0,11.0,41.0,62,63,61,67,60,61,57,61,61,61,61,63,63,63,64,38,37,39,33,40,39,43,39,39,39,39,37,37,37,36,75,67,No,No,No,No,No,No,No,No,No,No,No,No,No,No,No,No,No,No,No,No,No,No,No,No,No,No,No,No,No,No,No,No,No,No,No,No,No,No,No,No,No,No,No,No,No,No,No,No,75,66,65,1.100,6.750,16.549,10.689,0.001,4.545,0.433,175.0,175.0,175.0,175.0,0,0.0,14.4,6.0,0.0,0.6,0.3,51.9,0.0,63.3,1.1,3.6,0.0,4.7,0.0,9.4,8.0,2.0,8.1,35.9,51.1,27.0,15.3,10.9,12.9,5.4,42.0,33.0,25.0,33.7,0.0,0.0,0.0,0.0,0.0,0.0,0.0,0.0,45.8,0.0,0.0,1.6,0.3,0.0,0.0,90.2,91.7,97.8,91.6,62.9,48.0,72.4,84.4,49.7,78.7,92.7,1.3,0.4,67.5,57.5,997.6,10.00,22,15,15,28,103,160,2,2,Yes,No,No,No,No,No,No,No,No,No,Yes,No,No,Yes,No,No,No,No,No,No,No,Yes,No,No,No,No,No,Yes,No,No,No,No,No,No,No,Yes,No,No,84.0,3900,3240,3720,57.0,1.095,1.110,1.815,1.815,1.005,5.110,0.750,No,No,No,57.2,1.110,1.110,1.815,1.815,1.005,5.110,0.750,No,No,No,43,43,94.0,100.0,No,No,32159,47986,36,70,99.0,100.0,No,No,1844,3246,0.0,0.8,0.8,0.000,0.019,95927,52262,0.0,0.0,0.0,0.000,0.000,164001,82786,70.4,76.0,75.4,83.0,0.875,20.624,20.609,20.638,58.757,30.423,39.096,25.163,64.330,3.000,28.150,20.732,32.493,100.000,140.000,2250.0,2150.2,1890.0,2236.4,1905.0,79.0,26.0,0.0,0.0,92.5,24.8,99.2,0.0,0.0,0.0,Yes,No,No,No,No,Yes,No,0,0,0,0,0,0,0,0,0,0,0,0,0,0,0,0,0,0,0,0,0,0,0,0,0,0,0,0,0,0,617,7571,7338,567,16.0,65,0.300,15.348,600.0,2394.0,0.1,0.0,0.0,0.0,0.0,0.0,0.0,0.0,0.8,127,16065,127,No,No,No,No,No,No,No,No,16.746,68.277,100.0,0.000,24.1,0,0,0,0.0,1.0,1.0,1.0,1.0,1.0,1.0,1.0,1.0,1.0,1.0,1.0,1.0,972.85,972.85,972.85,972.85,972.85,972.85,0.31,971.92,972.85,0.00,590.89,651,9,0.0,0.2,0,0,0.0,0.0,0,
9.6.2026,14:21:15.688,23723,25045,48.6,14199,18185,43.8,10.5,16384,1719,1.200,1.217,1.201,1.198,1.178,1.183,1.223,1.183,1.193,1.209,1.209,1.224,1.194,1.194,1.197,1.101,0.783,2358.5,4688.5,4688.5,4688.5,4688.5,4688.5,798.0,1097.3,1097.3,1097.3,1097.3,1097.3,1097.3,1097.3,1097.3,99.8,4090.0,360.9,123.1,0.2,3.9,0.2,1564.9,0.3,3762.0,0.3,96.1,0.3,68.0,0.5,57.3,8.1,6.4,0.7,368.8,551.8,369.9,234.5,355.8,13.4,6.1,0.0,0.0,0.0,34.3,0.0,79.7,0.0,3.6,0.0,2.4,0.0,5.2,0.0,0.0,0.0,32.8,49.9,33.3,21.0,79.7,13.4,100.0,15.4,5.3,0.0,0.2,0.0,63.0,0.0,144.8,0.0,4.8,0.0,3.6,0.0,3.1,0.5,0.4,0.1,19.9,29.5,19.7,12.5,15.4,23.6,47.0,47.0,47.0,47.0,47.0,8.0,11.0,11.0,11.0,11.0,11.0,11.0,11.0,11.0,41.0,62,61,65,63,67,61,62,60,60,60,60,63,63,63,62,38,39,35,37,33,39,38,40,40,40,40,37,37,37,38,75,67,No,No,No,No,No,No,No,No,No,No,No,No,No,No,No,No,No,No,No,No,No,No,No,No,No,No,No,No,No,No,No,No,No,No,No,No,No,No,No,No,No,No,No,No,No,No,No,No,74,66,64,1.100,6.750,15.599,9.704,0.001,4.575,0.433,175.0,175.0,175.0,175.0,0,0.0,13.4,6.0,0.0,0.2,0.0,34.4,0.0,79.0,0.0,3.7,0.0,2.6,0.0,5.2,0.7,0.6,0.1,32.6,49.5,33.1,20.9,9.6,8.2,2.0,58.4,17.7,25.9,22.1,0.0,0.0,0.0,0.0,0.0,0.0,0.3,0.0,46.9,0.0,0.0,1.2,1.7,0.0,0.0,94.6,99.1,99.3,99.8,66.1,49.6,66.0,78.7,53.3,83.9,97.4,1.8,0.1,66.4,70.4,997.6,10.00,22,15,15,28,103,160,2,2,Yes,No,No,No,No,No,No,No,No,No,Yes,No,No,Yes,No,No,No,No,No,No,No,Yes,No,No,No,No,No,Yes,No,No,No,No,No,No,No,Yes,No,No,85.0,3840,3240,3720,57.0,1.095,1.110,1.815,1.815,1.005,5.110,0.625,No,No,No,57.2,1.095,1.110,1.815,1.815,1.005,5.110,0.875,No,No,No,43,43,94.0,100.0,No,No,32159,47986,36,70,99.0,100.0,No,No,1844,3246,0.0,1.2,1.2,0.000,0.030,95927,52262,0.0,0.0,0.0,0.000,0.000,164001,82786,71.1,78.0,76.3,83.0,0.875,20.629,20.614,20.645,64.619,35.776,39.816,25.232,65.134,3.000,28.224,55.507,33.518,100.000,140.000,2250.0,2150.2,1890.0,2234.3,1905.0,92.0,60.0,0.0,0.0,92.5,25.0,99.9,0.0,0.0,0.0,Yes,No,No,No,No,Yes,No,0,0,0,0,0,0,0,0,0,0,0,0,0,0,0,0,0,0,0,0,0,0,0,0,0,0,0,0,0,0,617,7571,7338,567,16.0,65,0.300,15.704,550.0,997.0,0.1,0.0,0.0,0.0,0.0,0.0,0.0,0.0,0.8,127,16065,127,No,No,No,No,No,No,No,No,16.745,68.277,100.0,0.000,24.1,0,0,0,0.0,1.0,1.0,1.0,1.0,1.0,1.0,1.0,1.0,1.0,1.0,1.0,1.0,972.85,972.85,972.85,972.85,972.85,972.85,0.31,971.92,972.85,0.00,590.89,651,9,0.1,0.2,0,0,0.0,0.0,0,
9.6.2026,14:21:17.683,23734,25034,48.6,14244,18140,43.9,10.5,16384,1719,1.192,1.188,1.186,1.181,1.171,1.181,1.167,1.177,1.197,1.192,1.192,1.214,1.209,1.209,1.224,1.101,0.783,2935.7,1396.6,4688.5,4688.5,4688.5,4688.5,4688.5,3591.2,3591.2,1097.3,1097.3,1097.3,1097.3,1097.3,3591.2,99.8,4090.0,377.5,134.8,0.2,22.4,0.1,2786.4,0.2,2850.3,0.3,90.0,0.2,73.5,0.2,30.8,16.7,5.0,0.5,437.0,642.5,317.2,142.2,375.7,13.8,6.2,0.0,0.7,0.0,58.7,0.0,61.9,0.0,3.6,0.0,2.3,0.0,2.0,1.5,0.5,0.0,39.2,58.0,28.5,13.1,61.9,13.8,100.0,16.0,5.6,0.0,1.0,0.0,108.2,0.0,110.9,0.0,4.5,0.0,3.8,0.0,1.7,0.9,0.3,0.0,23.5,34.3,17.0,7.8,16.0,29.4,14.0,47.0,47.0,47.0,47.0,47.0,36.0,36.0,11.0,11.0,11.0,11.0,11.0,36.0,41.0,62,63,62,65,64,60,58,61,61,61,61,63,61,61,61,38,37,38,35,36,40,42,39,39,39,39,37,39,39,39,74,65,No,No,No,No,No,No,No,No,No,No,No,No,No,No,No,No,No,No,No,No,No,No,No,No,No,No,No,No,No,No,No,No,No,No,No,No,No,No,No,No,No,No,No,No,No,No,No,No,74,66,64,1.100,6.750,15.441,9.574,0.001,4.550,0.430,175.0,175.0,175.0,175.0,0,0.0,13.8,6.1,0.0,0.8,0.0,58.9,0.0,61.2,0.0,3.7,0.0,2.5,0.0,2.8,1.5,0.5,0.0,39.0,57.6,28.3,12.7,9.6,8.5,4.7,36.2,33.5,26.9,24.1,0.0,0.0,0.0,0.0,0.0,0.0,0.0,0.0,46.9,0.0,0.0,0.8,1.7,0.0,0.0,97.0,98.4,99.4,99.8,59.7,41.4,71.1,87.0,52.3,83.7,93.9,1.4,1.0,65.0,68.6,997.6,10.00,22,15,15,28,103,160,2,2,Yes,No,No,No,No,No,No,No,No,No,Yes,No,No,Yes,No,No,No,No,No,No,No,Yes,No,No,No,No,No,Yes,No,No,No,No,No,No,No,Yes,No,No,84.0,3900,3240,3720,57.0,1.095,1.110,1.800,1.815,1.005,5.110,0.625,No,No,No,57.2,1.095,1.110,1.800,1.815,1.005,5.110,0.625,No,No,No,43,43,94.0,100.0,No,No,32159,47986,36,70,99.0,100.0,No,No,1844,3246,0.0,0.9,0.9,0.000,0.016,95927,52262,0.0,0.0,0.0,0.000,0.000,164001,82786,70.3,76.0,75.3,83.0,0.875,20.636,20.621,20.651,59.771,29.579,37.867,24.024,61.954,3.000,27.012,20.785,32.412,100.000,140.000,2250.0,2150.2,1890.0,2236.8,1905.0,85.0,32.0,0.0,1.0,92.5,24.9,99.6,0.0,0.0,0.0,Yes,No,No,No,No,Yes,No,0,0,0,0,0,0,0,0,0,0,0,0,0,0,0,0,0,0,0,0,0,0,0,0,0,0,0,0,0,0,617,7571,7338,567,16.0,65,0.300,15.651,600.0,997.0,0.1,0.0,0.0,0.0,0.0,0.0,0.0,0.0,0.8,127,16065,127,No,No,No,No,No,No,No,No,16.746,68.277,100.0,0.000,24.1,0,0,0,0.0,2.0,30.6,1.0,1.0,1.0,1.0,1.9,18.4,1.0,1.0,1.0,1.0,502.91,973.15,32.67,24.03,982.75,982.75,0.87,502.03,502.91,0.00,766.79,651,9,0.1,0.1,0,0,0.0,0.0,0,
9.6.2026,14:21:19.690,23736,25032,48.6,14281,18103,44.0,10.5,16384,1719,1.206,1.225,1.166,1.206,1.191,1.166,1.206,1.222,1.222,1.212,1.212,1.222,1.208,1.213,1.213,1.101,0.778,3021.2,4688.5,4688.5,4888.0,4888.0,4688.5,4688.5,1097.3,1097.3,3591.2,3591.2,1097.3,1097.3,1097.3,1097.3,99.8,4090.0,374.1,146.5,0.3,17.4,0.1,2900.9,0.3,2656.0,0.3,86.4,0.3,69.2,0.2,22.5,16.7,0.7,8.5,453.0,537.5,375.2,189.5,370.4,22.7,6.6,0.0,0.3,35.2,61.4,33.5,58.3,37.4,3.6,34.9,2.6,37.7,1.8,1.3,0.0,0.5,40.6,48.8,34.0,16.0,61.4,22.7,100.0,15.8,6.3,0.0,0.7,0.0,112.5,0.0,103.2,0.0,4.3,0.0,3.3,0.0,1.2,0.9,0.1,0.5,24.3,28.8,20.1,10.1,15.8,30.3,47.0,47.0,49.0,49.0,47.0,47.0,11.0,11.0,36.0,36.0,11.0,11.0,11.0,11.0,41.0,62,62,65,64,64,61,63,61,61,61,61,62,62,62,62,38,38,35,36,36,39,37,39,39,39,39,38,38,38,38,74,65,No,No,No,No,No,No,No,No,No,No,No,No,No,No,No,No,No,No,No,No,No,No,No,No,No,No,No,No,No,No,No,No,No,No,No,No,No,No,No,No,No,No,No,No,No,No,No,No,75,66,65,1.100,12.656,15.798,9.904,0.001,4.573,0.434,175.0,175.0,175.0,175.0,0,0.0,13.7,6.1,0.0,0.5,0.0,61.2,0.0,57.5,0.0,3.2,0.0,2.2,0.0,2.0,1.5,0.1,0.7,40.0,48.0,33.4,16.7,9.0,9.5,0.6,34.1,31.6,32.2,17.7,0.0,0.0,0.0,0.0,0.0,0.0,0.0,0.0,46.8,0.0,0.0,0.8,0.4,0.0,0.0,97.8,98.3,99.8,99.2,58.7,51.0,66.0,82.9,54.4,82.1,98.5,1.3,7.6,60.4,76.5,1795.6,18.00,26,26,26,51,103,287,2,2,Yes,No,No,No,No,No,No,No,No,No,Yes,No,No,Yes,No,No,No,No,No,No,No,Yes,No,No,No,No,No,Yes,No,No,No,No,No,No,No,Yes,No,No,83.0,3900,3240,3720,57.0,1.095,1.110,1.800,1.815,1.005,5.110,0.875,No,No,No,57.0,1.095,1.110,1.800,1.815,1.005,5.110,0.750,No,No,No,43,43,94.0,100.0,No,No,32159,47986,36,70,99.0,100.0,No,No,1844,3246,0.1,1.1,1.2,0.008,0.105,95927,52262,0.0,0.0,0.0,0.000,0.000,164001,82786,70.3,76.0,75.2,83.0,0.875,20.641,20.627,20.655,57.893,28.549,37.556,22.422,60.065,3.000,25.410,24.993,26.397,100.000,140.000,2250.0,2150.2,1890.0,2237.8,1905.0,91.0,42.0,0.0,0.0,92.5,24.9,99.6,0.0,0.0,0.0,Yes,No,No,No,No,Yes,No,0,0,0,0,0,0,0,0,0,0,0,0,0,0,0,0,0,0,0,0,0,0,0,0,0,0,0,0,0,0,617,7571,7338,567,16.0,65,0.300,15.725,600.0,997.0,0.1,0.0,0.0,0.0,0.0,0.0,0.0,0.0,0.8,127,16065,127,No,No,No,No,No,No,No,No,16.746,68.277,100.0,0.000,24.1,0,0,0,0.0,1.0,1.0,1.0,1.0,1.0,1.0,1.0,1.0,1.0,1.0,1.0,1.0,968.15,968.15,968.15,968.15,968.15,968.15,0.93,967.92,968.15,0.00,572.53,651,9,0.1,0.1,0,0,0.0,0.0,0,
9.6.2026,14:21:21.689,23731,25037,48.6,14305,18079,44.1,10.5,16384,1719,1.202,1.207,1.194,1.179,1.179,1.184,1.184,1.200,1.200,1.200,1.230,1.223,1.214,1.216,1.216,1.101,0.781,2123.4,1396.6,4688.5,4688.5,4688.5,4688.5,798.0,1097.3,1097.3,1097.3,1097.3,1097.3,1097.3,1097.3,1097.3,99.8,4090.0,361.3,119.8,0.2,3.6,0.1,1129.7,0.2,4169.2,0.2,87.6,0.2,114.2,0.2,15.0,8.2,0.6,0.5,454.7,648.1,320.1,153.2,353.1,13.8,5.2,1.2,1.4,0.0,25.0,0.0,88.3,0.0,3.3,0.0,3.1,0.0,2.6,1.9,1.2,1.2,40.4,57.8,28.4,14.7,88.3,13.8,100.0,15.4,5.2,0.0,0.2,0.0,47.0,0.0,160.4,0.0,4.6,0.0,5.4,0.0,0.8,0.5,0.1,0.1,24.4,34.6,17.1,8.2,15.4,21.3,14.0,47.0,47.0,47.0,47.0,8.0,11.0,11.0,11.0,11.0,11.0,11.0,11.0,11.0,41.0,62,62,63,63,67,62,62,61,61,61,61,62,62,62,62,38,38,37,37,33,38,38,39,39,39,39,38,38,38,38,72,67,No,No,No,No,No,No,No,No,No,No,No,No,No,No,No,No,No,No,No,No,No,No,No,No,No,No,No,No,No,No,No,No,No,No,No,No,No,No,No,No,No,No,No,No,No,No,No,No,74,66,64,1.100,8.438,15.237,9.331,0.001,4.585,0.433,175.0,175.0,175.0,175.0,0,0.0,13.4,5.5,0.0,0.2,0.0,25.6,0.0,87.3,0.0,3.8,0.0,3.5,0.0,1.4,0.7,0.1,0.0,40.3,57.5,28.5,13.6,10.7,9.0,2.8,65.1,10.9,33.3,29.0,0.0,0.0,0.0,0.0,0.0,0.0,0.0,0.0,46.8,0.0,0.0,0.4,0.3,0.0,0.0,98.4,99.1,99.8,99.8,58.5,41.5,71.0,86.1,51.0,83.5,96.6,3.9,0.0,58.7,63.1,2194.6,22.00,32,32,32,62,103,351,2,2,Yes,No,No,No,No,No,No,No,No,No,Yes,No,No,Yes,No,No,No,No,No,No,No,Yes,No,No,No,No,No,Yes,No,No,No,No,No,No,No,Yes,No,No,84.0,3840,3180,3720,56.8,1.095,1.110,1.800,1.815,1.005,5.110,0.625,No,No,No,57.0,1.095,1.110,1.800,1.815,1.005,5.110,0.750,No,No,No,43,43,94.0,100.0,No,No,32159,47986,36,70,99.0,100.0,No,No,1844,3246,0.0,0.9,0.9,0.000,0.052,95927,52262,0.0,0.0,0.0,0.000,0.000,164001,82786,70.5,76.0,75.4,83.0,0.875,20.652,20.640,20.664,55.165,31.934,37.139,19.092,56.329,3.000,22.082,43.106,42.789,100.000,140.000,2250.0,2150.2,1890.0,2237.8,1905.0,86.0,52.0,0.0,0.0,92.5,24.8,99.3,0.0,0.0,0.0,Yes,No,No,No,No,Yes,No,0,0,0,0,0,0,0,0,0,0,0,0,0,0,0,0,0,0,0,0,0,0,0,0,0,0,0,0,0,0,617,7571,7338,567,16.0,65,0.300,15.743,600.0,1795.0,0.1,0.0,0.0,0.0,0.0,0.0,0.0,0.0,0.8,127,16065,127,No,No,No,No,No,No,No,No,16.746,68.277,100.0,0.000,24.1,0,0,0,0.0,2.1,2.1,2.1,2.1,2.1,2.1,2.1,2.1,2.1,2.1,2.1,2.1,470.34,470.34,470.34,470.34,470.34,470.34,0.77,469.79,470.34,0.00,85.97,651,9,0.0,0.1,0,0,0.0,0.0,0,
9.6.2026,14:21:23.682,23729,25039,48.6,14313,18071,44.1,10.5,16384,1719,1.194,1.209,1.166,1.156,1.174,1.179,1.176,1.211,1.226,1.201,1.197,1.222,1.195,1.220,1.189,1.101,0.783,2372.8,4688.5,4489.0,4489.0,4688.5,1396.6,4688.5,1097.3,1097.3,1097.3,1097.3,1097.3,1097.3,1097.3,1097.3,99.8,4090.0,379.0,110.1,0.3,28.3,0.1,2605.8,0.2,3010.4,0.2,90.7,0.3,89.4,0.2,3.8,5.7,7.5,0.5,381.8,653.4,370.6,221.0,372.1,27.0,5.7,26.9,0.9,39.9,55.0,48.6,65.9,49.2,2.9,47.9,3.0,49.0,0.0,0.0,0.2,0.0,34.0,58.4,33.2,19.6,65.9,27.0,100.0,16.1,4.9,0.0,1.4,0.0,101.6,0.0,117.0,0.0,4.4,0.0,4.4,0.0,0.2,0.3,0.4,0.0,20.6,34.8,19.8,11.6,16.1,23.8,47.0,45.0,45.0,47.0,14.0,47.0,11.0,11.0,11.0,11.0,11.0,11.0,11.0,11.0,41.0,62,63,63,70,64,63,60,61,61,61,61,62,62,62,62,38,37,37,30,36,37,40,39,39,39,39,38,38,38,38,75,70,No,No,No,No,No,No,No,No,No,No,No,No,No,No,No,No,No,No,No,No,No,No,No,No,No,No,No,No,No,No,No,No,No,No,No,No,No,No,No,No,No,No,No,No,No,No,No,No,74,68,66,1.100,7.594,15.776,9.974,0.001,4.556,0.432,175.0,175.0,175.0,175.0,0,0.0,13.9,5.3,0.0,1.4,0.0,55.2,0.0,64.9,0.0,3.5,0.0,2.9,0.0,0.3,0.5,0.7,0.0,33.5,58.0,32.7,19.7,10.6,11.9,7.7,40.7,30.9,32.6,24.5,0.0,0.0,0.0,0.0,0.3,0.0,0.0,0.0,46.5,0.0,0.0,0.3,0.5,0.0,0.0,99.4,99.3,99.2,99.8,64.9,41.1,66.7,80.0,50.2,80.4,89.9,0.8,1.3,60.1,68.4,2394.1,24.00,36,35,35,68,103,383,2,2,Yes,No,No,No,No,No,No,No,No,No,Yes,No,No,Yes,No,No,No,No,No,No,No,Yes,No,No,No,No,No,Yes,No,No,No,No,No,No,No,Yes,No,No,84.0,3900,3240,3780,56.8,1.095,1.110,1.800,1.815,1.005,5.110,0.750,No,No,No,57.0,1.095,1.110,1.800,1.815,1.005,5.110,0.750,No,No,No,43,43,94.0,100.0,No,No,32159,47986,36,70,99.0,100.0,No,No,1844,3246,0.0,0.6,0.6,0.000,0.006,95927,52262,0.0,0.0,0.0,0.000,0.000,164001,82786,70.9,78.0,76.0,83.0,0.875,20.646,20.632,20.661,57.912,26.076,36.691,22.881,59.648,3.000,25.876,9.377,25.062,100.000,140.000,2250.0,2150.2,1890.0,2235.8,1905.0,90.0,50.0,0.0,0.0,92.5,24.9,99.7,0.0,0.0,0.0,Yes,No,No,No,No,Yes,No,0,0,0,0,0,0,0,0,0,0,0,0,0,0,0,0,0,0,0,0,0,0,0,0,0,0,0,0,0,0,617,7571,7338,567,16.0,66,0.300,16.247,600.0,2194.0,0.1,0.0,0.0,0.0,0.0,0.0,0.0,0.0,0.8,127,16065,127,No,No,No,No,No,No,No,No,16.746,68.277,100.0,0.000,24.1,0,0,0,0.0,2.1,2.1,2.1,2.1,2.1,2.1,2.2,2.2,2.2,2.2,2.2,2.2,474.61,474.61,474.61,474.61,474.61,474.61,449.92,25.54,474.23,0.38,548.92,651,9,0.1,0.0,0,0,0.0,0.0,0,
9.6.2026,14:21:25.691,23737,25031,48.6,14380,18004,44.4,10.5,16384,1719,1.170,1.196,1.183,1.163,1.183,1.183,1.144,1.134,1.159,1.159,1.184,1.174,1.173,1.173,1.175,1.063,0.783,2358.5,1396.6,4489.0,4489.0,4688.5,4688.5,4489.0,1097.3,1097.3,1097.3,1097.3,1097.3,1097.3,1097.3,1097.3,99.8,3890.5,392.4,117.8,0.4,29.8,0.2,3633.0,0.2,2220.7,0.3,96.2,0.4,99.6,0.3,39.9,11.1,0.6,0.6,404.7,655.4,325.6,210.6,390.7,14.3,5.1,2.7,0.0,0.0,76.0,0.0,49.6,0.0,4.0,0.0,2.5,0.0,4.0,0.7,0.0,0.0,35.5,58.3,28.6,19.0,76.0,14.3,100.0,16.6,5.1,0.0,1.5,0.0,139.5,0.0,86.9,0.0,4.8,0.0,4.7,0.0,2.1,0.6,0.1,0.1,21.8,35.0,17.4,11.5,16.6,23.6,14.0,45.0,45.0,47.0,47.0,45.0,11.0,11.0,11.0,11.0,11.0,11.0,11.0,11.0,39.0,63,65,65,64,66,61,61,63,63,63,63,62,62,62,62,37,35,35,36,34,39,39,37,37,37,37,38,38,38,38,75,66,No,No,No,No,No,No,No,No,No,No,No,No,No,No,No,No,No,No,No,No,No,No,No,No,No,No,No,No,No,No,No,No,No,No,No,No,No,No,No,No,No,No,No,No,No,No,No,No,74,69,64,1.100,6.750,17.047,11.075,0.001,4.579,0.434,175.0,175.0,175.0,175.0,0,0.0,14.2,5.4,0.0,1.5,0.0,76.1,0.0,49.2,0.0,3.7,0.0,3.0,0.0,3.6,1.0,0.1,0.1,35.5,57.9,28.7,18.8,9.6,8.0,6.0,22.2,45.6,27.2,25.4,0.0,0.0,0.0,0.0,0.3,0.0,0.0,0.0,46.5,0.0,0.0,0.2,1.0,0.0,0.0,96.1,98.8,99.8,99.8,62.9,41.1,70.7,80.9,51.7,84.7,91.1,0.0,1.5,64.9,67.7,2394.1,24.00,36,35,35,68,103,383,2,2,Yes,No,No,No,No,No,No,No,No,No,Yes,No,No,Yes,No,No,No,No,No,No,No,Yes,No,No,No,No,No,Yes,No,No,No,No,No,No,No,Yes,No,No,83.0,3900,3240,3720,56.8,1.110,1.110,1.800,1.815,1.005,5.110,0.750,No,No,No,57.0,1.110,1.110,1.800,1.815,1.005,5.110,0.750,No,No,No,43,43,94.0,100.0,No,No,32159,47986,36,70,99.0,100.0,No,No,1844,3246,0.0,1.3,1.3,0.000,0.056,95927,52262,0.0,0.0,0.0,0.000,0.000,164001,82786,70.6,76.0,75.7,83.0,0.875,20.630,20.616,20.645,60.573,27.423,37.256,23.400,60.736,3.000,26.398,9.694,31.477,100.000,140.000,2250.0,2150.2,1890.0,2234.5,1905.0,92.0,59.0,0.0,1.0,92.5,24.7,99.0,0.0,0.0,0.0,Yes,No,No,No,No,Yes,No,0,0,0,0,0,0,0,0,0,0,0,0,0,0,0,0,0,0,0,0,0,0,0,0,0,0,0,0,0,0,617,7571,7338,567,16.0,65,0.300,16.544,550.0,2394.0,0.1,0.0,0.0,0.0,0.0,0.0,0.0,0.0,0.8,127,16065,127,No,No,No,No,No,No,No,No,16.747,68.277,100.0,0.000,24.1,0,0,0,0.0,1.0,1.0,1.0,1.0,1.0,1.0,1.0,1.0,1.0,1.0,1.0,1.0,982.83,982.83,982.83,982.83,982.83,982.83,0.40,982.55,982.83,0.00,572.45,651,9,0.3,0.0,0,0,0.0,0.0,0,
9.6.2026,14:21:27.685,22663,26105,46.4,13779,18605,42.5,10.5,16384,1719,1.103,1.154,1.114,1.109,1.104,1.109,1.084,1.084,1.094,1.094,1.094,1.094,1.094,1.106,1.106,1.063,0.783,3876.2,4489.0,4389.3,4389.3,4389.3,4389.3,4289.5,3491.5,3491.5,3491.5,3491.5,3491.5,3491.5,3491.5,3491.5,99.8,3890.5,458.9,254.1,68.4,135.7,69.6,1926.3,162.4,3506.2,117.8,261.0,41.4,249.5,35.7,167.1,110.0,137.6,87.9,476.2,712.7,430.1,229.1,458.2,19.6,8.8,1.0,6.9,14.4,41.7,12.5,76.4,18.6,6.9,13.2,5.8,20.2,9.1,5.1,7.8,3.8,36.0,57.6,31.9,14.2,76.4,19.6,100.0,19.2,10.4,2.1,4.6,2.1,76.5,5.6,135.6,3.9,10.5,1.0,9.9,0.7,8.3,5.2,6.8,4.0,25.0,37.5,22.3,11.6,19.1,38.9,45.0,44.0,44.0,44.0,44.0,43.0,35.0,35.0,35.0,35.0,35.0,35.0,35.0,35.0,39.0,74,73,77,75,78,75,79,74,74,74,74,70,70,70,70,26,27,23,25,22,25,21,26,26,26,26,30,30,30,30,77,79,No,No,No,No,No,No,No,No,No,No,No,No,No,No,No,No,No,No,No,No,No,No,No,No,No,No,No,No,No,No,Yes,No,Yes,Yes,Yes,Yes,Yes,Yes,Yes,Yes,Yes,Yes,Yes,Yes,Yes,No,No,No,75,70,66,1.100,75.939,15.857,9.949,0.001,4.578,0.435,175.0,175.0,175.0,175.0,0,0.0,16.0,9.0,1.6,3.1,1.6,42.1,3.5,75.5,2.6,7.5,0.9,6.5,0.8,9.5,5.0,7.5,3.6,36.2,57.5,32.1,14.6,10.6,11.8,0.0,50.3,20.4,30.4,35.6,0.1,0.0,0.0,0.0,0.0,0.0,0.0,0.0,45.0,0.0,0.0,1.1,0.5,0.0,0.0,90.1,94.7,92.2,96.1,62.4,41.4,67.1,84.8,47.6,76.7,96.0,0.7,0.2,57.6,54.2,2394.1,24.00,36,35,35,68,103,383,2,2,Yes,No,No,No,No,No,No,No,No,No,Yes,No,No,Yes,No,No,No,No,No,No,No,Yes,No,No,No,No,No,Yes,No,No,No,No,No,No,No,Yes,No,No,85.0,3840,3300,3720,56.8,1.110,1.110,1.800,1.815,1.005,5.110,0.750,No,No,No,57.0,1.110,1.110,1.800,1.815,1.005,5.110,1.125,No,No,No,43,43,94.0,100.0,No,No,32159,47986,36,70,99.0,100.0,No,No,1844,3246,0.4,1.0,1.4,0.026,0.051,95927,52262,0.0,0.0,0.0,0.000,0.000,164001,82786,63.9,74.0,70.4,83.0,0.875,20.720,20.718,20.723,58.893,10.189,10.538,9.054,19.604,3.000,12.066,8.552,8.513,100.000,140.000,2250.0,2150.2,1890.0,2234.4,1905.0,8.0,1.0,0.0,1.0,85.6,24.8,99.3,0.0,0.0,0.0,Yes,No,No,No,No,Yes,No,0,0,0,0,0,0,0,0,0,0,0,0,0,0,0,0,0,0,0,0,0,0,0,0,0,0,0,0,0,0,1175,7013,6780,567,16.0,66,0.300,15.805,550.0,2394.0,0.1,0.0,0.0,0.0,0.0,0.0,0.0,0.0,0.8,127,16065,127,No,No,No,No,No,No,No,No,16.746,68.277,100.0,0.000,24.1,0,0,0,0.0,5.6,3340.7,1.1,1.0,1.0,1.0,5.5,155.2,1.1,1.0,1.0,1.0,178.07,942.31,0.30,0.30,989.64,989.64,0.24,177.74,178.07,0.00,328.03,651,9,0.0,0.0,0,0,0.0,0.0,0,
9.6.2026,14:21:29.689,22663,26105,46.4,13779,18605,42.5,10.5,16384,1719,1.103,1.154,1.114,1.109,1.104,1.109,1.084,1.084,1.094,1.094,1.094,1.094,1.094,1.106,1.106,1.063,0.783,3876.2,4489.0,4389.3,4389.3,4389.3,4389.3,4289.5,3491.5,3491.5,3491.5,3491.5,3491.5,3491.5,3491.5,3491.5,99.8,3890.5,458.9,254.1,68.4,135.7,69.6,1926.3,162.4,3506.2,117.8,261.0,41.4,249.5,35.7,167.1,110.0,137.6,87.9,476.2,712.7,430.1,229.1,458.2,19.6,8.8,1.0,6.9,14.4,41.7,12.5,76.4,18.6,6.9,13.2,5.8,20.2,9.1,5.1,7.8,3.8,36.0,57.6,31.9,14.2,76.4,19.6,100.0,19.2,10.4,2.1,4.6,2.1,76.5,5.6,135.6,3.9,10.5,1.0,9.9,0.7,8.3,5.2,6.8,4.0,25.0,37.5,22.3,11.6,19.1,38.9,45.0,44.0,44.0,44.0,44.0,43.0,35.0,35.0,35.0,35.0,35.0,35.0,35.0,35.0,39.0,74,73,77,75,78,75,79,74,74,74,74,70,70,70,70,26,27,23,25,22,25,21,26,26,26,26,30,30,30,30,77,79,No,No,No,No,No,No,No,No,No,No,No,No,No,No,No,No,No,No,No,No,No,No,No,No,No,No,No,No,No,No,Yes,No,Yes,Yes,Yes,Yes,Yes,Yes,Yes,Yes,Yes,Yes,Yes,Yes,Yes,No,No,No,76,68,65,1.100,20.250,18.139,12.109,0.001,4.657,0.458,175.0,175.0,175.0,175.0,0,0.0,16.0,9.0,1.6,3.1,1.6,42.1,3.5,75.5,2.6,7.5,0.9,6.5,0.8,9.5,5.0,7.5,3.6,36.2,57.5,32.1,14.6,10.6,11.8,0.0,50.3,20.4,30.4,35.6,0.1,0.0,0.0,0.0,0.0,0.0,0.0,0.0,45.0,0.0,0.0,1.1,0.5,0.0,0.0,90.1,94.7,92.2,96.1,62.4,41.4,67.1,84.8,47.6,76.7,96.0,0.7,0.2,57.6,54.2,2394.1,24.00,36,35,35,68,103,383,2,2,Yes,No,No,No,No,No,No,No,No,No,Yes,No,No,Yes,No,No,No,No,No,No,No,Yes,No,No,No,No,No,Yes,No,No,No,No,No,No,No,Yes,No,No,85.0,3900,3180,3780,57.0,1.110,1.110,1.815,1.815,1.005,5.110,1.375,No,No,No,57.0,1.110,1.110,1.800,1.815,1.005,5.110,2.250,No,No,No,43,43,94.0,100.0,No,No,32159,47986,36,70,99.0,100.0,No,No,1844,3246,0.4,1.0,1.4,0.026,0.051,95927,52262,0.0,0.0,0.0,0.000,0.000,164001,82786,62.6,70.0,69.0,83.0,0.870,20.703,20.696,20.710,22.546,13.611,18.157,11.528,29.739,3.000,14.518,9.125,9.209,100.000,140.000,2175.0,1750.2,1875.0,2235.2,1890.0,77.0,21.0,0.0,0.0,69.2,1.0,4.1,0.0,0.0,0.0,Yes,No,No,No,No,Yes,No,0,0,0,0,0,0,0,0,0,0,0,0,0,0,0,0,0,0,0,0,0,0,0,0,0,0,0,0,0,0,2525,5663,6070,567,16.0,65,0.300,36.962,600.0,2394.0,0.1,0.0,0.0,0.0,0.0,0.0,0.0,0.0,0.8,127,16065,127,No,No,No,No,No,No,No,No,16.746,68.277,100.0,0.000,24.1,0,0,0,0.0,5.6,3340.7,1.1,1.0,1.0,1.0,5.5,155.2,1.1,1.0,1.0,1.0,178.07,942.31,0.30,0.30,989.64,989.64,0.24,177.74,178.07,0.00,328.03,651,9,0.0,0.0,0,0,0.0,0.0,0,
9.6.2026,14:21:31.684,23780,24988,48.7,13958,18426,43.1,10.5,16384,1719,1.178,1.208,1.197,1.186,0.736,1.201,1.201,1.228,1.228,1.208,1.228,1.228,1.210,1.210,1.224,1.101,0.778,2650.7,4688.5,4688.5,4688.5,4888.0,4688.5,4688.5,1097.3,1097.3,1097.3,1097.3,1097.3,1097.3,1097.3,1097.3,99.8,4090.0,417.5,185.1,0.7,276.5,0.3,2030.4,50.8,3592.8,0.7,157.9,0.3,113.7,0.6,31.9,32.2,18.3,3.3,453.6,666.7,407.7,326.8,406.0,17.8,8.7,10.0,21.7,0.0,46.2,0.0,77.8,0.0,5.9,0.0,3.6,0.0,3.7,2.8,1.8,0.6,41.5,61.2,39.1,30.6,77.8,17.8,100.0,18.4,8.5,0.0,12.8,0.0,83.8,1.9,138.9,0.0,7.9,0.0,5.4,0.0,2.1,2.1,1.1,0.3,25.3,36.6,23.4,18.5,18.5,26.6,47.0,47.0,47.0,49.0,47.0,47.0,11.0,11.0,11.0,11.0,11.0,11.0,11.0,11.0,41.0,62,63,62,68,58,62,60,61,61,61,61,64,64,64,64,38,37,38,32,42,38,40,39,39,39,39,36,36,36,36,75,68,No,No,No,No,No,No,No,No,No,No,No,No,No,No,No,No,No,No,No,No,No,No,No,No,No,No,No,No,No,No,No,No,No,No,No,No,No,No,No,No,No,No,No,No,No,No,No,No,75,68,65,1.100,10.969,37.372,30.651,0.001,5.208,0.659,175.0,175.0,175.0,175.0,0,0.0,16.4,8.5,0.0,16.9,0.0,44.7,1.1,77.0,0.0,5.6,0.0,3.6,0.0,2.9,2.9,1.5,0.3,39.9,59.0,35.8,28.7,11.7,17.3,3.0,49.3,20.7,36.0,33.9,0.0,0.0,0.0,0.0,2.9,1.1,0.1,0.0,44.1,0.0,0.0,0.3,0.2,0.0,0.0,96.6,96.6,98.0,99.5,55.2,38.1,62.6,70.3,43.2,70.2,77.9,0.1,0.0,53.1,58.1,997.6,10.00,22,15,15,28,103,160,2,2,Yes,No,No,No,No,No,No,No,No,No,Yes,No,No,Yes,No,No,No,No,No,No,No,Yes,No,No,No,No,No,Yes,No,No,No,No,No,No,No,Yes,No,No,84.0,4020,3000,3960,57.0,1.110,1.110,1.815,1.815,1.005,5.110,0.750,No,No,No,57.2,1.110,1.110,1.815,1.815,1.005,5.110,0.625,No,No,No,43,43,94.0,100.0,No,No,32159,47986,36,70,99.0,100.0,No,No,1844,3246,0.0,1.2,1.2,0.000,0.055,95927,52263,0.0,0.0,0.0,0.000,0.000,164001,82786,69.5,74.0,74.4,83.0,0.875,20.641,20.627,20.655,61.298,26.859,37.299,22.400,59.776,3.000,25.379,9.171,30.986,100.000,140.000,2250.0,2150.2,1890.0,2234.3,1905.0,83.0,51.0,0.0,0.0,93.4,25.0,100.0,0.0,0.0,0.0,Yes,No,No,No,No,Yes,No,0,0,0,0,0,0,0,0,0,0,0,0,0,0,0,0,0,0,0,0,0,0,0,0,0,0,0,0,0,0,539,7649,7416,567,16.0,64,0.300,21.022,600.0,2394.0,0.1,0.0,0.0,0.0,0.0,0.0,0.0,0.0,0.8,127,16065,127,No,No,No,No,No,No,No,No,16.746,68.277,100.0,0.000,24.1,0,0,0,0.0,5.6,3340.7,1.1,1.0,1.0,1.0,5.5,155.2,1.1,1.0,1.0,1.0,178.07,942.31,0.30,0.30,989.64,989.64,0.24,177.74,178.07,0.00,328.03,651,9,0.1,0.0,0,0,0.0,0.0,0,
9.6.2026,14:21:33.685,23695,25073,48.5,14008,18376,43.2,10.5,16384,1719,1.208,1.200,1.189,1.204,1.184,1.204,1.186,1.226,1.226,1.226,1.206,1.209,1.209,1.229,1.209,1.101,0.783,2387.0,4489.0,1396.6,4688.5,4688.5,4688.5,4688.5,1097.3,1097.3,1097.3,1097.3,1097.3,1097.3,1097.3,1097.3,99.8,4090.0,408.9,151.2,0.3,146.5,0.2,2123.6,0.3,3392.7,0.3,185.5,0.4,298.7,0.2,46.2,16.9,23.5,10.8,420.0,665.6,465.8,228.6,399.8,24.4,7.5,0.0,2.7,0.8,45.9,44.8,80.3,42.4,5.3,44.4,7.2,44.6,0.1,2.3,1.4,0.2,36.6,59.2,41.5,20.1,80.3,24.4,100.0,17.5,6.9,0.0,6.1,0.0,84.6,0.0,131.4,0.0,8.1,0.0,12.4,0.0,2.5,0.9,1.3,0.6,22.7,35.6,24.9,12.3,17.5,23.9,45.0,14.0,47.0,47.0,47.0,47.0,11.0,11.0,11.0,11.0,11.0,11.0,11.0,11.0,41.0,62,63,63,63,67,61,59,61,61,61,61,63,63,63,63,38,37,37,37,33,39,41,39,39,39,39,37,37,37,37,75,67,No,No,No,No,No,No,No,No,No,No,No,No,No,No,No,No,No,No,No,No,No,No,No,No,No,No,No,No,No,No,No,No,No,No,No,No,No,No,No,No,No,No,No,No,No,No,No,No,75,67,65,1.100,4.219,18.971,12.951,0.001,4.683,0.446,175.0,175.0,175.0,175.0,0,0.0,15.7,7.5,0.0,4.2,0.0,46.0,0.0,78.9,0.0,5.4,0.0,7.4,0.0,4.0,1.5,2.1,0.9,36.3,58.8,41.1,20.0,10.9,15.1,14.2,48.8,18.4,29.5,24.1,0.0,0.0,0.0,0.0,2.8,0.0,0.0,0.0,44.9,0.0,0.0,0.7,0.3,0.0,0.0,95.6,98.3,97.7,98.9,59.3,40.1,58.2,79.7,46.5,74.0,80.0,0.4,0.0,61.1,63.7,2394.1,24.00,36,35,35,68,103,383,2,2,Yes,No,No,No,No,No,No,No,No,No,Yes,No,No,Yes,No,No,No,No,No,No,No,Yes,No,No,No,No,No,Yes,No,No,No,No,No,No,No,Yes,No,No,85.0,4260,2940,4020,57.0,1.110,1.110,1.815,1.815,0.990,5.110,0.750,No,No,No,57.2,1.110,1.110,1.815,1.815,1.005,5.110,0.875,No,No,No,43,43,94.0,100.0,No,No,32159,47986,36,70,99.0,100.0,No,No,1844,3246,0.0,0.9,0.9,0.000,0.050,95927,52263,0.0,0.0,0.0,0.000,0.000,164001,82786,69.5,74.0,74.4,83.0,0.875,20.656,20.643,20.669,54.086,24.466,32.803,19.859,52.747,3.000,22.850,8.998,31.003,100.000,140.000,2250.0,2150.2,1890.0,2237.7,1905.0,83.0,49.0,0.0,1.0,92.5,25.0,100.0,0.0,0.0,0.0,Yes,No,No,No,No,Yes,No,0,0,0,0,0,0,0,0,0,0,0,0,0,0,0,0,0,0,0,0,0,0,0,0,0,0,0,0,0,0,617,7571,7338,567,16.0,64,0.300,18.214,600.0,997.0,0.1,0.0,0.0,0.0,0.0,0.0,0.0,0.0,0.8,127,16065,127,No,No,No,No,No,No,No,No,16.746,68.277,100.0,0.000,24.1,0,0,0,0.0,2.0,2.0,2.0,2.0,2.0,2.0,1.9,1.9,1.9,1.9,1.9,1.9,493.00,493.00,493.00,493.00,493.00,493.00,0.53,492.66,493.00,0.00,456.46,651,9,0.4,0.2,0,0,0.0,0.0,0,
9.6.2026,14:21:35.696,23693,25075,48.5,14037,18346,43.3,10.5,16384,1719,1.210,1.209,1.232,1.217,1.187,1.187,1.192,1.207,1.198,1.208,1.228,1.228,1.215,1.215,1.216,1.101,0.778,2593.7,1396.6,4688.5,4888.0,4688.5,4688.5,4688.5,3591.2,1097.3,1097.3,1097.3,1097.3,1097.3,1097.3,1097.3,99.8,4090.0,373.0,141.8,0.3,18.5,0.2,2023.2,0.3,3377.7,0.3,84.4,0.3,66.9,0.3,34.6,11.8,0.9,0.6,436.3,652.3,410.2,198.5,360.1,14.6,6.7,0.0,2.8,0.0,43.0,0.0,72.7,0.0,3.8,0.0,2.8,0.0,6.6,0.9,1.4,1.4,38.3,58.3,36.3,17.4,72.7,14.6,100.0,16.0,6.3,0.0,0.9,0.0,80.0,0.0,130.6,0.0,4.3,0.0,3.4,0.0,1.9,0.7,0.1,0.1,23.4,34.8,21.8,10.7,16.0,26.0,14.0,47.0,49.0,47.0,47.0,47.0,36.0,11.0,11.0,11.0,11.0,11.0,11.0,11.0,41.0,62,63,61,68,58,61,60,61,61,61,61,62,62,62,64,38,37,39,32,42,39,40,39,39,39,39,38,38,38,36,74,68,No,No,No,No,No,No,No,No,No,No,No,No,No,No,No,No,No,No,No,No,No,No,No,No,No,No,No,No,No,No,No,No,No,No,No,No,No,No,No,No,No,No,No,No,No,No,No,No,74,67,64,1.100,5.906,17.715,11.821,0.001,4.627,0.441,175.0,175.0,175.0,175.0,0,0.0,14.1,6.9,0.0,0.7,0.0,43.4,0.0,71.9,0.0,3.3,0.0,2.3,0.0,3.1,1.0,0.1,0.1,38.3,58.0,36.3,17.2,9.7,11.6,3.8,47.0,25.0,26.9,22.1,0.0,0.0,0.0,0.0,0.0,0.0,0.0,0.0,46.1,0.0,0.0,2.1,0.7,0.0,0.0,96.7,98.8,99.8,99.8,60.4,41.1,63.0,82.4,52.5,79.0,95.0,3.6,0.3,65.3,71.6,997.6,10.00,22,15,15,28,103,160,2,2,Yes,No,No,No,No,No,No,No,No,No,Yes,No,No,Yes,No,No,No,No,No,No,No,Yes,No,No,No,No,No,Yes,No,No,No,No,No,No,No,Yes,No,No,85.0,4080,3000,3960,57.0,1.110,1.110,1.815,1.815,0.990,5.110,0.625,No,No,No,57.2,1.110,1.110,1.815,1.815,0.990,5.110,0.500,No,No,No,43,43,94.0,100.0,No,No,32159,47986,36,70,99.0,100.0,No,No,1844,3246,0.0,0.9,0.9,0.000,0.020,95927,52263,0.0,0.0,0.0,0.000,0.000,164001,82786,70.1,74.0,75.2,83.0,0.875,20.653,20.640,20.667,57.402,28.990,33.674,21.713,55.449,3.000,24.700,32.119,32.272,100.000,140.000,2250.0,2150.2,1890.0,2237.9,1905.0,86.0,50.0,0.0,0.0,92.5,25.0,100.0,0.0,0.0,0.0,Yes,No,No,No,No,Yes,No,0,0,0,0,0,0,0,0,0,0,0,0,0,0,0,0,0,0,0,0,0,0,0,0,0,0,0,0,0,0,617,7571,7338,567,16.0,65,0.300,16.599,550.0,2394.0,0.1,0.0,0.0,0.0,0.0,0.0,0.0,0.0,0.8,127,16065,127,No,No,No,No,No,No,No,No,16.747,68.277,100.0,0.000,24.1,0,0,0,0.0,1.8,1.8,1.8,1.8,1.8,1.8,1.8,1.8,1.8,1.8,1.8,1.8,566.71,566.71,566.71,566.71,566.71,566.71,526.75,40.02,566.23,0.48,432.84,651,9,0.0,0.0,0,0,0.0,0.0,0,
9.6.2026,14:21:37.689,23697,25071,48.5,14072,18311,43.4,10.5,16384,1719,1.211,1.203,1.215,1.195,1.200,1.175,1.207,1.207,1.232,1.212,1.212,1.225,1.225,1.225,1.225,1.101,0.783,2921.4,4688.5,4688.5,4888.0,4888.0,4688.5,798.0,1097.3,3591.2,3591.2,3591.2,1097.3,1097.3,1097.3,1097.3,99.8,4090.0,382.1,161.3,0.2,49.5,0.1,2595.2,0.5,2944.9,0.2,88.1,0.2,84.8,0.2,16.9,14.6,28.5,2.9,439.4,608.8,318.5,286.4,374.3,15.0,7.1,0.0,1.2,0.0,54.6,17.8,63.5,0.0,2.7,0.0,2.4,0.0,0.6,0.4,1.7,0.0,39.4,54.9,28.6,25.5,63.5,15.0,100.0,16.3,7.0,0.0,2.3,0.0,101.1,0.0,114.2,0.0,4.2,0.0,4.2,0.0,1.0,0.8,1.5,0.2,23.7,32.6,17.1,15.2,16.3,29.3,47.0,47.0,49.0,49.0,47.0,8.0,11.0,36.0,36.0,36.0,11.0,11.0,11.0,11.0,41.0,62,63,61,68,58,61,60,61,61,61,61,61,62,62,62,38,37,39,32,42,39,40,39,39,39,39,39,38,38,38,75,68,No,No,No,No,No,No,No,No,No,No,No,No,No,No,No,No,No,No,No,No,No,No,No,No,No,No,No,No,No,No,No,No,No,No,No,No,No,No,No,No,No,No,No,No,No,No,No,No,75,75,64,1.100,18.563,16.054,10.063,0.001,4.612,0.434,175.0,175.0,175.0,175.0,0,0.0,14.3,7.2,0.0,2.1,0.0,54.8,0.0,62.9,0.0,3.0,0.0,2.7,0.0,1.5,1.3,2.6,0.2,39.1,54.5,28.3,25.6,9.4,14.9,9.9,37.3,31.8,18.8,18.9,0.0,0.0,0.0,0.0,0.0,0.0,0.0,0.0,46.3,0.0,0.0,2.3,2.8,0.0,0.0,98.2,98.5,97.3,99.7,59.7,44.6,71.1,74.0,52.2,75.1,86.6,2.8,0.3,74.0,74.3,1795.6,18.00,26,26,26,51,103,287,2,2,Yes,No,No,No,No,No,No,No,No,No,Yes,No,No,Yes,No,No,No,No,No,No,No,Yes,No,No,No,No,No,Yes,No,No,No,No,No,No,No,Yes,No,No,84.0,4020,3240,3840,57.0,1.110,1.110,1.815,1.815,0.990,5.110,0.875,No,No,No,57.2,1.110,1.110,1.815,1.815,0.990,5.110,0.750,No,No,No,43,43,94.0,100.0,No,No,32159,47986,36,70,99.0,100.0,No,No,1844,3246,0.0,1.3,1.3,0.000,0.123,95927,52263,0.0,0.0,0.0,0.000,0.000,164001,82786,70.7,74.0,75.8,83.0,0.875,20.621,20.606,20.636,57.225,27.300,39.709,22.419,62.217,3.000,25.403,9.226,29.128,100.000,140.000,2250.0,2150.2,1890.0,2237.7,1905.0,88.0,56.0,0.0,1.0,92.5,25.0,100.0,0.0,0.0,0.0,Yes,No,No,No,No,Yes,No,0,0,0,0,0,0,0,0,0,0,0,0,0,0,0,0,0,0,0,0,0,0,0,0,0,0,0,0,0,0,617,7571,7338,567,16.0,65,0.300,15.583,550.0,997.0,0.1,0.0,0.0,0.0,0.0,0.0,0.0,0.0,0.8,127,16065,127,No,No,No,No,No,No,No,No,16.746,68.277,100.0,0.000,24.1,0,0,0,0.0,1.0,1.0,1.0,1.0,1.0,1.0,1.0,1.0,1.0,1.0,1.0,1.0,992.70,992.70,992.70,992.70,992.70,992.70,960.86,32.48,992.33,0.38,7.86,651,9,0.4,0.0,0,0,0.0,0.0,0,
9.6.2026,14:21:39.693,23696,25072,48.5,14132,18251,43.6,10.5,16384,1719,1.175,1.212,1.202,1.177,1.177,0.742,1.212,1.209,1.214,1.214,1.234,1.229,1.206,1.211,1.211,1.101,0.778,2700.5,4688.5,4688.5,1396.6,4688.5,1396.6,4688.5,1097.3,3591.2,3591.2,3591.2,1097.3,1097.3,1097.3,1097.3,99.8,4090.0,377.5,108.1,0.3,19.0,0.2,2739.0,0.3,2823.8,0.3,96.4,0.3,70.5,0.3,30.4,9.8,0.6,0.6,442.8,689.1,352.5,165.8,368.7,23.5,5.5,41.7,1.8,46.8,57.9,0.0,62.7,32.8,3.3,31.4,2.8,34.9,0.0,0.6,0.0,0.0,39.6,62.1,31.7,14.7,62.7,23.5,100.0,16.1,4.6,0.0,0.8,0.0,107.1,0.0,109.8,0.0,4.8,0.0,3.6,0.0,1.7,0.5,0.1,0.1,23.8,36.8,18.9,8.8,16.1,27.1,47.0,47.0,14.0,47.0,14.0,47.0,11.0,36.0,36.0,36.0,11.0,11.0,11.0,11.0,41.0,62,62,62,67,62,61,59,61,61,61,61,64,64,64,64,38,38,38,33,38,39,41,39,39,39,39,36,36,36,36,74,67,No,No,No,No,No,No,No,No,No,No,No,No,No,No,No,No,No,No,No,No,No,No,No,No,No,No,No,No,No,No,No,No,No,No,No,No,No,No,No,No,No,No,No,No,No,No,No,No,75,66,64,1.100,5.063,15.813,9.875,0.001,4.616,0.435,175.0,175.0,175.0,175.0,0,0.0,14.0,5.0,0.0,0.5,0.0,57.8,0.0,61.8,0.0,3.7,0.0,2.4,0.0,2.7,0.9,0.0,0.0,39.2,61.4,31.0,14.3,10.2,9.8,1.8,38.0,33.0,32.8,27.4,0.0,0.0,0.0,0.0,0.0,0.0,0.0,0.0,46.3,0.0,0.0,0.5,1.6,0.0,0.0,97.0,99.0,99.8,99.9,59.5,37.6,68.4,85.3,51.3,83.4,97.1,0.7,0.9,59.3,66.3,2394.1,24.00,36,35,35,68,103,383,2,2,Yes,No,No,No,No,No,No,No,No,No,Yes,No,No,Yes,No,No,No,No,No,No,No,Yes,No,No,No,No,No,Yes,No,No,No,No,No,No,No,Yes,No,No,85.0,3900,3180,3720,57.0,1.110,1.110,1.815,1.815,0.990,5.110,0.750,No,No,No,57.2,1.110,1.110,1.815,1.815,0.990,5.110,0.625,No,No,No,43,43,94.0,100.0,No,No,32159,47986,36,70,99.0,100.0,No,No,1844,3246,0.0,0.9,0.9,0.000,0.024,95927,52263,0.0,0.0,0.0,0.000,0.000,164001,82786,70.2,76.0,75.1,83.0,0.875,20.630,20.615,20.644,57.042,27.145,37.981,23.522,61.582,3.000,26.509,9.483,27.936,100.000,140.000,2250.0,2150.2,1890.0,2237.6,1905.0,91.0,56.0,0.0,0.0,92.5,24.9,99.7,0.0,0.0,0.0,Yes,No,No,No,No,Yes,No,0,0,0,0,0,0,0,0,0,0,0,0,0,0,0,0,0,0,0,0,0,0,0,0,0,0,0,0,0,0,617,7571,7338,567,16.0,66,0.300,16.280,600.0,1795.0,0.1,0.0,0.0,0.0,0.0,0.0,0.0,0.0,0.8,127,16065,127,No,No,No,No,No,No,No,No,16.746,68.277,100.0,0.000,24.1,0,0,0,0.0,1.0,1.0,1.0,1.0,1.0,1.0,1.0,1.0,1.0,1.0,1.0,1.0,1003.57,1003.57,1003.57,1003.57,1003.57,1003.57,956.29,48.18,1003.00,0.57,82.70,651,9,0.0,0.0,0,0,0.0,0.0,0,
9.6.2026,14:21:41.709,23659,25109,48.5,14103,18281,43.5,10.5,16384,1719,1.215,1.198,1.224,1.209,1.209,1.184,1.194,1.211,1.226,1.231,1.226,1.229,1.214,1.229,1.229,1.101,0.783,2358.5,1396.6,4688.5,1396.6,4888.0,4688.5,4688.5,1097.3,1097.3,3591.2,1097.3,1097.3,1097.3,1097.3,1097.3,99.8,4090.0,364.1,170.2,0.3,55.6,0.1,1185.6,0.2,4065.3,0.2,366.9,0.3,165.6,0.2,21.5,13.1,6.4,0.4,354.5,474.6,283.8,117.8,378.2,13.3,7.9,0.0,1.7,0.0,28.3,0.0,87.9,0.0,17.7,0.0,6.9,0.0,5.3,1.6,1.0,0.5,30.9,41.8,24.3,9.8,87.9,13.3,100.0,15.4,7.6,0.0,2.7,0.0,49.4,0.0,156.5,0.0,15.3,0.0,7.2,0.0,1.2,0.7,0.4,0.0,19.2,25.4,15.2,6.4,15.4,23.6,14.0,47.0,14.0,49.0,47.0,47.0,11.0,11.0,36.0,11.0,11.0,11.0,11.0,11.0,41.0,62,63,63,63,66,61,60,61,61,61,61,61,61,62,62,38,37,37,37,34,39,40,39,39,39,39,39,39,38,38,75,66,No,No,No,No,No,No,No,No,No,No,No,No,No,No,No,No,No,No,No,No,No,No,No,No,No,No,No,No,No,No,No,No,No,No,No,No,No,No,No,No,No,No,No,No,No,No,No,No,75,67,66,1.100,6.750,16.445,10.542,0.001,4.586,0.434,175.0,175.0,175.0,175.0,0,0.0,13.1,8.1,0.0,2.8,0.0,28.8,0.0,86.9,0.0,17.4,0.0,7.4,0.0,1.9,1.2,0.6,0.0,30.7,41.6,25.0,10.4,10.2,9.2,3.1,63.2,10.9,37.9,18.7,0.0,0.0,0.0,0.0,0.0,0.0,0.0,0.0,49.3,0.0,0.0,1.4,0.6,2.5,0.0,97.8,98.6,99.3,99.9,68.1,57.5,74.5,89.3,46.9,79.8,92.3,1.5,0.1,38.0,69.9,997.6,10.00,22,15,15,28,103,160,2,2,Yes,No,No,No,No,No,No,No,No,No,Yes,No,No,Yes,No,No,No,No,No,No,No,Yes,No,No,No,No,No,Yes,No,No,No,No,No,No,No,Yes,No,No,86.0,3900,3180,3720,57.0,1.110,1.110,1.815,1.815,0.990,5.110,0.500,No,No,No,57.2,1.110,1.110,1.800,1.815,0.990,5.110,0.875,No,No,No,43,43,94.0,100.0,No,No,32159,47986,36,70,99.0,100.0,No,No,1844,3246,4.7,1.1,5.8,16.576,0.460,95959,52264,0.0,0.0,0.0,0.000,0.000,164001,82786,69.4,78.0,74.4,83.0,0.875,20.651,20.639,20.663,59.339,23.064,32.112,20.350,52.546,3.000,23.337,9.769,20.332,100.000,140.000,2250.0,2150.2,1890.0,2236.2,1905.0,81.0,48.0,0.0,0.0,92.5,24.1,96.2,0.0,0.0,0.0,Yes,No,No,No,No,Yes,No,0,0,0,0,0,0,0,0,0,0,0,0,0,0,0,0,0,0,0,0,0,0,0,0,0,0,0,0,0,0,617,7571,7338,568,16.0,65,0.300,15.716,550.0,2394.0,0.1,0.0,0.0,0.0,0.0,0.0,0.0,0.0,0.8,127,16065,127,No,No,No,No,No,No,No,No,16.746,68.277,100.0,0.000,24.1,0,0,0,0.0,1.0,1.0,1.0,1.0,1.0,1.0,1.0,1.0,1.0,1.0,1.0,1.0,1003.57,1003.57,1003.57,1003.57,1003.57,1003.57,956.29,48.18,1003.00,0.57,82.70,651,9,0.0,0.0,0,0,0.0,0.0,0,
9.6.2026,14:21:43.699,23659,25108,48.5,14101,18283,43.5,10.5,16384,1719,1.195,1.185,1.180,1.225,1.205,1.180,1.185,1.235,1.235,1.185,1.170,1.185,1.185,1.185,1.185,1.101,0.781,4047.2,4688.5,4489.0,4688.5,4688.5,4688.5,4688.5,3591.2,3591.2,3591.2,3591.2,3591.2,3591.2,3591.2,3591.2,99.8,4090.0,371.2,136.2,0.2,6.9,0.2,116.1,1710.1,3765.9,0.4,18.8,585.2,507.2,0.4,12.0,0.6,0.6,0.5,70.6,192.4,237.5,63.0,428.8,23.9,7.7,22.1,1.5,49.4,2.9,73.0,82.3,47.7,0.0,65.2,28.7,47.1,0.6,0.0,0.0,0.0,5.0,17.2,22.1,5.1,82.3,23.9,100.0,14.9,5.6,0.0,0.3,0.0,4.9,67.1,144.0,0.0,0.8,23.4,20.0,0.0,0.7,0.1,0.1,0.0,3.8,10.4,12.7,3.4,14.9,40.6,47.0,45.0,47.0,47.0,47.0,47.0,36.0,36.0,36.0,36.0,36.0,36.0,36.0,36.0,41.0,62,58,62,63,64,63,60,62,62,62,62,62,62,62,62,38,42,38,37,36,37,40,38,38,38,38,38,38,38,38,75,64,No,No,No,No,No,No,No,No,No,No,No,No,No,No,No,No,No,No,No,No,No,No,No,No,No,No,No,No,No,No,No,No,No,No,No,No,No,No,No,No,No,No,No,No,No,No,No,No,75,66,66,1.100,5.063,15.776,9.884,0.001,4.571,0.433,175.0,175.0,175.0,175.0,0,0.0,12.5,7.4,0.0,0.5,0.0,2.6,47.0,82.2,0.0,0.6,30.5,29.1,0.0,1.1,0.1,0.1,0.0,6.1,16.7,21.1,5.6,6.9,3.8,0.0,41.4,16.1,22.0,12.7,0.0,0.0,0.0,0.0,0.0,0.0,0.0,0.0,54.1,0.0,0.0,2.7,0.8,3.9,2.8,98.7,99.8,99.8,99.8,93.7,82.5,78.4,94.2,46.6,87.3,99.3,2.7,0.0,37.8,52.3,997.6,10.00,22,15,15,28,103,160,2,2,Yes,No,No,No,No,No,No,No,No,No,Yes,No,No,Yes,No,No,No,No,No,No,No,Yes,No,No,No,No,No,Yes,No,No,No,No,No,No,No,Yes,No,No,88.0,3840,3180,3720,57.0,1.110,1.110,1.815,1.815,0.990,5.110,0.750,No,No,No,57.2,1.110,1.110,1.815,1.815,0.990,5.110,0.625,No,No,No,43,43,94.0,100.0,No,No,32159,47986,36,70,99.0,100.0,No,No,1844,3246,4.8,0.0,4.8,47.661,0.014,96049,52264,0.0,0.0,0.0,0.000,0.000,164001,82786,70.6,78.0,75.4,83.0,0.875,20.649,20.636,20.661,62.266,27.577,33.403,20.512,53.988,3.000,23.496,36.572,22.066,100.000,140.000,2250.0,2150.2,1890.0,2235.4,1905.0,90.0,52.0,0.0,0.0,92.5,24.7,98.8,0.0,0.0,0.0,Yes,No,No,No,No,Yes,No,0,0,0,0,0,0,0,0,0,0,0,0,0,0,0,0,0,0,0,0,0,0,0,0,0,0,0,0,0,0,617,7571,7338,568,16.0,66,0.300,15.962,550.0,997.0,0.1,0.0,0.0,0.0,0.0,0.0,0.0,0.0,0.8,127,16065,127,No,No,No,No,No,No,No,No,16.746,68.277,100.0,0.000,24.1,0,0,0,0.0,1.7,1.7,1.7,1.7,1.7,1.7,1.8,1.8,1.8,1.8,1.8,1.8,582.03,582.03,582.03,582.03,582.03,582.03,576.34,6.20,581.58,0.45,436.47,651,9,0.1,0.1,0,0,0.0,0.0,0,
9.6.2026,14:21:45.703,23668,25100,48.5,14131,18253,43.6,10.5,16384,1719,1.210,1.192,1.186,1.176,1.216,1.216,1.171,1.205,1.235,1.220,1.225,1.235,1.215,1.232,1.215,1.101,0.783,2358.5,4489.0,4489.0,4489.0,4888.0,1396.6,4489.0,1097.3,1097.3,1097.3,1097.3,1097.3,1097.3,1097.3,1097.3,99.8,4090.0,386.1,126.5,0.3,39.1,0.1,0.8,2987.3,2448.8,0.2,0.6,383.1,237.7,0.3,12.4,1.0,2.5,0.4,146.4,458.9,468.6,406.0,390.1,15.0,5.8,0.0,0.5,0.0,0.0,70.1,54.2,0.0,0.7,18.5,12.6,0.0,1.8,0.8,0.9,0.7,14.2,41.1,41.8,36.7,70.1,15.0,100.0,16.2,5.6,0.0,1.8,0.0,0.1,115.8,95.7,0.0,0.1,15.5,9.7,0.0,0.7,0.1,0.2,0.1,7.8,24.5,24.7,21.3,16.2,23.6,45.0,45.0,45.0,49.0,14.0,45.0,11.0,11.0,11.0,11.0,11.0,11.0,11.0,11.0,41.0,63,66,61,68,59,61,60,61,62,62,62,64,64,64,64,37,34,39,32,41,39,40,39,38,38,38,36,36,36,36,75,68,No,No,No,No,No,No,No,No,No,No,No,No,No,No,No,No,No,No,No,No,No,No,No,No,No,No,No,No,No,No,No,No,No,No,No,No,No,No,No,No,No,No,No,No,No,No,No,No,75,66,65,1.100,20.250,15.953,10.137,0.001,4.500,0.430,175.0,175.0,175.0,175.0,0,0.0,14.8,5.8,0.0,1.4,0.0,0.0,69.4,54.2,0.0,0.0,18.7,12.0,0.0,1.1,0.1,0.2,0.0,12.9,41.0,42.1,36.2,10.4,10.7,11.2,24.5,42.3,29.6,13.8,3.4,3.4,3.4,3.4,0.0,0.0,0.0,0.0,46.9,0.0,0.0,2.8,0.4,3.5,0.0,95.3,96.4,96.3,96.5,86.7,58.1,57.1,63.2,47.2,80.9,86.1,0.5,0.4,44.3,71.1,2394.1,24.00,36,35,35,68,103,383,2,2,Yes,No,No,No,No,No,No,No,No,No,Yes,No,No,Yes,No,No,No,No,No,No,No,Yes,No,No,No,No,No,Yes,No,No,No,No,No,No,No,Yes,No,No,87.0,3900,3180,3720,57.0,1.110,1.110,1.815,1.815,0.990,5.110,0.625,No,No,No,57.2,1.110,1.110,1.815,1.815,0.990,5.110,1.000,No,No,No,43,43,94.0,100.0,No,No,32159,47987,36,70,99.0,100.0,No,No,1844,3246,3.6,0.2,3.8,31.877,0.033,96111,52264,0.0,0.0,0.0,0.000,0.000,164001,82786,70.8,78.0,75.8,83.0,0.875,20.652,20.640,20.665,60.145,28.711,35.229,20.661,55.980,3.000,23.658,30.805,31.644,100.000,140.000,2250.0,2150.2,1890.0,2235.6,1905.0,81.0,51.0,0.0,1.0,92.5,25.0,100.0,0.0,0.0,0.0,Yes,No,No,No,No,Yes,No,0,0,0,0,0,0,0,0,0,0,0,0,0,0,0,0,0,0,0,0,0,0,0,0,0,0,0,0,0,0,617,7571,7338,568,16.0,64,0.300,15.966,550.0,997.0,0.1,0.0,0.0,0.0,0.0,0.0,0.0,0.0,0.8,127,16065,127,No,No,No,No,No,No,No,No,16.747,68.277,100.0,0.000,24.1,0,0,0,0.0,1.7,1.7,1.7,1.7,1.7,1.7,1.7,1.7,1.7,1.7,1.7,1.7,575.87,575.87,575.87,575.87,575.87,575.87,558.53,17.56,575.45,0.42,431.67,651,9,0.1,0.1,0,0,0.0,0.0,0,
9.6.2026,14:21:47.699,23686,25081,48.5,14194,18190,43.8,10.5,16384,1719,1.170,1.187,1.188,1.176,1.201,1.161,0.806,1.215,1.215,1.220,1.205,1.190,1.225,1.190,1.200,1.101,0.778,2137.6,4688.5,4688.5,4688.5,4888.0,1396.6,798.0,1097.3,1097.3,1097.3,1097.3,1097.3,1097.3,1097.3,1097.3,99.8,4090.0,380.7,104.3,0.2,36.6,0.2,0.7,2238.7,3377.3,0.2,0.6,78.5,99.8,0.2,25.8,11.3,0.6,0.6,136.8,497.0,638.5,366.8,373.5,14.0,5.2,0.0,0.7,0.0,0.0,49.4,70.4,0.0,0.0,2.8,2.5,0.0,1.3,0.0,0.0,0.0,11.2,44.6,57.8,33.4,70.4,14.0,100.0,16.2,4.6,0.0,1.8,0.0,0.0,87.6,130.5,0.0,0.0,3.9,4.7,0.0,1.4,0.6,0.1,0.1,7.4,26.8,34.3,20.0,16.2,21.4,47.0,47.0,47.0,49.0,14.0,8.0,11.0,11.0,11.0,11.0,11.0,11.0,11.0,11.0,41.0,62,62,63,63,66,61,60,61,61,61,61,64,64,64,64,38,38,37,37,34,39,40,39,39,39,39,36,36,36,36,75,66,No,No,No,No,No,No,No,No,No,No,No,No,No,No,No,No,No,No,No,No,No,No,No,No,No,No,No,No,No,No,No,No,No,No,No,No,No,No,No,No,No,No,No,No,No,No,No,No,75,67,65,1.100,7.594,16.164,10.285,0.001,4.560,0.433,175.0,175.0,175.0,175.0,0,0.0,14.1,5.5,0.0,1.8,0.0,0.0,49.0,70.6,0.0,0.0,3.3,3.0,0.0,2.4,1.0,0.1,0.1,12.0,44.3,57.2,32.7,9.4,11.4,7.8,43.9,24.6,22.1,21.4,0.0,0.0,0.0,0.0,0.0,0.0,0.0,0.7,46.4,0.0,0.0,2.5,0.7,0.0,0.0,97.4,98.8,99.8,99.8,87.6,54.5,41.7,66.0,52.6,81.0,89.2,1.8,1.8,70.6,71.2,1795.6,18.00,26,26,26,51,103,287,2,2,Yes,No,No,No,No,No,No,No,No,No,Yes,No,No,Yes,No,No,No,No,No,No,No,Yes,No,No,No,No,No,Yes,No,No,No,No,No,No,No,Yes,No,No,85.0,3900,3180,3780,57.0,1.110,1.110,1.815,1.815,0.990,5.110,0.875,No,No,No,57.2,1.110,1.110,1.815,1.815,0.990,5.110,0.750,No,No,No,43,43,94.0,100.0,No,No,32159,47987,36,70,99.0,100.0,No,No,1844,3246,0.6,0.8,1.4,5.240,0.012,96121,52264,0.0,0.0,0.0,0.000,0.000,164001,82786,71.1,76.0,76.3,83.0,0.875,20.630,20.615,20.644,60.384,33.295,39.974,23.811,63.873,3.000,26.807,42.619,32.978,100.000,140.000,2250.0,2150.2,1890.0,2236.7,1905.0,91.0,43.0,0.0,0.0,92.5,24.9,99.6,0.0,0.0,0.0,Yes,No,No,No,No,Yes,No,0,0,0,0,0,0,0,0,0,0,0,0,0,0,0,0,0,0,0,0,0,0,0,0,0,0,0,0,0,0,617,7571,7338,568,16.0,65,0.300,16.372,550.0,2394.0,0.1,0.0,0.0,0.0,0.0,0.0,0.0,0.0,0.8,127,16065,127,No,No,No,No,No,No,No,No,16.746,68.277,100.0,0.000,24.1,0,0,0,0.0,1.7,1.7,1.7,1.7,1.7,1.7,1.7,1.7,1.7,1.7,1.7,1.7,575.87,575.87,575.87,575.87,575.87,575.87,558.53,17.56,575.45,0.42,431.67,651,9,0.3,0.0,0,0,0.0,0.0,0,
9.6.2026,14:21:49.704,23684,25084,48.5,14214,18169,43.8,10.5,16384,1719,1.195,1.190,1.185,1.185,1.190,1.170,1.190,1.182,1.187,1.187,1.212,1.207,1.222,1.222,1.200,1.101,0.778,3156.6,4489.0,4688.5,4688.5,4688.5,4688.5,4688.5,1097.3,3591.2,3591.2,3591.2,1097.3,1097.3,1097.3,1097.3,99.8,4090.0,380.2,102.7,0.3,11.3,0.2,0.8,2593.4,3049.1,0.3,0.6,87.2,103.9,0.2,18.0,10.2,0.6,0.6,85.4,418.8,708.8,411.7,373.7,15.6,4.9,0.0,1.0,27.1,0.5,57.4,64.2,0.0,0.5,3.2,2.8,0.0,2.1,1.4,0.5,0.5,7.9,37.2,63.3,36.7,64.2,15.6,100.0,16.1,4.5,0.0,0.6,0.0,0.1,101.1,118.4,0.0,0.0,4.3,4.9,0.0,1.0,0.6,0.1,0.0,4.6,22.5,37.8,22.0,16.1,31.6,45.0,47.0,47.0,47.0,47.0,47.0,11.0,36.0,36.0,36.0,11.0,11.0,11.0,11.0,41.0,63,63,65,64,68,61,61,61,61,61,61,64,64,64,64,37,37,35,36,32,39,39,39,39,39,39,36,36,36,36,75,68,No,No,No,No,No,No,No,No,No,No,No,No,No,No,No,No,No,No,No,No,No,No,No,No,No,No,No,No,No,No,No,No,No,No,No,No,No,No,No,No,No,No,No,No,No,No,No,No,75,67,65,1.100,10.969,15.656,9.740,0.001,4.595,0.434,175.0,175.0,175.0,175.0,0,0.0,14.0,5.1,0.0,0.5,0.0,0.0,56.8,64.2,0.0,0.0,3.6,3.2,0.0,1.6,0.9,0.0,0.0,7.4,37.1,62.9,36.6,9.8,10.5,1.3,34.7,32.7,27.7,29.8,0.0,0.0,0.0,0.0,0.0,0.0,0.0,0.0,46.6,0.0,0.0,1.8,0.6,0.0,0.0,98.2,98.9,99.8,99.8,92.2,61.6,36.0,62.7,51.9,82.4,97.5,3.5,0.0,64.8,63.1,2394.1,24.00,36,35,35,68,103,383,2,2,Yes,No,No,No,No,No,No,No,No,No,Yes,No,No,Yes,No,No,No,No,No,No,No,Yes,No,No,No,No,No,Yes,No,No,No,No,No,No,No,Yes,No,No,84.0,3960,3180,3780,57.0,1.095,1.110,1.815,1.815,0.990,5.110,0.750,No,No,No,57.2,1.110,1.110,1.815,1.815,0.990,5.110,0.750,No,No,No,43,43,94.0,100.0,No,No,32159,47987,36,70,99.0,100.0,No,No,1844,3246,0.1,0.8,1.0,0.026,0.018,96121,52264,0.0,0.0,0.0,0.000,0.000,164001,82786,71.0,78.0,76.2,83.0,0.875,20.656,20.644,20.669,63.293,29.014,34.522,20.169,54.772,3.000,23.158,34.596,32.881,100.000,140.000,2250.0,2150.2,1890.0,2236.1,1905.0,86.0,44.0,0.0,0.0,92.5,25.0,100.0,0.0,0.0,0.0,Yes,No,No,No,No,Yes,No,0,0,0,0,0,0,0,0,0,0,0,0,0,0,0,0,0,0,0,0,0,0,0,0,0,0,0,0,0,0,617,7571,7338,568,16.0,64,0.300,15.437,600.0,1795.0,0.1,0.0,0.0,0.0,0.0,0.0,0.0,0.0,0.8,127,16065,127,No,No,No,No,No,No,No,No,16.745,68.277,100.0,0.000,24.1,0,0,0,0.0,1.7,1.7,1.7,1.7,1.7,1.7,1.7,1.7,1.7,1.7,1.7,1.7,575.87,575.87,575.87,575.87,575.87,575.87,558.53,17.56,575.45,0.42,431.67,651,9,0.0,0.0,0,0,0.0,0.0,0,
9.6.2026,14:21:51.709,23693,25074,48.5,14246,18137,43.9,10.5,16384,1719,1.189,1.211,1.200,1.220,1.216,1.184,1.164,1.235,1.187,1.186,1.186,1.161,1.156,1.156,1.186,1.101,0.783,2166.1,4688.5,4688.5,1396.6,4888.0,1396.6,4489.0,1097.3,1097.3,1097.3,1097.3,1097.3,1097.3,1097.3,1097.3,99.8,4090.0,371.6,108.8,0.2,9.0,0.1,0.6,3102.2,2399.9,0.2,0.5,92.4,105.1,0.2,13.5,13.5,6.6,4.5,142.9,417.0,602.9,412.5,366.1,14.4,6.3,5.1,1.7,0.0,0.0,67.4,51.3,0.0,0.0,4.3,3.7,0.0,2.3,1.0,0.5,0.3,12.8,37.8,55.2,37.4,67.4,14.4,100.0,15.8,4.7,0.0,0.5,0.0,0.0,120.5,94.8,0.0,0.0,4.5,5.0,0.0,0.6,0.8,0.4,0.3,7.3,22.4,32.4,22.0,15.8,21.7,47.0,47.0,14.0,49.0,14.0,45.0,11.0,11.0,11.0,11.0,11.0,11.0,11.0,11.0,41.0,63,63,63,63,66,59,61,62,61,61,61,64,64,64,64,37,37,37,37,34,41,39,38,39,39,39,36,36,36,36,74,66,No,No,No,No,No,No,No,No,No,No,No,No,No,No,No,No,No,No,No,No,No,No,No,No,No,No,No,No,No,No,No,No,No,No,No,No,No,No,No,No,No,No,No,No,No,No,No,No,75,68,64,1.100,5.063,16.062,10.232,0.001,4.574,0.433,175.0,175.0,175.0,175.0,0,0.0,13.7,5.7,0.0,0.3,0.0,0.0,66.3,51.1,0.0,0.0,3.7,3.3,0.0,1.2,1.1,0.6,0.4,12.8,37.2,54.1,36.9,10.2,8.7,1.4,30.8,43.4,26.7,32.3,0.0,0.0,0.0,0.0,0.0,0.0,0.0,0.0,46.6,0.0,0.0,0.8,0.3,0.0,0.0,98.6,98.7,99.3,99.4,86.8,61.6,45.0,62.4,51.4,83.7,97.7,0.0,1.3,65.3,60.4,2394.1,24.00,36,35,35,68,103,383,2,2,Yes,No,No,No,No,No,No,No,No,No,Yes,No,No,Yes,No,No,No,No,No,No,No,Yes,No,No,No,No,No,Yes,No,No,No,No,No,No,No,Yes,No,No,86.0,3960,3240,3840,57.0,1.095,1.110,1.815,1.815,0.990,5.110,0.875,No,No,No,57.0,1.095,1.110,1.815,1.815,0.990,5.110,0.625,No,No,No,43,43,94.0,100.0,No,No,32159,47987,36,70,99.0,100.0,No,No,1844,3246,0.1,0.8,1.0,0.026,0.018,96121,52264,0.0,0.0,0.0,0.000,0.000,164001,82786,68.9,74.0,74.2,83.0,0.875,20.743,20.739,20.746,60.886,11.559,14.789,9.084,23.878,3.000,12.083,8.932,9.145,100.000,140.000,2250.0,2150.2,1890.0,2234.9,1905.0,61.0,6.0,0.0,0.0,92.5,25.0,100.0,0.0,0.0,0.0,Yes,No,No,No,No,Yes,No,0,0,0,0,0,0,0,0,0,0,0,0,0,0,0,0,0,0,0,0,0,0,0,0,0,0,0,0,0,0,617,7571,7338,568,16.0,66,0.300,16.151,600.0,2394.0,0.1,0.0,0.0,0.0,0.0,0.0,0.0,0.0,0.8,127,16065,127,No,No,No,No,No,No,No,No,16.746,68.277,100.0,0.000,24.1,0,0,0,0.0,1.7,1.7,1.7,1.7,1.7,1.7,1.7,1.7,1.7,1.7,1.7,1.7,575.87,575.87,575.87,575.87,575.87,575.87,558.53,17.56,575.45,0.42,431.67,651,9,0.0,0.0,0,0,0.0,0.0,0,
9.6.2026,14:21:53.704,23688,25079,48.5,14291,18093,44.1,10.5,16384,1719,1.207,1.214,1.172,1.198,1.202,1.197,1.202,1.212,1.202,1.207,1.232,1.197,1.227,1.224,1.212,1.101,0.783,2757.5,4688.5,1396.6,4688.5,4688.5,4688.5,4688.5,3591.2,1097.3,3591.2,1097.3,1097.3,1097.3,1097.3,1097.3,99.8,4090.0,389.0,136.3,0.3,42.0,0.2,0.6,2823.0,2855.2,0.3,0.7,122.7,99.9,0.2,48.5,27.5,6.5,0.6,93.5,468.8,587.5,465.4,385.3,23.0,6.0,28.2,1.6,49.4,0.0,61.7,60.2,46.9,0.4,3.4,2.5,48.8,4.3,3.6,0.2,0.0,8.7,41.2,51.8,41.1,61.7,23.0,100.0,16.5,6.0,0.0,2.1,0.0,0.0,109.7,111.2,0.0,0.0,5.9,4.7,0.0,2.8,1.5,0.4,0.1,5.5,25.0,31.0,24.7,16.5,27.6,47.0,14.0,47.0,47.0,47.0,47.0,36.0,11.0,36.0,11.0,11.0,11.0,11.0,11.0,41.0,63,63,65,63,67,61,62,60,61,61,61,64,64,65,64,37,37,35,37,33,39,38,40,39,39,39,36,36,35,36,75,67,No,No,No,No,No,No,No,No,No,No,No,No,No,No,No,No,No,No,No,No,No,No,No,No,No,No,No,No,No,No,No,No,No,No,No,No,No,No,No,No,No,No,No,No,No,No,No,No,75,66,65,1.100,5.906,16.167,10.229,0.001,4.558,0.433,175.0,175.0,175.0,175.0,0,0.0,14.4,6.3,0.0,2.0,0.0,0.0,61.3,60.3,0.0,0.0,4.6,3.0,0.0,4.4,2.5,0.6,0.1,8.3,41.4,52.2,41.3,10.5,8.7,8.6,34.6,35.9,40.2,15.7,0.0,0.0,0.0,0.0,3.5,0.0,0.0,0.0,45.9,0.0,0.0,0.3,0.9,0.0,0.0,95.3,97.3,99.3,99.8,87.9,57.2,46.8,58.0,49.8,82.5,87.8,1.1,0.2,50.8,76.7,2394.1,24.00,36,35,35,68,103,383,2,2,Yes,No,No,No,No,No,No,No,No,No,Yes,No,No,Yes,No,No,No,No,No,No,No,Yes,No,No,No,No,No,Yes,No,No,No,No,No,No,No,Yes,No,No,86.0,3960,3180,3780,56.8,1.095,1.110,1.815,1.815,0.990,5.110,0.625,No,No,No,57.0,1.095,1.110,1.800,1.815,0.990,5.110,0.750,No,No,No,43,43,94.0,100.0,No,No,32159,47987,36,70,99.0,100.0,No,No,1844,3246,0.0,0.9,0.9,0.000,0.062,96121,52264,0.0,0.0,0.0,0.000,0.000,164001,82786,70.9,78.0,75.8,83.0,0.875,20.641,20.627,20.654,59.304,31.151,37.346,23.123,60.559,3.000,26.104,33.973,33.953,100.000,140.000,2250.0,2150.2,1890.0,2235.0,1905.0,87.0,59.0,0.0,0.0,92.5,25.0,100.0,0.0,0.0,0.0,Yes,No,No,No,No,Yes,No,0,0,0,0,0,0,0,0,0,0,0,0,0,0,0,0,0,0,0,0,0,0,0,0,0,0,0,0,0,0,617,7571,7338,568,16.0,65,0.300,16.205,600.0,2394.0,0.1,0.0,0.0,0.0,0.0,0.0,0.0,0.0,0.8,127,16065,127,No,No,No,No,No,No,No,No,16.746,68.277,100.0,0.000,24.1,0,0,0,0.0,1.7,1.7,1.7,1.7,1.7,1.7,1.7,1.7,1.7,1.7,1.7,1.7,575.87,575.87,575.87,575.87,575.87,575.87,558.53,17.56,575.45,0.42,431.67,651,9,0.0,0.0,0,0,0.0,0.0,0,
9.6.2026,14:21:55.704,23696,25071,48.5,14337,18046,44.2,10.5,16384,1719,1.200,1.194,1.160,1.170,1.195,1.171,1.221,1.191,1.191,1.206,1.221,1.197,1.227,1.219,1.231,1.101,0.783,1653.1,1396.6,1396.6,4688.5,4688.5,1396.6,798.0,1097.3,1097.3,1097.3,1097.3,1097.3,1097.3,1097.3,1097.3,99.8,4090.0,394.1,124.7,0.3,40.0,0.2,0.7,2205.2,3633.9,0.2,0.6,112.1,80.8,0.2,36.9,1.1,5.4,0.5,124.3,400.3,699.9,414.7,390.2,14.9,6.6,0.4,1.3,0.0,1.2,49.8,76.3,0.0,1.2,4.6,2.8,0.0,3.7,0.0,1.7,1.2,11.2,35.8,63.2,37.4,76.3,14.9,100.0,16.7,5.5,0.0,1.9,0.0,0.0,86.6,139.8,0.0,0.0,5.2,3.9,0.0,2.0,0.1,0.3,0.1,6.7,21.8,37.5,22.2,16.7,16.6,14.0,14.0,47.0,47.0,14.0,8.0,11.0,11.0,11.0,11.0,11.0,11.0,11.0,11.0,41.0,63,63,63,64,64,58,62,61,61,61,61,64,64,64,64,37,37,37,36,36,42,38,39,39,39,39,36,36,36,36,75,67,No,No,No,No,No,No,No,No,No,No,No,No,No,No,No,No,No,No,No,No,No,No,No,No,No,No,No,No,No,No,No,No,No,No,No,No,No,No,No,No,No,No,No,No,No,No,No,No,75,66,65,1.100,14.344,16.283,10.336,0.001,4.619,0.435,175.0,175.0,175.0,175.0,0,0.0,14.4,6.3,0.0,2.0,0.0,0.0,61.3,60.3,0.0,0.0,4.6,3.0,0.0,4.4,2.5,0.6,0.1,8.3,41.4,52.2,41.3,10.5,8.7,8.6,34.6,35.9,40.2,15.7,0.0,0.0,0.0,0.0,3.5,0.0,0.0,0.0,45.9,0.0,0.0,0.3,0.9,0.0,0.0,95.3,97.3,99.3,99.8,87.9,57.2,46.8,58.0,49.8,82.5,87.8,1.1,0.2,50.8,76.7,2394.1,24.00,36,35,35,68,103,383,2,2,Yes,No,No,No,No,No,No,No,No,No,Yes,No,No,Yes,No,No,No,No,No,No,No,Yes,No,No,No,No,No,Yes,No,No,No,No,No,No,No,Yes,No,No,85.0,3960,3240,3840,56.8,1.095,1.110,1.815,1.815,0.990,5.110,1.000,No,No,No,57.0,1.095,1.110,1.815,1.815,0.990,5.110,0.500,No,No,No,43,43,94.0,100.0,No,No,32159,47987,36,70,99.0,100.0,No,No,1844,3246,0.0,1.4,1.4,0.008,0.104,96121,52265,0.0,0.0,0.0,0.000,0.000,164001,82786,70.9,78.0,75.8,83.0,0.875,20.632,20.617,20.646,62.008,32.018,36.915,23.689,60.679,3.000,26.680,40.946,32.214,100.000,140.000,2250.0,2150.2,1890.0,2234.2,1905.0,88.0,55.0,0.0,1.0,92.5,25.0,100.0,0.0,0.0,0.0,Yes,No,No,No,No,Yes,No,0,0,0,0,0,0,0,0,0,0,0,0,0,0,0,0,0,0,0,0,0,0,0,0,0,0,0,0,0,0,617,7571,7338,568,16.0,64,0.300,16.349,600.0,2394.0,0.1,0.0,0.0,0.0,0.0,0.0,0.0,0.0,0.8,127,16065,127,No,No,No,No,No,No,No,No,16.746,68.277,100.0,0.000,24.1,0,0,0,0.0,1.7,1.7,1.7,1.7,1.7,1.7,1.8,1.8,1.8,1.8,1.8,1.8,588.24,588.24,588.24,588.24,588.24,588.24,566.21,22.03,587.71,0.53,150.52,651,9,0.1,0.2,0,0,0.0,0.0,0,
9.6.2026,14:21:57.708,23808,24959,48.8,14428,17956,44.5,10.5,16384,1719,1.200,1.170,1.184,1.184,1.174,1.178,1.168,1.198,1.198,1.158,1.198,1.173,1.138,1.168,1.178,1.101,0.781,1653.1,1396.6,1396.6,4688.5,4688.5,2094.9,4489.0,1097.3,1097.3,1097.3,1097.3,1097.3,1097.3,1097.3,1097.3,99.8,4090.0,394.1,975.9,734.3,997.1,792.3,1112.8,3017.8,2448.2,960.7,772.2,1035.2,1003.7,788.4,714.4,693.4,697.4,692.1,805.5,1010.1,1088.9,845.2,1089.7,14.9,6.6,0.4,1.3,0.0,1.2,49.8,76.3,0.0,1.2,4.6,2.8,0.0,3.7,0.0,1.7,1.2,11.2,35.8,63.2,37.4,76.3,14.9,100.0,16.7,5.5,0.0,1.9,0.0,0.0,86.6,139.8,0.0,0.0,5.2,3.9,0.0,2.0,0.1,0.3,0.1,6.7,21.8,37.5,22.2,16.7,16.6,14.0,14.0,47.0,47.0,14.0,8.0,11.0,11.0,11.0,11.0,11.0,11.0,11.0,11.0,41.0,62,63,63,64,64,58,62,61,61,61,61,64,64,64,64,38,37,37,36,36,42,38,39,39,39,39,36,36,36,36,75,64,No,No,No,No,No,No,No,No,No,No,No,No,No,No,No,No,No,No,No,No,No,No,No,No,No,No,No,No,No,No,No,No,No,No,No,No,No,No,No,No,No,No,No,No,No,No,No,No,77,77,66,1.100,10.969,16.340,10.407,0.001,4.617,0.435,175.0,175.0,175.0,175.0,0,0.0,14.4,6.2,0.0,1.6,0.0,0.0,49.0,76.1,0.0,0.0,3.6,2.5,0.0,3.3,0.1,0.5,0.0,10.7,35.1,62.3,36.8,9.9,14.4,11.0,44.3,22.1,26.4,19.4,0.0,0.0,0.0,0.0,0.0,0.5,0.4,0.0,46.3,0.0,0.0,2.7,0.2,0.0,0.0,96.4,99.8,99.4,99.8,88.9,62.9,36.2,62.5,50.6,76.7,86.1,0.8,0.0,65.8,74.4,2394.1,24.00,36,35,35,68,103,383,2,2,Yes,No,No,No,No,No,No,No,No,No,Yes,No,No,Yes,No,No,No,No,No,No,No,Yes,No,No,No,No,No,Yes,No,No,No,No,No,No,No,Yes,No,No,85.0,4020,3240,3840,56.8,1.095,1.110,1.815,1.815,1.005,5.110,3.250,No,No,No,57.0,1.095,1.110,1.815,1.815,0.990,5.110,3.500,No,No,No,43,43,94.0,100.0,No,No,32159,47987,36,70,99.0,100.0,No,No,1844,3246,0.0,1.1,1.1,0.000,0.031,96121,52265,0.0,0.0,0.0,0.000,0.000,164001,82786,61.7,72.0,68.8,83.0,0.875,20.742,20.740,20.745,22.337,9.855,9.970,8.898,18.878,3.000,11.903,8.152,8.186,100.000,140.000,2250.0,2150.2,1890.0,2246.1,1905.0,1.0,0.0,0.0,0.0,85.7,12.4,49.6,0.0,0.0,0.0,Yes,No,No,No,No,Yes,No,0,0,0,0,0,0,0,0,0,0,0,0,0,0,0,0,0,0,0,0,0,0,0,0,0,0,0,0,0,0,1169,7019,6786,568,16.0,66,0.300,28.897,600.0,2394.0,0.1,0.0,0.0,0.0,0.0,0.0,0.0,0.0,0.8,127,16065,127,No,No,No,No,No,No,No,No,16.746,68.277,100.0,0.000,24.1,0,0,0,0.0,1.1,1.1,1.1,1.1,1.1,1.1,1.1,1.1,1.1,1.1,1.1,1.1,908.54,908.54,908.54,908.54,908.54,908.54,885.37,23.45,908.03,0.51,813.21,651,9,0.0,0.0,0,0,0.0,0.0,0,
9.6.2026,14:21:59.705,23865,24903,48.9,14025,18358,43.3,10.5,16384,1719,1.176,1.203,1.185,1.225,1.185,1.180,1.185,1.210,1.216,1.231,1.221,1.211,1.226,1.230,1.228,1.101,0.783,1966.6,1396.6,4688.5,4888.0,4688.5,4688.5,4688.5,1097.3,1097.3,1097.3,3591.2,1097.3,1097.3,1097.3,1097.3,99.8,4090.0,1059.3,592.3,96.9,773.2,299.3,291.0,2108.8,3964.0,278.4,180.8,791.4,600.1,169.1,168.7,156.8,142.1,127.5,281.3,616.3,675.5,672.6,671.3,29.4,18.9,0.0,25.9,0.0,26.5,60.9,85.7,0.0,25.0,20.2,14.0,0.0,8.3,6.9,5.1,5.8,18.3,45.5,52.6,52.1,85.7,23.6,100.0,45.7,24.6,3.8,31.4,30.4,42.8,116.2,94.8,36.8,29.6,40.4,39.0,30.2,38.3,37.1,37.3,36.9,43.0,54.3,58.3,45.4,45.7,19.7,14.0,14.0,47.0,47.0,21.0,45.0,11.0,11.0,11.0,11.0,11.0,11.0,11.0,11.0,41.0,64,64,67,65,67,62,63,62,62,62,62,64,64,64,64,36,36,33,35,33,38,37,38,38,38,38,36,36,36,36,76,67,No,No,No,No,No,No,No,No,No,No,No,No,No,No,No,No,No,No,No,No,No,No,No,No,No,No,No,No,No,No,Yes,Yes,Yes,Yes,Yes,Yes,Yes,Yes,Yes,Yes,Yes,Yes,Yes,Yes,Yes,No,No,Yes,76,66,64,1.100,11.813,30.996,24.355,0.001,5.120,0.635,175.0,175.0,175.0,175.0,0,0.0,32.7,26.8,19.1,29.2,20.9,27.4,68.1,56.6,24.1,20.1,28.4,26.0,20.6,27.8,25.9,26.8,25.6,33.4,51.5,59.0,36.8,7.8,9.6,10.1,18.0,20.8,17.3,13.7,1.9,2.5,2.3,1.2,5.4,2.1,2.2,2.1,35.9,0.0,3.5,3.7,7.7,1.3,0.0,69.5,71.0,70.3,72.7,60.5,44.8,37.3,60.0,38.3,60.7,54.1,2.1,7.8,48.8,56.5,997.6,10.00,22,15,15,28,103,160,2,2,Yes,No,No,No,No,No,No,No,No,Yes,Yes,No,No,Yes,No,No,No,No,No,No,No,Yes,No,No,No,No,No,Yes,No,No,No,No,No,No,No,Yes,No,No,85.0,4380,3180,4080,57.0,1.095,1.110,1.815,1.815,1.005,5.110,1.125,No,No,No,57.2,1.095,1.110,1.815,1.815,1.005,5.110,0.875,No,No,No,43,43,94.0,100.0,No,No,32159,47987,36,70,99.0,100.0,No,No,1844,3246,0.1,1.2,1.3,0.002,0.072,96121,52265,0.0,0.0,0.0,0.000,0.000,164001,82786,68.8,72.0,73.5,83.0,0.875,20.618,20.605,20.630,34.761,32.814,38.071,22.913,61.066,3.000,25.909,44.732,34.004,100.000,140.000,2250.0,2150.2,1890.0,2223.4,1905.0,88.0,56.0,0.0,1.0,93.4,19.5,78.0,0.0,0.0,0.0,Yes,No,No,No,No,Yes,No,0,0,0,0,0,0,0,0,0,0,0,0,0,0,0,0,0,0,0,0,0,0,0,0,0,0,0,0,0,0,539,7649,7416,566,16.0,65,0.300,26.760,600.0,997.0,0.1,0.0,0.0,0.0,0.0,0.0,0.0,0.0,0.8,127,16065,127,No,No,No,No,No,No,No,No,16.746,68.277,100.0,0.000,24.1,0,0,0,0.0,2.0,2.0,2.0,2.0,2.0,2.0,1.9,1.9,1.9,1.9,1.9,1.9,512.74,512.74,512.74,512.74,512.74,512.74,0.51,512.35,512.74,0.00,501.19,651,9,0.3,0.1,0,0,0.0,0.0,0,
9.6.2026,14:22:1.710,23865,24903,48.9,14025,18358,43.3,10.5,16384,1719,1.210,1.203,1.185,1.225,1.185,1.180,1.185,1.210,1.216,1.231,1.221,1.211,1.226,1.230,1.228,1.101,0.783,2593.7,1396.6,4688.5,4888.0,4688.5,4688.5,4688.5,1097.3,1097.3,1097.3,3591.2,1097.3,1097.3,1097.3,1097.3,99.8,4090.0,649.3,592.3,96.9,773.2,299.3,291.0,2108.8,3964.0,278.4,180.8,791.4,600.1,169.1,168.7,156.8,142.1,127.5,281.3,616.3,675.5,672.6,671.3,23.6,18.9,0.0,25.9,0.0,26.5,60.9,85.7,0.0,25.0,20.2,14.0,0.0,8.3,6.9,5.1,5.8,18.3,45.5,52.6,52.1,85.7,23.6,100.0,27.6,24.6,3.8,31.4,11.4,11.2,84.1,152.6,10.8,6.9,31.8,24.0,6.5,9.1,8.5,7.7,6.9,15.1,33.1,36.1,35.7,27.6,26.0,14.0,47.0,49.0,47.0,47.0,47.0,11.0,11.0,11.0,36.0,11.0,11.0,11.0,11.0,41.0,63,62,63,64,66,62,61,61,61,61,61,65,65,65,65,37,38,37,36,34,38,39,39,39,39,39,35,35,35,35,76,66,No,No,No,No,No,No,No,No,No,No,No,No,No,No,No,No,No,No,No,No,No,No,No,No,No,No,No,No,No,No,Yes,Yes,Yes,Yes,Yes,Yes,Yes,Yes,Yes,Yes,Yes,Yes,Yes,Yes,Yes,No,No,Yes,75,69,65,1.100,12.656,25.153,18.918,0.001,4.835,0.509,175.0,175.0,175.0,175.0,0,0.0,22.3,19.4,2.4,24.8,7.1,6.8,59.6,85.4,6.5,4.4,20.8,14.8,4.1,7.5,6.7,5.0,4.9,17.0,45.8,51.8,51.3,12.8,31.3,16.5,32.1,11.3,40.5,42.4,2.4,0.3,0.6,0.3,0.8,1.1,0.0,0.1,43.0,1.5,0.0,0.7,0.1,1.9,0.9,89.5,92.5,93.9,94.4,81.3,51.2,46.7,47.4,28.0,42.2,54.8,0.8,0.0,32.1,38.0,997.6,10.00,22,15,15,28,103,160,2,2,Yes,No,No,No,No,No,No,No,No,Yes,Yes,No,No,Yes,No,No,No,No,No,No,No,Yes,No,No,No,No,No,Yes,No,No,No,No,No,No,No,Yes,No,No,85.0,4380,3120,4320,57.0,1.110,1.110,1.815,1.815,1.005,5.110,0.875,No,No,No,57.2,1.110,1.110,1.815,1.815,1.005,5.110,0.750,No,No,No,43,43,94.0,100.0,No,No,32159,47987,36,70,99.0,100.0,No,No,1844,3246,0.1,0.8,0.9,0.002,0.258,96121,52265,0.0,0.0,0.0,0.000,0.000,164001,82786,66.2,72.0,70.5,83.0,0.875,20.728,20.724,20.732,54.127,11.170,13.885,9.160,23.054,3.000,12.168,8.432,8.491,100.000,140.000,2250.0,2150.2,1890.0,2237.1,1905.0,20.0,1.0,0.0,2.0,92.5,25.0,100.0,0.0,0.0,0.0,Yes,No,No,No,No,Yes,No,0,0,0,0,0,0,0,0,0,0,0,0,0,0,0,0,0,0,0,0,0,0,0,0,0,0,0,0,0,0,617,7571,7338,567,16.0,65,0.300,17.445,600.0,997.0,0.1,0.0,0.0,0.0,0.0,0.0,0.0,0.0,0.8,127,16065,127,No,No,No,No,No,No,No,No,16.746,68.277,100.0,0.000,24.1,0,0,0,0.0,1.4,4.1,0.9,0.9,0.9,0.9,1.5,4.5,0.9,0.9,0.9,0.9,696.40,1149.40,243.41,235.09,1158.64,1158.64,0.68,695.89,696.40,0.00,745.21,651,9,0.0,0.0,0,0,0.0,0.0,0,
9.6.2026,14:22:3.715,23716,25052,48.6,14058,18326,43.4,10.5,16384,1719,1.213,1.214,1.179,1.234,1.189,1.204,1.189,1.229,1.239,1.194,1.194,1.186,1.186,1.186,1.229,1.101,0.778,2194.6,4688.5,4489.0,4888.0,4688.5,4688.5,4688.5,1097.3,3591.2,3591.2,3591.2,1097.3,1097.3,1097.3,1097.3,99.8,4090.0,417.6,208.7,0.3,122.6,0.3,0.7,3383.4,2103.7,0.4,0.7,166.3,93.9,0.4,50.9,39.0,20.6,14.6,147.5,473.4,654.5,399.3,387.9,19.0,10.8,22.7,6.2,2.1,0.0,74.3,46.1,26.3,0.0,7.9,2.7,26.3,3.7,3.4,1.7,1.1,13.0,42.5,59.0,36.0,74.3,19.3,100.0,18.0,10.0,0.0,5.9,0.0,0.1,131.0,84.1,0.0,0.1,8.1,4.4,0.0,2.8,2.1,1.1,0.8,8.0,25.6,35.1,21.5,17.0,22.0,47.0,14.0,49.0,49.0,14.0,47.0,11.0,11.0,11.0,11.0,11.0,11.0,11.0,11.0,41.0,62,63,63,63,66,61,58,61,61,61,61,64,64,64,64,38,37,37,37,34,39,42,39,39,39,39,36,36,36,36,75,66,No,No,No,No,No,No,No,No,No,No,No,No,No,No,No,No,No,No,No,No,No,No,No,No,No,No,No,No,No,No,No,No,No,No,No,No,No,No,No,No,No,No,No,No,No,No,No,No,75,64,64,1.100,10.125,17.672,11.680,0.001,4.668,0.441,175.0,175.0,175.0,175.0,0,0.0,15.9,12.3,0.0,8.4,0.0,0.0,73.2,54.1,0.0,0.0,6.0,5.4,0.0,4.2,0.8,0.2,0.1,12.6,42.9,56.2,40.5,12.5,17.8,17.2,22.7,40.6,32.8,43.4,0.0,0.0,0.0,0.0,0.0,0.9,0.0,0.0,45.6,0.0,0.0,0.7,0.6,0.0,0.0,95.5,98.9,99.6,99.8,86.9,54.6,42.6,58.7,39.7,64.2,70.4,0.5,0.1,56.5,46.6,2394.1,24.00,36,35,35,68,103,383,2,2,Yes,No,No,No,No,No,No,No,No,No,Yes,No,No,Yes,No,No,No,No,No,No,No,Yes,No,No,No,No,No,Yes,No,No,No,No,No,No,No,Yes,No,No,85.0,4440,3120,4320,57.0,1.110,1.110,1.815,1.815,1.005,5.110,0.875,No,No,No,57.2,1.110,1.110,1.815,1.815,1.005,5.110,0.750,No,No,No,43,43,94.0,100.0,No,No,32159,47987,36,70,99.0,100.0,No,No,1844,3246,0.0,1.4,1.4,0.000,0.082,96121,52265,0.0,0.0,0.0,0.000,0.000,164001,82786,68.1,76.0,72.6,83.0,0.875,20.699,20.691,20.708,61.109,16.485,23.751,14.277,38.081,3.000,17.254,9.156,9.874,100.000,140.000,2250.0,2150.2,1890.0,2235.6,1905.0,82.0,37.0,0.0,0.0,92.5,25.0,100.0,0.0,0.0,0.0,Yes,No,No,No,No,Yes,No,0,0,0,0,0,0,0,0,0,0,0,0,0,0,0,0,0,0,0,0,0,0,0,0,0,0,0,0,0,0,617,7571,7338,567,16.0,66,0.300,17.775,550.0,2394.0,0.1,0.0,0.0,0.0,0.0,0.0,0.0,0.0,0.8,127,16065,127,No,No,No,No,No,No,No,No,16.746,68.277,100.0,0.000,24.1,0,0,0,0.0,2.0,3.2,1.4,1.4,1.4,1.4,2.0,3.4,1.4,1.4,1.4,1.4,510.43,703.59,317.27,313.72,707.54,707.54,0.67,509.73,510.43,0.00,382.70,651,9,0.4,0.0,0,0,0.0,0.0,0,
9.6.2026,14:22:5.703,23716,25052,48.6,14058,18326,43.4,10.5,16384,1719,1.204,1.214,1.179,1.234,1.189,1.204,1.189,1.229,1.239,1.194,1.194,1.186,1.186,1.186,1.229,1.101,0.778,3170.8,4688.5,4489.0,4888.0,4688.5,4688.5,4688.5,1097.3,3591.2,3591.2,3591.2,1097.3,1097.3,1097.3,1097.3,99.8,4090.0,394.1,208.7,0.3,122.6,0.3,0.7,3383.4,2103.7,0.4,0.7,166.3,93.9,0.4,50.9,39.0,20.6,14.6,147.5,473.4,654.5,399.3,387.9,19.3,10.8,22.7,6.2,2.1,0.0,74.3,46.1,26.3,0.0,7.9,2.7,26.3,3.7,3.4,1.7,1.1,13.0,42.5,59.0,36.0,74.3,19.3,100.0,17.0,10.0,0.0,5.9,0.0,0.1,131.0,84.1,0.0,0.1,8.1,4.4,0.0,2.8,2.1,1.1,0.8,8.0,25.6,35.1,21.5,17.0,31.8,47.0,45.0,49.0,47.0,47.0,47.0,11.0,36.0,36.0,36.0,11.0,11.0,11.0,11.0,41.0,62,61,61,65,58,61,63,61,61,61,61,64,64,64,64,38,39,39,35,42,39,37,39,39,39,39,36,36,36,36,75,65,No,No,No,No,No,No,No,No,No,No,No,No,No,No,No,No,No,No,No,No,No,No,No,No,No,No,No,No,No,No,No,No,No,No,No,No,No,No,No,No,No,No,No,No,No,No,No,No,75,67,64,1.100,10.969,16.910,10.962,0.001,4.625,0.436,175.0,175.0,175.0,175.0,0,0.0,15.3,10.9,0.0,6.3,0.0,0.0,73.6,46.0,0.0,0.0,6.0,3.1,0.0,4.6,3.5,1.9,1.3,13.0,42.0,58.5,35.7,11.3,14.2,7.4,23.4,48.3,33.6,27.4,0.0,0.0,0.0,0.0,0.0,2.6,0.3,1.4,45.2,0.0,0.0,0.6,1.3,0.0,0.0,95.0,96.2,97.9,98.5,86.5,54.0,40.1,62.2,45.5,70.1,83.2,0.0,0.1,54.8,64.9,2394.1,24.00,36,35,35,68,103,383,2,2,Yes,No,No,No,No,No,No,No,No,No,Yes,No,No,Yes,No,No,No,No,No,No,No,Yes,No,No,No,No,No,Yes,No,No,No,No,No,No,No,Yes,No,No,85.0,4200,3180,4020,57.0,1.110,1.110,1.815,1.815,1.005,5.110,1.000,No,No,No,57.2,1.110,1.110,1.800,1.815,1.005,5.110,0.750,No,No,No,43,43,94.0,100.0,No,No,32159,47987,36,70,99.0,100.0,No,No,1844,3246,0.0,0.8,0.8,0.000,0.024,96121,52265,0.0,0.0,0.0,0.000,0.000,164001,82786,70.3,76.0,75.2,83.0,0.875,20.644,20.631,20.656,62.516,29.657,35.599,22.344,58.024,3.000,25.326,37.191,26.112,100.000,140.000,2250.0,2150.2,1890.0,2235.7,1905.0,87.0,47.0,0.0,0.0,92.5,24.2,96.7,0.0,0.0,0.0,Yes,No,No,No,No,Yes,No,0,0,0,0,0,0,0,0,0,0,0,0,0,0,0,0,0,0,0,0,0,0,0,0,0,0,0,0,0,0,617,7571,7338,567,16.0,65,0.300,15.519,600.0,2394.0,0.1,0.0,0.0,0.0,0.0,0.0,0.0,0.0,0.8,127,16065,127,No,No,No,No,No,No,No,No,16.746,68.277,100.0,0.000,24.1,0,0,0,0.0,2.0,3.2,1.4,1.4,1.4,1.4,2.0,3.4,1.4,1.4,1.4,1.4,510.43,703.59,317.27,313.72,707.54,707.54,0.67,509.73,510.43,0.00,382.70,651,9,0.0,0.2,0,0,0.0,0.0,0,
9.6.2026,14:22:7.712,23721,25046,48.6,14088,18296,43.5,10.5,16384,1719,1.211,1.218,1.205,1.230,1.210,1.185,1.228,1.213,1.228,1.212,1.212,1.212,1.225,1.212,1.163,1.101,0.783,2194.6,1396.6,4688.5,4888.0,4888.0,1396.6,4688.5,1097.3,1097.3,1097.3,1097.3,1097.3,1097.3,1097.3,1097.3,99.8,4090.0,402.9,166.3,0.3,86.3,0.2,0.8,2136.3,3501.6,0.2,0.7,118.7,88.7,0.2,50.0,46.7,5.9,3.7,191.1,543.4,624.0,493.8,387.9,15.7,7.5,0.0,2.9,0.0,0.0,48.3,73.4,0.0,0.0,4.1,3.9,0.0,5.6,3.9,0.1,0.0,16.1,48.4,55.5,44.5,73.4,15.7,100.0,17.2,7.3,0.0,3.7,0.0,0.1,83.4,134.7,0.0,0.0,5.8,4.3,0.0,2.7,2.5,0.3,0.2,10.3,29.2,33.4,26.3,17.2,22.0,14.0,47.0,49.0,49.0,14.0,47.0,11.0,11.0,11.0,11.0,11.0,11.0,11.0,11.0,41.0,62,59,59,63,66,59,61,61,61,61,61,64,64,64,64,38,41,41,37,34,41,39,39,39,39,39,36,36,36,36,76,66,No,No,No,No,No,No,No,No,No,No,No,No,No,No,No,No,No,No,No,No,No,No,No,No,No,No,No,No,No,No,No,No,No,No,No,No,No,No,No,No,No,No,No,No,No,No,No,No,76,68,64,1.100,8.438,15.584,9.618,0.001,4.647,0.436,175.0,175.0,175.0,175.0,0,0.0,15.7,7.8,0.0,2.5,0.0,0.0,48.0,73.4,0.0,0.0,4.6,2.8,0.0,4.5,4.2,0.5,0.3,17.0,48.4,55.4,44.0,8.9,17.5,7.3,41.5,21.4,23.7,12.6,0.0,0.0,0.0,0.0,0.0,0.2,0.1,0.0,44.8,0.0,0.0,3.3,3.2,0.0,0.0,95.1,95.5,99.3,99.5,82.5,49.9,43.3,55.2,51.9,71.8,88.5,4.2,0.1,66.6,80.5,2394.1,24.00,36,35,35,68,103,383,2,2,Yes,No,No,No,No,No,No,No,No,No,Yes,No,No,Yes,No,No,No,No,No,No,No,Yes,No,No,No,No,No,Yes,No,No,No,No,No,No,No,Yes,No,No,85.0,4140,3300,3960,57.0,1.110,1.110,1.815,1.815,1.005,5.110,0.750,No,No,No,57.2,1.110,1.110,1.815,1.800,1.005,5.110,0.625,No,No,No,43,43,94.0,100.0,No,No,32159,47987,36,70,99.0,100.0,No,No,1844,3246,1.1,1.5,2.5,1.699,0.085,96124,52266,0.0,0.0,0.0,0.000,0.000,164001,82786,70.3,78.0,75.3,83.0,0.875,20.638,20.623,20.652,64.364,27.261,38.425,22.541,61.048,3.000,25.532,9.260,31.022,100.000,140.000,2250.0,2150.2,1890.0,2236.4,1905.0,87.0,54.0,0.0,1.0,92.5,25.0,100.0,0.0,0.0,0.0,Yes,No,No,No,No,Yes,No,0,0,0,0,0,0,0,0,0,0,0,0,0,0,0,0,0,0,0,0,0,0,0,0,0,0,0,0,0,0,617,7571,7338,567,16.0,64,0.300,15.997,550.0,2394.0,0.1,0.0,0.0,0.0,0.0,0.0,0.0,0.0,0.8,127,16065,127,No,No,No,No,No,No,No,No,16.746,68.277,100.0,0.000,24.1,0,0,0,0.0,2.0,3.2,1.4,1.4,1.4,1.4,2.0,3.4,1.4,1.4,1.4,1.4,510.43,703.59,317.27,313.72,707.54,707.54,0.67,509.73,510.43,0.00,382.70,651,9,0.2,0.1,0,0,0.0,0.0,0,
9.6.2026,14:22:9.704,23728,25040,48.6,14176,18208,43.7,10.5,16384,1719,1.185,1.175,1.140,1.130,1.187,1.183,1.183,1.194,1.194,1.194,1.194,1.198,1.234,1.193,1.196,1.063,0.783,1973.7,2194.6,4489.0,1396.6,4688.5,1396.6,4688.5,1097.3,1097.3,1097.3,1097.3,1097.3,1097.3,1097.3,1097.3,99.8,3890.5,393.1,112.4,0.2,133.6,0.1,0.7,2248.3,3503.7,0.3,0.6,133.2,75.6,0.3,37.1,12.1,5.6,0.6,120.0,473.7,660.3,342.7,391.5,15.0,6.0,0.0,4.5,0.0,1.4,50.0,73.8,0.0,1.4,5.0,3.0,0.0,4.0,2.5,1.9,1.4,11.7,42.9,59.7,31.0,73.8,15.0,100.0,16.6,4.8,0.0,5.7,0.0,0.1,88.2,135.0,0.0,0.0,6.4,3.8,0.0,2.0,0.7,0.3,0.1,6.3,25.6,35.2,18.5,16.6,19.8,22.0,45.0,14.0,47.0,14.0,47.0,11.0,11.0,11.0,11.0,11.0,11.0,11.0,11.0,39.0,63,63,63,64,64,63,62,61,61,61,61,64,64,65,64,37,37,37,36,36,37,38,39,39,39,39,36,36,35,36,75,65,No,No,No,No,No,No,No,No,No,No,No,No,No,No,No,No,No,No,No,No,No,No,No,No,No,No,No,No,No,No,No,No,No,No,No,No,No,No,No,No,No,No,No,No,No,No,No,No,75,68,64,1.100,11.813,15.983,10.053,0.001,4.606,0.436,175.0,175.0,175.0,175.0,0,0.0,14.3,5.4,0.0,3.9,0.0,0.0,49.3,73.6,0.0,0.0,4.6,2.6,0.0,3.4,1.1,0.5,0.1,10.7,42.0,59.1,30.6,9.6,8.7,7.1,43.4,24.5,36.1,15.0,0.0,0.0,0.0,0.0,0.0,0.2,0.0,0.0,46.5,0.0,0.0,2.7,0.1,0.0,0.0,96.4,98.7,99.3,99.8,88.9,56.4,39.9,68.7,50.8,83.8,87.7,1.5,0.0,54.0,77.6,2394.1,24.00,36,35,35,68,103,383,2,2,Yes,No,No,No,No,No,No,No,No,No,Yes,No,No,Yes,No,No,No,No,No,No,No,Yes,No,No,No,No,No,Yes,No,No,No,No,No,No,No,Yes,No,No,85.0,4080,3300,3960,57.0,1.110,1.110,1.815,1.815,0.990,5.110,0.750,No,No,No,57.2,1.110,1.110,1.815,1.815,1.005,5.110,0.625,No,No,No,43,43,94.0,100.0,No,No,32159,47987,36,70,99.0,100.0,No,No,1844,3246,0.0,0.8,0.8,0.000,0.016,96124,52266,0.0,0.0,0.0,0.000,0.000,164001,82786,70.4,76.0,75.6,83.0,0.875,20.626,20.610,20.641,58.899,29.644,38.652,24.567,63.285,3.000,27.556,20.762,29.688,100.000,140.000,2250.0,2150.2,1890.0,2236.3,1905.0,88.0,60.0,0.0,0.0,92.5,25.0,100.0,0.0,0.0,0.0,Yes,No,No,No,No,Yes,No,0,0,0,0,0,0,0,0,0,0,0,0,0,0,0,0,0,0,0,0,0,0,0,0,0,0,0,0,0,0,617,7571,7338,567,16.0,64,0.300,15.933,600.0,2394.0,0.1,0.0,0.0,0.0,0.0,0.0,0.0,0.0,0.8,127,16065,127,No,No,No,No,No,No,No,No,16.746,68.277,100.0,0.000,24.1,0,0,0,0.0,2.0,3.2,1.4,1.4,1.4,1.4,2.0,3.4,1.4,1.4,1.4,1.4,510.43,703.59,317.27,313.72,707.54,707.54,0.67,509.73,510.43,0.00,382.70,651,9,0.0,0.0,0,0,0.0,0.0,0,
9.6.2026,14:22:11.711,23729,25039,48.6,14194,18189,43.8,10.5,16384,1719,1.205,1.195,1.189,1.189,1.209,1.184,1.199,1.209,1.212,1.212,1.212,1.192,1.228,1.213,1.231,1.101,0.781,2636.4,4489.0,4688.5,4688.5,4888.0,4688.5,4688.5,1097.3,1097.3,1097.3,1097.3,1097.3,1097.3,1097.3,1097.3,99.8,4090.0,375.6,130.7,0.2,37.9,0.2,0.9,3522.9,1892.2,0.3,0.6,149.5,72.9,0.3,51.1,6.4,0.6,0.5,157.4,462.9,613.7,411.3,366.7,14.1,6.2,0.0,0.1,0.0,0.0,75.9,41.0,0.0,0.0,5.5,1.7,0.0,4.6,0.3,0.0,0.0,14.3,40.9,55.4,37.1,75.9,14.1,100.0,16.1,5.7,0.0,1.8,0.0,0.1,135.8,75.6,0.0,0.0,6.9,3.7,0.0,2.7,0.2,0.1,0.0,8.6,24.8,33.0,22.0,16.1,26.4,45.0,47.0,47.0,49.0,47.0,47.0,11.0,11.0,11.0,11.0,11.0,11.0,11.0,11.0,41.0,63,63,63,63,66,62,60,63,61,61,61,64,64,64,63,37,37,37,37,34,38,40,37,39,39,39,36,36,36,37,75,66,No,No,No,No,No,No,No,No,No,No,No,No,No,No,No,No,No,No,No,No,No,No,No,No,No,No,No,No,No,No,No,No,No,No,No,No,No,No,No,No,No,No,No,No,No,No,No,No,75,67,64,1.100,7.594,15.872,9.959,0.001,4.596,0.433,175.0,175.0,175.0,175.0,0,0.0,14.2,6.2,0.0,1.7,0.0,0.0,75.0,40.9,0.0,0.0,5.6,2.6,0.0,4.6,0.6,0.1,0.0,13.9,40.9,54.6,36.7,10.5,9.7,5.1,22.6,52.0,34.9,22.3,0.0,0.0,0.0,0.0,0.0,0.3,0.2,0.0,46.1,0.0,0.0,0.4,1.1,0.0,0.0,95.1,99.3,99.8,99.8,85.6,57.5,44.2,62.6,50.2,81.8,92.0,0.2,1.9,54.8,70.7,997.6,10.00,22,15,15,28,103,160,2,2,Yes,No,No,No,No,No,No,No,No,No,Yes,No,No,No,No,No,No,No,No,No,No,No,No,No,No,No,No,Yes,No,No,No,No,No,No,No,Yes,No,No,83.0,4020,3300,3840,57.0,1.110,1.110,1.815,1.815,0.990,5.110,1.250,No,No,No,57.2,1.110,1.110,1.815,1.815,0.990,5.110,0.875,No,No,No,43,43,94.0,100.0,No,No,32159,47987,36,70,99.0,100.0,No,No,1844,3246,0.0,0.5,0.5,0.000,0.173,96124,52266,0.0,0.0,0.0,0.000,0.000,164001,82786,70.9,78.0,76.2,83.0,0.875,20.622,20.606,20.638,61.934,33.398,41.710,25.633,67.425,3.000,28.630,32.914,34.477,100.000,140.000,2250.0,2150.2,1890.0,2236.3,1905.0,94.0,64.0,0.0,0.0,92.5,24.8,99.3,0.0,0.0,0.0,Yes,No,No,No,No,Yes,No,0,0,0,0,0,0,0,0,0,0,0,0,0,0,0,0,0,0,0,0,0,0,0,0,0,0,0,0,0,0,617,7571,7338,567,16.0,65,0.300,15.937,550.0,997.0,0.1,0.0,0.0,0.0,0.0,0.0,0.0,0.0,0.8,127,16065,127,No,No,No,No,No,No,No,No,16.746,68.277,100.0,0.000,24.1,0,0,0,0.0,1.0,1.0,1.0,1.0,1.0,1.0,1.0,1.0,1.0,1.0,1.0,1.0,1008.66,1008.66,1008.66,1008.66,1008.66,1008.66,971.13,38.03,1008.30,0.36,523.64,651,9,0.1,0.1,0,0,0.0,0.0,0,
9.6.2026,14:22:13.708,23729,25038,48.6,14190,18193,43.8,10.5,16384,1719,1.213,1.194,1.177,1.216,1.216,1.186,1.231,1.209,1.209,1.209,1.229,1.233,1.213,1.230,1.229,1.101,0.783,2180.4,4688.5,1396.6,1396.6,4888.0,4688.5,4688.5,1097.3,1097.3,1097.3,1097.3,1097.3,1097.3,1097.3,1097.3,99.8,4090.0,382.9,127.7,0.3,30.0,0.1,0.6,2227.1,3411.6,0.2,0.6,89.7,71.6,0.1,27.4,8.3,0.4,0.4,95.7,443.5,722.9,399.4,374.8,17.4,5.7,32.4,0.8,32.4,0.4,50.1,71.2,0.0,0.4,2.9,2.6,0.0,0.7,0.0,0.4,0.4,8.1,39.6,64.8,35.0,71.2,17.4,100.0,16.2,5.6,0.0,1.4,0.0,0.1,87.1,131.0,0.0,0.0,4.4,3.5,0.0,1.5,0.6,0.0,0.0,5.2,24.1,38.4,21.1,16.2,21.9,47.0,14.0,14.0,49.0,47.0,47.0,11.0,11.0,11.0,11.0,11.0,11.0,11.0,11.0,41.0,62,61,63,62,66,61,60,61,61,61,61,64,65,65,62,38,39,37,38,34,39,40,39,39,39,39,36,35,35,38,74,66,No,No,No,No,No,No,No,No,No,No,No,No,No,No,No,No,No,No,No,No,No,No,No,No,No,No,No,No,No,No,No,No,No,No,No,No,No,No,No,No,No,No,No,No,No,No,No,No,75,67,64,1.100,5.906,15.457,9.573,0.001,4.567,0.433,175.0,175.0,175.0,175.0,0,0.0,14.3,6.1,0.0,1.2,0.0,0.0,49.8,71.3,0.0,0.0,3.4,2.4,0.0,2.5,0.7,0.0,0.0,8.4,39.3,64.7,35.4,8.8,12.6,5.0,43.6,25.8,20.7,14.9,0.0,0.0,0.0,0.0,0.0,0.3,0.4,0.0,46.1,0.0,0.0,1.5,0.8,0.0,0.0,97.3,99.1,99.9,99.9,91.2,58.9,33.7,64.0,53.9,78.6,92.6,2.0,0.4,71.4,78.7,1795.6,18.00,26,26,26,51,103,287,2,2,Yes,No,No,No,No,No,No,No,No,No,Yes,No,No,Yes,No,No,No,No,No,No,No,Yes,No,No,No,No,No,Yes,No,No,No,No,No,No,No,Yes,No,No,84.0,3900,3240,3780,57.0,1.095,1.110,1.815,1.815,0.990,5.110,0.750,No,No,No,57.2,1.110,1.110,1.815,1.815,0.990,5.110,0.500,No,No,No,43,43,94.0,100.0,No,No,32159,47987,36,70,99.0,100.0,No,No,1844,3246,0.0,1.2,1.2,0.000,0.079,96124,52266,0.0,0.0,0.0,0.000,0.000,164001,82786,67.5,76.0,72.4,83.0,0.875,20.710,20.703,20.718,66.431,16.288,23.083,14.016,37.147,3.000,17.007,9.706,10.058,100.000,140.000,2250.0,2150.2,1890.0,2234.6,1905.0,84.0,47.0,0.0,0.0,92.5,6.9,27.7,0.0,0.0,0.0,Yes,No,No,No,No,Yes,No,0,0,0,0,0,0,0,0,0,0,0,0,0,0,0,0,0,0,0,0,0,0,0,0,0,0,0,0,0,0,617,7571,7338,567,16.0,65,0.300,15.062,600.0,1795.0,0.1,0.0,0.0,0.0,0.0,0.0,0.0,0.0,0.8,127,16065,127,No,No,No,No,No,No,No,No,16.746,68.277,100.0,0.000,24.1,0,0,0,0.0,0.7,0.7,0.7,0.7,0.7,0.7,0.7,0.7,0.7,0.7,0.7,0.7,1419.72,1419.72,1419.72,1419.72,1419.72,1419.72,1.03,1417.24,1419.72,0.00,1374.11,651,9,0.0,0.0,0,0,0.0,0.0,0,
9.6.2026,14:22:15.710,23727,25040,48.6,14194,18189,43.8,10.5,16384,1719,1.208,1.201,1.185,1.175,1.210,1.187,1.232,1.222,1.211,1.221,1.221,1.211,1.211,1.211,1.214,1.101,0.783,3185.1,4688.5,4688.5,4688.5,4888.0,4688.5,4688.5,3591.2,1097.3,3591.2,3591.2,1097.3,1097.3,1097.3,1097.3,99.8,4090.0,385.0,154.7,0.4,154.1,0.4,2243.1,120.1,3034.2,0.3,9.1,6.0,65.4,0.3,54.8,37.9,11.8,0.8,303.3,215.3,599.7,689.3,368.3,19.4,7.8,0.0,5.6,0.0,48.0,3.1,65.6,43.4,0.0,0.0,1.2,40.0,5.3,3.1,1.4,0.4,27.3,19.6,54.1,62.4,65.6,19.4,100.0,16.6,7.1,0.0,6.9,0.0,87.4,4.9,117.7,0.0,0.4,0.3,3.4,0.0,3.0,2.1,0.7,0.1,16.3,11.6,32.3,36.9,16.6,31.9,47.0,47.0,47.0,49.0,47.0,47.0,36.0,11.0,36.0,36.0,11.0,11.0,11.0,11.0,41.0,62,63,61,68,59,61,60,61,61,61,61,62,62,62,62,38,37,39,32,41,39,40,39,39,39,39,38,38,38,38,75,68,No,No,No,No,No,No,No,No,No,No,No,No,No,No,No,No,No,No,No,No,No,No,No,No,No,No,No,No,No,No,No,No,No,No,No,No,No,No,No,No,No,No,No,No,No,No,No,No,75,68,64,1.100,5.906,15.673,9.780,0.001,4.574,0.433,175.0,175.0,175.0,175.0,0,0.0,15.1,7.4,0.0,5.3,0.0,47.6,2.6,64.7,0.0,0.3,0.3,2.5,0.0,4.9,3.4,1.1,0.1,26.8,19.2,53.5,61.7,10.4,21.4,23.0,45.0,31.9,1.8,22.0,0.0,0.0,0.0,0.0,0.0,0.0,0.5,0.1,44.7,0.0,0.0,1.5,0.8,0.0,0.0,94.7,96.3,98.8,99.8,72.3,80.3,44.4,37.0,50.7,66.6,68.3,0.8,0.3,96.8,71.3,997.6,10.00,22,15,15,28,103,160,2,2,Yes,No,No,No,No,No,No,No,No,No,Yes,No,No,Yes,No,No,No,No,No,No,No,Yes,No,No,No,No,No,Yes,No,No,No,No,No,No,No,Yes,No,No,85.0,3840,3240,3780,57.0,1.095,1.110,1.815,1.815,0.990,5.110,0.750,No,No,No,57.2,1.095,1.110,1.815,1.815,0.990,5.110,0.875,No,No,No,43,43,94.0,100.0,No,No,32159,47987,36,70,99.0,100.0,No,No,1844,3246,0.0,0.5,0.5,0.000,0.020,96124,52266,0.0,0.0,0.0,0.000,0.000,164001,82786,69.7,78.0,75.0,83.0,0.875,20.646,20.632,20.659,59.388,30.528,35.994,22.839,58.899,3.000,25.820,35.032,32.115,100.000,140.000,2250.0,2150.2,1890.0,2237.1,1905.0,93.0,55.0,0.0,1.0,92.5,25.0,100.0,0.0,0.0,0.0,Yes,No,No,No,No,Yes,No,0,0,0,0,0,0,0,0,0,0,0,0,0,0,0,0,0,0,0,0,0,0,0,0,0,0,0,0,0,0,617,7571,7338,567,16.0,64,0.300,16.445,550.0,997.0,0.1,0.0,0.0,0.0,0.0,0.0,0.0,0.0,0.8,127,16065,127,No,No,No,No,No,No,No,No,16.745,68.277,100.0,0.000,24.1,0,0,0,0.0,0.7,0.7,0.7,0.7,0.7,0.7,0.7,0.7,0.7,0.7,0.7,0.7,1419.72,1419.72,1419.72,1419.72,1419.72,1419.72,1.03,1417.24,1419.72,0.00,1374.11,651,9,0.0,0.0,0,0,0.0,0.0,0,
9.6.2026,14:22:17.712,23730,25038,48.6,14249,18135,44.0,10.5,16384,1719,1.204,1.201,1.191,1.166,1.201,1.176,1.216,1.216,1.216,1.211,1.231,1.214,1.213,1.214,1.184,1.101,0.783,2415.5,4688.5,4688.5,4688.5,4888.0,4688.5,1396.6,1097.3,1097.3,1097.3,1097.3,1097.3,1097.3,1097.3,1097.3,99.8,4090.0,382.8,199.2,0.3,120.4,0.2,3419.7,20.8,2204.1,0.3,11.1,0.1,63.2,0.4,24.3,7.0,2.5,0.5,233.5,149.8,534.7,664.3,379.6,14.5,8.8,0.0,5.1,1.5,71.5,0.6,48.9,0.0,1.1,0.0,3.6,3.0,3.0,1.4,0.2,0.0,20.6,13.5,47.7,59.8,71.5,14.5,100.0,16.2,9.0,0.0,5.4,0.0,131.8,1.1,86.4,0.0,0.6,0.0,3.2,0.0,1.3,0.4,0.2,0.0,12.4,8.1,28.7,35.7,16.2,24.2,47.0,47.0,47.0,49.0,47.0,14.0,11.0,11.0,11.0,11.0,11.0,11.0,11.0,11.0,41.0,62,64,61,68,59,61,60,61,61,61,61,64,64,64,64,38,36,39,32,41,39,40,39,39,39,39,36,36,36,36,75,68,No,No,No,No,No,No,No,No,No,No,No,No,No,No,No,No,No,No,No,No,No,No,No,No,No,No,No,No,No,No,No,No,No,No,No,No,No,No,No,No,No,No,No,No,No,No,No,No,74,67,64,1.100,7.594,16.498,10.583,0.001,4.592,0.434,175.0,175.0,175.0,175.0,0,0.0,14.0,8.8,0.0,4.4,0.0,71.5,0.5,48.2,0.0,0.4,0.0,2.3,0.0,2.2,0.6,0.2,0.0,20.7,13.4,47.4,59.2,9.5,27.1,21.1,25.1,43.6,2.2,14.0,0.0,0.0,0.0,0.0,0.0,0.0,0.0,0.4,46.8,0.0,0.0,0.7,2.5,0.0,0.0,97.5,99.2,99.6,99.8,78.7,86.2,51.3,39.2,51.7,59.4,71.8,0.6,2.6,96.5,79.4,997.6,10.00,22,15,15,28,103,160,2,2,Yes,No,No,No,No,No,No,No,No,No,Yes,No,No,No,No,No,No,No,No,No,No,No,No,No,No,No,No,Yes,No,No,No,No,No,No,No,Yes,No,No,84.0,3960,3300,3780,57.0,1.095,1.110,1.800,1.815,0.990,5.110,0.750,No,No,No,57.2,1.095,1.110,1.800,1.815,0.990,5.110,0.750,No,No,No,43,43,94.0,100.0,No,No,32159,47987,36,70,99.0,100.0,No,No,1844,3246,0.0,1.0,1.0,0.000,0.035,96124,52266,0.0,0.0,0.0,0.000,0.000,164001,82786,71.3,76.0,76.7,83.0,0.875,20.650,20.637,20.663,59.046,30.364,38.668,20.699,59.447,3.000,23.678,33.792,33.265,100.000,140.000,2250.0,2150.2,1890.0,2237.1,1905.0,89.0,39.0,0.0,0.0,92.5,24.2,96.9,0.0,0.0,0.0,Yes,No,No,No,No,Yes,No,0,0,0,0,0,0,0,0,0,0,0,0,0,0,0,0,0,0,0,0,0,0,0,0,0,0,0,0,0,0,617,7571,7338,567,16.0,66,0.300,16.223,550.0,997.0,0.1,0.0,0.0,0.0,0.0,0.0,0.0,0.0,0.8,127,16065,127,No,No,No,No,No,No,No,No,16.746,68.277,100.0,0.000,24.1,0,0,0,0.0,1.0,1.0,1.0,1.0,1.0,1.0,1.0,1.0,1.0,1.0,1.0,1.0,994.82,994.82,994.82,994.82,994.82,994.82,0.99,994.42,994.82,0.00,569.78,651,9,0.1,0.1,0,0,0.0,0.0,0,
9.6.2026,14:22:19.700,23732,25036,48.6,14274,18110,44.0,10.5,16384,1719,1.201,1.218,1.193,1.182,1.168,1.213,1.198,1.198,1.198,1.203,1.203,1.203,1.203,1.214,1.214,1.063,0.778,2358.5,4688.5,4688.5,4688.5,4688.5,4688.5,798.0,1097.3,1097.3,1097.3,1097.3,1097.3,1097.3,1097.3,1097.3,99.8,3890.5,378.2,156.6,0.2,162.8,0.2,2585.8,20.7,2883.6,0.2,11.2,0.1,55.8,0.1,57.0,25.0,4.9,0.4,191.5,133.6,563.3,710.9,372.8,14.1,6.8,0.0,6.1,0.0,54.6,0.6,61.6,0.0,0.4,0.0,1.9,0.0,4.4,1.4,0.0,0.0,17.3,12.0,51.1,64.1,64.1,14.1,100.0,16.1,7.0,0.0,7.3,0.0,100.0,1.1,111.4,0.0,0.6,0.0,2.9,0.0,3.1,1.4,0.3,0.0,10.6,7.2,30.4,37.9,16.1,23.6,47.0,47.0,47.0,47.0,47.0,8.0,11.0,11.0,11.0,11.0,11.0,11.0,11.0,11.0,39.0,62,61,64,63,66,61,58,61,61,61,61,64,64,64,64,38,39,36,37,34,39,42,39,39,39,39,36,36,36,36,75,66,No,No,No,No,No,No,No,No,No,No,No,No,No,No,No,No,No,No,No,No,No,No,No,No,No,No,No,No,No,No,No,No,No,No,No,No,No,No,No,No,No,No,No,No,No,No,No,No,75,67,63,1.100,6.750,15.468,9.576,0.001,4.575,0.433,175.0,175.0,175.0,175.0,0,0.0,14.1,6.9,0.0,5.5,0.0,54.7,0.7,61.1,0.0,0.5,0.0,2.1,0.0,5.1,2.2,0.4,0.0,17.0,11.9,50.5,63.8,9.2,23.4,24.5,40.7,30.1,3.2,6.2,0.0,0.0,0.0,0.0,0.4,0.0,0.0,0.0,46.1,0.0,0.0,0.9,1.5,0.0,0.0,94.6,97.6,99.4,99.8,81.7,87.7,48.0,35.0,53.4,65.6,66.3,1.2,5.2,95.4,86.9,997.6,10.00,22,15,15,28,103,160,2,2,Yes,No,No,No,No,No,No,No,No,No,Yes,No,No,Yes,No,No,No,No,No,No,No,Yes,No,No,No,No,No,Yes,No,No,No,No,No,No,No,Yes,No,No,84.0,4020,3360,3840,57.0,1.095,1.110,1.800,1.815,0.990,5.110,0.875,No,No,No,57.2,1.095,1.110,1.800,1.815,0.990,5.110,0.875,No,No,No,43,43,94.0,100.0,No,No,32159,47987,36,70,99.0,100.0,No,No,1844,3246,0.0,0.8,0.8,0.000,0.017,96124,52266,0.0,0.0,0.0,0.000,0.000,164001,82786,71.3,78.0,76.4,83.0,0.875,20.635,20.621,20.650,58.784,28.385,39.005,23.838,62.900,3.000,26.818,10.349,32.788,100.000,140.000,2250.0,2150.2,1890.0,2236.4,1905.0,92.0,52.0,0.0,0.0,92.5,12.6,50.6,0.0,0.0,0.0,Yes,No,No,No,No,Yes,No,0,0,0,0,0,0,0,0,0,0,0,0,0,0,0,0,0,0,0,0,0,0,0,0,0,0,0,0,0,0,617,7571,7338,567,16.0,64,0.300,15.798,600.0,997.0,0.1,0.0,0.0,0.0,0.0,0.0,0.0,0.0,0.8,127,16065,127,No,No,No,No,No,No,No,No,16.746,68.277,100.0,0.000,24.1,0,0,0,0.0,1.1,1.1,1.1,1.1,1.1,1.1,1.1,1.1,1.1,1.1,1.1,1.1,942.44,942.44,942.44,942.44,942.44,942.44,1.07,941.18,942.44,0.00,362.52,651,9,0.0,0.0,0,0,0.0,0.0,0,
9.6.2026,14:22:21.715,23731,25037,48.6,14293,18090,44.1,10.5,16384,1719,1.213,1.205,1.190,1.185,1.190,1.190,1.197,1.227,1.227,1.232,1.232,1.226,1.226,1.226,1.229,1.101,0.783,2287.3,4688.5,1396.6,4688.5,4688.5,1396.6,1396.6,1097.3,1097.3,3591.2,3591.2,1097.3,1097.3,1097.3,1097.3,99.8,4090.0,377.9,172.2,0.3,195.0,0.2,2629.6,20.3,2801.9,0.3,7.4,0.1,55.0,0.2,22.4,1.0,0.7,0.4,223.9,188.4,487.9,749.8,369.2,21.2,8.2,28.4,5.8,42.0,55.9,0.5,60.9,18.9,0.2,19.4,1.2,30.0,2.7,0.7,0.7,0.7,19.9,16.7,43.5,67.3,67.3,21.2,100.0,16.1,8.0,0.0,8.4,0.0,102.3,1.0,109.0,0.0,0.4,0.0,2.9,0.0,1.2,0.1,0.1,0.0,12.2,10.1,26.3,40.1,16.1,22.9,47.0,14.0,47.0,47.0,14.0,14.0,11.0,11.0,36.0,36.0,11.0,11.0,11.0,11.0,41.0,62,63,59,63,66,59,58,61,61,61,61,64,64,64,64,38,37,41,37,34,41,42,39,39,39,39,36,36,36,36,75,66,No,No,No,No,No,No,No,No,No,No,No,No,No,No,No,No,No,No,No,No,No,No,No,No,No,No,No,No,No,No,No,No,No,No,No,No,No,No,No,No,No,No,No,No,No,No,No,No,75,66,64,1.100,7.594,15.952,10.090,0.001,4.544,0.433,175.0,175.0,175.0,175.0,0,0.0,14.1,8.2,0.0,6.6,0.0,56.0,0.6,60.3,0.0,0.3,0.0,2.2,0.0,2.0,0.1,0.0,0.0,19.8,16.6,43.2,66.7,11.8,29.6,23.5,39.2,32.1,2.7,16.8,5.0,5.0,5.0,5.0,0.0,0.0,0.6,0.5,45.0,0.0,0.0,1.2,3.3,0.0,0.0,92.7,94.7,94.8,94.8,79.4,82.9,54.7,31.5,50.0,57.9,67.0,0.6,1.5,96.2,76.6,997.6,10.00,22,15,15,28,103,160,2,2,Yes,No,No,No,No,No,No,No,No,No,Yes,No,No,Yes,No,No,No,No,No,No,No,Yes,No,No,No,No,No,Yes,No,No,No,No,No,No,No,Yes,No,No,85.0,3960,3240,3840,57.0,1.095,1.110,1.800,1.815,1.005,5.110,0.750,No,No,No,57.0,1.095,1.110,1.800,1.815,1.005,5.110,0.875,No,No,No,43,43,94.0,100.0,No,No,32159,47987,36,70,99.0,100.0,No,No,1844,3246,0.0,1.2,1.2,0.000,0.053,96124,52266,0.0,0.0,0.0,0.000,0.000,164001,82786,70.4,78.0,75.5,83.0,0.875,20.628,20.613,20.643,61.037,28.100,38.179,24.365,62.630,3.000,27.360,9.107,32.063,100.000,140.000,2250.0,2150.2,1890.0,2232.3,1905.0,89.0,52.0,0.0,1.0,92.5,25.0,100.0,0.0,0.0,0.0,Yes,No,No,No,No,Yes,No,0,0,0,0,0,0,0,0,0,0,0,0,0,0,0,0,0,0,0,0,0,0,0,0,0,0,0,0,0,0,617,7571,7338,567,16.0,64,0.300,16.350,600.0,997.0,0.1,0.0,0.0,0.0,0.0,0.0,0.0,0.0,0.8,127,16065,127,No,No,No,No,No,No,No,No,16.746,68.277,100.0,0.000,24.1,0,0,0,0.0,1.1,1.1,1.1,1.1,1.1,1.1,1.1,1.1,1.1,1.1,1.1,1.1,942.44,942.44,942.44,942.44,942.44,942.44,1.07,941.18,942.44,0.00,362.52,651,9,0.1,0.1,0,0,0.0,0.0,0,
9.6.2026,14:22:23.709,23735,25033,48.6,14337,18047,44.2,10.5,16384,1719,1.206,1.222,1.219,1.179,1.204,1.219,1.176,1.201,1.201,1.201,1.201,1.214,1.212,1.212,1.227,1.063,0.783,2664.9,4688.5,4688.5,4888.0,4888.0,4688.5,4688.5,1097.3,1097.3,1097.3,1097.3,1097.3,1097.3,1097.3,1097.3,99.8,3890.5,397.9,194.1,0.3,267.9,0.2,3427.1,21.0,2262.6,0.2,20.8,0.1,93.8,0.1,25.7,4.6,0.5,0.4,321.4,141.2,491.4,684.2,395.0,14.7,8.7,0.0,9.0,0.0,71.8,0.2,50.9,0.0,0.2,0.0,3.3,0.0,2.0,0.0,0.0,0.0,28.8,12.4,44.2,61.8,71.8,14.7,100.0,16.9,9.0,0.0,11.6,0.0,131.5,1.1,88.9,0.0,0.9,0.0,4.5,0.0,1.4,0.3,0.0,0.0,17.1,7.6,26.3,36.6,16.8,26.7,47.0,47.0,49.0,49.0,47.0,47.0,11.0,11.0,11.0,11.0,11.0,11.0,11.0,11.0,39.0,63,63,59,69,60,60,62,61,61,61,61,66,66,65,64,37,37,41,31,40,40,38,39,39,39,39,34,34,35,36,75,69,No,No,No,No,No,No,No,No,No,No,No,No,No,No,No,No,No,No,No,No,No,No,No,No,No,No,No,No,No,No,No,No,No,No,No,No,No,No,No,No,No,No,No,No,No,No,No,No,75,67,64,1.100,5.906,17.357,11.438,0.001,4.593,0.435,175.0,175.0,175.0,175.0,0,0.0,14.6,9.1,0.0,8.6,0.0,71.8,0.5,50.1,0.0,0.6,0.0,3.1,0.0,2.3,0.4,0.0,0.0,28.6,12.6,43.8,61.3,10.1,33.5,20.5,25.7,40.9,1.3,19.2,0.0,0.0,0.0,0.0,0.0,0.0,0.1,0.0,46.6,0.0,0.0,0.6,4.6,0.0,0.0,97.4,99.4,99.8,99.9,70.7,87.0,54.8,37.6,48.6,52.4,67.0,0.1,1.3,97.3,73.3,2394.1,24.00,36,35,35,68,103,383,2,2,Yes,No,No,No,No,No,No,No,No,No,Yes,No,No,Yes,No,No,No,No,No,No,No,Yes,No,No,No,No,No,Yes,No,No,No,No,No,No,No,Yes,No,No,84.0,3960,3240,3840,57.0,1.095,1.110,1.800,1.815,1.005,5.110,0.875,No,No,No,57.0,1.095,1.110,1.800,1.815,1.005,5.110,1.000,No,No,No,43,43,94.0,100.0,No,No,32159,47987,36,70,99.0,100.0,No,No,1844,3246,0.2,0.7,1.0,0.022,0.092,96124,52267,0.0,0.0,0.0,0.000,0.000,164001,82786,70.2,78.0,75.1,83.0,0.875,20.641,20.627,20.655,60.427,29.768,34.783,22.917,57.792,3.000,25.911,32.889,31.087,100.000,140.000,2250.0,2150.2,1890.0,2234.7,1905.0,90.0,53.0,0.0,0.0,92.5,24.8,99.3,0.0,0.0,0.0,Yes,No,No,No,No,Yes,No,0,0,0,0,0,0,0,0,0,0,0,0,0,0,0,0,0,0,0,0,0,0,0,0,0,0,0,0,0,0,617,7571,7338,567,16.0,65,0.300,16.459,600.0,2394.0,0.1,0.0,0.0,0.0,0.0,0.0,0.0,0.0,0.8,127,16065,127,No,No,No,No,No,No,No,No,16.746,68.277,100.0,0.000,24.1,0,0,0,0.0,1.0,1.0,1.0,1.0,1.0,1.0,1.0,1.0,1.0,1.0,1.0,1.0,983.13,983.13,983.13,983.13,983.13,983.13,1.06,981.80,983.13,0.00,981.80,651,9,2.0,0.0,0,0,0.0,0.0,0,
9.6.2026,14:22:25.713,23727,25041,48.6,14378,18006,44.3,10.5,16384,1719,1.213,1.226,1.182,1.207,1.211,1.226,1.211,1.211,1.216,1.216,1.216,1.211,1.211,1.228,1.213,1.141,0.783,2964.2,4688.5,4688.5,4888.0,4888.0,4688.5,1396.6,1097.3,3591.2,3591.2,3591.2,1097.3,1097.3,1097.3,1097.3,99.8,4289.5,392.3,195.9,0.4,122.1,0.3,3770.5,22.4,2037.1,0.3,12.6,0.2,62.5,0.3,17.2,20.7,3.9,0.5,175.3,141.4,554.6,709.0,391.7,25.5,8.6,49.6,4.7,32.3,78.9,0.8,45.6,48.1,0.0,48.8,1.0,45.7,1.8,1.4,0.0,0.0,15.5,12.6,49.6,64.1,78.9,25.5,100.0,16.6,9.1,0.0,5.6,0.0,144.4,1.1,80.3,0.0,0.6,0.0,3.2,0.0,1.0,1.1,0.2,0.1,9.6,7.5,29.8,37.8,16.6,29.7,47.0,47.0,49.0,49.0,47.0,14.0,11.0,36.0,36.0,36.0,11.0,11.0,11.0,11.0,43.0,63,64,61,69,60,62,59,62,62,62,62,64,64,64,64,37,36,39,31,40,38,41,38,38,38,38,36,36,36,36,75,69,No,No,No,No,No,No,No,No,No,No,No,No,No,No,No,No,No,No,No,No,No,No,No,No,No,No,No,No,No,No,No,No,No,No,No,No,No,No,No,No,No,No,No,No,No,No,No,No,75,61,63,1.100,3.375,15.929,10.022,0.001,4.591,0.434,175.0,175.0,175.0,175.0,0,0.0,14.3,8.3,0.0,4.5,0.0,79.0,0.5,45.3,0.0,0.4,0.0,2.4,0.0,1.6,1.9,0.4,0.0,15.5,12.4,49.4,63.5,11.6,30.7,20.3,19.3,48.3,7.5,16.6,2.3,5.0,5.0,5.0,0.6,0.6,0.5,0.2,45.3,0.0,0.0,0.4,1.5,0.0,0.0,95.8,92.9,94.5,94.8,83.2,86.6,48.8,35.2,49.6,56.2,72.0,0.0,1.5,91.2,76.6,997.6,10.00,22,15,15,28,103,160,2,2,Yes,No,No,No,No,No,No,No,No,No,Yes,No,No,Yes,No,No,No,No,No,No,No,Yes,No,No,No,No,No,Yes,No,No,No,No,No,No,No,Yes,No,No,85.0,4020,3360,3840,57.0,1.110,1.110,1.800,1.815,1.005,5.110,0.875,No,No,No,57.0,1.110,1.110,1.800,1.815,1.005,5.110,1.000,No,No,No,43,43,94.0,100.0,No,No,32159,47987,36,70,99.0,100.0,No,No,1844,3246,1.1,1.1,2.2,0.196,0.016,96125,52267,0.0,0.0,0.0,0.000,0.000,164001,82786,62.0,72.0,69.0,83.0,0.875,20.815,20.820,20.809,37.929,9.888,9.988,8.911,18.916,3.000,11.926,8.221,8.253,100.000,140.000,2250.0,2150.2,1890.0,2241.2,1905.0,0.0,0.0,0.0,0.0,85.7,19.8,79.2,0.0,0.0,0.0,Yes,No,No,No,No,Yes,No,0,0,0,0,0,0,0,0,0,0,0,0,0,0,0,0,0,0,0,0,0,0,0,0,0,0,0,0,0,0,1169,7019,6787,567,16.0,66,0.300,17.223,600.0,997.0,0.1,0.0,0.0,0.0,0.0,0.0,0.0,0.0,0.8,127,16065,127,No,No,No,No,No,No,No,No,16.747,68.277,100.0,0.000,24.1,0,0,0,0.0,1.1,1.1,1.1,1.1,1.1,1.1,1.1,1.1,1.1,1.1,1.1,1.1,936.58,936.58,936.58,936.58,936.58,936.58,0.35,936.17,936.58,0.00,357.68,651,9,0.0,0.0,0,0,0.0,0.0,0,
9.6.2026,14:22:27.702,21942,26826,44.9,13222,19162,40.8,10.5,16384,1719,0.910,1.234,1.188,1.201,0.726,0.734,0.745,1.225,1.250,0.740,0.740,0.740,0.735,0.735,0.739,1.101,0.783,1795.6,4688.5,4688.5,4888.0,798.0,798.0,798.0,798.0,1097.3,1097.3,1097.3,1097.3,1097.3,1097.3,1097.3,99.8,4090.0,294.8,275.7,3.5,263.8,3.3,1838.2,27.3,1573.3,2.8,23.2,2.6,81.8,2.8,48.4,24.5,23.7,4.1,259.6,230.6,577.7,628.4,262.4,13.4,15.8,0.0,10.1,0.0,41.9,1.0,35.6,0.0,0.6,0.0,3.9,0.0,4.8,3.4,1.8,0.8,22.1,20.2,50.6,55.2,55.2,13.4,100.0,13.1,13.1,0.2,12.3,0.2,71.5,1.4,61.2,0.1,1.0,0.1,3.7,0.1,2.7,1.4,1.3,0.3,14.0,12.5,31.0,33.6,13.1,18.0,47.0,47.0,49.0,8.0,8.0,8.0,8.0,11.0,11.0,11.0,11.0,11.0,11.0,11.0,41.0,60,58,58,73,60,61,57,59,59,59,59,61,61,61,61,40,42,42,27,40,39,43,41,41,41,41,39,39,39,39,75,73,No,No,No,No,No,No,No,No,No,No,No,No,No,No,No,No,No,No,No,No,No,No,No,No,No,No,No,No,No,No,No,No,No,No,No,No,No,No,No,No,No,No,No,No,No,No,No,No,72,58,64,1.100,0.844,14.327,8.350,0.001,4.646,0.440,175.0,175.0,175.0,175.0,0,0.0,13.4,16.0,0.1,13.6,0.1,42.2,1.1,35.5,0.1,0.8,0.1,2.6,0.1,4.1,2.0,1.9,0.2,22.0,19.9,50.4,55.0,7.9,27.9,22.1,26.5,23.7,0.3,10.1,0.0,0.0,0.0,0.0,0.0,0.0,0.0,0.2,46.5,0.0,0.0,8.8,3.4,0.0,0.0,95.5,97.7,97.9,99.7,77.1,79.6,48.2,43.5,57.0,48.9,58.7,18.2,34.4,97.9,83.9,2394.1,24.00,36,35,35,68,103,383,2,2,Yes,No,No,No,No,No,No,No,No,No,Yes,No,No,Yes,No,No,No,No,No,No,No,Yes,No,No,No,No,No,Yes,No,No,No,No,No,No,No,Yes,No,No,85.0,4080,3120,3960,57.0,1.110,1.110,1.800,1.815,1.005,5.110,0.875,No,No,No,57.0,1.110,1.110,1.800,1.815,1.005,5.110,0.625,No,No,No,43,43,94.0,100.0,No,No,32159,47987,36,70,99.0,100.0,No,No,1844,3246,2.7,1.2,3.9,1.696,0.090,96128,52267,0.0,0.0,0.0,0.000,0.000,164001,82786,60.4,70.0,67.7,83.0,0.870,20.808,20.814,20.802,21.661,9.688,9.669,8.908,18.597,3.000,11.920,7.842,7.882,100.000,140.000,2175.0,2150.2,1875.0,2192.8,1890.0,0.0,0.0,0.0,0.0,85.7,0.0,0.0,0.0,0.0,0.0,Yes,No,No,No,No,Yes,No,0,0,0,0,0,0,0,0,0,0,0,0,0,0,0,0,0,0,0,0,0,0,0,0,0,0,0,0,0,0,1169,7019,6787,567,16.0,64,0.300,7.121,600.0,2394.0,0.1,0.0,0.0,0.0,0.0,0.0,0.0,0.0,0.8,127,16065,127,No,No,No,No,No,No,No,No,16.746,68.277,100.0,0.000,24.1,0,0,0,0.0,9.0,3059.2,2.0,1.9,1.9,1.9,8.4,46.9,2.0,1.9,1.9,1.9,111.14,507.93,0.33,0.32,530.79,530.79,0.32,110.80,111.14,0.00,112.98,651,9,0.0,0.0,0,0,0.0,0.0,0,
9.6.2026,14:22:29.713,21819,26948,44.7,13164,19219,40.6,10.5,16384,1719,0.755,0.796,0.738,0.741,0.786,0.786,0.785,0.742,0.742,0.747,0.747,0.742,0.737,0.742,0.744,1.141,0.783,1368.1,2194.6,798.0,798.0,2194.6,2194.6,2194.6,1097.3,1097.3,1097.3,1097.3,1097.3,1097.3,1097.3,1097.3,99.8,4289.5,110.7,97.4,0.1,70.3,0.1,174.9,22.1,92.4,0.1,1.3,0.1,14.1,0.1,51.7,19.5,10.6,6.0,298.0,141.2,566.1,648.0,35.0,9.6,6.5,0.0,7.0,5.4,8.0,1.6,4.9,0.0,1.1,0.2,0.9,0.0,4.7,2.0,2.5,1.5,26.2,12.3,50.1,57.5,57.5,9.6,100.0,5.8,4.9,0.0,3.5,0.0,7.9,1.2,4.4,0.0,0.1,0.0,0.7,0.0,2.8,1.1,0.5,0.3,15.9,7.5,30.4,34.6,5.8,13.7,22.0,8.0,8.0,22.0,22.0,22.0,11.0,11.0,11.0,11.0,11.0,11.0,11.0,11.0,43.0,58,58,58,57,54,57,56,59,59,59,59,58,58,58,58,42,42,42,43,46,43,44,41,41,41,41,42,42,42,42,74,59,No,No,No,No,No,No,No,No,No,No,No,No,No,No,No,No,No,No,No,No,No,No,No,No,No,No,No,No,No,No,No,No,No,No,No,No,No,No,No,No,No,No,No,No,No,No,No,No,72,58,63,1.100,0.844,6.937,1.065,0.001,4.570,0.424,175.0,175.0,175.0,175.0,0,0.0,8.9,6.4,0.0,4.7,0.0,7.6,1.4,4.5,0.0,0.1,0.0,0.7,0.0,4.5,1.7,0.9,0.5,25.9,12.1,49.4,57.1,1.6,6.3,3.8,8.4,3.8,0.0,0.0,0.0,0.0,0.0,0.0,0.0,0.3,0.0,0.1,46.0,0.0,0.0,0.0,0.0,0.0,0.0,95.3,98.1,99.0,99.4,73.5,87.2,49.4,41.9,89.8,84.2,89.4,78.1,88.9,99.8,98.3,997.6,10.00,22,15,15,28,103,160,2,2,Yes,No,No,No,No,No,No,No,No,No,Yes,No,No,Yes,No,No,No,No,No,No,No,Yes,No,No,No,No,No,Yes,No,No,No,No,No,No,No,Yes,No,No,85.0,3900,2820,3780,56.8,1.110,1.110,1.815,1.815,1.005,5.110,0.875,No,No,No,57.0,1.110,1.110,1.800,1.815,1.005,5.110,0.625,No,No,No,43,43,94.0,100.0,No,No,32159,47987,36,70,99.0,100.0,No,No,1844,3246,0.0,1.1,1.1,0.000,0.020,96128,52267,0.0,0.0,0.0,0.000,0.000,164001,82786,59.6,68.0,67.0,83.0,0.870,20.803,20.810,20.796,21.568,9.655,9.613,8.928,18.550,3.000,11.944,7.753,7.798,100.000,140.000,2175.0,2150.2,1875.0,2173.1,1890.0,0.0,0.0,0.0,0.0,85.7,0.0,0.0,0.0,0.0,0.0,Yes,No,No,No,No,Yes,No,0,0,0,0,0,0,0,0,0,0,0,0,0,0,0,0,0,0,0,0,0,0,0,0,0,0,0,0,0,0,1169,7019,6787,567,16.0,64,0.300,6.885,550.0,997.0,0.1,0.0,0.0,0.0,0.0,0.0,0.0,0.0,0.8,127,16065,127,No,No,No,No,No,No,No,No,16.746,68.277,100.0,0.000,24.1,0,0,0,0.0,9.0,3059.2,2.0,1.9,1.9,1.9,8.4,46.9,2.0,1.9,1.9,1.9,111.14,507.93,0.33,0.32,530.79,530.79,0.32,110.80,111.14,0.00,112.98,651,9,0.0,0.0,0,0,0.0,0.0,0,
9.6.2026,14:22:31.702,21821,26946,44.7,13165,19219,40.6,10.5,16384,1719,0.788,0.793,1.218,0.738,0.778,0.782,0.782,0.742,0.744,0.744,0.744,0.744,0.742,0.742,0.743,0.736,0.781,1368.1,2194.6,798.0,798.0,2194.6,2194.6,2194.6,1097.3,1097.3,1097.3,1097.3,1097.3,1097.3,1097.3,1097.3,99.8,1596.1,108.8,68.1,0.2,40.2,0.2,105.9,22.1,156.9,0.1,1.9,0.1,16.9,0.1,52.7,37.6,16.2,31.2,250.4,150.4,597.9,626.2,34.4,14.0,4.3,38.8,3.0,0.0,5.3,1.8,6.5,16.0,0.0,0.0,1.2,44.6,5.1,3.8,2.0,3.1,22.0,13.6,52.8,55.6,55.6,14.0,100.0,5.7,3.3,0.0,2.0,0.0,4.7,1.2,6.4,0.0,0.1,0.0,0.8,0.0,2.9,2.0,1.0,1.7,13.5,8.1,31.9,33.4,5.7,13.7,22.0,8.0,8.0,22.0,22.0,22.0,11.0,11.0,11.0,11.0,11.0,11.0,11.0,11.0,16.0,57,58,58,58,53,56,57,58,58,58,58,58,58,58,58,43,42,42,42,47,44,43,42,42,42,42,42,42,42,42,74,58,No,No,No,No,No,No,No,No,No,No,No,No,No,No,No,No,No,No,No,No,No,No,No,No,No,No,No,No,No,No,No,No,No,No,No,No,No,No,No,No,No,No,No,No,No,No,No,No,72,58,62,1.100,1.688,6.942,1.074,0.001,4.562,0.425,175.0,175.0,175.0,175.0,0,0.0,8.7,4.1,0.0,2.7,0.0,5.0,1.5,6.2,0.0,0.1,0.0,0.8,0.0,4.7,3.4,1.5,2.7,21.5,13.1,52.3,55.0,1.4,5.4,4.8,5.5,3.3,0.0,0.0,0.0,0.0,0.0,0.0,0.0,0.0,0.0,0.0,45.9,0.0,0.0,0.0,0.0,0.0,0.0,95.0,96.4,98.4,97.2,77.9,86.6,46.7,44.2,91.6,88.4,91.2,83.9,88.1,99.8,98.0,2394.1,24.00,36,35,35,68,103,383,2,2,Yes,No,No,No,No,No,No,No,No,No,Yes,No,No,Yes,No,No,No,No,No,No,No,Yes,No,No,No,No,No,Yes,No,No,No,No,No,No,No,Yes,No,No,84.0,3720,2520,3600,56.8,1.110,1.110,1.815,1.815,1.005,5.110,0.750,No,No,No,57.0,1.110,1.110,1.815,1.815,1.005,5.110,0.875,No,No,No,43,43,94.0,100.0,No,No,32159,47987,36,70,99.0,100.0,No,No,1844,3246,0.0,0.9,0.9,0.000,0.026,96128,52267,0.0,0.0,0.0,0.000,0.000,164001,82786,59.2,68.0,66.4,83.0,0.870,20.797,20.805,20.790,21.913,9.792,9.700,9.216,18.919,3.000,12.223,7.711,7.773,100.000,140.000,2175.0,2150.2,1875.0,2172.9,1890.0,0.0,1.0,0.0,0.0,85.7,0.0,0.0,0.0,0.0,0.0,Yes,No,No,No,No,Yes,No,0,0,0,0,0,0,0,0,0,0,0,0,0,0,0,0,0,0,0,0,0,0,0,0,0,0,0,0,0,0,1169,7019,6787,567,16.0,63,0.300,6.890,550.0,2394.0,0.1,0.0,0.0,0.0,0.0,0.0,0.0,0.0,0.8,127,16065,127,No,No,No,No,No,No,No,No,16.746,68.277,100.0,0.000,24.1,0,0,0,0.0,9.0,3059.2,2.0,1.9,1.9,1.9,8.4,46.9,2.0,1.9,1.9,1.9,111.14,507.93,0.33,0.32,530.79,530.79,0.32,110.80,111.14,0.00,112.98,651,9,0.3,0.1,0,0,0.0,0.0,0,
9.6.2026,14:22:33.708,21819,26949,44.7,13165,19218,40.6,10.5,16384,1719,0.822,1.183,0.779,0.744,0.780,0.780,0.780,0.745,0.745,0.746,0.746,0.742,0.741,0.741,1.261,1.141,0.781,1617.5,4688.5,2094.9,798.0,2094.9,2094.9,2094.9,1097.3,1097.3,1097.3,1097.3,1097.3,1097.3,1097.3,1097.3,99.8,4289.5,113.7,63.5,0.1,20.1,0.2,130.0,22.6,131.4,0.1,1.3,0.1,16.2,0.2,62.8,26.3,23.1,39.2,266.0,165.7,632.0,673.9,33.6,9.2,3.8,0.0,2.6,0.5,6.4,1.4,5.0,0.0,1.3,0.5,0.5,0.0,5.4,2.0,1.5,3.3,22.6,13.6,55.2,59.1,59.1,9.2,100.0,5.9,3.1,0.0,1.0,0.0,5.9,1.3,5.5,0.0,0.1,0.0,0.8,0.0,3.4,1.4,1.1,2.1,14.1,8.6,33.7,35.9,5.9,16.2,47.0,21.0,8.0,21.0,21.0,21.0,11.0,11.0,11.0,11.0,11.0,11.0,11.0,11.0,43.0,57,58,57,57,54,55,55,58,58,58,58,58,60,58,60,43,42,43,43,46,45,45,42,42,42,42,42,40,42,40,72,60,No,No,No,No,No,No,No,No,No,No,No,No,No,No,No,No,No,No,No,No,No,No,No,No,No,No,No,No,No,No,No,No,No,No,No,No,No,No,No,No,No,No,No,No,No,No,No,No,71,58,62,1.100,4.219,6.783,0.926,0.001,4.547,0.425,175.0,175.0,175.0,175.0,0,0.0,9.3,4.2,0.0,1.4,0.0,6.8,1.7,5.3,0.0,0.1,0.0,0.8,0.0,5.6,2.3,2.1,3.6,22.9,14.3,55.1,59.0,1.4,5.2,1.9,8.1,3.9,0.0,0.0,0.0,0.0,0.0,0.0,0.0,0.0,0.0,0.0,45.1,0.0,0.0,0.0,0.0,0.0,0.0,94.1,97.6,97.8,96.3,76.5,85.4,43.8,40.0,91.6,88.6,96.0,78.7,88.3,99.8,98.1,2194.6,22.00,32,32,32,62,103,351,2,2,Yes,No,No,No,No,No,No,No,No,No,Yes,No,No,Yes,No,No,No,No,No,No,No,Yes,No,No,No,No,No,Yes,No,No,No,No,No,No,No,Yes,No,No,85.0,3600,2460,3420,56.8,1.110,1.110,1.815,1.815,1.005,5.110,0.875,No,No,No,57.0,1.110,1.110,1.815,1.815,1.005,5.110,0.750,No,No,No,43,43,94.0,100.0,No,No,32159,47987,36,70,99.0,100.0,No,No,1844,3246,0.1,1.4,1.6,0.002,0.079,96128,52267,0.0,0.0,0.0,0.000,0.000,164001,82786,58.7,66.0,66.1,83.0,0.870,20.796,20.803,20.788,21.455,9.872,9.553,8.883,18.460,3.000,11.897,9.608,7.703,100.000,140.000,2175.0,2150.2,1875.0,2172.1,1890.0,0.0,0.0,0.0,0.0,85.7,0.0,0.0,0.0,0.0,0.0,Yes,No,No,No,No,Yes,No,0,0,0,0,0,0,0,0,0,0,0,0,0,0,0,0,0,0,0,0,0,0,0,0,0,0,0,0,0,0,1169,7019,6787,567,16.0,62,0.300,6.839,550.0,2194.0,0.1,0.0,0.0,0.0,0.0,0.0,0.0,0.0,0.8,127,16065,127,No,No,No,No,No,No,No,No,16.746,68.277,100.0,0.000,24.1,0,0,0,0.0,9.0,3059.2,2.0,1.9,1.9,1.9,8.4,46.9,2.0,1.9,1.9,1.9,111.14,507.93,0.33,0.32,530.79,530.79,0.32,110.80,111.14,0.00,112.98,651,9,0.3,1.2,0,0,0.0,0.0,0,
9.6.2026,14:22:35.714,21815,26953,44.7,13166,19218,40.6,10.5,16384,1719,0.761,0.748,0.792,0.790,0.794,0.789,0.789,0.743,0.743,0.743,0.743,0.744,0.744,0.744,0.744,0.701,0.786,1489.2,798.0,2294.4,2294.4,2294.4,2194.6,2194.6,1097.3,1097.3,1097.3,1097.3,1097.3,1097.3,1097.3,1097.3,99.8,798.0,121.6,91.7,0.4,76.5,0.2,189.2,22.9,140.8,0.2,3.6,0.3,17.2,0.2,57.6,63.0,37.3,20.9,259.3,198.8,564.6,687.3,45.1,15.7,5.6,37.3,4.7,0.3,7.1,1.2,5.9,47.1,0.0,0.0,0.4,41.8,4.1,4.3,2.5,0.6,22.8,17.5,50.0,61.3,61.3,15.7,100.0,6.3,4.5,0.0,3.8,0.0,8.0,1.3,6.0,0.0,0.2,0.0,0.8,0.0,3.1,3.4,2.2,1.1,14.2,10.9,30.3,36.8,6.3,14.9,8.0,23.0,23.0,23.0,22.0,22.0,11.0,11.0,11.0,11.0,11.0,11.0,11.0,11.0,8.0,57,58,58,58,52,57,56,57,58,58,58,58,58,58,58,43,42,42,42,48,43,44,43,42,42,42,42,42,42,42,72,58,No,No,No,No,No,No,No,No,No,No,No,No,No,No,No,No,No,No,No,No,No,No,No,No,No,No,No,No,No,No,No,No,No,No,No,No,No,No,No,No,No,No,No,No,No,No,No,No,72,58,62,1.100,1.688,6.907,1.055,0.001,4.546,0.426,175.0,175.0,175.0,175.0,0,0.0,9.7,6.1,0.0,5.3,0.0,7.6,1.7,6.4,0.0,0.2,0.0,0.9,0.0,5.2,5.4,3.3,1.8,22.6,17.3,49.3,60.6,1.7,5.9,4.8,6.1,4.3,0.0,0.0,0.0,0.0,0.0,0.0,0.2,0.0,1.3,1.6,44.8,0.0,0.0,0.0,0.0,0.0,0.0,94.5,94.4,96.6,98.1,76.5,82.3,48.4,36.8,89.4,84.9,87.5,80.1,86.4,99.5,98.0,2394.1,24.00,36,35,35,68,103,383,2,2,Yes,No,No,No,No,No,No,No,No,No,Yes,No,No,Yes,No,No,No,No,No,No,No,Yes,No,No,No,No,No,Yes,No,No,No,No,No,No,No,Yes,No,No,85.0,3480,2400,3300,56.8,1.110,1.110,1.815,1.815,1.005,5.110,1.000,No,No,No,57.0,1.110,1.110,1.815,1.815,1.005,5.180,0.875,No,No,No,43,43,94.0,100.0,No,No,32159,47987,36,70,99.0,100.0,No,No,1844,3246,0.0,1.5,1.5,0.000,0.028,96128,52267,0.0,0.0,0.0,0.000,0.000,164001,82786,58.4,66.0,65.8,83.0,0.870,20.795,20.803,20.787,21.552,9.629,9.600,8.966,18.563,3.000,11.968,7.631,7.676,100.000,140.000,2175.0,2150.2,1875.0,2171.7,1890.0,0.0,0.0,0.0,0.0,85.7,0.0,0.0,0.0,0.0,0.0,Yes,No,No,No,No,Yes,No,0,0,0,0,0,0,0,0,0,0,0,0,0,0,0,0,0,0,0,0,0,0,0,0,0,0,0,0,0,0,1169,7019,6787,567,16.0,62,0.300,6.684,550.0,2394.0,0.1,0.0,0.0,0.0,0.0,0.0,0.0,0.0,0.8,127,16065,127,No,No,No,No,No,No,No,No,16.747,68.277,100.0,0.000,24.1,0,0,0,0.0,9.0,3059.2,2.0,1.9,1.9,1.9,8.4,46.9,2.0,1.9,1.9,1.9,111.14,507.93,0.33,0.32,530.79,530.79,0.32,110.80,111.14,0.00,112.98,651,9,0.4,2.3,0,0,0.0,0.0,0,
9.6.2026,14:22:37.725,21819,26949,44.7,13168,19215,40.6,10.5,16384,1719,0.770,0.798,0.747,0.742,0.742,0.747,0.785,0.740,0.742,0.742,0.742,0.742,0.742,0.742,1.022,0.741,0.783,1382.3,2294.4,1396.6,798.0,798.0,1396.6,2194.6,1097.3,1097.3,1097.3,1097.3,1097.3,1097.3,1097.3,2793.2,99.8,1695.9,110.3,111.1,0.2,80.9,0.2,133.7,21.7,113.4,0.1,1.2,0.1,18.4,0.1,30.0,32.5,12.2,1.9,326.0,165.7,551.2,606.4,34.9,9.0,7.8,0.0,0.0,0.0,6.4,1.9,5.1,0.0,0.4,0.4,1.3,0.4,3.9,4.0,1.5,0.5,28.8,14.7,48.9,53.4,53.4,9.0,100.0,5.7,5.6,0.0,4.1,0.0,5.9,1.2,4.7,0.0,0.1,0.0,0.9,0.0,1.7,1.8,0.7,0.1,17.3,8.8,29.6,32.2,5.7,13.9,23.0,14.0,8.0,8.0,14.0,22.0,11.0,11.0,11.0,11.0,11.0,11.0,11.0,28.0,17.0,57,57,58,56,53,55,55,57,57,57,57,58,58,58,58,43,43,42,44,47,45,45,43,43,43,43,42,42,42,42,71,58,No,No,No,No,No,No,No,No,No,No,No,No,No,No,No,No,No,No,No,No,No,No,No,No,No,No,No,No,No,No,No,No,No,No,No,No,No,No,No,No,No,No,No,No,No,No,No,No,71,58,62,1.100,3.375,6.642,0.842,0.001,4.500,0.424,175.0,175.0,175.0,175.0,0,0.0,9.0,7.5,0.0,5.6,0.0,6.2,1.6,4.9,0.0,0.1,0.0,1.0,0.0,2.7,3.0,1.1,0.2,28.7,14.4,48.6,53.5,1.9,8.4,5.6,7.6,3.5,0.0,1.0,0.0,0.0,0.0,0.0,0.4,0.0,0.0,0.0,46.0,0.0,0.0,0.0,0.0,0.0,0.0,97.0,96.9,98.8,99.8,70.3,85.2,50.3,45.7,88.7,80.3,86.0,80.0,89.3,99.8,96.9,2394.1,24.00,36,35,35,68,103,383,2,2,Yes,No,No,No,No,No,No,No,No,No,Yes,No,No,Yes,No,No,No,No,No,No,No,Yes,No,No,No,No,No,Yes,No,No,No,No,No,No,No,Yes,No,No,85.0,3420,2340,3240,56.8,1.095,1.110,1.815,1.815,1.005,5.110,0.875,No,No,No,57.0,1.110,1.110,1.815,1.815,1.005,5.110,0.750,No,No,No,43,43,94.0,100.0,No,No,32159,47987,36,70,99.0,100.0,No,No,1844,3246,0.0,1.1,1.1,0.008,0.138,96128,52267,0.0,0.0,0.0,0.000,0.000,164001,82786,58.2,66.0,65.5,83.0,0.870,20.791,20.799,20.784,21.819,9.721,9.608,9.172,18.810,3.000,12.192,7.604,7.665,100.000,140.000,2175.0,2150.2,1875.0,2171.7,1890.0,0.0,1.0,0.0,0.0,85.7,0.0,0.0,0.0,0.0,0.0,Yes,No,No,No,No,Yes,No,0,0,0,0,0,0,0,0,0,0,0,0,0,0,0,0,0,0,0,0,0,0,0,0,0,0,0,0,0,0,1169,7019,6787,567,16.0,62,0.302,6.606,550.0,2394.0,0.1,0.0,0.0,0.0,0.0,0.0,0.0,0.0,0.8,127,16065,127,No,No,No,No,No,No,No,No,16.746,68.277,100.0,0.000,24.1,0,0,0,0.0,9.0,3059.2,2.0,1.9,1.9,1.9,8.4,46.9,2.0,1.9,1.9,1.9,111.14,507.93,0.33,0.32,530.79,530.79,0.32,110.80,111.14,0.00,112.98,651,9,0.0,0.7,0,0,0.0,0.0,0,
9.6.2026,14:22:39.718,21816,26952,44.7,13166,19217,40.6,10.5,16384,1719,0.769,0.836,0.872,0.750,0.790,0.751,0.792,0.746,0.746,0.746,0.746,0.748,0.748,0.747,0.747,0.773,0.786,1553.3,2693.4,3092.4,1396.6,2194.6,1396.6,2194.6,1097.3,1097.3,1097.3,1097.3,1097.3,1097.3,1097.3,1097.3,99.8,2094.9,96.8,33.3,0.1,12.5,0.2,151.3,22.1,95.2,0.1,0.7,0.1,13.2,0.1,58.7,10.9,30.6,32.2,254.1,169.7,544.4,507.0,28.8,9.6,2.6,0.0,18.8,0.4,6.6,2.0,4.6,10.7,0.0,0.0,1.0,0.0,5.6,1.3,3.9,2.5,23.1,15.2,48.3,45.4,48.3,9.6,100.0,5.0,1.6,0.0,0.6,0.0,6.3,1.2,4.0,0.0,0.0,0.0,0.6,0.0,3.2,0.6,1.6,1.7,13.9,9.1,29.1,27.2,5.0,15.6,27.0,31.0,14.0,22.0,14.0,22.0,11.0,11.0,11.0,11.0,11.0,11.0,11.0,11.0,21.0,56,56,56,58,51,52,55,56,56,56,56,58,58,58,58,44,44,44,42,49,48,45,44,44,44,44,42,42,42,42,72,58,No,No,No,No,No,No,No,No,No,No,No,No,No,No,No,No,No,No,No,No,No,No,No,No,No,No,No,No,No,No,No,No,No,No,No,No,No,No,No,No,No,No,No,No,No,No,No,No,72,58,62,1.100,1.688,6.552,0.740,0.001,4.507,0.424,175.0,175.0,175.0,175.0,0,0.0,7.9,2.2,0.0,0.8,0.0,6.4,1.6,4.3,0.0,0.0,0.0,0.7,0.0,5.2,1.0,2.8,2.9,22.2,14.9,48.0,44.7,0.8,3.9,1.5,3.9,2.0,0.0,0.0,0.0,0.0,0.0,0.0,0.0,0.0,0.0,0.2,46.8,0.0,0.0,0.0,0.0,0.0,0.0,94.6,98.9,97.1,97.0,77.2,84.8,51.0,54.3,94.0,92.7,97.1,84.2,91.5,99.9,98.4,2394.1,24.00,36,35,35,68,103,383,2,2,No,No,No,No,No,No,No,No,No,No,No,No,No,Yes,No,No,No,No,No,No,No,Yes,No,No,No,No,No,Yes,No,No,No,No,No,No,No,Yes,No,No,85.0,3480,2400,3240,56.8,1.095,1.110,1.815,1.815,1.005,5.110,0.875,No,No,No,57.0,1.095,1.110,1.815,1.815,1.005,5.110,0.625,No,No,No,43,43,94.0,100.0,No,No,32159,47987,36,70,99.0,100.0,No,No,1844,3246,0.0,0.7,0.7,0.000,0.011,96128,52267,0.0,0.0,0.0,0.000,0.000,164001,82786,57.8,64.0,65.2,83.0,0.870,20.779,20.787,20.770,21.386,9.551,9.516,8.876,18.403,3.000,11.879,7.572,7.614,100.000,140.000,2175.0,2150.2,1875.0,2171.9,1890.0,0.0,0.0,0.0,0.0,85.7,0.0,0.0,0.0,0.0,0.0,Yes,No,No,No,No,Yes,No,0,0,0,0,0,0,0,0,0,0,0,0,0,0,0,0,0,0,0,0,0,0,0,0,0,0,0,0,0,0,1169,7019,6787,567,16.0,62,0.302,6.481,550.0,2394.0,0.1,0.0,0.0,0.0,0.0,0.0,0.0,0.0,0.8,127,16065,127,No,No,No,No,No,No,No,No,16.745,68.277,100.0,0.000,24.1,0,0,0,0.0,9.0,3059.2,2.0,1.9,1.9,1.9,8.4,46.9,2.0,1.9,1.9,1.9,111.14,507.93,0.33,0.32,530.79,530.79,0.32,110.80,111.14,0.00,112.98,651,9,0.1,0.7,0,0,0.0,0.0,0,
9.6.2026,14:22:41.730,21817,26951,44.7,13166,19217,40.6,10.5,16384,1719,0.839,0.787,1.103,0.746,0.746,1.216,1.044,0.739,0.919,0.739,0.739,0.743,0.742,0.744,0.742,0.736,0.786,1581.8,2194.6,798.0,798.0,798.0,4688.5,4090.0,1097.3,1097.3,1097.3,1097.3,1097.3,1097.3,1097.3,1097.3,99.8,1596.1,95.0,9.5,0.1,1.2,0.1,91.4,20.8,143.6,0.2,0.2,0.1,10.1,0.1,23.0,9.8,1.1,3.4,312.1,162.8,532.7,577.9,19.7,9.0,0.1,24.4,0.0,0.3,4.1,1.0,5.6,0.0,0.3,0.3,0.1,0.3,1.6,0.4,0.0,1.4,27.3,14.1,46.8,50.8,50.8,9.0,100.0,5.0,0.4,0.0,0.1,0.0,4.1,1.2,6.0,0.0,0.0,0.0,0.5,0.0,1.2,0.5,0.1,0.2,16.7,8.8,28.6,30.9,5.0,15.9,22.0,8.0,8.0,8.0,47.0,41.0,11.0,11.0,11.0,11.0,11.0,11.0,11.0,11.0,16.0,56,56,56,55,52,56,55,56,56,56,56,58,58,58,58,44,44,44,45,48,44,45,44,44,44,44,42,42,42,42,71,58,No,No,No,No,No,No,No,No,No,No,No,No,No,No,No,No,No,No,No,No,No,No,No,No,No,No,No,No,No,No,No,No,No,No,No,No,No,No,No,No,No,No,No,No,No,No,No,No,71,58,62,1.100,0.844,6.437,0.674,0.001,4.461,0.423,175.0,175.0,175.0,175.0,0,0.0,7.8,0.5,0.0,0.1,0.0,4.6,1.4,6.1,0.0,0.0,0.0,0.6,0.0,2.1,0.9,0.1,0.3,27.5,14.2,46.6,50.8,0.9,0.4,0.0,6.0,6.0,0.0,0.0,0.0,0.0,0.0,0.0,0.2,0.0,0.0,0.3,46.7,0.0,0.0,0.0,0.0,0.0,0.0,97.7,99.0,99.8,99.7,71.7,85.4,52.2,48.1,94.4,98.8,99.8,84.1,85.3,100.0,98.6,2394.1,24.00,36,35,35,68,103,383,2,2,No,No,No,No,No,No,No,No,No,No,No,No,No,Yes,No,No,No,No,No,No,No,Yes,No,No,No,No,No,Yes,No,No,No,No,No,No,No,Yes,No,No,85.0,3420,2400,3240,56.8,1.095,1.110,1.815,1.815,1.005,5.110,0.875,No,No,No,57.0,1.095,1.110,1.800,1.815,1.005,5.110,0.750,No,No,No,43,43,94.0,100.0,No,No,32159,47987,36,70,99.0,100.0,No,No,1844,3246,0.0,1.3,1.3,0.000,0.017,96128,52267,0.0,0.0,0.0,0.000,0.000,164001,82786,57.6,64.0,64.9,83.0,0.870,20.778,20.785,20.771,21.444,9.575,9.541,8.938,18.486,3.000,11.938,7.540,7.585,100.000,140.000,2175.0,2150.2,1875.0,2171.2,1890.0,0.0,0.0,0.0,0.0,85.7,0.0,0.0,0.0,0.0,0.0,Yes,No,No,No,No,Yes,No,0,0,0,0,0,0,0,0,0,0,0,0,0,0,0,0,0,0,0,0,0,0,0,0,0,0,0,0,0,0,1169,7019,6787,567,16.0,62,0.302,6.442,550.0,2394.0,0.1,0.0,0.0,0.0,0.0,0.0,0.0,0.0,0.8,127,16065,127,No,No,No,No,No,No,No,No,16.745,68.277,100.0,0.000,24.1,0,0,0,0.0,9.0,3059.2,2.0,1.9,1.9,1.9,8.4,46.9,2.0,1.9,1.9,1.9,111.14,507.93,0.33,0.32,530.79,530.79,0.32,110.80,111.14,0.00,112.98,651,9,2.1,0.8,0,0,0.0,0.0,0,
Date,Time,"Virtual Memory Committed [MB]","Virtual Memory Available [MB]","Virtual Memory Load [%]","Physical Memory Used [MB]","Physical Memory Available [MB]","Physical Memory Load [%]","Page File Usage [%]","Page File Total [MB]","Page File Used [MB]","Core VIDs (avg) [V]","P-core 0 VID [V]","P-core 1 VID [V]","P-core 2 VID [V]","P-core 3 VID [V]","P-core 4 VID [V]","P-core 5 VID [V]","E-core 6 VID [V]","E-core 7 VID [V]","E-core 8 VID [V]","E-core 9 VID [V]","E-core 10 VID [V]","E-core 11 VID [V]","E-core 12 VID [V]","E-core 13 VID [V]","Uncore VID [V]","SA VID [V]","Core Clocks (avg) [MHz]","P-core 0 Clock [MHz]","P-core 1 Clock [MHz]","P-core 2 Clock [MHz]","P-core 3 Clock [MHz]","P-core 4 Clock [MHz]","P-core 5 Clock [MHz]","E-core 6 Clock [MHz]","E-core 7 Clock [MHz]","E-core 8 Clock [MHz]","E-core 9 Clock [MHz]","E-core 10 Clock [MHz]","E-core 11 Clock [MHz]","E-core 12 Clock [MHz]","E-core 13 Clock [MHz]","Bus Clock [MHz]","Ring/LLC Clock [MHz]","Core Effective Clocks (avg) [MHz]","P-core 0 T0 Effective Clock [MHz]","P-core 0 T1 Effective Clock [MHz]","P-core 1 T0 Effective Clock [MHz]","P-core 1 T1 Effective Clock [MHz]","P-core 2 T0 Effective Clock [MHz]","P-core 2 T1 Effective Clock [MHz]","P-core 3 T0 Effective Clock [MHz]","P-core 3 T1 Effective Clock [MHz]","P-core 4 T0 Effective Clock [MHz]","P-core 4 T1 Effective Clock [MHz]","P-core 5 T0 Effective Clock [MHz]","P-core 5 T1 Effective Clock [MHz]","E-core 6 T0 Effective Clock [MHz]","E-core 7 T0 Effective Clock [MHz]","E-core 8 T0 Effective Clock [MHz]","E-core 9 T0 Effective Clock [MHz]","E-core 10 T0 Effective Clock [MHz]","E-core 11 T0 Effective Clock [MHz]","E-core 12 T0 Effective Clock [MHz]","E-core 13 T0 Effective Clock [MHz]","Average Effective Clock [MHz]","Core Usage (avg) [%]","P-core 0 T0 Usage [%]","P-core 0 T1 Usage [%]","P-core 1 T0 Usage [%]","P-core 1 T1 Usage [%]","P-core 2 T0 Usage [%]","P-core 2 T1 Usage [%]","P-core 3 T0 Usage [%]","P-core 3 T1 Usage [%]","P-core 4 T0 Usage [%]","P-core 4 T1 Usage [%]","P-core 5 T0 Usage [%]","P-core 5 T1 Usage [%]","E-core 6 T0 Usage [%]","E-core 7 T0 Usage [%]","E-core 8 T0 Usage [%]","E-core 9 T0 Usage [%]","E-core 10 T0 Usage [%]","E-core 11 T0 Usage [%]","E-core 12 T0 Usage [%]","E-core 13 T0 Usage [%]","Max CPU/Thread Usage [%]","Total CPU Usage [%]","On-Demand Clock Modulation [%]","Core Utility (avg) [%]","P-core 0 T0 Utility [%]","P-core 0 T1 Utility [%]","P-core 1 T0 Utility [%]","P-core 1 T1 Utility [%]","P-core 2 T0 Utility [%]","P-core 2 T1 Utility [%]","P-core 3 T0 Utility [%]","P-core 3 T1 Utility [%]","P-core 4 T0 Utility [%]","P-core 4 T1 Utility [%]","P-core 5 T0 Utility [%]","P-core 5 T1 Utility [%]","E-core 6 T0 Utility [%]","E-core 7 T0 Utility [%]","E-core 8 T0 Utility [%]","E-core 9 T0 Utility [%]","E-core 10 T0 Utility [%]","E-core 11 T0 Utility [%]","E-core 12 T0 Utility [%]","E-core 13 T0 Utility [%]","Total CPU Utility [%]","Core Ratios (avg) [x]","P-core 0 Ratio [x]","P-core 1 Ratio [x]","P-core 2 Ratio [x]","P-core 3 Ratio [x]","P-core 4 Ratio [x]","P-core 5 Ratio [x]","E-core 6 Ratio [x]","E-core 7 Ratio [x]","E-core 8 Ratio [x]","E-core 9 Ratio [x]","E-core 10 Ratio [x]","E-core 11 Ratio [x]","E-core 12 Ratio [x]","E-core 13 Ratio [x]","Uncore Ratio [x]","Core Temperatures (avg) [°C]","P-core 0 [°C]","P-core 1 [°C]","P-core 2 [°C]","P-core 3 [°C]","P-core 4 [°C]","P-core 5 [°C]","E-core 6 [°C]","E-core 7 [°C]","E-core 8 [°C]","E-core 9 [°C]","E-core 10 [°C]","E-core 11 [°C]","E-core 12 [°C]","E-core 13 [°C]","Core Distance to TjMAX (avg) [°C]","P-core 0 Distance to TjMAX [°C]","P-core 1 Distance to TjMAX [°C]","P-core 2 Distance to TjMAX [°C]","P-core 3 Distance to TjMAX [°C]","P-core 4 Distance to TjMAX [°C]","P-core 5 Distance to TjMAX [°C]","E-core 6 Distance to TjMAX [°C]","E-core 7 Distance to TjMAX [°C]","E-core 8 Distance to TjMAX [°C]","E-core 9 Distance to TjMAX [°C]","E-core 10 Distance to TjMAX [°C]","E-core 11 Distance to TjMAX [°C]","E-core 12 Distance to TjMAX [°C]","E-core 13 Distance to TjMAX [°C]","CPU Package [°C]","Core Max [°C]","Core Thermal Throttling (avg) [Yes/No]","P-core 0 Thermal Throttling [Yes/No]","P-core 1 Thermal Throttling [Yes/No]","P-core 2 Thermal Throttling [Yes/No]","P-core 3 Thermal Throttling [Yes/No]","P-core 4 Thermal Throttling [Yes/No]","P-core 5 Thermal Throttling [Yes/No]","E-core 6 Thermal Throttling [Yes/No]","E-core 7 Thermal Throttling [Yes/No]","E-core 8 Thermal Throttling [Yes/No]","E-core 9 Thermal Throttling [Yes/No]","E-core 10 Thermal Throttling [Yes/No]","E-core 11 Thermal Throttling [Yes/No]","E-core 12 Thermal Throttling [Yes/No]","E-core 13 Thermal Throttling [Yes/No]","Core Critical Temperature (avg) [Yes/No]","P-core 0 Critical Temperature [Yes/No]","P-core 1 Critical Temperature [Yes/No]","P-core 2 Critical Temperature [Yes/No]","P-core 3 Critical Temperature [Yes/No]","P-core 4 Critical Temperature [Yes/No]","P-core 5 Critical Temperature [Yes/No]","E-core 6 Critical Temperature [Yes/No]","E-core 7 Critical Temperature [Yes/No]","E-core 8 Critical Temperature [Yes/No]","E-core 9 Critical Temperature [Yes/No]","E-core 10 Critical Temperature [Yes/No]","E-core 11 Critical Temperature [Yes/No]","E-core 12 Critical Temperature [Yes/No]","E-core 13 Critical Temperature [Yes/No]","Core Power Limit Exceeded (avg) [Yes/No]","P-core 0 Power Limit Exceeded [Yes/No]","P-core 1 Power Limit Exceeded [Yes/No]","P-core 2 Power Limit Exceeded [Yes/No]","P-core 3 Power Limit Exceeded [Yes/No]","P-core 4 Power Limit Exceeded [Yes/No]","P-core 5 Power Limit Exceeded [Yes/No]","E-core 6 Power Limit Exceeded [Yes/No]","E-core 7 Power Limit Exceeded [Yes/No]","E-core 8 Power Limit Exceeded [Yes/No]","E-core 9 Power Limit Exceeded [Yes/No]","E-core 10 Power Limit Exceeded [Yes/No]","E-core 11 Power Limit Exceeded [Yes/No]","E-core 12 Power Limit Exceeded [Yes/No]","E-core 13 Power Limit Exceeded [Yes/No]","Package/Ring Thermal Throttling [Yes/No]","Package/Ring Critical Temperature [Yes/No]","Package/Ring Power Limit Exceeded [Yes/No]","CPU Package [°C]","CPU IA Cores [°C]","CPU GT Cores (Graphics) [°C]","VDDQ TX Voltage [V]","VR VCC Current (SVID IOUT) [A]","CPU Package Power [W]","IA Cores Power [W]","GT Cores Power [W]","System Agent Power [W]","Rest-of-Chip Power [W]","PL1 Power Limit (Static) [W]","PL1 Power Limit (Dynamic) [W]","PL2 Power Limit (Static) [W]","PL2 Power Limit (Dynamic) [W]","Current cTDP Level []","Package C2 Residency [%]","Core C0 Residency (avg) [%]","P-core 0 T0 C0 Residency [%]","P-core 0 T1 C0 Residency [%]","P-core 1 T0 C0 Residency [%]","P-core 1 T1 C0 Residency [%]","P-core 2 T0 C0 Residency [%]","P-core 2 T1 C0 Residency [%]","P-core 3 T0 C0 Residency [%]","P-core 3 T1 C0 Residency [%]","P-core 4 T0 C0 Residency [%]","P-core 4 T1 C0 Residency [%]","P-core 5 T0 C0 Residency [%]","P-core 5 T1 C0 Residency [%]","E-core 6 T0 C0 Residency [%]","E-core 7 T0 C0 Residency [%]","E-core 8 T0 C0 Residency [%]","E-core 9 T0 C0 Residency [%]","E-core 10 T0 C0 Residency [%]","E-core 11 T0 C0 Residency [%]","E-core 12 T0 C0 Residency [%]","E-core 13 T0 C0 Residency [%]","Core C1 Residency (avg) [%]","P-core 0 C1 Residency [%]","P-core 1 C1 Residency [%]","P-core 2 C1 Residency [%]","P-core 3 C1 Residency [%]","P-core 4 C1 Residency [%]","P-core 5 C1 Residency [%]","E-core 6 C1 Residency [%]","E-core 7 C1 Residency [%]","E-core 8 C1 Residency [%]","E-core 9 C1 Residency [%]","E-core 10 C1 Residency [%]","E-core 11 C1 Residency [%]","E-core 12 C1 Residency [%]","E-core 13 C1 Residency [%]","Core C6 Residency (avg) [%]","P-core 0 C6 Residency [%]","P-core 1 C6 Residency [%]","P-core 2 C6 Residency [%]","P-core 3 C6 Residency [%]","P-core 4 C6 Residency [%]","P-core 5 C6 Residency [%]","E-core 6 C6 Residency [%]","E-core 7 C6 Residency [%]","E-core 8 C6 Residency [%]","E-core 9 C6 Residency [%]","E-core 10 C6 Residency [%]","E-core 11 C6 Residency [%]","E-core 12 C6 Residency [%]","E-core 13 C6 Residency [%]","Core C7 Residency (avg) [%]","P-core 0 C7 Residency [%]","P-core 1 C7 Residency [%]","P-core 2 C7 Residency [%]","P-core 3 C7 Residency [%]","P-core 4 C7 Residency [%]","P-core 5 C7 Residency [%]","Memory Clock [MHz]","Memory Clock Ratio [x]","Tcas [T]","Trcd [T]","Trp [T]","Tras [T]","Trc [T]","Trfc [T]","Command Rate [T]","Gear Mode []","IA Limit Reasons (avg) [Yes/No]","IA: PROCHOT [Yes/No]","IA: Thermal Event [Yes/No]","IA: Residency State Regulation [Yes/No]","IA: Running Average Thermal Limit [Yes/No]","IA: VR Thermal Alert [Yes/No]","IA: VR TDC [Yes/No]","IA: Electrical Design Point/Other (ICCmax PL4 SVID DDR RAPL) [Yes/No]","IA: Package-Level RAPL/PBM PL1 [Yes/No]","IA: Package-Level RAPL/PBM PL2 PL3 [Yes/No]","IA: Max Turbo Limit [Yes/No]","IA: Turbo Attenuation (MCT) [Yes/No]","IA: Thermal Velocity Boost [Yes/No]","GT Limit Reasons (avg) [Yes/No]","GT: PROCHOT [Yes/No]","GT: Thermal Event [Yes/No]","GT: DDR RAPL [Yes/No]","GT: Residency State Regulation [Yes/No]","GT: Running Average Thermal Limit [Yes/No]","GT: VR Thermal Alert [Yes/No]","GT: VR TDC [Yes/No]","GT: Max VR Voltage  ICCmax  PL4 [Yes/No]","GT: Domain-Level PBM PLGT [Yes/No]","GT: Package-Level RAPL/PBM PL1 [Yes/No]","GT: Package-Level RAPL/PBM PL2 PL3 [Yes/No]","GT: Inefficient Operation [Yes/No]","GT: Fuses limit [Yes/No]","Ring Limit Reasons (avg) [Yes/No]","RING: PROCHOT [Yes/No]","RING: Thermal Event [Yes/No]","RING: DDR RAPL [Yes/No]","RING: Residency State Regulation [Yes/No]","RING: Running Average Thermal Limit [Yes/No]","RING: VR Thermal Alert [Yes/No]","RING: VR TDC [Yes/No]","RING: Max VR Voltage  ICCmax  PL4 [Yes/No]","RING: Package-Level RAPL/PBM PL1 [Yes/No]","RING: Package-Level RAPL/PBM PL2 PL3 [Yes/No]","PCH Temperature [°C]","CPU [RPM]","GPU [RPM]","GPU [RPM]","SPD Hub Temperature [°C]","VDD (SWA) Voltage [V]","VDDQ (SWB) Voltage [V]","VPP (SWC) Voltage [V]","1.8V VOUT Voltage [V]","1.0V VOUT Voltage [V]","VIN Voltage [V]","Total Power [W]","PMIC High Temperature [Yes/No]","PMIC Over Voltage [Yes/No]","PMIC Under Voltage [Yes/No]","SPD Hub Temperature [°C]","VDD (SWA) Voltage [V]","VDDQ (SWB) Voltage [V]","VPP (SWC) Voltage [V]","1.8V VOUT Voltage [V]","1.0V VOUT Voltage [V]","VIN Voltage [V]","Total Power [W]","PMIC High Temperature [Yes/No]","PMIC Over Voltage [Yes/No]","PMIC Under Voltage [Yes/No]","Drive Temperature [°C]","Drive Temperature 2 [°C]","Drive Remaining Life [%]","Drive Available Spare [%]","Drive Failure [Yes/No]","Drive Warning [Yes/No]","Total Host Writes [GB]","Total Host Reads [GB]","Drive Temperature [°C]","Drive Temperature 3 [°C]","Drive Remaining Life [%]","Drive Available Spare [%]","Drive Failure [Yes/No]","Drive Warning [Yes/No]","Total Host Writes [GB]","Total Host Reads [GB]","Read Activity [%]","Write Activity [%]","Total Activity [%]","Read Rate [MB/s]","Write Rate [MB/s]","Read Total [MB]","Write Total [MB]","Read Activity [%]","Write Activity [%]","Total Activity [%]","Read Rate [MB/s]","Write Rate [MB/s]","Read Total [MB]","Write Total [MB]","GPU Temperature [°C]","GPU Memory Junction Temperature [°C]","GPU Hot Spot Temperature [°C]","GPU Thermal Limit [°C]","GPU Core Voltage [V]","GPU Rail Voltages (avg) [V]","GPU FBVDD Input Voltage [V]","GPU 12VHPWR Voltage [V]","GPU Power [W]","GPU Rail Powers (avg) [W]","GPU Core (NVVDD) Input Power (sum) [W]","GPU FBVDD Input Power [W]","GPU 12VHPWR Power [W]","GPU PCIe +3.3V Input Power (est) [W]","GPU Input PP Source Power (sum) [W]","GPU Core (NVVDD) Output Power [W]","GPU Core (NVVDD) Output Power [W]","GPU Power Limit (rated) [W]","GPU Power Limit (max) [W]","GPU Clock [MHz]","GPU Memory Clock [MHz]","GPU Video Clock [MHz]","GPU Effective Clock [MHz]","GPU Crossbar Clock [MHz]","GPU Core Load [%]","GPU Memory Controller Load [%]","GPU Video Engine Load [%]","GPU Bus Load [%]","GPU Memory Usage [%]","GPU D3D Usages (avg) [%]","GPU D3D Usage [%]","GPU Video Decode 0 Usage [%]","GPU Video Encode 0 Usage [%]","GPU VR Usage [%]","GPU Performance Limiters (avg) [Yes/No]","Performance Limit - Power [Yes/No]","Performance Limit - Thermal [Yes/No]","Performance Limit - Reliability Voltage [Yes/No]","Performance Limit - Max Operating Voltage [Yes/No]","Performance Limit - Utilization [Yes/No]","Performance Limit - SLI GPUBoost Sync [Yes/No]","PCI Express Error Counters (avg) []","Receiver Errors []","Replay Count []","Replay Rollover Count []","Bad DLLP Count []","Bad TLP Count []","LCRC Error Count []","NAKs Sent Count []","NAKs Received Count []","Recovery Count []","Correctable Error Count []","Non-Fatal Error Count []","Fatal Error Count []","Unsupported Request Count []","PCIe Lane 0 Errors []","PCIe Lane 1 Errors []","PCIe Lane 2 Errors []","PCIe Lane 3 Errors []","PCIe Lane 4 Errors []","PCIe Lane 5 Errors []","PCIe Lane 6 Errors []","PCIe Lane 7 Errors []","PCIe Lane 8 Errors []","PCIe Lane 9 Errors []","PCIe Lane 10 Errors []","PCIe Lane 11 Errors []","PCIe Lane 12 Errors []","PCIe Lane 13 Errors []","PCIe Lane 14 Errors []","PCIe Lane 15 Errors []","GPU Memory Available [MB]","GPU Memory Allocated [MB]","GPU D3D Memory Dedicated [MB]","GPU D3D Memory Dynamic [MB]","PCIe Link Speed [GT/s]","GPU Core Temperature [°C]","iGPU VID [V]","IGPU Power [W]","GPU Clock [MHz]","GPU Memory Clock [MHz]","GPU Total Usage [%]","GPU Computing Usage [%]","GPU Media Engine Usage [%]","GPU D3D Utilizations (avg) [%]","GPU D3D Usage [%]","GPU Video Decode 0 Usage [%]","GPU Video Processing 0 Usage [%]","GPU Copy Engine Usage [%]","GPU Memory Usage [%]","GPU Memory Allocated [MB]","GPU Memory Available [MB]","GPU D3D Memory Dynamic [MB]","GPU Throttle Reasons (avg) [Yes/No]","Avg. Power (PL1) [Yes/No]","Burst Power (PL2) [Yes/No]","Current (PL4) [Yes/No]","Thermal [Yes/No]","Power Supply [Yes/No]","Software Limit [Yes/No]","Hardware Limit [Yes/No]","Battery Voltage [V]","Remaining Capacity [Wh]","Charge Level [%]","Charge Rate [W]","Wear Level [%]","Framerate [FPS]","Framerate 1% Low [FPS]","Framerate 0.1% Low [FPS]","Frame Time [ms]","Framerate Presented (avg) [FPS]","Framerate Presented (99%) [FPS]","Framerate Presented (1%) [FPS]","Framerate Presented (0.1%) [FPS]","Framerate Presented (1% low) [FPS]","Framerate Presented (0.1% low) [FPS]","Framerate Displayed (avg) [FPS]","Framerate Displayed (99%) [FPS]","Framerate Displayed (1%) [FPS]","Framerate Displayed (0.1%) [FPS]","Framerate Displayed (1% low) [FPS]","Framerate Displayed (0.1% low) [FPS]","Frame Time Presented (avg) [ms]","Frame Time Presented (99%) [ms]","Frame Time Presented (1%) [ms]","Frame Time Presented (0.1%) [ms]","Frame Time Displayed (1% high) [ms]","Frame Time Displayed (0.1% high) [ms]","GPU Busy (avg) [ms]","GPU Wait (avg) [ms]","CPU Busy (avg) [ms]","CPU Wait (avg) [ms]","Animation Error (avg) [ms]","Total DL [MB]","Total UP [MB]","Current DL rate [KB/s]","Current UP rate [KB/s]","Total DL [MB]","Total UP [MB]","Current DL rate [KB/s]","Current UP rate [KB/s]","Total Errors []",
,,System: ASUS ROG Strix G614JI_G614JI,System: ASUS ROG Strix G614JI_G614JI,System: ASUS ROG Strix G614JI_G614JI,System: ASUS ROG Strix G614JI_G614JI,System: ASUS ROG Strix G614JI_G614JI,System: ASUS ROG Strix G614JI_G614JI,System: ASUS ROG Strix G614JI_G614JI,System: ASUS ROG Strix G614JI_G614JI,System: ASUS ROG Strix G614JI_G614JI,CPU [#0]: Intel Core i7-13650HX,CPU [#0]: Intel Core i7-13650HX,CPU [#0]: Intel Core i7-13650HX,CPU [#0]: Intel Core i7-13650HX,CPU [#0]: Intel Core i7-13650HX,CPU [#0]: Intel Core i7-13650HX,CPU [#0]: Intel Core i7-13650HX,CPU [#0]: Intel Core i7-13650HX,CPU [#0]: Intel Core i7-13650HX,CPU [#0]: Intel Core i7-13650HX,CPU [#0]: Intel Core i7-13650HX,CPU [#0]: Intel Core i7-13650HX,CPU [#0]: Intel Core i7-13650HX,CPU [#0]: Intel Core i7-13650HX,CPU [#0]: Intel Core i7-13650HX,CPU [#0]: Intel Core i7-13650HX,CPU [#0]: Intel Core i7-13650HX,CPU [#0]: Intel Core i7-13650HX,CPU [#0]: Intel Core i7-13650HX,CPU [#0]: Intel Core i7-13650HX,CPU [#0]: Intel Core i7-13650HX,CPU [#0]: Intel Core i7-13650HX,CPU [#0]: Intel Core i7-13650HX,CPU [#0]: Intel Core i7-13650HX,CPU [#0]: Intel Core i7-13650HX,CPU [#0]: Intel Core i7-13650HX,CPU [#0]: Intel Core i7-13650HX,CPU [#0]: Intel Core i7-13650HX,CPU [#0]: Intel Core i7-13650HX,CPU [#0]: Intel Core i7-13650HX,CPU [#0]: Intel Core i7-13650HX,CPU [#0]: Intel Core i7-13650HX,CPU [#0]: Intel Core i7-13650HX,CPU [#0]: Intel Core i7-13650HX,CPU [#0]: Intel Core i7-13650HX,CPU [#0]: Intel Core i7-13650HX,CPU [#0]: Intel Core i7-13650HX,CPU [#0]: Intel Core i7-13650HX,CPU [#0]: Intel Core i7-13650HX,CPU [#0]: Intel Core i7-13650HX,CPU [#0]: Intel Core i7-13650HX,CPU [#0]: Intel Core i7-13650HX,CPU [#0]: Intel Core i7-13650HX,CPU [#0]: Intel Core i7-13650HX,CPU [#0]: Intel Core i7-13650HX,CPU [#0]: Intel Core i7-13650HX,CPU [#0]: Intel Core i7-13650HX,CPU [#0]: Intel Core i7-13650HX,CPU [#0]: Intel Core i7-13650HX,CPU [#0]: Intel Core i7-13650HX,CPU [#0]: Intel Core i7-13650HX,CPU [#0]: Intel Core i7-13650HX,CPU [#0]: Intel Core i7-13650HX,CPU [#0]: Intel Core i7-13650HX,CPU [#0]: Intel Core i7-13650HX,CPU [#0]: Intel Core i7-13650HX,CPU [#0]: Intel Core i7-13650HX,CPU [#0]: Intel Core i7-13650HX,CPU [#0]: Intel Core i7-13650HX,CPU [#0]: Intel Core i7-13650HX,CPU [#0]: Intel Core i7-13650HX,CPU [#0]: Intel Core i7-13650HX,CPU [#0]: Intel Core i7-13650HX,CPU [#0]: Intel Core i7-13650HX,CPU [#0]: Intel Core i7-13650HX,CPU [#0]: Intel Core i7-13650HX,CPU [#0]: Intel Core i7-13650HX,CPU [#0]: Intel Core i7-13650HX,CPU [#0]: Intel Core i7-13650HX,CPU [#0]: Intel Core i7-13650HX,CPU [#0]: Intel Core i7-13650HX,CPU [#0]: Intel Core i7-13650HX,CPU [#0]: Intel Core i7-13650HX,CPU [#0]: Intel Core i7-13650HX,CPU [#0]: Intel Core i7-13650HX,CPU [#0]: Intel Core i7-13650HX,CPU [#0]: Intel Core i7-13650HX,CPU [#0]: Intel Core i7-13650HX,CPU [#0]: Intel Core i7-13650HX,CPU [#0]: Intel Core i7-13650HX,CPU [#0]: Intel Core i7-13650HX,CPU [#0]: Intel Core i7-13650HX,CPU [#0]: Intel Core i7-13650HX,CPU [#0]: Intel Core i7-13650HX,CPU [#0]: Intel Core i7-13650HX,CPU [#0]: Intel Core i7-13650HX,CPU [#0]: Intel Core i7-13650HX,CPU [#0]: Intel Core i7-13650HX,CPU [#0]: Intel Core i7-13650HX,CPU [#0]: Intel Core i7-13650HX,CPU [#0]: Intel Core i7-13650HX,CPU [#0]: Intel Core i7-13650HX,CPU [#0]: Intel Core i7-13650HX,CPU [#0]: Intel Core i7-13650HX,CPU [#0]: Intel Core i7-13650HX,CPU [#0]: Intel Core i7-13650HX,CPU [#0]: Intel Core i7-13650HX,CPU [#0]: Intel Core i7-13650HX,CPU [#0]: Intel Core i7-13650HX,CPU [#0]: Intel Core i7-13650HX,CPU [#0]: Intel Core i7-13650HX,CPU [#0]: Intel Core i7-13650HX,CPU [#0]: Intel Core i7-13650HX,CPU [#0]: Intel Core i7-13650HX,CPU [#0]: Intel Core i7-13650HX,CPU [#0]: Intel Core i7-13650HX,CPU [#0]: Intel Core i7-13650HX,CPU [#0]: Intel Core i7-13650HX,CPU [#0]: Intel Core i7-13650HX,CPU [#0]: Intel Core i7-13650HX,CPU [#0]: Intel Core i7-13650HX,CPU [#0]: Intel Core i7-13650HX,CPU [#0]: Intel Core i7-13650HX,CPU [#0]: Intel Core i7-13650HX,CPU [#0]: Intel Core i7-13650HX,CPU [#0]: Intel Core i7-13650HX,CPU [#0]: Intel Core i7-13650HX,CPU [#0]: Intel Core i7-13650HX,CPU [#0]: Intel Core i7-13650HX: DTS,CPU [#0]: Intel Core i7-13650HX: DTS,CPU [#0]: Intel Core i7-13650HX: DTS,CPU [#0]: Intel Core i7-13650HX: DTS,CPU [#0]: Intel Core i7-13650HX: DTS,CPU [#0]: Intel Core i7-13650HX: DTS,CPU [#0]: Intel Core i7-13650HX: DTS,CPU [#0]: Intel Core i7-13650HX: DTS,CPU [#0]: Intel Core i7-13650HX: DTS,CPU [#0]: Intel Core i7-13650HX: DTS,CPU [#0]: Intel Core i7-13650HX: DTS,CPU [#0]: Intel Core i7-13650HX: DTS,CPU [#0]: Intel Core i7-13650HX: DTS,CPU [#0]: Intel Core i7-13650HX: DTS,CPU [#0]: Intel Core i7-13650HX: DTS,CPU [#0]: Intel Core i7-13650HX: DTS,CPU [#0]: Intel Core i7-13650HX: DTS,CPU [#0]: Intel Core i7-13650HX: DTS,CPU [#0]: Intel Core i7-13650HX: DTS,CPU [#0]: Intel Core i7-13650HX: DTS,CPU [#0]: Intel Core i7-13650HX: DTS,CPU [#0]: Intel Core i7-13650HX: DTS,CPU [#0]: Intel Core i7-13650HX: DTS,CPU [#0]: Intel Core i7-13650HX: DTS,CPU [#0]: Intel Core i7-13650HX: DTS,CPU [#0]: Intel Core i7-13650HX: DTS,CPU [#0]: Intel Core i7-13650HX: DTS,CPU [#0]: Intel Core i7-13650HX: DTS,CPU [#0]: Intel Core i7-13650HX: DTS,CPU [#0]: Intel Core i7-13650HX: DTS,CPU [#0]: Intel Core i7-13650HX: DTS,CPU [#0]: Intel Core i7-13650HX: DTS,CPU [#0]: Intel Core i7-13650HX: DTS,CPU [#0]: Intel Core i7-13650HX: DTS,CPU [#0]: Intel Core i7-13650HX: DTS,CPU [#0]: Intel Core i7-13650HX: DTS,CPU [#0]: Intel Core i7-13650HX: DTS,CPU [#0]: Intel Core i7-13650HX: DTS,CPU [#0]: Intel Core i7-13650HX: DTS,CPU [#0]: Intel Core i7-13650HX: DTS,CPU [#0]: Intel Core i7-13650HX: DTS,CPU [#0]: Intel Core i7-13650HX: DTS,CPU [#0]: Intel Core i7-13650HX: DTS,CPU [#0]: Intel Core i7-13650HX: DTS,CPU [#0]: Intel Core i7-13650HX: DTS,CPU [#0]: Intel Core i7-13650HX: DTS,CPU [#0]: Intel Core i7-13650HX: DTS,CPU [#0]: Intel Core i7-13650HX: DTS,CPU [#0]: Intel Core i7-13650HX: DTS,CPU [#0]: Intel Core i7-13650HX: DTS,CPU [#0]: Intel Core i7-13650HX: DTS,CPU [#0]: Intel Core i7-13650HX: DTS,CPU [#0]: Intel Core i7-13650HX: DTS,CPU [#0]: Intel Core i7-13650HX: DTS,CPU [#0]: Intel Core i7-13650HX: DTS,CPU [#0]: Intel Core i7-13650HX: DTS,CPU [#0]: Intel Core i7-13650HX: DTS,CPU [#0]: Intel Core i7-13650HX: DTS,CPU [#0]: Intel Core i7-13650HX: DTS,CPU [#0]: Intel Core i7-13650HX: DTS,CPU [#0]: Intel Core i7-13650HX: DTS,CPU [#0]: Intel Core i7-13650HX: DTS,CPU [#0]: Intel Core i7-13650HX: DTS,CPU [#0]: Intel Core i7-13650HX: DTS,CPU [#0]: Intel Core i7-13650HX: DTS,CPU [#0]: Intel Core i7-13650HX: DTS,CPU [#0]: Intel Core i7-13650HX: DTS,CPU [#0]: Intel Core i7-13650HX: DTS,CPU [#0]: Intel Core i7-13650HX: DTS,CPU [#0]: Intel Core i7-13650HX: DTS,CPU [#0]: Intel Core i7-13650HX: DTS,CPU [#0]: Intel Core i7-13650HX: DTS,CPU [#0]: Intel Core i7-13650HX: DTS,CPU [#0]: Intel Core i7-13650HX: DTS,CPU [#0]: Intel Core i7-13650HX: DTS,CPU [#0]: Intel Core i7-13650HX: DTS,CPU [#0]: Intel Core i7-13650HX: DTS,CPU [#0]: Intel Core i7-13650HX: DTS,CPU [#0]: Intel Core i7-13650HX: DTS,CPU [#0]: Intel Core i7-13650HX: DTS,CPU [#0]: Intel Core i7-13650HX: Enhanced,CPU [#0]: Intel Core i7-13650HX: Enhanced,CPU [#0]: Intel Core i7-13650HX: Enhanced,CPU [#0]: Intel Core i7-13650HX: Enhanced,CPU [#0]: Intel Core i7-13650HX: Enhanced,CPU [#0]: Intel Core i7-13650HX: Enhanced,CPU [#0]: Intel Core i7-13650HX: Enhanced,CPU [#0]: Intel Core i7-13650HX: Enhanced,CPU [#0]: Intel Core i7-13650HX: Enhanced,CPU [#0]: Intel Core i7-13650HX: Enhanced,CPU [#0]: Intel Core i7-13650HX: Enhanced,CPU [#0]: Intel Core i7-13650HX: Enhanced,CPU [#0]: Intel Core i7-13650HX: Enhanced,CPU [#0]: Intel Core i7-13650HX: Enhanced,CPU [#0]: Intel Core i7-13650HX: Enhanced,CPU [#0]: Intel Core i7-13650HX: C-State Residency,CPU [#0]: Intel Core i7-13650HX: C-State Residency,CPU [#0]: Intel Core i7-13650HX: C-State Residency,CPU [#0]: Intel Core i7-13650HX: C-State Residency,CPU [#0]: Intel Core i7-13650HX: C-State Residency,CPU [#0]: Intel Core i7-13650HX: C-State Residency,CPU [#0]: Intel Core i7-13650HX: C-State Residency,CPU [#0]: Intel Core i7-13650HX: C-State Residency,CPU [#0]: Intel Core i7-13650HX: C-State Residency,CPU [#0]: Intel Core i7-13650HX: C-State Residency,CPU [#0]: Intel Core i7-13650HX: C-State Residency,CPU [#0]: Intel Core i7-13650HX: C-State Residency,CPU [#0]: Intel Core i7-13650HX: C-State Residency,CPU [#0]: Intel Core i7-13650HX: C-State Residency,CPU [#0]: Intel Core i7-13650HX: C-State Residency,CPU [#0]: Intel Core i7-13650HX: C-State Residency,CPU [#0]: Intel Core i7-13650HX: C-State Residency,CPU [#0]: Intel Core i7-13650HX: C-State Residency,CPU [#0]: Intel Core i7-13650HX: C-State Residency,CPU [#0]: Intel Core i7-13650HX: C-State Residency,CPU [#0]: Intel Core i7-13650HX: C-State Residency,CPU [#0]: Intel Core i7-13650HX: C-State Residency,CPU [#0]: Intel Core i7-13650HX: C-State Residency,CPU [#0]: Intel Core i7-13650HX: C-State Residency,CPU [#0]: Intel Core i7-13650HX: C-State Residency,CPU [#0]: Intel Core i7-13650HX: C-State Residency,CPU [#0]: Intel Core i7-13650HX: C-State Residency,CPU [#0]: Intel Core i7-13650HX: C-State Residency,CPU [#0]: Intel Core i7-13650HX: C-State Residency,CPU [#0]: Intel Core i7-13650HX: C-State Residency,CPU [#0]: Intel Core i7-13650HX: C-State Residency,CPU [#0]: Intel Core i7-13650HX: C-State Residency,CPU [#0]: Intel Core i7-13650HX: C-State Residency,CPU [#0]: Intel Core i7-13650HX: C-State Residency,CPU [#0]: Intel Core i7-13650HX: C-State Residency,CPU [#0]: Intel Core i7-13650HX: C-State Residency,CPU [#0]: Intel Core i7-13650HX: C-State Residency,CPU [#0]: Intel Core i7-13650HX: C-State Residency,CPU [#0]: Intel Core i7-13650HX: C-State Residency,CPU [#0]: Intel Core i7-13650HX: C-State Residency,CPU [#0]: Intel Core i7-13650HX: C-State Residency,CPU [#0]: Intel Core i7-13650HX: C-State Residency,CPU [#0]: Intel Core i7-13650HX: C-State Residency,CPU [#0]: Intel Core i7-13650HX: C-State Residency,CPU [#0]: Intel Core i7-13650HX: C-State Residency,CPU [#0]: Intel Core i7-13650HX: C-State Residency,CPU [#0]: Intel Core i7-13650HX: C-State Residency,CPU [#0]: Intel Core i7-13650HX: C-State Residency,CPU [#0]: Intel Core i7-13650HX: C-State Residency,CPU [#0]: Intel Core i7-13650HX: C-State Residency,CPU [#0]: Intel Core i7-13650HX: C-State Residency,CPU [#0]: Intel Core i7-13650HX: C-State Residency,CPU [#0]: Intel Core i7-13650HX: C-State Residency,CPU [#0]: Intel Core i7-13650HX: C-State Residency,CPU [#0]: Intel Core i7-13650HX: C-State Residency,CPU [#0]: Intel Core i7-13650HX: C-State Residency,CPU [#0]: Intel Core i7-13650HX: C-State Residency,CPU [#0]: Intel Core i7-13650HX: C-State Residency,CPU [#0]: Intel Core i7-13650HX: C-State Residency,Memory Timings,Memory Timings,Memory Timings,Memory Timings,Memory Timings,Memory Timings,Memory Timings,Memory Timings,Memory Timings,Memory Timings,CPU [#0]: Intel Core i7-13650HX: Performance Limit Reasons,CPU [#0]: Intel Core i7-13650HX: Performance Limit Reasons,CPU [#0]: Intel Core i7-13650HX: Performance Limit Reasons,CPU [#0]: Intel Core i7-13650HX: Performance Limit Reasons,CPU [#0]: Intel Core i7-13650HX: Performance Limit Reasons,CPU [#0]: Intel Core i7-13650HX: Performance Limit Reasons,CPU [#0]: Intel Core i7-13650HX: Performance Limit Reasons,CPU [#0]: Intel Core i7-13650HX: Performance Limit Reasons,CPU [#0]: Intel Core i7-13650HX: Performance Limit Reasons,CPU [#0]: Intel Core i7-13650HX: Performance Limit Reasons,CPU [#0]: Intel Core i7-13650HX: Performance Limit Reasons,CPU [#0]: Intel Core i7-13650HX: Performance Limit Reasons,CPU [#0]: Intel Core i7-13650HX: Performance Limit Reasons,CPU [#0]: Intel Core i7-13650HX: Performance Limit Reasons,CPU [#0]: Intel Core i7-13650HX: Performance Limit Reasons,CPU [#0]: Intel Core i7-13650HX: Performance Limit Reasons,CPU [#0]: Intel Core i7-13650HX: Performance Limit Reasons,CPU [#0]: Intel Core i7-13650HX: Performance Limit Reasons,CPU [#0]: Intel Core i7-13650HX: Performance Limit Reasons,CPU [#0]: Intel Core i7-13650HX: Performance Limit Reasons,CPU [#0]: Intel Core i7-13650HX: Performance Limit Reasons,CPU [#0]: Intel Core i7-13650HX: Performance Limit Reasons,CPU [#0]: Intel Core i7-13650HX: Performance Limit Reasons,CPU [#0]: Intel Core i7-13650HX: Performance Limit Reasons,CPU [#0]: Intel Core i7-13650HX: Performance Limit Reasons,CPU [#0]: Intel Core i7-13650HX: Performance Limit Reasons,CPU [#0]: Intel Core i7-13650HX: Performance Limit Reasons,CPU [#0]: Intel Core i7-13650HX: Performance Limit Reasons,CPU [#0]: Intel Core i7-13650HX: Performance Limit Reasons,CPU [#0]: Intel Core i7-13650HX: Performance Limit Reasons,CPU [#0]: Intel Core i7-13650HX: Performance Limit Reasons,CPU [#0]: Intel Core i7-13650HX: Performance Limit Reasons,CPU [#0]: Intel Core i7-13650HX: Performance Limit Reasons,CPU [#0]: Intel Core i7-13650HX: Performance Limit Reasons,CPU [#0]: Intel Core i7-13650HX: Performance Limit Reasons,CPU [#0]: Intel Core i7-13650HX: Performance Limit Reasons,CPU [#0]: Intel Core i7-13650HX: Performance Limit Reasons,CPU [#0]: Intel Core i7-13650HX: Performance Limit Reasons,ASUS G614JI (Intel PCH),ASUS NB EC: ASUS ROG Strix G614JI_G614JI,ASUS NB EC: ASUS ROG Strix G614JI_G614JI,ASUS NB EC: ASUS ROG Strix G614JI_G614JI,DDR5 DIMM [#0]: Kingston KF556S40-16 (BANK 0/Controller0-ChannelA-DIMM0),DDR5 DIMM [#0]: Kingston KF556S40-16 (BANK 0/Controller0-ChannelA-DIMM0),DDR5 DIMM [#0]: Kingston KF556S40-16 (BANK 0/Controller0-ChannelA-DIMM0),DDR5 DIMM [#0]: Kingston KF556S40-16 (BANK 0/Controller0-ChannelA-DIMM0),DDR5 DIMM [#0]: Kingston KF556S40-16 (BANK 0/Controller0-ChannelA-DIMM0),DDR5 DIMM [#0]: Kingston KF556S40-16 (BANK 0/Controller0-ChannelA-DIMM0),DDR5 DIMM [#0]: Kingston KF556S40-16 (BANK 0/Controller0-ChannelA-DIMM0),DDR5 DIMM [#0]: Kingston KF556S40-16 (BANK 0/Controller0-ChannelA-DIMM0),DDR5 DIMM [#0]: Kingston KF556S40-16 (BANK 0/Controller0-ChannelA-DIMM0),DDR5 DIMM [#0]: Kingston KF556S40-16 (BANK 0/Controller0-ChannelA-DIMM0),DDR5 DIMM [#0]: Kingston KF556S40-16 (BANK 0/Controller0-ChannelA-DIMM0),DDR5 DIMM [#2]: Kingston KF556S40-16 (BANK 0/Controller1-ChannelA-DIMM0),DDR5 DIMM [#2]: Kingston KF556S40-16 (BANK 0/Controller1-ChannelA-DIMM0),DDR5 DIMM [#2]: Kingston KF556S40-16 (BANK 0/Controller1-ChannelA-DIMM0),DDR5 DIMM [#2]: Kingston KF556S40-16 (BANK 0/Controller1-ChannelA-DIMM0),DDR5 DIMM [#2]: Kingston KF556S40-16 (BANK 0/Controller1-ChannelA-DIMM0),DDR5 DIMM [#2]: Kingston KF556S40-16 (BANK 0/Controller1-ChannelA-DIMM0),DDR5 DIMM [#2]: Kingston KF556S40-16 (BANK 0/Controller1-ChannelA-DIMM0),DDR5 DIMM [#2]: Kingston KF556S40-16 (BANK 0/Controller1-ChannelA-DIMM0),DDR5 DIMM [#2]: Kingston KF556S40-16 (BANK 0/Controller1-ChannelA-DIMM0),DDR5 DIMM [#2]: Kingston KF556S40-16 (BANK 0/Controller1-ChannelA-DIMM0),DDR5 DIMM [#2]: Kingston KF556S40-16 (BANK 0/Controller1-ChannelA-DIMM0),S.M.A.R.T.: Micron_2400_MTFDKBA1T0QFM (22383CE6F7AC) [C:  D:],S.M.A.R.T.: Micron_2400_MTFDKBA1T0QFM (22383CE6F7AC) [C:  D:],S.M.A.R.T.: Micron_2400_MTFDKBA1T0QFM (22383CE6F7AC) [C:  D:],S.M.A.R.T.: Micron_2400_MTFDKBA1T0QFM (22383CE6F7AC) [C:  D:],S.M.A.R.T.: Micron_2400_MTFDKBA1T0QFM (22383CE6F7AC) [C:  D:],S.M.A.R.T.: Micron_2400_MTFDKBA1T0QFM (22383CE6F7AC) [C:  D:],S.M.A.R.T.: Micron_2400_MTFDKBA1T0QFM (22383CE6F7AC) [C:  D:],S.M.A.R.T.: Micron_2400_MTFDKBA1T0QFM (22383CE6F7AC) [C:  D:],S.M.A.R.T.: KINGSTON SNV3S1000G (50026B768769C551) [E:],S.M.A.R.T.: KINGSTON SNV3S1000G (50026B768769C551) [E:],S.M.A.R.T.: KINGSTON SNV3S1000G (50026B768769C551) [E:],S.M.A.R.T.: KINGSTON SNV3S1000G (50026B768769C551) [E:],S.M.A.R.T.: KINGSTON SNV3S1000G (50026B768769C551) [E:],S.M.A.R.T.: KINGSTON SNV3S1000G (50026B768769C551) [E:],S.M.A.R.T.: KINGSTON SNV3S1000G (50026B768769C551) [E:],S.M.A.R.T.: KINGSTON SNV3S1000G (50026B768769C551) [E:],Drive: Micron_2400_MTFDKBA1T0QFM (22383CE6F7AC) [C:  D:],Drive: Micron_2400_MTFDKBA1T0QFM (22383CE6F7AC) [C:  D:],Drive: Micron_2400_MTFDKBA1T0QFM (22383CE6F7AC) [C:  D:],Drive: Micron_2400_MTFDKBA1T0QFM (22383CE6F7AC) [C:  D:],Drive: Micron_2400_MTFDKBA1T0QFM (22383CE6F7AC) [C:  D:],Drive: Micron_2400_MTFDKBA1T0QFM (22383CE6F7AC) [C:  D:],Drive: Micron_2400_MTFDKBA1T0QFM (22383CE6F7AC) [C:  D:],Drive: KINGSTON SNV3S1000G (50026B768769C551) [E:],Drive: KINGSTON SNV3S1000G (50026B768769C551) [E:],Drive: KINGSTON SNV3S1000G (50026B768769C551) [E:],Drive: KINGSTON SNV3S1000G (50026B768769C551) [E:],Drive: KINGSTON SNV3S1000G (50026B768769C551) [E:],Drive: KINGSTON SNV3S1000G (50026B768769C551) [E:],Drive: KINGSTON SNV3S1000G (50026B768769C551) [E:],dGPU [#1]: NVIDIA GeForce RTX 4070 Laptop,dGPU [#1]: NVIDIA GeForce RTX 4070 Laptop,dGPU [#1]: NVIDIA GeForce RTX 4070 Laptop,dGPU [#1]: NVIDIA GeForce RTX 4070 Laptop,dGPU [#1]: NVIDIA GeForce RTX 4070 Laptop,dGPU [#1]: NVIDIA GeForce RTX 4070 Laptop,dGPU [#1]: NVIDIA GeForce RTX 4070 Laptop,dGPU [#1]: NVIDIA GeForce RTX 4070 Laptop,dGPU [#1]: NVIDIA GeForce RTX 4070 Laptop,dGPU [#1]: NVIDIA GeForce RTX 4070 Laptop,dGPU [#1]: NVIDIA GeForce RTX 4070 Laptop,dGPU [#1]: NVIDIA GeForce RTX 4070 Laptop,dGPU [#1]: NVIDIA GeForce RTX 4070 Laptop,dGPU [#1]: NVIDIA GeForce RTX 4070 Laptop,dGPU [#1]: NVIDIA GeForce RTX 4070 Laptop,dGPU [#1]: NVIDIA GeForce RTX 4070 Laptop,dGPU [#1]: NVIDIA GeForce RTX 4070 Laptop,dGPU [#1]: NVIDIA GeForce RTX 4070 Laptop,dGPU [#1]: NVIDIA GeForce RTX 4070 Laptop,dGPU [#1]: NVIDIA GeForce RTX 4070 Laptop,dGPU [#1]: NVIDIA GeForce RTX 4070 Laptop,dGPU [#1]: NVIDIA GeForce RTX 4070 Laptop,dGPU [#1]: NVIDIA GeForce RTX 4070 Laptop,dGPU [#1]: NVIDIA GeForce RTX 4070 Laptop,dGPU [#1]: NVIDIA GeForce RTX 4070 Laptop,dGPU [#1]: NVIDIA GeForce RTX 4070 Laptop,dGPU [#1]: NVIDIA GeForce RTX 4070 Laptop,dGPU [#1]: NVIDIA GeForce RTX 4070 Laptop,dGPU [#1]: NVIDIA GeForce RTX 4070 Laptop,dGPU [#1]: NVIDIA GeForce RTX 4070 Laptop,dGPU [#1]: NVIDIA GeForce RTX 4070 Laptop,dGPU [#1]: NVIDIA GeForce RTX 4070 Laptop,dGPU [#1]: NVIDIA GeForce RTX 4070 Laptop,dGPU [#1]: NVIDIA GeForce RTX 4070 Laptop,dGPU [#1]: NVIDIA GeForce RTX 4070 Laptop,dGPU [#1]: NVIDIA GeForce RTX 4070 Laptop,dGPU [#1]: NVIDIA GeForce RTX 4070 Laptop,dGPU [#1]: NVIDIA GeForce RTX 4070 Laptop,dGPU [#1]: NVIDIA GeForce RTX 4070 Laptop,dGPU [#1]: NVIDIA GeForce RTX 4070 Laptop,dGPU [#1]: NVIDIA GeForce RTX 4070 Laptop,dGPU [#1]: NVIDIA GeForce RTX 4070 Laptop,dGPU [#1]: NVIDIA GeForce RTX 4070 Laptop,dGPU [#1]: NVIDIA GeForce RTX 4070 Laptop,dGPU [#1]: NVIDIA GeForce RTX 4070 Laptop,dGPU [#1]: NVIDIA GeForce RTX 4070 Laptop,dGPU [#1]: NVIDIA GeForce RTX 4070 Laptop,dGPU [#1]: NVIDIA GeForce RTX 4070 Laptop,dGPU [#1]: NVIDIA GeForce RTX 4070 Laptop,dGPU [#1]: NVIDIA GeForce RTX 4070 Laptop,dGPU [#1]: NVIDIA GeForce RTX 4070 Laptop,dGPU [#1]: NVIDIA GeForce RTX 4070 Laptop,dGPU [#1]: NVIDIA GeForce RTX 4070 Laptop,dGPU [#1]: NVIDIA GeForce RTX 4070 Laptop,dGPU [#1]: NVIDIA GeForce RTX 4070 Laptop,dGPU [#1]: NVIDIA GeForce RTX 4070 Laptop,dGPU [#1]: NVIDIA GeForce RTX 4070 Laptop,dGPU [#1]: NVIDIA GeForce RTX 4070 Laptop,dGPU [#1]: NVIDIA GeForce RTX 4070 Laptop,dGPU [#1]: NVIDIA GeForce RTX 4070 Laptop,dGPU [#1]: NVIDIA GeForce RTX 4070 Laptop,dGPU [#1]: NVIDIA GeForce RTX 4070 Laptop,dGPU [#1]: NVIDIA GeForce RTX 4070 Laptop,dGPU [#1]: NVIDIA GeForce RTX 4070 Laptop,dGPU [#1]: NVIDIA GeForce RTX 4070 Laptop,dGPU [#1]: NVIDIA GeForce RTX 4070 Laptop,dGPU [#1]: NVIDIA GeForce RTX 4070 Laptop,dGPU [#1]: NVIDIA GeForce RTX 4070 Laptop,dGPU [#1]: NVIDIA GeForce RTX 4070 Laptop,dGPU [#1]: NVIDIA GeForce RTX 4070 Laptop,dGPU [#1]: NVIDIA GeForce RTX 4070 Laptop,dGPU [#1]: NVIDIA GeForce RTX 4070 Laptop,dGPU [#1]: NVIDIA GeForce RTX 4070 Laptop,dGPU [#1]: NVIDIA GeForce RTX 4070 Laptop,dGPU [#1]: NVIDIA GeForce RTX 4070 Laptop,dGPU [#1]: NVIDIA GeForce RTX 4070 Laptop,iGPU [#0]: Intel UHD Graphics,iGPU [#0]: Intel UHD Graphics,iGPU [#0]: Intel UHD Graphics,iGPU [#0]: Intel UHD Graphics,iGPU [#0]: Intel UHD Graphics,iGPU [#0]: Intel UHD Graphics,iGPU [#0]: Intel UHD Graphics,iGPU [#0]: Intel UHD Graphics,iGPU [#0]: Intel UHD Graphics,iGPU [#0]: Intel UHD Graphics,iGPU [#0]: Intel UHD Graphics,iGPU [#0]: Intel UHD Graphics,iGPU [#0]: Intel UHD Graphics,iGPU [#0]: Intel UHD Graphics,iGPU [#0]: Intel UHD Graphics,iGPU [#0]: Intel UHD Graphics,iGPU [#0]: Intel UHD Graphics,iGPU [#0]: Intel UHD Graphics,iGPU [#0]: Intel UHD Graphics,iGPU [#0]: Intel UHD Graphics,iGPU [#0]: Intel UHD Graphics,iGPU [#0]: Intel UHD Graphics,iGPU [#0]: Intel UHD Graphics,iGPU [#0]: Intel UHD Graphics,iGPU [#0]: Intel UHD Graphics,Battery: AS3GYFG3KC R220358,Battery: AS3GYFG3KC R220358,Battery: AS3GYFG3KC R220358,Battery: AS3GYFG3KC R220358,Battery: AS3GYFG3KC R220358,RTSS,RTSS,RTSS,RTSS,PresentMon [dwm.exe],PresentMon [dwm.exe],PresentMon [dwm.exe],PresentMon [dwm.exe],PresentMon [dwm.exe],PresentMon [dwm.exe],PresentMon [dwm.exe],PresentMon [dwm.exe],PresentMon [dwm.exe],PresentMon [dwm.exe],PresentMon [dwm.exe],PresentMon [dwm.exe],PresentMon [dwm.exe],PresentMon [dwm.exe],PresentMon [dwm.exe],PresentMon [dwm.exe],PresentMon [dwm.exe],PresentMon [dwm.exe],PresentMon [dwm.exe],PresentMon [dwm.exe],PresentMon [dwm.exe],PresentMon [dwm.exe],PresentMon [dwm.exe],Network: Intel Wi-Fi 6E AX211 160MHz - Wi-Fi,Network: Intel Wi-Fi 6E AX211 160MHz - Wi-Fi,Network: Intel Wi-Fi 6E AX211 160MHz - Wi-Fi,Network: Intel Wi-Fi 6E AX211 160MHz - Wi-Fi,Network: RealTek Semiconductor RTL8168/8111 PCI-E Gigabit Ethernet NIC - Ethernet,Network: RealTek Semiconductor RTL8168/8111 PCI-E Gigabit Ethernet NIC - Ethernet,Network: RealTek Semiconductor RTL8168/8111 PCI-E Gigabit Ethernet NIC - Ethernet,Network: RealTek Semiconductor RTL8168/8111 PCI-E Gigabit Ethernet NIC - Ethernet,Windows Hardware Errors (WHEA),
