Date,Time,"Virtual Memory Committed [MB]","Virtual Memory Available [MB]","Virtual Memory Load [%]","Physical Memory Used [MB]","Physical Memory Available [MB]","Physical Memory Load [%]","Page File Usage [%]","Page File Total [MB]","Page File Used [MB]","Core VIDs (avg) [V]","P-core 0 VID [V]","P-core 1 VID [V]","P-core 2 VID [V]","P-core 3 VID [V]","P-core 4 VID [V]","P-core 5 VID [V]","E-core 6 VID [V]","E-core 7 VID [V]","E-core 8 VID [V]","E-core 9 VID [V]","E-core 10 VID [V]","E-core 11 VID [V]","E-core 12 VID [V]","E-core 13 VID [V]","Uncore VID [V]","SA VID [V]","Core Clocks (avg) [MHz]","P-core 0 Clock [MHz]","P-core 1 Clock [MHz]","P-core 2 Clock [MHz]","P-core 3 Clock [MHz]","P-core 4 Clock [MHz]","P-core 5 Clock [MHz]","E-core 6 Clock [MHz]","E-core 7 Clock [MHz]","E-core 8 Clock [MHz]","E-core 9 Clock [MHz]","E-core 10 Clock [MHz]","E-core 11 Clock [MHz]","E-core 12 Clock [MHz]","E-core 13 Clock [MHz]","Bus Clock [MHz]","Ring/LLC Clock [MHz]","Core Effective Clocks (avg) [MHz]","P-core 0 T0 Effective Clock [MHz]","P-core 0 T1 Effective Clock [MHz]","P-core 1 T0 Effective Clock [MHz]","P-core 1 T1 Effective Clock [MHz]","P-core 2 T0 Effective Clock [MHz]","P-core 2 T1 Effective Clock [MHz]","P-core 3 T0 Effective Clock [MHz]","P-core 3 T1 Effective Clock [MHz]","P-core 4 T0 Effective Clock [MHz]","P-core 4 T1 Effective Clock [MHz]","P-core 5 T0 Effective Clock [MHz]","P-core 5 T1 Effective Clock [MHz]","E-core 6 T0 Effective Clock [MHz]","E-core 7 T0 Effective Clock [MHz]","E-core 8 T0 Effective Clock [MHz]","E-core 9 T0 Effective Clock [MHz]","E-core 10 T0 Effective Clock [MHz]","E-core 11 T0 Effective Clock [MHz]","E-core 12 T0 Effective Clock [MHz]","E-core 13 T0 Effective Clock [MHz]","Average Effective Clock [MHz]","Core Usage (avg) [%]","P-core 0 T0 Usage [%]","P-core 0 T1 Usage [%]","P-core 1 T0 Usage [%]","P-core 1 T1 Usage [%]","P-core 2 T0 Usage [%]","P-core 2 T1 Usage [%]","P-core 3 T0 Usage [%]","P-core 3 T1 Usage [%]","P-core 4 T0 Usage [%]","P-core 4 T1 Usage [%]","P-core 5 T0 Usage [%]","P-core 5 T1 Usage [%]","E-core 6 T0 Usage [%]","E-core 7 T0 Usage [%]","E-core 8 T0 Usage [%]","E-core 9 T0 Usage [%]","E-core 10 T0 Usage [%]","E-core 11 T0 Usage [%]","E-core 12 T0 Usage [%]","E-core 13 T0 Usage [%]","Max CPU/Thread Usage [%]","Total CPU Usage [%]","On-Demand Clock Modulation [%]","Core Utility (avg) [%]","P-core 0 T0 Utility [%]","P-core 0 T1 Utility [%]","P-core 1 T0 Utility [%]","P-core 1 T1 Utility [%]","P-core 2 T0 Utility [%]","P-core 2 T1 Utility [%]","P-core 3 T0 Utility [%]","P-core 3 T1 Utility [%]","P-core 4 T0 Utility [%]","P-core 4 T1 Utility [%]","P-core 5 T0 Utility [%]","P-core 5 T1 Utility [%]","E-core 6 T0 Utility [%]","E-core 7 T0 Utility [%]","E-core 8 T0 Utility [%]","E-core 9 T0 Utility [%]","E-core 10 T0 Utility [%]","E-core 11 T0 Utility [%]","E-core 12 T0 Utility [%]","E-core 13 T0 Utility [%]","Total CPU Utility [%]","Core Ratios (avg) [x]","P-core 0 Ratio [x]","P-core 1 Ratio [x]","P-core 2 Ratio [x]","P-core 3 Ratio [x]","P-core 4 Ratio [x]","P-core 5 Ratio [x]","E-core 6 Ratio [x]","E-core 7 Ratio [x]","E-core 8 Ratio [x]","E-core 9 Ratio [x]","E-core 10 Ratio [x]","E-core 11 Ratio [x]","E-core 12 Ratio [x]","E-core 13 Ratio [x]","Uncore Ratio [x]","Core Temperatures (avg) [°C]","P-core 0 [°C]","P-core 1 [°C]","P-core 2 [°C]","P-core 3 [°C]","P-core 4 [°C]","P-core 5 [°C]","E-core 6 [°C]","E-core 7 [°C]","E-core 8 [°C]","E-core 9 [°C]","E-core 10 [°C]","E-core 11 [°C]","E-core 12 [°C]","E-core 13 [°C]","Core Distance to TjMAX (avg) [°C]","P-core 0 Distance to TjMAX [°C]","P-core 1 Distance to TjMAX [°C]","P-core 2 Distance to TjMAX [°C]","P-core 3 Distance to TjMAX [°C]","P-core 4 Distance to TjMAX [°C]","P-core 5 Distance to TjMAX [°C]","E-core 6 Distance to TjMAX [°C]","E-core 7 Distance to TjMAX [°C]","E-core 8 Distance to TjMAX [°C]","E-core 9 Distance to TjMAX [°C]","E-core 10 Distance to TjMAX [°C]","E-core 11 Distance to TjMAX [°C]","E-core 12 Distance to TjMAX [°C]","E-core 13 Distance to TjMAX [°C]","CPU Package [°C]","Core Max [°C]","Core Thermal Throttling (avg) [Yes/No]","P-core 0 Thermal Throttling [Yes/No]","P-core 1 Thermal Throttling [Yes/No]","P-core 2 Thermal Throttling [Yes/No]","P-core 3 Thermal Throttling [Yes/No]","P-core 4 Thermal Throttling [Yes/No]","P-core 5 Thermal Throttling [Yes/No]","E-core 6 Thermal Throttling [Yes/No]","E-core 7 Thermal Throttling [Yes/No]","E-core 8 Thermal Throttling [Yes/No]","E-core 9 Thermal Throttling [Yes/No]","E-core 10 Thermal Throttling [Yes/No]","E-core 11 Thermal Throttling [Yes/No]","E-core 12 Thermal Throttling [Yes/No]","E-core 13 Thermal Throttling [Yes/No]","Core Critical Temperature (avg) [Yes/No]","P-core 0 Critical Temperature [Yes/No]","P-core 1 Critical Temperature [Yes/No]","P-core 2 Critical Temperature [Yes/No]","P-core 3 Critical Temperature [Yes/No]","P-core 4 Critical Temperature [Yes/No]","P-core 5 Critical Temperature [Yes/No]","E-core 6 Critical Temperature [Yes/No]","E-core 7 Critical Temperature [Yes/No]","E-core 8 Critical Temperature [Yes/No]","E-core 9 Critical Temperature [Yes/No]","E-core 10 Critical Temperature [Yes/No]","E-core 11 Critical Temperature [Yes/No]","E-core 12 Critical Temperature [Yes/No]","E-core 13 Critical Temperature [Yes/No]","Core Power Limit Exceeded (avg) [Yes/No]","P-core 0 Power Limit Exceeded [Yes/No]","P-core 1 Power Limit Exceeded [Yes/No]","P-core 2 Power Limit Exceeded [Yes/No]","P-core 3 Power Limit Exceeded [Yes/No]","P-core 4 Power Limit Exceeded [Yes/No]","P-core 5 Power Limit Exceeded [Yes/No]","E-core 6 Power Limit Exceeded [Yes/No]","E-core 7 Power Limit Exceeded [Yes/No]","E-core 8 Power Limit Exceeded [Yes/No]","E-core 9 Power Limit Exceeded [Yes/No]","E-core 10 Power Limit Exceeded [Yes/No]","E-core 11 Power Limit Exceeded [Yes/No]","E-core 12 Power Limit Exceeded [Yes/No]","E-core 13 Power Limit Exceeded [Yes/No]","Package/Ring Thermal Throttling [Yes/No]","Package/Ring Critical Temperature [Yes/No]","Package/Ring Power Limit Exceeded [Yes/No]","CPU Package [°C]","CPU IA Cores [°C]","CPU GT Cores (Graphics) [°C]","VDDQ TX Voltage [V]","VR VCC Current (SVID IOUT) [A]","CPU Package Power [W]","IA Cores Power [W]","GT Cores Power [W]","System Agent Power [W]","Rest-of-Chip Power [W]","PL1 Power Limit (Static) [W]","PL1 Power Limit (Dynamic) [W]","PL2 Power Limit (Static) [W]","PL2 Power Limit (Dynamic) [W]","Current cTDP Level []","Package C2 Residency [%]","Core C0 Residency (avg) [%]","P-core 0 T0 C0 Residency [%]","P-core 0 T1 C0 Residency [%]","P-core 1 T0 C0 Residency [%]","P-core 1 T1 C0 Residency [%]","P-core 2 T0 C0 Residency [%]","P-core 2 T1 C0 Residency [%]","P-core 3 T0 C0 Residency [%]","P-core 3 T1 C0 Residency [%]","P-core 4 T0 C0 Residency [%]","P-core 4 T1 C0 Residency [%]","P-core 5 T0 C0 Residency [%]","P-core 5 T1 C0 Residency [%]","E-core 6 T0 C0 Residency [%]","E-core 7 T0 C0 Residency [%]","E-core 8 T0 C0 Residency [%]","E-core 9 T0 C0 Residency [%]","E-core 10 T0 C0 Residency [%]","E-core 11 T0 C0 Residency [%]","E-core 12 T0 C0 Residency [%]","E-core 13 T0 C0 Residency [%]","Core C1 Residency (avg) [%]","P-core 0 C1 Residency [%]","P-core 1 C1 Residency [%]","P-core 2 C1 Residency [%]","P-core 3 C1 Residency [%]","P-core 4 C1 Residency [%]","P-core 5 C1 Residency [%]","E-core 6 C1 Residency [%]","E-core 7 C1 Residency [%]","E-core 8 C1 Residency [%]","E-core 9 C1 Residency [%]","E-core 10 C1 Residency [%]","E-core 11 C1 Residency [%]","E-core 12 C1 Residency [%]","E-core 13 C1 Residency [%]","Core C6 Residency (avg) [%]","P-core 0 C6 Residency [%]","P-core 1 C6 Residency [%]","P-core 2 C6 Residency [%]","P-core 3 C6 Residency [%]","P-core 4 C6 Residency [%]","P-core 5 C6 Residency [%]","E-core 6 C6 Residency [%]","E-core 7 C6 Residency [%]","E-core 8 C6 Residency [%]","E-core 9 C6 Residency [%]","E-core 10 C6 Residency [%]","E-core 11 C6 Residency [%]","E-core 12 C6 Residency [%]","E-core 13 C6 Residency [%]","Core C7 Residency (avg) [%]","P-core 0 C7 Residency [%]","P-core 1 C7 Residency [%]","P-core 2 C7 Residency [%]","P-core 3 C7 Residency [%]","P-core 4 C7 Residency [%]","P-core 5 C7 Residency [%]","Memory Clock [MHz]","Memory Clock Ratio [x]","Tcas [T]","Trcd [T]","Trp [T]","Tras [T]","Trc [T]","Trfc [T]","Command Rate [T]","Gear Mode []","IA Limit Reasons (avg) [Yes/No]","IA: PROCHOT [Yes/No]","IA: Thermal Event [Yes/No]","IA: Residency State Regulation [Yes/No]","IA: Running Average Thermal Limit [Yes/No]","IA: VR Thermal Alert [Yes/No]","IA: VR TDC [Yes/No]","IA: Electrical Design Point/Other (ICCmax PL4 SVID DDR RAPL) [Yes/No]","IA: Package-Level RAPL/PBM PL1 [Yes/No]","IA: Package-Level RAPL/PBM PL2 PL3 [Yes/No]","IA: Max Turbo Limit [Yes/No]","IA: Turbo Attenuation (MCT) [Yes/No]","IA: Thermal Velocity Boost [Yes/No]","GT Limit Reasons (avg) [Yes/No]","GT: PROCHOT [Yes/No]","GT: Thermal Event [Yes/No]","GT: DDR RAPL [Yes/No]","GT: Residency State Regulation [Yes/No]","GT: Running Average Thermal Limit [Yes/No]","GT: VR Thermal Alert [Yes/No]","GT: VR TDC [Yes/No]","GT: Max VR Voltage  ICCmax  PL4 [Yes/No]","GT: Domain-Level PBM PLGT [Yes/No]","GT: Package-Level RAPL/PBM PL1 [Yes/No]","GT: Package-Level RAPL/PBM PL2 PL3 [Yes/No]","GT: Inefficient Operation [Yes/No]","GT: Fuses limit [Yes/No]","Ring Limit Reasons (avg) [Yes/No]","RING: PROCHOT [Yes/No]","RING: Thermal Event [Yes/No]","RING: DDR RAPL [Yes/No]","RING: Residency State Regulation [Yes/No]","RING: Running Average Thermal Limit [Yes/No]","RING: VR Thermal Alert [Yes/No]","RING: VR TDC [Yes/No]","RING: Max VR Voltage  ICCmax  PL4 [Yes/No]","RING: Package-Level RAPL/PBM PL1 [Yes/No]","RING: Package-Level RAPL/PBM PL2 PL3 [Yes/No]","PCH Temperature [°C]","CPU [RPM]","GPU [RPM]","GPU [RPM]","SPD Hub Temperature [°C]","VDD (SWA) Voltage [V]","VDDQ (SWB) Voltage [V]","VPP (SWC) Voltage [V]","1.8V VOUT Voltage [V]","1.0V VOUT Voltage [V]","VIN Voltage [V]","Total Power [W]","PMIC High Temperature [Yes/No]","PMIC Over Voltage [Yes/No]","PMIC Under Voltage [Yes/No]","SPD Hub Temperature [°C]","VDD (SWA) Voltage [V]","VDDQ (SWB) Voltage [V]","VPP (SWC) Voltage [V]","1.8V VOUT Voltage [V]","1.0V VOUT Voltage [V]","VIN Voltage [V]","Total Power [W]","PMIC High Temperature [Yes/No]","PMIC Over Voltage [Yes/No]","PMIC Under Voltage [Yes/No]","Drive Temperature [°C]","Drive Temperature 2 [°C]","Drive Remaining Life [%]","Drive Available Spare [%]","Drive Failure [Yes/No]","Drive Warning [Yes/No]","Total Host Writes [GB]","Total Host Reads [GB]","Drive Temperature [°C]","Drive Temperature 3 [°C]","Drive Remaining Life [%]","Drive Available Spare [%]","Drive Failure [Yes/No]","Drive Warning [Yes/No]","Total Host Writes [GB]","Total Host Reads [GB]","Read Activity [%]","Write Activity [%]","Total Activity [%]","Read Rate [MB/s]","Write Rate [MB/s]","Read Total [MB]","Write Total [MB]","Read Activity [%]","Write Activity [%]","Total Activity [%]","Read Rate [MB/s]","Write Rate [MB/s]","Read Total [MB]","Write Total [MB]","GPU Temperature [°C]","GPU Memory Junction Temperature [°C]","GPU Hot Spot Temperature [°C]","GPU Thermal Limit [°C]","GPU Core Voltage [V]","GPU Rail Voltages (avg) [V]","GPU FBVDD Input Voltage [V]","GPU 12VHPWR Voltage [V]","GPU Power [W]","GPU Rail Powers (avg) [W]","GPU Core (NVVDD) Input Power (sum) [W]","GPU FBVDD Input Power [W]","GPU 12VHPWR Power [W]","GPU PCIe +3.3V Input Power (est) [W]","GPU Input PP Source Power (sum) [W]","GPU Core (NVVDD) Output Power [W]","GPU Core (NVVDD) Output Power [W]","GPU Power Limit (rated) [W]","GPU Power Limit (max) [W]","GPU Clock [MHz]","GPU Memory Clock [MHz]","GPU Video Clock [MHz]","GPU Effective Clock [MHz]","GPU Crossbar Clock [MHz]","GPU Core Load [%]","GPU Memory Controller Load [%]","GPU Video Engine Load [%]","GPU Bus Load [%]","GPU Memory Usage [%]","GPU D3D Usages (avg) [%]","GPU D3D Usage [%]","GPU Video Decode 0 Usage [%]","GPU Video Encode 0 Usage [%]","GPU VR Usage [%]","GPU Performance Limiters (avg) [Yes/No]","Performance Limit - Power [Yes/No]","Performance Limit - Thermal [Yes/No]","Performance Limit - Reliability Voltage [Yes/No]","Performance Limit - Max Operating Voltage [Yes/No]","Performance Limit - Utilization [Yes/No]","Performance Limit - SLI GPUBoost Sync [Yes/No]","PCI Express Error Counters (avg) []","Receiver Errors []","Replay Count []","Replay Rollover Count []","Bad DLLP Count []","Bad TLP Count []","LCRC Error Count []","NAKs Sent Count []","NAKs Received Count []","Recovery Count []","Correctable Error Count []","Non-Fatal Error Count []","Fatal Error Count []","Unsupported Request Count []","PCIe Lane 0 Errors []","PCIe Lane 1 Errors []","PCIe Lane 2 Errors []","PCIe Lane 3 Errors []","PCIe Lane 4 Errors []","PCIe Lane 5 Errors []","PCIe Lane 6 Errors []","PCIe Lane 7 Errors []","PCIe Lane 8 Errors []","PCIe Lane 9 Errors []","PCIe Lane 10 Errors []","PCIe Lane 11 Errors []","PCIe Lane 12 Errors []","PCIe Lane 13 Errors []","PCIe Lane 14 Errors []","PCIe Lane 15 Errors []","GPU Memory Available [MB]","GPU Memory Allocated [MB]","GPU D3D Memory Dedicated [MB]","GPU D3D Memory Dynamic [MB]","PCIe Link Speed [GT/s]","GPU Core Temperature [°C]","iGPU VID [V]","IGPU Power [W]","GPU Clock [MHz]","GPU Memory Clock [MHz]","GPU Total Usage [%]","GPU Computing Usage [%]","GPU Media Engine Usage [%]","GPU D3D Utilizations (avg) [%]","GPU D3D Usage [%]","GPU Video Decode 0 Usage [%]","GPU Video Processing 0 Usage [%]","GPU Copy Engine Usage [%]","GPU Memory Usage [%]","GPU Memory Allocated [MB]","GPU Memory Available [MB]","GPU D3D Memory Dynamic [MB]","GPU Throttle Reasons (avg) [Yes/No]","Avg. Power (PL1) [Yes/No]","Burst Power (PL2) [Yes/No]","Current (PL4) [Yes/No]","Thermal [Yes/No]","Power Supply [Yes/No]","Software Limit [Yes/No]","Hardware Limit [Yes/No]","Battery Voltage [V]","Remaining Capacity [Wh]","Charge Level [%]","Charge Rate [W]","Wear Level [%]","Framerate [FPS]","Framerate 1% Low [FPS]","Framerate 0.1% Low [FPS]","Frame Time [ms]","Framerate Presented (avg) [FPS]","Framerate Presented (99%) [FPS]","Framerate Presented (1%) [FPS]","Framerate Presented (0.1%) [FPS]","Framerate Presented (1% low) [FPS]","Framerate Presented (0.1% low) [FPS]","Framerate Displayed (avg) [FPS]","Framerate Displayed (99%) [FPS]","Framerate Displayed (1%) [FPS]","Framerate Displayed (0.1%) [FPS]","Framerate Displayed (1% low) [FPS]","Framerate Displayed (0.1% low) [FPS]","Frame Time Presented (avg) [ms]","Frame Time Presented (99%) [ms]","Frame Time Presented (1%) [ms]","Frame Time Presented (0.1%) [ms]","Frame Time Displayed (1% high) [ms]","Frame Time Displayed (0.1% high) [ms]","GPU Busy (avg) [ms]","GPU Wait (avg) [ms]","CPU Busy (avg) [ms]","CPU Wait (avg) [ms]","Animation Error (avg) [ms]","Total DL [MB]","Total UP [MB]","Current DL rate [KB/s]","Current UP rate [KB/s]","Total DL [MB]","Total UP [MB]","Current DL rate [KB/s]","Current UP rate [KB/s]","Total Errors []",
9.6.2026,14:26:21.886,11701,37067,23.9,9015,23369,27.8,10.2,16384,1675,1.050,0.797,0.741,1.211,1.211,1.166,0.789,1.084,1.094,1.094,1.094,0.742,1.227,1.227,1.227,0.748,0.783,3306.2,2394.1,798.0,4888.0,4888.0,4688.5,2394.1,3591.2,3591.2,3591.2,3591.2,1097.3,3591.2,3591.2,3591.2,99.8,1795.6,157.6,95.9,0.3,57.5,0.3,605.5,0.4,708.0,0.3,56.7,24.8,140.5,0.3,37.5,3.8,9.4,0.3,184.4,129.0,495.9,601.9,108.8,9.4,4.3,0.0,2.5,0.0,21.3,0.0,23.2,0.0,0.0,2.1,6.7,0.0,4.0,0.2,1.5,0.7,16.0,11.6,43.0,51.1,51.1,9.4,100.0,7.4,4.3,0.0,2.5,0.0,24.2,0.0,28.2,0.0,2.4,1.4,5.9,0.0,2.0,0.2,0.5,0.0,9.8,6.9,26.7,32.0,7.4,33.1,24.0,8.0,49.0,49.0,47.0,24.0,36.0,36.0,36.0,36.0,11.0,36.0,36.0,36.0,18.0,55,56,55,56,48,54,52,55,55,55,55,58,58,58,58,45,44,45,44,52,46,48,45,45,45,45,42,42,42,42,70,58,No,No,No,No,No,No,No,No,No,No,No,No,No,No,No,No,No,No,No,No,No,No,No,No,No,No,No,No,No,No,No,No,No,No,No,No,No,No,No,No,No,No,No,No,No,No,No,No,71,58,60,1.100,5.063,10.370,4.625,0.001,4.440,0.435,175.0,175.0,175.0,175.0,0,0.0,9.2,3.8,0.0,2.6,0.0,20.9,0.0,22.7,0.0,1.8,1.4,6.2,0.0,3.4,0.3,0.8,0.0,15.5,11.0,42.2,50.9,4.9,10.8,4.6,25.0,19.6,3.3,4.9,0.0,0.0,0.0,0.0,0.0,0.0,0.6,0.0,48.5,0.0,0.0,4.6,0.0,0.0,1.7,96.5,99.6,99.1,99.9,83.9,88.7,56.3,48.5,74.0,82.7,91.1,44.3,52.0,89.9,84.0,2394.1,24.00,36,35,35,68,103,383,2,2,Yes,No,No,No,No,No,No,No,No,No,Yes,No,No,Yes,No,No,No,No,No,No,No,Yes,No,No,No,No,No,Yes,No,No,No,No,No,No,No,Yes,No,No,85.0,3180,2280,3000,57.2,1.110,1.110,1.815,1.815,0.990,5.110,0.500,No,No,No,58.0,1.110,1.110,1.815,1.815,1.005,5.110,0.375,No,No,No,43,43,94.0,100.0,No,No,32159,47987,37,70,99.0,100.0,No,No,1844,3246,0.6,4.3,4.9,0.539,3.587,96546,53052,0.0,0.0,0.0,0.000,0.000,164001,82786,56.4,62.0,63.8,83.0,0.870,20.769,20.776,20.762,21.600,9.510,9.434,8.913,18.374,3.000,11.931,7.440,7.476,100.000,140.000,2175.0,2150.2,1875.0,2171.2,1890.0,3.0,1.0,0.0,0.0,12.5,0.1,0.4,0.0,0.0,0.0,Yes,No,No,No,No,Yes,No,0,0,0,0,0,0,0,0,0,0,0,0,0,0,0,0,0,0,0,0,0,0,0,0,0,0,0,0,0,0,7166,1022,789,64,16.0,60,0.302,9.619,550.0,2394.0,0.1,0.0,0.0,0.0,0.0,0.0,0.0,0.0,0.0,2,16190,2,No,No,No,No,No,No,No,No,16.746,68.277,100.0,0.000,24.1,0,0,0,0.0,69.3,242.9,15.0,14.9,14.9,14.9,69.3,169.4,15.0,15.0,15.0,15.0,14.43,66.85,4.12,2.64,67.00,67.00,0.34,14.09,14.43,0.00,5.17,661,9,2.1,0.2,0,0,0.0,0.0,0,
9.6.2026,14:26:23.894,11668,37099,23.9,9003,23381,27.8,10.2,16384,1675,0.946,0.809,1.232,1.212,1.212,1.167,1.164,0.824,0.819,0.804,0.804,0.838,0.807,0.807,0.744,0.758,0.788,2807.4,2493.9,4688.5,4888.0,4888.0,4688.5,4688.5,2493.9,2493.9,1097.3,1097.3,2493.9,1097.3,1097.3,1097.3,99.8,1895.4,171.7,174.0,0.3,85.1,0.3,528.7,0.2,685.0,0.2,42.4,22.5,128.0,0.2,29.7,1.9,0.4,5.5,205.7,191.7,668.6,663.2,106.5,13.6,6.5,15.6,2.4,1.3,16.5,18.3,22.7,19.3,3.1,1.1,0.9,25.8,1.4,0.0,0.0,0.0,14.4,13.2,55.0,54.5,55.0,13.6,100.0,8.2,7.6,0.0,3.6,0.0,21.6,0.0,27.2,0.0,1.8,1.3,5.4,0.0,1.6,0.1,0.0,0.3,11.2,10.3,35.7,35.3,8.2,28.1,25.0,47.0,49.0,49.0,47.0,47.0,25.0,25.0,11.0,11.0,25.0,11.0,11.0,11.0,19.0,55,56,54,55,49,55,52,55,55,55,55,56,56,56,56,45,44,46,45,51,45,48,45,45,45,45,44,44,44,44,69,56,No,No,No,No,No,No,No,No,No,No,No,No,No,No,No,No,No,No,No,No,No,No,No,No,No,No,No,No,No,No,No,No,No,No,No,No,No,No,No,No,No,No,No,No,No,No,No,No,70,57,60,1.100,5.063,8.782,3.048,0.001,4.423,0.430,175.0,175.0,175.0,175.0,0,0.0,9.9,6.9,0.0,2.7,0.0,16.9,0.0,22.8,0.0,1.1,1.3,4.4,0.0,2.4,0.1,0.0,0.5,15.0,14.1,54.8,54.2,3.8,10.5,5.0,14.2,10.5,2.8,2.7,0.0,0.0,0.0,0.0,2.5,0.9,2.9,0.6,46.6,0.0,0.0,2.6,0.5,0.0,0.0,97.5,99.8,100.0,99.5,82.0,84.7,41.5,44.4,78.8,79.0,91.1,60.5,60.7,91.5,90.0,2394.1,24.00,36,35,35,68,103,383,2,2,Yes,No,No,No,No,No,No,No,No,No,Yes,No,No,Yes,No,No,No,No,No,No,No,Yes,No,No,No,No,No,Yes,No,No,No,No,No,No,No,Yes,No,No,84.0,3120,2280,2880,57.2,1.110,1.110,1.815,1.815,0.990,5.110,0.875,No,No,No,58.0,1.110,1.110,1.815,1.815,0.990,5.110,0.750,No,No,No,43,43,94.0,100.0,No,No,32159,47987,37,70,99.0,100.0,No,No,1844,3246,0.4,3.2,3.6,0.046,1.167,96546,53054,0.0,0.0,0.0,0.000,0.000,164001,82786,56.2,62.0,63.6,83.0,0.870,20.755,20.758,20.752,21.375,9.500,9.533,8.843,18.386,3.000,11.846,7.414,7.480,100.000,140.000,2175.0,2150.2,1875.0,2170.9,1890.0,2.0,0.0,0.0,0.0,12.4,0.1,0.3,0.0,0.0,0.0,Yes,No,No,No,No,Yes,No,0,0,0,0,0,0,0,0,0,0,0,0,0,0,0,0,0,0,0,0,0,0,0,0,0,0,0,0,0,0,7169,1019,785,64,16.0,60,0.302,8.442,550.0,2394.0,0.1,0.0,0.0,0.0,0.0,0.0,0.0,0.0,0.0,2,16190,2,No,No,No,No,No,No,No,No,16.746,68.277,100.0,0.000,24.1,0,0,0,0.0,47.1,424.2,5.1,3.7,3.6,3.6,47.1,167.0,5.1,3.7,3.6,3.6,21.25,196.13,2.36,0.62,278.48,278.48,0.35,20.89,21.25,0.00,18.69,661,9,0.1,0.2,0,0,0.0,0.0,0,
9.6.2026,14:26:25.884,11663,37104,23.9,8993,23390,27.7,10.2,16384,1675,0.765,0.756,0.740,0.740,0.790,0.794,0.794,0.744,0.744,0.814,0.814,0.744,0.749,0.744,0.744,1.101,0.783,1539.1,1396.6,798.0,798.0,2394.1,2394.1,2394.1,1097.3,1097.3,2394.1,2394.1,1097.3,1097.3,1097.3,1097.3,99.8,4090.0,155.0,112.8,0.4,77.2,0.8,559.4,0.4,716.3,0.4,20.0,24.4,100.7,0.3,16.8,3.6,0.4,0.4,221.1,113.3,553.8,578.3,102.1,10.7,4.9,0.0,4.7,0.0,17.4,0.0,23.5,0.0,18.4,1.2,7.6,0.0,2.9,1.7,1.4,1.4,19.4,11.1,47.9,51.1,51.1,10.7,100.0,7.3,5.1,0.0,3.5,0.1,22.5,0.0,28.3,0.0,1.0,1.4,4.3,0.0,0.9,0.2,0.0,0.0,11.9,6.0,29.7,31.1,7.3,15.4,14.0,8.0,8.0,24.0,24.0,24.0,11.0,11.0,24.0,24.0,11.0,11.0,11.0,11.0,41.0,54,56,50,55,51,55,52,55,55,55,55,56,56,55,55,46,44,50,45,49,45,48,45,45,45,45,44,44,45,45,70,56,No,No,No,No,No,No,No,No,No,No,No,No,No,No,No,No,No,No,No,No,No,No,No,No,No,No,No,No,No,No,No,No,No,No,No,No,No,No,No,No,No,No,No,No,No,No,No,No,70,56,60,1.100,0.844,8.994,3.325,0.001,4.365,0.430,175.0,175.0,175.0,175.0,0,0.0,9.3,5.1,0.0,3.4,0.1,17.6,0.0,23.6,0.0,0.7,1.4,4.9,0.0,1.5,0.3,0.0,0.0,18.7,9.9,47.6,50.5,4.5,9.2,5.6,23.9,18.3,2.1,3.0,0.0,0.0,0.0,0.0,0.4,0.0,0.1,0.1,47.8,0.0,0.0,1.0,0.1,0.0,0.5,98.3,99.5,99.9,99.9,80.3,89.8,51.1,48.5,76.4,82.3,88.7,52.7,53.8,92.5,88.6,997.6,10.00,22,15,15,28,103,160,2,2,Yes,No,No,No,No,No,No,No,No,No,Yes,No,No,Yes,No,No,No,No,No,No,No,Yes,No,No,No,No,No,Yes,No,No,No,No,No,No,No,Yes,No,No,84.0,3060,2220,2880,57.2,1.095,1.110,1.815,1.815,0.990,5.110,1.250,No,No,No,58.0,1.095,1.110,1.815,1.815,0.990,5.110,1.125,No,No,No,43,43,94.0,100.0,No,No,32159,47987,37,70,99.0,100.0,No,No,1844,3246,0.0,4.6,4.6,0.000,5.961,96546,53066,0.0,0.0,0.0,0.000,0.000,164001,82786,56.1,62.0,63.4,83.0,0.870,20.746,20.751,20.742,21.496,9.543,9.638,8.881,18.543,3.000,11.894,7.403,7.440,100.000,140.000,2175.0,2150.2,1875.0,2171.5,1890.0,5.0,0.0,0.0,0.0,12.4,0.1,0.5,0.0,0.0,0.0,Yes,No,No,No,No,Yes,No,0,0,0,0,0,0,0,0,0,0,0,0,0,0,0,0,0,0,0,0,0,0,0,0,0,0,0,0,0,0,7172,1016,782,64,16.0,60,0.302,15.461,550.0,997.0,0.3,0.0,0.0,0.0,0.1,0.0,0.0,0.0,0.0,2,16190,2,No,No,No,No,No,No,No,No,16.746,68.277,100.0,0.000,24.1,0,0,0,0.0,164.9,182.4,148.3,143.9,143.4,143.4,165.0,168.4,162.2,162.1,162.1,162.1,6.07,6.74,5.48,5.21,6.97,6.97,0.37,5.69,6.07,0.00,0.17,661,9,0.5,0.3,0,0,0.0,0.0,0,
9.6.2026,14:26:27.881,12161,36607,24.9,9324,23060,28.7,10.2,16384,1675,1.193,1.162,1.202,1.192,1.172,1.164,1.164,1.218,1.206,1.201,1.221,1.224,1.204,1.197,1.173,1.063,0.848,2800.3,4489.0,4688.5,4688.5,4688.5,4688.5,4688.5,1097.3,1097.3,1097.3,1097.3,3591.2,1097.3,1097.3,1097.3,99.8,3890.5,559.3,730.2,2.0,579.8,2.1,2573.0,1.3,2077.7,0.6,465.4,38.9,408.2,0.6,317.6,169.0,145.9,56.2,826.1,698.6,1044.4,1048.1,473.0,26.6,21.2,12.8,17.3,11.6,58.1,19.8,48.5,16.7,11.3,1.4,10.3,13.9,22.4,11.8,10.2,3.4,53.7,43.6,71.7,72.1,72.1,26.6,100.0,25.3,30.1,0.1,24.2,0.1,99.5,0.1,80.9,0.0,18.6,2.0,16.5,0.0,17.5,9.2,7.9,3.1,45.1,38.0,56.5,56.8,25.3,28.1,45.0,47.0,47.0,47.0,47.0,47.0,11.0,11.0,11.0,11.0,36.0,11.0,11.0,11.0,39.0,60,63,58,70,58,61,59,58,58,58,58,59,59,60,61,40,37,42,30,42,39,41,42,42,42,42,41,41,40,39,72,70,No,No,No,No,No,No,No,No,No,No,No,No,No,No,No,No,No,No,No,No,No,No,No,No,No,No,No,No,No,No,No,No,No,No,No,No,No,No,No,No,No,No,No,No,No,No,No,No,72,65,61,1.100,17.719,8.406,2.704,0.001,4.397,0.429,175.0,175.0,175.0,175.0,0,0.0,23.1,21.4,0.1,17.5,0.1,58.2,0.0,48.5,0.0,11.6,1.6,10.7,0.0,23.6,12.5,11.0,4.4,53.4,43.6,71.4,71.7,12.8,31.5,33.5,20.5,26.4,22.9,20.3,1.9,0.0,0.0,0.0,6.3,4.4,6.3,4.8,33.9,0.0,0.0,0.5,1.0,0.0,0.0,72.6,86.7,88.6,95.3,37.9,50.1,20.1,21.4,41.3,41.1,43.3,17.7,20.8,59.7,65.5,2394.1,24.00,36,35,35,68,103,383,2,2,Yes,No,No,No,No,No,No,No,No,No,Yes,No,No,Yes,No,No,No,No,No,No,No,Yes,No,No,No,No,No,Yes,No,No,No,No,No,No,No,Yes,No,No,85.0,3060,2220,2880,57.2,1.095,1.110,1.815,1.815,0.990,5.110,0.750,No,No,No,58.0,1.095,1.110,1.815,1.815,0.990,5.110,0.750,No,No,No,43,43,94.0,100.0,No,No,32159,47987,37,70,99.0,100.0,No,No,1844,3246,0.8,5.9,6.7,0.030,13.102,96546,53091,0.0,0.0,0.0,0.000,0.000,164001,82786,56.0,62.0,63.3,83.0,0.870,20.681,20.678,20.684,21.542,9.503,9.440,8.933,18.389,3.000,11.946,7.383,7.432,100.000,140.000,2175.0,2150.2,1875.0,2171.3,1890.0,3.0,0.0,0.0,1.0,13.0,0.1,0.5,0.0,0.0,0.0,Yes,No,No,No,No,Yes,No,0,0,0,0,0,0,0,0,0,0,0,0,0,0,0,0,0,0,0,0,0,0,0,0,0,0,0,0,0,0,7123,1065,832,82,16.0,61,0.302,30.352,700.0,2394.0,0.3,0.1,0.0,0.0,0.1,0.0,0.0,0.0,0.0,2,16190,2,No,No,No,No,No,No,No,No,16.746,68.277,100.0,0.000,24.1,0,0,0,0.0,157.4,187.1,85.8,77.9,77.1,77.1,157.8,166.5,91.9,83.1,82.3,82.3,6.35,11.65,5.35,5.31,12.97,12.97,0.60,5.75,6.35,0.00,0.76,661,9,0.1,0.2,0,0,0.0,0.0,0,
9.6.2026,14:26:29.898,12461,36307,25.5,9586,22798,29.6,10.2,16384,1675,1.188,1.189,1.171,1.227,1.182,1.187,1.182,1.167,1.162,1.163,1.173,1.163,1.203,1.213,1.248,1.101,0.848,3170.8,4489.0,4688.5,4888.0,4688.5,4688.5,4688.5,1097.3,1097.3,1097.3,3591.2,1097.3,1097.3,3591.2,3591.2,99.8,4090.0,604.5,610.3,1.2,473.1,2.4,4193.6,0.4,1348.7,0.4,309.1,23.9,130.7,0.3,409.5,368.7,168.9,43.6,932.8,842.3,1136.6,1092.9,505.3,29.9,24.2,0.0,22.4,0.0,88.7,0.0,30.6,0.0,7.7,1.7,2.7,0.0,36.3,32.8,14.8,3.8,77.4,69.9,94.5,91.1,94.5,29.9,100.0,27.4,27.1,0.1,22.0,0.2,159.7,0.0,52.6,0.0,12.4,1.4,5.5,0.0,22.1,19.8,9.1,2.4,50.0,45.0,60.9,58.3,27.4,31.8,45.0,47.0,49.0,47.0,47.0,47.0,11.0,11.0,11.0,36.0,11.0,11.0,36.0,36.0,41.0,60,62,59,73,57,56,57,58,58,58,58,61,61,60,60,40,38,41,27,43,44,43,42,42,42,42,39,39,40,40,72,73,No,No,No,No,No,No,No,No,No,No,No,No,No,No,No,No,No,No,No,No,No,No,No,No,No,No,No,No,No,No,No,No,No,No,No,No,No,No,No,No,No,No,No,No,No,No,No,No,74,74,60,1.100,23.625,24.713,18.286,0.002,5.115,0.496,175.0,175.0,175.0,175.0,0,0.0,29.7,24.2,0.1,21.8,0.1,88.6,0.0,30.0,0.0,7.8,1.6,3.6,0.0,35.9,32.5,14.7,3.9,76.3,69.0,93.6,90.6,8.1,35.9,35.2,9.4,13.4,10.7,5.1,0.0,0.0,0.0,0.0,0.0,0.0,3.3,0.6,27.1,0.0,0.0,1.4,7.4,0.0,0.0,62.8,66.7,84.9,96.0,22.1,29.7,1.5,7.1,45.2,30.1,32.6,0.0,45.3,74.9,88.1,997.6,10.00,22,15,15,28,103,160,2,2,Yes,No,No,No,No,No,No,No,No,No,Yes,No,No,No,No,No,No,No,No,No,No,No,No,No,No,No,No,No,No,No,No,No,No,No,No,No,No,No,86.0,3180,2220,2940,57.2,1.095,1.110,1.815,1.815,0.990,5.110,0.875,No,No,No,58.0,1.095,1.110,1.800,1.815,0.990,5.110,1.375,No,No,No,43,43,94.0,100.0,No,No,32159,47987,37,70,99.0,100.0,No,No,1844,3246,0.0,7.0,7.0,0.000,9.498,96546,53109,0.0,0.0,0.0,0.000,0.000,164001,82786,56.0,62.0,63.2,83.0,0.870,20.685,20.678,20.693,21.196,9.466,9.255,8.892,18.148,3.000,11.898,7.626,7.444,100.000,140.000,2175.0,2150.2,1875.0,2170.6,1890.0,0.0,0.0,0.0,0.0,14.6,0.1,0.3,0.0,0.0,0.0,Yes,No,No,No,No,Yes,No,0,0,0,0,0,0,0,0,0,0,0,0,0,0,0,0,0,0,0,0,0,0,0,0,0,0,0,0,0,0,6993,1195,962,84,16.0,61,0.302,23.543,700.0,997.0,0.3,0.1,0.0,0.0,0.1,0.0,0.0,0.0,0.0,2,16190,2,No,No,No,No,No,No,No,No,16.746,68.277,100.0,0.000,24.1,0,0,0,0.0,0.6,0.6,0.6,0.6,0.6,0.6,0.6,0.6,0.6,0.6,0.6,0.6,1650.72,1650.72,1650.72,1650.72,1650.72,1650.72,6.42,1303.07,1650.57,0.15,1603.54,661,9,0.1,0.2,0,0,0.0,0.0,0,
9.6.2026,14:26:31.911,14308,34460,29.3,10558,21825,32.6,10.2,16384,1675,1.189,1.193,1.167,1.172,1.172,1.197,1.187,1.176,1.216,1.201,1.186,1.176,1.191,1.201,1.211,1.063,0.848,2550.9,4489.0,4489.0,4489.0,4489.0,4489.0,4489.0,1097.3,1097.3,1097.3,1097.3,1097.3,1097.3,1097.3,1097.3,99.8,3890.5,481.7,1197.9,0.5,721.3,1.0,1913.0,2.0,3135.4,1.6,138.2,30.9,262.6,0.5,94.7,13.7,11.0,4.8,402.1,240.2,742.0,721.5,470.6,20.0,39.4,2.1,28.9,0.0,43.1,10.3,67.6,1.3,4.4,1.8,8.6,5.0,10.0,1.4,1.1,0.7,32.4,19.2,62.0,60.2,67.6,20.0,100.0,20.8,49.9,0.0,31.9,0.1,74.8,0.1,119.8,0.1,5.8,1.7,11.0,0.0,5.1,0.8,0.6,0.3,21.7,13.0,40.0,38.7,20.8,25.6,45.0,45.0,45.0,45.0,45.0,45.0,11.0,11.0,11.0,11.0,11.0,11.0,11.0,11.0,39.0,60,63,62,64,66,58,57,58,58,58,58,60,60,60,60,40,37,38,36,34,42,43,42,42,42,42,40,40,40,40,72,66,No,No,No,No,No,No,No,No,No,No,No,No,No,No,No,No,No,No,No,No,No,No,No,No,No,No,No,No,No,No,No,No,No,No,No,No,No,No,No,No,No,No,No,No,No,No,No,No,74,65,62,1.100,13.500,27.685,21.062,0.001,5.209,0.469,175.0,175.0,175.0,175.0,0,0.0,18.7,39.0,0.0,28.9,0.1,42.9,0.1,67.7,0.0,3.9,1.2,7.6,0.0,8.1,0.9,0.6,0.2,32.3,19.1,61.4,59.8,9.9,29.3,33.0,30.9,21.0,7.5,13.8,0.0,0.0,0.0,0.0,0.0,0.0,1.6,0.7,44.2,0.9,0.0,6.3,2.9,0.0,0.0,91.5,98.9,99.3,99.7,66.4,80.4,35.0,38.0,37.6,20.0,26.8,16.3,6.4,82.4,73.5,2394.1,24.00,36,35,35,68,103,383,2,2,Yes,No,No,No,No,No,No,No,No,No,Yes,No,No,No,No,No,No,No,No,No,No,No,No,No,No,No,No,No,No,No,No,No,No,No,No,No,No,No,84.0,3660,2340,3540,57.5,1.095,1.110,1.815,1.815,0.990,5.110,0.875,No,No,No,58.0,1.095,1.110,1.815,1.815,0.990,5.110,1.250,No,No,No,43,43,94.0,100.0,No,No,32159,47987,37,70,99.0,100.0,No,No,1844,3246,0.3,4.1,4.4,0.006,6.579,96546,53121,0.0,0.0,0.0,0.000,0.000,164001,82786,56.2,60.0,63.5,83.0,0.870,20.692,20.686,20.699,22.380,9.675,9.698,9.122,18.836,3.000,12.132,7.412,7.521,100.000,140.000,2175.0,2150.2,1875.0,2170.5,1890.0,0.0,0.0,0.0,0.0,28.6,1.0,4.1,0.0,0.0,0.0,Yes,No,No,No,No,Yes,No,0,0,0,0,0,0,0,0,0,0,0,0,0,0,0,0,0,0,0,0,0,0,0,0,0,0,0,0,0,0,5843,2345,2123,114,16.0,61,0.302,24.248,700.0,2394.0,0.3,0.1,0.0,0.0,0.1,0.0,0.0,0.0,0.0,3,16188,2,No,No,No,No,No,No,No,No,16.746,68.277,100.0,0.000,24.1,0,0,0,0.0,0.6,0.6,0.6,0.6,0.6,0.6,0.6,0.6,0.6,0.6,0.6,0.6,1650.72,1650.72,1650.72,1650.72,1650.72,1650.72,6.42,1303.07,1650.57,0.15,1603.54,661,9,0.2,0.2,0,0,0.0,0.0,0,
9.6.2026,14:26:33.908,15992,32776,32.7,11863,20521,36.6,10.2,16384,1675,1.198,1.236,1.171,1.171,1.222,1.197,1.212,1.197,1.212,1.208,1.183,1.203,1.188,1.188,1.188,1.063,0.848,3541.3,4688.5,4688.5,4688.5,4888.0,4688.5,4688.5,3591.2,1097.3,1097.3,1097.3,3591.2,3591.2,3591.2,3591.2,99.8,3890.5,465.8,1006.4,0.5,770.1,0.3,2337.9,0.9,2905.9,0.5,192.5,38.3,456.0,0.2,69.0,36.4,8.7,2.7,231.8,162.2,562.2,533.6,489.2,18.3,38.9,0.0,32.0,1.5,54.5,0.0,64.0,17.4,5.4,0.0,12.9,0.0,6.1,4.0,1.4,1.0,19.9,13.6,48.0,44.9,64.0,18.3,100.0,19.8,43.6,0.0,34.2,0.0,91.3,0.1,111.1,0.0,8.0,2.1,18.5,0.0,3.8,2.2,0.5,0.2,12.7,8.8,30.6,28.9,19.8,35.5,47.0,47.0,47.0,49.0,47.0,47.0,36.0,11.0,11.0,11.0,36.0,36.0,36.0,36.0,39.0,60,64,58,63,70,58,53,58,58,58,58,60,60,60,60,40,36,42,37,30,42,47,42,42,42,42,40,40,40,40,72,70,No,No,No,No,No,No,No,No,No,No,No,No,No,No,No,No,No,No,No,No,No,No,No,No,No,No,No,No,No,No,No,No,No,No,No,No,No,No,No,No,No,No,No,No,No,No,No,No,72,59,62,1.100,7.594,22.726,16.081,0.001,5.242,0.516,175.0,175.0,175.0,175.0,0,0.0,17.1,38.7,0.0,31.7,0.0,54.3,0.0,64.0,0.0,5.4,1.5,13.0,0.0,6.0,3.0,0.7,0.2,19.5,13.4,46.9,44.1,11.2,31.6,31.3,36.5,28.6,12.8,13.1,0.0,0.0,0.0,0.0,0.0,0.0,2.3,1.0,47.8,0.0,0.0,4.3,5.1,0.0,1.2,93.6,96.6,99.2,99.6,79.6,86.0,49.6,53.9,31.1,17.4,25.9,0.9,0.4,75.3,66.6,2394.1,24.00,36,35,35,68,103,383,2,2,Yes,No,No,No,No,No,No,No,No,No,Yes,No,No,No,No,No,No,No,No,No,No,No,No,No,No,No,No,Yes,No,No,No,No,No,No,No,Yes,No,No,85.0,3660,2340,3540,57.5,1.095,1.110,1.815,1.815,0.990,5.110,0.875,No,No,No,58.0,1.095,1.110,1.815,1.815,1.005,5.110,1.000,No,No,No,43,43,94.0,100.0,No,No,32159,47987,37,70,99.0,100.0,No,No,1844,3246,0.3,2.9,3.2,0.038,4.545,96546,53130,0.0,0.0,0.0,0.000,0.000,164001,82786,56.5,62.0,63.7,83.0,0.870,20.691,20.688,20.695,22.098,9.675,9.523,8.978,18.522,3.000,11.990,7.637,8.075,100.000,140.000,2175.0,2150.2,1875.0,2170.9,1890.0,10.0,2.0,0.0,1.0,52.8,2.3,9.4,0.0,0.0,0.0,Yes,No,No,No,No,Yes,No,0,0,0,0,0,0,0,0,0,0,0,0,0,0,0,0,0,0,0,0,0,0,0,0,0,0,0,0,0,0,3865,4323,4092,116,16.0,61,0.302,20.436,700.0,2394.0,0.3,0.1,0.0,0.0,0.1,0.0,0.0,0.0,0.0,2,16190,2,No,No,No,No,No,No,No,No,16.746,68.277,100.0,0.000,24.1,0,0,0,0.0,75.3,75.3,75.3,75.3,75.3,75.3,0.0,0.0,0.0,0.0,0.0,0.0,11.29,11.29,11.29,11.29,11.29,11.29,0.00,0.00,10.73,0.56,0.00,661,9,0.3,0.4,0,0,0.0,0.0,0,
9.6.2026,14:26:35.904,16092,32676,32.9,11946,20437,36.8,10.2,16384,1675,1.191,1.183,1.178,1.173,1.194,1.189,1.183,1.178,1.179,1.209,1.189,1.184,1.219,1.209,1.209,1.101,0.848,3306.2,1396.6,4688.5,4888.0,4688.5,4688.5,4688.5,3591.2,3591.2,3591.2,3591.2,1097.3,3591.2,1097.3,1097.3,99.8,4090.0,386.2,949.7,0.5,345.2,0.4,2897.5,0.5,2375.4,0.4,74.0,0.2,600.1,0.4,0.5,0.5,0.4,0.4,84.1,53.5,161.0,179.8,452.9,11.0,25.5,4.5,9.1,2.3,64.0,7.9,52.6,0.0,0.3,0.8,15.9,4.5,0.0,0.0,0.0,0.0,4.9,2.7,11.7,12.5,64.0,11.0,100.0,15.4,37.5,0.0,14.0,0.0,111.2,0.0,92.2,0.0,3.0,0.0,23.6,0.0,0.0,0.0,0.0,0.0,4.5,2.9,8.5,9.6,15.4,33.1,14.0,47.0,49.0,47.0,47.0,47.0,36.0,36.0,36.0,36.0,11.0,36.0,11.0,11.0,41.0,59,58,58,67,58,58,60,56,56,56,56,60,60,60,60,41,42,42,33,42,42,40,44,44,44,44,40,40,40,40,72,67,No,No,No,No,No,No,No,No,No,No,No,No,No,No,No,No,No,No,No,No,No,No,No,No,No,No,No,No,No,No,No,No,No,No,No,No,No,No,No,No,No,No,No,No,No,No,No,No,72,72,61,1.100,10.969,23.807,17.059,0.001,5.324,0.551,175.0,175.0,175.0,175.0,0,0.0,10.3,25.5,0.0,9.8,0.0,63.8,0.0,52.0,0.0,1.9,0.0,16.1,0.0,0.0,0.0,0.0,0.0,6.4,4.3,12.0,13.9,7.0,18.6,12.9,33.5,20.8,0.4,11.3,0.0,0.0,0.0,0.0,0.0,0.0,0.0,0.0,55.3,0.0,0.0,0.9,12.2,0.0,0.0,99.9,99.9,99.9,99.9,93.3,95.6,87.5,85.8,50.1,50.9,73.9,0.0,12.6,96.4,66.9,2394.1,24.00,36,35,35,68,103,383,2,2,Yes,No,No,No,No,No,No,No,No,No,Yes,No,No,No,No,No,No,No,No,No,No,No,No,No,No,No,No,Yes,No,No,No,No,No,No,No,Yes,No,No,85.0,3660,2340,3600,57.5,1.095,1.110,1.815,1.815,0.990,5.110,1.250,No,No,No,58.2,1.095,1.110,1.815,1.815,0.990,5.110,0.750,No,No,No,43,43,94.0,100.0,No,No,32159,47987,37,70,99.0,100.0,No,No,1844,3246,0.2,1.2,1.4,0.018,0.119,96546,53130,0.0,0.0,0.0,0.000,0.000,164001,82786,57.5,60.0,63.8,83.0,0.870,20.684,20.681,20.686,21.053,10.368,14.090,7.838,21.969,3.000,10.839,7.401,7.440,100.000,140.000,2175.0,1750.2,1875.0,2171.1,1890.0,1.0,1.0,0.0,0.0,53.9,0.7,2.9,0.0,0.0,0.0,Yes,No,No,No,No,Yes,No,0,0,0,0,0,0,0,0,0,0,0,0,0,0,0,0,0,0,0,0,0,0,0,0,0,0,0,0,0,0,3779,4409,4178,128,16.0,61,0.302,25.664,700.0,2394.0,0.3,0.1,0.0,0.0,0.1,0.0,0.0,0.0,0.0,2,16190,2,No,No,No,No,No,No,No,No,16.746,68.277,100.0,0.000,24.1,0,0,0,0.0,5.2,6.4,4.3,4.3,4.3,4.3,4.9,5.8,4.2,4.2,4.2,4.2,193.21,230.01,156.41,155.74,230.76,230.76,32.49,170.06,193.04,0.17,59.46,661,9,0.8,0.3,0,0,0.0,0.0,0,
9.6.2026,14:26:37.916,16105,32662,33.0,11977,20407,36.9,10.2,16384,1675,1.079,1.188,1.159,1.159,1.214,1.198,1.165,1.027,1.022,1.002,0.982,0.982,0.983,0.988,1.038,1.141,0.846,2444.0,1396.6,1396.6,1396.6,4888.0,4688.5,4688.5,2892.9,1097.3,1097.3,1097.3,2793.2,1097.3,2793.2,2892.9,99.8,4289.5,514.9,696.8,0.3,737.4,0.3,2916.8,69.9,3227.2,65.9,453.5,63.0,983.3,0.5,47.2,50.5,36.3,11.7,194.5,110.3,362.6,270.6,585.0,14.1,21.1,6.2,20.2,0.3,63.7,0.0,69.7,10.8,10.8,1.0,22.8,0.3,3.6,3.8,2.6,0.7,9.6,5.1,17.1,12.7,69.7,14.1,100.0,20.8,28.1,0.0,29.5,0.0,111.8,2.7,123.5,2.5,17.6,2.4,38.3,0.0,2.6,2.8,2.0,0.7,10.6,6.0,19.8,14.8,20.8,24.5,14.0,14.0,14.0,49.0,47.0,47.0,29.0,11.0,11.0,11.0,28.0,11.0,28.0,29.0,43.0,60,61,63,62,74,56,65,57,57,57,57,58,58,58,58,40,39,37,38,26,44,35,43,43,43,43,42,42,42,42,72,74,No,No,No,No,No,No,No,No,No,No,No,No,No,No,No,No,No,No,No,No,No,No,No,No,No,No,No,No,No,No,No,No,No,No,No,No,No,No,No,No,No,No,No,No,No,No,No,No,72,69,62,1.100,56.532,19.962,13.616,0.001,5.015,0.454,175.0,175.0,175.0,175.0,0,0.0,13.3,21.3,0.0,19.9,0.0,63.6,1.6,69.6,1.5,10.4,1.4,23.1,0.0,3.3,3.5,2.2,0.4,9.3,4.7,17.1,12.4,6.5,19.5,19.2,20.6,21.9,1.4,7.7,0.0,0.0,0.0,0.0,0.0,0.0,0.0,0.5,55.7,7.4,6.0,6.8,4.3,6.9,7.7,96.3,96.1,97.4,99.4,89.7,94.7,81.3,85.6,40.3,46.8,50.1,6.4,2.4,79.0,57.0,2394.1,24.00,36,35,35,68,103,383,2,2,Yes,No,No,No,No,No,No,No,No,No,Yes,No,No,No,No,No,No,No,No,No,No,No,No,No,No,No,No,Yes,No,No,No,No,No,No,No,Yes,No,No,84.0,3600,2340,3420,57.5,1.110,1.110,1.815,1.815,0.990,5.110,0.625,No,No,No,58.2,1.110,1.110,1.815,1.815,0.990,5.110,0.750,No,No,No,43,43,94.0,100.0,No,No,32159,47987,37,70,99.0,100.0,No,No,1844,3246,0.0,0.6,0.6,0.000,0.060,96546,53131,0.0,0.0,0.0,0.000,0.000,164001,82786,64.7,64.0,69.9,83.0,0.875,20.631,20.619,20.642,59.912,32.904,34.380,12.289,46.837,3.000,15.278,72.420,46.124,100.000,140.000,2250.0,2150.2,1890.0,2193.0,1905.0,70.0,18.0,0.0,0.0,53.7,12.1,48.5,0.0,0.0,0.0,Yes,No,No,No,No,Yes,No,0,0,0,0,0,0,0,0,0,0,0,0,0,0,0,0,0,0,0,0,0,0,0,0,0,0,0,0,0,0,3789,4399,4168,124,16.0,61,0.302,24.014,700.0,2394.0,0.3,0.1,0.0,0.0,0.1,0.0,0.0,0.0,0.0,2,16190,2,No,No,No,No,No,No,No,No,16.746,68.277,100.0,0.000,24.1,0,0,0,0.0,20.3,60.9,10.3,10.0,9.9,9.9,20.2,44.4,11.2,11.2,11.2,11.2,49.35,97.29,19.84,19.39,100.53,100.53,30.61,18.68,45.03,4.32,17.95,661,9,0.5,0.2,0,0,0.0,0.0,0,
9.6.2026,14:26:39.918,15965,32802,32.7,12148,20236,37.5,10.2,16384,1675,1.153,1.205,1.184,1.188,1.212,1.192,1.167,1.169,1.164,1.184,1.209,1.084,1.209,0.769,1.199,1.101,0.848,3006.9,4489.0,4688.5,4888.0,4888.0,4688.5,4688.5,3591.2,1097.3,1097.3,1097.3,3591.2,1097.3,1097.3,1097.3,99.8,4090.0,473.0,695.6,0.4,511.9,0.2,2673.7,5.2,3487.6,30.5,410.2,10.2,858.7,0.2,23.8,23.6,0.9,1.1,176.1,38.1,283.2,229.4,545.9,13.6,21.2,0.0,14.3,0.0,58.8,13.0,75.2,4.5,9.5,0.3,21.4,3.8,0.9,1.6,0.2,0.2,11.0,2.3,16.4,16.8,75.2,13.6,100.0,18.9,28.3,0.0,20.7,0.0,102.4,0.2,133.4,1.2,15.9,0.4,33.7,0.0,1.3,1.3,0.1,0.1,9.5,2.1,15.3,12.4,18.9,30.1,45.0,47.0,49.0,49.0,47.0,47.0,36.0,11.0,11.0,11.0,36.0,11.0,11.0,11.0,41.0,61,61,60,75,63,61,59,58,58,58,58,60,60,60,60,39,39,40,25,37,39,41,42,42,42,42,40,40,40,40,73,75,No,No,No,No,No,No,No,No,No,No,No,No,No,No,No,No,No,No,No,No,No,No,No,No,No,No,No,No,No,No,No,No,No,No,No,No,No,No,No,No,No,No,No,No,No,No,No,No,72,70,62,1.100,2.531,27.747,21.191,0.001,5.178,0.498,175.0,175.0,175.0,175.0,0,0.0,12.3,21.0,0.0,14.9,0.0,58.6,0.1,74.9,0.7,9.4,0.2,21.3,0.0,0.8,0.8,0.1,0.1,10.2,1.4,16.2,15.9,5.2,16.2,11.0,16.1,21.1,1.2,6.0,0.5,0.3,0.0,0.0,0.3,0.0,0.0,0.3,55.4,0.0,2.0,13.9,2.3,2.7,4.2,98.5,98.7,99.9,99.9,88.8,98.3,82.9,82.9,47.3,56.7,68.0,9.0,0.5,85.5,64.0,2394.1,24.00,36,35,35,68,103,383,2,2,Yes,No,No,No,No,No,No,No,No,No,Yes,No,No,No,No,No,No,No,No,No,No,No,No,No,No,No,No,Yes,No,No,No,No,No,No,No,Yes,No,No,84.0,3600,2460,3480,57.5,1.110,1.110,1.815,1.815,0.990,5.110,0.625,No,No,No,58.2,1.110,1.110,1.815,1.815,0.990,5.110,0.750,No,No,No,43,43,94.0,100.0,No,No,32159,47987,37,70,99.0,100.0,No,No,1844,3246,0.4,2.9,3.3,0.048,0.920,96546,53132,0.0,0.0,0.0,0.000,0.000,164001,82786,67.6,64.0,73.6,83.0,0.875,20.562,20.548,20.577,39.400,34.572,52.735,11.178,64.035,3.000,14.172,57.888,38.994,100.000,140.000,2250.0,1750.2,1890.0,2240.4,1905.0,31.0,5.0,0.0,0.0,48.6,11.7,46.9,0.0,0.0,0.0,Yes,No,No,No,No,Yes,No,0,0,0,0,0,0,0,0,0,0,0,0,0,0,0,0,0,0,0,0,0,0,0,0,0,0,0,0,0,0,4209,3979,3747,108,16.0,62,0.302,25.498,700.0,2394.0,0.3,0.1,0.0,0.0,0.1,0.0,0.0,0.0,0.0,2,16190,2,No,No,No,No,No,No,No,No,16.746,68.277,100.0,0.000,24.1,0,0,0,0.0,29.0,198.2,2.2,1.6,1.5,1.5,28.7,69.7,2.3,1.6,1.5,1.5,34.97,446.15,7.98,5.34,659.55,659.55,14.00,20.94,23.02,11.95,36.77,661,9,0.3,0.6,0,0,0.0,0.0,0,
9.6.2026,14:26:41.922,15975,32793,32.7,12142,20242,37.4,10.2,16384,1675,1.188,1.196,1.195,1.180,1.180,1.203,1.173,1.198,1.214,1.193,1.208,1.174,1.149,1.184,1.179,1.101,0.846,2878.7,4688.5,4688.5,1396.6,4688.5,4688.5,1396.6,3591.2,3591.2,3591.2,1097.3,3591.2,1097.3,1097.3,1097.3,99.8,4090.0,455.0,677.8,0.3,480.5,0.3,2484.5,0.5,3870.9,0.3,268.5,0.2,936.9,0.2,4.5,4.3,0.8,0.8,70.5,17.5,165.5,116.0,545.7,12.3,20.0,0.0,13.6,10.1,55.3,0.0,82.5,0.0,6.6,0.0,23.5,8.2,0.6,0.0,0.4,0.4,4.5,0.8,11.1,8.6,82.5,12.3,100.0,17.9,27.0,0.0,19.1,0.0,95.6,0.0,147.6,0.0,10.4,0.0,36.5,0.0,0.3,0.3,0.1,0.1,3.9,1.0,9.0,6.3,17.9,28.9,47.0,47.0,14.0,47.0,47.0,14.0,36.0,36.0,36.0,11.0,36.0,11.0,11.0,11.0,41.0,60,63,61,61,67,58,55,58,58,58,58,60,60,60,60,40,37,39,39,33,42,45,42,42,42,42,40,40,40,40,72,67,No,No,No,No,No,No,No,No,No,No,No,No,No,No,No,No,No,No,No,No,No,No,No,No,No,No,No,No,No,No,No,No,No,No,No,No,No,No,No,No,No,No,No,No,No,No,No,No,72,67,62,1.100,13.500,24.461,18.019,0.001,5.087,0.477,175.0,175.0,175.0,175.0,0,0.0,11.3,19.7,0.0,13.3,0.0,55.0,0.0,82.3,0.0,6.2,0.0,23.3,0.0,0.3,0.3,0.0,0.0,4.9,1.3,10.7,8.3,4.4,10.7,8.2,19.4,16.9,0.1,5.6,0.0,0.0,0.0,0.0,0.0,0.0,0.0,0.0,56.0,0.0,0.0,7.7,0.0,1.6,3.6,99.5,99.5,99.8,99.8,94.8,98.5,88.3,91.2,51.1,64.2,74.8,14.7,0.0,90.6,62.4,2394.1,24.00,36,35,35,68,103,383,2,2,Yes,No,No,No,No,No,No,No,No,No,Yes,No,No,No,No,No,No,No,No,No,No,No,No,No,No,No,No,Yes,No,No,No,No,No,No,No,Yes,No,No,84.0,3540,2520,3420,57.8,1.110,1.110,1.815,1.815,0.990,5.110,0.750,No,No,No,58.2,1.110,1.110,1.800,1.815,0.990,5.110,1.000,No,No,No,43,43,94.0,100.0,No,No,32159,47987,37,70,99.0,100.0,No,No,1844,3246,0.0,0.5,0.5,0.000,0.080,96546,53132,0.0,0.0,0.0,0.000,0.000,164001,82786,75.3,64.0,83.7,83.0,0.875,20.574,20.556,20.591,78.655,42.668,63.738,13.649,77.526,3.000,16.653,78.573,45.535,100.000,140.000,2250.0,2150.2,1890.0,2246.7,1905.0,85.0,18.0,0.0,0.0,48.7,20.6,82.4,0.0,0.0,0.0,Yes,No,No,No,No,Yes,No,0,0,0,0,0,0,0,0,0,0,0,0,0,0,0,0,0,0,0,0,0,0,0,0,0,0,0,0,0,0,4201,3987,3755,107,16.0,62,0.302,20.368,700.0,2394.0,0.3,0.1,0.0,0.0,0.1,0.0,0.0,0.0,0.0,2,16190,2,No,No,No,No,No,No,No,No,16.746,68.277,100.0,0.000,24.1,0,0,0,0.0,44.6,46.7,41.9,41.7,41.7,41.7,44.5,44.9,44.1,44.1,44.1,44.1,22.45,22.68,22.22,22.16,22.69,22.69,19.35,3.10,4.30,18.15,0.08,661,9,0.1,0.2,0,0,0.0,0.0,0,
9.6.2026,14:26:43.920,15757,33010,32.3,12125,20258,37.4,10.2,16384,1675,1.189,1.178,1.184,1.197,1.189,1.174,1.158,1.205,1.209,1.209,1.203,1.183,1.193,1.196,1.166,1.101,0.846,2607.9,1396.6,4688.5,4888.0,4888.0,4688.5,4688.5,1097.3,1097.3,1097.3,1097.3,3591.2,1097.3,1097.3,1097.3,99.8,4090.0,411.9,523.0,25.9,340.0,0.2,2078.4,0.4,2299.7,1548.4,156.9,0.1,421.3,258.6,1.2,0.5,0.5,0.6,71.1,37.0,232.3,241.3,478.5,12.1,18.9,12.6,12.2,0.0,46.4,3.0,47.9,38.4,3.8,0.0,9.2,7.6,0.0,0.0,0.0,0.0,4.3,1.9,16.8,18.9,47.9,12.1,100.0,16.4,21.9,1.1,14.5,0.0,80.0,0.0,87.9,58.8,6.2,0.0,16.6,10.0,0.1,0.1,0.0,0.1,3.9,2.0,12.5,12.8,16.4,26.1,14.0,47.0,49.0,49.0,47.0,47.0,11.0,11.0,11.0,11.0,36.0,11.0,11.0,11.0,41.0,60,61,63,64,67,58,63,58,58,58,58,59,59,60,59,40,39,37,36,33,42,37,42,42,42,42,41,41,40,41,72,67,No,No,No,No,No,No,No,No,No,No,No,No,No,No,No,No,No,No,No,No,No,No,No,No,No,No,No,No,No,No,No,No,No,No,No,No,No,No,No,No,No,No,No,No,No,No,No,No,74,70,62,1.100,8.438,22.303,15.871,0.001,5.071,0.480,175.0,175.0,175.0,175.0,0,0.0,11.3,18.9,1.0,12.2,0.0,46.5,0.0,48.6,32.7,3.8,0.0,10.7,6.3,0.1,0.0,0.0,0.1,5.1,2.7,18.0,19.0,5.4,19.9,16.1,15.3,17.2,1.9,4.7,0.0,0.0,0.0,0.0,0.0,0.0,0.0,0.0,54.7,0.0,0.0,13.3,0.2,0.0,0.0,99.8,99.8,99.8,99.8,94.6,97.1,81.5,80.4,51.3,53.6,66.6,20.8,0.7,93.0,73.1,2394.1,24.00,36,35,35,68,103,383,2,2,Yes,No,No,No,No,No,No,No,No,No,Yes,No,No,No,No,No,No,No,No,No,No,No,No,No,No,No,No,Yes,No,No,No,No,No,No,No,Yes,No,No,84.0,3600,2820,3420,57.8,1.110,1.110,1.815,1.815,0.990,5.110,1.000,No,No,No,58.2,1.110,1.110,1.815,1.815,0.990,5.110,0.750,No,No,No,43,43,94.0,100.0,No,No,32159,47987,37,70,99.0,100.0,No,No,1844,3246,0.0,1.4,1.4,0.000,0.092,96546,53133,0.0,0.0,0.0,0.000,0.000,164001,82786,75.9,66.0,84.5,83.0,0.875,20.578,20.561,20.595,79.267,35.468,61.079,13.837,75.049,3.000,16.826,31.304,47.181,100.000,140.000,2250.0,2150.2,1890.0,2246.7,1905.0,85.0,18.0,0.0,0.0,48.7,21.4,85.8,0.0,0.0,0.0,Yes,No,No,No,No,Yes,No,0,0,0,0,0,0,0,0,0,0,0,0,0,0,0,0,0,0,0,0,0,0,0,0,0,0,0,0,0,0,4201,3987,3755,105,16.0,62,0.302,21.266,700.0,2394.0,0.3,0.1,0.0,0.0,0.1,0.0,0.0,0.0,0.0,2,16190,2,No,No,No,No,No,No,No,No,16.746,68.277,100.0,0.000,24.1,0,0,0,0.0,44.5,46.9,42.7,42.6,42.6,42.6,44.4,44.9,43.9,43.9,43.9,43.9,22.49,22.73,22.26,22.25,22.74,22.74,19.34,3.16,4.14,18.36,0.10,661,9,0.2,0.2,0,0,0.0,0.0,0,
9.6.2026,14:26:45.915,15747,33020,32.2,12118,20266,37.4,10.2,16384,1675,1.182,1.180,1.193,1.192,1.192,1.153,1.151,1.181,1.181,1.181,1.186,1.176,1.176,1.208,1.203,1.101,0.846,3277.7,4688.5,4688.5,1396.6,4688.5,4489.0,4688.5,3591.2,3591.2,3591.2,3591.2,1097.3,1097.3,3591.2,1097.3,99.8,4090.0,408.6,631.5,108.2,285.8,0.3,1827.1,0.5,3.6,4032.0,124.6,0.2,3.5,903.8,0.6,0.6,0.6,0.6,72.4,36.9,1.9,137.5,495.2,10.9,21.8,3.7,11.2,0.0,42.6,4.2,0.5,85.6,2.6,0.4,0.5,21.4,0.5,0.5,0.5,0.5,6.3,3.8,0.5,10.1,85.6,10.9,100.0,16.1,26.3,4.5,12.1,0.0,70.6,0.0,0.3,153.6,4.8,0.0,0.3,35.0,0.1,0.1,0.1,0.1,3.9,2.0,0.1,7.6,16.1,32.9,47.0,47.0,14.0,47.0,45.0,47.0,36.0,36.0,36.0,36.0,11.0,11.0,36.0,11.0,41.0,60,58,61,65,60,58,63,58,58,58,58,60,60,60,59,40,42,39,35,40,42,37,42,42,42,42,40,40,40,41,74,65,No,No,No,No,No,No,No,No,No,No,No,No,No,No,No,No,No,No,No,No,No,No,No,No,No,No,No,No,No,No,No,No,No,No,No,No,No,No,No,No,No,No,No,No,No,No,No,No,74,67,63,1.100,16.031,20.980,14.567,0.001,5.073,0.474,175.0,175.0,175.0,175.0,0,0.0,10.4,22.0,4.0,10.8,0.0,42.8,0.0,0.1,85.5,2.9,0.0,0.1,22.4,0.1,0.1,0.1,0.0,5.2,2.6,0.1,10.1,6.2,26.5,11.5,26.9,13.9,0.0,8.7,0.0,0.0,0.0,0.0,0.0,0.0,0.0,0.0,56.2,0.0,0.0,6.9,0.0,0.0,0.0,99.8,99.8,99.8,99.8,94.5,97.2,99.8,89.4,48.9,40.6,74.0,19.0,0.0,96.1,63.7,2394.1,24.00,36,35,35,68,103,383,2,2,Yes,No,No,No,No,No,No,No,No,No,Yes,No,No,No,No,No,No,No,No,No,No,No,No,No,No,No,No,Yes,No,No,No,No,No,No,No,Yes,No,No,85.0,3600,3120,3360,57.8,1.110,1.110,1.815,1.815,0.990,5.110,0.750,No,No,No,58.2,1.110,1.110,1.815,1.815,1.005,5.110,0.750,No,No,No,43,43,94.0,100.0,No,No,32159,47987,37,70,99.0,100.0,No,No,1844,3246,0.3,0.4,0.7,0.028,0.076,96546,53133,0.0,0.0,0.0,0.000,0.000,164001,82786,77.0,66.0,85.7,83.0,0.875,20.559,20.538,20.581,79.339,41.665,66.778,13.822,80.738,3.000,16.824,63.483,47.012,100.000,140.000,2250.0,2150.2,1890.0,2246.3,1905.0,85.0,18.0,0.0,0.0,48.7,21.3,85.4,0.0,0.0,0.0,Yes,No,No,No,No,Yes,No,0,0,0,0,0,0,0,0,0,0,0,0,0,0,0,0,0,0,0,0,0,0,0,0,0,0,0,0,0,0,4201,3987,3755,100,16.0,63,0.302,21.264,700.0,2394.0,0.3,0.1,0.0,0.0,0.1,0.0,0.0,0.0,0.0,2,16190,2,No,No,No,No,No,No,No,No,16.746,68.277,100.0,0.000,24.1,0,0,0,0.0,45.1,47.8,41.3,40.5,40.4,40.4,45.2,46.0,41.8,40.9,40.8,40.8,22.16,23.95,21.76,21.75,24.54,24.54,19.02,3.11,4.13,18.04,0.33,661,9,0.1,0.2,0,0,0.0,0.0,0,
9.6.2026,14:26:47.913,15742,33026,32.2,12109,20275,37.3,10.2,16384,1675,1.169,1.190,1.183,1.221,1.166,1.145,1.135,1.161,1.166,1.161,1.161,1.168,1.168,1.178,1.168,1.101,0.846,2230.3,1396.6,4688.5,4888.0,4688.5,4489.0,2294.4,1097.3,1097.3,1097.3,1097.3,1097.3,1097.3,1097.3,1097.3,99.8,4090.0,412.2,571.8,66.3,409.4,0.3,2385.4,0.4,3.0,3341.5,179.9,0.2,2.6,751.2,6.0,0.5,0.5,0.5,137.9,97.5,25.7,263.8,482.5,11.3,18.9,3.6,11.4,4.5,52.6,3.7,0.0,72.4,4.3,0.0,0.0,20.5,0.0,0.0,0.0,0.0,6.4,6.0,1.3,20.3,72.4,11.3,100.0,16.4,23.2,2.8,16.5,0.0,91.7,0.0,0.2,127.4,7.0,0.0,0.2,29.6,0.3,0.1,0.1,0.1,7.5,5.2,1.4,14.1,16.4,22.4,14.0,47.0,49.0,47.0,45.0,23.0,11.0,11.0,11.0,11.0,11.0,11.0,11.0,11.0,41.0,61,61,62,67,68,59,59,59,59,59,59,61,60,60,60,39,39,38,33,32,41,41,41,41,41,41,39,40,40,40,74,68,No,No,No,No,No,No,No,No,No,No,No,No,No,No,No,No,No,No,No,No,No,No,No,No,No,No,No,No,No,No,No,No,No,No,No,No,No,No,No,No,No,No,No,No,No,No,No,No,74,67,63,1.100,9.281,21.417,14.975,0.001,5.070,0.476,175.0,175.0,175.0,175.0,0,0.0,11.2,19.0,3.7,12.1,0.0,52.5,0.0,0.1,72.3,4.3,0.0,0.1,19.8,0.5,0.1,0.1,0.1,10.0,7.5,2.1,20.1,5.9,18.2,12.9,20.2,24.7,1.2,4.8,0.0,0.0,0.0,0.0,0.0,0.0,0.0,0.0,55.5,0.0,0.0,17.8,2.0,0.0,0.0,99.3,99.8,99.8,99.8,89.4,92.3,97.8,79.2,49.1,53.4,70.9,6.8,0.0,93.4,69.9,2394.1,24.00,36,35,35,68,103,383,2,2,Yes,No,No,No,No,No,No,No,No,No,Yes,No,No,No,No,No,No,No,No,No,No,No,No,No,No,No,No,Yes,No,No,No,No,No,No,No,Yes,No,No,85.0,3600,3420,3420,57.8,1.110,1.110,1.815,1.815,0.990,5.110,0.625,No,No,No,58.2,1.110,1.110,1.815,1.815,0.990,5.110,0.875,No,No,No,43,43,94.0,100.0,No,No,32159,47987,37,70,99.0,100.0,No,No,1844,3246,0.0,1.3,1.3,0.000,0.062,96546,53133,0.0,0.0,0.0,0.000,0.000,164001,82786,77.4,68.0,86.2,83.0,0.875,20.586,20.569,20.604,81.979,40.923,63.516,14.234,77.903,3.000,17.217,62.063,48.528,100.000,140.000,2250.0,2150.2,1890.0,2246.0,1905.0,85.0,19.0,0.0,0.0,48.7,20.9,83.4,0.0,0.0,0.0,Yes,No,No,No,No,Yes,No,0,0,0,0,0,0,0,0,0,0,0,0,0,0,0,0,0,0,0,0,0,0,0,0,0,0,0,0,0,0,4201,3987,3755,94,16.0,63,0.300,20.145,700.0,2394.0,0.3,0.1,0.0,0.0,0.1,0.0,0.0,0.0,0.0,2,16190,2,No,No,No,No,No,No,No,No,16.746,68.277,100.0,0.000,24.1,0,0,0,0.0,45.9,49.6,42.7,41.8,41.7,41.7,45.9,46.4,45.5,45.4,45.3,45.3,21.77,21.99,21.58,21.58,22.04,22.04,18.61,3.16,4.09,17.69,0.10,661,9,0.6,0.3,0,0,0.0,0.0,0,
9.6.2026,14:26:49.911,15764,33004,32.3,12102,20281,37.3,10.2,16384,1675,1.173,1.169,1.167,1.189,1.178,1.148,1.138,1.183,1.183,1.178,1.178,1.178,1.178,1.176,1.171,1.101,0.846,2672.0,4489.0,1396.6,4688.5,4688.5,4489.0,1396.6,3591.2,3591.2,1097.3,1097.3,1097.3,1097.3,3591.2,1097.3,99.8,4090.0,426.7,699.2,76.3,396.6,0.3,2488.0,0.4,2.8,3471.8,127.0,0.2,2.5,673.9,5.3,5.6,0.6,0.6,165.6,106.5,11.4,299.5,496.9,12.5,23.4,3.7,13.8,0.8,55.2,0.8,1.6,74.3,3.2,0.8,1.6,16.3,1.3,1.2,0.9,0.9,15.8,8.8,1.4,23.6,74.3,12.5,100.0,17.0,28.8,3.2,16.5,0.0,95.7,0.0,0.2,132.5,5.0,0.0,0.2,26.4,0.3,0.3,0.1,0.1,8.9,5.7,0.6,16.0,17.0,26.8,45.0,14.0,47.0,47.0,45.0,14.0,36.0,36.0,11.0,11.0,11.0,11.0,36.0,11.0,41.0,61,65,62,67,68,59,60,58,58,58,58,61,61,61,61,39,35,38,33,32,41,40,42,42,42,42,39,39,39,39,74,68,No,No,No,No,No,No,No,No,No,No,No,No,No,No,No,No,No,No,No,No,No,No,No,No,No,No,No,No,No,No,No,No,No,No,No,No,No,No,No,No,No,No,No,No,No,No,No,No,74,70,63,1.100,8.438,20.540,14.082,0.001,5.094,0.478,175.0,175.0,175.0,175.0,0,0.0,11.7,23.4,3.7,13.0,0.0,55.0,0.0,0.1,74.1,3.2,0.0,0.1,16.4,0.4,0.4,0.1,0.1,12.4,8.0,0.6,23.4,6.2,21.5,12.1,23.7,22.2,0.8,6.6,0.0,0.0,0.0,0.0,0.0,0.0,0.0,0.0,54.6,0.0,0.0,9.7,2.4,0.0,0.0,99.4,99.4,99.8,99.8,87.1,91.7,99.2,75.9,48.3,44.6,70.0,8.7,0.1,94.7,71.9,2394.1,24.00,36,35,35,68,103,383,2,2,Yes,No,No,No,No,No,No,No,No,No,Yes,No,No,No,No,No,No,No,No,No,No,No,No,No,No,No,No,Yes,No,No,No,No,No,No,No,Yes,No,No,84.0,3780,3720,3600,57.8,1.110,1.110,1.815,1.815,0.990,5.110,0.875,No,No,No,58.2,1.110,1.110,1.815,1.815,0.990,5.110,0.750,No,No,No,43,43,94.0,100.0,No,No,32159,47987,37,70,99.0,100.0,No,No,1844,3246,0.0,0.8,0.8,0.000,0.052,96546,53133,0.0,0.0,0.0,0.000,0.000,164001,82786,77.4,68.0,86.1,83.0,0.875,20.577,20.558,20.596,82.279,41.694,63.747,14.473,78.368,3.000,17.457,65.504,49.312,100.000,140.000,2250.0,2150.2,1890.0,2246.0,1905.0,85.0,19.0,0.0,0.0,49.1,21.1,84.4,0.0,0.0,0.0,Yes,No,No,No,No,Yes,No,0,0,0,0,0,0,0,0,0,0,0,0,0,0,0,0,0,0,0,0,0,0,0,0,0,0,0,0,0,0,4168,4020,3788,91,16.0,63,0.302,20.381,700.0,2394.0,0.3,0.1,0.0,0.0,0.1,0.0,0.0,0.0,0.0,2,16190,2,No,No,No,No,No,No,No,No,16.746,68.277,100.0,0.000,24.1,0,0,0,0.0,44.6,48.1,41.1,40.8,40.8,40.8,44.5,46.8,42.6,42.5,42.5,42.5,22.44,23.56,21.41,21.41,23.56,23.56,19.33,3.15,4.28,18.17,0.49,661,9,0.2,0.3,0,0,0.0,0.0,0,
9.6.2026,14:26:51.920,15759,33008,32.3,12096,20287,37.3,10.2,16384,1675,1.201,1.190,1.187,1.214,1.203,1.188,1.188,1.203,1.203,1.203,1.198,1.212,1.212,1.227,1.183,1.101,0.846,3733.7,4688.5,4688.5,4888.0,4888.0,4688.5,4688.5,3591.2,3591.2,3591.2,3591.2,1097.3,1097.3,3591.2,3591.2,99.8,4090.0,406.6,493.0,103.2,238.5,0.2,1711.1,0.3,3.2,4004.4,147.6,0.2,3.0,833.1,0.7,0.5,0.6,0.6,136.6,88.2,27.3,340.4,471.3,10.9,16.3,2.7,8.1,0.0,38.6,0.0,0.1,84.6,3.6,0.0,0.1,19.6,0.0,0.0,0.0,0.0,9.4,6.6,2.0,26.6,84.6,10.9,100.0,16.2,20.4,4.2,10.3,0.0,66.1,0.0,0.3,152.5,5.8,0.0,0.3,32.6,0.1,0.1,0.0,0.0,7.4,4.8,1.5,17.8,16.2,37.4,47.0,47.0,49.0,49.0,47.0,47.0,36.0,36.0,36.0,36.0,11.0,11.0,36.0,36.0,41.0,61,62,63,64,70,59,57,59,59,59,59,61,61,61,61,39,38,37,36,30,41,43,41,41,41,41,39,39,39,39,75,70,No,No,No,No,No,No,No,No,No,No,No,No,No,No,No,No,No,No,No,No,No,No,No,No,No,No,No,No,No,No,No,No,No,No,No,No,No,No,No,No,No,No,No,No,No,No,No,No,75,70,63,1.100,13.500,21.377,14.899,0.001,5.107,0.478,175.0,175.0,175.0,175.0,0,0.0,11.0,16.3,2.7,8.8,0.0,38.5,0.0,0.1,84.5,3.6,0.0,0.1,19.7,0.1,0.0,0.0,0.0,10.0,6.5,2.0,27.2,4.1,17.0,9.9,10.3,14.9,0.5,4.7,0.0,0.0,0.0,0.0,0.0,0.0,0.0,0.0,54.5,0.0,0.0,10.2,0.0,0.0,0.0,99.8,99.8,99.8,99.8,89.5,93.3,97.9,72.2,56.0,57.5,77.1,36.2,0.0,94.8,70.4,2394.1,24.00,36,35,35,68,103,383,2,2,Yes,No,No,No,No,No,No,No,No,No,Yes,No,No,No,No,No,No,No,No,No,No,No,No,No,No,No,No,Yes,No,No,No,No,No,No,No,Yes,No,No,84.0,3960,4020,3780,57.8,1.110,1.110,1.815,1.815,0.990,5.110,0.625,No,No,No,58.2,1.110,1.110,1.815,1.815,0.990,5.110,0.875,No,No,No,43,43,94.0,100.0,No,No,32159,47987,37,70,99.0,100.0,No,No,1844,3246,0.0,0.6,0.6,0.000,0.021,96546,53133,0.0,0.0,0.0,0.000,0.000,164001,82786,78.0,68.0,87.0,83.0,0.875,20.568,20.548,20.587,83.342,41.167,64.573,14.610,79.341,3.000,17.613,61.613,47.419,100.000,140.000,2250.0,2150.2,1890.0,2246.1,1905.0,85.0,20.0,0.0,0.0,49.1,21.3,85.1,0.0,0.0,0.0,Yes,No,No,No,No,Yes,No,0,0,0,0,0,0,0,0,0,0,0,0,0,0,0,0,0,0,0,0,0,0,0,0,0,0,0,0,0,0,4168,4020,3788,91,16.0,63,0.302,20.709,700.0,2394.0,0.3,0.1,0.0,0.0,0.1,0.0,0.0,0.0,0.0,2,16190,2,No,No,No,No,No,No,No,No,16.746,68.277,100.0,0.000,24.1,0,0,0,0.0,42.9,44.4,40.5,40.1,40.0,40.0,43.0,43.4,40.6,39.9,39.8,39.8,23.26,24.62,22.98,22.98,25.12,25.12,20.09,3.15,4.35,18.90,0.26,661,9,0.1,0.2,0,0,0.0,0.0,0,
9.6.2026,14:26:53.922,15750,33018,32.2,12084,20300,37.3,10.2,16384,1675,1.170,1.182,1.185,1.172,1.157,1.167,1.152,1.152,1.152,1.168,1.168,1.168,1.168,1.198,1.188,1.101,0.846,2151.9,1396.6,4688.5,4489.0,4688.5,4688.5,1396.6,1097.3,1097.3,1097.3,1097.3,1097.3,1097.3,1097.3,1097.3,99.8,4090.0,406.2,499.3,76.5,322.7,0.2,2231.8,0.3,3.0,3558.2,115.7,0.1,2.5,681.1,1.1,0.4,0.4,0.4,174.9,109.1,14.3,333.0,468.4,12.7,18.7,3.9,12.2,7.1,50.1,0.0,2.9,76.2,4.3,0.0,2.9,16.6,1.5,1.4,1.4,1.4,14.5,9.6,2.3,27.1,76.2,12.7,100.0,16.3,20.8,3.2,13.5,0.0,86.1,0.0,0.2,135.8,4.6,0.0,0.2,26.5,0.1,0.0,0.0,0.0,9.4,5.8,0.8,18.3,16.3,21.6,14.0,47.0,45.0,47.0,47.0,14.0,11.0,11.0,11.0,11.0,11.0,11.0,11.0,11.0,41.0,61,63,63,64,67,57,60,60,60,60,60,61,61,61,61,39,37,37,36,33,43,40,40,40,40,40,39,39,39,39,75,67,No,No,No,No,No,No,No,No,No,No,No,No,No,No,No,No,No,No,No,No,No,No,No,No,No,No,No,No,No,No,No,No,No,No,No,No,No,No,No,No,No,No,No,No,No,No,No,No,75,67,64,1.100,22.782,19.817,13.375,0.001,5.083,0.473,175.0,175.0,175.0,175.0,0,0.0,11.3,18.2,4.1,10.9,0.0,49.7,0.0,0.1,75.8,3.0,0.0,0.1,16.3,0.1,0.0,0.0,0.0,13.2,8.3,0.9,25.8,5.9,20.3,11.2,22.0,22.6,2.4,4.6,0.0,0.0,0.0,0.0,0.0,0.0,0.0,0.0,54.7,1.7,0.0,14.5,0.6,0.0,0.0,99.8,99.8,99.8,99.8,86.2,91.4,98.9,73.5,50.2,49.6,73.8,10.5,0.0,93.2,73.8,2394.1,24.00,36,35,35,68,103,383,2,2,Yes,No,No,No,No,No,No,No,No,No,Yes,No,No,No,No,No,No,No,No,No,No,No,No,No,No,No,No,Yes,No,No,No,No,No,No,No,Yes,No,No,84.0,4080,4320,3900,57.8,1.110,1.110,1.815,1.815,0.990,5.110,0.750,No,No,No,58.2,1.110,1.110,1.800,1.815,0.990,5.110,0.750,No,No,No,43,43,94.0,100.0,No,No,32159,47987,37,70,99.0,100.0,No,No,1844,3246,0.1,1.3,1.4,0.008,0.085,96546,53133,0.0,0.0,0.0,0.000,0.000,164001,82786,78.4,70.0,87.8,83.0,0.875,20.570,20.550,20.591,83.321,35.044,64.970,14.467,79.605,3.000,17.458,10.795,55.014,100.000,140.000,2250.0,2150.2,1890.0,2246.0,1905.0,87.0,20.0,0.0,0.0,49.1,21.3,85.3,0.0,0.0,0.0,Yes,No,No,No,No,Yes,No,0,0,0,0,0,0,0,0,0,0,0,0,0,0,0,0,0,0,0,0,0,0,0,0,0,0,0,0,0,0,4168,4020,3788,91,16.0,64,0.300,20.333,700.0,2394.0,0.3,0.1,0.0,0.0,0.1,0.0,0.0,0.0,0.0,2,16190,2,No,No,No,No,No,No,No,No,16.747,68.277,100.0,0.000,24.1,0,0,0,0.0,43.6,45.6,41.9,41.9,41.9,41.9,43.6,44.0,43.2,43.2,43.2,43.2,22.94,23.11,22.72,22.71,23.12,23.12,19.79,3.15,4.47,18.47,0.11,661,9,0.1,0.2,0,0,0.0,0.0,0,
9.6.2026,14:26:55.932,15781,32987,32.3,12081,20303,37.3,10.2,16384,1675,1.184,1.160,1.156,1.216,1.161,1.166,1.196,1.221,1.166,1.172,1.172,1.172,1.212,1.207,1.202,1.101,0.846,3192.2,1396.6,1396.6,4888.0,4688.5,1396.6,4688.5,3591.2,3591.2,3591.2,3591.2,3591.2,3591.2,3591.2,1097.3,99.8,4090.0,407.7,559.3,86.1,343.1,0.7,2115.8,0.5,3.2,3695.3,139.6,0.2,2.9,706.5,0.6,0.6,0.6,0.6,120.8,93.5,10.0,273.5,478.5,11.3,18.5,3.7,11.0,7.7,47.9,4.9,0.0,78.3,1.5,2.0,0.0,16.4,0.0,0.0,0.0,0.0,7.1,5.7,0.0,20.9,78.3,11.3,100.0,16.2,23.0,3.6,14.3,0.0,81.6,0.0,0.3,140.9,5.5,0.0,0.2,27.6,0.1,0.1,0.1,0.1,6.5,5.0,0.6,14.6,16.2,32.0,14.0,14.0,49.0,47.0,14.0,47.0,36.0,36.0,36.0,36.0,36.0,36.0,36.0,11.0,41.0,61,62,65,64,68,56,60,60,60,60,60,61,61,61,61,39,38,35,36,32,44,40,40,40,40,40,39,39,39,39,74,68,No,No,No,No,No,No,No,No,No,No,No,No,No,No,No,No,No,No,No,No,No,No,No,No,No,No,No,No,No,No,No,No,No,No,No,No,No,No,No,No,No,No,No,No,No,No,No,No,75,70,64,1.100,18.563,20.846,14.377,0.001,5.112,0.475,175.0,175.0,175.0,175.0,0,0.0,10.9,18.8,3.3,11.3,0.0,47.9,0.0,0.1,78.2,3.4,0.0,0.1,16.7,0.1,0.0,0.0,0.0,8.7,7.5,0.7,21.0,5.7,20.2,9.8,22.0,20.4,1.3,5.6,0.0,0.0,0.0,0.0,0.0,0.0,0.0,0.0,55.1,0.0,0.0,11.5,0.7,0.0,0.0,99.8,99.8,99.8,99.8,90.8,92.3,99.1,78.4,51.3,51.6,74.6,14.9,0.0,94.1,72.6,2394.1,24.00,36,35,35,68,103,383,2,2,Yes,No,No,No,No,No,No,No,No,No,Yes,No,No,No,No,No,No,No,No,No,No,No,No,No,No,No,No,Yes,No,No,No,No,No,No,No,Yes,No,No,83.0,4200,4380,4020,57.8,1.110,1.110,1.815,1.815,0.990,5.110,1.000,No,No,No,58.2,1.110,1.110,1.815,1.815,0.990,5.110,0.875,No,No,No,43,43,94.0,100.0,No,No,32159,47987,37,70,99.0,100.0,No,No,1844,3246,0.0,0.3,0.3,0.000,0.014,96546,53133,0.0,0.0,0.0,0.000,0.000,164001,82786,79.0,70.0,88.1,83.0,0.875,20.576,20.556,20.597,83.653,41.494,67.178,14.574,81.912,3.000,17.579,59.283,46.935,100.000,140.000,2250.0,2150.2,1890.0,2245.7,1905.0,85.0,20.0,0.0,0.0,49.1,21.4,85.8,0.0,0.0,0.0,Yes,No,No,No,No,Yes,No,0,0,0,0,0,0,0,0,0,0,0,0,0,0,0,0,0,0,0,0,0,0,0,0,0,0,0,0,0,0,4168,4020,3788,92,16.0,63,0.300,21.773,700.0,2394.0,0.3,0.1,0.0,0.0,0.1,0.0,0.0,0.0,0.0,2,16190,2,No,No,No,No,No,No,No,No,16.746,68.277,100.0,0.000,24.1,0,0,0,0.0,44.0,46.3,42.1,42.0,42.0,42.0,44.0,44.3,43.6,43.6,43.6,43.6,22.74,22.91,22.60,22.60,22.92,22.92,19.59,3.15,4.34,18.40,0.09,661,9,0.1,0.2,0,0,0.0,0.0,0,
9.6.2026,14:26:57.938,15780,32987,32.3,12087,20297,37.3,10.2,16384,1675,1.157,1.163,1.188,1.183,1.183,1.178,1.169,1.169,0.804,1.182,1.177,1.177,1.212,1.217,1.195,1.101,0.846,2287.3,1396.6,4688.5,1396.6,4688.5,4688.5,1396.6,1097.3,1097.3,1097.3,1097.3,1097.3,1097.3,3591.2,3591.2,99.8,4090.0,417.2,496.6,116.0,282.9,0.3,1923.8,0.5,3.3,4061.3,151.9,0.2,3.2,942.0,6.4,1.4,0.5,0.5,78.4,49.9,41.1,184.4,499.4,12.4,15.4,2.0,8.0,9.6,44.5,15.5,0.5,86.5,4.1,8.9,0.5,23.3,1.0,0.6,0.5,0.5,6.2,4.5,3.5,13.3,86.5,12.4,100.0,16.4,20.0,4.8,11.4,0.0,74.3,0.0,0.3,154.7,5.9,0.0,0.3,36.7,0.4,0.1,0.0,0.1,4.3,2.7,2.2,9.9,16.4,22.9,14.0,47.0,14.0,47.0,47.0,14.0,11.0,11.0,11.0,11.0,11.0,11.0,36.0,36.0,41.0,62,63,65,62,71,61,63,60,60,60,60,61,61,61,61,38,37,35,38,29,39,37,40,40,40,40,39,39,39,39,75,71,No,No,No,No,No,No,No,No,No,No,No,No,No,No,No,No,No,No,No,No,No,No,No,No,No,No,No,No,No,No,No,No,No,No,No,No,No,No,No,No,No,No,No,No,No,No,No,No,75,67,64,1.100,9.281,20.212,13.726,0.001,5.124,0.476,175.0,175.0,175.0,175.0,0,0.0,10.7,15.7,3.0,8.3,0.0,44.6,0.0,0.1,86.3,3.7,0.0,0.1,23.6,0.6,0.1,0.0,0.1,5.7,4.1,3.1,14.1,4.3,16.2,7.1,16.5,12.6,0.5,8.0,0.0,0.0,0.0,0.0,0.0,0.0,0.0,0.0,56.0,0.0,0.0,14.0,0.5,0.0,0.0,99.3,99.7,99.8,99.8,93.8,95.7,96.8,85.2,53.3,60.1,81.7,20.8,0.0,94.8,62.8,2394.1,24.00,36,35,35,68,103,383,2,2,Yes,No,No,No,No,No,No,No,No,No,Yes,No,No,No,No,No,No,No,No,No,No,No,No,No,No,No,No,Yes,No,No,No,No,No,No,No,Yes,No,No,85.0,4260,4500,4080,57.8,1.110,1.110,1.815,1.815,0.990,5.110,0.750,No,No,No,58.2,1.110,1.110,1.815,1.815,0.990,5.110,1.000,No,No,No,43,43,94.0,100.0,No,No,32159,47987,37,70,99.0,100.0,No,No,1844,3246,0.0,1.3,1.3,0.000,0.223,96546,53134,0.0,0.0,0.0,0.000,0.000,164001,82786,78.9,70.0,88.1,83.0,0.875,20.589,20.571,20.607,82.228,38.301,62.648,15.325,78.142,3.000,18.326,41.036,49.632,100.000,140.000,2250.0,2150.2,1890.0,2245.4,1905.0,87.0,23.0,0.0,0.0,49.1,21.6,86.3,0.0,0.0,0.0,Yes,No,No,No,No,Yes,No,0,0,0,0,0,0,0,0,0,0,0,0,0,0,0,0,0,0,0,0,0,0,0,0,0,0,0,0,0,0,4168,4020,3789,96,16.0,64,0.300,20.310,700.0,2394.0,0.3,0.1,0.0,0.0,0.1,0.0,0.0,0.0,0.0,2,16190,5,No,No,No,No,No,No,No,No,16.746,68.277,100.0,0.000,24.1,0,0,0,0.0,41.6,44.3,39.0,38.9,38.9,38.9,41.7,42.2,39.7,39.3,39.2,39.2,24.00,25.15,23.68,23.68,25.42,25.42,20.85,3.07,4.88,19.12,0.31,661,9,0.4,0.2,0,0,0.0,0.0,0,
9.6.2026,14:26:59.941,15779,32988,32.3,12086,20298,37.3,10.2,16384,1675,1.169,1.202,1.177,1.162,1.162,1.152,1.162,1.167,1.168,1.168,1.168,1.168,1.173,1.168,1.171,1.101,0.846,2315.8,4688.5,1396.6,1396.6,4688.5,4489.0,4489.0,1097.3,1097.3,1097.3,1097.3,1097.3,3591.2,1097.3,1097.3,99.8,4090.0,377.0,503.6,110.4,180.0,0.1,2047.9,0.3,4.3,3613.5,60.6,0.1,4.1,965.0,0.5,0.5,0.5,0.4,14.1,0.8,0.5,31.8,468.2,9.3,16.8,6.3,6.8,0.0,47.0,0.0,1.5,77.0,2.1,0.0,1.5,23.5,0.0,0.0,0.0,0.0,0.7,0.0,0.0,3.4,77.0,9.3,100.0,14.6,20.3,4.6,7.4,0.0,79.0,0.0,0.4,137.7,2.3,0.0,0.3,37.5,0.0,0.0,0.0,0.0,0.8,0.1,0.1,1.8,14.6,23.2,47.0,14.0,14.0,47.0,45.0,45.0,11.0,11.0,11.0,11.0,11.0,36.0,11.0,11.0,41.0,62,65,62,65,67,59,64,61,61,60,60,61,61,61,61,38,35,38,35,33,41,36,39,39,40,40,39,39,39,39,75,67,No,No,No,No,No,No,No,No,No,No,No,No,No,No,No,No,No,No,No,No,No,No,No,No,No,No,No,No,No,No,No,No,No,No,No,No,No,No,No,No,No,No,No,No,No,No,No,No,75,66,64,1.100,7.594,22.012,15.518,0.002,5.125,0.481,175.0,175.0,175.0,175.0,0,0.0,9.0,16.3,5.0,6.2,0.0,46.6,0.0,0.1,77.0,1.4,0.0,0.2,23.1,0.1,0.0,0.0,0.0,0.9,0.1,0.0,2.0,4.8,13.3,4.5,18.4,22.2,0.0,8.5,0.0,0.0,0.0,0.0,0.0,0.0,0.0,0.0,57.3,0.0,0.0,7.3,0.0,0.0,0.0,99.8,99.8,99.8,99.8,98.9,99.8,99.9,97.6,55.3,60.4,87.2,23.3,0.0,98.2,62.7,2394.1,24.00,36,35,35,68,103,383,2,2,Yes,No,No,No,No,No,No,No,No,No,Yes,No,No,No,No,No,No,No,No,No,No,No,No,No,No,No,No,Yes,No,No,No,No,No,No,No,Yes,No,No,84.0,4200,4500,4080,57.8,1.110,1.110,1.815,1.815,0.990,5.110,0.875,No,No,No,58.2,1.110,1.110,1.815,1.815,0.990,5.110,1.250,No,No,No,43,43,94.0,100.0,No,No,32159,47987,37,70,99.0,100.0,No,No,1844,3246,0.0,0.5,0.5,0.000,0.030,96546,53134,0.0,0.0,0.0,0.000,0.000,164001,82786,77.8,70.0,86.2,83.0,0.875,20.576,20.556,20.597,82.014,42.128,63.720,15.314,79.194,3.000,18.319,70.793,44.554,100.000,140.000,2250.0,2150.2,1890.0,2245.4,1905.0,86.0,22.0,0.0,0.0,49.1,21.1,84.5,0.0,0.0,0.0,Yes,No,No,No,No,Yes,No,0,0,0,0,0,0,0,0,0,0,0,0,0,0,0,0,0,0,0,0,0,0,0,0,0,0,0,0,0,0,4168,4020,3789,96,16.0,64,0.300,20.707,700.0,2394.0,0.3,0.1,0.0,0.0,0.1,0.0,0.0,0.0,0.0,2,16190,2,No,No,No,No,No,No,No,No,16.746,68.277,100.0,0.000,24.1,0,0,0,0.0,41.4,43.0,39.9,39.9,39.9,39.9,41.4,41.7,41.1,41.1,41.1,41.1,24.14,24.38,23.88,23.86,24.42,24.42,20.99,3.15,4.60,19.54,0.11,661,9,0.2,0.3,0,0,0.0,0.0,0,
9.6.2026,14:27:1.931,15753,33015,32.3,12092,20292,37.3,10.2,16384,1675,1.184,1.198,1.160,1.155,1.155,1.177,1.167,1.197,1.197,1.202,1.190,1.170,1.205,1.180,1.220,1.101,0.846,3113.8,4688.5,4688.5,1396.6,4688.5,4688.5,4688.5,1097.3,1097.3,3591.2,3591.2,3591.2,1097.3,1097.3,3591.2,99.8,4090.0,401.9,511.8,111.6,290.8,0.4,2493.9,0.5,3.3,3277.2,103.3,0.3,3.2,737.4,0.9,0.7,0.7,0.7,155.0,99.1,10.5,237.3,471.0,11.6,18.5,2.1,9.0,2.3,55.3,14.1,0.8,70.0,1.7,0.0,0.8,17.9,0.0,0.0,0.0,0.0,11.4,7.7,0.8,18.9,70.0,11.6,100.0,16.0,21.4,4.6,12.3,0.0,95.9,0.0,0.3,125.2,4.0,0.0,0.3,28.8,0.1,0.1,0.1,0.1,8.4,5.3,0.6,12.7,16.0,31.2,47.0,47.0,14.0,47.0,47.0,47.0,11.0,11.0,36.0,36.0,36.0,11.0,11.0,36.0,41.0,61,62,62,64,67,59,58,61,61,61,61,61,61,61,61,39,38,38,36,33,41,42,39,39,39,39,39,39,39,39,75,67,No,No,No,No,No,No,No,No,No,No,No,No,No,No,No,No,No,No,No,No,No,No,No,No,No,No,No,No,No,No,No,No,No,No,No,No,No,No,No,No,No,No,No,No,No,No,No,No,75,68,64,1.100,19.407,20.291,13.878,0.001,5.096,0.476,175.0,175.0,175.0,175.0,0,0.0,10.8,18.5,2.9,10.4,0.0,55.2,0.0,0.1,69.9,2.5,0.0,0.1,18.0,0.1,0.1,0.1,0.1,11.2,7.6,0.8,18.8,6.6,22.8,13.0,27.7,20.6,0.3,8.5,0.0,0.0,0.0,0.0,0.0,0.0,0.0,0.0,55.3,0.0,0.0,9.4,6.1,0.0,0.0,99.8,99.8,99.8,99.8,88.2,92.1,99.0,80.6,49.0,49.3,72.8,5.1,2.1,96.4,68.1,2394.1,24.00,36,35,35,68,103,383,2,2,Yes,No,No,No,No,No,No,No,No,No,Yes,No,No,No,No,No,No,No,No,No,No,No,No,No,No,No,No,Yes,No,No,No,No,No,No,No,Yes,No,No,83.0,4260,4500,4020,57.8,1.110,1.110,1.815,1.815,0.990,5.110,0.750,No,No,No,58.2,1.095,1.110,1.815,1.815,0.990,5.110,0.750,No,No,No,42,42,94.0,100.0,No,No,32159,47987,37,70,99.0,100.0,No,No,1844,3246,0.1,0.9,1.0,0.004,0.088,96546,53134,0.0,0.0,0.0,0.000,0.000,164001,82786,78.7,70.0,87.9,83.0,0.875,20.582,20.562,20.601,81.597,36.624,62.965,15.031,78.160,3.000,18.028,29.489,49.698,100.000,140.000,2250.0,2150.2,1890.0,2245.5,1905.0,87.0,22.0,0.0,0.0,49.1,22.0,88.1,0.0,0.0,0.0,Yes,No,No,No,No,Yes,No,0,0,0,0,0,0,0,0,0,0,0,0,0,0,0,0,0,0,0,0,0,0,0,0,0,0,0,0,0,0,4168,4020,3789,96,16.0,63,0.300,21.604,700.0,2394.0,0.3,0.1,0.0,0.0,0.1,0.0,0.0,0.0,0.0,2,16190,2,No,No,No,No,No,No,No,No,16.746,68.277,100.0,0.000,24.1,0,0,0,0.0,41.2,43.4,37.1,36.2,36.1,36.1,41.4,41.7,40.9,40.7,40.7,40.7,24.15,24.44,23.98,23.97,24.50,24.50,21.02,3.13,4.55,19.60,0.20,661,9,0.2,0.2,0,0,0.0,0.0,0,
9.6.2026,14:27:3.942,15753,33015,32.3,12092,20292,37.3,10.2,16384,1675,1.189,1.186,1.186,1.186,1.181,1.184,1.174,1.154,1.154,1.199,1.209,1.209,1.209,1.209,1.209,1.101,0.846,2166.1,1396.6,1396.6,4688.5,4688.5,4688.5,4688.5,1097.3,1097.3,1097.3,1097.3,1097.3,1097.3,1097.3,1097.3,99.8,4090.0,403.8,538.2,121.5,201.7,0.4,1701.7,0.8,3.5,4183.3,109.0,0.5,3.6,909.2,1.2,0.8,0.7,0.6,70.8,75.5,25.5,127.4,486.0,11.0,18.1,4.4,7.6,1.6,40.6,0.0,1.6,88.7,3.6,0.0,1.6,22.6,0.9,0.8,0.8,0.8,6.1,6.7,2.7,9.8,88.7,11.0,100.0,15.9,22.1,5.0,8.4,0.0,66.3,0.1,0.3,159.3,4.4,0.0,0.3,35.5,0.1,0.1,0.1,0.1,3.9,4.1,1.4,6.9,15.9,21.7,14.0,14.0,47.0,47.0,47.0,47.0,11.0,11.0,11.0,11.0,11.0,11.0,11.0,11.0,41.0,62,63,65,62,70,59,63,60,60,60,60,62,62,62,62,38,37,35,38,30,41,37,40,40,40,40,38,38,38,38,75,70,No,No,No,No,No,No,No,No,No,No,No,No,No,No,No,No,No,No,No,No,No,No,No,No,No,No,No,No,No,No,No,No,No,No,No,No,No,No,No,No,No,No,No,No,No,No,No,No,75,69,63,1.100,10.125,21.085,14.562,0.001,5.120,0.477,175.0,175.0,175.0,175.0,0,0.0,10.3,18.1,3.7,6.8,0.0,40.5,0.0,0.1,88.5,2.9,0.0,0.1,22.6,0.1,0.1,0.1,0.1,5.3,5.9,1.9,9.8,5.0,19.7,7.5,19.9,11.0,2.8,8.5,0.0,0.0,0.0,0.0,0.0,0.0,0.0,0.0,55.5,0.0,0.0,2.9,0.0,0.0,0.0,99.7,99.7,99.7,99.8,94.3,93.8,97.9,89.6,53.9,52.9,83.1,31.1,0.0,93.1,63.4,2394.1,24.00,36,35,35,68,103,383,2,2,Yes,No,No,No,No,No,No,No,No,No,Yes,No,No,No,No,No,No,No,No,No,No,No,No,No,No,No,No,Yes,No,No,No,No,No,No,No,Yes,No,No,84.0,4260,4380,4080,57.8,1.110,1.110,1.815,1.815,0.990,5.110,0.875,No,No,No,58.2,1.110,1.110,1.815,1.815,0.990,5.110,0.750,No,No,No,43,43,94.0,100.0,No,No,32159,47987,37,70,99.0,100.0,No,No,1844,3246,0.0,0.8,0.8,0.000,0.028,96546,53134,0.0,0.0,0.0,0.000,0.000,164001,82786,79.0,70.0,88.2,83.0,0.875,20.592,20.575,20.609,81.453,40.043,62.853,14.835,77.839,3.000,17.839,51.753,52.181,100.000,140.000,2250.0,2150.2,1890.0,2245.7,1905.0,86.0,22.0,0.0,0.0,49.1,21.1,84.6,0.0,0.0,0.0,Yes,No,No,No,No,Yes,No,0,0,0,0,0,0,0,0,0,0,0,0,0,0,0,0,0,0,0,0,0,0,0,0,0,0,0,0,0,0,4168,4020,3789,96,16.0,64,0.300,20.396,700.0,2394.0,0.3,0.1,0.0,0.0,0.1,0.0,0.0,0.0,0.0,2,16190,2,No,No,No,No,No,No,No,No,16.746,68.277,100.0,0.000,24.1,0,0,0,0.0,41.2,44.3,37.4,36.8,36.7,36.7,41.2,41.7,39.6,39.3,39.3,39.3,24.29,25.20,23.99,23.98,25.41,25.41,21.18,3.12,4.66,19.63,0.26,661,9,0.1,0.4,0,0,0.0,0.0,0,
9.6.2026,14:27:5.934,15751,33016,32.2,12085,20299,37.3,10.2,16384,1675,1.142,1.180,1.185,1.185,1.170,1.183,1.178,1.168,1.168,1.168,1.168,1.163,1.173,1.163,0.733,1.101,0.846,3527.1,4688.5,4688.5,4688.5,4688.5,4688.5,4688.5,3591.2,3591.2,3591.2,3591.2,1097.3,3591.2,1097.3,1097.3,99.8,4090.0,374.4,458.3,120.1,139.9,0.2,1709.6,0.5,3.9,4037.6,64.8,0.2,4.3,901.8,0.6,0.6,0.6,0.6,8.2,3.7,8.5,24.1,465.2,8.7,15.5,4.1,2.4,0.8,39.3,0.0,0.0,85.5,0.7,1.5,0.0,22.0,0.0,0.0,0.0,0.0,0.0,0.0,0.0,1.5,85.5,8.7,100.0,14.5,18.4,5.0,5.6,0.0,66.1,0.0,0.3,153.9,2.5,0.0,0.4,35.1,0.1,0.1,0.1,0.1,0.5,0.2,0.5,1.4,14.5,35.4,47.0,47.0,47.0,47.0,47.0,47.0,36.0,36.0,36.0,36.0,11.0,36.0,11.0,11.0,41.0,61,63,63,59,70,59,58,61,61,61,61,61,61,61,61,39,37,37,41,30,41,42,39,39,39,39,39,39,39,39,75,70,No,No,No,No,No,No,No,No,No,No,No,No,No,No,No,No,No,No,No,No,No,No,No,No,No,No,No,No,No,No,No,No,No,No,No,No,No,No,No,No,No,No,No,No,No,No,No,No,75,74,64,1.100,21.938,20.903,14.427,0.001,5.113,0.477,175.0,175.0,175.0,175.0,0,0.0,8.8,15.5,4.9,3.9,0.0,39.3,0.0,0.1,85.3,1.5,0.0,0.2,22.0,0.1,0.0,0.1,0.0,0.6,0.3,0.6,1.5,3.7,14.2,2.9,10.7,13.9,0.0,9.5,0.0,0.0,0.0,0.0,0.0,0.0,0.0,0.0,57.1,0.0,0.0,3.5,0.0,0.0,0.0,99.8,99.8,99.8,99.8,99.1,99.6,99.3,98.2,59.2,61.1,91.9,41.1,0.0,98.2,62.9,2394.1,24.00,36,35,35,68,103,383,2,2,Yes,No,No,No,No,No,No,No,No,No,Yes,No,No,No,No,No,No,No,No,No,No,No,No,No,No,No,No,Yes,No,No,No,No,No,No,No,Yes,No,No,84.0,4260,4440,4080,57.8,1.110,1.110,1.815,1.815,0.990,5.110,1.375,No,No,No,58.2,1.110,1.110,1.800,1.815,0.990,5.110,0.750,No,No,No,42,42,94.0,100.0,No,No,32159,47987,37,70,99.0,100.0,No,No,1844,3246,0.0,1.6,1.6,0.000,0.067,96546,53134,0.0,0.0,0.0,0.000,0.000,164001,82786,78.3,70.0,87.0,83.0,0.875,20.583,20.563,20.602,81.782,40.368,64.013,15.422,79.606,3.000,18.428,58.246,43.861,100.000,140.000,2250.0,2150.2,1890.0,2245.5,1905.0,87.0,23.0,0.0,0.0,49.1,21.4,85.4,0.0,0.0,0.0,Yes,No,No,No,No,Yes,No,0,0,0,0,0,0,0,0,0,0,0,0,0,0,0,0,0,0,0,0,0,0,0,0,0,0,0,0,0,0,4168,4020,3788,96,16.0,63,0.300,19.928,700.0,2394.0,0.3,0.1,0.0,0.0,0.1,0.0,0.0,0.0,0.0,2,16190,2,No,No,No,No,No,No,No,No,16.746,68.277,100.0,0.000,24.1,0,0,0,0.0,41.6,43.6,39.3,39.2,39.2,39.2,41.6,41.9,41.3,41.3,41.3,41.3,24.05,24.26,23.83,23.81,24.29,24.29,20.88,3.17,4.57,19.47,0.08,661,9,0.2,0.2,0,0,0.0,0.0,0,
9.6.2026,14:27:7.932,15748,33020,32.2,12088,20296,37.3,10.2,16384,1675,1.198,1.186,1.195,1.190,1.180,1.200,1.210,1.183,1.188,1.188,1.188,1.219,1.219,1.219,1.214,1.101,0.846,2700.5,4688.5,1396.6,4688.5,4688.5,4688.5,1396.6,1097.3,1097.3,1097.3,1097.3,3591.2,3591.2,3591.2,1097.3,99.8,4090.0,376.4,499.6,131.7,121.9,0.1,2039.7,0.4,4.0,3693.0,43.6,0.1,3.6,921.0,0.5,0.5,0.5,0.5,21.1,5.9,0.7,40.4,466.3,10.1,16.4,5.8,5.0,3.1,47.1,14.1,0.1,80.4,1.8,0.0,1.7,22.7,0.1,0.1,0.1,0.1,1.4,0.4,0.1,2.3,80.4,10.1,100.0,14.6,20.0,5.5,4.8,0.0,78.8,0.0,0.3,140.8,1.7,0.0,0.3,35.9,0.1,0.1,0.1,0.1,1.2,0.3,0.1,2.2,14.6,27.1,47.0,14.0,47.0,47.0,47.0,14.0,11.0,11.0,11.0,11.0,36.0,36.0,36.0,11.0,41.0,62,63,65,63,70,61,58,61,61,61,61,61,61,61,61,38,37,35,37,30,39,42,39,39,39,39,39,39,39,39,75,70,No,No,No,No,No,No,No,No,No,No,No,No,No,No,No,No,No,No,No,No,No,No,No,No,No,No,No,No,No,No,No,No,No,No,No,No,No,No,No,No,No,No,No,No,No,No,No,No,75,68,64,1.100,13.500,20.391,13.940,0.001,5.091,0.474,175.0,175.0,175.0,175.0,0,0.0,9.1,16.4,5.0,3.5,0.0,47.0,0.0,0.1,80.3,1.0,0.0,0.1,23.3,0.1,0.1,0.1,0.1,1.4,0.4,0.0,2.3,4.2,14.2,1.1,16.6,18.6,0.0,7.8,0.0,0.0,0.0,0.0,0.0,0.0,0.0,0.0,57.7,0.0,0.0,13.4,0.0,0.0,0.0,99.8,99.8,99.8,99.8,98.4,99.4,99.8,97.3,55.7,59.5,94.2,18.7,0.0,98.7,63.3,2394.1,24.00,36,35,35,68,103,383,2,2,Yes,No,No,No,No,No,No,No,No,No,Yes,No,No,No,No,No,No,No,No,No,No,No,No,No,No,No,No,Yes,No,No,No,No,No,No,No,Yes,No,No,83.0,4260,4380,4020,57.8,1.110,1.110,1.815,1.800,0.990,5.110,0.625,No,No,No,58.2,1.110,1.110,1.815,1.815,0.990,5.110,0.750,No,No,No,42,42,94.0,100.0,No,No,32159,47987,37,70,99.0,100.0,No,No,1844,3246,0.0,0.5,0.5,0.000,0.009,96546,53134,0.0,0.0,0.0,0.000,0.000,164001,82786,79.1,70.0,88.6,83.0,0.875,20.582,20.562,20.601,82.282,41.097,64.127,15.442,79.726,3.000,18.448,62.588,44.350,100.000,140.000,2250.0,2150.2,1890.0,2245.1,1905.0,86.0,23.0,0.0,0.0,49.1,21.6,86.2,0.0,0.0,0.0,Yes,No,No,No,No,Yes,No,0,0,0,0,0,0,0,0,0,0,0,0,0,0,0,0,0,0,0,0,0,0,0,0,0,0,0,0,0,0,4168,4020,3788,95,16.0,64,0.300,20.316,600.0,2394.0,0.3,0.1,0.0,0.0,0.1,0.0,0.0,0.0,0.0,2,16189,4,No,No,No,No,No,No,No,No,16.746,68.277,100.0,0.000,24.1,0,0,0,0.0,41.8,43.8,39.7,39.7,39.7,39.7,41.8,42.1,41.2,41.1,41.1,41.1,23.92,24.53,23.56,23.47,24.81,24.81,20.74,3.18,4.53,19.40,0.13,661,9,0.3,0.3,0,0,0.0,0.0,0,
9.6.2026,14:27:9.928,15746,33021,32.2,12086,20298,37.3,10.2,16384,1675,1.191,1.200,1.188,1.183,1.173,1.183,1.168,1.178,1.178,1.208,1.198,1.199,1.209,1.209,1.199,1.141,0.846,2522.4,4688.5,4688.5,1396.6,4688.5,4688.5,1396.6,1097.3,1097.3,1097.3,1097.3,1097.3,3591.2,3591.2,1097.3,99.8,4289.5,384.6,501.1,92.7,222.4,0.2,1573.5,0.5,3.3,4083.0,68.5,0.1,3.1,831.3,4.0,0.9,0.5,0.5,91.6,43.4,8.3,163.5,461.6,10.0,16.7,4.6,7.7,0.0,36.6,2.3,0.8,86.8,0.5,0.0,0.0,21.0,0.4,0.1,0.0,0.0,6.4,3.2,0.6,13.0,86.8,10.0,100.0,15.1,20.4,3.9,9.3,0.0,61.0,0.0,0.3,155.4,2.7,0.0,0.3,32.4,0.2,0.1,0.0,0.0,5.0,2.4,0.5,8.8,15.1,25.3,47.0,47.0,14.0,47.0,47.0,14.0,11.0,11.0,11.0,11.0,11.0,36.0,36.0,11.0,43.0,61,63,65,59,72,59,57,60,60,60,60,61,61,61,61,39,37,35,41,28,41,43,40,40,40,40,39,39,39,39,75,72,No,No,No,No,No,No,No,No,No,No,No,No,No,No,No,No,No,No,No,No,No,No,No,No,No,No,No,No,No,No,No,No,No,No,No,No,No,No,No,No,No,No,No,No,No,No,No,No,75,71,64,1.100,7.594,19.883,13.426,0.001,5.099,0.474,175.0,175.0,175.0,175.0,0,0.0,10.0,16.8,4.6,7.7,0.0,36.6,0.0,0.1,86.7,2.1,0.0,0.1,21.0,0.4,0.1,0.1,0.1,7.1,3.1,0.6,12.9,4.1,16.5,7.9,13.5,12.8,0.2,6.9,0.0,0.0,0.0,0.0,0.0,0.0,0.0,0.0,56.0,0.0,0.0,10.4,0.0,0.0,0.0,99.5,99.8,99.8,99.8,92.6,96.7,99.3,86.6,56.0,56.4,81.4,34.4,0.0,97.2,66.8,2394.1,24.00,36,35,35,68,103,383,2,2,Yes,No,No,No,No,No,No,No,No,No,Yes,No,No,Yes,No,No,No,No,No,No,No,Yes,No,No,No,No,No,Yes,No,No,No,No,No,No,No,Yes,No,No,85.0,4260,4440,4080,57.8,1.110,1.110,1.815,1.800,1.005,5.110,1.250,No,No,No,58.2,1.110,1.110,1.815,1.800,1.005,5.110,1.750,No,No,No,42,42,94.0,100.0,No,No,32159,47987,37,70,99.0,100.0,No,No,1844,3246,0.0,1.6,1.6,0.000,0.086,96546,53134,0.0,0.0,0.0,0.000,0.000,164001,82786,78.5,72.0,87.5,83.0,0.875,20.590,20.571,20.608,82.465,41.146,65.604,15.325,81.073,3.000,18.319,60.488,44.213,100.000,140.000,2250.0,2150.2,1890.0,2245.2,1905.0,87.0,23.0,0.0,0.0,49.1,21.6,86.5,0.0,0.0,0.0,Yes,No,No,No,No,Yes,No,0,0,0,0,0,0,0,0,0,0,0,0,0,0,0,0,0,0,0,0,0,0,0,0,0,0,0,0,0,0,4168,4020,3789,95,16.0,63,0.300,20.265,600.0,2394.0,0.3,0.1,0.0,0.0,0.1,0.0,0.0,0.0,0.0,2,16190,2,No,No,No,No,No,No,No,No,16.746,68.277,100.0,0.000,24.1,0,0,0,0.0,41.8,44.1,39.9,39.9,39.9,39.9,41.7,42.2,40.5,40.4,40.4,40.4,23.95,24.72,23.68,23.67,24.73,24.73,20.79,3.17,4.63,19.32,0.14,661,9,0.6,0.2,0,0,0.0,0.0,0,
9.6.2026,14:27:11.930,15749,33019,32.2,12087,20297,37.3,10.2,16384,1675,1.194,1.222,1.187,1.183,1.173,1.158,1.143,1.213,1.208,1.209,1.214,1.194,1.204,1.219,1.184,1.101,0.846,2750.4,4688.5,1396.6,798.0,1396.6,4489.0,4489.0,3591.2,3591.2,3591.2,3591.2,1097.3,1097.3,3591.2,1097.3,99.8,4090.0,396.6,553.8,131.2,230.4,0.2,1904.6,0.5,3.5,3891.9,79.3,0.1,3.6,830.7,0.5,0.5,0.5,0.6,102.3,36.5,1.6,159.7,477.0,11.1,19.1,3.3,6.6,16.2,45.4,0.0,0.7,82.3,2.4,0.0,0.7,20.0,0.0,0.0,0.0,0.0,9.5,2.8,0.0,12.1,82.3,11.1,100.0,15.6,22.8,5.4,9.6,0.0,73.8,0.0,0.3,148.3,3.1,0.0,0.3,32.4,0.1,0.1,0.1,0.1,5.5,2.0,0.1,8.6,15.6,27.6,47.0,14.0,8.0,14.0,45.0,45.0,36.0,36.0,36.0,36.0,11.0,11.0,36.0,11.0,41.0,62,63,65,63,66,59,65,60,60,60,61,61,61,61,61,38,37,35,37,34,41,35,40,40,40,39,39,39,39,39,75,66,No,No,No,No,No,No,No,No,No,No,No,No,No,No,No,No,No,No,No,No,No,No,No,No,No,No,No,No,No,No,No,No,No,No,No,No,No,No,No,No,No,No,No,No,No,No,No,No,75,72,63,1.100,16.031,19.682,13.235,0.001,5.087,0.473,175.0,175.0,175.0,175.0,0,0.0,10.1,19.2,3.5,7.5,0.0,45.4,0.0,0.1,82.2,1.8,0.0,0.1,19.7,0.0,0.0,0.0,0.0,7.5,2.9,0.1,12.1,4.8,18.8,6.9,16.5,17.1,0.0,8.0,0.0,0.0,0.0,0.0,0.0,0.0,0.0,0.0,56.0,0.0,0.0,8.7,0.0,0.0,0.0,99.8,99.8,99.9,99.9,92.1,96.9,99.8,87.3,54.0,52.4,82.7,24.2,0.0,97.7,66.8,2394.1,24.00,36,35,35,68,103,383,2,2,Yes,No,No,No,No,No,No,No,No,No,Yes,No,No,No,No,No,No,No,No,No,No,No,No,No,No,No,No,Yes,No,No,No,No,No,No,No,Yes,No,No,83.0,4260,4500,4080,57.8,1.110,1.110,1.815,1.800,1.005,5.110,0.875,No,No,No,58.2,1.110,1.110,1.815,1.800,1.005,5.110,0.750,No,No,No,42,42,94.0,100.0,No,No,32159,47987,37,70,99.0,100.0,No,No,1844,3246,0.0,1.1,1.1,0.000,0.156,96546,53135,0.0,0.0,0.0,0.000,0.000,164001,82786,79.1,70.0,88.8,83.0,0.875,20.580,20.560,20.601,83.054,39.883,65.505,15.132,80.797,3.000,18.136,51.427,45.185,100.000,140.000,2250.0,2150.2,1890.0,2245.1,1905.0,87.0,21.0,0.0,0.0,49.1,21.4,85.8,0.0,0.0,0.0,Yes,No,No,No,No,Yes,No,0,0,0,0,0,0,0,0,0,0,0,0,0,0,0,0,0,0,0,0,0,0,0,0,0,0,0,0,0,0,4168,4020,3788,93,16.0,65,0.307,19.328,700.0,2394.0,0.3,0.1,0.0,0.0,0.1,0.0,0.0,0.0,0.0,2,16190,2,No,No,No,No,No,No,No,No,16.746,68.277,100.0,0.000,24.1,0,0,0,0.0,41.7,46.0,37.8,37.3,37.2,37.2,41.6,45.6,40.1,40.1,40.1,40.1,24.02,24.94,21.92,21.91,24.94,24.94,20.90,3.15,4.56,19.46,0.30,661,9,0.2,0.2,0,0,0.0,0.0,0,
9.6.2026,14:27:13.941,15749,33019,32.2,12089,20295,37.3,10.2,16384,1675,1.205,1.175,1.214,1.202,1.203,1.230,1.188,1.208,1.198,1.203,1.193,1.221,1.200,1.204,1.229,1.141,0.846,2935.7,1396.6,4688.5,4688.5,4688.5,4688.5,4688.5,3591.2,3591.2,3591.2,1097.3,1097.3,1097.3,1097.3,1097.3,99.8,4289.5,387.5,591.6,47.5,370.3,0.3,2448.7,0.5,1454.8,1893.9,115.9,0.2,13.9,435.7,33.6,18.0,21.0,0.5,74.2,46.4,9.0,174.1,465.4,11.0,19.5,0.0,12.7,0.0,54.6,20.1,31.6,32.3,4.0,0.3,1.4,9.4,4.0,2.5,1.9,1.1,5.0,5.0,1.6,13.8,54.6,11.0,100.0,15.3,24.0,2.0,15.3,0.0,94.4,0.0,54.6,73.0,4.6,0.0,0.6,17.3,1.7,0.6,0.2,0.1,4.1,2.6,0.5,9.6,15.3,29.4,14.0,47.0,47.0,47.0,47.0,47.0,36.0,36.0,36.0,11.0,11.0,11.0,11.0,11.0,43.0,62,63,66,62,64,59,60,63,63,63,63,62,61,61,61,38,37,34,38,36,41,40,37,37,37,37,38,39,39,39,76,66,No,No,No,No,No,No,No,No,No,No,No,No,No,No,No,No,No,No,No,No,No,No,No,No,No,No,No,No,No,No,No,No,No,No,No,No,No,No,No,No,No,No,No,No,No,No,No,No,75,71,64,1.100,16.031,21.200,14.702,0.002,5.131,0.475,175.0,175.0,175.0,175.0,0,0.0,10.1,19.3,2.9,11.7,0.0,54.1,0.0,30.8,40.6,3.0,0.0,0.4,10.5,2.3,1.2,1.7,0.0,5.4,3.8,0.6,13.8,6.2,21.6,16.6,22.2,22.0,0.6,4.3,0.0,0.0,0.0,0.0,0.0,0.0,0.0,0.0,56.2,0.0,0.0,13.9,3.6,0.0,0.0,97.4,98.6,98.2,99.9,94.3,95.9,99.3,85.8,50.6,50.2,67.2,7.3,1.8,95.3,81.5,2394.1,24.00,36,35,35,68,103,383,2,2,Yes,No,No,No,No,No,No,No,No,No,Yes,No,No,No,No,No,No,No,No,No,No,No,No,No,No,No,No,Yes,No,No,No,No,No,No,No,Yes,No,No,84.0,4380,4500,4140,57.8,1.110,1.110,1.815,1.800,1.005,5.110,0.750,No,No,No,58.2,1.110,1.110,1.815,1.800,1.005,5.110,0.750,No,No,No,42,42,94.0,100.0,No,No,32159,47987,37,70,99.0,100.0,No,No,1844,3246,0.0,1.3,1.3,0.000,0.041,96546,53135,0.0,0.0,0.0,0.000,0.000,164001,82786,79.7,72.0,89.1,83.0,0.875,20.576,20.555,20.597,83.096,39.911,65.610,15.252,81.008,3.000,18.247,51.062,45.200,100.000,140.000,2250.0,2150.2,1890.0,2245.4,1905.0,87.0,23.0,0.0,0.0,49.1,21.8,87.1,0.0,0.0,0.0,Yes,No,No,No,No,Yes,No,0,0,0,0,0,0,0,0,0,0,0,0,0,0,0,0,0,0,0,0,0,0,0,0,0,0,0,0,0,0,4168,4020,3788,93,16.0,63,0.300,21.026,700.0,2394.0,0.3,0.1,0.0,0.0,0.1,0.0,0.0,0.0,0.0,2,16190,2,No,No,No,No,No,No,No,No,16.746,68.277,100.0,0.000,24.1,0,0,0,0.0,40.8,43.8,37.6,37.1,37.0,37.0,40.8,41.3,40.2,40.2,40.2,40.2,24.52,24.98,24.25,24.24,25.00,25.00,21.37,3.13,4.53,19.99,0.11,661,9,0.3,0.4,0,0,0.0,0.0,0,
9.6.2026,14:27:15.940,15754,33013,32.3,12093,20291,37.3,10.2,16384,1675,1.211,1.224,1.187,1.176,1.215,1.198,1.228,1.209,1.209,1.209,1.228,1.223,1.201,1.239,1.214,1.101,0.846,2536.7,4688.5,798.0,4489.0,4888.0,4688.5,4688.5,1097.3,1097.3,1097.3,1097.3,1097.3,1097.3,1097.3,3591.2,99.8,4090.0,439.6,759.4,0.6,679.2,0.5,1739.0,0.5,4070.4,0.4,311.0,0.4,188.8,0.3,300.0,326.4,181.5,195.5,16.0,8.2,13.6,0.9,547.1,15.1,24.6,11.5,24.0,10.9,38.8,0.5,87.5,10.9,8.0,0.5,4.3,0.5,21.8,25.9,15.0,15.5,1.0,0.3,0.9,0.0,87.5,15.1,100.0,17.9,31.2,0.0,28.0,0.0,66.5,0.0,155.7,0.0,12.3,0.0,7.4,0.0,16.2,17.7,10.3,10.4,0.9,0.5,0.8,0.1,17.9,25.4,47.0,8.0,45.0,49.0,47.0,47.0,11.0,11.0,11.0,11.0,11.0,11.0,11.0,36.0,41.0,63,66,63,74,68,61,60,62,62,62,62,62,62,61,62,37,34,37,26,32,39,40,38,38,38,38,38,38,39,38,75,74,No,No,No,No,No,No,No,No,No,No,No,No,No,No,No,No,No,No,No,No,No,No,No,No,No,No,No,No,No,No,No,No,No,No,No,No,No,No,No,No,No,No,No,No,No,No,No,No,76,72,63,1.100,41.344,19.128,12.644,0.002,5.124,0.473,175.0,175.0,175.0,175.0,0,0.0,13.4,24.9,0.0,23.6,0.0,39.4,0.0,87.0,0.0,8.4,0.0,4.7,0.0,22.0,25.6,14.3,15.7,1.3,0.6,1.2,0.1,5.5,21.6,21.9,15.4,12.5,3.7,2.0,0.0,0.0,0.0,0.0,0.0,0.0,0.0,0.0,51.8,0.0,1.5,8.1,0.0,0.0,0.0,76.9,73.8,85.3,84.0,98.4,99.2,98.6,99.8,50.1,45.9,45.9,32.4,0.0,84.7,91.4,997.6,10.00,22,15,15,28,103,160,2,2,Yes,No,No,No,No,No,No,No,No,No,Yes,No,No,No,No,No,No,No,No,No,No,No,No,No,No,No,No,Yes,No,No,No,No,No,No,No,Yes,No,No,82.0,4380,4440,4140,57.8,1.110,1.110,1.815,1.800,1.005,5.110,0.750,No,No,No,58.2,1.110,1.110,1.815,1.800,1.005,5.110,0.875,No,No,No,42,42,94.0,100.0,No,No,32159,47987,37,70,99.0,100.0,No,No,1844,3246,0.3,0.9,1.2,0.090,0.200,96546,53135,0.0,0.0,0.0,0.000,0.000,164001,82786,79.8,72.0,89.5,83.0,0.875,20.592,20.574,20.610,83.088,41.513,65.431,14.978,80.566,3.000,17.972,63.861,44.783,100.000,140.000,2250.0,2150.2,1890.0,2245.6,1905.0,87.0,21.0,0.0,0.0,49.1,21.3,85.1,0.0,0.0,0.0,Yes,No,No,No,No,Yes,No,0,0,0,0,0,0,0,0,0,0,0,0,0,0,0,0,0,0,0,0,0,0,0,0,0,0,0,0,0,0,4169,4019,3788,93,16.0,63,0.300,19.579,700.0,997.0,0.3,0.1,0.0,0.0,0.1,0.0,0.0,0.0,0.0,2,16190,2,No,No,No,No,No,No,No,No,16.746,68.277,100.0,0.000,24.1,0,0,0,0.0,41.4,45.4,37.9,37.0,36.9,36.9,41.4,41.7,40.9,40.8,40.8,40.8,24.14,24.48,23.96,23.95,24.58,24.58,21.00,3.14,4.36,19.78,0.11,661,9,0.7,0.8,0,0,0.0,0.0,0,
9.6.2026,14:27:17.934,15749,33018,32.2,12087,20297,37.3,10.2,16384,1675,1.176,1.184,1.138,1.173,1.203,1.154,1.154,1.169,1.149,1.184,1.184,1.189,1.189,1.197,1.197,1.063,0.846,2729.0,4688.5,1396.6,4688.5,4688.5,4489.0,4489.0,1097.3,1097.3,1097.3,1097.3,3591.2,3591.2,1097.3,1097.3,99.8,3890.5,379.1,785.5,0.4,440.4,0.4,1938.7,0.4,3854.4,0.2,238.0,0.2,69.2,0.4,99.6,92.3,26.2,17.8,1.9,15.5,0.6,0.6,472.8,9.5,24.2,0.0,14.0,0.0,46.6,0.0,81.0,0.0,5.6,0.0,2.4,0.0,6.7,5.5,1.7,1.4,0.1,1.3,0.0,0.1,81.0,9.5,100.0,14.9,31.3,0.0,17.9,0.0,75.2,0.0,146.3,0.0,9.2,0.0,2.7,0.0,5.6,5.1,1.8,1.0,0.1,0.8,0.1,0.1,14.9,27.4,47.0,14.0,47.0,47.0,45.0,45.0,11.0,11.0,11.0,11.0,36.0,36.0,11.0,11.0,39.0,62,65,64,70,62,61,60,61,61,61,61,62,62,62,62,38,35,36,30,38,39,40,39,39,39,39,38,38,38,38,75,70,No,No,No,No,No,No,No,No,No,No,No,No,No,No,No,No,No,No,No,No,No,No,No,No,No,No,No,No,No,No,No,No,No,No,No,No,No,No,No,No,No,No,No,No,No,No,No,No,75,70,65,1.100,9.281,21.373,14.849,0.001,5.158,0.478,175.0,175.0,175.0,175.0,0,0.0,9.6,24.1,0.0,14.0,0.0,46.3,0.0,81.2,0.0,5.6,0.0,1.7,0.0,7.1,7.3,1.8,1.4,0.1,1.3,0.0,0.1,5.0,20.3,17.5,13.6,18.2,0.9,0.0,0.0,0.0,0.0,0.0,0.0,0.0,0.0,0.0,56.4,2.0,0.0,9.0,0.0,0.0,0.0,92.3,92.4,98.1,98.4,99.7,98.6,99.8,99.8,54.7,47.8,63.6,27.2,0.0,92.0,97.6,2394.1,24.00,36,35,35,68,103,383,2,2,Yes,No,No,No,No,No,No,No,No,No,Yes,No,No,No,No,No,No,No,No,No,No,No,No,No,No,No,No,Yes,No,No,No,No,No,No,No,Yes,No,No,84.0,4380,4440,4140,57.8,1.110,1.110,1.815,1.800,1.005,5.110,0.875,No,No,No,58.2,1.110,1.110,1.800,1.800,1.005,5.110,0.875,No,No,No,42,42,94.0,100.0,No,No,32159,47987,37,70,99.0,100.0,No,No,1844,3246,0.1,1.8,1.9,0.004,0.139,96546,53135,0.0,0.0,0.0,0.000,0.000,164001,82786,78.9,72.0,87.8,83.0,0.875,20.593,20.575,20.612,82.994,38.750,63.667,14.835,78.675,3.000,17.836,41.600,51.635,100.000,140.000,2250.0,2150.2,1890.0,2245.7,1905.0,85.0,21.0,0.0,0.0,49.1,21.6,86.2,0.0,0.0,0.0,Yes,No,No,No,No,Yes,No,0,0,0,0,0,0,0,0,0,0,0,0,0,0,0,0,0,0,0,0,0,0,0,0,0,0,0,0,0,0,4169,4019,3788,93,16.0,64,0.300,19.629,700.0,2394.0,0.3,0.1,0.0,0.0,0.1,0.0,0.0,0.0,0.0,2,16190,2,No,No,No,No,No,No,No,No,16.746,68.277,100.0,0.000,24.1,0,0,0,0.0,41.6,43.9,39.4,39.4,39.3,39.3,41.6,41.8,41.0,40.9,40.9,40.9,24.06,24.40,23.90,23.90,24.47,24.47,20.95,3.12,4.35,19.72,0.10,661,9,3.4,9.6,0,0,0.0,0.0,0,
9.6.2026,14:27:19.936,15750,33017,32.2,12094,20290,37.3,10.2,16384,1675,1.203,1.217,1.219,1.169,1.200,1.189,1.229,1.188,1.208,1.218,1.213,1.186,1.190,1.213,1.208,1.101,0.846,2878.7,4688.5,4688.5,4489.0,4688.5,4688.5,4688.5,2194.6,1097.3,3591.2,1097.3,1097.3,1097.3,1097.3,1097.3,99.8,4090.0,407.0,863.5,0.3,564.8,0.3,2047.5,0.4,3832.8,0.2,261.0,0.1,180.1,0.1,117.9,147.5,72.2,12.1,38.0,0.5,0.5,0.5,506.3,10.4,25.0,0.0,16.2,0.0,46.4,0.0,81.5,0.0,7.1,0.0,4.0,0.0,8.5,11.2,4.7,0.7,2.7,0.0,0.0,0.0,81.5,10.4,100.0,16.0,34.3,0.0,22.7,0.0,79.3,0.0,145.8,0.0,10.0,0.0,6.9,0.0,6.3,7.4,3.7,0.7,2.1,0.0,0.0,0.1,16.0,28.9,47.0,47.0,45.0,47.0,47.0,47.0,22.0,11.0,36.0,11.0,11.0,11.0,11.0,11.0,41.0,63,63,65,60,72,65,60,63,63,63,63,64,62,62,62,37,37,35,40,28,35,40,37,37,37,37,36,38,38,38,76,72,No,No,No,No,No,No,No,No,No,No,No,No,No,No,No,No,No,No,No,No,No,No,No,No,No,No,No,No,No,No,No,No,No,No,No,No,No,No,No,No,No,No,No,No,No,No,No,No,75,68,64,1.100,16.875,18.936,12.453,0.001,5.128,0.472,175.0,175.0,175.0,175.0,0,0.0,10.3,25.0,0.0,16.1,0.0,46.0,0.0,81.5,0.0,6.5,0.0,4.1,0.0,8.0,10.1,5.0,0.8,2.7,0.0,0.0,0.1,4.6,16.8,15.8,12.7,17.8,1.0,0.4,0.0,0.0,0.0,0.0,0.0,0.0,0.0,0.0,56.1,0.0,0.0,15.0,0.0,0.0,0.0,91.3,89.5,94.7,99.1,97.1,99.8,99.8,99.8,53.8,51.9,63.2,22.3,0.0,90.7,94.6,997.6,10.00,22,15,15,28,103,160,2,2,Yes,No,No,No,No,No,No,No,No,No,Yes,No,No,No,No,No,No,No,No,No,No,No,No,No,No,No,No,Yes,No,No,No,No,No,No,No,Yes,No,No,83.0,4440,4500,4140,57.8,1.110,1.110,1.815,1.815,1.005,5.110,0.625,No,No,No,58.2,1.110,1.110,1.815,1.800,1.005,5.110,0.875,No,No,No,42,42,94.0,100.0,No,No,32159,47987,37,70,99.0,100.0,No,No,1844,3246,0.0,0.2,0.2,0.000,0.115,96546,53136,0.0,0.0,0.0,0.000,0.000,164001,82786,78.9,70.0,87.9,83.0,0.875,20.575,20.555,20.595,83.362,40.922,66.242,14.697,81.082,3.000,17.686,58.581,45.164,100.000,140.000,2250.0,2150.2,1890.0,2245.6,1905.0,87.0,20.0,0.0,0.0,49.1,21.7,86.8,0.0,0.0,0.0,Yes,No,No,No,No,Yes,No,0,0,0,0,0,0,0,0,0,0,0,0,0,0,0,0,0,0,0,0,0,0,0,0,0,0,0,0,0,0,4169,4019,3788,92,16.0,64,0.300,21.694,700.0,997.0,0.3,0.1,0.0,0.0,0.1,0.0,0.0,0.0,0.0,2,16190,2,No,No,No,No,No,No,No,No,16.746,68.277,100.0,0.000,24.1,0,0,0,0.0,41.6,44.9,37.3,36.4,36.3,36.3,41.6,42.0,39.8,39.8,39.8,39.8,24.02,25.13,23.75,23.74,25.15,25.15,20.91,3.12,4.46,19.55,0.18,661,9,0.4,0.2,0,0,0.0,0.0,0,
9.6.2026,14:27:21.934,15751,33017,32.2,12090,20294,37.3,10.2,16384,1675,1.199,1.213,1.194,1.171,1.176,1.201,1.191,1.184,1.203,1.239,1.204,1.190,1.190,1.216,1.215,1.101,0.846,3605.5,4688.5,4688.5,4688.5,4688.5,4688.5,4688.5,1097.3,2194.6,3591.2,3591.2,3591.2,1097.3,3591.2,3591.2,99.8,4090.0,408.7,879.0,0.5,548.1,0.4,2065.6,0.5,3772.9,0.2,237.9,0.2,81.2,0.2,156.5,286.9,135.3,4.7,1.2,1.8,0.5,0.7,510.6,14.6,26.3,8.9,16.5,4.1,45.4,14.3,79.9,11.3,6.1,11.3,2.4,11.3,12.3,23.4,11.8,1.4,1.2,1.3,1.1,1.2,79.9,14.6,100.0,16.3,35.2,0.0,22.2,0.0,79.1,0.0,144.0,0.0,9.5,0.0,3.4,0.0,8.5,15.4,7.2,0.3,0.1,0.1,0.1,0.1,16.3,36.1,47.0,47.0,47.0,47.0,47.0,47.0,11.0,22.0,36.0,36.0,36.0,11.0,36.0,36.0,41.0,63,68,65,70,67,61,59,62,63,62,62,61,61,62,62,37,32,35,30,33,39,41,38,37,38,38,39,39,38,38,76,70,No,No,No,No,No,No,No,No,No,No,No,No,No,No,No,No,No,No,No,No,No,No,No,No,No,No,No,No,No,No,No,No,No,No,No,No,No,No,No,No,No,No,No,No,No,No,No,No,76,67,63,1.100,13.500,20.791,14.292,0.002,5.134,0.474,175.0,175.0,175.0,175.0,0,0.0,11.0,26.0,0.0,16.3,0.0,45.4,0.0,79.5,0.0,5.7,0.0,2.0,0.0,11.9,22.7,10.9,0.3,0.1,0.2,0.0,0.0,4.6,19.3,16.6,10.1,16.2,1.4,0.3,0.0,0.0,0.0,0.0,0.0,0.0,0.0,0.0,54.8,0.0,0.0,13.4,2.4,0.0,0.0,87.4,76.9,88.9,99.5,99.8,99.7,99.8,99.8,54.1,47.9,61.1,26.8,1.2,90.9,96.8,997.6,10.00,22,15,15,28,103,160,2,2,Yes,No,No,No,No,No,No,No,No,No,Yes,No,No,No,No,No,No,No,No,No,No,No,No,No,No,No,No,Yes,No,No,No,No,No,No,No,Yes,No,No,83.0,4440,4620,4200,57.8,1.110,1.110,1.815,1.815,0.990,5.110,1.500,No,No,No,58.2,1.110,1.110,1.815,1.815,0.990,5.110,1.000,No,No,No,42,42,94.0,100.0,No,No,32159,47987,37,70,99.0,100.0,No,No,1844,3246,0.0,1.7,1.7,0.000,0.110,96546,53136,0.0,0.0,0.0,0.000,0.000,164001,82786,79.1,72.0,88.2,83.0,0.875,20.590,20.571,20.609,83.438,33.982,64.490,15.367,80.006,3.000,18.357,10.908,45.744,100.000,140.000,2250.0,2150.2,1890.0,2245.7,1905.0,85.0,23.0,0.0,0.0,49.1,21.7,87.0,0.0,0.0,0.0,Yes,No,No,No,No,Yes,No,0,0,0,0,0,0,0,0,0,0,0,0,0,0,0,0,0,0,0,0,0,0,0,0,0,0,0,0,0,0,4168,4020,3788,94,16.0,65,0.300,20.497,700.0,997.0,0.3,0.1,0.0,0.0,0.1,0.0,0.0,0.0,0.0,2,16190,2,No,No,No,No,No,No,No,No,16.746,68.277,100.0,0.000,24.1,0,0,0,0.0,40.7,42.0,38.8,38.6,38.6,38.6,40.7,41.2,39.9,39.8,39.8,39.8,24.59,25.07,24.29,24.28,25.12,25.12,21.46,3.14,4.80,19.78,0.13,661,9,0.2,0.2,0,0,0.0,0.0,0,
9.6.2026,14:27:23.938,15747,33021,32.2,12091,20293,37.3,10.2,16384,1675,1.200,1.192,1.188,1.163,1.208,1.168,1.185,1.215,1.215,1.210,1.213,1.218,1.208,1.208,1.207,1.101,0.846,3113.8,1396.6,4688.5,4489.0,4888.0,4688.5,4688.5,3591.2,3591.2,1097.3,3591.2,3591.2,1097.3,1097.3,1097.3,99.8,4090.0,415.1,927.5,0.4,559.9,0.3,1750.0,0.3,4160.5,0.2,244.7,0.1,123.8,0.1,189.1,201.0,118.1,13.4,11.2,0.5,0.5,0.6,518.1,11.2,28.4,0.0,18.1,1.5,39.7,0.0,87.6,0.0,5.5,0.0,2.2,0.0,15.0,16.9,9.2,0.2,0.1,0.0,0.0,0.0,87.6,11.2,100.0,16.5,37.4,0.0,23.2,0.0,67.7,0.0,158.4,0.0,9.5,0.0,4.8,0.0,10.4,11.2,6.6,0.7,0.6,0.1,0.0,0.1,16.5,31.2,14.0,47.0,45.0,49.0,47.0,47.0,36.0,36.0,11.0,36.0,36.0,11.0,11.0,11.0,41.0,63,61,67,64,71,61,60,62,62,62,62,62,62,62,62,37,39,33,36,29,39,40,38,38,38,38,38,38,38,38,75,71,No,No,No,No,No,No,No,No,No,No,No,No,No,No,No,No,No,No,No,No,No,No,No,No,No,No,No,No,No,No,No,No,No,No,No,No,No,No,No,No,No,No,No,No,No,No,No,No,75,71,64,1.100,12.656,20.582,14.046,0.001,5.166,0.477,175.0,175.0,175.0,175.0,0,0.0,11.3,28.4,0.0,18.1,0.0,39.6,0.0,87.5,0.0,6.4,0.0,2.9,0.0,14.7,16.1,9.4,1.0,0.9,0.0,0.0,0.0,4.7,21.0,19.7,12.4,12.0,1.1,0.0,0.0,0.0,0.0,0.0,0.0,0.0,0.0,0.0,54.6,0.0,0.0,8.9,0.0,0.0,0.0,84.6,83.5,90.3,98.9,98.9,99.8,99.9,99.8,53.3,43.1,55.7,34.3,0.0,90.3,96.3,2394.1,24.00,36,35,35,68,103,383,2,2,Yes,No,No,No,No,No,No,No,No,No,Yes,No,No,No,No,No,No,No,No,No,No,No,No,No,No,No,No,Yes,No,No,No,No,No,No,No,Yes,No,No,83.0,4440,4680,4320,57.8,1.110,1.110,1.815,1.815,0.990,5.110,0.875,No,No,No,58.2,1.110,1.110,1.815,1.815,0.990,5.110,0.625,No,No,No,42,42,94.0,100.0,No,No,32159,47987,37,70,99.0,100.0,No,No,1844,3246,0.2,0.5,0.7,0.133,0.037,96547,53136,0.0,0.0,0.0,0.000,0.000,164001,82786,79.8,72.0,89.5,83.0,0.875,20.579,20.559,20.599,82.702,40.842,64.617,15.152,79.924,3.000,18.145,53.670,51.385,100.000,140.000,2250.0,2150.2,1890.0,2245.5,1905.0,87.0,22.0,0.0,0.0,49.1,21.8,87.1,0.0,0.0,0.0,Yes,No,No,No,No,Yes,No,0,0,0,0,0,0,0,0,0,0,0,0,0,0,0,0,0,0,0,0,0,0,0,0,0,0,0,0,0,0,4168,4020,3788,94,16.0,65,0.300,20.146,700.0,2394.0,0.3,0.1,0.0,0.0,0.1,0.0,0.0,0.0,0.0,2,16190,2,No,No,No,No,No,No,No,No,16.746,68.277,100.0,0.000,24.1,0,0,0,0.0,40.3,42.5,38.0,37.7,37.7,37.7,40.3,40.9,39.1,39.1,39.0,39.0,24.84,25.76,24.43,24.42,25.85,25.85,21.68,3.06,4.86,19.98,0.20,661,9,0.2,0.2,0,0,0.0,0.0,0,
9.6.2026,14:27:25.938,15749,33019,32.2,12086,20297,37.3,10.2,16384,1675,1.208,1.189,1.223,1.202,1.227,1.155,1.205,1.209,1.214,1.229,1.239,1.226,1.192,1.192,1.215,1.101,0.846,3541.3,4688.5,4688.5,4688.5,4888.0,4688.5,4688.5,1097.3,1097.3,1097.3,3591.2,3591.2,3591.2,3591.2,3591.2,99.8,4090.0,381.7,881.3,0.5,509.2,0.4,2154.6,0.4,3601.0,0.2,234.2,0.2,64.3,0.2,103.0,64.9,14.7,3.0,1.0,0.6,0.6,0.9,477.0,9.5,25.4,0.0,15.4,3.1,47.6,3.8,76.1,0.0,6.1,0.0,0.7,0.0,6.9,4.9,0.3,0.0,0.0,0.0,0.0,0.0,76.1,9.5,100.0,14.9,35.1,0.0,20.8,0.0,83.1,0.0,137.2,0.0,9.0,0.0,2.5,0.0,5.3,3.2,0.8,0.2,0.1,0.1,0.1,0.1,14.9,35.5,47.0,47.0,47.0,49.0,47.0,47.0,11.0,11.0,11.0,36.0,36.0,36.0,36.0,36.0,41.0,63,63,65,63,68,61,60,62,62,63,63,62,62,62,62,37,37,35,37,32,39,40,38,38,37,37,38,38,38,38,75,68,No,No,No,No,No,No,No,No,No,No,No,No,No,No,No,No,No,No,No,No,No,No,No,No,No,No,No,No,No,No,No,No,No,No,No,No,No,No,No,No,No,No,No,No,No,No,No,No,75,68,66,1.100,17.719,21.865,15.311,0.001,5.192,0.479,175.0,175.0,175.0,175.0,0,0.0,9.3,25.3,0.0,15.3,0.0,47.4,0.0,75.9,0.0,5.3,0.0,1.5,0.0,7.4,5.3,1.1,0.2,0.1,0.0,0.1,0.1,5.1,18.9,17.0,11.4,23.4,0.8,0.0,0.0,0.0,0.0,0.0,0.0,0.0,0.0,0.0,57.4,1.1,0.0,17.7,0.0,0.0,0.0,92.1,94.4,98.8,99.6,99.8,99.8,99.8,99.8,53.4,48.0,62.0,19.7,0.0,92.6,98.2,2394.1,24.00,36,35,35,68,103,383,2,2,Yes,No,No,No,No,No,No,No,No,No,Yes,No,No,No,No,No,No,No,No,No,No,No,No,No,No,No,No,Yes,No,No,No,No,No,No,No,Yes,No,No,83.0,4440,4560,4320,57.8,1.110,1.110,1.815,1.815,0.990,5.110,0.875,No,No,No,58.2,1.110,1.110,1.815,1.815,0.990,5.110,0.875,No,No,No,42,42,94.0,100.0,No,No,32159,47987,37,70,99.0,100.0,No,No,1844,3246,0.0,0.9,0.9,0.000,0.139,96547,53136,0.0,0.0,0.0,0.000,0.000,164001,82786,79.8,72.0,89.3,83.0,0.875,20.585,20.566,20.604,82.606,38.192,63.314,15.013,78.482,3.000,18.009,35.803,53.722,100.000,140.000,2250.0,2150.2,1890.0,2245.0,1905.0,86.0,22.0,0.0,0.0,49.1,21.7,86.7,0.0,0.0,0.0,Yes,No,No,No,No,Yes,No,0,0,0,0,0,0,0,0,0,0,0,0,0,0,0,0,0,0,0,0,0,0,0,0,0,0,0,0,0,0,4168,4020,3788,94,16.0,64,0.300,20.092,700.0,2394.0,0.3,0.1,0.0,0.0,0.1,0.0,0.0,0.0,0.0,2,16190,2,No,No,No,No,No,No,No,No,16.746,68.277,100.0,0.000,24.1,0,0,0,0.0,42.4,45.3,40.5,40.5,40.5,40.5,42.5,43.1,41.7,41.6,41.6,41.6,23.54,24.06,23.20,23.17,24.06,24.06,20.40,3.12,5.01,18.53,0.09,661,9,0.2,0.3,0,0,0.0,0.0,0,
9.6.2026,14:27:27.942,15778,32990,32.3,12088,20296,37.3,10.2,16384,1675,1.204,1.213,1.197,1.187,1.207,1.182,1.192,1.217,1.203,1.223,1.223,1.203,1.201,1.201,1.211,1.101,0.846,2828.8,4688.5,4688.5,4688.5,4888.0,4688.5,4688.5,1097.3,1097.3,1097.3,1097.3,1097.3,1097.3,1097.3,3591.2,99.8,4090.0,408.3,766.6,2.6,628.7,2.0,1975.0,2.8,3750.2,151.2,278.5,1.6,136.4,1.5,138.4,129.4,116.5,39.2,16.1,16.7,7.0,5.8,507.5,11.1,23.5,3.8,18.8,3.8,43.8,0.0,79.8,3.1,7.0,0.0,2.5,0.0,10.8,9.8,10.4,1.4,1.0,1.1,0.3,0.2,79.8,11.1,100.0,16.2,30.6,0.1,25.3,0.1,75.4,0.1,143.7,5.8,11.1,0.1,5.3,0.1,7.8,6.9,6.2,2.1,0.9,0.9,0.4,0.3,16.2,28.4,47.0,47.0,47.0,49.0,47.0,47.0,11.0,11.0,11.0,11.0,11.0,11.0,11.0,36.0,41.0,62,63,62,71,60,61,60,62,62,62,62,62,62,62,62,38,37,38,29,40,39,40,38,38,38,38,38,38,38,38,76,71,No,No,No,No,No,No,No,No,No,No,No,No,No,No,No,No,No,No,No,No,No,No,No,No,No,No,No,No,No,No,No,No,No,No,No,No,No,No,No,No,No,No,No,No,No,No,No,No,75,71,64,1.100,8.438,18.681,12.160,0.002,5.159,0.478,175.0,175.0,175.0,175.0,0,0.0,10.7,23.5,0.1,18.8,0.1,44.1,0.1,79.2,3.1,6.9,0.0,3.2,0.0,10.2,9.8,9.0,2.9,1.0,1.1,0.3,0.2,4.8,19.8,19.9,8.3,16.9,1.0,0.8,0.0,0.0,0.0,0.0,0.0,0.0,0.0,0.0,55.6,0.0,0.0,15.8,0.3,0.0,0.0,89.2,89.8,90.7,96.8,98.7,98.6,99.5,99.6,53.1,50.6,55.6,27.5,0.0,89.9,94.9,2394.1,24.00,36,35,35,68,103,383,2,2,Yes,No,No,No,No,No,No,No,No,No,Yes,No,No,No,No,No,No,No,No,No,No,No,No,No,No,No,No,Yes,No,No,No,No,No,No,No,Yes,No,No,84.0,4500,4560,4260,57.8,1.110,1.110,1.815,1.815,0.990,5.110,0.750,No,No,No,58.2,1.110,1.110,1.815,1.815,0.990,5.110,1.250,No,No,No,42,42,94.0,100.0,No,No,32159,47987,37,70,99.0,100.0,No,No,1844,3246,0.2,2.2,2.4,0.016,0.210,96547,53136,0.0,0.0,0.0,0.000,0.000,164001,82786,79.6,72.0,89.0,83.0,0.875,20.587,20.568,20.606,82.339,34.334,64.112,15.323,79.581,3.000,18.310,10.963,49.050,100.000,140.000,2250.0,2150.2,1890.0,2245.0,1905.0,85.0,23.0,0.0,0.0,49.1,21.4,85.6,0.0,0.0,0.0,Yes,No,No,No,No,Yes,No,0,0,0,0,0,0,0,0,0,0,0,0,0,0,0,0,0,0,0,0,0,0,0,0,0,0,0,0,0,0,4168,4020,3788,94,16.0,64,0.300,19.899,700.0,2394.0,0.3,0.1,0.0,0.0,0.1,0.0,0.0,0.0,0.0,2,16190,2,No,No,No,No,No,No,No,No,16.746,68.277,100.0,0.000,24.1,0,0,0,0.0,44.8,46.9,43.1,43.0,43.0,43.0,44.9,47.5,44.1,44.1,44.1,44.1,22.28,22.68,21.08,21.05,22.71,22.71,19.12,3.15,4.96,17.32,0.18,661,9,0.1,0.2,0,0,0.0,0.0,0,
9.6.2026,14:27:29.932,15772,32996,32.3,12078,20305,37.2,10.2,16384,1675,1.191,1.185,1.196,1.207,1.192,1.164,1.184,1.186,1.186,1.186,1.196,1.186,1.202,1.202,1.202,1.101,0.846,2579.4,1396.6,4688.5,4688.5,4688.5,4688.5,4688.5,1097.3,1097.3,1097.3,3591.2,1097.3,1097.3,1097.3,1097.3,99.8,4090.0,388.7,899.0,0.4,546.7,0.3,1742.1,0.4,4005.6,0.2,286.4,0.2,87.1,0.1,79.7,62.4,28.8,19.7,5.5,3.3,3.6,3.6,484.9,10.0,27.1,2.3,17.1,2.3,40.0,2.3,84.5,0.0,5.6,0.0,2.0,0.0,5.7,4.7,1.2,3.5,0.5,0.3,0.3,0.3,84.5,10.0,100.0,15.2,35.7,0.0,21.9,0.0,68.0,0.0,151.9,0.0,11.0,0.0,3.4,0.0,4.3,3.4,1.6,1.1,0.3,0.2,0.2,0.2,15.2,25.9,14.0,47.0,47.0,47.0,47.0,47.0,11.0,11.0,11.0,36.0,11.0,11.0,11.0,11.0,41.0,63,64,66,62,74,64,60,63,63,63,63,61,61,62,62,37,36,34,38,26,36,40,37,37,37,37,39,39,38,38,76,74,No,No,No,No,No,No,No,No,No,No,No,No,No,No,No,No,No,No,No,No,No,No,No,No,No,No,No,No,No,No,No,No,No,No,No,No,No,No,No,No,No,No,No,No,No,No,No,No,76,74,65,1.100,7.594,20.455,13.915,0.000,5.185,0.485,175.0,175.0,175.0,175.0,0,0.0,9.6,27.1,0.0,17.1,0.0,39.6,0.0,84.7,0.0,7.2,0.0,2.0,0.0,5.7,4.6,1.9,1.3,0.5,0.3,0.3,0.3,4.2,18.8,16.3,7.7,14.6,0.7,0.0,0.0,0.0,0.0,0.0,0.0,0.0,0.0,0.0,56.9,0.0,0.0,13.6,0.0,0.0,0.0,93.7,95.1,97.8,98.5,99.3,99.6,99.5,99.5,55.2,47.7,61.5,34.2,0.0,90.6,97.4,2394.1,24.00,36,35,35,68,103,383,2,2,Yes,No,No,No,No,No,No,No,No,No,Yes,No,No,No,No,No,No,No,No,No,No,No,No,No,No,No,No,Yes,No,No,No,No,No,No,No,Yes,No,No,84.0,4380,4500,4140,57.8,1.110,1.110,1.800,1.815,0.990,5.110,0.750,No,No,No,58.2,1.110,1.110,1.800,1.815,0.990,5.110,1.000,No,No,No,42,42,94.0,100.0,No,No,32159,47987,37,70,99.0,100.0,No,No,1844,3246,0.1,0.8,0.9,0.016,0.024,96547,53137,0.0,0.0,0.0,0.000,0.000,164001,82786,78.6,70.0,87.4,83.0,0.875,20.597,20.579,20.616,82.003,36.834,62.546,14.817,77.536,3.000,17.823,33.578,48.536,100.000,140.000,2250.0,2150.2,1890.0,2245.6,1905.0,85.0,21.0,0.0,0.0,49.1,21.2,84.7,0.0,0.0,0.0,Yes,No,No,No,No,Yes,No,0,0,0,0,0,0,0,0,0,0,0,0,0,0,0,0,0,0,0,0,0,0,0,0,0,0,0,0,0,0,4168,4020,3789,93,16.0,65,0.300,19.526,700.0,2394.0,0.3,0.1,0.0,0.0,0.1,0.0,0.0,0.0,0.0,2,16190,2,No,No,No,No,No,No,No,No,16.745,68.277,100.0,0.000,24.1,0,0,0,0.0,45.4,47.3,42.6,42.0,42.0,42.0,45.5,46.1,42.4,41.1,41.0,41.0,22.03,23.80,21.62,21.60,24.45,24.45,18.88,3.12,4.00,18.03,0.32,661,9,0.1,0.2,0,0,0.0,0.0,0,
9.6.2026,14:27:31.940,15746,33022,32.2,12083,20300,37.3,10.2,16384,1675,1.176,1.220,1.161,1.146,1.131,1.148,1.143,1.173,1.206,1.186,1.211,1.173,1.203,1.173,1.185,1.101,0.846,3063.9,2294.4,1396.6,4489.0,4489.0,4489.0,4489.0,1097.3,3591.2,3591.2,3591.2,1097.3,3591.2,1097.3,3591.2,99.8,4090.0,371.5,887.2,0.5,492.8,0.3,2099.6,0.5,3615.6,0.3,163.8,0.2,62.7,0.4,53.1,37.3,10.6,1.0,1.3,1.1,0.8,0.9,464.1,9.0,25.7,0.0,14.6,0.0,46.4,0.0,76.6,0.0,4.7,0.0,3.6,0.0,3.2,3.0,1.6,0.0,0.1,0.1,0.1,0.0,76.6,9.0,100.0,14.4,35.1,0.0,19.7,0.0,80.5,0.0,138.1,0.0,6.5,0.0,2.4,0.0,3.0,2.3,0.6,0.1,0.1,0.1,0.1,0.1,14.4,30.7,23.0,14.0,45.0,45.0,45.0,45.0,11.0,36.0,36.0,36.0,11.0,36.0,11.0,36.0,41.0,63,66,66,68,70,60,61,61,61,61,61,62,62,62,62,37,34,34,32,30,40,39,39,39,39,39,38,38,38,38,76,70,No,No,No,No,No,No,No,No,No,No,No,No,No,No,No,No,No,No,No,No,No,No,No,No,No,No,No,No,No,No,No,No,No,No,No,No,No,No,No,No,No,No,No,No,No,No,No,No,76,74,65,1.100,12.656,19.605,13.071,0.001,5.153,0.475,175.0,175.0,175.0,175.0,0,0.0,8.8,25.7,0.0,14.6,0.0,46.6,0.0,76.4,0.0,3.9,0.0,1.5,0.0,3.1,2.6,0.8,0.1,0.1,0.1,0.1,0.1,4.8,17.2,14.3,14.0,20.1,1.1,0.4,0.0,0.0,0.0,0.0,0.0,0.0,0.0,0.0,57.5,0.0,0.0,10.0,2.8,0.0,0.0,96.4,97.1,99.1,99.8,99.7,99.8,99.8,99.8,55.8,51.2,66.7,25.4,0.0,93.8,97.5,2394.1,24.00,36,35,35,68,103,383,2,2,Yes,No,No,No,No,No,No,No,No,No,Yes,No,No,No,No,No,No,No,No,No,No,No,No,No,No,No,No,Yes,No,No,No,No,No,No,No,Yes,No,No,83.0,4440,4500,4140,57.8,1.110,1.110,1.800,1.815,0.990,5.110,1.000,No,No,No,58.2,1.110,1.110,1.800,1.815,0.990,5.110,1.000,No,No,No,42,42,94.0,100.0,No,No,32159,47987,36,70,99.0,100.0,No,No,1844,3246,0.0,1.5,1.5,0.000,0.185,96547,53137,0.0,0.0,0.0,0.000,0.000,164001,82786,78.9,70.0,87.9,83.0,0.875,20.594,20.576,20.613,81.461,36.334,63.252,14.382,77.794,3.000,17.376,29.799,48.737,100.000,140.000,2250.0,2150.2,1890.0,2246.2,1905.0,85.0,20.0,0.0,0.0,49.1,21.3,85.2,0.0,0.0,0.0,Yes,No,No,No,No,Yes,No,0,0,0,0,0,0,0,0,0,0,0,0,0,0,0,0,0,0,0,0,0,0,0,0,0,0,0,0,0,0,4168,4020,3789,76,16.0,64,0.300,18.804,700.0,2394.0,0.3,0.1,0.0,0.0,0.1,0.0,0.0,0.0,0.0,2,16190,2,No,No,No,No,No,No,No,No,16.746,68.277,100.0,0.000,24.1,0,0,0,0.0,46.2,47.9,44.8,44.7,44.7,44.7,46.2,46.5,45.0,45.0,45.0,45.0,21.65,22.21,21.30,21.18,22.26,22.26,18.53,3.12,3.82,17.83,0.15,661,9,0.2,0.2,0,0,0.0,0.0,0,
9.6.2026,14:27:33.932,15737,33030,32.2,12075,20308,37.2,10.2,16384,1675,1.190,1.214,1.213,1.193,1.173,1.168,1.173,1.221,1.221,1.211,1.226,1.171,1.161,1.161,1.161,1.101,0.846,2657.8,4688.5,798.0,1396.6,4688.5,4688.5,4688.5,1097.3,1097.3,3591.2,3591.2,3591.2,1097.3,1097.3,1097.3,99.8,4090.0,381.7,804.1,0.4,495.1,0.5,1783.9,0.6,3957.9,0.1,247.9,0.1,84.1,0.1,97.1,85.2,43.0,30.3,1.6,0.6,0.5,0.6,476.9,9.2,23.8,0.0,14.6,0.0,40.4,0.0,83.9,0.0,5.1,0.0,0.5,0.0,7.3,5.1,1.8,2.1,0.1,0.0,0.0,0.0,83.9,9.2,100.0,15.0,32.1,0.0,20.0,0.0,68.9,0.0,150.8,0.0,9.6,0.0,3.4,0.0,5.3,4.7,2.3,1.6,0.1,0.1,0.0,0.1,15.0,26.6,47.0,8.0,14.0,47.0,47.0,47.0,11.0,11.0,36.0,36.0,36.0,11.0,11.0,11.0,41.0,62,68,65,64,63,61,62,61,61,61,61,62,62,62,62,38,32,35,36,37,39,38,39,39,39,39,38,38,38,38,75,68,No,No,No,No,No,No,No,No,No,No,No,No,No,No,No,No,No,No,No,No,No,No,No,No,No,No,No,No,No,No,No,No,No,No,No,No,No,No,No,No,No,No,No,No,No,No,No,No,75,71,65,1.100,10.125,19.401,12.917,0.001,5.128,0.468,175.0,175.0,175.0,175.0,0,0.0,9.5,23.8,0.0,15.2,0.0,40.4,0.0,83.8,0.0,5.9,0.0,2.0,0.0,7.3,6.4,3.3,2.1,0.1,0.1,0.0,0.1,4.1,18.2,15.7,5.8,15.5,1.1,0.6,0.0,0.0,0.0,0.0,0.0,0.0,0.0,0.0,56.8,1.3,0.0,14.9,0.0,0.0,0.0,92.2,93.3,96.5,97.7,99.7,99.8,99.8,99.8,56.1,50.4,64.0,34.0,0.0,91.4,96.8,997.6,10.00,22,15,15,28,103,160,2,2,Yes,No,No,No,No,No,No,No,No,No,Yes,No,No,No,No,No,No,No,No,No,No,No,No,No,No,No,No,Yes,No,No,No,No,No,No,No,Yes,No,No,84.0,4380,4440,4200,57.8,1.110,1.110,1.800,1.815,1.005,5.110,0.750,No,No,No,58.0,1.110,1.110,1.800,1.815,1.005,5.110,0.750,No,No,No,42,42,94.0,100.0,No,No,32159,47987,37,70,99.0,100.0,No,No,1844,3246,0.0,0.9,0.9,0.000,0.019,96547,53137,0.0,0.0,0.0,0.000,0.000,164001,82786,79.7,72.0,88.9,83.0,0.875,20.581,20.561,20.602,81.087,41.008,66.054,14.351,80.555,3.000,17.355,60.500,45.240,100.000,140.000,2250.0,2150.2,1890.0,2246.3,1905.0,84.0,20.0,0.0,0.0,49.1,21.1,84.4,0.0,0.0,0.0,Yes,No,No,No,No,Yes,No,0,0,0,0,0,0,0,0,0,0,0,0,0,0,0,0,0,0,0,0,0,0,0,0,0,0,0,0,0,0,4168,4020,3789,75,16.0,64,0.300,19.682,700.0,997.0,0.3,0.1,0.0,0.0,0.1,0.0,0.0,0.0,0.0,2,16190,2,No,No,No,No,No,No,No,No,16.746,68.277,100.0,0.000,24.1,0,0,0,0.0,45.3,48.1,43.2,42.9,42.9,42.9,45.3,45.7,44.5,44.3,44.3,44.3,22.06,22.42,21.84,21.81,22.46,22.46,18.93,3.14,3.88,18.19,0.12,661,9,0.2,0.4,0,0,0.0,0.0,0,
9.6.2026,14:27:35.930,15736,33032,32.2,12078,20306,37.2,10.2,16384,1675,1.207,1.198,1.222,1.224,1.180,1.185,1.195,1.230,1.203,1.203,1.213,1.213,1.213,1.213,1.212,1.101,0.846,3541.3,4688.5,4688.5,4888.0,4688.5,4688.5,4688.5,1097.3,1097.3,1097.3,3591.2,3591.2,3591.2,3591.2,3591.2,99.8,4090.0,375.6,822.8,0.5,488.0,0.4,1633.9,0.5,4216.0,0.3,188.8,0.2,30.9,0.2,66.6,54.6,4.1,0.6,1.0,0.5,0.5,0.8,469.3,9.5,23.6,0.0,15.0,0.0,37.8,0.0,88.5,3.1,5.8,2.3,0.8,2.3,4.1,5.7,1.8,0.1,0.1,0.1,0.1,0.1,88.5,9.5,100.0,14.6,32.6,0.0,19.5,0.0,63.3,0.0,160.5,0.0,7.3,0.0,1.2,0.0,3.4,2.8,0.3,0.1,0.1,0.1,0.1,0.1,14.6,35.5,47.0,47.0,49.0,47.0,47.0,47.0,11.0,11.0,11.0,36.0,36.0,36.0,36.0,36.0,41.0,63,63,65,62,72,61,60,63,63,62,62,62,62,62,62,37,37,35,38,28,39,40,37,37,38,38,38,38,38,38,76,72,No,No,No,No,No,No,No,No,No,No,No,No,No,No,No,No,No,No,No,No,No,No,No,No,No,No,No,No,No,No,No,No,No,No,No,No,No,No,No,No,No,No,No,No,No,No,No,No,75,71,64,1.100,7.594,19.624,13.133,0.002,5.129,0.469,175.0,175.0,175.0,175.0,0,0.0,8.9,23.6,0.0,14.2,0.0,37.8,0.0,88.3,0.0,4.3,0.0,0.7,0.0,4.4,4.4,0.3,0.1,0.1,0.0,0.0,0.1,3.6,16.4,14.5,7.9,11.1,0.0,0.0,0.0,0.0,0.0,0.0,0.0,0.0,0.0,0.0,56.7,0.0,0.0,5.4,0.0,0.0,0.0,95.1,95.4,99.6,99.8,99.8,99.8,99.8,99.8,59.7,53.7,66.8,43.6,0.0,94.8,99.0,2394.1,24.00,36,35,35,68,103,383,2,2,Yes,No,No,No,No,No,No,No,No,No,Yes,No,No,No,No,No,No,No,No,No,No,No,No,No,No,No,No,Yes,No,No,No,No,No,No,No,Yes,No,No,83.0,4440,4500,4200,57.8,1.110,1.110,1.800,1.815,1.005,5.110,1.250,No,No,No,58.0,1.110,1.110,1.800,1.815,1.005,5.110,0.875,No,No,No,42,42,94.0,100.0,No,No,32159,47987,37,70,99.0,100.0,No,No,1844,3246,0.0,0.9,0.9,0.000,0.050,96547,53137,0.0,0.0,0.0,0.000,0.000,164001,82786,79.3,72.0,88.4,83.0,0.875,20.583,20.564,20.603,82.082,36.015,63.231,14.785,78.190,3.000,17.792,25.199,49.905,100.000,140.000,2250.0,2150.2,1890.0,2246.3,1905.0,85.0,21.0,0.0,0.0,49.1,21.5,85.9,0.0,0.0,0.0,Yes,No,No,No,No,Yes,No,0,0,0,0,0,0,0,0,0,0,0,0,0,0,0,0,0,0,0,0,0,0,0,0,0,0,0,0,0,0,4168,4020,3789,75,16.0,64,0.300,19.927,700.0,2394.0,0.3,0.1,0.0,0.0,0.1,0.0,0.0,0.0,0.0,3,16188,4,No,No,No,No,No,No,No,No,16.746,68.277,100.0,0.000,24.1,0,0,0,0.0,44.0,47.7,39.9,39.6,39.6,39.6,44.2,47.2,43.4,43.3,43.3,43.3,22.70,24.17,21.71,21.25,24.87,24.87,19.49,3.10,3.91,18.79,0.24,661,9,0.5,0.3,0,0,0.0,0.0,0,
9.6.2026,14:27:37.940,15722,33045,32.2,12071,20313,37.2,10.2,16384,1675,1.163,1.186,1.168,1.194,1.154,1.133,1.188,1.183,1.165,1.165,1.129,1.164,1.129,1.164,1.164,1.101,0.846,1916.7,1396.6,1396.6,4688.5,4489.0,1396.6,4688.5,1097.3,1097.3,1097.3,1097.3,1097.3,1097.3,1097.3,1097.3,99.8,4090.0,373.8,795.6,0.5,433.9,0.3,1940.5,1.1,3925.5,0.1,163.0,0.1,35.2,0.1,90.5,53.8,31.9,1.8,1.0,0.6,0.6,0.5,467.1,13.6,21.9,30.9,11.0,23.9,43.2,30.5,83.2,9.4,3.3,0.3,1.1,0.3,6.2,3.8,1.7,1.2,0.0,0.3,0.3,0.3,83.2,13.6,100.0,14.5,31.4,0.0,17.1,0.0,74.7,0.1,149.5,0.0,6.3,0.0,1.4,0.0,5.0,3.0,1.6,0.1,0.1,0.1,0.1,0.1,14.5,19.2,14.0,14.0,47.0,45.0,14.0,47.0,11.0,11.0,11.0,11.0,11.0,11.0,11.0,11.0,41.0,63,65,67,63,71,61,59,62,63,63,63,62,62,62,62,37,35,33,37,29,39,41,38,37,37,37,38,38,38,38,76,71,No,No,No,No,No,No,No,No,No,No,No,No,No,No,No,No,No,No,No,No,No,No,No,No,No,No,No,No,No,No,No,No,No,No,No,No,No,No,No,No,No,No,No,No,No,No,No,No,76,67,64,1.100,8.438,19.215,12.720,0.002,5.142,0.469,175.0,175.0,175.0,175.0,0,0.0,8.9,22.3,0.0,11.6,0.0,43.5,0.0,83.1,0.0,3.8,0.0,0.9,0.0,6.5,4.2,2.4,0.1,0.1,0.1,0.1,0.1,3.3,13.3,8.7,7.6,16.3,0.0,0.0,0.0,0.0,0.0,0.0,0.0,0.0,0.0,0.0,57.3,0.0,0.0,17.8,0.0,0.0,0.0,92.9,95.5,97.4,99.8,99.7,99.8,99.8,99.8,59.4,59.2,76.1,27.0,0.0,95.1,98.6,2394.1,24.00,36,35,35,68,103,383,2,2,Yes,No,No,No,No,No,No,No,No,No,Yes,No,No,No,No,No,No,No,No,No,No,No,No,No,No,No,No,Yes,No,No,No,No,No,No,No,Yes,No,No,83.0,4440,4560,4260,57.8,1.095,1.110,1.800,1.815,1.005,5.110,0.625,No,No,No,58.0,1.110,1.110,1.800,1.815,1.005,5.110,1.125,No,No,No,42,42,94.0,100.0,No,No,32159,47987,37,70,99.0,100.0,No,No,1844,3246,0.0,0.9,0.9,0.000,0.056,96547,53137,0.0,0.0,0.0,0.000,0.000,164001,82786,79.5,72.0,88.8,83.0,0.875,20.593,20.575,20.611,81.714,41.446,63.567,14.958,78.671,3.000,17.948,60.408,51.567,100.000,140.000,2250.0,2150.2,1890.0,2246.0,1905.0,85.0,20.0,0.0,0.0,49.0,21.6,86.4,0.0,0.0,0.0,Yes,No,No,No,No,Yes,No,0,0,0,0,0,0,0,0,0,0,0,0,0,0,0,0,0,0,0,0,0,0,0,0,0,0,0,0,0,0,4176,4012,3780,75,16.0,65,0.300,19.348,700.0,2394.0,0.2,0.1,0.0,0.0,0.1,0.0,0.0,0.0,0.0,2,16190,2,No,No,No,No,No,No,No,No,16.746,68.277,100.0,0.000,24.1,0,0,0,0.0,43.9,50.6,38.8,37.6,37.5,37.5,43.9,44.5,42.9,42.8,42.8,42.8,22.78,23.36,22.46,22.46,23.38,23.38,19.65,3.11,4.26,18.52,0.12,661,9,0.2,0.2,0,0,0.0,0.0,0,
9.6.2026,14:27:39.937,15725,33043,32.2,12072,20312,37.2,10.2,16384,1675,1.150,1.201,1.148,1.148,1.158,1.163,1.172,1.162,1.147,1.132,1.142,1.132,1.132,1.133,1.133,1.081,0.846,2700.5,4688.5,1396.6,4489.0,4489.0,4489.0,4489.0,3591.2,1097.3,1097.3,3591.2,1097.3,1097.3,1097.3,1097.3,99.8,3990.2,380.8,893.1,0.5,751.9,0.4,1902.5,0.5,3713.4,0.2,228.1,0.2,25.7,0.1,34.7,31.6,29.3,1.9,0.9,0.5,0.5,0.6,475.9,10.1,26.9,0.0,20.5,0.0,43.2,0.0,79.5,18.0,5.8,0.0,0.7,0.0,2.6,2.2,2.2,0.0,0.9,0.1,0.1,0.1,79.5,10.1,100.0,14.8,35.7,0.0,29.9,0.0,73.2,0.0,141.7,0.0,8.9,0.0,1.0,0.0,2.1,1.8,1.8,0.1,0.1,0.0,0.1,0.1,14.8,27.1,47.0,14.0,45.0,45.0,45.0,45.0,36.0,11.0,11.0,36.0,11.0,11.0,11.0,11.0,40.0,63,68,63,68,70,61,60,62,63,63,63,61,61,61,62,37,32,37,32,30,39,40,38,37,37,37,39,39,39,38,76,70,No,No,No,No,No,No,No,No,No,No,No,No,No,No,No,No,No,No,No,No,No,No,No,No,No,No,No,No,No,No,No,No,No,No,No,No,No,No,No,No,No,No,No,No,No,No,No,No,76,72,65,1.100,10.125,19.212,12.712,0.001,5.141,0.470,175.0,175.0,175.0,175.0,0,0.0,9.1,26.8,0.0,20.4,0.0,43.3,0.0,79.3,0.0,5.7,0.0,0.7,0.0,2.3,2.1,1.9,0.1,0.1,0.1,0.1,0.1,4.5,22.4,15.8,4.9,19.9,0.0,0.0,0.0,0.0,0.0,0.0,0.0,0.0,0.0,0.0,57.3,0.0,0.0,10.1,0.0,0.0,0.0,97.2,97.7,97.9,99.8,99.7,99.8,99.8,99.8,55.2,44.1,58.8,36.7,0.0,93.0,98.8,2394.1,24.00,36,35,35,68,103,383,2,2,Yes,No,No,No,No,No,No,No,No,No,Yes,No,No,No,No,No,No,No,No,No,No,No,No,No,No,No,No,Yes,No,No,No,No,No,No,No,Yes,No,No,84.0,4440,4680,4320,57.8,1.095,1.110,1.800,1.815,1.005,5.110,0.750,No,No,No,58.0,1.095,1.110,1.800,1.815,1.005,5.110,0.875,No,No,No,42,42,94.0,100.0,No,No,32159,47987,37,70,99.0,100.0,No,No,1844,3246,0.0,1.2,1.2,0.000,0.049,96547,53137,0.0,0.0,0.0,0.000,0.000,164001,82786,79.2,72.0,88.1,83.0,0.875,20.592,20.574,20.611,82.251,42.318,65.911,14.772,80.835,3.000,17.770,67.888,46.047,100.000,140.000,2250.0,2150.2,1890.0,2245.7,1905.0,85.0,20.0,0.0,0.0,49.0,21.2,84.8,0.0,0.0,0.0,Yes,No,No,No,No,Yes,No,0,0,0,0,0,0,0,0,0,0,0,0,0,0,0,0,0,0,0,0,0,0,0,0,0,0,0,0,0,0,4176,4012,3780,75,16.0,64,0.300,20.457,700.0,2394.0,0.3,0.1,0.0,0.0,0.1,0.0,0.0,0.0,0.0,2,16190,2,No,No,No,No,No,No,No,No,16.745,68.277,100.0,0.000,24.1,0,0,0,0.0,45.1,46.5,43.2,43.2,43.2,43.2,45.1,45.4,44.7,44.6,44.6,44.6,22.19,22.40,22.04,22.04,22.42,22.42,19.07,3.11,3.98,18.21,0.06,661,9,0.9,4.9,0,0,0.0,0.0,0,
9.6.2026,14:27:41.931,15727,33041,32.2,12075,20309,37.2,10.2,16384,1675,1.187,1.190,1.220,1.200,1.208,1.172,1.172,1.152,1.157,1.152,1.212,1.171,1.201,1.206,1.201,1.101,0.846,3185.1,4688.5,4688.5,4688.5,4888.0,4688.5,4688.5,1097.3,3591.2,1097.3,1097.3,3591.2,1097.3,3591.2,1097.3,99.8,4090.0,377.8,769.5,1.6,466.3,0.3,1791.1,0.3,4049.0,0.3,244.0,0.2,81.1,0.2,73.0,39.2,21.8,7.1,6.9,0.8,2.2,0.8,471.6,9.4,22.8,0.0,13.4,5.4,40.4,0.0,85.4,0.0,5.7,0.0,2.2,0.0,5.2,3.1,1.9,0.8,0.5,0.3,0.4,0.3,85.4,9.4,100.0,14.7,30.6,0.1,18.6,0.0,69.1,0.0,154.2,0.0,9.5,0.0,3.2,0.0,4.0,2.1,1.2,0.4,0.4,0.1,0.1,0.1,14.7,31.9,47.0,47.0,47.0,49.0,47.0,47.0,11.0,36.0,11.0,11.0,36.0,11.0,36.0,11.0,41.0,62,63,66,62,71,61,60,61,61,61,61,62,62,62,62,38,37,34,38,29,39,40,39,39,39,39,38,38,38,38,75,71,No,No,No,No,No,No,No,No,No,No,No,No,No,No,No,No,No,No,No,No,No,No,No,No,No,No,No,No,No,No,No,No,No,No,No,No,No,No,No,No,No,No,No,No,No,No,No,No,76,71,64,1.100,9.281,20.374,13.856,0.001,5.145,0.472,175.0,175.0,175.0,175.0,0,0.0,9.0,22.6,0.0,13.2,0.0,40.2,0.0,85.2,0.0,6.1,0.0,2.0,0.0,4.9,2.8,1.6,0.5,0.3,0.1,0.1,0.1,3.4,15.8,11.1,5.6,14.1,1.1,0.0,0.0,0.0,0.0,0.0,0.0,0.0,0.0,0.0,57.1,0.0,0.0,10.6,0.0,0.0,0.0,94.7,97.0,98.2,99.3,99.6,99.8,99.8,99.8,59.1,55.6,71.6,38.5,0.0,91.5,97.4,2394.1,24.00,36,35,35,68,103,383,2,2,Yes,No,No,No,No,No,No,No,No,No,Yes,No,No,No,No,No,No,No,No,No,No,No,No,No,No,No,No,Yes,No,No,No,No,No,No,No,Yes,No,No,83.0,4440,4680,4380,57.8,1.095,1.110,1.800,1.815,1.005,5.110,0.750,No,No,No,58.0,1.095,1.110,1.800,1.815,1.005,5.110,0.750,No,No,No,42,42,94.0,100.0,No,No,32159,47987,37,70,99.0,100.0,No,No,1844,3246,0.0,1.1,1.1,0.008,0.169,96547,53138,0.0,0.0,0.0,0.000,0.000,164001,82786,80.5,72.0,90.4,83.0,0.875,20.583,20.564,20.601,82.311,42.205,63.087,15.053,78.305,3.000,18.054,66.057,51.880,100.000,140.000,2250.0,2150.2,1890.0,2246.0,1905.0,85.0,20.0,0.0,0.0,49.0,21.4,85.7,0.0,0.0,0.0,Yes,No,No,No,No,Yes,No,0,0,0,0,0,0,0,0,0,0,0,0,0,0,0,0,0,0,0,0,0,0,0,0,0,0,0,0,0,0,4176,4012,3780,75,16.0,64,0.300,20.308,700.0,2394.0,0.3,0.1,0.0,0.0,0.1,0.0,0.0,0.0,0.0,2,16190,2,No,No,No,No,No,No,No,No,16.746,68.277,100.0,0.000,24.1,0,0,0,0.0,45.6,49.4,41.1,40.7,40.7,40.7,45.7,46.0,44.5,44.5,44.5,44.5,21.95,23.60,21.67,21.63,24.41,24.41,18.77,3.09,4.10,17.85,0.19,661,9,0.4,2.6,0,0,0.0,0.0,0,
9.6.2026,14:27:43.942,15770,32998,32.3,12073,20311,37.2,10.2,16384,1675,1.197,1.199,1.200,1.190,1.180,1.165,1.190,1.225,1.210,1.200,1.200,1.200,1.185,1.185,1.223,1.101,0.846,2508.2,4688.5,1396.6,4688.5,1396.6,4489.0,4688.5,3591.2,3591.2,1097.3,1097.3,1097.3,1097.3,1097.3,1097.3,99.8,4090.0,377.7,461.8,331.1,547.3,0.3,1155.7,789.3,3820.1,0.2,254.8,0.1,81.6,0.1,41.1,35.0,33.0,0.5,0.7,0.4,0.5,0.5,472.0,12.2,15.0,35.4,16.9,0.0,25.8,41.5,81.2,9.4,6.2,0.3,2.1,0.3,2.4,2.8,2.0,0.3,0.4,0.3,0.3,0.3,81.2,12.2,100.0,14.7,18.6,13.2,22.0,0.0,44.6,30.3,145.7,0.0,9.9,0.0,3.1,0.0,2.3,1.9,1.8,0.1,0.1,0.0,0.0,0.1,14.7,25.1,47.0,14.0,47.0,14.0,45.0,47.0,36.0,36.0,11.0,11.0,11.0,11.0,11.0,11.0,41.0,63,63,66,63,70,61,60,61,61,62,62,62,62,62,62,37,37,34,37,30,39,40,39,39,38,38,38,38,38,38,76,70,No,No,No,No,No,No,No,No,No,No,No,No,No,No,No,No,No,No,No,No,No,No,No,No,No,No,No,No,No,No,No,No,No,No,No,No,No,No,No,No,No,No,No,No,No,No,No,No,76,71,65,1.100,18.563,20.093,13.594,0.001,5.152,0.470,175.0,175.0,175.0,175.0,0,0.0,9.1,14.7,9.6,16.7,0.0,26.2,17.7,80.9,0.0,6.0,0.0,1.8,0.0,2.8,2.5,2.5,0.0,0.1,0.0,0.0,0.1,4.6,20.5,16.8,7.0,18.3,1.2,0.0,0.0,0.0,0.0,0.0,0.0,0.0,0.0,0.0,57.6,0.0,0.0,16.2,0.0,0.0,0.0,96.9,97.2,97.3,99.9,99.8,99.8,99.8,99.8,54.7,49.1,61.3,28.7,0.0,91.3,97.9,2394.1,24.00,36,35,35,68,103,383,2,2,Yes,No,No,No,No,No,No,No,No,No,Yes,No,No,No,No,No,No,No,No,No,No,No,No,No,No,No,No,Yes,No,No,No,No,No,No,No,Yes,No,No,82.0,4560,4680,4380,57.8,1.095,1.110,1.800,1.815,1.005,5.110,1.750,No,No,No,58.0,1.095,1.110,1.800,1.815,1.005,5.110,0.625,No,No,No,42,42,94.0,100.0,No,No,32159,47987,36,70,99.0,100.0,No,No,1844,3246,0.0,0.8,0.8,0.000,0.025,96547,53138,0.0,0.0,0.0,0.000,0.000,164001,82786,79.6,72.0,88.7,83.0,0.875,20.567,20.546,20.588,82.721,43.466,67.270,14.629,82.062,3.000,17.633,72.984,46.682,100.000,140.000,2250.0,2150.2,1890.0,2245.8,1905.0,84.0,20.0,0.0,0.0,49.5,21.2,84.6,0.0,0.0,0.0,Yes,No,No,No,No,Yes,No,0,0,0,0,0,0,0,0,0,0,0,0,0,0,0,0,0,0,0,0,0,0,0,0,0,0,0,0,0,0,4136,4052,3821,75,16.0,64,0.300,19.227,700.0,2394.0,0.3,0.1,0.0,0.0,0.1,0.0,0.0,0.0,0.0,2,16190,2,No,No,No,No,No,No,No,No,16.747,68.277,100.0,0.000,24.1,0,0,0,0.0,43.6,49.0,39.3,39.3,39.2,39.2,43.4,46.0,40.4,40.3,40.3,40.3,22.99,24.79,21.80,21.79,24.81,24.81,19.93,3.13,4.21,18.79,0.25,661,9,0.1,1.9,0,0,0.0,0.0,0,
9.6.2026,14:27:45.938,15765,33002,32.3,12070,20313,37.2,10.2,16384,1675,1.186,1.137,1.152,1.202,1.164,1.184,1.154,1.214,1.211,1.181,1.211,1.191,1.201,1.201,1.201,1.101,0.846,3042.6,1396.6,1396.6,4688.5,4688.5,4688.5,4489.0,3591.2,1097.3,1097.3,1097.3,3591.2,3591.2,3591.2,3591.2,99.8,4090.0,381.1,84.4,843.0,535.6,0.5,5.1,1990.3,3763.2,0.3,246.8,0.3,55.7,0.3,2.3,37.8,44.3,9.1,1.0,0.6,0.6,1.3,476.2,8.9,3.2,24.0,15.6,0.0,0.0,44.1,79.9,0.0,6.1,0.3,0.0,0.3,0.0,1.6,2.4,0.0,0.0,0.0,0.0,0.0,79.9,8.9,100.0,14.8,3.5,33.8,21.8,0.0,0.4,76.6,143.3,0.0,9.6,0.0,2.2,0.0,0.1,2.1,2.4,0.5,0.1,0.1,0.1,0.1,14.8,30.5,14.0,14.0,47.0,47.0,47.0,45.0,36.0,11.0,11.0,11.0,36.0,36.0,36.0,36.0,41.0,63,65,67,64,72,61,60,61,61,62,62,61,61,61,61,37,35,33,36,28,39,40,39,39,38,38,39,39,39,39,75,72,No,No,No,No,No,No,No,No,No,No,No,No,No,No,No,No,No,No,No,No,No,No,No,No,No,No,No,No,No,No,No,No,No,No,No,No,No,No,No,No,No,No,No,No,No,No,No,No,76,71,64,1.100,9.281,19.361,12.845,0.001,5.154,0.472,175.0,175.0,175.0,175.0,0,0.0,9.2,3.7,24.3,16.1,0.0,0.2,44.4,79.9,0.0,5.9,0.0,1.3,0.0,0.1,2.8,3.6,0.6,0.1,0.0,0.0,0.1,5.1,17.4,16.6,16.5,19.4,1.3,0.0,0.0,0.0,0.0,0.0,0.0,0.0,0.0,0.0,57.5,0.0,0.0,13.4,0.0,0.0,0.0,99.8,96.8,96.2,99.2,99.8,99.8,99.8,99.8,53.6,48.7,61.9,22.1,0.0,91.1,98.1,2394.1,24.00,36,35,35,68,103,383,2,2,Yes,No,No,No,No,No,No,No,No,No,Yes,No,No,No,No,No,No,No,No,No,No,No,No,No,No,No,No,Yes,No,No,No,No,No,No,No,Yes,No,No,83.0,4560,4800,4440,57.8,1.095,1.110,1.800,1.815,0.990,5.110,0.750,No,No,No,58.0,1.095,1.110,1.800,1.815,0.990,5.110,0.625,No,No,No,41,41,94.0,100.0,No,No,32159,47987,37,70,99.0,100.0,No,No,1844,3246,0.0,0.8,0.8,0.000,0.115,96547,53138,0.0,0.0,0.0,0.000,0.000,164001,82786,80.4,72.0,90.2,83.0,0.875,20.586,20.566,20.606,83.102,33.821,64.627,14.993,79.787,3.000,17.984,10.969,45.388,100.000,140.000,2250.0,2150.2,1890.0,2245.7,1905.0,85.0,21.0,0.0,0.0,49.0,21.4,85.5,0.0,0.0,0.0,Yes,No,No,No,No,Yes,No,0,0,0,0,0,0,0,0,0,0,0,0,0,0,0,0,0,0,0,0,0,0,0,0,0,0,0,0,0,0,4177,4011,3780,73,16.0,64,0.300,19.557,700.0,2394.0,0.3,0.1,0.0,0.0,0.1,0.0,0.0,0.0,0.0,2,16190,2,No,No,No,No,No,No,No,No,16.746,68.277,100.0,0.000,24.1,0,0,0,0.0,42.9,44.7,40.9,40.8,40.8,40.8,42.9,43.3,41.6,41.4,41.4,41.4,23.31,24.09,23.08,23.08,24.20,24.20,20.17,3.14,3.89,19.43,0.20,661,9,0.6,4.9,0,0,0.0,0.0,0,
9.6.2026,14:27:47.941,15739,33029,32.2,12074,20310,37.2,10.2,16384,1675,1.070,1.207,1.173,1.183,1.193,1.168,1.177,1.222,1.207,1.213,0.823,0.823,0.843,0.871,0.871,1.101,0.846,2387.0,4688.5,1396.6,4688.5,4688.5,4489.0,4688.5,1097.3,1097.3,1097.3,1097.3,1097.3,1097.3,1097.3,1097.3,99.8,4090.0,379.8,80.1,801.3,546.4,0.3,5.9,1811.3,4088.5,0.2,154.5,0.2,19.1,0.2,0.5,56.0,24.7,4.0,0.9,0.5,0.5,0.6,474.6,10.3,3.7,22.4,16.1,15.4,1.9,41.8,85.8,2.6,4.0,0.3,2.3,0.3,0.3,5.0,2.1,0.5,0.4,0.3,0.3,0.3,85.8,10.3,100.0,14.7,3.3,31.8,21.6,0.0,0.5,69.9,155.7,0.0,6.0,0.0,0.8,0.0,0.1,3.1,1.4,0.2,0.1,0.1,0.1,0.1,14.7,23.9,47.0,14.0,47.0,47.0,45.0,47.0,11.0,11.0,11.0,11.0,11.0,11.0,11.0,11.0,41.0,63,66,67,62,71,61,62,62,62,62,62,62,62,62,62,37,34,33,38,29,39,38,38,38,38,38,38,38,38,38,76,71,No,No,No,No,No,No,No,No,No,No,No,No,No,No,No,No,No,No,No,No,No,No,No,No,No,No,No,No,No,No,No,No,No,No,No,No,No,No,No,No,No,No,No,No,No,No,No,No,76,70,65,1.100,12.656,19.929,13.416,0.000,5.148,0.470,175.0,175.0,175.0,175.0,0,0.0,9.0,3.4,22.2,15.9,0.0,0.2,41.6,85.7,0.0,3.7,0.0,0.5,0.0,0.0,3.9,1.8,0.2,0.1,0.1,0.1,0.1,3.4,15.0,10.3,9.1,13.7,0.0,0.0,0.0,0.0,0.0,0.0,0.0,0.0,0.0,0.0,57.7,0.0,0.0,15.2,0.0,0.0,0.0,99.8,95.7,98.0,99.6,99.7,99.8,99.8,99.8,58.1,53.9,69.8,29.8,0.0,95.6,99.2,2394.1,24.00,36,35,35,68,103,383,2,2,Yes,No,No,No,No,No,No,No,No,No,Yes,No,No,No,No,No,No,No,No,No,No,No,No,No,No,No,No,Yes,No,No,No,No,No,No,No,Yes,No,No,84.0,4560,4740,4440,57.8,1.095,1.110,1.800,1.815,0.990,5.110,0.750,No,No,No,58.0,1.095,1.110,1.800,1.815,0.990,5.110,1.000,No,No,No,41,41,94.0,100.0,No,No,32159,47987,37,70,99.0,100.0,No,No,1844,3246,0.0,0.7,0.7,0.000,0.065,96547,53138,0.0,0.0,0.0,0.000,0.000,164001,82786,80.4,72.0,89.8,83.0,0.875,20.582,20.562,20.602,83.373,42.568,66.471,14.989,81.624,3.000,17.985,69.637,44.268,100.000,140.000,2250.0,2150.2,1890.0,2245.6,1905.0,86.0,22.0,0.0,0.0,49.0,21.5,85.8,0.0,0.0,0.0,Yes,No,No,No,No,Yes,No,0,0,0,0,0,0,0,0,0,0,0,0,0,0,0,0,0,0,0,0,0,0,0,0,0,0,0,0,0,0,4174,4014,3782,74,16.0,64,0.300,19.510,700.0,2394.0,0.3,0.1,0.0,0.0,0.1,0.0,0.0,0.0,0.0,3,16188,2,No,No,No,No,No,No,No,No,16.746,68.277,100.0,0.000,24.1,0,0,0,0.0,41.6,43.2,39.2,38.7,38.7,38.7,41.6,42.1,39.8,39.3,39.2,39.2,24.03,25.10,23.73,23.72,25.49,25.49,20.92,3.11,4.63,19.40,0.23,661,9,0.3,0.8,0,0,0.0,0.0,0,
9.6.2026,14:27:49.932,15739,33029,32.2,12079,20305,37.2,10.2,16384,1675,1.188,1.189,1.143,1.168,1.180,1.180,1.165,1.198,1.203,1.198,1.203,1.181,1.211,1.211,1.211,1.063,0.846,2978.4,4688.5,4489.0,4688.5,4688.5,4688.5,4688.5,1097.3,3591.2,1097.3,3591.2,1097.3,1097.3,1097.3,1097.3,99.8,3890.5,383.8,82.3,874.6,571.8,0.4,5.1,1846.4,3875.1,0.1,270.6,0.1,63.7,0.1,0.5,42.0,17.1,22.9,0.8,0.4,0.4,0.6,479.6,10.6,3.5,24.8,16.2,0.0,2.3,42.3,81.9,16.3,6.4,0.0,1.4,0.0,1.5,3.0,2.6,3.3,1.5,1.5,1.5,1.5,81.9,10.6,100.0,14.9,3.4,34.8,22.8,0.0,0.4,71.2,147.6,0.0,10.2,0.0,2.5,0.0,0.1,2.3,1.0,1.2,0.1,0.0,0.0,0.1,14.9,29.9,47.0,45.0,47.0,47.0,47.0,47.0,11.0,36.0,11.0,36.0,11.0,11.0,11.0,11.0,39.0,63,68,68,63,68,68,60,62,62,62,62,61,61,61,61,37,32,32,37,32,32,40,38,38,38,38,39,39,39,39,76,68,No,No,No,No,No,No,No,No,No,No,No,No,No,No,No,No,No,No,No,No,No,No,No,No,No,No,No,No,No,No,No,No,No,No,No,No,No,No,No,No,No,No,No,No,No,No,No,No,76,71,64,1.100,10.969,19.285,12.798,0.001,5.164,0.473,175.0,175.0,175.0,175.0,0,0.0,9.2,3.6,24.9,16.3,0.0,0.2,42.3,81.9,0.0,6.6,0.0,1.5,0.0,0.0,3.1,1.2,1.9,0.1,0.0,0.0,0.1,4.5,19.7,18.0,6.7,17.4,1.3,0.0,0.0,0.0,0.0,0.0,0.0,0.0,0.0,0.0,57.6,0.0,0.0,14.3,0.0,0.0,0.0,99.8,96.6,98.6,98.0,99.8,99.8,99.8,99.8,54.6,46.0,60.6,32.1,0.0,90.6,98.2,2394.1,24.00,36,35,35,68,103,383,2,2,Yes,No,No,No,No,No,No,No,No,No,Yes,No,No,No,No,No,No,No,No,No,No,No,No,No,No,No,No,Yes,No,No,No,No,No,No,No,Yes,No,No,83.0,4500,4740,4380,57.8,1.095,1.110,1.800,1.815,0.990,5.110,0.875,No,No,No,58.0,1.110,1.110,1.800,1.815,0.990,5.110,0.625,No,No,No,41,41,94.0,100.0,No,No,32159,47987,37,70,99.0,100.0,No,No,1844,3246,0.0,0.4,0.4,0.000,0.028,96547,53138,0.0,0.0,0.0,0.000,0.000,164001,82786,79.7,72.0,88.8,83.0,0.875,20.571,20.551,20.591,84.106,38.032,65.015,15.351,80.533,3.000,18.353,30.923,53.046,100.000,140.000,2250.0,2150.2,1890.0,2245.5,1905.0,85.0,23.0,0.0,0.0,49.0,21.8,87.0,0.0,0.0,0.0,Yes,No,No,No,No,Yes,No,0,0,0,0,0,0,0,0,0,0,0,0,0,0,0,0,0,0,0,0,0,0,0,0,0,0,0,0,0,0,4174,4014,3782,78,16.0,64,0.300,20.955,700.0,2394.0,0.3,0.1,0.0,0.0,0.1,0.0,0.0,0.0,0.0,2,16190,2,No,No,No,No,No,No,No,No,16.746,68.277,100.0,0.000,24.1,0,0,0,0.0,41.6,43.2,39.9,39.8,39.8,39.8,41.6,42.0,41.1,41.0,41.0,41.0,24.04,24.43,23.77,23.75,24.43,24.43,20.90,3.16,5.19,18.86,0.14,661,9,0.1,0.2,0,0,0.0,0.0,0,
9.6.2026,14:27:51.940,15786,32982,32.3,12080,20304,37.3,10.2,16384,1675,1.195,1.179,1.187,1.177,1.167,1.167,1.176,1.211,1.201,1.201,1.201,1.215,1.215,1.215,1.215,1.141,0.846,3042.6,4489.0,1396.6,4688.5,4688.5,1396.6,4688.5,3591.2,1097.3,1097.3,1097.3,3591.2,3591.2,3591.2,3591.2,99.8,4289.5,385.4,77.7,906.1,562.1,0.4,5.2,1911.1,3799.5,0.2,285.3,0.2,87.8,0.1,0.5,29.9,30.5,8.2,0.9,0.5,0.5,1.2,481.6,9.4,3.3,26.3,15.6,3.9,0.0,43.7,80.5,0.9,7.3,0.0,0.9,0.9,0.0,1.8,2.2,0.0,0.0,0.0,0.0,0.0,80.5,9.4,100.0,15.0,3.2,36.1,22.6,0.0,0.4,73.6,144.8,0.0,11.4,0.0,3.4,0.0,0.1,1.7,1.7,0.5,0.1,0.1,0.1,0.1,15.0,30.5,45.0,14.0,47.0,47.0,14.0,47.0,36.0,11.0,11.0,11.0,36.0,36.0,36.0,36.0,43.0,62,63,62,63,64,61,60,61,61,61,61,62,62,62,62,38,37,38,37,36,39,40,39,39,39,39,38,38,38,38,76,64,No,No,No,No,No,No,No,No,No,No,No,No,No,No,No,No,No,No,No,No,No,No,No,No,No,No,No,No,No,No,No,No,No,No,No,No,No,No,No,No,No,No,No,No,No,No,No,No,76,74,64,1.100,28.688,20.349,13.757,0.002,5.185,0.478,175.0,175.0,175.0,175.0,0,0.0,9.2,3.2,26.1,16.2,0.0,0.2,43.6,80.4,0.0,7.1,0.0,2.3,0.0,0.0,1.7,2.1,0.4,0.1,0.0,0.0,0.1,4.8,20.8,18.1,10.4,17.4,1.1,0.0,0.0,0.0,0.0,0.0,0.0,0.0,0.0,0.0,57.3,0.0,0.0,5.8,1.6,0.0,0.0,99.8,97.9,97.7,99.4,99.8,99.9,99.9,99.8,54.5,43.8,60.7,35.4,0.0,90.1,97.1,2394.1,24.00,36,35,35,68,103,383,2,2,Yes,No,No,No,No,No,No,No,No,No,Yes,No,No,No,No,No,No,No,No,No,No,No,No,No,No,No,No,Yes,No,No,No,No,No,No,No,Yes,No,No,82.0,4500,4680,4380,57.8,1.095,1.110,1.800,1.815,0.990,5.110,0.875,No,No,No,58.0,1.095,1.110,1.800,1.815,0.990,5.110,0.750,No,No,No,41,41,94.0,100.0,No,No,32159,47987,37,70,99.0,100.0,No,No,1844,3246,0.0,1.3,1.3,0.000,0.125,96547,53138,0.0,0.0,0.0,0.000,0.000,164001,82786,79.1,72.0,88.3,83.0,0.875,20.574,20.554,20.594,83.705,38.047,65.248,15.415,80.832,3.000,18.421,28.995,54.418,100.000,140.000,2250.0,2150.2,1890.0,2245.4,1905.0,87.0,23.0,0.0,0.0,49.0,21.6,86.3,0.0,0.0,0.0,Yes,No,No,No,No,Yes,No,0,0,0,0,0,0,0,0,0,0,0,0,0,0,0,0,0,0,0,0,0,0,0,0,0,0,0,0,0,0,4174,4014,3782,82,16.0,64,0.300,20.382,700.0,2394.0,0.3,0.1,0.0,0.0,0.1,0.0,0.0,0.0,0.0,2,16190,2,No,No,No,No,No,No,No,No,16.746,68.277,100.0,0.000,24.1,0,0,0,0.0,40.2,44.2,37.2,36.7,36.6,36.6,40.3,44.5,38.8,38.6,38.6,38.6,24.84,25.72,22.46,22.21,25.83,25.83,21.67,3.14,5.68,19.15,0.37,661,9,0.1,0.2,0,0,0.0,0.0,0,
9.6.2026,14:27:53.931,15786,32981,32.3,12080,20304,37.3,10.2,16384,1675,1.081,1.182,1.142,1.172,1.164,1.157,1.162,1.147,1.161,1.166,1.166,0.880,0.880,0.877,0.872,1.101,0.846,2109.1,1396.6,1396.6,4688.5,4688.5,1396.6,4688.5,1097.3,1097.3,3591.2,1097.3,1097.3,1097.3,1097.3,1097.3,99.8,4090.0,395.5,79.8,902.0,670.5,0.3,4.7,1840.8,3875.7,0.2,328.4,0.1,73.9,0.1,0.4,68.6,53.8,8.0,0.7,0.4,0.4,0.5,494.2,10.9,3.9,26.1,19.7,0.8,1.6,41.6,82.4,0.0,7.8,17.9,2.5,0.0,0.8,5.3,3.6,0.6,0.8,0.8,0.8,0.8,82.4,10.9,100.0,15.4,3.3,36.0,26.8,0.0,0.4,70.8,147.6,0.0,12.8,0.0,2.9,0.0,0.0,3.8,2.9,0.5,0.1,0.0,0.0,0.1,15.4,21.1,14.0,14.0,47.0,47.0,14.0,47.0,11.0,11.0,36.0,11.0,11.0,11.0,11.0,11.0,41.0,63,61,62,64,70,61,62,62,62,62,62,62,62,62,62,37,39,38,36,30,39,38,38,38,38,38,38,38,38,38,76,70,No,No,No,No,No,No,No,No,No,No,No,No,No,No,No,No,No,No,No,No,No,No,No,No,No,No,No,No,No,No,No,No,No,No,No,No,No,No,No,No,No,No,No,No,No,No,No,No,76,68,66,1.100,9.281,20.706,14.181,0.002,5.199,0.482,175.0,175.0,175.0,175.0,0,0.0,9.7,3.9,26.1,19.1,0.0,0.1,41.7,82.3,0.0,7.9,0.0,1.8,0.0,0.0,5.2,4.3,0.6,0.1,0.0,0.0,0.1,4.4,19.0,15.3,8.9,17.1,1.2,0.0,0.0,0.0,0.0,0.0,0.0,0.0,0.0,0.0,57.2,0.0,0.0,12.7,0.0,0.0,0.0,99.8,94.3,95.5,99.2,99.8,99.8,99.8,99.8,54.0,45.2,60.3,31.9,0.0,89.0,97.6,2394.1,24.00,36,35,35,68,103,383,2,2,Yes,No,No,No,No,No,No,No,No,No,Yes,No,No,No,No,No,No,No,No,No,No,No,No,No,No,No,No,Yes,No,No,No,No,No,No,No,Yes,No,No,82.0,4500,4680,4380,57.8,1.095,1.110,1.800,1.815,0.990,5.110,0.625,No,No,No,58.0,1.095,1.110,1.800,1.815,0.990,5.110,0.750,No,No,No,41,41,94.0,100.0,No,No,32159,47987,36,70,99.0,100.0,No,No,1844,3246,0.0,0.6,0.6,0.000,0.028,96547,53138,0.0,0.0,0.0,0.000,0.000,164001,82786,78.6,72.0,87.8,83.0,0.875,20.588,20.568,20.608,82.444,34.256,62.851,15.550,78.557,3.000,18.540,10.795,50.503,100.000,140.000,2250.0,2150.2,1890.0,2245.2,1905.0,85.0,24.0,0.0,0.0,49.0,21.6,86.2,0.0,0.0,0.0,Yes,No,No,No,No,Yes,No,0,0,0,0,0,0,0,0,0,0,0,0,0,0,0,0,0,0,0,0,0,0,0,0,0,0,0,0,0,0,4174,4014,3783,85,16.0,65,0.300,19.302,700.0,2394.0,0.3,0.1,0.0,0.0,0.1,0.0,0.0,0.0,0.0,2,16190,2,No,No,No,No,No,No,No,No,16.745,68.277,100.0,0.000,24.1,0,0,0,0.0,41.8,45.1,39.3,38.9,38.8,38.8,41.8,42.5,39.9,39.5,39.4,39.4,23.90,25.06,23.56,23.56,25.33,25.33,20.79,3.12,5.97,17.93,0.31,661,9,2.1,0.2,0,0,0.0,0.0,0,
9.6.2026,14:27:55.930,15740,33027,32.2,12081,20303,37.3,10.2,16384,1675,1.140,1.125,1.135,1.160,1.182,1.122,1.132,1.124,1.139,1.139,1.139,1.129,1.129,1.129,1.182,1.063,0.846,3149.4,1396.6,1396.6,1396.6,4688.5,4489.0,4489.0,1097.3,3591.2,3591.2,3591.2,3591.2,3591.2,3591.2,3591.2,99.8,3890.5,394.7,84.5,966.8,633.7,0.3,5.1,1767.2,3962.4,0.2,283.8,0.2,96.8,0.2,1.6,46.6,24.4,17.9,0.8,0.6,0.6,0.7,493.2,10.2,3.0,26.8,17.8,8.5,2.3,39.9,83.7,0.0,7.2,0.0,3.0,0.7,0.7,3.0,2.3,2.7,0.7,0.7,0.7,0.7,83.7,10.2,100.0,15.3,3.5,38.4,25.2,0.0,0.4,68.4,150.9,0.0,11.0,0.0,3.7,0.0,0.1,2.6,1.4,1.0,0.1,0.1,0.1,0.1,15.3,31.6,14.0,14.0,14.0,47.0,45.0,45.0,11.0,36.0,36.0,36.0,36.0,36.0,36.0,36.0,39.0,64,68,67,65,71,62,60,62,62,62,62,62,62,62,62,36,32,33,35,29,38,40,38,38,38,38,38,38,38,38,76,71,No,No,No,No,No,No,No,No,No,No,No,No,No,No,No,No,No,No,No,No,No,No,No,No,No,No,No,No,No,No,No,No,No,No,No,No,No,No,No,No,No,No,No,No,No,No,No,No,76,71,64,1.100,8.438,20.123,13.486,0.001,5.217,0.488,175.0,175.0,175.0,175.0,0,0.0,9.4,3.2,26.9,18.0,0.0,0.2,39.9,83.6,0.0,7.3,0.0,2.4,0.0,0.1,3.1,1.6,1.3,0.1,0.0,0.1,0.1,4.2,16.8,15.2,9.2,15.8,1.4,0.0,0.0,0.0,0.0,0.0,0.0,0.0,0.0,0.0,57.3,1.7,0.0,9.0,0.0,0.0,0.0,99.8,96.5,98.2,98.6,99.8,99.8,99.8,99.8,55.1,45.7,61.7,36.8,0.0,89.5,97.2,2394.1,24.00,36,35,35,68,103,383,2,2,Yes,No,No,No,No,No,No,No,No,No,Yes,No,No,No,No,No,No,No,No,No,No,No,No,No,No,No,No,Yes,No,No,No,No,No,No,No,Yes,No,No,83.0,4500,4680,4380,57.8,1.095,1.110,1.800,1.815,0.990,5.110,1.125,No,No,No,58.0,1.095,1.110,1.800,1.815,0.990,5.110,1.000,No,No,No,41,41,94.0,100.0,No,No,32159,47987,36,70,99.0,100.0,No,No,1844,3246,0.0,0.9,0.9,0.000,0.020,96547,53138,0.0,0.0,0.0,0.000,0.000,164001,82786,78.6,72.0,87.7,83.0,0.875,20.583,20.562,20.604,82.698,41.721,63.982,15.854,79.986,3.000,18.850,66.610,43.767,100.000,140.000,2250.0,2150.2,1890.0,2245.4,1905.0,86.0,25.0,0.0,1.0,49.0,21.4,85.7,0.0,0.0,0.0,Yes,No,No,No,No,Yes,No,0,0,0,0,0,0,0,0,0,0,0,0,0,0,0,0,0,0,0,0,0,0,0,0,0,0,0,0,0,0,4174,4014,3783,85,16.0,64,0.300,20.783,700.0,2394.0,0.3,0.1,0.0,0.0,0.1,0.0,0.0,0.0,0.0,2,16190,2,No,No,No,No,No,No,No,No,16.746,68.277,100.0,0.000,24.1,0,0,0,0.0,42.5,44.2,41.1,41.0,41.0,41.0,42.5,42.8,42.2,42.2,42.2,42.2,23.51,23.72,23.32,23.31,23.72,23.72,20.33,3.18,5.83,17.68,0.09,661,9,0.2,0.1,0,0,0.0,0.0,0,
9.6.2026,14:27:57.939,15740,33027,32.2,12080,20304,37.3,10.2,16384,1675,1.184,1.182,1.177,1.162,1.196,1.181,1.188,1.178,1.207,1.167,1.177,1.167,1.207,1.182,1.207,1.101,0.846,2992.7,4688.5,4688.5,4688.5,4688.5,4688.5,4688.5,3591.2,1097.3,1097.3,3591.2,1097.3,1097.3,1097.3,1097.3,99.8,4090.0,389.7,82.1,843.3,592.8,0.3,5.0,2327.9,3524.1,0.3,209.8,0.2,85.1,0.1,5.4,68.7,43.4,2.4,1.0,0.6,0.5,0.5,486.9,10.1,2.8,23.0,16.1,0.0,0.0,51.8,74.8,8.3,4.1,13.2,1.0,0.0,0.0,5.3,2.3,0.0,0.0,0.0,0.0,0.0,74.8,10.1,100.0,15.1,3.4,33.5,23.5,0.0,0.4,89.3,134.3,0.0,8.2,0.0,3.3,0.0,0.3,3.7,2.3,0.2,0.1,0.1,0.1,0.1,15.1,30.0,47.0,47.0,47.0,47.0,47.0,47.0,36.0,11.0,11.0,36.0,11.0,11.0,11.0,11.0,41.0,63,63,66,70,70,61,57,62,61,61,63,62,62,62,62,37,37,34,30,30,39,43,38,39,39,37,38,38,38,38,76,70,No,No,No,No,No,No,No,No,No,No,No,No,No,No,No,No,No,No,No,No,No,No,No,No,No,No,No,No,No,No,No,No,No,No,No,No,No,No,No,No,No,No,No,No,No,No,No,No,76,74,66,1.100,8.438,20.074,13.486,0.001,5.212,0.488,175.0,175.0,175.0,175.0,0,0.0,9.3,3.1,23.3,16.4,0.0,0.2,51.9,74.8,0.0,5.1,0.0,2.1,0.0,0.5,5.5,3.3,0.2,0.1,0.1,0.0,0.1,5.6,21.5,13.0,20.4,23.3,0.8,0.0,0.0,0.0,0.0,0.0,0.0,0.0,0.0,0.0,56.9,0.0,0.0,6.6,1.2,0.0,0.0,99.4,94.1,96.5,99.7,99.7,99.8,99.8,99.8,53.5,46.6,66.1,17.9,0.0,92.8,97.5,2394.1,24.00,36,35,35,68,103,383,2,2,Yes,No,No,No,No,No,No,No,No,No,Yes,No,No,No,No,No,No,No,No,No,No,No,No,No,No,No,No,Yes,No,No,No,No,No,No,No,Yes,No,No,82.0,4440,4500,4320,57.8,1.095,1.110,1.800,1.815,1.005,5.110,0.875,No,No,No,58.0,1.095,1.110,1.800,1.815,1.005,5.110,0.750,No,No,No,41,41,94.0,100.0,No,No,32159,47987,36,70,99.0,100.0,No,No,1844,3246,0.0,1.5,1.5,0.000,0.074,96547,53138,0.0,0.0,0.0,0.000,0.000,164001,82786,78.6,72.0,87.2,83.0,0.875,20.594,20.575,20.613,82.649,39.644,61.252,15.617,77.032,3.000,18.611,50.858,51.139,100.000,140.000,2250.0,2150.2,1890.0,2239.0,1905.0,86.0,24.0,0.0,0.0,49.0,21.5,86.1,0.0,0.0,0.0,Yes,No,No,No,No,Yes,No,0,0,0,0,0,0,0,0,0,0,0,0,0,0,0,0,0,0,0,0,0,0,0,0,0,0,0,0,0,0,4174,4014,3783,85,16.0,64,0.300,20.522,700.0,2394.0,0.3,0.1,0.0,0.0,0.1,0.0,0.0,0.0,0.0,2,16190,2,No,No,No,No,No,No,No,No,16.746,68.277,100.0,0.000,24.1,0,0,0,0.0,42.8,44.4,40.5,40.1,40.1,40.1,42.8,43.1,42.5,42.4,42.4,42.4,23.36,23.53,23.13,23.10,23.55,23.55,20.22,3.14,5.62,17.75,0.12,661,9,0.2,0.2,0,0,0.0,0.0,0,
9.6.2026,14:27:59.938,15740,33028,32.2,12081,20303,37.3,10.2,16384,1675,1.192,1.174,1.193,1.198,1.193,1.155,1.170,1.165,1.195,1.208,1.208,1.208,1.208,1.208,1.212,1.101,0.846,2387.0,4489.0,4688.5,4688.5,4688.5,1396.6,4688.5,1097.3,1097.3,1097.3,1097.3,1097.3,1097.3,1097.3,1097.3,99.8,4090.0,394.6,82.5,874.2,671.8,0.5,4.9,1906.4,3919.3,0.2,250.4,0.1,79.4,0.1,0.8,48.6,30.6,20.9,0.7,0.5,0.5,0.5,493.2,10.4,3.4,24.2,18.3,0.0,0.9,44.3,83.0,11.7,7.1,6.5,1.8,0.0,0.0,3.4,2.5,1.7,0.0,0.0,0.0,0.0,83.0,10.4,100.0,15.3,3.4,34.8,26.6,0.0,0.4,73.5,149.3,0.0,9.7,0.0,3.1,0.0,0.1,2.7,1.7,1.1,0.1,0.0,0.0,0.1,15.3,23.9,45.0,47.0,47.0,47.0,14.0,47.0,11.0,11.0,11.0,11.0,11.0,11.0,11.0,11.0,41.0,63,63,67,64,72,61,62,61,61,61,62,62,62,62,62,37,37,33,36,28,39,38,39,39,39,38,38,38,38,38,75,72,No,No,No,No,No,No,No,No,No,No,No,No,No,No,No,No,No,No,No,No,No,No,No,No,No,No,No,No,No,No,No,No,No,No,No,No,No,No,No,No,No,No,No,No,No,No,No,No,76,72,66,1.100,7.594,20.376,13.786,0.002,5.212,0.488,175.0,175.0,175.0,175.0,0,0.0,9.5,3.4,24.2,18.4,0.0,0.2,44.3,82.9,0.0,6.4,0.0,1.8,0.0,0.1,3.4,2.5,1.7,0.1,0.1,0.0,0.1,4.4,19.5,16.5,8.2,16.3,0.6,0.0,0.0,0.0,0.0,0.0,0.0,0.0,0.0,0.0,57.4,0.0,0.0,13.0,0.2,0.0,0.0,99.8,96.3,97.3,98.1,99.8,99.8,99.8,99.8,54.3,46.8,59.7,29.8,0.0,91.5,97.8,2394.1,24.00,36,35,35,68,103,383,2,2,Yes,No,No,No,No,No,No,No,No,No,Yes,No,No,No,No,No,No,No,No,No,No,No,No,No,No,No,No,Yes,No,No,No,No,No,No,No,Yes,No,No,83.0,4500,4500,4260,57.8,1.095,1.110,1.800,1.815,1.005,5.110,0.750,No,No,No,58.0,1.095,1.110,1.800,1.815,1.005,5.110,0.750,No,No,No,41,41,94.0,100.0,No,No,32159,47987,36,70,99.0,100.0,No,No,1844,3246,0.0,0.8,0.8,0.000,0.024,96547,53139,0.0,0.0,0.0,0.000,0.000,164001,82786,79.8,72.0,89.1,83.0,0.875,20.585,20.564,20.605,81.673,40.000,64.361,15.526,80.031,3.000,18.514,54.945,43.619,100.000,140.000,2250.0,2150.2,1890.0,2231.2,1905.0,86.0,25.0,0.0,1.0,49.0,21.2,84.9,0.0,0.0,0.0,Yes,No,No,No,No,Yes,No,0,0,0,0,0,0,0,0,0,0,0,0,0,0,0,0,0,0,0,0,0,0,0,0,0,0,0,0,0,0,4174,4014,3783,85,16.0,65,0.300,20.494,700.0,2394.0,0.3,0.1,0.0,0.0,0.1,0.0,0.0,0.0,0.0,2,16190,2,No,No,No,No,No,No,No,No,16.745,68.277,100.0,0.000,24.1,0,0,0,0.0,42.7,45.5,40.2,40.1,40.1,40.1,42.6,43.2,40.4,39.9,39.9,39.9,23.45,24.78,23.08,23.06,25.10,25.10,20.32,3.13,6.15,17.30,0.29,661,9,0.2,0.3,0,0,0.0,0.0,0,
9.6.2026,14:28:1.933,15741,33027,32.2,12080,20303,37.3,10.2,16384,1675,1.192,1.170,1.220,1.176,1.211,1.181,1.211,1.190,1.190,1.190,1.186,1.196,1.196,1.196,1.176,1.101,0.846,2643.5,1396.6,4688.5,1396.6,4688.5,1396.6,4688.5,1097.3,1097.3,1097.3,1097.3,3591.2,3591.2,3591.2,3591.2,99.8,4090.0,402.0,86.8,916.6,715.7,0.4,4.4,1740.7,3899.8,0.3,381.9,0.2,141.4,0.4,1.5,73.4,63.3,9.4,1.0,0.6,0.6,1.4,502.3,10.4,3.2,25.5,20.0,4.5,1.7,39.8,83.3,0.0,9.3,0.0,4.1,0.0,0.9,5.5,5.7,1.3,0.1,0.8,0.8,0.9,83.3,10.4,100.0,15.7,3.5,36.4,28.3,0.0,0.4,67.3,148.5,0.0,14.8,0.0,5.5,0.0,0.1,4.1,3.4,0.5,0.1,0.1,0.1,0.1,15.7,26.5,14.0,47.0,14.0,47.0,14.0,47.0,11.0,11.0,11.0,11.0,36.0,36.0,36.0,36.0,41.0,63,63,66,63,72,61,62,62,62,62,62,62,62,62,62,37,37,34,37,28,39,38,38,38,38,38,38,38,38,38,76,72,No,No,No,No,No,No,No,No,No,No,No,No,No,No,No,No,No,No,No,No,No,No,No,No,No,No,No,No,No,No,No,No,No,No,No,No,No,No,No,No,No,No,No,No,No,No,No,No,76,71,66,1.100,17.719,20.620,14.037,0.001,5.208,0.489,175.0,175.0,175.0,175.0,0,0.0,9.8,3.2,25.4,20.0,0.0,0.1,39.7,83.2,0.0,9.3,0.0,3.4,0.0,0.1,5.4,4.9,0.5,0.1,0.0,0.0,0.1,4.4,20.5,15.6,8.1,16.2,1.2,0.6,0.0,0.0,0.0,0.0,0.0,0.0,0.0,0.0,57.0,0.0,0.8,9.7,0.0,0.0,0.0,99.7,94.1,94.8,99.3,99.8,99.8,99.8,99.8,54.0,45.3,58.5,37.5,0.0,87.4,95.2,2394.1,24.00,36,35,35,68,103,383,2,2,Yes,No,No,No,No,No,No,No,No,No,Yes,No,No,No,No,No,No,No,No,No,No,No,No,No,No,No,No,Yes,No,No,No,No,No,No,No,Yes,No,No,83.0,4440,4560,4320,57.8,1.110,1.110,1.800,1.815,1.005,5.110,0.875,No,No,No,58.0,1.110,1.110,1.800,1.815,1.005,5.110,0.625,No,No,No,41,41,94.0,100.0,No,No,32159,47987,37,70,99.0,100.0,No,No,1844,3246,0.0,0.7,0.7,0.000,0.106,96547,53139,0.0,0.0,0.0,0.000,0.000,164001,82786,78.3,72.0,87.2,83.0,0.875,20.565,20.542,20.587,81.699,38.402,64.982,15.633,80.784,3.000,18.640,42.587,43.190,100.000,140.000,2250.0,2150.2,1890.0,2232.3,1905.0,85.0,25.0,0.0,0.0,49.0,21.4,85.6,0.0,0.0,0.0,Yes,No,No,No,No,Yes,No,0,0,0,0,0,0,0,0,0,0,0,0,0,0,0,0,0,0,0,0,0,0,0,0,0,0,0,0,0,0,4174,4014,3783,85,16.0,64,0.300,21.975,700.0,2394.0,0.3,0.1,0.0,0.0,0.1,0.0,0.0,0.0,0.0,2,16190,2,No,No,No,No,No,No,No,No,16.747,68.277,100.0,0.000,24.1,0,0,0,0.0,43.4,45.6,41.5,41.3,41.3,41.3,43.4,43.7,43.1,43.1,43.1,43.1,23.04,23.20,22.84,22.83,23.20,23.20,19.87,3.17,6.16,16.88,0.10,661,9,0.1,0.2,0,0,0.0,0.0,0,
9.6.2026,14:28:3.933,15737,33031,32.2,12078,20306,37.2,10.2,16384,1675,1.175,1.159,1.140,1.170,1.130,1.140,1.145,1.196,1.196,1.196,1.161,1.194,1.209,1.209,1.209,1.063,0.846,2301.5,4489.0,1396.6,4688.5,4489.0,4489.0,1396.6,1097.3,1097.3,1097.3,1097.3,3591.2,1097.3,1097.3,1097.3,99.8,3890.5,408.1,82.4,1065.3,560.9,0.4,5.2,2141.1,3763.2,0.2,280.8,0.2,47.3,0.3,6.2,73.4,72.0,48.1,3.6,10.4,0.6,0.7,509.2,10.3,3.6,29.5,16.7,6.6,0.0,48.4,81.1,0.0,6.9,0.0,0.0,0.0,0.0,5.2,4.4,2.9,0.2,0.0,0.0,0.0,81.1,10.3,100.0,16.0,3.4,42.3,22.7,0.0,0.4,82.5,143.4,0.0,10.9,0.0,1.9,0.0,0.4,4.0,3.9,2.6,0.2,0.6,0.1,0.1,16.0,23.1,45.0,14.0,47.0,45.0,45.0,14.0,11.0,11.0,11.0,11.0,36.0,11.0,11.0,11.0,39.0,63,63,64,70,60,66,60,62,62,62,62,62,62,62,62,37,37,36,30,40,34,40,38,38,38,38,38,38,38,38,76,70,No,No,No,No,No,No,No,No,No,No,No,No,No,No,No,No,No,No,No,No,No,No,No,No,No,No,No,No,No,No,No,No,No,No,No,No,No,No,No,No,No,No,No,No,No,No,No,No,76,71,66,1.100,15.188,20.778,14.163,0.001,5.238,0.490,175.0,175.0,175.0,175.0,0,0.0,10.1,3.6,29.4,16.7,0.0,0.2,48.4,80.9,0.0,6.9,0.0,1.4,0.0,0.3,5.2,5.1,3.6,0.2,0.8,0.1,0.1,5.4,20.2,20.0,16.0,18.5,1.0,0.0,0.0,0.0,0.0,0.0,0.0,0.0,0.0,0.0,57.3,0.0,0.0,19.8,0.0,0.0,0.0,99.5,94.3,94.5,96.2,99.6,99.0,99.8,99.8,49.9,40.8,58.0,12.2,0.0,90.3,98.1,2394.1,24.00,36,35,35,68,103,383,2,2,Yes,No,No,No,No,No,No,No,No,No,Yes,No,No,No,No,No,No,No,No,No,No,No,No,No,No,No,No,Yes,No,No,No,No,No,No,No,Yes,No,No,82.0,4500,4680,4380,57.8,1.110,1.110,1.800,1.815,1.005,5.110,0.750,No,No,No,58.0,1.110,1.110,1.800,1.815,1.005,5.110,1.500,No,No,No,41,41,94.0,100.0,No,No,32159,47987,36,70,99.0,100.0,No,No,1844,3246,0.1,0.6,0.8,0.002,0.040,96547,53139,0.0,0.0,0.0,0.000,0.000,164001,82786,79.2,74.0,88.1,83.0,0.875,20.569,20.548,20.591,81.567,34.110,63.759,15.843,79.768,3.000,18.844,10.646,46.908,100.000,140.000,2250.0,2150.2,1890.0,2231.7,1905.0,85.0,25.0,0.0,0.0,49.0,21.3,85.1,0.0,0.0,0.0,Yes,No,No,No,No,Yes,No,0,0,0,0,0,0,0,0,0,0,0,0,0,0,0,0,0,0,0,0,0,0,0,0,0,0,0,0,0,0,4174,4014,3783,85,16.0,66,0.300,20.264,700.0,2394.0,0.3,0.1,0.0,0.0,0.1,0.0,0.0,0.0,0.0,3,16188,2,No,No,No,No,No,No,No,No,16.747,68.277,100.0,0.000,24.1,0,0,0,0.0,43.7,45.5,42.2,42.0,42.0,42.0,43.7,44.1,43.4,43.4,43.4,43.4,22.88,23.15,22.69,22.69,23.16,23.16,19.74,3.15,6.09,16.80,0.11,661,9,0.2,0.4,0,0,0.0,0.0,0,
9.6.2026,14:28:5.938,15749,33019,32.2,12083,20301,37.3,10.2,16384,1675,1.197,1.196,1.170,1.185,1.185,1.200,1.175,1.199,1.199,1.199,1.207,1.217,1.217,1.217,1.192,1.101,0.846,3113.8,4688.5,1396.6,4688.5,4688.5,4688.5,4688.5,1097.3,1097.3,1097.3,1097.3,3591.2,3591.2,3591.2,3591.2,99.8,4090.0,421.0,83.7,999.6,631.5,0.4,3.6,2048.3,3808.4,0.2,430.7,0.3,185.5,0.2,1.6,111.5,80.1,30.5,1.0,0.6,0.6,1.3,526.0,12.3,3.4,31.2,20.6,0.0,2.4,51.2,84.2,11.1,11.3,7.9,7.1,0.0,0.1,7.1,5.8,1.9,0.0,0.0,0.0,0.1,84.2,12.3,100.0,16.5,3.4,40.1,25.7,0.0,0.3,79.0,145.0,0.0,16.9,0.0,7.2,0.0,0.1,6.1,4.3,1.7,0.1,0.1,0.1,0.1,16.5,31.2,47.0,14.0,47.0,47.0,47.0,47.0,11.0,11.0,11.0,11.0,36.0,36.0,36.0,36.0,41.0,63,60,62,69,72,63,62,61,61,61,61,62,62,62,62,37,40,38,31,28,37,38,39,39,39,39,38,38,38,38,76,72,No,No,No,No,No,No,No,No,No,No,No,No,No,No,No,No,No,No,No,No,No,No,No,No,No,No,No,No,No,No,No,No,No,No,No,No,No,No,No,No,No,No,No,No,No,No,No,No,76,69,65,1.100,10.125,21.826,15.242,0.001,5.233,0.491,175.0,175.0,175.0,175.0,0,0.0,11.1,3.4,31.1,20.7,0.0,0.1,51.0,84.1,0.0,11.3,0.0,5.0,0.0,0.1,7.8,5.8,1.9,0.1,0.1,0.0,0.1,5.7,18.5,18.4,24.4,15.1,3.0,0.7,0.0,0.0,0.0,0.0,0.0,0.0,0.0,0.0,56.7,1.0,0.0,10.0,0.2,0.0,0.0,99.8,91.5,93.9,97.9,99.7,99.8,99.8,99.8,46.9,39.8,54.5,11.5,0.0,82.3,93.0,2394.1,24.00,36,35,35,68,103,383,2,2,Yes,No,No,No,No,No,No,No,No,No,Yes,No,No,No,No,No,No,No,No,No,No,No,No,No,No,No,No,Yes,No,No,No,No,No,No,No,Yes,No,No,83.0,4440,4680,4380,57.8,1.110,1.110,1.800,1.815,1.005,5.110,1.000,No,No,No,58.0,1.110,1.110,1.800,1.815,1.005,5.110,0.750,No,No,No,41,41,94.0,100.0,No,No,32159,47987,36,70,99.0,100.0,No,No,1844,3246,0.0,1.1,1.1,0.000,0.061,96547,53139,0.0,0.0,0.0,0.000,0.000,164001,82786,78.9,74.0,87.8,83.0,0.875,20.577,20.557,20.597,81.295,41.153,61.466,15.993,77.610,3.000,18.981,66.998,44.022,100.000,140.000,2250.0,2150.2,1890.0,2231.9,1905.0,85.0,24.0,0.0,0.0,49.0,21.3,85.3,0.0,0.0,0.0,Yes,No,No,No,No,Yes,No,0,0,0,0,0,0,0,0,0,0,0,0,0,0,0,0,0,0,0,0,0,0,0,0,0,0,0,0,0,0,4174,4014,3783,85,16.0,65,0.300,22.873,700.0,2394.0,0.3,0.1,0.0,0.0,0.1,0.0,0.0,0.0,0.0,2,16190,2,No,No,No,No,No,No,No,No,16.746,68.277,100.0,0.000,24.1,0,0,0,0.0,43.5,45.5,40.9,40.3,40.2,40.2,43.5,44.0,41.0,40.3,40.2,40.2,23.01,24.41,22.68,22.68,24.91,24.91,19.90,3.11,6.07,16.94,0.27,661,9,4.1,1.1,0,0,0.0,0.0,0,
9.6.2026,14:28:7.940,15735,33033,32.2,12073,20311,37.2,10.2,16384,1675,1.184,1.195,1.154,1.159,1.173,1.138,1.188,1.203,1.213,1.208,1.187,1.187,1.207,1.187,1.183,1.101,0.846,2109.1,1396.6,4688.5,4688.5,1396.6,1396.6,4688.5,1097.3,1097.3,3591.2,1097.3,1097.3,1097.3,1097.3,1097.3,99.8,4090.0,394.7,84.3,936.4,662.4,0.5,4.9,1723.9,3988.9,0.2,309.0,0.2,84.5,0.1,14.9,54.7,25.0,1.4,0.8,0.5,0.5,0.6,493.2,10.8,4.4,27.3,19.6,5.1,2.3,40.0,84.7,0.0,7.8,3.6,2.6,0.0,2.6,4.8,3.1,1.5,1.5,1.5,1.5,1.5,84.7,10.8,100.0,15.3,3.5,37.2,26.5,0.0,0.4,66.4,152.0,0.0,12.0,0.0,3.3,0.0,0.8,3.0,1.4,0.1,0.1,0.1,0.1,0.1,15.3,21.1,14.0,47.0,47.0,14.0,14.0,47.0,11.0,11.0,36.0,11.0,11.0,11.0,11.0,11.0,41.0,63,68,63,74,62,63,60,61,61,61,61,61,61,61,61,37,32,37,26,38,37,40,39,39,39,39,39,39,39,39,76,74,No,No,No,No,No,No,No,No,No,No,No,No,No,No,No,No,No,No,No,No,No,No,No,No,No,No,No,No,No,No,No,No,No,No,No,No,No,No,No,No,No,No,No,No,No,No,No,No,76,74,64,1.100,6.750,21.345,14.690,0.001,5.235,0.494,175.0,175.0,175.0,175.0,0,0.0,9.5,3.8,26.8,19.1,0.0,0.2,39.6,84.3,0.0,7.2,0.0,1.9,0.0,1.2,3.5,1.7,0.1,0.1,0.1,0.1,0.1,4.3,19.9,20.8,2.9,15.1,1.2,0.0,0.0,0.0,0.0,0.0,0.0,0.0,0.0,0.0,56.9,0.0,0.0,4.4,0.0,0.0,0.0,98.6,96.1,98.1,99.8,99.7,99.8,99.8,99.8,55.5,43.9,54.0,47.4,0.0,89.9,97.5,2394.1,24.00,36,35,35,68,103,383,2,2,Yes,No,No,No,No,No,No,No,No,No,Yes,No,No,No,No,No,No,No,No,No,No,No,No,No,No,No,No,Yes,No,No,No,No,No,No,No,Yes,No,No,82.0,4500,4680,4380,57.8,1.110,1.110,1.800,1.815,1.005,5.110,0.625,No,No,No,58.0,1.110,1.110,1.800,1.815,1.005,5.110,0.625,No,No,No,41,41,94.0,100.0,No,No,32159,47987,36,70,99.0,100.0,No,No,1844,3246,0.0,0.6,0.6,0.000,0.053,96547,53139,0.0,0.0,0.0,0.000,0.000,164001,82786,79.2,72.0,88.8,83.0,0.875,20.582,20.562,20.602,81.215,39.531,63.784,15.689,79.607,3.000,18.676,52.483,43.479,100.000,140.000,2250.0,2150.2,1890.0,2231.6,1905.0,85.0,25.0,0.0,0.0,49.0,21.4,85.6,0.0,0.0,0.0,Yes,No,No,No,No,Yes,No,0,0,0,0,0,0,0,0,0,0,0,0,0,0,0,0,0,0,0,0,0,0,0,0,0,0,0,0,0,0,4174,4014,3783,85,16.0,64,0.300,21.418,700.0,2394.0,0.3,0.1,0.0,0.0,0.1,0.0,0.0,0.0,0.0,2,16190,2,No,No,No,No,No,No,No,No,16.746,68.277,100.0,0.000,24.1,0,0,0,0.0,43.7,45.4,41.8,41.6,41.6,41.6,43.8,44.2,43.4,43.3,43.3,43.3,22.85,23.09,22.64,22.64,23.11,23.11,19.68,3.17,5.97,16.88,0.11,661,9,0.2,0.3,0,0,0.0,0.0,0,
9.6.2026,14:28:9.945,15731,33037,32.2,12071,20312,37.2,10.2,16384,1675,1.172,1.192,1.159,1.174,1.159,1.144,1.169,1.188,1.188,1.178,1.173,1.168,1.172,1.187,1.159,1.101,0.846,2151.9,4688.5,1396.6,4688.5,4688.5,1396.6,4489.0,1097.3,1097.3,1097.3,1097.3,1097.3,1097.3,1097.3,1097.3,99.8,4090.0,394.6,82.9,1021.0,592.3,0.3,5.4,2082.8,3697.7,0.2,316.7,0.1,62.3,0.1,0.5,24.5,1.8,0.7,0.8,0.5,0.4,0.5,493.1,9.1,2.9,27.8,16.8,0.4,0.0,47.2,78.3,0.4,6.3,0.4,0.3,0.4,0.0,0.0,0.0,0.0,0.0,0.0,0.0,0.0,78.3,9.1,100.0,15.3,3.4,40.5,23.7,0.0,0.5,80.3,140.7,0.0,12.2,0.0,2.4,0.0,0.1,1.4,0.1,0.1,0.1,0.0,0.0,0.0,15.3,21.6,47.0,14.0,47.0,47.0,14.0,45.0,11.0,11.0,11.0,11.0,11.0,11.0,11.0,11.0,41.0,62,66,65,63,68,60,60,62,61,61,61,62,62,61,62,38,34,35,37,32,40,40,38,39,39,39,38,38,39,38,76,68,No,No,No,No,No,No,No,No,No,No,No,No,No,No,No,No,No,No,No,No,No,No,No,No,No,No,No,No,No,No,No,No,No,No,No,No,No,No,No,No,No,No,No,No,No,No,No,No,76,71,64,1.100,8.438,21.523,14.926,0.002,5.219,0.488,175.0,175.0,175.0,175.0,0,0.0,9.3,3.2,28.0,17.1,0.0,0.2,47.2,78.3,0.0,7.3,0.0,1.4,0.0,0.1,1.8,0.1,0.1,0.1,0.0,0.0,0.1,5.0,17.1,18.4,13.2,21.0,0.0,0.0,0.0,0.0,0.0,0.0,0.0,0.0,0.0,0.0,58.1,0.0,0.0,17.2,0.0,0.0,0.0,99.8,97.9,99.7,99.8,99.8,99.8,99.8,99.8,52.1,45.4,59.2,18.6,0.0,91.4,98.2,2394.1,24.00,36,35,35,68,103,383,2,2,Yes,No,No,No,No,No,No,No,No,No,Yes,No,No,No,No,No,No,No,No,No,No,No,No,No,No,No,No,Yes,No,No,No,No,No,No,No,Yes,No,No,83.0,4500,4680,4380,58.0,1.110,1.110,1.800,1.815,1.005,5.110,0.750,No,No,No,58.0,1.110,1.110,1.800,1.815,1.005,5.110,0.750,No,No,No,41,41,94.0,100.0,No,No,32159,47987,36,70,99.0,100.0,No,No,1844,3246,0.0,1.2,1.2,0.000,0.022,96547,53139,0.0,0.0,0.0,0.000,0.000,164001,82786,80.9,72.0,90.9,83.0,0.875,20.568,20.546,20.589,84.665,36.662,64.527,15.553,80.257,3.000,18.539,24.194,50.562,100.000,140.000,2250.0,2150.2,1890.0,2230.9,1905.0,87.0,24.0,0.0,0.0,48.6,21.2,85.0,0.0,0.0,0.0,Yes,No,No,No,No,Yes,No,0,0,0,0,0,0,0,0,0,0,0,0,0,0,0,0,0,0,0,0,0,0,0,0,0,0,0,0,0,0,4207,3981,3750,84,16.0,64,0.300,20.904,700.0,2394.0,0.2,0.1,0.0,0.0,0.1,0.0,0.0,0.0,0.0,2,16189,4,No,No,No,No,No,No,No,No,16.746,68.277,100.0,0.000,24.1,0,0,0,0.0,43.5,45.2,42.2,42.1,42.1,42.1,43.6,43.9,43.3,43.3,43.3,43.3,22.94,23.19,22.77,22.76,23.24,23.24,19.77,3.17,5.83,17.11,0.12,661,9,0.3,0.3,0,0,0.0,0.0,0,
9.6.2026,14:28:11.948,15719,33049,32.2,12077,20307,37.2,10.2,16384,1675,1.185,1.207,1.160,1.185,1.200,1.175,1.205,1.180,1.175,1.175,1.182,1.182,1.172,1.182,1.207,1.063,0.846,3277.7,4688.5,1396.6,4688.5,4688.5,4489.0,4688.5,3591.2,1097.3,1097.3,3591.2,3591.2,1097.3,3591.2,3591.2,99.8,3890.5,383.7,88.0,958.9,530.9,0.5,6.1,1827.5,3860.2,0.3,248.7,0.2,124.9,0.2,0.6,17.2,5.7,1.3,1.1,0.6,0.7,1.3,479.5,10.0,3.7,27.3,16.0,3.2,3.3,41.6,81.9,0.0,6.8,0.0,3.8,0.0,1.0,4.3,1.4,1.0,1.0,1.0,1.0,1.0,81.9,10.0,100.0,14.9,3.6,38.1,21.4,0.0,0.5,70.5,147.0,0.0,9.7,0.0,4.8,0.0,0.1,1.0,0.3,0.1,0.1,0.1,0.1,0.1,14.9,32.9,47.0,14.0,47.0,47.0,45.0,47.0,36.0,11.0,11.0,36.0,36.0,11.0,36.0,36.0,39.0,63,66,68,67,68,62,60,62,62,62,62,62,62,62,62,37,34,32,33,32,38,40,38,38,38,38,38,38,38,38,76,68,No,No,No,No,No,No,No,No,No,No,No,No,No,No,No,No,No,No,No,No,No,No,No,No,No,No,No,No,No,No,No,No,No,No,No,No,No,No,No,No,No,No,No,No,No,No,No,No,76,72,65,1.100,13.500,21.958,15.368,0.002,5.221,0.486,175.0,175.0,175.0,175.0,0,0.0,9.0,3.6,27.2,15.8,0.0,0.2,41.5,81.8,0.0,5.9,0.0,2.9,0.0,0.0,1.2,0.4,0.1,0.1,0.0,0.0,0.1,4.5,19.0,17.2,9.7,15.7,0.9,0.0,0.0,0.0,0.0,0.0,0.0,0.0,0.0,0.0,58.0,0.1,0.0,12.8,1.9,0.0,0.0,99.8,98.5,99.4,99.8,99.8,99.8,99.8,99.8,54.2,44.2,61.9,31.2,0.0,91.6,96.5,2394.1,24.00,36,35,35,68,103,383,2,2,Yes,No,No,No,No,No,No,No,No,No,Yes,No,No,No,No,No,No,No,No,No,No,No,No,No,No,No,No,Yes,No,No,No,No,No,No,No,Yes,No,No,83.0,4440,4620,4380,58.0,1.110,1.110,1.800,1.815,1.005,5.110,0.750,No,No,No,58.0,1.110,1.110,1.800,1.815,1.005,5.110,1.000,No,No,No,41,41,94.0,100.0,No,No,32159,47987,36,70,99.0,100.0,No,No,1844,3246,0.1,0.3,0.4,0.002,0.088,96547,53139,0.0,0.0,0.0,0.000,0.000,164001,82786,80.4,72.0,90.1,83.0,0.875,20.572,20.550,20.594,85.089,44.682,67.120,15.742,83.016,3.000,18.742,70.923,54.234,100.000,140.000,2250.0,2150.2,1890.0,2230.6,1905.0,86.0,25.0,0.0,0.0,48.6,21.3,85.1,0.0,0.0,0.0,Yes,No,No,No,No,Yes,No,0,0,0,0,0,0,0,0,0,0,0,0,0,0,0,0,0,0,0,0,0,0,0,0,0,0,0,0,0,0,4207,3981,3750,83,16.0,66,0.300,20.899,700.0,2394.0,0.3,0.1,0.0,0.0,0.1,0.0,0.0,0.0,0.0,2,16190,2,No,No,No,No,No,No,No,No,16.746,68.277,100.0,0.000,24.1,0,0,0,0.0,43.1,44.8,41.7,41.4,41.4,41.4,43.1,43.6,41.8,41.8,41.7,41.7,23.19,23.93,22.93,22.92,24.02,24.02,20.05,3.16,5.81,17.38,0.18,661,9,2.0,0.2,0,0,0.0,0.0,0,
9.6.2026,14:28:13.961,15691,33077,32.1,12065,20319,37.2,10.2,16384,1675,1.195,1.209,1.193,1.183,1.178,1.206,1.221,1.182,1.192,1.215,1.180,1.210,1.185,1.185,1.190,1.101,0.846,2800.3,4489.0,4688.5,4688.5,4688.5,4688.5,4688.5,1097.3,1097.3,1097.3,3591.2,1097.3,1097.3,1097.3,1097.3,99.8,4090.0,392.1,82.9,525.1,710.8,0.4,742.6,902.2,4114.6,0.2,478.8,0.2,182.7,0.2,1.1,15.2,47.3,34.8,0.8,0.5,0.5,0.5,489.9,8.3,3.6,15.5,20.8,0.0,17.2,0.0,87.2,0.0,11.6,0.0,4.4,0.0,0.0,0.0,2.7,2.1,0.0,0.0,0.0,0.0,87.2,8.3,100.0,15.2,3.3,21.2,28.3,0.0,28.9,35.0,156.7,0.0,18.6,0.0,7.1,0.0,0.1,0.9,2.1,1.4,0.1,0.1,0.1,0.1,15.2,28.1,45.0,47.0,47.0,47.0,47.0,47.0,11.0,11.0,11.0,36.0,11.0,11.0,11.0,11.0,41.0,62,63,68,63,67,59,58,61,62,63,62,62,62,62,62,38,37,32,37,33,41,42,39,38,37,38,38,38,38,38,76,68,No,No,No,No,No,No,No,No,No,No,No,No,No,No,No,No,No,No,No,No,No,No,No,No,No,No,No,No,No,No,No,No,No,No,No,No,No,No,No,No,No,No,No,No,No,No,No,No,76,72,64,1.100,10.969,20.351,13.768,0.001,5.202,0.483,175.0,175.0,175.0,175.0,0,0.0,9.4,3.5,15.3,20.8,0.0,17.1,20.8,87.0,0.0,11.5,0.0,4.3,0.0,0.1,0.9,3.3,2.8,0.1,0.1,0.1,0.1,4.0,11.6,16.6,11.0,12.5,3.5,0.8,0.0,0.0,0.0,0.0,0.0,0.0,0.0,0.0,57.1,0.0,0.0,7.4,0.0,0.0,0.0,99.8,98.9,96.4,97.1,99.8,99.8,99.8,99.8,55.9,64.7,56.4,38.2,0.0,82.1,94.1,2394.1,24.00,36,35,35,68,103,383,2,2,Yes,No,No,No,No,No,No,No,No,No,Yes,No,No,No,No,No,No,No,No,No,No,No,No,No,No,No,No,Yes,No,No,No,No,No,No,No,Yes,No,No,83.0,4500,4740,4380,58.0,1.095,1.110,1.800,1.815,1.005,5.110,0.625,No,No,No,58.0,1.110,1.110,1.800,1.815,1.005,5.110,0.875,No,No,No,41,41,94.0,100.0,No,No,32159,47987,37,70,99.0,100.0,No,No,1844,3246,0.0,1.4,1.4,0.000,0.039,96547,53139,0.0,0.0,0.0,0.000,0.000,164001,82786,80.0,74.0,89.4,83.0,0.875,20.572,20.551,20.594,84.900,40.150,67.229,15.845,83.221,3.000,18.831,47.519,45.407,100.000,140.000,2250.0,2150.2,1890.0,2231.0,1905.0,86.0,25.0,0.0,0.0,48.6,21.5,85.8,0.0,0.0,0.0,Yes,No,No,No,No,Yes,No,0,0,0,0,0,0,0,0,0,0,0,0,0,0,0,0,0,0,0,0,0,0,0,0,0,0,0,0,0,0,4207,3981,3750,83,16.0,66,0.300,20.119,700.0,2394.0,0.3,0.1,0.0,0.0,0.1,0.0,0.0,0.0,0.0,2,16190,2,No,No,No,No,No,No,No,No,16.746,68.277,100.0,0.000,24.1,0,0,0,0.0,43.0,44.9,41.3,41.2,41.2,41.2,43.0,43.4,42.3,42.1,42.1,42.1,23.27,23.65,23.04,23.03,23.76,23.76,20.10,3.17,5.90,17.37,0.15,661,9,0.1,0.2,0,0,0.0,0.0,0,
9.6.2026,14:28:15.971,15702,33066,32.1,12069,20315,37.2,10.2,16384,1675,1.171,1.180,1.202,1.207,1.231,1.181,1.181,1.186,1.173,1.161,1.183,1.162,1.122,1.112,1.112,1.063,0.846,3071.1,1396.6,4688.5,4688.5,4489.0,4489.0,4489.0,1097.3,1097.3,1097.3,1097.3,3591.2,3591.2,3591.2,3591.2,99.8,3890.5,400.4,151.6,28.6,980.4,0.5,2199.9,0.5,3656.6,0.3,544.4,0.3,299.0,0.3,26.2,1.8,54.5,59.7,1.0,0.6,0.6,1.2,500.3,10.2,6.0,1.2,28.5,0.0,50.3,0.0,78.6,0.0,13.7,4.5,7.2,0.0,1.8,0.9,4.6,3.2,0.9,0.8,0.8,0.9,78.6,10.2,100.0,15.6,6.1,1.6,39.1,0.0,85.2,0.0,139.3,0.0,21.4,0.0,11.7,0.0,1.2,0.1,3.3,3.1,0.1,0.1,0.1,0.1,15.6,30.8,14.0,47.0,47.0,45.0,45.0,45.0,11.0,11.0,11.0,11.0,36.0,36.0,36.0,36.0,39.0,64,64,62,64,74,61,62,62,62,62,62,64,64,64,64,36,36,38,36,26,39,38,38,38,38,38,36,36,36,36,76,74,No,No,No,No,No,No,No,No,No,No,No,No,No,No,No,No,No,No,No,No,No,No,No,No,No,No,No,No,No,No,No,No,No,No,No,No,No,No,No,No,No,No,No,No,No,No,No,No,76,72,65,1.100,22.782,20.921,14.361,0.001,5.194,0.484,175.0,175.0,175.0,175.0,0,0.0,9.8,5.9,1.1,28.4,0.0,50.2,0.0,78.6,0.0,13.7,0.0,7.2,0.0,2.1,0.1,4.0,4.9,0.1,0.0,0.0,0.1,5.5,3.3,22.1,25.5,17.7,7.2,1.7,0.0,0.0,0.0,0.0,0.0,0.0,0.0,0.0,56.9,0.0,0.0,7.2,2.3,0.0,0.0,97.7,99.7,95.5,94.9,99.8,99.8,99.8,99.8,50.9,86.6,42.2,13.0,0.2,74.8,88.9,2394.1,24.00,36,35,35,68,103,383,2,2,Yes,No,No,No,No,No,No,No,No,No,Yes,No,No,No,No,No,No,No,No,No,No,No,No,No,No,No,No,Yes,No,No,No,No,No,No,No,Yes,No,No,83.0,4500,4680,4380,58.0,1.095,1.110,1.800,1.815,1.005,5.110,0.625,No,No,No,58.0,1.095,1.110,1.800,1.815,1.005,5.110,1.125,No,No,No,41,41,94.0,100.0,No,No,32159,47987,36,70,99.0,100.0,No,No,1844,3246,0.0,1.2,1.2,0.000,0.099,96547,53139,0.0,0.0,0.0,0.000,0.000,164001,82786,81.0,74.0,90.9,83.0,0.875,20.575,20.555,20.595,84.709,38.537,63.951,15.766,79.868,3.000,18.749,37.769,50.655,100.000,140.000,2250.0,2150.2,1890.0,2230.8,1905.0,86.0,25.0,0.0,0.0,48.7,21.5,85.9,0.0,0.0,0.0,Yes,No,No,No,No,Yes,No,0,0,0,0,0,0,0,0,0,0,0,0,0,0,0,0,0,0,0,0,0,0,0,0,0,0,0,0,0,0,4201,3987,3756,83,16.0,64,0.300,22.286,700.0,2394.0,0.3,0.1,0.0,0.0,0.1,0.0,0.0,0.0,0.0,2,16190,2,No,No,No,No,No,No,No,No,16.746,68.277,100.0,0.000,24.1,0,0,0,0.0,43.8,45.5,42.0,42.0,42.0,42.0,43.7,44.9,42.7,42.6,42.6,42.6,22.85,23.24,22.21,22.18,23.26,23.26,19.72,3.14,5.87,16.98,0.18,661,9,0.4,0.2,0,0,0.0,0.0,0,
9.6.2026,14:28:17.974,15732,33035,32.2,12072,20312,37.2,10.2,16384,1675,1.190,1.238,1.178,1.173,1.223,1.173,1.172,1.218,1.157,1.157,1.152,1.202,1.202,1.202,1.204,1.101,0.846,2415.5,4688.5,4688.5,4688.5,4888.0,1396.6,4688.5,1097.3,1097.3,1097.3,1097.3,1097.3,1097.3,1097.3,1097.3,99.8,4090.0,406.4,163.7,28.6,889.5,0.4,2087.8,0.4,3804.4,0.3,515.2,0.3,387.2,0.8,15.5,19.9,113.8,98.0,0.9,0.5,0.6,0.6,507.9,15.7,7.8,1.2,28.6,18.0,49.4,21.5,81.8,24.7,13.4,18.5,9.5,18.0,2.2,1.7,7.4,9.6,0.0,0.0,0.1,0.1,81.8,15.7,100.0,16.0,7.0,1.6,36.1,0.0,80.8,0.0,145.4,0.0,20.3,0.0,15.1,0.0,1.1,1.1,6.3,5.8,0.1,0.1,0.1,0.1,16.0,24.2,47.0,47.0,47.0,49.0,14.0,47.0,11.0,11.0,11.0,11.0,11.0,11.0,11.0,11.0,41.0,64,66,64,74,62,63,60,62,62,62,62,64,64,64,64,36,34,36,26,38,37,40,38,38,38,38,36,36,36,36,76,74,No,No,No,No,No,No,No,No,No,No,No,No,No,No,No,No,No,No,No,No,No,No,No,No,No,No,No,No,No,No,No,No,No,No,No,No,No,No,No,No,No,No,No,No,No,No,No,No,76,72,66,1.100,7.594,20.381,13.783,0.001,5.223,0.487,175.0,175.0,175.0,175.0,0,0.0,10.6,7.7,1.1,28.6,0.0,49.4,0.0,81.5,0.0,13.5,0.0,9.6,0.0,1.1,1.7,8.6,7.9,0.1,0.1,0.1,0.1,5.7,5.7,24.9,20.4,17.3,7.9,3.6,0.0,0.0,0.0,0.0,0.0,0.0,0.0,0.0,56.6,0.0,0.0,13.8,0.0,0.0,0.0,98.7,98.1,90.8,91.8,99.7,99.8,99.8,99.8,48.2,81.3,38.4,12.0,0.0,73.6,83.9,2394.1,24.00,36,35,35,68,103,383,2,2,Yes,No,No,No,No,No,No,No,No,No,Yes,No,No,No,No,No,No,No,No,No,No,No,No,No,No,No,No,Yes,No,No,No,No,No,No,No,Yes,No,No,82.0,4560,4800,4440,58.0,1.095,1.110,1.815,1.815,1.005,5.110,0.625,No,No,No,58.0,1.095,1.110,1.800,1.815,1.005,5.110,0.875,No,No,No,41,41,94.0,100.0,No,No,32159,47987,36,70,99.0,100.0,No,No,1844,3246,0.0,1.4,1.4,0.000,0.101,96547,53140,0.0,0.0,0.0,0.000,0.000,164001,82786,80.2,72.0,89.5,83.0,0.875,20.563,20.541,20.584,84.763,35.224,67.295,15.056,82.502,3.000,18.049,11.013,49.651,100.000,140.000,2250.0,2150.2,1890.0,2231.2,1905.0,87.0,23.0,0.0,0.0,49.0,21.7,86.8,0.0,0.0,0.0,Yes,No,No,No,No,Yes,No,0,0,0,0,0,0,0,0,0,0,0,0,0,0,0,0,0,0,0,0,0,0,0,0,0,0,0,0,0,0,4174,4014,3782,85,16.0,66,0.300,20.675,700.0,2394.0,0.3,0.1,0.0,0.0,0.1,0.0,0.0,0.0,0.0,2,16190,2,No,No,No,No,No,No,No,No,16.746,68.277,100.0,0.000,24.1,0,0,0,0.0,37.5,40.8,34.5,34.0,34.0,34.0,37.6,37.8,37.4,37.4,37.4,37.4,26.62,26.77,26.43,26.40,26.78,26.78,23.61,3.00,6.18,20.43,0.08,661,9,8.5,2.5,0,0,0.0,0.0,0,
9.6.2026,14:28:19.958,15731,33036,32.2,12075,20308,37.2,10.2,16384,1675,1.205,1.189,1.200,1.185,1.212,1.224,1.224,1.199,1.224,1.199,1.196,1.206,1.206,1.206,1.206,1.063,0.846,3527.1,4489.0,4688.5,4688.5,4888.0,4688.5,4688.5,1097.3,3591.2,1097.3,1097.3,3591.2,3591.2,3591.2,3591.2,99.8,3890.5,390.2,120.9,28.8,931.6,0.3,1858.8,0.4,3940.5,0.4,538.9,0.3,246.8,0.2,14.2,0.5,50.9,67.2,0.8,0.5,0.5,0.9,487.5,12.1,5.0,1.2,27.2,19.5,43.1,15.2,83.8,0.0,13.6,0.0,6.3,17.9,0.3,0.0,4.7,3.6,0.1,0.0,0.0,0.0,83.8,12.1,100.0,15.2,4.9,1.6,37.2,0.0,71.9,0.0,150.3,0.0,21.2,0.0,9.6,0.0,0.8,0.0,2.6,2.9,0.1,0.0,0.0,0.0,15.2,35.4,45.0,47.0,47.0,49.0,47.0,47.0,11.0,36.0,11.0,11.0,36.0,36.0,36.0,36.0,39.0,63,64,67,64,72,61,62,61,61,61,62,62,62,62,62,37,36,33,36,28,39,38,39,39,39,38,38,38,38,38,76,72,No,No,No,No,No,No,No,No,No,No,No,No,No,No,No,No,No,No,No,No,No,No,No,No,No,No,No,No,No,No,No,No,No,No,No,No,No,No,No,No,No,No,No,No,No,No,No,No,78,78,66,1.100,16.031,22.245,15.640,0.002,5.229,0.484,175.0,175.0,175.0,175.0,0,0.0,9.5,5.0,1.1,27.2,0.0,43.1,0.0,83.7,0.0,13.6,0.0,6.3,0.0,1.1,0.0,3.6,5.5,0.1,0.0,0.0,0.1,4.2,1.3,21.0,14.8,15.1,6.3,0.2,0.0,0.0,0.0,0.0,0.0,0.0,0.0,0.0,57.2,0.0,0.0,12.5,0.0,0.0,0.0,98.7,99.8,96.0,94.3,99.8,99.8,99.8,99.8,54.5,89.7,44.4,24.5,0.0,76.4,91.9,2394.1,24.00,36,35,35,68,103,383,2,2,Yes,No,No,No,No,No,No,No,No,No,Yes,No,No,No,No,No,No,No,No,No,No,No,No,No,No,No,No,Yes,No,No,No,No,No,No,No,Yes,No,No,82.0,4620,4800,4440,58.0,1.095,1.110,1.815,1.815,1.005,5.110,0.875,No,No,No,58.0,1.095,1.110,1.815,1.815,1.005,5.110,0.875,No,No,No,41,41,94.0,100.0,No,No,32159,47987,36,70,99.0,100.0,No,No,1844,3246,0.0,0.4,0.4,0.000,0.034,96547,53140,0.0,0.0,0.0,0.000,0.000,164001,82786,80.1,74.0,89.4,83.0,0.875,20.583,20.563,20.603,84.128,37.731,64.551,15.319,80.023,3.000,18.315,26.737,56.172,100.000,140.000,2250.0,2150.2,1890.0,2230.9,1905.0,89.0,23.0,0.0,0.0,49.0,22.1,88.4,0.0,0.0,0.0,Yes,No,No,No,No,Yes,No,0,0,0,0,0,0,0,0,0,0,0,0,0,0,0,0,0,0,0,0,0,0,0,0,0,0,0,0,0,0,4174,4014,3782,86,16.0,65,0.300,20.654,700.0,2394.0,0.3,0.1,0.0,0.0,0.1,0.0,0.0,0.0,0.0,2,16190,5,No,No,No,No,No,No,No,No,16.745,68.277,100.0,0.000,24.1,0,0,0,0.0,37.6,39.5,36.0,35.8,35.7,35.7,37.6,37.7,37.4,37.4,37.4,37.4,26.60,26.84,26.43,26.43,26.88,26.88,23.58,3.01,6.40,20.19,0.10,661,9,0.2,0.3,0,0,0.0,0.0,0,
9.6.2026,14:28:21.959,15724,33044,32.2,12072,20311,37.2,10.2,16384,1675,1.166,1.162,1.178,1.178,1.179,1.179,1.149,1.149,1.159,1.159,1.159,1.168,1.168,1.168,1.173,1.063,0.846,3142.3,4489.0,4688.5,4688.5,4688.5,4688.5,4489.0,1097.3,3591.2,3591.2,3591.2,1097.3,1097.3,1097.3,1097.3,99.8,3890.5,383.3,110.4,27.1,924.8,0.3,1900.3,0.3,3811.1,0.2,516.1,0.2,313.0,0.1,2.9,7.3,19.3,30.2,0.8,0.4,0.4,0.5,479.0,9.7,4.2,1.3,27.0,0.0,43.9,0.0,81.0,7.9,12.6,4.5,7.2,0.0,0.2,0.0,1.5,3.5,0.0,0.0,0.0,0.0,81.0,9.7,100.0,14.9,4.3,1.5,36.6,0.0,73.5,0.0,145.4,0.0,20.0,0.0,12.1,0.0,0.2,0.4,1.4,2.4,0.1,0.0,0.0,0.1,14.9,31.5,45.0,47.0,47.0,47.0,47.0,45.0,11.0,36.0,36.0,36.0,11.0,11.0,11.0,11.0,39.0,64,65,67,69,67,66,63,63,63,63,63,62,62,62,62,36,35,33,31,33,34,37,37,37,37,37,38,38,38,38,76,69,No,No,No,No,No,No,No,No,No,No,No,No,No,No,No,No,No,No,No,No,No,No,No,No,No,No,No,No,No,No,No,No,No,No,No,No,No,No,No,No,No,No,No,No,No,No,No,No,76,74,64,1.100,16.031,20.617,14.041,0.002,5.204,0.482,175.0,175.0,175.0,175.0,0,0.0,9.1,4.2,1.2,27.0,0.0,43.8,0.0,80.9,0.0,12.8,0.0,7.3,0.0,0.2,0.5,1.2,2.4,0.1,0.0,0.0,0.1,3.9,0.5,19.3,10.6,17.6,6.5,0.6,0.0,0.0,0.0,0.0,0.0,0.0,0.0,0.0,57.3,0.0,0.0,7.4,0.4,0.0,0.0,99.7,99.4,98.5,97.5,99.8,99.8,99.8,99.8,56.4,91.2,46.7,32.8,0.0,77.0,90.6,2394.1,24.00,36,35,35,68,103,383,2,2,Yes,No,No,No,No,No,No,No,No,No,Yes,No,No,No,No,No,No,No,No,No,No,No,No,No,No,No,No,Yes,No,No,No,No,No,No,No,Yes,No,No,83.0,4500,4800,4440,58.0,1.095,1.110,1.815,1.815,0.990,5.110,0.875,No,No,No,58.0,1.095,1.110,1.815,1.815,1.005,5.110,0.750,No,No,No,41,41,94.0,100.0,No,No,32159,47987,36,70,99.0,100.0,No,No,1844,3246,0.0,1.6,1.6,0.000,0.099,96547,53140,0.0,0.0,0.0,0.000,0.000,164001,82786,80.1,72.0,89.5,83.0,0.875,20.593,20.574,20.612,83.115,41.657,62.911,15.636,78.698,3.000,18.635,67.292,45.431,100.000,140.000,2250.0,2150.2,1890.0,2230.0,1905.0,88.0,23.0,0.0,0.0,49.0,21.9,87.5,0.0,0.0,0.0,Yes,No,No,No,No,Yes,No,0,0,0,0,0,0,0,0,0,0,0,0,0,0,0,0,0,0,0,0,0,0,0,0,0,0,0,0,0,0,4174,4014,3782,87,16.0,64,0.300,19.604,700.0,2394.0,0.3,0.1,0.0,0.0,0.1,0.0,0.0,0.0,0.0,2,16190,2,No,No,No,No,No,No,No,No,16.746,68.277,100.0,0.000,24.1,0,0,0,0.0,37.8,39.6,36.4,36.3,36.3,36.3,37.9,38.3,37.5,37.5,37.5,37.5,26.43,26.80,26.16,26.14,26.87,26.87,23.29,3.12,6.46,19.97,0.12,661,9,0.1,0.2,0,0,0.0,0.0,0,
9.6.2026,14:28:23.968,15767,33001,32.3,12073,20311,37.2,10.2,16384,1675,1.199,1.186,1.219,1.187,1.206,1.205,1.196,1.196,1.196,1.202,1.206,1.201,1.201,1.186,1.199,1.063,0.846,2401.3,1396.6,4489.0,4888.0,4688.5,4688.5,4688.5,1097.3,1097.3,1097.3,1097.3,1097.3,1097.3,1097.3,1097.3,99.8,3890.5,380.8,99.3,9.1,900.3,0.3,1910.6,0.4,3892.6,0.2,506.0,0.2,249.3,0.1,3.2,0.4,23.7,18.6,0.7,0.4,0.4,0.5,475.9,10.7,4.3,0.0,25.7,2.3,44.8,0.0,82.4,0.0,12.5,3.1,6.0,24.7,1.7,0.8,1.1,1.9,0.8,0.8,0.8,0.8,82.4,10.7,100.0,14.7,3.9,0.5,35.8,0.0,74.0,0.0,148.3,0.0,19.6,0.0,9.7,0.0,0.1,0.0,1.0,0.4,0.1,0.0,0.0,0.0,14.7,24.1,14.0,45.0,49.0,47.0,47.0,47.0,11.0,11.0,11.0,11.0,11.0,11.0,11.0,11.0,39.0,64,63,67,65,72,66,62,63,63,62,62,62,62,62,62,36,37,33,35,28,34,38,37,37,38,38,38,38,38,38,76,72,No,No,No,No,No,No,No,No,No,No,No,No,No,No,No,No,No,No,No,No,No,No,No,No,No,No,No,No,No,No,No,No,No,No,No,No,No,No,No,No,No,No,No,No,No,No,No,No,76,72,65,1.100,9.281,19.923,13.323,0.001,5.210,0.484,175.0,175.0,175.0,175.0,0,0.0,9.0,4.3,0.5,25.6,0.0,44.7,0.0,82.3,0.0,12.7,0.0,6.0,0.0,0.2,0.0,1.4,1.4,0.1,0.0,0.0,0.1,4.4,0.0,17.8,20.2,17.1,6.0,0.0,0.0,0.0,0.0,0.0,0.0,0.0,0.0,0.0,58.1,0.0,0.0,17.8,0.0,0.0,0.0,99.7,99.8,98.2,98.5,99.8,99.8,99.8,99.8,54.6,93.9,50.0,13.4,0.0,77.7,92.7,2394.1,24.00,36,35,35,68,103,383,2,2,Yes,No,No,No,No,No,No,No,No,No,Yes,No,No,No,No,No,No,No,No,No,No,No,No,No,No,No,No,Yes,No,No,No,No,No,No,No,Yes,No,No,84.0,4560,4740,4440,58.0,1.095,1.110,1.815,1.815,0.990,5.110,0.750,No,No,No,58.0,1.095,1.110,1.815,1.815,0.990,5.110,1.000,No,No,No,41,41,94.0,100.0,No,No,32159,47987,36,70,99.0,100.0,No,No,1844,3246,0.0,0.2,0.2,0.000,0.000,96547,53140,0.0,0.0,0.0,0.000,0.000,164001,82786,79.2,72.0,88.1,83.0,0.875,20.586,20.566,20.605,82.814,37.334,64.125,15.630,79.908,3.000,18.624,37.627,42.427,100.000,140.000,2250.0,2150.2,1890.0,2230.8,1905.0,86.0,23.0,0.0,0.0,49.0,21.9,87.5,0.0,0.0,0.0,Yes,No,No,No,No,Yes,No,0,0,0,0,0,0,0,0,0,0,0,0,0,0,0,0,0,0,0,0,0,0,0,0,0,0,0,0,0,0,4174,4014,3782,87,16.0,64,0.307,20.929,700.0,2394.0,0.3,0.1,0.0,0.0,0.1,0.0,0.0,0.0,0.0,2,16190,2,No,No,No,No,No,No,No,No,16.746,68.277,100.0,0.000,24.1,0,0,0,0.0,38.3,40.8,35.9,35.5,35.4,35.4,38.4,41.1,38.0,37.9,37.9,37.9,26.09,26.32,25.78,25.74,26.36,26.36,23.02,3.08,6.60,19.49,0.23,661,9,0.1,0.2,0,0,0.0,0.0,0,
9.6.2026,14:28:25.972,15769,32999,32.3,12074,20310,37.2,10.2,16384,1675,1.204,1.180,1.175,1.193,1.203,1.177,1.203,1.228,1.228,1.203,1.214,1.213,1.213,1.213,1.213,1.101,0.846,3427.3,4489.0,1396.6,4688.5,4489.0,4688.5,4489.0,3591.2,3591.2,1097.3,1097.3,3591.2,3591.2,3591.2,3591.2,99.8,4090.0,391.3,99.5,0.2,1006.0,0.6,1694.9,0.5,4072.2,0.2,526.4,0.3,320.6,0.2,2.3,0.5,73.6,24.6,0.9,0.5,0.5,1.2,488.9,10.0,4.9,0.0,28.5,5.2,39.9,9.2,86.3,0.8,12.9,0.8,7.5,0.0,0.0,0.0,3.5,0.6,0.0,0.0,0.0,0.0,86.3,10.0,100.0,15.2,4.0,0.0,39.8,0.0,66.1,0.0,154.9,0.0,20.7,0.0,11.9,0.0,0.2,0.1,3.9,1.5,0.1,0.1,0.1,0.1,15.2,34.4,45.0,14.0,47.0,45.0,47.0,45.0,36.0,36.0,11.0,11.0,36.0,36.0,36.0,36.0,41.0,63,63,66,63,71,63,64,62,63,63,62,62,62,62,62,37,37,34,37,29,37,36,38,37,37,38,38,38,38,38,76,71,No,No,No,No,No,No,No,No,No,No,No,No,No,No,No,No,No,No,No,No,No,No,No,No,No,No,No,No,No,No,No,No,No,No,No,No,No,No,No,No,No,No,No,No,No,No,No,No,76,74,64,1.100,7.594,20.535,13.971,0.001,5.209,0.484,175.0,175.0,175.0,175.0,0,0.0,9.4,4.9,0.0,28.6,0.0,39.7,0.0,86.3,0.0,12.8,0.0,7.8,0.0,0.1,0.0,5.2,1.9,0.1,0.0,0.0,0.1,4.3,2.7,21.6,17.6,13.2,4.6,1.0,0.0,0.0,0.0,0.0,0.0,0.0,0.0,0.0,57.2,0.0,0.0,10.4,0.0,0.0,0.0,99.7,99.8,94.4,97.9,99.8,99.8,99.8,99.8,54.9,91.5,42.6,26.9,0.0,78.6,89.8,2394.1,24.00,36,35,35,68,103,383,2,2,Yes,No,No,No,No,No,No,No,No,No,Yes,No,No,No,No,No,No,No,No,No,No,No,No,No,No,No,No,Yes,No,No,No,No,No,No,No,Yes,No,No,83.0,4620,4800,4440,58.0,1.095,1.110,1.815,1.815,0.990,5.110,0.750,No,No,No,58.0,1.110,1.110,1.815,1.815,0.990,5.110,1.000,No,No,No,41,41,94.0,100.0,No,No,32159,47987,36,70,99.0,100.0,No,No,1844,3246,0.0,1.4,1.4,0.000,0.057,96547,53140,0.0,0.0,0.0,0.000,0.000,164001,82786,79.6,72.0,89.2,83.0,0.875,20.586,20.567,20.605,81.092,39.051,62.487,15.549,78.196,3.000,18.550,51.592,43.982,100.000,140.000,2250.0,2150.2,1890.0,2231.3,1905.0,88.0,23.0,0.0,0.0,49.1,21.6,86.4,0.0,0.0,0.0,Yes,No,No,No,No,Yes,No,0,0,0,0,0,0,0,0,0,0,0,0,0,0,0,0,0,0,0,0,0,0,0,0,0,0,0,0,0,0,4167,4021,3789,89,16.0,66,0.307,20.763,700.0,2394.0,0.3,0.1,0.0,0.0,0.1,0.0,0.0,0.0,0.0,2,16190,2,No,No,No,No,No,No,No,No,16.747,68.277,100.0,0.000,24.1,0,0,0,0.0,41.8,44.0,39.5,39.2,39.2,39.2,41.8,42.4,40.1,39.7,39.6,39.6,23.93,24.86,23.56,23.56,25.01,25.01,20.84,3.10,6.09,17.85,0.32,661,9,0.1,0.1,0,0,0.0,0.0,0,
9.6.2026,14:28:27.973,15736,33032,32.2,12075,20309,37.2,10.2,16384,1675,1.172,1.211,1.166,1.148,1.169,1.144,1.161,1.161,1.197,1.192,1.205,1.145,1.185,1.165,1.165,1.101,0.846,1895.4,4688.5,1396.6,1396.6,4688.5,4489.0,1396.6,1097.3,1097.3,1097.3,1097.3,798.0,1097.3,1097.3,1097.3,99.8,4090.0,395.2,99.7,0.2,892.5,0.3,2063.2,0.5,3760.6,0.2,629.8,0.3,350.3,0.1,8.9,0.5,66.8,27.3,0.7,0.5,0.4,0.5,493.8,11.7,4.7,0.0,26.2,10.1,47.8,6.1,80.9,10.0,15.4,10.1,9.3,0.0,1.7,0.3,6.6,3.7,0.3,0.3,0.3,0.3,80.9,11.7,100.0,15.4,3.9,0.0,35.8,0.0,79.6,0.0,143.6,0.0,24.7,0.0,13.8,0.0,0.5,0.1,4.1,2.0,0.1,0.0,0.0,0.1,15.4,19.0,47.0,14.0,14.0,47.0,45.0,14.0,11.0,11.0,11.0,11.0,8.0,11.0,11.0,11.0,41.0,63,64,63,73,68,59,65,61,61,61,61,62,62,62,62,37,36,37,27,32,41,35,39,39,39,39,38,38,38,38,76,73,No,No,No,No,No,No,No,No,No,No,No,No,No,No,No,No,No,No,No,No,No,No,No,No,No,No,No,No,No,No,No,No,No,No,No,No,No,No,No,No,No,No,No,No,No,No,No,No,76,71,66,1.100,10.969,20.471,13.876,0.002,5.221,0.485,175.0,175.0,175.0,175.0,0,0.0,9.7,5.1,0.0,26.5,0.0,48.2,0.0,80.8,0.0,15.8,0.0,9.9,0.0,0.7,0.0,5.0,1.8,0.1,0.0,0.0,0.1,4.7,0.0,23.0,17.6,18.1,6.1,0.7,0.0,0.0,0.0,0.0,0.0,0.0,0.0,0.0,57.2,0.0,2.0,8.6,0.0,0.0,0.0,99.2,99.8,94.5,97.9,99.8,99.8,99.8,99.8,52.9,94.3,41.0,20.3,0.0,73.8,87.8,2394.1,24.00,36,35,35,68,103,383,2,2,Yes,No,No,No,No,No,No,No,No,No,Yes,No,No,No,No,No,No,No,No,No,No,No,No,No,No,No,No,Yes,No,No,No,No,No,No,No,Yes,No,No,82.0,4500,4740,4440,58.0,1.095,1.110,1.815,1.815,0.990,5.110,1.750,No,No,No,58.0,1.095,1.110,1.815,1.815,0.990,5.110,0.750,No,No,No,41,41,94.0,100.0,No,No,32159,47987,36,70,99.0,100.0,No,No,1844,3246,0.0,0.9,0.9,0.000,0.060,96547,53140,0.0,0.0,0.0,0.000,0.000,164001,82786,79.6,72.0,89.3,83.0,0.875,20.592,20.572,20.612,81.281,33.653,61.300,15.594,77.047,3.000,18.590,10.833,49.210,100.000,140.000,2250.0,2150.2,1890.0,2230.6,1905.0,86.0,24.0,0.0,0.0,49.1,21.5,86.0,0.0,0.0,0.0,Yes,No,No,No,No,Yes,No,0,0,0,0,0,0,0,0,0,0,0,0,0,0,0,0,0,0,0,0,0,0,0,0,0,0,0,0,0,0,4167,4021,3789,89,16.0,64,0.300,20.707,700.0,2394.0,0.3,0.1,0.0,0.0,0.1,0.0,0.0,0.0,0.0,2,16190,4,No,No,No,No,No,No,No,No,16.747,68.277,100.0,0.000,24.1,0,0,0,0.0,41.5,43.0,39.7,39.7,39.7,39.7,41.5,41.9,40.9,40.8,40.8,40.8,24.11,24.51,23.87,23.87,24.59,24.59,20.96,3.15,6.16,17.95,0.14,661,9,0.1,0.2,0,0,0.0,0.0,0,
9.6.2026,14:28:29.964,15741,33027,32.2,12073,20311,37.2,10.2,16384,1675,1.201,1.190,1.221,1.186,1.164,1.159,1.182,1.208,1.235,1.211,1.211,1.206,1.212,1.212,1.212,1.101,0.846,3113.8,1396.6,4688.5,4688.5,4688.5,4688.5,4688.5,1097.3,3591.2,1097.3,1097.3,1097.3,3591.2,3591.2,3591.2,99.8,4090.0,386.0,113.9,0.2,977.1,0.5,2004.2,0.4,3625.9,0.2,580.8,0.3,287.9,0.2,12.3,0.8,56.0,56.8,1.0,0.5,0.5,1.2,482.4,14.3,5.5,1.5,27.4,19.0,45.8,19.0,77.3,18.5,14.0,19.0,7.3,19.0,0.6,0.8,3.4,4.3,0.8,0.8,0.8,0.8,77.3,14.3,100.0,14.9,4.5,0.0,38.6,0.0,77.3,0.0,138.3,0.0,22.5,0.0,11.3,0.0,0.5,0.1,2.8,2.7,0.1,0.1,0.1,0.1,14.9,31.2,14.0,47.0,47.0,47.0,47.0,47.0,11.0,36.0,11.0,11.0,11.0,36.0,36.0,36.0,41.0,64,62,68,68,68,67,61,63,62,62,62,62,62,62,62,36,38,32,32,32,33,39,37,38,38,38,38,38,38,38,76,68,No,No,No,No,No,No,No,No,No,No,No,No,No,No,No,No,No,No,No,No,No,No,No,No,No,No,No,No,No,No,No,No,No,No,No,No,No,No,No,No,No,No,No,No,No,No,No,No,76,72,64,1.100,8.438,20.714,14.102,0.001,5.234,0.487,175.0,175.0,175.0,175.0,0,0.0,9.3,5.5,0.0,27.4,0.0,45.8,0.0,77.1,0.0,14.2,0.0,6.9,0.0,0.8,0.1,3.7,4.7,0.1,0.0,0.0,0.1,5.3,1.6,20.5,24.9,22.1,4.0,1.6,0.0,0.0,0.0,0.0,0.0,0.0,0.0,0.0,57.7,0.0,0.4,18.3,0.0,0.0,0.0,99.0,99.8,96.0,95.0,99.7,99.8,99.8,99.8,52.1,92.0,44.8,7.7,0.0,78.1,90.1,2394.1,24.00,36,35,35,68,103,383,2,2,Yes,No,No,No,No,No,No,No,No,No,Yes,No,No,No,No,No,No,No,No,No,No,No,No,No,No,No,No,Yes,No,No,No,No,No,No,No,Yes,No,No,83.0,4620,4800,4380,58.0,1.095,1.110,1.815,1.815,0.990,5.110,0.625,No,No,No,58.0,1.095,1.110,1.800,1.815,0.990,5.110,1.000,No,No,No,41,41,94.0,100.0,No,No,32159,47987,36,70,99.0,100.0,No,No,1844,3246,0.0,0.7,0.7,0.000,0.084,96547,53140,0.0,0.0,0.0,0.000,0.000,164001,82786,79.1,72.0,88.1,83.0,0.875,20.587,20.566,20.607,81.410,39.462,62.330,16.042,78.513,3.000,19.034,49.056,48.261,100.000,140.000,2250.0,2150.2,1890.0,2230.8,1905.0,86.0,25.0,0.0,0.0,49.0,21.5,86.0,0.0,0.0,0.0,Yes,No,No,No,No,Yes,No,0,0,0,0,0,0,0,0,0,0,0,0,0,0,0,0,0,0,0,0,0,0,0,0,0,0,0,0,0,0,4175,4013,3781,88,16.0,65,0.300,21.477,700.0,2394.0,0.3,0.1,0.0,0.0,0.1,0.0,0.0,0.0,0.0,2,16190,2,No,No,No,No,No,No,No,No,16.746,68.277,100.0,0.000,24.1,0,0,0,0.0,40.9,42.8,38.6,38.5,38.4,38.4,40.9,41.2,40.6,40.6,40.6,40.6,24.45,24.63,24.24,24.22,24.63,24.63,21.28,3.17,5.86,18.59,0.13,661,9,0.1,0.1,0,0,0.0,0.0,0,
9.6.2026,14:28:31.968,15728,33040,32.2,12061,20323,37.2,10.2,16384,1675,1.193,1.196,1.190,1.160,1.185,1.214,1.209,1.209,1.199,1.209,1.174,1.180,1.200,1.200,1.177,1.101,0.846,2387.0,4489.0,4688.5,1396.6,4688.5,4688.5,4688.5,1097.3,1097.3,1097.3,1097.3,1097.3,1097.3,1097.3,1097.3,99.8,4090.0,392.8,116.4,0.2,871.1,0.3,1554.8,0.3,4241.0,0.2,554.8,0.2,319.1,0.2,22.9,7.6,125.9,38.9,0.8,0.5,0.5,0.5,490.9,9.6,6.1,0.0,26.0,0.0,37.1,0.0,89.5,0.0,14.0,0.0,6.3,0.0,0.8,0.0,9.9,2.3,0.0,0.0,0.0,0.0,89.5,9.6,100.0,15.4,4.7,0.0,35.1,0.0,60.8,0.0,161.6,0.0,21.7,0.0,12.4,0.0,1.4,0.4,7.0,2.5,0.1,0.0,0.0,0.1,15.4,23.9,45.0,47.0,14.0,47.0,47.0,47.0,11.0,11.0,11.0,11.0,11.0,11.0,11.0,11.0,41.0,63,66,62,63,67,63,60,61,62,62,62,64,62,62,62,37,34,38,37,33,37,40,39,38,38,38,36,38,38,38,76,67,No,No,No,No,No,No,No,No,No,No,No,No,No,No,No,No,No,No,No,No,No,No,No,No,No,No,No,No,No,No,No,No,No,No,No,No,No,No,No,No,No,No,No,No,No,No,No,No,76,70,66,1.100,8.438,20.916,14.375,0.001,5.223,0.484,175.0,175.0,175.0,175.0,0,0.0,9.7,5.8,0.0,25.7,0.0,36.8,0.0,89.3,0.0,13.8,0.0,7.5,0.0,1.8,0.6,9.3,3.0,0.1,0.1,0.0,0.1,3.9,2.6,22.0,14.1,10.0,5.4,0.7,0.0,0.0,0.0,0.0,0.0,0.0,0.0,0.0,56.9,0.0,0.0,13.1,0.0,0.0,0.0,98.0,99.3,90.2,96.8,99.8,99.8,99.8,99.8,55.4,90.6,44.6,30.1,0.0,76.9,90.0,2394.1,24.00,36,35,35,68,103,383,2,2,Yes,No,No,No,No,No,No,No,No,No,Yes,No,No,No,No,No,No,No,No,No,No,No,No,No,No,No,No,Yes,No,No,No,No,No,No,No,Yes,No,No,83.0,4500,4680,4380,58.0,1.095,1.110,1.815,1.815,0.990,5.110,0.625,No,No,No,58.0,1.095,1.110,1.815,1.815,0.990,5.110,0.750,No,No,No,41,41,94.0,100.0,No,No,32159,47987,36,70,99.0,100.0,No,No,1844,3246,0.0,1.7,1.7,0.000,0.778,96547,53142,0.0,0.0,0.0,0.000,0.000,164001,82786,78.7,72.0,87.3,83.0,0.875,20.560,20.539,20.581,81.432,34.209,62.562,16.000,78.722,3.000,19.002,10.792,49.386,100.000,140.000,2250.0,2150.2,1890.0,2230.9,1905.0,86.0,25.0,0.0,0.0,49.0,21.6,86.5,0.0,0.0,0.0,Yes,No,No,No,No,Yes,No,0,0,0,0,0,0,0,0,0,0,0,0,0,0,0,0,0,0,0,0,0,0,0,0,0,0,0,0,0,0,4175,4013,3781,88,16.0,66,0.300,22.047,700.0,2394.0,0.3,0.1,0.0,0.0,0.1,0.0,0.0,0.0,0.0,2,16190,2,No,No,No,No,No,No,No,No,16.745,68.277,100.0,0.000,24.1,0,0,0,0.0,41.5,47.5,38.7,38.7,38.7,38.7,41.7,46.4,38.9,38.8,38.7,38.7,24.06,25.66,21.50,21.45,25.79,25.79,21.62,2.44,5.66,18.40,0.44,661,9,0.2,0.2,0,0,0.0,0.0,0,
9.6.2026,14:28:33.968,15720,33047,32.2,12062,20322,37.2,10.2,16384,1675,1.196,1.186,1.158,1.175,1.212,1.187,1.202,1.197,1.212,1.199,1.204,1.199,1.199,1.205,1.205,1.063,0.846,2372.8,4489.0,4489.0,4489.0,4888.0,1396.6,4688.5,1097.3,1097.3,1097.3,1097.3,1097.3,1097.3,1097.3,1097.3,99.8,3890.5,405.9,176.3,0.2,882.6,0.4,2040.7,0.5,3906.3,0.2,634.1,0.3,342.1,0.2,15.6,2.9,75.4,37.4,0.8,0.5,0.4,0.5,507.2,11.5,8.3,0.8,27.7,7.9,48.1,3.8,83.9,0.0,16.1,8.6,9.1,0.0,2.5,0.9,4.6,4.1,0.9,0.8,0.8,0.8,83.9,11.5,100.0,15.8,7.3,0.0,35.6,0.0,79.1,0.0,148.6,0.0,25.1,0.0,13.3,0.0,0.8,0.2,3.5,2.0,0.1,0.0,0.0,0.1,15.8,23.8,45.0,45.0,45.0,49.0,14.0,47.0,11.0,11.0,11.0,11.0,11.0,11.0,11.0,11.0,39.0,64,64,67,67,72,61,60,63,63,63,63,62,62,62,62,36,36,33,33,28,39,40,37,37,37,37,38,38,38,38,76,72,No,No,No,No,No,No,No,No,No,No,No,No,No,No,No,No,No,No,No,No,No,No,No,No,No,No,No,No,No,No,No,No,No,No,No,No,No,No,No,No,No,No,No,No,No,No,No,No,76,70,66,1.100,10.969,22.123,15.521,0.001,5.213,0.483,175.0,175.0,175.0,175.0,0,0.0,10.1,8.2,0.0,27.8,0.0,48.2,0.0,83.9,0.0,16.0,0.0,8.4,0.0,1.0,0.2,5.5,2.6,0.1,0.0,0.0,0.1,4.8,3.1,22.4,20.8,14.4,5.9,1.2,0.0,0.0,0.0,0.0,0.0,0.0,0.0,0.0,57.3,0.0,0.0,12.2,0.9,0.0,0.0,98.8,99.7,94.0,97.2,99.8,99.8,99.8,99.8,50.7,86.9,41.5,14.2,0.0,73.4,88.5,2394.1,24.00,36,35,35,68,103,383,2,2,Yes,No,No,No,No,No,No,No,No,No,Yes,No,No,No,No,No,No,No,No,No,No,No,No,No,No,No,No,Yes,No,No,No,No,No,No,No,Yes,No,No,83.0,4500,4620,4380,58.0,1.095,1.110,1.815,1.815,0.990,5.110,0.750,No,No,No,58.0,1.095,1.110,1.815,1.815,1.005,5.110,0.750,No,No,No,41,41,94.0,100.0,No,No,32159,47987,36,70,99.0,100.0,No,No,1844,3246,0.2,0.3,0.5,0.020,0.012,96547,53142,0.0,0.0,0.0,0.000,0.000,164001,82786,82.4,74.0,92.7,83.0,0.875,20.552,20.528,20.575,90.131,40.178,71.336,16.772,88.225,3.000,19.779,29.286,52.846,100.000,140.000,2250.0,2150.2,1890.0,2230.2,1905.0,98.0,28.0,0.0,0.0,49.0,24.4,97.4,0.0,0.0,0.0,Yes,No,No,No,No,Yes,No,0,0,0,0,0,0,0,0,0,0,0,0,0,0,0,0,0,0,0,0,0,0,0,0,0,0,0,0,0,0,4175,4013,3781,87,16.0,66,0.300,21.039,700.0,2394.0,0.3,0.1,0.0,0.0,0.1,0.0,0.0,0.0,0.0,2,16190,2,No,No,No,No,No,No,No,No,16.745,68.277,100.0,0.000,24.1,0,0,0,0.0,45.7,48.2,43.7,43.5,43.4,43.4,45.7,46.3,44.9,44.7,44.7,44.7,21.90,22.32,21.55,21.53,22.41,22.41,21.79,0.11,5.70,16.19,0.16,661,9,0.4,0.5,0,0,0.0,0.0,0,
9.6.2026,14:28:35.964,15718,33049,32.2,12055,20329,37.2,10.2,16384,1675,1.200,1.172,1.226,1.178,1.213,1.188,1.182,1.182,1.202,1.207,1.217,1.207,1.206,1.206,1.206,1.101,0.846,3014.1,1396.6,798.0,4688.5,4688.5,4688.5,4688.5,3591.2,1097.3,1097.3,1097.3,3591.2,3591.2,3591.2,3591.2,99.8,4090.0,391.8,108.8,0.2,851.4,0.5,2295.7,0.5,3517.9,0.3,672.1,0.3,264.2,0.2,18.3,1.1,60.7,40.2,1.0,0.6,0.6,1.0,489.5,10.0,5.2,0.0,24.8,0.0,51.3,0.8,76.3,3.0,16.8,0.0,7.6,0.0,1.2,0.8,5.5,2.9,0.9,0.8,0.8,0.8,76.3,10.0,100.0,15.2,4.2,0.0,34.0,0.0,88.5,0.0,134.3,0.0,26.1,0.0,10.3,0.0,0.9,0.1,3.8,2.1,0.1,0.1,0.1,0.1,15.2,30.2,14.0,8.0,47.0,47.0,47.0,47.0,36.0,11.0,11.0,11.0,36.0,36.0,36.0,36.0,41.0,64,64,67,64,72,62,60,63,63,63,63,62,62,64,64,36,36,33,36,28,38,40,37,37,37,37,38,38,36,36,76,72,No,No,No,No,No,No,No,No,No,No,No,No,No,No,No,No,No,No,No,No,No,No,No,No,No,No,No,No,No,No,No,No,No,No,No,No,No,No,No,No,No,No,No,No,No,No,No,No,76,71,66,1.100,8.438,21.705,15.060,0.001,5.232,0.486,175.0,175.0,175.0,175.0,0,0.0,9.5,5.2,0.0,24.5,0.0,51.2,0.0,76.1,0.0,16.9,0.0,6.8,0.0,1.5,0.1,4.6,2.9,0.1,0.1,0.0,0.1,4.9,1.0,21.4,17.9,22.9,3.8,1.6,0.0,0.0,0.0,0.0,0.0,0.0,0.0,0.0,57.8,0.0,0.0,20.2,0.0,0.0,0.0,98.3,99.8,95.0,96.9,99.7,99.8,99.8,99.8,52.2,93.2,47.3,7.4,0.0,75.4,89.7,2394.1,24.00,36,35,35,68,103,383,2,2,Yes,No,No,No,No,No,No,No,No,No,Yes,No,No,No,No,No,No,No,No,No,No,No,No,No,No,No,No,Yes,No,No,No,No,No,No,No,Yes,No,No,83.0,4560,4740,4380,58.0,1.095,1.110,1.815,1.815,0.990,5.110,0.625,No,No,No,58.0,1.095,1.110,1.815,1.815,0.990,5.110,0.625,No,No,No,41,41,94.0,100.0,No,No,32159,47987,36,70,99.0,100.0,No,No,1844,3246,0.0,1.0,1.0,0.000,0.054,96547,53142,0.0,0.0,0.0,0.000,0.000,164001,82786,81.6,74.0,91.6,83.0,0.875,20.565,20.544,20.587,90.424,39.002,70.785,16.003,86.898,3.000,19.005,24.120,53.205,100.000,140.000,2250.0,2150.2,1890.0,2230.6,1905.0,98.0,26.0,0.0,0.0,49.0,24.5,97.9,0.0,0.0,0.0,Yes,No,No,No,No,Yes,No,0,0,0,0,0,0,0,0,0,0,0,0,0,0,0,0,0,0,0,0,0,0,0,0,0,0,0,0,0,0,4176,4012,3781,86,16.0,66,0.300,20.560,700.0,2394.0,0.3,0.1,0.0,0.0,0.1,0.0,0.0,0.0,0.0,2,16190,2,No,No,No,No,No,No,No,No,16.745,68.277,100.0,0.000,24.1,0,0,0,0.0,45.0,47.2,42.6,42.6,42.6,42.6,45.1,46.4,43.7,43.7,43.7,43.7,22.19,22.92,21.63,21.60,22.99,22.99,22.07,0.11,5.43,16.76,0.17,661,9,0.3,0.2,0,0,0.0,0.0,0,
9.6.2026,14:28:37.970,15727,33041,32.2,12057,20326,37.2,10.2,16384,1675,1.195,1.178,1.197,1.191,1.197,1.202,1.190,1.220,1.196,1.157,1.191,1.191,1.216,1.201,1.201,1.101,0.846,2850.2,1396.6,4688.5,4688.5,4888.0,4688.5,4688.5,1097.3,3591.2,1097.3,3591.2,1097.3,1097.3,1097.3,2194.6,99.8,4090.0,389.3,95.3,0.2,959.6,0.5,1812.7,0.5,3959.0,0.2,602.9,0.2,246.1,0.2,11.7,1.9,47.7,45.9,0.8,0.5,0.5,0.6,486.5,10.0,4.8,0.0,29.1,3.1,42.9,3.0,84.2,2.3,15.2,3.0,5.4,0.0,0.5,0.0,2.8,3.2,0.0,0.0,0.0,0.0,84.2,10.0,100.0,15.1,3.7,0.0,38.0,0.0,70.2,0.0,151.0,0.0,23.2,0.0,9.4,0.0,0.8,0.1,2.4,2.2,0.1,0.0,0.0,0.1,15.1,28.6,14.0,47.0,47.0,49.0,47.0,47.0,11.0,36.0,11.0,36.0,11.0,11.0,11.0,22.0,41.0,64,61,67,68,68,66,60,63,63,63,63,64,64,64,64,36,39,33,32,32,34,40,37,37,37,37,36,36,36,36,76,68,No,No,No,No,No,No,No,No,No,No,No,No,No,No,No,No,No,No,No,No,No,No,No,No,No,No,No,No,No,No,No,No,No,No,No,No,No,No,No,No,No,No,No,No,No,No,No,No,76,74,66,1.100,18.563,20.390,13.775,0.001,5.231,0.485,175.0,175.0,175.0,175.0,0,0.0,9.5,4.8,0.0,29.1,0.0,43.0,0.0,84.0,0.0,15.4,0.0,6.3,0.0,0.9,0.1,3.0,3.6,0.1,0.1,0.0,0.1,4.2,0.0,19.3,18.5,15.4,4.6,1.6,0.0,0.0,0.0,0.0,0.0,0.0,0.0,0.0,57.2,0.0,1.0,9.6,0.0,0.0,0.0,98.9,99.8,96.6,96.2,99.8,99.8,99.8,99.8,54.7,94.7,43.5,23.6,0.0,76.0,90.6,2394.1,24.00,36,35,35,68,103,383,2,2,Yes,No,No,No,No,No,No,No,No,No,Yes,No,No,No,No,No,No,No,No,No,No,No,No,No,No,No,No,Yes,No,No,No,No,No,No,No,Yes,No,No,83.0,4560,4920,4500,58.0,1.110,1.110,1.815,1.815,0.990,5.110,0.875,No,No,No,58.0,1.110,1.110,1.815,1.815,0.990,5.110,0.875,No,No,No,41,41,94.0,100.0,No,No,32159,47987,36,70,99.0,100.0,No,No,1844,3246,0.0,0.6,0.6,0.000,0.073,96547,53142,0.0,0.0,0.0,0.000,0.000,164001,82786,82.4,74.0,92.2,83.0,0.875,20.569,20.547,20.592,90.958,44.687,72.773,15.965,88.852,3.000,18.974,61.734,51.512,100.000,140.000,2250.0,2150.2,1890.0,2232.2,1905.0,99.0,26.0,0.0,0.0,49.0,24.3,97.4,0.0,0.0,0.0,Yes,No,No,No,No,Yes,No,0,0,0,0,0,0,0,0,0,0,0,0,0,0,0,0,0,0,0,0,0,0,0,0,0,0,0,0,0,0,4176,4012,3781,85,16.0,64,0.300,19.374,700.0,2394.0,0.3,0.1,0.0,0.0,0.1,0.0,0.0,0.0,0.0,2,16190,2,No,No,No,No,No,No,No,No,16.746,68.277,100.0,0.000,24.1,0,0,0,0.0,43.0,47.0,37.2,37.1,37.1,37.1,42.7,45.5,37.3,36.3,36.2,36.2,23.33,26.82,22.02,22.02,27.61,27.61,22.21,1.11,5.29,18.03,0.49,661,9,0.2,0.2,0,0,0.0,0.0,0,
9.6.2026,14:28:39.968,15720,33048,32.2,12064,20320,37.2,10.2,16384,1675,1.210,1.196,1.186,1.201,1.191,1.171,1.196,1.221,1.213,1.228,1.228,1.223,1.237,1.223,1.223,1.101,0.846,3028.3,4489.0,1396.6,4688.5,4688.5,1396.6,4489.0,3591.2,1097.3,1097.3,1097.3,3591.2,3591.2,3591.2,3591.2,99.8,4090.0,396.5,161.8,0.2,844.0,0.4,1709.9,0.4,4106.9,0.2,613.7,0.3,295.5,0.1,32.4,20.4,64.5,68.6,8.7,0.6,0.6,0.7,495.0,13.7,7.4,0.0,27.2,16.9,41.3,16.9,87.3,16.9,15.0,16.9,7.3,3.0,3.0,2.5,4.4,4.8,1.1,0.8,0.8,0.8,87.3,13.7,100.0,15.5,6.6,0.0,34.4,0.0,66.8,0.0,156.3,0.0,24.3,0.0,11.6,0.0,1.8,0.8,3.8,3.7,0.5,0.1,0.1,0.1,15.5,30.4,45.0,14.0,47.0,47.0,14.0,45.0,36.0,11.0,11.0,11.0,36.0,36.0,36.0,36.0,41.0,64,66,67,65,70,62,62,64,63,63,63,62,62,62,62,36,34,33,35,30,38,38,36,37,37,37,38,38,38,38,76,70,No,No,No,No,No,No,No,No,No,No,No,No,No,No,No,No,No,No,No,No,No,No,No,No,No,No,No,No,No,No,No,No,No,No,No,No,No,No,No,No,No,No,No,No,No,No,No,No,76,75,66,1.100,16.875,20.113,13.546,0.001,5.224,0.481,175.0,175.0,175.0,175.0,0,0.0,9.9,7.4,0.0,27.1,0.0,41.1,0.0,87.2,0.0,14.9,0.0,7.2,0.0,2.3,1.5,4.1,4.8,0.3,0.1,0.0,0.0,4.6,3.0,24.2,18.5,12.1,5.9,0.0,0.0,0.0,0.0,0.0,0.0,0.0,0.0,0.0,56.4,0.0,0.0,5.3,0.0,0.0,0.0,97.5,98.3,95.3,94.9,99.5,99.8,99.8,99.8,53.8,88.0,40.3,28.8,0.0,74.6,90.9,2394.1,24.00,36,35,35,68,103,383,2,2,Yes,No,No,No,No,No,No,No,No,No,Yes,No,No,No,No,No,No,No,No,No,No,No,No,No,No,No,No,Yes,No,No,No,No,No,No,No,Yes,No,No,83.0,4680,4920,4560,58.0,1.110,1.110,1.815,1.815,0.990,5.110,0.875,No,No,No,58.0,1.110,1.110,1.815,1.815,0.990,5.110,0.750,No,No,No,41,41,94.0,100.0,No,No,32159,47987,36,70,99.0,100.0,No,No,1844,3246,0.0,1.0,1.0,0.000,0.110,96547,53142,0.0,0.0,0.0,0.000,0.000,164001,82786,80.6,74.0,90.1,83.0,0.875,20.578,20.559,20.598,82.428,44.032,64.663,15.255,80.065,3.000,18.254,73.341,53.645,100.000,140.000,2250.0,2150.2,1890.0,2232.4,1905.0,86.0,22.0,0.0,0.0,49.0,21.6,86.6,0.0,0.0,0.0,Yes,No,No,No,No,Yes,No,0,0,0,0,0,0,0,0,0,0,0,0,0,0,0,0,0,0,0,0,0,0,0,0,0,0,0,0,0,0,4176,4012,3781,84,16.0,65,0.300,20.878,700.0,2394.0,0.3,0.1,0.0,0.0,0.1,0.0,0.0,0.0,0.0,2,16190,2,No,No,No,No,No,No,No,No,16.746,68.277,100.0,0.000,24.1,0,0,0,0.0,38.8,40.6,36.9,36.9,36.9,36.9,38.8,39.5,36.6,36.4,36.4,36.4,25.76,27.30,25.34,25.32,27.44,27.44,22.79,2.97,5.22,20.54,0.33,661,10,4.6,4.6,0,0,0.0,0.0,0,
9.6.2026,14:28:41.971,15717,33050,32.2,12054,20330,37.2,10.2,16384,1675,1.178,1.206,1.174,1.159,1.159,1.129,1.190,1.176,1.176,1.171,1.186,1.201,1.167,1.210,1.185,1.101,0.846,1931.0,2194.6,1396.6,1396.6,4688.5,1396.6,4688.5,1097.3,1097.3,1097.3,3591.2,1097.3,1097.3,1097.3,1097.3,99.8,4090.0,399.1,258.4,0.2,876.7,0.3,2033.2,0.4,3880.1,0.2,521.3,0.2,192.3,0.2,21.6,6.6,97.8,88.2,1.8,0.9,0.6,0.6,498.6,10.2,10.8,0.0,26.7,0.0,46.3,0.0,82.1,0.0,12.7,0.0,5.5,0.0,1.6,1.1,6.8,7.4,0.9,0.8,0.8,0.8,82.1,10.2,100.0,15.7,11.0,0.0,35.4,0.0,78.4,0.0,147.8,0.0,20.4,0.0,7.6,0.0,1.2,0.7,5.1,5.1,0.1,0.1,0.1,0.1,15.7,19.4,22.0,14.0,14.0,47.0,14.0,47.0,11.0,11.0,11.0,36.0,11.0,11.0,11.0,11.0,41.0,64,65,67,63,72,61,63,63,63,63,63,62,62,62,62,36,35,33,37,28,39,37,37,37,37,37,38,38,38,38,76,72,No,No,No,No,No,No,No,No,No,No,No,No,No,No,No,No,No,No,No,No,No,No,No,No,No,No,No,No,No,No,No,No,No,No,No,No,No,No,No,No,No,No,No,No,No,No,No,No,76,71,66,1.100,25.313,19.726,13.116,0.001,5.225,0.476,175.0,175.0,175.0,175.0,0,0.0,10.0,10.8,0.0,26.6,0.0,46.3,0.0,82.0,0.0,12.8,0.0,4.8,0.0,1.7,0.5,7.2,6.8,0.2,0.1,0.1,0.1,5.0,11.4,20.3,16.7,15.5,4.1,1.4,0.0,0.0,0.0,0.0,0.0,0.0,0.0,0.0,56.6,0.0,0.0,9.0,1.9,0.0,0.0,98.0,99.3,92.1,92.8,99.6,99.8,99.8,99.8,52.4,74.5,44.8,23.7,0.0,79.3,91.9,2394.1,24.00,36,35,35,68,103,383,2,2,Yes,No,No,No,No,No,No,No,No,No,Yes,No,No,No,No,No,No,No,No,No,No,No,No,No,No,No,No,Yes,No,No,No,No,No,No,No,Yes,No,No,82.0,4560,4980,4500,58.0,1.110,1.110,1.815,1.815,0.990,5.110,0.500,No,No,No,58.0,1.110,1.110,1.800,1.815,0.990,5.110,0.750,No,No,No,41,41,94.0,100.0,No,No,32159,47987,36,70,99.0,100.0,No,No,1844,3246,0.0,0.8,0.8,0.000,0.092,96547,53142,0.0,0.0,0.0,0.000,0.000,164001,82786,80.0,72.0,89.2,83.0,0.875,20.568,20.547,20.588,83.659,34.068,65.707,15.431,81.302,3.000,18.428,10.787,43.820,100.000,140.000,2250.0,2150.2,1890.0,2231.7,1905.0,86.0,23.0,0.0,0.0,48.6,21.9,87.5,0.0,0.0,0.0,Yes,No,No,No,No,Yes,No,0,0,0,0,0,0,0,0,0,0,0,0,0,0,0,0,0,0,0,0,0,0,0,0,0,0,0,0,0,0,4207,3981,3749,84,16.0,66,0.300,19.879,700.0,2394.0,0.3,0.1,0.0,0.0,0.1,0.0,0.0,0.0,0.0,2,16190,2,No,No,No,No,No,No,No,No,16.746,68.277,100.0,0.000,24.1,0,0,0,0.0,39.8,41.3,38.0,38.0,38.0,38.0,39.7,40.1,39.3,39.2,39.2,39.2,25.16,25.52,24.95,24.94,25.60,25.60,21.98,3.18,4.87,20.29,0.12,661,10,0.5,0.2,0,0,0.0,0.0,0,
9.6.2026,14:28:43.960,15686,33081,32.1,12051,20332,37.2,10.2,16384,1675,1.193,1.210,1.204,1.204,1.200,1.185,1.185,1.165,1.195,1.220,1.191,1.171,1.176,1.191,1.211,1.141,0.846,2593.7,1396.6,4688.5,4688.5,4888.0,4688.5,4688.5,1097.3,1097.3,1097.3,1097.3,1097.3,3591.2,1097.3,1097.3,99.8,4289.5,388.0,120.7,65.3,412.8,383.3,1738.2,0.3,2185.4,1822.8,545.4,0.2,238.1,0.1,36.4,16.5,107.4,71.9,7.1,7.4,0.6,0.6,484.0,11.7,4.6,3.3,12.0,21.8,41.2,0.0,46.3,46.1,13.2,11.4,5.6,11.4,2.2,1.1,8.4,4.5,0.0,0.0,0.0,0.0,46.3,11.7,100.0,15.2,4.7,2.7,16.8,15.2,67.8,0.0,84.0,68.6,21.4,0.0,9.3,0.0,1.9,0.9,6.1,3.6,0.4,0.4,0.1,0.1,15.2,26.0,14.0,47.0,47.0,49.0,47.0,47.0,11.0,11.0,11.0,11.0,11.0,36.0,11.0,11.0,43.0,64,64,66,62,74,62,62,64,64,64,64,64,64,64,62,36,36,34,38,26,38,38,36,36,36,36,36,36,36,38,76,74,No,No,No,No,No,No,No,No,No,No,No,No,No,No,No,No,No,No,No,No,No,No,No,No,No,No,No,No,No,No,No,No,No,No,No,No,No,No,No,No,No,No,No,No,No,No,No,No,76,71,66,1.100,13.500,21.377,14.811,0.001,5.202,0.475,175.0,175.0,175.0,175.0,0,0.0,9.7,4.9,2.1,12.3,10.5,41.1,0.0,46.1,39.1,13.5,0.0,5.9,0.0,2.7,1.4,8.1,5.3,0.4,0.4,0.1,0.1,4.1,1.6,23.8,13.8,13.1,4.8,0.4,0.0,0.0,0.0,0.0,0.0,0.0,0.0,0.0,56.3,0.0,0.0,6.8,0.9,0.0,0.0,97.0,98.4,91.6,94.2,99.4,99.5,99.8,99.8,56.6,89.3,46.9,32.6,0.1,78.1,92.4,2394.1,24.00,36,35,35,68,103,383,2,2,Yes,No,No,No,No,No,No,No,No,No,Yes,No,No,No,No,No,No,No,No,No,No,No,No,No,No,No,No,Yes,No,No,No,No,No,No,No,Yes,No,No,83.0,4620,4860,4500,58.0,1.110,1.110,1.815,1.815,0.990,5.110,0.750,No,No,No,58.0,1.110,1.110,1.815,1.815,0.990,5.110,0.875,No,No,No,41,41,94.0,100.0,No,No,32159,47987,36,70,99.0,100.0,No,No,1844,3246,0.0,1.3,1.3,0.000,0.041,96547,53143,0.0,0.0,0.0,0.000,0.000,164001,82786,79.6,74.0,88.4,83.0,0.875,20.587,20.567,20.606,83.679,37.906,66.121,15.117,81.394,3.000,18.115,30.469,51.126,100.000,140.000,2250.0,2150.2,1890.0,2230.9,1905.0,86.0,23.0,0.0,0.0,48.6,21.6,86.4,0.0,0.0,0.0,Yes,No,No,No,No,Yes,No,0,0,0,0,0,0,0,0,0,0,0,0,0,0,0,0,0,0,0,0,0,0,0,0,0,0,0,0,0,0,4207,3981,3749,82,16.0,64,0.300,20.875,700.0,2394.0,0.3,0.1,0.0,0.0,0.1,0.0,0.0,0.0,0.0,2,16190,2,No,No,No,No,No,No,No,No,16.745,68.277,100.0,0.000,24.1,0,0,0,0.0,38.6,40.3,37.4,37.3,37.3,37.3,38.6,38.9,38.3,38.3,38.2,38.2,25.93,26.10,25.64,25.57,26.12,26.12,22.74,3.20,4.93,21.00,0.10,661,10,0.1,0.6,0,0,0.0,0.0,0,
9.6.2026,14:28:45.971,15695,33073,32.1,12068,20316,37.2,10.2,16384,1675,1.173,1.185,1.167,1.172,1.142,1.197,1.181,1.181,1.176,1.166,1.161,1.166,1.170,1.185,1.170,1.101,0.846,2536.7,1396.6,4489.0,4489.0,4489.0,4688.5,4688.5,1097.3,3591.2,1097.3,1097.3,1097.3,1097.3,1097.3,1097.3,99.8,4090.0,421.3,203.8,85.0,3.5,794.1,2162.4,0.5,3.5,3819.0,585.5,0.4,292.4,0.3,112.0,86.8,30.2,201.5,20.1,19.6,3.2,1.9,523.8,11.3,8.6,0.0,0.0,23.6,50.2,2.2,0.0,81.6,14.7,0.0,7.8,0.0,8.9,6.5,2.0,16.3,1.4,1.5,0.0,0.0,81.6,11.3,100.0,16.7,8.4,3.6,0.3,32.2,83.4,0.0,0.3,145.9,22.9,0.0,11.4,0.0,6.2,4.7,1.7,11.2,1.1,1.1,0.2,0.1,16.7,25.4,14.0,45.0,45.0,45.0,47.0,47.0,11.0,36.0,11.0,11.0,11.0,11.0,11.0,11.0,41.0,64,67,65,71,62,64,64,63,63,63,63,64,64,64,64,36,33,35,29,38,36,36,37,37,37,37,36,36,36,36,76,71,No,No,No,No,No,No,No,No,No,No,No,No,No,No,No,No,No,No,No,No,No,No,No,No,No,No,No,No,No,No,No,No,No,No,No,No,No,No,No,No,No,No,No,No,No,No,No,No,76,68,64,1.100,21.938,19.819,13.298,0.002,5.209,0.474,175.0,175.0,175.0,175.0,0,0.0,11.2,8.0,4.3,0.2,23.2,50.1,0.0,0.1,81.2,15.0,0.0,7.3,0.0,8.0,6.6,2.1,15.2,1.6,1.7,0.2,0.1,5.9,3.4,26.1,24.9,17.8,7.8,1.8,0.0,0.1,0.0,1.3,0.0,0.0,0.0,0.0,55.1,0.0,0.0,10.5,0.0,0.0,0.0,91.5,93.0,97.7,82.9,98.2,98.2,99.7,99.8,49.2,80.3,43.3,10.5,0.0,72.7,88.4,2394.1,24.00,36,35,35,68,103,383,2,2,Yes,No,No,No,No,No,No,No,No,No,Yes,No,No,No,No,No,No,No,No,No,No,No,No,No,No,No,No,Yes,No,No,No,No,No,No,No,Yes,No,No,82.0,4560,4800,4440,57.8,1.110,1.110,1.815,1.815,1.005,5.110,1.250,No,No,No,58.0,1.110,1.110,1.815,1.815,1.005,5.110,0.750,No,No,No,41,41,94.0,100.0,No,No,32159,47987,36,70,99.0,100.0,No,No,1844,3246,0.0,0.7,0.7,0.000,0.124,96547,53143,0.0,0.0,0.0,0.000,0.000,164001,82786,80.7,74.0,90.5,83.0,0.875,20.576,20.556,20.597,83.871,35.728,66.512,15.232,81.892,3.000,18.229,12.170,53.063,100.000,140.000,2250.0,2150.2,1890.0,2231.4,1905.0,87.0,22.0,0.0,0.0,48.6,21.8,87.0,0.0,0.0,0.0,Yes,No,No,No,No,Yes,No,0,0,0,0,0,0,0,0,0,0,0,0,0,0,0,0,0,0,0,0,0,0,0,0,0,0,0,0,0,0,4207,3981,3749,82,16.0,66,0.300,21.476,700.0,2394.0,0.3,0.1,0.0,0.0,0.1,0.0,0.0,0.0,0.0,3,16189,4,No,No,No,No,No,No,No,No,16.746,68.277,100.0,0.000,24.1,0,0,0,0.0,38.4,39.8,37.1,37.0,37.0,37.0,38.4,38.8,38.2,38.2,38.2,38.2,26.02,26.21,25.79,25.77,26.23,26.23,22.86,3.16,4.82,21.20,0.12,661,10,0.2,0.3,0,0,0.0,0.0,0,
9.6.2026,14:28:47.965,15740,33028,32.2,12057,20326,37.2,10.2,16384,1675,1.184,1.191,1.163,1.168,1.148,1.176,1.201,1.201,1.201,1.216,1.192,1.202,1.157,1.177,1.177,1.101,0.846,2729.0,1396.6,4688.5,4688.5,4489.0,4489.0,4688.5,1097.3,1097.3,3591.2,1097.3,3591.2,1097.3,1097.3,1097.3,99.8,4090.0,408.2,160.0,92.8,3.7,792.8,2226.1,0.4,3.4,3672.7,657.4,0.4,420.7,0.3,70.1,10.2,2.6,46.1,1.8,0.6,0.6,0.6,510.0,11.0,6.3,10.7,0.1,24.6,53.2,3.8,0.1,79.2,16.2,4.5,10.6,1.6,5.4,0.4,0.1,3.0,0.1,0.1,0.1,0.1,79.2,11.0,100.0,15.9,6.3,3.8,0.3,32.2,86.7,0.0,0.3,139.8,25.8,0.0,16.1,0.0,3.8,0.6,0.2,2.5,0.1,0.1,0.1,0.1,15.9,27.4,14.0,47.0,47.0,45.0,45.0,47.0,11.0,11.0,36.0,11.0,36.0,11.0,11.0,11.0,41.0,65,64,66,71,71,64,71,63,63,63,63,62,62,62,62,35,36,34,29,29,36,29,37,37,37,37,38,38,38,38,76,71,No,No,No,No,No,No,No,No,No,No,No,No,No,No,No,No,No,No,No,No,No,No,No,No,No,No,No,No,No,No,No,No,No,No,No,No,No,No,No,No,No,No,No,No,No,No,No,No,76,72,66,1.100,15.188,21.588,14.942,0.001,5.232,0.478,175.0,175.0,175.0,175.0,0,0.0,10.1,6.2,3.0,0.2,24.6,52.9,0.0,0.1,79.2,16.2,0.0,10.7,0.0,5.2,0.4,0.1,3.0,0.1,0.1,0.0,0.1,5.9,1.5,26.7,26.3,18.7,7.8,1.4,0.0,0.0,0.0,0.2,0.0,0.0,0.0,0.0,57.2,0.0,0.0,11.1,1.1,0.0,0.0,94.5,99.4,99.8,96.2,99.7,99.8,99.8,99.8,48.2,86.5,41.3,5.0,0.0,71.6,85.0,2394.1,24.00,36,35,35,68,103,383,2,2,Yes,No,No,No,No,No,No,No,No,No,Yes,No,No,No,No,No,No,No,No,No,No,No,No,No,No,No,No,Yes,No,No,No,No,No,No,No,Yes,No,No,82.0,4620,4800,4440,57.8,1.110,1.110,1.815,1.815,1.005,5.110,1.000,No,No,No,58.0,1.110,1.110,1.815,1.815,1.005,5.110,0.875,No,No,No,41,41,94.0,100.0,No,No,32159,47987,36,70,99.0,100.0,No,No,1844,3246,0.0,1.6,1.6,0.000,0.190,96547,53143,0.0,0.0,0.0,0.000,0.000,164001,82786,80.2,72.0,89.2,83.0,0.875,20.584,20.564,20.603,83.267,40.278,64.379,15.094,79.631,3.000,18.098,58.305,43.441,100.000,140.000,2250.0,2150.2,1890.0,2231.9,1905.0,86.0,21.0,0.0,0.0,48.6,21.7,86.8,0.0,0.0,0.0,Yes,No,No,No,No,Yes,No,0,0,0,0,0,0,0,0,0,0,0,0,0,0,0,0,0,0,0,0,0,0,0,0,0,0,0,0,0,0,4207,3981,3749,81,16.0,66,0.300,21.621,700.0,2394.0,0.3,0.1,0.0,0.0,0.1,0.0,0.0,0.0,0.0,2,16190,2,No,No,No,No,No,No,No,No,16.745,68.277,100.0,0.000,24.1,0,0,0,0.0,38.4,46.4,35.0,34.4,34.4,34.4,38.6,44.0,37.7,37.7,37.7,37.7,25.94,26.50,22.71,22.70,26.52,26.52,23.07,2.84,5.28,20.66,0.43,661,10,0.8,0.3,0,0,0.0,0.0,0,
9.6.2026,14:28:49.962,15729,33038,32.2,12052,20332,37.2,10.2,16384,1675,1.161,1.165,1.148,1.168,1.138,1.157,1.134,1.129,1.118,1.233,1.133,1.173,1.188,1.188,1.178,1.101,0.846,3356.1,1396.6,4489.0,1396.6,4489.0,4489.0,4489.0,3591.2,3591.2,3591.2,1097.3,3591.2,3591.2,3591.2,3591.2,99.8,4090.0,394.1,127.9,108.2,4.0,726.4,2001.5,0.4,3.9,4001.0,561.8,0.3,313.5,0.1,7.1,0.5,0.6,22.2,0.9,0.5,0.5,1.2,492.5,10.2,4.9,4.3,0.0,21.0,46.6,6.5,0.0,85.7,14.4,5.8,7.8,5.8,0.0,0.0,0.0,1.5,0.0,0.0,0.0,0.0,85.7,10.2,100.0,15.3,5.0,4.5,0.3,29.1,77.3,0.0,0.3,152.8,21.9,0.0,12.6,0.0,0.4,0.0,0.1,1.3,0.1,0.0,0.0,0.1,15.3,33.6,14.0,45.0,14.0,45.0,45.0,45.0,36.0,36.0,36.0,11.0,36.0,36.0,36.0,36.0,41.0,63,63,61,64,72,61,64,61,61,61,61,64,64,64,64,37,37,39,36,28,39,36,39,39,39,39,36,36,36,36,76,72,No,No,No,No,No,No,No,No,No,No,No,No,No,No,No,No,No,No,No,No,No,No,No,No,No,No,No,No,No,No,No,No,No,No,No,No,No,No,No,No,No,No,No,No,No,No,No,No,77,71,66,1.100,10.969,21.293,14.698,0.001,5.225,0.477,175.0,175.0,175.0,175.0,0,0.0,9.3,5.0,4.3,0.2,21.1,46.6,0.0,0.1,85.4,14.0,0.0,7.7,0.0,0.5,0.0,0.0,1.5,0.1,0.0,0.0,0.1,4.7,0.0,21.3,24.3,13.5,6.3,0.6,0.0,0.0,0.0,0.0,0.0,0.0,0.0,0.0,57.4,0.0,0.0,7.3,0.0,0.0,0.0,99.4,99.9,99.8,98.2,99.8,99.8,99.8,99.8,53.4,87.6,51.0,17.2,0.0,75.4,89.4,2394.1,24.00,36,35,35,68,103,383,2,2,Yes,No,No,No,No,No,No,No,No,No,Yes,No,No,No,No,No,No,No,No,No,No,No,No,No,No,No,No,Yes,No,No,No,No,No,No,No,Yes,No,No,83.0,4620,4860,4500,57.8,1.110,1.110,1.815,1.815,1.005,5.110,0.625,No,No,No,58.0,1.095,1.110,1.815,1.815,1.005,5.110,0.875,No,No,No,41,41,94.0,100.0,No,No,32159,47987,36,70,99.0,100.0,No,No,1844,3246,0.0,0.2,0.2,0.000,0.002,96547,53143,0.0,0.0,0.0,0.000,0.000,164001,82786,80.9,74.0,90.6,83.0,0.875,20.575,20.553,20.596,85.622,42.173,66.635,15.950,82.736,3.000,18.952,62.280,45.657,100.000,140.000,2250.0,2150.2,1890.0,2231.9,1905.0,90.0,25.0,0.0,0.0,49.1,23.1,92.4,0.0,0.0,0.0,Yes,No,No,No,No,Yes,No,0,0,0,0,0,0,0,0,0,0,0,0,0,0,0,0,0,0,0,0,0,0,0,0,0,0,0,0,0,0,4167,4021,3790,87,16.0,64,0.300,20.095,700.0,2394.0,0.3,0.1,0.0,0.0,0.1,0.0,0.0,0.0,0.0,2,16190,2,No,No,No,No,No,No,No,No,16.746,68.277,100.0,0.000,24.1,0,0,0,0.0,41.7,44.6,39.6,39.4,39.4,39.4,41.8,42.4,41.5,41.5,41.5,41.5,23.96,24.18,23.63,23.61,24.22,24.22,21.76,2.18,6.22,17.74,0.10,661,10,0.2,0.2,0,0,0.0,0.0,0,
9.6.2026,14:28:51.961,15731,33037,32.2,12054,20329,37.2,10.2,16384,1675,1.188,1.183,1.161,1.191,1.141,1.126,1.191,1.211,1.211,1.203,1.203,1.203,1.203,1.203,1.203,1.101,0.846,2714.8,1396.6,4489.0,4688.5,4489.0,4489.0,4688.5,3591.2,3591.2,1097.3,1097.3,1097.3,1097.3,1097.3,1097.3,99.8,4090.0,398.5,116.9,97.5,3.9,732.0,1961.8,0.4,4.0,3919.7,643.2,0.3,438.8,0.1,5.4,0.8,0.4,42.5,0.7,0.4,0.4,0.5,498.0,9.5,5.0,5.4,0.0,21.2,45.5,0.0,0.0,83.7,15.5,0.0,9.3,0.3,0.0,0.4,0.4,1.4,0.4,0.4,0.4,0.4,83.7,9.5,100.0,15.5,4.8,4.1,0.3,29.4,75.7,0.0,0.3,149.5,25.2,0.0,17.1,0.0,0.3,0.1,0.0,2.4,0.1,0.0,0.0,0.1,15.5,27.2,14.0,45.0,47.0,45.0,45.0,47.0,36.0,36.0,11.0,11.0,11.0,11.0,11.0,11.0,41.0,63,64,66,66,72,61,62,62,62,62,62,62,62,62,62,37,36,34,34,28,39,38,38,38,38,38,38,38,38,38,77,72,No,No,No,No,No,No,No,No,No,No,No,No,No,No,No,No,No,No,No,No,No,No,No,No,No,No,No,No,No,No,No,No,No,No,No,No,No,No,No,No,No,No,No,No,No,No,No,No,76,71,66,1.100,42.188,21.220,14.627,0.002,5.225,0.484,175.0,175.0,175.0,175.0,0,0.0,9.6,5.4,5.1,0.2,21.6,45.7,0.0,0.1,83.6,15.8,0.0,10.4,0.0,0.4,0.0,0.0,2.6,0.1,0.0,0.0,0.0,4.8,3.1,25.0,13.5,15.3,8.0,1.6,0.0,0.0,0.0,0.0,0.0,0.0,0.0,0.0,57.3,0.0,0.0,6.1,0.0,0.0,0.0,99.4,99.8,99.9,97.0,99.8,99.8,99.8,99.8,52.8,82.7,46.8,29.7,0.0,71.6,85.7,2394.1,24.00,36,35,35,68,103,383,2,2,Yes,No,No,No,No,No,No,No,No,No,Yes,No,No,No,No,No,No,No,No,No,No,No,No,No,No,No,No,Yes,No,No,No,No,No,No,No,Yes,No,No,83.0,4560,4860,4440,58.0,1.110,1.110,1.815,1.815,1.005,5.110,0.750,No,No,No,58.0,1.110,1.110,1.815,1.815,1.005,5.110,0.750,No,No,No,41,41,94.0,100.0,No,No,32159,47987,36,70,99.0,100.0,No,No,1844,3246,0.0,1.5,1.5,0.000,0.096,96547,53143,0.0,0.0,0.0,0.000,0.000,164001,82786,80.5,74.0,90.0,83.0,0.875,20.573,20.551,20.594,84.860,41.422,66.828,15.906,82.872,3.000,18.898,56.741,45.710,100.000,140.000,2250.0,2150.2,1890.0,2231.8,1905.0,90.0,25.0,0.0,0.0,49.1,22.5,90.2,0.0,0.0,0.0,Yes,No,No,No,No,Yes,No,0,0,0,0,0,0,0,0,0,0,0,0,0,0,0,0,0,0,0,0,0,0,0,0,0,0,0,0,0,0,4167,4021,3790,87,16.0,66,0.300,22.584,700.0,2394.0,0.3,0.1,0.0,0.0,0.1,0.0,0.0,0.0,0.0,2,16190,2,No,No,No,No,No,No,No,No,16.745,68.277,100.0,0.000,24.1,0,0,0,0.0,41.6,43.6,38.7,38.2,38.2,38.2,41.6,42.5,40.8,40.5,40.5,40.5,24.05,25.31,23.49,23.34,25.61,25.61,21.94,2.02,5.78,18.27,0.24,661,10,0.2,0.2,0,0,0.0,0.0,0,
9.6.2026,14:28:53.958,15732,33036,32.2,12055,20329,37.2,10.2,16384,1675,1.176,1.194,1.174,1.166,1.151,1.167,1.147,1.192,1.202,1.187,1.152,1.206,1.176,1.181,1.166,1.101,0.846,2508.2,1396.6,1396.6,4688.5,4688.5,4688.5,4489.0,1097.3,1097.3,3591.2,1097.3,1097.3,3591.2,1097.3,1097.3,99.8,4090.0,422.7,217.3,117.9,4.0,874.1,2426.4,0.3,3.9,3472.2,711.2,0.3,440.7,0.1,19.1,15.3,24.7,123.0,1.5,1.1,0.5,0.6,528.2,11.1,7.4,4.6,2.5,25.0,54.8,0.9,2.5,74.7,17.0,2.4,11.1,0.0,3.2,1.4,1.7,9.0,1.0,1.0,0.9,0.9,74.7,11.1,100.0,16.5,8.6,4.9,0.3,34.8,93.6,0.0,0.3,132.3,27.7,0.0,17.1,0.0,1.1,0.9,1.4,6.6,0.1,0.1,0.1,0.1,16.5,25.1,14.0,14.0,47.0,47.0,47.0,45.0,11.0,11.0,36.0,11.0,11.0,36.0,11.0,11.0,41.0,63,64,62,64,74,61,60,61,61,61,61,62,62,62,62,37,36,38,36,26,39,40,39,39,39,39,38,38,38,38,76,74,No,No,No,No,No,No,No,No,No,No,No,No,No,No,No,No,No,No,No,No,No,No,No,No,No,No,No,No,No,No,No,No,No,No,No,No,No,No,No,No,No,No,No,No,No,No,No,No,77,72,65,1.100,9.281,20.563,13.952,0.002,5.232,0.486,175.0,175.0,175.0,175.0,0,0.0,10.2,7.3,4.5,0.2,25.0,54.7,0.0,0.1,74.6,16.9,0.0,10.3,0.0,0.9,0.5,0.8,8.2,0.1,0.1,0.0,0.0,6.0,1.3,22.1,32.8,23.9,3.2,0.8,0.0,0.0,0.0,0.0,0.0,0.0,0.0,0.0,57.3,2.7,0.0,9.8,0.5,0.0,2.1,98.8,99.2,98.9,91.3,99.7,99.8,99.9,99.8,48.0,80.8,46.5,0.0,0.0,75.7,85.0,2394.1,24.00,36,35,35,68,103,383,2,2,Yes,No,No,No,No,No,No,No,No,No,Yes,No,No,No,No,No,No,No,No,No,No,No,No,No,No,No,No,Yes,No,No,No,No,No,No,No,Yes,No,No,83.0,4680,4860,4500,58.0,1.110,1.110,1.815,1.815,1.005,5.110,0.625,No,No,No,58.0,1.110,1.110,1.800,1.815,1.005,5.110,0.750,No,No,No,41,41,94.0,100.0,No,No,32159,47987,36,70,99.0,100.0,No,No,1844,3246,0.0,0.1,0.1,0.000,0.000,96547,53143,0.0,0.0,0.0,0.000,0.000,164001,82786,80.9,74.0,90.7,83.0,0.875,20.566,20.545,20.587,85.036,34.619,65.383,15.902,81.423,3.000,18.901,10.956,46.768,100.000,140.000,2250.0,2150.2,1890.0,2231.7,1905.0,89.0,25.0,0.0,0.0,49.1,22.6,90.2,0.0,0.0,0.0,Yes,No,No,No,No,Yes,No,0,0,0,0,0,0,0,0,0,0,0,0,0,0,0,0,0,0,0,0,0,0,0,0,0,0,0,0,0,0,4167,4021,3790,87,16.0,66,0.300,21.734,700.0,2394.0,0.3,0.1,0.0,0.0,0.1,0.0,0.0,0.0,0.0,2,16190,2,No,No,No,No,No,No,No,No,16.746,68.277,100.0,0.000,24.1,0,0,0,0.0,41.6,43.1,40.3,40.3,40.3,40.3,41.6,41.9,41.2,41.1,41.1,41.1,24.03,24.21,23.83,23.81,24.22,24.22,21.90,2.13,5.88,18.14,0.11,661,10,0.1,0.2,0,0,0.0,0.0,0,
9.6.2026,14:28:55.962,15810,32958,32.4,12064,20320,37.2,10.2,16384,1675,1.174,1.168,1.159,1.154,1.159,1.179,1.213,1.168,1.173,1.173,1.155,1.185,1.180,1.180,1.185,1.063,0.846,2451.1,1396.6,1396.6,1396.6,4489.0,4688.5,4688.5,1097.3,3591.2,1097.3,1097.3,3591.2,1097.3,1097.3,3591.2,99.8,3890.5,422.2,169.6,80.8,3.5,777.0,1937.2,0.5,3.7,4001.1,690.9,0.3,559.3,0.3,40.5,51.9,14.1,109.8,1.1,0.6,0.7,1.3,527.5,10.6,6.7,2.5,0.0,23.1,45.5,3.9,0.0,85.2,17.9,1.0,13.6,0.9,2.6,2.3,0.1,7.3,0.0,0.0,0.0,0.0,85.2,10.6,100.0,16.5,6.8,3.4,0.3,31.1,75.0,0.0,0.3,152.6,26.9,0.0,21.7,0.0,2.2,2.8,0.8,6.0,0.1,0.1,0.1,0.1,16.5,24.6,14.0,14.0,14.0,45.0,47.0,47.0,11.0,36.0,11.0,11.0,36.0,11.0,11.0,36.0,39.0,64,64,67,71,68,64,66,61,61,61,61,64,64,64,64,36,36,33,29,32,36,34,39,39,39,39,36,36,36,36,76,71,No,No,No,No,No,No,No,No,No,No,No,No,No,No,No,No,No,No,No,No,No,No,No,No,No,No,No,No,No,No,No,No,No,No,No,No,No,No,No,No,No,No,No,No,No,No,No,No,76,71,66,1.100,12.656,21.852,15.253,0.002,5.250,0.488,175.0,175.0,175.0,175.0,0,0.0,10.4,6.6,3.1,0.2,23.0,45.3,0.0,0.1,85.0,17.9,0.0,13.5,0.0,2.4,2.9,0.8,7.1,0.1,0.1,0.1,0.1,4.9,2.9,24.8,18.9,14.2,6.3,1.4,0.0,0.0,0.0,0.0,0.0,0.0,0.0,0.0,57.0,0.0,0.9,12.9,0.0,0.0,0.0,97.2,96.9,99.1,92.3,99.7,99.8,99.8,99.8,50.0,84.1,44.8,18.2,0.0,71.2,81.5,2394.1,24.00,36,35,35,68,103,383,2,2,Yes,No,No,No,No,No,No,No,No,No,Yes,No,No,No,No,No,No,No,No,No,No,No,No,No,No,No,No,Yes,No,No,No,No,No,No,No,Yes,No,No,82.0,4620,4800,4440,58.0,1.110,1.110,1.815,1.815,1.005,5.110,0.875,No,No,No,58.0,1.110,1.110,1.815,1.815,1.005,5.110,1.125,No,No,No,41,41,94.0,100.0,No,No,32159,47987,36,70,99.0,100.0,No,No,1844,3246,0.0,1.2,1.2,0.000,0.057,96547,53143,0.0,0.0,0.0,0.000,0.000,164001,82786,80.8,74.0,90.6,83.0,0.875,20.581,20.560,20.601,84.824,36.951,64.736,15.955,80.818,3.000,18.947,23.291,51.913,100.000,140.000,2250.0,2150.2,1890.0,2231.7,1905.0,90.0,25.0,0.0,1.0,49.5,22.7,90.8,0.0,0.0,0.0,Yes,No,No,No,No,Yes,No,0,0,0,0,0,0,0,0,0,0,0,0,0,0,0,0,0,0,0,0,0,0,0,0,0,0,0,0,0,0,4134,4054,3822,87,16.0,66,0.300,21.037,700.0,2394.0,0.3,0.1,0.0,0.0,0.1,0.0,0.0,0.0,0.0,2,16190,2,No,No,No,No,No,No,No,No,16.746,68.277,100.0,0.000,24.1,0,0,0,0.0,41.4,44.3,39.0,38.9,38.9,38.9,41.4,43.6,39.5,39.4,39.4,39.4,24.15,25.33,22.95,22.75,25.38,25.38,22.14,1.99,5.76,18.39,0.37,661,10,0.2,0.3,0,0,0.0,0.0,0,
9.6.2026,14:28:57.968,15778,32990,32.3,12056,20328,37.2,10.2,16384,1675,1.184,1.152,1.165,1.160,1.170,1.180,1.175,1.205,1.205,1.170,1.170,1.205,1.205,1.206,1.206,1.101,0.846,1916.7,4489.0,1396.6,1396.6,1396.6,4688.5,4688.5,1097.3,1097.3,1097.3,1097.3,1097.3,1097.3,1097.3,1097.3,99.8,4090.0,386.8,93.8,98.6,4.0,760.9,1541.9,0.4,4.0,4159.7,573.1,0.3,396.8,0.2,21.9,12.4,0.9,65.3,0.8,0.4,0.4,0.5,483.4,9.4,5.0,5.5,0.0,21.7,38.1,0.0,0.0,87.9,14.5,0.0,8.4,0.0,0.4,0.4,0.0,5.2,0.0,0.0,0.0,0.0,87.9,9.4,100.0,15.1,3.7,4.1,0.3,30.3,60.1,0.0,0.3,158.4,22.5,0.0,15.7,0.0,1.2,0.7,0.1,3.5,0.1,0.0,0.0,0.1,15.1,19.2,45.0,14.0,14.0,14.0,47.0,47.0,11.0,11.0,11.0,11.0,11.0,11.0,11.0,11.0,41.0,63,63,64,62,64,65,62,62,62,62,62,64,64,62,62,37,37,36,38,36,35,38,38,38,38,38,36,36,38,38,76,65,No,No,No,No,No,No,No,No,No,No,No,No,No,No,No,No,No,No,No,No,No,No,No,No,No,No,No,No,No,No,No,No,No,No,No,No,No,No,No,No,No,No,No,No,No,No,No,No,76,74,66,1.100,13.500,22.838,16.189,0.001,5.245,0.488,175.0,175.0,175.0,175.0,0,0.0,9.4,4.7,4.6,0.2,21.5,37.9,0.0,0.1,87.8,14.3,0.0,9.5,0.0,1.6,0.9,0.1,5.0,0.1,0.0,0.0,0.1,4.3,0.4,23.2,15.3,11.7,7.6,2.4,0.0,0.0,0.0,0.0,0.0,0.0,0.0,0.0,57.0,0.0,0.0,7.6,0.0,0.0,0.0,98.2,98.9,99.8,94.7,99.8,99.8,99.8,99.8,54.7,87.1,49.1,33.0,0.0,73.5,85.3,2394.1,24.00,36,35,35,68,103,383,2,2,Yes,No,No,No,No,No,No,No,No,No,Yes,No,No,No,No,No,No,No,No,No,No,No,No,No,No,No,No,Yes,No,No,No,No,No,No,No,Yes,No,No,83.0,4560,4860,4440,57.8,1.110,1.110,1.815,1.815,1.005,5.110,0.625,No,No,No,58.0,1.110,1.110,1.815,1.815,0.990,5.110,0.750,No,No,No,41,41,94.0,100.0,No,No,32159,47987,36,70,99.0,100.0,No,No,1844,3246,0.0,1.0,1.0,0.000,0.065,96547,53144,0.0,0.0,0.0,0.000,0.000,164001,82786,79.6,74.0,89.1,83.0,0.875,20.580,20.560,20.600,82.656,33.781,64.046,15.276,79.473,3.000,18.270,10.822,45.579,100.000,140.000,2250.0,2150.2,1890.0,2232.2,1905.0,89.0,22.0,0.0,0.0,49.1,22.1,88.6,0.0,0.0,0.0,Yes,No,No,No,No,Yes,No,0,0,0,0,0,0,0,0,0,0,0,0,0,0,0,0,0,0,0,0,0,0,0,0,0,0,0,0,0,0,4166,4022,3790,86,16.0,64,0.300,21.193,700.0,2394.0,0.3,0.1,0.0,0.0,0.1,0.0,0.0,0.0,0.0,2,16190,2,No,No,No,No,No,No,No,No,16.746,68.277,100.0,0.000,24.1,0,0,0,0.0,42.1,44.4,39.2,38.9,38.8,38.8,42.1,42.9,40.2,39.9,39.9,39.9,23.74,24.93,23.28,23.25,25.16,25.16,21.29,2.44,5.08,18.66,0.26,661,10,0.1,0.2,0,0,0.0,0.0,0,
9.6.2026,14:28:59.968,15736,33032,32.2,12057,20327,37.2,10.2,16384,1675,1.187,1.186,1.194,1.154,1.144,1.132,1.152,1.177,1.177,1.208,1.228,1.198,1.223,1.223,1.223,1.063,0.846,3662.5,4489.0,4688.5,4489.0,4489.0,4688.5,4688.5,1097.3,1097.3,3591.2,3591.2,3591.2,3591.2,3591.2,3591.2,99.8,3890.5,388.3,88.8,115.7,4.3,838.0,2088.5,0.4,3.7,3661.4,519.9,0.3,366.4,0.1,9.3,4.3,3.0,58.4,0.8,0.5,0.5,1.2,485.2,11.6,4.6,4.8,1.7,23.0,48.2,16.9,1.6,77.9,12.9,9.9,9.8,14.7,1.4,0.3,0.3,4.3,0.1,0.1,0.1,0.1,77.9,11.6,100.0,15.1,3.6,4.9,0.3,33.0,80.5,0.0,0.3,139.5,20.4,0.0,14.1,0.0,0.5,0.3,0.2,3.2,0.1,0.0,0.0,0.1,15.1,36.7,45.0,47.0,45.0,45.0,47.0,47.0,11.0,11.0,36.0,36.0,36.0,36.0,36.0,36.0,39.0,64,63,66,64,72,66,64,62,62,62,62,62,62,62,62,36,37,34,36,28,34,36,38,38,38,38,38,38,38,38,76,72,No,No,No,No,No,No,No,No,No,No,No,No,No,No,No,No,No,No,No,No,No,No,No,No,No,No,No,No,No,No,No,No,No,No,No,No,No,No,No,No,No,No,No,No,No,No,No,No,76,71,64,1.100,27.000,20.668,14.070,0.002,5.230,0.480,175.0,175.0,175.0,175.0,0,0.0,9.3,4.6,5.6,0.2,23.0,48.2,0.0,0.1,77.9,12.9,0.0,8.4,0.0,0.6,0.3,0.3,4.3,0.1,0.0,0.0,0.1,4.2,0.1,18.6,10.2,21.2,6.8,1.7,0.0,0.0,0.0,0.0,0.0,0.0,0.0,0.0,57.3,0.0,0.0,9.3,0.0,0.0,0.0,99.2,99.6,99.6,95.4,99.8,99.8,99.8,99.8,55.0,86.0,52.2,27.1,0.0,76.1,88.4,2394.1,24.00,36,35,35,68,103,383,2,2,Yes,No,No,No,No,No,No,No,No,No,Yes,No,No,No,No,No,No,No,No,No,No,No,No,No,No,No,No,Yes,No,No,No,No,No,No,No,Yes,No,No,83.0,4560,4800,4440,57.8,1.110,1.110,1.815,1.815,1.005,5.110,0.875,No,No,No,58.0,1.110,1.110,1.815,1.815,1.005,5.110,0.625,No,No,No,41,41,94.0,100.0,No,No,32159,47987,36,70,99.0,100.0,No,No,1844,3246,0.0,0.5,0.5,0.000,0.005,96547,53144,0.0,0.0,0.0,0.000,0.000,164001,82786,80.4,72.0,90.0,83.0,0.875,20.571,20.551,20.591,82.826,41.578,64.490,15.331,79.957,3.000,18.331,61.121,48.816,100.000,140.000,2250.0,2150.2,1890.0,2231.8,1905.0,89.0,23.0,0.0,0.0,49.1,22.2,88.7,0.0,0.0,0.0,Yes,No,No,No,No,Yes,No,0,0,0,0,0,0,0,0,0,0,0,0,0,0,0,0,0,0,0,0,0,0,0,0,0,0,0,0,0,0,4166,4022,3790,85,16.0,66,0.300,20.901,700.0,2394.0,0.3,0.1,0.0,0.0,0.1,0.0,0.0,0.0,0.0,2,16190,2,No,No,No,No,No,No,No,No,16.745,68.277,100.0,0.000,24.1,0,0,0,0.0,42.3,44.1,40.7,40.6,40.6,40.6,42.2,42.8,41.5,41.4,41.4,41.4,23.68,24.10,23.41,23.41,24.15,24.15,21.13,2.55,5.11,18.58,0.21,661,10,0.4,0.2,0,0,0.0,0.0,0,
9.6.2026,14:29:1.972,15736,33032,32.2,12059,20325,37.2,10.2,16384,1675,1.191,1.217,1.177,1.212,1.182,1.132,1.156,1.161,1.161,1.196,1.201,1.213,1.218,1.228,1.213,1.063,0.846,2508.2,4489.0,4688.5,4688.5,4688.5,1396.6,1396.6,3591.2,3591.2,1097.3,1097.3,1097.3,1097.3,1097.3,1097.3,99.8,3890.5,389.8,134.1,142.9,4.8,896.0,1872.4,0.6,3.9,3889.8,540.2,0.4,236.2,0.5,8.3,6.4,15.5,41.7,0.9,0.6,0.6,0.7,487.1,10.4,5.9,4.9,2.4,25.0,44.0,3.0,2.4,82.5,13.3,1.5,5.8,1.5,1.4,1.9,2.4,2.8,1.6,1.6,1.6,1.6,82.5,10.4,100.0,15.2,5.4,5.9,0.4,35.6,72.6,0.0,0.3,148.2,21.2,0.0,9.3,0.0,0.5,0.4,0.9,2.3,0.1,0.1,0.1,0.1,15.2,25.1,45.0,47.0,47.0,47.0,14.0,14.0,36.0,36.0,11.0,11.0,11.0,11.0,11.0,11.0,39.0,64,63,67,63,72,60,59,63,63,63,63,64,64,64,64,36,37,33,37,28,40,41,37,37,37,37,36,36,36,36,77,72,No,No,No,No,No,No,No,No,No,No,No,No,No,No,No,No,No,No,No,No,No,No,No,No,No,No,No,No,No,No,No,No,No,No,No,No,No,No,No,No,No,No,No,No,No,No,No,No,76,72,66,1.100,6.750,20.212,13.625,0.002,5.221,0.480,175.0,175.0,175.0,175.0,0,0.0,9.3,5.9,4.1,0.2,25.0,44.0,0.0,0.1,82.4,13.2,0.0,5.8,0.0,0.6,0.4,0.9,2.8,0.1,0.1,0.1,0.1,4.2,1.7,21.0,14.0,16.9,4.4,0.3,0.0,0.0,0.0,0.0,0.0,0.0,0.0,0.0,57.8,0.0,0.0,16.0,0.0,0.0,0.0,99.2,99.5,98.9,96.7,99.7,99.8,99.8,99.8,54.0,84.5,47.3,21.0,0.0,78.9,92.4,2394.1,24.00,36,35,35,68,103,383,2,2,Yes,No,No,No,No,No,No,No,No,No,Yes,No,No,No,No,No,No,No,No,No,No,No,No,No,No,No,No,Yes,No,No,No,No,No,No,No,Yes,No,No,83.0,4500,4740,4380,57.8,1.110,1.110,1.815,1.815,1.005,5.110,0.625,No,No,No,58.0,1.110,1.110,1.815,1.815,1.005,5.110,1.000,No,No,No,41,41,94.0,100.0,No,No,32159,47987,36,70,99.0,100.0,No,No,1844,3246,0.0,1.5,1.5,0.000,0.109,96547,53144,0.0,0.0,0.0,0.000,0.000,164001,82786,79.5,72.0,88.5,83.0,0.875,20.574,20.553,20.594,83.059,43.555,65.477,15.250,80.874,3.000,18.242,76.118,45.925,100.000,140.000,2250.0,2150.2,1890.0,2231.7,1905.0,88.0,22.0,0.0,0.0,49.1,21.9,87.8,0.0,0.0,0.0,Yes,No,No,No,No,Yes,No,0,0,0,0,0,0,0,0,0,0,0,0,0,0,0,0,0,0,0,0,0,0,0,0,0,0,0,0,0,0,4166,4022,3790,57,16.0,66,0.300,20.205,700.0,2394.0,0.3,0.1,0.0,0.0,0.1,0.0,0.0,0.0,0.0,5,16187,2,No,No,No,No,No,No,No,No,16.746,68.277,100.0,0.000,24.1,0,0,0,0.0,42.3,44.2,40.4,40.2,40.2,40.2,42.3,42.5,42.1,42.1,42.1,42.1,23.63,23.77,23.51,23.50,23.78,23.78,20.99,2.64,5.15,18.48,0.08,661,10,0.1,0.2,0,0,0.0,0.0,0,
9.6.2026,14:29:3.970,15730,33038,32.2,12052,20332,37.2,10.2,16384,1675,1.167,1.192,1.136,1.181,1.158,1.173,1.173,1.153,1.158,1.138,1.167,1.167,1.162,1.187,1.192,1.063,0.846,3156.6,4688.5,4489.0,4688.5,4688.5,4688.5,4688.5,1097.3,3591.2,1097.3,1097.3,1097.3,3591.2,1097.3,3591.2,99.8,3890.5,390.5,149.0,73.1,4.1,746.2,1593.9,0.6,3.9,4139.3,541.2,0.4,391.3,0.3,34.5,28.1,8.1,68.8,1.8,24.2,0.6,0.7,486.4,9.6,7.2,3.3,0.0,23.5,38.4,0.0,0.0,88.5,14.0,0.0,8.0,0.0,1.3,0.7,0.0,5.6,0.0,0.6,0.0,0.0,88.5,9.6,100.0,15.3,6.3,3.1,0.3,30.4,62.3,0.0,0.3,157.6,21.2,0.0,15.4,0.0,1.9,1.5,0.5,3.7,0.1,1.3,0.1,0.1,15.3,31.6,47.0,45.0,47.0,47.0,47.0,47.0,11.0,36.0,11.0,11.0,11.0,36.0,11.0,36.0,39.0,64,63,65,67,71,65,62,62,62,62,62,64,64,64,64,36,37,35,33,29,35,38,38,38,38,38,36,36,36,36,76,71,No,No,No,No,No,No,No,No,No,No,No,No,No,No,No,No,No,No,No,No,No,No,No,No,No,No,No,No,No,No,No,No,No,No,No,No,No,No,No,No,No,No,No,No,No,No,No,No,77,77,65,1.100,24.469,21.071,14.472,0.001,5.226,0.482,175.0,175.0,175.0,175.0,0,0.0,10.0,7.2,4.1,0.2,23.5,38.4,0.0,0.1,88.4,14.1,0.0,9.5,0.0,2.8,2.3,0.7,5.6,0.2,2.1,0.1,0.1,5.0,4.7,26.7,20.6,11.0,6.3,1.4,0.0,0.0,0.0,0.0,0.0,0.0,0.0,0.0,56.4,0.0,0.0,4.9,0.0,0.0,0.0,97.0,97.5,99.2,94.0,99.6,97.7,99.8,99.8,52.2,80.1,42.4,29.7,0.0,75.2,85.8,2394.1,24.00,36,35,35,68,103,383,2,2,Yes,No,No,No,No,No,No,No,No,No,Yes,No,No,No,No,No,No,No,No,No,No,No,No,No,No,No,No,Yes,No,No,No,No,No,No,No,Yes,No,No,83.0,4500,4740,4380,57.8,1.110,1.110,1.815,1.815,1.005,5.110,0.750,No,No,No,58.0,1.110,1.110,1.815,1.815,1.005,5.110,0.875,No,No,No,41,41,94.0,100.0,No,No,32159,47987,36,70,99.0,100.0,No,No,1844,3246,0.0,0.1,0.1,0.000,0.002,96547,53144,0.0,0.0,0.0,0.000,0.000,164001,82786,80.4,72.0,89.9,83.0,0.875,20.585,20.566,20.605,82.858,41.645,64.840,15.198,80.193,3.000,18.210,63.215,46.857,100.000,140.000,2250.0,2150.2,1890.0,2231.9,1905.0,89.0,22.0,0.0,0.0,49.1,22.0,88.1,0.0,0.0,0.0,Yes,No,No,No,No,Yes,No,0,0,0,0,0,0,0,0,0,0,0,0,0,0,0,0,0,0,0,0,0,0,0,0,0,0,0,0,0,0,4166,4022,3790,56,16.0,65,0.300,20.038,700.0,2394.0,0.3,0.1,0.0,0.0,0.1,0.0,0.0,0.0,0.0,2,16190,2,No,No,No,No,No,No,No,No,16.746,68.277,100.0,0.000,24.1,0,0,0,0.0,42.3,46.8,38.3,37.1,37.0,37.0,42.3,45.0,40.1,39.7,39.7,39.7,23.64,24.88,22.20,22.00,25.13,25.13,21.05,2.58,4.93,18.72,0.46,661,10,0.2,0.5,0,0,0.0,0.0,0,
9.6.2026,14:29:5.966,15728,33040,32.2,12051,20332,37.2,10.2,16384,1675,1.175,1.215,1.170,1.195,1.195,1.188,1.173,1.153,1.163,1.163,1.153,1.171,1.171,1.171,1.171,1.141,0.846,3470.1,4688.5,1396.6,4688.5,4688.5,4688.5,4688.5,1097.3,3591.2,3591.2,1097.3,3591.2,3591.2,3591.2,3591.2,99.8,4289.5,381.6,84.1,168.9,4.6,843.3,2001.5,0.5,4.1,3707.2,563.5,0.3,225.1,0.2,8.3,1.4,0.5,15.7,0.9,0.6,0.5,1.4,476.8,9.4,4.3,4.4,0.0,22.6,46.0,3.8,0.0,79.0,12.9,9.9,5.2,0.0,0.6,0.1,0.1,0.0,0.1,0.1,0.1,0.1,79.0,9.4,100.0,14.8,3.4,7.0,0.4,33.3,77.3,0.0,0.3,141.3,22.0,0.0,8.7,0.0,0.5,0.1,0.1,0.9,0.1,0.1,0.1,0.1,14.8,34.8,47.0,14.0,47.0,47.0,47.0,47.0,11.0,36.0,36.0,11.0,36.0,36.0,36.0,36.0,43.0,63,64,66,64,71,62,58,62,62,62,62,62,62,62,62,37,36,34,36,29,38,42,38,38,38,38,38,38,38,38,76,71,No,No,No,No,No,No,No,No,No,No,No,No,No,No,No,No,No,No,No,No,No,No,No,No,No,No,No,No,No,No,No,No,No,No,No,No,No,No,No,No,No,No,No,No,No,No,No,No,76,71,65,1.100,7.594,20.221,13.628,0.002,5.217,0.479,175.0,175.0,175.0,175.0,0,0.0,8.8,4.2,4.4,0.2,22.6,46.0,0.0,0.1,78.8,13.5,0.0,5.1,0.0,0.5,0.1,0.0,0.9,0.1,0.0,0.0,0.1,4.3,0.3,18.0,16.5,20.4,4.5,0.8,0.0,0.0,0.0,0.0,0.0,0.0,0.0,0.0,57.6,0.0,0.0,9.1,0.0,0.0,0.0,99.3,99.8,99.8,98.8,99.8,99.8,99.8,99.8,55.9,87.3,53.1,23.6,0.0,78.5,93.2,997.6,10.00,22,15,15,28,103,160,2,2,Yes,No,No,No,No,No,No,No,No,No,Yes,No,No,No,No,No,No,No,No,No,No,No,No,No,No,No,No,Yes,No,No,No,No,No,No,No,Yes,No,No,83.0,4500,4680,4380,57.8,1.110,1.110,1.800,1.815,1.005,5.110,0.750,No,No,No,58.0,1.110,1.110,1.800,1.815,1.005,5.110,1.500,No,No,No,41,41,94.0,100.0,No,No,32159,47987,36,70,99.0,100.0,No,No,1844,3246,0.0,1.0,1.0,0.000,0.164,96547,53144,0.0,0.0,0.0,0.000,0.000,164001,82786,80.1,74.0,89.4,83.0,0.875,20.575,20.553,20.596,83.491,40.289,66.233,15.600,81.993,3.000,18.599,52.530,44.068,100.000,140.000,2250.0,2150.2,1890.0,2231.2,1905.0,88.0,24.0,0.0,0.0,49.1,21.7,87.0,0.0,0.0,0.0,Yes,No,No,No,No,Yes,No,0,0,0,0,0,0,0,0,0,0,0,0,0,0,0,0,0,0,0,0,0,0,0,0,0,0,0,0,0,0,4167,4021,3790,55,16.0,66,0.300,21.351,700.0,997.0,0.3,0.1,0.0,0.0,0.1,0.0,0.0,0.0,0.0,2,16190,2,No,No,No,No,No,No,No,No,16.745,68.277,100.0,0.000,24.1,0,0,0,0.0,42.7,44.8,40.6,40.6,40.6,40.6,42.6,43.1,42.0,41.9,41.9,41.9,23.46,23.79,23.27,23.25,23.81,23.81,20.60,2.85,4.98,18.48,0.11,661,10,0.2,0.2,0,0,0.0,0.0,0,
9.6.2026,14:29:7.976,15726,33042,32.2,12054,20329,37.2,10.2,16384,1675,1.166,0.790,1.183,1.198,1.168,1.168,1.183,1.163,1.223,1.203,1.208,1.213,1.208,1.208,1.208,1.141,0.846,2379.9,798.0,1396.6,4688.5,4688.5,798.0,4688.5,1097.3,3591.2,3591.2,1097.3,3591.2,1097.3,1097.3,1097.3,99.8,4289.5,401.1,165.7,64.2,4.0,736.2,1980.0,0.4,3.3,3890.8,546.2,0.3,414.2,0.2,65.2,35.1,8.7,104.5,1.0,0.6,0.5,0.6,501.2,11.5,8.2,3.7,1.7,23.9,46.7,12.9,1.6,83.4,14.6,1.6,11.5,0.0,5.2,2.5,0.7,11.9,0.1,0.1,0.0,0.0,83.4,11.5,100.0,15.8,7.0,2.8,0.3,30.1,77.0,0.0,0.3,148.3,21.5,0.0,16.3,0.0,3.5,1.9,0.5,5.7,0.1,0.1,0.1,0.1,15.8,23.9,8.0,14.0,47.0,47.0,8.0,47.0,11.0,36.0,36.0,11.0,36.0,11.0,11.0,11.0,43.0,63,64,66,64,72,62,63,61,61,61,61,62,62,62,62,37,36,34,36,28,38,37,39,39,39,39,38,38,38,38,77,72,No,No,No,No,No,No,No,No,No,No,No,No,No,No,No,No,No,No,No,No,No,No,No,No,No,No,No,No,No,No,No,No,No,No,No,No,No,No,No,No,No,No,No,No,No,No,No,No,76,72,65,1.100,25.313,19.967,13.396,0.002,5.218,0.479,175.0,175.0,175.0,175.0,0,0.0,10.4,8.2,4.5,0.2,24.0,46.6,0.0,0.1,83.2,14.0,0.0,10.8,0.0,5.1,2.5,0.6,7.6,0.1,0.1,0.0,0.1,5.5,5.3,25.7,18.0,15.6,9.6,2.9,0.0,0.0,0.0,0.0,0.0,0.0,0.0,0.0,56.7,0.0,0.0,11.0,0.3,0.0,0.0,94.6,97.3,99.2,91.8,99.7,99.8,99.8,99.8,49.1,77.9,42.5,19.2,0.0,72.0,82.9,2394.1,24.00,36,35,35,68,103,383,2,2,Yes,No,No,No,No,No,No,No,No,No,Yes,No,No,No,No,No,No,No,No,No,No,No,No,No,No,No,No,Yes,No,No,No,No,No,No,No,Yes,No,No,83.0,4500,4740,4380,57.8,1.110,1.110,1.800,1.815,1.005,5.110,0.750,No,No,No,58.0,1.110,1.110,1.800,1.815,1.005,5.110,0.750,No,No,No,40,40,94.0,100.0,No,No,32159,47987,36,70,99.0,100.0,No,No,1844,3246,0.0,0.5,0.5,0.000,0.068,96547,53144,0.0,0.0,0.0,0.000,0.000,164001,82786,80.0,74.0,89.4,83.0,0.875,20.565,20.542,20.587,83.869,40.400,66.866,15.592,82.597,3.000,18.586,50.678,45.484,100.000,140.000,2250.0,2150.2,1890.0,2231.1,1905.0,88.0,24.0,0.0,0.0,49.1,21.8,87.1,0.0,0.0,0.0,Yes,No,No,No,No,Yes,No,0,0,0,0,0,0,0,0,0,0,0,0,0,0,0,0,0,0,0,0,0,0,0,0,0,0,0,0,0,0,4166,4022,3790,55,16.0,66,0.300,21.320,700.0,2394.0,0.3,0.1,0.0,0.0,0.1,0.0,0.0,0.0,0.0,2,16190,2,No,No,No,No,No,No,No,No,16.746,68.277,100.0,0.000,24.1,0,0,0,0.0,42.4,44.1,40.4,40.2,40.2,40.2,42.4,42.8,42.0,42.0,42.0,42.0,23.58,23.82,23.36,23.34,23.83,23.83,20.80,2.78,4.77,18.81,0.16,661,10,0.3,0.3,0,0,0.0,0.0,0,
9.6.2026,14:29:9.982,15726,33042,32.2,12051,20333,37.2,10.2,16384,1675,1.188,1.194,1.167,1.160,1.135,1.125,1.224,1.184,1.229,1.184,1.209,1.189,1.204,1.199,1.218,1.101,0.846,3370.3,1396.6,4489.0,4489.0,1396.6,4489.0,4688.5,3591.2,3591.2,3591.2,3591.2,3591.2,3591.2,1097.3,3591.2,99.8,4090.0,380.2,82.5,130.5,4.4,814.6,1780.8,0.6,3.9,3993.7,550.5,0.2,209.8,0.2,5.1,0.6,0.6,23.5,0.9,0.5,0.5,1.3,475.1,11.2,4.0,6.0,2.4,22.5,41.9,16.9,2.4,84.5,13.4,18.0,4.8,0.0,1.2,0.8,0.8,0.7,0.9,0.8,0.8,0.9,84.5,11.2,100.0,14.7,3.3,5.5,0.4,32.1,69.0,0.0,0.3,152.1,21.4,0.0,8.0,0.0,0.3,0.1,0.1,1.3,0.1,0.1,0.1,0.1,14.7,33.8,14.0,45.0,45.0,14.0,45.0,47.0,36.0,36.0,36.0,36.0,36.0,36.0,11.0,36.0,41.0,64,64,67,64,68,61,68,61,61,61,61,64,64,64,64,36,36,33,36,32,39,32,39,39,39,39,36,36,36,36,76,68,No,No,No,No,No,No,No,No,No,No,No,No,No,No,No,No,No,No,No,No,No,No,No,No,No,No,No,No,No,No,No,No,No,No,No,No,No,No,No,No,No,No,No,No,No,No,No,No,76,67,65,1.100,8.438,21.697,15.098,0.001,5.220,0.479,175.0,175.0,175.0,175.0,0,0.0,8.9,4.0,5.3,0.2,22.5,41.9,0.0,0.1,84.3,13.5,0.0,4.9,0.0,0.4,0.1,0.0,1.5,0.1,0.1,0.1,0.1,3.7,0.1,17.9,15.0,15.0,3.2,0.7,0.0,0.0,0.0,0.0,0.0,0.0,0.0,0.0,57.2,0.0,0.0,4.5,0.0,0.0,0.0,99.4,99.8,99.8,98.2,99.7,99.8,99.8,99.8,57.8,87.1,53.6,33.0,0.0,79.8,93.1,2394.1,24.00,36,35,35,68,103,383,2,2,Yes,No,No,No,No,No,No,No,No,No,Yes,No,No,No,No,No,No,No,No,No,No,No,No,No,No,No,No,Yes,No,No,No,No,No,No,No,Yes,No,No,82.0,4560,4740,4380,57.8,1.110,1.110,1.800,1.815,1.005,5.110,0.625,No,No,No,57.8,1.110,1.110,1.800,1.815,1.005,5.110,0.750,No,No,No,40,40,94.0,100.0,No,No,32159,47987,36,70,99.0,100.0,No,No,1844,3246,0.1,0.7,0.8,0.028,0.024,96547,53144,0.0,0.0,0.0,0.000,0.000,164001,82786,80.9,74.0,90.8,83.0,0.875,20.573,20.553,20.594,84.035,38.384,64.323,15.928,80.400,3.000,18.921,37.433,48.683,100.000,140.000,2250.0,2150.2,1890.0,2231.5,1905.0,87.0,24.0,0.0,0.0,49.1,21.9,87.5,0.0,0.0,0.0,Yes,No,No,No,No,Yes,No,0,0,0,0,0,0,0,0,0,0,0,0,0,0,0,0,0,0,0,0,0,0,0,0,0,0,0,0,0,0,4166,4022,3790,55,16.0,66,0.300,20.385,700.0,2394.0,0.3,0.1,0.0,0.0,0.1,0.0,0.0,0.0,0.0,2,16190,2,No,No,No,No,No,No,No,No,16.745,68.277,100.0,0.000,24.1,0,0,0,0.0,42.3,44.0,40.4,40.2,40.2,40.2,42.2,42.7,40.2,39.9,39.8,39.8,23.65,24.27,23.44,23.42,24.45,24.45,21.02,2.73,4.78,18.87,0.19,661,10,0.5,0.2,0,0,0.0,0.0,0,
9.6.2026,14:29:11.983,15722,33046,32.2,12050,20334,37.2,10.2,16384,1675,1.162,1.147,1.141,1.141,1.131,1.190,1.155,1.155,1.155,1.164,1.169,1.184,1.184,1.164,1.184,1.063,0.846,2565.2,4489.0,4489.0,4489.0,4489.0,4688.5,4489.0,1097.3,1097.3,1097.3,1097.3,1097.3,1097.3,1097.3,1097.3,99.8,3890.5,384.4,89.3,167.1,4.6,849.0,1980.2,0.4,3.8,3772.0,560.7,0.2,185.3,0.1,18.2,3.7,0.5,50.7,0.7,0.4,0.4,0.5,480.4,9.1,4.3,5.3,0.0,23.6,46.2,0.0,0.0,79.9,13.9,0.0,4.3,0.0,1.3,0.0,0.0,4.0,0.0,0.0,0.0,0.0,79.9,9.1,100.0,14.9,3.6,6.9,0.4,33.8,76.6,0.0,0.3,143.6,21.9,0.0,7.3,0.0,1.0,0.2,0.0,2.8,0.1,0.0,0.0,0.1,14.9,25.7,45.0,45.0,45.0,45.0,47.0,45.0,11.0,11.0,11.0,11.0,11.0,11.0,11.0,11.0,39.0,64,64,68,67,71,63,62,62,62,62,63,64,64,64,64,36,36,32,33,29,37,38,38,38,38,37,36,36,36,36,76,71,No,No,No,No,No,No,No,No,No,No,No,No,No,No,No,No,No,No,No,No,No,No,No,No,No,No,No,No,No,No,No,No,No,No,No,No,No,No,No,No,No,No,No,No,No,No,No,No,76,74,66,1.100,10.125,21.197,14.622,0.003,5.207,0.476,175.0,175.0,175.0,175.0,0,0.0,9.1,4.3,4.6,0.2,23.6,46.2,0.0,0.1,79.9,14.0,0.0,4.2,0.0,1.3,0.3,0.0,3.3,0.1,0.0,0.0,0.0,4.4,0.1,19.8,20.1,18.2,3.6,0.0,0.0,0.0,0.0,0.0,0.0,0.0,0.0,0.0,57.7,0.0,0.0,12.6,1.1,0.0,0.0,98.5,99.6,99.9,96.4,99.8,99.8,99.8,99.8,54.5,87.3,49.8,16.4,0.0,78.5,94.8,2394.1,24.00,36,35,35,68,103,383,2,2,Yes,No,No,No,No,No,No,No,No,No,Yes,No,No,No,No,No,No,No,No,No,No,No,No,No,No,No,No,Yes,No,No,No,No,No,No,No,Yes,No,No,83.0,4500,4740,4380,57.8,1.110,1.110,1.800,1.815,1.005,5.110,0.875,No,No,No,57.8,1.110,1.110,1.800,1.815,1.005,5.110,1.000,No,No,No,41,41,94.0,100.0,No,No,32159,47987,36,70,99.0,100.0,No,No,1844,3246,0.0,0.8,0.8,0.000,0.044,96547,53144,0.0,0.0,0.0,0.000,0.000,164001,82786,80.2,74.0,89.5,83.0,0.875,20.577,20.556,20.599,84.556,38.219,66.670,15.684,82.499,3.000,18.679,34.755,46.246,100.000,140.000,2250.0,2150.2,1890.0,2231.5,1905.0,88.0,24.0,0.0,0.0,49.1,21.8,87.3,0.0,0.0,0.0,Yes,No,No,No,No,Yes,No,0,0,0,0,0,0,0,0,0,0,0,0,0,0,0,0,0,0,0,0,0,0,0,0,0,0,0,0,0,0,4166,4022,3790,54,16.0,66,0.300,20.225,700.0,2394.0,0.3,0.1,0.0,0.0,0.1,0.0,0.0,0.0,0.0,5,16187,4,No,No,No,No,No,No,No,No,16.745,68.277,100.0,0.000,24.1,0,0,0,0.0,43.5,50.4,40.3,40.3,40.3,40.3,43.7,49.1,42.2,42.2,42.2,42.2,22.92,23.83,20.36,20.34,23.86,23.86,20.00,2.87,4.94,17.98,0.34,661,10,1.6,0.6,0,0,0.0,0.0,0,
9.6.2026,14:29:13.979,15753,33015,32.3,12047,20337,37.2,10.2,16384,1675,1.181,1.192,1.166,1.166,1.166,1.206,1.194,1.204,1.174,1.173,1.173,1.173,1.182,1.172,1.192,1.101,0.846,2109.1,1396.6,1396.6,1396.6,4688.5,4688.5,4688.5,3591.2,1097.3,1097.3,1097.3,1097.3,1097.3,1097.3,1097.3,99.8,4090.0,374.7,133.4,87.2,18.6,491.4,2165.6,0.4,1737.1,1655.5,702.2,0.3,454.3,0.2,6.1,0.7,0.4,16.7,13.3,10.4,0.4,0.5,466.9,8.2,6.3,0.0,0.0,12.8,50.1,0.0,38.3,25.1,17.8,0.0,9.3,0.0,0.0,0.0,0.0,0.0,2.2,1.3,0.0,0.0,50.1,8.2,100.0,14.5,5.5,3.6,0.9,19.7,83.7,0.0,66.3,63.5,27.4,0.0,17.4,0.0,0.4,0.1,0.0,0.9,0.8,0.6,0.0,0.1,14.5,21.1,14.0,14.0,14.0,47.0,47.0,47.0,36.0,11.0,11.0,11.0,11.0,11.0,11.0,11.0,41.0,64,63,61,67,71,66,66,63,63,63,62,64,64,62,62,36,37,39,33,29,34,34,37,37,37,38,36,36,38,38,76,71,No,No,No,No,No,No,No,No,No,No,No,No,No,No,No,No,No,No,No,No,No,No,No,No,No,No,No,No,No,No,No,No,No,No,No,No,No,No,No,No,No,No,No,No,No,No,No,No,76,71,65,1.100,9.281,20.237,13.781,0.001,5.209,0.476,175.0,175.0,175.0,175.0,0,0.0,8.9,6.4,2.7,0.7,12.9,50.1,0.0,37.0,35.5,18.0,0.0,11.0,0.0,0.4,0.1,0.0,1.1,0.8,0.6,0.0,0.0,6.4,3.6,11.2,36.9,24.4,12.0,2.0,0.0,0.0,0.0,0.0,0.0,0.0,0.0,0.0,57.3,0.0,0.0,5.6,1.3,0.0,0.0,99.5,99.8,99.9,98.7,98.9,99.2,99.8,99.8,51.6,84.2,70.8,4.0,0.8,65.2,84.6,2394.1,24.00,36,35,35,68,103,383,2,2,Yes,No,No,No,No,No,No,No,No,No,Yes,No,No,No,No,No,No,No,No,No,No,No,No,No,No,No,No,Yes,No,No,No,No,No,No,No,Yes,No,No,83.0,4500,4800,4380,57.8,1.095,1.110,1.800,1.815,1.005,5.110,0.875,No,No,No,57.8,1.095,1.110,1.800,1.815,1.005,5.110,1.000,No,No,No,40,40,94.0,100.0,No,No,32159,47987,36,70,99.0,100.0,No,No,1844,3246,0.0,0.7,0.7,0.000,0.045,96547,53144,0.0,0.0,0.0,0.000,0.000,164001,82786,79.8,74.0,89.0,83.0,0.875,20.580,20.559,20.600,80.987,39.645,64.586,15.604,80.362,3.000,18.613,51.559,43.792,100.000,140.000,2250.0,2150.2,1890.0,2232.8,1905.0,87.0,24.0,0.0,0.0,49.5,21.2,84.7,0.0,0.0,0.0,Yes,No,No,No,No,Yes,No,0,0,0,0,0,0,0,0,0,0,0,0,0,0,0,0,0,0,0,0,0,0,0,0,0,0,0,0,0,0,4134,4054,3823,51,16.0,66,0.300,20.839,700.0,2394.0,0.3,0.1,0.0,0.0,0.1,0.0,0.0,0.0,0.0,2,16190,2,No,No,No,No,No,No,No,No,16.745,68.277,100.0,0.000,24.1,0,0,0,0.0,42.9,44.6,41.2,41.0,40.9,40.9,42.9,43.3,42.3,42.2,42.2,42.2,23.30,23.61,23.11,23.09,23.63,23.63,20.27,3.04,4.99,18.31,0.13,661,10,0.3,0.5,0,0,0.0,0.0,0,
9.6.2026,14:29:15.982,15755,33013,32.3,12049,20334,37.2,10.2,16384,1675,1.198,1.221,1.194,1.184,1.209,1.169,1.163,1.198,1.208,1.203,1.203,1.203,1.201,1.206,1.211,1.141,0.846,3306.2,4688.5,4688.5,4688.5,4888.0,1396.6,4688.5,3591.2,3591.2,3591.2,3591.2,1097.3,1097.3,1097.3,3591.2,99.8,4289.5,380.3,223.6,0.4,43.0,25.2,1625.6,0.5,4209.3,0.2,843.9,0.4,544.0,0.3,0.6,0.6,0.6,0.6,43.8,29.6,13.6,1.2,469.9,9.6,9.5,0.0,2.8,1.0,39.9,4.2,89.8,0.0,21.3,5.6,14.7,0.4,0.0,0.0,0.0,0.0,1.0,1.0,0.6,0.0,89.8,9.6,100.0,14.8,9.3,0.0,1.9,1.4,63.4,0.0,160.4,0.0,33.4,0.0,21.4,0.0,0.1,0.1,0.1,0.1,2.4,1.6,0.8,0.1,14.8,33.1,47.0,47.0,47.0,49.0,14.0,47.0,36.0,36.0,36.0,36.0,11.0,11.0,11.0,36.0,43.0,64,63,66,63,72,62,63,62,62,62,62,62,62,64,64,36,37,34,37,28,38,37,38,38,38,38,38,38,36,36,76,72,No,No,No,No,No,No,No,No,No,No,No,No,No,No,No,No,No,No,No,No,No,No,No,No,No,No,No,No,No,No,No,No,No,No,No,No,No,No,No,No,No,No,No,No,No,No,No,No,76,72,66,1.100,7.594,20.547,13.864,0.001,5.199,0.474,175.0,175.0,175.0,175.0,0,0.0,9.2,9.8,0.0,1.6,1.3,40.0,0.0,89.6,0.0,21.5,0.0,13.0,0.0,0.1,0.0,0.0,0.0,2.9,2.1,0.9,0.1,4.0,9.6,1.7,15.9,9.7,14.8,4.2,0.0,0.0,0.0,0.0,0.0,0.0,0.0,0.0,57.3,0.0,0.0,10.4,0.0,0.0,0.0,99.8,99.8,99.8,99.8,96.7,97.7,98.9,99.8,55.7,77.8,92.1,27.9,0.0,57.8,78.9,2394.1,24.00,36,35,35,68,103,383,2,2,Yes,No,No,No,No,No,No,No,No,No,Yes,No,No,No,No,No,No,No,No,No,No,No,No,No,No,No,No,Yes,No,No,No,No,No,No,No,Yes,No,No,83.0,4500,4800,4440,57.8,1.095,1.110,1.800,1.815,1.005,5.110,0.625,No,No,No,57.8,1.095,1.110,1.800,1.815,1.005,5.110,0.625,No,No,No,40,40,94.0,100.0,No,No,32159,47987,36,70,99.0,100.0,No,No,1844,3246,0.0,0.8,0.8,0.000,0.090,96547,53145,0.0,0.0,0.0,0.000,0.000,164001,82786,79.8,74.0,89.2,83.0,0.875,20.584,20.564,20.605,81.800,34.292,62.371,15.958,78.483,3.000,18.949,10.791,50.494,100.000,140.000,2250.0,2150.2,1890.0,2232.3,1905.0,87.0,24.0,0.0,0.0,49.5,21.7,86.9,0.0,0.0,0.0,Yes,No,No,No,No,Yes,No,0,0,0,0,0,0,0,0,0,0,0,0,0,0,0,0,0,0,0,0,0,0,0,0,0,0,0,0,0,0,4134,4054,3823,51,16.0,66,0.300,20.616,700.0,2394.0,0.3,0.1,0.0,0.0,0.1,0.0,0.0,0.0,0.0,2,16190,2,No,No,No,No,No,No,No,No,16.746,68.277,100.0,0.000,24.1,0,0,0,0.0,42.6,44.6,41.0,40.8,40.8,40.8,42.5,42.7,41.6,41.3,41.2,41.2,23.51,23.64,23.39,23.38,23.67,23.67,20.68,2.84,4.94,18.56,0.08,661,10,0.2,0.5,0,0,0.0,0.0,0,
9.6.2026,14:29:17.991,15751,33017,32.2,12048,20336,37.2,10.2,16384,1675,1.173,1.182,1.171,1.146,1.161,1.151,1.178,1.163,1.170,1.175,1.180,1.175,1.185,1.200,1.185,1.101,0.846,2037.9,1396.6,1396.6,1396.6,4489.0,1396.6,4688.5,1097.3,1097.3,1097.3,1097.3,1097.3,1097.3,3591.2,3591.2,99.8,4090.0,386.9,163.2,0.2,33.3,13.9,1880.9,0.4,4017.4,0.3,969.7,0.4,502.6,0.5,0.6,0.5,0.6,0.5,70.8,75.5,5.0,1.2,474.1,11.0,7.9,0.0,3.0,0.0,45.7,3.3,85.2,8.8,25.3,2.6,12.7,3.3,1.1,1.1,1.1,1.1,6.6,7.8,2.1,1.9,85.2,11.0,100.0,15.1,6.8,0.0,1.5,0.8,73.1,0.0,153.1,0.0,38.1,0.0,19.7,0.0,0.1,0.1,0.1,0.1,3.8,4.1,0.3,0.1,15.1,20.4,14.0,14.0,14.0,45.0,14.0,47.0,11.0,11.0,11.0,11.0,11.0,11.0,36.0,36.0,41.0,64,66,64,67,63,61,65,62,62,62,62,65,65,65,65,36,34,36,33,37,39,35,38,38,38,38,35,35,35,35,76,67,No,No,No,No,No,No,No,No,No,No,No,No,No,No,No,No,No,No,No,No,No,No,No,No,No,No,No,No,No,No,No,No,No,No,No,No,No,No,No,No,No,No,No,No,No,No,No,No,76,72,66,1.100,15.188,21.027,14.463,0.001,5.205,0.475,175.0,175.0,175.0,175.0,0,0.0,9.5,7.6,0.0,1.2,0.7,45.5,0.0,84.9,0.0,25.1,0.0,12.6,0.0,0.1,0.1,0.1,0.1,5.0,6.0,0.3,0.1,4.0,3.7,1.4,15.4,13.4,17.6,5.1,0.0,0.0,0.0,0.0,0.0,0.0,0.0,0.0,57.4,0.0,0.0,15.9,1.0,0.0,0.0,99.8,99.8,99.8,99.8,94.5,93.7,99.6,99.8,54.8,86.9,94.7,17.9,0.0,51.2,78.3,2394.1,24.00,36,35,35,68,103,383,2,2,Yes,No,No,No,No,No,No,No,No,No,Yes,No,No,No,No,No,No,No,No,No,No,No,No,No,No,No,No,Yes,No,No,No,No,No,No,No,Yes,No,No,83.0,4500,4680,4380,57.8,1.095,1.110,1.815,1.815,1.005,5.110,0.750,No,No,No,57.8,1.095,1.110,1.800,1.815,1.005,5.110,1.000,No,No,No,40,40,94.0,100.0,No,No,32159,47987,36,70,99.0,100.0,No,No,1844,3246,0.0,0.9,0.9,0.000,0.092,96547,53145,0.0,0.0,0.0,0.000,0.000,164001,82786,79.5,74.0,88.6,83.0,0.875,20.571,20.550,20.592,82.018,41.990,64.385,15.762,80.288,3.000,18.761,64.539,47.194,100.000,140.000,2250.0,2150.2,1890.0,2232.5,1905.0,89.0,24.0,0.0,0.0,49.5,22.1,88.4,0.0,0.0,0.0,Yes,No,No,No,No,Yes,No,0,0,0,0,0,0,0,0,0,0,0,0,0,0,0,0,0,0,0,0,0,0,0,0,0,0,0,0,0,0,4134,4054,3823,51,16.0,65,0.300,20.366,700.0,2394.0,0.3,0.1,0.0,0.0,0.1,0.0,0.0,0.0,0.0,2,16190,2,No,No,No,No,No,No,No,No,16.746,68.277,100.0,0.000,24.1,0,0,0,0.0,42.2,44.5,40.7,40.7,40.7,40.7,42.2,42.5,41.8,41.7,41.7,41.7,23.69,23.94,23.52,23.49,23.98,23.98,21.05,2.65,5.16,18.54,0.09,661,10,0.3,0.4,0,0,0.0,0.0,0,
9.6.2026,14:29:19.995,15787,32981,32.3,12049,20335,37.2,10.2,16384,1675,1.191,1.166,1.199,1.179,1.187,1.167,1.185,1.220,1.211,1.211,1.191,1.201,1.201,1.201,1.156,1.141,0.846,3826.4,1396.6,4688.5,4688.5,4688.5,4688.5,4688.5,3591.2,3591.2,3591.2,3591.2,3591.2,3591.2,3591.2,3591.2,99.8,4289.5,382.3,196.6,0.3,37.5,0.2,1913.1,0.5,3976.9,0.3,942.5,0.4,487.1,0.3,0.6,0.6,0.6,0.6,50.1,20.6,13.9,4.0,472.4,13.6,8.1,17.1,0.4,17.1,44.8,14.9,84.9,11.3,23.8,16.5,11.6,16.0,0.3,0.3,0.3,0.3,3.7,1.1,0.6,0.0,84.9,13.6,100.0,14.8,7.9,0.0,1.5,0.0,74.0,0.0,151.6,0.0,36.9,0.0,19.1,0.0,0.1,0.1,0.1,0.1,2.8,1.1,0.8,0.2,14.8,38.4,14.0,47.0,47.0,47.0,47.0,47.0,36.0,36.0,36.0,36.0,36.0,36.0,36.0,36.0,43.0,64,63,66,64,72,66,63,63,63,63,62,64,64,64,64,36,37,34,36,28,34,37,37,37,37,38,36,36,36,36,76,72,No,No,No,No,No,No,No,No,No,No,No,No,No,No,No,No,No,No,No,No,No,No,No,No,No,No,No,No,No,No,No,No,No,No,No,No,No,No,No,No,No,No,No,No,No,No,No,No,76,72,65,1.100,10.969,20.077,13.486,0.002,5.224,0.475,175.0,175.0,175.0,175.0,0,0.0,9.0,7.8,0.0,1.0,0.0,44.6,0.0,84.7,0.0,23.8,0.0,12.1,0.0,0.1,0.0,0.1,0.1,3.4,1.6,1.2,0.3,4.2,6.3,1.1,17.7,13.8,14.6,5.5,0.0,0.0,0.0,0.0,0.0,0.0,0.0,0.0,57.2,0.0,0.0,8.1,0.5,0.0,0.0,99.8,99.8,99.8,99.8,96.2,98.2,98.7,99.6,56.8,84.2,97.6,24.7,0.0,55.6,78.7,2394.1,24.00,36,35,35,68,103,383,2,2,Yes,No,No,No,No,No,No,No,No,No,Yes,No,No,No,No,No,No,No,No,No,No,No,No,No,No,No,No,Yes,No,No,No,No,No,No,No,Yes,No,No,82.0,4500,4680,4380,57.8,1.095,1.110,1.815,1.815,1.005,5.110,0.625,No,No,No,57.8,1.095,1.110,1.815,1.815,1.005,5.110,1.625,No,No,No,41,41,94.0,100.0,No,No,32159,47987,36,70,99.0,100.0,No,No,1844,3246,0.0,0.8,0.8,0.000,0.023,96547,53145,0.0,0.0,0.0,0.000,0.000,164001,82786,79.5,72.0,88.5,83.0,0.875,20.573,20.552,20.594,82.264,44.312,64.003,15.722,79.862,3.000,18.716,85.214,43.669,100.000,140.000,2250.0,2150.2,1890.0,2232.8,1905.0,89.0,23.0,0.0,0.0,49.9,22.4,89.5,0.0,0.0,0.0,Yes,No,No,No,No,Yes,No,0,0,0,0,0,0,0,0,0,0,0,0,0,0,0,0,0,0,0,0,0,0,0,0,0,0,0,0,0,0,4101,4087,3855,51,16.0,65,0.300,20.449,700.0,2394.0,0.3,0.1,0.0,0.0,0.1,0.0,0.0,0.0,0.0,2,16190,2,No,No,No,No,No,No,No,No,16.746,68.277,100.0,0.000,24.1,0,0,0,0.0,41.0,46.0,35.8,34.9,34.8,34.8,40.9,42.3,38.6,38.5,38.5,38.5,24.40,25.94,23.63,23.63,25.99,25.99,22.74,1.77,6.06,18.34,0.30,661,10,0.1,0.2,0,0,0.0,0.0,0,
9.6.2026,14:29:21.999,15816,32951,32.4,12062,20322,37.2,10.2,16384,1675,1.182,1.185,1.160,1.165,1.200,1.200,1.185,1.183,1.208,1.188,1.188,1.168,1.168,1.168,1.183,1.101,0.846,2607.9,4688.5,4489.0,4489.0,4688.5,4688.5,4688.5,1097.3,1097.3,1097.3,1097.3,1097.3,1097.3,1097.3,1097.3,99.8,4090.0,381.2,119.4,0.2,5.0,0.1,1768.8,0.3,4146.5,0.1,917.0,0.3,559.9,0.2,0.4,0.4,0.4,0.4,69.2,28.6,6.4,0.8,470.0,8.9,5.7,0.0,0.0,0.6,41.3,0.0,88.0,0.6,22.5,0.0,14.1,0.0,0.0,0.0,0.0,0.0,3.5,1.2,0.2,0.0,88.0,8.9,100.0,14.8,4.7,0.0,0.2,0.0,68.5,0.0,158.1,0.0,36.0,0.0,21.8,0.0,0.0,0.0,0.0,0.0,3.8,1.6,0.4,0.1,14.8,26.1,47.0,45.0,45.0,47.0,47.0,47.0,11.0,11.0,11.0,11.0,11.0,11.0,11.0,11.0,41.0,65,63,67,65,72,64,67,63,63,63,63,64,64,64,64,35,37,33,35,28,36,33,37,37,37,37,36,36,36,36,76,72,No,No,No,No,No,No,No,No,No,No,No,No,No,No,No,No,No,No,No,No,No,No,No,No,No,No,No,No,No,No,No,No,No,No,No,No,No,No,No,No,No,No,No,No,No,No,No,No,76,71,66,1.100,6.750,20.392,13.807,0.001,5.220,0.477,175.0,175.0,175.0,175.0,0,0.0,9.0,5.9,0.0,0.2,0.0,41.5,0.0,87.8,0.0,22.7,0.0,13.7,0.0,0.0,0.0,0.0,0.0,5.1,2.2,0.4,0.1,2.7,1.0,0.0,8.8,11.5,13.4,3.3,0.0,0.0,0.0,0.0,0.0,0.0,0.0,0.0,57.5,0.0,0.0,14.5,0.0,0.0,0.0,99.8,99.8,99.8,99.8,94.5,97.6,99.5,99.8,59.9,92.2,99.6,29.9,0.0,58.1,79.6,2394.1,24.00,36,35,35,68,103,383,2,2,Yes,No,No,No,No,No,No,No,No,No,Yes,No,No,No,No,No,No,No,No,No,No,No,No,No,No,No,No,Yes,No,No,No,No,No,No,No,Yes,No,No,82.0,4500,4740,4380,57.8,1.095,1.110,1.815,1.815,1.005,5.110,0.875,No,No,No,57.8,1.095,1.110,1.815,1.815,1.005,5.110,1.375,No,No,No,40,40,94.0,100.0,No,No,32159,47987,36,70,99.0,100.0,No,No,1844,3246,0.0,1.2,1.2,0.000,0.172,96547,53145,0.0,0.0,0.0,0.000,0.000,164001,82786,81.5,74.0,91.4,83.0,0.875,20.566,20.544,20.589,87.615,45.496,68.307,16.784,85.198,3.000,19.789,76.988,48.407,100.000,140.000,2250.0,2150.2,1890.0,2231.3,1905.0,99.0,27.0,0.0,0.0,49.9,24.5,97.9,0.0,0.0,0.0,Yes,No,No,No,No,Yes,No,0,0,0,0,0,0,0,0,0,0,0,0,0,0,0,0,0,0,0,0,0,0,0,0,0,0,0,0,0,0,4101,4087,3855,57,16.0,64,0.300,19.460,700.0,2394.0,0.2,0.1,0.0,0.0,0.1,0.0,0.0,0.0,0.0,2,16190,2,No,No,No,No,No,No,No,No,16.745,68.277,100.0,0.000,24.1,0,0,0,0.0,39.7,41.1,37.5,37.3,37.3,37.3,39.7,40.1,39.1,39.1,39.1,39.1,25.21,25.66,24.95,24.95,25.69,25.69,25.11,0.09,6.47,18.75,0.09,661,10,0.1,0.2,0,0,0.0,0.0,0,
9.6.2026,14:29:23.991,15786,32981,32.3,12049,20335,37.2,10.2,16384,1675,1.199,1.175,1.165,1.205,1.193,1.198,1.178,1.214,1.193,1.205,1.205,1.210,1.220,1.210,1.205,1.101,0.846,2137.6,4489.0,1396.6,4888.0,4888.0,798.0,4688.5,1097.3,1097.3,1097.3,1097.3,1097.3,1097.3,1097.3,1097.3,99.8,4090.0,373.6,142.7,0.2,56.7,0.1,1855.7,0.4,3885.5,0.2,945.3,0.2,426.2,0.1,0.6,0.5,0.4,0.4,87.2,33.0,30.9,5.1,457.2,11.3,7.0,6.6,2.6,0.0,43.6,14.7,82.5,0.0,23.3,12.9,10.4,9.2,0.1,0.0,0.0,0.0,8.1,2.5,1.7,1.1,82.5,11.3,100.0,14.5,5.8,0.0,2.4,0.0,71.6,0.0,148.1,0.0,36.9,0.0,16.7,0.0,0.1,0.0,0.0,0.0,4.7,1.8,1.7,0.3,14.5,21.4,45.0,14.0,49.0,49.0,8.0,47.0,11.0,11.0,11.0,11.0,11.0,11.0,11.0,11.0,41.0,62,63,62,60,71,58,59,61,61,61,62,64,64,64,64,38,37,38,40,29,42,41,39,39,39,38,36,36,36,36,76,71,No,No,No,No,No,No,No,No,No,No,No,No,No,No,No,No,No,No,No,No,No,No,No,No,No,No,No,No,No,No,No,No,No,No,No,No,No,No,No,No,No,No,No,No,No,No,No,No,76,72,65,1.100,6.750,20.048,13.429,0.001,5.242,0.484,175.0,175.0,175.0,175.0,0,0.0,9.0,6.9,0.0,1.8,0.0,43.6,0.0,82.4,0.0,23.3,0.0,10.4,0.0,0.1,0.0,0.0,0.0,6.7,2.5,2.4,0.3,3.6,3.9,2.4,11.1,16.9,13.7,2.3,0.0,0.0,0.0,0.0,0.0,0.0,0.0,0.0,57.3,0.0,0.0,15.6,0.0,0.7,0.0,99.8,99.8,99.8,99.8,92.9,97.3,97.4,99.6,58.2,87.8,95.1,24.9,0.0,57.0,84.5,2394.1,24.00,36,35,35,68,103,383,2,2,Yes,No,No,No,No,No,No,No,No,No,Yes,No,No,Yes,No,No,No,No,No,No,No,Yes,No,No,No,No,No,Yes,No,No,No,No,No,No,No,Yes,No,No,82.0,4560,4860,4500,57.8,1.095,1.110,1.815,1.815,1.005,5.110,0.625,No,No,No,57.8,1.095,1.110,1.815,1.815,1.005,5.180,0.875,No,No,No,40,40,94.0,100.0,No,No,32159,47987,36,70,99.0,100.0,No,No,1844,3246,0.1,0.5,0.6,0.024,0.021,96547,53145,0.0,0.0,0.0,0.000,0.000,164001,82786,81.0,74.0,90.4,83.0,0.875,20.578,20.557,20.598,87.228,41.000,67.849,15.994,83.957,3.000,18.994,42.321,54.882,100.000,140.000,2250.0,2150.2,1890.0,2232.2,1905.0,96.0,26.0,0.0,0.0,49.9,24.4,97.5,0.0,0.0,0.0,Yes,No,No,No,No,Yes,No,0,0,0,0,0,0,0,0,0,0,0,0,0,0,0,0,0,0,0,0,0,0,0,0,0,0,0,0,0,0,4101,4087,3855,57,16.0,66,0.300,20.444,550.0,2394.0,0.4,0.1,0.0,0.0,0.1,0.0,0.0,0.0,0.0,2,16190,2,No,No,No,No,No,No,No,No,16.746,68.277,100.0,0.000,24.1,0,0,0,0.0,38.4,39.7,36.9,36.8,36.8,36.8,38.4,38.5,38.2,38.2,38.2,38.2,26.06,26.22,25.93,25.93,26.23,26.23,25.16,0.91,6.12,19.94,0.06,661,10,0.2,0.3,0,0,0.0,0.0,0,
9.6.2026,14:29:25.992,15783,32985,32.3,12049,20335,37.2,10.2,16384,1675,1.188,1.229,1.187,1.177,1.172,1.167,1.207,1.197,1.177,1.191,1.186,1.156,1.191,1.196,1.194,1.101,0.846,3356.1,798.0,4688.5,4688.5,4688.5,1396.6,4489.0,3591.2,3591.2,3591.2,3591.2,1097.3,3591.2,3591.2,3591.2,99.8,4090.0,389.4,215.5,0.2,65.7,0.3,2106.6,0.5,3772.3,0.3,842.6,0.5,566.7,0.2,0.6,0.6,0.6,0.6,81.0,100.0,23.8,9.2,473.4,10.1,8.9,5.2,1.4,5.2,48.6,0.0,80.8,0.0,21.5,0.0,13.4,0.0,0.1,0.1,0.1,0.1,6.0,8.7,2.4,0.6,80.8,10.1,100.0,15.2,8.8,0.0,2.8,0.0,81.3,0.0,144.0,0.0,33.2,0.0,22.1,0.0,0.1,0.1,0.1,0.1,4.4,5.4,1.3,0.5,15.2,33.6,8.0,47.0,47.0,47.0,14.0,45.0,36.0,36.0,36.0,36.0,11.0,36.0,36.0,36.0,41.0,63,64,66,64,72,58,63,61,61,61,61,64,64,64,64,37,36,34,36,28,42,37,39,39,39,39,36,36,36,36,77,72,No,No,No,No,No,No,No,No,No,No,No,No,No,No,No,No,No,No,No,No,No,No,No,No,No,No,No,No,No,No,No,No,No,No,No,No,No,No,No,No,No,No,No,No,No,No,No,No,76,70,64,1.100,6.750,20.085,13.506,0.001,5.209,0.478,175.0,175.0,175.0,175.0,0,0.0,9.6,8.8,0.0,2.1,0.0,48.6,0.0,80.6,0.0,21.5,0.0,13.4,0.0,0.1,0.0,0.0,0.0,5.9,7.9,1.6,0.5,4.5,6.5,2.2,16.3,17.9,17.5,2.7,0.0,0.0,0.0,0.0,0.0,0.0,0.0,0.0,56.6,0.0,0.0,10.1,0.4,0.0,0.0,99.8,99.8,99.8,99.8,93.6,91.8,98.2,99.3,55.5,82.7,94.8,20.4,0.0,54.9,80.0,2394.1,24.00,36,35,35,68,103,383,2,2,Yes,No,No,No,No,No,No,No,No,No,Yes,No,No,No,No,No,No,No,No,No,No,No,No,No,No,No,No,Yes,No,No,No,No,No,No,No,Yes,No,No,83.0,4560,4920,4500,57.8,1.110,1.110,1.815,1.815,1.005,5.110,0.625,No,No,No,57.8,1.110,1.110,1.815,1.815,1.005,5.110,0.750,No,No,No,40,40,94.0,100.0,No,No,32159,47987,36,70,99.0,100.0,No,No,1844,3246,0.0,0.9,0.9,0.000,0.053,96547,53145,0.0,0.0,0.0,0.000,0.000,164001,82786,81.7,74.0,91.8,83.0,0.875,20.565,20.543,20.587,87.334,44.462,69.026,16.249,85.395,3.000,19.251,70.379,47.932,100.000,140.000,2250.0,2150.2,1890.0,2231.7,1905.0,96.0,25.0,0.0,0.0,49.9,24.2,96.7,0.0,0.0,0.0,Yes,No,No,No,No,Yes,No,0,0,0,0,0,0,0,0,0,0,0,0,0,0,0,0,0,0,0,0,0,0,0,0,0,0,0,0,0,0,4101,4087,3855,57,16.0,66,0.300,19.762,700.0,2394.0,0.3,0.1,0.0,0.0,0.1,0.0,0.0,0.0,0.0,2,16190,2,No,No,No,No,No,No,No,No,16.746,68.277,100.0,0.000,24.1,0,0,0,0.0,38.4,40.3,36.8,36.6,36.6,36.6,38.4,38.7,38.0,38.0,38.0,38.0,26.04,26.35,25.83,25.82,26.38,26.38,25.10,0.95,5.77,20.28,0.15,661,10,0.1,0.1,0,0,0.0,0.0,0,
9.6.2026,14:29:27.998,15782,32986,32.3,12048,20336,37.2,10.2,16384,1675,1.166,1.194,1.177,1.207,1.202,0.729,1.179,1.204,1.204,1.204,1.183,1.208,1.208,1.213,1.208,1.101,0.846,2372.8,1396.6,4688.5,4888.0,4888.0,1396.6,4688.5,1097.3,1097.3,1097.3,1097.3,1097.3,1097.3,3591.2,1097.3,99.8,4090.0,380.5,188.4,0.2,20.2,0.1,1697.6,0.3,4070.3,0.2,959.3,0.3,567.7,0.2,0.5,0.5,0.5,0.5,49.9,31.8,18.3,2.5,469.2,10.0,7.3,0.6,1.1,0.6,40.9,2.1,86.9,3.6,23.4,3.6,14.1,3.6,0.6,0.6,0.6,0.6,3.3,3.0,1.9,0.7,86.9,10.0,100.0,14.7,7.4,0.0,0.8,0.0,65.6,0.0,155.2,0.0,37.5,0.0,22.1,0.0,0.1,0.1,0.1,0.1,2.7,1.7,1.0,0.2,14.7,23.8,14.0,47.0,49.0,49.0,14.0,47.0,11.0,11.0,11.0,11.0,11.0,11.0,36.0,11.0,41.0,63,64,63,69,63,59,62,62,62,62,62,62,62,62,62,37,36,37,31,37,41,38,38,38,38,38,38,38,38,38,76,69,No,No,No,No,No,No,No,No,No,No,No,No,No,No,No,No,No,No,No,No,No,No,No,No,No,No,No,No,No,No,No,No,No,No,No,No,No,No,No,No,No,No,No,No,No,No,No,No,76,68,65,1.100,16.031,19.951,13.372,0.002,5.220,0.478,175.0,175.0,175.0,175.0,0,0.0,9.1,7.4,0.0,0.5,0.0,41.0,0.0,86.7,0.0,23.6,0.0,14.3,0.0,0.1,0.1,0.1,0.0,3.5,2.4,1.3,0.2,3.0,2.4,0.0,11.2,12.6,13.8,2.1,0.0,0.0,0.0,0.0,0.0,0.0,0.0,0.0,57.2,0.0,0.0,9.8,0.0,0.0,0.0,99.8,99.8,99.8,99.8,96.1,97.4,98.6,99.7,59.6,88.8,99.2,32.7,0.0,56.9,80.0,2394.1,24.00,36,35,35,68,103,383,2,2,Yes,No,No,No,No,No,No,No,No,No,Yes,No,No,No,No,No,No,No,No,No,No,No,No,No,No,No,No,Yes,No,No,No,No,No,No,No,Yes,No,No,82.0,4680,4920,4560,57.8,1.110,1.110,1.815,1.815,1.005,5.110,1.375,No,No,No,57.8,1.110,1.110,1.815,1.815,1.005,5.110,1.000,No,No,No,40,40,94.0,100.0,No,No,32159,47987,36,70,99.0,100.0,No,No,1844,3246,0.0,1.1,1.1,0.000,0.048,96547,53145,0.0,0.0,0.0,0.000,0.000,164001,82786,82.5,72.0,93.2,83.0,0.875,20.579,20.558,20.601,87.625,41.408,67.932,16.241,84.298,3.000,19.253,52.916,46.215,100.000,140.000,2250.0,2150.2,1890.0,2232.5,1905.0,97.0,25.0,0.0,0.0,49.9,23.9,95.7,0.0,0.0,0.0,Yes,No,No,No,No,Yes,No,0,0,0,0,0,0,0,0,0,0,0,0,0,0,0,0,0,0,0,0,0,0,0,0,0,0,0,0,0,0,4101,4087,3855,56,16.0,65,0.300,20.512,700.0,2394.0,0.3,0.1,0.0,0.0,0.1,0.0,0.0,0.0,0.0,2,16190,2,No,No,No,No,No,No,No,No,16.746,68.277,100.0,0.000,24.1,0,0,0,0.0,38.3,41.1,36.4,36.4,36.3,36.3,38.4,40.2,37.8,37.7,37.7,37.7,26.09,26.53,24.82,24.75,26.61,26.61,25.41,0.68,5.68,20.40,0.23,661,10,0.1,0.2,0,0,0.0,0.0,0,
9.6.2026,14:29:30.006,15777,32990,32.3,12044,20339,37.1,10.2,16384,1675,1.180,1.182,1.138,1.175,1.193,1.163,1.168,1.208,1.183,1.163,1.187,1.207,1.212,1.172,1.172,1.101,0.846,3869.1,4688.5,4489.0,4688.5,4688.5,4688.5,4688.5,3591.2,3591.2,3591.2,3591.2,1097.3,3591.2,3591.2,3591.2,99.8,4090.0,370.9,90.0,0.1,1.9,0.1,1838.7,0.4,3898.6,0.3,1061.2,0.3,414.4,0.2,0.5,0.5,0.5,0.5,59.7,42.3,6.0,1.3,456.8,8.7,4.5,0.0,0.0,0.0,43.0,0.0,83.3,0.0,25.3,0.0,9.2,0.0,0.0,0.0,0.0,0.0,4.3,3.5,0.0,0.0,83.3,8.7,100.0,14.3,3.5,0.0,0.1,0.0,71.0,0.0,148.6,0.0,41.0,0.0,16.0,0.0,0.1,0.1,0.1,0.0,3.2,2.3,0.4,0.1,14.3,38.8,47.0,45.0,47.0,47.0,47.0,47.0,36.0,36.0,36.0,36.0,11.0,36.0,36.0,36.0,41.0,65,64,65,70,71,70,65,62,62,62,62,64,64,64,64,35,36,35,30,29,30,35,38,38,38,38,36,36,36,36,76,71,No,No,No,No,No,No,No,No,No,No,No,No,No,No,No,No,No,No,No,No,No,No,No,No,No,No,No,No,No,No,No,No,No,No,No,No,No,No,No,No,No,No,No,No,No,No,No,No,76,67,65,1.100,8.438,20.381,13.810,0.001,5.200,0.476,175.0,175.0,175.0,175.0,0,0.0,8.7,4.8,0.0,0.1,0.0,43.3,0.0,83.2,0.0,25.7,0.0,9.5,0.0,0.0,0.0,0.0,0.0,3.9,3.1,0.5,0.1,3.0,0.0,0.0,11.0,15.9,12.9,2.2,0.0,0.0,0.0,0.0,0.0,0.0,0.0,0.0,57.2,0.0,0.0,9.5,0.0,0.0,0.0,99.8,99.8,99.8,99.8,95.7,96.7,99.4,99.8,61.2,94.7,99.8,30.8,0.0,55.9,86.2,2394.1,24.00,36,35,35,68,103,383,2,2,Yes,No,No,No,No,No,No,No,No,No,Yes,No,No,No,No,No,No,No,No,No,No,No,No,No,No,No,No,Yes,No,No,No,No,No,No,No,Yes,No,No,84.0,4680,4920,4560,57.8,1.110,1.110,1.815,1.815,1.005,5.110,1.375,No,No,No,57.8,1.110,1.110,1.800,1.815,1.005,5.110,0.750,No,No,No,40,40,94.0,100.0,No,No,32159,47987,36,70,99.0,100.0,No,No,1844,3246,0.0,1.4,1.4,0.000,0.044,96547,53145,0.0,0.0,0.0,0.000,0.000,164001,82786,81.9,72.0,92.0,83.0,0.875,20.567,20.545,20.590,87.716,40.509,70.555,16.395,87.074,3.000,19.412,37.375,49.752,100.000,140.000,2250.0,2150.2,1890.0,2175.0,1905.0,99.0,25.0,0.0,0.0,49.9,24.7,98.8,0.0,0.0,0.0,Yes,No,No,No,No,Yes,No,0,0,0,0,0,0,0,0,0,0,0,0,0,0,0,0,0,0,0,0,0,0,0,0,0,0,0,0,0,0,4101,4087,3855,56,16.0,66,0.300,20.075,700.0,2394.0,0.3,0.1,0.0,0.0,0.1,0.0,0.0,0.0,0.0,2,16190,2,No,No,No,No,No,No,No,No,16.745,68.277,100.0,0.000,24.1,0,0,0,0.0,37.5,40.4,31.4,31.0,30.9,30.9,37.7,38.7,34.1,34.1,34.1,34.1,26.60,29.20,25.62,25.52,29.26,29.26,26.28,0.27,5.53,21.07,0.73,661,10,0.1,0.2,0,0,0.0,0.0,0,
9.6.2026,14:29:32.023,15779,32989,32.3,12046,20338,37.1,10.2,16384,1675,1.163,1.166,1.166,1.188,1.170,1.128,1.123,1.163,1.163,1.163,1.177,1.167,1.167,1.172,1.167,1.101,0.846,2550.9,4489.0,4688.5,4688.5,4688.5,4489.0,1396.6,1097.3,1097.3,1097.3,1097.3,1097.3,1097.3,3591.2,1097.3,99.8,4090.0,371.7,203.4,0.1,9.9,0.1,1880.2,0.4,3822.3,0.2,908.9,0.4,502.3,0.3,0.4,0.4,0.4,0.4,61.1,30.5,10.9,1.1,458.1,9.1,8.7,0.0,1.1,0.0,44.8,0.0,81.7,0.0,23.2,0.0,12.2,0.0,0.8,0.8,0.8,0.8,3.7,1.7,1.6,0.9,81.7,9.1,100.0,14.5,8.3,0.0,0.4,0.0,73.1,0.0,145.8,0.0,36.0,0.0,19.7,0.0,0.0,0.0,0.0,0.0,3.5,1.7,0.6,0.1,14.5,25.6,45.0,47.0,47.0,47.0,45.0,14.0,11.0,11.0,11.0,11.0,11.0,11.0,36.0,11.0,41.0,64,66,62,68,66,64,59,62,62,62,62,64,64,64,64,36,34,38,32,34,36,41,38,38,38,38,36,36,36,36,76,68,No,No,No,No,No,No,No,No,No,No,No,No,No,No,No,No,No,No,No,No,No,No,No,No,No,No,No,No,No,No,No,No,No,No,No,No,No,No,No,No,No,No,No,No,No,No,No,No,76,72,65,1.100,17.719,19.904,13.345,0.002,5.196,0.473,175.0,175.0,175.0,175.0,0,0.0,8.9,8.6,0.0,0.3,0.0,44.7,0.0,81.5,0.0,23.1,0.0,12.2,0.0,0.0,0.0,0.0,0.0,4.3,2.4,0.8,0.1,4.2,4.9,0.0,16.6,17.5,15.9,3.2,0.0,0.0,0.0,0.0,0.0,0.0,0.0,0.0,57.0,0.0,0.0,7.6,0.0,0.0,0.0,99.8,99.8,99.8,99.8,95.2,97.4,99.0,99.8,57.6,84.6,99.5,25.7,0.0,55.3,80.7,2394.1,24.00,36,35,35,68,103,383,2,2,Yes,No,No,No,No,No,No,No,No,No,Yes,No,No,No,No,No,No,No,No,No,No,No,No,No,No,No,No,Yes,No,No,No,No,No,No,No,Yes,No,No,82.0,4740,4920,4560,57.8,1.110,1.110,1.815,1.815,1.005,5.110,0.875,No,No,No,57.8,1.110,1.110,1.815,1.815,1.005,5.110,0.750,No,No,No,41,41,94.0,100.0,No,No,32159,47987,36,70,99.0,100.0,No,No,1844,3246,0.0,0.6,0.6,0.000,0.081,96547,53146,0.0,0.0,0.0,0.000,0.000,164001,82786,81.0,74.0,90.8,83.0,0.875,20.558,20.536,20.579,87.059,43.284,68.407,15.423,83.984,3.000,18.434,64.164,49.579,100.000,140.000,2250.0,2150.2,1890.0,2175.6,1905.0,92.0,22.0,0.0,0.0,49.5,23.9,95.7,0.0,0.0,0.0,Yes,No,No,No,No,Yes,No,0,0,0,0,0,0,0,0,0,0,0,0,0,0,0,0,0,0,0,0,0,0,0,0,0,0,0,0,0,0,4133,4055,3823,54,16.0,66,0.300,20.305,700.0,2394.0,0.3,0.1,0.0,0.0,0.1,0.0,0.0,0.0,0.0,2,16190,2,No,No,No,No,No,No,No,No,16.746,68.277,100.0,0.000,24.1,0,0,0,0.0,40.8,43.1,39.3,39.2,39.2,39.2,40.8,41.2,40.2,40.2,40.2,40.2,24.52,24.90,24.30,24.29,24.92,24.92,22.52,1.98,4.72,19.80,0.09,661,10,0.5,0.2,0,0,0.0,0.0,0,
9.6.2026,14:29:34.040,15779,32989,32.3,12043,20341,37.1,10.2,16384,1675,1.195,1.198,1.148,1.209,1.208,1.153,1.203,1.198,1.205,1.200,1.195,1.200,1.200,1.206,1.211,1.101,0.846,2550.9,1396.6,1396.6,4888.0,4888.0,4688.5,4688.5,3591.2,1097.3,1097.3,1097.3,1097.3,1097.3,1097.3,3591.2,99.8,4090.0,379.4,131.3,0.2,12.5,0.1,1772.0,0.4,4054.1,0.3,945.0,0.3,497.9,0.2,0.7,0.7,0.6,0.5,91.7,38.6,37.9,3.0,463.5,11.2,6.9,15.1,0.9,0.0,43.2,0.0,87.1,1.4,23.6,0.0,12.8,15.1,0.6,0.6,0.6,0.6,7.4,3.5,3.5,0.7,87.1,11.2,100.0,14.7,5.3,0.0,0.5,0.0,68.6,0.0,154.6,0.0,36.9,0.0,19.4,0.0,0.1,0.1,0.1,0.1,5.0,2.1,2.1,0.2,14.7,25.6,14.0,14.0,49.0,49.0,47.0,47.0,36.0,11.0,11.0,11.0,11.0,11.0,11.0,36.0,41.0,63,63,66,65,71,59,62,61,61,61,61,64,64,64,64,37,37,34,35,29,41,38,39,39,39,39,36,36,36,36,75,71,No,No,No,No,No,No,No,No,No,No,No,No,No,No,No,No,No,No,No,No,No,No,No,No,No,No,No,No,No,No,No,No,No,No,No,No,No,No,No,No,No,No,No,No,No,No,No,No,76,70,66,1.100,8.438,20.313,13.756,0.001,5.188,0.472,175.0,175.0,175.0,175.0,0,0.0,9.2,6.3,0.0,0.4,0.0,42.8,0.0,86.8,0.0,23.2,0.0,12.3,0.0,0.1,0.1,0.0,0.0,6.8,2.9,3.0,0.2,3.5,2.9,0.0,18.4,11.9,12.4,2.9,0.0,0.0,0.0,0.0,0.0,0.0,0.0,0.0,56.9,0.0,0.0,11.2,0.5,0.0,0.0,99.8,99.8,99.8,99.8,92.8,96.9,96.9,99.7,58.8,89.6,99.4,22.9,0.0,58.9,81.8,2394.1,24.00,36,35,35,68,103,383,2,2,Yes,No,No,No,No,No,No,No,No,No,Yes,No,No,No,No,No,No,No,No,No,No,No,No,No,No,No,No,Yes,No,No,No,No,No,No,No,Yes,No,No,83.0,4680,4920,4620,57.8,1.110,1.110,1.815,1.815,1.005,5.110,0.625,No,No,No,57.8,1.110,1.110,1.815,1.815,1.005,5.110,1.000,No,No,No,40,40,94.0,100.0,No,No,32159,47987,36,70,99.0,100.0,No,No,1844,3246,0.0,1.3,1.3,0.000,0.543,96547,53147,0.0,0.0,0.0,0.000,0.000,164001,82786,80.5,72.0,90.2,83.0,0.875,20.575,20.555,20.596,85.405,41.453,67.441,14.573,82.179,3.000,17.577,58.118,47.282,100.000,140.000,2250.0,2150.2,1890.0,2230.9,1905.0,87.0,21.0,0.0,0.0,48.7,22.5,89.9,0.0,0.0,0.0,Yes,No,No,No,No,Yes,No,0,0,0,0,0,0,0,0,0,0,0,0,0,0,0,0,0,0,0,0,0,0,0,0,0,0,0,0,0,0,4198,3990,3758,50,16.0,65,0.300,19.411,700.0,2394.0,0.3,0.1,0.0,0.0,0.1,0.0,0.0,0.0,0.0,3,16188,2,No,No,No,No,No,No,No,No,16.745,68.277,100.0,0.000,24.1,0,0,0,0.0,44.4,50.1,38.7,37.8,37.7,37.7,44.6,46.3,41.9,41.8,41.7,41.7,22.46,23.93,21.54,21.54,23.99,23.99,19.41,3.00,4.48,17.98,0.18,661,10,0.4,0.4,0,0,0.0,0.0,0,
9.6.2026,14:29:36.039,13452,35316,27.5,12014,20370,37.0,10.2,16384,1675,1.178,1.214,1.172,1.172,1.172,1.162,1.162,1.154,1.199,1.149,1.154,1.199,1.159,1.204,1.223,1.063,0.846,3263.4,4489.0,4489.0,4489.0,4489.0,4489.0,4489.0,3591.2,3591.2,1097.3,3591.2,1097.3,1097.3,1097.3,3591.2,99.8,3890.5,396.2,227.8,0.4,99.2,0.3,1969.0,0.6,3925.7,0.3,879.3,0.4,554.7,0.3,6.6,1.0,0.7,0.6,135.2,69.0,26.4,27.2,479.2,14.6,8.8,0.0,3.7,0.2,45.2,29.4,84.2,29.4,22.0,29.4,13.3,14.8,0.0,0.0,0.0,0.0,8.0,3.3,0.5,0.0,84.2,14.6,100.0,15.6,9.4,0.0,4.3,0.0,76.5,0.0,150.1,0.0,34.9,0.0,21.9,0.0,0.4,0.1,0.1,0.1,7.3,3.8,1.5,1.5,15.6,32.7,45.0,45.0,45.0,45.0,45.0,45.0,36.0,36.0,11.0,36.0,11.0,11.0,11.0,36.0,39.0,65,64,65,70,67,64,64,63,63,63,63,65,65,65,65,35,36,35,30,33,36,36,37,37,37,37,35,35,35,35,76,70,No,No,No,No,No,No,No,No,No,No,No,No,No,No,No,No,No,No,No,No,No,No,No,No,No,No,No,No,No,No,No,No,No,No,No,No,No,No,No,No,No,No,No,No,No,No,No,No,76,74,64,1.100,9.281,19.863,13.301,0.001,5.200,0.473,175.0,175.0,175.0,175.0,0,0.0,9.7,9.3,0.0,4.3,0.0,45.5,0.0,84.0,0.0,22.6,0.0,14.0,0.0,0.2,0.1,0.0,0.0,8.6,3.8,1.1,0.9,4.9,9.5,7.7,14.2,13.9,16.1,7.6,0.0,0.0,0.0,0.0,0.0,0.0,0.0,0.0,56.7,0.0,0.0,8.9,1.1,0.0,0.0,99.6,99.8,99.8,99.8,90.8,95.8,98.7,99.0,53.4,78.8,86.3,25.8,0.0,55.1,74.1,2394.1,24.00,36,35,35,68,103,383,2,2,Yes,No,No,No,No,No,No,No,No,No,Yes,No,No,No,No,No,No,No,No,No,No,No,No,No,No,No,No,Yes,No,No,No,No,No,No,No,Yes,No,No,82.0,4560,4860,4560,57.8,1.110,1.110,1.815,1.815,1.005,5.110,0.750,No,No,No,57.8,1.110,1.110,1.815,1.815,1.005,5.110,0.875,No,No,No,40,40,94.0,100.0,No,No,32159,47987,36,70,99.0,100.0,No,No,1844,3246,0.0,1.6,1.6,0.000,0.326,96547,53147,0.0,0.0,0.0,0.000,0.000,164001,82786,80.0,72.0,89.7,83.0,0.875,20.575,20.554,20.595,82.770,41.128,67.113,14.388,81.661,3.000,17.392,57.093,47.253,100.000,140.000,2250.0,2150.2,1890.0,2231.3,1905.0,85.0,19.0,0.0,0.0,48.7,21.3,85.1,0.0,0.0,0.0,Yes,No,No,No,No,Yes,No,0,0,0,0,0,0,0,0,0,0,0,0,0,0,0,0,0,0,0,0,0,0,0,0,0,0,0,0,0,0,4198,3990,3758,49,16.0,65,0.300,15.578,600.0,2394.0,0.2,0.0,0.0,0.0,0.0,0.0,0.0,0.0,0.0,2,16190,2,No,No,No,No,No,No,No,No,16.746,68.277,100.0,0.000,24.1,0,0,0,0.0,45.8,47.9,44.2,44.2,44.2,44.2,45.8,46.2,44.4,44.3,44.3,44.3,21.83,22.50,21.66,21.65,22.52,22.52,18.72,3.11,4.15,17.69,0.15,661,10,0.4,0.2,0,0,0.0,0.0,0,
9.6.2026,14:29:38.044,11646,37122,23.8,8947,23436,27.6,10.2,16384,1675,0.773,0.744,0.808,0.809,0.739,0.799,0.804,0.739,0.739,0.739,0.739,0.794,0.794,0.789,0.789,0.698,0.781,1553.3,1396.6,2593.7,2593.7,1396.6,2493.9,2493.9,1097.3,1097.3,1097.3,1097.3,1097.3,1097.3,1097.3,1097.3,99.8,798.0,154.9,168.0,0.5,59.8,0.4,707.9,0.5,966.3,0.5,188.8,0.4,99.0,0.3,22.4,3.0,1.2,0.8,252.9,350.4,174.7,100.7,138.7,8.2,8.5,0.8,0.8,0.0,24.4,1.6,28.6,1.6,6.7,1.6,4.3,1.5,1.9,1.8,0.1,0.0,22.4,31.3,16.4,9.8,31.3,8.2,100.0,7.0,7.7,0.0,2.9,0.0,28.9,0.0,38.4,0.0,8.0,0.0,4.1,0.0,1.2,0.2,0.1,0.1,13.8,18.8,9.4,5.4,7.0,15.6,14.0,26.0,26.0,14.0,25.0,25.0,11.0,11.0,11.0,11.0,11.0,11.0,11.0,11.0,8.0,59,59,58,60,56,58,57,58,58,58,58,60,60,60,60,41,41,42,40,44,42,43,42,42,42,42,40,40,40,40,72,60,No,No,No,No,No,No,No,No,No,No,No,No,No,No,No,No,No,No,No,No,No,No,No,No,No,No,No,No,No,No,No,No,No,No,No,No,No,No,No,No,No,No,No,No,No,No,No,No,74,60,64,1.100,0.844,19.835,13.265,0.001,5.210,0.474,175.0,175.0,175.0,175.0,0,8.0,7.8,8.4,0.0,3.1,0.0,24.5,0.0,28.5,0.0,6.8,0.0,4.4,0.0,1.9,0.2,0.1,0.1,22.0,31.0,15.6,9.0,4.5,7.6,5.4,19.1,13.6,13.1,3.4,0.0,0.0,0.0,0.0,0.0,0.0,0.1,0.0,51.6,0.0,0.0,1.7,2.5,0.0,1.6,97.9,99.6,99.8,99.8,76.9,68.3,83.8,90.7,72.8,80.9,89.9,48.9,51.2,76.9,88.8,2394.1,24.00,36,35,35,68,103,383,2,2,Yes,No,No,No,No,No,No,No,No,No,Yes,No,No,Yes,No,No,No,No,No,No,No,Yes,No,No,No,No,No,Yes,No,No,No,No,No,No,No,Yes,No,No,82.0,4500,4620,4440,57.8,1.110,1.110,1.815,1.815,1.005,5.110,0.875,No,No,No,57.5,1.110,1.110,1.815,1.815,1.005,5.110,0.500,No,No,No,40,40,94.0,100.0,No,No,32159,47987,36,70,99.0,100.0,No,No,1844,3246,0.5,3.3,3.8,0.352,2.721,96548,53152,0.0,0.0,0.0,0.000,0.000,164001,82786,62.1,70.0,69.5,83.0,0.875,20.805,20.811,20.799,22.274,10.001,10.055,9.136,19.197,3.000,12.148,8.214,8.254,100.000,140.000,2250.0,2150.2,1890.0,2244.8,1905.0,0.0,0.0,0.0,0.0,12.6,0.3,1.2,0.0,0.0,0.0,Yes,No,No,No,No,Yes,No,0,0,0,0,0,0,0,0,0,0,0,0,0,0,0,0,0,0,0,0,0,0,0,0,0,0,0,0,0,0,7160,1028,794,36,16.0,64,0.300,6.710,550.0,2394.0,0.1,0.0,0.0,0.0,0.0,0.0,0.0,0.0,0.0,2,16190,2,No,No,No,No,No,No,No,No,16.746,68.277,100.0,0.000,24.1,0,0,0,0.0,45.8,47.9,44.2,44.2,44.2,44.2,45.8,46.2,44.4,44.3,44.3,44.3,21.83,22.50,21.66,21.65,22.52,22.52,18.72,3.11,4.15,17.69,0.15,661,10,0.3,4.5,0,0,0.0,0.0,0,
9.6.2026,14:29:40.049,11649,37119,23.8,8947,23437,27.6,10.2,16384,1675,0.771,0.803,0.741,0.736,0.742,0.802,0.802,0.823,0.738,0.823,0.823,0.738,0.739,0.744,0.739,0.698,0.781,1631.7,2493.9,798.0,798.0,798.0,2493.9,2493.9,2493.9,1097.3,2493.9,2493.9,1097.3,1097.3,1097.3,1097.3,99.8,798.0,94.6,9.6,1.3,0.4,0.2,235.0,0.3,262.1,0.2,34.7,0.2,3.6,0.2,15.6,4.3,4.2,0.3,434.1,503.6,289.0,92.4,35.8,7.5,0.9,0.3,1.8,0.3,11.9,0.3,14.2,0.3,1.7,0.3,0.0,0.3,1.7,0.0,0.6,0.3,38.6,45.0,24.7,7.6,45.0,7.5,100.0,4.8,0.4,0.1,0.0,0.0,10.6,0.0,11.3,0.0,1.5,0.0,0.2,0.0,0.8,0.2,0.2,0.0,23.2,26.8,15.5,5.0,4.8,16.4,25.0,8.0,8.0,8.0,25.0,25.0,25.0,11.0,25.0,25.0,11.0,11.0,11.0,11.0,8.0,58,59,58,58,53,56,57,58,58,58,58,60,58,58,58,42,41,42,42,47,44,43,42,42,42,42,40,42,42,42,72,60,No,No,No,No,No,No,No,No,No,No,No,No,No,No,No,No,No,No,No,No,No,No,No,No,No,No,No,No,No,No,No,No,No,No,No,No,No,No,No,No,No,No,No,No,No,No,No,No,72,59,64,1.100,0.844,10.445,4.468,0.001,4.710,0.435,175.0,175.0,175.0,175.0,0,0.0,7.4,0.7,0.1,0.0,0.0,11.8,0.0,14.0,0.0,2.2,0.0,0.2,0.0,1.4,0.4,0.4,0.0,38.3,44.7,25.5,8.0,1.4,1.0,0.0,6.8,9.6,1.8,0.0,0.0,0.0,0.0,0.0,0.0,0.0,0.0,0.0,48.7,0.0,0.0,0.0,3.4,0.0,0.0,98.5,99.6,99.6,99.9,60.6,54.5,74.1,91.8,89.4,97.9,99.9,75.4,68.8,95.0,99.4,2394.1,24.00,36,35,35,68,103,383,2,2,Yes,No,No,No,No,No,No,No,No,No,Yes,No,No,Yes,No,No,No,No,No,No,No,Yes,No,No,No,No,No,Yes,No,No,No,No,No,No,No,Yes,No,No,83.0,4320,4080,4260,57.5,1.110,1.110,1.815,1.815,1.005,5.110,0.500,No,No,No,57.5,1.110,1.110,1.815,1.815,1.005,5.110,0.375,No,No,No,40,40,94.0,100.0,No,No,32159,47987,36,70,99.0,100.0,No,No,1844,3246,0.0,8.0,8.0,0.000,6.822,96548,53166,0.0,0.0,0.0,0.000,0.000,164001,82786,60.4,68.0,67.9,83.0,0.870,20.792,20.800,20.784,21.879,9.785,9.671,9.131,18.810,3.000,12.143,7.846,7.897,100.000,140.000,2175.0,2150.2,1875.0,2172.6,1890.0,0.0,0.0,0.0,0.0,12.6,0.0,0.0,0.0,0.0,0.0,Yes,No,No,No,No,Yes,No,0,0,0,0,0,0,0,0,0,0,0,0,0,0,0,0,0,0,0,0,0,0,0,0,0,0,0,0,0,0,7160,1028,794,36,16.0,63,0.300,6.642,550.0,2394.0,0.1,0.0,0.0,0.0,0.0,0.0,0.0,0.0,0.0,2,16190,2,No,No,No,No,No,No,No,No,16.747,68.277,100.0,0.000,24.1,0,0,0,0.0,45.8,47.9,44.2,44.2,44.2,44.2,45.8,46.2,44.4,44.3,44.3,44.3,21.83,22.50,21.66,21.65,22.52,22.52,18.72,3.11,4.15,17.69,0.15,661,10,0.1,0.1,0,0,0.0,0.0,0,
9.6.2026,14:29:42.034,11640,37128,23.8,8938,23446,27.6,10.2,16384,1675,0.751,0.744,0.743,0.742,0.807,0.802,0.743,0.743,0.743,0.743,0.743,0.743,0.739,0.744,0.744,0.698,0.781,1339.6,1396.6,1396.6,798.0,2493.9,2493.9,1396.6,1097.3,1097.3,1097.3,1097.3,1097.3,1097.3,1097.3,1097.3,99.8,798.0,98.7,8.1,0.1,0.1,0.1,279.8,0.2,310.5,0.1,35.6,0.1,2.2,0.1,5.3,0.3,0.1,0.1,360.3,459.9,350.5,161.1,40.2,7.9,0.5,0.0,0.0,0.0,15.4,0.0,18.3,0.0,3.0,0.0,0.0,0.0,0.0,0.7,0.0,0.0,32.0,41.1,31.8,14.3,41.1,7.9,100.0,5.0,0.3,0.0,0.0,0.0,13.0,0.0,13.8,0.0,1.5,0.0,0.1,0.0,0.3,0.0,0.0,0.0,19.4,24.5,18.7,8.6,5.0,13.4,14.0,14.0,8.0,25.0,25.0,14.0,11.0,11.0,11.0,11.0,11.0,11.0,11.0,11.0,8.0,57,58,56,57,54,56,55,57,57,57,57,60,60,60,60,43,42,44,43,46,44,45,43,43,43,43,40,40,40,40,72,60,No,No,No,No,No,No,No,No,No,No,No,No,No,No,No,No,No,No,No,No,No,No,No,No,No,No,No,No,No,No,No,No,No,No,No,No,No,No,No,No,No,No,No,No,No,No,No,No,72,60,63,1.100,0.844,6.716,1.043,0.001,4.369,0.421,175.0,175.0,175.0,175.0,0,0.2,7.8,0.6,0.0,0.0,0.0,15.6,0.0,18.5,0.0,2.3,0.0,0.1,0.0,0.5,0.0,0.0,0.0,31.8,40.9,31.2,14.3,1.6,0.0,0.0,10.8,10.9,0.7,0.0,0.0,0.0,0.0,0.0,0.0,0.0,0.0,0.0,48.6,0.0,0.0,0.0,2.2,0.0,0.0,99.4,100.0,100.0,100.0,67.1,58.4,68.3,85.5,87.3,99.3,100.0,66.2,62.7,95.9,99.6,997.6,10.00,22,15,15,28,103,160,2,2,Yes,No,No,No,No,No,No,No,No,No,Yes,No,No,Yes,No,No,No,No,No,No,No,Yes,No,No,No,No,No,Yes,No,No,No,No,No,No,No,Yes,No,No,83.0,4020,3300,3900,57.5,1.110,1.110,1.800,1.815,1.005,5.110,0.625,No,No,No,57.5,1.110,1.110,1.800,1.815,1.005,5.110,0.500,No,No,No,40,40,94.0,100.0,No,No,32159,47987,36,70,99.0,100.0,No,No,1844,3246,0.0,6.1,6.1,0.032,6.500,96548,53178,0.0,0.0,0.0,0.000,0.000,164001,82786,59.5,68.0,67.1,83.0,0.870,20.787,20.795,20.779,21.756,9.730,9.569,9.129,18.722,3.000,12.143,7.747,7.797,100.000,140.000,2175.0,2150.2,1875.0,2172.1,1890.0,0.0,0.0,0.0,0.0,12.6,0.0,0.0,0.0,0.0,0.0,Yes,No,No,No,No,Yes,No,0,0,0,0,0,0,0,0,0,0,0,0,0,0,0,0,0,0,0,0,0,0,0,0,0,0,0,0,0,0,7160,1028,794,36,16.0,64,0.302,6.777,550.0,997.0,0.1,0.0,0.0,0.0,0.0,0.0,0.0,0.0,0.0,2,16190,2,No,No,No,No,No,No,No,No,16.745,68.277,100.0,0.000,24.1,0,0,0,0.0,45.8,47.9,44.2,44.2,44.2,44.2,45.8,46.2,44.4,44.3,44.3,44.3,21.83,22.50,21.66,21.65,22.52,22.52,18.72,3.11,4.15,17.69,0.15,661,10,0.2,0.2,0,0,0.0,0.0,0,
9.6.2026,14:29:44.046,11642,37126,23.8,8938,23445,27.6,10.2,16384,1675,0.776,0.803,0.743,0.803,0.813,0.803,0.803,0.823,0.743,0.738,0.739,0.828,0.739,0.739,0.744,0.698,0.781,1824.1,2493.9,1396.6,2493.9,2593.7,2493.9,2493.9,2493.9,1097.3,1097.3,1097.3,2493.9,1097.3,1097.3,1097.3,99.8,798.0,97.3,8.6,0.3,0.2,0.2,101.7,140.4,243.9,0.2,15.9,60.5,2.8,0.1,2.1,2.0,0.2,0.1,277.2,438.8,416.5,234.2,36.2,12.0,1.1,0.0,0.0,0.0,6.0,47.7,11.7,41.9,0.0,4.3,0.7,0.5,1.5,0.0,0.5,0.5,24.5,39.7,37.6,21.9,47.7,12.0,100.0,4.9,0.4,0.0,0.0,0.0,4.8,6.2,10.7,0.0,0.7,2.5,0.2,0.0,0.1,0.1,0.0,0.0,15.0,23.6,22.2,12.4,4.9,18.3,25.0,14.0,25.0,26.0,25.0,25.0,25.0,11.0,11.0,11.0,25.0,11.0,11.0,11.0,8.0,57,57,58,58,53,56,55,58,58,58,58,58,58,58,58,43,43,42,42,47,44,45,42,42,42,42,42,42,42,42,71,58,No,No,No,No,No,No,No,No,No,No,No,No,No,No,No,No,No,No,No,No,No,No,No,No,No,No,No,No,No,No,No,No,No,No,No,No,No,No,No,No,No,No,No,No,No,No,No,No,71,58,63,1.100,0.844,6.629,0.993,0.001,4.337,0.421,175.0,175.0,175.0,175.0,0,0.3,7.6,0.6,0.0,0.0,0.0,5.5,7.1,11.3,0.0,1.0,3.8,0.2,0.0,0.2,0.2,0.0,0.0,24.4,38.9,37.1,20.9,1.3,0.0,0.0,8.9,7.6,2.0,0.0,0.0,0.0,0.0,0.0,0.0,0.0,0.1,0.0,48.3,0.0,0.0,0.0,0.0,0.7,0.0,99.8,99.8,99.9,100.0,74.9,60.2,62.2,78.7,89.8,99.2,99.9,72.6,76.5,91.1,99.4,997.6,10.00,22,15,15,28,103,160,2,2,Yes,No,No,No,No,No,No,No,No,No,Yes,No,No,Yes,No,No,No,No,No,No,No,Yes,No,No,No,No,No,Yes,No,No,No,No,No,No,No,Yes,No,No,83.0,3660,2580,3540,57.5,1.110,1.110,1.800,1.815,1.005,5.110,0.750,No,No,No,57.5,1.110,1.110,1.800,1.815,1.005,5.110,0.375,No,No,No,40,40,94.0,100.0,No,No,32159,47987,36,70,99.0,100.0,No,No,1844,3246,0.1,3.5,3.6,0.143,6.960,96548,53191,0.0,0.0,0.0,0.000,0.000,164001,82786,58.9,68.0,66.5,83.0,0.870,20.775,20.783,20.767,21.657,9.676,9.494,9.103,18.608,3.000,12.108,7.686,7.731,100.000,140.000,2175.0,2150.2,1875.0,2171.8,1890.0,0.0,0.0,0.0,0.0,12.6,0.0,0.0,0.0,0.0,0.0,Yes,No,No,No,No,Yes,No,0,0,0,0,0,0,0,0,0,0,0,0,0,0,0,0,0,0,0,0,0,0,0,0,0,0,0,0,0,0,7160,1028,794,36,16.0,62,0.300,6.791,550.0,997.0,0.1,0.0,0.0,0.0,0.0,0.0,0.0,0.0,0.0,2,16190,2,No,No,No,No,No,No,No,No,16.745,68.277,100.0,0.000,24.1,0,0,0,0.0,45.8,47.9,44.2,44.2,44.2,44.2,45.8,46.2,44.4,44.3,44.3,44.3,21.83,22.50,21.66,21.65,22.52,22.52,18.72,3.11,4.15,17.69,0.15,661,10,1.5,0.2,0,0,0.0,0.0,0,
9.6.2026,14:29:46.041,11639,37129,23.8,8937,23446,27.5,10.2,16384,1675,0.836,0.834,0.737,0.737,1.232,1.167,0.812,0.742,0.822,0.822,0.824,0.744,0.744,0.744,0.744,0.778,0.783,2080.6,2493.9,798.0,798.0,4888.0,4688.5,2493.9,1097.3,2493.9,2493.9,2493.9,1097.3,1097.3,1097.3,1097.3,99.8,1895.4,95.9,40.7,0.3,0.4,0.2,20.1,249.1,199.8,0.3,0.6,8.8,1.3,0.2,8.1,7.9,0.2,0.3,97.2,392.8,566.6,323.6,33.6,7.6,2.3,0.3,0.3,0.3,0.8,13.1,9.8,0.0,0.0,1.5,0.4,0.3,0.0,0.0,0.3,0.3,8.1,34.6,50.7,28.5,50.7,7.6,100.0,5.0,2.0,0.0,0.0,0.0,1.2,11.3,9.1,0.0,0.0,0.5,0.1,0.0,0.4,0.4,0.0,0.0,5.2,21.1,30.2,17.3,5.0,20.9,25.0,8.0,8.0,49.0,47.0,25.0,11.0,25.0,25.0,25.0,11.0,11.0,11.0,11.0,19.0,56,57,56,57,53,56,55,56,56,56,56,58,58,58,58,44,43,44,43,47,44,45,44,44,44,44,42,42,42,42,71,58,No,No,No,No,No,No,No,No,No,No,No,No,No,No,No,No,No,No,No,No,No,No,No,No,No,No,No,No,No,No,No,No,No,No,No,No,No,No,No,No,No,No,No,No,No,No,No,No,71,58,62,1.100,0.844,6.871,1.198,0.001,4.374,0.421,175.0,175.0,175.0,175.0,0,0.0,7.6,2.8,0.0,0.0,0.0,1.3,13.6,10.4,0.0,0.0,0.5,0.1,0.0,0.7,0.7,0.0,0.0,8.6,34.7,50.7,28.6,1.8,2.6,0.0,10.0,9.4,0.1,0.0,0.0,0.0,0.0,0.0,0.0,0.0,0.0,2.4,47.9,0.0,0.0,0.0,0.0,0.0,0.0,99.2,99.2,99.9,99.9,91.2,64.2,48.5,68.5,89.2,93.3,99.9,68.3,75.6,98.4,99.7,997.6,10.00,22,15,15,28,103,160,2,2,Yes,No,No,No,No,No,No,No,No,No,Yes,No,No,Yes,No,No,No,No,No,No,No,Yes,No,No,No,No,No,Yes,No,No,No,No,No,No,No,Yes,No,No,83.0,3480,2460,3360,57.2,1.110,1.110,1.800,1.815,1.005,5.110,0.625,No,No,No,57.2,1.110,1.110,1.800,1.815,1.005,5.110,0.500,No,No,No,40,40,94.0,100.0,No,No,32159,47987,36,70,99.0,100.0,No,No,1844,3246,0.0,5.4,5.4,0.000,3.434,96548,53198,0.0,0.0,0.0,0.000,0.000,164001,82786,58.5,66.0,66.1,83.0,0.870,20.774,20.783,20.766,21.615,9.645,9.429,9.103,18.544,3.000,12.105,7.647,7.691,100.000,140.000,2175.0,2150.2,1875.0,2171.3,1890.0,0.0,0.0,0.0,0.0,12.6,0.0,0.0,0.0,0.0,0.0,Yes,No,No,No,No,Yes,No,0,0,0,0,0,0,0,0,0,0,0,0,0,0,0,0,0,0,0,0,0,0,0,0,0,0,0,0,0,0,7160,1028,794,36,16.0,62,0.302,6.479,550.0,997.0,0.1,0.0,0.0,0.0,0.0,0.0,0.0,0.0,0.0,2,16190,2,No,No,No,No,No,No,No,No,16.745,68.277,100.0,0.000,24.1,0,0,0,0.0,45.8,47.9,44.2,44.2,44.2,44.2,45.8,46.2,44.4,44.3,44.3,44.3,21.83,22.50,21.66,21.65,22.52,22.52,18.72,3.11,4.15,17.69,0.15,661,10,1.1,0.6,0,0,0.0,0.0,0,
9.6.2026,14:29:48.042,11640,37128,23.8,8935,23449,27.5,10.2,16384,1675,0.793,0.823,0.742,0.742,1.213,0.743,0.808,0.744,0.744,0.823,0.744,0.744,0.744,0.744,0.744,0.756,0.783,1688.7,2493.9,798.0,1396.6,4888.0,1396.6,2493.9,1097.3,1097.3,2493.9,1097.3,1097.3,1097.3,1097.3,1097.3,99.8,1895.4,86.0,31.4,0.3,0.2,0.1,21.5,159.2,176.7,0.2,0.7,26.3,1.3,0.2,5.8,9.5,0.2,0.1,30.9,382.7,564.7,309.1,27.1,10.0,2.3,0.2,0.2,0.2,1.7,7.5,8.9,21.5,24.7,2.0,0.3,0.2,8.5,5.4,0.2,0.2,3.5,34.0,50.8,27.6,50.8,10.0,100.0,4.4,1.4,0.0,0.0,0.0,1.3,6.8,7.4,0.0,0.1,1.1,0.1,0.0,0.3,0.5,0.0,0.0,1.7,20.5,30.1,16.5,4.4,16.9,25.0,8.0,14.0,49.0,14.0,25.0,11.0,11.0,25.0,11.0,11.0,11.0,11.0,11.0,19.0,56,57,54,56,52,55,55,57,57,57,57,58,58,58,58,44,43,46,44,48,45,45,43,43,43,43,42,42,42,42,71,58,No,No,No,No,No,No,No,No,No,No,No,No,No,No,No,No,No,No,No,No,No,No,No,No,No,No,No,No,No,No,No,No,No,No,No,No,No,No,No,No,No,No,No,No,No,No,No,No,72,58,62,1.100,1.688,6.609,0.983,0.001,4.322,0.421,175.0,175.0,175.0,175.0,0,0.0,6.9,2.2,0.0,0.0,0.0,1.6,7.3,8.8,0.0,0.0,1.8,0.1,0.0,0.5,0.9,0.0,0.0,2.6,33.6,50.4,27.4,0.8,1.5,0.0,5.1,3.8,0.9,0.0,0.0,0.0,0.0,0.0,0.0,0.0,0.0,0.0,48.9,0.0,0.0,0.0,2.4,0.0,0.0,99.4,99.1,100.0,100.0,97.2,65.4,49.0,72.2,92.7,95.7,99.9,81.5,82.3,96.6,99.8,997.6,10.00,22,15,15,28,103,160,2,2,Yes,No,No,No,No,No,No,No,No,No,Yes,No,No,Yes,No,No,No,No,No,No,No,Yes,No,No,No,No,No,Yes,No,No,No,No,No,No,No,Yes,No,No,83.0,3420,2400,3240,57.2,1.110,1.110,1.800,1.815,1.005,5.110,1.250,No,No,No,57.2,1.110,1.110,1.800,1.815,1.005,5.110,0.750,No,No,No,40,40,94.0,100.0,No,No,32159,47987,36,70,99.0,100.0,No,No,1844,3246,0.0,5.6,5.6,0.000,4.032,96548,53205,0.0,0.0,0.0,0.000,0.000,164001,82786,58.2,66.0,65.7,83.0,0.870,20.770,20.778,20.761,21.508,9.631,9.420,9.101,18.519,3.000,12.101,7.614,7.660,100.000,140.000,2175.0,2150.2,1875.0,2171.1,1890.0,0.0,0.0,0.0,0.0,12.6,0.0,0.0,0.0,0.0,0.0,Yes,No,No,No,No,Yes,No,0,0,0,0,0,0,0,0,0,0,0,0,0,0,0,0,0,0,0,0,0,0,0,0,0,0,0,0,0,0,7160,1028,794,36,16.0,62,0.302,8.074,550.0,997.0,0.1,0.0,0.0,0.0,0.0,0.0,0.0,0.0,0.0,2,16190,2,No,No,No,No,No,No,No,No,16.746,68.277,100.0,0.000,24.1,0,0,0,0.0,45.8,47.9,44.2,44.2,44.2,44.2,45.8,46.2,44.4,44.3,44.3,44.3,21.83,22.50,21.66,21.65,22.52,22.52,18.72,3.11,4.15,17.69,0.15,661,10,0.3,0.3,0,0,0.0,0.0,0,
9.6.2026,14:29:52.039,11656,37112,23.9,8950,23434,27.6,10.2,16384,1675,0.794,0.830,0.783,0.783,0.793,0.793,0.793,0.798,0.788,0.788,0.788,0.802,0.787,0.787,0.807,0.751,0.783,1781.4,2294.4,2294.4,2294.4,2294.4,2294.4,2294.4,1097.3,1097.3,1097.3,1097.3,2294.4,1097.3,1097.3,2294.4,99.8,1695.9,148.0,82.1,0.6,35.2,0.5,27.1,681.0,633.2,0.6,2.0,91.9,49.4,0.4,18.5,2.5,0.4,0.4,66.3,465.1,581.7,221.7,101.6,8.6,3.3,0.2,1.3,0.2,0.7,26.0,25.1,1.7,0.0,2.8,1.3,0.1,0.2,0.0,0.0,0.0,4.3,38.8,48.9,17.3,48.9,8.6,100.0,7.0,3.7,0.0,1.5,0.0,1.7,28.0,26.0,0.0,0.2,4.2,2.3,0.0,1.0,0.2,0.0,0.0,3.7,25.2,31.2,11.9,7.0,17.9,23.0,23.0,23.0,23.0,23.0,23.0,11.0,11.0,11.0,11.0,23.0,11.0,11.0,23.0,17.0,56,58,56,58,51,56,56,56,56,56,56,58,58,58,58,44,42,44,42,49,44,44,44,44,44,44,42,42,42,42,72,58,No,No,No,No,No,No,No,No,No,No,No,No,No,No,No,No,No,No,No,No,No,No,No,No,No,No,No,No,No,No,No,No,No,No,No,No,No,No,No,No,No,No,No,No,No,No,No,No,72,58,62,1.100,0.000,9.607,3.721,0.001,4.570,0.437,175.0,175.0,175.0,175.0,0,0.1,8.8,4.0,0.0,1.2,0.0,1.4,26.5,25.7,0.0,0.1,3.6,2.0,0.0,1.7,0.2,0.0,0.0,4.2,38.8,48.8,17.9,4.1,4.8,2.3,16.9,23.1,3.4,1.5,0.1,0.0,0.0,0.0,0.9,1.2,1.0,1.9,48.6,0.0,0.0,0.0,1.6,0.0,0.0,98.0,99.6,99.8,99.8,94.3,58.7,49.3,79.5,76.4,88.3,95.8,48.2,43.0,88.8,94.0,2394.1,24.00,36,35,35,68,103,383,2,2,Yes,No,No,No,No,No,No,No,No,No,Yes,No,No,Yes,No,No,No,No,No,No,No,Yes,No,No,No,No,No,Yes,No,No,No,No,No,No,No,Yes,No,No,83.0,3360,2400,3120,57.2,1.095,1.110,1.800,1.815,1.005,5.110,0.875,No,No,No,57.2,1.095,1.110,1.800,1.815,1.005,5.110,0.500,No,No,No,40,40,94.0,100.0,No,No,32159,47987,36,70,99.0,100.0,No,No,1844,3246,0.0,5.8,5.8,0.000,3.579,96548,53214,0.0,0.0,0.0,0.000,0.000,164001,82786,57.8,64.0,65.3,83.0,0.870,20.756,20.763,20.748,21.564,9.570,9.444,8.970,18.425,3.000,11.976,7.564,7.609,100.000,140.000,2175.0,2150.2,1875.0,2170.9,1890.0,2.0,0.0,0.0,0.0,12.5,0.1,0.3,0.0,0.0,0.0,Yes,No,No,No,No,Yes,No,0,0,0,0,0,0,0,0,0,0,0,0,0,0,0,0,0,0,0,0,0,0,0,0,0,0,0,0,0,0,7161,1027,794,49,16.0,62,0.302,9.074,550.0,2394.0,0.1,0.0,0.0,0.0,0.0,0.0,0.0,0.0,0.0,2,16190,2,No,No,No,No,No,No,No,No,16.746,68.277,100.0,0.000,24.1,0,0,0,0.0,43.8,220.3,4.5,4.1,4.1,4.1,43.8,166.9,4.6,4.2,4.1,4.1,22.83,220.23,4.54,4.48,243.72,243.72,0.37,22.46,22.83,0.00,21.43,661,10,0.1,0.2,0,0,0.0,0.0,0,
Date,Time,"Virtual Memory Committed [MB]","Virtual Memory Available [MB]","Virtual Memory Load [%]","Physical Memory Used [MB]","Physical Memory Available [MB]","Physical Memory Load [%]","Page File Usage [%]","Page File Total [MB]","Page File Used [MB]","Core VIDs (avg) [V]","P-core 0 VID [V]","P-core 1 VID [V]","P-core 2 VID [V]","P-core 3 VID [V]","P-core 4 VID [V]","P-core 5 VID [V]","E-core 6 VID [V]","E-core 7 VID [V]","E-core 8 VID [V]","E-core 9 VID [V]","E-core 10 VID [V]","E-core 11 VID [V]","E-core 12 VID [V]","E-core 13 VID [V]","Uncore VID [V]","SA VID [V]","Core Clocks (avg) [MHz]","P-core 0 Clock [MHz]","P-core 1 Clock [MHz]","P-core 2 Clock [MHz]","P-core 3 Clock [MHz]","P-core 4 Clock [MHz]","P-core 5 Clock [MHz]","E-core 6 Clock [MHz]","E-core 7 Clock [MHz]","E-core 8 Clock [MHz]","E-core 9 Clock [MHz]","E-core 10 Clock [MHz]","E-core 11 Clock [MHz]","E-core 12 Clock [MHz]","E-core 13 Clock [MHz]","Bus Clock [MHz]","Ring/LLC Clock [MHz]","Core Effective Clocks (avg) [MHz]","P-core 0 T0 Effective Clock [MHz]","P-core 0 T1 Effective Clock [MHz]","P-core 1 T0 Effective Clock [MHz]","P-core 1 T1 Effective Clock [MHz]","P-core 2 T0 Effective Clock [MHz]","P-core 2 T1 Effective Clock [MHz]","P-core 3 T0 Effective Clock [MHz]","P-core 3 T1 Effective Clock [MHz]","P-core 4 T0 Effective Clock [MHz]","P-core 4 T1 Effective Clock [MHz]","P-core 5 T0 Effective Clock [MHz]","P-core 5 T1 Effective Clock [MHz]","E-core 6 T0 Effective Clock [MHz]","E-core 7 T0 Effective Clock [MHz]","E-core 8 T0 Effective Clock [MHz]","E-core 9 T0 Effective Clock [MHz]","E-core 10 T0 Effective Clock [MHz]","E-core 11 T0 Effective Clock [MHz]","E-core 12 T0 Effective Clock [MHz]","E-core 13 T0 Effective Clock [MHz]","Average Effective Clock [MHz]","Core Usage (avg) [%]","P-core 0 T0 Usage [%]","P-core 0 T1 Usage [%]","P-core 1 T0 Usage [%]","P-core 1 T1 Usage [%]","P-core 2 T0 Usage [%]","P-core 2 T1 Usage [%]","P-core 3 T0 Usage [%]","P-core 3 T1 Usage [%]","P-core 4 T0 Usage [%]","P-core 4 T1 Usage [%]","P-core 5 T0 Usage [%]","P-core 5 T1 Usage [%]","E-core 6 T0 Usage [%]","E-core 7 T0 Usage [%]","E-core 8 T0 Usage [%]","E-core 9 T0 Usage [%]","E-core 10 T0 Usage [%]","E-core 11 T0 Usage [%]","E-core 12 T0 Usage [%]","E-core 13 T0 Usage [%]","Max CPU/Thread Usage [%]","Total CPU Usage [%]","On-Demand Clock Modulation [%]","Core Utility (avg) [%]","P-core 0 T0 Utility [%]","P-core 0 T1 Utility [%]","P-core 1 T0 Utility [%]","P-core 1 T1 Utility [%]","P-core 2 T0 Utility [%]","P-core 2 T1 Utility [%]","P-core 3 T0 Utility [%]","P-core 3 T1 Utility [%]","P-core 4 T0 Utility [%]","P-core 4 T1 Utility [%]","P-core 5 T0 Utility [%]","P-core 5 T1 Utility [%]","E-core 6 T0 Utility [%]","E-core 7 T0 Utility [%]","E-core 8 T0 Utility [%]","E-core 9 T0 Utility [%]","E-core 10 T0 Utility [%]","E-core 11 T0 Utility [%]","E-core 12 T0 Utility [%]","E-core 13 T0 Utility [%]","Total CPU Utility [%]","Core Ratios (avg) [x]","P-core 0 Ratio [x]","P-core 1 Ratio [x]","P-core 2 Ratio [x]","P-core 3 Ratio [x]","P-core 4 Ratio [x]","P-core 5 Ratio [x]","E-core 6 Ratio [x]","E-core 7 Ratio [x]","E-core 8 Ratio [x]","E-core 9 Ratio [x]","E-core 10 Ratio [x]","E-core 11 Ratio [x]","E-core 12 Ratio [x]","E-core 13 Ratio [x]","Uncore Ratio [x]","Core Temperatures (avg) [°C]","P-core 0 [°C]","P-core 1 [°C]","P-core 2 [°C]","P-core 3 [°C]","P-core 4 [°C]","P-core 5 [°C]","E-core 6 [°C]","E-core 7 [°C]","E-core 8 [°C]","E-core 9 [°C]","E-core 10 [°C]","E-core 11 [°C]","E-core 12 [°C]","E-core 13 [°C]","Core Distance to TjMAX (avg) [°C]","P-core 0 Distance to TjMAX [°C]","P-core 1 Distance to TjMAX [°C]","P-core 2 Distance to TjMAX [°C]","P-core 3 Distance to TjMAX [°C]","P-core 4 Distance to TjMAX [°C]","P-core 5 Distance to TjMAX [°C]","E-core 6 Distance to TjMAX [°C]","E-core 7 Distance to TjMAX [°C]","E-core 8 Distance to TjMAX [°C]","E-core 9 Distance to TjMAX [°C]","E-core 10 Distance to TjMAX [°C]","E-core 11 Distance to TjMAX [°C]","E-core 12 Distance to TjMAX [°C]","E-core 13 Distance to TjMAX [°C]","CPU Package [°C]","Core Max [°C]","Core Thermal Throttling (avg) [Yes/No]","P-core 0 Thermal Throttling [Yes/No]","P-core 1 Thermal Throttling [Yes/No]","P-core 2 Thermal Throttling [Yes/No]","P-core 3 Thermal Throttling [Yes/No]","P-core 4 Thermal Throttling [Yes/No]","P-core 5 Thermal Throttling [Yes/No]","E-core 6 Thermal Throttling [Yes/No]","E-core 7 Thermal Throttling [Yes/No]","E-core 8 Thermal Throttling [Yes/No]","E-core 9 Thermal Throttling [Yes/No]","E-core 10 Thermal Throttling [Yes/No]","E-core 11 Thermal Throttling [Yes/No]","E-core 12 Thermal Throttling [Yes/No]","E-core 13 Thermal Throttling [Yes/No]","Core Critical Temperature (avg) [Yes/No]","P-core 0 Critical Temperature [Yes/No]","P-core 1 Critical Temperature [Yes/No]","P-core 2 Critical Temperature [Yes/No]","P-core 3 Critical Temperature [Yes/No]","P-core 4 Critical Temperature [Yes/No]","P-core 5 Critical Temperature [Yes/No]","E-core 6 Critical Temperature [Yes/No]","E-core 7 Critical Temperature [Yes/No]","E-core 8 Critical Temperature [Yes/No]","E-core 9 Critical Temperature [Yes/No]","E-core 10 Critical Temperature [Yes/No]","E-core 11 Critical Temperature [Yes/No]","E-core 12 Critical Temperature [Yes/No]","E-core 13 Critical Temperature [Yes/No]","Core Power Limit Exceeded (avg) [Yes/No]","P-core 0 Power Limit Exceeded [Yes/No]","P-core 1 Power Limit Exceeded [Yes/No]","P-core 2 Power Limit Exceeded [Yes/No]","P-core 3 Power Limit Exceeded [Yes/No]","P-core 4 Power Limit Exceeded [Yes/No]","P-core 5 Power Limit Exceeded [Yes/No]","E-core 6 Power Limit Exceeded [Yes/No]","E-core 7 Power Limit Exceeded [Yes/No]","E-core 8 Power Limit Exceeded [Yes/No]","E-core 9 Power Limit Exceeded [Yes/No]","E-core 10 Power Limit Exceeded [Yes/No]","E-core 11 Power Limit Exceeded [Yes/No]","E-core 12 Power Limit Exceeded [Yes/No]","E-core 13 Power Limit Exceeded [Yes/No]","Package/Ring Thermal Throttling [Yes/No]","Package/Ring Critical Temperature [Yes/No]","Package/Ring Power Limit Exceeded [Yes/No]","CPU Package [°C]","CPU IA Cores [°C]","CPU GT Cores (Graphics) [°C]","VDDQ TX Voltage [V]","VR VCC Current (SVID IOUT) [A]","CPU Package Power [W]","IA Cores Power [W]","GT Cores Power [W]","System Agent Power [W]","Rest-of-Chip Power [W]","PL1 Power Limit (Static) [W]","PL1 Power Limit (Dynamic) [W]","PL2 Power Limit (Static) [W]","PL2 Power Limit (Dynamic) [W]","Current cTDP Level []","Package C2 Residency [%]","Core C0 Residency (avg) [%]","P-core 0 T0 C0 Residency [%]","P-core 0 T1 C0 Residency [%]","P-core 1 T0 C0 Residency [%]","P-core 1 T1 C0 Residency [%]","P-core 2 T0 C0 Residency [%]","P-core 2 T1 C0 Residency [%]","P-core 3 T0 C0 Residency [%]","P-core 3 T1 C0 Residency [%]","P-core 4 T0 C0 Residency [%]","P-core 4 T1 C0 Residency [%]","P-core 5 T0 C0 Residency [%]","P-core 5 T1 C0 Residency [%]","E-core 6 T0 C0 Residency [%]","E-core 7 T0 C0 Residency [%]","E-core 8 T0 C0 Residency [%]","E-core 9 T0 C0 Residency [%]","E-core 10 T0 C0 Residency [%]","E-core 11 T0 C0 Residency [%]","E-core 12 T0 C0 Residency [%]","E-core 13 T0 C0 Residency [%]","Core C1 Residency (avg) [%]","P-core 0 C1 Residency [%]","P-core 1 C1 Residency [%]","P-core 2 C1 Residency [%]","P-core 3 C1 Residency [%]","P-core 4 C1 Residency [%]","P-core 5 C1 Residency [%]","E-core 6 C1 Residency [%]","E-core 7 C1 Residency [%]","E-core 8 C1 Residency [%]","E-core 9 C1 Residency [%]","E-core 10 C1 Residency [%]","E-core 11 C1 Residency [%]","E-core 12 C1 Residency [%]","E-core 13 C1 Residency [%]","Core C6 Residency (avg) [%]","P-core 0 C6 Residency [%]","P-core 1 C6 Residency [%]","P-core 2 C6 Residency [%]","P-core 3 C6 Residency [%]","P-core 4 C6 Residency [%]","P-core 5 C6 Residency [%]","E-core 6 C6 Residency [%]","E-core 7 C6 Residency [%]","E-core 8 C6 Residency [%]","E-core 9 C6 Residency [%]","E-core 10 C6 Residency [%]","E-core 11 C6 Residency [%]","E-core 12 C6 Residency [%]","E-core 13 C6 Residency [%]","Core C7 Residency (avg) [%]","P-core 0 C7 Residency [%]","P-core 1 C7 Residency [%]","P-core 2 C7 Residency [%]","P-core 3 C7 Residency [%]","P-core 4 C7 Residency [%]","P-core 5 C7 Residency [%]","Memory Clock [MHz]","Memory Clock Ratio [x]","Tcas [T]","Trcd [T]","Trp [T]","Tras [T]","Trc [T]","Trfc [T]","Command Rate [T]","Gear Mode []","IA Limit Reasons (avg) [Yes/No]","IA: PROCHOT [Yes/No]","IA: Thermal Event [Yes/No]","IA: Residency State Regulation [Yes/No]","IA: Running Average Thermal Limit [Yes/No]","IA: VR Thermal Alert [Yes/No]","IA: VR TDC [Yes/No]","IA: Electrical Design Point/Other (ICCmax PL4 SVID DDR RAPL) [Yes/No]","IA: Package-Level RAPL/PBM PL1 [Yes/No]","IA: Package-Level RAPL/PBM PL2 PL3 [Yes/No]","IA: Max Turbo Limit [Yes/No]","IA: Turbo Attenuation (MCT) [Yes/No]","IA: Thermal Velocity Boost [Yes/No]","GT Limit Reasons (avg) [Yes/No]","GT: PROCHOT [Yes/No]","GT: Thermal Event [Yes/No]","GT: DDR RAPL [Yes/No]","GT: Residency State Regulation [Yes/No]","GT: Running Average Thermal Limit [Yes/No]","GT: VR Thermal Alert [Yes/No]","GT: VR TDC [Yes/No]","GT: Max VR Voltage  ICCmax  PL4 [Yes/No]","GT: Domain-Level PBM PLGT [Yes/No]","GT: Package-Level RAPL/PBM PL1 [Yes/No]","GT: Package-Level RAPL/PBM PL2 PL3 [Yes/No]","GT: Inefficient Operation [Yes/No]","GT: Fuses limit [Yes/No]","Ring Limit Reasons (avg) [Yes/No]","RING: PROCHOT [Yes/No]","RING: Thermal Event [Yes/No]","RING: DDR RAPL [Yes/No]","RING: Residency State Regulation [Yes/No]","RING: Running Average Thermal Limit [Yes/No]","RING: VR Thermal Alert [Yes/No]","RING: VR TDC [Yes/No]","RING: Max VR Voltage  ICCmax  PL4 [Yes/No]","RING: Package-Level RAPL/PBM PL1 [Yes/No]","RING: Package-Level RAPL/PBM PL2 PL3 [Yes/No]","PCH Temperature [°C]","CPU [RPM]","GPU [RPM]","GPU [RPM]","SPD Hub Temperature [°C]","VDD (SWA) Voltage [V]","VDDQ (SWB) Voltage [V]","VPP (SWC) Voltage [V]","1.8V VOUT Voltage [V]","1.0V VOUT Voltage [V]","VIN Voltage [V]","Total Power [W]","PMIC High Temperature [Yes/No]","PMIC Over Voltage [Yes/No]","PMIC Under Voltage [Yes/No]","SPD Hub Temperature [°C]","VDD (SWA) Voltage [V]","VDDQ (SWB) Voltage [V]","VPP (SWC) Voltage [V]","1.8V VOUT Voltage [V]","1.0V VOUT Voltage [V]","VIN Voltage [V]","Total Power [W]","PMIC High Temperature [Yes/No]","PMIC Over Voltage [Yes/No]","PMIC Under Voltage [Yes/No]","Drive Temperature [°C]","Drive Temperature 2 [°C]","Drive Remaining Life [%]","Drive Available Spare [%]","Drive Failure [Yes/No]","Drive Warning [Yes/No]","Total Host Writes [GB]","Total Host Reads [GB]","Drive Temperature [°C]","Drive Temperature 3 [°C]","Drive Remaining Life [%]","Drive Available Spare [%]","Drive Failure [Yes/No]","Drive Warning [Yes/No]","Total Host Writes [GB]","Total Host Reads [GB]","Read Activity [%]","Write Activity [%]","Total Activity [%]","Read Rate [MB/s]","Write Rate [MB/s]","Read Total [MB]","Write Total [MB]","Read Activity [%]","Write Activity [%]","Total Activity [%]","Read Rate [MB/s]","Write Rate [MB/s]","Read Total [MB]","Write Total [MB]","GPU Temperature [°C]","GPU Memory Junction Temperature [°C]","GPU Hot Spot Temperature [°C]","GPU Thermal Limit [°C]","GPU Core Voltage [V]","GPU Rail Voltages (avg) [V]","GPU FBVDD Input Voltage [V]","GPU 12VHPWR Voltage [V]","GPU Power [W]","GPU Rail Powers (avg) [W]","GPU Core (NVVDD) Input Power (sum) [W]","GPU FBVDD Input Power [W]","GPU 12VHPWR Power [W]","GPU PCIe +3.3V Input Power (est) [W]","GPU Input PP Source Power (sum) [W]","GPU Core (NVVDD) Output Power [W]","GPU Core (NVVDD) Output Power [W]","GPU Power Limit (rated) [W]","GPU Power Limit (max) [W]","GPU Clock [MHz]","GPU Memory Clock [MHz]","GPU Video Clock [MHz]","GPU Effective Clock [MHz]","GPU Crossbar Clock [MHz]","GPU Core Load [%]","GPU Memory Controller Load [%]","GPU Video Engine Load [%]","GPU Bus Load [%]","GPU Memory Usage [%]","GPU D3D Usages (avg) [%]","GPU D3D Usage [%]","GPU Video Decode 0 Usage [%]","GPU Video Encode 0 Usage [%]","GPU VR Usage [%]","GPU Performance Limiters (avg) [Yes/No]","Performance Limit - Power [Yes/No]","Performance Limit - Thermal [Yes/No]","Performance Limit - Reliability Voltage [Yes/No]","Performance Limit - Max Operating Voltage [Yes/No]","Performance Limit - Utilization [Yes/No]","Performance Limit - SLI GPUBoost Sync [Yes/No]","PCI Express Error Counters (avg) []","Receiver Errors []","Replay Count []","Replay Rollover Count []","Bad DLLP Count []","Bad TLP Count []","LCRC Error Count []","NAKs Sent Count []","NAKs Received Count []","Recovery Count []","Correctable Error Count []","Non-Fatal Error Count []","Fatal Error Count []","Unsupported Request Count []","PCIe Lane 0 Errors []","PCIe Lane 1 Errors []","PCIe Lane 2 Errors []","PCIe Lane 3 Errors []","PCIe Lane 4 Errors []","PCIe Lane 5 Errors []","PCIe Lane 6 Errors []","PCIe Lane 7 Errors []","PCIe Lane 8 Errors []","PCIe Lane 9 Errors []","PCIe Lane 10 Errors []","PCIe Lane 11 Errors []","PCIe Lane 12 Errors []","PCIe Lane 13 Errors []","PCIe Lane 14 Errors []","PCIe Lane 15 Errors []","GPU Memory Available [MB]","GPU Memory Allocated [MB]","GPU D3D Memory Dedicated [MB]","GPU D3D Memory Dynamic [MB]","PCIe Link Speed [GT/s]","GPU Core Temperature [°C]","iGPU VID [V]","IGPU Power [W]","GPU Clock [MHz]","GPU Memory Clock [MHz]","GPU Total Usage [%]","GPU Computing Usage [%]","GPU Media Engine Usage [%]","GPU D3D Utilizations (avg) [%]","GPU D3D Usage [%]","GPU Video Decode 0 Usage [%]","GPU Video Processing 0 Usage [%]","GPU Copy Engine Usage [%]","GPU Memory Usage [%]","GPU Memory Allocated [MB]","GPU Memory Available [MB]","GPU D3D Memory Dynamic [MB]","GPU Throttle Reasons (avg) [Yes/No]","Avg. Power (PL1) [Yes/No]","Burst Power (PL2) [Yes/No]","Current (PL4) [Yes/No]","Thermal [Yes/No]","Power Supply [Yes/No]","Software Limit [Yes/No]","Hardware Limit [Yes/No]","Battery Voltage [V]","Remaining Capacity [Wh]","Charge Level [%]","Charge Rate [W]","Wear Level [%]","Framerate [FPS]","Framerate 1% Low [FPS]","Framerate 0.1% Low [FPS]","Frame Time [ms]","Framerate Presented (avg) [FPS]","Framerate Presented (99%) [FPS]","Framerate Presented (1%) [FPS]","Framerate Presented (0.1%) [FPS]","Framerate Presented (1% low) [FPS]","Framerate Presented (0.1% low) [FPS]","Framerate Displayed (avg) [FPS]","Framerate Displayed (99%) [FPS]","Framerate Displayed (1%) [FPS]","Framerate Displayed (0.1%) [FPS]","Framerate Displayed (1% low) [FPS]","Framerate Displayed (0.1% low) [FPS]","Frame Time Presented (avg) [ms]","Frame Time Presented (99%) [ms]","Frame Time Presented (1%) [ms]","Frame Time Presented (0.1%) [ms]","Frame Time Displayed (1% high) [ms]","Frame Time Displayed (0.1% high) [ms]","GPU Busy (avg) [ms]","GPU Wait (avg) [ms]","CPU Busy (avg) [ms]","CPU Wait (avg) [ms]","Animation Error (avg) [ms]","Total DL [MB]","Total UP [MB]","Current DL rate [KB/s]","Current UP rate [KB/s]","Total DL [MB]","Total UP [MB]","Current DL rate [KB/s]","Current UP rate [KB/s]","Total Errors []",
,,System: ASUS ROG Strix G614JI_G614JI,System: ASUS ROG Strix G614JI_G614JI,System: ASUS ROG Strix G614JI_G614JI,System: ASUS ROG Strix G614JI_G614JI,System: ASUS ROG Strix G614JI_G614JI,System: ASUS ROG Strix G614JI_G614JI,System: ASUS ROG Strix G614JI_G614JI,System: ASUS ROG Strix G614JI_G614JI,System: ASUS ROG Strix G614JI_G614JI,CPU [#0]: Intel Core i7-13650HX,CPU [#0]: Intel Core i7-13650HX,CPU [#0]: Intel Core i7-13650HX,CPU [#0]: Intel Core i7-13650HX,CPU [#0]: Intel Core i7-13650HX,CPU [#0]: Intel Core i7-13650HX,CPU [#0]: Intel Core i7-13650HX,CPU [#0]: Intel Core i7-13650HX,CPU [#0]: Intel Core i7-13650HX,CPU [#0]: Intel Core i7-13650HX,CPU [#0]: Intel Core i7-13650HX,CPU [#0]: Intel Core i7-13650HX,CPU [#0]: Intel Core i7-13650HX,CPU [#0]: Intel Core i7-13650HX,CPU [#0]: Intel Core i7-13650HX,CPU [#0]: Intel Core i7-13650HX,CPU [#0]: Intel Core i7-13650HX,CPU [#0]: Intel Core i7-13650HX,CPU [#0]: Intel Core i7-13650HX,CPU [#0]: Intel Core i7-13650HX,CPU [#0]: Intel Core i7-13650HX,CPU [#0]: Intel Core i7-13650HX,CPU [#0]: Intel Core i7-13650HX,CPU [#0]: Intel Core i7-13650HX,CPU [#0]: Intel Core i7-13650HX,CPU [#0]: Intel Core i7-13650HX,CPU [#0]: Intel Core i7-13650HX,CPU [#0]: Intel Core i7-13650HX,CPU [#0]: Intel Core i7-13650HX,CPU [#0]: Intel Core i7-13650HX,CPU [#0]: Intel Core i7-13650HX,CPU [#0]: Intel Core i7-13650HX,CPU [#0]: Intel Core i7-13650HX,CPU [#0]: Intel Core i7-13650HX,CPU [#0]: Intel Core i7-13650HX,CPU [#0]: Intel Core i7-13650HX,CPU [#0]: Intel Core i7-13650HX,CPU [#0]: Intel Core i7-13650HX,CPU [#0]: Intel Core i7-13650HX,CPU [#0]: Intel Core i7-13650HX,CPU [#0]: Intel Core i7-13650HX,CPU [#0]: Intel Core i7-13650HX,CPU [#0]: Intel Core i7-13650HX,CPU [#0]: Intel Core i7-13650HX,CPU [#0]: Intel Core i7-13650HX,CPU [#0]: Intel Core i7-13650HX,CPU [#0]: Intel Core i7-13650HX,CPU [#0]: Intel Core i7-13650HX,CPU [#0]: Intel Core i7-13650HX,CPU [#0]: Intel Core i7-13650HX,CPU [#0]: Intel Core i7-13650HX,CPU [#0]: Intel Core i7-13650HX,CPU [#0]: Intel Core i7-13650HX,CPU [#0]: Intel Core i7-13650HX,CPU [#0]: Intel Core i7-13650HX,CPU [#0]: Intel Core i7-13650HX,CPU [#0]: Intel Core i7-13650HX,CPU [#0]: Intel Core i7-13650HX,CPU [#0]: Intel Core i7-13650HX,CPU [#0]: Intel Core i7-13650HX,CPU [#0]: Intel Core i7-13650HX,CPU [#0]: Intel Core i7-13650HX,CPU [#0]: Intel Core i7-13650HX,CPU [#0]: Intel Core i7-13650HX,CPU [#0]: Intel Core i7-13650HX,CPU [#0]: Intel Core i7-13650HX,CPU [#0]: Intel Core i7-13650HX,CPU [#0]: Intel Core i7-13650HX,CPU [#0]: Intel Core i7-13650HX,CPU [#0]: Intel Core i7-13650HX,CPU [#0]: Intel Core i7-13650HX,CPU [#0]: Intel Core i7-13650HX,CPU [#0]: Intel Core i7-13650HX,CPU [#0]: Intel Core i7-13650HX,CPU [#0]: Intel Core i7-13650HX,CPU [#0]: Intel Core i7-13650HX,CPU [#0]: Intel Core i7-13650HX,CPU [#0]: Intel Core i7-13650HX,CPU [#0]: Intel Core i7-13650HX,CPU [#0]: Intel Core i7-13650HX,CPU [#0]: Intel Core i7-13650HX,CPU [#0]: Intel Core i7-13650HX,CPU [#0]: Intel Core i7-13650HX,CPU [#0]: Intel Core i7-13650HX,CPU [#0]: Intel Core i7-13650HX,CPU [#0]: Intel Core i7-13650HX,CPU [#0]: Intel Core i7-13650HX,CPU [#0]: Intel Core i7-13650HX,CPU [#0]: Intel Core i7-13650HX,CPU [#0]: Intel Core i7-13650HX,CPU [#0]: Intel Core i7-13650HX,CPU [#0]: Intel Core i7-13650HX,CPU [#0]: Intel Core i7-13650HX,CPU [#0]: Intel Core i7-13650HX,CPU [#0]: Intel Core i7-13650HX,CPU [#0]: Intel Core i7-13650HX,CPU [#0]: Intel Core i7-13650HX,CPU [#0]: Intel Core i7-13650HX,CPU [#0]: Intel Core i7-13650HX,CPU [#0]: Intel Core i7-13650HX,CPU [#0]: Intel Core i7-13650HX,CPU [#0]: Intel Core i7-13650HX,CPU [#0]: Intel Core i7-13650HX,CPU [#0]: Intel Core i7-13650HX,CPU [#0]: Intel Core i7-13650HX,CPU [#0]: Intel Core i7-13650HX,CPU [#0]: Intel Core i7-13650HX,CPU [#0]: Intel Core i7-13650HX,CPU [#0]: Intel Core i7-13650HX,CPU [#0]: Intel Core i7-13650HX,CPU [#0]: Intel Core i7-13650HX,CPU [#0]: Intel Core i7-13650HX,CPU [#0]: Intel Core i7-13650HX,CPU [#0]: Intel Core i7-13650HX,CPU [#0]: Intel Core i7-13650HX,CPU [#0]: Intel Core i7-13650HX,CPU [#0]: Intel Core i7-13650HX,CPU [#0]: Intel Core i7-13650HX,CPU [#0]: Intel Core i7-13650HX: DTS,CPU [#0]: Intel Core i7-13650HX: DTS,CPU [#0]: Intel Core i7-13650HX: DTS,CPU [#0]: Intel Core i7-13650HX: DTS,CPU [#0]: Intel Core i7-13650HX: DTS,CPU [#0]: Intel Core i7-13650HX: DTS,CPU [#0]: Intel Core i7-13650HX: DTS,CPU [#0]: Intel Core i7-13650HX: DTS,CPU [#0]: Intel Core i7-13650HX: DTS,CPU [#0]: Intel Core i7-13650HX: DTS,CPU [#0]: Intel Core i7-13650HX: DTS,CPU [#0]: Intel Core i7-13650HX: DTS,CPU [#0]: Intel Core i7-13650HX: DTS,CPU [#0]: Intel Core i7-13650HX: DTS,CPU [#0]: Intel Core i7-13650HX: DTS,CPU [#0]: Intel Core i7-13650HX: DTS,CPU [#0]: Intel Core i7-13650HX: DTS,CPU [#0]: Intel Core i7-13650HX: DTS,CPU [#0]: Intel Core i7-13650HX: DTS,CPU [#0]: Intel Core i7-13650HX: DTS,CPU [#0]: Intel Core i7-13650HX: DTS,CPU [#0]: Intel Core i7-13650HX: DTS,CPU [#0]: Intel Core i7-13650HX: DTS,CPU [#0]: Intel Core i7-13650HX: DTS,CPU [#0]: Intel Core i7-13650HX: DTS,CPU [#0]: Intel Core i7-13650HX: DTS,CPU [#0]: Intel Core i7-13650HX: DTS,CPU [#0]: Intel Core i7-13650HX: DTS,CPU [#0]: Intel Core i7-13650HX: DTS,CPU [#0]: Intel Core i7-13650HX: DTS,CPU [#0]: Intel Core i7-13650HX: DTS,CPU [#0]: Intel Core i7-13650HX: DTS,CPU [#0]: Intel Core i7-13650HX: DTS,CPU [#0]: Intel Core i7-13650HX: DTS,CPU [#0]: Intel Core i7-13650HX: DTS,CPU [#0]: Intel Core i7-13650HX: DTS,CPU [#0]: Intel Core i7-13650HX: DTS,CPU [#0]: Intel Core i7-13650HX: DTS,CPU [#0]: Intel Core i7-13650HX: DTS,CPU [#0]: Intel Core i7-13650HX: DTS,CPU [#0]: Intel Core i7-13650HX: DTS,CPU [#0]: Intel Core i7-13650HX: DTS,CPU [#0]: Intel Core i7-13650HX: DTS,CPU [#0]: Intel Core i7-13650HX: DTS,CPU [#0]: Intel Core i7-13650HX: DTS,CPU [#0]: Intel Core i7-13650HX: DTS,CPU [#0]: Intel Core i7-13650HX: DTS,CPU [#0]: Intel Core i7-13650HX: DTS,CPU [#0]: Intel Core i7-13650HX: DTS,CPU [#0]: Intel Core i7-13650HX: DTS,CPU [#0]: Intel Core i7-13650HX: DTS,CPU [#0]: Intel Core i7-13650HX: DTS,CPU [#0]: Intel Core i7-13650HX: DTS,CPU [#0]: Intel Core i7-13650HX: DTS,CPU [#0]: Intel Core i7-13650HX: DTS,CPU [#0]: Intel Core i7-13650HX: DTS,CPU [#0]: Intel Core i7-13650HX: DTS,CPU [#0]: Intel Core i7-13650HX: DTS,CPU [#0]: Intel Core i7-13650HX: DTS,CPU [#0]: Intel Core i7-13650HX: DTS,CPU [#0]: Intel Core i7-13650HX: DTS,CPU [#0]: Intel Core i7-13650HX: DTS,CPU [#0]: Intel Core i7-13650HX: DTS,CPU [#0]: Intel Core i7-13650HX: DTS,CPU [#0]: Intel Core i7-13650HX: DTS,CPU [#0]: Intel Core i7-13650HX: DTS,CPU [#0]: Intel Core i7-13650HX: DTS,CPU [#0]: Intel Core i7-13650HX: DTS,CPU [#0]: Intel Core i7-13650HX: DTS,CPU [#0]: Intel Core i7-13650HX: DTS,CPU [#0]: Intel Core i7-13650HX: DTS,CPU [#0]: Intel Core i7-13650HX: DTS,CPU [#0]: Intel Core i7-13650HX: DTS,CPU [#0]: Intel Core i7-13650HX: DTS,CPU [#0]: Intel Core i7-13650HX: DTS,CPU [#0]: Intel Core i7-13650HX: DTS,CPU [#0]: Intel Core i7-13650HX: DTS,CPU [#0]: Intel Core i7-13650HX: DTS,CPU [#0]: Intel Core i7-13650HX: DTS,CPU [#0]: Intel Core i7-13650HX: DTS,CPU [#0]: Intel Core i7-13650HX: Enhanced,CPU [#0]: Intel Core i7-13650HX: Enhanced,CPU [#0]: Intel Core i7-13650HX: Enhanced,CPU [#0]: Intel Core i7-13650HX: Enhanced,CPU [#0]: Intel Core i7-13650HX: Enhanced,CPU [#0]: Intel Core i7-13650HX: Enhanced,CPU [#0]: Intel Core i7-13650HX: Enhanced,CPU [#0]: Intel Core i7-13650HX: Enhanced,CPU [#0]: Intel Core i7-13650HX: Enhanced,CPU [#0]: Intel Core i7-13650HX: Enhanced,CPU [#0]: Intel Core i7-13650HX: Enhanced,CPU [#0]: Intel Core i7-13650HX: Enhanced,CPU [#0]: Intel Core i7-13650HX: Enhanced,CPU [#0]: Intel Core i7-13650HX: Enhanced,CPU [#0]: Intel Core i7-13650HX: Enhanced,CPU [#0]: Intel Core i7-13650HX: C-State Residency,CPU [#0]: Intel Core i7-13650HX: C-State Residency,CPU [#0]: Intel Core i7-13650HX: C-State Residency,CPU [#0]: Intel Core i7-13650HX: C-State Residency,CPU [#0]: Intel Core i7-13650HX: C-State Residency,CPU [#0]: Intel Core i7-13650HX: C-State Residency,CPU [#0]: Intel Core i7-13650HX: C-State Residency,CPU [#0]: Intel Core i7-13650HX: C-State Residency,CPU [#0]: Intel Core i7-13650HX: C-State Residency,CPU [#0]: Intel Core i7-13650HX: C-State Residency,CPU [#0]: Intel Core i7-13650HX: C-State Residency,CPU [#0]: Intel Core i7-13650HX: C-State Residency,CPU [#0]: Intel Core i7-13650HX: C-State Residency,CPU [#0]: Intel Core i7-13650HX: C-State Residency,CPU [#0]: Intel Core i7-13650HX: C-State Residency,CPU [#0]: Intel Core i7-13650HX: C-State Residency,CPU [#0]: Intel Core i7-13650HX: C-State Residency,CPU [#0]: Intel Core i7-13650HX: C-State Residency,CPU [#0]: Intel Core i7-13650HX: C-State Residency,CPU [#0]: Intel Core i7-13650HX: C-State Residency,CPU [#0]: Intel Core i7-13650HX: C-State Residency,CPU [#0]: Intel Core i7-13650HX: C-State Residency,CPU [#0]: Intel Core i7-13650HX: C-State Residency,CPU [#0]: Intel Core i7-13650HX: C-State Residency,CPU [#0]: Intel Core i7-13650HX: C-State Residency,CPU [#0]: Intel Core i7-13650HX: C-State Residency,CPU [#0]: Intel Core i7-13650HX: C-State Residency,CPU [#0]: Intel Core i7-13650HX: C-State Residency,CPU [#0]: Intel Core i7-13650HX: C-State Residency,CPU [#0]: Intel Core i7-13650HX: C-State Residency,CPU [#0]: Intel Core i7-13650HX: C-State Residency,CPU [#0]: Intel Core i7-13650HX: C-State Residency,CPU [#0]: Intel Core i7-13650HX: C-State Residency,CPU [#0]: Intel Core i7-13650HX: C-State Residency,CPU [#0]: Intel Core i7-13650HX: C-State Residency,CPU [#0]: Intel Core i7-13650HX: C-State Residency,CPU [#0]: Intel Core i7-13650HX: C-State Residency,CPU [#0]: Intel Core i7-13650HX: C-State Residency,CPU [#0]: Intel Core i7-13650HX: C-State Residency,CPU [#0]: Intel Core i7-13650HX: C-State Residency,CPU [#0]: Intel Core i7-13650HX: C-State Residency,CPU [#0]: Intel Core i7-13650HX: C-State Residency,CPU [#0]: Intel Core i7-13650HX: C-State Residency,CPU [#0]: Intel Core i7-13650HX: C-State Residency,CPU [#0]: Intel Core i7-13650HX: C-State Residency,CPU [#0]: Intel Core i7-13650HX: C-State Residency,CPU [#0]: Intel Core i7-13650HX: C-State Residency,CPU [#0]: Intel Core i7-13650HX: C-State Residency,CPU [#0]: Intel Core i7-13650HX: C-State Residency,CPU [#0]: Intel Core i7-13650HX: C-State Residency,CPU [#0]: Intel Core i7-13650HX: C-State Residency,CPU [#0]: Intel Core i7-13650HX: C-State Residency,CPU [#0]: Intel Core i7-13650HX: C-State Residency,CPU [#0]: Intel Core i7-13650HX: C-State Residency,CPU [#0]: Intel Core i7-13650HX: C-State Residency,CPU [#0]: Intel Core i7-13650HX: C-State Residency,CPU [#0]: Intel Core i7-13650HX: C-State Residency,CPU [#0]: Intel Core i7-13650HX: C-State Residency,CPU [#0]: Intel Core i7-13650HX: C-State Residency,Memory Timings,Memory Timings,Memory Timings,Memory Timings,Memory Timings,Memory Timings,Memory Timings,Memory Timings,Memory Timings,Memory Timings,CPU [#0]: Intel Core i7-13650HX: Performance Limit Reasons,CPU [#0]: Intel Core i7-13650HX: Performance Limit Reasons,CPU [#0]: Intel Core i7-13650HX: Performance Limit Reasons,CPU [#0]: Intel Core i7-13650HX: Performance Limit Reasons,CPU [#0]: Intel Core i7-13650HX: Performance Limit Reasons,CPU [#0]: Intel Core i7-13650HX: Performance Limit Reasons,CPU [#0]: Intel Core i7-13650HX: Performance Limit Reasons,CPU [#0]: Intel Core i7-13650HX: Performance Limit Reasons,CPU [#0]: Intel Core i7-13650HX: Performance Limit Reasons,CPU [#0]: Intel Core i7-13650HX: Performance Limit Reasons,CPU [#0]: Intel Core i7-13650HX: Performance Limit Reasons,CPU [#0]: Intel Core i7-13650HX: Performance Limit Reasons,CPU [#0]: Intel Core i7-13650HX: Performance Limit Reasons,CPU [#0]: Intel Core i7-13650HX: Performance Limit Reasons,CPU [#0]: Intel Core i7-13650HX: Performance Limit Reasons,CPU [#0]: Intel Core i7-13650HX: Performance Limit Reasons,CPU [#0]: Intel Core i7-13650HX: Performance Limit Reasons,CPU [#0]: Intel Core i7-13650HX: Performance Limit Reasons,CPU [#0]: Intel Core i7-13650HX: Performance Limit Reasons,CPU [#0]: Intel Core i7-13650HX: Performance Limit Reasons,CPU [#0]: Intel Core i7-13650HX: Performance Limit Reasons,CPU [#0]: Intel Core i7-13650HX: Performance Limit Reasons,CPU [#0]: Intel Core i7-13650HX: Performance Limit Reasons,CPU [#0]: Intel Core i7-13650HX: Performance Limit Reasons,CPU [#0]: Intel Core i7-13650HX: Performance Limit Reasons,CPU [#0]: Intel Core i7-13650HX: Performance Limit Reasons,CPU [#0]: Intel Core i7-13650HX: Performance Limit Reasons,CPU [#0]: Intel Core i7-13650HX: Performance Limit Reasons,CPU [#0]: Intel Core i7-13650HX: Performance Limit Reasons,CPU [#0]: Intel Core i7-13650HX: Performance Limit Reasons,CPU [#0]: Intel Core i7-13650HX: Performance Limit Reasons,CPU [#0]: Intel Core i7-13650HX: Performance Limit Reasons,CPU [#0]: Intel Core i7-13650HX: Performance Limit Reasons,CPU [#0]: Intel Core i7-13650HX: Performance Limit Reasons,CPU [#0]: Intel Core i7-13650HX: Performance Limit Reasons,CPU [#0]: Intel Core i7-13650HX: Performance Limit Reasons,CPU [#0]: Intel Core i7-13650HX: Performance Limit Reasons,CPU [#0]: Intel Core i7-13650HX: Performance Limit Reasons,ASUS G614JI (Intel PCH),ASUS NB EC: ASUS ROG Strix G614JI_G614JI,ASUS NB EC: ASUS ROG Strix G614JI_G614JI,ASUS NB EC: ASUS ROG Strix G614JI_G614JI,DDR5 DIMM [#0]: Kingston KF556S40-16 (BANK 0/Controller0-ChannelA-DIMM0),DDR5 DIMM [#0]: Kingston KF556S40-16 (BANK 0/Controller0-ChannelA-DIMM0),DDR5 DIMM [#0]: Kingston KF556S40-16 (BANK 0/Controller0-ChannelA-DIMM0),DDR5 DIMM [#0]: Kingston KF556S40-16 (BANK 0/Controller0-ChannelA-DIMM0),DDR5 DIMM [#0]: Kingston KF556S40-16 (BANK 0/Controller0-ChannelA-DIMM0),DDR5 DIMM [#0]: Kingston KF556S40-16 (BANK 0/Controller0-ChannelA-DIMM0),DDR5 DIMM [#0]: Kingston KF556S40-16 (BANK 0/Controller0-ChannelA-DIMM0),DDR5 DIMM [#0]: Kingston KF556S40-16 (BANK 0/Controller0-ChannelA-DIMM0),DDR5 DIMM [#0]: Kingston KF556S40-16 (BANK 0/Controller0-ChannelA-DIMM0),DDR5 DIMM [#0]: Kingston KF556S40-16 (BANK 0/Controller0-ChannelA-DIMM0),DDR5 DIMM [#0]: Kingston KF556S40-16 (BANK 0/Controller0-ChannelA-DIMM0),DDR5 DIMM [#2]: Kingston KF556S40-16 (BANK 0/Controller1-ChannelA-DIMM0),DDR5 DIMM [#2]: Kingston KF556S40-16 (BANK 0/Controller1-ChannelA-DIMM0),DDR5 DIMM [#2]: Kingston KF556S40-16 (BANK 0/Controller1-ChannelA-DIMM0),DDR5 DIMM [#2]: Kingston KF556S40-16 (BANK 0/Controller1-ChannelA-DIMM0),DDR5 DIMM [#2]: Kingston KF556S40-16 (BANK 0/Controller1-ChannelA-DIMM0),DDR5 DIMM [#2]: Kingston KF556S40-16 (BANK 0/Controller1-ChannelA-DIMM0),DDR5 DIMM [#2]: Kingston KF556S40-16 (BANK 0/Controller1-ChannelA-DIMM0),DDR5 DIMM [#2]: Kingston KF556S40-16 (BANK 0/Controller1-ChannelA-DIMM0),DDR5 DIMM [#2]: Kingston KF556S40-16 (BANK 0/Controller1-ChannelA-DIMM0),DDR5 DIMM [#2]: Kingston KF556S40-16 (BANK 0/Controller1-ChannelA-DIMM0),DDR5 DIMM [#2]: Kingston KF556S40-16 (BANK 0/Controller1-ChannelA-DIMM0),S.M.A.R.T.: Micron_2400_MTFDKBA1T0QFM (22383CE6F7AC) [C:  D:],S.M.A.R.T.: Micron_2400_MTFDKBA1T0QFM (22383CE6F7AC) [C:  D:],S.M.A.R.T.: Micron_2400_MTFDKBA1T0QFM (22383CE6F7AC) [C:  D:],S.M.A.R.T.: Micron_2400_MTFDKBA1T0QFM (22383CE6F7AC) [C:  D:],S.M.A.R.T.: Micron_2400_MTFDKBA1T0QFM (22383CE6F7AC) [C:  D:],S.M.A.R.T.: Micron_2400_MTFDKBA1T0QFM (22383CE6F7AC) [C:  D:],S.M.A.R.T.: Micron_2400_MTFDKBA1T0QFM (22383CE6F7AC) [C:  D:],S.M.A.R.T.: Micron_2400_MTFDKBA1T0QFM (22383CE6F7AC) [C:  D:],S.M.A.R.T.: KINGSTON SNV3S1000G (50026B768769C551) [E:],S.M.A.R.T.: KINGSTON SNV3S1000G (50026B768769C551) [E:],S.M.A.R.T.: KINGSTON SNV3S1000G (50026B768769C551) [E:],S.M.A.R.T.: KINGSTON SNV3S1000G (50026B768769C551) [E:],S.M.A.R.T.: KINGSTON SNV3S1000G (50026B768769C551) [E:],S.M.A.R.T.: KINGSTON SNV3S1000G (50026B768769C551) [E:],S.M.A.R.T.: KINGSTON SNV3S1000G (50026B768769C551) [E:],S.M.A.R.T.: KINGSTON SNV3S1000G (50026B768769C551) [E:],Drive: Micron_2400_MTFDKBA1T0QFM (22383CE6F7AC) [C:  D:],Drive: Micron_2400_MTFDKBA1T0QFM (22383CE6F7AC) [C:  D:],Drive: Micron_2400_MTFDKBA1T0QFM (22383CE6F7AC) [C:  D:],Drive: Micron_2400_MTFDKBA1T0QFM (22383CE6F7AC) [C:  D:],Drive: Micron_2400_MTFDKBA1T0QFM (22383CE6F7AC) [C:  D:],Drive: Micron_2400_MTFDKBA1T0QFM (22383CE6F7AC) [C:  D:],Drive: Micron_2400_MTFDKBA1T0QFM (22383CE6F7AC) [C:  D:],Drive: KINGSTON SNV3S1000G (50026B768769C551) [E:],Drive: KINGSTON SNV3S1000G (50026B768769C551) [E:],Drive: KINGSTON SNV3S1000G (50026B768769C551) [E:],Drive: KINGSTON SNV3S1000G (50026B768769C551) [E:],Drive: KINGSTON SNV3S1000G (50026B768769C551) [E:],Drive: KINGSTON SNV3S1000G (50026B768769C551) [E:],Drive: KINGSTON SNV3S1000G (50026B768769C551) [E:],dGPU [#1]: NVIDIA GeForce RTX 4070 Laptop,dGPU [#1]: NVIDIA GeForce RTX 4070 Laptop,dGPU [#1]: NVIDIA GeForce RTX 4070 Laptop,dGPU [#1]: NVIDIA GeForce RTX 4070 Laptop,dGPU [#1]: NVIDIA GeForce RTX 4070 Laptop,dGPU [#1]: NVIDIA GeForce RTX 4070 Laptop,dGPU [#1]: NVIDIA GeForce RTX 4070 Laptop,dGPU [#1]: NVIDIA GeForce RTX 4070 Laptop,dGPU [#1]: NVIDIA GeForce RTX 4070 Laptop,dGPU [#1]: NVIDIA GeForce RTX 4070 Laptop,dGPU [#1]: NVIDIA GeForce RTX 4070 Laptop,dGPU [#1]: NVIDIA GeForce RTX 4070 Laptop,dGPU [#1]: NVIDIA GeForce RTX 4070 Laptop,dGPU [#1]: NVIDIA GeForce RTX 4070 Laptop,dGPU [#1]: NVIDIA GeForce RTX 4070 Laptop,dGPU [#1]: NVIDIA GeForce RTX 4070 Laptop,dGPU [#1]: NVIDIA GeForce RTX 4070 Laptop,dGPU [#1]: NVIDIA GeForce RTX 4070 Laptop,dGPU [#1]: NVIDIA GeForce RTX 4070 Laptop,dGPU [#1]: NVIDIA GeForce RTX 4070 Laptop,dGPU [#1]: NVIDIA GeForce RTX 4070 Laptop,dGPU [#1]: NVIDIA GeForce RTX 4070 Laptop,dGPU [#1]: NVIDIA GeForce RTX 4070 Laptop,dGPU [#1]: NVIDIA GeForce RTX 4070 Laptop,dGPU [#1]: NVIDIA GeForce RTX 4070 Laptop,dGPU [#1]: NVIDIA GeForce RTX 4070 Laptop,dGPU [#1]: NVIDIA GeForce RTX 4070 Laptop,dGPU [#1]: NVIDIA GeForce RTX 4070 Laptop,dGPU [#1]: NVIDIA GeForce RTX 4070 Laptop,dGPU [#1]: NVIDIA GeForce RTX 4070 Laptop,dGPU [#1]: NVIDIA GeForce RTX 4070 Laptop,dGPU [#1]: NVIDIA GeForce RTX 4070 Laptop,dGPU [#1]: NVIDIA GeForce RTX 4070 Laptop,dGPU [#1]: NVIDIA GeForce RTX 4070 Laptop,dGPU [#1]: NVIDIA GeForce RTX 4070 Laptop,dGPU [#1]: NVIDIA GeForce RTX 4070 Laptop,dGPU [#1]: NVIDIA GeForce RTX 4070 Laptop,dGPU [#1]: NVIDIA GeForce RTX 4070 Laptop,dGPU [#1]: NVIDIA GeForce RTX 4070 Laptop,dGPU [#1]: NVIDIA GeForce RTX 4070 Laptop,dGPU [#1]: NVIDIA GeForce RTX 4070 Laptop,dGPU [#1]: NVIDIA GeForce RTX 4070 Laptop,dGPU [#1]: NVIDIA GeForce RTX 4070 Laptop,dGPU [#1]: NVIDIA GeForce RTX 4070 Laptop,dGPU [#1]: NVIDIA GeForce RTX 4070 Laptop,dGPU [#1]: NVIDIA GeForce RTX 4070 Laptop,dGPU [#1]: NVIDIA GeForce RTX 4070 Laptop,dGPU [#1]: NVIDIA GeForce RTX 4070 Laptop,dGPU [#1]: NVIDIA GeForce RTX 4070 Laptop,dGPU [#1]: NVIDIA GeForce RTX 4070 Laptop,dGPU [#1]: NVIDIA GeForce RTX 4070 Laptop,dGPU [#1]: NVIDIA GeForce RTX 4070 Laptop,dGPU [#1]: NVIDIA GeForce RTX 4070 Laptop,dGPU [#1]: NVIDIA GeForce RTX 4070 Laptop,dGPU [#1]: NVIDIA GeForce RTX 4070 Laptop,dGPU [#1]: NVIDIA GeForce RTX 4070 Laptop,dGPU [#1]: NVIDIA GeForce RTX 4070 Laptop,dGPU [#1]: NVIDIA GeForce RTX 4070 Laptop,dGPU [#1]: NVIDIA GeForce RTX 4070 Laptop,dGPU [#1]: NVIDIA GeForce RTX 4070 Laptop,dGPU [#1]: NVIDIA GeForce RTX 4070 Laptop,dGPU [#1]: NVIDIA GeForce RTX 4070 Laptop,dGPU [#1]: NVIDIA GeForce RTX 4070 Laptop,dGPU [#1]: NVIDIA GeForce RTX 4070 Laptop,dGPU [#1]: NVIDIA GeForce RTX 4070 Laptop,dGPU [#1]: NVIDIA GeForce RTX 4070 Laptop,dGPU [#1]: NVIDIA GeForce RTX 4070 Laptop,dGPU [#1]: NVIDIA GeForce RTX 4070 Laptop,dGPU [#1]: NVIDIA GeForce RTX 4070 Laptop,dGPU [#1]: NVIDIA GeForce RTX 4070 Laptop,dGPU [#1]: NVIDIA GeForce RTX 4070 Laptop,dGPU [#1]: NVIDIA GeForce RTX 4070 Laptop,dGPU [#1]: NVIDIA GeForce RTX 4070 Laptop,dGPU [#1]: NVIDIA GeForce RTX 4070 Laptop,dGPU [#1]: NVIDIA GeForce RTX 4070 Laptop,dGPU [#1]: NVIDIA GeForce RTX 4070 Laptop,iGPU [#0]: Intel UHD Graphics,iGPU [#0]: Intel UHD Graphics,iGPU [#0]: Intel UHD Graphics,iGPU [#0]: Intel UHD Graphics,iGPU [#0]: Intel UHD Graphics,iGPU [#0]: Intel UHD Graphics,iGPU [#0]: Intel UHD Graphics,iGPU [#0]: Intel UHD Graphics,iGPU [#0]: Intel UHD Graphics,iGPU [#0]: Intel UHD Graphics,iGPU [#0]: Intel UHD Graphics,iGPU [#0]: Intel UHD Graphics,iGPU [#0]: Intel UHD Graphics,iGPU [#0]: Intel UHD Graphics,iGPU [#0]: Intel UHD Graphics,iGPU [#0]: Intel UHD Graphics,iGPU [#0]: Intel UHD Graphics,iGPU [#0]: Intel UHD Graphics,iGPU [#0]: Intel UHD Graphics,iGPU [#0]: Intel UHD Graphics,iGPU [#0]: Intel UHD Graphics,iGPU [#0]: Intel UHD Graphics,iGPU [#0]: Intel UHD Graphics,iGPU [#0]: Intel UHD Graphics,iGPU [#0]: Intel UHD Graphics,Battery: AS3GYFG3KC R220358,Battery: AS3GYFG3KC R220358,Battery: AS3GYFG3KC R220358,Battery: AS3GYFG3KC R220358,Battery: AS3GYFG3KC R220358,RTSS,RTSS,RTSS,RTSS,PresentMon [dwm.exe],PresentMon [dwm.exe],PresentMon [dwm.exe],PresentMon [dwm.exe],PresentMon [dwm.exe],PresentMon [dwm.exe],PresentMon [dwm.exe],PresentMon [dwm.exe],PresentMon [dwm.exe],PresentMon [dwm.exe],PresentMon [dwm.exe],PresentMon [dwm.exe],PresentMon [dwm.exe],PresentMon [dwm.exe],PresentMon [dwm.exe],PresentMon [dwm.exe],PresentMon [dwm.exe],PresentMon [dwm.exe],PresentMon [dwm.exe],PresentMon [dwm.exe],PresentMon [dwm.exe],PresentMon [dwm.exe],PresentMon [dwm.exe],Network: Intel Wi-Fi 6E AX211 160MHz - Wi-Fi,Network: Intel Wi-Fi 6E AX211 160MHz - Wi-Fi,Network: Intel Wi-Fi 6E AX211 160MHz - Wi-Fi,Network: Intel Wi-Fi 6E AX211 160MHz - Wi-Fi,Network: RealTek Semiconductor RTL8168/8111 PCI-E Gigabit Ethernet NIC - Ethernet,Network: RealTek Semiconductor RTL8168/8111 PCI-E Gigabit Ethernet NIC - Ethernet,Network: RealTek Semiconductor RTL8168/8111 PCI-E Gigabit Ethernet NIC - Ethernet,Network: RealTek Semiconductor RTL8168/8111 PCI-E Gigabit Ethernet NIC - Ethernet,Windows Hardware Errors (WHEA),
