Date,Time,"Virtual Memory Committed [MB]","Virtual Memory Available [MB]","Virtual Memory Load [%]","Physical Memory Used [MB]","Physical Memory Available [MB]","Physical Memory Load [%]","Page File Usage [%]","Page File Total [MB]","Page File Used [MB]","Core VIDs (avg) [V]","P-core 0 VID [V]","P-core 1 VID [V]","P-core 2 VID [V]","P-core 3 VID [V]","P-core 4 VID [V]","P-core 5 VID [V]","E-core 6 VID [V]","E-core 7 VID [V]","E-core 8 VID [V]","E-core 9 VID [V]","E-core 10 VID [V]","E-core 11 VID [V]","E-core 12 VID [V]","E-core 13 VID [V]","Uncore VID [V]","SA VID [V]","Core Clocks (avg) [MHz]","P-core 0 Clock [MHz]","P-core 1 Clock [MHz]","P-core 2 Clock [MHz]","P-core 3 Clock [MHz]","P-core 4 Clock [MHz]","P-core 5 Clock [MHz]","E-core 6 Clock [MHz]","E-core 7 Clock [MHz]","E-core 8 Clock [MHz]","E-core 9 Clock [MHz]","E-core 10 Clock [MHz]","E-core 11 Clock [MHz]","E-core 12 Clock [MHz]","E-core 13 Clock [MHz]","Bus Clock [MHz]","Ring/LLC Clock [MHz]","Core Effective Clocks (avg) [MHz]","P-core 0 T0 Effective Clock [MHz]","P-core 0 T1 Effective Clock [MHz]","P-core 1 T0 Effective Clock [MHz]","P-core 1 T1 Effective Clock [MHz]","P-core 2 T0 Effective Clock [MHz]","P-core 2 T1 Effective Clock [MHz]","P-core 3 T0 Effective Clock [MHz]","P-core 3 T1 Effective Clock [MHz]","P-core 4 T0 Effective Clock [MHz]","P-core 4 T1 Effective Clock [MHz]","P-core 5 T0 Effective Clock [MHz]","P-core 5 T1 Effective Clock [MHz]","E-core 6 T0 Effective Clock [MHz]","E-core 7 T0 Effective Clock [MHz]","E-core 8 T0 Effective Clock [MHz]","E-core 9 T0 Effective Clock [MHz]","E-core 10 T0 Effective Clock [MHz]","E-core 11 T0 Effective Clock [MHz]","E-core 12 T0 Effective Clock [MHz]","E-core 13 T0 Effective Clock [MHz]","Average Effective Clock [MHz]","Core Usage (avg) [%]","P-core 0 T0 Usage [%]","P-core 0 T1 Usage [%]","P-core 1 T0 Usage [%]","P-core 1 T1 Usage [%]","P-core 2 T0 Usage [%]","P-core 2 T1 Usage [%]","P-core 3 T0 Usage [%]","P-core 3 T1 Usage [%]","P-core 4 T0 Usage [%]","P-core 4 T1 Usage [%]","P-core 5 T0 Usage [%]","P-core 5 T1 Usage [%]","E-core 6 T0 Usage [%]","E-core 7 T0 Usage [%]","E-core 8 T0 Usage [%]","E-core 9 T0 Usage [%]","E-core 10 T0 Usage [%]","E-core 11 T0 Usage [%]","E-core 12 T0 Usage [%]","E-core 13 T0 Usage [%]","Max CPU/Thread Usage [%]","Total CPU Usage [%]","On-Demand Clock Modulation [%]","Core Utility (avg) [%]","P-core 0 T0 Utility [%]","P-core 0 T1 Utility [%]","P-core 1 T0 Utility [%]","P-core 1 T1 Utility [%]","P-core 2 T0 Utility [%]","P-core 2 T1 Utility [%]","P-core 3 T0 Utility [%]","P-core 3 T1 Utility [%]","P-core 4 T0 Utility [%]","P-core 4 T1 Utility [%]","P-core 5 T0 Utility [%]","P-core 5 T1 Utility [%]","E-core 6 T0 Utility [%]","E-core 7 T0 Utility [%]","E-core 8 T0 Utility [%]","E-core 9 T0 Utility [%]","E-core 10 T0 Utility [%]","E-core 11 T0 Utility [%]","E-core 12 T0 Utility [%]","E-core 13 T0 Utility [%]","Total CPU Utility [%]","Core Ratios (avg) [x]","P-core 0 Ratio [x]","P-core 1 Ratio [x]","P-core 2 Ratio [x]","P-core 3 Ratio [x]","P-core 4 Ratio [x]","P-core 5 Ratio [x]","E-core 6 Ratio [x]","E-core 7 Ratio [x]","E-core 8 Ratio [x]","E-core 9 Ratio [x]","E-core 10 Ratio [x]","E-core 11 Ratio [x]","E-core 12 Ratio [x]","E-core 13 Ratio [x]","Uncore Ratio [x]","Core Temperatures (avg) [°C]","P-core 0 [°C]","P-core 1 [°C]","P-core 2 [°C]","P-core 3 [°C]","P-core 4 [°C]","P-core 5 [°C]","E-core 6 [°C]","E-core 7 [°C]","E-core 8 [°C]","E-core 9 [°C]","E-core 10 [°C]","E-core 11 [°C]","E-core 12 [°C]","E-core 13 [°C]","Core Distance to TjMAX (avg) [°C]","P-core 0 Distance to TjMAX [°C]","P-core 1 Distance to TjMAX [°C]","P-core 2 Distance to TjMAX [°C]","P-core 3 Distance to TjMAX [°C]","P-core 4 Distance to TjMAX [°C]","P-core 5 Distance to TjMAX [°C]","E-core 6 Distance to TjMAX [°C]","E-core 7 Distance to TjMAX [°C]","E-core 8 Distance to TjMAX [°C]","E-core 9 Distance to TjMAX [°C]","E-core 10 Distance to TjMAX [°C]","E-core 11 Distance to TjMAX [°C]","E-core 12 Distance to TjMAX [°C]","E-core 13 Distance to TjMAX [°C]","CPU Package [°C]","Core Max [°C]","Core Thermal Throttling (avg) [Yes/No]","P-core 0 Thermal Throttling [Yes/No]","P-core 1 Thermal Throttling [Yes/No]","P-core 2 Thermal Throttling [Yes/No]","P-core 3 Thermal Throttling [Yes/No]","P-core 4 Thermal Throttling [Yes/No]","P-core 5 Thermal Throttling [Yes/No]","E-core 6 Thermal Throttling [Yes/No]","E-core 7 Thermal Throttling [Yes/No]","E-core 8 Thermal Throttling [Yes/No]","E-core 9 Thermal Throttling [Yes/No]","E-core 10 Thermal Throttling [Yes/No]","E-core 11 Thermal Throttling [Yes/No]","E-core 12 Thermal Throttling [Yes/No]","E-core 13 Thermal Throttling [Yes/No]","Core Critical Temperature (avg) [Yes/No]","P-core 0 Critical Temperature [Yes/No]","P-core 1 Critical Temperature [Yes/No]","P-core 2 Critical Temperature [Yes/No]","P-core 3 Critical Temperature [Yes/No]","P-core 4 Critical Temperature [Yes/No]","P-core 5 Critical Temperature [Yes/No]","E-core 6 Critical Temperature [Yes/No]","E-core 7 Critical Temperature [Yes/No]","E-core 8 Critical Temperature [Yes/No]","E-core 9 Critical Temperature [Yes/No]","E-core 10 Critical Temperature [Yes/No]","E-core 11 Critical Temperature [Yes/No]","E-core 12 Critical Temperature [Yes/No]","E-core 13 Critical Temperature [Yes/No]","Core Power Limit Exceeded (avg) [Yes/No]","P-core 0 Power Limit Exceeded [Yes/No]","P-core 1 Power Limit Exceeded [Yes/No]","P-core 2 Power Limit Exceeded [Yes/No]","P-core 3 Power Limit Exceeded [Yes/No]","P-core 4 Power Limit Exceeded [Yes/No]","P-core 5 Power Limit Exceeded [Yes/No]","E-core 6 Power Limit Exceeded [Yes/No]","E-core 7 Power Limit Exceeded [Yes/No]","E-core 8 Power Limit Exceeded [Yes/No]","E-core 9 Power Limit Exceeded [Yes/No]","E-core 10 Power Limit Exceeded [Yes/No]","E-core 11 Power Limit Exceeded [Yes/No]","E-core 12 Power Limit Exceeded [Yes/No]","E-core 13 Power Limit Exceeded [Yes/No]","Package/Ring Thermal Throttling [Yes/No]","Package/Ring Critical Temperature [Yes/No]","Package/Ring Power Limit Exceeded [Yes/No]","CPU Package [°C]","CPU IA Cores [°C]","CPU GT Cores (Graphics) [°C]","VDDQ TX Voltage [V]","VR VCC Current (SVID IOUT) [A]","CPU Package Power [W]","IA Cores Power [W]","GT Cores Power [W]","System Agent Power [W]","Rest-of-Chip Power [W]","PL1 Power Limit (Static) [W]","PL1 Power Limit (Dynamic) [W]","PL2 Power Limit (Static) [W]","PL2 Power Limit (Dynamic) [W]","Current cTDP Level []","Package C2 Residency [%]","Core C0 Residency (avg) [%]","P-core 0 T0 C0 Residency [%]","P-core 0 T1 C0 Residency [%]","P-core 1 T0 C0 Residency [%]","P-core 1 T1 C0 Residency [%]","P-core 2 T0 C0 Residency [%]","P-core 2 T1 C0 Residency [%]","P-core 3 T0 C0 Residency [%]","P-core 3 T1 C0 Residency [%]","P-core 4 T0 C0 Residency [%]","P-core 4 T1 C0 Residency [%]","P-core 5 T0 C0 Residency [%]","P-core 5 T1 C0 Residency [%]","E-core 6 T0 C0 Residency [%]","E-core 7 T0 C0 Residency [%]","E-core 8 T0 C0 Residency [%]","E-core 9 T0 C0 Residency [%]","E-core 10 T0 C0 Residency [%]","E-core 11 T0 C0 Residency [%]","E-core 12 T0 C0 Residency [%]","E-core 13 T0 C0 Residency [%]","Core C1 Residency (avg) [%]","P-core 0 C1 Residency [%]","P-core 1 C1 Residency [%]","P-core 2 C1 Residency [%]","P-core 3 C1 Residency [%]","P-core 4 C1 Residency [%]","P-core 5 C1 Residency [%]","E-core 6 C1 Residency [%]","E-core 7 C1 Residency [%]","E-core 8 C1 Residency [%]","E-core 9 C1 Residency [%]","E-core 10 C1 Residency [%]","E-core 11 C1 Residency [%]","E-core 12 C1 Residency [%]","E-core 13 C1 Residency [%]","Core C6 Residency (avg) [%]","P-core 0 C6 Residency [%]","P-core 1 C6 Residency [%]","P-core 2 C6 Residency [%]","P-core 3 C6 Residency [%]","P-core 4 C6 Residency [%]","P-core 5 C6 Residency [%]","E-core 6 C6 Residency [%]","E-core 7 C6 Residency [%]","E-core 8 C6 Residency [%]","E-core 9 C6 Residency [%]","E-core 10 C6 Residency [%]","E-core 11 C6 Residency [%]","E-core 12 C6 Residency [%]","E-core 13 C6 Residency [%]","Core C7 Residency (avg) [%]","P-core 0 C7 Residency [%]","P-core 1 C7 Residency [%]","P-core 2 C7 Residency [%]","P-core 3 C7 Residency [%]","P-core 4 C7 Residency [%]","P-core 5 C7 Residency [%]","Memory Clock [MHz]","Memory Clock Ratio [x]","Tcas [T]","Trcd [T]","Trp [T]","Tras [T]","Trc [T]","Trfc [T]","Command Rate [T]","Gear Mode []","IA Limit Reasons (avg) [Yes/No]","IA: PROCHOT [Yes/No]","IA: Thermal Event [Yes/No]","IA: Residency State Regulation [Yes/No]","IA: Running Average Thermal Limit [Yes/No]","IA: VR Thermal Alert [Yes/No]","IA: VR TDC [Yes/No]","IA: Electrical Design Point/Other (ICCmax PL4 SVID DDR RAPL) [Yes/No]","IA: Package-Level RAPL/PBM PL1 [Yes/No]","IA: Package-Level RAPL/PBM PL2 PL3 [Yes/No]","IA: Max Turbo Limit [Yes/No]","IA: Turbo Attenuation (MCT) [Yes/No]","IA: Thermal Velocity Boost [Yes/No]","GT Limit Reasons (avg) [Yes/No]","GT: PROCHOT [Yes/No]","GT: Thermal Event [Yes/No]","GT: DDR RAPL [Yes/No]","GT: Residency State Regulation [Yes/No]","GT: Running Average Thermal Limit [Yes/No]","GT: VR Thermal Alert [Yes/No]","GT: VR TDC [Yes/No]","GT: Max VR Voltage  ICCmax  PL4 [Yes/No]","GT: Domain-Level PBM PLGT [Yes/No]","GT: Package-Level RAPL/PBM PL1 [Yes/No]","GT: Package-Level RAPL/PBM PL2 PL3 [Yes/No]","GT: Inefficient Operation [Yes/No]","GT: Fuses limit [Yes/No]","Ring Limit Reasons (avg) [Yes/No]","RING: PROCHOT [Yes/No]","RING: Thermal Event [Yes/No]","RING: DDR RAPL [Yes/No]","RING: Residency State Regulation [Yes/No]","RING: Running Average Thermal Limit [Yes/No]","RING: VR Thermal Alert [Yes/No]","RING: VR TDC [Yes/No]","RING: Max VR Voltage  ICCmax  PL4 [Yes/No]","RING: Package-Level RAPL/PBM PL1 [Yes/No]","RING: Package-Level RAPL/PBM PL2 PL3 [Yes/No]","PCH Temperature [°C]","CPU [RPM]","GPU [RPM]","GPU [RPM]","SPD Hub Temperature [°C]","VDD (SWA) Voltage [V]","VDDQ (SWB) Voltage [V]","VPP (SWC) Voltage [V]","1.8V VOUT Voltage [V]","1.0V VOUT Voltage [V]","VIN Voltage [V]","Total Power [W]","PMIC High Temperature [Yes/No]","PMIC Over Voltage [Yes/No]","PMIC Under Voltage [Yes/No]","SPD Hub Temperature [°C]","VDD (SWA) Voltage [V]","VDDQ (SWB) Voltage [V]","VPP (SWC) Voltage [V]","1.8V VOUT Voltage [V]","1.0V VOUT Voltage [V]","VIN Voltage [V]","Total Power [W]","PMIC High Temperature [Yes/No]","PMIC Over Voltage [Yes/No]","PMIC Under Voltage [Yes/No]","Drive Temperature [°C]","Drive Temperature 2 [°C]","Drive Remaining Life [%]","Drive Available Spare [%]","Drive Failure [Yes/No]","Drive Warning [Yes/No]","Total Host Writes [GB]","Total Host Reads [GB]","Drive Temperature [°C]","Drive Temperature 3 [°C]","Drive Remaining Life [%]","Drive Available Spare [%]","Drive Failure [Yes/No]","Drive Warning [Yes/No]","Total Host Writes [GB]","Total Host Reads [GB]","Read Activity [%]","Write Activity [%]","Total Activity [%]","Read Rate [MB/s]","Write Rate [MB/s]","Read Total [MB]","Write Total [MB]","Read Activity [%]","Write Activity [%]","Total Activity [%]","Read Rate [MB/s]","Write Rate [MB/s]","Read Total [MB]","Write Total [MB]","GPU Temperature [°C]","GPU Memory Junction Temperature [°C]","GPU Hot Spot Temperature [°C]","GPU Thermal Limit [°C]","GPU Core Voltage [V]","GPU Rail Voltages (avg) [V]","GPU FBVDD Input Voltage [V]","GPU 12VHPWR Voltage [V]","GPU Power [W]","GPU Rail Powers (avg) [W]","GPU Core (NVVDD) Input Power (sum) [W]","GPU FBVDD Input Power [W]","GPU 12VHPWR Power [W]","GPU PCIe +3.3V Input Power (est) [W]","GPU Input PP Source Power (sum) [W]","GPU Core (NVVDD) Output Power [W]","GPU Core (NVVDD) Output Power [W]","GPU Power Limit (rated) [W]","GPU Power Limit (max) [W]","GPU Clock [MHz]","GPU Memory Clock [MHz]","GPU Video Clock [MHz]","GPU Effective Clock [MHz]","GPU Crossbar Clock [MHz]","GPU Core Load [%]","GPU Memory Controller Load [%]","GPU Video Engine Load [%]","GPU Bus Load [%]","GPU Memory Usage [%]","GPU D3D Usages (avg) [%]","GPU D3D Usage [%]","GPU Video Decode 0 Usage [%]","GPU Video Encode 0 Usage [%]","GPU VR Usage [%]","GPU Performance Limiters (avg) [Yes/No]","Performance Limit - Power [Yes/No]","Performance Limit - Thermal [Yes/No]","Performance Limit - Reliability Voltage [Yes/No]","Performance Limit - Max Operating Voltage [Yes/No]","Performance Limit - Utilization [Yes/No]","Performance Limit - SLI GPUBoost Sync [Yes/No]","PCI Express Error Counters (avg) []","Receiver Errors []","Replay Count []","Replay Rollover Count []","Bad DLLP Count []","Bad TLP Count []","LCRC Error Count []","NAKs Sent Count []","NAKs Received Count []","Recovery Count []","Correctable Error Count []","Non-Fatal Error Count []","Fatal Error Count []","Unsupported Request Count []","PCIe Lane 0 Errors []","PCIe Lane 1 Errors []","PCIe Lane 2 Errors []","PCIe Lane 3 Errors []","PCIe Lane 4 Errors []","PCIe Lane 5 Errors []","PCIe Lane 6 Errors []","PCIe Lane 7 Errors []","PCIe Lane 8 Errors []","PCIe Lane 9 Errors []","PCIe Lane 10 Errors []","PCIe Lane 11 Errors []","PCIe Lane 12 Errors []","PCIe Lane 13 Errors []","PCIe Lane 14 Errors []","PCIe Lane 15 Errors []","GPU Memory Available [MB]","GPU Memory Allocated [MB]","GPU D3D Memory Dedicated [MB]","GPU D3D Memory Dynamic [MB]","PCIe Link Speed [GT/s]","GPU Core Temperature [°C]","iGPU VID [V]","IGPU Power [W]","GPU Clock [MHz]","GPU Memory Clock [MHz]","GPU Total Usage [%]","GPU Computing Usage [%]","GPU Media Engine Usage [%]","GPU D3D Utilizations (avg) [%]","GPU D3D Usage [%]","GPU Video Decode 0 Usage [%]","GPU Video Processing 0 Usage [%]","GPU Copy Engine Usage [%]","GPU Memory Usage [%]","GPU Memory Allocated [MB]","GPU Memory Available [MB]","GPU D3D Memory Dynamic [MB]","GPU Throttle Reasons (avg) [Yes/No]","Avg. Power (PL1) [Yes/No]","Burst Power (PL2) [Yes/No]","Current (PL4) [Yes/No]","Thermal [Yes/No]","Power Supply [Yes/No]","Software Limit [Yes/No]","Hardware Limit [Yes/No]","Battery Voltage [V]","Remaining Capacity [Wh]","Charge Level [%]","Charge Rate [W]","Wear Level [%]","Framerate [FPS]","Framerate 1% Low [FPS]","Framerate 0.1% Low [FPS]","Frame Time [ms]","Framerate Presented (avg) [FPS]","Framerate Presented (99%) [FPS]","Framerate Presented (1%) [FPS]","Framerate Presented (0.1%) [FPS]","Framerate Presented (1% low) [FPS]","Framerate Presented (0.1% low) [FPS]","Framerate Displayed (avg) [FPS]","Framerate Displayed (99%) [FPS]","Framerate Displayed (1%) [FPS]","Framerate Displayed (0.1%) [FPS]","Framerate Displayed (1% low) [FPS]","Framerate Displayed (0.1% low) [FPS]","Frame Time Presented (avg) [ms]","Frame Time Presented (99%) [ms]","Frame Time Presented (1%) [ms]","Frame Time Presented (0.1%) [ms]","Frame Time Displayed (1% high) [ms]","Frame Time Displayed (0.1% high) [ms]","GPU Busy (avg) [ms]","GPU Wait (avg) [ms]","CPU Busy (avg) [ms]","CPU Wait (avg) [ms]","Animation Error (avg) [ms]","Total DL [MB]","Total UP [MB]","Current DL rate [KB/s]","Current UP rate [KB/s]","Total DL [MB]","Total UP [MB]","Current DL rate [KB/s]","Current UP rate [KB/s]","Total Errors []",
9.6.2026,14:59:10.269,11687,37081,23.9,8980,23404,27.7,10.1,16384,1662,0.769,0.764,0.758,0.768,0.758,0.772,0.767,0.767,0.772,0.747,0.772,0.772,0.777,0.782,0.784,0.713,0.788,1624.6,1496.3,1596.1,1596.1,1596.1,1795.6,1795.6,1795.6,1895.4,1097.3,1895.4,1097.3,1097.3,1995.1,1995.1,99.8,897.8,58.2,58.3,33.1,73.2,0.2,222.7,0.2,6.8,381.9,45.9,0.2,0.6,78.5,6.0,0.5,0.2,0.2,70.8,66.5,40.7,77.9,56.8,3.9,2.6,2.6,2.6,1.1,9.4,12.5,0.0,20.1,1.0,0.0,10.1,3.6,0.1,0.0,0.3,0.3,3.6,2.7,1.3,4.6,20.1,3.9,100.0,2.6,2.4,1.4,2.9,0.0,8.9,0.0,0.5,15.3,1.8,0.0,0.0,3.2,0.3,0.0,0.0,0.0,4.0,3.7,2.2,4.4,2.6,16.3,15.0,16.0,16.0,16.0,18.0,18.0,18.0,19.0,11.0,19.0,11.0,11.0,20.0,20.0,9.0,50,51,50,51,45,50,48,50,50,50,50,51,51,51,51,50,49,50,49,55,50,52,50,50,50,50,49,49,49,49,67,51,No,No,No,No,No,No,No,No,No,No,No,No,No,No,No,No,No,No,No,No,No,No,No,No,No,No,No,No,No,No,No,No,No,No,No,No,No,No,No,No,No,No,No,No,No,No,No,No,65,51,55,1.100,0.844,6.604,1.286,0.001,4.228,0.429,175.0,175.0,175.0,175.0,0,65.7,2.7,2.3,2.3,2.3,0.0,9.2,0.0,0.5,20.1,1.4,0.0,0.0,2.6,0.5,0.0,0.0,0.0,3.2,3.1,1.8,4.3,1.6,3.1,2.7,4.3,3.8,2.6,2.3,0.0,0.0,0.0,0.0,0.7,0.9,0.5,1.1,56.2,0.0,0.0,2.0,3.0,0.0,0.0,99.4,99.9,100.0,100.0,95.6,95.8,97.7,94.1,87.8,91.0,94.7,82.5,68.8,95.7,94.2,2394.1,24.00,36,35,35,68,103,383,2,2,Yes,No,No,No,No,No,No,No,No,No,Yes,No,No,Yes,No,No,No,No,No,No,No,Yes,No,No,No,No,No,Yes,No,No,No,No,No,No,No,Yes,No,No,84.0,2340,1920,2280,55.2,1.110,1.110,1.800,1.815,0.990,5.110,0.750,No,No,No,56.2,1.110,1.110,1.800,1.815,0.990,5.110,0.750,No,No,No,41,41,94.0,100.0,No,No,32162,47988,38,70,99.0,100.0,No,No,1844,3246,0.0,1.0,1.0,0.002,0.051,97398,55414,0.0,0.0,0.0,0.000,0.000,164001,82786,51.2,56.0,58.4,83.0,0.870,20.679,20.684,20.674,20.083,8.887,8.239,8.584,16.828,3.000,11.589,6.966,7.004,100.000,140.000,2175.0,2200.2,1875.0,2166.5,1890.0,0.0,0.0,0.0,0.0,13.3,0.0,0.2,0.0,0.0,0.0,Yes,No,No,No,No,Yes,No,0,0,0,0,0,0,0,0,0,0,0,0,0,0,0,0,0,0,0,0,0,0,0,0,0,0,0,0,0,0,7103,1085,852,51,16.0,55,0.305,6.476,550.0,2394.0,0.1,0.0,0.0,0.0,0.0,0.0,0.0,0.0,0.0,2,16190,2,No,No,No,No,No,No,No,No,16.745,68.277,100.0,0.000,24.1,0,0,0,0.0,25.2,198.9,1.8,1.8,1.8,1.8,25.2,166.7,1.8,1.8,1.8,1.8,39.63,546.34,5.03,4.90,546.65,546.65,0.44,39.19,39.63,0.00,27.76,697,17,0.2,0.3,0,0,0.0,0.0,0,
9.6.2026,14:59:12.261,11686,37082,23.9,8983,23401,27.7,10.1,16384,1662,0.775,0.790,0.780,0.780,0.777,0.775,0.775,0.770,0.770,0.769,0.769,0.774,0.774,0.774,0.774,0.736,0.791,1539.1,1995.1,1895.4,1396.6,1895.4,1795.6,1795.6,1396.6,1396.6,1396.6,1396.6,1496.3,1097.3,1496.3,1097.3,99.8,1396.6,66.1,24.3,59.0,24.0,0.2,488.9,0.1,8.0,651.1,2.0,0.1,0.7,46.2,0.1,0.1,0.1,0.1,7.4,0.4,0.1,9.7,81.6,3.3,0.8,3.2,0.6,0.0,20.1,2.2,0.0,24.3,0.0,3.0,9.2,0.7,0.0,0.7,0.0,0.0,0.0,0.7,0.0,1.3,24.3,3.3,100.0,2.7,1.1,2.5,1.0,0.0,20.0,0.0,0.7,26.3,0.1,0.0,0.1,1.9,0.0,0.0,0.0,0.0,0.4,0.0,0.0,0.5,2.7,15.4,20.0,19.0,14.0,19.0,18.0,18.0,14.0,14.0,14.0,14.0,15.0,11.0,15.0,11.0,14.0,50,51,50,50,47,49,48,51,51,51,51,51,51,51,51,50,49,50,50,53,51,52,49,49,49,49,49,49,49,49,65,51,No,No,No,No,No,No,No,No,No,No,No,No,No,No,No,No,No,No,No,No,No,No,No,No,No,No,No,No,No,No,No,No,No,No,No,No,No,No,No,No,No,No,No,No,No,No,No,No,67,51,56,1.100,4.219,6.691,1.525,0.001,4.114,0.425,175.0,175.0,175.0,175.0,0,41.5,2.6,0.9,3.3,0.7,0.0,20.4,0.0,0.5,24.5,0.1,0.0,0.0,1.6,0.0,0.0,0.0,0.0,0.3,0.0,0.0,0.6,2.5,0.5,0.7,11.8,20.2,0.0,1.6,0.0,0.0,0.0,0.0,0.0,0.0,0.0,0.0,57.2,0.0,0.0,0.0,1.9,0.0,0.0,100.0,100.0,100.0,100.0,99.6,99.9,100.0,99.3,83.0,93.4,98.3,62.6,47.8,99.9,96.0,2394.1,24.00,36,35,35,68,103,383,2,2,Yes,No,No,No,No,No,No,No,No,No,Yes,No,No,Yes,No,No,No,No,No,No,No,Yes,No,No,No,No,No,Yes,No,No,No,No,No,No,No,Yes,No,No,83.0,2340,1920,2280,55.2,1.110,1.110,1.800,1.815,0.990,5.110,0.375,No,No,No,56.2,1.110,1.110,1.800,1.815,0.990,5.110,0.750,No,No,No,41,41,94.0,100.0,No,No,32162,47988,38,70,99.0,100.0,No,No,1844,3246,0.0,0.6,0.6,0.000,0.131,97398,55414,0.0,0.0,0.0,0.000,0.000,164001,82786,51.2,58.0,58.4,83.0,0.870,20.673,20.676,20.670,19.875,9.005,8.425,8.725,17.156,3.000,11.738,6.967,7.024,100.000,140.000,2175.0,2200.2,1875.0,2166.6,1890.0,0.0,0.0,0.0,0.0,13.3,0.0,0.1,0.0,0.0,0.0,Yes,No,No,No,No,Yes,No,0,0,0,0,0,0,0,0,0,0,0,0,0,0,0,0,0,0,0,0,0,0,0,0,0,0,0,0,0,0,7103,1085,852,51,16.0,56,0.305,6.345,500.0,2394.0,0.1,0.0,0.0,0.0,0.0,0.0,0.0,0.0,0.0,2,16190,2,No,No,No,No,No,No,No,No,16.745,68.277,100.0,0.000,24.1,0,0,0,0.0,19.2,171.4,14.8,14.8,14.8,14.8,19.2,166.4,15.0,15.0,15.0,15.0,52.13,67.58,5.83,5.80,67.62,67.62,0.49,51.64,52.13,0.00,16.40,697,17,0.1,0.2,0,0,0.0,0.0,0,
9.6.2026,14:59:14.270,11677,37090,23.9,8985,23399,27.7,10.1,16384,1662,0.788,0.800,0.821,0.826,0.826,0.837,0.837,0.747,0.752,0.752,0.792,0.752,0.755,0.780,0.754,0.748,0.786,1831.2,1396.6,2593.7,2693.4,2693.4,2793.2,2793.2,1097.3,1097.3,1097.3,2194.6,1097.3,1097.3,1895.4,1097.3,99.8,1695.9,120.4,146.0,15.2,49.4,0.4,846.9,0.6,999.3,165.3,18.5,0.4,25.2,7.2,60.7,26.0,22.0,20.7,2.8,0.7,0.9,0.6,150.2,5.6,5.4,0.0,2.0,0.5,28.9,1.2,46.4,1.9,0.9,0.5,0.4,0.0,4.7,1.7,1.3,1.4,14.5,0.0,0.5,0.0,46.4,5.6,100.0,5.0,6.1,0.6,2.1,0.0,34.3,0.0,39.3,7.0,0.8,0.0,1.1,0.3,3.4,1.5,1.3,1.2,0.2,0.1,0.1,0.1,5.0,18.4,14.0,26.0,27.0,27.0,28.0,28.0,11.0,11.0,11.0,22.0,11.0,11.0,19.0,11.0,17.0,50,51,50,52,47,50,47,50,50,50,50,51,51,51,51,50,49,50,48,53,50,53,50,50,50,50,49,49,49,49,65,52,No,No,No,No,No,No,No,No,No,No,No,No,No,No,No,No,No,No,No,No,No,No,No,No,No,No,No,No,No,No,No,No,No,No,No,No,No,No,No,No,No,No,No,No,No,No,No,No,65,51,56,1.100,1.688,8.174,2.762,0.003,4.248,0.430,175.0,175.0,175.0,175.0,0,21.7,4.2,5.8,0.7,1.6,0.0,29.4,0.0,32.0,6.0,0.5,0.0,0.7,0.4,3.5,1.3,0.9,1.0,0.1,0.0,0.0,0.0,5.3,11.9,4.2,31.7,21.8,1.2,1.5,0.6,0.7,0.3,0.8,0.0,0.0,0.0,0.0,56.7,0.0,0.0,0.0,4.8,0.0,0.0,95.4,97.7,98.4,97.9,99.8,99.8,99.8,99.8,71.8,79.1,93.3,33.0,30.7,97.9,96.7,2394.1,24.00,36,35,35,68,103,383,2,2,Yes,No,No,No,No,No,No,No,No,No,Yes,No,No,Yes,No,No,No,No,No,No,No,Yes,No,No,No,No,No,Yes,No,No,No,No,No,No,No,Yes,No,No,84.0,2400,1920,2220,55.2,1.110,1.110,1.800,1.815,0.990,5.110,0.875,No,No,No,56.2,1.110,1.110,1.800,1.815,0.990,5.110,0.875,No,No,No,41,41,94.0,100.0,No,No,32162,47988,38,70,99.0,100.0,No,No,1844,3246,0.0,1.7,1.7,0.000,0.605,97398,55416,0.0,0.0,0.0,0.000,0.000,164001,82786,51.3,58.0,58.5,83.0,0.870,20.643,20.647,20.640,20.163,8.941,8.310,8.651,16.986,3.000,11.669,6.954,7.020,100.000,140.000,2175.0,2200.2,1875.0,2166.8,1890.0,4.0,0.0,0.0,0.0,13.1,0.2,0.9,0.0,0.0,0.0,Yes,No,No,No,No,Yes,No,0,0,0,0,0,0,0,0,0,0,0,0,0,0,0,0,0,0,0,0,0,0,0,0,0,0,0,0,0,0,7112,1076,842,51,16.0,56,0.305,8.557,550.0,2394.0,0.2,0.0,0.0,0.0,0.0,0.0,0.0,0.0,0.0,2,16190,2,No,No,No,No,No,No,No,No,16.745,68.277,100.0,0.000,24.1,0,0,0,0.0,122.3,199.1,10.2,8.8,9.0,8.8,122.2,169.0,10.3,8.8,8.9,8.7,8.18,98.11,5.02,4.95,111.63,113.89,0.41,7.77,8.18,0.00,2.05,697,17,0.1,0.4,0,0,0.0,0.0,0,
9.6.2026,14:59:16.269,11673,37095,23.9,8973,23410,27.7,10.1,16384,1662,0.764,0.765,0.756,0.757,0.752,0.763,0.758,0.762,0.762,0.767,0.767,0.772,0.769,0.769,0.769,0.711,0.788,1353.8,1396.6,1396.6,1396.6,1396.6,1396.6,1496.3,1097.3,1097.3,1596.1,1097.3,1695.9,1695.9,1097.3,1097.3,99.8,798.0,82.0,168.7,1.8,40.6,0.2,605.7,0.3,616.4,0.3,7.1,0.2,5.3,1.0,88.4,64.7,31.2,6.6,0.6,0.9,0.4,0.5,102.4,4.3,8.8,0.0,0.0,0.0,29.9,0.0,29.1,0.0,0.8,0.0,0.0,0.5,7.8,6.3,2.2,0.2,0.0,0.0,0.0,0.0,29.9,4.3,100.0,3.5,7.3,0.1,1.8,0.0,24.7,0.0,25.2,0.0,0.3,0.0,0.3,0.0,4.9,3.5,1.7,0.4,0.1,0.1,0.0,0.0,3.5,13.6,14.0,14.0,14.0,14.0,14.0,15.0,11.0,11.0,16.0,11.0,17.0,17.0,11.0,11.0,8.0,49,50,50,50,44,46,47,50,50,50,50,51,51,50,50,51,50,50,50,56,54,53,50,50,50,50,49,49,50,50,65,51,No,No,No,No,No,No,No,No,No,No,No,No,No,No,No,No,No,No,No,No,No,No,No,No,No,No,No,No,No,No,No,No,No,No,No,No,No,No,No,No,No,No,No,No,No,No,No,No,67,51,56,1.100,0.844,6.426,1.101,0.001,4.137,0.425,175.0,175.0,175.0,175.0,0,16.3,4.3,8.6,0.1,1.9,0.0,29.6,0.0,29.0,0.0,0.4,0.0,0.3,0.1,7.3,5.2,2.5,0.5,0.0,0.0,0.0,0.0,6.3,11.0,4.1,38.5,34.0,0.0,0.0,0.0,0.0,0.0,0.0,0.0,0.0,0.0,0.0,55.9,0.0,0.0,0.0,0.0,0.0,0.0,92.2,94.5,97.3,99.3,99.9,99.9,99.9,99.9,70.7,76.1,93.0,26.0,30.8,99.2,99.3,997.6,10.00,22,15,15,28,103,160,2,2,Yes,No,No,No,No,No,No,No,No,No,Yes,No,No,Yes,No,No,No,No,No,No,No,Yes,No,No,No,No,No,No,No,No,No,No,No,No,No,No,No,No,83.0,2400,1920,2280,55.2,1.110,1.110,1.800,1.815,1.005,5.110,0.625,No,No,No,56.2,1.110,1.110,1.800,1.815,1.005,5.110,0.500,No,No,No,41,41,94.0,100.0,No,No,32162,47988,38,70,99.0,100.0,No,No,1844,3246,0.1,0.9,1.1,0.002,0.025,97398,55416,0.0,0.0,0.0,0.000,0.000,164001,82786,51.2,56.0,58.2,83.0,0.870,20.673,20.678,20.667,19.160,8.591,7.920,8.726,16.658,3.000,11.736,6.030,6.066,100.000,140.000,2175.0,2200.2,1875.0,2165.3,1890.0,0.0,0.0,0.0,0.0,13.1,0.2,0.7,0.0,0.0,0.0,Yes,No,No,No,No,Yes,No,0,0,0,0,0,0,0,0,0,0,0,0,0,0,0,0,0,0,0,0,0,0,0,0,0,0,0,0,0,0,7112,1076,842,52,16.0,55,0.305,6.499,550.0,2394.0,0.1,0.0,0.0,0.0,0.0,0.0,0.0,0.0,0.0,2,16190,2,No,No,No,No,No,No,No,No,16.745,68.277,100.0,0.000,24.1,0,0,0,0.0,164.7,266.7,122.2,121.7,121.6,121.6,164.9,168.6,161.3,161.2,161.2,161.2,6.08,6.98,5.43,5.39,7.18,7.18,0.43,5.66,1.29,4.79,0.28,697,17,0.7,0.5,0,0,0.0,0.0,0,
9.6.2026,14:59:18.264,11848,36920,24.2,9084,23300,28.0,10.1,16384,1662,1.202,1.181,1.200,1.200,1.180,1.215,1.189,1.199,1.209,1.210,1.210,1.210,1.210,1.210,1.210,1.141,0.851,3192.2,1396.6,1396.6,1396.6,4888.0,4688.5,4688.5,1097.3,3591.2,3591.2,3591.2,3591.2,3591.2,3591.2,3591.2,99.8,4289.5,137.9,227.2,6.9,97.0,0.3,954.3,0.4,795.5,0.3,16.5,0.3,3.8,1.5,206.9,244.4,113.0,43.1,20.8,3.5,13.3,9.1,169.5,11.2,10.9,20.8,11.4,19.5,30.8,18.0,23.5,33.3,0.0,0.0,0.1,0.0,17.6,20.5,9.6,3.7,1.9,0.3,1.1,0.7,33.3,11.2,100.0,6.0,10.1,0.3,4.6,0.0,38.0,0.0,31.1,0.0,0.7,0.0,0.2,0.1,11.2,13.1,6.1,2.4,1.1,0.2,0.7,0.5,6.0,32.0,14.0,14.0,14.0,49.0,47.0,47.0,11.0,36.0,36.0,36.0,36.0,36.0,36.0,36.0,43.0,51,51,53,52,55,50,49,51,51,51,51,51,51,51,51,49,49,47,48,45,50,51,49,49,49,49,49,49,49,49,67,55,No,No,No,No,No,No,No,No,No,No,No,No,No,No,No,No,No,No,No,No,No,No,No,No,No,No,No,No,No,No,No,No,No,No,No,No,No,No,No,No,No,No,No,No,No,No,No,No,68,67,56,1.100,16.875,8.327,2.705,0.001,4.425,0.435,175.0,175.0,175.0,175.0,0,18.4,6.4,11.0,0.4,5.2,0.0,30.9,0.0,23.5,0.0,0.5,0.0,0.1,0.1,17.4,21.6,9.5,3.6,1.9,0.3,1.1,0.6,2.9,13.1,7.4,13.0,7.1,0.0,0.0,0.0,0.0,0.0,0.0,0.0,0.0,0.0,0.0,53.4,0.0,0.0,2.9,3.3,0.0,0.0,81.8,77.9,90.2,96.1,98.0,99.6,98.8,99.3,77.5,71.3,84.6,48.2,62.5,98.9,99.5,2394.1,24.00,36,35,35,68,103,383,2,2,Yes,No,No,No,No,No,No,No,No,No,Yes,No,No,Yes,No,No,No,No,No,No,No,Yes,No,No,No,No,No,Yes,No,No,No,No,No,No,No,Yes,No,No,84.0,2400,1920,2280,55.2,1.110,1.110,1.800,1.815,1.005,5.110,1.000,No,No,No,56.2,1.110,1.110,1.800,1.815,1.005,5.110,0.750,No,No,No,41,41,94.0,100.0,No,No,32162,47988,38,70,99.0,100.0,No,No,1844,3246,0.2,1.1,1.3,0.026,0.164,97398,55416,0.0,0.0,0.0,0.000,0.000,164001,82786,51.4,58.0,58.4,83.0,0.870,20.529,20.534,20.524,19.943,9.118,8.770,8.768,17.548,3.000,11.771,6.953,7.014,100.000,140.000,2175.0,2200.2,1875.0,2165.2,1890.0,4.0,1.0,0.0,0.0,12.7,0.1,0.3,0.0,0.0,0.0,Yes,No,No,No,No,Yes,No,0,0,0,0,0,0,0,0,0,0,0,0,0,0,0,0,0,0,0,0,0,0,0,0,0,0,0,0,0,0,7150,1038,805,64,16.0,56,0.305,7.759,550.0,997.0,0.2,0.0,0.0,0.0,0.1,0.0,0.0,0.0,0.0,2,16190,2,No,No,No,No,No,No,No,No,16.745,68.277,100.0,0.000,24.1,0,0,0,0.0,164.7,266.7,122.2,121.7,121.6,121.6,164.9,168.6,161.3,161.2,161.2,161.2,6.08,6.98,5.43,5.39,7.18,7.18,0.43,5.66,1.29,4.79,0.28,697,17,0.2,0.2,0,0,0.0,0.0,0,
9.6.2026,14:59:20.260,12398,36370,25.4,9504,22879,29.3,10.1,16384,1662,1.179,1.219,1.183,1.153,1.163,1.168,1.183,1.193,1.148,1.188,1.188,1.169,1.174,1.189,1.189,1.066,0.851,3206.4,4688.5,4688.5,4489.0,4688.5,1396.6,4489.0,2793.2,1097.3,3591.2,3591.2,1097.3,1097.3,3591.2,3591.2,99.8,3890.5,619.8,932.8,1.5,949.6,0.5,3447.6,2.1,2560.3,1.3,426.6,0.6,441.2,0.7,1027.9,815.2,902.2,507.1,122.0,183.1,63.3,9.6,751.1,24.0,31.0,0.0,32.1,0.7,74.6,0.0,56.5,0.8,12.3,0.0,12.0,0.8,70.5,54.3,63.9,37.6,9.5,15.7,5.8,1.3,74.6,24.0,100.0,27.2,39.6,0.1,40.4,0.0,131.9,0.1,99.1,0.1,17.4,0.0,17.8,0.1,56.0,44.0,49.1,27.8,6.0,10.1,3.5,0.6,27.2,32.1,47.0,47.0,45.0,47.0,14.0,45.0,28.0,11.0,36.0,36.0,11.0,11.0,36.0,36.0,39.0,56,56,54,74,55,51,52,56,56,56,56,55,55,55,55,44,44,46,26,45,49,48,44,44,44,44,45,45,45,45,73,74,No,No,No,No,No,No,No,No,No,No,No,No,No,No,No,No,No,No,No,No,No,No,No,No,No,No,No,No,No,No,No,No,No,No,No,No,No,No,No,No,No,No,No,No,No,No,No,No,71,71,58,1.100,19.407,28.320,21.802,0.001,5.142,0.504,175.0,175.0,175.0,175.0,0,0.0,23.4,31.2,0.1,31.5,0.0,74.7,0.1,56.6,0.0,11.0,0.0,10.7,0.0,69.7,53.5,62.3,35.9,9.2,14.8,5.0,0.6,14.4,45.4,43.9,18.2,24.7,25.3,22.6,7.6,3.4,3.2,3.1,2.1,1.7,0.0,0.0,37.6,0.0,0.0,3.6,4.7,0.0,0.0,20.0,40.9,32.6,59.7,87.8,82.8,94.7,99.3,27.5,14.0,15.2,1.8,11.1,59.7,63.0,997.6,10.00,22,15,15,28,103,160,2,2,Yes,No,No,No,No,No,No,No,No,No,Yes,No,No,No,No,No,No,No,No,No,No,No,No,No,No,No,No,Yes,No,No,No,No,No,No,No,Yes,No,No,84.0,2460,1920,2340,55.2,1.095,1.110,1.800,1.815,1.005,5.110,0.875,No,No,No,56.2,1.095,1.110,1.800,1.815,1.005,5.110,0.750,No,No,No,41,41,94.0,100.0,No,No,32162,47988,38,70,99.0,100.0,No,No,1844,3246,0.3,4.0,4.4,0.134,3.872,97398,55423,0.0,0.0,0.0,0.000,0.000,164001,82786,51.6,58.0,58.7,83.0,0.870,20.562,20.565,20.558,20.096,8.916,8.078,8.658,16.734,3.000,11.667,7.223,7.055,100.000,140.000,2175.0,2200.2,1875.0,2165.7,1890.0,0.0,0.0,0.0,0.0,15.2,0.0,0.2,0.0,0.0,0.0,Yes,No,No,No,No,Yes,No,0,0,0,0,0,0,0,0,0,0,0,0,0,0,0,0,0,0,0,0,0,0,0,0,0,0,0,0,0,0,6943,1245,1012,81,16.0,58,0.305,27.345,550.0,2394.0,0.4,0.1,0.0,0.0,0.1,0.0,0.0,0.0,0.0,2,16190,2,No,No,No,No,No,No,No,No,16.745,68.277,100.0,0.000,24.1,0,0,0,0.0,2.9,4.2,2.2,2.2,2.2,2.2,4.1,4.1,4.1,4.1,4.1,4.1,343.92,448.28,239.55,237.64,450.41,450.41,2.20,0.64,343.41,0.50,207.96,697,17,0.4,0.3,0,0,0.0,0.0,0,
9.6.2026,14:59:22.263,12825,35943,26.2,9859,22525,30.4,10.1,16384,1662,1.193,1.195,1.183,1.168,1.222,1.217,1.212,1.197,1.232,1.192,1.179,1.179,1.179,1.174,1.174,1.104,0.851,2764.7,4588.8,4688.5,1396.6,4888.0,4688.5,4688.5,1097.3,3591.2,3591.2,1097.3,1097.3,1097.3,1097.3,1097.3,99.8,4090.0,416.3,650.1,0.6,375.8,0.4,3112.0,0.3,2532.7,0.3,63.6,0.2,37.2,0.2,454.5,336.2,260.0,317.7,133.4,34.0,17.0,0.3,508.9,14.5,21.5,0.0,12.6,0.0,68.1,0.0,58.0,0.0,1.4,6.4,0.2,0.0,35.4,26.3,19.5,25.8,11.5,2.1,0.6,0.0,68.1,14.5,100.0,17.5,27.2,0.0,16.3,0.0,119.7,0.0,97.6,0.0,2.7,0.0,1.7,0.0,24.8,18.6,13.9,16.7,7.8,1.8,0.9,0.0,17.5,27.7,46.0,47.0,14.0,49.0,47.0,47.0,11.0,36.0,36.0,11.0,11.0,11.0,11.0,11.0,41.0,55,66,54,58,62,52,52,53,53,53,53,52,52,52,52,45,34,46,42,38,48,48,47,47,47,47,48,48,48,48,68,66,No,No,No,No,No,No,No,No,No,No,No,No,No,No,No,No,No,No,No,No,No,No,No,No,No,No,No,No,No,No,No,No,No,No,No,No,No,No,No,No,No,No,No,No,No,No,No,No,69,64,58,1.100,10.125,20.876,14.671,0.001,4.876,0.466,175.0,175.0,175.0,175.0,0,0.0,14.4,21.6,0.0,14.1,0.0,67.7,0.0,57.6,0.0,2.3,0.0,1.1,0.0,34.5,25.9,20.2,26.7,11.7,3.0,1.5,0.0,7.6,30.4,19.0,21.9,28.7,2.7,1.0,2.8,0.0,0.0,0.0,0.0,0.0,0.0,0.0,49.0,0.0,0.0,5.8,8.2,0.0,0.0,61.9,73.7,79.5,73.1,88.2,96.9,98.4,99.9,49.8,40.7,61.3,3.2,3.6,93.2,96.8,2394.1,24.00,36,35,35,68,103,383,2,2,Yes,No,No,No,No,No,No,No,No,No,Yes,No,No,No,No,No,No,No,No,No,No,No,No,No,No,No,No,Yes,No,No,No,No,No,No,No,Yes,No,No,83.0,2520,1980,2400,55.2,1.095,1.110,1.800,1.815,1.005,5.110,1.500,No,No,No,56.2,1.095,1.110,1.800,1.815,1.005,5.110,0.875,No,No,No,41,41,94.0,100.0,No,No,32162,47988,38,70,99.0,100.0,No,No,1844,3246,0.0,1.9,1.9,0.000,1.531,97398,55426,0.0,0.0,0.0,0.000,0.000,164001,82786,52.4,56.0,59.3,83.0,0.870,20.555,20.556,20.555,20.158,14.478,15.114,11.408,26.557,3.000,14.407,7.282,23.575,100.000,140.000,2175.0,2200.2,1875.0,2166.2,1890.0,29.0,6.0,0.0,8.0,28.2,0.6,2.2,0.0,0.0,0.0,Yes,No,No,No,No,Yes,No,0,0,0,0,0,0,0,0,0,0,0,0,0,0,0,0,0,0,0,0,0,0,0,0,0,0,0,0,0,0,5880,2308,2075,115,16.0,57,0.305,21.519,550.0,997.0,0.3,0.1,0.0,0.0,0.1,0.0,0.0,0.0,0.0,2,16189,4,No,No,No,No,No,No,No,No,16.744,68.277,100.0,0.000,24.1,0,0,0,0.0,2.9,4.2,2.2,2.2,2.2,2.2,4.1,4.1,4.1,4.1,4.1,4.1,343.92,448.28,239.55,237.64,450.41,450.41,2.20,0.64,343.41,0.50,207.96,697,17,0.1,0.2,0,0,0.0,0.0,0,
9.6.2026,14:59:24.265,15262,33506,31.2,11420,20964,35.2,10.1,16384,1662,1.186,1.192,1.205,1.200,1.190,1.170,1.180,1.215,1.195,1.190,1.181,1.181,1.166,1.181,1.166,1.101,0.848,2151.9,1396.6,4688.5,4688.5,4688.5,1396.6,4489.0,1097.3,1097.3,1097.3,1097.3,1097.3,1097.3,1097.3,1097.3,99.8,4090.0,395.1,1085.2,0.3,834.0,0.3,2186.1,0.5,3170.9,0.4,189.2,0.2,28.4,0.2,161.4,157.0,61.0,24.6,1.6,0.3,0.3,0.4,493.7,13.6,36.8,17.5,31.0,18.0,51.2,4.5,70.2,0.0,5.4,0.0,0.8,2.4,12.4,13.8,5.0,1.4,0.2,0.1,0.1,0.1,70.2,13.6,100.0,15.9,45.3,0.0,35.5,0.0,85.1,0.0,121.7,0.0,7.6,0.0,1.2,0.0,8.7,8.5,3.3,1.3,0.1,0.0,0.0,0.0,15.9,21.6,14.0,47.0,47.0,47.0,14.0,45.0,11.0,11.0,11.0,11.0,11.0,11.0,11.0,11.0,41.0,55,57,56,55,59,53,52,55,55,55,55,54,54,54,54,45,43,44,45,41,47,48,45,45,45,45,46,46,46,46,69,59,No,No,No,No,No,No,No,No,No,No,No,No,No,No,No,No,No,No,No,No,No,No,No,No,No,No,No,No,No,No,No,No,No,No,No,No,No,No,No,No,No,No,No,No,No,No,No,No,69,62,57,1.100,22.782,20.723,14.188,0.002,5.113,0.560,175.0,175.0,175.0,175.0,0,0.0,11.3,36.8,0.0,29.6,0.0,51.0,0.0,69.9,0.0,5.4,0.0,0.8,0.0,12.5,13.0,4.9,2.1,0.1,0.0,0.0,0.0,10.2,40.2,31.6,36.2,27.3,6.5,0.3,0.0,0.0,0.0,0.0,0.0,0.0,0.0,0.0,55.3,0.0,0.1,8.1,1.1,0.0,0.0,86.6,86.6,94.9,97.8,99.8,99.9,99.9,99.9,38.4,13.8,30.4,1.6,0.0,86.3,98.3,2394.1,24.00,36,35,35,68,103,383,2,2,Yes,No,No,No,No,No,No,No,No,No,Yes,No,No,No,No,No,No,No,No,No,No,No,No,No,No,No,No,Yes,No,No,No,No,No,No,No,Yes,No,No,85.0,2640,1980,2460,55.2,1.095,1.110,1.800,1.815,1.005,5.110,1.375,No,No,No,56.2,1.095,1.110,1.800,1.815,1.005,5.110,1.500,No,No,No,41,41,94.0,100.0,No,No,32162,47988,38,70,99.0,100.0,No,No,1844,3246,0.2,1.6,1.8,0.269,0.137,97398,55427,0.0,0.0,0.0,0.000,0.000,164001,82786,52.1,58.0,59.2,83.0,0.870,20.588,20.590,20.587,21.202,9.416,8.937,9.204,18.137,3.000,12.209,7.157,7.271,100.000,140.000,2175.0,2200.2,1875.0,2175.0,1890.0,15.0,2.0,0.0,9.0,48.4,2.4,9.8,0.0,0.0,0.0,Yes,No,No,No,No,Yes,No,0,0,0,0,0,0,0,0,0,0,0,0,0,0,0,0,0,0,0,0,0,0,0,0,0,0,0,0,0,0,4225,3963,3734,115,16.0,58,0.305,20.066,550.0,2394.0,0.3,0.1,0.0,0.0,0.1,0.0,0.0,0.0,0.0,2,16190,2,No,No,No,No,No,No,No,No,16.745,68.277,100.0,0.000,24.1,0,0,0,0.0,2.9,4.2,2.2,2.2,2.2,2.2,4.1,4.1,4.1,4.1,4.1,4.1,343.92,448.28,239.55,237.64,450.41,450.41,2.20,0.64,343.41,0.50,207.96,697,17,2.2,0.2,0,0,0.0,0.0,0,
9.6.2026,14:59:26.269,16032,32736,32.8,11894,20490,36.7,10.1,16384,1662,1.183,1.191,1.171,1.176,1.206,1.169,1.185,1.170,1.170,1.180,1.180,1.180,1.205,1.201,1.176,1.104,0.851,3705.2,4688.5,4688.5,4688.5,4688.5,4688.5,4688.5,1097.3,1097.3,3591.2,3591.2,3591.2,3591.2,3591.2,3591.2,99.8,4090.0,389.3,1090.3,0.5,890.1,1.6,2517.4,0.6,2766.8,0.4,286.6,0.2,56.3,0.2,82.9,46.8,38.0,4.9,0.5,0.5,0.5,1.1,486.5,12.7,33.5,0.0,27.9,0.0,56.4,9.1,61.4,18.4,7.0,23.7,0.4,0.7,6.3,2.1,2.8,1.0,0.7,0.7,0.7,0.7,61.4,12.7,100.0,15.4,44.4,0.0,36.4,0.1,97.1,0.0,106.5,0.0,11.2,0.0,2.2,0.0,4.7,2.6,2.1,0.3,0.1,0.0,0.0,0.1,15.4,37.1,47.0,47.0,47.0,47.0,47.0,47.0,11.0,11.0,36.0,36.0,36.0,36.0,36.0,36.0,41.0,55,54,56,59,63,55,52,54,54,54,54,54,54,54,54,45,46,44,41,37,45,48,46,46,46,46,46,46,46,46,68,63,No,No,No,No,No,No,No,No,No,No,No,No,No,No,No,No,No,No,No,No,No,No,No,No,No,No,No,No,No,No,No,No,No,No,No,No,No,No,No,No,No,No,No,No,No,No,No,No,69,67,58,1.100,9.281,20.657,14.371,0.002,4.918,0.489,175.0,175.0,175.0,175.0,0,0.0,10.0,33.5,0.0,27.8,0.0,56.3,0.0,61.0,0.0,7.2,0.0,1.3,0.0,6.1,3.6,2.8,0.3,0.0,0.0,0.0,0.1,11.3,45.7,35.6,37.9,31.5,7.0,0.0,0.0,0.0,0.0,0.0,0.0,0.0,0.0,0.0,56.6,0.0,0.0,2.1,5.6,0.0,0.0,93.3,96.1,97.0,99.6,99.8,99.9,99.9,99.8,37.8,13.5,29.9,1.4,0.0,83.6,98.3,2394.1,24.00,36,35,35,68,103,383,2,2,Yes,No,No,No,No,No,No,No,No,No,Yes,No,No,No,No,No,No,No,No,No,No,No,No,No,No,No,No,Yes,No,No,No,No,No,No,No,Yes,No,No,83.0,2640,1980,2520,55.5,1.095,1.110,1.800,1.815,1.005,5.110,0.625,No,No,No,56.5,1.095,1.110,1.800,1.815,1.005,5.110,0.750,No,No,No,41,41,94.0,100.0,No,No,32162,47988,38,70,99.0,100.0,No,No,1844,3246,0.2,0.5,0.7,0.043,0.089,97399,55427,0.0,0.0,0.0,0.000,0.000,164001,82786,53.1,56.0,59.8,83.0,0.870,20.603,20.603,20.603,20.798,14.483,8.825,8.818,17.657,3.000,11.824,44.035,7.226,100.000,140.000,2175.0,2200.2,1875.0,2174.9,1890.0,6.0,2.0,0.0,0.0,54.5,0.9,3.5,0.0,0.0,0.0,Yes,No,No,No,No,Yes,No,0,0,0,0,0,0,0,0,0,0,0,0,0,0,0,0,0,0,0,0,0,0,0,0,0,0,0,0,0,0,3729,4459,4227,118,16.0,57,0.305,21.215,700.0,2394.0,0.3,0.1,0.0,0.0,0.1,0.0,0.0,0.0,0.0,2,16190,2,No,No,No,No,No,No,No,No,16.745,68.277,100.0,0.000,24.1,0,0,0,0.0,64.2,64.2,64.2,64.2,64.2,64.2,0.0,0.0,0.0,0.0,0.0,0.0,13.65,13.65,13.65,13.65,13.65,13.65,0.00,0.00,13.07,0.57,0.00,697,17,0.8,0.2,0,0,0.0,0.0,0,
9.6.2026,14:59:28.279,16150,32618,33.1,12006,20378,37.0,10.1,16384,1662,1.201,1.226,1.210,1.202,1.194,1.167,1.167,1.167,1.200,1.209,1.224,1.217,1.202,1.217,1.217,1.101,0.848,2864.4,4688.5,4688.5,4688.5,4688.5,4489.0,4489.0,1097.3,1097.3,2194.6,3591.2,1097.3,1097.3,1097.3,1097.3,99.8,4090.0,405.2,977.7,0.4,476.7,0.2,3363.8,0.4,2548.7,0.3,182.4,0.1,131.7,0.1,184.0,106.6,66.2,55.7,6.1,1.8,0.4,0.4,505.9,10.8,27.5,0.0,12.8,11.9,71.3,0.0,58.1,0.0,5.4,2.5,4.8,0.0,7.8,5.5,3.2,2.8,1.3,1.1,0.0,0.0,71.3,10.8,100.0,15.9,38.7,0.0,18.7,0.0,126.7,0.0,100.2,0.0,7.4,0.0,5.2,0.0,8.9,5.9,3.5,3.1,0.4,0.1,0.0,0.0,15.9,28.7,47.0,47.0,47.0,47.0,45.0,45.0,11.0,11.0,22.0,36.0,11.0,11.0,11.0,11.0,41.0,57,65,59,67,62,56,53,54,54,55,55,55,55,55,55,43,35,41,33,38,44,47,46,46,45,45,45,45,45,45,69,67,No,No,No,No,No,No,No,No,No,No,No,No,No,No,No,No,No,No,No,No,No,No,No,No,No,No,No,No,No,No,Yes,Yes,Yes,Yes,Yes,Yes,Yes,Yes,Yes,Yes,Yes,Yes,Yes,Yes,Yes,No,No,Yes,70,63,58,1.100,16.031,21.259,15.089,0.001,4.826,0.469,175.0,175.0,175.0,175.0,0,0.0,9.7,27.2,0.0,12.5,0.0,72.0,0.0,56.4,0.0,4.2,0.0,3.0,0.0,9.3,3.7,2.4,1.8,0.3,0.1,0.0,0.0,6.1,23.9,8.4,26.3,26.3,0.0,0.0,0.0,0.0,0.3,0.0,0.0,0.0,0.0,0.0,57.1,1.0,1.7,0.5,10.7,2.4,2.3,90.3,95.9,97.0,98.0,99.5,99.8,99.9,99.8,51.4,42.2,74.9,0.0,4.0,92.9,94.4,2394.1,24.00,36,35,35,68,103,383,2,2,Yes,No,No,No,No,No,No,No,No,Yes,Yes,No,No,No,No,No,No,No,No,No,No,No,No,No,No,No,No,Yes,No,No,No,No,No,No,No,Yes,No,No,84.0,2640,1980,2460,55.5,1.095,1.110,1.800,1.815,0.990,5.110,0.750,No,No,No,56.5,1.095,1.110,1.800,1.815,1.005,5.110,0.750,No,No,No,41,41,94.0,100.0,No,No,32162,47988,38,70,99.0,100.0,No,No,1844,3246,0.0,1.7,1.7,0.000,0.089,97399,55427,0.0,0.0,0.0,0.000,0.000,164001,82786,61.7,60.0,66.8,83.0,0.875,20.472,20.454,20.489,48.640,34.156,59.159,15.934,75.256,3.000,18.943,8.393,58.406,100.000,140.000,2250.0,2200.2,1890.0,2209.0,1905.0,54.0,15.0,0.0,0.0,54.3,8.0,32.1,0.0,0.0,0.0,Yes,No,No,No,No,Yes,No,0,0,0,0,0,0,0,0,0,0,0,0,0,0,0,0,0,0,0,0,0,0,0,0,0,0,0,0,0,0,3739,4449,4217,132,16.0,57,0.305,18.877,700.0,2394.0,0.3,0.1,0.0,0.0,0.1,0.0,0.0,0.0,0.0,2,16190,2,No,No,No,No,No,No,No,No,16.745,68.277,100.0,0.000,24.1,0,0,0,0.0,16.0,57.0,5.7,5.3,5.3,5.3,16.0,43.7,6.3,5.9,5.8,5.8,62.49,175.29,22.57,22.02,189.21,189.21,30.16,32.74,60.20,2.29,34.37,697,17,0.6,0.6,0,0,0.0,0.0,0,
9.6.2026,14:59:30.285,16168,32599,33.1,12053,20331,37.2,10.1,16384,1662,1.196,1.171,1.179,1.194,1.208,1.175,1.190,1.215,1.208,1.208,1.208,1.218,1.178,1.174,1.214,1.141,0.851,2949.9,4688.5,1396.6,4688.5,4888.0,4688.5,4688.5,1097.3,1097.3,1097.3,1097.3,3591.2,1097.3,3591.2,3591.2,99.8,4289.5,454.8,734.8,0.4,608.6,0.4,2868.0,19.8,3285.5,0.4,416.3,0.2,352.9,0.2,244.2,170.7,172.1,51.8,85.1,59.5,23.2,1.2,557.9,12.1,23.1,0.0,16.9,0.0,63.6,4.3,68.9,8.7,8.8,0.0,6.6,0.0,16.3,7.3,7.6,0.7,2.2,0.5,3.8,3.2,68.9,12.1,100.0,18.2,29.6,0.0,24.5,0.0,112.2,0.8,122.6,0.0,15.8,0.0,13.4,0.0,14.1,9.0,9.2,2.9,4.5,3.2,1.2,0.1,18.2,29.6,47.0,14.0,47.0,49.0,47.0,47.0,11.0,11.0,11.0,11.0,36.0,11.0,36.0,36.0,43.0,56,57,58,57,59,55,54,55,55,55,55,55,55,55,55,44,43,42,43,41,45,46,45,45,45,45,45,45,45,45,69,59,No,No,No,No,No,No,No,No,No,No,No,No,No,No,No,No,No,No,No,No,No,No,No,No,No,No,No,No,No,No,No,No,No,No,No,No,No,No,No,No,No,No,No,No,No,No,No,No,68,68,58,1.100,12.656,24.083,17.765,0.002,4.965,0.490,175.0,175.0,175.0,175.0,0,0.0,11.6,23.0,0.0,17.4,0.0,62.0,0.4,70.3,0.0,10.4,0.0,8.2,0.0,14.5,8.8,8.8,2.1,3.7,2.0,0.7,0.1,6.2,17.8,17.7,25.5,20.5,2.2,2.2,0.0,0.3,0.0,0.8,0.0,0.0,0.0,0.0,56.5,8.6,2.6,9.1,7.8,5.0,2.9,84.6,90.1,90.7,96.6,95.9,97.6,99.1,99.8,44.8,44.8,57.2,1.8,0.0,80.0,84.7,2394.1,24.00,36,35,35,68,103,383,2,2,Yes,No,No,No,No,No,No,No,No,No,Yes,No,No,No,No,No,No,No,No,No,No,No,No,No,No,No,No,Yes,No,No,No,No,No,No,No,Yes,No,No,84.0,2700,2100,2520,55.8,1.095,1.110,1.800,1.815,0.990,5.110,0.625,No,No,No,56.8,1.095,1.110,1.800,1.815,0.990,5.110,0.750,No,No,No,41,41,94.0,100.0,No,No,32162,47988,38,70,99.0,100.0,No,No,1844,3246,0.0,0.8,0.8,0.000,0.101,97399,55427,0.0,0.0,0.0,0.000,0.000,164001,82786,56.3,60.0,63.1,83.0,0.875,20.690,20.686,20.694,59.400,9.493,9.409,8.750,18.169,3.000,11.762,7.707,7.653,100.000,140.000,2250.0,2200.2,1890.0,2245.5,1905.0,0.0,0.0,0.0,0.0,54.3,13.4,53.6,0.0,0.0,0.0,Yes,No,No,No,No,Yes,No,0,0,0,0,0,0,0,0,0,0,0,0,0,0,0,0,0,0,0,0,0,0,0,0,0,0,0,0,0,0,3738,4450,4218,113,16.0,58,0.302,26.322,700.0,2394.0,0.3,0.1,0.0,0.0,0.1,0.0,0.0,0.0,0.0,2,16190,2,No,No,No,No,No,No,No,No,16.745,68.277,100.0,0.000,24.1,0,0,0,0.0,21.9,70.3,11.8,11.3,11.2,11.2,21.7,42.6,10.3,9.8,9.8,9.8,45.67,84.50,17.83,17.42,89.29,89.29,29.99,16.19,42.00,3.67,17.75,697,17,0.2,0.3,0,0,0.0,0.0,0,
9.6.2026,14:59:32.287,15995,32772,32.7,12171,20213,37.5,10.1,16384,1662,1.197,1.195,1.195,1.200,1.203,1.183,1.173,1.208,1.188,1.208,1.213,1.223,1.203,1.178,1.183,1.101,0.848,3541.3,4688.5,4688.5,4688.5,4888.0,4688.5,4688.5,1097.3,1097.3,3591.2,3591.2,3591.2,3591.2,1097.3,3591.2,99.8,4090.0,483.9,887.1,0.5,938.4,0.3,2871.3,52.0,3439.2,0.5,650.4,0.2,393.7,0.3,112.1,103.2,66.8,44.8,51.1,39.2,15.3,12.7,597.5,15.5,26.7,14.7,26.7,14.7,63.2,14.0,74.1,2.3,16.5,22.5,9.0,3.1,6.1,6.2,3.5,1.7,1.8,1.3,0.5,0.4,74.1,15.5,100.0,19.1,35.5,0.0,37.4,0.0,110.0,2.0,131.3,0.0,25.2,0.0,15.3,0.0,6.2,5.6,3.7,2.5,2.8,2.2,0.9,0.7,19.1,35.5,47.0,47.0,47.0,49.0,47.0,47.0,11.0,11.0,36.0,36.0,36.0,36.0,11.0,36.0,41.0,56,57,54,58,63,56,55,55,55,55,55,54,54,54,54,44,43,46,42,37,44,45,45,45,45,45,46,46,46,46,70,63,No,No,No,No,No,No,No,No,No,No,No,No,No,No,No,No,No,No,No,No,No,No,No,No,No,No,No,No,No,No,No,No,No,No,No,No,No,No,No,No,No,No,No,No,No,No,No,No,70,67,60,1.100,10.969,25.038,18.842,0.001,4.844,0.476,175.0,175.0,175.0,175.0,0,0.0,11.8,26.6,0.0,26.0,0.0,63.0,1.1,73.8,0.0,15.1,0.0,9.0,0.0,6.0,5.4,3.4,1.6,1.7,1.2,0.5,0.4,6.1,19.6,20.1,25.4,18.6,1.6,0.4,0.0,0.0,0.0,0.0,0.0,0.0,0.0,0.0,57.0,1.5,5.1,7.4,4.7,3.7,0.0,93.0,93.9,96.0,97.8,97.9,98.5,99.4,99.5,43.2,46.2,43.6,2.0,1.7,77.0,88.9,2394.1,24.00,36,35,35,68,103,383,2,2,Yes,No,No,No,No,No,No,No,No,No,Yes,No,No,No,No,No,No,No,No,No,No,No,No,No,No,No,No,Yes,No,No,No,No,No,No,No,Yes,No,No,84.0,2820,2160,2640,55.8,1.095,1.110,1.800,1.815,0.990,5.110,0.625,No,No,No,56.8,1.095,1.110,1.800,1.815,0.990,5.110,1.125,No,No,No,41,41,94.0,100.0,No,No,32162,47988,38,70,99.0,100.0,No,No,1844,3246,0.0,1.5,1.5,0.000,0.074,97399,55427,0.0,0.0,0.0,0.000,0.000,164001,82786,70.7,62.0,78.2,83.0,0.875,20.530,20.511,20.550,73.969,41.011,62.513,13.886,76.548,3.000,16.894,69.094,45.144,100.000,140.000,2250.0,2200.2,1890.0,2232.5,1905.0,87.0,18.0,0.0,0.0,49.2,17.8,71.1,0.0,0.0,0.0,Yes,No,No,No,No,Yes,No,0,0,0,0,0,0,0,0,0,0,0,0,0,0,0,0,0,0,0,0,0,0,0,0,0,0,0,0,0,0,4161,4027,3795,110,16.0,59,0.302,24.835,700.0,2394.0,0.3,0.1,0.0,0.0,0.1,0.0,0.0,0.0,0.0,2,16190,2,No,No,No,No,No,No,No,No,16.745,68.277,100.0,0.000,24.1,0,0,0,0.0,46.7,189.9,18.1,13.1,12.7,12.7,46.2,62.1,24.7,19.1,18.6,18.6,21.53,47.57,9.30,4.88,65.94,65.94,17.89,3.76,5.71,15.81,2.67,697,17,0.3,0.3,0,0,0.0,0.0,0,
9.6.2026,14:59:34.299,15894,32874,32.5,12160,20224,37.5,10.1,16384,1662,1.198,1.185,1.196,1.211,1.196,1.161,1.176,1.206,1.206,1.206,1.206,1.207,1.207,1.207,1.207,1.066,0.848,1959.5,1396.6,1396.6,4888.0,4888.0,1396.6,4688.5,1097.3,1097.3,1097.3,1097.3,1097.3,1097.3,1097.3,1097.3,99.8,3890.5,419.7,877.7,0.4,691.1,0.4,2580.4,0.3,3241.9,0.3,448.4,0.3,206.2,0.1,136.5,102.0,39.8,23.3,28.4,14.2,0.5,1.1,521.8,11.0,25.7,0.0,19.8,0.0,56.5,0.0,70.3,0.0,11.2,0.0,6.4,0.6,8.3,7.0,3.4,2.8,3.7,2.5,1.4,1.4,70.3,11.0,100.0,16.5,34.9,0.0,27.7,0.0,98.9,0.0,123.8,0.0,17.5,0.0,8.0,0.0,7.5,5.6,2.2,1.3,1.5,0.8,0.1,0.1,16.5,19.6,14.0,14.0,49.0,49.0,14.0,47.0,11.0,11.0,11.0,11.0,11.0,11.0,11.0,11.0,39.0,57,59,57,59,62,54,55,55,55,55,55,56,58,58,58,43,41,43,41,38,46,45,45,45,45,45,44,42,42,42,70,62,No,No,No,No,No,No,No,No,No,No,No,No,No,No,No,No,No,No,No,No,No,No,No,No,No,No,No,No,No,No,No,No,No,No,No,No,No,No,No,No,No,No,No,No,No,No,No,No,70,64,59,1.100,25.313,20.742,14.498,0.001,4.898,0.482,175.0,175.0,175.0,175.0,0,0.0,10.6,25.8,0.0,19.9,0.0,56.5,0.0,70.1,0.0,11.4,0.0,5.2,0.0,8.4,6.4,2.1,1.5,2.4,1.1,0.1,0.1,7.2,20.0,21.8,26.8,28.8,3.4,0.1,0.0,0.0,0.0,0.0,0.0,0.0,0.0,0.0,56.2,0.0,0.0,11.4,0.1,0.0,0.0,90.6,93.1,97.7,98.4,97.5,98.7,99.8,99.8,46.8,47.9,53.0,3.4,0.0,82.6,93.7,2394.1,24.00,36,35,35,68,103,383,2,2,Yes,No,No,No,No,No,No,No,No,No,Yes,No,No,No,No,No,No,No,No,No,No,No,No,No,No,No,No,Yes,No,No,No,No,No,No,No,Yes,No,No,84.0,2940,2340,2760,55.8,1.095,1.110,1.800,1.815,0.990,5.110,0.625,No,No,No,56.8,1.095,1.110,1.800,1.815,0.990,5.110,1.000,No,No,No,41,41,94.0,100.0,No,No,32162,47988,38,70,99.0,100.0,No,No,1844,3246,0.0,0.6,0.6,0.000,0.076,97399,55427,0.0,0.0,0.0,0.000,0.000,164001,82786,73.0,62.0,81.1,83.0,0.875,20.542,20.521,20.563,79.973,38.878,64.475,13.975,78.592,3.000,16.965,49.581,45.555,100.000,140.000,2250.0,2200.2,1890.0,2232.1,1905.0,85.0,18.0,0.0,0.0,49.2,21.0,83.9,0.0,0.0,0.0,Yes,No,No,No,No,Yes,No,0,0,0,0,0,0,0,0,0,0,0,0,0,0,0,0,0,0,0,0,0,0,0,0,0,0,0,0,0,0,4161,4027,3795,107,16.0,58,0.302,21.029,700.0,2394.0,0.3,0.1,0.0,0.0,0.1,0.0,0.0,0.0,0.0,2,16190,2,No,No,No,No,No,No,No,No,16.745,68.277,100.0,0.000,24.1,0,0,0,0.0,45.6,47.6,43.4,43.2,43.2,43.2,45.6,45.9,45.2,45.1,45.1,45.1,21.92,22.16,21.81,21.81,22.16,22.16,18.81,3.11,4.11,17.80,0.07,697,17,0.5,0.4,0,0,0.0,0.0,0,
9.6.2026,14:59:36.306,15784,32983,32.3,12157,20226,37.5,10.1,16384,1662,1.183,1.196,1.206,1.191,1.181,1.181,1.181,1.161,1.161,1.159,1.169,1.169,1.199,1.204,1.204,1.101,0.848,3306.2,1396.6,4688.5,4688.5,4888.0,4688.5,4688.5,1097.3,1097.3,1097.3,3591.2,3591.2,3591.2,3591.2,3591.2,99.8,4090.0,386.4,799.2,0.4,560.0,0.4,1790.2,0.2,4062.1,0.3,318.4,0.2,58.0,0.2,72.9,43.4,18.7,0.5,0.6,0.6,0.6,0.8,482.8,10.7,23.7,8.1,16.9,5.3,40.3,3.2,85.8,8.7,5.2,10.6,0.0,0.0,5.1,1.9,0.0,0.0,0.0,0.0,0.0,0.0,85.8,10.7,100.0,15.0,31.7,0.0,22.4,0.0,68.9,0.0,154.8,0.0,12.3,0.0,2.3,0.0,4.0,2.4,1.0,0.1,0.1,0.1,0.1,0.1,15.0,33.1,14.0,47.0,47.0,49.0,47.0,47.0,11.0,11.0,11.0,36.0,36.0,36.0,36.0,36.0,41.0,57,58,59,56,64,55,56,55,55,55,56,56,56,56,56,43,42,41,44,36,45,44,45,45,45,44,44,44,44,44,70,64,No,No,No,No,No,No,No,No,No,No,No,No,No,No,No,No,No,No,No,No,No,No,No,No,No,No,No,No,No,No,No,No,No,No,No,No,No,No,No,No,No,No,No,No,No,No,No,No,71,66,60,1.100,7.594,19.255,13.038,0.002,4.868,0.476,175.0,175.0,175.0,175.0,0,0.0,9.2,23.6,0.0,16.7,0.0,40.2,0.0,85.6,0.0,7.2,0.0,1.3,0.0,4.9,3.2,1.2,0.0,0.0,0.0,0.0,0.0,3.7,16.8,14.9,4.7,13.8,1.1,0.0,0.0,0.0,0.0,0.0,0.0,0.0,0.0,0.0,57.5,0.0,0.0,16.0,0.0,0.0,0.0,94.5,96.5,98.6,99.8,99.8,99.8,99.8,99.8,56.7,53.6,63.4,34.6,0.0,90.2,98.2,2394.1,24.00,36,35,35,68,103,383,2,2,Yes,No,No,No,No,No,No,No,No,No,Yes,No,No,No,No,No,No,No,No,No,No,No,No,No,No,No,No,Yes,No,No,No,No,No,No,No,Yes,No,No,84.0,3000,2460,2820,55.8,1.095,1.110,1.815,1.815,0.990,5.110,0.625,No,No,No,56.8,1.095,1.110,1.800,1.815,0.990,5.110,0.875,No,No,No,41,41,94.0,100.0,No,No,32162,47988,38,70,99.0,100.0,No,No,1844,3246,0.0,1.0,1.0,0.000,0.066,97399,55428,0.0,0.0,0.0,0.000,0.000,164001,82786,73.4,62.0,81.6,83.0,0.875,20.556,20.536,20.576,80.300,33.438,62.506,13.985,76.645,3.000,16.988,9.748,51.193,100.000,140.000,2250.0,2200.2,1890.0,2232.2,1905.0,85.0,18.0,0.0,0.0,49.2,21.1,84.5,0.0,0.0,0.0,Yes,No,No,No,No,Yes,No,0,0,0,0,0,0,0,0,0,0,0,0,0,0,0,0,0,0,0,0,0,0,0,0,0,0,0,0,0,0,4161,4027,3795,103,16.0,60,0.302,19.117,700.0,2394.0,0.3,0.1,0.0,0.0,0.1,0.0,0.0,0.0,0.0,2,16190,2,No,No,No,No,No,No,No,No,16.745,68.277,100.0,0.000,24.1,0,0,0,0.0,45.7,47.7,43.2,42.8,42.8,42.8,45.8,46.0,45.2,45.1,45.1,45.1,21.86,22.15,21.76,21.75,22.20,22.20,18.74,3.12,4.24,17.61,0.07,697,17,0.4,0.2,0,0,0.0,0.0,0,
9.6.2026,14:59:38.308,15775,32993,32.3,12141,20243,37.4,10.1,16384,1662,1.182,1.183,1.178,1.168,1.189,1.179,1.174,1.182,1.177,1.187,1.177,1.187,1.177,1.195,1.195,1.141,0.848,2992.7,4688.5,4688.5,4688.5,4688.5,4688.5,4688.5,3591.2,1097.3,3591.2,1097.3,1097.3,1097.3,1097.3,1097.3,99.8,4289.5,390.6,849.0,0.5,606.5,0.4,1885.8,0.2,3970.7,0.2,307.5,0.1,63.7,0.1,39.5,70.5,14.1,1.2,0.5,0.5,0.4,0.5,488.1,10.2,25.4,0.0,17.1,0.0,42.7,0.0,84.4,8.9,8.4,0.4,1.9,0.4,2.1,6.5,2.1,1.2,0.4,0.4,0.4,0.4,84.4,10.2,100.0,15.2,33.9,0.0,24.3,0.0,72.0,0.0,151.3,0.0,11.9,0.0,2.4,0.0,2.2,3.8,0.8,0.1,0.1,0.1,0.0,0.1,15.2,30.0,47.0,47.0,47.0,47.0,47.0,47.0,36.0,11.0,36.0,11.0,11.0,11.0,11.0,11.0,43.0,58,58,59,67,62,58,56,56,57,57,57,58,58,58,58,42,42,41,33,38,42,44,44,43,43,43,42,42,42,42,71,67,No,No,No,No,No,No,No,No,No,No,No,No,No,No,No,No,No,No,No,No,No,No,No,No,No,No,No,No,No,No,No,No,No,No,No,No,No,No,No,No,No,No,No,No,No,No,No,No,71,64,60,1.100,14.344,19.827,13.712,0.001,4.885,0.476,175.0,175.0,175.0,175.0,0,0.0,9.4,25.7,0.0,17.4,0.0,43.2,0.0,84.3,0.0,7.3,0.0,1.5,0.0,2.5,5.3,1.0,0.1,0.1,0.0,0.0,0.1,3.7,17.7,16.7,2.6,15.1,0.0,0.0,0.0,0.0,0.0,0.0,0.0,0.0,0.0,0.0,57.2,0.0,0.0,11.3,0.0,0.0,0.0,96.9,94.5,98.9,99.8,99.8,99.8,99.8,99.8,56.2,50.0,60.2,38.0,0.0,91.2,98.1,2394.1,24.00,36,35,35,68,103,383,2,2,Yes,No,No,No,No,No,No,No,No,No,Yes,No,No,No,No,No,No,No,No,No,No,No,No,No,No,No,No,Yes,No,No,No,No,No,No,No,Yes,No,No,83.0,3120,2700,2880,55.8,1.095,1.110,1.815,1.815,0.990,5.110,0.750,No,No,No,56.8,1.095,1.110,1.815,1.815,0.990,5.110,2.000,No,No,No,41,41,94.0,100.0,No,No,32162,47988,38,70,99.0,100.0,No,No,1844,3246,0.0,1.1,1.1,0.000,0.034,97399,55428,0.0,0.0,0.0,0.000,0.000,164001,82786,74.5,64.0,83.3,83.0,0.875,20.560,20.539,20.580,80.958,40.025,63.485,13.967,77.607,3.000,16.971,58.371,46.777,100.000,140.000,2250.0,2200.2,1890.0,2239.2,1905.0,85.0,18.0,0.0,0.0,49.2,21.1,84.3,0.0,0.0,0.0,Yes,No,No,No,No,Yes,No,0,0,0,0,0,0,0,0,0,0,0,0,0,0,0,0,0,0,0,0,0,0,0,0,0,0,0,0,0,0,4161,4027,3796,97,16.0,61,0.302,20.313,700.0,2394.0,0.3,0.1,0.0,0.0,0.1,0.0,0.0,0.0,0.0,2,16190,2,No,No,No,No,No,No,No,No,16.745,68.277,100.0,0.000,24.1,0,0,0,0.0,45.9,48.0,43.8,43.6,43.5,43.5,45.9,46.3,45.3,45.2,45.2,45.2,21.77,22.06,21.58,21.57,22.14,22.14,18.63,3.13,4.21,17.56,0.08,697,17,0.5,0.2,0,0,0.0,0.0,0,
9.6.2026,14:59:40.308,15770,32997,32.3,12147,20237,37.5,10.1,16384,1662,1.185,1.210,1.164,1.164,1.154,1.129,1.184,1.204,1.206,1.166,1.211,1.176,1.181,1.216,1.216,1.101,0.848,2643.5,1396.6,1396.6,1396.6,4688.5,4688.5,4688.5,1097.3,1097.3,1097.3,1097.3,3591.2,3591.2,3591.2,3591.2,99.8,4090.0,384.9,813.8,1.3,636.0,0.4,2121.1,0.4,3607.6,0.2,306.7,0.2,70.2,0.2,63.3,57.0,16.2,1.3,0.6,0.6,0.5,1.3,481.0,11.1,25.3,4.2,20.1,4.2,47.8,13.9,77.5,0.0,8.9,0.0,2.9,0.0,4.8,4.6,1.7,0.6,1.3,1.3,1.3,1.3,77.5,11.1,100.0,15.1,32.8,0.1,25.8,0.0,82.2,0.0,137.7,0.0,11.9,0.0,2.8,0.0,3.5,3.1,0.9,0.1,0.1,0.1,0.1,0.1,15.1,26.5,14.0,14.0,14.0,47.0,47.0,47.0,11.0,11.0,11.0,11.0,36.0,36.0,36.0,36.0,41.0,58,59,59,59,64,56,57,56,56,56,57,58,58,58,58,42,41,41,41,36,44,43,44,44,44,43,42,42,42,42,71,64,No,No,No,No,No,No,No,No,No,No,No,No,No,No,No,No,No,No,No,No,No,No,No,No,No,No,No,No,No,No,No,No,No,No,No,No,No,No,No,No,No,No,No,No,No,No,No,No,71,66,61,1.100,18.563,20.027,13.672,0.001,4.878,0.475,175.0,175.0,175.0,175.0,0,0.0,9.4,24.9,0.0,19.6,0.0,47.1,0.0,77.1,0.0,7.8,0.0,1.6,0.0,4.3,4.1,1.2,0.1,0.1,0.0,0.0,0.1,6.5,22.8,19.8,25.8,21.8,1.2,0.0,0.0,0.0,0.0,0.0,0.0,0.0,0.0,0.0,57.3,0.0,0.0,12.8,0.3,0.0,0.0,95.2,95.6,98.6,99.8,99.8,99.8,99.8,99.8,49.7,45.2,54.5,11.3,0.0,89.3,98.0,2394.1,24.00,36,35,35,68,103,383,2,2,Yes,No,No,No,No,No,No,No,No,No,Yes,No,No,No,No,No,No,No,No,No,No,No,No,No,No,No,No,Yes,No,No,No,No,No,No,No,Yes,No,No,82.0,3240,3000,2940,56.0,1.095,1.110,1.815,1.815,1.005,5.110,1.000,No,No,No,56.8,1.095,1.110,1.815,1.815,1.005,5.110,0.500,No,No,No,41,41,94.0,100.0,No,No,32162,47988,38,70,99.0,100.0,No,No,1844,3246,0.0,1.6,1.6,0.008,0.508,97399,55429,0.0,0.0,0.0,0.000,0.000,164001,82786,75.1,64.0,83.8,83.0,0.875,20.556,20.536,20.576,81.763,40.490,63.743,14.293,78.189,3.000,17.289,60.153,46.765,100.000,140.000,2250.0,2200.2,1890.0,2246.0,1905.0,85.0,18.0,0.0,0.0,49.2,21.3,85.3,0.0,0.0,0.0,Yes,No,No,No,No,Yes,No,0,0,0,0,0,0,0,0,0,0,0,0,0,0,0,0,0,0,0,0,0,0,0,0,0,0,0,0,0,0,4161,4027,3796,94,16.0,61,0.302,19.620,700.0,2394.0,0.3,0.1,0.0,0.0,0.1,0.0,0.0,0.0,0.0,2,16190,2,No,No,No,No,No,No,No,No,16.745,68.277,100.0,0.000,24.1,0,0,0,0.0,46.5,49.2,43.6,42.9,42.8,42.8,46.5,46.8,45.0,44.4,44.4,44.4,21.51,22.27,21.35,21.34,22.57,22.57,18.38,3.13,4.11,17.41,0.14,697,17,0.2,0.3,0,0,0.0,0.0,0,
9.6.2026,14:59:42.307,15795,32972,32.3,12135,20249,37.4,10.1,16384,1662,1.192,1.186,1.191,1.170,1.205,1.155,1.205,1.185,1.197,1.197,1.202,1.197,1.197,1.203,1.203,1.101,0.848,2828.8,4688.5,4688.5,4688.5,4888.0,4688.5,4688.5,1097.3,1097.3,1097.3,3591.2,1097.3,1097.3,1097.3,1097.3,99.8,4090.0,395.9,746.0,0.3,654.9,0.3,1992.8,0.5,3952.0,0.2,299.8,0.1,110.7,0.1,87.3,61.3,8.7,1.4,0.4,0.4,0.4,0.5,494.8,10.3,23.0,3.2,18.7,3.2,45.1,0.0,84.2,11.9,6.6,0.2,1.6,0.2,4.6,3.2,0.0,0.0,0.0,0.0,0.0,0.0,84.2,10.3,100.0,15.4,29.9,0.0,26.3,0.0,76.7,0.0,150.7,0.0,11.6,0.0,4.3,0.0,4.8,3.3,0.5,0.1,0.0,0.0,0.0,0.0,15.4,28.4,47.0,47.0,47.0,49.0,47.0,47.0,11.0,11.0,11.0,36.0,11.0,11.0,11.0,11.0,41.0,58,56,63,58,62,59,57,56,56,57,57,58,58,58,58,42,44,37,42,38,41,43,44,44,43,43,42,42,42,42,71,63,No,No,No,No,No,No,No,No,No,No,No,No,No,No,No,No,No,No,No,No,No,No,No,No,No,No,No,No,No,No,No,No,No,No,No,No,No,No,No,No,No,No,No,No,No,No,No,No,71,67,62,1.100,7.594,19.819,13.566,0.001,4.891,0.476,175.0,175.0,175.0,175.0,0,0.0,9.7,23.5,0.0,19.2,0.0,45.4,0.0,84.1,0.0,7.2,0.0,2.9,0.0,5.9,4.5,0.7,0.1,0.0,0.0,0.0,0.0,4.5,17.6,16.2,12.9,15.3,1.5,0.0,0.0,0.0,0.0,0.0,0.0,0.0,0.0,0.0,56.7,0.0,0.0,7.2,0.0,0.0,0.0,93.6,95.3,99.2,99.8,99.8,99.8,99.8,99.8,54.6,52.3,58.7,30.3,0.0,89.5,96.6,2394.1,24.00,36,35,35,68,103,383,2,2,Yes,No,No,No,No,No,No,No,No,No,Yes,No,No,No,No,No,No,No,No,No,No,No,No,No,No,No,No,Yes,No,No,No,No,No,No,No,Yes,No,No,83.0,3300,3300,3120,56.0,1.095,1.110,1.815,1.815,1.005,5.110,0.625,No,No,No,56.8,1.095,1.110,1.815,1.815,1.005,5.180,0.625,No,No,No,41,41,94.0,100.0,No,No,32162,47988,38,70,99.0,100.0,No,No,1844,3246,0.0,1.0,1.0,0.000,0.095,97399,55429,0.0,0.0,0.0,0.000,0.000,164001,82786,75.1,66.0,83.3,83.0,0.875,20.555,20.534,20.577,82.907,41.736,65.417,14.271,79.816,3.000,17.260,58.853,53.535,100.000,140.000,2250.0,2200.2,1890.0,2245.8,1905.0,86.0,19.0,0.0,0.0,49.6,21.1,84.5,0.0,0.0,0.0,Yes,No,No,No,No,Yes,No,0,0,0,0,0,0,0,0,0,0,0,0,0,0,0,0,0,0,0,0,0,0,0,0,0,0,0,0,0,0,4127,4061,3829,93,16.0,61,0.302,19.640,700.0,2394.0,0.3,0.1,0.0,0.0,0.1,0.0,0.0,0.0,0.0,2,16190,2,No,No,No,No,No,No,No,No,16.745,68.277,100.0,0.000,24.1,0,0,0,0.0,43.2,45.2,41.2,41.0,41.0,41.0,43.2,43.5,42.6,42.6,42.6,42.6,23.15,23.43,22.98,22.97,23.47,23.47,20.01,3.14,4.43,18.72,0.12,697,17,0.1,0.2,0,0,0.0,0.0,0,
9.6.2026,14:59:44.318,15801,32967,32.4,12130,20253,37.4,10.1,16384,1662,1.192,1.193,1.168,1.183,1.186,1.186,1.190,1.220,1.210,1.210,1.210,1.174,1.184,1.184,1.184,1.141,0.848,2579.4,4688.5,1396.6,4688.5,4688.5,4688.5,4688.5,3591.2,1097.3,1097.3,1097.3,1097.3,1097.3,1097.3,1097.3,99.8,4289.5,394.2,159.1,741.4,554.2,0.3,259.5,1542.4,4080.0,0.2,240.2,0.2,57.5,0.1,19.3,125.3,94.5,6.7,0.5,0.5,0.5,0.5,492.6,10.5,6.5,31.0,16.8,2.3,5.5,35.6,85.8,0.0,5.1,0.0,1.3,0.0,1.3,10.4,7.7,0.4,0.0,0.0,0.0,0.0,85.8,10.5,100.0,15.5,6.5,29.7,22.5,0.0,10.5,59.3,155.4,0.0,9.5,0.0,2.2,0.0,1.1,6.8,5.1,0.4,0.1,0.1,0.0,0.1,15.5,25.9,47.0,14.0,47.0,47.0,47.0,47.0,36.0,11.0,11.0,11.0,11.0,11.0,11.0,11.0,43.0,59,61,59,67,67,57,57,58,58,58,58,58,58,58,58,41,39,41,33,33,43,43,42,42,42,42,42,42,42,42,71,67,No,No,No,No,No,No,No,No,No,No,No,No,No,No,No,No,No,No,No,No,No,No,No,No,No,No,No,No,No,No,No,No,No,No,No,No,No,No,No,No,No,No,No,No,No,No,No,No,71,68,62,1.100,14.344,19.683,13.434,0.000,4.897,0.475,175.0,175.0,175.0,175.0,0,0.0,9.9,6.5,21.9,16.7,0.0,6.2,34.6,85.6,0.0,5.8,0.0,1.3,0.0,1.3,9.6,7.7,0.4,0.1,0.1,0.1,0.1,3.8,16.3,15.7,6.3,13.8,1.8,0.0,0.0,0.0,0.0,0.0,0.0,0.0,0.0,0.0,56.7,0.0,0.0,14.6,0.0,0.0,0.0,98.5,89.9,92.1,99.5,99.8,99.8,99.8,99.8,55.7,49.0,62.0,34.0,0.0,90.7,98.3,2394.1,24.00,36,35,35,68,103,383,2,2,Yes,No,No,No,No,No,No,No,No,No,Yes,No,No,No,No,No,No,No,No,No,No,No,No,No,No,No,No,Yes,No,No,No,No,No,No,No,Yes,No,No,84.0,3420,3360,3240,56.0,1.110,1.110,1.815,1.815,1.005,5.110,0.625,No,No,No,57.0,1.110,1.110,1.815,1.815,1.005,5.110,0.875,No,No,No,41,41,94.0,100.0,No,No,32162,47988,38,70,99.0,100.0,No,No,1844,3246,0.0,0.9,0.9,0.000,0.033,97399,55429,0.0,0.0,0.0,0.000,0.000,164001,82786,76.5,66.0,85.4,83.0,0.875,20.557,20.535,20.579,82.823,34.181,66.364,14.683,81.205,3.000,17.677,10.382,45.954,100.000,140.000,2250.0,2200.2,1890.0,2245.5,1905.0,85.0,19.0,0.0,0.0,49.6,21.5,85.9,0.0,0.0,0.0,Yes,No,No,No,No,Yes,No,0,0,0,0,0,0,0,0,0,0,0,0,0,0,0,0,0,0,0,0,0,0,0,0,0,0,0,0,0,0,4127,4061,3829,93,16.0,62,0.302,20.064,700.0,2394.0,0.3,0.1,0.0,0.0,0.1,0.0,0.0,0.0,0.0,2,16190,2,No,No,No,No,No,No,No,No,16.745,68.277,100.0,0.000,24.1,0,0,0,0.0,43.5,45.3,41.4,41.3,41.3,41.3,43.5,43.8,43.2,43.1,43.1,43.1,23.00,23.16,22.81,22.81,23.16,23.16,19.84,3.16,4.33,18.67,0.08,697,17,0.1,0.2,0,0,0.0,0.0,0,
9.6.2026,14:59:46.320,15783,32984,32.3,12122,20262,37.4,10.1,16384,1662,1.191,1.216,1.184,1.174,1.139,1.159,1.179,1.212,1.157,1.192,1.187,1.217,1.217,1.217,1.217,1.101,0.848,3291.9,4688.5,4688.5,4688.5,1396.6,4688.5,4688.5,1097.3,3591.2,1097.3,1097.3,3591.2,3591.2,3591.2,3591.2,99.8,4090.0,388.0,83.8,877.0,568.0,0.5,4.6,2244.5,3421.3,0.3,273.7,0.3,68.5,0.4,16.7,82.9,96.9,16.5,0.6,0.7,0.7,1.8,484.7,10.0,3.7,25.2,16.3,5.2,0.1,50.0,73.0,3.0,6.3,0.0,1.6,0.0,1.2,6.1,7.5,1.2,0.1,0.0,0.0,0.1,73.0,10.0,100.0,15.2,3.5,35.0,22.7,0.0,0.4,86.2,130.5,0.0,10.6,0.0,2.6,0.0,0.9,4.5,5.2,0.9,0.1,0.1,0.1,0.1,15.2,33.0,47.0,47.0,47.0,14.0,47.0,47.0,11.0,36.0,11.0,11.0,36.0,36.0,36.0,36.0,41.0,59,59,56,60,71,57,57,58,58,58,58,58,58,58,58,41,41,44,40,29,43,43,42,42,42,42,42,42,42,42,72,71,No,No,No,No,No,No,No,No,No,No,No,No,No,No,No,No,No,No,No,No,No,No,No,No,No,No,No,No,No,No,No,No,No,No,No,No,No,No,No,No,No,No,No,No,No,No,No,No,72,68,62,1.100,15.188,20.497,14.233,0.001,4.910,0.476,175.0,175.0,175.0,175.0,0,0.0,9.6,3.8,25.2,16.4,0.0,0.2,49.9,72.9,0.0,6.3,0.0,1.6,0.0,1.2,6.0,7.4,1.2,0.0,0.1,0.0,0.1,5.7,25.4,18.9,13.0,21.9,0.9,0.0,0.0,0.0,0.0,0.0,0.0,0.0,0.0,0.0,57.4,0.6,0.0,17.1,3.4,0.0,0.0,98.7,93.5,92.3,98.6,99.8,99.8,99.8,99.8,51.0,39.9,59.4,16.7,0.9,91.3,97.9,2394.1,24.00,36,35,35,68,103,383,2,2,Yes,No,No,No,No,No,No,No,No,No,Yes,No,No,No,No,No,No,No,No,No,No,No,No,No,No,No,No,Yes,No,No,No,No,No,No,No,Yes,No,No,82.0,3540,3600,3360,56.0,1.110,1.110,1.815,1.815,1.005,5.110,0.625,No,No,No,57.0,1.110,1.110,1.815,1.815,1.005,5.110,0.750,No,No,No,41,41,94.0,100.0,No,No,32162,47988,38,70,99.0,100.0,No,No,1844,3246,0.1,0.8,0.9,0.002,0.053,97399,55429,0.0,0.0,0.0,0.000,0.000,164001,82786,76.1,66.0,84.7,83.0,0.875,20.556,20.534,20.578,83.094,41.610,65.751,14.661,80.565,3.000,17.659,60.292,49.343,100.000,140.000,2250.0,2200.2,1890.0,2245.8,1905.0,85.0,20.0,0.0,0.0,49.6,21.2,84.8,0.0,0.0,0.0,Yes,No,No,No,No,Yes,No,0,0,0,0,0,0,0,0,0,0,0,0,0,0,0,0,0,0,0,0,0,0,0,0,0,0,0,0,0,0,4127,4061,3829,93,16.0,62,0.302,20.337,700.0,2394.0,0.3,0.1,0.0,0.0,0.1,0.0,0.0,0.0,0.0,2,16190,2,No,No,No,No,No,No,No,No,16.745,68.277,100.0,0.000,24.1,0,0,0,0.0,43.9,45.8,41.6,41.5,41.4,41.4,43.9,44.2,43.2,43.1,43.1,43.1,22.80,23.12,22.60,22.60,23.18,23.18,19.65,3.15,4.35,18.45,0.11,697,17,0.5,0.3,0,0,0.0,0.0,0,
9.6.2026,14:59:48.319,15815,32953,32.4,12125,20259,37.4,10.1,16384,1662,1.184,1.170,1.194,1.189,1.174,1.194,1.174,1.211,1.161,1.180,1.205,1.210,1.165,1.180,1.165,1.101,0.846,2330.0,1396.6,1396.6,4688.5,4688.5,4688.5,4489.0,1097.3,1097.3,1097.3,3591.2,1097.3,1097.3,1097.3,1097.3,99.8,4090.0,398.5,85.3,915.6,566.4,0.4,5.1,1818.1,4053.2,0.1,341.3,0.1,54.1,0.1,2.3,69.4,53.3,2.8,0.5,0.5,0.5,0.5,498.0,9.9,3.7,26.4,15.9,4.7,0.0,42.4,85.8,0.0,8.9,0.0,0.9,0.0,0.0,5.3,3.9,0.0,0.0,0.0,0.0,0.0,85.8,9.9,100.0,15.5,3.5,36.5,22.8,0.0,0.4,70.2,154.4,0.0,13.3,0.0,2.1,0.0,0.1,3.8,2.9,0.2,0.0,0.0,0.0,0.1,15.5,23.4,14.0,14.0,47.0,47.0,47.0,45.0,11.0,11.0,11.0,36.0,11.0,11.0,11.0,11.0,41.0,59,61,62,58,67,56,58,58,58,58,58,58,58,58,58,41,39,38,42,33,44,42,42,42,42,42,42,42,42,42,71,67,No,No,No,No,No,No,No,No,No,No,No,No,No,No,No,No,No,No,No,No,No,No,No,No,No,No,No,No,No,No,No,No,No,No,No,No,No,No,No,No,No,No,No,No,No,No,No,No,72,69,62,1.100,19.407,20.189,13.919,0.001,4.916,0.478,175.0,175.0,175.0,175.0,0,0.0,9.7,3.4,26.2,16.3,0.0,0.2,42.2,85.6,0.0,8.7,0.0,1.3,0.0,0.2,5.1,4.3,0.2,0.0,0.0,0.0,0.1,5.1,22.7,21.4,11.8,13.9,1.2,0.0,0.0,0.0,0.0,0.0,0.0,0.0,0.0,0.0,57.1,0.0,0.0,10.1,0.0,0.0,0.0,99.7,94.5,95.5,99.7,99.8,99.8,99.8,99.8,52.8,42.1,57.1,31.2,0.0,88.0,98.3,2394.1,24.00,36,35,35,68,103,383,2,2,Yes,No,No,No,No,No,No,No,No,No,Yes,No,No,No,No,No,No,No,No,No,No,No,No,No,No,No,No,Yes,No,No,No,No,No,No,No,Yes,No,No,82.0,3540,3720,3420,56.0,1.110,1.110,1.815,1.815,1.005,5.110,0.625,No,No,No,57.0,1.110,1.110,1.800,1.815,1.005,5.110,0.750,No,No,No,41,41,94.0,100.0,No,No,32162,47988,38,70,99.0,100.0,No,No,1844,3246,0.0,1.2,1.2,0.000,0.045,97399,55429,0.0,0.0,0.0,0.000,0.000,164001,82786,75.9,68.0,84.5,83.0,0.875,20.564,20.544,20.584,82.412,40.145,64.128,15.100,79.392,3.000,18.103,56.021,45.270,100.000,140.000,2250.0,2200.2,1890.0,2245.3,1905.0,86.0,21.0,0.0,0.0,49.6,21.5,86.1,0.0,0.0,0.0,Yes,No,No,No,No,Yes,No,0,0,0,0,0,0,0,0,0,0,0,0,0,0,0,0,0,0,0,0,0,0,0,0,0,0,0,0,0,0,4128,4060,3829,98,16.0,62,0.302,20.070,700.0,2394.0,0.3,0.1,0.0,0.0,0.1,0.0,0.0,0.0,0.0,2,16190,2,No,No,No,No,No,No,No,No,16.745,68.277,100.0,0.000,24.1,0,0,0,0.0,42.5,45.5,40.3,40.1,40.1,40.1,42.4,44.3,40.6,40.5,40.5,40.5,23.54,24.64,22.38,22.38,24.75,24.75,20.41,3.17,4.79,18.76,0.38,697,17,0.6,0.2,0,0,0.0,0.0,0,
9.6.2026,14:59:50.319,15815,32953,32.4,12128,20255,37.4,10.1,16384,1662,1.184,1.208,1.178,1.159,1.144,1.149,1.169,1.189,1.189,1.181,1.156,1.191,1.226,1.211,1.221,1.063,0.848,3291.9,4688.5,4489.0,4489.0,4489.0,4489.0,4688.5,1097.3,1097.3,1097.3,1097.3,3591.2,3591.2,3591.2,3591.2,99.8,3890.5,393.3,83.4,848.5,550.3,0.3,4.8,1502.5,4264.5,0.2,275.3,0.2,101.5,0.2,1.4,120.5,79.3,28.9,2.3,0.5,0.5,0.8,491.4,10.4,3.6,24.9,17.4,0.0,0.2,35.7,90.2,2.3,7.9,0.1,3.8,0.1,0.9,8.4,6.4,2.9,1.0,0.9,0.9,0.9,90.2,10.4,100.0,15.4,3.4,34.0,22.2,0.0,0.4,58.2,162.4,0.0,10.7,0.0,3.8,0.0,0.1,6.5,4.3,1.6,0.1,0.1,0.1,0.1,15.4,33.0,47.0,45.0,45.0,45.0,45.0,47.0,11.0,11.0,11.0,11.0,36.0,36.0,36.0,36.0,39.0,60,59,63,60,64,58,60,58,58,58,58,60,60,60,60,40,41,37,40,36,42,40,42,42,42,42,40,40,40,40,72,64,No,No,No,No,No,No,No,No,No,No,No,No,No,No,No,No,No,No,No,No,No,No,No,No,No,No,No,No,No,No,No,No,No,No,No,No,No,No,No,No,No,No,No,No,No,No,No,No,72,68,62,1.100,10.125,19.254,12.962,0.001,4.929,0.480,175.0,175.0,175.0,175.0,0,0.0,9.9,3.6,24.9,16.8,0.0,0.2,35.7,90.0,0.0,7.1,0.0,2.3,0.0,0.1,8.3,5.6,2.1,0.2,0.0,0.0,0.1,4.5,22.0,19.6,10.6,9.5,1.5,0.0,0.0,0.0,0.0,0.0,0.0,0.0,0.0,0.0,56.4,0.0,0.0,7.4,0.0,0.0,0.0,99.8,91.1,94.1,97.8,99.6,99.8,99.8,99.8,54.8,43.1,58.3,40.8,0.0,89.5,97.2,2394.1,24.00,36,35,35,68,103,383,2,2,Yes,No,No,No,No,No,No,No,No,No,Yes,No,No,No,No,No,No,No,No,No,No,No,No,No,No,No,No,Yes,No,No,No,No,No,No,No,Yes,No,No,84.0,3660,3840,3540,56.0,1.110,1.110,1.815,1.815,1.005,5.110,2.125,No,No,No,57.0,1.110,1.110,1.815,1.815,1.005,5.110,0.750,No,No,No,41,41,94.0,100.0,No,No,32162,47988,38,70,99.0,100.0,No,No,1844,3246,0.0,0.9,0.9,0.000,0.073,97399,55429,0.0,0.0,0.0,0.000,0.000,164001,82786,76.3,68.0,84.9,83.0,0.875,20.564,20.543,20.584,81.641,40.894,64.197,15.017,79.373,3.000,18.021,58.149,48.502,100.000,140.000,2250.0,2200.2,1890.0,2245.4,1905.0,87.0,22.0,0.0,0.0,49.6,21.4,85.5,0.0,0.0,0.0,Yes,No,No,No,No,Yes,No,0,0,0,0,0,0,0,0,0,0,0,0,0,0,0,0,0,0,0,0,0,0,0,0,0,0,0,0,0,0,4127,4061,3829,98,16.0,62,0.302,18.968,700.0,2394.0,0.3,0.1,0.0,0.0,0.1,0.0,0.0,0.0,0.0,2,16190,2,No,No,No,No,No,No,No,No,16.745,68.277,100.0,0.000,24.1,0,0,0,0.0,42.0,44.4,40.5,40.4,40.4,40.4,42.0,42.5,41.4,41.4,41.4,41.4,23.81,24.11,23.56,23.55,24.13,24.13,20.66,3.17,4.65,19.17,0.10,697,17,0.2,0.2,0,0,0.0,0.0,0,
9.6.2026,14:59:52.322,15783,32984,32.3,12121,20262,37.4,10.1,16384,1662,1.192,1.203,1.172,1.202,1.162,1.164,1.209,1.174,1.189,1.194,1.199,1.199,1.199,1.208,1.208,1.101,0.846,2757.5,4688.5,4688.5,1396.6,4688.5,4688.5,4688.5,3591.2,3591.2,1097.3,1097.3,1097.3,1097.3,1097.3,1097.3,99.8,4090.0,379.4,82.5,852.3,521.0,0.3,4.9,1914.3,3820.3,0.1,229.9,0.1,71.5,0.1,0.8,39.2,33.7,14.9,0.4,0.4,0.4,0.5,474.1,9.1,3.5,25.4,16.7,1.1,0.0,43.3,80.8,0.3,3.7,0.3,0.5,0.3,0.0,2.6,3.7,0.5,0.0,0.0,0.0,0.0,80.8,9.1,100.0,14.8,3.4,34.2,21.2,0.0,0.4,73.7,145.5,0.0,9.0,0.0,2.8,0.0,0.1,2.2,1.8,0.8,0.0,0.0,0.0,0.1,14.8,27.6,47.0,47.0,14.0,47.0,47.0,47.0,36.0,36.0,11.0,11.0,11.0,11.0,11.0,11.0,41.0,60,61,63,62,70,58,58,58,58,58,58,60,60,60,60,40,39,37,38,30,42,42,42,42,42,42,40,40,40,40,72,70,No,No,No,No,No,No,No,No,No,No,No,No,No,No,No,No,No,No,No,No,No,No,No,No,No,No,No,No,No,No,No,No,No,No,No,No,No,No,No,No,No,No,No,No,No,No,No,No,71,64,62,1.100,7.594,19.503,13.284,0.001,4.930,0.477,175.0,175.0,175.0,175.0,0,0.0,9.1,3.2,25.2,16.5,0.0,0.2,43.1,80.6,0.0,5.7,0.0,1.7,0.0,0.0,2.3,2.6,1.0,0.0,0.0,0.0,0.0,4.7,21.8,19.3,5.3,18.7,0.8,0.0,0.0,0.0,0.0,0.0,0.0,0.0,0.0,0.0,57.7,0.0,0.0,14.5,0.0,0.0,0.0,99.8,97.4,97.2,98.9,99.8,99.8,99.8,99.8,54.2,43.5,59.1,32.6,0.0,92.0,98.0,2394.1,24.00,36,35,35,68,103,383,2,2,Yes,No,No,No,No,No,No,No,No,No,Yes,No,No,No,No,No,No,No,No,No,No,No,No,No,No,No,No,Yes,No,No,No,No,No,No,No,Yes,No,No,82.0,3720,3900,3540,56.0,1.110,1.110,1.815,1.815,1.005,5.110,1.125,No,No,No,57.0,1.110,1.110,1.815,1.815,1.005,5.110,0.750,No,No,No,41,41,94.0,100.0,No,No,32162,47988,38,70,99.0,100.0,No,No,1844,3246,0.0,1.0,1.0,0.008,0.157,97399,55429,0.0,0.0,0.0,0.000,0.000,164001,82786,76.1,68.0,84.4,83.0,0.875,20.572,20.552,20.591,80.798,40.463,63.650,14.757,78.554,3.000,17.753,57.885,47.640,100.000,140.000,2250.0,2200.2,1890.0,2245.8,1905.0,86.0,21.0,0.0,0.0,49.6,21.4,85.5,0.0,0.0,0.0,Yes,No,No,No,No,Yes,No,0,0,0,0,0,0,0,0,0,0,0,0,0,0,0,0,0,0,0,0,0,0,0,0,0,0,0,0,0,0,4127,4061,3829,98,16.0,62,0.302,19.879,700.0,2394.0,0.3,0.1,0.0,0.0,0.1,0.0,0.0,0.0,0.0,2,16190,2,No,No,No,No,No,No,No,No,16.745,68.277,100.0,0.000,24.1,0,0,0,0.0,41.5,43.0,40.0,40.0,40.0,40.0,41.5,41.7,41.1,41.1,41.1,41.1,24.10,24.33,23.96,23.96,24.34,24.34,20.93,3.17,4.56,19.53,0.11,697,17,0.2,0.2,0,0,0.0,0.0,0,
9.6.2026,14:59:54.337,15784,32984,32.3,12121,20262,37.4,10.1,16384,1662,1.169,1.146,1.146,1.171,1.161,1.166,1.166,1.177,1.177,1.187,1.187,1.187,1.162,1.170,1.170,1.063,0.846,2123.4,1396.6,4489.0,4489.0,1396.6,4688.5,4489.0,1097.3,1097.3,1097.3,1097.3,1097.3,1097.3,1097.3,1097.3,99.8,3890.5,377.0,81.2,890.6,518.0,0.4,5.3,2097.7,3584.6,0.2,257.5,0.1,66.6,0.1,0.5,19.7,14.3,0.5,0.5,0.5,0.5,0.5,471.1,9.0,3.6,24.3,14.6,3.0,2.3,47.2,76.3,0.0,8.5,0.0,0.7,0.0,0.0,0.0,0.0,0.0,0.0,0.0,0.0,0.0,76.3,9.0,100.0,14.6,3.4,35.1,20.5,0.0,0.4,80.5,136.6,0.0,9.9,0.0,2.5,0.0,0.1,1.1,0.8,0.0,0.0,0.0,0.0,0.1,14.6,21.3,14.0,45.0,45.0,14.0,47.0,45.0,11.0,11.0,11.0,11.0,11.0,11.0,11.0,11.0,39.0,60,65,64,62,66,60,58,58,58,58,58,60,60,60,60,40,35,36,38,34,40,42,42,42,42,42,40,40,40,40,72,66,No,No,No,No,No,No,No,No,No,No,No,No,No,No,No,No,No,No,No,No,No,No,No,No,No,No,No,No,No,No,No,No,No,No,No,No,No,No,No,No,No,No,No,No,No,No,No,No,72,70,63,1.100,22.782,19.009,12.645,0.001,4.930,0.476,175.0,175.0,175.0,175.0,0,0.0,8.9,3.7,24.4,14.7,0.0,0.2,47.2,76.2,0.0,6.5,0.0,1.5,0.0,0.1,1.5,1.2,0.0,0.1,0.0,0.0,0.1,4.9,15.7,13.1,17.6,22.0,0.0,0.0,0.0,0.0,0.0,0.0,0.0,0.0,0.0,0.0,58.0,0.0,0.0,15.0,1.0,0.0,0.0,99.8,98.2,98.6,99.8,99.8,99.8,99.8,99.8,54.4,51.1,67.9,17.0,0.0,92.2,98.1,2394.1,24.00,36,35,35,68,103,383,2,2,Yes,No,No,No,No,No,No,No,No,No,Yes,No,No,No,No,No,No,No,No,No,No,No,No,No,No,No,No,Yes,No,No,No,No,No,No,No,Yes,No,No,83.0,3720,3900,3540,56.2,1.110,1.110,1.815,1.815,1.005,5.110,0.875,No,No,No,57.0,1.110,1.110,1.815,1.815,1.005,5.110,0.750,No,No,No,41,41,94.0,100.0,No,No,32162,47988,38,70,99.0,100.0,No,No,1844,3246,0.0,0.9,0.9,0.000,0.030,97399,55430,0.0,0.0,0.0,0.000,0.000,164001,82786,76.2,68.0,84.8,83.0,0.875,20.563,20.542,20.584,81.106,40.816,64.006,14.790,78.962,3.000,17.795,59.359,47.802,100.000,140.000,2250.0,2200.2,1890.0,2245.8,1905.0,86.0,21.0,0.0,0.0,49.6,21.6,86.4,0.0,0.0,0.0,Yes,No,No,No,No,Yes,No,0,0,0,0,0,0,0,0,0,0,0,0,0,0,0,0,0,0,0,0,0,0,0,0,0,0,0,0,0,0,4128,4060,3829,97,16.0,62,0.302,19.034,700.0,2394.0,0.3,0.1,0.0,0.0,0.1,0.0,0.0,0.0,0.0,2,16190,2,No,No,No,No,No,No,No,No,16.745,68.277,100.0,0.000,24.1,0,0,0,0.0,41.5,43.4,39.8,39.8,39.8,39.8,41.5,41.8,41.2,41.1,41.1,41.1,24.09,24.29,23.85,23.85,24.29,24.29,20.91,3.17,4.51,19.58,0.13,697,17,0.2,0.3,0,0,0.0,0.0,0,
9.6.2026,14:59:56.334,15783,32985,32.3,12121,20263,37.4,10.1,16384,1662,1.195,1.190,1.211,1.205,1.208,1.223,1.193,1.208,1.188,1.180,1.175,1.175,1.180,1.200,1.195,1.141,0.848,3377.5,4688.5,4688.5,4888.0,4888.0,4688.5,4688.5,3591.2,1097.3,1097.3,3591.2,3591.2,1097.3,3591.2,1097.3,99.8,4289.5,367.6,81.1,959.6,365.3,0.3,5.5,1638.3,4047.4,0.2,207.7,0.2,17.0,0.2,0.6,22.0,2.9,0.6,0.6,0.6,0.6,1.5,459.3,8.5,3.7,25.4,9.1,0.0,0.0,37.7,84.8,0.7,3.1,0.7,1.1,0.0,0.0,2.4,1.7,0.0,0.0,0.0,0.0,0.0,84.8,8.5,100.0,14.2,3.4,37.7,14.6,0.0,0.5,63.3,154.0,0.0,8.0,0.0,0.7,0.0,0.1,0.8,0.2,0.1,0.1,0.1,0.1,0.1,14.2,33.9,47.0,47.0,49.0,49.0,47.0,47.0,36.0,11.0,11.0,36.0,36.0,11.0,36.0,11.0,43.0,59,58,62,62,67,58,58,58,58,58,58,58,58,58,58,41,42,38,38,33,42,42,42,42,42,42,42,42,42,42,72,67,No,No,No,No,No,No,No,No,No,No,No,No,No,No,No,No,No,No,No,No,No,No,No,No,No,No,No,No,No,No,No,No,No,No,No,No,No,No,No,No,No,No,No,No,No,No,No,No,72,68,62,1.100,10.969,19.226,12.949,0.001,4.932,0.473,175.0,175.0,175.0,175.0,0,0.0,8.5,3.8,25.5,10.6,0.0,0.2,37.8,84.8,0.0,4.6,0.0,0.4,0.0,0.0,1.5,0.2,0.0,0.0,0.0,0.0,0.1,3.6,16.3,11.3,7.9,14.7,0.0,0.0,0.0,0.0,0.0,0.0,0.0,0.0,0.0,0.0,57.4,0.0,0.0,7.4,0.0,0.0,0.0,99.8,98.2,99.6,99.8,99.8,99.8,99.8,99.8,59.9,49.2,74.2,41.7,0.0,94.7,99.3,2394.1,24.00,36,35,35,68,103,383,2,2,Yes,No,No,No,No,No,No,No,No,No,Yes,No,No,No,No,No,No,No,No,No,No,No,No,No,No,No,No,Yes,No,No,No,No,No,No,No,Yes,No,No,83.0,3720,3840,3540,56.2,1.095,1.110,1.815,1.815,1.005,5.110,0.750,No,No,No,57.0,1.110,1.110,1.815,1.815,1.005,5.110,0.875,No,No,No,41,41,94.0,100.0,No,No,32162,47988,38,70,99.0,100.0,No,No,1844,3246,0.0,0.5,0.5,0.000,0.075,97399,55430,0.0,0.0,0.0,0.000,0.000,164001,82786,77.5,68.0,86.5,83.0,0.875,20.575,20.556,20.595,81.733,39.562,62.333,15.026,77.519,3.000,18.021,52.581,48.451,100.000,140.000,2250.0,2200.2,1890.0,2245.7,1905.0,85.0,22.0,0.0,0.0,49.6,21.4,85.6,0.0,0.0,0.0,Yes,No,No,No,No,Yes,No,0,0,0,0,0,0,0,0,0,0,0,0,0,0,0,0,0,0,0,0,0,0,0,0,0,0,0,0,0,0,4128,4060,3829,97,16.0,63,0.302,19.204,700.0,2394.0,0.3,0.1,0.0,0.0,0.1,0.0,0.0,0.0,0.0,2,16190,2,No,No,No,No,No,No,No,No,16.745,68.277,100.0,0.000,24.1,0,0,0,0.0,41.3,43.2,39.5,39.3,39.3,39.3,41.3,41.7,40.7,40.6,40.6,40.6,24.21,24.59,24.01,24.01,24.62,24.62,21.03,3.17,4.52,19.69,0.14,697,17,0.4,0.2,0,0,0.0,0.0,0,
9.6.2026,14:59:58.337,15785,32983,32.3,12124,20260,37.4,10.1,16384,1662,1.172,1.186,1.189,1.219,1.189,1.179,1.179,1.209,1.203,1.213,1.203,1.203,1.203,1.203,0.833,1.101,0.846,2843.0,4688.5,4688.5,4888.0,4888.0,4688.5,4688.5,1097.3,1097.3,3591.2,1097.3,1097.3,1097.3,1097.3,1097.3,99.8,4090.0,373.8,80.9,974.0,391.1,0.3,5.5,1919.1,3805.7,0.1,234.3,0.1,43.7,0.1,0.5,17.9,1.2,0.5,0.4,0.4,0.4,0.5,467.2,8.7,3.4,26.7,12.2,0.0,2.8,42.7,80.6,0.0,5.4,0.0,0.6,0.4,0.0,0.0,0.0,0.0,0.0,0.0,0.0,0.0,80.6,8.7,100.0,14.5,3.3,38.7,15.9,0.0,0.5,73.9,145.0,0.0,9.0,0.0,1.7,0.0,0.1,1.4,0.1,0.1,0.0,0.0,0.0,0.1,14.5,28.5,47.0,47.0,49.0,49.0,47.0,47.0,11.0,11.0,36.0,11.0,11.0,11.0,11.0,11.0,41.0,60,61,63,60,68,58,59,58,58,58,58,60,60,60,60,40,39,37,40,32,42,41,42,42,42,42,40,40,40,40,72,68,No,No,No,No,No,No,No,No,No,No,No,No,No,No,No,No,No,No,No,No,No,No,No,No,No,No,No,No,No,No,No,No,No,No,No,No,No,No,No,No,No,No,No,No,No,No,No,No,74,70,63,1.100,7.594,18.780,12.482,0.002,4.943,0.474,175.0,175.0,175.0,175.0,0,0.0,8.7,3.8,26.9,11.9,0.0,0.2,42.9,80.5,0.0,5.8,0.0,1.0,0.0,0.0,1.1,0.1,0.0,0.0,0.0,0.0,0.0,4.0,15.1,14.4,6.6,18.9,0.5,0.0,0.0,0.0,0.0,0.0,0.0,0.0,0.0,0.0,57.5,0.0,0.0,7.2,0.0,0.0,0.0,99.8,98.6,99.8,99.9,99.8,99.8,99.8,99.8,57.8,47.9,69.4,38.2,0.0,92.6,98.7,2394.1,24.00,36,35,35,68,103,383,2,2,Yes,No,No,No,No,No,No,No,No,No,Yes,No,No,No,No,No,No,No,No,No,No,No,No,No,No,No,No,Yes,No,No,No,No,No,No,No,Yes,No,No,84.0,3720,3900,3540,56.2,1.095,1.110,1.815,1.815,1.005,5.110,0.625,No,No,No,57.0,1.095,1.110,1.815,1.815,1.005,5.110,1.500,No,No,No,41,41,94.0,100.0,No,No,32162,47988,38,70,99.0,100.0,No,No,1844,3246,0.1,1.2,1.3,0.008,0.057,97399,55430,0.0,0.0,0.0,0.000,0.000,164001,82786,76.9,70.0,85.3,83.0,0.875,20.571,20.550,20.592,82.267,40.976,64.676,15.248,80.082,3.000,18.246,58.455,47.126,100.000,140.000,2250.0,2200.2,1890.0,2245.4,1905.0,86.0,23.0,0.0,0.0,49.6,21.5,86.1,0.0,0.0,0.0,Yes,No,No,No,No,Yes,No,0,0,0,0,0,0,0,0,0,0,0,0,0,0,0,0,0,0,0,0,0,0,0,0,0,0,0,0,0,0,4128,4060,3829,96,16.0,63,0.302,18.793,700.0,2394.0,0.3,0.1,0.0,0.0,0.1,0.0,0.0,0.0,0.0,2,16190,2,No,No,No,No,No,No,No,No,16.745,68.277,100.0,0.000,24.1,0,0,0,0.0,41.7,43.1,39.9,39.7,39.6,39.6,41.7,42.1,41.4,41.4,41.4,41.4,23.99,24.23,23.73,23.71,24.23,24.23,20.81,3.17,4.52,19.46,0.12,697,17,0.1,0.2,0,0,0.0,0.0,0,
9.6.2026,15:0:0.339,15784,32983,32.3,12121,20262,37.4,10.1,16384,1662,1.198,1.181,1.185,1.170,1.180,1.200,1.197,1.182,1.207,1.207,1.207,1.212,1.212,1.212,1.216,1.101,0.846,3349.0,4688.5,4688.5,2194.6,4688.5,4688.5,4688.5,3591.2,1097.3,1097.3,1097.3,3591.2,3591.2,3591.2,3591.2,99.8,4090.0,379.8,86.6,1009.8,450.4,0.3,5.4,2053.6,3731.3,0.1,170.4,0.2,40.6,0.1,0.5,30.4,12.1,0.6,0.5,0.5,0.5,1.3,474.5,10.3,3.5,26.9,13.1,5.2,0.0,45.9,79.0,11.7,5.5,0.0,2.5,0.0,0.8,5.2,1.7,0.8,0.8,0.8,0.8,0.9,79.0,10.3,100.0,14.7,3.6,39.8,17.9,0.0,0.4,78.9,142.1,0.0,6.6,0.0,1.6,0.0,0.1,1.7,0.7,0.1,0.1,0.1,0.1,0.1,14.7,33.6,47.0,47.0,22.0,47.0,47.0,47.0,36.0,11.0,11.0,11.0,36.0,36.0,36.0,36.0,41.0,60,63,63,60,67,58,59,58,58,58,58,60,60,60,60,40,37,37,40,33,42,41,42,42,42,42,40,40,40,40,74,67,No,No,No,No,No,No,No,No,No,No,No,No,No,No,No,No,No,No,No,No,No,No,No,No,No,No,No,No,No,No,No,No,No,No,No,No,No,No,No,No,No,No,No,No,No,No,No,No,72,69,64,1.100,14.344,19.681,13.374,0.001,4.949,0.474,175.0,175.0,175.0,175.0,0,0.0,8.8,3.5,26.9,12.4,0.0,0.2,45.8,78.9,0.0,4.0,0.0,1.0,0.0,0.0,2.2,0.9,0.0,0.0,0.0,0.0,0.1,4.4,15.1,13.4,11.6,20.5,0.4,0.0,0.0,0.0,0.0,0.0,0.0,0.0,0.0,0.0,57.6,1.6,0.0,9.9,0.0,0.0,0.0,99.8,97.5,98.9,99.8,99.8,99.8,99.8,99.8,56.7,47.6,70.4,28.6,0.0,94.6,98.8,2394.1,24.00,36,35,35,68,103,383,2,2,Yes,No,No,No,No,No,No,No,No,No,Yes,No,No,No,No,No,No,No,No,No,No,No,No,No,No,No,No,Yes,No,No,No,No,No,No,No,Yes,No,No,83.0,3720,3900,3600,56.2,1.095,1.110,1.800,1.815,1.005,5.110,0.750,No,No,No,57.0,1.095,1.110,1.800,1.815,1.005,5.110,1.375,No,No,No,41,41,94.0,100.0,No,No,32162,47988,38,70,99.0,100.0,No,No,1844,3246,0.0,0.6,0.6,0.000,0.055,97399,55430,0.0,0.0,0.0,0.000,0.000,164001,82786,77.7,70.0,86.7,83.0,0.875,20.568,20.549,20.588,82.490,36.191,63.350,15.453,78.974,3.000,18.456,22.593,51.510,100.000,140.000,2250.0,2200.2,1890.0,2245.0,1905.0,85.0,22.0,0.0,0.0,49.6,21.4,85.7,0.0,0.0,0.0,Yes,No,No,No,No,Yes,No,0,0,0,0,0,0,0,0,0,0,0,0,0,0,0,0,0,0,0,0,0,0,0,0,0,0,0,0,0,0,4127,4061,3829,96,16.0,63,0.302,19.283,700.0,2394.0,0.3,0.1,0.0,0.0,0.1,0.0,0.0,0.0,0.0,2,16190,2,No,No,No,No,No,No,No,No,16.745,68.277,100.0,0.000,24.1,0,0,0,0.0,41.9,44.8,40.3,40.3,40.3,40.3,41.9,42.3,41.5,41.5,41.5,41.5,23.87,24.08,23.61,23.58,24.08,24.08,20.70,3.18,4.52,19.35,0.10,697,17,0.1,0.2,0,0,0.0,0.0,0,
9.6.2026,15:0:2.347,15784,32984,32.3,12122,20262,37.4,10.1,16384,1662,1.176,1.144,1.160,1.145,1.135,1.167,1.212,1.202,1.187,1.187,1.187,1.178,1.198,1.178,1.178,1.063,0.846,2315.8,1396.6,4489.0,4489.0,1396.6,4688.5,4688.5,1097.3,1097.3,1097.3,1097.3,1097.3,3591.2,1097.3,1097.3,99.8,3890.5,385.2,82.1,922.1,504.0,0.4,4.9,1661.8,4098.7,0.2,255.4,0.2,51.9,0.3,4.2,39.5,40.8,33.5,0.9,1.5,0.7,0.7,481.3,11.4,3.9,26.7,15.2,21.5,1.6,38.6,86.2,17.4,6.1,0.0,0.4,0.0,0.3,3.6,2.9,2.6,0.0,0.1,0.0,0.0,86.2,11.4,100.0,15.0,3.4,36.8,20.4,0.0,0.4,64.2,156.1,0.0,9.8,0.0,2.0,0.0,0.3,2.2,2.2,1.8,0.1,0.1,0.1,0.1,15.0,23.2,14.0,45.0,45.0,14.0,47.0,47.0,11.0,11.0,11.0,11.0,11.0,36.0,11.0,11.0,39.0,61,65,65,65,64,61,59,58,58,58,58,59,60,60,60,39,35,35,35,36,39,41,42,42,42,42,41,40,40,40,74,65,No,No,No,No,No,No,No,No,No,No,No,No,No,No,No,No,No,No,No,No,No,No,No,No,No,No,No,No,No,No,No,No,No,No,No,No,No,No,No,No,No,No,No,No,No,No,No,No,74,71,64,1.100,19.407,19.446,13.092,0.002,4.989,0.476,175.0,175.0,175.0,175.0,0,0.0,9.4,4.0,26.7,15.2,0.0,0.2,38.5,86.1,0.0,6.1,0.0,1.2,0.0,0.4,2.8,2.9,2.6,0.1,0.1,0.1,0.1,4.1,20.9,15.9,6.8,13.3,0.0,0.0,0.0,0.0,0.0,0.0,0.0,0.0,0.0,0.0,57.1,0.0,0.0,10.2,0.0,0.0,0.0,99.5,96.8,96.9,97.2,99.8,99.7,99.8,99.8,56.1,42.5,63.9,39.2,0.0,92.2,98.4,2394.1,24.00,36,35,35,68,103,383,2,2,Yes,No,No,No,No,No,No,No,No,No,Yes,No,No,No,No,No,No,No,No,No,No,No,No,No,No,No,No,Yes,No,No,No,No,No,No,No,Yes,No,No,83.0,3840,3900,3660,56.2,1.095,1.110,1.800,1.800,1.005,5.110,0.750,No,No,No,57.0,1.095,1.110,1.800,1.815,1.005,5.110,0.750,No,No,No,41,41,94.0,100.0,No,No,32162,47988,38,70,99.0,100.0,No,No,1844,3246,0.0,1.7,1.7,0.000,0.095,97399,55430,0.0,0.0,0.0,0.000,0.000,164001,82786,77.4,70.0,86.2,83.0,0.875,20.552,20.530,20.574,82.183,39.375,65.272,15.439,80.878,3.000,18.445,47.485,45.106,100.000,140.000,2250.0,2200.2,1890.0,2245.1,1905.0,86.0,22.0,0.0,0.0,49.6,21.8,87.0,0.0,0.0,0.0,Yes,No,No,No,No,Yes,No,0,0,0,0,0,0,0,0,0,0,0,0,0,0,0,0,0,0,0,0,0,0,0,0,0,0,0,0,0,0,4127,4061,3830,95,16.0,63,0.302,19.936,700.0,2394.0,0.3,0.1,0.0,0.0,0.1,0.0,0.0,0.0,0.0,2,16190,2,No,No,No,No,No,No,No,No,16.745,68.277,100.0,0.000,24.1,0,0,0,0.0,41.7,44.0,38.5,38.1,38.1,38.1,41.8,42.2,39.5,39.4,39.4,39.4,23.96,25.32,23.61,23.61,25.43,25.43,20.83,3.11,4.57,19.40,0.34,697,17,0.1,0.2,0,0,0.0,0.0,0,
9.6.2026,15:0:4.357,15787,32981,32.3,12124,20259,37.4,10.1,16384,1662,1.187,1.194,1.203,1.196,1.196,1.231,1.172,1.157,1.182,1.157,1.188,1.188,1.188,1.188,1.177,1.101,0.846,2664.9,4688.5,4688.5,4888.0,4888.0,4688.5,4688.5,1097.3,1097.3,1097.3,1097.3,1097.3,1097.3,1097.3,1097.3,99.8,4090.0,381.9,82.9,906.1,439.6,0.3,5.0,1991.4,3738.1,0.2,178.5,0.1,85.1,0.1,10.1,81.1,58.9,42.5,17.0,0.5,0.5,0.6,476.3,9.6,3.6,25.6,12.5,0.0,0.4,45.5,79.7,0.0,4.3,0.0,2.3,0.0,1.1,5.8,4.9,3.4,1.8,0.3,0.3,0.3,79.7,9.6,100.0,14.9,3.4,36.1,17.7,0.0,0.4,76.5,142.4,0.0,7.0,0.0,3.3,0.0,0.6,4.3,3.2,2.3,0.9,0.1,0.1,0.1,14.9,26.7,47.0,47.0,49.0,49.0,47.0,47.0,11.0,11.0,11.0,11.0,11.0,11.0,11.0,11.0,41.0,60,63,61,62,64,59,59,58,58,58,58,58,58,58,59,40,37,39,38,36,41,41,42,42,42,42,42,42,42,41,74,64,No,No,No,No,No,No,No,No,No,No,No,No,No,No,No,No,No,No,No,No,No,No,No,No,No,No,No,No,No,No,No,No,No,No,No,No,No,No,No,No,No,No,No,No,No,No,No,No,74,68,64,1.100,6.750,19.383,13.062,0.001,4.971,0.474,175.0,175.0,175.0,175.0,0,0.0,9.5,3.3,25.3,12.9,0.0,0.1,45.3,79.5,0.0,4.7,0.0,2.0,0.0,0.8,5.7,4.6,3.1,1.5,0.1,0.1,0.1,4.0,16.8,11.9,7.7,19.0,0.0,0.2,0.0,0.0,0.0,0.0,0.0,0.0,0.0,0.0,57.3,1.4,0.0,17.8,0.8,0.0,0.0,99.0,93.8,95.2,96.8,98.3,99.8,99.8,99.8,55.8,47.6,70.8,25.2,0.0,94.2,97.3,2394.1,24.00,36,35,35,68,103,383,2,2,Yes,No,No,No,No,No,No,No,No,No,Yes,No,No,No,No,No,No,No,No,No,No,No,No,No,No,No,No,Yes,No,No,No,No,No,No,No,Yes,No,No,83.0,3840,3900,3720,56.2,1.095,1.110,1.800,1.800,1.005,5.110,0.750,No,No,No,57.0,1.095,1.110,1.800,1.800,0.990,5.110,0.750,No,No,No,41,41,94.0,100.0,No,No,32162,47988,38,70,99.0,100.0,No,No,1844,3246,0.0,0.3,0.3,0.000,0.018,97399,55430,0.0,0.0,0.0,0.000,0.000,164001,82786,77.6,70.0,86.8,83.0,0.875,20.577,20.556,20.597,83.284,40.453,64.983,15.109,80.268,3.000,18.116,56.091,45.607,100.000,140.000,2250.0,2200.2,1890.0,2245.6,1905.0,88.0,21.0,0.0,0.0,49.6,21.7,86.6,0.0,0.0,0.0,Yes,No,No,No,No,Yes,No,0,0,0,0,0,0,0,0,0,0,0,0,0,0,0,0,0,0,0,0,0,0,0,0,0,0,0,0,0,0,4128,4060,3829,94,16.0,64,0.302,19.352,700.0,2394.0,0.3,0.1,0.0,0.0,0.1,0.0,0.0,0.0,0.0,2,16190,2,No,No,No,No,No,No,No,No,16.745,68.277,100.0,0.000,24.1,0,0,0,0.0,40.3,42.5,38.9,38.7,38.7,38.7,40.3,40.5,39.9,39.9,39.9,39.9,24.83,25.05,24.60,24.60,25.09,25.09,21.86,2.97,4.67,20.16,0.10,697,17,0.3,0.5,0,0,0.0,0.0,0,
9.6.2026,15:0:6.357,15791,32977,32.3,12129,20254,37.4,10.1,16384,1662,1.189,1.208,1.193,1.183,1.214,1.179,1.181,1.151,1.156,1.151,1.201,1.213,1.213,1.223,1.183,1.063,0.846,3484.3,4688.5,1396.6,4688.5,4888.0,4688.5,4688.5,1097.3,3591.2,1097.3,3591.2,3591.2,3591.2,3591.2,3591.2,99.8,3890.5,381.5,85.4,1013.2,462.4,0.3,5.2,1913.7,3784.2,0.3,185.9,0.2,66.5,0.2,0.7,54.1,39.5,15.5,0.6,0.6,0.6,1.3,476.7,9.5,3.6,27.6,14.8,0.0,0.8,43.4,80.0,0.0,5.4,0.0,2.2,0.0,0.7,4.0,3.6,1.9,0.7,0.7,0.7,0.7,80.0,9.5,100.0,14.9,3.5,40.2,18.8,0.0,0.4,73.7,144.0,0.0,7.2,0.0,2.6,0.0,0.1,3.1,2.2,0.9,0.1,0.1,0.1,0.1,14.9,34.9,47.0,14.0,47.0,49.0,47.0,47.0,11.0,36.0,11.0,36.0,36.0,36.0,36.0,36.0,39.0,60,63,65,60,68,59,59,58,58,58,58,58,58,60,60,40,37,35,40,32,41,41,42,42,42,42,42,42,40,40,74,68,No,No,No,No,No,No,No,No,No,No,No,No,No,No,No,No,No,No,No,No,No,No,No,No,No,No,No,No,No,No,No,No,No,No,No,No,No,No,No,No,No,No,No,No,No,No,No,No,74,68,63,1.100,8.438,20.066,13.703,0.001,4.997,0.476,175.0,175.0,175.0,175.0,0,0.0,9.2,3.7,27.6,14.3,0.0,0.2,43.4,80.0,0.0,4.7,0.0,1.5,0.0,0.1,3.9,2.9,1.2,0.1,0.0,0.0,0.1,5.0,18.0,16.2,15.7,19.4,0.4,0.0,0.0,0.0,0.0,0.0,0.0,0.0,0.0,0.0,57.5,0.0,0.0,14.5,0.0,0.0,0.0,99.8,95.7,96.8,98.6,99.8,99.8,99.8,99.8,54.0,44.8,64.5,22.6,0.0,93.7,98.1,2394.1,24.00,36,35,35,68,103,383,2,2,Yes,No,No,No,No,No,No,No,No,No,Yes,No,No,No,No,No,No,No,No,No,No,No,No,No,No,No,No,Yes,No,No,No,No,No,No,No,Yes,No,No,83.0,3900,4080,3780,56.2,1.095,1.110,1.800,1.800,1.005,5.110,0.625,No,No,No,57.0,1.095,1.110,1.800,1.800,1.005,5.110,0.875,No,No,No,41,41,94.0,100.0,No,No,32162,47988,38,70,99.0,100.0,No,No,1844,3246,0.0,1.1,1.1,0.000,0.043,97399,55430,0.0,0.0,0.0,0.000,0.000,164001,82786,78.4,70.0,87.6,83.0,0.875,20.578,20.558,20.598,82.733,40.214,63.593,15.069,78.830,3.000,18.074,52.027,50.906,100.000,140.000,2250.0,2200.2,1890.0,2245.6,1905.0,85.0,21.0,0.0,0.0,49.6,21.4,85.8,0.0,0.0,0.0,Yes,No,No,No,No,Yes,No,0,0,0,0,0,0,0,0,0,0,0,0,0,0,0,0,0,0,0,0,0,0,0,0,0,0,0,0,0,0,4128,4060,3829,94,16.0,64,0.300,19.601,700.0,2394.0,0.3,0.1,0.0,0.0,0.1,0.0,0.0,0.0,0.0,2,16190,2,No,No,No,No,No,No,No,No,16.745,68.277,100.0,0.000,24.1,0,0,0,0.0,41.5,44.0,40.3,40.3,40.3,40.3,41.5,42.0,41.0,40.9,40.9,40.9,24.11,24.42,23.81,23.81,24.46,24.46,20.95,3.16,4.41,19.70,0.14,697,17,0.5,0.3,0,0,0.0,0.0,0,
9.6.2026,15:0:8.367,15784,32984,32.3,12126,20258,37.4,10.1,16384,1662,1.152,1.204,1.144,1.159,1.169,1.136,1.146,1.166,1.131,1.131,1.132,1.167,1.172,1.132,1.132,1.063,0.846,1888.2,1396.6,4489.0,4489.0,4489.0,1396.6,1396.6,1097.3,1097.3,1097.3,1097.3,1097.3,1097.3,1097.3,1097.3,99.8,3890.5,380.8,77.9,864.6,432.3,0.3,5.4,1784.6,3981.6,0.2,246.1,0.1,79.8,0.1,9.0,58.5,43.1,15.9,0.9,15.4,0.5,0.6,475.0,12.6,3.7,24.2,13.6,27.0,0.0,41.1,84.9,22.5,5.9,24.8,1.3,0.0,0.0,1.7,1.6,0.0,0.0,0.0,0.0,0.0,84.9,12.6,100.0,14.9,3.2,34.5,17.7,0.0,0.4,68.8,151.7,0.0,9.5,0.0,3.1,0.0,0.5,3.2,2.4,0.9,0.1,0.8,0.1,0.1,14.9,18.9,14.0,45.0,45.0,45.0,14.0,14.0,11.0,11.0,11.0,11.0,11.0,11.0,11.0,11.0,39.0,61,63,65,62,70,59,59,59,59,59,59,60,60,60,60,39,37,35,38,30,41,41,41,41,41,41,40,40,40,40,72,70,No,No,No,No,No,No,No,No,No,No,No,No,No,No,No,No,No,No,No,No,No,No,No,No,No,No,No,No,No,No,No,No,No,No,No,No,No,No,No,No,No,No,No,No,No,No,No,No,75,70,64,1.100,14.344,19.757,13.398,0.001,5.006,0.474,175.0,175.0,175.0,175.0,0,0.0,9.2,3.6,24.0,13.5,0.0,0.2,41.0,84.7,0.0,5.8,0.0,1.9,0.0,0.5,3.9,3.0,1.1,0.1,1.3,0.0,0.0,3.8,15.7,15.8,6.5,14.7,0.2,0.5,0.0,0.0,0.0,0.0,0.0,0.0,0.0,0.0,57.7,0.0,0.0,18.8,0.0,0.0,0.0,99.4,95.7,96.7,98.7,99.8,98.6,99.8,99.8,56.0,50.9,65.9,29.3,0.0,92.8,96.9,2394.1,24.00,36,35,35,68,103,383,2,2,Yes,No,No,No,No,No,No,No,No,No,Yes,No,No,No,No,No,No,No,No,No,No,No,No,No,No,No,No,Yes,No,No,No,No,No,No,No,Yes,No,No,83.0,4020,4080,3840,56.2,1.095,1.110,1.800,1.800,1.005,5.110,1.750,No,No,No,57.0,1.110,1.110,1.800,1.800,1.005,5.110,0.750,No,No,No,40,40,94.0,100.0,No,No,32162,47988,38,70,99.0,100.0,No,No,1844,3246,0.0,0.6,0.6,0.000,0.061,97399,55430,0.0,0.0,0.0,0.000,0.000,164001,82786,77.9,70.0,86.8,83.0,0.875,20.555,20.533,20.577,82.436,39.569,65.143,15.030,80.331,3.000,18.025,48.654,46.800,100.000,140.000,2250.0,2200.2,1890.0,2245.5,1905.0,86.0,20.0,0.0,0.0,49.6,21.4,85.6,0.0,0.0,0.0,Yes,No,No,No,No,Yes,No,0,0,0,0,0,0,0,0,0,0,0,0,0,0,0,0,0,0,0,0,0,0,0,0,0,0,0,0,0,0,4128,4060,3829,94,16.0,63,0.302,19.778,700.0,2394.0,0.3,0.1,0.0,0.0,0.1,0.0,0.0,0.0,0.0,2,16190,2,No,No,No,No,No,No,No,No,16.745,68.277,100.0,0.000,24.1,0,0,0,0.0,41.2,43.1,38.7,38.5,38.5,38.5,41.2,41.8,39.3,39.3,39.3,39.3,24.28,25.43,23.94,23.93,25.45,25.45,21.19,3.09,4.45,19.82,0.29,697,17,0.1,0.2,0,0,0.0,0.0,0,
9.6.2026,15:0:10.354,15783,32985,32.3,12123,20261,37.4,10.1,16384,1662,1.188,1.220,1.167,1.141,1.141,1.189,1.204,1.204,1.169,1.200,1.205,1.190,1.190,1.190,1.220,1.063,0.846,3441.6,4688.5,4489.0,1396.6,4489.0,4688.5,4688.5,3591.2,1097.3,1097.3,3591.2,3591.2,3591.2,3591.2,3591.2,99.8,3890.5,384.0,81.9,937.9,432.2,0.4,5.6,1748.8,3997.9,0.3,251.0,0.2,86.4,0.2,10.3,65.8,39.9,15.1,3.2,0.8,0.7,1.4,479.6,10.1,3.5,25.5,12.8,0.0,2.3,39.9,84.8,3.6,6.0,0.0,2.0,3.7,1.5,7.3,3.8,1.9,0.9,0.7,0.7,0.7,84.8,10.1,100.0,15.0,3.4,37.2,17.4,0.0,0.5,67.6,152.3,0.0,9.6,0.0,3.4,0.0,0.6,3.6,2.2,0.8,0.2,0.1,0.1,0.1,15.0,34.5,47.0,45.0,14.0,45.0,47.0,47.0,36.0,11.0,11.0,36.0,36.0,36.0,36.0,36.0,39.0,61,64,65,64,67,63,58,60,60,60,59,60,60,60,60,39,36,35,36,33,37,42,40,40,40,41,40,40,40,40,75,67,No,No,No,No,No,No,No,No,No,No,No,No,No,No,No,No,No,No,No,No,No,No,No,No,No,No,No,No,No,No,No,No,No,No,No,No,No,No,No,No,No,No,No,No,No,No,No,No,75,70,64,1.100,4.219,20.553,14.188,0.001,5.007,0.474,175.0,175.0,175.0,175.0,0,0.0,9.3,3.6,25.6,12.9,0.0,0.2,40.0,84.7,0.0,6.2,0.0,2.2,0.0,0.9,5.2,3.1,1.2,0.3,0.1,0.1,0.1,4.2,18.4,16.7,7.4,14.7,1.3,0.5,0.0,0.0,0.0,0.0,0.0,0.0,0.0,0.0,57.2,0.0,0.0,13.2,0.0,0.0,0.0,99.0,94.3,96.6,98.6,99.6,99.8,99.8,99.8,55.8,46.9,65.9,34.6,0.0,91.0,96.4,2394.1,24.00,36,35,35,68,103,383,2,2,Yes,No,No,No,No,No,No,No,No,No,Yes,No,No,No,No,No,No,No,No,No,No,No,No,No,No,No,No,Yes,No,No,No,No,No,No,No,Yes,No,No,82.0,4080,4200,3900,56.2,1.095,1.110,1.800,1.800,1.005,5.110,0.625,No,No,No,57.0,1.095,1.110,1.800,1.800,1.005,5.110,0.875,No,No,No,41,41,94.0,100.0,No,No,32162,47988,37,70,99.0,100.0,No,No,1844,3246,0.1,0.9,1.1,0.008,0.056,97399,55430,0.0,0.0,0.0,0.000,0.000,164001,82786,78.3,70.0,87.3,83.0,0.875,20.573,20.552,20.593,82.529,40.159,63.150,14.798,78.108,3.000,17.791,53.911,50.355,100.000,140.000,2250.0,2200.2,1890.0,2245.5,1905.0,85.0,20.0,0.0,0.0,49.6,21.6,86.5,0.0,0.0,0.0,Yes,No,No,No,No,Yes,No,0,0,0,0,0,0,0,0,0,0,0,0,0,0,0,0,0,0,0,0,0,0,0,0,0,0,0,0,0,0,4128,4060,3829,94,16.0,64,0.302,20.887,700.0,2394.0,0.3,0.1,0.0,0.0,0.1,0.0,0.0,0.0,0.0,2,16190,2,No,No,No,No,No,No,No,No,16.745,68.277,100.0,0.000,24.1,0,0,0,0.0,41.7,43.8,39.3,38.9,38.9,38.9,41.7,42.1,41.2,41.1,41.1,41.1,23.97,24.18,23.73,23.72,24.19,24.19,20.81,3.15,4.32,19.65,0.14,697,17,0.1,0.2,0,0,0.0,0.0,0,
9.6.2026,15:0:12.367,15785,32983,32.3,12124,20260,37.4,10.1,16384,1662,1.174,1.200,1.166,1.179,1.179,1.154,1.189,1.169,1.170,1.170,1.170,1.170,1.170,1.180,1.168,1.101,0.846,2622.2,4688.5,4688.5,4688.5,4688.5,4489.0,4688.5,1097.3,1097.3,1097.3,1097.3,1097.3,1097.3,1097.3,1097.3,99.8,4090.0,399.4,82.4,951.9,561.4,0.2,5.1,2129.5,3817.4,0.2,226.2,0.1,87.7,0.1,0.4,90.8,31.2,1.0,0.5,0.4,0.4,0.6,499.1,9.9,3.9,25.9,16.7,0.0,1.3,48.4,80.8,0.0,5.2,0.4,2.5,0.4,0.5,6.2,2.7,0.5,0.5,0.5,0.5,0.5,80.8,9.9,100.0,15.5,3.4,37.8,22.4,0.0,0.4,81.9,145.4,0.0,8.9,0.0,3.4,0.0,0.0,4.9,1.7,0.1,0.0,0.0,0.0,0.1,15.5,26.3,47.0,47.0,47.0,47.0,45.0,47.0,11.0,11.0,11.0,11.0,11.0,11.0,11.0,11.0,41.0,61,63,63,68,68,59,59,60,60,60,60,60,60,60,60,39,37,37,32,32,41,41,40,40,40,40,40,40,40,40,74,68,No,No,No,No,No,No,No,No,No,No,No,No,No,No,No,No,No,No,No,No,No,No,No,No,No,No,No,No,No,No,No,No,No,No,No,No,No,No,No,No,No,No,No,No,No,No,No,No,75,70,64,1.100,18.563,20.758,14.367,0.001,5.025,0.476,175.0,175.0,175.0,175.0,0,0.0,9.5,3.5,25.6,16.3,0.0,0.2,48.1,80.6,0.0,5.4,0.0,2.1,0.0,0.0,5.8,2.2,0.1,0.0,0.0,0.0,0.1,5.0,18.4,14.1,18.0,18.7,0.2,0.0,0.0,0.0,0.0,0.0,0.0,0.0,0.0,0.0,57.3,0.0,0.0,12.3,0.0,0.0,0.0,99.8,93.9,97.5,99.8,99.8,99.8,99.8,99.8,53.4,47.0,65.1,18.0,0.0,93.2,97.4,2394.1,24.00,36,35,35,68,103,383,2,2,Yes,No,No,No,No,No,No,No,No,No,Yes,No,No,No,No,No,No,No,No,No,No,No,No,No,No,No,No,Yes,No,No,No,No,No,No,No,Yes,No,No,83.0,4020,4200,3900,56.2,1.095,1.110,1.800,1.800,1.005,5.110,0.625,No,No,No,57.0,1.095,1.110,1.800,1.800,1.005,5.110,1.750,No,No,No,41,41,94.0,100.0,No,No,32162,47988,37,70,99.0,100.0,No,No,1844,3246,0.0,0.9,0.9,0.000,0.148,97399,55431,0.0,0.0,0.0,0.000,0.000,164001,82786,77.9,70.0,86.8,83.0,0.875,20.575,20.554,20.595,82.652,36.475,63.871,15.539,79.560,3.000,18.530,25.208,49.620,100.000,140.000,2250.0,2200.2,1890.0,2245.7,1905.0,85.0,22.0,0.0,0.0,49.6,21.7,86.8,0.0,0.0,0.0,Yes,No,No,No,No,Yes,No,0,0,0,0,0,0,0,0,0,0,0,0,0,0,0,0,0,0,0,0,0,0,0,0,0,0,0,0,0,0,4128,4060,3829,95,16.0,64,0.302,20.675,700.0,2394.0,0.3,0.1,0.0,0.0,0.1,0.0,0.0,0.0,0.0,2,16190,2,No,No,No,No,No,No,No,No,16.745,68.277,100.0,0.000,24.1,0,0,0,0.0,41.3,43.6,38.5,37.9,37.8,37.8,41.2,42.0,39.6,39.5,39.5,39.5,24.24,25.24,23.77,23.72,25.32,25.32,21.10,3.15,4.82,19.43,0.27,697,17,0.1,0.2,0,0,0.0,0.0,0,
9.6.2026,15:0:14.366,15786,32982,32.3,12127,20256,37.4,10.1,16384,1662,1.170,1.182,1.136,1.126,1.188,1.147,1.193,1.172,1.172,1.172,1.187,1.187,1.172,1.172,1.173,1.101,0.846,2137.6,4489.0,4489.0,1396.6,4688.5,1396.6,4688.5,1097.3,1097.3,1097.3,1097.3,1097.3,1097.3,1097.3,1097.3,99.8,4090.0,390.9,87.8,111.8,914.8,0.6,1307.3,197.7,4225.9,0.3,605.9,0.3,255.7,0.2,7.6,22.4,46.4,31.6,0.8,0.5,0.5,0.6,488.5,11.3,3.9,2.6,27.8,21.3,32.0,3.8,89.8,15.5,15.6,0.5,6.7,0.5,0.3,0.2,2.7,2.1,0.0,0.0,0.0,0.0,89.8,11.3,100.0,15.2,3.4,4.6,36.7,0.0,51.1,7.8,161.0,0.0,23.6,0.0,9.9,0.0,0.4,1.2,2.5,1.7,0.1,0.1,0.1,0.1,15.2,21.4,45.0,45.0,14.0,47.0,14.0,47.0,11.0,11.0,11.0,11.0,11.0,11.0,11.0,11.0,41.0,62,62,66,63,67,60,66,60,60,59,59,61,61,61,61,38,38,34,37,33,40,34,40,40,41,41,39,39,39,39,74,67,No,No,No,No,No,No,No,No,No,No,No,No,No,No,No,No,No,No,No,No,No,No,No,No,No,No,No,No,No,No,No,No,No,No,No,No,No,No,No,No,No,No,No,No,No,No,No,No,75,70,64,1.100,18.563,19.800,13.414,0.000,5.030,0.477,175.0,175.0,175.0,175.0,0,0.0,9.6,4.2,3.6,28.0,0.0,31.7,4.7,89.7,0.0,15.3,0.0,6.3,0.0,0.6,1.3,3.0,2.4,0.1,0.1,0.1,0.1,4.7,4.4,24.0,18.7,9.6,7.4,1.6,0.0,0.0,0.0,0.0,0.0,0.0,0.0,0.0,56.8,0.0,0.0,4.6,0.0,0.0,0.0,99.2,98.5,96.6,97.4,99.8,99.8,99.8,99.8,54.0,86.4,40.3,34.1,0.0,73.4,90.1,2394.1,24.00,36,35,35,68,103,383,2,2,Yes,No,No,No,No,No,No,No,No,No,Yes,No,No,No,No,No,No,No,No,No,No,No,No,No,No,No,No,Yes,No,No,No,No,No,No,No,Yes,No,No,83.0,4080,4260,3960,56.5,1.095,1.110,1.800,1.815,1.005,5.110,0.625,No,No,No,57.2,1.095,1.110,1.800,1.815,1.005,5.110,0.750,No,No,No,40,40,94.0,100.0,No,No,32162,47988,38,70,99.0,100.0,No,No,1844,3246,0.0,1.4,1.4,0.000,0.039,97399,55431,0.0,0.0,0.0,0.000,0.000,164001,82786,77.7,70.0,86.2,83.0,0.875,20.577,20.557,20.597,82.281,37.098,64.238,15.212,79.606,3.000,18.209,31.283,48.139,100.000,140.000,2250.0,2200.2,1890.0,2245.7,1905.0,89.0,21.0,0.0,0.0,49.6,21.6,86.3,0.0,0.0,0.0,Yes,No,No,No,No,Yes,No,0,0,0,0,0,0,0,0,0,0,0,0,0,0,0,0,0,0,0,0,0,0,0,0,0,0,0,0,0,0,4128,4060,3829,95,16.0,64,0.302,19.562,700.0,2394.0,0.3,0.1,0.0,0.0,0.1,0.0,0.0,0.0,0.0,2,16190,2,No,No,No,No,No,No,No,No,16.745,68.277,100.0,0.000,24.1,0,0,0,0.0,40.4,43.7,39.2,39.2,39.2,39.2,40.3,41.0,38.9,38.9,38.9,38.9,24.82,25.66,24.58,24.57,25.75,25.75,21.79,3.04,4.83,20.00,0.21,697,17,0.1,0.2,0,0,0.0,0.0,0,
9.6.2026,15:0:16.358,15786,32981,32.3,12126,20258,37.4,10.1,16384,1662,1.197,1.172,1.162,1.182,1.186,1.196,1.185,1.225,1.182,1.184,1.206,1.231,1.230,1.210,1.210,1.101,0.846,3249.2,4489.0,1396.6,4688.5,4688.5,4489.0,4489.0,3591.2,1097.3,1097.3,1097.3,3591.2,3591.2,3591.2,3591.2,99.8,4090.0,397.8,108.4,0.2,832.6,0.4,1774.2,0.7,4132.8,0.2,536.5,0.4,269.0,0.4,19.5,2.7,123.8,150.0,1.7,0.6,0.6,0.7,497.0,10.0,5.4,0.0,25.3,0.0,42.2,0.0,87.2,0.0,13.2,0.0,6.1,0.0,1.1,0.0,9.8,10.5,0.0,0.0,0.0,0.0,87.2,10.0,100.0,15.6,4.4,0.0,33.7,0.0,69.2,0.0,157.4,0.0,21.0,0.0,10.6,0.0,1.1,0.2,6.6,7.4,0.1,0.1,0.1,0.1,15.6,32.6,45.0,14.0,47.0,47.0,45.0,45.0,36.0,11.0,11.0,11.0,36.0,36.0,36.0,36.0,41.0,62,62,66,63,70,59,59,60,60,61,61,61,61,61,60,38,38,34,37,30,41,41,40,40,39,39,39,39,39,40,75,70,No,No,No,No,No,No,No,No,No,No,No,No,No,No,No,No,No,No,No,No,No,No,No,No,No,No,No,No,No,No,No,No,No,No,No,No,No,No,No,No,No,No,No,No,No,No,No,No,75,68,64,1.100,30.375,20.381,13.952,0.001,5.064,0.479,175.0,175.0,175.0,175.0,0,0.0,10.2,5.6,0.0,25.5,0.0,42.4,0.0,87.1,0.0,13.4,0.0,6.2,0.0,1.3,0.2,9.3,11.8,0.1,0.0,0.0,0.0,4.5,2.4,22.9,21.7,12.2,3.4,0.3,0.0,0.0,0.0,0.0,0.0,0.0,0.0,0.0,55.8,0.0,0.0,5.0,0.0,0.0,0.0,98.5,99.7,90.2,87.9,99.8,99.8,99.8,99.8,55.1,91.1,43.7,25.2,0.0,79.1,91.8,2394.1,24.00,36,35,35,68,103,383,2,2,Yes,No,No,No,No,No,No,No,No,No,Yes,No,No,No,No,No,No,No,No,No,No,No,No,No,No,No,No,Yes,No,No,No,No,No,No,No,Yes,No,No,82.0,4140,4320,3960,56.5,1.095,1.110,1.800,1.815,1.005,5.110,0.750,No,No,No,57.2,1.095,1.110,1.800,1.815,1.005,5.110,0.875,No,No,No,41,41,94.0,100.0,No,No,32162,47988,38,70,99.0,100.0,No,No,1844,3246,0.0,0.9,0.9,0.000,0.162,97399,55431,0.0,0.0,0.0,0.000,0.000,164001,82786,77.7,72.0,86.3,83.0,0.875,20.580,20.560,20.599,82.432,35.889,62.524,15.029,77.719,3.000,18.030,24.785,50.132,100.000,140.000,2250.0,2200.2,1890.0,2245.3,1905.0,85.0,21.0,0.0,0.0,49.6,21.6,86.5,0.0,0.0,0.0,Yes,No,No,No,No,Yes,No,0,0,0,0,0,0,0,0,0,0,0,0,0,0,0,0,0,0,0,0,0,0,0,0,0,0,0,0,0,0,4128,4060,3829,96,16.0,64,0.302,20.622,700.0,2394.0,0.3,0.1,0.0,0.0,0.1,0.0,0.0,0.0,0.0,2,16190,2,No,No,No,No,No,No,No,No,16.745,68.277,100.0,0.000,24.1,0,0,0,0.0,41.2,43.0,39.8,39.8,39.8,39.8,41.3,41.8,40.6,40.5,40.5,40.5,24.25,24.70,23.90,23.90,24.71,24.71,21.09,3.14,4.89,19.36,0.12,697,17,1.2,1.6,0,0,0.0,0.0,0,
9.6.2026,15:0:18.368,15786,32982,32.3,12112,20272,37.4,10.1,16384,1662,1.195,1.216,1.163,1.178,1.183,1.127,1.192,1.222,1.222,1.208,1.183,1.208,1.208,1.206,1.211,1.101,0.846,2166.1,4688.5,1396.6,4688.5,4688.5,1396.6,4688.5,1097.3,1097.3,1097.3,1097.3,1097.3,1097.3,1097.3,1097.3,99.8,4090.0,389.2,124.7,0.2,878.7,0.4,2368.9,0.4,3443.0,0.2,546.9,0.2,348.0,0.1,0.4,0.4,51.4,17.6,0.4,0.4,0.4,0.5,486.3,9.6,5.3,0.0,26.8,0.0,54.6,0.0,74.3,2.3,13.5,0.0,8.4,0.0,0.0,0.0,3.7,3.4,0.0,0.0,0.0,0.0,74.3,9.6,100.0,15.1,4.8,0.0,35.1,0.0,91.6,0.0,131.5,0.0,21.4,0.0,13.2,0.0,0.1,0.0,2.9,1.7,0.0,0.0,0.0,0.0,15.1,21.7,47.0,14.0,47.0,47.0,14.0,47.0,11.0,11.0,11.0,11.0,11.0,11.0,11.0,11.0,41.0,62,63,65,63,67,57,68,61,61,61,59,61,61,61,61,38,37,35,37,33,43,32,39,39,39,41,39,39,39,39,74,68,No,No,No,No,No,No,No,No,No,No,No,No,No,No,No,No,No,No,No,No,No,No,No,No,No,No,No,No,No,No,No,No,No,No,No,No,No,No,No,No,No,No,No,No,No,No,No,No,75,67,64,1.100,24.469,20.710,14.273,0.001,5.074,0.481,175.0,175.0,175.0,175.0,0,0.0,9.4,5.3,0.0,26.8,0.0,54.5,0.0,74.1,0.0,13.6,0.0,8.6,0.0,0.0,0.0,3.5,1.4,0.0,0.0,0.0,0.1,5.2,0.0,19.3,25.6,21.6,4.6,2.0,0.0,0.0,0.0,0.0,0.0,0.0,0.0,0.0,57.5,0.0,0.0,8.8,2.8,0.0,0.0,99.8,99.9,96.1,98.5,99.8,99.8,99.8,99.8,52.2,94.2,46.5,7.3,0.4,77.6,87.5,2394.1,24.00,36,35,35,68,103,383,2,2,Yes,No,No,No,No,No,No,No,No,No,Yes,No,No,No,No,No,No,No,No,No,No,No,No,No,No,No,No,Yes,No,No,No,No,No,No,No,Yes,No,No,83.0,4200,4380,4020,56.5,1.095,1.110,1.800,1.815,1.005,5.110,1.500,No,No,No,57.2,1.095,1.110,1.800,1.815,1.005,5.110,0.875,No,No,No,41,41,94.0,100.0,No,No,32162,47988,38,70,99.0,100.0,No,No,1844,3246,0.0,1.3,1.3,0.000,0.048,97399,55431,0.0,0.0,0.0,0.000,0.000,164001,82786,78.1,72.0,86.9,83.0,0.875,20.572,20.550,20.593,82.341,40.768,65.991,15.125,81.281,3.000,18.124,57.088,44.769,100.000,140.000,2250.0,2200.2,1890.0,2245.3,1905.0,85.0,22.0,0.0,0.0,49.6,21.4,85.6,0.0,0.0,0.0,Yes,No,No,No,No,Yes,No,0,0,0,0,0,0,0,0,0,0,0,0,0,0,0,0,0,0,0,0,0,0,0,0,0,0,0,0,0,0,4128,4060,3829,96,16.0,64,0.302,20.605,700.0,2394.0,0.3,0.1,0.0,0.0,0.1,0.0,0.0,0.0,0.0,2,16190,2,No,No,No,No,No,No,No,No,16.745,68.277,100.0,0.000,24.1,0,0,0,0.0,43.8,46.2,41.8,41.6,41.5,41.5,43.9,44.8,42.9,42.9,42.9,42.9,22.78,23.40,22.36,22.36,23.45,23.45,19.61,3.15,4.98,17.80,0.13,697,17,0.5,0.3,0,0,0.0,0.0,0,
9.6.2026,15:0:20.367,15825,32943,32.4,12114,20269,37.4,10.1,16384,1662,1.211,1.210,1.159,1.224,1.244,1.188,1.180,1.258,1.219,1.198,1.198,1.229,1.214,1.214,1.214,1.101,0.846,3220.7,4688.5,1396.6,1396.6,4688.5,4489.0,4688.5,3591.2,3591.2,1097.3,1097.3,3591.2,3591.2,3591.2,3591.2,99.8,4090.0,392.9,75.1,0.2,1006.0,0.5,1721.8,0.5,4097.5,0.2,603.4,0.3,268.9,0.2,7.2,7.9,51.7,13.7,1.0,0.5,0.5,1.2,490.9,11.8,4.4,0.0,28.8,1.6,41.6,2.3,86.8,9.9,15.5,14.1,6.3,15.8,1.3,1.4,2.5,0.0,0.8,0.8,0.8,0.9,86.8,11.8,100.0,15.2,2.9,0.0,40.0,0.0,67.0,0.0,155.9,0.0,23.6,0.0,10.4,0.0,0.3,0.4,2.2,0.4,0.1,0.1,0.0,0.1,15.2,32.3,47.0,14.0,14.0,47.0,45.0,47.0,36.0,36.0,11.0,11.0,36.0,36.0,36.0,36.0,41.0,62,62,66,62,71,61,65,61,61,61,61,61,61,61,61,38,38,34,38,29,39,35,39,39,39,39,39,39,39,39,75,71,No,No,No,No,No,No,No,No,No,No,No,No,No,No,No,No,No,No,No,No,No,No,No,No,No,No,No,No,No,No,No,No,No,No,No,No,No,No,No,No,No,No,No,No,No,No,No,No,75,71,64,1.100,8.438,20.402,13.971,0.001,5.066,0.480,175.0,175.0,175.0,175.0,0,0.0,9.4,4.3,0.0,28.7,0.0,41.5,0.0,86.7,0.0,15.4,0.0,6.2,0.0,0.5,0.6,3.4,0.9,0.1,0.0,0.0,0.1,4.2,0.0,23.2,18.4,12.7,4.5,0.6,0.0,0.0,0.0,0.0,0.0,0.0,0.0,0.0,57.8,0.0,1.7,14.9,0.0,0.0,0.0,99.4,99.3,96.2,98.9,99.8,99.8,99.8,99.8,53.7,95.2,39.1,19.7,0.0,76.1,92.4,2394.1,24.00,36,35,35,68,103,383,2,2,Yes,No,No,No,No,No,No,No,No,No,Yes,No,No,No,No,No,No,No,No,No,No,No,No,No,No,No,No,Yes,No,No,No,No,No,No,No,Yes,No,No,83.0,4200,4380,4020,56.5,1.110,1.110,1.800,1.815,1.005,5.110,1.375,No,No,No,57.2,1.110,1.110,1.800,1.815,1.005,5.110,1.125,No,No,No,41,41,94.0,100.0,No,No,32162,47988,37,70,99.0,100.0,No,No,1844,3246,0.0,0.6,0.6,0.000,0.043,97399,55431,0.0,0.0,0.0,0.000,0.000,164001,82786,77.6,72.0,86.0,83.0,0.875,20.585,20.566,20.603,81.774,41.181,61.378,14.849,76.398,3.000,17.842,63.102,51.700,100.000,140.000,2250.0,2200.2,1890.0,2245.6,1905.0,85.0,21.0,0.0,0.0,49.6,21.0,84.1,0.0,0.0,0.0,Yes,No,No,No,No,Yes,No,0,0,0,0,0,0,0,0,0,0,0,0,0,0,0,0,0,0,0,0,0,0,0,0,0,0,0,0,0,0,4127,4061,3829,95,16.0,64,0.300,20.448,700.0,2394.0,0.3,0.1,0.0,0.0,0.1,0.0,0.0,0.0,0.0,2,16190,2,No,No,No,No,No,No,No,No,16.745,68.277,100.0,0.000,24.1,0,0,0,0.0,44.9,49.4,40.9,40.8,40.8,40.8,45.0,47.5,42.1,41.8,41.8,41.8,22.25,23.77,21.06,21.00,23.91,23.91,19.09,3.15,4.43,17.82,0.33,697,17,0.1,0.2,0,0,0.0,0.0,0,
9.6.2026,15:0:22.357,15819,32949,32.4,12115,20269,37.4,10.1,16384,1662,1.183,1.170,1.183,1.170,1.197,1.177,1.168,1.183,1.213,1.203,1.188,1.178,1.176,1.191,1.168,1.101,0.846,2999.8,1396.6,4688.5,4688.5,4688.5,4688.5,4489.0,2194.6,3591.2,3591.2,3591.2,1097.3,1097.3,1097.3,1097.3,99.8,4090.0,376.2,76.7,0.1,858.1,0.4,1727.6,0.3,4062.4,0.1,499.4,0.2,190.8,0.1,10.1,0.5,48.2,46.8,0.5,0.5,0.5,0.6,470.1,9.9,4.2,0.0,25.4,4.0,40.5,3.3,85.7,6.1,12.6,0.0,5.0,0.0,1.3,0.0,4.2,4.8,0.0,0.0,0.0,0.0,85.7,9.9,100.0,14.6,3.0,0.0,34.1,0.0,66.3,0.0,154.9,0.0,19.6,0.0,7.6,0.0,0.4,0.1,3.2,2.7,0.1,0.0,0.0,0.1,14.6,30.1,14.0,47.0,47.0,47.0,47.0,45.0,22.0,36.0,36.0,36.0,11.0,11.0,11.0,11.0,41.0,62,62,68,71,64,58,59,61,61,61,61,61,61,61,60,38,38,32,29,36,42,41,39,39,39,39,39,39,39,40,75,71,No,No,No,No,No,No,No,No,No,No,No,No,No,No,No,No,No,No,No,No,No,No,No,No,No,No,No,No,No,No,No,No,No,No,No,No,No,No,No,No,No,No,No,No,No,No,No,No,75,68,65,1.100,14.344,19.374,12.965,0.001,5.042,0.470,175.0,175.0,175.0,175.0,0,0.0,9.0,3.9,0.0,25.3,0.0,40.7,0.0,85.4,0.0,12.4,0.0,4.6,0.0,0.7,0.0,3.1,3.5,0.0,0.0,0.0,0.1,3.3,0.3,15.9,11.9,14.0,4.5,0.2,0.0,0.0,0.0,0.0,0.0,0.0,0.0,0.0,57.4,0.0,0.0,13.0,0.0,0.0,0.0,99.1,99.9,96.5,96.3,99.8,99.8,99.8,99.8,58.1,95.3,51.4,29.2,0.0,78.8,94.1,2394.1,24.00,36,35,35,68,103,383,2,2,Yes,No,No,No,No,No,No,No,No,No,Yes,No,No,No,No,No,No,No,No,No,No,No,No,No,No,No,No,Yes,No,No,No,No,No,No,No,Yes,No,No,84.0,4080,4320,3960,56.5,1.110,1.110,1.800,1.815,1.005,5.110,0.750,No,No,No,57.2,1.110,1.110,1.800,1.815,1.005,5.110,0.625,No,No,No,40,40,94.0,100.0,No,No,32162,47988,38,70,99.0,100.0,No,No,1844,3246,0.0,1.0,1.0,0.000,0.153,97399,55432,0.0,0.0,0.0,0.000,0.000,164001,82786,78.7,72.0,87.9,83.0,0.875,20.576,20.556,20.597,81.361,41.228,65.187,14.389,79.751,3.000,17.396,63.647,45.224,100.000,140.000,2250.0,2200.2,1890.0,2246.0,1905.0,85.0,20.0,0.0,0.0,49.6,21.1,84.5,0.0,0.0,0.0,Yes,No,No,No,No,Yes,No,0,0,0,0,0,0,0,0,0,0,0,0,0,0,0,0,0,0,0,0,0,0,0,0,0,0,0,0,0,0,4127,4061,3830,90,16.0,64,0.302,19.751,700.0,2394.0,0.3,0.1,0.0,0.0,0.1,0.0,0.0,0.0,0.0,2,16190,2,No,No,No,No,No,No,No,No,16.746,68.277,100.0,0.000,24.1,0,0,0,0.0,45.7,47.1,44.3,44.2,44.2,44.2,45.8,46.2,45.3,45.3,45.3,45.3,21.86,22.14,21.55,21.54,22.16,22.16,18.67,3.18,3.90,17.95,0.12,697,17,0.2,0.2,0,0,0.0,0.0,0,
9.6.2026,15:0:24.367,15785,32983,32.3,12113,20271,37.4,10.1,16384,1662,1.198,1.188,1.192,1.197,1.167,1.177,1.190,1.210,1.210,1.210,1.209,1.214,1.215,1.185,1.205,1.101,0.846,2401.3,1396.6,4688.5,4688.5,4688.5,4688.5,4688.5,1097.3,1097.3,1097.3,1097.3,1097.3,1097.3,1097.3,1097.3,99.8,4090.0,380.4,111.5,0.3,889.4,0.4,1973.7,0.5,3704.6,0.3,512.4,0.3,265.1,0.2,4.0,0.5,58.5,83.3,0.5,0.5,0.5,0.6,475.3,12.9,5.2,0.8,26.0,15.3,45.9,15.3,78.4,4.5,13.0,14.7,6.7,16.9,0.7,1.6,4.2,6.3,0.8,0.8,0.8,0.8,78.4,12.9,100.0,14.8,4.4,0.0,35.5,0.0,76.7,0.0,141.1,0.0,20.0,0.0,10.3,0.0,0.5,0.1,3.3,4.5,0.1,0.1,0.1,0.1,14.8,24.1,14.0,47.0,47.0,47.0,47.0,47.0,11.0,11.0,11.0,11.0,11.0,11.0,11.0,11.0,41.0,62,62,63,67,63,61,59,62,62,62,61,61,61,61,61,38,38,37,33,37,39,41,38,38,38,39,39,39,39,39,74,67,No,No,No,No,No,No,No,No,No,No,No,No,No,No,No,No,No,No,No,No,No,No,No,No,No,No,No,No,No,No,No,No,No,No,No,No,No,No,No,No,No,No,No,No,No,No,No,No,75,73,65,1.100,9.281,20.129,13.731,0.001,5.047,0.471,175.0,175.0,175.0,175.0,0,0.0,9.3,5.2,0.0,25.9,0.0,45.6,0.0,78.3,0.0,13.0,0.0,6.7,0.0,0.3,0.0,4.1,6.2,0.1,0.1,0.1,0.1,4.9,2.2,21.1,16.8,20.9,5.6,1.5,0.0,0.0,0.0,0.0,0.0,0.0,0.0,0.0,57.1,0.0,0.0,11.4,0.0,0.0,0.0,99.5,99.8,95.5,93.5,99.8,99.8,99.8,99.8,54.5,91.8,46.0,21.7,0.0,77.5,90.0,2394.1,24.00,36,35,35,68,103,383,2,2,Yes,No,No,No,No,No,No,No,No,No,Yes,No,No,No,No,No,No,No,No,No,No,No,No,No,No,No,No,Yes,No,No,No,No,No,No,No,Yes,No,No,83.0,4080,4260,3960,56.5,1.110,1.110,1.815,1.815,1.005,5.110,0.625,No,No,No,57.2,1.110,1.110,1.800,1.815,1.005,5.110,0.875,No,No,No,40,40,94.0,100.0,No,No,32162,47988,37,70,99.0,100.0,No,No,1844,3246,0.1,0.7,0.8,0.008,0.062,97399,55432,0.0,0.0,0.0,0.000,0.000,164001,82786,79.0,70.0,88.2,83.0,0.875,20.572,20.552,20.592,80.968,40.642,65.693,14.489,80.331,3.000,17.478,57.892,45.613,100.000,140.000,2250.0,2200.2,1890.0,2246.1,1905.0,85.0,20.0,0.0,0.0,49.6,21.1,84.3,0.0,0.0,0.0,Yes,No,No,No,No,Yes,No,0,0,0,0,0,0,0,0,0,0,0,0,0,0,0,0,0,0,0,0,0,0,0,0,0,0,0,0,0,0,4127,4061,3830,89,16.0,63,0.302,19.720,700.0,2394.0,0.3,0.1,0.0,0.0,0.1,0.0,0.0,0.0,0.0,2,16190,2,No,No,No,No,No,No,No,No,16.745,68.277,100.0,0.000,24.1,0,0,0,0.0,46.0,47.8,44.4,44.4,44.4,44.4,46.0,46.5,44.8,44.4,44.4,44.4,21.75,22.27,21.51,21.48,22.41,22.41,18.56,3.19,3.84,17.91,0.15,697,17,0.1,0.2,0,0,0.0,0.0,0,
9.6.2026,15:0:26.358,15785,32983,32.3,12116,20268,37.4,10.1,16384,1662,1.199,1.227,1.199,1.192,1.207,1.167,1.207,1.207,1.198,1.188,1.188,1.218,1.198,1.193,1.193,1.141,0.846,3541.3,4688.5,4688.5,4888.0,4688.5,4688.5,4688.5,1097.3,3591.2,1097.3,1097.3,3591.2,3591.2,3591.2,3591.2,99.8,4289.5,377.7,132.7,0.2,837.2,0.4,1680.5,0.4,3935.7,0.2,547.3,0.2,271.9,0.2,16.5,1.4,73.5,52.9,0.5,0.5,0.5,1.2,472.0,9.3,5.3,0.0,26.5,0.0,40.2,0.0,83.2,0.0,13.6,0.0,6.3,0.0,1.3,0.0,5.0,3.6,0.0,0.0,0.0,0.0,83.2,9.3,100.0,14.7,5.4,0.0,33.9,0.0,65.6,0.0,149.7,0.0,21.5,0.0,10.5,0.0,1.0,0.1,3.9,2.6,0.0,0.0,0.0,0.1,14.7,35.5,47.0,47.0,49.0,47.0,47.0,47.0,11.0,36.0,11.0,11.0,36.0,36.0,36.0,36.0,43.0,62,63,66,63,72,61,60,61,61,61,61,61,61,61,61,38,37,34,37,28,39,40,39,39,39,39,39,39,39,39,75,72,No,No,No,No,No,No,No,No,No,No,No,No,No,No,No,No,No,No,No,No,No,No,No,No,No,No,No,No,No,No,No,No,No,No,No,No,No,No,No,No,No,No,No,No,No,No,No,No,74,71,63,1.100,7.594,19.057,12.674,0.001,5.038,0.468,175.0,175.0,175.0,175.0,0,0.0,9.3,5.2,0.0,26.4,0.0,40.0,0.0,83.2,0.0,13.6,0.0,6.4,0.0,1.3,0.1,5.1,4.0,0.0,0.0,0.0,0.1,5.1,2.1,23.6,22.4,16.0,6.2,0.9,0.0,0.0,0.0,0.0,0.0,0.0,0.0,0.0,56.8,0.0,0.0,6.5,0.0,0.0,0.0,98.6,99.8,94.5,95.8,99.9,99.9,99.9,99.8,54.5,91.5,42.1,25.8,0.0,76.2,91.4,2394.1,24.00,36,35,35,68,103,383,2,2,Yes,No,No,No,No,No,No,No,No,No,Yes,No,No,No,No,No,No,No,No,No,No,No,No,No,No,No,No,Yes,No,No,No,No,No,No,No,Yes,No,No,84.0,4080,4260,3960,56.5,1.110,1.110,1.815,1.815,1.005,5.110,0.875,No,No,No,57.2,1.110,1.110,1.815,1.815,1.005,5.110,0.750,No,No,No,40,40,94.0,100.0,No,No,32162,47988,38,70,99.0,100.0,No,No,1844,3246,0.0,1.2,1.2,0.000,0.079,97399,55432,0.0,0.0,0.0,0.000,0.000,164001,82786,77.9,70.0,86.4,83.0,0.875,20.579,20.560,20.598,81.548,40.121,62.896,14.618,77.674,3.000,17.618,58.394,46.650,100.000,140.000,2250.0,2200.2,1890.0,2246.2,1905.0,85.0,20.0,0.0,0.0,49.6,21.2,84.8,0.0,0.0,0.0,Yes,No,No,No,No,Yes,No,0,0,0,0,0,0,0,0,0,0,0,0,0,0,0,0,0,0,0,0,0,0,0,0,0,0,0,0,0,0,4127,4061,3830,89,16.0,64,0.300,19.170,700.0,2394.0,0.3,0.1,0.0,0.0,0.1,0.0,0.0,0.0,0.0,2,16190,2,No,No,No,No,No,No,No,No,16.745,68.277,100.0,0.000,24.1,0,0,0,0.0,44.8,46.7,40.9,40.2,40.1,40.1,44.7,45.3,42.2,42.0,42.0,42.0,22.37,23.65,22.01,21.98,23.80,23.80,19.24,3.16,3.93,18.44,0.20,697,17,0.4,0.2,0,0,0.0,0.0,0,
9.6.2026,15:0:28.366,15782,32985,32.3,12111,20273,37.3,10.1,16384,1662,1.208,1.217,1.227,1.209,1.214,1.206,1.186,1.191,1.211,1.191,1.223,1.229,1.214,1.199,1.189,1.101,0.846,3199.3,4688.5,4688.5,4888.0,4888.0,4688.5,4688.5,1097.3,1097.3,1097.3,1097.3,3591.2,3591.2,3591.2,1097.3,99.8,4090.0,374.8,72.6,0.2,784.5,0.3,1703.5,0.4,3980.2,0.2,589.5,0.2,282.0,0.1,2.6,0.5,36.7,40.1,0.5,0.5,0.5,0.6,468.3,10.5,4.6,0.0,24.8,0.0,40.9,4.0,85.4,0.0,15.1,9.4,6.2,11.9,0.0,0.3,2.6,3.3,0.3,0.3,0.3,0.3,85.4,10.5,100.0,14.6,2.8,0.0,31.5,0.0,65.9,0.0,152.0,0.0,23.0,0.0,11.0,0.0,0.1,0.0,2.2,2.4,0.1,0.1,0.1,0.1,14.6,32.1,47.0,47.0,49.0,49.0,47.0,47.0,11.0,11.0,11.0,11.0,36.0,36.0,36.0,11.0,41.0,61,61,63,70,59,63,59,60,60,60,61,61,61,61,61,39,39,37,30,41,37,41,40,40,40,39,39,39,39,39,75,70,No,No,No,No,No,No,No,No,No,No,No,No,No,No,No,No,No,No,No,No,No,No,No,No,No,No,No,No,No,No,No,No,No,No,No,No,No,No,No,No,No,No,No,No,No,No,No,No,75,64,64,1.100,15.188,19.325,12.926,0.001,5.046,0.469,175.0,175.0,175.0,175.0,0,0.0,9.1,4.3,0.0,24.7,0.0,41.0,0.0,85.0,0.0,14.9,0.0,6.7,0.0,0.2,0.0,2.3,2.7,0.0,0.0,0.0,0.0,4.1,0.0,19.4,14.4,14.4,7.3,1.8,0.0,0.0,0.0,0.0,0.0,0.0,0.0,0.0,57.1,0.0,0.0,5.6,0.0,0.0,0.0,99.7,99.8,97.4,97.2,99.8,99.8,99.8,99.8,56.7,95.1,48.4,33.0,0.0,74.1,89.8,2394.1,24.00,36,35,35,68,103,383,2,2,Yes,No,No,No,No,No,No,No,No,No,Yes,No,No,No,No,No,No,No,No,No,No,No,No,No,No,No,No,Yes,No,No,No,No,No,No,No,Yes,No,No,82.0,4200,4380,3960,56.5,1.110,1.110,1.815,1.815,0.990,5.110,0.625,No,No,No,57.2,1.110,1.110,1.815,1.815,1.005,5.110,0.750,No,No,No,40,40,94.0,100.0,No,No,32162,47988,37,70,99.0,100.0,No,No,1844,3246,0.0,0.8,0.8,0.000,0.112,97399,55432,0.0,0.0,0.0,0.000,0.000,164001,82786,78.3,70.0,86.9,83.0,0.875,20.585,20.566,20.604,81.219,39.818,62.225,14.787,77.181,3.000,17.774,51.986,51.770,100.000,140.000,2250.0,2200.2,1890.0,2245.8,1905.0,87.0,19.0,0.0,0.0,49.5,21.3,85.3,0.0,0.0,0.0,Yes,No,No,No,No,Yes,No,0,0,0,0,0,0,0,0,0,0,0,0,0,0,0,0,0,0,0,0,0,0,0,0,0,0,0,0,0,0,4135,4053,3821,90,16.0,63,0.307,19.834,700.0,2394.0,0.3,0.1,0.0,0.0,0.1,0.0,0.0,0.0,0.0,2,16190,5,No,No,No,No,No,No,No,No,16.745,68.277,100.0,0.000,24.1,0,0,0,0.0,42.7,46.0,40.5,40.3,40.3,40.3,42.7,47.0,41.2,41.1,41.1,41.1,23.43,24.31,21.32,21.25,24.40,24.40,20.27,3.18,4.26,19.17,0.38,697,17,0.3,0.2,0,0,0.0,0.0,0,
9.6.2026,15:0:30.357,15777,32991,32.3,12108,20276,37.3,10.1,16384,1662,1.189,1.228,1.199,1.184,1.179,1.165,1.165,1.200,1.205,1.205,1.205,1.210,1.095,1.185,1.220,1.101,0.846,2942.8,4688.5,1396.6,4688.5,4688.5,1396.6,1396.6,1097.3,3591.2,3591.2,1097.3,3591.2,3192.2,3192.2,3591.2,99.8,4090.0,379.4,83.6,0.2,862.4,0.4,2134.3,0.4,3655.9,0.2,571.3,0.2,183.1,0.2,5.0,0.5,48.6,37.9,0.5,0.5,0.5,1.2,474.0,9.3,3.6,0.3,25.3,2.6,49.3,4.8,77.9,0.0,13.9,0.0,3.4,0.0,0.8,0.4,1.2,1.6,0.4,0.4,0.4,0.4,77.9,9.3,100.0,14.7,3.2,0.0,34.4,0.0,82.7,0.0,139.2,0.0,22.3,0.0,7.1,0.0,0.4,0.0,2.7,2.2,0.1,0.1,0.1,0.1,14.7,29.5,47.0,14.0,47.0,47.0,14.0,14.0,11.0,36.0,36.0,11.0,36.0,32.0,32.0,36.0,41.0,62,62,65,65,68,61,59,60,60,60,60,61,61,61,61,38,38,35,35,32,39,41,40,40,40,40,39,39,39,39,75,68,No,No,No,No,No,No,No,No,No,No,No,No,No,No,No,No,No,No,No,No,No,No,No,No,No,No,No,No,No,No,No,No,No,No,No,No,No,No,No,No,No,No,No,No,No,No,No,No,75,70,64,1.100,10.125,19.790,13.360,0.002,5.064,0.472,175.0,175.0,175.0,175.0,0,0.0,9.1,4.0,0.0,25.6,0.0,49.4,0.0,78.0,0.0,14.3,0.0,4.6,0.0,0.4,0.0,3.1,2.5,0.0,0.0,0.0,0.1,5.1,0.3,21.8,21.8,21.1,5.9,1.1,0.0,0.0,0.0,0.0,0.0,0.0,0.0,0.0,57.6,0.0,0.0,13.7,0.0,0.0,0.0,99.5,99.8,96.6,97.3,99.8,99.8,99.8,99.8,53.5,95.3,45.3,11.0,0.0,76.0,93.3,2394.1,24.00,36,35,35,68,103,383,2,2,Yes,No,No,No,No,No,No,No,No,No,Yes,No,No,No,No,No,No,No,No,No,No,No,No,No,No,No,No,Yes,No,No,No,No,No,No,No,Yes,No,No,83.0,4200,4380,4020,56.5,1.110,1.110,1.815,1.815,0.990,5.110,0.750,No,No,No,57.2,1.110,1.110,1.815,1.815,0.990,5.110,1.000,No,No,No,40,40,94.0,100.0,No,No,32162,47988,37,70,99.0,100.0,No,No,1844,3246,0.0,0.6,0.6,0.000,0.023,97399,55432,0.0,0.0,0.0,0.000,0.000,164001,82786,78.2,72.0,86.8,83.0,0.875,20.581,20.561,20.601,81.865,42.198,64.991,14.722,79.869,3.000,17.726,69.798,45.278,100.000,140.000,2250.0,2200.2,1890.0,2245.4,1905.0,85.0,19.0,0.0,0.0,49.5,21.3,85.3,0.0,0.0,0.0,Yes,No,No,No,No,Yes,No,0,0,0,0,0,0,0,0,0,0,0,0,0,0,0,0,0,0,0,0,0,0,0,0,0,0,0,0,0,0,4135,4053,3821,90,16.0,64,0.302,19.448,700.0,2394.0,0.3,0.1,0.0,0.0,0.1,0.0,0.0,0.0,0.0,2,16190,2,No,No,No,No,No,No,No,No,16.745,68.277,100.0,0.000,24.1,0,0,0,0.0,44.6,47.4,42.6,42.5,42.5,42.5,44.6,45.0,43.9,43.8,43.8,43.8,22.41,22.74,22.21,22.21,22.79,22.79,19.26,3.15,4.08,18.34,0.12,697,17,0.6,0.4,0,0,0.0,0.0,0,
9.6.2026,15:0:32.368,15768,33000,32.3,12108,20275,37.3,10.1,16384,1662,1.202,1.217,1.217,1.187,1.198,1.163,1.183,1.208,1.205,1.205,1.235,1.185,1.210,1.211,1.211,1.101,0.846,2757.5,4489.0,4688.5,4688.5,4888.0,1396.6,4688.5,3591.2,1097.3,1097.3,3591.2,1097.3,1097.3,1097.3,1097.3,99.8,4090.0,377.6,84.0,0.1,799.3,0.4,1890.9,0.4,3814.3,0.2,613.1,0.2,277.4,0.2,1.7,1.9,38.9,27.8,0.4,0.4,0.4,0.5,471.9,9.8,4.6,0.0,25.2,1.6,44.7,0.0,81.3,5.9,15.6,0.0,9.1,3.1,0.1,0.1,3.3,1.8,0.0,0.1,0.1,0.1,81.3,9.8,100.0,14.7,3.3,0.0,32.4,0.0,73.8,0.0,145.4,0.0,23.9,0.0,10.8,0.0,0.1,0.1,2.2,1.5,0.0,0.0,0.0,0.1,14.7,27.6,45.0,47.0,47.0,49.0,14.0,47.0,36.0,11.0,11.0,36.0,11.0,11.0,11.0,11.0,41.0,61,63,62,62,71,57,59,60,60,60,60,61,61,61,62,39,37,38,38,29,43,41,40,40,40,40,39,39,39,38,75,71,No,No,No,No,No,No,No,No,No,No,No,No,No,No,No,No,No,No,No,No,No,No,No,No,No,No,No,No,No,No,No,No,No,No,No,No,No,No,No,No,No,No,No,No,No,No,No,No,75,71,64,1.100,25.313,20.418,13.999,0.001,5.068,0.470,175.0,175.0,175.0,175.0,0,0.0,9.2,4.6,0.0,25.2,0.0,44.5,0.0,81.2,0.0,15.6,0.0,7.6,0.0,0.1,0.1,2.5,1.8,0.0,0.0,0.0,0.1,5.1,0.0,21.6,24.3,17.9,6.7,0.9,0.0,0.0,0.0,0.0,0.0,0.0,0.0,0.0,57.0,0.0,0.0,4.4,0.0,0.0,0.0,99.8,99.8,97.1,98.1,99.8,99.8,99.8,99.8,54.2,94.9,45.2,21.2,0.0,73.6,90.0,2394.1,24.00,36,35,35,68,103,383,2,2,Yes,No,No,No,No,No,No,No,No,No,Yes,No,No,No,No,No,No,No,No,No,No,No,No,No,No,No,No,Yes,No,No,No,No,No,No,No,Yes,No,No,83.0,4200,4440,4080,56.5,1.095,1.110,1.815,1.815,0.990,5.110,0.875,No,No,No,57.2,1.110,1.110,1.815,1.815,0.990,5.110,0.750,No,No,No,40,40,94.0,100.0,No,No,32162,47988,38,70,99.0,100.0,No,No,1844,3246,0.0,1.6,1.6,0.000,0.115,97399,55432,0.0,0.0,0.0,0.000,0.000,164001,82786,79.4,72.0,89.1,83.0,0.875,20.570,20.551,20.589,81.819,40.890,64.056,14.571,78.773,3.000,17.562,62.483,45.785,100.000,140.000,2250.0,2200.2,1890.0,2245.5,1905.0,85.0,19.0,0.0,0.0,49.5,21.3,85.2,0.0,0.0,0.0,Yes,No,No,No,No,Yes,No,0,0,0,0,0,0,0,0,0,0,0,0,0,0,0,0,0,0,0,0,0,0,0,0,0,0,0,0,0,0,4135,4053,3821,90,16.0,64,0.300,20.154,700.0,2394.0,0.3,0.1,0.0,0.0,0.1,0.0,0.0,0.0,0.0,2,16190,2,No,No,No,No,No,No,No,No,16.745,68.277,100.0,0.000,24.1,0,0,0,0.0,45.3,47.4,43.7,43.7,43.7,43.7,45.3,45.8,43.7,43.6,43.6,43.6,22.09,22.91,21.82,21.82,22.93,22.93,18.94,3.16,3.99,18.10,0.17,697,17,0.5,0.7,0,0,0.0,0.0,0,
9.6.2026,15:0:34.364,15769,32999,32.3,12109,20275,37.3,10.1,16384,1662,1.166,1.174,1.149,1.189,1.169,1.171,1.126,1.161,1.171,1.176,1.169,1.174,1.194,1.159,1.144,1.101,0.846,2330.0,4489.0,1396.6,4688.5,4688.5,4688.5,1396.6,1097.3,3591.2,1097.3,1097.3,1097.3,1097.3,1097.3,1097.3,99.8,4090.0,384.9,73.6,0.3,857.3,0.5,1610.5,0.5,4157.3,0.3,595.9,0.4,293.3,0.3,10.7,9.5,48.1,37.4,0.6,0.6,0.6,0.6,481.0,10.2,4.2,0.0,26.5,5.2,39.3,4.5,88.1,0.0,15.7,3.8,7.3,0.0,1.5,0.6,4.2,3.7,0.0,0.0,0.0,0.0,88.1,10.2,100.0,15.0,2.9,0.0,34.5,0.0,63.0,0.0,158.3,0.0,23.3,0.0,11.4,0.0,0.6,0.5,2.6,2.0,0.1,0.1,0.1,0.1,15.0,23.4,45.0,14.0,47.0,47.0,47.0,14.0,11.0,36.0,11.0,11.0,11.0,11.0,11.0,11.0,41.0,62,63,67,63,70,58,58,61,61,61,61,61,61,61,61,38,37,33,37,30,42,42,39,39,39,39,39,39,39,39,76,70,No,No,No,No,No,No,No,No,No,No,No,No,No,No,No,No,No,No,No,No,No,No,No,No,No,No,No,No,No,No,No,No,No,No,No,No,No,No,No,No,No,No,No,No,No,No,No,No,75,68,64,1.100,9.281,19.821,13.395,0.001,5.067,0.472,175.0,175.0,175.0,175.0,0,0.0,9.5,4.2,0.0,26.5,0.0,39.2,0.0,88.0,0.0,15.7,0.0,7.3,0.0,0.8,0.7,3.5,3.0,0.1,0.1,0.1,0.1,4.0,0.0,20.7,16.7,11.5,6.6,0.8,0.0,0.0,0.0,0.0,0.0,0.0,0.0,0.0,57.0,0.0,0.0,5.8,0.0,2.3,0.0,99.0,99.2,96.1,96.8,99.8,99.8,99.8,99.8,55.7,95.3,45.1,31.9,0.0,71.4,90.4,2394.1,24.00,36,35,35,68,103,383,2,2,Yes,No,No,No,No,No,No,No,No,No,Yes,No,No,No,No,No,No,No,No,No,No,No,No,No,No,No,No,Yes,No,No,No,No,No,No,No,Yes,No,No,83.0,4320,4440,4080,56.5,1.095,1.110,1.815,1.815,0.990,5.110,0.875,No,No,No,57.2,1.095,1.110,1.815,1.815,0.990,5.110,2.000,No,No,No,40,40,94.0,100.0,No,No,32162,47988,37,70,99.0,100.0,No,No,1844,3246,0.1,0.4,0.6,0.008,0.016,97399,55432,0.0,0.0,0.0,0.000,0.000,164001,82786,78.7,72.0,87.9,83.0,0.875,20.573,20.554,20.593,82.093,41.688,62.780,15.045,77.985,3.000,18.044,65.322,49.637,100.000,140.000,2250.0,2200.2,1890.0,2245.3,1905.0,85.0,20.0,0.0,0.0,49.5,21.1,84.3,0.0,0.0,0.0,Yes,No,No,No,No,Yes,No,0,0,0,0,0,0,0,0,0,0,0,0,0,0,0,0,0,0,0,0,0,0,0,0,0,0,0,0,0,0,4135,4053,3821,90,16.0,65,0.307,19.676,700.0,2394.0,0.3,0.1,0.0,0.0,0.1,0.0,0.0,0.0,0.0,2,16190,2,No,No,No,No,No,No,No,No,16.745,68.277,100.0,0.000,24.1,0,0,0,0.0,45.8,47.3,43.8,43.6,43.5,43.5,45.8,46.2,45.4,45.4,45.4,45.4,21.85,22.03,21.60,21.59,22.04,22.04,18.68,3.16,4.05,17.80,0.11,697,17,0.5,0.4,0,0,0.0,0.0,0,
9.6.2026,15:0:36.360,15809,32958,32.4,12109,20275,37.3,10.1,16384,1662,1.195,1.175,1.175,1.185,1.208,1.163,1.182,1.212,1.227,1.227,1.207,1.192,1.185,1.215,1.175,1.063,0.846,3705.2,4489.0,4688.5,4688.5,4888.0,4688.5,4688.5,1097.3,3591.2,3591.2,1097.3,3591.2,3591.2,3591.2,3591.2,99.8,3890.5,370.3,100.2,0.3,773.0,0.4,2146.8,0.4,3566.6,0.3,538.7,0.3,207.4,0.2,1.9,0.5,45.6,19.6,0.6,0.6,0.6,1.2,462.6,8.8,4.5,0.0,22.5,0.0,49.1,0.8,75.8,0.8,13.3,0.8,4.5,0.0,0.1,0.1,2.9,1.4,0.1,0.1,0.1,0.1,75.8,8.8,100.0,14.3,3.9,0.0,30.8,0.0,83.0,0.0,135.9,0.0,20.9,0.0,8.1,0.0,0.1,0.1,2.5,1.0,0.1,0.1,0.1,0.1,14.3,37.1,45.0,47.0,47.0,49.0,47.0,47.0,11.0,36.0,36.0,11.0,36.0,36.0,36.0,36.0,39.0,62,61,66,67,68,64,59,61,61,61,61,61,61,61,61,38,39,34,33,32,36,41,39,39,39,39,39,39,39,39,75,68,No,No,No,No,No,No,No,No,No,No,No,No,No,No,No,No,No,No,No,No,No,No,No,No,No,No,No,No,No,No,No,No,No,No,No,No,No,No,No,No,No,No,No,No,No,No,No,No,76,71,64,1.100,8.438,18.470,12.050,0.001,5.059,0.469,175.0,175.0,175.0,175.0,0,0.0,8.7,4.4,0.0,22.5,0.0,48.9,0.0,75.6,0.0,13.3,0.0,5.2,0.0,0.1,0.0,2.9,1.5,0.0,0.0,0.0,0.1,5.0,0.0,19.3,21.3,23.4,4.8,1.3,0.0,0.0,0.0,0.0,0.0,0.0,0.0,0.0,57.6,0.0,0.0,12.9,0.0,0.0,0.0,99.8,99.9,96.8,98.3,99.9,99.9,99.9,99.8,55.0,95.1,51.4,12.9,0.0,78.4,92.2,2394.1,24.00,36,35,35,68,103,383,2,2,Yes,No,No,No,No,No,No,No,No,No,Yes,No,No,No,No,No,No,No,No,No,No,No,No,No,No,No,No,Yes,No,No,No,No,No,No,No,Yes,No,No,83.0,4380,4440,4140,56.5,1.095,1.110,1.815,1.815,0.990,5.110,0.625,No,No,No,57.2,1.095,1.110,1.800,1.815,0.990,5.110,0.500,No,No,No,40,40,94.0,100.0,No,No,32162,47988,37,70,99.0,100.0,No,No,1844,3246,0.0,1.2,1.2,0.000,0.031,97399,55432,0.0,0.0,0.0,0.000,0.000,164001,82786,79.0,72.0,88.2,83.0,0.875,20.580,20.560,20.600,82.816,36.652,63.153,14.886,78.218,3.000,17.891,28.676,50.742,100.000,140.000,2250.0,2200.2,1890.0,2245.4,1905.0,86.0,21.0,0.0,0.0,49.5,21.3,85.3,0.0,0.0,0.0,Yes,No,No,No,No,Yes,No,0,0,0,0,0,0,0,0,0,0,0,0,0,0,0,0,0,0,0,0,0,0,0,0,0,0,0,0,0,0,4136,4052,3821,87,16.0,64,0.300,18.903,700.0,2394.0,0.3,0.1,0.0,0.0,0.1,0.0,0.0,0.0,0.0,2,16190,2,No,No,No,No,No,No,No,No,16.745,68.277,100.0,0.000,24.1,0,0,0,0.0,42.0,45.6,39.0,38.6,38.5,38.5,42.1,42.9,40.9,40.9,40.9,40.9,23.80,24.45,23.34,23.33,24.47,24.47,20.64,3.15,4.15,19.65,0.14,697,17,0.5,0.3,0,0,0.0,0.0,0,
9.6.2026,15:0:38.364,15777,32991,32.3,12110,20274,37.3,10.1,16384,1662,1.196,1.198,1.208,1.162,1.162,1.165,1.215,1.200,1.205,1.202,1.207,1.207,1.202,1.202,1.202,1.141,0.846,2935.7,4688.5,1396.6,4688.5,4688.5,4688.5,4688.5,1097.3,3591.2,1097.3,3591.2,3591.2,1097.3,1097.3,1097.3,99.8,4289.5,381.4,150.3,0.4,759.6,0.4,1905.0,0.4,3771.0,0.3,542.7,0.2,330.0,0.1,29.1,1.7,59.3,73.9,2.1,0.5,0.5,0.5,476.5,9.5,6.9,0.0,25.1,0.0,45.3,0.0,80.5,0.0,13.5,0.0,7.6,0.0,1.5,0.0,4.0,5.6,0.0,0.0,0.0,0.0,80.5,9.5,100.0,15.0,6.3,0.0,31.3,0.0,74.3,0.0,143.9,0.0,21.4,0.0,12.8,0.0,1.6,0.1,3.3,4.1,0.1,0.1,0.0,0.1,15.0,29.4,47.0,14.0,47.0,47.0,47.0,47.0,11.0,36.0,11.0,36.0,36.0,11.0,11.0,11.0,43.0,62,62,66,65,70,61,59,61,61,61,61,61,61,61,61,38,38,34,35,30,39,41,39,39,39,39,39,39,39,39,75,70,No,No,No,No,No,No,No,No,No,No,No,No,No,No,No,No,No,No,No,No,No,No,No,No,No,No,No,No,No,No,No,No,No,No,No,No,No,No,No,No,No,No,No,No,No,No,No,No,75,71,65,1.100,34.594,19.729,13.291,0.001,5.088,0.470,175.0,175.0,175.0,175.0,0,0.0,9.6,7.0,0.0,25.2,0.0,45.2,0.0,80.4,0.0,13.7,0.0,7.9,0.0,2.4,0.1,4.2,5.7,0.2,0.0,0.0,0.0,6.0,3.3,27.5,23.7,18.6,9.6,1.7,0.0,0.0,0.0,0.0,0.0,0.0,0.0,0.0,57.0,0.0,0.0,11.8,0.0,0.0,0.0,97.4,99.8,95.3,94.0,99.7,99.8,99.9,99.8,50.3,88.0,38.8,14.0,0.0,72.4,88.7,2394.1,24.00,36,35,35,68,103,383,2,2,Yes,No,No,No,No,No,No,No,No,No,Yes,No,No,No,No,No,No,No,No,No,No,No,No,No,No,No,No,Yes,No,No,No,No,No,No,No,Yes,No,No,83.0,4380,4560,4140,56.5,1.095,1.110,1.815,1.800,0.990,5.110,0.625,No,No,No,57.2,1.095,1.110,1.815,1.815,0.990,5.110,1.125,No,No,No,40,40,94.0,100.0,No,No,32162,47988,37,70,99.0,100.0,No,No,1844,3246,0.4,0.9,1.3,0.024,0.156,97399,55433,0.0,0.0,0.0,0.000,0.000,164001,82786,79.0,72.0,88.1,83.0,0.875,20.565,20.544,20.586,83.405,43.881,65.900,14.935,80.985,3.000,17.928,78.887,45.529,100.000,140.000,2250.0,2200.2,1890.0,2245.5,1905.0,87.0,21.0,0.0,0.0,49.6,21.3,85.3,0.0,0.0,0.0,Yes,No,No,No,No,Yes,No,0,0,0,0,0,0,0,0,0,0,0,0,0,0,0,0,0,0,0,0,0,0,0,0,0,0,0,0,0,0,4128,4060,3829,87,16.0,64,0.300,19.198,700.0,2394.0,0.3,0.1,0.0,0.0,0.1,0.0,0.0,0.0,0.0,2,16190,2,No,No,No,No,No,No,No,No,16.745,68.277,100.0,0.000,24.1,0,0,0,0.0,42.9,44.6,40.7,40.7,40.7,40.7,42.8,43.3,40.6,40.2,40.1,40.1,23.34,23.97,23.03,22.99,24.12,24.12,20.25,3.14,3.97,19.37,0.17,697,17,0.2,0.2,0,0,0.0,0.0,0,
9.6.2026,15:0:40.361,15778,32989,32.3,12107,20276,37.3,10.1,16384,1662,1.196,1.207,1.222,1.204,1.207,1.207,1.162,1.222,1.180,1.202,1.204,1.224,1.169,1.167,1.167,1.101,0.846,3541.3,4688.5,4688.5,4888.0,4888.0,4688.5,4489.0,3591.2,3591.2,1097.3,1097.3,1097.3,3591.2,3591.2,3591.2,99.8,4090.0,386.0,78.5,0.1,888.5,0.6,1735.6,0.4,4052.7,0.3,632.9,0.3,217.2,0.2,11.6,1.3,48.6,48.6,0.6,0.6,0.5,0.7,482.3,11.9,5.0,0.5,26.0,3.5,40.9,3.5,86.6,4.2,15.1,4.9,6.8,30.6,2.2,0.0,3.1,4.0,0.0,0.0,0.0,0.0,86.6,11.9,100.0,15.0,3.1,0.0,35.4,0.0,67.1,0.0,154.8,0.0,24.8,0.0,8.5,0.0,0.7,0.1,2.1,2.5,0.1,0.1,0.1,0.1,15.0,35.5,47.0,47.0,49.0,49.0,47.0,45.0,36.0,36.0,11.0,11.0,11.0,36.0,36.0,36.0,41.0,62,63,65,70,68,61,59,61,61,61,61,61,61,61,61,38,37,35,30,32,39,41,39,39,39,39,39,39,39,39,75,70,No,No,No,No,No,No,No,No,No,No,No,No,No,No,No,No,No,No,No,No,No,No,No,No,No,No,No,No,No,No,No,No,No,No,No,No,No,No,No,No,No,No,No,No,No,No,No,No,75,71,64,1.100,10.969,19.469,13.066,0.001,5.103,0.475,175.0,175.0,175.0,175.0,0,0.0,9.3,4.5,0.0,25.6,0.0,40.7,0.0,86.1,0.0,15.3,0.0,5.6,0.0,0.9,0.1,3.5,3.6,0.1,0.0,0.0,0.1,3.9,0.0,20.5,14.4,13.1,6.5,0.4,0.0,0.0,0.0,0.0,0.0,0.0,0.0,0.0,57.2,0.0,0.0,10.1,0.0,0.0,0.0,98.9,99.8,96.1,96.2,99.8,99.8,99.8,99.8,56.3,95.0,46.7,29.3,0.0,74.3,92.6,2394.1,24.00,36,35,35,68,103,383,2,2,Yes,No,No,No,No,No,No,No,No,No,Yes,No,No,No,No,No,No,No,No,No,No,No,No,No,No,No,No,Yes,No,No,No,No,No,No,No,Yes,No,No,84.0,4380,4560,4200,56.5,1.095,1.110,1.815,1.800,0.975,5.110,0.625,No,No,No,57.2,1.095,1.110,1.815,1.800,1.005,5.110,0.750,No,No,No,40,40,94.0,100.0,No,No,32162,47988,37,70,99.0,100.0,No,No,1844,3246,0.0,1.0,1.0,0.000,0.045,97399,55433,0.0,0.0,0.0,0.000,0.000,164001,82786,78.9,70.0,87.7,83.0,0.875,20.591,20.572,20.609,84.162,41.225,63.932,15.121,79.202,3.000,18.108,55.238,53.973,100.000,140.000,2250.0,2200.2,1890.0,2245.4,1905.0,85.0,22.0,0.0,0.0,49.5,21.8,87.2,0.0,0.0,0.0,Yes,No,No,No,No,Yes,No,0,0,0,0,0,0,0,0,0,0,0,0,0,0,0,0,0,0,0,0,0,0,0,0,0,0,0,0,0,0,4133,4055,3823,91,16.0,65,0.302,20.076,700.0,2394.0,0.3,0.1,0.0,0.0,0.1,0.0,0.0,0.0,0.0,2,16190,2,No,No,No,No,No,No,No,No,16.745,68.277,100.0,0.000,24.1,0,0,0,0.0,42.2,44.3,39.6,39.2,39.1,39.1,42.2,42.5,41.7,41.7,41.7,41.7,23.71,23.98,23.35,23.28,24.00,24.00,20.56,3.16,4.94,18.77,0.13,697,17,0.1,0.2,0,0,0.0,0.0,0,
9.6.2026,15:0:42.358,15777,32991,32.3,12108,20276,37.3,10.1,16384,1662,1.132,1.171,1.181,1.161,1.161,1.161,1.174,1.209,1.199,1.194,1.194,1.199,0.919,0.919,1.009,1.101,0.846,2109.1,1396.6,4688.5,1396.6,4688.5,1396.6,4688.5,3591.2,1097.3,1097.3,1097.3,1097.3,1097.3,1097.3,1097.3,99.8,4090.0,389.0,93.4,0.1,915.1,0.5,2000.3,0.4,3829.1,0.2,543.1,0.2,268.2,0.1,20.3,7.8,65.7,33.9,1.1,0.4,0.4,0.5,486.1,12.0,5.0,0.0,27.0,30.8,47.0,6.6,81.1,16.3,14.0,0.0,6.6,0.0,0.0,0.6,3.1,1.0,0.1,0.0,0.0,0.0,81.1,12.0,100.0,15.2,3.7,0.0,36.7,0.0,78.1,0.0,145.6,0.0,21.2,0.0,10.5,0.0,1.1,0.4,4.1,2.0,0.1,0.0,0.0,0.1,15.2,21.1,14.0,47.0,14.0,47.0,14.0,47.0,36.0,11.0,11.0,11.0,11.0,11.0,11.0,11.0,41.0,62,61,66,62,71,61,60,61,61,61,61,61,61,61,61,38,39,34,38,29,39,40,39,39,39,39,39,39,39,39,75,71,No,No,No,No,No,No,No,No,No,No,No,No,No,No,No,No,No,No,No,No,No,No,No,No,No,No,No,No,No,No,No,No,No,No,No,No,No,No,No,No,No,No,No,No,No,No,No,No,75,72,64,1.100,11.813,20.444,13.900,0.001,5.115,0.480,175.0,175.0,175.0,175.0,0,0.0,9.5,5.0,0.0,27.1,0.0,46.7,0.0,81.2,0.0,13.5,0.0,6.6,0.0,1.2,0.6,4.4,2.3,0.1,0.0,0.0,0.1,5.5,1.6,26.6,20.3,17.8,8.2,2.4,0.0,0.0,0.0,0.0,0.0,0.0,0.0,0.0,57.2,0.0,0.0,11.7,0.0,0.0,0.0,98.6,99.2,95.1,97.5,99.8,99.8,99.8,99.8,51.7,92.5,38.7,16.0,0.0,74.2,89.0,2394.1,24.00,36,35,35,68,103,383,2,2,Yes,No,No,No,No,No,No,No,No,No,Yes,No,No,No,No,No,No,No,No,No,No,No,No,No,No,No,No,Yes,No,No,No,No,No,No,No,Yes,No,No,82.0,4380,4560,4200,56.8,1.095,1.110,1.815,1.800,0.975,5.110,1.000,No,No,No,57.2,1.095,1.110,1.815,1.800,0.975,5.110,0.750,No,No,No,40,40,94.0,100.0,No,No,32162,47988,37,70,99.0,100.0,No,No,1844,3246,0.2,0.9,1.1,0.087,0.092,97399,55433,0.0,0.0,0.0,0.000,0.000,164001,82786,78.5,72.0,87.3,83.0,0.875,20.588,20.569,20.607,83.797,42.123,64.789,15.262,80.203,3.000,18.265,65.364,47.979,100.000,140.000,2250.0,2200.2,1890.0,2245.3,1905.0,86.0,22.0,0.0,0.0,49.5,21.6,86.3,0.0,0.0,0.0,Yes,No,No,No,No,Yes,No,0,0,0,0,0,0,0,0,0,0,0,0,0,0,0,0,0,0,0,0,0,0,0,0,0,0,0,0,0,0,4133,4055,3823,95,16.0,66,0.300,20.357,700.0,2394.0,0.3,0.1,0.0,0.0,0.1,0.0,0.0,0.0,0.0,2,16190,2,No,No,No,No,No,No,No,No,16.745,68.277,100.0,0.000,24.1,0,0,0,0.0,40.7,42.6,38.6,38.6,38.6,38.6,40.7,41.7,39.5,39.4,39.4,39.4,24.56,25.33,23.98,23.95,25.48,25.48,21.42,3.16,5.31,19.25,0.16,697,17,0.1,0.2,0,0,0.0,0.0,0,
9.6.2026,15:0:44.358,15819,32948,32.4,12118,20266,37.4,10.1,16384,1662,1.175,1.174,1.176,1.185,1.169,1.171,1.131,1.162,1.222,1.207,1.182,1.175,1.155,1.175,1.160,1.101,0.846,2287.3,4688.5,1396.6,4688.5,4688.5,1396.6,1396.6,1097.3,3591.2,3591.2,1097.3,1097.3,1097.3,1097.3,1097.3,99.8,4090.0,394.3,134.5,133.5,86.1,716.6,2183.1,0.4,340.6,3373.5,582.5,0.3,254.9,0.2,22.1,8.5,6.9,40.0,0.5,0.5,0.5,0.6,492.7,14.8,5.7,10.1,2.6,21.1,50.7,27.6,5.2,77.5,14.7,30.3,5.9,30.3,2.4,2.0,2.7,4.0,0.7,0.7,0.7,0.7,77.5,14.8,100.0,15.4,5.6,5.5,3.8,28.8,84.9,0.0,13.2,128.5,23.0,0.0,9.9,0.0,0.9,0.5,0.4,2.0,0.1,0.1,0.1,0.1,15.4,22.9,47.0,14.0,47.0,47.0,14.0,14.0,11.0,36.0,36.0,11.0,11.0,11.0,11.0,11.0,41.0,63,69,65,64,70,62,62,62,62,62,62,60,60,60,60,37,31,35,36,30,38,38,38,38,38,38,40,40,40,40,76,70,No,No,No,No,No,No,No,No,No,No,No,No,No,No,No,No,No,No,No,No,No,No,No,No,No,No,No,No,No,No,No,No,No,No,No,No,No,No,No,No,No,No,No,No,No,No,No,No,76,72,64,1.100,22.782,19.515,13.009,0.001,5.131,0.486,175.0,175.0,175.0,175.0,0,0.0,9.5,5.8,3.9,2.7,20.1,50.5,0.0,7.5,71.8,14.8,0.0,6.0,0.0,1.5,0.6,0.6,3.0,0.1,0.1,0.1,0.1,5.1,0.8,25.6,20.9,17.3,5.9,0.7,0.0,0.0,0.0,0.0,0.0,0.0,0.0,0.0,57.4,0.0,0.0,10.2,0.6,0.0,0.0,98.3,99.2,99.3,96.6,99.8,99.8,99.8,99.8,52.1,85.9,44.9,13.8,1.5,74.7,91.8,2394.1,24.00,36,35,35,68,103,383,2,2,Yes,No,No,No,No,No,No,No,No,No,Yes,No,No,No,No,No,No,No,No,No,No,No,No,No,No,No,No,Yes,No,No,No,No,No,No,No,Yes,No,No,83.0,4380,4620,4200,56.8,1.110,1.110,1.815,1.800,0.975,5.110,0.875,No,No,No,57.2,1.110,1.110,1.815,1.800,0.975,5.110,1.000,No,No,No,40,40,94.0,100.0,No,No,32162,47988,37,70,99.0,100.0,No,No,1844,3246,0.0,1.1,1.1,0.000,0.174,97399,55433,0.0,0.0,0.0,0.000,0.000,164001,82786,79.3,72.0,88.7,83.0,0.875,20.570,20.548,20.592,82.755,41.326,65.411,15.637,81.213,3.000,18.644,61.907,43.469,100.000,140.000,2250.0,2200.2,1890.0,2245.0,1905.0,87.0,23.0,0.0,0.0,49.5,21.5,85.9,0.0,0.0,0.0,Yes,No,No,No,No,Yes,No,0,0,0,0,0,0,0,0,0,0,0,0,0,0,0,0,0,0,0,0,0,0,0,0,0,0,0,0,0,0,4133,4055,3824,98,16.0,63,0.300,19.010,700.0,2394.0,0.3,0.1,0.0,0.0,0.1,0.0,0.0,0.0,0.0,2,16190,2,No,No,No,No,No,No,No,No,16.745,68.277,100.0,0.000,24.1,0,0,0,0.0,41.7,44.5,40.1,40.0,40.0,40.0,41.7,42.2,41.3,41.3,41.3,41.3,23.99,24.34,23.76,23.75,24.44,24.44,20.78,3.19,5.97,18.02,0.12,697,17,0.5,0.3,0,0,0.0,0.0,0,
9.6.2026,15:0:46.368,15819,32949,32.4,12112,20271,37.4,10.1,16384,1662,1.186,1.174,1.158,1.183,1.148,1.123,1.168,1.206,1.206,1.211,1.186,1.206,1.206,1.215,1.220,1.101,0.846,2878.7,1396.6,2194.6,4688.5,4688.5,1396.6,4688.5,1097.3,1097.3,3591.2,1097.3,3591.2,3591.2,3591.2,3591.2,99.8,4090.0,395.0,113.0,143.0,3.4,728.4,1824.6,0.6,3.7,4149.3,563.6,0.3,235.4,0.4,29.2,7.4,6.6,88.3,0.6,0.6,0.6,1.7,493.6,9.6,5.6,5.2,0.0,20.4,43.6,0.0,0.0,87.6,13.9,0.0,5.8,0.0,2.6,0.6,0.0,7.3,0.0,0.0,0.0,0.0,87.6,9.6,100.0,15.4,4.7,5.9,0.3,29.2,70.6,0.0,0.3,158.1,22.0,0.0,9.2,0.0,1.9,0.4,0.4,5.0,0.1,0.1,0.1,0.1,15.4,28.9,14.0,22.0,47.0,47.0,14.0,47.0,11.0,11.0,36.0,11.0,36.0,36.0,36.0,36.0,41.0,62,62,62,68,70,61,61,61,61,61,61,61,61,61,62,38,38,38,32,30,39,39,39,39,39,39,39,39,39,38,76,70,No,No,No,No,No,No,No,No,No,No,No,No,No,No,No,No,No,No,No,No,No,No,No,No,No,No,No,No,No,No,No,No,No,No,No,No,No,No,No,No,No,No,No,No,No,No,No,No,76,71,65,1.100,8.438,20.280,13.765,0.001,5.148,0.487,175.0,175.0,175.0,175.0,0,0.0,9.5,5.4,3.6,0.2,20.3,43.6,0.0,0.1,87.4,13.9,0.0,5.7,0.0,2.0,0.5,0.4,6.8,0.0,0.0,0.0,0.1,4.8,2.1,20.0,23.8,12.0,7.2,1.6,0.0,0.0,0.0,0.0,0.0,0.0,0.0,0.0,57.2,0.0,0.0,12.3,0.0,0.0,0.0,97.8,99.4,99.5,92.9,99.8,99.8,99.8,99.8,53.2,84.8,52.9,16.0,0.0,74.7,90.8,2394.1,24.00,36,35,35,68,103,383,2,2,Yes,No,No,No,No,No,No,No,No,No,Yes,No,No,No,No,No,No,No,No,No,No,No,No,No,No,No,No,Yes,No,No,No,No,No,No,No,Yes,No,No,83.0,4440,4560,4200,56.8,1.110,1.110,1.815,1.800,0.975,5.110,0.625,No,No,No,57.2,1.110,1.110,1.815,1.800,0.975,5.110,0.750,No,No,No,40,40,94.0,100.0,No,No,32162,47988,37,70,99.0,100.0,No,No,1844,3246,0.0,0.8,0.8,0.000,0.034,97399,55433,0.0,0.0,0.0,0.000,0.000,164001,82786,78.2,72.0,86.8,83.0,0.875,20.582,20.562,20.602,82.263,34.648,62.376,15.709,78.248,3.000,18.694,10.803,53.709,100.000,140.000,2250.0,2200.2,1890.0,2244.9,1905.0,84.0,24.0,0.0,0.0,49.5,21.4,85.5,0.0,0.0,0.0,Yes,No,No,No,No,Yes,No,0,0,0,0,0,0,0,0,0,0,0,0,0,0,0,0,0,0,0,0,0,0,0,0,0,0,0,0,0,0,4133,4055,3824,98,16.0,65,0.300,20.538,700.0,2394.0,0.3,0.1,0.0,0.0,0.1,0.0,0.0,0.0,0.0,2,16190,2,No,No,No,No,No,No,No,No,16.745,68.277,100.0,0.000,24.1,0,0,0,0.0,42.4,43.8,40.8,40.7,40.7,40.7,42.4,42.7,41.6,41.6,41.6,41.6,23.60,23.96,23.41,23.40,23.97,23.97,20.40,3.19,5.86,17.73,0.13,697,17,0.5,0.3,0,0,0.0,0.0,0,
9.6.2026,15:0:48.364,15776,32992,32.3,12113,20271,37.4,10.1,16384,1662,1.173,1.192,1.147,1.167,1.172,1.182,1.195,1.160,1.170,1.170,1.175,1.170,1.170,1.170,1.180,1.101,0.846,2109.1,1396.6,1396.6,4688.5,4688.5,1396.6,4688.5,1097.3,1097.3,1097.3,3591.2,1097.3,1097.3,1097.3,1097.3,99.8,4090.0,391.0,86.7,97.9,3.4,750.8,2187.7,0.4,4.0,3650.5,633.1,0.3,350.9,0.1,15.0,4.0,0.8,33.3,0.5,0.4,0.4,0.5,488.7,10.3,4.1,5.1,3.0,22.5,50.8,2.2,3.0,78.4,16.3,2.9,8.5,0.0,1.0,0.2,1.4,2.1,1.4,1.4,1.4,1.4,78.4,10.3,100.0,15.2,3.5,4.1,0.3,30.1,84.9,0.0,0.3,139.3,24.9,0.0,13.7,0.0,0.8,0.2,0.1,1.8,0.1,0.0,0.0,0.1,15.2,21.1,14.0,14.0,47.0,47.0,14.0,47.0,11.0,11.0,11.0,36.0,11.0,11.0,11.0,11.0,41.0,62,63,66,67,62,63,60,61,61,61,61,61,61,61,62,38,37,34,33,38,37,40,39,39,39,39,39,39,39,38,76,67,No,No,No,No,No,No,No,No,No,No,No,No,No,No,No,No,No,No,No,No,No,No,No,No,No,No,No,No,No,No,No,No,No,No,No,No,No,No,No,No,No,No,No,No,No,No,No,No,76,75,65,1.100,9.281,19.985,13.480,0.001,5.130,0.487,175.0,175.0,175.0,175.0,0,0.0,9.5,4.3,5.3,0.2,22.6,50.7,0.0,0.1,78.2,16.4,0.0,8.6,0.0,1.1,0.3,0.1,2.2,0.1,0.0,0.0,0.1,5.0,0.0,22.4,20.2,18.4,7.3,1.5,0.0,0.0,0.0,0.0,0.0,0.0,0.0,0.0,57.5,0.0,0.9,8.3,1.6,0.0,0.0,98.7,99.5,99.8,97.5,99.8,99.8,99.8,99.8,51.6,87.0,47.5,16.0,0.5,71.2,87.5,2394.1,24.00,36,35,35,68,103,383,2,2,Yes,No,No,No,No,No,No,No,No,No,Yes,No,No,No,No,No,No,No,No,No,No,No,No,No,No,No,No,Yes,No,No,No,No,No,No,No,Yes,No,No,82.0,4440,4500,4200,56.8,1.110,1.110,1.800,1.800,0.975,5.110,0.750,No,No,No,57.2,1.110,1.110,1.800,1.800,0.975,5.110,0.750,No,No,No,40,40,94.0,100.0,No,No,32162,47988,37,70,99.0,100.0,No,No,1844,3246,0.0,1.3,1.3,0.000,0.065,97399,55434,0.0,0.0,0.0,0.000,0.000,164001,82786,77.9,72.0,86.8,83.0,0.875,20.594,20.575,20.613,82.346,37.096,61.197,15.657,77.031,3.000,18.656,35.160,48.973,100.000,140.000,2250.0,2200.2,1890.0,2245.1,1905.0,84.0,24.0,0.0,1.0,49.5,21.3,85.3,0.0,0.0,0.0,Yes,No,No,No,No,Yes,No,0,0,0,0,0,0,0,0,0,0,0,0,0,0,0,0,0,0,0,0,0,0,0,0,0,0,0,0,0,0,4133,4055,3824,98,16.0,64,0.300,20.173,700.0,2394.0,0.3,0.1,0.0,0.0,0.1,0.0,0.0,0.0,0.0,2,16190,2,No,No,No,No,No,No,No,No,16.744,68.277,100.0,0.000,24.1,0,0,0,0.0,42.6,44.7,40.9,40.8,40.8,40.8,42.6,43.0,42.3,42.3,42.2,42.2,23.45,23.63,23.29,23.28,23.65,23.65,20.26,3.20,5.82,17.63,0.09,697,17,0.2,0.2,0,0,0.0,0.0,0,
9.6.2026,15:0:50.365,15774,32993,32.3,12113,20271,37.4,10.1,16384,1662,1.190,1.186,1.165,1.155,1.180,1.180,1.165,1.205,1.195,1.195,1.195,1.205,1.212,1.212,1.212,1.101,0.846,3028.3,4688.5,4489.0,4489.0,4688.5,1396.6,1396.6,3591.2,1097.3,1097.3,1097.3,3591.2,3591.2,3591.2,3591.2,99.8,4090.0,393.1,84.4,141.4,3.7,748.3,1953.9,0.5,3.6,3894.3,682.7,0.2,302.2,0.1,11.1,2.0,0.6,31.4,0.5,0.5,0.5,0.7,491.3,9.3,4.2,2.9,0.0,20.8,45.6,1.7,0.0,82.7,16.8,0.2,7.6,0.0,0.2,0.0,0.0,2.5,0.0,0.0,0.0,0.0,82.7,9.3,100.0,15.2,3.4,5.8,0.3,29.8,75.6,0.0,0.3,148.3,26.6,0.0,11.8,0.0,0.6,0.1,0.1,1.7,0.0,0.0,0.0,0.1,15.2,30.4,47.0,45.0,45.0,47.0,14.0,14.0,36.0,11.0,11.0,11.0,36.0,36.0,36.0,36.0,41.0,62,62,65,64,71,62,62,61,61,61,61,61,61,61,61,38,38,35,36,29,38,38,39,39,39,39,39,39,39,39,75,71,No,No,No,No,No,No,No,No,No,No,No,No,No,No,No,No,No,No,No,No,No,No,No,No,No,No,No,No,No,No,No,No,No,No,No,No,No,No,No,No,No,No,No,No,No,No,No,No,76,71,66,1.100,6.750,20.534,14.021,0.001,5.137,0.487,175.0,175.0,175.0,175.0,0,0.0,9.2,4.0,4.2,0.2,20.7,45.4,0.0,0.1,82.6,16.7,0.0,7.4,0.0,0.8,0.1,0.0,2.3,0.0,0.0,0.0,0.1,4.4,0.0,20.5,17.6,16.7,5.5,0.6,0.0,0.0,0.0,0.0,0.0,0.0,0.0,0.0,58.1,0.0,0.0,17.4,0.0,0.0,0.0,99.0,99.8,99.8,97.4,99.8,99.8,99.8,99.8,53.2,88.3,52.4,15.1,0.0,73.2,90.1,2394.1,24.00,36,35,35,68,103,383,2,2,Yes,No,No,No,No,No,No,No,No,No,Yes,No,No,No,No,No,No,No,No,No,No,No,No,No,No,No,No,Yes,No,No,No,No,No,No,No,Yes,No,No,83.0,4380,4500,4200,56.8,1.110,1.110,1.800,1.815,0.975,5.110,0.750,No,No,No,57.2,1.110,1.110,1.800,1.815,0.975,5.110,0.625,No,No,No,40,40,94.0,100.0,No,No,32162,47988,37,70,99.0,100.0,No,No,1844,3246,0.0,0.8,0.8,0.000,0.024,97399,55434,0.0,0.0,0.0,0.000,0.000,164001,82786,78.1,72.0,87.0,83.0,0.875,20.597,20.579,20.616,82.466,39.711,61.663,15.640,77.454,3.000,18.625,52.433,49.161,100.000,140.000,2250.0,2200.2,1890.0,2245.1,1905.0,85.0,24.0,0.0,1.0,49.5,21.4,85.5,0.0,0.0,0.0,Yes,No,No,No,No,Yes,No,0,0,0,0,0,0,0,0,0,0,0,0,0,0,0,0,0,0,0,0,0,0,0,0,0,0,0,0,0,0,4133,4055,3824,98,16.0,64,0.300,20.032,700.0,2394.0,0.3,0.1,0.0,0.0,0.1,0.0,0.0,0.0,0.0,2,16190,2,No,No,No,No,No,No,No,No,16.745,68.277,100.0,0.000,24.1,0,0,0,0.0,43.0,46.3,40.5,40.3,40.3,40.3,43.1,43.3,42.8,42.8,42.8,42.8,23.22,23.32,23.08,23.07,23.32,23.32,20.02,3.19,5.89,17.32,0.07,697,17,0.1,0.2,0,0,0.0,0.0,0,
9.6.2026,15:0:52.356,15779,32989,32.3,12120,20264,37.4,10.1,16384,1662,1.135,1.206,1.150,1.165,1.150,0.745,1.145,1.135,1.160,1.180,1.170,1.180,1.165,1.190,1.150,1.063,0.846,2059.2,1396.6,4489.0,4688.5,1396.6,798.0,2294.4,1097.3,3591.2,3591.2,1097.3,1097.3,1097.3,1097.3,1097.3,99.8,3890.5,398.6,132.9,99.7,3.5,720.5,1808.6,0.3,4.0,4055.1,706.1,0.2,372.9,0.1,17.5,5.6,0.8,42.9,0.4,0.5,0.4,0.5,498.2,11.2,5.6,4.7,0.0,22.2,42.8,1.0,0.0,86.0,17.4,0.3,9.4,25.2,2.4,1.4,1.8,3.4,0.0,0.0,0.0,0.0,86.0,11.2,100.0,15.5,5.4,4.2,0.3,28.9,70.2,0.0,0.3,154.5,27.5,0.0,14.5,0.0,0.9,0.3,0.1,2.3,0.0,0.0,0.0,0.1,15.5,20.6,14.0,45.0,47.0,14.0,8.0,23.0,11.0,36.0,36.0,11.0,11.0,11.0,11.0,11.0,39.0,63,62,67,62,67,63,68,61,61,61,62,61,61,61,61,37,38,33,38,33,37,32,39,39,39,38,39,39,39,39,76,68,No,No,No,No,No,No,No,No,No,No,No,No,No,No,No,No,No,No,No,No,No,No,No,No,No,No,No,No,No,No,No,No,No,No,No,No,No,No,No,No,No,No,No,No,No,No,No,No,75,71,64,1.100,8.438,20.664,14.134,0.001,5.151,0.488,175.0,175.0,175.0,175.0,0,0.0,9.6,5.3,4.4,0.2,22.1,42.6,0.0,0.1,85.8,17.3,0.0,9.2,0.0,1.4,0.4,0.1,3.2,0.0,0.0,0.0,0.1,4.4,1.3,22.8,15.1,13.5,7.2,2.3,0.0,0.0,0.0,0.0,0.0,0.0,0.0,0.0,57.6,0.0,0.0,13.1,0.0,0.0,0.0,98.4,99.5,99.8,96.4,99.8,99.8,99.8,99.8,52.5,85.4,48.5,23.7,0.0,71.3,86.0,2394.1,24.00,36,35,35,68,103,383,2,2,Yes,No,No,No,No,No,No,No,No,No,Yes,No,No,No,No,No,No,No,No,No,No,No,No,No,No,No,No,Yes,No,No,No,No,No,No,No,Yes,No,No,83.0,4440,4500,4260,56.8,1.110,1.110,1.800,1.815,0.990,5.110,0.625,No,No,No,57.2,1.110,1.110,1.800,1.815,1.005,5.110,0.750,No,No,No,40,40,94.0,100.0,No,No,32162,47988,37,70,99.0,100.0,No,No,1844,3246,0.1,0.8,0.9,0.008,0.098,97399,55434,0.0,0.0,0.0,0.000,0.000,164001,82786,79.4,72.0,88.8,83.0,0.875,20.576,20.557,20.596,82.359,37.350,61.173,15.767,77.110,3.000,18.769,40.136,45.495,100.000,140.000,2250.0,2200.2,1890.0,2245.2,1905.0,84.0,25.0,0.0,1.0,49.5,21.4,85.7,0.0,0.0,0.0,Yes,No,No,No,No,Yes,No,0,0,0,0,0,0,0,0,0,0,0,0,0,0,0,0,0,0,0,0,0,0,0,0,0,0,0,0,0,0,4133,4055,3824,98,16.0,66,0.300,21.058,700.0,2394.0,0.3,0.1,0.0,0.0,0.1,0.0,0.0,0.0,0.0,2,16190,2,No,No,No,No,No,No,No,No,16.745,68.277,100.0,0.000,24.1,0,0,0,0.0,43.3,45.0,41.5,41.2,41.2,41.2,43.3,43.7,42.9,42.9,42.9,42.9,23.11,23.31,22.94,22.94,23.31,23.31,19.91,3.19,6.09,17.01,0.07,697,17,0.2,0.2,0,0,0.0,0.0,0,
9.6.2026,15:0:54.363,15781,32986,32.3,12110,20274,37.3,10.1,16384,1662,1.186,1.170,1.143,1.179,1.134,1.173,1.168,1.200,1.205,1.200,1.200,1.213,1.213,1.188,1.213,1.101,0.846,2137.6,1396.6,4489.0,1396.6,4489.0,4688.5,4688.5,1097.3,1097.3,1097.3,1097.3,1097.3,1097.3,1097.3,1097.3,99.8,4090.0,397.0,172.4,105.5,3.9,764.3,1884.4,0.4,4.1,3963.7,610.9,0.3,347.3,0.2,12.6,7.3,0.6,59.9,0.6,0.6,0.6,0.6,496.1,12.6,6.7,4.7,4.6,23.5,44.7,24.7,4.6,83.7,14.2,24.3,8.2,0.1,0.2,0.0,0.0,3.8,0.9,0.9,0.9,0.9,83.7,12.6,100.0,15.5,7.0,4.4,0.3,30.7,73.3,0.0,0.3,150.9,23.9,0.0,13.8,0.0,0.8,0.4,0.1,3.3,0.1,0.1,0.1,0.1,15.5,21.4,14.0,45.0,14.0,45.0,47.0,47.0,11.0,11.0,11.0,11.0,11.0,11.0,11.0,11.0,41.0,62,62,62,69,70,61,60,61,61,61,61,61,61,61,61,38,38,38,31,30,39,40,39,39,39,39,39,39,39,39,76,70,No,No,No,No,No,No,No,No,No,No,No,No,No,No,No,No,No,No,No,No,No,No,No,No,No,No,No,No,No,No,No,No,No,No,No,No,No,No,No,No,No,No,No,No,No,No,No,No,75,71,64,1.100,9.281,20.563,14.064,0.002,5.157,0.489,175.0,175.0,175.0,175.0,0,0.0,9.7,7.3,3.9,0.2,24.1,44.9,0.0,0.1,83.7,14.9,0.0,8.8,0.0,0.9,0.5,0.1,4.5,0.1,0.1,0.1,0.1,5.2,2.8,24.5,19.3,15.7,8.9,0.9,0.0,0.0,0.0,0.0,0.0,0.0,0.0,0.0,57.3,0.0,0.0,10.2,0.0,0.0,0.0,98.9,99.3,99.8,95.1,99.8,99.8,99.8,99.8,50.9,82.3,44.5,20.0,0.0,71.4,87.4,2394.1,24.00,36,35,35,68,103,383,2,2,Yes,No,No,No,No,No,No,No,No,No,Yes,No,No,No,No,No,No,No,No,No,No,No,No,No,No,No,No,Yes,No,No,No,No,No,No,No,Yes,No,No,83.0,4500,4500,4320,56.8,1.110,1.110,1.800,1.815,0.990,5.110,0.625,No,No,No,57.2,1.110,1.110,1.800,1.815,0.990,5.110,0.875,No,No,No,40,40,94.0,100.0,No,No,32162,47988,37,70,99.0,100.0,No,No,1844,3246,0.0,0.9,0.9,0.000,0.031,97399,55434,0.0,0.0,0.0,0.000,0.000,164001,82786,78.2,72.0,87.0,83.0,0.875,20.574,20.553,20.596,82.522,42.931,63.773,15.949,79.892,3.000,18.952,70.109,48.841,100.000,140.000,2250.0,2200.2,1890.0,2244.9,1905.0,85.0,24.0,0.0,0.0,49.5,21.2,84.6,0.0,0.0,0.0,Yes,No,No,No,No,Yes,No,0,0,0,0,0,0,0,0,0,0,0,0,0,0,0,0,0,0,0,0,0,0,0,0,0,0,0,0,0,0,4133,4055,3824,98,16.0,64,0.300,20.856,700.0,2394.0,0.3,0.1,0.0,0.0,0.1,0.0,0.0,0.0,0.0,2,16190,2,No,No,No,No,No,No,No,No,16.745,68.277,100.0,0.000,24.1,0,0,0,0.0,43.7,46.4,41.5,41.4,41.4,41.4,43.7,43.9,43.5,43.5,43.5,43.5,22.88,23.03,22.71,22.71,23.03,23.03,19.69,3.19,6.07,16.80,0.07,697,17,0.5,0.3,0,0,0.0,0.0,0,
9.6.2026,15:0:56.365,15774,32994,32.3,12112,20271,37.4,10.1,16384,1662,1.206,1.217,1.216,1.201,1.206,1.201,1.177,1.217,1.207,1.207,1.197,1.208,1.208,1.208,1.208,1.141,0.846,3249.2,4688.5,4688.5,1396.6,4888.0,4688.5,1396.6,1097.3,3591.2,3591.2,1097.3,3591.2,3591.2,3591.2,3591.2,99.8,4289.5,392.6,129.7,125.5,4.2,788.5,2148.9,0.4,4.6,3630.7,553.5,0.3,433.2,0.2,7.8,0.7,0.5,19.7,0.5,0.5,0.5,1.2,490.5,9.3,5.9,3.5,0.0,21.8,50.2,0.0,0.0,77.1,14.5,0.0,10.7,0.0,0.0,0.0,0.0,1.4,0.0,0.0,0.0,0.0,77.1,9.3,100.0,15.2,5.1,5.2,0.4,31.3,83.1,0.0,0.4,138.4,21.8,0.0,16.8,0.0,0.4,0.1,0.1,1.1,0.1,0.1,0.1,0.1,15.2,32.6,47.0,47.0,14.0,49.0,47.0,14.0,11.0,36.0,36.0,11.0,36.0,36.0,36.0,36.0,43.0,62,62,63,63,66,61,60,61,61,61,61,61,61,60,60,38,38,37,37,34,39,40,39,39,39,39,39,39,40,40,76,66,No,No,No,No,No,No,No,No,No,No,No,No,No,No,No,No,No,No,No,No,No,No,No,No,No,No,No,No,No,No,No,No,No,No,No,No,No,No,No,No,No,No,No,No,No,No,No,No,75,72,64,1.100,9.281,20.140,13.673,0.002,5.153,0.488,175.0,175.0,175.0,175.0,0,0.0,9.2,5.5,3.2,0.2,21.6,49.9,0.0,0.1,76.9,14.2,0.0,10.4,0.0,0.5,0.0,0.0,1.1,0.0,0.0,0.0,0.1,5.2,0.5,16.1,24.9,21.6,8.7,1.2,0.0,0.0,0.0,0.0,0.0,0.0,0.0,0.0,58.0,0.0,0.0,14.3,0.7,0.0,0.0,99.4,99.8,99.9,98.6,99.8,99.9,99.9,99.8,51.6,87.9,56.2,7.4,0.0,72.5,85.7,2394.1,24.00,36,35,35,68,103,383,2,2,Yes,No,No,No,No,No,No,No,No,No,Yes,No,No,No,No,No,No,No,No,No,No,No,No,No,No,No,No,Yes,No,No,No,No,No,No,No,Yes,No,No,83.0,4380,4500,4320,56.8,1.110,1.110,1.800,1.815,0.990,5.110,0.625,No,No,No,57.2,1.110,1.110,1.800,1.815,0.990,5.110,0.875,No,No,No,40,40,94.0,100.0,No,No,32162,47988,37,70,99.0,100.0,No,No,1844,3246,0.0,0.8,0.8,0.000,0.012,97399,55434,0.0,0.0,0.0,0.000,0.000,164001,82786,78.0,72.0,86.8,83.0,0.875,20.590,20.570,20.609,82.180,42.239,61.614,15.901,77.675,3.000,18.899,68.028,50.554,100.000,140.000,2250.0,2200.2,1890.0,2245.1,1905.0,84.0,24.0,0.0,0.0,49.5,21.3,85.0,0.0,0.0,0.0,Yes,No,No,No,No,Yes,No,0,0,0,0,0,0,0,0,0,0,0,0,0,0,0,0,0,0,0,0,0,0,0,0,0,0,0,0,0,0,4133,4055,3824,98,16.0,64,0.300,19.911,700.0,2394.0,0.3,0.1,0.0,0.0,0.1,0.0,0.0,0.0,0.0,2,16190,2,No,No,No,No,No,No,No,No,16.745,68.277,100.0,0.000,24.1,0,0,0,0.0,44.0,45.7,42.6,42.4,42.4,42.4,44.0,44.2,43.8,43.8,43.8,43.8,22.73,22.90,22.59,22.58,22.92,22.92,19.53,3.19,5.99,16.74,0.09,697,17,0.4,0.2,0,0,0.0,0.0,0,
9.6.2026,15:0:58.367,15774,32993,32.3,12116,20267,37.4,10.1,16384,1662,1.201,1.179,1.164,1.194,1.196,1.181,1.185,1.215,1.210,1.215,1.215,1.204,1.219,1.219,1.214,1.063,0.846,2365.6,1396.6,2294.4,4489.0,4489.0,4489.0,4688.5,1097.3,3591.2,1097.3,1097.3,1097.3,1097.3,1097.3,1097.3,99.8,3890.5,399.7,119.2,67.7,3.4,654.0,1742.7,0.5,3.9,4165.2,651.5,0.3,497.8,0.1,21.6,2.9,0.9,60.7,0.5,0.4,0.4,0.5,499.5,10.9,5.9,1.5,0.1,20.6,42.8,0.0,0.0,88.6,16.5,1.5,11.7,19.0,1.6,0.9,0.8,3.2,0.8,0.8,0.8,0.8,88.6,10.9,100.0,15.6,4.8,2.9,0.3,26.5,67.8,0.0,0.3,158.6,25.5,0.0,19.1,0.0,1.2,0.2,0.1,3.3,0.0,0.0,0.0,0.1,15.6,23.7,14.0,23.0,45.0,45.0,45.0,47.0,11.0,36.0,11.0,11.0,11.0,11.0,11.0,11.0,39.0,62,62,66,62,71,62,68,60,60,60,60,61,61,61,61,38,38,34,38,29,38,32,40,40,40,40,39,39,39,39,76,71,No,No,No,No,No,No,No,No,No,No,No,No,No,No,No,No,No,No,No,No,No,No,No,No,No,No,No,No,No,No,No,No,No,No,No,No,No,No,No,No,No,No,No,No,No,No,No,No,76,72,64,1.100,18.563,21.534,14.900,0.002,5.166,0.489,175.0,175.0,175.0,175.0,0,0.0,9.9,5.9,4.7,0.2,20.6,42.8,0.0,0.1,88.4,16.6,0.0,11.9,0.0,1.6,0.1,0.1,4.0,0.1,0.0,0.0,0.1,4.9,2.6,26.0,18.5,10.9,8.5,1.9,0.0,0.0,0.0,0.0,0.0,0.0,0.0,0.0,57.7,0.0,0.0,15.2,0.0,0.0,0.0,98.2,99.7,99.8,95.6,99.8,99.8,99.8,99.8,50.2,83.6,46.3,18.3,0.0,70.1,83.1,2394.1,24.00,36,35,35,68,103,383,2,2,Yes,No,No,No,No,No,No,No,No,No,Yes,No,No,No,No,No,No,No,No,No,No,No,No,No,No,No,No,Yes,No,No,No,No,No,No,No,Yes,No,No,82.0,4440,4560,4260,57.0,1.110,1.110,1.800,1.815,0.990,5.110,2.125,No,No,No,57.2,1.110,1.110,1.800,1.815,0.990,5.110,1.500,No,No,No,40,40,94.0,100.0,No,No,32162,47988,37,70,99.0,100.0,No,No,1844,3246,0.1,1.1,1.2,0.008,0.076,97399,55434,0.0,0.0,0.0,0.000,0.000,164001,82786,78.1,72.0,86.9,83.0,0.875,20.587,20.566,20.607,81.976,42.538,65.061,15.712,80.946,3.000,18.717,70.214,44.113,100.000,140.000,2250.0,2200.2,1890.0,2245.2,1905.0,85.0,24.0,0.0,0.0,49.5,21.2,85.0,0.0,0.0,0.0,Yes,No,No,No,No,Yes,No,0,0,0,0,0,0,0,0,0,0,0,0,0,0,0,0,0,0,0,0,0,0,0,0,0,0,0,0,0,0,4133,4055,3824,98,16.0,64,0.300,21.413,700.0,2394.0,0.3,0.1,0.0,0.0,0.1,0.0,0.0,0.0,0.0,2,16190,2,No,No,No,No,No,No,No,No,16.744,68.277,100.0,0.000,24.1,0,0,0,0.0,44.0,46.0,42.4,42.4,42.4,42.4,43.9,44.3,43.5,43.3,43.3,43.3,22.76,22.90,22.54,22.54,22.90,22.90,19.56,3.21,6.05,16.71,0.10,697,17,2.2,0.2,0,0,0.0,0.0,0,
9.6.2026,15:1:0.357,15776,32992,32.3,12116,20267,37.4,10.1,16384,1662,1.150,1.181,1.191,1.184,1.129,1.139,1.145,1.160,1.125,1.130,1.160,1.165,1.130,1.130,1.130,1.063,0.846,3014.1,1396.6,4489.0,4688.5,4489.0,1396.6,4489.0,1097.3,1097.3,3591.2,1097.3,3591.2,3591.2,3591.2,3591.2,99.8,3890.5,405.6,113.0,109.6,3.4,740.5,2069.1,0.4,4.5,3857.1,702.0,0.3,439.9,0.2,22.6,4.5,0.6,42.5,0.5,0.5,0.5,1.3,506.9,10.5,5.0,6.4,0.0,21.8,47.8,7.9,0.0,83.4,18.1,0.7,10.9,0.0,3.0,1.0,0.0,3.6,0.0,0.0,0.0,0.0,83.4,10.5,100.0,15.8,4.6,4.6,0.3,29.6,80.0,0.0,0.4,147.1,27.6,0.0,17.3,0.0,1.2,0.3,0.1,2.3,0.1,0.1,0.0,0.1,15.8,30.2,14.0,45.0,47.0,45.0,14.0,45.0,11.0,11.0,36.0,11.0,36.0,36.0,36.0,36.0,39.0,63,66,65,68,63,62,64,61,61,61,61,62,62,62,62,37,34,35,32,37,38,36,39,39,39,39,38,38,38,38,75,68,No,No,No,No,No,No,No,No,No,No,No,No,No,No,No,No,No,No,No,No,No,No,No,No,No,No,No,No,No,No,No,No,No,No,No,No,No,No,No,No,No,No,No,No,No,No,No,No,76,72,64,1.100,9.281,21.333,14.784,0.001,5.162,0.489,175.0,175.0,175.0,175.0,0,0.0,9.8,5.0,4.3,0.2,21.9,47.8,0.0,0.1,83.2,18.2,0.0,10.8,0.0,1.5,0.3,0.0,2.9,0.0,0.0,0.0,0.1,4.8,0.6,20.0,22.2,16.1,7.1,1.2,0.0,0.0,0.0,0.0,0.0,0.0,0.0,0.0,57.2,0.0,0.0,7.5,0.0,0.0,0.0,98.3,99.5,99.8,96.7,99.8,99.8,99.8,99.8,51.7,86.5,51.6,17.8,0.0,69.4,85.2,2394.1,24.00,36,35,35,68,103,383,2,2,Yes,No,No,No,No,No,No,No,No,No,Yes,No,No,No,No,No,No,No,No,No,No,No,No,No,No,No,No,Yes,No,No,No,No,No,No,No,Yes,No,No,82.0,4440,4500,4200,57.0,1.110,1.110,1.800,1.815,0.990,5.110,0.750,No,No,No,57.2,1.110,1.110,1.800,1.815,0.990,5.110,0.875,No,No,No,40,40,94.0,100.0,No,No,32162,47988,37,70,99.0,100.0,No,No,1844,3246,0.0,0.9,0.9,0.000,0.027,97399,55434,0.0,0.0,0.0,0.000,0.000,164001,82786,79.5,72.0,88.6,83.0,0.875,20.560,20.537,20.584,84.334,44.853,68.372,15.711,84.250,3.000,18.710,76.550,47.380,100.000,140.000,2250.0,2200.2,1890.0,2245.2,1905.0,85.0,23.0,0.0,0.0,49.1,21.1,84.6,0.0,0.0,0.0,Yes,No,No,No,No,Yes,No,0,0,0,0,0,0,0,0,0,0,0,0,0,0,0,0,0,0,0,0,0,0,0,0,0,0,0,0,0,0,4166,4022,3791,98,16.0,64,0.300,21.157,700.0,2394.0,0.3,0.1,0.0,0.0,0.1,0.0,0.0,0.0,0.0,2,16190,2,No,No,No,No,No,No,No,No,16.745,68.277,100.0,0.000,24.1,0,0,0,0.0,44.2,52.5,40.1,39.5,39.4,39.4,44.2,46.5,43.6,43.5,43.5,43.5,22.62,22.93,21.48,21.45,22.97,22.97,19.46,3.16,6.04,16.58,0.18,697,17,0.1,0.2,0,0,0.0,0.0,0,
9.6.2026,15:1:2.363,15786,32981,32.3,12117,20266,37.4,10.1,16384,1662,1.174,1.141,1.150,1.177,1.136,1.215,1.152,1.177,1.177,1.172,1.182,1.157,1.193,1.213,1.203,1.063,0.846,2907.2,4489.0,4688.5,4688.5,4489.0,4688.5,1396.6,3591.2,3591.2,1097.3,3591.2,1097.3,1097.3,1097.3,1097.3,99.8,3890.5,406.5,161.0,89.1,3.6,724.5,1859.8,0.7,3.6,4003.9,630.3,0.5,491.5,0.7,35.4,8.3,5.6,108.4,0.8,0.7,0.7,0.8,507.9,11.4,7.9,2.8,0.0,23.3,45.4,2.5,3.3,85.1,16.2,18.0,12.3,0.0,2.2,0.0,0.0,8.2,0.3,0.3,0.3,0.3,85.1,11.4,100.0,15.9,6.8,3.7,0.3,29.4,72.1,0.1,0.3,152.2,24.7,0.0,19.4,0.1,2.0,0.5,0.4,5.9,0.1,0.1,0.1,0.1,15.9,29.1,45.0,47.0,47.0,45.0,47.0,14.0,36.0,36.0,11.0,36.0,11.0,11.0,11.0,11.0,39.0,63,63,67,71,72,65,58,61,61,61,61,61,61,62,62,37,37,33,29,28,35,42,39,39,39,39,39,39,38,38,76,72,No,No,No,No,No,No,No,No,No,No,No,No,No,No,No,No,No,No,No,No,No,No,No,No,No,No,No,No,No,No,No,No,No,No,No,No,No,No,No,No,No,No,No,No,No,No,No,No,75,71,65,1.100,11.813,22.529,15.990,0.001,5.163,0.488,175.0,175.0,175.0,175.0,0,0.0,10.3,7.6,3.4,0.2,23.2,45.3,0.0,0.1,85.1,16.2,0.0,12.1,0.0,2.7,0.5,0.4,7.9,0.1,0.1,0.1,0.1,5.6,4.7,28.1,23.3,14.1,4.3,3.8,0.0,0.0,0.0,0.0,0.0,0.0,0.0,0.0,57.4,0.0,0.0,17.4,0.0,0.0,0.0,96.9,99.3,99.4,91.5,99.7,99.7,99.7,99.7,47.6,80.6,41.4,9.2,0.0,74.1,80.5,2394.1,24.00,36,35,35,68,103,383,2,2,Yes,No,No,No,No,No,No,No,No,No,Yes,No,No,No,No,No,No,No,No,No,No,No,No,No,No,No,No,Yes,No,No,No,No,No,No,No,Yes,No,No,83.0,4380,4560,4260,57.0,1.110,1.110,1.800,1.815,0.990,5.110,0.625,No,No,No,57.2,1.110,1.110,1.800,1.815,0.990,5.110,1.250,No,No,No,40,40,94.0,100.0,No,No,32162,47988,37,70,99.0,100.0,No,No,1844,3246,0.0,1.5,1.5,0.000,0.152,97399,55434,0.0,0.0,0.0,0.000,0.000,164001,82786,79.8,72.0,89.1,83.0,0.875,20.565,20.543,20.587,86.351,43.379,67.556,15.920,83.646,3.000,18.918,64.066,50.549,100.000,140.000,2250.0,2200.2,1890.0,2244.5,1905.0,85.0,24.0,0.0,0.0,49.1,21.3,85.3,0.0,0.0,0.0,Yes,No,No,No,No,Yes,No,0,0,0,0,0,0,0,0,0,0,0,0,0,0,0,0,0,0,0,0,0,0,0,0,0,0,0,0,0,0,4166,4022,3791,98,16.0,65,0.300,22.694,700.0,2394.0,0.3,0.1,0.0,0.0,0.1,0.0,0.0,0.0,0.0,2,16190,2,No,No,No,No,No,No,No,No,16.745,68.277,100.0,0.000,24.1,0,0,0,0.0,43.8,45.1,42.2,42.1,42.0,42.0,43.8,44.1,43.1,43.0,43.0,43.0,22.85,23.21,22.65,22.65,23.37,23.37,19.66,3.19,5.82,17.04,0.10,697,17,0.2,0.2,0,0,0.0,0.0,0,
9.6.2026,15:1:4.354,15743,33025,32.2,12116,20268,37.4,10.1,16384,1662,1.178,1.179,1.144,1.155,1.175,1.176,1.184,1.166,1.166,1.181,1.166,1.181,1.211,1.201,1.201,1.063,0.846,2672.0,4489.0,1396.6,4489.0,4688.5,1396.6,4688.5,3591.2,1097.3,1097.3,3591.2,1097.3,3591.2,1097.3,1097.3,99.8,3890.5,410.0,129.2,92.9,3.6,752.0,1616.3,0.4,3.7,4219.8,617.8,0.3,430.5,0.2,65.6,41.5,51.8,159.4,2.5,11.2,0.6,0.6,511.6,12.0,5.7,4.1,4.4,22.0,38.3,11.6,0.0,89.9,15.4,0.6,10.8,9.7,5.6,3.2,4.8,12.4,0.0,0.7,0.0,0.0,89.9,12.0,100.0,16.2,5.2,3.8,0.3,30.2,63.4,0.0,0.3,160.8,24.2,0.0,16.9,0.0,3.6,2.3,2.8,8.5,0.2,0.6,0.1,0.1,16.2,26.8,45.0,14.0,45.0,47.0,14.0,47.0,36.0,11.0,11.0,36.0,11.0,36.0,11.0,11.0,39.0,63,62,66,64,71,61,61,61,61,61,61,62,62,62,62,37,38,34,36,29,39,39,39,39,39,39,38,38,38,38,76,71,No,No,No,No,No,No,No,No,No,No,No,No,No,No,No,No,No,No,No,No,No,No,No,No,No,No,No,No,No,No,No,No,No,No,No,No,No,No,No,No,No,No,No,No,No,No,No,No,76,71,65,1.100,9.281,22.359,15.827,0.001,5.166,0.487,175.0,175.0,175.0,175.0,0,0.0,10.6,5.8,2.8,0.2,22.2,38.1,0.0,0.1,89.7,15.6,0.0,11.0,0.0,5.0,3.3,4.3,12.5,0.2,0.9,0.0,0.0,4.5,1.6,23.5,15.7,9.7,7.4,4.8,0.0,0.0,0.0,0.0,0.0,0.0,0.0,0.0,55.5,0.0,0.0,5.8,0.0,0.0,0.0,94.6,96.4,95.5,87.0,99.7,98.9,99.8,99.8,53.5,86.8,47.5,33.9,0.0,72.3,80.7,2394.1,24.00,36,35,35,68,103,383,2,2,Yes,No,No,No,No,No,No,No,No,No,Yes,No,No,No,No,No,No,No,No,No,No,No,No,No,No,No,No,Yes,No,No,No,No,No,No,No,Yes,No,No,83.0,4500,4680,4380,57.0,1.110,1.110,1.800,1.815,1.005,5.110,0.625,No,No,No,57.2,1.110,1.110,1.800,1.815,1.005,5.110,0.750,No,No,No,40,40,94.0,100.0,No,No,32162,47988,36,70,99.0,100.0,No,No,1844,3246,0.0,0.5,0.5,0.000,0.024,97399,55434,0.0,0.0,0.0,0.000,0.000,164001,82786,80.5,74.0,90.7,83.0,0.875,20.572,20.549,20.595,86.067,44.637,67.784,15.864,83.820,3.000,18.868,75.297,47.829,100.000,140.000,2250.0,2200.2,1890.0,2245.0,1905.0,85.0,24.0,0.0,0.0,49.1,21.3,85.2,0.0,0.0,0.0,Yes,No,No,No,No,Yes,No,0,0,0,0,0,0,0,0,0,0,0,0,0,0,0,0,0,0,0,0,0,0,0,0,0,0,0,0,0,0,4166,4022,3791,97,16.0,66,0.300,22.124,700.0,2394.0,0.3,0.1,0.0,0.0,0.1,0.0,0.0,0.0,0.0,2,16190,2,No,No,No,No,No,No,No,No,16.745,68.277,100.0,0.000,24.1,0,0,0,0.0,43.4,45.2,41.4,41.4,41.3,41.3,43.4,43.7,42.5,42.2,42.1,42.1,23.06,23.54,22.87,22.85,23.76,23.76,19.87,3.20,5.97,17.09,0.08,697,17,0.3,0.5,0,0,0.0,0.0,0,
9.6.2026,15:1:6.357,15744,33024,32.2,12116,20267,37.4,10.1,16384,1662,1.181,1.168,1.168,1.178,1.152,1.186,1.186,1.161,1.161,1.158,1.168,1.218,1.208,1.208,1.208,1.063,0.846,3455.8,1396.6,4489.0,4688.5,4688.5,4688.5,4688.5,3591.2,3591.2,1097.3,3591.2,1097.3,3591.2,3591.2,3591.2,99.8,3890.5,406.3,142.8,130.4,4.1,806.9,1806.3,0.4,3.6,4029.8,630.9,0.3,387.6,0.2,41.2,12.2,34.5,91.8,0.9,0.6,0.5,0.9,507.7,10.4,6.7,3.2,0.8,24.6,43.6,0.0,0.7,86.2,15.7,0.0,9.4,0.0,3.1,1.5,3.3,6.2,0.7,0.7,0.7,0.7,86.2,10.4,100.0,15.9,6.0,5.4,0.3,32.7,70.5,0.0,0.3,153.6,24.8,0.0,15.1,0.0,2.2,0.7,1.9,5.0,0.1,0.1,0.1,0.1,15.9,34.6,14.0,45.0,47.0,47.0,47.0,47.0,36.0,36.0,11.0,36.0,11.0,36.0,36.0,36.0,39.0,62,63,65,64,66,63,60,61,61,61,61,61,61,61,61,38,37,35,36,34,37,40,39,39,39,39,39,39,39,39,76,66,No,No,No,No,No,No,No,No,No,No,No,No,No,No,No,No,No,No,No,No,No,No,No,No,No,No,No,No,No,No,No,No,No,No,No,No,No,No,No,No,No,No,No,No,No,No,No,No,76,72,66,1.100,20.250,21.850,15.303,0.002,5.162,0.488,175.0,175.0,175.0,175.0,0,0.0,10.2,6.8,3.4,0.2,24.7,43.5,0.0,0.1,86.1,15.8,0.0,9.5,0.0,3.2,0.9,2.7,6.2,0.1,0.0,0.0,0.1,5.0,4.9,24.3,14.3,13.1,10.6,2.9,0.0,0.0,0.0,0.0,0.0,0.0,0.0,0.0,56.8,0.0,0.0,10.5,0.0,0.0,0.0,96.5,99.0,97.2,93.2,99.8,99.8,99.9,99.8,50.6,80.8,43.3,25.7,0.0,68.8,85.0,2394.1,24.00,36,35,35,68,103,383,2,2,Yes,No,No,No,No,No,No,No,No,No,Yes,No,No,No,No,No,No,No,No,No,No,No,No,No,No,No,No,Yes,No,No,No,No,No,No,No,Yes,No,No,83.0,4500,4800,4380,57.0,1.110,1.110,1.800,1.815,1.005,5.110,0.750,No,No,No,57.5,1.110,1.110,1.800,1.815,1.005,5.180,1.250,No,No,No,40,40,94.0,100.0,No,No,32162,47988,37,70,99.0,100.0,No,No,1844,3246,0.1,1.4,1.6,0.008,0.090,97399,55435,0.0,0.0,0.0,0.000,0.000,164001,82786,79.9,74.0,88.8,83.0,0.875,20.567,20.545,20.590,85.994,35.350,67.068,15.799,83.040,3.000,18.791,11.111,48.643,100.000,140.000,2250.0,2200.2,1890.0,2244.9,1905.0,84.0,24.0,0.0,0.0,49.1,21.2,85.0,0.0,0.0,0.0,Yes,No,No,No,No,Yes,No,0,0,0,0,0,0,0,0,0,0,0,0,0,0,0,0,0,0,0,0,0,0,0,0,0,0,0,0,0,0,4166,4022,3799,97,16.0,64,0.300,22.032,700.0,2394.0,0.3,0.1,0.0,0.0,0.1,0.0,0.0,0.0,0.0,2,16190,2,No,No,No,No,No,No,No,No,16.745,68.277,100.0,0.000,24.1,0,0,0,0.0,43.7,45.8,41.8,41.7,41.7,41.7,43.7,44.1,43.1,43.0,43.0,43.0,22.90,23.14,22.62,22.60,23.15,23.15,19.71,3.19,5.88,17.02,0.11,697,17,0.5,0.3,0,0,0.0,0.0,0,
9.6.2026,15:1:8.367,15786,32982,32.3,12114,20270,37.4,10.1,16384,1662,1.169,1.184,1.155,1.183,1.168,1.160,1.165,1.190,1.185,1.155,1.155,1.195,1.155,1.155,1.165,1.101,0.846,2344.3,1396.6,1396.6,4688.5,4688.5,4688.5,4688.5,3591.2,1097.3,1097.3,1097.3,1097.3,1097.3,1097.3,1097.3,99.8,4090.0,394.3,101.8,129.5,3.6,705.3,2074.2,0.4,4.1,3803.4,647.3,0.2,324.1,0.2,13.9,25.8,4.0,45.7,0.5,0.5,0.5,0.6,492.7,10.1,4.5,4.1,0.0,20.8,48.3,3.1,0.0,81.2,16.1,11.8,7.7,0.0,0.2,1.1,0.0,3.5,0.0,0.0,0.0,0.0,81.2,10.1,100.0,15.3,4.0,5.4,0.3,28.3,80.2,0.0,0.3,145.1,25.4,0.0,12.5,0.0,0.8,1.4,0.2,2.5,0.0,0.0,0.0,0.1,15.3,23.5,14.0,14.0,47.0,47.0,47.0,47.0,36.0,11.0,11.0,11.0,11.0,11.0,11.0,11.0,41.0,63,62,67,60,75,61,64,61,61,61,61,61,62,62,62,37,38,33,40,25,39,36,39,39,39,39,39,38,38,38,76,75,No,No,No,No,No,No,No,No,No,No,No,No,No,No,No,No,No,No,No,No,No,No,No,No,No,No,No,No,No,No,No,No,No,No,No,No,No,No,No,No,No,No,No,No,No,No,No,No,76,68,64,1.100,8.438,20.875,14.407,0.002,5.152,0.485,175.0,175.0,175.0,175.0,0,0.0,9.5,4.5,4.9,0.2,20.9,48.2,0.0,0.1,81.1,16.1,0.0,7.7,0.0,1.0,1.9,0.3,3.5,0.0,0.0,0.0,0.1,5.4,0.4,25.5,24.4,17.3,6.8,1.4,0.0,0.0,0.0,0.0,0.0,0.0,0.0,0.0,57.4,0.0,0.0,11.3,0.5,0.0,0.0,98.8,98.0,99.6,96.2,99.8,99.8,99.8,99.8,51.3,87.0,47.1,12.1,0.0,72.4,89.0,2394.1,24.00,36,35,35,68,103,383,2,2,Yes,No,No,No,No,No,No,No,No,No,Yes,No,No,No,No,No,No,No,No,No,No,No,No,No,No,No,No,Yes,No,No,No,No,No,No,No,Yes,No,No,82.0,4560,4800,4380,57.0,1.110,1.110,1.800,1.815,1.005,5.110,0.625,No,No,No,57.5,1.095,1.110,1.800,1.815,1.005,5.110,0.625,No,No,No,40,40,94.0,100.0,No,No,32162,47988,37,70,99.0,100.0,No,No,1844,3246,0.0,0.3,0.3,0.000,0.017,97399,55435,0.0,0.0,0.0,0.000,0.000,164001,82786,79.8,72.0,88.8,83.0,0.875,20.564,20.542,20.586,86.348,44.266,68.873,15.489,84.506,3.000,18.484,71.895,47.615,100.000,140.000,2250.0,2200.2,1890.0,2245.1,1905.0,90.0,22.0,0.0,0.0,49.5,21.7,86.9,0.0,0.0,0.0,Yes,No,No,No,No,Yes,No,0,0,0,0,0,0,0,0,0,0,0,0,0,0,0,0,0,0,0,0,0,0,0,0,0,0,0,0,0,0,4135,4053,3821,99,16.0,64,0.300,21.184,700.0,2394.0,0.3,0.1,0.0,0.0,0.1,0.0,0.0,0.0,0.0,2,16190,2,No,No,No,No,No,No,No,No,16.745,68.277,100.0,0.000,24.1,0,0,0,0.0,40.3,45.8,37.2,37.1,37.1,37.1,40.0,45.2,38.1,38.0,38.0,38.0,24.91,26.32,22.10,22.09,26.39,26.39,22.50,2.52,6.24,18.67,0.27,697,17,0.1,0.2,0,0,0.0,0.0,0,
9.6.2026,15:1:10.367,15787,32981,32.3,12116,20267,37.4,10.1,16384,1662,1.181,1.173,1.165,1.140,1.140,1.150,1.155,1.144,1.184,1.204,1.204,1.219,1.221,1.221,1.221,1.063,0.846,2778.9,4489.0,1396.6,798.0,4489.0,4489.0,4489.0,1097.3,1097.3,1097.3,1097.3,3591.2,3591.2,3591.2,3591.2,99.8,3890.5,392.8,88.6,128.5,3.9,758.8,1734.0,0.4,4.1,4033.3,664.6,0.3,352.6,0.1,17.9,7.1,6.3,52.8,0.6,0.6,0.5,1.2,490.8,10.2,4.2,3.9,0.9,22.7,42.0,0.0,1.6,85.9,16.7,0.0,8.3,11.7,1.3,0.6,0.5,3.7,0.1,0.0,0.0,0.1,85.9,10.2,100.0,15.3,3.5,5.3,0.3,30.5,67.6,0.0,0.3,153.7,25.9,0.0,13.7,0.0,1.0,0.4,0.4,2.9,0.1,0.1,0.1,0.1,15.3,27.9,45.0,14.0,8.0,45.0,45.0,45.0,11.0,11.0,11.0,11.0,36.0,36.0,36.0,36.0,39.0,63,63,67,65,70,64,63,61,61,61,61,62,62,62,62,37,37,33,35,30,36,37,39,39,39,39,38,38,38,38,76,70,No,No,No,No,No,No,No,No,No,No,No,No,No,No,No,No,No,No,No,No,No,No,No,No,No,No,No,No,No,No,No,No,No,No,No,No,No,No,No,No,No,No,No,No,No,No,No,No,76,72,65,1.100,12.656,19.234,12.655,0.001,5.151,0.484,175.0,175.0,175.0,175.0,0,0.0,9.5,4.2,3.9,0.2,22.7,41.9,0.0,0.1,85.8,16.7,0.0,8.3,0.0,1.3,0.6,0.5,3.7,0.0,0.0,0.0,0.1,4.4,0.0,23.4,18.4,13.4,5.6,0.7,0.0,0.0,0.0,0.0,0.0,0.0,0.0,0.0,57.1,0.0,0.0,7.4,0.0,0.0,0.0,98.5,99.3,99.4,95.9,99.8,99.8,99.8,99.8,54.1,88.9,46.9,26.2,0.0,73.3,89.1,2394.1,24.00,36,35,35,68,103,383,2,2,Yes,No,No,No,No,No,No,No,No,No,Yes,No,No,No,No,No,No,No,No,No,No,No,No,No,No,No,No,Yes,No,No,No,No,No,No,No,Yes,No,No,82.0,4500,4860,4380,57.0,1.110,1.110,1.800,1.815,1.005,5.110,0.625,No,No,No,57.5,1.110,1.110,1.800,1.815,1.005,5.110,0.750,No,No,No,40,40,94.0,100.0,No,No,32162,47988,36,70,99.0,100.0,No,No,1844,3246,0.0,1.4,1.4,0.000,0.042,97399,55435,0.0,0.0,0.0,0.000,0.000,164001,82786,81.5,72.0,91.9,83.0,0.875,20.568,20.546,20.590,87.834,43.998,70.656,15.759,86.562,3.000,18.768,65.145,48.096,100.000,140.000,2250.0,2200.2,1890.0,2245.4,1905.0,94.0,23.0,0.0,0.0,49.5,23.1,92.4,0.0,0.0,0.0,Yes,No,No,No,No,Yes,No,0,0,0,0,0,0,0,0,0,0,0,0,0,0,0,0,0,0,0,0,0,0,0,0,0,0,0,0,0,0,4133,4055,3823,99,16.0,65,0.300,19.254,700.0,2394.0,0.3,0.1,0.0,0.0,0.1,0.0,0.0,0.0,0.0,2,16190,2,No,No,No,No,No,No,No,No,16.745,68.277,100.0,0.000,24.1,0,0,0,0.0,39.8,42.8,36.3,36.2,36.1,36.1,39.9,42.5,37.4,37.2,37.2,37.2,25.11,26.73,23.51,23.50,26.77,26.77,23.70,1.40,6.23,18.88,0.39,697,17,0.1,0.2,0,0,0.0,0.0,0,
9.6.2026,15:1:12.356,15780,32988,32.3,12116,20268,37.4,10.1,16384,1662,1.095,1.206,1.161,1.176,1.161,0.731,1.216,1.201,1.201,1.201,1.204,1.204,0.869,0.904,0.899,1.101,0.846,1802.7,1396.6,1396.6,1396.6,4688.5,1396.6,4688.5,1097.3,1097.3,1097.3,1097.3,1097.3,1097.3,2593.7,1097.3,99.8,4090.0,386.3,138.2,109.2,3.6,767.3,1815.8,0.4,3.8,3879.5,533.0,0.2,362.7,0.1,27.4,3.6,1.4,76.0,1.0,1.2,0.9,0.8,482.6,10.6,7.2,3.3,3.7,22.7,42.9,2.9,2.9,83.1,14.3,2.1,9.4,0.0,3.3,1.6,1.4,6.4,1.4,1.5,1.4,1.4,83.1,10.6,100.0,15.1,5.9,4.5,0.3,30.8,70.2,0.0,0.3,147.7,20.9,0.0,14.2,0.0,1.5,0.2,0.1,4.1,0.1,0.1,0.1,0.1,15.1,18.1,14.0,14.0,14.0,47.0,14.0,47.0,11.0,11.0,11.0,11.0,11.0,11.0,26.0,11.0,41.0,62,63,62,63,74,61,61,60,60,60,60,62,62,62,62,38,37,38,37,26,39,39,40,40,40,40,38,38,38,38,76,74,No,No,No,No,No,No,No,No,No,No,No,No,No,No,No,No,No,No,No,No,No,No,No,No,No,No,No,No,No,No,No,No,No,No,No,No,No,No,No,No,No,No,No,No,No,No,No,No,76,72,65,1.100,29.532,20.065,13.559,0.001,5.135,0.485,175.0,175.0,175.0,175.0,0,0.0,9.5,6.6,3.5,0.2,22.3,42.6,0.0,0.1,82.8,13.8,0.0,8.9,0.0,1.9,0.3,0.1,5.8,0.1,0.1,0.1,0.1,4.5,2.4,18.5,19.7,16.5,5.2,1.0,0.0,0.0,0.0,0.0,0.0,0.0,0.0,0.0,57.1,0.0,2.3,7.3,0.0,0.0,0.0,97.8,99.6,99.8,93.7,99.8,99.8,99.8,99.8,53.9,83.8,50.0,25.6,0.0,76.6,87.6,2394.1,24.00,36,35,35,68,103,383,2,2,Yes,No,No,No,No,No,No,No,No,No,Yes,No,No,No,No,No,No,No,No,No,No,No,No,No,No,No,No,Yes,No,No,No,No,No,No,No,Yes,No,No,82.0,4560,4800,4440,57.0,1.110,1.110,1.815,1.815,1.005,5.110,0.750,No,No,No,57.5,1.110,1.110,1.800,1.815,1.005,5.110,0.750,No,No,No,40,40,94.0,100.0,No,No,32162,47988,36,70,99.0,100.0,No,No,1844,3246,0.0,0.6,0.6,0.000,0.087,97399,55435,0.0,0.0,0.0,0.000,0.000,164001,82786,81.7,74.0,92.0,83.0,0.875,20.574,20.552,20.596,88.790,44.071,69.775,16.030,85.947,3.000,19.042,64.917,49.786,100.000,140.000,2250.0,2200.2,1890.0,2245.1,1905.0,94.0,24.0,0.0,0.0,49.5,23.4,93.7,0.0,0.0,0.0,Yes,No,No,No,No,Yes,No,0,0,0,0,0,0,0,0,0,0,0,0,0,0,0,0,0,0,0,0,0,0,0,0,0,0,0,0,0,0,4133,4055,3823,101,16.0,65,0.300,19.732,600.0,2394.0,0.4,0.1,0.0,0.0,0.1,0.0,0.0,0.0,0.0,2,16190,2,No,No,No,No,No,No,No,No,16.744,68.277,100.0,0.000,24.1,0,0,0,0.0,40.6,43.0,39.1,39.0,39.0,39.0,40.5,40.7,40.2,40.2,40.2,40.2,24.70,24.90,24.51,24.50,24.90,24.90,23.36,1.34,6.35,18.35,0.12,697,17,0.1,0.2,0,0,0.0,0.0,0,
9.6.2026,15:1:14.366,15780,32988,32.3,12122,20262,37.4,10.1,16384,1662,1.190,1.164,1.179,1.169,1.179,1.198,1.212,1.197,1.193,1.193,1.193,1.198,1.193,1.207,1.192,1.063,0.846,2522.4,1396.6,4688.5,1396.6,4688.5,4688.5,4688.5,1097.3,1097.3,1097.3,1097.3,3591.2,1097.3,3591.2,1097.3,99.8,3890.5,395.4,257.5,0.3,24.9,55.6,1935.4,0.6,3746.5,311.1,769.8,0.4,649.6,0.3,13.2,0.5,0.5,13.9,73.8,48.2,5.6,0.6,486.3,9.7,11.7,0.0,0.0,0.5,46.3,5.9,79.6,5.5,19.6,2.3,15.9,0.0,0.0,0.0,0.0,0.0,5.0,2.4,0.0,0.0,79.6,9.7,100.0,15.4,10.8,0.0,1.0,2.4,75.3,0.0,142.8,11.9,30.2,0.0,25.2,0.0,0.7,0.1,0.1,0.8,4.0,2.6,0.3,0.1,15.4,25.3,14.0,47.0,14.0,47.0,47.0,47.0,11.0,11.0,11.0,11.0,36.0,11.0,36.0,11.0,39.0,63,63,66,64,74,63,63,61,61,61,61,62,62,62,62,37,37,34,36,26,37,37,39,39,39,39,38,38,38,38,76,74,No,No,No,No,No,No,No,No,No,No,No,No,No,No,No,No,No,No,No,No,No,No,No,No,No,No,No,No,No,No,No,No,No,No,No,No,No,No,No,No,No,No,No,No,No,No,No,No,76,72,64,1.100,8.438,20.706,14.181,0.001,5.165,0.489,175.0,175.0,175.0,175.0,0,0.0,9.7,11.7,0.0,0.7,2.0,46.3,0.0,79.5,6.9,19.7,0.0,16.1,0.0,1.1,0.1,0.1,0.9,4.9,3.8,0.4,0.0,4.1,11.4,3.3,10.3,11.9,14.3,5.7,0.0,0.0,0.0,0.0,0.0,0.0,0.0,0.0,57.1,0.0,0.0,12.3,0.1,0.0,0.0,98.7,99.8,99.8,98.9,94.6,95.9,99.5,99.8,54.3,73.6,92.7,25.3,0.8,60.2,73.5,2394.1,24.00,36,35,35,68,103,383,2,2,Yes,No,No,No,No,No,No,No,No,No,Yes,No,No,No,No,No,No,No,No,No,No,No,No,No,No,No,No,Yes,No,No,No,No,No,No,No,Yes,No,No,83.0,4620,4860,4500,57.0,1.110,1.110,1.815,1.815,1.005,5.110,1.375,No,No,No,57.5,1.110,1.110,1.815,1.815,1.005,5.110,1.625,No,No,No,40,40,94.0,100.0,No,No,32162,47988,37,70,99.0,100.0,No,No,1844,3246,0.0,1.2,1.2,0.000,0.078,97399,55435,0.0,0.0,0.0,0.000,0.000,164001,82786,81.6,74.0,91.9,83.0,0.875,20.570,20.548,20.592,88.386,39.374,68.245,16.172,84.573,3.000,19.182,29.764,54.681,100.000,140.000,2250.0,2200.2,1890.0,2245.2,1905.0,93.0,25.0,0.0,1.0,49.5,23.1,92.3,0.0,0.0,0.0,Yes,No,No,No,No,Yes,No,0,0,0,0,0,0,0,0,0,0,0,0,0,0,0,0,0,0,0,0,0,0,0,0,0,0,0,0,0,0,4133,4055,3823,101,16.0,65,0.300,20.903,600.0,2394.0,0.3,0.1,0.0,0.0,0.1,0.0,0.0,0.0,0.0,2,16190,2,No,No,No,No,No,No,No,No,16.745,68.277,100.0,0.000,24.1,0,0,0,0.0,41.0,42.6,38.7,38.6,38.6,38.6,41.0,41.2,40.6,40.6,40.6,40.6,24.41,24.57,24.20,24.15,24.58,24.58,22.81,1.60,6.64,17.77,0.09,697,17,2.2,0.5,0,0,0.0,0.0,0,
9.6.2026,15:1:16.363,15827,32941,32.4,12120,20264,37.4,10.1,16384,1662,1.177,1.190,1.205,1.190,1.190,1.192,1.182,1.167,1.167,1.167,1.167,1.157,1.170,1.170,1.160,1.101,0.846,3220.7,4489.0,1396.6,4688.5,4688.5,4688.5,1396.6,3591.2,3591.2,3591.2,3591.2,1097.3,3591.2,3591.2,1097.3,99.8,4090.0,400.9,231.4,3.3,18.0,2.8,1914.7,3.2,4108.8,3.3,855.4,3.2,602.9,3.3,2.6,2.6,2.6,2.6,117.0,73.0,49.9,17.1,485.0,10.0,8.5,0.0,1.4,0.3,44.9,0.0,87.5,0.0,21.5,0.0,14.2,0.0,0.3,0.3,0.3,0.3,8.0,5.5,5.0,1.4,87.5,10.0,100.0,15.7,9.3,0.1,0.7,0.1,74.0,0.1,156.8,0.1,33.6,0.1,23.8,0.1,0.2,0.2,0.2,0.2,6.3,3.9,2.7,0.9,15.7,32.3,45.0,14.0,47.0,47.0,47.0,14.0,36.0,36.0,36.0,36.0,11.0,36.0,36.0,11.0,41.0,62,62,66,63,72,61,60,61,61,61,61,61,61,61,61,38,38,34,37,28,39,40,39,39,39,39,39,39,39,39,75,72,No,No,No,No,No,No,No,No,No,No,No,No,No,No,No,No,No,No,No,No,No,No,No,No,No,No,No,No,No,No,No,No,No,No,No,No,No,No,No,No,No,No,No,No,No,No,No,No,76,74,66,1.100,16.031,21.154,14.575,0.001,5.183,0.490,175.0,175.0,175.0,175.0,0,0.0,9.9,9.0,0.1,0.5,0.1,45.3,0.1,87.4,0.1,22.0,0.1,14.7,0.1,0.1,0.1,0.1,0.1,8.5,5.3,3.3,1.2,3.7,5.8,0.0,15.6,11.5,14.3,5.2,0.0,0.0,0.0,0.0,0.0,0.0,0.0,0.0,56.9,0.0,0.0,17.0,0.0,0.0,0.0,99.8,99.8,99.8,99.8,91.0,94.4,96.5,98.6,55.7,83.2,99.2,17.9,0.0,58.0,76.1,2394.1,24.00,36,35,35,68,103,383,2,2,Yes,No,No,No,No,No,No,No,No,No,Yes,No,No,No,No,No,No,No,No,No,No,No,No,No,No,No,No,Yes,No,No,No,No,No,No,No,Yes,No,No,82.0,4620,4920,4560,57.0,1.110,1.110,1.815,1.815,1.005,5.110,1.750,No,No,No,57.5,1.110,1.110,1.815,1.815,1.005,5.110,0.750,No,No,No,40,40,94.0,100.0,No,No,32162,47988,37,70,99.0,100.0,No,No,1844,3246,0.0,0.9,0.9,0.000,0.037,97399,55435,0.0,0.0,0.0,0.000,0.000,164001,82786,80.3,74.0,90.4,83.0,0.875,20.576,20.555,20.596,86.788,40.442,64.004,15.786,79.955,3.000,18.788,53.105,48.455,100.000,140.000,2250.0,2200.2,1890.0,2245.1,1905.0,90.0,23.0,0.0,0.0,49.5,23.2,92.6,0.0,0.0,0.0,Yes,No,No,No,No,Yes,No,0,0,0,0,0,0,0,0,0,0,0,0,0,0,0,0,0,0,0,0,0,0,0,0,0,0,0,0,0,0,4133,4055,3824,104,16.0,66,0.300,20.961,600.0,2394.0,0.3,0.1,0.0,0.0,0.1,0.0,0.0,0.0,0.0,2,16190,2,No,No,No,No,No,No,No,No,16.745,68.277,100.0,0.000,24.1,0,0,0,0.0,43.4,47.1,37.3,36.7,36.7,36.7,43.6,46.8,39.5,38.8,38.8,38.8,22.99,25.31,21.41,21.10,25.75,25.75,21.24,1.70,6.27,16.72,0.62,697,17,0.4,0.5,0,0,0.0,0.0,0,
9.6.2026,15:1:18.367,15827,32940,32.4,12119,20265,37.4,10.1,16384,1662,1.173,1.194,1.169,1.188,1.163,1.158,1.183,1.153,1.148,1.168,1.148,1.160,1.195,1.195,1.195,1.101,0.846,2565.2,4688.5,1396.6,4688.5,4688.5,4489.0,4688.5,3591.2,1097.3,1097.3,1097.3,1097.3,1097.3,1097.3,1097.3,99.8,4090.0,393.8,201.2,0.2,53.3,0.2,1852.2,0.5,4084.7,0.2,859.2,0.3,611.1,0.2,0.8,0.5,0.5,0.4,92.3,83.4,28.0,6.0,479.1,9.7,7.9,0.8,1.6,0.0,43.5,0.0,86.5,0.8,21.6,0.0,14.6,0.0,0.1,0.0,0.0,0.0,6.7,7.5,2.1,0.3,86.5,9.7,100.0,15.3,8.1,0.0,2.2,0.0,71.6,0.0,155.8,0.0,33.8,0.0,23.9,0.0,0.1,0.1,0.0,0.0,5.0,4.5,1.5,0.3,15.3,25.7,47.0,14.0,47.0,47.0,45.0,47.0,36.0,11.0,11.0,11.0,11.0,11.0,11.0,11.0,41.0,62,63,63,70,66,63,58,61,61,61,61,62,62,62,62,38,37,37,30,34,37,42,39,39,39,39,38,38,38,38,75,70,No,No,No,No,No,No,No,No,No,No,No,No,No,No,No,No,No,No,No,No,No,No,No,No,No,No,No,No,No,No,No,No,No,No,No,No,No,No,No,No,No,No,No,No,No,No,No,No,76,71,64,1.100,6.750,21.079,14.513,0.002,5.183,0.489,175.0,175.0,175.0,175.0,0,0.0,9.6,7.9,0.0,1.6,0.0,43.5,0.0,86.3,0.0,21.6,0.0,14.7,0.0,0.1,0.0,0.0,0.0,6.6,6.8,2.1,0.3,4.0,6.0,2.6,13.7,13.0,14.9,5.6,0.0,0.0,0.0,0.0,0.0,0.0,0.0,0.0,56.9,0.0,0.0,13.6,0.0,0.0,0.0,99.8,99.8,99.8,99.8,92.9,93.0,97.7,99.6,56.2,84.4,95.2,24.2,0.0,57.8,75.4,2394.1,24.00,36,35,35,68,103,383,2,2,Yes,No,No,No,No,No,No,No,No,No,Yes,No,No,No,No,No,No,No,No,No,No,No,No,No,No,No,No,Yes,No,No,No,No,No,No,No,Yes,No,No,83.0,4620,4860,4500,57.2,1.110,1.110,1.815,1.815,1.005,5.110,0.750,No,No,No,57.5,1.110,1.110,1.815,1.815,1.005,5.110,0.750,No,No,No,40,40,94.0,100.0,No,No,32162,47988,36,70,99.0,100.0,No,No,1844,3246,0.0,1.4,1.4,0.000,0.119,97399,55435,0.0,0.0,0.0,0.000,0.000,164001,82786,79.6,72.0,88.9,83.0,0.875,20.562,20.539,20.585,85.753,36.193,67.291,16.082,83.512,3.000,19.080,11.139,53.247,100.000,140.000,2250.0,2200.2,1890.0,2245.2,1905.0,91.0,24.0,0.0,0.0,49.6,22.6,90.5,0.0,0.0,0.0,Yes,No,No,No,No,Yes,No,0,0,0,0,0,0,0,0,0,0,0,0,0,0,0,0,0,0,0,0,0,0,0,0,0,0,0,0,0,0,4127,4061,3830,102,16.0,65,0.300,20.980,600.0,2394.0,0.3,0.1,0.0,0.0,0.1,0.0,0.0,0.0,0.0,2,16190,2,No,No,No,No,No,No,No,No,16.745,68.277,100.0,0.000,24.1,0,0,0,0.0,44.2,46.1,42.5,42.5,42.5,42.5,44.3,44.7,43.9,43.9,43.9,43.9,22.59,22.81,22.41,22.41,22.82,22.82,20.60,2.00,6.24,16.34,0.10,697,17,0.2,0.2,0,0,0.0,0.0,0,
9.6.2026,15:1:20.366,15789,32978,32.3,12120,20264,37.4,10.1,16384,1662,1.193,1.185,1.170,1.170,1.191,1.181,1.171,1.221,1.221,1.221,1.221,1.213,1.178,1.183,1.178,1.063,0.846,2878.7,4489.0,1396.6,4688.5,4888.0,4688.5,1396.6,3591.2,3591.2,3591.2,3591.2,1097.3,1097.3,1097.3,1097.3,99.8,3890.5,392.1,217.7,0.2,37.9,0.2,2108.8,0.6,3864.1,0.3,869.1,0.3,596.4,0.3,0.5,0.5,0.5,0.6,62.9,50.7,22.8,7.1,481.1,10.8,9.2,3.8,1.5,3.8,49.7,3.8,82.2,3.8,22.2,3.8,14.1,3.8,0.8,0.8,0.8,0.8,4.0,3.9,2.6,1.3,82.2,10.8,100.0,15.2,8.7,0.0,1.5,0.0,81.4,0.0,147.3,0.0,33.9,0.0,23.3,0.0,0.1,0.1,0.1,0.1,3.4,2.7,1.3,0.4,15.2,28.9,45.0,14.0,47.0,49.0,47.0,14.0,36.0,36.0,36.0,36.0,11.0,11.0,11.0,11.0,39.0,64,61,66,69,68,66,63,62,62,62,62,62,62,62,62,36,39,34,31,32,34,37,38,38,38,38,38,38,38,38,75,69,No,No,No,No,No,No,No,No,No,No,No,No,No,No,No,No,No,No,No,No,No,No,No,No,No,No,No,No,No,No,No,No,No,No,No,No,No,No,No,No,No,No,No,No,No,No,No,No,76,71,64,1.100,9.281,20.921,14.354,0.002,5.186,0.489,175.0,175.0,175.0,175.0,0,0.0,9.5,9.1,0.0,1.5,0.0,49.6,0.0,82.0,0.0,22.3,0.0,14.1,0.0,0.0,0.0,0.0,0.0,3.9,3.9,1.8,0.5,4.4,4.5,0.7,23.9,17.2,10.1,4.8,0.0,0.0,0.0,0.0,0.0,0.0,0.0,0.0,57.3,0.0,0.0,13.8,0.0,0.0,0.0,99.8,99.8,99.8,99.8,95.6,95.9,98.0,99.4,54.9,84.5,97.3,9.0,0.0,62.1,76.8,2394.1,24.00,36,35,35,68,103,383,2,2,Yes,No,No,No,No,No,No,No,No,No,Yes,No,No,No,No,No,No,No,No,No,No,No,No,No,No,No,No,Yes,No,No,No,No,No,No,No,Yes,No,No,83.0,4620,4860,4440,57.2,1.095,1.110,1.815,1.815,1.005,5.110,1.000,No,No,No,57.5,1.110,1.110,1.815,1.815,1.005,5.110,0.750,No,No,No,40,40,94.0,100.0,No,No,32162,47988,36,70,99.0,100.0,No,No,1844,3246,0.0,0.9,0.9,0.000,0.684,97399,55437,0.0,0.0,0.0,0.000,0.000,164001,82786,80.4,72.0,90.9,83.0,0.875,20.564,20.542,20.587,85.226,43.765,67.974,16.454,84.571,3.000,19.449,62.512,52.397,100.000,140.000,2250.0,2200.2,1890.0,2232.4,1905.0,92.0,25.0,0.0,0.0,49.6,22.8,91.2,0.0,0.0,0.0,Yes,No,No,No,No,Yes,No,0,0,0,0,0,0,0,0,0,0,0,0,0,0,0,0,0,0,0,0,0,0,0,0,0,0,0,0,0,0,4127,4061,3830,101,16.0,64,0.300,21.188,600.0,2394.0,0.3,0.1,0.0,0.0,0.1,0.0,0.0,0.0,0.0,2,16190,2,No,No,No,No,No,No,No,No,16.745,68.277,100.0,0.000,24.1,0,0,0,0.0,43.9,46.7,42.0,41.8,41.8,41.8,43.9,44.3,43.7,43.7,43.7,43.7,22.77,22.98,22.57,22.55,23.01,23.01,20.92,1.85,6.39,16.38,0.07,697,17,0.1,0.3,0,0,0.0,0.0,0,
9.6.2026,15:1:22.367,15787,32981,32.3,12116,20268,37.4,10.1,16384,1662,1.190,1.190,1.165,1.145,1.185,1.170,1.170,1.200,1.198,1.198,1.198,1.198,1.217,1.207,1.212,1.101,0.846,2094.9,1396.6,4489.0,1396.6,4688.5,1396.6,4688.5,1097.3,1097.3,1097.3,1097.3,1097.3,1097.3,1097.3,3591.2,99.8,4090.0,389.4,211.6,0.1,47.8,0.1,1888.7,0.4,3959.8,0.2,913.6,0.3,678.9,0.2,0.4,0.4,0.4,0.4,50.7,23.2,8.6,1.7,481.5,9.3,9.2,0.0,1.1,0.0,45.5,0.0,84.8,0.0,23.2,0.0,16.5,0.0,0.0,0.0,0.0,0.0,3.3,1.7,0.0,0.0,84.8,9.3,100.0,15.1,8.6,0.0,2.1,0.0,73.1,0.0,151.0,0.0,35.9,0.0,26.4,0.0,0.0,0.0,0.0,0.0,2.8,1.3,0.5,0.1,15.1,21.0,14.0,45.0,14.0,47.0,14.0,47.0,11.0,11.0,11.0,11.0,11.0,11.0,11.0,36.0,41.0,62,63,63,67,63,63,60,61,62,62,62,62,62,61,61,38,37,37,33,37,37,40,39,38,38,38,38,38,39,39,75,67,No,No,No,No,No,No,No,No,No,No,No,No,No,No,No,No,No,No,No,No,No,No,No,No,No,No,No,No,No,No,No,No,No,No,No,No,No,No,No,No,No,No,No,No,No,No,No,No,76,71,65,1.100,13.500,20.449,13.903,0.002,5.178,0.486,175.0,175.0,175.0,175.0,0,0.0,9.4,9.2,0.0,1.9,0.0,45.5,0.0,84.6,0.0,23.3,0.0,16.6,0.0,0.0,0.0,0.0,0.0,3.3,1.7,0.7,0.1,4.1,5.8,1.9,15.9,14.6,14.6,4.2,0.0,0.0,0.0,0.0,0.0,0.0,0.0,0.0,57.6,0.0,0.0,13.7,0.0,0.0,0.0,99.8,99.8,99.8,99.8,96.3,98.1,99.2,99.8,54.9,82.9,95.2,20.1,0.0,56.2,74.9,2394.1,24.00,36,35,35,68,103,383,2,2,Yes,No,No,No,No,No,No,No,No,No,Yes,No,No,No,No,No,No,No,No,No,No,No,No,No,No,No,No,Yes,No,No,No,No,No,No,No,Yes,No,No,82.0,4500,4800,4380,57.2,1.095,1.110,1.815,1.815,1.005,5.110,0.750,No,No,No,57.5,1.095,1.110,1.815,1.815,1.005,5.110,0.750,No,No,No,40,40,94.0,100.0,No,No,32162,47988,36,70,99.0,100.0,No,No,1844,3246,0.0,0.8,0.8,0.024,0.144,97399,55437,0.0,0.0,0.0,0.000,0.000,164001,82786,80.1,74.0,89.4,83.0,0.875,20.557,20.534,20.579,86.036,42.690,67.651,16.386,84.168,3.000,19.379,61.918,46.328,100.000,140.000,2250.0,2200.2,1890.0,2231.8,1905.0,91.0,26.0,0.0,0.0,49.5,23.1,92.5,0.0,0.0,0.0,Yes,No,No,No,No,Yes,No,0,0,0,0,0,0,0,0,0,0,0,0,0,0,0,0,0,0,0,0,0,0,0,0,0,0,0,0,0,0,4135,4053,3822,101,16.0,64,0.300,20.484,600.0,2394.0,0.3,0.1,0.0,0.0,0.1,0.0,0.0,0.0,0.0,2,16190,2,No,No,No,No,No,No,No,No,16.744,68.277,100.0,0.000,24.1,0,0,0,0.0,43.5,46.6,40.3,39.6,39.6,39.6,43.5,45.5,40.8,40.2,40.2,40.2,22.98,24.53,21.97,21.56,24.91,24.91,21.37,1.60,5.98,16.99,0.37,697,17,0.1,0.2,0,0,0.0,0.0,0,
9.6.2026,15:1:24.354,15780,32987,32.3,12118,20265,37.4,10.1,16384,1662,1.189,1.156,1.166,1.201,1.176,1.191,1.201,1.161,1.202,1.172,1.227,1.200,1.200,1.200,1.195,1.101,0.846,2137.6,1396.6,1396.6,4688.5,4489.0,4489.0,4688.5,1097.3,1097.3,1097.3,1097.3,1097.3,1097.3,1097.3,1097.3,99.8,4090.0,386.4,164.9,0.2,33.5,0.2,1783.0,0.5,4103.9,0.3,965.6,0.4,569.9,0.3,0.5,0.5,0.5,0.5,55.7,33.6,13.7,0.6,476.5,14.9,7.2,4.5,2.3,0.0,42.5,31.6,87.4,32.3,24.4,32.6,14.4,11.1,0.1,0.1,0.1,0.0,3.8,1.6,1.1,0.1,87.4,14.9,100.0,15.0,6.6,0.0,1.5,0.0,69.1,0.0,156.4,0.0,37.8,0.0,22.2,0.0,0.1,0.1,0.1,0.1,2.9,1.8,0.8,0.1,15.0,21.4,14.0,14.0,47.0,45.0,45.0,47.0,11.0,11.0,11.0,11.0,11.0,11.0,11.0,11.0,41.0,63,63,66,63,74,57,68,61,61,61,61,62,62,62,62,37,37,34,37,26,43,32,39,39,39,39,38,38,38,38,75,74,No,No,No,No,No,No,No,No,No,No,No,No,No,No,No,No,No,No,No,No,No,No,No,No,No,No,No,No,No,No,No,No,No,No,No,No,No,No,No,No,No,No,No,No,No,No,No,No,76,72,64,1.100,16.031,19.424,12.875,0.001,5.173,0.487,175.0,175.0,175.0,175.0,0,0.0,9.3,7.2,0.0,1.5,0.0,42.5,0.0,87.2,0.0,24.4,0.0,14.5,0.0,0.1,0.1,0.1,0.1,3.9,2.4,1.1,0.1,3.9,2.6,1.6,17.7,12.1,14.9,6.3,0.0,0.0,0.0,0.0,0.0,0.0,0.0,0.0,57.3,0.0,0.0,11.3,0.0,0.0,0.0,99.8,99.8,99.8,99.8,95.7,97.4,98.7,99.8,56.4,88.8,96.1,23.6,0.0,54.9,75.4,2394.1,24.00,36,35,35,68,103,383,2,2,Yes,No,No,No,No,No,No,No,No,No,Yes,No,No,No,No,No,No,No,No,No,No,No,No,No,No,No,No,Yes,No,No,No,No,No,No,No,Yes,No,No,83.0,4440,4800,4380,57.2,1.095,1.110,1.815,1.815,1.005,5.110,2.250,No,No,No,57.5,1.095,1.110,1.800,1.815,1.005,5.110,0.875,No,No,No,40,40,94.0,100.0,No,No,32162,47988,36,70,99.0,100.0,No,No,1844,3246,0.0,0.9,0.9,0.000,0.030,97399,55437,0.0,0.0,0.0,0.000,0.000,164001,82786,80.9,74.0,91.0,83.0,0.875,20.567,20.545,20.590,86.153,45.408,68.530,16.271,84.952,3.000,19.280,78.146,47.676,100.000,140.000,2250.0,2200.2,1890.0,2231.5,1905.0,92.0,26.0,0.0,0.0,49.5,22.9,91.6,0.0,0.0,0.0,Yes,No,No,No,No,Yes,No,0,0,0,0,0,0,0,0,0,0,0,0,0,0,0,0,0,0,0,0,0,0,0,0,0,0,0,0,0,0,4135,4053,3822,101,16.0,64,0.300,19.348,700.0,2394.0,0.3,0.1,0.0,0.0,0.1,0.0,0.0,0.0,0.0,2,16190,2,No,No,No,No,No,No,No,No,16.744,68.277,100.0,0.000,24.1,0,0,0,0.0,43.5,45.8,41.8,41.8,41.8,41.8,43.6,43.9,43.1,43.0,42.9,42.9,22.95,23.26,22.76,22.75,23.34,23.34,21.28,1.68,5.94,17.01,0.11,697,17,0.2,0.2,0,0,0.0,0.0,0,
9.6.2026,15:1:26.356,15784,32984,32.3,12122,20262,37.4,10.1,16384,1662,1.166,1.174,1.149,1.169,1.149,1.144,1.144,1.203,1.183,1.168,1.188,1.138,1.183,1.183,1.148,1.063,0.846,2821.7,4489.0,1396.6,4489.0,4489.0,1396.6,4489.0,3591.2,3591.2,3591.2,3591.2,1097.3,1097.3,1097.3,1097.3,99.8,3890.5,397.3,215.5,0.3,82.2,0.2,1970.8,0.4,3959.9,0.2,911.5,0.3,617.5,0.2,0.6,0.6,0.6,0.6,95.0,67.5,19.6,2.4,485.1,10.0,9.6,0.0,3.5,0.0,46.4,0.0,85.3,0.0,23.8,0.0,16.5,0.0,0.0,0.6,0.6,0.6,5.9,4.8,1.2,0.0,85.3,10.0,100.0,15.5,8.7,0.0,3.4,0.0,76.2,0.0,151.0,0.0,35.7,0.0,24.2,0.0,0.1,0.1,0.1,0.1,5.3,3.6,1.1,0.2,15.5,28.3,45.0,14.0,45.0,45.0,14.0,45.0,36.0,36.0,36.0,36.0,11.0,11.0,11.0,11.0,39.0,63,63,66,65,71,59,64,61,61,62,62,62,62,62,62,37,37,34,35,29,41,36,39,39,38,38,38,38,38,38,76,71,No,No,No,No,No,No,No,No,No,No,No,No,No,No,No,No,No,No,No,No,No,No,No,No,No,No,No,No,No,No,No,No,No,No,No,No,No,No,No,No,No,No,No,No,No,No,No,No,75,71,66,1.100,15.188,21.041,14.471,0.001,5.191,0.486,175.0,175.0,175.0,175.0,0,0.0,9.8,9.0,0.0,2.9,0.0,46.1,0.0,85.0,0.0,23.4,0.0,16.0,0.0,0.0,0.0,0.0,0.0,6.7,5.0,1.4,0.2,4.2,6.4,4.5,12.6,14.3,14.3,7.3,0.0,0.0,0.0,0.0,0.0,0.0,0.0,0.0,57.0,0.0,0.0,12.2,0.0,0.0,0.0,99.8,99.8,99.9,99.9,92.8,94.8,98.4,99.7,54.6,82.5,91.7,24.1,0.0,56.6,72.4,2394.1,24.00,36,35,35,68,103,383,2,2,Yes,No,No,No,No,No,No,No,No,No,Yes,No,No,No,No,No,No,No,No,No,No,No,No,No,No,No,No,Yes,No,No,No,No,No,No,No,Yes,No,No,83.0,4500,4740,4380,57.2,1.095,1.110,1.815,1.815,1.005,5.110,1.500,No,No,No,57.5,1.095,1.110,1.815,1.815,1.005,5.110,0.625,No,No,No,40,40,94.0,100.0,No,No,32162,47988,36,70,99.0,100.0,No,No,1844,3246,1.5,1.2,2.7,1.896,0.075,97403,55437,0.0,0.0,0.0,0.000,0.000,164001,82786,80.2,74.0,89.3,83.0,0.875,20.576,20.555,20.598,86.744,40.906,65.923,16.362,82.411,3.000,19.369,49.940,49.336,100.000,140.000,2250.0,2200.2,1890.0,2231.6,1905.0,93.0,25.0,0.0,0.0,49.5,23.3,93.1,0.0,0.0,0.0,Yes,No,No,No,No,Yes,No,0,0,0,0,0,0,0,0,0,0,0,0,0,0,0,0,0,0,0,0,0,0,0,0,0,0,0,0,0,0,4135,4053,3822,100,16.0,66,0.300,20.544,700.0,2394.0,0.3,0.1,0.0,0.0,0.1,0.0,0.0,0.0,0.0,2,16190,2,No,No,No,No,No,No,No,No,16.745,68.277,100.0,0.000,24.1,0,0,0,0.0,43.3,45.4,40.4,40.0,39.9,39.9,43.3,43.7,42.9,42.9,42.9,42.9,23.11,23.33,22.86,22.85,23.35,23.35,21.58,1.54,5.69,17.41,0.08,697,17,0.6,0.1,0,0,0.0,0.0,0,
9.6.2026,15:1:28.358,15784,32984,32.3,12131,20252,37.4,10.1,16384,1662,1.197,1.217,1.208,1.163,1.193,1.168,1.168,1.166,1.216,1.216,1.216,1.206,1.206,1.211,1.211,1.101,0.846,2657.8,4688.5,4688.5,1396.6,4688.5,798.0,4688.5,1097.3,3591.2,3591.2,3591.2,1097.3,1097.3,1097.3,1097.3,99.8,4090.0,410.7,395.9,0.3,199.0,0.2,1756.9,0.6,4188.4,0.3,691.2,0.3,591.7,0.3,1.5,4.1,1.9,10.1,184.6,97.6,58.9,30.2,490.2,16.4,13.1,0.0,6.5,0.0,41.3,27.9,89.0,30.2,18.0,30.2,14.6,31.0,0.5,0.0,0.0,0.0,13.8,6.7,4.2,1.9,89.0,16.4,100.0,16.2,16.0,0.0,8.4,0.0,68.2,0.0,159.6,0.0,27.2,0.0,23.3,0.0,0.1,0.3,0.1,0.6,10.0,5.3,3.2,1.7,16.2,26.6,47.0,47.0,14.0,47.0,8.0,47.0,11.0,36.0,36.0,36.0,11.0,11.0,11.0,11.0,41.0,63,63,66,62,70,63,65,61,62,62,62,62,62,62,61,37,37,34,38,30,37,35,39,38,38,38,38,38,38,39,76,70,No,No,No,No,No,No,No,No,No,No,No,No,No,No,No,No,No,No,No,No,No,No,No,No,No,No,No,No,No,No,No,No,No,No,No,No,No,No,No,No,No,No,No,No,No,No,No,No,75,70,64,1.100,11.813,20.593,14.020,0.000,5.195,0.487,175.0,175.0,175.0,175.0,0,0.0,10.6,13.4,0.0,6.7,0.0,41.4,0.0,88.8,0.0,18.3,0.0,15.0,0.0,0.1,0.3,0.1,0.8,14.0,7.0,4.5,2.2,5.1,12.0,9.6,21.2,10.6,10.9,6.4,0.0,0.0,0.0,0.0,0.0,0.0,0.0,0.0,55.4,0.0,0.0,7.0,0.0,0.0,0.0,99.7,99.5,99.7,99.1,85.1,92.6,95.3,97.6,52.7,71.2,81.2,25.5,0.0,64.9,73.4,2394.1,24.00,36,35,35,68,103,383,2,2,Yes,No,No,No,No,No,No,No,No,No,Yes,No,No,No,No,No,No,No,No,No,No,No,No,No,No,No,No,Yes,No,No,No,No,No,No,No,Yes,No,No,83.0,4500,4800,4380,57.2,1.095,1.110,1.815,1.815,1.005,5.110,0.875,No,No,No,57.5,1.095,1.110,1.815,1.815,1.005,5.110,0.750,No,No,No,40,40,94.0,100.0,No,No,32162,47988,36,70,99.0,100.0,No,No,1844,3246,0.6,1.3,1.9,0.333,0.068,97403,55437,0.0,0.0,0.0,0.000,0.000,164001,82786,81.2,74.0,91.1,83.0,0.875,20.572,20.550,20.594,86.546,42.659,69.362,15.988,85.484,3.000,18.990,57.621,48.171,100.000,140.000,2250.0,2200.2,1890.0,2232.3,1905.0,92.0,25.0,0.0,0.0,49.5,23.1,92.5,0.0,0.0,0.0,Yes,No,No,No,No,Yes,No,0,0,0,0,0,0,0,0,0,0,0,0,0,0,0,0,0,0,0,0,0,0,0,0,0,0,0,0,0,0,4135,4053,3822,99,16.0,65,0.300,21.158,700.0,2394.0,0.3,0.1,0.0,0.0,0.1,0.0,0.0,0.0,0.0,2,16190,2,No,No,No,No,No,No,No,No,16.745,68.277,100.0,0.000,24.1,0,0,0,0.0,43.3,44.6,40.9,40.7,40.7,40.7,43.2,45.1,40.6,40.1,40.0,40.0,23.17,24.84,22.77,22.75,24.95,24.95,21.65,1.51,5.36,17.81,0.30,697,17,0.3,0.3,0,0,0.0,0.0,0,
9.6.2026,15:1:30.356,15792,32976,32.3,12122,20262,37.4,10.1,16384,1662,1.170,1.154,1.179,1.157,1.180,1.148,1.138,1.188,1.188,1.168,1.190,1.195,1.165,1.190,1.145,1.101,0.846,3441.6,1396.6,4688.5,4688.5,4688.5,4489.0,4489.0,3591.2,3591.2,3591.2,3591.2,3591.2,1097.3,3591.2,1097.3,99.8,4090.0,383.9,165.2,0.3,32.1,0.3,1813.7,0.6,4123.8,0.5,836.6,0.4,612.0,0.4,0.6,0.6,0.6,0.6,52.4,19.5,16.2,1.5,474.3,9.6,7.2,3.0,0.1,3.0,42.9,0.0,87.3,0.0,20.9,0.0,14.7,0.0,0.8,0.8,0.8,0.8,4.8,1.9,2.0,0.8,87.3,9.6,100.0,14.8,6.7,0.0,1.3,0.0,70.2,0.1,157.1,0.0,32.4,0.0,23.9,0.0,0.1,0.1,0.1,0.1,2.9,1.1,0.9,0.1,14.8,34.5,14.0,47.0,47.0,47.0,45.0,45.0,36.0,36.0,36.0,36.0,36.0,11.0,36.0,11.0,41.0,63,62,66,68,71,66,63,61,61,61,61,62,62,62,62,37,38,34,32,29,34,37,39,39,39,39,38,38,38,38,75,71,No,No,No,No,No,No,No,No,No,No,No,No,No,No,No,No,No,No,No,No,No,No,No,No,No,No,No,No,No,No,No,No,No,No,No,No,No,No,No,No,No,No,No,No,No,No,No,No,76,74,66,1.100,15.188,20.576,14.043,0.001,5.168,0.480,175.0,175.0,175.0,175.0,0,0.0,9.0,7.2,0.0,0.9,0.0,42.9,0.0,87.2,0.0,21.2,0.0,14.7,0.0,0.1,0.1,0.1,0.1,3.3,1.1,1.3,0.1,3.9,5.6,0.0,16.1,12.0,15.5,5.0,0.0,0.0,0.0,0.0,0.0,0.0,0.0,0.0,57.3,0.0,0.0,10.3,0.0,0.0,0.0,99.8,99.8,99.8,99.8,96.4,98.7,98.6,99.8,57.4,85.5,98.8,25.7,0.0,57.7,76.6,2394.1,24.00,36,35,35,68,103,383,2,2,Yes,No,No,No,No,No,No,No,No,No,Yes,No,No,No,No,No,No,No,No,No,No,No,No,No,No,No,No,Yes,No,No,No,No,No,No,No,Yes,No,No,82.0,4500,4920,4380,57.2,1.095,1.110,1.815,1.815,1.005,5.110,1.000,No,No,No,57.5,1.095,1.110,1.815,1.815,1.005,5.110,1.250,No,No,No,40,40,94.0,100.0,No,No,32162,47988,36,70,99.0,100.0,No,No,1844,3246,0.0,1.2,1.2,0.000,0.058,97403,55437,0.0,0.0,0.0,0.000,0.000,164001,82786,80.6,74.0,89.9,83.0,0.875,20.565,20.543,20.587,87.319,36.307,69.794,15.777,85.682,3.000,18.776,12.355,48.762,100.000,140.000,2250.0,2200.2,1890.0,2231.9,1905.0,95.0,23.0,0.0,0.0,49.5,23.2,92.7,0.0,0.0,0.0,Yes,No,No,No,No,Yes,No,0,0,0,0,0,0,0,0,0,0,0,0,0,0,0,0,0,0,0,0,0,0,0,0,0,0,0,0,0,0,4135,4053,3822,97,16.0,64,0.300,20.511,700.0,2394.0,0.3,0.1,0.0,0.0,0.1,0.0,0.0,0.0,0.0,2,16190,2,No,No,No,No,No,No,No,No,16.745,68.277,100.0,0.000,24.1,0,0,0,0.0,43.5,47.1,40.1,39.5,39.4,39.4,43.4,43.8,42.9,42.9,42.9,42.9,23.01,23.26,22.78,22.77,23.26,23.26,21.35,1.67,5.43,17.58,0.11,697,17,0.4,0.4,0,0,0.0,0.0,0,
9.6.2026,15:1:32.363,15777,32991,32.3,12120,20264,37.4,10.1,16384,1662,1.199,1.185,1.212,1.217,1.195,1.165,1.175,1.215,1.199,1.199,1.199,1.199,1.199,1.211,1.211,1.101,0.846,2194.6,1396.6,4688.5,4888.0,4888.0,1396.6,4688.5,1097.3,1097.3,1097.3,1097.3,1097.3,1097.3,1097.3,1097.3,99.8,4090.0,383.6,215.6,0.2,62.1,0.1,1874.8,0.4,3992.2,0.2,945.2,0.3,509.7,0.4,0.4,0.4,0.4,0.4,45.4,13.3,8.2,2.6,475.2,9.3,8.2,0.0,1.7,0.0,43.6,2.3,85.4,3.8,24.1,0.0,13.1,0.0,0.0,0.0,0.0,0.0,2.6,0.8,0.0,0.0,85.4,9.3,100.0,14.9,8.5,0.0,2.5,0.0,72.6,0.0,152.3,0.0,37.5,0.0,20.1,0.0,0.0,0.0,0.0,0.0,2.5,0.7,0.5,0.2,14.9,22.0,14.0,47.0,49.0,49.0,14.0,47.0,11.0,11.0,11.0,11.0,11.0,11.0,11.0,11.0,41.0,63,63,65,64,70,61,60,62,62,61,61,62,62,62,62,37,37,35,36,30,39,40,38,38,39,39,38,38,38,38,76,70,No,No,No,No,No,No,No,No,No,No,No,No,No,No,No,No,No,No,No,No,No,No,No,No,No,No,No,No,No,No,No,No,No,No,No,No,No,No,No,No,No,No,No,No,No,No,No,No,76,72,64,1.100,10.969,20.274,13.783,0.001,5.149,0.477,175.0,175.0,175.0,175.0,0,0.0,9.0,8.1,0.0,1.7,0.0,43.6,0.0,85.1,0.0,23.9,0.0,13.1,0.0,0.0,0.0,0.0,0.0,2.6,0.8,0.5,0.1,3.6,3.7,1.8,12.4,14.1,13.1,4.7,0.0,0.0,0.0,0.0,0.0,0.0,0.0,0.0,57.7,0.0,0.0,11.7,0.0,1.2,0.0,99.8,99.8,99.8,99.8,97.0,99.0,99.4,99.7,57.4,86.7,95.9,27.2,0.0,56.0,78.4,2394.1,24.00,36,35,35,68,103,383,2,2,Yes,No,No,No,No,No,No,No,No,No,Yes,No,No,No,No,No,No,No,No,No,No,No,No,No,No,No,No,Yes,No,No,No,No,No,No,No,Yes,No,No,83.0,4560,4800,4440,57.2,1.095,1.110,1.815,1.815,1.005,5.110,0.875,No,No,No,57.5,1.095,1.110,1.815,1.815,1.005,5.110,0.875,No,No,No,40,40,94.0,100.0,No,No,32162,47988,36,70,99.0,100.0,No,No,1844,3246,0.0,1.1,1.1,0.000,0.089,97403,55437,0.0,0.0,0.0,0.000,0.000,164001,82786,80.1,74.0,89.3,83.0,0.875,20.568,20.546,20.589,86.797,41.242,66.767,15.553,82.480,3.000,18.556,54.715,47.620,100.000,140.000,2250.0,2200.2,1890.0,2230.2,1905.0,88.0,22.0,0.0,0.0,49.1,22.8,91.2,0.0,0.0,0.0,Yes,No,No,No,No,Yes,No,0,0,0,0,0,0,0,0,0,0,0,0,0,0,0,0,0,0,0,0,0,0,0,0,0,0,0,0,0,0,4167,4021,3789,98,16.0,64,0.307,20.329,700.0,2394.0,0.3,0.1,0.0,0.0,0.1,0.0,0.0,0.0,0.0,2,16190,2,No,No,No,No,No,No,No,No,16.745,68.277,100.0,0.000,24.1,0,0,0,0.0,41.1,46.1,37.1,36.6,36.6,36.6,41.0,43.3,37.9,37.5,37.5,37.5,24.45,27.11,22.99,22.44,27.36,27.36,21.90,2.40,5.06,19.38,0.42,697,17,4.1,4.1,0,0,0.0,0.0,0,
9.6.2026,15:1:34.360,15776,32992,32.3,12123,20261,37.4,10.1,16384,1662,1.197,1.209,1.203,1.208,1.173,1.163,1.188,1.223,1.203,1.211,1.201,1.201,1.201,1.191,1.186,1.101,0.846,3484.3,4688.5,4688.5,4888.0,4688.5,1396.6,4688.5,3591.2,3591.2,3591.2,3591.2,3591.2,1097.3,1097.3,3591.2,99.8,4090.0,395.7,231.8,0.4,113.2,0.3,1895.3,0.5,3952.8,0.3,927.5,0.5,502.6,0.3,17.0,0.9,2.5,0.6,119.6,88.7,31.8,26.6,477.9,14.3,10.3,1.8,5.1,1.8,44.9,22.0,84.1,20.1,23.1,18.6,12.2,18.1,1.6,0.3,0.5,0.3,9.3,7.4,1.2,2.4,84.1,14.3,100.0,15.5,9.8,0.0,4.9,0.0,73.3,0.0,150.7,0.0,36.3,0.0,19.6,0.0,0.9,0.1,0.2,0.1,6.5,4.8,1.7,1.4,15.5,34.9,47.0,47.0,49.0,47.0,14.0,47.0,36.0,36.0,36.0,36.0,36.0,11.0,11.0,36.0,41.0,62,63,66,63,71,57,61,61,61,61,61,62,62,62,62,38,37,34,37,29,43,39,39,39,39,39,38,38,38,38,76,71,No,No,No,No,No,No,No,No,No,No,No,No,No,No,No,No,No,No,No,No,No,No,No,No,No,No,No,No,No,No,No,No,No,No,No,No,No,No,No,No,No,No,No,No,No,No,No,No,76,72,65,1.100,14.344,20.533,14.004,0.001,5.151,0.476,175.0,175.0,175.0,175.0,0,0.0,10.0,10.1,0.0,4.1,0.0,44.8,0.0,83.8,0.0,23.0,0.0,12.0,0.0,1.3,0.1,0.2,0.1,9.0,7.1,2.4,2.1,4.1,9.8,5.5,13.8,15.0,11.4,1.7,0.0,0.0,0.0,0.0,0.0,0.0,0.0,0.0,56.6,0.0,0.0,16.1,0.5,0.0,0.0,98.5,99.8,99.6,99.8,90.3,92.6,97.4,97.7,54.9,77.1,88.6,20.5,0.0,60.1,82.8,2394.1,24.00,36,35,35,68,103,383,2,2,Yes,No,No,No,No,No,No,No,No,No,Yes,No,No,No,No,No,No,No,No,No,No,No,No,No,No,No,No,Yes,No,No,No,No,No,No,No,Yes,No,No,82.0,4500,4800,4380,57.2,1.095,1.110,1.815,1.815,1.005,5.110,0.875,No,No,No,57.5,1.095,1.110,1.815,1.815,1.005,5.110,0.750,No,No,No,40,40,94.0,100.0,No,No,32162,47988,36,70,99.0,100.0,No,No,1844,3246,0.1,0.5,0.6,0.002,0.124,97403,55438,0.0,0.0,0.0,0.000,0.000,164001,82786,80.9,74.0,91.4,83.0,0.875,20.591,20.573,20.609,86.368,41.655,65.358,15.409,80.913,3.000,18.406,66.848,41.649,100.000,140.000,2250.0,2200.2,1890.0,2230.8,1905.0,91.0,22.0,0.0,0.0,49.1,22.3,89.2,0.0,0.0,0.0,Yes,No,No,No,No,Yes,No,0,0,0,0,0,0,0,0,0,0,0,0,0,0,0,0,0,0,0,0,0,0,0,0,0,0,0,0,0,0,4167,4021,3789,96,16.0,64,0.300,20.471,700.0,2394.0,0.3,0.1,0.0,0.0,0.1,0.0,0.0,0.0,0.0,2,16190,2,No,No,No,No,No,No,No,No,16.745,68.277,100.0,0.000,24.1,0,0,0,0.0,40.9,43.2,39.1,39.0,39.0,39.0,40.8,41.2,40.6,40.6,40.6,40.6,24.47,24.66,24.17,24.09,24.66,24.66,22.09,2.40,5.17,19.30,0.10,697,17,0.5,0.6,0,0,0.0,0.0,0,
9.6.2026,15:1:36.365,15742,33026,32.2,12121,20263,37.4,10.1,16384,1662,1.160,1.167,1.195,1.155,1.180,1.166,1.168,0.773,1.206,1.206,1.206,1.206,1.206,1.206,1.206,1.063,0.846,1902.5,4489.0,1396.6,4489.0,4688.5,1396.6,1396.6,1097.3,1097.3,1097.3,1097.3,1097.3,1097.3,1097.3,1097.3,99.8,3890.5,384.4,230.2,0.2,61.2,0.1,1647.8,0.4,4281.0,0.2,771.6,0.2,559.9,0.1,0.6,2.1,0.4,0.4,63.5,38.9,27.3,1.2,472.3,9.2,9.4,0.0,2.5,0.0,38.7,0.0,90.4,0.0,19.3,0.0,13.2,0.0,0.1,0.3,0.1,0.1,2.9,2.3,3.7,0.2,90.4,9.2,100.0,14.9,9.4,0.0,2.7,0.0,63.8,0.0,163.0,0.0,30.3,0.0,21.8,0.0,0.1,0.1,0.0,0.0,3.5,2.1,1.5,0.1,14.9,19.1,45.0,14.0,45.0,47.0,14.0,14.0,11.0,11.0,11.0,11.0,11.0,11.0,11.0,11.0,39.0,63,68,67,63,71,60,63,61,61,61,61,62,62,62,62,37,32,33,37,29,40,37,39,39,39,39,38,38,38,38,75,71,No,No,No,No,No,No,No,No,No,No,No,No,No,No,No,No,No,No,No,No,No,No,No,No,No,No,No,No,No,No,No,No,No,No,No,No,No,No,No,No,No,No,No,No,No,No,No,No,75,71,66,1.100,16.031,19.481,13.061,0.001,5.158,0.476,175.0,175.0,175.0,175.0,0,0.0,9.2,9.3,0.0,2.5,0.0,38.6,0.0,90.3,0.0,19.3,0.0,13.3,0.0,0.1,0.2,0.0,0.0,4.3,3.0,2.1,0.1,3.4,6.8,4.1,13.7,9.1,11.1,2.9,0.0,0.0,0.0,0.0,0.0,0.0,0.0,0.0,56.8,0.0,0.0,6.8,0.0,0.0,0.0,99.8,99.7,99.8,99.8,95.2,96.8,97.7,99.8,58.8,81.6,92.1,35.4,0.0,64.1,79.7,2394.1,24.00,36,35,35,68,103,383,2,2,Yes,No,No,No,No,No,No,No,No,No,Yes,No,No,No,No,No,No,No,No,No,No,No,No,No,No,No,No,Yes,No,No,No,No,No,No,No,Yes,No,No,83.0,4560,4860,4380,57.2,1.095,1.110,1.815,1.815,1.005,5.110,1.000,No,No,No,57.5,1.095,1.110,1.800,1.815,1.005,5.110,1.375,No,No,No,40,40,94.0,100.0,No,No,32162,47988,36,70,99.0,100.0,No,No,1844,3246,0.0,1.4,1.4,0.000,0.041,97403,55438,0.0,0.0,0.0,0.000,0.000,164001,82786,80.8,72.0,90.3,83.0,0.875,20.573,20.552,20.594,88.637,43.587,70.317,15.557,86.002,3.000,18.551,60.472,51.212,100.000,140.000,2250.0,2200.2,1890.0,2232.5,1905.0,93.0,23.0,0.0,0.0,49.1,23.3,93.3,0.0,0.0,0.0,Yes,No,No,No,No,Yes,No,0,0,0,0,0,0,0,0,0,0,0,0,0,0,0,0,0,0,0,0,0,0,0,0,0,0,0,0,0,0,4167,4021,3790,96,16.0,65,0.300,19.452,700.0,2394.0,0.3,0.1,0.0,0.0,0.1,0.0,0.0,0.0,0.0,2,16190,2,No,No,No,No,No,No,No,No,16.744,68.277,100.0,0.000,24.1,0,0,0,0.0,41.2,42.8,39.9,39.9,39.9,39.9,41.3,41.7,40.6,40.6,40.6,40.6,24.24,24.63,23.99,23.97,24.66,24.66,22.61,1.63,4.96,19.28,0.14,697,17,0.3,0.2,0,0,0.0,0.0,0,
9.6.2026,15:1:38.363,15741,33027,32.2,12116,20267,37.4,10.1,16384,1662,1.196,1.160,1.187,1.184,1.189,1.217,1.202,1.193,1.228,1.213,1.213,1.202,1.192,1.179,1.189,1.101,0.846,2422.6,1396.6,1396.6,4688.5,4688.5,4688.5,4688.5,1097.3,1097.3,1097.3,1097.3,2194.6,1097.3,3591.2,1097.3,99.8,4090.0,373.6,173.2,0.1,12.9,0.1,1802.3,0.3,3903.9,0.2,934.4,0.3,536.9,0.2,0.6,0.5,0.4,0.4,54.1,18.6,20.9,11.1,460.4,11.9,6.7,18.5,0.0,19.0,42.3,0.0,83.4,16.3,23.7,0.0,13.0,0.8,0.8,0.8,0.8,0.8,4.8,2.2,2.0,1.6,83.4,11.9,100.0,14.4,6.9,0.0,0.5,0.0,69.9,0.0,148.8,0.0,36.8,0.0,21.1,0.0,0.1,0.1,0.0,0.0,2.5,0.7,0.9,0.6,14.4,24.3,14.0,14.0,47.0,47.0,47.0,47.0,11.0,11.0,11.0,11.0,22.0,11.0,36.0,11.0,41.0,63,63,65,64,71,63,60,62,62,62,62,62,62,62,62,37,37,35,36,29,37,40,38,38,38,38,38,38,38,38,76,71,No,No,No,No,No,No,No,No,No,No,No,No,No,No,No,No,No,No,No,No,No,No,No,No,No,No,No,No,No,No,No,No,No,No,No,No,No,No,No,No,No,No,No,No,No,No,No,No,75,71,66,1.100,10.969,19.786,13.165,0.001,5.153,0.474,175.0,175.0,175.0,175.0,0,0.0,8.9,6.7,0.0,0.4,0.0,42.3,0.0,83.3,0.0,23.5,0.0,12.9,0.0,0.1,0.1,0.0,0.0,4.1,1.2,1.5,0.8,3.3,2.3,0.0,11.3,15.4,13.2,4.0,0.0,0.0,0.0,0.0,0.0,0.0,0.0,0.0,57.1,0.0,0.0,7.6,0.3,0.0,0.0,99.8,99.8,99.8,99.8,95.6,98.6,98.4,99.0,59.9,89.6,99.4,33.2,0.0,57.7,79.5,997.6,10.00,22,15,15,28,103,160,2,2,Yes,No,No,No,No,No,No,No,No,No,Yes,No,No,No,No,No,No,No,No,No,No,No,No,No,No,No,No,Yes,No,No,No,No,No,No,No,Yes,No,No,84.0,4560,4920,4440,57.2,1.095,1.110,1.815,1.815,1.005,5.110,0.875,No,No,No,57.5,1.095,1.110,1.815,1.815,1.005,5.110,0.875,No,No,No,40,40,94.0,100.0,No,No,32162,47988,36,70,99.0,100.0,No,No,1844,3246,0.1,0.5,0.6,0.028,0.096,97403,55438,0.0,0.0,0.0,0.000,0.000,164001,82786,81.7,74.0,92.0,83.0,0.875,20.565,20.544,20.587,88.049,41.510,69.661,15.552,85.332,3.000,18.546,49.365,49.117,100.000,140.000,2250.0,2200.2,1890.0,2232.6,1905.0,93.0,22.0,0.0,0.0,49.1,23.1,92.5,0.0,0.0,0.0,Yes,No,No,No,No,Yes,No,0,0,0,0,0,0,0,0,0,0,0,0,0,0,0,0,0,0,0,0,0,0,0,0,0,0,0,0,0,0,4167,4021,3790,95,16.0,65,0.300,19.738,700.0,2394.0,0.3,0.1,0.0,0.0,0.1,0.0,0.0,0.0,0.0,2,16190,2,No,No,No,No,No,No,No,No,16.745,68.277,100.0,0.000,24.1,0,0,0,0.0,41.3,44.4,38.2,37.6,37.6,37.6,41.3,41.6,40.6,40.5,40.5,40.5,24.23,24.64,24.08,24.07,24.65,24.65,22.54,1.68,5.03,19.19,0.12,697,17,0.5,0.2,0,0,0.0,0.0,0,
9.6.2026,15:1:40.362,15784,32984,32.3,12108,20275,37.3,10.1,16384,1662,1.192,1.180,1.175,1.169,1.195,1.205,1.190,1.215,1.189,1.219,1.169,1.184,1.216,1.184,1.199,1.101,0.846,3605.5,4688.5,4688.5,4688.5,4688.5,4688.5,4688.5,3591.2,3591.2,3591.2,3591.2,3591.2,1097.3,2194.6,1097.3,99.8,4090.0,383.7,174.4,0.2,19.0,0.2,2146.6,0.5,3657.8,0.3,946.1,0.3,578.4,0.2,0.6,0.5,0.5,0.5,91.3,41.6,11.4,3.2,470.4,10.0,6.8,0.6,0.3,0.0,49.2,1.4,78.3,0.0,22.5,2.1,13.0,17.8,0.0,0.0,0.0,0.0,6.4,1.6,0.0,0.0,78.3,10.0,100.0,14.9,7.1,0.0,0.7,0.0,82.5,0.0,139.7,0.0,36.7,0.0,22.0,0.0,0.1,0.1,0.0,0.0,5.1,2.3,0.6,0.1,14.9,36.1,47.0,47.0,47.0,47.0,47.0,47.0,36.0,36.0,36.0,36.0,36.0,11.0,22.0,11.0,41.0,64,63,66,67,68,63,68,61,61,61,61,64,62,64,64,36,37,34,33,32,37,32,39,39,39,39,36,38,36,36,76,68,No,No,No,No,No,No,No,No,No,No,No,No,No,No,No,No,No,No,No,No,No,No,No,No,No,No,No,No,No,No,No,No,No,No,No,No,No,No,No,No,No,No,No,No,No,No,No,No,75,73,64,1.100,5.906,19.798,13.250,0.002,5.175,0.479,175.0,175.0,175.0,175.0,0,0.0,9.1,7.0,0.0,0.5,0.0,49.5,0.0,78.1,0.0,22.9,0.0,13.5,0.0,0.0,0.0,0.0,0.0,6.3,3.3,0.7,0.2,4.8,5.7,0.0,23.6,20.9,13.5,3.2,0.0,0.0,0.0,0.0,0.0,0.0,0.0,0.0,57.1,0.0,0.0,11.7,0.0,0.0,0.0,99.8,99.8,99.8,99.9,93.3,96.5,99.2,99.7,55.6,85.6,99.3,11.6,0.0,58.0,79.3,2394.1,24.00,36,35,35,68,103,383,2,2,Yes,No,No,No,No,No,No,No,No,No,Yes,No,No,No,No,No,No,No,No,No,No,No,No,No,No,No,No,Yes,No,No,No,No,No,No,No,Yes,No,No,83.0,4620,4980,4440,57.2,1.095,1.110,1.815,1.815,0.990,5.110,0.750,No,No,No,57.5,1.095,1.110,1.815,1.815,1.005,5.110,1.625,No,No,No,40,40,94.0,100.0,No,No,32162,47988,36,70,99.0,100.0,No,No,1844,3246,0.0,1.1,1.1,0.000,0.039,97403,55438,0.0,0.0,0.0,0.000,0.000,164001,82786,80.9,74.0,90.7,83.0,0.875,20.560,20.538,20.582,86.367,40.961,67.811,15.979,83.912,3.000,18.975,50.051,47.002,100.000,140.000,2250.0,2200.2,1890.0,2232.0,1905.0,93.0,24.0,0.0,0.0,49.6,23.4,93.6,0.0,0.0,0.0,Yes,No,No,No,No,Yes,No,0,0,0,0,0,0,0,0,0,0,0,0,0,0,0,0,0,0,0,0,0,0,0,0,0,0,0,0,0,0,4126,4062,3830,101,16.0,64,0.300,19.668,700.0,997.0,0.3,0.1,0.0,0.0,0.1,0.0,0.0,0.0,0.0,2,16190,2,No,No,No,No,No,No,No,No,16.745,68.277,100.0,0.000,24.1,0,0,0,0.0,41.0,46.1,35.5,34.5,34.4,34.4,41.2,42.7,40.5,40.5,40.5,40.5,24.33,25.85,23.44,23.17,26.52,26.52,22.39,1.88,6.58,17.75,0.27,697,17,0.3,0.3,0,0,0.0,0.0,0,
9.6.2026,15:1:42.353,15784,32983,32.3,12109,20275,37.3,10.1,16384,1662,1.169,1.208,1.146,1.141,1.171,1.162,1.182,1.167,1.167,1.172,1.167,1.172,1.172,1.172,1.172,1.101,0.846,1681.6,1396.6,4489.0,1396.6,1396.6,4688.5,1396.6,1097.3,1097.3,1097.3,1097.3,1097.3,1097.3,1097.3,1097.3,99.8,4090.0,387.5,166.3,0.2,4.7,0.1,1750.0,0.4,4148.2,0.1,1047.5,0.2,525.1,0.2,0.4,0.4,0.4,0.4,50.6,33.3,13.5,7.0,477.8,10.3,6.7,1.2,0.6,0.4,41.9,5.6,88.1,4.1,25.8,1.9,12.5,0.0,1.2,1.2,1.2,1.2,3.6,4.0,2.5,1.8,88.1,10.3,100.0,15.1,6.7,0.0,0.2,0.0,68.3,0.0,158.1,0.0,40.9,0.0,21.0,0.0,0.0,0.0,0.0,0.0,3.1,2.2,1.0,0.5,15.1,16.9,14.0,45.0,14.0,14.0,47.0,14.0,11.0,11.0,11.0,11.0,11.0,11.0,11.0,11.0,41.0,63,63,66,65,68,63,61,61,61,61,61,62,62,62,62,37,37,34,35,32,37,39,39,39,39,39,38,38,38,38,76,68,No,No,No,No,No,No,No,No,No,No,No,No,No,No,No,No,No,No,No,No,No,No,No,No,No,No,No,No,No,No,No,No,No,No,No,No,No,No,No,No,No,No,No,No,No,No,No,No,75,70,64,1.100,5.906,20.481,13.925,0.001,5.184,0.486,175.0,175.0,175.0,175.0,0,0.0,9.2,7.0,0.0,0.2,0.0,42.0,0.0,87.9,0.0,26.1,0.0,12.6,0.0,0.0,0.0,0.0,0.0,3.5,2.4,1.0,0.6,3.3,2.7,0.0,15.2,11.3,12.4,4.8,0.0,0.0,0.0,0.0,0.0,0.0,0.0,0.0,57.5,0.0,0.0,10.3,0.0,4.0,0.0,99.8,99.8,99.8,99.8,96.2,97.5,98.8,99.3,57.7,88.8,99.6,27.1,0.0,52.0,79.0,2394.1,24.00,36,35,35,68,103,383,2,2,Yes,No,No,No,No,No,No,No,No,No,Yes,No,No,No,No,No,No,No,No,No,No,No,No,No,No,No,No,Yes,No,No,No,No,No,No,No,Yes,No,No,82.0,4500,4860,4440,57.2,1.095,1.110,1.815,1.815,0.990,5.110,0.750,No,No,No,57.5,1.095,1.110,1.815,1.815,0.990,5.110,0.875,No,No,No,40,40,94.0,100.0,No,No,32162,47988,36,70,99.0,100.0,No,No,1844,3246,0.0,0.7,0.7,0.000,0.055,97403,55438,0.0,0.0,0.0,0.000,0.000,164001,82786,79.8,74.0,89.0,83.0,0.875,20.560,20.539,20.582,84.914,38.838,65.229,16.082,81.442,3.000,19.074,34.739,52.298,100.000,140.000,2250.0,2200.2,1890.0,2231.8,1905.0,89.0,24.0,0.0,0.0,49.6,22.6,90.3,0.0,0.0,0.0,Yes,No,No,No,No,Yes,No,0,0,0,0,0,0,0,0,0,0,0,0,0,0,0,0,0,0,0,0,0,0,0,0,0,0,0,0,0,0,4126,4062,3830,101,16.0,65,0.300,20.665,700.0,2394.0,0.3,0.1,0.0,0.0,0.1,0.0,0.0,0.0,0.0,2,16190,2,No,No,No,No,No,No,No,No,16.745,68.277,100.0,0.000,24.1,0,0,0,0.0,41.7,45.2,39.1,39.1,39.1,39.1,41.7,41.9,41.4,41.3,41.3,41.3,24.00,24.16,23.75,23.68,24.17,24.17,21.70,2.29,6.41,17.59,0.10,697,17,0.1,0.2,0,0,0.0,0.0,0,
9.6.2026,15:1:44.357,15782,32986,32.3,12109,20275,37.3,10.1,16384,1662,1.173,1.186,1.179,1.159,1.179,1.174,1.179,1.179,1.179,1.169,1.169,1.169,1.164,1.169,1.169,1.101,0.846,3177.9,1396.6,4688.5,1396.6,4688.5,4688.5,1396.6,3591.2,3591.2,3591.2,3591.2,3591.2,1097.3,3591.2,3591.2,99.8,4090.0,395.8,229.9,0.3,52.7,0.2,140.3,1819.8,4037.3,0.4,53.6,817.8,715.9,0.4,0.6,0.6,0.6,0.6,1.1,33.9,6.7,3.8,491.9,11.3,9.1,0.0,1.9,0.7,4.7,51.4,86.0,0.7,2.1,33.1,17.9,8.5,0.7,0.7,0.7,0.7,0.8,3.3,1.2,0.9,86.0,11.3,100.0,15.3,9.2,0.0,2.0,0.0,6.1,70.3,153.9,0.0,2.3,32.0,27.9,0.0,0.1,0.1,0.1,0.1,0.1,1.9,0.4,0.2,15.3,31.9,14.0,47.0,14.0,47.0,47.0,14.0,36.0,36.0,36.0,36.0,36.0,11.0,36.0,36.0,41.0,63,63,66,63,72,61,62,61,61,61,61,62,62,64,64,37,37,34,37,28,39,38,39,39,39,39,38,38,36,36,76,72,No,No,No,No,No,No,No,No,No,No,No,No,No,No,No,No,No,No,No,No,No,No,No,No,No,No,No,No,No,No,No,No,No,No,No,No,No,No,No,No,No,No,No,No,No,No,No,No,76,71,66,1.100,7.594,21.486,14.928,0.002,5.187,0.486,175.0,175.0,175.0,175.0,0,0.0,9.3,8.4,0.0,1.2,0.0,4.0,43.4,85.8,0.0,1.5,20.1,17.4,0.0,0.1,0.1,0.1,0.1,0.1,2.6,0.5,0.3,3.6,6.8,0.0,15.8,13.4,11.2,3.2,0.0,0.0,0.0,0.0,0.0,0.0,0.0,0.0,57.4,0.0,0.0,9.1,0.0,0.0,0.0,99.8,99.8,99.8,99.8,99.7,97.0,99.3,99.6,56.8,82.9,98.4,23.1,0.0,61.5,74.9,2394.1,24.00,36,35,35,68,103,383,2,2,Yes,No,No,No,No,No,No,No,No,No,Yes,No,No,No,No,No,No,No,No,No,No,No,No,No,No,No,No,Yes,No,No,No,No,No,No,No,Yes,No,No,82.0,4500,4920,4380,57.2,1.095,1.110,1.815,1.815,0.990,5.110,0.625,No,No,No,57.5,1.095,1.110,1.815,1.815,0.990,5.110,0.750,No,No,No,40,40,94.0,100.0,No,No,32162,47988,36,70,99.0,100.0,No,No,1844,3246,0.0,1.0,1.0,0.000,0.026,97403,55438,0.0,0.0,0.0,0.000,0.000,164001,82786,79.5,72.0,88.8,83.0,0.875,20.569,20.549,20.590,84.848,43.060,65.199,16.049,81.390,3.000,19.042,65.978,50.765,100.000,140.000,2250.0,2200.2,1890.0,2230.9,1905.0,89.0,24.0,0.0,0.0,49.6,22.4,89.5,0.0,0.0,0.0,Yes,No,No,No,No,Yes,No,0,0,0,0,0,0,0,0,0,0,0,0,0,0,0,0,0,0,0,0,0,0,0,0,0,0,0,0,0,0,4126,4062,3830,101,16.0,65,0.300,21.585,700.0,2394.0,0.3,0.1,0.0,0.0,0.1,0.0,0.0,0.0,0.0,2,16190,2,No,No,No,No,No,No,No,No,16.745,68.277,100.0,0.000,24.1,0,0,0,0.0,41.6,44.4,38.9,38.8,38.8,38.8,41.6,41.8,41.2,41.2,41.2,41.2,24.05,24.31,23.84,23.83,24.33,24.33,21.78,2.28,5.91,18.15,0.13,697,17,0.1,0.2,0,0,0.0,0.0,0,
9.6.2026,15:1:46.352,15783,32985,32.3,12108,20276,37.3,10.1,16384,1662,1.186,1.163,1.218,1.197,1.202,1.192,1.192,1.157,1.163,1.163,1.163,1.163,1.203,1.209,1.214,1.141,0.846,2536.7,1396.6,4688.5,1396.6,4888.0,4688.5,4688.5,1097.3,1097.3,1097.3,1097.3,1097.3,1097.3,3591.2,3591.2,99.8,4289.5,387.4,130.0,0.2,9.1,0.1,5.8,2021.3,3888.8,0.2,4.2,1102.6,506.0,0.3,0.5,0.5,0.5,0.4,0.5,49.9,23.3,4.7,479.4,9.0,6.7,0.0,0.0,0.0,0.0,47.4,82.4,0.0,0.0,26.8,12.2,0.0,0.0,0.0,0.0,0.0,0.0,3.9,0.3,0.0,82.4,9.0,100.0,15.0,5.1,0.0,0.4,0.0,0.5,78.0,148.2,0.0,0.3,42.9,19.8,0.0,0.0,0.0,0.0,0.0,0.0,2.7,1.3,0.3,15.0,25.4,14.0,47.0,14.0,49.0,47.0,47.0,11.0,11.0,11.0,11.0,11.0,11.0,36.0,36.0,43.0,63,63,66,62,74,61,62,61,61,61,61,62,62,62,62,37,37,34,38,26,39,38,39,39,39,39,38,38,38,38,76,74,No,No,No,No,No,No,No,No,No,No,No,No,No,No,No,No,No,No,No,No,No,No,No,No,No,No,No,No,No,No,No,No,No,No,No,No,No,No,No,No,No,No,No,No,No,No,No,No,76,74,65,1.100,18.563,20.159,13.601,0.002,5.183,0.486,175.0,175.0,175.0,175.0,0,0.0,9.1,6.7,0.0,0.3,0.0,0.2,47.3,82.3,0.0,0.2,26.9,12.3,0.0,0.0,0.0,0.0,0.0,0.0,3.9,1.8,0.2,3.9,1.2,0.0,17.1,16.9,14.4,4.4,0.0,0.0,0.0,0.0,0.0,0.0,0.0,0.0,57.6,0.0,0.0,14.4,0.0,0.0,0.0,99.8,99.8,99.8,99.8,99.8,95.9,98.0,99.6,56.8,91.2,99.5,17.0,0.0,53.2,79.8,2394.1,24.00,36,35,35,68,103,383,2,2,Yes,No,No,No,No,No,No,No,No,No,Yes,No,No,No,No,No,No,No,No,No,No,No,No,No,No,No,No,Yes,No,No,No,No,No,No,No,Yes,No,No,83.0,4500,4860,4380,57.2,1.095,1.110,1.815,1.815,0.990,5.110,1.250,No,No,No,57.5,1.095,1.110,1.815,1.815,0.990,5.110,0.875,No,No,No,40,40,94.0,100.0,No,No,32162,47988,36,70,99.0,100.0,No,No,1844,3246,0.0,0.5,0.5,0.000,0.024,97403,55438,0.0,0.0,0.0,0.000,0.000,164001,82786,79.6,74.0,88.6,83.0,0.875,20.574,20.553,20.595,84.907,42.324,65.202,16.114,81.453,3.000,19.105,62.499,48.897,100.000,140.000,2250.0,2200.2,1890.0,2230.1,1905.0,90.0,24.0,0.0,1.0,49.6,22.4,89.6,0.0,0.0,0.0,Yes,No,No,No,No,Yes,No,0,0,0,0,0,0,0,0,0,0,0,0,0,0,0,0,0,0,0,0,0,0,0,0,0,0,0,0,0,0,4126,4062,3830,101,16.0,65,0.300,20.056,700.0,2394.0,0.3,0.1,0.0,0.0,0.1,0.0,0.0,0.0,0.0,2,16190,5,No,No,No,No,No,No,No,No,16.745,68.277,100.0,0.000,24.1,0,0,0,0.0,41.5,43.9,38.8,38.7,38.7,38.7,41.5,41.9,41.1,41.1,41.1,41.1,24.07,24.40,23.89,23.87,24.42,24.42,21.78,2.29,6.11,17.96,0.15,697,17,0.5,0.3,0,0,0.0,0.0,0,
9.6.2026,15:1:48.362,15823,32945,32.4,12110,20274,37.3,10.1,16384,1662,1.194,1.190,1.213,1.213,1.160,1.165,1.175,1.200,1.206,1.206,1.206,1.206,1.206,1.186,1.186,1.141,0.846,2415.5,4688.5,4688.5,4888.0,4688.5,1396.6,4688.5,1097.3,1097.3,1097.3,1097.3,1097.3,1097.3,1097.3,1097.3,99.8,4289.5,391.8,210.7,0.2,14.4,0.1,5.9,1885.8,4171.1,0.2,4.3,852.1,645.0,0.2,0.5,0.5,0.4,0.4,0.4,38.3,3.4,1.8,487.0,10.2,8.1,2.7,0.2,0.5,0.0,45.1,88.1,11.4,0.0,22.0,15.5,4.9,0.5,0.5,0.5,0.5,0.5,2.6,0.7,0.6,88.1,10.2,100.0,15.2,8.4,0.0,0.6,0.0,0.5,73.0,158.9,0.0,0.3,33.4,25.1,0.0,0.0,0.0,0.0,0.0,0.0,2.1,0.2,0.1,15.1,24.2,47.0,47.0,49.0,47.0,14.0,47.0,11.0,11.0,11.0,11.0,11.0,11.0,11.0,11.0,43.0,63,63,66,63,71,58,61,61,61,62,62,62,62,62,62,37,37,34,37,29,42,39,39,39,38,38,38,38,38,38,76,71,No,No,No,No,No,No,No,No,No,No,No,No,No,No,No,No,No,No,No,No,No,No,No,No,No,No,No,No,No,No,No,No,No,No,No,No,No,No,No,No,No,No,No,No,No,No,No,No,76,74,65,1.100,16.875,20.082,13.526,0.001,5.183,0.485,175.0,175.0,175.0,175.0,0,0.0,9.2,8.3,0.0,0.5,0.0,0.2,45.1,88.0,0.0,0.2,22.3,15.9,0.0,0.0,0.0,0.0,0.0,0.0,3.0,0.3,0.2,3.2,3.1,0.0,14.2,11.4,13.0,3.1,0.0,0.0,0.0,0.0,0.0,0.0,0.0,0.0,58.2,0.0,0.0,18.8,0.0,0.6,0.0,99.8,99.8,99.8,99.8,99.8,96.7,99.6,99.7,56.4,87.0,99.2,17.2,0.0,58.2,76.7,2394.1,24.00,36,35,35,68,103,383,2,2,Yes,No,No,No,No,No,No,No,No,No,Yes,No,No,No,No,No,No,No,No,No,No,No,No,No,No,No,No,Yes,No,No,No,No,No,No,No,Yes,No,No,83.0,4500,4740,4440,57.2,1.095,1.110,1.815,1.815,0.990,5.110,0.875,No,No,No,57.5,1.095,1.110,1.800,1.815,0.990,5.110,0.750,No,No,No,40,40,94.0,100.0,No,No,32162,47988,36,70,99.0,100.0,No,No,1844,3246,0.0,1.2,1.2,0.000,0.097,97403,55438,0.0,0.0,0.0,0.000,0.000,164001,82786,80.0,72.0,89.6,83.0,0.875,20.583,20.563,20.604,83.793,40.823,65.258,15.011,80.417,3.000,18.006,59.258,44.815,100.000,140.000,2250.0,2200.2,1890.0,2231.3,1905.0,88.0,21.0,0.0,0.0,49.6,22.5,90.0,0.0,0.0,0.0,Yes,No,No,No,No,Yes,No,0,0,0,0,0,0,0,0,0,0,0,0,0,0,0,0,0,0,0,0,0,0,0,0,0,0,0,0,0,0,4126,4062,3831,100,16.0,65,0.300,20.055,700.0,2394.0,0.3,0.1,0.0,0.0,0.1,0.0,0.0,0.0,0.0,2,16190,2,No,No,No,No,No,No,No,No,16.745,68.277,100.0,0.000,24.1,0,0,0,0.0,42.1,44.7,39.2,38.9,38.9,38.9,42.1,43.7,40.4,40.2,40.1,40.1,23.73,24.73,22.85,22.56,24.93,24.93,21.10,2.61,5.23,18.50,0.28,697,17,0.5,0.2,0,0,0.0,0.0,0,
9.6.2026,15:1:50.365,15821,32947,32.4,12110,20274,37.3,10.1,16384,1662,1.190,1.169,1.215,1.217,1.211,1.201,1.161,1.183,1.183,1.178,1.173,1.188,1.183,1.188,1.210,1.101,0.846,3306.2,1396.6,4688.5,4888.0,4888.0,4688.5,4489.0,3591.2,3591.2,3591.2,3591.2,3591.2,1097.3,1097.3,1097.3,99.8,4090.0,383.4,182.1,0.3,10.1,0.2,5.8,1881.7,3966.7,0.3,4.3,930.9,543.5,0.2,0.6,0.6,0.5,0.5,1.4,76.4,51.8,10.9,470.5,10.0,8.1,0.0,1.0,0.0,1.7,44.7,84.4,1.5,1.7,23.4,13.2,4.5,0.8,0.8,0.8,0.8,0.8,4.8,4.8,1.3,84.4,10.0,100.0,14.9,7.4,0.0,0.4,0.0,0.5,73.1,151.1,0.0,0.3,36.5,21.3,0.0,0.1,0.1,0.1,0.1,0.1,4.1,2.8,0.6,14.9,33.1,14.0,47.0,49.0,49.0,47.0,45.0,36.0,36.0,36.0,36.0,36.0,11.0,11.0,11.0,41.0,63,63,62,67,67,63,60,62,62,62,62,62,62,62,62,37,37,38,33,33,37,40,38,38,38,38,38,38,38,38,75,67,No,No,No,No,No,No,No,No,No,No,No,No,No,No,No,No,No,No,No,No,No,No,No,No,No,No,No,No,No,No,No,No,No,No,No,No,No,No,No,No,No,No,No,No,No,No,No,No,75,71,66,1.100,7.594,20.177,13.631,0.000,5.179,0.481,175.0,175.0,175.0,175.0,0,0.0,9.2,8.1,0.0,0.3,0.0,0.2,44.5,84.3,0.0,0.2,23.5,13.3,0.0,0.0,0.0,0.0,0.0,0.1,4.9,4.0,0.6,3.5,4.7,0.0,13.8,14.9,13.0,3.1,0.0,0.0,0.0,0.0,0.0,0.0,0.0,0.0,57.0,0.0,0.0,9.8,0.0,0.0,0.0,99.8,99.8,99.8,99.8,99.8,94.7,95.8,99.3,58.1,85.7,99.5,26.1,0.0,57.7,79.8,2394.1,24.00,36,35,35,68,103,383,2,2,Yes,No,No,No,No,No,No,No,No,No,Yes,No,No,No,No,No,No,No,No,No,No,No,No,No,No,No,No,Yes,No,No,No,No,No,No,No,Yes,No,No,83.0,4500,4740,4320,57.2,1.095,1.110,1.815,1.815,0.990,5.110,1.500,No,No,No,57.5,1.095,1.110,1.815,1.815,0.990,5.110,1.375,No,No,No,40,40,94.0,100.0,No,No,32162,47988,36,70,99.0,100.0,No,No,1844,3246,0.0,0.7,0.7,0.000,0.075,97403,55439,0.0,0.0,0.0,0.000,0.000,164001,82786,79.1,74.0,88.1,83.0,0.875,20.581,20.562,20.601,82.389,40.380,62.608,15.010,77.770,3.000,18.005,55.713,50.552,100.000,140.000,2250.0,2200.2,1890.0,2231.1,1905.0,87.0,21.0,0.0,0.0,49.6,21.8,87.3,0.0,0.0,0.0,Yes,No,No,No,No,Yes,No,0,0,0,0,0,0,0,0,0,0,0,0,0,0,0,0,0,0,0,0,0,0,0,0,0,0,0,0,0,0,4126,4062,3831,99,16.0,66,0.300,20.270,700.0,2394.0,0.3,0.1,0.0,0.0,0.1,0.0,0.0,0.0,0.0,2,16190,2,No,No,No,No,No,No,No,No,16.745,68.277,100.0,0.000,24.1,0,0,0,0.0,42.2,44.7,39.8,39.4,39.3,39.3,42.2,42.7,41.6,41.4,41.4,41.4,23.70,24.15,23.41,23.40,24.30,24.30,20.97,2.73,5.13,18.57,0.14,697,17,0.1,0.2,0,0,0.0,0.0,0,
9.6.2026,15:1:52.365,15789,32978,32.3,12109,20275,37.3,10.1,16384,1662,1.198,1.184,1.179,1.179,1.150,1.208,1.206,1.215,1.215,1.200,1.194,1.209,1.224,1.204,1.211,1.101,0.846,2550.9,4688.5,4688.5,4489.0,4489.0,1396.6,4688.5,1097.3,1097.3,1097.3,1097.3,1097.3,3591.2,1097.3,1097.3,99.8,4090.0,386.5,127.1,0.1,12.7,0.1,6.5,2076.3,3886.5,0.3,4.1,998.1,501.6,0.2,0.5,0.4,0.4,0.4,0.6,49.4,29.5,36.1,476.0,9.4,6.4,0.0,0.6,0.3,0.0,48.9,82.3,0.0,0.0,24.6,13.0,3.3,0.0,0.0,0.0,0.0,0.0,3.5,2.1,2.5,82.3,9.4,100.0,14.9,5.0,0.0,0.4,0.0,0.5,79.8,148.0,0.0,0.3,39.2,19.5,0.0,0.1,0.0,0.0,0.0,0.1,2.4,1.4,1.5,14.9,25.6,47.0,47.0,45.0,45.0,14.0,47.0,11.0,11.0,11.0,11.0,11.0,36.0,11.0,11.0,41.0,64,63,68,71,74,62,60,62,62,62,62,64,64,64,64,36,37,32,29,26,38,40,38,38,38,38,36,36,36,36,77,74,No,No,No,No,No,No,No,No,No,No,No,No,No,No,No,No,No,No,No,No,No,No,No,No,No,No,No,No,No,No,No,No,No,No,No,No,No,No,No,No,No,No,No,No,No,No,No,No,76,71,64,1.100,11.813,20.259,13.711,0.001,5.171,0.481,175.0,175.0,175.0,175.0,0,0.0,9.2,6.1,0.0,0.3,0.0,0.2,48.9,82.2,0.0,0.2,24.4,12.8,0.0,0.0,0.0,0.0,0.0,0.0,3.5,2.1,2.9,4.5,1.2,0.0,22.8,17.0,18.2,4.4,0.0,0.0,0.0,0.0,0.0,0.0,0.0,0.0,57.4,0.0,0.0,12.8,0.0,0.0,0.0,99.8,99.8,99.8,99.9,99.8,96.2,97.8,97.0,55.7,91.8,99.4,11.5,0.0,51.8,79.7,2394.1,24.00,36,35,35,68,103,383,2,2,Yes,No,No,No,No,No,No,No,No,No,Yes,No,No,No,No,No,No,No,No,No,No,No,No,No,No,No,No,Yes,No,No,No,No,No,No,No,Yes,No,No,82.0,4500,4680,4380,57.2,1.095,1.110,1.815,1.815,1.005,5.110,0.750,No,No,No,57.5,1.095,1.110,1.815,1.815,1.005,5.110,0.875,No,No,No,40,40,94.0,100.0,No,No,32162,47988,36,70,99.0,100.0,No,No,1844,3246,0.1,1.4,1.5,0.004,0.067,97403,55439,0.0,0.0,0.0,0.000,0.000,164001,82786,80.0,72.0,89.5,83.0,0.875,20.585,20.565,20.606,82.758,40.751,65.620,14.848,80.609,3.000,17.848,58.909,44.422,100.000,140.000,2250.0,2200.2,1890.0,2232.1,1905.0,88.0,22.0,0.0,0.0,49.6,21.9,87.7,0.0,0.0,0.0,Yes,No,No,No,No,Yes,No,0,0,0,0,0,0,0,0,0,0,0,0,0,0,0,0,0,0,0,0,0,0,0,0,0,0,0,0,0,0,4126,4062,3831,99,16.0,65,0.300,20.261,700.0,2394.0,0.3,0.1,0.0,0.0,0.1,0.0,0.0,0.0,0.0,2,16190,2,No,No,No,No,No,No,No,No,16.745,68.277,100.0,0.000,24.1,0,0,0,0.0,42.2,44.8,39.5,38.9,38.8,38.8,42.2,42.7,41.8,41.7,41.7,41.7,23.69,24.03,23.45,23.43,24.07,24.07,20.90,2.79,5.23,18.46,0.18,697,17,0.1,0.2,0,0,0.0,0.0,0,
9.6.2026,15:1:54.355,15783,32984,32.3,12110,20274,37.3,10.1,16384,1662,1.197,1.198,1.193,1.168,1.208,1.198,1.168,1.213,1.228,1.225,1.195,1.215,1.155,1.200,1.190,1.101,0.846,3234.9,1396.6,4688.5,1396.6,4888.0,4688.5,4489.0,3591.2,3591.2,3591.2,3591.2,3591.2,1097.3,3591.2,1097.3,99.8,4090.0,394.4,281.7,0.3,107.7,0.2,19.0,1732.5,4228.0,0.4,4.5,762.4,581.8,0.4,0.6,0.6,0.6,0.6,0.6,75.6,65.0,25.7,482.6,10.5,12.6,7.3,2.0,0.0,3.5,43.1,89.6,5.2,1.7,19.7,14.0,0.0,0.1,0.1,0.1,0.1,0.1,5.8,3.7,1.1,89.6,10.5,100.0,15.5,11.9,0.0,4.6,0.0,1.0,68.2,161.2,0.0,0.3,30.0,22.9,0.0,0.1,0.1,0.1,0.1,0.1,4.5,3.7,1.8,15.5,32.4,14.0,47.0,14.0,49.0,47.0,45.0,36.0,36.0,36.0,36.0,36.0,11.0,36.0,11.0,41.0,63,63,67,64,72,61,62,61,61,61,62,62,62,62,62,37,37,33,36,28,39,38,39,39,39,38,38,38,38,38,75,72,No,No,No,No,No,No,No,No,No,No,No,No,No,No,No,No,No,No,No,No,No,No,No,No,No,No,No,No,No,No,No,No,No,No,No,No,No,No,No,No,No,No,No,No,No,No,No,No,75,70,66,1.100,18.563,21.234,14.691,0.001,5.177,0.482,175.0,175.0,175.0,175.0,0,0.0,9.7,12.5,0.0,3.4,0.0,0.5,42.7,89.4,0.0,0.2,19.8,14.0,0.0,0.1,0.1,0.1,0.1,0.1,5.3,5.0,1.9,4.6,11.7,2.4,16.3,9.8,17.4,7.0,0.0,0.0,0.0,0.0,0.0,0.0,0.0,0.0,57.2,0.0,0.0,13.1,0.0,2.3,0.0,99.8,99.8,99.8,99.8,99.8,94.3,94.8,97.9,52.7,72.2,93.0,21.9,0.0,54.7,74.2,2394.1,24.00,36,35,35,68,103,383,2,2,Yes,No,No,No,No,No,No,No,No,No,Yes,No,No,No,No,No,No,No,No,No,No,No,No,No,No,No,No,Yes,No,No,No,No,No,No,No,Yes,No,No,83.0,4500,4620,4320,57.2,1.095,1.110,1.815,1.815,1.005,5.110,1.125,No,No,No,57.5,1.095,1.110,1.815,1.815,1.005,5.110,0.750,No,No,No,40,40,94.0,100.0,No,No,32162,47988,36,70,99.0,100.0,No,No,1844,3246,0.0,0.6,0.6,0.000,0.027,97403,55439,0.0,0.0,0.0,0.000,0.000,164001,82786,78.8,72.0,88.1,83.0,0.875,20.583,20.563,20.603,82.384,37.276,65.084,15.196,80.433,3.000,18.189,28.650,50.376,100.000,140.000,2250.0,2200.2,1890.0,2232.7,1905.0,88.0,21.0,0.0,0.0,49.6,21.8,87.4,0.0,0.0,0.0,Yes,No,No,No,No,Yes,No,0,0,0,0,0,0,0,0,0,0,0,0,0,0,0,0,0,0,0,0,0,0,0,0,0,0,0,0,0,0,4126,4062,3831,99,16.0,66,0.300,21.211,700.0,2394.0,0.3,0.1,0.0,0.0,0.1,0.0,0.0,0.0,0.0,2,16190,2,No,No,No,No,No,No,No,No,16.745,68.277,100.0,0.000,24.1,0,0,0,0.0,42.1,44.0,39.4,39.4,39.4,39.4,42.1,43.3,40.0,39.7,39.7,39.7,23.75,25.01,23.04,22.87,25.22,25.22,21.01,2.73,5.12,18.62,0.32,697,17,0.3,0.3,0,0,0.0,0.0,0,
9.6.2026,15:1:56.355,15788,32980,32.3,12108,20276,37.3,10.1,16384,1662,1.183,1.160,1.170,1.200,1.195,1.164,1.164,1.199,1.199,1.175,1.205,1.195,1.185,1.170,1.175,1.063,0.846,2094.9,4489.0,1396.6,4688.5,4688.5,1396.6,1396.6,1097.3,1097.3,1097.3,1097.3,1097.3,1097.3,1097.3,3591.2,99.8,3890.5,383.2,189.0,0.1,24.6,0.1,6.3,1840.3,4167.9,0.2,4.4,843.2,532.9,0.1,0.4,0.4,0.4,0.4,0.5,27.8,20.9,4.1,475.7,9.0,7.1,0.0,0.6,0.0,0.1,43.8,88.1,0.0,1.7,21.4,12.6,0.0,0.0,0.0,0.0,0.0,0.0,2.0,1.6,0.3,88.1,9.0,100.0,14.8,7.5,0.0,1.0,0.0,0.5,71.3,158.7,0.0,0.4,33.1,20.8,0.0,0.0,0.0,0.0,0.0,0.1,1.5,1.1,0.2,14.8,21.0,45.0,14.0,47.0,47.0,14.0,14.0,11.0,11.0,11.0,11.0,11.0,11.0,11.0,36.0,39.0,63,64,66,65,70,61,62,62,62,62,62,62,62,62,62,37,36,34,35,30,39,38,38,38,38,38,38,38,38,38,76,70,No,No,No,No,No,No,No,No,No,No,No,No,No,No,No,No,No,No,No,No,No,No,No,No,No,No,No,No,No,No,No,No,No,No,No,No,No,No,No,No,No,No,No,No,No,No,No,No,75,67,64,1.100,8.438,20.139,13.605,0.002,5.165,0.480,175.0,175.0,175.0,175.0,0,0.0,8.9,7.1,0.0,0.6,0.0,0.2,43.8,88.0,0.0,0.2,21.4,12.7,0.0,0.0,0.0,0.0,0.0,0.0,2.0,1.6,0.3,3.2,1.4,0.0,12.7,11.3,15.4,3.8,0.0,0.0,0.0,0.0,0.0,0.0,0.0,0.0,57.7,0.0,0.0,12.5,0.0,0.0,0.0,99.8,99.8,99.8,99.8,99.8,97.7,98.3,99.5,58.8,90.5,99.1,25.9,0.0,57.5,79.8,2394.1,24.00,36,35,35,68,103,383,2,2,Yes,No,No,No,No,No,No,No,No,No,Yes,No,No,No,No,No,No,No,No,No,No,No,No,No,No,No,No,Yes,No,No,No,No,No,No,No,Yes,No,No,83.0,4500,4680,4320,57.2,1.110,1.110,1.815,1.815,1.005,5.110,0.750,No,No,No,57.5,1.095,1.110,1.815,1.815,1.005,5.110,0.750,No,No,No,40,40,94.0,100.0,No,No,32162,47988,36,70,99.0,100.0,No,No,1844,3246,0.0,0.6,0.6,0.000,0.016,97403,55439,0.0,0.0,0.0,0.000,0.000,164001,82786,80.2,74.0,90.0,83.0,0.875,20.576,20.556,20.597,83.195,35.549,65.163,15.889,81.195,3.000,18.877,10.888,53.830,100.000,140.000,2250.0,2200.2,1890.0,2232.0,1905.0,87.0,23.0,0.0,0.0,49.6,21.5,86.1,0.0,0.0,0.0,Yes,No,No,No,No,Yes,No,0,0,0,0,0,0,0,0,0,0,0,0,0,0,0,0,0,0,0,0,0,0,0,0,0,0,0,0,0,0,4126,4062,3831,98,16.0,66,0.300,20.009,700.0,2394.0,0.3,0.1,0.0,0.0,0.1,0.0,0.0,0.0,0.0,2,16190,2,No,No,No,No,No,No,No,No,16.744,68.277,100.0,0.000,24.1,0,0,0,0.0,42.6,45.5,40.4,40.2,40.1,40.1,42.5,43.3,41.1,41.1,41.1,41.1,23.49,24.32,22.65,22.43,24.33,24.33,20.43,3.08,5.06,18.42,0.26,697,17,0.4,0.2,0,0,0.0,0.0,0,
9.6.2026,15:1:58.355,15785,32983,32.3,12110,20274,37.3,10.1,16384,1662,1.167,1.198,1.231,1.211,1.192,1.192,1.177,1.007,1.162,0.987,1.208,1.203,1.209,1.178,1.183,1.101,0.846,2479.6,4688.5,4688.5,1396.6,4688.5,4688.5,4688.5,1097.3,1097.3,1097.3,1097.3,1097.3,2194.6,1097.3,1097.3,99.8,4090.0,378.4,152.9,0.1,13.9,0.1,5.9,2137.7,3660.0,0.2,4.5,954.3,494.5,0.1,6.0,0.4,0.4,0.4,11.9,64.5,40.4,20.4,464.5,9.2,6.3,0.3,1.4,0.3,0.0,50.1,78.4,0.0,0.0,23.7,11.5,0.0,0.0,0.0,0.0,0.0,2.0,3.8,3.7,1.9,78.4,9.2,100.0,14.7,6.1,0.0,0.6,0.0,0.5,82.8,139.3,0.0,0.4,37.5,19.4,0.0,0.3,0.0,0.0,0.0,0.7,3.2,1.9,0.7,14.7,24.9,47.0,47.0,14.0,47.0,47.0,47.0,11.0,11.0,11.0,11.0,11.0,22.0,11.0,11.0,41.0,63,64,66,64,74,62,58,61,61,61,62,62,64,64,64,37,36,34,36,26,38,42,39,39,39,38,38,36,36,36,76,74,No,No,No,No,No,No,No,No,No,No,No,No,No,No,No,No,No,No,No,No,No,No,No,No,No,No,No,No,No,No,No,No,No,No,No,No,No,No,No,No,No,No,No,No,No,No,No,No,76,71,64,1.100,6.750,19.372,12.859,0.001,5.167,0.478,175.0,175.0,175.0,175.0,0,0.0,9.2,6.8,0.0,0.4,0.0,0.2,49.9,78.5,0.0,0.2,24.0,12.0,0.0,0.5,0.0,0.0,0.0,1.0,4.7,3.2,1.7,5.0,2.6,0.0,30.0,20.6,13.1,3.2,0.0,0.0,0.0,0.0,0.0,0.0,0.0,0.0,57.1,0.0,0.0,11.6,0.0,0.0,0.0,99.4,99.8,99.8,99.8,98.9,94.9,96.6,98.2,55.4,89.1,99.3,5.2,0.0,57.3,81.4,2394.1,24.00,36,35,35,68,103,383,2,2,Yes,No,No,No,No,No,No,No,No,No,Yes,No,No,No,No,No,No,No,No,No,No,No,No,No,No,No,No,Yes,No,No,No,No,No,No,No,Yes,No,No,82.0,4500,4620,4260,57.2,1.110,1.110,1.815,1.815,1.005,5.110,0.750,No,No,No,57.5,1.110,1.110,1.815,1.815,1.005,5.110,0.750,No,No,No,40,40,94.0,100.0,No,No,32162,47988,36,70,99.0,100.0,No,No,1844,3246,0.0,0.7,0.7,0.000,0.089,97403,55439,0.0,0.0,0.0,0.000,0.000,164001,82786,80.2,74.0,89.8,83.0,0.875,20.585,20.564,20.606,83.697,34.090,64.431,15.814,80.404,3.000,18.817,10.945,45.218,100.000,140.000,2250.0,2200.2,1890.0,2231.1,1905.0,87.0,23.0,0.0,0.0,49.6,21.8,87.0,0.0,0.0,0.0,Yes,No,No,No,No,Yes,No,0,0,0,0,0,0,0,0,0,0,0,0,0,0,0,0,0,0,0,0,0,0,0,0,0,0,0,0,0,0,4126,4062,3831,97,16.0,64,0.300,19.615,700.0,2394.0,0.3,0.1,0.0,0.0,0.1,0.0,0.0,0.0,0.0,2,16190,2,No,No,No,No,No,No,No,No,16.744,68.277,100.0,0.000,24.1,0,0,0,0.0,42.5,44.3,40.7,40.6,40.6,40.6,42.5,42.8,42.1,42.1,42.0,42.0,23.54,23.84,23.33,23.32,23.89,23.89,20.50,3.04,4.85,18.70,0.17,697,17,0.1,0.2,0,0,0.0,0.0,0,
9.6.2026,15:2:0.364,15782,32986,32.3,12104,20280,37.3,10.1,16384,1662,1.193,1.153,1.170,1.188,1.188,1.208,1.202,1.192,1.192,1.192,1.192,1.209,1.204,1.209,1.209,1.141,0.846,3634.0,4489.0,1396.6,4688.5,4688.5,4688.5,4688.5,3591.2,3591.2,3591.2,3591.2,3591.2,1097.3,3591.2,3591.2,99.8,4289.5,379.6,149.6,0.2,18.0,0.2,5.7,1881.0,4022.8,0.3,4.5,908.7,535.2,0.2,0.5,0.5,0.5,0.5,0.5,47.1,14.9,1.3,470.5,9.6,6.7,0.0,0.5,0.0,0.0,44.7,85.3,0.0,0.1,22.8,12.9,16.4,0.1,0.1,0.1,0.1,0.0,2.4,0.2,0.0,85.3,9.6,100.0,14.7,6.1,0.0,0.7,0.0,0.5,72.6,153.5,0.0,0.4,35.4,20.8,0.0,0.1,0.1,0.1,0.1,0.1,2.9,1.2,0.6,14.7,36.4,45.0,14.0,47.0,47.0,47.0,47.0,36.0,36.0,36.0,36.0,36.0,11.0,36.0,36.0,43.0,63,62,66,68,64,66,60,62,62,62,62,62,62,62,62,37,38,34,32,36,34,40,38,38,38,38,38,38,38,38,76,68,No,No,No,No,No,No,No,No,No,No,No,No,No,No,No,No,No,No,No,No,No,No,No,No,No,No,No,No,No,No,No,No,No,No,No,No,No,No,No,No,No,No,No,No,No,No,No,No,76,74,65,1.100,8.438,21.409,14.863,0.002,5.154,0.477,175.0,175.0,175.0,175.0,0,0.0,8.9,6.7,0.0,0.5,0.0,0.2,44.7,85.0,0.0,0.2,23.0,13.0,0.0,0.0,0.0,0.0,0.0,0.0,3.5,1.2,0.1,4.6,5.6,0.0,22.3,14.4,16.0,5.5,0.0,0.0,0.0,0.0,0.0,0.0,0.0,0.0,57.2,0.0,0.0,7.3,0.0,0.0,0.0,99.8,99.8,99.8,99.8,99.8,96.2,98.6,99.8,56.7,86.5,99.3,21.1,0.0,55.2,78.1,2394.1,24.00,36,35,35,68,103,383,2,2,Yes,No,No,No,No,No,No,No,No,No,Yes,No,No,No,No,No,No,No,No,No,No,No,No,No,No,No,No,Yes,No,No,No,No,No,No,No,Yes,No,No,83.0,4380,4620,4260,57.2,1.110,1.110,1.815,1.815,1.005,5.110,0.875,No,No,No,57.5,1.110,1.110,1.800,1.815,1.005,5.110,0.750,No,No,No,40,40,94.0,100.0,No,No,32162,47988,36,70,99.0,100.0,No,No,1844,3246,0.0,1.0,1.0,0.000,0.094,97403,55439,0.0,0.0,0.0,0.000,0.000,164001,82786,79.9,74.0,89.2,83.0,0.875,20.579,20.558,20.601,84.049,41.716,66.464,15.377,81.991,3.000,18.368,59.062,47.750,100.000,140.000,2250.0,2200.2,1890.0,2231.8,1905.0,87.0,23.0,0.0,0.0,49.6,21.6,86.5,0.0,0.0,0.0,Yes,No,No,No,No,Yes,No,0,0,0,0,0,0,0,0,0,0,0,0,0,0,0,0,0,0,0,0,0,0,0,0,0,0,0,0,0,0,4126,4062,3831,45,16.0,65,0.300,21.335,700.0,2394.0,0.3,0.1,0.0,0.0,0.1,0.0,0.0,0.0,0.0,2,16190,2,No,No,No,No,No,No,No,No,16.744,68.277,100.0,0.000,24.1,0,0,0,0.0,42.2,45.2,39.6,39.3,39.3,39.3,42.2,43.3,39.9,39.7,39.6,39.6,23.72,24.97,23.18,23.11,25.23,25.23,20.88,2.85,4.98,18.74,0.27,697,17,0.1,0.2,0,0,0.0,0.0,0,
9.6.2026,15:2:2.355,15784,32984,32.3,12103,20280,37.3,10.1,16384,1662,1.197,1.199,1.170,1.195,1.185,1.185,1.179,1.204,1.204,1.204,1.189,1.209,1.224,1.209,1.209,1.101,0.846,1945.2,1396.6,1396.6,1396.6,4888.0,4688.5,4688.5,1097.3,1097.3,1097.3,1097.3,1097.3,1097.3,1097.3,1097.3,99.8,4090.0,388.3,240.7,0.2,54.5,0.3,5.5,1769.3,4151.3,0.3,4.1,851.4,566.6,0.5,0.7,0.6,0.6,0.5,1.3,58.1,42.5,16.6,477.9,9.9,9.9,0.8,2.6,0.8,2.4,43.6,88.1,0.0,0.1,22.0,13.6,1.6,0.1,0.1,0.1,0.0,0.1,5.3,4.7,2.7,88.1,9.9,100.0,15.2,10.0,0.0,2.5,0.0,0.5,69.0,158.0,0.0,0.3,33.6,22.2,0.0,0.1,0.1,0.1,0.1,0.1,3.2,2.3,0.9,15.2,19.5,14.0,14.0,14.0,49.0,47.0,47.0,11.0,11.0,11.0,11.0,11.0,11.0,11.0,11.0,41.0,63,66,66,63,71,62,62,62,62,62,62,64,62,62,62,37,34,34,37,29,38,38,38,38,38,38,36,38,38,38,76,71,No,No,No,No,No,No,No,No,No,No,No,No,No,No,No,No,No,No,No,No,No,No,No,No,No,No,No,No,No,No,No,No,No,No,No,No,No,No,No,No,No,No,No,No,No,No,No,No,76,69,65,1.100,11.813,20.817,14.270,0.001,5.185,0.478,175.0,175.0,175.0,175.0,0,0.0,9.4,9.9,0.0,2.6,0.0,0.2,43.4,88.0,0.0,0.2,22.0,13.6,0.0,0.1,0.1,0.1,0.1,0.1,3.8,3.2,1.2,4.3,6.6,2.4,16.4,11.2,19.0,4.6,0.0,0.0,0.0,0.0,0.0,0.0,0.0,0.0,56.8,0.0,0.0,5.7,0.0,0.0,0.0,99.8,99.8,99.8,99.8,99.8,95.7,96.6,98.6,55.6,80.9,93.7,28.4,0.0,53.3,77.5,2394.1,24.00,36,35,35,68,103,383,2,2,Yes,No,No,No,No,No,No,No,No,No,Yes,No,No,No,No,No,No,No,No,No,No,No,No,No,No,No,No,Yes,No,No,No,No,No,No,No,Yes,No,No,83.0,4500,4680,4320,57.2,1.110,1.110,1.815,1.815,1.005,5.110,1.750,No,No,No,57.5,1.110,1.110,1.815,1.815,1.005,5.110,0.875,No,No,No,40,40,94.0,100.0,No,No,32162,47988,36,70,99.0,100.0,No,No,1844,3246,0.0,2.2,2.2,0.000,0.032,97403,55439,0.0,0.0,0.0,0.000,0.000,164001,82786,79.6,72.0,89.0,83.0,0.875,20.571,20.550,20.593,83.865,33.918,63.949,15.556,79.653,3.000,18.551,10.957,45.762,100.000,140.000,2250.0,2200.2,1890.0,2231.7,1905.0,88.0,23.0,0.0,0.0,49.6,21.9,87.5,0.0,0.0,0.0,Yes,No,No,No,No,Yes,No,0,0,0,0,0,0,0,0,0,0,0,0,0,0,0,0,0,0,0,0,0,0,0,0,0,0,0,0,0,0,4126,4062,3831,45,16.0,66,0.300,20.495,700.0,2394.0,0.3,0.1,0.0,0.0,0.1,0.0,0.0,0.0,0.0,2,16190,2,No,No,No,No,No,No,No,No,16.745,68.277,100.0,0.000,24.1,0,0,0,0.0,42.2,43.6,40.6,40.5,40.5,40.5,42.3,42.7,41.8,41.7,41.7,41.7,23.67,23.98,23.36,23.32,24.06,24.06,20.75,2.92,4.75,18.92,0.17,697,17,0.2,0.2,0,0,0.0,0.0,0,
9.6.2026,15:2:4.360,15858,32909,32.5,12108,20276,37.3,10.1,16384,1662,1.179,1.146,1.166,1.166,1.193,1.193,1.193,1.190,1.190,1.180,1.180,1.200,1.195,1.170,1.145,1.063,0.846,3455.8,4489.0,1396.6,4688.5,4688.5,4688.5,4688.5,3591.2,3591.2,3591.2,3591.2,3591.2,1097.3,1097.3,3591.2,99.8,3890.5,388.4,171.8,0.3,64.1,0.3,6.3,2176.1,3690.4,0.3,3.9,855.3,511.1,0.3,1.0,0.6,0.6,0.5,42.3,128.6,87.1,27.8,467.7,11.4,8.0,0.3,2.6,0.3,0.5,50.5,79.3,17.0,0.0,21.1,12.9,17.0,0.4,0.3,0.3,0.3,3.4,8.3,5.4,0.6,79.3,11.4,100.0,15.2,7.1,0.0,2.8,0.0,0.5,83.9,140.6,0.0,0.3,33.5,20.0,0.0,0.1,0.1,0.1,0.1,2.3,6.9,4.7,1.5,15.2,34.6,45.0,14.0,47.0,47.0,47.0,47.0,36.0,36.0,36.0,36.0,36.0,11.0,11.0,36.0,39.0,63,65,65,67,66,64,64,61,61,61,62,62,62,62,62,37,35,35,33,34,36,36,39,39,39,38,38,38,38,38,76,67,No,No,No,No,No,No,No,No,No,No,No,No,No,No,No,No,No,No,No,No,No,No,No,No,No,No,No,No,No,No,No,No,No,No,No,No,No,No,No,No,No,No,No,No,No,No,No,No,76,72,66,1.100,14.344,19.726,13.154,0.001,5.197,0.479,175.0,175.0,175.0,175.0,0,0.0,9.7,7.7,0.0,2.3,0.0,0.2,50.2,79.2,0.0,0.2,20.9,12.7,0.0,0.1,0.1,0.1,0.1,3.1,9.3,6.5,1.9,4.8,4.9,3.2,20.2,20.0,13.6,5.8,0.0,0.0,0.0,0.0,0.0,0.0,0.0,0.0,56.8,0.0,0.0,17.8,0.0,0.0,0.0,99.7,99.8,99.8,99.8,96.7,90.2,93.2,98.0,54.1,85.2,93.5,8.3,0.0,60.2,77.7,2394.1,24.00,36,35,35,68,103,383,2,2,Yes,No,No,No,No,No,No,No,No,No,Yes,No,No,No,No,No,No,No,No,No,No,No,No,No,No,No,No,Yes,No,No,No,No,No,No,No,Yes,No,No,82.0,4500,4740,4320,57.2,1.110,1.110,1.815,1.815,1.005,5.110,0.750,No,No,No,57.5,1.110,1.110,1.815,1.815,1.005,5.110,0.750,No,No,No,40,40,94.0,100.0,No,No,32162,47988,36,70,99.0,100.0,No,No,1844,3246,0.0,0.9,0.9,0.000,0.028,97403,55439,0.0,0.0,0.0,0.000,0.000,164001,82786,79.3,74.0,88.4,83.0,0.875,20.572,20.550,20.593,81.598,40.429,64.112,15.659,79.922,3.000,18.655,58.990,42.662,100.000,140.000,2250.0,2200.2,1890.0,2231.4,1905.0,86.0,23.0,0.0,0.0,50.0,21.2,84.8,0.0,0.0,0.0,Yes,No,No,No,No,Yes,No,0,0,0,0,0,0,0,0,0,0,0,0,0,0,0,0,0,0,0,0,0,0,0,0,0,0,0,0,0,0,4094,4094,3863,43,16.0,66,0.300,19.903,700.0,2394.0,0.3,0.1,0.0,0.0,0.1,0.0,0.0,0.0,0.0,2,16190,2,No,No,No,No,No,No,No,No,16.745,68.277,100.0,0.000,24.1,0,0,0,0.0,44.9,51.0,39.4,39.3,39.2,39.2,44.7,48.9,42.6,42.4,42.4,42.4,22.32,23.51,20.50,20.48,23.59,23.59,19.24,3.15,5.08,17.25,0.37,697,17,0.3,0.4,0,0,0.0,0.0,0,
9.6.2026,15:2:6.352,15848,32920,32.4,12105,20279,37.3,10.1,16384,1662,1.164,1.179,1.212,1.197,1.202,0.722,1.177,1.202,1.202,1.202,1.202,1.199,1.199,1.199,1.199,1.101,0.846,1667.4,1396.6,4688.5,1396.6,4888.0,798.0,1396.6,1097.3,1097.3,1097.3,1097.3,1097.3,1097.3,1097.3,1097.3,99.8,4090.0,382.9,129.5,0.2,6.6,0.1,6.3,1874.5,4032.4,0.2,4.1,1021.6,538.7,0.2,0.5,0.4,0.4,0.4,0.4,35.5,5.6,0.5,476.0,8.9,5.1,0.0,0.0,0.0,0.0,44.9,85.3,0.0,0.0,25.3,12.6,0.0,0.0,0.0,0.0,0.0,0.0,3.8,0.3,0.0,85.3,8.9,100.0,14.8,5.2,0.0,0.3,0.0,0.5,72.6,153.6,0.0,0.3,39.9,21.1,0.0,0.0,0.0,0.0,0.0,0.0,2.0,0.3,0.1,14.8,16.7,14.0,47.0,14.0,49.0,8.0,14.0,11.0,11.0,11.0,11.0,11.0,11.0,11.0,11.0,41.0,63,63,65,62,71,61,60,61,61,61,61,64,64,64,64,37,37,35,38,29,39,40,39,39,39,39,36,36,36,36,76,71,No,No,No,No,No,No,No,No,No,No,No,No,No,No,No,No,No,No,No,No,No,No,No,No,No,No,No,No,No,No,No,No,No,No,No,No,No,No,No,No,No,No,No,No,No,No,No,No,76,72,66,1.100,8.438,19.791,13.258,0.002,5.174,0.475,175.0,175.0,175.0,175.0,0,0.0,8.9,5.2,0.0,0.2,0.0,0.2,44.9,85.2,0.0,0.2,25.4,13.5,0.0,0.0,0.0,0.0,0.0,0.0,2.4,0.5,0.0,3.3,0.9,0.0,13.5,14.2,12.7,4.8,0.0,0.0,0.0,0.0,0.0,0.0,0.0,0.0,58.0,0.0,0.0,16.4,0.0,0.0,0.0,99.8,99.8,99.8,99.8,99.8,97.2,99.4,99.8,57.9,93.0,99.5,20.7,0.0,56.2,78.0,2394.1,24.00,36,35,35,68,103,383,2,2,Yes,No,No,No,No,No,No,No,No,No,Yes,No,No,No,No,No,No,No,No,No,No,No,No,No,No,No,No,Yes,No,No,No,No,No,No,No,Yes,No,No,83.0,4560,4680,4380,57.2,1.110,1.110,1.815,1.815,1.005,5.110,1.000,No,No,No,57.5,1.110,1.110,1.815,1.815,1.005,5.110,0.875,No,No,No,40,40,94.0,100.0,No,No,32162,47988,36,70,99.0,100.0,No,No,1844,3246,0.1,1.5,1.7,0.024,0.154,97403,55440,0.0,0.0,0.0,0.000,0.000,164001,82786,78.8,72.0,87.3,83.0,0.875,20.583,20.563,20.603,81.291,40.112,63.860,15.772,79.776,3.000,18.771,57.517,42.085,100.000,140.000,2250.0,2200.2,1890.0,2232.1,1905.0,87.0,24.0,0.0,0.0,50.0,21.4,85.7,0.0,0.0,0.0,Yes,No,No,No,No,Yes,No,0,0,0,0,0,0,0,0,0,0,0,0,0,0,0,0,0,0,0,0,0,0,0,0,0,0,0,0,0,0,4094,4094,3863,43,16.0,65,0.300,19.793,700.0,2394.0,0.3,0.1,0.0,0.0,0.1,0.0,0.0,0.0,0.0,2,16190,2,No,No,No,No,No,No,No,No,16.745,68.277,100.0,0.000,24.1,0,0,0,0.0,42.3,44.9,39.3,39.0,39.0,39.0,42.3,43.5,40.2,39.8,39.8,39.8,23.63,24.74,22.97,22.91,24.92,24.92,20.64,3.00,5.17,18.46,0.36,697,17,0.5,0.4,0,0,0.0,0.0,0,
9.6.2026,15:2:8.355,15817,32951,32.4,12107,20277,37.3,10.1,16384,1662,1.195,1.203,1.181,1.176,1.156,1.156,1.213,1.198,1.198,1.207,1.207,1.207,1.207,1.212,1.206,1.101,0.846,2166.1,4688.5,4688.5,1396.6,1396.6,4688.5,4688.5,1097.3,1097.3,1097.3,1097.3,1097.3,1097.3,1097.3,1097.3,99.8,4090.0,376.8,118.8,0.2,5.4,0.1,5.4,1595.0,4170.6,0.2,4.8,1047.5,522.0,0.2,0.5,0.4,0.4,0.4,0.5,34.2,16.6,11.8,467.0,11.0,5.1,0.4,0.6,0.0,2.8,40.2,88.1,19.7,2.8,25.8,12.1,14.9,0.4,0.4,0.4,0.4,0.4,2.3,2.7,1.2,88.1,11.0,100.0,14.6,4.6,0.0,0.2,0.0,0.5,62.0,158.9,0.0,0.4,40.8,20.3,0.0,0.0,0.0,0.0,0.0,0.0,1.9,0.9,0.7,14.6,21.7,47.0,47.0,14.0,14.0,47.0,47.0,11.0,11.0,11.0,11.0,11.0,11.0,11.0,11.0,41.0,62,62,61,60,72,63,60,60,60,60,61,62,62,62,62,38,38,39,40,28,37,40,40,40,40,39,38,38,38,38,76,72,No,No,No,No,No,No,No,No,No,No,No,No,No,No,No,No,No,No,No,No,No,No,No,No,No,No,No,No,No,No,No,No,No,No,No,No,No,No,No,No,No,No,No,No,No,No,No,No,75,69,66,1.100,7.594,19.675,13.157,0.002,5.157,0.475,175.0,175.0,175.0,175.0,0,0.0,8.7,4.7,0.0,0.2,0.0,0.2,39.8,87.8,0.0,0.2,25.6,12.5,0.0,0.0,0.0,0.0,0.0,0.0,1.9,0.8,0.8,3.0,1.5,0.0,12.0,11.6,13.1,3.5,0.0,0.0,0.0,0.0,0.0,0.0,0.0,0.0,57.4,0.0,0.0,7.9,0.0,0.0,0.0,99.8,99.8,99.8,99.8,99.8,97.8,99.1,99.1,60.5,92.8,99.6,34.5,0.0,55.1,81.0,2394.1,24.00,36,35,35,68,103,383,2,2,Yes,No,No,No,No,No,No,No,No,No,Yes,No,No,No,No,No,No,No,No,No,No,No,No,No,No,No,No,Yes,No,No,No,No,No,No,No,Yes,No,No,83.0,4500,4680,4380,57.2,1.095,1.110,1.815,1.815,1.005,5.110,0.750,No,No,No,57.5,1.110,1.110,1.815,1.815,1.005,5.110,1.000,No,No,No,40,40,94.0,100.0,No,No,32162,47988,36,70,99.0,100.0,No,No,1844,3246,0.0,0.5,0.5,0.000,0.066,97403,55440,0.0,0.0,0.0,0.000,0.000,164001,82786,79.3,74.0,88.4,83.0,0.875,20.582,20.562,20.601,81.141,33.697,61.318,15.833,77.297,3.000,18.828,10.841,48.760,100.000,140.000,2250.0,2200.2,1890.0,2231.5,1905.0,87.0,24.0,0.0,0.0,50.0,21.6,86.3,0.0,0.0,0.0,Yes,No,No,No,No,Yes,No,0,0,0,0,0,0,0,0,0,0,0,0,0,0,0,0,0,0,0,0,0,0,0,0,0,0,0,0,0,0,4094,4094,3863,43,16.0,65,0.300,19.954,700.0,2394.0,0.3,0.1,0.0,0.0,0.1,0.0,0.0,0.0,0.0,2,16190,2,No,No,No,No,No,No,No,No,16.745,68.277,100.0,0.000,24.1,0,0,0,0.0,42.1,44.4,39.9,39.9,39.8,39.8,42.1,42.7,41.6,41.6,41.6,41.6,23.74,24.01,23.42,23.42,24.01,24.01,20.78,2.97,5.14,18.60,0.17,697,17,0.1,0.1,0,0,0.0,0.0,0,
9.6.2026,15:2:10.357,15811,32957,32.4,12100,20283,37.3,10.1,16384,1662,1.200,1.180,1.215,1.210,1.185,1.175,1.175,1.205,1.209,1.209,1.209,1.204,1.204,1.204,1.209,1.101,0.846,3555.6,4688.5,4688.5,4888.0,4888.0,4688.5,4688.5,3591.2,3591.2,3591.2,3591.2,1097.3,1097.3,1097.3,3591.2,99.8,4090.0,356.9,152.9,0.2,18.7,0.2,7.5,1765.7,3857.8,0.2,4.8,792.9,430.5,0.2,0.5,0.5,0.5,0.5,0.7,49.1,46.6,7.2,439.6,9.0,5.5,0.0,0.8,0.3,0.4,41.5,81.8,1.0,0.4,20.9,9.9,10.0,0.3,0.3,0.3,0.3,0.3,2.6,2.2,0.7,81.8,9.0,100.0,13.8,6.1,0.0,0.7,0.0,0.6,68.4,146.8,0.0,0.4,31.2,16.7,0.0,0.0,0.0,0.0,0.0,0.1,2.7,2.5,0.4,13.8,35.6,47.0,47.0,49.0,49.0,47.0,47.0,36.0,36.0,36.0,36.0,11.0,11.0,11.0,36.0,41.0,62,63,65,63,71,58,59,61,61,61,62,61,61,61,61,38,37,35,37,29,42,41,39,39,39,38,39,39,39,39,76,71,No,No,No,No,No,No,No,No,No,No,No,No,No,No,No,No,No,No,No,No,No,No,No,No,No,No,No,No,No,No,No,No,No,No,No,No,No,No,No,No,No,No,No,No,No,No,No,No,75,70,65,1.100,16.031,18.559,12.045,0.001,5.151,0.470,175.0,175.0,175.0,175.0,0,0.0,8.5,6.0,0.0,0.5,0.0,0.2,41.7,81.9,0.0,0.2,21.2,10.3,0.0,0.0,0.0,0.0,0.0,0.1,3.1,3.5,0.4,3.3,4.1,0.0,12.3,17.5,11.2,1.5,0.0,0.0,0.0,0.0,0.0,0.0,0.0,0.0,56.9,0.0,0.0,5.2,0.0,0.0,0.0,99.8,99.8,99.8,99.8,99.8,96.6,96.4,99.5,61.8,88.6,99.3,35.4,0.0,62.0,85.4,2394.1,24.00,36,35,35,68,103,383,2,2,Yes,No,No,No,No,No,No,No,No,No,Yes,No,No,No,No,No,No,No,No,No,No,No,No,No,No,No,No,Yes,No,No,No,No,No,No,No,Yes,No,No,83.0,4500,4740,4320,57.2,1.095,1.110,1.815,1.815,1.005,5.110,0.625,No,No,No,57.5,1.095,1.110,1.815,1.815,1.005,5.110,1.125,No,No,No,40,40,94.0,100.0,No,No,32162,47988,36,70,99.0,100.0,No,No,1844,3246,0.0,1.2,1.2,0.000,0.032,97403,55440,0.0,0.0,0.0,0.000,0.000,164001,82786,78.5,72.0,87.1,83.0,0.875,20.568,20.547,20.590,81.645,41.232,63.793,15.780,79.723,3.000,18.781,64.213,43.331,100.000,140.000,2250.0,2200.2,1890.0,2231.4,1905.0,88.0,23.0,0.0,0.0,49.9,21.9,87.5,0.0,0.0,0.0,Yes,No,No,No,No,Yes,No,0,0,0,0,0,0,0,0,0,0,0,0,0,0,0,0,0,0,0,0,0,0,0,0,0,0,0,0,0,0,4102,4086,3855,42,16.0,65,0.300,18.370,700.0,2394.0,0.1,0.0,0.0,0.0,0.0,0.0,0.0,0.0,0.0,5,16187,5,No,No,No,No,No,No,No,No,16.744,68.277,100.0,0.000,24.1,0,0,0,0.0,41.8,46.0,38.0,37.1,37.0,37.0,41.8,42.2,41.4,41.4,41.4,41.4,23.90,24.18,23.66,23.66,24.19,24.19,21.14,2.77,5.16,18.74,0.15,697,17,0.4,0.1,0,0,0.0,0.0,0,
9.6.2026,15:2:12.362,15848,32920,32.4,12105,20279,37.3,10.1,16384,1662,1.188,1.175,1.192,1.176,1.186,1.191,1.155,1.155,1.195,1.195,1.195,1.205,1.210,1.220,1.175,1.101,0.846,2700.5,1396.6,4688.5,1396.6,4688.5,4688.5,4688.5,1097.3,1097.3,1097.3,1097.3,3591.2,1097.3,3591.2,3591.2,99.8,4090.0,387.5,134.3,0.2,21.4,0.1,6.3,1875.0,4102.8,0.2,3.9,983.3,574.3,0.2,0.5,0.5,0.5,0.5,0.7,35.4,8.5,1.6,481.5,9.4,5.6,1.1,0.9,0.3,2.0,44.8,86.9,0.0,1.9,24.5,14.5,0.0,0.4,0.4,0.4,0.3,0.4,1.9,0.7,0.4,86.9,9.4,100.0,15.0,5.2,0.0,0.8,0.0,0.5,72.6,156.3,0.0,0.3,38.4,22.3,0.0,0.1,0.1,0.1,0.1,0.1,2.0,0.5,0.1,15.0,27.1,14.0,47.0,14.0,47.0,47.0,47.0,11.0,11.0,11.0,11.0,36.0,11.0,36.0,36.0,41.0,64,63,66,64,68,63,65,63,63,63,63,62,62,62,62,36,37,34,36,32,37,35,37,37,37,37,38,38,38,38,76,68,No,No,No,No,No,No,No,No,No,No,No,No,No,No,No,No,No,No,No,No,No,No,No,No,No,No,No,No,No,No,No,No,No,No,No,No,No,No,No,No,No,No,No,No,No,No,No,No,76,71,65,1.100,16.875,20.770,14.206,0.001,5.190,0.483,175.0,175.0,175.0,175.0,0,0.0,8.9,5.3,0.0,0.6,0.0,0.2,44.5,86.7,0.0,0.2,24.3,13.7,0.0,0.1,0.1,0.1,0.1,0.1,2.3,0.4,0.1,3.7,1.1,0.0,19.5,12.7,13.1,4.9,0.0,0.0,0.0,0.0,0.0,0.0,0.0,0.0,57.5,0.0,0.0,8.9,0.0,0.0,0.0,99.8,99.8,99.8,99.8,99.8,97.4,99.4,99.8,58.0,92.7,99.2,22.0,0.0,56.6,77.5,2394.1,24.00,36,35,35,68,103,383,2,2,Yes,No,No,No,No,No,No,No,No,No,Yes,No,No,No,No,No,No,No,No,No,No,No,No,No,No,No,No,Yes,No,No,No,No,No,No,No,Yes,No,No,83.0,4440,4680,4380,57.2,1.095,1.110,1.800,1.815,1.005,5.110,1.625,No,No,No,57.5,1.095,1.110,1.800,1.815,1.005,5.110,1.125,No,No,No,40,40,94.0,100.0,No,No,32162,47988,36,70,99.0,100.0,No,No,1844,3246,0.0,0.5,0.5,0.000,0.014,97403,55440,0.0,0.0,0.0,0.000,0.000,164001,82786,80.1,72.0,89.6,83.0,0.875,20.561,20.538,20.583,85.978,39.353,68.585,16.307,84.989,3.000,19.318,31.743,51.530,100.000,140.000,2250.0,2200.2,1890.0,2231.8,1905.0,98.0,26.0,0.0,1.0,50.4,24.1,96.6,0.0,0.0,0.0,Yes,No,No,No,No,Yes,No,0,0,0,0,0,0,0,0,0,0,0,0,0,0,0,0,0,0,0,0,0,0,0,0,0,0,0,0,0,0,4061,4127,3895,48,16.0,66,0.300,20.788,700.0,2394.0,0.3,0.1,0.0,0.0,0.1,0.0,0.0,0.0,0.0,2,16190,2,No,No,No,No,No,No,No,No,16.745,68.277,100.0,0.000,24.1,0,0,0,0.0,39.8,42.3,38.2,38.0,38.0,38.0,39.8,40.5,38.7,38.7,38.7,38.7,25.13,25.87,24.56,24.48,25.92,25.92,24.95,0.18,6.73,18.40,0.20,697,17,0.1,0.2,0,0,0.0,0.0,0,
9.6.2026,15:2:14.364,15845,32923,32.4,12102,20282,37.3,10.1,16384,1662,1.202,1.185,1.183,1.183,1.208,1.193,1.208,1.221,1.206,1.206,1.206,1.206,1.206,1.201,1.221,1.101,0.846,3427.3,4688.5,1396.6,4688.5,4888.0,4688.5,1396.6,3591.2,3591.2,3591.2,3591.2,3591.2,3591.2,1097.3,3591.2,99.8,4090.0,392.2,563.2,0.5,216.6,0.4,1972.4,39.4,3886.0,0.4,55.3,26.0,928.8,0.4,0.6,0.6,0.6,0.6,42.2,2.2,84.3,23.0,480.7,12.0,18.4,0.0,7.0,0.0,45.2,0.0,83.4,20.6,1.6,0.0,23.0,30.1,0.0,0.0,0.0,0.0,3.1,0.0,6.9,1.3,83.4,12.0,100.0,15.3,22.9,0.0,9.0,0.0,76.1,1.6,148.2,0.0,2.2,1.0,36.4,0.0,0.1,0.1,0.1,0.1,2.3,0.1,4.6,1.3,15.3,34.4,47.0,14.0,47.0,49.0,47.0,14.0,36.0,36.0,36.0,36.0,36.0,36.0,11.0,36.0,41.0,63,63,67,63,72,59,63,61,61,61,61,62,62,62,62,37,37,33,37,28,41,37,39,39,39,39,38,38,38,38,76,72,No,No,No,No,No,No,No,No,No,No,No,No,No,No,No,No,No,No,No,No,No,No,No,No,No,No,No,No,No,No,No,No,No,No,No,No,No,No,No,No,No,No,No,No,No,No,No,No,76,70,64,1.100,8.438,21.256,14.691,0.001,5.195,0.485,175.0,175.0,175.0,175.0,0,0.0,9.6,18.7,0.0,7.4,0.0,45.1,0.9,83.2,0.0,1.3,1.0,22.8,0.0,0.1,0.1,0.1,0.1,3.6,0.1,6.6,1.8,4.6,15.7,5.9,16.7,15.9,0.2,9.4,0.0,0.0,0.0,0.0,0.0,0.0,0.0,0.0,56.6,0.0,0.0,5.8,0.0,0.0,0.0,99.8,99.8,99.8,99.8,96.2,99.7,93.0,98.0,55.1,60.5,84.2,26.7,0.0,97.0,62.2,2394.1,24.00,36,35,35,68,103,383,2,2,Yes,No,No,No,No,No,No,No,No,No,Yes,No,No,No,No,No,No,No,No,No,No,No,No,No,No,No,No,Yes,No,No,No,No,No,No,No,Yes,No,No,82.0,4500,4680,4380,57.2,1.095,1.110,1.800,1.815,1.005,5.110,0.750,No,No,No,57.5,1.095,1.110,1.800,1.815,1.005,5.110,1.000,No,No,No,40,40,94.0,100.0,No,No,32162,47988,36,70,99.0,100.0,No,No,1844,3246,0.0,1.2,1.2,0.000,0.028,97403,55440,0.0,0.0,0.0,0.000,0.000,164001,82786,81.5,72.0,91.5,83.0,0.875,20.565,20.543,20.586,88.266,43.225,68.934,16.619,85.660,3.000,19.632,61.136,47.591,100.000,140.000,2250.0,2200.2,1890.0,2231.1,1905.0,99.0,26.0,0.0,0.0,50.4,24.7,98.7,0.0,0.0,0.0,Yes,No,No,No,No,Yes,No,0,0,0,0,0,0,0,0,0,0,0,0,0,0,0,0,0,0,0,0,0,0,0,0,0,0,0,0,0,0,4061,4127,3895,48,16.0,65,0.307,20.871,700.0,2394.0,0.3,0.1,0.0,0.0,0.1,0.0,0.0,0.0,0.0,2,16190,2,No,No,No,No,No,No,No,No,16.745,68.277,100.0,0.000,24.1,0,0,0,0.0,40.1,41.8,39.0,39.0,39.0,39.0,40.0,40.4,39.3,39.3,39.2,39.2,24.98,25.44,24.76,24.75,25.49,25.49,24.88,0.10,6.41,18.57,0.13,697,17,0.2,0.3,0,0,0.0,0.0,0,
9.6.2026,15:2:16.355,15846,32922,32.4,12103,20281,37.3,10.1,16384,1662,1.193,1.203,1.197,1.192,1.182,1.147,1.172,1.162,1.202,1.202,1.202,1.212,1.212,1.205,1.210,1.101,0.846,2743.3,1396.6,4688.5,4688.5,4688.5,4489.0,4688.5,1097.3,1097.3,1097.3,1097.3,3591.2,3591.2,1097.3,1097.3,99.8,4090.0,385.2,563.2,0.4,182.9,0.2,2144.4,0.3,3705.4,0.2,43.3,0.1,870.8,0.4,0.5,0.5,0.5,0.5,15.3,6.6,94.5,73.9,469.6,9.3,17.8,0.0,4.9,0.0,48.3,0.0,79.0,0.0,0.3,0.0,21.6,0.0,0.1,0.1,0.1,0.0,1.0,0.5,7.1,5.8,79.0,9.3,100.0,15.0,22.5,0.0,7.2,0.0,82.5,0.0,141.4,0.0,1.7,0.0,33.9,0.0,0.1,0.1,0.1,0.0,0.9,0.4,5.1,4.0,15.0,27.5,14.0,47.0,47.0,47.0,45.0,47.0,11.0,11.0,11.0,11.0,36.0,36.0,11.0,11.0,41.0,63,61,66,64,71,61,58,61,61,61,61,64,64,64,62,37,39,34,36,29,39,42,39,39,39,39,36,36,36,38,76,71,No,No,No,No,No,No,No,No,No,No,No,No,No,No,No,No,No,No,No,No,No,No,No,No,No,No,No,No,No,No,No,No,No,No,No,No,No,No,No,No,No,No,No,No,No,No,No,No,76,71,64,1.100,8.438,19.741,13.191,0.001,5.182,0.480,175.0,175.0,175.0,175.0,0,0.0,9.3,17.8,0.0,4.9,0.0,48.2,0.0,78.9,0.0,1.0,0.0,21.6,0.0,0.1,0.1,0.1,0.0,1.0,0.5,7.0,5.7,4.5,14.4,3.5,17.6,20.3,0.0,6.7,0.0,0.0,0.0,0.0,0.0,0.0,0.0,0.0,57.3,0.0,0.0,18.2,0.0,0.0,0.0,99.8,99.8,99.8,99.8,98.8,99.3,92.5,94.0,55.1,62.8,90.3,12.4,0.0,98.6,66.3,2394.1,24.00,36,35,35,68,103,383,2,2,Yes,No,No,No,No,No,No,No,No,No,Yes,No,No,No,No,No,No,No,No,No,No,No,No,No,No,No,No,Yes,No,No,No,No,No,No,No,Yes,No,No,81.0,4500,4680,4380,57.2,1.095,1.110,1.800,1.815,0.990,5.110,0.625,No,No,No,57.5,1.095,1.110,1.800,1.815,1.005,5.110,1.500,No,No,No,40,40,94.0,100.0,No,No,32162,47988,36,70,99.0,100.0,No,No,1844,3246,0.0,0.6,0.6,0.000,0.009,97403,55440,0.0,0.0,0.0,0.000,0.000,164001,82786,81.6,74.0,91.6,83.0,0.875,20.564,20.541,20.587,88.897,44.084,69.396,16.618,86.135,3.000,19.622,63.867,49.949,100.000,140.000,2250.0,2200.2,1890.0,2231.1,1905.0,99.0,25.0,0.0,0.0,50.4,24.8,99.0,0.0,0.0,0.0,Yes,No,No,No,No,Yes,No,0,0,0,0,0,0,0,0,0,0,0,0,0,0,0,0,0,0,0,0,0,0,0,0,0,0,0,0,0,0,4061,4127,3895,48,16.0,66,0.300,20.266,700.0,2394.0,0.3,0.1,0.0,0.0,0.1,0.0,0.0,0.0,0.0,2,16190,2,No,No,No,No,No,No,No,No,16.745,68.277,100.0,0.000,24.1,0,0,0,0.0,39.4,41.1,37.8,37.7,37.7,37.7,39.3,39.7,39.0,39.0,39.0,39.0,25.43,25.65,25.20,25.19,25.67,25.67,25.34,0.09,6.03,19.40,0.08,697,17,0.5,0.2,0,0,0.0,0.0,0,
9.6.2026,15:2:18.363,15844,32924,32.4,12098,20285,37.3,10.1,16384,1662,1.196,1.185,1.196,1.214,1.159,1.174,1.164,1.230,1.205,1.205,1.205,1.205,1.206,1.206,1.186,1.141,0.846,2429.8,2394.1,4688.5,4888.0,4688.5,4688.5,1396.6,3591.2,1097.3,1097.3,1097.3,1097.3,1097.3,1097.3,1097.3,99.8,4289.5,387.1,465.7,0.3,205.6,0.2,1990.1,0.4,3889.8,0.2,68.1,0.1,935.8,0.2,0.6,0.5,0.5,0.5,23.3,3.3,85.8,70.4,472.4,9.5,15.5,0.0,6.7,0.0,45.4,2.3,82.2,0.0,1.6,0.0,22.2,0.0,0.1,0.0,0.0,0.0,1.9,0.2,6.4,5.5,82.2,9.5,100.0,15.1,18.6,0.0,8.4,0.0,76.7,0.0,148.3,0.0,2.6,0.0,36.4,0.0,0.1,0.0,0.0,0.0,1.3,0.2,4.7,3.8,15.1,24.4,24.0,47.0,49.0,47.0,47.0,14.0,36.0,11.0,11.0,11.0,11.0,11.0,11.0,11.0,43.0,63,63,67,62,72,61,58,61,61,61,61,64,64,62,62,37,37,33,38,28,39,42,39,39,39,39,36,36,38,38,76,72,No,No,No,No,No,No,No,No,No,No,No,No,No,No,No,No,No,No,No,No,No,No,No,No,No,No,No,No,No,No,No,No,No,No,No,No,No,No,No,No,No,No,No,No,No,No,No,No,76,72,65,1.100,13.500,19.607,13.106,0.002,5.184,0.478,175.0,175.0,175.0,175.0,0,0.0,9.4,15.5,0.0,6.7,0.0,45.3,0.0,82.0,0.0,1.5,0.0,22.3,0.0,0.0,0.0,0.0,0.0,1.9,0.2,6.3,5.5,5.0,13.2,9.7,20.6,17.3,0.0,9.6,0.0,0.0,0.0,0.0,0.0,0.0,0.0,0.0,57.5,0.0,0.0,16.7,0.0,0.0,3.8,99.8,99.8,99.8,99.9,97.9,99.7,93.3,94.3,53.3,67.5,81.1,13.9,0.0,98.1,59.3,2394.1,24.00,36,35,35,68,103,383,2,2,Yes,No,No,No,No,No,No,No,No,No,Yes,No,No,No,No,No,No,No,No,No,No,No,No,No,No,No,No,Yes,No,No,No,No,No,No,No,Yes,No,No,82.0,4500,4920,4440,57.2,1.095,1.110,1.800,1.815,0.990,5.110,0.875,No,No,No,57.5,1.095,1.110,1.800,1.815,0.990,5.110,1.375,No,No,No,40,40,94.0,100.0,No,No,32162,47988,36,70,99.0,100.0,No,No,1844,3246,0.0,1.6,1.6,0.000,0.146,97403,55440,0.0,0.0,0.0,0.000,0.000,164001,82786,82.6,74.0,93.2,83.0,0.875,20.563,20.540,20.585,89.330,44.437,70.348,16.596,87.074,3.000,19.613,65.069,49.362,100.000,140.000,2250.0,2200.2,1890.0,2231.6,1905.0,99.0,25.0,0.0,0.0,50.4,24.8,99.3,0.0,0.0,0.0,Yes,No,No,No,No,Yes,No,0,0,0,0,0,0,0,0,0,0,0,0,0,0,0,0,0,0,0,0,0,0,0,0,0,0,0,0,0,0,4061,4127,3895,47,16.0,65,0.300,19.306,700.0,2394.0,0.3,0.1,0.0,0.0,0.1,0.0,0.0,0.0,0.0,2,16190,2,No,No,No,No,No,No,No,No,16.745,68.277,100.0,0.000,24.1,0,0,0,0.0,39.5,41.5,37.7,37.5,37.5,37.5,39.5,39.9,39.0,38.9,38.8,38.8,25.31,25.71,25.09,25.08,25.79,25.79,25.20,0.10,5.88,19.43,0.11,697,17,0.1,0.1,0,0,0.0,0.0,0,
9.6.2026,15:2:20.365,15845,32923,32.4,12098,20286,37.3,10.1,16384,1662,1.163,1.179,1.184,1.184,1.174,1.139,1.174,1.199,1.174,1.139,1.139,1.169,1.134,1.168,1.133,1.063,0.846,2586.5,1396.6,4688.5,4688.5,1396.6,4489.0,798.0,3591.2,3591.2,3591.2,3591.2,1097.3,1097.3,1097.3,1097.3,99.8,3890.5,383.8,488.2,0.3,155.6,0.2,1812.2,0.3,4093.5,0.2,79.1,0.2,888.5,0.3,0.6,0.5,0.6,0.6,23.9,12.4,65.4,53.5,470.1,12.6,16.4,12.9,5.6,27.3,41.3,8.6,87.3,0.8,2.7,0.8,22.3,9.9,0.8,0.8,0.8,0.8,2.7,1.8,4.4,4.5,87.3,12.6,100.0,14.9,19.6,0.0,6.4,0.0,70.0,0.0,156.0,0.0,3.1,0.0,34.7,0.0,0.1,0.1,0.1,0.1,1.3,0.7,3.6,2.9,14.9,25.9,14.0,47.0,47.0,14.0,45.0,8.0,36.0,36.0,36.0,36.0,11.0,11.0,11.0,11.0,39.0,63,66,67,63,71,61,62,61,61,61,61,62,62,62,62,37,34,33,37,29,39,38,39,39,39,39,38,38,38,38,76,71,No,No,No,No,No,No,No,No,No,No,No,No,No,No,No,No,No,No,No,No,No,No,No,No,No,No,No,No,No,No,No,No,No,No,No,No,No,No,No,No,No,No,No,No,No,No,No,No,76,71,66,1.100,16.875,19.692,13.104,0.001,5.170,0.476,175.0,175.0,175.0,175.0,0,0.0,9.3,16.4,0.0,4.8,0.0,41.3,0.0,87.1,0.0,1.9,0.0,22.4,0.0,0.0,0.0,0.0,0.0,1.9,1.0,4.4,3.8,3.4,11.7,4.0,12.0,12.2,0.0,7.5,0.0,0.0,0.0,0.0,0.0,0.0,0.0,0.2,57.1,0.0,0.0,12.3,0.0,0.0,0.0,99.8,99.8,99.8,99.8,97.9,98.9,95.1,95.7,58.0,67.6,89.3,29.5,0.0,97.3,64.5,2394.1,24.00,36,35,35,68,103,383,2,2,Yes,No,No,No,No,No,No,No,No,No,Yes,No,No,No,No,No,No,No,No,No,No,No,No,No,No,No,No,Yes,No,No,No,No,No,No,No,Yes,No,No,83.0,4680,4920,4500,57.2,1.095,1.110,1.800,1.815,0.990,5.110,0.625,No,No,No,57.5,1.110,1.110,1.800,1.815,0.990,5.110,0.750,No,No,No,40,40,94.0,100.0,No,No,32162,47988,36,70,99.0,100.0,No,No,1844,3246,0.0,0.4,0.4,0.000,0.019,97403,55440,0.0,0.0,0.0,0.000,0.000,164001,82786,81.9,74.0,91.9,83.0,0.875,20.554,20.531,20.577,89.073,43.209,71.260,16.528,87.904,3.000,19.532,49.062,55.179,100.000,140.000,2250.0,2200.2,1890.0,2230.6,1905.0,99.0,25.0,0.0,0.0,50.4,24.5,97.9,0.0,0.0,0.0,Yes,No,No,No,No,Yes,No,0,0,0,0,0,0,0,0,0,0,0,0,0,0,0,0,0,0,0,0,0,0,0,0,0,0,0,0,0,0,4061,4127,3895,47,16.0,65,0.300,19.836,700.0,2394.0,0.3,0.1,0.0,0.0,0.1,0.0,0.0,0.0,0.0,2,16190,2,No,No,No,No,No,No,No,No,16.745,68.277,100.0,0.000,24.1,0,0,0,0.0,38.7,41.8,35.8,35.2,35.2,35.2,38.8,39.7,37.8,37.6,37.6,37.6,25.81,26.54,25.14,25.04,26.57,26.57,25.60,0.19,5.69,20.12,0.18,697,17,0.1,0.2,0,0,0.0,0.0,0,
9.6.2026,15:2:22.355,15845,32922,32.4,12097,20286,37.3,10.1,16384,1662,1.189,1.220,1.166,1.166,1.176,1.186,1.219,1.219,1.179,1.179,1.209,1.171,1.166,1.206,1.181,1.141,0.846,2401.3,4688.5,1396.6,4688.5,4688.5,4688.5,4688.5,1097.3,1097.3,1097.3,1097.3,1097.3,1097.3,1097.3,1097.3,99.8,4289.5,374.1,343.1,0.3,137.8,0.2,1979.1,0.3,3872.5,0.2,61.8,0.1,939.9,0.2,0.4,0.4,0.4,0.4,25.4,0.4,53.3,65.6,458.6,11.0,12.6,17.7,4.2,0.0,45.1,0.0,82.3,24.5,0.4,0.4,23.4,0.0,0.0,0.0,0.0,0.0,0.8,0.0,4.1,4.0,82.3,11.0,100.0,14.5,13.7,0.0,5.6,0.0,76.4,0.0,147.7,0.0,2.4,0.0,36.6,0.0,0.0,0.0,0.0,0.0,1.4,0.0,2.9,3.5,14.5,24.1,47.0,14.0,47.0,47.0,47.0,47.0,11.0,11.0,11.0,11.0,11.0,11.0,11.0,11.0,43.0,63,63,63,70,63,63,63,61,61,61,61,62,62,64,64,37,37,37,30,37,37,37,39,39,39,39,38,38,36,36,76,70,No,No,No,No,No,No,No,No,No,No,No,No,No,No,No,No,No,No,No,No,No,No,No,No,No,No,No,No,No,No,No,No,No,No,No,No,No,No,No,No,No,No,No,No,No,No,No,No,76,72,66,1.100,9.281,19.531,13.001,0.001,5.169,0.474,175.0,175.0,175.0,175.0,0,0.0,9.0,12.2,0.0,4.5,0.0,44.9,0.0,82.0,0.0,1.6,0.0,23.2,0.0,0.0,0.0,0.0,0.0,1.9,0.0,3.6,5.0,3.4,9.5,5.1,7.7,17.2,0.0,8.8,0.0,0.0,0.0,0.0,0.0,0.0,0.0,0.0,57.0,1.7,0.0,7.9,0.0,0.0,1.0,99.8,99.8,99.8,99.8,97.9,99.9,96.0,94.7,59.4,73.8,88.8,34.2,0.0,98.0,61.8,2394.1,24.00,36,35,35,68,103,383,2,2,Yes,No,No,No,No,No,No,No,No,No,Yes,No,No,No,No,No,No,No,No,No,No,No,No,No,No,No,No,Yes,No,No,No,No,No,No,No,Yes,No,No,82.0,4680,4920,4560,57.2,1.095,1.110,1.800,1.815,0.990,5.110,0.750,No,No,No,57.5,1.095,1.110,1.800,1.815,0.990,5.110,1.375,No,No,No,40,40,94.0,100.0,No,No,32162,47988,36,70,99.0,100.0,No,No,1844,3246,0.0,1.0,1.0,0.000,0.107,97403,55440,0.0,0.0,0.0,0.000,0.000,164001,82786,82.8,74.0,93.2,83.0,0.875,20.559,20.537,20.582,90.456,40.220,71.522,16.183,87.824,3.000,19.196,29.527,54.292,100.000,140.000,2250.0,2200.2,1890.0,2230.0,1905.0,99.0,25.0,0.0,0.0,50.0,24.5,98.1,0.0,0.0,0.0,Yes,No,No,No,No,Yes,No,0,0,0,0,0,0,0,0,0,0,0,0,0,0,0,0,0,0,0,0,0,0,0,0,0,0,0,0,0,0,4093,4095,3863,44,16.0,65,0.300,19.528,700.0,2394.0,0.3,0.1,0.0,0.0,0.1,0.0,0.0,0.0,0.0,2,16190,2,No,No,No,No,No,No,No,No,16.744,68.277,100.0,0.000,24.1,0,0,0,0.0,38.9,40.7,37.5,37.3,37.3,37.3,38.9,39.2,38.4,38.3,38.3,38.3,25.72,26.07,25.55,25.54,26.07,26.07,25.60,0.11,5.21,20.51,0.07,697,17,0.4,0.1,0,0,0.0,0.0,0,
9.6.2026,15:2:24.356,15863,32905,32.5,12098,20286,37.3,10.1,16384,1662,1.185,1.143,1.156,1.182,1.188,1.196,1.141,1.181,1.211,1.206,1.206,1.206,1.186,1.186,1.201,1.101,0.846,3398.8,1396.6,1396.6,4688.5,4688.5,4688.5,4489.0,3591.2,3591.2,1097.3,3591.2,3591.2,3591.2,3591.2,3591.2,99.8,4090.0,372.6,433.6,0.4,108.2,0.3,1943.0,0.5,3886.4,0.3,39.3,0.2,970.6,0.3,5.9,0.6,0.6,0.6,6.3,1.5,28.3,26.2,461.9,11.1,15.0,0.0,4.1,5.7,45.3,19.9,82.6,0.0,1.5,0.0,23.4,20.4,0.4,0.0,0.0,0.0,0.1,0.0,1.4,1.5,82.6,11.1,100.0,14.4,17.3,0.0,4.5,0.0,74.9,0.0,148.0,0.0,1.5,0.0,37.8,0.0,0.3,0.1,0.1,0.1,0.4,0.1,1.5,1.4,14.4,34.1,14.0,14.0,47.0,47.0,47.0,45.0,36.0,36.0,11.0,36.0,36.0,36.0,36.0,36.0,41.0,63,63,66,70,72,61,59,61,61,61,61,62,62,62,62,37,37,34,30,28,39,41,39,39,39,39,38,38,38,38,76,72,No,No,No,No,No,No,No,No,No,No,No,No,No,No,No,No,No,No,No,No,No,No,No,No,No,No,No,No,No,No,No,No,No,No,No,No,No,No,No,No,No,No,No,No,No,No,No,No,76,72,65,1.100,10.969,20.098,13.563,0.001,5.163,0.474,175.0,175.0,175.0,175.0,0,0.0,8.8,15.1,0.0,3.5,0.0,45.5,0.0,82.5,0.0,0.9,0.0,23.6,0.0,0.5,0.1,0.1,0.1,0.3,0.1,1.7,1.7,3.8,9.8,4.5,10.9,16.7,0.0,10.9,0.0,0.0,0.0,0.0,0.0,0.0,0.0,0.0,58.0,0.0,0.0,17.7,0.0,0.0,0.0,99.3,99.8,99.8,99.8,99.6,99.8,97.9,98.2,57.0,71.2,90.6,21.6,0.0,98.7,60.1,2394.1,24.00,36,35,35,68,103,383,2,2,Yes,No,No,No,No,No,No,No,No,No,Yes,No,No,No,No,No,No,No,No,No,No,No,No,No,No,No,No,Yes,No,No,No,No,No,No,No,Yes,No,No,82.0,4680,4860,4560,57.2,1.095,1.110,1.815,1.815,0.990,5.110,0.750,No,No,No,57.5,1.095,1.110,1.800,1.815,0.990,5.110,1.000,No,No,No,40,40,94.0,100.0,No,No,32162,47988,36,70,99.0,100.0,No,No,1844,3246,0.0,0.9,0.9,0.000,0.027,97403,55440,0.0,0.0,0.0,0.000,0.000,164001,82786,81.1,72.0,91.2,83.0,0.875,20.566,20.544,20.588,88.371,42.326,69.863,14.894,84.906,3.000,17.903,56.605,49.111,100.000,140.000,2250.0,2200.2,1890.0,2230.4,1905.0,90.0,22.0,0.0,0.0,49.6,23.5,94.1,0.0,0.0,0.0,Yes,No,No,No,No,Yes,No,0,0,0,0,0,0,0,0,0,0,0,0,0,0,0,0,0,0,0,0,0,0,0,0,0,0,0,0,0,0,4126,4062,3830,42,16.0,65,0.300,20.087,700.0,2394.0,0.3,0.1,0.0,0.0,0.1,0.0,0.0,0.0,0.0,2,16190,2,No,No,No,No,No,No,No,No,16.745,68.277,100.0,0.000,24.1,0,0,0,0.0,42.4,45.2,39.8,39.5,39.4,39.4,42.5,45.1,42.0,42.0,42.0,42.0,23.57,23.96,22.21,21.88,24.03,24.03,22.12,1.41,4.67,18.90,0.19,697,17,0.2,0.3,0,0,0.0,0.0,0,
9.6.2026,15:2:26.355,15812,32956,32.4,12097,20287,37.3,10.1,16384,1662,1.196,1.169,1.218,1.203,1.207,1.177,1.167,1.177,1.202,1.202,1.202,1.202,1.207,1.203,1.208,0.748,0.846,2358.5,1396.6,4688.5,1396.6,4888.0,4688.5,4688.5,1097.3,1097.3,1097.3,1097.3,1097.3,3591.2,1097.3,1097.3,99.8,1695.9,386.2,468.9,0.3,184.5,0.2,1746.6,0.4,4115.2,0.2,57.9,0.1,836.5,0.3,2.1,0.9,0.4,0.4,37.7,6.4,142.1,122.9,463.4,10.0,16.4,0.0,6.5,0.0,40.4,0.0,87.1,0.0,1.6,0.0,19.8,0.0,0.8,0.8,0.7,0.7,3.3,1.2,10.8,9.9,87.1,10.0,100.0,15.2,19.1,0.0,7.7,0.0,67.7,0.0,156.8,0.0,2.3,0.0,32.6,0.0,0.1,0.1,0.0,0.0,2.0,0.4,7.8,6.6,15.2,23.6,14.0,47.0,14.0,49.0,47.0,47.0,11.0,11.0,11.0,11.0,11.0,36.0,11.0,11.0,17.0,62,62,66,63,70,57,63,61,61,62,62,62,62,62,62,38,38,34,37,30,43,37,39,39,38,38,38,38,38,38,76,70,No,No,No,No,No,No,No,No,No,No,No,No,No,No,No,No,No,No,No,No,No,No,No,No,No,No,No,No,No,No,No,No,No,No,No,No,No,No,No,No,No,No,No,No,No,No,No,No,76,72,65,1.100,7.594,19.639,13.083,0.001,5.199,0.474,175.0,175.0,175.0,175.0,0,0.0,9.8,16.4,0.0,7.3,0.0,40.4,0.0,86.9,0.0,1.7,0.0,20.0,0.0,0.2,0.1,0.0,0.0,2.7,0.5,10.7,9.2,4.1,17.2,8.7,13.2,12.5,0.0,6.2,0.0,0.0,0.0,0.0,0.0,0.0,0.0,0.0,56.4,0.0,0.0,14.9,0.0,0.0,0.0,99.7,99.8,99.8,99.8,97.1,99.4,88.8,90.4,56.0,61.6,81.4,26.7,0.0,97.9,68.6,2394.1,24.00,36,35,35,68,103,383,2,2,Yes,No,No,No,No,No,No,No,No,No,Yes,No,No,No,No,No,No,No,No,No,No,No,No,No,No,No,No,Yes,No,No,No,No,No,No,No,Yes,No,No,82.0,4740,4980,4620,57.2,1.095,1.110,1.815,1.815,0.990,5.110,0.750,No,No,No,57.2,1.095,1.110,1.815,1.815,0.990,5.110,1.000,No,No,No,40,40,94.0,100.0,No,No,32162,47988,36,70,99.0,100.0,No,No,1844,3246,0.0,1.2,1.2,0.000,0.046,97403,55441,0.0,0.0,0.0,0.000,0.000,164001,82786,80.9,74.0,90.8,83.0,0.875,20.575,20.554,20.597,82.892,40.146,67.850,14.490,82.489,3.000,17.484,48.849,46.857,100.000,140.000,2250.0,2200.2,1890.0,2229.5,1905.0,85.0,19.0,0.0,0.0,49.2,21.6,86.6,0.0,0.0,0.0,Yes,No,No,No,No,Yes,No,0,0,0,0,0,0,0,0,0,0,0,0,0,0,0,0,0,0,0,0,0,0,0,0,0,0,0,0,0,0,4158,4030,3798,40,16.0,64,0.300,19.832,700.0,2394.0,0.3,0.1,0.0,0.0,0.1,0.0,0.0,0.0,0.0,2,16190,2,No,No,No,No,No,No,No,No,16.745,68.277,100.0,0.000,24.1,0,0,0,0.0,46.0,50.1,41.9,41.8,41.8,41.8,45.9,47.3,42.4,41.3,41.2,41.2,21.77,23.58,21.14,20.90,24.23,24.23,18.71,3.05,4.20,17.57,0.32,697,17,0.4,0.1,0,0,0.0,0.0,0,
9.6.2026,15:2:28.378,11735,37033,24.0,9024,23360,27.8,10.1,16384,1662,0.810,0.802,1.197,1.177,0.782,0.732,0.732,0.727,0.741,0.741,0.741,0.741,0.742,0.747,0.742,0.733,0.783,1589.0,2194.6,4688.5,1396.6,2394.1,1396.6,1396.6,1097.3,1097.3,1097.3,1097.3,1097.3,1097.3,1097.3,1097.3,99.8,1596.1,350.1,509.7,0.6,301.9,0.6,1568.6,0.4,3062.7,0.3,77.7,0.2,674.4,0.3,6.7,19.9,1.7,3.2,119.4,69.6,359.2,225.4,389.3,14.7,20.4,19.5,12.4,0.8,37.8,20.5,68.8,11.1,3.0,0.0,15.4,18.5,0.0,1.6,0.0,0.0,9.9,6.3,29.0,18.2,68.8,14.7,100.0,14.4,21.8,0.0,13.2,0.0,61.8,0.0,117.8,0.0,3.3,0.0,26.9,0.0,0.4,1.1,0.1,0.2,6.5,3.8,19.4,12.0,14.4,15.9,22.0,47.0,14.0,24.0,14.0,14.0,11.0,11.0,11.0,11.0,11.0,11.0,11.0,11.0,16.0,59,61,60,59,53,58,59,60,59,59,59,61,61,61,60,41,39,40,41,47,42,41,40,41,41,41,39,39,39,40,75,61,No,No,No,No,No,No,No,No,No,No,No,No,No,No,No,No,No,No,No,No,No,No,No,No,No,No,No,No,No,No,No,No,No,No,No,No,No,No,No,No,No,No,No,No,No,No,No,No,74,60,64,1.100,3.375,17.979,11.498,0.002,5.130,0.466,175.0,175.0,175.0,175.0,0,0.0,11.1,20.4,0.0,11.8,0.0,37.8,0.0,68.5,0.0,2.3,0.0,16.8,0.0,0.4,1.5,0.1,0.3,9.0,5.5,28.7,17.7,6.4,25.3,16.2,19.2,11.5,6.2,11.5,0.0,0.0,0.0,0.0,0.0,0.0,0.0,0.0,53.3,0.0,0.0,10.1,1.7,0.0,1.5,99.3,98.3,99.7,99.6,90.3,94.2,70.1,81.5,52.3,47.5,67.7,27.6,15.9,90.0,65.0,2394.1,24.00,36,35,35,68,103,383,2,2,Yes,No,No,No,No,No,No,No,No,No,Yes,No,No,Yes,No,No,No,No,No,No,No,Yes,No,No,No,No,No,Yes,No,No,No,No,No,No,No,Yes,No,No,82.0,4680,4980,4560,57.2,1.095,1.110,1.815,1.815,1.005,5.110,0.625,No,No,No,57.2,1.095,1.110,1.815,1.815,0.990,5.110,0.875,No,No,No,40,40,94.0,100.0,No,No,32162,47988,36,70,99.0,100.0,No,No,1844,3246,0.0,1.5,1.5,0.000,0.444,97403,55441,0.0,0.0,0.0,0.000,0.000,164001,82786,62.5,70.0,70.1,83.0,0.875,20.816,20.822,20.810,43.245,9.172,10.566,6.788,17.376,3.000,9.802,8.320,8.350,100.000,140.000,2250.0,1750.2,1890.0,2241.3,1905.0,0.0,1.0,0.0,0.0,13.0,0.1,0.5,0.0,0.0,0.0,Yes,No,No,No,No,Yes,No,0,0,0,0,0,0,0,0,0,0,0,0,0,0,0,0,0,0,0,0,0,0,0,0,0,0,0,0,0,0,7122,1066,833,17,16.0,63,0.300,18.156,600.0,2394.0,0.2,0.0,0.0,0.0,0.1,0.0,0.0,0.0,0.0,2,16190,2,No,No,No,No,No,No,No,No,16.745,68.277,100.0,0.000,24.1,0,0,0,0.0,167.8,435.9,106.1,105.7,105.7,105.7,165.0,167.7,161.6,160.8,160.7,160.7,6.03,7.14,5.08,4.89,7.28,7.28,0.31,5.71,1.26,4.78,0.32,697,17,0.2,4.3,0,0,0.0,0.0,0,
9.6.2026,15:2:30.380,11721,37047,24.0,9007,23376,27.8,10.1,16384,1662,0.805,0.808,0.817,0.802,0.797,0.807,0.797,0.804,0.819,0.814,0.819,0.804,0.794,0.833,0.748,0.741,0.781,1881.1,2294.4,2294.4,2294.4,2294.4,2294.4,2294.4,1097.3,2294.4,2294.4,1097.3,1097.3,1097.3,2493.9,1097.3,99.8,1695.9,110.4,149.8,0.3,39.6,0.3,310.0,0.2,247.6,0.3,1.3,0.2,31.7,0.2,7.0,1.0,0.2,0.3,188.9,128.4,488.6,611.9,49.4,8.3,10.3,0.0,1.3,0.0,14.2,0.0,9.8,0.0,0.0,0.0,3.1,0.0,0.8,0.3,0.2,0.2,16.6,10.5,43.4,54.8,54.8,8.3,100.0,5.6,7.4,0.0,2.0,0.0,13.3,0.0,10.3,0.0,0.1,0.0,1.4,0.0,0.4,0.1,0.0,0.0,10.2,6.9,26.2,32.7,5.6,18.9,23.0,23.0,23.0,23.0,23.0,23.0,11.0,23.0,23.0,11.0,11.0,11.0,25.0,11.0,17.0,58,59,60,59,53,57,58,58,58,58,58,60,60,60,60,42,41,40,41,47,43,42,42,42,42,42,40,40,40,40,74,60,No,No,No,No,No,No,No,No,No,No,No,No,No,No,No,No,No,No,No,No,No,No,No,No,No,No,No,No,No,No,No,No,No,No,No,No,No,No,No,No,No,No,No,No,No,No,No,No,72,60,64,1.100,3.375,6.953,1.274,0.001,4.374,0.422,175.0,175.0,175.0,175.0,0,0.2,8.2,10.3,0.0,2.6,0.0,14.1,0.0,9.7,0.0,0.1,0.0,1.5,0.0,0.6,0.1,0.0,0.0,16.2,10.9,43.0,54.2,4.3,12.4,8.3,17.0,13.8,0.0,9.2,0.0,0.0,0.0,0.0,0.0,0.0,0.0,0.0,48.0,0.0,0.0,0.0,0.0,0.0,0.0,99.3,99.9,100.0,99.9,83.2,88.8,55.8,44.9,80.7,71.5,87.6,64.2,73.3,99.8,88.0,2394.1,24.00,36,35,35,68,103,383,2,2,Yes,No,No,No,No,No,No,No,No,No,Yes,No,No,Yes,No,No,No,No,No,No,No,Yes,No,No,No,No,No,Yes,No,No,No,No,No,No,No,Yes,No,No,82.0,4500,4620,4440,57.2,1.095,1.110,1.815,1.815,1.005,5.110,0.875,No,No,No,57.2,1.095,1.110,1.815,1.815,1.005,5.110,0.500,No,No,No,40,40,94.0,100.0,No,No,32162,47988,36,70,99.0,100.0,No,No,1844,3246,0.0,6.5,6.5,0.000,8.738,97403,55458,0.0,0.0,0.0,0.000,0.000,164001,82786,60.5,70.0,68.1,83.0,0.870,20.781,20.786,20.775,21.982,9.824,9.711,9.188,18.926,3.000,12.207,7.839,7.898,100.000,140.000,2175.0,2200.2,1875.0,2191.0,1890.0,0.0,0.0,0.0,0.0,13.0,0.0,0.1,0.0,0.0,0.0,Yes,No,No,No,No,Yes,No,0,0,0,0,0,0,0,0,0,0,0,0,0,0,0,0,0,0,0,0,0,0,0,0,0,0,0,0,0,0,7122,1066,833,27,16.0,63,0.300,7.124,550.0,2394.0,0.1,0.0,0.0,0.0,0.0,0.0,0.0,0.0,0.0,2,16190,2,No,No,No,No,No,No,No,No,16.745,68.277,100.0,0.000,24.1,0,0,0,0.0,0.5,0.5,0.5,0.5,0.5,0.5,0.5,0.5,0.5,0.5,0.5,0.5,1890.56,1890.56,1890.56,1890.56,1890.56,1890.56,0.22,1890.25,1890.56,0.00,1884.60,697,17,0.1,0.2,0,0,0.0,0.0,0,
9.6.2026,15:2:32.373,11717,37051,24.0,9005,23379,27.8,10.1,16384,1662,0.808,0.783,0.987,1.032,1.012,0.779,0.774,0.734,0.742,0.742,0.742,0.742,0.742,0.743,0.753,0.733,0.783,1738.6,2194.6,1396.6,3790.7,3790.7,2194.6,2194.6,1097.3,1097.3,1097.3,1097.3,1097.3,1097.3,1097.3,1097.3,99.8,1596.1,141.7,172.4,1.1,55.8,0.4,491.9,0.3,495.3,0.5,9.6,0.2,82.3,0.4,56.8,27.0,0.8,0.2,283.4,103.5,545.9,506.8,87.2,13.2,9.2,14.5,4.6,4.9,18.8,26.2,18.2,32.8,0.9,0.5,3.6,0.5,2.6,0.6,0.6,0.5,24.6,9.1,46.9,43.7,46.9,13.2,100.0,6.9,8.4,0.1,2.8,0.0,20.4,0.0,19.9,0.0,0.5,0.0,3.7,0.0,3.1,1.5,0.1,0.0,15.2,5.5,29.3,27.1,6.9,17.4,22.0,14.0,38.0,38.0,22.0,22.0,11.0,11.0,11.0,11.0,11.0,11.0,11.0,11.0,16.0,57,58,56,58,54,54,57,57,57,57,57,58,58,60,58,43,42,44,42,46,46,43,43,43,43,43,42,42,40,42,72,60,No,No,No,No,No,No,No,No,No,No,No,No,No,No,No,No,No,No,No,No,No,No,No,No,No,No,No,No,No,No,No,No,No,No,No,No,No,No,No,No,No,No,No,No,No,No,No,No,72,60,63,1.100,1.688,7.853,2.093,0.001,4.454,0.427,175.0,175.0,175.0,175.0,0,0.0,9.3,9.5,0.0,3.4,0.0,19.1,0.0,18.4,0.0,0.4,0.0,4.0,0.0,5.1,2.4,0.1,0.0,24.6,8.7,46.9,43.7,4.8,15.8,4.5,22.5,18.9,0.0,4.3,0.0,0.0,0.0,0.0,0.0,0.2,0.4,0.0,47.4,0.0,0.0,0.0,0.0,0.0,0.0,94.7,97.5,99.9,99.9,74.8,90.7,51.3,55.2,76.2,68.9,90.1,52.8,58.3,99.0,88.2,2394.1,24.00,36,35,35,68,103,383,2,2,Yes,No,No,No,No,No,No,No,No,No,Yes,No,No,Yes,No,No,No,No,No,No,No,Yes,No,No,No,No,No,Yes,No,No,No,No,No,No,No,Yes,No,No,82.0,4260,3900,4080,57.2,1.110,1.110,1.815,1.815,1.005,5.110,0.625,No,No,No,57.2,1.110,1.110,1.815,1.815,1.005,5.110,0.750,No,No,No,40,40,94.0,100.0,No,No,32162,47988,36,70,99.0,100.0,No,No,1844,3246,0.0,1.4,1.4,0.000,2.963,97403,55464,0.0,0.0,0.0,0.000,0.000,164001,82786,59.5,68.0,67.2,83.0,0.870,20.780,20.788,20.772,21.895,9.804,9.722,9.209,18.944,3.000,12.221,7.745,7.789,100.000,140.000,2175.0,2200.2,1875.0,2171.7,1890.0,2.0,0.0,0.0,0.0,13.0,0.0,0.2,0.0,0.0,0.0,Yes,No,No,No,No,Yes,No,0,0,0,0,0,0,0,0,0,0,0,0,0,0,0,0,0,0,0,0,0,0,0,0,0,0,0,0,0,0,7122,1066,833,27,16.0,64,0.300,7.831,550.0,2394.0,0.1,0.0,0.0,0.0,0.0,0.0,0.0,0.0,0.0,2,16190,2,No,No,No,No,No,No,No,No,16.744,68.277,100.0,0.000,24.1,0,0,0,0.0,52.1,186.1,3.2,2.4,2.3,2.3,52.2,166.7,3.2,2.4,2.3,2.3,19.18,310.72,5.37,5.34,430.92,430.92,0.40,18.78,19.18,0.00,26.46,697,17,1.0,0.2,0,0,0.0,0.0,0,
9.6.2026,15:2:34.375,11724,37044,24.0,9005,23379,27.8,10.1,16384,1662,1.177,0.939,1.200,1.170,1.170,1.189,1.174,1.179,1.219,1.214,1.214,1.204,1.189,1.204,1.215,0.838,0.783,3021.2,3391.7,4688.5,4489.0,4489.0,4489.0,4489.0,1097.3,1097.3,3591.2,3591.2,1097.3,3591.2,1097.3,1097.3,99.8,2793.2,145.8,127.8,0.7,56.7,0.6,469.2,0.5,502.5,0.7,27.1,0.6,105.6,0.6,33.8,31.6,19.1,0.7,252.4,123.3,610.2,552.3,86.1,9.5,6.8,0.0,2.6,0.0,18.5,0.0,19.6,0.0,0.0,0.0,5.2,0.0,5.7,4.0,1.2,0.0,19.6,8.4,51.5,47.1,51.5,9.5,100.0,7.1,5.7,0.0,2.3,0.0,19.2,0.0,20.3,0.1,1.2,0.0,4.6,0.0,1.9,1.7,1.1,0.1,13.7,6.9,32.8,29.6,7.1,30.3,34.0,47.0,45.0,45.0,45.0,45.0,11.0,11.0,36.0,36.0,11.0,36.0,11.0,11.0,28.0,57,56,58,60,55,57,57,56,56,56,56,58,58,58,58,43,44,42,40,45,43,43,44,44,44,44,42,42,42,42,72,60,No,No,No,No,No,No,No,No,No,No,No,No,No,No,No,No,No,No,No,No,No,No,No,No,No,No,No,No,No,No,No,No,No,No,No,No,No,No,No,No,No,No,No,No,No,No,No,No,71,58,62,1.100,13.500,7.619,1.781,0.002,4.536,0.433,175.0,175.0,175.0,175.0,0,0.0,9.2,6.4,0.0,2.2,0.0,18.2,0.0,19.2,0.0,1.0,0.0,4.9,0.0,3.0,2.8,1.5,0.1,19.6,8.4,50.6,46.4,3.5,10.3,3.7,8.9,9.3,1.7,6.8,0.3,1.7,1.8,0.0,1.3,1.0,1.3,1.1,46.8,0.0,0.0,0.0,1.0,0.0,0.0,96.4,95.3,96.6,99.8,78.2,90.1,46.8,51.6,81.1,79.2,92.9,67.0,65.8,96.5,85.1,2394.1,24.00,36,35,35,68,103,383,2,2,Yes,No,No,No,No,No,No,No,No,No,Yes,No,No,Yes,No,No,No,No,No,No,No,Yes,No,No,No,No,No,Yes,No,No,No,No,No,No,No,Yes,No,No,83.0,3780,3240,3720,57.0,1.110,1.110,1.815,1.815,1.005,5.110,1.125,No,No,No,57.2,1.110,1.110,1.815,1.815,1.005,5.110,0.500,No,No,No,40,40,94.0,100.0,No,No,32162,47988,36,70,99.0,100.0,No,No,1844,3246,0.0,3.2,3.2,0.000,8.607,97403,55480,0.0,0.0,0.0,0.000,0.000,164001,82786,58.8,66.0,66.3,83.0,0.870,20.764,20.770,20.757,21.810,9.833,9.990,9.118,19.118,3.000,12.125,7.677,7.805,100.000,140.000,2175.0,2200.2,1875.0,2170.8,1890.0,5.0,0.0,0.0,0.0,13.1,0.1,0.5,0.0,0.0,0.0,Yes,No,No,No,No,Yes,No,0,0,0,0,0,0,0,0,0,0,0,0,0,0,0,0,0,0,0,0,0,0,0,0,0,0,0,0,0,0,7119,1069,836,40,16.0,63,0.302,7.582,550.0,2394.0,0.2,0.0,0.0,0.0,0.0,0.0,0.0,0.0,0.0,2,16190,2,No,No,No,No,No,No,No,No,16.744,68.277,100.0,0.000,24.1,0,0,0,0.0,46.1,208.7,2.8,1.7,1.6,1.6,46.1,167.7,2.8,1.7,1.7,1.7,21.67,356.03,4.79,4.75,606.96,606.96,0.41,21.26,21.67,0.00,28.84,697,17,0.7,0.4,0,0,0.0,0.0,0,
Date,Time,"Virtual Memory Committed [MB]","Virtual Memory Available [MB]","Virtual Memory Load [%]","Physical Memory Used [MB]","Physical Memory Available [MB]","Physical Memory Load [%]","Page File Usage [%]","Page File Total [MB]","Page File Used [MB]","Core VIDs (avg) [V]","P-core 0 VID [V]","P-core 1 VID [V]","P-core 2 VID [V]","P-core 3 VID [V]","P-core 4 VID [V]","P-core 5 VID [V]","E-core 6 VID [V]","E-core 7 VID [V]","E-core 8 VID [V]","E-core 9 VID [V]","E-core 10 VID [V]","E-core 11 VID [V]","E-core 12 VID [V]","E-core 13 VID [V]","Uncore VID [V]","SA VID [V]","Core Clocks (avg) [MHz]","P-core 0 Clock [MHz]","P-core 1 Clock [MHz]","P-core 2 Clock [MHz]","P-core 3 Clock [MHz]","P-core 4 Clock [MHz]","P-core 5 Clock [MHz]","E-core 6 Clock [MHz]","E-core 7 Clock [MHz]","E-core 8 Clock [MHz]","E-core 9 Clock [MHz]","E-core 10 Clock [MHz]","E-core 11 Clock [MHz]","E-core 12 Clock [MHz]","E-core 13 Clock [MHz]","Bus Clock [MHz]","Ring/LLC Clock [MHz]","Core Effective Clocks (avg) [MHz]","P-core 0 T0 Effective Clock [MHz]","P-core 0 T1 Effective Clock [MHz]","P-core 1 T0 Effective Clock [MHz]","P-core 1 T1 Effective Clock [MHz]","P-core 2 T0 Effective Clock [MHz]","P-core 2 T1 Effective Clock [MHz]","P-core 3 T0 Effective Clock [MHz]","P-core 3 T1 Effective Clock [MHz]","P-core 4 T0 Effective Clock [MHz]","P-core 4 T1 Effective Clock [MHz]","P-core 5 T0 Effective Clock [MHz]","P-core 5 T1 Effective Clock [MHz]","E-core 6 T0 Effective Clock [MHz]","E-core 7 T0 Effective Clock [MHz]","E-core 8 T0 Effective Clock [MHz]","E-core 9 T0 Effective Clock [MHz]","E-core 10 T0 Effective Clock [MHz]","E-core 11 T0 Effective Clock [MHz]","E-core 12 T0 Effective Clock [MHz]","E-core 13 T0 Effective Clock [MHz]","Average Effective Clock [MHz]","Core Usage (avg) [%]","P-core 0 T0 Usage [%]","P-core 0 T1 Usage [%]","P-core 1 T0 Usage [%]","P-core 1 T1 Usage [%]","P-core 2 T0 Usage [%]","P-core 2 T1 Usage [%]","P-core 3 T0 Usage [%]","P-core 3 T1 Usage [%]","P-core 4 T0 Usage [%]","P-core 4 T1 Usage [%]","P-core 5 T0 Usage [%]","P-core 5 T1 Usage [%]","E-core 6 T0 Usage [%]","E-core 7 T0 Usage [%]","E-core 8 T0 Usage [%]","E-core 9 T0 Usage [%]","E-core 10 T0 Usage [%]","E-core 11 T0 Usage [%]","E-core 12 T0 Usage [%]","E-core 13 T0 Usage [%]","Max CPU/Thread Usage [%]","Total CPU Usage [%]","On-Demand Clock Modulation [%]","Core Utility (avg) [%]","P-core 0 T0 Utility [%]","P-core 0 T1 Utility [%]","P-core 1 T0 Utility [%]","P-core 1 T1 Utility [%]","P-core 2 T0 Utility [%]","P-core 2 T1 Utility [%]","P-core 3 T0 Utility [%]","P-core 3 T1 Utility [%]","P-core 4 T0 Utility [%]","P-core 4 T1 Utility [%]","P-core 5 T0 Utility [%]","P-core 5 T1 Utility [%]","E-core 6 T0 Utility [%]","E-core 7 T0 Utility [%]","E-core 8 T0 Utility [%]","E-core 9 T0 Utility [%]","E-core 10 T0 Utility [%]","E-core 11 T0 Utility [%]","E-core 12 T0 Utility [%]","E-core 13 T0 Utility [%]","Total CPU Utility [%]","Core Ratios (avg) [x]","P-core 0 Ratio [x]","P-core 1 Ratio [x]","P-core 2 Ratio [x]","P-core 3 Ratio [x]","P-core 4 Ratio [x]","P-core 5 Ratio [x]","E-core 6 Ratio [x]","E-core 7 Ratio [x]","E-core 8 Ratio [x]","E-core 9 Ratio [x]","E-core 10 Ratio [x]","E-core 11 Ratio [x]","E-core 12 Ratio [x]","E-core 13 Ratio [x]","Uncore Ratio [x]","Core Temperatures (avg) [°C]","P-core 0 [°C]","P-core 1 [°C]","P-core 2 [°C]","P-core 3 [°C]","P-core 4 [°C]","P-core 5 [°C]","E-core 6 [°C]","E-core 7 [°C]","E-core 8 [°C]","E-core 9 [°C]","E-core 10 [°C]","E-core 11 [°C]","E-core 12 [°C]","E-core 13 [°C]","Core Distance to TjMAX (avg) [°C]","P-core 0 Distance to TjMAX [°C]","P-core 1 Distance to TjMAX [°C]","P-core 2 Distance to TjMAX [°C]","P-core 3 Distance to TjMAX [°C]","P-core 4 Distance to TjMAX [°C]","P-core 5 Distance to TjMAX [°C]","E-core 6 Distance to TjMAX [°C]","E-core 7 Distance to TjMAX [°C]","E-core 8 Distance to TjMAX [°C]","E-core 9 Distance to TjMAX [°C]","E-core 10 Distance to TjMAX [°C]","E-core 11 Distance to TjMAX [°C]","E-core 12 Distance to TjMAX [°C]","E-core 13 Distance to TjMAX [°C]","CPU Package [°C]","Core Max [°C]","Core Thermal Throttling (avg) [Yes/No]","P-core 0 Thermal Throttling [Yes/No]","P-core 1 Thermal Throttling [Yes/No]","P-core 2 Thermal Throttling [Yes/No]","P-core 3 Thermal Throttling [Yes/No]","P-core 4 Thermal Throttling [Yes/No]","P-core 5 Thermal Throttling [Yes/No]","E-core 6 Thermal Throttling [Yes/No]","E-core 7 Thermal Throttling [Yes/No]","E-core 8 Thermal Throttling [Yes/No]","E-core 9 Thermal Throttling [Yes/No]","E-core 10 Thermal Throttling [Yes/No]","E-core 11 Thermal Throttling [Yes/No]","E-core 12 Thermal Throttling [Yes/No]","E-core 13 Thermal Throttling [Yes/No]","Core Critical Temperature (avg) [Yes/No]","P-core 0 Critical Temperature [Yes/No]","P-core 1 Critical Temperature [Yes/No]","P-core 2 Critical Temperature [Yes/No]","P-core 3 Critical Temperature [Yes/No]","P-core 4 Critical Temperature [Yes/No]","P-core 5 Critical Temperature [Yes/No]","E-core 6 Critical Temperature [Yes/No]","E-core 7 Critical Temperature [Yes/No]","E-core 8 Critical Temperature [Yes/No]","E-core 9 Critical Temperature [Yes/No]","E-core 10 Critical Temperature [Yes/No]","E-core 11 Critical Temperature [Yes/No]","E-core 12 Critical Temperature [Yes/No]","E-core 13 Critical Temperature [Yes/No]","Core Power Limit Exceeded (avg) [Yes/No]","P-core 0 Power Limit Exceeded [Yes/No]","P-core 1 Power Limit Exceeded [Yes/No]","P-core 2 Power Limit Exceeded [Yes/No]","P-core 3 Power Limit Exceeded [Yes/No]","P-core 4 Power Limit Exceeded [Yes/No]","P-core 5 Power Limit Exceeded [Yes/No]","E-core 6 Power Limit Exceeded [Yes/No]","E-core 7 Power Limit Exceeded [Yes/No]","E-core 8 Power Limit Exceeded [Yes/No]","E-core 9 Power Limit Exceeded [Yes/No]","E-core 10 Power Limit Exceeded [Yes/No]","E-core 11 Power Limit Exceeded [Yes/No]","E-core 12 Power Limit Exceeded [Yes/No]","E-core 13 Power Limit Exceeded [Yes/No]","Package/Ring Thermal Throttling [Yes/No]","Package/Ring Critical Temperature [Yes/No]","Package/Ring Power Limit Exceeded [Yes/No]","CPU Package [°C]","CPU IA Cores [°C]","CPU GT Cores (Graphics) [°C]","VDDQ TX Voltage [V]","VR VCC Current (SVID IOUT) [A]","CPU Package Power [W]","IA Cores Power [W]","GT Cores Power [W]","System Agent Power [W]","Rest-of-Chip Power [W]","PL1 Power Limit (Static) [W]","PL1 Power Limit (Dynamic) [W]","PL2 Power Limit (Static) [W]","PL2 Power Limit (Dynamic) [W]","Current cTDP Level []","Package C2 Residency [%]","Core C0 Residency (avg) [%]","P-core 0 T0 C0 Residency [%]","P-core 0 T1 C0 Residency [%]","P-core 1 T0 C0 Residency [%]","P-core 1 T1 C0 Residency [%]","P-core 2 T0 C0 Residency [%]","P-core 2 T1 C0 Residency [%]","P-core 3 T0 C0 Residency [%]","P-core 3 T1 C0 Residency [%]","P-core 4 T0 C0 Residency [%]","P-core 4 T1 C0 Residency [%]","P-core 5 T0 C0 Residency [%]","P-core 5 T1 C0 Residency [%]","E-core 6 T0 C0 Residency [%]","E-core 7 T0 C0 Residency [%]","E-core 8 T0 C0 Residency [%]","E-core 9 T0 C0 Residency [%]","E-core 10 T0 C0 Residency [%]","E-core 11 T0 C0 Residency [%]","E-core 12 T0 C0 Residency [%]","E-core 13 T0 C0 Residency [%]","Core C1 Residency (avg) [%]","P-core 0 C1 Residency [%]","P-core 1 C1 Residency [%]","P-core 2 C1 Residency [%]","P-core 3 C1 Residency [%]","P-core 4 C1 Residency [%]","P-core 5 C1 Residency [%]","E-core 6 C1 Residency [%]","E-core 7 C1 Residency [%]","E-core 8 C1 Residency [%]","E-core 9 C1 Residency [%]","E-core 10 C1 Residency [%]","E-core 11 C1 Residency [%]","E-core 12 C1 Residency [%]","E-core 13 C1 Residency [%]","Core C6 Residency (avg) [%]","P-core 0 C6 Residency [%]","P-core 1 C6 Residency [%]","P-core 2 C6 Residency [%]","P-core 3 C6 Residency [%]","P-core 4 C6 Residency [%]","P-core 5 C6 Residency [%]","E-core 6 C6 Residency [%]","E-core 7 C6 Residency [%]","E-core 8 C6 Residency [%]","E-core 9 C6 Residency [%]","E-core 10 C6 Residency [%]","E-core 11 C6 Residency [%]","E-core 12 C6 Residency [%]","E-core 13 C6 Residency [%]","Core C7 Residency (avg) [%]","P-core 0 C7 Residency [%]","P-core 1 C7 Residency [%]","P-core 2 C7 Residency [%]","P-core 3 C7 Residency [%]","P-core 4 C7 Residency [%]","P-core 5 C7 Residency [%]","Memory Clock [MHz]","Memory Clock Ratio [x]","Tcas [T]","Trcd [T]","Trp [T]","Tras [T]","Trc [T]","Trfc [T]","Command Rate [T]","Gear Mode []","IA Limit Reasons (avg) [Yes/No]","IA: PROCHOT [Yes/No]","IA: Thermal Event [Yes/No]","IA: Residency State Regulation [Yes/No]","IA: Running Average Thermal Limit [Yes/No]","IA: VR Thermal Alert [Yes/No]","IA: VR TDC [Yes/No]","IA: Electrical Design Point/Other (ICCmax PL4 SVID DDR RAPL) [Yes/No]","IA: Package-Level RAPL/PBM PL1 [Yes/No]","IA: Package-Level RAPL/PBM PL2 PL3 [Yes/No]","IA: Max Turbo Limit [Yes/No]","IA: Turbo Attenuation (MCT) [Yes/No]","IA: Thermal Velocity Boost [Yes/No]","GT Limit Reasons (avg) [Yes/No]","GT: PROCHOT [Yes/No]","GT: Thermal Event [Yes/No]","GT: DDR RAPL [Yes/No]","GT: Residency State Regulation [Yes/No]","GT: Running Average Thermal Limit [Yes/No]","GT: VR Thermal Alert [Yes/No]","GT: VR TDC [Yes/No]","GT: Max VR Voltage  ICCmax  PL4 [Yes/No]","GT: Domain-Level PBM PLGT [Yes/No]","GT: Package-Level RAPL/PBM PL1 [Yes/No]","GT: Package-Level RAPL/PBM PL2 PL3 [Yes/No]","GT: Inefficient Operation [Yes/No]","GT: Fuses limit [Yes/No]","Ring Limit Reasons (avg) [Yes/No]","RING: PROCHOT [Yes/No]","RING: Thermal Event [Yes/No]","RING: DDR RAPL [Yes/No]","RING: Residency State Regulation [Yes/No]","RING: Running Average Thermal Limit [Yes/No]","RING: VR Thermal Alert [Yes/No]","RING: VR TDC [Yes/No]","RING: Max VR Voltage  ICCmax  PL4 [Yes/No]","RING: Package-Level RAPL/PBM PL1 [Yes/No]","RING: Package-Level RAPL/PBM PL2 PL3 [Yes/No]","PCH Temperature [°C]","CPU [RPM]","GPU [RPM]","GPU [RPM]","SPD Hub Temperature [°C]","VDD (SWA) Voltage [V]","VDDQ (SWB) Voltage [V]","VPP (SWC) Voltage [V]","1.8V VOUT Voltage [V]","1.0V VOUT Voltage [V]","VIN Voltage [V]","Total Power [W]","PMIC High Temperature [Yes/No]","PMIC Over Voltage [Yes/No]","PMIC Under Voltage [Yes/No]","SPD Hub Temperature [°C]","VDD (SWA) Voltage [V]","VDDQ (SWB) Voltage [V]","VPP (SWC) Voltage [V]","1.8V VOUT Voltage [V]","1.0V VOUT Voltage [V]","VIN Voltage [V]","Total Power [W]","PMIC High Temperature [Yes/No]","PMIC Over Voltage [Yes/No]","PMIC Under Voltage [Yes/No]","Drive Temperature [°C]","Drive Temperature 2 [°C]","Drive Remaining Life [%]","Drive Available Spare [%]","Drive Failure [Yes/No]","Drive Warning [Yes/No]","Total Host Writes [GB]","Total Host Reads [GB]","Drive Temperature [°C]","Drive Temperature 3 [°C]","Drive Remaining Life [%]","Drive Available Spare [%]","Drive Failure [Yes/No]","Drive Warning [Yes/No]","Total Host Writes [GB]","Total Host Reads [GB]","Read Activity [%]","Write Activity [%]","Total Activity [%]","Read Rate [MB/s]","Write Rate [MB/s]","Read Total [MB]","Write Total [MB]","Read Activity [%]","Write Activity [%]","Total Activity [%]","Read Rate [MB/s]","Write Rate [MB/s]","Read Total [MB]","Write Total [MB]","GPU Temperature [°C]","GPU Memory Junction Temperature [°C]","GPU Hot Spot Temperature [°C]","GPU Thermal Limit [°C]","GPU Core Voltage [V]","GPU Rail Voltages (avg) [V]","GPU FBVDD Input Voltage [V]","GPU 12VHPWR Voltage [V]","GPU Power [W]","GPU Rail Powers (avg) [W]","GPU Core (NVVDD) Input Power (sum) [W]","GPU FBVDD Input Power [W]","GPU 12VHPWR Power [W]","GPU PCIe +3.3V Input Power (est) [W]","GPU Input PP Source Power (sum) [W]","GPU Core (NVVDD) Output Power [W]","GPU Core (NVVDD) Output Power [W]","GPU Power Limit (rated) [W]","GPU Power Limit (max) [W]","GPU Clock [MHz]","GPU Memory Clock [MHz]","GPU Video Clock [MHz]","GPU Effective Clock [MHz]","GPU Crossbar Clock [MHz]","GPU Core Load [%]","GPU Memory Controller Load [%]","GPU Video Engine Load [%]","GPU Bus Load [%]","GPU Memory Usage [%]","GPU D3D Usages (avg) [%]","GPU D3D Usage [%]","GPU Video Decode 0 Usage [%]","GPU Video Encode 0 Usage [%]","GPU VR Usage [%]","GPU Performance Limiters (avg) [Yes/No]","Performance Limit - Power [Yes/No]","Performance Limit - Thermal [Yes/No]","Performance Limit - Reliability Voltage [Yes/No]","Performance Limit - Max Operating Voltage [Yes/No]","Performance Limit - Utilization [Yes/No]","Performance Limit - SLI GPUBoost Sync [Yes/No]","PCI Express Error Counters (avg) []","Receiver Errors []","Replay Count []","Replay Rollover Count []","Bad DLLP Count []","Bad TLP Count []","LCRC Error Count []","NAKs Sent Count []","NAKs Received Count []","Recovery Count []","Correctable Error Count []","Non-Fatal Error Count []","Fatal Error Count []","Unsupported Request Count []","PCIe Lane 0 Errors []","PCIe Lane 1 Errors []","PCIe Lane 2 Errors []","PCIe Lane 3 Errors []","PCIe Lane 4 Errors []","PCIe Lane 5 Errors []","PCIe Lane 6 Errors []","PCIe Lane 7 Errors []","PCIe Lane 8 Errors []","PCIe Lane 9 Errors []","PCIe Lane 10 Errors []","PCIe Lane 11 Errors []","PCIe Lane 12 Errors []","PCIe Lane 13 Errors []","PCIe Lane 14 Errors []","PCIe Lane 15 Errors []","GPU Memory Available [MB]","GPU Memory Allocated [MB]","GPU D3D Memory Dedicated [MB]","GPU D3D Memory Dynamic [MB]","PCIe Link Speed [GT/s]","GPU Core Temperature [°C]","iGPU VID [V]","IGPU Power [W]","GPU Clock [MHz]","GPU Memory Clock [MHz]","GPU Total Usage [%]","GPU Computing Usage [%]","GPU Media Engine Usage [%]","GPU D3D Utilizations (avg) [%]","GPU D3D Usage [%]","GPU Video Decode 0 Usage [%]","GPU Video Processing 0 Usage [%]","GPU Copy Engine Usage [%]","GPU Memory Usage [%]","GPU Memory Allocated [MB]","GPU Memory Available [MB]","GPU D3D Memory Dynamic [MB]","GPU Throttle Reasons (avg) [Yes/No]","Avg. Power (PL1) [Yes/No]","Burst Power (PL2) [Yes/No]","Current (PL4) [Yes/No]","Thermal [Yes/No]","Power Supply [Yes/No]","Software Limit [Yes/No]","Hardware Limit [Yes/No]","Battery Voltage [V]","Remaining Capacity [Wh]","Charge Level [%]","Charge Rate [W]","Wear Level [%]","Framerate [FPS]","Framerate 1% Low [FPS]","Framerate 0.1% Low [FPS]","Frame Time [ms]","Framerate Presented (avg) [FPS]","Framerate Presented (99%) [FPS]","Framerate Presented (1%) [FPS]","Framerate Presented (0.1%) [FPS]","Framerate Presented (1% low) [FPS]","Framerate Presented (0.1% low) [FPS]","Framerate Displayed (avg) [FPS]","Framerate Displayed (99%) [FPS]","Framerate Displayed (1%) [FPS]","Framerate Displayed (0.1%) [FPS]","Framerate Displayed (1% low) [FPS]","Framerate Displayed (0.1% low) [FPS]","Frame Time Presented (avg) [ms]","Frame Time Presented (99%) [ms]","Frame Time Presented (1%) [ms]","Frame Time Presented (0.1%) [ms]","Frame Time Displayed (1% high) [ms]","Frame Time Displayed (0.1% high) [ms]","GPU Busy (avg) [ms]","GPU Wait (avg) [ms]","CPU Busy (avg) [ms]","CPU Wait (avg) [ms]","Animation Error (avg) [ms]","Total DL [MB]","Total UP [MB]","Current DL rate [KB/s]","Current UP rate [KB/s]","Total DL [MB]","Total UP [MB]","Current DL rate [KB/s]","Current UP rate [KB/s]","Total Errors []",
,,System: ASUS ROG Strix G614JI_G614JI,System: ASUS ROG Strix G614JI_G614JI,System: ASUS ROG Strix G614JI_G614JI,System: ASUS ROG Strix G614JI_G614JI,System: ASUS ROG Strix G614JI_G614JI,System: ASUS ROG Strix G614JI_G614JI,System: ASUS ROG Strix G614JI_G614JI,System: ASUS ROG Strix G614JI_G614JI,System: ASUS ROG Strix G614JI_G614JI,CPU [#0]: Intel Core i7-13650HX,CPU [#0]: Intel Core i7-13650HX,CPU [#0]: Intel Core i7-13650HX,CPU [#0]: Intel Core i7-13650HX,CPU [#0]: Intel Core i7-13650HX,CPU [#0]: Intel Core i7-13650HX,CPU [#0]: Intel Core i7-13650HX,CPU [#0]: Intel Core i7-13650HX,CPU [#0]: Intel Core i7-13650HX,CPU [#0]: Intel Core i7-13650HX,CPU [#0]: Intel Core i7-13650HX,CPU [#0]: Intel Core i7-13650HX,CPU [#0]: Intel Core i7-13650HX,CPU [#0]: Intel Core i7-13650HX,CPU [#0]: Intel Core i7-13650HX,CPU [#0]: Intel Core i7-13650HX,CPU [#0]: Intel Core i7-13650HX,CPU [#0]: Intel Core i7-13650HX,CPU [#0]: Intel Core i7-13650HX,CPU [#0]: Intel Core i7-13650HX,CPU [#0]: Intel Core i7-13650HX,CPU [#0]: Intel Core i7-13650HX,CPU [#0]: Intel Core i7-13650HX,CPU [#0]: Intel Core i7-13650HX,CPU [#0]: Intel Core i7-13650HX,CPU [#0]: Intel Core i7-13650HX,CPU [#0]: Intel Core i7-13650HX,CPU [#0]: Intel Core i7-13650HX,CPU [#0]: Intel Core i7-13650HX,CPU [#0]: Intel Core i7-13650HX,CPU [#0]: Intel Core i7-13650HX,CPU [#0]: Intel Core i7-13650HX,CPU [#0]: Intel Core i7-13650HX,CPU [#0]: Intel Core i7-13650HX,CPU [#0]: Intel Core i7-13650HX,CPU [#0]: Intel Core i7-13650HX,CPU [#0]: Intel Core i7-13650HX,CPU [#0]: Intel Core i7-13650HX,CPU [#0]: Intel Core i7-13650HX,CPU [#0]: Intel Core i7-13650HX,CPU [#0]: Intel Core i7-13650HX,CPU [#0]: Intel Core i7-13650HX,CPU [#0]: Intel Core i7-13650HX,CPU [#0]: Intel Core i7-13650HX,CPU [#0]: Intel Core i7-13650HX,CPU [#0]: Intel Core i7-13650HX,CPU [#0]: Intel Core i7-13650HX,CPU [#0]: Intel Core i7-13650HX,CPU [#0]: Intel Core i7-13650HX,CPU [#0]: Intel Core i7-13650HX,CPU [#0]: Intel Core i7-13650HX,CPU [#0]: Intel Core i7-13650HX,CPU [#0]: Intel Core i7-13650HX,CPU [#0]: Intel Core i7-13650HX,CPU [#0]: Intel Core i7-13650HX,CPU [#0]: Intel Core i7-13650HX,CPU [#0]: Intel Core i7-13650HX,CPU [#0]: Intel Core i7-13650HX,CPU [#0]: Intel Core i7-13650HX,CPU [#0]: Intel Core i7-13650HX,CPU [#0]: Intel Core i7-13650HX,CPU [#0]: Intel Core i7-13650HX,CPU [#0]: Intel Core i7-13650HX,CPU [#0]: Intel Core i7-13650HX,CPU [#0]: Intel Core i7-13650HX,CPU [#0]: Intel Core i7-13650HX,CPU [#0]: Intel Core i7-13650HX,CPU [#0]: Intel Core i7-13650HX,CPU [#0]: Intel Core i7-13650HX,CPU [#0]: Intel Core i7-13650HX,CPU [#0]: Intel Core i7-13650HX,CPU [#0]: Intel Core i7-13650HX,CPU [#0]: Intel Core i7-13650HX,CPU [#0]: Intel Core i7-13650HX,CPU [#0]: Intel Core i7-13650HX,CPU [#0]: Intel Core i7-13650HX,CPU [#0]: Intel Core i7-13650HX,CPU [#0]: Intel Core i7-13650HX,CPU [#0]: Intel Core i7-13650HX,CPU [#0]: Intel Core i7-13650HX,CPU [#0]: Intel Core i7-13650HX,CPU [#0]: Intel Core i7-13650HX,CPU [#0]: Intel Core i7-13650HX,CPU [#0]: Intel Core i7-13650HX,CPU [#0]: Intel Core i7-13650HX,CPU [#0]: Intel Core i7-13650HX,CPU [#0]: Intel Core i7-13650HX,CPU [#0]: Intel Core i7-13650HX,CPU [#0]: Intel Core i7-13650HX,CPU [#0]: Intel Core i7-13650HX,CPU [#0]: Intel Core i7-13650HX,CPU [#0]: Intel Core i7-13650HX,CPU [#0]: Intel Core i7-13650HX,CPU [#0]: Intel Core i7-13650HX,CPU [#0]: Intel Core i7-13650HX,CPU [#0]: Intel Core i7-13650HX,CPU [#0]: Intel Core i7-13650HX,CPU [#0]: Intel Core i7-13650HX,CPU [#0]: Intel Core i7-13650HX,CPU [#0]: Intel Core i7-13650HX,CPU [#0]: Intel Core i7-13650HX,CPU [#0]: Intel Core i7-13650HX,CPU [#0]: Intel Core i7-13650HX,CPU [#0]: Intel Core i7-13650HX,CPU [#0]: Intel Core i7-13650HX,CPU [#0]: Intel Core i7-13650HX,CPU [#0]: Intel Core i7-13650HX,CPU [#0]: Intel Core i7-13650HX,CPU [#0]: Intel Core i7-13650HX,CPU [#0]: Intel Core i7-13650HX,CPU [#0]: Intel Core i7-13650HX,CPU [#0]: Intel Core i7-13650HX,CPU [#0]: Intel Core i7-13650HX,CPU [#0]: Intel Core i7-13650HX,CPU [#0]: Intel Core i7-13650HX,CPU [#0]: Intel Core i7-13650HX,CPU [#0]: Intel Core i7-13650HX,CPU [#0]: Intel Core i7-13650HX,CPU [#0]: Intel Core i7-13650HX: DTS,CPU [#0]: Intel Core i7-13650HX: DTS,CPU [#0]: Intel Core i7-13650HX: DTS,CPU [#0]: Intel Core i7-13650HX: DTS,CPU [#0]: Intel Core i7-13650HX: DTS,CPU [#0]: Intel Core i7-13650HX: DTS,CPU [#0]: Intel Core i7-13650HX: DTS,CPU [#0]: Intel Core i7-13650HX: DTS,CPU [#0]: Intel Core i7-13650HX: DTS,CPU [#0]: Intel Core i7-13650HX: DTS,CPU [#0]: Intel Core i7-13650HX: DTS,CPU [#0]: Intel Core i7-13650HX: DTS,CPU [#0]: Intel Core i7-13650HX: DTS,CPU [#0]: Intel Core i7-13650HX: DTS,CPU [#0]: Intel Core i7-13650HX: DTS,CPU [#0]: Intel Core i7-13650HX: DTS,CPU [#0]: Intel Core i7-13650HX: DTS,CPU [#0]: Intel Core i7-13650HX: DTS,CPU [#0]: Intel Core i7-13650HX: DTS,CPU [#0]: Intel Core i7-13650HX: DTS,CPU [#0]: Intel Core i7-13650HX: DTS,CPU [#0]: Intel Core i7-13650HX: DTS,CPU [#0]: Intel Core i7-13650HX: DTS,CPU [#0]: Intel Core i7-13650HX: DTS,CPU [#0]: Intel Core i7-13650HX: DTS,CPU [#0]: Intel Core i7-13650HX: DTS,CPU [#0]: Intel Core i7-13650HX: DTS,CPU [#0]: Intel Core i7-13650HX: DTS,CPU [#0]: Intel Core i7-13650HX: DTS,CPU [#0]: Intel Core i7-13650HX: DTS,CPU [#0]: Intel Core i7-13650HX: DTS,CPU [#0]: Intel Core i7-13650HX: DTS,CPU [#0]: Intel Core i7-13650HX: DTS,CPU [#0]: Intel Core i7-13650HX: DTS,CPU [#0]: Intel Core i7-13650HX: DTS,CPU [#0]: Intel Core i7-13650HX: DTS,CPU [#0]: Intel Core i7-13650HX: DTS,CPU [#0]: Intel Core i7-13650HX: DTS,CPU [#0]: Intel Core i7-13650HX: DTS,CPU [#0]: Intel Core i7-13650HX: DTS,CPU [#0]: Intel Core i7-13650HX: DTS,CPU [#0]: Intel Core i7-13650HX: DTS,CPU [#0]: Intel Core i7-13650HX: DTS,CPU [#0]: Intel Core i7-13650HX: DTS,CPU [#0]: Intel Core i7-13650HX: DTS,CPU [#0]: Intel Core i7-13650HX: DTS,CPU [#0]: Intel Core i7-13650HX: DTS,CPU [#0]: Intel Core i7-13650HX: DTS,CPU [#0]: Intel Core i7-13650HX: DTS,CPU [#0]: Intel Core i7-13650HX: DTS,CPU [#0]: Intel Core i7-13650HX: DTS,CPU [#0]: Intel Core i7-13650HX: DTS,CPU [#0]: Intel Core i7-13650HX: DTS,CPU [#0]: Intel Core i7-13650HX: DTS,CPU [#0]: Intel Core i7-13650HX: DTS,CPU [#0]: Intel Core i7-13650HX: DTS,CPU [#0]: Intel Core i7-13650HX: DTS,CPU [#0]: Intel Core i7-13650HX: DTS,CPU [#0]: Intel Core i7-13650HX: DTS,CPU [#0]: Intel Core i7-13650HX: DTS,CPU [#0]: Intel Core i7-13650HX: DTS,CPU [#0]: Intel Core i7-13650HX: DTS,CPU [#0]: Intel Core i7-13650HX: DTS,CPU [#0]: Intel Core i7-13650HX: DTS,CPU [#0]: Intel Core i7-13650HX: DTS,CPU [#0]: Intel Core i7-13650HX: DTS,CPU [#0]: Intel Core i7-13650HX: DTS,CPU [#0]: Intel Core i7-13650HX: DTS,CPU [#0]: Intel Core i7-13650HX: DTS,CPU [#0]: Intel Core i7-13650HX: DTS,CPU [#0]: Intel Core i7-13650HX: DTS,CPU [#0]: Intel Core i7-13650HX: DTS,CPU [#0]: Intel Core i7-13650HX: DTS,CPU [#0]: Intel Core i7-13650HX: DTS,CPU [#0]: Intel Core i7-13650HX: DTS,CPU [#0]: Intel Core i7-13650HX: DTS,CPU [#0]: Intel Core i7-13650HX: DTS,CPU [#0]: Intel Core i7-13650HX: DTS,CPU [#0]: Intel Core i7-13650HX: DTS,CPU [#0]: Intel Core i7-13650HX: DTS,CPU [#0]: Intel Core i7-13650HX: Enhanced,CPU [#0]: Intel Core i7-13650HX: Enhanced,CPU [#0]: Intel Core i7-13650HX: Enhanced,CPU [#0]: Intel Core i7-13650HX: Enhanced,CPU [#0]: Intel Core i7-13650HX: Enhanced,CPU [#0]: Intel Core i7-13650HX: Enhanced,CPU [#0]: Intel Core i7-13650HX: Enhanced,CPU [#0]: Intel Core i7-13650HX: Enhanced,CPU [#0]: Intel Core i7-13650HX: Enhanced,CPU [#0]: Intel Core i7-13650HX: Enhanced,CPU [#0]: Intel Core i7-13650HX: Enhanced,CPU [#0]: Intel Core i7-13650HX: Enhanced,CPU [#0]: Intel Core i7-13650HX: Enhanced,CPU [#0]: Intel Core i7-13650HX: Enhanced,CPU [#0]: Intel Core i7-13650HX: Enhanced,CPU [#0]: Intel Core i7-13650HX: C-State Residency,CPU [#0]: Intel Core i7-13650HX: C-State Residency,CPU [#0]: Intel Core i7-13650HX: C-State Residency,CPU [#0]: Intel Core i7-13650HX: C-State Residency,CPU [#0]: Intel Core i7-13650HX: C-State Residency,CPU [#0]: Intel Core i7-13650HX: C-State Residency,CPU [#0]: Intel Core i7-13650HX: C-State Residency,CPU [#0]: Intel Core i7-13650HX: C-State Residency,CPU [#0]: Intel Core i7-13650HX: C-State Residency,CPU [#0]: Intel Core i7-13650HX: C-State Residency,CPU [#0]: Intel Core i7-13650HX: C-State Residency,CPU [#0]: Intel Core i7-13650HX: C-State Residency,CPU [#0]: Intel Core i7-13650HX: C-State Residency,CPU [#0]: Intel Core i7-13650HX: C-State Residency,CPU [#0]: Intel Core i7-13650HX: C-State Residency,CPU [#0]: Intel Core i7-13650HX: C-State Residency,CPU [#0]: Intel Core i7-13650HX: C-State Residency,CPU [#0]: Intel Core i7-13650HX: C-State Residency,CPU [#0]: Intel Core i7-13650HX: C-State Residency,CPU [#0]: Intel Core i7-13650HX: C-State Residency,CPU [#0]: Intel Core i7-13650HX: C-State Residency,CPU [#0]: Intel Core i7-13650HX: C-State Residency,CPU [#0]: Intel Core i7-13650HX: C-State Residency,CPU [#0]: Intel Core i7-13650HX: C-State Residency,CPU [#0]: Intel Core i7-13650HX: C-State Residency,CPU [#0]: Intel Core i7-13650HX: C-State Residency,CPU [#0]: Intel Core i7-13650HX: C-State Residency,CPU [#0]: Intel Core i7-13650HX: C-State Residency,CPU [#0]: Intel Core i7-13650HX: C-State Residency,CPU [#0]: Intel Core i7-13650HX: C-State Residency,CPU [#0]: Intel Core i7-13650HX: C-State Residency,CPU [#0]: Intel Core i7-13650HX: C-State Residency,CPU [#0]: Intel Core i7-13650HX: C-State Residency,CPU [#0]: Intel Core i7-13650HX: C-State Residency,CPU [#0]: Intel Core i7-13650HX: C-State Residency,CPU [#0]: Intel Core i7-13650HX: C-State Residency,CPU [#0]: Intel Core i7-13650HX: C-State Residency,CPU [#0]: Intel Core i7-13650HX: C-State Residency,CPU [#0]: Intel Core i7-13650HX: C-State Residency,CPU [#0]: Intel Core i7-13650HX: C-State Residency,CPU [#0]: Intel Core i7-13650HX: C-State Residency,CPU [#0]: Intel Core i7-13650HX: C-State Residency,CPU [#0]: Intel Core i7-13650HX: C-State Residency,CPU [#0]: Intel Core i7-13650HX: C-State Residency,CPU [#0]: Intel Core i7-13650HX: C-State Residency,CPU [#0]: Intel Core i7-13650HX: C-State Residency,CPU [#0]: Intel Core i7-13650HX: C-State Residency,CPU [#0]: Intel Core i7-13650HX: C-State Residency,CPU [#0]: Intel Core i7-13650HX: C-State Residency,CPU [#0]: Intel Core i7-13650HX: C-State Residency,CPU [#0]: Intel Core i7-13650HX: C-State Residency,CPU [#0]: Intel Core i7-13650HX: C-State Residency,CPU [#0]: Intel Core i7-13650HX: C-State Residency,CPU [#0]: Intel Core i7-13650HX: C-State Residency,CPU [#0]: Intel Core i7-13650HX: C-State Residency,CPU [#0]: Intel Core i7-13650HX: C-State Residency,CPU [#0]: Intel Core i7-13650HX: C-State Residency,CPU [#0]: Intel Core i7-13650HX: C-State Residency,CPU [#0]: Intel Core i7-13650HX: C-State Residency,Memory Timings,Memory Timings,Memory Timings,Memory Timings,Memory Timings,Memory Timings,Memory Timings,Memory Timings,Memory Timings,Memory Timings,CPU [#0]: Intel Core i7-13650HX: Performance Limit Reasons,CPU [#0]: Intel Core i7-13650HX: Performance Limit Reasons,CPU [#0]: Intel Core i7-13650HX: Performance Limit Reasons,CPU [#0]: Intel Core i7-13650HX: Performance Limit Reasons,CPU [#0]: Intel Core i7-13650HX: Performance Limit Reasons,CPU [#0]: Intel Core i7-13650HX: Performance Limit Reasons,CPU [#0]: Intel Core i7-13650HX: Performance Limit Reasons,CPU [#0]: Intel Core i7-13650HX: Performance Limit Reasons,CPU [#0]: Intel Core i7-13650HX: Performance Limit Reasons,CPU [#0]: Intel Core i7-13650HX: Performance Limit Reasons,CPU [#0]: Intel Core i7-13650HX: Performance Limit Reasons,CPU [#0]: Intel Core i7-13650HX: Performance Limit Reasons,CPU [#0]: Intel Core i7-13650HX: Performance Limit Reasons,CPU [#0]: Intel Core i7-13650HX: Performance Limit Reasons,CPU [#0]: Intel Core i7-13650HX: Performance Limit Reasons,CPU [#0]: Intel Core i7-13650HX: Performance Limit Reasons,CPU [#0]: Intel Core i7-13650HX: Performance Limit Reasons,CPU [#0]: Intel Core i7-13650HX: Performance Limit Reasons,CPU [#0]: Intel Core i7-13650HX: Performance Limit Reasons,CPU [#0]: Intel Core i7-13650HX: Performance Limit Reasons,CPU [#0]: Intel Core i7-13650HX: Performance Limit Reasons,CPU [#0]: Intel Core i7-13650HX: Performance Limit Reasons,CPU [#0]: Intel Core i7-13650HX: Performance Limit Reasons,CPU [#0]: Intel Core i7-13650HX: Performance Limit Reasons,CPU [#0]: Intel Core i7-13650HX: Performance Limit Reasons,CPU [#0]: Intel Core i7-13650HX: Performance Limit Reasons,CPU [#0]: Intel Core i7-13650HX: Performance Limit Reasons,CPU [#0]: Intel Core i7-13650HX: Performance Limit Reasons,CPU [#0]: Intel Core i7-13650HX: Performance Limit Reasons,CPU [#0]: Intel Core i7-13650HX: Performance Limit Reasons,CPU [#0]: Intel Core i7-13650HX: Performance Limit Reasons,CPU [#0]: Intel Core i7-13650HX: Performance Limit Reasons,CPU [#0]: Intel Core i7-13650HX: Performance Limit Reasons,CPU [#0]: Intel Core i7-13650HX: Performance Limit Reasons,CPU [#0]: Intel Core i7-13650HX: Performance Limit Reasons,CPU [#0]: Intel Core i7-13650HX: Performance Limit Reasons,CPU [#0]: Intel Core i7-13650HX: Performance Limit Reasons,CPU [#0]: Intel Core i7-13650HX: Performance Limit Reasons,ASUS G614JI (Intel PCH),ASUS NB EC: ASUS ROG Strix G614JI_G614JI,ASUS NB EC: ASUS ROG Strix G614JI_G614JI,ASUS NB EC: ASUS ROG Strix G614JI_G614JI,DDR5 DIMM [#0]: Kingston KF556S40-16 (BANK 0/Controller0-ChannelA-DIMM0),DDR5 DIMM [#0]: Kingston KF556S40-16 (BANK 0/Controller0-ChannelA-DIMM0),DDR5 DIMM [#0]: Kingston KF556S40-16 (BANK 0/Controller0-ChannelA-DIMM0),DDR5 DIMM [#0]: Kingston KF556S40-16 (BANK 0/Controller0-ChannelA-DIMM0),DDR5 DIMM [#0]: Kingston KF556S40-16 (BANK 0/Controller0-ChannelA-DIMM0),DDR5 DIMM [#0]: Kingston KF556S40-16 (BANK 0/Controller0-ChannelA-DIMM0),DDR5 DIMM [#0]: Kingston KF556S40-16 (BANK 0/Controller0-ChannelA-DIMM0),DDR5 DIMM [#0]: Kingston KF556S40-16 (BANK 0/Controller0-ChannelA-DIMM0),DDR5 DIMM [#0]: Kingston KF556S40-16 (BANK 0/Controller0-ChannelA-DIMM0),DDR5 DIMM [#0]: Kingston KF556S40-16 (BANK 0/Controller0-ChannelA-DIMM0),DDR5 DIMM [#0]: Kingston KF556S40-16 (BANK 0/Controller0-ChannelA-DIMM0),DDR5 DIMM [#2]: Kingston KF556S40-16 (BANK 0/Controller1-ChannelA-DIMM0),DDR5 DIMM [#2]: Kingston KF556S40-16 (BANK 0/Controller1-ChannelA-DIMM0),DDR5 DIMM [#2]: Kingston KF556S40-16 (BANK 0/Controller1-ChannelA-DIMM0),DDR5 DIMM [#2]: Kingston KF556S40-16 (BANK 0/Controller1-ChannelA-DIMM0),DDR5 DIMM [#2]: Kingston KF556S40-16 (BANK 0/Controller1-ChannelA-DIMM0),DDR5 DIMM [#2]: Kingston KF556S40-16 (BANK 0/Controller1-ChannelA-DIMM0),DDR5 DIMM [#2]: Kingston KF556S40-16 (BANK 0/Controller1-ChannelA-DIMM0),DDR5 DIMM [#2]: Kingston KF556S40-16 (BANK 0/Controller1-ChannelA-DIMM0),DDR5 DIMM [#2]: Kingston KF556S40-16 (BANK 0/Controller1-ChannelA-DIMM0),DDR5 DIMM [#2]: Kingston KF556S40-16 (BANK 0/Controller1-ChannelA-DIMM0),DDR5 DIMM [#2]: Kingston KF556S40-16 (BANK 0/Controller1-ChannelA-DIMM0),S.M.A.R.T.: Micron_2400_MTFDKBA1T0QFM (22383CE6F7AC) [C:  D:],S.M.A.R.T.: Micron_2400_MTFDKBA1T0QFM (22383CE6F7AC) [C:  D:],S.M.A.R.T.: Micron_2400_MTFDKBA1T0QFM (22383CE6F7AC) [C:  D:],S.M.A.R.T.: Micron_2400_MTFDKBA1T0QFM (22383CE6F7AC) [C:  D:],S.M.A.R.T.: Micron_2400_MTFDKBA1T0QFM (22383CE6F7AC) [C:  D:],S.M.A.R.T.: Micron_2400_MTFDKBA1T0QFM (22383CE6F7AC) [C:  D:],S.M.A.R.T.: Micron_2400_MTFDKBA1T0QFM (22383CE6F7AC) [C:  D:],S.M.A.R.T.: Micron_2400_MTFDKBA1T0QFM (22383CE6F7AC) [C:  D:],S.M.A.R.T.: KINGSTON SNV3S1000G (50026B768769C551) [E:],S.M.A.R.T.: KINGSTON SNV3S1000G (50026B768769C551) [E:],S.M.A.R.T.: KINGSTON SNV3S1000G (50026B768769C551) [E:],S.M.A.R.T.: KINGSTON SNV3S1000G (50026B768769C551) [E:],S.M.A.R.T.: KINGSTON SNV3S1000G (50026B768769C551) [E:],S.M.A.R.T.: KINGSTON SNV3S1000G (50026B768769C551) [E:],S.M.A.R.T.: KINGSTON SNV3S1000G (50026B768769C551) [E:],S.M.A.R.T.: KINGSTON SNV3S1000G (50026B768769C551) [E:],Drive: Micron_2400_MTFDKBA1T0QFM (22383CE6F7AC) [C:  D:],Drive: Micron_2400_MTFDKBA1T0QFM (22383CE6F7AC) [C:  D:],Drive: Micron_2400_MTFDKBA1T0QFM (22383CE6F7AC) [C:  D:],Drive: Micron_2400_MTFDKBA1T0QFM (22383CE6F7AC) [C:  D:],Drive: Micron_2400_MTFDKBA1T0QFM (22383CE6F7AC) [C:  D:],Drive: Micron_2400_MTFDKBA1T0QFM (22383CE6F7AC) [C:  D:],Drive: Micron_2400_MTFDKBA1T0QFM (22383CE6F7AC) [C:  D:],Drive: KINGSTON SNV3S1000G (50026B768769C551) [E:],Drive: KINGSTON SNV3S1000G (50026B768769C551) [E:],Drive: KINGSTON SNV3S1000G (50026B768769C551) [E:],Drive: KINGSTON SNV3S1000G (50026B768769C551) [E:],Drive: KINGSTON SNV3S1000G (50026B768769C551) [E:],Drive: KINGSTON SNV3S1000G (50026B768769C551) [E:],Drive: KINGSTON SNV3S1000G (50026B768769C551) [E:],dGPU [#1]: NVIDIA GeForce RTX 4070 Laptop,dGPU [#1]: NVIDIA GeForce RTX 4070 Laptop,dGPU [#1]: NVIDIA GeForce RTX 4070 Laptop,dGPU [#1]: NVIDIA GeForce RTX 4070 Laptop,dGPU [#1]: NVIDIA GeForce RTX 4070 Laptop,dGPU [#1]: NVIDIA GeForce RTX 4070 Laptop,dGPU [#1]: NVIDIA GeForce RTX 4070 Laptop,dGPU [#1]: NVIDIA GeForce RTX 4070 Laptop,dGPU [#1]: NVIDIA GeForce RTX 4070 Laptop,dGPU [#1]: NVIDIA GeForce RTX 4070 Laptop,dGPU [#1]: NVIDIA GeForce RTX 4070 Laptop,dGPU [#1]: NVIDIA GeForce RTX 4070 Laptop,dGPU [#1]: NVIDIA GeForce RTX 4070 Laptop,dGPU [#1]: NVIDIA GeForce RTX 4070 Laptop,dGPU [#1]: NVIDIA GeForce RTX 4070 Laptop,dGPU [#1]: NVIDIA GeForce RTX 4070 Laptop,dGPU [#1]: NVIDIA GeForce RTX 4070 Laptop,dGPU [#1]: NVIDIA GeForce RTX 4070 Laptop,dGPU [#1]: NVIDIA GeForce RTX 4070 Laptop,dGPU [#1]: NVIDIA GeForce RTX 4070 Laptop,dGPU [#1]: NVIDIA GeForce RTX 4070 Laptop,dGPU [#1]: NVIDIA GeForce RTX 4070 Laptop,dGPU [#1]: NVIDIA GeForce RTX 4070 Laptop,dGPU [#1]: NVIDIA GeForce RTX 4070 Laptop,dGPU [#1]: NVIDIA GeForce RTX 4070 Laptop,dGPU [#1]: NVIDIA GeForce RTX 4070 Laptop,dGPU [#1]: NVIDIA GeForce RTX 4070 Laptop,dGPU [#1]: NVIDIA GeForce RTX 4070 Laptop,dGPU [#1]: NVIDIA GeForce RTX 4070 Laptop,dGPU [#1]: NVIDIA GeForce RTX 4070 Laptop,dGPU [#1]: NVIDIA GeForce RTX 4070 Laptop,dGPU [#1]: NVIDIA GeForce RTX 4070 Laptop,dGPU [#1]: NVIDIA GeForce RTX 4070 Laptop,dGPU [#1]: NVIDIA GeForce RTX 4070 Laptop,dGPU [#1]: NVIDIA GeForce RTX 4070 Laptop,dGPU [#1]: NVIDIA GeForce RTX 4070 Laptop,dGPU [#1]: NVIDIA GeForce RTX 4070 Laptop,dGPU [#1]: NVIDIA GeForce RTX 4070 Laptop,dGPU [#1]: NVIDIA GeForce RTX 4070 Laptop,dGPU [#1]: NVIDIA GeForce RTX 4070 Laptop,dGPU [#1]: NVIDIA GeForce RTX 4070 Laptop,dGPU [#1]: NVIDIA GeForce RTX 4070 Laptop,dGPU [#1]: NVIDIA GeForce RTX 4070 Laptop,dGPU [#1]: NVIDIA GeForce RTX 4070 Laptop,dGPU [#1]: NVIDIA GeForce RTX 4070 Laptop,dGPU [#1]: NVIDIA GeForce RTX 4070 Laptop,dGPU [#1]: NVIDIA GeForce RTX 4070 Laptop,dGPU [#1]: NVIDIA GeForce RTX 4070 Laptop,dGPU [#1]: NVIDIA GeForce RTX 4070 Laptop,dGPU [#1]: NVIDIA GeForce RTX 4070 Laptop,dGPU [#1]: NVIDIA GeForce RTX 4070 Laptop,dGPU [#1]: NVIDIA GeForce RTX 4070 Laptop,dGPU [#1]: NVIDIA GeForce RTX 4070 Laptop,dGPU [#1]: NVIDIA GeForce RTX 4070 Laptop,dGPU [#1]: NVIDIA GeForce RTX 4070 Laptop,dGPU [#1]: NVIDIA GeForce RTX 4070 Laptop,dGPU [#1]: NVIDIA GeForce RTX 4070 Laptop,dGPU [#1]: NVIDIA GeForce RTX 4070 Laptop,dGPU [#1]: NVIDIA GeForce RTX 4070 Laptop,dGPU [#1]: NVIDIA GeForce RTX 4070 Laptop,dGPU [#1]: NVIDIA GeForce RTX 4070 Laptop,dGPU [#1]: NVIDIA GeForce RTX 4070 Laptop,dGPU [#1]: NVIDIA GeForce RTX 4070 Laptop,dGPU [#1]: NVIDIA GeForce RTX 4070 Laptop,dGPU [#1]: NVIDIA GeForce RTX 4070 Laptop,dGPU [#1]: NVIDIA GeForce RTX 4070 Laptop,dGPU [#1]: NVIDIA GeForce RTX 4070 Laptop,dGPU [#1]: NVIDIA GeForce RTX 4070 Laptop,dGPU [#1]: NVIDIA GeForce RTX 4070 Laptop,dGPU [#1]: NVIDIA GeForce RTX 4070 Laptop,dGPU [#1]: NVIDIA GeForce RTX 4070 Laptop,dGPU [#1]: NVIDIA GeForce RTX 4070 Laptop,dGPU [#1]: NVIDIA GeForce RTX 4070 Laptop,dGPU [#1]: NVIDIA GeForce RTX 4070 Laptop,dGPU [#1]: NVIDIA GeForce RTX 4070 Laptop,dGPU [#1]: NVIDIA GeForce RTX 4070 Laptop,iGPU [#0]: Intel UHD Graphics,iGPU [#0]: Intel UHD Graphics,iGPU [#0]: Intel UHD Graphics,iGPU [#0]: Intel UHD Graphics,iGPU [#0]: Intel UHD Graphics,iGPU [#0]: Intel UHD Graphics,iGPU [#0]: Intel UHD Graphics,iGPU [#0]: Intel UHD Graphics,iGPU [#0]: Intel UHD Graphics,iGPU [#0]: Intel UHD Graphics,iGPU [#0]: Intel UHD Graphics,iGPU [#0]: Intel UHD Graphics,iGPU [#0]: Intel UHD Graphics,iGPU [#0]: Intel UHD Graphics,iGPU [#0]: Intel UHD Graphics,iGPU [#0]: Intel UHD Graphics,iGPU [#0]: Intel UHD Graphics,iGPU [#0]: Intel UHD Graphics,iGPU [#0]: Intel UHD Graphics,iGPU [#0]: Intel UHD Graphics,iGPU [#0]: Intel UHD Graphics,iGPU [#0]: Intel UHD Graphics,iGPU [#0]: Intel UHD Graphics,iGPU [#0]: Intel UHD Graphics,iGPU [#0]: Intel UHD Graphics,Battery: AS3GYFG3KC R220358,Battery: AS3GYFG3KC R220358,Battery: AS3GYFG3KC R220358,Battery: AS3GYFG3KC R220358,Battery: AS3GYFG3KC R220358,RTSS,RTSS,RTSS,RTSS,PresentMon [dwm.exe],PresentMon [dwm.exe],PresentMon [dwm.exe],PresentMon [dwm.exe],PresentMon [dwm.exe],PresentMon [dwm.exe],PresentMon [dwm.exe],PresentMon [dwm.exe],PresentMon [dwm.exe],PresentMon [dwm.exe],PresentMon [dwm.exe],PresentMon [dwm.exe],PresentMon [dwm.exe],PresentMon [dwm.exe],PresentMon [dwm.exe],PresentMon [dwm.exe],PresentMon [dwm.exe],PresentMon [dwm.exe],PresentMon [dwm.exe],PresentMon [dwm.exe],PresentMon [dwm.exe],PresentMon [dwm.exe],PresentMon [dwm.exe],Network: Intel Wi-Fi 6E AX211 160MHz - Wi-Fi,Network: Intel Wi-Fi 6E AX211 160MHz - Wi-Fi,Network: Intel Wi-Fi 6E AX211 160MHz - Wi-Fi,Network: Intel Wi-Fi 6E AX211 160MHz - Wi-Fi,Network: RealTek Semiconductor RTL8168/8111 PCI-E Gigabit Ethernet NIC - Ethernet,Network: RealTek Semiconductor RTL8168/8111 PCI-E Gigabit Ethernet NIC - Ethernet,Network: RealTek Semiconductor RTL8168/8111 PCI-E Gigabit Ethernet NIC - Ethernet,Network: RealTek Semiconductor RTL8168/8111 PCI-E Gigabit Ethernet NIC - Ethernet,Windows Hardware Errors (WHEA),
